timestamp_utc,zone,price_eur_mwh,resolution_min
2026-04-08T00:00:00Z,AT,105.23,15
2026-04-08T00:00:00Z,BE,94.64,15
2026-04-08T00:00:00Z,CH,111.53,60
2026-04-08T00:00:00Z,CZ,103.70,15
2026-04-08T00:00:00Z,DE-LU,101.98,15
2026-04-08T00:00:00Z,DK1,101.98,15
2026-04-08T00:00:00Z,DK2,101.95,15
2026-04-08T00:00:00Z,EE,38.99,15
2026-04-08T00:00:00Z,ES,69.78,15
2026-04-08T00:00:00Z,FI,38.96,15
2026-04-08T00:00:00Z,FR,65.14,15
2026-04-08T00:00:00Z,GR,104.57,15
2026-04-08T00:00:00Z,HR,105.11,15
2026-04-08T00:00:00Z,HU,104.42,15
2026-04-08T00:00:00Z,IT-CNorth,121.70,15
2026-04-08T00:00:00Z,IT-CSouth,121.70,15
2026-04-08T00:00:00Z,IT-North,121.70,15
2026-04-08T00:00:00Z,IT-Sardinia,121.70,15
2026-04-08T00:00:00Z,IT-Sicily,121.70,15
2026-04-08T00:00:00Z,IT-South,121.70,15
2026-04-08T00:00:00Z,LT,38.99,15
2026-04-08T00:00:00Z,LV,38.99,15
2026-04-08T00:00:00Z,NL,98.11,15
2026-04-08T00:00:00Z,NO1,104.10,15
2026-04-08T00:00:00Z,NO2,101.47,15
2026-04-08T00:00:00Z,NO3,112.48,15
2026-04-08T00:00:00Z,NO4,14.71,15
2026-04-08T00:00:00Z,NO5,117.06,15
2026-04-08T00:00:00Z,PL,103.47,15
2026-04-08T00:00:00Z,PT,65.14,15
2026-04-08T00:00:00Z,RO,104.57,15
2026-04-08T00:00:00Z,RS,120.09,15
2026-04-08T00:00:00Z,SE1,30.23,15
2026-04-08T00:00:00Z,SE2,32.74,15
2026-04-08T00:00:00Z,SE3,52.31,15
2026-04-08T00:00:00Z,SE4,60.46,15
2026-04-08T00:00:00Z,SI,105.26,15
2026-04-08T00:00:00Z,SK,104.10,15
2026-04-08T00:15:00Z,AT,103.42,15
2026-04-08T00:15:00Z,BE,92.56,15
2026-04-08T00:15:00Z,CZ,101.84,15
2026-04-08T00:15:00Z,DE-LU,100.09,15
2026-04-08T00:15:00Z,DK1,100.09,15
2026-04-08T00:15:00Z,DK2,100.06,15
2026-04-08T00:15:00Z,EE,36.50,15
2026-04-08T00:15:00Z,ES,58.22,15
2026-04-08T00:15:00Z,FI,36.47,15
2026-04-08T00:15:00Z,FR,62.34,15
2026-04-08T00:15:00Z,GR,102.74,15
2026-04-08T00:15:00Z,HR,103.29,15
2026-04-08T00:15:00Z,HU,102.59,15
2026-04-08T00:15:00Z,LT,36.50,15
2026-04-08T00:15:00Z,LV,36.50,15
2026-04-08T00:15:00Z,NL,96.11,15
2026-04-08T00:15:00Z,NO1,102.91,15
2026-04-08T00:15:00Z,NO2,100.10,15
2026-04-08T00:15:00Z,NO3,113.00,15
2026-04-08T00:15:00Z,NO4,11.13,15
2026-04-08T00:15:00Z,NO5,116.73,15
2026-04-08T00:15:00Z,PL,101.61,15
2026-04-08T00:15:00Z,PT,62.34,15
2026-04-08T00:15:00Z,RO,102.74,15
2026-04-08T00:15:00Z,SE1,27.52,15
2026-04-08T00:15:00Z,SE2,30.20,15
2026-04-08T00:15:00Z,SE3,49.85,15
2026-04-08T00:15:00Z,SE4,58.03,15
2026-04-08T00:15:00Z,SI,103.44,15
2026-04-08T00:15:00Z,SK,102.26,15
2026-04-08T00:30:00Z,AT,103.98,15
2026-04-08T00:30:00Z,BE,92.22,15
2026-04-08T00:30:00Z,CZ,102.28,15
2026-04-08T00:30:00Z,DE-LU,100.37,15
2026-04-08T00:30:00Z,DK1,100.37,15
2026-04-08T00:30:00Z,DK2,100.35,15
2026-04-08T00:30:00Z,EE,40.92,15
2026-04-08T00:30:00Z,ES,54.00,15
2026-04-08T00:30:00Z,FI,40.89,15
2026-04-08T00:30:00Z,FR,59.50,15
2026-04-08T00:30:00Z,GR,103.24,15
2026-04-08T00:30:00Z,HR,103.84,15
2026-04-08T00:30:00Z,HU,103.08,15
2026-04-08T00:30:00Z,IT-CNorth,117.40,15
2026-04-08T00:30:00Z,IT-CSouth,117.40,15
2026-04-08T00:30:00Z,IT-North,117.40,15
2026-04-08T00:30:00Z,IT-Sardinia,117.40,15
2026-04-08T00:30:00Z,IT-Sicily,117.40,15
2026-04-08T00:30:00Z,IT-South,117.40,15
2026-04-08T00:30:00Z,LT,40.92,15
2026-04-08T00:30:00Z,LV,40.92,15
2026-04-08T00:30:00Z,NL,96.07,15
2026-04-08T00:30:00Z,NO1,102.69,15
2026-04-08T00:30:00Z,NO2,100.00,15
2026-04-08T00:30:00Z,NO3,113.10,15
2026-04-08T00:30:00Z,NO4,16.92,15
2026-04-08T00:30:00Z,NO5,115.95,15
2026-04-08T00:30:00Z,PL,102.02,15
2026-04-08T00:30:00Z,PT,59.50,15
2026-04-08T00:30:00Z,RO,103.24,15
2026-04-08T00:30:00Z,SE1,32.53,15
2026-04-08T00:30:00Z,SE2,35.11,15
2026-04-08T00:30:00Z,SE3,53.18,15
2026-04-08T00:30:00Z,SE4,60.70,15
2026-04-08T00:30:00Z,SI,104.01,15
2026-04-08T00:30:00Z,SK,102.72,15
2026-04-08T00:45:00Z,AT,104.81,15
2026-04-08T00:45:00Z,BE,91.87,15
2026-04-08T00:45:00Z,CZ,102.94,15
2026-04-08T00:45:00Z,DE-LU,100.84,15
2026-04-08T00:45:00Z,DK1,100.84,15
2026-04-08T00:45:00Z,DK2,100.82,15
2026-04-08T00:45:00Z,EE,45.10,15
2026-04-08T00:45:00Z,ES,50.00,15
2026-04-08T00:45:00Z,FI,45.06,15
2026-04-08T00:45:00Z,FR,55.83,15
2026-04-08T00:45:00Z,GR,104.00,15
2026-04-08T00:45:00Z,HR,104.66,15
2026-04-08T00:45:00Z,HU,103.82,15
2026-04-08T00:45:00Z,LT,45.10,15
2026-04-08T00:45:00Z,LV,45.10,15
2026-04-08T00:45:00Z,NL,96.10,15
2026-04-08T00:45:00Z,NO1,102.91,15
2026-04-08T00:45:00Z,NO2,100.14,15
2026-04-08T00:45:00Z,NO3,115.82,15
2026-04-08T00:45:00Z,NO4,21.37,15
2026-04-08T00:45:00Z,NO5,116.57,15
2026-04-08T00:45:00Z,PL,102.65,15
2026-04-08T00:45:00Z,PT,58.78,15
2026-04-08T00:45:00Z,RO,104.00,15
2026-04-08T00:45:00Z,SE1,37.12,15
2026-04-08T00:45:00Z,SE2,39.81,15
2026-04-08T00:45:00Z,SE3,56.08,15
2026-04-08T00:45:00Z,SE4,62.85,15
2026-04-08T00:45:00Z,SI,104.84,15
2026-04-08T00:45:00Z,SK,103.43,15
2026-04-08T01:00:00Z,AT,106.41,15
2026-04-08T01:00:00Z,BE,93.03,15
2026-04-08T01:00:00Z,CH,112.00,60
2026-04-08T01:00:00Z,CZ,104.47,15
2026-04-08T01:00:00Z,DE-LU,102.32,15
2026-04-08T01:00:00Z,DK1,102.32,15
2026-04-08T01:00:00Z,DK2,102.29,15
2026-04-08T01:00:00Z,EE,35.79,15
2026-04-08T01:00:00Z,ES,56.90,15
2026-04-08T01:00:00Z,FI,35.76,15
2026-04-08T01:00:00Z,FR,56.05,15
2026-04-08T01:00:00Z,GR,105.57,15
2026-04-08T01:00:00Z,HR,106.25,15
2026-04-08T01:00:00Z,HU,105.39,15
2026-04-08T01:00:00Z,IT-CNorth,120.08,15
2026-04-08T01:00:00Z,IT-CSouth,120.08,15
2026-04-08T01:00:00Z,IT-North,120.08,15
2026-04-08T01:00:00Z,IT-Sardinia,120.08,15
2026-04-08T01:00:00Z,IT-Sicily,120.08,15
2026-04-08T01:00:00Z,IT-South,120.08,15
2026-04-08T01:00:00Z,LT,35.79,15
2026-04-08T01:00:00Z,LV,35.79,15
2026-04-08T01:00:00Z,NL,97.58,15
2026-04-08T01:00:00Z,NO1,103.36,15
2026-04-08T01:00:00Z,NO2,100.16,15
2026-04-08T01:00:00Z,NO3,120.08,15
2026-04-08T01:00:00Z,NO4,8.52,15
2026-04-08T01:00:00Z,NO5,118.79,15
2026-04-08T01:00:00Z,PL,104.18,15
2026-04-08T01:00:00Z,RO,105.57,15
2026-04-08T01:00:00Z,RS,119.53,15
2026-04-08T01:00:00Z,SE1,26.54,15
2026-04-08T01:00:00Z,SE2,29.53,15
2026-04-08T01:00:00Z,SE3,48.82,15
2026-04-08T01:00:00Z,SE4,56.83,15
2026-04-08T01:00:00Z,SI,106.44,15
2026-04-08T01:00:00Z,SK,104.99,15
2026-04-08T01:15:00Z,AT,106.42,15
2026-04-08T01:15:00Z,BE,95.40,15
2026-04-08T01:15:00Z,CZ,104.50,15
2026-04-08T01:15:00Z,DE-LU,102.38,15
2026-04-08T01:15:00Z,DK1,102.38,15
2026-04-08T01:15:00Z,DK2,102.35,15
2026-04-08T01:15:00Z,EE,39.40,15
2026-04-08T01:15:00Z,ES,54.83,15
2026-04-08T01:15:00Z,FI,39.37,15
2026-04-08T01:15:00Z,FR,52.77,15
2026-04-08T01:15:00Z,GR,105.60,15
2026-04-08T01:15:00Z,HR,106.27,15
2026-04-08T01:15:00Z,HU,105.42,15
2026-04-08T01:15:00Z,IT-CNorth,118.44,15
2026-04-08T01:15:00Z,IT-CSouth,118.44,15
2026-04-08T01:15:00Z,IT-North,118.44,15
2026-04-08T01:15:00Z,IT-Sardinia,118.44,15
2026-04-08T01:15:00Z,IT-Sicily,118.44,15
2026-04-08T01:15:00Z,IT-South,118.44,15
2026-04-08T01:15:00Z,LT,39.40,15
2026-04-08T01:15:00Z,LV,39.40,15
2026-04-08T01:15:00Z,NL,98.01,15
2026-04-08T01:15:00Z,NO1,104.16,15
2026-04-08T01:15:00Z,NO2,101.14,15
2026-04-08T01:15:00Z,NO3,119.67,15
2026-04-08T01:15:00Z,NO4,13.47,15
2026-04-08T01:15:00Z,NO5,118.75,15
2026-04-08T01:15:00Z,PL,104.21,15
2026-04-08T01:15:00Z,PT,59.02,15
2026-04-08T01:15:00Z,RO,105.60,15
2026-04-08T01:15:00Z,SE1,30.55,15
2026-04-08T01:15:00Z,SE2,33.38,15
2026-04-08T01:15:00Z,SE3,51.97,15
2026-04-08T01:15:00Z,SE4,59.69,15
2026-04-08T01:15:00Z,SI,106.46,15
2026-04-08T01:15:00Z,SK,105.01,15
2026-04-08T01:30:00Z,AT,108.84,15
2026-04-08T01:30:00Z,BE,95.48,15
2026-04-08T01:30:00Z,CZ,106.51,15
2026-04-08T01:30:00Z,DE-LU,103.94,15
2026-04-08T01:30:00Z,DK1,103.94,15
2026-04-08T01:30:00Z,DK2,103.91,15
2026-04-08T01:30:00Z,EE,43.64,15
2026-04-08T01:30:00Z,ES,48.27,15
2026-04-08T01:30:00Z,FI,43.60,15
2026-04-08T01:30:00Z,FR,43.83,15
2026-04-08T01:30:00Z,GR,107.84,15
2026-04-08T01:30:00Z,HR,108.66,15
2026-04-08T01:30:00Z,HU,107.62,15
2026-04-08T01:30:00Z,IT-CNorth,117.40,15
2026-04-08T01:30:00Z,IT-CSouth,117.40,15
2026-04-08T01:30:00Z,IT-North,117.40,15
2026-04-08T01:30:00Z,IT-Sardinia,117.40,15
2026-04-08T01:30:00Z,IT-Sicily,117.40,15
2026-04-08T01:30:00Z,IT-South,117.40,15
2026-04-08T01:30:00Z,LT,43.64,15
2026-04-08T01:30:00Z,LV,43.64,15
2026-04-08T01:30:00Z,NL,98.64,15
2026-04-08T01:30:00Z,NO1,104.86,15
2026-04-08T01:30:00Z,NO2,101.97,15
2026-04-08T01:30:00Z,NO3,119.88,15
2026-04-08T01:30:00Z,NO4,18.98,15
2026-04-08T01:30:00Z,NO5,118.79,15
2026-04-08T01:30:00Z,PL,106.16,15
2026-04-08T01:30:00Z,RO,107.84,15
2026-04-08T01:30:00Z,SE1,35.25,15
2026-04-08T01:30:00Z,SE2,37.96,15
2026-04-08T01:30:00Z,SE3,55.46,15
2026-04-08T01:30:00Z,SE4,62.73,15
2026-04-08T01:30:00Z,SI,108.89,15
2026-04-08T01:30:00Z,SK,107.13,15
2026-04-08T01:45:00Z,AT,110.60,15
2026-04-08T01:45:00Z,BE,96.28,15
2026-04-08T01:45:00Z,CZ,108.10,15
2026-04-08T01:45:00Z,DE-LU,105.35,15
2026-04-08T01:45:00Z,DK1,105.35,15
2026-04-08T01:45:00Z,DK2,105.32,15
2026-04-08T01:45:00Z,EE,45.65,15
2026-04-08T01:45:00Z,ES,42.76,15
2026-04-08T01:45:00Z,FI,45.62,15
2026-04-08T01:45:00Z,FR,40.91,15
2026-04-08T01:45:00Z,GR,109.53,15
2026-04-08T01:45:00Z,HR,110.40,15
2026-04-08T01:45:00Z,HU,109.29,15
2026-04-08T01:45:00Z,LT,45.65,15
2026-04-08T01:45:00Z,LV,45.65,15
2026-04-08T01:45:00Z,NL,99.67,15
2026-04-08T01:45:00Z,NO1,105.75,15
2026-04-08T01:45:00Z,NO2,103.05,15
2026-04-08T01:45:00Z,NO3,118.80,15
2026-04-08T01:45:00Z,NO4,22.09,15
2026-04-08T01:45:00Z,NO5,118.78,15
2026-04-08T01:45:00Z,PL,107.73,15
2026-04-08T01:45:00Z,RO,109.53,15
2026-04-08T01:45:00Z,SE1,37.48,15
2026-04-08T01:45:00Z,SE2,39.99,15
2026-04-08T01:45:00Z,SE3,57.51,15
2026-04-08T01:45:00Z,SE4,64.79,15
2026-04-08T01:45:00Z,SI,110.65,15
2026-04-08T01:45:00Z,SK,108.77,15
2026-04-08T02:00:00Z,AT,107.00,15
2026-04-08T02:00:00Z,BE,94.24,15
2026-04-08T02:00:00Z,CH,118.72,60
2026-04-08T02:00:00Z,CZ,104.78,15
2026-04-08T02:00:00Z,DE-LU,102.32,15
2026-04-08T02:00:00Z,DK1,102.32,15
2026-04-08T02:00:00Z,DK2,102.29,15
2026-04-08T02:00:00Z,EE,33.97,15
2026-04-08T02:00:00Z,ES,43.40,15
2026-04-08T02:00:00Z,FI,33.93,15
2026-04-08T02:00:00Z,FR,45.01,15
2026-04-08T02:00:00Z,GR,106.05,15
2026-04-08T02:00:00Z,HR,106.83,15
2026-04-08T02:00:00Z,HU,105.83,15
2026-04-08T02:00:00Z,IT-CNorth,110.00,15
2026-04-08T02:00:00Z,IT-CSouth,110.00,15
2026-04-08T02:00:00Z,IT-North,110.00,15
2026-04-08T02:00:00Z,IT-Sardinia,110.00,15
2026-04-08T02:00:00Z,IT-Sicily,110.00,15
2026-04-08T02:00:00Z,IT-South,110.00,15
2026-04-08T02:00:00Z,LT,33.97,15
2026-04-08T02:00:00Z,LV,33.97,15
2026-04-08T02:00:00Z,NL,97.08,15
2026-04-08T02:00:00Z,NO1,103.73,15
2026-04-08T02:00:00Z,NO2,100.41,15
2026-04-08T02:00:00Z,NO3,122.31,15
2026-04-08T02:00:00Z,NO4,4.46,15
2026-04-08T02:00:00Z,NO5,121.33,15
2026-04-08T02:00:00Z,PL,104.46,15
2026-04-08T02:00:00Z,PT,59.26,15
2026-04-08T02:00:00Z,RO,106.05,15
2026-04-08T02:00:00Z,RS,124.00,15
2026-04-08T02:00:00Z,SE1,24.15,15
2026-04-08T02:00:00Z,SE2,27.78,15
2026-04-08T02:00:00Z,SE3,46.50,15
2026-04-08T02:00:00Z,SE4,54.72,15
2026-04-08T02:00:00Z,SI,107.05,15
2026-04-08T02:00:00Z,SK,105.37,15
2026-04-08T02:15:00Z,AT,109.60,15
2026-04-08T02:15:00Z,BE,96.22,15
2026-04-08T02:15:00Z,CZ,107.27,15
2026-04-08T02:15:00Z,DE-LU,104.68,15
2026-04-08T02:15:00Z,DK1,104.68,15
2026-04-08T02:15:00Z,DK2,104.65,15
2026-04-08T02:15:00Z,EE,36.83,15
2026-04-08T02:15:00Z,ES,46.86,15
2026-04-08T02:15:00Z,FI,36.79,15
2026-04-08T02:15:00Z,FR,44.58,15
2026-04-08T02:15:00Z,GR,108.60,15
2026-04-08T02:15:00Z,HR,109.41,15
2026-04-08T02:15:00Z,HU,108.37,15
2026-04-08T02:15:00Z,IT-CNorth,109.65,15
2026-04-08T02:15:00Z,IT-CSouth,109.65,15
2026-04-08T02:15:00Z,IT-North,109.65,15
2026-04-08T02:15:00Z,IT-Sardinia,109.65,15
2026-04-08T02:15:00Z,IT-Sicily,109.65,15
2026-04-08T02:15:00Z,IT-South,109.65,15
2026-04-08T02:15:00Z,LT,36.83,15
2026-04-08T02:15:00Z,LV,36.83,15
2026-04-08T02:15:00Z,NL,99.19,15
2026-04-08T02:15:00Z,NO1,105.64,15
2026-04-08T02:15:00Z,NO2,102.58,15
2026-04-08T02:15:00Z,NO3,120.95,15
2026-04-08T02:15:00Z,NO4,8.90,15
2026-04-08T02:15:00Z,NO5,121.81,15
2026-04-08T02:15:00Z,PL,106.93,15
2026-04-08T02:15:00Z,RO,108.60,15
2026-04-08T02:15:00Z,SE1,27.26,15
2026-04-08T02:15:00Z,SE2,30.59,15
2026-04-08T02:15:00Z,SE3,49.65,15
2026-04-08T02:15:00Z,SE4,58.02,15
2026-04-08T02:15:00Z,SI,109.65,15
2026-04-08T02:15:00Z,SK,107.89,15
2026-04-08T02:30:00Z,AT,114.45,15
2026-04-08T02:30:00Z,BE,100.66,15
2026-04-08T02:30:00Z,CZ,112.04,15
2026-04-08T02:30:00Z,DE-LU,109.38,15
2026-04-08T02:30:00Z,DK1,109.38,15
2026-04-08T02:30:00Z,DK2,109.35,15
2026-04-08T02:30:00Z,EE,46.62,15
2026-04-08T02:30:00Z,ES,50.00,15
2026-04-08T02:30:00Z,FI,46.58,15
2026-04-08T02:30:00Z,FR,47.45,15
2026-04-08T02:30:00Z,GR,113.42,15
2026-04-08T02:30:00Z,HR,114.25,15
2026-04-08T02:30:00Z,HU,113.18,15
2026-04-08T02:30:00Z,IT-CNorth,114.50,15
2026-04-08T02:30:00Z,IT-CSouth,114.50,15
2026-04-08T02:30:00Z,IT-North,114.50,15
2026-04-08T02:30:00Z,IT-Sardinia,114.50,15
2026-04-08T02:30:00Z,IT-Sicily,114.50,15
2026-04-08T02:30:00Z,IT-South,114.50,15
2026-04-08T02:30:00Z,LT,46.62,15
2026-04-08T02:30:00Z,LV,46.62,15
2026-04-08T02:30:00Z,NL,103.72,15
2026-04-08T02:30:00Z,NO1,108.57,15
2026-04-08T02:30:00Z,NO2,105.98,15
2026-04-08T02:30:00Z,NO3,120.25,15
2026-04-08T02:30:00Z,NO4,22.29,15
2026-04-08T02:30:00Z,NO5,122.31,15
2026-04-08T02:30:00Z,PL,111.70,15
2026-04-08T02:30:00Z,RO,113.42,15
2026-04-08T02:30:00Z,SE1,38.08,15
2026-04-08T02:30:00Z,SE2,40.90,15
2026-04-08T02:30:00Z,SE3,58.48,15
2026-04-08T02:30:00Z,SE4,66.21,15
2026-04-08T02:30:00Z,SI,114.50,15
2026-04-08T02:30:00Z,SK,112.69,15
2026-04-08T02:45:00Z,AT,118.26,15
2026-04-08T02:45:00Z,BE,105.94,15
2026-04-08T02:45:00Z,CZ,116.08,15
2026-04-08T02:45:00Z,DE-LU,113.67,15
2026-04-08T02:45:00Z,DK1,113.67,15
2026-04-08T02:45:00Z,DK2,113.64,15
2026-04-08T02:45:00Z,EE,51.08,15
2026-04-08T02:45:00Z,ES,75.50,15
2026-04-08T02:45:00Z,FI,51.05,15
2026-04-08T02:45:00Z,FR,58.10,15
2026-04-08T02:45:00Z,GR,117.32,15
2026-04-08T02:45:00Z,HR,118.08,15
2026-04-08T02:45:00Z,HU,117.11,15
2026-04-08T02:45:00Z,IT-CNorth,118.30,15
2026-04-08T02:45:00Z,IT-CSouth,118.30,15
2026-04-08T02:45:00Z,IT-North,118.30,15
2026-04-08T02:45:00Z,IT-Sardinia,118.30,15
2026-04-08T02:45:00Z,IT-Sicily,118.30,15
2026-04-08T02:45:00Z,IT-South,118.30,15
2026-04-08T02:45:00Z,LT,59.00,15
2026-04-08T02:45:00Z,LV,59.00,15
2026-04-08T02:45:00Z,NL,109.00,15
2026-04-08T02:45:00Z,NO1,112.06,15
2026-04-08T02:45:00Z,NO2,110.14,15
2026-04-08T02:45:00Z,NO3,114.94,15
2026-04-08T02:45:00Z,NO4,30.50,15
2026-04-08T02:45:00Z,NO5,122.20,15
2026-04-08T02:45:00Z,PL,115.76,15
2026-04-08T02:45:00Z,PT,59.50,15
2026-04-08T02:45:00Z,RO,117.32,15
2026-04-08T02:45:00Z,SE1,43.01,15
2026-04-08T02:45:00Z,SE2,45.06,15
2026-04-08T02:45:00Z,SE3,64.07,15
2026-04-08T02:45:00Z,SE4,72.44,15
2026-04-08T02:45:00Z,SI,118.30,15
2026-04-08T02:45:00Z,SK,116.66,15
2026-04-08T03:00:00Z,AT,107.59,15
2026-04-08T03:00:00Z,BE,97.43,15
2026-04-08T03:00:00Z,CH,125.66,60
2026-04-08T03:00:00Z,CZ,105.82,15
2026-04-08T03:00:00Z,DE-LU,103.84,15
2026-04-08T03:00:00Z,DK1,103.84,15
2026-04-08T03:00:00Z,DK2,103.81,15
2026-04-08T03:00:00Z,EE,35.03,15
2026-04-08T03:00:00Z,ES,50.24,15
2026-04-08T03:00:00Z,FI,34.99,15
2026-04-08T03:00:00Z,FR,58.78,15
2026-04-08T03:00:00Z,GR,106.83,15
2026-04-08T03:00:00Z,HR,107.44,15
2026-04-08T03:00:00Z,HU,106.66,15
2026-04-08T03:00:00Z,IT-CNorth,116.45,15
2026-04-08T03:00:00Z,IT-CSouth,116.45,15
2026-04-08T03:00:00Z,IT-North,116.45,15
2026-04-08T03:00:00Z,IT-Sardinia,116.45,15
2026-04-08T03:00:00Z,IT-Sicily,116.45,15
2026-04-08T03:00:00Z,IT-South,116.45,15
2026-04-08T03:00:00Z,LT,54.80,15
2026-04-08T03:00:00Z,LV,54.80,15
2026-04-08T03:00:00Z,NL,99.67,15
2026-04-08T03:00:00Z,NO1,110.00,15
2026-04-08T03:00:00Z,NO2,107.62,15
2026-04-08T03:00:00Z,NO3,115.96,15
2026-04-08T03:00:00Z,NO4,9.72,15
2026-04-08T03:00:00Z,NO5,122.91,15
2026-04-08T03:00:00Z,PL,105.57,15
2026-04-08T03:00:00Z,PT,58.78,15
2026-04-08T03:00:00Z,RO,106.83,15
2026-04-08T03:00:00Z,RS,125.01,15
2026-04-08T03:00:00Z,SE1,25.26,15
2026-04-08T03:00:00Z,SE2,27.45,15
2026-04-08T03:00:00Z,SE3,51.24,15
2026-04-08T03:00:00Z,SE4,61.23,15
2026-04-08T03:00:00Z,SI,107.63,15
2026-04-08T03:00:00Z,SK,106.30,15
2026-04-08T03:15:00Z,AT,117.35,15
2026-04-08T03:15:00Z,BE,103.66,15
2026-04-08T03:15:00Z,CZ,114.96,15
2026-04-08T03:15:00Z,DE-LU,112.30,15
2026-04-08T03:15:00Z,DK1,112.30,15
2026-04-08T03:15:00Z,DK2,112.27,15
2026-04-08T03:15:00Z,EE,47.03,15
2026-04-08T03:15:00Z,ES,51.16,15
2026-04-08T03:15:00Z,FI,46.99,15
2026-04-08T03:15:00Z,FR,51.56,15
2026-04-08T03:15:00Z,GR,116.32,15
2026-04-08T03:15:00Z,HR,117.15,15
2026-04-08T03:15:00Z,HU,116.10,15
2026-04-08T03:15:00Z,IT-CNorth,117.40,15
2026-04-08T03:15:00Z,IT-CSouth,117.40,15
2026-04-08T03:15:00Z,IT-North,117.40,15
2026-04-08T03:15:00Z,IT-Sardinia,117.40,15
2026-04-08T03:15:00Z,IT-Sicily,117.40,15
2026-04-08T03:15:00Z,IT-South,117.40,15
2026-04-08T03:15:00Z,LT,65.49,15
2026-04-08T03:15:00Z,LV,65.49,15
2026-04-08T03:15:00Z,NL,106.67,15
2026-04-08T03:15:00Z,NO1,113.52,15
2026-04-08T03:15:00Z,NO2,111.79,15
2026-04-08T03:15:00Z,NO3,113.01,15
2026-04-08T03:15:00Z,NO4,24.07,15
2026-04-08T03:15:00Z,NO5,122.80,15
2026-04-08T03:15:00Z,PL,114.62,15
2026-04-08T03:15:00Z,PT,59.02,15
2026-04-08T03:15:00Z,RO,116.32,15
2026-04-08T03:15:00Z,SE1,38.91,15
2026-04-08T03:15:00Z,SE2,40.00,15
2026-04-08T03:15:00Z,SE3,62.20,15
2026-04-08T03:15:00Z,SE4,71.52,15
2026-04-08T03:15:00Z,SI,117.40,15
2026-04-08T03:15:00Z,SK,115.61,15
2026-04-08T03:30:00Z,AT,122.56,15
2026-04-08T03:30:00Z,BE,109.91,15
2026-04-08T03:30:00Z,CZ,120.35,15
2026-04-08T03:30:00Z,DE-LU,117.89,15
2026-04-08T03:30:00Z,DK1,117.89,15
2026-04-08T03:30:00Z,DK2,117.88,15
2026-04-08T03:30:00Z,EE,51.08,15
2026-04-08T03:30:00Z,ES,50.34,15
2026-04-08T03:30:00Z,FI,51.02,15
2026-04-08T03:30:00Z,FR,61.76,15
2026-04-08T03:30:00Z,GR,121.60,15
2026-04-08T03:30:00Z,HR,122.37,15
2026-04-08T03:30:00Z,HU,121.40,15
2026-04-08T03:30:00Z,IT-CNorth,122.60,15
2026-04-08T03:30:00Z,IT-CSouth,122.60,15
2026-04-08T03:30:00Z,IT-North,122.60,15
2026-04-08T03:30:00Z,IT-Sardinia,122.60,15
2026-04-08T03:30:00Z,IT-Sicily,122.60,15
2026-04-08T03:30:00Z,IT-South,122.60,15
2026-04-08T03:30:00Z,LT,99.92,15
2026-04-08T03:30:00Z,LV,99.92,15
2026-04-08T03:30:00Z,NL,112.69,15
2026-04-08T03:30:00Z,NO1,115.92,15
2026-04-08T03:30:00Z,NO2,114.63,15
2026-04-08T03:30:00Z,NO3,111.06,15
2026-04-08T03:30:00Z,NO4,24.77,15
2026-04-08T03:30:00Z,NO5,122.65,15
2026-04-08T03:30:00Z,PL,120.04,15
2026-04-08T03:30:00Z,PT,61.76,15
2026-04-08T03:30:00Z,RO,121.60,15
2026-04-08T03:30:00Z,SE1,50.47,15
2026-04-08T03:30:00Z,SE2,49.25,15
2026-04-08T03:30:00Z,SE3,77.09,15
2026-04-08T03:30:00Z,SE4,101.06,15
2026-04-08T03:30:00Z,SI,122.60,15
2026-04-08T03:30:00Z,SK,120.95,15
2026-04-08T03:45:00Z,AT,137.66,15
2026-04-08T03:45:00Z,BE,127.62,15
2026-04-08T03:45:00Z,CZ,135.76,15
2026-04-08T03:45:00Z,DE-LU,133.68,15
2026-04-08T03:45:00Z,DK1,133.68,15
2026-04-08T03:45:00Z,DK2,133.68,15
2026-04-08T03:45:00Z,EE,75.68,15
2026-04-08T03:45:00Z,ES,63.08,15
2026-04-08T03:45:00Z,FI,75.57,15
2026-04-08T03:45:00Z,FR,73.69,15
2026-04-08T03:45:00Z,GR,136.85,15
2026-04-08T03:45:00Z,HR,137.51,15
2026-04-08T03:45:00Z,HU,136.67,15
2026-04-08T03:45:00Z,IT-CNorth,137.71,15
2026-04-08T03:45:00Z,IT-CSouth,137.71,15
2026-04-08T03:45:00Z,IT-North,137.71,15
2026-04-08T03:45:00Z,IT-Sardinia,137.71,15
2026-04-08T03:45:00Z,IT-Sicily,137.71,15
2026-04-08T03:45:00Z,IT-South,137.71,15
2026-04-08T03:45:00Z,LT,109.61,15
2026-04-08T03:45:00Z,LV,109.61,15
2026-04-08T03:45:00Z,NL,129.53,15
2026-04-08T03:45:00Z,NO1,116.75,15
2026-04-08T03:45:00Z,NO2,115.78,15
2026-04-08T03:45:00Z,NO3,109.58,15
2026-04-08T03:45:00Z,NO4,26.62,15
2026-04-08T03:45:00Z,NO5,121.68,15
2026-04-08T03:45:00Z,PL,135.50,15
2026-04-08T03:45:00Z,PT,73.69,15
2026-04-08T03:45:00Z,RO,136.85,15
2026-04-08T03:45:00Z,SE1,72.72,15
2026-04-08T03:45:00Z,SE2,67.39,15
2026-04-08T03:45:00Z,SE3,94.83,15
2026-04-08T03:45:00Z,SE4,109.88,15
2026-04-08T03:45:00Z,SI,137.71,15
2026-04-08T03:45:00Z,SK,136.28,15
2026-04-08T04:00:00Z,AT,113.34,15
2026-04-08T04:00:00Z,BE,104.97,15
2026-04-08T04:00:00Z,CH,154.92,60
2026-04-08T04:00:00Z,CZ,118.72,15
2026-04-08T04:00:00Z,DE-LU,123.39,15
2026-04-08T04:00:00Z,DK1,118.96,15
2026-04-08T04:00:00Z,DK2,123.39,15
2026-04-08T04:00:00Z,EE,60.01,15
2026-04-08T04:00:00Z,ES,52.10,15
2026-04-08T04:00:00Z,FI,59.93,15
2026-04-08T04:00:00Z,FR,75.00,15
2026-04-08T04:00:00Z,GR,115.50,15
2026-04-08T04:00:00Z,HR,113.63,15
2026-04-08T04:00:00Z,HU,116.04,15
2026-04-08T04:00:00Z,IT-CNorth,137.98,15
2026-04-08T04:00:00Z,IT-CSouth,137.98,15
2026-04-08T04:00:00Z,IT-North,137.98,15
2026-04-08T04:00:00Z,IT-Sardinia,137.98,15
2026-04-08T04:00:00Z,IT-Sicily,137.98,15
2026-04-08T04:00:00Z,IT-South,137.98,15
2026-04-08T04:00:00Z,LT,60.01,15
2026-04-08T04:00:00Z,LV,60.01,15
2026-04-08T04:00:00Z,NL,118.90,15
2026-04-08T04:00:00Z,NO1,117.71,15
2026-04-08T04:00:00Z,NO2,115.79,15
2026-04-08T04:00:00Z,NO3,105.51,15
2026-04-08T04:00:00Z,NO4,8.45,15
2026-04-08T04:00:00Z,NO5,128.35,15
2026-04-08T04:00:00Z,PL,119.27,15
2026-04-08T04:00:00Z,PT,75.00,15
2026-04-08T04:00:00Z,RO,115.50,15
2026-04-08T04:00:00Z,RS,135.53,15
2026-04-08T04:00:00Z,SE1,31.94,15
2026-04-08T04:00:00Z,SE2,29.76,15
2026-04-08T04:00:00Z,SE3,89.80,15
2026-04-08T04:00:00Z,SE4,103.88,15
2026-04-08T04:00:00Z,SI,113.00,15
2026-04-08T04:00:00Z,SK,117.23,15
2026-04-08T04:15:00Z,AT,128.95,15
2026-04-08T04:15:00Z,BE,118.72,15
2026-04-08T04:15:00Z,CZ,135.53,15
2026-04-08T04:15:00Z,DE-LU,141.24,15
2026-04-08T04:15:00Z,DK1,135.82,15
2026-04-08T04:15:00Z,DK2,141.23,15
2026-04-08T04:15:00Z,EE,74.18,15
2026-04-08T04:15:00Z,ES,62.91,15
2026-04-08T04:15:00Z,FI,74.11,15
2026-04-08T04:15:00Z,FR,82.08,15
2026-04-08T04:15:00Z,GR,131.60,15
2026-04-08T04:15:00Z,HR,129.30,15
2026-04-08T04:15:00Z,HU,132.25,15
2026-04-08T04:15:00Z,IT-CNorth,158.45,15
2026-04-08T04:15:00Z,IT-CSouth,158.45,15
2026-04-08T04:15:00Z,IT-North,158.45,15
2026-04-08T04:15:00Z,IT-Sardinia,158.45,15
2026-04-08T04:15:00Z,IT-Sicily,158.45,15
2026-04-08T04:15:00Z,IT-South,158.45,15
2026-04-08T04:15:00Z,LT,74.18,15
2026-04-08T04:15:00Z,LV,74.18,15
2026-04-08T04:15:00Z,NL,135.75,15
2026-04-08T04:15:00Z,NO1,122.08,15
2026-04-08T04:15:00Z,NO2,121.45,15
2026-04-08T04:15:00Z,NO3,93.30,15
2026-04-08T04:15:00Z,NO4,26.28,15
2026-04-08T04:15:00Z,NO5,124.98,15
2026-04-08T04:15:00Z,PL,136.20,15
2026-04-08T04:15:00Z,PT,82.08,15
2026-04-08T04:15:00Z,RO,131.60,15
2026-04-08T04:15:00Z,SE1,44.32,15
2026-04-08T04:15:00Z,SE2,39.99,15
2026-04-08T04:15:00Z,SE3,105.43,15
2026-04-08T04:15:00Z,SE4,118.83,15
2026-04-08T04:15:00Z,SI,128.54,15
2026-04-08T04:15:00Z,SK,133.71,15
2026-04-08T04:30:00Z,AT,148.87,15
2026-04-08T04:30:00Z,BE,135.69,15
2026-04-08T04:30:00Z,CZ,157.33,15
2026-04-08T04:30:00Z,DE-LU,164.68,15
2026-04-08T04:30:00Z,DK1,157.71,15
2026-04-08T04:30:00Z,DK2,164.71,15
2026-04-08T04:30:00Z,EE,102.60,15
2026-04-08T04:30:00Z,ES,70.92,15
2026-04-08T04:30:00Z,FI,102.49,15
2026-04-08T04:30:00Z,FR,88.50,15
2026-04-08T04:30:00Z,GR,152.27,15
2026-04-08T04:30:00Z,HR,149.32,15
2026-04-08T04:30:00Z,HU,153.11,15
2026-04-08T04:30:00Z,IT-CNorth,163.81,15
2026-04-08T04:30:00Z,IT-CSouth,163.81,15
2026-04-08T04:30:00Z,IT-North,163.81,15
2026-04-08T04:30:00Z,IT-Sardinia,163.81,15
2026-04-08T04:30:00Z,IT-Sicily,163.81,15
2026-04-08T04:30:00Z,IT-South,163.81,15
2026-04-08T04:30:00Z,LT,102.60,15
2026-04-08T04:30:00Z,LV,102.60,15
2026-04-08T04:30:00Z,NL,157.62,15
2026-04-08T04:30:00Z,NO1,126.86,15
2026-04-08T04:30:00Z,NO2,126.82,15
2026-04-08T04:30:00Z,NO3,83.11,15
2026-04-08T04:30:00Z,NO4,28.19,15
2026-04-08T04:30:00Z,NO5,125.81,15
2026-04-08T04:30:00Z,PL,158.19,15
2026-04-08T04:30:00Z,PT,88.50,15
2026-04-08T04:30:00Z,RO,152.27,15
2026-04-08T04:30:00Z,SE1,53.34,15
2026-04-08T04:30:00Z,SE2,44.10,15
2026-04-08T04:30:00Z,SE3,146.11,15
2026-04-08T04:30:00Z,SE4,160.95,15
2026-04-08T04:30:00Z,SI,148.33,15
2026-04-08T04:30:00Z,SK,154.99,15
2026-04-08T04:45:00Z,AT,154.16,15
2026-04-08T04:45:00Z,BE,141.08,15
2026-04-08T04:45:00Z,CZ,162.57,15
2026-04-08T04:45:00Z,DE-LU,169.87,15
2026-04-08T04:45:00Z,DK1,169.87,15
2026-04-08T04:45:00Z,DK2,169.91,15
2026-04-08T04:45:00Z,EE,113.67,15
2026-04-08T04:45:00Z,ES,75.84,15
2026-04-08T04:45:00Z,FI,113.52,15
2026-04-08T04:45:00Z,FR,94.22,15
2026-04-08T04:45:00Z,GR,157.54,15
2026-04-08T04:45:00Z,HR,154.61,15
2026-04-08T04:45:00Z,HU,158.38,15
2026-04-08T04:45:00Z,IT-CNorth,163.36,15
2026-04-08T04:45:00Z,IT-CSouth,163.36,15
2026-04-08T04:45:00Z,IT-North,163.36,15
2026-04-08T04:45:00Z,IT-Sardinia,163.36,15
2026-04-08T04:45:00Z,IT-Sicily,163.36,15
2026-04-08T04:45:00Z,IT-South,163.36,15
2026-04-08T04:45:00Z,LT,113.67,15
2026-04-08T04:45:00Z,LV,113.67,15
2026-04-08T04:45:00Z,NL,162.85,15
2026-04-08T04:45:00Z,NO1,129.03,15
2026-04-08T04:45:00Z,NO2,129.58,15
2026-04-08T04:45:00Z,NO3,77.00,15
2026-04-08T04:45:00Z,NO4,24.56,15
2026-04-08T04:45:00Z,NO5,124.42,15
2026-04-08T04:45:00Z,PL,163.42,15
2026-04-08T04:45:00Z,PT,94.22,15
2026-04-08T04:45:00Z,RO,157.54,15
2026-04-08T04:45:00Z,SE1,65.33,15
2026-04-08T04:45:00Z,SE2,52.58,15
2026-04-08T04:45:00Z,SE3,157.87,15
2026-04-08T04:45:00Z,SE4,172.44,15
2026-04-08T04:45:00Z,SI,153.63,15
2026-04-08T04:45:00Z,SK,160.24,15
2026-04-08T05:00:00Z,AT,165.81,15
2026-04-08T05:00:00Z,BE,180.01,15
2026-04-08T05:00:00Z,CH,172.74,60
2026-04-08T05:00:00Z,CZ,176.38,15
2026-04-08T05:00:00Z,DE-LU,186.79,15
2026-04-08T05:00:00Z,DK1,186.79,15
2026-04-08T05:00:00Z,DK2,186.81,15
2026-04-08T05:00:00Z,EE,113.03,15
2026-04-08T05:00:00Z,ES,67.58,15
2026-04-08T05:00:00Z,FI,112.88,15
2026-04-08T05:00:00Z,FR,99.51,15
2026-04-08T05:00:00Z,GR,166.87,15
2026-04-08T05:00:00Z,HR,166.87,15
2026-04-08T05:00:00Z,HU,171.49,15
2026-04-08T05:00:00Z,IT-CNorth,180.73,15
2026-04-08T05:00:00Z,IT-CSouth,180.73,15
2026-04-08T05:00:00Z,IT-North,180.73,15
2026-04-08T05:00:00Z,IT-Sardinia,180.73,15
2026-04-08T05:00:00Z,IT-Sicily,180.73,15
2026-04-08T05:00:00Z,IT-South,180.73,15
2026-04-08T05:00:00Z,LT,113.03,15
2026-04-08T05:00:00Z,LV,113.03,15
2026-04-08T05:00:00Z,NL,186.79,15
2026-04-08T05:00:00Z,NO1,184.00,15
2026-04-08T05:00:00Z,NO2,181.24,15
2026-04-08T05:00:00Z,NO3,153.78,15
2026-04-08T05:00:00Z,NO4,8.32,15
2026-04-08T05:00:00Z,NO5,198.49,15
2026-04-08T05:00:00Z,PL,178.01,15
2026-04-08T05:00:00Z,PT,99.51,15
2026-04-08T05:00:00Z,RO,170.45,15
2026-04-08T05:00:00Z,RS,153.00,15
2026-04-08T05:00:00Z,SE1,52.49,15
2026-04-08T05:00:00Z,SE2,45.58,15
2026-04-08T05:00:00Z,SE3,166.65,15
2026-04-08T05:00:00Z,SE4,188.06,15
2026-04-08T05:00:00Z,SI,165.54,15
2026-04-08T05:00:00Z,SK,173.81,15
2026-04-08T05:15:00Z,AT,164.79,15
2026-04-08T05:15:00Z,BE,178.34,15
2026-04-08T05:15:00Z,CZ,174.88,15
2026-04-08T05:15:00Z,DE-LU,184.81,15
2026-04-08T05:15:00Z,DK1,184.81,15
2026-04-08T05:15:00Z,DK2,184.83,15
2026-04-08T05:15:00Z,EE,115.35,15
2026-04-08T05:15:00Z,ES,83.14,15
2026-04-08T05:15:00Z,FI,115.21,15
2026-04-08T05:15:00Z,FR,101.52,15
2026-04-08T05:15:00Z,GR,150.95,15
2026-04-08T05:15:00Z,HR,165.80,15
2026-04-08T05:15:00Z,HU,170.21,15
2026-04-08T05:15:00Z,IT-CNorth,180.53,15
2026-04-08T05:15:00Z,IT-CSouth,180.53,15
2026-04-08T05:15:00Z,IT-North,180.53,15
2026-04-08T05:15:00Z,IT-Sardinia,180.53,15
2026-04-08T05:15:00Z,IT-Sicily,180.53,15
2026-04-08T05:15:00Z,IT-South,180.53,15
2026-04-08T05:15:00Z,LT,115.35,15
2026-04-08T05:15:00Z,LV,115.35,15
2026-04-08T05:15:00Z,NL,184.81,15
2026-04-08T05:15:00Z,NO1,181.90,15
2026-04-08T05:15:00Z,NO2,179.30,15
2026-04-08T05:15:00Z,NO3,153.95,15
2026-04-08T05:15:00Z,NO4,17.60,15
2026-04-08T05:15:00Z,NO5,195.55,15
2026-04-08T05:15:00Z,PL,176.43,15
2026-04-08T05:15:00Z,PT,101.52,15
2026-04-08T05:15:00Z,RO,169.21,15
2026-04-08T05:15:00Z,SE1,58.91,15
2026-04-08T05:15:00Z,SE2,52.50,15
2026-04-08T05:15:00Z,SE3,165.36,15
2026-04-08T05:15:00Z,SE4,185.34,15
2026-04-08T05:15:00Z,SI,164.53,15
2026-04-08T05:15:00Z,SK,172.42,15
2026-04-08T05:30:00Z,AT,154.91,15
2026-04-08T05:30:00Z,BE,164.05,15
2026-04-08T05:30:00Z,CZ,162.40,15
2026-04-08T05:30:00Z,DE-LU,168.00,15
2026-04-08T05:30:00Z,DK1,168.00,15
2026-04-08T05:30:00Z,DK2,168.01,15
2026-04-08T05:30:00Z,EE,117.06,15
2026-04-08T05:30:00Z,ES,96.78,15
2026-04-08T05:30:00Z,FI,116.92,15
2026-04-08T05:30:00Z,FR,115.50,15
2026-04-08T05:30:00Z,GR,121.50,15
2026-04-08T05:30:00Z,HR,148.51,15
2026-04-08T05:30:00Z,HU,162.37,15
2026-04-08T05:30:00Z,IT-CNorth,180.78,15
2026-04-08T05:30:00Z,IT-CSouth,180.78,15
2026-04-08T05:30:00Z,IT-North,180.78,15
2026-04-08T05:30:00Z,IT-Sicily,180.78,15
2026-04-08T05:30:00Z,IT-South,180.78,15
2026-04-08T05:30:00Z,LT,117.06,15
2026-04-08T05:30:00Z,LV,117.06,15
2026-04-08T05:30:00Z,NL,168.00,15
2026-04-08T05:30:00Z,NO1,164.74,15
2026-04-08T05:30:00Z,NO2,162.90,15
2026-04-08T05:30:00Z,NO3,140.92,15
2026-04-08T05:30:00Z,NO4,26.75,15
2026-04-08T05:30:00Z,NO5,174.29,15
2026-04-08T05:30:00Z,PL,163.67,15
2026-04-08T05:30:00Z,PT,115.50,15
2026-04-08T05:30:00Z,RO,121.50,15
2026-04-08T05:30:00Z,SE1,45.59,15
2026-04-08T05:30:00Z,SE2,69.66,15
2026-04-08T05:30:00Z,SE3,154.19,15
2026-04-08T05:30:00Z,SE4,168.94,15
2026-04-08T05:30:00Z,SI,152.73,15
2026-04-08T05:30:00Z,SK,161.91,15
2026-04-08T05:45:00Z,AT,131.42,15
2026-04-08T05:45:00Z,BE,134.49,15
2026-04-08T05:45:00Z,CZ,134.32,15
2026-04-08T05:45:00Z,DE-LU,135.59,15
2026-04-08T05:45:00Z,DK1,135.59,15
2026-04-08T05:45:00Z,DK2,135.60,15
2026-04-08T05:45:00Z,EE,100.76,15
2026-04-08T05:45:00Z,ES,102.30,15
2026-04-08T05:45:00Z,FI,100.67,15
2026-04-08T05:45:00Z,FR,120.00,15
2026-04-08T05:45:00Z,GR,100.00,15
2026-04-08T05:45:00Z,HR,125.34,15
2026-04-08T05:45:00Z,HU,136.04,15
2026-04-08T05:45:00Z,IT-CNorth,177.12,15
2026-04-08T05:45:00Z,IT-CSouth,177.12,15
2026-04-08T05:45:00Z,IT-North,177.12,15
2026-04-08T05:45:00Z,IT-Sardinia,177.12,15
2026-04-08T05:45:00Z,IT-Sicily,177.12,15
2026-04-08T05:45:00Z,IT-South,177.12,15
2026-04-08T05:45:00Z,LT,100.76,15
2026-04-08T05:45:00Z,LV,100.76,15
2026-04-08T05:45:00Z,NL,135.59,15
2026-04-08T05:45:00Z,NO1,131.55,15
2026-04-08T05:45:00Z,NO2,130.43,15
2026-04-08T05:45:00Z,NO3,114.23,15
2026-04-08T05:45:00Z,NO4,41.74,15
2026-04-08T05:45:00Z,NO5,137.34,15
2026-04-08T05:45:00Z,PL,134.87,15
2026-04-08T05:45:00Z,PT,120.00,15
2026-04-08T05:45:00Z,RO,100.00,15
2026-04-08T05:45:00Z,SE1,55.62,15
2026-04-08T05:45:00Z,SE2,68.00,15
2026-04-08T05:45:00Z,SE3,126.28,15
2026-04-08T05:45:00Z,SE4,136.30,15
2026-04-08T05:45:00Z,SI,129.58,15
2026-04-08T05:45:00Z,SK,134.80,15
2026-04-08T06:00:00Z,AT,176.84,15
2026-04-08T06:00:00Z,BE,184.86,15
2026-04-08T06:00:00Z,CH,132.72,60
2026-04-08T06:00:00Z,CZ,183.25,15
2026-04-08T06:00:00Z,DE-LU,185.94,15
2026-04-08T06:00:00Z,DK1,185.94,15
2026-04-08T06:00:00Z,DK2,185.95,15
2026-04-08T06:00:00Z,EE,132.36,15
2026-04-08T06:00:00Z,ES,105.48,15
2026-04-08T06:00:00Z,FI,132.17,15
2026-04-08T06:00:00Z,FR,148.50,15
2026-04-08T06:00:00Z,GR,55.54,15
2026-04-08T06:00:00Z,HR,156.43,15
2026-04-08T06:00:00Z,HU,189.62,15
2026-04-08T06:00:00Z,IT-CNorth,192.10,15
2026-04-08T06:00:00Z,IT-CSouth,192.10,15
2026-04-08T06:00:00Z,IT-North,192.10,15
2026-04-08T06:00:00Z,IT-Sardinia,180.53,15
2026-04-08T06:00:00Z,IT-Sicily,181.98,15
2026-04-08T06:00:00Z,IT-South,192.10,15
2026-04-08T06:00:00Z,LT,132.36,15
2026-04-08T06:00:00Z,LV,132.36,15
2026-04-08T06:00:00Z,NL,186.51,15
2026-04-08T06:00:00Z,NO1,183.68,15
2026-04-08T06:00:00Z,NO2,181.51,15
2026-04-08T06:00:00Z,NO3,159.38,15
2026-04-08T06:00:00Z,NO4,22.29,15
2026-04-08T06:00:00Z,NO5,195.23,15
2026-04-08T06:00:00Z,PL,185.14,15
2026-04-08T06:00:00Z,PT,137.59,15
2026-04-08T06:00:00Z,RO,55.54,15
2026-04-08T06:00:00Z,RS,119.97,15
2026-04-08T06:00:00Z,SE1,97.38,15
2026-04-08T06:00:00Z,SE2,89.44,15
2026-04-08T06:00:00Z,SE3,167.49,15
2026-04-08T06:00:00Z,SE4,182.30,15
2026-04-08T06:00:00Z,SI,169.27,15
2026-04-08T06:00:00Z,SK,185.09,15
2026-04-08T06:15:00Z,AT,138.15,15
2026-04-08T06:15:00Z,BE,153.93,15
2026-04-08T06:15:00Z,CZ,142.22,15
2026-04-08T06:15:00Z,DE-LU,141.77,15
2026-04-08T06:15:00Z,DK1,141.77,15
2026-04-08T06:15:00Z,DK2,141.78,15
2026-04-08T06:15:00Z,EE,117.00,15
2026-04-08T06:15:00Z,ES,111.21,15
2026-04-08T06:15:00Z,FI,116.82,15
2026-04-08T06:15:00Z,FR,131.54,15
2026-04-08T06:15:00Z,GR,8.43,15
2026-04-08T06:15:00Z,HR,117.07,15
2026-04-08T06:15:00Z,HU,150.87,15
2026-04-08T06:15:00Z,IT-CNorth,181.48,15
2026-04-08T06:15:00Z,IT-CSouth,181.48,15
2026-04-08T06:15:00Z,IT-North,181.48,15
2026-04-08T06:15:00Z,IT-Sicily,165.63,15
2026-04-08T06:15:00Z,IT-South,181.48,15
2026-04-08T06:15:00Z,LT,117.00,15
2026-04-08T06:15:00Z,LV,117.00,15
2026-04-08T06:15:00Z,NL,145.74,15
2026-04-08T06:15:00Z,NO1,130.81,15
2026-04-08T06:15:00Z,NO2,130.46,15
2026-04-08T06:15:00Z,NO3,107.84,15
2026-04-08T06:15:00Z,NO4,26.11,15
2026-04-08T06:15:00Z,NO5,132.18,15
2026-04-08T06:15:00Z,PL,143.97,15
2026-04-08T06:15:00Z,PT,131.54,15
2026-04-08T06:15:00Z,RO,8.43,15
2026-04-08T06:15:00Z,SE1,104.21,15
2026-04-08T06:15:00Z,SE2,93.38,15
2026-04-08T06:15:00Z,SE3,134.35,15
2026-04-08T06:15:00Z,SE4,141.04,15
2026-04-08T06:15:00Z,SI,131.14,15
2026-04-08T06:15:00Z,SK,145.37,15
2026-04-08T06:30:00Z,AT,118.24,15
2026-04-08T06:30:00Z,BE,150.00,15
2026-04-08T06:30:00Z,CZ,119.62,15
2026-04-08T06:30:00Z,DE-LU,127.79,15
2026-04-08T06:30:00Z,DK1,127.79,15
2026-04-08T06:30:00Z,DK2,127.79,15
2026-04-08T06:30:00Z,EE,97.74,15
2026-04-08T06:30:00Z,ES,86.99,15
2026-04-08T06:30:00Z,FI,97.61,15
2026-04-08T06:30:00Z,FR,116.34,15
2026-04-08T06:30:00Z,GR,0.01,15
2026-04-08T06:30:00Z,HR,2.19,15
2026-04-08T06:30:00Z,HU,112.13,15
2026-04-08T06:30:00Z,IT-CNorth,167.97,15
2026-04-08T06:30:00Z,IT-CSouth,167.97,15
2026-04-08T06:30:00Z,IT-North,167.97,15
2026-04-08T06:30:00Z,IT-Sardinia,167.97,15
2026-04-08T06:30:00Z,IT-South,167.97,15
2026-04-08T06:30:00Z,LT,97.74,15
2026-04-08T06:30:00Z,LV,97.74,15
2026-04-08T06:30:00Z,NL,135.54,15
2026-04-08T06:30:00Z,NO1,120.92,15
2026-04-08T06:30:00Z,NO2,120.10,15
2026-04-08T06:30:00Z,NO3,100.90,15
2026-04-08T06:30:00Z,NO4,22.29,15
2026-04-08T06:30:00Z,NO5,124.96,15
2026-04-08T06:30:00Z,PL,119.28,15
2026-04-08T06:30:00Z,PT,116.34,15
2026-04-08T06:30:00Z,RO,0.01,15
2026-04-08T06:30:00Z,SE1,78.17,15
2026-04-08T06:30:00Z,SE2,70.98,15
2026-04-08T06:30:00Z,SE3,118.66,15
2026-04-08T06:30:00Z,SE4,127.07,15
2026-04-08T06:30:00Z,SI,153.52,15
2026-04-08T06:30:00Z,SK,114.65,15
2026-04-08T06:45:00Z,AT,93.85,15
2026-04-08T06:45:00Z,BE,99.82,15
2026-04-08T06:45:00Z,CZ,92.11,15
2026-04-08T06:45:00Z,DE-LU,98.53,15
2026-04-08T06:45:00Z,DK1,98.53,15
2026-04-08T06:45:00Z,DK2,98.53,15
2026-04-08T06:45:00Z,EE,71.29,15
2026-04-08T06:45:00Z,ES,54.78,15
2026-04-08T06:45:00Z,FI,71.23,15
2026-04-08T06:45:00Z,FR,99.63,15
2026-04-08T06:45:00Z,GR,0.00,15
2026-04-08T06:45:00Z,HR,2.12,15
2026-04-08T06:45:00Z,HU,81.69,15
2026-04-08T06:45:00Z,IT-CNorth,176.89,15
2026-04-08T06:45:00Z,IT-CSouth,176.89,15
2026-04-08T06:45:00Z,IT-North,176.89,15
2026-04-08T06:45:00Z,IT-Sardinia,176.89,15
2026-04-08T06:45:00Z,IT-Sicily,162.06,15
2026-04-08T06:45:00Z,IT-South,176.89,15
2026-04-08T06:45:00Z,LT,60.00,15
2026-04-08T06:45:00Z,LV,60.00,15
2026-04-08T06:45:00Z,NL,99.40,15
2026-04-08T06:45:00Z,NO1,117.59,15
2026-04-08T06:45:00Z,NO2,115.17,15
2026-04-08T06:45:00Z,NO3,118.34,15
2026-04-08T06:45:00Z,NO4,26.75,15
2026-04-08T06:45:00Z,NO5,131.22,15
2026-04-08T06:45:00Z,PL,90.48,15
2026-04-08T06:45:00Z,PT,99.63,15
2026-04-08T06:45:00Z,RO,0.00,15
2026-04-08T06:45:00Z,SE1,51.56,15
2026-04-08T06:45:00Z,SE2,52.00,15
2026-04-08T06:45:00Z,SE3,89.44,15
2026-04-08T06:45:00Z,SE4,98.18,15
2026-04-08T06:45:00Z,SI,128.79,15
2026-04-08T06:45:00Z,SK,86.33,15
2026-04-08T07:00:00Z,AT,125.24,15
2026-04-08T07:00:00Z,BE,181.90,15
2026-04-08T07:00:00Z,CH,96.01,60
2026-04-08T07:00:00Z,CZ,128.59,15
2026-04-08T07:00:00Z,DE-LU,134.37,15
2026-04-08T07:00:00Z,DK1,134.37,15
2026-04-08T07:00:00Z,DK2,134.37,15
2026-04-08T07:00:00Z,EE,108.32,15
2026-04-08T07:00:00Z,ES,59.51,15
2026-04-08T07:00:00Z,FI,108.19,15
2026-04-08T07:00:00Z,FR,99.51,15
2026-04-08T07:00:00Z,HR,124.67,15
2026-04-08T07:00:00Z,HU,127.00,15
2026-04-08T07:00:00Z,IT-CNorth,185.45,15
2026-04-08T07:00:00Z,IT-CSouth,185.45,15
2026-04-08T07:00:00Z,IT-North,185.45,15
2026-04-08T07:00:00Z,IT-Sardinia,185.45,15
2026-04-08T07:00:00Z,IT-Sicily,185.45,15
2026-04-08T07:00:00Z,IT-South,185.45,15
2026-04-08T07:00:00Z,LT,108.32,15
2026-04-08T07:00:00Z,LV,108.32,15
2026-04-08T07:00:00Z,NL,149.03,15
2026-04-08T07:00:00Z,NO1,120.61,15
2026-04-08T07:00:00Z,NO2,119.95,15
2026-04-08T07:00:00Z,NO3,114.59,15
2026-04-08T07:00:00Z,NO4,42.91,15
2026-04-08T07:00:00Z,NO5,124.02,15
2026-04-08T07:00:00Z,PL,128.85,15
2026-04-08T07:00:00Z,PT,99.51,15
2026-04-08T07:00:00Z,RS,99.00,15
2026-04-08T07:00:00Z,SE1,108.59,15
2026-04-08T07:00:00Z,SE2,100.87,15
2026-04-08T07:00:00Z,SE3,113.87,15
2026-04-08T07:00:00Z,SE4,116.44,15
2026-04-08T07:00:00Z,SI,124.39,15
2026-04-08T07:00:00Z,SK,127.29,15
2026-04-08T07:15:00Z,AT,97.78,15
2026-04-08T07:15:00Z,BE,143.78,15
2026-04-08T07:15:00Z,CZ,99.91,15
2026-04-08T07:15:00Z,DE-LU,105.99,15
2026-04-08T07:15:00Z,DK1,105.99,15
2026-04-08T07:15:00Z,DK2,105.99,15
2026-04-08T07:15:00Z,EE,79.81,15
2026-04-08T07:15:00Z,ES,68.40,15
2026-04-08T07:15:00Z,FI,79.73,15
2026-04-08T07:15:00Z,FR,79.58,15
2026-04-08T07:15:00Z,HR,71.03,15
2026-04-08T07:15:00Z,HU,95.76,15
2026-04-08T07:15:00Z,IT-CNorth,180.53,15
2026-04-08T07:15:00Z,IT-CSouth,180.53,15
2026-04-08T07:15:00Z,IT-North,180.53,15
2026-04-08T07:15:00Z,IT-Sardinia,180.53,15
2026-04-08T07:15:00Z,IT-Sicily,167.70,15
2026-04-08T07:15:00Z,IT-South,180.53,15
2026-04-08T07:15:00Z,LT,67.87,15
2026-04-08T07:15:00Z,LV,67.87,15
2026-04-08T07:15:00Z,NL,117.75,15
2026-04-08T07:15:00Z,NO1,116.84,15
2026-04-08T07:15:00Z,NO2,114.95,15
2026-04-08T07:15:00Z,NO3,115.70,15
2026-04-08T07:15:00Z,NO4,26.75,15
2026-04-08T07:15:00Z,NO5,126.73,15
2026-04-08T07:15:00Z,PL,99.75,15
2026-04-08T07:15:00Z,PT,93.00,15
2026-04-08T07:15:00Z,SE1,64.75,15
2026-04-08T07:15:00Z,SE2,62.63,15
2026-04-08T07:15:00Z,SE3,95.35,15
2026-04-08T07:15:00Z,SE4,102.64,15
2026-04-08T07:15:00Z,SI,106.03,15
2026-04-08T07:15:00Z,SK,97.40,15
2026-04-08T07:30:00Z,AT,78.11,15
2026-04-08T07:30:00Z,BE,121.91,15
2026-04-08T07:30:00Z,CZ,79.03,15
2026-04-08T07:30:00Z,DE-LU,87.50,15
2026-04-08T07:30:00Z,DK1,87.50,15
2026-04-08T07:30:00Z,DK2,87.48,15
2026-04-08T07:30:00Z,EE,59.58,15
2026-04-08T07:30:00Z,ES,53.51,15
2026-04-08T07:30:00Z,FI,59.54,15
2026-04-08T07:30:00Z,FR,65.96,15
2026-04-08T07:30:00Z,HR,2.20,15
2026-04-08T07:30:00Z,HU,69.54,15
2026-04-08T07:30:00Z,IT-CNorth,165.63,15
2026-04-08T07:30:00Z,IT-CSouth,165.63,15
2026-04-08T07:30:00Z,IT-North,165.63,15
2026-04-08T07:30:00Z,IT-Sardinia,165.63,15
2026-04-08T07:30:00Z,IT-Sicily,165.63,15
2026-04-08T07:30:00Z,IT-South,165.63,15
2026-04-08T07:30:00Z,LT,14.01,15
2026-04-08T07:30:00Z,LV,14.01,15
2026-04-08T07:30:00Z,NL,98.40,15
2026-04-08T07:30:00Z,NO1,117.47,15
2026-04-08T07:30:00Z,NO2,113.96,15
2026-04-08T07:30:00Z,NO3,140.87,15
2026-04-08T07:30:00Z,NO4,24.58,15
2026-04-08T07:30:00Z,NO5,136.52,15
2026-04-08T07:30:00Z,PL,88.52,15
2026-04-08T07:30:00Z,PT,85.01,15
2026-04-08T07:30:00Z,SE1,52.03,15
2026-04-08T07:30:00Z,SE2,55.23,15
2026-04-08T07:30:00Z,SE3,67.85,15
2026-04-08T07:30:00Z,SE4,73.82,15
2026-04-08T07:30:00Z,SI,103.12,15
2026-04-08T07:30:00Z,SK,73.85,15
2026-04-08T07:45:00Z,AT,53.59,15
2026-04-08T07:45:00Z,BE,95.27,15
2026-04-08T07:45:00Z,CZ,54.99,15
2026-04-08T07:45:00Z,DE-LU,61.94,15
2026-04-08T07:45:00Z,DK1,61.94,15
2026-04-08T07:45:00Z,DK2,61.92,15
2026-04-08T07:45:00Z,EE,23.08,15
2026-04-08T07:45:00Z,ES,30.00,15
2026-04-08T07:45:00Z,FI,42.26,15
2026-04-08T07:45:00Z,FR,40.00,15
2026-04-08T07:45:00Z,GR,-0.01,15
2026-04-08T07:45:00Z,HR,2.11,15
2026-04-08T07:45:00Z,HU,48.10,15
2026-04-08T07:45:00Z,IT-CNorth,161.56,15
2026-04-08T07:45:00Z,IT-CSouth,161.56,15
2026-04-08T07:45:00Z,IT-North,161.56,15
2026-04-08T07:45:00Z,IT-Sardinia,161.56,15
2026-04-08T07:45:00Z,IT-Sicily,161.56,15
2026-04-08T07:45:00Z,IT-South,161.56,15
2026-04-08T07:45:00Z,LT,13.00,15
2026-04-08T07:45:00Z,LV,13.00,15
2026-04-08T07:45:00Z,NL,72.42,15
2026-04-08T07:45:00Z,NO1,114.39,15
2026-04-08T07:45:00Z,NO2,110.04,15
2026-04-08T07:45:00Z,NO3,144.16,15
2026-04-08T07:45:00Z,NO4,5.16,15
2026-04-08T07:45:00Z,NO5,138.08,15
2026-04-08T07:45:00Z,PL,63.15,15
2026-04-08T07:45:00Z,PT,66.18,15
2026-04-08T07:45:00Z,RO,-0.01,15
2026-04-08T07:45:00Z,SE1,32.04,15
2026-04-08T07:45:00Z,SE2,36.97,15
2026-04-08T07:45:00Z,SE3,52.66,15
2026-04-08T07:45:00Z,SE4,60.11,15
2026-04-08T07:45:00Z,SI,70.34,15
2026-04-08T07:45:00Z,SK,51.21,15
2026-04-08T08:00:00Z,AT,94.45,15
2026-04-08T08:00:00Z,BE,101.88,15
2026-04-08T08:00:00Z,CH,51.60,60
2026-04-08T08:00:00Z,CZ,97.88,15
2026-04-08T08:00:00Z,DE-LU,102.36,15
2026-04-08T08:00:00Z,DK1,102.36,15
2026-04-08T08:00:00Z,DK2,98.48,15
2026-04-08T08:00:00Z,EE,14.71,15
2026-04-08T08:00:00Z,ES,37.54,15
2026-04-08T08:00:00Z,FI,92.95,15
2026-04-08T08:00:00Z,FR,63.90,15
2026-04-08T08:00:00Z,GR,-0.02,15
2026-04-08T08:00:00Z,HR,93.57,15
2026-04-08T08:00:00Z,HU,95.94,15
2026-04-08T08:00:00Z,IT-CNorth,149.35,15
2026-04-08T08:00:00Z,IT-CSouth,149.35,15
2026-04-08T08:00:00Z,IT-North,149.35,15
2026-04-08T08:00:00Z,IT-Sardinia,149.35,15
2026-04-08T08:00:00Z,IT-Sicily,143.67,15
2026-04-08T08:00:00Z,IT-South,149.35,15
2026-04-08T08:00:00Z,LT,14.71,15
2026-04-08T08:00:00Z,LV,14.71,15
2026-04-08T08:00:00Z,NL,103.63,15
2026-04-08T08:00:00Z,NO1,113.23,15
2026-04-08T08:00:00Z,NO2,111.92,15
2026-04-08T08:00:00Z,NO3,120.87,15
2026-04-08T08:00:00Z,NO4,82.42,15
2026-04-08T08:00:00Z,NO5,120.26,15
2026-04-08T08:00:00Z,PL,97.95,15
2026-04-08T08:00:00Z,PT,64.99,15
2026-04-08T08:00:00Z,RO,0.00,15
2026-04-08T08:00:00Z,RS,39.35,15
2026-04-08T08:00:00Z,SE1,90.06,15
2026-04-08T08:00:00Z,SE2,91.41,15
2026-04-08T08:00:00Z,SE3,95.88,15
2026-04-08T08:00:00Z,SE4,97.89,15
2026-04-08T08:00:00Z,SI,93.20,15
2026-04-08T08:00:00Z,SK,96.39,15
2026-04-08T08:15:00Z,AT,65.83,15
2026-04-08T08:15:00Z,BE,75.38,15
2026-04-08T08:15:00Z,CZ,70.33,15
2026-04-08T08:15:00Z,DE-LU,75.99,15
2026-04-08T08:15:00Z,DK1,77.59,15
2026-04-08T08:15:00Z,DK2,70.13,15
2026-04-08T08:15:00Z,EE,13.14,15
2026-04-08T08:15:00Z,ES,20.00,15
2026-04-08T08:15:00Z,FI,69.91,15
2026-04-08T08:15:00Z,FR,27.29,15
2026-04-08T08:15:00Z,GR,-0.10,15
2026-04-08T08:15:00Z,HR,64.80,15
2026-04-08T08:15:00Z,HU,67.58,15
2026-04-08T08:15:00Z,IT-CNorth,145.03,15
2026-04-08T08:15:00Z,IT-CSouth,145.03,15
2026-04-08T08:15:00Z,IT-North,145.03,15
2026-04-08T08:15:00Z,IT-Sardinia,145.03,15
2026-04-08T08:15:00Z,IT-Sicily,142.00,15
2026-04-08T08:15:00Z,IT-South,145.03,15
2026-04-08T08:15:00Z,LT,13.14,15
2026-04-08T08:15:00Z,LV,13.14,15
2026-04-08T08:15:00Z,NL,77.59,15
2026-04-08T08:15:00Z,NO1,107.43,15
2026-04-08T08:15:00Z,NO2,104.32,15
2026-04-08T08:15:00Z,NO3,126.61,15
2026-04-08T08:15:00Z,NO4,29.48,15
2026-04-08T08:15:00Z,NO5,124.92,15
2026-04-08T08:15:00Z,PL,70.64,15
2026-04-08T08:15:00Z,PT,56.84,15
2026-04-08T08:15:00Z,RO,-0.10,15
2026-04-08T08:15:00Z,SE1,48.82,15
2026-04-08T08:15:00Z,SE2,52.24,15
2026-04-08T08:15:00Z,SE3,63.56,15
2026-04-08T08:15:00Z,SE4,68.66,15
2026-04-08T08:15:00Z,SI,64.23,15
2026-04-08T08:15:00Z,SK,68.42,15
2026-04-08T08:30:00Z,AT,26.20,15
2026-04-08T08:30:00Z,BE,26.13,15
2026-04-08T08:30:00Z,CZ,26.13,15
2026-04-08T08:30:00Z,DE-LU,26.13,15
2026-04-08T08:30:00Z,DK1,46.98,15
2026-04-08T08:30:00Z,DK2,46.96,15
2026-04-08T08:30:00Z,EE,11.97,15
2026-04-08T08:30:00Z,ES,21.94,15
2026-04-08T08:30:00Z,FI,76.75,15
2026-04-08T08:30:00Z,FR,26.14,15
2026-04-08T08:30:00Z,GR,-0.20,15
2026-04-08T08:30:00Z,HR,26.16,15
2026-04-08T08:30:00Z,HU,26.27,15
2026-04-08T08:30:00Z,IT-CNorth,135.16,15
2026-04-08T08:30:00Z,IT-CSouth,135.16,15
2026-04-08T08:30:00Z,IT-North,135.16,15
2026-04-08T08:30:00Z,IT-Sardinia,135.16,15
2026-04-08T08:30:00Z,IT-Sicily,128.05,15
2026-04-08T08:30:00Z,IT-South,135.16,15
2026-04-08T08:30:00Z,LT,11.97,15
2026-04-08T08:30:00Z,LV,11.97,15
2026-04-08T08:30:00Z,NL,26.13,15
2026-04-08T08:30:00Z,NO1,101.09,15
2026-04-08T08:30:00Z,NO2,96.58,15
2026-04-08T08:30:00Z,NO3,128.93,15
2026-04-08T08:30:00Z,NO4,-12.05,15
2026-04-08T08:30:00Z,NO5,126.47,15
2026-04-08T08:30:00Z,PL,62.76,15
2026-04-08T08:30:00Z,PT,53.70,15
2026-04-08T08:30:00Z,RO,-0.20,15
2026-04-08T08:30:00Z,SE1,16.02,15
2026-04-08T08:30:00Z,SE2,20.99,15
2026-04-08T08:30:00Z,SE3,37.41,15
2026-04-08T08:30:00Z,SE4,44.82,15
2026-04-08T08:30:00Z,SI,26.21,15
2026-04-08T08:30:00Z,SK,26.14,15
2026-04-08T08:45:00Z,AT,0.00,15
2026-04-08T08:45:00Z,BE,0.00,15
2026-04-08T08:45:00Z,CZ,0.00,15
2026-04-08T08:45:00Z,DE-LU,0.00,15
2026-04-08T08:45:00Z,DK1,42.88,15
2026-04-08T08:45:00Z,DK2,41.06,15
2026-04-08T08:45:00Z,EE,9.26,15
2026-04-08T08:45:00Z,ES,20.00,15
2026-04-08T08:45:00Z,FI,82.86,15
2026-04-08T08:45:00Z,FR,0.00,15
2026-04-08T08:45:00Z,GR,-0.10,15
2026-04-08T08:45:00Z,HR,0.00,15
2026-04-08T08:45:00Z,HU,0.00,15
2026-04-08T08:45:00Z,IT-CNorth,126.76,15
2026-04-08T08:45:00Z,IT-CSouth,126.76,15
2026-04-08T08:45:00Z,IT-North,126.76,15
2026-04-08T08:45:00Z,IT-Sardinia,126.76,15
2026-04-08T08:45:00Z,IT-Sicily,120.93,15
2026-04-08T08:45:00Z,IT-South,126.76,15
2026-04-08T08:45:00Z,LT,3.81,15
2026-04-08T08:45:00Z,LV,3.81,15
2026-04-08T08:45:00Z,NL,0.00,15
2026-04-08T08:45:00Z,NO1,100.58,15
2026-04-08T08:45:00Z,NO2,95.62,15
2026-04-08T08:45:00Z,NO3,131.18,15
2026-04-08T08:45:00Z,NO4,-23.81,15
2026-04-08T08:45:00Z,NO5,128.48,15
2026-04-08T08:45:00Z,PL,83.84,15
2026-04-08T08:45:00Z,PT,50.00,15
2026-04-08T08:45:00Z,RO,0.00,15
2026-04-08T08:45:00Z,SE1,7.05,15
2026-04-08T08:45:00Z,SE2,12.52,15
2026-04-08T08:45:00Z,SE3,30.57,15
2026-04-08T08:45:00Z,SE4,38.71,15
2026-04-08T08:45:00Z,SI,0.00,15
2026-04-08T08:45:00Z,SK,0.00,15
2026-04-08T09:00:00Z,AT,5.91,15
2026-04-08T09:00:00Z,BE,5.90,15
2026-04-08T09:00:00Z,CH,0.57,60
2026-04-08T09:00:00Z,CZ,5.92,15
2026-04-08T09:00:00Z,DE-LU,5.90,15
2026-04-08T09:00:00Z,DK1,49.40,15
2026-04-08T09:00:00Z,DK2,49.39,15
2026-04-08T09:00:00Z,EE,7.08,15
2026-04-08T09:00:00Z,ES,25.00,15
2026-04-08T09:00:00Z,FI,53.80,15
2026-04-08T09:00:00Z,FR,5.90,15
2026-04-08T09:00:00Z,GR,-0.20,15
2026-04-08T09:00:00Z,HR,5.77,15
2026-04-08T09:00:00Z,HU,6.00,15
2026-04-08T09:00:00Z,IT-CNorth,146.78,15
2026-04-08T09:00:00Z,IT-CSouth,146.78,15
2026-04-08T09:00:00Z,IT-North,146.78,15
2026-04-08T09:00:00Z,IT-Sardinia,146.78,15
2026-04-08T09:00:00Z,IT-Sicily,127.26,15
2026-04-08T09:00:00Z,IT-South,146.78,15
2026-04-08T09:00:00Z,LT,5.91,15
2026-04-08T09:00:00Z,LV,5.91,15
2026-04-08T09:00:00Z,NL,5.90,15
2026-04-08T09:00:00Z,NO1,101.22,15
2026-04-08T09:00:00Z,NO2,97.62,15
2026-04-08T09:00:00Z,NO3,119.75,15
2026-04-08T09:00:00Z,NO4,2.23,15
2026-04-08T09:00:00Z,NO5,121.46,15
2026-04-08T09:00:00Z,PL,76.95,15
2026-04-08T09:00:00Z,PT,35.00,15
2026-04-08T09:00:00Z,RO,-0.20,15
2026-04-08T09:00:00Z,RS,0.00,15
2026-04-08T09:00:00Z,SE1,24.74,15
2026-04-08T09:00:00Z,SE2,29.04,15
2026-04-08T09:00:00Z,SE3,41.87,15
2026-04-08T09:00:00Z,SE4,47.69,15
2026-04-08T09:00:00Z,SI,5.86,15
2026-04-08T09:00:00Z,SK,5.94,15
2026-04-08T09:15:00Z,AT,-0.01,15
2026-04-08T09:15:00Z,BE,-0.01,15
2026-04-08T09:15:00Z,CZ,-0.01,15
2026-04-08T09:15:00Z,DE-LU,-0.01,15
2026-04-08T09:15:00Z,DK1,39.80,15
2026-04-08T09:15:00Z,DK2,39.79,15
2026-04-08T09:15:00Z,EE,6.02,15
2026-04-08T09:15:00Z,ES,20.18,15
2026-04-08T09:15:00Z,FI,52.32,15
2026-04-08T09:15:00Z,FR,-0.01,15
2026-04-08T09:15:00Z,GR,-1.00,15
2026-04-08T09:15:00Z,HR,-0.03,15
2026-04-08T09:15:00Z,HU,0.01,15
2026-04-08T09:15:00Z,IT-Sicily,101.77,15
2026-04-08T09:15:00Z,LT,5.00,15
2026-04-08T09:15:00Z,LV,5.00,15
2026-04-08T09:15:00Z,NL,-0.01,15
2026-04-08T09:15:00Z,NO1,103.25,15
2026-04-08T09:15:00Z,NO2,100.24,15
2026-04-08T09:15:00Z,NO3,111.54,15
2026-04-08T09:15:00Z,NO4,0.43,15
2026-04-08T09:15:00Z,NO5,120.07,15
2026-04-08T09:15:00Z,PL,77.04,15
2026-04-08T09:15:00Z,PT,28.68,15
2026-04-08T09:15:00Z,RO,-1.00,15
2026-04-08T09:15:00Z,SE1,19.23,15
2026-04-08T09:15:00Z,SE2,22.82,15
2026-04-08T09:15:00Z,SE3,33.52,15
2026-04-08T09:15:00Z,SE4,38.37,15
2026-04-08T09:15:00Z,SI,-0.01,15
2026-04-08T09:15:00Z,SK,0.00,15
2026-04-08T09:30:00Z,AT,-1.09,15
2026-04-08T09:30:00Z,BE,-1.09,15
2026-04-08T09:30:00Z,CZ,-1.09,15
2026-04-08T09:30:00Z,DE-LU,-1.09,15
2026-04-08T09:30:00Z,DK1,29.76,15
2026-04-08T09:30:00Z,DK2,29.75,15
2026-04-08T09:30:00Z,EE,9.25,15
2026-04-08T09:30:00Z,ES,16.14,15
2026-04-08T09:30:00Z,FI,59.54,15
2026-04-08T09:30:00Z,FR,-1.09,15
2026-04-08T09:30:00Z,GR,-1.09,15
2026-04-08T09:30:00Z,HR,-1.09,15
2026-04-08T09:30:00Z,HU,-1.09,15
2026-04-08T09:30:00Z,IT-CNorth,129.80,15
2026-04-08T09:30:00Z,IT-CSouth,129.80,15
2026-04-08T09:30:00Z,IT-North,129.80,15
2026-04-08T09:30:00Z,IT-Sardinia,129.80,15
2026-04-08T09:30:00Z,IT-Sicily,93.71,15
2026-04-08T09:30:00Z,IT-South,129.80,15
2026-04-08T09:30:00Z,LT,9.25,15
2026-04-08T09:30:00Z,LV,9.25,15
2026-04-08T09:30:00Z,NL,-1.09,15
2026-04-08T09:30:00Z,NO1,104.57,15
2026-04-08T09:30:00Z,NO2,102.11,15
2026-04-08T09:30:00Z,NO3,103.01,15
2026-04-08T09:30:00Z,NO4,-2.17,15
2026-04-08T09:30:00Z,NO5,118.14,15
2026-04-08T09:30:00Z,PL,55.32,15
2026-04-08T09:30:00Z,PT,26.64,15
2026-04-08T09:30:00Z,RO,-1.09,15
2026-04-08T09:30:00Z,SE1,13.08,15
2026-04-08T09:30:00Z,SE2,16.00,15
2026-04-08T09:30:00Z,SE3,24.67,15
2026-04-08T09:30:00Z,SE4,28.60,15
2026-04-08T09:30:00Z,SI,-1.09,15
2026-04-08T09:30:00Z,SK,-1.09,15
2026-04-08T09:45:00Z,AT,-5.00,15
2026-04-08T09:45:00Z,BE,-5.00,15
2026-04-08T09:45:00Z,CZ,-5.00,15
2026-04-08T09:45:00Z,DE-LU,-5.00,15
2026-04-08T09:45:00Z,DK1,25.40,15
2026-04-08T09:45:00Z,DK2,24.07,15
2026-04-08T09:45:00Z,EE,8.56,15
2026-04-08T09:45:00Z,ES,15.00,15
2026-04-08T09:45:00Z,FI,56.71,15
2026-04-08T09:45:00Z,FR,-5.00,15
2026-04-08T09:45:00Z,GR,-5.00,15
2026-04-08T09:45:00Z,HR,-5.00,15
2026-04-08T09:45:00Z,HU,-5.00,15
2026-04-08T09:45:00Z,IT-CNorth,126.76,15
2026-04-08T09:45:00Z,IT-CSouth,126.76,15
2026-04-08T09:45:00Z,IT-North,126.76,15
2026-04-08T09:45:00Z,IT-Sardinia,126.76,15
2026-04-08T09:45:00Z,IT-Sicily,85.26,15
2026-04-08T09:45:00Z,IT-South,126.76,15
2026-04-08T09:45:00Z,LT,8.56,15
2026-04-08T09:45:00Z,LV,8.56,15
2026-04-08T09:45:00Z,NL,-5.00,15
2026-04-08T09:45:00Z,NO1,102.85,15
2026-04-08T09:45:00Z,NO2,101.56,15
2026-04-08T09:45:00Z,NO3,96.08,15
2026-04-08T09:45:00Z,NO4,-0.04,15
2026-04-08T09:45:00Z,NO5,117.67,15
2026-04-08T09:45:00Z,PL,22.01,15
2026-04-08T09:45:00Z,PT,26.12,15
2026-04-08T09:45:00Z,RO,-5.00,15
2026-04-08T09:45:00Z,SE1,11.50,15
2026-04-08T09:45:00Z,SE2,13.70,15
2026-04-08T09:45:00Z,SE3,20.24,15
2026-04-08T09:45:00Z,SE4,23.20,15
2026-04-08T09:45:00Z,SI,-5.00,15
2026-04-08T09:45:00Z,SK,-5.00,15
2026-04-08T10:00:00Z,AT,-5.30,15
2026-04-08T10:00:00Z,BE,-5.30,15
2026-04-08T10:00:00Z,CH,-3.98,60
2026-04-08T10:00:00Z,CZ,-5.30,15
2026-04-08T10:00:00Z,DE-LU,-5.30,15
2026-04-08T10:00:00Z,DK1,47.39,15
2026-04-08T10:00:00Z,DK2,48.69,15
2026-04-08T10:00:00Z,EE,9.26,15
2026-04-08T10:00:00Z,ES,24.25,15
2026-04-08T10:00:00Z,FI,66.62,15
2026-04-08T10:00:00Z,FR,-5.30,15
2026-04-08T10:00:00Z,GR,-5.30,15
2026-04-08T10:00:00Z,HR,-5.30,15
2026-04-08T10:00:00Z,HU,-5.30,15
2026-04-08T10:00:00Z,IT-CNorth,61.75,15
2026-04-08T10:00:00Z,IT-CSouth,61.75,15
2026-04-08T10:00:00Z,IT-North,61.75,15
2026-04-08T10:00:00Z,IT-Sardinia,61.75,15
2026-04-08T10:00:00Z,IT-Sicily,61.75,15
2026-04-08T10:00:00Z,IT-South,61.75,15
2026-04-08T10:00:00Z,LT,9.26,15
2026-04-08T10:00:00Z,LV,9.26,15
2026-04-08T10:00:00Z,NL,-5.30,15
2026-04-08T10:00:00Z,NO1,97.09,15
2026-04-08T10:00:00Z,NO2,93.14,15
2026-04-08T10:00:00Z,NO3,123.07,15
2026-04-08T10:00:00Z,NO4,0.00,15
2026-04-08T10:00:00Z,NO5,120.43,15
2026-04-08T10:00:00Z,PL,64.89,15
2026-04-08T10:00:00Z,PT,21.00,15
2026-04-08T10:00:00Z,RO,-5.30,15
2026-04-08T10:00:00Z,SE1,20.82,15
2026-04-08T10:00:00Z,SE2,25.68,15
2026-04-08T10:00:00Z,SE3,40.23,15
2026-04-08T10:00:00Z,SE4,46.90,15
2026-04-08T10:00:00Z,SI,-5.30,15
2026-04-08T10:00:00Z,SK,-5.30,15
2026-04-08T10:15:00Z,AT,-11.08,15
2026-04-08T10:15:00Z,BE,-16.63,15
2026-04-08T10:15:00Z,CZ,-9.96,15
2026-04-08T10:15:00Z,DE-LU,-18.71,15
2026-04-08T10:15:00Z,DK1,39.15,15
2026-04-08T10:15:00Z,DK2,39.13,15
2026-04-08T10:15:00Z,EE,9.25,15
2026-04-08T10:15:00Z,ES,33.95,15
2026-04-08T10:15:00Z,FI,68.04,15
2026-04-08T10:15:00Z,FR,-16.63,15
2026-04-08T10:15:00Z,GR,-6.71,15
2026-04-08T10:15:00Z,HR,-8.62,15
2026-04-08T10:15:00Z,HU,-6.71,15
2026-04-08T10:15:00Z,IT-CNorth,56.71,15
2026-04-08T10:15:00Z,IT-CSouth,56.71,15
2026-04-08T10:15:00Z,IT-North,56.71,15
2026-04-08T10:15:00Z,IT-Sardinia,56.71,15
2026-04-08T10:15:00Z,IT-Sicily,56.71,15
2026-04-08T10:15:00Z,IT-South,56.71,15
2026-04-08T10:15:00Z,LT,9.25,15
2026-04-08T10:15:00Z,LV,9.25,15
2026-04-08T10:15:00Z,NL,-18.30,15
2026-04-08T10:15:00Z,NO1,97.15,15
2026-04-08T10:15:00Z,NO2,93.23,15
2026-04-08T10:15:00Z,NO3,121.17,15
2026-04-08T10:15:00Z,NO4,-0.01,15
2026-04-08T10:15:00Z,NO5,120.30,15
2026-04-08T10:15:00Z,PL,50.81,15
2026-04-08T10:15:00Z,PT,13.95,15
2026-04-08T10:15:00Z,RO,-6.71,15
2026-04-08T10:15:00Z,SE1,10.97,15
2026-04-08T10:15:00Z,SE2,16.00,15
2026-04-08T10:15:00Z,SE3,30.70,15
2026-04-08T10:15:00Z,SE4,37.35,15
2026-04-08T10:15:00Z,SI,-9.66,15
2026-04-08T10:15:00Z,SK,-5.01,15
2026-04-08T10:30:00Z,AT,-12.52,15
2026-04-08T10:30:00Z,BE,-19.02,15
2026-04-08T10:30:00Z,CZ,-11.19,15
2026-04-08T10:30:00Z,DE-LU,-21.57,15
2026-04-08T10:30:00Z,DK1,35.76,15
2026-04-08T10:30:00Z,DK2,35.74,15
2026-04-08T10:30:00Z,EE,8.91,15
2026-04-08T10:30:00Z,ES,28.44,15
2026-04-08T10:30:00Z,FI,64.39,15
2026-04-08T10:30:00Z,FR,-19.02,15
2026-04-08T10:30:00Z,GR,-7.66,15
2026-04-08T10:30:00Z,HR,-10.00,15
2026-04-08T10:30:00Z,HU,-7.25,15
2026-04-08T10:30:00Z,IT-CNorth,53.00,15
2026-04-08T10:30:00Z,IT-CSouth,53.00,15
2026-04-08T10:30:00Z,IT-North,53.00,15
2026-04-08T10:30:00Z,IT-Sardinia,53.00,15
2026-04-08T10:30:00Z,IT-Sicily,53.00,15
2026-04-08T10:30:00Z,IT-South,53.00,15
2026-04-08T10:30:00Z,LT,8.91,15
2026-04-08T10:30:00Z,LV,8.91,15
2026-04-08T10:30:00Z,NL,-21.44,15
2026-04-08T10:30:00Z,NO1,97.25,15
2026-04-08T10:30:00Z,NO2,93.35,15
2026-04-08T10:30:00Z,NO3,120.35,15
2026-04-08T10:30:00Z,NO5,120.24,15
2026-04-08T10:30:00Z,PL,41.48,15
2026-04-08T10:30:00Z,PT,8.44,15
2026-04-08T10:30:00Z,RO,-7.66,15
2026-04-08T10:30:00Z,SE1,7.60,15
2026-04-08T10:30:00Z,SE2,12.66,15
2026-04-08T10:30:00Z,SE3,27.35,15
2026-04-08T10:30:00Z,SE4,33.97,15
2026-04-08T10:30:00Z,SI,-10.96,15
2026-04-08T10:30:00Z,SK,-5.29,15
2026-04-08T10:45:00Z,AT,-15.31,15
2026-04-08T10:45:00Z,BE,-25.74,15
2026-04-08T10:45:00Z,CZ,-14.17,15
2026-04-08T10:45:00Z,DE-LU,-29.73,15
2026-04-08T10:45:00Z,DK1,32.19,15
2026-04-08T10:45:00Z,DK2,32.17,15
2026-04-08T10:45:00Z,EE,11.15,15
2026-04-08T10:45:00Z,ES,15.22,15
2026-04-08T10:45:00Z,FI,62.11,15
2026-04-08T10:45:00Z,FR,-25.74,15
2026-04-08T10:45:00Z,GR,-7.85,15
2026-04-08T10:45:00Z,HR,-11.06,15
2026-04-08T10:45:00Z,HU,-7.85,15
2026-04-08T10:45:00Z,IT-CNorth,52.25,15
2026-04-08T10:45:00Z,IT-CSouth,52.25,15
2026-04-08T10:45:00Z,IT-North,52.25,15
2026-04-08T10:45:00Z,IT-Sardinia,52.25,15
2026-04-08T10:45:00Z,IT-Sicily,52.25,15
2026-04-08T10:45:00Z,IT-South,52.25,15
2026-04-08T10:45:00Z,LT,11.15,15
2026-04-08T10:45:00Z,LV,11.15,15
2026-04-08T10:45:00Z,NL,-29.22,15
2026-04-08T10:45:00Z,NO1,97.34,15
2026-04-08T10:45:00Z,NO2,93.47,15
2026-04-08T10:45:00Z,NO3,119.43,15
2026-04-08T10:45:00Z,NO4,0.00,15
2026-04-08T10:45:00Z,NO5,120.13,15
2026-04-08T10:45:00Z,PL,32.82,15
2026-04-08T10:45:00Z,PT,7.17,15
2026-04-08T10:45:00Z,RO,-7.85,15
2026-04-08T10:45:00Z,SE1,4.07,15
2026-04-08T10:45:00Z,SE2,9.16,15
2026-04-08T10:45:00Z,SE3,23.83,15
2026-04-08T10:45:00Z,SE4,30.41,15
2026-04-08T10:45:00Z,SI,-12.79,15
2026-04-08T10:45:00Z,SK,-5.08,15
2026-04-08T11:00:00Z,AT,-15.60,15
2026-04-08T11:00:00Z,BE,-25.26,15
2026-04-08T11:00:00Z,CH,-6.88,60
2026-04-08T11:00:00Z,CZ,-13.10,15
2026-04-08T11:00:00Z,DE-LU,-26.72,15
2026-04-08T11:00:00Z,DK1,42.78,15
2026-04-08T11:00:00Z,DK2,42.77,15
2026-04-08T11:00:00Z,EE,9.99,15
2026-04-08T11:00:00Z,ES,14.00,15
2026-04-08T11:00:00Z,FI,62.48,15
2026-04-08T11:00:00Z,FR,-24.23,15
2026-04-08T11:00:00Z,GR,-7.62,15
2026-04-08T11:00:00Z,HR,-10.12,15
2026-04-08T11:00:00Z,HU,-7.29,15
2026-04-08T11:00:00Z,IT-CNorth,49.50,15
2026-04-08T11:00:00Z,IT-CSouth,49.50,15
2026-04-08T11:00:00Z,IT-North,49.50,15
2026-04-08T11:00:00Z,IT-Sardinia,49.50,15
2026-04-08T11:00:00Z,IT-Sicily,40.77,15
2026-04-08T11:00:00Z,IT-South,49.50,15
2026-04-08T11:00:00Z,LT,9.99,15
2026-04-08T11:00:00Z,LV,9.99,15
2026-04-08T11:00:00Z,NL,-25.93,15
2026-04-08T11:00:00Z,NO1,91.29,15
2026-04-08T11:00:00Z,NO2,87.57,15
2026-04-08T11:00:00Z,NO3,119.40,15
2026-04-08T11:00:00Z,NO5,114.38,15
2026-04-08T11:00:00Z,PL,37.75,15
2026-04-08T11:00:00Z,PT,5.41,15
2026-04-08T11:00:00Z,RO,-7.62,15
2026-04-08T11:00:00Z,SE1,16.00,15
2026-04-08T11:00:00Z,SE2,20.62,15
2026-04-08T11:00:00Z,SE3,34.59,15
2026-04-08T11:00:00Z,SE4,41.22,15
2026-04-08T11:00:00Z,SI,-10.91,15
2026-04-08T11:00:00Z,SK,-4.96,15
2026-04-08T11:15:00Z,AT,-18.73,15
2026-04-08T11:15:00Z,BE,-29.29,15
2026-04-08T11:15:00Z,CZ,-15.10,15
2026-04-08T11:15:00Z,DE-LU,-30.91,15
2026-04-08T11:15:00Z,DK1,38.24,15
2026-04-08T11:15:00Z,DK2,38.22,15
2026-04-08T11:15:00Z,EE,11.89,15
2026-04-08T11:15:00Z,ES,8.41,15
2026-04-08T11:15:00Z,FI,66.02,15
2026-04-08T11:15:00Z,FR,-28.14,15
2026-04-08T11:15:00Z,GR,-7.85,15
2026-04-08T11:15:00Z,HR,-12.26,15
2026-04-08T11:15:00Z,HU,-6.87,15
2026-04-08T11:15:00Z,IT-CNorth,50.00,15
2026-04-08T11:15:00Z,IT-CSouth,50.00,15
2026-04-08T11:15:00Z,IT-North,50.00,15
2026-04-08T11:15:00Z,IT-Sardinia,50.00,15
2026-04-08T11:15:00Z,IT-South,50.00,15
2026-04-08T11:15:00Z,LT,11.89,15
2026-04-08T11:15:00Z,LV,11.89,15
2026-04-08T11:15:00Z,NL,-30.03,15
2026-04-08T11:15:00Z,NO1,91.24,15
2026-04-08T11:15:00Z,NO2,87.53,15
2026-04-08T11:15:00Z,NO3,118.53,15
2026-04-08T11:15:00Z,NO5,114.25,15
2026-04-08T11:15:00Z,PL,36.74,15
2026-04-08T11:15:00Z,RO,-7.85,15
2026-04-08T11:15:00Z,SE1,11.30,15
2026-04-08T11:15:00Z,SE2,15.99,15
2026-04-08T11:15:00Z,SE3,30.04,15
2026-04-08T11:15:00Z,SE4,36.68,15
2026-04-08T11:15:00Z,SI,-14.35,15
2026-04-08T11:15:00Z,SK,-4.33,15
2026-04-08T11:30:00Z,AT,-20.08,15
2026-04-08T11:30:00Z,BE,-31.81,15
2026-04-08T11:30:00Z,CZ,-16.62,15
2026-04-08T11:30:00Z,DE-LU,-33.56,15
2026-04-08T11:30:00Z,DK1,35.17,15
2026-04-08T11:30:00Z,DK2,35.15,15
2026-04-08T11:30:00Z,EE,12.22,15
2026-04-08T11:30:00Z,ES,9.87,15
2026-04-08T11:30:00Z,FI,68.87,15
2026-04-08T11:30:00Z,FR,-30.58,15
2026-04-08T11:30:00Z,GR,-8.44,15
2026-04-08T11:30:00Z,HR,-13.96,15
2026-04-08T11:30:00Z,HU,-8.44,15
2026-04-08T11:30:00Z,IT-CNorth,52.25,15
2026-04-08T11:30:00Z,IT-CSouth,52.25,15
2026-04-08T11:30:00Z,IT-North,52.25,15
2026-04-08T11:30:00Z,IT-Sardinia,52.25,15
2026-04-08T11:30:00Z,IT-South,52.25,15
2026-04-08T11:30:00Z,LT,12.22,15
2026-04-08T11:30:00Z,LV,12.22,15
2026-04-08T11:30:00Z,NL,-32.61,15
2026-04-08T11:30:00Z,NO1,90.66,15
2026-04-08T11:30:00Z,NO2,86.86,15
2026-04-08T11:30:00Z,NO3,119.09,15
2026-04-08T11:30:00Z,NO5,114.29,15
2026-04-08T11:30:00Z,PL,32.87,15
2026-04-08T11:30:00Z,PT,3.87,15
2026-04-08T11:30:00Z,RO,-8.44,15
2026-04-08T11:30:00Z,SE1,7.31,15
2026-04-08T11:30:00Z,SE2,12.22,15
2026-04-08T11:30:00Z,SE3,26.74,15
2026-04-08T11:30:00Z,SE4,33.57,15
2026-04-08T11:30:00Z,SI,-16.00,15
2026-04-08T11:30:00Z,SK,-5.57,15
2026-04-08T11:45:00Z,AT,-23.87,15
2026-04-08T11:45:00Z,BE,-37.85,15
2026-04-08T11:45:00Z,CZ,-19.75,15
2026-04-08T11:45:00Z,DE-LU,-39.93,15
2026-04-08T11:45:00Z,DK1,34.08,15
2026-04-08T11:45:00Z,DK2,34.06,15
2026-04-08T11:45:00Z,EE,12.51,15
2026-04-08T11:45:00Z,ES,5.41,15
2026-04-08T11:45:00Z,FI,68.95,15
2026-04-08T11:45:00Z,FR,-36.38,15
2026-04-08T11:45:00Z,GR,-10.00,15
2026-04-08T11:45:00Z,HR,-16.57,15
2026-04-08T11:45:00Z,HU,-10.00,15
2026-04-08T11:45:00Z,LT,12.51,15
2026-04-08T11:45:00Z,LV,12.51,15
2026-04-08T11:45:00Z,NL,-38.81,15
2026-04-08T11:45:00Z,NO1,89.97,15
2026-04-08T11:45:00Z,NO2,86.00,15
2026-04-08T11:45:00Z,NO3,120.93,15
2026-04-08T11:45:00Z,NO5,114.68,15
2026-04-08T11:45:00Z,PL,16.95,15
2026-04-08T11:45:00Z,PT,3.08,15
2026-04-08T11:45:00Z,RO,-10.00,15
2026-04-08T11:45:00Z,SE1,4.82,15
2026-04-08T11:45:00Z,SE2,10.00,15
2026-04-08T11:45:00Z,SE3,25.26,15
2026-04-08T11:45:00Z,SE4,32.41,15
2026-04-08T11:45:00Z,SI,-19.01,15
2026-04-08T11:45:00Z,SK,-6.58,15
2026-04-08T12:00:00Z,AT,-20.51,15
2026-04-08T12:00:00Z,BE,-32.21,15
2026-04-08T12:00:00Z,CH,-6.62,60
2026-04-08T12:00:00Z,CZ,-16.90,15
2026-04-08T12:00:00Z,DE-LU,-34.00,15
2026-04-08T12:00:00Z,DK1,37.26,15
2026-04-08T12:00:00Z,DK2,37.24,15
2026-04-08T12:00:00Z,EE,11.97,15
2026-04-08T12:00:00Z,ES,3.39,15
2026-04-08T12:00:00Z,FI,54.15,15
2026-04-08T12:00:00Z,FR,-30.96,15
2026-04-08T12:00:00Z,GR,-7.85,15
2026-04-08T12:00:00Z,HR,-13.40,15
2026-04-08T12:00:00Z,HU,-7.85,15
2026-04-08T12:00:00Z,IT-CNorth,53.56,15
2026-04-08T12:00:00Z,IT-CSouth,53.56,15
2026-04-08T12:00:00Z,IT-North,53.56,15
2026-04-08T12:00:00Z,IT-Sardinia,53.56,15
2026-04-08T12:00:00Z,IT-South,53.56,15
2026-04-08T12:00:00Z,LT,11.97,15
2026-04-08T12:00:00Z,LV,11.97,15
2026-04-08T12:00:00Z,NL,-33.03,15
2026-04-08T12:00:00Z,NO1,89.81,15
2026-04-08T12:00:00Z,NO2,85.99,15
2026-04-08T12:00:00Z,NO3,117.47,15
2026-04-08T12:00:00Z,NO4,-2.68,15
2026-04-08T12:00:00Z,NO5,113.46,15
2026-04-08T12:00:00Z,PL,11.97,15
2026-04-08T12:00:00Z,RO,-7.85,15
2026-04-08T12:00:00Z,SE1,11.26,15
2026-04-08T12:00:00Z,SE2,16.00,15
2026-04-08T12:00:00Z,SE3,30.40,15
2026-04-08T12:00:00Z,SE4,35.79,15
2026-04-08T12:00:00Z,SI,-15.81,15
2026-04-08T12:00:00Z,SK,-5.70,15
2026-04-08T12:15:00Z,AT,-20.12,15
2026-04-08T12:15:00Z,BE,-31.25,15
2026-04-08T12:15:00Z,CZ,-16.28,15
2026-04-08T12:15:00Z,DE-LU,-33.00,15
2026-04-08T12:15:00Z,DK1,36.92,15
2026-04-08T12:15:00Z,DK2,36.90,15
2026-04-08T12:15:00Z,EE,12.01,15
2026-04-08T12:15:00Z,ES,2.09,15
2026-04-08T12:15:00Z,FI,53.02,15
2026-04-08T12:15:00Z,FR,-30.03,15
2026-04-08T12:15:00Z,GR,-7.51,15
2026-04-08T12:15:00Z,HR,-12.67,15
2026-04-08T12:15:00Z,HU,-6.19,15
2026-04-08T12:15:00Z,IT-CNorth,49.50,15
2026-04-08T12:15:00Z,IT-CSouth,49.50,15
2026-04-08T12:15:00Z,IT-North,49.50,15
2026-04-08T12:15:00Z,IT-Sardinia,49.50,15
2026-04-08T12:15:00Z,IT-South,49.50,15
2026-04-08T12:15:00Z,LT,12.01,15
2026-04-08T12:15:00Z,LV,12.01,15
2026-04-08T12:15:00Z,NL,-32.05,15
2026-04-08T12:15:00Z,NO3,117.44,15
2026-04-08T12:15:00Z,PL,12.01,15
2026-04-08T12:15:00Z,PT,3.01,15
2026-04-08T12:15:00Z,RO,-7.51,15
2026-04-08T12:15:00Z,SE1,10.99,15
2026-04-08T12:15:00Z,SE2,15.73,15
2026-04-08T12:15:00Z,SE3,30.15,15
2026-04-08T12:15:00Z,SE4,35.46,15
2026-04-08T12:15:00Z,SI,-15.12,15
2026-04-08T12:15:00Z,SK,-5.01,15
2026-04-08T12:30:00Z,AT,-18.42,15
2026-04-08T12:30:00Z,BE,-28.39,15
2026-04-08T12:30:00Z,CZ,-14.37,15
2026-04-08T12:30:00Z,DE-LU,-29.99,15
2026-04-08T12:30:00Z,DK1,36.17,15
2026-04-08T12:30:00Z,DK2,36.15,15
2026-04-08T12:30:00Z,EE,12.02,15
2026-04-08T12:30:00Z,ES,3.08,15
2026-04-08T12:30:00Z,FI,64.96,15
2026-04-08T12:30:00Z,FR,-27.27,15
2026-04-08T12:30:00Z,GR,-6.64,15
2026-04-08T12:30:00Z,HR,-11.20,15
2026-04-08T12:30:00Z,HU,-5.56,15
2026-04-08T12:30:00Z,IT-CNorth,48.50,15
2026-04-08T12:30:00Z,IT-CSouth,48.50,15
2026-04-08T12:30:00Z,IT-North,48.50,15
2026-04-08T12:30:00Z,IT-Sardinia,48.50,15
2026-04-08T12:30:00Z,IT-South,48.50,15
2026-04-08T12:30:00Z,LT,12.02,15
2026-04-08T12:30:00Z,LV,12.02,15
2026-04-08T12:30:00Z,NL,-29.12,15
2026-04-08T12:30:00Z,NO1,89.16,15
2026-04-08T12:30:00Z,NO2,85.24,15
2026-04-08T12:30:00Z,NO3,118.28,15
2026-04-08T12:30:00Z,NO5,113.47,15
2026-04-08T12:30:00Z,PL,25.37,15
2026-04-08T12:30:00Z,RO,-6.64,15
2026-04-08T12:30:00Z,SE1,9.05,15
2026-04-08T12:30:00Z,SE2,13.97,15
2026-04-08T12:30:00Z,SE3,28.80,15
2026-04-08T12:30:00Z,SE4,34.64,15
2026-04-08T12:30:00Z,SI,-13.48,15
2026-04-08T12:30:00Z,SK,-3.30,15
2026-04-08T12:45:00Z,AT,-12.98,15
2026-04-08T12:45:00Z,BE,-20.71,15
2026-04-08T12:45:00Z,CZ,-9.84,15
2026-04-08T12:45:00Z,DE-LU,-21.95,15
2026-04-08T12:45:00Z,DK1,37.10,15
2026-04-08T12:45:00Z,DK2,37.08,15
2026-04-08T12:45:00Z,EE,10.63,15
2026-04-08T12:45:00Z,ES,3.00,15
2026-04-08T12:45:00Z,FI,69.34,15
2026-04-08T12:45:00Z,FR,-19.84,15
2026-04-08T12:45:00Z,GR,-3.85,15
2026-04-08T12:45:00Z,HR,-7.38,15
2026-04-08T12:45:00Z,HU,-3.01,15
2026-04-08T12:45:00Z,LT,10.63,15
2026-04-08T12:45:00Z,LV,10.63,15
2026-04-08T12:45:00Z,NL,-21.28,15
2026-04-08T12:45:00Z,NO1,87.90,15
2026-04-08T12:45:00Z,NO2,83.82,15
2026-04-08T12:45:00Z,NO3,119.78,15
2026-04-08T12:45:00Z,NO5,113.30,15
2026-04-08T12:45:00Z,PL,32.58,15
2026-04-08T12:45:00Z,PT,3.00,15
2026-04-08T12:45:00Z,RO,-3.85,15
2026-04-08T12:45:00Z,SE1,7.43,15
2026-04-08T12:45:00Z,SE2,12.60,15
2026-04-08T12:45:00Z,SE3,28.02,15
2026-04-08T12:45:00Z,SE4,35.39,15
2026-04-08T12:45:00Z,SI,-9.15,15
2026-04-08T12:45:00Z,SK,-1.25,15
2026-04-08T13:00:00Z,AT,-12.17,15
2026-04-08T13:00:00Z,BE,-21.52,15
2026-04-08T13:00:00Z,CH,-2.00,60
2026-04-08T13:00:00Z,CZ,-9.39,15
2026-04-08T13:00:00Z,DE-LU,-23.03,15
2026-04-08T13:00:00Z,DK1,28.98,15
2026-04-08T13:00:00Z,DK2,28.96,15
2026-04-08T13:00:00Z,EE,25.00,15
2026-04-08T13:00:00Z,ES,3.08,15
2026-04-08T13:00:00Z,FI,24.97,15
2026-04-08T13:00:00Z,FR,-20.46,15
2026-04-08T13:00:00Z,GR,-3.67,15
2026-04-08T13:00:00Z,HR,-5.45,15
2026-04-08T13:00:00Z,HU,-3.54,15
2026-04-08T13:00:00Z,IT-Sicily,48.50,15
2026-04-08T13:00:00Z,LT,13.16,15
2026-04-08T13:00:00Z,LV,13.16,15
2026-04-08T13:00:00Z,NL,-22.20,15
2026-04-08T13:00:00Z,NO1,75.69,15
2026-04-08T13:00:00Z,NO2,75.00,15
2026-04-08T13:00:00Z,NO3,108.68,15
2026-04-08T13:00:00Z,NO4,-0.08,15
2026-04-08T13:00:00Z,NO5,114.10,15
2026-04-08T13:00:00Z,PL,13.16,15
2026-04-08T13:00:00Z,PT,2.20,15
2026-04-08T13:00:00Z,RO,-3.67,15
2026-04-08T13:00:00Z,SE1,5.74,15
2026-04-08T13:00:00Z,SE2,9.99,15
2026-04-08T13:00:00Z,SE3,22.58,15
2026-04-08T13:00:00Z,SE4,27.69,15
2026-04-08T13:00:00Z,SI,-5.50,15
2026-04-08T13:00:00Z,SK,-1.35,15
2026-04-08T13:15:00Z,AT,-7.51,15
2026-04-08T13:15:00Z,BE,-17.00,15
2026-04-08T13:15:00Z,CZ,-5.30,15
2026-04-08T13:15:00Z,DE-LU,-18.10,15
2026-04-08T13:15:00Z,DK1,32.67,15
2026-04-08T13:15:00Z,DK2,32.66,15
2026-04-08T13:15:00Z,EE,35.04,15
2026-04-08T13:15:00Z,ES,0.00,15
2026-04-08T13:15:00Z,FI,35.00,15
2026-04-08T13:15:00Z,FR,-17.00,15
2026-04-08T13:15:00Z,GR,-0.66,15
2026-04-08T13:15:00Z,HR,-3.16,15
2026-04-08T13:15:00Z,HU,-0.25,15
2026-04-08T13:15:00Z,IT-CNorth,52.25,15
2026-04-08T13:15:00Z,IT-CSouth,52.25,15
2026-04-08T13:15:00Z,IT-North,52.25,15
2026-04-08T13:15:00Z,IT-Sardinia,52.25,15
2026-04-08T13:15:00Z,IT-Sicily,52.25,15
2026-04-08T13:15:00Z,IT-South,52.25,15
2026-04-08T13:15:00Z,LT,16.01,15
2026-04-08T13:15:00Z,LV,16.01,15
2026-04-08T13:15:00Z,NL,-17.40,15
2026-04-08T13:15:00Z,NO1,76.98,15
2026-04-08T13:15:00Z,NO2,75.91,15
2026-04-08T13:15:00Z,NO3,110.39,15
2026-04-08T13:15:00Z,NO4,-0.04,15
2026-04-08T13:15:00Z,NO5,114.08,15
2026-04-08T13:15:00Z,PL,22.71,15
2026-04-08T13:15:00Z,PT,2.09,15
2026-04-08T13:15:00Z,RO,-0.66,15
2026-04-08T13:15:00Z,SE1,7.87,15
2026-04-08T13:15:00Z,SE2,12.21,15
2026-04-08T13:15:00Z,SE3,25.02,15
2026-04-08T13:15:00Z,SE4,31.26,15
2026-04-08T13:15:00Z,SI,-3.89,15
2026-04-08T13:15:00Z,SK,2.09,15
2026-04-08T13:30:00Z,AT,-4.20,15
2026-04-08T13:30:00Z,BE,-9.75,15
2026-04-08T13:30:00Z,CZ,-2.91,15
2026-04-08T13:30:00Z,DE-LU,-10.40,15
2026-04-08T13:30:00Z,DK1,37.02,15
2026-04-08T13:30:00Z,DK2,37.01,15
2026-04-08T13:30:00Z,EE,45.03,15
2026-04-08T13:30:00Z,FI,44.97,15
2026-04-08T13:30:00Z,FR,-9.75,15
2026-04-08T13:30:00Z,GR,-0.20,15
2026-04-08T13:30:00Z,HR,-1.66,15
2026-04-08T13:30:00Z,HU,0.04,15
2026-04-08T13:30:00Z,IT-CNorth,53.00,15
2026-04-08T13:30:00Z,IT-CSouth,53.00,15
2026-04-08T13:30:00Z,IT-North,53.00,15
2026-04-08T13:30:00Z,IT-Sardinia,53.00,15
2026-04-08T13:30:00Z,IT-Sicily,53.00,15
2026-04-08T13:30:00Z,IT-South,53.00,15
2026-04-08T13:30:00Z,LT,13.16,15
2026-04-08T13:30:00Z,LV,13.16,15
2026-04-08T13:30:00Z,NL,-9.99,15
2026-04-08T13:30:00Z,NO1,82.04,15
2026-04-08T13:30:00Z,NO2,79.99,15
2026-04-08T13:30:00Z,NO3,113.12,15
2026-04-08T13:30:00Z,NO4,-0.02,15
2026-04-08T13:30:00Z,NO5,113.97,15
2026-04-08T13:30:00Z,PL,11.11,15
2026-04-08T13:30:00Z,RO,-0.20,15
2026-04-08T13:30:00Z,SE1,11.57,15
2026-04-08T13:30:00Z,SE2,15.99,15
2026-04-08T13:30:00Z,SE3,29.14,15
2026-04-08T13:30:00Z,SE4,35.56,15
2026-04-08T13:30:00Z,SI,-2.09,15
2026-04-08T13:30:00Z,SK,1.41,15
2026-04-08T13:45:00Z,AT,-0.43,15
2026-04-08T13:45:00Z,BE,-1.02,15
2026-04-08T13:45:00Z,CZ,-0.29,15
2026-04-08T13:45:00Z,DE-LU,-1.09,15
2026-04-08T13:45:00Z,DK1,35.27,15
2026-04-08T13:45:00Z,DK2,39.28,15
2026-04-08T13:45:00Z,EE,55.13,15
2026-04-08T13:45:00Z,FI,55.05,15
2026-04-08T13:45:00Z,FR,-1.02,15
2026-04-08T13:45:00Z,GR,0.00,15
2026-04-08T13:45:00Z,HR,-0.16,15
2026-04-08T13:45:00Z,HU,0.02,15
2026-04-08T13:45:00Z,IT-CNorth,61.76,15
2026-04-08T13:45:00Z,IT-CSouth,61.76,15
2026-04-08T13:45:00Z,IT-North,61.76,15
2026-04-08T13:45:00Z,IT-Sardinia,61.76,15
2026-04-08T13:45:00Z,IT-Sicily,61.76,15
2026-04-08T13:45:00Z,IT-South,61.76,15
2026-04-08T13:45:00Z,LT,14.00,15
2026-04-08T13:45:00Z,LV,14.00,15
2026-04-08T13:45:00Z,NL,-1.05,15
2026-04-08T13:45:00Z,NO1,82.45,15
2026-04-08T13:45:00Z,NO2,80.63,15
2026-04-08T13:45:00Z,NO3,111.88,15
2026-04-08T13:45:00Z,NO4,0.00,15
2026-04-08T13:45:00Z,PL,54.15,15
2026-04-08T13:45:00Z,RO,0.00,15
2026-04-08T13:45:00Z,SE1,15.16,15
2026-04-08T13:45:00Z,SE2,19.31,15
2026-04-08T13:45:00Z,SE3,31.77,15
2026-04-08T13:45:00Z,SE4,37.90,15
2026-04-08T13:45:00Z,SI,-0.20,15
2026-04-08T13:45:00Z,SK,0.17,15
2026-04-08T14:00:00Z,AT,-2.06,15
2026-04-08T14:00:00Z,BE,-5.70,15
2026-04-08T14:00:00Z,CH,16.58,60
2026-04-08T14:00:00Z,CZ,-1.54,15
2026-04-08T14:00:00Z,DE-LU,-5.89,15
2026-04-08T14:00:00Z,DK1,35.76,15
2026-04-08T14:00:00Z,DK2,31.71,15
2026-04-08T14:00:00Z,EE,35.03,15
2026-04-08T14:00:00Z,ES,2.00,15
2026-04-08T14:00:00Z,FI,34.99,15
2026-04-08T14:00:00Z,FR,-6.77,15
2026-04-08T14:00:00Z,GR,-0.10,15
2026-04-08T14:00:00Z,HR,-1.02,15
2026-04-08T14:00:00Z,HU,0.09,15
2026-04-08T14:00:00Z,IT-CNorth,77.26,15
2026-04-08T14:00:00Z,IT-CSouth,77.26,15
2026-04-08T14:00:00Z,IT-North,77.26,15
2026-04-08T14:00:00Z,IT-Sardinia,77.26,15
2026-04-08T14:00:00Z,IT-Sicily,77.26,15
2026-04-08T14:00:00Z,IT-South,77.26,15
2026-04-08T14:00:00Z,LT,5.44,15
2026-04-08T14:00:00Z,LV,5.44,15
2026-04-08T14:00:00Z,NL,-5.79,15
2026-04-08T14:00:00Z,NO1,86.45,15
2026-04-08T14:00:00Z,NO2,82.06,15
2026-04-08T14:00:00Z,NO3,117.44,15
2026-04-08T14:00:00Z,NO4,0.01,15
2026-04-08T14:00:00Z,NO5,113.47,15
2026-04-08T14:00:00Z,PL,5.44,15
2026-04-08T14:00:00Z,PT,2.00,15
2026-04-08T14:00:00Z,RO,-0.10,15
2026-04-08T14:00:00Z,RS,20.00,15
2026-04-08T14:00:00Z,SE1,-1.04,15
2026-04-08T14:00:00Z,SE2,4.99,15
2026-04-08T14:00:00Z,SE3,21.73,15
2026-04-08T14:00:00Z,SE4,29.89,15
2026-04-08T14:00:00Z,SI,-1.41,15
2026-04-08T14:00:00Z,SK,0.88,15
2026-04-08T14:15:00Z,AT,0.00,15
2026-04-08T14:15:00Z,BE,-0.01,15
2026-04-08T14:15:00Z,CZ,0.00,15
2026-04-08T14:15:00Z,DE-LU,-0.01,15
2026-04-08T14:15:00Z,DK1,35.81,15
2026-04-08T14:15:00Z,DK2,34.78,15
2026-04-08T14:15:00Z,EE,53.38,15
2026-04-08T14:15:00Z,ES,2.49,15
2026-04-08T14:15:00Z,FI,53.31,15
2026-04-08T14:15:00Z,FR,-0.02,15
2026-04-08T14:15:00Z,GR,0.00,15
2026-04-08T14:15:00Z,HR,0.00,15
2026-04-08T14:15:00Z,HU,0.00,15
2026-04-08T14:15:00Z,IT-CNorth,94.48,15
2026-04-08T14:15:00Z,IT-CSouth,94.48,15
2026-04-08T14:15:00Z,IT-North,94.48,15
2026-04-08T14:15:00Z,IT-Sardinia,94.48,15
2026-04-08T14:15:00Z,IT-Sicily,94.48,15
2026-04-08T14:15:00Z,IT-South,94.48,15
2026-04-08T14:15:00Z,LT,5.00,15
2026-04-08T14:15:00Z,LV,5.00,15
2026-04-08T14:15:00Z,NL,-0.01,15
2026-04-08T14:15:00Z,NO1,87.80,15
2026-04-08T14:15:00Z,NO2,83.54,15
2026-04-08T14:15:00Z,NO3,117.46,15
2026-04-08T14:15:00Z,NO4,2.23,15
2026-04-08T14:15:00Z,NO5,113.96,15
2026-04-08T14:15:00Z,PL,27.16,15
2026-04-08T14:15:00Z,PT,2.49,15
2026-04-08T14:15:00Z,RO,0.00,15
2026-04-08T14:15:00Z,SE1,3.15,15
2026-04-08T14:15:00Z,SE2,8.96,15
2026-04-08T14:15:00Z,SE3,25.12,15
2026-04-08T14:15:00Z,SE4,33.02,15
2026-04-08T14:15:00Z,SI,0.00,15
2026-04-08T14:15:00Z,SK,0.00,15
2026-04-08T14:30:00Z,AT,1.36,15
2026-04-08T14:30:00Z,BE,1.36,15
2026-04-08T14:30:00Z,CZ,1.36,15
2026-04-08T14:30:00Z,DE-LU,1.36,15
2026-04-08T14:30:00Z,DK1,36.01,15
2026-04-08T14:30:00Z,DK2,36.99,15
2026-04-08T14:30:00Z,EE,75.76,15
2026-04-08T14:30:00Z,ES,3.01,15
2026-04-08T14:30:00Z,FI,75.65,15
2026-04-08T14:30:00Z,FR,1.36,15
2026-04-08T14:30:00Z,GR,0.64,15
2026-04-08T14:30:00Z,HR,1.34,15
2026-04-08T14:30:00Z,HU,1.37,15
2026-04-08T14:30:00Z,IT-CNorth,109.50,15
2026-04-08T14:30:00Z,IT-CSouth,109.50,15
2026-04-08T14:30:00Z,IT-North,109.50,15
2026-04-08T14:30:00Z,IT-Sardinia,109.50,15
2026-04-08T14:30:00Z,IT-Sicily,109.50,15
2026-04-08T14:30:00Z,IT-South,109.50,15
2026-04-08T14:30:00Z,LT,11.97,15
2026-04-08T14:30:00Z,LV,11.97,15
2026-04-08T14:30:00Z,NL,1.36,15
2026-04-08T14:30:00Z,NO1,89.19,15
2026-04-08T14:30:00Z,NO2,85.00,15
2026-04-08T14:30:00Z,NO3,117.47,15
2026-04-08T14:30:00Z,NO4,0.08,15
2026-04-08T14:30:00Z,NO5,114.96,15
2026-04-08T14:30:00Z,PL,66.01,15
2026-04-08T14:30:00Z,PT,3.01,15
2026-04-08T14:30:00Z,RO,0.64,15
2026-04-08T14:30:00Z,SE1,6.10,15
2026-04-08T14:30:00Z,SE2,11.73,15
2026-04-08T14:30:00Z,SE3,27.51,15
2026-04-08T14:30:00Z,SE4,35.26,15
2026-04-08T14:30:00Z,SI,1.35,15
2026-04-08T14:30:00Z,SK,1.36,15
2026-04-08T14:45:00Z,AT,46.74,15
2026-04-08T14:45:00Z,BE,57.27,15
2026-04-08T14:45:00Z,CZ,51.75,15
2026-04-08T14:45:00Z,DE-LU,57.95,15
2026-04-08T14:45:00Z,DK1,59.47,15
2026-04-08T14:45:00Z,DK2,59.46,15
2026-04-08T14:45:00Z,EE,94.95,15
2026-04-08T14:45:00Z,ES,5.95,15
2026-04-08T14:45:00Z,FI,94.84,15
2026-04-08T14:45:00Z,FR,5.41,15
2026-04-08T14:45:00Z,GR,47.42,15
2026-04-08T14:45:00Z,HR,45.74,15
2026-04-08T14:45:00Z,HU,48.47,15
2026-04-08T14:45:00Z,IT-CNorth,126.76,15
2026-04-08T14:45:00Z,IT-CSouth,126.76,15
2026-04-08T14:45:00Z,IT-North,126.76,15
2026-04-08T14:45:00Z,IT-Sardinia,126.76,15
2026-04-08T14:45:00Z,IT-Sicily,126.76,15
2026-04-08T14:45:00Z,IT-South,126.76,15
2026-04-08T14:45:00Z,LT,52.35,15
2026-04-08T14:45:00Z,LV,52.35,15
2026-04-08T14:45:00Z,NL,59.47,15
2026-04-08T14:45:00Z,NO1,97.29,15
2026-04-08T14:45:00Z,NO2,94.24,15
2026-04-08T14:45:00Z,NO3,115.09,15
2026-04-08T14:45:00Z,NO4,18.59,15
2026-04-08T14:45:00Z,NO5,115.97,15
2026-04-08T14:45:00Z,PL,85.75,15
2026-04-08T14:45:00Z,PT,5.41,15
2026-04-08T14:45:00Z,RO,47.42,15
2026-04-08T14:45:00Z,SE1,37.80,15
2026-04-08T14:45:00Z,SE2,41.61,15
2026-04-08T14:45:00Z,SE3,52.64,15
2026-04-08T14:45:00Z,SE4,58.21,15
2026-04-08T14:45:00Z,SI,44.98,15
2026-04-08T14:45:00Z,SK,49.76,15
2026-04-08T15:00:00Z,AT,32.49,15
2026-04-08T15:00:00Z,BE,26.31,15
2026-04-08T15:00:00Z,CH,92.30,60
2026-04-08T15:00:00Z,CZ,31.44,15
2026-04-08T15:00:00Z,DE-LU,30.08,15
2026-04-08T15:00:00Z,DK1,30.08,15
2026-04-08T15:00:00Z,DK2,38.34,15
2026-04-08T15:00:00Z,EE,67.08,15
2026-04-08T15:00:00Z,ES,5.41,15
2026-04-08T15:00:00Z,FI,66.94,15
2026-04-08T15:00:00Z,FR,-6.88,15
2026-04-08T15:00:00Z,GR,32.23,15
2026-04-08T15:00:00Z,HR,32.67,15
2026-04-08T15:00:00Z,HU,32.11,15
2026-04-08T15:00:00Z,IT-CNorth,124.37,15
2026-04-08T15:00:00Z,IT-CSouth,124.37,15
2026-04-08T15:00:00Z,IT-North,124.37,15
2026-04-08T15:00:00Z,IT-Sardinia,124.37,15
2026-04-08T15:00:00Z,IT-Sicily,124.37,15
2026-04-08T15:00:00Z,IT-South,124.37,15
2026-04-08T15:00:00Z,LT,30.78,15
2026-04-08T15:00:00Z,LV,30.78,15
2026-04-08T15:00:00Z,NL,27.80,15
2026-04-08T15:00:00Z,NO1,97.97,15
2026-04-08T15:00:00Z,NO2,93.23,15
2026-04-08T15:00:00Z,NO3,127.37,15
2026-04-08T15:00:00Z,NO4,-26.39,15
2026-04-08T15:00:00Z,NO5,124.88,15
2026-04-08T15:00:00Z,PL,72.40,15
2026-04-08T15:00:00Z,RO,32.23,15
2026-04-08T15:00:00Z,RS,104.70,15
2026-04-08T15:00:00Z,SE1,4.23,15
2026-04-08T15:00:00Z,SE2,10.21,15
2026-04-08T15:00:00Z,SE3,27.60,15
2026-04-08T15:00:00Z,SE4,36.31,15
2026-04-08T15:00:00Z,SI,32.80,15
2026-04-08T15:00:00Z,SK,31.86,15
2026-04-08T15:15:00Z,AT,91.13,15
2026-04-08T15:15:00Z,BE,77.05,15
2026-04-08T15:15:00Z,CZ,88.74,15
2026-04-08T15:15:00Z,DE-LU,85.64,15
2026-04-08T15:15:00Z,DK1,85.64,15
2026-04-08T15:15:00Z,DK2,75.80,15
2026-04-08T15:15:00Z,EE,88.81,15
2026-04-08T15:15:00Z,ES,8.61,15
2026-04-08T15:15:00Z,FI,88.71,15
2026-04-08T15:15:00Z,FR,1.31,15
2026-04-08T15:15:00Z,GR,90.55,15
2026-04-08T15:15:00Z,HR,91.55,15
2026-04-08T15:15:00Z,HU,90.28,15
2026-04-08T15:15:00Z,LT,61.56,15
2026-04-08T15:15:00Z,LV,61.56,15
2026-04-08T15:15:00Z,NL,80.45,15
2026-04-08T15:15:00Z,NO1,107.94,15
2026-04-08T15:15:00Z,NO2,104.67,15
2026-04-08T15:15:00Z,NO3,128.24,15
2026-04-08T15:15:00Z,NO4,22.10,15
2026-04-08T15:15:00Z,NO5,126.52,15
2026-04-08T15:15:00Z,PL,88.53,15
2026-04-08T15:15:00Z,PT,7.28,15
2026-04-08T15:15:00Z,RO,90.55,15
2026-04-08T15:15:00Z,SE1,43.23,15
2026-04-08T15:15:00Z,SE2,47.36,15
2026-04-08T15:15:00Z,SE3,59.36,15
2026-04-08T15:15:00Z,SE4,65.38,15
2026-04-08T15:15:00Z,SI,91.85,15
2026-04-08T15:15:00Z,SK,89.70,15
2026-04-08T15:30:00Z,AT,116.21,15
2026-04-08T15:30:00Z,BE,120.00,15
2026-04-08T15:30:00Z,CZ,114.78,15
2026-04-08T15:30:00Z,DE-LU,113.24,15
2026-04-08T15:30:00Z,DK1,113.24,15
2026-04-08T15:30:00Z,DK2,113.24,15
2026-04-08T15:30:00Z,EE,127.63,15
2026-04-08T15:30:00Z,ES,15.88,15
2026-04-08T15:30:00Z,FI,127.51,15
2026-04-08T15:30:00Z,FR,7.79,15
2026-04-08T15:30:00Z,GR,115.92,15
2026-04-08T15:30:00Z,HR,116.55,15
2026-04-08T15:30:00Z,HU,115.75,15
2026-04-08T15:30:00Z,IT-CNorth,126.76,15
2026-04-08T15:30:00Z,IT-CSouth,126.76,15
2026-04-08T15:30:00Z,IT-North,126.76,15
2026-04-08T15:30:00Z,IT-Sardinia,126.76,15
2026-04-08T15:30:00Z,IT-Sicily,126.76,15
2026-04-08T15:30:00Z,IT-South,126.76,15
2026-04-08T15:30:00Z,LT,101.28,15
2026-04-08T15:30:00Z,LV,101.28,15
2026-04-08T15:30:00Z,NL,113.24,15
2026-04-08T15:30:00Z,NO1,113.99,15
2026-04-08T15:30:00Z,NO2,112.45,15
2026-04-08T15:30:00Z,NO3,112.67,15
2026-04-08T15:30:00Z,NO4,51.27,15
2026-04-08T15:30:00Z,NO5,122.43,15
2026-04-08T15:30:00Z,PL,114.72,15
2026-04-08T15:30:00Z,PT,17.13,15
2026-04-08T15:30:00Z,RO,115.92,15
2026-04-08T15:30:00Z,SE1,66.91,15
2026-04-08T15:30:00Z,SE2,67.34,15
2026-04-08T15:30:00Z,SE3,95.40,15
2026-04-08T15:30:00Z,SE4,101.92,15
2026-04-08T15:30:00Z,SI,116.73,15
2026-04-08T15:30:00Z,SK,115.39,15
2026-04-08T15:45:00Z,AT,129.98,15
2026-04-08T15:45:00Z,BE,196.23,15
2026-04-08T15:45:00Z,CZ,133.11,15
2026-04-08T15:45:00Z,DE-LU,138.54,15
2026-04-08T15:45:00Z,DK1,138.54,15
2026-04-08T15:45:00Z,DK2,138.56,15
2026-04-08T15:45:00Z,EE,141.29,15
2026-04-08T15:45:00Z,ES,20.00,15
2026-04-08T15:45:00Z,FI,141.12,15
2026-04-08T15:45:00Z,FR,26.33,15
2026-04-08T15:45:00Z,GR,130.97,15
2026-04-08T15:45:00Z,HR,129.78,15
2026-04-08T15:45:00Z,HU,131.29,15
2026-04-08T15:45:00Z,IT-CNorth,134.10,15
2026-04-08T15:45:00Z,IT-CSouth,134.10,15
2026-04-08T15:45:00Z,IT-North,134.10,15
2026-04-08T15:45:00Z,IT-Sardinia,134.10,15
2026-04-08T15:45:00Z,IT-Sicily,134.10,15
2026-04-08T15:45:00Z,IT-South,134.10,15
2026-04-08T15:45:00Z,LT,133.69,15
2026-04-08T15:45:00Z,LV,133.69,15
2026-04-08T15:45:00Z,NL,154.37,15
2026-04-08T15:45:00Z,NO1,115.85,15
2026-04-08T15:45:00Z,NO2,114.97,15
2026-04-08T15:45:00Z,NO3,93.04,15
2026-04-08T15:45:00Z,NO4,34.52,15
2026-04-08T15:45:00Z,NO5,120.10,15
2026-04-08T15:45:00Z,PL,133.69,15
2026-04-08T15:45:00Z,PT,26.33,15
2026-04-08T15:45:00Z,RO,130.97,15
2026-04-08T15:45:00Z,SE1,55.06,15
2026-04-08T15:45:00Z,SE2,52.23,15
2026-04-08T15:45:00Z,SE3,113.84,15
2026-04-08T15:45:00Z,SE4,125.05,15
2026-04-08T15:45:00Z,SI,129.41,15
2026-04-08T15:45:00Z,SK,132.02,15
2026-04-08T16:00:00Z,AT,115.70,15
2026-04-08T16:00:00Z,BE,101.43,15
2026-04-08T16:00:00Z,CH,132.33,60
2026-04-08T16:00:00Z,CZ,112.72,15
2026-04-08T16:00:00Z,DE-LU,109.90,15
2026-04-08T16:00:00Z,DK1,109.90,15
2026-04-08T16:00:00Z,DK2,109.90,15
2026-04-08T16:00:00Z,EE,122.01,15
2026-04-08T16:00:00Z,ES,21.51,15
2026-04-08T16:00:00Z,FI,121.87,15
2026-04-08T16:00:00Z,FR,26.51,15
2026-04-08T16:00:00Z,GR,114.42,15
2026-04-08T16:00:00Z,HR,115.36,15
2026-04-08T16:00:00Z,HU,114.18,15
2026-04-08T16:00:00Z,IT-CNorth,126.76,15
2026-04-08T16:00:00Z,IT-CSouth,126.76,15
2026-04-08T16:00:00Z,IT-North,126.76,15
2026-04-08T16:00:00Z,IT-Sardinia,126.76,15
2026-04-08T16:00:00Z,IT-Sicily,126.76,15
2026-04-08T16:00:00Z,IT-South,126.76,15
2026-04-08T16:00:00Z,LT,100.01,15
2026-04-08T16:00:00Z,LV,100.01,15
2026-04-08T16:00:00Z,NL,104.44,15
2026-04-08T16:00:00Z,NO1,115.77,15
2026-04-08T16:00:00Z,NO2,114.50,15
2026-04-08T16:00:00Z,NO3,102.41,15
2026-04-08T16:00:00Z,NO4,34.64,15
2026-04-08T16:00:00Z,NO5,122.83,15
2026-04-08T16:00:00Z,PL,112.42,15
2026-04-08T16:00:00Z,PT,26.51,15
2026-04-08T16:00:00Z,RO,114.42,15
2026-04-08T16:00:00Z,RS,150.01,15
2026-04-08T16:00:00Z,SE1,47.75,15
2026-04-08T16:00:00Z,SE2,47.78,15
2026-04-08T16:00:00Z,SE3,87.02,15
2026-04-08T16:00:00Z,SE4,107.02,15
2026-04-08T16:00:00Z,SI,115.62,15
2026-04-08T16:00:00Z,SK,113.58,15
2026-04-08T16:15:00Z,AT,131.35,15
2026-04-08T16:15:00Z,BE,120.00,15
2026-04-08T16:15:00Z,CZ,128.62,15
2026-04-08T16:15:00Z,DE-LU,126.08,15
2026-04-08T16:15:00Z,DK1,126.08,15
2026-04-08T16:15:00Z,DK2,126.09,15
2026-04-08T16:15:00Z,EE,128.36,15
2026-04-08T16:15:00Z,ES,21.52,15
2026-04-08T16:15:00Z,FI,128.19,15
2026-04-08T16:15:00Z,FR,41.52,15
2026-04-08T16:15:00Z,GR,130.18,15
2026-04-08T16:15:00Z,HR,131.05,15
2026-04-08T16:15:00Z,HU,129.96,15
2026-04-08T16:15:00Z,IT-CNorth,138.00,15
2026-04-08T16:15:00Z,IT-CSouth,138.00,15
2026-04-08T16:15:00Z,IT-North,138.00,15
2026-04-08T16:15:00Z,IT-Sardinia,138.00,15
2026-04-08T16:15:00Z,IT-Sicily,138.00,15
2026-04-08T16:15:00Z,IT-South,138.00,15
2026-04-08T16:15:00Z,LT,128.36,15
2026-04-08T16:15:00Z,LV,128.36,15
2026-04-08T16:15:00Z,NL,121.42,15
2026-04-08T16:15:00Z,NO1,116.70,15
2026-04-08T16:15:00Z,NO2,115.62,15
2026-04-08T16:15:00Z,NO3,90.52,15
2026-04-08T16:15:00Z,NO4,22.84,15
2026-04-08T16:15:00Z,NO5,122.27,15
2026-04-08T16:15:00Z,PL,128.36,15
2026-04-08T16:15:00Z,PT,41.52,15
2026-04-08T16:15:00Z,RO,130.18,15
2026-04-08T16:15:00Z,SE1,46.55,15
2026-04-08T16:15:00Z,SE2,42.96,15
2026-04-08T16:15:00Z,SE3,113.08,15
2026-04-08T16:15:00Z,SE4,126.29,15
2026-04-08T16:15:00Z,SI,131.29,15
2026-04-08T16:15:00Z,SK,129.41,15
2026-04-08T16:30:00Z,AT,143.78,15
2026-04-08T16:30:00Z,BE,129.36,15
2026-04-08T16:30:00Z,CZ,140.76,15
2026-04-08T16:30:00Z,DE-LU,137.92,15
2026-04-08T16:30:00Z,DK1,137.92,15
2026-04-08T16:30:00Z,DK2,137.94,15
2026-04-08T16:30:00Z,EE,142.11,15
2026-04-08T16:30:00Z,ES,38.70,15
2026-04-08T16:30:00Z,FI,141.91,15
2026-04-08T16:30:00Z,FR,53.70,15
2026-04-08T16:30:00Z,GR,142.48,15
2026-04-08T16:30:00Z,HR,143.43,15
2026-04-08T16:30:00Z,HU,142.24,15
2026-04-08T16:30:00Z,IT-CNorth,148.50,15
2026-04-08T16:30:00Z,IT-CSouth,148.50,15
2026-04-08T16:30:00Z,IT-North,148.50,15
2026-04-08T16:30:00Z,IT-Sardinia,148.50,15
2026-04-08T16:30:00Z,IT-Sicily,148.50,15
2026-04-08T16:30:00Z,IT-South,148.50,15
2026-04-08T16:30:00Z,LT,142.11,15
2026-04-08T16:30:00Z,LV,142.11,15
2026-04-08T16:30:00Z,NL,132.40,15
2026-04-08T16:30:00Z,NO1,119.04,15
2026-04-08T16:30:00Z,NO2,118.32,15
2026-04-08T16:30:00Z,NO3,83.10,15
2026-04-08T16:30:00Z,NO4,18.71,15
2026-04-08T16:30:00Z,NO5,122.25,15
2026-04-08T16:30:00Z,PL,140.46,15
2026-04-08T16:30:00Z,PT,53.70,15
2026-04-08T16:30:00Z,RO,142.48,15
2026-04-08T16:30:00Z,SE1,44.16,15
2026-04-08T16:30:00Z,SE2,38.94,15
2026-04-08T16:30:00Z,SE3,123.58,15
2026-04-08T16:30:00Z,SE4,138.86,15
2026-04-08T16:30:00Z,SI,143.69,15
2026-04-08T16:30:00Z,SK,141.63,15
2026-04-08T16:45:00Z,AT,167.14,15
2026-04-08T16:45:00Z,BE,162.57,15
2026-04-08T16:45:00Z,CZ,165.56,15
2026-04-08T16:45:00Z,DE-LU,163.09,15
2026-04-08T16:45:00Z,DK1,163.09,15
2026-04-08T16:45:00Z,DK2,163.12,15
2026-04-08T16:45:00Z,EE,165.71,15
2026-04-08T16:45:00Z,ES,37.30,15
2026-04-08T16:45:00Z,FI,165.47,15
2026-04-08T16:45:00Z,FR,66.17,15
2026-04-08T16:45:00Z,GR,147.04,15
2026-04-08T16:45:00Z,HR,162.47,15
2026-04-08T16:45:00Z,HU,168.80,15
2026-04-08T16:45:00Z,IT-CNorth,167.14,15
2026-04-08T16:45:00Z,IT-CSouth,167.14,15
2026-04-08T16:45:00Z,IT-North,167.14,15
2026-04-08T16:45:00Z,IT-Sardinia,167.14,15
2026-04-08T16:45:00Z,IT-Sicily,167.14,15
2026-04-08T16:45:00Z,IT-South,167.14,15
2026-04-08T16:45:00Z,LT,165.71,15
2026-04-08T16:45:00Z,LV,165.71,15
2026-04-08T16:45:00Z,NL,159.99,15
2026-04-08T16:45:00Z,NO1,125.88,15
2026-04-08T16:45:00Z,NO2,126.10,15
2026-04-08T16:45:00Z,NO3,70.84,15
2026-04-08T16:45:00Z,NO4,15.56,15
2026-04-08T16:45:00Z,NO5,123.21,15
2026-04-08T16:45:00Z,PL,165.71,15
2026-04-08T16:45:00Z,PT,66.17,15
2026-04-08T16:45:00Z,RO,147.04,15
2026-04-08T16:45:00Z,SE1,37.12,15
2026-04-08T16:45:00Z,SE2,30.09,15
2026-04-08T16:45:00Z,SE3,132.86,15
2026-04-08T16:45:00Z,SE4,160.99,15
2026-04-08T16:45:00Z,SI,165.79,15
2026-04-08T16:45:00Z,SK,167.12,15
2026-04-08T17:00:00Z,AT,132.88,15
2026-04-08T17:00:00Z,BE,143.09,15
2026-04-08T17:00:00Z,CH,160.00,60
2026-04-08T17:00:00Z,CZ,140.02,15
2026-04-08T17:00:00Z,DE-LU,145.95,15
2026-04-08T17:00:00Z,DK1,145.95,15
2026-04-08T17:00:00Z,DK2,145.97,15
2026-04-08T17:00:00Z,EE,152.97,15
2026-04-08T17:00:00Z,ES,16.05,15
2026-04-08T17:00:00Z,FI,152.77,15
2026-04-08T17:00:00Z,FR,59.26,15
2026-04-08T17:00:00Z,GR,135.78,15
2026-04-08T17:00:00Z,HR,133.62,15
2026-04-08T17:00:00Z,HU,136.39,15
2026-04-08T17:00:00Z,IT-CNorth,165.63,15
2026-04-08T17:00:00Z,IT-CSouth,165.63,15
2026-04-08T17:00:00Z,IT-North,165.63,15
2026-04-08T17:00:00Z,IT-Sardinia,165.63,15
2026-04-08T17:00:00Z,IT-Sicily,165.63,15
2026-04-08T17:00:00Z,IT-South,165.63,15
2026-04-08T17:00:00Z,LT,150.37,15
2026-04-08T17:00:00Z,LV,150.37,15
2026-04-08T17:00:00Z,NL,146.00,15
2026-04-08T17:00:00Z,NO1,127.04,15
2026-04-08T17:00:00Z,NO2,126.82,15
2026-04-08T17:00:00Z,NO3,83.48,15
2026-04-08T17:00:00Z,NO4,19.52,15
2026-04-08T17:00:00Z,NO5,127.20,15
2026-04-08T17:00:00Z,PL,140.71,15
2026-04-08T17:00:00Z,PT,59.26,15
2026-04-08T17:00:00Z,RO,135.78,15
2026-04-08T17:00:00Z,RS,175.08,15
2026-04-08T17:00:00Z,SE1,37.09,15
2026-04-08T17:00:00Z,SE2,31.91,15
2026-04-08T17:00:00Z,SE3,116.32,15
2026-04-08T17:00:00Z,SE4,147.48,15
2026-04-08T17:00:00Z,SI,132.82,15
2026-04-08T17:00:00Z,SK,137.81,15
2026-04-08T17:15:00Z,AT,149.55,15
2026-04-08T17:15:00Z,BE,165.73,15
2026-04-08T17:15:00Z,CZ,159.07,15
2026-04-08T17:15:00Z,DE-LU,167.02,15
2026-04-08T17:15:00Z,DK1,167.02,15
2026-04-08T17:15:00Z,DK2,167.04,15
2026-04-08T17:15:00Z,EE,172.63,15
2026-04-08T17:15:00Z,ES,24.04,15
2026-04-08T17:15:00Z,FI,172.39,15
2026-04-08T17:15:00Z,FR,82.08,15
2026-04-08T17:15:00Z,GR,153.43,15
2026-04-08T17:15:00Z,HR,150.55,15
2026-04-08T17:15:00Z,HU,154.24,15
2026-04-08T17:15:00Z,IT-CNorth,166.69,15
2026-04-08T17:15:00Z,IT-CSouth,166.69,15
2026-04-08T17:15:00Z,IT-North,166.69,15
2026-04-08T17:15:00Z,IT-Sardinia,166.69,15
2026-04-08T17:15:00Z,IT-Sicily,166.69,15
2026-04-08T17:15:00Z,IT-South,166.69,15
2026-04-08T17:15:00Z,LT,172.63,15
2026-04-08T17:15:00Z,LV,172.63,15
2026-04-08T17:15:00Z,NL,168.64,15
2026-04-08T17:15:00Z,NO1,135.85,15
2026-04-08T17:15:00Z,NO2,136.89,15
2026-04-08T17:15:00Z,NO3,72.99,15
2026-04-08T17:15:00Z,NO4,26.75,15
2026-04-08T17:15:00Z,NO5,128.34,15
2026-04-08T17:15:00Z,PL,160.01,15
2026-04-08T17:15:00Z,PT,82.08,15
2026-04-08T17:15:00Z,RO,153.43,15
2026-04-08T17:15:00Z,SE1,33.07,15
2026-04-08T17:15:00Z,SE2,27.30,15
2026-04-08T17:15:00Z,SE3,118.29,15
2026-04-08T17:15:00Z,SE4,168.90,15
2026-04-08T17:15:00Z,SI,149.49,15
2026-04-08T17:15:00Z,SK,156.14,15
2026-04-08T17:30:00Z,AT,160.89,15
2026-04-08T17:30:00Z,BE,180.80,15
2026-04-08T17:30:00Z,CZ,174.41,15
2026-04-08T17:30:00Z,DE-LU,181.67,15
2026-04-08T17:30:00Z,DK1,181.67,15
2026-04-08T17:30:00Z,DK2,181.69,15
2026-04-08T17:30:00Z,EE,178.50,15
2026-04-08T17:30:00Z,ES,69.92,15
2026-04-08T17:30:00Z,FI,178.26,15
2026-04-08T17:30:00Z,FR,101.52,15
2026-04-08T17:30:00Z,GR,176.01,15
2026-04-08T17:30:00Z,HR,160.91,15
2026-04-08T17:30:00Z,HU,199.88,15
2026-04-08T17:30:00Z,IT-CNorth,168.65,15
2026-04-08T17:30:00Z,IT-CSouth,168.65,15
2026-04-08T17:30:00Z,IT-North,168.65,15
2026-04-08T17:30:00Z,IT-Sardinia,168.65,15
2026-04-08T17:30:00Z,IT-Sicily,168.65,15
2026-04-08T17:30:00Z,IT-South,168.65,15
2026-04-08T17:30:00Z,LT,178.50,15
2026-04-08T17:30:00Z,LV,178.50,15
2026-04-08T17:30:00Z,NL,183.67,15
2026-04-08T17:30:00Z,NO1,146.07,15
2026-04-08T17:30:00Z,NO2,148.08,15
2026-04-08T17:30:00Z,NO3,69.22,15
2026-04-08T17:30:00Z,NO4,31.89,15
2026-04-08T17:30:00Z,NO5,132.76,15
2026-04-08T17:30:00Z,PL,178.50,15
2026-04-08T17:30:00Z,PT,99.51,15
2026-04-08T17:30:00Z,RO,176.01,15
2026-04-08T17:30:00Z,SE1,24.42,15
2026-04-08T17:30:00Z,SE2,19.86,15
2026-04-08T17:30:00Z,SE3,107.84,15
2026-04-08T17:30:00Z,SE4,181.98,15
2026-04-08T17:30:00Z,SI,158.11,15
2026-04-08T17:30:00Z,SK,176.31,15
2026-04-08T17:45:00Z,AT,167.08,15
2026-04-08T17:45:00Z,BE,184.52,15
2026-04-08T17:45:00Z,CZ,180.26,15
2026-04-08T17:45:00Z,DE-LU,185.39,15
2026-04-08T17:45:00Z,DK1,185.39,15
2026-04-08T17:45:00Z,DK2,185.39,15
2026-04-08T17:45:00Z,EE,180.42,15
2026-04-08T17:45:00Z,ES,79.93,15
2026-04-08T17:45:00Z,FI,180.15,15
2026-04-08T17:45:00Z,FR,120.90,15
2026-04-08T17:45:00Z,GR,186.48,15
2026-04-08T17:45:00Z,HR,166.43,15
2026-04-08T17:45:00Z,HU,220.75,15
2026-04-08T17:45:00Z,IT-CNorth,185.45,15
2026-04-08T17:45:00Z,IT-CSouth,185.45,15
2026-04-08T17:45:00Z,IT-North,185.45,15
2026-04-08T17:45:00Z,IT-Sardinia,185.45,15
2026-04-08T17:45:00Z,IT-Sicily,185.45,15
2026-04-08T17:45:00Z,IT-South,185.45,15
2026-04-08T17:45:00Z,LT,180.42,15
2026-04-08T17:45:00Z,LV,180.42,15
2026-04-08T17:45:00Z,NL,186.89,15
2026-04-08T17:45:00Z,NO1,162.16,15
2026-04-08T17:45:00Z,NO2,164.23,15
2026-04-08T17:45:00Z,NO3,75.67,15
2026-04-08T17:45:00Z,NO4,17.81,15
2026-04-08T17:45:00Z,NO5,148.50,15
2026-04-08T17:45:00Z,PL,185.60,15
2026-04-08T17:45:00Z,PT,101.01,15
2026-04-08T17:45:00Z,RO,186.48,15
2026-04-08T17:45:00Z,SE1,5.01,15
2026-04-08T17:45:00Z,SE2,13.99,15
2026-04-08T17:45:00Z,SE3,105.22,15
2026-04-08T17:45:00Z,SE4,180.89,15
2026-04-08T17:45:00Z,SI,163.07,15
2026-04-08T17:45:00Z,SK,185.05,15
2026-04-08T18:00:00Z,AT,177.64,15
2026-04-08T18:00:00Z,BE,199.79,15
2026-04-08T18:00:00Z,CH,150.05,60
2026-04-08T18:00:00Z,CZ,191.36,15
2026-04-08T18:00:00Z,DE-LU,201.01,15
2026-04-08T18:00:00Z,DK1,201.01,15
2026-04-08T18:00:00Z,DK2,201.01,15
2026-04-08T18:00:00Z,EE,194.46,15
2026-04-08T18:00:00Z,ES,105.00,15
2026-04-08T18:00:00Z,FI,194.18,15
2026-04-08T18:00:00Z,FR,105.00,15
2026-04-08T18:00:00Z,GR,188.91,15
2026-04-08T18:00:00Z,HR,177.87,15
2026-04-08T18:00:00Z,HU,204.28,15
2026-04-08T18:00:00Z,IT-CNorth,177.64,15
2026-04-08T18:00:00Z,IT-CSouth,177.64,15
2026-04-08T18:00:00Z,IT-North,177.64,15
2026-04-08T18:00:00Z,IT-Sardinia,177.64,15
2026-04-08T18:00:00Z,IT-Sicily,177.64,15
2026-04-08T18:00:00Z,IT-South,177.64,15
2026-04-08T18:00:00Z,LT,194.46,15
2026-04-08T18:00:00Z,LV,194.46,15
2026-04-08T18:00:00Z,NL,203.22,15
2026-04-08T18:00:00Z,NO1,167.89,15
2026-04-08T18:00:00Z,NO2,170.58,15
2026-04-08T18:00:00Z,NO3,73.10,15
2026-04-08T18:00:00Z,NO4,37.49,15
2026-04-08T18:00:00Z,NO5,150.30,15
2026-04-08T18:00:00Z,PL,194.46,15
2026-04-08T18:00:00Z,PT,99.51,15
2026-04-08T18:00:00Z,RO,188.91,15
2026-04-08T18:00:00Z,RS,175.06,15
2026-04-08T18:00:00Z,SE1,33.10,15
2026-04-08T18:00:00Z,SE2,25.84,15
2026-04-08T18:00:00Z,SE3,130.00,15
2026-04-08T18:00:00Z,SE4,196.15,15
2026-04-08T18:00:00Z,SI,175.52,15
2026-04-08T18:00:00Z,SK,190.70,15
2026-04-08T18:15:00Z,AT,154.93,15
2026-04-08T18:15:00Z,BE,163.04,15
2026-04-08T18:15:00Z,CZ,161.32,15
2026-04-08T18:15:00Z,DE-LU,163.56,15
2026-04-08T18:15:00Z,DK1,163.56,15
2026-04-08T18:15:00Z,DK2,163.56,15
2026-04-08T18:15:00Z,EE,162.53,15
2026-04-08T18:15:00Z,ES,127.82,15
2026-04-08T18:15:00Z,FI,162.30,15
2026-04-08T18:15:00Z,FR,134.82,15
2026-04-08T18:15:00Z,GR,165.12,15
2026-04-08T18:15:00Z,HR,154.55,15
2026-04-08T18:15:00Z,HU,183.78,15
2026-04-08T18:15:00Z,IT-CNorth,180.53,15
2026-04-08T18:15:00Z,IT-CSouth,180.53,15
2026-04-08T18:15:00Z,IT-North,180.53,15
2026-04-08T18:15:00Z,IT-Sardinia,180.53,15
2026-04-08T18:15:00Z,IT-Sicily,180.53,15
2026-04-08T18:15:00Z,IT-South,180.53,15
2026-04-08T18:15:00Z,LT,162.53,15
2026-04-08T18:15:00Z,LV,162.53,15
2026-04-08T18:15:00Z,NL,164.12,15
2026-04-08T18:15:00Z,NO1,145.88,15
2026-04-08T18:15:00Z,NO2,147.80,15
2026-04-08T18:15:00Z,NO3,70.81,15
2026-04-08T18:15:00Z,NO4,32.39,15
2026-04-08T18:15:00Z,NO5,133.23,15
2026-04-08T18:15:00Z,PL,164.13,15
2026-04-08T18:15:00Z,PT,101.01,15
2026-04-08T18:15:00Z,RO,165.12,15
2026-04-08T18:15:00Z,SE1,29.21,15
2026-04-08T18:15:00Z,SE2,24.11,15
2026-04-08T18:15:00Z,SE3,107.31,15
2026-04-08T18:15:00Z,SE4,163.34,15
2026-04-08T18:15:00Z,SI,152.83,15
2026-04-08T18:15:00Z,SK,164.11,15
2026-04-08T18:30:00Z,AT,136.75,15
2026-04-08T18:30:00Z,BE,142.11,15
2026-04-08T18:30:00Z,CZ,144.73,15
2026-04-08T18:30:00Z,DE-LU,142.67,15
2026-04-08T18:30:00Z,DK1,142.67,15
2026-04-08T18:30:00Z,DK2,142.67,15
2026-04-08T18:30:00Z,EE,132.36,15
2026-04-08T18:30:00Z,ES,141.59,15
2026-04-08T18:30:00Z,FI,132.16,15
2026-04-08T18:30:00Z,FR,141.22,15
2026-04-08T18:30:00Z,GR,160.07,15
2026-04-08T18:30:00Z,HR,135.22,15
2026-04-08T18:30:00Z,HU,207.99,15
2026-04-08T18:30:00Z,IT-CNorth,181.30,15
2026-04-08T18:30:00Z,IT-CSouth,181.30,15
2026-04-08T18:30:00Z,IT-North,181.30,15
2026-04-08T18:30:00Z,IT-Sardinia,181.30,15
2026-04-08T18:30:00Z,IT-Sicily,181.30,15
2026-04-08T18:30:00Z,IT-South,181.30,15
2026-04-08T18:30:00Z,LT,132.36,15
2026-04-08T18:30:00Z,LV,132.36,15
2026-04-08T18:30:00Z,NL,142.34,15
2026-04-08T18:30:00Z,NO1,136.03,15
2026-04-08T18:30:00Z,NO2,136.57,15
2026-04-08T18:30:00Z,NO3,77.85,15
2026-04-08T18:30:00Z,NO4,14.57,15
2026-04-08T18:30:00Z,NO5,131.66,15
2026-04-08T18:30:00Z,PL,151.15,15
2026-04-08T18:30:00Z,PT,119.15,15
2026-04-08T18:30:00Z,RO,160.07,15
2026-04-08T18:30:00Z,SE1,23.06,15
2026-04-08T18:30:00Z,SE2,18.59,15
2026-04-08T18:30:00Z,SE3,99.99,15
2026-04-08T18:30:00Z,SE4,142.35,15
2026-04-08T18:30:00Z,SI,131.75,15
2026-04-08T18:30:00Z,SK,154.84,15
2026-04-08T18:45:00Z,AT,137.78,15
2026-04-08T18:45:00Z,BE,135.50,15
2026-04-08T18:45:00Z,CZ,132.14,15
2026-04-08T18:45:00Z,DE-LU,134.97,15
2026-04-08T18:45:00Z,DK1,134.97,15
2026-04-08T18:45:00Z,DK2,134.97,15
2026-04-08T18:45:00Z,EE,80.00,15
2026-04-08T18:45:00Z,ES,135.95,15
2026-04-08T18:45:00Z,FI,79.88,15
2026-04-08T18:45:00Z,FR,135.95,15
2026-04-08T18:45:00Z,GR,168.85,15
2026-04-08T18:45:00Z,HR,151.10,15
2026-04-08T18:45:00Z,HU,179.99,15
2026-04-08T18:45:00Z,IT-CNorth,180.53,15
2026-04-08T18:45:00Z,IT-CSouth,180.53,15
2026-04-08T18:45:00Z,IT-North,180.53,15
2026-04-08T18:45:00Z,IT-Sardinia,180.53,15
2026-04-08T18:45:00Z,IT-Sicily,180.53,15
2026-04-08T18:45:00Z,IT-South,180.53,15
2026-04-08T18:45:00Z,LT,80.00,15
2026-04-08T18:45:00Z,LV,80.00,15
2026-04-08T18:45:00Z,NL,135.27,15
2026-04-08T18:45:00Z,NO1,130.65,15
2026-04-08T18:45:00Z,NO2,130.76,15
2026-04-08T18:45:00Z,NO3,80.56,15
2026-04-08T18:45:00Z,NO4,6.47,15
2026-04-08T18:45:00Z,NO5,129.01,15
2026-04-08T18:45:00Z,PL,132.64,15
2026-04-08T18:45:00Z,PT,135.95,15
2026-04-08T18:45:00Z,RO,168.85,15
2026-04-08T18:45:00Z,SE1,11.82,15
2026-04-08T18:45:00Z,SE2,12.48,15
2026-04-08T18:45:00Z,SE3,85.00,15
2026-04-08T18:45:00Z,SE4,132.94,15
2026-04-08T18:45:00Z,SI,143.99,15
2026-04-08T18:45:00Z,SK,122.73,15
2026-04-08T19:00:00Z,AT,156.32,15
2026-04-08T19:00:00Z,BE,154.95,15
2026-04-08T19:00:00Z,CH,128.00,60
2026-04-08T19:00:00Z,CZ,153.73,15
2026-04-08T19:00:00Z,DE-LU,154.93,15
2026-04-08T19:00:00Z,DK1,154.93,15
2026-04-08T19:00:00Z,DK2,154.92,15
2026-04-08T19:00:00Z,EE,136.47,15
2026-04-08T19:00:00Z,ES,160.00,15
2026-04-08T19:00:00Z,FI,136.27,15
2026-04-08T19:00:00Z,FR,153.81,15
2026-04-08T19:00:00Z,GR,169.54,15
2026-04-08T19:00:00Z,HR,162.09,15
2026-04-08T19:00:00Z,HU,173.69,15
2026-04-08T19:00:00Z,IT-CNorth,185.45,15
2026-04-08T19:00:00Z,IT-CSouth,185.45,15
2026-04-08T19:00:00Z,IT-North,185.45,15
2026-04-08T19:00:00Z,IT-Sardinia,185.45,15
2026-04-08T19:00:00Z,IT-Sicily,185.45,15
2026-04-08T19:00:00Z,IT-South,185.45,15
2026-04-08T19:00:00Z,LT,136.47,15
2026-04-08T19:00:00Z,LV,136.47,15
2026-04-08T19:00:00Z,NL,154.93,15
2026-04-08T19:00:00Z,NO1,138.65,15
2026-04-08T19:00:00Z,NO2,140.30,15
2026-04-08T19:00:00Z,NO3,66.62,15
2026-04-08T19:00:00Z,NO4,28.75,15
2026-04-08T19:00:00Z,NO5,128.04,15
2026-04-08T19:00:00Z,PL,153.86,15
2026-04-08T19:00:00Z,PT,137.61,15
2026-04-08T19:00:00Z,RO,169.54,15
2026-04-08T19:00:00Z,RS,155.08,15
2026-04-08T19:00:00Z,SE1,32.13,15
2026-04-08T19:00:00Z,SE2,25.53,15
2026-04-08T19:00:00Z,SE3,111.82,15
2026-04-08T19:00:00Z,SE4,154.37,15
2026-04-08T19:00:00Z,SI,159.07,15
2026-04-08T19:00:00Z,SK,149.63,15
2026-04-08T19:15:00Z,AT,143.11,15
2026-04-08T19:15:00Z,BE,142.70,15
2026-04-08T19:15:00Z,CZ,140.06,15
2026-04-08T19:15:00Z,DE-LU,141.68,15
2026-04-08T19:15:00Z,DK1,141.68,15
2026-04-08T19:15:00Z,DK2,141.68,15
2026-04-08T19:15:00Z,EE,105.73,15
2026-04-08T19:15:00Z,ES,137.65,15
2026-04-08T19:15:00Z,FI,105.58,15
2026-04-08T19:15:00Z,FR,141.70,15
2026-04-08T19:15:00Z,GR,159.48,15
2026-04-08T19:15:00Z,HR,150.25,15
2026-04-08T19:15:00Z,HU,164.62,15
2026-04-08T19:15:00Z,IT-CNorth,165.63,15
2026-04-08T19:15:00Z,IT-CSouth,165.63,15
2026-04-08T19:15:00Z,IT-North,165.63,15
2026-04-08T19:15:00Z,IT-Sardinia,165.63,15
2026-04-08T19:15:00Z,IT-Sicily,165.63,15
2026-04-08T19:15:00Z,IT-South,165.63,15
2026-04-08T19:15:00Z,LT,105.73,15
2026-04-08T19:15:00Z,LV,105.73,15
2026-04-08T19:15:00Z,NL,142.08,15
2026-04-08T19:15:00Z,NO1,132.54,15
2026-04-08T19:15:00Z,NO2,133.54,15
2026-04-08T19:15:00Z,NO3,76.25,15
2026-04-08T19:15:00Z,NO4,23.38,15
2026-04-08T19:15:00Z,NO5,125.88,15
2026-04-08T19:15:00Z,PL,140.24,15
2026-04-08T19:15:00Z,RO,159.48,15
2026-04-08T19:15:00Z,SE1,17.53,15
2026-04-08T19:15:00Z,SE2,16.00,15
2026-04-08T19:15:00Z,SE3,79.16,15
2026-04-08T19:15:00Z,SE4,141.67,15
2026-04-08T19:15:00Z,SI,146.50,15
2026-04-08T19:15:00Z,SK,134.95,15
2026-04-08T19:30:00Z,AT,136.09,15
2026-04-08T19:30:00Z,BE,135.72,15
2026-04-08T19:30:00Z,CZ,133.34,15
2026-04-08T19:30:00Z,DE-LU,134.80,15
2026-04-08T19:30:00Z,DK1,134.80,15
2026-04-08T19:30:00Z,DK2,134.80,15
2026-04-08T19:30:00Z,EE,100.00,15
2026-04-08T19:30:00Z,ES,114.85,15
2026-04-08T19:30:00Z,FI,99.85,15
2026-04-08T19:30:00Z,FR,134.82,15
2026-04-08T19:30:00Z,GR,150.83,15
2026-04-08T19:30:00Z,HR,142.52,15
2026-04-08T19:30:00Z,HU,155.46,15
2026-04-08T19:30:00Z,IT-CNorth,159.57,15
2026-04-08T19:30:00Z,IT-CSouth,159.57,15
2026-04-08T19:30:00Z,IT-North,159.57,15
2026-04-08T19:30:00Z,IT-Sardinia,159.57,15
2026-04-08T19:30:00Z,IT-South,159.57,15
2026-04-08T19:30:00Z,LT,100.00,15
2026-04-08T19:30:00Z,LV,100.00,15
2026-04-08T19:30:00Z,NL,135.16,15
2026-04-08T19:30:00Z,NO1,126.30,15
2026-04-08T19:30:00Z,NO2,126.79,15
2026-04-08T19:30:00Z,NO3,77.10,15
2026-04-08T19:30:00Z,NO4,14.44,15
2026-04-08T19:30:00Z,NO5,122.58,15
2026-04-08T19:30:00Z,PL,133.50,15
2026-04-08T19:30:00Z,PT,134.82,15
2026-04-08T19:30:00Z,RO,150.83,15
2026-04-08T19:30:00Z,SE1,11.04,15
2026-04-08T19:30:00Z,SE2,10.32,15
2026-04-08T19:30:00Z,SE3,70.42,15
2026-04-08T19:30:00Z,SE4,131.57,15
2026-04-08T19:30:00Z,SI,139.14,15
2026-04-08T19:30:00Z,SK,128.74,15
2026-04-08T19:45:00Z,AT,119.45,15
2026-04-08T19:45:00Z,BE,117.05,15
2026-04-08T19:45:00Z,CZ,114.90,15
2026-04-08T19:45:00Z,DE-LU,117.00,15
2026-04-08T19:45:00Z,DK1,117.00,15
2026-04-08T19:45:00Z,DK2,116.99,15
2026-04-08T19:45:00Z,EE,53.02,15
2026-04-08T19:45:00Z,ES,105.33,15
2026-04-08T19:45:00Z,FI,52.94,15
2026-04-08T19:45:00Z,FR,115.03,15
2026-04-08T19:45:00Z,GR,142.68,15
2026-04-08T19:45:00Z,HR,129.60,15
2026-04-08T19:45:00Z,HU,149.99,15
2026-04-08T19:45:00Z,IT-CNorth,149.35,15
2026-04-08T19:45:00Z,IT-CSouth,149.35,15
2026-04-08T19:45:00Z,IT-North,149.35,15
2026-04-08T19:45:00Z,IT-Sardinia,149.35,15
2026-04-08T19:45:00Z,IT-South,149.35,15
2026-04-08T19:45:00Z,LT,53.02,15
2026-04-08T19:45:00Z,LV,53.02,15
2026-04-08T19:45:00Z,NL,117.00,15
2026-04-08T19:45:00Z,NO1,118.52,15
2026-04-08T19:45:00Z,NO2,118.06,15
2026-04-08T19:45:00Z,NO3,83.54,15
2026-04-08T19:45:00Z,NO4,4.49,15
2026-04-08T19:45:00Z,NO5,120.47,15
2026-04-08T19:45:00Z,PL,115.13,15
2026-04-08T19:45:00Z,PT,115.03,15
2026-04-08T19:45:00Z,RO,142.68,15
2026-04-08T19:45:00Z,SE1,7.05,15
2026-04-08T19:45:00Z,SE2,7.58,15
2026-04-08T19:45:00Z,SE3,60.52,15
2026-04-08T19:45:00Z,SE4,113.47,15
2026-04-08T19:45:00Z,SI,124.28,15
2026-04-08T19:45:00Z,SK,107.68,15
2026-04-08T20:00:00Z,AT,133.62,15
2026-04-08T20:00:00Z,BE,127.40,15
2026-04-08T20:00:00Z,CH,122.59,60
2026-04-08T20:00:00Z,CZ,124.43,15
2026-04-08T20:00:00Z,DE-LU,127.30,15
2026-04-08T20:00:00Z,DK1,127.30,15
2026-04-08T20:00:00Z,DK2,127.30,15
2026-04-08T20:00:00Z,EE,108.23,15
2026-04-08T20:00:00Z,ES,109.14,15
2026-04-08T20:00:00Z,FI,108.07,15
2026-04-08T20:00:00Z,FR,124.14,15
2026-04-08T20:00:00Z,GR,143.21,15
2026-04-08T20:00:00Z,HR,138.95,15
2026-04-08T20:00:00Z,HU,145.93,15
2026-04-08T20:00:00Z,IT-CNorth,161.56,15
2026-04-08T20:00:00Z,IT-CSouth,161.56,15
2026-04-08T20:00:00Z,IT-North,161.56,15
2026-04-08T20:00:00Z,IT-Sardinia,161.56,15
2026-04-08T20:00:00Z,IT-Sicily,161.56,15
2026-04-08T20:00:00Z,IT-South,161.56,15
2026-04-08T20:00:00Z,LT,108.23,15
2026-04-08T20:00:00Z,LV,108.23,15
2026-04-08T20:00:00Z,NL,127.45,15
2026-04-08T20:00:00Z,NO1,121.49,15
2026-04-08T20:00:00Z,NO2,121.85,15
2026-04-08T20:00:00Z,NO3,81.85,15
2026-04-08T20:00:00Z,NO4,28.59,15
2026-04-08T20:00:00Z,NO5,118.59,15
2026-04-08T20:00:00Z,PL,122.72,15
2026-04-08T20:00:00Z,PT,124.14,15
2026-04-08T20:00:00Z,RO,143.21,15
2026-04-08T20:00:00Z,RS,145.02,15
2026-04-08T20:00:00Z,SE1,26.17,15
2026-04-08T20:00:00Z,SE2,25.63,15
2026-04-08T20:00:00Z,SE3,75.36,15
2026-04-08T20:00:00Z,SE4,124.98,15
2026-04-08T20:00:00Z,SI,137.15,15
2026-04-08T20:00:00Z,SK,148.00,15
2026-04-08T20:15:00Z,AT,134.42,15
2026-04-08T20:15:00Z,BE,121.55,15
2026-04-08T20:15:00Z,CZ,117.40,15
2026-04-08T20:15:00Z,DE-LU,122.59,15
2026-04-08T20:15:00Z,DK1,122.59,15
2026-04-08T20:15:00Z,DK2,122.59,15
2026-04-08T20:15:00Z,EE,60.08,15
2026-04-08T20:15:00Z,ES,106.48,15
2026-04-08T20:15:00Z,FI,59.99,15
2026-04-08T20:15:00Z,FR,107.98,15
2026-04-08T20:15:00Z,GR,163.46,15
2026-04-08T20:15:00Z,HR,148.52,15
2026-04-08T20:15:00Z,HU,172.31,15
2026-04-08T20:15:00Z,IT-CNorth,151.17,15
2026-04-08T20:15:00Z,IT-CSouth,151.17,15
2026-04-08T20:15:00Z,IT-North,151.17,15
2026-04-08T20:15:00Z,IT-Sardinia,151.17,15
2026-04-08T20:15:00Z,IT-Sicily,151.17,15
2026-04-08T20:15:00Z,IT-South,151.17,15
2026-04-08T20:15:00Z,LT,60.08,15
2026-04-08T20:15:00Z,LV,60.08,15
2026-04-08T20:15:00Z,NL,122.59,15
2026-04-08T20:15:00Z,NO1,117.60,15
2026-04-08T20:15:00Z,NO2,117.77,15
2026-04-08T20:15:00Z,NO3,78.23,15
2026-04-08T20:15:00Z,NO4,17.82,15
2026-04-08T20:15:00Z,NO5,115.75,15
2026-04-08T20:15:00Z,PL,114.89,15
2026-04-08T20:15:00Z,PT,107.98,15
2026-04-08T20:15:00Z,RO,163.46,15
2026-04-08T20:15:00Z,SE1,16.43,15
2026-04-08T20:15:00Z,SE2,16.12,15
2026-04-08T20:15:00Z,SE3,67.95,15
2026-04-08T20:15:00Z,SE4,119.65,15
2026-04-08T20:15:00Z,SI,143.01,15
2026-04-08T20:15:00Z,SK,148.91,15
2026-04-08T20:30:00Z,AT,128.92,15
2026-04-08T20:30:00Z,BE,121.89,15
2026-04-08T20:30:00Z,CZ,116.70,15
2026-04-08T20:30:00Z,DE-LU,121.16,15
2026-04-08T20:30:00Z,DK1,121.16,15
2026-04-08T20:30:00Z,DK2,121.17,15
2026-04-08T20:30:00Z,EE,45.01,15
2026-04-08T20:30:00Z,ES,113.36,15
2026-04-08T20:30:00Z,FI,44.94,15
2026-04-08T20:30:00Z,FR,121.70,15
2026-04-08T20:30:00Z,GR,152.05,15
2026-04-08T20:30:00Z,HR,139.87,15
2026-04-08T20:30:00Z,HU,159.16,15
2026-04-08T20:30:00Z,IT-CNorth,143.00,15
2026-04-08T20:30:00Z,IT-CSouth,143.00,15
2026-04-08T20:30:00Z,IT-North,143.00,15
2026-04-08T20:30:00Z,IT-Sardinia,143.00,15
2026-04-08T20:30:00Z,IT-Sicily,143.00,15
2026-04-08T20:30:00Z,IT-South,143.00,15
2026-04-08T20:30:00Z,LT,45.01,15
2026-04-08T20:30:00Z,LV,45.01,15
2026-04-08T20:30:00Z,NL,121.54,15
2026-04-08T20:30:00Z,NO1,115.79,15
2026-04-08T20:30:00Z,NO2,115.91,15
2026-04-08T20:30:00Z,NO3,75.43,15
2026-04-08T20:30:00Z,NO4,10.54,15
2026-04-08T20:30:00Z,NO5,114.29,15
2026-04-08T20:30:00Z,PL,115.00,15
2026-04-08T20:30:00Z,PT,121.70,15
2026-04-08T20:30:00Z,RO,152.05,15
2026-04-08T20:30:00Z,SE1,9.40,15
2026-04-08T20:30:00Z,SE2,9.17,15
2026-04-08T20:30:00Z,SE3,63.63,15
2026-04-08T20:30:00Z,SE4,118.26,15
2026-04-08T20:30:00Z,SI,135.44,15
2026-04-08T20:30:00Z,SK,138.46,15
2026-04-08T20:45:00Z,AT,122.76,15
2026-04-08T20:45:00Z,BE,113.98,15
2026-04-08T20:45:00Z,CZ,110.99,15
2026-04-08T20:45:00Z,DE-LU,114.52,15
2026-04-08T20:45:00Z,DK1,114.52,15
2026-04-08T20:45:00Z,DK2,114.52,15
2026-04-08T20:45:00Z,EE,26.03,15
2026-04-08T20:45:00Z,ES,103.02,15
2026-04-08T20:45:00Z,FI,25.99,15
2026-04-08T20:45:00Z,FR,103.02,15
2026-04-08T20:45:00Z,GR,140.01,15
2026-04-08T20:45:00Z,HR,131.45,15
2026-04-08T20:45:00Z,HU,145.18,15
2026-04-08T20:45:00Z,LT,26.03,15
2026-04-08T20:45:00Z,LV,26.03,15
2026-04-08T20:45:00Z,NL,114.53,15
2026-04-08T20:45:00Z,NO1,114.72,15
2026-04-08T20:45:00Z,NO2,114.42,15
2026-04-08T20:45:00Z,NO3,79.18,15
2026-04-08T20:45:00Z,NO4,4.49,15
2026-04-08T20:45:00Z,NO5,115.83,15
2026-04-08T20:45:00Z,PL,109.10,15
2026-04-08T20:45:00Z,PT,103.02,15
2026-04-08T20:45:00Z,RO,140.01,15
2026-04-08T20:45:00Z,SE1,6.04,15
2026-04-08T20:45:00Z,SE2,6.38,15
2026-04-08T20:45:00Z,SE3,59.35,15
2026-04-08T20:45:00Z,SE4,111.76,15
2026-04-08T20:45:00Z,SI,128.19,15
2026-04-08T20:45:00Z,SK,135.60,15
2026-04-08T21:00:00Z,AT,130.55,15
2026-04-08T21:00:00Z,BE,116.43,15
2026-04-08T21:00:00Z,CH,120.62,60
2026-04-08T21:00:00Z,CZ,112.85,15
2026-04-08T21:00:00Z,DE-LU,117.37,15
2026-04-08T21:00:00Z,DK1,117.37,15
2026-04-08T21:00:00Z,DK2,117.36,15
2026-04-08T21:00:00Z,EE,40.92,15
2026-04-08T21:00:00Z,ES,97.53,15
2026-04-08T21:00:00Z,FI,40.88,15
2026-04-08T21:00:00Z,GR,143.51,15
2026-04-08T21:00:00Z,HR,138.70,15
2026-04-08T21:00:00Z,HU,147.09,15
2026-04-08T21:00:00Z,IT-CNorth,155.00,15
2026-04-08T21:00:00Z,IT-CSouth,155.00,15
2026-04-08T21:00:00Z,IT-North,155.00,15
2026-04-08T21:00:00Z,IT-Sardinia,155.00,15
2026-04-08T21:00:00Z,IT-Sicily,155.00,15
2026-04-08T21:00:00Z,IT-South,155.00,15
2026-04-08T21:00:00Z,LT,40.92,15
2026-04-08T21:00:00Z,LV,40.92,15
2026-04-08T21:00:00Z,NL,118.81,15
2026-04-08T21:00:00Z,NO1,114.96,15
2026-04-08T21:00:00Z,NO2,114.81,15
2026-04-08T21:00:00Z,NO3,82.92,15
2026-04-08T21:00:00Z,NO4,21.10,15
2026-04-08T21:00:00Z,NO5,115.20,15
2026-04-08T21:00:00Z,PL,109.33,15
2026-04-08T21:00:00Z,RO,143.51,15
2026-04-08T21:00:00Z,RS,125.05,15
2026-04-08T21:00:00Z,SE1,21.71,15
2026-04-08T21:00:00Z,SE2,21.84,15
2026-04-08T21:00:00Z,SE3,68.00,15
2026-04-08T21:00:00Z,SE4,113.91,15
2026-04-08T21:00:00Z,SI,136.39,15
2026-04-08T21:00:00Z,SK,159.40,15
2026-04-08T21:15:00Z,AT,121.40,15
2026-04-08T21:15:00Z,BE,111.61,15
2026-04-08T21:15:00Z,CZ,108.27,15
2026-04-08T21:15:00Z,DE-LU,110.95,15
2026-04-08T21:15:00Z,DK1,110.95,15
2026-04-08T21:15:00Z,DK2,110.95,15
2026-04-08T21:15:00Z,EE,26.03,15
2026-04-08T21:15:00Z,ES,100.70,15
2026-04-08T21:15:00Z,FI,26.00,15
2026-04-08T21:15:00Z,FR,99.00,15
2026-04-08T21:15:00Z,GR,130.81,15
2026-04-08T21:15:00Z,HR,127.36,15
2026-04-08T21:15:00Z,HU,133.42,15
2026-04-08T21:15:00Z,IT-CNorth,149.35,15
2026-04-08T21:15:00Z,IT-CSouth,149.35,15
2026-04-08T21:15:00Z,IT-North,149.35,15
2026-04-08T21:15:00Z,IT-Sardinia,149.35,15
2026-04-08T21:15:00Z,IT-Sicily,149.35,15
2026-04-08T21:15:00Z,IT-South,149.35,15
2026-04-08T21:15:00Z,LT,26.03,15
2026-04-08T21:15:00Z,LV,26.03,15
2026-04-08T21:15:00Z,NL,118.20,15
2026-04-08T21:15:00Z,NO1,113.17,15
2026-04-08T21:15:00Z,NO2,112.64,15
2026-04-08T21:15:00Z,NO3,82.73,15
2026-04-08T21:15:00Z,NO4,8.38,15
2026-04-08T21:15:00Z,NO5,115.62,15
2026-04-08T21:15:00Z,PL,105.62,15
2026-04-08T21:15:00Z,PT,99.00,15
2026-04-08T21:15:00Z,RO,130.81,15
2026-04-08T21:15:00Z,SE1,11.30,15
2026-04-08T21:15:00Z,SE2,11.93,15
2026-04-08T21:15:00Z,SE3,60.15,15
2026-04-08T21:15:00Z,SE4,107.51,15
2026-04-08T21:15:00Z,SI,125.69,15
2026-04-08T21:15:00Z,SK,142.00,15
2026-04-08T21:30:00Z,AT,116.94,15
2026-04-08T21:30:00Z,BE,106.96,15
2026-04-08T21:30:00Z,CZ,104.38,15
2026-04-08T21:30:00Z,DE-LU,107.75,15
2026-04-08T21:30:00Z,DK1,107.75,15
2026-04-08T21:30:00Z,DK2,107.74,15
2026-04-08T21:30:00Z,EE,20.00,15
2026-04-08T21:30:00Z,ES,98.51,15
2026-04-08T21:30:00Z,FI,19.97,15
2026-04-08T21:30:00Z,FR,98.51,15
2026-04-08T21:30:00Z,GR,126.28,15
2026-04-08T21:30:00Z,HR,122.78,15
2026-04-08T21:30:00Z,HU,128.86,15
2026-04-08T21:30:00Z,IT-CNorth,142.51,15
2026-04-08T21:30:00Z,IT-CSouth,142.51,15
2026-04-08T21:30:00Z,IT-North,142.51,15
2026-04-08T21:30:00Z,IT-Sardinia,142.51,15
2026-04-08T21:30:00Z,IT-Sicily,142.51,15
2026-04-08T21:30:00Z,IT-South,142.51,15
2026-04-08T21:30:00Z,LT,20.00,15
2026-04-08T21:30:00Z,LV,20.00,15
2026-04-08T21:30:00Z,NL,107.75,15
2026-04-08T21:30:00Z,NO1,111.12,15
2026-04-08T21:30:00Z,NO2,110.49,15
2026-04-08T21:30:00Z,NO3,81.42,15
2026-04-08T21:30:00Z,NO4,4.29,15
2026-04-08T21:30:00Z,NO5,114.16,15
2026-04-08T21:30:00Z,PL,101.88,15
2026-04-08T21:30:00Z,PT,98.51,15
2026-04-08T21:30:00Z,RO,126.28,15
2026-04-08T21:30:00Z,SE1,7.82,15
2026-04-08T21:30:00Z,SE2,8.58,15
2026-04-08T21:30:00Z,SE3,56.93,15
2026-04-08T21:30:00Z,SE4,104.23,15
2026-04-08T21:30:00Z,SI,121.11,15
2026-04-08T21:30:00Z,SK,137.56,15
2026-04-08T21:45:00Z,AT,110.60,15
2026-04-08T21:45:00Z,BE,99.76,15
2026-04-08T21:45:00Z,CZ,99.58,15
2026-04-08T21:45:00Z,DE-LU,101.83,15
2026-04-08T21:45:00Z,DK1,101.83,15
2026-04-08T21:45:00Z,DK2,101.83,15
2026-04-08T21:45:00Z,EE,13.14,15
2026-04-08T21:45:00Z,ES,81.91,15
2026-04-08T21:45:00Z,FI,13.12,15
2026-04-08T21:45:00Z,FR,83.91,15
2026-04-08T21:45:00Z,GR,118.34,15
2026-04-08T21:45:00Z,HR,115.57,15
2026-04-08T21:45:00Z,HU,120.46,15
2026-04-08T21:45:00Z,IT-CNorth,133.54,15
2026-04-08T21:45:00Z,IT-CSouth,133.54,15
2026-04-08T21:45:00Z,IT-North,133.54,15
2026-04-08T21:45:00Z,IT-Sardinia,133.54,15
2026-04-08T21:45:00Z,IT-Sicily,133.54,15
2026-04-08T21:45:00Z,IT-South,133.54,15
2026-04-08T21:45:00Z,LT,13.14,15
2026-04-08T21:45:00Z,LV,13.14,15
2026-04-08T21:45:00Z,NL,101.83,15
2026-04-08T21:45:00Z,NO1,108.95,15
2026-04-08T21:45:00Z,NO2,108.00,15
2026-04-08T21:45:00Z,NO3,83.41,15
2026-04-08T21:45:00Z,NO4,0.15,15
2026-04-08T21:45:00Z,NO5,113.97,15
2026-04-08T21:45:00Z,PL,97.41,15
2026-04-08T21:45:00Z,PT,83.91,15
2026-04-08T21:45:00Z,RO,118.34,15
2026-04-08T21:45:00Z,SE1,5.73,15
2026-04-08T21:45:00Z,SE2,6.92,15
2026-04-08T21:45:00Z,SE3,53.24,15
2026-04-08T21:45:00Z,SE4,97.98,15
2026-04-08T21:45:00Z,SI,114.22,15
2026-04-08T21:45:00Z,SK,127.81,15
2026-04-08T22:00:00Z,AT,115.99,15
2026-04-08T22:00:00Z,BE,109.43,15
2026-04-08T22:00:00Z,CH,104.00,60
2026-04-08T22:00:00Z,CZ,106.88,15
2026-04-08T22:00:00Z,DE-LU,109.56,15
2026-04-08T22:00:00Z,DK1,109.56,15
2026-04-08T22:00:00Z,DK2,107.58,15
2026-04-08T22:00:00Z,EE,35.01,15
2026-04-08T22:00:00Z,ES,102.70,15
2026-04-08T22:00:00Z,FI,34.99,15
2026-04-08T22:00:00Z,FR,105.70,15
2026-04-08T22:00:00Z,GR,123.44,15
2026-04-08T22:00:00Z,HR,120.69,15
2026-04-08T22:00:00Z,HU,125.42,15
2026-04-08T22:00:00Z,IT-CNorth,143.82,15
2026-04-08T22:00:00Z,IT-CSouth,143.82,15
2026-04-08T22:00:00Z,IT-North,143.82,15
2026-04-08T22:00:00Z,IT-Sardinia,143.82,15
2026-04-08T22:00:00Z,IT-Sicily,143.82,15
2026-04-08T22:00:00Z,IT-South,143.82,15
2026-04-08T22:00:00Z,LT,35.01,15
2026-04-08T22:00:00Z,LV,35.01,15
2026-04-08T22:00:00Z,NL,109.49,15
2026-04-08T22:00:00Z,NO1,111.76,15
2026-04-08T22:00:00Z,NO2,110.00,15
2026-04-08T22:00:00Z,NO3,97.01,15
2026-04-08T22:00:00Z,NO4,8.93,15
2026-04-08T22:00:00Z,NO5,120.26,15
2026-04-08T22:00:00Z,PL,110.06,15
2026-04-08T22:00:00Z,PT,105.70,15
2026-04-08T22:00:00Z,RO,123.44,15
2026-04-08T22:00:00Z,RS,111.35,15
2026-04-08T22:00:00Z,SE1,17.62,15
2026-04-08T22:00:00Z,SE2,19.52,15
2026-04-08T22:00:00Z,SE3,59.12,15
2026-04-08T22:00:00Z,SE4,93.71,15
2026-04-08T22:00:00Z,SI,119.26,15
2026-04-08T22:00:00Z,SK,131.14,15
2026-04-08T22:15:00Z,AT,114.38,15
2026-04-08T22:15:00Z,BE,105.14,15
2026-04-08T22:15:00Z,CZ,102.02,15
2026-04-08T22:15:00Z,DE-LU,105.54,15
2026-04-08T22:15:00Z,DK1,105.54,15
2026-04-08T22:15:00Z,DK2,103.63,15
2026-04-08T22:15:00Z,EE,35.22,15
2026-04-08T22:15:00Z,ES,103.20,15
2026-04-08T22:15:00Z,FI,35.20,15
2026-04-08T22:15:00Z,FR,98.70,15
2026-04-08T22:15:00Z,GR,124.04,15
2026-04-08T22:15:00Z,HR,120.59,15
2026-04-08T22:15:00Z,HU,126.56,15
2026-04-08T22:15:00Z,IT-CNorth,138.06,15
2026-04-08T22:15:00Z,IT-CSouth,138.06,15
2026-04-08T22:15:00Z,IT-North,138.06,15
2026-04-08T22:15:00Z,IT-Sardinia,138.06,15
2026-04-08T22:15:00Z,IT-Sicily,138.06,15
2026-04-08T22:15:00Z,IT-South,138.06,15
2026-04-08T22:15:00Z,LT,35.22,15
2026-04-08T22:15:00Z,LV,35.22,15
2026-04-08T22:15:00Z,NL,105.36,15
2026-04-08T22:15:00Z,NO1,110.80,15
2026-04-08T22:15:00Z,NO2,108.93,15
2026-04-08T22:15:00Z,NO3,97.41,15
2026-04-08T22:15:00Z,NO4,8.67,15
2026-04-08T22:15:00Z,NO5,119.83,15
2026-04-08T22:15:00Z,PL,102.23,15
2026-04-08T22:15:00Z,PT,98.70,15
2026-04-08T22:15:00Z,RO,124.04,15
2026-04-08T22:15:00Z,SE1,14.89,15
2026-04-08T22:15:00Z,SE2,17.12,15
2026-04-08T22:15:00Z,SE3,56.04,15
2026-04-08T22:15:00Z,SE4,91.09,15
2026-04-08T22:15:00Z,SI,118.74,15
2026-04-08T22:15:00Z,SK,135.15,15
2026-04-08T22:30:00Z,AT,113.09,15
2026-04-08T22:30:00Z,BE,102.10,15
2026-04-08T22:30:00Z,CZ,99.62,15
2026-04-08T22:30:00Z,DE-LU,103.09,15
2026-04-08T22:30:00Z,DK1,103.09,15
2026-04-08T22:30:00Z,DK2,103.08,15
2026-04-08T22:30:00Z,EE,35.01,15
2026-04-08T22:30:00Z,ES,92.17,15
2026-04-08T22:30:00Z,FI,34.99,15
2026-04-08T22:30:00Z,FR,90.75,15
2026-04-08T22:30:00Z,GR,123.41,15
2026-04-08T22:30:00Z,HR,119.79,15
2026-04-08T22:30:00Z,HU,126.10,15
2026-04-08T22:30:00Z,IT-CNorth,125.08,15
2026-04-08T22:30:00Z,IT-CSouth,125.08,15
2026-04-08T22:30:00Z,IT-North,125.08,15
2026-04-08T22:30:00Z,IT-Sardinia,125.08,15
2026-04-08T22:30:00Z,IT-Sicily,125.08,15
2026-04-08T22:30:00Z,IT-South,125.08,15
2026-04-08T22:30:00Z,LT,35.01,15
2026-04-08T22:30:00Z,LV,35.01,15
2026-04-08T22:30:00Z,NL,102.91,15
2026-04-08T22:30:00Z,NO1,108.66,15
2026-04-08T22:30:00Z,NO2,106.41,15
2026-04-08T22:30:00Z,NO3,100.24,15
2026-04-08T22:30:00Z,NO5,119.65,15
2026-04-08T22:30:00Z,PL,101.85,15
2026-04-08T22:30:00Z,PT,90.75,15
2026-04-08T22:30:00Z,RO,123.41,15
2026-04-08T22:30:00Z,SE1,11.80,15
2026-04-08T22:30:00Z,SE2,14.55,15
2026-04-08T22:30:00Z,SE3,51.91,15
2026-04-08T22:30:00Z,SE4,84.76,15
2026-04-08T22:30:00Z,SI,117.82,15
2026-04-08T22:30:00Z,SK,135.27,15
2026-04-08T22:45:00Z,AT,110.20,15
2026-04-08T22:45:00Z,BE,100.52,15
2026-04-08T22:45:00Z,CZ,98.47,15
2026-04-08T22:45:00Z,DE-LU,101.40,15
2026-04-08T22:45:00Z,DK1,101.40,15
2026-04-08T22:45:00Z,DK2,101.38,15
2026-04-08T22:45:00Z,ES,85.29,15
2026-04-08T22:45:00Z,FR,85.28,15
2026-04-08T22:45:00Z,GR,120.56,15
2026-04-08T22:45:00Z,HR,116.56,15
2026-04-08T22:45:00Z,HU,123.36,15
2026-04-08T22:45:00Z,IT-CNorth,122.20,15
2026-04-08T22:45:00Z,IT-CSouth,122.20,15
2026-04-08T22:45:00Z,IT-North,122.20,15
2026-04-08T22:45:00Z,IT-Sardinia,122.20,15
2026-04-08T22:45:00Z,IT-Sicily,122.20,15
2026-04-08T22:45:00Z,IT-South,122.20,15
2026-04-08T22:45:00Z,LT,49.99,15
2026-04-08T22:45:00Z,LV,49.99,15
2026-04-08T22:45:00Z,NL,101.40,15
2026-04-08T22:45:00Z,NO1,107.36,15
2026-04-08T22:45:00Z,NO2,104.91,15
2026-04-08T22:45:00Z,NO3,101.11,15
2026-04-08T22:45:00Z,NO5,119.46,15
2026-04-08T22:45:00Z,PL,100.39,15
2026-04-08T22:45:00Z,PT,85.28,15
2026-04-08T22:45:00Z,RO,120.56,15
2026-04-08T22:45:00Z,SE1,7.66,15
2026-04-08T22:45:00Z,SE2,10.80,15
2026-04-08T22:45:00Z,SE3,46.44,15
2026-04-08T22:45:00Z,SE4,75.08,15
2026-04-08T22:45:00Z,SI,114.58,15
2026-04-08T22:45:00Z,SK,128.00,15
2026-04-08T23:00:00Z,AT,110.54,15
2026-04-08T23:00:00Z,BE,101.62,15
2026-04-08T23:00:00Z,CH,99.23,60
2026-04-08T23:00:00Z,CZ,98.39,15
2026-04-08T23:00:00Z,DE-LU,101.87,15
2026-04-08T23:00:00Z,DK1,101.87,15
2026-04-08T23:00:00Z,DK2,101.86,15
2026-04-08T23:00:00Z,EE,30.02,15
2026-04-08T23:00:00Z,ES,98.89,15
2026-04-08T23:00:00Z,FI,30.00,15
2026-04-08T23:00:00Z,FR,96.20,15
2026-04-08T23:00:00Z,GR,120.14,15
2026-04-08T23:00:00Z,HR,116.68,15
2026-04-08T23:00:00Z,HU,122.64,15
2026-04-08T23:00:00Z,IT-CNorth,122.92,15
2026-04-08T23:00:00Z,IT-CSouth,122.92,15
2026-04-08T23:00:00Z,IT-North,122.92,15
2026-04-08T23:00:00Z,IT-Sardinia,122.92,15
2026-04-08T23:00:00Z,IT-Sicily,122.92,15
2026-04-08T23:00:00Z,IT-South,122.92,15
2026-04-08T23:00:00Z,LT,40.01,15
2026-04-08T23:00:00Z,LV,40.01,15
2026-04-08T23:00:00Z,NL,101.74,15
2026-04-08T23:00:00Z,NO1,107.50,15
2026-04-08T23:00:00Z,NO2,105.08,15
2026-04-08T23:00:00Z,NO3,100.50,15
2026-04-08T23:00:00Z,NO4,5.31,15
2026-04-08T23:00:00Z,NO5,118.92,15
2026-04-08T23:00:00Z,PL,99.94,15
2026-04-08T23:00:00Z,PT,96.20,15
2026-04-08T23:00:00Z,RO,120.14,15
2026-04-08T23:00:00Z,RS,108.57,15
2026-04-08T23:00:00Z,SE1,16.90,15
2026-04-08T23:00:00Z,SE2,19.67,15
2026-04-08T23:00:00Z,SE3,53.31,15
2026-04-08T23:00:00Z,SE4,82.56,15
2026-04-08T23:00:00Z,SI,114.85,15
2026-04-08T23:00:00Z,SK,131.13,15
2026-04-08T23:15:00Z,AT,108.00,15
2026-04-08T23:15:00Z,BE,100.24,15
2026-04-08T23:15:00Z,CZ,99.32,15
2026-04-08T23:15:00Z,DE-LU,101.42,15
2026-04-08T23:15:00Z,DK1,101.42,15
2026-04-08T23:15:00Z,DK2,101.41,15
2026-04-08T23:15:00Z,EE,35.03,15
2026-04-08T23:15:00Z,ES,93.75,15
2026-04-08T23:15:00Z,FI,35.00,15
2026-04-08T23:15:00Z,FR,90.75,15
2026-04-08T23:15:00Z,GR,114.61,15
2026-04-08T23:15:00Z,HR,112.30,15
2026-04-08T23:15:00Z,HU,116.32,15
2026-04-08T23:15:00Z,IT-CNorth,121.47,15
2026-04-08T23:15:00Z,IT-CSouth,121.47,15
2026-04-08T23:15:00Z,IT-North,121.47,15
2026-04-08T23:15:00Z,IT-Sardinia,121.47,15
2026-04-08T23:15:00Z,IT-Sicily,121.47,15
2026-04-08T23:15:00Z,IT-South,121.47,15
2026-04-08T23:15:00Z,LT,35.03,15
2026-04-08T23:15:00Z,LV,35.03,15
2026-04-08T23:15:00Z,NL,100.71,15
2026-04-08T23:15:00Z,NO1,107.04,15
2026-04-08T23:15:00Z,NO2,104.62,15
2026-04-08T23:15:00Z,NO3,99.09,15
2026-04-08T23:15:00Z,NO4,2.24,15
2026-04-08T23:15:00Z,NO5,118.51,15
2026-04-08T23:15:00Z,PL,99.93,15
2026-04-08T23:15:00Z,PT,90.75,15
2026-04-08T23:15:00Z,RO,114.61,15
2026-04-08T23:15:00Z,SE1,13.20,15
2026-04-08T23:15:00Z,SE2,16.00,15
2026-04-08T23:15:00Z,SE3,51.23,15
2026-04-08T23:15:00Z,SE4,82.00,15
2026-04-08T23:15:00Z,SI,111.06,15
2026-04-08T23:15:00Z,SK,122.17,15
2026-04-08T23:30:00Z,AT,107.54,15
2026-04-08T23:30:00Z,BE,99.62,15
2026-04-08T23:30:00Z,CZ,98.64,15
2026-04-08T23:30:00Z,DE-LU,100.80,15
2026-04-08T23:30:00Z,DK1,100.80,15
2026-04-08T23:30:00Z,DK2,100.79,15
2026-04-08T23:30:00Z,EE,38.37,15
2026-04-08T23:30:00Z,ES,93.01,15
2026-04-08T23:30:00Z,FI,38.34,15
2026-04-08T23:30:00Z,FR,90.01,15
2026-04-08T23:30:00Z,GR,114.33,15
2026-04-08T23:30:00Z,HR,111.95,15
2026-04-08T23:30:00Z,HU,116.08,15
2026-04-08T23:30:00Z,LT,50.01,15
2026-04-08T23:30:00Z,LV,50.01,15
2026-04-08T23:30:00Z,NL,100.08,15
2026-04-08T23:30:00Z,NO1,106.50,15
2026-04-08T23:30:00Z,NO2,103.98,15
2026-04-08T23:30:00Z,NO3,99.32,15
2026-04-08T23:30:00Z,NO5,118.45,15
2026-04-08T23:30:00Z,PL,96.85,15
2026-04-08T23:30:00Z,PT,90.01,15
2026-04-08T23:30:00Z,RO,114.33,15
2026-04-08T23:30:00Z,SE1,9.54,15
2026-04-08T23:30:00Z,SE2,12.51,15
2026-04-08T23:30:00Z,SE3,48.82,15
2026-04-08T23:30:00Z,SE4,80.41,15
2026-04-08T23:30:00Z,SI,110.68,15
2026-04-08T23:30:00Z,SK,122.08,15
2026-04-08T23:45:00Z,AT,107.12,15
2026-04-08T23:45:00Z,BE,98.62,15
2026-04-08T23:45:00Z,CZ,98.41,15
2026-04-08T23:45:00Z,DE-LU,100.32,15
2026-04-08T23:45:00Z,DK1,100.32,15
2026-04-08T23:45:00Z,DK2,100.30,15
2026-04-08T23:45:00Z,EE,45.25,15
2026-04-08T23:45:00Z,ES,87.20,15
2026-04-08T23:45:00Z,FI,45.21,15
2026-04-08T23:45:00Z,FR,86.20,15
2026-04-08T23:45:00Z,GR,113.64,15
2026-04-08T23:45:00Z,HR,111.40,15
2026-04-08T23:45:00Z,HU,115.32,15
2026-04-08T23:45:00Z,NL,99.28,15
2026-04-08T23:45:00Z,NO1,106.03,15
2026-04-08T23:45:00Z,NO2,103.47,15
2026-04-08T23:45:00Z,NO3,99.12,15
2026-04-08T23:45:00Z,NO5,118.15,15
2026-04-08T23:45:00Z,PL,96.65,15
2026-04-08T23:45:00Z,PT,86.20,15
2026-04-08T23:45:00Z,RO,113.64,15
2026-04-08T23:45:00Z,SE1,7.77,15
2026-04-08T23:45:00Z,SE2,10.80,15
2026-04-08T23:45:00Z,SE3,47.60,15
2026-04-08T23:45:00Z,SE4,79.57,15
2026-04-08T23:45:00Z,SI,110.19,15
2026-04-08T23:45:00Z,SK,121.08,15
