timestamp_utc,zone,price_eur_mwh,resolution_min
2026-07-26T00:00:00Z,AT,146.24,15
2026-07-26T00:00:00Z,BE,141.71,15
2026-07-26T00:00:00Z,CH,147.06,60
2026-07-26T00:00:00Z,CZ,144.61,15
2026-07-26T00:00:00Z,DE-LU,145.58,15
2026-07-26T00:00:00Z,DK1,144.84,15
2026-07-26T00:00:00Z,DK2,144.99,15
2026-07-26T00:00:00Z,ES,125.17,15
2026-07-26T00:00:00Z,FR,110.99,15
2026-07-26T00:00:00Z,GR,132.86,15
2026-07-26T00:00:00Z,HR,109.01,15
2026-07-26T00:00:00Z,HU,139.85,15
2026-07-26T00:00:00Z,IT-CNorth,195.18,15
2026-07-26T00:00:00Z,IT-CSouth,195.18,15
2026-07-26T00:00:00Z,IT-North,195.18,15
2026-07-26T00:00:00Z,IT-Sardinia,195.18,15
2026-07-26T00:00:00Z,IT-Sicily,195.18,15
2026-07-26T00:00:00Z,IT-South,195.18,15
2026-07-26T00:00:00Z,NL,142.92,15
2026-07-26T00:00:00Z,NO1,137.48,15
2026-07-26T00:00:00Z,NO2,140.35,15
2026-07-26T00:00:00Z,NO5,115.42,15
2026-07-26T00:00:00Z,PL,143.45,15
2026-07-26T00:00:00Z,PT,127.90,15
2026-07-26T00:00:00Z,RO,133.93,15
2026-07-26T00:00:00Z,RS,52.55,15
2026-07-26T00:00:00Z,SI,166.25,15
2026-07-26T00:00:00Z,SK,142.10,15
2026-07-26T00:15:00Z,AT,148.01,15
2026-07-26T00:15:00Z,BE,141.74,15
2026-07-26T00:15:00Z,CZ,145.65,15
2026-07-26T00:15:00Z,DE-LU,147.15,15
2026-07-26T00:15:00Z,DK1,144.93,15
2026-07-26T00:15:00Z,DK2,146.11,15
2026-07-26T00:15:00Z,ES,124.53,15
2026-07-26T00:15:00Z,FR,97.85,15
2026-07-26T00:15:00Z,GR,128.15,15
2026-07-26T00:15:00Z,HR,92.71,15
2026-07-26T00:15:00Z,HU,138.54,15
2026-07-26T00:15:00Z,IT-CNorth,194.82,15
2026-07-26T00:15:00Z,IT-CSouth,194.82,15
2026-07-26T00:15:00Z,IT-North,194.82,15
2026-07-26T00:15:00Z,IT-Sardinia,194.82,15
2026-07-26T00:15:00Z,IT-Sicily,194.82,15
2026-07-26T00:15:00Z,IT-South,194.82,15
2026-07-26T00:15:00Z,NL,143.48,15
2026-07-26T00:15:00Z,NO1,137.51,15
2026-07-26T00:15:00Z,NO2,140.37,15
2026-07-26T00:15:00Z,NO5,115.44,15
2026-07-26T00:15:00Z,PL,143.93,15
2026-07-26T00:15:00Z,PT,126.53,15
2026-07-26T00:15:00Z,RO,129.74,15
2026-07-26T00:15:00Z,SI,177.69,15
2026-07-26T00:15:00Z,SK,141.90,15
2026-07-26T00:30:00Z,AT,148.99,15
2026-07-26T00:30:00Z,BE,145.00,15
2026-07-26T00:30:00Z,CZ,146.78,15
2026-07-26T00:30:00Z,DE-LU,148.84,15
2026-07-26T00:30:00Z,DK1,147.84,15
2026-07-26T00:30:00Z,DK2,147.92,15
2026-07-26T00:30:00Z,EE,0.00,15
2026-07-26T00:30:00Z,ES,117.90,15
2026-07-26T00:30:00Z,FI,0.00,15
2026-07-26T00:30:00Z,FR,100.60,15
2026-07-26T00:30:00Z,GR,128.49,15
2026-07-26T00:30:00Z,HR,91.68,15
2026-07-26T00:30:00Z,HU,139.28,15
2026-07-26T00:30:00Z,IT-CNorth,190.00,15
2026-07-26T00:30:00Z,IT-CSouth,190.00,15
2026-07-26T00:30:00Z,IT-North,190.00,15
2026-07-26T00:30:00Z,IT-Sardinia,190.00,15
2026-07-26T00:30:00Z,IT-Sicily,190.00,15
2026-07-26T00:30:00Z,IT-South,190.00,15
2026-07-26T00:30:00Z,LT,0.00,15
2026-07-26T00:30:00Z,LV,0.00,15
2026-07-26T00:30:00Z,NL,145.73,15
2026-07-26T00:30:00Z,NO2,140.38,15
2026-07-26T00:30:00Z,NO3,0.00,15
2026-07-26T00:30:00Z,NO4,0.00,15
2026-07-26T00:30:00Z,PL,145.09,15
2026-07-26T00:30:00Z,PT,127.90,15
2026-07-26T00:30:00Z,RO,130.15,15
2026-07-26T00:30:00Z,SE1,0.00,15
2026-07-26T00:30:00Z,SE2,0.00,15
2026-07-26T00:30:00Z,SE3,0.00,15
2026-07-26T00:30:00Z,SE4,0.00,15
2026-07-26T00:30:00Z,SI,179.59,15
2026-07-26T00:30:00Z,SK,142.84,15
2026-07-26T00:45:00Z,AT,148.54,15
2026-07-26T00:45:00Z,BE,159.58,15
2026-07-26T00:45:00Z,CZ,146.92,15
2026-07-26T00:45:00Z,DE-LU,150.53,15
2026-07-26T00:45:00Z,DK1,150.39,15
2026-07-26T00:45:00Z,DK2,149.77,15
2026-07-26T00:45:00Z,ES,113.99,15
2026-07-26T00:45:00Z,FR,75.41,15
2026-07-26T00:45:00Z,GR,127.64,15
2026-07-26T00:45:00Z,HR,89.35,15
2026-07-26T00:45:00Z,HU,138.84,15
2026-07-26T00:45:00Z,IT-CNorth,180.00,15
2026-07-26T00:45:00Z,IT-CSouth,180.00,15
2026-07-26T00:45:00Z,IT-North,180.00,15
2026-07-26T00:45:00Z,IT-Sardinia,180.00,15
2026-07-26T00:45:00Z,IT-Sicily,180.00,15
2026-07-26T00:45:00Z,IT-South,180.00,15
2026-07-26T00:45:00Z,NL,151.32,15
2026-07-26T00:45:00Z,PL,145.45,15
2026-07-26T00:45:00Z,PT,125.00,15
2026-07-26T00:45:00Z,RO,129.36,15
2026-07-26T00:45:00Z,SI,180.00,15
2026-07-26T00:45:00Z,SK,142.71,15
2026-07-26T01:00:00Z,AT,152.68,15
2026-07-26T01:00:00Z,BE,144.11,15
2026-07-26T01:00:00Z,CH,146.48,60
2026-07-26T01:00:00Z,CZ,151.38,15
2026-07-26T01:00:00Z,DE-LU,149.01,15
2026-07-26T01:00:00Z,DK1,147.06,15
2026-07-26T01:00:00Z,DK2,148.89,15
2026-07-26T01:00:00Z,EE,0.01,15
2026-07-26T01:00:00Z,ES,114.83,15
2026-07-26T01:00:00Z,FI,0.01,15
2026-07-26T01:00:00Z,FR,108.26,15
2026-07-26T01:00:00Z,GR,152.49,15
2026-07-26T01:00:00Z,HR,153.27,15
2026-07-26T01:00:00Z,HU,152.29,15
2026-07-26T01:00:00Z,IT-CNorth,186.00,15
2026-07-26T01:00:00Z,IT-CSouth,186.00,15
2026-07-26T01:00:00Z,IT-North,186.00,15
2026-07-26T01:00:00Z,IT-Sardinia,186.00,15
2026-07-26T01:00:00Z,IT-Sicily,186.00,15
2026-07-26T01:00:00Z,IT-South,186.00,15
2026-07-26T01:00:00Z,LT,0.01,15
2026-07-26T01:00:00Z,LV,0.01,15
2026-07-26T01:00:00Z,NL,145.71,15
2026-07-26T01:00:00Z,NO1,137.45,15
2026-07-26T01:00:00Z,NO2,140.37,15
2026-07-26T01:00:00Z,NO3,0.01,15
2026-07-26T01:00:00Z,NO4,0.01,15
2026-07-26T01:00:00Z,NO5,116.46,15
2026-07-26T01:00:00Z,PL,151.03,15
2026-07-26T01:00:00Z,PT,124.73,15
2026-07-26T01:00:00Z,RO,152.45,15
2026-07-26T01:00:00Z,RS,79.00,15
2026-07-26T01:00:00Z,SE1,0.01,15
2026-07-26T01:00:00Z,SE2,0.01,15
2026-07-26T01:00:00Z,SE3,0.01,15
2026-07-26T01:00:00Z,SE4,0.01,15
2026-07-26T01:00:00Z,SI,153.49,15
2026-07-26T01:00:00Z,SK,151.84,15
2026-07-26T01:15:00Z,AT,163.52,15
2026-07-26T01:15:00Z,BE,147.90,15
2026-07-26T01:15:00Z,CZ,161.15,15
2026-07-26T01:15:00Z,DE-LU,156.83,15
2026-07-26T01:15:00Z,DK1,153.28,15
2026-07-26T01:15:00Z,DK2,156.09,15
2026-07-26T01:15:00Z,EE,0.00,15
2026-07-26T01:15:00Z,ES,114.96,15
2026-07-26T01:15:00Z,FI,0.00,15
2026-07-26T01:15:00Z,FR,82.61,15
2026-07-26T01:15:00Z,GR,163.17,15
2026-07-26T01:15:00Z,HR,164.58,15
2026-07-26T01:15:00Z,HU,162.81,15
2026-07-26T01:15:00Z,IT-CNorth,180.00,15
2026-07-26T01:15:00Z,IT-CSouth,180.00,15
2026-07-26T01:15:00Z,IT-North,180.00,15
2026-07-26T01:15:00Z,IT-Sardinia,180.00,15
2026-07-26T01:15:00Z,IT-Sicily,180.00,15
2026-07-26T01:15:00Z,IT-South,180.00,15
2026-07-26T01:15:00Z,LT,0.00,15
2026-07-26T01:15:00Z,LV,0.00,15
2026-07-26T01:15:00Z,NL,150.82,15
2026-07-26T01:15:00Z,NO1,137.49,15
2026-07-26T01:15:00Z,NO2,140.41,15
2026-07-26T01:15:00Z,NO3,0.00,15
2026-07-26T01:15:00Z,NO4,0.00,15
2026-07-26T01:15:00Z,NO5,116.49,15
2026-07-26T01:15:00Z,PL,160.50,15
2026-07-26T01:15:00Z,PT,124.23,15
2026-07-26T01:15:00Z,RO,163.10,15
2026-07-26T01:15:00Z,SE1,0.00,15
2026-07-26T01:15:00Z,SE2,0.00,15
2026-07-26T01:15:00Z,SE3,0.00,15
2026-07-26T01:15:00Z,SE4,0.00,15
2026-07-26T01:15:00Z,SI,164.99,15
2026-07-26T01:15:00Z,SK,161.99,15
2026-07-26T01:30:00Z,AT,163.49,15
2026-07-26T01:30:00Z,BE,144.92,15
2026-07-26T01:30:00Z,CZ,160.68,15
2026-07-26T01:30:00Z,DE-LU,155.54,15
2026-07-26T01:30:00Z,DK1,151.32,15
2026-07-26T01:30:00Z,DK2,154.09,15
2026-07-26T01:30:00Z,ES,115.00,15
2026-07-26T01:30:00Z,FR,67.30,15
2026-07-26T01:30:00Z,GR,163.07,15
2026-07-26T01:30:00Z,HR,164.76,15
2026-07-26T01:30:00Z,HU,162.65,15
2026-07-26T01:30:00Z,IT-CNorth,179.50,15
2026-07-26T01:30:00Z,IT-CSouth,179.50,15
2026-07-26T01:30:00Z,IT-North,179.50,15
2026-07-26T01:30:00Z,IT-Sardinia,179.50,15
2026-07-26T01:30:00Z,IT-Sicily,179.50,15
2026-07-26T01:30:00Z,IT-South,179.50,15
2026-07-26T01:30:00Z,NL,148.40,15
2026-07-26T01:30:00Z,PL,159.91,15
2026-07-26T01:30:00Z,PT,124.20,15
2026-07-26T01:30:00Z,RO,162.99,15
2026-07-26T01:30:00Z,SI,165.24,15
2026-07-26T01:30:00Z,SK,161.67,15
2026-07-26T01:45:00Z,AT,160.50,15
2026-07-26T01:45:00Z,BE,142.96,15
2026-07-26T01:45:00Z,CZ,157.85,15
2026-07-26T01:45:00Z,DE-LU,152.99,15
2026-07-26T01:45:00Z,DK1,149.00,15
2026-07-26T01:45:00Z,DK2,151.73,15
2026-07-26T01:45:00Z,FR,69.63,15
2026-07-26T01:45:00Z,GR,160.11,15
2026-07-26T01:45:00Z,HR,161.70,15
2026-07-26T01:45:00Z,HU,159.71,15
2026-07-26T01:45:00Z,IT-CNorth,175.00,15
2026-07-26T01:45:00Z,IT-CSouth,175.00,15
2026-07-26T01:45:00Z,IT-North,175.00,15
2026-07-26T01:45:00Z,IT-Sardinia,175.00,15
2026-07-26T01:45:00Z,IT-Sicily,175.00,15
2026-07-26T01:45:00Z,IT-South,175.00,15
2026-07-26T01:45:00Z,NL,146.24,15
2026-07-26T01:45:00Z,NO1,137.50,15
2026-07-26T01:45:00Z,NO2,140.42,15
2026-07-26T01:45:00Z,NO5,116.50,15
2026-07-26T01:45:00Z,PL,157.11,15
2026-07-26T01:45:00Z,RO,160.03,15
2026-07-26T01:45:00Z,SI,162.16,15
2026-07-26T01:45:00Z,SK,158.78,15
2026-07-26T02:00:00Z,AT,157.84,15
2026-07-26T02:00:00Z,BE,149.41,15
2026-07-26T02:00:00Z,CH,152.01,60
2026-07-26T02:00:00Z,CZ,156.57,15
2026-07-26T02:00:00Z,DE-LU,154.24,15
2026-07-26T02:00:00Z,DK1,152.31,15
2026-07-26T02:00:00Z,DK2,154.11,15
2026-07-26T02:00:00Z,ES,122.61,15
2026-07-26T02:00:00Z,FR,114.05,15
2026-07-26T02:00:00Z,GR,157.65,15
2026-07-26T02:00:00Z,HR,158.42,15
2026-07-26T02:00:00Z,HU,157.47,15
2026-07-26T02:00:00Z,IT-CNorth,158.64,15
2026-07-26T02:00:00Z,IT-CSouth,158.64,15
2026-07-26T02:00:00Z,IT-North,158.64,15
2026-07-26T02:00:00Z,IT-Sardinia,158.64,15
2026-07-26T02:00:00Z,IT-Sicily,158.64,15
2026-07-26T02:00:00Z,IT-South,158.64,15
2026-07-26T02:00:00Z,NL,150.98,15
2026-07-26T02:00:00Z,NO1,136.57,15
2026-07-26T02:00:00Z,NO2,139.45,15
2026-07-26T02:00:00Z,NO5,115.21,15
2026-07-26T02:00:00Z,PL,156.22,15
2026-07-26T02:00:00Z,PT,119.59,15
2026-07-26T02:00:00Z,RO,157.62,15
2026-07-26T02:00:00Z,RS,86.24,15
2026-07-26T02:00:00Z,SI,158.64,15
2026-07-26T02:00:00Z,SK,157.02,15
2026-07-26T02:15:00Z,AT,150.68,15
2026-07-26T02:15:00Z,BE,140.48,15
2026-07-26T02:15:00Z,CZ,149.14,15
2026-07-26T02:15:00Z,DE-LU,146.32,15
2026-07-26T02:15:00Z,DK1,143.99,15
2026-07-26T02:15:00Z,DK2,146.17,15
2026-07-26T02:15:00Z,ES,121.60,15
2026-07-26T02:15:00Z,FR,97.70,15
2026-07-26T02:15:00Z,GR,150.45,15
2026-07-26T02:15:00Z,HR,151.37,15
2026-07-26T02:15:00Z,HU,150.23,15
2026-07-26T02:15:00Z,IT-CNorth,151.65,15
2026-07-26T02:15:00Z,IT-CSouth,151.65,15
2026-07-26T02:15:00Z,IT-North,151.65,15
2026-07-26T02:15:00Z,IT-Sardinia,151.65,15
2026-07-26T02:15:00Z,IT-Sicily,151.65,15
2026-07-26T02:15:00Z,IT-South,151.65,15
2026-07-26T02:15:00Z,NL,142.38,15
2026-07-26T02:15:00Z,NO1,136.56,15
2026-07-26T02:15:00Z,NO2,139.43,15
2026-07-26T02:15:00Z,NO5,115.20,15
2026-07-26T02:15:00Z,PL,148.71,15
2026-07-26T02:15:00Z,RO,150.41,15
2026-07-26T02:15:00Z,SI,151.64,15
2026-07-26T02:15:00Z,SK,149.68,15
2026-07-26T02:30:00Z,AT,149.69,15
2026-07-26T02:30:00Z,BE,138.37,15
2026-07-26T02:30:00Z,CZ,147.98,15
2026-07-26T02:30:00Z,DE-LU,144.84,15
2026-07-26T02:30:00Z,DK1,142.27,15
2026-07-26T02:30:00Z,DK2,144.68,15
2026-07-26T02:30:00Z,ES,118.57,15
2026-07-26T02:30:00Z,FR,90.88,15
2026-07-26T02:30:00Z,GR,149.44,15
2026-07-26T02:30:00Z,HR,150.46,15
2026-07-26T02:30:00Z,HU,149.18,15
2026-07-26T02:30:00Z,IT-CNorth,151.60,15
2026-07-26T02:30:00Z,IT-CSouth,151.60,15
2026-07-26T02:30:00Z,IT-North,151.60,15
2026-07-26T02:30:00Z,IT-Sardinia,151.60,15
2026-07-26T02:30:00Z,IT-Sicily,151.60,15
2026-07-26T02:30:00Z,IT-South,151.60,15
2026-07-26T02:30:00Z,NL,140.48,15
2026-07-26T02:30:00Z,NO1,134.91,15
2026-07-26T02:30:00Z,NO2,137.75,15
2026-07-26T02:30:00Z,NO5,113.81,15
2026-07-26T02:30:00Z,PL,147.50,15
2026-07-26T02:30:00Z,RO,149.39,15
2026-07-26T02:30:00Z,SI,150.76,15
2026-07-26T02:30:00Z,SK,148.58,15
2026-07-26T02:45:00Z,AT,148.12,15
2026-07-26T02:45:00Z,BE,135.97,15
2026-07-26T02:45:00Z,CZ,146.28,15
2026-07-26T02:45:00Z,DE-LU,142.92,15
2026-07-26T02:45:00Z,DK1,140.15,15
2026-07-26T02:45:00Z,DK2,142.72,15
2026-07-26T02:45:00Z,FR,85.03,15
2026-07-26T02:45:00Z,GR,147.85,15
2026-07-26T02:45:00Z,HR,148.94,15
2026-07-26T02:45:00Z,HU,147.57,15
2026-07-26T02:45:00Z,IT-CNorth,152.02,15
2026-07-26T02:45:00Z,IT-CSouth,152.02,15
2026-07-26T02:45:00Z,IT-North,152.02,15
2026-07-26T02:45:00Z,IT-Sardinia,152.02,15
2026-07-26T02:45:00Z,IT-Sicily,152.02,15
2026-07-26T02:45:00Z,IT-South,152.02,15
2026-07-26T02:45:00Z,NL,138.23,15
2026-07-26T02:45:00Z,NO1,132.89,15
2026-07-26T02:45:00Z,NO2,135.69,15
2026-07-26T02:45:00Z,NO5,112.11,15
2026-07-26T02:45:00Z,PL,145.77,15
2026-07-26T02:45:00Z,RO,147.79,15
2026-07-26T02:45:00Z,SI,149.26,15
2026-07-26T02:45:00Z,SK,146.93,15
2026-07-26T03:00:00Z,AT,142.12,15
2026-07-26T03:00:00Z,BE,135.29,15
2026-07-26T03:00:00Z,CH,147.38,60
2026-07-26T03:00:00Z,CZ,140.56,15
2026-07-26T03:00:00Z,DE-LU,139.91,15
2026-07-26T03:00:00Z,DK1,138.04,15
2026-07-26T03:00:00Z,DK2,139.43,15
2026-07-26T03:00:00Z,ES,121.52,15
2026-07-26T03:00:00Z,FR,100.00,15
2026-07-26T03:00:00Z,GR,134.50,15
2026-07-26T03:00:00Z,HR,121.36,15
2026-07-26T03:00:00Z,HU,138.33,15
2026-07-26T03:00:00Z,IT-CNorth,153.79,15
2026-07-26T03:00:00Z,IT-CSouth,153.79,15
2026-07-26T03:00:00Z,IT-North,153.79,15
2026-07-26T03:00:00Z,IT-Sardinia,153.79,15
2026-07-26T03:00:00Z,IT-Sicily,153.79,15
2026-07-26T03:00:00Z,IT-South,153.79,15
2026-07-26T03:00:00Z,NL,136.76,15
2026-07-26T03:00:00Z,NO1,130.89,15
2026-07-26T03:00:00Z,NO2,133.69,15
2026-07-26T03:00:00Z,NO5,110.17,15
2026-07-26T03:00:00Z,PL,139.72,15
2026-07-26T03:00:00Z,PT,119.66,15
2026-07-26T03:00:00Z,RO,135.09,15
2026-07-26T03:00:00Z,RS,41.96,15
2026-07-26T03:00:00Z,SI,153.79,15
2026-07-26T03:00:00Z,SK,139.38,15
2026-07-26T03:15:00Z,AT,142.41,15
2026-07-26T03:15:00Z,BE,133.57,15
2026-07-26T03:15:00Z,CZ,140.18,15
2026-07-26T03:15:00Z,DE-LU,139.83,15
2026-07-26T03:15:00Z,DK1,137.28,15
2026-07-26T03:15:00Z,DK2,139.06,15
2026-07-26T03:15:00Z,ES,122.01,15
2026-07-26T03:15:00Z,FR,85.20,15
2026-07-26T03:15:00Z,GR,129.58,15
2026-07-26T03:15:00Z,HR,107.11,15
2026-07-26T03:15:00Z,HU,136.13,15
2026-07-26T03:15:00Z,IT-CNorth,161.88,15
2026-07-26T03:15:00Z,IT-CSouth,161.88,15
2026-07-26T03:15:00Z,IT-North,161.88,15
2026-07-26T03:15:00Z,IT-Sardinia,161.88,15
2026-07-26T03:15:00Z,IT-Sicily,161.88,15
2026-07-26T03:15:00Z,IT-South,161.88,15
2026-07-26T03:15:00Z,NL,135.56,15
2026-07-26T03:15:00Z,NO1,130.16,15
2026-07-26T03:15:00Z,NO2,132.94,15
2026-07-26T03:15:00Z,NO5,109.55,15
2026-07-26T03:15:00Z,PL,138.88,15
2026-07-26T03:15:00Z,PT,120.00,15
2026-07-26T03:15:00Z,RO,130.59,15
2026-07-26T03:15:00Z,SI,161.88,15
2026-07-26T03:15:00Z,SK,138.03,15
2026-07-26T03:30:00Z,AT,139.94,15
2026-07-26T03:30:00Z,BE,133.14,15
2026-07-26T03:30:00Z,CZ,137.92,15
2026-07-26T03:30:00Z,DE-LU,137.98,15
2026-07-26T03:30:00Z,DK1,135.85,15
2026-07-26T03:30:00Z,DK2,137.25,15
2026-07-26T03:30:00Z,ES,125.67,15
2026-07-26T03:30:00Z,FR,87.23,15
2026-07-26T03:30:00Z,GR,127.10,15
2026-07-26T03:30:00Z,HR,104.42,15
2026-07-26T03:30:00Z,HU,133.71,15
2026-07-26T03:30:00Z,IT-CNorth,159.37,15
2026-07-26T03:30:00Z,IT-CSouth,159.37,15
2026-07-26T03:30:00Z,IT-North,159.37,15
2026-07-26T03:30:00Z,IT-Sardinia,159.37,15
2026-07-26T03:30:00Z,IT-Sicily,159.37,15
2026-07-26T03:30:00Z,IT-South,159.37,15
2026-07-26T03:30:00Z,NL,134.38,15
2026-07-26T03:30:00Z,NO1,128.81,15
2026-07-26T03:30:00Z,NO2,131.56,15
2026-07-26T03:30:00Z,NO5,108.42,15
2026-07-26T03:30:00Z,PL,136.68,15
2026-07-26T03:30:00Z,PT,123.66,15
2026-07-26T03:30:00Z,RO,128.12,15
2026-07-26T03:30:00Z,SI,159.37,15
2026-07-26T03:30:00Z,SK,135.69,15
2026-07-26T03:45:00Z,AT,134.60,15
2026-07-26T03:45:00Z,BE,138.25,15
2026-07-26T03:45:00Z,CZ,133.25,15
2026-07-26T03:45:00Z,DE-LU,134.25,15
2026-07-26T03:45:00Z,DK1,134.00,15
2026-07-26T03:45:00Z,DK2,133.90,15
2026-07-26T03:45:00Z,ES,127.70,15
2026-07-26T03:45:00Z,FR,72.49,15
2026-07-26T03:45:00Z,GR,123.50,15
2026-07-26T03:45:00Z,HR,103.41,15
2026-07-26T03:45:00Z,HU,129.34,15
2026-07-26T03:45:00Z,IT-CNorth,151.60,15
2026-07-26T03:45:00Z,IT-CSouth,151.60,15
2026-07-26T03:45:00Z,IT-North,151.60,15
2026-07-26T03:45:00Z,IT-Sardinia,151.60,15
2026-07-26T03:45:00Z,IT-Sicily,151.60,15
2026-07-26T03:45:00Z,IT-South,151.60,15
2026-07-26T03:45:00Z,NL,133.54,15
2026-07-26T03:45:00Z,NO1,127.13,15
2026-07-26T03:45:00Z,NO2,129.85,15
2026-07-26T03:45:00Z,NO5,107.00,15
2026-07-26T03:45:00Z,PL,132.34,15
2026-07-26T03:45:00Z,PT,125.00,15
2026-07-26T03:45:00Z,RO,124.41,15
2026-07-26T03:45:00Z,SI,151.60,15
2026-07-26T03:45:00Z,SK,131.20,15
2026-07-26T04:00:00Z,AT,143.54,15
2026-07-26T04:00:00Z,BE,122.90,15
2026-07-26T04:00:00Z,CH,124.00,60
2026-07-26T04:00:00Z,CZ,140.47,15
2026-07-26T04:00:00Z,DE-LU,134.87,15
2026-07-26T04:00:00Z,DK1,133.51,15
2026-07-26T04:00:00Z,DK2,135.09,15
2026-07-26T04:00:00Z,EE,0.01,15
2026-07-26T04:00:00Z,ES,131.53,15
2026-07-26T04:00:00Z,FI,0.01,15
2026-07-26T04:00:00Z,FR,37.28,15
2026-07-26T04:00:00Z,GR,143.12,15
2026-07-26T04:00:00Z,HR,144.98,15
2026-07-26T04:00:00Z,HU,142.66,15
2026-07-26T04:00:00Z,IT-CNorth,175.15,15
2026-07-26T04:00:00Z,IT-CSouth,175.15,15
2026-07-26T04:00:00Z,IT-North,175.15,15
2026-07-26T04:00:00Z,IT-Sardinia,175.15,15
2026-07-26T04:00:00Z,IT-Sicily,175.15,15
2026-07-26T04:00:00Z,IT-South,175.15,15
2026-07-26T04:00:00Z,LT,0.01,15
2026-07-26T04:00:00Z,LV,0.01,15
2026-07-26T04:00:00Z,NL,126.64,15
2026-07-26T04:00:00Z,NO1,126.01,15
2026-07-26T04:00:00Z,NO2,128.71,15
2026-07-26T04:00:00Z,NO3,0.01,15
2026-07-26T04:00:00Z,NO4,0.01,15
2026-07-26T04:00:00Z,NO5,106.49,15
2026-07-26T04:00:00Z,PL,139.66,15
2026-07-26T04:00:00Z,PT,126.53,15
2026-07-26T04:00:00Z,RO,143.02,15
2026-07-26T04:00:00Z,RS,65.04,15
2026-07-26T04:00:00Z,SE1,0.01,15
2026-07-26T04:00:00Z,SE2,0.01,15
2026-07-26T04:00:00Z,SE3,0.01,15
2026-07-26T04:00:00Z,SE4,0.01,15
2026-07-26T04:00:00Z,SI,145.49,15
2026-07-26T04:00:00Z,SK,141.64,15
2026-07-26T04:15:00Z,AT,135.92,15
2026-07-26T04:15:00Z,BE,116.76,15
2026-07-26T04:15:00Z,CZ,133.07,15
2026-07-26T04:15:00Z,DE-LU,127.87,15
2026-07-26T04:15:00Z,DK1,126.61,15
2026-07-26T04:15:00Z,DK2,128.08,15
2026-07-26T04:15:00Z,ES,131.89,15
2026-07-26T04:15:00Z,FR,37.27,15
2026-07-26T04:15:00Z,GR,135.53,15
2026-07-26T04:15:00Z,HR,137.26,15
2026-07-26T04:15:00Z,HU,135.10,15
2026-07-26T04:15:00Z,IT-CNorth,157.69,15
2026-07-26T04:15:00Z,IT-CSouth,157.69,15
2026-07-26T04:15:00Z,IT-North,157.69,15
2026-07-26T04:15:00Z,IT-Sardinia,157.69,15
2026-07-26T04:15:00Z,IT-Sicily,157.69,15
2026-07-26T04:15:00Z,IT-South,157.69,15
2026-07-26T04:15:00Z,NL,120.23,15
2026-07-26T04:15:00Z,NO1,120.76,15
2026-07-26T04:15:00Z,NO2,123.36,15
2026-07-26T04:15:00Z,NO5,102.06,15
2026-07-26T04:15:00Z,PL,132.32,15
2026-07-26T04:15:00Z,PT,127.46,15
2026-07-26T04:15:00Z,RO,135.43,15
2026-07-26T04:15:00Z,SI,137.73,15
2026-07-26T04:15:00Z,SK,134.15,15
2026-07-26T04:30:00Z,AT,131.38,15
2026-07-26T04:30:00Z,BE,110.89,15
2026-07-26T04:30:00Z,CZ,128.33,15
2026-07-26T04:30:00Z,DE-LU,122.77,15
2026-07-26T04:30:00Z,DK1,121.42,15
2026-07-26T04:30:00Z,DK2,122.99,15
2026-07-26T04:30:00Z,ES,132.90,15
2026-07-26T04:30:00Z,FR,25.90,15
2026-07-26T04:30:00Z,GR,131.76,15
2026-07-26T04:30:00Z,HR,132.80,15
2026-07-26T04:30:00Z,HU,130.50,15
2026-07-26T04:30:00Z,IT-CNorth,153.00,15
2026-07-26T04:30:00Z,IT-CSouth,153.00,15
2026-07-26T04:30:00Z,IT-North,153.00,15
2026-07-26T04:30:00Z,IT-Sardinia,153.00,15
2026-07-26T04:30:00Z,IT-Sicily,153.00,15
2026-07-26T04:30:00Z,IT-South,153.00,15
2026-07-26T04:30:00Z,NL,114.60,15
2026-07-26T04:30:00Z,NO1,115.19,15
2026-07-26T04:30:00Z,NO2,117.66,15
2026-07-26T04:30:00Z,NO5,97.35,15
2026-07-26T04:30:00Z,PL,127.53,15
2026-07-26T04:30:00Z,PT,127.90,15
2026-07-26T04:30:00Z,RO,130.85,15
2026-07-26T04:30:00Z,SI,133.31,15
2026-07-26T04:30:00Z,SK,129.49,15
2026-07-26T04:45:00Z,AT,117.47,15
2026-07-26T04:45:00Z,BE,120.00,15
2026-07-26T04:45:00Z,CZ,116.10,15
2026-07-26T04:45:00Z,DE-LU,113.94,15
2026-07-26T04:45:00Z,DK1,113.92,15
2026-07-26T04:45:00Z,DK2,114.26,15
2026-07-26T04:45:00Z,ES,129.59,15
2026-07-26T04:45:00Z,FR,19.56,15
2026-07-26T04:45:00Z,GR,117.80,15
2026-07-26T04:45:00Z,HR,118.41,15
2026-07-26T04:45:00Z,HU,117.23,15
2026-07-26T04:45:00Z,IT-CNorth,143.04,15
2026-07-26T04:45:00Z,IT-CSouth,143.04,15
2026-07-26T04:45:00Z,IT-North,143.04,15
2026-07-26T04:45:00Z,IT-Sardinia,143.04,15
2026-07-26T04:45:00Z,IT-Sicily,143.04,15
2026-07-26T04:45:00Z,IT-South,143.04,15
2026-07-26T04:45:00Z,NL,112.70,15
2026-07-26T04:45:00Z,NO1,108.07,15
2026-07-26T04:45:00Z,NO2,110.39,15
2026-07-26T04:45:00Z,NO5,91.33,15
2026-07-26T04:45:00Z,PL,115.86,15
2026-07-26T04:45:00Z,RO,117.42,15
2026-07-26T04:45:00Z,SI,118.66,15
2026-07-26T04:45:00Z,SK,116.73,15
2026-07-26T05:00:00Z,AT,128.59,15
2026-07-26T05:00:00Z,BE,108.73,15
2026-07-26T05:00:00Z,CH,108.32,60
2026-07-26T05:00:00Z,CZ,125.65,15
2026-07-26T05:00:00Z,DE-LU,120.34,15
2026-07-26T05:00:00Z,DK1,118.93,15
2026-07-26T05:00:00Z,DK2,120.45,15
2026-07-26T05:00:00Z,EE,0.05,15
2026-07-26T05:00:00Z,ES,95.58,15
2026-07-26T05:00:00Z,FI,0.05,15
2026-07-26T05:00:00Z,FR,25.29,15
2026-07-26T05:00:00Z,GR,128.19,15
2026-07-26T05:00:00Z,HR,129.98,15
2026-07-26T05:00:00Z,HU,127.74,15
2026-07-26T05:00:00Z,IT-CNorth,201.84,15
2026-07-26T05:00:00Z,IT-CSouth,201.84,15
2026-07-26T05:00:00Z,IT-North,201.84,15
2026-07-26T05:00:00Z,IT-Sardinia,201.84,15
2026-07-26T05:00:00Z,IT-Sicily,201.84,15
2026-07-26T05:00:00Z,IT-South,201.84,15
2026-07-26T05:00:00Z,LT,0.05,15
2026-07-26T05:00:00Z,LV,0.05,15
2026-07-26T05:00:00Z,NL,112.30,15
2026-07-26T05:00:00Z,NO1,114.30,15
2026-07-26T05:00:00Z,NO2,116.73,15
2026-07-26T05:00:00Z,NO3,1.32,15
2026-07-26T05:00:00Z,NO4,0.67,15
2026-07-26T05:00:00Z,NO5,97.82,15
2026-07-26T05:00:00Z,PL,124.93,15
2026-07-26T05:00:00Z,PT,121.60,15
2026-07-26T05:00:00Z,RO,128.10,15
2026-07-26T05:00:00Z,RS,50.00,15
2026-07-26T05:00:00Z,SE1,0.20,15
2026-07-26T05:00:00Z,SE2,0.07,15
2026-07-26T05:00:00Z,SE3,0.05,15
2026-07-26T05:00:00Z,SE4,0.05,15
2026-07-26T05:00:00Z,SI,130.46,15
2026-07-26T05:00:00Z,SK,126.78,15
2026-07-26T05:15:00Z,AT,122.72,15
2026-07-26T05:15:00Z,BE,102.35,15
2026-07-26T05:15:00Z,CZ,119.70,15
2026-07-26T05:15:00Z,DE-LU,114.25,15
2026-07-26T05:15:00Z,DK1,112.82,15
2026-07-26T05:15:00Z,DK2,114.37,15
2026-07-26T05:15:00Z,EE,0.23,15
2026-07-26T05:15:00Z,ES,88.72,15
2026-07-26T05:15:00Z,FI,0.23,15
2026-07-26T05:15:00Z,FR,16.79,15
2026-07-26T05:15:00Z,GR,122.31,15
2026-07-26T05:15:00Z,HR,124.14,15
2026-07-26T05:15:00Z,HU,121.85,15
2026-07-26T05:15:00Z,IT-CNorth,195.18,15
2026-07-26T05:15:00Z,IT-CSouth,195.18,15
2026-07-26T05:15:00Z,IT-North,195.18,15
2026-07-26T05:15:00Z,IT-Sardinia,195.18,15
2026-07-26T05:15:00Z,IT-Sicily,195.18,15
2026-07-26T05:15:00Z,IT-South,195.18,15
2026-07-26T05:15:00Z,LT,0.23,15
2026-07-26T05:15:00Z,LV,0.23,15
2026-07-26T05:15:00Z,NL,106.01,15
2026-07-26T05:15:00Z,NO1,112.53,15
2026-07-26T05:15:00Z,NO2,114.92,15
2026-07-26T05:15:00Z,NO4,0.76,15
2026-07-26T05:15:00Z,NO5,96.31,15
2026-07-26T05:15:00Z,PL,118.96,15
2026-07-26T05:15:00Z,PT,113.72,15
2026-07-26T05:15:00Z,RO,122.21,15
2026-07-26T05:15:00Z,SE1,0.35,15
2026-07-26T05:15:00Z,SE2,0.25,15
2026-07-26T05:15:00Z,SE3,0.23,15
2026-07-26T05:15:00Z,SE4,0.23,15
2026-07-26T05:15:00Z,SI,124.64,15
2026-07-26T05:15:00Z,SK,120.86,15
2026-07-26T05:30:00Z,AT,112.72,15
2026-07-26T05:30:00Z,BE,106.50,15
2026-07-26T05:30:00Z,CZ,110.74,15
2026-07-26T05:30:00Z,DE-LU,107.52,15
2026-07-26T05:30:00Z,DK1,107.01,15
2026-07-26T05:30:00Z,DK2,107.30,15
2026-07-26T05:30:00Z,EE,0.13,15
2026-07-26T05:30:00Z,ES,97.82,15
2026-07-26T05:30:00Z,FI,0.13,15
2026-07-26T05:30:00Z,FR,13.88,15
2026-07-26T05:30:00Z,GR,65.71,15
2026-07-26T05:30:00Z,HR,113.81,15
2026-07-26T05:30:00Z,HU,112.20,15
2026-07-26T05:30:00Z,IT-CNorth,180.00,15
2026-07-26T05:30:00Z,IT-CSouth,180.00,15
2026-07-26T05:30:00Z,IT-North,180.00,15
2026-07-26T05:30:00Z,IT-Sardinia,180.00,15
2026-07-26T05:30:00Z,IT-Sicily,180.00,15
2026-07-26T05:30:00Z,IT-South,180.00,15
2026-07-26T05:30:00Z,LT,0.13,15
2026-07-26T05:30:00Z,LV,0.13,15
2026-07-26T05:30:00Z,NL,103.62,15
2026-07-26T05:30:00Z,NO1,107.91,15
2026-07-26T05:30:00Z,NO2,110.20,15
2026-07-26T05:30:00Z,NO4,0.71,15
2026-07-26T05:30:00Z,NO5,92.36,15
2026-07-26T05:30:00Z,PL,110.19,15
2026-07-26T05:30:00Z,PT,105.09,15
2026-07-26T05:30:00Z,RO,112.46,15
2026-07-26T05:30:00Z,SE1,0.26,15
2026-07-26T05:30:00Z,SE2,0.15,15
2026-07-26T05:30:00Z,SE3,0.13,15
2026-07-26T05:30:00Z,SE4,0.13,15
2026-07-26T05:30:00Z,SI,114.15,15
2026-07-26T05:30:00Z,SK,111.52,15
2026-07-26T05:45:00Z,AT,97.03,15
2026-07-26T05:45:00Z,BE,107.78,15
2026-07-26T05:45:00Z,CZ,95.17,15
2026-07-26T05:45:00Z,DE-LU,98.60,15
2026-07-26T05:45:00Z,DK1,101.53,15
2026-07-26T05:45:00Z,DK2,99.70,15
2026-07-26T05:45:00Z,EE,0.08,15
2026-07-26T05:45:00Z,ES,74.40,15
2026-07-26T05:45:00Z,FI,0.08,15
2026-07-26T05:45:00Z,FR,16.19,15
2026-07-26T05:45:00Z,GR,9.20,15
2026-07-26T05:45:00Z,HR,97.20,15
2026-07-26T05:45:00Z,HU,95.36,15
2026-07-26T05:45:00Z,IT-CNorth,163.23,15
2026-07-26T05:45:00Z,IT-CSouth,163.23,15
2026-07-26T05:45:00Z,IT-North,163.23,15
2026-07-26T05:45:00Z,IT-Sardinia,163.23,15
2026-07-26T05:45:00Z,IT-Sicily,163.23,15
2026-07-26T05:45:00Z,IT-South,163.23,15
2026-07-26T05:45:00Z,LT,0.08,15
2026-07-26T05:45:00Z,LV,0.08,15
2026-07-26T05:45:00Z,NL,99.92,15
2026-07-26T05:45:00Z,NO1,102.39,15
2026-07-26T05:45:00Z,NO2,104.56,15
2026-07-26T05:45:00Z,NO4,0.68,15
2026-07-26T05:45:00Z,NO5,87.65,15
2026-07-26T05:45:00Z,PL,90.66,15
2026-07-26T05:45:00Z,PT,98.18,15
2026-07-26T05:45:00Z,RO,95.53,15
2026-07-26T05:45:00Z,SE1,0.22,15
2026-07-26T05:45:00Z,SE2,0.10,15
2026-07-26T05:45:00Z,SE3,0.08,15
2026-07-26T05:45:00Z,SE4,0.08,15
2026-07-26T05:45:00Z,SI,97.68,15
2026-07-26T05:45:00Z,SK,94.35,15
2026-07-26T06:00:00Z,AT,116.25,15
2026-07-26T06:00:00Z,BE,100.69,15
2026-07-26T06:00:00Z,CH,86.27,60
2026-07-26T06:00:00Z,CZ,112.83,15
2026-07-26T06:00:00Z,DE-LU,111.17,15
2026-07-26T06:00:00Z,DK1,111.66,15
2026-07-26T06:00:00Z,DK2,109.65,15
2026-07-26T06:00:00Z,EE,0.02,15
2026-07-26T06:00:00Z,ES,83.80,15
2026-07-26T06:00:00Z,FI,0.02,15
2026-07-26T06:00:00Z,FR,22.33,15
2026-07-26T06:00:00Z,GR,22.73,15
2026-07-26T06:00:00Z,HR,117.16,15
2026-07-26T06:00:00Z,HU,114.35,15
2026-07-26T06:00:00Z,IT-CNorth,190.60,15
2026-07-26T06:00:00Z,IT-CSouth,190.60,15
2026-07-26T06:00:00Z,IT-North,190.60,15
2026-07-26T06:00:00Z,IT-Sardinia,190.60,15
2026-07-26T06:00:00Z,IT-Sicily,190.60,15
2026-07-26T06:00:00Z,IT-South,190.60,15
2026-07-26T06:00:00Z,LT,0.10,15
2026-07-26T06:00:00Z,LV,0.10,15
2026-07-26T06:00:00Z,NL,104.33,15
2026-07-26T06:00:00Z,NO1,112.66,15
2026-07-26T06:00:00Z,NO2,115.00,15
2026-07-26T06:00:00Z,NO3,1.35,15
2026-07-26T06:00:00Z,NO4,0.69,15
2026-07-26T06:00:00Z,NO5,97.20,15
2026-07-26T06:00:00Z,PL,109.00,15
2026-07-26T06:00:00Z,PT,83.90,15
2026-07-26T06:00:00Z,RO,114.68,15
2026-07-26T06:00:00Z,RS,54.99,15
2026-07-26T06:00:00Z,SE1,0.20,15
2026-07-26T06:00:00Z,SE2,0.08,15
2026-07-26T06:00:00Z,SE3,0.07,15
2026-07-26T06:00:00Z,SE4,0.09,15
2026-07-26T06:00:00Z,SI,117.82,15
2026-07-26T06:00:00Z,SK,112.95,15
2026-07-26T06:15:00Z,AT,92.01,15
2026-07-26T06:15:00Z,BE,113.30,15
2026-07-26T06:15:00Z,CZ,87.23,15
2026-07-26T06:15:00Z,DE-LU,102.28,15
2026-07-26T06:15:00Z,DK1,112.96,15
2026-07-26T06:15:00Z,DK2,106.40,15
2026-07-26T06:15:00Z,EE,0.23,15
2026-07-26T06:15:00Z,ES,42.01,15
2026-07-26T06:15:00Z,FI,0.23,15
2026-07-26T06:15:00Z,FR,16.15,15
2026-07-26T06:15:00Z,GR,10.00,15
2026-07-26T06:15:00Z,HR,90.75,15
2026-07-26T06:15:00Z,HU,86.13,15
2026-07-26T06:15:00Z,IT-CNorth,167.77,15
2026-07-26T06:15:00Z,IT-CSouth,167.77,15
2026-07-26T06:15:00Z,IT-North,167.77,15
2026-07-26T06:15:00Z,IT-Sardinia,167.77,15
2026-07-26T06:15:00Z,IT-Sicily,167.77,15
2026-07-26T06:15:00Z,IT-South,167.77,15
2026-07-26T06:15:00Z,LT,0.23,15
2026-07-26T06:15:00Z,LV,0.23,15
2026-07-26T06:15:00Z,NL,106.89,15
2026-07-26T06:15:00Z,NO1,113.97,15
2026-07-26T06:15:00Z,NO2,116.33,15
2026-07-26T06:15:00Z,NO4,0.78,15
2026-07-26T06:15:00Z,NO5,98.33,15
2026-07-26T06:15:00Z,PL,71.07,15
2026-07-26T06:15:00Z,PT,52.00,15
2026-07-26T06:15:00Z,RO,86.35,15
2026-07-26T06:15:00Z,SE1,0.36,15
2026-07-26T06:15:00Z,SE2,0.25,15
2026-07-26T06:15:00Z,SE3,0.23,15
2026-07-26T06:15:00Z,SE4,0.23,15
2026-07-26T06:15:00Z,SI,92.07,15
2026-07-26T06:15:00Z,SK,83.25,15
2026-07-26T06:30:00Z,AT,66.69,15
2026-07-26T06:30:00Z,BE,88.98,15
2026-07-26T06:30:00Z,CZ,55.32,15
2026-07-26T06:30:00Z,DE-LU,89.05,15
2026-07-26T06:30:00Z,DK1,113.33,15
2026-07-26T06:30:00Z,DK2,94.12,15
2026-07-26T06:30:00Z,EE,0.13,15
2026-07-26T06:30:00Z,ES,-0.68,15
2026-07-26T06:30:00Z,FI,0.13,15
2026-07-26T06:30:00Z,FR,0.02,15
2026-07-26T06:30:00Z,GR,9.99,15
2026-07-26T06:30:00Z,HR,40.19,15
2026-07-26T06:30:00Z,HU,49.52,15
2026-07-26T06:30:00Z,IT-CNorth,155.75,15
2026-07-26T06:30:00Z,IT-CSouth,155.75,15
2026-07-26T06:30:00Z,IT-North,155.75,15
2026-07-26T06:30:00Z,IT-Sardinia,155.75,15
2026-07-26T06:30:00Z,IT-Sicily,155.75,15
2026-07-26T06:30:00Z,IT-South,155.75,15
2026-07-26T06:30:00Z,LT,0.13,15
2026-07-26T06:30:00Z,LV,0.13,15
2026-07-26T06:30:00Z,NL,94.37,15
2026-07-26T06:30:00Z,NO1,114.08,15
2026-07-26T06:30:00Z,NO2,116.44,15
2026-07-26T06:30:00Z,NO3,1.36,15
2026-07-26T06:30:00Z,NO4,0.73,15
2026-07-26T06:30:00Z,NO5,98.42,15
2026-07-26T06:30:00Z,PL,14.13,15
2026-07-26T06:30:00Z,PT,8.40,15
2026-07-26T06:30:00Z,RO,9.76,15
2026-07-26T06:30:00Z,SE1,0.27,15
2026-07-26T06:30:00Z,SE2,0.15,15
2026-07-26T06:30:00Z,SE3,0.13,15
2026-07-26T06:30:00Z,SE4,0.13,15
2026-07-26T06:30:00Z,SI,58.85,15
2026-07-26T06:30:00Z,SK,45.56,15
2026-07-26T06:45:00Z,AT,47.19,15
2026-07-26T06:45:00Z,BE,90.00,15
2026-07-26T06:45:00Z,CZ,38.61,15
2026-07-26T06:45:00Z,DE-LU,72.54,15
2026-07-26T06:45:00Z,DK1,95.89,15
2026-07-26T06:45:00Z,DK2,77.40,15
2026-07-26T06:45:00Z,EE,0.01,15
2026-07-26T06:45:00Z,ES,-2.21,15
2026-07-26T06:45:00Z,FI,0.01,15
2026-07-26T06:45:00Z,FR,0.00,15
2026-07-26T06:45:00Z,GR,2.28,15
2026-07-26T06:45:00Z,HR,27.31,15
2026-07-26T06:45:00Z,HU,32.91,15
2026-07-26T06:45:00Z,IT-CNorth,161.47,15
2026-07-26T06:45:00Z,IT-CSouth,161.47,15
2026-07-26T06:45:00Z,IT-North,161.47,15
2026-07-26T06:45:00Z,IT-Sardinia,161.47,15
2026-07-26T06:45:00Z,IT-Sicily,161.47,15
2026-07-26T06:45:00Z,IT-South,161.47,15
2026-07-26T06:45:00Z,LT,0.01,15
2026-07-26T06:45:00Z,LV,0.01,15
2026-07-26T06:45:00Z,NL,84.44,15
2026-07-26T06:45:00Z,NO1,97.02,15
2026-07-26T06:45:00Z,NO2,99.03,15
2026-07-26T06:45:00Z,NO4,0.67,15
2026-07-26T06:45:00Z,NO5,83.74,15
2026-07-26T06:45:00Z,PL,2.57,15
2026-07-26T06:45:00Z,PT,0.00,15
2026-07-26T06:45:00Z,RO,4.90,15
2026-07-26T06:45:00Z,SE1,0.16,15
2026-07-26T06:45:00Z,SE2,0.03,15
2026-07-26T06:45:00Z,SE3,0.01,15
2026-07-26T06:45:00Z,SE4,0.01,15
2026-07-26T06:45:00Z,SI,40.78,15
2026-07-26T06:45:00Z,SK,29.32,15
2026-07-26T07:00:00Z,AT,64.54,15
2026-07-26T07:00:00Z,BE,93.22,15
2026-07-26T07:00:00Z,CH,97.70,60
2026-07-26T07:00:00Z,CZ,49.71,15
2026-07-26T07:00:00Z,DE-LU,95.05,15
2026-07-26T07:00:00Z,DK1,122.74,15
2026-07-26T07:00:00Z,DK2,100.03,15
2026-07-26T07:00:00Z,ES,-0.68,15
2026-07-26T07:00:00Z,GR,0.00,15
2026-07-26T07:00:00Z,HR,0.01,15
2026-07-26T07:00:00Z,HU,38.59,15
2026-07-26T07:00:00Z,IT-CNorth,201.70,15
2026-07-26T07:00:00Z,IT-CSouth,201.70,15
2026-07-26T07:00:00Z,IT-North,201.70,15
2026-07-26T07:00:00Z,IT-Sardinia,201.70,15
2026-07-26T07:00:00Z,IT-Sicily,201.70,15
2026-07-26T07:00:00Z,IT-South,201.70,15
2026-07-26T07:00:00Z,NL,100.34,15
2026-07-26T07:00:00Z,NO1,117.66,15
2026-07-26T07:00:00Z,NO2,120.04,15
2026-07-26T07:00:00Z,NO3,1.84,15
2026-07-26T07:00:00Z,NO4,0.90,15
2026-07-26T07:00:00Z,NO5,102.06,15
2026-07-26T07:00:00Z,PL,1.67,15
2026-07-26T07:00:00Z,RO,30.23,15
2026-07-26T07:00:00Z,RS,10.20,15
2026-07-26T07:00:00Z,SE1,0.21,15
2026-07-26T07:00:00Z,SE3,0.00,15
2026-07-26T07:00:00Z,SE4,0.00,15
2026-07-26T07:00:00Z,SI,92.86,15
2026-07-26T07:00:00Z,SK,34.34,15
2026-07-26T07:15:00Z,AT,41.19,15
2026-07-26T07:15:00Z,BE,72.74,15
2026-07-26T07:15:00Z,CZ,27.63,15
2026-07-26T07:15:00Z,DE-LU,71.77,15
2026-07-26T07:15:00Z,DK1,99.81,15
2026-07-26T07:15:00Z,DK2,77.23,15
2026-07-26T07:15:00Z,EE,0.00,15
2026-07-26T07:15:00Z,ES,0.00,15
2026-07-26T07:15:00Z,FI,0.00,15
2026-07-26T07:15:00Z,FR,-0.01,15
2026-07-26T07:15:00Z,GR,-0.01,15
2026-07-26T07:15:00Z,HR,0.00,15
2026-07-26T07:15:00Z,HU,19.25,15
2026-07-26T07:15:00Z,IT-CNorth,198.12,15
2026-07-26T07:15:00Z,IT-CSouth,198.12,15
2026-07-26T07:15:00Z,IT-North,198.12,15
2026-07-26T07:15:00Z,IT-Sardinia,198.12,15
2026-07-26T07:15:00Z,IT-Sicily,198.12,15
2026-07-26T07:15:00Z,IT-South,198.12,15
2026-07-26T07:15:00Z,LT,0.00,15
2026-07-26T07:15:00Z,LV,0.00,15
2026-07-26T07:15:00Z,NL,79.13,15
2026-07-26T07:15:00Z,NO1,103.48,15
2026-07-26T07:15:00Z,NO2,105.56,15
2026-07-26T07:15:00Z,NO3,1.86,15
2026-07-26T07:15:00Z,NO4,0.91,15
2026-07-26T07:15:00Z,NO5,89.79,15
2026-07-26T07:15:00Z,PL,-19.12,15
2026-07-26T07:15:00Z,PT,-0.01,15
2026-07-26T07:15:00Z,RO,14.26,15
2026-07-26T07:15:00Z,SE1,0.22,15
2026-07-26T07:15:00Z,SI,57.70,15
2026-07-26T07:15:00Z,SK,13.89,15
2026-07-26T07:30:00Z,AT,19.03,15
2026-07-26T07:30:00Z,BE,46.38,15
2026-07-26T07:30:00Z,CZ,8.82,15
2026-07-26T07:30:00Z,DE-LU,43.87,15
2026-07-26T07:30:00Z,DK1,66.92,15
2026-07-26T07:30:00Z,DK2,48.65,15
2026-07-26T07:30:00Z,EE,0.01,15
2026-07-26T07:30:00Z,ES,-0.68,15
2026-07-26T07:30:00Z,FI,0.01,15
2026-07-26T07:30:00Z,FR,-0.02,15
2026-07-26T07:30:00Z,HR,2.10,15
2026-07-26T07:30:00Z,HU,4.00,15
2026-07-26T07:30:00Z,IT-CNorth,193.00,15
2026-07-26T07:30:00Z,IT-CSouth,193.00,15
2026-07-26T07:30:00Z,IT-North,193.00,15
2026-07-26T07:30:00Z,IT-Sardinia,193.00,15
2026-07-26T07:30:00Z,IT-Sicily,193.00,15
2026-07-26T07:30:00Z,IT-South,193.00,15
2026-07-26T07:30:00Z,LT,0.01,15
2026-07-26T07:30:00Z,LV,0.01,15
2026-07-26T07:30:00Z,NL,51.15,15
2026-07-26T07:30:00Z,NO1,67.79,15
2026-07-26T07:30:00Z,NO2,69.14,15
2026-07-26T07:30:00Z,NO5,58.91,15
2026-07-26T07:30:00Z,PL,-28.39,15
2026-07-26T07:30:00Z,PT,-0.02,15
2026-07-26T07:30:00Z,RO,2.32,15
2026-07-26T07:30:00Z,SI,24.14,15
2026-07-26T07:30:00Z,SK,-1.20,15
2026-07-26T07:45:00Z,AT,3.57,15
2026-07-26T07:45:00Z,BE,10.87,15
2026-07-26T07:45:00Z,CZ,0.98,15
2026-07-26T07:45:00Z,DE-LU,10.04,15
2026-07-26T07:45:00Z,DK1,16.20,15
2026-07-26T07:45:00Z,DK2,15.90,15
2026-07-26T07:45:00Z,ES,-2.93,15
2026-07-26T07:45:00Z,FR,-0.11,15
2026-07-26T07:45:00Z,HR,2.53,15
2026-07-26T07:45:00Z,HU,0.14,15
2026-07-26T07:45:00Z,IT-CNorth,163.14,15
2026-07-26T07:45:00Z,IT-CSouth,163.14,15
2026-07-26T07:45:00Z,IT-North,163.14,15
2026-07-26T07:45:00Z,IT-Sardinia,163.14,15
2026-07-26T07:45:00Z,IT-Sicily,163.14,15
2026-07-26T07:45:00Z,IT-South,163.14,15
2026-07-26T07:45:00Z,NL,12.10,15
2026-07-26T07:45:00Z,NO1,16.47,15
2026-07-26T07:45:00Z,NO2,16.73,15
2026-07-26T07:45:00Z,NO3,3.69,15
2026-07-26T07:45:00Z,NO4,1.88,15
2026-07-26T07:45:00Z,NO5,14.75,15
2026-07-26T07:45:00Z,PL,-8.77,15
2026-07-26T07:45:00Z,PT,-0.11,15
2026-07-26T07:45:00Z,RO,0.19,15
2026-07-26T07:45:00Z,SE1,0.53,15
2026-07-26T07:45:00Z,SE2,0.19,15
2026-07-26T07:45:00Z,SE3,0.18,15
2026-07-26T07:45:00Z,SE4,0.26,15
2026-07-26T07:45:00Z,SI,3.23,15
2026-07-26T07:45:00Z,SK,-1.43,15
2026-07-26T08:00:00Z,AT,6.01,15
2026-07-26T08:00:00Z,BE,57.47,15
2026-07-26T08:00:00Z,CH,93.50,60
2026-07-26T08:00:00Z,CZ,2.94,15
2026-07-26T08:00:00Z,DE-LU,22.85,15
2026-07-26T08:00:00Z,DK1,36.88,15
2026-07-26T08:00:00Z,DK2,36.23,15
2026-07-26T08:00:00Z,ES,-2.46,15
2026-07-26T08:00:00Z,HR,2.59,15
2026-07-26T08:00:00Z,IT-CNorth,175.68,15
2026-07-26T08:00:00Z,IT-CSouth,175.68,15
2026-07-26T08:00:00Z,IT-North,175.68,15
2026-07-26T08:00:00Z,IT-Sardinia,175.68,15
2026-07-26T08:00:00Z,IT-Sicily,175.68,15
2026-07-26T08:00:00Z,IT-South,175.68,15
2026-07-26T08:00:00Z,NL,38.19,15
2026-07-26T08:00:00Z,NO1,67.98,15
2026-07-26T08:00:00Z,NO2,91.64,15
2026-07-26T08:00:00Z,NO3,1.36,15
2026-07-26T08:00:00Z,NO4,0.68,15
2026-07-26T08:00:00Z,NO5,106.20,15
2026-07-26T08:00:00Z,PL,-12.42,15
2026-07-26T08:00:00Z,PT,-0.16,15
2026-07-26T08:00:00Z,RO,0.00,15
2026-07-26T08:00:00Z,RS,10.00,15
2026-07-26T08:00:00Z,SE1,0.18,15
2026-07-26T08:00:00Z,SE2,0.06,15
2026-07-26T08:00:00Z,SE3,0.03,15
2026-07-26T08:00:00Z,SE4,1.00,15
2026-07-26T08:00:00Z,SI,3.46,15
2026-07-26T08:00:00Z,SK,-1.95,15
2026-07-26T08:15:00Z,AT,1.47,15
2026-07-26T08:15:00Z,BE,14.28,15
2026-07-26T08:15:00Z,CZ,0.73,15
2026-07-26T08:15:00Z,DE-LU,5.64,15
2026-07-26T08:15:00Z,DK1,9.10,15
2026-07-26T08:15:00Z,DK2,8.94,15
2026-07-26T08:15:00Z,ES,-0.82,15
2026-07-26T08:15:00Z,HR,0.63,15
2026-07-26T08:15:00Z,HU,0.03,15
2026-07-26T08:15:00Z,IT-CNorth,170.00,15
2026-07-26T08:15:00Z,IT-CSouth,170.00,15
2026-07-26T08:15:00Z,IT-North,170.00,15
2026-07-26T08:15:00Z,IT-Sardinia,170.00,15
2026-07-26T08:15:00Z,IT-Sicily,170.00,15
2026-07-26T08:15:00Z,IT-South,170.00,15
2026-07-26T08:15:00Z,NL,9.45,15
2026-07-26T08:15:00Z,NO1,50.13,15
2026-07-26T08:15:00Z,NO2,80.87,15
2026-07-26T08:15:00Z,NO3,1.37,15
2026-07-26T08:15:00Z,NO4,0.67,15
2026-07-26T08:15:00Z,NO5,106.53,15
2026-07-26T08:15:00Z,PL,-3.05,15
2026-07-26T08:15:00Z,PT,-0.62,15
2026-07-26T08:15:00Z,SE1,0.16,15
2026-07-26T08:15:00Z,SE2,0.03,15
2026-07-26T08:15:00Z,SE3,0.01,15
2026-07-26T08:15:00Z,SE4,0.01,15
2026-07-26T08:15:00Z,SI,0.84,15
2026-07-26T08:15:00Z,SK,-0.48,15
2026-07-26T08:30:00Z,AT,0.01,15
2026-07-26T08:30:00Z,BE,0.33,15
2026-07-26T08:30:00Z,CZ,0.02,15
2026-07-26T08:30:00Z,DE-LU,0.07,15
2026-07-26T08:30:00Z,DK1,0.14,15
2026-07-26T08:30:00Z,DK2,0.15,15
2026-07-26T08:30:00Z,ES,-1.81,15
2026-07-26T08:30:00Z,HR,0.00,15
2026-07-26T08:30:00Z,HU,0.01,15
2026-07-26T08:30:00Z,IT-CNorth,153.00,15
2026-07-26T08:30:00Z,IT-CSouth,153.00,15
2026-07-26T08:30:00Z,IT-North,153.00,15
2026-07-26T08:30:00Z,IT-Sardinia,153.00,15
2026-07-26T08:30:00Z,IT-Sicily,153.00,15
2026-07-26T08:30:00Z,IT-South,153.00,15
2026-07-26T08:30:00Z,NL,0.17,15
2026-07-26T08:30:00Z,NO1,44.64,15
2026-07-26T08:30:00Z,NO2,77.87,15
2026-07-26T08:30:00Z,NO3,1.36,15
2026-07-26T08:30:00Z,NO5,107.29,15
2026-07-26T08:30:00Z,PL,0.00,15
2026-07-26T08:30:00Z,PT,-0.77,15
2026-07-26T08:30:00Z,SE3,0.00,15
2026-07-26T08:30:00Z,SE4,0.00,15
2026-07-26T08:30:00Z,SI,0.00,15
2026-07-26T08:30:00Z,SK,0.01,15
2026-07-26T08:45:00Z,AT,0.00,15
2026-07-26T08:45:00Z,BE,0.02,15
2026-07-26T08:45:00Z,CZ,0.00,15
2026-07-26T08:45:00Z,DE-LU,0.00,15
2026-07-26T08:45:00Z,DK1,0.00,15
2026-07-26T08:45:00Z,DK2,0.00,15
2026-07-26T08:45:00Z,EE,0.00,15
2026-07-26T08:45:00Z,ES,-1.47,15
2026-07-26T08:45:00Z,FI,0.00,15
2026-07-26T08:45:00Z,HU,0.00,15
2026-07-26T08:45:00Z,IT-CNorth,130.92,15
2026-07-26T08:45:00Z,IT-CSouth,130.92,15
2026-07-26T08:45:00Z,IT-North,130.92,15
2026-07-26T08:45:00Z,IT-Sardinia,130.92,15
2026-07-26T08:45:00Z,IT-Sicily,130.92,15
2026-07-26T08:45:00Z,IT-South,130.92,15
2026-07-26T08:45:00Z,LT,0.00,15
2026-07-26T08:45:00Z,LV,0.00,15
2026-07-26T08:45:00Z,NL,0.00,15
2026-07-26T08:45:00Z,NO1,44.61,15
2026-07-26T08:45:00Z,NO2,77.91,15
2026-07-26T08:45:00Z,NO5,107.41,15
2026-07-26T08:45:00Z,PT,-0.81,15
2026-07-26T08:45:00Z,SE2,0.02,15
2026-07-26T08:45:00Z,SK,0.00,15
2026-07-26T09:00:00Z,AT,25.85,15
2026-07-26T09:00:00Z,BE,0.01,15
2026-07-26T09:00:00Z,CH,71.44,60
2026-07-26T09:00:00Z,DE-LU,17.46,15
2026-07-26T09:00:00Z,ES,-0.68,15
2026-07-26T09:00:00Z,FI,0.01,15
2026-07-26T09:00:00Z,FR,-0.10,15
2026-07-26T09:00:00Z,IT-CNorth,140.50,15
2026-07-26T09:00:00Z,IT-CSouth,140.50,15
2026-07-26T09:00:00Z,IT-North,140.50,15
2026-07-26T09:00:00Z,IT-Sardinia,140.50,15
2026-07-26T09:00:00Z,IT-Sicily,140.50,15
2026-07-26T09:00:00Z,IT-South,140.50,15
2026-07-26T09:00:00Z,NO1,34.50,15
2026-07-26T09:00:00Z,NO2,32.57,15
2026-07-26T09:00:00Z,NO3,3.69,15
2026-07-26T09:00:00Z,NO4,1.80,15
2026-07-26T09:00:00Z,NO5,49.95,15
2026-07-26T09:00:00Z,PT,-1.00,15
2026-07-26T09:00:00Z,RS,0.00,15
2026-07-26T09:00:00Z,SE1,0.43,15
2026-07-26T09:00:00Z,SE2,0.06,15
2026-07-26T09:00:00Z,SE4,0.01,15
2026-07-26T09:15:00Z,AT,34.71,15
2026-07-26T09:15:00Z,BE,-0.01,15
2026-07-26T09:15:00Z,DE-LU,10.70,15
2026-07-26T09:15:00Z,ES,-3.91,15
2026-07-26T09:15:00Z,FI,0.00,15
2026-07-26T09:15:00Z,IT-CNorth,153.61,15
2026-07-26T09:15:00Z,IT-CSouth,153.61,15
2026-07-26T09:15:00Z,IT-North,153.61,15
2026-07-26T09:15:00Z,IT-Sardinia,153.61,15
2026-07-26T09:15:00Z,IT-Sicily,153.61,15
2026-07-26T09:15:00Z,IT-South,153.61,15
2026-07-26T09:15:00Z,NL,-0.01,15
2026-07-26T09:15:00Z,NO1,34.54,15
2026-07-26T09:15:00Z,NO2,32.61,15
2026-07-26T09:15:00Z,NO5,50.01,15
2026-07-26T09:15:00Z,SE4,0.00,15
2026-07-26T09:30:00Z,AT,23.91,15
2026-07-26T09:30:00Z,DE-LU,-0.01,15
2026-07-26T09:30:00Z,DK1,-0.01,15
2026-07-26T09:30:00Z,DK2,-0.01,15
2026-07-26T09:30:00Z,ES,-4.01,15
2026-07-26T09:30:00Z,FR,-0.11,15
2026-07-26T09:30:00Z,IT-CNorth,135.64,15
2026-07-26T09:30:00Z,IT-CSouth,135.64,15
2026-07-26T09:30:00Z,IT-North,135.64,15
2026-07-26T09:30:00Z,IT-Sardinia,135.64,15
2026-07-26T09:30:00Z,IT-Sicily,135.64,15
2026-07-26T09:30:00Z,IT-South,135.64,15
2026-07-26T09:30:00Z,NO1,38.45,15
2026-07-26T09:30:00Z,NO2,36.32,15
2026-07-26T09:30:00Z,NO5,55.64,15
2026-07-26T09:45:00Z,AT,-0.01,15
2026-07-26T09:45:00Z,BE,0.04,15
2026-07-26T09:45:00Z,CZ,-0.01,15
2026-07-26T09:45:00Z,DE-LU,-0.89,15
2026-07-26T09:45:00Z,DK1,0.00,15
2026-07-26T09:45:00Z,DK2,0.00,15
2026-07-26T09:45:00Z,ES,-3.62,15
2026-07-26T09:45:00Z,FI,0.01,15
2026-07-26T09:45:00Z,HR,-0.01,15
2026-07-26T09:45:00Z,HU,-0.01,15
2026-07-26T09:45:00Z,IT-CNorth,150.65,15
2026-07-26T09:45:00Z,IT-CSouth,150.65,15
2026-07-26T09:45:00Z,IT-North,150.65,15
2026-07-26T09:45:00Z,IT-Sardinia,150.65,15
2026-07-26T09:45:00Z,IT-Sicily,150.65,15
2026-07-26T09:45:00Z,IT-South,150.65,15
2026-07-26T09:45:00Z,NL,0.01,15
2026-07-26T09:45:00Z,NO1,40.96,15
2026-07-26T09:45:00Z,NO2,38.69,15
2026-07-26T09:45:00Z,NO5,59.23,15
2026-07-26T09:45:00Z,PL,-0.01,15
2026-07-26T09:45:00Z,RO,-0.01,15
2026-07-26T09:45:00Z,SE2,0.07,15
2026-07-26T09:45:00Z,SE4,0.01,15
2026-07-26T09:45:00Z,SI,-0.01,15
2026-07-26T09:45:00Z,SK,-0.01,15
2026-07-26T10:00:00Z,AT,0.04,15
2026-07-26T10:00:00Z,BE,0.01,15
2026-07-26T10:00:00Z,CH,18.85,60
2026-07-26T10:00:00Z,CZ,-0.02,15
2026-07-26T10:00:00Z,DE-LU,-0.05,15
2026-07-26T10:00:00Z,DK1,-0.03,15
2026-07-26T10:00:00Z,DK2,-0.03,15
2026-07-26T10:00:00Z,ES,-25.00,15
2026-07-26T10:00:00Z,FI,0.00,15
2026-07-26T10:00:00Z,FR,-0.09,15
2026-07-26T10:00:00Z,HR,0.00,15
2026-07-26T10:00:00Z,HU,0.00,15
2026-07-26T10:00:00Z,IT-CNorth,100.00,15
2026-07-26T10:00:00Z,IT-CSouth,100.00,15
2026-07-26T10:00:00Z,IT-North,100.00,15
2026-07-26T10:00:00Z,IT-Sardinia,100.00,15
2026-07-26T10:00:00Z,IT-Sicily,100.00,15
2026-07-26T10:00:00Z,IT-South,100.00,15
2026-07-26T10:00:00Z,LT,-0.02,15
2026-07-26T10:00:00Z,NL,-0.03,15
2026-07-26T10:00:00Z,NO1,0.04,15
2026-07-26T10:00:00Z,NO2,-0.04,15
2026-07-26T10:00:00Z,NO3,4.10,15
2026-07-26T10:00:00Z,NO4,1.99,15
2026-07-26T10:00:00Z,NO5,0.54,15
2026-07-26T10:00:00Z,PL,-0.02,15
2026-07-26T10:00:00Z,PT,-0.81,15
2026-07-26T10:00:00Z,RO,0.00,15
2026-07-26T10:00:00Z,SE1,0.46,15
2026-07-26T10:00:00Z,SE2,0.06,15
2026-07-26T10:00:00Z,SE3,-0.02,15
2026-07-26T10:00:00Z,SE4,-0.03,15
2026-07-26T10:00:00Z,SI,0.00,15
2026-07-26T10:15:00Z,BE,0.00,15
2026-07-26T10:15:00Z,DE-LU,-0.06,15
2026-07-26T10:15:00Z,DK2,-0.04,15
2026-07-26T10:15:00Z,ES,-4.50,15
2026-07-26T10:15:00Z,FR,-0.10,15
2026-07-26T10:15:00Z,LT,-0.03,15
2026-07-26T10:15:00Z,NL,-0.04,15
2026-07-26T10:15:00Z,NO1,0.06,15
2026-07-26T10:15:00Z,NO2,-0.03,15
2026-07-26T10:15:00Z,NO5,0.55,15
2026-07-26T10:15:00Z,PL,-0.03,15
2026-07-26T10:15:00Z,SE2,0.05,15
2026-07-26T10:15:00Z,SE3,-0.03,15
2026-07-26T10:30:00Z,AT,9.99,15
2026-07-26T10:30:00Z,BE,-0.06,15
2026-07-26T10:30:00Z,CZ,-0.03,15
2026-07-26T10:30:00Z,DE-LU,-0.08,15
2026-07-26T10:30:00Z,DK1,-0.01,15
2026-07-26T10:30:00Z,DK2,-0.01,15
2026-07-26T10:30:00Z,ES,-20.81,15
2026-07-26T10:30:00Z,HR,-0.01,15
2026-07-26T10:30:00Z,HU,-0.01,15
2026-07-26T10:30:00Z,IT-CNorth,66.00,15
2026-07-26T10:30:00Z,IT-CSouth,66.00,15
2026-07-26T10:30:00Z,IT-North,66.00,15
2026-07-26T10:30:00Z,IT-Sardinia,66.00,15
2026-07-26T10:30:00Z,IT-Sicily,66.00,15
2026-07-26T10:30:00Z,IT-South,66.00,15
2026-07-26T10:30:00Z,LT,-0.02,15
2026-07-26T10:30:00Z,NL,-0.08,15
2026-07-26T10:30:00Z,NO1,0.08,15
2026-07-26T10:30:00Z,NO2,0.00,15
2026-07-26T10:30:00Z,NO3,3.70,15
2026-07-26T10:30:00Z,NO4,1.80,15
2026-07-26T10:30:00Z,NO5,0.52,15
2026-07-26T10:30:00Z,PL,-0.04,15
2026-07-26T10:30:00Z,RO,-0.01,15
2026-07-26T10:30:00Z,SE1,0.42,15
2026-07-26T10:30:00Z,SE3,-0.01,15
2026-07-26T10:30:00Z,SE4,0.02,15
2026-07-26T10:30:00Z,SK,-0.02,15
2026-07-26T10:45:00Z,AT,0.03,15
2026-07-26T10:45:00Z,BE,-0.10,15
2026-07-26T10:45:00Z,CZ,-0.05,15
2026-07-26T10:45:00Z,DE-LU,-0.11,15
2026-07-26T10:45:00Z,ES,-22.00,15
2026-07-26T10:45:00Z,FR,-0.11,15
2026-07-26T10:45:00Z,HR,-0.02,15
2026-07-26T10:45:00Z,HU,-0.03,15
2026-07-26T10:45:00Z,IT-CNorth,80.00,15
2026-07-26T10:45:00Z,IT-CSouth,80.00,15
2026-07-26T10:45:00Z,IT-North,80.00,15
2026-07-26T10:45:00Z,IT-Sardinia,80.00,15
2026-07-26T10:45:00Z,IT-Sicily,80.00,15
2026-07-26T10:45:00Z,IT-South,80.00,15
2026-07-26T10:45:00Z,NL,-0.11,15
2026-07-26T10:45:00Z,NO1,0.10,15
2026-07-26T10:45:00Z,NO3,4.09,15
2026-07-26T10:45:00Z,NO4,1.99,15
2026-07-26T10:45:00Z,NO5,0.58,15
2026-07-26T10:45:00Z,PL,-0.06,15
2026-07-26T10:45:00Z,PT,-0.77,15
2026-07-26T10:45:00Z,RO,-0.03,15
2026-07-26T10:45:00Z,SE1,0.47,15
2026-07-26T10:45:00Z,SE2,0.06,15
2026-07-26T10:45:00Z,SI,-0.02,15
2026-07-26T10:45:00Z,SK,-0.04,15
2026-07-26T11:00:00Z,AT,0.01,15
2026-07-26T11:00:00Z,BE,-0.12,15
2026-07-26T11:00:00Z,CH,2.59,60
2026-07-26T11:00:00Z,CZ,-0.07,15
2026-07-26T11:00:00Z,DE-LU,-0.12,15
2026-07-26T11:00:00Z,ES,-33.00,15
2026-07-26T11:00:00Z,HR,-0.04,15
2026-07-26T11:00:00Z,HU,-0.04,15
2026-07-26T11:00:00Z,IT-CNorth,60.00,15
2026-07-26T11:00:00Z,IT-CSouth,60.00,15
2026-07-26T11:00:00Z,IT-North,60.00,15
2026-07-26T11:00:00Z,IT-Sardinia,60.00,15
2026-07-26T11:00:00Z,IT-Sicily,60.00,15
2026-07-26T11:00:00Z,IT-South,60.00,15
2026-07-26T11:00:00Z,NL,-0.12,15
2026-07-26T11:00:00Z,NO1,0.08,15
2026-07-26T11:00:00Z,NO2,-0.01,15
2026-07-26T11:00:00Z,NO3,3.70,15
2026-07-26T11:00:00Z,NO4,1.80,15
2026-07-26T11:00:00Z,NO5,0.52,15
2026-07-26T11:00:00Z,PL,-0.07,15
2026-07-26T11:00:00Z,PT,-0.62,15
2026-07-26T11:00:00Z,RO,-0.04,15
2026-07-26T11:00:00Z,RS,0.34,15
2026-07-26T11:00:00Z,SE1,0.42,15
2026-07-26T11:00:00Z,SI,-0.04,15
2026-07-26T11:00:00Z,SK,-0.05,15
2026-07-26T11:15:00Z,AT,5.78,15
2026-07-26T11:15:00Z,DE-LU,-1.03,15
2026-07-26T11:15:00Z,ES,-35.82,15
2026-07-26T11:15:00Z,IT-CNorth,100.00,15
2026-07-26T11:15:00Z,IT-CSouth,100.00,15
2026-07-26T11:15:00Z,IT-North,100.00,15
2026-07-26T11:15:00Z,IT-Sardinia,100.00,15
2026-07-26T11:15:00Z,IT-Sicily,100.00,15
2026-07-26T11:15:00Z,IT-South,100.00,15
2026-07-26T11:15:00Z,NO1,0.09,15
2026-07-26T11:15:00Z,NO2,0.00,15
2026-07-26T11:15:00Z,NO3,4.09,15
2026-07-26T11:15:00Z,NO4,1.99,15
2026-07-26T11:15:00Z,NO5,0.58,15
2026-07-26T11:15:00Z,SE1,0.47,15
2026-07-26T11:30:00Z,AT,5.91,15
2026-07-26T11:30:00Z,CZ,-0.06,15
2026-07-26T11:30:00Z,DE-LU,-1.83,15
2026-07-26T11:30:00Z,DK1,0.00,15
2026-07-26T11:30:00Z,DK2,0.00,15
2026-07-26T11:30:00Z,ES,-3.62,15
2026-07-26T11:30:00Z,FI,0.01,15
2026-07-26T11:30:00Z,IT-CNorth,60.00,15
2026-07-26T11:30:00Z,IT-CSouth,60.00,15
2026-07-26T11:30:00Z,IT-North,60.00,15
2026-07-26T11:30:00Z,IT-Sardinia,60.00,15
2026-07-26T11:30:00Z,IT-Sicily,60.00,15
2026-07-26T11:30:00Z,IT-South,60.00,15
2026-07-26T11:30:00Z,LT,0.00,15
2026-07-26T11:30:00Z,NO4,2.00,15
2026-07-26T11:30:00Z,SE2,0.07,15
2026-07-26T11:30:00Z,SE3,0.00,15
2026-07-26T11:30:00Z,SE4,0.00,15
2026-07-26T11:30:00Z,SI,-0.03,15
2026-07-26T11:45:00Z,AT,0.17,15
2026-07-26T11:45:00Z,BE,-0.70,15
2026-07-26T11:45:00Z,CZ,-0.35,15
2026-07-26T11:45:00Z,DE-LU,-0.71,15
2026-07-26T11:45:00Z,EE,0.01,15
2026-07-26T11:45:00Z,ES,-2.56,15
2026-07-26T11:45:00Z,FR,-0.66,15
2026-07-26T11:45:00Z,HR,-0.17,15
2026-07-26T11:45:00Z,HU,-0.18,15
2026-07-26T11:45:00Z,IT-CNorth,80.00,15
2026-07-26T11:45:00Z,IT-CSouth,80.00,15
2026-07-26T11:45:00Z,IT-North,80.00,15
2026-07-26T11:45:00Z,IT-Sardinia,80.00,15
2026-07-26T11:45:00Z,IT-Sicily,80.00,15
2026-07-26T11:45:00Z,IT-South,80.00,15
2026-07-26T11:45:00Z,LT,0.01,15
2026-07-26T11:45:00Z,LV,0.01,15
2026-07-26T11:45:00Z,NL,-0.72,15
2026-07-26T11:45:00Z,PL,-0.41,15
2026-07-26T11:45:00Z,PT,-0.66,15
2026-07-26T11:45:00Z,RO,-0.19,15
2026-07-26T11:45:00Z,SE4,0.01,15
2026-07-26T11:45:00Z,SI,-0.14,15
2026-07-26T11:45:00Z,SK,-0.25,15
2026-07-26T12:00:00Z,AT,0.47,15
2026-07-26T12:00:00Z,BE,-0.66,15
2026-07-26T12:00:00Z,CH,1.05,60
2026-07-26T12:00:00Z,CZ,-0.22,15
2026-07-26T12:00:00Z,DE-LU,-0.70,15
2026-07-26T12:00:00Z,DK1,0.24,15
2026-07-26T12:00:00Z,DK2,0.24,15
2026-07-26T12:00:00Z,ES,-4.28,15
2026-07-26T12:00:00Z,HR,0.02,15
2026-07-26T12:00:00Z,HU,0.00,15
2026-07-26T12:00:00Z,IT-CNorth,66.00,15
2026-07-26T12:00:00Z,IT-CSouth,66.00,15
2026-07-26T12:00:00Z,IT-North,66.00,15
2026-07-26T12:00:00Z,IT-Sardinia,66.00,15
2026-07-26T12:00:00Z,IT-Sicily,66.00,15
2026-07-26T12:00:00Z,IT-South,66.00,15
2026-07-26T12:00:00Z,NL,-0.71,15
2026-07-26T12:00:00Z,NO1,0.46,15
2026-07-26T12:00:00Z,NO2,0.28,15
2026-07-26T12:00:00Z,NO3,3.70,15
2026-07-26T12:00:00Z,NO4,1.81,15
2026-07-26T12:00:00Z,NO5,0.82,15
2026-07-26T12:00:00Z,PL,-0.30,15
2026-07-26T12:00:00Z,RO,-0.01,15
2026-07-26T12:00:00Z,RS,0.55,15
2026-07-26T12:00:00Z,SE1,0.42,15
2026-07-26T12:00:00Z,SE4,0.02,15
2026-07-26T12:00:00Z,SI,0.05,15
2026-07-26T12:00:00Z,SK,-0.09,15
2026-07-26T12:15:00Z,AT,0.44,15
2026-07-26T12:15:00Z,BE,-0.62,15
2026-07-26T12:15:00Z,CZ,-0.20,15
2026-07-26T12:15:00Z,DE-LU,-0.66,15
2026-07-26T12:15:00Z,DK1,0.23,15
2026-07-26T12:15:00Z,DK2,0.23,15
2026-07-26T12:15:00Z,ES,-4.16,15
2026-07-26T12:15:00Z,FR,-0.62,15
2026-07-26T12:15:00Z,IT-CNorth,71.73,15
2026-07-26T12:15:00Z,IT-CSouth,71.73,15
2026-07-26T12:15:00Z,IT-North,71.73,15
2026-07-26T12:15:00Z,IT-Sardinia,71.73,15
2026-07-26T12:15:00Z,IT-Sicily,71.73,15
2026-07-26T12:15:00Z,IT-South,71.73,15
2026-07-26T12:15:00Z,NL,-0.67,15
2026-07-26T12:15:00Z,NO1,0.45,15
2026-07-26T12:15:00Z,NO2,0.27,15
2026-07-26T12:15:00Z,NO3,4.09,15
2026-07-26T12:15:00Z,NO4,2.00,15
2026-07-26T12:15:00Z,NO5,0.86,15
2026-07-26T12:15:00Z,PL,-0.28,15
2026-07-26T12:15:00Z,PT,-0.62,15
2026-07-26T12:15:00Z,SE1,0.46,15
2026-07-26T12:15:00Z,SE2,0.08,15
2026-07-26T12:15:00Z,SE4,0.00,15
2026-07-26T12:15:00Z,SK,-0.08,15
2026-07-26T12:30:00Z,AT,7.44,15
2026-07-26T12:30:00Z,DE-LU,-1.00,15
2026-07-26T12:30:00Z,DK1,0.24,15
2026-07-26T12:30:00Z,DK2,0.24,15
2026-07-26T12:30:00Z,ES,-4.87,15
2026-07-26T12:30:00Z,IT-CNorth,100.00,15
2026-07-26T12:30:00Z,IT-CSouth,100.00,15
2026-07-26T12:30:00Z,IT-North,100.00,15
2026-07-26T12:30:00Z,IT-Sardinia,100.00,15
2026-07-26T12:30:00Z,IT-Sicily,100.00,15
2026-07-26T12:30:00Z,IT-South,100.00,15
2026-07-26T12:30:00Z,LT,-0.12,15
2026-07-26T12:30:00Z,NO1,0.43,15
2026-07-26T12:30:00Z,NO5,0.84,15
2026-07-26T12:30:00Z,SE4,0.42,15
2026-07-26T12:45:00Z,AT,0.46,15
2026-07-26T12:45:00Z,DE-LU,-0.79,15
2026-07-26T12:45:00Z,DK1,0.25,15
2026-07-26T12:45:00Z,DK2,0.25,15
2026-07-26T12:45:00Z,EE,0.02,15
2026-07-26T12:45:00Z,ES,-3.57,15
2026-07-26T12:45:00Z,FI,0.02,15
2026-07-26T12:45:00Z,HR,0.03,15
2026-07-26T12:45:00Z,HU,0.01,15
2026-07-26T12:45:00Z,LT,0.02,15
2026-07-26T12:45:00Z,LV,0.02,15
2026-07-26T12:45:00Z,NO1,0.44,15
2026-07-26T12:45:00Z,NO2,0.28,15
2026-07-26T12:45:00Z,NO3,4.16,15
2026-07-26T12:45:00Z,NO4,2.04,15
2026-07-26T12:45:00Z,NO5,0.86,15
2026-07-26T12:45:00Z,PL,-0.27,15
2026-07-26T12:45:00Z,RO,0.00,15
2026-07-26T12:45:00Z,SE1,0.48,15
2026-07-26T12:45:00Z,SE2,0.09,15
2026-07-26T12:45:00Z,SE3,0.01,15
2026-07-26T12:45:00Z,SE4,0.68,15
2026-07-26T12:45:00Z,SI,0.06,15
2026-07-26T12:45:00Z,SK,-0.07,15
2026-07-26T13:00:00Z,AT,0.55,15
2026-07-26T13:00:00Z,BE,-0.82,15
2026-07-26T13:00:00Z,CH,1.08,60
2026-07-26T13:00:00Z,CZ,-0.27,15
2026-07-26T13:00:00Z,DE-LU,-0.82,15
2026-07-26T13:00:00Z,DK1,0.39,15
2026-07-26T13:00:00Z,DK2,0.38,15
2026-07-26T13:00:00Z,EE,0.38,15
2026-07-26T13:00:00Z,ES,-5.14,15
2026-07-26T13:00:00Z,FI,0.38,15
2026-07-26T13:00:00Z,FR,-0.75,15
2026-07-26T13:00:00Z,IT-CNorth,103.32,15
2026-07-26T13:00:00Z,IT-CSouth,103.32,15
2026-07-26T13:00:00Z,IT-North,103.32,15
2026-07-26T13:00:00Z,IT-Sardinia,103.32,15
2026-07-26T13:00:00Z,IT-Sicily,103.32,15
2026-07-26T13:00:00Z,IT-South,103.32,15
2026-07-26T13:00:00Z,LT,0.10,15
2026-07-26T13:00:00Z,LV,0.38,15
2026-07-26T13:00:00Z,NL,-0.85,15
2026-07-26T13:00:00Z,NO1,0.54,15
2026-07-26T13:00:00Z,NO2,0.41,15
2026-07-26T13:00:00Z,NO3,4.36,15
2026-07-26T13:00:00Z,NO4,2.30,15
2026-07-26T13:00:00Z,NO5,0.99,15
2026-07-26T13:00:00Z,PL,-0.35,15
2026-07-26T13:00:00Z,PT,-0.75,15
2026-07-26T13:00:00Z,RO,-0.01,15
2026-07-26T13:00:00Z,RS,4.10,15
2026-07-26T13:00:00Z,SE1,0.78,15
2026-07-26T13:00:00Z,SE2,0.41,15
2026-07-26T13:00:00Z,SE3,0.32,15
2026-07-26T13:00:00Z,SE4,0.30,15
2026-07-26T13:00:00Z,SI,0.07,15
2026-07-26T13:00:00Z,SK,-0.10,15
2026-07-26T13:15:00Z,AT,0.59,15
2026-07-26T13:15:00Z,BE,-0.84,15
2026-07-26T13:15:00Z,DE-LU,-0.85,15
2026-07-26T13:15:00Z,DK1,0.42,15
2026-07-26T13:15:00Z,DK2,0.42,15
2026-07-26T13:15:00Z,EE,0.51,15
2026-07-26T13:15:00Z,ES,-37.82,15
2026-07-26T13:15:00Z,FI,0.51,15
2026-07-26T13:15:00Z,FR,-0.77,15
2026-07-26T13:15:00Z,HR,0.04,15
2026-07-26T13:15:00Z,HU,0.02,15
2026-07-26T13:15:00Z,IT-CNorth,99.00,15
2026-07-26T13:15:00Z,IT-CSouth,99.00,15
2026-07-26T13:15:00Z,IT-North,99.00,15
2026-07-26T13:15:00Z,IT-Sardinia,99.00,15
2026-07-26T13:15:00Z,IT-Sicily,99.00,15
2026-07-26T13:15:00Z,IT-South,99.00,15
2026-07-26T13:15:00Z,LT,0.43,15
2026-07-26T13:15:00Z,LV,0.51,15
2026-07-26T13:15:00Z,NL,-0.88,15
2026-07-26T13:15:00Z,NO1,0.52,15
2026-07-26T13:15:00Z,NO2,0.43,15
2026-07-26T13:15:00Z,NO3,4.22,15
2026-07-26T13:15:00Z,NO5,0.96,15
2026-07-26T13:15:00Z,PT,-0.77,15
2026-07-26T13:15:00Z,RO,0.00,15
2026-07-26T13:15:00Z,SE1,0.88,15
2026-07-26T13:15:00Z,SE2,0.53,15
2026-07-26T13:15:00Z,SE3,0.45,15
2026-07-26T13:15:00Z,SE4,0.43,15
2026-07-26T13:15:00Z,SI,0.08,15
2026-07-26T13:15:00Z,SK,-0.09,15
2026-07-26T13:30:00Z,AT,0.68,15
2026-07-26T13:30:00Z,BE,-0.89,15
2026-07-26T13:30:00Z,CZ,-0.26,15
2026-07-26T13:30:00Z,DE-LU,-0.89,15
2026-07-26T13:30:00Z,DK1,0.50,15
2026-07-26T13:30:00Z,DK2,0.52,15
2026-07-26T13:30:00Z,EE,0.62,15
2026-07-26T13:30:00Z,ES,-4.76,15
2026-07-26T13:30:00Z,FI,0.62,15
2026-07-26T13:30:00Z,FR,-0.81,15
2026-07-26T13:30:00Z,HR,0.08,15
2026-07-26T13:30:00Z,HU,0.05,15
2026-07-26T13:30:00Z,IT-CNorth,100.00,15
2026-07-26T13:30:00Z,IT-CSouth,100.00,15
2026-07-26T13:30:00Z,IT-North,100.00,15
2026-07-26T13:30:00Z,IT-Sardinia,100.00,15
2026-07-26T13:30:00Z,IT-Sicily,100.00,15
2026-07-26T13:30:00Z,IT-South,100.00,15
2026-07-26T13:30:00Z,LT,0.53,15
2026-07-26T13:30:00Z,LV,0.62,15
2026-07-26T13:30:00Z,NL,-0.93,15
2026-07-26T13:30:00Z,NO1,0.59,15
2026-07-26T13:30:00Z,NO2,0.50,15
2026-07-26T13:30:00Z,NO3,4.80,15
2026-07-26T13:30:00Z,NO4,2.63,15
2026-07-26T13:30:00Z,NO5,1.09,15
2026-07-26T13:30:00Z,PT,-0.81,15
2026-07-26T13:30:00Z,RO,0.03,15
2026-07-26T13:30:00Z,SE1,1.03,15
2026-07-26T13:30:00Z,SE2,0.65,15
2026-07-26T13:30:00Z,SE3,0.55,15
2026-07-26T13:30:00Z,SE4,0.53,15
2026-07-26T13:30:00Z,SI,0.12,15
2026-07-26T13:30:00Z,SK,-0.07,15
2026-07-26T13:45:00Z,AT,1.48,15
2026-07-26T13:45:00Z,BE,-0.87,15
2026-07-26T13:45:00Z,CZ,0.07,15
2026-07-26T13:45:00Z,DE-LU,-0.88,15
2026-07-26T13:45:00Z,DK1,1.20,15
2026-07-26T13:45:00Z,DK2,1.23,15
2026-07-26T13:45:00Z,EE,1.31,15
2026-07-26T13:45:00Z,ES,-35.82,15
2026-07-26T13:45:00Z,FI,1.32,15
2026-07-26T13:45:00Z,FR,-0.75,15
2026-07-26T13:45:00Z,HR,0.58,15
2026-07-26T13:45:00Z,HU,0.54,15
2026-07-26T13:45:00Z,LT,1.24,15
2026-07-26T13:45:00Z,LV,1.31,15
2026-07-26T13:45:00Z,NO1,1.29,15
2026-07-26T13:45:00Z,NO2,1.21,15
2026-07-26T13:45:00Z,NO3,5.28,15
2026-07-26T13:45:00Z,NO4,3.22,15
2026-07-26T13:45:00Z,NO5,1.76,15
2026-07-26T13:45:00Z,PL,-0.06,15
2026-07-26T13:45:00Z,PT,-0.75,15
2026-07-26T13:45:00Z,RO,0.51,15
2026-07-26T13:45:00Z,SE1,1.71,15
2026-07-26T13:45:00Z,SE2,1.34,15
2026-07-26T13:45:00Z,SE3,1.25,15
2026-07-26T13:45:00Z,SE4,1.23,15
2026-07-26T13:45:00Z,SI,0.65,15
2026-07-26T13:45:00Z,SK,0.37,15
2026-07-26T14:00:00Z,AT,0.54,15
2026-07-26T14:00:00Z,BE,-0.35,15
2026-07-26T14:00:00Z,CH,17.94,60
2026-07-26T14:00:00Z,CZ,0.19,15
2026-07-26T14:00:00Z,DE-LU,-0.07,15
2026-07-26T14:00:00Z,DK1,0.10,15
2026-07-26T14:00:00Z,DK2,0.83,15
2026-07-26T14:00:00Z,EE,1.47,15
2026-07-26T14:00:00Z,ES,-2.98,15
2026-07-26T14:00:00Z,FI,1.51,15
2026-07-26T14:00:00Z,FR,-1.00,15
2026-07-26T14:00:00Z,GR,0.00,15
2026-07-26T14:00:00Z,HR,0.36,15
2026-07-26T14:00:00Z,HU,0.32,15
2026-07-26T14:00:00Z,IT-CNorth,115.49,15
2026-07-26T14:00:00Z,IT-CSouth,115.49,15
2026-07-26T14:00:00Z,IT-North,115.49,15
2026-07-26T14:00:00Z,IT-Sardinia,115.49,15
2026-07-26T14:00:00Z,IT-Sicily,115.49,15
2026-07-26T14:00:00Z,IT-South,115.49,15
2026-07-26T14:00:00Z,LT,1.47,15
2026-07-26T14:00:00Z,LV,1.47,15
2026-07-26T14:00:00Z,NL,-0.23,15
2026-07-26T14:00:00Z,NO1,1.71,15
2026-07-26T14:00:00Z,NO2,1.97,15
2026-07-26T14:00:00Z,NO3,3.69,15
2026-07-26T14:00:00Z,NO4,2.56,15
2026-07-26T14:00:00Z,NO5,3.10,15
2026-07-26T14:00:00Z,PL,0.15,15
2026-07-26T14:00:00Z,PT,-1.00,15
2026-07-26T14:00:00Z,RO,0.32,15
2026-07-26T14:00:00Z,RS,23.00,15
2026-07-26T14:00:00Z,SE2,1.52,15
2026-07-26T14:00:00Z,SE3,1.47,15
2026-07-26T14:00:00Z,SE4,1.46,15
2026-07-26T14:00:00Z,SI,0.38,15
2026-07-26T14:00:00Z,SK,0.27,15
2026-07-26T14:15:00Z,AT,2.95,15
2026-07-26T14:15:00Z,BE,-0.19,15
2026-07-26T14:15:00Z,CZ,1.18,15
2026-07-26T14:15:00Z,DE-LU,-0.01,15
2026-07-26T14:15:00Z,DK1,2.00,15
2026-07-26T14:15:00Z,DK2,2.19,15
2026-07-26T14:15:00Z,EE,2.19,15
2026-07-26T14:15:00Z,ES,-3.82,15
2026-07-26T14:15:00Z,FI,2.19,15
2026-07-26T14:15:00Z,FR,-0.81,15
2026-07-26T14:15:00Z,GR,1.76,15
2026-07-26T14:15:00Z,HR,1.86,15
2026-07-26T14:15:00Z,HU,1.79,15
2026-07-26T14:15:00Z,IT-CNorth,139.94,15
2026-07-26T14:15:00Z,IT-CSouth,139.94,15
2026-07-26T14:15:00Z,IT-North,139.94,15
2026-07-26T14:15:00Z,IT-Sardinia,139.94,15
2026-07-26T14:15:00Z,IT-Sicily,139.94,15
2026-07-26T14:15:00Z,IT-South,139.94,15
2026-07-26T14:15:00Z,LT,2.19,15
2026-07-26T14:15:00Z,LV,2.19,15
2026-07-26T14:15:00Z,NL,-0.19,15
2026-07-26T14:15:00Z,NO1,2.19,15
2026-07-26T14:15:00Z,NO2,2.19,15
2026-07-26T14:15:00Z,NO3,2.41,15
2026-07-26T14:15:00Z,NO4,2.30,15
2026-07-26T14:15:00Z,NO5,2.21,15
2026-07-26T14:15:00Z,PL,1.02,15
2026-07-26T14:15:00Z,PT,-0.81,15
2026-07-26T14:15:00Z,RO,1.76,15
2026-07-26T14:15:00Z,SE1,2.21,15
2026-07-26T14:15:00Z,SE2,2.19,15
2026-07-26T14:15:00Z,SE3,2.19,15
2026-07-26T14:15:00Z,SE4,2.19,15
2026-07-26T14:15:00Z,SI,1.95,15
2026-07-26T14:15:00Z,SK,1.56,15
2026-07-26T14:30:00Z,AT,8.58,15
2026-07-26T14:30:00Z,BE,-0.34,15
2026-07-26T14:30:00Z,CZ,3.43,15
2026-07-26T14:30:00Z,DE-LU,0.00,15
2026-07-26T14:30:00Z,DK1,5.74,15
2026-07-26T14:30:00Z,DK2,5.49,15
2026-07-26T14:30:00Z,EE,4.33,15
2026-07-26T14:30:00Z,ES,-31.82,15
2026-07-26T14:30:00Z,FI,4.29,15
2026-07-26T14:30:00Z,GR,5.10,15
2026-07-26T14:30:00Z,HR,5.37,15
2026-07-26T14:30:00Z,HU,5.21,15
2026-07-26T14:30:00Z,IT-CNorth,157.59,15
2026-07-26T14:30:00Z,IT-CSouth,157.59,15
2026-07-26T14:30:00Z,IT-North,157.59,15
2026-07-26T14:30:00Z,IT-Sardinia,157.59,15
2026-07-26T14:30:00Z,IT-Sicily,157.59,15
2026-07-26T14:30:00Z,IT-South,157.59,15
2026-07-26T14:30:00Z,LT,4.33,15
2026-07-26T14:30:00Z,LV,4.33,15
2026-07-26T14:30:00Z,NL,-0.36,15
2026-07-26T14:30:00Z,NO1,7.09,15
2026-07-26T14:30:00Z,NO2,6.42,15
2026-07-26T14:30:00Z,NO3,4.33,15
2026-07-26T14:30:00Z,NO4,4.32,15
2026-07-26T14:30:00Z,NO5,6.79,15
2026-07-26T14:30:00Z,PL,2.97,15
2026-07-26T14:30:00Z,RO,5.09,15
2026-07-26T14:30:00Z,SE1,4.31,15
2026-07-26T14:30:00Z,SE2,4.31,15
2026-07-26T14:30:00Z,SE3,4.32,15
2026-07-26T14:30:00Z,SE4,4.33,15
2026-07-26T14:30:00Z,SI,5.62,15
2026-07-26T14:30:00Z,SK,4.53,15
2026-07-26T14:45:00Z,AT,42.83,15
2026-07-26T14:45:00Z,BE,1.80,15
2026-07-26T14:45:00Z,CZ,19.22,15
2026-07-26T14:45:00Z,DE-LU,3.53,15
2026-07-26T14:45:00Z,DK1,29.03,15
2026-07-26T14:45:00Z,DK2,28.51,15
2026-07-26T14:45:00Z,EE,4.98,15
2026-07-26T14:45:00Z,ES,-29.55,15
2026-07-26T14:45:00Z,FI,4.98,15
2026-07-26T14:45:00Z,FR,-0.80,15
2026-07-26T14:45:00Z,GR,26.90,15
2026-07-26T14:45:00Z,HR,28.16,15
2026-07-26T14:45:00Z,HU,27.38,15
2026-07-26T14:45:00Z,IT-CNorth,167.38,15
2026-07-26T14:45:00Z,IT-CSouth,167.38,15
2026-07-26T14:45:00Z,IT-North,167.38,15
2026-07-26T14:45:00Z,IT-Sardinia,167.38,15
2026-07-26T14:45:00Z,IT-Sicily,167.38,15
2026-07-26T14:45:00Z,IT-South,167.38,15
2026-07-26T14:45:00Z,LT,8.30,15
2026-07-26T14:45:00Z,LV,8.30,15
2026-07-26T14:45:00Z,NL,1.80,15
2026-07-26T14:45:00Z,NO1,41.07,15
2026-07-26T14:45:00Z,NO2,33.15,15
2026-07-26T14:45:00Z,NO3,8.05,15
2026-07-26T14:45:00Z,NO4,7.51,15
2026-07-26T14:45:00Z,NO5,37.49,15
2026-07-26T14:45:00Z,PL,48.14,15
2026-07-26T14:45:00Z,PT,-0.80,15
2026-07-26T14:45:00Z,RO,26.84,15
2026-07-26T14:45:00Z,SE1,6.57,15
2026-07-26T14:45:00Z,SE2,6.73,15
2026-07-26T14:45:00Z,SE3,7.30,15
2026-07-26T14:45:00Z,SE4,8.30,15
2026-07-26T14:45:00Z,SI,29.31,15
2026-07-26T14:45:00Z,SK,24.28,15
2026-07-26T15:00:00Z,AT,7.51,15
2026-07-26T15:00:00Z,BE,3.56,15
2026-07-26T15:00:00Z,CH,89.58,60
2026-07-26T15:00:00Z,CZ,6.31,15
2026-07-26T15:00:00Z,DE-LU,5.25,15
2026-07-26T15:00:00Z,DK1,5.41,15
2026-07-26T15:00:00Z,DK2,5.32,15
2026-07-26T15:00:00Z,EE,3.68,15
2026-07-26T15:00:00Z,ES,-17.00,15
2026-07-26T15:00:00Z,FI,3.68,15
2026-07-26T15:00:00Z,FR,-0.50,15
2026-07-26T15:00:00Z,GR,6.95,15
2026-07-26T15:00:00Z,HR,7.17,15
2026-07-26T15:00:00Z,HU,6.94,15
2026-07-26T15:00:00Z,IT-CNorth,135.79,15
2026-07-26T15:00:00Z,IT-CSouth,135.79,15
2026-07-26T15:00:00Z,IT-North,135.79,15
2026-07-26T15:00:00Z,IT-Sardinia,135.79,15
2026-07-26T15:00:00Z,IT-Sicily,135.79,15
2026-07-26T15:00:00Z,IT-South,135.79,15
2026-07-26T15:00:00Z,LT,5.31,15
2026-07-26T15:00:00Z,LV,5.31,15
2026-07-26T15:00:00Z,NL,4.32,15
2026-07-26T15:00:00Z,NO1,29.62,15
2026-07-26T15:00:00Z,NO2,28.06,15
2026-07-26T15:00:00Z,NO3,5.19,15
2026-07-26T15:00:00Z,NO4,4.93,15
2026-07-26T15:00:00Z,NO5,40.59,15
2026-07-26T15:00:00Z,PL,88.91,15
2026-07-26T15:00:00Z,PT,-0.50,15
2026-07-26T15:00:00Z,RO,6.94,15
2026-07-26T15:00:00Z,RS,95.06,15
2026-07-26T15:00:00Z,SE1,4.50,15
2026-07-26T15:00:00Z,SE2,4.54,15
2026-07-26T15:00:00Z,SE3,4.82,15
2026-07-26T15:00:00Z,SE4,5.31,15
2026-07-26T15:00:00Z,SI,7.27,15
2026-07-26T15:00:00Z,SK,6.68,15
2026-07-26T15:15:00Z,AT,58.50,15
2026-07-26T15:15:00Z,BE,25.38,15
2026-07-26T15:15:00Z,CZ,46.03,15
2026-07-26T15:15:00Z,DE-LU,35.76,15
2026-07-26T15:15:00Z,DK1,37.33,15
2026-07-26T15:15:00Z,DK2,36.66,15
2026-07-26T15:15:00Z,EE,3.56,15
2026-07-26T15:15:00Z,ES,-15.82,15
2026-07-26T15:15:00Z,FI,3.56,15
2026-07-26T15:15:00Z,FR,-0.16,15
2026-07-26T15:15:00Z,GR,52.67,15
2026-07-26T15:15:00Z,HR,54.78,15
2026-07-26T15:15:00Z,HU,52.58,15
2026-07-26T15:15:00Z,IT-CNorth,156.37,15
2026-07-26T15:15:00Z,IT-CSouth,156.37,15
2026-07-26T15:15:00Z,IT-North,156.37,15
2026-07-26T15:15:00Z,IT-Sardinia,156.37,15
2026-07-26T15:15:00Z,IT-Sicily,156.37,15
2026-07-26T15:15:00Z,IT-South,156.37,15
2026-07-26T15:15:00Z,LT,8.41,15
2026-07-26T15:15:00Z,LV,8.41,15
2026-07-26T15:15:00Z,NL,30.10,15
2026-07-26T15:15:00Z,NO1,65.33,15
2026-07-26T15:15:00Z,NO2,51.65,15
2026-07-26T15:15:00Z,NO3,8.05,15
2026-07-26T15:15:00Z,NO4,7.25,15
2026-07-26T15:15:00Z,NO5,59.19,15
2026-07-26T15:15:00Z,PL,110.19,15
2026-07-26T15:15:00Z,PT,-0.16,15
2026-07-26T15:15:00Z,RO,52.58,15
2026-07-26T15:15:00Z,SE1,5.98,15
2026-07-26T15:15:00Z,SE2,6.10,15
2026-07-26T15:15:00Z,SE3,6.95,15
2026-07-26T15:15:00Z,SE4,8.41,15
2026-07-26T15:15:00Z,SI,55.95,15
2026-07-26T15:15:00Z,SK,49.99,15
2026-07-26T15:30:00Z,AT,164.38,15
2026-07-26T15:30:00Z,BE,55.11,15
2026-07-26T15:30:00Z,CZ,107.10,15
2026-07-26T15:30:00Z,DE-LU,62.92,15
2026-07-26T15:30:00Z,DK1,79.44,15
2026-07-26T15:30:00Z,DK2,78.01,15
2026-07-26T15:30:00Z,EE,4.99,15
2026-07-26T15:30:00Z,ES,-13.06,15
2026-07-26T15:30:00Z,FI,4.99,15
2026-07-26T15:30:00Z,FR,-0.11,15
2026-07-26T15:30:00Z,GR,141.40,15
2026-07-26T15:30:00Z,HR,155.26,15
2026-07-26T15:30:00Z,HU,140.45,15
2026-07-26T15:30:00Z,IT-CNorth,186.00,15
2026-07-26T15:30:00Z,IT-CSouth,186.00,15
2026-07-26T15:30:00Z,IT-North,186.00,15
2026-07-26T15:30:00Z,IT-Sardinia,186.00,15
2026-07-26T15:30:00Z,IT-Sicily,186.00,15
2026-07-26T15:30:00Z,IT-South,186.00,15
2026-07-26T15:30:00Z,LT,12.16,15
2026-07-26T15:30:00Z,LV,12.16,15
2026-07-26T15:30:00Z,NL,56.92,15
2026-07-26T15:30:00Z,NO1,114.39,15
2026-07-26T15:30:00Z,NO2,89.80,15
2026-07-26T15:30:00Z,NO3,13.00,15
2026-07-26T15:30:00Z,NO4,8.51,15
2026-07-26T15:30:00Z,NO5,103.53,15
2026-07-26T15:30:00Z,PL,145.63,15
2026-07-26T15:30:00Z,PT,-0.11,15
2026-07-26T15:30:00Z,RO,141.40,15
2026-07-26T15:30:00Z,SE1,8.17,15
2026-07-26T15:30:00Z,SE2,8.67,15
2026-07-26T15:30:00Z,SE3,10.01,15
2026-07-26T15:30:00Z,SE4,12.17,15
2026-07-26T15:30:00Z,SI,164.38,15
2026-07-26T15:30:00Z,SK,127.57,15
2026-07-26T15:45:00Z,AT,188.79,15
2026-07-26T15:45:00Z,BE,89.91,15
2026-07-26T15:45:00Z,CZ,141.30,15
2026-07-26T15:45:00Z,DE-LU,103.36,15
2026-07-26T15:45:00Z,DK1,112.98,15
2026-07-26T15:45:00Z,DK2,108.30,15
2026-07-26T15:45:00Z,ES,-15.00,15
2026-07-26T15:45:00Z,FI,5.00,15
2026-07-26T15:45:00Z,GR,169.73,15
2026-07-26T15:45:00Z,HR,181.51,15
2026-07-26T15:45:00Z,HU,168.87,15
2026-07-26T15:45:00Z,IT-CNorth,201.84,15
2026-07-26T15:45:00Z,IT-CSouth,201.84,15
2026-07-26T15:45:00Z,IT-North,201.84,15
2026-07-26T15:45:00Z,IT-Sardinia,201.84,15
2026-07-26T15:45:00Z,IT-Sicily,201.84,15
2026-07-26T15:45:00Z,IT-South,201.84,15
2026-07-26T15:45:00Z,LT,108.14,15
2026-07-26T15:45:00Z,LV,108.14,15
2026-07-26T15:45:00Z,NL,93.01,15
2026-07-26T15:45:00Z,NO1,108.35,15
2026-07-26T15:45:00Z,NO2,109.06,15
2026-07-26T15:45:00Z,NO3,64.75,15
2026-07-26T15:45:00Z,NO4,8.58,15
2026-07-26T15:45:00Z,NO5,104.01,15
2026-07-26T15:45:00Z,PL,137.56,15
2026-07-26T15:45:00Z,RO,169.73,15
2026-07-26T15:45:00Z,SE1,20.35,15
2026-07-26T15:45:00Z,SE2,26.25,15
2026-07-26T15:45:00Z,SE3,70.48,15
2026-07-26T15:45:00Z,SE4,108.25,15
2026-07-26T15:45:00Z,SI,188.79,15
2026-07-26T15:45:00Z,SK,158.08,15
2026-07-26T16:00:00Z,AT,139.19,15
2026-07-26T16:00:00Z,BE,57.53,15
2026-07-26T16:00:00Z,CH,133.48,60
2026-07-26T16:00:00Z,CZ,108.18,15
2026-07-26T16:00:00Z,DE-LU,79.45,15
2026-07-26T16:00:00Z,DK1,77.98,15
2026-07-26T16:00:00Z,DK2,81.51,15
2026-07-26T16:00:00Z,EE,3.51,15
2026-07-26T16:00:00Z,ES,-8.01,15
2026-07-26T16:00:00Z,FI,3.52,15
2026-07-26T16:00:00Z,FR,-0.01,15
2026-07-26T16:00:00Z,GR,123.26,15
2026-07-26T16:00:00Z,HR,127.42,15
2026-07-26T16:00:00Z,HU,123.35,15
2026-07-26T16:00:00Z,IT-CNorth,139.19,15
2026-07-26T16:00:00Z,IT-CSouth,139.19,15
2026-07-26T16:00:00Z,IT-North,139.19,15
2026-07-26T16:00:00Z,IT-Sardinia,139.19,15
2026-07-26T16:00:00Z,IT-Sicily,139.19,15
2026-07-26T16:00:00Z,IT-South,139.19,15
2026-07-26T16:00:00Z,LT,61.85,15
2026-07-26T16:00:00Z,LV,61.85,15
2026-07-26T16:00:00Z,NL,67.80,15
2026-07-26T16:00:00Z,NO1,87.47,15
2026-07-26T16:00:00Z,NO2,88.69,15
2026-07-26T16:00:00Z,NO3,30.01,15
2026-07-26T16:00:00Z,NO4,8.29,15
2026-07-26T16:00:00Z,NO5,81.63,15
2026-07-26T16:00:00Z,PL,130.40,15
2026-07-26T16:00:00Z,PT,-0.01,15
2026-07-26T16:00:00Z,RO,123.05,15
2026-07-26T16:00:00Z,RS,142.02,15
2026-07-26T16:00:00Z,SE1,11.42,15
2026-07-26T16:00:00Z,SE2,13.85,15
2026-07-26T16:00:00Z,SE3,40.08,15
2026-07-26T16:00:00Z,SE4,61.89,15
2026-07-26T16:00:00Z,SI,129.70,15
2026-07-26T16:00:00Z,SK,117.41,15
2026-07-26T16:15:00Z,AT,155.98,15
2026-07-26T16:15:00Z,BE,79.73,15
2026-07-26T16:15:00Z,CZ,133.74,15
2026-07-26T16:15:00Z,DE-LU,110.70,15
2026-07-26T16:15:00Z,DK1,108.06,15
2026-07-26T16:15:00Z,DK2,111.90,15
2026-07-26T16:15:00Z,EE,3.68,15
2026-07-26T16:15:00Z,ES,-7.23,15
2026-07-26T16:15:00Z,FI,3.69,15
2026-07-26T16:15:00Z,GR,145.48,15
2026-07-26T16:15:00Z,HR,149.71,15
2026-07-26T16:15:00Z,HU,145.14,15
2026-07-26T16:15:00Z,IT-CNorth,151.60,15
2026-07-26T16:15:00Z,IT-CSouth,151.60,15
2026-07-26T16:15:00Z,IT-North,151.60,15
2026-07-26T16:15:00Z,IT-Sardinia,151.60,15
2026-07-26T16:15:00Z,IT-Sicily,151.60,15
2026-07-26T16:15:00Z,IT-South,151.60,15
2026-07-26T16:15:00Z,LT,111.82,15
2026-07-26T16:15:00Z,LV,111.82,15
2026-07-26T16:15:00Z,NL,94.28,15
2026-07-26T16:15:00Z,NO1,111.88,15
2026-07-26T16:15:00Z,NO2,113.47,15
2026-07-26T16:15:00Z,NO3,36.46,15
2026-07-26T16:15:00Z,NO4,8.35,15
2026-07-26T16:15:00Z,NO5,104.21,15
2026-07-26T16:15:00Z,PL,130.55,15
2026-07-26T16:15:00Z,RO,145.25,15
2026-07-26T16:15:00Z,SE1,13.01,15
2026-07-26T16:15:00Z,SE2,16.13,15
2026-07-26T16:15:00Z,SE3,69.99,15
2026-07-26T16:15:00Z,SE4,111.88,15
2026-07-26T16:15:00Z,SI,151.60,15
2026-07-26T16:15:00Z,SK,140.49,15
2026-07-26T16:30:00Z,AT,192.90,15
2026-07-26T16:30:00Z,BE,104.48,15
2026-07-26T16:30:00Z,CZ,154.66,15
2026-07-26T16:30:00Z,DE-LU,119.87,15
2026-07-26T16:30:00Z,DK1,118.73,15
2026-07-26T16:30:00Z,DK2,122.63,15
2026-07-26T16:30:00Z,EE,4.97,15
2026-07-26T16:30:00Z,ES,-6.91,15
2026-07-26T16:30:00Z,FI,4.97,15
2026-07-26T16:30:00Z,GR,173.20,15
2026-07-26T16:30:00Z,HR,178.17,15
2026-07-26T16:30:00Z,HU,173.36,15
2026-07-26T16:30:00Z,IT-CNorth,190.00,15
2026-07-26T16:30:00Z,IT-CSouth,190.00,15
2026-07-26T16:30:00Z,IT-North,190.00,15
2026-07-26T16:30:00Z,IT-Sardinia,190.00,15
2026-07-26T16:30:00Z,IT-Sicily,190.00,15
2026-07-26T16:30:00Z,IT-South,190.00,15
2026-07-26T16:30:00Z,LT,120.49,15
2026-07-26T16:30:00Z,LV,120.49,15
2026-07-26T16:30:00Z,NL,108.22,15
2026-07-26T16:30:00Z,NO1,118.56,15
2026-07-26T16:30:00Z,NO2,120.60,15
2026-07-26T16:30:00Z,NO3,23.12,15
2026-07-26T16:30:00Z,NO4,8.51,15
2026-07-26T16:30:00Z,NO5,108.79,15
2026-07-26T16:30:00Z,PL,149.88,15
2026-07-26T16:30:00Z,PT,0.00,15
2026-07-26T16:30:00Z,RO,172.94,15
2026-07-26T16:30:00Z,SE1,10.48,15
2026-07-26T16:30:00Z,SE2,12.12,15
2026-07-26T16:30:00Z,SE3,74.43,15
2026-07-26T16:30:00Z,SE4,120.52,15
2026-07-26T16:30:00Z,SI,180.95,15
2026-07-26T16:30:00Z,SK,166.09,15
2026-07-26T16:45:00Z,AT,199.14,15
2026-07-26T16:45:00Z,BE,110.67,15
2026-07-26T16:45:00Z,CZ,161.50,15
2026-07-26T16:45:00Z,DE-LU,126.98,15
2026-07-26T16:45:00Z,DK1,125.70,15
2026-07-26T16:45:00Z,DK2,129.67,15
2026-07-26T16:45:00Z,EE,5.60,15
2026-07-26T16:45:00Z,ES,-15.54,15
2026-07-26T16:45:00Z,FI,5.60,15
2026-07-26T16:45:00Z,FR,0.00,15
2026-07-26T16:45:00Z,GR,179.87,15
2026-07-26T16:45:00Z,HR,184.92,15
2026-07-26T16:45:00Z,HU,179.97,15
2026-07-26T16:45:00Z,IT-CNorth,201.84,15
2026-07-26T16:45:00Z,IT-CSouth,201.84,15
2026-07-26T16:45:00Z,IT-North,201.84,15
2026-07-26T16:45:00Z,IT-Sardinia,201.84,15
2026-07-26T16:45:00Z,IT-Sicily,201.84,15
2026-07-26T16:45:00Z,IT-South,201.84,15
2026-07-26T16:45:00Z,LT,125.10,15
2026-07-26T16:45:00Z,LV,125.10,15
2026-07-26T16:45:00Z,NL,114.63,15
2026-07-26T16:45:00Z,NO1,123.38,15
2026-07-26T16:45:00Z,NO2,125.28,15
2026-07-26T16:45:00Z,NO3,33.78,15
2026-07-26T16:45:00Z,NO4,8.60,15
2026-07-26T16:45:00Z,NO5,114.25,15
2026-07-26T16:45:00Z,PL,156.76,15
2026-07-26T16:45:00Z,PT,0.01,15
2026-07-26T16:45:00Z,RO,179.61,15
2026-07-26T16:45:00Z,SE1,13.24,15
2026-07-26T16:45:00Z,SE2,16.02,15
2026-07-26T16:45:00Z,SE3,78.14,15
2026-07-26T16:45:00Z,SE4,125.15,15
2026-07-26T16:45:00Z,SI,187.69,15
2026-07-26T16:45:00Z,SK,172.77,15
2026-07-26T17:00:00Z,AT,162.50,15
2026-07-26T17:00:00Z,BE,113.41,15
2026-07-26T17:00:00Z,CH,155.54,60
2026-07-26T17:00:00Z,CZ,147.04,15
2026-07-26T17:00:00Z,DE-LU,130.39,15
2026-07-26T17:00:00Z,DK1,128.28,15
2026-07-26T17:00:00Z,DK2,131.14,15
2026-07-26T17:00:00Z,EE,124.44,15
2026-07-26T17:00:00Z,ES,-8.00,15
2026-07-26T17:00:00Z,FI,5.00,15
2026-07-26T17:00:00Z,FR,0.50,15
2026-07-26T17:00:00Z,GR,155.56,15
2026-07-26T17:00:00Z,HR,159.01,15
2026-07-26T17:00:00Z,HU,155.19,15
2026-07-26T17:00:00Z,IT-CNorth,162.50,15
2026-07-26T17:00:00Z,IT-CSouth,162.50,15
2026-07-26T17:00:00Z,IT-North,162.50,15
2026-07-26T17:00:00Z,IT-Sardinia,162.50,15
2026-07-26T17:00:00Z,IT-Sicily,162.50,15
2026-07-26T17:00:00Z,IT-South,162.50,15
2026-07-26T17:00:00Z,LT,124.44,15
2026-07-26T17:00:00Z,LV,124.44,15
2026-07-26T17:00:00Z,NL,117.66,15
2026-07-26T17:00:00Z,NO1,122.60,15
2026-07-26T17:00:00Z,NO2,124.58,15
2026-07-26T17:00:00Z,NO3,28.74,15
2026-07-26T17:00:00Z,NO4,8.68,15
2026-07-26T17:00:00Z,NO5,113.21,15
2026-07-26T17:00:00Z,PL,144.37,15
2026-07-26T17:00:00Z,PT,0.50,15
2026-07-26T17:00:00Z,RO,155.38,15
2026-07-26T17:00:00Z,RS,95.00,15
2026-07-26T17:00:00Z,SE1,11.92,15
2026-07-26T17:00:00Z,SE2,14.03,15
2026-07-26T17:00:00Z,SE3,77.93,15
2026-07-26T17:00:00Z,SE4,124.48,15
2026-07-26T17:00:00Z,SI,160.42,15
2026-07-26T17:00:00Z,SK,151.83,15
2026-07-26T17:15:00Z,AT,171.84,15
2026-07-26T17:15:00Z,BE,122.16,15
2026-07-26T17:15:00Z,CZ,155.50,15
2026-07-26T17:15:00Z,DE-LU,138.36,15
2026-07-26T17:15:00Z,DK1,136.35,15
2026-07-26T17:15:00Z,DK2,139.16,15
2026-07-26T17:15:00Z,EE,5.25,15
2026-07-26T17:15:00Z,ES,-10.61,15
2026-07-26T17:15:00Z,FI,5.25,15
2026-07-26T17:15:00Z,FR,14.66,15
2026-07-26T17:15:00Z,GR,138.46,15
2026-07-26T17:15:00Z,HR,167.72,15
2026-07-26T17:15:00Z,HU,164.01,15
2026-07-26T17:15:00Z,IT-CNorth,171.84,15
2026-07-26T17:15:00Z,IT-CSouth,171.84,15
2026-07-26T17:15:00Z,IT-North,171.84,15
2026-07-26T17:15:00Z,IT-Sardinia,171.84,15
2026-07-26T17:15:00Z,IT-Sicily,171.84,15
2026-07-26T17:15:00Z,IT-South,171.84,15
2026-07-26T17:15:00Z,LT,132.02,15
2026-07-26T17:15:00Z,LV,132.02,15
2026-07-26T17:15:00Z,NL,126.20,15
2026-07-26T17:15:00Z,NO1,129.89,15
2026-07-26T17:15:00Z,NO2,132.13,15
2026-07-26T17:15:00Z,NO3,24.22,15
2026-07-26T17:15:00Z,NO4,8.78,15
2026-07-26T17:15:00Z,NO5,119.30,15
2026-07-26T17:15:00Z,PL,152.73,15
2026-07-26T17:15:00Z,PT,14.66,15
2026-07-26T17:15:00Z,RO,164.14,15
2026-07-26T17:15:00Z,SE1,11.00,15
2026-07-26T17:15:00Z,SE2,12.62,15
2026-07-26T17:15:00Z,SE3,82.14,15
2026-07-26T17:15:00Z,SE4,132.05,15
2026-07-26T17:15:00Z,SI,169.17,15
2026-07-26T17:15:00Z,SK,160.53,15
2026-07-26T17:30:00Z,AT,182.00,15
2026-07-26T17:30:00Z,BE,129.76,15
2026-07-26T17:30:00Z,CZ,161.43,15
2026-07-26T17:30:00Z,DE-LU,141.97,15
2026-07-26T17:30:00Z,DK1,140.49,15
2026-07-26T17:30:00Z,DK2,142.76,15
2026-07-26T17:30:00Z,EE,6.14,15
2026-07-26T17:30:00Z,ES,0.00,15
2026-07-26T17:30:00Z,FI,6.14,15
2026-07-26T17:30:00Z,FR,50.00,15
2026-07-26T17:30:00Z,GR,134.01,15
2026-07-26T17:30:00Z,HR,174.83,15
2026-07-26T17:30:00Z,HU,171.65,15
2026-07-26T17:30:00Z,IT-CNorth,182.00,15
2026-07-26T17:30:00Z,IT-CSouth,182.00,15
2026-07-26T17:30:00Z,IT-North,182.00,15
2026-07-26T17:30:00Z,IT-Sardinia,182.00,15
2026-07-26T17:30:00Z,IT-Sicily,182.00,15
2026-07-26T17:30:00Z,IT-South,182.00,15
2026-07-26T17:30:00Z,LT,136.56,15
2026-07-26T17:30:00Z,LV,136.56,15
2026-07-26T17:30:00Z,NL,132.76,15
2026-07-26T17:30:00Z,NO1,134.51,15
2026-07-26T17:30:00Z,NO2,136.72,15
2026-07-26T17:30:00Z,NO3,30.03,15
2026-07-26T17:30:00Z,NO4,8.83,15
2026-07-26T17:30:00Z,NO5,124.06,15
2026-07-26T17:30:00Z,PL,158.21,15
2026-07-26T17:30:00Z,PT,50.00,15
2026-07-26T17:30:00Z,RO,171.52,15
2026-07-26T17:30:00Z,SE1,12.73,15
2026-07-26T17:30:00Z,SE2,14.95,15
2026-07-26T17:30:00Z,SE3,85.55,15
2026-07-26T17:30:00Z,SE4,136.61,15
2026-07-26T17:30:00Z,SI,176.44,15
2026-07-26T17:30:00Z,SK,167.61,15
2026-07-26T17:45:00Z,AT,183.30,15
2026-07-26T17:45:00Z,BE,138.08,15
2026-07-26T17:45:00Z,CZ,163.94,15
2026-07-26T17:45:00Z,DE-LU,146.44,15
2026-07-26T17:45:00Z,DK1,145.45,15
2026-07-26T17:45:00Z,DK2,147.70,15
2026-07-26T17:45:00Z,EE,140.17,15
2026-07-26T17:45:00Z,ES,43.25,15
2026-07-26T17:45:00Z,FI,9.99,15
2026-07-26T17:45:00Z,FR,84.25,15
2026-07-26T17:45:00Z,GR,134.84,15
2026-07-26T17:45:00Z,HR,175.79,15
2026-07-26T17:45:00Z,HU,173.37,15
2026-07-26T17:45:00Z,IT-CNorth,191.08,15
2026-07-26T17:45:00Z,IT-CSouth,191.08,15
2026-07-26T17:45:00Z,IT-North,191.08,15
2026-07-26T17:45:00Z,IT-Sardinia,191.08,15
2026-07-26T17:45:00Z,IT-Sicily,191.08,15
2026-07-26T17:45:00Z,IT-South,191.08,15
2026-07-26T17:45:00Z,LT,140.17,15
2026-07-26T17:45:00Z,LV,140.17,15
2026-07-26T17:45:00Z,NL,140.10,15
2026-07-26T17:45:00Z,NO1,138.18,15
2026-07-26T17:45:00Z,NO2,140.37,15
2026-07-26T17:45:00Z,NO3,34.21,15
2026-07-26T17:45:00Z,NO4,8.86,15
2026-07-26T17:45:00Z,NO5,127.79,15
2026-07-26T17:45:00Z,PL,161.01,15
2026-07-26T17:45:00Z,PT,84.25,15
2026-07-26T17:45:00Z,RO,173.13,15
2026-07-26T17:45:00Z,SE1,15.25,15
2026-07-26T17:45:00Z,SE2,17.89,15
2026-07-26T17:45:00Z,SE3,89.08,15
2026-07-26T17:45:00Z,SE4,140.22,15
2026-07-26T17:45:00Z,SI,177.23,15
2026-07-26T17:45:00Z,SK,169.70,15
2026-07-26T18:00:00Z,AT,163.32,15
2026-07-26T18:00:00Z,BE,144.11,15
2026-07-26T18:00:00Z,CH,160.07,60
2026-07-26T18:00:00Z,CZ,148.37,15
2026-07-26T18:00:00Z,DE-LU,144.94,15
2026-07-26T18:00:00Z,DK1,150.09,15
2026-07-26T18:00:00Z,DK2,147.84,15
2026-07-26T18:00:00Z,EE,143.58,15
2026-07-26T18:00:00Z,ES,34.03,15
2026-07-26T18:00:00Z,FI,4.96,15
2026-07-26T18:00:00Z,FR,39.56,15
2026-07-26T18:00:00Z,GR,135.32,15
2026-07-26T18:00:00Z,HR,149.67,15
2026-07-26T18:00:00Z,HU,154.16,15
2026-07-26T18:00:00Z,IT-CNorth,186.19,15
2026-07-26T18:00:00Z,IT-CSouth,186.19,15
2026-07-26T18:00:00Z,IT-North,186.19,15
2026-07-26T18:00:00Z,IT-Sardinia,186.19,15
2026-07-26T18:00:00Z,IT-Sicily,186.19,15
2026-07-26T18:00:00Z,IT-South,186.19,15
2026-07-26T18:00:00Z,LT,143.58,15
2026-07-26T18:00:00Z,LV,143.58,15
2026-07-26T18:00:00Z,NL,148.19,15
2026-07-26T18:00:00Z,NO1,141.41,15
2026-07-26T18:00:00Z,NO2,143.72,15
2026-07-26T18:00:00Z,NO3,30.01,15
2026-07-26T18:00:00Z,NO4,9.36,15
2026-07-26T18:00:00Z,NO5,130.26,15
2026-07-26T18:00:00Z,PL,148.80,15
2026-07-26T18:00:00Z,PT,79.00,15
2026-07-26T18:00:00Z,RO,152.78,15
2026-07-26T18:00:00Z,RS,103.04,15
2026-07-26T18:00:00Z,SE1,12.50,15
2026-07-26T18:00:00Z,SE2,14.07,15
2026-07-26T18:00:00Z,SE3,89.18,15
2026-07-26T18:00:00Z,SE4,143.62,15
2026-07-26T18:00:00Z,SI,149.82,15
2026-07-26T18:00:00Z,SK,152.98,15
2026-07-26T18:15:00Z,AT,174.49,15
2026-07-26T18:15:00Z,BE,152.00,15
2026-07-26T18:15:00Z,CZ,157.83,15
2026-07-26T18:15:00Z,DE-LU,152.74,15
2026-07-26T18:15:00Z,DK1,157.28,15
2026-07-26T18:15:00Z,DK2,155.39,15
2026-07-26T18:15:00Z,EE,143.53,15
2026-07-26T18:15:00Z,ES,79.04,15
2026-07-26T18:15:00Z,FI,4.94,15
2026-07-26T18:15:00Z,FR,60.27,15
2026-07-26T18:15:00Z,GR,128.06,15
2026-07-26T18:15:00Z,HR,160.83,15
2026-07-26T18:15:00Z,HU,164.61,15
2026-07-26T18:15:00Z,IT-CNorth,186.23,15
2026-07-26T18:15:00Z,IT-CSouth,186.23,15
2026-07-26T18:15:00Z,IT-North,186.23,15
2026-07-26T18:15:00Z,IT-Sardinia,186.23,15
2026-07-26T18:15:00Z,IT-Sicily,186.23,15
2026-07-26T18:15:00Z,IT-South,186.23,15
2026-07-26T18:15:00Z,LT,143.53,15
2026-07-26T18:15:00Z,LV,143.53,15
2026-07-26T18:15:00Z,NL,155.58,15
2026-07-26T18:15:00Z,NO1,141.47,15
2026-07-26T18:15:00Z,NO2,143.70,15
2026-07-26T18:15:00Z,NO3,33.61,15
2026-07-26T18:15:00Z,NO4,9.37,15
2026-07-26T18:15:00Z,NO5,130.68,15
2026-07-26T18:15:00Z,PL,157.97,15
2026-07-26T18:15:00Z,PT,98.39,15
2026-07-26T18:15:00Z,RO,163.31,15
2026-07-26T18:15:00Z,SE1,13.35,15
2026-07-26T18:15:00Z,SE2,15.22,15
2026-07-26T18:15:00Z,SE3,89.43,15
2026-07-26T18:15:00Z,SE4,143.58,15
2026-07-26T18:15:00Z,SI,161.17,15
2026-07-26T18:15:00Z,SK,163.01,15
2026-07-26T18:30:00Z,AT,170.53,15
2026-07-26T18:30:00Z,BE,152.30,15
2026-07-26T18:30:00Z,CZ,157.26,15
2026-07-26T18:30:00Z,DE-LU,152.82,15
2026-07-26T18:30:00Z,DK1,156.08,15
2026-07-26T18:30:00Z,DK2,154.77,15
2026-07-26T18:30:00Z,EE,5.59,15
2026-07-26T18:30:00Z,ES,117.57,15
2026-07-26T18:30:00Z,FI,4.29,15
2026-07-26T18:30:00Z,FR,86.82,15
2026-07-26T18:30:00Z,GR,118.40,15
2026-07-26T18:30:00Z,HR,160.12,15
2026-07-26T18:30:00Z,HU,162.76,15
2026-07-26T18:30:00Z,IT-CNorth,190.36,15
2026-07-26T18:30:00Z,IT-CSouth,190.36,15
2026-07-26T18:30:00Z,IT-North,190.36,15
2026-07-26T18:30:00Z,IT-Sardinia,190.36,15
2026-07-26T18:30:00Z,IT-Sicily,201.89,15
2026-07-26T18:30:00Z,IT-South,190.36,15
2026-07-26T18:30:00Z,LT,144.00,15
2026-07-26T18:30:00Z,LV,144.00,15
2026-07-26T18:30:00Z,NL,154.85,15
2026-07-26T18:30:00Z,NO1,141.93,15
2026-07-26T18:30:00Z,NO2,144.17,15
2026-07-26T18:30:00Z,NO3,33.69,15
2026-07-26T18:30:00Z,NO4,9.52,15
2026-07-26T18:30:00Z,NO5,131.11,15
2026-07-26T18:30:00Z,PL,157.28,15
2026-07-26T18:30:00Z,PT,126.56,15
2026-07-26T18:30:00Z,RO,161.80,15
2026-07-26T18:30:00Z,SE1,13.17,15
2026-07-26T18:30:00Z,SE2,15.00,15
2026-07-26T18:30:00Z,SE3,89.55,15
2026-07-26T18:30:00Z,SE4,144.05,15
2026-07-26T18:30:00Z,SI,160.45,15
2026-07-26T18:30:00Z,SK,161.40,15
2026-07-26T18:45:00Z,AT,159.30,15
2026-07-26T18:45:00Z,BE,156.09,15
2026-07-26T18:45:00Z,CZ,156.79,15
2026-07-26T18:45:00Z,DE-LU,156.23,15
2026-07-26T18:45:00Z,DK1,157.11,15
2026-07-26T18:45:00Z,DK2,156.72,15
2026-07-26T18:45:00Z,ES,110.01,15
2026-07-26T18:45:00Z,FI,3.82,15
2026-07-26T18:45:00Z,FR,138.27,15
2026-07-26T18:45:00Z,GR,118.00,15
2026-07-26T18:45:00Z,HR,157.00,15
2026-07-26T18:45:00Z,HU,157.76,15
2026-07-26T18:45:00Z,IT-CNorth,195.18,15
2026-07-26T18:45:00Z,IT-CSouth,195.18,15
2026-07-26T18:45:00Z,IT-North,195.18,15
2026-07-26T18:45:00Z,IT-Sardinia,195.18,15
2026-07-26T18:45:00Z,IT-Sicily,268.33,15
2026-07-26T18:45:00Z,IT-South,195.18,15
2026-07-26T18:45:00Z,LT,143.87,15
2026-07-26T18:45:00Z,LV,143.87,15
2026-07-26T18:45:00Z,NL,156.78,15
2026-07-26T18:45:00Z,NO1,141.80,15
2026-07-26T18:45:00Z,NO2,144.04,15
2026-07-26T18:45:00Z,NO3,33.64,15
2026-07-26T18:45:00Z,NO5,130.99,15
2026-07-26T18:45:00Z,PL,156.87,15
2026-07-26T18:45:00Z,PT,144.10,15
2026-07-26T18:45:00Z,RO,157.53,15
2026-07-26T18:45:00Z,SE1,12.97,15
2026-07-26T18:45:00Z,SE2,14.78,15
2026-07-26T18:45:00Z,SE3,89.34,15
2026-07-26T18:45:00Z,SE4,143.93,15
2026-07-26T18:45:00Z,SI,157.02,15
2026-07-26T18:45:00Z,SK,157.57,15
2026-07-26T19:00:00Z,AT,146.81,15
2026-07-26T19:00:00Z,BE,155.28,15
2026-07-26T19:00:00Z,CH,159.80,60
2026-07-26T19:00:00Z,CZ,150.30,15
2026-07-26T19:00:00Z,DE-LU,156.05,15
2026-07-26T19:00:00Z,DK1,159.86,15
2026-07-26T19:00:00Z,DK2,157.76,15
2026-07-26T19:00:00Z,EE,146.48,15
2026-07-26T19:00:00Z,ES,139.19,15
2026-07-26T19:00:00Z,FI,4.98,15
2026-07-26T19:00:00Z,FR,73.49,15
2026-07-26T19:00:00Z,GR,116.92,15
2026-07-26T19:00:00Z,HR,143.30,15
2026-07-26T19:00:00Z,HU,147.48,15
2026-07-26T19:00:00Z,IT-CNorth,204.50,15
2026-07-26T19:00:00Z,IT-CSouth,204.50,15
2026-07-26T19:00:00Z,IT-North,200.00,15
2026-07-26T19:00:00Z,IT-Sardinia,204.50,15
2026-07-26T19:00:00Z,IT-Sicily,252.80,15
2026-07-26T19:00:00Z,IT-South,204.50,15
2026-07-26T19:00:00Z,LT,146.48,15
2026-07-26T19:00:00Z,LV,146.48,15
2026-07-26T19:00:00Z,NL,158.59,15
2026-07-26T19:00:00Z,NO1,144.09,15
2026-07-26T19:00:00Z,NO2,146.57,15
2026-07-26T19:00:00Z,NO3,24.37,15
2026-07-26T19:00:00Z,NO4,9.88,15
2026-07-26T19:00:00Z,NO5,132.07,15
2026-07-26T19:00:00Z,PL,151.37,15
2026-07-26T19:00:00Z,PT,152.39,15
2026-07-26T19:00:00Z,RO,146.77,15
2026-07-26T19:00:00Z,RS,100.03,15
2026-07-26T19:00:00Z,SE1,11.24,15
2026-07-26T19:00:00Z,SE2,12.39,15
2026-07-26T19:00:00Z,SE3,90.60,15
2026-07-26T19:00:00Z,SE4,146.51,15
2026-07-26T19:00:00Z,SI,142.50,15
2026-07-26T19:00:00Z,SK,148.97,15
2026-07-26T19:15:00Z,AT,144.68,15
2026-07-26T19:15:00Z,BE,160.00,15
2026-07-26T19:15:00Z,CZ,147.88,15
2026-07-26T19:15:00Z,DE-LU,152.17,15
2026-07-26T19:15:00Z,DK1,154.47,15
2026-07-26T19:15:00Z,DK2,153.08,15
2026-07-26T19:15:00Z,EE,5.59,15
2026-07-26T19:15:00Z,ES,139.12,15
2026-07-26T19:15:00Z,FI,4.99,15
2026-07-26T19:15:00Z,FR,111.48,15
2026-07-26T19:15:00Z,GR,119.90,15
2026-07-26T19:15:00Z,HR,143.73,15
2026-07-26T19:15:00Z,HU,145.85,15
2026-07-26T19:15:00Z,IT-CNorth,200.00,15
2026-07-26T19:15:00Z,IT-CSouth,200.00,15
2026-07-26T19:15:00Z,IT-Sardinia,200.00,15
2026-07-26T19:15:00Z,IT-Sicily,268.33,15
2026-07-26T19:15:00Z,IT-South,200.00,15
2026-07-26T19:15:00Z,LT,145.81,15
2026-07-26T19:15:00Z,LV,145.81,15
2026-07-26T19:15:00Z,NL,156.17,15
2026-07-26T19:15:00Z,NO1,143.37,15
2026-07-26T19:15:00Z,NO2,145.89,15
2026-07-26T19:15:00Z,NO3,21.87,15
2026-07-26T19:15:00Z,NO4,9.89,15
2026-07-26T19:15:00Z,NO5,131.16,15
2026-07-26T19:15:00Z,PL,148.67,15
2026-07-26T19:15:00Z,PT,169.61,15
2026-07-26T19:15:00Z,RO,145.54,15
2026-07-26T19:15:00Z,SE1,10.67,15
2026-07-26T19:15:00Z,SE2,11.60,15
2026-07-26T19:15:00Z,SE3,90.02,15
2026-07-26T19:15:00Z,SE4,145.84,15
2026-07-26T19:15:00Z,SI,143.24,15
2026-07-26T19:15:00Z,SK,146.83,15
2026-07-26T19:30:00Z,AT,146.69,15
2026-07-26T19:30:00Z,BE,158.55,15
2026-07-26T19:30:00Z,CZ,147.39,15
2026-07-26T19:30:00Z,DE-LU,148.60,15
2026-07-26T19:30:00Z,DK1,149.51,15
2026-07-26T19:30:00Z,DK2,148.93,15
2026-07-26T19:30:00Z,EE,4.96,15
2026-07-26T19:30:00Z,ES,140.00,15
2026-07-26T19:30:00Z,FI,4.96,15
2026-07-26T19:30:00Z,FR,140.37,15
2026-07-26T19:30:00Z,GR,122.93,15
2026-07-26T19:30:00Z,HR,146.55,15
2026-07-26T19:30:00Z,HU,146.98,15
2026-07-26T19:30:00Z,IT-CNorth,195.18,15
2026-07-26T19:30:00Z,IT-CSouth,195.18,15
2026-07-26T19:30:00Z,IT-North,195.18,15
2026-07-26T19:30:00Z,IT-Sardinia,195.18,15
2026-07-26T19:30:00Z,IT-Sicily,200.61,15
2026-07-26T19:30:00Z,IT-South,195.18,15
2026-07-26T19:30:00Z,LT,144.79,15
2026-07-26T19:30:00Z,LV,144.79,15
2026-07-26T19:30:00Z,NL,152.21,15
2026-07-26T19:30:00Z,NO1,142.36,15
2026-07-26T19:30:00Z,NO2,144.87,15
2026-07-26T19:30:00Z,NO3,21.57,15
2026-07-26T19:30:00Z,NO4,9.90,15
2026-07-26T19:30:00Z,NO5,130.22,15
2026-07-26T19:30:00Z,PL,147.63,15
2026-07-26T19:30:00Z,PT,170.00,15
2026-07-26T19:30:00Z,RO,146.93,15
2026-07-26T19:30:00Z,SE1,10.59,15
2026-07-26T19:30:00Z,SE2,11.50,15
2026-07-26T19:30:00Z,SE3,89.38,15
2026-07-26T19:30:00Z,SE4,144.82,15
2026-07-26T19:30:00Z,SI,146.45,15
2026-07-26T19:30:00Z,SK,147.19,15
2026-07-26T19:45:00Z,AT,145.34,15
2026-07-26T19:45:00Z,BE,155.34,15
2026-07-26T19:45:00Z,CZ,145.93,15
2026-07-26T19:45:00Z,DE-LU,146.95,15
2026-07-26T19:45:00Z,DK1,147.71,15
2026-07-26T19:45:00Z,DK2,147.23,15
2026-07-26T19:45:00Z,EE,4.03,15
2026-07-26T19:45:00Z,ES,139.22,15
2026-07-26T19:45:00Z,FI,3.99,15
2026-07-26T19:45:00Z,FR,140.00,15
2026-07-26T19:45:00Z,GR,120.41,15
2026-07-26T19:45:00Z,HR,145.22,15
2026-07-26T19:45:00Z,HU,145.59,15
2026-07-26T19:45:00Z,IT-Sicily,206.54,15
2026-07-26T19:45:00Z,LT,143.39,15
2026-07-26T19:45:00Z,LV,143.39,15
2026-07-26T19:45:00Z,NL,149.99,15
2026-07-26T19:45:00Z,NO1,140.87,15
2026-07-26T19:45:00Z,NO2,143.43,15
2026-07-26T19:45:00Z,NO3,17.52,15
2026-07-26T19:45:00Z,NO4,9.92,15
2026-07-26T19:45:00Z,NO5,128.46,15
2026-07-26T19:45:00Z,PL,146.13,15
2026-07-26T19:45:00Z,PT,174.50,15
2026-07-26T19:45:00Z,RO,145.54,15
2026-07-26T19:45:00Z,SE1,9.27,15
2026-07-26T19:45:00Z,SE2,9.80,15
2026-07-26T19:45:00Z,SE3,87.96,15
2026-07-26T19:45:00Z,SE4,143.40,15
2026-07-26T19:45:00Z,SI,145.14,15
2026-07-26T19:45:00Z,SK,145.76,15
2026-07-26T20:00:00Z,AT,152.31,15
2026-07-26T20:00:00Z,BE,168.84,15
2026-07-26T20:00:00Z,CH,157.43,60
2026-07-26T20:00:00Z,CZ,153.29,15
2026-07-26T20:00:00Z,DE-LU,154.96,15
2026-07-26T20:00:00Z,DK1,156.28,15
2026-07-26T20:00:00Z,DK2,155.47,15
2026-07-26T20:00:00Z,EE,20.00,15
2026-07-26T20:00:00Z,ES,142.34,15
2026-07-26T20:00:00Z,FI,5.30,15
2026-07-26T20:00:00Z,FR,143.37,15
2026-07-26T20:00:00Z,GR,116.82,15
2026-07-26T20:00:00Z,HR,152.11,15
2026-07-26T20:00:00Z,HU,152.72,15
2026-07-26T20:00:00Z,IT-CNorth,201.89,15
2026-07-26T20:00:00Z,IT-CSouth,201.89,15
2026-07-26T20:00:00Z,IT-North,201.84,15
2026-07-26T20:00:00Z,IT-Sardinia,201.89,15
2026-07-26T20:00:00Z,IT-Sicily,268.33,15
2026-07-26T20:00:00Z,IT-South,201.89,15
2026-07-26T20:00:00Z,LT,147.04,15
2026-07-26T20:00:00Z,LV,147.04,15
2026-07-26T20:00:00Z,NL,160.07,15
2026-07-26T20:00:00Z,NO1,144.28,15
2026-07-26T20:00:00Z,NO2,147.03,15
2026-07-26T20:00:00Z,NO3,10.47,15
2026-07-26T20:00:00Z,NO4,9.56,15
2026-07-26T20:00:00Z,NO5,130.70,15
2026-07-26T20:00:00Z,PL,153.63,15
2026-07-26T20:00:00Z,PT,177.46,15
2026-07-26T20:00:00Z,RO,152.64,15
2026-07-26T20:00:00Z,RS,124.09,15
2026-07-26T20:00:00Z,SE1,8.04,15
2026-07-26T20:00:00Z,SE2,8.10,15
2026-07-26T20:00:00Z,SE3,89.99,15
2026-07-26T20:00:00Z,SE4,147.04,15
2026-07-26T20:00:00Z,SI,151.96,15
2026-07-26T20:00:00Z,SK,153.02,15
2026-07-26T20:15:00Z,AT,148.66,15
2026-07-26T20:15:00Z,BE,152.07,15
2026-07-26T20:15:00Z,CZ,148.86,15
2026-07-26T20:15:00Z,DE-LU,149.21,15
2026-07-26T20:15:00Z,DK1,149.48,15
2026-07-26T20:15:00Z,DK2,149.31,15
2026-07-26T20:15:00Z,EE,15.02,15
2026-07-26T20:15:00Z,ES,135.94,15
2026-07-26T20:15:00Z,FI,4.99,15
2026-07-26T20:15:00Z,FR,146.81,15
2026-07-26T20:15:00Z,GR,116.81,15
2026-07-26T20:15:00Z,HR,148.62,15
2026-07-26T20:15:00Z,HU,148.74,15
2026-07-26T20:15:00Z,IT-CNorth,208.28,15
2026-07-26T20:15:00Z,IT-CSouth,208.28,15
2026-07-26T20:15:00Z,IT-Sardinia,208.28,15
2026-07-26T20:15:00Z,IT-Sicily,208.28,15
2026-07-26T20:15:00Z,IT-South,208.28,15
2026-07-26T20:15:00Z,LT,144.45,15
2026-07-26T20:15:00Z,LV,144.45,15
2026-07-26T20:15:00Z,NL,150.26,15
2026-07-26T20:15:00Z,NO1,141.74,15
2026-07-26T20:15:00Z,NO2,144.44,15
2026-07-26T20:15:00Z,NO3,10.38,15
2026-07-26T20:15:00Z,NO4,9.43,15
2026-07-26T20:15:00Z,NO5,128.41,15
2026-07-26T20:15:00Z,PL,148.93,15
2026-07-26T20:15:00Z,PT,177.00,15
2026-07-26T20:15:00Z,RO,148.73,15
2026-07-26T20:15:00Z,SE1,7.84,15
2026-07-26T20:15:00Z,SE2,7.91,15
2026-07-26T20:15:00Z,SE3,88.36,15
2026-07-26T20:15:00Z,SE4,144.45,15
2026-07-26T20:15:00Z,SI,148.59,15
2026-07-26T20:15:00Z,SK,148.81,15
2026-07-26T20:30:00Z,AT,147.98,15
2026-07-26T20:30:00Z,BE,147.98,15
2026-07-26T20:30:00Z,CZ,147.98,15
2026-07-26T20:30:00Z,DE-LU,147.98,15
2026-07-26T20:30:00Z,DK1,147.98,15
2026-07-26T20:30:00Z,DK2,147.98,15
2026-07-26T20:30:00Z,EE,5.93,15
2026-07-26T20:30:00Z,ES,131.41,15
2026-07-26T20:30:00Z,FI,3.69,15
2026-07-26T20:30:00Z,FR,147.98,15
2026-07-26T20:30:00Z,GR,117.81,15
2026-07-26T20:30:00Z,HR,147.98,15
2026-07-26T20:30:00Z,HU,147.98,15
2026-07-26T20:30:00Z,IT-CNorth,241.05,15
2026-07-26T20:30:00Z,IT-CSouth,241.05,15
2026-07-26T20:30:00Z,IT-North,201.70,15
2026-07-26T20:30:00Z,IT-Sardinia,241.05,15
2026-07-26T20:30:00Z,IT-Sicily,247.17,15
2026-07-26T20:30:00Z,IT-South,241.05,15
2026-07-26T20:30:00Z,LT,141.69,15
2026-07-26T20:30:00Z,LV,141.69,15
2026-07-26T20:30:00Z,NL,147.98,15
2026-07-26T20:30:00Z,NO1,139.04,15
2026-07-26T20:30:00Z,NO2,141.68,15
2026-07-26T20:30:00Z,NO4,9.20,15
2026-07-26T20:30:00Z,NO5,125.98,15
2026-07-26T20:30:00Z,PL,147.98,15
2026-07-26T20:30:00Z,PT,175.41,15
2026-07-26T20:30:00Z,RO,147.98,15
2026-07-26T20:30:00Z,SE1,7.23,15
2026-07-26T20:30:00Z,SE2,7.31,15
2026-07-26T20:30:00Z,SE3,86.35,15
2026-07-26T20:30:00Z,SE4,141.69,15
2026-07-26T20:30:00Z,SI,147.98,15
2026-07-26T20:30:00Z,SK,147.98,15
2026-07-26T20:45:00Z,AT,139.84,15
2026-07-26T20:45:00Z,BE,139.84,15
2026-07-26T20:45:00Z,CZ,139.84,15
2026-07-26T20:45:00Z,DE-LU,139.84,15
2026-07-26T20:45:00Z,DK1,139.84,15
2026-07-26T20:45:00Z,DK2,139.84,15
2026-07-26T20:45:00Z,EE,5.82,15
2026-07-26T20:45:00Z,ES,128.00,15
2026-07-26T20:45:00Z,FI,3.52,15
2026-07-26T20:45:00Z,FR,139.84,15
2026-07-26T20:45:00Z,GR,139.84,15
2026-07-26T20:45:00Z,HR,139.84,15
2026-07-26T20:45:00Z,HU,139.84,15
2026-07-26T20:45:00Z,IT-CNorth,204.50,15
2026-07-26T20:45:00Z,IT-CSouth,204.50,15
2026-07-26T20:45:00Z,IT-North,194.62,15
2026-07-26T20:45:00Z,IT-Sardinia,204.50,15
2026-07-26T20:45:00Z,IT-Sicily,204.50,15
2026-07-26T20:45:00Z,IT-South,204.50,15
2026-07-26T20:45:00Z,LT,138.17,15
2026-07-26T20:45:00Z,LV,138.17,15
2026-07-26T20:45:00Z,NL,139.84,15
2026-07-26T20:45:00Z,NO1,135.58,15
2026-07-26T20:45:00Z,NO2,138.17,15
2026-07-26T20:45:00Z,NO3,10.10,15
2026-07-26T20:45:00Z,NO4,8.94,15
2026-07-26T20:45:00Z,NO5,122.85,15
2026-07-26T20:45:00Z,PL,139.84,15
2026-07-26T20:45:00Z,PT,169.61,15
2026-07-26T20:45:00Z,RO,139.84,15
2026-07-26T20:45:00Z,SE1,7.00,15
2026-07-26T20:45:00Z,SE2,7.08,15
2026-07-26T20:45:00Z,SE3,84.18,15
2026-07-26T20:45:00Z,SE4,138.17,15
2026-07-26T20:45:00Z,SI,139.84,15
2026-07-26T20:45:00Z,SK,139.84,15
2026-07-26T21:00:00Z,AT,145.35,15
2026-07-26T21:00:00Z,BE,145.35,15
2026-07-26T21:00:00Z,CH,147.80,60
2026-07-26T21:00:00Z,CZ,145.35,15
2026-07-26T21:00:00Z,DE-LU,145.35,15
2026-07-26T21:00:00Z,DK1,145.35,15
2026-07-26T21:00:00Z,DK2,145.35,15
2026-07-26T21:00:00Z,EE,5.75,15
2026-07-26T21:00:00Z,ES,139.19,15
2026-07-26T21:00:00Z,FI,3.68,15
2026-07-26T21:00:00Z,FR,145.35,15
2026-07-26T21:00:00Z,GR,145.35,15
2026-07-26T21:00:00Z,HR,145.35,15
2026-07-26T21:00:00Z,HU,145.35,15
2026-07-26T21:00:00Z,IT-CNorth,216.03,15
2026-07-26T21:00:00Z,IT-CSouth,216.03,15
2026-07-26T21:00:00Z,IT-North,201.84,15
2026-07-26T21:00:00Z,IT-Sardinia,216.03,15
2026-07-26T21:00:00Z,IT-Sicily,216.03,15
2026-07-26T21:00:00Z,IT-South,216.03,15
2026-07-26T21:00:00Z,LT,140.29,15
2026-07-26T21:00:00Z,LV,140.29,15
2026-07-26T21:00:00Z,NL,145.35,15
2026-07-26T21:00:00Z,NO1,137.66,15
2026-07-26T21:00:00Z,NO2,140.29,15
2026-07-26T21:00:00Z,NO3,9.91,15
2026-07-26T21:00:00Z,NO4,8.81,15
2026-07-26T21:00:00Z,NO5,124.07,15
2026-07-26T21:00:00Z,PL,145.35,15
2026-07-26T21:00:00Z,PT,164.00,15
2026-07-26T21:00:00Z,RO,145.35,15
2026-07-26T21:00:00Z,RS,91.09,15
2026-07-26T21:00:00Z,SE1,7.06,15
2026-07-26T21:00:00Z,SE2,6.96,15
2026-07-26T21:00:00Z,SE3,86.47,15
2026-07-26T21:00:00Z,SE4,140.29,15
2026-07-26T21:00:00Z,SI,145.35,15
2026-07-26T21:00:00Z,SK,145.35,15
2026-07-26T21:15:00Z,AT,138.09,15
2026-07-26T21:15:00Z,BE,138.09,15
2026-07-26T21:15:00Z,CZ,138.09,15
2026-07-26T21:15:00Z,DE-LU,138.09,15
2026-07-26T21:15:00Z,DK1,138.09,15
2026-07-26T21:15:00Z,DK2,138.09,15
2026-07-26T21:15:00Z,EE,5.60,15
2026-07-26T21:15:00Z,ES,142.36,15
2026-07-26T21:15:00Z,FI,3.53,15
2026-07-26T21:15:00Z,FR,138.09,15
2026-07-26T21:15:00Z,GR,138.09,15
2026-07-26T21:15:00Z,HR,138.09,15
2026-07-26T21:15:00Z,HU,138.09,15
2026-07-26T21:15:00Z,IT-CNorth,200.00,15
2026-07-26T21:15:00Z,IT-CSouth,200.00,15
2026-07-26T21:15:00Z,IT-North,200.00,15
2026-07-26T21:15:00Z,IT-Sardinia,200.00,15
2026-07-26T21:15:00Z,IT-Sicily,200.00,15
2026-07-26T21:15:00Z,IT-South,200.00,15
2026-07-26T21:15:00Z,LT,133.81,15
2026-07-26T21:15:00Z,LV,133.81,15
2026-07-26T21:15:00Z,NL,138.09,15
2026-07-26T21:15:00Z,NO1,131.31,15
2026-07-26T21:15:00Z,NO2,133.80,15
2026-07-26T21:15:00Z,NO3,9.94,15
2026-07-26T21:15:00Z,NO5,118.40,15
2026-07-26T21:15:00Z,PL,138.09,15
2026-07-26T21:15:00Z,PT,148.99,15
2026-07-26T21:15:00Z,RO,138.09,15
2026-07-26T21:15:00Z,SE1,7.01,15
2026-07-26T21:15:00Z,SE2,6.90,15
2026-07-26T21:15:00Z,SE3,82.54,15
2026-07-26T21:15:00Z,SE4,133.81,15
2026-07-26T21:15:00Z,SI,138.09,15
2026-07-26T21:15:00Z,SK,138.09,15
2026-07-26T21:30:00Z,AT,136.73,15
2026-07-26T21:30:00Z,BE,136.73,15
2026-07-26T21:30:00Z,CZ,136.73,15
2026-07-26T21:30:00Z,DE-LU,136.73,15
2026-07-26T21:30:00Z,DK1,136.73,15
2026-07-26T21:30:00Z,DK2,136.73,15
2026-07-26T21:30:00Z,EE,4.01,15
2026-07-26T21:30:00Z,ES,139.19,15
2026-07-26T21:30:00Z,FI,3.35,15
2026-07-26T21:30:00Z,FR,136.73,15
2026-07-26T21:30:00Z,GR,136.73,15
2026-07-26T21:30:00Z,HR,136.73,15
2026-07-26T21:30:00Z,HU,136.73,15
2026-07-26T21:30:00Z,IT-CNorth,184.87,15
2026-07-26T21:30:00Z,IT-CSouth,184.87,15
2026-07-26T21:30:00Z,IT-North,184.87,15
2026-07-26T21:30:00Z,IT-Sardinia,184.87,15
2026-07-26T21:30:00Z,IT-Sicily,184.87,15
2026-07-26T21:30:00Z,IT-South,184.87,15
2026-07-26T21:30:00Z,LT,132.50,15
2026-07-26T21:30:00Z,LV,132.50,15
2026-07-26T21:30:00Z,NL,136.73,15
2026-07-26T21:30:00Z,NO1,130.03,15
2026-07-26T21:30:00Z,NO2,132.49,15
2026-07-26T21:30:00Z,NO3,9.81,15
2026-07-26T21:30:00Z,NO4,8.66,15
2026-07-26T21:30:00Z,NO5,117.23,15
2026-07-26T21:30:00Z,PL,136.73,15
2026-07-26T21:30:00Z,PT,144.10,15
2026-07-26T21:30:00Z,RO,136.73,15
2026-07-26T21:30:00Z,SE1,6.85,15
2026-07-26T21:30:00Z,SE2,6.75,15
2026-07-26T21:30:00Z,SE3,81.69,15
2026-07-26T21:30:00Z,SE4,132.50,15
2026-07-26T21:30:00Z,SI,136.73,15
2026-07-26T21:30:00Z,SK,136.73,15
2026-07-26T21:45:00Z,AT,127.01,15
2026-07-26T21:45:00Z,BE,127.01,15
2026-07-26T21:45:00Z,CZ,127.01,15
2026-07-26T21:45:00Z,DE-LU,127.01,15
2026-07-26T21:45:00Z,DK1,127.01,15
2026-07-26T21:45:00Z,DK2,127.01,15
2026-07-26T21:45:00Z,ES,134.93,15
2026-07-26T21:45:00Z,FI,2.15,15
2026-07-26T21:45:00Z,FR,127.01,15
2026-07-26T21:45:00Z,GR,127.01,15
2026-07-26T21:45:00Z,HR,127.01,15
2026-07-26T21:45:00Z,HU,127.01,15
2026-07-26T21:45:00Z,IT-CNorth,167.18,15
2026-07-26T21:45:00Z,IT-CSouth,167.18,15
2026-07-26T21:45:00Z,IT-North,167.18,15
2026-07-26T21:45:00Z,IT-Sardinia,167.18,15
2026-07-26T21:45:00Z,IT-Sicily,167.18,15
2026-07-26T21:45:00Z,IT-South,167.18,15
2026-07-26T21:45:00Z,LT,126.87,15
2026-07-26T21:45:00Z,LV,126.87,15
2026-07-26T21:45:00Z,NL,127.01,15
2026-07-26T21:45:00Z,NO1,124.51,15
2026-07-26T21:45:00Z,NO2,126.86,15
2026-07-26T21:45:00Z,NO3,10.08,15
2026-07-26T21:45:00Z,NO4,8.68,15
2026-07-26T21:45:00Z,NO5,112.34,15
2026-07-26T21:45:00Z,PL,127.01,15
2026-07-26T21:45:00Z,PT,140.08,15
2026-07-26T21:45:00Z,RO,127.01,15
2026-07-26T21:45:00Z,SE1,6.45,15
2026-07-26T21:45:00Z,SE2,6.32,15
2026-07-26T21:45:00Z,SE3,78.01,15
2026-07-26T21:45:00Z,SE4,126.87,15
2026-07-26T21:45:00Z,SI,127.01,15
2026-07-26T21:45:00Z,SK,127.01,15
2026-07-26T22:00:00Z,AT,149.17,15
2026-07-26T22:00:00Z,BE,73.32,15
2026-07-26T22:00:00Z,CH,145.00,60
2026-07-26T22:00:00Z,CZ,116.58,15
2026-07-26T22:00:00Z,DE-LU,84.26,15
2026-07-26T22:00:00Z,DK1,81.91,15
2026-07-26T22:00:00Z,DK2,83.42,15
2026-07-26T22:00:00Z,EE,28.66,15
2026-07-26T22:00:00Z,ES,155.69,15
2026-07-26T22:00:00Z,FI,6.42,15
2026-07-26T22:00:00Z,FR,22.55,15
2026-07-26T22:00:00Z,GR,130.82,15
2026-07-26T22:00:00Z,HR,134.37,15
2026-07-26T22:00:00Z,HU,131.17,15
2026-07-26T22:00:00Z,IT-CNorth,202.30,15
2026-07-26T22:00:00Z,IT-CSouth,202.30,15
2026-07-26T22:00:00Z,IT-North,182.82,15
2026-07-26T22:00:00Z,IT-Sardinia,202.30,15
2026-07-26T22:00:00Z,IT-Sicily,202.30,15
2026-07-26T22:00:00Z,IT-South,202.30,15
2026-07-26T22:00:00Z,LT,84.33,15
2026-07-26T22:00:00Z,LV,84.33,15
2026-07-26T22:00:00Z,NL,77.22,15
2026-07-26T22:00:00Z,NO1,112.69,15
2026-07-26T22:00:00Z,NO2,116.67,15
2026-07-26T22:00:00Z,NO3,53.78,15
2026-07-26T22:00:00Z,NO4,8.74,15
2026-07-26T22:00:00Z,NO5,110.28,15
2026-07-26T22:00:00Z,PL,110.56,15
2026-07-26T22:00:00Z,PT,166.40,15
2026-07-26T22:00:00Z,RO,130.66,15
2026-07-26T22:00:00Z,RS,117.00,15
2026-07-26T22:00:00Z,SE1,6.36,15
2026-07-26T22:00:00Z,SE2,6.06,15
2026-07-26T22:00:00Z,SE3,52.92,15
2026-07-26T22:00:00Z,SE4,83.68,15
2026-07-26T22:00:00Z,SI,136.46,15
2026-07-26T22:00:00Z,SK,125.58,15
2026-07-26T22:15:00Z,AT,119.38,15
2026-07-26T22:15:00Z,BE,76.30,15
2026-07-26T22:15:00Z,CZ,104.64,15
2026-07-26T22:15:00Z,DE-LU,88.77,15
2026-07-26T22:15:00Z,DK1,87.14,15
2026-07-26T22:15:00Z,DK2,88.74,15
2026-07-26T22:15:00Z,EE,7.09,15
2026-07-26T22:15:00Z,ES,155.68,15
2026-07-26T22:15:00Z,FI,7.09,15
2026-07-26T22:15:00Z,FR,19.60,15
2026-07-26T22:15:00Z,GR,128.46,15
2026-07-26T22:15:00Z,HR,114.11,15
2026-07-26T22:15:00Z,HU,111.54,15
2026-07-26T22:15:00Z,IT-CNorth,202.90,15
2026-07-26T22:15:00Z,IT-CSouth,202.90,15
2026-07-26T22:15:00Z,IT-North,195.18,15
2026-07-26T22:15:00Z,IT-Sardinia,202.90,15
2026-07-26T22:15:00Z,IT-Sicily,202.90,15
2026-07-26T22:15:00Z,IT-South,202.90,15
2026-07-26T22:15:00Z,LT,89.70,15
2026-07-26T22:15:00Z,LV,89.70,15
2026-07-26T22:15:00Z,NL,79.81,15
2026-07-26T22:15:00Z,NO1,108.65,15
2026-07-26T22:15:00Z,NO2,112.60,15
2026-07-26T22:15:00Z,NO3,50.86,15
2026-07-26T22:15:00Z,NO4,8.69,15
2026-07-26T22:15:00Z,NO5,105.90,15
2026-07-26T22:15:00Z,PL,101.87,15
2026-07-26T22:15:00Z,PT,165.00,15
2026-07-26T22:15:00Z,RO,111.56,15
2026-07-26T22:15:00Z,SE1,7.04,15
2026-07-26T22:15:00Z,SE2,6.87,15
2026-07-26T22:15:00Z,SE3,56.47,15
2026-07-26T22:15:00Z,SE4,89.01,15
2026-07-26T22:15:00Z,SI,115.21,15
2026-07-26T22:15:00Z,SK,108.80,15
2026-07-26T22:30:00Z,AT,121.39,15
2026-07-26T22:30:00Z,BE,73.97,15
2026-07-26T22:30:00Z,CZ,104.57,15
2026-07-26T22:30:00Z,DE-LU,86.68,15
2026-07-26T22:30:00Z,DK1,84.93,15
2026-07-26T22:30:00Z,DK2,87.56,15
2026-07-26T22:30:00Z,EE,8.27,15
2026-07-26T22:30:00Z,ES,153.66,15
2026-07-26T22:30:00Z,FI,8.27,15
2026-07-26T22:30:00Z,FR,24.15,15
2026-07-26T22:30:00Z,GR,126.72,15
2026-07-26T22:30:00Z,HR,115.02,15
2026-07-26T22:30:00Z,HU,112.37,15
2026-07-26T22:30:00Z,IT-CNorth,201.70,15
2026-07-26T22:30:00Z,IT-CSouth,201.70,15
2026-07-26T22:30:00Z,IT-North,180.22,15
2026-07-26T22:30:00Z,IT-Sardinia,201.70,15
2026-07-26T22:30:00Z,IT-Sicily,201.70,15
2026-07-26T22:30:00Z,IT-South,201.70,15
2026-07-26T22:30:00Z,LT,88.46,15
2026-07-26T22:30:00Z,LV,88.46,15
2026-07-26T22:30:00Z,NL,77.49,15
2026-07-26T22:30:00Z,NO1,98.20,15
2026-07-26T22:30:00Z,NO2,101.80,15
2026-07-26T22:30:00Z,NO3,46.04,15
2026-07-26T22:30:00Z,NO4,8.70,15
2026-07-26T22:30:00Z,NO5,95.40,15
2026-07-26T22:30:00Z,PL,101.40,15
2026-07-26T22:30:00Z,PT,155.17,15
2026-07-26T22:30:00Z,RO,112.32,15
2026-07-26T22:30:00Z,SE1,8.23,15
2026-07-26T22:30:00Z,SE2,8.27,15
2026-07-26T22:30:00Z,SE3,56.31,15
2026-07-26T22:30:00Z,SE4,87.81,15
2026-07-26T22:30:00Z,SI,116.24,15
2026-07-26T22:30:00Z,SK,109.29,15
2026-07-26T22:45:00Z,AT,109.34,15
2026-07-26T22:45:00Z,BE,67.86,15
2026-07-26T22:45:00Z,CZ,98.05,15
2026-07-26T22:45:00Z,DE-LU,84.46,15
2026-07-26T22:45:00Z,DK1,82.41,15
2026-07-26T22:45:00Z,DK2,84.46,15
2026-07-26T22:45:00Z,EE,9.99,15
2026-07-26T22:45:00Z,ES,150.62,15
2026-07-26T22:45:00Z,FI,9.99,15
2026-07-26T22:45:00Z,FR,0.00,15
2026-07-26T22:45:00Z,GR,125.94,15
2026-07-26T22:45:00Z,HR,106.72,15
2026-07-26T22:45:00Z,HU,103.63,15
2026-07-26T22:45:00Z,IT-CNorth,194.19,15
2026-07-26T22:45:00Z,IT-CSouth,194.19,15
2026-07-26T22:45:00Z,IT-North,163.50,15
2026-07-26T22:45:00Z,IT-Sardinia,194.19,15
2026-07-26T22:45:00Z,IT-Sicily,194.19,15
2026-07-26T22:45:00Z,IT-South,194.19,15
2026-07-26T22:45:00Z,LT,85.28,15
2026-07-26T22:45:00Z,LV,85.28,15
2026-07-26T22:45:00Z,NL,72.69,15
2026-07-26T22:45:00Z,NO1,82.23,15
2026-07-26T22:45:00Z,NO2,85.27,15
2026-07-26T22:45:00Z,NO3,38.85,15
2026-07-26T22:45:00Z,NO4,8.75,15
2026-07-26T22:45:00Z,NO5,79.42,15
2026-07-26T22:45:00Z,PL,100.48,15
2026-07-26T22:45:00Z,PT,147.82,15
2026-07-26T22:45:00Z,RO,103.88,15
2026-07-26T22:45:00Z,SE1,9.98,15
2026-07-26T22:45:00Z,SE2,10.30,15
2026-07-26T22:45:00Z,SE3,55.25,15
2026-07-26T22:45:00Z,SE4,84.69,15
2026-07-26T22:45:00Z,SI,107.73,15
2026-07-26T22:45:00Z,SK,101.31,15
2026-07-26T23:00:00Z,AT,129.69,15
2026-07-26T23:00:00Z,BE,73.92,15
2026-07-26T23:00:00Z,CH,140.10,60
2026-07-26T23:00:00Z,CZ,106.44,15
2026-07-26T23:00:00Z,DE-LU,82.40,15
2026-07-26T23:00:00Z,DK1,80.77,15
2026-07-26T23:00:00Z,DK2,82.25,15
2026-07-26T23:00:00Z,EE,10.75,15
2026-07-26T23:00:00Z,ES,150.99,15
2026-07-26T23:00:00Z,FI,10.76,15
2026-07-26T23:00:00Z,FR,21.58,15
2026-07-26T23:00:00Z,GR,125.64,15
2026-07-26T23:00:00Z,HR,119.84,15
2026-07-26T23:00:00Z,HU,116.99,15
2026-07-26T23:00:00Z,IT-CNorth,186.00,15
2026-07-26T23:00:00Z,IT-CSouth,186.00,15
2026-07-26T23:00:00Z,IT-North,161.08,15
2026-07-26T23:00:00Z,IT-Sardinia,186.00,15
2026-07-26T23:00:00Z,IT-Sicily,186.00,15
2026-07-26T23:00:00Z,IT-South,186.00,15
2026-07-26T23:00:00Z,LT,82.10,15
2026-07-26T23:00:00Z,LV,82.10,15
2026-07-26T23:00:00Z,NL,76.86,15
2026-07-26T23:00:00Z,NO1,82.88,15
2026-07-26T23:00:00Z,NO2,83.03,15
2026-07-26T23:00:00Z,NO3,78.76,15
2026-07-26T23:00:00Z,NO4,8.62,15
2026-07-26T23:00:00Z,NO5,82.74,15
2026-07-26T23:00:00Z,PL,102.33,15
2026-07-26T23:00:00Z,PT,147.58,15
2026-07-26T23:00:00Z,RO,116.78,15
2026-07-26T23:00:00Z,RS,85.01,15
2026-07-26T23:00:00Z,SE1,5.69,15
2026-07-26T23:00:00Z,SE2,8.10,15
2026-07-26T23:00:00Z,SE3,47.11,15
2026-07-26T23:00:00Z,SE4,82.21,15
2026-07-26T23:00:00Z,SI,121.40,15
2026-07-26T23:00:00Z,SK,112.91,15
2026-07-26T23:15:00Z,AT,110.68,15
2026-07-26T23:15:00Z,BE,67.05,15
2026-07-26T23:15:00Z,CZ,93.51,15
2026-07-26T23:15:00Z,DE-LU,75.45,15
2026-07-26T23:15:00Z,DK1,74.01,15
2026-07-26T23:15:00Z,DK2,75.36,15
2026-07-26T23:15:00Z,EE,29.01,15
2026-07-26T23:15:00Z,ES,147.10,15
2026-07-26T23:15:00Z,FI,15.74,15
2026-07-26T23:15:00Z,FR,21.80,15
2026-07-26T23:15:00Z,GR,126.24,15
2026-07-26T23:15:00Z,HR,103.71,15
2026-07-26T23:15:00Z,HU,101.36,15
2026-07-26T23:15:00Z,IT-CNorth,180.00,15
2026-07-26T23:15:00Z,IT-CSouth,180.00,15
2026-07-26T23:15:00Z,IT-North,154.47,15
2026-07-26T23:15:00Z,IT-Sardinia,180.00,15
2026-07-26T23:15:00Z,IT-Sicily,180.00,15
2026-07-26T23:15:00Z,IT-South,180.00,15
2026-07-26T23:15:00Z,LT,75.11,15
2026-07-26T23:15:00Z,LV,75.11,15
2026-07-26T23:15:00Z,NL,70.16,15
2026-07-26T23:15:00Z,NO1,76.60,15
2026-07-26T23:15:00Z,NO2,76.38,15
2026-07-26T23:15:00Z,NO3,77.68,15
2026-07-26T23:15:00Z,NO4,8.63,15
2026-07-26T23:15:00Z,NO5,76.83,15
2026-07-26T23:15:00Z,PL,101.40,15
2026-07-26T23:15:00Z,PT,147.10,15
2026-07-26T23:15:00Z,RO,101.26,15
2026-07-26T23:15:00Z,SE1,10.01,15
2026-07-26T23:15:00Z,SE2,12.89,15
2026-07-26T23:15:00Z,SE3,45.40,15
2026-07-26T23:15:00Z,SE4,75.29,15
2026-07-26T23:15:00Z,SI,104.90,15
2026-07-26T23:15:00Z,SK,98.30,15
2026-07-26T23:30:00Z,AT,90.70,15
2026-07-26T23:30:00Z,BE,68.14,15
2026-07-26T23:30:00Z,CZ,79.76,15
2026-07-26T23:30:00Z,DE-LU,68.95,15
2026-07-26T23:30:00Z,DK1,68.55,15
2026-07-26T23:30:00Z,DK2,69.01,15
2026-07-26T23:30:00Z,EE,30.15,15
2026-07-26T23:30:00Z,ES,148.04,15
2026-07-26T23:30:00Z,FI,17.52,15
2026-07-26T23:30:00Z,FR,54.82,15
2026-07-26T23:30:00Z,GR,127.64,15
2026-07-26T23:30:00Z,HR,85.56,15
2026-07-26T23:30:00Z,HU,84.62,15
2026-07-26T23:30:00Z,IT-North,157.65,15
2026-07-26T23:30:00Z,LT,68.64,15
2026-07-26T23:30:00Z,LV,68.64,15
2026-07-26T23:30:00Z,NL,68.14,15
2026-07-26T23:30:00Z,NO1,71.37,15
2026-07-26T23:30:00Z,NO2,70.76,15
2026-07-26T23:30:00Z,NO4,8.64,15
2026-07-26T23:30:00Z,NO5,71.99,15
2026-07-26T23:30:00Z,PL,101.41,15
2026-07-26T23:30:00Z,PT,144.39,15
2026-07-26T23:30:00Z,RO,84.43,15
2026-07-26T23:30:00Z,SE1,13.09,15
2026-07-26T23:30:00Z,SE2,16.36,15
2026-07-26T23:30:00Z,SE3,43.21,15
2026-07-26T23:30:00Z,SE4,68.90,15
2026-07-26T23:30:00Z,SI,86.23,15
2026-07-26T23:30:00Z,SK,82.78,15
2026-07-26T23:45:00Z,AT,74.75,15
2026-07-26T23:45:00Z,BE,55.83,15
2026-07-26T23:45:00Z,CZ,65.00,15
2026-07-26T23:45:00Z,DE-LU,55.83,15
2026-07-26T23:45:00Z,DK1,55.65,15
2026-07-26T23:45:00Z,DK2,55.82,15
2026-07-26T23:45:00Z,EE,29.41,15
2026-07-26T23:45:00Z,ES,145.10,15
2026-07-26T23:45:00Z,FI,18.81,15
2026-07-26T23:45:00Z,FR,55.48,15
2026-07-26T23:45:00Z,GR,126.75,15
2026-07-26T23:45:00Z,HR,69.68,15
2026-07-26T23:45:00Z,HU,69.23,15
2026-07-26T23:45:00Z,IT-CNorth,170.00,15
2026-07-26T23:45:00Z,IT-CSouth,170.00,15
2026-07-26T23:45:00Z,IT-North,151.60,15
2026-07-26T23:45:00Z,IT-Sardinia,170.00,15
2026-07-26T23:45:00Z,IT-Sicily,170.00,15
2026-07-26T23:45:00Z,IT-South,170.00,15
2026-07-26T23:45:00Z,LT,54.92,15
2026-07-26T23:45:00Z,LV,54.92,15
2026-07-26T23:45:00Z,NL,55.66,15
2026-07-26T23:45:00Z,NO1,58.21,15
2026-07-26T23:45:00Z,NO2,57.45,15
2026-07-26T23:45:00Z,NO3,66.83,15
2026-07-26T23:45:00Z,NO4,8.66,15
2026-07-26T23:45:00Z,NO5,58.98,15
2026-07-26T23:45:00Z,PT,142.50,15
2026-07-26T23:45:00Z,RO,68.97,15
2026-07-26T23:45:00Z,SE1,16.84,15
2026-07-26T23:45:00Z,SE2,20.05,15
2026-07-26T23:45:00Z,SE3,37.77,15
2026-07-26T23:45:00Z,SE4,55.20,15
2026-07-26T23:45:00Z,SI,70.23,15
2026-07-26T23:45:00Z,SK,67.66,15
