timestamp_utc,zone,price_eur_mwh,resolution_min
2026-05-11T00:00:00Z,AT,120.23,15
2026-05-11T00:00:00Z,BE,90.61,15
2026-05-11T00:00:00Z,CH,121.08,60
2026-05-11T00:00:00Z,CZ,116.35,15
2026-05-11T00:00:00Z,DE-LU,111.10,15
2026-05-11T00:00:00Z,DK1,111.10,15
2026-05-11T00:00:00Z,DK2,111.10,15
2026-05-11T00:00:00Z,EE,65.62,15
2026-05-11T00:00:00Z,ES,58.15,15
2026-05-11T00:00:00Z,FI,65.60,15
2026-05-11T00:00:00Z,FR,18.47,15
2026-05-11T00:00:00Z,GR,119.29,15
2026-05-11T00:00:00Z,HR,121.00,15
2026-05-11T00:00:00Z,HU,118.90,15
2026-05-11T00:00:00Z,IT-CNorth,117.24,15
2026-05-11T00:00:00Z,IT-CSouth,117.24,15
2026-05-11T00:00:00Z,IT-North,117.24,15
2026-05-11T00:00:00Z,IT-Sardinia,117.24,15
2026-05-11T00:00:00Z,IT-Sicily,117.24,15
2026-05-11T00:00:00Z,IT-South,117.24,15
2026-05-11T00:00:00Z,LT,107.05,15
2026-05-11T00:00:00Z,LV,107.05,15
2026-05-11T00:00:00Z,NL,99.86,15
2026-05-11T00:00:00Z,NO1,111.22,15
2026-05-11T00:00:00Z,NO2,107.69,15
2026-05-11T00:00:00Z,NO3,111.81,15
2026-05-11T00:00:00Z,NO4,34.08,15
2026-05-11T00:00:00Z,NO5,115.16,15
2026-05-11T00:00:00Z,PL,115.39,15
2026-05-11T00:00:00Z,PT,58.15,15
2026-05-11T00:00:00Z,RO,119.29,15
2026-05-11T00:00:00Z,RS,103.88,15
2026-05-11T00:00:00Z,SE1,65.19,15
2026-05-11T00:00:00Z,SE2,78.00,15
2026-05-11T00:00:00Z,SE3,93.75,15
2026-05-11T00:00:00Z,SE4,107.52,15
2026-05-11T00:00:00Z,SI,121.42,15
2026-05-11T00:00:00Z,SK,117.56,15
2026-05-11T00:15:00Z,AT,117.64,15
2026-05-11T00:15:00Z,BE,97.12,15
2026-05-11T00:15:00Z,CZ,114.32,15
2026-05-11T00:15:00Z,DE-LU,109.87,15
2026-05-11T00:15:00Z,DK1,109.87,15
2026-05-11T00:15:00Z,DK2,109.87,15
2026-05-11T00:15:00Z,EE,65.00,15
2026-05-11T00:15:00Z,ES,57.20,15
2026-05-11T00:15:00Z,FI,64.98,15
2026-05-11T00:15:00Z,FR,13.78,15
2026-05-11T00:15:00Z,GR,116.91,15
2026-05-11T00:15:00Z,HR,118.41,15
2026-05-11T00:15:00Z,HU,116.56,15
2026-05-11T00:15:00Z,IT-CNorth,117.24,15
2026-05-11T00:15:00Z,IT-CSouth,117.24,15
2026-05-11T00:15:00Z,IT-North,117.24,15
2026-05-11T00:15:00Z,IT-Sardinia,117.24,15
2026-05-11T00:15:00Z,IT-Sicily,117.24,15
2026-05-11T00:15:00Z,IT-South,117.24,15
2026-05-11T00:15:00Z,LT,105.57,15
2026-05-11T00:15:00Z,LV,105.57,15
2026-05-11T00:15:00Z,NL,100.82,15
2026-05-11T00:15:00Z,NO1,110.66,15
2026-05-11T00:15:00Z,NO2,106.50,15
2026-05-11T00:15:00Z,NO3,112.38,15
2026-05-11T00:15:00Z,NO4,34.50,15
2026-05-11T00:15:00Z,NO5,115.32,15
2026-05-11T00:15:00Z,PL,113.53,15
2026-05-11T00:15:00Z,PT,57.20,15
2026-05-11T00:15:00Z,RO,116.91,15
2026-05-11T00:15:00Z,RS,103.88,15
2026-05-11T00:15:00Z,SE1,64.60,15
2026-05-11T00:15:00Z,SE2,77.99,15
2026-05-11T00:15:00Z,SE3,93.08,15
2026-05-11T00:15:00Z,SE4,106.15,15
2026-05-11T00:15:00Z,SI,118.77,15
2026-05-11T00:15:00Z,SK,115.39,15
2026-05-11T00:30:00Z,AT,118.34,15
2026-05-11T00:30:00Z,BE,96.55,15
2026-05-11T00:30:00Z,CZ,114.81,15
2026-05-11T00:30:00Z,DE-LU,110.09,15
2026-05-11T00:30:00Z,DK1,110.09,15
2026-05-11T00:30:00Z,DK2,110.09,15
2026-05-11T00:30:00Z,EE,65.21,15
2026-05-11T00:30:00Z,ES,56.03,15
2026-05-11T00:30:00Z,FI,65.19,15
2026-05-11T00:30:00Z,FR,8.00,15
2026-05-11T00:30:00Z,GR,117.57,15
2026-05-11T00:30:00Z,HR,119.16,15
2026-05-11T00:30:00Z,HU,117.20,15
2026-05-11T00:30:00Z,IT-CNorth,117.24,15
2026-05-11T00:30:00Z,IT-CSouth,117.24,15
2026-05-11T00:30:00Z,IT-North,117.24,15
2026-05-11T00:30:00Z,IT-Sardinia,117.24,15
2026-05-11T00:30:00Z,IT-Sicily,117.24,15
2026-05-11T00:30:00Z,IT-South,117.24,15
2026-05-11T00:30:00Z,LT,105.73,15
2026-05-11T00:30:00Z,LV,105.73,15
2026-05-11T00:30:00Z,NL,100.47,15
2026-05-11T00:30:00Z,NO1,110.72,15
2026-05-11T00:30:00Z,NO2,106.71,15
2026-05-11T00:30:00Z,NO3,112.00,15
2026-05-11T00:30:00Z,NO4,36.93,15
2026-05-11T00:30:00Z,NO5,115.20,15
2026-05-11T00:30:00Z,PL,113.97,15
2026-05-11T00:30:00Z,PT,56.03,15
2026-05-11T00:30:00Z,RO,117.57,15
2026-05-11T00:30:00Z,RS,103.88,15
2026-05-11T00:30:00Z,SE1,64.85,15
2026-05-11T00:30:00Z,SE2,77.99,15
2026-05-11T00:30:00Z,SE3,93.14,15
2026-05-11T00:30:00Z,SE4,106.32,15
2026-05-11T00:30:00Z,SI,119.55,15
2026-05-11T00:30:00Z,SK,115.95,15
2026-05-11T00:45:00Z,AT,117.24,15
2026-05-11T00:45:00Z,BE,99.83,15
2026-05-11T00:45:00Z,CZ,114.42,15
2026-05-11T00:45:00Z,DE-LU,110.65,15
2026-05-11T00:45:00Z,DK1,110.65,15
2026-05-11T00:45:00Z,DK2,110.64,15
2026-05-11T00:45:00Z,EE,65.16,15
2026-05-11T00:45:00Z,ES,50.55,15
2026-05-11T00:45:00Z,FI,65.14,15
2026-05-11T00:45:00Z,FR,29.10,15
2026-05-11T00:45:00Z,GR,116.62,15
2026-05-11T00:45:00Z,HR,117.89,15
2026-05-11T00:45:00Z,HU,116.32,15
2026-05-11T00:45:00Z,IT-CNorth,117.24,15
2026-05-11T00:45:00Z,IT-CSouth,117.24,15
2026-05-11T00:45:00Z,IT-North,117.24,15
2026-05-11T00:45:00Z,IT-Sardinia,117.24,15
2026-05-11T00:45:00Z,IT-Sicily,117.24,15
2026-05-11T00:45:00Z,IT-South,117.24,15
2026-05-11T00:45:00Z,LT,106.22,15
2026-05-11T00:45:00Z,LV,106.22,15
2026-05-11T00:45:00Z,NL,102.97,15
2026-05-11T00:45:00Z,NO1,110.94,15
2026-05-11T00:45:00Z,NO2,107.24,15
2026-05-11T00:45:00Z,NO3,111.33,15
2026-05-11T00:45:00Z,NO4,39.75,15
2026-05-11T00:45:00Z,NO5,115.03,15
2026-05-11T00:45:00Z,PL,113.75,15
2026-05-11T00:45:00Z,PT,50.55,15
2026-05-11T00:45:00Z,RO,116.62,15
2026-05-11T00:45:00Z,RS,103.88,15
2026-05-11T00:45:00Z,SE1,64.85,15
2026-05-11T00:45:00Z,SE2,77.63,15
2026-05-11T00:45:00Z,SE3,93.20,15
2026-05-11T00:45:00Z,SE4,106.83,15
2026-05-11T00:45:00Z,SI,118.20,15
2026-05-11T00:45:00Z,SK,115.33,15
2026-05-11T01:00:00Z,AT,118.25,15
2026-05-11T01:00:00Z,BE,97.03,15
2026-05-11T01:00:00Z,CH,119.72,60
2026-05-11T01:00:00Z,CZ,114.81,15
2026-05-11T01:00:00Z,DE-LU,110.34,15
2026-05-11T01:00:00Z,DK1,110.34,15
2026-05-11T01:00:00Z,DK2,110.33,15
2026-05-11T01:00:00Z,EE,63.03,15
2026-05-11T01:00:00Z,ES,54.50,15
2026-05-11T01:00:00Z,FI,63.01,15
2026-05-11T01:00:00Z,FR,6.80,15
2026-05-11T01:00:00Z,GR,117.50,15
2026-05-11T01:00:00Z,HR,119.04,15
2026-05-11T01:00:00Z,HU,117.14,15
2026-05-11T01:00:00Z,IT-CNorth,117.24,15
2026-05-11T01:00:00Z,IT-CSouth,117.24,15
2026-05-11T01:00:00Z,IT-North,117.24,15
2026-05-11T01:00:00Z,IT-Sardinia,117.24,15
2026-05-11T01:00:00Z,IT-Sicily,117.24,15
2026-05-11T01:00:00Z,IT-South,117.24,15
2026-05-11T01:00:00Z,LT,105.99,15
2026-05-11T01:00:00Z,LV,105.99,15
2026-05-11T01:00:00Z,NL,101.16,15
2026-05-11T01:00:00Z,NO1,110.74,15
2026-05-11T01:00:00Z,NO2,106.94,15
2026-05-11T01:00:00Z,NO3,111.26,15
2026-05-11T01:00:00Z,NO4,34.04,15
2026-05-11T01:00:00Z,NO5,114.94,15
2026-05-11T01:00:00Z,PL,114.00,15
2026-05-11T01:00:00Z,PT,54.50,15
2026-05-11T01:00:00Z,RO,117.50,15
2026-05-11T01:00:00Z,RS,110.04,15
2026-05-11T01:00:00Z,SE1,62.68,15
2026-05-11T01:00:00Z,SE2,75.99,15
2026-05-11T01:00:00Z,SE3,92.38,15
2026-05-11T01:00:00Z,SE4,106.57,15
2026-05-11T01:00:00Z,SI,119.43,15
2026-05-11T01:00:00Z,SK,115.93,15
2026-05-11T01:15:00Z,AT,120.25,15
2026-05-11T01:15:00Z,BE,98.74,15
2026-05-11T01:15:00Z,CZ,116.70,15
2026-05-11T01:15:00Z,DE-LU,112.08,15
2026-05-11T01:15:00Z,DK1,112.08,15
2026-05-11T01:15:00Z,DK2,112.08,15
2026-05-11T01:15:00Z,EE,65.12,15
2026-05-11T01:15:00Z,ES,53.75,15
2026-05-11T01:15:00Z,FI,65.10,15
2026-05-11T01:15:00Z,FR,0.02,15
2026-05-11T01:15:00Z,GR,119.49,15
2026-05-11T01:15:00Z,HR,121.09,15
2026-05-11T01:15:00Z,HU,119.11,15
2026-05-11T01:15:00Z,IT-CNorth,117.24,15
2026-05-11T01:15:00Z,IT-CSouth,117.24,15
2026-05-11T01:15:00Z,IT-North,117.24,15
2026-05-11T01:15:00Z,IT-Sardinia,117.24,15
2026-05-11T01:15:00Z,IT-Sicily,117.24,15
2026-05-11T01:15:00Z,IT-South,117.24,15
2026-05-11T01:15:00Z,LT,108.14,15
2026-05-11T01:15:00Z,LV,108.14,15
2026-05-11T01:15:00Z,NL,102.95,15
2026-05-11T01:15:00Z,NO1,111.61,15
2026-05-11T01:15:00Z,NO2,108.62,15
2026-05-11T01:15:00Z,NO3,110.93,15
2026-05-11T01:15:00Z,NO4,34.03,15
2026-05-11T01:15:00Z,NO5,114.90,15
2026-05-11T01:15:00Z,PL,115.87,15
2026-05-11T01:15:00Z,PT,53.75,15
2026-05-11T01:15:00Z,RO,119.49,15
2026-05-11T01:15:00Z,RS,110.04,15
2026-05-11T01:15:00Z,SE1,64.72,15
2026-05-11T01:15:00Z,SE2,77.08,15
2026-05-11T01:15:00Z,SE3,93.87,15
2026-05-11T01:15:00Z,SE4,108.56,15
2026-05-11T01:15:00Z,SI,121.49,15
2026-05-11T01:15:00Z,SK,117.86,15
2026-05-11T01:30:00Z,AT,120.60,15
2026-05-11T01:30:00Z,BE,102.90,15
2026-05-11T01:30:00Z,CZ,117.48,15
2026-05-11T01:30:00Z,DE-LU,113.43,15
2026-05-11T01:30:00Z,DK1,113.43,15
2026-05-11T01:30:00Z,DK2,113.43,15
2026-05-11T01:30:00Z,EE,66.85,15
2026-05-11T01:30:00Z,ES,50.00,15
2026-05-11T01:30:00Z,FI,66.83,15
2026-05-11T01:30:00Z,FR,0.00,15
2026-05-11T01:30:00Z,GR,119.97,15
2026-05-11T01:30:00Z,HR,121.40,15
2026-05-11T01:30:00Z,HU,119.64,15
2026-05-11T01:30:00Z,IT-CNorth,117.24,15
2026-05-11T01:30:00Z,IT-CSouth,117.24,15
2026-05-11T01:30:00Z,IT-North,117.24,15
2026-05-11T01:30:00Z,IT-Sardinia,117.24,15
2026-05-11T01:30:00Z,IT-Sicily,117.24,15
2026-05-11T01:30:00Z,IT-South,117.24,15
2026-05-11T01:30:00Z,LT,109.89,15
2026-05-11T01:30:00Z,LV,109.89,15
2026-05-11T01:30:00Z,NL,106.44,15
2026-05-11T01:30:00Z,NO1,112.07,15
2026-05-11T01:30:00Z,NO2,109.93,15
2026-05-11T01:30:00Z,NO3,110.13,15
2026-05-11T01:30:00Z,NO4,34.06,15
2026-05-11T01:30:00Z,NO5,114.43,15
2026-05-11T01:30:00Z,PL,116.77,15
2026-05-11T01:30:00Z,PT,50.00,15
2026-05-11T01:30:00Z,RO,119.97,15
2026-05-11T01:30:00Z,RS,110.04,15
2026-05-11T01:30:00Z,SE1,66.39,15
2026-05-11T01:30:00Z,SE2,77.77,15
2026-05-11T01:30:00Z,SE3,94.96,15
2026-05-11T01:30:00Z,SE4,110.15,15
2026-05-11T01:30:00Z,SI,121.76,15
2026-05-11T01:30:00Z,SK,118.52,15
2026-05-11T01:45:00Z,AT,122.03,15
2026-05-11T01:45:00Z,BE,104.15,15
2026-05-11T01:45:00Z,CZ,118.87,15
2026-05-11T01:45:00Z,DE-LU,114.78,15
2026-05-11T01:45:00Z,DK1,114.78,15
2026-05-11T01:45:00Z,DK2,114.78,15
2026-05-11T01:45:00Z,EE,70.94,15
2026-05-11T01:45:00Z,ES,50.26,15
2026-05-11T01:45:00Z,FI,70.92,15
2026-05-11T01:45:00Z,FR,0.00,15
2026-05-11T01:45:00Z,GR,121.39,15
2026-05-11T01:45:00Z,HR,122.83,15
2026-05-11T01:45:00Z,HU,121.05,15
2026-05-11T01:45:00Z,IT-CNorth,117.24,15
2026-05-11T01:45:00Z,IT-CSouth,117.24,15
2026-05-11T01:45:00Z,IT-North,117.24,15
2026-05-11T01:45:00Z,IT-Sardinia,117.24,15
2026-05-11T01:45:00Z,IT-Sicily,117.24,15
2026-05-11T01:45:00Z,IT-South,117.24,15
2026-05-11T01:45:00Z,LT,111.58,15
2026-05-11T01:45:00Z,LV,111.58,15
2026-05-11T01:45:00Z,NL,107.73,15
2026-05-11T01:45:00Z,NO1,112.45,15
2026-05-11T01:45:00Z,NO2,110.52,15
2026-05-11T01:45:00Z,NO3,109.17,15
2026-05-11T01:45:00Z,NO4,41.45,15
2026-05-11T01:45:00Z,NO5,114.49,15
2026-05-11T01:45:00Z,PL,118.15,15
2026-05-11T01:45:00Z,PT,50.26,15
2026-05-11T01:45:00Z,RO,121.39,15
2026-05-11T01:45:00Z,RS,110.04,15
2026-05-11T01:45:00Z,SE1,70.52,15
2026-05-11T01:45:00Z,SE2,80.04,15
2026-05-11T01:45:00Z,SE3,96.74,15
2026-05-11T01:45:00Z,SE4,111.70,15
2026-05-11T01:45:00Z,SI,123.20,15
2026-05-11T01:45:00Z,SK,119.93,15
2026-05-11T02:00:00Z,AT,114.92,15
2026-05-11T02:00:00Z,BE,93.50,15
2026-05-11T02:00:00Z,CH,120.00,60
2026-05-11T02:00:00Z,CZ,111.38,15
2026-05-11T02:00:00Z,DE-LU,107.94,15
2026-05-11T02:00:00Z,DK1,107.94,15
2026-05-11T02:00:00Z,DK2,107.94,15
2026-05-11T02:00:00Z,EE,63.71,15
2026-05-11T02:00:00Z,ES,36.22,15
2026-05-11T02:00:00Z,FI,63.69,15
2026-05-11T02:00:00Z,FR,11.54,15
2026-05-11T02:00:00Z,GR,118.94,15
2026-05-11T02:00:00Z,HR,117.33,15
2026-05-11T02:00:00Z,HU,119.64,15
2026-05-11T02:00:00Z,IT-CNorth,114.92,15
2026-05-11T02:00:00Z,IT-CSouth,114.92,15
2026-05-11T02:00:00Z,IT-North,114.92,15
2026-05-11T02:00:00Z,IT-Sardinia,114.92,15
2026-05-11T02:00:00Z,IT-Sicily,114.92,15
2026-05-11T02:00:00Z,IT-South,114.92,15
2026-05-11T02:00:00Z,LT,104.83,15
2026-05-11T02:00:00Z,LV,104.83,15
2026-05-11T02:00:00Z,NL,101.47,15
2026-05-11T02:00:00Z,NO1,105.62,15
2026-05-11T02:00:00Z,NO2,105.62,15
2026-05-11T02:00:00Z,NO3,101.62,15
2026-05-11T02:00:00Z,NO4,33.39,15
2026-05-11T02:00:00Z,NO5,105.61,15
2026-05-11T02:00:00Z,PL,110.91,15
2026-05-11T02:00:00Z,PT,36.22,15
2026-05-11T02:00:00Z,RO,118.94,15
2026-05-11T02:00:00Z,RS,125.80,15
2026-05-11T02:00:00Z,SE1,63.27,15
2026-05-11T02:00:00Z,SE2,73.02,15
2026-05-11T02:00:00Z,SE3,90.00,15
2026-05-11T02:00:00Z,SE4,104.99,15
2026-05-11T02:00:00Z,SI,116.87,15
2026-05-11T02:00:00Z,SK,112.85,15
2026-05-11T02:15:00Z,AT,116.38,15
2026-05-11T02:15:00Z,BE,95.37,15
2026-05-11T02:15:00Z,CZ,110.36,15
2026-05-11T02:15:00Z,DE-LU,108.64,15
2026-05-11T02:15:00Z,DK1,108.64,15
2026-05-11T02:15:00Z,DK2,108.64,15
2026-05-11T02:15:00Z,EE,69.84,15
2026-05-11T02:15:00Z,ES,39.83,15
2026-05-11T02:15:00Z,FI,69.82,15
2026-05-11T02:15:00Z,FR,14.01,15
2026-05-11T02:15:00Z,GR,141.26,15
2026-05-11T02:15:00Z,HR,126.53,15
2026-05-11T02:15:00Z,HU,146.51,15
2026-05-11T02:15:00Z,IT-CNorth,111.15,15
2026-05-11T02:15:00Z,IT-CSouth,111.15,15
2026-05-11T02:15:00Z,IT-North,111.15,15
2026-05-11T02:15:00Z,IT-Sardinia,111.15,15
2026-05-11T02:15:00Z,IT-Sicily,111.15,15
2026-05-11T02:15:00Z,IT-South,111.15,15
2026-05-11T02:15:00Z,LT,105.56,15
2026-05-11T02:15:00Z,LV,105.56,15
2026-05-11T02:15:00Z,NL,102.90,15
2026-05-11T02:15:00Z,NO1,106.31,15
2026-05-11T02:15:00Z,NO2,106.30,15
2026-05-11T02:15:00Z,NO3,102.93,15
2026-05-11T02:15:00Z,NO4,43.26,15
2026-05-11T02:15:00Z,NO5,106.31,15
2026-05-11T02:15:00Z,PL,110.92,15
2026-05-11T02:15:00Z,PT,39.83,15
2026-05-11T02:15:00Z,RO,141.26,15
2026-05-11T02:15:00Z,RS,125.80,15
2026-05-11T02:15:00Z,SE1,69.45,15
2026-05-11T02:15:00Z,SE2,78.00,15
2026-05-11T02:15:00Z,SE3,92.72,15
2026-05-11T02:15:00Z,SE4,105.70,15
2026-05-11T02:15:00Z,SI,122.48,15
2026-05-11T02:15:00Z,SK,114.12,15
2026-05-11T02:30:00Z,AT,124.48,15
2026-05-11T02:30:00Z,BE,100.14,15
2026-05-11T02:30:00Z,CZ,117.08,15
2026-05-11T02:30:00Z,DE-LU,115.52,15
2026-05-11T02:30:00Z,DK1,115.52,15
2026-05-11T02:30:00Z,DK2,115.52,15
2026-05-11T02:30:00Z,EE,76.18,15
2026-05-11T02:30:00Z,ES,40.83,15
2026-05-11T02:30:00Z,FI,76.17,15
2026-05-11T02:30:00Z,FR,19.96,15
2026-05-11T02:30:00Z,GR,157.54,15
2026-05-11T02:30:00Z,HR,137.76,15
2026-05-11T02:30:00Z,HU,164.58,15
2026-05-11T02:30:00Z,IT-CNorth,117.24,15
2026-05-11T02:30:00Z,IT-CSouth,117.24,15
2026-05-11T02:30:00Z,IT-North,117.24,15
2026-05-11T02:30:00Z,IT-Sardinia,117.24,15
2026-05-11T02:30:00Z,IT-Sicily,117.24,15
2026-05-11T02:30:00Z,IT-South,117.24,15
2026-05-11T02:30:00Z,LT,112.48,15
2026-05-11T02:30:00Z,LV,112.48,15
2026-05-11T02:30:00Z,NL,108.36,15
2026-05-11T02:30:00Z,NO1,112.02,15
2026-05-11T02:30:00Z,NO2,112.15,15
2026-05-11T02:30:00Z,NO3,106.67,15
2026-05-11T02:30:00Z,NO4,53.88,15
2026-05-11T02:30:00Z,NO5,111.79,15
2026-05-11T02:30:00Z,PL,117.93,15
2026-05-11T02:30:00Z,PT,40.83,15
2026-05-11T02:30:00Z,RO,157.54,15
2026-05-11T02:30:00Z,RS,125.80,15
2026-05-11T02:30:00Z,SE1,75.86,15
2026-05-11T02:30:00Z,SE2,83.06,15
2026-05-11T02:30:00Z,SE3,98.58,15
2026-05-11T02:30:00Z,SE4,112.54,15
2026-05-11T02:30:00Z,SI,132.33,15
2026-05-11T02:30:00Z,SK,121.85,15
2026-05-11T02:45:00Z,AT,129.40,15
2026-05-11T02:45:00Z,BE,103.94,15
2026-05-11T02:45:00Z,CZ,122.53,15
2026-05-11T02:45:00Z,DE-LU,120.27,15
2026-05-11T02:45:00Z,DK1,120.27,15
2026-05-11T02:45:00Z,DK2,120.27,15
2026-05-11T02:45:00Z,EE,83.59,15
2026-05-11T02:45:00Z,ES,48.35,15
2026-05-11T02:45:00Z,FI,83.58,15
2026-05-11T02:45:00Z,FR,14.48,15
2026-05-11T02:45:00Z,GR,156.53,15
2026-05-11T02:45:00Z,HR,140.54,15
2026-05-11T02:45:00Z,HU,162.25,15
2026-05-11T02:45:00Z,IT-CNorth,117.01,15
2026-05-11T02:45:00Z,IT-CSouth,117.01,15
2026-05-11T02:45:00Z,IT-North,117.01,15
2026-05-11T02:45:00Z,IT-Sardinia,117.01,15
2026-05-11T02:45:00Z,IT-Sicily,117.01,15
2026-05-11T02:45:00Z,IT-South,117.01,15
2026-05-11T02:45:00Z,LT,116.49,15
2026-05-11T02:45:00Z,LV,116.49,15
2026-05-11T02:45:00Z,NL,112.83,15
2026-05-11T02:45:00Z,NO1,116.22,15
2026-05-11T02:45:00Z,NO2,116.32,15
2026-05-11T02:45:00Z,NO3,111.60,15
2026-05-11T02:45:00Z,NO4,62.82,15
2026-05-11T02:45:00Z,NO5,116.04,15
2026-05-11T02:45:00Z,PL,123.06,15
2026-05-11T02:45:00Z,PT,48.35,15
2026-05-11T02:45:00Z,RO,156.53,15
2026-05-11T02:45:00Z,RS,125.80,15
2026-05-11T02:45:00Z,SE1,83.29,15
2026-05-11T02:45:00Z,SE2,89.99,15
2026-05-11T02:45:00Z,SE3,104.00,15
2026-05-11T02:45:00Z,SE4,116.55,15
2026-05-11T02:45:00Z,SI,136.15,15
2026-05-11T02:45:00Z,SK,126.72,15
2026-05-11T03:00:00Z,AT,126.16,15
2026-05-11T03:00:00Z,BE,104.68,15
2026-05-11T03:00:00Z,CH,124.97,60
2026-05-11T03:00:00Z,CZ,118.93,15
2026-05-11T03:00:00Z,DE-LU,118.01,15
2026-05-11T03:00:00Z,DK1,118.01,15
2026-05-11T03:00:00Z,DK2,118.01,15
2026-05-11T03:00:00Z,EE,64.94,15
2026-05-11T03:00:00Z,ES,56.03,15
2026-05-11T03:00:00Z,FI,64.92,15
2026-05-11T03:00:00Z,FR,15.06,15
2026-05-11T03:00:00Z,GR,160.10,15
2026-05-11T03:00:00Z,HR,139.77,15
2026-05-11T03:00:00Z,HU,167.19,15
2026-05-11T03:00:00Z,IT-CNorth,117.24,15
2026-05-11T03:00:00Z,IT-CSouth,117.24,15
2026-05-11T03:00:00Z,IT-North,117.24,15
2026-05-11T03:00:00Z,IT-Sardinia,117.24,15
2026-05-11T03:00:00Z,IT-Sicily,117.24,15
2026-05-11T03:00:00Z,IT-South,117.24,15
2026-05-11T03:00:00Z,LT,115.61,15
2026-05-11T03:00:00Z,LV,115.61,15
2026-05-11T03:00:00Z,NL,112.41,15
2026-05-11T03:00:00Z,NO1,114.04,15
2026-05-11T03:00:00Z,NO2,114.33,15
2026-05-11T03:00:00Z,NO3,105.21,15
2026-05-11T03:00:00Z,NO4,36.29,15
2026-05-11T03:00:00Z,NO5,113.53,15
2026-05-11T03:00:00Z,PL,119.90,15
2026-05-11T03:00:00Z,PT,56.03,15
2026-05-11T03:00:00Z,RO,160.10,15
2026-05-11T03:00:00Z,RS,128.01,15
2026-05-11T03:00:00Z,SE1,64.41,15
2026-05-11T03:00:00Z,SE2,73.44,15
2026-05-11T03:00:00Z,SE3,95.28,15
2026-05-11T03:00:00Z,SE4,115.64,15
2026-05-11T03:00:00Z,SI,134.13,15
2026-05-11T03:00:00Z,SK,123.37,15
2026-05-11T03:15:00Z,AT,125.88,15
2026-05-11T03:15:00Z,BE,114.91,15
2026-05-11T03:15:00Z,CZ,119.03,15
2026-05-11T03:15:00Z,DE-LU,120.08,15
2026-05-11T03:15:00Z,DK1,120.08,15
2026-05-11T03:15:00Z,DK2,120.08,15
2026-05-11T03:15:00Z,EE,78.56,15
2026-05-11T03:15:00Z,ES,57.20,15
2026-05-11T03:15:00Z,FI,78.55,15
2026-05-11T03:15:00Z,FR,18.49,15
2026-05-11T03:15:00Z,GR,166.68,15
2026-05-11T03:15:00Z,HR,141.79,15
2026-05-11T03:15:00Z,HU,175.28,15
2026-05-11T03:15:00Z,IT-CNorth,117.24,15
2026-05-11T03:15:00Z,IT-CSouth,117.24,15
2026-05-11T03:15:00Z,IT-North,117.24,15
2026-05-11T03:15:00Z,IT-Sardinia,117.24,15
2026-05-11T03:15:00Z,IT-Sicily,117.24,15
2026-05-11T03:15:00Z,IT-South,117.24,15
2026-05-11T03:15:00Z,LT,116.97,15
2026-05-11T03:15:00Z,LV,116.97,15
2026-05-11T03:15:00Z,NL,120.08,15
2026-05-11T03:15:00Z,NO1,116.17,15
2026-05-11T03:15:00Z,NO2,116.34,15
2026-05-11T03:15:00Z,NO3,110.11,15
2026-05-11T03:15:00Z,NO4,55.26,15
2026-05-11T03:15:00Z,NO5,115.86,15
2026-05-11T03:15:00Z,PL,120.65,15
2026-05-11T03:15:00Z,PT,57.20,15
2026-05-11T03:15:00Z,RO,166.68,15
2026-05-11T03:15:00Z,RS,128.01,15
2026-05-11T03:15:00Z,SE1,78.13,15
2026-05-11T03:15:00Z,SE2,85.46,15
2026-05-11T03:15:00Z,SE3,101.84,15
2026-05-11T03:15:00Z,SE4,117.01,15
2026-05-11T03:15:00Z,SI,134.91,15
2026-05-11T03:15:00Z,SK,123.79,15
2026-05-11T03:30:00Z,AT,130.06,15
2026-05-11T03:30:00Z,BE,117.54,15
2026-05-11T03:30:00Z,CZ,123.35,15
2026-05-11T03:30:00Z,DE-LU,123.75,15
2026-05-11T03:30:00Z,DK1,123.75,15
2026-05-11T03:30:00Z,DK2,123.75,15
2026-05-11T03:30:00Z,EE,89.64,15
2026-05-11T03:30:00Z,ES,58.30,15
2026-05-11T03:30:00Z,FI,89.63,15
2026-05-11T03:30:00Z,FR,1.80,15
2026-05-11T03:30:00Z,GR,167.23,15
2026-05-11T03:30:00Z,HR,144.74,15
2026-05-11T03:30:00Z,HU,175.02,15
2026-05-11T03:30:00Z,IT-CNorth,117.24,15
2026-05-11T03:30:00Z,IT-CSouth,117.24,15
2026-05-11T03:30:00Z,IT-North,117.24,15
2026-05-11T03:30:00Z,IT-Sardinia,117.24,15
2026-05-11T03:30:00Z,IT-Sicily,117.24,15
2026-05-11T03:30:00Z,IT-South,117.24,15
2026-05-11T03:30:00Z,LT,120.84,15
2026-05-11T03:30:00Z,LV,120.84,15
2026-05-11T03:30:00Z,NL,123.75,15
2026-05-11T03:30:00Z,NO1,119.91,15
2026-05-11T03:30:00Z,NO2,120.08,15
2026-05-11T03:30:00Z,NO3,114.54,15
2026-05-11T03:30:00Z,NO4,71.85,15
2026-05-11T03:30:00Z,NO5,119.60,15
2026-05-11T03:30:00Z,PL,124.74,15
2026-05-11T03:30:00Z,PT,58.30,15
2026-05-11T03:30:00Z,RO,167.23,15
2026-05-11T03:30:00Z,RS,128.01,15
2026-05-11T03:30:00Z,SE1,89.31,15
2026-05-11T03:30:00Z,SE2,94.92,15
2026-05-11T03:30:00Z,SE3,108.35,15
2026-05-11T03:30:00Z,SE4,120.85,15
2026-05-11T03:30:00Z,SI,138.51,15
2026-05-11T03:30:00Z,SK,127.86,15
2026-05-11T03:45:00Z,AT,136.31,15
2026-05-11T03:45:00Z,BE,112.27,15
2026-05-11T03:45:00Z,CZ,128.39,15
2026-05-11T03:45:00Z,DE-LU,126.71,15
2026-05-11T03:45:00Z,DK1,126.71,15
2026-05-11T03:45:00Z,DK2,126.71,15
2026-05-11T03:45:00Z,EE,110.44,15
2026-05-11T03:45:00Z,ES,59.20,15
2026-05-11T03:45:00Z,FI,110.44,15
2026-05-11T03:45:00Z,FR,18.27,15
2026-05-11T03:45:00Z,GR,170.44,15
2026-05-11T03:45:00Z,HR,150.16,15
2026-05-11T03:45:00Z,HU,177.54,15
2026-05-11T03:45:00Z,IT-CNorth,134.60,15
2026-05-11T03:45:00Z,IT-CSouth,134.60,15
2026-05-11T03:45:00Z,IT-North,134.60,15
2026-05-11T03:45:00Z,IT-Sardinia,134.60,15
2026-05-11T03:45:00Z,IT-Sicily,134.60,15
2026-05-11T03:45:00Z,IT-South,134.60,15
2026-05-11T03:45:00Z,LT,123.71,15
2026-05-11T03:45:00Z,LV,123.71,15
2026-05-11T03:45:00Z,NL,118.02,15
2026-05-11T03:45:00Z,NO1,122.29,15
2026-05-11T03:45:00Z,NO2,122.47,15
2026-05-11T03:45:00Z,NO3,118.36,15
2026-05-11T03:45:00Z,NO4,107.01,15
2026-05-11T03:45:00Z,NO5,121.95,15
2026-05-11T03:45:00Z,PL,129.22,15
2026-05-11T03:45:00Z,PT,59.20,15
2026-05-11T03:45:00Z,RO,170.44,15
2026-05-11T03:45:00Z,RS,128.01,15
2026-05-11T03:45:00Z,SE1,110.37,15
2026-05-11T03:45:00Z,SE2,111.49,15
2026-05-11T03:45:00Z,SE3,117.67,15
2026-05-11T03:45:00Z,SE4,123.65,15
2026-05-11T03:45:00Z,SI,144.54,15
2026-05-11T03:45:00Z,SK,133.06,15
2026-05-11T04:00:00Z,AT,127.04,15
2026-05-11T04:00:00Z,BE,132.72,15
2026-05-11T04:00:00Z,CH,134.38,60
2026-05-11T04:00:00Z,CZ,121.65,15
2026-05-11T04:00:00Z,DE-LU,125.44,15
2026-05-11T04:00:00Z,DK1,125.44,15
2026-05-11T04:00:00Z,DK2,125.44,15
2026-05-11T04:00:00Z,EE,82.24,15
2026-05-11T04:00:00Z,ES,58.78,15
2026-05-11T04:00:00Z,FI,82.23,15
2026-05-11T04:00:00Z,FR,10.69,15
2026-05-11T04:00:00Z,GR,175.76,15
2026-05-11T04:00:00Z,HR,146.00,15
2026-05-11T04:00:00Z,HU,186.45,15
2026-05-11T04:00:00Z,IT-CNorth,127.04,15
2026-05-11T04:00:00Z,IT-CSouth,127.04,15
2026-05-11T04:00:00Z,IT-North,127.04,15
2026-05-11T04:00:00Z,IT-Sardinia,127.04,15
2026-05-11T04:00:00Z,IT-Sicily,127.04,15
2026-05-11T04:00:00Z,IT-South,127.04,15
2026-05-11T04:00:00Z,LT,124.19,15
2026-05-11T04:00:00Z,LV,124.19,15
2026-05-11T04:00:00Z,NL,134.13,15
2026-05-11T04:00:00Z,NO1,121.99,15
2026-05-11T04:00:00Z,NO2,122.33,15
2026-05-11T04:00:00Z,NO3,113.13,15
2026-05-11T04:00:00Z,NO4,62.44,15
2026-05-11T04:00:00Z,NO5,121.40,15
2026-05-11T04:00:00Z,PL,124.19,15
2026-05-11T04:00:00Z,PT,58.78,15
2026-05-11T04:00:00Z,RO,175.76,15
2026-05-11T04:00:00Z,RS,134.00,15
2026-05-11T04:00:00Z,SE1,81.85,15
2026-05-11T04:00:00Z,SE2,88.27,15
2026-05-11T04:00:00Z,SE3,106.26,15
2026-05-11T04:00:00Z,SE4,124.15,15
2026-05-11T04:00:00Z,SI,137.69,15
2026-05-11T04:00:00Z,SK,127.65,15
2026-05-11T04:15:00Z,AT,138.33,15
2026-05-11T04:15:00Z,BE,128.72,15
2026-05-11T04:15:00Z,CZ,131.94,15
2026-05-11T04:15:00Z,DE-LU,133.62,15
2026-05-11T04:15:00Z,DK1,133.62,15
2026-05-11T04:15:00Z,DK2,133.62,15
2026-05-11T04:15:00Z,EE,95.08,15
2026-05-11T04:15:00Z,ES,60.02,15
2026-05-11T04:15:00Z,FI,95.08,15
2026-05-11T04:15:00Z,FR,33.60,15
2026-05-11T04:15:00Z,GR,181.52,15
2026-05-11T04:15:00Z,HR,155.48,15
2026-05-11T04:15:00Z,HU,190.95,15
2026-05-11T04:15:00Z,IT-CNorth,138.36,15
2026-05-11T04:15:00Z,IT-CSouth,138.36,15
2026-05-11T04:15:00Z,IT-North,138.36,15
2026-05-11T04:15:00Z,IT-Sardinia,138.36,15
2026-05-11T04:15:00Z,IT-Sicily,138.36,15
2026-05-11T04:15:00Z,IT-South,138.36,15
2026-05-11T04:15:00Z,LT,132.34,15
2026-05-11T04:15:00Z,LV,132.34,15
2026-05-11T04:15:00Z,NL,133.62,15
2026-05-11T04:15:00Z,NO1,126.29,15
2026-05-11T04:15:00Z,NO2,127.05,15
2026-05-11T04:15:00Z,NO3,111.95,15
2026-05-11T04:15:00Z,NO4,93.72,15
2026-05-11T04:15:00Z,NO5,124.97,15
2026-05-11T04:15:00Z,PL,133.77,15
2026-05-11T04:15:00Z,PT,60.02,15
2026-05-11T04:15:00Z,RO,181.52,15
2026-05-11T04:15:00Z,RS,134.00,15
2026-05-11T04:15:00Z,SE1,95.05,15
2026-05-11T04:15:00Z,SE2,95.68,15
2026-05-11T04:15:00Z,SE3,113.47,15
2026-05-11T04:15:00Z,SE4,132.02,15
2026-05-11T04:15:00Z,SI,148.21,15
2026-05-11T04:15:00Z,SK,137.73,15
2026-05-11T04:30:00Z,AT,144.67,15
2026-05-11T04:30:00Z,BE,134.98,15
2026-05-11T04:30:00Z,CZ,139.43,15
2026-05-11T04:30:00Z,DE-LU,140.20,15
2026-05-11T04:30:00Z,DK1,140.20,15
2026-05-11T04:30:00Z,DK2,140.20,15
2026-05-11T04:30:00Z,EE,105.22,15
2026-05-11T04:30:00Z,ES,60.74,15
2026-05-11T04:30:00Z,FI,105.22,15
2026-05-11T04:30:00Z,FR,34.08,15
2026-05-11T04:30:00Z,GR,177.11,15
2026-05-11T04:30:00Z,HR,157.74,15
2026-05-11T04:30:00Z,HU,184.15,15
2026-05-11T04:30:00Z,IT-CNorth,144.67,15
2026-05-11T04:30:00Z,IT-CSouth,144.67,15
2026-05-11T04:30:00Z,IT-North,144.67,15
2026-05-11T04:30:00Z,IT-Sardinia,144.67,15
2026-05-11T04:30:00Z,IT-Sicily,144.67,15
2026-05-11T04:30:00Z,IT-South,144.67,15
2026-05-11T04:30:00Z,LT,137.71,15
2026-05-11T04:30:00Z,LV,137.71,15
2026-05-11T04:30:00Z,NL,140.20,15
2026-05-11T04:30:00Z,NO1,132.44,15
2026-05-11T04:30:00Z,NO2,133.10,15
2026-05-11T04:30:00Z,NO3,119.93,15
2026-05-11T04:30:00Z,NO4,104.03,15
2026-05-11T04:30:00Z,NO5,131.28,15
2026-05-11T04:30:00Z,PL,140.72,15
2026-05-11T04:30:00Z,PT,60.74,15
2026-05-11T04:30:00Z,RO,177.11,15
2026-05-11T04:30:00Z,RS,134.00,15
2026-05-11T04:30:00Z,SE1,105.19,15
2026-05-11T04:30:00Z,SE2,105.74,15
2026-05-11T04:30:00Z,SE3,121.26,15
2026-05-11T04:30:00Z,SE4,137.43,15
2026-05-11T04:30:00Z,SI,152.33,15
2026-05-11T04:30:00Z,SK,143.94,15
2026-05-11T04:45:00Z,AT,149.93,15
2026-05-11T04:45:00Z,BE,141.86,15
2026-05-11T04:45:00Z,CZ,147.40,15
2026-05-11T04:45:00Z,DE-LU,146.64,15
2026-05-11T04:45:00Z,DK1,146.64,15
2026-05-11T04:45:00Z,DK2,146.64,15
2026-05-11T04:45:00Z,EE,125.43,15
2026-05-11T04:45:00Z,ES,62.00,15
2026-05-11T04:45:00Z,FI,125.43,15
2026-05-11T04:45:00Z,FR,50.15,15
2026-05-11T04:45:00Z,GR,159.92,15
2026-05-11T04:45:00Z,HR,154.34,15
2026-05-11T04:45:00Z,HU,161.99,15
2026-05-11T04:45:00Z,IT-CNorth,149.93,15
2026-05-11T04:45:00Z,IT-CSouth,149.93,15
2026-05-11T04:45:00Z,IT-North,149.93,15
2026-05-11T04:45:00Z,IT-Sardinia,149.93,15
2026-05-11T04:45:00Z,IT-Sicily,149.93,15
2026-05-11T04:45:00Z,IT-South,149.93,15
2026-05-11T04:45:00Z,LT,142.01,15
2026-05-11T04:45:00Z,LV,142.01,15
2026-05-11T04:45:00Z,NL,146.64,15
2026-05-11T04:45:00Z,NO1,139.32,15
2026-05-11T04:45:00Z,NO2,139.66,15
2026-05-11T04:45:00Z,NO3,132.94,15
2026-05-11T04:45:00Z,NO4,124.83,15
2026-05-11T04:45:00Z,NO5,138.73,15
2026-05-11T04:45:00Z,PL,147.62,15
2026-05-11T04:45:00Z,PT,62.00,15
2026-05-11T04:45:00Z,RO,159.92,15
2026-05-11T04:45:00Z,RS,134.00,15
2026-05-11T04:45:00Z,SE1,125.42,15
2026-05-11T04:45:00Z,SE2,125.70,15
2026-05-11T04:45:00Z,SE3,133.62,15
2026-05-11T04:45:00Z,SE4,141.87,15
2026-05-11T04:45:00Z,SI,152.77,15
2026-05-11T04:45:00Z,SK,149.14,15
2026-05-11T05:00:00Z,AT,150.65,15
2026-05-11T05:00:00Z,BE,164.30,15
2026-05-11T05:00:00Z,CH,157.47,60
2026-05-11T05:00:00Z,CZ,151.59,15
2026-05-11T05:00:00Z,DE-LU,152.98,15
2026-05-11T05:00:00Z,DK1,152.98,15
2026-05-11T05:00:00Z,DK2,152.98,15
2026-05-11T05:00:00Z,EE,136.33,15
2026-05-11T05:00:00Z,ES,83.09,15
2026-05-11T05:00:00Z,FI,136.33,15
2026-05-11T05:00:00Z,FR,39.04,15
2026-05-11T05:00:00Z,GR,151.09,15
2026-05-11T05:00:00Z,HR,150.68,15
2026-05-11T05:00:00Z,HU,151.17,15
2026-05-11T05:00:00Z,IT-CNorth,144.93,15
2026-05-11T05:00:00Z,IT-CSouth,144.93,15
2026-05-11T05:00:00Z,IT-North,144.93,15
2026-05-11T05:00:00Z,IT-Sardinia,144.93,15
2026-05-11T05:00:00Z,IT-Sicily,144.93,15
2026-05-11T05:00:00Z,IT-South,144.93,15
2026-05-11T05:00:00Z,LT,150.49,15
2026-05-11T05:00:00Z,LV,150.49,15
2026-05-11T05:00:00Z,NL,164.94,15
2026-05-11T05:00:00Z,NO1,148.19,15
2026-05-11T05:00:00Z,NO2,148.48,15
2026-05-11T05:00:00Z,NO3,142.69,15
2026-05-11T05:00:00Z,NO4,135.81,15
2026-05-11T05:00:00Z,NO5,147.70,15
2026-05-11T05:00:00Z,PL,152.02,15
2026-05-11T05:00:00Z,PT,83.09,15
2026-05-11T05:00:00Z,RO,151.09,15
2026-05-11T05:00:00Z,RS,139.01,15
2026-05-11T05:00:00Z,SE1,136.32,15
2026-05-11T05:00:00Z,SE2,136.55,15
2026-05-11T05:00:00Z,SE3,143.20,15
2026-05-11T05:00:00Z,SE4,150.37,15
2026-05-11T05:00:00Z,SI,150.67,15
2026-05-11T05:00:00Z,SK,151.46,15
2026-05-11T05:15:00Z,AT,147.31,15
2026-05-11T05:15:00Z,BE,199.73,15
2026-05-11T05:15:00Z,CZ,152.29,15
2026-05-11T05:15:00Z,DE-LU,159.06,15
2026-05-11T05:15:00Z,DK1,159.06,15
2026-05-11T05:15:00Z,DK2,159.06,15
2026-05-11T05:15:00Z,EE,144.03,15
2026-05-11T05:15:00Z,ES,88.99,15
2026-05-11T05:15:00Z,FI,144.03,15
2026-05-11T05:15:00Z,FR,42.94,15
2026-05-11T05:15:00Z,GR,120.06,15
2026-05-11T05:15:00Z,HR,146.58,15
2026-05-11T05:15:00Z,HU,149.56,15
2026-05-11T05:15:00Z,IT-CNorth,146.59,15
2026-05-11T05:15:00Z,IT-CSouth,146.59,15
2026-05-11T05:15:00Z,IT-North,146.59,15
2026-05-11T05:15:00Z,IT-Sardinia,146.59,15
2026-05-11T05:15:00Z,IT-Sicily,146.59,15
2026-05-11T05:15:00Z,IT-South,146.59,15
2026-05-11T05:15:00Z,LT,144.03,15
2026-05-11T05:15:00Z,LV,144.03,15
2026-05-11T05:15:00Z,NL,192.10,15
2026-05-11T05:15:00Z,NO1,153.88,15
2026-05-11T05:15:00Z,NO2,154.12,15
2026-05-11T05:15:00Z,NO3,149.31,15
2026-05-11T05:15:00Z,NO4,143.60,15
2026-05-11T05:15:00Z,NO5,153.47,15
2026-05-11T05:15:00Z,PL,154.06,15
2026-05-11T05:15:00Z,PT,88.99,15
2026-05-11T05:15:00Z,RO,149.09,15
2026-05-11T05:15:00Z,RS,139.01,15
2026-05-11T05:15:00Z,SE1,144.02,15
2026-05-11T05:15:00Z,SE2,144.22,15
2026-05-11T05:15:00Z,SE3,149.74,15
2026-05-11T05:15:00Z,SE4,155.68,15
2026-05-11T05:15:00Z,SI,146.59,15
2026-05-11T05:15:00Z,SK,151.21,15
2026-05-11T05:30:00Z,AT,157.49,15
2026-05-11T05:30:00Z,BE,155.00,15
2026-05-11T05:30:00Z,CZ,156.86,15
2026-05-11T05:30:00Z,DE-LU,156.12,15
2026-05-11T05:30:00Z,DK1,156.12,15
2026-05-11T05:30:00Z,DK2,156.12,15
2026-05-11T05:30:00Z,EE,142.22,15
2026-05-11T05:30:00Z,ES,86.36,15
2026-05-11T05:30:00Z,FI,142.22,15
2026-05-11T05:30:00Z,FR,69.14,15
2026-05-11T05:30:00Z,GR,108.17,15
2026-05-11T05:30:00Z,HR,157.77,15
2026-05-11T05:30:00Z,HU,157.30,15
2026-05-11T05:30:00Z,IT-CNorth,157.75,15
2026-05-11T05:30:00Z,IT-CSouth,157.75,15
2026-05-11T05:30:00Z,IT-North,157.75,15
2026-05-11T05:30:00Z,IT-Sardinia,157.75,15
2026-05-11T05:30:00Z,IT-Sicily,157.75,15
2026-05-11T05:30:00Z,IT-South,157.75,15
2026-05-11T05:30:00Z,LT,142.22,15
2026-05-11T05:30:00Z,LV,142.22,15
2026-05-11T05:30:00Z,NL,158.27,15
2026-05-11T05:30:00Z,NO1,150.78,15
2026-05-11T05:30:00Z,NO2,150.99,15
2026-05-11T05:30:00Z,NO3,146.81,15
2026-05-11T05:30:00Z,NO4,141.84,15
2026-05-11T05:30:00Z,NO5,150.43,15
2026-05-11T05:30:00Z,PL,156.74,15
2026-05-11T05:30:00Z,PT,86.36,15
2026-05-11T05:30:00Z,RO,157.38,15
2026-05-11T05:30:00Z,RS,139.01,15
2026-05-11T05:30:00Z,SE1,142.21,15
2026-05-11T05:30:00Z,SE2,142.38,15
2026-05-11T05:30:00Z,SE3,147.18,15
2026-05-11T05:30:00Z,SE4,152.36,15
2026-05-11T05:30:00Z,SI,157.75,15
2026-05-11T05:30:00Z,SK,157.07,15
2026-05-11T05:45:00Z,AT,150.38,15
2026-05-11T05:45:00Z,BE,143.97,15
2026-05-11T05:45:00Z,CZ,149.33,15
2026-05-11T05:45:00Z,DE-LU,148.03,15
2026-05-11T05:45:00Z,DK1,148.03,15
2026-05-11T05:45:00Z,DK2,148.03,15
2026-05-11T05:45:00Z,EE,137.43,15
2026-05-11T05:45:00Z,ES,76.56,15
2026-05-11T05:45:00Z,FI,137.42,15
2026-05-11T05:45:00Z,FR,57.80,15
2026-05-11T05:45:00Z,GR,107.68,15
2026-05-11T05:45:00Z,HR,150.74,15
2026-05-11T05:45:00Z,HU,150.02,15
2026-05-11T05:45:00Z,IT-CNorth,150.73,15
2026-05-11T05:45:00Z,IT-CSouth,150.73,15
2026-05-11T05:45:00Z,IT-North,150.73,15
2026-05-11T05:45:00Z,IT-Sardinia,150.73,15
2026-05-11T05:45:00Z,IT-Sicily,150.73,15
2026-05-11T05:45:00Z,IT-South,150.73,15
2026-05-11T05:45:00Z,LT,137.43,15
2026-05-11T05:45:00Z,LV,137.43,15
2026-05-11T05:45:00Z,NL,148.19,15
2026-05-11T05:45:00Z,NO1,143.56,15
2026-05-11T05:45:00Z,NO2,143.70,15
2026-05-11T05:45:00Z,NO3,140.71,15
2026-05-11T05:45:00Z,NO4,137.16,15
2026-05-11T05:45:00Z,NO5,143.30,15
2026-05-11T05:45:00Z,PL,149.07,15
2026-05-11T05:45:00Z,PT,76.56,15
2026-05-11T05:45:00Z,RO,150.13,15
2026-05-11T05:45:00Z,RS,139.01,15
2026-05-11T05:45:00Z,SE1,137.42,15
2026-05-11T05:45:00Z,SE2,137.54,15
2026-05-11T05:45:00Z,SE3,140.98,15
2026-05-11T05:45:00Z,SE4,144.68,15
2026-05-11T05:45:00Z,SI,150.73,15
2026-05-11T05:45:00Z,SK,149.64,15
2026-05-11T06:00:00Z,AT,160.02,15
2026-05-11T06:00:00Z,BE,218.87,15
2026-05-11T06:00:00Z,CH,155.00,60
2026-05-11T06:00:00Z,CZ,165.78,15
2026-05-11T06:00:00Z,DE-LU,173.57,15
2026-05-11T06:00:00Z,DK1,173.57,15
2026-05-11T06:00:00Z,DK2,173.57,15
2026-05-11T06:00:00Z,EE,162.49,15
2026-05-11T06:00:00Z,ES,87.79,15
2026-05-11T06:00:00Z,FI,162.49,15
2026-05-11T06:00:00Z,FR,87.79,15
2026-05-11T06:00:00Z,GR,109.76,15
2026-05-11T06:00:00Z,HR,159.37,15
2026-05-11T06:00:00Z,HU,162.73,15
2026-05-11T06:00:00Z,IT-CNorth,159.42,15
2026-05-11T06:00:00Z,IT-CSouth,134.60,15
2026-05-11T06:00:00Z,IT-North,159.42,15
2026-05-11T06:00:00Z,IT-Sardinia,134.60,15
2026-05-11T06:00:00Z,IT-Sicily,134.60,15
2026-05-11T06:00:00Z,IT-South,134.60,15
2026-05-11T06:00:00Z,LT,162.49,15
2026-05-11T06:00:00Z,LV,162.49,15
2026-05-11T06:00:00Z,NL,203.67,15
2026-05-11T06:00:00Z,NO1,168.05,15
2026-05-11T06:00:00Z,NO2,168.18,15
2026-05-11T06:00:00Z,NO3,165.50,15
2026-05-11T06:00:00Z,NO4,162.25,15
2026-05-11T06:00:00Z,NO5,167.81,15
2026-05-11T06:00:00Z,PL,167.62,15
2026-05-11T06:00:00Z,PT,87.79,15
2026-05-11T06:00:00Z,RO,162.13,15
2026-05-11T06:00:00Z,RS,115.99,15
2026-05-11T06:00:00Z,SE1,162.49,15
2026-05-11T06:00:00Z,SE2,162.60,15
2026-05-11T06:00:00Z,SE3,165.71,15
2026-05-11T06:00:00Z,SE4,169.07,15
2026-05-11T06:00:00Z,SI,159.42,15
2026-05-11T06:00:00Z,SK,164.50,15
2026-05-11T06:15:00Z,AT,154.72,15
2026-05-11T06:15:00Z,BE,149.59,15
2026-05-11T06:15:00Z,CZ,153.71,15
2026-05-11T06:15:00Z,DE-LU,152.51,15
2026-05-11T06:15:00Z,DK1,152.51,15
2026-05-11T06:15:00Z,DK2,152.51,15
2026-05-11T06:15:00Z,EE,145.69,15
2026-05-11T06:15:00Z,ES,66.71,15
2026-05-11T06:15:00Z,FI,145.69,15
2026-05-11T06:15:00Z,FR,66.71,15
2026-05-11T06:15:00Z,GR,106.53,15
2026-05-11T06:15:00Z,HR,155.01,15
2026-05-11T06:15:00Z,HU,154.34,15
2026-05-11T06:15:00Z,IT-CNorth,154.99,15
2026-05-11T06:15:00Z,IT-CSouth,131.75,15
2026-05-11T06:15:00Z,IT-North,154.99,15
2026-05-11T06:15:00Z,IT-Sardinia,131.38,15
2026-05-11T06:15:00Z,IT-Sicily,131.75,15
2026-05-11T06:15:00Z,IT-South,131.75,15
2026-05-11T06:15:00Z,LT,145.69,15
2026-05-11T06:15:00Z,LV,145.69,15
2026-05-11T06:15:00Z,NL,152.67,15
2026-05-11T06:15:00Z,NO1,147.73,15
2026-05-11T06:15:00Z,NO2,147.78,15
2026-05-11T06:15:00Z,NO3,146.79,15
2026-05-11T06:15:00Z,NO4,145.60,15
2026-05-11T06:15:00Z,NO5,147.64,15
2026-05-11T06:15:00Z,PL,153.48,15
2026-05-11T06:15:00Z,PT,66.71,15
2026-05-11T06:15:00Z,RO,154.46,15
2026-05-11T06:15:00Z,RS,115.99,15
2026-05-11T06:15:00Z,SE1,145.68,15
2026-05-11T06:15:00Z,SE2,145.73,15
2026-05-11T06:15:00Z,SE3,146.87,15
2026-05-11T06:15:00Z,SE4,148.10,15
2026-05-11T06:15:00Z,SI,154.99,15
2026-05-11T06:15:00Z,SK,154.01,15
2026-05-11T06:30:00Z,AT,147.93,15
2026-05-11T06:30:00Z,BE,138.97,15
2026-05-11T06:30:00Z,CZ,148.41,15
2026-05-11T06:30:00Z,DE-LU,142.20,15
2026-05-11T06:30:00Z,DK1,142.20,15
2026-05-11T06:30:00Z,DK2,142.20,15
2026-05-11T06:30:00Z,EE,131.65,15
2026-05-11T06:30:00Z,ES,59.78,15
2026-05-11T06:30:00Z,FI,131.65,15
2026-05-11T06:30:00Z,FR,59.78,15
2026-05-11T06:30:00Z,GR,105.37,15
2026-05-11T06:30:00Z,HR,148.94,15
2026-05-11T06:30:00Z,HU,148.90,15
2026-05-11T06:30:00Z,IT-CNorth,148.97,15
2026-05-11T06:30:00Z,IT-CSouth,138.36,15
2026-05-11T06:30:00Z,IT-North,148.97,15
2026-05-11T06:30:00Z,IT-Sardinia,138.36,15
2026-05-11T06:30:00Z,IT-Sicily,138.36,15
2026-05-11T06:30:00Z,IT-South,138.36,15
2026-05-11T06:30:00Z,LT,131.65,15
2026-05-11T06:30:00Z,LV,131.65,15
2026-05-11T06:30:00Z,NL,142.04,15
2026-05-11T06:30:00Z,NO1,137.63,15
2026-05-11T06:30:00Z,NO2,137.78,15
2026-05-11T06:30:00Z,NO3,134.89,15
2026-05-11T06:30:00Z,NO4,131.39,15
2026-05-11T06:30:00Z,NO5,137.38,15
2026-05-11T06:30:00Z,PL,134.04,15
2026-05-11T06:30:00Z,PT,59.78,15
2026-05-11T06:30:00Z,RO,148.44,15
2026-05-11T06:30:00Z,RS,115.99,15
2026-05-11T06:30:00Z,SE1,131.64,15
2026-05-11T06:30:00Z,SE2,131.76,15
2026-05-11T06:30:00Z,SE3,135.12,15
2026-05-11T06:30:00Z,SE4,138.73,15
2026-05-11T06:30:00Z,SI,148.97,15
2026-05-11T06:30:00Z,SK,147.99,15
2026-05-11T06:45:00Z,AT,134.90,15
2026-05-11T06:45:00Z,BE,123.00,15
2026-05-11T06:45:00Z,CZ,132.11,15
2026-05-11T06:45:00Z,DE-LU,131.77,15
2026-05-11T06:45:00Z,DK1,131.77,15
2026-05-11T06:45:00Z,DK2,131.77,15
2026-05-11T06:45:00Z,EE,120.48,15
2026-05-11T06:45:00Z,ES,45.00,15
2026-05-11T06:45:00Z,FI,120.47,15
2026-05-11T06:45:00Z,FR,45.00,15
2026-05-11T06:45:00Z,GR,104.82,15
2026-05-11T06:45:00Z,HR,134.79,15
2026-05-11T06:45:00Z,HU,132.85,15
2026-05-11T06:45:00Z,IT-CNorth,143.56,15
2026-05-11T06:45:00Z,IT-CSouth,134.60,15
2026-05-11T06:45:00Z,IT-North,143.56,15
2026-05-11T06:45:00Z,IT-Sardinia,134.60,15
2026-05-11T06:45:00Z,IT-Sicily,115.69,15
2026-05-11T06:45:00Z,IT-South,115.69,15
2026-05-11T06:45:00Z,LT,120.48,15
2026-05-11T06:45:00Z,LV,120.48,15
2026-05-11T06:45:00Z,NL,129.04,15
2026-05-11T06:45:00Z,NO1,133.50,15
2026-05-11T06:45:00Z,NO2,133.30,15
2026-05-11T06:45:00Z,NO3,135.71,15
2026-05-11T06:45:00Z,NO4,104.89,15
2026-05-11T06:45:00Z,NO5,133.85,15
2026-05-11T06:45:00Z,PL,123.83,15
2026-05-11T06:45:00Z,PT,45.00,15
2026-05-11T06:45:00Z,RO,133.03,15
2026-05-11T06:45:00Z,RS,115.99,15
2026-05-11T06:45:00Z,SE1,120.15,15
2026-05-11T06:45:00Z,SE2,125.10,15
2026-05-11T06:45:00Z,SE3,128.60,15
2026-05-11T06:45:00Z,SE4,131.66,15
2026-05-11T06:45:00Z,SI,134.86,15
2026-05-11T06:45:00Z,SK,131.37,15
2026-05-11T07:00:00Z,AT,155.77,15
2026-05-11T07:00:00Z,BE,152.43,15
2026-05-11T07:00:00Z,CH,131.76,60
2026-05-11T07:00:00Z,CZ,154.48,15
2026-05-11T07:00:00Z,DE-LU,152.95,15
2026-05-11T07:00:00Z,DK1,152.95,15
2026-05-11T07:00:00Z,DK2,152.95,15
2026-05-11T07:00:00Z,EE,126.13,15
2026-05-11T07:00:00Z,ES,58.60,15
2026-05-11T07:00:00Z,FI,126.12,15
2026-05-11T07:00:00Z,FR,58.60,15
2026-05-11T07:00:00Z,GR,0.02,15
2026-05-11T07:00:00Z,HR,155.98,15
2026-05-11T07:00:00Z,HU,155.29,15
2026-05-11T07:00:00Z,IT-CNorth,156.10,15
2026-05-11T07:00:00Z,IT-CSouth,111.15,15
2026-05-11T07:00:00Z,IT-North,156.10,15
2026-05-11T07:00:00Z,IT-Sardinia,111.15,15
2026-05-11T07:00:00Z,IT-Sicily,46.60,15
2026-05-11T07:00:00Z,IT-South,46.60,15
2026-05-11T07:00:00Z,LT,126.13,15
2026-05-11T07:00:00Z,LV,126.13,15
2026-05-11T07:00:00Z,NL,151.87,15
2026-05-11T07:00:00Z,NO1,143.04,15
2026-05-11T07:00:00Z,NO2,142.64,15
2026-05-11T07:00:00Z,NO3,148.31,15
2026-05-11T07:00:00Z,NO4,104.99,15
2026-05-11T07:00:00Z,NO5,143.73,15
2026-05-11T07:00:00Z,PL,154.20,15
2026-05-11T07:00:00Z,PT,58.60,15
2026-05-11T07:00:00Z,RO,155.43,15
2026-05-11T07:00:00Z,RS,103.99,15
2026-05-11T07:00:00Z,SE1,125.61,15
2026-05-11T07:00:00Z,SE2,134.31,15
2026-05-11T07:00:00Z,SE3,137.59,15
2026-05-11T07:00:00Z,SE4,139.32,15
2026-05-11T07:00:00Z,SI,156.10,15
2026-05-11T07:00:00Z,SK,154.86,15
2026-05-11T07:15:00Z,AT,145.92,15
2026-05-11T07:15:00Z,BE,122.58,15
2026-05-11T07:15:00Z,CZ,142.28,15
2026-05-11T07:15:00Z,DE-LU,137.67,15
2026-05-11T07:15:00Z,DK1,137.67,15
2026-05-11T07:15:00Z,DK2,137.67,15
2026-05-11T07:15:00Z,EE,101.29,15
2026-05-11T07:15:00Z,ES,31.31,15
2026-05-11T07:15:00Z,FI,101.27,15
2026-05-11T07:15:00Z,FR,31.31,15
2026-05-11T07:15:00Z,GR,0.01,15
2026-05-11T07:15:00Z,HR,146.26,15
2026-05-11T07:15:00Z,HU,144.39,15
2026-05-11T07:15:00Z,IT-CNorth,146.59,15
2026-05-11T07:15:00Z,IT-CSouth,104.62,15
2026-05-11T07:15:00Z,IT-North,146.59,15
2026-05-11T07:15:00Z,IT-Sardinia,104.62,15
2026-05-11T07:15:00Z,IT-Sicily,5.00,15
2026-05-11T07:15:00Z,IT-South,5.00,15
2026-05-11T07:15:00Z,LT,101.29,15
2026-05-11T07:15:00Z,LV,101.29,15
2026-05-11T07:15:00Z,NL,126.95,15
2026-05-11T07:15:00Z,NO1,133.26,15
2026-05-11T07:15:00Z,NO2,133.15,15
2026-05-11T07:15:00Z,NO3,132.68,15
2026-05-11T07:15:00Z,NO4,77.77,15
2026-05-11T07:15:00Z,NO5,133.44,15
2026-05-11T07:15:00Z,PL,141.33,15
2026-05-11T07:15:00Z,PT,31.31,15
2026-05-11T07:15:00Z,RO,144.78,15
2026-05-11T07:15:00Z,RS,103.99,15
2026-05-11T07:15:00Z,SE1,100.71,15
2026-05-11T07:15:00Z,SE2,110.42,15
2026-05-11T07:15:00Z,SE3,121.49,15
2026-05-11T07:15:00Z,SE4,131.73,15
2026-05-11T07:15:00Z,SI,146.59,15
2026-05-11T07:15:00Z,SK,143.22,15
2026-05-11T07:30:00Z,AT,138.68,15
2026-05-11T07:30:00Z,BE,119.04,15
2026-05-11T07:30:00Z,CZ,133.21,15
2026-05-11T07:30:00Z,DE-LU,133.44,15
2026-05-11T07:30:00Z,DK1,133.44,15
2026-05-11T07:30:00Z,DK2,133.44,15
2026-05-11T07:30:00Z,EE,88.49,15
2026-05-11T07:30:00Z,ES,25.10,15
2026-05-11T07:30:00Z,FI,88.47,15
2026-05-11T07:30:00Z,FR,25.10,15
2026-05-11T07:30:00Z,GR,0.00,15
2026-05-11T07:30:00Z,HR,137.83,15
2026-05-11T07:30:00Z,HU,134.88,15
2026-05-11T07:30:00Z,IT-CNorth,138.68,15
2026-05-11T07:30:00Z,IT-CSouth,60.00,15
2026-05-11T07:30:00Z,IT-North,138.68,15
2026-05-11T07:30:00Z,IT-Sardinia,60.00,15
2026-05-11T07:30:00Z,IT-Sicily,0.00,15
2026-05-11T07:30:00Z,IT-South,0.00,15
2026-05-11T07:30:00Z,LT,88.49,15
2026-05-11T07:30:00Z,LV,88.49,15
2026-05-11T07:30:00Z,NL,124.02,15
2026-05-11T07:30:00Z,NO1,128.11,15
2026-05-11T07:30:00Z,NO2,128.12,15
2026-05-11T07:30:00Z,NO3,125.18,15
2026-05-11T07:30:00Z,NO4,62.81,15
2026-05-11T07:30:00Z,NO5,128.10,15
2026-05-11T07:30:00Z,PL,127.24,15
2026-05-11T07:30:00Z,PT,25.10,15
2026-05-11T07:30:00Z,RO,135.42,15
2026-05-11T07:30:00Z,RS,103.99,15
2026-05-11T07:30:00Z,SE1,87.86,15
2026-05-11T07:30:00Z,SE2,98.47,15
2026-05-11T07:30:00Z,SE3,113.22,15
2026-05-11T07:30:00Z,SE4,127.39,15
2026-05-11T07:30:00Z,SI,138.46,15
2026-05-11T07:30:00Z,SK,132.68,15
2026-05-11T07:45:00Z,AT,120.47,15
2026-05-11T07:45:00Z,BE,111.79,15
2026-05-11T07:45:00Z,CZ,111.00,15
2026-05-11T07:45:00Z,DE-LU,123.14,15
2026-05-11T07:45:00Z,DK1,123.14,15
2026-05-11T07:45:00Z,DK2,123.13,15
2026-05-11T07:45:00Z,EE,83.96,15
2026-05-11T07:45:00Z,ES,20.00,15
2026-05-11T07:45:00Z,FI,83.94,15
2026-05-11T07:45:00Z,FR,20.00,15
2026-05-11T07:45:00Z,GR,0.00,15
2026-05-11T07:45:00Z,HR,116.79,15
2026-05-11T07:45:00Z,HU,111.43,15
2026-05-11T07:45:00Z,IT-CNorth,120.47,15
2026-05-11T07:45:00Z,IT-CSouth,15.84,15
2026-05-11T07:45:00Z,IT-North,120.47,15
2026-05-11T07:45:00Z,IT-Sardinia,15.84,15
2026-05-11T07:45:00Z,IT-Sicily,0.00,15
2026-05-11T07:45:00Z,IT-South,0.00,15
2026-05-11T07:45:00Z,LT,83.96,15
2026-05-11T07:45:00Z,LV,83.96,15
2026-05-11T07:45:00Z,NL,117.80,15
2026-05-11T07:45:00Z,NO1,122.50,15
2026-05-11T07:45:00Z,NO2,122.17,15
2026-05-11T07:45:00Z,NO3,125.17,15
2026-05-11T07:45:00Z,NO4,50.37,15
2026-05-11T07:45:00Z,NO5,123.07,15
2026-05-11T07:45:00Z,PL,93.25,15
2026-05-11T07:45:00Z,PT,20.00,15
2026-05-11T07:45:00Z,RO,112.31,15
2026-05-11T07:45:00Z,RS,103.99,15
2026-05-11T07:45:00Z,SE1,83.14,15
2026-05-11T07:45:00Z,SE2,96.99,15
2026-05-11T07:45:00Z,SE3,108.78,15
2026-05-11T07:45:00Z,SE4,118.91,15
2026-05-11T07:45:00Z,SI,118.08,15
2026-05-11T07:45:00Z,SK,106.92,15
2026-05-11T08:00:00Z,AT,142.87,15
2026-05-11T08:00:00Z,BE,115.23,15
2026-05-11T08:00:00Z,CH,125.70,60
2026-05-11T08:00:00Z,CZ,134.90,15
2026-05-11T08:00:00Z,DE-LU,139.49,15
2026-05-11T08:00:00Z,DK1,139.49,15
2026-05-11T08:00:00Z,DK2,139.49,15
2026-05-11T08:00:00Z,EE,100.11,15
2026-05-11T08:00:00Z,ES,23.45,15
2026-05-11T08:00:00Z,FI,100.08,15
2026-05-11T08:00:00Z,FR,23.45,15
2026-05-11T08:00:00Z,GR,0.00,15
2026-05-11T08:00:00Z,HR,140.69,15
2026-05-11T08:00:00Z,HU,135.58,15
2026-05-11T08:00:00Z,IT-CNorth,141.85,15
2026-05-11T08:00:00Z,IT-CSouth,1.00,15
2026-05-11T08:00:00Z,IT-North,141.85,15
2026-05-11T08:00:00Z,IT-Sardinia,1.00,15
2026-05-11T08:00:00Z,IT-Sicily,0.00,15
2026-05-11T08:00:00Z,IT-South,0.00,15
2026-05-11T08:00:00Z,LT,100.11,15
2026-05-11T08:00:00Z,LV,100.11,15
2026-05-11T08:00:00Z,NL,130.27,15
2026-05-11T08:00:00Z,NO1,130.15,15
2026-05-11T08:00:00Z,NO2,129.43,15
2026-05-11T08:00:00Z,NO3,139.37,15
2026-05-11T08:00:00Z,NO4,62.44,15
2026-05-11T08:00:00Z,NO5,131.41,15
2026-05-11T08:00:00Z,PL,106.78,15
2026-05-11T08:00:00Z,PT,23.45,15
2026-05-11T08:00:00Z,RO,136.02,15
2026-05-11T08:00:00Z,RS,34.54,15
2026-05-11T08:00:00Z,SE1,99.17,15
2026-05-11T08:00:00Z,SE2,114.44,15
2026-05-11T08:00:00Z,SE3,120.44,15
2026-05-11T08:00:00Z,SE4,123.53,15
2026-05-11T08:00:00Z,SI,141.85,15
2026-05-11T08:00:00Z,SK,130.55,15
2026-05-11T08:15:00Z,AT,136.53,15
2026-05-11T08:15:00Z,BE,104.61,15
2026-05-11T08:15:00Z,CZ,131.40,15
2026-05-11T08:15:00Z,DE-LU,128.25,15
2026-05-11T08:15:00Z,DK1,128.25,15
2026-05-11T08:15:00Z,DK2,128.24,15
2026-05-11T08:15:00Z,EE,93.73,15
2026-05-11T08:15:00Z,ES,17.76,15
2026-05-11T08:15:00Z,FI,93.70,15
2026-05-11T08:15:00Z,FR,17.76,15
2026-05-11T08:15:00Z,GR,0.00,15
2026-05-11T08:15:00Z,HR,135.81,15
2026-05-11T08:15:00Z,HU,132.31,15
2026-05-11T08:15:00Z,IT-CNorth,136.61,15
2026-05-11T08:15:00Z,IT-CSouth,41.46,15
2026-05-11T08:15:00Z,IT-North,136.61,15
2026-05-11T08:15:00Z,IT-Sardinia,41.46,15
2026-05-11T08:15:00Z,IT-Sicily,0.00,15
2026-05-11T08:15:00Z,IT-South,0.00,15
2026-05-11T08:15:00Z,LT,93.73,15
2026-05-11T08:15:00Z,LV,93.73,15
2026-05-11T08:15:00Z,NL,118.13,15
2026-05-11T08:15:00Z,NO1,124.93,15
2026-05-11T08:15:00Z,NO2,124.19,15
2026-05-11T08:15:00Z,NO3,134.50,15
2026-05-11T08:15:00Z,NO4,54.62,15
2026-05-11T08:15:00Z,NO5,126.24,15
2026-05-11T08:15:00Z,PL,103.50,15
2026-05-11T08:15:00Z,PT,17.76,15
2026-05-11T08:15:00Z,RO,132.32,15
2026-05-11T08:15:00Z,RS,34.54,15
2026-05-11T08:15:00Z,SE1,92.76,15
2026-05-11T08:15:00Z,SE2,108.62,15
2026-05-11T08:15:00Z,SE3,114.85,15
2026-05-11T08:15:00Z,SE4,118.06,15
2026-05-11T08:15:00Z,SI,136.61,15
2026-05-11T08:15:00Z,SK,128.32,15
2026-05-11T08:30:00Z,AT,124.21,15
2026-05-11T08:30:00Z,BE,99.46,15
2026-05-11T08:30:00Z,CZ,116.36,15
2026-05-11T08:30:00Z,DE-LU,122.14,15
2026-05-11T08:30:00Z,DK1,122.14,15
2026-05-11T08:30:00Z,DK2,122.14,15
2026-05-11T08:30:00Z,EE,81.08,15
2026-05-11T08:30:00Z,ES,16.28,15
2026-05-11T08:30:00Z,FI,81.05,15
2026-05-11T08:30:00Z,FR,16.28,15
2026-05-11T08:30:00Z,GR,0.00,15
2026-05-11T08:30:00Z,HR,122.25,15
2026-05-11T08:30:00Z,HU,117.69,15
2026-05-11T08:30:00Z,IT-CNorth,124.21,15
2026-05-11T08:30:00Z,IT-CSouth,0.00,15
2026-05-11T08:30:00Z,IT-North,124.21,15
2026-05-11T08:30:00Z,IT-Sardinia,0.00,15
2026-05-11T08:30:00Z,IT-Sicily,0.00,15
2026-05-11T08:30:00Z,IT-South,0.00,15
2026-05-11T08:30:00Z,LT,81.08,15
2026-05-11T08:30:00Z,LV,81.08,15
2026-05-11T08:30:00Z,NL,112.97,15
2026-05-11T08:30:00Z,NO1,122.64,15
2026-05-11T08:30:00Z,NO2,122.15,15
2026-05-11T08:30:00Z,NO3,127.49,15
2026-05-11T08:30:00Z,NO4,41.44,15
2026-05-11T08:30:00Z,NO5,123.51,15
2026-05-11T08:30:00Z,PL,104.90,15
2026-05-11T08:30:00Z,PT,16.28,15
2026-05-11T08:30:00Z,RO,118.49,15
2026-05-11T08:30:00Z,RS,34.54,15
2026-05-11T08:30:00Z,SE1,80.09,15
2026-05-11T08:30:00Z,SE2,96.19,15
2026-05-11T08:30:00Z,SE3,108.12,15
2026-05-11T08:30:00Z,SE4,117.65,15
2026-05-11T08:30:00Z,SI,123.21,15
2026-05-11T08:30:00Z,SK,114.11,15
2026-05-11T08:45:00Z,AT,118.48,15
2026-05-11T08:45:00Z,BE,92.69,15
2026-05-11T08:45:00Z,CZ,111.21,15
2026-05-11T08:45:00Z,DE-LU,115.35,15
2026-05-11T08:45:00Z,DK1,115.35,15
2026-05-11T08:45:00Z,DK2,115.34,15
2026-05-11T08:45:00Z,EE,69.02,15
2026-05-11T08:45:00Z,ES,10.49,15
2026-05-11T08:45:00Z,FI,68.99,15
2026-05-11T08:45:00Z,FR,10.49,15
2026-05-11T08:45:00Z,GR,0.00,15
2026-05-11T08:45:00Z,HR,116.86,15
2026-05-11T08:45:00Z,HU,112.68,15
2026-05-11T08:45:00Z,IT-CNorth,117.73,15
2026-05-11T08:45:00Z,IT-CSouth,0.00,15
2026-05-11T08:45:00Z,IT-North,117.73,15
2026-05-11T08:45:00Z,IT-Sardinia,0.00,15
2026-05-11T08:45:00Z,IT-Sicily,0.00,15
2026-05-11T08:45:00Z,IT-South,0.00,15
2026-05-11T08:45:00Z,LT,69.02,15
2026-05-11T08:45:00Z,LV,69.02,15
2026-05-11T08:45:00Z,NL,105.85,15
2026-05-11T08:45:00Z,NO1,118.73,15
2026-05-11T08:45:00Z,NO2,115.19,15
2026-05-11T08:45:00Z,NO3,129.93,15
2026-05-11T08:45:00Z,NO4,27.17,15
2026-05-11T08:45:00Z,NO5,123.06,15
2026-05-11T08:45:00Z,PL,101.32,15
2026-05-11T08:45:00Z,PT,10.49,15
2026-05-11T08:45:00Z,RO,113.42,15
2026-05-11T08:45:00Z,RS,34.54,15
2026-05-11T08:45:00Z,SE1,67.90,15
2026-05-11T08:45:00Z,SE2,95.58,15
2026-05-11T08:45:00Z,SE3,104.97,15
2026-05-11T08:45:00Z,SE4,110.10,15
2026-05-11T08:45:00Z,SI,117.73,15
2026-05-11T08:45:00Z,SK,109.44,15
2026-05-11T09:00:00Z,AT,127.51,15
2026-05-11T09:00:00Z,BE,100.01,15
2026-05-11T09:00:00Z,CH,125.00,60
2026-05-11T09:00:00Z,CZ,117.87,15
2026-05-11T09:00:00Z,DE-LU,126.04,15
2026-05-11T09:00:00Z,DK1,126.04,15
2026-05-11T09:00:00Z,DK2,126.04,15
2026-05-11T09:00:00Z,EE,93.16,15
2026-05-11T09:00:00Z,ES,6.00,15
2026-05-11T09:00:00Z,FI,93.13,15
2026-05-11T09:00:00Z,FR,6.00,15
2026-05-11T09:00:00Z,GR,0.00,15
2026-05-11T09:00:00Z,HR,124.80,15
2026-05-11T09:00:00Z,HU,119.25,15
2026-05-11T09:00:00Z,IT-CNorth,127.51,15
2026-05-11T09:00:00Z,IT-CSouth,0.00,15
2026-05-11T09:00:00Z,IT-North,127.51,15
2026-05-11T09:00:00Z,IT-Sardinia,0.00,15
2026-05-11T09:00:00Z,IT-Sicily,0.00,15
2026-05-11T09:00:00Z,IT-South,0.00,15
2026-05-11T09:00:00Z,LT,93.16,15
2026-05-11T09:00:00Z,LV,93.16,15
2026-05-11T09:00:00Z,NL,117.37,15
2026-05-11T09:00:00Z,NO1,124.37,15
2026-05-11T09:00:00Z,NO2,122.21,15
2026-05-11T09:00:00Z,NO3,134.32,15
2026-05-11T09:00:00Z,NO4,53.96,15
2026-05-11T09:00:00Z,NO5,127.16,15
2026-05-11T09:00:00Z,PL,103.01,15
2026-05-11T09:00:00Z,PT,6.00,15
2026-05-11T09:00:00Z,RO,120.21,15
2026-05-11T09:00:00Z,RS,80.03,15
2026-05-11T09:00:00Z,SE1,92.36,15
2026-05-11T09:00:00Z,SE2,107.91,15
2026-05-11T09:00:00Z,SE3,114.16,15
2026-05-11T09:00:00Z,SE4,117.34,15
2026-05-11T09:00:00Z,SI,126.08,15
2026-05-11T09:00:00Z,SK,114.75,15
2026-05-11T09:15:00Z,AT,119.76,15
2026-05-11T09:15:00Z,BE,90.52,15
2026-05-11T09:15:00Z,CZ,112.53,15
2026-05-11T09:15:00Z,DE-LU,114.96,15
2026-05-11T09:15:00Z,DK1,114.96,15
2026-05-11T09:15:00Z,DK2,114.73,15
2026-05-11T09:15:00Z,EE,87.88,15
2026-05-11T09:15:00Z,ES,5.00,15
2026-05-11T09:15:00Z,FI,87.85,15
2026-05-11T09:15:00Z,FR,5.00,15
2026-05-11T09:15:00Z,GR,0.00,15
2026-05-11T09:15:00Z,HR,118.30,15
2026-05-11T09:15:00Z,HU,114.26,15
2026-05-11T09:15:00Z,IT-CNorth,119.76,15
2026-05-11T09:15:00Z,IT-CSouth,0.00,15
2026-05-11T09:15:00Z,IT-North,119.76,15
2026-05-11T09:15:00Z,IT-Sardinia,0.00,15
2026-05-11T09:15:00Z,IT-Sicily,0.00,15
2026-05-11T09:15:00Z,IT-South,0.00,15
2026-05-11T09:15:00Z,LT,87.88,15
2026-05-11T09:15:00Z,LV,87.88,15
2026-05-11T09:15:00Z,NL,105.71,15
2026-05-11T09:15:00Z,NO1,119.16,15
2026-05-11T09:15:00Z,NO2,115.00,15
2026-05-11T09:15:00Z,NO3,129.78,15
2026-05-11T09:15:00Z,NO4,48.78,15
2026-05-11T09:15:00Z,NO5,124.06,15
2026-05-11T09:15:00Z,PL,103.51,15
2026-05-11T09:15:00Z,PT,5.00,15
2026-05-11T09:15:00Z,RO,114.99,15
2026-05-11T09:15:00Z,RS,80.03,15
2026-05-11T09:15:00Z,SE1,87.08,15
2026-05-11T09:15:00Z,SE2,102.59,15
2026-05-11T09:15:00Z,SE3,108.75,15
2026-05-11T09:15:00Z,SE4,111.88,15
2026-05-11T09:15:00Z,SI,119.20,15
2026-05-11T09:15:00Z,SK,111.13,15
2026-05-11T09:30:00Z,AT,116.62,15
2026-05-11T09:30:00Z,BE,82.87,15
2026-05-11T09:30:00Z,CZ,112.33,15
2026-05-11T09:30:00Z,DE-LU,106.73,15
2026-05-11T09:30:00Z,DK1,106.73,15
2026-05-11T09:30:00Z,DK2,106.95,15
2026-05-11T09:30:00Z,EE,76.58,15
2026-05-11T09:30:00Z,ES,3.08,15
2026-05-11T09:30:00Z,FI,76.54,15
2026-05-11T09:30:00Z,FR,3.08,15
2026-05-11T09:30:00Z,GR,0.00,15
2026-05-11T09:30:00Z,HR,116.81,15
2026-05-11T09:30:00Z,HU,114.54,15
2026-05-11T09:30:00Z,IT-CNorth,117.24,15
2026-05-11T09:30:00Z,IT-CSouth,0.00,15
2026-05-11T09:30:00Z,IT-North,117.24,15
2026-05-11T09:30:00Z,IT-Sardinia,0.00,15
2026-05-11T09:30:00Z,IT-Sicily,0.00,15
2026-05-11T09:30:00Z,IT-South,0.00,15
2026-05-11T09:30:00Z,LT,76.58,15
2026-05-11T09:30:00Z,LV,76.58,15
2026-05-11T09:30:00Z,NL,96.14,15
2026-05-11T09:30:00Z,NO1,115.69,15
2026-05-11T09:30:00Z,NO2,109.68,15
2026-05-11T09:30:00Z,NO3,129.22,15
2026-05-11T09:30:00Z,NO4,27.78,15
2026-05-11T09:30:00Z,NO5,122.66,15
2026-05-11T09:30:00Z,PL,108.39,15
2026-05-11T09:30:00Z,PT,3.08,15
2026-05-11T09:30:00Z,RO,114.94,15
2026-05-11T09:30:00Z,RS,80.03,15
2026-05-11T09:30:00Z,SE1,75.58,15
2026-05-11T09:30:00Z,SE2,94.94,15
2026-05-11T09:30:00Z,SE3,102.60,15
2026-05-11T09:30:00Z,SE4,106.50,15
2026-05-11T09:30:00Z,SI,117.24,15
2026-05-11T09:30:00Z,SK,112.92,15
2026-05-11T09:45:00Z,AT,116.11,15
2026-05-11T09:45:00Z,BE,82.02,15
2026-05-11T09:45:00Z,CZ,111.91,15
2026-05-11T09:45:00Z,DE-LU,106.00,15
2026-05-11T09:45:00Z,DK1,106.00,15
2026-05-11T09:45:00Z,DK2,105.88,15
2026-05-11T09:45:00Z,EE,75.09,15
2026-05-11T09:45:00Z,ES,2.50,15
2026-05-11T09:45:00Z,FI,75.05,15
2026-05-11T09:45:00Z,FR,2.50,15
2026-05-11T09:45:00Z,GR,0.00,15
2026-05-11T09:45:00Z,HR,116.43,15
2026-05-11T09:45:00Z,HU,114.30,15
2026-05-11T09:45:00Z,IT-CNorth,117.24,15
2026-05-11T09:45:00Z,IT-CSouth,13.04,15
2026-05-11T09:45:00Z,IT-North,117.24,15
2026-05-11T09:45:00Z,IT-Sardinia,13.04,15
2026-05-11T09:45:00Z,IT-Sicily,0.00,15
2026-05-11T09:45:00Z,IT-South,0.00,15
2026-05-11T09:45:00Z,LT,55.00,15
2026-05-11T09:45:00Z,LV,55.00,15
2026-05-11T09:45:00Z,NL,95.15,15
2026-05-11T09:45:00Z,NO1,114.78,15
2026-05-11T09:45:00Z,NO2,108.43,15
2026-05-11T09:45:00Z,NO3,128.59,15
2026-05-11T09:45:00Z,NO4,25.59,15
2026-05-11T09:45:00Z,NO5,122.11,15
2026-05-11T09:45:00Z,PL,110.88,15
2026-05-11T09:45:00Z,PT,2.50,15
2026-05-11T09:45:00Z,RO,114.74,15
2026-05-11T09:45:00Z,RS,80.03,15
2026-05-11T09:45:00Z,SE1,74.08,15
2026-05-11T09:45:00Z,SE2,93.72,15
2026-05-11T09:45:00Z,SE3,101.47,15
2026-05-11T09:45:00Z,SE4,105.43,15
2026-05-11T09:45:00Z,SI,116.81,15
2026-05-11T09:45:00Z,SK,112.97,15
2026-05-11T10:00:00Z,AT,116.89,15
2026-05-11T10:00:00Z,BE,84.64,15
2026-05-11T10:00:00Z,CH,106.01,60
2026-05-11T10:00:00Z,CZ,111.94,15
2026-05-11T10:00:00Z,DE-LU,108.40,15
2026-05-11T10:00:00Z,DK1,108.40,15
2026-05-11T10:00:00Z,DK2,109.44,15
2026-05-11T10:00:00Z,EE,84.98,15
2026-05-11T10:00:00Z,ES,5.00,15
2026-05-11T10:00:00Z,FI,84.96,15
2026-05-11T10:00:00Z,FR,6.74,15
2026-05-11T10:00:00Z,GR,0.00,15
2026-05-11T10:00:00Z,HR,116.76,15
2026-05-11T10:00:00Z,HU,114.12,15
2026-05-11T10:00:00Z,IT-CNorth,117.24,15
2026-05-11T10:00:00Z,IT-CSouth,0.00,15
2026-05-11T10:00:00Z,IT-North,117.24,15
2026-05-11T10:00:00Z,IT-Sardinia,0.00,15
2026-05-11T10:00:00Z,IT-Sicily,0.00,15
2026-05-11T10:00:00Z,IT-South,0.00,15
2026-05-11T10:00:00Z,LT,61.67,15
2026-05-11T10:00:00Z,LV,61.67,15
2026-05-11T10:00:00Z,NL,99.03,15
2026-05-11T10:00:00Z,NO1,116.43,15
2026-05-11T10:00:00Z,NO2,111.96,15
2026-05-11T10:00:00Z,NO3,127.32,15
2026-05-11T10:00:00Z,NO4,45.90,15
2026-05-11T10:00:00Z,NO5,121.68,15
2026-05-11T10:00:00Z,PL,108.71,15
2026-05-11T10:00:00Z,PT,5.00,15
2026-05-11T10:00:00Z,RO,114.62,15
2026-05-11T10:00:00Z,RS,79.81,15
2026-05-11T10:00:00Z,SE1,84.21,15
2026-05-11T10:00:00Z,SE2,99.73,15
2026-05-11T10:00:00Z,SE3,106.01,15
2026-05-11T10:00:00Z,SE4,109.08,15
2026-05-11T10:00:00Z,SI,117.24,15
2026-05-11T10:00:00Z,SK,112.24,15
2026-05-11T10:15:00Z,AT,116.52,15
2026-05-11T10:15:00Z,BE,81.84,15
2026-05-11T10:15:00Z,CZ,112.27,15
2026-05-11T10:15:00Z,DE-LU,106.20,15
2026-05-11T10:15:00Z,DK1,106.20,15
2026-05-11T10:15:00Z,DK2,107.94,15
2026-05-11T10:15:00Z,EE,84.18,15
2026-05-11T10:15:00Z,ES,3.08,15
2026-05-11T10:15:00Z,FI,84.15,15
2026-05-11T10:15:00Z,FR,3.08,15
2026-05-11T10:15:00Z,GR,0.00,15
2026-05-11T10:15:00Z,HR,116.88,15
2026-05-11T10:15:00Z,HU,114.71,15
2026-05-11T10:15:00Z,IT-CNorth,117.24,15
2026-05-11T10:15:00Z,IT-CSouth,0.00,15
2026-05-11T10:15:00Z,IT-North,117.24,15
2026-05-11T10:15:00Z,IT-Sardinia,0.00,15
2026-05-11T10:15:00Z,IT-Sicily,0.00,15
2026-05-11T10:15:00Z,IT-South,0.00,15
2026-05-11T10:15:00Z,LT,48.42,15
2026-05-11T10:15:00Z,LV,48.42,15
2026-05-11T10:15:00Z,NL,96.07,15
2026-05-11T10:15:00Z,NO1,114.96,15
2026-05-11T10:15:00Z,NO2,109.10,15
2026-05-11T10:15:00Z,NO3,126.09,15
2026-05-11T10:15:00Z,NO4,46.07,15
2026-05-11T10:15:00Z,NO5,121.66,15
2026-05-11T10:15:00Z,PL,111.20,15
2026-05-11T10:15:00Z,PT,3.08,15
2026-05-11T10:15:00Z,RO,115.15,15
2026-05-11T10:15:00Z,RS,79.81,15
2026-05-11T10:15:00Z,SE1,83.42,15
2026-05-11T10:15:00Z,SE2,98.56,15
2026-05-11T10:15:00Z,SE3,104.63,15
2026-05-11T10:15:00Z,SE4,107.59,15
2026-05-11T10:15:00Z,SI,117.24,15
2026-05-11T10:15:00Z,SK,113.30,15
2026-05-11T10:30:00Z,AT,116.52,15
2026-05-11T10:30:00Z,BE,81.81,15
2026-05-11T10:30:00Z,CZ,112.27,15
2026-05-11T10:30:00Z,DE-LU,106.19,15
2026-05-11T10:30:00Z,DK1,106.19,15
2026-05-11T10:30:00Z,DK2,107.77,15
2026-05-11T10:30:00Z,EE,83.88,15
2026-05-11T10:30:00Z,ES,3.00,15
2026-05-11T10:30:00Z,FI,83.85,15
2026-05-11T10:30:00Z,FR,3.00,15
2026-05-11T10:30:00Z,GR,0.00,15
2026-05-11T10:30:00Z,HR,116.88,15
2026-05-11T10:30:00Z,HU,114.70,15
2026-05-11T10:30:00Z,IT-CNorth,117.24,15
2026-05-11T10:30:00Z,IT-CSouth,0.00,15
2026-05-11T10:30:00Z,IT-North,117.24,15
2026-05-11T10:30:00Z,IT-Sardinia,0.00,15
2026-05-11T10:30:00Z,IT-Sicily,0.00,15
2026-05-11T10:30:00Z,IT-South,0.00,15
2026-05-11T10:30:00Z,LT,40.26,15
2026-05-11T10:30:00Z,LV,40.26,15
2026-05-11T10:30:00Z,NL,96.05,15
2026-05-11T10:30:00Z,NO1,114.84,15
2026-05-11T10:30:00Z,NO2,109.10,15
2026-05-11T10:30:00Z,NO3,125.96,15
2026-05-11T10:30:00Z,NO4,45.58,15
2026-05-11T10:30:00Z,NO5,121.43,15
2026-05-11T10:30:00Z,PL,111.20,15
2026-05-11T10:30:00Z,PT,3.00,15
2026-05-11T10:30:00Z,RO,115.15,15
2026-05-11T10:30:00Z,RS,79.81,15
2026-05-11T10:30:00Z,SE1,83.12,15
2026-05-11T10:30:00Z,SE2,98.33,15
2026-05-11T10:30:00Z,SE3,104.44,15
2026-05-11T10:30:00Z,SE4,107.42,15
2026-05-11T10:30:00Z,SI,117.24,15
2026-05-11T10:30:00Z,SK,113.30,15
2026-05-11T10:45:00Z,AT,111.03,15
2026-05-11T10:45:00Z,BE,77.84,15
2026-05-11T10:45:00Z,CZ,106.96,15
2026-05-11T10:45:00Z,DE-LU,101.15,15
2026-05-11T10:45:00Z,DK1,101.15,15
2026-05-11T10:45:00Z,DK2,102.74,15
2026-05-11T10:45:00Z,EE,81.33,15
2026-05-11T10:45:00Z,ES,2.50,15
2026-05-11T10:45:00Z,FI,81.30,15
2026-05-11T10:45:00Z,FR,2.50,15
2026-05-11T10:45:00Z,GR,0.00,15
2026-05-11T10:45:00Z,HR,111.37,15
2026-05-11T10:45:00Z,HU,109.29,15
2026-05-11T10:45:00Z,IT-CNorth,111.71,15
2026-05-11T10:45:00Z,IT-CSouth,0.00,15
2026-05-11T10:45:00Z,IT-North,111.71,15
2026-05-11T10:45:00Z,IT-Sardinia,0.00,15
2026-05-11T10:45:00Z,IT-Sicily,0.00,15
2026-05-11T10:45:00Z,IT-South,0.00,15
2026-05-11T10:45:00Z,LT,49.63,15
2026-05-11T10:45:00Z,LV,49.63,15
2026-05-11T10:45:00Z,NL,91.46,15
2026-05-11T10:45:00Z,NO1,112.54,15
2026-05-11T10:45:00Z,NO2,104.55,15
2026-05-11T10:45:00Z,NO3,122.11,15
2026-05-11T10:45:00Z,NO4,46.75,15
2026-05-11T10:45:00Z,NO5,121.47,15
2026-05-11T10:45:00Z,PL,105.94,15
2026-05-11T10:45:00Z,PT,2.50,15
2026-05-11T10:45:00Z,RO,109.71,15
2026-05-11T10:45:00Z,RS,79.81,15
2026-05-11T10:45:00Z,SE1,80.64,15
2026-05-11T10:45:00Z,SE2,94.38,15
2026-05-11T10:45:00Z,SE3,99.79,15
2026-05-11T10:45:00Z,SE4,102.44,15
2026-05-11T10:45:00Z,SI,111.71,15
2026-05-11T10:45:00Z,SK,107.94,15
2026-05-11T11:00:00Z,AT,111.83,15
2026-05-11T11:00:00Z,BE,78.23,15
2026-05-11T11:00:00Z,CH,102.39,60
2026-05-11T11:00:00Z,CZ,107.68,15
2026-05-11T11:00:00Z,DE-LU,101.66,15
2026-05-11T11:00:00Z,DK1,101.66,15
2026-05-11T11:00:00Z,DK2,103.52,15
2026-05-11T11:00:00Z,EE,83.84,15
2026-05-11T11:00:00Z,ES,1.50,15
2026-05-11T11:00:00Z,FI,83.82,15
2026-05-11T11:00:00Z,FR,1.50,15
2026-05-11T11:00:00Z,GR,0.00,15
2026-05-11T11:00:00Z,HR,112.15,15
2026-05-11T11:00:00Z,HU,110.06,15
2026-05-11T11:00:00Z,IT-CNorth,112.54,15
2026-05-11T11:00:00Z,IT-CSouth,0.00,15
2026-05-11T11:00:00Z,IT-North,112.54,15
2026-05-11T11:00:00Z,IT-Sardinia,0.00,15
2026-05-11T11:00:00Z,IT-Sicily,0.00,15
2026-05-11T11:00:00Z,IT-South,0.00,15
2026-05-11T11:00:00Z,LT,50.01,15
2026-05-11T11:00:00Z,LV,50.01,15
2026-05-11T11:00:00Z,NL,91.82,15
2026-05-11T11:00:00Z,NO1,112.07,15
2026-05-11T11:00:00Z,NO2,103.30,15
2026-05-11T11:00:00Z,NO3,121.66,15
2026-05-11T11:00:00Z,NO4,51.89,15
2026-05-11T11:00:00Z,NO5,121.49,15
2026-05-11T11:00:00Z,PL,106.61,15
2026-05-11T11:00:00Z,PT,1.50,15
2026-05-11T11:00:00Z,RO,110.49,15
2026-05-11T11:00:00Z,RS,77.94,15
2026-05-11T11:00:00Z,SE1,83.21,15
2026-05-11T11:00:00Z,SE2,95.97,15
2026-05-11T11:00:00Z,SE3,100.80,15
2026-05-11T11:00:00Z,SE4,103.23,15
2026-05-11T11:00:00Z,SI,112.54,15
2026-05-11T11:00:00Z,SK,108.70,15
2026-05-11T11:15:00Z,AT,111.38,15
2026-05-11T11:15:00Z,BE,77.84,15
2026-05-11T11:15:00Z,CZ,107.23,15
2026-05-11T11:15:00Z,DE-LU,101.22,15
2026-05-11T11:15:00Z,DK1,101.22,15
2026-05-11T11:15:00Z,DK2,103.07,15
2026-05-11T11:15:00Z,EE,84.96,15
2026-05-11T11:15:00Z,ES,1.25,15
2026-05-11T11:15:00Z,FI,84.94,15
2026-05-11T11:15:00Z,FR,1.25,15
2026-05-11T11:15:00Z,GR,0.00,15
2026-05-11T11:15:00Z,HR,111.69,15
2026-05-11T11:15:00Z,HU,109.60,15
2026-05-11T11:15:00Z,IT-CNorth,112.08,15
2026-05-11T11:15:00Z,IT-CSouth,0.00,15
2026-05-11T11:15:00Z,IT-North,112.08,15
2026-05-11T11:15:00Z,IT-Sardinia,0.00,15
2026-05-11T11:15:00Z,IT-Sicily,0.00,15
2026-05-11T11:15:00Z,IT-South,0.00,15
2026-05-11T11:15:00Z,LT,68.00,15
2026-05-11T11:15:00Z,LV,68.00,15
2026-05-11T11:15:00Z,NL,91.40,15
2026-05-11T11:15:00Z,NO1,112.28,15
2026-05-11T11:15:00Z,NO2,103.70,15
2026-05-11T11:15:00Z,NO3,120.70,15
2026-05-11T11:15:00Z,NO4,55.50,15
2026-05-11T11:15:00Z,NO5,121.48,15
2026-05-11T11:15:00Z,PL,106.16,15
2026-05-11T11:15:00Z,PT,1.25,15
2026-05-11T11:15:00Z,RO,110.03,15
2026-05-11T11:15:00Z,RS,77.94,15
2026-05-11T11:15:00Z,SE1,84.38,15
2026-05-11T11:15:00Z,SE2,96.14,15
2026-05-11T11:15:00Z,SE3,100.57,15
2026-05-11T11:15:00Z,SE4,102.81,15
2026-05-11T11:15:00Z,SI,112.08,15
2026-05-11T11:15:00Z,SK,108.25,15
2026-05-11T11:30:00Z,AT,108.62,15
2026-05-11T11:30:00Z,BE,75.92,15
2026-05-11T11:30:00Z,CZ,104.58,15
2026-05-11T11:30:00Z,DE-LU,98.72,15
2026-05-11T11:30:00Z,DK1,98.72,15
2026-05-11T11:30:00Z,DK2,100.53,15
2026-05-11T11:30:00Z,EE,84.30,15
2026-05-11T11:30:00Z,ES,1.25,15
2026-05-11T11:30:00Z,FI,84.28,15
2026-05-11T11:30:00Z,FR,1.25,15
2026-05-11T11:30:00Z,GR,0.00,15
2026-05-11T11:30:00Z,HR,108.93,15
2026-05-11T11:30:00Z,HU,106.89,15
2026-05-11T11:30:00Z,IT-CNorth,114.78,15
2026-05-11T11:30:00Z,IT-CSouth,0.00,15
2026-05-11T11:30:00Z,IT-North,114.78,15
2026-05-11T11:30:00Z,IT-Sardinia,0.00,15
2026-05-11T11:30:00Z,IT-Sicily,0.00,15
2026-05-11T11:30:00Z,IT-South,0.00,15
2026-05-11T11:30:00Z,LT,66.00,15
2026-05-11T11:30:00Z,LV,66.00,15
2026-05-11T11:30:00Z,NL,89.14,15
2026-05-11T11:30:00Z,NO1,110.92,15
2026-05-11T11:30:00Z,NO2,100.99,15
2026-05-11T11:30:00Z,NO3,118.41,15
2026-05-11T11:30:00Z,NO4,57.71,15
2026-05-11T11:30:00Z,NO5,121.45,15
2026-05-11T11:30:00Z,PL,103.54,15
2026-05-11T11:30:00Z,PT,1.25,15
2026-05-11T11:30:00Z,RO,107.31,15
2026-05-11T11:30:00Z,RS,77.94,15
2026-05-11T11:30:00Z,SE1,83.77,15
2026-05-11T11:30:00Z,SE2,94.40,15
2026-05-11T11:30:00Z,SE3,98.31,15
2026-05-11T11:30:00Z,SE4,100.29,15
2026-05-11T11:30:00Z,SI,109.30,15
2026-05-11T11:30:00Z,SK,105.57,15
2026-05-11T11:45:00Z,AT,102.90,15
2026-05-11T11:45:00Z,BE,71.90,15
2026-05-11T11:45:00Z,CZ,99.07,15
2026-05-11T11:45:00Z,DE-LU,93.52,15
2026-05-11T11:45:00Z,DK1,93.52,15
2026-05-11T11:45:00Z,DK2,95.41,15
2026-05-11T11:45:00Z,EE,82.68,15
2026-05-11T11:45:00Z,ES,1.10,15
2026-05-11T11:45:00Z,FI,82.66,15
2026-05-11T11:45:00Z,FR,1.10,15
2026-05-11T11:45:00Z,GR,0.00,15
2026-05-11T11:45:00Z,HR,103.20,15
2026-05-11T11:45:00Z,HU,101.26,15
2026-05-11T11:45:00Z,IT-CNorth,117.24,15
2026-05-11T11:45:00Z,IT-CSouth,0.00,15
2026-05-11T11:45:00Z,IT-North,117.24,15
2026-05-11T11:45:00Z,IT-Sardinia,0.00,15
2026-05-11T11:45:00Z,IT-Sicily,0.00,15
2026-05-11T11:45:00Z,IT-South,0.00,15
2026-05-11T11:45:00Z,LT,71.99,15
2026-05-11T11:45:00Z,LV,71.99,15
2026-05-11T11:45:00Z,NL,84.44,15
2026-05-11T11:45:00Z,NO1,108.08,15
2026-05-11T11:45:00Z,NO2,95.39,15
2026-05-11T11:45:00Z,NO3,115.16,15
2026-05-11T11:45:00Z,NO4,58.08,15
2026-05-11T11:45:00Z,NO5,121.42,15
2026-05-11T11:45:00Z,PL,98.09,15
2026-05-11T11:45:00Z,PT,1.10,15
2026-05-11T11:45:00Z,RO,101.66,15
2026-05-11T11:45:00Z,RS,77.94,15
2026-05-11T11:45:00Z,SE1,82.23,15
2026-05-11T11:45:00Z,SE2,91.23,15
2026-05-11T11:45:00Z,SE3,93.93,15
2026-05-11T11:45:00Z,SE4,95.24,15
2026-05-11T11:45:00Z,SI,103.55,15
2026-05-11T11:45:00Z,SK,100.01,15
2026-05-11T12:00:00Z,AT,107.03,15
2026-05-11T12:00:00Z,BE,75.24,15
2026-05-11T12:00:00Z,CH,107.29,60
2026-05-11T12:00:00Z,CZ,103.11,15
2026-05-11T12:00:00Z,DE-LU,97.33,15
2026-05-11T12:00:00Z,DK1,97.33,15
2026-05-11T12:00:00Z,DK2,99.11,15
2026-05-11T12:00:00Z,EE,80.12,15
2026-05-11T12:00:00Z,ES,1.50,15
2026-05-11T12:00:00Z,FI,80.10,15
2026-05-11T12:00:00Z,FR,1.50,15
2026-05-11T12:00:00Z,GR,0.00,15
2026-05-11T12:00:00Z,HR,107.34,15
2026-05-11T12:00:00Z,HU,105.35,15
2026-05-11T12:00:00Z,IT-CNorth,113.40,15
2026-05-11T12:00:00Z,IT-CSouth,0.00,15
2026-05-11T12:00:00Z,IT-North,113.40,15
2026-05-11T12:00:00Z,IT-Sardinia,0.00,15
2026-05-11T12:00:00Z,IT-Sicily,0.00,15
2026-05-11T12:00:00Z,IT-South,0.00,15
2026-05-11T12:00:00Z,LT,70.22,15
2026-05-11T12:00:00Z,LV,70.22,15
2026-05-11T12:00:00Z,NL,88.09,15
2026-05-11T12:00:00Z,NO1,110.17,15
2026-05-11T12:00:00Z,NO2,99.54,15
2026-05-11T12:00:00Z,NO3,119.63,15
2026-05-11T12:00:00Z,NO4,47.84,15
2026-05-11T12:00:00Z,NO5,121.35,15
2026-05-11T12:00:00Z,PL,102.08,15
2026-05-11T12:00:00Z,PT,1.50,15
2026-05-11T12:00:00Z,RO,105.76,15
2026-05-11T12:00:00Z,RS,76.00,15
2026-05-11T12:00:00Z,SE1,79.50,15
2026-05-11T12:00:00Z,SE2,92.07,15
2026-05-11T12:00:00Z,SE3,96.56,15
2026-05-11T12:00:00Z,SE4,98.81,15
2026-05-11T12:00:00Z,SI,107.70,15
2026-05-11T12:00:00Z,SK,104.03,15
2026-05-11T12:15:00Z,AT,107.04,15
2026-05-11T12:15:00Z,BE,75.22,15
2026-05-11T12:15:00Z,CZ,103.11,15
2026-05-11T12:15:00Z,DE-LU,97.32,15
2026-05-11T12:15:00Z,DK1,97.33,15
2026-05-11T12:15:00Z,DK2,99.36,15
2026-05-11T12:15:00Z,EE,86.22,15
2026-05-11T12:15:00Z,ES,1.43,15
2026-05-11T12:15:00Z,FI,86.20,15
2026-05-11T12:15:00Z,FR,1.43,15
2026-05-11T12:15:00Z,GR,0.00,15
2026-05-11T12:15:00Z,HR,107.34,15
2026-05-11T12:15:00Z,HU,105.35,15
2026-05-11T12:15:00Z,IT-CNorth,117.24,15
2026-05-11T12:15:00Z,IT-CSouth,0.00,15
2026-05-11T12:15:00Z,IT-North,117.24,15
2026-05-11T12:15:00Z,IT-Sardinia,0.00,15
2026-05-11T12:15:00Z,IT-Sicily,0.00,15
2026-05-11T12:15:00Z,IT-South,0.00,15
2026-05-11T12:15:00Z,LT,86.22,15
2026-05-11T12:15:00Z,LV,86.22,15
2026-05-11T12:15:00Z,NL,88.09,15
2026-05-11T12:15:00Z,NO1,110.15,15
2026-05-11T12:15:00Z,NO2,99.56,15
2026-05-11T12:15:00Z,NO3,121.09,15
2026-05-11T12:15:00Z,NO4,51.54,15
2026-05-11T12:15:00Z,NO5,121.32,15
2026-05-11T12:15:00Z,PL,102.08,15
2026-05-11T12:15:00Z,PT,1.43,15
2026-05-11T12:15:00Z,RO,105.76,15
2026-05-11T12:15:00Z,RS,76.00,15
2026-05-11T12:15:00Z,SE1,85.68,15
2026-05-11T12:15:00Z,SE2,96.28,15
2026-05-11T12:15:00Z,SE3,98.38,15
2026-05-11T12:15:00Z,SE4,99.19,15
2026-05-11T12:15:00Z,SI,107.70,15
2026-05-11T12:15:00Z,SK,104.03,15
2026-05-11T12:30:00Z,AT,103.43,15
2026-05-11T12:30:00Z,BE,72.60,15
2026-05-11T12:30:00Z,CZ,99.62,15
2026-05-11T12:30:00Z,DE-LU,94.02,15
2026-05-11T12:30:00Z,DK1,94.17,15
2026-05-11T12:30:00Z,DK2,96.30,15
2026-05-11T12:30:00Z,EE,85.93,15
2026-05-11T12:30:00Z,ES,1.10,15
2026-05-11T12:30:00Z,FI,85.92,15
2026-05-11T12:30:00Z,FR,1.10,15
2026-05-11T12:30:00Z,GR,0.00,15
2026-05-11T12:30:00Z,HR,103.73,15
2026-05-11T12:30:00Z,HU,101.80,15
2026-05-11T12:30:00Z,IT-CNorth,117.24,15
2026-05-11T12:30:00Z,IT-CSouth,0.00,15
2026-05-11T12:30:00Z,IT-North,117.24,15
2026-05-11T12:30:00Z,IT-Sardinia,0.00,15
2026-05-11T12:30:00Z,IT-Sicily,0.00,15
2026-05-11T12:30:00Z,IT-South,0.00,15
2026-05-11T12:30:00Z,LT,85.93,15
2026-05-11T12:30:00Z,LV,85.93,15
2026-05-11T12:30:00Z,NL,85.07,15
2026-05-11T12:30:00Z,NO1,108.45,15
2026-05-11T12:30:00Z,NO2,96.08,15
2026-05-11T12:30:00Z,NO3,117.20,15
2026-05-11T12:30:00Z,NO4,58.08,15
2026-05-11T12:30:00Z,NO5,121.31,15
2026-05-11T12:30:00Z,PL,98.63,15
2026-05-11T12:30:00Z,PT,1.10,15
2026-05-11T12:30:00Z,RO,102.20,15
2026-05-11T12:30:00Z,RS,76.00,15
2026-05-11T12:30:00Z,SE1,85.50,15
2026-05-11T12:30:00Z,SE2,94.03,15
2026-05-11T12:30:00Z,SE3,95.59,15
2026-05-11T12:30:00Z,SE4,96.18,15
2026-05-11T12:30:00Z,SI,104.07,15
2026-05-11T12:30:00Z,SK,100.52,15
2026-05-11T12:45:00Z,AT,105.44,15
2026-05-11T12:45:00Z,BE,70.83,15
2026-05-11T12:45:00Z,CZ,102.02,15
2026-05-11T12:45:00Z,DE-LU,95.25,15
2026-05-11T12:45:00Z,DK1,95.30,15
2026-05-11T12:45:00Z,DK2,98.93,15
2026-05-11T12:45:00Z,EE,88.27,15
2026-05-11T12:45:00Z,ES,1.00,15
2026-05-11T12:45:00Z,FI,88.25,15
2026-05-11T12:45:00Z,FR,1.00,15
2026-05-11T12:45:00Z,GR,0.00,15
2026-05-11T12:45:00Z,HR,105.77,15
2026-05-11T12:45:00Z,HU,104.01,15
2026-05-11T12:45:00Z,IT-CNorth,117.24,15
2026-05-11T12:45:00Z,IT-CSouth,0.00,15
2026-05-11T12:45:00Z,IT-North,117.24,15
2026-05-11T12:45:00Z,IT-Sardinia,0.00,15
2026-05-11T12:45:00Z,IT-Sicily,0.00,15
2026-05-11T12:45:00Z,IT-South,0.00,15
2026-05-11T12:45:00Z,LT,88.27,15
2026-05-11T12:45:00Z,LV,88.27,15
2026-05-11T12:45:00Z,NL,63.54,15
2026-05-11T12:45:00Z,NO1,108.98,15
2026-05-11T12:45:00Z,NO2,97.29,15
2026-05-11T12:45:00Z,NO3,118.65,15
2026-05-11T12:45:00Z,NO4,59.75,15
2026-05-11T12:45:00Z,NO5,121.18,15
2026-05-11T12:45:00Z,PL,101.14,15
2026-05-11T12:45:00Z,PT,1.10,15
2026-05-11T12:45:00Z,RO,104.37,15
2026-05-11T12:45:00Z,RS,76.00,15
2026-05-11T12:45:00Z,SE1,87.82,15
2026-05-11T12:45:00Z,SE2,96.56,15
2026-05-11T12:45:00Z,SE3,98.18,15
2026-05-11T12:45:00Z,SE4,98.80,15
2026-05-11T12:45:00Z,SI,106.08,15
2026-05-11T12:45:00Z,SK,102.84,15
2026-05-11T13:00:00Z,AT,104.63,15
2026-05-11T13:00:00Z,BE,74.06,15
2026-05-11T13:00:00Z,CH,103.68,60
2026-05-11T13:00:00Z,CZ,100.79,15
2026-05-11T13:00:00Z,DE-LU,95.04,15
2026-05-11T13:00:00Z,DK1,95.05,15
2026-05-11T13:00:00Z,DK2,96.89,15
2026-05-11T13:00:00Z,EE,80.42,15
2026-05-11T13:00:00Z,ES,0.84,15
2026-05-11T13:00:00Z,FI,80.39,15
2026-05-11T13:00:00Z,FR,0.84,15
2026-05-11T13:00:00Z,GR,0.00,15
2026-05-11T13:00:00Z,HR,104.86,15
2026-05-11T13:00:00Z,HU,102.94,15
2026-05-11T13:00:00Z,IT-CNorth,115.52,15
2026-05-11T13:00:00Z,IT-CSouth,0.00,15
2026-05-11T13:00:00Z,IT-North,115.52,15
2026-05-11T13:00:00Z,IT-Sardinia,0.00,15
2026-05-11T13:00:00Z,IT-Sicily,0.00,15
2026-05-11T13:00:00Z,IT-South,0.00,15
2026-05-11T13:00:00Z,LT,71.33,15
2026-05-11T13:00:00Z,LV,71.33,15
2026-05-11T13:00:00Z,NL,85.00,15
2026-05-11T13:00:00Z,NO1,108.59,15
2026-05-11T13:00:00Z,NO2,97.20,15
2026-05-11T13:00:00Z,NO3,122.29,15
2026-05-11T13:00:00Z,NO4,37.20,15
2026-05-11T13:00:00Z,NO5,121.04,15
2026-05-11T13:00:00Z,PL,99.80,15
2026-05-11T13:00:00Z,PT,0.84,15
2026-05-11T13:00:00Z,RO,103.33,15
2026-05-11T13:00:00Z,RS,79.00,15
2026-05-11T13:00:00Z,SE1,79.81,15
2026-05-11T13:00:00Z,SE2,92.90,15
2026-05-11T13:00:00Z,SE3,95.66,15
2026-05-11T13:00:00Z,SE4,96.66,15
2026-05-11T13:00:00Z,SI,105.20,15
2026-05-11T13:00:00Z,SK,101.70,15
2026-05-11T13:15:00Z,AT,105.70,15
2026-05-11T13:15:00Z,BE,74.82,15
2026-05-11T13:15:00Z,CZ,101.82,15
2026-05-11T13:15:00Z,DE-LU,96.02,15
2026-05-11T13:15:00Z,DK1,96.03,15
2026-05-11T13:15:00Z,DK2,98.30,15
2026-05-11T13:15:00Z,EE,85.20,15
2026-05-11T13:15:00Z,ES,0.84,15
2026-05-11T13:15:00Z,FI,85.18,15
2026-05-11T13:15:00Z,FR,0.84,15
2026-05-11T13:15:00Z,GR,0.00,15
2026-05-11T13:15:00Z,HR,105.94,15
2026-05-11T13:15:00Z,HU,104.00,15
2026-05-11T13:15:00Z,IT-CNorth,117.24,15
2026-05-11T13:15:00Z,IT-CSouth,0.00,15
2026-05-11T13:15:00Z,IT-North,117.24,15
2026-05-11T13:15:00Z,IT-Sardinia,0.00,15
2026-05-11T13:15:00Z,IT-Sicily,0.00,15
2026-05-11T13:15:00Z,IT-South,0.00,15
2026-05-11T13:15:00Z,LT,85.20,15
2026-05-11T13:15:00Z,LV,85.20,15
2026-05-11T13:15:00Z,NL,85.87,15
2026-05-11T13:15:00Z,NO1,109.17,15
2026-05-11T13:15:00Z,NO2,98.19,15
2026-05-11T13:15:00Z,NO3,120.18,15
2026-05-11T13:15:00Z,NO4,50.62,15
2026-05-11T13:15:00Z,NO5,121.07,15
2026-05-11T13:15:00Z,PL,100.82,15
2026-05-11T13:15:00Z,PT,0.84,15
2026-05-11T13:15:00Z,RO,104.39,15
2026-05-11T13:15:00Z,RS,79.00,15
2026-05-11T13:15:00Z,SE1,84.72,15
2026-05-11T13:15:00Z,SE2,95.19,15
2026-05-11T13:15:00Z,SE3,97.34,15
2026-05-11T13:15:00Z,SE4,98.12,15
2026-05-11T13:15:00Z,SI,106.28,15
2026-05-11T13:15:00Z,SK,102.75,15
2026-05-11T13:30:00Z,AT,106.35,15
2026-05-11T13:30:00Z,BE,71.59,15
2026-05-11T13:30:00Z,CZ,102.95,15
2026-05-11T13:30:00Z,DE-LU,95.90,15
2026-05-11T13:30:00Z,DK1,96.04,15
2026-05-11T13:30:00Z,DK2,102.44,15
2026-05-11T13:30:00Z,EE,90.23,15
2026-05-11T13:30:00Z,ES,0.51,15
2026-05-11T13:30:00Z,FI,90.21,15
2026-05-11T13:30:00Z,FR,0.51,15
2026-05-11T13:30:00Z,GR,0.00,15
2026-05-11T13:30:00Z,HR,106.61,15
2026-05-11T13:30:00Z,HU,104.88,15
2026-05-11T13:30:00Z,IT-CNorth,117.24,15
2026-05-11T13:30:00Z,IT-CSouth,0.00,15
2026-05-11T13:30:00Z,IT-North,117.24,15
2026-05-11T13:30:00Z,IT-Sardinia,0.00,15
2026-05-11T13:30:00Z,IT-Sicily,0.00,15
2026-05-11T13:30:00Z,IT-South,0.00,15
2026-05-11T13:30:00Z,LT,90.23,15
2026-05-11T13:30:00Z,LV,90.23,15
2026-05-11T13:30:00Z,NL,63.30,15
2026-05-11T13:30:00Z,NO1,109.15,15
2026-05-11T13:30:00Z,NO2,98.03,15
2026-05-11T13:30:00Z,NO3,121.43,15
2026-05-11T13:30:00Z,NO4,57.87,15
2026-05-11T13:30:00Z,NO5,121.16,15
2026-05-11T13:30:00Z,PL,102.09,15
2026-05-11T13:30:00Z,PT,0.51,15
2026-05-11T13:30:00Z,RO,105.24,15
2026-05-11T13:30:00Z,RS,79.00,15
2026-05-11T13:30:00Z,SE1,89.77,15
2026-05-11T13:30:00Z,SE2,99.58,15
2026-05-11T13:30:00Z,SE3,101.56,15
2026-05-11T13:30:00Z,SE4,102.28,15
2026-05-11T13:30:00Z,SI,106.91,15
2026-05-11T13:30:00Z,SK,103.78,15
2026-05-11T13:45:00Z,AT,109.13,15
2026-05-11T13:45:00Z,BE,70.47,15
2026-05-11T13:45:00Z,CZ,106.07,15
2026-05-11T13:45:00Z,DE-LU,97.84,15
2026-05-11T13:45:00Z,DK1,98.00,15
2026-05-11T13:45:00Z,DK2,105.17,15
2026-05-11T13:45:00Z,EE,97.34,15
2026-05-11T13:45:00Z,ES,0.51,15
2026-05-11T13:45:00Z,FI,97.33,15
2026-05-11T13:45:00Z,FR,0.51,15
2026-05-11T13:45:00Z,GR,0.00,15
2026-05-11T13:45:00Z,HR,109.41,15
2026-05-11T13:45:00Z,HU,107.83,15
2026-05-11T13:45:00Z,IT-CNorth,117.24,15
2026-05-11T13:45:00Z,IT-CSouth,0.00,15
2026-05-11T13:45:00Z,IT-North,117.24,15
2026-05-11T13:45:00Z,IT-Sardinia,0.00,15
2026-05-11T13:45:00Z,IT-Sicily,0.00,15
2026-05-11T13:45:00Z,IT-South,0.00,15
2026-05-11T13:45:00Z,LT,97.34,15
2026-05-11T13:45:00Z,LV,97.34,15
2026-05-11T13:45:00Z,NL,45.83,15
2026-05-11T13:45:00Z,NO1,110.02,15
2026-05-11T13:45:00Z,NO2,99.37,15
2026-05-11T13:45:00Z,NO3,119.21,15
2026-05-11T13:45:00Z,NO4,76.17,15
2026-05-11T13:45:00Z,NO5,121.37,15
2026-05-11T13:45:00Z,PL,105.30,15
2026-05-11T13:45:00Z,PT,0.51,15
2026-05-11T13:45:00Z,RO,108.16,15
2026-05-11T13:45:00Z,RS,79.00,15
2026-05-11T13:45:00Z,SE1,97.04,15
2026-05-11T13:45:00Z,SE2,103.48,15
2026-05-11T13:45:00Z,SE3,104.66,15
2026-05-11T13:45:00Z,SE4,105.08,15
2026-05-11T13:45:00Z,SI,109.68,15
2026-05-11T13:45:00Z,SK,106.83,15
2026-05-11T14:00:00Z,AT,110.13,15
2026-05-11T14:00:00Z,BE,97.04,15
2026-05-11T14:00:00Z,CH,115.04,60
2026-05-11T14:00:00Z,CZ,103.22,15
2026-05-11T14:00:00Z,DE-LU,91.15,15
2026-05-11T14:00:00Z,DK1,91.15,15
2026-05-11T14:00:00Z,DK2,97.45,15
2026-05-11T14:00:00Z,EE,85.02,15
2026-05-11T14:00:00Z,ES,0.01,15
2026-05-11T14:00:00Z,FI,85.00,15
2026-05-11T14:00:00Z,FR,0.00,15
2026-05-11T14:00:00Z,GR,0.01,15
2026-05-11T14:00:00Z,HR,110.19,15
2026-05-11T14:00:00Z,HU,106.89,15
2026-05-11T14:00:00Z,IT-CNorth,117.24,15
2026-05-11T14:00:00Z,IT-CSouth,0.00,15
2026-05-11T14:00:00Z,IT-North,117.24,15
2026-05-11T14:00:00Z,IT-Sardinia,0.00,15
2026-05-11T14:00:00Z,IT-Sicily,0.00,15
2026-05-11T14:00:00Z,IT-South,0.00,15
2026-05-11T14:00:00Z,LT,85.02,15
2026-05-11T14:00:00Z,LV,85.02,15
2026-05-11T14:00:00Z,NL,35.55,15
2026-05-11T14:00:00Z,NO1,106.99,15
2026-05-11T14:00:00Z,NO2,94.36,15
2026-05-11T14:00:00Z,NO3,118.05,15
2026-05-11T14:00:00Z,NO4,52.21,15
2026-05-11T14:00:00Z,NO5,121.09,15
2026-05-11T14:00:00Z,PL,101.14,15
2026-05-11T14:00:00Z,PT,0.01,15
2026-05-11T14:00:00Z,RO,107.56,15
2026-05-11T14:00:00Z,RS,97.02,15
2026-05-11T14:00:00Z,SE1,84.39,15
2026-05-11T14:00:00Z,SE2,94.60,15
2026-05-11T14:00:00Z,SE3,96.58,15
2026-05-11T14:00:00Z,SE4,97.31,15
2026-05-11T14:00:00Z,SI,110.84,15
2026-05-11T14:00:00Z,SK,104.80,15
2026-05-11T14:15:00Z,AT,116.40,15
2026-05-11T14:15:00Z,BE,100.02,15
2026-05-11T14:15:00Z,CZ,109.80,15
2026-05-11T14:15:00Z,DE-LU,96.57,15
2026-05-11T14:15:00Z,DK1,96.57,15
2026-05-11T14:15:00Z,DK2,103.40,15
2026-05-11T14:15:00Z,EE,91.39,15
2026-05-11T14:15:00Z,ES,0.01,15
2026-05-11T14:15:00Z,FI,91.37,15
2026-05-11T14:15:00Z,FR,0.00,15
2026-05-11T14:15:00Z,GR,84.00,15
2026-05-11T14:15:00Z,HR,116.60,15
2026-05-11T14:15:00Z,HU,113.41,15
2026-05-11T14:15:00Z,IT-CNorth,117.24,15
2026-05-11T14:15:00Z,IT-CSouth,0.00,15
2026-05-11T14:15:00Z,IT-North,117.24,15
2026-05-11T14:15:00Z,IT-Sardinia,0.00,15
2026-05-11T14:15:00Z,IT-Sicily,0.00,15
2026-05-11T14:15:00Z,IT-South,0.00,15
2026-05-11T14:15:00Z,LT,91.39,15
2026-05-11T14:15:00Z,LV,91.39,15
2026-05-11T14:15:00Z,NL,42.69,15
2026-05-11T14:15:00Z,NO1,109.91,15
2026-05-11T14:15:00Z,NO2,99.89,15
2026-05-11T14:15:00Z,NO3,120.89,15
2026-05-11T14:15:00Z,NO4,59.97,15
2026-05-11T14:15:00Z,NO5,121.18,15
2026-05-11T14:15:00Z,PL,104.59,15
2026-05-11T14:15:00Z,PT,0.01,15
2026-05-11T14:15:00Z,RO,113.93,15
2026-05-11T14:15:00Z,RS,97.02,15
2026-05-11T14:15:00Z,SE1,90.79,15
2026-05-11T14:15:00Z,SE2,100.56,15
2026-05-11T14:15:00Z,SE3,102.53,15
2026-05-11T14:15:00Z,SE4,103.26,15
2026-05-11T14:15:00Z,SI,117.24,15
2026-05-11T14:15:00Z,SK,111.15,15
2026-05-11T14:30:00Z,AT,122.10,15
2026-05-11T14:30:00Z,BE,91.78,15
2026-05-11T14:30:00Z,CZ,112.53,15
2026-05-11T14:30:00Z,DE-LU,101.68,15
2026-05-11T14:30:00Z,DK1,101.68,15
2026-05-11T14:30:00Z,DK2,108.43,15
2026-05-11T14:30:00Z,EE,107.22,15
2026-05-11T14:30:00Z,ES,0.01,15
2026-05-11T14:30:00Z,FI,107.20,15
2026-05-11T14:30:00Z,FR,0.00,15
2026-05-11T14:30:00Z,GR,106.58,15
2026-05-11T14:30:00Z,HR,120.27,15
2026-05-11T14:30:00Z,HU,117.24,15
2026-05-11T14:30:00Z,IT-CNorth,122.10,15
2026-05-11T14:30:00Z,IT-CSouth,0.00,15
2026-05-11T14:30:00Z,IT-North,122.10,15
2026-05-11T14:30:00Z,IT-Sardinia,0.00,15
2026-05-11T14:30:00Z,IT-Sicily,0.00,15
2026-05-11T14:30:00Z,IT-South,0.00,15
2026-05-11T14:30:00Z,LT,107.22,15
2026-05-11T14:30:00Z,LV,107.22,15
2026-05-11T14:30:00Z,NL,68.82,15
2026-05-11T14:30:00Z,NO1,112.47,15
2026-05-11T14:30:00Z,NO2,104.47,15
2026-05-11T14:30:00Z,NO3,119.57,15
2026-05-11T14:30:00Z,NO4,83.75,15
2026-05-11T14:30:00Z,NO5,121.37,15
2026-05-11T14:30:00Z,PL,110.96,15
2026-05-11T14:30:00Z,PT,0.01,15
2026-05-11T14:30:00Z,RO,117.83,15
2026-05-11T14:30:00Z,RS,97.02,15
2026-05-11T14:30:00Z,SE1,101.28,15
2026-05-11T14:30:00Z,SE2,106.91,15
2026-05-11T14:30:00Z,SE3,107.96,15
2026-05-11T14:30:00Z,SE4,108.35,15
2026-05-11T14:30:00Z,SI,121.03,15
2026-05-11T14:30:00Z,SK,115.05,15
2026-05-11T14:45:00Z,AT,147.91,15
2026-05-11T14:45:00Z,BE,90.33,15
2026-05-11T14:45:00Z,CZ,126.40,15
2026-05-11T14:45:00Z,DE-LU,112.56,15
2026-05-11T14:45:00Z,DK1,112.56,15
2026-05-11T14:45:00Z,DK2,114.83,15
2026-05-11T14:45:00Z,EE,114.85,15
2026-05-11T14:45:00Z,ES,0.51,15
2026-05-11T14:45:00Z,FI,114.85,15
2026-05-11T14:45:00Z,FR,0.51,15
2026-05-11T14:45:00Z,GR,117.17,15
2026-05-11T14:45:00Z,HR,139.65,15
2026-05-11T14:45:00Z,HU,136.06,15
2026-05-11T14:45:00Z,IT-CNorth,141.04,15
2026-05-11T14:45:00Z,IT-CSouth,0.00,15
2026-05-11T14:45:00Z,IT-North,141.04,15
2026-05-11T14:45:00Z,IT-Sardinia,0.00,15
2026-05-11T14:45:00Z,IT-Sicily,0.00,15
2026-05-11T14:45:00Z,IT-South,0.00,15
2026-05-11T14:45:00Z,LT,114.85,15
2026-05-11T14:45:00Z,LV,114.85,15
2026-05-11T14:45:00Z,NL,97.04,15
2026-05-11T14:45:00Z,NO1,115.93,15
2026-05-11T14:45:00Z,NO2,110.46,15
2026-05-11T14:45:00Z,NO3,118.36,15
2026-05-11T14:45:00Z,NO4,112.07,15
2026-05-11T14:45:00Z,NO5,121.85,15
2026-05-11T14:45:00Z,PL,125.25,15
2026-05-11T14:45:00Z,PT,0.51,15
2026-05-11T14:45:00Z,RO,136.65,15
2026-05-11T14:45:00Z,RS,97.02,15
2026-05-11T14:45:00Z,SE1,114.18,15
2026-05-11T14:45:00Z,SE2,114.89,15
2026-05-11T14:45:00Z,SE3,114.86,15
2026-05-11T14:45:00Z,SE4,114.84,15
2026-05-11T14:45:00Z,SI,141.04,15
2026-05-11T14:45:00Z,SK,132.60,15
2026-05-11T15:00:00Z,AT,118.97,15
2026-05-11T15:00:00Z,BE,93.00,15
2026-05-11T15:00:00Z,CH,122.51,60
2026-05-11T15:00:00Z,CZ,111.33,15
2026-05-11T15:00:00Z,DE-LU,101.65,15
2026-05-11T15:00:00Z,DK1,101.65,15
2026-05-11T15:00:00Z,DK2,106.08,15
2026-05-11T15:00:00Z,EE,103.23,15
2026-05-11T15:00:00Z,ES,0.84,15
2026-05-11T15:00:00Z,FI,103.19,15
2026-05-11T15:00:00Z,FR,0.84,15
2026-05-11T15:00:00Z,GR,115.95,15
2026-05-11T15:00:00Z,HR,118.90,15
2026-05-11T15:00:00Z,HU,115.34,15
2026-05-11T15:00:00Z,IT-CNorth,118.97,15
2026-05-11T15:00:00Z,IT-CSouth,0.00,15
2026-05-11T15:00:00Z,IT-North,118.97,15
2026-05-11T15:00:00Z,IT-Sardinia,0.00,15
2026-05-11T15:00:00Z,IT-Sicily,0.00,15
2026-05-11T15:00:00Z,IT-South,0.00,15
2026-05-11T15:00:00Z,LT,103.23,15
2026-05-11T15:00:00Z,LV,103.23,15
2026-05-11T15:00:00Z,NL,70.94,15
2026-05-11T15:00:00Z,NO1,112.75,15
2026-05-11T15:00:00Z,NO2,107.67,15
2026-05-11T15:00:00Z,NO3,123.42,15
2026-05-11T15:00:00Z,NO4,55.39,15
2026-05-11T15:00:00Z,NO5,119.44,15
2026-05-11T15:00:00Z,PL,109.74,15
2026-05-11T15:00:00Z,PT,0.84,15
2026-05-11T15:00:00Z,RO,115.95,15
2026-05-11T15:00:00Z,RS,136.07,15
2026-05-11T15:00:00Z,SE1,91.20,15
2026-05-11T15:00:00Z,SE2,102.47,15
2026-05-11T15:00:00Z,SE3,104.94,15
2026-05-11T15:00:00Z,SE4,105.90,15
2026-05-11T15:00:00Z,SI,118.97,15
2026-05-11T15:00:00Z,SK,113.38,15
2026-05-11T15:15:00Z,AT,127.08,15
2026-05-11T15:15:00Z,BE,92.68,15
2026-05-11T15:15:00Z,CZ,122.55,15
2026-05-11T15:15:00Z,DE-LU,115.57,15
2026-05-11T15:15:00Z,DK1,115.57,15
2026-05-11T15:15:00Z,DK2,115.89,15
2026-05-11T15:15:00Z,EE,114.47,15
2026-05-11T15:15:00Z,ES,0.84,15
2026-05-11T15:15:00Z,FI,114.45,15
2026-05-11T15:15:00Z,FR,0.84,15
2026-05-11T15:15:00Z,GR,125.65,15
2026-05-11T15:15:00Z,HR,127.99,15
2026-05-11T15:15:00Z,HU,125.15,15
2026-05-11T15:15:00Z,IT-CNorth,127.08,15
2026-05-11T15:15:00Z,IT-CSouth,0.01,15
2026-05-11T15:15:00Z,IT-North,127.08,15
2026-05-11T15:15:00Z,IT-Sardinia,0.01,15
2026-05-11T15:15:00Z,IT-Sicily,0.01,15
2026-05-11T15:15:00Z,IT-South,0.01,15
2026-05-11T15:15:00Z,LT,114.47,15
2026-05-11T15:15:00Z,LV,114.47,15
2026-05-11T15:15:00Z,NL,100.10,15
2026-05-11T15:15:00Z,NO1,119.02,15
2026-05-11T15:15:00Z,NO2,117.39,15
2026-05-11T15:15:00Z,NO3,123.92,15
2026-05-11T15:15:00Z,NO4,91.14,15
2026-05-11T15:15:00Z,NO5,121.25,15
2026-05-11T15:15:00Z,PL,121.33,15
2026-05-11T15:15:00Z,PT,0.84,15
2026-05-11T15:15:00Z,RO,125.65,15
2026-05-11T15:15:00Z,RS,136.07,15
2026-05-11T15:15:00Z,SE1,108.60,15
2026-05-11T15:15:00Z,SE2,114.08,15
2026-05-11T15:15:00Z,SE3,115.32,15
2026-05-11T15:15:00Z,SE4,115.80,15
2026-05-11T15:15:00Z,SI,127.92,15
2026-05-11T15:15:00Z,SK,123.75,15
2026-05-11T15:30:00Z,AT,147.90,15
2026-05-11T15:30:00Z,BE,95.90,15
2026-05-11T15:30:00Z,CZ,129.99,15
2026-05-11T15:30:00Z,DE-LU,120.98,15
2026-05-11T15:30:00Z,DK1,120.98,15
2026-05-11T15:30:00Z,DK2,122.14,15
2026-05-11T15:30:00Z,EE,122.14,15
2026-05-11T15:30:00Z,ES,1.10,15
2026-05-11T15:30:00Z,FI,122.14,15
2026-05-11T15:30:00Z,FR,1.10,15
2026-05-11T15:30:00Z,GR,163.79,15
2026-05-11T15:30:00Z,HR,151.51,15
2026-05-11T15:30:00Z,HU,161.90,15
2026-05-11T15:30:00Z,IT-CNorth,143.56,15
2026-05-11T15:30:00Z,IT-CSouth,15.00,15
2026-05-11T15:30:00Z,IT-North,143.56,15
2026-05-11T15:30:00Z,IT-Sardinia,15.00,15
2026-05-11T15:30:00Z,IT-Sicily,15.00,15
2026-05-11T15:30:00Z,IT-South,15.00,15
2026-05-11T15:30:00Z,LT,122.14,15
2026-05-11T15:30:00Z,LV,122.14,15
2026-05-11T15:30:00Z,NL,107.49,15
2026-05-11T15:30:00Z,NO1,122.14,15
2026-05-11T15:30:00Z,NO2,122.14,15
2026-05-11T15:30:00Z,NO3,122.14,15
2026-05-11T15:30:00Z,NO4,122.14,15
2026-05-11T15:30:00Z,NO5,122.14,15
2026-05-11T15:30:00Z,PL,129.74,15
2026-05-11T15:30:00Z,PT,1.10,15
2026-05-11T15:30:00Z,RO,163.79,15
2026-05-11T15:30:00Z,RS,136.07,15
2026-05-11T15:30:00Z,SE1,122.14,15
2026-05-11T15:30:00Z,SE2,122.14,15
2026-05-11T15:30:00Z,SE3,122.14,15
2026-05-11T15:30:00Z,SE4,122.14,15
2026-05-11T15:30:00Z,SI,149.12,15
2026-05-11T15:30:00Z,SK,130.04,15
2026-05-11T15:45:00Z,AT,147.93,15
2026-05-11T15:45:00Z,BE,101.13,15
2026-05-11T15:45:00Z,CZ,129.04,15
2026-05-11T15:45:00Z,DE-LU,127.01,15
2026-05-11T15:45:00Z,DK1,127.01,15
2026-05-11T15:45:00Z,DK2,124.61,15
2026-05-11T15:45:00Z,EE,124.61,15
2026-05-11T15:45:00Z,ES,2.00,15
2026-05-11T15:45:00Z,FI,124.61,15
2026-05-11T15:45:00Z,FR,2.00,15
2026-05-11T15:45:00Z,GR,170.79,15
2026-05-11T15:45:00Z,HR,162.68,15
2026-05-11T15:45:00Z,HU,174.75,15
2026-05-11T15:45:00Z,IT-CNorth,146.59,15
2026-05-11T15:45:00Z,IT-CSouth,31.10,15
2026-05-11T15:45:00Z,IT-North,146.59,15
2026-05-11T15:45:00Z,IT-Sardinia,31.10,15
2026-05-11T15:45:00Z,IT-Sicily,31.10,15
2026-05-11T15:45:00Z,IT-South,31.10,15
2026-05-11T15:45:00Z,LT,124.61,15
2026-05-11T15:45:00Z,LV,124.61,15
2026-05-11T15:45:00Z,NL,113.08,15
2026-05-11T15:45:00Z,NO1,124.63,15
2026-05-11T15:45:00Z,NO2,124.44,15
2026-05-11T15:45:00Z,NO3,124.71,15
2026-05-11T15:45:00Z,NO4,124.61,15
2026-05-11T15:45:00Z,NO5,124.88,15
2026-05-11T15:45:00Z,PL,130.43,15
2026-05-11T15:45:00Z,PT,2.00,15
2026-05-11T15:45:00Z,RO,170.79,15
2026-05-11T15:45:00Z,RS,136.07,15
2026-05-11T15:45:00Z,SE1,124.61,15
2026-05-11T15:45:00Z,SE2,124.62,15
2026-05-11T15:45:00Z,SE3,124.61,15
2026-05-11T15:45:00Z,SE4,124.61,15
2026-05-11T15:45:00Z,SI,159.82,15
2026-05-11T15:45:00Z,SK,183.95,15
2026-05-11T16:00:00Z,AT,132.43,15
2026-05-11T16:00:00Z,BE,95.41,15
2026-05-11T16:00:00Z,CH,130.00,60
2026-05-11T16:00:00Z,CZ,122.85,15
2026-05-11T16:00:00Z,DE-LU,120.52,15
2026-05-11T16:00:00Z,DK1,120.52,15
2026-05-11T16:00:00Z,DK2,121.75,15
2026-05-11T16:00:00Z,EE,121.80,15
2026-05-11T16:00:00Z,ES,2.00,15
2026-05-11T16:00:00Z,FI,121.80,15
2026-05-11T16:00:00Z,FR,2.00,15
2026-05-11T16:00:00Z,GR,166.79,15
2026-05-11T16:00:00Z,HR,145.99,15
2026-05-11T16:00:00Z,HU,159.50,15
2026-05-11T16:00:00Z,IT-CNorth,117.24,15
2026-05-11T16:00:00Z,IT-CSouth,117.24,15
2026-05-11T16:00:00Z,IT-North,117.24,15
2026-05-11T16:00:00Z,IT-Sardinia,117.24,15
2026-05-11T16:00:00Z,IT-Sicily,117.24,15
2026-05-11T16:00:00Z,IT-South,117.24,15
2026-05-11T16:00:00Z,LT,121.80,15
2026-05-11T16:00:00Z,LV,121.80,15
2026-05-11T16:00:00Z,NL,108.20,15
2026-05-11T16:00:00Z,NO1,121.94,15
2026-05-11T16:00:00Z,NO2,120.59,15
2026-05-11T16:00:00Z,NO3,122.43,15
2026-05-11T16:00:00Z,NO4,121.75,15
2026-05-11T16:00:00Z,NO5,123.41,15
2026-05-11T16:00:00Z,PL,123.25,15
2026-05-11T16:00:00Z,PT,2.00,15
2026-05-11T16:00:00Z,RO,166.79,15
2026-05-11T16:00:00Z,RS,144.03,15
2026-05-11T16:00:00Z,SE1,121.80,15
2026-05-11T16:00:00Z,SE2,121.82,15
2026-05-11T16:00:00Z,SE3,121.77,15
2026-05-11T16:00:00Z,SE4,121.75,15
2026-05-11T16:00:00Z,SI,140.46,15
2026-05-11T16:00:00Z,SK,116.65,15
2026-05-11T16:15:00Z,AT,132.91,15
2026-05-11T16:15:00Z,BE,99.98,15
2026-05-11T16:15:00Z,CZ,123.46,15
2026-05-11T16:15:00Z,DE-LU,122.00,15
2026-05-11T16:15:00Z,DK1,122.00,15
2026-05-11T16:15:00Z,DK2,122.99,15
2026-05-11T16:15:00Z,EE,123.03,15
2026-05-11T16:15:00Z,ES,17.76,15
2026-05-11T16:15:00Z,FI,123.03,15
2026-05-11T16:15:00Z,FR,17.76,15
2026-05-11T16:15:00Z,GR,170.08,15
2026-05-11T16:15:00Z,HR,147.41,15
2026-05-11T16:15:00Z,HU,162.34,15
2026-05-11T16:15:00Z,IT-CNorth,132.91,15
2026-05-11T16:15:00Z,IT-CSouth,132.91,15
2026-05-11T16:15:00Z,IT-North,132.91,15
2026-05-11T16:15:00Z,IT-Sardinia,132.91,15
2026-05-11T16:15:00Z,IT-Sicily,132.91,15
2026-05-11T16:15:00Z,IT-South,132.91,15
2026-05-11T16:15:00Z,LT,123.01,15
2026-05-11T16:15:00Z,LV,123.01,15
2026-05-11T16:15:00Z,NL,111.19,15
2026-05-11T16:15:00Z,NO1,123.16,15
2026-05-11T16:15:00Z,NO2,121.98,15
2026-05-11T16:15:00Z,NO3,123.59,15
2026-05-11T16:15:00Z,NO4,122.99,15
2026-05-11T16:15:00Z,NO5,124.45,15
2026-05-11T16:15:00Z,PL,124.11,15
2026-05-11T16:15:00Z,PT,17.76,15
2026-05-11T16:15:00Z,RO,170.08,15
2026-05-11T16:15:00Z,RS,144.03,15
2026-05-11T16:15:00Z,SE1,123.03,15
2026-05-11T16:15:00Z,SE2,123.05,15
2026-05-11T16:15:00Z,SE3,123.01,15
2026-05-11T16:15:00Z,SE4,123.00,15
2026-05-11T16:15:00Z,SI,141.40,15
2026-05-11T16:15:00Z,SK,116.58,15
2026-05-11T16:30:00Z,AT,134.37,15
2026-05-11T16:30:00Z,BE,102.64,15
2026-05-11T16:30:00Z,CZ,123.38,15
2026-05-11T16:30:00Z,DE-LU,122.52,15
2026-05-11T16:30:00Z,DK1,122.52,15
2026-05-11T16:30:00Z,DK2,123.10,15
2026-05-11T16:30:00Z,EE,123.28,15
2026-05-11T16:30:00Z,ES,25.00,15
2026-05-11T16:30:00Z,FI,123.28,15
2026-05-11T16:30:00Z,FR,28.01,15
2026-05-11T16:30:00Z,GR,177.29,15
2026-05-11T16:30:00Z,HR,150.65,15
2026-05-11T16:30:00Z,HU,168.40,15
2026-05-11T16:30:00Z,IT-CNorth,138.36,15
2026-05-11T16:30:00Z,IT-CSouth,138.36,15
2026-05-11T16:30:00Z,IT-North,138.36,15
2026-05-11T16:30:00Z,IT-Sardinia,138.36,15
2026-05-11T16:30:00Z,IT-Sicily,138.36,15
2026-05-11T16:30:00Z,IT-South,138.36,15
2026-05-11T16:30:00Z,LT,123.14,15
2026-05-11T16:30:00Z,LV,123.14,15
2026-05-11T16:30:00Z,NL,112.75,15
2026-05-11T16:30:00Z,NO1,123.42,15
2026-05-11T16:30:00Z,NO2,120.63,15
2026-05-11T16:30:00Z,NO3,124.35,15
2026-05-11T16:30:00Z,NO4,123.52,15
2026-05-11T16:30:00Z,NO5,126.47,15
2026-05-11T16:30:00Z,PL,124.38,15
2026-05-11T16:30:00Z,PT,25.00,15
2026-05-11T16:30:00Z,RO,177.29,15
2026-05-11T16:30:00Z,RS,144.03,15
2026-05-11T16:30:00Z,SE1,123.28,15
2026-05-11T16:30:00Z,SE2,123.23,15
2026-05-11T16:30:00Z,SE3,123.17,15
2026-05-11T16:30:00Z,SE4,123.11,15
2026-05-11T16:30:00Z,SI,143.63,15
2026-05-11T16:30:00Z,SK,115.44,15
2026-05-11T16:45:00Z,AT,140.05,15
2026-05-11T16:45:00Z,BE,111.12,15
2026-05-11T16:45:00Z,CZ,130.31,15
2026-05-11T16:45:00Z,DE-LU,126.88,15
2026-05-11T16:45:00Z,DK1,126.88,15
2026-05-11T16:45:00Z,DK2,125.32,15
2026-05-11T16:45:00Z,EE,125.48,15
2026-05-11T16:45:00Z,ES,52.29,15
2026-05-11T16:45:00Z,FI,125.48,15
2026-05-11T16:45:00Z,FR,52.29,15
2026-05-11T16:45:00Z,GR,135.11,15
2026-05-11T16:45:00Z,HR,142.40,15
2026-05-11T16:45:00Z,HU,144.16,15
2026-05-11T16:45:00Z,IT-CNorth,141.79,15
2026-05-11T16:45:00Z,IT-CSouth,141.79,15
2026-05-11T16:45:00Z,IT-North,141.79,15
2026-05-11T16:45:00Z,IT-Sardinia,141.79,15
2026-05-11T16:45:00Z,IT-Sicily,141.79,15
2026-05-11T16:45:00Z,IT-South,141.79,15
2026-05-11T16:45:00Z,LT,125.36,15
2026-05-11T16:45:00Z,LV,125.36,15
2026-05-11T16:45:00Z,NL,119.13,15
2026-05-11T16:45:00Z,NO1,125.61,15
2026-05-11T16:45:00Z,NO2,123.10,15
2026-05-11T16:45:00Z,NO3,126.44,15
2026-05-11T16:45:00Z,NO4,125.70,15
2026-05-11T16:45:00Z,NO5,128.35,15
2026-05-11T16:45:00Z,PL,130.18,15
2026-05-11T16:45:00Z,PT,52.29,15
2026-05-11T16:45:00Z,RO,143.31,15
2026-05-11T16:45:00Z,RS,144.03,15
2026-05-11T16:45:00Z,SE1,125.48,15
2026-05-11T16:45:00Z,SE2,125.44,15
2026-05-11T16:45:00Z,SE3,125.38,15
2026-05-11T16:45:00Z,SE4,125.33,15
2026-05-11T16:45:00Z,SI,141.79,15
2026-05-11T16:45:00Z,SK,145.70,15
2026-05-11T17:00:00Z,AT,131.52,15
2026-05-11T17:00:00Z,BE,108.83,15
2026-05-11T17:00:00Z,CH,131.07,60
2026-05-11T17:00:00Z,CZ,123.86,15
2026-05-11T17:00:00Z,DE-LU,123.68,15
2026-05-11T17:00:00Z,DK1,123.68,15
2026-05-11T17:00:00Z,DK2,123.68,15
2026-05-11T17:00:00Z,EE,123.72,15
2026-05-11T17:00:00Z,ES,53.11,15
2026-05-11T17:00:00Z,FI,123.72,15
2026-05-11T17:00:00Z,FR,53.11,15
2026-05-11T17:00:00Z,GR,165.57,15
2026-05-11T17:00:00Z,HR,145.65,15
2026-05-11T17:00:00Z,HU,160.12,15
2026-05-11T17:00:00Z,IT-CNorth,139.10,15
2026-05-11T17:00:00Z,IT-CSouth,139.10,15
2026-05-11T17:00:00Z,IT-North,139.10,15
2026-05-11T17:00:00Z,IT-Sardinia,139.10,15
2026-05-11T17:00:00Z,IT-Sicily,139.10,15
2026-05-11T17:00:00Z,IT-South,139.10,15
2026-05-11T17:00:00Z,LT,123.69,15
2026-05-11T17:00:00Z,LV,123.69,15
2026-05-11T17:00:00Z,NL,116.32,15
2026-05-11T17:00:00Z,NO1,123.86,15
2026-05-11T17:00:00Z,NO2,122.58,15
2026-05-11T17:00:00Z,NO3,124.31,15
2026-05-11T17:00:00Z,NO4,123.68,15
2026-05-11T17:00:00Z,NO5,125.25,15
2026-05-11T17:00:00Z,PL,124.71,15
2026-05-11T17:00:00Z,PT,53.11,15
2026-05-11T17:00:00Z,RO,165.57,15
2026-05-11T17:00:00Z,RS,161.05,15
2026-05-11T17:00:00Z,SE1,123.72,15
2026-05-11T17:00:00Z,SE2,123.74,15
2026-05-11T17:00:00Z,SE3,123.70,15
2026-05-11T17:00:00Z,SE4,123.68,15
2026-05-11T17:00:00Z,SI,139.10,15
2026-05-11T17:00:00Z,SK,121.77,15
2026-05-11T17:15:00Z,AT,135.95,15
2026-05-11T17:15:00Z,BE,114.48,15
2026-05-11T17:15:00Z,CZ,130.12,15
2026-05-11T17:15:00Z,DE-LU,129.00,15
2026-05-11T17:15:00Z,DK1,129.00,15
2026-05-11T17:15:00Z,DK2,129.00,15
2026-05-11T17:15:00Z,EE,125.93,15
2026-05-11T17:15:00Z,ES,60.36,15
2026-05-11T17:15:00Z,FI,125.93,15
2026-05-11T17:15:00Z,FR,60.36,15
2026-05-11T17:15:00Z,GR,151.31,15
2026-05-11T17:15:00Z,HR,145.34,15
2026-05-11T17:15:00Z,HU,154.50,15
2026-05-11T17:15:00Z,IT-CNorth,141.10,15
2026-05-11T17:15:00Z,IT-CSouth,141.10,15
2026-05-11T17:15:00Z,IT-North,141.10,15
2026-05-11T17:15:00Z,IT-Sardinia,141.10,15
2026-05-11T17:15:00Z,IT-Sicily,141.10,15
2026-05-11T17:15:00Z,IT-South,141.10,15
2026-05-11T17:15:00Z,LT,125.93,15
2026-05-11T17:15:00Z,LV,125.93,15
2026-05-11T17:15:00Z,NL,121.81,15
2026-05-11T17:15:00Z,NO1,125.94,15
2026-05-11T17:15:00Z,NO2,125.84,15
2026-05-11T17:15:00Z,NO3,125.98,15
2026-05-11T17:15:00Z,NO4,125.92,15
2026-05-11T17:15:00Z,NO5,126.05,15
2026-05-11T17:15:00Z,PL,130.47,15
2026-05-11T17:15:00Z,PT,60.36,15
2026-05-11T17:15:00Z,RO,158.18,15
2026-05-11T17:15:00Z,RS,161.05,15
2026-05-11T17:15:00Z,SE1,125.93,15
2026-05-11T17:15:00Z,SE2,125.93,15
2026-05-11T17:15:00Z,SE3,125.93,15
2026-05-11T17:15:00Z,SE4,125.93,15
2026-05-11T17:15:00Z,SI,141.10,15
2026-05-11T17:15:00Z,SK,128.94,15
2026-05-11T17:30:00Z,AT,137.48,15
2026-05-11T17:30:00Z,BE,122.75,15
2026-05-11T17:30:00Z,CZ,131.27,15
2026-05-11T17:30:00Z,DE-LU,131.98,15
2026-05-11T17:30:00Z,DK1,131.98,15
2026-05-11T17:30:00Z,DK2,131.98,15
2026-05-11T17:30:00Z,EE,128.56,15
2026-05-11T17:30:00Z,ES,87.73,15
2026-05-11T17:30:00Z,FI,128.56,15
2026-05-11T17:30:00Z,FR,87.73,15
2026-05-11T17:30:00Z,GR,168.35,15
2026-05-11T17:30:00Z,HR,150.15,15
2026-05-11T17:30:00Z,HU,163.52,15
2026-05-11T17:30:00Z,IT-CNorth,144.18,15
2026-05-11T17:30:00Z,IT-CSouth,144.18,15
2026-05-11T17:30:00Z,IT-North,144.18,15
2026-05-11T17:30:00Z,IT-Sardinia,144.18,15
2026-05-11T17:30:00Z,IT-Sicily,144.18,15
2026-05-11T17:30:00Z,IT-South,144.18,15
2026-05-11T17:30:00Z,LT,128.56,15
2026-05-11T17:30:00Z,LV,128.56,15
2026-05-11T17:30:00Z,NL,127.39,15
2026-05-11T17:30:00Z,NO1,128.56,15
2026-05-11T17:30:00Z,NO2,128.56,15
2026-05-11T17:30:00Z,NO3,128.56,15
2026-05-11T17:30:00Z,NO4,128.56,15
2026-05-11T17:30:00Z,NO5,128.56,15
2026-05-11T17:30:00Z,PL,132.22,15
2026-05-11T17:30:00Z,PT,87.73,15
2026-05-11T17:30:00Z,RO,168.35,15
2026-05-11T17:30:00Z,RS,161.05,15
2026-05-11T17:30:00Z,SE1,128.56,15
2026-05-11T17:30:00Z,SE2,128.56,15
2026-05-11T17:30:00Z,SE3,128.56,15
2026-05-11T17:30:00Z,SE4,128.56,15
2026-05-11T17:30:00Z,SI,144.18,15
2026-05-11T17:30:00Z,SK,129.20,15
2026-05-11T17:45:00Z,AT,145.04,15
2026-05-11T17:45:00Z,BE,132.47,15
2026-05-11T17:45:00Z,CZ,133.31,15
2026-05-11T17:45:00Z,DE-LU,138.21,15
2026-05-11T17:45:00Z,DK1,138.21,15
2026-05-11T17:45:00Z,DK2,138.21,15
2026-05-11T17:45:00Z,EE,134.20,15
2026-05-11T17:45:00Z,ES,108.80,15
2026-05-11T17:45:00Z,FI,134.20,15
2026-05-11T17:45:00Z,FR,108.80,15
2026-05-11T17:45:00Z,GR,179.00,15
2026-05-11T17:45:00Z,HR,173.90,15
2026-05-11T17:45:00Z,HU,205.86,15
2026-05-11T17:45:00Z,IT-CNorth,154.21,15
2026-05-11T17:45:00Z,IT-CSouth,154.21,15
2026-05-11T17:45:00Z,IT-North,154.21,15
2026-05-11T17:45:00Z,IT-Sardinia,154.21,15
2026-05-11T17:45:00Z,IT-Sicily,154.21,15
2026-05-11T17:45:00Z,IT-South,154.21,15
2026-05-11T17:45:00Z,LT,134.20,15
2026-05-11T17:45:00Z,LV,134.20,15
2026-05-11T17:45:00Z,NL,135.31,15
2026-05-11T17:45:00Z,NO1,134.20,15
2026-05-11T17:45:00Z,NO2,134.20,15
2026-05-11T17:45:00Z,NO3,134.20,15
2026-05-11T17:45:00Z,NO4,134.20,15
2026-05-11T17:45:00Z,NO5,134.20,15
2026-05-11T17:45:00Z,PL,136.21,15
2026-05-11T17:45:00Z,PT,108.80,15
2026-05-11T17:45:00Z,RO,216.65,15
2026-05-11T17:45:00Z,RS,161.05,15
2026-05-11T17:45:00Z,SE1,134.20,15
2026-05-11T17:45:00Z,SE2,134.20,15
2026-05-11T17:45:00Z,SE3,134.20,15
2026-05-11T17:45:00Z,SE4,134.20,15
2026-05-11T17:45:00Z,SI,159.92,15
2026-05-11T17:45:00Z,SK,127.89,15
2026-05-11T18:00:00Z,AT,135.17,15
2026-05-11T18:00:00Z,BE,124.35,15
2026-05-11T18:00:00Z,CH,135.00,60
2026-05-11T18:00:00Z,CZ,125.89,15
2026-05-11T18:00:00Z,DE-LU,129.59,15
2026-05-11T18:00:00Z,DK1,129.59,15
2026-05-11T18:00:00Z,DK2,129.59,15
2026-05-11T18:00:00Z,EE,126.90,15
2026-05-11T18:00:00Z,ES,103.01,15
2026-05-11T18:00:00Z,FI,126.90,15
2026-05-11T18:00:00Z,FR,103.01,15
2026-05-11T18:00:00Z,GR,191.00,15
2026-05-11T18:00:00Z,HR,157.82,15
2026-05-11T18:00:00Z,HU,182.55,15
2026-05-11T18:00:00Z,IT-CNorth,146.83,15
2026-05-11T18:00:00Z,IT-CSouth,146.83,15
2026-05-11T18:00:00Z,IT-North,146.83,15
2026-05-11T18:00:00Z,IT-Sardinia,146.83,15
2026-05-11T18:00:00Z,IT-Sicily,146.83,15
2026-05-11T18:00:00Z,IT-South,146.83,15
2026-05-11T18:00:00Z,LT,126.90,15
2026-05-11T18:00:00Z,LV,126.90,15
2026-05-11T18:00:00Z,NL,126.96,15
2026-05-11T18:00:00Z,NO1,126.90,15
2026-05-11T18:00:00Z,NO2,126.90,15
2026-05-11T18:00:00Z,NO3,126.90,15
2026-05-11T18:00:00Z,NO4,126.90,15
2026-05-11T18:00:00Z,NO5,126.90,15
2026-05-11T18:00:00Z,PL,128.10,15
2026-05-11T18:00:00Z,PT,103.01,15
2026-05-11T18:00:00Z,RO,191.00,15
2026-05-11T18:00:00Z,RS,171.01,15
2026-05-11T18:00:00Z,SE1,126.90,15
2026-05-11T18:00:00Z,SE2,126.90,15
2026-05-11T18:00:00Z,SE3,126.90,15
2026-05-11T18:00:00Z,SE4,126.90,15
2026-05-11T18:00:00Z,SI,146.83,15
2026-05-11T18:00:00Z,SK,122.13,15
2026-05-11T18:15:00Z,AT,134.06,15
2026-05-11T18:15:00Z,BE,126.50,15
2026-05-11T18:15:00Z,CZ,121.67,15
2026-05-11T18:15:00Z,DE-LU,128.20,15
2026-05-11T18:15:00Z,DK1,128.20,15
2026-05-11T18:15:00Z,DK2,128.20,15
2026-05-11T18:15:00Z,EE,125.11,15
2026-05-11T18:15:00Z,ES,117.35,15
2026-05-11T18:15:00Z,FI,125.11,15
2026-05-11T18:15:00Z,FR,117.35,15
2026-05-11T18:15:00Z,GR,148.23,15
2026-05-11T18:15:00Z,HR,166.53,15
2026-05-11T18:15:00Z,HU,202.56,15
2026-05-11T18:15:00Z,IT-CNorth,150.64,15
2026-05-11T18:15:00Z,IT-CSouth,150.64,15
2026-05-11T18:15:00Z,IT-North,150.64,15
2026-05-11T18:15:00Z,IT-Sardinia,150.64,15
2026-05-11T18:15:00Z,IT-Sicily,150.64,15
2026-05-11T18:15:00Z,IT-South,150.64,15
2026-05-11T18:15:00Z,LT,125.11,15
2026-05-11T18:15:00Z,LV,125.11,15
2026-05-11T18:15:00Z,NL,127.29,15
2026-05-11T18:15:00Z,NO1,125.11,15
2026-05-11T18:15:00Z,NO2,125.11,15
2026-05-11T18:15:00Z,NO3,125.11,15
2026-05-11T18:15:00Z,NO4,125.11,15
2026-05-11T18:15:00Z,NO5,125.11,15
2026-05-11T18:15:00Z,PL,125.11,15
2026-05-11T18:15:00Z,PT,117.35,15
2026-05-11T18:15:00Z,RO,214.60,15
2026-05-11T18:15:00Z,RS,171.01,15
2026-05-11T18:15:00Z,SE1,125.11,15
2026-05-11T18:15:00Z,SE2,125.11,15
2026-05-11T18:15:00Z,SE3,125.11,15
2026-05-11T18:15:00Z,SE4,125.11,15
2026-05-11T18:15:00Z,SI,150.64,15
2026-05-11T18:15:00Z,SK,116.00,15
2026-05-11T18:30:00Z,AT,139.85,15
2026-05-11T18:30:00Z,BE,132.94,15
2026-05-11T18:30:00Z,CZ,125.03,15
2026-05-11T18:30:00Z,DE-LU,133.33,15
2026-05-11T18:30:00Z,DK1,133.33,15
2026-05-11T18:30:00Z,DK2,133.33,15
2026-05-11T18:30:00Z,EE,129.89,15
2026-05-11T18:30:00Z,ES,127.97,15
2026-05-11T18:30:00Z,FI,129.89,15
2026-05-11T18:30:00Z,FR,127.97,15
2026-05-11T18:30:00Z,GR,130.94,15
2026-05-11T18:30:00Z,HR,179.39,15
2026-05-11T18:30:00Z,HU,223.42,15
2026-05-11T18:30:00Z,IT-CNorth,160.00,15
2026-05-11T18:30:00Z,IT-CSouth,160.00,15
2026-05-11T18:30:00Z,IT-North,160.00,15
2026-05-11T18:30:00Z,IT-Sardinia,160.00,15
2026-05-11T18:30:00Z,IT-Sicily,160.00,15
2026-05-11T18:30:00Z,IT-South,160.00,15
2026-05-11T18:30:00Z,LT,129.89,15
2026-05-11T18:30:00Z,LV,129.89,15
2026-05-11T18:30:00Z,NL,133.05,15
2026-05-11T18:30:00Z,NO1,129.89,15
2026-05-11T18:30:00Z,NO2,129.89,15
2026-05-11T18:30:00Z,NO3,129.89,15
2026-05-11T18:30:00Z,NO4,129.89,15
2026-05-11T18:30:00Z,NO5,129.89,15
2026-05-11T18:30:00Z,PL,129.30,15
2026-05-11T18:30:00Z,PT,127.97,15
2026-05-11T18:30:00Z,RO,238.06,15
2026-05-11T18:30:00Z,RS,171.01,15
2026-05-11T18:30:00Z,SE1,129.89,15
2026-05-11T18:30:00Z,SE2,129.89,15
2026-05-11T18:30:00Z,SE3,129.89,15
2026-05-11T18:30:00Z,SE4,129.89,15
2026-05-11T18:30:00Z,SI,160.00,15
2026-05-11T18:30:00Z,SK,118.05,15
2026-05-11T18:45:00Z,AT,137.41,15
2026-05-11T18:45:00Z,BE,134.24,15
2026-05-11T18:45:00Z,CZ,127.41,15
2026-05-11T18:45:00Z,DE-LU,133.36,15
2026-05-11T18:45:00Z,DK1,133.36,15
2026-05-11T18:45:00Z,DK2,133.36,15
2026-05-11T18:45:00Z,EE,130.02,15
2026-05-11T18:45:00Z,ES,138.84,15
2026-05-11T18:45:00Z,FI,130.02,15
2026-05-11T18:45:00Z,FR,135.08,15
2026-05-11T18:45:00Z,GR,127.21,15
2026-05-11T18:45:00Z,HR,164.60,15
2026-05-11T18:45:00Z,HU,195.00,15
2026-05-11T18:45:00Z,IT-CNorth,159.42,15
2026-05-11T18:45:00Z,IT-CSouth,159.42,15
2026-05-11T18:45:00Z,IT-North,159.42,15
2026-05-11T18:45:00Z,IT-Sardinia,159.42,15
2026-05-11T18:45:00Z,IT-Sicily,159.42,15
2026-05-11T18:45:00Z,IT-South,159.42,15
2026-05-11T18:45:00Z,LT,130.02,15
2026-05-11T18:45:00Z,LV,130.02,15
2026-05-11T18:45:00Z,NL,133.74,15
2026-05-11T18:45:00Z,NO1,130.02,15
2026-05-11T18:45:00Z,NO2,130.02,15
2026-05-11T18:45:00Z,NO3,130.02,15
2026-05-11T18:45:00Z,NO4,130.02,15
2026-05-11T18:45:00Z,NO5,130.02,15
2026-05-11T18:45:00Z,PL,130.39,15
2026-05-11T18:45:00Z,PT,138.84,15
2026-05-11T18:45:00Z,RO,205.05,15
2026-05-11T18:45:00Z,RS,171.01,15
2026-05-11T18:45:00Z,SE1,130.02,15
2026-05-11T18:45:00Z,SE2,130.02,15
2026-05-11T18:45:00Z,SE3,130.02,15
2026-05-11T18:45:00Z,SE4,130.02,15
2026-05-11T18:45:00Z,SI,151.24,15
2026-05-11T18:45:00Z,SK,122.55,15
2026-05-11T19:00:00Z,AT,136.16,15
2026-05-11T19:00:00Z,BE,135.19,15
2026-05-11T19:00:00Z,CH,129.24,60
2026-05-11T19:00:00Z,CZ,134.71,15
2026-05-11T19:00:00Z,DE-LU,135.38,15
2026-05-11T19:00:00Z,DK1,135.38,15
2026-05-11T19:00:00Z,DK2,135.38,15
2026-05-11T19:00:00Z,EE,131.46,15
2026-05-11T19:00:00Z,ES,149.80,15
2026-05-11T19:00:00Z,FI,131.46,15
2026-05-11T19:00:00Z,FR,134.18,15
2026-05-11T19:00:00Z,GR,144.43,15
2026-05-11T19:00:00Z,HR,139.38,15
2026-05-11T19:00:00Z,HU,143.13,15
2026-05-11T19:00:00Z,IT-CNorth,143.56,15
2026-05-11T19:00:00Z,IT-CSouth,143.56,15
2026-05-11T19:00:00Z,IT-North,143.56,15
2026-05-11T19:00:00Z,IT-Sardinia,143.56,15
2026-05-11T19:00:00Z,IT-Sicily,143.56,15
2026-05-11T19:00:00Z,IT-South,143.56,15
2026-05-11T19:00:00Z,LT,131.46,15
2026-05-11T19:00:00Z,LV,131.46,15
2026-05-11T19:00:00Z,NL,135.28,15
2026-05-11T19:00:00Z,NO1,131.46,15
2026-05-11T19:00:00Z,NO2,131.46,15
2026-05-11T19:00:00Z,NO3,131.46,15
2026-05-11T19:00:00Z,NO4,131.46,15
2026-05-11T19:00:00Z,NO5,131.46,15
2026-05-11T19:00:00Z,PL,135.08,15
2026-05-11T19:00:00Z,PT,149.80,15
2026-05-11T19:00:00Z,RO,144.43,15
2026-05-11T19:00:00Z,RS,154.04,15
2026-05-11T19:00:00Z,SE1,131.46,15
2026-05-11T19:00:00Z,SE2,131.46,15
2026-05-11T19:00:00Z,SE3,131.46,15
2026-05-11T19:00:00Z,SE4,131.46,15
2026-05-11T19:00:00Z,SI,137.74,15
2026-05-11T19:00:00Z,SK,133.98,15
2026-05-11T19:15:00Z,AT,130.21,15
2026-05-11T19:15:00Z,BE,130.00,15
2026-05-11T19:15:00Z,CZ,129.76,15
2026-05-11T19:15:00Z,DE-LU,129.99,15
2026-05-11T19:15:00Z,DK1,129.99,15
2026-05-11T19:15:00Z,DK2,129.99,15
2026-05-11T19:15:00Z,EE,126.74,15
2026-05-11T19:15:00Z,ES,195.00,15
2026-05-11T19:15:00Z,FI,126.74,15
2026-05-11T19:15:00Z,FR,129.91,15
2026-05-11T19:15:00Z,GR,132.85,15
2026-05-11T19:15:00Z,HR,131.24,15
2026-05-11T19:15:00Z,HU,132.44,15
2026-05-11T19:15:00Z,IT-CNorth,142.30,15
2026-05-11T19:15:00Z,IT-CSouth,142.30,15
2026-05-11T19:15:00Z,IT-North,142.30,15
2026-05-11T19:15:00Z,IT-Sardinia,142.30,15
2026-05-11T19:15:00Z,IT-Sicily,142.30,15
2026-05-11T19:15:00Z,IT-South,142.30,15
2026-05-11T19:15:00Z,LT,126.74,15
2026-05-11T19:15:00Z,LV,126.74,15
2026-05-11T19:15:00Z,NL,129.99,15
2026-05-11T19:15:00Z,NO1,126.74,15
2026-05-11T19:15:00Z,NO2,126.74,15
2026-05-11T19:15:00Z,NO3,126.74,15
2026-05-11T19:15:00Z,NO4,126.74,15
2026-05-11T19:15:00Z,NO5,126.74,15
2026-05-11T19:15:00Z,PL,129.88,15
2026-05-11T19:15:00Z,PT,195.00,15
2026-05-11T19:15:00Z,RO,132.85,15
2026-05-11T19:15:00Z,RS,154.04,15
2026-05-11T19:15:00Z,SE1,126.74,15
2026-05-11T19:15:00Z,SE2,126.74,15
2026-05-11T19:15:00Z,SE3,126.74,15
2026-05-11T19:15:00Z,SE4,126.74,15
2026-05-11T19:15:00Z,SI,130.71,15
2026-05-11T19:15:00Z,SK,129.53,15
2026-05-11T19:30:00Z,AT,127.95,15
2026-05-11T19:30:00Z,BE,126.87,15
2026-05-11T19:30:00Z,CZ,127.82,15
2026-05-11T19:30:00Z,DE-LU,127.64,15
2026-05-11T19:30:00Z,DK1,127.64,15
2026-05-11T19:30:00Z,DK2,127.64,15
2026-05-11T19:30:00Z,EE,123.94,15
2026-05-11T19:30:00Z,ES,210.00,15
2026-05-11T19:30:00Z,FI,123.94,15
2026-05-11T19:30:00Z,FR,123.99,15
2026-05-11T19:30:00Z,GR,127.91,15
2026-05-11T19:30:00Z,HR,127.96,15
2026-05-11T19:30:00Z,HU,127.89,15
2026-05-11T19:30:00Z,IT-CNorth,139.87,15
2026-05-11T19:30:00Z,IT-CSouth,139.87,15
2026-05-11T19:30:00Z,IT-North,139.87,15
2026-05-11T19:30:00Z,IT-Sardinia,139.87,15
2026-05-11T19:30:00Z,IT-Sicily,139.87,15
2026-05-11T19:30:00Z,IT-South,139.87,15
2026-05-11T19:30:00Z,LT,123.94,15
2026-05-11T19:30:00Z,LV,123.94,15
2026-05-11T19:30:00Z,NL,127.27,15
2026-05-11T19:30:00Z,NO1,123.94,15
2026-05-11T19:30:00Z,NO2,123.94,15
2026-05-11T19:30:00Z,NO3,123.94,15
2026-05-11T19:30:00Z,NO4,123.94,15
2026-05-11T19:30:00Z,NO5,123.94,15
2026-05-11T19:30:00Z,PL,127.79,15
2026-05-11T19:30:00Z,PT,210.00,15
2026-05-11T19:30:00Z,RO,127.91,15
2026-05-11T19:30:00Z,RS,154.04,15
2026-05-11T19:30:00Z,SE1,123.94,15
2026-05-11T19:30:00Z,SE2,123.94,15
2026-05-11T19:30:00Z,SE3,123.94,15
2026-05-11T19:30:00Z,SE4,123.94,15
2026-05-11T19:30:00Z,SI,127.97,15
2026-05-11T19:30:00Z,SK,127.85,15
2026-05-11T19:45:00Z,AT,121.65,15
2026-05-11T19:45:00Z,BE,114.94,15
2026-05-11T19:45:00Z,CZ,117.51,15
2026-05-11T19:45:00Z,DE-LU,118.48,15
2026-05-11T19:45:00Z,DK1,118.48,15
2026-05-11T19:45:00Z,DK2,119.15,15
2026-05-11T19:45:00Z,EE,118.29,15
2026-05-11T19:45:00Z,ES,195.47,15
2026-05-11T19:45:00Z,FI,118.28,15
2026-05-11T19:45:00Z,FR,100.90,15
2026-05-11T19:45:00Z,GR,142.17,15
2026-05-11T19:45:00Z,HR,129.74,15
2026-05-11T19:45:00Z,HU,138.86,15
2026-05-11T19:45:00Z,IT-CNorth,138.36,15
2026-05-11T19:45:00Z,IT-CSouth,138.36,15
2026-05-11T19:45:00Z,IT-North,138.36,15
2026-05-11T19:45:00Z,IT-Sardinia,138.36,15
2026-05-11T19:45:00Z,IT-Sicily,138.36,15
2026-05-11T19:45:00Z,IT-South,138.36,15
2026-05-11T19:45:00Z,LT,118.29,15
2026-05-11T19:45:00Z,LV,118.29,15
2026-05-11T19:45:00Z,NL,116.73,15
2026-05-11T19:45:00Z,NO1,120.90,15
2026-05-11T19:45:00Z,NO2,120.61,15
2026-05-11T19:45:00Z,NO3,123.52,15
2026-05-11T19:45:00Z,NO4,104.56,15
2026-05-11T19:45:00Z,NO5,121.37,15
2026-05-11T19:45:00Z,PL,118.29,15
2026-05-11T19:45:00Z,PT,195.47,15
2026-05-11T19:45:00Z,RO,142.17,15
2026-05-11T19:45:00Z,RS,154.04,15
2026-05-11T19:45:00Z,SE1,114.80,15
2026-05-11T19:45:00Z,SE2,118.08,15
2026-05-11T19:45:00Z,SE3,118.80,15
2026-05-11T19:45:00Z,SE4,119.09,15
2026-05-11T19:45:00Z,SI,125.68,15
2026-05-11T19:45:00Z,SK,115.80,15
2026-05-11T20:00:00Z,AT,127.30,15
2026-05-11T20:00:00Z,BE,126.90,15
2026-05-11T20:00:00Z,CH,122.67,60
2026-05-11T20:00:00Z,CZ,126.44,15
2026-05-11T20:00:00Z,DE-LU,126.86,15
2026-05-11T20:00:00Z,DK1,126.86,15
2026-05-11T20:00:00Z,DK2,126.19,15
2026-05-11T20:00:00Z,EE,123.18,15
2026-05-11T20:00:00Z,ES,160.00,15
2026-05-11T20:00:00Z,FI,123.18,15
2026-05-11T20:00:00Z,FR,126.86,15
2026-05-11T20:00:00Z,GR,131.53,15
2026-05-11T20:00:00Z,HR,129.03,15
2026-05-11T20:00:00Z,HU,130.76,15
2026-05-11T20:00:00Z,IT-CNorth,138.36,15
2026-05-11T20:00:00Z,IT-CSouth,138.36,15
2026-05-11T20:00:00Z,IT-North,138.36,15
2026-05-11T20:00:00Z,IT-Sardinia,138.36,15
2026-05-11T20:00:00Z,IT-Sicily,138.36,15
2026-05-11T20:00:00Z,IT-South,138.36,15
2026-05-11T20:00:00Z,LT,123.18,15
2026-05-11T20:00:00Z,LV,123.18,15
2026-05-11T20:00:00Z,NL,126.87,15
2026-05-11T20:00:00Z,NO1,123.18,15
2026-05-11T20:00:00Z,NO2,123.18,15
2026-05-11T20:00:00Z,NO3,123.18,15
2026-05-11T20:00:00Z,NO4,123.18,15
2026-05-11T20:00:00Z,NO5,123.18,15
2026-05-11T20:00:00Z,PL,126.66,15
2026-05-11T20:00:00Z,PT,160.00,15
2026-05-11T20:00:00Z,RO,131.53,15
2026-05-11T20:00:00Z,RS,141.00,15
2026-05-11T20:00:00Z,SE1,123.18,15
2026-05-11T20:00:00Z,SE2,123.18,15
2026-05-11T20:00:00Z,SE3,123.18,15
2026-05-11T20:00:00Z,SE4,123.18,15
2026-05-11T20:00:00Z,SI,128.16,15
2026-05-11T20:00:00Z,SK,126.27,15
2026-05-11T20:15:00Z,AT,121.01,15
2026-05-11T20:15:00Z,BE,121.01,15
2026-05-11T20:15:00Z,CZ,121.01,15
2026-05-11T20:15:00Z,DE-LU,121.01,15
2026-05-11T20:15:00Z,DK1,121.01,15
2026-05-11T20:15:00Z,DK2,121.01,15
2026-05-11T20:15:00Z,EE,118.48,15
2026-05-11T20:15:00Z,ES,140.33,15
2026-05-11T20:15:00Z,FI,118.47,15
2026-05-11T20:15:00Z,FR,121.01,15
2026-05-11T20:15:00Z,GR,121.01,15
2026-05-11T20:15:00Z,HR,121.01,15
2026-05-11T20:15:00Z,HU,121.01,15
2026-05-11T20:15:00Z,IT-CNorth,134.60,15
2026-05-11T20:15:00Z,IT-CSouth,134.60,15
2026-05-11T20:15:00Z,IT-North,134.60,15
2026-05-11T20:15:00Z,IT-Sardinia,134.60,15
2026-05-11T20:15:00Z,IT-Sicily,134.60,15
2026-05-11T20:15:00Z,IT-South,134.60,15
2026-05-11T20:15:00Z,LT,118.48,15
2026-05-11T20:15:00Z,LV,118.48,15
2026-05-11T20:15:00Z,NL,121.01,15
2026-05-11T20:15:00Z,NO1,121.02,15
2026-05-11T20:15:00Z,NO2,120.82,15
2026-05-11T20:15:00Z,NO3,123.47,15
2026-05-11T20:15:00Z,NO4,105.07,15
2026-05-11T20:15:00Z,NO5,121.39,15
2026-05-11T20:15:00Z,PL,121.01,15
2026-05-11T20:15:00Z,PT,140.33,15
2026-05-11T20:15:00Z,RO,121.01,15
2026-05-11T20:15:00Z,RS,141.00,15
2026-05-11T20:15:00Z,SE1,115.08,15
2026-05-11T20:15:00Z,SE2,118.28,15
2026-05-11T20:15:00Z,SE3,118.99,15
2026-05-11T20:15:00Z,SE4,119.27,15
2026-05-11T20:15:00Z,SI,121.01,15
2026-05-11T20:15:00Z,SK,121.01,15
2026-05-11T20:30:00Z,AT,121.86,15
2026-05-11T20:30:00Z,BE,121.86,15
2026-05-11T20:30:00Z,CZ,121.86,15
2026-05-11T20:30:00Z,DE-LU,121.86,15
2026-05-11T20:30:00Z,DK1,121.86,15
2026-05-11T20:30:00Z,DK2,121.86,15
2026-05-11T20:30:00Z,EE,117.46,15
2026-05-11T20:30:00Z,ES,130.96,15
2026-05-11T20:30:00Z,FI,117.45,15
2026-05-11T20:30:00Z,FR,121.86,15
2026-05-11T20:30:00Z,GR,121.86,15
2026-05-11T20:30:00Z,HR,121.86,15
2026-05-11T20:30:00Z,HU,121.86,15
2026-05-11T20:30:00Z,IT-CNorth,121.86,15
2026-05-11T20:30:00Z,IT-CSouth,121.86,15
2026-05-11T20:30:00Z,IT-North,121.86,15
2026-05-11T20:30:00Z,IT-Sardinia,121.86,15
2026-05-11T20:30:00Z,IT-Sicily,121.86,15
2026-05-11T20:30:00Z,IT-South,121.86,15
2026-05-11T20:30:00Z,LT,117.46,15
2026-05-11T20:30:00Z,LV,117.46,15
2026-05-11T20:30:00Z,NL,121.86,15
2026-05-11T20:30:00Z,NO1,120.88,15
2026-05-11T20:30:00Z,NO2,120.62,15
2026-05-11T20:30:00Z,NO3,124.18,15
2026-05-11T20:30:00Z,NO4,99.37,15
2026-05-11T20:30:00Z,NO5,121.39,15
2026-05-11T20:30:00Z,PL,121.86,15
2026-05-11T20:30:00Z,PT,130.96,15
2026-05-11T20:30:00Z,RO,121.86,15
2026-05-11T20:30:00Z,RS,141.00,15
2026-05-11T20:30:00Z,SE1,112.88,15
2026-05-11T20:30:00Z,SE2,117.19,15
2026-05-11T20:30:00Z,SE3,118.15,15
2026-05-11T20:30:00Z,SE4,118.52,15
2026-05-11T20:30:00Z,SI,121.86,15
2026-05-11T20:30:00Z,SK,121.86,15
2026-05-11T20:45:00Z,AT,115.26,15
2026-05-11T20:45:00Z,BE,113.68,15
2026-05-11T20:45:00Z,CZ,110.68,15
2026-05-11T20:45:00Z,DE-LU,113.33,15
2026-05-11T20:45:00Z,DK1,113.33,15
2026-05-11T20:45:00Z,DK2,113.33,15
2026-05-11T20:45:00Z,EE,107.90,15
2026-05-11T20:45:00Z,ES,128.02,15
2026-05-11T20:45:00Z,FI,107.85,15
2026-05-11T20:45:00Z,FR,113.68,15
2026-05-11T20:45:00Z,GR,122.15,15
2026-05-11T20:45:00Z,HR,128.37,15
2026-05-11T20:45:00Z,HU,139.62,15
2026-05-11T20:45:00Z,IT-CNorth,122.68,15
2026-05-11T20:45:00Z,IT-CSouth,122.68,15
2026-05-11T20:45:00Z,IT-North,122.68,15
2026-05-11T20:45:00Z,IT-Sardinia,122.68,15
2026-05-11T20:45:00Z,IT-Sicily,122.68,15
2026-05-11T20:45:00Z,IT-South,122.68,15
2026-05-11T20:45:00Z,LT,107.90,15
2026-05-11T20:45:00Z,LV,107.90,15
2026-05-11T20:45:00Z,NL,113.48,15
2026-05-11T20:45:00Z,NO1,117.62,15
2026-05-11T20:45:00Z,NO2,116.87,15
2026-05-11T20:45:00Z,NO3,127.01,15
2026-05-11T20:45:00Z,NO4,56.44,15
2026-05-11T20:45:00Z,NO5,119.06,15
2026-05-11T20:45:00Z,PL,112.13,15
2026-05-11T20:45:00Z,PT,128.02,15
2026-05-11T20:45:00Z,RO,145.39,15
2026-05-11T20:45:00Z,RS,141.00,15
2026-05-11T20:45:00Z,SE1,94.86,15
2026-05-11T20:45:00Z,SE2,107.12,15
2026-05-11T20:45:00Z,SE3,109.84,15
2026-05-11T20:45:00Z,SE4,110.92,15
2026-05-11T20:45:00Z,SI,122.68,15
2026-05-11T20:45:00Z,SK,107.09,15
2026-05-11T21:00:00Z,AT,125.75,15
2026-05-11T21:00:00Z,BE,120.02,15
2026-05-11T21:00:00Z,CH,115.80,60
2026-05-11T21:00:00Z,CZ,113.51,15
2026-05-11T21:00:00Z,DE-LU,119.35,15
2026-05-11T21:00:00Z,DK1,119.35,15
2026-05-11T21:00:00Z,DK2,119.34,15
2026-05-11T21:00:00Z,EE,112.54,15
2026-05-11T21:00:00Z,ES,125.01,15
2026-05-11T21:00:00Z,FI,112.51,15
2026-05-11T21:00:00Z,FR,119.35,15
2026-05-11T21:00:00Z,GR,174.45,15
2026-05-11T21:00:00Z,HR,149.67,15
2026-05-11T21:00:00Z,HU,180.04,15
2026-05-11T21:00:00Z,IT-CNorth,138.36,15
2026-05-11T21:00:00Z,IT-CSouth,138.36,15
2026-05-11T21:00:00Z,IT-North,138.36,15
2026-05-11T21:00:00Z,IT-Sardinia,138.36,15
2026-05-11T21:00:00Z,IT-Sicily,138.36,15
2026-05-11T21:00:00Z,IT-South,138.36,15
2026-05-11T21:00:00Z,LT,112.54,15
2026-05-11T21:00:00Z,LV,112.54,15
2026-05-11T21:00:00Z,NL,119.67,15
2026-05-11T21:00:00Z,NO1,119.09,15
2026-05-11T21:00:00Z,NO2,118.57,15
2026-05-11T21:00:00Z,NO3,125.46,15
2026-05-11T21:00:00Z,NO4,77.75,15
2026-05-11T21:00:00Z,NO5,120.07,15
2026-05-11T21:00:00Z,PL,116.20,15
2026-05-11T21:00:00Z,PT,125.01,15
2026-05-11T21:00:00Z,RO,190.97,15
2026-05-11T21:00:00Z,RS,150.13,15
2026-05-11T21:00:00Z,SE1,103.74,15
2026-05-11T21:00:00Z,SE2,111.99,15
2026-05-11T21:00:00Z,SE3,113.86,15
2026-05-11T21:00:00Z,SE4,114.57,15
2026-05-11T21:00:00Z,SI,138.78,15
2026-05-11T21:00:00Z,SK,110.89,15
2026-05-11T21:15:00Z,AT,116.91,15
2026-05-11T21:15:00Z,BE,109.92,15
2026-05-11T21:15:00Z,CZ,101.48,15
2026-05-11T21:15:00Z,DE-LU,108.80,15
2026-05-11T21:15:00Z,DK1,108.80,15
2026-05-11T21:15:00Z,DK2,108.07,15
2026-05-11T21:15:00Z,EE,104.87,15
2026-05-11T21:15:00Z,ES,122.01,15
2026-05-11T21:15:00Z,FI,104.82,15
2026-05-11T21:15:00Z,FR,108.80,15
2026-05-11T21:15:00Z,GR,171.47,15
2026-05-11T21:15:00Z,HR,147.28,15
2026-05-11T21:15:00Z,HU,185.91,15
2026-05-11T21:15:00Z,IT-CNorth,133.41,15
2026-05-11T21:15:00Z,IT-CSouth,133.41,15
2026-05-11T21:15:00Z,IT-North,133.41,15
2026-05-11T21:15:00Z,IT-Sardinia,133.41,15
2026-05-11T21:15:00Z,IT-Sicily,133.41,15
2026-05-11T21:15:00Z,IT-South,133.41,15
2026-05-11T21:15:00Z,LT,104.87,15
2026-05-11T21:15:00Z,LV,104.87,15
2026-05-11T21:15:00Z,NL,108.80,15
2026-05-11T21:15:00Z,NO1,114.53,15
2026-05-11T21:15:00Z,NO2,113.77,15
2026-05-11T21:15:00Z,NO3,123.94,15
2026-05-11T21:15:00Z,NO4,53.53,15
2026-05-11T21:15:00Z,NO5,115.98,15
2026-05-11T21:15:00Z,PL,104.87,15
2026-05-11T21:15:00Z,PT,122.01,15
2026-05-11T21:15:00Z,RO,200.01,15
2026-05-11T21:15:00Z,RS,150.13,15
2026-05-11T21:15:00Z,SE1,91.88,15
2026-05-11T21:15:00Z,SE2,104.06,15
2026-05-11T21:15:00Z,SE3,106.81,15
2026-05-11T21:15:00Z,SE4,107.87,15
2026-05-11T21:15:00Z,SI,133.41,15
2026-05-11T21:15:00Z,SK,97.06,15
2026-05-11T21:30:00Z,AT,111.39,15
2026-05-11T21:30:00Z,BE,107.73,15
2026-05-11T21:30:00Z,CZ,102.22,15
2026-05-11T21:30:00Z,DE-LU,106.60,15
2026-05-11T21:30:00Z,DK1,106.60,15
2026-05-11T21:30:00Z,DK2,104.92,15
2026-05-11T21:30:00Z,EE,101.51,15
2026-05-11T21:30:00Z,ES,115.52,15
2026-05-11T21:30:00Z,FI,101.46,15
2026-05-11T21:30:00Z,FR,108.30,15
2026-05-11T21:30:00Z,GR,159.44,15
2026-05-11T21:30:00Z,HR,129.10,15
2026-05-11T21:30:00Z,HU,151.54,15
2026-05-11T21:30:00Z,IT-CNorth,117.24,15
2026-05-11T21:30:00Z,IT-CSouth,117.24,15
2026-05-11T21:30:00Z,IT-North,117.24,15
2026-05-11T21:30:00Z,IT-Sardinia,117.24,15
2026-05-11T21:30:00Z,IT-Sicily,117.24,15
2026-05-11T21:30:00Z,IT-South,117.24,15
2026-05-11T21:30:00Z,LT,101.51,15
2026-05-11T21:30:00Z,LV,101.51,15
2026-05-11T21:30:00Z,NL,106.60,15
2026-05-11T21:30:00Z,NO1,112.06,15
2026-05-11T21:30:00Z,NO2,111.00,15
2026-05-11T21:30:00Z,NO3,122.65,15
2026-05-11T21:30:00Z,NO4,46.04,15
2026-05-11T21:30:00Z,NO5,115.32,15
2026-05-11T21:30:00Z,PL,104.23,15
2026-05-11T21:30:00Z,PT,115.52,15
2026-05-11T21:30:00Z,RO,159.44,15
2026-05-11T21:30:00Z,RS,150.13,15
2026-05-11T21:30:00Z,SE1,87.49,15
2026-05-11T21:30:00Z,SE2,100.65,15
2026-05-11T21:30:00Z,SE3,103.59,15
2026-05-11T21:30:00Z,SE4,104.71,15
2026-05-11T21:30:00Z,SI,121.07,15
2026-05-11T21:30:00Z,SK,101.24,15
2026-05-11T21:45:00Z,AT,106.41,15
2026-05-11T21:45:00Z,BE,102.33,15
2026-05-11T21:45:00Z,CZ,96.15,15
2026-05-11T21:45:00Z,DE-LU,101.06,15
2026-05-11T21:45:00Z,DK1,101.06,15
2026-05-11T21:45:00Z,DK2,99.24,15
2026-05-11T21:45:00Z,EE,94.73,15
2026-05-11T21:45:00Z,ES,108.95,15
2026-05-11T21:45:00Z,FI,94.68,15
2026-05-11T21:45:00Z,FR,102.95,15
2026-05-11T21:45:00Z,GR,160.16,15
2026-05-11T21:45:00Z,HR,126.23,15
2026-05-11T21:45:00Z,HU,151.33,15
2026-05-11T21:45:00Z,IT-CNorth,117.24,15
2026-05-11T21:45:00Z,IT-CSouth,117.24,15
2026-05-11T21:45:00Z,IT-North,117.24,15
2026-05-11T21:45:00Z,IT-Sardinia,117.24,15
2026-05-11T21:45:00Z,IT-Sicily,117.24,15
2026-05-11T21:45:00Z,IT-South,117.24,15
2026-05-11T21:45:00Z,LT,94.73,15
2026-05-11T21:45:00Z,LV,94.73,15
2026-05-11T21:45:00Z,NL,101.06,15
2026-05-11T21:45:00Z,NO1,108.89,15
2026-05-11T21:45:00Z,NO2,107.35,15
2026-05-11T21:45:00Z,NO3,118.28,15
2026-05-11T21:45:00Z,NO4,41.48,15
2026-05-11T21:45:00Z,NO5,115.75,15
2026-05-11T21:45:00Z,PL,98.40,15
2026-05-11T21:45:00Z,PT,108.95,15
2026-05-11T21:45:00Z,RO,160.16,15
2026-05-11T21:45:00Z,RS,150.13,15
2026-05-11T21:45:00Z,SE1,81.29,15
2026-05-11T21:45:00Z,SE2,93.95,15
2026-05-11T21:45:00Z,SE3,96.68,15
2026-05-11T21:45:00Z,SE4,97.72,15
2026-05-11T21:45:00Z,SI,117.24,15
2026-05-11T21:45:00Z,SK,95.06,15
2026-05-11T22:00:00Z,AT,107.19,15
2026-05-11T22:00:00Z,BE,106.14,15
2026-05-11T22:00:00Z,CH,119.94,60
2026-05-11T22:00:00Z,CZ,104.46,15
2026-05-11T22:00:00Z,DE-LU,105.91,15
2026-05-11T22:00:00Z,DK1,105.91,15
2026-05-11T22:00:00Z,DK2,105.91,15
2026-05-11T22:00:00Z,EE,102.80,15
2026-05-11T22:00:00Z,ES,111.47,15
2026-05-11T22:00:00Z,FI,102.76,15
2026-05-11T22:00:00Z,FR,106.33,15
2026-05-11T22:00:00Z,GR,122.99,15
2026-05-11T22:00:00Z,HR,112.67,15
2026-05-11T22:00:00Z,HU,120.18,15
2026-05-11T22:00:00Z,IT-CNorth,135.00,15
2026-05-11T22:00:00Z,IT-CSouth,135.00,15
2026-05-11T22:00:00Z,IT-North,135.00,15
2026-05-11T22:00:00Z,IT-Sardinia,135.00,15
2026-05-11T22:00:00Z,IT-Sicily,135.00,15
2026-05-11T22:00:00Z,IT-South,135.00,15
2026-05-11T22:00:00Z,LT,102.80,15
2026-05-11T22:00:00Z,LV,102.80,15
2026-05-11T22:00:00Z,NL,106.02,15
2026-05-11T22:00:00Z,NO1,113.04,15
2026-05-11T22:00:00Z,NO2,109.42,15
2026-05-11T22:00:00Z,NO3,123.01,15
2026-05-11T22:00:00Z,NO4,51.04,15
2026-05-11T22:00:00Z,NO5,117.52,15
2026-05-11T22:00:00Z,PL,105.24,15
2026-05-11T22:00:00Z,PT,111.47,15
2026-05-11T22:00:00Z,RO,122.99,15
2026-05-11T22:00:00Z,RS,80.10,15
2026-05-11T22:00:00Z,SE1,89.63,15
2026-05-11T22:00:00Z,SE2,102.17,15
2026-05-11T22:00:00Z,SE3,104.70,15
2026-05-11T22:00:00Z,SE4,105.68,15
2026-05-11T22:00:00Z,SI,110.07,15
2026-05-11T22:00:00Z,SK,101.03,15
2026-05-11T22:15:00Z,AT,102.42,15
2026-05-11T22:15:00Z,BE,101.14,15
2026-05-11T22:15:00Z,CZ,99.11,15
2026-05-11T22:15:00Z,DE-LU,100.86,15
2026-05-11T22:15:00Z,DK1,100.99,15
2026-05-11T22:15:00Z,DK2,100.86,15
2026-05-11T22:15:00Z,EE,97.84,15
2026-05-11T22:15:00Z,ES,109.48,15
2026-05-11T22:15:00Z,FI,97.80,15
2026-05-11T22:15:00Z,FR,101.38,15
2026-05-11T22:15:00Z,GR,121.54,15
2026-05-11T22:15:00Z,HR,109.04,15
2026-05-11T22:15:00Z,HU,118.13,15
2026-05-11T22:15:00Z,IT-CNorth,135.00,15
2026-05-11T22:15:00Z,IT-CSouth,135.00,15
2026-05-11T22:15:00Z,IT-North,135.00,15
2026-05-11T22:15:00Z,IT-Sardinia,135.00,15
2026-05-11T22:15:00Z,IT-Sicily,135.00,15
2026-05-11T22:15:00Z,IT-South,135.00,15
2026-05-11T22:15:00Z,LT,97.84,15
2026-05-11T22:15:00Z,LV,97.84,15
2026-05-11T22:15:00Z,NL,100.99,15
2026-05-11T22:15:00Z,NO1,110.35,15
2026-05-11T22:15:00Z,NO2,104.27,15
2026-05-11T22:15:00Z,NO3,120.28,15
2026-05-11T22:15:00Z,NO4,46.05,15
2026-05-11T22:15:00Z,NO5,117.44,15
2026-05-11T22:15:00Z,PL,100.06,15
2026-05-11T22:15:00Z,PT,109.48,15
2026-05-11T22:15:00Z,RO,121.54,15
2026-05-11T22:15:00Z,RS,80.10,15
2026-05-11T22:15:00Z,SE1,84.69,15
2026-05-11T22:15:00Z,SE2,97.25,15
2026-05-11T22:15:00Z,SE3,99.69,15
2026-05-11T22:15:00Z,SE4,100.64,15
2026-05-11T22:15:00Z,SI,105.89,15
2026-05-11T22:15:00Z,SK,94.96,15
2026-05-11T22:30:00Z,AT,98.28,15
2026-05-11T22:30:00Z,BE,96.96,15
2026-05-11T22:30:00Z,CZ,94.86,15
2026-05-11T22:30:00Z,DE-LU,96.68,15
2026-05-11T22:30:00Z,DK1,96.81,15
2026-05-11T22:30:00Z,DK2,95.45,15
2026-05-11T22:30:00Z,EE,92.63,15
2026-05-11T22:30:00Z,ES,108.18,15
2026-05-11T22:30:00Z,FI,92.58,15
2026-05-11T22:30:00Z,FR,97.21,15
2026-05-11T22:30:00Z,GR,118.03,15
2026-05-11T22:30:00Z,HR,105.12,15
2026-05-11T22:30:00Z,HU,114.52,15
2026-05-11T22:30:00Z,IT-CNorth,134.60,15
2026-05-11T22:30:00Z,IT-CSouth,134.60,15
2026-05-11T22:30:00Z,IT-North,134.60,15
2026-05-11T22:30:00Z,IT-Sardinia,134.60,15
2026-05-11T22:30:00Z,IT-Sicily,134.60,15
2026-05-11T22:30:00Z,IT-South,134.60,15
2026-05-11T22:30:00Z,LT,92.63,15
2026-05-11T22:30:00Z,LV,92.63,15
2026-05-11T22:30:00Z,NL,96.81,15
2026-05-11T22:30:00Z,NO1,108.16,15
2026-05-11T22:30:00Z,NO2,100.00,15
2026-05-11T22:30:00Z,NO3,117.07,15
2026-05-11T22:30:00Z,NO4,42.68,15
2026-05-11T22:30:00Z,NO5,117.44,15
2026-05-11T22:30:00Z,PL,95.84,15
2026-05-11T22:30:00Z,PT,108.18,15
2026-05-11T22:30:00Z,RO,118.03,15
2026-05-11T22:30:00Z,RS,80.10,15
2026-05-11T22:30:00Z,SE1,79.96,15
2026-05-11T22:30:00Z,SE2,92.09,15
2026-05-11T22:30:00Z,SE3,94.36,15
2026-05-11T22:30:00Z,SE4,95.25,15
2026-05-11T22:30:00Z,SI,101.87,15
2026-05-11T22:30:00Z,SK,90.58,15
2026-05-11T22:45:00Z,AT,94.44,15
2026-05-11T22:45:00Z,BE,92.91,15
2026-05-11T22:45:00Z,CZ,91.13,15
2026-05-11T22:45:00Z,DE-LU,92.81,15
2026-05-11T22:45:00Z,DK1,92.86,15
2026-05-11T22:45:00Z,DK2,92.81,15
2026-05-11T22:45:00Z,EE,90.12,15
2026-05-11T22:45:00Z,ES,105.53,15
2026-05-11T22:45:00Z,FI,90.08,15
2026-05-11T22:45:00Z,FR,92.44,15
2026-05-11T22:45:00Z,GR,113.39,15
2026-05-11T22:45:00Z,HR,101.01,15
2026-05-11T22:45:00Z,HU,110.02,15
2026-05-11T22:45:00Z,IT-CNorth,134.60,15
2026-05-11T22:45:00Z,IT-CSouth,134.60,15
2026-05-11T22:45:00Z,IT-North,134.60,15
2026-05-11T22:45:00Z,IT-Sardinia,134.60,15
2026-05-11T22:45:00Z,IT-Sicily,134.60,15
2026-05-11T22:45:00Z,IT-South,134.60,15
2026-05-11T22:45:00Z,LT,90.12,15
2026-05-11T22:45:00Z,LV,90.12,15
2026-05-11T22:45:00Z,NL,92.86,15
2026-05-11T22:45:00Z,NO1,106.46,15
2026-05-11T22:45:00Z,NO2,96.74,15
2026-05-11T22:45:00Z,NO3,115.30,15
2026-05-11T22:45:00Z,NO4,41.46,15
2026-05-11T22:45:00Z,NO5,117.37,15
2026-05-11T22:45:00Z,PL,92.06,15
2026-05-11T22:45:00Z,PT,105.53,15
2026-05-11T22:45:00Z,RO,113.39,15
2026-05-11T22:45:00Z,RS,80.10,15
2026-05-11T22:45:00Z,SE1,77.79,15
2026-05-11T22:45:00Z,SE2,89.63,15
2026-05-11T22:45:00Z,SE3,91.78,15
2026-05-11T22:45:00Z,SE4,92.62,15
2026-05-11T22:45:00Z,SI,97.89,15
2026-05-11T22:45:00Z,SK,87.01,15
2026-05-11T23:00:00Z,AT,100.73,15
2026-05-11T23:00:00Z,BE,98.93,15
2026-05-11T23:00:00Z,CH,114.90,60
2026-05-11T23:00:00Z,CZ,98.97,15
2026-05-11T23:00:00Z,DE-LU,99.59,15
2026-05-11T23:00:00Z,DK1,99.59,15
2026-05-11T23:00:00Z,DK2,97.79,15
2026-05-11T23:00:00Z,EE,94.65,15
2026-05-11T23:00:00Z,ES,107.03,15
2026-05-11T23:00:00Z,FI,94.60,15
2026-05-11T23:00:00Z,FR,96.00,15
2026-05-11T23:00:00Z,GR,110.07,15
2026-05-11T23:00:00Z,HR,103.93,15
2026-05-11T23:00:00Z,HU,108.38,15
2026-05-11T23:00:00Z,IT-CNorth,134.60,15
2026-05-11T23:00:00Z,IT-CSouth,134.60,15
2026-05-11T23:00:00Z,IT-North,134.60,15
2026-05-11T23:00:00Z,IT-Sardinia,134.60,15
2026-05-11T23:00:00Z,IT-Sicily,134.60,15
2026-05-11T23:00:00Z,IT-South,134.60,15
2026-05-11T23:00:00Z,LT,94.65,15
2026-05-11T23:00:00Z,LV,94.65,15
2026-05-11T23:00:00Z,NL,99.33,15
2026-05-11T23:00:00Z,NO1,109.11,15
2026-05-11T23:00:00Z,NO2,102.34,15
2026-05-11T23:00:00Z,NO3,119.14,15
2026-05-11T23:00:00Z,NO4,40.35,15
2026-05-11T23:00:00Z,NO5,117.07,15
2026-05-11T23:00:00Z,PL,99.38,15
2026-05-11T23:00:00Z,PT,107.03,15
2026-05-11T23:00:00Z,RO,110.07,15
2026-05-11T23:00:00Z,RS,70.09,15
2026-05-11T23:00:00Z,SE1,80.85,15
2026-05-11T23:00:00Z,SE2,93.98,15
2026-05-11T23:00:00Z,SE3,96.59,15
2026-05-11T23:00:00Z,SE4,97.57,15
2026-05-11T23:00:00Z,SI,102.46,15
2026-05-11T23:00:00Z,SK,96.96,15
2026-05-11T23:15:00Z,AT,96.40,15
2026-05-11T23:15:00Z,BE,93.58,15
2026-05-11T23:15:00Z,CZ,93.87,15
2026-05-11T23:15:00Z,DE-LU,94.69,15
2026-05-11T23:15:00Z,DK1,94.69,15
2026-05-11T23:15:00Z,DK2,92.98,15
2026-05-11T23:15:00Z,EE,90.16,15
2026-05-11T23:15:00Z,ES,105.53,15
2026-05-11T23:15:00Z,FI,90.12,15
2026-05-11T23:15:00Z,FR,88.76,15
2026-05-11T23:15:00Z,GR,109.60,15
2026-05-11T23:15:00Z,HR,100.93,15
2026-05-11T23:15:00Z,HU,107.22,15
2026-05-11T23:15:00Z,IT-CNorth,125.00,15
2026-05-11T23:15:00Z,IT-CSouth,125.00,15
2026-05-11T23:15:00Z,IT-North,125.00,15
2026-05-11T23:15:00Z,IT-Sardinia,125.00,15
2026-05-11T23:15:00Z,IT-Sicily,125.00,15
2026-05-11T23:15:00Z,IT-South,125.00,15
2026-05-11T23:15:00Z,LT,90.16,15
2026-05-11T23:15:00Z,LV,90.16,15
2026-05-11T23:15:00Z,NL,94.25,15
2026-05-11T23:15:00Z,NO1,106.90,15
2026-05-11T23:15:00Z,NO2,98.05,15
2026-05-11T23:15:00Z,NO3,115.71,15
2026-05-11T23:15:00Z,NO4,39.72,15
2026-05-11T23:15:00Z,NO5,117.05,15
2026-05-11T23:15:00Z,PL,94.44,15
2026-05-11T23:15:00Z,PT,105.53,15
2026-05-11T23:15:00Z,RO,109.60,15
2026-05-11T23:15:00Z,RS,70.09,15
2026-05-11T23:15:00Z,SE1,77.36,15
2026-05-11T23:15:00Z,SE2,89.58,15
2026-05-11T23:15:00Z,SE3,91.91,15
2026-05-11T23:15:00Z,SE4,92.79,15
2026-05-11T23:15:00Z,SI,98.85,15
2026-05-11T23:15:00Z,SK,91.03,15
2026-05-11T23:30:00Z,AT,95.80,15
2026-05-11T23:30:00Z,BE,94.32,15
2026-05-11T23:30:00Z,CZ,93.36,15
2026-05-11T23:30:00Z,DE-LU,94.50,15
2026-05-11T23:30:00Z,DK1,94.50,15
2026-05-11T23:30:00Z,DK2,92.80,15
2026-05-11T23:30:00Z,EE,89.93,15
2026-05-11T23:30:00Z,ES,105.02,15
2026-05-11T23:30:00Z,FI,89.89,15
2026-05-11T23:30:00Z,FR,93.01,15
2026-05-11T23:30:00Z,GR,109.45,15
2026-05-11T23:30:00Z,HR,100.45,15
2026-05-11T23:30:00Z,HU,107.01,15
2026-05-11T23:30:00Z,IT-CNorth,120.67,15
2026-05-11T23:30:00Z,IT-CSouth,120.67,15
2026-05-11T23:30:00Z,IT-North,120.67,15
2026-05-11T23:30:00Z,IT-Sardinia,120.67,15
2026-05-11T23:30:00Z,IT-Sicily,120.67,15
2026-05-11T23:30:00Z,IT-South,120.67,15
2026-05-11T23:30:00Z,LT,89.93,15
2026-05-11T23:30:00Z,LV,89.93,15
2026-05-11T23:30:00Z,NL,94.43,15
2026-05-11T23:30:00Z,NO1,106.63,15
2026-05-11T23:30:00Z,NO2,97.86,15
2026-05-11T23:30:00Z,NO3,115.61,15
2026-05-11T23:30:00Z,NO4,38.79,15
2026-05-11T23:30:00Z,NO5,116.71,15
2026-05-11T23:30:00Z,PL,94.02,15
2026-05-11T23:30:00Z,PT,105.02,15
2026-05-11T23:30:00Z,RO,109.45,15
2026-05-11T23:30:00Z,RS,70.09,15
2026-05-11T23:30:00Z,SE1,76.96,15
2026-05-11T23:30:00Z,SE2,89.34,15
2026-05-11T23:30:00Z,SE3,91.71,15
2026-05-11T23:30:00Z,SE4,92.60,15
2026-05-11T23:30:00Z,SI,98.29,15
2026-05-11T23:30:00Z,SK,90.41,15
2026-05-11T23:45:00Z,AT,96.16,15
2026-05-11T23:45:00Z,BE,86.80,15
2026-05-11T23:45:00Z,CZ,92.85,15
2026-05-11T23:45:00Z,DE-LU,92.32,15
2026-05-11T23:45:00Z,DK1,92.32,15
2026-05-11T23:45:00Z,DK2,90.65,15
2026-05-11T23:45:00Z,EE,87.97,15
2026-05-11T23:45:00Z,ES,103.45,15
2026-05-11T23:45:00Z,FI,87.92,15
2026-05-11T23:45:00Z,FR,65.01,15
2026-05-11T23:45:00Z,GR,109.06,15
2026-05-11T23:45:00Z,HR,100.72,15
2026-05-11T23:45:00Z,HU,106.59,15
2026-05-11T23:45:00Z,IT-CNorth,120.24,15
2026-05-11T23:45:00Z,IT-CSouth,120.24,15
2026-05-11T23:45:00Z,IT-North,120.24,15
2026-05-11T23:45:00Z,IT-Sardinia,120.24,15
2026-05-11T23:45:00Z,IT-Sicily,120.24,15
2026-05-11T23:45:00Z,IT-South,120.24,15
2026-05-11T23:45:00Z,LT,87.97,15
2026-05-11T23:45:00Z,LV,87.97,15
2026-05-11T23:45:00Z,NL,90.10,15
2026-05-11T23:45:00Z,NO1,105.68,15
2026-05-11T23:45:00Z,NO2,95.64,15
2026-05-11T23:45:00Z,NO3,114.14,15
2026-05-11T23:45:00Z,NO4,38.94,15
2026-05-11T23:45:00Z,NO5,117.07,15
2026-05-11T23:45:00Z,PL,93.16,15
2026-05-11T23:45:00Z,PT,103.45,15
2026-05-11T23:45:00Z,RO,109.06,15
2026-05-11T23:45:00Z,RS,70.09,15
2026-05-11T23:45:00Z,SE1,75.54,15
2026-05-11T23:45:00Z,SE2,87.42,15
2026-05-11T23:45:00Z,SE3,89.64,15
2026-05-11T23:45:00Z,SE4,90.47,15
2026-05-11T23:45:00Z,SI,98.72,15
2026-05-11T23:45:00Z,SK,90.18,15
