timestamp_utc,zone,price_eur_mwh,resolution_min
2026-01-20T00:00:00Z,AT,115.61,15
2026-01-20T00:00:00Z,BE,111.41,15
2026-01-20T00:00:00Z,CH,116.00,60
2026-01-20T00:00:00Z,CZ,115.34,15
2026-01-20T00:00:00Z,DE-LU,115.04,15
2026-01-20T00:00:00Z,DK1,115.04,15
2026-01-20T00:00:00Z,DK2,115.04,15
2026-01-20T00:00:00Z,EE,115.33,15
2026-01-20T00:00:00Z,ES,105.01,15
2026-01-20T00:00:00Z,FI,111.03,15
2026-01-20T00:00:00Z,FR,105.01,15
2026-01-20T00:00:00Z,GR,93.64,15
2026-01-20T00:00:00Z,HR,115.68,15
2026-01-20T00:00:00Z,HU,115.52,15
2026-01-20T00:00:00Z,IT-CNorth,126.32,15
2026-01-20T00:00:00Z,IT-CSouth,126.32,15
2026-01-20T00:00:00Z,IT-North,126.32,15
2026-01-20T00:00:00Z,IT-Sardinia,126.32,15
2026-01-20T00:00:00Z,IT-Sicily,126.32,15
2026-01-20T00:00:00Z,IT-South,126.32,15
2026-01-20T00:00:00Z,LT,115.33,15
2026-01-20T00:00:00Z,LV,115.33,15
2026-01-20T00:00:00Z,NL,94.66,15
2026-01-20T00:00:00Z,NO1,95.23,15
2026-01-20T00:00:00Z,NO2,94.89,15
2026-01-20T00:00:00Z,NO3,103.11,15
2026-01-20T00:00:00Z,NO4,108.41,15
2026-01-20T00:00:00Z,NO5,95.99,15
2026-01-20T00:00:00Z,PL,115.33,15
2026-01-20T00:00:00Z,PT,105.01,15
2026-01-20T00:00:00Z,RO,115.55,15
2026-01-20T00:00:00Z,RS,59.01,15
2026-01-20T00:00:00Z,SE1,110.25,15
2026-01-20T00:00:00Z,SE2,110.60,15
2026-01-20T00:00:00Z,SE3,111.71,15
2026-01-20T00:00:00Z,SE4,112.16,15
2026-01-20T00:00:00Z,SI,115.73,15
2026-01-20T00:00:00Z,SK,115.45,15
2026-01-20T00:15:00Z,AT,116.03,15
2026-01-20T00:15:00Z,BE,109.72,15
2026-01-20T00:15:00Z,CZ,115.53,15
2026-01-20T00:15:00Z,DE-LU,114.97,15
2026-01-20T00:15:00Z,DK1,114.97,15
2026-01-20T00:15:00Z,DK2,114.97,15
2026-01-20T00:15:00Z,EE,111.43,15
2026-01-20T00:15:00Z,ES,99.00,15
2026-01-20T00:15:00Z,FI,110.58,15
2026-01-20T00:15:00Z,FR,99.00,15
2026-01-20T00:15:00Z,GR,93.38,15
2026-01-20T00:15:00Z,HR,116.14,15
2026-01-20T00:15:00Z,HU,115.85,15
2026-01-20T00:15:00Z,IT-CNorth,125.23,15
2026-01-20T00:15:00Z,IT-CSouth,125.23,15
2026-01-20T00:15:00Z,IT-North,125.23,15
2026-01-20T00:15:00Z,IT-Sardinia,125.23,15
2026-01-20T00:15:00Z,IT-Sicily,125.23,15
2026-01-20T00:15:00Z,IT-South,125.23,15
2026-01-20T00:15:00Z,LT,111.43,15
2026-01-20T00:15:00Z,LV,111.43,15
2026-01-20T00:15:00Z,NL,91.78,15
2026-01-20T00:15:00Z,NO1,95.18,15
2026-01-20T00:15:00Z,NO2,94.85,15
2026-01-20T00:15:00Z,NO3,102.86,15
2026-01-20T00:15:00Z,NO4,108.03,15
2026-01-20T00:15:00Z,NO5,95.92,15
2026-01-20T00:15:00Z,PL,115.49,15
2026-01-20T00:15:00Z,PT,99.00,15
2026-01-20T00:15:00Z,RO,115.90,15
2026-01-20T00:15:00Z,RS,59.01,15
2026-01-20T00:15:00Z,SE1,109.81,15
2026-01-20T00:15:00Z,SE2,110.15,15
2026-01-20T00:15:00Z,SE3,111.24,15
2026-01-20T00:15:00Z,SE4,111.68,15
2026-01-20T00:15:00Z,SI,116.24,15
2026-01-20T00:15:00Z,SK,115.72,15
2026-01-20T00:30:00Z,AT,116.09,15
2026-01-20T00:30:00Z,BE,109.30,15
2026-01-20T00:30:00Z,CZ,115.53,15
2026-01-20T00:30:00Z,DE-LU,114.90,15
2026-01-20T00:30:00Z,DK1,114.90,15
2026-01-20T00:30:00Z,DK2,114.90,15
2026-01-20T00:30:00Z,EE,111.36,15
2026-01-20T00:30:00Z,ES,97.50,15
2026-01-20T00:30:00Z,FI,110.50,15
2026-01-20T00:30:00Z,FR,97.50,15
2026-01-20T00:30:00Z,GR,92.77,15
2026-01-20T00:30:00Z,HR,116.21,15
2026-01-20T00:30:00Z,HU,115.88,15
2026-01-20T00:30:00Z,IT-CNorth,124.90,15
2026-01-20T00:30:00Z,IT-CSouth,124.90,15
2026-01-20T00:30:00Z,IT-North,124.90,15
2026-01-20T00:30:00Z,IT-Sardinia,124.90,15
2026-01-20T00:30:00Z,IT-Sicily,124.90,15
2026-01-20T00:30:00Z,IT-South,124.90,15
2026-01-20T00:30:00Z,LT,111.36,15
2026-01-20T00:30:00Z,LV,111.36,15
2026-01-20T00:30:00Z,NL,91.62,15
2026-01-20T00:30:00Z,NO1,95.02,15
2026-01-20T00:30:00Z,NO2,94.69,15
2026-01-20T00:30:00Z,NO3,102.74,15
2026-01-20T00:30:00Z,NO4,107.94,15
2026-01-20T00:30:00Z,NO5,95.76,15
2026-01-20T00:30:00Z,PL,115.48,15
2026-01-20T00:30:00Z,PT,97.50,15
2026-01-20T00:30:00Z,RO,115.94,15
2026-01-20T00:30:00Z,RS,59.01,15
2026-01-20T00:30:00Z,SE1,109.74,15
2026-01-20T00:30:00Z,SE2,110.08,15
2026-01-20T00:30:00Z,SE3,111.17,15
2026-01-20T00:30:00Z,SE4,111.61,15
2026-01-20T00:30:00Z,SI,116.32,15
2026-01-20T00:30:00Z,SK,115.75,15
2026-01-20T00:45:00Z,AT,114.03,15
2026-01-20T00:45:00Z,BE,106.01,15
2026-01-20T00:45:00Z,CZ,113.28,15
2026-01-20T00:45:00Z,DE-LU,112.43,15
2026-01-20T00:45:00Z,DK1,112.43,15
2026-01-20T00:45:00Z,DK2,112.42,15
2026-01-20T00:45:00Z,EE,111.00,15
2026-01-20T00:45:00Z,ES,91.00,15
2026-01-20T00:45:00Z,FI,108.31,15
2026-01-20T00:45:00Z,FR,91.00,15
2026-01-20T00:45:00Z,GR,91.57,15
2026-01-20T00:45:00Z,HR,114.18,15
2026-01-20T00:45:00Z,HU,113.74,15
2026-01-20T00:45:00Z,IT-CNorth,123.55,15
2026-01-20T00:45:00Z,IT-CSouth,123.55,15
2026-01-20T00:45:00Z,IT-North,123.55,15
2026-01-20T00:45:00Z,IT-Sardinia,123.55,15
2026-01-20T00:45:00Z,IT-Sicily,123.55,15
2026-01-20T00:45:00Z,IT-South,123.55,15
2026-01-20T00:45:00Z,LT,111.00,15
2026-01-20T00:45:00Z,LV,111.00,15
2026-01-20T00:45:00Z,NL,92.10,15
2026-01-20T00:45:00Z,NO1,95.02,15
2026-01-20T00:45:00Z,NO2,94.74,15
2026-01-20T00:45:00Z,NO3,101.65,15
2026-01-20T00:45:00Z,NO4,106.11,15
2026-01-20T00:45:00Z,NO5,95.66,15
2026-01-20T00:45:00Z,PL,113.19,15
2026-01-20T00:45:00Z,PT,91.00,15
2026-01-20T00:45:00Z,RO,113.81,15
2026-01-20T00:45:00Z,RS,59.01,15
2026-01-20T00:45:00Z,SE1,107.65,15
2026-01-20T00:45:00Z,SE2,107.94,15
2026-01-20T00:45:00Z,SE3,108.88,15
2026-01-20T00:45:00Z,SE4,109.26,15
2026-01-20T00:45:00Z,SI,114.32,15
2026-01-20T00:45:00Z,SK,113.55,15
2026-01-20T01:00:00Z,AT,114.25,15
2026-01-20T01:00:00Z,BE,105.14,15
2026-01-20T01:00:00Z,CH,108.85,60
2026-01-20T01:00:00Z,CZ,111.84,15
2026-01-20T01:00:00Z,DE-LU,110.04,15
2026-01-20T01:00:00Z,DK1,110.04,15
2026-01-20T01:00:00Z,DK2,110.04,15
2026-01-20T01:00:00Z,EE,111.69,15
2026-01-20T01:00:00Z,ES,95.75,15
2026-01-20T01:00:00Z,FI,106.12,15
2026-01-20T01:00:00Z,FR,95.75,15
2026-01-20T01:00:00Z,GR,91.85,15
2026-01-20T01:00:00Z,HR,113.28,15
2026-01-20T01:00:00Z,HU,112.99,15
2026-01-20T01:00:00Z,IT-CNorth,123.00,15
2026-01-20T01:00:00Z,IT-CSouth,123.00,15
2026-01-20T01:00:00Z,IT-North,123.00,15
2026-01-20T01:00:00Z,IT-Sardinia,123.00,15
2026-01-20T01:00:00Z,IT-Sicily,123.00,15
2026-01-20T01:00:00Z,IT-South,123.00,15
2026-01-20T01:00:00Z,LT,111.69,15
2026-01-20T01:00:00Z,LV,111.69,15
2026-01-20T01:00:00Z,NL,90.52,15
2026-01-20T01:00:00Z,NO1,94.24,15
2026-01-20T01:00:00Z,NO2,93.98,15
2026-01-20T01:00:00Z,NO3,100.16,15
2026-01-20T01:00:00Z,NO4,104.13,15
2026-01-20T01:00:00Z,NO5,94.81,15
2026-01-20T01:00:00Z,PL,111.69,15
2026-01-20T01:00:00Z,PT,95.75,15
2026-01-20T01:00:00Z,RO,112.97,15
2026-01-20T01:00:00Z,RS,99.06,15
2026-01-20T01:00:00Z,SE1,105.53,15
2026-01-20T01:00:00Z,SE2,105.79,15
2026-01-20T01:00:00Z,SE3,106.63,15
2026-01-20T01:00:00Z,SE4,106.96,15
2026-01-20T01:00:00Z,SI,113.46,15
2026-01-20T01:00:00Z,SK,112.63,15
2026-01-20T01:15:00Z,AT,119.26,15
2026-01-20T01:15:00Z,BE,103.71,15
2026-01-20T01:15:00Z,CZ,113.69,15
2026-01-20T01:15:00Z,DE-LU,109.68,15
2026-01-20T01:15:00Z,DK1,109.68,15
2026-01-20T01:15:00Z,DK2,109.68,15
2026-01-20T01:15:00Z,EE,113.32,15
2026-01-20T01:15:00Z,ES,91.16,15
2026-01-20T01:15:00Z,FI,105.80,15
2026-01-20T01:15:00Z,FR,91.16,15
2026-01-20T01:15:00Z,GR,90.78,15
2026-01-20T01:15:00Z,HR,116.71,15
2026-01-20T01:15:00Z,HU,116.26,15
2026-01-20T01:15:00Z,IT-CNorth,121.00,15
2026-01-20T01:15:00Z,IT-CSouth,121.00,15
2026-01-20T01:15:00Z,IT-North,121.00,15
2026-01-20T01:15:00Z,IT-Sardinia,121.00,15
2026-01-20T01:15:00Z,IT-Sicily,121.00,15
2026-01-20T01:15:00Z,IT-South,121.00,15
2026-01-20T01:15:00Z,LT,113.32,15
2026-01-20T01:15:00Z,LV,113.32,15
2026-01-20T01:15:00Z,NL,90.95,15
2026-01-20T01:15:00Z,NO1,94.24,15
2026-01-20T01:15:00Z,NO2,93.99,15
2026-01-20T01:15:00Z,NO3,100.00,15
2026-01-20T01:15:00Z,NO4,103.87,15
2026-01-20T01:15:00Z,NO5,94.79,15
2026-01-20T01:15:00Z,PL,113.32,15
2026-01-20T01:15:00Z,PT,91.16,15
2026-01-20T01:15:00Z,RO,116.16,15
2026-01-20T01:15:00Z,RS,99.06,15
2026-01-20T01:15:00Z,SE1,105.22,15
2026-01-20T01:15:00Z,SE2,105.48,15
2026-01-20T01:15:00Z,SE3,106.30,15
2026-01-20T01:15:00Z,SE4,106.62,15
2026-01-20T01:15:00Z,SI,117.06,15
2026-01-20T01:15:00Z,SK,115.47,15
2026-01-20T01:30:00Z,AT,113.73,15
2026-01-20T01:30:00Z,BE,103.85,15
2026-01-20T01:30:00Z,CZ,112.17,15
2026-01-20T01:30:00Z,DE-LU,110.76,15
2026-01-20T01:30:00Z,DK1,110.76,15
2026-01-20T01:30:00Z,DK2,110.76,15
2026-01-20T01:30:00Z,EE,112.03,15
2026-01-20T01:30:00Z,ES,88.00,15
2026-01-20T01:30:00Z,FI,106.75,15
2026-01-20T01:30:00Z,FR,88.00,15
2026-01-20T01:30:00Z,GR,89.84,15
2026-01-20T01:30:00Z,HR,113.46,15
2026-01-20T01:30:00Z,HU,112.99,15
2026-01-20T01:30:00Z,IT-CNorth,125.23,15
2026-01-20T01:30:00Z,IT-CSouth,125.23,15
2026-01-20T01:30:00Z,IT-North,125.23,15
2026-01-20T01:30:00Z,IT-Sardinia,125.23,15
2026-01-20T01:30:00Z,IT-Sicily,125.23,15
2026-01-20T01:30:00Z,IT-South,125.23,15
2026-01-20T01:30:00Z,LT,112.03,15
2026-01-20T01:30:00Z,LV,112.03,15
2026-01-20T01:30:00Z,NL,90.88,15
2026-01-20T01:30:00Z,NO1,94.18,15
2026-01-20T01:30:00Z,NO2,93.91,15
2026-01-20T01:30:00Z,NO3,100.45,15
2026-01-20T01:30:00Z,NO4,104.66,15
2026-01-20T01:30:00Z,NO5,94.78,15
2026-01-20T01:30:00Z,PL,112.03,15
2026-01-20T01:30:00Z,PT,88.00,15
2026-01-20T01:30:00Z,RO,113.04,15
2026-01-20T01:30:00Z,RS,99.06,15
2026-01-20T01:30:00Z,SE1,106.13,15
2026-01-20T01:30:00Z,SE2,106.41,15
2026-01-20T01:30:00Z,SE3,107.30,15
2026-01-20T01:30:00Z,SE4,107.65,15
2026-01-20T01:30:00Z,SI,113.65,15
2026-01-20T01:30:00Z,SK,112.70,15
2026-01-20T01:45:00Z,AT,112.74,15
2026-01-20T01:45:00Z,BE,103.49,15
2026-01-20T01:45:00Z,CZ,111.89,15
2026-01-20T01:45:00Z,DE-LU,110.94,15
2026-01-20T01:45:00Z,DK1,110.94,15
2026-01-20T01:45:00Z,DK2,110.94,15
2026-01-20T01:45:00Z,EE,111.80,15
2026-01-20T01:45:00Z,ES,86.34,15
2026-01-20T01:45:00Z,FI,106.91,15
2026-01-20T01:45:00Z,FR,86.34,15
2026-01-20T01:45:00Z,GR,89.23,15
2026-01-20T01:45:00Z,HR,112.90,15
2026-01-20T01:45:00Z,HU,112.41,15
2026-01-20T01:45:00Z,IT-CNorth,125.23,15
2026-01-20T01:45:00Z,IT-CSouth,125.23,15
2026-01-20T01:45:00Z,IT-North,125.23,15
2026-01-20T01:45:00Z,IT-Sardinia,125.23,15
2026-01-20T01:45:00Z,IT-Sicily,125.23,15
2026-01-20T01:45:00Z,IT-South,125.23,15
2026-01-20T01:45:00Z,LT,111.80,15
2026-01-20T01:45:00Z,LV,111.80,15
2026-01-20T01:45:00Z,NL,89.29,15
2026-01-20T01:45:00Z,NO1,94.17,15
2026-01-20T01:45:00Z,NO2,93.89,15
2026-01-20T01:45:00Z,NO3,100.52,15
2026-01-20T01:45:00Z,NO4,104.79,15
2026-01-20T01:45:00Z,NO5,94.78,15
2026-01-20T01:45:00Z,PL,111.80,15
2026-01-20T01:45:00Z,PT,86.34,15
2026-01-20T01:45:00Z,RO,112.50,15
2026-01-20T01:45:00Z,RS,99.06,15
2026-01-20T01:45:00Z,SE1,106.28,15
2026-01-20T01:45:00Z,SE2,106.56,15
2026-01-20T01:45:00Z,SE3,107.46,15
2026-01-20T01:45:00Z,SE4,107.82,15
2026-01-20T01:45:00Z,SI,113.06,15
2026-01-20T01:45:00Z,SK,112.20,15
2026-01-20T02:00:00Z,AT,110.69,15
2026-01-20T02:00:00Z,BE,99.69,15
2026-01-20T02:00:00Z,CH,108.00,60
2026-01-20T02:00:00Z,CZ,109.77,15
2026-01-20T02:00:00Z,DE-LU,108.91,15
2026-01-20T02:00:00Z,DK1,108.91,15
2026-01-20T02:00:00Z,DK2,108.91,15
2026-01-20T02:00:00Z,EE,109.82,15
2026-01-20T02:00:00Z,ES,86.58,15
2026-01-20T02:00:00Z,FI,105.11,15
2026-01-20T02:00:00Z,FR,86.58,15
2026-01-20T02:00:00Z,GR,89.11,15
2026-01-20T02:00:00Z,HR,110.60,15
2026-01-20T02:00:00Z,HU,110.32,15
2026-01-20T02:00:00Z,IT-CNorth,110.71,15
2026-01-20T02:00:00Z,IT-CSouth,110.71,15
2026-01-20T02:00:00Z,IT-North,110.71,15
2026-01-20T02:00:00Z,IT-Sardinia,110.71,15
2026-01-20T02:00:00Z,IT-Sicily,110.71,15
2026-01-20T02:00:00Z,IT-South,110.71,15
2026-01-20T02:00:00Z,LT,109.82,15
2026-01-20T02:00:00Z,LV,109.82,15
2026-01-20T02:00:00Z,NL,92.49,15
2026-01-20T02:00:00Z,NO1,94.18,15
2026-01-20T02:00:00Z,NO2,93.95,15
2026-01-20T02:00:00Z,NO3,99.62,15
2026-01-20T02:00:00Z,NO4,103.29,15
2026-01-20T02:00:00Z,NO5,94.71,15
2026-01-20T02:00:00Z,PL,109.82,15
2026-01-20T02:00:00Z,PT,86.58,15
2026-01-20T02:00:00Z,RO,110.35,15
2026-01-20T02:00:00Z,RS,105.62,15
2026-01-20T02:00:00Z,SE1,104.57,15
2026-01-20T02:00:00Z,SE2,104.81,15
2026-01-20T02:00:00Z,SE3,105.58,15
2026-01-20T02:00:00Z,SE4,105.89,15
2026-01-20T02:00:00Z,SI,110.71,15
2026-01-20T02:00:00Z,SK,110.14,15
2026-01-20T02:15:00Z,AT,110.04,15
2026-01-20T02:15:00Z,BE,99.35,15
2026-01-20T02:15:00Z,CZ,109.71,15
2026-01-20T02:15:00Z,DE-LU,109.25,15
2026-01-20T02:15:00Z,DK1,109.25,15
2026-01-20T02:15:00Z,DK2,109.25,15
2026-01-20T02:15:00Z,EE,109.82,15
2026-01-20T02:15:00Z,ES,86.21,15
2026-01-20T02:15:00Z,FI,105.41,15
2026-01-20T02:15:00Z,FR,86.21,15
2026-01-20T02:15:00Z,GR,88.87,15
2026-01-20T02:15:00Z,HR,110.26,15
2026-01-20T02:15:00Z,HU,110.00,15
2026-01-20T02:15:00Z,IT-CNorth,114.40,15
2026-01-20T02:15:00Z,IT-CSouth,114.40,15
2026-01-20T02:15:00Z,IT-North,114.40,15
2026-01-20T02:15:00Z,IT-Sardinia,114.40,15
2026-01-20T02:15:00Z,IT-Sicily,114.40,15
2026-01-20T02:15:00Z,IT-South,114.40,15
2026-01-20T02:15:00Z,LT,109.82,15
2026-01-20T02:15:00Z,LV,109.82,15
2026-01-20T02:15:00Z,NL,90.83,15
2026-01-20T02:15:00Z,NO1,94.11,15
2026-01-20T02:15:00Z,NO2,93.86,15
2026-01-20T02:15:00Z,NO3,99.74,15
2026-01-20T02:15:00Z,NO4,103.53,15
2026-01-20T02:15:00Z,NO5,94.65,15
2026-01-20T02:15:00Z,PL,109.82,15
2026-01-20T02:15:00Z,PT,86.21,15
2026-01-20T02:15:00Z,RO,110.05,15
2026-01-20T02:15:00Z,RS,105.62,15
2026-01-20T02:15:00Z,SE1,104.85,15
2026-01-20T02:15:00Z,SE2,105.10,15
2026-01-20T02:15:00Z,SE3,105.89,15
2026-01-20T02:15:00Z,SE4,106.22,15
2026-01-20T02:15:00Z,SI,110.33,15
2026-01-20T02:15:00Z,SK,109.91,15
2026-01-20T02:30:00Z,AT,114.97,15
2026-01-20T02:30:00Z,BE,99.64,15
2026-01-20T02:30:00Z,CZ,112.08,15
2026-01-20T02:30:00Z,DE-LU,109.90,15
2026-01-20T02:30:00Z,DK1,109.90,15
2026-01-20T02:30:00Z,DK2,109.90,15
2026-01-20T02:30:00Z,EE,112.04,15
2026-01-20T02:30:00Z,ES,86.34,15
2026-01-20T02:30:00Z,FI,105.98,15
2026-01-20T02:30:00Z,FR,86.34,15
2026-01-20T02:30:00Z,GR,88.80,15
2026-01-20T02:30:00Z,HR,113.81,15
2026-01-20T02:30:00Z,HU,113.50,15
2026-01-20T02:30:00Z,IT-CNorth,125.20,15
2026-01-20T02:30:00Z,IT-CSouth,125.20,15
2026-01-20T02:30:00Z,IT-North,125.20,15
2026-01-20T02:30:00Z,IT-Sardinia,125.20,15
2026-01-20T02:30:00Z,IT-Sicily,125.20,15
2026-01-20T02:30:00Z,IT-South,125.20,15
2026-01-20T02:30:00Z,LT,112.04,15
2026-01-20T02:30:00Z,LV,112.04,15
2026-01-20T02:30:00Z,NL,90.78,15
2026-01-20T02:30:00Z,NO1,94.07,15
2026-01-20T02:30:00Z,NO2,93.81,15
2026-01-20T02:30:00Z,NO3,100.00,15
2026-01-20T02:30:00Z,NO4,104.00,15
2026-01-20T02:30:00Z,NO5,94.64,15
2026-01-20T02:30:00Z,PL,112.04,15
2026-01-20T02:30:00Z,PT,86.34,15
2026-01-20T02:30:00Z,RO,113.47,15
2026-01-20T02:30:00Z,RS,105.62,15
2026-01-20T02:30:00Z,SE1,105.39,15
2026-01-20T02:30:00Z,SE2,105.65,15
2026-01-20T02:30:00Z,SE3,106.49,15
2026-01-20T02:30:00Z,SE4,106.83,15
2026-01-20T02:30:00Z,SI,114.01,15
2026-01-20T02:30:00Z,SK,113.08,15
2026-01-20T02:45:00Z,AT,112.25,15
2026-01-20T02:45:00Z,BE,100.37,15
2026-01-20T02:45:00Z,CZ,111.90,15
2026-01-20T02:45:00Z,DE-LU,111.41,15
2026-01-20T02:45:00Z,DK1,111.41,15
2026-01-20T02:45:00Z,DK2,111.41,15
2026-01-20T02:45:00Z,EE,112.03,15
2026-01-20T02:45:00Z,ES,85.95,15
2026-01-20T02:45:00Z,FI,107.31,15
2026-01-20T02:45:00Z,FR,85.95,15
2026-01-20T02:45:00Z,GR,88.91,15
2026-01-20T02:45:00Z,HR,112.49,15
2026-01-20T02:45:00Z,HU,112.21,15
2026-01-20T02:45:00Z,IT-CNorth,125.23,15
2026-01-20T02:45:00Z,IT-CSouth,125.23,15
2026-01-20T02:45:00Z,IT-North,125.23,15
2026-01-20T02:45:00Z,IT-Sardinia,125.23,15
2026-01-20T02:45:00Z,IT-Sicily,125.23,15
2026-01-20T02:45:00Z,IT-South,125.23,15
2026-01-20T02:45:00Z,LT,112.03,15
2026-01-20T02:45:00Z,LV,112.03,15
2026-01-20T02:45:00Z,NL,90.70,15
2026-01-20T02:45:00Z,NO1,94.02,15
2026-01-20T02:45:00Z,NO2,93.73,15
2026-01-20T02:45:00Z,NO3,100.64,15
2026-01-20T02:45:00Z,NO4,105.10,15
2026-01-20T02:45:00Z,NO5,94.66,15
2026-01-20T02:45:00Z,PL,112.03,15
2026-01-20T02:45:00Z,PT,85.95,15
2026-01-20T02:45:00Z,RO,112.27,15
2026-01-20T02:45:00Z,RS,105.62,15
2026-01-20T02:45:00Z,SE1,106.65,15
2026-01-20T02:45:00Z,SE2,106.95,15
2026-01-20T02:45:00Z,SE3,107.88,15
2026-01-20T02:45:00Z,SE4,108.26,15
2026-01-20T02:45:00Z,SI,112.57,15
2026-01-20T02:45:00Z,SK,112.11,15
2026-01-20T03:00:00Z,AT,115.48,15
2026-01-20T03:00:00Z,BE,98.75,15
2026-01-20T03:00:00Z,CH,109.05,60
2026-01-20T03:00:00Z,CZ,110.45,15
2026-01-20T03:00:00Z,DE-LU,108.91,15
2026-01-20T03:00:00Z,DK1,108.91,15
2026-01-20T03:00:00Z,DK2,108.91,15
2026-01-20T03:00:00Z,EE,108.40,15
2026-01-20T03:00:00Z,ES,85.20,15
2026-01-20T03:00:00Z,FI,104.70,15
2026-01-20T03:00:00Z,FR,85.20,15
2026-01-20T03:00:00Z,GR,90.38,15
2026-01-20T03:00:00Z,HR,120.79,15
2026-01-20T03:00:00Z,HU,112.93,15
2026-01-20T03:00:00Z,IT-CNorth,116.98,15
2026-01-20T03:00:00Z,IT-CSouth,116.98,15
2026-01-20T03:00:00Z,IT-North,116.98,15
2026-01-20T03:00:00Z,IT-Sardinia,116.98,15
2026-01-20T03:00:00Z,IT-Sicily,107.47,15
2026-01-20T03:00:00Z,IT-South,107.47,15
2026-01-20T03:00:00Z,LT,108.40,15
2026-01-20T03:00:00Z,LV,108.40,15
2026-01-20T03:00:00Z,NL,95.37,15
2026-01-20T03:00:00Z,NO1,94.20,15
2026-01-20T03:00:00Z,NO2,93.97,15
2026-01-20T03:00:00Z,NO3,99.44,15
2026-01-20T03:00:00Z,NO4,102.95,15
2026-01-20T03:00:00Z,NO5,94.70,15
2026-01-20T03:00:00Z,PL,108.40,15
2026-01-20T03:00:00Z,PT,85.20,15
2026-01-20T03:00:00Z,RO,153.39,15
2026-01-20T03:00:00Z,RS,106.63,15
2026-01-20T03:00:00Z,SE1,104.18,15
2026-01-20T03:00:00Z,SE2,104.41,15
2026-01-20T03:00:00Z,SE3,105.15,15
2026-01-20T03:00:00Z,SE4,105.46,15
2026-01-20T03:00:00Z,SI,116.98,15
2026-01-20T03:00:00Z,SK,108.98,15
2026-01-20T03:15:00Z,AT,115.32,15
2026-01-20T03:15:00Z,BE,98.95,15
2026-01-20T03:15:00Z,CZ,112.28,15
2026-01-20T03:15:00Z,DE-LU,110.01,15
2026-01-20T03:15:00Z,DK1,110.01,15
2026-01-20T03:15:00Z,DK2,110.00,15
2026-01-20T03:15:00Z,EE,112.19,15
2026-01-20T03:15:00Z,ES,84.55,15
2026-01-20T03:15:00Z,FI,106.09,15
2026-01-20T03:15:00Z,FR,84.55,15
2026-01-20T03:15:00Z,GR,91.53,15
2026-01-20T03:15:00Z,HR,114.12,15
2026-01-20T03:15:00Z,HU,113.77,15
2026-01-20T03:15:00Z,IT-CNorth,116.87,15
2026-01-20T03:15:00Z,IT-CSouth,116.87,15
2026-01-20T03:15:00Z,IT-North,116.87,15
2026-01-20T03:15:00Z,IT-Sardinia,116.87,15
2026-01-20T03:15:00Z,IT-Sicily,107.47,15
2026-01-20T03:15:00Z,IT-South,107.47,15
2026-01-20T03:15:00Z,LT,112.19,15
2026-01-20T03:15:00Z,LV,112.19,15
2026-01-20T03:15:00Z,NL,95.30,15
2026-01-20T03:15:00Z,NO1,94.25,15
2026-01-20T03:15:00Z,NO2,94.00,15
2026-01-20T03:15:00Z,NO3,100.15,15
2026-01-20T03:15:00Z,NO4,104.12,15
2026-01-20T03:15:00Z,NO5,94.82,15
2026-01-20T03:15:00Z,PL,112.19,15
2026-01-20T03:15:00Z,PT,84.55,15
2026-01-20T03:15:00Z,RO,113.74,15
2026-01-20T03:15:00Z,RS,106.63,15
2026-01-20T03:15:00Z,SE1,105.50,15
2026-01-20T03:15:00Z,SE2,105.76,15
2026-01-20T03:15:00Z,SE3,106.60,15
2026-01-20T03:15:00Z,SE4,106.94,15
2026-01-20T03:15:00Z,SI,114.33,15
2026-01-20T03:15:00Z,SK,113.33,15
2026-01-20T03:30:00Z,AT,116.77,15
2026-01-20T03:30:00Z,BE,100.00,15
2026-01-20T03:30:00Z,CZ,116.14,15
2026-01-20T03:30:00Z,DE-LU,115.52,15
2026-01-20T03:30:00Z,DK1,115.52,15
2026-01-20T03:30:00Z,DK2,115.52,15
2026-01-20T03:30:00Z,EE,116.34,15
2026-01-20T03:30:00Z,ES,83.20,15
2026-01-20T03:30:00Z,FI,110.99,15
2026-01-20T03:30:00Z,FR,83.20,15
2026-01-20T03:30:00Z,GR,94.18,15
2026-01-20T03:30:00Z,HR,116.89,15
2026-01-20T03:30:00Z,HU,116.61,15
2026-01-20T03:30:00Z,IT-CNorth,116.98,15
2026-01-20T03:30:00Z,IT-CSouth,116.98,15
2026-01-20T03:30:00Z,IT-North,116.98,15
2026-01-20T03:30:00Z,IT-Sardinia,116.98,15
2026-01-20T03:30:00Z,IT-Sicily,107.47,15
2026-01-20T03:30:00Z,IT-South,107.47,15
2026-01-20T03:30:00Z,LT,116.34,15
2026-01-20T03:30:00Z,LV,116.34,15
2026-01-20T03:30:00Z,NL,93.29,15
2026-01-20T03:30:00Z,NO1,94.30,15
2026-01-20T03:30:00Z,NO2,93.94,15
2026-01-20T03:30:00Z,NO3,102.62,15
2026-01-20T03:30:00Z,NO4,108.21,15
2026-01-20T03:30:00Z,NO5,95.10,15
2026-01-20T03:30:00Z,PL,116.34,15
2026-01-20T03:30:00Z,PT,83.20,15
2026-01-20T03:30:00Z,RO,116.66,15
2026-01-20T03:30:00Z,RS,106.63,15
2026-01-20T03:30:00Z,SE1,110.16,15
2026-01-20T03:30:00Z,SE2,110.53,15
2026-01-20T03:30:00Z,SE3,111.71,15
2026-01-20T03:30:00Z,SE4,112.19,15
2026-01-20T03:30:00Z,SI,116.98,15
2026-01-20T03:30:00Z,SK,116.48,15
2026-01-20T03:45:00Z,AT,125.77,15
2026-01-20T03:45:00Z,BE,100.56,15
2026-01-20T03:45:00Z,CZ,120.47,15
2026-01-20T03:45:00Z,DE-LU,118.25,15
2026-01-20T03:45:00Z,DK1,118.25,15
2026-01-20T03:45:00Z,DK2,118.25,15
2026-01-20T03:45:00Z,EE,119.03,15
2026-01-20T03:45:00Z,ES,82.36,15
2026-01-20T03:45:00Z,FI,113.41,15
2026-01-20T03:45:00Z,FR,82.36,15
2026-01-20T03:45:00Z,GR,97.18,15
2026-01-20T03:45:00Z,HR,129.10,15
2026-01-20T03:45:00Z,HU,123.11,15
2026-01-20T03:45:00Z,IT-CNorth,126.32,15
2026-01-20T03:45:00Z,IT-CSouth,126.32,15
2026-01-20T03:45:00Z,IT-North,126.32,15
2026-01-20T03:45:00Z,IT-Sardinia,126.32,15
2026-01-20T03:45:00Z,IT-Sicily,107.47,15
2026-01-20T03:45:00Z,IT-South,107.47,15
2026-01-20T03:45:00Z,LT,119.03,15
2026-01-20T03:45:00Z,LV,119.03,15
2026-01-20T03:45:00Z,NL,92.49,15
2026-01-20T03:45:00Z,NO1,94.35,15
2026-01-20T03:45:00Z,NO2,93.94,15
2026-01-20T03:45:00Z,NO3,103.86,15
2026-01-20T03:45:00Z,NO4,110.24,15
2026-01-20T03:45:00Z,NO5,95.27,15
2026-01-20T03:45:00Z,PL,119.03,15
2026-01-20T03:45:00Z,PT,82.36,15
2026-01-20T03:45:00Z,RO,153.39,15
2026-01-20T03:45:00Z,RS,106.63,15
2026-01-20T03:45:00Z,SE1,112.47,15
2026-01-20T03:45:00Z,SE2,112.89,15
2026-01-20T03:45:00Z,SE3,114.23,15
2026-01-20T03:45:00Z,SE4,114.78,15
2026-01-20T03:45:00Z,SI,126.32,15
2026-01-20T03:45:00Z,SK,119.95,15
2026-01-20T04:00:00Z,AT,123.39,15
2026-01-20T04:00:00Z,BE,105.54,15
2026-01-20T04:00:00Z,CH,120.91,60
2026-01-20T04:00:00Z,CZ,122.98,15
2026-01-20T04:00:00Z,DE-LU,122.43,15
2026-01-20T04:00:00Z,DK1,122.43,15
2026-01-20T04:00:00Z,DK2,122.43,15
2026-01-20T04:00:00Z,EE,118.10,15
2026-01-20T04:00:00Z,ES,85.52,15
2026-01-20T04:00:00Z,FI,116.83,15
2026-01-20T04:00:00Z,FR,85.52,15
2026-01-20T04:00:00Z,GR,98.10,15
2026-01-20T04:00:00Z,HR,123.74,15
2026-01-20T04:00:00Z,HU,123.38,15
2026-01-20T04:00:00Z,IT-CNorth,124.06,15
2026-01-20T04:00:00Z,IT-CSouth,124.06,15
2026-01-20T04:00:00Z,IT-North,124.06,15
2026-01-20T04:00:00Z,IT-Sardinia,124.06,15
2026-01-20T04:00:00Z,IT-Sicily,107.44,15
2026-01-20T04:00:00Z,IT-South,107.44,15
2026-01-20T04:00:00Z,LT,118.10,15
2026-01-20T04:00:00Z,LV,118.10,15
2026-01-20T04:00:00Z,NL,95.38,15
2026-01-20T04:00:00Z,NO1,93.93,15
2026-01-20T04:00:00Z,NO2,93.43,15
2026-01-20T04:00:00Z,NO3,105.29,15
2026-01-20T04:00:00Z,NO4,113.02,15
2026-01-20T04:00:00Z,NO5,95.04,15
2026-01-20T04:00:00Z,PL,123.19,15
2026-01-20T04:00:00Z,PT,85.52,15
2026-01-20T04:00:00Z,RO,123.46,15
2026-01-20T04:00:00Z,RS,110.03,15
2026-01-20T04:00:00Z,SE1,115.70,15
2026-01-20T04:00:00Z,SE2,116.20,15
2026-01-20T04:00:00Z,SE3,117.81,15
2026-01-20T04:00:00Z,SE4,118.47,15
2026-01-20T04:00:00Z,SI,123.85,15
2026-01-20T04:00:00Z,SK,123.26,15
2026-01-20T04:15:00Z,AT,111.36,15
2026-01-20T04:15:00Z,BE,98.83,15
2026-01-20T04:15:00Z,CZ,111.17,15
2026-01-20T04:15:00Z,DE-LU,110.91,15
2026-01-20T04:15:00Z,DK1,110.91,15
2026-01-20T04:15:00Z,DK2,110.91,15
2026-01-20T04:15:00Z,EE,111.35,15
2026-01-20T04:15:00Z,ES,85.95,15
2026-01-20T04:15:00Z,FI,107.13,15
2026-01-20T04:15:00Z,FR,85.95,15
2026-01-20T04:15:00Z,GR,103.94,15
2026-01-20T04:15:00Z,HR,111.61,15
2026-01-20T04:15:00Z,HU,111.40,15
2026-01-20T04:15:00Z,IT-CNorth,125.73,15
2026-01-20T04:15:00Z,IT-CSouth,125.73,15
2026-01-20T04:15:00Z,IT-North,125.73,15
2026-01-20T04:15:00Z,IT-Sardinia,125.73,15
2026-01-20T04:15:00Z,IT-Sicily,107.44,15
2026-01-20T04:15:00Z,IT-South,107.44,15
2026-01-20T04:15:00Z,LT,111.35,15
2026-01-20T04:15:00Z,LV,111.35,15
2026-01-20T04:15:00Z,NL,90.72,15
2026-01-20T04:15:00Z,NO1,94.03,15
2026-01-20T04:15:00Z,NO2,93.75,15
2026-01-20T04:15:00Z,NO3,100.53,15
2026-01-20T04:15:00Z,NO4,104.95,15
2026-01-20T04:15:00Z,NO5,94.67,15
2026-01-20T04:15:00Z,PL,111.35,15
2026-01-20T04:15:00Z,PT,85.95,15
2026-01-20T04:15:00Z,RO,111.45,15
2026-01-20T04:15:00Z,RS,110.03,15
2026-01-20T04:15:00Z,SE1,106.49,15
2026-01-20T04:15:00Z,SE2,106.77,15
2026-01-20T04:15:00Z,SE3,107.69,15
2026-01-20T04:15:00Z,SE4,108.07,15
2026-01-20T04:15:00Z,SI,111.66,15
2026-01-20T04:15:00Z,SK,111.35,15
2026-01-20T04:30:00Z,AT,129.16,15
2026-01-20T04:30:00Z,BE,107.45,15
2026-01-20T04:30:00Z,CZ,128.95,15
2026-01-20T04:30:00Z,DE-LU,128.61,15
2026-01-20T04:30:00Z,DK1,128.61,15
2026-01-20T04:30:00Z,DK2,128.61,15
2026-01-20T04:30:00Z,EE,129.30,15
2026-01-20T04:30:00Z,ES,86.34,15
2026-01-20T04:30:00Z,FI,122.59,15
2026-01-20T04:30:00Z,FR,86.34,15
2026-01-20T04:30:00Z,GR,99.93,15
2026-01-20T04:30:00Z,HR,129.59,15
2026-01-20T04:30:00Z,HU,129.29,15
2026-01-20T04:30:00Z,IT-CNorth,131.14,15
2026-01-20T04:30:00Z,IT-CSouth,131.14,15
2026-01-20T04:30:00Z,IT-North,131.14,15
2026-01-20T04:30:00Z,IT-Sardinia,131.14,15
2026-01-20T04:30:00Z,IT-Sicily,107.67,15
2026-01-20T04:30:00Z,IT-South,107.67,15
2026-01-20T04:30:00Z,LT,129.30,15
2026-01-20T04:30:00Z,LV,129.30,15
2026-01-20T04:30:00Z,NL,92.41,15
2026-01-20T04:30:00Z,NO1,94.15,15
2026-01-20T04:30:00Z,NO2,93.53,15
2026-01-20T04:30:00Z,NO3,108.26,15
2026-01-20T04:30:00Z,NO4,117.86,15
2026-01-20T04:30:00Z,NO5,95.53,15
2026-01-20T04:30:00Z,PL,129.30,15
2026-01-20T04:30:00Z,PT,86.34,15
2026-01-20T04:30:00Z,RO,129.37,15
2026-01-20T04:30:00Z,RS,110.03,15
2026-01-20T04:30:00Z,SE1,121.19,15
2026-01-20T04:30:00Z,SE2,121.81,15
2026-01-20T04:30:00Z,SE3,123.81,15
2026-01-20T04:30:00Z,SE4,124.63,15
2026-01-20T04:30:00Z,SI,129.67,15
2026-01-20T04:30:00Z,SK,129.22,15
2026-01-20T04:45:00Z,AT,140.21,15
2026-01-20T04:45:00Z,BE,115.47,15
2026-01-20T04:45:00Z,CZ,139.00,15
2026-01-20T04:45:00Z,DE-LU,139.17,15
2026-01-20T04:45:00Z,DK1,139.17,15
2026-01-20T04:45:00Z,DK2,139.17,15
2026-01-20T04:45:00Z,EE,139.62,15
2026-01-20T04:45:00Z,ES,92.27,15
2026-01-20T04:45:00Z,FI,133.05,15
2026-01-20T04:45:00Z,FR,92.27,15
2026-01-20T04:45:00Z,GR,109.50,15
2026-01-20T04:45:00Z,HR,142.46,15
2026-01-20T04:45:00Z,HU,144.59,15
2026-01-20T04:45:00Z,IT-CNorth,141.69,15
2026-01-20T04:45:00Z,IT-CSouth,141.69,15
2026-01-20T04:45:00Z,IT-North,141.69,15
2026-01-20T04:45:00Z,IT-Sardinia,141.69,15
2026-01-20T04:45:00Z,IT-Sicily,107.67,15
2026-01-20T04:45:00Z,IT-South,107.67,15
2026-01-20T04:45:00Z,LT,139.62,15
2026-01-20T04:45:00Z,LV,139.62,15
2026-01-20T04:45:00Z,NL,98.29,15
2026-01-20T04:45:00Z,NO1,94.30,15
2026-01-20T04:45:00Z,NO2,93.45,15
2026-01-20T04:45:00Z,NO3,113.52,15
2026-01-20T04:45:00Z,NO4,126.60,15
2026-01-20T04:45:00Z,NO5,96.17,15
2026-01-20T04:45:00Z,PL,139.62,15
2026-01-20T04:45:00Z,PT,92.27,15
2026-01-20T04:45:00Z,RO,143.75,15
2026-01-20T04:45:00Z,RS,110.03,15
2026-01-20T04:45:00Z,SE1,131.14,15
2026-01-20T04:45:00Z,SE2,131.98,15
2026-01-20T04:45:00Z,SE3,134.70,15
2026-01-20T04:45:00Z,SE4,135.83,15
2026-01-20T04:45:00Z,SI,141.69,15
2026-01-20T04:45:00Z,SK,138.21,15
2026-01-20T05:00:00Z,AT,120.67,15
2026-01-20T05:00:00Z,BE,97.23,15
2026-01-20T05:00:00Z,CH,150.16,60
2026-01-20T05:00:00Z,CZ,124.19,15
2026-01-20T05:00:00Z,DE-LU,126.45,15
2026-01-20T05:00:00Z,DK1,126.45,15
2026-01-20T05:00:00Z,DK2,126.45,15
2026-01-20T05:00:00Z,EE,125.14,15
2026-01-20T05:00:00Z,ES,92.95,15
2026-01-20T05:00:00Z,FI,120.73,15
2026-01-20T05:00:00Z,FR,92.95,15
2026-01-20T05:00:00Z,GR,114.32,15
2026-01-20T05:00:00Z,HR,120.91,15
2026-01-20T05:00:00Z,HU,122.53,15
2026-01-20T05:00:00Z,IT-CNorth,139.97,15
2026-01-20T05:00:00Z,IT-CSouth,139.97,15
2026-01-20T05:00:00Z,IT-North,139.97,15
2026-01-20T05:00:00Z,IT-Sardinia,139.97,15
2026-01-20T05:00:00Z,IT-Sicily,106.58,15
2026-01-20T05:00:00Z,IT-South,106.58,15
2026-01-20T05:00:00Z,LT,125.14,15
2026-01-20T05:00:00Z,LV,125.14,15
2026-01-20T05:00:00Z,NL,82.21,15
2026-01-20T05:00:00Z,NO1,93.98,15
2026-01-20T05:00:00Z,NO2,93.29,15
2026-01-20T05:00:00Z,NO3,107.14,15
2026-01-20T05:00:00Z,NO4,115.84,15
2026-01-20T05:00:00Z,NO5,95.15,15
2026-01-20T05:00:00Z,PL,125.14,15
2026-01-20T05:00:00Z,PT,92.95,15
2026-01-20T05:00:00Z,RO,122.32,15
2026-01-20T05:00:00Z,RS,84.00,15
2026-01-20T05:00:00Z,SE1,119.66,15
2026-01-20T05:00:00Z,SE2,119.98,15
2026-01-20T05:00:00Z,SE3,121.85,15
2026-01-20T05:00:00Z,SE4,122.58,15
2026-01-20T05:00:00Z,SI,120.42,15
2026-01-20T05:00:00Z,SK,123.27,15
2026-01-20T05:15:00Z,AT,148.49,15
2026-01-20T05:15:00Z,BE,103.78,15
2026-01-20T05:15:00Z,CZ,155.38,15
2026-01-20T05:15:00Z,DE-LU,159.43,15
2026-01-20T05:15:00Z,DK1,159.43,15
2026-01-20T05:15:00Z,DK2,159.42,15
2026-01-20T05:15:00Z,EE,157.02,15
2026-01-20T05:15:00Z,ES,90.10,15
2026-01-20T05:15:00Z,FI,149.99,15
2026-01-20T05:15:00Z,FR,90.10,15
2026-01-20T05:15:00Z,GR,107.15,15
2026-01-20T05:15:00Z,HR,148.78,15
2026-01-20T05:15:00Z,HU,152.02,15
2026-01-20T05:15:00Z,IT-CNorth,147.80,15
2026-01-20T05:15:00Z,IT-CSouth,147.80,15
2026-01-20T05:15:00Z,IT-North,147.80,15
2026-01-20T05:15:00Z,IT-Sardinia,147.80,15
2026-01-20T05:15:00Z,IT-Sicily,123.09,15
2026-01-20T05:15:00Z,IT-South,123.09,15
2026-01-20T05:15:00Z,LT,157.02,15
2026-01-20T05:15:00Z,LV,157.02,15
2026-01-20T05:15:00Z,NL,88.88,15
2026-01-20T05:15:00Z,NO1,94.78,15
2026-01-20T05:15:00Z,NO2,93.52,15
2026-01-20T05:15:00Z,NO3,122.27,15
2026-01-20T05:15:00Z,NO4,140.89,15
2026-01-20T05:15:00Z,NO5,97.39,15
2026-01-20T05:15:00Z,PL,157.02,15
2026-01-20T05:15:00Z,PT,90.10,15
2026-01-20T05:15:00Z,RO,151.60,15
2026-01-20T05:15:00Z,RS,84.00,15
2026-01-20T05:15:00Z,SE1,147.24,15
2026-01-20T05:15:00Z,SE2,148.52,15
2026-01-20T05:15:00Z,SE3,152.40,15
2026-01-20T05:15:00Z,SE4,153.95,15
2026-01-20T05:15:00Z,SI,147.80,15
2026-01-20T05:15:00Z,SK,153.48,15
2026-01-20T05:30:00Z,AT,176.94,15
2026-01-20T05:30:00Z,BE,116.70,15
2026-01-20T05:30:00Z,CZ,185.98,15
2026-01-20T05:30:00Z,DE-LU,191.71,15
2026-01-20T05:30:00Z,DK1,191.71,15
2026-01-20T05:30:00Z,DK2,191.71,15
2026-01-20T05:30:00Z,EE,188.96,15
2026-01-20T05:30:00Z,ES,97.50,15
2026-01-20T05:30:00Z,FI,179.17,15
2026-01-20T05:30:00Z,FR,97.50,15
2026-01-20T05:30:00Z,GR,99.37,15
2026-01-20T05:30:00Z,HR,178.23,15
2026-01-20T05:30:00Z,HU,183.93,15
2026-01-20T05:30:00Z,IT-CNorth,152.48,15
2026-01-20T05:30:00Z,IT-CSouth,152.48,15
2026-01-20T05:30:00Z,IT-North,152.48,15
2026-01-20T05:30:00Z,IT-Sardinia,152.48,15
2026-01-20T05:30:00Z,IT-Sicily,148.01,15
2026-01-20T05:30:00Z,IT-South,148.01,15
2026-01-20T05:30:00Z,LT,188.96,15
2026-01-20T05:30:00Z,LV,188.96,15
2026-01-20T05:30:00Z,NL,98.50,15
2026-01-20T05:30:00Z,NO1,95.81,15
2026-01-20T05:30:00Z,NO2,93.91,15
2026-01-20T05:30:00Z,NO3,137.31,15
2026-01-20T05:30:00Z,NO4,165.43,15
2026-01-20T05:30:00Z,NO5,99.75,15
2026-01-20T05:30:00Z,PL,139.92,15
2026-01-20T05:30:00Z,PT,97.50,15
2026-01-20T05:30:00Z,RO,183.37,15
2026-01-20T05:30:00Z,RS,84.00,15
2026-01-20T05:30:00Z,SE1,175.02,15
2026-01-20T05:30:00Z,SE2,176.95,15
2026-01-20T05:30:00Z,SE3,182.81,15
2026-01-20T05:30:00Z,SE4,185.14,15
2026-01-20T05:30:00Z,SI,176.43,15
2026-01-20T05:30:00Z,SK,184.39,15
2026-01-20T05:45:00Z,AT,253.62,15
2026-01-20T05:45:00Z,BE,143.88,15
2026-01-20T05:45:00Z,CZ,254.46,15
2026-01-20T05:45:00Z,DE-LU,282.83,15
2026-01-20T05:45:00Z,DK1,282.83,15
2026-01-20T05:45:00Z,DK2,282.81,15
2026-01-20T05:45:00Z,EE,305.46,15
2026-01-20T05:45:00Z,ES,107.19,15
2026-01-20T05:45:00Z,FI,264.21,15
2026-01-20T05:45:00Z,FR,107.19,15
2026-01-20T05:45:00Z,GR,103.43,15
2026-01-20T05:45:00Z,HR,308.28,15
2026-01-20T05:45:00Z,HU,393.30,15
2026-01-20T05:45:00Z,IT-CNorth,172.39,15
2026-01-20T05:45:00Z,IT-CSouth,172.39,15
2026-01-20T05:45:00Z,IT-North,172.39,15
2026-01-20T05:45:00Z,IT-Sardinia,172.39,15
2026-01-20T05:45:00Z,IT-Sicily,148.01,15
2026-01-20T05:45:00Z,IT-South,148.01,15
2026-01-20T05:45:00Z,LT,305.46,15
2026-01-20T05:45:00Z,LV,305.46,15
2026-01-20T05:45:00Z,NL,113.74,15
2026-01-20T05:45:00Z,NO1,101.71,15
2026-01-20T05:45:00Z,NO2,94.61,15
2026-01-20T05:45:00Z,NO3,181.53,15
2026-01-20T05:45:00Z,NO4,237.12,15
2026-01-20T05:45:00Z,NO5,106.26,15
2026-01-20T05:45:00Z,PL,131.76,15
2026-01-20T05:45:00Z,PT,107.19,15
2026-01-20T05:45:00Z,RO,392.97,15
2026-01-20T05:45:00Z,RS,84.00,15
2026-01-20T05:45:00Z,SE1,256.02,15
2026-01-20T05:45:00Z,SE2,259.82,15
2026-01-20T05:45:00Z,SE3,271.38,15
2026-01-20T05:45:00Z,SE4,275.97,15
2026-01-20T05:45:00Z,SI,277.65,15
2026-01-20T05:45:00Z,SK,308.28,15
2026-01-20T06:00:00Z,AT,161.59,15
2026-01-20T06:00:00Z,BE,101.78,15
2026-01-20T06:00:00Z,CH,220.00,60
2026-01-20T06:00:00Z,CZ,169.12,15
2026-01-20T06:00:00Z,DE-LU,176.09,15
2026-01-20T06:00:00Z,DK1,177.63,15
2026-01-20T06:00:00Z,DK2,176.31,15
2026-01-20T06:00:00Z,EE,170.76,15
2026-01-20T06:00:00Z,ES,105.01,15
2026-01-20T06:00:00Z,FI,167.17,15
2026-01-20T06:00:00Z,FR,105.01,15
2026-01-20T06:00:00Z,GR,99.24,15
2026-01-20T06:00:00Z,HR,162.33,15
2026-01-20T06:00:00Z,HU,165.70,15
2026-01-20T06:00:00Z,IT-CNorth,148.01,15
2026-01-20T06:00:00Z,IT-CSouth,148.01,15
2026-01-20T06:00:00Z,IT-North,148.01,15
2026-01-20T06:00:00Z,IT-Sardinia,148.01,15
2026-01-20T06:00:00Z,IT-Sicily,148.01,15
2026-01-20T06:00:00Z,IT-South,148.01,15
2026-01-20T06:00:00Z,LT,170.76,15
2026-01-20T06:00:00Z,LV,170.76,15
2026-01-20T06:00:00Z,NL,83.81,15
2026-01-20T06:00:00Z,NO1,100.40,15
2026-01-20T06:00:00Z,NO2,97.16,15
2026-01-20T06:00:00Z,NO3,132.79,15
2026-01-20T06:00:00Z,NO4,154.92,15
2026-01-20T06:00:00Z,NO5,101.93,15
2026-01-20T06:00:00Z,PL,154.31,15
2026-01-20T06:00:00Z,PT,105.01,15
2026-01-20T06:00:00Z,RO,165.19,15
2026-01-20T06:00:00Z,RS,112.07,15
2026-01-20T06:00:00Z,SE1,164.31,15
2026-01-20T06:00:00Z,SE2,165.28,15
2026-01-20T06:00:00Z,SE3,170.03,15
2026-01-20T06:00:00Z,SE4,171.84,15
2026-01-20T06:00:00Z,SI,161.29,15
2026-01-20T06:00:00Z,SK,167.20,15
2026-01-20T06:15:00Z,AT,203.29,15
2026-01-20T06:15:00Z,BE,115.94,15
2026-01-20T06:15:00Z,CZ,214.93,15
2026-01-20T06:15:00Z,DE-LU,224.33,15
2026-01-20T06:15:00Z,DK1,230.50,15
2026-01-20T06:15:00Z,DK2,225.25,15
2026-01-20T06:15:00Z,EE,221.89,15
2026-01-20T06:15:00Z,ES,109.56,15
2026-01-20T06:15:00Z,FI,216.12,15
2026-01-20T06:15:00Z,FR,109.56,15
2026-01-20T06:15:00Z,GR,98.64,15
2026-01-20T06:15:00Z,HR,204.14,15
2026-01-20T06:15:00Z,HU,209.47,15
2026-01-20T06:15:00Z,IT-CNorth,165.24,15
2026-01-20T06:15:00Z,IT-CSouth,165.24,15
2026-01-20T06:15:00Z,IT-North,165.24,15
2026-01-20T06:15:00Z,IT-Sardinia,165.24,15
2026-01-20T06:15:00Z,IT-Sicily,148.01,15
2026-01-20T06:15:00Z,IT-South,148.01,15
2026-01-20T06:15:00Z,LT,221.89,15
2026-01-20T06:15:00Z,LV,221.89,15
2026-01-20T06:15:00Z,NL,106.10,15
2026-01-20T06:15:00Z,NO1,109.96,15
2026-01-20T06:15:00Z,NO2,102.95,15
2026-01-20T06:15:00Z,NO3,160.87,15
2026-01-20T06:15:00Z,NO4,196.47,15
2026-01-20T06:15:00Z,NO5,110.67,15
2026-01-20T06:15:00Z,PL,206.39,15
2026-01-20T06:15:00Z,PT,109.56,15
2026-01-20T06:15:00Z,RO,208.65,15
2026-01-20T06:15:00Z,RS,112.07,15
2026-01-20T06:15:00Z,SE1,211.54,15
2026-01-20T06:15:00Z,SE2,213.09,15
2026-01-20T06:15:00Z,SE3,220.71,15
2026-01-20T06:15:00Z,SE4,223.61,15
2026-01-20T06:15:00Z,SI,202.51,15
2026-01-20T06:15:00Z,SK,211.81,15
2026-01-20T06:30:00Z,AT,245.43,15
2026-01-20T06:30:00Z,BE,149.76,15
2026-01-20T06:30:00Z,CZ,260.00,15
2026-01-20T06:30:00Z,DE-LU,268.09,15
2026-01-20T06:30:00Z,DK1,275.29,15
2026-01-20T06:30:00Z,DK2,269.16,15
2026-01-20T06:30:00Z,EE,265.42,15
2026-01-20T06:30:00Z,ES,110.96,15
2026-01-20T06:30:00Z,FI,259.12,15
2026-01-20T06:30:00Z,FR,110.96,15
2026-01-20T06:30:00Z,GR,97.95,15
2026-01-20T06:30:00Z,HR,245.68,15
2026-01-20T06:30:00Z,HU,252.70,15
2026-01-20T06:30:00Z,IT-CNorth,220.00,15
2026-01-20T06:30:00Z,IT-CSouth,220.00,15
2026-01-20T06:30:00Z,IT-North,220.00,15
2026-01-20T06:30:00Z,IT-Sardinia,220.00,15
2026-01-20T06:30:00Z,IT-Sicily,148.01,15
2026-01-20T06:30:00Z,IT-South,148.01,15
2026-01-20T06:30:00Z,LT,265.42,15
2026-01-20T06:30:00Z,LV,265.42,15
2026-01-20T06:30:00Z,NL,186.02,15
2026-01-20T06:30:00Z,NO1,140.40,15
2026-01-20T06:30:00Z,NO2,137.70,15
2026-01-20T06:30:00Z,NO3,198.96,15
2026-01-20T06:30:00Z,NO4,237.65,15
2026-01-20T06:30:00Z,NO5,145.95,15
2026-01-20T06:30:00Z,PL,248.87,15
2026-01-20T06:30:00Z,PT,110.96,15
2026-01-20T06:30:00Z,RO,251.58,15
2026-01-20T06:30:00Z,RS,112.07,15
2026-01-20T06:30:00Z,SE1,254.11,15
2026-01-20T06:30:00Z,SE2,255.81,15
2026-01-20T06:30:00Z,SE3,264.13,15
2026-01-20T06:30:00Z,SE4,267.31,15
2026-01-20T06:30:00Z,SI,243.59,15
2026-01-20T06:30:00Z,SK,255.69,15
2026-01-20T06:45:00Z,AT,271.95,15
2026-01-20T06:45:00Z,BE,173.64,15
2026-01-20T06:45:00Z,CZ,288.03,15
2026-01-20T06:45:00Z,DE-LU,295.00,15
2026-01-20T06:45:00Z,DK1,302.15,15
2026-01-20T06:45:00Z,DK2,296.06,15
2026-01-20T06:45:00Z,EE,293.21,15
2026-01-20T06:45:00Z,ES,114.43,15
2026-01-20T06:45:00Z,FI,288.92,15
2026-01-20T06:45:00Z,FR,114.43,15
2026-01-20T06:45:00Z,GR,97.35,15
2026-01-20T06:45:00Z,HR,271.80,15
2026-01-20T06:45:00Z,HU,279.73,15
2026-01-20T06:45:00Z,IT-CNorth,220.00,15
2026-01-20T06:45:00Z,IT-CSouth,220.00,15
2026-01-20T06:45:00Z,IT-North,220.00,15
2026-01-20T06:45:00Z,IT-Sardinia,220.00,15
2026-01-20T06:45:00Z,IT-Sicily,148.01,15
2026-01-20T06:45:00Z,IT-South,148.01,15
2026-01-20T06:45:00Z,LT,293.21,15
2026-01-20T06:45:00Z,LV,293.21,15
2026-01-20T06:45:00Z,NL,239.53,15
2026-01-20T06:45:00Z,NO1,208.09,15
2026-01-20T06:45:00Z,NO2,206.25,15
2026-01-20T06:45:00Z,NO3,247.96,15
2026-01-20T06:45:00Z,NO4,274.30,15
2026-01-20T06:45:00Z,NO5,211.87,15
2026-01-20T06:45:00Z,PL,239.37,15
2026-01-20T06:45:00Z,PT,114.43,15
2026-01-20T06:45:00Z,RO,278.44,15
2026-01-20T06:45:00Z,RS,112.07,15
2026-01-20T06:45:00Z,SE1,285.51,15
2026-01-20T06:45:00Z,SE2,286.67,15
2026-01-20T06:45:00Z,SE3,292.33,15
2026-01-20T06:45:00Z,SE4,294.49,15
2026-01-20T06:45:00Z,SI,269.46,15
2026-01-20T06:45:00Z,SK,283.05,15
2026-01-20T07:00:00Z,AT,296.18,15
2026-01-20T07:00:00Z,BE,168.54,15
2026-01-20T07:00:00Z,CH,252.65,60
2026-01-20T07:00:00Z,CZ,316.77,15
2026-01-20T07:00:00Z,DE-LU,327.01,15
2026-01-20T07:00:00Z,DK1,333.27,15
2026-01-20T07:00:00Z,DK2,327.94,15
2026-01-20T07:00:00Z,EE,320.19,15
2026-01-20T07:00:00Z,ES,125.40,15
2026-01-20T07:00:00Z,FI,311.99,15
2026-01-20T07:00:00Z,FR,125.40,15
2026-01-20T07:00:00Z,GR,98.01,15
2026-01-20T07:00:00Z,HR,297.72,15
2026-01-20T07:00:00Z,HU,307.12,15
2026-01-20T07:00:00Z,IT-CNorth,200.00,15
2026-01-20T07:00:00Z,IT-CSouth,198.85,15
2026-01-20T07:00:00Z,IT-North,200.00,15
2026-01-20T07:00:00Z,IT-Sardinia,198.85,15
2026-01-20T07:00:00Z,IT-Sicily,148.01,15
2026-01-20T07:00:00Z,IT-South,148.01,15
2026-01-20T07:00:00Z,LT,320.19,15
2026-01-20T07:00:00Z,LV,320.19,15
2026-01-20T07:00:00Z,NL,159.99,15
2026-01-20T07:00:00Z,NO1,158.94,15
2026-01-20T07:00:00Z,NO2,151.80,15
2026-01-20T07:00:00Z,NO3,233.63,15
2026-01-20T07:00:00Z,NO4,283.98,15
2026-01-20T07:00:00Z,NO5,162.91,15
2026-01-20T07:00:00Z,PL,138.86,15
2026-01-20T07:00:00Z,PT,125.40,15
2026-01-20T07:00:00Z,RO,305.69,15
2026-01-20T07:00:00Z,RS,130.01,15
2026-01-20T07:00:00Z,SE1,305.45,15
2026-01-20T07:00:00Z,SE2,307.69,15
2026-01-20T07:00:00Z,SE3,318.51,15
2026-01-20T07:00:00Z,SE4,322.65,15
2026-01-20T07:00:00Z,SI,294.86,15
2026-01-20T07:00:00Z,SK,311.21,15
2026-01-20T07:15:00Z,AT,279.30,15
2026-01-20T07:15:00Z,BE,182.54,15
2026-01-20T07:15:00Z,CZ,295.69,15
2026-01-20T07:15:00Z,DE-LU,302.01,15
2026-01-20T07:15:00Z,DK1,306.99,15
2026-01-20T07:15:00Z,DK2,300.23,15
2026-01-20T07:15:00Z,EE,297.51,15
2026-01-20T07:15:00Z,ES,125.40,15
2026-01-20T07:15:00Z,FI,293.46,15
2026-01-20T07:15:00Z,FR,125.40,15
2026-01-20T07:15:00Z,GR,95.22,15
2026-01-20T07:15:00Z,HR,279.71,15
2026-01-20T07:15:00Z,HU,287.52,15
2026-01-20T07:15:00Z,IT-CNorth,220.00,15
2026-01-20T07:15:00Z,IT-CSouth,198.85,15
2026-01-20T07:15:00Z,IT-North,220.00,15
2026-01-20T07:15:00Z,IT-Sardinia,198.85,15
2026-01-20T07:15:00Z,IT-Sicily,148.01,15
2026-01-20T07:15:00Z,IT-South,148.01,15
2026-01-20T07:15:00Z,LT,297.51,15
2026-01-20T07:15:00Z,LV,297.51,15
2026-01-20T07:15:00Z,NL,228.87,15
2026-01-20T07:15:00Z,NO1,217.02,15
2026-01-20T07:15:00Z,NO2,215.20,15
2026-01-20T07:15:00Z,NO3,254.87,15
2026-01-20T07:15:00Z,NO4,279.64,15
2026-01-20T07:15:00Z,NO5,220.62,15
2026-01-20T07:15:00Z,PL,145.31,15
2026-01-20T07:15:00Z,PT,125.40,15
2026-01-20T07:15:00Z,RO,286.28,15
2026-01-20T07:15:00Z,RS,130.01,15
2026-01-20T07:15:00Z,SE1,290.24,15
2026-01-20T07:15:00Z,SE2,291.34,15
2026-01-20T07:15:00Z,SE3,296.68,15
2026-01-20T07:15:00Z,SE4,298.72,15
2026-01-20T07:15:00Z,SI,277.38,15
2026-01-20T07:15:00Z,SK,290.81,15
2026-01-20T07:30:00Z,AT,222.12,15
2026-01-20T07:30:00Z,BE,161.44,15
2026-01-20T07:30:00Z,CZ,232.47,15
2026-01-20T07:30:00Z,DE-LU,236.30,15
2026-01-20T07:30:00Z,DK1,244.90,15
2026-01-20T07:30:00Z,DK2,241.26,15
2026-01-20T07:30:00Z,EE,239.50,15
2026-01-20T07:30:00Z,ES,123.36,15
2026-01-20T07:30:00Z,FI,237.29,15
2026-01-20T07:30:00Z,FR,123.36,15
2026-01-20T07:30:00Z,GR,90.00,15
2026-01-20T07:30:00Z,HR,222.30,15
2026-01-20T07:30:00Z,HU,227.26,15
2026-01-20T07:30:00Z,IT-CNorth,220.00,15
2026-01-20T07:30:00Z,IT-CSouth,198.85,15
2026-01-20T07:30:00Z,IT-North,220.00,15
2026-01-20T07:30:00Z,IT-Sardinia,198.85,15
2026-01-20T07:30:00Z,IT-Sicily,148.01,15
2026-01-20T07:30:00Z,IT-South,148.01,15
2026-01-20T07:30:00Z,LT,239.50,15
2026-01-20T07:30:00Z,LV,239.50,15
2026-01-20T07:30:00Z,NL,195.36,15
2026-01-20T07:30:00Z,NO1,202.32,15
2026-01-20T07:30:00Z,NO2,189.21,15
2026-01-20T07:30:00Z,NO3,215.79,15
2026-01-20T07:30:00Z,NO4,229.77,15
2026-01-20T07:30:00Z,NO5,192.62,15
2026-01-20T07:30:00Z,PL,117.86,15
2026-01-20T07:30:00Z,PT,123.36,15
2026-01-20T07:30:00Z,RO,226.47,15
2026-01-20T07:30:00Z,RS,130.01,15
2026-01-20T07:30:00Z,SE1,235.54,15
2026-01-20T07:30:00Z,SE2,236.14,15
2026-01-20T07:30:00Z,SE3,239.05,15
2026-01-20T07:30:00Z,SE4,240.16,15
2026-01-20T07:30:00Z,SI,220.83,15
2026-01-20T07:30:00Z,SK,229.35,15
2026-01-20T07:45:00Z,AT,177.71,15
2026-01-20T07:45:00Z,BE,143.03,15
2026-01-20T07:45:00Z,CZ,183.63,15
2026-01-20T07:45:00Z,DE-LU,185.82,15
2026-01-20T07:45:00Z,DK1,208.16,15
2026-01-20T07:45:00Z,DK2,209.63,15
2026-01-20T07:45:00Z,EE,207.94,15
2026-01-20T07:45:00Z,ES,121.26,15
2026-01-20T07:45:00Z,FI,206.12,15
2026-01-20T07:45:00Z,FR,121.26,15
2026-01-20T07:45:00Z,GR,87.30,15
2026-01-20T07:45:00Z,HR,177.82,15
2026-01-20T07:45:00Z,HU,180.65,15
2026-01-20T07:45:00Z,IT-CNorth,220.00,15
2026-01-20T07:45:00Z,IT-CSouth,175.00,15
2026-01-20T07:45:00Z,IT-North,220.00,15
2026-01-20T07:45:00Z,IT-Sardinia,175.00,15
2026-01-20T07:45:00Z,IT-Sicily,148.01,15
2026-01-20T07:45:00Z,IT-South,148.01,15
2026-01-20T07:45:00Z,LT,207.94,15
2026-01-20T07:45:00Z,LV,207.94,15
2026-01-20T07:45:00Z,NL,162.42,15
2026-01-20T07:45:00Z,NO1,188.48,15
2026-01-20T07:45:00Z,NO2,157.31,15
2026-01-20T07:45:00Z,NO3,187.58,15
2026-01-20T07:45:00Z,NO4,199.93,15
2026-01-20T07:45:00Z,NO5,160.89,15
2026-01-20T07:45:00Z,PL,110.29,15
2026-01-20T07:45:00Z,PT,121.26,15
2026-01-20T07:45:00Z,RO,180.20,15
2026-01-20T07:45:00Z,RS,130.01,15
2026-01-20T07:45:00Z,SE1,204.67,15
2026-01-20T07:45:00Z,SE2,205.17,15
2026-01-20T07:45:00Z,SE3,207.56,15
2026-01-20T07:45:00Z,SE4,208.48,15
2026-01-20T07:45:00Z,SI,176.98,15
2026-01-20T07:45:00Z,SK,181.85,15
2026-01-20T08:00:00Z,AT,241.22,15
2026-01-20T08:00:00Z,BE,182.96,15
2026-01-20T08:00:00Z,CH,180.60,60
2026-01-20T08:00:00Z,CZ,245.00,15
2026-01-20T08:00:00Z,DE-LU,246.84,15
2026-01-20T08:00:00Z,DK1,256.81,15
2026-01-20T08:00:00Z,DK2,253.85,15
2026-01-20T08:00:00Z,EE,252.50,15
2026-01-20T08:00:00Z,ES,131.25,15
2026-01-20T08:00:00Z,FI,251.17,15
2026-01-20T08:00:00Z,FR,144.18,15
2026-01-20T08:00:00Z,GR,87.43,15
2026-01-20T08:00:00Z,HR,236.95,15
2026-01-20T08:00:00Z,HU,241.22,15
2026-01-20T08:00:00Z,IT-CNorth,220.00,15
2026-01-20T08:00:00Z,IT-CSouth,152.48,15
2026-01-20T08:00:00Z,IT-North,220.00,15
2026-01-20T08:00:00Z,IT-Sardinia,152.48,15
2026-01-20T08:00:00Z,IT-Sicily,148.01,15
2026-01-20T08:00:00Z,IT-South,148.01,15
2026-01-20T08:00:00Z,LT,252.50,15
2026-01-20T08:00:00Z,LV,252.50,15
2026-01-20T08:00:00Z,NL,225.97,15
2026-01-20T08:00:00Z,NO1,234.10,15
2026-01-20T08:00:00Z,NO2,218.79,15
2026-01-20T08:00:00Z,NO3,237.90,15
2026-01-20T08:00:00Z,NO4,246.66,15
2026-01-20T08:00:00Z,NO5,221.15,15
2026-01-20T08:00:00Z,PL,110.29,15
2026-01-20T08:00:00Z,PT,131.25,15
2026-01-20T08:00:00Z,RO,240.47,15
2026-01-20T08:00:00Z,RS,70.32,15
2026-01-20T08:00:00Z,SE1,250.10,15
2026-01-20T08:00:00Z,SE2,250.48,15
2026-01-20T08:00:00Z,SE3,252.23,15
2026-01-20T08:00:00Z,SE4,252.91,15
2026-01-20T08:00:00Z,SI,235.81,15
2026-01-20T08:00:00Z,SK,242.75,15
2026-01-20T08:15:00Z,AT,186.69,15
2026-01-20T08:15:00Z,BE,147.13,15
2026-01-20T08:15:00Z,CZ,191.79,15
2026-01-20T08:15:00Z,DE-LU,194.13,15
2026-01-20T08:15:00Z,DK1,232.03,15
2026-01-20T08:15:00Z,DK2,238.60,15
2026-01-20T08:15:00Z,EE,250.08,15
2026-01-20T08:15:00Z,ES,121.27,15
2026-01-20T08:15:00Z,FI,234.16,15
2026-01-20T08:15:00Z,FR,121.40,15
2026-01-20T08:15:00Z,GR,85.13,15
2026-01-20T08:15:00Z,HR,185.33,15
2026-01-20T08:15:00Z,HU,188.50,15
2026-01-20T08:15:00Z,IT-CNorth,184.41,15
2026-01-20T08:15:00Z,IT-CSouth,184.41,15
2026-01-20T08:15:00Z,IT-North,184.41,15
2026-01-20T08:15:00Z,IT-Sardinia,184.41,15
2026-01-20T08:15:00Z,IT-Sicily,148.01,15
2026-01-20T08:15:00Z,IT-South,148.01,15
2026-01-20T08:15:00Z,LT,250.08,15
2026-01-20T08:15:00Z,LV,250.08,15
2026-01-20T08:15:00Z,NL,171.75,15
2026-01-20T08:15:00Z,NO1,219.66,15
2026-01-20T08:15:00Z,NO2,166.35,15
2026-01-20T08:15:00Z,NO3,210.24,15
2026-01-20T08:15:00Z,NO4,226.42,15
2026-01-20T08:15:00Z,NO5,171.43,15
2026-01-20T08:15:00Z,PL,106.97,15
2026-01-20T08:15:00Z,PT,121.27,15
2026-01-20T08:15:00Z,RO,187.99,15
2026-01-20T08:15:00Z,RS,70.32,15
2026-01-20T08:15:00Z,SE1,232.32,15
2026-01-20T08:15:00Z,SE2,232.97,15
2026-01-20T08:15:00Z,SE3,235.98,15
2026-01-20T08:15:00Z,SE4,237.15,15
2026-01-20T08:15:00Z,SI,184.41,15
2026-01-20T08:15:00Z,SK,189.79,15
2026-01-20T08:30:00Z,AT,162.95,15
2026-01-20T08:30:00Z,BE,132.75,15
2026-01-20T08:30:00Z,CZ,166.25,15
2026-01-20T08:30:00Z,DE-LU,168.00,15
2026-01-20T08:30:00Z,DK1,203.60,15
2026-01-20T08:30:00Z,DK2,210.18,15
2026-01-20T08:30:00Z,EE,252.00,15
2026-01-20T08:30:00Z,ES,113.03,15
2026-01-20T08:30:00Z,FI,206.41,15
2026-01-20T08:30:00Z,FR,113.03,15
2026-01-20T08:30:00Z,GR,83.22,15
2026-01-20T08:30:00Z,HR,161.59,15
2026-01-20T08:30:00Z,HU,163.93,15
2026-01-20T08:30:00Z,IT-CNorth,163.38,15
2026-01-20T08:30:00Z,IT-CSouth,152.57,15
2026-01-20T08:30:00Z,IT-North,163.38,15
2026-01-20T08:30:00Z,IT-Sardinia,152.57,15
2026-01-20T08:30:00Z,IT-Sicily,123.95,15
2026-01-20T08:30:00Z,IT-South,123.95,15
2026-01-20T08:30:00Z,LT,252.00,15
2026-01-20T08:30:00Z,LV,252.00,15
2026-01-20T08:30:00Z,NL,152.29,15
2026-01-20T08:30:00Z,NO1,197.47,15
2026-01-20T08:30:00Z,NO2,147.50,15
2026-01-20T08:30:00Z,NO3,186.29,15
2026-01-20T08:30:00Z,NO4,199.98,15
2026-01-20T08:30:00Z,NO5,151.94,15
2026-01-20T08:30:00Z,PL,105.62,15
2026-01-20T08:30:00Z,PT,113.03,15
2026-01-20T08:30:00Z,RO,163.55,15
2026-01-20T08:30:00Z,RS,70.32,15
2026-01-20T08:30:00Z,SE1,204.88,15
2026-01-20T08:30:00Z,SE2,205.42,15
2026-01-20T08:30:00Z,SE3,207.92,15
2026-01-20T08:30:00Z,SE4,208.89,15
2026-01-20T08:30:00Z,SI,160.92,15
2026-01-20T08:30:00Z,SK,164.86,15
2026-01-20T08:45:00Z,AT,108.97,15
2026-01-20T08:45:00Z,BE,107.91,15
2026-01-20T08:45:00Z,CZ,109.10,15
2026-01-20T08:45:00Z,DE-LU,109.17,15
2026-01-20T08:45:00Z,DK1,181.40,15
2026-01-20T08:45:00Z,DK2,200.52,15
2026-01-20T08:45:00Z,EE,252.00,15
2026-01-20T08:45:00Z,ES,107.22,15
2026-01-20T08:45:00Z,FI,195.58,15
2026-01-20T08:45:00Z,FR,107.22,15
2026-01-20T08:45:00Z,GR,86.65,15
2026-01-20T08:45:00Z,HR,108.93,15
2026-01-20T08:45:00Z,HU,109.02,15
2026-01-20T08:45:00Z,IT-CNorth,170.00,15
2026-01-20T08:45:00Z,IT-CSouth,152.32,15
2026-01-20T08:45:00Z,IT-North,170.00,15
2026-01-20T08:45:00Z,IT-Sardinia,152.32,15
2026-01-20T08:45:00Z,IT-Sicily,115.00,15
2026-01-20T08:45:00Z,IT-South,115.00,15
2026-01-20T08:45:00Z,LT,252.00,15
2026-01-20T08:45:00Z,LV,252.00,15
2026-01-20T08:45:00Z,NL,108.57,15
2026-01-20T08:45:00Z,NO1,205.07,15
2026-01-20T08:45:00Z,NO2,105.20,15
2026-01-20T08:45:00Z,NO3,168.94,15
2026-01-20T08:45:00Z,NO4,187.58,15
2026-01-20T08:45:00Z,NO5,112.17,15
2026-01-20T08:45:00Z,PL,106.29,15
2026-01-20T08:45:00Z,PT,107.22,15
2026-01-20T08:45:00Z,RO,109.00,15
2026-01-20T08:45:00Z,RS,70.32,15
2026-01-20T08:45:00Z,SE1,193.67,15
2026-01-20T08:45:00Z,SE2,194.34,15
2026-01-20T08:45:00Z,SE3,197.46,15
2026-01-20T08:45:00Z,SE4,198.67,15
2026-01-20T08:45:00Z,SI,108.91,15
2026-01-20T08:45:00Z,SK,109.05,15
2026-01-20T09:00:00Z,AT,169.42,15
2026-01-20T09:00:00Z,BE,146.58,15
2026-01-20T09:00:00Z,CH,149.36,60
2026-01-20T09:00:00Z,CZ,167.38,15
2026-01-20T09:00:00Z,DE-LU,168.57,15
2026-01-20T09:00:00Z,DK1,202.92,15
2026-01-20T09:00:00Z,DK2,208.90,15
2026-01-20T09:00:00Z,EE,325.02,15
2026-01-20T09:00:00Z,ES,109.56,15
2026-01-20T09:00:00Z,FI,205.69,15
2026-01-20T09:00:00Z,FR,131.70,15
2026-01-20T09:00:00Z,GR,90.00,15
2026-01-20T09:00:00Z,HR,166.01,15
2026-01-20T09:00:00Z,HU,167.23,15
2026-01-20T09:00:00Z,IT-CNorth,169.42,15
2026-01-20T09:00:00Z,IT-CSouth,152.48,15
2026-01-20T09:00:00Z,IT-North,169.42,15
2026-01-20T09:00:00Z,IT-Sardinia,152.48,15
2026-01-20T09:00:00Z,IT-Sicily,129.50,15
2026-01-20T09:00:00Z,IT-South,129.50,15
2026-01-20T09:00:00Z,LT,325.02,15
2026-01-20T09:00:00Z,LV,325.02,15
2026-01-20T09:00:00Z,NL,163.23,15
2026-01-20T09:00:00Z,NO1,202.58,15
2026-01-20T09:00:00Z,NO2,154.65,15
2026-01-20T09:00:00Z,NO3,189.10,15
2026-01-20T09:00:00Z,NO4,200.50,15
2026-01-20T09:00:00Z,NO5,158.54,15
2026-01-20T09:00:00Z,PL,106.13,15
2026-01-20T09:00:00Z,PT,109.56,15
2026-01-20T09:00:00Z,RO,166.97,15
2026-01-20T09:00:00Z,RS,53.03,15
2026-01-20T09:00:00Z,SE1,204.46,15
2026-01-20T09:00:00Z,SE2,204.89,15
2026-01-20T09:00:00Z,SE3,206.91,15
2026-01-20T09:00:00Z,SE4,207.69,15
2026-01-20T09:00:00Z,SI,165.77,15
2026-01-20T09:00:00Z,SK,167.47,15
2026-01-20T09:15:00Z,AT,144.71,15
2026-01-20T09:15:00Z,BE,123.79,15
2026-01-20T09:15:00Z,CZ,132.16,15
2026-01-20T09:15:00Z,DE-LU,133.43,15
2026-01-20T09:15:00Z,DK1,187.21,15
2026-01-20T09:15:00Z,DK2,199.55,15
2026-01-20T09:15:00Z,EE,325.00,15
2026-01-20T09:15:00Z,ES,103.90,15
2026-01-20T09:15:00Z,FI,194.83,15
2026-01-20T09:15:00Z,FR,120.26,15
2026-01-20T09:15:00Z,GR,87.89,15
2026-01-20T09:15:00Z,HR,136.74,15
2026-01-20T09:15:00Z,HU,136.26,15
2026-01-20T09:15:00Z,IT-CNorth,144.71,15
2026-01-20T09:15:00Z,IT-CSouth,138.90,15
2026-01-20T09:15:00Z,IT-North,144.71,15
2026-01-20T09:15:00Z,IT-Sardinia,138.90,15
2026-01-20T09:15:00Z,IT-Sicily,123.95,15
2026-01-20T09:15:00Z,IT-South,123.95,15
2026-01-20T09:15:00Z,LT,325.00,15
2026-01-20T09:15:00Z,LV,325.00,15
2026-01-20T09:15:00Z,NL,124.03,15
2026-01-20T09:15:00Z,NO1,189.63,15
2026-01-20T09:15:00Z,NO2,115.42,15
2026-01-20T09:15:00Z,NO3,168.95,15
2026-01-20T09:15:00Z,NO4,186.72,15
2026-01-20T09:15:00Z,NO5,121.47,15
2026-01-20T09:15:00Z,PL,106.29,15
2026-01-20T09:15:00Z,PT,103.90,15
2026-01-20T09:15:00Z,RO,136.15,15
2026-01-20T09:15:00Z,RS,53.03,15
2026-01-20T09:15:00Z,SE1,192.91,15
2026-01-20T09:15:00Z,SE2,193.57,15
2026-01-20T09:15:00Z,SE3,196.73,15
2026-01-20T09:15:00Z,SE4,197.95,15
2026-01-20T09:15:00Z,SI,137.25,15
2026-01-20T09:15:00Z,SK,135.30,15
2026-01-20T09:30:00Z,AT,144.70,15
2026-01-20T09:30:00Z,BE,110.35,15
2026-01-20T09:30:00Z,CZ,119.06,15
2026-01-20T09:30:00Z,DE-LU,121.30,15
2026-01-20T09:30:00Z,DK1,159.25,15
2026-01-20T09:30:00Z,DK2,167.27,15
2026-01-20T09:30:00Z,EE,337.00,15
2026-01-20T09:30:00Z,ES,94.39,15
2026-01-20T09:30:00Z,FI,163.57,15
2026-01-20T09:30:00Z,FR,110.35,15
2026-01-20T09:30:00Z,GR,88.75,15
2026-01-20T09:30:00Z,HR,129.39,15
2026-01-20T09:30:00Z,HU,127.83,15
2026-01-20T09:30:00Z,IT-CNorth,144.70,15
2026-01-20T09:30:00Z,IT-CSouth,120.98,15
2026-01-20T09:30:00Z,IT-North,144.70,15
2026-01-20T09:30:00Z,IT-Sardinia,120.98,15
2026-01-20T09:30:00Z,IT-Sicily,106.76,15
2026-01-20T09:30:00Z,IT-South,106.76,15
2026-01-20T09:30:00Z,LT,337.00,15
2026-01-20T09:30:00Z,LV,337.00,15
2026-01-20T09:30:00Z,NL,100.97,15
2026-01-20T09:30:00Z,NO1,155.97,15
2026-01-20T09:30:00Z,NO2,103.42,15
2026-01-20T09:30:00Z,NO3,143.30,15
2026-01-20T09:30:00Z,NO4,157.13,15
2026-01-20T09:30:00Z,NO5,107.98,15
2026-01-20T09:30:00Z,PL,106.98,15
2026-01-20T09:30:00Z,PT,94.39,15
2026-01-20T09:30:00Z,RO,127.72,15
2026-01-20T09:30:00Z,RS,53.03,15
2026-01-20T09:30:00Z,SE1,162.05,15
2026-01-20T09:30:00Z,SE2,162.57,15
2026-01-20T09:30:00Z,SE3,165.08,15
2026-01-20T09:30:00Z,SE4,166.05,15
2026-01-20T09:30:00Z,SI,130.57,15
2026-01-20T09:30:00Z,SK,125.68,15
2026-01-20T09:45:00Z,AT,119.77,15
2026-01-20T09:45:00Z,BE,98.29,15
2026-01-20T09:45:00Z,CZ,103.98,15
2026-01-20T09:45:00Z,DE-LU,105.38,15
2026-01-20T09:45:00Z,DK1,149.84,15
2026-01-20T09:45:00Z,DK2,160.19,15
2026-01-20T09:45:00Z,EE,315.21,15
2026-01-20T09:45:00Z,ES,85.00,15
2026-01-20T09:45:00Z,FI,156.67,15
2026-01-20T09:45:00Z,FR,98.00,15
2026-01-20T09:45:00Z,GR,88.34,15
2026-01-20T09:45:00Z,HR,110.31,15
2026-01-20T09:45:00Z,HU,109.37,15
2026-01-20T09:45:00Z,IT-CNorth,141.69,15
2026-01-20T09:45:00Z,IT-CSouth,116.98,15
2026-01-20T09:45:00Z,IT-North,141.69,15
2026-01-20T09:45:00Z,IT-Sardinia,116.98,15
2026-01-20T09:45:00Z,IT-Sicily,106.76,15
2026-01-20T09:45:00Z,IT-South,106.76,15
2026-01-20T09:45:00Z,LT,315.21,15
2026-01-20T09:45:00Z,LV,315.21,15
2026-01-20T09:45:00Z,NL,92.91,15
2026-01-20T09:45:00Z,NO1,157.30,15
2026-01-20T09:45:00Z,NO2,96.05,15
2026-01-20T09:45:00Z,NO3,137.76,15
2026-01-20T09:45:00Z,NO4,150.85,15
2026-01-20T09:45:00Z,NO5,100.71,15
2026-01-20T09:45:00Z,PL,106.03,15
2026-01-20T09:45:00Z,PT,85.00,15
2026-01-20T09:45:00Z,RO,109.30,15
2026-01-20T09:45:00Z,RS,53.03,15
2026-01-20T09:45:00Z,SE1,155.29,15
2026-01-20T09:45:00Z,SE2,155.77,15
2026-01-20T09:45:00Z,SE3,158.04,15
2026-01-20T09:45:00Z,SE4,158.91,15
2026-01-20T09:45:00Z,SI,111.03,15
2026-01-20T09:45:00Z,SK,108.05,15
2026-01-20T10:00:00Z,AT,140.54,15
2026-01-20T10:00:00Z,BE,111.85,15
2026-01-20T10:00:00Z,CH,140.10,60
2026-01-20T10:00:00Z,CZ,117.60,15
2026-01-20T10:00:00Z,DE-LU,119.00,15
2026-01-20T10:00:00Z,DK1,141.36,15
2026-01-20T10:00:00Z,DK2,151.79,15
2026-01-20T10:00:00Z,EE,300.07,15
2026-01-20T10:00:00Z,ES,105.01,15
2026-01-20T10:00:00Z,FI,149.99,15
2026-01-20T10:00:00Z,FR,108.77,15
2026-01-20T10:00:00Z,GR,90.41,15
2026-01-20T10:00:00Z,HR,127.58,15
2026-01-20T10:00:00Z,HU,125.73,15
2026-01-20T10:00:00Z,IT-CNorth,140.54,15
2026-01-20T10:00:00Z,IT-CSouth,126.50,15
2026-01-20T10:00:00Z,IT-North,140.54,15
2026-01-20T10:00:00Z,IT-Sardinia,126.50,15
2026-01-20T10:00:00Z,IT-Sicily,106.22,15
2026-01-20T10:00:00Z,IT-South,106.22,15
2026-01-20T10:00:00Z,LT,300.07,15
2026-01-20T10:00:00Z,LV,300.07,15
2026-01-20T10:00:00Z,NL,104.82,15
2026-01-20T10:00:00Z,NO1,147.57,15
2026-01-20T10:00:00Z,NO2,108.35,15
2026-01-20T10:00:00Z,NO3,136.49,15
2026-01-20T10:00:00Z,NO4,145.77,15
2026-01-20T10:00:00Z,NO5,111.50,15
2026-01-20T10:00:00Z,PL,115.49,15
2026-01-20T10:00:00Z,PT,105.01,15
2026-01-20T10:00:00Z,RO,125.72,15
2026-01-20T10:00:00Z,RS,34.00,15
2026-01-20T10:00:00Z,SE1,149.00,15
2026-01-20T10:00:00Z,SE2,149.34,15
2026-01-20T10:00:00Z,SE3,150.99,15
2026-01-20T10:00:00Z,SE4,151.62,15
2026-01-20T10:00:00Z,SI,128.75,15
2026-01-20T10:00:00Z,SK,123.64,15
2026-01-20T10:15:00Z,AT,123.94,15
2026-01-20T10:15:00Z,BE,100.00,15
2026-01-20T10:15:00Z,CZ,105.18,15
2026-01-20T10:15:00Z,DE-LU,106.22,15
2026-01-20T10:15:00Z,DK1,127.99,15
2026-01-20T10:15:00Z,DK2,137.90,15
2026-01-20T10:15:00Z,EE,300.05,15
2026-01-20T10:15:00Z,ES,96.01,15
2026-01-20T10:15:00Z,FI,136.26,15
2026-01-20T10:15:00Z,FR,96.01,15
2026-01-20T10:15:00Z,GR,95.22,15
2026-01-20T10:15:00Z,HR,113.41,15
2026-01-20T10:15:00Z,HU,111.85,15
2026-01-20T10:15:00Z,IT-CNorth,140.11,15
2026-01-20T10:15:00Z,IT-CSouth,128.50,15
2026-01-20T10:15:00Z,IT-North,140.11,15
2026-01-20T10:15:00Z,IT-Sardinia,128.50,15
2026-01-20T10:15:00Z,IT-Sicily,106.22,15
2026-01-20T10:15:00Z,IT-South,106.22,15
2026-01-20T10:15:00Z,LT,300.05,15
2026-01-20T10:15:00Z,LV,300.05,15
2026-01-20T10:15:00Z,NL,94.60,15
2026-01-20T10:15:00Z,NO1,135.33,15
2026-01-20T10:15:00Z,NO2,97.78,15
2026-01-20T10:15:00Z,NO3,124.03,15
2026-01-20T10:15:00Z,NO4,132.46,15
2026-01-20T10:15:00Z,NO5,100.70,15
2026-01-20T10:15:00Z,PL,107.45,15
2026-01-20T10:15:00Z,PT,96.01,15
2026-01-20T10:15:00Z,RO,111.85,15
2026-01-20T10:15:00Z,RS,34.00,15
2026-01-20T10:15:00Z,SE1,135.37,15
2026-01-20T10:15:00Z,SE2,135.67,15
2026-01-20T10:15:00Z,SE3,137.16,15
2026-01-20T10:15:00Z,SE4,137.72,15
2026-01-20T10:15:00Z,SI,114.37,15
2026-01-20T10:15:00Z,SK,110.13,15
2026-01-20T10:30:00Z,AT,123.79,15
2026-01-20T10:30:00Z,BE,97.45,15
2026-01-20T10:30:00Z,CZ,103.24,15
2026-01-20T10:30:00Z,DE-LU,104.36,15
2026-01-20T10:30:00Z,DK1,125.78,15
2026-01-20T10:30:00Z,DK2,135.77,15
2026-01-20T10:30:00Z,EE,300.08,15
2026-01-20T10:30:00Z,ES,90.67,15
2026-01-20T10:30:00Z,FI,134.18,15
2026-01-20T10:30:00Z,FR,92.74,15
2026-01-20T10:30:00Z,GR,97.22,15
2026-01-20T10:30:00Z,HR,112.28,15
2026-01-20T10:30:00Z,HU,110.56,15
2026-01-20T10:30:00Z,IT-CNorth,139.97,15
2026-01-20T10:30:00Z,IT-CSouth,125.43,15
2026-01-20T10:30:00Z,IT-North,139.97,15
2026-01-20T10:30:00Z,IT-Sardinia,125.43,15
2026-01-20T10:30:00Z,IT-Sicily,106.22,15
2026-01-20T10:30:00Z,IT-South,106.22,15
2026-01-20T10:30:00Z,LT,300.08,15
2026-01-20T10:30:00Z,LV,300.08,15
2026-01-20T10:30:00Z,NL,91.62,15
2026-01-20T10:30:00Z,NO1,132.45,15
2026-01-20T10:30:00Z,NO2,95.39,15
2026-01-20T10:30:00Z,NO3,122.23,15
2026-01-20T10:30:00Z,NO4,130.45,15
2026-01-20T10:30:00Z,NO5,99.79,15
2026-01-20T10:30:00Z,PL,105.72,15
2026-01-20T10:30:00Z,PT,90.67,15
2026-01-20T10:30:00Z,RO,110.56,15
2026-01-20T10:30:00Z,RS,34.00,15
2026-01-20T10:30:00Z,SE1,133.31,15
2026-01-20T10:30:00Z,SE2,133.60,15
2026-01-20T10:30:00Z,SE3,135.06,15
2026-01-20T10:30:00Z,SE4,135.62,15
2026-01-20T10:30:00Z,SI,113.33,15
2026-01-20T10:30:00Z,SK,108.67,15
2026-01-20T10:45:00Z,AT,119.92,15
2026-01-20T10:45:00Z,BE,94.95,15
2026-01-20T10:45:00Z,CZ,101.51,15
2026-01-20T10:45:00Z,DE-LU,102.23,15
2026-01-20T10:45:00Z,DK1,122.60,15
2026-01-20T10:45:00Z,DK2,131.67,15
2026-01-20T10:45:00Z,EE,315.20,15
2026-01-20T10:45:00Z,ES,86.47,15
2026-01-20T10:45:00Z,FI,130.28,15
2026-01-20T10:45:00Z,FR,86.47,15
2026-01-20T10:45:00Z,GR,97.20,15
2026-01-20T10:45:00Z,HR,109.81,15
2026-01-20T10:45:00Z,HU,108.14,15
2026-01-20T10:45:00Z,IT-CNorth,133.20,15
2026-01-20T10:45:00Z,IT-CSouth,123.14,15
2026-01-20T10:45:00Z,IT-North,133.20,15
2026-01-20T10:45:00Z,IT-Sardinia,123.14,15
2026-01-20T10:45:00Z,IT-Sicily,106.22,15
2026-01-20T10:45:00Z,IT-South,106.22,15
2026-01-20T10:45:00Z,LT,315.20,15
2026-01-20T10:45:00Z,LV,315.20,15
2026-01-20T10:45:00Z,NL,90.73,15
2026-01-20T10:45:00Z,NO1,129.07,15
2026-01-20T10:45:00Z,NO2,94.35,15
2026-01-20T10:45:00Z,NO3,119.76,15
2026-01-20T10:45:00Z,NO4,127.00,15
2026-01-20T10:45:00Z,NO5,99.78,15
2026-01-20T10:45:00Z,PL,103.67,15
2026-01-20T10:45:00Z,PT,86.47,15
2026-01-20T10:45:00Z,RO,108.16,15
2026-01-20T10:45:00Z,RS,34.00,15
2026-01-20T10:45:00Z,SE1,129.51,15
2026-01-20T10:45:00Z,SE2,129.77,15
2026-01-20T10:45:00Z,SE3,131.05,15
2026-01-20T10:45:00Z,SE4,131.54,15
2026-01-20T10:45:00Z,SI,110.78,15
2026-01-20T10:45:00Z,SK,106.40,15
2026-01-20T11:00:00Z,AT,126.97,15
2026-01-20T11:00:00Z,BE,97.04,15
2026-01-20T11:00:00Z,CH,129.97,60
2026-01-20T11:00:00Z,CZ,102.74,15
2026-01-20T11:00:00Z,DE-LU,104.35,15
2026-01-20T11:00:00Z,DK1,122.44,15
2026-01-20T11:00:00Z,DK2,131.19,15
2026-01-20T11:00:00Z,EE,284.39,15
2026-01-20T11:00:00Z,ES,95.00,15
2026-01-20T11:00:00Z,FI,160.58,15
2026-01-20T11:00:00Z,FR,95.00,15
2026-01-20T11:00:00Z,GR,98.93,15
2026-01-20T11:00:00Z,HR,113.24,15
2026-01-20T11:00:00Z,HU,111.32,15
2026-01-20T11:00:00Z,IT-CNorth,129.94,15
2026-01-20T11:00:00Z,IT-CSouth,129.94,15
2026-01-20T11:00:00Z,IT-North,129.94,15
2026-01-20T11:00:00Z,IT-Sardinia,129.94,15
2026-01-20T11:00:00Z,IT-Sicily,92.67,15
2026-01-20T11:00:00Z,IT-South,92.67,15
2026-01-20T11:00:00Z,LT,284.39,15
2026-01-20T11:00:00Z,LV,284.39,15
2026-01-20T11:00:00Z,NL,90.79,15
2026-01-20T11:00:00Z,NO1,132.56,15
2026-01-20T11:00:00Z,NO2,96.62,15
2026-01-20T11:00:00Z,NO3,118.38,15
2026-01-20T11:00:00Z,NO4,118.59,15
2026-01-20T11:00:00Z,NO5,99.98,15
2026-01-20T11:00:00Z,PL,105.74,15
2026-01-20T11:00:00Z,PT,95.00,15
2026-01-20T11:00:00Z,RO,111.30,15
2026-01-20T11:00:00Z,RS,45.09,15
2026-01-20T11:00:00Z,SE1,134.97,15
2026-01-20T11:00:00Z,SE2,130.15,15
2026-01-20T11:00:00Z,SE3,131.08,15
2026-01-20T11:00:00Z,SE4,131.14,15
2026-01-20T11:00:00Z,SI,114.46,15
2026-01-20T11:00:00Z,SK,109.15,15
2026-01-20T11:15:00Z,AT,128.41,15
2026-01-20T11:15:00Z,BE,94.27,15
2026-01-20T11:15:00Z,CZ,100.13,15
2026-01-20T11:15:00Z,DE-LU,102.16,15
2026-01-20T11:15:00Z,DK1,115.53,15
2026-01-20T11:15:00Z,DK2,121.68,15
2026-01-20T11:15:00Z,EE,289.99,15
2026-01-20T11:15:00Z,ES,94.27,15
2026-01-20T11:15:00Z,FI,157.14,15
2026-01-20T11:15:00Z,FR,94.27,15
2026-01-20T11:15:00Z,GR,99.81,15
2026-01-20T11:15:00Z,HR,112.27,15
2026-01-20T11:15:00Z,HU,110.10,15
2026-01-20T11:15:00Z,IT-CNorth,128.50,15
2026-01-20T11:15:00Z,IT-CSouth,128.50,15
2026-01-20T11:15:00Z,IT-North,128.50,15
2026-01-20T11:15:00Z,IT-Sardinia,128.50,15
2026-01-20T11:15:00Z,IT-Sicily,102.75,15
2026-01-20T11:15:00Z,IT-South,102.75,15
2026-01-20T11:15:00Z,LT,289.99,15
2026-01-20T11:15:00Z,LV,289.99,15
2026-01-20T11:15:00Z,NL,86.50,15
2026-01-20T11:15:00Z,NO1,122.10,15
2026-01-20T11:15:00Z,NO2,95.73,15
2026-01-20T11:15:00Z,NO3,111.59,15
2026-01-20T11:15:00Z,NO4,108.67,15
2026-01-20T11:15:00Z,NO5,99.54,15
2026-01-20T11:15:00Z,PL,103.67,15
2026-01-20T11:15:00Z,PT,94.27,15
2026-01-20T11:15:00Z,RO,110.07,15
2026-01-20T11:15:00Z,RS,45.09,15
2026-01-20T11:15:00Z,SE1,127.08,15
2026-01-20T11:15:00Z,SE2,121.24,15
2026-01-20T11:15:00Z,SE3,121.81,15
2026-01-20T11:15:00Z,SE4,121.68,15
2026-01-20T11:15:00Z,SI,113.67,15
2026-01-20T11:15:00Z,SK,107.59,15
2026-01-20T11:30:00Z,AT,126.32,15
2026-01-20T11:30:00Z,BE,96.35,15
2026-01-20T11:30:00Z,CZ,101.24,15
2026-01-20T11:30:00Z,DE-LU,103.02,15
2026-01-20T11:30:00Z,DK1,112.82,15
2026-01-20T11:30:00Z,DK2,117.33,15
2026-01-20T11:30:00Z,EE,300.00,15
2026-01-20T11:30:00Z,ES,94.97,15
2026-01-20T11:30:00Z,FI,152.54,15
2026-01-20T11:30:00Z,FR,96.35,15
2026-01-20T11:30:00Z,GR,101.30,15
2026-01-20T11:30:00Z,HR,112.01,15
2026-01-20T11:30:00Z,HU,110.09,15
2026-01-20T11:30:00Z,IT-CNorth,126.32,15
2026-01-20T11:30:00Z,IT-CSouth,117.98,15
2026-01-20T11:30:00Z,IT-North,126.32,15
2026-01-20T11:30:00Z,IT-Sardinia,117.98,15
2026-01-20T11:30:00Z,IT-Sicily,103.50,15
2026-01-20T11:30:00Z,IT-South,103.50,15
2026-01-20T11:30:00Z,LT,300.00,15
2026-01-20T11:30:00Z,LV,300.00,15
2026-01-20T11:30:00Z,NL,89.10,15
2026-01-20T11:30:00Z,NO1,117.49,15
2026-01-20T11:30:00Z,NO2,97.48,15
2026-01-20T11:30:00Z,NO3,108.75,15
2026-01-20T11:30:00Z,NO4,105.01,15
2026-01-20T11:30:00Z,NO5,99.54,15
2026-01-20T11:30:00Z,PL,104.37,15
2026-01-20T11:30:00Z,PT,94.97,15
2026-01-20T11:30:00Z,RO,110.05,15
2026-01-20T11:30:00Z,RS,45.09,15
2026-01-20T11:30:00Z,SE1,122.91,15
2026-01-20T11:30:00Z,SE2,117.11,15
2026-01-20T11:30:00Z,SE3,117.53,15
2026-01-20T11:30:00Z,SE4,117.35,15
2026-01-20T11:30:00Z,SI,113.25,15
2026-01-20T11:30:00Z,SK,107.86,15
2026-01-20T11:45:00Z,AT,126.32,15
2026-01-20T11:45:00Z,BE,96.84,15
2026-01-20T11:45:00Z,CZ,103.78,15
2026-01-20T11:45:00Z,DE-LU,104.96,15
2026-01-20T11:45:00Z,DK1,113.44,15
2026-01-20T11:45:00Z,DK2,117.33,15
2026-01-20T11:45:00Z,EE,300.02,15
2026-01-20T11:45:00Z,ES,90.00,15
2026-01-20T11:45:00Z,FI,150.00,15
2026-01-20T11:45:00Z,FR,90.00,15
2026-01-20T11:45:00Z,GR,102.13,15
2026-01-20T11:45:00Z,HR,113.78,15
2026-01-20T11:45:00Z,HU,111.85,15
2026-01-20T11:45:00Z,IT-CNorth,126.32,15
2026-01-20T11:45:00Z,IT-CSouth,117.98,15
2026-01-20T11:45:00Z,IT-North,126.32,15
2026-01-20T11:45:00Z,IT-Sardinia,117.98,15
2026-01-20T11:45:00Z,IT-Sicily,103.25,15
2026-01-20T11:45:00Z,IT-South,103.25,15
2026-01-20T11:45:00Z,LT,300.02,15
2026-01-20T11:45:00Z,LV,300.02,15
2026-01-20T11:45:00Z,NL,92.01,15
2026-01-20T11:45:00Z,NO1,117.52,15
2026-01-20T11:45:00Z,NO2,99.70,15
2026-01-20T11:45:00Z,NO3,109.32,15
2026-01-20T11:45:00Z,NO4,105.88,15
2026-01-20T11:45:00Z,NO5,100.71,15
2026-01-20T11:45:00Z,PL,106.49,15
2026-01-20T11:45:00Z,PT,90.00,15
2026-01-20T11:45:00Z,RO,111.85,15
2026-01-20T11:45:00Z,RS,45.09,15
2026-01-20T11:45:00Z,SE1,122.50,15
2026-01-20T11:45:00Z,SE2,117.12,15
2026-01-20T11:45:00Z,SE3,117.52,15
2026-01-20T11:45:00Z,SE4,117.35,15
2026-01-20T11:45:00Z,SI,114.95,15
2026-01-20T11:45:00Z,SK,109.78,15
2026-01-20T12:00:00Z,AT,126.32,15
2026-01-20T12:00:00Z,BE,95.67,15
2026-01-20T12:00:00Z,CH,132.00,60
2026-01-20T12:00:00Z,CZ,103.50,15
2026-01-20T12:00:00Z,DE-LU,104.59,15
2026-01-20T12:00:00Z,DK1,123.52,15
2026-01-20T12:00:00Z,DK2,132.22,15
2026-01-20T12:00:00Z,EE,284.39,15
2026-01-20T12:00:00Z,ES,86.60,15
2026-01-20T12:00:00Z,FI,149.99,15
2026-01-20T12:00:00Z,FR,86.60,15
2026-01-20T12:00:00Z,GR,102.22,15
2026-01-20T12:00:00Z,HR,113.72,15
2026-01-20T12:00:00Z,HU,111.71,15
2026-01-20T12:00:00Z,IT-CNorth,126.32,15
2026-01-20T12:00:00Z,IT-CSouth,116.98,15
2026-01-20T12:00:00Z,IT-North,126.32,15
2026-01-20T12:00:00Z,IT-Sardinia,116.98,15
2026-01-20T12:00:00Z,IT-Sicily,103.07,15
2026-01-20T12:00:00Z,IT-South,103.07,15
2026-01-20T12:00:00Z,LT,284.39,15
2026-01-20T12:00:00Z,LV,284.39,15
2026-01-20T12:00:00Z,NL,90.72,15
2026-01-20T12:00:00Z,NO1,131.94,15
2026-01-20T12:00:00Z,NO2,96.93,15
2026-01-20T12:00:00Z,NO3,119.10,15
2026-01-20T12:00:00Z,NO4,122.37,15
2026-01-20T12:00:00Z,NO5,99.35,15
2026-01-20T12:00:00Z,PL,106.22,15
2026-01-20T12:00:00Z,PT,86.60,15
2026-01-20T12:00:00Z,RO,111.74,15
2026-01-20T12:00:00Z,RS,52.02,15
2026-01-20T12:00:00Z,SE1,133.66,15
2026-01-20T12:00:00Z,SE2,130.76,15
2026-01-20T12:00:00Z,SE3,131.89,15
2026-01-20T12:00:00Z,SE4,132.13,15
2026-01-20T12:00:00Z,SI,114.92,15
2026-01-20T12:00:00Z,SK,109.60,15
2026-01-20T12:15:00Z,AT,127.81,15
2026-01-20T12:15:00Z,BE,96.46,15
2026-01-20T12:15:00Z,CZ,104.72,15
2026-01-20T12:15:00Z,DE-LU,105.76,15
2026-01-20T12:15:00Z,DK1,123.24,15
2026-01-20T12:15:00Z,DK2,131.28,15
2026-01-20T12:15:00Z,EE,284.39,15
2026-01-20T12:15:00Z,ES,86.21,15
2026-01-20T12:15:00Z,FI,149.99,15
2026-01-20T12:15:00Z,FR,86.21,15
2026-01-20T12:15:00Z,GR,103.44,15
2026-01-20T12:15:00Z,HR,115.12,15
2026-01-20T12:15:00Z,HU,113.05,15
2026-01-20T12:15:00Z,IT-CNorth,127.81,15
2026-01-20T12:15:00Z,IT-CSouth,116.98,15
2026-01-20T12:15:00Z,IT-North,127.81,15
2026-01-20T12:15:00Z,IT-Sardinia,116.98,15
2026-01-20T12:15:00Z,IT-Sicily,104.87,15
2026-01-20T12:15:00Z,IT-South,104.87,15
2026-01-20T12:15:00Z,LT,284.39,15
2026-01-20T12:15:00Z,LV,284.39,15
2026-01-20T12:15:00Z,NL,91.67,15
2026-01-20T12:15:00Z,NO1,128.15,15
2026-01-20T12:15:00Z,NO2,97.85,15
2026-01-20T12:15:00Z,NO3,118.16,15
2026-01-20T12:15:00Z,NO4,121.10,15
2026-01-20T12:15:00Z,NO5,100.10,15
2026-01-20T12:15:00Z,PL,107.45,15
2026-01-20T12:15:00Z,PT,86.21,15
2026-01-20T12:15:00Z,RO,113.08,15
2026-01-20T12:15:00Z,RS,52.02,15
2026-01-20T12:15:00Z,SE1,132.87,15
2026-01-20T12:15:00Z,SE2,129.82,15
2026-01-20T12:15:00Z,SE3,130.96,15
2026-01-20T12:15:00Z,SE4,131.20,15
2026-01-20T12:15:00Z,SI,116.33,15
2026-01-20T12:15:00Z,SK,110.90,15
2026-01-20T12:30:00Z,AT,126.50,15
2026-01-20T12:30:00Z,BE,96.28,15
2026-01-20T12:30:00Z,CZ,104.37,15
2026-01-20T12:30:00Z,DE-LU,105.33,15
2026-01-20T12:30:00Z,DK1,121.53,15
2026-01-20T12:30:00Z,DK2,128.98,15
2026-01-20T12:30:00Z,EE,284.40,15
2026-01-20T12:30:00Z,ES,85.95,15
2026-01-20T12:30:00Z,FI,149.99,15
2026-01-20T12:30:00Z,FR,85.95,15
2026-01-20T12:30:00Z,GR,109.04,15
2026-01-20T12:30:00Z,HR,114.35,15
2026-01-20T12:30:00Z,HU,112.35,15
2026-01-20T12:30:00Z,IT-CNorth,126.50,15
2026-01-20T12:30:00Z,IT-CSouth,126.50,15
2026-01-20T12:30:00Z,IT-North,126.50,15
2026-01-20T12:30:00Z,IT-Sardinia,126.50,15
2026-01-20T12:30:00Z,IT-Sicily,106.23,15
2026-01-20T12:30:00Z,IT-South,106.23,15
2026-01-20T12:30:00Z,LT,284.40,15
2026-01-20T12:30:00Z,LV,284.40,15
2026-01-20T12:30:00Z,NL,91.79,15
2026-01-20T12:30:00Z,NO1,126.26,15
2026-01-20T12:30:00Z,NO2,98.05,15
2026-01-20T12:30:00Z,NO3,116.63,15
2026-01-20T12:30:00Z,NO4,118.57,15
2026-01-20T12:30:00Z,NO5,100.11,15
2026-01-20T12:30:00Z,PL,106.98,15
2026-01-20T12:30:00Z,PT,85.95,15
2026-01-20T12:30:00Z,RO,112.39,15
2026-01-20T12:30:00Z,RS,52.02,15
2026-01-20T12:30:00Z,SE1,131.15,15
2026-01-20T12:30:00Z,SE2,127.72,15
2026-01-20T12:30:00Z,SE3,128.74,15
2026-01-20T12:30:00Z,SE4,128.91,15
2026-01-20T12:30:00Z,SI,115.52,15
2026-01-20T12:30:00Z,SK,110.29,15
2026-01-20T12:45:00Z,AT,132.00,15
2026-01-20T12:45:00Z,BE,97.00,15
2026-01-20T12:45:00Z,CZ,106.16,15
2026-01-20T12:45:00Z,DE-LU,107.34,15
2026-01-20T12:45:00Z,DK1,119.76,15
2026-01-20T12:45:00Z,DK2,126.63,15
2026-01-20T12:45:00Z,EE,290.00,15
2026-01-20T12:45:00Z,ES,85.82,15
2026-01-20T12:45:00Z,FI,149.73,15
2026-01-20T12:45:00Z,FR,85.82,15
2026-01-20T12:45:00Z,GR,105.70,15
2026-01-20T12:45:00Z,HR,117.78,15
2026-01-20T12:45:00Z,HU,115.47,15
2026-01-20T12:45:00Z,IT-CNorth,132.00,15
2026-01-20T12:45:00Z,IT-CSouth,129.50,15
2026-01-20T12:45:00Z,IT-North,132.00,15
2026-01-20T12:45:00Z,IT-Sardinia,129.50,15
2026-01-20T12:45:00Z,IT-Sicily,106.23,15
2026-01-20T12:45:00Z,IT-South,106.23,15
2026-01-20T12:45:00Z,LT,290.00,15
2026-01-20T12:45:00Z,LV,290.00,15
2026-01-20T12:45:00Z,NL,91.58,15
2026-01-20T12:45:00Z,NO1,124.52,15
2026-01-20T12:45:00Z,NO2,101.00,15
2026-01-20T12:45:00Z,NO3,116.05,15
2026-01-20T12:45:00Z,NO4,116.45,15
2026-01-20T12:45:00Z,NO5,102.65,15
2026-01-20T12:45:00Z,PL,109.22,15
2026-01-20T12:45:00Z,PT,85.82,15
2026-01-20T12:45:00Z,RO,115.51,15
2026-01-20T12:45:00Z,RS,52.02,15
2026-01-20T12:45:00Z,SE1,129.49,15
2026-01-20T12:45:00Z,SE2,125.71,15
2026-01-20T12:45:00Z,SE3,126.52,15
2026-01-20T12:45:00Z,SE4,126.59,15
2026-01-20T12:45:00Z,SI,119.14,15
2026-01-20T12:45:00Z,SK,113.07,15
2026-01-20T13:00:00Z,AT,105.64,15
2026-01-20T13:00:00Z,BE,93.73,15
2026-01-20T13:00:00Z,CH,144.97,60
2026-01-20T13:00:00Z,CZ,105.90,15
2026-01-20T13:00:00Z,DE-LU,106.18,15
2026-01-20T13:00:00Z,DK1,130.61,15
2026-01-20T13:00:00Z,DK2,140.88,15
2026-01-20T13:00:00Z,EE,315.20,15
2026-01-20T13:00:00Z,ES,85.95,15
2026-01-20T13:00:00Z,FI,139.09,15
2026-01-20T13:00:00Z,FR,85.95,15
2026-01-20T13:00:00Z,GR,97.21,15
2026-01-20T13:00:00Z,HR,105.89,15
2026-01-20T13:00:00Z,HU,105.91,15
2026-01-20T13:00:00Z,IT-CNorth,139.97,15
2026-01-20T13:00:00Z,IT-CSouth,116.89,15
2026-01-20T13:00:00Z,IT-North,139.97,15
2026-01-20T13:00:00Z,IT-Sardinia,116.89,15
2026-01-20T13:00:00Z,IT-Sicily,106.23,15
2026-01-20T13:00:00Z,IT-South,106.23,15
2026-01-20T13:00:00Z,LT,315.20,15
2026-01-20T13:00:00Z,LV,315.20,15
2026-01-20T13:00:00Z,NL,84.18,15
2026-01-20T13:00:00Z,NO1,137.56,15
2026-01-20T13:00:00Z,NO2,96.71,15
2026-01-20T13:00:00Z,NO3,125.55,15
2026-01-20T13:00:00Z,NO4,134.86,15
2026-01-20T13:00:00Z,NO5,99.92,15
2026-01-20T13:00:00Z,PL,106.17,15
2026-01-20T13:00:00Z,PT,85.95,15
2026-01-20T13:00:00Z,RO,105.92,15
2026-01-20T13:00:00Z,RS,60.22,15
2026-01-20T13:00:00Z,SE1,138.07,15
2026-01-20T13:00:00Z,SE2,138.43,15
2026-01-20T13:00:00Z,SE3,140.08,15
2026-01-20T13:00:00Z,SE4,140.71,15
2026-01-20T13:00:00Z,SI,105.86,15
2026-01-20T13:00:00Z,SK,105.95,15
2026-01-20T13:15:00Z,AT,123.87,15
2026-01-20T13:15:00Z,BE,104.57,15
2026-01-20T13:15:00Z,CZ,123.86,15
2026-01-20T13:15:00Z,DE-LU,123.76,15
2026-01-20T13:15:00Z,DK1,141.52,15
2026-01-20T13:15:00Z,DK2,149.82,15
2026-01-20T13:15:00Z,EE,315.20,15
2026-01-20T13:15:00Z,ES,86.02,15
2026-01-20T13:15:00Z,FI,147.15,15
2026-01-20T13:15:00Z,FR,86.02,15
2026-01-20T13:15:00Z,GR,98.37,15
2026-01-20T13:15:00Z,HR,124.36,15
2026-01-20T13:15:00Z,HU,124.14,15
2026-01-20T13:15:00Z,IT-CNorth,139.97,15
2026-01-20T13:15:00Z,IT-CSouth,120.98,15
2026-01-20T13:15:00Z,IT-North,139.97,15
2026-01-20T13:15:00Z,IT-Sardinia,120.98,15
2026-01-20T13:15:00Z,IT-Sicily,109.76,15
2026-01-20T13:15:00Z,IT-South,109.76,15
2026-01-20T13:15:00Z,LT,315.20,15
2026-01-20T13:15:00Z,LV,315.20,15
2026-01-20T13:15:00Z,NL,93.10,15
2026-01-20T13:15:00Z,NO1,129.37,15
2026-01-20T13:15:00Z,NO2,96.87,15
2026-01-20T13:15:00Z,NO3,128.18,15
2026-01-20T13:15:00Z,NO4,140.85,15
2026-01-20T13:15:00Z,NO5,100.56,15
2026-01-20T13:15:00Z,PL,124.16,15
2026-01-20T13:15:00Z,PT,86.02,15
2026-01-20T13:15:00Z,RO,124.19,15
2026-01-20T13:15:00Z,RS,60.22,15
2026-01-20T13:15:00Z,SE1,145.64,15
2026-01-20T13:15:00Z,SE2,146.18,15
2026-01-20T13:15:00Z,SE3,148.63,15
2026-01-20T13:15:00Z,SE4,149.57,15
2026-01-20T13:15:00Z,SI,124.41,15
2026-01-20T13:15:00Z,SK,124.08,15
2026-01-20T13:30:00Z,AT,149.70,15
2026-01-20T13:30:00Z,BE,117.44,15
2026-01-20T13:30:00Z,CZ,149.65,15
2026-01-20T13:30:00Z,DE-LU,149.45,15
2026-01-20T13:30:00Z,DK1,152.16,15
2026-01-20T13:30:00Z,DK2,153.42,15
2026-01-20T13:30:00Z,EE,315.21,15
2026-01-20T13:30:00Z,ES,86.00,15
2026-01-20T13:30:00Z,FI,150.15,15
2026-01-20T13:30:00Z,FR,86.00,15
2026-01-20T13:30:00Z,GR,102.92,15
2026-01-20T13:30:00Z,HR,150.53,15
2026-01-20T13:30:00Z,HU,150.14,15
2026-01-20T13:30:00Z,IT-CNorth,149.70,15
2026-01-20T13:30:00Z,IT-CSouth,136.97,15
2026-01-20T13:30:00Z,IT-North,149.70,15
2026-01-20T13:30:00Z,IT-Sardinia,136.97,15
2026-01-20T13:30:00Z,IT-Sicily,117.96,15
2026-01-20T13:30:00Z,IT-South,117.96,15
2026-01-20T13:30:00Z,LT,315.21,15
2026-01-20T13:30:00Z,LV,315.21,15
2026-01-20T13:30:00Z,NL,98.55,15
2026-01-20T13:30:00Z,NO1,112.00,15
2026-01-20T13:30:00Z,NO2,101.91,15
2026-01-20T13:30:00Z,NO3,128.11,15
2026-01-20T13:30:00Z,NO4,142.41,15
2026-01-20T13:30:00Z,NO5,105.31,15
2026-01-20T13:30:00Z,PL,142.47,15
2026-01-20T13:30:00Z,PT,86.00,15
2026-01-20T13:30:00Z,RO,150.23,15
2026-01-20T13:30:00Z,RS,60.22,15
2026-01-20T13:30:00Z,SE1,148.30,15
2026-01-20T13:30:00Z,SE2,148.95,15
2026-01-20T13:30:00Z,SE3,151.96,15
2026-01-20T13:30:00Z,SE4,153.11,15
2026-01-20T13:30:00Z,SI,150.62,15
2026-01-20T13:30:00Z,SK,150.03,15
2026-01-20T13:45:00Z,AT,171.48,15
2026-01-20T13:45:00Z,BE,139.83,15
2026-01-20T13:45:00Z,CZ,169.79,15
2026-01-20T13:45:00Z,DE-LU,167.50,15
2026-01-20T13:45:00Z,DK1,170.52,15
2026-01-20T13:45:00Z,DK2,171.92,15
2026-01-20T13:45:00Z,EE,315.21,15
2026-01-20T13:45:00Z,ES,86.21,15
2026-01-20T13:45:00Z,FI,168.59,15
2026-01-20T13:45:00Z,FR,86.21,15
2026-01-20T13:45:00Z,GR,101.66,15
2026-01-20T13:45:00Z,HR,172.66,15
2026-01-20T13:45:00Z,HU,171.26,15
2026-01-20T13:45:00Z,IT-CNorth,147.88,15
2026-01-20T13:45:00Z,IT-CSouth,147.88,15
2026-01-20T13:45:00Z,IT-North,147.88,15
2026-01-20T13:45:00Z,IT-Sardinia,147.88,15
2026-01-20T13:45:00Z,IT-Sicily,133.00,15
2026-01-20T13:45:00Z,IT-South,133.00,15
2026-01-20T13:45:00Z,LT,315.21,15
2026-01-20T13:45:00Z,LV,315.21,15
2026-01-20T13:45:00Z,NL,136.65,15
2026-01-20T13:45:00Z,NO1,130.30,15
2026-01-20T13:45:00Z,NO2,119.13,15
2026-01-20T13:45:00Z,NO3,146.14,15
2026-01-20T13:45:00Z,NO4,160.72,15
2026-01-20T13:45:00Z,NO5,122.62,15
2026-01-20T13:45:00Z,PL,145.30,15
2026-01-20T13:45:00Z,PT,86.21,15
2026-01-20T13:45:00Z,RO,171.50,15
2026-01-20T13:45:00Z,RS,60.22,15
2026-01-20T13:45:00Z,SE1,166.71,15
2026-01-20T13:45:00Z,SE2,167.37,15
2026-01-20T13:45:00Z,SE3,170.44,15
2026-01-20T13:45:00Z,SE4,171.60,15
2026-01-20T13:45:00Z,SI,173.07,15
2026-01-20T13:45:00Z,SK,170.70,15
2026-01-20T14:00:00Z,AT,135.13,15
2026-01-20T14:00:00Z,BE,106.27,15
2026-01-20T14:00:00Z,CH,171.89,60
2026-01-20T14:00:00Z,CZ,135.56,15
2026-01-20T14:00:00Z,DE-LU,136.08,15
2026-01-20T14:00:00Z,DK1,154.98,15
2026-01-20T14:00:00Z,DK2,163.66,15
2026-01-20T14:00:00Z,EE,315.20,15
2026-01-20T14:00:00Z,ES,85.82,15
2026-01-20T14:00:00Z,FI,160.30,15
2026-01-20T14:00:00Z,FR,85.82,15
2026-01-20T14:00:00Z,GR,97.28,15
2026-01-20T14:00:00Z,HR,135.69,15
2026-01-20T14:00:00Z,HU,135.67,15
2026-01-20T14:00:00Z,IT-CNorth,154.71,15
2026-01-20T14:00:00Z,IT-CSouth,140.00,15
2026-01-20T14:00:00Z,IT-North,154.71,15
2026-01-20T14:00:00Z,IT-Sardinia,140.00,15
2026-01-20T14:00:00Z,IT-Sicily,126.72,15
2026-01-20T14:00:00Z,IT-South,126.72,15
2026-01-20T14:00:00Z,LT,315.20,15
2026-01-20T14:00:00Z,LV,315.20,15
2026-01-20T14:00:00Z,NL,75.10,15
2026-01-20T14:00:00Z,NO1,134.55,15
2026-01-20T14:00:00Z,NO2,99.83,15
2026-01-20T14:00:00Z,NO3,136.53,15
2026-01-20T14:00:00Z,NO4,152.45,15
2026-01-20T14:00:00Z,NO5,104.27,15
2026-01-20T14:00:00Z,PL,136.19,15
2026-01-20T14:00:00Z,PT,85.82,15
2026-01-20T14:00:00Z,RO,135.70,15
2026-01-20T14:00:00Z,RS,96.00,15
2026-01-20T14:00:00Z,SE1,158.40,15
2026-01-20T14:00:00Z,SE2,159.08,15
2026-01-20T14:00:00Z,SE3,162.17,15
2026-01-20T14:00:00Z,SE4,163.35,15
2026-01-20T14:00:00Z,SI,135.66,15
2026-01-20T14:00:00Z,SK,135.73,15
2026-01-20T14:15:00Z,AT,160.13,15
2026-01-20T14:15:00Z,BE,124.86,15
2026-01-20T14:15:00Z,CZ,159.64,15
2026-01-20T14:15:00Z,DE-LU,158.99,15
2026-01-20T14:15:00Z,DK1,175.06,15
2026-01-20T14:15:00Z,DK2,182.44,15
2026-01-20T14:15:00Z,EE,315.21,15
2026-01-20T14:15:00Z,ES,85.95,15
2026-01-20T14:15:00Z,FI,177.88,15
2026-01-20T14:15:00Z,FR,85.95,15
2026-01-20T14:15:00Z,GR,109.79,15
2026-01-20T14:15:00Z,HR,161.01,15
2026-01-20T14:15:00Z,HU,160.38,15
2026-01-20T14:15:00Z,IT-CNorth,160.13,15
2026-01-20T14:15:00Z,IT-CSouth,145.00,15
2026-01-20T14:15:00Z,IT-North,160.13,15
2026-01-20T14:15:00Z,IT-Sardinia,145.00,15
2026-01-20T14:15:00Z,IT-Sicily,126.72,15
2026-01-20T14:15:00Z,IT-South,126.72,15
2026-01-20T14:15:00Z,LT,315.21,15
2026-01-20T14:15:00Z,LV,315.21,15
2026-01-20T14:15:00Z,NL,99.39,15
2026-01-20T14:15:00Z,NO1,134.26,15
2026-01-20T14:15:00Z,NO2,102.82,15
2026-01-20T14:15:00Z,NO3,146.25,15
2026-01-20T14:15:00Z,NO4,167.20,15
2026-01-20T14:15:00Z,NO5,108.25,15
2026-01-20T14:15:00Z,PL,160.06,15
2026-01-20T14:15:00Z,PT,85.95,15
2026-01-20T14:15:00Z,RO,160.51,15
2026-01-20T14:15:00Z,RS,96.00,15
2026-01-20T14:15:00Z,SE1,175.29,15
2026-01-20T14:15:00Z,SE2,176.21,15
2026-01-20T14:15:00Z,SE3,180.41,15
2026-01-20T14:15:00Z,SE4,182.01,15
2026-01-20T14:15:00Z,SI,161.18,15
2026-01-20T14:15:00Z,SK,160.17,15
2026-01-20T14:30:00Z,AT,208.64,15
2026-01-20T14:30:00Z,BE,157.92,15
2026-01-20T14:30:00Z,CZ,206.78,15
2026-01-20T14:30:00Z,DE-LU,204.43,15
2026-01-20T14:30:00Z,DK1,208.15,15
2026-01-20T14:30:00Z,DK2,209.85,15
2026-01-20T14:30:00Z,EE,315.21,15
2026-01-20T14:30:00Z,ES,86.47,15
2026-01-20T14:30:00Z,FI,205.41,15
2026-01-20T14:30:00Z,FR,86.47,15
2026-01-20T14:30:00Z,GR,137.04,15
2026-01-20T14:30:00Z,HR,210.12,15
2026-01-20T14:30:00Z,HU,208.53,15
2026-01-20T14:30:00Z,IT-CNorth,186.75,15
2026-01-20T14:30:00Z,IT-CSouth,152.48,15
2026-01-20T14:30:00Z,IT-North,186.75,15
2026-01-20T14:30:00Z,IT-Sardinia,152.48,15
2026-01-20T14:30:00Z,IT-Sicily,126.72,15
2026-01-20T14:30:00Z,IT-South,126.72,15
2026-01-20T14:30:00Z,LT,315.21,15
2026-01-20T14:30:00Z,LV,315.21,15
2026-01-20T14:30:00Z,NL,135.38,15
2026-01-20T14:30:00Z,NO1,153.76,15
2026-01-20T14:30:00Z,NO2,139.99,15
2026-01-20T14:30:00Z,NO3,175.37,15
2026-01-20T14:30:00Z,NO4,195.02,15
2026-01-20T14:30:00Z,NO5,144.62,15
2026-01-20T14:30:00Z,PL,207.01,15
2026-01-20T14:30:00Z,PT,86.47,15
2026-01-20T14:30:00Z,RO,208.82,15
2026-01-20T14:30:00Z,RS,96.00,15
2026-01-20T14:30:00Z,SE1,202.90,15
2026-01-20T14:30:00Z,SE2,203.79,15
2026-01-20T14:30:00Z,SE3,207.87,15
2026-01-20T14:30:00Z,SE4,209.44,15
2026-01-20T14:30:00Z,SI,210.60,15
2026-01-20T14:30:00Z,SK,207.92,15
2026-01-20T14:45:00Z,AT,196.10,15
2026-01-20T14:45:00Z,BE,140.63,15
2026-01-20T14:45:00Z,CZ,186.45,15
2026-01-20T14:45:00Z,DE-LU,213.54,15
2026-01-20T14:45:00Z,DK1,217.16,15
2026-01-20T14:45:00Z,DK2,218.83,15
2026-01-20T14:45:00Z,EE,270.00,15
2026-01-20T14:45:00Z,ES,89.70,15
2026-01-20T14:45:00Z,FI,218.37,15
2026-01-20T14:45:00Z,FR,89.70,15
2026-01-20T14:45:00Z,GR,142.00,15
2026-01-20T14:45:00Z,HR,260.19,15
2026-01-20T14:45:00Z,HU,354.07,15
2026-01-20T14:45:00Z,IT-CNorth,176.93,15
2026-01-20T14:45:00Z,IT-CSouth,152.48,15
2026-01-20T14:45:00Z,IT-North,176.93,15
2026-01-20T14:45:00Z,IT-Sardinia,152.48,15
2026-01-20T14:45:00Z,IT-Sicily,126.72,15
2026-01-20T14:45:00Z,IT-South,126.72,15
2026-01-20T14:45:00Z,LT,270.00,15
2026-01-20T14:45:00Z,LV,270.00,15
2026-01-20T14:45:00Z,NL,201.61,15
2026-01-20T14:45:00Z,NO1,219.20,15
2026-01-20T14:45:00Z,NO2,206.42,15
2026-01-20T14:45:00Z,NO3,214.75,15
2026-01-20T14:45:00Z,NO4,217.29,15
2026-01-20T14:45:00Z,NO5,207.34,15
2026-01-20T14:45:00Z,PL,246.18,15
2026-01-20T14:45:00Z,PT,89.70,15
2026-01-20T14:45:00Z,RO,350.94,15
2026-01-20T14:45:00Z,RS,96.00,15
2026-01-20T14:45:00Z,SE1,218.11,15
2026-01-20T14:45:00Z,SE2,218.20,15
2026-01-20T14:45:00Z,SE3,218.62,15
2026-01-20T14:45:00Z,SE4,218.79,15
2026-01-20T14:45:00Z,SI,223.46,15
2026-01-20T14:45:00Z,SK,261.48,15
2026-01-20T15:00:00Z,AT,184.57,15
2026-01-20T15:00:00Z,BE,99.28,15
2026-01-20T15:00:00Z,CH,230.00,60
2026-01-20T15:00:00Z,CZ,187.73,15
2026-01-20T15:00:00Z,DE-LU,202.99,15
2026-01-20T15:00:00Z,DK1,205.58,15
2026-01-20T15:00:00Z,DK2,206.73,15
2026-01-20T15:00:00Z,EE,250.00,15
2026-01-20T15:00:00Z,ES,85.95,15
2026-01-20T15:00:00Z,FI,200.04,15
2026-01-20T15:00:00Z,FR,85.95,15
2026-01-20T15:00:00Z,GR,120.76,15
2026-01-20T15:00:00Z,HR,212.29,15
2026-01-20T15:00:00Z,HU,222.93,15
2026-01-20T15:00:00Z,IT-CNorth,184.57,15
2026-01-20T15:00:00Z,IT-CSouth,152.48,15
2026-01-20T15:00:00Z,IT-North,184.57,15
2026-01-20T15:00:00Z,IT-Sardinia,152.48,15
2026-01-20T15:00:00Z,IT-Sicily,148.01,15
2026-01-20T15:00:00Z,IT-South,148.01,15
2026-01-20T15:00:00Z,LT,250.00,15
2026-01-20T15:00:00Z,LV,250.00,15
2026-01-20T15:00:00Z,NL,100.10,15
2026-01-20T15:00:00Z,NO1,117.99,15
2026-01-20T15:00:00Z,NO2,105.48,15
2026-01-20T15:00:00Z,NO3,155.13,15
2026-01-20T15:00:00Z,NO4,184.40,15
2026-01-20T15:00:00Z,NO5,111.98,15
2026-01-20T15:00:00Z,PL,198.50,15
2026-01-20T15:00:00Z,PT,85.95,15
2026-01-20T15:00:00Z,RO,299.96,15
2026-01-20T15:00:00Z,RS,160.05,15
2026-01-20T15:00:00Z,SE1,196.25,15
2026-01-20T15:00:00Z,SE2,197.61,15
2026-01-20T15:00:00Z,SE3,203.75,15
2026-01-20T15:00:00Z,SE4,206.10,15
2026-01-20T15:00:00Z,SI,194.93,15
2026-01-20T15:00:00Z,SK,196.12,15
2026-01-20T15:15:00Z,AT,232.08,15
2026-01-20T15:15:00Z,BE,120.00,15
2026-01-20T15:15:00Z,CZ,234.53,15
2026-01-20T15:15:00Z,DE-LU,253.17,15
2026-01-20T15:15:00Z,DK1,253.17,15
2026-01-20T15:15:00Z,DK2,253.16,15
2026-01-20T15:15:00Z,EE,250.97,15
2026-01-20T15:15:00Z,ES,89.80,15
2026-01-20T15:15:00Z,FI,245.94,15
2026-01-20T15:15:00Z,FR,89.80,15
2026-01-20T15:15:00Z,GR,152.20,15
2026-01-20T15:15:00Z,HR,276.38,15
2026-01-20T15:15:00Z,HU,269.18,15
2026-01-20T15:15:00Z,IT-CNorth,190.84,15
2026-01-20T15:15:00Z,IT-CSouth,152.48,15
2026-01-20T15:15:00Z,IT-North,190.84,15
2026-01-20T15:15:00Z,IT-Sardinia,152.48,15
2026-01-20T15:15:00Z,IT-Sicily,148.01,15
2026-01-20T15:15:00Z,IT-South,148.01,15
2026-01-20T15:15:00Z,LT,250.97,15
2026-01-20T15:15:00Z,LV,250.97,15
2026-01-20T15:15:00Z,NL,140.53,15
2026-01-20T15:15:00Z,NO1,155.71,15
2026-01-20T15:15:00Z,NO2,145.39,15
2026-01-20T15:15:00Z,NO3,197.65,15
2026-01-20T15:15:00Z,NO4,229.07,15
2026-01-20T15:15:00Z,NO5,152.29,15
2026-01-20T15:15:00Z,PL,240.15,15
2026-01-20T15:15:00Z,PT,89.80,15
2026-01-20T15:15:00Z,RO,450.00,15
2026-01-20T15:15:00Z,RS,160.05,15
2026-01-20T15:15:00Z,SE1,241.85,15
2026-01-20T15:15:00Z,SE2,243.32,15
2026-01-20T15:15:00Z,SE3,249.94,15
2026-01-20T15:15:00Z,SE4,252.48,15
2026-01-20T15:15:00Z,SI,248.10,15
2026-01-20T15:15:00Z,SK,234.52,15
2026-01-20T15:30:00Z,AT,262.18,15
2026-01-20T15:30:00Z,BE,141.13,15
2026-01-20T15:30:00Z,CZ,277.43,15
2026-01-20T15:30:00Z,DE-LU,291.93,15
2026-01-20T15:30:00Z,DK1,291.93,15
2026-01-20T15:30:00Z,DK2,291.93,15
2026-01-20T15:30:00Z,EE,290.00,15
2026-01-20T15:30:00Z,ES,89.60,15
2026-01-20T15:30:00Z,FI,285.56,15
2026-01-20T15:30:00Z,FR,89.60,15
2026-01-20T15:30:00Z,GR,152.21,15
2026-01-20T15:30:00Z,HR,274.31,15
2026-01-20T15:30:00Z,HU,299.17,15
2026-01-20T15:30:00Z,IT-CNorth,207.76,15
2026-01-20T15:30:00Z,IT-CSouth,181.13,15
2026-01-20T15:30:00Z,IT-North,207.76,15
2026-01-20T15:30:00Z,IT-Sardinia,181.13,15
2026-01-20T15:30:00Z,IT-Sicily,148.01,15
2026-01-20T15:30:00Z,IT-South,148.01,15
2026-01-20T15:30:00Z,LT,290.00,15
2026-01-20T15:30:00Z,LV,290.00,15
2026-01-20T15:30:00Z,NL,189.37,15
2026-01-20T15:30:00Z,NO1,207.19,15
2026-01-20T15:30:00Z,NO2,195.83,15
2026-01-20T15:30:00Z,NO3,242.85,15
2026-01-20T15:30:00Z,NO4,270.67,15
2026-01-20T15:30:00Z,NO5,201.99,15
2026-01-20T15:30:00Z,PL,273.40,15
2026-01-20T15:30:00Z,PT,89.60,15
2026-01-20T15:30:00Z,RO,297.15,15
2026-01-20T15:30:00Z,RS,160.05,15
2026-01-20T15:30:00Z,SE1,281.95,15
2026-01-20T15:30:00Z,SE2,283.24,15
2026-01-20T15:30:00Z,SE3,289.09,15
2026-01-20T15:30:00Z,SE4,291.33,15
2026-01-20T15:30:00Z,SI,265.30,15
2026-01-20T15:30:00Z,SK,285.23,15
2026-01-20T15:45:00Z,AT,322.74,15
2026-01-20T15:45:00Z,BE,176.07,15
2026-01-20T15:45:00Z,CZ,340.69,15
2026-01-20T15:45:00Z,DE-LU,358.85,15
2026-01-20T15:45:00Z,DK1,358.85,15
2026-01-20T15:45:00Z,DK2,352.76,15
2026-01-20T15:45:00Z,EE,350.83,15
2026-01-20T15:45:00Z,ES,103.14,15
2026-01-20T15:45:00Z,FI,346.39,15
2026-01-20T15:45:00Z,FR,103.14,15
2026-01-20T15:45:00Z,GR,166.87,15
2026-01-20T15:45:00Z,HR,340.65,15
2026-01-20T15:45:00Z,HU,376.03,15
2026-01-20T15:45:00Z,IT-CNorth,216.83,15
2026-01-20T15:45:00Z,IT-CSouth,198.85,15
2026-01-20T15:45:00Z,IT-North,216.83,15
2026-01-20T15:45:00Z,IT-Sardinia,198.85,15
2026-01-20T15:45:00Z,IT-Sicily,148.01,15
2026-01-20T15:45:00Z,IT-South,148.01,15
2026-01-20T15:45:00Z,LT,350.83,15
2026-01-20T15:45:00Z,LV,350.83,15
2026-01-20T15:45:00Z,NL,250.00,15
2026-01-20T15:45:00Z,NO1,265.57,15
2026-01-20T15:45:00Z,NO2,258.46,15
2026-01-20T15:45:00Z,NO3,303.81,15
2026-01-20T15:45:00Z,NO4,331.48,15
2026-01-20T15:45:00Z,NO5,264.47,15
2026-01-20T15:45:00Z,PL,281.97,15
2026-01-20T15:45:00Z,PT,103.14,15
2026-01-20T15:45:00Z,RO,373.32,15
2026-01-20T15:45:00Z,RS,160.05,15
2026-01-20T15:45:00Z,SE1,342.77,15
2026-01-20T15:45:00Z,SE2,344.07,15
2026-01-20T15:45:00Z,SE3,349.92,15
2026-01-20T15:45:00Z,SE4,352.16,15
2026-01-20T15:45:00Z,SI,327.74,15
2026-01-20T15:45:00Z,SK,353.90,15
2026-01-20T16:00:00Z,AT,221.88,15
2026-01-20T16:00:00Z,BE,153.45,15
2026-01-20T16:00:00Z,CH,240.00,60
2026-01-20T16:00:00Z,CZ,217.95,15
2026-01-20T16:00:00Z,DE-LU,242.97,15
2026-01-20T16:00:00Z,DK1,242.97,15
2026-01-20T16:00:00Z,DK2,249.05,15
2026-01-20T16:00:00Z,EE,270.67,15
2026-01-20T16:00:00Z,ES,96.58,15
2026-01-20T16:00:00Z,FI,248.47,15
2026-01-20T16:00:00Z,FR,96.58,15
2026-01-20T16:00:00Z,GR,143.60,15
2026-01-20T16:00:00Z,HR,279.57,15
2026-01-20T16:00:00Z,HU,368.45,15
2026-01-20T16:00:00Z,IT-CNorth,170.00,15
2026-01-20T16:00:00Z,IT-CSouth,163.38,15
2026-01-20T16:00:00Z,IT-North,170.00,15
2026-01-20T16:00:00Z,IT-Sardinia,163.38,15
2026-01-20T16:00:00Z,IT-Sicily,163.38,15
2026-01-20T16:00:00Z,IT-South,163.38,15
2026-01-20T16:00:00Z,LT,270.67,15
2026-01-20T16:00:00Z,LV,270.67,15
2026-01-20T16:00:00Z,NL,226.68,15
2026-01-20T16:00:00Z,NO1,248.82,15
2026-01-20T16:00:00Z,NO2,234.19,15
2026-01-20T16:00:00Z,NO3,243.97,15
2026-01-20T16:00:00Z,NO4,247.11,15
2026-01-20T16:00:00Z,NO5,235.26,15
2026-01-20T16:00:00Z,PL,224.15,15
2026-01-20T16:00:00Z,PT,96.58,15
2026-01-20T16:00:00Z,RO,364.18,15
2026-01-20T16:00:00Z,RS,180.10,15
2026-01-20T16:00:00Z,SE1,248.14,15
2026-01-20T16:00:00Z,SE2,248.26,15
2026-01-20T16:00:00Z,SE3,248.79,15
2026-01-20T16:00:00Z,SE4,249.00,15
2026-01-20T16:00:00Z,SI,246.05,15
2026-01-20T16:00:00Z,SK,282.71,15
2026-01-20T16:15:00Z,AT,244.96,15
2026-01-20T16:15:00Z,BE,169.72,15
2026-01-20T16:15:00Z,CZ,254.13,15
2026-01-20T16:15:00Z,DE-LU,266.24,15
2026-01-20T16:15:00Z,DK1,266.24,15
2026-01-20T16:15:00Z,DK2,266.24,15
2026-01-20T16:15:00Z,EE,271.29,15
2026-01-20T16:15:00Z,ES,108.10,15
2026-01-20T16:15:00Z,FI,264.73,15
2026-01-20T16:15:00Z,FR,108.10,15
2026-01-20T16:15:00Z,GR,152.21,15
2026-01-20T16:15:00Z,HR,261.79,15
2026-01-20T16:15:00Z,HU,294.59,15
2026-01-20T16:15:00Z,IT-CNorth,212.50,15
2026-01-20T16:15:00Z,IT-CSouth,200.00,15
2026-01-20T16:15:00Z,IT-North,212.50,15
2026-01-20T16:15:00Z,IT-Sardinia,200.00,15
2026-01-20T16:15:00Z,IT-Sicily,163.64,15
2026-01-20T16:15:00Z,IT-South,163.64,15
2026-01-20T16:15:00Z,LT,271.29,15
2026-01-20T16:15:00Z,LV,271.29,15
2026-01-20T16:15:00Z,NL,248.46,15
2026-01-20T16:15:00Z,NO1,249.74,15
2026-01-20T16:15:00Z,NO2,240.56,15
2026-01-20T16:15:00Z,NO3,254.32,15
2026-01-20T16:15:00Z,NO4,261.17,15
2026-01-20T16:15:00Z,NO5,242.26,15
2026-01-20T16:15:00Z,PL,227.12,15
2026-01-20T16:15:00Z,PT,108.10,15
2026-01-20T16:15:00Z,RO,292.39,15
2026-01-20T16:15:00Z,RS,180.10,15
2026-01-20T16:15:00Z,SE1,263.88,15
2026-01-20T16:15:00Z,SE2,264.18,15
2026-01-20T16:15:00Z,SE3,265.56,15
2026-01-20T16:15:00Z,SE4,266.09,15
2026-01-20T16:15:00Z,SI,249.85,15
2026-01-20T16:15:00Z,SK,270.51,15
2026-01-20T16:30:00Z,AT,239.45,15
2026-01-20T16:30:00Z,BE,168.61,15
2026-01-20T16:30:00Z,CZ,239.47,15
2026-01-20T16:30:00Z,DE-LU,260.70,15
2026-01-20T16:30:00Z,DK1,260.70,15
2026-01-20T16:30:00Z,DK2,260.70,15
2026-01-20T16:30:00Z,EE,281.67,15
2026-01-20T16:30:00Z,ES,110.01,15
2026-01-20T16:30:00Z,FI,259.26,15
2026-01-20T16:30:00Z,FR,110.01,15
2026-01-20T16:30:00Z,GR,158.63,15
2026-01-20T16:30:00Z,HR,285.03,15
2026-01-20T16:30:00Z,HU,357.34,15
2026-01-20T16:30:00Z,IT-CNorth,220.00,15
2026-01-20T16:30:00Z,IT-CSouth,220.00,15
2026-01-20T16:30:00Z,IT-North,220.00,15
2026-01-20T16:30:00Z,IT-Sardinia,220.00,15
2026-01-20T16:30:00Z,IT-Sicily,148.01,15
2026-01-20T16:30:00Z,IT-South,148.01,15
2026-01-20T16:30:00Z,LT,281.67,15
2026-01-20T16:30:00Z,LV,281.67,15
2026-01-20T16:30:00Z,NL,243.88,15
2026-01-20T16:30:00Z,NO1,245.10,15
2026-01-20T16:30:00Z,NO2,236.12,15
2026-01-20T16:30:00Z,NO3,249.33,15
2026-01-20T16:30:00Z,NO4,255.87,15
2026-01-20T16:30:00Z,NO5,237.75,15
2026-01-20T16:30:00Z,PL,212.07,15
2026-01-20T16:30:00Z,PT,110.01,15
2026-01-20T16:30:00Z,RO,353.68,15
2026-01-20T16:30:00Z,RS,180.10,15
2026-01-20T16:30:00Z,SE1,258.45,15
2026-01-20T16:30:00Z,SE2,258.74,15
2026-01-20T16:30:00Z,SE3,260.06,15
2026-01-20T16:30:00Z,SE4,260.57,15
2026-01-20T16:30:00Z,SI,257.89,15
2026-01-20T16:30:00Z,SK,289.88,15
2026-01-20T16:45:00Z,AT,213.42,15
2026-01-20T16:45:00Z,BE,163.01,15
2026-01-20T16:45:00Z,CZ,212.95,15
2026-01-20T16:45:00Z,DE-LU,228.61,15
2026-01-20T16:45:00Z,DK1,228.61,15
2026-01-20T16:45:00Z,DK2,228.61,15
2026-01-20T16:45:00Z,EE,244.45,15
2026-01-20T16:45:00Z,ES,121.27,15
2026-01-20T16:45:00Z,FI,227.54,15
2026-01-20T16:45:00Z,FR,121.27,15
2026-01-20T16:45:00Z,GR,168.60,15
2026-01-20T16:45:00Z,HR,247.54,15
2026-01-20T16:45:00Z,HU,301.34,15
2026-01-20T16:45:00Z,IT-CNorth,213.42,15
2026-01-20T16:45:00Z,IT-CSouth,200.00,15
2026-01-20T16:45:00Z,IT-North,213.42,15
2026-01-20T16:45:00Z,IT-Sardinia,200.00,15
2026-01-20T16:45:00Z,IT-Sicily,148.01,15
2026-01-20T16:45:00Z,IT-South,148.01,15
2026-01-20T16:45:00Z,LT,244.45,15
2026-01-20T16:45:00Z,LV,244.45,15
2026-01-20T16:45:00Z,NL,216.64,15
2026-01-20T16:45:00Z,NO1,217.56,15
2026-01-20T16:45:00Z,NO2,209.74,15
2026-01-20T16:45:00Z,NO3,220.07,15
2026-01-20T16:45:00Z,NO4,225.00,15
2026-01-20T16:45:00Z,NO5,211.00,15
2026-01-20T16:45:00Z,PL,189.35,15
2026-01-20T16:45:00Z,PT,121.27,15
2026-01-20T16:45:00Z,RO,298.64,15
2026-01-20T16:45:00Z,RS,180.10,15
2026-01-20T16:45:00Z,SE1,226.93,15
2026-01-20T16:45:00Z,SE2,227.15,15
2026-01-20T16:45:00Z,SE3,228.13,15
2026-01-20T16:45:00Z,SE4,228.51,15
2026-01-20T16:45:00Z,SI,227.33,15
2026-01-20T16:45:00Z,SK,250.80,15
2026-01-20T17:00:00Z,AT,207.39,15
2026-01-20T17:00:00Z,BE,157.32,15
2026-01-20T17:00:00Z,CH,200.00,60
2026-01-20T17:00:00Z,CZ,213.50,15
2026-01-20T17:00:00Z,DE-LU,221.52,15
2026-01-20T17:00:00Z,DK1,226.85,15
2026-01-20T17:00:00Z,DK2,227.04,15
2026-01-20T17:00:00Z,EE,226.81,15
2026-01-20T17:00:00Z,ES,116.56,15
2026-01-20T17:00:00Z,FI,226.30,15
2026-01-20T17:00:00Z,FR,116.56,15
2026-01-20T17:00:00Z,GR,155.64,15
2026-01-20T17:00:00Z,HR,218.52,15
2026-01-20T17:00:00Z,HU,240.29,15
2026-01-20T17:00:00Z,IT-CNorth,164.99,15
2026-01-20T17:00:00Z,IT-CSouth,164.99,15
2026-01-20T17:00:00Z,IT-North,164.99,15
2026-01-20T17:00:00Z,IT-Sardinia,164.99,15
2026-01-20T17:00:00Z,IT-Sicily,148.01,15
2026-01-20T17:00:00Z,IT-South,148.01,15
2026-01-20T17:00:00Z,LT,226.81,15
2026-01-20T17:00:00Z,LV,226.81,15
2026-01-20T17:00:00Z,NL,210.16,15
2026-01-20T17:00:00Z,NO1,223.81,15
2026-01-20T17:00:00Z,NO2,210.46,15
2026-01-20T17:00:00Z,NO3,220.78,15
2026-01-20T17:00:00Z,NO4,224.54,15
2026-01-20T17:00:00Z,NO5,211.62,15
2026-01-20T17:00:00Z,PL,185.78,15
2026-01-20T17:00:00Z,PT,116.56,15
2026-01-20T17:00:00Z,RO,238.88,15
2026-01-20T17:00:00Z,RS,180.03,15
2026-01-20T17:00:00Z,SE1,225.88,15
2026-01-20T17:00:00Z,SE2,226.02,15
2026-01-20T17:00:00Z,SE3,226.71,15
2026-01-20T17:00:00Z,SE4,226.97,15
2026-01-20T17:00:00Z,SI,210.61,15
2026-01-20T17:00:00Z,SK,224.49,15
2026-01-20T17:15:00Z,AT,184.92,15
2026-01-20T17:15:00Z,BE,151.72,15
2026-01-20T17:15:00Z,CZ,169.13,15
2026-01-20T17:15:00Z,DE-LU,194.52,15
2026-01-20T17:15:00Z,DK1,203.15,15
2026-01-20T17:15:00Z,DK2,203.45,15
2026-01-20T17:15:00Z,EE,240.22,15
2026-01-20T17:15:00Z,ES,125.00,15
2026-01-20T17:15:00Z,FI,202.41,15
2026-01-20T17:15:00Z,FR,125.00,15
2026-01-20T17:15:00Z,GR,154.13,15
2026-01-20T17:15:00Z,HR,259.42,15
2026-01-20T17:15:00Z,HU,341.66,15
2026-01-20T17:15:00Z,IT-CNorth,164.99,15
2026-01-20T17:15:00Z,IT-CSouth,164.99,15
2026-01-20T17:15:00Z,IT-North,164.99,15
2026-01-20T17:15:00Z,IT-Sardinia,164.99,15
2026-01-20T17:15:00Z,IT-Sicily,148.01,15
2026-01-20T17:15:00Z,IT-South,148.01,15
2026-01-20T17:15:00Z,LT,240.22,15
2026-01-20T17:15:00Z,LV,240.22,15
2026-01-20T17:15:00Z,NL,187.32,15
2026-01-20T17:15:00Z,NO1,197.53,15
2026-01-20T17:15:00Z,NO2,181.36,15
2026-01-20T17:15:00Z,NO3,194.80,15
2026-01-20T17:15:00Z,NO4,199.95,15
2026-01-20T17:15:00Z,NO5,182.89,15
2026-01-20T17:15:00Z,PL,175.73,15
2026-01-20T17:15:00Z,PT,125.00,15
2026-01-20T17:15:00Z,RO,399.99,15
2026-01-20T17:15:00Z,RS,180.03,15
2026-01-20T17:15:00Z,SE1,201.83,15
2026-01-20T17:15:00Z,SE2,202.03,15
2026-01-20T17:15:00Z,SE3,202.99,15
2026-01-20T17:15:00Z,SE4,203.35,15
2026-01-20T17:15:00Z,SI,217.48,15
2026-01-20T17:15:00Z,SK,240.42,15
2026-01-20T17:30:00Z,AT,173.14,15
2026-01-20T17:30:00Z,BE,146.75,15
2026-01-20T17:30:00Z,CZ,152.81,15
2026-01-20T17:30:00Z,DE-LU,181.95,15
2026-01-20T17:30:00Z,DK1,186.33,15
2026-01-20T17:30:00Z,DK2,186.48,15
2026-01-20T17:30:00Z,EE,218.74,15
2026-01-20T17:30:00Z,ES,126.84,15
2026-01-20T17:30:00Z,FI,185.88,15
2026-01-20T17:30:00Z,FR,126.84,15
2026-01-20T17:30:00Z,GR,153.44,15
2026-01-20T17:30:00Z,HR,258.84,15
2026-01-20T17:30:00Z,HU,361.11,15
2026-01-20T17:30:00Z,IT-CNorth,179.85,15
2026-01-20T17:30:00Z,IT-CSouth,179.85,15
2026-01-20T17:30:00Z,IT-North,179.85,15
2026-01-20T17:30:00Z,IT-Sardinia,179.85,15
2026-01-20T17:30:00Z,IT-Sicily,148.01,15
2026-01-20T17:30:00Z,IT-South,148.01,15
2026-01-20T17:30:00Z,LT,218.74,15
2026-01-20T17:30:00Z,LV,218.74,15
2026-01-20T17:30:00Z,NL,170.08,15
2026-01-20T17:30:00Z,NO1,183.84,15
2026-01-20T17:30:00Z,NO2,172.87,15
2026-01-20T17:30:00Z,NO3,181.35,15
2026-01-20T17:30:00Z,NO4,184.43,15
2026-01-20T17:30:00Z,NO5,173.82,15
2026-01-20T17:30:00Z,PL,169.17,15
2026-01-20T17:30:00Z,PT,126.84,15
2026-01-20T17:30:00Z,RO,405.87,15
2026-01-20T17:30:00Z,RS,180.03,15
2026-01-20T17:30:00Z,SE1,185.53,15
2026-01-20T17:30:00Z,SE2,185.65,15
2026-01-20T17:30:00Z,SE3,186.21,15
2026-01-20T17:30:00Z,SE4,186.43,15
2026-01-20T17:30:00Z,SI,211.40,15
2026-01-20T17:30:00Z,SK,241.06,15
2026-01-20T17:45:00Z,AT,167.94,15
2026-01-20T17:45:00Z,BE,144.89,15
2026-01-20T17:45:00Z,CZ,148.99,15
2026-01-20T17:45:00Z,DE-LU,177.71,15
2026-01-20T17:45:00Z,DK1,178.00,15
2026-01-20T17:45:00Z,DK2,182.23,15
2026-01-20T17:45:00Z,EE,218.45,15
2026-01-20T17:45:00Z,ES,132.00,15
2026-01-20T17:45:00Z,FI,180.56,15
2026-01-20T17:45:00Z,FR,132.00,15
2026-01-20T17:45:00Z,GR,152.30,15
2026-01-20T17:45:00Z,HR,247.00,15
2026-01-20T17:45:00Z,HU,359.49,15
2026-01-20T17:45:00Z,IT-CNorth,171.48,15
2026-01-20T17:45:00Z,IT-CSouth,171.48,15
2026-01-20T17:45:00Z,IT-North,171.48,15
2026-01-20T17:45:00Z,IT-Sardinia,171.48,15
2026-01-20T17:45:00Z,IT-Sicily,171.48,15
2026-01-20T17:45:00Z,IT-South,171.48,15
2026-01-20T17:45:00Z,LT,218.45,15
2026-01-20T17:45:00Z,LV,218.45,15
2026-01-20T17:45:00Z,NL,148.45,15
2026-01-20T17:45:00Z,NO1,164.52,15
2026-01-20T17:45:00Z,NO2,153.41,15
2026-01-20T17:45:00Z,NO3,169.01,15
2026-01-20T17:45:00Z,NO4,176.59,15
2026-01-20T17:45:00Z,NO5,155.32,15
2026-01-20T17:45:00Z,PL,165.11,15
2026-01-20T17:45:00Z,PT,132.00,15
2026-01-20T17:45:00Z,RO,355.29,15
2026-01-20T17:45:00Z,RS,180.03,15
2026-01-20T17:45:00Z,SE1,179.62,15
2026-01-20T17:45:00Z,SE2,179.95,15
2026-01-20T17:45:00Z,SE3,181.48,15
2026-01-20T17:45:00Z,SE4,182.07,15
2026-01-20T17:45:00Z,SI,204.03,15
2026-01-20T17:45:00Z,SK,241.96,15
2026-01-20T18:00:00Z,AT,195.13,15
2026-01-20T18:00:00Z,BE,155.15,15
2026-01-20T18:00:00Z,CH,174.95,60
2026-01-20T18:00:00Z,CZ,184.28,15
2026-01-20T18:00:00Z,DE-LU,208.81,15
2026-01-20T18:00:00Z,DK1,201.52,15
2026-01-20T18:00:00Z,DK2,205.79,15
2026-01-20T18:00:00Z,EE,315.20,15
2026-01-20T18:00:00Z,ES,126.60,15
2026-01-20T18:00:00Z,FI,204.84,15
2026-01-20T18:00:00Z,FR,126.60,15
2026-01-20T18:00:00Z,GR,168.88,15
2026-01-20T18:00:00Z,HR,257.43,15
2026-01-20T18:00:00Z,HU,349.22,15
2026-01-20T18:00:00Z,IT-CNorth,175.00,15
2026-01-20T18:00:00Z,IT-CSouth,175.00,15
2026-01-20T18:00:00Z,IT-North,175.00,15
2026-01-20T18:00:00Z,IT-Sardinia,175.00,15
2026-01-20T18:00:00Z,IT-Sicily,160.64,15
2026-01-20T18:00:00Z,IT-South,160.64,15
2026-01-20T18:00:00Z,LT,315.20,15
2026-01-20T18:00:00Z,LV,315.20,15
2026-01-20T18:00:00Z,NL,184.30,15
2026-01-20T18:00:00Z,NO1,194.35,15
2026-01-20T18:00:00Z,NO2,190.42,15
2026-01-20T18:00:00Z,NO3,198.37,15
2026-01-20T18:00:00Z,NO4,202.58,15
2026-01-20T18:00:00Z,NO5,191.42,15
2026-01-20T18:00:00Z,PL,183.68,15
2026-01-20T18:00:00Z,PT,126.60,15
2026-01-20T18:00:00Z,RO,345.25,15
2026-01-20T18:00:00Z,RS,150.07,15
2026-01-20T18:00:00Z,SE1,204.31,15
2026-01-20T18:00:00Z,SE2,204.49,15
2026-01-20T18:00:00Z,SE3,205.37,15
2026-01-20T18:00:00Z,SE4,205.70,15
2026-01-20T18:00:00Z,SI,222.75,15
2026-01-20T18:00:00Z,SK,251.04,15
2026-01-20T18:15:00Z,AT,176.95,15
2026-01-20T18:15:00Z,BE,140.31,15
2026-01-20T18:15:00Z,CZ,183.26,15
2026-01-20T18:15:00Z,DE-LU,186.84,15
2026-01-20T18:15:00Z,DK1,183.25,15
2026-01-20T18:15:00Z,DK2,186.84,15
2026-01-20T18:15:00Z,EE,290.00,15
2026-01-20T18:15:00Z,ES,127.57,15
2026-01-20T18:15:00Z,FI,183.57,15
2026-01-20T18:15:00Z,FR,127.57,15
2026-01-20T18:15:00Z,GR,156.36,15
2026-01-20T18:15:00Z,HR,176.95,15
2026-01-20T18:15:00Z,HU,180.05,15
2026-01-20T18:15:00Z,IT-CNorth,165.52,15
2026-01-20T18:15:00Z,IT-CSouth,165.52,15
2026-01-20T18:15:00Z,IT-North,165.52,15
2026-01-20T18:15:00Z,IT-Sardinia,165.52,15
2026-01-20T18:15:00Z,IT-Sicily,159.63,15
2026-01-20T18:15:00Z,IT-South,159.63,15
2026-01-20T18:15:00Z,LT,290.00,15
2026-01-20T18:15:00Z,LV,290.00,15
2026-01-20T18:15:00Z,NL,132.45,15
2026-01-20T18:15:00Z,NO1,143.98,15
2026-01-20T18:15:00Z,NO2,136.93,15
2026-01-20T18:15:00Z,NO3,161.63,15
2026-01-20T18:15:00Z,NO4,175.79,15
2026-01-20T18:15:00Z,NO5,140.12,15
2026-01-20T18:15:00Z,PL,182.02,15
2026-01-20T18:15:00Z,PT,127.57,15
2026-01-20T18:15:00Z,RO,179.58,15
2026-01-20T18:15:00Z,RS,150.07,15
2026-01-20T18:15:00Z,SE1,181.73,15
2026-01-20T18:15:00Z,SE2,182.37,15
2026-01-20T18:15:00Z,SE3,185.38,15
2026-01-20T18:15:00Z,SE4,186.53,15
2026-01-20T18:15:00Z,SI,176.01,15
2026-01-20T18:15:00Z,SK,181.43,15
2026-01-20T18:30:00Z,AT,160.50,15
2026-01-20T18:30:00Z,BE,133.78,15
2026-01-20T18:30:00Z,CZ,140.39,15
2026-01-20T18:30:00Z,DE-LU,171.50,15
2026-01-20T18:30:00Z,DK1,168.28,15
2026-01-20T18:30:00Z,DK2,171.49,15
2026-01-20T18:30:00Z,EE,252.01,15
2026-01-20T18:30:00Z,ES,128.00,15
2026-01-20T18:30:00Z,FI,168.17,15
2026-01-20T18:30:00Z,FR,128.00,15
2026-01-20T18:30:00Z,GR,152.21,15
2026-01-20T18:30:00Z,HR,244.75,15
2026-01-20T18:30:00Z,HU,364.50,15
2026-01-20T18:30:00Z,IT-CNorth,157.91,15
2026-01-20T18:30:00Z,IT-CSouth,157.91,15
2026-01-20T18:30:00Z,IT-North,157.91,15
2026-01-20T18:30:00Z,IT-Sardinia,157.91,15
2026-01-20T18:30:00Z,IT-Sicily,156.90,15
2026-01-20T18:30:00Z,IT-South,156.90,15
2026-01-20T18:30:00Z,LT,252.01,15
2026-01-20T18:30:00Z,LV,252.01,15
2026-01-20T18:30:00Z,NL,117.11,15
2026-01-20T18:30:00Z,NO1,127.64,15
2026-01-20T18:30:00Z,NO2,121.09,15
2026-01-20T18:30:00Z,NO3,145.92,15
2026-01-20T18:30:00Z,NO4,160.28,15
2026-01-20T18:30:00Z,NO5,124.30,15
2026-01-20T18:30:00Z,PL,182.01,15
2026-01-20T18:30:00Z,PT,128.00,15
2026-01-20T18:30:00Z,RO,359.72,15
2026-01-20T18:30:00Z,RS,150.07,15
2026-01-20T18:30:00Z,SE1,166.31,15
2026-01-20T18:30:00Z,SE2,166.96,15
2026-01-20T18:30:00Z,SE3,170.02,15
2026-01-20T18:30:00Z,SE4,171.18,15
2026-01-20T18:30:00Z,SI,199.21,15
2026-01-20T18:30:00Z,SK,231.84,15
2026-01-20T18:45:00Z,AT,152.48,15
2026-01-20T18:45:00Z,BE,128.15,15
2026-01-20T18:45:00Z,CZ,146.67,15
2026-01-20T18:45:00Z,DE-LU,160.52,15
2026-01-20T18:45:00Z,DK1,153.59,15
2026-01-20T18:45:00Z,DK2,160.52,15
2026-01-20T18:45:00Z,EE,250.02,15
2026-01-20T18:45:00Z,ES,126.84,15
2026-01-20T18:45:00Z,FI,156.96,15
2026-01-20T18:45:00Z,FR,126.84,15
2026-01-20T18:45:00Z,GR,152.20,15
2026-01-20T18:45:00Z,HR,185.98,15
2026-01-20T18:45:00Z,HU,234.26,15
2026-01-20T18:45:00Z,IT-CNorth,152.48,15
2026-01-20T18:45:00Z,IT-CSouth,152.48,15
2026-01-20T18:45:00Z,IT-North,152.48,15
2026-01-20T18:45:00Z,IT-Sardinia,152.48,15
2026-01-20T18:45:00Z,IT-Sicily,152.48,15
2026-01-20T18:45:00Z,IT-South,152.48,15
2026-01-20T18:45:00Z,LT,250.02,15
2026-01-20T18:45:00Z,LV,250.02,15
2026-01-20T18:45:00Z,NL,103.29,15
2026-01-20T18:45:00Z,NO1,113.07,15
2026-01-20T18:45:00Z,NO2,106.81,15
2026-01-20T18:45:00Z,NO3,133.14,15
2026-01-20T18:45:00Z,NO4,148.49,15
2026-01-20T18:45:00Z,NO5,110.23,15
2026-01-20T18:45:00Z,PL,168.26,15
2026-01-20T18:45:00Z,PT,126.84,15
2026-01-20T18:45:00Z,RO,232.25,15
2026-01-20T18:45:00Z,RS,150.07,15
2026-01-20T18:45:00Z,SE1,154.96,15
2026-01-20T18:45:00Z,SE2,155.66,15
2026-01-20T18:45:00Z,SE3,158.94,15
2026-01-20T18:45:00Z,SE4,160.19,15
2026-01-20T18:45:00Z,SI,167.68,15
2026-01-20T18:45:00Z,SK,182.30,15
2026-01-20T19:00:00Z,AT,176.90,15
2026-01-20T19:00:00Z,BE,148.48,15
2026-01-20T19:00:00Z,CH,150.00,60
2026-01-20T19:00:00Z,CZ,164.79,15
2026-01-20T19:00:00Z,DE-LU,182.37,15
2026-01-20T19:00:00Z,DK1,182.37,15
2026-01-20T19:00:00Z,DK2,182.37,15
2026-01-20T19:00:00Z,EE,252.01,15
2026-01-20T19:00:00Z,ES,128.00,15
2026-01-20T19:00:00Z,FI,181.45,15
2026-01-20T19:00:00Z,FR,128.00,15
2026-01-20T19:00:00Z,GR,154.29,15
2026-01-20T19:00:00Z,HR,227.07,15
2026-01-20T19:00:00Z,HU,301.78,15
2026-01-20T19:00:00Z,IT-CNorth,176.90,15
2026-01-20T19:00:00Z,IT-CSouth,176.90,15
2026-01-20T19:00:00Z,IT-North,176.90,15
2026-01-20T19:00:00Z,IT-Sardinia,176.90,15
2026-01-20T19:00:00Z,IT-Sicily,148.01,15
2026-01-20T19:00:00Z,IT-South,148.01,15
2026-01-20T19:00:00Z,LT,252.01,15
2026-01-20T19:00:00Z,LV,252.01,15
2026-01-20T19:00:00Z,NL,161.11,15
2026-01-20T19:00:00Z,NO1,172.72,15
2026-01-20T19:00:00Z,NO2,166.46,15
2026-01-20T19:00:00Z,NO3,175.11,15
2026-01-20T19:00:00Z,NO4,179.27,15
2026-01-20T19:00:00Z,NO5,167.52,15
2026-01-20T19:00:00Z,PL,172.15,15
2026-01-20T19:00:00Z,PT,128.00,15
2026-01-20T19:00:00Z,RO,298.53,15
2026-01-20T19:00:00Z,RS,146.00,15
2026-01-20T19:00:00Z,SE1,180.94,15
2026-01-20T19:00:00Z,SE2,181.12,15
2026-01-20T19:00:00Z,SE3,181.96,15
2026-01-20T19:00:00Z,SE4,182.28,15
2026-01-20T19:00:00Z,SI,198.97,15
2026-01-20T19:00:00Z,SK,219.45,15
2026-01-20T19:15:00Z,AT,155.74,15
2026-01-20T19:15:00Z,BE,123.03,15
2026-01-20T19:15:00Z,CZ,116.00,15
2026-01-20T19:15:00Z,DE-LU,158.99,15
2026-01-20T19:15:00Z,DK1,158.99,15
2026-01-20T19:15:00Z,DK2,158.99,15
2026-01-20T19:15:00Z,EE,232.85,15
2026-01-20T19:15:00Z,ES,126.84,15
2026-01-20T19:15:00Z,FI,156.95,15
2026-01-20T19:15:00Z,FR,103.20,15
2026-01-20T19:15:00Z,GR,152.20,15
2026-01-20T19:15:00Z,HR,288.08,15
2026-01-20T19:15:00Z,HU,479.62,15
2026-01-20T19:15:00Z,IT-CNorth,155.74,15
2026-01-20T19:15:00Z,IT-CSouth,155.74,15
2026-01-20T19:15:00Z,IT-North,155.74,15
2026-01-20T19:15:00Z,IT-Sardinia,155.74,15
2026-01-20T19:15:00Z,IT-Sicily,148.01,15
2026-01-20T19:15:00Z,IT-South,148.01,15
2026-01-20T19:15:00Z,LT,232.85,15
2026-01-20T19:15:00Z,LV,232.85,15
2026-01-20T19:15:00Z,NL,123.09,15
2026-01-20T19:15:00Z,NO1,132.99,15
2026-01-20T19:15:00Z,NO2,127.21,15
2026-01-20T19:15:00Z,NO3,143.19,15
2026-01-20T19:15:00Z,NO4,152.08,15
2026-01-20T19:15:00Z,NO5,129.26,15
2026-01-20T19:15:00Z,PL,165.14,15
2026-01-20T19:15:00Z,PT,126.84,15
2026-01-20T19:15:00Z,RO,471.80,15
2026-01-20T19:15:00Z,RS,146.00,15
2026-01-20T19:15:00Z,SE1,155.82,15
2026-01-20T19:15:00Z,SE2,156.20,15
2026-01-20T19:15:00Z,SE3,158.08,15
2026-01-20T19:15:00Z,SE4,158.80,15
2026-01-20T19:15:00Z,SI,215.65,15
2026-01-20T19:15:00Z,SK,262.02,15
2026-01-20T19:30:00Z,AT,148.01,15
2026-01-20T19:30:00Z,BE,123.56,15
2026-01-20T19:30:00Z,CZ,133.16,15
2026-01-20T19:30:00Z,DE-LU,144.99,15
2026-01-20T19:30:00Z,DK1,144.99,15
2026-01-20T19:30:00Z,DK2,144.99,15
2026-01-20T19:30:00Z,EE,170.89,15
2026-01-20T19:30:00Z,ES,126.84,15
2026-01-20T19:30:00Z,FI,143.04,15
2026-01-20T19:30:00Z,FR,112.76,15
2026-01-20T19:30:00Z,GR,141.25,15
2026-01-20T19:30:00Z,HR,189.32,15
2026-01-20T19:30:00Z,HU,252.04,15
2026-01-20T19:30:00Z,IT-CNorth,148.01,15
2026-01-20T19:30:00Z,IT-CSouth,148.01,15
2026-01-20T19:30:00Z,IT-North,148.01,15
2026-01-20T19:30:00Z,IT-Sardinia,148.01,15
2026-01-20T19:30:00Z,IT-Sicily,148.01,15
2026-01-20T19:30:00Z,IT-South,148.01,15
2026-01-20T19:30:00Z,LT,170.89,15
2026-01-20T19:30:00Z,LV,170.89,15
2026-01-20T19:30:00Z,NL,110.99,15
2026-01-20T19:30:00Z,NO1,120.00,15
2026-01-20T19:30:00Z,NO2,114.71,15
2026-01-20T19:30:00Z,NO3,129.89,15
2026-01-20T19:30:00Z,NO4,138.38,15
2026-01-20T19:30:00Z,NO5,116.66,15
2026-01-20T19:30:00Z,PL,156.98,15
2026-01-20T19:30:00Z,PT,126.84,15
2026-01-20T19:30:00Z,RO,249.25,15
2026-01-20T19:30:00Z,RS,146.00,15
2026-01-20T19:30:00Z,SE1,141.95,15
2026-01-20T19:30:00Z,SE2,142.32,15
2026-01-20T19:30:00Z,SE3,144.12,15
2026-01-20T19:30:00Z,SE4,144.81,15
2026-01-20T19:30:00Z,SI,165.83,15
2026-01-20T19:30:00Z,SK,181.32,15
2026-01-20T19:45:00Z,AT,145.02,15
2026-01-20T19:45:00Z,BE,111.44,15
2026-01-20T19:45:00Z,CZ,137.35,15
2026-01-20T19:45:00Z,DE-LU,134.05,15
2026-01-20T19:45:00Z,DK1,134.05,15
2026-01-20T19:45:00Z,DK2,134.05,15
2026-01-20T19:45:00Z,EE,143.29,15
2026-01-20T19:45:00Z,ES,126.36,15
2026-01-20T19:45:00Z,FI,132.40,15
2026-01-20T19:45:00Z,FR,99.65,15
2026-01-20T19:45:00Z,GR,141.00,15
2026-01-20T19:45:00Z,HR,148.28,15
2026-01-20T19:45:00Z,HU,160.20,15
2026-01-20T19:45:00Z,IT-CNorth,144.71,15
2026-01-20T19:45:00Z,IT-CSouth,144.71,15
2026-01-20T19:45:00Z,IT-North,144.71,15
2026-01-20T19:45:00Z,IT-Sardinia,144.71,15
2026-01-20T19:45:00Z,IT-Sicily,144.71,15
2026-01-20T19:45:00Z,IT-South,144.71,15
2026-01-20T19:45:00Z,LT,143.29,15
2026-01-20T19:45:00Z,LV,143.29,15
2026-01-20T19:45:00Z,NL,104.81,15
2026-01-20T19:45:00Z,NO1,113.17,15
2026-01-20T19:45:00Z,NO2,108.32,15
2026-01-20T19:45:00Z,NO3,121.29,15
2026-01-20T19:45:00Z,NO4,128.47,15
2026-01-20T19:45:00Z,NO5,109.98,15
2026-01-20T19:45:00Z,PL,138.07,15
2026-01-20T19:45:00Z,PT,126.36,15
2026-01-20T19:45:00Z,RO,159.17,15
2026-01-20T19:45:00Z,RS,146.00,15
2026-01-20T19:45:00Z,SE1,131.49,15
2026-01-20T19:45:00Z,SE2,131.80,15
2026-01-20T19:45:00Z,SE3,133.32,15
2026-01-20T19:45:00Z,SE4,133.89,15
2026-01-20T19:45:00Z,SI,144.32,15
2026-01-20T19:45:00Z,SK,147.64,15
2026-01-20T20:00:00Z,AT,175.00,15
2026-01-20T20:00:00Z,BE,133.79,15
2026-01-20T20:00:00Z,CH,140.00,60
2026-01-20T20:00:00Z,CZ,152.38,15
2026-01-20T20:00:00Z,DE-LU,163.73,15
2026-01-20T20:00:00Z,DK1,163.73,15
2026-01-20T20:00:00Z,DK2,163.73,15
2026-01-20T20:00:00Z,EE,198.31,15
2026-01-20T20:00:00Z,ES,129.76,15
2026-01-20T20:00:00Z,FI,158.84,15
2026-01-20T20:00:00Z,FR,121.58,15
2026-01-20T20:00:00Z,GR,152.20,15
2026-01-20T20:00:00Z,HR,223.33,15
2026-01-20T20:00:00Z,HU,300.05,15
2026-01-20T20:00:00Z,IT-CNorth,175.00,15
2026-01-20T20:00:00Z,IT-CSouth,175.00,15
2026-01-20T20:00:00Z,IT-North,175.00,15
2026-01-20T20:00:00Z,IT-Sardinia,175.00,15
2026-01-20T20:00:00Z,IT-Sicily,148.01,15
2026-01-20T20:00:00Z,IT-South,148.01,15
2026-01-20T20:00:00Z,LT,198.31,15
2026-01-20T20:00:00Z,LV,198.31,15
2026-01-20T20:00:00Z,NL,139.97,15
2026-01-20T20:00:00Z,NO1,146.23,15
2026-01-20T20:00:00Z,NO2,144.62,15
2026-01-20T20:00:00Z,NO3,152.11,15
2026-01-20T20:00:00Z,NO4,156.65,15
2026-01-20T20:00:00Z,NO5,145.60,15
2026-01-20T20:00:00Z,PL,138.95,15
2026-01-20T20:00:00Z,PT,129.76,15
2026-01-20T20:00:00Z,RO,297.28,15
2026-01-20T20:00:00Z,RS,130.00,15
2026-01-20T20:00:00Z,SE1,158.16,15
2026-01-20T20:00:00Z,SE2,158.49,15
2026-01-20T20:00:00Z,SE3,159.42,15
2026-01-20T20:00:00Z,SE4,159.80,15
2026-01-20T20:00:00Z,SI,195.29,15
2026-01-20T20:00:00Z,SK,212.81,15
2026-01-20T20:15:00Z,AT,152.48,15
2026-01-20T20:15:00Z,BE,119.40,15
2026-01-20T20:15:00Z,CZ,136.12,15
2026-01-20T20:15:00Z,DE-LU,152.44,15
2026-01-20T20:15:00Z,DK1,152.44,15
2026-01-20T20:15:00Z,DK2,152.44,15
2026-01-20T20:15:00Z,EE,182.52,15
2026-01-20T20:15:00Z,ES,124.12,15
2026-01-20T20:15:00Z,FI,149.99,15
2026-01-20T20:15:00Z,FR,107.91,15
2026-01-20T20:15:00Z,GR,141.01,15
2026-01-20T20:15:00Z,HR,203.10,15
2026-01-20T20:15:00Z,HU,279.60,15
2026-01-20T20:15:00Z,IT-CNorth,152.48,15
2026-01-20T20:15:00Z,IT-CSouth,152.48,15
2026-01-20T20:15:00Z,IT-North,152.48,15
2026-01-20T20:15:00Z,IT-Sardinia,152.48,15
2026-01-20T20:15:00Z,IT-Sicily,148.01,15
2026-01-20T20:15:00Z,IT-South,148.01,15
2026-01-20T20:15:00Z,LT,182.52,15
2026-01-20T20:15:00Z,LV,182.52,15
2026-01-20T20:15:00Z,NL,118.38,15
2026-01-20T20:15:00Z,NO1,127.42,15
2026-01-20T20:15:00Z,NO2,122.35,15
2026-01-20T20:15:00Z,NO3,137.25,15
2026-01-20T20:15:00Z,NO4,145.88,15
2026-01-20T20:15:00Z,NO5,124.27,15
2026-01-20T20:15:00Z,PL,131.84,15
2026-01-20T20:15:00Z,PT,124.12,15
2026-01-20T20:15:00Z,RO,277.06,15
2026-01-20T20:15:00Z,RS,130.00,15
2026-01-20T20:15:00Z,SE1,148.72,15
2026-01-20T20:15:00Z,SE2,149.33,15
2026-01-20T20:15:00Z,SE3,151.09,15
2026-01-20T20:15:00Z,SE4,151.79,15
2026-01-20T20:15:00Z,SI,174.86,15
2026-01-20T20:15:00Z,SK,193.90,15
2026-01-20T20:30:00Z,AT,147.36,15
2026-01-20T20:30:00Z,BE,105.91,15
2026-01-20T20:30:00Z,CZ,131.62,15
2026-01-20T20:30:00Z,DE-LU,132.43,15
2026-01-20T20:30:00Z,DK1,132.43,15
2026-01-20T20:30:00Z,DK2,132.43,15
2026-01-20T20:30:00Z,EE,134.42,15
2026-01-20T20:30:00Z,ES,119.00,15
2026-01-20T20:30:00Z,FI,130.90,15
2026-01-20T20:30:00Z,FR,98.94,15
2026-01-20T20:30:00Z,GR,137.70,15
2026-01-20T20:30:00Z,HR,149.91,15
2026-01-20T20:30:00Z,HU,156.45,15
2026-01-20T20:30:00Z,IT-CNorth,147.88,15
2026-01-20T20:30:00Z,IT-CSouth,147.88,15
2026-01-20T20:30:00Z,IT-North,147.88,15
2026-01-20T20:30:00Z,IT-Sardinia,147.88,15
2026-01-20T20:30:00Z,IT-Sicily,129.26,15
2026-01-20T20:30:00Z,IT-South,129.26,15
2026-01-20T20:30:00Z,LT,134.42,15
2026-01-20T20:30:00Z,LV,134.42,15
2026-01-20T20:30:00Z,NL,104.92,15
2026-01-20T20:30:00Z,NO1,113.20,15
2026-01-20T20:30:00Z,NO2,108.43,15
2026-01-20T20:30:00Z,NO3,120.56,15
2026-01-20T20:30:00Z,NO4,127.25,15
2026-01-20T20:30:00Z,NO5,109.98,15
2026-01-20T20:30:00Z,PL,134.42,15
2026-01-20T20:30:00Z,PT,119.00,15
2026-01-20T20:30:00Z,RO,154.75,15
2026-01-20T20:30:00Z,RS,130.00,15
2026-01-20T20:30:00Z,SE1,130.06,15
2026-01-20T20:30:00Z,SE2,130.34,15
2026-01-20T20:30:00Z,SE3,131.74,15
2026-01-20T20:30:00Z,SE4,132.29,15
2026-01-20T20:30:00Z,SI,147.88,15
2026-01-20T20:30:00Z,SK,165.46,15
2026-01-20T20:45:00Z,AT,140.54,15
2026-01-20T20:45:00Z,BE,89.97,15
2026-01-20T20:45:00Z,CZ,122.56,15
2026-01-20T20:45:00Z,DE-LU,110.96,15
2026-01-20T20:45:00Z,DK1,110.96,15
2026-01-20T20:45:00Z,DK2,110.96,15
2026-01-20T20:45:00Z,EE,122.08,15
2026-01-20T20:45:00Z,ES,110.42,15
2026-01-20T20:45:00Z,FI,110.74,15
2026-01-20T20:45:00Z,FR,83.99,15
2026-01-20T20:45:00Z,GR,123.63,15
2026-01-20T20:45:00Z,HR,134.30,15
2026-01-20T20:45:00Z,HU,136.73,15
2026-01-20T20:45:00Z,IT-CNorth,140.54,15
2026-01-20T20:45:00Z,IT-CSouth,140.54,15
2026-01-20T20:45:00Z,IT-North,140.54,15
2026-01-20T20:45:00Z,IT-Sardinia,140.54,15
2026-01-20T20:45:00Z,IT-Sicily,129.26,15
2026-01-20T20:45:00Z,IT-South,129.26,15
2026-01-20T20:45:00Z,LT,122.08,15
2026-01-20T20:45:00Z,LV,122.08,15
2026-01-20T20:45:00Z,NL,92.33,15
2026-01-20T20:45:00Z,NO1,109.91,15
2026-01-20T20:45:00Z,NO2,106.20,15
2026-01-20T20:45:00Z,NO3,109.14,15
2026-01-20T20:45:00Z,NO4,110.23,15
2026-01-20T20:45:00Z,NO5,106.53,15
2026-01-20T20:45:00Z,PL,122.08,15
2026-01-20T20:45:00Z,PT,110.42,15
2026-01-20T20:45:00Z,RO,135.48,15
2026-01-20T20:45:00Z,RS,130.00,15
2026-01-20T20:45:00Z,SE1,110.63,15
2026-01-20T20:45:00Z,SE2,110.67,15
2026-01-20T20:45:00Z,SE3,110.86,15
2026-01-20T20:45:00Z,SE4,110.94,15
2026-01-20T20:45:00Z,SI,134.35,15
2026-01-20T20:45:00Z,SK,137.09,15
2026-01-20T21:00:00Z,AT,144.70,15
2026-01-20T21:00:00Z,BE,117.43,15
2026-01-20T21:00:00Z,CH,130.00,60
2026-01-20T21:00:00Z,CZ,135.35,15
2026-01-20T21:00:00Z,DE-LU,131.99,15
2026-01-20T21:00:00Z,DK1,131.99,15
2026-01-20T21:00:00Z,DK2,131.99,15
2026-01-20T21:00:00Z,EE,135.66,15
2026-01-20T21:00:00Z,ES,110.31,15
2026-01-20T21:00:00Z,FI,131.84,15
2026-01-20T21:00:00Z,FR,110.31,15
2026-01-20T21:00:00Z,GR,112.85,15
2026-01-20T21:00:00Z,HR,147.62,15
2026-01-20T21:00:00Z,HU,157.78,15
2026-01-20T21:00:00Z,IT-CNorth,144.70,15
2026-01-20T21:00:00Z,IT-CSouth,144.70,15
2026-01-20T21:00:00Z,IT-North,144.70,15
2026-01-20T21:00:00Z,IT-Sardinia,144.70,15
2026-01-20T21:00:00Z,IT-Sicily,129.26,15
2026-01-20T21:00:00Z,IT-South,129.26,15
2026-01-20T21:00:00Z,LT,135.66,15
2026-01-20T21:00:00Z,LV,135.66,15
2026-01-20T21:00:00Z,NL,123.81,15
2026-01-20T21:00:00Z,NO1,132.29,15
2026-01-20T21:00:00Z,NO2,127.90,15
2026-01-20T21:00:00Z,NO3,130.66,15
2026-01-20T21:00:00Z,NO4,131.49,15
2026-01-20T21:00:00Z,NO5,128.20,15
2026-01-20T21:00:00Z,PL,135.66,15
2026-01-20T21:00:00Z,PT,110.31,15
2026-01-20T21:00:00Z,RO,153.86,15
2026-01-20T21:00:00Z,RS,114.00,15
2026-01-20T21:00:00Z,SE1,131.76,15
2026-01-20T21:00:00Z,SE2,131.79,15
2026-01-20T21:00:00Z,SE3,131.93,15
2026-01-20T21:00:00Z,SE4,131.98,15
2026-01-20T21:00:00Z,SI,144.70,15
2026-01-20T21:00:00Z,SK,133.53,15
2026-01-20T21:15:00Z,AT,144.43,15
2026-01-20T21:15:00Z,BE,112.17,15
2026-01-20T21:15:00Z,CZ,130.14,15
2026-01-20T21:15:00Z,DE-LU,121.64,15
2026-01-20T21:15:00Z,DK1,121.64,15
2026-01-20T21:15:00Z,DK2,121.64,15
2026-01-20T21:15:00Z,EE,129.69,15
2026-01-20T21:15:00Z,ES,108.94,15
2026-01-20T21:15:00Z,FI,121.51,15
2026-01-20T21:15:00Z,FR,108.94,15
2026-01-20T21:15:00Z,GR,124.19,15
2026-01-20T21:15:00Z,HR,143.36,15
2026-01-20T21:15:00Z,HU,150.47,15
2026-01-20T21:15:00Z,IT-CNorth,141.69,15
2026-01-20T21:15:00Z,IT-CSouth,141.69,15
2026-01-20T21:15:00Z,IT-North,141.69,15
2026-01-20T21:15:00Z,IT-Sardinia,141.69,15
2026-01-20T21:15:00Z,IT-Sicily,129.26,15
2026-01-20T21:15:00Z,IT-South,129.26,15
2026-01-20T21:15:00Z,LT,129.69,15
2026-01-20T21:15:00Z,LV,129.69,15
2026-01-20T21:15:00Z,NL,114.10,15
2026-01-20T21:15:00Z,NO1,121.92,15
2026-01-20T21:15:00Z,NO2,117.87,15
2026-01-20T21:15:00Z,NO3,120.42,15
2026-01-20T21:15:00Z,NO4,121.18,15
2026-01-20T21:15:00Z,NO5,118.14,15
2026-01-20T21:15:00Z,PL,129.69,15
2026-01-20T21:15:00Z,PT,108.94,15
2026-01-20T21:15:00Z,RO,147.34,15
2026-01-20T21:15:00Z,RS,114.00,15
2026-01-20T21:15:00Z,SE1,121.43,15
2026-01-20T21:15:00Z,SE2,121.46,15
2026-01-20T21:15:00Z,SE3,121.58,15
2026-01-20T21:15:00Z,SE4,121.63,15
2026-01-20T21:15:00Z,SI,141.69,15
2026-01-20T21:15:00Z,SK,131.70,15
2026-01-20T21:30:00Z,AT,139.97,15
2026-01-20T21:30:00Z,BE,107.31,15
2026-01-20T21:30:00Z,CZ,122.82,15
2026-01-20T21:30:00Z,DE-LU,110.09,15
2026-01-20T21:30:00Z,DK1,110.09,15
2026-01-20T21:30:00Z,DK2,110.09,15
2026-01-20T21:30:00Z,EE,121.59,15
2026-01-20T21:30:00Z,ES,108.94,15
2026-01-20T21:30:00Z,FI,109.96,15
2026-01-20T21:30:00Z,FR,108.94,15
2026-01-20T21:30:00Z,GR,121.46,15
2026-01-20T21:30:00Z,HR,134.48,15
2026-01-20T21:30:00Z,HU,136.74,15
2026-01-20T21:30:00Z,IT-CNorth,139.97,15
2026-01-20T21:30:00Z,IT-CSouth,139.97,15
2026-01-20T21:30:00Z,IT-North,139.97,15
2026-01-20T21:30:00Z,IT-Sardinia,139.97,15
2026-01-20T21:30:00Z,IT-Sicily,129.26,15
2026-01-20T21:30:00Z,IT-South,129.26,15
2026-01-20T21:30:00Z,LT,121.59,15
2026-01-20T21:30:00Z,LV,121.59,15
2026-01-20T21:30:00Z,NL,103.26,15
2026-01-20T21:30:00Z,NO1,110.34,15
2026-01-20T21:30:00Z,NO2,106.68,15
2026-01-20T21:30:00Z,NO3,108.98,15
2026-01-20T21:30:00Z,NO4,109.67,15
2026-01-20T21:30:00Z,NO5,106.92,15
2026-01-20T21:30:00Z,PL,121.59,15
2026-01-20T21:30:00Z,PT,108.94,15
2026-01-20T21:30:00Z,RO,135.12,15
2026-01-20T21:30:00Z,RS,114.00,15
2026-01-20T21:30:00Z,SE1,109.90,15
2026-01-20T21:30:00Z,SE2,109.92,15
2026-01-20T21:30:00Z,SE3,110.03,15
2026-01-20T21:30:00Z,SE4,110.08,15
2026-01-20T21:30:00Z,SI,134.56,15
2026-01-20T21:30:00Z,SK,127.96,15
2026-01-20T21:45:00Z,AT,130.01,15
2026-01-20T21:45:00Z,BE,103.27,15
2026-01-20T21:45:00Z,CZ,115.25,15
2026-01-20T21:45:00Z,DE-LU,105.05,15
2026-01-20T21:45:00Z,DK1,105.05,15
2026-01-20T21:45:00Z,DK2,105.05,15
2026-01-20T21:45:00Z,EE,111.00,15
2026-01-20T21:45:00Z,ES,105.12,15
2026-01-20T21:45:00Z,FI,102.52,15
2026-01-20T21:45:00Z,FR,105.12,15
2026-01-20T21:45:00Z,GR,128.10,15
2026-01-20T21:45:00Z,HR,126.61,15
2026-01-20T21:45:00Z,HU,130.00,15
2026-01-20T21:45:00Z,IT-CNorth,130.01,15
2026-01-20T21:45:00Z,IT-CSouth,130.01,15
2026-01-20T21:45:00Z,IT-North,130.01,15
2026-01-20T21:45:00Z,IT-Sardinia,130.01,15
2026-01-20T21:45:00Z,IT-Sicily,129.26,15
2026-01-20T21:45:00Z,IT-South,129.26,15
2026-01-20T21:45:00Z,LT,111.00,15
2026-01-20T21:45:00Z,LV,111.00,15
2026-01-20T21:45:00Z,NL,90.10,15
2026-01-20T21:45:00Z,NO1,102.55,15
2026-01-20T21:45:00Z,NO2,102.29,15
2026-01-20T21:45:00Z,NO3,102.45,15
2026-01-20T21:45:00Z,NO4,102.50,15
2026-01-20T21:45:00Z,NO5,102.30,15
2026-01-20T21:45:00Z,PL,114.41,15
2026-01-20T21:45:00Z,PT,105.12,15
2026-01-20T21:45:00Z,RO,128.10,15
2026-01-20T21:45:00Z,RS,114.00,15
2026-01-20T21:45:00Z,SE1,102.52,15
2026-01-20T21:45:00Z,SE2,102.52,15
2026-01-20T21:45:00Z,SE3,102.53,15
2026-01-20T21:45:00Z,SE4,102.53,15
2026-01-20T21:45:00Z,SI,126.18,15
2026-01-20T21:45:00Z,SK,118.82,15
2026-01-20T22:00:00Z,AT,131.69,15
2026-01-20T22:00:00Z,BE,108.38,15
2026-01-20T22:00:00Z,CH,124.29,60
2026-01-20T22:00:00Z,CZ,118.52,15
2026-01-20T22:00:00Z,DE-LU,116.14,15
2026-01-20T22:00:00Z,DK1,116.14,15
2026-01-20T22:00:00Z,DK2,116.14,15
2026-01-20T22:00:00Z,EE,112.65,15
2026-01-20T22:00:00Z,ES,107.00,15
2026-01-20T22:00:00Z,FI,111.91,15
2026-01-20T22:00:00Z,FR,107.00,15
2026-01-20T22:00:00Z,GR,129.68,15
2026-01-20T22:00:00Z,HR,135.67,15
2026-01-20T22:00:00Z,HU,148.67,15
2026-01-20T22:00:00Z,IT-CNorth,131.69,15
2026-01-20T22:00:00Z,IT-CSouth,131.69,15
2026-01-20T22:00:00Z,IT-North,131.69,15
2026-01-20T22:00:00Z,IT-Sardinia,131.69,15
2026-01-20T22:00:00Z,IT-Sicily,131.69,15
2026-01-20T22:00:00Z,IT-South,131.69,15
2026-01-20T22:00:00Z,LT,112.65,15
2026-01-20T22:00:00Z,LV,112.65,15
2026-01-20T22:00:00Z,NL,110.02,15
2026-01-20T22:00:00Z,NO1,97.92,15
2026-01-20T22:00:00Z,NO2,97.62,15
2026-01-20T22:00:00Z,NO3,104.84,15
2026-01-20T22:00:00Z,NO4,109.35,15
2026-01-20T22:00:00Z,NO5,98.58,15
2026-01-20T22:00:00Z,PL,119.28,15
2026-01-20T22:00:00Z,PT,107.00,15
2026-01-20T22:00:00Z,RO,143.53,15
2026-01-20T22:00:00Z,RS,55.48,15
2026-01-20T22:00:00Z,SE1,111.32,15
2026-01-20T22:00:00Z,SE2,111.52,15
2026-01-20T22:00:00Z,SE3,112.48,15
2026-01-20T22:00:00Z,SE4,112.87,15
2026-01-20T22:00:00Z,SI,131.69,15
2026-01-20T22:00:00Z,SK,115.50,15
2026-01-20T22:15:00Z,AT,129.24,15
2026-01-20T22:15:00Z,BE,100.49,15
2026-01-20T22:15:00Z,CZ,116.38,15
2026-01-20T22:15:00Z,DE-LU,109.65,15
2026-01-20T22:15:00Z,DK1,109.65,15
2026-01-20T22:15:00Z,DK2,109.65,15
2026-01-20T22:15:00Z,EE,110.99,15
2026-01-20T22:15:00Z,ES,100.67,15
2026-01-20T22:15:00Z,FI,106.04,15
2026-01-20T22:15:00Z,FR,100.67,15
2026-01-20T22:15:00Z,GR,123.62,15
2026-01-20T22:15:00Z,HR,124.01,15
2026-01-20T22:15:00Z,HU,126.70,15
2026-01-20T22:15:00Z,IT-CNorth,129.24,15
2026-01-20T22:15:00Z,IT-CSouth,129.24,15
2026-01-20T22:15:00Z,IT-North,129.24,15
2026-01-20T22:15:00Z,IT-Sardinia,129.24,15
2026-01-20T22:15:00Z,IT-Sicily,129.24,15
2026-01-20T22:15:00Z,IT-South,129.24,15
2026-01-20T22:15:00Z,LT,110.99,15
2026-01-20T22:15:00Z,LV,110.99,15
2026-01-20T22:15:00Z,NL,99.90,15
2026-01-20T22:15:00Z,NO1,96.92,15
2026-01-20T22:15:00Z,NO2,96.72,15
2026-01-20T22:15:00Z,NO3,101.43,15
2026-01-20T22:15:00Z,NO4,104.37,15
2026-01-20T22:15:00Z,NO5,97.35,15
2026-01-20T22:15:00Z,PL,116.07,15
2026-01-20T22:15:00Z,PT,100.67,15
2026-01-20T22:15:00Z,RO,125.28,15
2026-01-20T22:15:00Z,RS,55.48,15
2026-01-20T22:15:00Z,SE1,105.65,15
2026-01-20T22:15:00Z,SE2,105.78,15
2026-01-20T22:15:00Z,SE3,106.41,15
2026-01-20T22:15:00Z,SE4,106.67,15
2026-01-20T22:15:00Z,SI,123.61,15
2026-01-20T22:15:00Z,SK,119.03,15
2026-01-20T22:30:00Z,AT,127.00,15
2026-01-20T22:30:00Z,BE,94.56,15
2026-01-20T22:30:00Z,CZ,114.73,15
2026-01-20T22:30:00Z,DE-LU,107.42,15
2026-01-20T22:30:00Z,DK1,106.96,15
2026-01-20T22:30:00Z,DK2,107.42,15
2026-01-20T22:30:00Z,EE,103.93,15
2026-01-20T22:30:00Z,ES,95.10,15
2026-01-20T22:30:00Z,FI,103.54,15
2026-01-20T22:30:00Z,FR,95.10,15
2026-01-20T22:30:00Z,GR,106.04,15
2026-01-20T22:30:00Z,HR,119.63,15
2026-01-20T22:30:00Z,HU,120.02,15
2026-01-20T22:30:00Z,IT-CNorth,127.00,15
2026-01-20T22:30:00Z,IT-CSouth,127.00,15
2026-01-20T22:30:00Z,IT-North,127.00,15
2026-01-20T22:30:00Z,IT-Sardinia,127.00,15
2026-01-20T22:30:00Z,IT-Sicily,127.00,15
2026-01-20T22:30:00Z,IT-South,127.00,15
2026-01-20T22:30:00Z,LT,103.93,15
2026-01-20T22:30:00Z,LV,103.93,15
2026-01-20T22:30:00Z,NL,92.94,15
2026-01-20T22:30:00Z,NO1,96.18,15
2026-01-20T22:30:00Z,NO2,96.03,15
2026-01-20T22:30:00Z,NO3,99.82,15
2026-01-20T22:30:00Z,NO4,102.19,15
2026-01-20T22:30:00Z,NO5,96.54,15
2026-01-20T22:30:00Z,PL,114.24,15
2026-01-20T22:30:00Z,PT,95.10,15
2026-01-20T22:30:00Z,RO,119.47,15
2026-01-20T22:30:00Z,RS,55.48,15
2026-01-20T22:30:00Z,SE1,103.23,15
2026-01-20T22:30:00Z,SE2,103.33,15
2026-01-20T22:30:00Z,SE3,103.84,15
2026-01-20T22:30:00Z,SE4,104.04,15
2026-01-20T22:30:00Z,SI,120.03,15
2026-01-20T22:30:00Z,SK,118.59,15
2026-01-20T22:45:00Z,AT,120.33,15
2026-01-20T22:45:00Z,BE,88.77,15
2026-01-20T22:45:00Z,CZ,106.76,15
2026-01-20T22:45:00Z,DE-LU,98.14,15
2026-01-20T22:45:00Z,DK1,97.99,15
2026-01-20T22:45:00Z,DK2,98.14,15
2026-01-20T22:45:00Z,EE,95.51,15
2026-01-20T22:45:00Z,ES,86.19,15
2026-01-20T22:45:00Z,FI,95.49,15
2026-01-20T22:45:00Z,FR,86.19,15
2026-01-20T22:45:00Z,GR,98.29,15
2026-01-20T22:45:00Z,HR,112.25,15
2026-01-20T22:45:00Z,HU,112.58,15
2026-01-20T22:45:00Z,IT-CNorth,126.32,15
2026-01-20T22:45:00Z,IT-CSouth,126.32,15
2026-01-20T22:45:00Z,IT-North,126.32,15
2026-01-20T22:45:00Z,IT-Sardinia,126.32,15
2026-01-20T22:45:00Z,IT-Sicily,126.32,15
2026-01-20T22:45:00Z,IT-South,126.32,15
2026-01-20T22:45:00Z,LT,95.51,15
2026-01-20T22:45:00Z,LV,95.51,15
2026-01-20T22:45:00Z,NL,92.05,15
2026-01-20T22:45:00Z,NO1,95.11,15
2026-01-20T22:45:00Z,NO2,95.10,15
2026-01-20T22:45:00Z,NO3,95.29,15
2026-01-20T22:45:00Z,NO4,95.42,15
2026-01-20T22:45:00Z,NO5,95.12,15
2026-01-20T22:45:00Z,PL,106.09,15
2026-01-20T22:45:00Z,PT,86.19,15
2026-01-20T22:45:00Z,RO,112.00,15
2026-01-20T22:45:00Z,RS,55.48,15
2026-01-20T22:45:00Z,SE1,95.47,15
2026-01-20T22:45:00Z,SE2,95.48,15
2026-01-20T22:45:00Z,SE3,95.50,15
2026-01-20T22:45:00Z,SE4,95.51,15
2026-01-20T22:45:00Z,SI,112.72,15
2026-01-20T22:45:00Z,SK,110.98,15
2026-01-20T23:00:00Z,AT,125.44,15
2026-01-20T23:00:00Z,BE,98.55,15
2026-01-20T23:00:00Z,CH,128.22,60
2026-01-20T23:00:00Z,CZ,105.72,15
2026-01-20T23:00:00Z,DE-LU,99.93,15
2026-01-20T23:00:00Z,DK1,99.60,15
2026-01-20T23:00:00Z,DK2,99.93,15
2026-01-20T23:00:00Z,EE,107.23,15
2026-01-20T23:00:00Z,ES,95.00,15
2026-01-20T23:00:00Z,FI,107.20,15
2026-01-20T23:00:00Z,FR,95.00,15
2026-01-20T23:00:00Z,GR,115.21,15
2026-01-20T23:00:00Z,HR,116.46,15
2026-01-20T23:00:00Z,HU,115.77,15
2026-01-20T23:00:00Z,IT-CNorth,125.44,15
2026-01-20T23:00:00Z,IT-CSouth,125.44,15
2026-01-20T23:00:00Z,IT-North,125.44,15
2026-01-20T23:00:00Z,IT-Sardinia,125.44,15
2026-01-20T23:00:00Z,IT-Sicily,125.44,15
2026-01-20T23:00:00Z,IT-South,125.44,15
2026-01-20T23:00:00Z,LT,107.23,15
2026-01-20T23:00:00Z,LV,107.23,15
2026-01-20T23:00:00Z,NL,98.88,15
2026-01-20T23:00:00Z,NO1,96.81,15
2026-01-20T23:00:00Z,NO2,96.83,15
2026-01-20T23:00:00Z,NO3,95.55,15
2026-01-20T23:00:00Z,NO4,76.01,15
2026-01-20T23:00:00Z,NO5,96.76,15
2026-01-20T23:00:00Z,PL,122.37,15
2026-01-20T23:00:00Z,PT,95.00,15
2026-01-20T23:00:00Z,RO,115.21,15
2026-01-20T23:00:00Z,RS,120.03,15
2026-01-20T23:00:00Z,SE1,93.51,15
2026-01-20T23:00:00Z,SE2,97.26,15
2026-01-20T23:00:00Z,SE3,97.42,15
2026-01-20T23:00:00Z,SE4,97.21,15
2026-01-20T23:00:00Z,SI,117.38,15
2026-01-20T23:00:00Z,SK,113.26,15
2026-01-20T23:15:00Z,AT,125.19,15
2026-01-20T23:15:00Z,BE,98.06,15
2026-01-20T23:15:00Z,CZ,100.22,15
2026-01-20T23:15:00Z,DE-LU,99.75,15
2026-01-20T23:15:00Z,DK1,99.30,15
2026-01-20T23:15:00Z,DK2,99.75,15
2026-01-20T23:15:00Z,EE,96.64,15
2026-01-20T23:15:00Z,ES,92.63,15
2026-01-20T23:15:00Z,FI,96.63,15
2026-01-20T23:15:00Z,FR,92.63,15
2026-01-20T23:15:00Z,GR,125.10,15
2026-01-20T23:15:00Z,HR,123.11,15
2026-01-20T23:15:00Z,HU,126.43,15
2026-01-20T23:15:00Z,IT-CNorth,125.19,15
2026-01-20T23:15:00Z,IT-CSouth,125.19,15
2026-01-20T23:15:00Z,IT-North,125.19,15
2026-01-20T23:15:00Z,IT-Sardinia,125.19,15
2026-01-20T23:15:00Z,IT-Sicily,125.19,15
2026-01-20T23:15:00Z,IT-South,125.19,15
2026-01-20T23:15:00Z,LT,96.64,15
2026-01-20T23:15:00Z,LV,96.64,15
2026-01-20T23:15:00Z,NL,98.53,15
2026-01-20T23:15:00Z,NO1,96.74,15
2026-01-20T23:15:00Z,NO2,96.66,15
2026-01-20T23:15:00Z,NO3,97.71,15
2026-01-20T23:15:00Z,NO4,86.37,15
2026-01-20T23:15:00Z,NO5,96.90,15
2026-01-20T23:15:00Z,PL,121.61,15
2026-01-20T23:15:00Z,PT,92.63,15
2026-01-20T23:15:00Z,RO,125.10,15
2026-01-20T23:15:00Z,RS,120.03,15
2026-01-20T23:15:00Z,SE1,94.26,15
2026-01-20T23:15:00Z,SE2,96.32,15
2026-01-20T23:15:00Z,SE3,96.59,15
2026-01-20T23:15:00Z,SE4,96.70,15
2026-01-20T23:15:00Z,SI,122.35,15
2026-01-20T23:15:00Z,SK,132.04,15
2026-01-20T23:30:00Z,AT,122.00,15
2026-01-20T23:30:00Z,BE,97.89,15
2026-01-20T23:30:00Z,CZ,100.34,15
2026-01-20T23:30:00Z,DE-LU,102.13,15
2026-01-20T23:30:00Z,DK1,99.81,15
2026-01-20T23:30:00Z,DK2,102.13,15
2026-01-20T23:30:00Z,EE,96.65,15
2026-01-20T23:30:00Z,ES,84.80,15
2026-01-20T23:30:00Z,FI,95.90,15
2026-01-20T23:30:00Z,FR,84.80,15
2026-01-20T23:30:00Z,GR,126.90,15
2026-01-20T23:30:00Z,HR,124.04,15
2026-01-20T23:30:00Z,HU,128.23,15
2026-01-20T23:30:00Z,IT-CNorth,125.00,15
2026-01-20T23:30:00Z,IT-CSouth,125.00,15
2026-01-20T23:30:00Z,IT-North,125.00,15
2026-01-20T23:30:00Z,IT-Sardinia,125.00,15
2026-01-20T23:30:00Z,IT-Sicily,125.00,15
2026-01-20T23:30:00Z,IT-South,125.00,15
2026-01-20T23:30:00Z,LT,96.65,15
2026-01-20T23:30:00Z,LV,96.65,15
2026-01-20T23:30:00Z,NL,99.44,15
2026-01-20T23:30:00Z,NO1,96.94,15
2026-01-20T23:30:00Z,NO2,96.67,15
2026-01-20T23:30:00Z,NO3,100.42,15
2026-01-20T23:30:00Z,NO4,63.87,15
2026-01-20T23:30:00Z,NO5,97.49,15
2026-01-20T23:30:00Z,PL,114.88,15
2026-01-20T23:30:00Z,PT,84.80,15
2026-01-20T23:30:00Z,RO,126.90,15
2026-01-20T23:30:00Z,RS,120.03,15
2026-01-20T23:30:00Z,SE1,88.94,15
2026-01-20T23:30:00Z,SE2,95.57,15
2026-01-20T23:30:00Z,SE3,96.49,15
2026-01-20T23:30:00Z,SE4,96.87,15
2026-01-20T23:30:00Z,SI,122.69,15
2026-01-20T23:30:00Z,SK,136.38,15
2026-01-20T23:45:00Z,AT,115.70,15
2026-01-20T23:45:00Z,BE,97.39,15
2026-01-20T23:45:00Z,CZ,98.89,15
2026-01-20T23:45:00Z,DE-LU,104.15,15
2026-01-20T23:45:00Z,DK1,100.11,15
2026-01-20T23:45:00Z,DK2,104.15,15
2026-01-20T23:45:00Z,EE,96.19,15
2026-01-20T23:45:00Z,ES,76.61,15
2026-01-20T23:45:00Z,FI,94.06,15
2026-01-20T23:45:00Z,FR,76.61,15
2026-01-20T23:45:00Z,GR,130.33,15
2026-01-20T23:45:00Z,HR,124.77,15
2026-01-20T23:45:00Z,HU,132.51,15
2026-01-20T23:45:00Z,IT-CNorth,121.91,15
2026-01-20T23:45:00Z,IT-CSouth,121.91,15
2026-01-20T23:45:00Z,IT-North,121.91,15
2026-01-20T23:45:00Z,IT-Sardinia,121.91,15
2026-01-20T23:45:00Z,IT-Sicily,121.91,15
2026-01-20T23:45:00Z,IT-South,121.91,15
2026-01-20T23:45:00Z,LT,96.19,15
2026-01-20T23:45:00Z,LV,96.19,15
2026-01-20T23:45:00Z,NL,100.02,15
2026-01-20T23:45:00Z,NO1,97.39,15
2026-01-20T23:45:00Z,NO2,96.88,15
2026-01-20T23:45:00Z,NO3,105.04,15
2026-01-20T23:45:00Z,NO4,59.61,15
2026-01-20T23:45:00Z,NO5,98.42,15
2026-01-20T23:45:00Z,PL,114.28,15
2026-01-20T23:45:00Z,PT,76.61,15
2026-01-20T23:45:00Z,RO,130.33,15
2026-01-20T23:45:00Z,RS,120.03,15
2026-01-20T23:45:00Z,SE1,86.20,15
2026-01-20T23:45:00Z,SE2,94.26,15
2026-01-20T23:45:00Z,SE3,95.76,15
2026-01-20T23:45:00Z,SE4,96.67,15
2026-01-20T23:45:00Z,SI,121.91,15
2026-01-20T23:45:00Z,SK,136.73,15
