timestamp_utc,zone,price_eur_mwh,resolution_min
2026-09-24T00:00:00Z,AT,194.58,15
2026-09-24T00:00:00Z,BE,171.05,15
2026-09-24T00:00:00Z,CH,187.35,60
2026-09-24T00:00:00Z,CZ,83.79,15
2026-09-24T00:00:00Z,DE-LU,117.38,15
2026-09-24T00:00:00Z,DK1,108.21,15
2026-09-24T00:00:00Z,DK2,111.08,15
2026-09-24T00:00:00Z,EE,116.20,15
2026-09-24T00:00:00Z,ES,195.18,15
2026-09-24T00:00:00Z,FI,110.90,15
2026-09-24T00:00:00Z,FR,156.42,15
2026-09-24T00:00:00Z,GR,205.38,15
2026-09-24T00:00:00Z,HR,188.20,15
2026-09-24T00:00:00Z,HU,218.10,15
2026-09-24T00:00:00Z,LT,116.20,15
2026-09-24T00:00:00Z,LV,116.20,15
2026-09-24T00:00:00Z,NL,121.65,15
2026-09-24T00:00:00Z,NO1,111.23,15
2026-09-24T00:00:00Z,NO2,111.49,15
2026-09-24T00:00:00Z,NO3,110.37,15
2026-09-24T00:00:00Z,NO4,41.60,15
2026-09-24T00:00:00Z,NO5,111.74,15
2026-09-24T00:00:00Z,PL,114.45,15
2026-09-24T00:00:00Z,PT,195.18,15
2026-09-24T00:00:00Z,RO,208.94,15
2026-09-24T00:00:00Z,RS,112.91,15
2026-09-24T00:00:00Z,SE1,96.97,15
2026-09-24T00:00:00Z,SE2,110.97,15
2026-09-24T00:00:00Z,SE3,111.05,15
2026-09-24T00:00:00Z,SE4,111.08,15
2026-09-24T00:00:00Z,SK,129.68,15
2026-09-24T00:15:00Z,AT,186.97,15
2026-09-24T00:15:00Z,BE,158.35,15
2026-09-24T00:15:00Z,CZ,83.64,15
2026-09-24T00:15:00Z,DE-LU,114.96,15
2026-09-24T00:15:00Z,DK1,106.64,15
2026-09-24T00:15:00Z,DK2,108.60,15
2026-09-24T00:15:00Z,EE,114.76,15
2026-09-24T00:15:00Z,ES,195.18,15
2026-09-24T00:15:00Z,FI,108.21,15
2026-09-24T00:15:00Z,FR,147.84,15
2026-09-24T00:15:00Z,GR,219.58,15
2026-09-24T00:15:00Z,HR,192.03,15
2026-09-24T00:15:00Z,HU,237.61,15
2026-09-24T00:15:00Z,LT,114.76,15
2026-09-24T00:15:00Z,LV,114.76,15
2026-09-24T00:15:00Z,NL,126.16,15
2026-09-24T00:15:00Z,NO1,109.10,15
2026-09-24T00:15:00Z,NO2,110.00,15
2026-09-24T00:15:00Z,NO3,106.11,15
2026-09-24T00:15:00Z,NO4,41.62,15
2026-09-24T00:15:00Z,NO5,110.86,15
2026-09-24T00:15:00Z,PL,111.78,15
2026-09-24T00:15:00Z,RO,224.68,15
2026-09-24T00:15:00Z,SE1,94.78,15
2026-09-24T00:15:00Z,SE2,108.22,15
2026-09-24T00:15:00Z,SE3,108.48,15
2026-09-24T00:15:00Z,SE4,108.58,15
2026-09-24T00:15:00Z,SK,141.59,15
2026-09-24T00:30:00Z,AT,199.52,15
2026-09-24T00:30:00Z,BE,148.35,15
2026-09-24T00:30:00Z,CZ,82.51,15
2026-09-24T00:30:00Z,DE-LU,114.36,15
2026-09-24T00:30:00Z,DK1,106.20,15
2026-09-24T00:30:00Z,DK2,108.14,15
2026-09-24T00:30:00Z,EE,117.20,15
2026-09-24T00:30:00Z,ES,195.00,15
2026-09-24T00:30:00Z,FI,107.76,15
2026-09-24T00:30:00Z,FR,142.51,15
2026-09-24T00:30:00Z,GR,218.52,15
2026-09-24T00:30:00Z,HR,199.51,15
2026-09-24T00:30:00Z,HU,232.53,15
2026-09-24T00:30:00Z,IT-CNorth,194.87,15
2026-09-24T00:30:00Z,IT-CSouth,194.87,15
2026-09-24T00:30:00Z,IT-North,194.87,15
2026-09-24T00:30:00Z,IT-Sardinia,194.87,15
2026-09-24T00:30:00Z,IT-Sicily,206.50,15
2026-09-24T00:30:00Z,IT-South,194.87,15
2026-09-24T00:30:00Z,LT,117.20,15
2026-09-24T00:30:00Z,LV,117.20,15
2026-09-24T00:30:00Z,NL,134.86,15
2026-09-24T00:30:00Z,NO1,108.65,15
2026-09-24T00:30:00Z,NO2,109.55,15
2026-09-24T00:30:00Z,NO3,105.67,15
2026-09-24T00:30:00Z,NO4,43.97,15
2026-09-24T00:30:00Z,NO5,110.40,15
2026-09-24T00:30:00Z,PL,112.57,15
2026-09-24T00:30:00Z,PT,195.00,15
2026-09-24T00:30:00Z,RO,222.06,15
2026-09-24T00:30:00Z,SE1,94.89,15
2026-09-24T00:30:00Z,SE2,107.77,15
2026-09-24T00:30:00Z,SE3,108.02,15
2026-09-24T00:30:00Z,SE4,108.12,15
2026-09-24T00:30:00Z,SI,194.87,15
2026-09-24T00:30:00Z,SK,164.75,15
2026-09-24T00:45:00Z,AT,184.56,15
2026-09-24T00:45:00Z,BE,138.89,15
2026-09-24T00:45:00Z,CZ,84.70,15
2026-09-24T00:45:00Z,DE-LU,111.35,15
2026-09-24T00:45:00Z,DK1,103.68,15
2026-09-24T00:45:00Z,DK2,105.68,15
2026-09-24T00:45:00Z,EE,114.13,15
2026-09-24T00:45:00Z,ES,193.76,15
2026-09-24T00:45:00Z,FI,105.61,15
2026-09-24T00:45:00Z,FR,134.99,15
2026-09-24T00:45:00Z,GR,219.20,15
2026-09-24T00:45:00Z,HR,191.98,15
2026-09-24T00:45:00Z,HU,236.99,15
2026-09-24T00:45:00Z,IT-CNorth,184.56,15
2026-09-24T00:45:00Z,IT-CSouth,184.56,15
2026-09-24T00:45:00Z,IT-North,184.56,15
2026-09-24T00:45:00Z,IT-Sardinia,184.56,15
2026-09-24T00:45:00Z,IT-Sicily,201.34,15
2026-09-24T00:45:00Z,IT-South,184.56,15
2026-09-24T00:45:00Z,LT,114.13,15
2026-09-24T00:45:00Z,LV,114.13,15
2026-09-24T00:45:00Z,NL,138.89,15
2026-09-24T00:45:00Z,NO1,105.68,15
2026-09-24T00:45:00Z,NO2,105.68,15
2026-09-24T00:45:00Z,NO3,105.69,15
2026-09-24T00:45:00Z,NO4,50.43,15
2026-09-24T00:45:00Z,NO5,105.68,15
2026-09-24T00:45:00Z,PL,109.93,15
2026-09-24T00:45:00Z,PT,193.76,15
2026-09-24T00:45:00Z,RO,224.04,15
2026-09-24T00:45:00Z,SE1,94.53,15
2026-09-24T00:45:00Z,SE2,105.68,15
2026-09-24T00:45:00Z,SE3,105.68,15
2026-09-24T00:45:00Z,SE4,105.68,15
2026-09-24T00:45:00Z,SI,184.56,15
2026-09-24T00:45:00Z,SK,156.69,15
2026-09-24T01:00:00Z,AT,197.00,15
2026-09-24T01:00:00Z,BE,149.01,15
2026-09-24T01:00:00Z,CH,184.76,60
2026-09-24T01:00:00Z,CZ,96.62,15
2026-09-24T01:00:00Z,DE-LU,109.27,15
2026-09-24T01:00:00Z,DK1,97.38,15
2026-09-24T01:00:00Z,DK2,100.80,15
2026-09-24T01:00:00Z,EE,123.16,15
2026-09-24T01:00:00Z,ES,194.50,15
2026-09-24T01:00:00Z,FI,100.73,15
2026-09-24T01:00:00Z,FR,141.93,15
2026-09-24T01:00:00Z,GR,207.74,15
2026-09-24T01:00:00Z,HR,199.79,15
2026-09-24T01:00:00Z,HU,215.57,15
2026-09-24T01:00:00Z,IT-CNorth,197.00,15
2026-09-24T01:00:00Z,IT-CSouth,197.00,15
2026-09-24T01:00:00Z,IT-North,197.00,15
2026-09-24T01:00:00Z,IT-Sardinia,197.00,15
2026-09-24T01:00:00Z,IT-Sicily,215.00,15
2026-09-24T01:00:00Z,IT-South,197.00,15
2026-09-24T01:00:00Z,LT,123.16,15
2026-09-24T01:00:00Z,LV,123.16,15
2026-09-24T01:00:00Z,NL,151.13,15
2026-09-24T01:00:00Z,NO1,100.80,15
2026-09-24T01:00:00Z,NO2,100.80,15
2026-09-24T01:00:00Z,NO3,100.80,15
2026-09-24T01:00:00Z,NO4,50.49,15
2026-09-24T01:00:00Z,NO5,100.80,15
2026-09-24T01:00:00Z,PL,115.76,15
2026-09-24T01:00:00Z,PT,194.50,15
2026-09-24T01:00:00Z,RO,208.93,15
2026-09-24T01:00:00Z,RS,111.90,15
2026-09-24T01:00:00Z,SE1,90.78,15
2026-09-24T01:00:00Z,SE2,100.79,15
2026-09-24T01:00:00Z,SE3,100.80,15
2026-09-24T01:00:00Z,SE4,100.80,15
2026-09-24T01:00:00Z,SI,197.00,15
2026-09-24T01:00:00Z,SK,209.95,15
2026-09-24T01:15:00Z,AT,191.81,15
2026-09-24T01:15:00Z,BE,139.48,15
2026-09-24T01:15:00Z,CZ,99.66,15
2026-09-24T01:15:00Z,DE-LU,107.97,15
2026-09-24T01:15:00Z,DK1,97.06,15
2026-09-24T01:15:00Z,DK2,101.05,15
2026-09-24T01:15:00Z,EE,114.11,15
2026-09-24T01:15:00Z,ES,194.16,15
2026-09-24T01:15:00Z,FI,100.47,15
2026-09-24T01:15:00Z,FR,135.29,15
2026-09-24T01:15:00Z,GR,203.24,15
2026-09-24T01:15:00Z,HR,194.80,15
2026-09-24T01:15:00Z,HU,211.06,15
2026-09-24T01:15:00Z,IT-CNorth,191.81,15
2026-09-24T01:15:00Z,IT-CSouth,191.81,15
2026-09-24T01:15:00Z,IT-North,191.81,15
2026-09-24T01:15:00Z,IT-Sardinia,191.81,15
2026-09-24T01:15:00Z,IT-Sicily,196.00,15
2026-09-24T01:15:00Z,IT-South,191.81,15
2026-09-24T01:15:00Z,LT,114.11,15
2026-09-24T01:15:00Z,LV,114.11,15
2026-09-24T01:15:00Z,NL,153.06,15
2026-09-24T01:15:00Z,NO1,100.54,15
2026-09-24T01:15:00Z,NO2,100.54,15
2026-09-24T01:15:00Z,NO3,100.54,15
2026-09-24T01:15:00Z,NO4,50.61,15
2026-09-24T01:15:00Z,NO5,100.54,15
2026-09-24T01:15:00Z,PL,115.73,15
2026-09-24T01:15:00Z,PT,194.16,15
2026-09-24T01:15:00Z,RO,204.48,15
2026-09-24T01:15:00Z,SE1,90.59,15
2026-09-24T01:15:00Z,SE2,100.53,15
2026-09-24T01:15:00Z,SE3,100.53,15
2026-09-24T01:15:00Z,SE4,100.54,15
2026-09-24T01:15:00Z,SI,191.81,15
2026-09-24T01:15:00Z,SK,207.55,15
2026-09-24T01:30:00Z,AT,186.99,15
2026-09-24T01:30:00Z,BE,151.52,15
2026-09-24T01:30:00Z,CZ,102.02,15
2026-09-24T01:30:00Z,DE-LU,106.50,15
2026-09-24T01:30:00Z,DK1,93.39,15
2026-09-24T01:30:00Z,DK2,98.96,15
2026-09-24T01:30:00Z,EE,117.86,15
2026-09-24T01:30:00Z,ES,194.00,15
2026-09-24T01:30:00Z,FI,98.90,15
2026-09-24T01:30:00Z,FR,141.99,15
2026-09-24T01:30:00Z,GR,197.03,15
2026-09-24T01:30:00Z,HR,189.66,15
2026-09-24T01:30:00Z,HU,204.08,15
2026-09-24T01:30:00Z,IT-CNorth,186.99,15
2026-09-24T01:30:00Z,IT-CSouth,186.99,15
2026-09-24T01:30:00Z,IT-North,186.99,15
2026-09-24T01:30:00Z,IT-Sardinia,186.99,15
2026-09-24T01:30:00Z,IT-South,186.99,15
2026-09-24T01:30:00Z,LT,117.86,15
2026-09-24T01:30:00Z,LV,117.86,15
2026-09-24T01:30:00Z,NL,155.12,15
2026-09-24T01:30:00Z,NO1,98.97,15
2026-09-24T01:30:00Z,NO2,98.97,15
2026-09-24T01:30:00Z,NO3,98.97,15
2026-09-24T01:30:00Z,NO4,50.91,15
2026-09-24T01:30:00Z,NO5,98.97,15
2026-09-24T01:30:00Z,PL,115.69,15
2026-09-24T01:30:00Z,PT,194.00,15
2026-09-24T01:30:00Z,RO,198.13,15
2026-09-24T01:30:00Z,SE1,89.39,15
2026-09-24T01:30:00Z,SE2,98.96,15
2026-09-24T01:30:00Z,SE3,98.96,15
2026-09-24T01:30:00Z,SE4,98.96,15
2026-09-24T01:30:00Z,SI,186.99,15
2026-09-24T01:30:00Z,SK,200.65,15
2026-09-24T01:45:00Z,AT,185.88,15
2026-09-24T01:45:00Z,BE,143.47,15
2026-09-24T01:45:00Z,CZ,104.41,15
2026-09-24T01:45:00Z,DE-LU,104.39,15
2026-09-24T01:45:00Z,DK1,92.17,15
2026-09-24T01:45:00Z,DK2,97.52,15
2026-09-24T01:45:00Z,EE,118.30,15
2026-09-24T01:45:00Z,ES,193.76,15
2026-09-24T01:45:00Z,FI,97.45,15
2026-09-24T01:45:00Z,FR,136.17,15
2026-09-24T01:45:00Z,GR,195.22,15
2026-09-24T01:45:00Z,HR,187.51,15
2026-09-24T01:45:00Z,HU,202.33,15
2026-09-24T01:45:00Z,IT-CNorth,184.77,15
2026-09-24T01:45:00Z,IT-CSouth,184.77,15
2026-09-24T01:45:00Z,IT-North,184.77,15
2026-09-24T01:45:00Z,IT-Sardinia,184.77,15
2026-09-24T01:45:00Z,IT-South,184.77,15
2026-09-24T01:45:00Z,LT,118.30,15
2026-09-24T01:45:00Z,LV,118.30,15
2026-09-24T01:45:00Z,NL,153.18,15
2026-09-24T01:45:00Z,NO1,97.52,15
2026-09-24T01:45:00Z,NO2,97.52,15
2026-09-24T01:45:00Z,NO3,97.52,15
2026-09-24T01:45:00Z,NO4,50.33,15
2026-09-24T01:45:00Z,NO5,97.52,15
2026-09-24T01:45:00Z,PL,115.67,15
2026-09-24T01:45:00Z,PT,193.76,15
2026-09-24T01:45:00Z,RO,196.35,15
2026-09-24T01:45:00Z,SE1,88.12,15
2026-09-24T01:45:00Z,SE2,97.51,15
2026-09-24T01:45:00Z,SE3,97.52,15
2026-09-24T01:45:00Z,SE4,97.52,15
2026-09-24T01:45:00Z,SI,184.77,15
2026-09-24T01:45:00Z,SK,200.00,15
2026-09-24T02:00:00Z,AT,186.65,15
2026-09-24T02:00:00Z,BE,160.00,15
2026-09-24T02:00:00Z,CH,175.55,60
2026-09-24T02:00:00Z,CZ,85.38,15
2026-09-24T02:00:00Z,DE-LU,106.36,15
2026-09-24T02:00:00Z,DK1,92.04,15
2026-09-24T02:00:00Z,DK2,97.84,15
2026-09-24T02:00:00Z,EE,110.85,15
2026-09-24T02:00:00Z,ES,192.18,15
2026-09-24T02:00:00Z,FI,97.77,15
2026-09-24T02:00:00Z,FR,147.26,15
2026-09-24T02:00:00Z,GR,220.17,15
2026-09-24T02:00:00Z,HR,189.40,15
2026-09-24T02:00:00Z,HU,239.57,15
2026-09-24T02:00:00Z,IT-CNorth,186.65,15
2026-09-24T02:00:00Z,IT-CSouth,186.65,15
2026-09-24T02:00:00Z,IT-North,186.65,15
2026-09-24T02:00:00Z,IT-Sardinia,186.65,15
2026-09-24T02:00:00Z,IT-South,186.65,15
2026-09-24T02:00:00Z,LT,110.85,15
2026-09-24T02:00:00Z,LV,110.85,15
2026-09-24T02:00:00Z,NL,154.79,15
2026-09-24T02:00:00Z,NO1,97.84,15
2026-09-24T02:00:00Z,NO2,97.84,15
2026-09-24T02:00:00Z,NO3,97.84,15
2026-09-24T02:00:00Z,NO4,50.91,15
2026-09-24T02:00:00Z,NO5,97.84,15
2026-09-24T02:00:00Z,PL,109.02,15
2026-09-24T02:00:00Z,PT,192.18,15
2026-09-24T02:00:00Z,RO,225.86,15
2026-09-24T02:00:00Z,RS,130.00,15
2026-09-24T02:00:00Z,SE1,88.58,15
2026-09-24T02:00:00Z,SE2,97.83,15
2026-09-24T02:00:00Z,SE3,97.84,15
2026-09-24T02:00:00Z,SE4,97.84,15
2026-09-24T02:00:00Z,SI,181.69,15
2026-09-24T02:00:00Z,SK,129.35,15
2026-09-24T02:15:00Z,AT,188.81,15
2026-09-24T02:15:00Z,BE,160.99,15
2026-09-24T02:15:00Z,CZ,86.69,15
2026-09-24T02:15:00Z,DE-LU,106.43,15
2026-09-24T02:15:00Z,DK1,92.19,15
2026-09-24T02:15:00Z,DK2,98.02,15
2026-09-24T02:15:00Z,EE,111.82,15
2026-09-24T02:15:00Z,ES,192.18,15
2026-09-24T02:15:00Z,FI,97.95,15
2026-09-24T02:15:00Z,FR,147.99,15
2026-09-24T02:15:00Z,GR,224.53,15
2026-09-24T02:15:00Z,HR,192.10,15
2026-09-24T02:15:00Z,HU,244.82,15
2026-09-24T02:15:00Z,IT-CNorth,188.81,15
2026-09-24T02:15:00Z,IT-CSouth,188.81,15
2026-09-24T02:15:00Z,IT-North,188.81,15
2026-09-24T02:15:00Z,IT-Sardinia,188.81,15
2026-09-24T02:15:00Z,IT-South,188.81,15
2026-09-24T02:15:00Z,LT,111.82,15
2026-09-24T02:15:00Z,LV,111.82,15
2026-09-24T02:15:00Z,NL,152.85,15
2026-09-24T02:15:00Z,NO1,98.02,15
2026-09-24T02:15:00Z,NO2,98.02,15
2026-09-24T02:15:00Z,NO3,98.02,15
2026-09-24T02:15:00Z,NO4,51.35,15
2026-09-24T02:15:00Z,NO5,98.02,15
2026-09-24T02:15:00Z,PL,109.94,15
2026-09-24T02:15:00Z,RO,230.50,15
2026-09-24T02:15:00Z,SE1,88.81,15
2026-09-24T02:15:00Z,SE2,98.01,15
2026-09-24T02:15:00Z,SE3,98.02,15
2026-09-24T02:15:00Z,SE4,98.02,15
2026-09-24T02:15:00Z,SI,183.90,15
2026-09-24T02:15:00Z,SK,131.21,15
2026-09-24T02:30:00Z,AT,183.74,15
2026-09-24T02:30:00Z,BE,164.35,15
2026-09-24T02:30:00Z,CZ,104.78,15
2026-09-24T02:30:00Z,DE-LU,105.65,15
2026-09-24T02:30:00Z,DK1,90.96,15
2026-09-24T02:30:00Z,DK2,98.26,15
2026-09-24T02:30:00Z,EE,118.37,15
2026-09-24T02:30:00Z,ES,192.18,15
2026-09-24T02:30:00Z,FI,98.19,15
2026-09-24T02:30:00Z,FR,149.37,15
2026-09-24T02:30:00Z,GR,224.94,15
2026-09-24T02:30:00Z,HR,189.98,15
2026-09-24T02:30:00Z,HU,245.90,15
2026-09-24T02:30:00Z,IT-CNorth,183.74,15
2026-09-24T02:30:00Z,IT-CSouth,183.74,15
2026-09-24T02:30:00Z,IT-North,183.74,15
2026-09-24T02:30:00Z,IT-Sardinia,183.74,15
2026-09-24T02:30:00Z,IT-Sicily,205.19,15
2026-09-24T02:30:00Z,IT-South,183.74,15
2026-09-24T02:30:00Z,LT,118.37,15
2026-09-24T02:30:00Z,LV,118.37,15
2026-09-24T02:30:00Z,NL,154.09,15
2026-09-24T02:30:00Z,NO1,98.26,15
2026-09-24T02:30:00Z,NO2,98.26,15
2026-09-24T02:30:00Z,NO3,98.26,15
2026-09-24T02:30:00Z,NO4,50.91,15
2026-09-24T02:30:00Z,NO5,98.26,15
2026-09-24T02:30:00Z,PL,116.65,15
2026-09-24T02:30:00Z,RO,231.17,15
2026-09-24T02:30:00Z,SE1,88.91,15
2026-09-24T02:30:00Z,SE2,98.25,15
2026-09-24T02:30:00Z,SE3,98.26,15
2026-09-24T02:30:00Z,SE4,98.26,15
2026-09-24T02:30:00Z,SI,180.56,15
2026-09-24T02:30:00Z,SK,139.99,15
2026-09-24T02:45:00Z,AT,186.61,15
2026-09-24T02:45:00Z,BE,175.90,15
2026-09-24T02:45:00Z,CZ,110.85,15
2026-09-24T02:45:00Z,DE-LU,110.85,15
2026-09-24T02:45:00Z,DK1,95.86,15
2026-09-24T02:45:00Z,DK2,103.44,15
2026-09-24T02:45:00Z,EE,123.69,15
2026-09-24T02:45:00Z,ES,193.23,15
2026-09-24T02:45:00Z,FI,103.36,15
2026-09-24T02:45:00Z,FR,158.24,15
2026-09-24T02:45:00Z,GR,231.14,15
2026-09-24T02:45:00Z,HR,194.92,15
2026-09-24T02:45:00Z,HU,252.67,15
2026-09-24T02:45:00Z,IT-CNorth,185.00,15
2026-09-24T02:45:00Z,IT-CSouth,185.00,15
2026-09-24T02:45:00Z,IT-North,185.00,15
2026-09-24T02:45:00Z,IT-Sardinia,185.00,15
2026-09-24T02:45:00Z,IT-Sicily,215.00,15
2026-09-24T02:45:00Z,IT-South,185.00,15
2026-09-24T02:45:00Z,LT,123.69,15
2026-09-24T02:45:00Z,LV,123.69,15
2026-09-24T02:45:00Z,NL,154.08,15
2026-09-24T02:45:00Z,NO1,103.44,15
2026-09-24T02:45:00Z,NO2,103.44,15
2026-09-24T02:45:00Z,NO3,103.44,15
2026-09-24T02:45:00Z,NO4,50.61,15
2026-09-24T02:45:00Z,NO5,103.44,15
2026-09-24T02:45:00Z,PL,121.96,15
2026-09-24T02:45:00Z,PT,193.23,15
2026-09-24T02:45:00Z,RO,237.57,15
2026-09-24T02:45:00Z,SE1,93.01,15
2026-09-24T02:45:00Z,SE2,103.43,15
2026-09-24T02:45:00Z,SE3,103.44,15
2026-09-24T02:45:00Z,SE4,103.44,15
2026-09-24T02:45:00Z,SI,185.00,15
2026-09-24T02:45:00Z,SK,145.38,15
2026-09-24T03:00:00Z,AT,197.08,15
2026-09-24T03:00:00Z,BE,197.44,15
2026-09-24T03:00:00Z,CH,194.50,60
2026-09-24T03:00:00Z,CZ,102.66,15
2026-09-24T03:00:00Z,DE-LU,118.13,15
2026-09-24T03:00:00Z,DK1,101.64,15
2026-09-24T03:00:00Z,DK2,106.94,15
2026-09-24T03:00:00Z,EE,131.53,15
2026-09-24T03:00:00Z,ES,192.18,15
2026-09-24T03:00:00Z,FI,106.85,15
2026-09-24T03:00:00Z,FR,174.82,15
2026-09-24T03:00:00Z,GR,221.95,15
2026-09-24T03:00:00Z,HR,211.80,15
2026-09-24T03:00:00Z,HU,230.90,15
2026-09-24T03:00:00Z,IT-CNorth,197.08,15
2026-09-24T03:00:00Z,IT-CSouth,197.08,15
2026-09-24T03:00:00Z,IT-North,197.08,15
2026-09-24T03:00:00Z,IT-Sardinia,197.08,15
2026-09-24T03:00:00Z,IT-Sicily,206.50,15
2026-09-24T03:00:00Z,IT-South,197.08,15
2026-09-24T03:00:00Z,LT,131.53,15
2026-09-24T03:00:00Z,LV,131.53,15
2026-09-24T03:00:00Z,NL,150.66,15
2026-09-24T03:00:00Z,NO1,106.94,15
2026-09-24T03:00:00Z,NO2,106.94,15
2026-09-24T03:00:00Z,NO3,106.94,15
2026-09-24T03:00:00Z,NO4,50.91,15
2026-09-24T03:00:00Z,NO5,106.94,15
2026-09-24T03:00:00Z,PL,122.73,15
2026-09-24T03:00:00Z,PT,192.18,15
2026-09-24T03:00:00Z,RO,223.21,15
2026-09-24T03:00:00Z,RS,140.09,15
2026-09-24T03:00:00Z,SE1,96.03,15
2026-09-24T03:00:00Z,SE2,106.93,15
2026-09-24T03:00:00Z,SE3,106.94,15
2026-09-24T03:00:00Z,SE4,106.94,15
2026-09-24T03:00:00Z,SI,207.09,15
2026-09-24T03:00:00Z,SK,229.36,15
2026-09-24T03:15:00Z,AT,199.13,15
2026-09-24T03:15:00Z,BE,156.52,15
2026-09-24T03:15:00Z,CZ,114.45,15
2026-09-24T03:15:00Z,DE-LU,118.67,15
2026-09-24T03:15:00Z,DK1,107.89,15
2026-09-24T03:15:00Z,DK2,113.19,15
2026-09-24T03:15:00Z,EE,138.07,15
2026-09-24T03:15:00Z,ES,192.18,15
2026-09-24T03:15:00Z,FI,112.99,15
2026-09-24T03:15:00Z,FR,149.98,15
2026-09-24T03:15:00Z,GR,235.02,15
2026-09-24T03:15:00Z,HR,218.84,15
2026-09-24T03:15:00Z,HU,246.83,15
2026-09-24T03:15:00Z,IT-CNorth,199.13,15
2026-09-24T03:15:00Z,IT-CSouth,199.13,15
2026-09-24T03:15:00Z,IT-North,199.13,15
2026-09-24T03:15:00Z,IT-Sardinia,199.13,15
2026-09-24T03:15:00Z,IT-Sicily,215.00,15
2026-09-24T03:15:00Z,IT-South,199.13,15
2026-09-24T03:15:00Z,LT,138.07,15
2026-09-24T03:15:00Z,LV,138.07,15
2026-09-24T03:15:00Z,NL,155.32,15
2026-09-24T03:15:00Z,NO1,113.35,15
2026-09-24T03:15:00Z,NO2,113.64,15
2026-09-24T03:15:00Z,NO3,112.40,15
2026-09-24T03:15:00Z,NO4,51.51,15
2026-09-24T03:15:00Z,NO5,113.92,15
2026-09-24T03:15:00Z,PL,127.79,15
2026-09-24T03:15:00Z,RO,236.82,15
2026-09-24T03:15:00Z,SE1,101.08,15
2026-09-24T03:15:00Z,SE2,113.06,15
2026-09-24T03:15:00Z,SE3,113.15,15
2026-09-24T03:15:00Z,SE4,113.18,15
2026-09-24T03:15:00Z,SI,211.58,15
2026-09-24T03:15:00Z,SK,255.34,15
2026-09-24T03:30:00Z,AT,212.66,15
2026-09-24T03:30:00Z,BE,158.54,15
2026-09-24T03:30:00Z,CZ,123.00,15
2026-09-24T03:30:00Z,DE-LU,121.55,15
2026-09-24T03:30:00Z,DK1,110.56,15
2026-09-24T03:30:00Z,DK2,114.94,15
2026-09-24T03:30:00Z,EE,145.17,15
2026-09-24T03:30:00Z,ES,193.76,15
2026-09-24T03:30:00Z,FI,117.62,15
2026-09-24T03:30:00Z,FR,153.00,15
2026-09-24T03:30:00Z,GR,247.96,15
2026-09-24T03:30:00Z,HR,230.46,15
2026-09-24T03:30:00Z,HU,260.64,15
2026-09-24T03:30:00Z,IT-CNorth,210.00,15
2026-09-24T03:30:00Z,IT-CSouth,210.00,15
2026-09-24T03:30:00Z,IT-North,210.00,15
2026-09-24T03:30:00Z,IT-Sardinia,210.00,15
2026-09-24T03:30:00Z,IT-Sicily,216.00,15
2026-09-24T03:30:00Z,IT-South,210.00,15
2026-09-24T03:30:00Z,LT,145.17,15
2026-09-24T03:30:00Z,LV,145.17,15
2026-09-24T03:30:00Z,NL,160.10,15
2026-09-24T03:30:00Z,NO1,117.73,15
2026-09-24T03:30:00Z,NO2,117.73,15
2026-09-24T03:30:00Z,NO3,117.73,15
2026-09-24T03:30:00Z,NO4,52.75,15
2026-09-24T03:30:00Z,NO5,117.73,15
2026-09-24T03:30:00Z,PL,134.59,15
2026-09-24T03:30:00Z,PT,193.76,15
2026-09-24T03:30:00Z,RO,249.92,15
2026-09-24T03:30:00Z,SE1,105.08,15
2026-09-24T03:30:00Z,SE2,117.72,15
2026-09-24T03:30:00Z,SE3,117.73,15
2026-09-24T03:30:00Z,SE4,117.73,15
2026-09-24T03:30:00Z,SI,222.89,15
2026-09-24T03:30:00Z,SK,267.57,15
2026-09-24T03:45:00Z,AT,231.00,15
2026-09-24T03:45:00Z,BE,180.66,15
2026-09-24T03:45:00Z,CZ,140.72,15
2026-09-24T03:45:00Z,DE-LU,128.45,15
2026-09-24T03:45:00Z,DK1,115.09,15
2026-09-24T03:45:00Z,DK2,121.52,15
2026-09-24T03:45:00Z,EE,170.11,15
2026-09-24T03:45:00Z,ES,195.98,15
2026-09-24T03:45:00Z,FI,123.33,15
2026-09-24T03:45:00Z,FR,169.69,15
2026-09-24T03:45:00Z,GR,257.21,15
2026-09-24T03:45:00Z,HR,241.15,15
2026-09-24T03:45:00Z,HU,269.15,15
2026-09-24T03:45:00Z,IT-CNorth,222.79,15
2026-09-24T03:45:00Z,IT-CSouth,222.79,15
2026-09-24T03:45:00Z,IT-North,222.79,15
2026-09-24T03:45:00Z,IT-Sardinia,222.79,15
2026-09-24T03:45:00Z,IT-Sicily,222.79,15
2026-09-24T03:45:00Z,IT-South,222.79,15
2026-09-24T03:45:00Z,LT,170.11,15
2026-09-24T03:45:00Z,LV,170.11,15
2026-09-24T03:45:00Z,NL,167.38,15
2026-09-24T03:45:00Z,NO1,123.45,15
2026-09-24T03:45:00Z,NO2,123.45,15
2026-09-24T03:45:00Z,NO3,123.45,15
2026-09-24T03:45:00Z,NO4,54.03,15
2026-09-24T03:45:00Z,NO5,123.45,15
2026-09-24T03:45:00Z,PL,148.01,15
2026-09-24T03:45:00Z,PT,195.98,15
2026-09-24T03:45:00Z,RO,259.09,15
2026-09-24T03:45:00Z,SE1,109.93,15
2026-09-24T03:45:00Z,SE2,123.44,15
2026-09-24T03:45:00Z,SE3,123.44,15
2026-09-24T03:45:00Z,SE4,123.45,15
2026-09-24T03:45:00Z,SI,234.64,15
2026-09-24T03:45:00Z,SK,269.15,15
2026-09-24T04:00:00Z,AT,173.08,15
2026-09-24T04:00:00Z,BE,178.78,15
2026-09-24T04:00:00Z,CH,202.49,60
2026-09-24T04:00:00Z,CZ,123.98,15
2026-09-24T04:00:00Z,DE-LU,123.98,15
2026-09-24T04:00:00Z,DK1,111.74,15
2026-09-24T04:00:00Z,DK2,116.79,15
2026-09-24T04:00:00Z,EE,165.06,15
2026-09-24T04:00:00Z,ES,195.18,15
2026-09-24T04:00:00Z,FI,119.34,15
2026-09-24T04:00:00Z,FR,164.62,15
2026-09-24T04:00:00Z,GR,296.62,15
2026-09-24T04:00:00Z,HR,224.45,15
2026-09-24T04:00:00Z,HU,331.00,15
2026-09-24T04:00:00Z,IT-CNorth,201.06,15
2026-09-24T04:00:00Z,IT-CSouth,201.06,15
2026-09-24T04:00:00Z,IT-North,201.06,15
2026-09-24T04:00:00Z,IT-Sardinia,201.06,15
2026-09-24T04:00:00Z,IT-Sicily,237.80,15
2026-09-24T04:00:00Z,IT-South,201.06,15
2026-09-24T04:00:00Z,LT,165.06,15
2026-09-24T04:00:00Z,LV,165.06,15
2026-09-24T04:00:00Z,NL,155.42,15
2026-09-24T04:00:00Z,NO1,119.44,15
2026-09-24T04:00:00Z,NO2,119.44,15
2026-09-24T04:00:00Z,NO3,119.44,15
2026-09-24T04:00:00Z,NO4,68.59,15
2026-09-24T04:00:00Z,NO5,119.44,15
2026-09-24T04:00:00Z,PL,163.42,15
2026-09-24T04:00:00Z,PT,195.18,15
2026-09-24T04:00:00Z,RO,305.11,15
2026-09-24T04:00:00Z,RS,261.01,15
2026-09-24T04:00:00Z,SE1,110.13,15
2026-09-24T04:00:00Z,SE2,119.43,15
2026-09-24T04:00:00Z,SE3,119.44,15
2026-09-24T04:00:00Z,SE4,119.44,15
2026-09-24T04:00:00Z,SI,201.06,15
2026-09-24T04:00:00Z,SK,185.99,15
2026-09-24T04:15:00Z,AT,203.28,15
2026-09-24T04:15:00Z,BE,190.35,15
2026-09-24T04:15:00Z,CZ,161.23,15
2026-09-24T04:15:00Z,DE-LU,142.78,15
2026-09-24T04:15:00Z,DK1,132.19,15
2026-09-24T04:15:00Z,DK2,137.17,15
2026-09-24T04:15:00Z,EE,196.54,15
2026-09-24T04:15:00Z,ES,196.17,15
2026-09-24T04:15:00Z,FI,139.07,15
2026-09-24T04:15:00Z,FR,179.25,15
2026-09-24T04:15:00Z,GR,304.83,15
2026-09-24T04:15:00Z,HR,247.10,15
2026-09-24T04:15:00Z,HU,332.63,15
2026-09-24T04:15:00Z,IT-CNorth,225.55,15
2026-09-24T04:15:00Z,IT-CSouth,225.55,15
2026-09-24T04:15:00Z,IT-North,225.55,15
2026-09-24T04:15:00Z,IT-Sardinia,225.55,15
2026-09-24T04:15:00Z,IT-Sicily,240.00,15
2026-09-24T04:15:00Z,IT-South,225.55,15
2026-09-24T04:15:00Z,LT,196.54,15
2026-09-24T04:15:00Z,LV,196.54,15
2026-09-24T04:15:00Z,NL,169.26,15
2026-09-24T04:15:00Z,NO1,128.33,15
2026-09-24T04:15:00Z,NO2,129.29,15
2026-09-24T04:15:00Z,NO3,114.01,15
2026-09-24T04:15:00Z,NO4,69.42,15
2026-09-24T04:15:00Z,NO5,127.08,15
2026-09-24T04:15:00Z,PL,193.39,15
2026-09-24T04:15:00Z,PT,196.17,15
2026-09-24T04:15:00Z,RO,311.44,15
2026-09-24T04:15:00Z,SE1,125.45,15
2026-09-24T04:15:00Z,SE2,140.31,15
2026-09-24T04:15:00Z,SE3,138.12,15
2026-09-24T04:15:00Z,SE4,137.32,15
2026-09-24T04:15:00Z,SI,227.69,15
2026-09-24T04:15:00Z,SK,238.61,15
2026-09-24T04:30:00Z,AT,232.54,15
2026-09-24T04:30:00Z,BE,208.78,15
2026-09-24T04:30:00Z,CZ,157.77,15
2026-09-24T04:30:00Z,DE-LU,156.71,15
2026-09-24T04:30:00Z,DK1,144.97,15
2026-09-24T04:30:00Z,DK2,148.52,15
2026-09-24T04:30:00Z,EE,180.09,15
2026-09-24T04:30:00Z,ES,196.65,15
2026-09-24T04:30:00Z,FI,152.03,15
2026-09-24T04:30:00Z,FR,196.30,15
2026-09-24T04:30:00Z,GR,304.21,15
2026-09-24T04:30:00Z,HR,264.78,15
2026-09-24T04:30:00Z,HU,326.00,15
2026-09-24T04:30:00Z,IT-CNorth,240.00,15
2026-09-24T04:30:00Z,IT-CSouth,240.00,15
2026-09-24T04:30:00Z,IT-North,240.00,15
2026-09-24T04:30:00Z,IT-Sardinia,240.00,15
2026-09-24T04:30:00Z,IT-South,240.00,15
2026-09-24T04:30:00Z,LT,180.09,15
2026-09-24T04:30:00Z,LV,180.09,15
2026-09-24T04:30:00Z,NL,177.86,15
2026-09-24T04:30:00Z,NO1,132.62,15
2026-09-24T04:30:00Z,NO2,134.35,15
2026-09-24T04:30:00Z,NO3,106.84,15
2026-09-24T04:30:00Z,NO4,70.00,15
2026-09-24T04:30:00Z,NO5,130.36,15
2026-09-24T04:30:00Z,PL,171.97,15
2026-09-24T04:30:00Z,PT,196.65,15
2026-09-24T04:30:00Z,RO,308.90,15
2026-09-24T04:30:00Z,SE1,135.38,15
2026-09-24T04:30:00Z,SE2,154.18,15
2026-09-24T04:30:00Z,SE3,150.24,15
2026-09-24T04:30:00Z,SE4,148.79,15
2026-09-24T04:30:00Z,SI,250.90,15
2026-09-24T04:30:00Z,SK,267.01,15
2026-09-24T04:45:00Z,AT,254.97,15
2026-09-24T04:45:00Z,BE,206.36,15
2026-09-24T04:45:00Z,CZ,197.01,15
2026-09-24T04:45:00Z,DE-LU,167.77,15
2026-09-24T04:45:00Z,DK1,158.73,15
2026-09-24T04:45:00Z,DK2,162.36,15
2026-09-24T04:45:00Z,EE,248.01,15
2026-09-24T04:45:00Z,ES,200.00,15
2026-09-24T04:45:00Z,FI,200.09,15
2026-09-24T04:45:00Z,FR,200.00,15
2026-09-24T04:45:00Z,GR,303.35,15
2026-09-24T04:45:00Z,HR,269.69,15
2026-09-24T04:45:00Z,HU,319.35,15
2026-09-24T04:45:00Z,IT-CNorth,260.24,15
2026-09-24T04:45:00Z,IT-CSouth,260.24,15
2026-09-24T04:45:00Z,IT-North,260.24,15
2026-09-24T04:45:00Z,IT-Sardinia,260.24,15
2026-09-24T04:45:00Z,IT-Sicily,260.24,15
2026-09-24T04:45:00Z,IT-South,260.24,15
2026-09-24T04:45:00Z,LT,248.01,15
2026-09-24T04:45:00Z,LV,248.01,15
2026-09-24T04:45:00Z,NL,191.70,15
2026-09-24T04:45:00Z,NO1,137.93,15
2026-09-24T04:45:00Z,NO2,140.59,15
2026-09-24T04:45:00Z,NO3,98.33,15
2026-09-24T04:45:00Z,NO5,134.46,15
2026-09-24T04:45:00Z,PL,249.91,15
2026-09-24T04:45:00Z,PT,200.00,15
2026-09-24T04:45:00Z,RO,307.28,15
2026-09-24T04:45:00Z,SE1,147.19,15
2026-09-24T04:45:00Z,SE2,171.04,15
2026-09-24T04:45:00Z,SE3,164.99,15
2026-09-24T04:45:00Z,SE4,162.77,15
2026-09-24T04:45:00Z,SI,260.24,15
2026-09-24T04:45:00Z,SK,245.63,15
2026-09-24T05:00:00Z,AT,258.39,15
2026-09-24T05:00:00Z,BE,207.64,15
2026-09-24T05:00:00Z,CH,209.00,60
2026-09-24T05:00:00Z,CZ,189.00,15
2026-09-24T05:00:00Z,DE-LU,161.37,15
2026-09-24T05:00:00Z,DK1,148.45,15
2026-09-24T05:00:00Z,DK2,163.74,15
2026-09-24T05:00:00Z,EE,218.01,15
2026-09-24T05:00:00Z,ES,200.00,15
2026-09-24T05:00:00Z,FI,173.34,15
2026-09-24T05:00:00Z,GR,282.27,15
2026-09-24T05:00:00Z,HR,277.64,15
2026-09-24T05:00:00Z,HU,284.37,15
2026-09-24T05:00:00Z,IT-CNorth,247.43,15
2026-09-24T05:00:00Z,IT-CSouth,247.43,15
2026-09-24T05:00:00Z,IT-North,247.43,15
2026-09-24T05:00:00Z,IT-Sardinia,247.43,15
2026-09-24T05:00:00Z,IT-Sicily,247.43,15
2026-09-24T05:00:00Z,IT-South,247.43,15
2026-09-24T05:00:00Z,LT,218.01,15
2026-09-24T05:00:00Z,LV,218.01,15
2026-09-24T05:00:00Z,NL,206.08,15
2026-09-24T05:00:00Z,NO1,139.45,15
2026-09-24T05:00:00Z,NO2,142.99,15
2026-09-24T05:00:00Z,NO3,98.75,15
2026-09-24T05:00:00Z,NO4,130.77,15
2026-09-24T05:00:00Z,NO5,136.58,15
2026-09-24T05:00:00Z,PL,290.80,15
2026-09-24T05:00:00Z,RO,282.68,15
2026-09-24T05:00:00Z,RS,277.01,15
2026-09-24T05:00:00Z,SE1,172.10,15
2026-09-24T05:00:00Z,SE2,175.87,15
2026-09-24T05:00:00Z,SE3,169.27,15
2026-09-24T05:00:00Z,SE4,166.52,15
2026-09-24T05:00:00Z,SI,258.39,15
2026-09-24T05:00:00Z,SK,284.37,15
2026-09-24T05:15:00Z,AT,257.52,15
2026-09-24T05:15:00Z,BE,220.77,15
2026-09-24T05:15:00Z,CZ,200.88,15
2026-09-24T05:15:00Z,DE-LU,167.17,15
2026-09-24T05:15:00Z,DK1,152.06,15
2026-09-24T05:15:00Z,DK2,167.44,15
2026-09-24T05:15:00Z,EE,212.16,15
2026-09-24T05:15:00Z,ES,210.00,15
2026-09-24T05:15:00Z,FI,179.50,15
2026-09-24T05:15:00Z,FR,210.00,15
2026-09-24T05:15:00Z,GR,257.39,15
2026-09-24T05:15:00Z,HR,257.52,15
2026-09-24T05:15:00Z,HU,257.52,15
2026-09-24T05:15:00Z,IT-CNorth,257.52,15
2026-09-24T05:15:00Z,IT-CSouth,257.52,15
2026-09-24T05:15:00Z,IT-North,257.52,15
2026-09-24T05:15:00Z,IT-Sardinia,257.52,15
2026-09-24T05:15:00Z,IT-Sicily,257.52,15
2026-09-24T05:15:00Z,IT-South,257.52,15
2026-09-24T05:15:00Z,LT,212.16,15
2026-09-24T05:15:00Z,LV,212.16,15
2026-09-24T05:15:00Z,NL,220.77,15
2026-09-24T05:15:00Z,NO1,142.55,15
2026-09-24T05:15:00Z,NO2,146.42,15
2026-09-24T05:15:00Z,NO3,98.20,15
2026-09-24T05:15:00Z,NO4,133.10,15
2026-09-24T05:15:00Z,NO5,139.43,15
2026-09-24T05:15:00Z,PL,299.38,15
2026-09-24T05:15:00Z,PT,210.00,15
2026-09-24T05:15:00Z,RO,257.41,15
2026-09-24T05:15:00Z,SE1,178.15,15
2026-09-24T05:15:00Z,SE2,182.25,15
2026-09-24T05:15:00Z,SE3,175.06,15
2026-09-24T05:15:00Z,SE4,172.07,15
2026-09-24T05:15:00Z,SI,257.52,15
2026-09-24T05:15:00Z,SK,257.35,15
2026-09-24T05:30:00Z,AT,258.14,15
2026-09-24T05:30:00Z,BE,226.92,15
2026-09-24T05:30:00Z,CZ,206.81,15
2026-09-24T05:30:00Z,DE-LU,172.69,15
2026-09-24T05:30:00Z,DK1,157.40,15
2026-09-24T05:30:00Z,DK2,172.90,15
2026-09-24T05:30:00Z,EE,186.51,15
2026-09-24T05:30:00Z,ES,215.37,15
2026-09-24T05:30:00Z,FI,186.50,15
2026-09-24T05:30:00Z,FR,215.37,15
2026-09-24T05:30:00Z,GR,255.42,15
2026-09-24T05:30:00Z,HR,254.55,15
2026-09-24T05:30:00Z,HU,255.93,15
2026-09-24T05:30:00Z,IT-CNorth,255.93,15
2026-09-24T05:30:00Z,IT-CSouth,255.93,15
2026-09-24T05:30:00Z,IT-North,255.93,15
2026-09-24T05:30:00Z,IT-Sardinia,255.93,15
2026-09-24T05:30:00Z,IT-Sicily,255.93,15
2026-09-24T05:30:00Z,IT-South,255.93,15
2026-09-24T05:30:00Z,LT,186.51,15
2026-09-24T05:30:00Z,LV,186.51,15
2026-09-24T05:30:00Z,NL,226.92,15
2026-09-24T05:30:00Z,NO1,145.10,15
2026-09-24T05:30:00Z,NO2,150.91,15
2026-09-24T05:30:00Z,NO3,96.44,15
2026-09-24T05:30:00Z,NO4,134.95,15
2026-09-24T05:30:00Z,NO5,141.15,15
2026-09-24T05:30:00Z,PT,215.37,15
2026-09-24T05:30:00Z,RO,255.52,15
2026-09-24T05:30:00Z,SE1,184.32,15
2026-09-24T05:30:00Z,SE2,188.80,15
2026-09-24T05:30:00Z,SE3,180.98,15
2026-09-24T05:30:00Z,SE4,177.73,15
2026-09-24T05:30:00Z,SI,255.93,15
2026-09-24T05:30:00Z,SK,255.93,15
2026-09-24T05:45:00Z,AT,245.93,15
2026-09-24T05:45:00Z,BE,238.56,15
2026-09-24T05:45:00Z,CZ,197.63,15
2026-09-24T05:45:00Z,DE-LU,170.83,15
2026-09-24T05:45:00Z,DK1,153.79,15
2026-09-24T05:45:00Z,DK2,170.09,15
2026-09-24T05:45:00Z,EE,204.99,15
2026-09-24T05:45:00Z,ES,220.42,15
2026-09-24T05:45:00Z,FI,204.96,15
2026-09-24T05:45:00Z,FR,220.42,15
2026-09-24T05:45:00Z,GR,207.01,15
2026-09-24T05:45:00Z,HR,239.93,15
2026-09-24T05:45:00Z,HU,239.82,15
2026-09-24T05:45:00Z,IT-CNorth,241.20,15
2026-09-24T05:45:00Z,IT-CSouth,241.20,15
2026-09-24T05:45:00Z,IT-North,241.20,15
2026-09-24T05:45:00Z,IT-Sardinia,241.20,15
2026-09-24T05:45:00Z,IT-Sicily,241.20,15
2026-09-24T05:45:00Z,IT-South,241.20,15
2026-09-24T05:45:00Z,LT,204.99,15
2026-09-24T05:45:00Z,LV,204.99,15
2026-09-24T05:45:00Z,NL,218.24,15
2026-09-24T05:45:00Z,NO1,144.66,15
2026-09-24T05:45:00Z,NO2,148.66,15
2026-09-24T05:45:00Z,NO3,98.74,15
2026-09-24T05:45:00Z,NO4,135.23,15
2026-09-24T05:45:00Z,NO5,141.42,15
2026-09-24T05:45:00Z,PL,270.98,15
2026-09-24T05:45:00Z,PT,220.42,15
2026-09-24T05:45:00Z,RO,239.76,15
2026-09-24T05:45:00Z,SE1,181.56,15
2026-09-24T05:45:00Z,SE2,185.76,15
2026-09-24T05:45:00Z,SE3,178.31,15
2026-09-24T05:45:00Z,SE4,175.21,15
2026-09-24T05:45:00Z,SI,241.20,15
2026-09-24T05:45:00Z,SK,237.97,15
2026-09-24T06:00:00Z,AT,257.18,15
2026-09-24T06:00:00Z,BE,278.58,15
2026-09-24T06:00:00Z,CH,210.00,60
2026-09-24T06:00:00Z,CZ,199.08,15
2026-09-24T06:00:00Z,DE-LU,185.99,15
2026-09-24T06:00:00Z,DK1,165.71,15
2026-09-24T06:00:00Z,DK2,174.63,15
2026-09-24T06:00:00Z,EE,227.43,15
2026-09-24T06:00:00Z,ES,250.00,15
2026-09-24T06:00:00Z,FI,227.37,15
2026-09-24T06:00:00Z,FR,250.00,15
2026-09-24T06:00:00Z,GR,244.47,15
2026-09-24T06:00:00Z,HR,248.10,15
2026-09-24T06:00:00Z,HU,242.95,15
2026-09-24T06:00:00Z,IT-CNorth,250.76,15
2026-09-24T06:00:00Z,IT-CSouth,250.76,15
2026-09-24T06:00:00Z,IT-North,250.76,15
2026-09-24T06:00:00Z,IT-Sardinia,250.76,15
2026-09-24T06:00:00Z,IT-Sicily,393.00,15
2026-09-24T06:00:00Z,IT-South,250.76,15
2026-09-24T06:00:00Z,LT,227.43,15
2026-09-24T06:00:00Z,LV,227.43,15
2026-09-24T06:00:00Z,NL,220.70,15
2026-09-24T06:00:00Z,NO1,151.70,15
2026-09-24T06:00:00Z,NO2,155.43,15
2026-09-24T06:00:00Z,NO3,108.70,15
2026-09-24T06:00:00Z,NO4,143.17,15
2026-09-24T06:00:00Z,NO5,148.60,15
2026-09-24T06:00:00Z,PL,254.47,15
2026-09-24T06:00:00Z,PT,250.00,15
2026-09-24T06:00:00Z,RO,244.14,15
2026-09-24T06:00:00Z,RS,205.00,15
2026-09-24T06:00:00Z,SE1,186.26,15
2026-09-24T06:00:00Z,SE2,190.17,15
2026-09-24T06:00:00Z,SE3,183.19,15
2026-09-24T06:00:00Z,SE4,180.29,15
2026-09-24T06:00:00Z,SI,250.76,15
2026-09-24T06:00:00Z,SK,234.50,15
2026-09-24T06:15:00Z,AT,246.46,15
2026-09-24T06:15:00Z,BE,265.59,15
2026-09-24T06:15:00Z,CZ,182.20,15
2026-09-24T06:15:00Z,DE-LU,175.90,15
2026-09-24T06:15:00Z,DK1,155.92,15
2026-09-24T06:15:00Z,DK2,176.00,15
2026-09-24T06:15:00Z,EE,216.21,15
2026-09-24T06:15:00Z,ES,238.03,15
2026-09-24T06:15:00Z,FI,216.16,15
2026-09-24T06:15:00Z,FR,238.03,15
2026-09-24T06:15:00Z,GR,229.94,15
2026-09-24T06:15:00Z,HR,235.25,15
2026-09-24T06:15:00Z,HU,228.32,15
2026-09-24T06:15:00Z,IT-CNorth,240.50,15
2026-09-24T06:15:00Z,IT-CSouth,240.50,15
2026-09-24T06:15:00Z,IT-North,240.50,15
2026-09-24T06:15:00Z,IT-Sardinia,240.50,15
2026-09-24T06:15:00Z,IT-South,240.50,15
2026-09-24T06:15:00Z,LT,216.21,15
2026-09-24T06:15:00Z,LV,216.21,15
2026-09-24T06:15:00Z,NL,213.92,15
2026-09-24T06:15:00Z,NO1,150.85,15
2026-09-24T06:15:00Z,NO2,154.46,15
2026-09-24T06:15:00Z,NO3,109.31,15
2026-09-24T06:15:00Z,NO4,142.49,15
2026-09-24T06:15:00Z,NO5,147.86,15
2026-09-24T06:15:00Z,PL,233.35,15
2026-09-24T06:15:00Z,PT,238.03,15
2026-09-24T06:15:00Z,RO,229.94,15
2026-09-24T06:15:00Z,SE1,184.24,15
2026-09-24T06:15:00Z,SE2,188.03,15
2026-09-24T06:15:00Z,SE3,181.29,15
2026-09-24T06:15:00Z,SE4,178.48,15
2026-09-24T06:15:00Z,SI,238.57,15
2026-09-24T06:15:00Z,SK,216.87,15
2026-09-24T06:30:00Z,AT,221.36,15
2026-09-24T06:30:00Z,BE,233.57,15
2026-09-24T06:30:00Z,CZ,172.60,15
2026-09-24T06:30:00Z,DE-LU,172.60,15
2026-09-24T06:30:00Z,DK1,158.20,15
2026-09-24T06:30:00Z,DK2,172.77,15
2026-09-24T06:30:00Z,EE,197.60,15
2026-09-24T06:30:00Z,ES,214.97,15
2026-09-24T06:30:00Z,FI,197.58,15
2026-09-24T06:30:00Z,FR,214.97,15
2026-09-24T06:30:00Z,GR,153.22,15
2026-09-24T06:30:00Z,HR,212.17,15
2026-09-24T06:30:00Z,HU,206.14,15
2026-09-24T06:30:00Z,IT-CNorth,221.36,15
2026-09-24T06:30:00Z,IT-CSouth,221.36,15
2026-09-24T06:30:00Z,IT-North,221.36,15
2026-09-24T06:30:00Z,IT-Sardinia,221.36,15
2026-09-24T06:30:00Z,IT-Sicily,350.00,15
2026-09-24T06:30:00Z,IT-South,221.36,15
2026-09-24T06:30:00Z,LT,197.60,15
2026-09-24T06:30:00Z,LV,197.60,15
2026-09-24T06:30:00Z,NL,204.31,15
2026-09-24T06:30:00Z,NO1,149.58,15
2026-09-24T06:30:00Z,NO2,153.14,15
2026-09-24T06:30:00Z,NO3,108.67,15
2026-09-24T06:30:00Z,NO4,141.08,15
2026-09-24T06:30:00Z,NO5,146.63,15
2026-09-24T06:30:00Z,PL,205.23,15
2026-09-24T06:30:00Z,PT,214.97,15
2026-09-24T06:30:00Z,RO,207.56,15
2026-09-24T06:30:00Z,SE1,182.43,15
2026-09-24T06:30:00Z,SE2,186.20,15
2026-09-24T06:30:00Z,SE3,179.56,15
2026-09-24T06:30:00Z,SE4,176.79,15
2026-09-24T06:30:00Z,SI,214.92,15
2026-09-24T06:30:00Z,SK,196.18,15
2026-09-24T06:45:00Z,AT,197.98,15
2026-09-24T06:45:00Z,BE,212.06,15
2026-09-24T06:45:00Z,CZ,158.06,15
2026-09-24T06:45:00Z,DE-LU,160.57,15
2026-09-24T06:45:00Z,DK1,148.76,15
2026-09-24T06:45:00Z,DK2,173.00,15
2026-09-24T06:45:00Z,EE,179.69,15
2026-09-24T06:45:00Z,ES,195.98,15
2026-09-24T06:45:00Z,FI,179.69,15
2026-09-24T06:45:00Z,FR,195.98,15
2026-09-24T06:45:00Z,GR,76.80,15
2026-09-24T06:45:00Z,HR,190.19,15
2026-09-24T06:45:00Z,HU,184.55,15
2026-09-24T06:45:00Z,IT-CNorth,197.98,15
2026-09-24T06:45:00Z,IT-CSouth,197.98,15
2026-09-24T06:45:00Z,IT-North,197.98,15
2026-09-24T06:45:00Z,IT-Sardinia,197.98,15
2026-09-24T06:45:00Z,IT-Sicily,306.12,15
2026-09-24T06:45:00Z,IT-South,197.98,15
2026-09-24T06:45:00Z,LT,179.69,15
2026-09-24T06:45:00Z,LV,179.69,15
2026-09-24T06:45:00Z,NL,186.98,15
2026-09-24T06:45:00Z,NO1,148.52,15
2026-09-24T06:45:00Z,NO2,151.77,15
2026-09-24T06:45:00Z,NO3,111.07,15
2026-09-24T06:45:00Z,NO4,140.53,15
2026-09-24T06:45:00Z,NO5,145.82,15
2026-09-24T06:45:00Z,PL,180.18,15
2026-09-24T06:45:00Z,PT,195.98,15
2026-09-24T06:45:00Z,RO,185.89,15
2026-09-24T06:45:00Z,SE1,178.55,15
2026-09-24T06:45:00Z,SE2,182.03,15
2026-09-24T06:45:00Z,SE3,175.95,15
2026-09-24T06:45:00Z,SE4,173.42,15
2026-09-24T06:45:00Z,SI,192.61,15
2026-09-24T06:45:00Z,SK,175.42,15
2026-09-24T07:00:00Z,AT,227.20,15
2026-09-24T07:00:00Z,BE,252.05,15
2026-09-24T07:00:00Z,CH,175.94,60
2026-09-24T07:00:00Z,CZ,172.79,15
2026-09-24T07:00:00Z,DE-LU,172.79,15
2026-09-24T07:00:00Z,DK1,157.60,15
2026-09-24T07:00:00Z,DK2,172.81,15
2026-09-24T07:00:00Z,EE,202.50,15
2026-09-24T07:00:00Z,ES,221.84,15
2026-09-24T07:00:00Z,FI,202.47,15
2026-09-24T07:00:00Z,FR,221.84,15
2026-09-24T07:00:00Z,GR,80.90,15
2026-09-24T07:00:00Z,HR,217.05,15
2026-09-24T07:00:00Z,HU,209.19,15
2026-09-24T07:00:00Z,IT-CNorth,221.84,15
2026-09-24T07:00:00Z,IT-CSouth,221.84,15
2026-09-24T07:00:00Z,IT-North,221.84,15
2026-09-24T07:00:00Z,IT-Sardinia,221.84,15
2026-09-24T07:00:00Z,IT-Sicily,246.18,15
2026-09-24T07:00:00Z,IT-South,221.84,15
2026-09-24T07:00:00Z,LT,202.50,15
2026-09-24T07:00:00Z,LV,202.50,15
2026-09-24T07:00:00Z,NL,194.19,15
2026-09-24T07:00:00Z,NO1,147.40,15
2026-09-24T07:00:00Z,NO2,150.71,15
2026-09-24T07:00:00Z,NO3,108.34,15
2026-09-24T07:00:00Z,NO4,139.38,15
2026-09-24T07:00:00Z,NO5,144.51,15
2026-09-24T07:00:00Z,PL,203.61,15
2026-09-24T07:00:00Z,PT,221.84,15
2026-09-24T07:00:00Z,RO,209.79,15
2026-09-24T07:00:00Z,RS,170.10,15
2026-09-24T07:00:00Z,SE1,178.63,15
2026-09-24T07:00:00Z,SE2,182.20,15
2026-09-24T07:00:00Z,SE3,175.88,15
2026-09-24T07:00:00Z,SE4,173.25,15
2026-09-24T07:00:00Z,SI,220.30,15
2026-09-24T07:00:00Z,SK,196.88,15
2026-09-24T07:15:00Z,AT,194.99,15
2026-09-24T07:15:00Z,BE,210.13,15
2026-09-24T07:15:00Z,CZ,162.39,15
2026-09-24T07:15:00Z,DE-LU,162.39,15
2026-09-24T07:15:00Z,DK1,153.51,15
2026-09-24T07:15:00Z,DK2,166.69,15
2026-09-24T07:15:00Z,EE,181.04,15
2026-09-24T07:15:00Z,ES,194.99,15
2026-09-24T07:15:00Z,FI,181.03,15
2026-09-24T07:15:00Z,FR,194.99,15
2026-09-24T07:15:00Z,GR,2.01,15
2026-09-24T07:15:00Z,HR,188.77,15
2026-09-24T07:15:00Z,HU,184.34,15
2026-09-24T07:15:00Z,IT-CNorth,194.99,15
2026-09-24T07:15:00Z,IT-CSouth,194.99,15
2026-09-24T07:15:00Z,IT-North,194.99,15
2026-09-24T07:15:00Z,IT-Sardinia,194.99,15
2026-09-24T07:15:00Z,IT-Sicily,216.00,15
2026-09-24T07:15:00Z,IT-South,194.99,15
2026-09-24T07:15:00Z,LT,181.04,15
2026-09-24T07:15:00Z,LV,181.04,15
2026-09-24T07:15:00Z,NL,176.52,15
2026-09-24T07:15:00Z,NO1,144.60,15
2026-09-24T07:15:00Z,NO2,147.48,15
2026-09-24T07:15:00Z,NO3,110.66,15
2026-09-24T07:15:00Z,NO4,137.45,15
2026-09-24T07:15:00Z,NO5,142.10,15
2026-09-24T07:15:00Z,PL,181.74,15
2026-09-24T07:15:00Z,PT,194.99,15
2026-09-24T07:15:00Z,RO,184.34,15
2026-09-24T07:15:00Z,SE1,171.73,15
2026-09-24T07:15:00Z,SE2,174.85,15
2026-09-24T07:15:00Z,SE3,169.36,15
2026-09-24T07:15:00Z,SE4,167.08,15
2026-09-24T07:15:00Z,SI,190.72,15
2026-09-24T07:15:00Z,SK,177.17,15
2026-09-24T07:30:00Z,AT,173.46,15
2026-09-24T07:30:00Z,BE,188.15,15
2026-09-24T07:30:00Z,CZ,144.42,15
2026-09-24T07:30:00Z,DE-LU,144.42,15
2026-09-24T07:30:00Z,DK1,138.10,15
2026-09-24T07:30:00Z,DK2,160.41,15
2026-09-24T07:30:00Z,EE,190.91,15
2026-09-24T07:30:00Z,ES,174.00,15
2026-09-24T07:30:00Z,FI,190.87,15
2026-09-24T07:30:00Z,FR,174.00,15
2026-09-24T07:30:00Z,GR,1.10,15
2026-09-24T07:30:00Z,HR,167.38,15
2026-09-24T07:30:00Z,HU,159.42,15
2026-09-24T07:30:00Z,IT-CNorth,174.00,15
2026-09-24T07:30:00Z,IT-CSouth,174.00,15
2026-09-24T07:30:00Z,IT-North,174.00,15
2026-09-24T07:30:00Z,IT-Sardinia,174.00,15
2026-09-24T07:30:00Z,IT-Sicily,215.43,15
2026-09-24T07:30:00Z,IT-South,174.00,15
2026-09-24T07:30:00Z,LT,190.91,15
2026-09-24T07:30:00Z,LV,190.91,15
2026-09-24T07:30:00Z,NL,144.42,15
2026-09-24T07:30:00Z,NO1,141.60,15
2026-09-24T07:30:00Z,NO2,144.05,15
2026-09-24T07:30:00Z,NO3,112.70,15
2026-09-24T07:30:00Z,NO4,135.80,15
2026-09-24T07:30:00Z,NO5,139.47,15
2026-09-24T07:30:00Z,PL,161.23,15
2026-09-24T07:30:00Z,PT,174.00,15
2026-09-24T07:30:00Z,RO,159.42,15
2026-09-24T07:30:00Z,SE1,164.74,15
2026-09-24T07:30:00Z,SE2,167.36,15
2026-09-24T07:30:00Z,SE3,162.68,15
2026-09-24T07:30:00Z,SE4,160.74,15
2026-09-24T07:30:00Z,SI,173.46,15
2026-09-24T07:30:00Z,SK,155.63,15
2026-09-24T07:45:00Z,AT,154.07,15
2026-09-24T07:45:00Z,BE,178.09,15
2026-09-24T07:45:00Z,CZ,132.31,15
2026-09-24T07:45:00Z,DE-LU,130.04,15
2026-09-24T07:45:00Z,DK1,129.79,15
2026-09-24T07:45:00Z,DK2,154.12,15
2026-09-24T07:45:00Z,EE,162.04,15
2026-09-24T07:45:00Z,ES,120.00,15
2026-09-24T07:45:00Z,FI,162.03,15
2026-09-24T07:45:00Z,FR,161.75,15
2026-09-24T07:45:00Z,HR,150.39,15
2026-09-24T07:45:00Z,HU,147.00,15
2026-09-24T07:45:00Z,IT-CNorth,163.80,15
2026-09-24T07:45:00Z,IT-CSouth,163.80,15
2026-09-24T07:45:00Z,IT-North,163.80,15
2026-09-24T07:45:00Z,IT-Sardinia,163.80,15
2026-09-24T07:45:00Z,IT-Sicily,185.19,15
2026-09-24T07:45:00Z,IT-South,163.80,15
2026-09-24T07:45:00Z,LT,162.04,15
2026-09-24T07:45:00Z,LV,162.04,15
2026-09-24T07:45:00Z,NL,129.29,15
2026-09-24T07:45:00Z,NO1,139.41,15
2026-09-24T07:45:00Z,NO2,141.33,15
2026-09-24T07:45:00Z,NO3,116.80,15
2026-09-24T07:45:00Z,NO4,134.62,15
2026-09-24T07:45:00Z,NO5,137.74,15
2026-09-24T07:45:00Z,PL,144.95,15
2026-09-24T07:45:00Z,PT,120.00,15
2026-09-24T07:45:00Z,RO,147.00,15
2026-09-24T07:45:00Z,SE1,157.48,15
2026-09-24T07:45:00Z,SE2,159.56,15
2026-09-24T07:45:00Z,SE3,155.90,15
2026-09-24T07:45:00Z,SE4,154.38,15
2026-09-24T07:45:00Z,SI,151.86,15
2026-09-24T07:45:00Z,SK,142.18,15
2026-09-24T08:00:00Z,AT,162.15,15
2026-09-24T08:00:00Z,BE,180.00,15
2026-09-24T08:00:00Z,CH,160.87,60
2026-09-24T08:00:00Z,CZ,150.75,15
2026-09-24T08:00:00Z,DE-LU,136.40,15
2026-09-24T08:00:00Z,DK1,134.98,15
2026-09-24T08:00:00Z,DK2,153.19,15
2026-09-24T08:00:00Z,EE,173.02,15
2026-09-24T08:00:00Z,ES,123.30,15
2026-09-24T08:00:00Z,FI,173.02,15
2026-09-24T08:00:00Z,FR,165.10,15
2026-09-24T08:00:00Z,GR,2.01,15
2026-09-24T08:00:00Z,HR,157.21,15
2026-09-24T08:00:00Z,HU,156.13,15
2026-09-24T08:00:00Z,IT-CNorth,191.85,15
2026-09-24T08:00:00Z,IT-CSouth,191.85,15
2026-09-24T08:00:00Z,IT-North,191.85,15
2026-09-24T08:00:00Z,IT-Sardinia,191.85,15
2026-09-24T08:00:00Z,IT-Sicily,191.85,15
2026-09-24T08:00:00Z,IT-South,191.85,15
2026-09-24T08:00:00Z,LT,173.02,15
2026-09-24T08:00:00Z,LV,173.02,15
2026-09-24T08:00:00Z,NL,134.85,15
2026-09-24T08:00:00Z,NO1,143.59,15
2026-09-24T08:00:00Z,NO2,146.01,15
2026-09-24T08:00:00Z,NO3,114.05,15
2026-09-24T08:00:00Z,NO4,137.27,15
2026-09-24T08:00:00Z,NO5,141.48,15
2026-09-24T08:00:00Z,PL,152.25,15
2026-09-24T08:00:00Z,PT,123.30,15
2026-09-24T08:00:00Z,RO,156.39,15
2026-09-24T08:00:00Z,RS,130.05,15
2026-09-24T08:00:00Z,SE1,167.05,15
2026-09-24T08:00:00Z,SE2,169.74,15
2026-09-24T08:00:00Z,SE3,164.99,15
2026-09-24T08:00:00Z,SE4,163.00,15
2026-09-24T08:00:00Z,SI,157.72,15
2026-09-24T08:00:00Z,SK,153.92,15
2026-09-24T08:15:00Z,AT,166.91,15
2026-09-24T08:15:00Z,BE,189.95,15
2026-09-24T08:15:00Z,CZ,145.88,15
2026-09-24T08:15:00Z,DE-LU,122.77,15
2026-09-24T08:15:00Z,DK1,125.48,15
2026-09-24T08:15:00Z,DK2,148.11,15
2026-09-24T08:15:00Z,EE,151.72,15
2026-09-24T08:15:00Z,ES,104.40,15
2026-09-24T08:15:00Z,FI,151.72,15
2026-09-24T08:15:00Z,FR,167.14,15
2026-09-24T08:15:00Z,GR,0.00,15
2026-09-24T08:15:00Z,HR,157.05,15
2026-09-24T08:15:00Z,HU,154.99,15
2026-09-24T08:15:00Z,IT-CNorth,190.00,15
2026-09-24T08:15:00Z,IT-CSouth,190.00,15
2026-09-24T08:15:00Z,IT-North,190.00,15
2026-09-24T08:15:00Z,IT-Sardinia,190.00,15
2026-09-24T08:15:00Z,IT-Sicily,190.00,15
2026-09-24T08:15:00Z,IT-South,190.00,15
2026-09-24T08:15:00Z,LT,151.72,15
2026-09-24T08:15:00Z,LV,151.72,15
2026-09-24T08:15:00Z,NL,120.53,15
2026-09-24T08:15:00Z,NO1,137.40,15
2026-09-24T08:15:00Z,NO2,138.82,15
2026-09-24T08:15:00Z,NO3,120.01,15
2026-09-24T08:15:00Z,NO4,133.62,15
2026-09-24T08:15:00Z,NO5,136.15,15
2026-09-24T08:15:00Z,PL,146.00,15
2026-09-24T08:15:00Z,PT,110.03,15
2026-09-24T08:15:00Z,RO,155.49,15
2026-09-24T08:15:00Z,SE1,151.19,15
2026-09-24T08:15:00Z,SE2,152.79,15
2026-09-24T08:15:00Z,SE3,149.99,15
2026-09-24T08:15:00Z,SE4,148.82,15
2026-09-24T08:15:00Z,SI,158.05,15
2026-09-24T08:15:00Z,SK,150.47,15
2026-09-24T08:30:00Z,AT,174.39,15
2026-09-24T08:30:00Z,BE,166.67,15
2026-09-24T08:30:00Z,CZ,140.27,15
2026-09-24T08:30:00Z,DE-LU,106.24,15
2026-09-24T08:30:00Z,DK1,125.82,15
2026-09-24T08:30:00Z,DK2,138.29,15
2026-09-24T08:30:00Z,EE,140.10,15
2026-09-24T08:30:00Z,ES,87.93,15
2026-09-24T08:30:00Z,FI,140.10,15
2026-09-24T08:30:00Z,FR,147.56,15
2026-09-24T08:30:00Z,HR,155.81,15
2026-09-24T08:30:00Z,HU,154.14,15
2026-09-24T08:30:00Z,IT-CNorth,182.00,15
2026-09-24T08:30:00Z,IT-CSouth,182.00,15
2026-09-24T08:30:00Z,IT-North,182.00,15
2026-09-24T08:30:00Z,IT-Sardinia,182.00,15
2026-09-24T08:30:00Z,IT-Sicily,182.00,15
2026-09-24T08:30:00Z,IT-South,182.00,15
2026-09-24T08:30:00Z,LT,140.10,15
2026-09-24T08:30:00Z,LV,140.10,15
2026-09-24T08:30:00Z,NL,106.24,15
2026-09-24T08:30:00Z,NO1,131.73,15
2026-09-24T08:30:00Z,NO2,132.56,15
2026-09-24T08:30:00Z,NO3,121.56,15
2026-09-24T08:30:00Z,NO4,129.52,15
2026-09-24T08:30:00Z,NO5,131.00,15
2026-09-24T08:30:00Z,PL,141.70,15
2026-09-24T08:30:00Z,PT,100.01,15
2026-09-24T08:30:00Z,RO,154.52,15
2026-09-24T08:30:00Z,SE1,139.80,15
2026-09-24T08:30:00Z,SE2,140.73,15
2026-09-24T08:30:00Z,SE3,139.09,15
2026-09-24T08:30:00Z,SE4,138.41,15
2026-09-24T08:30:00Z,SI,157.30,15
2026-09-24T08:30:00Z,SK,147.86,15
2026-09-24T08:45:00Z,AT,176.55,15
2026-09-24T08:45:00Z,BE,128.85,15
2026-09-24T08:45:00Z,CZ,127.83,15
2026-09-24T08:45:00Z,DE-LU,81.51,15
2026-09-24T08:45:00Z,DK1,115.31,15
2026-09-24T08:45:00Z,DK2,128.95,15
2026-09-24T08:45:00Z,EE,128.95,15
2026-09-24T08:45:00Z,ES,85.20,15
2026-09-24T08:45:00Z,FI,128.95,15
2026-09-24T08:45:00Z,FR,116.36,15
2026-09-24T08:45:00Z,HR,148.05,15
2026-09-24T08:45:00Z,HU,146.99,15
2026-09-24T08:45:00Z,IT-CNorth,176.55,15
2026-09-24T08:45:00Z,IT-CSouth,176.55,15
2026-09-24T08:45:00Z,IT-North,176.55,15
2026-09-24T08:45:00Z,IT-Sardinia,176.55,15
2026-09-24T08:45:00Z,IT-Sicily,176.55,15
2026-09-24T08:45:00Z,IT-South,176.55,15
2026-09-24T08:45:00Z,LT,128.95,15
2026-09-24T08:45:00Z,LV,128.95,15
2026-09-24T08:45:00Z,NL,98.63,15
2026-09-24T08:45:00Z,NO1,128.95,15
2026-09-24T08:45:00Z,NO2,128.95,15
2026-09-24T08:45:00Z,NO3,128.95,15
2026-09-24T08:45:00Z,NO4,128.95,15
2026-09-24T08:45:00Z,NO5,128.95,15
2026-09-24T08:45:00Z,PL,131.18,15
2026-09-24T08:45:00Z,PT,85.20,15
2026-09-24T08:45:00Z,RO,147.19,15
2026-09-24T08:45:00Z,SE1,128.95,15
2026-09-24T08:45:00Z,SE2,128.95,15
2026-09-24T08:45:00Z,SE3,128.95,15
2026-09-24T08:45:00Z,SE4,128.95,15
2026-09-24T08:45:00Z,SI,150.06,15
2026-09-24T08:45:00Z,SK,138.94,15
2026-09-24T09:00:00Z,AT,185.68,15
2026-09-24T09:00:00Z,BE,144.03,15
2026-09-24T09:00:00Z,CH,144.52,60
2026-09-24T09:00:00Z,CZ,139.56,15
2026-09-24T09:00:00Z,DE-LU,98.66,15
2026-09-24T09:00:00Z,DK1,119.78,15
2026-09-24T09:00:00Z,DK2,140.40,15
2026-09-24T09:00:00Z,EE,171.02,15
2026-09-24T09:00:00Z,ES,85.20,15
2026-09-24T09:00:00Z,FI,170.98,15
2026-09-24T09:00:00Z,FR,126.36,15
2026-09-24T09:00:00Z,HR,159.02,15
2026-09-24T09:00:00Z,HU,157.29,15
2026-09-24T09:00:00Z,IT-CNorth,186.31,15
2026-09-24T09:00:00Z,IT-CSouth,186.31,15
2026-09-24T09:00:00Z,IT-North,186.31,15
2026-09-24T09:00:00Z,IT-Sardinia,186.31,15
2026-09-24T09:00:00Z,IT-Sicily,169.09,15
2026-09-24T09:00:00Z,IT-South,186.31,15
2026-09-24T09:00:00Z,LT,171.02,15
2026-09-24T09:00:00Z,LV,171.02,15
2026-09-24T09:00:00Z,NL,101.36,15
2026-09-24T09:00:00Z,NO1,135.18,15
2026-09-24T09:00:00Z,NO2,135.80,15
2026-09-24T09:00:00Z,NO3,126.99,15
2026-09-24T09:00:00Z,NO4,133.84,15
2026-09-24T09:00:00Z,NO5,134.55,15
2026-09-24T09:00:00Z,PL,139.21,15
2026-09-24T09:00:00Z,PT,110.03,15
2026-09-24T09:00:00Z,RO,157.67,15
2026-09-24T09:00:00Z,RS,80.08,15
2026-09-24T09:00:00Z,SE1,141.66,15
2026-09-24T09:00:00Z,SE2,142.34,15
2026-09-24T09:00:00Z,SE3,141.02,15
2026-09-24T09:00:00Z,SE4,140.49,15
2026-09-24T09:00:00Z,SI,161.11,15
2026-09-24T09:00:00Z,SK,148.67,15
2026-09-24T09:15:00Z,AT,189.24,15
2026-09-24T09:15:00Z,BE,97.92,15
2026-09-24T09:15:00Z,CZ,130.64,15
2026-09-24T09:15:00Z,DE-LU,78.86,15
2026-09-24T09:15:00Z,DK1,109.61,15
2026-09-24T09:15:00Z,DK2,140.33,15
2026-09-24T09:15:00Z,EE,150.10,15
2026-09-24T09:15:00Z,ES,73.05,15
2026-09-24T09:15:00Z,FI,150.09,15
2026-09-24T09:15:00Z,FR,78.86,15
2026-09-24T09:15:00Z,HR,154.32,15
2026-09-24T09:15:00Z,HU,153.16,15
2026-09-24T09:15:00Z,IT-CNorth,189.24,15
2026-09-24T09:15:00Z,IT-CSouth,189.24,15
2026-09-24T09:15:00Z,IT-North,189.24,15
2026-09-24T09:15:00Z,IT-Sardinia,189.24,15
2026-09-24T09:15:00Z,IT-Sicily,153.59,15
2026-09-24T09:15:00Z,IT-South,189.24,15
2026-09-24T09:15:00Z,LT,150.10,15
2026-09-24T09:15:00Z,LV,150.10,15
2026-09-24T09:15:00Z,NL,97.92,15
2026-09-24T09:15:00Z,NO1,135.14,15
2026-09-24T09:15:00Z,NO2,135.75,15
2026-09-24T09:15:00Z,NO4,133.47,15
2026-09-24T09:15:00Z,NO5,134.51,15
2026-09-24T09:15:00Z,PL,132.67,15
2026-09-24T09:15:00Z,PT,100.01,15
2026-09-24T09:15:00Z,RO,153.37,15
2026-09-24T09:15:00Z,SE1,141.54,15
2026-09-24T09:15:00Z,SE2,142.26,15
2026-09-24T09:15:00Z,SE3,140.95,15
2026-09-24T09:15:00Z,SE4,140.42,15
2026-09-24T09:15:00Z,SI,156.85,15
2026-09-24T09:15:00Z,SK,143.14,15
2026-09-24T09:30:00Z,AT,185.27,15
2026-09-24T09:30:00Z,BE,77.92,15
2026-09-24T09:30:00Z,CZ,121.33,15
2026-09-24T09:30:00Z,DE-LU,60.02,15
2026-09-24T09:30:00Z,DK1,88.88,15
2026-09-24T09:30:00Z,DK2,132.43,15
2026-09-24T09:30:00Z,EE,149.95,15
2026-09-24T09:30:00Z,ES,57.99,15
2026-09-24T09:30:00Z,FI,149.93,15
2026-09-24T09:30:00Z,FR,60.02,15
2026-09-24T09:30:00Z,HR,147.00,15
2026-09-24T09:30:00Z,HU,147.00,15
2026-09-24T09:30:00Z,IT-CNorth,185.00,15
2026-09-24T09:30:00Z,IT-CSouth,174.93,15
2026-09-24T09:30:00Z,IT-North,185.00,15
2026-09-24T09:30:00Z,IT-Sardinia,174.93,15
2026-09-24T09:30:00Z,IT-Sicily,130.40,15
2026-09-24T09:30:00Z,IT-South,174.93,15
2026-09-24T09:30:00Z,LT,149.95,15
2026-09-24T09:30:00Z,LV,149.95,15
2026-09-24T09:30:00Z,NL,77.92,15
2026-09-24T09:30:00Z,NO1,131.43,15
2026-09-24T09:30:00Z,NO2,131.54,15
2026-09-24T09:30:00Z,NO3,129.86,15
2026-09-24T09:30:00Z,NO4,131.36,15
2026-09-24T09:30:00Z,NO5,131.31,15
2026-09-24T09:30:00Z,PL,130.09,15
2026-09-24T09:30:00Z,PT,100.00,15
2026-09-24T09:30:00Z,RO,146.91,15
2026-09-24T09:30:00Z,SE1,132.69,15
2026-09-24T09:30:00Z,SE2,132.80,15
2026-09-24T09:30:00Z,SE3,132.54,15
2026-09-24T09:30:00Z,SE4,132.44,15
2026-09-24T09:30:00Z,SI,149.51,15
2026-09-24T09:30:00Z,SK,137.79,15
2026-09-24T09:45:00Z,AT,190.94,15
2026-09-24T09:45:00Z,BE,63.78,15
2026-09-24T09:45:00Z,CZ,115.22,15
2026-09-24T09:45:00Z,DE-LU,36.10,15
2026-09-24T09:45:00Z,DK1,77.17,15
2026-09-24T09:45:00Z,DK2,131.00,15
2026-09-24T09:45:00Z,EE,131.00,15
2026-09-24T09:45:00Z,ES,42.86,15
2026-09-24T09:45:00Z,FI,131.00,15
2026-09-24T09:45:00Z,FR,53.68,15
2026-09-24T09:45:00Z,HR,145.18,15
2026-09-24T09:45:00Z,IT-CNorth,179.45,15
2026-09-24T09:45:00Z,IT-CSouth,158.35,15
2026-09-24T09:45:00Z,IT-North,179.45,15
2026-09-24T09:45:00Z,IT-Sardinia,158.35,15
2026-09-24T09:45:00Z,IT-Sicily,127.70,15
2026-09-24T09:45:00Z,IT-South,158.35,15
2026-09-24T09:45:00Z,LT,131.00,15
2026-09-24T09:45:00Z,LV,131.00,15
2026-09-24T09:45:00Z,NL,63.78,15
2026-09-24T09:45:00Z,NO1,131.00,15
2026-09-24T09:45:00Z,NO2,131.00,15
2026-09-24T09:45:00Z,NO3,131.00,15
2026-09-24T09:45:00Z,NO4,131.00,15
2026-09-24T09:45:00Z,NO5,131.00,15
2026-09-24T09:45:00Z,PL,134.37,15
2026-09-24T09:45:00Z,PT,81.30,15
2026-09-24T09:45:00Z,RO,146.44,15
2026-09-24T09:45:00Z,SE1,131.00,15
2026-09-24T09:45:00Z,SE2,131.00,15
2026-09-24T09:45:00Z,SE3,131.00,15
2026-09-24T09:45:00Z,SE4,131.00,15
2026-09-24T09:45:00Z,SI,147.82,15
2026-09-24T09:45:00Z,SK,138.47,15
2026-09-24T10:00:00Z,AT,210.01,15
2026-09-24T10:00:00Z,BE,80.02,15
2026-09-24T10:00:00Z,CH,134.97,60
2026-09-24T10:00:00Z,CZ,117.28,15
2026-09-24T10:00:00Z,DE-LU,25.01,15
2026-09-24T10:00:00Z,DK1,79.90,15
2026-09-24T10:00:00Z,DK2,136.63,15
2026-09-24T10:00:00Z,EE,137.68,15
2026-09-24T10:00:00Z,ES,38.88,15
2026-09-24T10:00:00Z,FI,137.68,15
2026-09-24T10:00:00Z,FR,50.10,15
2026-09-24T10:00:00Z,HR,155.08,15
2026-09-24T10:00:00Z,HU,155.08,15
2026-09-24T10:00:00Z,IT-CNorth,183.60,15
2026-09-24T10:00:00Z,IT-CSouth,183.60,15
2026-09-24T10:00:00Z,IT-North,183.60,15
2026-09-24T10:00:00Z,IT-Sardinia,183.60,15
2026-09-24T10:00:00Z,IT-Sicily,131.47,15
2026-09-24T10:00:00Z,IT-South,183.60,15
2026-09-24T10:00:00Z,LT,137.68,15
2026-09-24T10:00:00Z,LV,137.68,15
2026-09-24T10:00:00Z,NL,53.75,15
2026-09-24T10:00:00Z,NO1,132.89,15
2026-09-24T10:00:00Z,NO2,133.33,15
2026-09-24T10:00:00Z,NO3,126.99,15
2026-09-24T10:00:00Z,NO4,131.58,15
2026-09-24T10:00:00Z,NO5,132.43,15
2026-09-24T10:00:00Z,PL,132.00,15
2026-09-24T10:00:00Z,PT,80.00,15
2026-09-24T10:00:00Z,RO,154.98,15
2026-09-24T10:00:00Z,RS,97.05,15
2026-09-24T10:00:00Z,SE1,137.50,15
2026-09-24T10:00:00Z,SE2,138.03,15
2026-09-24T10:00:00Z,SE3,137.08,15
2026-09-24T10:00:00Z,SE4,136.70,15
2026-09-24T10:00:00Z,SI,159.05,15
2026-09-24T10:00:00Z,SK,142.03,15
2026-09-24T10:15:00Z,AT,217.81,15
2026-09-24T10:15:00Z,BE,68.48,15
2026-09-24T10:15:00Z,CZ,115.92,15
2026-09-24T10:15:00Z,DE-LU,15.11,15
2026-09-24T10:15:00Z,DK1,82.09,15
2026-09-24T10:15:00Z,DK2,132.33,15
2026-09-24T10:15:00Z,EE,132.67,15
2026-09-24T10:15:00Z,ES,38.55,15
2026-09-24T10:15:00Z,FI,132.67,15
2026-09-24T10:15:00Z,FR,38.55,15
2026-09-24T10:15:00Z,HR,157.11,15
2026-09-24T10:15:00Z,HU,157.30,15
2026-09-24T10:15:00Z,IT-CNorth,174.22,15
2026-09-24T10:15:00Z,IT-CSouth,174.22,15
2026-09-24T10:15:00Z,IT-North,174.22,15
2026-09-24T10:15:00Z,IT-Sardinia,174.22,15
2026-09-24T10:15:00Z,IT-Sicily,126.10,15
2026-09-24T10:15:00Z,IT-South,174.22,15
2026-09-24T10:15:00Z,LT,132.67,15
2026-09-24T10:15:00Z,LV,132.67,15
2026-09-24T10:15:00Z,NL,55.58,15
2026-09-24T10:15:00Z,NO1,131.14,15
2026-09-24T10:15:00Z,NO2,131.28,15
2026-09-24T10:15:00Z,NO3,129.26,15
2026-09-24T10:15:00Z,NO4,130.72,15
2026-09-24T10:15:00Z,NO5,130.99,15
2026-09-24T10:15:00Z,PT,75.00,15
2026-09-24T10:15:00Z,RO,157.14,15
2026-09-24T10:15:00Z,SE1,132.61,15
2026-09-24T10:15:00Z,SE2,132.78,15
2026-09-24T10:15:00Z,SE3,132.48,15
2026-09-24T10:15:00Z,SE4,132.36,15
2026-09-24T10:15:00Z,SI,161.48,15
2026-09-24T10:15:00Z,SK,143.03,15
2026-09-24T10:30:00Z,AT,203.29,15
2026-09-24T10:30:00Z,BE,56.37,15
2026-09-24T10:30:00Z,CZ,111.98,15
2026-09-24T10:30:00Z,DE-LU,13.88,15
2026-09-24T10:30:00Z,DK1,70.81,15
2026-09-24T10:30:00Z,DK2,130.00,15
2026-09-24T10:30:00Z,EE,132.13,15
2026-09-24T10:30:00Z,ES,35.48,15
2026-09-24T10:30:00Z,FI,132.13,15
2026-09-24T10:30:00Z,FR,35.48,15
2026-09-24T10:30:00Z,HR,148.39,15
2026-09-24T10:30:00Z,HU,150.83,15
2026-09-24T10:30:00Z,IT-CNorth,170.61,15
2026-09-24T10:30:00Z,IT-CSouth,170.61,15
2026-09-24T10:30:00Z,IT-North,170.61,15
2026-09-24T10:30:00Z,IT-Sardinia,170.61,15
2026-09-24T10:30:00Z,IT-Sicily,122.38,15
2026-09-24T10:30:00Z,IT-South,170.61,15
2026-09-24T10:30:00Z,LT,132.13,15
2026-09-24T10:30:00Z,LV,132.13,15
2026-09-24T10:30:00Z,NL,49.99,15
2026-09-24T10:30:00Z,NO1,130.00,15
2026-09-24T10:30:00Z,NO2,130.00,15
2026-09-24T10:30:00Z,NO3,130.00,15
2026-09-24T10:30:00Z,NO4,130.03,15
2026-09-24T10:30:00Z,NO5,130.00,15
2026-09-24T10:30:00Z,PL,136.96,15
2026-09-24T10:30:00Z,PT,72.00,15
2026-09-24T10:30:00Z,RO,150.11,15
2026-09-24T10:30:00Z,SE1,130.00,15
2026-09-24T10:30:00Z,SE2,130.00,15
2026-09-24T10:30:00Z,SE3,130.00,15
2026-09-24T10:30:00Z,SE4,130.00,15
2026-09-24T10:30:00Z,SI,151.98,15
2026-09-24T10:30:00Z,SK,140.78,15
2026-09-24T10:45:00Z,AT,201.97,15
2026-09-24T10:45:00Z,BE,51.73,15
2026-09-24T10:45:00Z,CZ,111.83,15
2026-09-24T10:45:00Z,DE-LU,10.00,15
2026-09-24T10:45:00Z,DK1,71.18,15
2026-09-24T10:45:00Z,DK2,129.78,15
2026-09-24T10:45:00Z,EE,138.09,15
2026-09-24T10:45:00Z,ES,38.55,15
2026-09-24T10:45:00Z,FI,138.08,15
2026-09-24T10:45:00Z,FR,38.55,15
2026-09-24T10:45:00Z,HR,147.30,15
2026-09-24T10:45:00Z,HU,151.27,15
2026-09-24T10:45:00Z,IT-CNorth,167.29,15
2026-09-24T10:45:00Z,IT-CSouth,167.29,15
2026-09-24T10:45:00Z,IT-North,167.29,15
2026-09-24T10:45:00Z,IT-Sardinia,167.29,15
2026-09-24T10:45:00Z,IT-Sicily,67.26,15
2026-09-24T10:45:00Z,IT-South,167.29,15
2026-09-24T10:45:00Z,LT,138.09,15
2026-09-24T10:45:00Z,LV,138.09,15
2026-09-24T10:45:00Z,NL,51.73,15
2026-09-24T10:45:00Z,NO1,129.78,15
2026-09-24T10:45:00Z,NO2,129.78,15
2026-09-24T10:45:00Z,NO3,129.79,15
2026-09-24T10:45:00Z,NO4,129.92,15
2026-09-24T10:45:00Z,NO5,129.78,15
2026-09-24T10:45:00Z,PL,143.37,15
2026-09-24T10:45:00Z,PT,63.60,15
2026-09-24T10:45:00Z,RO,150.17,15
2026-09-24T10:45:00Z,SE1,129.80,15
2026-09-24T10:45:00Z,SE2,129.78,15
2026-09-24T10:45:00Z,SE3,129.78,15
2026-09-24T10:45:00Z,SE4,129.78,15
2026-09-24T10:45:00Z,SI,150.64,15
2026-09-24T10:45:00Z,SK,143.18,15
2026-09-24T11:00:00Z,AT,200.48,15
2026-09-24T11:00:00Z,BE,43.07,15
2026-09-24T11:00:00Z,CH,139.12,60
2026-09-24T11:00:00Z,CZ,117.37,15
2026-09-24T11:00:00Z,DE-LU,14.00,15
2026-09-24T11:00:00Z,DK1,63.18,15
2026-09-24T11:00:00Z,DK2,129.44,15
2026-09-24T11:00:00Z,EE,145.79,15
2026-09-24T11:00:00Z,ES,27.00,15
2026-09-24T11:00:00Z,FI,145.76,15
2026-09-24T11:00:00Z,FR,27.00,15
2026-09-24T11:00:00Z,HR,154.30,15
2026-09-24T11:00:00Z,HU,158.07,15
2026-09-24T11:00:00Z,IT-CNorth,166.97,15
2026-09-24T11:00:00Z,IT-CSouth,166.97,15
2026-09-24T11:00:00Z,IT-North,166.97,15
2026-09-24T11:00:00Z,IT-Sardinia,166.97,15
2026-09-24T11:00:00Z,IT-Sicily,60.00,15
2026-09-24T11:00:00Z,IT-South,166.97,15
2026-09-24T11:00:00Z,LT,145.79,15
2026-09-24T11:00:00Z,LV,145.79,15
2026-09-24T11:00:00Z,NL,43.07,15
2026-09-24T11:00:00Z,NO1,129.44,15
2026-09-24T11:00:00Z,NO2,129.44,15
2026-09-24T11:00:00Z,NO3,129.44,15
2026-09-24T11:00:00Z,NO4,129.70,15
2026-09-24T11:00:00Z,NO5,129.44,15
2026-09-24T11:00:00Z,PL,149.32,15
2026-09-24T11:00:00Z,PT,27.00,15
2026-09-24T11:00:00Z,RO,156.88,15
2026-09-24T11:00:00Z,RS,103.94,15
2026-09-24T11:00:00Z,SE1,129.47,15
2026-09-24T11:00:00Z,SE2,129.43,15
2026-09-24T11:00:00Z,SE3,129.44,15
2026-09-24T11:00:00Z,SE4,129.44,15
2026-09-24T11:00:00Z,SI,157.43,15
2026-09-24T11:00:00Z,SK,149.40,15
2026-09-24T11:15:00Z,AT,215.33,15
2026-09-24T11:15:00Z,BE,36.94,15
2026-09-24T11:15:00Z,CZ,120.66,15
2026-09-24T11:15:00Z,DE-LU,10.03,15
2026-09-24T11:15:00Z,DK1,75.44,15
2026-09-24T11:15:00Z,DK2,128.58,15
2026-09-24T11:15:00Z,EE,144.57,15
2026-09-24T11:15:00Z,ES,23.50,15
2026-09-24T11:15:00Z,FI,144.55,15
2026-09-24T11:15:00Z,FR,23.50,15
2026-09-24T11:15:00Z,HR,162.06,15
2026-09-24T11:15:00Z,HU,165.33,15
2026-09-24T11:15:00Z,IT-CNorth,170.27,15
2026-09-24T11:15:00Z,IT-CSouth,170.27,15
2026-09-24T11:15:00Z,IT-North,170.27,15
2026-09-24T11:15:00Z,IT-Sardinia,170.27,15
2026-09-24T11:15:00Z,IT-South,170.27,15
2026-09-24T11:15:00Z,LT,144.57,15
2026-09-24T11:15:00Z,LV,144.57,15
2026-09-24T11:15:00Z,NL,36.94,15
2026-09-24T11:15:00Z,NO1,128.58,15
2026-09-24T11:15:00Z,NO2,128.58,15
2026-09-24T11:15:00Z,NO3,128.58,15
2026-09-24T11:15:00Z,NO4,128.84,15
2026-09-24T11:15:00Z,NO5,128.58,15
2026-09-24T11:15:00Z,PT,24.01,15
2026-09-24T11:15:00Z,RO,164.24,15
2026-09-24T11:15:00Z,SE1,128.61,15
2026-09-24T11:15:00Z,SE2,128.58,15
2026-09-24T11:15:00Z,SE3,128.58,15
2026-09-24T11:15:00Z,SE4,128.58,15
2026-09-24T11:15:00Z,SI,165.87,15
2026-09-24T11:15:00Z,SK,153.70,15
2026-09-24T11:30:00Z,AT,202.83,15
2026-09-24T11:30:00Z,BE,29.99,15
2026-09-24T11:30:00Z,CZ,117.70,15
2026-09-24T11:30:00Z,DE-LU,12.32,15
2026-09-24T11:30:00Z,DK1,68.23,15
2026-09-24T11:30:00Z,DK2,127.22,15
2026-09-24T11:30:00Z,EE,145.82,15
2026-09-24T11:30:00Z,ES,17.62,15
2026-09-24T11:30:00Z,FI,145.80,15
2026-09-24T11:30:00Z,FR,17.62,15
2026-09-24T11:30:00Z,HR,154.90,15
2026-09-24T11:30:00Z,HU,159.28,15
2026-09-24T11:30:00Z,IT-CNorth,178.32,15
2026-09-24T11:30:00Z,IT-CSouth,178.32,15
2026-09-24T11:30:00Z,IT-North,178.32,15
2026-09-24T11:30:00Z,IT-Sardinia,178.32,15
2026-09-24T11:30:00Z,IT-Sicily,98.80,15
2026-09-24T11:30:00Z,IT-South,178.32,15
2026-09-24T11:30:00Z,LT,145.82,15
2026-09-24T11:30:00Z,LV,145.82,15
2026-09-24T11:30:00Z,NL,36.92,15
2026-09-24T11:30:00Z,NO1,127.22,15
2026-09-24T11:30:00Z,NO2,127.22,15
2026-09-24T11:30:00Z,NO3,127.22,15
2026-09-24T11:30:00Z,NO4,127.52,15
2026-09-24T11:30:00Z,NO5,127.22,15
2026-09-24T11:30:00Z,PL,151.15,15
2026-09-24T11:30:00Z,RO,157.93,15
2026-09-24T11:30:00Z,SE1,127.26,15
2026-09-24T11:30:00Z,SE2,127.22,15
2026-09-24T11:30:00Z,SE3,127.22,15
2026-09-24T11:30:00Z,SE4,127.22,15
2026-09-24T11:30:00Z,SI,158.07,15
2026-09-24T11:30:00Z,SK,150.75,15
2026-09-24T11:45:00Z,AT,221.14,15
2026-09-24T11:45:00Z,CZ,124.07,15
2026-09-24T11:45:00Z,DE-LU,10.05,15
2026-09-24T11:45:00Z,DK1,86.95,15
2026-09-24T11:45:00Z,DK2,126.72,15
2026-09-24T11:45:00Z,EE,149.54,15
2026-09-24T11:45:00Z,ES,20.00,15
2026-09-24T11:45:00Z,FI,149.51,15
2026-09-24T11:45:00Z,FR,20.00,15
2026-09-24T11:45:00Z,HR,166.09,15
2026-09-24T11:45:00Z,HU,170.00,15
2026-09-24T11:45:00Z,IT-CNorth,178.04,15
2026-09-24T11:45:00Z,IT-CSouth,178.04,15
2026-09-24T11:45:00Z,IT-North,178.04,15
2026-09-24T11:45:00Z,IT-Sardinia,178.04,15
2026-09-24T11:45:00Z,IT-Sicily,99.70,15
2026-09-24T11:45:00Z,IT-South,178.04,15
2026-09-24T11:45:00Z,LT,149.54,15
2026-09-24T11:45:00Z,LV,149.54,15
2026-09-24T11:45:00Z,NL,40.71,15
2026-09-24T11:45:00Z,NO1,126.73,15
2026-09-24T11:45:00Z,NO2,126.73,15
2026-09-24T11:45:00Z,NO3,126.73,15
2026-09-24T11:45:00Z,NO4,127.09,15
2026-09-24T11:45:00Z,NO5,126.73,15
2026-09-24T11:45:00Z,PL,155.05,15
2026-09-24T11:45:00Z,RO,168.73,15
2026-09-24T11:45:00Z,SE1,126.77,15
2026-09-24T11:45:00Z,SE2,126.72,15
2026-09-24T11:45:00Z,SE3,126.72,15
2026-09-24T11:45:00Z,SE4,126.72,15
2026-09-24T11:45:00Z,SI,169.93,15
2026-09-24T11:45:00Z,SK,158.59,15
2026-09-24T12:00:00Z,AT,185.00,15
2026-09-24T12:00:00Z,BE,30.00,15
2026-09-24T12:00:00Z,CH,155.91,60
2026-09-24T12:00:00Z,CZ,107.15,15
2026-09-24T12:00:00Z,DE-LU,8.86,15
2026-09-24T12:00:00Z,DK1,69.11,15
2026-09-24T12:00:00Z,DK2,128.63,15
2026-09-24T12:00:00Z,EE,140.04,15
2026-09-24T12:00:00Z,ES,30.00,15
2026-09-24T12:00:00Z,FI,140.03,15
2026-09-24T12:00:00Z,FR,30.00,15
2026-09-24T12:00:00Z,HR,141.34,15
2026-09-24T12:00:00Z,HU,146.89,15
2026-09-24T12:00:00Z,IT-CNorth,183.60,15
2026-09-24T12:00:00Z,IT-CSouth,176.00,15
2026-09-24T12:00:00Z,IT-North,183.60,15
2026-09-24T12:00:00Z,IT-Sardinia,176.00,15
2026-09-24T12:00:00Z,IT-Sicily,90.00,15
2026-09-24T12:00:00Z,IT-South,176.00,15
2026-09-24T12:00:00Z,LT,140.04,15
2026-09-24T12:00:00Z,LV,140.04,15
2026-09-24T12:00:00Z,NL,30.00,15
2026-09-24T12:00:00Z,NO1,128.63,15
2026-09-24T12:00:00Z,NO2,128.63,15
2026-09-24T12:00:00Z,NO3,128.63,15
2026-09-24T12:00:00Z,NO4,128.81,15
2026-09-24T12:00:00Z,NO5,128.63,15
2026-09-24T12:00:00Z,PL,145.28,15
2026-09-24T12:00:00Z,PT,30.00,15
2026-09-24T12:00:00Z,RO,145.23,15
2026-09-24T12:00:00Z,RS,130.04,15
2026-09-24T12:00:00Z,SE1,128.65,15
2026-09-24T12:00:00Z,SE2,128.63,15
2026-09-24T12:00:00Z,SE3,128.63,15
2026-09-24T12:00:00Z,SE4,128.63,15
2026-09-24T12:00:00Z,SI,143.96,15
2026-09-24T12:00:00Z,SK,141.01,15
2026-09-24T12:15:00Z,AT,184.82,15
2026-09-24T12:15:00Z,BE,34.99,15
2026-09-24T12:15:00Z,CZ,110.98,15
2026-09-24T12:15:00Z,DE-LU,10.90,15
2026-09-24T12:15:00Z,DK1,66.16,15
2026-09-24T12:15:00Z,DK2,127.38,15
2026-09-24T12:15:00Z,EE,149.95,15
2026-09-24T12:15:00Z,ES,34.99,15
2026-09-24T12:15:00Z,FI,149.92,15
2026-09-24T12:15:00Z,FR,34.99,15
2026-09-24T12:15:00Z,HR,143.71,15
2026-09-24T12:15:00Z,HU,150.37,15
2026-09-24T12:15:00Z,IT-CSouth,178.38,15
2026-09-24T12:15:00Z,IT-Sardinia,178.38,15
2026-09-24T12:15:00Z,IT-Sicily,120.20,15
2026-09-24T12:15:00Z,IT-South,178.38,15
2026-09-24T12:15:00Z,LT,149.95,15
2026-09-24T12:15:00Z,LV,149.95,15
2026-09-24T12:15:00Z,NL,34.99,15
2026-09-24T12:15:00Z,NO1,127.38,15
2026-09-24T12:15:00Z,NO2,127.38,15
2026-09-24T12:15:00Z,NO3,127.38,15
2026-09-24T12:15:00Z,NO4,127.74,15
2026-09-24T12:15:00Z,NO5,127.38,15
2026-09-24T12:15:00Z,PL,155.58,15
2026-09-24T12:15:00Z,PT,34.99,15
2026-09-24T12:15:00Z,RO,148.43,15
2026-09-24T12:15:00Z,SE1,127.42,15
2026-09-24T12:15:00Z,SE2,127.38,15
2026-09-24T12:15:00Z,SE3,127.38,15
2026-09-24T12:15:00Z,SE4,127.38,15
2026-09-24T12:15:00Z,SI,145.92,15
2026-09-24T12:15:00Z,SK,146.75,15
2026-09-24T12:30:00Z,AT,226.40,15
2026-09-24T12:30:00Z,BE,39.94,15
2026-09-24T12:30:00Z,CZ,129.00,15
2026-09-24T12:30:00Z,DE-LU,24.00,15
2026-09-24T12:30:00Z,DK1,118.60,15
2026-09-24T12:30:00Z,DK2,127.89,15
2026-09-24T12:30:00Z,EE,149.56,15
2026-09-24T12:30:00Z,ES,38.66,15
2026-09-24T12:30:00Z,FI,149.53,15
2026-09-24T12:30:00Z,FR,38.66,15
2026-09-24T12:30:00Z,HR,171.08,15
2026-09-24T12:30:00Z,HU,174.25,15
2026-09-24T12:30:00Z,IT-CNorth,185.00,15
2026-09-24T12:30:00Z,IT-CSouth,185.00,15
2026-09-24T12:30:00Z,IT-North,185.00,15
2026-09-24T12:30:00Z,IT-Sardinia,185.00,15
2026-09-24T12:30:00Z,IT-Sicily,121.80,15
2026-09-24T12:30:00Z,IT-South,185.00,15
2026-09-24T12:30:00Z,LT,149.56,15
2026-09-24T12:30:00Z,LV,149.56,15
2026-09-24T12:30:00Z,NL,39.94,15
2026-09-24T12:30:00Z,NO1,127.89,15
2026-09-24T12:30:00Z,NO2,127.89,15
2026-09-24T12:30:00Z,NO3,127.90,15
2026-09-24T12:30:00Z,NO4,128.25,15
2026-09-24T12:30:00Z,NO5,127.89,15
2026-09-24T12:30:00Z,PL,154.36,15
2026-09-24T12:30:00Z,PT,38.66,15
2026-09-24T12:30:00Z,RO,173.16,15
2026-09-24T12:30:00Z,SE1,127.94,15
2026-09-24T12:30:00Z,SE2,127.89,15
2026-09-24T12:30:00Z,SE3,127.89,15
2026-09-24T12:30:00Z,SE4,127.89,15
2026-09-24T12:30:00Z,SI,175.08,15
2026-09-24T12:30:00Z,SK,161.70,15
2026-09-24T12:45:00Z,AT,227.18,15
2026-09-24T12:45:00Z,BE,46.03,15
2026-09-24T12:45:00Z,CZ,134.47,15
2026-09-24T12:45:00Z,DE-LU,34.99,15
2026-09-24T12:45:00Z,DK1,123.05,15
2026-09-24T12:45:00Z,DK2,127.83,15
2026-09-24T12:45:00Z,EE,143.65,15
2026-09-24T12:45:00Z,ES,38.55,15
2026-09-24T12:45:00Z,FI,143.63,15
2026-09-24T12:45:00Z,FR,38.55,15
2026-09-24T12:45:00Z,HR,174.89,15
2026-09-24T12:45:00Z,HU,177.48,15
2026-09-24T12:45:00Z,IT-CNorth,201.02,15
2026-09-24T12:45:00Z,IT-CSouth,201.02,15
2026-09-24T12:45:00Z,IT-North,201.02,15
2026-09-24T12:45:00Z,IT-Sardinia,201.02,15
2026-09-24T12:45:00Z,IT-Sicily,131.50,15
2026-09-24T12:45:00Z,IT-South,201.02,15
2026-09-24T12:45:00Z,LT,143.65,15
2026-09-24T12:45:00Z,LV,143.65,15
2026-09-24T12:45:00Z,NL,51.19,15
2026-09-24T12:45:00Z,NO1,127.83,15
2026-09-24T12:45:00Z,NO2,127.83,15
2026-09-24T12:45:00Z,NO3,127.83,15
2026-09-24T12:45:00Z,NO4,128.09,15
2026-09-24T12:45:00Z,NO5,127.83,15
2026-09-24T12:45:00Z,PL,157.49,15
2026-09-24T12:45:00Z,PT,38.55,15
2026-09-24T12:45:00Z,RO,176.56,15
2026-09-24T12:45:00Z,SE1,127.86,15
2026-09-24T12:45:00Z,SE2,127.83,15
2026-09-24T12:45:00Z,SE3,127.83,15
2026-09-24T12:45:00Z,SE4,127.83,15
2026-09-24T12:45:00Z,SI,178.74,15
2026-09-24T12:45:00Z,SK,165.16,15
2026-09-24T13:00:00Z,AT,178.42,15
2026-09-24T13:00:00Z,BE,42.59,15
2026-09-24T13:00:00Z,CH,173.01,60
2026-09-24T13:00:00Z,CZ,115.42,15
2026-09-24T13:00:00Z,DE-LU,38.66,15
2026-09-24T13:00:00Z,DK1,85.51,15
2026-09-24T13:00:00Z,DK2,118.15,15
2026-09-24T13:00:00Z,EE,137.76,15
2026-09-24T13:00:00Z,ES,38.66,15
2026-09-24T13:00:00Z,FI,137.74,15
2026-09-24T13:00:00Z,FR,38.66,15
2026-09-24T13:00:00Z,HR,143.31,15
2026-09-24T13:00:00Z,HU,147.00,15
2026-09-24T13:00:00Z,IT-CNorth,195.05,15
2026-09-24T13:00:00Z,IT-CSouth,195.05,15
2026-09-24T13:00:00Z,IT-North,195.05,15
2026-09-24T13:00:00Z,IT-Sardinia,195.05,15
2026-09-24T13:00:00Z,IT-Sicily,153.92,15
2026-09-24T13:00:00Z,IT-South,195.05,15
2026-09-24T13:00:00Z,LT,137.76,15
2026-09-24T13:00:00Z,LV,137.76,15
2026-09-24T13:00:00Z,NL,42.59,15
2026-09-24T13:00:00Z,NO1,118.15,15
2026-09-24T13:00:00Z,NO2,118.15,15
2026-09-24T13:00:00Z,NO3,118.15,15
2026-09-24T13:00:00Z,NO4,118.46,15
2026-09-24T13:00:00Z,NO5,118.15,15
2026-09-24T13:00:00Z,PL,143.71,15
2026-09-24T13:00:00Z,PT,38.66,15
2026-09-24T13:00:00Z,RO,145.84,15
2026-09-24T13:00:00Z,RS,140.06,15
2026-09-24T13:00:00Z,SE1,118.18,15
2026-09-24T13:00:00Z,SE2,118.14,15
2026-09-24T13:00:00Z,SE3,118.15,15
2026-09-24T13:00:00Z,SE4,118.15,15
2026-09-24T13:00:00Z,SI,145.51,15
2026-09-24T13:00:00Z,SK,141.96,15
2026-09-24T13:15:00Z,AT,196.12,15
2026-09-24T13:15:00Z,BE,66.10,15
2026-09-24T13:15:00Z,CZ,135.59,15
2026-09-24T13:15:00Z,DE-LU,61.86,15
2026-09-24T13:15:00Z,DK1,108.15,15
2026-09-24T13:15:00Z,DK2,119.21,15
2026-09-24T13:15:00Z,EE,133.87,15
2026-09-24T13:15:00Z,ES,38.77,15
2026-09-24T13:15:00Z,FI,133.85,15
2026-09-24T13:15:00Z,FR,38.77,15
2026-09-24T13:15:00Z,HR,164.03,15
2026-09-24T13:15:00Z,HU,166.13,15
2026-09-24T13:15:00Z,IT-CNorth,204.76,15
2026-09-24T13:15:00Z,IT-CSouth,204.76,15
2026-09-24T13:15:00Z,IT-North,204.76,15
2026-09-24T13:15:00Z,IT-Sardinia,204.76,15
2026-09-24T13:15:00Z,IT-Sicily,184.59,15
2026-09-24T13:15:00Z,IT-South,204.76,15
2026-09-24T13:15:00Z,LT,134.85,15
2026-09-24T13:15:00Z,LV,134.85,15
2026-09-24T13:15:00Z,NL,70.14,15
2026-09-24T13:15:00Z,NO1,119.21,15
2026-09-24T13:15:00Z,NO2,119.21,15
2026-09-24T13:15:00Z,NO3,119.22,15
2026-09-24T13:15:00Z,NO4,119.45,15
2026-09-24T13:15:00Z,NO5,119.21,15
2026-09-24T13:15:00Z,PL,159.85,15
2026-09-24T13:15:00Z,PT,38.77,15
2026-09-24T13:15:00Z,RO,165.41,15
2026-09-24T13:15:00Z,SE1,119.24,15
2026-09-24T13:15:00Z,SE2,119.21,15
2026-09-24T13:15:00Z,SE3,119.21,15
2026-09-24T13:15:00Z,SE4,119.21,15
2026-09-24T13:15:00Z,SI,166.25,15
2026-09-24T13:15:00Z,SK,160.02,15
2026-09-24T13:30:00Z,AT,182.28,15
2026-09-24T13:30:00Z,BE,97.00,15
2026-09-24T13:30:00Z,CZ,146.08,15
2026-09-24T13:30:00Z,DE-LU,95.00,15
2026-09-24T13:30:00Z,DK1,109.40,15
2026-09-24T13:30:00Z,DK2,122.81,15
2026-09-24T13:30:00Z,EE,149.98,15
2026-09-24T13:30:00Z,ES,38.99,15
2026-09-24T13:30:00Z,FI,149.94,15
2026-09-24T13:30:00Z,FR,38.99,15
2026-09-24T13:30:00Z,GR,1.10,15
2026-09-24T13:30:00Z,HR,166.28,15
2026-09-24T13:30:00Z,HU,166.54,15
2026-09-24T13:30:00Z,IT-CNorth,200.00,15
2026-09-24T13:30:00Z,IT-CSouth,200.00,15
2026-09-24T13:30:00Z,IT-North,200.00,15
2026-09-24T13:30:00Z,IT-Sardinia,200.00,15
2026-09-24T13:30:00Z,IT-Sicily,196.00,15
2026-09-24T13:30:00Z,IT-South,200.00,15
2026-09-24T13:30:00Z,LT,149.98,15
2026-09-24T13:30:00Z,LV,149.98,15
2026-09-24T13:30:00Z,NL,97.00,15
2026-09-24T13:30:00Z,NO1,122.81,15
2026-09-24T13:30:00Z,NO2,122.81,15
2026-09-24T13:30:00Z,NO3,122.81,15
2026-09-24T13:30:00Z,NO4,123.25,15
2026-09-24T13:30:00Z,NO5,122.81,15
2026-09-24T13:30:00Z,PL,164.94,15
2026-09-24T13:30:00Z,PT,38.99,15
2026-09-24T13:30:00Z,RO,166.39,15
2026-09-24T13:30:00Z,SE1,122.86,15
2026-09-24T13:30:00Z,SE2,122.80,15
2026-09-24T13:30:00Z,SE3,122.81,15
2026-09-24T13:30:00Z,SE4,122.81,15
2026-09-24T13:30:00Z,SI,167.59,15
2026-09-24T13:30:00Z,SK,163.10,15
2026-09-24T13:45:00Z,AT,206.75,15
2026-09-24T13:45:00Z,BE,110.22,15
2026-09-24T13:45:00Z,CZ,160.00,15
2026-09-24T13:45:00Z,DE-LU,108.00,15
2026-09-24T13:45:00Z,DK1,117.46,15
2026-09-24T13:45:00Z,DK2,125.05,15
2026-09-24T13:45:00Z,EE,152.29,15
2026-09-24T13:45:00Z,ES,40.00,15
2026-09-24T13:45:00Z,FI,152.25,15
2026-09-24T13:45:00Z,FR,73.61,15
2026-09-24T13:45:00Z,GR,145.80,15
2026-09-24T13:45:00Z,HR,204.60,15
2026-09-24T13:45:00Z,HU,206.75,15
2026-09-24T13:45:00Z,IT-CNorth,216.92,15
2026-09-24T13:45:00Z,IT-CSouth,216.92,15
2026-09-24T13:45:00Z,IT-North,216.92,15
2026-09-24T13:45:00Z,IT-Sardinia,216.92,15
2026-09-24T13:45:00Z,IT-Sicily,216.00,15
2026-09-24T13:45:00Z,IT-South,216.92,15
2026-09-24T13:45:00Z,LT,152.29,15
2026-09-24T13:45:00Z,LV,152.29,15
2026-09-24T13:45:00Z,NL,110.22,15
2026-09-24T13:45:00Z,NO1,125.05,15
2026-09-24T13:45:00Z,NO2,125.05,15
2026-09-24T13:45:00Z,NO3,125.05,15
2026-09-24T13:45:00Z,NO4,125.49,15
2026-09-24T13:45:00Z,NO5,125.05,15
2026-09-24T13:45:00Z,PL,184.22,15
2026-09-24T13:45:00Z,PT,40.00,15
2026-09-24T13:45:00Z,RO,206.16,15
2026-09-24T13:45:00Z,SE1,125.10,15
2026-09-24T13:45:00Z,SE2,125.05,15
2026-09-24T13:45:00Z,SE3,125.05,15
2026-09-24T13:45:00Z,SE4,125.05,15
2026-09-24T13:45:00Z,SI,206.75,15
2026-09-24T13:45:00Z,SK,202.40,15
2026-09-24T14:00:00Z,AT,197.83,15
2026-09-24T14:00:00Z,BE,85.81,15
2026-09-24T14:00:00Z,CH,192.50,60
2026-09-24T14:00:00Z,CZ,134.00,15
2026-09-24T14:00:00Z,DE-LU,76.90,15
2026-09-24T14:00:00Z,DK1,91.43,15
2026-09-24T14:00:00Z,DK2,127.74,15
2026-09-24T14:00:00Z,EE,127.73,15
2026-09-24T14:00:00Z,ES,57.00,15
2026-09-24T14:00:00Z,FI,127.60,15
2026-09-24T14:00:00Z,FR,74.07,15
2026-09-24T14:00:00Z,GR,157.03,15
2026-09-24T14:00:00Z,HR,197.63,15
2026-09-24T14:00:00Z,HU,197.83,15
2026-09-24T14:00:00Z,IT-CNorth,210.00,15
2026-09-24T14:00:00Z,IT-CSouth,210.00,15
2026-09-24T14:00:00Z,IT-North,210.00,15
2026-09-24T14:00:00Z,IT-Sardinia,210.00,15
2026-09-24T14:00:00Z,IT-Sicily,0.10,15
2026-09-24T14:00:00Z,IT-South,210.00,15
2026-09-24T14:00:00Z,LT,127.74,15
2026-09-24T14:00:00Z,LV,127.74,15
2026-09-24T14:00:00Z,NL,85.81,15
2026-09-24T14:00:00Z,NO1,127.74,15
2026-09-24T14:00:00Z,NO2,127.74,15
2026-09-24T14:00:00Z,NO3,127.75,15
2026-09-24T14:00:00Z,NO4,56.71,15
2026-09-24T14:00:00Z,NO5,127.74,15
2026-09-24T14:00:00Z,PL,154.79,15
2026-09-24T14:00:00Z,PT,57.00,15
2026-09-24T14:00:00Z,RO,197.83,15
2026-09-24T14:00:00Z,RS,190.03,15
2026-09-24T14:00:00Z,SE1,115.44,15
2026-09-24T14:00:00Z,SE2,127.73,15
2026-09-24T14:00:00Z,SE3,127.74,15
2026-09-24T14:00:00Z,SE4,127.74,15
2026-09-24T14:00:00Z,SI,202.08,15
2026-09-24T14:00:00Z,SK,190.28,15
2026-09-24T14:15:00Z,AT,199.11,15
2026-09-24T14:15:00Z,BE,108.86,15
2026-09-24T14:15:00Z,CZ,140.77,15
2026-09-24T14:15:00Z,DE-LU,108.86,15
2026-09-24T14:15:00Z,DK1,109.74,15
2026-09-24T14:15:00Z,DK2,129.81,15
2026-09-24T14:15:00Z,EE,129.81,15
2026-09-24T14:15:00Z,ES,70.00,15
2026-09-24T14:15:00Z,FI,129.68,15
2026-09-24T14:15:00Z,FR,95.13,15
2026-09-24T14:15:00Z,GR,212.74,15
2026-09-24T14:15:00Z,HR,225.81,15
2026-09-24T14:15:00Z,HU,226.71,15
2026-09-24T14:15:00Z,IT-CNorth,226.71,15
2026-09-24T14:15:00Z,IT-CSouth,226.71,15
2026-09-24T14:15:00Z,IT-North,226.71,15
2026-09-24T14:15:00Z,IT-Sardinia,226.71,15
2026-09-24T14:15:00Z,IT-Sicily,5.79,15
2026-09-24T14:15:00Z,IT-South,226.71,15
2026-09-24T14:15:00Z,LT,129.81,15
2026-09-24T14:15:00Z,LV,129.81,15
2026-09-24T14:15:00Z,NL,108.86,15
2026-09-24T14:15:00Z,NO1,129.81,15
2026-09-24T14:15:00Z,NO2,129.81,15
2026-09-24T14:15:00Z,NO3,129.82,15
2026-09-24T14:15:00Z,NO4,56.62,15
2026-09-24T14:15:00Z,NO5,129.81,15
2026-09-24T14:15:00Z,PL,161.03,15
2026-09-24T14:15:00Z,PT,70.00,15
2026-09-24T14:15:00Z,RO,226.71,15
2026-09-24T14:15:00Z,SE1,117.14,15
2026-09-24T14:15:00Z,SE2,129.80,15
2026-09-24T14:15:00Z,SE3,129.81,15
2026-09-24T14:15:00Z,SE4,129.81,15
2026-09-24T14:15:00Z,SI,226.71,15
2026-09-24T14:15:00Z,SK,223.50,15
2026-09-24T14:30:00Z,AT,213.42,15
2026-09-24T14:30:00Z,BE,132.02,15
2026-09-24T14:30:00Z,CZ,152.58,15
2026-09-24T14:30:00Z,DE-LU,132.15,15
2026-09-24T14:30:00Z,DK1,132.20,15
2026-09-24T14:30:00Z,DK2,136.12,15
2026-09-24T14:30:00Z,EE,136.12,15
2026-09-24T14:30:00Z,ES,77.87,15
2026-09-24T14:30:00Z,FI,135.97,15
2026-09-24T14:30:00Z,FR,118.13,15
2026-09-24T14:30:00Z,GR,227.49,15
2026-09-24T14:30:00Z,HR,244.85,15
2026-09-24T14:30:00Z,HU,257.26,15
2026-09-24T14:30:00Z,IT-CNorth,244.85,15
2026-09-24T14:30:00Z,IT-CSouth,244.85,15
2026-09-24T14:30:00Z,IT-North,244.85,15
2026-09-24T14:30:00Z,IT-Sardinia,244.85,15
2026-09-24T14:30:00Z,IT-Sicily,50.00,15
2026-09-24T14:30:00Z,IT-South,244.85,15
2026-09-24T14:30:00Z,LT,136.12,15
2026-09-24T14:30:00Z,LV,136.12,15
2026-09-24T14:30:00Z,NL,132.15,15
2026-09-24T14:30:00Z,NO1,136.12,15
2026-09-24T14:30:00Z,NO2,136.12,15
2026-09-24T14:30:00Z,NO3,136.12,15
2026-09-24T14:30:00Z,NO4,57.26,15
2026-09-24T14:30:00Z,NO5,136.12,15
2026-09-24T14:30:00Z,PL,177.06,15
2026-09-24T14:30:00Z,PT,77.87,15
2026-09-24T14:30:00Z,RO,254.86,15
2026-09-24T14:30:00Z,SE1,122.47,15
2026-09-24T14:30:00Z,SE2,136.11,15
2026-09-24T14:30:00Z,SE3,136.11,15
2026-09-24T14:30:00Z,SE4,136.12,15
2026-09-24T14:30:00Z,SI,244.85,15
2026-09-24T14:30:00Z,SK,257.26,15
2026-09-24T14:45:00Z,AT,229.56,15
2026-09-24T14:45:00Z,BE,156.40,15
2026-09-24T14:45:00Z,CZ,175.13,15
2026-09-24T14:45:00Z,DE-LU,152.80,15
2026-09-24T14:45:00Z,DK1,152.25,15
2026-09-24T14:45:00Z,DK2,155.04,15
2026-09-24T14:45:00Z,EE,141.05,15
2026-09-24T14:45:00Z,ES,86.18,15
2026-09-24T14:45:00Z,FI,140.90,15
2026-09-24T14:45:00Z,FR,152.80,15
2026-09-24T14:45:00Z,GR,246.34,15
2026-09-24T14:45:00Z,HR,249.98,15
2026-09-24T14:45:00Z,HU,286.00,15
2026-09-24T14:45:00Z,IT-CNorth,219.12,15
2026-09-24T14:45:00Z,IT-CSouth,219.12,15
2026-09-24T14:45:00Z,IT-North,219.12,15
2026-09-24T14:45:00Z,IT-Sardinia,219.12,15
2026-09-24T14:45:00Z,IT-Sicily,155.00,15
2026-09-24T14:45:00Z,IT-South,219.12,15
2026-09-24T14:45:00Z,LT,155.98,15
2026-09-24T14:45:00Z,LV,155.98,15
2026-09-24T14:45:00Z,NL,155.42,15
2026-09-24T14:45:00Z,NO1,141.29,15
2026-09-24T14:45:00Z,NO2,142.43,15
2026-09-24T14:45:00Z,NO3,129.60,15
2026-09-24T14:45:00Z,NO4,57.82,15
2026-09-24T14:45:00Z,NO5,140.57,15
2026-09-24T14:45:00Z,PL,220.21,15
2026-09-24T14:45:00Z,PT,86.18,15
2026-09-24T14:45:00Z,RO,278.85,15
2026-09-24T14:45:00Z,SE1,120.26,15
2026-09-24T14:45:00Z,SE2,128.72,15
2026-09-24T14:45:00Z,SE3,150.83,15
2026-09-24T14:45:00Z,SE4,155.41,15
2026-09-24T14:45:00Z,SI,241.34,15
2026-09-24T14:45:00Z,SK,286.00,15
2026-09-24T15:00:00Z,AT,190.00,15
2026-09-24T15:00:00Z,BE,154.17,15
2026-09-24T15:00:00Z,CH,205.10,60
2026-09-24T15:00:00Z,CZ,165.39,15
2026-09-24T15:00:00Z,DE-LU,141.60,15
2026-09-24T15:00:00Z,DK1,140.06,15
2026-09-24T15:00:00Z,DK2,151.99,15
2026-09-24T15:00:00Z,EE,140.15,15
2026-09-24T15:00:00Z,ES,80.46,15
2026-09-24T15:00:00Z,FI,140.00,15
2026-09-24T15:00:00Z,FR,141.60,15
2026-09-24T15:00:00Z,GR,274.26,15
2026-09-24T15:00:00Z,HR,228.05,15
2026-09-24T15:00:00Z,HU,292.80,15
2026-09-24T15:00:00Z,IT-CNorth,190.00,15
2026-09-24T15:00:00Z,IT-CSouth,190.00,15
2026-09-24T15:00:00Z,IT-North,190.00,15
2026-09-24T15:00:00Z,IT-Sardinia,190.00,15
2026-09-24T15:00:00Z,IT-Sicily,190.00,15
2026-09-24T15:00:00Z,IT-South,190.00,15
2026-09-24T15:00:00Z,LT,218.87,15
2026-09-24T15:00:00Z,LV,218.87,15
2026-09-24T15:00:00Z,NL,134.04,15
2026-09-24T15:00:00Z,NO1,138.21,15
2026-09-24T15:00:00Z,NO2,141.32,15
2026-09-24T15:00:00Z,NO3,125.56,15
2026-09-24T15:00:00Z,NO4,53.97,15
2026-09-24T15:00:00Z,NO5,133.94,15
2026-09-24T15:00:00Z,PL,223.81,15
2026-09-24T15:00:00Z,PT,80.46,15
2026-09-24T15:00:00Z,RO,282.49,15
2026-09-24T15:00:00Z,RS,286.00,15
2026-09-24T15:00:00Z,SE1,117.10,15
2026-09-24T15:00:00Z,SE2,125.88,15
2026-09-24T15:00:00Z,SE3,147.68,15
2026-09-24T15:00:00Z,SE4,152.35,15
2026-09-24T15:00:00Z,SI,212.59,15
2026-09-24T15:00:00Z,SK,205.16,15
2026-09-24T15:15:00Z,AT,208.97,15
2026-09-24T15:15:00Z,BE,183.46,15
2026-09-24T15:15:00Z,CZ,200.82,15
2026-09-24T15:15:00Z,DE-LU,170.89,15
2026-09-24T15:15:00Z,DK1,169.32,15
2026-09-24T15:15:00Z,DK2,172.79,15
2026-09-24T15:15:00Z,EE,150.26,15
2026-09-24T15:15:00Z,ES,89.83,15
2026-09-24T15:15:00Z,FI,150.10,15
2026-09-24T15:15:00Z,FR,170.89,15
2026-09-24T15:15:00Z,GR,295.08,15
2026-09-24T15:15:00Z,HR,256.30,15
2026-09-24T15:15:00Z,HU,336.33,15
2026-09-24T15:15:00Z,IT-CNorth,208.97,15
2026-09-24T15:15:00Z,IT-CSouth,208.97,15
2026-09-24T15:15:00Z,IT-North,208.97,15
2026-09-24T15:15:00Z,IT-Sardinia,208.97,15
2026-09-24T15:15:00Z,IT-Sicily,208.97,15
2026-09-24T15:15:00Z,IT-South,208.97,15
2026-09-24T15:15:00Z,LT,174.38,15
2026-09-24T15:15:00Z,LV,174.38,15
2026-09-24T15:15:00Z,NL,162.51,15
2026-09-24T15:15:00Z,NO1,147.21,15
2026-09-24T15:15:00Z,NO2,155.93,15
2026-09-24T15:15:00Z,NO3,121.66,15
2026-09-24T15:15:00Z,NO4,54.37,15
2026-09-24T15:15:00Z,NO5,133.18,15
2026-09-24T15:15:00Z,PL,246.97,15
2026-09-24T15:15:00Z,PT,89.83,15
2026-09-24T15:15:00Z,RO,323.63,15
2026-09-24T15:15:00Z,SE1,118.77,15
2026-09-24T15:15:00Z,SE2,124.03,15
2026-09-24T15:15:00Z,SE3,164.70,15
2026-09-24T15:15:00Z,SE4,173.43,15
2026-09-24T15:15:00Z,SI,236.55,15
2026-09-24T15:15:00Z,SK,233.50,15
2026-09-24T15:30:00Z,AT,236.99,15
2026-09-24T15:30:00Z,BE,199.13,15
2026-09-24T15:30:00Z,CZ,226.71,15
2026-09-24T15:30:00Z,DE-LU,193.19,15
2026-09-24T15:30:00Z,DK1,191.04,15
2026-09-24T15:30:00Z,DK2,194.63,15
2026-09-24T15:30:00Z,EE,151.16,15
2026-09-24T15:30:00Z,ES,100.01,15
2026-09-24T15:30:00Z,FI,151.01,15
2026-09-24T15:30:00Z,FR,171.17,15
2026-09-24T15:30:00Z,GR,302.20,15
2026-09-24T15:30:00Z,HR,290.01,15
2026-09-24T15:30:00Z,HU,378.99,15
2026-09-24T15:30:00Z,IT-CNorth,236.99,15
2026-09-24T15:30:00Z,IT-CSouth,236.99,15
2026-09-24T15:30:00Z,IT-North,236.99,15
2026-09-24T15:30:00Z,IT-Sardinia,236.99,15
2026-09-24T15:30:00Z,IT-Sicily,236.99,15
2026-09-24T15:30:00Z,IT-South,236.99,15
2026-09-24T15:30:00Z,LT,197.35,15
2026-09-24T15:30:00Z,LV,197.35,15
2026-09-24T15:30:00Z,NL,182.35,15
2026-09-24T15:30:00Z,NO1,151.92,15
2026-09-24T15:30:00Z,NO2,163.37,15
2026-09-24T15:30:00Z,NO3,111.43,15
2026-09-24T15:30:00Z,NO4,55.18,15
2026-09-24T15:30:00Z,NO5,134.91,15
2026-09-24T15:30:00Z,PL,276.43,15
2026-09-24T15:30:00Z,PT,100.01,15
2026-09-24T15:30:00Z,RO,364.94,15
2026-09-24T15:30:00Z,SE1,114.82,15
2026-09-24T15:30:00Z,SE2,113.55,15
2026-09-24T15:30:00Z,SE3,181.23,15
2026-09-24T15:30:00Z,SE4,195.72,15
2026-09-24T15:30:00Z,SI,267.98,15
2026-09-24T15:30:00Z,SK,262.90,15
2026-09-24T15:45:00Z,AT,248.36,15
2026-09-24T15:45:00Z,BE,226.02,15
2026-09-24T15:45:00Z,CZ,235.13,15
2026-09-24T15:45:00Z,DE-LU,214.43,15
2026-09-24T15:45:00Z,DK1,209.81,15
2026-09-24T15:45:00Z,DK2,216.46,15
2026-09-24T15:45:00Z,EE,155.58,15
2026-09-24T15:45:00Z,ES,110.70,15
2026-09-24T15:45:00Z,FI,155.43,15
2026-09-24T15:45:00Z,FR,214.43,15
2026-09-24T15:45:00Z,GR,313.61,15
2026-09-24T15:45:00Z,HR,300.56,15
2026-09-24T15:45:00Z,HU,391.95,15
2026-09-24T15:45:00Z,IT-CNorth,240.50,15
2026-09-24T15:45:00Z,IT-CSouth,240.50,15
2026-09-24T15:45:00Z,IT-North,240.50,15
2026-09-24T15:45:00Z,IT-Sardinia,240.50,15
2026-09-24T15:45:00Z,IT-Sicily,240.50,15
2026-09-24T15:45:00Z,IT-South,240.50,15
2026-09-24T15:45:00Z,LT,220.31,15
2026-09-24T15:45:00Z,LV,220.31,15
2026-09-24T15:45:00Z,NL,206.58,15
2026-09-24T15:45:00Z,NO1,156.52,15
2026-09-24T15:45:00Z,NO2,171.21,15
2026-09-24T15:45:00Z,NO3,100.70,15
2026-09-24T15:45:00Z,NO4,55.55,15
2026-09-24T15:45:00Z,NO5,135.56,15
2026-09-24T15:45:00Z,PL,269.18,15
2026-09-24T15:45:00Z,PT,110.70,15
2026-09-24T15:45:00Z,RO,377.69,15
2026-09-24T15:45:00Z,SE1,110.62,15
2026-09-24T15:45:00Z,SE2,102.84,15
2026-09-24T15:45:00Z,SE3,197.70,15
2026-09-24T15:45:00Z,SE4,218.00,15
2026-09-24T15:45:00Z,SI,277.99,15
2026-09-24T15:45:00Z,SK,265.87,15
2026-09-24T16:00:00Z,AT,220.00,15
2026-09-24T16:00:00Z,BE,189.55,15
2026-09-24T16:00:00Z,CH,216.00,60
2026-09-24T16:00:00Z,CZ,177.45,15
2026-09-24T16:00:00Z,DE-LU,186.47,15
2026-09-24T16:00:00Z,DK1,183.62,15
2026-09-24T16:00:00Z,DK2,189.51,15
2026-09-24T16:00:00Z,EE,157.65,15
2026-09-24T16:00:00Z,ES,104.06,15
2026-09-24T16:00:00Z,FI,157.48,15
2026-09-24T16:00:00Z,FR,169.37,15
2026-09-24T16:00:00Z,GR,310.51,15
2026-09-24T16:00:00Z,HR,279.31,15
2026-09-24T16:00:00Z,HU,396.37,15
2026-09-24T16:00:00Z,IT-CNorth,220.00,15
2026-09-24T16:00:00Z,IT-CSouth,220.00,15
2026-09-24T16:00:00Z,IT-North,220.00,15
2026-09-24T16:00:00Z,IT-Sardinia,220.00,15
2026-09-24T16:00:00Z,IT-Sicily,258.69,15
2026-09-24T16:00:00Z,IT-South,220.00,15
2026-09-24T16:00:00Z,LT,214.86,15
2026-09-24T16:00:00Z,LV,214.86,15
2026-09-24T16:00:00Z,NL,177.44,15
2026-09-24T16:00:00Z,NO1,158.73,15
2026-09-24T16:00:00Z,NO2,174.30,15
2026-09-24T16:00:00Z,NO3,124.53,15
2026-09-24T16:00:00Z,NO4,54.42,15
2026-09-24T16:00:00Z,NO5,131.49,15
2026-09-24T16:00:00Z,PL,212.80,15
2026-09-24T16:00:00Z,PT,104.06,15
2026-09-24T16:00:00Z,RO,369.67,15
2026-09-24T16:00:00Z,RS,312.01,15
2026-09-24T16:00:00Z,SE1,125.31,15
2026-09-24T16:00:00Z,SE2,130.19,15
2026-09-24T16:00:00Z,SE3,179.42,15
2026-09-24T16:00:00Z,SE4,190.23,15
2026-09-24T16:00:00Z,SI,251.75,15
2026-09-24T16:00:00Z,SK,225.55,15
2026-09-24T16:15:00Z,AT,240.50,15
2026-09-24T16:15:00Z,BE,229.43,15
2026-09-24T16:15:00Z,CZ,216.56,15
2026-09-24T16:15:00Z,DE-LU,218.93,15
2026-09-24T16:15:00Z,DK1,214.59,15
2026-09-24T16:15:00Z,DK2,218.56,15
2026-09-24T16:15:00Z,EE,163.31,15
2026-09-24T16:15:00Z,ES,130.00,15
2026-09-24T16:15:00Z,FI,163.14,15
2026-09-24T16:15:00Z,FR,218.93,15
2026-09-24T16:15:00Z,GR,319.49,15
2026-09-24T16:15:00Z,HR,294.24,15
2026-09-24T16:15:00Z,HU,398.59,15
2026-09-24T16:15:00Z,IT-CNorth,240.50,15
2026-09-24T16:15:00Z,IT-CSouth,240.50,15
2026-09-24T16:15:00Z,IT-North,240.50,15
2026-09-24T16:15:00Z,IT-Sardinia,240.50,15
2026-09-24T16:15:00Z,IT-Sicily,306.12,15
2026-09-24T16:15:00Z,IT-South,240.50,15
2026-09-24T16:15:00Z,LT,198.34,15
2026-09-24T16:15:00Z,LV,198.34,15
2026-09-24T16:15:00Z,NL,209.10,15
2026-09-24T16:15:00Z,NO1,164.55,15
2026-09-24T16:15:00Z,NO2,183.87,15
2026-09-24T16:15:00Z,NO3,110.18,15
2026-09-24T16:15:00Z,NO4,54.26,15
2026-09-24T16:15:00Z,NO5,133.31,15
2026-09-24T16:15:00Z,PL,241.11,15
2026-09-24T16:15:00Z,PT,130.00,15
2026-09-24T16:15:00Z,RO,374.98,15
2026-09-24T16:15:00Z,SE1,119.33,15
2026-09-24T16:15:00Z,SE2,115.29,15
2026-09-24T16:15:00Z,SE3,201.12,15
2026-09-24T16:15:00Z,SE4,219.87,15
2026-09-24T16:15:00Z,SI,269.29,15
2026-09-24T16:15:00Z,SK,252.51,15
2026-09-24T16:30:00Z,AT,255.07,15
2026-09-24T16:30:00Z,BE,237.58,15
2026-09-24T16:30:00Z,CZ,229.60,15
2026-09-24T16:30:00Z,DE-LU,236.02,15
2026-09-24T16:30:00Z,DK1,234.60,15
2026-09-24T16:30:00Z,DK2,238.54,15
2026-09-24T16:30:00Z,EE,165.69,15
2026-09-24T16:30:00Z,ES,169.33,15
2026-09-24T16:30:00Z,FI,165.52,15
2026-09-24T16:30:00Z,FR,233.27,15
2026-09-24T16:30:00Z,GR,294.29,15
2026-09-24T16:30:00Z,HR,327.47,15
2026-09-24T16:30:00Z,HU,469.45,15
2026-09-24T16:30:00Z,IT-CNorth,247.22,15
2026-09-24T16:30:00Z,IT-CSouth,247.22,15
2026-09-24T16:30:00Z,IT-North,247.22,15
2026-09-24T16:30:00Z,IT-Sardinia,247.22,15
2026-09-24T16:30:00Z,IT-Sicily,323.28,15
2026-09-24T16:30:00Z,IT-South,247.22,15
2026-09-24T16:30:00Z,LT,243.05,15
2026-09-24T16:30:00Z,LV,243.05,15
2026-09-24T16:30:00Z,NL,236.02,15
2026-09-24T16:30:00Z,NO1,166.97,15
2026-09-24T16:30:00Z,NO2,187.94,15
2026-09-24T16:30:00Z,NO3,98.17,15
2026-09-24T16:30:00Z,NO4,54.09,15
2026-09-24T16:30:00Z,NO5,135.15,15
2026-09-24T16:30:00Z,PL,251.98,15
2026-09-24T16:30:00Z,PT,169.33,15
2026-09-24T16:30:00Z,RO,437.24,15
2026-09-24T16:30:00Z,SE1,113.27,15
2026-09-24T16:30:00Z,SE2,102.16,15
2026-09-24T16:30:00Z,SE3,215.58,15
2026-09-24T16:30:00Z,SE4,240.30,15
2026-09-24T16:30:00Z,SI,293.41,15
2026-09-24T16:30:00Z,SK,271.71,15
2026-09-24T16:45:00Z,AT,267.56,15
2026-09-24T16:45:00Z,BE,263.20,15
2026-09-24T16:45:00Z,CZ,256.39,15
2026-09-24T16:45:00Z,DE-LU,262.74,15
2026-09-24T16:45:00Z,DK1,262.16,15
2026-09-24T16:45:00Z,DK2,262.79,15
2026-09-24T16:45:00Z,EE,165.65,15
2026-09-24T16:45:00Z,ES,196.92,15
2026-09-24T16:45:00Z,FI,165.49,15
2026-09-24T16:45:00Z,FR,261.00,15
2026-09-24T16:45:00Z,GR,280.02,15
2026-09-24T16:45:00Z,HR,295.39,15
2026-09-24T16:45:00Z,HU,351.23,15
2026-09-24T16:45:00Z,IT-CNorth,261.00,15
2026-09-24T16:45:00Z,IT-CSouth,261.00,15
2026-09-24T16:45:00Z,IT-North,261.00,15
2026-09-24T16:45:00Z,IT-Sardinia,261.00,15
2026-09-24T16:45:00Z,IT-Sicily,327.85,15
2026-09-24T16:45:00Z,IT-South,261.00,15
2026-09-24T16:45:00Z,LT,261.25,15
2026-09-24T16:45:00Z,LV,261.25,15
2026-09-24T16:45:00Z,NL,262.16,15
2026-09-24T16:45:00Z,NO1,166.94,15
2026-09-24T16:45:00Z,NO2,189.22,15
2026-09-24T16:45:00Z,NO3,84.31,15
2026-09-24T16:45:00Z,NO4,53.66,15
2026-09-24T16:45:00Z,PL,259.82,15
2026-09-24T16:45:00Z,PT,196.92,15
2026-09-24T16:45:00Z,RO,338.42,15
2026-09-24T16:45:00Z,SE1,105.38,15
2026-09-24T16:45:00Z,SE2,87.03,15
2026-09-24T16:45:00Z,SE3,227.27,15
2026-09-24T16:45:00Z,SE4,257.79,15
2026-09-24T16:45:00Z,SI,282.03,15
2026-09-24T16:45:00Z,SK,271.04,15
2026-09-24T17:00:00Z,AT,255.02,15
2026-09-24T17:00:00Z,BE,250.62,15
2026-09-24T17:00:00Z,CH,256.16,60
2026-09-24T17:00:00Z,CZ,237.64,15
2026-09-24T17:00:00Z,DE-LU,249.33,15
2026-09-24T17:00:00Z,DK1,248.54,15
2026-09-24T17:00:00Z,DK2,249.34,15
2026-09-24T17:00:00Z,EE,176.40,15
2026-09-24T17:00:00Z,ES,186.00,15
2026-09-24T17:00:00Z,FI,176.21,15
2026-09-24T17:00:00Z,FR,251.40,15
2026-09-24T17:00:00Z,GR,305.74,15
2026-09-24T17:00:00Z,HR,305.60,15
2026-09-24T17:00:00Z,HU,396.72,15
2026-09-24T17:00:00Z,IT-CNorth,251.40,15
2026-09-24T17:00:00Z,IT-CSouth,251.40,15
2026-09-24T17:00:00Z,IT-North,251.40,15
2026-09-24T17:00:00Z,IT-Sardinia,251.40,15
2026-09-24T17:00:00Z,IT-Sicily,390.86,15
2026-09-24T17:00:00Z,IT-South,251.40,15
2026-09-24T17:00:00Z,LT,242.30,15
2026-09-24T17:00:00Z,LV,242.30,15
2026-09-24T17:00:00Z,NL,250.01,15
2026-09-24T17:00:00Z,NO1,151.68,15
2026-09-24T17:00:00Z,NO2,162.98,15
2026-09-24T17:00:00Z,NO3,111.43,15
2026-09-24T17:00:00Z,NO4,55.37,15
2026-09-24T17:00:00Z,NO5,135.34,15
2026-09-24T17:00:00Z,PL,243.86,15
2026-09-24T17:00:00Z,PT,186.00,15
2026-09-24T17:00:00Z,RO,380.86,15
2026-09-24T17:00:00Z,RS,350.11,15
2026-09-24T17:00:00Z,SE1,128.49,15
2026-09-24T17:00:00Z,SE2,127.59,15
2026-09-24T17:00:00Z,SE3,213.86,15
2026-09-24T17:00:00Z,SE4,242.39,15
2026-09-24T17:00:00Z,SI,281.98,15
2026-09-24T17:00:00Z,SK,263.40,15
2026-09-24T17:15:00Z,AT,267.10,15
2026-09-24T17:15:00Z,BE,264.91,15
2026-09-24T17:15:00Z,CZ,256.81,15
2026-09-24T17:15:00Z,DE-LU,263.79,15
2026-09-24T17:15:00Z,DK1,263.36,15
2026-09-24T17:15:00Z,DK2,262.83,15
2026-09-24T17:15:00Z,EE,183.20,15
2026-09-24T17:15:00Z,ES,207.06,15
2026-09-24T17:15:00Z,FI,183.00,15
2026-09-24T17:15:00Z,FR,265.80,15
2026-09-24T17:15:00Z,GR,261.30,15
2026-09-24T17:15:00Z,HR,297.16,15
2026-09-24T17:15:00Z,HU,351.32,15
2026-09-24T17:15:00Z,IT-CNorth,265.80,15
2026-09-24T17:15:00Z,IT-CSouth,265.80,15
2026-09-24T17:15:00Z,IT-North,265.80,15
2026-09-24T17:15:00Z,IT-Sardinia,265.80,15
2026-09-24T17:15:00Z,IT-Sicily,393.00,15
2026-09-24T17:15:00Z,IT-South,265.80,15
2026-09-24T17:15:00Z,LT,256.36,15
2026-09-24T17:15:00Z,LV,256.36,15
2026-09-24T17:15:00Z,NL,264.45,15
2026-09-24T17:15:00Z,NO1,151.85,15
2026-09-24T17:15:00Z,NO2,163.28,15
2026-09-24T17:15:00Z,NO3,110.00,15
2026-09-24T17:15:00Z,NO4,55.55,15
2026-09-24T17:15:00Z,NO5,135.55,15
2026-09-24T17:15:00Z,PL,260.51,15
2026-09-24T17:15:00Z,PT,207.06,15
2026-09-24T17:15:00Z,RO,341.89,15
2026-09-24T17:15:00Z,SE1,131.44,15
2026-09-24T17:15:00Z,SE2,129.54,15
2026-09-24T17:15:00Z,SE3,224.05,15
2026-09-24T17:15:00Z,SE4,256.85,15
2026-09-24T17:15:00Z,SI,283.12,15
2026-09-24T17:15:00Z,SK,272.11,15
2026-09-24T17:30:00Z,AT,269.68,15
2026-09-24T17:30:00Z,BE,268.18,15
2026-09-24T17:30:00Z,CZ,264.47,15
2026-09-24T17:30:00Z,DE-LU,267.94,15
2026-09-24T17:30:00Z,DK1,267.69,15
2026-09-24T17:30:00Z,DK2,267.42,15
2026-09-24T17:30:00Z,EE,168.93,15
2026-09-24T17:30:00Z,ES,254.91,15
2026-09-24T17:30:00Z,FI,168.76,15
2026-09-24T17:30:00Z,FR,267.94,15
2026-09-24T17:30:00Z,GR,241.28,15
2026-09-24T17:30:00Z,HR,284.79,15
2026-09-24T17:30:00Z,HU,312.00,15
2026-09-24T17:30:00Z,IT-CNorth,267.94,15
2026-09-24T17:30:00Z,IT-CSouth,267.94,15
2026-09-24T17:30:00Z,IT-North,267.94,15
2026-09-24T17:30:00Z,IT-Sardinia,267.94,15
2026-09-24T17:30:00Z,IT-South,267.94,15
2026-09-24T17:30:00Z,LT,255.35,15
2026-09-24T17:30:00Z,LV,255.35,15
2026-09-24T17:30:00Z,NL,268.11,15
2026-09-24T17:30:00Z,NO1,151.56,15
2026-09-24T17:30:00Z,NO2,163.63,15
2026-09-24T17:30:00Z,NO3,99.91,15
2026-09-24T17:30:00Z,NO4,56.20,15
2026-09-24T17:30:00Z,NO5,136.01,15
2026-09-24T17:30:00Z,PL,266.32,15
2026-09-24T17:30:00Z,PT,254.91,15
2026-09-24T17:30:00Z,RO,307.26,15
2026-09-24T17:30:00Z,SE1,117.44,15
2026-09-24T17:30:00Z,SE2,110.84,15
2026-09-24T17:30:00Z,SE3,218.97,15
2026-09-24T17:30:00Z,SE4,261.06,15
2026-09-24T17:30:00Z,SI,277.74,15
2026-09-24T17:30:00Z,SK,272.17,15
2026-09-24T17:45:00Z,AT,288.23,15
2026-09-24T17:45:00Z,BE,288.23,15
2026-09-24T17:45:00Z,CZ,288.23,15
2026-09-24T17:45:00Z,DE-LU,288.23,15
2026-09-24T17:45:00Z,DK1,288.23,15
2026-09-24T17:45:00Z,DK2,288.19,15
2026-09-24T17:45:00Z,EE,160.90,15
2026-09-24T17:45:00Z,ES,288.23,15
2026-09-24T17:45:00Z,FI,160.74,15
2026-09-24T17:45:00Z,FR,288.23,15
2026-09-24T17:45:00Z,GR,265.04,15
2026-09-24T17:45:00Z,HR,288.23,15
2026-09-24T17:45:00Z,HU,288.23,15
2026-09-24T17:45:00Z,IT-CNorth,288.23,15
2026-09-24T17:45:00Z,IT-CSouth,288.23,15
2026-09-24T17:45:00Z,IT-North,288.23,15
2026-09-24T17:45:00Z,IT-Sardinia,288.23,15
2026-09-24T17:45:00Z,IT-South,288.23,15
2026-09-24T17:45:00Z,LT,256.65,15
2026-09-24T17:45:00Z,LV,256.65,15
2026-09-24T17:45:00Z,NL,288.23,15
2026-09-24T17:45:00Z,NO1,150.83,15
2026-09-24T17:45:00Z,NO2,163.22,15
2026-09-24T17:45:00Z,NO3,92.56,15
2026-09-24T17:45:00Z,NO4,54.30,15
2026-09-24T17:45:00Z,NO5,136.00,15
2026-09-24T17:45:00Z,PL,288.23,15
2026-09-24T17:45:00Z,PT,288.23,15
2026-09-24T17:45:00Z,RO,288.23,15
2026-09-24T17:45:00Z,SE1,108.34,15
2026-09-24T17:45:00Z,SE2,98.80,15
2026-09-24T17:45:00Z,SE3,217.22,15
2026-09-24T17:45:00Z,SE4,265.18,15
2026-09-24T17:45:00Z,SI,288.23,15
2026-09-24T17:45:00Z,SK,288.23,15
2026-09-24T18:00:00Z,AT,272.65,15
2026-09-24T18:00:00Z,BE,272.65,15
2026-09-24T18:00:00Z,CH,253.62,60
2026-09-24T18:00:00Z,CZ,272.65,15
2026-09-24T18:00:00Z,DE-LU,272.65,15
2026-09-24T18:00:00Z,DK1,272.65,15
2026-09-24T18:00:00Z,DK2,272.58,15
2026-09-24T18:00:00Z,EE,161.67,15
2026-09-24T18:00:00Z,ES,272.65,15
2026-09-24T18:00:00Z,FI,161.52,15
2026-09-24T18:00:00Z,FR,272.65,15
2026-09-24T18:00:00Z,GR,272.65,15
2026-09-24T18:00:00Z,HR,272.65,15
2026-09-24T18:00:00Z,HU,272.65,15
2026-09-24T18:00:00Z,IT-CNorth,272.65,15
2026-09-24T18:00:00Z,IT-CSouth,272.65,15
2026-09-24T18:00:00Z,IT-North,272.65,15
2026-09-24T18:00:00Z,IT-Sardinia,272.65,15
2026-09-24T18:00:00Z,IT-South,272.65,15
2026-09-24T18:00:00Z,LT,257.91,15
2026-09-24T18:00:00Z,LV,257.91,15
2026-09-24T18:00:00Z,NL,272.65,15
2026-09-24T18:00:00Z,NO1,149.58,15
2026-09-24T18:00:00Z,NO2,159.78,15
2026-09-24T18:00:00Z,NO3,95.58,15
2026-09-24T18:00:00Z,NO4,62.16,15
2026-09-24T18:00:00Z,NO5,137.73,15
2026-09-24T18:00:00Z,PL,272.65,15
2026-09-24T18:00:00Z,PT,272.65,15
2026-09-24T18:00:00Z,RO,272.65,15
2026-09-24T18:00:00Z,RS,312.00,15
2026-09-24T18:00:00Z,SE1,111.86,15
2026-09-24T18:00:00Z,SE2,100.89,15
2026-09-24T18:00:00Z,SE3,217.43,15
2026-09-24T18:00:00Z,SE4,269.58,15
2026-09-24T18:00:00Z,SI,272.65,15
2026-09-24T18:00:00Z,SK,272.65,15
2026-09-24T18:15:00Z,AT,265.80,15
2026-09-24T18:15:00Z,BE,265.80,15
2026-09-24T18:15:00Z,CZ,265.80,15
2026-09-24T18:15:00Z,DE-LU,265.80,15
2026-09-24T18:15:00Z,DK1,265.80,15
2026-09-24T18:15:00Z,DK2,265.79,15
2026-09-24T18:15:00Z,EE,154.60,15
2026-09-24T18:15:00Z,ES,275.00,15
2026-09-24T18:15:00Z,FI,154.47,15
2026-09-24T18:15:00Z,FR,265.80,15
2026-09-24T18:15:00Z,GR,265.80,15
2026-09-24T18:15:00Z,HR,265.80,15
2026-09-24T18:15:00Z,HU,265.80,15
2026-09-24T18:15:00Z,IT-CNorth,265.80,15
2026-09-24T18:15:00Z,IT-CSouth,265.80,15
2026-09-24T18:15:00Z,IT-North,265.80,15
2026-09-24T18:15:00Z,IT-Sardinia,265.80,15
2026-09-24T18:15:00Z,IT-South,265.80,15
2026-09-24T18:15:00Z,LT,255.44,15
2026-09-24T18:15:00Z,LV,255.44,15
2026-09-24T18:15:00Z,NL,265.80,15
2026-09-24T18:15:00Z,NO1,148.62,15
2026-09-24T18:15:00Z,NO2,159.70,15
2026-09-24T18:15:00Z,NO3,80.49,15
2026-09-24T18:15:00Z,NO4,59.15,15
2026-09-24T18:15:00Z,NO5,137.65,15
2026-09-24T18:15:00Z,PL,265.80,15
2026-09-24T18:15:00Z,PT,275.00,15
2026-09-24T18:15:00Z,RO,265.80,15
2026-09-24T18:15:00Z,SE1,99.48,15
2026-09-24T18:15:00Z,SE2,81.74,15
2026-09-24T18:15:00Z,SE3,216.29,15
2026-09-24T18:15:00Z,SE4,259.35,15
2026-09-24T18:15:00Z,SI,265.80,15
2026-09-24T18:15:00Z,SK,265.80,15
2026-09-24T18:30:00Z,AT,253.50,15
2026-09-24T18:30:00Z,BE,253.50,15
2026-09-24T18:30:00Z,CZ,253.50,15
2026-09-24T18:30:00Z,DE-LU,253.50,15
2026-09-24T18:30:00Z,DK1,253.50,15
2026-09-24T18:30:00Z,DK2,253.55,15
2026-09-24T18:30:00Z,EE,147.08,15
2026-09-24T18:30:00Z,ES,284.28,15
2026-09-24T18:30:00Z,FI,146.97,15
2026-09-24T18:30:00Z,FR,253.50,15
2026-09-24T18:30:00Z,GR,253.50,15
2026-09-24T18:30:00Z,HR,253.50,15
2026-09-24T18:30:00Z,HU,253.50,15
2026-09-24T18:30:00Z,IT-CNorth,253.50,15
2026-09-24T18:30:00Z,IT-CSouth,253.50,15
2026-09-24T18:30:00Z,IT-North,253.50,15
2026-09-24T18:30:00Z,IT-Sardinia,253.50,15
2026-09-24T18:30:00Z,IT-South,253.50,15
2026-09-24T18:30:00Z,LT,251.08,15
2026-09-24T18:30:00Z,LV,251.08,15
2026-09-24T18:30:00Z,NL,253.50,15
2026-09-24T18:30:00Z,NO1,147.58,15
2026-09-24T18:30:00Z,NO2,159.51,15
2026-09-24T18:30:00Z,NO3,65.75,15
2026-09-24T18:30:00Z,NO4,57.86,15
2026-09-24T18:30:00Z,NO5,137.50,15
2026-09-24T18:30:00Z,PL,253.50,15
2026-09-24T18:30:00Z,PT,284.28,15
2026-09-24T18:30:00Z,RO,253.50,15
2026-09-24T18:30:00Z,SE1,87.39,15
2026-09-24T18:30:00Z,SE2,62.80,15
2026-09-24T18:30:00Z,SE3,213.97,15
2026-09-24T18:30:00Z,SE4,246.82,15
2026-09-24T18:30:00Z,SI,253.50,15
2026-09-24T18:30:00Z,SK,253.50,15
2026-09-24T18:45:00Z,AT,248.05,15
2026-09-24T18:45:00Z,BE,248.05,15
2026-09-24T18:45:00Z,CZ,248.05,15
2026-09-24T18:45:00Z,DE-LU,248.05,15
2026-09-24T18:45:00Z,DK1,248.05,15
2026-09-24T18:45:00Z,DK2,248.10,15
2026-09-24T18:45:00Z,EE,138.94,15
2026-09-24T18:45:00Z,ES,284.28,15
2026-09-24T18:45:00Z,FI,138.84,15
2026-09-24T18:45:00Z,FR,248.05,15
2026-09-24T18:45:00Z,GR,248.05,15
2026-09-24T18:45:00Z,HR,248.05,15
2026-09-24T18:45:00Z,HU,248.05,15
2026-09-24T18:45:00Z,IT-CNorth,248.05,15
2026-09-24T18:45:00Z,IT-CSouth,248.05,15
2026-09-24T18:45:00Z,IT-North,248.05,15
2026-09-24T18:45:00Z,IT-Sardinia,248.05,15
2026-09-24T18:45:00Z,IT-South,248.05,15
2026-09-24T18:45:00Z,LT,245.93,15
2026-09-24T18:45:00Z,LV,245.93,15
2026-09-24T18:45:00Z,NL,248.05,15
2026-09-24T18:45:00Z,NO1,147.30,15
2026-09-24T18:45:00Z,NO2,159.17,15
2026-09-24T18:45:00Z,NO3,67.12,15
2026-09-24T18:45:00Z,NO4,57.40,15
2026-09-24T18:45:00Z,NO5,137.01,15
2026-09-24T18:45:00Z,PL,248.05,15
2026-09-24T18:45:00Z,RO,248.05,15
2026-09-24T18:45:00Z,SE1,83.65,15
2026-09-24T18:45:00Z,SE2,60.31,15
2026-09-24T18:45:00Z,SE3,206.84,15
2026-09-24T18:45:00Z,SE4,241.51,15
2026-09-24T18:45:00Z,SI,248.05,15
2026-09-24T18:45:00Z,SK,248.05,15
2026-09-24T19:00:00Z,AT,240.29,15
2026-09-24T19:00:00Z,BE,240.29,15
2026-09-24T19:00:00Z,CH,216.64,60
2026-09-24T19:00:00Z,CZ,240.29,15
2026-09-24T19:00:00Z,DE-LU,240.29,15
2026-09-24T19:00:00Z,DK1,240.29,15
2026-09-24T19:00:00Z,DK2,240.31,15
2026-09-24T19:00:00Z,EE,130.09,15
2026-09-24T19:00:00Z,ES,263.50,15
2026-09-24T19:00:00Z,FI,130.03,15
2026-09-24T19:00:00Z,FR,240.29,15
2026-09-24T19:00:00Z,GR,240.29,15
2026-09-24T19:00:00Z,HR,240.29,15
2026-09-24T19:00:00Z,HU,240.29,15
2026-09-24T19:00:00Z,IT-CNorth,240.29,15
2026-09-24T19:00:00Z,IT-CSouth,240.29,15
2026-09-24T19:00:00Z,IT-North,240.29,15
2026-09-24T19:00:00Z,IT-Sardinia,240.29,15
2026-09-24T19:00:00Z,IT-South,240.29,15
2026-09-24T19:00:00Z,LT,235.21,15
2026-09-24T19:00:00Z,LV,235.21,15
2026-09-24T19:00:00Z,NL,240.29,15
2026-09-24T19:00:00Z,NO1,144.98,15
2026-09-24T19:00:00Z,NO2,158.91,15
2026-09-24T19:00:00Z,NO3,74.33,15
2026-09-24T19:00:00Z,NO4,65.66,15
2026-09-24T19:00:00Z,NO5,136.08,15
2026-09-24T19:00:00Z,PL,240.29,15
2026-09-24T19:00:00Z,PT,263.50,15
2026-09-24T19:00:00Z,RO,240.29,15
2026-09-24T19:00:00Z,RS,270.01,15
2026-09-24T19:00:00Z,SE1,85.04,15
2026-09-24T19:00:00Z,SE2,65.37,15
2026-09-24T19:00:00Z,SE3,195.20,15
2026-09-24T19:00:00Z,SE4,234.19,15
2026-09-24T19:00:00Z,SI,240.29,15
2026-09-24T19:00:00Z,SK,240.29,15
2026-09-24T19:15:00Z,AT,231.63,15
2026-09-24T19:15:00Z,BE,230.39,15
2026-09-24T19:15:00Z,CZ,226.57,15
2026-09-24T19:15:00Z,DE-LU,230.00,15
2026-09-24T19:15:00Z,DK1,229.81,15
2026-09-24T19:15:00Z,DK2,229.52,15
2026-09-24T19:15:00Z,EE,103.40,15
2026-09-24T19:15:00Z,ES,263.50,15
2026-09-24T19:15:00Z,FI,103.36,15
2026-09-24T19:15:00Z,FR,230.90,15
2026-09-24T19:15:00Z,GR,265.92,15
2026-09-24T19:15:00Z,HR,246.42,15
2026-09-24T19:15:00Z,HU,276.04,15
2026-09-24T19:15:00Z,IT-CNorth,230.90,15
2026-09-24T19:15:00Z,IT-CSouth,230.90,15
2026-09-24T19:15:00Z,IT-North,230.90,15
2026-09-24T19:15:00Z,IT-Sardinia,230.90,15
2026-09-24T19:15:00Z,IT-Sicily,390.86,15
2026-09-24T19:15:00Z,IT-South,230.90,15
2026-09-24T19:15:00Z,LT,221.05,15
2026-09-24T19:15:00Z,LV,221.05,15
2026-09-24T19:15:00Z,NL,230.02,15
2026-09-24T19:15:00Z,NO1,143.90,15
2026-09-24T19:15:00Z,NO2,158.85,15
2026-09-24T19:15:00Z,NO3,86.75,15
2026-09-24T19:15:00Z,NO4,70.00,15
2026-09-24T19:15:00Z,NO5,135.35,15
2026-09-24T19:15:00Z,PL,228.36,15
2026-09-24T19:15:00Z,RO,268.75,15
2026-09-24T19:15:00Z,SE1,77.81,15
2026-09-24T19:15:00Z,SE2,65.21,15
2026-09-24T19:15:00Z,SE3,171.15,15
2026-09-24T19:15:00Z,SE4,224.32,15
2026-09-24T19:15:00Z,SI,239.58,15
2026-09-24T19:15:00Z,SK,234.34,15
2026-09-24T19:30:00Z,AT,224.76,15
2026-09-24T19:30:00Z,BE,223.77,15
2026-09-24T19:30:00Z,CZ,220.48,15
2026-09-24T19:30:00Z,DE-LU,223.38,15
2026-09-24T19:30:00Z,DK1,223.23,15
2026-09-24T19:30:00Z,DK2,222.98,15
2026-09-24T19:30:00Z,EE,78.19,15
2026-09-24T19:30:00Z,ES,253.01,15
2026-09-24T19:30:00Z,FI,78.17,15
2026-09-24T19:30:00Z,FR,224.17,15
2026-09-24T19:30:00Z,GR,253.78,15
2026-09-24T19:30:00Z,HR,237.27,15
2026-09-24T19:30:00Z,HU,262.34,15
2026-09-24T19:30:00Z,IT-CNorth,224.17,15
2026-09-24T19:30:00Z,IT-CSouth,224.17,15
2026-09-24T19:30:00Z,IT-North,224.17,15
2026-09-24T19:30:00Z,IT-Sardinia,224.17,15
2026-09-24T19:30:00Z,IT-South,224.17,15
2026-09-24T19:30:00Z,LT,215.70,15
2026-09-24T19:30:00Z,LV,215.70,15
2026-09-24T19:30:00Z,NL,223.44,15
2026-09-24T19:30:00Z,NO1,143.93,15
2026-09-24T19:30:00Z,NO2,158.81,15
2026-09-24T19:30:00Z,NO3,84.12,15
2026-09-24T19:30:00Z,NO4,58.24,15
2026-09-24T19:30:00Z,NO5,135.28,15
2026-09-24T19:30:00Z,PL,222.00,15
2026-09-24T19:30:00Z,PT,254.10,15
2026-09-24T19:30:00Z,RO,256.17,15
2026-09-24T19:30:00Z,SE1,60.20,15
2026-09-24T19:30:00Z,SE2,49.42,15
2026-09-24T19:30:00Z,SE3,156.00,15
2026-09-24T19:30:00Z,SE4,217.87,15
2026-09-24T19:30:00Z,SI,231.49,15
2026-09-24T19:30:00Z,SK,227.06,15
2026-09-24T19:45:00Z,AT,211.00,15
2026-09-24T19:45:00Z,BE,210.00,15
2026-09-24T19:45:00Z,CZ,206.71,15
2026-09-24T19:45:00Z,DE-LU,209.62,15
2026-09-24T19:45:00Z,DK1,209.46,15
2026-09-24T19:45:00Z,DK2,209.23,15
2026-09-24T19:45:00Z,EE,63.18,15
2026-09-24T19:45:00Z,ES,232.28,15
2026-09-24T19:45:00Z,FI,63.16,15
2026-09-24T19:45:00Z,FR,210.40,15
2026-09-24T19:45:00Z,GR,240.00,15
2026-09-24T19:45:00Z,HR,223.50,15
2026-09-24T19:45:00Z,HU,248.56,15
2026-09-24T19:45:00Z,IT-CNorth,210.40,15
2026-09-24T19:45:00Z,IT-CSouth,210.40,15
2026-09-24T19:45:00Z,IT-North,210.40,15
2026-09-24T19:45:00Z,IT-Sardinia,210.40,15
2026-09-24T19:45:00Z,IT-Sicily,360.00,15
2026-09-24T19:45:00Z,IT-South,210.40,15
2026-09-24T19:45:00Z,LT,204.85,15
2026-09-24T19:45:00Z,LV,204.85,15
2026-09-24T19:45:00Z,NL,209.67,15
2026-09-24T19:45:00Z,NO1,143.97,15
2026-09-24T19:45:00Z,NO2,158.82,15
2026-09-24T19:45:00Z,NO3,84.01,15
2026-09-24T19:45:00Z,NO4,52.90,15
2026-09-24T19:45:00Z,NO5,135.33,15
2026-09-24T19:45:00Z,PL,208.23,15
2026-09-24T19:45:00Z,PT,251.30,15
2026-09-24T19:45:00Z,RO,242.39,15
2026-09-24T19:45:00Z,SE1,50.96,15
2026-09-24T19:45:00Z,SE2,41.68,15
2026-09-24T19:45:00Z,SE3,143.18,15
2026-09-24T19:45:00Z,SE4,204.31,15
2026-09-24T19:45:00Z,SI,217.72,15
2026-09-24T19:45:00Z,SK,213.29,15
2026-09-24T20:00:00Z,AT,222.91,15
2026-09-24T20:00:00Z,BE,221.53,15
2026-09-24T20:00:00Z,CH,206.86,60
2026-09-24T20:00:00Z,CZ,216.88,15
2026-09-24T20:00:00Z,DE-LU,220.96,15
2026-09-24T20:00:00Z,DK1,220.76,15
2026-09-24T20:00:00Z,DK2,220.43,15
2026-09-24T20:00:00Z,EE,93.83,15
2026-09-24T20:00:00Z,ES,225.00,15
2026-09-24T20:00:00Z,FI,93.80,15
2026-09-24T20:00:00Z,FR,222.09,15
2026-09-24T20:00:00Z,GR,264.18,15
2026-09-24T20:00:00Z,HR,240.82,15
2026-09-24T20:00:00Z,HU,276.40,15
2026-09-24T20:00:00Z,IT-CNorth,222.09,15
2026-09-24T20:00:00Z,IT-CSouth,222.09,15
2026-09-24T20:00:00Z,IT-North,222.09,15
2026-09-24T20:00:00Z,IT-Sardinia,222.09,15
2026-09-24T20:00:00Z,IT-Sicily,350.00,15
2026-09-24T20:00:00Z,IT-South,222.09,15
2026-09-24T20:00:00Z,LT,215.18,15
2026-09-24T20:00:00Z,LV,215.18,15
2026-09-24T20:00:00Z,NL,221.06,15
2026-09-24T20:00:00Z,NO1,143.35,15
2026-09-24T20:00:00Z,NO2,158.40,15
2026-09-24T20:00:00Z,NO3,82.89,15
2026-09-24T20:00:00Z,NO4,62.60,15
2026-09-24T20:00:00Z,NO5,135.15,15
2026-09-24T20:00:00Z,PL,219.00,15
2026-09-24T20:00:00Z,PT,225.00,15
2026-09-24T20:00:00Z,RO,267.59,15
2026-09-24T20:00:00Z,RS,259.81,15
2026-09-24T20:00:00Z,SE1,69.24,15
2026-09-24T20:00:00Z,SE2,56.25,15
2026-09-24T20:00:00Z,SE3,166.18,15
2026-09-24T20:00:00Z,SE4,215.28,15
2026-09-24T20:00:00Z,SI,232.50,15
2026-09-24T20:00:00Z,SK,226.88,15
2026-09-24T20:15:00Z,AT,207.00,15
2026-09-24T20:15:00Z,BE,205.24,15
2026-09-24T20:15:00Z,CZ,199.33,15
2026-09-24T20:15:00Z,DE-LU,204.52,15
2026-09-24T20:15:00Z,DK1,204.26,15
2026-09-24T20:15:00Z,DK2,203.84,15
2026-09-24T20:15:00Z,EE,60.00,15
2026-09-24T20:15:00Z,ES,210.51,15
2026-09-24T20:15:00Z,FI,59.99,15
2026-09-24T20:15:00Z,FR,205.95,15
2026-09-24T20:15:00Z,GR,259.49,15
2026-09-24T20:15:00Z,HR,229.78,15
2026-09-24T20:15:00Z,HU,275.03,15
2026-09-24T20:15:00Z,IT-CNorth,205.95,15
2026-09-24T20:15:00Z,IT-CSouth,205.95,15
2026-09-24T20:15:00Z,IT-North,205.95,15
2026-09-24T20:15:00Z,IT-Sardinia,205.95,15
2026-09-24T20:15:00Z,IT-South,205.95,15
2026-09-24T20:15:00Z,LT,198.89,15
2026-09-24T20:15:00Z,LV,198.89,15
2026-09-24T20:15:00Z,NL,204.64,15
2026-09-24T20:15:00Z,NO1,142.96,15
2026-09-24T20:15:00Z,NO2,158.35,15
2026-09-24T20:15:00Z,NO3,88.68,15
2026-09-24T20:15:00Z,NO4,57.07,15
2026-09-24T20:15:00Z,NO5,134.91,15
2026-09-24T20:15:00Z,PL,199.65,15
2026-09-24T20:15:00Z,PT,210.51,15
2026-09-24T20:15:00Z,RO,263.83,15
2026-09-24T20:15:00Z,SE1,52.63,15
2026-09-24T20:15:00Z,SE2,45.25,15
2026-09-24T20:15:00Z,SE3,139.58,15
2026-09-24T20:15:00Z,SE4,199.31,15
2026-09-24T20:15:00Z,SI,219.20,15
2026-09-24T20:15:00Z,SK,212.04,15
2026-09-24T20:30:00Z,AT,203.88,15
2026-09-24T20:30:00Z,BE,201.83,15
2026-09-24T20:30:00Z,CZ,194.95,15
2026-09-24T20:30:00Z,DE-LU,201.00,15
2026-09-24T20:30:00Z,DK1,200.70,15
2026-09-24T20:30:00Z,DK2,200.19,15
2026-09-24T20:30:00Z,EE,40.99,15
2026-09-24T20:30:00Z,ES,207.06,15
2026-09-24T20:30:00Z,FI,40.99,15
2026-09-24T20:30:00Z,FR,202.67,15
2026-09-24T20:30:00Z,GR,265.04,15
2026-09-24T20:30:00Z,HR,230.42,15
2026-09-24T20:30:00Z,HU,283.15,15
2026-09-24T20:30:00Z,IT-CNorth,202.67,15
2026-09-24T20:30:00Z,IT-CSouth,202.67,15
2026-09-24T20:30:00Z,IT-North,202.67,15
2026-09-24T20:30:00Z,IT-Sardinia,202.67,15
2026-09-24T20:30:00Z,IT-Sicily,323.28,15
2026-09-24T20:30:00Z,IT-South,202.67,15
2026-09-24T20:30:00Z,LT,194.34,15
2026-09-24T20:30:00Z,LV,194.34,15
2026-09-24T20:30:00Z,NL,201.14,15
2026-09-24T20:30:00Z,NO1,141.32,15
2026-09-24T20:30:00Z,NO2,158.28,15
2026-09-24T20:30:00Z,NO3,88.39,15
2026-09-24T20:30:00Z,NO4,50.92,15
2026-09-24T20:30:00Z,NO5,132.76,15
2026-09-24T20:30:00Z,PL,169.10,15
2026-09-24T20:30:00Z,PT,207.06,15
2026-09-24T20:30:00Z,RO,270.09,15
2026-09-24T20:30:00Z,SE1,41.26,15
2026-09-24T20:30:00Z,SE2,36.31,15
2026-09-24T20:30:00Z,SE3,127.26,15
2026-09-24T20:30:00Z,SE4,195.98,15
2026-09-24T20:30:00Z,SI,218.10,15
2026-09-24T20:30:00Z,SK,209.76,15
2026-09-24T20:45:00Z,AT,196.24,15
2026-09-24T20:45:00Z,BE,193.93,15
2026-09-24T20:45:00Z,CZ,186.19,15
2026-09-24T20:45:00Z,DE-LU,192.99,15
2026-09-24T20:45:00Z,DK1,192.65,15
2026-09-24T20:45:00Z,DK2,192.11,15
2026-09-24T20:45:00Z,EE,27.70,15
2026-09-24T20:45:00Z,ES,198.80,15
2026-09-24T20:45:00Z,FI,27.71,15
2026-09-24T20:45:00Z,FR,194.87,15
2026-09-24T20:45:00Z,GR,265.02,15
2026-09-24T20:45:00Z,HR,226.09,15
2026-09-24T20:45:00Z,HU,285.39,15
2026-09-24T20:45:00Z,IT-CNorth,194.87,15
2026-09-24T20:45:00Z,IT-CSouth,194.87,15
2026-09-24T20:45:00Z,IT-North,194.87,15
2026-09-24T20:45:00Z,IT-Sardinia,194.87,15
2026-09-24T20:45:00Z,IT-Sicily,306.12,15
2026-09-24T20:45:00Z,IT-South,194.87,15
2026-09-24T20:45:00Z,LT,190.07,15
2026-09-24T20:45:00Z,LV,190.07,15
2026-09-24T20:45:00Z,NL,193.15,15
2026-09-24T20:45:00Z,NO1,140.97,15
2026-09-24T20:45:00Z,NO2,158.19,15
2026-09-24T20:45:00Z,NO3,81.11,15
2026-09-24T20:45:00Z,NO4,38.68,15
2026-09-24T20:45:00Z,NO5,132.00,15
2026-09-24T20:45:00Z,PL,153.45,15
2026-09-24T20:45:00Z,PT,198.80,15
2026-09-24T20:45:00Z,RO,270.71,15
2026-09-24T20:45:00Z,SE1,28.01,15
2026-09-24T20:45:00Z,SE2,22.20,15
2026-09-24T20:45:00Z,SE3,120.16,15
2026-09-24T20:45:00Z,SE4,187.80,15
2026-09-24T20:45:00Z,SI,212.23,15
2026-09-24T20:45:00Z,SK,202.85,15
2026-09-24T21:00:00Z,AT,200.22,15
2026-09-24T21:00:00Z,BE,197.93,15
2026-09-24T21:00:00Z,CH,194.33,60
2026-09-24T21:00:00Z,CZ,190.29,15
2026-09-24T21:00:00Z,DE-LU,196.93,15
2026-09-24T21:00:00Z,DK1,196.67,15
2026-09-24T21:00:00Z,DK2,196.09,15
2026-09-24T21:00:00Z,EE,49.02,15
2026-09-24T21:00:00Z,ES,207.16,15
2026-09-24T21:00:00Z,FI,49.03,15
2026-09-24T21:00:00Z,FR,198.86,15
2026-09-24T21:00:00Z,GR,268.30,15
2026-09-24T21:00:00Z,HR,229.66,15
2026-09-24T21:00:00Z,HU,288.95,15
2026-09-24T21:00:00Z,IT-CNorth,200.22,15
2026-09-24T21:00:00Z,IT-CSouth,200.22,15
2026-09-24T21:00:00Z,IT-North,200.22,15
2026-09-24T21:00:00Z,IT-Sardinia,200.22,15
2026-09-24T21:00:00Z,IT-South,200.22,15
2026-09-24T21:00:00Z,LT,189.10,15
2026-09-24T21:00:00Z,LV,189.10,15
2026-09-24T21:00:00Z,NL,197.16,15
2026-09-24T21:00:00Z,NO1,141.49,15
2026-09-24T21:00:00Z,NO2,158.13,15
2026-09-24T21:00:00Z,NO3,96.99,15
2026-09-24T21:00:00Z,NO4,53.60,15
2026-09-24T21:00:00Z,NO5,133.52,15
2026-09-24T21:00:00Z,PL,173.14,15
2026-09-24T21:00:00Z,PT,207.16,15
2026-09-24T21:00:00Z,RO,273.97,15
2026-09-24T21:00:00Z,RS,198.00,15
2026-09-24T21:00:00Z,SE1,49.16,15
2026-09-24T21:00:00Z,SE2,47.30,15
2026-09-24T21:00:00Z,SE3,127.98,15
2026-09-24T21:00:00Z,SE4,192.00,15
2026-09-24T21:00:00Z,SI,216.05,15
2026-09-24T21:00:00Z,SK,206.76,15
2026-09-24T21:15:00Z,AT,191.78,15
2026-09-24T21:15:00Z,BE,189.38,15
2026-09-24T21:15:00Z,CZ,181.33,15
2026-09-24T21:15:00Z,DE-LU,188.32,15
2026-09-24T21:15:00Z,DK1,188.05,15
2026-09-24T21:15:00Z,DK2,187.45,15
2026-09-24T21:15:00Z,EE,35.71,15
2026-09-24T21:15:00Z,ES,200.00,15
2026-09-24T21:15:00Z,FI,35.71,15
2026-09-24T21:15:00Z,FR,190.36,15
2026-09-24T21:15:00Z,GR,263.47,15
2026-09-24T21:15:00Z,HR,222.78,15
2026-09-24T21:15:00Z,HU,285.21,15
2026-09-24T21:15:00Z,IT-CNorth,193.94,15
2026-09-24T21:15:00Z,IT-CSouth,193.94,15
2026-09-24T21:15:00Z,IT-North,193.94,15
2026-09-24T21:15:00Z,IT-Sardinia,193.94,15
2026-09-24T21:15:00Z,IT-South,193.94,15
2026-09-24T21:15:00Z,LT,182.55,15
2026-09-24T21:15:00Z,LV,182.55,15
2026-09-24T21:15:00Z,NL,188.56,15
2026-09-24T21:15:00Z,NO1,141.09,15
2026-09-24T21:15:00Z,NO2,158.03,15
2026-09-24T21:15:00Z,NO3,95.27,15
2026-09-24T21:15:00Z,NO4,35.51,15
2026-09-24T21:15:00Z,NO5,132.98,15
2026-09-24T21:15:00Z,PL,153.44,15
2026-09-24T21:15:00Z,PT,200.00,15
2026-09-24T21:15:00Z,RO,269.44,15
2026-09-24T21:15:00Z,SE1,35.70,15
2026-09-24T21:15:00Z,SE2,36.44,15
2026-09-24T21:15:00Z,SE3,118.95,15
2026-09-24T21:15:00Z,SE4,183.54,15
2026-09-24T21:15:00Z,SI,208.45,15
2026-09-24T21:15:00Z,SK,198.67,15
2026-09-24T21:30:00Z,AT,188.94,15
2026-09-24T21:30:00Z,BE,186.64,15
2026-09-24T21:30:00Z,CZ,178.97,15
2026-09-24T21:30:00Z,DE-LU,185.64,15
2026-09-24T21:30:00Z,DK1,185.37,15
2026-09-24T21:30:00Z,DK2,184.82,15
2026-09-24T21:30:00Z,EE,32.87,15
2026-09-24T21:30:00Z,ES,197.86,15
2026-09-24T21:30:00Z,FI,32.87,15
2026-09-24T21:30:00Z,FR,187.58,15
2026-09-24T21:30:00Z,GR,257.28,15
2026-09-24T21:30:00Z,HR,218.49,15
2026-09-24T21:30:00Z,HU,278.01,15
2026-09-24T21:30:00Z,IT-CNorth,188.94,15
2026-09-24T21:30:00Z,IT-CSouth,188.94,15
2026-09-24T21:30:00Z,IT-North,188.94,15
2026-09-24T21:30:00Z,IT-Sardinia,188.94,15
2026-09-24T21:30:00Z,IT-Sicily,251.97,15
2026-09-24T21:30:00Z,IT-South,188.94,15
2026-09-24T21:30:00Z,LT,177.47,15
2026-09-24T21:30:00Z,LV,177.47,15
2026-09-24T21:30:00Z,NL,185.87,15
2026-09-24T21:30:00Z,NO1,140.74,15
2026-09-24T21:30:00Z,NO2,157.84,15
2026-09-24T21:30:00Z,NO3,95.51,15
2026-09-24T21:30:00Z,NO4,30.62,15
2026-09-24T21:30:00Z,NO5,132.60,15
2026-09-24T21:30:00Z,PL,136.49,15
2026-09-24T21:30:00Z,PT,197.86,15
2026-09-24T21:30:00Z,RO,262.97,15
2026-09-24T21:30:00Z,SE1,32.80,15
2026-09-24T21:30:00Z,SE2,34.61,15
2026-09-24T21:30:00Z,SE3,115.13,15
2026-09-24T21:30:00Z,SE4,177.23,15
2026-09-24T21:30:00Z,SI,204.83,15
2026-09-24T21:30:00Z,SK,195.51,15
2026-09-24T21:45:00Z,AT,183.45,15
2026-09-24T21:45:00Z,BE,181.84,15
2026-09-24T21:45:00Z,CZ,176.47,15
2026-09-24T21:45:00Z,DE-LU,181.14,15
2026-09-24T21:45:00Z,DK1,180.95,15
2026-09-24T21:45:00Z,DK2,180.58,15
2026-09-24T21:45:00Z,EE,29.05,15
2026-09-24T21:45:00Z,ES,196.65,15
2026-09-24T21:45:00Z,FI,29.05,15
2026-09-24T21:45:00Z,FR,182.50,15
2026-09-24T21:45:00Z,GR,231.30,15
2026-09-24T21:45:00Z,HR,204.14,15
2026-09-24T21:45:00Z,HU,245.81,15
2026-09-24T21:45:00Z,IT-CNorth,182.50,15
2026-09-24T21:45:00Z,IT-CSouth,182.50,15
2026-09-24T21:45:00Z,IT-North,182.50,15
2026-09-24T21:45:00Z,IT-Sardinia,182.50,15
2026-09-24T21:45:00Z,IT-Sicily,240.00,15
2026-09-24T21:45:00Z,IT-South,182.50,15
2026-09-24T21:45:00Z,LT,176.74,15
2026-09-24T21:45:00Z,LV,176.74,15
2026-09-24T21:45:00Z,NL,181.30,15
2026-09-24T21:45:00Z,NO1,140.34,15
2026-09-24T21:45:00Z,NO2,157.47,15
2026-09-24T21:45:00Z,NO3,91.23,15
2026-09-24T21:45:00Z,NO4,29.22,15
2026-09-24T21:45:00Z,NO5,132.02,15
2026-09-24T21:45:00Z,PL,128.49,15
2026-09-24T21:45:00Z,PT,196.65,15
2026-09-24T21:45:00Z,RO,235.28,15
2026-09-24T21:45:00Z,SE1,29.06,15
2026-09-24T21:45:00Z,SE2,29.37,15
2026-09-24T21:45:00Z,SE3,113.61,15
2026-09-24T21:45:00Z,SE4,174.83,15
2026-09-24T21:45:00Z,SI,194.58,15
2026-09-24T21:45:00Z,SK,188.05,15
2026-09-24T22:00:00Z,AT,197.22,15
2026-09-24T22:00:00Z,BE,197.06,15
2026-09-24T22:00:00Z,CH,186.83,60
2026-09-24T22:00:00Z,CZ,196.57,15
2026-09-24T22:00:00Z,DE-LU,196.99,15
2026-09-24T22:00:00Z,DK1,196.97,15
2026-09-24T22:00:00Z,DK2,196.95,15
2026-09-24T22:00:00Z,EE,34.99,15
2026-09-24T22:00:00Z,ES,197.12,15
2026-09-24T22:00:00Z,FI,34.99,15
2026-09-24T22:00:00Z,FR,197.12,15
2026-09-24T22:00:00Z,GR,201.74,15
2026-09-24T22:00:00Z,HR,199.15,15
2026-09-24T22:00:00Z,HU,202.53,15
2026-09-24T22:00:00Z,IT-CNorth,198.26,15
2026-09-24T22:00:00Z,IT-CSouth,198.26,15
2026-09-24T22:00:00Z,IT-North,198.26,15
2026-09-24T22:00:00Z,IT-Sardinia,198.26,15
2026-09-24T22:00:00Z,IT-Sicily,385.26,15
2026-09-24T22:00:00Z,IT-South,198.26,15
2026-09-24T22:00:00Z,LT,184.47,15
2026-09-24T22:00:00Z,LV,184.47,15
2026-09-24T22:00:00Z,NL,197.01,15
2026-09-24T22:00:00Z,NO1,143.13,15
2026-09-24T22:00:00Z,NO2,155.30,15
2026-09-24T22:00:00Z,NO3,87.18,15
2026-09-24T22:00:00Z,NO4,46.48,15
2026-09-24T22:00:00Z,NO5,136.82,15
2026-09-24T22:00:00Z,PL,184.10,15
2026-09-24T22:00:00Z,PT,197.12,15
2026-09-24T22:00:00Z,RO,202.07,15
2026-09-24T22:00:00Z,RS,175.01,15
2026-09-24T22:00:00Z,SE1,35.35,15
2026-09-24T22:00:00Z,SE2,38.18,15
2026-09-24T22:00:00Z,SE3,120.29,15
2026-09-24T22:00:00Z,SE4,182.12,15
2026-09-24T22:00:00Z,SI,198.26,15
2026-09-24T22:00:00Z,SK,197.59,15
2026-09-24T22:15:00Z,AT,185.15,15
2026-09-24T22:15:00Z,BE,184.62,15
2026-09-24T22:15:00Z,CZ,183.00,15
2026-09-24T22:15:00Z,DE-LU,184.40,15
2026-09-24T22:15:00Z,DK1,184.34,15
2026-09-24T22:15:00Z,DK2,184.23,15
2026-09-24T22:15:00Z,EE,27.87,15
2026-09-24T22:15:00Z,ES,196.65,15
2026-09-24T22:15:00Z,FI,27.87,15
2026-09-24T22:15:00Z,FR,184.82,15
2026-09-24T22:15:00Z,GR,199.96,15
2026-09-24T22:15:00Z,HR,191.49,15
2026-09-24T22:15:00Z,HU,202.56,15
2026-09-24T22:15:00Z,IT-CNorth,189.19,15
2026-09-24T22:15:00Z,IT-CSouth,189.19,15
2026-09-24T22:15:00Z,IT-North,189.19,15
2026-09-24T22:15:00Z,IT-Sardinia,189.19,15
2026-09-24T22:15:00Z,IT-South,189.19,15
2026-09-24T22:15:00Z,LT,181.22,15
2026-09-24T22:15:00Z,LV,181.22,15
2026-09-24T22:15:00Z,NL,184.45,15
2026-09-24T22:15:00Z,NO1,142.55,15
2026-09-24T22:15:00Z,NO2,154.99,15
2026-09-24T22:15:00Z,NO3,90.46,15
2026-09-24T22:15:00Z,NO4,44.72,15
2026-09-24T22:15:00Z,NO5,136.24,15
2026-09-24T22:15:00Z,PL,183.76,15
2026-09-24T22:15:00Z,PT,196.65,15
2026-09-24T22:15:00Z,RO,201.06,15
2026-09-24T22:15:00Z,SE1,28.40,15
2026-09-24T22:15:00Z,SE2,30.70,15
2026-09-24T22:15:00Z,SE3,115.51,15
2026-09-24T22:15:00Z,SE4,179.02,15
2026-09-24T22:15:00Z,SI,188.59,15
2026-09-24T22:15:00Z,SK,186.40,15
2026-09-24T22:30:00Z,AT,176.68,15
2026-09-24T22:30:00Z,BE,176.05,15
2026-09-24T22:30:00Z,CZ,174.11,15
2026-09-24T22:30:00Z,DE-LU,175.79,15
2026-09-24T22:30:00Z,DK1,175.72,15
2026-09-24T22:30:00Z,DK2,175.58,15
2026-09-24T22:30:00Z,EE,35.00,15
2026-09-24T22:30:00Z,ES,195.24,15
2026-09-24T22:30:00Z,FI,35.00,15
2026-09-24T22:30:00Z,FR,176.30,15
2026-09-24T22:30:00Z,GR,194.58,15
2026-09-24T22:30:00Z,HR,184.33,15
2026-09-24T22:30:00Z,HU,197.72,15
2026-09-24T22:30:00Z,IT-CNorth,185.00,15
2026-09-24T22:30:00Z,IT-CSouth,185.00,15
2026-09-24T22:30:00Z,IT-North,185.00,15
2026-09-24T22:30:00Z,IT-Sardinia,185.00,15
2026-09-24T22:30:00Z,IT-Sicily,350.00,15
2026-09-24T22:30:00Z,IT-South,185.00,15
2026-09-24T22:30:00Z,LT,174.18,15
2026-09-24T22:30:00Z,LV,174.18,15
2026-09-24T22:30:00Z,NL,175.85,15
2026-09-24T22:30:00Z,NO1,140.73,15
2026-09-24T22:30:00Z,NO2,154.23,15
2026-09-24T22:30:00Z,NO3,95.02,15
2026-09-24T22:30:00Z,NO4,41.76,15
2026-09-24T22:30:00Z,NO5,134.19,15
2026-09-24T22:30:00Z,PL,166.65,15
2026-09-24T22:30:00Z,PT,195.24,15
2026-09-24T22:30:00Z,RO,195.90,15
2026-09-24T22:30:00Z,SE1,35.21,15
2026-09-24T22:30:00Z,SE2,37.54,15
2026-09-24T22:30:00Z,SE3,114.74,15
2026-09-24T22:30:00Z,SE4,172.35,15
2026-09-24T22:30:00Z,SI,180.83,15
2026-09-24T22:30:00Z,SK,178.15,15
2026-09-24T22:45:00Z,AT,171.00,15
2026-09-24T22:45:00Z,BE,170.71,15
2026-09-24T22:45:00Z,CZ,169.81,15
2026-09-24T22:45:00Z,DE-LU,170.59,15
2026-09-24T22:45:00Z,DK1,170.56,15
2026-09-24T22:45:00Z,DK2,170.50,15
2026-09-24T22:45:00Z,EE,39.24,15
2026-09-24T22:45:00Z,ES,195.68,15
2026-09-24T22:45:00Z,FI,39.24,15
2026-09-24T22:45:00Z,FR,170.83,15
2026-09-24T22:45:00Z,GR,179.33,15
2026-09-24T22:45:00Z,HR,174.57,15
2026-09-24T22:45:00Z,HU,180.79,15
2026-09-24T22:45:00Z,IT-CNorth,178.19,15
2026-09-24T22:45:00Z,IT-CSouth,178.19,15
2026-09-24T22:45:00Z,IT-North,178.19,15
2026-09-24T22:45:00Z,IT-Sardinia,178.19,15
2026-09-24T22:45:00Z,IT-Sicily,327.81,15
2026-09-24T22:45:00Z,IT-South,178.19,15
2026-09-24T22:45:00Z,LT,168.86,15
2026-09-24T22:45:00Z,LV,168.86,15
2026-09-24T22:45:00Z,NL,170.62,15
2026-09-24T22:45:00Z,NO1,139.74,15
2026-09-24T22:45:00Z,NO2,153.80,15
2026-09-24T22:45:00Z,NO3,99.07,15
2026-09-24T22:45:00Z,NO4,35.91,15
2026-09-24T22:45:00Z,NO5,133.15,15
2026-09-24T22:45:00Z,PL,170.23,15
2026-09-24T22:45:00Z,PT,195.68,15
2026-09-24T22:45:00Z,RO,179.95,15
2026-09-24T22:45:00Z,SE1,39.12,15
2026-09-24T22:45:00Z,SE2,41.58,15
2026-09-24T22:45:00Z,SE3,113.73,15
2026-09-24T22:45:00Z,SE4,167.34,15
2026-09-24T22:45:00Z,SI,172.94,15
2026-09-24T22:45:00Z,SK,171.69,15
2026-09-24T23:00:00Z,AT,175.50,15
2026-09-24T23:00:00Z,BE,175.24,15
2026-09-24T23:00:00Z,CH,178.00,60
2026-09-24T23:00:00Z,CZ,174.43,15
2026-09-24T23:00:00Z,DE-LU,175.13,15
2026-09-24T23:00:00Z,DK1,175.10,15
2026-09-24T23:00:00Z,DK2,175.05,15
2026-09-24T23:00:00Z,EE,33.00,15
2026-09-24T23:00:00Z,ES,196.50,15
2026-09-24T23:00:00Z,FI,33.00,15
2026-09-24T23:00:00Z,FR,175.34,15
2026-09-24T23:00:00Z,GR,182.96,15
2026-09-24T23:00:00Z,HR,178.69,15
2026-09-24T23:00:00Z,HU,184.27,15
2026-09-24T23:00:00Z,IT-CNorth,185.00,15
2026-09-24T23:00:00Z,IT-CSouth,185.00,15
2026-09-24T23:00:00Z,IT-North,185.00,15
2026-09-24T23:00:00Z,IT-Sardinia,185.00,15
2026-09-24T23:00:00Z,IT-South,185.00,15
2026-09-24T23:00:00Z,LT,172.38,15
2026-09-24T23:00:00Z,LV,172.38,15
2026-09-24T23:00:00Z,NL,175.16,15
2026-09-24T23:00:00Z,NO1,140.16,15
2026-09-24T23:00:00Z,NO2,154.06,15
2026-09-24T23:00:00Z,NO3,95.46,15
2026-09-24T23:00:00Z,NO4,34.31,15
2026-09-24T23:00:00Z,NO5,133.43,15
2026-09-24T23:00:00Z,PL,174.82,15
2026-09-24T23:00:00Z,PT,196.50,15
2026-09-24T23:00:00Z,RO,183.52,15
2026-09-24T23:00:00Z,RS,140.03,15
2026-09-24T23:00:00Z,SE1,33.04,15
2026-09-24T23:00:00Z,SE2,35.54,15
2026-09-24T23:00:00Z,SE3,113.40,15
2026-09-24T23:00:00Z,SE4,170.63,15
2026-09-24T23:00:00Z,SI,177.23,15
2026-09-24T23:00:00Z,SK,175.94,15
2026-09-24T23:15:00Z,AT,172.05,15
2026-09-24T23:15:00Z,BE,171.90,15
2026-09-24T23:15:00Z,CZ,171.45,15
2026-09-24T23:15:00Z,DE-LU,171.84,15
2026-09-24T23:15:00Z,DK1,171.83,15
2026-09-24T23:15:00Z,DK2,171.80,15
2026-09-24T23:15:00Z,EE,36.03,15
2026-09-24T23:15:00Z,ES,195.24,15
2026-09-24T23:15:00Z,FI,36.02,15
2026-09-24T23:15:00Z,FR,171.96,15
2026-09-24T23:15:00Z,GR,176.26,15
2026-09-24T23:15:00Z,HR,173.85,15
2026-09-24T23:15:00Z,HU,176.99,15
2026-09-24T23:15:00Z,IT-Sicily,296.20,15
2026-09-24T23:15:00Z,LT,169.26,15
2026-09-24T23:15:00Z,LV,169.26,15
2026-09-24T23:15:00Z,NL,171.86,15
2026-09-24T23:15:00Z,NO1,139.29,15
2026-09-24T23:15:00Z,NO2,153.34,15
2026-09-24T23:15:00Z,NO3,97.34,15
2026-09-24T23:15:00Z,NO4,33.23,15
2026-09-24T23:15:00Z,NO5,132.59,15
2026-09-24T23:15:00Z,PL,171.66,15
2026-09-24T23:15:00Z,PT,195.24,15
2026-09-24T23:15:00Z,RO,176.57,15
2026-09-24T23:15:00Z,SE1,35.93,15
2026-09-24T23:15:00Z,SE2,38.44,15
2026-09-24T23:15:00Z,SE3,112.97,15
2026-09-24T23:15:00Z,SE4,167.67,15
2026-09-24T23:15:00Z,SI,173.03,15
2026-09-24T23:15:00Z,SK,172.30,15
2026-09-24T23:30:00Z,AT,171.73,15
2026-09-24T23:30:00Z,BE,171.51,15
2026-09-24T23:30:00Z,CZ,170.84,15
2026-09-24T23:30:00Z,DE-LU,171.43,15
2026-09-24T23:30:00Z,DK1,171.40,15
2026-09-24T23:30:00Z,DK2,171.36,15
2026-09-24T23:30:00Z,EE,34.05,15
2026-09-24T23:30:00Z,ES,194.99,15
2026-09-24T23:30:00Z,FI,34.04,15
2026-09-24T23:30:00Z,FR,171.60,15
2026-09-24T23:30:00Z,GR,177.92,15
2026-09-24T23:30:00Z,HR,174.37,15
2026-09-24T23:30:00Z,HU,179.00,15
2026-09-24T23:30:00Z,IT-Sicily,263.71,15
2026-09-24T23:30:00Z,LT,168.89,15
2026-09-24T23:30:00Z,LV,168.89,15
2026-09-24T23:30:00Z,NL,171.44,15
2026-09-24T23:30:00Z,NO1,138.34,15
2026-09-24T23:30:00Z,NO2,151.76,15
2026-09-24T23:30:00Z,NO3,95.68,15
2026-09-24T23:30:00Z,NO4,32.70,15
2026-09-24T23:30:00Z,NO5,131.87,15
2026-09-24T23:30:00Z,PL,171.16,15
2026-09-24T23:30:00Z,PT,194.99,15
2026-09-24T23:30:00Z,RO,178.38,15
2026-09-24T23:30:00Z,SE1,34.00,15
2026-09-24T23:30:00Z,SE2,36.50,15
2026-09-24T23:30:00Z,SE3,111.88,15
2026-09-24T23:30:00Z,SE4,167.25,15
2026-09-24T23:30:00Z,SI,173.16,15
2026-09-24T23:30:00Z,SK,172.10,15
2026-09-24T23:45:00Z,AT,171.47,15
2026-09-24T23:45:00Z,BE,170.62,15
2026-09-24T23:45:00Z,CZ,167.97,15
2026-09-24T23:45:00Z,DE-LU,170.27,15
2026-09-24T23:45:00Z,DK1,170.16,15
2026-09-24T23:45:00Z,DK2,169.97,15
2026-09-24T23:45:00Z,EE,34.77,15
2026-09-24T23:45:00Z,ES,194.30,15
2026-09-24T23:45:00Z,FI,34.77,15
2026-09-24T23:45:00Z,FR,170.96,15
2026-09-24T23:45:00Z,GR,195.91,15
2026-09-24T23:45:00Z,HR,181.91,15
2026-09-24T23:45:00Z,HU,200.20,15
2026-09-24T23:45:00Z,IT-CNorth,178.04,15
2026-09-24T23:45:00Z,IT-CSouth,178.04,15
2026-09-24T23:45:00Z,IT-North,178.04,15
2026-09-24T23:45:00Z,IT-Sardinia,178.04,15
2026-09-24T23:45:00Z,IT-Sicily,223.00,15
2026-09-24T23:45:00Z,IT-South,178.04,15
2026-09-24T23:45:00Z,LT,167.64,15
2026-09-24T23:45:00Z,LV,167.64,15
2026-09-24T23:45:00Z,NL,170.34,15
2026-09-24T23:45:00Z,NO1,137.87,15
2026-09-24T23:45:00Z,NO2,150.59,15
2026-09-24T23:45:00Z,NO3,96.13,15
2026-09-24T23:45:00Z,NO4,32.38,15
2026-09-24T23:45:00Z,NO5,131.70,15
2026-09-24T23:45:00Z,PL,169.23,15
2026-09-24T23:45:00Z,PT,194.30,15
2026-09-24T23:45:00Z,RO,197.74,15
2026-09-24T23:45:00Z,SE1,34.69,15
2026-09-24T23:45:00Z,SE2,37.19,15
2026-09-24T23:45:00Z,SE3,111.49,15
2026-09-24T23:45:00Z,SE4,166.04,15
2026-09-24T23:45:00Z,SI,177.14,15
2026-09-24T23:45:00Z,SK,172.92,15
