timestamp_utc,zone,price_eur_mwh,resolution_min
2026-10-03T00:00:00Z,AT,176.96,15
2026-10-03T00:00:00Z,BE,176.96,15
2026-10-03T00:00:00Z,CH,175.50,60
2026-10-03T00:00:00Z,CZ,176.96,15
2026-10-03T00:00:00Z,DE-LU,176.96,15
2026-10-03T00:00:00Z,DK1,176.96,15
2026-10-03T00:00:00Z,DK2,177.09,15
2026-10-03T00:00:00Z,EE,31.37,15
2026-10-03T00:00:00Z,ES,193.96,15
2026-10-03T00:00:00Z,FI,31.37,15
2026-10-03T00:00:00Z,FR,176.96,15
2026-10-03T00:00:00Z,GR,176.96,15
2026-10-03T00:00:00Z,HR,176.96,15
2026-10-03T00:00:00Z,HU,176.96,15
2026-10-03T00:00:00Z,IT-CNorth,190.77,15
2026-10-03T00:00:00Z,IT-CSouth,190.77,15
2026-10-03T00:00:00Z,IT-North,190.77,15
2026-10-03T00:00:00Z,IT-Sardinia,190.77,15
2026-10-03T00:00:00Z,IT-South,190.77,15
2026-10-03T00:00:00Z,LT,31.37,15
2026-10-03T00:00:00Z,LV,31.37,15
2026-10-03T00:00:00Z,NL,176.96,15
2026-10-03T00:00:00Z,NO1,136.07,15
2026-10-03T00:00:00Z,NO2,147.43,15
2026-10-03T00:00:00Z,NO3,93.42,15
2026-10-03T00:00:00Z,NO4,30.57,15
2026-10-03T00:00:00Z,NO5,125.90,15
2026-10-03T00:00:00Z,PL,176.96,15
2026-10-03T00:00:00Z,PT,176.96,15
2026-10-03T00:00:00Z,RO,176.96,15
2026-10-03T00:00:00Z,RS,160.99,15
2026-10-03T00:00:00Z,SE1,31.30,15
2026-10-03T00:00:00Z,SE2,36.44,15
2026-10-03T00:00:00Z,SE3,57.56,15
2026-10-03T00:00:00Z,SE4,140.40,15
2026-10-03T00:00:00Z,SI,176.96,15
2026-10-03T00:00:00Z,SK,176.96,15
2026-10-03T00:15:00Z,AT,174.99,15
2026-10-03T00:15:00Z,BE,174.99,15
2026-10-03T00:15:00Z,CZ,174.99,15
2026-10-03T00:15:00Z,DE-LU,174.99,15
2026-10-03T00:15:00Z,DK1,174.99,15
2026-10-03T00:15:00Z,DK2,175.12,15
2026-10-03T00:15:00Z,EE,32.23,15
2026-10-03T00:15:00Z,ES,199.99,15
2026-10-03T00:15:00Z,FI,32.23,15
2026-10-03T00:15:00Z,FR,174.99,15
2026-10-03T00:15:00Z,GR,174.99,15
2026-10-03T00:15:00Z,HR,174.99,15
2026-10-03T00:15:00Z,HU,174.99,15
2026-10-03T00:15:00Z,IT-CNorth,190.50,15
2026-10-03T00:15:00Z,IT-CSouth,190.50,15
2026-10-03T00:15:00Z,IT-North,190.50,15
2026-10-03T00:15:00Z,IT-Sardinia,190.50,15
2026-10-03T00:15:00Z,IT-Sicily,196.49,15
2026-10-03T00:15:00Z,IT-South,190.50,15
2026-10-03T00:15:00Z,LT,32.23,15
2026-10-03T00:15:00Z,LV,32.23,15
2026-10-03T00:15:00Z,NL,174.99,15
2026-10-03T00:15:00Z,NO1,135.81,15
2026-10-03T00:15:00Z,NO2,146.82,15
2026-10-03T00:15:00Z,NO3,92.89,15
2026-10-03T00:15:00Z,NO4,30.58,15
2026-10-03T00:15:00Z,NO5,125.84,15
2026-10-03T00:15:00Z,PL,174.99,15
2026-10-03T00:15:00Z,PT,174.99,15
2026-10-03T00:15:00Z,RO,174.99,15
2026-10-03T00:15:00Z,SE1,32.12,15
2026-10-03T00:15:00Z,SE2,37.15,15
2026-10-03T00:15:00Z,SE3,57.93,15
2026-10-03T00:15:00Z,SE4,139.13,15
2026-10-03T00:15:00Z,SI,174.99,15
2026-10-03T00:15:00Z,SK,174.99,15
2026-10-03T00:30:00Z,AT,172.60,15
2026-10-03T00:30:00Z,BE,172.60,15
2026-10-03T00:30:00Z,CZ,172.60,15
2026-10-03T00:30:00Z,DE-LU,172.60,15
2026-10-03T00:30:00Z,DK1,172.60,15
2026-10-03T00:30:00Z,DK2,172.73,15
2026-10-03T00:30:00Z,EE,31.86,15
2026-10-03T00:30:00Z,ES,197.60,15
2026-10-03T00:30:00Z,FI,31.86,15
2026-10-03T00:30:00Z,FR,172.60,15
2026-10-03T00:30:00Z,GR,172.60,15
2026-10-03T00:30:00Z,HR,172.60,15
2026-10-03T00:30:00Z,HU,172.60,15
2026-10-03T00:30:00Z,IT-CNorth,186.09,15
2026-10-03T00:30:00Z,IT-CSouth,186.09,15
2026-10-03T00:30:00Z,IT-North,186.09,15
2026-10-03T00:30:00Z,IT-Sardinia,186.09,15
2026-10-03T00:30:00Z,IT-Sicily,186.09,15
2026-10-03T00:30:00Z,IT-South,186.09,15
2026-10-03T00:30:00Z,LT,31.86,15
2026-10-03T00:30:00Z,LV,31.86,15
2026-10-03T00:30:00Z,NL,172.60,15
2026-10-03T00:30:00Z,NO1,135.47,15
2026-10-03T00:30:00Z,NO2,146.27,15
2026-10-03T00:30:00Z,NO3,92.53,15
2026-10-03T00:30:00Z,NO5,125.78,15
2026-10-03T00:30:00Z,PL,172.60,15
2026-10-03T00:30:00Z,PT,172.60,15
2026-10-03T00:30:00Z,RO,172.60,15
2026-10-03T00:30:00Z,SE1,31.77,15
2026-10-03T00:30:00Z,SE2,36.71,15
2026-10-03T00:30:00Z,SE3,57.19,15
2026-10-03T00:30:00Z,SE4,137.24,15
2026-10-03T00:30:00Z,SI,172.60,15
2026-10-03T00:30:00Z,SK,172.60,15
2026-10-03T00:45:00Z,AT,169.50,15
2026-10-03T00:45:00Z,BE,169.50,15
2026-10-03T00:45:00Z,CZ,169.50,15
2026-10-03T00:45:00Z,DE-LU,169.50,15
2026-10-03T00:45:00Z,DK1,169.50,15
2026-10-03T00:45:00Z,DK2,169.60,15
2026-10-03T00:45:00Z,EE,32.57,15
2026-10-03T00:45:00Z,ES,191.15,15
2026-10-03T00:45:00Z,FI,32.57,15
2026-10-03T00:45:00Z,FR,169.50,15
2026-10-03T00:45:00Z,GR,169.50,15
2026-10-03T00:45:00Z,HR,169.50,15
2026-10-03T00:45:00Z,HU,169.50,15
2026-10-03T00:45:00Z,LT,32.57,15
2026-10-03T00:45:00Z,LV,32.57,15
2026-10-03T00:45:00Z,NL,169.50,15
2026-10-03T00:45:00Z,NO1,135.11,15
2026-10-03T00:45:00Z,NO2,145.84,15
2026-10-03T00:45:00Z,NO3,92.24,15
2026-10-03T00:45:00Z,NO4,30.59,15
2026-10-03T00:45:00Z,NO5,125.73,15
2026-10-03T00:45:00Z,PL,169.50,15
2026-10-03T00:45:00Z,PT,169.50,15
2026-10-03T00:45:00Z,RO,169.50,15
2026-10-03T00:45:00Z,SE1,32.47,15
2026-10-03T00:45:00Z,SE2,36.50,15
2026-10-03T00:45:00Z,SE3,53.51,15
2026-10-03T00:45:00Z,SE4,119.47,15
2026-10-03T00:45:00Z,SI,169.50,15
2026-10-03T00:45:00Z,SK,169.50,15
2026-10-03T01:00:00Z,AT,173.40,15
2026-10-03T01:00:00Z,BE,173.40,15
2026-10-03T01:00:00Z,CH,173.11,60
2026-10-03T01:00:00Z,CZ,173.40,15
2026-10-03T01:00:00Z,DE-LU,173.40,15
2026-10-03T01:00:00Z,DK1,173.40,15
2026-10-03T01:00:00Z,DK2,173.52,15
2026-10-03T01:00:00Z,EE,34.95,15
2026-10-03T01:00:00Z,ES,200.46,15
2026-10-03T01:00:00Z,FI,34.95,15
2026-10-03T01:00:00Z,FR,173.40,15
2026-10-03T01:00:00Z,GR,173.40,15
2026-10-03T01:00:00Z,HR,173.40,15
2026-10-03T01:00:00Z,HU,173.40,15
2026-10-03T01:00:00Z,IT-CNorth,183.24,15
2026-10-03T01:00:00Z,IT-CSouth,183.24,15
2026-10-03T01:00:00Z,IT-North,183.24,15
2026-10-03T01:00:00Z,IT-Sardinia,183.24,15
2026-10-03T01:00:00Z,IT-Sicily,185.00,15
2026-10-03T01:00:00Z,IT-South,183.24,15
2026-10-03T01:00:00Z,LT,34.95,15
2026-10-03T01:00:00Z,LV,34.95,15
2026-10-03T01:00:00Z,NL,173.40,15
2026-10-03T01:00:00Z,NO1,135.77,15
2026-10-03T01:00:00Z,NO2,146.48,15
2026-10-03T01:00:00Z,NO3,89.87,15
2026-10-03T01:00:00Z,NO4,30.27,15
2026-10-03T01:00:00Z,NO5,125.30,15
2026-10-03T01:00:00Z,PL,173.40,15
2026-10-03T01:00:00Z,PT,173.40,15
2026-10-03T01:00:00Z,RO,173.40,15
2026-10-03T01:00:00Z,RS,152.00,15
2026-10-03T01:00:00Z,SE1,34.74,15
2026-10-03T01:00:00Z,SE2,39.52,15
2026-10-03T01:00:00Z,SE3,60.00,15
2026-10-03T01:00:00Z,SE4,142.25,15
2026-10-03T01:00:00Z,SI,173.40,15
2026-10-03T01:00:00Z,SK,173.40,15
2026-10-03T01:15:00Z,AT,169.40,15
2026-10-03T01:15:00Z,BE,169.40,15
2026-10-03T01:15:00Z,CZ,169.40,15
2026-10-03T01:15:00Z,DE-LU,169.40,15
2026-10-03T01:15:00Z,DK1,169.40,15
2026-10-03T01:15:00Z,DK2,169.52,15
2026-10-03T01:15:00Z,EE,34.18,15
2026-10-03T01:15:00Z,ES,197.95,15
2026-10-03T01:15:00Z,FI,34.18,15
2026-10-03T01:15:00Z,FR,169.40,15
2026-10-03T01:15:00Z,GR,169.40,15
2026-10-03T01:15:00Z,HR,169.40,15
2026-10-03T01:15:00Z,HU,169.40,15
2026-10-03T01:15:00Z,IT-CNorth,185.00,15
2026-10-03T01:15:00Z,IT-CSouth,185.00,15
2026-10-03T01:15:00Z,IT-North,185.00,15
2026-10-03T01:15:00Z,IT-Sardinia,185.00,15
2026-10-03T01:15:00Z,IT-South,185.00,15
2026-10-03T01:15:00Z,LT,34.18,15
2026-10-03T01:15:00Z,LV,34.18,15
2026-10-03T01:15:00Z,NL,169.40,15
2026-10-03T01:15:00Z,NO1,135.53,15
2026-10-03T01:15:00Z,NO2,146.22,15
2026-10-03T01:15:00Z,NO3,89.89,15
2026-10-03T01:15:00Z,NO5,125.27,15
2026-10-03T01:15:00Z,PL,169.40,15
2026-10-03T01:15:00Z,PT,169.40,15
2026-10-03T01:15:00Z,RO,169.40,15
2026-10-03T01:15:00Z,SE1,34.00,15
2026-10-03T01:15:00Z,SE2,38.67,15
2026-10-03T01:15:00Z,SE3,58.63,15
2026-10-03T01:15:00Z,SE4,138.97,15
2026-10-03T01:15:00Z,SI,169.40,15
2026-10-03T01:15:00Z,SK,169.40,15
2026-10-03T01:30:00Z,AT,166.63,15
2026-10-03T01:30:00Z,BE,166.63,15
2026-10-03T01:30:00Z,CZ,166.63,15
2026-10-03T01:30:00Z,DE-LU,166.63,15
2026-10-03T01:30:00Z,DK1,166.63,15
2026-10-03T01:30:00Z,DK2,166.76,15
2026-10-03T01:30:00Z,EE,29.99,15
2026-10-03T01:30:00Z,ES,195.40,15
2026-10-03T01:30:00Z,FI,29.99,15
2026-10-03T01:30:00Z,FR,166.63,15
2026-10-03T01:30:00Z,GR,166.63,15
2026-10-03T01:30:00Z,HR,166.63,15
2026-10-03T01:30:00Z,HU,166.63,15
2026-10-03T01:30:00Z,IT-CNorth,187.66,15
2026-10-03T01:30:00Z,IT-CSouth,187.66,15
2026-10-03T01:30:00Z,IT-North,187.66,15
2026-10-03T01:30:00Z,IT-Sardinia,187.66,15
2026-10-03T01:30:00Z,IT-Sicily,187.66,15
2026-10-03T01:30:00Z,IT-South,187.66,15
2026-10-03T01:30:00Z,LT,29.99,15
2026-10-03T01:30:00Z,LV,29.99,15
2026-10-03T01:30:00Z,NL,166.63,15
2026-10-03T01:30:00Z,NO1,135.12,15
2026-10-03T01:30:00Z,NO2,146.05,15
2026-10-03T01:30:00Z,NO3,89.79,15
2026-10-03T01:30:00Z,NO4,30.29,15
2026-10-03T01:30:00Z,NO5,125.25,15
2026-10-03T01:30:00Z,PL,166.63,15
2026-10-03T01:30:00Z,PT,166.63,15
2026-10-03T01:30:00Z,RO,166.63,15
2026-10-03T01:30:00Z,SE1,29.96,15
2026-10-03T01:30:00Z,SE2,34.68,15
2026-10-03T01:30:00Z,SE3,54.60,15
2026-10-03T01:30:00Z,SE4,135.92,15
2026-10-03T01:30:00Z,SI,166.63,15
2026-10-03T01:30:00Z,SK,166.63,15
2026-10-03T01:45:00Z,AT,167.00,15
2026-10-03T01:45:00Z,BE,167.00,15
2026-10-03T01:45:00Z,CZ,167.00,15
2026-10-03T01:45:00Z,DE-LU,167.00,15
2026-10-03T01:45:00Z,DK1,167.00,15
2026-10-03T01:45:00Z,DK2,167.11,15
2026-10-03T01:45:00Z,EE,30.35,15
2026-10-03T01:45:00Z,ES,184.47,15
2026-10-03T01:45:00Z,FI,30.35,15
2026-10-03T01:45:00Z,FR,167.00,15
2026-10-03T01:45:00Z,GR,167.00,15
2026-10-03T01:45:00Z,HR,167.00,15
2026-10-03T01:45:00Z,HU,167.00,15
2026-10-03T01:45:00Z,IT-CNorth,184.50,15
2026-10-03T01:45:00Z,IT-CSouth,184.50,15
2026-10-03T01:45:00Z,IT-North,184.50,15
2026-10-03T01:45:00Z,IT-Sardinia,184.50,15
2026-10-03T01:45:00Z,IT-Sicily,185.00,15
2026-10-03T01:45:00Z,IT-South,184.50,15
2026-10-03T01:45:00Z,LT,30.35,15
2026-10-03T01:45:00Z,LV,30.35,15
2026-10-03T01:45:00Z,NL,167.00,15
2026-10-03T01:45:00Z,NO1,134.85,15
2026-10-03T01:45:00Z,NO2,145.83,15
2026-10-03T01:45:00Z,NO3,89.70,15
2026-10-03T01:45:00Z,NO5,125.21,15
2026-10-03T01:45:00Z,PL,167.00,15
2026-10-03T01:45:00Z,PT,167.00,15
2026-10-03T01:45:00Z,RO,167.00,15
2026-10-03T01:45:00Z,SE1,30.31,15
2026-10-03T01:45:00Z,SE2,34.30,15
2026-10-03T01:45:00Z,SE3,51.42,15
2026-10-03T01:45:00Z,SE4,120.92,15
2026-10-03T01:45:00Z,SI,167.00,15
2026-10-03T01:45:00Z,SK,167.00,15
2026-10-03T02:00:00Z,AT,166.04,15
2026-10-03T02:00:00Z,BE,166.04,15
2026-10-03T02:00:00Z,CH,171.60,60
2026-10-03T02:00:00Z,CZ,166.04,15
2026-10-03T02:00:00Z,DE-LU,166.04,15
2026-10-03T02:00:00Z,DK1,166.04,15
2026-10-03T02:00:00Z,DK2,166.16,15
2026-10-03T02:00:00Z,EE,29.05,15
2026-10-03T02:00:00Z,ES,182.64,15
2026-10-03T02:00:00Z,FI,29.05,15
2026-10-03T02:00:00Z,FR,166.04,15
2026-10-03T02:00:00Z,GR,166.04,15
2026-10-03T02:00:00Z,HR,166.04,15
2026-10-03T02:00:00Z,HU,166.04,15
2026-10-03T02:00:00Z,IT-CNorth,186.06,15
2026-10-03T02:00:00Z,IT-CSouth,186.06,15
2026-10-03T02:00:00Z,IT-North,186.06,15
2026-10-03T02:00:00Z,IT-Sardinia,186.06,15
2026-10-03T02:00:00Z,IT-Sicily,186.06,15
2026-10-03T02:00:00Z,IT-South,186.06,15
2026-10-03T02:00:00Z,LT,29.05,15
2026-10-03T02:00:00Z,LV,29.05,15
2026-10-03T02:00:00Z,NL,166.04,15
2026-10-03T02:00:00Z,NO1,133.74,15
2026-10-03T02:00:00Z,NO2,144.05,15
2026-10-03T02:00:00Z,NO3,92.38,15
2026-10-03T02:00:00Z,NO4,30.22,15
2026-10-03T02:00:00Z,NO5,125.30,15
2026-10-03T02:00:00Z,PL,166.04,15
2026-10-03T02:00:00Z,PT,166.04,15
2026-10-03T02:00:00Z,RO,166.04,15
2026-10-03T02:00:00Z,RS,161.00,15
2026-10-03T02:00:00Z,SE1,29.05,15
2026-10-03T02:00:00Z,SE2,33.90,15
2026-10-03T02:00:00Z,SE3,53.45,15
2026-10-03T02:00:00Z,SE4,130.75,15
2026-10-03T02:00:00Z,SI,166.04,15
2026-10-03T02:00:00Z,SK,166.04,15
2026-10-03T02:15:00Z,AT,166.31,15
2026-10-03T02:15:00Z,BE,166.31,15
2026-10-03T02:15:00Z,CZ,166.31,15
2026-10-03T02:15:00Z,DE-LU,166.31,15
2026-10-03T02:15:00Z,DK1,166.31,15
2026-10-03T02:15:00Z,DK2,166.43,15
2026-10-03T02:15:00Z,EE,28.24,15
2026-10-03T02:15:00Z,ES,184.61,15
2026-10-03T02:15:00Z,FI,28.25,15
2026-10-03T02:15:00Z,FR,166.31,15
2026-10-03T02:15:00Z,GR,166.31,15
2026-10-03T02:15:00Z,HR,166.31,15
2026-10-03T02:15:00Z,HU,166.31,15
2026-10-03T02:15:00Z,IT-CNorth,184.49,15
2026-10-03T02:15:00Z,IT-CSouth,184.49,15
2026-10-03T02:15:00Z,IT-North,184.49,15
2026-10-03T02:15:00Z,IT-Sardinia,184.49,15
2026-10-03T02:15:00Z,IT-Sicily,185.00,15
2026-10-03T02:15:00Z,IT-South,184.49,15
2026-10-03T02:15:00Z,LT,28.24,15
2026-10-03T02:15:00Z,LV,28.24,15
2026-10-03T02:15:00Z,NL,166.31,15
2026-10-03T02:15:00Z,NO1,133.67,15
2026-10-03T02:15:00Z,NO2,143.98,15
2026-10-03T02:15:00Z,NO3,91.91,15
2026-10-03T02:15:00Z,NO4,30.19,15
2026-10-03T02:15:00Z,NO5,125.28,15
2026-10-03T02:15:00Z,PL,166.31,15
2026-10-03T02:15:00Z,PT,166.31,15
2026-10-03T02:15:00Z,RO,166.31,15
2026-10-03T02:15:00Z,SE1,28.27,15
2026-10-03T02:15:00Z,SE2,33.15,15
2026-10-03T02:15:00Z,SE3,52.83,15
2026-10-03T02:15:00Z,SI,166.31,15
2026-10-03T02:15:00Z,SK,166.31,15
2026-10-03T02:30:00Z,AT,166.24,15
2026-10-03T02:30:00Z,BE,166.24,15
2026-10-03T02:30:00Z,CZ,166.24,15
2026-10-03T02:30:00Z,DE-LU,166.24,15
2026-10-03T02:30:00Z,DK1,166.24,15
2026-10-03T02:30:00Z,DK2,166.34,15
2026-10-03T02:30:00Z,EE,32.25,15
2026-10-03T02:30:00Z,ES,186.65,15
2026-10-03T02:30:00Z,FI,32.25,15
2026-10-03T02:30:00Z,FR,166.24,15
2026-10-03T02:30:00Z,GR,166.24,15
2026-10-03T02:30:00Z,HR,166.24,15
2026-10-03T02:30:00Z,HU,166.24,15
2026-10-03T02:30:00Z,LT,32.25,15
2026-10-03T02:30:00Z,LV,32.25,15
2026-10-03T02:30:00Z,NL,166.24,15
2026-10-03T02:30:00Z,NO1,133.85,15
2026-10-03T02:30:00Z,NO2,143.96,15
2026-10-03T02:30:00Z,NO3,91.75,15
2026-10-03T02:30:00Z,NO4,30.17,15
2026-10-03T02:30:00Z,NO5,125.22,15
2026-10-03T02:30:00Z,PL,166.24,15
2026-10-03T02:30:00Z,PT,166.24,15
2026-10-03T02:30:00Z,RO,166.24,15
2026-10-03T02:30:00Z,SE1,32.14,15
2026-10-03T02:30:00Z,SE2,36.28,15
2026-10-03T02:30:00Z,SE3,53.39,15
2026-10-03T02:30:00Z,SE4,119.99,15
2026-10-03T02:30:00Z,SI,166.24,15
2026-10-03T02:30:00Z,SK,166.24,15
2026-10-03T02:45:00Z,AT,165.70,15
2026-10-03T02:45:00Z,BE,165.70,15
2026-10-03T02:45:00Z,CZ,165.70,15
2026-10-03T02:45:00Z,DE-LU,165.70,15
2026-10-03T02:45:00Z,DK1,165.70,15
2026-10-03T02:45:00Z,DK2,165.81,15
2026-10-03T02:45:00Z,EE,34.99,15
2026-10-03T02:45:00Z,ES,186.92,15
2026-10-03T02:45:00Z,FI,34.99,15
2026-10-03T02:45:00Z,FR,165.70,15
2026-10-03T02:45:00Z,GR,165.70,15
2026-10-03T02:45:00Z,HR,165.70,15
2026-10-03T02:45:00Z,HU,165.70,15
2026-10-03T02:45:00Z,IT-CNorth,185.36,15
2026-10-03T02:45:00Z,IT-CSouth,185.36,15
2026-10-03T02:45:00Z,IT-North,185.36,15
2026-10-03T02:45:00Z,IT-Sardinia,185.36,15
2026-10-03T02:45:00Z,IT-Sicily,187.17,15
2026-10-03T02:45:00Z,IT-South,185.36,15
2026-10-03T02:45:00Z,LT,34.99,15
2026-10-03T02:45:00Z,LV,34.99,15
2026-10-03T02:45:00Z,NL,165.70,15
2026-10-03T02:45:00Z,NO1,134.16,15
2026-10-03T02:45:00Z,NO2,143.94,15
2026-10-03T02:45:00Z,NO3,91.05,15
2026-10-03T02:45:00Z,NO4,30.14,15
2026-10-03T02:45:00Z,NO5,125.16,15
2026-10-03T02:45:00Z,PL,165.70,15
2026-10-03T02:45:00Z,PT,165.70,15
2026-10-03T02:45:00Z,RO,165.70,15
2026-10-03T02:45:00Z,SE1,34.78,15
2026-10-03T02:45:00Z,SE2,39.20,15
2026-10-03T02:45:00Z,SE3,57.71,15
2026-10-03T02:45:00Z,SE4,128.97,15
2026-10-03T02:45:00Z,SI,165.70,15
2026-10-03T02:45:00Z,SK,165.70,15
2026-10-03T03:00:00Z,AT,169.43,15
2026-10-03T03:00:00Z,BE,169.43,15
2026-10-03T03:00:00Z,CH,175.09,60
2026-10-03T03:00:00Z,CZ,169.43,15
2026-10-03T03:00:00Z,DE-LU,169.43,15
2026-10-03T03:00:00Z,DK1,169.43,15
2026-10-03T03:00:00Z,DK2,169.54,15
2026-10-03T03:00:00Z,EE,27.99,15
2026-10-03T03:00:00Z,ES,178.49,15
2026-10-03T03:00:00Z,FI,28.00,15
2026-10-03T03:00:00Z,FR,169.43,15
2026-10-03T03:00:00Z,GR,169.43,15
2026-10-03T03:00:00Z,HR,169.43,15
2026-10-03T03:00:00Z,HU,169.43,15
2026-10-03T03:00:00Z,IT-CNorth,192.00,15
2026-10-03T03:00:00Z,IT-CSouth,192.00,15
2026-10-03T03:00:00Z,IT-North,192.00,15
2026-10-03T03:00:00Z,IT-Sardinia,192.00,15
2026-10-03T03:00:00Z,IT-Sicily,199.70,15
2026-10-03T03:00:00Z,IT-South,192.00,15
2026-10-03T03:00:00Z,LT,27.99,15
2026-10-03T03:00:00Z,LV,27.99,15
2026-10-03T03:00:00Z,NL,169.43,15
2026-10-03T03:00:00Z,NO1,134.18,15
2026-10-03T03:00:00Z,NO3,89.59,15
2026-10-03T03:00:00Z,NO4,29.97,15
2026-10-03T03:00:00Z,NO5,124.83,15
2026-10-03T03:00:00Z,PL,169.43,15
2026-10-03T03:00:00Z,PT,169.43,15
2026-10-03T03:00:00Z,RO,169.43,15
2026-10-03T03:00:00Z,RS,170.01,15
2026-10-03T03:00:00Z,SE1,28.03,15
2026-10-03T03:00:00Z,SE2,32.23,15
2026-10-03T03:00:00Z,SE3,49.48,15
2026-10-03T03:00:00Z,SE4,118.22,15
2026-10-03T03:00:00Z,SI,169.43,15
2026-10-03T03:00:00Z,SK,169.43,15
2026-10-03T03:15:00Z,AT,168.46,15
2026-10-03T03:15:00Z,BE,168.46,15
2026-10-03T03:15:00Z,CZ,168.46,15
2026-10-03T03:15:00Z,DE-LU,168.46,15
2026-10-03T03:15:00Z,DK1,168.46,15
2026-10-03T03:15:00Z,DK2,168.58,15
2026-10-03T03:15:00Z,EE,32.99,15
2026-10-03T03:15:00Z,ES,175.72,15
2026-10-03T03:15:00Z,FI,32.99,15
2026-10-03T03:15:00Z,FR,168.46,15
2026-10-03T03:15:00Z,GR,168.46,15
2026-10-03T03:15:00Z,HR,168.46,15
2026-10-03T03:15:00Z,HU,168.46,15
2026-10-03T03:15:00Z,IT-CNorth,190.90,15
2026-10-03T03:15:00Z,IT-CSouth,190.90,15
2026-10-03T03:15:00Z,IT-North,190.90,15
2026-10-03T03:15:00Z,IT-Sardinia,190.90,15
2026-10-03T03:15:00Z,IT-Sicily,208.00,15
2026-10-03T03:15:00Z,IT-South,190.90,15
2026-10-03T03:15:00Z,LT,32.99,15
2026-10-03T03:15:00Z,LV,32.99,15
2026-10-03T03:15:00Z,NL,168.46,15
2026-10-03T03:15:00Z,NO1,134.61,15
2026-10-03T03:15:00Z,NO3,89.38,15
2026-10-03T03:15:00Z,NO4,29.74,15
2026-10-03T03:15:00Z,PL,168.46,15
2026-10-03T03:15:00Z,PT,168.46,15
2026-10-03T03:15:00Z,RO,168.46,15
2026-10-03T03:15:00Z,SE1,32.84,15
2026-10-03T03:15:00Z,SE2,37.54,15
2026-10-03T03:15:00Z,SE3,57.04,15
2026-10-03T03:15:00Z,SE4,133.46,15
2026-10-03T03:15:00Z,SI,168.46,15
2026-10-03T03:15:00Z,SK,168.46,15
2026-10-03T03:30:00Z,AT,169.80,15
2026-10-03T03:30:00Z,BE,169.80,15
2026-10-03T03:30:00Z,CZ,169.80,15
2026-10-03T03:30:00Z,DE-LU,169.80,15
2026-10-03T03:30:00Z,DK1,169.80,15
2026-10-03T03:30:00Z,DK2,169.92,15
2026-10-03T03:30:00Z,EE,34.64,15
2026-10-03T03:30:00Z,ES,175.30,15
2026-10-03T03:30:00Z,FI,34.63,15
2026-10-03T03:30:00Z,FR,169.80,15
2026-10-03T03:30:00Z,GR,169.80,15
2026-10-03T03:30:00Z,HR,169.80,15
2026-10-03T03:30:00Z,HU,169.80,15
2026-10-03T03:30:00Z,IT-CNorth,188.49,15
2026-10-03T03:30:00Z,IT-CSouth,188.49,15
2026-10-03T03:30:00Z,IT-North,188.49,15
2026-10-03T03:30:00Z,IT-Sardinia,188.49,15
2026-10-03T03:30:00Z,IT-South,188.49,15
2026-10-03T03:30:00Z,LT,34.64,15
2026-10-03T03:30:00Z,LV,34.64,15
2026-10-03T03:30:00Z,NL,169.80,15
2026-10-03T03:30:00Z,NO1,134.71,15
2026-10-03T03:30:00Z,NO2,143.93,15
2026-10-03T03:30:00Z,NO3,89.22,15
2026-10-03T03:30:00Z,NO4,29.50,15
2026-10-03T03:30:00Z,NO5,124.85,15
2026-10-03T03:30:00Z,PL,169.80,15
2026-10-03T03:30:00Z,PT,169.80,15
2026-10-03T03:30:00Z,RO,169.80,15
2026-10-03T03:30:00Z,SE1,34.41,15
2026-10-03T03:30:00Z,SE2,39.10,15
2026-10-03T03:30:00Z,SE3,58.67,15
2026-10-03T03:30:00Z,SE4,134.87,15
2026-10-03T03:30:00Z,SI,169.80,15
2026-10-03T03:30:00Z,SK,169.80,15
2026-10-03T03:45:00Z,AT,171.90,15
2026-10-03T03:45:00Z,BE,171.90,15
2026-10-03T03:45:00Z,CZ,171.90,15
2026-10-03T03:45:00Z,DE-LU,171.90,15
2026-10-03T03:45:00Z,DK1,171.90,15
2026-10-03T03:45:00Z,DK2,172.02,15
2026-10-03T03:45:00Z,EE,35.24,15
2026-10-03T03:45:00Z,ES,176.90,15
2026-10-03T03:45:00Z,FI,35.24,15
2026-10-03T03:45:00Z,FR,171.90,15
2026-10-03T03:45:00Z,GR,171.90,15
2026-10-03T03:45:00Z,HR,171.90,15
2026-10-03T03:45:00Z,HU,171.90,15
2026-10-03T03:45:00Z,IT-CNorth,192.00,15
2026-10-03T03:45:00Z,IT-CSouth,192.00,15
2026-10-03T03:45:00Z,IT-North,192.00,15
2026-10-03T03:45:00Z,IT-Sardinia,192.00,15
2026-10-03T03:45:00Z,IT-Sicily,213.00,15
2026-10-03T03:45:00Z,IT-South,192.00,15
2026-10-03T03:45:00Z,LT,35.24,15
2026-10-03T03:45:00Z,LV,35.24,15
2026-10-03T03:45:00Z,NL,171.90,15
2026-10-03T03:45:00Z,NO1,134.78,15
2026-10-03T03:45:00Z,NO3,89.09,15
2026-10-03T03:45:00Z,NO4,29.15,15
2026-10-03T03:45:00Z,NO5,124.87,15
2026-10-03T03:45:00Z,PL,171.90,15
2026-10-03T03:45:00Z,PT,171.90,15
2026-10-03T03:45:00Z,RO,171.90,15
2026-10-03T03:45:00Z,SE1,34.98,15
2026-10-03T03:45:00Z,SE2,39.72,15
2026-10-03T03:45:00Z,SE3,59.56,15
2026-10-03T03:45:00Z,SE4,136.60,15
2026-10-03T03:45:00Z,SI,171.90,15
2026-10-03T03:45:00Z,SK,171.90,15
2026-10-03T04:00:00Z,AT,175.43,15
2026-10-03T04:00:00Z,BE,175.03,15
2026-10-03T04:00:00Z,CH,188.00,60
2026-10-03T04:00:00Z,CZ,174.69,15
2026-10-03T04:00:00Z,DE-LU,175.01,15
2026-10-03T04:00:00Z,DK1,174.99,15
2026-10-03T04:00:00Z,DK2,175.07,15
2026-10-03T04:00:00Z,EE,29.20,15
2026-10-03T04:00:00Z,ES,178.30,15
2026-10-03T04:00:00Z,FI,29.20,15
2026-10-03T04:00:00Z,FR,175.00,15
2026-10-03T04:00:00Z,GR,176.22,15
2026-10-03T04:00:00Z,HR,175.95,15
2026-10-03T04:00:00Z,HU,176.34,15
2026-10-03T04:00:00Z,IT-CNorth,206.44,15
2026-10-03T04:00:00Z,IT-CSouth,206.44,15
2026-10-03T04:00:00Z,IT-North,206.44,15
2026-10-03T04:00:00Z,IT-Sardinia,206.44,15
2026-10-03T04:00:00Z,IT-Sicily,227.09,15
2026-10-03T04:00:00Z,IT-South,206.44,15
2026-10-03T04:00:00Z,LT,29.20,15
2026-10-03T04:00:00Z,LV,29.20,15
2026-10-03T04:00:00Z,NL,175.02,15
2026-10-03T04:00:00Z,NO1,136.79,15
2026-10-03T04:00:00Z,NO2,148.67,15
2026-10-03T04:00:00Z,NO3,89.45,15
2026-10-03T04:00:00Z,NO4,26.71,15
2026-10-03T04:00:00Z,NO5,124.77,15
2026-10-03T04:00:00Z,PL,174.96,15
2026-10-03T04:00:00Z,PT,175.00,15
2026-10-03T04:00:00Z,RO,176.23,15
2026-10-03T04:00:00Z,RS,191.75,15
2026-10-03T04:00:00Z,SE1,29.08,15
2026-10-03T04:00:00Z,SE2,33.34,15
2026-10-03T04:00:00Z,SE3,51.31,15
2026-10-03T04:00:00Z,SE4,120.95,15
2026-10-03T04:00:00Z,SI,175.81,15
2026-10-03T04:00:00Z,SK,176.45,15
2026-10-03T04:15:00Z,AT,183.64,15
2026-10-03T04:15:00Z,BE,180.25,15
2026-10-03T04:15:00Z,CZ,177.36,15
2026-10-03T04:15:00Z,DE-LU,180.10,15
2026-10-03T04:15:00Z,DK1,179.88,15
2026-10-03T04:15:00Z,DK2,179.77,15
2026-10-03T04:15:00Z,EE,28.60,15
2026-10-03T04:15:00Z,ES,183.30,15
2026-10-03T04:15:00Z,FI,28.60,15
2026-10-03T04:15:00Z,FR,180.00,15
2026-10-03T04:15:00Z,GR,190.41,15
2026-10-03T04:15:00Z,HR,188.08,15
2026-10-03T04:15:00Z,HU,191.38,15
2026-10-03T04:15:00Z,IT-CNorth,238.04,15
2026-10-03T04:15:00Z,IT-CSouth,238.04,15
2026-10-03T04:15:00Z,IT-North,238.04,15
2026-10-03T04:15:00Z,IT-Sardinia,238.04,15
2026-10-03T04:15:00Z,IT-Sicily,243.04,15
2026-10-03T04:15:00Z,IT-South,238.04,15
2026-10-03T04:15:00Z,LT,28.60,15
2026-10-03T04:15:00Z,LV,28.60,15
2026-10-03T04:15:00Z,NL,180.20,15
2026-10-03T04:15:00Z,NO1,137.16,15
2026-10-03T04:15:00Z,NO2,148.78,15
2026-10-03T04:15:00Z,NO3,89.41,15
2026-10-03T04:15:00Z,NO4,26.53,15
2026-10-03T04:15:00Z,NO5,124.87,15
2026-10-03T04:15:00Z,PL,179.70,15
2026-10-03T04:15:00Z,PT,180.00,15
2026-10-03T04:15:00Z,RO,190.51,15
2026-10-03T04:15:00Z,SE1,28.48,15
2026-10-03T04:15:00Z,SE2,33.77,15
2026-10-03T04:15:00Z,SE3,55.63,15
2026-10-03T04:15:00Z,SE4,140.97,15
2026-10-03T04:15:00Z,SI,186.90,15
2026-10-03T04:15:00Z,SK,192.33,15
2026-10-03T04:30:00Z,AT,188.42,15
2026-10-03T04:30:00Z,BE,185.82,15
2026-10-03T04:30:00Z,CZ,184.22,15
2026-10-03T04:30:00Z,DE-LU,185.98,15
2026-10-03T04:30:00Z,DK1,185.82,15
2026-10-03T04:30:00Z,DK2,185.81,15
2026-10-03T04:30:00Z,EE,35.34,15
2026-10-03T04:30:00Z,ES,190.64,15
2026-10-03T04:30:00Z,FI,35.34,15
2026-10-03T04:30:00Z,FR,185.00,15
2026-10-03T04:30:00Z,GR,192.91,15
2026-10-03T04:30:00Z,HR,191.38,15
2026-10-03T04:30:00Z,HU,193.55,15
2026-10-03T04:30:00Z,IT-CNorth,219.51,15
2026-10-03T04:30:00Z,IT-CSouth,219.51,15
2026-10-03T04:30:00Z,IT-North,219.51,15
2026-10-03T04:30:00Z,IT-Sardinia,219.51,15
2026-10-03T04:30:00Z,IT-Sicily,219.51,15
2026-10-03T04:30:00Z,IT-South,219.51,15
2026-10-03T04:30:00Z,LT,35.34,15
2026-10-03T04:30:00Z,LV,35.34,15
2026-10-03T04:30:00Z,NL,185.92,15
2026-10-03T04:30:00Z,NO1,137.68,15
2026-10-03T04:30:00Z,NO2,149.00,15
2026-10-03T04:30:00Z,NO3,89.31,15
2026-10-03T04:30:00Z,NO4,26.45,15
2026-10-03T04:30:00Z,NO5,124.92,15
2026-10-03T04:30:00Z,PL,185.76,15
2026-10-03T04:30:00Z,PT,185.00,15
2026-10-03T04:30:00Z,RO,192.98,15
2026-10-03T04:30:00Z,SE1,34.99,15
2026-10-03T04:30:00Z,SE2,40.23,15
2026-10-03T04:30:00Z,SE3,62.39,15
2026-10-03T04:30:00Z,SE4,147.09,15
2026-10-03T04:30:00Z,SI,190.61,15
2026-10-03T04:30:00Z,SK,194.16,15
2026-10-03T04:45:00Z,AT,190.79,15
2026-10-03T04:45:00Z,BE,190.17,15
2026-10-03T04:45:00Z,CZ,190.71,15
2026-10-03T04:45:00Z,DE-LU,190.61,15
2026-10-03T04:45:00Z,DK1,190.44,15
2026-10-03T04:45:00Z,DK2,190.72,15
2026-10-03T04:45:00Z,EE,37.61,15
2026-10-03T04:45:00Z,ES,194.99,15
2026-10-03T04:45:00Z,FI,37.61,15
2026-10-03T04:45:00Z,FR,189.00,15
2026-10-03T04:45:00Z,GR,190.79,15
2026-10-03T04:45:00Z,HR,190.82,15
2026-10-03T04:45:00Z,HU,190.79,15
2026-10-03T04:45:00Z,IT-CNorth,223.73,15
2026-10-03T04:45:00Z,IT-CSouth,223.73,15
2026-10-03T04:45:00Z,IT-North,223.73,15
2026-10-03T04:45:00Z,IT-Sardinia,223.73,15
2026-10-03T04:45:00Z,IT-Sicily,223.73,15
2026-10-03T04:45:00Z,IT-South,223.73,15
2026-10-03T04:45:00Z,LT,37.61,15
2026-10-03T04:45:00Z,LV,37.61,15
2026-10-03T04:45:00Z,NL,190.39,15
2026-10-03T04:45:00Z,NO1,138.00,15
2026-10-03T04:45:00Z,NO2,149.28,15
2026-10-03T04:45:00Z,NO3,89.41,15
2026-10-03T04:45:00Z,NO4,26.28,15
2026-10-03T04:45:00Z,NO5,124.98,15
2026-10-03T04:45:00Z,PL,190.69,15
2026-10-03T04:45:00Z,PT,189.00,15
2026-10-03T04:45:00Z,RO,190.79,15
2026-10-03T04:45:00Z,SE1,37.18,15
2026-10-03T04:45:00Z,SE2,42.50,15
2026-10-03T04:45:00Z,SE3,65.14,15
2026-10-03T04:45:00Z,SE4,151.14,15
2026-10-03T04:45:00Z,SI,190.83,15
2026-10-03T04:45:00Z,SK,190.76,15
2026-10-03T05:00:00Z,AT,218.38,15
2026-10-03T05:00:00Z,BE,198.75,15
2026-10-03T05:00:00Z,CH,203.20,60
2026-10-03T05:00:00Z,CZ,172.76,15
2026-10-03T05:00:00Z,DE-LU,197.45,15
2026-10-03T05:00:00Z,DK1,196.26,15
2026-10-03T05:00:00Z,DK2,195.10,15
2026-10-03T05:00:00Z,EE,34.24,15
2026-10-03T05:00:00Z,ES,209.94,15
2026-10-03T05:00:00Z,FI,34.24,15
2026-10-03T05:00:00Z,FR,200.00,15
2026-10-03T05:00:00Z,GR,158.56,15
2026-10-03T05:00:00Z,HR,209.78,15
2026-10-03T05:00:00Z,HU,205.16,15
2026-10-03T05:00:00Z,IT-CNorth,218.38,15
2026-10-03T05:00:00Z,IT-CSouth,218.38,15
2026-10-03T05:00:00Z,IT-North,218.38,15
2026-10-03T05:00:00Z,IT-Sardinia,218.38,15
2026-10-03T05:00:00Z,IT-Sicily,218.38,15
2026-10-03T05:00:00Z,IT-South,218.38,15
2026-10-03T05:00:00Z,LT,34.24,15
2026-10-03T05:00:00Z,LV,34.24,15
2026-10-03T05:00:00Z,NL,198.13,15
2026-10-03T05:00:00Z,NO1,138.88,15
2026-10-03T05:00:00Z,NO2,151.43,15
2026-10-03T05:00:00Z,NO3,88.05,15
2026-10-03T05:00:00Z,NO4,25.98,15
2026-10-03T05:00:00Z,NO5,125.31,15
2026-10-03T05:00:00Z,PL,188.79,15
2026-10-03T05:00:00Z,PT,200.00,15
2026-10-03T05:00:00Z,RO,205.04,15
2026-10-03T05:00:00Z,RS,199.97,15
2026-10-03T05:00:00Z,SE1,33.94,15
2026-10-03T05:00:00Z,SE2,38.14,15
2026-10-03T05:00:00Z,SE3,57.12,15
2026-10-03T05:00:00Z,SE4,127.40,15
2026-10-03T05:00:00Z,SI,212.31,15
2026-10-03T05:00:00Z,SK,185.85,15
2026-10-03T05:15:00Z,AT,218.86,15
2026-10-03T05:15:00Z,BE,199.87,15
2026-10-03T05:15:00Z,CZ,174.73,15
2026-10-03T05:15:00Z,DE-LU,198.61,15
2026-10-03T05:15:00Z,DK1,197.46,15
2026-10-03T05:15:00Z,DK2,196.38,15
2026-10-03T05:15:00Z,EE,32.47,15
2026-10-03T05:15:00Z,ES,209.33,15
2026-10-03T05:15:00Z,FI,32.47,15
2026-10-03T05:15:00Z,FR,201.08,15
2026-10-03T05:15:00Z,GR,0.01,15
2026-10-03T05:15:00Z,HR,210.54,15
2026-10-03T05:15:00Z,HU,206.07,15
2026-10-03T05:15:00Z,IT-CNorth,229.21,15
2026-10-03T05:15:00Z,IT-CSouth,229.21,15
2026-10-03T05:15:00Z,IT-North,229.21,15
2026-10-03T05:15:00Z,IT-Sardinia,229.21,15
2026-10-03T05:15:00Z,IT-Sicily,229.21,15
2026-10-03T05:15:00Z,IT-South,229.21,15
2026-10-03T05:15:00Z,LT,32.47,15
2026-10-03T05:15:00Z,LV,32.47,15
2026-10-03T05:15:00Z,NL,199.26,15
2026-10-03T05:15:00Z,NO1,139.57,15
2026-10-03T05:15:00Z,NO2,152.04,15
2026-10-03T05:15:00Z,NO3,88.13,15
2026-10-03T05:15:00Z,NO4,25.95,15
2026-10-03T05:15:00Z,NO5,125.39,15
2026-10-03T05:15:00Z,PL,190.23,15
2026-10-03T05:15:00Z,PT,201.08,15
2026-10-03T05:15:00Z,RO,205.96,15
2026-10-03T05:15:00Z,SE1,32.21,15
2026-10-03T05:15:00Z,SE2,37.87,15
2026-10-03T05:15:00Z,SE3,62.44,15
2026-10-03T05:15:00Z,SE4,155.12,15
2026-10-03T05:15:00Z,SI,212.98,15
2026-10-03T05:15:00Z,SK,187.39,15
2026-10-03T05:30:00Z,AT,201.11,15
2026-10-03T05:30:00Z,BE,198.99,15
2026-10-03T05:30:00Z,CZ,196.19,15
2026-10-03T05:30:00Z,DE-LU,198.85,15
2026-10-03T05:30:00Z,DK1,198.72,15
2026-10-03T05:30:00Z,DK2,198.73,15
2026-10-03T05:30:00Z,EE,33.80,15
2026-10-03T05:30:00Z,ES,202.05,15
2026-10-03T05:30:00Z,FI,33.80,15
2026-10-03T05:30:00Z,FR,199.13,15
2026-10-03T05:30:00Z,GR,-0.01,15
2026-10-03T05:30:00Z,HR,200.18,15
2026-10-03T05:30:00Z,HU,199.68,15
2026-10-03T05:30:00Z,IT-CNorth,235.89,15
2026-10-03T05:30:00Z,IT-CSouth,235.89,15
2026-10-03T05:30:00Z,IT-North,235.89,15
2026-10-03T05:30:00Z,IT-Sardinia,235.89,15
2026-10-03T05:30:00Z,IT-Sicily,235.89,15
2026-10-03T05:30:00Z,IT-South,235.89,15
2026-10-03T05:30:00Z,LT,33.80,15
2026-10-03T05:30:00Z,LV,33.80,15
2026-10-03T05:30:00Z,NL,198.92,15
2026-10-03T05:30:00Z,NO1,139.75,15
2026-10-03T05:30:00Z,NO2,152.17,15
2026-10-03T05:30:00Z,NO3,88.08,15
2026-10-03T05:30:00Z,NO4,25.92,15
2026-10-03T05:30:00Z,NO5,125.48,15
2026-10-03T05:30:00Z,PL,197.92,15
2026-10-03T05:30:00Z,PT,199.13,15
2026-10-03T05:30:00Z,RO,199.67,15
2026-10-03T05:30:00Z,SE1,33.50,15
2026-10-03T05:30:00Z,SE2,39.15,15
2026-10-03T05:30:00Z,SE3,63.80,15
2026-10-03T05:30:00Z,SE4,156.44,15
2026-10-03T05:30:00Z,SI,200.45,15
2026-10-03T05:30:00Z,SK,197.60,15
2026-10-03T05:45:00Z,AT,190.00,15
2026-10-03T05:45:00Z,BE,199.61,15
2026-10-03T05:45:00Z,CZ,197.63,15
2026-10-03T05:45:00Z,DE-LU,199.51,15
2026-10-03T05:45:00Z,DK1,199.42,15
2026-10-03T05:45:00Z,DK2,199.47,15
2026-10-03T05:45:00Z,EE,32.17,15
2026-10-03T05:45:00Z,ES,200.31,15
2026-10-03T05:45:00Z,FI,32.17,15
2026-10-03T05:45:00Z,FR,199.71,15
2026-10-03T05:45:00Z,HR,200.45,15
2026-10-03T05:45:00Z,HU,200.10,15
2026-10-03T05:45:00Z,IT-CNorth,206.44,15
2026-10-03T05:45:00Z,IT-CSouth,206.44,15
2026-10-03T05:45:00Z,IT-North,206.44,15
2026-10-03T05:45:00Z,IT-Sardinia,206.44,15
2026-10-03T05:45:00Z,IT-Sicily,206.44,15
2026-10-03T05:45:00Z,IT-South,206.44,15
2026-10-03T05:45:00Z,LT,32.17,15
2026-10-03T05:45:00Z,LV,32.17,15
2026-10-03T05:45:00Z,NL,199.56,15
2026-10-03T05:45:00Z,NO1,139.80,15
2026-10-03T05:45:00Z,NO2,152.30,15
2026-10-03T05:45:00Z,NO3,88.30,15
2026-10-03T05:45:00Z,NO4,25.90,15
2026-10-03T05:45:00Z,NO5,125.60,15
2026-10-03T05:45:00Z,PL,198.85,15
2026-10-03T05:45:00Z,PT,199.71,15
2026-10-03T05:45:00Z,RO,200.09,15
2026-10-03T05:45:00Z,SE1,31.92,15
2026-10-03T05:45:00Z,SE2,37.67,15
2026-10-03T05:45:00Z,SE3,62.55,15
2026-10-03T05:45:00Z,SE4,156.55,15
2026-10-03T05:45:00Z,SI,200.64,15
2026-10-03T05:45:00Z,SK,198.63,15
2026-10-03T06:00:00Z,AT,202.94,15
2026-10-03T06:00:00Z,BE,202.94,15
2026-10-03T06:00:00Z,CH,199.00,60
2026-10-03T06:00:00Z,CZ,202.94,15
2026-10-03T06:00:00Z,DE-LU,202.94,15
2026-10-03T06:00:00Z,DK1,202.94,15
2026-10-03T06:00:00Z,DK2,203.07,15
2026-10-03T06:00:00Z,EE,37.66,15
2026-10-03T06:00:00Z,ES,210.40,15
2026-10-03T06:00:00Z,FI,37.66,15
2026-10-03T06:00:00Z,FR,202.94,15
2026-10-03T06:00:00Z,HR,202.94,15
2026-10-03T06:00:00Z,HU,202.94,15
2026-10-03T06:00:00Z,IT-CNorth,233.75,15
2026-10-03T06:00:00Z,IT-CSouth,233.75,15
2026-10-03T06:00:00Z,IT-North,233.75,15
2026-10-03T06:00:00Z,IT-Sardinia,233.75,15
2026-10-03T06:00:00Z,IT-Sicily,233.75,15
2026-10-03T06:00:00Z,IT-South,233.75,15
2026-10-03T06:00:00Z,LT,37.66,15
2026-10-03T06:00:00Z,LV,37.66,15
2026-10-03T06:00:00Z,NL,202.94,15
2026-10-03T06:00:00Z,NO1,139.81,15
2026-10-03T06:00:00Z,NO2,152.28,15
2026-10-03T06:00:00Z,NO3,89.28,15
2026-10-03T06:00:00Z,NO4,27.35,15
2026-10-03T06:00:00Z,NO5,126.59,15
2026-10-03T06:00:00Z,PL,202.94,15
2026-10-03T06:00:00Z,PT,202.94,15
2026-10-03T06:00:00Z,RO,202.94,15
2026-10-03T06:00:00Z,RS,170.07,15
2026-10-03T06:00:00Z,SE1,37.35,15
2026-10-03T06:00:00Z,SE2,41.56,15
2026-10-03T06:00:00Z,SE3,65.08,15
2026-10-03T06:00:00Z,SE4,148.75,15
2026-10-03T06:00:00Z,SI,202.94,15
2026-10-03T06:00:00Z,SK,202.94,15
2026-10-03T06:15:00Z,AT,198.06,15
2026-10-03T06:15:00Z,BE,198.06,15
2026-10-03T06:15:00Z,CZ,198.06,15
2026-10-03T06:15:00Z,DE-LU,198.06,15
2026-10-03T06:15:00Z,DK1,198.06,15
2026-10-03T06:15:00Z,DK2,198.21,15
2026-10-03T06:15:00Z,EE,31.62,15
2026-10-03T06:15:00Z,ES,197.96,15
2026-10-03T06:15:00Z,FI,31.61,15
2026-10-03T06:15:00Z,FR,198.06,15
2026-10-03T06:15:00Z,HR,198.06,15
2026-10-03T06:15:00Z,HU,198.06,15
2026-10-03T06:15:00Z,IT-CNorth,233.30,15
2026-10-03T06:15:00Z,IT-CSouth,233.30,15
2026-10-03T06:15:00Z,IT-North,233.30,15
2026-10-03T06:15:00Z,IT-Sardinia,233.30,15
2026-10-03T06:15:00Z,IT-Sicily,233.30,15
2026-10-03T06:15:00Z,IT-South,233.30,15
2026-10-03T06:15:00Z,LT,31.62,15
2026-10-03T06:15:00Z,LV,31.62,15
2026-10-03T06:15:00Z,NL,198.06,15
2026-10-03T06:15:00Z,NO1,139.31,15
2026-10-03T06:15:00Z,NO2,152.45,15
2026-10-03T06:15:00Z,NO3,89.58,15
2026-10-03T06:15:00Z,NO4,27.13,15
2026-10-03T06:15:00Z,NO5,126.69,15
2026-10-03T06:15:00Z,PL,161.16,15
2026-10-03T06:15:00Z,PT,198.06,15
2026-10-03T06:15:00Z,RO,198.06,15
2026-10-03T06:15:00Z,SE1,31.49,15
2026-10-03T06:15:00Z,SE2,33.44,15
2026-10-03T06:15:00Z,SE3,62.77,15
2026-10-03T06:15:00Z,SE4,156.88,15
2026-10-03T06:15:00Z,SI,198.06,15
2026-10-03T06:15:00Z,SK,198.06,15
2026-10-03T06:30:00Z,AT,187.84,15
2026-10-03T06:30:00Z,BE,188.06,15
2026-10-03T06:30:00Z,CZ,187.77,15
2026-10-03T06:30:00Z,DE-LU,187.80,15
2026-10-03T06:30:00Z,DK1,183.60,15
2026-10-03T06:30:00Z,DK2,187.04,15
2026-10-03T06:30:00Z,EE,31.92,15
2026-10-03T06:30:00Z,ES,199.57,15
2026-10-03T06:30:00Z,FI,31.92,15
2026-10-03T06:30:00Z,FR,188.00,15
2026-10-03T06:30:00Z,HR,187.82,15
2026-10-03T06:30:00Z,HU,187.79,15
2026-10-03T06:30:00Z,IT-CNorth,215.80,15
2026-10-03T06:30:00Z,IT-CSouth,215.80,15
2026-10-03T06:30:00Z,IT-North,215.80,15
2026-10-03T06:30:00Z,IT-Sardinia,215.80,15
2026-10-03T06:30:00Z,IT-Sicily,215.80,15
2026-10-03T06:30:00Z,IT-South,215.80,15
2026-10-03T06:30:00Z,LT,31.92,15
2026-10-03T06:30:00Z,LV,31.92,15
2026-10-03T06:30:00Z,NL,188.11,15
2026-10-03T06:30:00Z,NO1,139.50,15
2026-10-03T06:30:00Z,NO2,152.63,15
2026-10-03T06:30:00Z,NO3,89.70,15
2026-10-03T06:30:00Z,NO4,26.51,15
2026-10-03T06:30:00Z,NO5,126.86,15
2026-10-03T06:30:00Z,PL,145.32,15
2026-10-03T06:30:00Z,PT,188.00,15
2026-10-03T06:30:00Z,RO,187.79,15
2026-10-03T06:30:00Z,SE1,31.76,15
2026-10-03T06:30:00Z,SE2,34.06,15
2026-10-03T06:30:00Z,SE3,60.42,15
2026-10-03T06:30:00Z,SE4,146.68,15
2026-10-03T06:30:00Z,SI,187.82,15
2026-10-03T06:30:00Z,SK,187.76,15
2026-10-03T06:45:00Z,AT,167.73,15
2026-10-03T06:45:00Z,BE,167.88,15
2026-10-03T06:45:00Z,CZ,167.68,15
2026-10-03T06:45:00Z,DE-LU,167.71,15
2026-10-03T06:45:00Z,DK1,164.84,15
2026-10-03T06:45:00Z,DK2,167.68,15
2026-10-03T06:45:00Z,EE,30.38,15
2026-10-03T06:45:00Z,ES,174.87,15
2026-10-03T06:45:00Z,FI,30.38,15
2026-10-03T06:45:00Z,FR,167.84,15
2026-10-03T06:45:00Z,GR,-0.02,15
2026-10-03T06:45:00Z,HR,167.72,15
2026-10-03T06:45:00Z,HU,167.70,15
2026-10-03T06:45:00Z,IT-CNorth,185.32,15
2026-10-03T06:45:00Z,IT-CSouth,185.32,15
2026-10-03T06:45:00Z,IT-North,185.32,15
2026-10-03T06:45:00Z,IT-Sardinia,185.32,15
2026-10-03T06:45:00Z,IT-Sicily,185.32,15
2026-10-03T06:45:00Z,IT-South,185.32,15
2026-10-03T06:45:00Z,LT,30.38,15
2026-10-03T06:45:00Z,LV,30.38,15
2026-10-03T06:45:00Z,NL,167.92,15
2026-10-03T06:45:00Z,NO1,139.43,15
2026-10-03T06:45:00Z,NO2,152.84,15
2026-10-03T06:45:00Z,NO3,89.97,15
2026-10-03T06:45:00Z,NO4,26.29,15
2026-10-03T06:45:00Z,NO5,127.00,15
2026-10-03T06:45:00Z,PL,144.01,15
2026-10-03T06:45:00Z,PT,167.84,15
2026-10-03T06:45:00Z,RO,167.70,15
2026-10-03T06:45:00Z,SE1,30.26,15
2026-10-03T06:45:00Z,SE2,32.02,15
2026-10-03T06:45:00Z,SE3,55.64,15
2026-10-03T06:45:00Z,SE4,131.94,15
2026-10-03T06:45:00Z,SI,167.72,15
2026-10-03T06:45:00Z,SK,167.68,15
2026-10-03T07:00:00Z,AT,199.31,15
2026-10-03T07:00:00Z,BE,199.59,15
2026-10-03T07:00:00Z,CH,180.33,60
2026-10-03T07:00:00Z,CZ,199.22,15
2026-10-03T07:00:00Z,DE-LU,199.21,15
2026-10-03T07:00:00Z,DK1,194.16,15
2026-10-03T07:00:00Z,DK2,197.82,15
2026-10-03T07:00:00Z,EE,39.70,15
2026-10-03T07:00:00Z,ES,207.51,15
2026-10-03T07:00:00Z,FI,39.69,15
2026-10-03T07:00:00Z,FR,199.51,15
2026-10-03T07:00:00Z,GR,-0.01,15
2026-10-03T07:00:00Z,HR,199.28,15
2026-10-03T07:00:00Z,HU,199.25,15
2026-10-03T07:00:00Z,IT-CNorth,202.30,15
2026-10-03T07:00:00Z,IT-CSouth,202.30,15
2026-10-03T07:00:00Z,IT-North,202.30,15
2026-10-03T07:00:00Z,IT-Sardinia,202.30,15
2026-10-03T07:00:00Z,IT-Sicily,202.30,15
2026-10-03T07:00:00Z,IT-South,202.30,15
2026-10-03T07:00:00Z,LT,39.70,15
2026-10-03T07:00:00Z,LV,39.70,15
2026-10-03T07:00:00Z,NL,199.64,15
2026-10-03T07:00:00Z,NO1,140.38,15
2026-10-03T07:00:00Z,NO2,153.70,15
2026-10-03T07:00:00Z,NO3,89.99,15
2026-10-03T07:00:00Z,NO4,30.06,15
2026-10-03T07:00:00Z,NO5,127.82,15
2026-10-03T07:00:00Z,PL,168.43,15
2026-10-03T07:00:00Z,PT,199.51,15
2026-10-03T07:00:00Z,RO,199.25,15
2026-10-03T07:00:00Z,RS,125.40,15
2026-10-03T07:00:00Z,SE1,39.45,15
2026-10-03T07:00:00Z,SE2,43.26,15
2026-10-03T07:00:00Z,SE3,62.04,15
2026-10-03T07:00:00Z,SE4,133.81,15
2026-10-03T07:00:00Z,SI,199.29,15
2026-10-03T07:00:00Z,SK,199.21,15
2026-10-03T07:15:00Z,AT,180.67,15
2026-10-03T07:15:00Z,BE,181.11,15
2026-10-03T07:15:00Z,CZ,180.53,15
2026-10-03T07:15:00Z,DE-LU,180.51,15
2026-10-03T07:15:00Z,DK1,172.43,15
2026-10-03T07:15:00Z,DK2,175.71,15
2026-10-03T07:15:00Z,EE,31.23,15
2026-10-03T07:15:00Z,ES,193.05,15
2026-10-03T07:15:00Z,FI,31.23,15
2026-10-03T07:15:00Z,FR,180.99,15
2026-10-03T07:15:00Z,GR,-0.02,15
2026-10-03T07:15:00Z,HR,180.63,15
2026-10-03T07:15:00Z,HU,180.58,15
2026-10-03T07:15:00Z,IT-CNorth,180.99,15
2026-10-03T07:15:00Z,IT-CSouth,180.99,15
2026-10-03T07:15:00Z,IT-North,180.99,15
2026-10-03T07:15:00Z,IT-Sardinia,180.99,15
2026-10-03T07:15:00Z,IT-Sicily,180.99,15
2026-10-03T07:15:00Z,IT-South,180.99,15
2026-10-03T07:15:00Z,LT,31.23,15
2026-10-03T07:15:00Z,LV,31.23,15
2026-10-03T07:15:00Z,NL,181.20,15
2026-10-03T07:15:00Z,NO1,139.40,15
2026-10-03T07:15:00Z,NO2,153.91,15
2026-10-03T07:15:00Z,NO3,91.02,15
2026-10-03T07:15:00Z,NO4,29.43,15
2026-10-03T07:15:00Z,NO5,127.89,15
2026-10-03T07:15:00Z,PL,152.41,15
2026-10-03T07:15:00Z,PT,180.99,15
2026-10-03T07:15:00Z,RO,180.58,15
2026-10-03T07:15:00Z,SE1,31.19,15
2026-10-03T07:15:00Z,SE2,31.98,15
2026-10-03T07:15:00Z,SE3,57.36,15
2026-10-03T07:15:00Z,SE4,140.00,15
2026-10-03T07:15:00Z,SI,180.64,15
2026-10-03T07:15:00Z,SK,180.52,15
2026-10-03T07:30:00Z,AT,108.02,15
2026-10-03T07:30:00Z,BE,167.87,15
2026-10-03T07:30:00Z,CZ,120.00,15
2026-10-03T07:30:00Z,DE-LU,161.37,15
2026-10-03T07:30:00Z,DK1,158.51,15
2026-10-03T07:30:00Z,DK2,155.76,15
2026-10-03T07:30:00Z,EE,30.05,15
2026-10-03T07:30:00Z,ES,180.90,15
2026-10-03T07:30:00Z,FI,30.05,15
2026-10-03T07:30:00Z,FR,171.40,15
2026-10-03T07:30:00Z,GR,-0.10,15
2026-10-03T07:30:00Z,HR,107.85,15
2026-10-03T07:30:00Z,HU,105.26,15
2026-10-03T07:30:00Z,IT-CNorth,171.40,15
2026-10-03T07:30:00Z,IT-CSouth,171.40,15
2026-10-03T07:30:00Z,IT-North,171.40,15
2026-10-03T07:30:00Z,IT-Sardinia,171.40,15
2026-10-03T07:30:00Z,IT-Sicily,171.40,15
2026-10-03T07:30:00Z,IT-South,171.40,15
2026-10-03T07:30:00Z,LT,30.05,15
2026-10-03T07:30:00Z,LV,30.05,15
2026-10-03T07:30:00Z,NL,165.58,15
2026-10-03T07:30:00Z,NO1,138.74,15
2026-10-03T07:30:00Z,NO2,152.86,15
2026-10-03T07:30:00Z,NO3,91.25,15
2026-10-03T07:30:00Z,NO4,27.89,15
2026-10-03T07:30:00Z,NO5,127.98,15
2026-10-03T07:30:00Z,PL,128.87,15
2026-10-03T07:30:00Z,PT,171.40,15
2026-10-03T07:30:00Z,RO,107.35,15
2026-10-03T07:30:00Z,SE1,30.00,15
2026-10-03T07:30:00Z,SE2,30.90,15
2026-10-03T07:30:00Z,SE3,51.83,15
2026-10-03T07:30:00Z,SE4,120.79,15
2026-10-03T07:30:00Z,SI,106.16,15
2026-10-03T07:30:00Z,SK,112.45,15
2026-10-03T07:45:00Z,AT,132.19,15
2026-10-03T07:45:00Z,BE,155.61,15
2026-10-03T07:45:00Z,CZ,114.19,15
2026-10-03T07:45:00Z,DE-LU,152.22,15
2026-10-03T07:45:00Z,DK1,149.42,15
2026-10-03T07:45:00Z,DK2,147.68,15
2026-10-03T07:45:00Z,EE,27.82,15
2026-10-03T07:45:00Z,ES,163.42,15
2026-10-03T07:45:00Z,FI,27.82,15
2026-10-03T07:45:00Z,FR,157.51,15
2026-10-03T07:45:00Z,GR,-0.99,15
2026-10-03T07:45:00Z,HR,106.09,15
2026-10-03T07:45:00Z,HU,96.00,15
2026-10-03T07:45:00Z,IT-CNorth,157.51,15
2026-10-03T07:45:00Z,IT-CSouth,157.51,15
2026-10-03T07:45:00Z,IT-North,157.51,15
2026-10-03T07:45:00Z,IT-Sardinia,157.51,15
2026-10-03T07:45:00Z,IT-Sicily,157.51,15
2026-10-03T07:45:00Z,IT-South,157.51,15
2026-10-03T07:45:00Z,LT,27.82,15
2026-10-03T07:45:00Z,LV,27.82,15
2026-10-03T07:45:00Z,NL,154.27,15
2026-10-03T07:45:00Z,NO1,134.57,15
2026-10-03T07:45:00Z,NO2,145.20,15
2026-10-03T07:45:00Z,NO3,90.69,15
2026-10-03T07:45:00Z,NO4,27.61,15
2026-10-03T07:45:00Z,NO5,128.07,15
2026-10-03T07:45:00Z,PL,121.56,15
2026-10-03T07:45:00Z,PT,157.51,15
2026-10-03T07:45:00Z,RO,100.48,15
2026-10-03T07:45:00Z,SE1,27.82,15
2026-10-03T07:45:00Z,SE2,28.00,15
2026-10-03T07:45:00Z,SE3,50.80,15
2026-10-03T07:45:00Z,SE4,123.36,15
2026-10-03T07:45:00Z,SI,108.74,15
2026-10-03T07:45:00Z,SK,103.63,15
2026-10-03T08:00:00Z,AT,80.71,15
2026-10-03T08:00:00Z,BE,177.70,15
2026-10-03T08:00:00Z,CH,166.47,60
2026-10-03T08:00:00Z,CZ,108.30,15
2026-10-03T08:00:00Z,DE-LU,164.83,15
2026-10-03T08:00:00Z,DK1,157.90,15
2026-10-03T08:00:00Z,DK2,154.32,15
2026-10-03T08:00:00Z,EE,32.91,15
2026-10-03T08:00:00Z,ES,192.00,15
2026-10-03T08:00:00Z,FI,32.91,15
2026-10-03T08:00:00Z,FR,181.63,15
2026-10-03T08:00:00Z,GR,-5.20,15
2026-10-03T08:00:00Z,HR,86.85,15
2026-10-03T08:00:00Z,HU,80.71,15
2026-10-03T08:00:00Z,IT-CNorth,181.63,15
2026-10-03T08:00:00Z,IT-CSouth,181.63,15
2026-10-03T08:00:00Z,IT-North,181.63,15
2026-10-03T08:00:00Z,IT-Sardinia,131.00,15
2026-10-03T08:00:00Z,IT-Sicily,181.63,15
2026-10-03T08:00:00Z,IT-South,181.63,15
2026-10-03T08:00:00Z,LT,32.91,15
2026-10-03T08:00:00Z,LV,32.91,15
2026-10-03T08:00:00Z,NL,174.01,15
2026-10-03T08:00:00Z,NO1,138.93,15
2026-10-03T08:00:00Z,NO2,152.43,15
2026-10-03T08:00:00Z,NO3,93.26,15
2026-10-03T08:00:00Z,NO4,30.04,15
2026-10-03T08:00:00Z,NO5,126.66,15
2026-10-03T08:00:00Z,PL,118.81,15
2026-10-03T08:00:00Z,PT,181.63,15
2026-10-03T08:00:00Z,RO,84.84,15
2026-10-03T08:00:00Z,RS,65.00,15
2026-10-03T08:00:00Z,SE1,32.85,15
2026-10-03T08:00:00Z,SE2,34.04,15
2026-10-03T08:00:00Z,SE3,56.55,15
2026-10-03T08:00:00Z,SE4,132.14,15
2026-10-03T08:00:00Z,SI,85.66,15
2026-10-03T08:00:00Z,SK,95.16,15
2026-10-03T08:15:00Z,AT,57.50,15
2026-10-03T08:15:00Z,BE,169.46,15
2026-10-03T08:15:00Z,CZ,89.34,15
2026-10-03T08:15:00Z,DE-LU,154.84,15
2026-10-03T08:15:00Z,DK1,150.55,15
2026-10-03T08:15:00Z,DK2,147.93,15
2026-10-03T08:15:00Z,EE,30.25,15
2026-10-03T08:15:00Z,ES,181.99,15
2026-10-03T08:15:00Z,FI,30.25,15
2026-10-03T08:15:00Z,FR,174.06,15
2026-10-03T08:15:00Z,GR,-7.00,15
2026-10-03T08:15:00Z,HR,63.02,15
2026-10-03T08:15:00Z,HU,54.70,15
2026-10-03T08:15:00Z,IT-CNorth,174.06,15
2026-10-03T08:15:00Z,IT-CSouth,174.06,15
2026-10-03T08:15:00Z,IT-North,174.06,15
2026-10-03T08:15:00Z,IT-Sardinia,114.25,15
2026-10-03T08:15:00Z,IT-Sicily,174.06,15
2026-10-03T08:15:00Z,IT-South,174.06,15
2026-10-03T08:15:00Z,LT,30.25,15
2026-10-03T08:15:00Z,LV,30.25,15
2026-10-03T08:15:00Z,NL,165.14,15
2026-10-03T08:15:00Z,NO1,135.12,15
2026-10-03T08:15:00Z,NO2,145.76,15
2026-10-03T08:15:00Z,NO3,92.38,15
2026-10-03T08:15:00Z,NO4,28.88,15
2026-10-03T08:15:00Z,NO5,126.68,15
2026-10-03T08:15:00Z,PL,101.00,15
2026-10-03T08:15:00Z,PT,174.06,15
2026-10-03T08:15:00Z,RO,60.01,15
2026-10-03T08:15:00Z,SE1,30.22,15
2026-10-03T08:15:00Z,SE2,30.81,15
2026-10-03T08:15:00Z,SE3,47.96,15
2026-10-03T08:15:00Z,SE4,104.51,15
2026-10-03T08:15:00Z,SI,62.22,15
2026-10-03T08:15:00Z,SK,72.65,15
2026-10-03T08:30:00Z,AT,40.59,15
2026-10-03T08:30:00Z,BE,167.99,15
2026-10-03T08:30:00Z,CZ,75.86,15
2026-10-03T08:30:00Z,DE-LU,148.08,15
2026-10-03T08:30:00Z,DK1,143.36,15
2026-10-03T08:30:00Z,DK2,140.83,15
2026-10-03T08:30:00Z,EE,35.08,15
2026-10-03T08:30:00Z,ES,170.00,15
2026-10-03T08:30:00Z,FI,35.07,15
2026-10-03T08:30:00Z,FR,171.37,15
2026-10-03T08:30:00Z,GR,-10.00,15
2026-10-03T08:30:00Z,HR,48.51,15
2026-10-03T08:30:00Z,HU,40.59,15
2026-10-03T08:30:00Z,IT-CNorth,171.37,15
2026-10-03T08:30:00Z,IT-CSouth,171.37,15
2026-10-03T08:30:00Z,IT-North,171.37,15
2026-10-03T08:30:00Z,IT-Sardinia,92.10,15
2026-10-03T08:30:00Z,IT-Sicily,171.37,15
2026-10-03T08:30:00Z,IT-South,171.37,15
2026-10-03T08:30:00Z,LT,35.08,15
2026-10-03T08:30:00Z,LV,35.08,15
2026-10-03T08:30:00Z,NL,161.57,15
2026-10-03T08:30:00Z,NO1,133.90,15
2026-10-03T08:30:00Z,NO2,143.08,15
2026-10-03T08:30:00Z,NO3,93.09,15
2026-10-03T08:30:00Z,NO4,30.13,15
2026-10-03T08:30:00Z,NO5,126.58,15
2026-10-03T08:30:00Z,PL,89.37,15
2026-10-03T08:30:00Z,PT,157.00,15
2026-10-03T08:30:00Z,RO,45.90,15
2026-10-03T08:30:00Z,SE1,34.96,15
2026-10-03T08:30:00Z,SE2,36.90,15
2026-10-03T08:30:00Z,SE3,46.26,15
2026-10-03T08:30:00Z,SE4,82.50,15
2026-10-03T08:30:00Z,SI,47.00,15
2026-10-03T08:30:00Z,SK,59.07,15
2026-10-03T08:45:00Z,AT,19.37,15
2026-10-03T08:45:00Z,BE,170.85,15
2026-10-03T08:45:00Z,CZ,59.34,15
2026-10-03T08:45:00Z,DE-LU,140.10,15
2026-10-03T08:45:00Z,DK1,134.89,15
2026-10-03T08:45:00Z,DK2,132.47,15
2026-10-03T08:45:00Z,EE,29.17,15
2026-10-03T08:45:00Z,ES,170.35,15
2026-10-03T08:45:00Z,FI,29.17,15
2026-10-03T08:45:00Z,FR,170.85,15
2026-10-03T08:45:00Z,HR,33.70,15
2026-10-03T08:45:00Z,HU,28.64,15
2026-10-03T08:45:00Z,IT-CNorth,170.85,15
2026-10-03T08:45:00Z,IT-CSouth,170.85,15
2026-10-03T08:45:00Z,IT-North,170.85,15
2026-10-03T08:45:00Z,IT-Sardinia,85.60,15
2026-10-03T08:45:00Z,IT-Sicily,170.85,15
2026-10-03T08:45:00Z,IT-South,170.85,15
2026-10-03T08:45:00Z,LT,29.17,15
2026-10-03T08:45:00Z,LV,29.17,15
2026-10-03T08:45:00Z,NL,159.98,15
2026-10-03T08:45:00Z,NO1,131.04,15
2026-10-03T08:45:00Z,NO2,139.16,15
2026-10-03T08:45:00Z,NO3,92.34,15
2026-10-03T08:45:00Z,NO4,29.32,15
2026-10-03T08:45:00Z,NO5,126.52,15
2026-10-03T08:45:00Z,PL,76.40,15
2026-10-03T08:45:00Z,PT,151.81,15
2026-10-03T08:45:00Z,RO,32.94,15
2026-10-03T08:45:00Z,SE1,29.18,15
2026-10-03T08:45:00Z,SE2,29.11,15
2026-10-03T08:45:00Z,SE3,31.41,15
2026-10-03T08:45:00Z,SE4,38.39,15
2026-10-03T08:45:00Z,SI,30.07,15
2026-10-03T08:45:00Z,SK,45.42,15
2026-10-03T09:00:00Z,AT,36.60,15
2026-10-03T09:00:00Z,BE,164.31,15
2026-10-03T09:00:00Z,CH,128.44,60
2026-10-03T09:00:00Z,CZ,72.14,15
2026-10-03T09:00:00Z,DE-LU,151.08,15
2026-10-03T09:00:00Z,DK1,145.54,15
2026-10-03T09:00:00Z,DK2,143.02,15
2026-10-03T09:00:00Z,EE,35.51,15
2026-10-03T09:00:00Z,ES,177.94,15
2026-10-03T09:00:00Z,FI,35.50,15
2026-10-03T09:00:00Z,FR,170.90,15
2026-10-03T09:00:00Z,HR,36.98,15
2026-10-03T09:00:00Z,HU,22.84,15
2026-10-03T09:00:00Z,IT-CNorth,170.90,15
2026-10-03T09:00:00Z,IT-CSouth,170.90,15
2026-10-03T09:00:00Z,IT-North,170.90,15
2026-10-03T09:00:00Z,IT-Sardinia,76.50,15
2026-10-03T09:00:00Z,IT-Sicily,170.90,15
2026-10-03T09:00:00Z,IT-South,170.90,15
2026-10-03T09:00:00Z,LT,35.51,15
2026-10-03T09:00:00Z,LV,35.51,15
2026-10-03T09:00:00Z,NL,159.77,15
2026-10-03T09:00:00Z,NO1,133.37,15
2026-10-03T09:00:00Z,NO2,140.88,15
2026-10-03T09:00:00Z,NO3,96.29,15
2026-10-03T09:00:00Z,NO4,29.28,15
2026-10-03T09:00:00Z,NO5,127.62,15
2026-10-03T09:00:00Z,PL,85.38,15
2026-10-03T09:00:00Z,PT,150.78,15
2026-10-03T09:00:00Z,RO,30.88,15
2026-10-03T09:00:00Z,RS,15.10,15
2026-10-03T09:00:00Z,SE1,35.34,15
2026-10-03T09:00:00Z,SE2,37.78,15
2026-10-03T09:00:00Z,SE3,55.80,15
2026-10-03T09:00:00Z,SE4,121.35,15
2026-10-03T09:00:00Z,SI,38.04,15
2026-10-03T09:00:00Z,SK,50.89,15
2026-10-03T09:15:00Z,AT,21.85,15
2026-10-03T09:15:00Z,BE,143.95,15
2026-10-03T09:15:00Z,CZ,56.19,15
2026-10-03T09:15:00Z,DE-LU,131.62,15
2026-10-03T09:15:00Z,DK1,126.42,15
2026-10-03T09:15:00Z,DK2,124.19,15
2026-10-03T09:15:00Z,EE,30.80,15
2026-10-03T09:15:00Z,ES,165.70,15
2026-10-03T09:15:00Z,FI,30.79,15
2026-10-03T09:15:00Z,FR,150.39,15
2026-10-03T09:15:00Z,HR,25.47,15
2026-10-03T09:15:00Z,HU,14.76,15
2026-10-03T09:15:00Z,IT-CNorth,150.39,15
2026-10-03T09:15:00Z,IT-CSouth,150.39,15
2026-10-03T09:15:00Z,IT-North,150.39,15
2026-10-03T09:15:00Z,IT-Sardinia,72.00,15
2026-10-03T09:15:00Z,IT-Sicily,150.39,15
2026-10-03T09:15:00Z,IT-South,150.39,15
2026-10-03T09:15:00Z,LT,30.80,15
2026-10-03T09:15:00Z,LV,30.80,15
2026-10-03T09:15:00Z,NL,139.66,15
2026-10-03T09:15:00Z,NO1,125.43,15
2026-10-03T09:15:00Z,NO2,127.73,15
2026-10-03T09:15:00Z,NO3,92.11,15
2026-10-03T09:15:00Z,NO4,27.10,15
2026-10-03T09:15:00Z,NO5,126.28,15
2026-10-03T09:15:00Z,PL,70.09,15
2026-10-03T09:15:00Z,PT,141.00,15
2026-10-03T09:15:00Z,RO,21.28,15
2026-10-03T09:15:00Z,SE1,30.70,15
2026-10-03T09:15:00Z,SE2,32.17,15
2026-10-03T09:15:00Z,SE3,41.49,15
2026-10-03T09:15:00Z,SE4,76.19,15
2026-10-03T09:15:00Z,SI,25.47,15
2026-10-03T09:15:00Z,SK,38.64,15
2026-10-03T09:30:00Z,AT,14.94,15
2026-10-03T09:30:00Z,BE,124.24,15
2026-10-03T09:30:00Z,CZ,45.98,15
2026-10-03T09:30:00Z,DE-LU,113.24,15
2026-10-03T09:30:00Z,DK1,108.68,15
2026-10-03T09:30:00Z,DK2,106.73,15
2026-10-03T09:30:00Z,EE,26.41,15
2026-10-03T09:30:00Z,ES,157.28,15
2026-10-03T09:30:00Z,FI,26.41,15
2026-10-03T09:30:00Z,FR,130.01,15
2026-10-03T09:30:00Z,HR,21.91,15
2026-10-03T09:30:00Z,HU,14.94,15
2026-10-03T09:30:00Z,IT-CNorth,130.01,15
2026-10-03T09:30:00Z,IT-CSouth,130.01,15
2026-10-03T09:30:00Z,IT-North,130.01,15
2026-10-03T09:30:00Z,IT-Sardinia,76.50,15
2026-10-03T09:30:00Z,IT-Sicily,130.01,15
2026-10-03T09:30:00Z,IT-South,130.01,15
2026-10-03T09:30:00Z,LT,26.41,15
2026-10-03T09:30:00Z,LV,26.41,15
2026-10-03T09:30:00Z,NL,120.43,15
2026-10-03T09:30:00Z,NO1,118.93,15
2026-10-03T09:30:00Z,NO2,121.00,15
2026-10-03T09:30:00Z,NO3,86.54,15
2026-10-03T09:30:00Z,NO4,25.99,15
2026-10-03T09:30:00Z,NO5,120.90,15
2026-10-03T09:30:00Z,PL,59.67,15
2026-10-03T09:30:00Z,PT,130.01,15
2026-10-03T09:30:00Z,RO,19.65,15
2026-10-03T09:30:00Z,SE1,26.40,15
2026-10-03T09:30:00Z,SE2,26.57,15
2026-10-03T09:30:00Z,SE3,27.25,15
2026-10-03T09:30:00Z,SE4,29.99,15
2026-10-03T09:30:00Z,SI,20.37,15
2026-10-03T09:30:00Z,SK,33.18,15
2026-10-03T09:45:00Z,AT,7.58,15
2026-10-03T09:45:00Z,BE,115.64,15
2026-10-03T09:45:00Z,CZ,35.80,15
2026-10-03T09:45:00Z,DE-LU,104.21,15
2026-10-03T09:45:00Z,DK1,101.85,15
2026-10-03T09:45:00Z,DK2,100.01,15
2026-10-03T09:45:00Z,EE,25.83,15
2026-10-03T09:45:00Z,ES,150.00,15
2026-10-03T09:45:00Z,FI,25.83,15
2026-10-03T09:45:00Z,FR,120.61,15
2026-10-03T09:45:00Z,HR,17.98,15
2026-10-03T09:45:00Z,HU,14.01,15
2026-10-03T09:45:00Z,IT-CNorth,120.61,15
2026-10-03T09:45:00Z,IT-CSouth,120.61,15
2026-10-03T09:45:00Z,IT-North,120.61,15
2026-10-03T09:45:00Z,IT-Sardinia,120.61,15
2026-10-03T09:45:00Z,IT-Sicily,120.61,15
2026-10-03T09:45:00Z,IT-South,120.61,15
2026-10-03T09:45:00Z,LT,25.83,15
2026-10-03T09:45:00Z,LV,25.83,15
2026-10-03T09:45:00Z,NL,112.33,15
2026-10-03T09:45:00Z,NO1,108.52,15
2026-10-03T09:45:00Z,NO2,110.36,15
2026-10-03T09:45:00Z,NO3,79.50,15
2026-10-03T09:45:00Z,NO4,25.83,15
2026-10-03T09:45:00Z,NO5,110.36,15
2026-10-03T09:45:00Z,PL,43.44,15
2026-10-03T09:45:00Z,PT,120.61,15
2026-10-03T09:45:00Z,RO,16.93,15
2026-10-03T09:45:00Z,SE1,25.83,15
2026-10-03T09:45:00Z,SE2,25.83,15
2026-10-03T09:45:00Z,SE3,25.83,15
2026-10-03T09:45:00Z,SE4,25.83,15
2026-10-03T09:45:00Z,SI,15.13,15
2026-10-03T09:45:00Z,SK,25.41,15
2026-10-03T10:00:00Z,AT,21.74,15
2026-10-03T10:00:00Z,BE,106.30,15
2026-10-03T10:00:00Z,CH,63.50,60
2026-10-03T10:00:00Z,CZ,43.07,15
2026-10-03T10:00:00Z,DE-LU,96.39,15
2026-10-03T10:00:00Z,DK1,95.89,15
2026-10-03T10:00:00Z,DK2,94.19,15
2026-10-03T10:00:00Z,EE,31.18,15
2026-10-03T10:00:00Z,ES,139.71,15
2026-10-03T10:00:00Z,FI,31.18,15
2026-10-03T10:00:00Z,FR,110.00,15
2026-10-03T10:00:00Z,HR,29.55,15
2026-10-03T10:00:00Z,HU,26.17,15
2026-10-03T10:00:00Z,IT-CNorth,110.00,15
2026-10-03T10:00:00Z,IT-CSouth,110.00,15
2026-10-03T10:00:00Z,IT-North,110.00,15
2026-10-03T10:00:00Z,IT-Sardinia,103.44,15
2026-10-03T10:00:00Z,IT-Sicily,110.00,15
2026-10-03T10:00:00Z,IT-South,110.00,15
2026-10-03T10:00:00Z,LT,31.18,15
2026-10-03T10:00:00Z,LV,31.18,15
2026-10-03T10:00:00Z,NL,103.80,15
2026-10-03T10:00:00Z,NO1,98.46,15
2026-10-03T10:00:00Z,NO2,100.00,15
2026-10-03T10:00:00Z,NO3,75.45,15
2026-10-03T10:00:00Z,NO4,27.53,15
2026-10-03T10:00:00Z,NO5,99.09,15
2026-10-03T10:00:00Z,PL,46.99,15
2026-10-03T10:00:00Z,PT,110.00,15
2026-10-03T10:00:00Z,RO,28.42,15
2026-10-03T10:00:00Z,RS,14.99,15
2026-10-03T10:00:00Z,SE1,31.06,15
2026-10-03T10:00:00Z,SE2,32.56,15
2026-10-03T10:00:00Z,SE3,38.54,15
2026-10-03T10:00:00Z,SE4,62.39,15
2026-10-03T10:00:00Z,SI,27.41,15
2026-10-03T10:00:00Z,SK,34.44,15
2026-10-03T10:15:00Z,AT,8.51,15
2026-10-03T10:15:00Z,BE,96.91,15
2026-10-03T10:15:00Z,CZ,31.20,15
2026-10-03T10:15:00Z,DE-LU,86.64,15
2026-10-03T10:15:00Z,DK1,85.83,15
2026-10-03T10:15:00Z,DK2,84.28,15
2026-10-03T10:15:00Z,EE,28.87,15
2026-10-03T10:15:00Z,ES,131.51,15
2026-10-03T10:15:00Z,FI,28.87,15
2026-10-03T10:15:00Z,FR,100.88,15
2026-10-03T10:15:00Z,HR,16.87,15
2026-10-03T10:15:00Z,HU,13.45,15
2026-10-03T10:15:00Z,IT-CNorth,100.88,15
2026-10-03T10:15:00Z,IT-CSouth,100.88,15
2026-10-03T10:15:00Z,IT-North,100.88,15
2026-10-03T10:15:00Z,IT-Sardinia,100.88,15
2026-10-03T10:15:00Z,IT-Sicily,100.88,15
2026-10-03T10:15:00Z,IT-South,100.88,15
2026-10-03T10:15:00Z,LT,28.87,15
2026-10-03T10:15:00Z,LV,28.87,15
2026-10-03T10:15:00Z,NL,94.24,15
2026-10-03T10:15:00Z,NO1,94.96,15
2026-10-03T10:15:00Z,NO2,96.40,15
2026-10-03T10:15:00Z,NO3,71.77,15
2026-10-03T10:15:00Z,NO4,28.73,15
2026-10-03T10:15:00Z,NO5,96.37,15
2026-10-03T10:15:00Z,PL,36.36,15
2026-10-03T10:15:00Z,PT,100.88,15
2026-10-03T10:15:00Z,RO,15.82,15
2026-10-03T10:15:00Z,SE1,28.86,15
2026-10-03T10:15:00Z,SE2,28.92,15
2026-10-03T10:15:00Z,SE3,29.14,15
2026-10-03T10:15:00Z,SE4,30.03,15
2026-10-03T10:15:00Z,SI,14.56,15
2026-10-03T10:15:00Z,SK,22.42,15
2026-10-03T10:30:00Z,AT,7.88,15
2026-10-03T10:30:00Z,BE,91.63,15
2026-10-03T10:30:00Z,CZ,29.39,15
2026-10-03T10:30:00Z,DE-LU,81.91,15
2026-10-03T10:30:00Z,DK1,81.13,15
2026-10-03T10:30:00Z,DK2,79.66,15
2026-10-03T10:30:00Z,EE,26.10,15
2026-10-03T10:30:00Z,ES,129.89,15
2026-10-03T10:30:00Z,FI,26.10,15
2026-10-03T10:30:00Z,FR,95.40,15
2026-10-03T10:30:00Z,GR,-11.56,15
2026-10-03T10:30:00Z,HR,15.80,15
2026-10-03T10:30:00Z,HU,12.57,15
2026-10-03T10:30:00Z,IT-CNorth,95.40,15
2026-10-03T10:30:00Z,IT-CSouth,95.40,15
2026-10-03T10:30:00Z,IT-North,95.40,15
2026-10-03T10:30:00Z,IT-Sardinia,95.40,15
2026-10-03T10:30:00Z,IT-Sicily,95.40,15
2026-10-03T10:30:00Z,IT-South,95.40,15
2026-10-03T10:30:00Z,LT,26.10,15
2026-10-03T10:30:00Z,LV,26.10,15
2026-10-03T10:30:00Z,NL,89.10,15
2026-10-03T10:30:00Z,NO1,89.76,15
2026-10-03T10:30:00Z,NO2,91.14,15
2026-10-03T10:30:00Z,NO3,67.40,15
2026-10-03T10:30:00Z,NO4,26.10,15
2026-10-03T10:30:00Z,NO5,91.14,15
2026-10-03T10:30:00Z,PL,34.32,15
2026-10-03T10:30:00Z,PT,95.40,15
2026-10-03T10:30:00Z,RO,14.82,15
2026-10-03T10:30:00Z,SE1,26.10,15
2026-10-03T10:30:00Z,SE2,26.10,15
2026-10-03T10:30:00Z,SE3,26.10,15
2026-10-03T10:30:00Z,SE4,26.10,15
2026-10-03T10:30:00Z,SI,13.61,15
2026-10-03T10:30:00Z,SK,21.08,15
2026-10-03T10:45:00Z,AT,6.55,15
2026-10-03T10:45:00Z,BE,80.21,15
2026-10-03T10:45:00Z,CZ,25.43,15
2026-10-03T10:45:00Z,DE-LU,71.65,15
2026-10-03T10:45:00Z,DK1,70.99,15
2026-10-03T10:45:00Z,DK2,69.71,15
2026-10-03T10:45:00Z,EE,25.55,15
2026-10-03T10:45:00Z,ES,128.61,15
2026-10-03T10:45:00Z,FI,25.55,15
2026-10-03T10:45:00Z,FR,83.51,15
2026-10-03T10:45:00Z,GR,-14.19,15
2026-10-03T10:45:00Z,HR,13.50,15
2026-10-03T10:45:00Z,HU,10.64,15
2026-10-03T10:45:00Z,IT-CNorth,83.51,15
2026-10-03T10:45:00Z,IT-CSouth,83.51,15
2026-10-03T10:45:00Z,IT-North,83.51,15
2026-10-03T10:45:00Z,IT-Sardinia,83.51,15
2026-10-03T10:45:00Z,IT-Sicily,83.51,15
2026-10-03T10:45:00Z,IT-South,83.51,15
2026-10-03T10:45:00Z,LT,25.55,15
2026-10-03T10:45:00Z,LV,25.55,15
2026-10-03T10:45:00Z,NL,77.99,15
2026-10-03T10:45:00Z,NO1,78.62,15
2026-10-03T10:45:00Z,NO2,79.77,15
2026-10-03T10:45:00Z,NO3,59.98,15
2026-10-03T10:45:00Z,NO4,25.55,15
2026-10-03T10:45:00Z,NO5,79.77,15
2026-10-03T10:45:00Z,PL,29.65,15
2026-10-03T10:45:00Z,PT,83.51,15
2026-10-03T10:45:00Z,RO,12.62,15
2026-10-03T10:45:00Z,SE1,25.55,15
2026-10-03T10:45:00Z,SE2,25.55,15
2026-10-03T10:45:00Z,SE3,25.55,15
2026-10-03T10:45:00Z,SE4,25.55,15
2026-10-03T10:45:00Z,SI,11.58,15
2026-10-03T10:45:00Z,SK,18.09,15
2026-10-03T11:00:00Z,AT,5.80,15
2026-10-03T11:00:00Z,BE,75.83,15
2026-10-03T11:00:00Z,CH,37.39,60
2026-10-03T11:00:00Z,CZ,23.79,15
2026-10-03T11:00:00Z,DE-LU,62.08,15
2026-10-03T11:00:00Z,DK1,59.89,15
2026-10-03T11:00:00Z,DK2,58.84,15
2026-10-03T11:00:00Z,EE,28.86,15
2026-10-03T11:00:00Z,ES,130.06,15
2026-10-03T11:00:00Z,FI,28.85,15
2026-10-03T11:00:00Z,FR,75.83,15
2026-10-03T11:00:00Z,GR,-20.00,15
2026-10-03T11:00:00Z,HR,12.77,15
2026-10-03T11:00:00Z,HU,10.81,15
2026-10-03T11:00:00Z,IT-CNorth,75.83,15
2026-10-03T11:00:00Z,IT-CSouth,75.83,15
2026-10-03T11:00:00Z,IT-North,75.83,15
2026-10-03T11:00:00Z,IT-Sardinia,75.83,15
2026-10-03T11:00:00Z,IT-Sicily,75.83,15
2026-10-03T11:00:00Z,IT-South,75.83,15
2026-10-03T11:00:00Z,LT,28.86,15
2026-10-03T11:00:00Z,LV,28.86,15
2026-10-03T11:00:00Z,NL,70.18,15
2026-10-03T11:00:00Z,NO1,69.37,15
2026-10-03T11:00:00Z,NO2,70.28,15
2026-10-03T11:00:00Z,NO3,55.59,15
2026-10-03T11:00:00Z,NO4,26.09,15
2026-10-03T11:00:00Z,NO5,69.60,15
2026-10-03T11:00:00Z,PL,32.60,15
2026-10-03T11:00:00Z,PT,75.83,15
2026-10-03T11:00:00Z,RO,12.63,15
2026-10-03T11:00:00Z,RS,19.98,15
2026-10-03T11:00:00Z,SE1,28.74,15
2026-10-03T11:00:00Z,SE2,29.87,15
2026-10-03T11:00:00Z,SE3,34.52,15
2026-10-03T11:00:00Z,SE4,52.04,15
2026-10-03T11:00:00Z,SI,10.87,15
2026-10-03T11:00:00Z,SK,18.83,15
2026-10-03T11:15:00Z,AT,6.41,15
2026-10-03T11:15:00Z,BE,70.00,15
2026-10-03T11:15:00Z,CZ,22.76,15
2026-10-03T11:15:00Z,DE-LU,57.41,15
2026-10-03T11:15:00Z,DK1,55.39,15
2026-10-03T11:15:00Z,DK2,54.39,15
2026-10-03T11:15:00Z,EE,26.69,15
2026-10-03T11:15:00Z,ES,131.51,15
2026-10-03T11:15:00Z,FI,26.69,15
2026-10-03T11:15:00Z,FR,70.00,15
2026-10-03T11:15:00Z,HR,12.76,15
2026-10-03T11:15:00Z,HU,10.98,15
2026-10-03T11:15:00Z,IT-CNorth,70.00,15
2026-10-03T11:15:00Z,IT-CSouth,70.00,15
2026-10-03T11:15:00Z,IT-North,70.00,15
2026-10-03T11:15:00Z,IT-Sardinia,70.00,15
2026-10-03T11:15:00Z,IT-Sicily,70.00,15
2026-10-03T11:15:00Z,IT-South,70.00,15
2026-10-03T11:15:00Z,LT,26.69,15
2026-10-03T11:15:00Z,LV,26.69,15
2026-10-03T11:15:00Z,NL,64.96,15
2026-10-03T11:15:00Z,NO1,64.19,15
2026-10-03T11:15:00Z,NO2,65.04,15
2026-10-03T11:15:00Z,NO3,51.10,15
2026-10-03T11:15:00Z,NO4,26.30,15
2026-10-03T11:15:00Z,NO5,64.95,15
2026-10-03T11:15:00Z,PL,30.88,15
2026-10-03T11:15:00Z,PT,70.00,15
2026-10-03T11:15:00Z,RO,12.64,15
2026-10-03T11:15:00Z,SE1,26.67,15
2026-10-03T11:15:00Z,SE2,26.83,15
2026-10-03T11:15:00Z,SE3,27.49,15
2026-10-03T11:15:00Z,SE4,29.97,15
2026-10-03T11:15:00Z,SI,11.03,15
2026-10-03T11:15:00Z,SK,18.29,15
2026-10-03T11:30:00Z,AT,7.08,15
2026-10-03T11:30:00Z,BE,63.94,15
2026-10-03T11:30:00Z,CZ,21.73,15
2026-10-03T11:30:00Z,DE-LU,52.77,15
2026-10-03T11:30:00Z,DK1,50.95,15
2026-10-03T11:30:00Z,DK2,50.04,15
2026-10-03T11:30:00Z,EE,25.73,15
2026-10-03T11:30:00Z,ES,129.94,15
2026-10-03T11:30:00Z,FI,25.73,15
2026-10-03T11:30:00Z,FR,63.94,15
2026-10-03T11:30:00Z,HU,11.18,15
2026-10-03T11:30:00Z,IT-CNorth,63.94,15
2026-10-03T11:30:00Z,IT-CSouth,63.94,15
2026-10-03T11:30:00Z,IT-North,63.94,15
2026-10-03T11:30:00Z,IT-Sardinia,63.94,15
2026-10-03T11:30:00Z,IT-Sicily,63.94,15
2026-10-03T11:30:00Z,IT-South,63.94,15
2026-10-03T11:30:00Z,LT,25.73,15
2026-10-03T11:30:00Z,LV,25.73,15
2026-10-03T11:30:00Z,NL,59.33,15
2026-10-03T11:30:00Z,NO1,59.09,15
2026-10-03T11:30:00Z,NO2,59.85,15
2026-10-03T11:30:00Z,NO3,47.39,15
2026-10-03T11:30:00Z,NO4,25.73,15
2026-10-03T11:30:00Z,NO5,59.85,15
2026-10-03T11:30:00Z,PL,29.00,15
2026-10-03T11:30:00Z,PT,63.94,15
2026-10-03T11:30:00Z,RO,12.66,15
2026-10-03T11:30:00Z,SE1,25.73,15
2026-10-03T11:30:00Z,SE2,25.73,15
2026-10-03T11:30:00Z,SE3,25.73,15
2026-10-03T11:30:00Z,SE4,25.73,15
2026-10-03T11:30:00Z,SI,11.21,15
2026-10-03T11:30:00Z,SK,17.73,15
2026-10-03T11:45:00Z,AT,7.81,15
2026-10-03T11:45:00Z,BE,66.00,15
2026-10-03T11:45:00Z,CZ,22.79,15
2026-10-03T11:45:00Z,DE-LU,54.56,15
2026-10-03T11:45:00Z,DK1,52.71,15
2026-10-03T11:45:00Z,DK2,51.76,15
2026-10-03T11:45:00Z,EE,25.48,15
2026-10-03T11:45:00Z,ES,130.06,15
2026-10-03T11:45:00Z,FI,25.48,15
2026-10-03T11:45:00Z,FR,66.00,15
2026-10-03T11:45:00Z,GR,-18.47,15
2026-10-03T11:45:00Z,HR,13.62,15
2026-10-03T11:45:00Z,HU,12.00,15
2026-10-03T11:45:00Z,IT-CNorth,66.00,15
2026-10-03T11:45:00Z,IT-CSouth,66.00,15
2026-10-03T11:45:00Z,IT-North,66.00,15
2026-10-03T11:45:00Z,IT-Sardinia,66.00,15
2026-10-03T11:45:00Z,IT-Sicily,66.00,15
2026-10-03T11:45:00Z,IT-South,66.00,15
2026-10-03T11:45:00Z,LT,25.48,15
2026-10-03T11:45:00Z,LV,25.48,15
2026-10-03T11:45:00Z,NL,61.28,15
2026-10-03T11:45:00Z,NO1,60.86,15
2026-10-03T11:45:00Z,NO2,61.67,15
2026-10-03T11:45:00Z,NO3,48.46,15
2026-10-03T11:45:00Z,NO4,25.48,15
2026-10-03T11:45:00Z,NO5,61.67,15
2026-10-03T11:45:00Z,PL,30.24,15
2026-10-03T11:45:00Z,PT,66.00,15
2026-10-03T11:45:00Z,RO,13.51,15
2026-10-03T11:45:00Z,SE1,25.48,15
2026-10-03T11:45:00Z,SE2,25.48,15
2026-10-03T11:45:00Z,SE3,25.48,15
2026-10-03T11:45:00Z,SE4,25.48,15
2026-10-03T11:45:00Z,SI,12.03,15
2026-10-03T11:45:00Z,SK,18.70,15
2026-10-03T12:00:00Z,AT,6.63,15
2026-10-03T12:00:00Z,BE,66.36,15
2026-10-03T12:00:00Z,CH,44.26,60
2026-10-03T12:00:00Z,CZ,22.39,15
2026-10-03T12:00:00Z,DE-LU,55.82,15
2026-10-03T12:00:00Z,DK1,53.96,15
2026-10-03T12:00:00Z,DK2,53.00,15
2026-10-03T12:00:00Z,EE,26.41,15
2026-10-03T12:00:00Z,ES,98.41,15
2026-10-03T12:00:00Z,FI,26.41,15
2026-10-03T12:00:00Z,FR,66.91,15
2026-10-03T12:00:00Z,GR,-17.34,15
2026-10-03T12:00:00Z,HR,12.75,15
2026-10-03T12:00:00Z,HU,11.07,15
2026-10-03T12:00:00Z,IT-CNorth,66.91,15
2026-10-03T12:00:00Z,IT-CSouth,66.91,15
2026-10-03T12:00:00Z,IT-North,66.91,15
2026-10-03T12:00:00Z,IT-Sardinia,66.91,15
2026-10-03T12:00:00Z,IT-Sicily,66.91,15
2026-10-03T12:00:00Z,IT-South,66.91,15
2026-10-03T12:00:00Z,LT,26.41,15
2026-10-03T12:00:00Z,LV,26.41,15
2026-10-03T12:00:00Z,NL,60.35,15
2026-10-03T12:00:00Z,NO1,64.83,15
2026-10-03T12:00:00Z,NO2,65.66,15
2026-10-03T12:00:00Z,NO3,51.36,15
2026-10-03T12:00:00Z,NO4,25.31,15
2026-10-03T12:00:00Z,NO5,65.23,15
2026-10-03T12:00:00Z,PL,30.16,15
2026-10-03T12:00:00Z,PT,66.91,15
2026-10-03T12:00:00Z,RO,12.66,15
2026-10-03T12:00:00Z,RS,26.07,15
2026-10-03T12:00:00Z,SE1,26.36,15
2026-10-03T12:00:00Z,SE2,26.85,15
2026-10-03T12:00:00Z,SE3,29.65,15
2026-10-03T12:00:00Z,SE4,40.01,15
2026-10-03T12:00:00Z,SI,11.04,15
2026-10-03T12:00:00Z,SK,18.33,15
2026-10-03T12:15:00Z,AT,9.05,15
2026-10-03T12:15:00Z,BE,75.27,15
2026-10-03T12:15:00Z,CZ,26.22,15
2026-10-03T12:15:00Z,DE-LU,62.66,15
2026-10-03T12:15:00Z,DK1,60.60,15
2026-10-03T12:15:00Z,DK2,61.74,15
2026-10-03T12:15:00Z,EE,27.23,15
2026-10-03T12:15:00Z,ES,99.84,15
2026-10-03T12:15:00Z,FI,27.23,15
2026-10-03T12:15:00Z,FR,75.27,15
2026-10-03T12:15:00Z,GR,-10.26,15
2026-10-03T12:15:00Z,HR,15.74,15
2026-10-03T12:15:00Z,HU,13.89,15
2026-10-03T12:15:00Z,IT-CNorth,75.27,15
2026-10-03T12:15:00Z,IT-CSouth,75.27,15
2026-10-03T12:15:00Z,IT-North,75.27,15
2026-10-03T12:15:00Z,IT-Sardinia,75.27,15
2026-10-03T12:15:00Z,IT-Sicily,75.27,15
2026-10-03T12:15:00Z,IT-South,75.27,15
2026-10-03T12:15:00Z,LT,27.23,15
2026-10-03T12:15:00Z,LV,27.23,15
2026-10-03T12:15:00Z,NL,67.71,15
2026-10-03T12:15:00Z,NO1,67.71,15
2026-10-03T12:15:00Z,NO2,68.61,15
2026-10-03T12:15:00Z,NO3,53.48,15
2026-10-03T12:15:00Z,NO4,25.36,15
2026-10-03T12:15:00Z,NO5,67.79,15
2026-10-03T12:15:00Z,PL,34.69,15
2026-10-03T12:15:00Z,PT,75.27,15
2026-10-03T12:15:00Z,RO,15.62,15
2026-10-03T12:15:00Z,SE1,27.15,15
2026-10-03T12:15:00Z,SE2,28.00,15
2026-10-03T12:15:00Z,SE3,33.28,15
2026-10-03T12:15:00Z,SE4,52.72,15
2026-10-03T12:15:00Z,SI,13.88,15
2026-10-03T12:15:00Z,SK,21.79,15
2026-10-03T12:30:00Z,AT,13.68,15
2026-10-03T12:30:00Z,BE,82.20,15
2026-10-03T12:30:00Z,CZ,32.62,15
2026-10-03T12:30:00Z,DE-LU,72.76,15
2026-10-03T12:30:00Z,DK1,70.60,15
2026-10-03T12:30:00Z,DK2,71.90,15
2026-10-03T12:30:00Z,EE,24.92,15
2026-10-03T12:30:00Z,ES,114.67,15
2026-10-03T12:30:00Z,FI,24.92,15
2026-10-03T12:30:00Z,FR,84.57,15
2026-10-03T12:30:00Z,GR,-20.00,15
2026-10-03T12:30:00Z,HR,20.97,15
2026-10-03T12:30:00Z,HU,19.02,15
2026-10-03T12:30:00Z,IT-CNorth,84.57,15
2026-10-03T12:30:00Z,IT-CSouth,84.57,15
2026-10-03T12:30:00Z,IT-North,84.57,15
2026-10-03T12:30:00Z,IT-Sardinia,84.57,15
2026-10-03T12:30:00Z,IT-Sicily,84.57,15
2026-10-03T12:30:00Z,IT-South,84.57,15
2026-10-03T12:30:00Z,LT,24.92,15
2026-10-03T12:30:00Z,LV,24.92,15
2026-10-03T12:30:00Z,NL,77.86,15
2026-10-03T12:30:00Z,NO1,78.23,15
2026-10-03T12:30:00Z,NO2,79.39,15
2026-10-03T12:30:00Z,NO3,59.11,15
2026-10-03T12:30:00Z,NO4,25.41,15
2026-10-03T12:30:00Z,NO5,79.16,15
2026-10-03T12:30:00Z,PL,41.94,15
2026-10-03T12:30:00Z,PT,84.57,15
2026-10-03T12:30:00Z,RO,20.90,15
2026-10-03T12:30:00Z,SE1,24.94,15
2026-10-03T12:30:00Z,SE2,24.83,15
2026-10-03T12:30:00Z,SE3,26.08,15
2026-10-03T12:30:00Z,SE4,30.38,15
2026-10-03T12:30:00Z,SI,18.92,15
2026-10-03T12:30:00Z,SK,27.74,15
2026-10-03T12:45:00Z,AT,44.57,15
2026-10-03T12:45:00Z,BE,95.58,15
2026-10-03T12:45:00Z,CZ,59.00,15
2026-10-03T12:45:00Z,DE-LU,89.58,15
2026-10-03T12:45:00Z,DK1,87.97,15
2026-10-03T12:45:00Z,DK2,89.61,15
2026-10-03T12:45:00Z,EE,23.15,15
2026-10-03T12:45:00Z,ES,122.50,15
2026-10-03T12:45:00Z,FI,23.15,15
2026-10-03T12:45:00Z,FR,98.01,15
2026-10-03T12:45:00Z,GR,-10.00,15
2026-10-03T12:45:00Z,HR,50.10,15
2026-10-03T12:45:00Z,HU,48.64,15
2026-10-03T12:45:00Z,IT-CNorth,98.01,15
2026-10-03T12:45:00Z,IT-CSouth,98.01,15
2026-10-03T12:45:00Z,IT-North,98.01,15
2026-10-03T12:45:00Z,IT-Sardinia,98.01,15
2026-10-03T12:45:00Z,IT-Sicily,98.01,15
2026-10-03T12:45:00Z,IT-South,98.01,15
2026-10-03T12:45:00Z,LT,23.15,15
2026-10-03T12:45:00Z,LV,23.15,15
2026-10-03T12:45:00Z,NL,93.34,15
2026-10-03T12:45:00Z,NO1,91.48,15
2026-10-03T12:45:00Z,NO2,93.10,15
2026-10-03T12:45:00Z,NO3,65.75,15
2026-10-03T12:45:00Z,NO4,25.36,15
2026-10-03T12:45:00Z,NO5,92.06,15
2026-10-03T12:45:00Z,PL,66.10,15
2026-10-03T12:45:00Z,PT,98.01,15
2026-10-03T12:45:00Z,RO,50.06,15
2026-10-03T12:45:00Z,SE1,23.23,15
2026-10-03T12:45:00Z,SE2,22.73,15
2026-10-03T12:45:00Z,SE3,28.42,15
2026-10-03T12:45:00Z,SE4,47.88,15
2026-10-03T12:45:00Z,SI,48.53,15
2026-10-03T12:45:00Z,SK,55.29,15
2026-10-03T13:00:00Z,AT,68.79,15
2026-10-03T13:00:00Z,BE,101.37,15
2026-10-03T13:00:00Z,CH,93.23,60
2026-10-03T13:00:00Z,CZ,78.12,15
2026-10-03T13:00:00Z,DE-LU,97.94,15
2026-10-03T13:00:00Z,DK1,96.78,15
2026-10-03T13:00:00Z,DK2,95.08,15
2026-10-03T13:00:00Z,EE,21.87,15
2026-10-03T13:00:00Z,ES,115.70,15
2026-10-03T13:00:00Z,FI,21.87,15
2026-10-03T13:00:00Z,FR,103.10,15
2026-10-03T13:00:00Z,GR,-15.54,15
2026-10-03T13:00:00Z,HR,72.35,15
2026-10-03T13:00:00Z,HU,71.41,15
2026-10-03T13:00:00Z,IT-CNorth,103.10,15
2026-10-03T13:00:00Z,IT-CSouth,103.10,15
2026-10-03T13:00:00Z,IT-North,103.10,15
2026-10-03T13:00:00Z,IT-Sardinia,103.10,15
2026-10-03T13:00:00Z,IT-Sicily,103.10,15
2026-10-03T13:00:00Z,IT-South,103.10,15
2026-10-03T13:00:00Z,LT,21.87,15
2026-10-03T13:00:00Z,LV,21.87,15
2026-10-03T13:00:00Z,NL,100.23,15
2026-10-03T13:00:00Z,NO1,103.61,15
2026-10-03T13:00:00Z,NO2,105.84,15
2026-10-03T13:00:00Z,NO3,72.30,15
2026-10-03T13:00:00Z,NO4,25.32,15
2026-10-03T13:00:00Z,NO5,104.17,15
2026-10-03T13:00:00Z,PL,82.67,15
2026-10-03T13:00:00Z,PT,103.10,15
2026-10-03T13:00:00Z,RO,72.33,15
2026-10-03T13:00:00Z,RS,49.04,15
2026-10-03T13:00:00Z,SE1,21.98,15
2026-10-03T13:00:00Z,SE2,21.21,15
2026-10-03T13:00:00Z,SE3,30.46,15
2026-10-03T13:00:00Z,SE4,59.98,15
2026-10-03T13:00:00Z,SI,71.34,15
2026-10-03T13:00:00Z,SK,75.80,15
2026-10-03T13:15:00Z,AT,105.20,15
2026-10-03T13:15:00Z,BE,105.20,15
2026-10-03T13:15:00Z,CZ,105.20,15
2026-10-03T13:15:00Z,DE-LU,105.20,15
2026-10-03T13:15:00Z,DK1,105.20,15
2026-10-03T13:15:00Z,DK2,105.27,15
2026-10-03T13:15:00Z,EE,26.14,15
2026-10-03T13:15:00Z,ES,130.37,15
2026-10-03T13:15:00Z,FI,26.14,15
2026-10-03T13:15:00Z,FR,105.20,15
2026-10-03T13:15:00Z,GR,-10.00,15
2026-10-03T13:15:00Z,HR,105.20,15
2026-10-03T13:15:00Z,HU,105.20,15
2026-10-03T13:15:00Z,IT-CNorth,105.20,15
2026-10-03T13:15:00Z,IT-CSouth,105.20,15
2026-10-03T13:15:00Z,IT-North,105.20,15
2026-10-03T13:15:00Z,IT-Sardinia,105.20,15
2026-10-03T13:15:00Z,IT-Sicily,105.20,15
2026-10-03T13:15:00Z,IT-South,105.20,15
2026-10-03T13:15:00Z,LT,26.14,15
2026-10-03T13:15:00Z,LV,26.14,15
2026-10-03T13:15:00Z,NL,105.20,15
2026-10-03T13:15:00Z,NO1,113.09,15
2026-10-03T13:15:00Z,NO2,115.39,15
2026-10-03T13:15:00Z,NO3,81.04,15
2026-10-03T13:15:00Z,NO4,25.43,15
2026-10-03T13:15:00Z,NO5,113.20,15
2026-10-03T13:15:00Z,PL,105.20,15
2026-10-03T13:15:00Z,PT,105.20,15
2026-10-03T13:15:00Z,RO,105.20,15
2026-10-03T13:15:00Z,SE1,26.08,15
2026-10-03T13:15:00Z,SE2,26.87,15
2026-10-03T13:15:00Z,SE3,40.21,15
2026-10-03T13:15:00Z,SE4,84.62,15
2026-10-03T13:15:00Z,SI,105.20,15
2026-10-03T13:15:00Z,SK,105.20,15
2026-10-03T13:30:00Z,AT,118.82,15
2026-10-03T13:30:00Z,BE,118.82,15
2026-10-03T13:30:00Z,CZ,118.82,15
2026-10-03T13:30:00Z,DE-LU,118.82,15
2026-10-03T13:30:00Z,DK1,118.82,15
2026-10-03T13:30:00Z,DK2,118.90,15
2026-10-03T13:30:00Z,EE,24.99,15
2026-10-03T13:30:00Z,ES,142.10,15
2026-10-03T13:30:00Z,FI,24.99,15
2026-10-03T13:30:00Z,FR,118.82,15
2026-10-03T13:30:00Z,GR,-5.00,15
2026-10-03T13:30:00Z,HR,118.82,15
2026-10-03T13:30:00Z,HU,118.82,15
2026-10-03T13:30:00Z,IT-CNorth,118.82,15
2026-10-03T13:30:00Z,IT-CSouth,118.82,15
2026-10-03T13:30:00Z,IT-North,118.82,15
2026-10-03T13:30:00Z,IT-Sardinia,80.00,15
2026-10-03T13:30:00Z,IT-Sicily,118.82,15
2026-10-03T13:30:00Z,IT-South,118.82,15
2026-10-03T13:30:00Z,LT,24.99,15
2026-10-03T13:30:00Z,LV,24.99,15
2026-10-03T13:30:00Z,NL,118.82,15
2026-10-03T13:30:00Z,NO1,124.00,15
2026-10-03T13:30:00Z,NO2,126.84,15
2026-10-03T13:30:00Z,NO3,85.00,15
2026-10-03T13:30:00Z,NO4,25.52,15
2026-10-03T13:30:00Z,NO5,123.97,15
2026-10-03T13:30:00Z,PL,118.82,15
2026-10-03T13:30:00Z,PT,116.00,15
2026-10-03T13:30:00Z,RO,118.82,15
2026-10-03T13:30:00Z,SE1,25.02,15
2026-10-03T13:30:00Z,SE2,24.49,15
2026-10-03T13:30:00Z,SE3,43.32,15
2026-10-03T13:30:00Z,SE4,94.42,15
2026-10-03T13:30:00Z,SI,118.82,15
2026-10-03T13:30:00Z,SK,118.82,15
2026-10-03T13:45:00Z,AT,134.63,15
2026-10-03T13:45:00Z,BE,134.63,15
2026-10-03T13:45:00Z,CZ,134.63,15
2026-10-03T13:45:00Z,DE-LU,134.63,15
2026-10-03T13:45:00Z,DK1,134.63,15
2026-10-03T13:45:00Z,DK2,134.72,15
2026-10-03T13:45:00Z,EE,26.16,15
2026-10-03T13:45:00Z,ES,155.00,15
2026-10-03T13:45:00Z,FI,26.16,15
2026-10-03T13:45:00Z,FR,134.63,15
2026-10-03T13:45:00Z,GR,-2.01,15
2026-10-03T13:45:00Z,HR,134.63,15
2026-10-03T13:45:00Z,HU,134.63,15
2026-10-03T13:45:00Z,IT-CNorth,134.63,15
2026-10-03T13:45:00Z,IT-CSouth,134.63,15
2026-10-03T13:45:00Z,IT-North,134.63,15
2026-10-03T13:45:00Z,IT-Sardinia,90.00,15
2026-10-03T13:45:00Z,IT-Sicily,134.63,15
2026-10-03T13:45:00Z,IT-South,134.63,15
2026-10-03T13:45:00Z,LT,34.18,15
2026-10-03T13:45:00Z,LV,34.18,15
2026-10-03T13:45:00Z,NL,134.63,15
2026-10-03T13:45:00Z,NO1,128.96,15
2026-10-03T13:45:00Z,NO2,132.91,15
2026-10-03T13:45:00Z,NO3,88.09,15
2026-10-03T13:45:00Z,NO4,25.71,15
2026-10-03T13:45:00Z,NO5,127.48,15
2026-10-03T13:45:00Z,PL,134.63,15
2026-10-03T13:45:00Z,PT,120.00,15
2026-10-03T13:45:00Z,RO,134.63,15
2026-10-03T13:45:00Z,SE1,26.15,15
2026-10-03T13:45:00Z,SE2,26.05,15
2026-10-03T13:45:00Z,SE3,50.31,15
2026-10-03T13:45:00Z,SE4,108.34,15
2026-10-03T13:45:00Z,SI,134.63,15
2026-10-03T13:45:00Z,SK,134.63,15
2026-10-03T14:00:00Z,AT,121.56,15
2026-10-03T14:00:00Z,BE,121.56,15
2026-10-03T14:00:00Z,CH,160.71,60
2026-10-03T14:00:00Z,CZ,121.56,15
2026-10-03T14:00:00Z,DE-LU,121.56,15
2026-10-03T14:00:00Z,DK1,121.56,15
2026-10-03T14:00:00Z,DK2,121.65,15
2026-10-03T14:00:00Z,EE,23.13,15
2026-10-03T14:00:00Z,ES,148.00,15
2026-10-03T14:00:00Z,FI,23.13,15
2026-10-03T14:00:00Z,FR,121.56,15
2026-10-03T14:00:00Z,GR,-0.01,15
2026-10-03T14:00:00Z,HR,121.56,15
2026-10-03T14:00:00Z,HU,121.56,15
2026-10-03T14:00:00Z,IT-CNorth,121.56,15
2026-10-03T14:00:00Z,IT-CSouth,121.56,15
2026-10-03T14:00:00Z,IT-North,121.56,15
2026-10-03T14:00:00Z,IT-Sardinia,102.50,15
2026-10-03T14:00:00Z,IT-Sicily,121.56,15
2026-10-03T14:00:00Z,IT-South,121.56,15
2026-10-03T14:00:00Z,LT,23.13,15
2026-10-03T14:00:00Z,LV,23.13,15
2026-10-03T14:00:00Z,NL,121.56,15
2026-10-03T14:00:00Z,NO1,133.09,15
2026-10-03T14:00:00Z,NO2,143.05,15
2026-10-03T14:00:00Z,NO3,86.49,15
2026-10-03T14:00:00Z,NO4,25.68,15
2026-10-03T14:00:00Z,NO5,125.59,15
2026-10-03T14:00:00Z,PL,121.56,15
2026-10-03T14:00:00Z,PT,120.30,15
2026-10-03T14:00:00Z,RO,121.56,15
2026-10-03T14:00:00Z,RS,129.92,15
2026-10-03T14:00:00Z,SE1,23.23,15
2026-10-03T14:00:00Z,SE2,22.08,15
2026-10-03T14:00:00Z,SE3,42.40,15
2026-10-03T14:00:00Z,SE4,96.23,15
2026-10-03T14:00:00Z,SI,121.56,15
2026-10-03T14:00:00Z,SK,121.56,15
2026-10-03T14:15:00Z,AT,145.00,15
2026-10-03T14:15:00Z,BE,145.00,15
2026-10-03T14:15:00Z,CZ,145.00,15
2026-10-03T14:15:00Z,DE-LU,145.00,15
2026-10-03T14:15:00Z,DK1,145.00,15
2026-10-03T14:15:00Z,DK2,145.51,15
2026-10-03T14:15:00Z,EE,25.00,15
2026-10-03T14:15:00Z,ES,160.11,15
2026-10-03T14:15:00Z,FI,25.00,15
2026-10-03T14:15:00Z,FR,145.00,15
2026-10-03T14:15:00Z,HR,145.00,15
2026-10-03T14:15:00Z,HU,145.00,15
2026-10-03T14:15:00Z,IT-CNorth,145.00,15
2026-10-03T14:15:00Z,IT-CSouth,145.00,15
2026-10-03T14:15:00Z,IT-North,145.00,15
2026-10-03T14:15:00Z,IT-Sardinia,110.00,15
2026-10-03T14:15:00Z,IT-Sicily,145.00,15
2026-10-03T14:15:00Z,IT-South,145.00,15
2026-10-03T14:15:00Z,LT,103.55,15
2026-10-03T14:15:00Z,LV,103.55,15
2026-10-03T14:15:00Z,NL,145.00,15
2026-10-03T14:15:00Z,NO1,137.93,15
2026-10-03T14:15:00Z,NO2,151.40,15
2026-10-03T14:15:00Z,NO3,87.97,15
2026-10-03T14:15:00Z,NO4,25.73,15
2026-10-03T14:15:00Z,NO5,125.64,15
2026-10-03T14:15:00Z,PL,145.00,15
2026-10-03T14:15:00Z,PT,125.50,15
2026-10-03T14:15:00Z,RO,145.00,15
2026-10-03T14:15:00Z,SE1,25.03,15
2026-10-03T14:15:00Z,SE2,24.89,15
2026-10-03T14:15:00Z,SE3,77.61,15
2026-10-03T14:15:00Z,SE4,132.16,15
2026-10-03T14:15:00Z,SI,145.00,15
2026-10-03T14:15:00Z,SK,145.00,15
2026-10-03T14:30:00Z,AT,162.69,15
2026-10-03T14:30:00Z,BE,162.69,15
2026-10-03T14:30:00Z,CZ,162.69,15
2026-10-03T14:30:00Z,DE-LU,162.69,15
2026-10-03T14:30:00Z,DK1,162.69,15
2026-10-03T14:30:00Z,DK2,162.19,15
2026-10-03T14:30:00Z,EE,79.80,15
2026-10-03T14:30:00Z,ES,173.33,15
2026-10-03T14:30:00Z,FI,25.75,15
2026-10-03T14:30:00Z,FR,162.69,15
2026-10-03T14:30:00Z,GR,0.00,15
2026-10-03T14:30:00Z,HR,162.69,15
2026-10-03T14:30:00Z,HU,162.69,15
2026-10-03T14:30:00Z,IT-CNorth,162.69,15
2026-10-03T14:30:00Z,IT-CSouth,162.69,15
2026-10-03T14:30:00Z,IT-North,162.69,15
2026-10-03T14:30:00Z,IT-Sardinia,162.69,15
2026-10-03T14:30:00Z,IT-Sicily,162.69,15
2026-10-03T14:30:00Z,IT-South,162.69,15
2026-10-03T14:30:00Z,LT,79.80,15
2026-10-03T14:30:00Z,LV,79.80,15
2026-10-03T14:30:00Z,NL,162.69,15
2026-10-03T14:30:00Z,NO1,139.36,15
2026-10-03T14:30:00Z,NO2,153.21,15
2026-10-03T14:30:00Z,NO3,88.78,15
2026-10-03T14:30:00Z,NO4,25.72,15
2026-10-03T14:30:00Z,NO5,125.71,15
2026-10-03T14:30:00Z,PL,162.69,15
2026-10-03T14:30:00Z,PT,130.01,15
2026-10-03T14:30:00Z,RO,162.69,15
2026-10-03T14:30:00Z,SE1,25.75,15
2026-10-03T14:30:00Z,SE2,26.40,15
2026-10-03T14:30:00Z,SE3,80.17,15
2026-10-03T14:30:00Z,SE4,149.32,15
2026-10-03T14:30:00Z,SI,162.69,15
2026-10-03T14:30:00Z,SK,162.69,15
2026-10-03T14:45:00Z,AT,200.02,15
2026-10-03T14:45:00Z,BE,200.02,15
2026-10-03T14:45:00Z,CZ,200.02,15
2026-10-03T14:45:00Z,DE-LU,200.02,15
2026-10-03T14:45:00Z,DK1,200.02,15
2026-10-03T14:45:00Z,DK2,200.08,15
2026-10-03T14:45:00Z,EE,152.25,15
2026-10-03T14:45:00Z,ES,190.14,15
2026-10-03T14:45:00Z,FI,20.87,15
2026-10-03T14:45:00Z,FR,200.02,15
2026-10-03T14:45:00Z,GR,0.01,15
2026-10-03T14:45:00Z,HR,200.02,15
2026-10-03T14:45:00Z,HU,200.02,15
2026-10-03T14:45:00Z,IT-CNorth,200.02,15
2026-10-03T14:45:00Z,IT-CSouth,200.02,15
2026-10-03T14:45:00Z,IT-North,200.02,15
2026-10-03T14:45:00Z,IT-Sardinia,200.02,15
2026-10-03T14:45:00Z,IT-Sicily,200.02,15
2026-10-03T14:45:00Z,IT-South,200.02,15
2026-10-03T14:45:00Z,LT,152.25,15
2026-10-03T14:45:00Z,LV,152.25,15
2026-10-03T14:45:00Z,NL,200.02,15
2026-10-03T14:45:00Z,NO1,140.93,15
2026-10-03T14:45:00Z,NO2,155.69,15
2026-10-03T14:45:00Z,NO3,82.94,15
2026-10-03T14:45:00Z,NO4,25.71,15
2026-10-03T14:45:00Z,NO5,126.50,15
2026-10-03T14:45:00Z,PL,200.02,15
2026-10-03T14:45:00Z,PT,146.30,15
2026-10-03T14:45:00Z,RO,200.02,15
2026-10-03T14:45:00Z,SE1,21.06,15
2026-10-03T14:45:00Z,SE2,19.35,15
2026-10-03T14:45:00Z,SE3,104.87,15
2026-10-03T14:45:00Z,SE4,184.29,15
2026-10-03T14:45:00Z,SI,200.02,15
2026-10-03T14:45:00Z,SK,200.02,15
2026-10-03T15:00:00Z,AT,171.84,15
2026-10-03T15:00:00Z,BE,165.75,15
2026-10-03T15:00:00Z,CH,200.27,60
2026-10-03T15:00:00Z,CZ,160.72,15
2026-10-03T15:00:00Z,DE-LU,165.12,15
2026-10-03T15:00:00Z,DK1,164.86,15
2026-10-03T15:00:00Z,DK2,164.37,15
2026-10-03T15:00:00Z,EE,45.89,15
2026-10-03T15:00:00Z,ES,176.04,15
2026-10-03T15:00:00Z,FI,22.28,15
2026-10-03T15:00:00Z,FR,166.29,15
2026-10-03T15:00:00Z,GR,149.07,15
2026-10-03T15:00:00Z,HR,177.52,15
2026-10-03T15:00:00Z,HU,182.67,15
2026-10-03T15:00:00Z,IT-CNorth,175.69,15
2026-10-03T15:00:00Z,IT-CSouth,175.69,15
2026-10-03T15:00:00Z,IT-North,175.69,15
2026-10-03T15:00:00Z,IT-Sardinia,175.69,15
2026-10-03T15:00:00Z,IT-Sicily,175.69,15
2026-10-03T15:00:00Z,IT-South,175.69,15
2026-10-03T15:00:00Z,LT,45.89,15
2026-10-03T15:00:00Z,LV,45.89,15
2026-10-03T15:00:00Z,NL,165.50,15
2026-10-03T15:00:00Z,NO1,140.06,15
2026-10-03T15:00:00Z,NO2,155.45,15
2026-10-03T15:00:00Z,NO3,86.12,15
2026-10-03T15:00:00Z,NO4,26.49,15
2026-10-03T15:00:00Z,NO5,126.55,15
2026-10-03T15:00:00Z,PL,164.30,15
2026-10-03T15:00:00Z,PT,140.20,15
2026-10-03T15:00:00Z,RO,181.51,15
2026-10-03T15:00:00Z,RS,193.29,15
2026-10-03T15:00:00Z,SE1,22.41,15
2026-10-03T15:00:00Z,SE2,21.69,15
2026-10-03T15:00:00Z,SE3,71.01,15
2026-10-03T15:00:00Z,SE4,145.75,15
2026-10-03T15:00:00Z,SI,175.69,15
2026-10-03T15:00:00Z,SK,183.87,15
2026-10-03T15:15:00Z,AT,188.49,15
2026-10-03T15:15:00Z,BE,188.49,15
2026-10-03T15:15:00Z,CZ,188.49,15
2026-10-03T15:15:00Z,DE-LU,188.49,15
2026-10-03T15:15:00Z,DK1,188.49,15
2026-10-03T15:15:00Z,DK2,188.49,15
2026-10-03T15:15:00Z,EE,90.27,15
2026-10-03T15:15:00Z,ES,165.78,15
2026-10-03T15:15:00Z,FI,22.06,15
2026-10-03T15:15:00Z,FR,188.49,15
2026-10-03T15:15:00Z,GR,188.49,15
2026-10-03T15:15:00Z,HR,188.49,15
2026-10-03T15:15:00Z,HU,188.49,15
2026-10-03T15:15:00Z,IT-CNorth,188.49,15
2026-10-03T15:15:00Z,IT-CSouth,188.49,15
2026-10-03T15:15:00Z,IT-North,188.49,15
2026-10-03T15:15:00Z,IT-Sardinia,188.49,15
2026-10-03T15:15:00Z,IT-Sicily,188.49,15
2026-10-03T15:15:00Z,IT-South,188.49,15
2026-10-03T15:15:00Z,LT,90.27,15
2026-10-03T15:15:00Z,LV,90.27,15
2026-10-03T15:15:00Z,NL,188.49,15
2026-10-03T15:15:00Z,NO1,140.15,15
2026-10-03T15:15:00Z,NO2,155.56,15
2026-10-03T15:15:00Z,NO3,85.10,15
2026-10-03T15:15:00Z,NO4,26.00,15
2026-10-03T15:15:00Z,NO5,126.75,15
2026-10-03T15:15:00Z,PL,188.49,15
2026-10-03T15:15:00Z,PT,150.78,15
2026-10-03T15:15:00Z,RO,188.49,15
2026-10-03T15:15:00Z,SE1,22.20,15
2026-10-03T15:15:00Z,SE2,21.20,15
2026-10-03T15:15:00Z,SE3,85.90,15
2026-10-03T15:15:00Z,SE4,167.50,15
2026-10-03T15:15:00Z,SI,188.49,15
2026-10-03T15:15:00Z,SK,188.49,15
2026-10-03T15:30:00Z,AT,205.12,15
2026-10-03T15:30:00Z,BE,204.95,15
2026-10-03T15:30:00Z,CZ,204.49,15
2026-10-03T15:30:00Z,DE-LU,204.92,15
2026-10-03T15:30:00Z,DK1,204.90,15
2026-10-03T15:30:00Z,DK2,204.92,15
2026-10-03T15:30:00Z,EE,99.51,15
2026-10-03T15:30:00Z,ES,160.47,15
2026-10-03T15:30:00Z,FI,22.66,15
2026-10-03T15:30:00Z,FR,204.90,15
2026-10-03T15:30:00Z,GR,210.14,15
2026-10-03T15:30:00Z,HR,207.22,15
2026-10-03T15:30:00Z,HU,210.00,15
2026-10-03T15:30:00Z,IT-CNorth,205.12,15
2026-10-03T15:30:00Z,IT-CSouth,205.12,15
2026-10-03T15:30:00Z,IT-North,205.12,15
2026-10-03T15:30:00Z,IT-Sardinia,205.12,15
2026-10-03T15:30:00Z,IT-Sicily,205.12,15
2026-10-03T15:30:00Z,IT-South,205.12,15
2026-10-03T15:30:00Z,LT,99.51,15
2026-10-03T15:30:00Z,LV,99.51,15
2026-10-03T15:30:00Z,NL,204.94,15
2026-10-03T15:30:00Z,NO1,140.25,15
2026-10-03T15:30:00Z,NO2,155.61,15
2026-10-03T15:30:00Z,NO3,85.28,15
2026-10-03T15:30:00Z,NO4,25.83,15
2026-10-03T15:30:00Z,NO5,126.89,15
2026-10-03T15:30:00Z,PL,204.78,15
2026-10-03T15:30:00Z,PT,155.47,15
2026-10-03T15:30:00Z,RO,210.49,15
2026-10-03T15:30:00Z,SE1,22.77,15
2026-10-03T15:30:00Z,SE2,21.87,15
2026-10-03T15:30:00Z,SE3,89.99,15
2026-10-03T15:30:00Z,SE4,179.17,15
2026-10-03T15:30:00Z,SI,206.27,15
2026-10-03T15:30:00Z,SK,205.31,15
2026-10-03T15:45:00Z,AT,220.12,15
2026-10-03T15:45:00Z,BE,217.95,15
2026-10-03T15:45:00Z,CZ,216.64,15
2026-10-03T15:45:00Z,DE-LU,218.74,15
2026-10-03T15:45:00Z,DK1,218.50,15
2026-10-03T15:45:00Z,DK2,218.51,15
2026-10-03T15:45:00Z,EE,100.00,15
2026-10-03T15:45:00Z,ES,163.30,15
2026-10-03T15:45:00Z,FI,20.83,15
2026-10-03T15:45:00Z,FR,215.27,15
2026-10-03T15:45:00Z,GR,185.00,15
2026-10-03T15:45:00Z,HR,231.30,15
2026-10-03T15:45:00Z,HU,246.00,15
2026-10-03T15:45:00Z,IT-CNorth,215.27,15
2026-10-03T15:45:00Z,IT-CSouth,215.27,15
2026-10-03T15:45:00Z,IT-North,215.27,15
2026-10-03T15:45:00Z,IT-Sardinia,208.00,15
2026-10-03T15:45:00Z,IT-Sicily,215.27,15
2026-10-03T15:45:00Z,IT-South,215.27,15
2026-10-03T15:45:00Z,LT,100.00,15
2026-10-03T15:45:00Z,LV,100.00,15
2026-10-03T15:45:00Z,NL,218.38,15
2026-10-03T15:45:00Z,NO1,140.29,15
2026-10-03T15:45:00Z,NO2,155.68,15
2026-10-03T15:45:00Z,NO3,83.23,15
2026-10-03T15:45:00Z,NO4,25.77,15
2026-10-03T15:45:00Z,NO5,127.08,15
2026-10-03T15:45:00Z,PL,218.18,15
2026-10-03T15:45:00Z,PT,165.80,15
2026-10-03T15:45:00Z,RO,248.63,15
2026-10-03T15:45:00Z,SE1,21.01,15
2026-10-03T15:45:00Z,SE2,19.25,15
2026-10-03T15:45:00Z,SE3,90.81,15
2026-10-03T15:45:00Z,SE4,188.12,15
2026-10-03T15:45:00Z,SI,226.30,15
2026-10-03T15:45:00Z,SK,221.03,15
2026-10-03T16:00:00Z,AT,216.49,15
2026-10-03T16:00:00Z,BE,216.49,15
2026-10-03T16:00:00Z,CH,223.45,60
2026-10-03T16:00:00Z,CZ,216.49,15
2026-10-03T16:00:00Z,DE-LU,216.49,15
2026-10-03T16:00:00Z,DK1,216.49,15
2026-10-03T16:00:00Z,DK2,216.61,15
2026-10-03T16:00:00Z,EE,100.99,15
2026-10-03T16:00:00Z,ES,161.00,15
2026-10-03T16:00:00Z,FI,28.81,15
2026-10-03T16:00:00Z,FR,216.49,15
2026-10-03T16:00:00Z,GR,193.18,15
2026-10-03T16:00:00Z,HR,216.49,15
2026-10-03T16:00:00Z,HU,216.49,15
2026-10-03T16:00:00Z,IT-CNorth,216.49,15
2026-10-03T16:00:00Z,IT-CSouth,216.49,15
2026-10-03T16:00:00Z,IT-North,216.49,15
2026-10-03T16:00:00Z,IT-Sardinia,216.49,15
2026-10-03T16:00:00Z,IT-Sicily,216.49,15
2026-10-03T16:00:00Z,IT-South,216.49,15
2026-10-03T16:00:00Z,LT,100.99,15
2026-10-03T16:00:00Z,LV,100.99,15
2026-10-03T16:00:00Z,NL,216.49,15
2026-10-03T16:00:00Z,NO1,140.41,15
2026-10-03T16:00:00Z,NO2,155.15,15
2026-10-03T16:00:00Z,NO3,87.34,15
2026-10-03T16:00:00Z,NO4,25.65,15
2026-10-03T16:00:00Z,NO5,126.79,15
2026-10-03T16:00:00Z,PL,216.49,15
2026-10-03T16:00:00Z,PT,156.00,15
2026-10-03T16:00:00Z,RO,216.49,15
2026-10-03T16:00:00Z,RS,195.24,15
2026-10-03T16:00:00Z,SE1,28.70,15
2026-10-03T16:00:00Z,SE2,29.99,15
2026-10-03T16:00:00Z,SE3,91.59,15
2026-10-03T16:00:00Z,SE4,186.40,15
2026-10-03T16:00:00Z,SI,216.49,15
2026-10-03T16:00:00Z,SK,216.49,15
2026-10-03T16:15:00Z,AT,221.69,15
2026-10-03T16:15:00Z,BE,221.69,15
2026-10-03T16:15:00Z,CZ,221.69,15
2026-10-03T16:15:00Z,DE-LU,221.69,15
2026-10-03T16:15:00Z,DK1,221.69,15
2026-10-03T16:15:00Z,DK2,221.81,15
2026-10-03T16:15:00Z,EE,108.86,15
2026-10-03T16:15:00Z,ES,198.00,15
2026-10-03T16:15:00Z,FI,24.99,15
2026-10-03T16:15:00Z,FR,221.69,15
2026-10-03T16:15:00Z,GR,208.31,15
2026-10-03T16:15:00Z,HR,221.69,15
2026-10-03T16:15:00Z,HU,221.69,15
2026-10-03T16:15:00Z,IT-CNorth,221.69,15
2026-10-03T16:15:00Z,IT-CSouth,221.69,15
2026-10-03T16:15:00Z,IT-North,221.69,15
2026-10-03T16:15:00Z,IT-Sardinia,205.90,15
2026-10-03T16:15:00Z,IT-Sicily,221.69,15
2026-10-03T16:15:00Z,IT-South,221.69,15
2026-10-03T16:15:00Z,LT,108.86,15
2026-10-03T16:15:00Z,LV,108.86,15
2026-10-03T16:15:00Z,NL,221.69,15
2026-10-03T16:15:00Z,NO1,140.36,15
2026-10-03T16:15:00Z,NO2,155.53,15
2026-10-03T16:15:00Z,NO3,86.59,15
2026-10-03T16:15:00Z,NO4,25.64,15
2026-10-03T16:15:00Z,NO5,127.16,15
2026-10-03T16:15:00Z,PL,221.69,15
2026-10-03T16:15:00Z,PT,188.00,15
2026-10-03T16:15:00Z,RO,221.69,15
2026-10-03T16:15:00Z,SE1,25.02,15
2026-10-03T16:15:00Z,SE2,24.57,15
2026-10-03T16:15:00Z,SE3,93.92,15
2026-10-03T16:15:00Z,SE4,191.91,15
2026-10-03T16:15:00Z,SI,221.69,15
2026-10-03T16:15:00Z,SK,221.69,15
2026-10-03T16:30:00Z,AT,229.46,15
2026-10-03T16:30:00Z,BE,229.46,15
2026-10-03T16:30:00Z,CZ,229.46,15
2026-10-03T16:30:00Z,DE-LU,229.46,15
2026-10-03T16:30:00Z,DK1,229.46,15
2026-10-03T16:30:00Z,DK2,229.60,15
2026-10-03T16:30:00Z,EE,104.09,15
2026-10-03T16:30:00Z,ES,197.30,15
2026-10-03T16:30:00Z,FI,22.40,15
2026-10-03T16:30:00Z,FR,229.46,15
2026-10-03T16:30:00Z,GR,164.18,15
2026-10-03T16:30:00Z,HR,229.46,15
2026-10-03T16:30:00Z,HU,229.46,15
2026-10-03T16:30:00Z,IT-CNorth,229.46,15
2026-10-03T16:30:00Z,IT-CSouth,229.46,15
2026-10-03T16:30:00Z,IT-North,229.46,15
2026-10-03T16:30:00Z,IT-Sardinia,208.12,15
2026-10-03T16:30:00Z,IT-Sicily,229.46,15
2026-10-03T16:30:00Z,IT-South,229.46,15
2026-10-03T16:30:00Z,LT,104.09,15
2026-10-03T16:30:00Z,LV,104.09,15
2026-10-03T16:30:00Z,NL,229.46,15
2026-10-03T16:30:00Z,NO1,140.62,15
2026-10-03T16:30:00Z,NO2,155.92,15
2026-10-03T16:30:00Z,NO3,83.95,15
2026-10-03T16:30:00Z,NO4,25.65,15
2026-10-03T16:30:00Z,NO5,127.50,15
2026-10-03T16:30:00Z,PL,229.46,15
2026-10-03T16:30:00Z,PT,198.51,15
2026-10-03T16:30:00Z,RO,229.46,15
2026-10-03T16:30:00Z,SE1,22.53,15
2026-10-03T16:30:00Z,SE2,20.91,15
2026-10-03T16:30:00Z,SE3,92.73,15
2026-10-03T16:30:00Z,SE4,196.71,15
2026-10-03T16:30:00Z,SI,229.46,15
2026-10-03T16:30:00Z,SK,229.46,15
2026-10-03T16:45:00Z,AT,243.06,15
2026-10-03T16:45:00Z,BE,243.06,15
2026-10-03T16:45:00Z,CZ,243.06,15
2026-10-03T16:45:00Z,DE-LU,243.06,15
2026-10-03T16:45:00Z,DK1,243.06,15
2026-10-03T16:45:00Z,DK2,243.22,15
2026-10-03T16:45:00Z,EE,96.32,15
2026-10-03T16:45:00Z,ES,215.90,15
2026-10-03T16:45:00Z,FI,20.34,15
2026-10-03T16:45:00Z,FR,243.06,15
2026-10-03T16:45:00Z,GR,172.70,15
2026-10-03T16:45:00Z,HR,243.06,15
2026-10-03T16:45:00Z,HU,243.06,15
2026-10-03T16:45:00Z,IT-CNorth,243.06,15
2026-10-03T16:45:00Z,IT-CSouth,243.06,15
2026-10-03T16:45:00Z,IT-North,243.06,15
2026-10-03T16:45:00Z,IT-Sardinia,225.68,15
2026-10-03T16:45:00Z,IT-Sicily,243.06,15
2026-10-03T16:45:00Z,IT-South,243.06,15
2026-10-03T16:45:00Z,LT,96.32,15
2026-10-03T16:45:00Z,LV,96.32,15
2026-10-03T16:45:00Z,NL,243.06,15
2026-10-03T16:45:00Z,NO1,141.28,15
2026-10-03T16:45:00Z,NO2,157.28,15
2026-10-03T16:45:00Z,NO3,81.85,15
2026-10-03T16:45:00Z,NO4,25.66,15
2026-10-03T16:45:00Z,NO5,127.62,15
2026-10-03T16:45:00Z,PL,243.06,15
2026-10-03T16:45:00Z,PT,210.53,15
2026-10-03T16:45:00Z,RO,243.06,15
2026-10-03T16:45:00Z,SE1,20.54,15
2026-10-03T16:45:00Z,SE2,17.97,15
2026-10-03T16:45:00Z,SE3,91.05,15
2026-10-03T16:45:00Z,SE4,202.30,15
2026-10-03T16:45:00Z,SI,243.06,15
2026-10-03T16:45:00Z,SK,243.06,15
2026-10-03T17:00:00Z,AT,236.13,15
2026-10-03T17:00:00Z,BE,236.13,15
2026-10-03T17:00:00Z,CH,236.14,60
2026-10-03T17:00:00Z,CZ,236.13,15
2026-10-03T17:00:00Z,DE-LU,236.13,15
2026-10-03T17:00:00Z,DK1,236.13,15
2026-10-03T17:00:00Z,DK2,236.28,15
2026-10-03T17:00:00Z,EE,93.92,15
2026-10-03T17:00:00Z,ES,203.41,15
2026-10-03T17:00:00Z,FI,24.99,15
2026-10-03T17:00:00Z,FR,236.13,15
2026-10-03T17:00:00Z,GR,187.43,15
2026-10-03T17:00:00Z,HR,236.13,15
2026-10-03T17:00:00Z,HU,236.13,15
2026-10-03T17:00:00Z,IT-CNorth,236.13,15
2026-10-03T17:00:00Z,IT-CSouth,236.13,15
2026-10-03T17:00:00Z,IT-North,236.13,15
2026-10-03T17:00:00Z,IT-Sicily,236.13,15
2026-10-03T17:00:00Z,IT-South,236.13,15
2026-10-03T17:00:00Z,LT,93.92,15
2026-10-03T17:00:00Z,LV,93.92,15
2026-10-03T17:00:00Z,NL,236.13,15
2026-10-03T17:00:00Z,NO1,140.98,15
2026-10-03T17:00:00Z,NO2,155.58,15
2026-10-03T17:00:00Z,NO3,88.04,15
2026-10-03T17:00:00Z,NO4,25.75,15
2026-10-03T17:00:00Z,NO5,129.18,15
2026-10-03T17:00:00Z,PL,236.13,15
2026-10-03T17:00:00Z,PT,203.51,15
2026-10-03T17:00:00Z,RO,236.13,15
2026-10-03T17:00:00Z,RS,230.03,15
2026-10-03T17:00:00Z,SE1,25.03,15
2026-10-03T17:00:00Z,SE2,24.61,15
2026-10-03T17:00:00Z,SE3,91.25,15
2026-10-03T17:00:00Z,SE4,200.66,15
2026-10-03T17:00:00Z,SI,236.13,15
2026-10-03T17:00:00Z,SK,236.13,15
2026-10-03T17:15:00Z,AT,240.45,15
2026-10-03T17:15:00Z,BE,240.45,15
2026-10-03T17:15:00Z,CZ,240.45,15
2026-10-03T17:15:00Z,DE-LU,240.45,15
2026-10-03T17:15:00Z,DK1,240.45,15
2026-10-03T17:15:00Z,DK2,240.62,15
2026-10-03T17:15:00Z,EE,89.71,15
2026-10-03T17:15:00Z,ES,200.08,15
2026-10-03T17:15:00Z,FI,22.80,15
2026-10-03T17:15:00Z,FR,240.45,15
2026-10-03T17:15:00Z,GR,177.49,15
2026-10-03T17:15:00Z,HR,240.45,15
2026-10-03T17:15:00Z,HU,240.45,15
2026-10-03T17:15:00Z,IT-CNorth,240.45,15
2026-10-03T17:15:00Z,IT-CSouth,240.45,15
2026-10-03T17:15:00Z,IT-North,240.45,15
2026-10-03T17:15:00Z,IT-Sardinia,233.30,15
2026-10-03T17:15:00Z,IT-Sicily,255.00,15
2026-10-03T17:15:00Z,IT-South,240.45,15
2026-10-03T17:15:00Z,LT,89.71,15
2026-10-03T17:15:00Z,LV,89.71,15
2026-10-03T17:15:00Z,NL,240.45,15
2026-10-03T17:15:00Z,NO1,140.91,15
2026-10-03T17:15:00Z,NO2,155.60,15
2026-10-03T17:15:00Z,NO3,85.92,15
2026-10-03T17:15:00Z,NO4,25.55,15
2026-10-03T17:15:00Z,NO5,129.22,15
2026-10-03T17:15:00Z,PL,240.45,15
2026-10-03T17:15:00Z,PT,213.08,15
2026-10-03T17:15:00Z,RO,240.45,15
2026-10-03T17:15:00Z,SE1,22.92,15
2026-10-03T17:15:00Z,SE2,21.67,15
2026-10-03T17:15:00Z,SE3,89.99,15
2026-10-03T17:15:00Z,SE4,204.27,15
2026-10-03T17:15:00Z,SI,240.45,15
2026-10-03T17:15:00Z,SK,240.45,15
2026-10-03T17:30:00Z,AT,238.70,15
2026-10-03T17:30:00Z,BE,238.70,15
2026-10-03T17:30:00Z,CZ,238.70,15
2026-10-03T17:30:00Z,DE-LU,238.70,15
2026-10-03T17:30:00Z,DK1,238.70,15
2026-10-03T17:30:00Z,DK2,238.86,15
2026-10-03T17:30:00Z,EE,86.83,15
2026-10-03T17:30:00Z,ES,238.70,15
2026-10-03T17:30:00Z,FI,21.53,15
2026-10-03T17:30:00Z,FR,238.70,15
2026-10-03T17:30:00Z,GR,170.17,15
2026-10-03T17:30:00Z,HR,238.70,15
2026-10-03T17:30:00Z,HU,238.70,15
2026-10-03T17:30:00Z,IT-CNorth,238.70,15
2026-10-03T17:30:00Z,IT-CSouth,238.70,15
2026-10-03T17:30:00Z,IT-North,238.70,15
2026-10-03T17:30:00Z,IT-Sardinia,238.70,15
2026-10-03T17:30:00Z,IT-Sicily,303.28,15
2026-10-03T17:30:00Z,IT-South,238.70,15
2026-10-03T17:30:00Z,LT,86.83,15
2026-10-03T17:30:00Z,LV,86.83,15
2026-10-03T17:30:00Z,NL,238.70,15
2026-10-03T17:30:00Z,NO1,140.65,15
2026-10-03T17:30:00Z,NO2,155.42,15
2026-10-03T17:30:00Z,NO3,84.83,15
2026-10-03T17:30:00Z,NO4,25.37,15
2026-10-03T17:30:00Z,NO5,129.07,15
2026-10-03T17:30:00Z,PL,238.70,15
2026-10-03T17:30:00Z,PT,238.70,15
2026-10-03T17:30:00Z,RO,238.70,15
2026-10-03T17:30:00Z,SE1,21.69,15
2026-10-03T17:30:00Z,SE2,20.00,15
2026-10-03T17:30:00Z,SE3,87.53,15
2026-10-03T17:30:00Z,SE4,200.08,15
2026-10-03T17:30:00Z,SI,238.70,15
2026-10-03T17:30:00Z,SK,238.70,15
2026-10-03T17:45:00Z,AT,233.15,15
2026-10-03T17:45:00Z,BE,233.15,15
2026-10-03T17:45:00Z,CZ,233.15,15
2026-10-03T17:45:00Z,DE-LU,233.15,15
2026-10-03T17:45:00Z,DK1,233.15,15
2026-10-03T17:45:00Z,DK2,233.32,15
2026-10-03T17:45:00Z,EE,69.12,15
2026-10-03T17:45:00Z,ES,235.09,15
2026-10-03T17:45:00Z,FI,20.43,15
2026-10-03T17:45:00Z,FR,233.15,15
2026-10-03T17:45:00Z,GR,160.99,15
2026-10-03T17:45:00Z,HR,233.15,15
2026-10-03T17:45:00Z,HU,233.15,15
2026-10-03T17:45:00Z,IT-CNorth,233.15,15
2026-10-03T17:45:00Z,IT-CSouth,233.15,15
2026-10-03T17:45:00Z,IT-North,233.15,15
2026-10-03T17:45:00Z,IT-Sardinia,225.68,15
2026-10-03T17:45:00Z,IT-Sicily,314.00,15
2026-10-03T17:45:00Z,IT-South,233.15,15
2026-10-03T17:45:00Z,LT,69.12,15
2026-10-03T17:45:00Z,LV,69.12,15
2026-10-03T17:45:00Z,NL,233.15,15
2026-10-03T17:45:00Z,NO1,140.38,15
2026-10-03T17:45:00Z,NO2,155.47,15
2026-10-03T17:45:00Z,NO3,81.01,15
2026-10-03T17:45:00Z,NO4,25.21,15
2026-10-03T17:45:00Z,NO5,129.17,15
2026-10-03T17:45:00Z,PL,233.15,15
2026-10-03T17:45:00Z,PT,233.15,15
2026-10-03T17:45:00Z,RO,233.15,15
2026-10-03T17:45:00Z,SE1,20.71,15
2026-10-03T17:45:00Z,SE2,16.97,15
2026-10-03T17:45:00Z,SE3,83.57,15
2026-10-03T17:45:00Z,SE4,192.25,15
2026-10-03T17:45:00Z,SI,233.15,15
2026-10-03T17:45:00Z,SK,233.15,15
2026-10-03T18:00:00Z,AT,230.00,15
2026-10-03T18:00:00Z,BE,230.00,15
2026-10-03T18:00:00Z,CH,225.10,60
2026-10-03T18:00:00Z,CZ,230.00,15
2026-10-03T18:00:00Z,DE-LU,230.00,15
2026-10-03T18:00:00Z,DK1,230.00,15
2026-10-03T18:00:00Z,DK2,230.16,15
2026-10-03T18:00:00Z,EE,77.98,15
2026-10-03T18:00:00Z,ES,240.01,15
2026-10-03T18:00:00Z,FI,20.99,15
2026-10-03T18:00:00Z,FR,230.00,15
2026-10-03T18:00:00Z,GR,186.15,15
2026-10-03T18:00:00Z,HR,230.00,15
2026-10-03T18:00:00Z,HU,230.00,15
2026-10-03T18:00:00Z,IT-CNorth,230.00,15
2026-10-03T18:00:00Z,IT-CSouth,230.00,15
2026-10-03T18:00:00Z,IT-North,230.00,15
2026-10-03T18:00:00Z,IT-Sicily,282.70,15
2026-10-03T18:00:00Z,IT-South,230.00,15
2026-10-03T18:00:00Z,LT,77.98,15
2026-10-03T18:00:00Z,LV,77.98,15
2026-10-03T18:00:00Z,NL,230.00,15
2026-10-03T18:00:00Z,NO1,140.92,15
2026-10-03T18:00:00Z,NO2,155.64,15
2026-10-03T18:00:00Z,NO3,87.43,15
2026-10-03T18:00:00Z,NO4,25.17,15
2026-10-03T18:00:00Z,NO5,128.21,15
2026-10-03T18:00:00Z,PL,230.00,15
2026-10-03T18:00:00Z,PT,230.00,15
2026-10-03T18:00:00Z,RO,230.00,15
2026-10-03T18:00:00Z,RS,226.00,15
2026-10-03T18:00:00Z,SE1,21.07,15
2026-10-03T18:00:00Z,SE2,20.72,15
2026-10-03T18:00:00Z,SE3,79.43,15
2026-10-03T18:00:00Z,SE4,196.44,15
2026-10-03T18:00:00Z,SI,230.00,15
2026-10-03T18:00:00Z,SK,230.00,15
2026-10-03T18:15:00Z,AT,227.34,15
2026-10-03T18:15:00Z,BE,226.95,15
2026-10-03T18:15:00Z,CZ,225.09,15
2026-10-03T18:15:00Z,DE-LU,226.71,15
2026-10-03T18:15:00Z,DK1,226.62,15
2026-10-03T18:15:00Z,DK2,226.68,15
2026-10-03T18:15:00Z,EE,43.53,15
2026-10-03T18:15:00Z,ES,236.54,15
2026-10-03T18:15:00Z,FI,10.07,15
2026-10-03T18:15:00Z,FR,227.18,15
2026-10-03T18:15:00Z,GR,189.02,15
2026-10-03T18:15:00Z,HR,234.75,15
2026-10-03T18:15:00Z,HU,244.45,15
2026-10-03T18:15:00Z,IT-CNorth,231.37,15
2026-10-03T18:15:00Z,IT-CSouth,231.37,15
2026-10-03T18:15:00Z,IT-North,231.37,15
2026-10-03T18:15:00Z,IT-Sardinia,231.37,15
2026-10-03T18:15:00Z,IT-Sicily,274.41,15
2026-10-03T18:15:00Z,IT-South,231.37,15
2026-10-03T18:15:00Z,LT,43.53,15
2026-10-03T18:15:00Z,LV,43.53,15
2026-10-03T18:15:00Z,NL,226.85,15
2026-10-03T18:15:00Z,NO1,140.56,15
2026-10-03T18:15:00Z,NO2,155.62,15
2026-10-03T18:15:00Z,NO3,83.89,15
2026-10-03T18:15:00Z,NO4,25.06,15
2026-10-03T18:15:00Z,NO5,128.32,15
2026-10-03T18:15:00Z,PL,226.20,15
2026-10-03T18:15:00Z,PT,227.18,15
2026-10-03T18:15:00Z,RO,246.05,15
2026-10-03T18:15:00Z,SE1,10.51,15
2026-10-03T18:15:00Z,SE2,16.74,15
2026-10-03T18:15:00Z,SE3,64.20,15
2026-10-03T18:15:00Z,SE4,187.32,15
2026-10-03T18:15:00Z,SI,231.37,15
2026-10-03T18:15:00Z,SK,230.11,15
2026-10-03T18:30:00Z,AT,222.96,15
2026-10-03T18:30:00Z,BE,222.15,15
2026-10-03T18:30:00Z,CZ,218.31,15
2026-10-03T18:30:00Z,DE-LU,221.65,15
2026-10-03T18:30:00Z,DK1,221.47,15
2026-10-03T18:30:00Z,DK2,221.30,15
2026-10-03T18:30:00Z,EE,130.21,15
2026-10-03T18:30:00Z,ES,232.26,15
2026-10-03T18:30:00Z,FI,9.00,15
2026-10-03T18:30:00Z,FR,222.64,15
2026-10-03T18:30:00Z,GR,181.96,15
2026-10-03T18:30:00Z,HR,238.32,15
2026-10-03T18:30:00Z,HU,258.45,15
2026-10-03T18:30:00Z,IT-CNorth,228.66,15
2026-10-03T18:30:00Z,IT-CSouth,228.66,15
2026-10-03T18:30:00Z,IT-North,228.66,15
2026-10-03T18:30:00Z,IT-Sardinia,228.66,15
2026-10-03T18:30:00Z,IT-Sicily,228.66,15
2026-10-03T18:30:00Z,IT-South,228.66,15
2026-10-03T18:30:00Z,LT,130.21,15
2026-10-03T18:30:00Z,LV,130.21,15
2026-10-03T18:30:00Z,NL,221.95,15
2026-10-03T18:30:00Z,NO1,140.95,15
2026-10-03T18:30:00Z,NO2,155.84,15
2026-10-03T18:30:00Z,NO3,80.99,15
2026-10-03T18:30:00Z,NO4,25.09,15
2026-10-03T18:30:00Z,NO5,128.52,15
2026-10-03T18:30:00Z,PL,220.59,15
2026-10-03T18:30:00Z,PT,222.64,15
2026-10-03T18:30:00Z,RO,261.75,15
2026-10-03T18:30:00Z,SE1,9.49,15
2026-10-03T18:30:00Z,SE2,13.90,15
2026-10-03T18:30:00Z,SE3,92.56,15
2026-10-03T18:30:00Z,SE4,194.40,15
2026-10-03T18:30:00Z,SI,231.31,15
2026-10-03T18:30:00Z,SK,228.70,15
2026-10-03T18:45:00Z,AT,215.07,15
2026-10-03T18:45:00Z,BE,214.73,15
2026-10-03T18:45:00Z,CZ,213.11,15
2026-10-03T18:45:00Z,DE-LU,214.52,15
2026-10-03T18:45:00Z,DK1,214.44,15
2026-10-03T18:45:00Z,DK2,214.41,15
2026-10-03T18:45:00Z,EE,134.01,15
2026-10-03T18:45:00Z,ES,225.61,15
2026-10-03T18:45:00Z,FI,7.37,15
2026-10-03T18:45:00Z,FR,214.93,15
2026-10-03T18:45:00Z,GR,185.00,15
2026-10-03T18:45:00Z,HR,221.53,15
2026-10-03T18:45:00Z,HU,230.00,15
2026-10-03T18:45:00Z,IT-CNorth,214.93,15
2026-10-03T18:45:00Z,IT-CSouth,214.93,15
2026-10-03T18:45:00Z,IT-North,214.93,15
2026-10-03T18:45:00Z,IT-Sardinia,214.76,15
2026-10-03T18:45:00Z,IT-Sicily,227.69,15
2026-10-03T18:45:00Z,IT-South,214.93,15
2026-10-03T18:45:00Z,LT,134.01,15
2026-10-03T18:45:00Z,LV,134.01,15
2026-10-03T18:45:00Z,NL,214.64,15
2026-10-03T18:45:00Z,NO1,140.56,15
2026-10-03T18:45:00Z,NO2,155.52,15
2026-10-03T18:45:00Z,NO3,79.72,15
2026-10-03T18:45:00Z,NO4,24.80,15
2026-10-03T18:45:00Z,NO5,128.31,15
2026-10-03T18:45:00Z,PL,214.07,15
2026-10-03T18:45:00Z,PT,214.93,15
2026-10-03T18:45:00Z,RO,231.39,15
2026-10-03T18:45:00Z,SE1,7.90,15
2026-10-03T18:45:00Z,SE2,11.90,15
2026-10-03T18:45:00Z,SE3,91.06,15
2026-10-03T18:45:00Z,SE4,186.54,15
2026-10-03T18:45:00Z,SI,218.58,15
2026-10-03T18:45:00Z,SK,217.48,15
2026-10-03T19:00:00Z,AT,221.81,15
2026-10-03T19:00:00Z,BE,221.81,15
2026-10-03T19:00:00Z,CH,215.10,60
2026-10-03T19:00:00Z,CZ,221.81,15
2026-10-03T19:00:00Z,DE-LU,221.81,15
2026-10-03T19:00:00Z,DK1,221.81,15
2026-10-03T19:00:00Z,DK2,222.01,15
2026-10-03T19:00:00Z,EE,164.47,15
2026-10-03T19:00:00Z,ES,232.96,15
2026-10-03T19:00:00Z,FI,9.99,15
2026-10-03T19:00:00Z,FR,221.81,15
2026-10-03T19:00:00Z,HR,221.81,15
2026-10-03T19:00:00Z,HU,221.81,15
2026-10-03T19:00:00Z,IT-CNorth,221.81,15
2026-10-03T19:00:00Z,IT-CSouth,221.81,15
2026-10-03T19:00:00Z,IT-North,221.81,15
2026-10-03T19:00:00Z,IT-Sardinia,221.81,15
2026-10-03T19:00:00Z,IT-Sicily,221.81,15
2026-10-03T19:00:00Z,IT-South,221.81,15
2026-10-03T19:00:00Z,LT,164.47,15
2026-10-03T19:00:00Z,LV,164.47,15
2026-10-03T19:00:00Z,NL,221.81,15
2026-10-03T19:00:00Z,NO1,138.93,15
2026-10-03T19:00:00Z,NO2,155.23,15
2026-10-03T19:00:00Z,NO3,81.40,15
2026-10-03T19:00:00Z,NO4,25.22,15
2026-10-03T19:00:00Z,NO5,127.55,15
2026-10-03T19:00:00Z,PL,221.81,15
2026-10-03T19:00:00Z,PT,221.81,15
2026-10-03T19:00:00Z,RO,221.81,15
2026-10-03T19:00:00Z,RS,200.04,15
2026-10-03T19:00:00Z,SE1,10.49,15
2026-10-03T19:00:00Z,SE2,15.80,15
2026-10-03T19:00:00Z,SE3,60.00,15
2026-10-03T19:00:00Z,SE4,182.14,15
2026-10-03T19:00:00Z,SI,221.81,15
2026-10-03T19:00:00Z,SK,221.81,15
2026-10-03T19:15:00Z,AT,216.20,15
2026-10-03T19:15:00Z,BE,216.20,15
2026-10-03T19:15:00Z,CZ,216.20,15
2026-10-03T19:15:00Z,DE-LU,216.20,15
2026-10-03T19:15:00Z,DK1,216.20,15
2026-10-03T19:15:00Z,DK2,216.46,15
2026-10-03T19:15:00Z,EE,100.00,15
2026-10-03T19:15:00Z,ES,233.41,15
2026-10-03T19:15:00Z,FI,14.05,15
2026-10-03T19:15:00Z,FR,216.20,15
2026-10-03T19:15:00Z,GR,209.41,15
2026-10-03T19:15:00Z,HR,216.20,15
2026-10-03T19:15:00Z,HU,216.20,15
2026-10-03T19:15:00Z,IT-CNorth,216.20,15
2026-10-03T19:15:00Z,IT-CSouth,216.20,15
2026-10-03T19:15:00Z,IT-North,216.20,15
2026-10-03T19:15:00Z,IT-Sardinia,216.20,15
2026-10-03T19:15:00Z,IT-Sicily,216.20,15
2026-10-03T19:15:00Z,IT-South,216.20,15
2026-10-03T19:15:00Z,LT,100.00,15
2026-10-03T19:15:00Z,LV,100.00,15
2026-10-03T19:15:00Z,NL,216.20,15
2026-10-03T19:15:00Z,NO1,138.71,15
2026-10-03T19:15:00Z,NO2,155.21,15
2026-10-03T19:15:00Z,NO3,81.63,15
2026-10-03T19:15:00Z,NO4,25.18,15
2026-10-03T19:15:00Z,PL,216.20,15
2026-10-03T19:15:00Z,PT,216.20,15
2026-10-03T19:15:00Z,RO,216.20,15
2026-10-03T19:15:00Z,SE1,14.43,15
2026-10-03T19:15:00Z,SE2,16.13,15
2026-10-03T19:15:00Z,SE3,33.47,15
2026-10-03T19:15:00Z,SE4,164.01,15
2026-10-03T19:15:00Z,SI,216.20,15
2026-10-03T19:15:00Z,SK,216.20,15
2026-10-03T19:30:00Z,AT,214.02,15
2026-10-03T19:30:00Z,BE,214.02,15
2026-10-03T19:30:00Z,CZ,214.02,15
2026-10-03T19:30:00Z,DE-LU,214.02,15
2026-10-03T19:30:00Z,DK1,214.02,15
2026-10-03T19:30:00Z,DK2,214.34,15
2026-10-03T19:30:00Z,EE,80.01,15
2026-10-03T19:30:00Z,ES,218.84,15
2026-10-03T19:30:00Z,FI,14.31,15
2026-10-03T19:30:00Z,FR,214.02,15
2026-10-03T19:30:00Z,GR,214.02,15
2026-10-03T19:30:00Z,HR,214.02,15
2026-10-03T19:30:00Z,HU,214.02,15
2026-10-03T19:30:00Z,IT-CNorth,214.02,15
2026-10-03T19:30:00Z,IT-CSouth,214.02,15
2026-10-03T19:30:00Z,IT-North,214.02,15
2026-10-03T19:30:00Z,IT-Sardinia,214.02,15
2026-10-03T19:30:00Z,IT-Sicily,214.49,15
2026-10-03T19:30:00Z,IT-South,214.02,15
2026-10-03T19:30:00Z,LT,80.01,15
2026-10-03T19:30:00Z,LV,80.01,15
2026-10-03T19:30:00Z,NL,214.02,15
2026-10-03T19:30:00Z,NO1,138.65,15
2026-10-03T19:30:00Z,NO2,155.04,15
2026-10-03T19:30:00Z,NO3,84.77,15
2026-10-03T19:30:00Z,NO4,24.85,15
2026-10-03T19:30:00Z,NO5,127.54,15
2026-10-03T19:30:00Z,PL,214.02,15
2026-10-03T19:30:00Z,PT,214.02,15
2026-10-03T19:30:00Z,RO,214.02,15
2026-10-03T19:30:00Z,SE1,14.65,15
2026-10-03T19:30:00Z,SE2,19.13,15
2026-10-03T19:30:00Z,SE3,10.79,15
2026-10-03T19:30:00Z,SE4,151.57,15
2026-10-03T19:30:00Z,SI,214.02,15
2026-10-03T19:30:00Z,SK,214.02,15
2026-10-03T19:45:00Z,AT,208.71,15
2026-10-03T19:45:00Z,BE,208.71,15
2026-10-03T19:45:00Z,CZ,208.71,15
2026-10-03T19:45:00Z,DE-LU,208.71,15
2026-10-03T19:45:00Z,DK1,208.71,15
2026-10-03T19:45:00Z,DK2,208.94,15
2026-10-03T19:45:00Z,EE,34.19,15
2026-10-03T19:45:00Z,ES,215.90,15
2026-10-03T19:45:00Z,FI,13.49,15
2026-10-03T19:45:00Z,FR,208.71,15
2026-10-03T19:45:00Z,GR,208.71,15
2026-10-03T19:45:00Z,HR,208.71,15
2026-10-03T19:45:00Z,HU,208.71,15
2026-10-03T19:45:00Z,IT-CNorth,208.71,15
2026-10-03T19:45:00Z,IT-CSouth,208.71,15
2026-10-03T19:45:00Z,IT-North,208.71,15
2026-10-03T19:45:00Z,IT-Sardinia,208.71,15
2026-10-03T19:45:00Z,IT-Sicily,213.00,15
2026-10-03T19:45:00Z,IT-South,208.71,15
2026-10-03T19:45:00Z,LT,34.19,15
2026-10-03T19:45:00Z,LV,34.19,15
2026-10-03T19:45:00Z,NL,208.71,15
2026-10-03T19:45:00Z,NO1,138.50,15
2026-10-03T19:45:00Z,NO2,154.81,15
2026-10-03T19:45:00Z,NO3,86.91,15
2026-10-03T19:45:00Z,NO4,22.85,15
2026-10-03T19:45:00Z,NO5,127.52,15
2026-10-03T19:45:00Z,PL,208.71,15
2026-10-03T19:45:00Z,PT,208.71,15
2026-10-03T19:45:00Z,RO,208.71,15
2026-10-03T19:45:00Z,SE1,13.76,15
2026-10-03T19:45:00Z,SE2,19.83,15
2026-10-03T19:45:00Z,SE3,10.01,15
2026-10-03T19:45:00Z,SE4,114.64,15
2026-10-03T19:45:00Z,SI,208.71,15
2026-10-03T19:45:00Z,SK,208.71,15
2026-10-03T20:00:00Z,AT,213.71,15
2026-10-03T20:00:00Z,BE,211.96,15
2026-10-03T20:00:00Z,CH,210.00,60
2026-10-03T20:00:00Z,CZ,210.52,15
2026-10-03T20:00:00Z,DE-LU,211.83,15
2026-10-03T20:00:00Z,DK1,211.78,15
2026-10-03T20:00:00Z,DK2,211.95,15
2026-10-03T20:00:00Z,EE,75.11,15
2026-10-03T20:00:00Z,ES,221.05,15
2026-10-03T20:00:00Z,FI,13.06,15
2026-10-03T20:00:00Z,FR,212.14,15
2026-10-03T20:00:00Z,GR,214.78,15
2026-10-03T20:00:00Z,HR,215.31,15
2026-10-03T20:00:00Z,HU,216.74,15
2026-10-03T20:00:00Z,IT-CNorth,214.78,15
2026-10-03T20:00:00Z,IT-CSouth,214.78,15
2026-10-03T20:00:00Z,IT-North,214.78,15
2026-10-03T20:00:00Z,IT-Sardinia,214.78,15
2026-10-03T20:00:00Z,IT-Sicily,227.50,15
2026-10-03T20:00:00Z,IT-South,214.78,15
2026-10-03T20:00:00Z,LT,75.11,15
2026-10-03T20:00:00Z,LV,75.11,15
2026-10-03T20:00:00Z,NL,211.84,15
2026-10-03T20:00:00Z,NO1,138.56,15
2026-10-03T20:00:00Z,NO2,154.50,15
2026-10-03T20:00:00Z,NO3,83.08,15
2026-10-03T20:00:00Z,NO4,24.02,15
2026-10-03T20:00:00Z,NO5,127.67,15
2026-10-03T20:00:00Z,PL,211.61,15
2026-10-03T20:00:00Z,PT,212.14,15
2026-10-03T20:00:00Z,RO,216.36,15
2026-10-03T20:00:00Z,RS,199.87,15
2026-10-03T20:00:00Z,SE1,13.40,15
2026-10-03T20:00:00Z,SE2,16.61,15
2026-10-03T20:00:00Z,SE3,20.09,15
2026-10-03T20:00:00Z,SE4,154.18,15
2026-10-03T20:00:00Z,SI,214.78,15
2026-10-03T20:00:00Z,SK,217.22,15
2026-10-03T20:15:00Z,AT,210.00,15
2026-10-03T20:15:00Z,BE,210.00,15
2026-10-03T20:15:00Z,CZ,210.00,15
2026-10-03T20:15:00Z,DE-LU,210.00,15
2026-10-03T20:15:00Z,DK1,210.00,15
2026-10-03T20:15:00Z,DK2,210.29,15
2026-10-03T20:15:00Z,EE,34.19,15
2026-10-03T20:15:00Z,ES,214.52,15
2026-10-03T20:15:00Z,FI,10.74,15
2026-10-03T20:15:00Z,FR,210.00,15
2026-10-03T20:15:00Z,GR,210.00,15
2026-10-03T20:15:00Z,HR,210.00,15
2026-10-03T20:15:00Z,HU,210.00,15
2026-10-03T20:15:00Z,IT-CNorth,210.00,15
2026-10-03T20:15:00Z,IT-CSouth,210.00,15
2026-10-03T20:15:00Z,IT-North,210.00,15
2026-10-03T20:15:00Z,IT-Sardinia,210.00,15
2026-10-03T20:15:00Z,IT-Sicily,210.00,15
2026-10-03T20:15:00Z,IT-South,210.00,15
2026-10-03T20:15:00Z,LT,34.19,15
2026-10-03T20:15:00Z,LV,34.19,15
2026-10-03T20:15:00Z,NL,210.00,15
2026-10-03T20:15:00Z,NO1,138.45,15
2026-10-03T20:15:00Z,NO2,154.33,15
2026-10-03T20:15:00Z,NO3,85.55,15
2026-10-03T20:15:00Z,NO4,23.28,15
2026-10-03T20:15:00Z,NO5,127.56,15
2026-10-03T20:15:00Z,PL,210.00,15
2026-10-03T20:15:00Z,PT,210.00,15
2026-10-03T20:15:00Z,RO,210.00,15
2026-10-03T20:15:00Z,SE1,11.08,15
2026-10-03T20:15:00Z,SE2,18.69,15
2026-10-03T20:15:00Z,SE3,10.01,15
2026-10-03T20:15:00Z,SE4,140.10,15
2026-10-03T20:15:00Z,SI,210.00,15
2026-10-03T20:15:00Z,SK,210.00,15
2026-10-03T20:30:00Z,AT,206.41,15
2026-10-03T20:30:00Z,BE,206.41,15
2026-10-03T20:30:00Z,CZ,206.41,15
2026-10-03T20:30:00Z,DE-LU,206.41,15
2026-10-03T20:30:00Z,DK1,206.41,15
2026-10-03T20:30:00Z,DK2,206.69,15
2026-10-03T20:30:00Z,EE,34.18,15
2026-10-03T20:30:00Z,ES,211.65,15
2026-10-03T20:30:00Z,FI,10.00,15
2026-10-03T20:30:00Z,FR,206.41,15
2026-10-03T20:30:00Z,GR,206.41,15
2026-10-03T20:30:00Z,HR,206.41,15
2026-10-03T20:30:00Z,HU,206.41,15
2026-10-03T20:30:00Z,IT-CNorth,206.41,15
2026-10-03T20:30:00Z,IT-CSouth,206.41,15
2026-10-03T20:30:00Z,IT-North,206.41,15
2026-10-03T20:30:00Z,IT-Sardinia,206.41,15
2026-10-03T20:30:00Z,IT-Sicily,208.00,15
2026-10-03T20:30:00Z,IT-South,206.41,15
2026-10-03T20:30:00Z,LT,34.18,15
2026-10-03T20:30:00Z,LV,34.18,15
2026-10-03T20:30:00Z,NL,206.41,15
2026-10-03T20:30:00Z,NO1,138.28,15
2026-10-03T20:30:00Z,NO2,154.12,15
2026-10-03T20:30:00Z,NO3,85.41,15
2026-10-03T20:30:00Z,NO4,21.91,15
2026-10-03T20:30:00Z,NO5,127.55,15
2026-10-03T20:30:00Z,PL,206.41,15
2026-10-03T20:30:00Z,PT,206.41,15
2026-10-03T20:30:00Z,RO,206.41,15
2026-10-03T20:30:00Z,SE1,10.32,15
2026-10-03T20:30:00Z,SE2,17.79,15
2026-10-03T20:30:00Z,SE3,6.95,15
2026-10-03T20:30:00Z,SE4,134.00,15
2026-10-03T20:30:00Z,SI,206.41,15
2026-10-03T20:30:00Z,SK,206.41,15
2026-10-03T20:45:00Z,AT,205.50,15
2026-10-03T20:45:00Z,BE,205.50,15
2026-10-03T20:45:00Z,CZ,205.50,15
2026-10-03T20:45:00Z,DE-LU,205.50,15
2026-10-03T20:45:00Z,DK1,205.50,15
2026-10-03T20:45:00Z,DK2,205.76,15
2026-10-03T20:45:00Z,ES,210.40,15
2026-10-03T20:45:00Z,FI,10.33,15
2026-10-03T20:45:00Z,FR,205.50,15
2026-10-03T20:45:00Z,GR,205.50,15
2026-10-03T20:45:00Z,HR,205.50,15
2026-10-03T20:45:00Z,HU,205.50,15
2026-10-03T20:45:00Z,IT-CNorth,205.50,15
2026-10-03T20:45:00Z,IT-CSouth,205.50,15
2026-10-03T20:45:00Z,IT-North,205.50,15
2026-10-03T20:45:00Z,IT-Sardinia,205.50,15
2026-10-03T20:45:00Z,IT-Sicily,205.50,15
2026-10-03T20:45:00Z,IT-South,205.50,15
2026-10-03T20:45:00Z,NL,205.50,15
2026-10-03T20:45:00Z,NO1,138.10,15
2026-10-03T20:45:00Z,NO2,153.84,15
2026-10-03T20:45:00Z,NO3,85.53,15
2026-10-03T20:45:00Z,NO4,21.29,15
2026-10-03T20:45:00Z,PL,205.50,15
2026-10-03T20:45:00Z,PT,205.50,15
2026-10-03T20:45:00Z,RO,205.50,15
2026-10-03T20:45:00Z,SE1,10.63,15
2026-10-03T20:45:00Z,SE2,17.59,15
2026-10-03T20:45:00Z,SE4,125.29,15
2026-10-03T20:45:00Z,SI,205.50,15
2026-10-03T20:45:00Z,SK,205.50,15
2026-10-03T21:00:00Z,AT,204.80,15
2026-10-03T21:00:00Z,BE,204.80,15
2026-10-03T21:00:00Z,CH,195.51,60
2026-10-03T21:00:00Z,CZ,204.80,15
2026-10-03T21:00:00Z,DE-LU,204.80,15
2026-10-03T21:00:00Z,DK1,204.80,15
2026-10-03T21:00:00Z,DK2,205.07,15
2026-10-03T21:00:00Z,EE,33.00,15
2026-10-03T21:00:00Z,ES,210.60,15
2026-10-03T21:00:00Z,FI,10.00,15
2026-10-03T21:00:00Z,FR,204.80,15
2026-10-03T21:00:00Z,GR,204.80,15
2026-10-03T21:00:00Z,HR,204.80,15
2026-10-03T21:00:00Z,HU,204.80,15
2026-10-03T21:00:00Z,IT-CNorth,205.52,15
2026-10-03T21:00:00Z,IT-CSouth,205.52,15
2026-10-03T21:00:00Z,IT-North,205.52,15
2026-10-03T21:00:00Z,IT-Sardinia,205.52,15
2026-10-03T21:00:00Z,IT-Sicily,210.50,15
2026-10-03T21:00:00Z,IT-South,205.52,15
2026-10-03T21:00:00Z,LT,33.00,15
2026-10-03T21:00:00Z,LV,33.00,15
2026-10-03T21:00:00Z,NL,204.80,15
2026-10-03T21:00:00Z,NO1,138.65,15
2026-10-03T21:00:00Z,NO2,154.94,15
2026-10-03T21:00:00Z,NO3,85.35,15
2026-10-03T21:00:00Z,NO4,21.59,15
2026-10-03T21:00:00Z,NO5,127.34,15
2026-10-03T21:00:00Z,PL,204.80,15
2026-10-03T21:00:00Z,PT,204.80,15
2026-10-03T21:00:00Z,RO,204.80,15
2026-10-03T21:00:00Z,RS,181.00,15
2026-10-03T21:00:00Z,SE1,10.29,15
2026-10-03T21:00:00Z,SE2,17.51,15
2026-10-03T21:00:00Z,SE3,6.75,15
2026-10-03T21:00:00Z,SE4,130.98,15
2026-10-03T21:00:00Z,SI,204.80,15
2026-10-03T21:00:00Z,SK,204.80,15
2026-10-03T21:15:00Z,AT,198.26,15
2026-10-03T21:15:00Z,BE,197.42,15
2026-10-03T21:15:00Z,CZ,196.75,15
2026-10-03T21:15:00Z,DE-LU,197.36,15
2026-10-03T21:15:00Z,DK1,197.33,15
2026-10-03T21:15:00Z,DK2,197.54,15
2026-10-03T21:15:00Z,EE,13.33,15
2026-10-03T21:15:00Z,ES,208.23,15
2026-10-03T21:15:00Z,FI,10.43,15
2026-10-03T21:15:00Z,FR,197.51,15
2026-10-03T21:15:00Z,GR,199.50,15
2026-10-03T21:15:00Z,HR,199.02,15
2026-10-03T21:15:00Z,HU,199.70,15
2026-10-03T21:15:00Z,IT-CNorth,198.77,15
2026-10-03T21:15:00Z,IT-CSouth,198.77,15
2026-10-03T21:15:00Z,IT-North,198.77,15
2026-10-03T21:15:00Z,IT-Sardinia,198.77,15
2026-10-03T21:15:00Z,IT-Sicily,206.89,15
2026-10-03T21:15:00Z,IT-South,198.77,15
2026-10-03T21:15:00Z,LT,13.33,15
2026-10-03T21:15:00Z,LV,13.33,15
2026-10-03T21:15:00Z,NL,197.37,15
2026-10-03T21:15:00Z,NO1,138.53,15
2026-10-03T21:15:00Z,NO2,154.86,15
2026-10-03T21:15:00Z,NO3,85.49,15
2026-10-03T21:15:00Z,NO4,21.35,15
2026-10-03T21:15:00Z,NO5,127.23,15
2026-10-03T21:15:00Z,PL,197.23,15
2026-10-03T21:15:00Z,PT,197.51,15
2026-10-03T21:15:00Z,RO,199.52,15
2026-10-03T21:15:00Z,SE1,10.70,15
2026-10-03T21:15:00Z,SE2,17.59,15
2026-10-03T21:15:00Z,SE4,125.30,15
2026-10-03T21:15:00Z,SI,198.77,15
2026-10-03T21:15:00Z,SK,199.90,15
2026-10-03T21:30:00Z,AT,192.85,15
2026-10-03T21:30:00Z,BE,192.85,15
2026-10-03T21:30:00Z,CZ,192.85,15
2026-10-03T21:30:00Z,DE-LU,192.85,15
2026-10-03T21:30:00Z,DK1,192.85,15
2026-10-03T21:30:00Z,DK2,193.12,15
2026-10-03T21:30:00Z,EE,10.04,15
2026-10-03T21:30:00Z,ES,199.53,15
2026-10-03T21:30:00Z,FI,10.05,15
2026-10-03T21:30:00Z,FR,192.85,15
2026-10-03T21:30:00Z,GR,192.85,15
2026-10-03T21:30:00Z,HR,192.85,15
2026-10-03T21:30:00Z,HU,192.85,15
2026-10-03T21:30:00Z,IT-CNorth,192.85,15
2026-10-03T21:30:00Z,IT-CSouth,192.85,15
2026-10-03T21:30:00Z,IT-North,192.85,15
2026-10-03T21:30:00Z,IT-Sardinia,192.85,15
2026-10-03T21:30:00Z,IT-Sicily,192.85,15
2026-10-03T21:30:00Z,IT-South,192.85,15
2026-10-03T21:30:00Z,LT,10.04,15
2026-10-03T21:30:00Z,LV,10.04,15
2026-10-03T21:30:00Z,NL,192.85,15
2026-10-03T21:30:00Z,NO1,138.45,15
2026-10-03T21:30:00Z,NO2,154.79,15
2026-10-03T21:30:00Z,NO3,85.55,15
2026-10-03T21:30:00Z,NO4,20.91,15
2026-10-03T21:30:00Z,NO5,127.15,15
2026-10-03T21:30:00Z,PL,192.85,15
2026-10-03T21:30:00Z,PT,192.85,15
2026-10-03T21:30:00Z,RO,192.85,15
2026-10-03T21:30:00Z,SE1,10.32,15
2026-10-03T21:30:00Z,SE2,17.46,15
2026-10-03T21:30:00Z,SE3,3.18,15
2026-10-03T21:30:00Z,SE4,125.14,15
2026-10-03T21:30:00Z,SI,192.85,15
2026-10-03T21:30:00Z,SK,192.85,15
2026-10-03T21:45:00Z,AT,184.86,15
2026-10-03T21:45:00Z,BE,184.86,15
2026-10-03T21:45:00Z,CZ,184.86,15
2026-10-03T21:45:00Z,DE-LU,184.86,15
2026-10-03T21:45:00Z,DK1,184.86,15
2026-10-03T21:45:00Z,DK2,185.13,15
2026-10-03T21:45:00Z,EE,13.32,15
2026-10-03T21:45:00Z,ES,194.14,15
2026-10-03T21:45:00Z,FI,10.00,15
2026-10-03T21:45:00Z,FR,184.86,15
2026-10-03T21:45:00Z,GR,184.86,15
2026-10-03T21:45:00Z,HR,184.86,15
2026-10-03T21:45:00Z,HU,184.86,15
2026-10-03T21:45:00Z,IT-CNorth,184.86,15
2026-10-03T21:45:00Z,IT-CSouth,184.86,15
2026-10-03T21:45:00Z,IT-North,184.86,15
2026-10-03T21:45:00Z,IT-Sardinia,184.86,15
2026-10-03T21:45:00Z,IT-Sicily,188.49,15
2026-10-03T21:45:00Z,IT-South,184.86,15
2026-10-03T21:45:00Z,LT,13.32,15
2026-10-03T21:45:00Z,LV,13.32,15
2026-10-03T21:45:00Z,NL,184.86,15
2026-10-03T21:45:00Z,NO1,138.37,15
2026-10-03T21:45:00Z,NO2,154.72,15
2026-10-03T21:45:00Z,NO3,85.46,15
2026-10-03T21:45:00Z,NO4,21.02,15
2026-10-03T21:45:00Z,NO5,127.04,15
2026-10-03T21:45:00Z,PL,184.86,15
2026-10-03T21:45:00Z,PT,184.86,15
2026-10-03T21:45:00Z,RO,184.86,15
2026-10-03T21:45:00Z,SE1,10.27,15
2026-10-03T21:45:00Z,SE2,17.50,15
2026-10-03T21:45:00Z,SE3,3.14,15
2026-10-03T21:45:00Z,SE4,126.60,15
2026-10-03T21:45:00Z,SI,184.86,15
2026-10-03T21:45:00Z,SK,184.86,15
2026-10-03T22:00:00Z,AT,218.30,15
2026-10-03T22:00:00Z,BE,207.09,15
2026-10-03T22:00:00Z,CH,200.00,60
2026-10-03T22:00:00Z,CZ,197.75,15
2026-10-03T22:00:00Z,DE-LU,205.83,15
2026-10-03T22:00:00Z,DK1,205.46,15
2026-10-03T22:00:00Z,DK2,204.97,15
2026-10-03T22:00:00Z,EE,37.12,15
2026-10-03T22:00:00Z,ES,191.70,15
2026-10-03T22:00:00Z,FI,9.99,15
2026-10-03T22:00:00Z,FR,208.08,15
2026-10-03T22:00:00Z,GR,206.50,15
2026-10-03T22:00:00Z,HR,228.34,15
2026-10-03T22:00:00Z,HU,237.77,15
2026-10-03T22:00:00Z,IT-CNorth,225.07,15
2026-10-03T22:00:00Z,IT-CSouth,225.07,15
2026-10-03T22:00:00Z,IT-North,225.07,15
2026-10-03T22:00:00Z,IT-Sardinia,225.07,15
2026-10-03T22:00:00Z,IT-Sicily,382.63,15
2026-10-03T22:00:00Z,IT-South,225.07,15
2026-10-03T22:00:00Z,LT,37.12,15
2026-10-03T22:00:00Z,LV,37.12,15
2026-10-03T22:00:00Z,NL,206.63,15
2026-10-03T22:00:00Z,NO1,138.71,15
2026-10-03T22:00:00Z,NO2,156.48,15
2026-10-03T22:00:00Z,NO3,85.09,15
2026-10-03T22:00:00Z,NO4,20.18,15
2026-10-03T22:00:00Z,NO5,125.67,15
2026-10-03T22:00:00Z,PL,159.90,15
2026-10-03T22:00:00Z,PT,208.08,15
2026-10-03T22:00:00Z,RO,235.24,15
2026-10-03T22:00:00Z,RS,199.99,15
2026-10-03T22:00:00Z,SE1,10.20,15
2026-10-03T22:00:00Z,SE2,17.22,15
2026-10-03T22:00:00Z,SE3,3.36,15
2026-10-03T22:00:00Z,SE4,113.35,15
2026-10-03T22:00:00Z,SI,225.07,15
2026-10-03T22:00:00Z,SK,242.07,15
2026-10-03T22:15:00Z,AT,213.12,15
2026-10-03T22:15:00Z,BE,202.63,15
2026-10-03T22:15:00Z,CZ,193.89,15
2026-10-03T22:15:00Z,DE-LU,201.45,15
2026-10-03T22:15:00Z,DK1,201.10,15
2026-10-03T22:15:00Z,DK2,200.67,15
2026-10-03T22:15:00Z,EE,33.08,15
2026-10-03T22:15:00Z,ES,202.64,15
2026-10-03T22:15:00Z,FR,203.56,15
2026-10-03T22:15:00Z,GR,207.50,15
2026-10-03T22:15:00Z,HR,222.52,15
2026-10-03T22:15:00Z,HU,231.34,15
2026-10-03T22:15:00Z,IT-CNorth,219.46,15
2026-10-03T22:15:00Z,IT-CSouth,219.46,15
2026-10-03T22:15:00Z,IT-North,219.46,15
2026-10-03T22:15:00Z,IT-Sardinia,219.46,15
2026-10-03T22:15:00Z,IT-South,219.46,15
2026-10-03T22:15:00Z,LT,33.08,15
2026-10-03T22:15:00Z,LV,33.08,15
2026-10-03T22:15:00Z,NL,202.20,15
2026-10-03T22:15:00Z,NO1,138.66,15
2026-10-03T22:15:00Z,NO2,156.42,15
2026-10-03T22:15:00Z,NO3,85.04,15
2026-10-03T22:15:00Z,NO4,20.46,15
2026-10-03T22:15:00Z,NO5,125.57,15
2026-10-03T22:15:00Z,PL,137.29,15
2026-10-03T22:15:00Z,PT,206.63,15
2026-10-03T22:15:00Z,RO,228.97,15
2026-10-03T22:15:00Z,SE2,17.40,15
2026-10-03T22:15:00Z,SE3,3.18,15
2026-10-03T22:15:00Z,SE4,115.93,15
2026-10-03T22:15:00Z,SI,219.46,15
2026-10-03T22:15:00Z,SK,235.36,15
2026-10-03T22:30:00Z,AT,196.37,15
2026-10-03T22:30:00Z,BE,189.57,15
2026-10-03T22:30:00Z,CZ,183.91,15
2026-10-03T22:30:00Z,DE-LU,188.81,15
2026-10-03T22:30:00Z,DK1,188.58,15
2026-10-03T22:30:00Z,DK2,188.41,15
2026-10-03T22:30:00Z,EE,15.01,15
2026-10-03T22:30:00Z,ES,195.41,15
2026-10-03T22:30:00Z,FI,9.31,15
2026-10-03T22:30:00Z,FR,190.17,15
2026-10-03T22:30:00Z,GR,206.50,15
2026-10-03T22:30:00Z,HR,202.46,15
2026-10-03T22:30:00Z,HU,208.18,15
2026-10-03T22:30:00Z,IT-CNorth,216.15,15
2026-10-03T22:30:00Z,IT-CSouth,216.15,15
2026-10-03T22:30:00Z,IT-North,216.15,15
2026-10-03T22:30:00Z,IT-Sardinia,216.15,15
2026-10-03T22:30:00Z,IT-South,216.15,15
2026-10-03T22:30:00Z,LT,15.01,15
2026-10-03T22:30:00Z,LV,15.01,15
2026-10-03T22:30:00Z,NL,189.29,15
2026-10-03T22:30:00Z,NO2,156.39,15
2026-10-03T22:30:00Z,NO3,84.79,15
2026-10-03T22:30:00Z,NO4,20.41,15
2026-10-03T22:30:00Z,NO5,125.54,15
2026-10-03T22:30:00Z,PL,158.53,15
2026-10-03T22:30:00Z,PT,205.40,15
2026-10-03T22:30:00Z,RO,206.64,15
2026-10-03T22:30:00Z,SE1,9.54,15
2026-10-03T22:30:00Z,SE2,17.12,15
2026-10-03T22:30:00Z,SE3,2.11,15
2026-10-03T22:30:00Z,SE4,120.83,15
2026-10-03T22:30:00Z,SI,200.48,15
2026-10-03T22:30:00Z,SK,210.79,15
2026-10-03T22:45:00Z,AT,190.59,15
2026-10-03T22:45:00Z,BE,181.25,15
2026-10-03T22:45:00Z,CZ,173.48,15
2026-10-03T22:45:00Z,DE-LU,180.21,15
2026-10-03T22:45:00Z,DK1,179.90,15
2026-10-03T22:45:00Z,DK2,179.55,15
2026-10-03T22:45:00Z,EE,10.00,15
2026-10-03T22:45:00Z,ES,193.80,15
2026-10-03T22:45:00Z,FI,8.77,15
2026-10-03T22:45:00Z,FR,182.08,15
2026-10-03T22:45:00Z,GR,204.50,15
2026-10-03T22:45:00Z,HR,198.95,15
2026-10-03T22:45:00Z,HU,206.80,15
2026-10-03T22:45:00Z,IT-CNorth,206.44,15
2026-10-03T22:45:00Z,IT-CSouth,206.44,15
2026-10-03T22:45:00Z,IT-North,206.44,15
2026-10-03T22:45:00Z,IT-Sardinia,206.44,15
2026-10-03T22:45:00Z,IT-South,206.44,15
2026-10-03T22:45:00Z,LT,10.00,15
2026-10-03T22:45:00Z,LV,10.00,15
2026-10-03T22:45:00Z,NL,180.87,15
2026-10-03T22:45:00Z,NO1,138.57,15
2026-10-03T22:45:00Z,NO2,156.33,15
2026-10-03T22:45:00Z,NO3,84.54,15
2026-10-03T22:45:00Z,NO4,19.53,15
2026-10-03T22:45:00Z,NO5,125.51,15
2026-10-03T22:45:00Z,PL,178.74,15
2026-10-03T22:45:00Z,PT,198.82,15
2026-10-03T22:45:00Z,RO,204.69,15
2026-10-03T22:45:00Z,SE1,8.99,15
2026-10-03T22:45:00Z,SE2,16.37,15
2026-10-03T22:45:00Z,SE3,1.78,15
2026-10-03T22:45:00Z,SE4,117.28,15
2026-10-03T22:45:00Z,SI,196.23,15
2026-10-03T22:45:00Z,SK,210.38,15
2026-10-03T23:00:00Z,AT,197.59,15
2026-10-03T23:00:00Z,BE,192.27,15
2026-10-03T23:00:00Z,CH,194.93,60
2026-10-03T23:00:00Z,CZ,187.88,15
2026-10-03T23:00:00Z,DE-LU,191.68,15
2026-10-03T23:00:00Z,DK1,191.50,15
2026-10-03T23:00:00Z,DK2,191.38,15
2026-10-03T23:00:00Z,EE,34.19,15
2026-10-03T23:00:00Z,ES,197.82,15
2026-10-03T23:00:00Z,FI,8.95,15
2026-10-03T23:00:00Z,FR,192.74,15
2026-10-03T23:00:00Z,GR,205.50,15
2026-10-03T23:00:00Z,HR,202.32,15
2026-10-03T23:00:00Z,HU,206.81,15
2026-10-03T23:00:00Z,IT-CNorth,229.19,15
2026-10-03T23:00:00Z,IT-CSouth,229.19,15
2026-10-03T23:00:00Z,IT-North,229.19,15
2026-10-03T23:00:00Z,IT-Sardinia,229.19,15
2026-10-03T23:00:00Z,IT-Sicily,362.00,15
2026-10-03T23:00:00Z,IT-South,229.19,15
2026-10-03T23:00:00Z,LT,34.19,15
2026-10-03T23:00:00Z,LV,34.19,15
2026-10-03T23:00:00Z,NL,192.05,15
2026-10-03T23:00:00Z,NO1,139.53,15
2026-10-03T23:00:00Z,NO2,156.38,15
2026-10-03T23:00:00Z,NO3,84.41,15
2026-10-03T23:00:00Z,NO4,17.86,15
2026-10-03T23:00:00Z,NO5,125.27,15
2026-10-03T23:00:00Z,PL,162.04,15
2026-10-03T23:00:00Z,RO,205.65,15
2026-10-03T23:00:00Z,RS,180.00,15
2026-10-03T23:00:00Z,SE1,9.13,15
2026-10-03T23:00:00Z,SE2,15.38,15
2026-10-03T23:00:00Z,SE3,2.72,15
2026-10-03T23:00:00Z,SE4,100.96,15
2026-10-03T23:00:00Z,SI,200.79,15
2026-10-03T23:00:00Z,SK,209.54,15
2026-10-03T23:15:00Z,AT,195.61,15
2026-10-03T23:15:00Z,BE,190.32,15
2026-10-03T23:15:00Z,CZ,185.94,15
2026-10-03T23:15:00Z,DE-LU,189.72,15
2026-10-03T23:15:00Z,DK1,189.55,15
2026-10-03T23:15:00Z,DK2,189.45,15
2026-10-03T23:15:00Z,EE,34.18,15
2026-10-03T23:15:00Z,ES,193.41,15
2026-10-03T23:15:00Z,FI,9.13,15
2026-10-03T23:15:00Z,FR,190.78,15
2026-10-03T23:15:00Z,GR,203.50,15
2026-10-03T23:15:00Z,HR,200.33,15
2026-10-03T23:15:00Z,HU,204.81,15
2026-10-03T23:15:00Z,IT-CNorth,206.44,15
2026-10-03T23:15:00Z,IT-CSouth,206.44,15
2026-10-03T23:15:00Z,IT-North,206.44,15
2026-10-03T23:15:00Z,IT-Sardinia,206.44,15
2026-10-03T23:15:00Z,IT-South,206.44,15
2026-10-03T23:15:00Z,LT,34.18,15
2026-10-03T23:15:00Z,LV,34.18,15
2026-10-03T23:15:00Z,NL,190.10,15
2026-10-03T23:15:00Z,NO1,139.56,15
2026-10-03T23:15:00Z,NO2,156.35,15
2026-10-03T23:15:00Z,NO3,84.50,15
2026-10-03T23:15:00Z,NO4,19.18,15
2026-10-03T23:15:00Z,NO5,125.19,15
2026-10-03T23:15:00Z,PL,158.52,15
2026-10-03T23:15:00Z,PT,197.40,15
2026-10-03T23:15:00Z,RO,203.65,15
2026-10-03T23:15:00Z,SE1,9.35,15
2026-10-03T23:15:00Z,SE2,16.30,15
2026-10-03T23:15:00Z,SE3,2.17,15
2026-10-03T23:15:00Z,SE4,111.24,15
2026-10-03T23:15:00Z,SI,198.81,15
2026-10-03T23:15:00Z,SK,207.52,15
2026-10-03T23:30:00Z,AT,195.11,15
2026-10-03T23:30:00Z,BE,191.23,15
2026-10-03T23:30:00Z,CZ,188.03,15
2026-10-03T23:30:00Z,DE-LU,190.80,15
2026-10-03T23:30:00Z,DK1,190.67,15
2026-10-03T23:30:00Z,DK2,190.70,15
2026-10-03T23:30:00Z,EE,25.00,15
2026-10-03T23:30:00Z,ES,191.01,15
2026-10-03T23:30:00Z,FI,8.91,15
2026-10-03T23:30:00Z,FR,191.57,15
2026-10-03T23:30:00Z,GR,200.89,15
2026-10-03T23:30:00Z,HR,198.57,15
2026-10-03T23:30:00Z,HU,201.85,15
2026-10-03T23:30:00Z,IT-Sicily,361.00,15
2026-10-03T23:30:00Z,LT,25.00,15
2026-10-03T23:30:00Z,LV,25.00,15
2026-10-03T23:30:00Z,NL,191.08,15
2026-10-03T23:30:00Z,NO1,139.61,15
2026-10-03T23:30:00Z,NO2,156.33,15
2026-10-03T23:30:00Z,NO3,84.46,15
2026-10-03T23:30:00Z,NO4,20.41,15
2026-10-03T23:30:00Z,NO5,125.14,15
2026-10-03T23:30:00Z,PL,154.14,15
2026-10-03T23:30:00Z,PT,195.00,15
2026-10-03T23:30:00Z,RO,201.00,15
2026-10-03T23:30:00Z,SE1,9.16,15
2026-10-03T23:30:00Z,SE2,17.02,15
2026-10-03T23:30:00Z,SE3,0.99,15
2026-10-03T23:30:00Z,SE4,123.97,15
2026-10-03T23:30:00Z,SI,197.45,15
2026-10-03T23:30:00Z,SK,203.84,15
2026-10-03T23:45:00Z,AT,187.67,15
2026-10-03T23:45:00Z,BE,182.73,15
2026-10-03T23:45:00Z,CZ,178.65,15
2026-10-03T23:45:00Z,DE-LU,182.18,15
2026-10-03T23:45:00Z,DK1,182.02,15
2026-10-03T23:45:00Z,DK2,181.96,15
2026-10-03T23:45:00Z,EE,34.18,15
2026-10-03T23:45:00Z,ES,180.00,15
2026-10-03T23:45:00Z,FI,9.37,15
2026-10-03T23:45:00Z,FR,183.16,15
2026-10-03T23:45:00Z,GR,195.01,15
2026-10-03T23:45:00Z,HR,192.06,15
2026-10-03T23:45:00Z,HU,196.23,15
2026-10-03T23:45:00Z,IT-CNorth,197.93,15
2026-10-03T23:45:00Z,IT-CSouth,197.93,15
2026-10-03T23:45:00Z,IT-North,197.93,15
2026-10-03T23:45:00Z,IT-Sardinia,197.93,15
2026-10-03T23:45:00Z,IT-South,197.93,15
2026-10-03T23:45:00Z,LT,34.18,15
2026-10-03T23:45:00Z,LV,34.18,15
2026-10-03T23:45:00Z,NL,182.53,15
2026-10-03T23:45:00Z,NO1,139.53,15
2026-10-03T23:45:00Z,NO2,156.30,15
2026-10-03T23:45:00Z,NO3,84.57,15
2026-10-03T23:45:00Z,NO4,20.22,15
2026-10-03T23:45:00Z,NO5,125.07,15
2026-10-03T23:45:00Z,PL,155.40,15
2026-10-03T23:45:00Z,PT,190.13,15
2026-10-03T23:45:00Z,RO,195.15,15
2026-10-03T23:45:00Z,SE1,9.60,15
2026-10-03T23:45:00Z,SE2,17.06,15
2026-10-03T23:45:00Z,SE3,1.88,15
2026-10-03T23:45:00Z,SE4,118.66,15
2026-10-03T23:45:00Z,SI,190.64,15
2026-10-03T23:45:00Z,SK,198.76,15
