timestamp_utc,zone,price_eur_mwh,resolution_min
2026-05-06T00:00:00Z,AT,117.12,15
2026-05-06T00:00:00Z,BE,113.06,15
2026-05-06T00:00:00Z,CH,117.67,60
2026-05-06T00:00:00Z,CZ,110.84,15
2026-05-06T00:00:00Z,DE-LU,113.46,15
2026-05-06T00:00:00Z,DK1,113.46,15
2026-05-06T00:00:00Z,DK2,112.69,15
2026-05-06T00:00:00Z,EE,37.19,15
2026-05-06T00:00:00Z,ES,115.19,15
2026-05-06T00:00:00Z,FI,37.18,15
2026-05-06T00:00:00Z,FR,110.54,15
2026-05-06T00:00:00Z,GR,151.75,15
2026-05-06T00:00:00Z,HR,129.45,15
2026-05-06T00:00:00Z,HU,145.58,15
2026-05-06T00:00:00Z,IT-CNorth,123.93,15
2026-05-06T00:00:00Z,IT-CSouth,123.93,15
2026-05-06T00:00:00Z,IT-North,123.93,15
2026-05-06T00:00:00Z,IT-Sardinia,123.93,15
2026-05-06T00:00:00Z,IT-Sicily,123.93,15
2026-05-06T00:00:00Z,IT-South,123.93,15
2026-05-06T00:00:00Z,LT,113.25,15
2026-05-06T00:00:00Z,LV,113.25,15
2026-05-06T00:00:00Z,NL,113.32,15
2026-05-06T00:00:00Z,NO1,109.97,15
2026-05-06T00:00:00Z,NO2,109.90,15
2026-05-06T00:00:00Z,NO3,73.13,15
2026-05-06T00:00:00Z,NO4,27.61,15
2026-05-06T00:00:00Z,NO5,105.37,15
2026-05-06T00:00:00Z,PL,112.55,15
2026-05-06T00:00:00Z,PT,110.54,15
2026-05-06T00:00:00Z,RO,151.75,15
2026-05-06T00:00:00Z,RS,102.01,15
2026-05-06T00:00:00Z,SE1,36.97,15
2026-05-06T00:00:00Z,SE2,40.39,15
2026-05-06T00:00:00Z,SE3,76.13,15
2026-05-06T00:00:00Z,SE4,112.87,15
2026-05-06T00:00:00Z,SI,123.93,15
2026-05-06T00:00:00Z,SK,103.19,15
2026-05-06T00:15:00Z,AT,117.40,15
2026-05-06T00:15:00Z,BE,110.51,15
2026-05-06T00:15:00Z,CZ,111.05,15
2026-05-06T00:15:00Z,DE-LU,113.01,15
2026-05-06T00:15:00Z,DK1,113.01,15
2026-05-06T00:15:00Z,DK2,111.97,15
2026-05-06T00:15:00Z,EE,36.79,15
2026-05-06T00:15:00Z,ES,115.01,15
2026-05-06T00:15:00Z,FI,36.79,15
2026-05-06T00:15:00Z,FR,102.22,15
2026-05-06T00:15:00Z,GR,150.02,15
2026-05-06T00:15:00Z,HR,129.11,15
2026-05-06T00:15:00Z,HU,144.15,15
2026-05-06T00:15:00Z,LT,112.59,15
2026-05-06T00:15:00Z,LV,112.59,15
2026-05-06T00:15:00Z,NL,111.95,15
2026-05-06T00:15:00Z,NO1,109.53,15
2026-05-06T00:15:00Z,NO2,109.45,15
2026-05-06T00:15:00Z,NO3,70.57,15
2026-05-06T00:15:00Z,NO4,30.47,15
2026-05-06T00:15:00Z,NO5,104.62,15
2026-05-06T00:15:00Z,PL,112.59,15
2026-05-06T00:15:00Z,PT,108.84,15
2026-05-06T00:15:00Z,RO,150.02,15
2026-05-06T00:15:00Z,SE1,36.64,15
2026-05-06T00:15:00Z,SE2,38.99,15
2026-05-06T00:15:00Z,SE3,75.00,15
2026-05-06T00:15:00Z,SE4,112.17,15
2026-05-06T00:15:00Z,SK,103.93,15
2026-05-06T00:30:00Z,AT,117.95,15
2026-05-06T00:30:00Z,BE,108.17,15
2026-05-06T00:30:00Z,CZ,111.40,15
2026-05-06T00:30:00Z,DE-LU,112.76,15
2026-05-06T00:30:00Z,DK1,112.76,15
2026-05-06T00:30:00Z,DK2,112.23,15
2026-05-06T00:30:00Z,EE,40.37,15
2026-05-06T00:30:00Z,ES,114.14,15
2026-05-06T00:30:00Z,FI,40.37,15
2026-05-06T00:30:00Z,FR,94.09,15
2026-05-06T00:30:00Z,GR,149.37,15
2026-05-06T00:30:00Z,HR,129.33,15
2026-05-06T00:30:00Z,HU,143.64,15
2026-05-06T00:30:00Z,IT-CNorth,124.36,15
2026-05-06T00:30:00Z,IT-CSouth,124.36,15
2026-05-06T00:30:00Z,IT-North,124.36,15
2026-05-06T00:30:00Z,IT-Sardinia,124.36,15
2026-05-06T00:30:00Z,IT-Sicily,124.36,15
2026-05-06T00:30:00Z,IT-South,124.36,15
2026-05-06T00:30:00Z,LT,112.81,15
2026-05-06T00:30:00Z,LV,112.81,15
2026-05-06T00:30:00Z,NL,110.79,15
2026-05-06T00:30:00Z,NO1,109.30,15
2026-05-06T00:30:00Z,NO2,109.22,15
2026-05-06T00:30:00Z,NO3,72.86,15
2026-05-06T00:30:00Z,NO4,33.56,15
2026-05-06T00:30:00Z,NO5,104.68,15
2026-05-06T00:30:00Z,PL,112.81,15
2026-05-06T00:30:00Z,PT,108.00,15
2026-05-06T00:30:00Z,RO,149.37,15
2026-05-06T00:30:00Z,SE1,40.22,15
2026-05-06T00:30:00Z,SE2,42.71,15
2026-05-06T00:30:00Z,SE3,77.03,15
2026-05-06T00:30:00Z,SE4,112.42,15
2026-05-06T00:30:00Z,SI,124.36,15
2026-05-06T00:30:00Z,SK,104.62,15
2026-05-06T00:45:00Z,AT,118.19,15
2026-05-06T00:45:00Z,BE,109.03,15
2026-05-06T00:45:00Z,CZ,112.28,15
2026-05-06T00:45:00Z,DE-LU,113.43,15
2026-05-06T00:45:00Z,DK1,113.43,15
2026-05-06T00:45:00Z,DK2,112.92,15
2026-05-06T00:45:00Z,EE,42.51,15
2026-05-06T00:45:00Z,ES,113.94,15
2026-05-06T00:45:00Z,FI,42.51,15
2026-05-06T00:45:00Z,FR,95.63,15
2026-05-06T00:45:00Z,GR,146.25,15
2026-05-06T00:45:00Z,HR,128.37,15
2026-05-06T00:45:00Z,HU,141.13,15
2026-05-06T00:45:00Z,IT-CNorth,123.93,15
2026-05-06T00:45:00Z,IT-CSouth,123.93,15
2026-05-06T00:45:00Z,IT-North,123.93,15
2026-05-06T00:45:00Z,IT-Sardinia,123.93,15
2026-05-06T00:45:00Z,IT-Sicily,123.93,15
2026-05-06T00:45:00Z,IT-South,123.93,15
2026-05-06T00:45:00Z,LT,113.53,15
2026-05-06T00:45:00Z,LV,113.53,15
2026-05-06T00:45:00Z,NL,111.53,15
2026-05-06T00:45:00Z,NO1,109.94,15
2026-05-06T00:45:00Z,NO2,109.86,15
2026-05-06T00:45:00Z,NO3,73.11,15
2026-05-06T00:45:00Z,NO4,37.61,15
2026-05-06T00:45:00Z,NO5,105.23,15
2026-05-06T00:45:00Z,PL,113.53,15
2026-05-06T00:45:00Z,PT,107.29,15
2026-05-06T00:45:00Z,RO,146.25,15
2026-05-06T00:45:00Z,SE1,42.40,15
2026-05-06T00:45:00Z,SE2,44.27,15
2026-05-06T00:45:00Z,SE3,78.12,15
2026-05-06T00:45:00Z,SE4,113.12,15
2026-05-06T00:45:00Z,SI,123.93,15
2026-05-06T00:45:00Z,SK,106.24,15
2026-05-06T01:00:00Z,AT,116.76,15
2026-05-06T01:00:00Z,BE,111.52,15
2026-05-06T01:00:00Z,CH,118.70,60
2026-05-06T01:00:00Z,CZ,110.03,15
2026-05-06T01:00:00Z,DE-LU,112.61,15
2026-05-06T01:00:00Z,DK1,112.61,15
2026-05-06T01:00:00Z,DK2,111.90,15
2026-05-06T01:00:00Z,EE,34.74,15
2026-05-06T01:00:00Z,ES,114.14,15
2026-05-06T01:00:00Z,FI,34.74,15
2026-05-06T01:00:00Z,FR,106.86,15
2026-05-06T01:00:00Z,GR,153.06,15
2026-05-06T01:00:00Z,HR,129.78,15
2026-05-06T01:00:00Z,HU,146.73,15
2026-05-06T01:00:00Z,LT,112.47,15
2026-05-06T01:00:00Z,LV,112.47,15
2026-05-06T01:00:00Z,NL,112.18,15
2026-05-06T01:00:00Z,NO1,109.13,15
2026-05-06T01:00:00Z,NO2,109.08,15
2026-05-06T01:00:00Z,NO3,71.08,15
2026-05-06T01:00:00Z,NO4,24.50,15
2026-05-06T01:00:00Z,NO5,104.45,15
2026-05-06T01:00:00Z,PL,111.80,15
2026-05-06T01:00:00Z,PT,107.50,15
2026-05-06T01:00:00Z,RO,153.06,15
2026-05-06T01:00:00Z,RS,101.05,15
2026-05-06T01:00:00Z,SE1,34.54,15
2026-05-06T01:00:00Z,SE2,37.99,15
2026-05-06T01:00:00Z,SE3,74.79,15
2026-05-06T01:00:00Z,SE4,112.08,15
2026-05-06T01:00:00Z,SK,101.66,15
2026-05-06T01:15:00Z,AT,117.88,15
2026-05-06T01:15:00Z,BE,109.19,15
2026-05-06T01:15:00Z,CZ,111.07,15
2026-05-06T01:15:00Z,DE-LU,112.83,15
2026-05-06T01:15:00Z,DK1,112.83,15
2026-05-06T01:15:00Z,DK2,112.01,15
2026-05-06T01:15:00Z,EE,112.63,15
2026-05-06T01:15:00Z,ES,113.94,15
2026-05-06T01:15:00Z,FI,36.16,15
2026-05-06T01:15:00Z,FR,97.33,15
2026-05-06T01:15:00Z,GR,151.67,15
2026-05-06T01:15:00Z,HR,130.12,15
2026-05-06T01:15:00Z,HU,145.70,15
2026-05-06T01:15:00Z,IT-CNorth,124.69,15
2026-05-06T01:15:00Z,IT-CSouth,124.69,15
2026-05-06T01:15:00Z,IT-North,124.69,15
2026-05-06T01:15:00Z,IT-Sardinia,124.69,15
2026-05-06T01:15:00Z,IT-Sicily,124.69,15
2026-05-06T01:15:00Z,IT-South,124.69,15
2026-05-06T01:15:00Z,LT,112.63,15
2026-05-06T01:15:00Z,LV,112.63,15
2026-05-06T01:15:00Z,NL,111.29,15
2026-05-06T01:15:00Z,NO1,109.34,15
2026-05-06T01:15:00Z,NO2,109.28,15
2026-05-06T01:15:00Z,NO3,69.88,15
2026-05-06T01:15:00Z,NO4,29.27,15
2026-05-06T01:15:00Z,NO5,104.42,15
2026-05-06T01:15:00Z,PL,112.63,15
2026-05-06T01:15:00Z,PT,107.22,15
2026-05-06T01:15:00Z,RO,151.67,15
2026-05-06T01:15:00Z,SE1,36.02,15
2026-05-06T01:15:00Z,SE2,38.43,15
2026-05-06T01:15:00Z,SE3,75.00,15
2026-05-06T01:15:00Z,SE4,112.21,15
2026-05-06T01:15:00Z,SI,124.69,15
2026-05-06T01:15:00Z,SK,103.39,15
2026-05-06T01:30:00Z,AT,119.38,15
2026-05-06T01:30:00Z,BE,110.31,15
2026-05-06T01:30:00Z,CZ,110.91,15
2026-05-06T01:30:00Z,DE-LU,113.54,15
2026-05-06T01:30:00Z,DK1,113.54,15
2026-05-06T01:30:00Z,DK2,112.43,15
2026-05-06T01:30:00Z,EE,112.97,15
2026-05-06T01:30:00Z,ES,114.35,15
2026-05-06T01:30:00Z,FI,42.76,15
2026-05-06T01:30:00Z,FR,99.23,15
2026-05-06T01:30:00Z,GR,162.94,15
2026-05-06T01:30:00Z,HR,135.09,15
2026-05-06T01:30:00Z,HU,155.29,15
2026-05-06T01:30:00Z,IT-CNorth,129.97,15
2026-05-06T01:30:00Z,IT-CSouth,129.97,15
2026-05-06T01:30:00Z,IT-North,129.97,15
2026-05-06T01:30:00Z,IT-Sardinia,129.97,15
2026-05-06T01:30:00Z,IT-Sicily,129.97,15
2026-05-06T01:30:00Z,IT-South,129.97,15
2026-05-06T01:30:00Z,LT,112.97,15
2026-05-06T01:30:00Z,LV,112.97,15
2026-05-06T01:30:00Z,NL,112.19,15
2026-05-06T01:30:00Z,NO1,110.05,15
2026-05-06T01:30:00Z,NO2,110.00,15
2026-05-06T01:30:00Z,NO3,74.93,15
2026-05-06T01:30:00Z,NO4,34.62,15
2026-05-06T01:30:00Z,NO5,105.71,15
2026-05-06T01:30:00Z,PL,112.97,15
2026-05-06T01:30:00Z,PT,109.20,15
2026-05-06T01:30:00Z,RO,162.94,15
2026-05-06T01:30:00Z,SE1,42.60,15
2026-05-06T01:30:00Z,SE2,45.37,15
2026-05-06T01:30:00Z,SE3,78.74,15
2026-05-06T01:30:00Z,SE4,112.60,15
2026-05-06T01:30:00Z,SI,128.09,15
2026-05-06T01:30:00Z,SK,100.95,15
2026-05-06T01:45:00Z,AT,119.73,15
2026-05-06T01:45:00Z,BE,107.95,15
2026-05-06T01:45:00Z,CZ,110.77,15
2026-05-06T01:45:00Z,DE-LU,113.00,15
2026-05-06T01:45:00Z,DK1,113.00,15
2026-05-06T01:45:00Z,DK2,112.25,15
2026-05-06T01:45:00Z,EE,112.81,15
2026-05-06T01:45:00Z,ES,113.52,15
2026-05-06T01:45:00Z,FI,46.32,15
2026-05-06T01:45:00Z,FR,91.59,15
2026-05-06T01:45:00Z,GR,163.94,15
2026-05-06T01:45:00Z,HR,135.76,15
2026-05-06T01:45:00Z,HU,156.12,15
2026-05-06T01:45:00Z,IT-CNorth,129.59,15
2026-05-06T01:45:00Z,IT-CSouth,129.59,15
2026-05-06T01:45:00Z,IT-North,129.59,15
2026-05-06T01:45:00Z,IT-Sardinia,129.59,15
2026-05-06T01:45:00Z,IT-Sicily,129.59,15
2026-05-06T01:45:00Z,IT-South,129.59,15
2026-05-06T01:45:00Z,LT,112.81,15
2026-05-06T01:45:00Z,LV,112.81,15
2026-05-06T01:45:00Z,NL,110.86,15
2026-05-06T01:45:00Z,NO1,109.53,15
2026-05-06T01:45:00Z,NO2,109.48,15
2026-05-06T01:45:00Z,NO3,75.10,15
2026-05-06T01:45:00Z,NO4,40.85,15
2026-05-06T01:45:00Z,NO5,105.21,15
2026-05-06T01:45:00Z,PL,112.81,15
2026-05-06T01:45:00Z,RO,163.94,15
2026-05-06T01:45:00Z,SE1,46.21,15
2026-05-06T01:45:00Z,SE2,48.15,15
2026-05-06T01:45:00Z,SE3,80.00,15
2026-05-06T01:45:00Z,SE4,112.43,15
2026-05-06T01:45:00Z,SI,128.67,15
2026-05-06T01:45:00Z,SK,100.73,15
2026-05-06T02:00:00Z,AT,120.35,15
2026-05-06T02:00:00Z,BE,107.69,15
2026-05-06T02:00:00Z,CH,121.06,60
2026-05-06T02:00:00Z,CZ,110.43,15
2026-05-06T02:00:00Z,DE-LU,112.99,15
2026-05-06T02:00:00Z,DK1,112.99,15
2026-05-06T02:00:00Z,DK2,112.72,15
2026-05-06T02:00:00Z,EE,112.71,15
2026-05-06T02:00:00Z,ES,112.87,15
2026-05-06T02:00:00Z,FI,32.00,15
2026-05-06T02:00:00Z,FR,90.20,15
2026-05-06T02:00:00Z,GR,169.64,15
2026-05-06T02:00:00Z,HR,138.11,15
2026-05-06T02:00:00Z,HU,160.93,15
2026-05-06T02:00:00Z,IT-CNorth,130.29,15
2026-05-06T02:00:00Z,IT-CSouth,130.29,15
2026-05-06T02:00:00Z,IT-North,130.29,15
2026-05-06T02:00:00Z,IT-Sardinia,130.29,15
2026-05-06T02:00:00Z,IT-Sicily,130.29,15
2026-05-06T02:00:00Z,IT-South,130.29,15
2026-05-06T02:00:00Z,LT,112.71,15
2026-05-06T02:00:00Z,LV,112.71,15
2026-05-06T02:00:00Z,NL,110.56,15
2026-05-06T02:00:00Z,NO1,109.44,15
2026-05-06T02:00:00Z,NO2,109.40,15
2026-05-06T02:00:00Z,NO3,66.18,15
2026-05-06T02:00:00Z,NO4,25.40,15
2026-05-06T02:00:00Z,NO5,103.91,15
2026-05-06T02:00:00Z,PL,112.71,15
2026-05-06T02:00:00Z,PT,108.84,15
2026-05-06T02:00:00Z,RO,169.64,15
2026-05-06T02:00:00Z,RS,113.00,15
2026-05-06T02:00:00Z,SE1,31.86,15
2026-05-06T02:00:00Z,SE2,34.07,15
2026-05-06T02:00:00Z,SE3,73.13,15
2026-05-06T02:00:00Z,SE4,112.72,15
2026-05-06T02:00:00Z,SI,130.29,15
2026-05-06T02:00:00Z,SK,99.61,15
2026-05-06T02:15:00Z,AT,119.84,15
2026-05-06T02:15:00Z,BE,107.93,15
2026-05-06T02:15:00Z,CZ,109.90,15
2026-05-06T02:15:00Z,DE-LU,112.66,15
2026-05-06T02:15:00Z,DK1,112.66,15
2026-05-06T02:15:00Z,DK2,112.24,15
2026-05-06T02:15:00Z,EE,112.23,15
2026-05-06T02:15:00Z,ES,113.21,15
2026-05-06T02:15:00Z,FI,39.93,15
2026-05-06T02:15:00Z,FR,92.06,15
2026-05-06T02:15:00Z,GR,169.94,15
2026-05-06T02:15:00Z,HR,137.87,15
2026-05-06T02:15:00Z,HU,161.10,15
2026-05-06T02:15:00Z,IT-CNorth,129.91,15
2026-05-06T02:15:00Z,IT-CSouth,129.91,15
2026-05-06T02:15:00Z,IT-North,129.91,15
2026-05-06T02:15:00Z,IT-Sardinia,129.91,15
2026-05-06T02:15:00Z,IT-Sicily,129.91,15
2026-05-06T02:15:00Z,IT-South,129.91,15
2026-05-06T02:15:00Z,LT,112.23,15
2026-05-06T02:15:00Z,LV,112.23,15
2026-05-06T02:15:00Z,NL,110.50,15
2026-05-06T02:15:00Z,NO1,109.21,15
2026-05-06T02:15:00Z,NO2,109.18,15
2026-05-06T02:15:00Z,NO3,68.83,15
2026-05-06T02:15:00Z,NO4,36.57,15
2026-05-06T02:15:00Z,NO5,104.00,15
2026-05-06T02:15:00Z,PL,112.23,15
2026-05-06T02:15:00Z,PT,109.20,15
2026-05-06T02:15:00Z,RO,169.94,15
2026-05-06T02:15:00Z,SE1,39.86,15
2026-05-06T02:15:00Z,SE2,41.05,15
2026-05-06T02:15:00Z,SE3,76.38,15
2026-05-06T02:15:00Z,SE4,112.24,15
2026-05-06T02:15:00Z,SI,129.91,15
2026-05-06T02:15:00Z,SK,98.87,15
2026-05-06T02:30:00Z,AT,120.10,15
2026-05-06T02:30:00Z,BE,111.16,15
2026-05-06T02:30:00Z,CZ,110.28,15
2026-05-06T02:30:00Z,DE-LU,113.72,15
2026-05-06T02:30:00Z,DK1,113.72,15
2026-05-06T02:30:00Z,DK2,112.77,15
2026-05-06T02:30:00Z,EE,112.76,15
2026-05-06T02:30:00Z,ES,113.48,15
2026-05-06T02:30:00Z,FI,50.94,15
2026-05-06T02:30:00Z,FR,101.51,15
2026-05-06T02:30:00Z,GR,171.94,15
2026-05-06T02:30:00Z,HR,138.65,15
2026-05-06T02:30:00Z,HU,162.87,15
2026-05-06T02:30:00Z,IT-CNorth,130.39,15
2026-05-06T02:30:00Z,IT-CSouth,130.39,15
2026-05-06T02:30:00Z,IT-North,130.39,15
2026-05-06T02:30:00Z,IT-Sardinia,130.39,15
2026-05-06T02:30:00Z,IT-Sicily,130.39,15
2026-05-06T02:30:00Z,IT-South,130.39,15
2026-05-06T02:30:00Z,LT,112.76,15
2026-05-06T02:30:00Z,LV,112.76,15
2026-05-06T02:30:00Z,NL,112.58,15
2026-05-06T02:30:00Z,NO1,110.14,15
2026-05-06T02:30:00Z,NO2,110.11,15
2026-05-06T02:30:00Z,NO3,78.14,15
2026-05-06T02:30:00Z,NO4,44.24,15
2026-05-06T02:30:00Z,NO5,106.07,15
2026-05-06T02:30:00Z,PL,112.77,15
2026-05-06T02:30:00Z,RO,171.94,15
2026-05-06T02:30:00Z,SE1,50.80,15
2026-05-06T02:30:00Z,SE2,53.00,15
2026-05-06T02:30:00Z,SE3,82.70,15
2026-05-06T02:30:00Z,SE4,112.77,15
2026-05-06T02:30:00Z,SI,130.39,15
2026-05-06T02:30:00Z,SK,98.78,15
2026-05-06T02:45:00Z,AT,120.38,15
2026-05-06T02:45:00Z,BE,111.10,15
2026-05-06T02:45:00Z,CZ,110.73,15
2026-05-06T02:45:00Z,DE-LU,113.99,15
2026-05-06T02:45:00Z,DK1,113.99,15
2026-05-06T02:45:00Z,DK2,113.16,15
2026-05-06T02:45:00Z,EE,113.15,15
2026-05-06T02:45:00Z,ES,113.21,15
2026-05-06T02:45:00Z,FI,59.46,15
2026-05-06T02:45:00Z,FR,100.57,15
2026-05-06T02:45:00Z,GR,170.94,15
2026-05-06T02:45:00Z,HR,138.49,15
2026-05-06T02:45:00Z,HU,162.08,15
2026-05-06T02:45:00Z,IT-CNorth,130.44,15
2026-05-06T02:45:00Z,IT-CSouth,130.44,15
2026-05-06T02:45:00Z,IT-North,130.44,15
2026-05-06T02:45:00Z,IT-Sardinia,130.44,15
2026-05-06T02:45:00Z,IT-Sicily,130.44,15
2026-05-06T02:45:00Z,IT-South,130.44,15
2026-05-06T02:45:00Z,LT,113.15,15
2026-05-06T02:45:00Z,LV,113.15,15
2026-05-06T02:45:00Z,NL,112.69,15
2026-05-06T02:45:00Z,NO1,110.40,15
2026-05-06T02:45:00Z,NO2,110.38,15
2026-05-06T02:45:00Z,NO3,81.70,15
2026-05-06T02:45:00Z,NO4,55.40,15
2026-05-06T02:45:00Z,NO5,106.69,15
2026-05-06T02:45:00Z,PL,113.15,15
2026-05-06T02:45:00Z,RO,170.94,15
2026-05-06T02:45:00Z,SE1,59.38,15
2026-05-06T02:45:00Z,SE2,60.75,15
2026-05-06T02:45:00Z,SE3,86.78,15
2026-05-06T02:45:00Z,SE4,113.15,15
2026-05-06T02:45:00Z,SI,130.44,15
2026-05-06T02:45:00Z,SK,99.53,15
2026-05-06T03:00:00Z,AT,120.72,15
2026-05-06T03:00:00Z,BE,107.35,15
2026-05-06T03:00:00Z,CH,125.00,60
2026-05-06T03:00:00Z,CZ,110.15,15
2026-05-06T03:00:00Z,DE-LU,112.56,15
2026-05-06T03:00:00Z,DK1,112.56,15
2026-05-06T03:00:00Z,DK2,112.28,15
2026-05-06T03:00:00Z,EE,110.89,15
2026-05-06T03:00:00Z,ES,113.48,15
2026-05-06T03:00:00Z,FI,46.76,15
2026-05-06T03:00:00Z,FR,90.53,15
2026-05-06T03:00:00Z,GR,174.94,15
2026-05-06T03:00:00Z,HR,140.85,15
2026-05-06T03:00:00Z,HU,165.31,15
2026-05-06T03:00:00Z,IT-CNorth,128.22,15
2026-05-06T03:00:00Z,IT-CSouth,128.22,15
2026-05-06T03:00:00Z,IT-North,128.22,15
2026-05-06T03:00:00Z,IT-Sardinia,128.22,15
2026-05-06T03:00:00Z,IT-Sicily,128.22,15
2026-05-06T03:00:00Z,IT-South,128.22,15
2026-05-06T03:00:00Z,LT,110.89,15
2026-05-06T03:00:00Z,LV,110.89,15
2026-05-06T03:00:00Z,NL,110.24,15
2026-05-06T03:00:00Z,NO1,110.07,15
2026-05-06T03:00:00Z,NO2,110.06,15
2026-05-06T03:00:00Z,NO3,67.18,15
2026-05-06T03:00:00Z,NO4,50.77,15
2026-05-06T03:00:00Z,NO5,104.37,15
2026-05-06T03:00:00Z,PL,110.89,15
2026-05-06T03:00:00Z,RO,174.94,15
2026-05-06T03:00:00Z,RS,124.04,15
2026-05-06T03:00:00Z,SE1,46.86,15
2026-05-06T03:00:00Z,SE2,45.55,15
2026-05-06T03:00:00Z,SE3,79.95,15
2026-05-06T03:00:00Z,SE4,111.85,15
2026-05-06T03:00:00Z,SI,131.67,15
2026-05-06T03:00:00Z,SK,98.03,15
2026-05-06T03:15:00Z,AT,124.37,15
2026-05-06T03:15:00Z,BE,109.30,15
2026-05-06T03:15:00Z,CZ,113.76,15
2026-05-06T03:15:00Z,DE-LU,116.12,15
2026-05-06T03:15:00Z,DK1,116.12,15
2026-05-06T03:15:00Z,DK2,115.05,15
2026-05-06T03:15:00Z,EE,114.25,15
2026-05-06T03:15:00Z,ES,113.20,15
2026-05-06T03:15:00Z,FI,65.62,15
2026-05-06T03:15:00Z,FR,88.16,15
2026-05-06T03:15:00Z,GR,175.94,15
2026-05-06T03:15:00Z,HR,143.56,15
2026-05-06T03:15:00Z,HU,166.64,15
2026-05-06T03:15:00Z,IT-CNorth,134.15,15
2026-05-06T03:15:00Z,IT-CSouth,134.15,15
2026-05-06T03:15:00Z,IT-North,134.15,15
2026-05-06T03:15:00Z,IT-Sardinia,134.15,15
2026-05-06T03:15:00Z,IT-Sicily,134.15,15
2026-05-06T03:15:00Z,IT-South,134.15,15
2026-05-06T03:15:00Z,LT,114.25,15
2026-05-06T03:15:00Z,LV,114.25,15
2026-05-06T03:15:00Z,NL,113.07,15
2026-05-06T03:15:00Z,NO1,112.79,15
2026-05-06T03:15:00Z,NO2,112.78,15
2026-05-06T03:15:00Z,NO3,81.48,15
2026-05-06T03:15:00Z,NO4,67.91,15
2026-05-06T03:15:00Z,NO5,108.65,15
2026-05-06T03:15:00Z,PL,115.91,15
2026-05-06T03:15:00Z,PT,108.01,15
2026-05-06T03:15:00Z,RO,175.94,15
2026-05-06T03:15:00Z,SE1,65.68,15
2026-05-06T03:15:00Z,SE2,64.96,15
2026-05-06T03:15:00Z,SE3,90.62,15
2026-05-06T03:15:00Z,SE4,114.80,15
2026-05-06T03:15:00Z,SI,134.85,15
2026-05-06T03:15:00Z,SK,102.43,15
2026-05-06T03:30:00Z,AT,125.86,15
2026-05-06T03:30:00Z,BE,117.29,15
2026-05-06T03:30:00Z,CZ,116.97,15
2026-05-06T03:30:00Z,DE-LU,119.09,15
2026-05-06T03:30:00Z,DK1,119.09,15
2026-05-06T03:30:00Z,DK2,116.94,15
2026-05-06T03:30:00Z,EE,115.99,15
2026-05-06T03:30:00Z,ES,114.36,15
2026-05-06T03:30:00Z,FI,78.90,15
2026-05-06T03:30:00Z,FR,110.00,15
2026-05-06T03:30:00Z,GR,176.15,15
2026-05-06T03:30:00Z,HR,144.46,15
2026-05-06T03:30:00Z,HU,167.45,15
2026-05-06T03:30:00Z,IT-CNorth,135.82,15
2026-05-06T03:30:00Z,IT-CSouth,135.82,15
2026-05-06T03:30:00Z,IT-North,135.82,15
2026-05-06T03:30:00Z,IT-Sardinia,135.82,15
2026-05-06T03:30:00Z,IT-Sicily,135.82,15
2026-05-06T03:30:00Z,IT-South,135.82,15
2026-05-06T03:30:00Z,LT,115.99,15
2026-05-06T03:30:00Z,LV,115.99,15
2026-05-06T03:30:00Z,NL,118.32,15
2026-05-06T03:30:00Z,NO1,116.02,15
2026-05-06T03:30:00Z,NO2,116.01,15
2026-05-06T03:30:00Z,NO3,90.58,15
2026-05-06T03:30:00Z,NO4,81.53,15
2026-05-06T03:30:00Z,NO5,112.63,15
2026-05-06T03:30:00Z,PL,115.25,15
2026-05-06T03:30:00Z,PT,110.00,15
2026-05-06T03:30:00Z,RO,176.15,15
2026-05-06T03:30:00Z,SE1,78.97,15
2026-05-06T03:30:00Z,SE2,78.09,15
2026-05-06T03:30:00Z,SE3,98.21,15
2026-05-06T03:30:00Z,SE4,116.64,15
2026-05-06T03:30:00Z,SI,135.93,15
2026-05-06T03:30:00Z,SK,105.42,15
2026-05-06T03:45:00Z,AT,134.87,15
2026-05-06T03:45:00Z,BE,115.52,15
2026-05-06T03:45:00Z,CZ,126.23,15
2026-05-06T03:45:00Z,DE-LU,125.13,15
2026-05-06T03:45:00Z,DK1,125.13,15
2026-05-06T03:45:00Z,DK2,122.20,15
2026-05-06T03:45:00Z,EE,122.21,15
2026-05-06T03:45:00Z,ES,112.36,15
2026-05-06T03:45:00Z,FI,92.95,15
2026-05-06T03:45:00Z,FR,86.51,15
2026-05-06T03:45:00Z,GR,175.94,15
2026-05-06T03:45:00Z,HR,150.49,15
2026-05-06T03:45:00Z,HU,168.71,15
2026-05-06T03:45:00Z,IT-CNorth,143.60,15
2026-05-06T03:45:00Z,IT-CSouth,143.60,15
2026-05-06T03:45:00Z,IT-North,143.60,15
2026-05-06T03:45:00Z,IT-Sardinia,143.60,15
2026-05-06T03:45:00Z,IT-Sicily,143.60,15
2026-05-06T03:45:00Z,IT-South,143.60,15
2026-05-06T03:45:00Z,LT,122.21,15
2026-05-06T03:45:00Z,LV,122.21,15
2026-05-06T03:45:00Z,NL,120.81,15
2026-05-06T03:45:00Z,NO1,119.51,15
2026-05-06T03:45:00Z,NO2,119.50,15
2026-05-06T03:45:00Z,NO3,101.71,15
2026-05-06T03:45:00Z,NO4,95.07,15
2026-05-06T03:45:00Z,NO5,117.14,15
2026-05-06T03:45:00Z,PL,122.21,15
2026-05-06T03:45:00Z,PT,110.78,15
2026-05-06T03:45:00Z,RO,175.94,15
2026-05-06T03:45:00Z,SE1,92.99,15
2026-05-06T03:45:00Z,SE2,92.45,15
2026-05-06T03:45:00Z,SE3,107.51,15
2026-05-06T03:45:00Z,SE4,122.20,15
2026-05-06T03:45:00Z,SI,143.60,15
2026-05-06T03:45:00Z,SK,116.94,15
2026-05-06T04:00:00Z,AT,123.93,15
2026-05-06T04:00:00Z,BE,119.52,15
2026-05-06T04:00:00Z,CH,135.28,60
2026-05-06T04:00:00Z,CZ,116.75,15
2026-05-06T04:00:00Z,DE-LU,120.60,15
2026-05-06T04:00:00Z,DK1,120.60,15
2026-05-06T04:00:00Z,DK2,121.02,15
2026-05-06T04:00:00Z,EE,119.13,15
2026-05-06T04:00:00Z,ES,112.01,15
2026-05-06T04:00:00Z,FI,49.99,15
2026-05-06T04:00:00Z,FR,114.86,15
2026-05-06T04:00:00Z,GR,177.94,15
2026-05-06T04:00:00Z,HR,144.32,15
2026-05-06T04:00:00Z,HU,169.05,15
2026-05-06T04:00:00Z,IT-CNorth,123.93,15
2026-05-06T04:00:00Z,IT-CSouth,123.93,15
2026-05-06T04:00:00Z,IT-North,123.93,15
2026-05-06T04:00:00Z,IT-Sardinia,123.93,15
2026-05-06T04:00:00Z,IT-Sicily,123.93,15
2026-05-06T04:00:00Z,IT-South,123.93,15
2026-05-06T04:00:00Z,LT,119.13,15
2026-05-06T04:00:00Z,LV,119.13,15
2026-05-06T04:00:00Z,NL,120.10,15
2026-05-06T04:00:00Z,NO1,119.55,15
2026-05-06T04:00:00Z,NO2,119.54,15
2026-05-06T04:00:00Z,NO3,71.61,15
2026-05-06T04:00:00Z,NO4,54.83,15
2026-05-06T04:00:00Z,NO5,113.13,15
2026-05-06T04:00:00Z,PL,119.13,15
2026-05-06T04:00:00Z,PT,114.86,15
2026-05-06T04:00:00Z,RO,177.94,15
2026-05-06T04:00:00Z,RS,140.00,15
2026-05-06T04:00:00Z,SE1,50.13,15
2026-05-06T04:00:00Z,SE2,48.44,15
2026-05-06T04:00:00Z,SE3,86.68,15
2026-05-06T04:00:00Z,SE4,120.46,15
2026-05-06T04:00:00Z,SI,135.57,15
2026-05-06T04:00:00Z,SK,105.76,15
2026-05-06T04:15:00Z,AT,133.24,15
2026-05-06T04:15:00Z,BE,126.61,15
2026-05-06T04:15:00Z,CZ,127.63,15
2026-05-06T04:15:00Z,DE-LU,129.72,15
2026-05-06T04:15:00Z,DK1,129.72,15
2026-05-06T04:15:00Z,DK2,128.64,15
2026-05-06T04:15:00Z,EE,128.68,15
2026-05-06T04:15:00Z,ES,109.18,15
2026-05-06T04:15:00Z,FI,72.22,15
2026-05-06T04:15:00Z,FR,116.74,15
2026-05-06T04:15:00Z,GR,172.94,15
2026-05-06T04:15:00Z,HR,148.37,15
2026-05-06T04:15:00Z,HU,166.38,15
2026-05-06T04:15:00Z,IT-CNorth,135.00,15
2026-05-06T04:15:00Z,IT-CSouth,135.00,15
2026-05-06T04:15:00Z,IT-North,135.00,15
2026-05-06T04:15:00Z,IT-Sardinia,135.00,15
2026-05-06T04:15:00Z,IT-Sicily,135.00,15
2026-05-06T04:15:00Z,IT-South,135.00,15
2026-05-06T04:15:00Z,LT,128.68,15
2026-05-06T04:15:00Z,LV,128.68,15
2026-05-06T04:15:00Z,NL,128.26,15
2026-05-06T04:15:00Z,NO1,123.45,15
2026-05-06T04:15:00Z,NO2,123.44,15
2026-05-06T04:15:00Z,NO3,89.01,15
2026-05-06T04:15:00Z,NO4,76.28,15
2026-05-06T04:15:00Z,NO5,118.83,15
2026-05-06T04:15:00Z,PL,128.68,15
2026-05-06T04:15:00Z,PT,116.74,15
2026-05-06T04:15:00Z,RO,172.94,15
2026-05-06T04:15:00Z,SE1,72.31,15
2026-05-06T04:15:00Z,SE2,71.27,15
2026-05-06T04:15:00Z,SE3,100.87,15
2026-05-06T04:15:00Z,SE4,128.65,15
2026-05-06T04:15:00Z,SI,141.96,15
2026-05-06T04:15:00Z,SK,119.61,15
2026-05-06T04:30:00Z,AT,139.74,15
2026-05-06T04:30:00Z,BE,131.97,15
2026-05-06T04:30:00Z,CZ,135.85,15
2026-05-06T04:30:00Z,DE-LU,136.04,15
2026-05-06T04:30:00Z,DK1,136.04,15
2026-05-06T04:30:00Z,DK2,134.30,15
2026-05-06T04:30:00Z,EE,101.80,15
2026-05-06T04:30:00Z,ES,106.13,15
2026-05-06T04:30:00Z,FI,98.62,15
2026-05-06T04:30:00Z,FR,119.70,15
2026-05-06T04:30:00Z,GR,166.94,15
2026-05-06T04:30:00Z,HR,150.28,15
2026-05-06T04:30:00Z,HU,162.52,15
2026-05-06T04:30:00Z,IT-CNorth,145.16,15
2026-05-06T04:30:00Z,IT-CSouth,145.16,15
2026-05-06T04:30:00Z,IT-North,145.16,15
2026-05-06T04:30:00Z,IT-Sardinia,145.16,15
2026-05-06T04:30:00Z,IT-Sicily,145.16,15
2026-05-06T04:30:00Z,IT-South,145.16,15
2026-05-06T04:30:00Z,LT,134.19,15
2026-05-06T04:30:00Z,LV,134.19,15
2026-05-06T04:30:00Z,NL,134.13,15
2026-05-06T04:30:00Z,NO1,131.35,15
2026-05-06T04:30:00Z,NO2,131.35,15
2026-05-06T04:30:00Z,NO3,109.27,15
2026-05-06T04:30:00Z,NO4,101.17,15
2026-05-06T04:30:00Z,NO5,128.39,15
2026-05-06T04:30:00Z,PL,134.19,15
2026-05-06T04:30:00Z,PT,119.70,15
2026-05-06T04:30:00Z,RO,166.94,15
2026-05-06T04:30:00Z,SE1,98.68,15
2026-05-06T04:30:00Z,SE2,97.99,15
2026-05-06T04:30:00Z,SE3,116.78,15
2026-05-06T04:30:00Z,SE4,134.27,15
2026-05-06T04:30:00Z,SI,145.92,15
2026-05-06T04:30:00Z,SK,130.26,15
2026-05-06T04:45:00Z,AT,142.55,15
2026-05-06T04:45:00Z,BE,133.52,15
2026-05-06T04:45:00Z,CZ,141.70,15
2026-05-06T04:45:00Z,DE-LU,138.20,15
2026-05-06T04:45:00Z,DK1,138.20,15
2026-05-06T04:45:00Z,DK2,135.71,15
2026-05-06T04:45:00Z,EE,123.70,15
2026-05-06T04:45:00Z,ES,113.48,15
2026-05-06T04:45:00Z,FI,123.70,15
2026-05-06T04:45:00Z,GR,151.84,15
2026-05-06T04:45:00Z,HR,146.58,15
2026-05-06T04:45:00Z,HU,150.69,15
2026-05-06T04:45:00Z,LT,132.82,15
2026-05-06T04:45:00Z,LV,132.82,15
2026-05-06T04:45:00Z,NL,135.99,15
2026-05-06T04:45:00Z,NO1,131.57,15
2026-05-06T04:45:00Z,NO2,131.57,15
2026-05-06T04:45:00Z,NO3,126.35,15
2026-05-06T04:45:00Z,NO4,124.37,15
2026-05-06T04:45:00Z,NO5,130.87,15
2026-05-06T04:45:00Z,PL,132.82,15
2026-05-06T04:45:00Z,RO,151.84,15
2026-05-06T04:45:00Z,SE1,123.71,15
2026-05-06T04:45:00Z,SE2,123.57,15
2026-05-06T04:45:00Z,SE3,128.24,15
2026-05-06T04:45:00Z,SE4,132.74,15
2026-05-06T04:45:00Z,SI,145.16,15
2026-05-06T04:45:00Z,SK,139.33,15
2026-05-06T05:00:00Z,AT,153.18,15
2026-05-06T05:00:00Z,BE,142.89,15
2026-05-06T05:00:00Z,CH,150.00,60
2026-05-06T05:00:00Z,CZ,151.91,15
2026-05-06T05:00:00Z,DE-LU,150.10,15
2026-05-06T05:00:00Z,DK1,150.10,15
2026-05-06T05:00:00Z,DK2,151.62,15
2026-05-06T05:00:00Z,EE,110.12,15
2026-05-06T05:00:00Z,ES,116.81,15
2026-05-06T05:00:00Z,FI,110.12,15
2026-05-06T05:00:00Z,FR,122.00,15
2026-05-06T05:00:00Z,GR,152.86,15
2026-05-06T05:00:00Z,HR,153.45,15
2026-05-06T05:00:00Z,HU,152.71,15
2026-05-06T05:00:00Z,IT-CNorth,153.60,15
2026-05-06T05:00:00Z,IT-CSouth,153.60,15
2026-05-06T05:00:00Z,IT-North,153.60,15
2026-05-06T05:00:00Z,IT-Sardinia,153.60,15
2026-05-06T05:00:00Z,IT-Sicily,153.60,15
2026-05-06T05:00:00Z,IT-South,153.60,15
2026-05-06T05:00:00Z,LT,151.62,15
2026-05-06T05:00:00Z,LV,151.62,15
2026-05-06T05:00:00Z,NL,146.75,15
2026-05-06T05:00:00Z,NO1,148.13,15
2026-05-06T05:00:00Z,NO2,148.12,15
2026-05-06T05:00:00Z,NO3,124.55,15
2026-05-06T05:00:00Z,NO4,110.08,15
2026-05-06T05:00:00Z,NO5,145.03,15
2026-05-06T05:00:00Z,PL,128.40,15
2026-05-06T05:00:00Z,PT,122.00,15
2026-05-06T05:00:00Z,RO,152.86,15
2026-05-06T05:00:00Z,RS,149.90,15
2026-05-06T05:00:00Z,SE1,110.12,15
2026-05-06T05:00:00Z,SE2,110.22,15
2026-05-06T05:00:00Z,SE3,131.04,15
2026-05-06T05:00:00Z,SE4,151.62,15
2026-05-06T05:00:00Z,SI,153.60,15
2026-05-06T05:00:00Z,SK,152.28,15
2026-05-06T05:15:00Z,AT,152.70,15
2026-05-06T05:15:00Z,BE,143.57,15
2026-05-06T05:15:00Z,CZ,151.57,15
2026-05-06T05:15:00Z,DE-LU,149.96,15
2026-05-06T05:15:00Z,DK1,149.96,15
2026-05-06T05:15:00Z,DK2,149.55,15
2026-05-06T05:15:00Z,EE,115.50,15
2026-05-06T05:15:00Z,ES,122.01,15
2026-05-06T05:15:00Z,FI,115.50,15
2026-05-06T05:15:00Z,FR,125.01,15
2026-05-06T05:15:00Z,GR,152.42,15
2026-05-06T05:15:00Z,HR,152.94,15
2026-05-06T05:15:00Z,HU,152.29,15
2026-05-06T05:15:00Z,IT-CNorth,153.08,15
2026-05-06T05:15:00Z,IT-CSouth,153.08,15
2026-05-06T05:15:00Z,IT-North,153.08,15
2026-05-06T05:15:00Z,IT-Sardinia,153.08,15
2026-05-06T05:15:00Z,IT-Sicily,153.08,15
2026-05-06T05:15:00Z,IT-South,153.08,15
2026-05-06T05:15:00Z,LT,150.01,15
2026-05-06T05:15:00Z,LV,150.01,15
2026-05-06T05:15:00Z,NL,146.99,15
2026-05-06T05:15:00Z,NO1,145.27,15
2026-05-06T05:15:00Z,NO2,145.25,15
2026-05-06T05:15:00Z,NO3,125.49,15
2026-05-06T05:15:00Z,NO4,117.99,15
2026-05-06T05:15:00Z,NO5,142.62,15
2026-05-06T05:15:00Z,PL,135.99,15
2026-05-06T05:15:00Z,PT,125.01,15
2026-05-06T05:15:00Z,RO,152.42,15
2026-05-06T05:15:00Z,SE1,115.55,15
2026-05-06T05:15:00Z,SE2,115.01,15
2026-05-06T05:15:00Z,SE3,132.44,15
2026-05-06T05:15:00Z,SE4,149.68,15
2026-05-06T05:15:00Z,SI,153.08,15
2026-05-06T05:15:00Z,SK,151.90,15
2026-05-06T05:30:00Z,AT,142.59,15
2026-05-06T05:30:00Z,BE,137.44,15
2026-05-06T05:30:00Z,CZ,141.95,15
2026-05-06T05:30:00Z,DE-LU,141.04,15
2026-05-06T05:30:00Z,DK1,141.04,15
2026-05-06T05:30:00Z,DK2,138.51,15
2026-05-06T05:30:00Z,EE,124.99,15
2026-05-06T05:30:00Z,ES,125.00,15
2026-05-06T05:30:00Z,FI,124.99,15
2026-05-06T05:30:00Z,FR,127.00,15
2026-05-06T05:30:00Z,GR,142.43,15
2026-05-06T05:30:00Z,HR,142.72,15
2026-05-06T05:30:00Z,HU,142.35,15
2026-05-06T05:30:00Z,IT-CNorth,156.48,15
2026-05-06T05:30:00Z,IT-CSouth,156.48,15
2026-05-06T05:30:00Z,IT-North,156.48,15
2026-05-06T05:30:00Z,IT-Sardinia,156.48,15
2026-05-06T05:30:00Z,IT-Sicily,156.48,15
2026-05-06T05:30:00Z,IT-South,156.48,15
2026-05-06T05:30:00Z,LT,138.51,15
2026-05-06T05:30:00Z,LV,138.51,15
2026-05-06T05:30:00Z,NL,139.37,15
2026-05-06T05:30:00Z,NO1,136.65,15
2026-05-06T05:30:00Z,NO2,136.65,15
2026-05-06T05:30:00Z,NO3,128.91,15
2026-05-06T05:30:00Z,NO4,125.97,15
2026-05-06T05:30:00Z,NO5,135.62,15
2026-05-06T05:30:00Z,PL,141.81,15
2026-05-06T05:30:00Z,PT,127.00,15
2026-05-06T05:30:00Z,RO,142.43,15
2026-05-06T05:30:00Z,SE1,125.01,15
2026-05-06T05:30:00Z,SE2,124.80,15
2026-05-06T05:30:00Z,SE3,131.63,15
2026-05-06T05:30:00Z,SE4,138.38,15
2026-05-06T05:30:00Z,SI,142.80,15
2026-05-06T05:30:00Z,SK,142.14,15
2026-05-06T05:45:00Z,AT,129.33,15
2026-05-06T05:45:00Z,BE,127.21,15
2026-05-06T05:45:00Z,CZ,129.07,15
2026-05-06T05:45:00Z,DE-LU,128.70,15
2026-05-06T05:45:00Z,DK1,128.70,15
2026-05-06T05:45:00Z,DK2,126.38,15
2026-05-06T05:45:00Z,ES,119.91,15
2026-05-06T05:45:00Z,FR,122.91,15
2026-05-06T05:45:00Z,GR,129.26,15
2026-05-06T05:45:00Z,HR,129.39,15
2026-05-06T05:45:00Z,HU,129.23,15
2026-05-06T05:45:00Z,IT-CNorth,157.12,15
2026-05-06T05:45:00Z,IT-CSouth,157.12,15
2026-05-06T05:45:00Z,IT-North,157.12,15
2026-05-06T05:45:00Z,IT-Sardinia,157.12,15
2026-05-06T05:45:00Z,IT-Sicily,157.12,15
2026-05-06T05:45:00Z,IT-South,157.12,15
2026-05-06T05:45:00Z,LT,125.49,15
2026-05-06T05:45:00Z,LV,125.49,15
2026-05-06T05:45:00Z,NL,128.01,15
2026-05-06T05:45:00Z,NO1,125.42,15
2026-05-06T05:45:00Z,NO2,125.42,15
2026-05-06T05:45:00Z,NO3,125.14,15
2026-05-06T05:45:00Z,NO4,125.03,15
2026-05-06T05:45:00Z,NO5,125.38,15
2026-05-06T05:45:00Z,PL,129.01,15
2026-05-06T05:45:00Z,PT,122.91,15
2026-05-06T05:45:00Z,RO,129.26,15
2026-05-06T05:45:00Z,SE1,124.99,15
2026-05-06T05:45:00Z,SE2,124.98,15
2026-05-06T05:45:00Z,SE3,125.23,15
2026-05-06T05:45:00Z,SE4,125.48,15
2026-05-06T05:45:00Z,SI,129.42,15
2026-05-06T05:45:00Z,SK,129.14,15
2026-05-06T06:00:00Z,AT,182.47,15
2026-05-06T06:00:00Z,BE,170.23,15
2026-05-06T06:00:00Z,CH,146.13,60
2026-05-06T06:00:00Z,CZ,180.51,15
2026-05-06T06:00:00Z,DE-LU,177.79,15
2026-05-06T06:00:00Z,DK1,177.79,15
2026-05-06T06:00:00Z,DK2,174.59,15
2026-05-06T06:00:00Z,EE,151.68,15
2026-05-06T06:00:00Z,ES,95.99,15
2026-05-06T06:00:00Z,FI,151.68,15
2026-05-06T06:00:00Z,FR,128.36,15
2026-05-06T06:00:00Z,GR,103.59,15
2026-05-06T06:00:00Z,HR,182.85,15
2026-05-06T06:00:00Z,HU,181.73,15
2026-05-06T06:00:00Z,IT-CNorth,185.65,15
2026-05-06T06:00:00Z,IT-CSouth,185.65,15
2026-05-06T06:00:00Z,IT-North,185.65,15
2026-05-06T06:00:00Z,IT-Sardinia,185.65,15
2026-05-06T06:00:00Z,IT-Sicily,185.65,15
2026-05-06T06:00:00Z,IT-South,185.65,15
2026-05-06T06:00:00Z,LT,163.95,15
2026-05-06T06:00:00Z,LV,163.95,15
2026-05-06T06:00:00Z,NL,173.09,15
2026-05-06T06:00:00Z,NO1,171.53,15
2026-05-06T06:00:00Z,NO2,171.52,15
2026-05-06T06:00:00Z,NO3,159.25,15
2026-05-06T06:00:00Z,NO4,151.61,15
2026-05-06T06:00:00Z,NO5,169.91,15
2026-05-06T06:00:00Z,PL,129.11,15
2026-05-06T06:00:00Z,PT,125.99,15
2026-05-06T06:00:00Z,RO,181.94,15
2026-05-06T06:00:00Z,RS,116.04,15
2026-05-06T06:00:00Z,SE1,151.68,15
2026-05-06T06:00:00Z,SE2,151.73,15
2026-05-06T06:00:00Z,SE3,162.38,15
2026-05-06T06:00:00Z,SE4,173.34,15
2026-05-06T06:00:00Z,SI,183.09,15
2026-05-06T06:00:00Z,SK,181.07,15
2026-05-06T06:15:00Z,AT,145.36,15
2026-05-06T06:15:00Z,BE,141.63,15
2026-05-06T06:15:00Z,CZ,144.76,15
2026-05-06T06:15:00Z,DE-LU,143.93,15
2026-05-06T06:15:00Z,DK1,143.93,15
2026-05-06T06:15:00Z,DK2,141.34,15
2026-05-06T06:15:00Z,EE,125.00,15
2026-05-06T06:15:00Z,ES,99.78,15
2026-05-06T06:15:00Z,FI,125.00,15
2026-05-06T06:15:00Z,FR,128.84,15
2026-05-06T06:15:00Z,GR,65.85,15
2026-05-06T06:15:00Z,HR,145.48,15
2026-05-06T06:15:00Z,HU,145.14,15
2026-05-06T06:15:00Z,IT-CNorth,183.37,15
2026-05-06T06:15:00Z,IT-CSouth,183.37,15
2026-05-06T06:15:00Z,IT-North,183.37,15
2026-05-06T06:15:00Z,IT-Sardinia,183.37,15
2026-05-06T06:15:00Z,IT-Sicily,183.37,15
2026-05-06T06:15:00Z,IT-South,183.37,15
2026-05-06T06:15:00Z,LT,141.33,15
2026-05-06T06:15:00Z,LV,125.00,15
2026-05-06T06:15:00Z,NL,142.50,15
2026-05-06T06:15:00Z,NO1,139.45,15
2026-05-06T06:15:00Z,NO2,139.44,15
2026-05-06T06:15:00Z,NO3,130.91,15
2026-05-06T06:15:00Z,NO4,124.54,15
2026-05-06T06:15:00Z,NO5,138.34,15
2026-05-06T06:15:00Z,PL,144.60,15
2026-05-06T06:15:00Z,PT,116.89,15
2026-05-06T06:15:00Z,RO,145.20,15
2026-05-06T06:15:00Z,SE1,124.99,15
2026-05-06T06:15:00Z,SE2,125.18,15
2026-05-06T06:15:00Z,SE3,132.96,15
2026-05-06T06:15:00Z,SE4,141.22,15
2026-05-06T06:15:00Z,SI,145.55,15
2026-05-06T06:15:00Z,SK,144.93,15
2026-05-06T06:30:00Z,AT,132.02,15
2026-05-06T06:30:00Z,BE,129.90,15
2026-05-06T06:30:00Z,CZ,131.59,15
2026-05-06T06:30:00Z,DE-LU,131.37,15
2026-05-06T06:30:00Z,DK1,131.37,15
2026-05-06T06:30:00Z,DK2,129.00,15
2026-05-06T06:30:00Z,EE,101.80,15
2026-05-06T06:30:00Z,ES,103.50,15
2026-05-06T06:30:00Z,FI,101.80,15
2026-05-06T06:30:00Z,FR,121.90,15
2026-05-06T06:30:00Z,GR,23.40,15
2026-05-06T06:30:00Z,HR,131.95,15
2026-05-06T06:30:00Z,HU,131.63,15
2026-05-06T06:30:00Z,IT-CNorth,177.70,15
2026-05-06T06:30:00Z,IT-CSouth,177.70,15
2026-05-06T06:30:00Z,IT-North,177.70,15
2026-05-06T06:30:00Z,IT-Sardinia,177.70,15
2026-05-06T06:30:00Z,IT-Sicily,177.70,15
2026-05-06T06:30:00Z,IT-South,177.70,15
2026-05-06T06:30:00Z,LT,128.55,15
2026-05-06T06:30:00Z,LV,101.80,15
2026-05-06T06:30:00Z,NL,130.45,15
2026-05-06T06:30:00Z,NO1,125.47,15
2026-05-06T06:30:00Z,NO2,125.46,15
2026-05-06T06:30:00Z,NO3,111.48,15
2026-05-06T06:30:00Z,NO4,101.04,15
2026-05-06T06:30:00Z,NO5,123.64,15
2026-05-06T06:30:00Z,PL,129.17,15
2026-05-06T06:30:00Z,PT,105.00,15
2026-05-06T06:30:00Z,RO,131.68,15
2026-05-06T06:30:00Z,SE1,101.78,15
2026-05-06T06:30:00Z,SE2,102.09,15
2026-05-06T06:30:00Z,SE3,114.84,15
2026-05-06T06:30:00Z,SE4,128.37,15
2026-05-06T06:30:00Z,SI,132.03,15
2026-05-06T06:30:00Z,SK,131.39,15
2026-05-06T06:45:00Z,AT,112.36,15
2026-05-06T06:45:00Z,BE,113.01,15
2026-05-06T06:45:00Z,CZ,112.16,15
2026-05-06T06:45:00Z,DE-LU,113.11,15
2026-05-06T06:45:00Z,DK1,113.11,15
2026-05-06T06:45:00Z,DK2,113.11,15
2026-05-06T06:45:00Z,EE,94.43,15
2026-05-06T06:45:00Z,ES,60.00,15
2026-05-06T06:45:00Z,FI,94.42,15
2026-05-06T06:45:00Z,FR,112.93,15
2026-05-06T06:45:00Z,GR,9.20,15
2026-05-06T06:45:00Z,HR,111.89,15
2026-05-06T06:45:00Z,HU,111.56,15
2026-05-06T06:45:00Z,IT-CNorth,171.64,15
2026-05-06T06:45:00Z,IT-CSouth,171.64,15
2026-05-06T06:45:00Z,IT-North,171.64,15
2026-05-06T06:45:00Z,IT-Sardinia,171.64,15
2026-05-06T06:45:00Z,IT-Sicily,171.64,15
2026-05-06T06:45:00Z,IT-South,171.64,15
2026-05-06T06:45:00Z,LT,104.78,15
2026-05-06T06:45:00Z,LV,94.43,15
2026-05-06T06:45:00Z,NL,113.02,15
2026-05-06T06:45:00Z,NO1,117.82,15
2026-05-06T06:45:00Z,NO2,117.82,15
2026-05-06T06:45:00Z,NO3,115.78,15
2026-05-06T06:45:00Z,NO4,74.80,15
2026-05-06T06:45:00Z,NO5,117.92,15
2026-05-06T06:45:00Z,PL,104.78,15
2026-05-06T06:45:00Z,PT,95.80,15
2026-05-06T06:45:00Z,RO,111.57,15
2026-05-06T06:45:00Z,SE1,94.08,15
2026-05-06T06:45:00Z,SE2,99.90,15
2026-05-06T06:45:00Z,SE3,107.66,15
2026-05-06T06:45:00Z,SE4,112.64,15
2026-05-06T06:45:00Z,SI,112.00,15
2026-05-06T06:45:00Z,SK,111.18,15
2026-05-06T07:00:00Z,AT,136.86,15
2026-05-06T07:00:00Z,BE,136.86,15
2026-05-06T07:00:00Z,CH,124.10,60
2026-05-06T07:00:00Z,CZ,136.86,15
2026-05-06T07:00:00Z,DE-LU,136.86,15
2026-05-06T07:00:00Z,DK1,136.86,15
2026-05-06T07:00:00Z,DK2,132.36,15
2026-05-06T07:00:00Z,EE,101.80,15
2026-05-06T07:00:00Z,ES,91.50,15
2026-05-06T07:00:00Z,FI,101.80,15
2026-05-06T07:00:00Z,FR,136.86,15
2026-05-06T07:00:00Z,GR,5.00,15
2026-05-06T07:00:00Z,HR,136.86,15
2026-05-06T07:00:00Z,HU,136.86,15
2026-05-06T07:00:00Z,IT-CNorth,193.50,15
2026-05-06T07:00:00Z,IT-CSouth,193.50,15
2026-05-06T07:00:00Z,IT-North,193.50,15
2026-05-06T07:00:00Z,IT-Sardinia,193.50,15
2026-05-06T07:00:00Z,IT-Sicily,193.50,15
2026-05-06T07:00:00Z,IT-South,193.50,15
2026-05-06T07:00:00Z,LT,101.80,15
2026-05-06T07:00:00Z,LV,101.80,15
2026-05-06T07:00:00Z,NL,136.86,15
2026-05-06T07:00:00Z,NO1,127.00,15
2026-05-06T07:00:00Z,NO2,126.99,15
2026-05-06T07:00:00Z,NO3,111.33,15
2026-05-06T07:00:00Z,NO4,101.77,15
2026-05-06T07:00:00Z,NO5,124.94,15
2026-05-06T07:00:00Z,PL,136.86,15
2026-05-06T07:00:00Z,PT,100.00,15
2026-05-06T07:00:00Z,RO,136.86,15
2026-05-06T07:00:00Z,RS,51.03,15
2026-05-06T07:00:00Z,SE1,101.80,15
2026-05-06T07:00:00Z,SE2,101.87,15
2026-05-06T07:00:00Z,SE3,115.41,15
2026-05-06T07:00:00Z,SE4,129.32,15
2026-05-06T07:00:00Z,SI,136.86,15
2026-05-06T07:00:00Z,SK,136.86,15
2026-05-06T07:15:00Z,AT,125.49,15
2026-05-06T07:15:00Z,BE,125.49,15
2026-05-06T07:15:00Z,CZ,125.49,15
2026-05-06T07:15:00Z,DE-LU,125.49,15
2026-05-06T07:15:00Z,DK1,125.49,15
2026-05-06T07:15:00Z,DK2,123.23,15
2026-05-06T07:15:00Z,EE,91.80,15
2026-05-06T07:15:00Z,ES,62.57,15
2026-05-06T07:15:00Z,FI,91.79,15
2026-05-06T07:15:00Z,FR,125.49,15
2026-05-06T07:15:00Z,GR,0.01,15
2026-05-06T07:15:00Z,HR,125.49,15
2026-05-06T07:15:00Z,HU,125.49,15
2026-05-06T07:15:00Z,IT-CNorth,188.15,15
2026-05-06T07:15:00Z,IT-CSouth,188.15,15
2026-05-06T07:15:00Z,IT-North,188.15,15
2026-05-06T07:15:00Z,IT-Sardinia,188.15,15
2026-05-06T07:15:00Z,IT-Sicily,188.15,15
2026-05-06T07:15:00Z,IT-South,188.15,15
2026-05-06T07:15:00Z,LT,91.80,15
2026-05-06T07:15:00Z,LV,91.80,15
2026-05-06T07:15:00Z,NL,125.49,15
2026-05-06T07:15:00Z,NO1,121.60,15
2026-05-06T07:15:00Z,NO2,121.60,15
2026-05-06T07:15:00Z,NO3,117.55,15
2026-05-06T07:15:00Z,NO4,70.88,15
2026-05-06T07:15:00Z,NO5,121.47,15
2026-05-06T07:15:00Z,PL,125.49,15
2026-05-06T07:15:00Z,PT,75.07,15
2026-05-06T07:15:00Z,RO,125.49,15
2026-05-06T07:15:00Z,SE1,91.40,15
2026-05-06T07:15:00Z,SE2,98.00,15
2026-05-06T07:15:00Z,SE3,109.80,15
2026-05-06T07:15:00Z,SE4,121.37,15
2026-05-06T07:15:00Z,SI,125.49,15
2026-05-06T07:15:00Z,SK,125.49,15
2026-05-06T07:30:00Z,AT,132.49,15
2026-05-06T07:30:00Z,BE,117.73,15
2026-05-06T07:30:00Z,CZ,107.67,15
2026-05-06T07:30:00Z,DE-LU,115.83,15
2026-05-06T07:30:00Z,DK1,115.83,15
2026-05-06T07:30:00Z,DK2,113.74,15
2026-05-06T07:30:00Z,EE,85.51,15
2026-05-06T07:30:00Z,ES,23.00,15
2026-05-06T07:30:00Z,FI,85.49,15
2026-05-06T07:30:00Z,FR,119.06,15
2026-05-06T07:30:00Z,GR,0.00,15
2026-05-06T07:30:00Z,HR,112.78,15
2026-05-06T07:30:00Z,HU,60.19,15
2026-05-06T07:30:00Z,IT-CNorth,177.70,15
2026-05-06T07:30:00Z,IT-CSouth,177.70,15
2026-05-06T07:30:00Z,IT-North,177.70,15
2026-05-06T07:30:00Z,IT-Sardinia,177.70,15
2026-05-06T07:30:00Z,IT-Sicily,177.70,15
2026-05-06T07:30:00Z,IT-South,177.70,15
2026-05-06T07:30:00Z,LT,85.51,15
2026-05-06T07:30:00Z,LV,85.51,15
2026-05-06T07:30:00Z,NL,116.53,15
2026-05-06T07:30:00Z,NO1,117.73,15
2026-05-06T07:30:00Z,NO2,117.74,15
2026-05-06T07:30:00Z,NO3,117.05,15
2026-05-06T07:30:00Z,NO4,54.37,15
2026-05-06T07:30:00Z,NO5,118.22,15
2026-05-06T07:30:00Z,PL,101.02,15
2026-05-06T07:30:00Z,PT,63.00,15
2026-05-06T07:30:00Z,RO,74.13,15
2026-05-06T07:30:00Z,SE1,84.94,15
2026-05-06T07:30:00Z,SE2,94.21,15
2026-05-06T07:30:00Z,SE3,103.42,15
2026-05-06T07:30:00Z,SE4,106.97,15
2026-05-06T07:30:00Z,SI,156.75,15
2026-05-06T07:30:00Z,SK,84.94,15
2026-05-06T07:45:00Z,AT,127.43,15
2026-05-06T07:45:00Z,BE,109.36,15
2026-05-06T07:45:00Z,CZ,97.05,15
2026-05-06T07:45:00Z,DE-LU,107.04,15
2026-05-06T07:45:00Z,DK1,107.04,15
2026-05-06T07:45:00Z,DK2,105.11,15
2026-05-06T07:45:00Z,EE,68.71,15
2026-05-06T07:45:00Z,ES,12.55,15
2026-05-06T07:45:00Z,FI,68.68,15
2026-05-06T07:45:00Z,FR,110.99,15
2026-05-06T07:45:00Z,HR,103.31,15
2026-05-06T07:45:00Z,HU,38.94,15
2026-05-06T07:45:00Z,IT-CNorth,157.12,15
2026-05-06T07:45:00Z,IT-CSouth,157.12,15
2026-05-06T07:45:00Z,IT-North,157.12,15
2026-05-06T07:45:00Z,IT-Sardinia,157.12,15
2026-05-06T07:45:00Z,IT-Sicily,157.12,15
2026-05-06T07:45:00Z,IT-South,157.12,15
2026-05-06T07:45:00Z,LT,68.71,15
2026-05-06T07:45:00Z,LV,68.71,15
2026-05-06T07:45:00Z,NL,107.90,15
2026-05-06T07:45:00Z,NO1,114.59,15
2026-05-06T07:45:00Z,NO2,114.61,15
2026-05-06T07:45:00Z,NO3,110.94,15
2026-05-06T07:45:00Z,NO4,27.94,15
2026-05-06T07:45:00Z,NO5,114.87,15
2026-05-06T07:45:00Z,PL,88.91,15
2026-05-06T07:45:00Z,PT,29.54,15
2026-05-06T07:45:00Z,RO,56.01,15
2026-05-06T07:45:00Z,SE1,67.96,15
2026-05-06T07:45:00Z,SE2,80.00,15
2026-05-06T07:45:00Z,SE3,93.68,15
2026-05-06T07:45:00Z,SE4,98.97,15
2026-05-06T07:45:00Z,SI,157.12,15
2026-05-06T07:45:00Z,SK,69.24,15
2026-05-06T08:00:00Z,AT,136.38,15
2026-05-06T08:00:00Z,BE,121.76,15
2026-05-06T08:00:00Z,CZ,109.82,15
2026-05-06T08:00:00Z,DE-LU,119.47,15
2026-05-06T08:00:00Z,DK1,119.47,15
2026-05-06T08:00:00Z,DK2,117.32,15
2026-05-06T08:00:00Z,EE,95.86,15
2026-05-06T08:00:00Z,ES,19.00,15
2026-05-06T08:00:00Z,FI,95.86,15
2026-05-06T08:00:00Z,FR,123.30,15
2026-05-06T08:00:00Z,HR,115.34,15
2026-05-06T08:00:00Z,HU,58.57,15
2026-05-06T08:00:00Z,IT-CNorth,162.71,15
2026-05-06T08:00:00Z,IT-CSouth,162.71,15
2026-05-06T08:00:00Z,IT-North,162.71,15
2026-05-06T08:00:00Z,IT-Sardinia,162.71,15
2026-05-06T08:00:00Z,IT-Sicily,162.71,15
2026-05-06T08:00:00Z,IT-South,162.71,15
2026-05-06T08:00:00Z,LT,95.86,15
2026-05-06T08:00:00Z,LV,95.86,15
2026-05-06T08:00:00Z,NL,120.28,15
2026-05-06T08:00:00Z,NO1,116.97,15
2026-05-06T08:00:00Z,NO2,116.97,15
2026-05-06T08:00:00Z,NO3,105.05,15
2026-05-06T08:00:00Z,NO4,96.01,15
2026-05-06T08:00:00Z,NO5,116.45,15
2026-05-06T08:00:00Z,PL,102.43,15
2026-05-06T08:00:00Z,PT,34.00,15
2026-05-06T08:00:00Z,RO,73.68,15
2026-05-06T08:00:00Z,RS,59.90,15
2026-05-06T08:00:00Z,SE1,95.88,15
2026-05-06T08:00:00Z,SE2,95.68,15
2026-05-06T08:00:00Z,SE3,97.99,15
2026-05-06T08:00:00Z,SE4,98.93,15
2026-05-06T08:00:00Z,SI,162.71,15
2026-05-06T08:00:00Z,SK,84.78,15
2026-05-06T08:15:00Z,AT,127.94,15
2026-05-06T08:15:00Z,BE,112.89,15
2026-05-06T08:15:00Z,CZ,98.88,15
2026-05-06T08:15:00Z,DE-LU,110.19,15
2026-05-06T08:15:00Z,DK1,110.19,15
2026-05-06T08:15:00Z,DK2,108.21,15
2026-05-06T08:15:00Z,EE,83.30,15
2026-05-06T08:15:00Z,ES,15.26,15
2026-05-06T08:15:00Z,FI,83.29,15
2026-05-06T08:15:00Z,FR,114.67,15
2026-05-06T08:15:00Z,HR,104.77,15
2026-05-06T08:15:00Z,HU,41.98,15
2026-05-06T08:15:00Z,IT-CNorth,157.12,15
2026-05-06T08:15:00Z,IT-CSouth,157.12,15
2026-05-06T08:15:00Z,IT-North,157.12,15
2026-05-06T08:15:00Z,IT-Sardinia,157.12,15
2026-05-06T08:15:00Z,IT-Sicily,157.12,15
2026-05-06T08:15:00Z,IT-South,157.12,15
2026-05-06T08:15:00Z,LT,83.30,15
2026-05-06T08:15:00Z,LV,83.30,15
2026-05-06T08:15:00Z,NL,111.17,15
2026-05-06T08:15:00Z,NO1,113.68,15
2026-05-06T08:15:00Z,NO2,113.68,15
2026-05-06T08:15:00Z,NO3,104.95,15
2026-05-06T08:15:00Z,NO4,72.80,15
2026-05-06T08:15:00Z,NO5,114.37,15
2026-05-06T08:15:00Z,PL,90.81,15
2026-05-06T08:15:00Z,PT,25.10,15
2026-05-06T08:15:00Z,RO,58.71,15
2026-05-06T08:15:00Z,SE1,83.11,15
2026-05-06T08:15:00Z,SE2,86.39,15
2026-05-06T08:15:00Z,SE3,87.03,15
2026-05-06T08:15:00Z,SE4,87.29,15
2026-05-06T08:15:00Z,SI,157.12,15
2026-05-06T08:15:00Z,SK,71.07,15
2026-05-06T08:30:00Z,AT,112.94,15
2026-05-06T08:30:00Z,BE,108.05,15
2026-05-06T08:30:00Z,CZ,81.00,15
2026-05-06T08:30:00Z,DE-LU,102.77,15
2026-05-06T08:30:00Z,DK1,102.77,15
2026-05-06T08:30:00Z,DK2,100.92,15
2026-05-06T08:30:00Z,EE,72.28,15
2026-05-06T08:30:00Z,ES,0.50,15
2026-05-06T08:30:00Z,FI,72.27,15
2026-05-06T08:30:00Z,FR,111.15,15
2026-05-06T08:30:00Z,HR,85.46,15
2026-05-06T08:30:00Z,HU,8.00,15
2026-05-06T08:30:00Z,IT-CNorth,156.48,15
2026-05-06T08:30:00Z,IT-CSouth,156.48,15
2026-05-06T08:30:00Z,IT-North,156.48,15
2026-05-06T08:30:00Z,IT-Sardinia,156.48,15
2026-05-06T08:30:00Z,IT-Sicily,156.48,15
2026-05-06T08:30:00Z,IT-South,156.48,15
2026-05-06T08:30:00Z,LT,72.28,15
2026-05-06T08:30:00Z,LV,72.28,15
2026-05-06T08:30:00Z,NL,104.84,15
2026-05-06T08:30:00Z,NO1,110.08,15
2026-05-06T08:30:00Z,NO2,110.09,15
2026-05-06T08:30:00Z,NO3,98.31,15
2026-05-06T08:30:00Z,NO4,60.70,15
2026-05-06T08:30:00Z,NO5,110.84,15
2026-05-06T08:30:00Z,PL,72.28,15
2026-05-06T08:30:00Z,PT,9.50,15
2026-05-06T08:30:00Z,RO,28.77,15
2026-05-06T08:30:00Z,SE1,72.07,15
2026-05-06T08:30:00Z,SE2,75.69,15
2026-05-06T08:30:00Z,SE3,76.40,15
2026-05-06T08:30:00Z,SE4,76.68,15
2026-05-06T08:30:00Z,SI,149.78,15
2026-05-06T08:30:00Z,SK,45.24,15
2026-05-06T08:45:00Z,AT,83.38,15
2026-05-06T08:45:00Z,BE,106.44,15
2026-05-06T08:45:00Z,CZ,67.73,15
2026-05-06T08:45:00Z,DE-LU,97.80,15
2026-05-06T08:45:00Z,EE,63.95,15
2026-05-06T08:45:00Z,ES,-0.07,15
2026-05-06T08:45:00Z,FI,63.94,15
2026-05-06T08:45:00Z,FR,94.99,15
2026-05-06T08:45:00Z,HR,65.26,15
2026-05-06T08:45:00Z,HU,5.16,15
2026-05-06T08:45:00Z,IT-CNorth,146.47,15
2026-05-06T08:45:00Z,IT-CSouth,146.47,15
2026-05-06T08:45:00Z,IT-North,146.47,15
2026-05-06T08:45:00Z,IT-Sardinia,146.47,15
2026-05-06T08:45:00Z,IT-Sicily,146.47,15
2026-05-06T08:45:00Z,IT-South,146.47,15
2026-05-06T08:45:00Z,LT,63.95,15
2026-05-06T08:45:00Z,LV,63.95,15
2026-05-06T08:45:00Z,NL,104.51,15
2026-05-06T08:45:00Z,NO1,107.99,15
2026-05-06T08:45:00Z,NO2,107.51,15
2026-05-06T08:45:00Z,NO3,94.52,15
2026-05-06T08:45:00Z,NO4,50.48,15
2026-05-06T08:45:00Z,NO5,109.52,15
2026-05-06T08:45:00Z,PL,63.95,15
2026-05-06T08:45:00Z,PT,3.08,15
2026-05-06T08:45:00Z,RO,21.57,15
2026-05-06T08:45:00Z,SE1,63.71,15
2026-05-06T08:45:00Z,SE2,67.92,15
2026-05-06T08:45:00Z,SE3,68.73,15
2026-05-06T08:45:00Z,SE4,69.04,15
2026-05-06T08:45:00Z,SI,114.12,15
2026-05-06T08:45:00Z,SK,36.85,15
2026-05-06T09:00:00Z,AT,116.41,15
2026-05-06T09:00:00Z,BE,115.72,15
2026-05-06T09:00:00Z,CH,127.40,60
2026-05-06T09:00:00Z,CZ,90.75,15
2026-05-06T09:00:00Z,DE-LU,111.00,15
2026-05-06T09:00:00Z,DK1,111.00,15
2026-05-06T09:00:00Z,DK2,109.01,15
2026-05-06T09:00:00Z,EE,83.20,15
2026-05-06T09:00:00Z,ES,0.00,15
2026-05-06T09:00:00Z,FI,83.20,15
2026-05-06T09:00:00Z,FR,118.53,15
2026-05-06T09:00:00Z,HR,95.73,15
2026-05-06T09:00:00Z,HU,25.01,15
2026-05-06T09:00:00Z,IT-CNorth,157.12,15
2026-05-06T09:00:00Z,IT-CSouth,145.16,15
2026-05-06T09:00:00Z,IT-North,157.12,15
2026-05-06T09:00:00Z,IT-Sardinia,145.16,15
2026-05-06T09:00:00Z,IT-Sicily,145.16,15
2026-05-06T09:00:00Z,IT-South,145.16,15
2026-05-06T09:00:00Z,LT,83.20,15
2026-05-06T09:00:00Z,LV,83.20,15
2026-05-06T09:00:00Z,NL,112.93,15
2026-05-06T09:00:00Z,NO1,110.72,15
2026-05-06T09:00:00Z,NO2,110.73,15
2026-05-06T09:00:00Z,NO3,103.75,15
2026-05-06T09:00:00Z,NO4,72.13,15
2026-05-06T09:00:00Z,NO5,111.50,15
2026-05-06T09:00:00Z,PL,83.20,15
2026-05-06T09:00:00Z,PT,2.00,15
2026-05-06T09:00:00Z,RO,44.12,15
2026-05-06T09:00:00Z,RS,59.92,15
2026-05-06T09:00:00Z,SE1,82.98,15
2026-05-06T09:00:00Z,SE2,86.58,15
2026-05-06T09:00:00Z,SE3,87.28,15
2026-05-06T09:00:00Z,SE4,87.56,15
2026-05-06T09:00:00Z,SI,152.33,15
2026-05-06T09:00:00Z,SK,58.75,15
2026-05-06T09:15:00Z,AT,123.47,15
2026-05-06T09:15:00Z,BE,104.90,15
2026-05-06T09:15:00Z,CZ,93.36,15
2026-05-06T09:15:00Z,DE-LU,102.73,15
2026-05-06T09:15:00Z,DK1,102.73,15
2026-05-06T09:15:00Z,DK2,100.89,15
2026-05-06T09:15:00Z,EE,77.67,15
2026-05-06T09:15:00Z,ES,-0.07,15
2026-05-06T09:15:00Z,FI,77.66,15
2026-05-06T09:15:00Z,FR,106.41,15
2026-05-06T09:15:00Z,HR,100.43,15
2026-05-06T09:15:00Z,HU,39.92,15
2026-05-06T09:15:00Z,LT,77.67,15
2026-05-06T09:15:00Z,LV,77.67,15
2026-05-06T09:15:00Z,NL,103.53,15
2026-05-06T09:15:00Z,NO1,108.50,15
2026-05-06T09:15:00Z,NO2,108.44,15
2026-05-06T09:15:00Z,NO3,97.67,15
2026-05-06T09:15:00Z,NO4,70.01,15
2026-05-06T09:15:00Z,NO5,109.12,15
2026-05-06T09:15:00Z,PL,85.61,15
2026-05-06T09:15:00Z,PT,1.49,15
2026-05-06T09:15:00Z,RO,56.15,15
2026-05-06T09:15:00Z,SE1,77.51,15
2026-05-06T09:15:00Z,SE2,80.00,15
2026-05-06T09:15:00Z,SE3,80.48,15
2026-05-06T09:15:00Z,SE4,80.68,15
2026-05-06T09:15:00Z,SI,149.15,15
2026-05-06T09:15:00Z,SK,67.40,15
2026-05-06T09:30:00Z,AT,112.95,15
2026-05-06T09:30:00Z,BE,105.33,15
2026-05-06T09:30:00Z,CZ,90.69,15
2026-05-06T09:30:00Z,DE-LU,102.57,15
2026-05-06T09:30:00Z,DK1,102.57,15
2026-05-06T09:30:00Z,DK2,100.72,15
2026-05-06T09:30:00Z,EE,84.16,15
2026-05-06T09:30:00Z,ES,1.50,15
2026-05-06T09:30:00Z,FI,84.15,15
2026-05-06T09:30:00Z,FR,107.06,15
2026-05-06T09:30:00Z,HR,95.50,15
2026-05-06T09:30:00Z,HU,43.04,15
2026-05-06T09:30:00Z,IT-CNorth,156.48,15
2026-05-06T09:30:00Z,IT-North,156.48,15
2026-05-06T09:30:00Z,LT,84.58,15
2026-05-06T09:30:00Z,LV,84.16,15
2026-05-06T09:30:00Z,NL,103.66,15
2026-05-06T09:30:00Z,NO1,107.13,15
2026-05-06T09:30:00Z,NO2,105.83,15
2026-05-06T09:30:00Z,NO3,96.88,15
2026-05-06T09:30:00Z,NO4,82.87,15
2026-05-06T09:30:00Z,NO5,109.03,15
2026-05-06T09:30:00Z,PL,84.58,15
2026-05-06T09:30:00Z,PT,1.09,15
2026-05-06T09:30:00Z,RO,57.16,15
2026-05-06T09:30:00Z,SE1,84.13,15
2026-05-06T09:30:00Z,SE2,84.56,15
2026-05-06T09:30:00Z,SE3,84.58,15
2026-05-06T09:30:00Z,SE4,84.58,15
2026-05-06T09:30:00Z,SI,137.60,15
2026-05-06T09:30:00Z,SK,67.51,15
2026-05-06T09:45:00Z,AT,50.57,15
2026-05-06T09:45:00Z,BE,107.26,15
2026-05-06T09:45:00Z,CZ,70.03,15
2026-05-06T09:45:00Z,DE-LU,100.18,15
2026-05-06T09:45:00Z,DK1,100.18,15
2026-05-06T09:45:00Z,DK2,98.37,15
2026-05-06T09:45:00Z,EE,72.29,15
2026-05-06T09:45:00Z,ES,1.00,15
2026-05-06T09:45:00Z,FI,72.28,15
2026-05-06T09:45:00Z,FR,110.76,15
2026-05-06T09:45:00Z,HR,62.39,15
2026-05-06T09:45:00Z,HU,45.00,15
2026-05-06T09:45:00Z,IT-CNorth,147.00,15
2026-05-06T09:45:00Z,IT-North,147.00,15
2026-05-06T09:45:00Z,LT,72.29,15
2026-05-06T09:45:00Z,LV,72.29,15
2026-05-06T09:45:00Z,NL,103.35,15
2026-05-06T09:45:00Z,NO1,105.77,15
2026-05-06T09:45:00Z,NO2,103.64,15
2026-05-06T09:45:00Z,NO3,91.10,15
2026-05-06T09:45:00Z,NO4,70.17,15
2026-05-06T09:45:00Z,NO5,108.89,15
2026-05-06T09:45:00Z,PL,72.29,15
2026-05-06T09:45:00Z,PT,1.00,15
2026-05-06T09:45:00Z,RO,50.10,15
2026-05-06T09:45:00Z,SE1,72.24,15
2026-05-06T09:45:00Z,SE2,72.94,15
2026-05-06T09:45:00Z,SE3,72.98,15
2026-05-06T09:45:00Z,SE4,72.99,15
2026-05-06T09:45:00Z,SI,75.36,15
2026-05-06T09:45:00Z,SK,57.70,15
2026-05-06T10:00:00Z,AT,118.93,15
2026-05-06T10:00:00Z,BE,101.76,15
2026-05-06T10:00:00Z,CH,126.10,60
2026-05-06T10:00:00Z,CZ,91.09,15
2026-05-06T10:00:00Z,DE-LU,99.79,15
2026-05-06T10:00:00Z,DK1,99.79,15
2026-05-06T10:00:00Z,DK2,97.99,15
2026-05-06T10:00:00Z,EE,80.72,15
2026-05-06T10:00:00Z,ES,0.84,15
2026-05-06T10:00:00Z,FI,80.71,15
2026-05-06T10:00:00Z,FR,103.16,15
2026-05-06T10:00:00Z,HR,96.93,15
2026-05-06T10:00:00Z,HU,41.73,15
2026-05-06T10:00:00Z,IT-CNorth,156.48,15
2026-05-06T10:00:00Z,IT-North,156.48,15
2026-05-06T10:00:00Z,LT,84.00,15
2026-05-06T10:00:00Z,LV,80.72,15
2026-05-06T10:00:00Z,NL,100.81,15
2026-05-06T10:00:00Z,NO1,104.75,15
2026-05-06T10:00:00Z,NO2,102.70,15
2026-05-06T10:00:00Z,NO3,99.24,15
2026-05-06T10:00:00Z,NO4,71.51,15
2026-05-06T10:00:00Z,NO5,108.33,15
2026-05-06T10:00:00Z,PL,84.00,15
2026-05-06T10:00:00Z,PT,2.00,15
2026-05-06T10:00:00Z,RO,56.72,15
2026-05-06T10:00:00Z,RS,50.06,15
2026-05-06T10:00:00Z,SE1,80.53,15
2026-05-06T10:00:00Z,SE2,83.45,15
2026-05-06T10:00:00Z,SE3,83.91,15
2026-05-06T10:00:00Z,SE4,84.08,15
2026-05-06T10:00:00Z,SI,142.67,15
2026-05-06T10:00:00Z,SK,67.45,15
2026-05-06T10:15:00Z,AT,112.99,15
2026-05-06T10:15:00Z,BE,102.91,15
2026-05-06T10:15:00Z,CZ,85.90,15
2026-05-06T10:15:00Z,DE-LU,99.72,15
2026-05-06T10:15:00Z,DK1,99.72,15
2026-05-06T10:15:00Z,DK2,97.92,15
2026-05-06T10:15:00Z,EE,78.51,15
2026-05-06T10:15:00Z,ES,0.00,15
2026-05-06T10:15:00Z,FI,78.50,15
2026-05-06T10:15:00Z,FR,104.94,15
2026-05-06T10:15:00Z,HR,91.16,15
2026-05-06T10:15:00Z,HU,28.54,15
2026-05-06T10:15:00Z,LT,78.51,15
2026-05-06T10:15:00Z,LV,78.51,15
2026-05-06T10:15:00Z,NL,101.45,15
2026-05-06T10:15:00Z,NO1,104.96,15
2026-05-06T10:15:00Z,NO2,102.92,15
2026-05-06T10:15:00Z,NO3,95.61,15
2026-05-06T10:15:00Z,NO4,73.51,15
2026-05-06T10:15:00Z,NO5,108.24,15
2026-05-06T10:15:00Z,PL,78.51,15
2026-05-06T10:15:00Z,RO,45.60,15
2026-05-06T10:15:00Z,SE1,78.41,15
2026-05-06T10:15:00Z,SE2,79.99,15
2026-05-06T10:15:00Z,SE3,80.20,15
2026-05-06T10:15:00Z,SE4,80.28,15
2026-05-06T10:15:00Z,SI,142.91,15
2026-05-06T10:15:00Z,SK,58.41,15
2026-05-06T10:30:00Z,AT,79.24,15
2026-05-06T10:30:00Z,BE,109.20,15
2026-05-06T10:30:00Z,CZ,78.47,15
2026-05-06T10:30:00Z,DE-LU,103.31,15
2026-05-06T10:30:00Z,DK1,103.31,15
2026-05-06T10:30:00Z,DK2,101.45,15
2026-05-06T10:30:00Z,EE,76.01,15
2026-05-06T10:30:00Z,FI,76.00,15
2026-05-06T10:30:00Z,FR,112.34,15
2026-05-06T10:30:00Z,HR,76.70,15
2026-05-06T10:30:00Z,HU,34.22,15
2026-05-06T10:30:00Z,IT-CNorth,146.47,15
2026-05-06T10:30:00Z,IT-CSouth,145.00,15
2026-05-06T10:30:00Z,IT-North,146.47,15
2026-05-06T10:30:00Z,IT-Sardinia,145.00,15
2026-05-06T10:30:00Z,IT-Sicily,145.00,15
2026-05-06T10:30:00Z,IT-South,145.00,15
2026-05-06T10:30:00Z,LT,76.01,15
2026-05-06T10:30:00Z,LV,76.01,15
2026-05-06T10:30:00Z,NL,106.70,15
2026-05-06T10:30:00Z,NO1,106.85,15
2026-05-06T10:30:00Z,NO2,106.40,15
2026-05-06T10:30:00Z,NO3,98.28,15
2026-05-06T10:30:00Z,NO4,64.76,15
2026-05-06T10:30:00Z,NO5,108.27,15
2026-05-06T10:30:00Z,PL,76.01,15
2026-05-06T10:30:00Z,RO,46.04,15
2026-05-06T10:30:00Z,SE1,75.78,15
2026-05-06T10:30:00Z,SE2,79.33,15
2026-05-06T10:30:00Z,SE3,79.99,15
2026-05-06T10:30:00Z,SE4,80.25,15
2026-05-06T10:30:00Z,SI,111.24,15
2026-05-06T10:30:00Z,SK,57.20,15
2026-05-06T10:45:00Z,AT,48.83,15
2026-05-06T10:45:00Z,BE,103.91,15
2026-05-06T10:45:00Z,CZ,71.01,15
2026-05-06T10:45:00Z,DE-LU,97.55,15
2026-05-06T10:45:00Z,DK1,97.55,15
2026-05-06T10:45:00Z,DK2,95.79,15
2026-05-06T10:45:00Z,EE,77.75,15
2026-05-06T10:45:00Z,ES,-0.50,15
2026-05-06T10:45:00Z,FI,77.74,15
2026-05-06T10:45:00Z,FR,107.01,15
2026-05-06T10:45:00Z,HR,63.74,15
2026-05-06T10:45:00Z,HU,52.02,15
2026-05-06T10:45:00Z,IT-CNorth,144.00,15
2026-05-06T10:45:00Z,IT-CSouth,143.99,15
2026-05-06T10:45:00Z,IT-North,144.00,15
2026-05-06T10:45:00Z,IT-Sardinia,143.99,15
2026-05-06T10:45:00Z,IT-Sicily,143.99,15
2026-05-06T10:45:00Z,IT-South,143.99,15
2026-05-06T10:45:00Z,LT,77.75,15
2026-05-06T10:45:00Z,LV,77.75,15
2026-05-06T10:45:00Z,NL,101.30,15
2026-05-06T10:45:00Z,NO1,103.70,15
2026-05-06T10:45:00Z,NO2,100.92,15
2026-05-06T10:45:00Z,NO3,96.68,15
2026-05-06T10:45:00Z,NO4,70.00,15
2026-05-06T10:45:00Z,NO5,108.22,15
2026-05-06T10:45:00Z,PL,73.58,15
2026-05-06T10:45:00Z,RO,55.59,15
2026-05-06T10:45:00Z,SE1,77.59,15
2026-05-06T10:45:00Z,SE2,80.05,15
2026-05-06T10:45:00Z,SE3,80.38,15
2026-05-06T10:45:00Z,SE4,80.51,15
2026-05-06T10:45:00Z,SI,72.55,15
2026-05-06T10:45:00Z,SK,61.80,15
2026-05-06T11:00:00Z,AT,119.95,15
2026-05-06T11:00:00Z,BE,99.48,15
2026-05-06T11:00:00Z,CH,124.10,60
2026-05-06T11:00:00Z,CZ,82.27,15
2026-05-06T11:00:00Z,DE-LU,96.30,15
2026-05-06T11:00:00Z,DK1,96.30,15
2026-05-06T11:00:00Z,DK2,94.57,15
2026-05-06T11:00:00Z,EE,73.59,15
2026-05-06T11:00:00Z,ES,-0.07,15
2026-05-06T11:00:00Z,FI,73.59,15
2026-05-06T11:00:00Z,FR,101.58,15
2026-05-06T11:00:00Z,HR,89.24,15
2026-05-06T11:00:00Z,HU,18.41,15
2026-05-06T11:00:00Z,IT-CNorth,146.47,15
2026-05-06T11:00:00Z,IT-CSouth,123.00,15
2026-05-06T11:00:00Z,IT-North,146.47,15
2026-05-06T11:00:00Z,IT-Sardinia,123.00,15
2026-05-06T11:00:00Z,IT-Sicily,123.00,15
2026-05-06T11:00:00Z,IT-South,123.00,15
2026-05-06T11:00:00Z,LT,73.59,15
2026-05-06T11:00:00Z,LV,73.59,15
2026-05-06T11:00:00Z,NL,97.57,15
2026-05-06T11:00:00Z,NO1,102.77,15
2026-05-06T11:00:00Z,NO2,99.37,15
2026-05-06T11:00:00Z,NO3,91.84,15
2026-05-06T11:00:00Z,NO4,70.02,15
2026-05-06T11:00:00Z,NO5,107.63,15
2026-05-06T11:00:00Z,PL,73.59,15
2026-05-06T11:00:00Z,RO,37.78,15
2026-05-06T11:00:00Z,RS,50.07,15
2026-05-06T11:00:00Z,SE1,73.52,15
2026-05-06T11:00:00Z,SE2,74.66,15
2026-05-06T11:00:00Z,SE3,74.72,15
2026-05-06T11:00:00Z,SE4,74.74,15
2026-05-06T11:00:00Z,SI,146.47,15
2026-05-06T11:00:00Z,SK,52.06,15
2026-05-06T11:15:00Z,AT,112.92,15
2026-05-06T11:15:00Z,BE,99.99,15
2026-05-06T11:15:00Z,CZ,81.97,15
2026-05-06T11:15:00Z,DE-LU,91.64,15
2026-05-06T11:15:00Z,DK1,91.64,15
2026-05-06T11:15:00Z,DK2,89.99,15
2026-05-06T11:15:00Z,EE,78.04,15
2026-05-06T11:15:00Z,ES,2.42,15
2026-05-06T11:15:00Z,FI,78.04,15
2026-05-06T11:15:00Z,FR,92.57,15
2026-05-06T11:15:00Z,HR,87.86,15
2026-05-06T11:15:00Z,HU,32.03,15
2026-05-06T11:15:00Z,IT-CSouth,124.76,15
2026-05-06T11:15:00Z,IT-Sardinia,124.76,15
2026-05-06T11:15:00Z,IT-Sicily,124.76,15
2026-05-06T11:15:00Z,IT-South,124.76,15
2026-05-06T11:15:00Z,LT,78.04,15
2026-05-06T11:15:00Z,LV,78.04,15
2026-05-06T11:15:00Z,NL,92.95,15
2026-05-06T11:15:00Z,NO1,99.91,15
2026-05-06T11:15:00Z,NO2,94.55,15
2026-05-06T11:15:00Z,NO3,95.33,15
2026-05-06T11:15:00Z,NO4,71.91,15
2026-05-06T11:15:00Z,NO5,107.61,15
2026-05-06T11:15:00Z,PL,74.90,15
2026-05-06T11:15:00Z,PT,2.20,15
2026-05-06T11:15:00Z,RO,47.27,15
2026-05-06T11:15:00Z,SE1,77.91,15
2026-05-06T11:15:00Z,SE2,79.88,15
2026-05-06T11:15:00Z,SE3,79.99,15
2026-05-06T11:15:00Z,SE4,80.04,15
2026-05-06T11:15:00Z,SI,133.12,15
2026-05-06T11:15:00Z,SK,58.37,15
2026-05-06T11:30:00Z,AT,74.72,15
2026-05-06T11:30:00Z,BE,110.00,15
2026-05-06T11:30:00Z,CZ,71.37,15
2026-05-06T11:30:00Z,DE-LU,85.62,15
2026-05-06T11:30:00Z,DK1,85.62,15
2026-05-06T11:30:00Z,DK2,84.08,15
2026-05-06T11:30:00Z,EE,79.93,15
2026-05-06T11:30:00Z,ES,5.59,15
2026-05-06T11:30:00Z,FI,79.92,15
2026-05-06T11:30:00Z,FR,81.44,15
2026-05-06T11:30:00Z,HR,69.45,15
2026-05-06T11:30:00Z,HU,49.12,15
2026-05-06T11:30:00Z,IT-CNorth,151.06,15
2026-05-06T11:30:00Z,IT-CSouth,119.94,15
2026-05-06T11:30:00Z,IT-North,151.06,15
2026-05-06T11:30:00Z,IT-Sardinia,119.94,15
2026-05-06T11:30:00Z,IT-Sicily,119.94,15
2026-05-06T11:30:00Z,IT-South,119.94,15
2026-05-06T11:30:00Z,LT,79.93,15
2026-05-06T11:30:00Z,LV,79.93,15
2026-05-06T11:30:00Z,NL,88.75,15
2026-05-06T11:30:00Z,NO1,96.27,15
2026-05-06T11:30:00Z,NO2,88.34,15
2026-05-06T11:30:00Z,NO3,96.39,15
2026-05-06T11:30:00Z,NO4,72.94,15
2026-05-06T11:30:00Z,NO5,107.51,15
2026-05-06T11:30:00Z,PL,70.42,15
2026-05-06T11:30:00Z,PT,2.00,15
2026-05-06T11:30:00Z,RO,54.85,15
2026-05-06T11:30:00Z,SE1,79.78,15
2026-05-06T11:30:00Z,SE2,82.04,15
2026-05-06T11:30:00Z,SE3,82.08,15
2026-05-06T11:30:00Z,SE4,82.09,15
2026-05-06T11:30:00Z,SI,85.78,15
2026-05-06T11:30:00Z,SK,60.82,15
2026-05-06T11:45:00Z,AT,32.53,15
2026-05-06T11:45:00Z,BE,110.52,15
2026-05-06T11:45:00Z,CZ,55.38,15
2026-05-06T11:45:00Z,DE-LU,83.80,15
2026-05-06T11:45:00Z,DK1,83.80,15
2026-05-06T11:45:00Z,DK2,82.29,15
2026-05-06T11:45:00Z,EE,81.93,15
2026-05-06T11:45:00Z,ES,5.41,15
2026-05-06T11:45:00Z,FI,81.93,15
2026-05-06T11:45:00Z,FR,85.00,15
2026-05-06T11:45:00Z,HR,44.78,15
2026-05-06T11:45:00Z,HU,46.41,15
2026-05-06T11:45:00Z,IT-CNorth,147.00,15
2026-05-06T11:45:00Z,IT-North,147.00,15
2026-05-06T11:45:00Z,LT,81.93,15
2026-05-06T11:45:00Z,LV,81.93,15
2026-05-06T11:45:00Z,NL,88.54,15
2026-05-06T11:45:00Z,NO1,95.31,15
2026-05-06T11:45:00Z,NO2,86.45,15
2026-05-06T11:45:00Z,NO3,93.86,15
2026-05-06T11:45:00Z,NO4,80.73,15
2026-05-06T11:45:00Z,NO5,107.44,15
2026-05-06T11:45:00Z,PL,60.01,15
2026-05-06T11:45:00Z,RO,46.43,15
2026-05-06T11:45:00Z,SE1,81.90,15
2026-05-06T11:45:00Z,SE2,82.34,15
2026-05-06T11:45:00Z,SE3,81.99,15
2026-05-06T11:45:00Z,SE4,81.85,15
2026-05-06T11:45:00Z,SI,42.64,15
2026-05-06T11:45:00Z,SK,50.97,15
2026-05-06T12:00:00Z,AT,98.20,15
2026-05-06T12:00:00Z,BE,87.65,15
2026-05-06T12:00:00Z,CH,123.75,60
2026-05-06T12:00:00Z,CZ,77.39,15
2026-05-06T12:00:00Z,DE-LU,85.74,15
2026-05-06T12:00:00Z,DK1,85.74,15
2026-05-06T12:00:00Z,DK2,84.20,15
2026-05-06T12:00:00Z,EE,77.53,15
2026-05-06T12:00:00Z,ES,15.21,15
2026-05-06T12:00:00Z,FI,77.53,15
2026-05-06T12:00:00Z,FR,88.98,15
2026-05-06T12:00:00Z,HR,83.87,15
2026-05-06T12:00:00Z,HU,29.73,15
2026-05-06T12:00:00Z,IT-CNorth,146.47,15
2026-05-06T12:00:00Z,IT-CSouth,115.13,15
2026-05-06T12:00:00Z,IT-North,146.47,15
2026-05-06T12:00:00Z,IT-Sardinia,115.13,15
2026-05-06T12:00:00Z,IT-Sicily,115.13,15
2026-05-06T12:00:00Z,IT-South,115.13,15
2026-05-06T12:00:00Z,LT,77.53,15
2026-05-06T12:00:00Z,LV,77.53,15
2026-05-06T12:00:00Z,NL,86.45,15
2026-05-06T12:00:00Z,NO1,96.31,15
2026-05-06T12:00:00Z,NO2,88.37,15
2026-05-06T12:00:00Z,NO3,96.05,15
2026-05-06T12:00:00Z,NO4,69.39,15
2026-05-06T12:00:00Z,NO5,107.41,15
2026-05-06T12:00:00Z,PL,70.56,15
2026-05-06T12:00:00Z,PT,2.20,15
2026-05-06T12:00:00Z,RO,44.08,15
2026-05-06T12:00:00Z,RS,50.03,15
2026-05-06T12:00:00Z,SE1,77.35,15
2026-05-06T12:00:00Z,SE2,80.00,15
2026-05-06T12:00:00Z,SE3,80.13,15
2026-05-06T12:00:00Z,SE4,80.17,15
2026-05-06T12:00:00Z,SI,126.75,15
2026-05-06T12:00:00Z,SK,54.85,15
2026-05-06T12:15:00Z,AT,92.30,15
2026-05-06T12:15:00Z,BE,89.31,15
2026-05-06T12:15:00Z,CZ,86.39,15
2026-05-06T12:15:00Z,DE-LU,88.77,15
2026-05-06T12:15:00Z,DK1,88.77,15
2026-05-06T12:15:00Z,DK2,87.17,15
2026-05-06T12:15:00Z,EE,82.70,15
2026-05-06T12:15:00Z,ES,16.59,15
2026-05-06T12:15:00Z,FI,82.69,15
2026-05-06T12:15:00Z,FR,89.69,15
2026-05-06T12:15:00Z,HR,88.23,15
2026-05-06T12:15:00Z,HU,72.85,15
2026-05-06T12:15:00Z,IT-CSouth,117.87,15
2026-05-06T12:15:00Z,IT-Sardinia,117.87,15
2026-05-06T12:15:00Z,IT-Sicily,117.87,15
2026-05-06T12:15:00Z,IT-South,117.87,15
2026-05-06T12:15:00Z,LT,85.70,15
2026-05-06T12:15:00Z,LV,85.70,15
2026-05-06T12:15:00Z,NL,88.97,15
2026-05-06T12:15:00Z,NO1,98.09,15
2026-05-06T12:15:00Z,NO2,91.51,15
2026-05-06T12:15:00Z,NO3,99.61,15
2026-05-06T12:15:00Z,NO4,73.32,15
2026-05-06T12:15:00Z,NO5,107.46,15
2026-05-06T12:15:00Z,PL,84.45,15
2026-05-06T12:15:00Z,PT,2.00,15
2026-05-06T12:15:00Z,RO,76.93,15
2026-05-06T12:15:00Z,SE1,82.49,15
2026-05-06T12:15:00Z,SE2,85.53,15
2026-05-06T12:15:00Z,SE3,85.80,15
2026-05-06T12:15:00Z,SE4,85.90,15
2026-05-06T12:15:00Z,SI,100.42,15
2026-05-06T12:15:00Z,SK,79.99,15
2026-05-06T12:30:00Z,AT,92.57,15
2026-05-06T12:30:00Z,BE,96.53,15
2026-05-06T12:30:00Z,CZ,92.73,15
2026-05-06T12:30:00Z,DE-LU,92.96,15
2026-05-06T12:30:00Z,DK1,92.96,15
2026-05-06T12:30:00Z,DK2,91.28,15
2026-05-06T12:30:00Z,EE,91.52,15
2026-05-06T12:30:00Z,ES,13.00,15
2026-05-06T12:30:00Z,FI,91.52,15
2026-05-06T12:30:00Z,FR,91.48,15
2026-05-06T12:30:00Z,HR,92.58,15
2026-05-06T12:30:00Z,HU,92.65,15
2026-05-06T12:30:00Z,IT-CSouth,123.00,15
2026-05-06T12:30:00Z,IT-Sardinia,123.00,15
2026-05-06T12:30:00Z,IT-Sicily,123.00,15
2026-05-06T12:30:00Z,IT-South,123.00,15
2026-05-06T12:30:00Z,LT,91.52,15
2026-05-06T12:30:00Z,LV,91.52,15
2026-05-06T12:30:00Z,NL,93.25,15
2026-05-06T12:30:00Z,NO1,100.85,15
2026-05-06T12:30:00Z,NO2,95.85,15
2026-05-06T12:30:00Z,NO3,98.89,15
2026-05-06T12:30:00Z,NO4,91.30,15
2026-05-06T12:30:00Z,NO5,107.51,15
2026-05-06T12:30:00Z,PL,92.77,15
2026-05-06T12:30:00Z,RO,92.64,15
2026-05-06T12:30:00Z,SE1,91.52,15
2026-05-06T12:30:00Z,SE2,91.62,15
2026-05-06T12:30:00Z,SE3,91.40,15
2026-05-06T12:30:00Z,SE4,91.31,15
2026-05-06T12:30:00Z,SI,92.57,15
2026-05-06T12:30:00Z,SK,92.70,15
2026-05-06T12:45:00Z,AT,97.85,15
2026-05-06T12:45:00Z,BE,97.85,15
2026-05-06T12:45:00Z,CZ,97.85,15
2026-05-06T12:45:00Z,DE-LU,97.85,15
2026-05-06T12:45:00Z,DK1,97.85,15
2026-05-06T12:45:00Z,DK2,96.09,15
2026-05-06T12:45:00Z,EE,95.58,15
2026-05-06T12:45:00Z,ES,3.08,15
2026-05-06T12:45:00Z,FI,95.58,15
2026-05-06T12:45:00Z,FR,97.85,15
2026-05-06T12:45:00Z,HR,97.85,15
2026-05-06T12:45:00Z,HU,97.85,15
2026-05-06T12:45:00Z,IT-CNorth,151.59,15
2026-05-06T12:45:00Z,IT-CSouth,126.40,15
2026-05-06T12:45:00Z,IT-North,151.59,15
2026-05-06T12:45:00Z,IT-Sardinia,126.40,15
2026-05-06T12:45:00Z,IT-Sicily,126.40,15
2026-05-06T12:45:00Z,IT-South,126.40,15
2026-05-06T12:45:00Z,LT,95.58,15
2026-05-06T12:45:00Z,LV,95.58,15
2026-05-06T12:45:00Z,NL,97.85,15
2026-05-06T12:45:00Z,NO1,103.78,15
2026-05-06T12:45:00Z,NO2,100.93,15
2026-05-06T12:45:00Z,NO3,101.20,15
2026-05-06T12:45:00Z,NO4,95.45,15
2026-05-06T12:45:00Z,NO5,107.58,15
2026-05-06T12:45:00Z,PL,97.85,15
2026-05-06T12:45:00Z,RO,97.85,15
2026-05-06T12:45:00Z,SE1,95.57,15
2026-05-06T12:45:00Z,SE2,95.63,15
2026-05-06T12:45:00Z,SE3,95.50,15
2026-05-06T12:45:00Z,SE4,95.45,15
2026-05-06T12:45:00Z,SI,97.85,15
2026-05-06T12:45:00Z,SK,97.85,15
2026-05-06T13:00:00Z,AT,95.77,15
2026-05-06T13:00:00Z,BE,106.21,15
2026-05-06T13:00:00Z,CH,123.64,60
2026-05-06T13:00:00Z,CZ,97.82,15
2026-05-06T13:00:00Z,DE-LU,102.66,15
2026-05-06T13:00:00Z,DK1,102.66,15
2026-05-06T13:00:00Z,DK2,100.82,15
2026-05-06T13:00:00Z,EE,80.94,15
2026-05-06T13:00:00Z,ES,17.00,15
2026-05-06T13:00:00Z,FI,80.91,15
2026-05-06T13:00:00Z,FR,103.91,15
2026-05-06T13:00:00Z,HR,95.82,15
2026-05-06T13:00:00Z,HU,95.82,15
2026-05-06T13:00:00Z,IT-CNorth,130.57,15
2026-05-06T13:00:00Z,IT-CSouth,120.94,15
2026-05-06T13:00:00Z,IT-North,130.57,15
2026-05-06T13:00:00Z,IT-Sardinia,120.94,15
2026-05-06T13:00:00Z,IT-Sicily,120.94,15
2026-05-06T13:00:00Z,IT-South,120.94,15
2026-05-06T13:00:00Z,LT,98.53,15
2026-05-06T13:00:00Z,LV,98.53,15
2026-05-06T13:00:00Z,NL,103.61,15
2026-05-06T13:00:00Z,NO1,105.43,15
2026-05-06T13:00:00Z,NO2,105.46,15
2026-05-06T13:00:00Z,NO3,123.01,15
2026-05-06T13:00:00Z,NO4,33.42,15
2026-05-06T13:00:00Z,NO5,108.63,15
2026-05-06T13:00:00Z,PL,98.53,15
2026-05-06T13:00:00Z,RO,95.90,15
2026-05-06T13:00:00Z,RS,60.01,15
2026-05-06T13:00:00Z,SE1,79.94,15
2026-05-06T13:00:00Z,SE2,95.00,15
2026-05-06T13:00:00Z,SE3,98.05,15
2026-05-06T13:00:00Z,SE4,99.16,15
2026-05-06T13:00:00Z,SI,95.77,15
2026-05-06T13:00:00Z,SK,96.95,15
2026-05-06T13:15:00Z,AT,98.60,15
2026-05-06T13:15:00Z,BE,110.48,15
2026-05-06T13:15:00Z,CZ,99.08,15
2026-05-06T13:15:00Z,DE-LU,99.76,15
2026-05-06T13:15:00Z,DK1,99.76,15
2026-05-06T13:15:00Z,DK2,99.76,15
2026-05-06T13:15:00Z,EE,85.41,15
2026-05-06T13:15:00Z,ES,5.41,15
2026-05-06T13:15:00Z,FI,85.38,15
2026-05-06T13:15:00Z,FR,95.33,15
2026-05-06T13:15:00Z,HR,98.63,15
2026-05-06T13:15:00Z,HU,98.85,15
2026-05-06T13:15:00Z,IT-CNorth,135.00,15
2026-05-06T13:15:00Z,IT-CSouth,123.00,15
2026-05-06T13:15:00Z,IT-North,135.00,15
2026-05-06T13:15:00Z,IT-Sardinia,123.00,15
2026-05-06T13:15:00Z,IT-Sicily,123.00,15
2026-05-06T13:15:00Z,IT-South,123.00,15
2026-05-06T13:15:00Z,LT,99.14,15
2026-05-06T13:15:00Z,LV,99.14,15
2026-05-06T13:15:00Z,NL,100.65,15
2026-05-06T13:15:00Z,NO1,104.40,15
2026-05-06T13:15:00Z,NO2,103.57,15
2026-05-06T13:15:00Z,NO3,118.60,15
2026-05-06T13:15:00Z,NO4,48.37,15
2026-05-06T13:15:00Z,NO5,108.04,15
2026-05-06T13:15:00Z,PL,99.19,15
2026-05-06T13:15:00Z,RO,98.81,15
2026-05-06T13:15:00Z,SE1,84.63,15
2026-05-06T13:15:00Z,SE2,96.37,15
2026-05-06T13:15:00Z,SE3,98.71,15
2026-05-06T13:15:00Z,SE4,99.56,15
2026-05-06T13:15:00Z,SI,98.59,15
2026-05-06T13:15:00Z,SK,99.00,15
2026-05-06T13:30:00Z,AT,103.08,15
2026-05-06T13:30:00Z,BE,105.48,15
2026-05-06T13:30:00Z,CZ,102.79,15
2026-05-06T13:30:00Z,DE-LU,102.40,15
2026-05-06T13:30:00Z,DK1,102.40,15
2026-05-06T13:30:00Z,DK2,101.41,15
2026-05-06T13:30:00Z,EE,98.78,15
2026-05-06T13:30:00Z,FI,98.75,15
2026-05-06T13:30:00Z,FR,88.37,15
2026-05-06T13:30:00Z,HR,103.16,15
2026-05-06T13:30:00Z,HU,102.98,15
2026-05-06T13:30:00Z,IT-CNorth,140.99,15
2026-05-06T13:30:00Z,IT-CSouth,127.48,15
2026-05-06T13:30:00Z,IT-North,140.99,15
2026-05-06T13:30:00Z,IT-Sardinia,127.48,15
2026-05-06T13:30:00Z,IT-Sicily,127.48,15
2026-05-06T13:30:00Z,IT-South,127.48,15
2026-05-06T13:30:00Z,LT,100.81,15
2026-05-06T13:30:00Z,LV,100.81,15
2026-05-06T13:30:00Z,NL,101.51,15
2026-05-06T13:30:00Z,NO1,105.71,15
2026-05-06T13:30:00Z,NO2,105.73,15
2026-05-06T13:30:00Z,NO3,118.69,15
2026-05-06T13:30:00Z,NO4,53.27,15
2026-05-06T13:30:00Z,NO5,108.07,15
2026-05-06T13:30:00Z,PL,102.73,15
2026-05-06T13:30:00Z,RO,103.01,15
2026-05-06T13:30:00Z,SE1,87.08,15
2026-05-06T13:30:00Z,SE2,98.15,15
2026-05-06T13:30:00Z,SE3,100.39,15
2026-05-06T13:30:00Z,SE4,101.21,15
2026-05-06T13:30:00Z,SI,103.19,15
2026-05-06T13:30:00Z,SK,102.86,15
2026-05-06T13:45:00Z,AT,102.92,15
2026-05-06T13:45:00Z,BE,124.65,15
2026-05-06T13:45:00Z,CZ,106.21,15
2026-05-06T13:45:00Z,DE-LU,107.68,15
2026-05-06T13:45:00Z,DK1,107.68,15
2026-05-06T13:45:00Z,DK2,106.92,15
2026-05-06T13:45:00Z,EE,104.87,15
2026-05-06T13:45:00Z,ES,17.17,15
2026-05-06T13:45:00Z,FI,104.84,15
2026-05-06T13:45:00Z,FR,83.22,15
2026-05-06T13:45:00Z,GR,0.01,15
2026-05-06T13:45:00Z,HR,105.52,15
2026-05-06T13:45:00Z,HU,105.75,15
2026-05-06T13:45:00Z,IT-CNorth,145.16,15
2026-05-06T13:45:00Z,IT-CSouth,145.16,15
2026-05-06T13:45:00Z,IT-North,145.16,15
2026-05-06T13:45:00Z,IT-Sardinia,145.16,15
2026-05-06T13:45:00Z,IT-Sicily,145.16,15
2026-05-06T13:45:00Z,IT-South,145.16,15
2026-05-06T13:45:00Z,LT,106.45,15
2026-05-06T13:45:00Z,LV,106.45,15
2026-05-06T13:45:00Z,NL,107.68,15
2026-05-06T13:45:00Z,NO1,110.29,15
2026-05-06T13:45:00Z,NO2,110.30,15
2026-05-06T13:45:00Z,NO3,120.44,15
2026-05-06T13:45:00Z,NO4,69.25,15
2026-05-06T13:45:00Z,NO5,112.13,15
2026-05-06T13:45:00Z,PL,106.45,15
2026-05-06T13:45:00Z,PT,2.17,15
2026-05-06T13:45:00Z,RO,105.72,15
2026-05-06T13:45:00Z,SE1,95.71,15
2026-05-06T13:45:00Z,SE2,104.37,15
2026-05-06T13:45:00Z,SE3,106.13,15
2026-05-06T13:45:00Z,SE4,106.76,15
2026-05-06T13:45:00Z,SI,105.42,15
2026-05-06T13:45:00Z,SK,106.03,15
2026-05-06T14:00:00Z,AT,90.64,15
2026-05-06T14:00:00Z,BE,102.50,15
2026-05-06T14:00:00Z,CH,120.00,60
2026-05-06T14:00:00Z,CZ,102.39,15
2026-05-06T14:00:00Z,DE-LU,105.69,15
2026-05-06T14:00:00Z,DK1,105.69,15
2026-05-06T14:00:00Z,DK2,104.45,15
2026-05-06T14:00:00Z,EE,101.79,15
2026-05-06T14:00:00Z,ES,17.83,15
2026-05-06T14:00:00Z,FI,101.75,15
2026-05-06T14:00:00Z,FR,77.25,15
2026-05-06T14:00:00Z,HR,101.02,15
2026-05-06T14:00:00Z,HU,101.26,15
2026-05-06T14:00:00Z,IT-CNorth,123.93,15
2026-05-06T14:00:00Z,IT-CSouth,123.00,15
2026-05-06T14:00:00Z,IT-North,123.93,15
2026-05-06T14:00:00Z,IT-Sardinia,123.00,15
2026-05-06T14:00:00Z,IT-Sicily,123.00,15
2026-05-06T14:00:00Z,IT-South,123.00,15
2026-05-06T14:00:00Z,LT,102.95,15
2026-05-06T14:00:00Z,LV,102.95,15
2026-05-06T14:00:00Z,NL,103.38,15
2026-05-06T14:00:00Z,NO1,109.98,15
2026-05-06T14:00:00Z,NO2,109.99,15
2026-05-06T14:00:00Z,NO3,122.33,15
2026-05-06T14:00:00Z,NO4,56.10,15
2026-05-06T14:00:00Z,NO5,112.37,15
2026-05-06T14:00:00Z,PL,102.95,15
2026-05-06T14:00:00Z,PT,3.08,15
2026-05-06T14:00:00Z,RO,101.25,15
2026-05-06T14:00:00Z,RS,83.01,15
2026-05-06T14:00:00Z,SE1,89.93,15
2026-05-06T14:00:00Z,SE2,101.17,15
2026-05-06T14:00:00Z,SE3,103.43,15
2026-05-06T14:00:00Z,SE4,104.25,15
2026-05-06T14:00:00Z,SI,100.73,15
2026-05-06T14:00:00Z,SK,101.86,15
2026-05-06T14:15:00Z,AT,106.08,15
2026-05-06T14:15:00Z,BE,102.52,15
2026-05-06T14:15:00Z,CZ,105.48,15
2026-05-06T14:15:00Z,DE-LU,104.67,15
2026-05-06T14:15:00Z,DK1,104.67,15
2026-05-06T14:15:00Z,DK2,105.91,15
2026-05-06T14:15:00Z,EE,103.43,15
2026-05-06T14:15:00Z,ES,19.50,15
2026-05-06T14:15:00Z,FI,103.39,15
2026-05-06T14:15:00Z,FR,90.62,15
2026-05-06T14:15:00Z,GR,15.34,15
2026-05-06T14:15:00Z,HR,106.16,15
2026-05-06T14:15:00Z,HU,105.83,15
2026-05-06T14:15:00Z,IT-CSouth,123.93,15
2026-05-06T14:15:00Z,IT-Sardinia,123.93,15
2026-05-06T14:15:00Z,IT-Sicily,123.93,15
2026-05-06T14:15:00Z,IT-South,123.93,15
2026-05-06T14:15:00Z,LT,105.34,15
2026-05-06T14:15:00Z,LV,105.34,15
2026-05-06T14:15:00Z,NL,103.13,15
2026-05-06T14:15:00Z,NO2,110.00,15
2026-05-06T14:15:00Z,NO3,122.06,15
2026-05-06T14:15:00Z,NO4,60.74,15
2026-05-06T14:15:00Z,NO5,112.22,15
2026-05-06T14:15:00Z,PL,105.34,15
2026-05-06T14:15:00Z,PT,4.50,15
2026-05-06T14:15:00Z,RO,105.89,15
2026-05-06T14:15:00Z,SE1,92.34,15
2026-05-06T14:15:00Z,SE2,102.84,15
2026-05-06T14:15:00Z,SE3,104.96,15
2026-05-06T14:15:00Z,SE4,105.72,15
2026-05-06T14:15:00Z,SI,106.23,15
2026-05-06T14:15:00Z,SK,105.61,15
2026-05-06T14:30:00Z,AT,117.84,15
2026-05-06T14:30:00Z,BE,111.10,15
2026-05-06T14:30:00Z,CZ,116.69,15
2026-05-06T14:30:00Z,DE-LU,115.16,15
2026-05-06T14:30:00Z,DK1,115.16,15
2026-05-06T14:30:00Z,DK2,115.16,15
2026-05-06T14:30:00Z,EE,115.05,15
2026-05-06T14:30:00Z,ES,25.01,15
2026-05-06T14:30:00Z,FI,115.05,15
2026-05-06T14:30:00Z,FR,88.59,15
2026-05-06T14:30:00Z,GR,104.43,15
2026-05-06T14:30:00Z,HR,117.99,15
2026-05-06T14:30:00Z,HU,117.36,15
2026-05-06T14:30:00Z,IT-CNorth,137.98,15
2026-05-06T14:30:00Z,IT-CSouth,137.98,15
2026-05-06T14:30:00Z,IT-North,137.98,15
2026-05-06T14:30:00Z,IT-Sardinia,137.98,15
2026-05-06T14:30:00Z,IT-Sicily,137.98,15
2026-05-06T14:30:00Z,IT-South,137.98,15
2026-05-06T14:30:00Z,LT,115.14,15
2026-05-06T14:30:00Z,LV,115.14,15
2026-05-06T14:30:00Z,NL,112.25,15
2026-05-06T14:30:00Z,NO1,115.34,15
2026-05-06T14:30:00Z,NO2,115.34,15
2026-05-06T14:30:00Z,NO3,115.87,15
2026-05-06T14:30:00Z,NO4,113.19,15
2026-05-06T14:30:00Z,NO5,115.44,15
2026-05-06T14:30:00Z,PL,116.44,15
2026-05-06T14:30:00Z,PT,8.01,15
2026-05-06T14:30:00Z,RO,117.48,15
2026-05-06T14:30:00Z,SE1,114.57,15
2026-05-06T14:30:00Z,SE2,115.03,15
2026-05-06T14:30:00Z,SE3,115.12,15
2026-05-06T14:30:00Z,SE4,115.15,15
2026-05-06T14:30:00Z,SI,118.12,15
2026-05-06T14:30:00Z,SK,116.95,15
2026-05-06T14:45:00Z,AT,128.72,15
2026-05-06T14:45:00Z,BE,119.69,15
2026-05-06T14:45:00Z,CZ,127.19,15
2026-05-06T14:45:00Z,DE-LU,125.13,15
2026-05-06T14:45:00Z,DK1,125.13,15
2026-05-06T14:45:00Z,DK2,121.61,15
2026-05-06T14:45:00Z,EE,121.54,15
2026-05-06T14:45:00Z,ES,14.39,15
2026-05-06T14:45:00Z,FI,121.54,15
2026-05-06T14:45:00Z,FR,89.53,15
2026-05-06T14:45:00Z,GR,125.58,15
2026-05-06T14:45:00Z,HR,128.92,15
2026-05-06T14:45:00Z,HU,128.08,15
2026-05-06T14:45:00Z,IT-CNorth,140.00,15
2026-05-06T14:45:00Z,IT-CSouth,140.00,15
2026-05-06T14:45:00Z,IT-North,140.00,15
2026-05-06T14:45:00Z,IT-Sardinia,140.00,15
2026-05-06T14:45:00Z,IT-Sicily,140.00,15
2026-05-06T14:45:00Z,IT-South,140.00,15
2026-05-06T14:45:00Z,LT,121.54,15
2026-05-06T14:45:00Z,LV,121.54,15
2026-05-06T14:45:00Z,NL,121.23,15
2026-05-06T14:45:00Z,NO1,121.54,15
2026-05-06T14:45:00Z,NO2,121.54,15
2026-05-06T14:45:00Z,NO3,121.54,15
2026-05-06T14:45:00Z,NO4,121.54,15
2026-05-06T14:45:00Z,NO5,121.54,15
2026-05-06T14:45:00Z,PL,126.85,15
2026-05-06T14:45:00Z,PT,9.39,15
2026-05-06T14:45:00Z,RO,128.24,15
2026-05-06T14:45:00Z,SE1,121.54,15
2026-05-06T14:45:00Z,SE2,121.54,15
2026-05-06T14:45:00Z,SE3,121.54,15
2026-05-06T14:45:00Z,SE4,121.54,15
2026-05-06T14:45:00Z,SI,129.10,15
2026-05-06T14:45:00Z,SK,127.52,15
2026-05-06T15:00:00Z,AT,115.49,15
2026-05-06T15:00:00Z,BE,105.57,15
2026-05-06T15:00:00Z,CH,128.00,60
2026-05-06T15:00:00Z,CZ,113.93,15
2026-05-06T15:00:00Z,DE-LU,111.71,15
2026-05-06T15:00:00Z,DK1,111.71,15
2026-05-06T15:00:00Z,DK2,115.05,15
2026-05-06T15:00:00Z,EE,115.05,15
2026-05-06T15:00:00Z,ES,27.01,15
2026-05-06T15:00:00Z,FI,115.05,15
2026-05-06T15:00:00Z,FR,71.64,15
2026-05-06T15:00:00Z,GR,115.09,15
2026-05-06T15:00:00Z,HR,115.87,15
2026-05-06T15:00:00Z,HU,114.91,15
2026-05-06T15:00:00Z,IT-CNorth,123.93,15
2026-05-06T15:00:00Z,IT-CSouth,123.93,15
2026-05-06T15:00:00Z,IT-North,123.93,15
2026-05-06T15:00:00Z,IT-Sardinia,123.93,15
2026-05-06T15:00:00Z,IT-Sicily,123.93,15
2026-05-06T15:00:00Z,IT-South,123.93,15
2026-05-06T15:00:00Z,LT,115.05,15
2026-05-06T15:00:00Z,LV,115.05,15
2026-05-06T15:00:00Z,NL,107.74,15
2026-05-06T15:00:00Z,NO1,115.05,15
2026-05-06T15:00:00Z,NO2,115.05,15
2026-05-06T15:00:00Z,NO3,115.05,15
2026-05-06T15:00:00Z,NO4,115.05,15
2026-05-06T15:00:00Z,NO5,115.05,15
2026-05-06T15:00:00Z,PL,113.47,15
2026-05-06T15:00:00Z,PT,20.10,15
2026-05-06T15:00:00Z,RO,115.09,15
2026-05-06T15:00:00Z,RS,149.92,15
2026-05-06T15:00:00Z,SE1,115.05,15
2026-05-06T15:00:00Z,SE2,115.05,15
2026-05-06T15:00:00Z,SE3,115.05,15
2026-05-06T15:00:00Z,SE4,115.05,15
2026-05-06T15:00:00Z,SI,116.04,15
2026-05-06T15:00:00Z,SK,114.33,15
2026-05-06T15:15:00Z,AT,122.66,15
2026-05-06T15:15:00Z,BE,114.75,15
2026-05-06T15:15:00Z,CZ,121.41,15
2026-05-06T15:15:00Z,DE-LU,119.64,15
2026-05-06T15:15:00Z,DK1,119.64,15
2026-05-06T15:15:00Z,DK2,119.64,15
2026-05-06T15:15:00Z,EE,119.64,15
2026-05-06T15:15:00Z,ES,27.50,15
2026-05-06T15:15:00Z,FI,119.64,15
2026-05-06T15:15:00Z,FR,87.68,15
2026-05-06T15:15:00Z,GR,122.34,15
2026-05-06T15:15:00Z,HR,122.96,15
2026-05-06T15:15:00Z,HU,122.19,15
2026-05-06T15:15:00Z,LT,119.64,15
2026-05-06T15:15:00Z,LV,119.64,15
2026-05-06T15:15:00Z,NL,116.47,15
2026-05-06T15:15:00Z,NO1,119.64,15
2026-05-06T15:15:00Z,NO2,119.64,15
2026-05-06T15:15:00Z,NO3,119.64,15
2026-05-06T15:15:00Z,NO4,119.64,15
2026-05-06T15:15:00Z,NO5,119.64,15
2026-05-06T15:15:00Z,PL,121.04,15
2026-05-06T15:15:00Z,PT,25.00,15
2026-05-06T15:15:00Z,RO,122.34,15
2026-05-06T15:15:00Z,SE1,119.64,15
2026-05-06T15:15:00Z,SE2,119.64,15
2026-05-06T15:15:00Z,SE3,119.64,15
2026-05-06T15:15:00Z,SE4,119.64,15
2026-05-06T15:15:00Z,SI,123.10,15
2026-05-06T15:15:00Z,SK,121.73,15
2026-05-06T15:30:00Z,AT,136.42,15
2026-05-06T15:30:00Z,BE,111.50,15
2026-05-06T15:30:00Z,CZ,133.38,15
2026-05-06T15:30:00Z,DE-LU,129.04,15
2026-05-06T15:30:00Z,DK1,129.04,15
2026-05-06T15:30:00Z,DK2,129.04,15
2026-05-06T15:30:00Z,EE,125.43,15
2026-05-06T15:30:00Z,ES,39.00,15
2026-05-06T15:30:00Z,FI,125.43,15
2026-05-06T15:30:00Z,FR,60.78,15
2026-05-06T15:30:00Z,GR,135.60,15
2026-05-06T15:30:00Z,HR,137.10,15
2026-05-06T15:30:00Z,HU,135.25,15
2026-05-06T15:30:00Z,IT-CNorth,137.43,15
2026-05-06T15:30:00Z,IT-CSouth,137.43,15
2026-05-06T15:30:00Z,IT-North,137.43,15
2026-05-06T15:30:00Z,IT-Sardinia,137.43,15
2026-05-06T15:30:00Z,IT-Sicily,137.43,15
2026-05-06T15:30:00Z,IT-South,137.43,15
2026-05-06T15:30:00Z,LT,125.43,15
2026-05-06T15:30:00Z,LV,125.43,15
2026-05-06T15:30:00Z,NL,121.41,15
2026-05-06T15:30:00Z,NO1,125.43,15
2026-05-06T15:30:00Z,NO2,125.43,15
2026-05-06T15:30:00Z,NO3,125.43,15
2026-05-06T15:30:00Z,NO4,125.43,15
2026-05-06T15:30:00Z,NO5,125.43,15
2026-05-06T15:30:00Z,PL,132.47,15
2026-05-06T15:30:00Z,PT,29.54,15
2026-05-06T15:30:00Z,RO,135.60,15
2026-05-06T15:30:00Z,SE1,125.43,15
2026-05-06T15:30:00Z,SE2,125.43,15
2026-05-06T15:30:00Z,SE3,125.43,15
2026-05-06T15:30:00Z,SE4,125.43,15
2026-05-06T15:30:00Z,SI,137.43,15
2026-05-06T15:30:00Z,SK,134.14,15
2026-05-06T15:45:00Z,AT,144.52,15
2026-05-06T15:45:00Z,BE,128.66,15
2026-05-06T15:45:00Z,CZ,142.58,15
2026-05-06T15:45:00Z,DE-LU,139.82,15
2026-05-06T15:45:00Z,DK1,139.82,15
2026-05-06T15:45:00Z,DK2,139.82,15
2026-05-06T15:45:00Z,EE,136.33,15
2026-05-06T15:45:00Z,ES,36.00,15
2026-05-06T15:45:00Z,FI,136.33,15
2026-05-06T15:45:00Z,FR,96.38,15
2026-05-06T15:45:00Z,GR,144.00,15
2026-05-06T15:45:00Z,HR,144.96,15
2026-05-06T15:45:00Z,HU,143.77,15
2026-05-06T15:45:00Z,IT-CNorth,145.16,15
2026-05-06T15:45:00Z,IT-CSouth,145.16,15
2026-05-06T15:45:00Z,IT-North,145.16,15
2026-05-06T15:45:00Z,IT-Sardinia,145.16,15
2026-05-06T15:45:00Z,IT-Sicily,145.16,15
2026-05-06T15:45:00Z,IT-South,145.16,15
2026-05-06T15:45:00Z,LT,136.33,15
2026-05-06T15:45:00Z,LV,136.33,15
2026-05-06T15:45:00Z,NL,134.97,15
2026-05-06T15:45:00Z,NO1,136.33,15
2026-05-06T15:45:00Z,NO2,136.33,15
2026-05-06T15:45:00Z,NO3,136.33,15
2026-05-06T15:45:00Z,NO4,136.33,15
2026-05-06T15:45:00Z,NO5,136.33,15
2026-05-06T15:45:00Z,PL,142.01,15
2026-05-06T15:45:00Z,PT,45.00,15
2026-05-06T15:45:00Z,RO,144.00,15
2026-05-06T15:45:00Z,SE1,136.33,15
2026-05-06T15:45:00Z,SE2,136.33,15
2026-05-06T15:45:00Z,SE3,136.33,15
2026-05-06T15:45:00Z,SE4,136.33,15
2026-05-06T15:45:00Z,SI,145.16,15
2026-05-06T15:45:00Z,SK,143.07,15
2026-05-06T16:00:00Z,AT,127.72,15
2026-05-06T16:00:00Z,BE,114.60,15
2026-05-06T16:00:00Z,CH,142.20,60
2026-05-06T16:00:00Z,CZ,126.10,15
2026-05-06T16:00:00Z,DE-LU,124.08,15
2026-05-06T16:00:00Z,DK1,124.08,15
2026-05-06T16:00:00Z,DK2,124.08,15
2026-05-06T16:00:00Z,EE,123.70,15
2026-05-06T16:00:00Z,ES,10.01,15
2026-05-06T16:00:00Z,FI,123.70,15
2026-05-06T16:00:00Z,FR,87.46,15
2026-05-06T16:00:00Z,GR,127.29,15
2026-05-06T16:00:00Z,HR,128.01,15
2026-05-06T16:00:00Z,HU,127.10,15
2026-05-06T16:00:00Z,IT-CNorth,137.34,15
2026-05-06T16:00:00Z,IT-CSouth,137.34,15
2026-05-06T16:00:00Z,IT-North,137.34,15
2026-05-06T16:00:00Z,IT-Sardinia,137.34,15
2026-05-06T16:00:00Z,IT-Sicily,137.34,15
2026-05-06T16:00:00Z,IT-South,137.34,15
2026-05-06T16:00:00Z,LT,123.70,15
2026-05-06T16:00:00Z,LV,123.70,15
2026-05-06T16:00:00Z,NL,119.74,15
2026-05-06T16:00:00Z,NO1,123.70,15
2026-05-06T16:00:00Z,NO2,123.70,15
2026-05-06T16:00:00Z,NO3,123.70,15
2026-05-06T16:00:00Z,NO4,123.70,15
2026-05-06T16:00:00Z,NO5,123.70,15
2026-05-06T16:00:00Z,PL,125.71,15
2026-05-06T16:00:00Z,PT,39.70,15
2026-05-06T16:00:00Z,RO,127.29,15
2026-05-06T16:00:00Z,RS,137.00,15
2026-05-06T16:00:00Z,SE1,123.70,15
2026-05-06T16:00:00Z,SE2,123.70,15
2026-05-06T16:00:00Z,SE3,123.70,15
2026-05-06T16:00:00Z,SE4,123.70,15
2026-05-06T16:00:00Z,SI,128.23,15
2026-05-06T16:00:00Z,SK,126.55,15
2026-05-06T16:15:00Z,AT,132.08,15
2026-05-06T16:15:00Z,BE,130.89,15
2026-05-06T16:15:00Z,CZ,131.04,15
2026-05-06T16:15:00Z,DE-LU,131.45,15
2026-05-06T16:15:00Z,DK1,131.45,15
2026-05-06T16:15:00Z,DK2,131.45,15
2026-05-06T16:15:00Z,EE,127.64,15
2026-05-06T16:15:00Z,ES,15.08,15
2026-05-06T16:15:00Z,FI,127.64,15
2026-05-06T16:15:00Z,FR,129.04,15
2026-05-06T16:15:00Z,GR,139.01,15
2026-05-06T16:15:00Z,HR,134.94,15
2026-05-06T16:15:00Z,HU,138.27,15
2026-05-06T16:15:00Z,IT-CNorth,145.16,15
2026-05-06T16:15:00Z,IT-CSouth,145.16,15
2026-05-06T16:15:00Z,IT-North,145.16,15
2026-05-06T16:15:00Z,IT-Sardinia,145.16,15
2026-05-06T16:15:00Z,IT-Sicily,145.16,15
2026-05-06T16:15:00Z,IT-South,145.16,15
2026-05-06T16:15:00Z,LT,127.64,15
2026-05-06T16:15:00Z,LV,127.64,15
2026-05-06T16:15:00Z,NL,131.20,15
2026-05-06T16:15:00Z,NO1,127.64,15
2026-05-06T16:15:00Z,NO2,127.64,15
2026-05-06T16:15:00Z,NO3,127.64,15
2026-05-06T16:15:00Z,NO4,127.64,15
2026-05-06T16:15:00Z,NO5,127.64,15
2026-05-06T16:15:00Z,PL,131.27,15
2026-05-06T16:15:00Z,PT,60.96,15
2026-05-06T16:15:00Z,RO,139.01,15
2026-05-06T16:15:00Z,SE1,127.64,15
2026-05-06T16:15:00Z,SE2,127.64,15
2026-05-06T16:15:00Z,SE3,127.64,15
2026-05-06T16:15:00Z,SE4,127.64,15
2026-05-06T16:15:00Z,SI,133.67,15
2026-05-06T16:15:00Z,SK,130.22,15
2026-05-06T16:30:00Z,AT,145.27,15
2026-05-06T16:30:00Z,BE,130.42,15
2026-05-06T16:30:00Z,CZ,143.30,15
2026-05-06T16:30:00Z,DE-LU,141.11,15
2026-05-06T16:30:00Z,DK1,141.11,15
2026-05-06T16:30:00Z,DK2,141.11,15
2026-05-06T16:30:00Z,EE,137.02,15
2026-05-06T16:30:00Z,ES,16.52,15
2026-05-06T16:30:00Z,FI,137.02,15
2026-05-06T16:30:00Z,FR,99.78,15
2026-05-06T16:30:00Z,GR,145.78,15
2026-05-06T16:30:00Z,HR,146.01,15
2026-05-06T16:30:00Z,HU,145.46,15
2026-05-06T16:30:00Z,IT-CNorth,156.48,15
2026-05-06T16:30:00Z,IT-CSouth,156.48,15
2026-05-06T16:30:00Z,IT-North,156.48,15
2026-05-06T16:30:00Z,IT-Sardinia,156.48,15
2026-05-06T16:30:00Z,IT-South,156.48,15
2026-05-06T16:30:00Z,LT,137.02,15
2026-05-06T16:30:00Z,LV,137.02,15
2026-05-06T16:30:00Z,NL,136.22,15
2026-05-06T16:30:00Z,NO1,137.02,15
2026-05-06T16:30:00Z,NO2,137.02,15
2026-05-06T16:30:00Z,NO3,137.02,15
2026-05-06T16:30:00Z,NO4,137.02,15
2026-05-06T16:30:00Z,NO5,137.02,15
2026-05-06T16:30:00Z,PL,142.90,15
2026-05-06T16:30:00Z,PT,67.52,15
2026-05-06T16:30:00Z,RO,145.78,15
2026-05-06T16:30:00Z,SE1,137.02,15
2026-05-06T16:30:00Z,SE2,137.02,15
2026-05-06T16:30:00Z,SE3,137.02,15
2026-05-06T16:30:00Z,SE4,137.02,15
2026-05-06T16:30:00Z,SI,146.06,15
2026-05-06T16:30:00Z,SK,143.69,15
2026-05-06T16:45:00Z,AT,155.00,15
2026-05-06T16:45:00Z,BE,155.00,15
2026-05-06T16:45:00Z,CZ,155.00,15
2026-05-06T16:45:00Z,DE-LU,155.00,15
2026-05-06T16:45:00Z,DK1,155.00,15
2026-05-06T16:45:00Z,DK2,155.00,15
2026-05-06T16:45:00Z,EE,150.96,15
2026-05-06T16:45:00Z,ES,22.47,15
2026-05-06T16:45:00Z,FI,150.96,15
2026-05-06T16:45:00Z,FR,155.00,15
2026-05-06T16:45:00Z,GR,155.00,15
2026-05-06T16:45:00Z,HR,155.00,15
2026-05-06T16:45:00Z,HU,155.00,15
2026-05-06T16:45:00Z,IT-CNorth,161.02,15
2026-05-06T16:45:00Z,IT-CSouth,161.02,15
2026-05-06T16:45:00Z,IT-North,161.02,15
2026-05-06T16:45:00Z,IT-Sardinia,161.02,15
2026-05-06T16:45:00Z,IT-Sicily,150.00,15
2026-05-06T16:45:00Z,IT-South,161.02,15
2026-05-06T16:45:00Z,LT,150.96,15
2026-05-06T16:45:00Z,LV,150.96,15
2026-05-06T16:45:00Z,NL,155.00,15
2026-05-06T16:45:00Z,NO1,150.96,15
2026-05-06T16:45:00Z,NO2,150.96,15
2026-05-06T16:45:00Z,NO3,150.96,15
2026-05-06T16:45:00Z,NO4,150.96,15
2026-05-06T16:45:00Z,NO5,150.96,15
2026-05-06T16:45:00Z,PL,128.14,15
2026-05-06T16:45:00Z,PT,73.47,15
2026-05-06T16:45:00Z,RO,155.00,15
2026-05-06T16:45:00Z,SE1,150.96,15
2026-05-06T16:45:00Z,SE2,150.96,15
2026-05-06T16:45:00Z,SE3,150.96,15
2026-05-06T16:45:00Z,SE4,150.96,15
2026-05-06T16:45:00Z,SI,155.00,15
2026-05-06T16:45:00Z,SK,155.00,15
2026-05-06T17:00:00Z,AT,141.91,15
2026-05-06T17:00:00Z,BE,139.23,15
2026-05-06T17:00:00Z,CH,160.00,60
2026-05-06T17:00:00Z,CZ,139.46,15
2026-05-06T17:00:00Z,DE-LU,140.50,15
2026-05-06T17:00:00Z,DK1,140.50,15
2026-05-06T17:00:00Z,DK2,140.50,15
2026-05-06T17:00:00Z,EE,136.43,15
2026-05-06T17:00:00Z,ES,16.00,15
2026-05-06T17:00:00Z,FI,136.43,15
2026-05-06T17:00:00Z,FR,135.56,15
2026-05-06T17:00:00Z,GR,158.38,15
2026-05-06T17:00:00Z,HR,148.88,15
2026-05-06T17:00:00Z,HU,155.87,15
2026-05-06T17:00:00Z,IT-CNorth,157.33,15
2026-05-06T17:00:00Z,IT-CSouth,157.33,15
2026-05-06T17:00:00Z,IT-North,157.33,15
2026-05-06T17:00:00Z,IT-Sardinia,157.33,15
2026-05-06T17:00:00Z,IT-Sicily,157.33,15
2026-05-06T17:00:00Z,IT-South,157.33,15
2026-05-06T17:00:00Z,LT,136.43,15
2026-05-06T17:00:00Z,LV,136.43,15
2026-05-06T17:00:00Z,NL,139.21,15
2026-05-06T17:00:00Z,NO1,136.43,15
2026-05-06T17:00:00Z,NO2,136.43,15
2026-05-06T17:00:00Z,NO3,136.43,15
2026-05-06T17:00:00Z,NO4,136.43,15
2026-05-06T17:00:00Z,NO5,136.43,15
2026-05-06T17:00:00Z,PL,129.01,15
2026-05-06T17:00:00Z,PT,67.00,15
2026-05-06T17:00:00Z,RO,158.38,15
2026-05-06T17:00:00Z,RS,137.01,15
2026-05-06T17:00:00Z,SE1,136.43,15
2026-05-06T17:00:00Z,SE2,136.43,15
2026-05-06T17:00:00Z,SE3,136.43,15
2026-05-06T17:00:00Z,SE4,136.43,15
2026-05-06T17:00:00Z,SI,145.71,15
2026-05-06T17:00:00Z,SK,137.50,15
2026-05-06T17:15:00Z,AT,151.47,15
2026-05-06T17:15:00Z,BE,149.93,15
2026-05-06T17:15:00Z,CZ,147.93,15
2026-05-06T17:15:00Z,DE-LU,150.01,15
2026-05-06T17:15:00Z,DK1,150.01,15
2026-05-06T17:15:00Z,DK2,150.01,15
2026-05-06T17:15:00Z,EE,145.66,15
2026-05-06T17:15:00Z,ES,27.03,15
2026-05-06T17:15:00Z,FI,145.66,15
2026-05-06T17:15:00Z,FR,150.01,15
2026-05-06T17:15:00Z,GR,177.94,15
2026-05-06T17:15:00Z,HR,162.56,15
2026-05-06T17:15:00Z,HU,173.97,15
2026-05-06T17:15:00Z,IT-CNorth,157.44,15
2026-05-06T17:15:00Z,IT-CSouth,157.44,15
2026-05-06T17:15:00Z,IT-North,157.44,15
2026-05-06T17:15:00Z,IT-Sardinia,157.44,15
2026-05-06T17:15:00Z,IT-Sicily,157.44,15
2026-05-06T17:15:00Z,IT-South,157.44,15
2026-05-06T17:15:00Z,LT,145.66,15
2026-05-06T17:15:00Z,LV,145.66,15
2026-05-06T17:15:00Z,NL,147.83,15
2026-05-06T17:15:00Z,NO1,145.66,15
2026-05-06T17:15:00Z,NO2,145.66,15
2026-05-06T17:15:00Z,NO3,145.66,15
2026-05-06T17:15:00Z,NO4,145.66,15
2026-05-06T17:15:00Z,NO5,145.66,15
2026-05-06T17:15:00Z,PL,128.00,15
2026-05-06T17:15:00Z,PT,89.20,15
2026-05-06T17:15:00Z,RO,177.94,15
2026-05-06T17:15:00Z,SE1,145.66,15
2026-05-06T17:15:00Z,SE2,145.66,15
2026-05-06T17:15:00Z,SE3,145.66,15
2026-05-06T17:15:00Z,SE4,145.66,15
2026-05-06T17:15:00Z,SI,157.44,15
2026-05-06T17:15:00Z,SK,144.68,15
2026-05-06T17:30:00Z,AT,158.31,15
2026-05-06T17:30:00Z,BE,157.24,15
2026-05-06T17:30:00Z,CZ,155.89,15
2026-05-06T17:30:00Z,DE-LU,157.31,15
2026-05-06T17:30:00Z,DK1,157.31,15
2026-05-06T17:30:00Z,DK2,157.31,15
2026-05-06T17:30:00Z,EE,152.74,15
2026-05-06T17:30:00Z,ES,44.78,15
2026-05-06T17:30:00Z,FI,152.74,15
2026-05-06T17:30:00Z,FR,157.24,15
2026-05-06T17:30:00Z,GR,176.41,15
2026-05-06T17:30:00Z,HR,165.90,15
2026-05-06T17:30:00Z,HU,173.69,15
2026-05-06T17:30:00Z,IT-CNorth,172.28,15
2026-05-06T17:30:00Z,IT-CSouth,172.28,15
2026-05-06T17:30:00Z,IT-North,172.28,15
2026-05-06T17:30:00Z,IT-Sardinia,172.28,15
2026-05-06T17:30:00Z,IT-Sicily,172.28,15
2026-05-06T17:30:00Z,IT-South,172.28,15
2026-05-06T17:30:00Z,LT,152.74,15
2026-05-06T17:30:00Z,LV,152.74,15
2026-05-06T17:30:00Z,NL,155.84,15
2026-05-06T17:30:00Z,NO1,152.74,15
2026-05-06T17:30:00Z,NO2,152.74,15
2026-05-06T17:30:00Z,NO3,152.74,15
2026-05-06T17:30:00Z,NO4,152.74,15
2026-05-06T17:30:00Z,NO5,152.74,15
2026-05-06T17:30:00Z,PL,153.80,15
2026-05-06T17:30:00Z,PT,95.78,15
2026-05-06T17:30:00Z,RO,176.41,15
2026-05-06T17:30:00Z,SE1,152.74,15
2026-05-06T17:30:00Z,SE2,152.74,15
2026-05-06T17:30:00Z,SE3,152.74,15
2026-05-06T17:30:00Z,SE4,152.74,15
2026-05-06T17:30:00Z,SI,162.39,15
2026-05-06T17:30:00Z,SK,153.67,15
2026-05-06T17:45:00Z,AT,171.93,15
2026-05-06T17:45:00Z,BE,170.64,15
2026-05-06T17:45:00Z,CZ,167.97,15
2026-05-06T17:45:00Z,DE-LU,170.60,15
2026-05-06T17:45:00Z,DK1,170.60,15
2026-05-06T17:45:00Z,DK2,170.60,15
2026-05-06T17:45:00Z,EE,165.31,15
2026-05-06T17:45:00Z,ES,55.04,15
2026-05-06T17:45:00Z,FI,165.31,15
2026-05-06T17:45:00Z,FR,170.42,15
2026-05-06T17:45:00Z,GR,205.60,15
2026-05-06T17:45:00Z,HR,187.34,15
2026-05-06T17:45:00Z,HU,200.48,15
2026-05-06T17:45:00Z,IT-CNorth,188.15,15
2026-05-06T17:45:00Z,IT-CSouth,188.15,15
2026-05-06T17:45:00Z,IT-North,188.15,15
2026-05-06T17:45:00Z,IT-Sardinia,188.15,15
2026-05-06T17:45:00Z,IT-Sicily,188.15,15
2026-05-06T17:45:00Z,IT-South,188.15,15
2026-05-06T17:45:00Z,LT,165.31,15
2026-05-06T17:45:00Z,LV,165.31,15
2026-05-06T17:45:00Z,NL,169.12,15
2026-05-06T17:45:00Z,NO1,165.31,15
2026-05-06T17:45:00Z,NO2,165.31,15
2026-05-06T17:45:00Z,NO3,165.31,15
2026-05-06T17:45:00Z,NO4,165.31,15
2026-05-06T17:45:00Z,NO5,165.31,15
2026-05-06T17:45:00Z,PL,169.23,15
2026-05-06T17:45:00Z,PT,114.63,15
2026-05-06T17:45:00Z,RO,205.60,15
2026-05-06T17:45:00Z,SE1,165.31,15
2026-05-06T17:45:00Z,SE2,165.31,15
2026-05-06T17:45:00Z,SE3,165.31,15
2026-05-06T17:45:00Z,SE4,165.31,15
2026-05-06T17:45:00Z,SI,181.28,15
2026-05-06T17:45:00Z,SK,164.16,15
2026-05-06T18:00:00Z,AT,152.26,15
2026-05-06T18:00:00Z,BE,141.67,15
2026-05-06T18:00:00Z,CH,174.00,60
2026-05-06T18:00:00Z,CZ,140.57,15
2026-05-06T18:00:00Z,DE-LU,146.00,15
2026-05-06T18:00:00Z,DK1,146.00,15
2026-05-06T18:00:00Z,DK2,146.00,15
2026-05-06T18:00:00Z,EE,142.11,15
2026-05-06T18:00:00Z,ES,69.35,15
2026-05-06T18:00:00Z,FI,142.11,15
2026-05-06T18:00:00Z,FR,127.20,15
2026-05-06T18:00:00Z,GR,173.39,15
2026-05-06T18:00:00Z,HR,185.82,15
2026-05-06T18:00:00Z,HU,225.28,15
2026-05-06T18:00:00Z,IT-CNorth,170.50,15
2026-05-06T18:00:00Z,IT-CSouth,170.50,15
2026-05-06T18:00:00Z,IT-North,170.50,15
2026-05-06T18:00:00Z,IT-Sardinia,170.50,15
2026-05-06T18:00:00Z,IT-Sicily,170.50,15
2026-05-06T18:00:00Z,IT-South,170.50,15
2026-05-06T18:00:00Z,LT,142.11,15
2026-05-06T18:00:00Z,LV,142.11,15
2026-05-06T18:00:00Z,NL,143.94,15
2026-05-06T18:00:00Z,NO1,142.11,15
2026-05-06T18:00:00Z,NO2,142.11,15
2026-05-06T18:00:00Z,NO3,142.11,15
2026-05-06T18:00:00Z,NO4,142.11,15
2026-05-06T18:00:00Z,NO5,142.11,15
2026-05-06T18:00:00Z,PL,143.42,15
2026-05-06T18:00:00Z,PT,119.35,15
2026-05-06T18:00:00Z,RO,232.05,15
2026-05-06T18:00:00Z,RS,150.01,15
2026-05-06T18:00:00Z,SE1,142.11,15
2026-05-06T18:00:00Z,SE2,142.11,15
2026-05-06T18:00:00Z,SE3,142.11,15
2026-05-06T18:00:00Z,SE4,142.11,15
2026-05-06T18:00:00Z,SI,170.50,15
2026-05-06T18:00:00Z,SK,131.92,15
2026-05-06T18:15:00Z,AT,152.82,15
2026-05-06T18:15:00Z,BE,151.87,15
2026-05-06T18:15:00Z,CZ,144.02,15
2026-05-06T18:15:00Z,DE-LU,151.24,15
2026-05-06T18:15:00Z,DK1,151.24,15
2026-05-06T18:15:00Z,DK2,151.24,15
2026-05-06T18:15:00Z,EE,147.46,15
2026-05-06T18:15:00Z,ES,100.00,15
2026-05-06T18:15:00Z,FI,147.46,15
2026-05-06T18:15:00Z,FR,151.87,15
2026-05-06T18:15:00Z,GR,159.69,15
2026-05-06T18:15:00Z,HR,197.73,15
2026-05-06T18:15:00Z,HU,234.78,15
2026-05-06T18:15:00Z,IT-CNorth,183.01,15
2026-05-06T18:15:00Z,IT-CSouth,183.01,15
2026-05-06T18:15:00Z,IT-North,183.01,15
2026-05-06T18:15:00Z,IT-Sardinia,183.01,15
2026-05-06T18:15:00Z,IT-Sicily,183.01,15
2026-05-06T18:15:00Z,IT-South,183.01,15
2026-05-06T18:15:00Z,LT,147.46,15
2026-05-06T18:15:00Z,LV,147.46,15
2026-05-06T18:15:00Z,NL,151.24,15
2026-05-06T18:15:00Z,NO1,147.46,15
2026-05-06T18:15:00Z,NO2,147.46,15
2026-05-06T18:15:00Z,NO3,147.46,15
2026-05-06T18:15:00Z,NO4,147.46,15
2026-05-06T18:15:00Z,NO5,147.46,15
2026-05-06T18:15:00Z,PL,147.76,15
2026-05-06T18:15:00Z,PT,129.46,15
2026-05-06T18:15:00Z,RO,242.99,15
2026-05-06T18:15:00Z,SE1,147.46,15
2026-05-06T18:15:00Z,SE2,147.46,15
2026-05-06T18:15:00Z,SE3,147.46,15
2026-05-06T18:15:00Z,SE4,147.46,15
2026-05-06T18:15:00Z,SI,183.01,15
2026-05-06T18:15:00Z,SK,135.69,15
2026-05-06T18:30:00Z,AT,160.52,15
2026-05-06T18:30:00Z,BE,160.91,15
2026-05-06T18:30:00Z,CZ,155.93,15
2026-05-06T18:30:00Z,DE-LU,160.19,15
2026-05-06T18:30:00Z,DK1,160.19,15
2026-05-06T18:30:00Z,DK2,160.19,15
2026-05-06T18:30:00Z,EE,155.28,15
2026-05-06T18:30:00Z,ES,152.83,15
2026-05-06T18:30:00Z,FI,155.28,15
2026-05-06T18:30:00Z,FR,161.80,15
2026-05-06T18:30:00Z,GR,138.36,15
2026-05-06T18:30:00Z,HR,188.04,15
2026-05-06T18:30:00Z,HU,208.47,15
2026-05-06T18:30:00Z,IT-CNorth,179.84,15
2026-05-06T18:30:00Z,IT-CSouth,179.84,15
2026-05-06T18:30:00Z,IT-North,179.84,15
2026-05-06T18:30:00Z,IT-Sardinia,179.84,15
2026-05-06T18:30:00Z,IT-Sicily,179.84,15
2026-05-06T18:30:00Z,IT-South,179.84,15
2026-05-06T18:30:00Z,LT,155.28,15
2026-05-06T18:30:00Z,LV,155.28,15
2026-05-06T18:30:00Z,NL,160.19,15
2026-05-06T18:30:00Z,NO1,155.28,15
2026-05-06T18:30:00Z,NO2,155.28,15
2026-05-06T18:30:00Z,NO3,155.28,15
2026-05-06T18:30:00Z,NO4,155.28,15
2026-05-06T18:30:00Z,NO5,155.28,15
2026-05-06T18:30:00Z,PL,158.18,15
2026-05-06T18:30:00Z,PT,133.78,15
2026-05-06T18:30:00Z,RO,213.40,15
2026-05-06T18:30:00Z,SE1,155.28,15
2026-05-06T18:30:00Z,SE2,155.28,15
2026-05-06T18:30:00Z,SE3,155.28,15
2026-05-06T18:30:00Z,SE4,155.28,15
2026-05-06T18:30:00Z,SI,179.84,15
2026-05-06T18:30:00Z,SK,151.33,15
2026-05-06T18:45:00Z,AT,170.32,15
2026-05-06T18:45:00Z,BE,170.42,15
2026-05-06T18:45:00Z,CZ,169.06,15
2026-05-06T18:45:00Z,DE-LU,170.23,15
2026-05-06T18:45:00Z,DK1,170.23,15
2026-05-06T18:45:00Z,DK2,170.23,15
2026-05-06T18:45:00Z,EE,164.95,15
2026-05-06T18:45:00Z,ES,158.97,15
2026-05-06T18:45:00Z,FI,164.95,15
2026-05-06T18:45:00Z,FR,170.67,15
2026-05-06T18:45:00Z,GR,132.70,15
2026-05-06T18:45:00Z,HR,177.87,15
2026-05-06T18:45:00Z,HU,183.48,15
2026-05-06T18:45:00Z,IT-CNorth,175.62,15
2026-05-06T18:45:00Z,IT-CSouth,175.62,15
2026-05-06T18:45:00Z,IT-North,175.62,15
2026-05-06T18:45:00Z,IT-Sardinia,175.62,15
2026-05-06T18:45:00Z,IT-Sicily,175.62,15
2026-05-06T18:45:00Z,IT-South,175.62,15
2026-05-06T18:45:00Z,LT,164.95,15
2026-05-06T18:45:00Z,LV,164.95,15
2026-05-06T18:45:00Z,NL,170.23,15
2026-05-06T18:45:00Z,NO1,164.95,15
2026-05-06T18:45:00Z,NO2,164.95,15
2026-05-06T18:45:00Z,NO3,164.95,15
2026-05-06T18:45:00Z,NO4,164.95,15
2026-05-06T18:45:00Z,NO5,164.95,15
2026-05-06T18:45:00Z,PL,169.68,15
2026-05-06T18:45:00Z,PT,135.43,15
2026-05-06T18:45:00Z,RO,184.83,15
2026-05-06T18:45:00Z,SE1,164.95,15
2026-05-06T18:45:00Z,SE2,164.95,15
2026-05-06T18:45:00Z,SE3,164.95,15
2026-05-06T18:45:00Z,SE4,164.95,15
2026-05-06T18:45:00Z,SI,175.62,15
2026-05-06T18:45:00Z,SK,167.80,15
2026-05-06T19:00:00Z,AT,164.50,15
2026-05-06T19:00:00Z,BE,163.95,15
2026-05-06T19:00:00Z,CH,155.12,60
2026-05-06T19:00:00Z,CZ,161.82,15
2026-05-06T19:00:00Z,DE-LU,163.72,15
2026-05-06T19:00:00Z,DK1,163.72,15
2026-05-06T19:00:00Z,DK2,163.72,15
2026-05-06T19:00:00Z,EE,158.97,15
2026-05-06T19:00:00Z,ES,158.85,15
2026-05-06T19:00:00Z,FI,158.97,15
2026-05-06T19:00:00Z,FR,164.26,15
2026-05-06T19:00:00Z,GR,183.30,15
2026-05-06T19:00:00Z,HR,174.30,15
2026-05-06T19:00:00Z,HU,192.12,15
2026-05-06T19:00:00Z,IT-CNorth,197.08,15
2026-05-06T19:00:00Z,IT-CSouth,197.08,15
2026-05-06T19:00:00Z,IT-North,197.08,15
2026-05-06T19:00:00Z,IT-Sardinia,197.08,15
2026-05-06T19:00:00Z,IT-Sicily,197.08,15
2026-05-06T19:00:00Z,IT-South,197.08,15
2026-05-06T19:00:00Z,LT,158.97,15
2026-05-06T19:00:00Z,LV,158.97,15
2026-05-06T19:00:00Z,NL,163.72,15
2026-05-06T19:00:00Z,NO1,158.97,15
2026-05-06T19:00:00Z,NO2,158.97,15
2026-05-06T19:00:00Z,NO3,158.97,15
2026-05-06T19:00:00Z,NO4,158.97,15
2026-05-06T19:00:00Z,NO5,158.97,15
2026-05-06T19:00:00Z,PL,163.22,15
2026-05-06T19:00:00Z,PT,139.10,15
2026-05-06T19:00:00Z,RO,192.32,15
2026-05-06T19:00:00Z,RS,120.01,15
2026-05-06T19:00:00Z,SE1,158.97,15
2026-05-06T19:00:00Z,SE2,158.97,15
2026-05-06T19:00:00Z,SE3,158.97,15
2026-05-06T19:00:00Z,SE4,158.97,15
2026-05-06T19:00:00Z,SI,169.33,15
2026-05-06T19:00:00Z,SK,159.69,15
2026-05-06T19:15:00Z,AT,162.30,15
2026-05-06T19:15:00Z,BE,162.30,15
2026-05-06T19:15:00Z,CZ,162.30,15
2026-05-06T19:15:00Z,DE-LU,162.30,15
2026-05-06T19:15:00Z,DK1,162.30,15
2026-05-06T19:15:00Z,DK2,162.30,15
2026-05-06T19:15:00Z,EE,157.59,15
2026-05-06T19:15:00Z,ES,154.80,15
2026-05-06T19:15:00Z,FI,157.59,15
2026-05-06T19:15:00Z,FR,162.30,15
2026-05-06T19:15:00Z,GR,162.30,15
2026-05-06T19:15:00Z,HR,162.30,15
2026-05-06T19:15:00Z,HU,162.30,15
2026-05-06T19:15:00Z,IT-CNorth,177.70,15
2026-05-06T19:15:00Z,IT-CSouth,177.70,15
2026-05-06T19:15:00Z,IT-North,177.70,15
2026-05-06T19:15:00Z,IT-Sardinia,177.70,15
2026-05-06T19:15:00Z,IT-Sicily,177.70,15
2026-05-06T19:15:00Z,IT-South,177.70,15
2026-05-06T19:15:00Z,LT,157.59,15
2026-05-06T19:15:00Z,LV,157.59,15
2026-05-06T19:15:00Z,NL,162.30,15
2026-05-06T19:15:00Z,NO1,157.59,15
2026-05-06T19:15:00Z,NO2,157.59,15
2026-05-06T19:15:00Z,NO3,157.59,15
2026-05-06T19:15:00Z,NO4,157.59,15
2026-05-06T19:15:00Z,NO5,157.59,15
2026-05-06T19:15:00Z,PL,162.30,15
2026-05-06T19:15:00Z,PT,139.42,15
2026-05-06T19:15:00Z,RO,162.30,15
2026-05-06T19:15:00Z,SE1,157.59,15
2026-05-06T19:15:00Z,SE2,157.59,15
2026-05-06T19:15:00Z,SE3,157.59,15
2026-05-06T19:15:00Z,SE4,157.59,15
2026-05-06T19:15:00Z,SI,162.30,15
2026-05-06T19:15:00Z,SK,162.30,15
2026-05-06T19:30:00Z,AT,153.00,15
2026-05-06T19:30:00Z,BE,153.00,15
2026-05-06T19:30:00Z,CZ,153.00,15
2026-05-06T19:30:00Z,DE-LU,153.00,15
2026-05-06T19:30:00Z,DK1,153.00,15
2026-05-06T19:30:00Z,DK2,153.00,15
2026-05-06T19:30:00Z,EE,148.56,15
2026-05-06T19:30:00Z,ES,148.07,15
2026-05-06T19:30:00Z,FI,148.56,15
2026-05-06T19:30:00Z,FR,153.00,15
2026-05-06T19:30:00Z,GR,153.00,15
2026-05-06T19:30:00Z,HR,153.00,15
2026-05-06T19:30:00Z,HU,153.00,15
2026-05-06T19:30:00Z,IT-CNorth,165.50,15
2026-05-06T19:30:00Z,IT-CSouth,165.50,15
2026-05-06T19:30:00Z,IT-North,165.50,15
2026-05-06T19:30:00Z,IT-Sardinia,165.50,15
2026-05-06T19:30:00Z,IT-Sicily,165.50,15
2026-05-06T19:30:00Z,IT-South,165.50,15
2026-05-06T19:30:00Z,LT,148.56,15
2026-05-06T19:30:00Z,LV,148.56,15
2026-05-06T19:30:00Z,NL,153.00,15
2026-05-06T19:30:00Z,NO1,148.56,15
2026-05-06T19:30:00Z,NO2,148.56,15
2026-05-06T19:30:00Z,NO3,148.56,15
2026-05-06T19:30:00Z,NO4,148.56,15
2026-05-06T19:30:00Z,NO5,148.56,15
2026-05-06T19:30:00Z,PL,153.00,15
2026-05-06T19:30:00Z,RO,153.00,15
2026-05-06T19:30:00Z,SE1,148.56,15
2026-05-06T19:30:00Z,SE2,148.56,15
2026-05-06T19:30:00Z,SE3,148.56,15
2026-05-06T19:30:00Z,SE4,148.56,15
2026-05-06T19:30:00Z,SI,153.00,15
2026-05-06T19:30:00Z,SK,153.00,15
2026-05-06T19:45:00Z,AT,139.42,15
2026-05-06T19:45:00Z,BE,139.42,15
2026-05-06T19:45:00Z,CZ,139.42,15
2026-05-06T19:45:00Z,DE-LU,139.42,15
2026-05-06T19:45:00Z,DK1,139.42,15
2026-05-06T19:45:00Z,DK2,139.42,15
2026-05-06T19:45:00Z,EE,135.69,15
2026-05-06T19:45:00Z,ES,134.74,15
2026-05-06T19:45:00Z,FI,135.69,15
2026-05-06T19:45:00Z,FR,139.42,15
2026-05-06T19:45:00Z,GR,139.42,15
2026-05-06T19:45:00Z,HR,139.42,15
2026-05-06T19:45:00Z,HU,139.42,15
2026-05-06T19:45:00Z,IT-CNorth,156.48,15
2026-05-06T19:45:00Z,IT-CSouth,156.48,15
2026-05-06T19:45:00Z,IT-North,156.48,15
2026-05-06T19:45:00Z,IT-Sardinia,156.48,15
2026-05-06T19:45:00Z,IT-Sicily,156.48,15
2026-05-06T19:45:00Z,IT-South,156.48,15
2026-05-06T19:45:00Z,LT,135.69,15
2026-05-06T19:45:00Z,LV,135.69,15
2026-05-06T19:45:00Z,NL,139.42,15
2026-05-06T19:45:00Z,NO1,135.69,15
2026-05-06T19:45:00Z,NO2,135.69,15
2026-05-06T19:45:00Z,NO3,135.69,15
2026-05-06T19:45:00Z,NO4,135.69,15
2026-05-06T19:45:00Z,NO5,135.69,15
2026-05-06T19:45:00Z,PL,139.42,15
2026-05-06T19:45:00Z,RO,139.42,15
2026-05-06T19:45:00Z,SE1,135.69,15
2026-05-06T19:45:00Z,SE2,135.69,15
2026-05-06T19:45:00Z,SE3,135.69,15
2026-05-06T19:45:00Z,SE4,135.69,15
2026-05-06T19:45:00Z,SI,139.42,15
2026-05-06T19:45:00Z,SK,139.42,15
2026-05-06T20:00:00Z,AT,155.83,15
2026-05-06T20:00:00Z,BE,155.83,15
2026-05-06T20:00:00Z,CH,139.61,60
2026-05-06T20:00:00Z,CZ,155.83,15
2026-05-06T20:00:00Z,DE-LU,155.83,15
2026-05-06T20:00:00Z,DK1,155.83,15
2026-05-06T20:00:00Z,DK2,155.83,15
2026-05-06T20:00:00Z,EE,151.00,15
2026-05-06T20:00:00Z,ES,150.00,15
2026-05-06T20:00:00Z,FI,151.00,15
2026-05-06T20:00:00Z,FR,155.83,15
2026-05-06T20:00:00Z,GR,155.83,15
2026-05-06T20:00:00Z,HR,155.83,15
2026-05-06T20:00:00Z,HU,155.83,15
2026-05-06T20:00:00Z,IT-CNorth,157.12,15
2026-05-06T20:00:00Z,IT-CSouth,157.12,15
2026-05-06T20:00:00Z,IT-North,157.12,15
2026-05-06T20:00:00Z,IT-Sardinia,157.12,15
2026-05-06T20:00:00Z,IT-Sicily,157.12,15
2026-05-06T20:00:00Z,IT-South,157.12,15
2026-05-06T20:00:00Z,LT,151.00,15
2026-05-06T20:00:00Z,LV,151.00,15
2026-05-06T20:00:00Z,NL,155.83,15
2026-05-06T20:00:00Z,NO1,151.00,15
2026-05-06T20:00:00Z,NO2,151.00,15
2026-05-06T20:00:00Z,NO3,151.00,15
2026-05-06T20:00:00Z,NO4,151.00,15
2026-05-06T20:00:00Z,NO5,151.00,15
2026-05-06T20:00:00Z,PL,155.83,15
2026-05-06T20:00:00Z,RO,155.83,15
2026-05-06T20:00:00Z,RS,119.04,15
2026-05-06T20:00:00Z,SE1,151.00,15
2026-05-06T20:00:00Z,SE2,151.00,15
2026-05-06T20:00:00Z,SE3,151.00,15
2026-05-06T20:00:00Z,SE4,151.00,15
2026-05-06T20:00:00Z,SI,155.83,15
2026-05-06T20:00:00Z,SK,155.83,15
2026-05-06T20:15:00Z,AT,148.44,15
2026-05-06T20:15:00Z,BE,148.44,15
2026-05-06T20:15:00Z,CZ,148.44,15
2026-05-06T20:15:00Z,DE-LU,148.44,15
2026-05-06T20:15:00Z,DK1,148.44,15
2026-05-06T20:15:00Z,DK2,148.44,15
2026-05-06T20:15:00Z,EE,144.13,15
2026-05-06T20:15:00Z,ES,139.45,15
2026-05-06T20:15:00Z,FI,144.13,15
2026-05-06T20:15:00Z,FR,148.44,15
2026-05-06T20:15:00Z,GR,148.44,15
2026-05-06T20:15:00Z,HR,148.44,15
2026-05-06T20:15:00Z,HU,148.44,15
2026-05-06T20:15:00Z,IT-CNorth,149.00,15
2026-05-06T20:15:00Z,IT-CSouth,149.00,15
2026-05-06T20:15:00Z,IT-North,149.00,15
2026-05-06T20:15:00Z,IT-Sardinia,149.00,15
2026-05-06T20:15:00Z,IT-Sicily,149.00,15
2026-05-06T20:15:00Z,IT-South,149.00,15
2026-05-06T20:15:00Z,LT,144.13,15
2026-05-06T20:15:00Z,LV,144.13,15
2026-05-06T20:15:00Z,NL,148.44,15
2026-05-06T20:15:00Z,NO1,144.13,15
2026-05-06T20:15:00Z,NO2,144.13,15
2026-05-06T20:15:00Z,NO3,144.13,15
2026-05-06T20:15:00Z,NO4,144.13,15
2026-05-06T20:15:00Z,NO5,144.13,15
2026-05-06T20:15:00Z,PL,148.44,15
2026-05-06T20:15:00Z,RO,148.44,15
2026-05-06T20:15:00Z,SE1,144.13,15
2026-05-06T20:15:00Z,SE2,144.13,15
2026-05-06T20:15:00Z,SE3,144.13,15
2026-05-06T20:15:00Z,SE4,144.13,15
2026-05-06T20:15:00Z,SI,148.44,15
2026-05-06T20:15:00Z,SK,148.44,15
2026-05-06T20:30:00Z,AT,140.00,15
2026-05-06T20:30:00Z,BE,140.45,15
2026-05-06T20:30:00Z,CZ,136.97,15
2026-05-06T20:30:00Z,DE-LU,139.95,15
2026-05-06T20:30:00Z,DK1,139.95,15
2026-05-06T20:30:00Z,DK2,139.95,15
2026-05-06T20:30:00Z,EE,136.24,15
2026-05-06T20:30:00Z,ES,135.14,15
2026-05-06T20:30:00Z,FI,136.24,15
2026-05-06T20:30:00Z,FR,141.07,15
2026-05-06T20:30:00Z,GR,171.42,15
2026-05-06T20:30:00Z,HR,152.96,15
2026-05-06T20:30:00Z,HU,167.91,15
2026-05-06T20:30:00Z,IT-CNorth,147.68,15
2026-05-06T20:30:00Z,IT-CSouth,147.68,15
2026-05-06T20:30:00Z,IT-North,147.68,15
2026-05-06T20:30:00Z,IT-Sardinia,147.68,15
2026-05-06T20:30:00Z,IT-Sicily,147.68,15
2026-05-06T20:30:00Z,IT-South,147.68,15
2026-05-06T20:30:00Z,LT,136.24,15
2026-05-06T20:30:00Z,LV,136.24,15
2026-05-06T20:30:00Z,NL,139.95,15
2026-05-06T20:30:00Z,NO1,136.24,15
2026-05-06T20:30:00Z,NO2,136.24,15
2026-05-06T20:30:00Z,NO3,136.24,15
2026-05-06T20:30:00Z,NO4,136.24,15
2026-05-06T20:30:00Z,NO5,136.24,15
2026-05-06T20:30:00Z,PL,138.24,15
2026-05-06T20:30:00Z,RO,171.42,15
2026-05-06T20:30:00Z,SE1,136.24,15
2026-05-06T20:30:00Z,SE2,136.24,15
2026-05-06T20:30:00Z,SE3,136.24,15
2026-05-06T20:30:00Z,SE4,136.24,15
2026-05-06T20:30:00Z,SI,147.68,15
2026-05-06T20:30:00Z,SK,132.93,15
2026-05-06T20:45:00Z,AT,130.28,15
2026-05-06T20:45:00Z,BE,129.97,15
2026-05-06T20:45:00Z,CZ,126.10,15
2026-05-06T20:45:00Z,DE-LU,129.43,15
2026-05-06T20:45:00Z,DK1,129.43,15
2026-05-06T20:45:00Z,DK2,129.43,15
2026-05-06T20:45:00Z,EE,126.20,15
2026-05-06T20:45:00Z,ES,126.53,15
2026-05-06T20:45:00Z,FI,126.20,15
2026-05-06T20:45:00Z,FR,130.66,15
2026-05-06T20:45:00Z,GR,171.14,15
2026-05-06T20:45:00Z,HR,149.98,15
2026-05-06T20:45:00Z,HU,166.14,15
2026-05-06T20:45:00Z,IT-CNorth,144.06,15
2026-05-06T20:45:00Z,IT-CSouth,144.06,15
2026-05-06T20:45:00Z,IT-North,144.06,15
2026-05-06T20:45:00Z,IT-Sardinia,144.06,15
2026-05-06T20:45:00Z,IT-Sicily,144.06,15
2026-05-06T20:45:00Z,IT-South,144.06,15
2026-05-06T20:45:00Z,LT,126.20,15
2026-05-06T20:45:00Z,LV,126.20,15
2026-05-06T20:45:00Z,NL,129.43,15
2026-05-06T20:45:00Z,NO1,126.20,15
2026-05-06T20:45:00Z,NO2,126.20,15
2026-05-06T20:45:00Z,NO3,126.20,15
2026-05-06T20:45:00Z,NO4,126.20,15
2026-05-06T20:45:00Z,NO5,126.20,15
2026-05-06T20:45:00Z,PL,127.84,15
2026-05-06T20:45:00Z,PT,130.66,15
2026-05-06T20:45:00Z,RO,171.14,15
2026-05-06T20:45:00Z,SE1,126.20,15
2026-05-06T20:45:00Z,SE2,126.20,15
2026-05-06T20:45:00Z,SE3,126.20,15
2026-05-06T20:45:00Z,SE4,126.20,15
2026-05-06T20:45:00Z,SI,144.06,15
2026-05-06T20:45:00Z,SK,121.65,15
2026-05-06T21:00:00Z,AT,138.55,15
2026-05-06T21:00:00Z,BE,137.42,15
2026-05-06T21:00:00Z,CH,126.41,60
2026-05-06T21:00:00Z,CZ,134.65,15
2026-05-06T21:00:00Z,DE-LU,137.00,15
2026-05-06T21:00:00Z,DK1,137.00,15
2026-05-06T21:00:00Z,DK2,137.00,15
2026-05-06T21:00:00Z,EE,132.16,15
2026-05-06T21:00:00Z,ES,130.75,15
2026-05-06T21:00:00Z,FI,132.16,15
2026-05-06T21:00:00Z,FR,137.85,15
2026-05-06T21:00:00Z,GR,167.49,15
2026-05-06T21:00:00Z,HR,149.97,15
2026-05-06T21:00:00Z,HU,166.08,15
2026-05-06T21:00:00Z,IT-CNorth,145.16,15
2026-05-06T21:00:00Z,IT-CSouth,145.16,15
2026-05-06T21:00:00Z,IT-North,145.16,15
2026-05-06T21:00:00Z,IT-Sardinia,145.16,15
2026-05-06T21:00:00Z,IT-Sicily,145.16,15
2026-05-06T21:00:00Z,IT-South,145.16,15
2026-05-06T21:00:00Z,LT,132.16,15
2026-05-06T21:00:00Z,LV,132.16,15
2026-05-06T21:00:00Z,NL,137.18,15
2026-05-06T21:00:00Z,NO1,132.16,15
2026-05-06T21:00:00Z,NO2,132.16,15
2026-05-06T21:00:00Z,NO3,132.16,15
2026-05-06T21:00:00Z,NO4,132.16,15
2026-05-06T21:00:00Z,NO5,132.16,15
2026-05-06T21:00:00Z,PL,135.63,15
2026-05-06T21:00:00Z,PT,137.31,15
2026-05-06T21:00:00Z,RO,167.49,15
2026-05-06T21:00:00Z,RS,125.08,15
2026-05-06T21:00:00Z,SE1,132.16,15
2026-05-06T21:00:00Z,SE2,132.16,15
2026-05-06T21:00:00Z,SE3,132.16,15
2026-05-06T21:00:00Z,SE4,132.16,15
2026-05-06T21:00:00Z,SI,145.16,15
2026-05-06T21:00:00Z,SK,130.75,15
2026-05-06T21:15:00Z,AT,131.35,15
2026-05-06T21:15:00Z,BE,130.01,15
2026-05-06T21:15:00Z,CZ,126.74,15
2026-05-06T21:15:00Z,DE-LU,129.51,15
2026-05-06T21:15:00Z,DK1,129.51,15
2026-05-06T21:15:00Z,DK2,129.51,15
2026-05-06T21:15:00Z,EE,125.53,15
2026-05-06T21:15:00Z,ES,124.30,15
2026-05-06T21:15:00Z,FI,125.53,15
2026-05-06T21:15:00Z,FR,130.52,15
2026-05-06T21:15:00Z,GR,165.57,15
2026-05-06T21:15:00Z,HR,144.85,15
2026-05-06T21:15:00Z,HU,163.90,15
2026-05-06T21:15:00Z,IT-CNorth,139.16,15
2026-05-06T21:15:00Z,IT-CSouth,139.16,15
2026-05-06T21:15:00Z,IT-North,139.16,15
2026-05-06T21:15:00Z,IT-Sardinia,139.16,15
2026-05-06T21:15:00Z,IT-Sicily,139.16,15
2026-05-06T21:15:00Z,IT-South,139.16,15
2026-05-06T21:15:00Z,LT,125.53,15
2026-05-06T21:15:00Z,LV,125.53,15
2026-05-06T21:15:00Z,NL,129.73,15
2026-05-06T21:15:00Z,NO1,125.53,15
2026-05-06T21:15:00Z,NO2,125.53,15
2026-05-06T21:15:00Z,NO3,125.53,15
2026-05-06T21:15:00Z,NO4,125.53,15
2026-05-06T21:15:00Z,NO5,125.53,15
2026-05-06T21:15:00Z,PL,127.90,15
2026-05-06T21:15:00Z,PT,130.52,15
2026-05-06T21:15:00Z,RO,165.57,15
2026-05-06T21:15:00Z,SE1,125.53,15
2026-05-06T21:15:00Z,SE2,125.53,15
2026-05-06T21:15:00Z,SE3,125.53,15
2026-05-06T21:15:00Z,SE4,125.53,15
2026-05-06T21:15:00Z,SI,139.16,15
2026-05-06T21:15:00Z,SK,122.13,15
2026-05-06T21:30:00Z,AT,127.60,15
2026-05-06T21:30:00Z,BE,126.50,15
2026-05-06T21:30:00Z,CZ,123.82,15
2026-05-06T21:30:00Z,DE-LU,126.10,15
2026-05-06T21:30:00Z,DK1,126.10,15
2026-05-06T21:30:00Z,DK2,126.10,15
2026-05-06T21:30:00Z,EE,122.19,15
2026-05-06T21:30:00Z,ES,116.92,15
2026-05-06T21:30:00Z,FI,122.19,15
2026-05-06T21:30:00Z,FR,126.92,15
2026-05-06T21:30:00Z,GR,155.63,15
2026-05-06T21:30:00Z,HR,138.66,15
2026-05-06T21:30:00Z,HU,154.26,15
2026-05-06T21:30:00Z,IT-CNorth,134.00,15
2026-05-06T21:30:00Z,IT-CSouth,134.00,15
2026-05-06T21:30:00Z,IT-North,134.00,15
2026-05-06T21:30:00Z,IT-Sardinia,134.00,15
2026-05-06T21:30:00Z,IT-Sicily,134.00,15
2026-05-06T21:30:00Z,IT-South,134.00,15
2026-05-06T21:30:00Z,LT,122.19,15
2026-05-06T21:30:00Z,LV,122.19,15
2026-05-06T21:30:00Z,NL,126.27,15
2026-05-06T21:30:00Z,NO1,122.19,15
2026-05-06T21:30:00Z,NO2,122.19,15
2026-05-06T21:30:00Z,NO3,122.19,15
2026-05-06T21:30:00Z,NO4,122.19,15
2026-05-06T21:30:00Z,NO5,122.19,15
2026-05-06T21:30:00Z,PL,124.77,15
2026-05-06T21:30:00Z,PT,126.92,15
2026-05-06T21:30:00Z,RO,155.63,15
2026-05-06T21:30:00Z,SE1,122.19,15
2026-05-06T21:30:00Z,SE2,122.19,15
2026-05-06T21:30:00Z,SE3,122.19,15
2026-05-06T21:30:00Z,SE4,122.19,15
2026-05-06T21:30:00Z,SI,134.00,15
2026-05-06T21:30:00Z,SK,120.04,15
2026-05-06T21:45:00Z,AT,121.34,15
2026-05-06T21:45:00Z,BE,120.67,15
2026-05-06T21:45:00Z,CZ,119.05,15
2026-05-06T21:45:00Z,DE-LU,120.43,15
2026-05-06T21:45:00Z,DK1,120.43,15
2026-05-06T21:45:00Z,DK2,120.43,15
2026-05-06T21:45:00Z,EE,117.42,15
2026-05-06T21:45:00Z,ES,113.76,15
2026-05-06T21:45:00Z,FI,117.42,15
2026-05-06T21:45:00Z,FR,120.93,15
2026-05-06T21:45:00Z,GR,138.35,15
2026-05-06T21:45:00Z,HR,128.05,15
2026-05-06T21:45:00Z,HU,137.53,15
2026-05-06T21:45:00Z,IT-CNorth,125.23,15
2026-05-06T21:45:00Z,IT-CSouth,125.23,15
2026-05-06T21:45:00Z,IT-North,125.23,15
2026-05-06T21:45:00Z,IT-Sardinia,125.23,15
2026-05-06T21:45:00Z,IT-Sicily,125.23,15
2026-05-06T21:45:00Z,IT-South,125.23,15
2026-05-06T21:45:00Z,LT,117.42,15
2026-05-06T21:45:00Z,LV,117.42,15
2026-05-06T21:45:00Z,NL,120.54,15
2026-05-06T21:45:00Z,NO1,117.42,15
2026-05-06T21:45:00Z,NO2,117.42,15
2026-05-06T21:45:00Z,NO3,117.42,15
2026-05-06T21:45:00Z,NO4,117.42,15
2026-05-06T21:45:00Z,NO5,117.42,15
2026-05-06T21:45:00Z,PL,119.62,15
2026-05-06T21:45:00Z,PT,120.93,15
2026-05-06T21:45:00Z,RO,138.35,15
2026-05-06T21:45:00Z,SE1,117.42,15
2026-05-06T21:45:00Z,SE2,117.42,15
2026-05-06T21:45:00Z,SE3,117.42,15
2026-05-06T21:45:00Z,SE4,117.42,15
2026-05-06T21:45:00Z,SI,125.23,15
2026-05-06T21:45:00Z,SK,116.76,15
2026-05-06T22:00:00Z,AT,132.84,15
2026-05-06T22:00:00Z,BE,132.67,15
2026-05-06T22:00:00Z,CH,125.73,60
2026-05-06T22:00:00Z,CZ,132.13,15
2026-05-06T22:00:00Z,DE-LU,132.57,15
2026-05-06T22:00:00Z,DK1,132.57,15
2026-05-06T22:00:00Z,DK2,132.57,15
2026-05-06T22:00:00Z,EE,122.15,15
2026-05-06T22:00:00Z,ES,110.92,15
2026-05-06T22:00:00Z,FI,122.15,15
2026-05-06T22:00:00Z,FR,132.74,15
2026-05-06T22:00:00Z,GR,138.36,15
2026-05-06T22:00:00Z,HR,134.94,15
2026-05-06T22:00:00Z,HU,137.53,15
2026-05-06T22:00:00Z,IT-CNorth,144.50,15
2026-05-06T22:00:00Z,IT-CSouth,144.50,15
2026-05-06T22:00:00Z,IT-North,144.50,15
2026-05-06T22:00:00Z,IT-Sardinia,144.50,15
2026-05-06T22:00:00Z,IT-Sicily,144.50,15
2026-05-06T22:00:00Z,IT-South,144.50,15
2026-05-06T22:00:00Z,LT,122.15,15
2026-05-06T22:00:00Z,LV,122.15,15
2026-05-06T22:00:00Z,NL,132.63,15
2026-05-06T22:00:00Z,NO1,122.15,15
2026-05-06T22:00:00Z,NO2,122.15,15
2026-05-06T22:00:00Z,NO3,122.15,15
2026-05-06T22:00:00Z,NO4,122.15,15
2026-05-06T22:00:00Z,NO5,122.15,15
2026-05-06T22:00:00Z,PL,132.40,15
2026-05-06T22:00:00Z,PT,132.74,15
2026-05-06T22:00:00Z,RO,138.36,15
2026-05-06T22:00:00Z,RS,97.09,15
2026-05-06T22:00:00Z,SE1,122.15,15
2026-05-06T22:00:00Z,SE2,122.15,15
2026-05-06T22:00:00Z,SE3,122.15,15
2026-05-06T22:00:00Z,SE4,122.15,15
2026-05-06T22:00:00Z,SI,134.08,15
2026-05-06T22:00:00Z,SK,131.11,15
2026-05-06T22:15:00Z,AT,126.00,15
2026-05-06T22:15:00Z,BE,126.00,15
2026-05-06T22:15:00Z,CZ,126.00,15
2026-05-06T22:15:00Z,DE-LU,126.00,15
2026-05-06T22:15:00Z,DK1,126.00,15
2026-05-06T22:15:00Z,DK2,126.00,15
2026-05-06T22:15:00Z,EE,122.09,15
2026-05-06T22:15:00Z,ES,112.45,15
2026-05-06T22:15:00Z,FI,122.09,15
2026-05-06T22:15:00Z,FR,126.00,15
2026-05-06T22:15:00Z,GR,126.00,15
2026-05-06T22:15:00Z,HR,126.00,15
2026-05-06T22:15:00Z,HU,126.00,15
2026-05-06T22:15:00Z,LT,122.09,15
2026-05-06T22:15:00Z,LV,122.09,15
2026-05-06T22:15:00Z,NL,126.00,15
2026-05-06T22:15:00Z,NO1,122.09,15
2026-05-06T22:15:00Z,NO2,122.09,15
2026-05-06T22:15:00Z,NO3,122.09,15
2026-05-06T22:15:00Z,NO4,122.09,15
2026-05-06T22:15:00Z,NO5,122.09,15
2026-05-06T22:15:00Z,PL,126.00,15
2026-05-06T22:15:00Z,PT,126.00,15
2026-05-06T22:15:00Z,RO,126.00,15
2026-05-06T22:15:00Z,SE1,122.09,15
2026-05-06T22:15:00Z,SE2,122.09,15
2026-05-06T22:15:00Z,SE3,122.09,15
2026-05-06T22:15:00Z,SE4,122.09,15
2026-05-06T22:15:00Z,SI,126.00,15
2026-05-06T22:15:00Z,SK,126.00,15
2026-05-06T22:30:00Z,AT,123.09,15
2026-05-06T22:30:00Z,BE,123.09,15
2026-05-06T22:30:00Z,CZ,123.09,15
2026-05-06T22:30:00Z,DE-LU,123.09,15
2026-05-06T22:30:00Z,DK1,123.09,15
2026-05-06T22:30:00Z,DK2,123.09,15
2026-05-06T22:30:00Z,EE,119.27,15
2026-05-06T22:30:00Z,ES,108.09,15
2026-05-06T22:30:00Z,FI,119.27,15
2026-05-06T22:30:00Z,FR,123.09,15
2026-05-06T22:30:00Z,GR,123.09,15
2026-05-06T22:30:00Z,HR,123.09,15
2026-05-06T22:30:00Z,HU,123.09,15
2026-05-06T22:30:00Z,IT-CNorth,144.00,15
2026-05-06T22:30:00Z,IT-CSouth,144.00,15
2026-05-06T22:30:00Z,IT-North,144.00,15
2026-05-06T22:30:00Z,IT-Sardinia,144.00,15
2026-05-06T22:30:00Z,IT-Sicily,144.00,15
2026-05-06T22:30:00Z,IT-South,144.00,15
2026-05-06T22:30:00Z,LT,119.27,15
2026-05-06T22:30:00Z,LV,119.27,15
2026-05-06T22:30:00Z,NL,123.09,15
2026-05-06T22:30:00Z,NO1,119.27,15
2026-05-06T22:30:00Z,NO2,119.27,15
2026-05-06T22:30:00Z,NO3,119.27,15
2026-05-06T22:30:00Z,NO4,119.27,15
2026-05-06T22:30:00Z,NO5,119.27,15
2026-05-06T22:30:00Z,PL,123.09,15
2026-05-06T22:30:00Z,PT,123.09,15
2026-05-06T22:30:00Z,RO,123.09,15
2026-05-06T22:30:00Z,SE1,119.27,15
2026-05-06T22:30:00Z,SE2,119.27,15
2026-05-06T22:30:00Z,SE3,119.27,15
2026-05-06T22:30:00Z,SE4,119.27,15
2026-05-06T22:30:00Z,SI,123.09,15
2026-05-06T22:30:00Z,SK,123.09,15
2026-05-06T22:45:00Z,AT,119.02,15
2026-05-06T22:45:00Z,BE,118.97,15
2026-05-06T22:45:00Z,CZ,118.82,15
2026-05-06T22:45:00Z,DE-LU,118.95,15
2026-05-06T22:45:00Z,DK1,118.95,15
2026-05-06T22:45:00Z,DK2,118.95,15
2026-05-06T22:45:00Z,EE,115.92,15
2026-05-06T22:45:00Z,ES,98.99,15
2026-05-06T22:45:00Z,FI,115.92,15
2026-05-06T22:45:00Z,FR,118.99,15
2026-05-06T22:45:00Z,GR,120.64,15
2026-05-06T22:45:00Z,HR,119.64,15
2026-05-06T22:45:00Z,HU,120.40,15
2026-05-06T22:45:00Z,IT-CNorth,130.00,15
2026-05-06T22:45:00Z,IT-CSouth,130.00,15
2026-05-06T22:45:00Z,IT-North,130.00,15
2026-05-06T22:45:00Z,IT-Sardinia,130.00,15
2026-05-06T22:45:00Z,IT-Sicily,130.00,15
2026-05-06T22:45:00Z,IT-South,130.00,15
2026-05-06T22:45:00Z,LT,115.92,15
2026-05-06T22:45:00Z,LV,115.92,15
2026-05-06T22:45:00Z,NL,118.96,15
2026-05-06T22:45:00Z,NO1,115.92,15
2026-05-06T22:45:00Z,NO2,115.92,15
2026-05-06T22:45:00Z,NO3,115.92,15
2026-05-06T22:45:00Z,NO4,115.92,15
2026-05-06T22:45:00Z,NO5,115.92,15
2026-05-06T22:45:00Z,PL,118.90,15
2026-05-06T22:45:00Z,PT,118.99,15
2026-05-06T22:45:00Z,RO,120.64,15
2026-05-06T22:45:00Z,SE1,115.92,15
2026-05-06T22:45:00Z,SE2,115.92,15
2026-05-06T22:45:00Z,SE3,115.92,15
2026-05-06T22:45:00Z,SE4,115.92,15
2026-05-06T22:45:00Z,SI,119.39,15
2026-05-06T22:45:00Z,SK,118.52,15
2026-05-06T23:00:00Z,AT,118.41,15
2026-05-06T23:00:00Z,BE,118.22,15
2026-05-06T23:00:00Z,CH,123.39,60
2026-05-06T23:00:00Z,CZ,117.83,15
2026-05-06T23:00:00Z,DE-LU,118.17,15
2026-05-06T23:00:00Z,DK1,118.17,15
2026-05-06T23:00:00Z,DK2,118.17,15
2026-05-06T23:00:00Z,EE,114.75,15
2026-05-06T23:00:00Z,ES,104.98,15
2026-05-06T23:00:00Z,FI,114.75,15
2026-05-06T23:00:00Z,FR,118.17,15
2026-05-06T23:00:00Z,GR,122.84,15
2026-05-06T23:00:00Z,HR,120.11,15
2026-05-06T23:00:00Z,HU,122.15,15
2026-05-06T23:00:00Z,IT-CNorth,136.76,15
2026-05-06T23:00:00Z,IT-CSouth,136.76,15
2026-05-06T23:00:00Z,IT-North,136.76,15
2026-05-06T23:00:00Z,IT-Sardinia,136.76,15
2026-05-06T23:00:00Z,IT-Sicily,136.76,15
2026-05-06T23:00:00Z,IT-South,136.76,15
2026-05-06T23:00:00Z,LT,114.75,15
2026-05-06T23:00:00Z,LV,114.75,15
2026-05-06T23:00:00Z,NL,118.19,15
2026-05-06T23:00:00Z,NO1,114.75,15
2026-05-06T23:00:00Z,NO2,114.75,15
2026-05-06T23:00:00Z,NO3,114.75,15
2026-05-06T23:00:00Z,NO4,114.75,15
2026-05-06T23:00:00Z,NO5,114.75,15
2026-05-06T23:00:00Z,PL,118.04,15
2026-05-06T23:00:00Z,PT,118.17,15
2026-05-06T23:00:00Z,RO,122.84,15
2026-05-06T23:00:00Z,RS,80.03,15
2026-05-06T23:00:00Z,SE1,114.75,15
2026-05-06T23:00:00Z,SE2,114.75,15
2026-05-06T23:00:00Z,SE3,114.75,15
2026-05-06T23:00:00Z,SE4,114.75,15
2026-05-06T23:00:00Z,SI,119.40,15
2026-05-06T23:00:00Z,SK,116.96,15
2026-05-06T23:15:00Z,AT,116.75,15
2026-05-06T23:15:00Z,BE,116.55,15
2026-05-06T23:15:00Z,CZ,116.16,15
2026-05-06T23:15:00Z,DE-LU,116.51,15
2026-05-06T23:15:00Z,DK1,116.51,15
2026-05-06T23:15:00Z,DK2,116.51,15
2026-05-06T23:15:00Z,EE,113.13,15
2026-05-06T23:15:00Z,ES,107.49,15
2026-05-06T23:15:00Z,FI,113.13,15
2026-05-06T23:15:00Z,FR,116.50,15
2026-05-06T23:15:00Z,GR,121.27,15
2026-05-06T23:15:00Z,HR,118.49,15
2026-05-06T23:15:00Z,HU,120.57,15
2026-05-06T23:15:00Z,IT-CNorth,131.22,15
2026-05-06T23:15:00Z,IT-CSouth,131.22,15
2026-05-06T23:15:00Z,IT-North,131.22,15
2026-05-06T23:15:00Z,IT-Sardinia,131.22,15
2026-05-06T23:15:00Z,IT-Sicily,131.22,15
2026-05-06T23:15:00Z,IT-South,131.22,15
2026-05-06T23:15:00Z,LT,113.13,15
2026-05-06T23:15:00Z,LV,113.13,15
2026-05-06T23:15:00Z,NL,116.53,15
2026-05-06T23:15:00Z,NO1,113.13,15
2026-05-06T23:15:00Z,NO2,113.13,15
2026-05-06T23:15:00Z,NO3,113.13,15
2026-05-06T23:15:00Z,NO4,113.13,15
2026-05-06T23:15:00Z,NO5,113.13,15
2026-05-06T23:15:00Z,PL,116.38,15
2026-05-06T23:15:00Z,PT,116.50,15
2026-05-06T23:15:00Z,RO,121.27,15
2026-05-06T23:15:00Z,SE1,113.13,15
2026-05-06T23:15:00Z,SE2,113.13,15
2026-05-06T23:15:00Z,SE3,113.13,15
2026-05-06T23:15:00Z,SE4,113.13,15
2026-05-06T23:15:00Z,SI,117.77,15
2026-05-06T23:15:00Z,SK,115.27,15
2026-05-06T23:30:00Z,AT,116.22,15
2026-05-06T23:30:00Z,BE,116.02,15
2026-05-06T23:30:00Z,CZ,115.57,15
2026-05-06T23:30:00Z,DE-LU,115.96,15
2026-05-06T23:30:00Z,DK1,115.96,15
2026-05-06T23:30:00Z,DK2,115.96,15
2026-05-06T23:30:00Z,EE,112.60,15
2026-05-06T23:30:00Z,ES,106.07,15
2026-05-06T23:30:00Z,FI,112.60,15
2026-05-06T23:30:00Z,FR,116.02,15
2026-05-06T23:30:00Z,GR,121.19,15
2026-05-06T23:30:00Z,HR,118.13,15
2026-05-06T23:30:00Z,HU,120.42,15
2026-05-06T23:30:00Z,IT-CNorth,143.80,15
2026-05-06T23:30:00Z,IT-CSouth,143.80,15
2026-05-06T23:30:00Z,IT-North,143.80,15
2026-05-06T23:30:00Z,IT-Sardinia,143.80,15
2026-05-06T23:30:00Z,IT-Sicily,143.80,15
2026-05-06T23:30:00Z,IT-South,143.80,15
2026-05-06T23:30:00Z,LT,112.60,15
2026-05-06T23:30:00Z,LV,112.60,15
2026-05-06T23:30:00Z,NL,115.97,15
2026-05-06T23:30:00Z,NO1,112.60,15
2026-05-06T23:30:00Z,NO2,112.60,15
2026-05-06T23:30:00Z,NO3,112.60,15
2026-05-06T23:30:00Z,NO4,112.60,15
2026-05-06T23:30:00Z,NO5,112.60,15
2026-05-06T23:30:00Z,PL,115.81,15
2026-05-06T23:30:00Z,PT,116.02,15
2026-05-06T23:30:00Z,RO,121.19,15
2026-05-06T23:30:00Z,SE1,112.60,15
2026-05-06T23:30:00Z,SE2,112.60,15
2026-05-06T23:30:00Z,SE3,112.60,15
2026-05-06T23:30:00Z,SE4,112.60,15
2026-05-06T23:30:00Z,SI,117.34,15
2026-05-06T23:30:00Z,SK,114.59,15
2026-05-06T23:45:00Z,AT,115.58,15
2026-05-06T23:45:00Z,BE,115.35,15
2026-05-06T23:45:00Z,CZ,114.88,15
2026-05-06T23:45:00Z,DE-LU,115.30,15
2026-05-06T23:45:00Z,DK1,115.30,15
2026-05-06T23:45:00Z,DK2,115.30,15
2026-05-06T23:45:00Z,EE,111.96,15
2026-05-06T23:45:00Z,ES,102.97,15
2026-05-06T23:45:00Z,FI,111.96,15
2026-05-06T23:45:00Z,FR,115.30,15
2026-05-06T23:45:00Z,GR,120.92,15
2026-05-06T23:45:00Z,HR,117.63,15
2026-05-06T23:45:00Z,HU,120.10,15
2026-05-06T23:45:00Z,IT-CNorth,128.02,15
2026-05-06T23:45:00Z,IT-CSouth,128.02,15
2026-05-06T23:45:00Z,IT-North,128.02,15
2026-05-06T23:45:00Z,IT-Sardinia,128.02,15
2026-05-06T23:45:00Z,IT-Sicily,128.02,15
2026-05-06T23:45:00Z,IT-South,128.02,15
2026-05-06T23:45:00Z,LT,111.96,15
2026-05-06T23:45:00Z,LV,111.96,15
2026-05-06T23:45:00Z,NL,115.32,15
2026-05-06T23:45:00Z,NO1,111.96,15
2026-05-06T23:45:00Z,NO2,111.96,15
2026-05-06T23:45:00Z,NO3,111.96,15
2026-05-06T23:45:00Z,NO4,111.96,15
2026-05-06T23:45:00Z,NO5,111.96,15
2026-05-06T23:45:00Z,PL,115.14,15
2026-05-06T23:45:00Z,PT,115.30,15
2026-05-06T23:45:00Z,RO,120.92,15
2026-05-06T23:45:00Z,SE1,111.96,15
2026-05-06T23:45:00Z,SE2,111.96,15
2026-05-06T23:45:00Z,SE3,111.96,15
2026-05-06T23:45:00Z,SE4,111.96,15
2026-05-06T23:45:00Z,SI,116.78,15
2026-05-06T23:45:00Z,SK,113.84,15
