timestamp_utc,zone,price_eur_mwh,resolution_min
2026-08-01T00:00:00Z,AT,162.04,15
2026-08-01T00:00:00Z,BE,158.15,15
2026-08-01T00:00:00Z,CH,156.00,60
2026-08-01T00:00:00Z,CZ,161.59,15
2026-08-01T00:00:00Z,DE-LU,160.91,15
2026-08-01T00:00:00Z,DK1,160.59,15
2026-08-01T00:00:00Z,DK2,160.85,15
2026-08-01T00:00:00Z,EE,18.66,15
2026-08-01T00:00:00Z,ES,161.00,15
2026-08-01T00:00:00Z,FI,18.65,15
2026-08-01T00:00:00Z,FR,151.27,15
2026-08-01T00:00:00Z,GR,161.94,15
2026-08-01T00:00:00Z,HR,162.16,15
2026-08-01T00:00:00Z,HU,161.87,15
2026-08-01T00:00:00Z,IT-CNorth,189.48,15
2026-08-01T00:00:00Z,IT-CSouth,189.48,15
2026-08-01T00:00:00Z,IT-North,189.48,15
2026-08-01T00:00:00Z,IT-Sardinia,189.48,15
2026-08-01T00:00:00Z,IT-Sicily,189.48,15
2026-08-01T00:00:00Z,IT-South,189.48,15
2026-08-01T00:00:00Z,LT,88.72,15
2026-08-01T00:00:00Z,LV,88.72,15
2026-08-01T00:00:00Z,NL,159.51,15
2026-08-01T00:00:00Z,NO1,111.88,15
2026-08-01T00:00:00Z,NO2,139.69,15
2026-08-01T00:00:00Z,NO3,83.88,15
2026-08-01T00:00:00Z,NO4,6.91,15
2026-08-01T00:00:00Z,NO5,120.81,15
2026-08-01T00:00:00Z,PL,161.47,15
2026-08-01T00:00:00Z,PT,161.00,15
2026-08-01T00:00:00Z,RO,161.92,15
2026-08-01T00:00:00Z,RS,112.55,15
2026-08-01T00:00:00Z,SE1,18.36,15
2026-08-01T00:00:00Z,SE2,21.33,15
2026-08-01T00:00:00Z,SE3,22.52,15
2026-08-01T00:00:00Z,SE4,23.25,15
2026-08-01T00:00:00Z,SI,162.22,15
2026-08-01T00:00:00Z,SK,161.74,15
2026-08-01T00:15:00Z,AT,160.74,15
2026-08-01T00:15:00Z,BE,155.05,15
2026-08-01T00:15:00Z,CZ,160.09,15
2026-08-01T00:15:00Z,DE-LU,159.09,15
2026-08-01T00:15:00Z,DK1,158.62,15
2026-08-01T00:15:00Z,DK2,159.00,15
2026-08-01T00:15:00Z,EE,20.98,15
2026-08-01T00:15:00Z,ES,158.46,15
2026-08-01T00:15:00Z,FI,20.97,15
2026-08-01T00:15:00Z,FR,144.99,15
2026-08-01T00:15:00Z,GR,160.59,15
2026-08-01T00:15:00Z,HR,160.91,15
2026-08-01T00:15:00Z,HU,160.50,15
2026-08-01T00:15:00Z,IT-CNorth,189.48,15
2026-08-01T00:15:00Z,IT-CSouth,189.48,15
2026-08-01T00:15:00Z,IT-North,189.48,15
2026-08-01T00:15:00Z,IT-Sardinia,189.48,15
2026-08-01T00:15:00Z,IT-Sicily,189.48,15
2026-08-01T00:15:00Z,IT-South,189.48,15
2026-08-01T00:15:00Z,LT,91.54,15
2026-08-01T00:15:00Z,LV,91.54,15
2026-08-01T00:15:00Z,NL,157.05,15
2026-08-01T00:15:00Z,NO1,111.30,15
2026-08-01T00:15:00Z,NO2,139.69,15
2026-08-01T00:15:00Z,NO3,85.48,15
2026-08-01T00:15:00Z,NO4,6.93,15
2026-08-01T00:15:00Z,NO5,120.37,15
2026-08-01T00:15:00Z,PL,159.90,15
2026-08-01T00:15:00Z,PT,158.46,15
2026-08-01T00:15:00Z,RO,160.57,15
2026-08-01T00:15:00Z,RS,112.55,15
2026-08-01T00:15:00Z,SE1,20.62,15
2026-08-01T00:15:00Z,SE2,24.17,15
2026-08-01T00:15:00Z,SE3,25.61,15
2026-08-01T00:15:00Z,SE4,26.49,15
2026-08-01T00:15:00Z,SI,161.00,15
2026-08-01T00:15:00Z,SK,160.30,15
2026-08-01T00:30:00Z,AT,156.84,15
2026-08-01T00:30:00Z,BE,153.55,15
2026-08-01T00:30:00Z,CZ,156.46,15
2026-08-01T00:30:00Z,DE-LU,155.88,15
2026-08-01T00:30:00Z,DK1,155.61,15
2026-08-01T00:30:00Z,DK2,155.82,15
2026-08-01T00:30:00Z,EE,21.77,15
2026-08-01T00:30:00Z,ES,159.02,15
2026-08-01T00:30:00Z,FI,21.77,15
2026-08-01T00:30:00Z,FR,147.73,15
2026-08-01T00:30:00Z,GR,156.75,15
2026-08-01T00:30:00Z,HR,156.93,15
2026-08-01T00:30:00Z,HU,156.69,15
2026-08-01T00:30:00Z,IT-CNorth,189.48,15
2026-08-01T00:30:00Z,IT-CSouth,189.48,15
2026-08-01T00:30:00Z,IT-North,189.48,15
2026-08-01T00:30:00Z,IT-Sardinia,189.48,15
2026-08-01T00:30:00Z,IT-Sicily,189.48,15
2026-08-01T00:30:00Z,IT-South,189.48,15
2026-08-01T00:30:00Z,LT,109.87,15
2026-08-01T00:30:00Z,LV,109.87,15
2026-08-01T00:30:00Z,NL,154.70,15
2026-08-01T00:30:00Z,NO1,111.12,15
2026-08-01T00:30:00Z,NO2,139.68,15
2026-08-01T00:30:00Z,NO3,85.37,15
2026-08-01T00:30:00Z,NO4,6.96,15
2026-08-01T00:30:00Z,NO5,120.24,15
2026-08-01T00:30:00Z,PL,156.35,15
2026-08-01T00:30:00Z,PT,159.02,15
2026-08-01T00:30:00Z,RO,156.74,15
2026-08-01T00:30:00Z,RS,112.55,15
2026-08-01T00:30:00Z,SE1,20.82,15
2026-08-01T00:30:00Z,SE2,24.27,15
2026-08-01T00:30:00Z,SE3,25.63,15
2026-08-01T00:30:00Z,SE4,26.40,15
2026-08-01T00:30:00Z,SI,156.98,15
2026-08-01T00:30:00Z,SK,156.58,15
2026-08-01T00:45:00Z,AT,153.34,15
2026-08-01T00:45:00Z,BE,149.09,15
2026-08-01T00:45:00Z,CZ,152.85,15
2026-08-01T00:45:00Z,DE-LU,152.10,15
2026-08-01T00:45:00Z,DK1,151.75,15
2026-08-01T00:45:00Z,DK2,152.03,15
2026-08-01T00:45:00Z,EE,23.11,15
2026-08-01T00:45:00Z,ES,162.15,15
2026-08-01T00:45:00Z,FI,23.10,15
2026-08-01T00:45:00Z,FR,141.59,15
2026-08-01T00:45:00Z,GR,153.23,15
2026-08-01T00:45:00Z,HR,153.46,15
2026-08-01T00:45:00Z,HU,153.15,15
2026-08-01T00:45:00Z,IT-CNorth,182.80,15
2026-08-01T00:45:00Z,IT-CSouth,182.80,15
2026-08-01T00:45:00Z,IT-North,182.80,15
2026-08-01T00:45:00Z,IT-Sardinia,182.80,15
2026-08-01T00:45:00Z,IT-Sicily,182.80,15
2026-08-01T00:45:00Z,IT-South,182.80,15
2026-08-01T00:45:00Z,LT,109.87,15
2026-08-01T00:45:00Z,LV,109.87,15
2026-08-01T00:45:00Z,NL,150.58,15
2026-08-01T00:45:00Z,NO1,110.79,15
2026-08-01T00:45:00Z,NO2,139.68,15
2026-08-01T00:45:00Z,NO3,85.59,15
2026-08-01T00:45:00Z,NO4,6.98,15
2026-08-01T00:45:00Z,NO5,119.99,15
2026-08-01T00:45:00Z,PL,152.71,15
2026-08-01T00:45:00Z,PT,162.15,15
2026-08-01T00:45:00Z,RO,153.21,15
2026-08-01T00:45:00Z,RS,112.55,15
2026-08-01T00:45:00Z,SE1,21.53,15
2026-08-01T00:45:00Z,SE2,25.00,15
2026-08-01T00:45:00Z,SE3,26.33,15
2026-08-01T00:45:00Z,SE4,27.02,15
2026-08-01T00:45:00Z,SI,153.53,15
2026-08-01T00:45:00Z,SK,153.00,15
2026-08-01T01:00:00Z,AT,158.58,15
2026-08-01T01:00:00Z,BE,153.28,15
2026-08-01T01:00:00Z,CH,154.86,60
2026-08-01T01:00:00Z,CZ,157.97,15
2026-08-01T01:00:00Z,DE-LU,157.01,15
2026-08-01T01:00:00Z,DK1,156.60,15
2026-08-01T01:00:00Z,DK2,156.95,15
2026-08-01T01:00:00Z,EE,21.25,15
2026-08-01T01:00:00Z,ES,160.30,15
2026-08-01T01:00:00Z,FI,21.24,15
2026-08-01T01:00:00Z,FR,143.96,15
2026-08-01T01:00:00Z,GR,158.44,15
2026-08-01T01:00:00Z,HR,158.73,15
2026-08-01T01:00:00Z,HU,158.35,15
2026-08-01T01:00:00Z,IT-CNorth,175.00,15
2026-08-01T01:00:00Z,IT-CSouth,175.00,15
2026-08-01T01:00:00Z,IT-North,175.00,15
2026-08-01T01:00:00Z,IT-Sardinia,175.00,15
2026-08-01T01:00:00Z,IT-Sicily,175.00,15
2026-08-01T01:00:00Z,IT-South,175.00,15
2026-08-01T01:00:00Z,LT,125.51,15
2026-08-01T01:00:00Z,LV,125.51,15
2026-08-01T01:00:00Z,NL,155.14,15
2026-08-01T01:00:00Z,NO1,110.72,15
2026-08-01T01:00:00Z,NO2,139.72,15
2026-08-01T01:00:00Z,NO3,85.42,15
2026-08-01T01:00:00Z,NO4,6.86,15
2026-08-01T01:00:00Z,NO5,120.08,15
2026-08-01T01:00:00Z,PL,157.81,15
2026-08-01T01:00:00Z,PT,160.30,15
2026-08-01T01:00:00Z,RO,158.42,15
2026-08-01T01:00:00Z,RS,119.25,15
2026-08-01T01:00:00Z,SE1,20.90,15
2026-08-01T01:00:00Z,SE2,24.50,15
2026-08-01T01:00:00Z,SE3,26.00,15
2026-08-01T01:00:00Z,SE4,26.90,15
2026-08-01T01:00:00Z,SI,158.82,15
2026-08-01T01:00:00Z,SK,158.17,15
2026-08-01T01:15:00Z,AT,154.45,15
2026-08-01T01:15:00Z,BE,150.81,15
2026-08-01T01:15:00Z,CZ,154.03,15
2026-08-01T01:15:00Z,DE-LU,153.37,15
2026-08-01T01:15:00Z,DK1,153.09,15
2026-08-01T01:15:00Z,DK2,153.33,15
2026-08-01T01:15:00Z,EE,22.61,15
2026-08-01T01:15:00Z,ES,159.02,15
2026-08-01T01:15:00Z,FI,22.60,15
2026-08-01T01:15:00Z,FR,144.39,15
2026-08-01T01:15:00Z,GR,154.36,15
2026-08-01T01:15:00Z,HR,154.56,15
2026-08-01T01:15:00Z,HU,154.30,15
2026-08-01T01:15:00Z,IT-CNorth,163.45,15
2026-08-01T01:15:00Z,IT-CSouth,163.45,15
2026-08-01T01:15:00Z,IT-North,163.45,15
2026-08-01T01:15:00Z,IT-Sardinia,163.45,15
2026-08-01T01:15:00Z,IT-Sicily,163.45,15
2026-08-01T01:15:00Z,IT-South,163.45,15
2026-08-01T01:15:00Z,LT,126.10,15
2026-08-01T01:15:00Z,LV,126.10,15
2026-08-01T01:15:00Z,NL,152.08,15
2026-08-01T01:15:00Z,NO1,110.74,15
2026-08-01T01:15:00Z,NO2,139.71,15
2026-08-01T01:15:00Z,NO3,84.38,15
2026-08-01T01:15:00Z,NO4,6.87,15
2026-08-01T01:15:00Z,NO5,120.11,15
2026-08-01T01:15:00Z,PL,153.92,15
2026-08-01T01:15:00Z,PT,159.02,15
2026-08-01T01:15:00Z,RO,154.34,15
2026-08-01T01:15:00Z,RS,119.25,15
2026-08-01T01:15:00Z,SE1,20.34,15
2026-08-01T01:15:00Z,SE2,23.30,15
2026-08-01T01:15:00Z,SE3,24.39,15
2026-08-01T01:15:00Z,SE4,24.85,15
2026-08-01T01:15:00Z,SI,154.62,15
2026-08-01T01:15:00Z,SK,154.17,15
2026-08-01T01:30:00Z,AT,156.31,15
2026-08-01T01:30:00Z,BE,151.91,15
2026-08-01T01:30:00Z,CZ,155.80,15
2026-08-01T01:30:00Z,DE-LU,155.00,15
2026-08-01T01:30:00Z,DK1,154.66,15
2026-08-01T01:30:00Z,DK2,154.96,15
2026-08-01T01:30:00Z,EE,23.39,15
2026-08-01T01:30:00Z,ES,160.30,15
2026-08-01T01:30:00Z,FI,23.38,15
2026-08-01T01:30:00Z,FR,144.16,15
2026-08-01T01:30:00Z,GR,156.19,15
2026-08-01T01:30:00Z,HR,156.44,15
2026-08-01T01:30:00Z,HU,156.12,15
2026-08-01T01:30:00Z,IT-CNorth,156.51,15
2026-08-01T01:30:00Z,IT-CSouth,156.51,15
2026-08-01T01:30:00Z,IT-North,156.51,15
2026-08-01T01:30:00Z,IT-Sardinia,156.51,15
2026-08-01T01:30:00Z,IT-Sicily,156.51,15
2026-08-01T01:30:00Z,IT-South,156.51,15
2026-08-01T01:30:00Z,LT,145.02,15
2026-08-01T01:30:00Z,LV,145.02,15
2026-08-01T01:30:00Z,NL,153.45,15
2026-08-01T01:30:00Z,NO1,110.57,15
2026-08-01T01:30:00Z,NO2,139.70,15
2026-08-01T01:30:00Z,NO3,84.07,15
2026-08-01T01:30:00Z,NO4,6.87,15
2026-08-01T01:30:00Z,NO5,120.00,15
2026-08-01T01:30:00Z,PL,155.67,15
2026-08-01T01:30:00Z,PT,160.30,15
2026-08-01T01:30:00Z,RO,156.18,15
2026-08-01T01:30:00Z,RS,119.25,15
2026-08-01T01:30:00Z,SE1,20.34,15
2026-08-01T01:30:00Z,SE2,23.11,15
2026-08-01T01:30:00Z,SE3,24.07,15
2026-08-01T01:30:00Z,SE4,24.37,15
2026-08-01T01:30:00Z,SI,156.51,15
2026-08-01T01:30:00Z,SK,155.97,15
2026-08-01T01:45:00Z,AT,154.63,15
2026-08-01T01:45:00Z,BE,149.29,15
2026-08-01T01:45:00Z,CZ,154.01,15
2026-08-01T01:45:00Z,DE-LU,153.05,15
2026-08-01T01:45:00Z,DK1,152.63,15
2026-08-01T01:45:00Z,DK2,152.99,15
2026-08-01T01:45:00Z,EE,23.90,15
2026-08-01T01:45:00Z,ES,167.55,15
2026-08-01T01:45:00Z,FI,23.89,15
2026-08-01T01:45:00Z,FR,139.89,15
2026-08-01T01:45:00Z,GR,154.49,15
2026-08-01T01:45:00Z,HR,154.79,15
2026-08-01T01:45:00Z,HU,154.40,15
2026-08-01T01:45:00Z,IT-CNorth,154.87,15
2026-08-01T01:45:00Z,IT-CSouth,154.87,15
2026-08-01T01:45:00Z,IT-North,154.87,15
2026-08-01T01:45:00Z,IT-Sardinia,154.87,15
2026-08-01T01:45:00Z,IT-Sicily,154.87,15
2026-08-01T01:45:00Z,IT-South,154.87,15
2026-08-01T01:45:00Z,LT,143.33,15
2026-08-01T01:45:00Z,LV,143.33,15
2026-08-01T01:45:00Z,NL,151.16,15
2026-08-01T01:45:00Z,NO1,110.56,15
2026-08-01T01:45:00Z,NO2,139.70,15
2026-08-01T01:45:00Z,NO3,84.39,15
2026-08-01T01:45:00Z,NO4,6.87,15
2026-08-01T01:45:00Z,NO5,119.99,15
2026-08-01T01:45:00Z,PL,153.85,15
2026-08-01T01:45:00Z,PT,167.55,15
2026-08-01T01:45:00Z,RO,154.47,15
2026-08-01T01:45:00Z,RS,119.25,15
2026-08-01T01:45:00Z,SE1,20.76,15
2026-08-01T01:45:00Z,SE2,23.61,15
2026-08-01T01:45:00Z,SE3,24.60,15
2026-08-01T01:45:00Z,SE4,24.91,15
2026-08-01T01:45:00Z,SI,154.87,15
2026-08-01T01:45:00Z,SK,154.22,15
2026-08-01T02:00:00Z,AT,157.42,15
2026-08-01T02:00:00Z,BE,149.34,15
2026-08-01T02:00:00Z,CH,155.18,60
2026-08-01T02:00:00Z,CZ,156.39,15
2026-08-01T02:00:00Z,DE-LU,154.91,15
2026-08-01T02:00:00Z,DK1,154.33,15
2026-08-01T02:00:00Z,DK2,154.86,15
2026-08-01T02:00:00Z,EE,23.81,15
2026-08-01T02:00:00Z,ES,172.40,15
2026-08-01T02:00:00Z,FI,23.80,15
2026-08-01T02:00:00Z,FR,135.35,15
2026-08-01T02:00:00Z,GR,157.10,15
2026-08-01T02:00:00Z,HR,157.54,15
2026-08-01T02:00:00Z,HU,156.96,15
2026-08-01T02:00:00Z,IT-CNorth,157.66,15
2026-08-01T02:00:00Z,IT-CSouth,157.66,15
2026-08-01T02:00:00Z,IT-North,157.66,15
2026-08-01T02:00:00Z,IT-Sardinia,157.66,15
2026-08-01T02:00:00Z,IT-Sicily,157.66,15
2026-08-01T02:00:00Z,IT-South,157.66,15
2026-08-01T02:00:00Z,LT,156.14,15
2026-08-01T02:00:00Z,LV,156.14,15
2026-08-01T02:00:00Z,NL,152.13,15
2026-08-01T02:00:00Z,NO1,110.62,15
2026-08-01T02:00:00Z,NO2,139.50,15
2026-08-01T02:00:00Z,NO3,84.36,15
2026-08-01T02:00:00Z,NO4,6.88,15
2026-08-01T02:00:00Z,NO5,120.00,15
2026-08-01T02:00:00Z,PL,156.14,15
2026-08-01T02:00:00Z,PT,172.40,15
2026-08-01T02:00:00Z,RO,157.06,15
2026-08-01T02:00:00Z,RS,133.99,15
2026-08-01T02:00:00Z,SE1,20.66,15
2026-08-01T02:00:00Z,SE2,23.56,15
2026-08-01T02:00:00Z,SE3,24.50,15
2026-08-01T02:00:00Z,SE4,24.81,15
2026-08-01T02:00:00Z,SI,157.66,15
2026-08-01T02:00:00Z,SK,156.68,15
2026-08-01T02:15:00Z,AT,161.89,15
2026-08-01T02:15:00Z,BE,150.44,15
2026-08-01T02:15:00Z,CZ,160.43,15
2026-08-01T02:15:00Z,DE-LU,158.34,15
2026-08-01T02:15:00Z,DK1,157.51,15
2026-08-01T02:15:00Z,DK2,158.27,15
2026-08-01T02:15:00Z,EE,23.34,15
2026-08-01T02:15:00Z,ES,172.40,15
2026-08-01T02:15:00Z,FI,23.34,15
2026-08-01T02:15:00Z,FR,130.60,15
2026-08-01T02:15:00Z,GR,161.43,15
2026-08-01T02:15:00Z,HR,162.06,15
2026-08-01T02:15:00Z,HU,161.24,15
2026-08-01T02:15:00Z,IT-CNorth,162.24,15
2026-08-01T02:15:00Z,IT-CSouth,162.24,15
2026-08-01T02:15:00Z,IT-North,162.24,15
2026-08-01T02:15:00Z,IT-Sardinia,162.24,15
2026-08-01T02:15:00Z,IT-Sicily,162.24,15
2026-08-01T02:15:00Z,IT-South,162.24,15
2026-08-01T02:15:00Z,LT,160.07,15
2026-08-01T02:15:00Z,LV,160.07,15
2026-08-01T02:15:00Z,NL,154.39,15
2026-08-01T02:15:00Z,NO1,110.62,15
2026-08-01T02:15:00Z,NO2,139.50,15
2026-08-01T02:15:00Z,NO3,84.06,15
2026-08-01T02:15:00Z,NO4,6.87,15
2026-08-01T02:15:00Z,NO5,119.99,15
2026-08-01T02:15:00Z,PL,160.08,15
2026-08-01T02:15:00Z,PT,172.40,15
2026-08-01T02:15:00Z,RO,161.38,15
2026-08-01T02:15:00Z,RS,133.99,15
2026-08-01T02:15:00Z,SE1,20.28,15
2026-08-01T02:15:00Z,SE2,23.10,15
2026-08-01T02:15:00Z,SE3,24.01,15
2026-08-01T02:15:00Z,SE4,24.31,15
2026-08-01T02:15:00Z,SI,162.24,15
2026-08-01T02:15:00Z,SK,160.85,15
2026-08-01T02:30:00Z,AT,155.05,15
2026-08-01T02:30:00Z,BE,150.19,15
2026-08-01T02:30:00Z,CZ,154.42,15
2026-08-01T02:30:00Z,DE-LU,153.54,15
2026-08-01T02:30:00Z,DK1,153.19,15
2026-08-01T02:30:00Z,DK2,153.51,15
2026-08-01T02:30:00Z,EE,24.09,15
2026-08-01T02:30:00Z,ES,172.45,15
2026-08-01T02:30:00Z,FI,24.08,15
2026-08-01T02:30:00Z,FR,141.79,15
2026-08-01T02:30:00Z,GR,154.85,15
2026-08-01T02:30:00Z,HR,155.11,15
2026-08-01T02:30:00Z,HU,154.77,15
2026-08-01T02:30:00Z,IT-CNorth,155.19,15
2026-08-01T02:30:00Z,IT-CSouth,155.19,15
2026-08-01T02:30:00Z,IT-North,155.19,15
2026-08-01T02:30:00Z,IT-Sardinia,155.19,15
2026-08-01T02:30:00Z,IT-Sicily,155.19,15
2026-08-01T02:30:00Z,IT-South,155.19,15
2026-08-01T02:30:00Z,LT,80.48,15
2026-08-01T02:30:00Z,LV,80.48,15
2026-08-01T02:30:00Z,NL,151.87,15
2026-08-01T02:30:00Z,NO1,110.61,15
2026-08-01T02:30:00Z,NO2,139.49,15
2026-08-01T02:30:00Z,NO3,84.53,15
2026-08-01T02:30:00Z,NO4,6.87,15
2026-08-01T02:30:00Z,NO5,119.99,15
2026-08-01T02:30:00Z,PL,154.28,15
2026-08-01T02:30:00Z,PT,172.45,15
2026-08-01T02:30:00Z,RO,154.83,15
2026-08-01T02:30:00Z,RS,133.99,15
2026-08-01T02:30:00Z,SE1,20.89,15
2026-08-01T02:30:00Z,SE2,23.83,15
2026-08-01T02:30:00Z,SE3,24.79,15
2026-08-01T02:30:00Z,SE4,25.10,15
2026-08-01T02:30:00Z,SI,155.19,15
2026-08-01T02:30:00Z,SK,154.60,15
2026-08-01T02:45:00Z,AT,152.01,15
2026-08-01T02:45:00Z,BE,149.73,15
2026-08-01T02:45:00Z,CZ,151.72,15
2026-08-01T02:45:00Z,DE-LU,151.30,15
2026-08-01T02:45:00Z,DK1,151.14,15
2026-08-01T02:45:00Z,DK2,151.29,15
2026-08-01T02:45:00Z,EE,25.00,15
2026-08-01T02:45:00Z,ES,172.64,15
2026-08-01T02:45:00Z,FI,24.99,15
2026-08-01T02:45:00Z,FR,145.78,15
2026-08-01T02:45:00Z,GR,151.92,15
2026-08-01T02:45:00Z,HR,152.04,15
2026-08-01T02:45:00Z,HU,151.88,15
2026-08-01T02:45:00Z,IT-CNorth,152.08,15
2026-08-01T02:45:00Z,IT-CSouth,152.08,15
2026-08-01T02:45:00Z,IT-North,152.08,15
2026-08-01T02:45:00Z,IT-Sardinia,152.08,15
2026-08-01T02:45:00Z,IT-Sicily,152.08,15
2026-08-01T02:45:00Z,IT-South,152.08,15
2026-08-01T02:45:00Z,LT,65.71,15
2026-08-01T02:45:00Z,LV,65.71,15
2026-08-01T02:45:00Z,NL,150.52,15
2026-08-01T02:45:00Z,NO1,109.84,15
2026-08-01T02:45:00Z,NO2,139.49,15
2026-08-01T02:45:00Z,NO3,84.68,15
2026-08-01T02:45:00Z,NO4,6.86,15
2026-08-01T02:45:00Z,NO5,119.41,15
2026-08-01T02:45:00Z,PL,151.65,15
2026-08-01T02:45:00Z,PT,172.64,15
2026-08-01T02:45:00Z,RO,151.91,15
2026-08-01T02:45:00Z,RS,133.99,15
2026-08-01T02:45:00Z,SE1,21.62,15
2026-08-01T02:45:00Z,SE2,24.72,15
2026-08-01T02:45:00Z,SE3,25.74,15
2026-08-01T02:45:00Z,SE4,26.07,15
2026-08-01T02:45:00Z,SI,152.08,15
2026-08-01T02:45:00Z,SK,151.80,15
2026-08-01T03:00:00Z,AT,154.22,15
2026-08-01T03:00:00Z,BE,149.40,15
2026-08-01T03:00:00Z,CH,159.40,60
2026-08-01T03:00:00Z,CZ,153.66,15
2026-08-01T03:00:00Z,DE-LU,152.78,15
2026-08-01T03:00:00Z,DK1,152.42,15
2026-08-01T03:00:00Z,DK2,152.74,15
2026-08-01T03:00:00Z,EE,22.12,15
2026-08-01T03:00:00Z,ES,172.45,15
2026-08-01T03:00:00Z,FI,22.11,15
2026-08-01T03:00:00Z,FR,140.92,15
2026-08-01T03:00:00Z,GR,154.09,15
2026-08-01T03:00:00Z,HR,154.36,15
2026-08-01T03:00:00Z,HU,154.01,15
2026-08-01T03:00:00Z,IT-CNorth,189.48,15
2026-08-01T03:00:00Z,IT-CSouth,189.48,15
2026-08-01T03:00:00Z,IT-North,189.48,15
2026-08-01T03:00:00Z,IT-Sardinia,189.48,15
2026-08-01T03:00:00Z,IT-Sicily,189.48,15
2026-08-01T03:00:00Z,IT-South,189.48,15
2026-08-01T03:00:00Z,LT,60.43,15
2026-08-01T03:00:00Z,LV,60.43,15
2026-08-01T03:00:00Z,NL,151.09,15
2026-08-01T03:00:00Z,NO1,110.90,15
2026-08-01T03:00:00Z,NO2,139.40,15
2026-08-01T03:00:00Z,NO3,83.43,15
2026-08-01T03:00:00Z,NO4,6.82,15
2026-08-01T03:00:00Z,NO5,120.08,15
2026-08-01T03:00:00Z,PL,153.51,15
2026-08-01T03:00:00Z,PT,172.45,15
2026-08-01T03:00:00Z,RO,154.07,15
2026-08-01T03:00:00Z,RS,130.03,15
2026-08-01T03:00:00Z,SE1,19.24,15
2026-08-01T03:00:00Z,SE2,21.90,15
2026-08-01T03:00:00Z,SE3,22.73,15
2026-08-01T03:00:00Z,SE4,23.02,15
2026-08-01T03:00:00Z,SI,154.43,15
2026-08-01T03:00:00Z,SK,153.84,15
2026-08-01T03:15:00Z,AT,169.76,15
2026-08-01T03:15:00Z,BE,151.62,15
2026-08-01T03:15:00Z,CZ,145.63,15
2026-08-01T03:15:00Z,DE-LU,157.00,15
2026-08-01T03:15:00Z,DK1,155.96,15
2026-08-01T03:15:00Z,DK2,155.95,15
2026-08-01T03:15:00Z,EE,23.28,15
2026-08-01T03:15:00Z,ES,172.64,15
2026-08-01T03:15:00Z,FI,23.27,15
2026-08-01T03:15:00Z,FR,136.74,15
2026-08-01T03:15:00Z,GR,163.42,15
2026-08-01T03:15:00Z,HR,166.38,15
2026-08-01T03:15:00Z,HU,162.84,15
2026-08-01T03:15:00Z,IT-CNorth,185.00,15
2026-08-01T03:15:00Z,IT-CSouth,185.00,15
2026-08-01T03:15:00Z,IT-North,185.00,15
2026-08-01T03:15:00Z,IT-Sardinia,185.00,15
2026-08-01T03:15:00Z,IT-Sicily,185.00,15
2026-08-01T03:15:00Z,IT-South,185.00,15
2026-08-01T03:15:00Z,LT,33.38,15
2026-08-01T03:15:00Z,LV,33.38,15
2026-08-01T03:15:00Z,NL,154.32,15
2026-08-01T03:15:00Z,NO1,110.82,15
2026-08-01T03:15:00Z,NO2,139.40,15
2026-08-01T03:15:00Z,NO3,84.14,15
2026-08-01T03:15:00Z,NO4,6.82,15
2026-08-01T03:15:00Z,NO5,120.02,15
2026-08-01T03:15:00Z,PL,155.42,15
2026-08-01T03:15:00Z,PT,172.64,15
2026-08-01T03:15:00Z,RO,163.20,15
2026-08-01T03:15:00Z,RS,130.03,15
2026-08-01T03:15:00Z,SE1,20.18,15
2026-08-01T03:15:00Z,SE2,23.04,15
2026-08-01T03:15:00Z,SE3,23.94,15
2026-08-01T03:15:00Z,SE4,24.25,15
2026-08-01T03:15:00Z,SI,167.82,15
2026-08-01T03:15:00Z,SK,157.47,15
2026-08-01T03:30:00Z,AT,159.83,15
2026-08-01T03:30:00Z,BE,153.10,15
2026-08-01T03:30:00Z,CZ,152.00,15
2026-08-01T03:30:00Z,DE-LU,155.47,15
2026-08-01T03:30:00Z,DK1,155.07,15
2026-08-01T03:30:00Z,DK2,155.13,15
2026-08-01T03:30:00Z,EE,25.06,15
2026-08-01T03:30:00Z,ES,172.88,15
2026-08-01T03:30:00Z,FI,25.05,15
2026-08-01T03:30:00Z,FR,146.72,15
2026-08-01T03:30:00Z,GR,157.78,15
2026-08-01T03:30:00Z,HR,158.78,15
2026-08-01T03:30:00Z,HU,157.58,15
2026-08-01T03:30:00Z,IT-CNorth,172.60,15
2026-08-01T03:30:00Z,IT-CSouth,172.60,15
2026-08-01T03:30:00Z,IT-North,172.60,15
2026-08-01T03:30:00Z,IT-Sardinia,172.60,15
2026-08-01T03:30:00Z,IT-Sicily,172.60,15
2026-08-01T03:30:00Z,IT-South,172.60,15
2026-08-01T03:30:00Z,LT,155.18,15
2026-08-01T03:30:00Z,LV,155.18,15
2026-08-01T03:30:00Z,NL,154.29,15
2026-08-01T03:30:00Z,NO1,110.84,15
2026-08-01T03:30:00Z,NO2,139.40,15
2026-08-01T03:30:00Z,NO3,85.31,15
2026-08-01T03:30:00Z,NO4,6.81,15
2026-08-01T03:30:00Z,NO5,120.04,15
2026-08-01T03:30:00Z,PL,155.11,15
2026-08-01T03:30:00Z,PT,172.88,15
2026-08-01T03:30:00Z,RO,157.71,15
2026-08-01T03:30:00Z,RS,130.03,15
2026-08-01T03:30:00Z,SE1,21.62,15
2026-08-01T03:30:00Z,SE2,24.79,15
2026-08-01T03:30:00Z,SE3,25.80,15
2026-08-01T03:30:00Z,SE4,26.15,15
2026-08-01T03:30:00Z,SI,159.25,15
2026-08-01T03:30:00Z,SK,155.83,15
2026-08-01T03:45:00Z,AT,161.25,15
2026-08-01T03:45:00Z,BE,156.07,15
2026-08-01T03:45:00Z,CZ,151.99,15
2026-08-01T03:45:00Z,DE-LU,156.82,15
2026-08-01T03:45:00Z,DK1,156.56,15
2026-08-01T03:45:00Z,DK2,156.42,15
2026-08-01T03:45:00Z,EE,26.56,15
2026-08-01T03:45:00Z,ES,173.12,15
2026-08-01T03:45:00Z,FI,26.55,15
2026-08-01T03:45:00Z,FR,153.66,15
2026-08-01T03:45:00Z,GR,158.81,15
2026-08-01T03:45:00Z,HR,159.87,15
2026-08-01T03:45:00Z,HU,158.61,15
2026-08-01T03:45:00Z,IT-CNorth,161.25,15
2026-08-01T03:45:00Z,IT-CSouth,161.25,15
2026-08-01T03:45:00Z,IT-North,161.25,15
2026-08-01T03:45:00Z,IT-Sardinia,161.25,15
2026-08-01T03:45:00Z,IT-Sicily,161.25,15
2026-08-01T03:45:00Z,IT-South,161.25,15
2026-08-01T03:45:00Z,LT,156.00,15
2026-08-01T03:45:00Z,LV,156.00,15
2026-08-01T03:45:00Z,NL,156.45,15
2026-08-01T03:45:00Z,NO1,110.88,15
2026-08-01T03:45:00Z,NO2,139.39,15
2026-08-01T03:45:00Z,NO3,86.30,15
2026-08-01T03:45:00Z,NO4,6.83,15
2026-08-01T03:45:00Z,NO5,120.06,15
2026-08-01T03:45:00Z,PL,155.90,15
2026-08-01T03:45:00Z,PT,173.12,15
2026-08-01T03:45:00Z,RO,158.73,15
2026-08-01T03:45:00Z,RS,130.03,15
2026-08-01T03:45:00Z,SE1,22.85,15
2026-08-01T03:45:00Z,SE2,26.27,15
2026-08-01T03:45:00Z,SE3,27.37,15
2026-08-01T03:45:00Z,SE4,27.75,15
2026-08-01T03:45:00Z,SI,160.40,15
2026-08-01T03:45:00Z,SK,156.57,15
2026-08-01T04:00:00Z,AT,174.76,15
2026-08-01T04:00:00Z,BE,158.05,15
2026-08-01T04:00:00Z,CH,156.34,60
2026-08-01T04:00:00Z,CZ,144.64,15
2026-08-01T04:00:00Z,DE-LU,160.52,15
2026-08-01T04:00:00Z,DK1,159.68,15
2026-08-01T04:00:00Z,DK2,159.22,15
2026-08-01T04:00:00Z,EE,23.17,15
2026-08-01T04:00:00Z,ES,172.64,15
2026-08-01T04:00:00Z,FI,23.16,15
2026-08-01T04:00:00Z,FR,150.08,15
2026-08-01T04:00:00Z,GR,144.49,15
2026-08-01T04:00:00Z,HR,170.86,15
2026-08-01T04:00:00Z,HU,166.66,15
2026-08-01T04:00:00Z,IT-CNorth,174.76,15
2026-08-01T04:00:00Z,IT-CSouth,174.76,15
2026-08-01T04:00:00Z,IT-North,174.76,15
2026-08-01T04:00:00Z,IT-Sardinia,174.76,15
2026-08-01T04:00:00Z,IT-Sicily,174.76,15
2026-08-01T04:00:00Z,IT-South,174.76,15
2026-08-01T04:00:00Z,LT,157.79,15
2026-08-01T04:00:00Z,LV,157.79,15
2026-08-01T04:00:00Z,NL,159.33,15
2026-08-01T04:00:00Z,NO1,108.08,15
2026-08-01T04:00:00Z,NO2,139.55,15
2026-08-01T04:00:00Z,NO3,82.52,15
2026-08-01T04:00:00Z,NO4,6.78,15
2026-08-01T04:00:00Z,NO5,117.88,15
2026-08-01T04:00:00Z,PL,157.50,15
2026-08-01T04:00:00Z,PT,172.64,15
2026-08-01T04:00:00Z,RO,166.93,15
2026-08-01T04:00:00Z,RS,114.00,15
2026-08-01T04:00:00Z,SE1,20.07,15
2026-08-01T04:00:00Z,SE2,22.88,15
2026-08-01T04:00:00Z,SE3,23.82,15
2026-08-01T04:00:00Z,SE4,24.13,15
2026-08-01T04:00:00Z,SI,172.62,15
2026-08-01T04:00:00Z,SK,159.75,15
2026-08-01T04:15:00Z,AT,169.25,15
2026-08-01T04:15:00Z,BE,151.51,15
2026-08-01T04:15:00Z,CZ,145.92,15
2026-08-01T04:15:00Z,DE-LU,156.94,15
2026-08-01T04:15:00Z,DK1,155.92,15
2026-08-01T04:15:00Z,DK2,155.92,15
2026-08-01T04:15:00Z,EE,25.27,15
2026-08-01T04:15:00Z,ES,172.64,15
2026-08-01T04:15:00Z,FI,25.26,15
2026-08-01T04:15:00Z,FR,136.69,15
2026-08-01T04:15:00Z,GR,140.50,15
2026-08-01T04:15:00Z,HR,166.39,15
2026-08-01T04:15:00Z,HU,162.86,15
2026-08-01T04:15:00Z,IT-CNorth,172.22,15
2026-08-01T04:15:00Z,IT-CSouth,172.22,15
2026-08-01T04:15:00Z,IT-North,172.22,15
2026-08-01T04:15:00Z,IT-Sardinia,172.22,15
2026-08-01T04:15:00Z,IT-Sicily,172.22,15
2026-08-01T04:15:00Z,IT-South,172.22,15
2026-08-01T04:15:00Z,LT,116.14,15
2026-08-01T04:15:00Z,LV,116.14,15
2026-08-01T04:15:00Z,NL,154.25,15
2026-08-01T04:15:00Z,NO1,109.07,15
2026-08-01T04:15:00Z,NO2,139.54,15
2026-08-01T04:15:00Z,NO3,84.45,15
2026-08-01T04:15:00Z,NO4,6.78,15
2026-08-01T04:15:00Z,NO5,118.64,15
2026-08-01T04:15:00Z,PL,155.44,15
2026-08-01T04:15:00Z,PT,172.64,15
2026-08-01T04:15:00Z,RO,163.13,15
2026-08-01T04:15:00Z,RS,114.00,15
2026-08-01T04:15:00Z,SE1,21.77,15
2026-08-01T04:15:00Z,SE2,24.93,15
2026-08-01T04:15:00Z,SE3,26.01,15
2026-08-01T04:15:00Z,SE4,26.36,15
2026-08-01T04:15:00Z,SI,167.80,15
2026-08-01T04:15:00Z,SK,157.49,15
2026-08-01T04:30:00Z,AT,152.32,15
2026-08-01T04:30:00Z,BE,151.82,15
2026-08-01T04:30:00Z,CZ,151.42,15
2026-08-01T04:30:00Z,DE-LU,151.90,15
2026-08-01T04:30:00Z,DK1,151.87,15
2026-08-01T04:30:00Z,DK2,151.86,15
2026-08-01T04:30:00Z,EE,26.88,15
2026-08-01T04:30:00Z,ES,173.12,15
2026-08-01T04:30:00Z,FI,26.87,15
2026-08-01T04:30:00Z,FR,151.58,15
2026-08-01T04:30:00Z,GR,152.10,15
2026-08-01T04:30:00Z,HR,152.21,15
2026-08-01T04:30:00Z,HU,152.08,15
2026-08-01T04:30:00Z,IT-CNorth,173.00,15
2026-08-01T04:30:00Z,IT-CSouth,173.00,15
2026-08-01T04:30:00Z,IT-North,173.00,15
2026-08-01T04:30:00Z,IT-Sardinia,173.00,15
2026-08-01T04:30:00Z,IT-Sicily,173.00,15
2026-08-01T04:30:00Z,IT-South,173.00,15
2026-08-01T04:30:00Z,LT,32.56,15
2026-08-01T04:30:00Z,LV,32.56,15
2026-08-01T04:30:00Z,NL,151.86,15
2026-08-01T04:30:00Z,NO1,110.14,15
2026-08-01T04:30:00Z,NO2,139.55,15
2026-08-01T04:30:00Z,NO3,86.12,15
2026-08-01T04:30:00Z,NO4,6.80,15
2026-08-01T04:30:00Z,NO5,119.45,15
2026-08-01T04:30:00Z,PL,151.81,15
2026-08-01T04:30:00Z,PT,173.12,15
2026-08-01T04:30:00Z,RO,152.09,15
2026-08-01T04:30:00Z,RS,114.00,15
2026-08-01T04:30:00Z,SE1,23.08,15
2026-08-01T04:30:00Z,SE2,26.52,15
2026-08-01T04:30:00Z,SE3,27.70,15
2026-08-01T04:30:00Z,SE4,28.09,15
2026-08-01T04:30:00Z,SI,152.26,15
2026-08-01T04:30:00Z,SK,151.87,15
2026-08-01T04:45:00Z,AT,149.80,15
2026-08-01T04:45:00Z,BE,149.80,15
2026-08-01T04:45:00Z,CZ,149.80,15
2026-08-01T04:45:00Z,DE-LU,149.80,15
2026-08-01T04:45:00Z,DK1,149.80,15
2026-08-01T04:45:00Z,DK2,149.79,15
2026-08-01T04:45:00Z,EE,26.74,15
2026-08-01T04:45:00Z,ES,173.60,15
2026-08-01T04:45:00Z,FI,26.73,15
2026-08-01T04:45:00Z,FR,149.80,15
2026-08-01T04:45:00Z,GR,149.80,15
2026-08-01T04:45:00Z,HR,149.80,15
2026-08-01T04:45:00Z,HU,149.80,15
2026-08-01T04:45:00Z,IT-CNorth,165.63,15
2026-08-01T04:45:00Z,IT-CSouth,165.63,15
2026-08-01T04:45:00Z,IT-North,165.63,15
2026-08-01T04:45:00Z,IT-Sardinia,165.63,15
2026-08-01T04:45:00Z,IT-Sicily,165.63,15
2026-08-01T04:45:00Z,IT-South,165.63,15
2026-08-01T04:45:00Z,LT,27.76,15
2026-08-01T04:45:00Z,LV,27.76,15
2026-08-01T04:45:00Z,NL,149.80,15
2026-08-01T04:45:00Z,NO1,110.96,15
2026-08-01T04:45:00Z,NO2,139.49,15
2026-08-01T04:45:00Z,NO3,86.50,15
2026-08-01T04:45:00Z,NO4,6.80,15
2026-08-01T04:45:00Z,NO5,120.06,15
2026-08-01T04:45:00Z,PL,149.80,15
2026-08-01T04:45:00Z,PT,173.60,15
2026-08-01T04:45:00Z,RO,149.80,15
2026-08-01T04:45:00Z,RS,114.00,15
2026-08-01T04:45:00Z,SE1,22.97,15
2026-08-01T04:45:00Z,SE2,26.38,15
2026-08-01T04:45:00Z,SE3,27.56,15
2026-08-01T04:45:00Z,SE4,27.94,15
2026-08-01T04:45:00Z,SI,149.80,15
2026-08-01T04:45:00Z,SK,149.80,15
2026-08-01T05:00:00Z,AT,162.96,15
2026-08-01T05:00:00Z,BE,162.96,15
2026-08-01T05:00:00Z,CH,149.51,60
2026-08-01T05:00:00Z,CZ,162.96,15
2026-08-01T05:00:00Z,DE-LU,162.96,15
2026-08-01T05:00:00Z,DK1,162.96,15
2026-08-01T05:00:00Z,DK2,162.95,15
2026-08-01T05:00:00Z,EE,27.95,15
2026-08-01T05:00:00Z,ES,178.15,15
2026-08-01T05:00:00Z,FI,27.93,15
2026-08-01T05:00:00Z,FR,162.96,15
2026-08-01T05:00:00Z,GR,143.86,15
2026-08-01T05:00:00Z,HR,162.96,15
2026-08-01T05:00:00Z,HU,162.96,15
2026-08-01T05:00:00Z,IT-CNorth,162.96,15
2026-08-01T05:00:00Z,IT-CSouth,162.96,15
2026-08-01T05:00:00Z,IT-North,162.96,15
2026-08-01T05:00:00Z,IT-Sardinia,162.96,15
2026-08-01T05:00:00Z,IT-Sicily,162.96,15
2026-08-01T05:00:00Z,IT-South,162.96,15
2026-08-01T05:00:00Z,LT,30.01,15
2026-08-01T05:00:00Z,LV,30.01,15
2026-08-01T05:00:00Z,NL,162.96,15
2026-08-01T05:00:00Z,NO1,117.50,15
2026-08-01T05:00:00Z,NO2,138.57,15
2026-08-01T05:00:00Z,NO3,90.90,15
2026-08-01T05:00:00Z,NO4,7.35,15
2026-08-01T05:00:00Z,NO5,124.72,15
2026-08-01T05:00:00Z,PL,162.96,15
2026-08-01T05:00:00Z,PT,178.15,15
2026-08-01T05:00:00Z,RO,162.96,15
2026-08-01T05:00:00Z,RS,94.91,15
2026-08-01T05:00:00Z,SE1,23.98,15
2026-08-01T05:00:00Z,SE2,27.60,15
2026-08-01T05:00:00Z,SE3,28.80,15
2026-08-01T05:00:00Z,SE4,29.21,15
2026-08-01T05:00:00Z,SI,162.96,15
2026-08-01T05:00:00Z,SK,162.96,15
2026-08-01T05:15:00Z,AT,147.00,15
2026-08-01T05:15:00Z,BE,147.00,15
2026-08-01T05:15:00Z,CZ,147.00,15
2026-08-01T05:15:00Z,DE-LU,147.00,15
2026-08-01T05:15:00Z,DK1,147.00,15
2026-08-01T05:15:00Z,DK2,147.00,15
2026-08-01T05:15:00Z,EE,26.48,15
2026-08-01T05:15:00Z,ES,173.36,15
2026-08-01T05:15:00Z,FI,26.47,15
2026-08-01T05:15:00Z,FR,147.00,15
2026-08-01T05:15:00Z,GR,128.33,15
2026-08-01T05:15:00Z,HR,147.00,15
2026-08-01T05:15:00Z,HU,147.00,15
2026-08-01T05:15:00Z,IT-CNorth,152.60,15
2026-08-01T05:15:00Z,IT-CSouth,152.60,15
2026-08-01T05:15:00Z,IT-North,152.60,15
2026-08-01T05:15:00Z,IT-Sardinia,152.60,15
2026-08-01T05:15:00Z,IT-Sicily,152.60,15
2026-08-01T05:15:00Z,IT-South,152.60,15
2026-08-01T05:15:00Z,LT,27.48,15
2026-08-01T05:15:00Z,LV,27.48,15
2026-08-01T05:15:00Z,NL,147.00,15
2026-08-01T05:15:00Z,NO1,118.06,15
2026-08-01T05:15:00Z,NO2,138.48,15
2026-08-01T05:15:00Z,NO3,90.27,15
2026-08-01T05:15:00Z,NO4,7.35,15
2026-08-01T05:15:00Z,NO5,125.13,15
2026-08-01T05:15:00Z,PL,147.00,15
2026-08-01T05:15:00Z,PT,173.36,15
2026-08-01T05:15:00Z,RO,147.00,15
2026-08-01T05:15:00Z,RS,94.91,15
2026-08-01T05:15:00Z,SE1,22.81,15
2026-08-01T05:15:00Z,SE2,26.17,15
2026-08-01T05:15:00Z,SE3,27.28,15
2026-08-01T05:15:00Z,SE4,27.66,15
2026-08-01T05:15:00Z,SI,147.00,15
2026-08-01T05:15:00Z,SK,147.00,15
2026-08-01T05:30:00Z,AT,141.73,15
2026-08-01T05:30:00Z,BE,141.73,15
2026-08-01T05:30:00Z,CZ,141.73,15
2026-08-01T05:30:00Z,DE-LU,141.73,15
2026-08-01T05:30:00Z,DK1,141.73,15
2026-08-01T05:30:00Z,DK2,141.72,15
2026-08-01T05:30:00Z,EE,25.35,15
2026-08-01T05:30:00Z,ES,172.64,15
2026-08-01T05:30:00Z,FI,25.34,15
2026-08-01T05:30:00Z,FR,141.73,15
2026-08-01T05:30:00Z,GR,119.96,15
2026-08-01T05:30:00Z,HR,141.73,15
2026-08-01T05:30:00Z,HU,141.73,15
2026-08-01T05:30:00Z,IT-CNorth,167.49,15
2026-08-01T05:30:00Z,IT-CSouth,167.49,15
2026-08-01T05:30:00Z,IT-North,167.49,15
2026-08-01T05:30:00Z,IT-Sardinia,167.49,15
2026-08-01T05:30:00Z,IT-Sicily,167.49,15
2026-08-01T05:30:00Z,IT-South,167.49,15
2026-08-01T05:30:00Z,LT,26.42,15
2026-08-01T05:30:00Z,LV,26.42,15
2026-08-01T05:30:00Z,NL,141.73,15
2026-08-01T05:30:00Z,NO1,130.44,15
2026-08-01T05:30:00Z,NO2,137.52,15
2026-08-01T05:30:00Z,NO3,94.60,15
2026-08-01T05:30:00Z,NO4,7.64,15
2026-08-01T05:30:00Z,NO5,125.84,15
2026-08-01T05:30:00Z,PL,141.73,15
2026-08-01T05:30:00Z,PT,172.64,15
2026-08-01T05:30:00Z,RO,141.73,15
2026-08-01T05:30:00Z,RS,94.91,15
2026-08-01T05:30:00Z,SE1,21.90,15
2026-08-01T05:30:00Z,SE2,25.00,15
2026-08-01T05:30:00Z,SE3,26.20,15
2026-08-01T05:30:00Z,SE4,26.64,15
2026-08-01T05:30:00Z,SI,141.73,15
2026-08-01T05:30:00Z,SK,141.73,15
2026-08-01T05:45:00Z,AT,134.00,15
2026-08-01T05:45:00Z,BE,134.00,15
2026-08-01T05:45:00Z,CZ,134.00,15
2026-08-01T05:45:00Z,DE-LU,134.00,15
2026-08-01T05:45:00Z,DK1,134.00,15
2026-08-01T05:45:00Z,DK2,134.00,15
2026-08-01T05:45:00Z,EE,24.48,15
2026-08-01T05:45:00Z,ES,173.60,15
2026-08-01T05:45:00Z,FI,24.47,15
2026-08-01T05:45:00Z,FR,134.00,15
2026-08-01T05:45:00Z,GR,10.00,15
2026-08-01T05:45:00Z,HR,134.00,15
2026-08-01T05:45:00Z,HU,134.00,15
2026-08-01T05:45:00Z,IT-CNorth,145.64,15
2026-08-01T05:45:00Z,IT-CSouth,145.64,15
2026-08-01T05:45:00Z,IT-North,145.64,15
2026-08-01T05:45:00Z,IT-Sardinia,145.64,15
2026-08-01T05:45:00Z,IT-Sicily,145.64,15
2026-08-01T05:45:00Z,IT-South,145.64,15
2026-08-01T05:45:00Z,LT,25.47,15
2026-08-01T05:45:00Z,LV,25.47,15
2026-08-01T05:45:00Z,NL,134.00,15
2026-08-01T05:45:00Z,NO1,129.01,15
2026-08-01T05:45:00Z,NO2,134.84,15
2026-08-01T05:45:00Z,NO3,93.56,15
2026-08-01T05:45:00Z,NO4,7.71,15
2026-08-01T05:45:00Z,NO5,126.17,15
2026-08-01T05:45:00Z,PL,134.00,15
2026-08-01T05:45:00Z,PT,173.60,15
2026-08-01T05:45:00Z,RO,134.00,15
2026-08-01T05:45:00Z,RS,94.91,15
2026-08-01T05:45:00Z,SE1,21.22,15
2026-08-01T05:45:00Z,SE2,24.16,15
2026-08-01T05:45:00Z,SE3,25.27,15
2026-08-01T05:45:00Z,SE4,25.67,15
2026-08-01T05:45:00Z,SI,134.00,15
2026-08-01T05:45:00Z,SK,134.00,15
2026-08-01T06:00:00Z,AT,160.86,15
2026-08-01T06:00:00Z,BE,160.86,15
2026-08-01T06:00:00Z,CH,136.53,60
2026-08-01T06:00:00Z,CZ,160.86,15
2026-08-01T06:00:00Z,DE-LU,160.86,15
2026-08-01T06:00:00Z,DK1,160.86,15
2026-08-01T06:00:00Z,DK2,160.86,15
2026-08-01T06:00:00Z,EE,28.67,15
2026-08-01T06:00:00Z,ES,179.98,15
2026-08-01T06:00:00Z,FI,28.66,15
2026-08-01T06:00:00Z,FR,160.86,15
2026-08-01T06:00:00Z,GR,0.01,15
2026-08-01T06:00:00Z,HR,160.86,15
2026-08-01T06:00:00Z,HU,160.86,15
2026-08-01T06:00:00Z,IT-CNorth,160.86,15
2026-08-01T06:00:00Z,IT-CSouth,160.86,15
2026-08-01T06:00:00Z,IT-North,160.86,15
2026-08-01T06:00:00Z,IT-Sardinia,160.86,15
2026-08-01T06:00:00Z,IT-Sicily,160.86,15
2026-08-01T06:00:00Z,IT-South,160.86,15
2026-08-01T06:00:00Z,LT,29.92,15
2026-08-01T06:00:00Z,LV,29.92,15
2026-08-01T06:00:00Z,NL,160.86,15
2026-08-01T06:00:00Z,NO1,131.87,15
2026-08-01T06:00:00Z,NO2,138.80,15
2026-08-01T06:00:00Z,NO3,97.59,15
2026-08-01T06:00:00Z,NO4,7.76,15
2026-08-01T06:00:00Z,NO5,127.11,15
2026-08-01T06:00:00Z,PL,160.86,15
2026-08-01T06:00:00Z,PT,179.98,15
2026-08-01T06:00:00Z,RO,160.86,15
2026-08-01T06:00:00Z,RS,80.07,15
2026-08-01T06:00:00Z,SE1,24.61,15
2026-08-01T06:00:00Z,SE2,28.32,15
2026-08-01T06:00:00Z,SE3,29.66,15
2026-08-01T06:00:00Z,SE4,30.17,15
2026-08-01T06:00:00Z,SI,160.86,15
2026-08-01T06:00:00Z,SK,160.86,15
2026-08-01T06:15:00Z,AT,143.70,15
2026-08-01T06:15:00Z,BE,143.70,15
2026-08-01T06:15:00Z,CZ,143.70,15
2026-08-01T06:15:00Z,DE-LU,143.70,15
2026-08-01T06:15:00Z,DK1,143.70,15
2026-08-01T06:15:00Z,DK2,143.70,15
2026-08-01T06:15:00Z,EE,25.72,15
2026-08-01T06:15:00Z,ES,178.15,15
2026-08-01T06:15:00Z,FI,25.71,15
2026-08-01T06:15:00Z,FR,143.70,15
2026-08-01T06:15:00Z,GR,0.00,15
2026-08-01T06:15:00Z,HR,143.70,15
2026-08-01T06:15:00Z,HU,143.70,15
2026-08-01T06:15:00Z,IT-CNorth,192.80,15
2026-08-01T06:15:00Z,IT-CSouth,192.80,15
2026-08-01T06:15:00Z,IT-North,192.80,15
2026-08-01T06:15:00Z,IT-Sardinia,192.80,15
2026-08-01T06:15:00Z,IT-Sicily,192.80,15
2026-08-01T06:15:00Z,IT-South,192.80,15
2026-08-01T06:15:00Z,LT,26.80,15
2026-08-01T06:15:00Z,LV,26.80,15
2026-08-01T06:15:00Z,NL,143.70,15
2026-08-01T06:15:00Z,NO1,131.14,15
2026-08-01T06:15:00Z,NO2,137.64,15
2026-08-01T06:15:00Z,NO3,95.45,15
2026-08-01T06:15:00Z,NO4,7.66,15
2026-08-01T06:15:00Z,NO5,127.19,15
2026-08-01T06:15:00Z,PL,143.70,15
2026-08-01T06:15:00Z,PT,178.15,15
2026-08-01T06:15:00Z,RO,143.70,15
2026-08-01T06:15:00Z,RS,80.07,15
2026-08-01T06:15:00Z,SE1,22.21,15
2026-08-01T06:15:00Z,SE2,25.42,15
2026-08-01T06:15:00Z,SE3,26.58,15
2026-08-01T06:15:00Z,SE4,27.02,15
2026-08-01T06:15:00Z,SI,143.70,15
2026-08-01T06:15:00Z,SK,143.70,15
2026-08-01T06:30:00Z,AT,133.18,15
2026-08-01T06:30:00Z,BE,133.18,15
2026-08-01T06:30:00Z,CZ,133.18,15
2026-08-01T06:30:00Z,DE-LU,133.18,15
2026-08-01T06:30:00Z,DK1,133.18,15
2026-08-01T06:30:00Z,DK2,132.21,15
2026-08-01T06:30:00Z,EE,23.35,15
2026-08-01T06:30:00Z,ES,158.27,15
2026-08-01T06:30:00Z,FI,23.34,15
2026-08-01T06:30:00Z,FR,133.18,15
2026-08-01T06:30:00Z,GR,-0.01,15
2026-08-01T06:30:00Z,HR,133.18,15
2026-08-01T06:30:00Z,HU,133.18,15
2026-08-01T06:30:00Z,IT-CNorth,171.13,15
2026-08-01T06:30:00Z,IT-CSouth,171.13,15
2026-08-01T06:30:00Z,IT-North,171.13,15
2026-08-01T06:30:00Z,IT-Sardinia,171.13,15
2026-08-01T06:30:00Z,IT-Sicily,171.13,15
2026-08-01T06:30:00Z,IT-South,171.13,15
2026-08-01T06:30:00Z,LT,24.26,15
2026-08-01T06:30:00Z,LV,24.26,15
2026-08-01T06:30:00Z,NL,133.18,15
2026-08-01T06:30:00Z,NO1,128.41,15
2026-08-01T06:30:00Z,NO2,133.01,15
2026-08-01T06:30:00Z,NO3,92.86,15
2026-08-01T06:30:00Z,NO4,7.70,15
2026-08-01T06:30:00Z,NO5,127.26,15
2026-08-01T06:30:00Z,PL,133.18,15
2026-08-01T06:30:00Z,PT,158.27,15
2026-08-01T06:30:00Z,RO,133.18,15
2026-08-01T06:30:00Z,RS,80.07,15
2026-08-01T06:30:00Z,SE1,20.32,15
2026-08-01T06:30:00Z,SE2,23.10,15
2026-08-01T06:30:00Z,SE3,24.07,15
2026-08-01T06:30:00Z,SE4,24.44,15
2026-08-01T06:30:00Z,SI,133.18,15
2026-08-01T06:30:00Z,SK,133.18,15
2026-08-01T06:45:00Z,AT,122.75,15
2026-08-01T06:45:00Z,BE,122.58,15
2026-08-01T06:45:00Z,CZ,131.73,15
2026-08-01T06:45:00Z,DE-LU,123.89,15
2026-08-01T06:45:00Z,DK1,124.17,15
2026-08-01T06:45:00Z,DK2,125.87,15
2026-08-01T06:45:00Z,EE,20.28,15
2026-08-01T06:45:00Z,ES,127.45,15
2026-08-01T06:45:00Z,FI,20.27,15
2026-08-01T06:45:00Z,FR,120.68,15
2026-08-01T06:45:00Z,GR,-0.01,15
2026-08-01T06:45:00Z,HR,52.62,15
2026-08-01T06:45:00Z,HU,131.47,15
2026-08-01T06:45:00Z,IT-CNorth,155.21,15
2026-08-01T06:45:00Z,IT-CSouth,155.21,15
2026-08-01T06:45:00Z,IT-North,155.21,15
2026-08-01T06:45:00Z,IT-Sardinia,155.21,15
2026-08-01T06:45:00Z,IT-Sicily,155.21,15
2026-08-01T06:45:00Z,IT-South,155.21,15
2026-08-01T06:45:00Z,LT,20.98,15
2026-08-01T06:45:00Z,LV,20.98,15
2026-08-01T06:45:00Z,NL,123.02,15
2026-08-01T06:45:00Z,NO1,123.48,15
2026-08-01T06:45:00Z,NO2,125.51,15
2026-08-01T06:45:00Z,NO3,88.73,15
2026-08-01T06:45:00Z,NO4,7.45,15
2026-08-01T06:45:00Z,NO5,125.99,15
2026-08-01T06:45:00Z,PL,127.33,15
2026-08-01T06:45:00Z,PT,127.45,15
2026-08-01T06:45:00Z,RO,13.07,15
2026-08-01T06:45:00Z,RS,80.07,15
2026-08-01T06:45:00Z,SE1,17.80,15
2026-08-01T06:45:00Z,SE2,20.08,15
2026-08-01T06:45:00Z,SE3,20.83,15
2026-08-01T06:45:00Z,SE4,21.11,15
2026-08-01T06:45:00Z,SI,95.55,15
2026-08-01T06:45:00Z,SK,139.62,15
2026-08-01T07:00:00Z,AT,145.41,15
2026-08-01T07:00:00Z,BE,145.41,15
2026-08-01T07:00:00Z,CH,125.06,60
2026-08-01T07:00:00Z,CZ,145.41,15
2026-08-01T07:00:00Z,DE-LU,145.41,15
2026-08-01T07:00:00Z,DK1,145.41,15
2026-08-01T07:00:00Z,DK2,145.41,15
2026-08-01T07:00:00Z,EE,27.04,15
2026-08-01T07:00:00Z,ES,145.41,15
2026-08-01T07:00:00Z,FI,27.03,15
2026-08-01T07:00:00Z,FR,145.41,15
2026-08-01T07:00:00Z,GR,-0.01,15
2026-08-01T07:00:00Z,HR,145.41,15
2026-08-01T07:00:00Z,HU,145.41,15
2026-08-01T07:00:00Z,IT-CNorth,160.80,15
2026-08-01T07:00:00Z,IT-CSouth,160.80,15
2026-08-01T07:00:00Z,IT-North,160.80,15
2026-08-01T07:00:00Z,IT-Sardinia,160.80,15
2026-08-01T07:00:00Z,IT-Sicily,160.80,15
2026-08-01T07:00:00Z,IT-South,160.80,15
2026-08-01T07:00:00Z,LT,28.10,15
2026-08-01T07:00:00Z,LV,28.10,15
2026-08-01T07:00:00Z,NL,145.41,15
2026-08-01T07:00:00Z,NO1,126.80,15
2026-08-01T07:00:00Z,NO2,129.20,15
2026-08-01T07:00:00Z,NO3,94.85,15
2026-08-01T07:00:00Z,NO4,7.83,15
2026-08-01T07:00:00Z,NO5,128.34,15
2026-08-01T07:00:00Z,PL,145.41,15
2026-08-01T07:00:00Z,PT,145.41,15
2026-08-01T07:00:00Z,RO,145.41,15
2026-08-01T07:00:00Z,RS,89.92,15
2026-08-01T07:00:00Z,SE1,23.34,15
2026-08-01T07:00:00Z,SE2,26.73,15
2026-08-01T07:00:00Z,SE3,27.89,15
2026-08-01T07:00:00Z,SE4,28.31,15
2026-08-01T07:00:00Z,SI,145.41,15
2026-08-01T07:00:00Z,SK,145.41,15
2026-08-01T07:15:00Z,AT,122.62,15
2026-08-01T07:15:00Z,BE,119.78,15
2026-08-01T07:15:00Z,CZ,126.89,15
2026-08-01T07:15:00Z,DE-LU,122.44,15
2026-08-01T07:15:00Z,DK1,122.35,15
2026-08-01T07:15:00Z,DK2,122.90,15
2026-08-01T07:15:00Z,EE,25.28,15
2026-08-01T07:15:00Z,ES,114.75,15
2026-08-01T07:15:00Z,FI,25.27,15
2026-08-01T07:15:00Z,FR,114.75,15
2026-08-01T07:15:00Z,GR,-0.01,15
2026-08-01T07:15:00Z,HR,86.63,15
2026-08-01T07:15:00Z,HU,125.62,15
2026-08-01T07:15:00Z,IT-CNorth,154.40,15
2026-08-01T07:15:00Z,IT-CSouth,154.40,15
2026-08-01T07:15:00Z,IT-North,154.40,15
2026-08-01T07:15:00Z,IT-Sardinia,154.40,15
2026-08-01T07:15:00Z,IT-Sicily,154.40,15
2026-08-01T07:15:00Z,IT-South,154.40,15
2026-08-01T07:15:00Z,LT,26.25,15
2026-08-01T07:15:00Z,LV,26.25,15
2026-08-01T07:15:00Z,NL,121.02,15
2026-08-01T07:15:00Z,NO1,122.92,15
2026-08-01T07:15:00Z,NO2,124.67,15
2026-08-01T07:15:00Z,NO3,91.56,15
2026-08-01T07:15:00Z,NO4,7.56,15
2026-08-01T07:15:00Z,NO5,125.33,15
2026-08-01T07:15:00Z,PL,124.57,15
2026-08-01T07:15:00Z,PT,114.75,15
2026-08-01T07:15:00Z,RO,66.07,15
2026-08-01T07:15:00Z,RS,89.92,15
2026-08-01T07:15:00Z,SE1,21.87,15
2026-08-01T07:15:00Z,SE2,25.00,15
2026-08-01T07:15:00Z,SE3,26.05,15
2026-08-01T07:15:00Z,SE4,26.43,15
2026-08-01T07:15:00Z,SI,108.93,15
2026-08-01T07:15:00Z,SK,131.15,15
2026-08-01T07:30:00Z,AT,119.35,15
2026-08-01T07:30:00Z,BE,109.39,15
2026-08-01T07:30:00Z,CZ,126.80,15
2026-08-01T07:30:00Z,DE-LU,117.65,15
2026-08-01T07:30:00Z,DK1,117.07,15
2026-08-01T07:30:00Z,DK2,118.41,15
2026-08-01T07:30:00Z,EE,22.83,15
2026-08-01T07:30:00Z,ES,92.19,15
2026-08-01T07:30:00Z,FI,22.82,15
2026-08-01T07:30:00Z,FR,92.19,15
2026-08-01T07:30:00Z,GR,-0.01,15
2026-08-01T07:30:00Z,HR,52.07,15
2026-08-01T07:30:00Z,HU,124.75,15
2026-08-01T07:30:00Z,IT-CNorth,161.25,15
2026-08-01T07:30:00Z,IT-CSouth,161.25,15
2026-08-01T07:30:00Z,IT-North,161.25,15
2026-08-01T07:30:00Z,IT-Sardinia,161.25,15
2026-08-01T07:30:00Z,IT-Sicily,161.25,15
2026-08-01T07:30:00Z,IT-South,161.25,15
2026-08-01T07:30:00Z,LT,23.68,15
2026-08-01T07:30:00Z,LV,23.68,15
2026-08-01T07:30:00Z,NL,113.29,15
2026-08-01T07:30:00Z,NO1,118.19,15
2026-08-01T07:30:00Z,NO2,119.94,15
2026-08-01T07:30:00Z,NO3,87.13,15
2026-08-01T07:30:00Z,NO4,7.09,15
2026-08-01T07:30:00Z,NO5,120.53,15
2026-08-01T07:30:00Z,PL,122.29,15
2026-08-01T07:30:00Z,PT,92.19,15
2026-08-01T07:30:00Z,RO,13.26,15
2026-08-01T07:30:00Z,RS,89.92,15
2026-08-01T07:30:00Z,SE1,19.79,15
2026-08-01T07:30:00Z,SE2,22.57,15
2026-08-01T07:30:00Z,SE3,23.51,15
2026-08-01T07:30:00Z,SE4,23.85,15
2026-08-01T07:30:00Z,SI,93.90,15
2026-08-01T07:30:00Z,SK,134.94,15
2026-08-01T07:45:00Z,AT,111.79,15
2026-08-01T07:45:00Z,BE,93.61,15
2026-08-01T07:45:00Z,CZ,117.50,15
2026-08-01T07:45:00Z,DE-LU,107.59,15
2026-08-01T07:45:00Z,DK1,106.24,15
2026-08-01T07:45:00Z,DK2,108.07,15
2026-08-01T07:45:00Z,EE,19.65,15
2026-08-01T07:45:00Z,ES,62.74,15
2026-08-01T07:45:00Z,FI,19.64,15
2026-08-01T07:45:00Z,FR,62.74,15
2026-08-01T07:45:00Z,GR,-0.01,15
2026-08-01T07:45:00Z,HR,50.63,15
2026-08-01T07:45:00Z,HU,116.28,15
2026-08-01T07:45:00Z,IT-CNorth,140.00,15
2026-08-01T07:45:00Z,IT-CSouth,140.00,15
2026-08-01T07:45:00Z,IT-North,140.00,15
2026-08-01T07:45:00Z,IT-Sardinia,140.00,15
2026-08-01T07:45:00Z,IT-Sicily,140.00,15
2026-08-01T07:45:00Z,IT-South,140.00,15
2026-08-01T07:45:00Z,LT,20.34,15
2026-08-01T07:45:00Z,LV,20.34,15
2026-08-01T07:45:00Z,NL,100.27,15
2026-08-01T07:45:00Z,NO1,109.31,15
2026-08-01T07:45:00Z,NO2,111.01,15
2026-08-01T07:45:00Z,NO3,79.52,15
2026-08-01T07:45:00Z,NO4,6.97,15
2026-08-01T07:45:00Z,NO5,111.48,15
2026-08-01T07:45:00Z,PL,113.08,15
2026-08-01T07:45:00Z,PT,62.74,15
2026-08-01T07:45:00Z,RO,14.62,15
2026-08-01T07:45:00Z,RS,89.92,15
2026-08-01T07:45:00Z,SE1,17.21,15
2026-08-01T07:45:00Z,SE2,19.45,15
2026-08-01T07:45:00Z,SE3,20.20,15
2026-08-01T07:45:00Z,SE4,20.47,15
2026-08-01T07:45:00Z,SI,88.95,15
2026-08-01T07:45:00Z,SK,125.29,15
2026-08-01T08:00:00Z,AT,122.07,15
2026-08-01T08:00:00Z,BE,100.68,15
2026-08-01T08:00:00Z,CH,98.00,60
2026-08-01T08:00:00Z,CZ,119.59,15
2026-08-01T08:00:00Z,DE-LU,116.41,15
2026-08-01T08:00:00Z,DK1,113.88,15
2026-08-01T08:00:00Z,DK2,115.34,15
2026-08-01T08:00:00Z,EE,25.00,15
2026-08-01T08:00:00Z,ES,64.80,15
2026-08-01T08:00:00Z,FI,24.99,15
2026-08-01T08:00:00Z,FR,64.80,15
2026-08-01T08:00:00Z,GR,-0.01,15
2026-08-01T08:00:00Z,HR,122.80,15
2026-08-01T08:00:00Z,HU,121.13,15
2026-08-01T08:00:00Z,IT-CNorth,162.25,15
2026-08-01T08:00:00Z,IT-CSouth,162.25,15
2026-08-01T08:00:00Z,IT-North,162.25,15
2026-08-01T08:00:00Z,IT-Sardinia,162.25,15
2026-08-01T08:00:00Z,IT-Sicily,162.25,15
2026-08-01T08:00:00Z,IT-South,162.25,15
2026-08-01T08:00:00Z,LT,31.86,15
2026-08-01T08:00:00Z,LV,31.86,15
2026-08-01T08:00:00Z,NL,107.89,15
2026-08-01T08:00:00Z,NO1,114.35,15
2026-08-01T08:00:00Z,NO2,115.65,15
2026-08-01T08:00:00Z,NO3,89.64,15
2026-08-01T08:00:00Z,NO4,6.67,15
2026-08-01T08:00:00Z,NO5,116.48,15
2026-08-01T08:00:00Z,PL,118.83,15
2026-08-01T08:00:00Z,PT,64.80,15
2026-08-01T08:00:00Z,RO,121.44,15
2026-08-01T08:00:00Z,RS,89.92,15
2026-08-01T08:00:00Z,SE1,24.46,15
2026-08-01T08:00:00Z,SE2,29.01,15
2026-08-01T08:00:00Z,SE3,30.92,15
2026-08-01T08:00:00Z,SE4,32.41,15
2026-08-01T08:00:00Z,SI,123.10,15
2026-08-01T08:00:00Z,SK,120.42,15
2026-08-01T08:15:00Z,AT,112.49,15
2026-08-01T08:15:00Z,BE,83.80,15
2026-08-01T08:15:00Z,CZ,111.73,15
2026-08-01T08:15:00Z,DE-LU,104.39,15
2026-08-01T08:15:00Z,DK1,101.32,15
2026-08-01T08:15:00Z,DK2,103.47,15
2026-08-01T08:15:00Z,EE,22.04,15
2026-08-01T08:15:00Z,ES,37.69,15
2026-08-01T08:15:00Z,FI,22.04,15
2026-08-01T08:15:00Z,FR,37.69,15
2026-08-01T08:15:00Z,GR,-0.01,15
2026-08-01T08:15:00Z,HR,82.50,15
2026-08-01T08:15:00Z,HU,112.45,15
2026-08-01T08:15:00Z,IT-CNorth,153.00,15
2026-08-01T08:15:00Z,IT-CSouth,153.00,15
2026-08-01T08:15:00Z,IT-North,153.00,15
2026-08-01T08:15:00Z,IT-Sardinia,153.00,15
2026-08-01T08:15:00Z,IT-Sicily,153.00,15
2026-08-01T08:15:00Z,IT-South,153.00,15
2026-08-01T08:15:00Z,LT,22.89,15
2026-08-01T08:15:00Z,LV,22.89,15
2026-08-01T08:15:00Z,NL,93.22,15
2026-08-01T08:15:00Z,NO1,104.97,15
2026-08-01T08:15:00Z,NO2,106.45,15
2026-08-01T08:15:00Z,NO3,78.45,15
2026-08-01T08:15:00Z,NO4,6.61,15
2026-08-01T08:15:00Z,NO5,107.03,15
2026-08-01T08:15:00Z,PL,108.91,15
2026-08-01T08:15:00Z,PT,37.69,15
2026-08-01T08:15:00Z,RO,63.62,15
2026-08-01T08:15:00Z,RS,89.92,15
2026-08-01T08:15:00Z,SE1,19.04,15
2026-08-01T08:15:00Z,SE2,21.75,15
2026-08-01T08:15:00Z,SE3,22.72,15
2026-08-01T08:15:00Z,SE4,23.06,15
2026-08-01T08:15:00Z,SI,101.13,15
2026-08-01T08:15:00Z,SK,115.98,15
2026-08-01T08:30:00Z,AT,112.64,15
2026-08-01T08:30:00Z,BE,73.04,15
2026-08-01T08:30:00Z,CZ,110.84,15
2026-08-01T08:30:00Z,DE-LU,101.60,15
2026-08-01T08:30:00Z,DK1,97.27,15
2026-08-01T08:30:00Z,DK2,100.19,15
2026-08-01T08:30:00Z,EE,22.36,15
2026-08-01T08:30:00Z,ES,8.82,15
2026-08-01T08:30:00Z,FI,22.35,15
2026-08-01T08:30:00Z,FR,8.82,15
2026-08-01T08:30:00Z,GR,-0.01,15
2026-08-01T08:30:00Z,HR,80.27,15
2026-08-01T08:30:00Z,HU,112.23,15
2026-08-01T08:30:00Z,IT-CNorth,145.70,15
2026-08-01T08:30:00Z,IT-CSouth,145.70,15
2026-08-01T08:30:00Z,IT-North,145.70,15
2026-08-01T08:30:00Z,IT-Sardinia,145.70,15
2026-08-01T08:30:00Z,IT-Sicily,145.70,15
2026-08-01T08:30:00Z,IT-South,145.70,15
2026-08-01T08:30:00Z,LT,28.28,15
2026-08-01T08:30:00Z,LV,28.28,15
2026-08-01T08:30:00Z,NL,86.12,15
2026-08-01T08:30:00Z,NO1,99.26,15
2026-08-01T08:30:00Z,NO2,100.39,15
2026-08-01T08:30:00Z,NO3,78.02,15
2026-08-01T08:30:00Z,NO4,6.54,15
2026-08-01T08:30:00Z,NO5,101.10,15
2026-08-01T08:30:00Z,PL,107.47,15
2026-08-01T08:30:00Z,PT,8.82,15
2026-08-01T08:30:00Z,RO,59.18,15
2026-08-01T08:30:00Z,RS,89.92,15
2026-08-01T08:30:00Z,SE1,21.90,15
2026-08-01T08:30:00Z,SE2,25.82,15
2026-08-01T08:30:00Z,SE3,27.47,15
2026-08-01T08:30:00Z,SE4,28.76,15
2026-08-01T08:30:00Z,SI,100.66,15
2026-08-01T08:30:00Z,SK,115.79,15
2026-08-01T08:45:00Z,AT,90.21,15
2026-08-01T08:45:00Z,BE,57.58,15
2026-08-01T08:45:00Z,CZ,87.87,15
2026-08-01T08:45:00Z,DE-LU,81.29,15
2026-08-01T08:45:00Z,DK1,77.61,15
2026-08-01T08:45:00Z,DK2,79.95,15
2026-08-01T08:45:00Z,EE,18.73,15
2026-08-01T08:45:00Z,ES,4.00,15
2026-08-01T08:45:00Z,FI,18.72,15
2026-08-01T08:45:00Z,FR,4.00,15
2026-08-01T08:45:00Z,GR,-0.01,15
2026-08-01T08:45:00Z,HR,73.87,15
2026-08-01T08:45:00Z,HU,89.47,15
2026-08-01T08:45:00Z,IT-CNorth,139.45,15
2026-08-01T08:45:00Z,IT-CSouth,139.45,15
2026-08-01T08:45:00Z,IT-North,139.45,15
2026-08-01T08:45:00Z,IT-Sardinia,139.45,15
2026-08-01T08:45:00Z,IT-Sicily,139.45,15
2026-08-01T08:45:00Z,IT-South,139.45,15
2026-08-01T08:45:00Z,LT,20.86,15
2026-08-01T08:45:00Z,LV,20.86,15
2026-08-01T08:45:00Z,NL,68.44,15
2026-08-01T08:45:00Z,NO1,79.11,15
2026-08-01T08:45:00Z,NO2,80.10,15
2026-08-01T08:45:00Z,NO3,60.90,15
2026-08-01T08:45:00Z,NO4,6.57,15
2026-08-01T08:45:00Z,NO5,80.59,15
2026-08-01T08:45:00Z,PL,108.91,15
2026-08-01T08:45:00Z,PT,4.00,15
2026-08-01T08:45:00Z,RO,62.19,15
2026-08-01T08:45:00Z,RS,89.92,15
2026-08-01T08:45:00Z,SE1,17.12,15
2026-08-01T08:45:00Z,SE2,19.59,15
2026-08-01T08:45:00Z,SE3,20.54,15
2026-08-01T08:45:00Z,SE4,21.08,15
2026-08-01T08:45:00Z,SI,84.60,15
2026-08-01T08:45:00Z,SK,90.91,15
2026-08-01T09:00:00Z,AT,91.72,15
2026-08-01T09:00:00Z,BE,59.18,15
2026-08-01T09:00:00Z,CH,50.22,60
2026-08-01T09:00:00Z,CZ,87.95,15
2026-08-01T09:00:00Z,DE-LU,83.00,15
2026-08-01T09:00:00Z,DK1,79.26,15
2026-08-01T09:00:00Z,DK2,81.48,15
2026-08-01T09:00:00Z,EE,23.78,15
2026-08-01T09:00:00Z,ES,3.43,15
2026-08-01T09:00:00Z,FI,23.77,15
2026-08-01T09:00:00Z,FR,3.43,15
2026-08-01T09:00:00Z,GR,-0.01,15
2026-08-01T09:00:00Z,HR,92.80,15
2026-08-01T09:00:00Z,HU,90.28,15
2026-08-01T09:00:00Z,IT-CNorth,125.00,15
2026-08-01T09:00:00Z,IT-CSouth,125.00,15
2026-08-01T09:00:00Z,IT-North,125.00,15
2026-08-01T09:00:00Z,IT-Sardinia,125.00,15
2026-08-01T09:00:00Z,IT-Sicily,125.00,15
2026-08-01T09:00:00Z,IT-South,125.00,15
2026-08-01T09:00:00Z,LT,30.29,15
2026-08-01T09:00:00Z,LV,30.29,15
2026-08-01T09:00:00Z,NL,70.19,15
2026-08-01T09:00:00Z,NO1,81.20,15
2026-08-01T09:00:00Z,NO2,81.82,15
2026-08-01T09:00:00Z,NO3,67.90,15
2026-08-01T09:00:00Z,NO4,6.42,15
2026-08-01T09:00:00Z,NO5,82.60,15
2026-08-01T09:00:00Z,PL,107.52,15
2026-08-01T09:00:00Z,PT,3.43,15
2026-08-01T09:00:00Z,RO,90.74,15
2026-08-01T09:00:00Z,RS,70.53,15
2026-08-01T09:00:00Z,SE1,23.25,15
2026-08-01T09:00:00Z,SE2,27.37,15
2026-08-01T09:00:00Z,SE3,29.41,15
2026-08-01T09:00:00Z,SE4,30.81,15
2026-08-01T09:00:00Z,SI,93.27,15
2026-08-01T09:00:00Z,SK,89.15,15
2026-08-01T09:15:00Z,AT,75.22,15
2026-08-01T09:15:00Z,BE,48.18,15
2026-08-01T09:15:00Z,CZ,72.10,15
2026-08-01T09:15:00Z,DE-LU,67.98,15
2026-08-01T09:15:00Z,DK1,64.87,15
2026-08-01T09:15:00Z,DK2,66.71,15
2026-08-01T09:15:00Z,EE,19.63,15
2026-08-01T09:15:00Z,ES,1.85,15
2026-08-01T09:15:00Z,FI,19.62,15
2026-08-01T09:15:00Z,FR,1.85,15
2026-08-01T09:15:00Z,GR,-0.01,15
2026-08-01T09:15:00Z,HR,76.13,15
2026-08-01T09:15:00Z,HU,74.02,15
2026-08-01T09:15:00Z,IT-CNorth,126.07,15
2026-08-01T09:15:00Z,IT-CSouth,126.07,15
2026-08-01T09:15:00Z,IT-North,126.07,15
2026-08-01T09:15:00Z,IT-Sardinia,126.07,15
2026-08-01T09:15:00Z,IT-Sicily,126.07,15
2026-08-01T09:15:00Z,IT-South,126.07,15
2026-08-01T09:15:00Z,LT,24.55,15
2026-08-01T09:15:00Z,LV,24.55,15
2026-08-01T09:15:00Z,NL,57.33,15
2026-08-01T09:15:00Z,NO1,66.42,15
2026-08-01T09:15:00Z,NO2,66.96,15
2026-08-01T09:15:00Z,NO3,55.12,15
2026-08-01T09:15:00Z,NO4,6.48,15
2026-08-01T09:15:00Z,NO5,67.55,15
2026-08-01T09:15:00Z,PL,107.52,15
2026-08-01T09:15:00Z,PT,1.85,15
2026-08-01T09:15:00Z,RO,74.41,15
2026-08-01T09:15:00Z,RS,70.53,15
2026-08-01T09:15:00Z,SE1,19.23,15
2026-08-01T09:15:00Z,SE2,22.35,15
2026-08-01T09:15:00Z,SE3,23.89,15
2026-08-01T09:15:00Z,SE4,24.95,15
2026-08-01T09:15:00Z,SI,76.51,15
2026-08-01T09:15:00Z,SK,73.09,15
2026-08-01T09:30:00Z,AT,56.65,15
2026-08-01T09:30:00Z,BE,36.17,15
2026-08-01T09:30:00Z,CZ,54.28,15
2026-08-01T09:30:00Z,DE-LU,51.16,15
2026-08-01T09:30:00Z,DK1,48.81,15
2026-08-01T09:30:00Z,DK2,50.20,15
2026-08-01T09:30:00Z,EE,21.67,15
2026-08-01T09:30:00Z,ES,1.08,15
2026-08-01T09:30:00Z,FI,21.67,15
2026-08-01T09:30:00Z,FR,1.08,15
2026-08-01T09:30:00Z,GR,-0.01,15
2026-08-01T09:30:00Z,HR,57.33,15
2026-08-01T09:30:00Z,HU,55.74,15
2026-08-01T09:30:00Z,IT-CNorth,130.00,15
2026-08-01T09:30:00Z,IT-CSouth,130.00,15
2026-08-01T09:30:00Z,IT-North,130.00,15
2026-08-01T09:30:00Z,IT-Sardinia,130.00,15
2026-08-01T09:30:00Z,IT-Sicily,130.00,15
2026-08-01T09:30:00Z,IT-South,130.00,15
2026-08-01T09:30:00Z,LT,27.39,15
2026-08-01T09:30:00Z,LV,27.39,15
2026-08-01T09:30:00Z,NL,43.10,15
2026-08-01T09:30:00Z,NO1,50.33,15
2026-08-01T09:30:00Z,NO2,50.39,15
2026-08-01T09:30:00Z,NO3,46.73,15
2026-08-01T09:30:00Z,NO4,6.42,15
2026-08-01T09:30:00Z,NO5,51.08,15
2026-08-01T09:30:00Z,PL,107.52,15
2026-08-01T09:30:00Z,PT,1.08,15
2026-08-01T09:30:00Z,RO,56.04,15
2026-08-01T09:30:00Z,RS,70.53,15
2026-08-01T09:30:00Z,SE1,21.21,15
2026-08-01T09:30:00Z,SE2,24.83,15
2026-08-01T09:30:00Z,SE3,26.62,15
2026-08-01T09:30:00Z,SE4,27.84,15
2026-08-01T09:30:00Z,SI,57.63,15
2026-08-01T09:30:00Z,SK,55.03,15
2026-08-01T09:45:00Z,AT,29.25,15
2026-08-01T09:45:00Z,BE,18.87,15
2026-08-01T09:45:00Z,CZ,28.05,15
2026-08-01T09:45:00Z,DE-LU,26.47,15
2026-08-01T09:45:00Z,DK1,25.28,15
2026-08-01T09:45:00Z,DK2,25.98,15
2026-08-01T09:45:00Z,EE,18.85,15
2026-08-01T09:45:00Z,ES,1.08,15
2026-08-01T09:45:00Z,FI,18.84,15
2026-08-01T09:45:00Z,FR,1.08,15
2026-08-01T09:45:00Z,GR,-0.01,15
2026-08-01T09:45:00Z,HR,29.60,15
2026-08-01T09:45:00Z,HU,28.79,15
2026-08-01T09:45:00Z,IT-CNorth,123.54,15
2026-08-01T09:45:00Z,IT-CSouth,123.54,15
2026-08-01T09:45:00Z,IT-North,123.54,15
2026-08-01T09:45:00Z,IT-Sardinia,123.54,15
2026-08-01T09:45:00Z,IT-Sicily,123.54,15
2026-08-01T09:45:00Z,IT-South,123.54,15
2026-08-01T09:45:00Z,LT,23.48,15
2026-08-01T09:45:00Z,LV,23.48,15
2026-08-01T09:45:00Z,NL,22.38,15
2026-08-01T09:45:00Z,NO1,26.41,15
2026-08-01T09:45:00Z,NO2,26.10,15
2026-08-01T09:45:00Z,NO3,29.31,15
2026-08-01T09:45:00Z,NO4,6.48,15
2026-08-01T09:45:00Z,NO5,26.66,15
2026-08-01T09:45:00Z,PL,109.83,15
2026-08-01T09:45:00Z,PT,1.08,15
2026-08-01T09:45:00Z,RO,28.94,15
2026-08-01T09:45:00Z,RS,70.53,15
2026-08-01T09:45:00Z,SE1,18.47,15
2026-08-01T09:45:00Z,SE2,21.40,15
2026-08-01T09:45:00Z,SE3,22.85,15
2026-08-01T09:45:00Z,SE4,23.85,15
2026-08-01T09:45:00Z,SI,29.75,15
2026-08-01T09:45:00Z,SK,28.43,15
2026-08-01T10:00:00Z,AT,37.01,15
2026-08-01T10:00:00Z,BE,22.45,15
2026-08-01T10:00:00Z,CH,20.14,60
2026-08-01T10:00:00Z,CZ,34.41,15
2026-08-01T10:00:00Z,DE-LU,31.63,15
2026-08-01T10:00:00Z,DK1,30.18,15
2026-08-01T10:00:00Z,DK2,30.74,15
2026-08-01T10:00:00Z,EE,26.38,15
2026-08-01T10:00:00Z,ES,1.08,15
2026-08-01T10:00:00Z,FI,26.37,15
2026-08-01T10:00:00Z,FR,1.08,15
2026-08-01T10:00:00Z,GR,-0.01,15
2026-08-01T10:00:00Z,HR,36.77,15
2026-08-01T10:00:00Z,HU,35.75,15
2026-08-01T10:00:00Z,IT-CNorth,137.48,15
2026-08-01T10:00:00Z,IT-CSouth,137.48,15
2026-08-01T10:00:00Z,IT-North,137.48,15
2026-08-01T10:00:00Z,IT-Sardinia,137.48,15
2026-08-01T10:00:00Z,IT-Sicily,137.48,15
2026-08-01T10:00:00Z,IT-South,137.48,15
2026-08-01T10:00:00Z,LT,28.50,15
2026-08-01T10:00:00Z,LV,28.50,15
2026-08-01T10:00:00Z,NL,26.67,15
2026-08-01T10:00:00Z,NO1,31.58,15
2026-08-01T10:00:00Z,NO2,31.17,15
2026-08-01T10:00:00Z,NO3,35.50,15
2026-08-01T10:00:00Z,NO4,7.61,15
2026-08-01T10:00:00Z,NO5,31.91,15
2026-08-01T10:00:00Z,PL,107.52,15
2026-08-01T10:00:00Z,PT,1.08,15
2026-08-01T10:00:00Z,RO,35.91,15
2026-08-01T10:00:00Z,RS,61.17,15
2026-08-01T10:00:00Z,SE1,23.94,15
2026-08-01T10:00:00Z,SE2,26.97,15
2026-08-01T10:00:00Z,SE3,28.29,15
2026-08-01T10:00:00Z,SE4,28.72,15
2026-08-01T10:00:00Z,SI,37.01,15
2026-08-01T10:00:00Z,SK,35.13,15
2026-08-01T10:15:00Z,AT,23.56,15
2026-08-01T10:15:00Z,BE,14.06,15
2026-08-01T10:15:00Z,CZ,21.59,15
2026-08-01T10:15:00Z,DE-LU,19.62,15
2026-08-01T10:15:00Z,DK1,18.76,15
2026-08-01T10:15:00Z,DK2,19.10,15
2026-08-01T10:15:00Z,EE,18.36,15
2026-08-01T10:15:00Z,ES,1.08,15
2026-08-01T10:15:00Z,FI,18.35,15
2026-08-01T10:15:00Z,FR,1.08,15
2026-08-01T10:15:00Z,GR,-0.01,15
2026-08-01T10:15:00Z,HR,23.18,15
2026-08-01T10:15:00Z,HU,22.54,15
2026-08-01T10:15:00Z,IT-CNorth,137.50,15
2026-08-01T10:15:00Z,IT-CSouth,137.50,15
2026-08-01T10:15:00Z,IT-North,137.50,15
2026-08-01T10:15:00Z,IT-Sardinia,137.50,15
2026-08-01T10:15:00Z,IT-Sicily,137.50,15
2026-08-01T10:15:00Z,IT-South,137.50,15
2026-08-01T10:15:00Z,LT,18.94,15
2026-08-01T10:15:00Z,LV,18.94,15
2026-08-01T10:15:00Z,NL,16.62,15
2026-08-01T10:15:00Z,NO1,20.60,15
2026-08-01T10:15:00Z,NO2,20.38,15
2026-08-01T10:15:00Z,NO3,22.71,15
2026-08-01T10:15:00Z,NO4,7.70,15
2026-08-01T10:15:00Z,NO5,20.78,15
2026-08-01T10:15:00Z,PL,108.91,15
2026-08-01T10:15:00Z,PT,1.08,15
2026-08-01T10:15:00Z,RO,22.63,15
2026-08-01T10:15:00Z,RS,61.17,15
2026-08-01T10:15:00Z,SE1,16.48,15
2026-08-01T10:15:00Z,SE2,18.12,15
2026-08-01T10:15:00Z,SE3,18.83,15
2026-08-01T10:15:00Z,SE4,19.06,15
2026-08-01T10:15:00Z,SI,23.35,15
2026-08-01T10:15:00Z,SK,22.12,15
2026-08-01T10:30:00Z,AT,16.48,15
2026-08-01T10:30:00Z,BE,8.55,15
2026-08-01T10:30:00Z,CZ,13.90,15
2026-08-01T10:30:00Z,DE-LU,11.70,15
2026-08-01T10:30:00Z,DK1,11.25,15
2026-08-01T10:30:00Z,DK2,12.24,15
2026-08-01T10:30:00Z,EE,13.12,15
2026-08-01T10:30:00Z,ES,1.08,15
2026-08-01T10:30:00Z,FI,13.12,15
2026-08-01T10:30:00Z,FR,1.08,15
2026-08-01T10:30:00Z,GR,-0.01,15
2026-08-01T10:30:00Z,HR,15.39,15
2026-08-01T10:30:00Z,HU,14.96,15
2026-08-01T10:30:00Z,IT-CNorth,130.89,15
2026-08-01T10:30:00Z,IT-CSouth,130.89,15
2026-08-01T10:30:00Z,IT-North,130.89,15
2026-08-01T10:30:00Z,IT-Sardinia,130.89,15
2026-08-01T10:30:00Z,IT-Sicily,130.89,15
2026-08-01T10:30:00Z,IT-South,130.89,15
2026-08-01T10:30:00Z,LT,13.42,15
2026-08-01T10:30:00Z,LV,13.42,15
2026-08-01T10:30:00Z,NL,10.00,15
2026-08-01T10:30:00Z,NO1,16.06,15
2026-08-01T10:30:00Z,NO2,15.99,15
2026-08-01T10:30:00Z,NO3,16.50,15
2026-08-01T10:30:00Z,NO4,7.58,15
2026-08-01T10:30:00Z,NO5,16.20,15
2026-08-01T10:30:00Z,PL,108.90,15
2026-08-01T10:30:00Z,PT,1.08,15
2026-08-01T10:30:00Z,RO,14.99,15
2026-08-01T10:30:00Z,RS,61.17,15
2026-08-01T10:30:00Z,SE1,12.15,15
2026-08-01T10:30:00Z,SE2,13.00,15
2026-08-01T10:30:00Z,SE3,13.36,15
2026-08-01T10:30:00Z,SE4,13.49,15
2026-08-01T10:30:00Z,SI,15.56,15
2026-08-01T10:30:00Z,SK,14.52,15
2026-08-01T10:45:00Z,AT,18.41,15
2026-08-01T10:45:00Z,BE,3.12,15
2026-08-01T10:45:00Z,CZ,10.10,15
2026-08-01T10:45:00Z,DE-LU,3.91,15
2026-08-01T10:45:00Z,DK1,4.00,15
2026-08-01T10:45:00Z,DK2,4.48,15
2026-08-01T10:45:00Z,EE,8.77,15
2026-08-01T10:45:00Z,ES,0.66,15
2026-08-01T10:45:00Z,FI,8.77,15
2026-08-01T10:45:00Z,FR,0.66,15
2026-08-01T10:45:00Z,GR,-0.01,15
2026-08-01T10:45:00Z,HR,13.56,15
2026-08-01T10:45:00Z,HU,13.11,15
2026-08-01T10:45:00Z,IT-CNorth,135.12,15
2026-08-01T10:45:00Z,IT-CSouth,135.12,15
2026-08-01T10:45:00Z,IT-North,135.12,15
2026-08-01T10:45:00Z,IT-Sardinia,125.00,15
2026-08-01T10:45:00Z,IT-Sicily,135.12,15
2026-08-01T10:45:00Z,IT-South,135.12,15
2026-08-01T10:45:00Z,LT,8.82,15
2026-08-01T10:45:00Z,LV,8.82,15
2026-08-01T10:45:00Z,NL,3.49,15
2026-08-01T10:45:00Z,NO1,25.11,15
2026-08-01T10:45:00Z,NO2,25.45,15
2026-08-01T10:45:00Z,NO3,19.32,15
2026-08-01T10:45:00Z,NO4,7.77,15
2026-08-01T10:45:00Z,NO5,25.49,15
2026-08-01T10:45:00Z,PL,108.91,15
2026-08-01T10:45:00Z,PT,0.66,15
2026-08-01T10:45:00Z,RO,13.00,15
2026-08-01T10:45:00Z,RS,61.17,15
2026-08-01T10:45:00Z,SE1,8.59,15
2026-08-01T10:45:00Z,SE2,8.74,15
2026-08-01T10:45:00Z,SE3,8.81,15
2026-08-01T10:45:00Z,SE4,8.83,15
2026-08-01T10:45:00Z,SI,13.99,15
2026-08-01T10:45:00Z,SK,11.95,15
2026-08-01T11:00:00Z,AT,19.75,15
2026-08-01T11:00:00Z,BE,1.56,15
2026-08-01T11:00:00Z,CH,8.31,60
2026-08-01T11:00:00Z,CZ,9.82,15
2026-08-01T11:00:00Z,DE-LU,1.63,15
2026-08-01T11:00:00Z,DK1,5.96,15
2026-08-01T11:00:00Z,DK2,6.07,15
2026-08-01T11:00:00Z,EE,10.08,15
2026-08-01T11:00:00Z,ES,0.51,15
2026-08-01T11:00:00Z,FI,10.07,15
2026-08-01T11:00:00Z,FR,0.51,15
2026-08-01T11:00:00Z,GR,-0.01,15
2026-08-01T11:00:00Z,HR,17.17,15
2026-08-01T11:00:00Z,HU,14.60,15
2026-08-01T11:00:00Z,IT-CNorth,138.10,15
2026-08-01T11:00:00Z,IT-CSouth,138.10,15
2026-08-01T11:00:00Z,IT-North,138.10,15
2026-08-01T11:00:00Z,IT-Sardinia,133.74,15
2026-08-01T11:00:00Z,IT-Sicily,138.10,15
2026-08-01T11:00:00Z,IT-South,138.10,15
2026-08-01T11:00:00Z,LT,10.09,15
2026-08-01T11:00:00Z,LV,10.09,15
2026-08-01T11:00:00Z,NL,1.59,15
2026-08-01T11:00:00Z,NO1,10.13,15
2026-08-01T11:00:00Z,NO2,10.12,15
2026-08-01T11:00:00Z,NO3,10.16,15
2026-08-01T11:00:00Z,NO4,8.50,15
2026-08-01T11:00:00Z,NO5,10.13,15
2026-08-01T11:00:00Z,PL,108.91,15
2026-08-01T11:00:00Z,PT,0.53,15
2026-08-01T11:00:00Z,RO,14.94,15
2026-08-01T11:00:00Z,RS,75.09,15
2026-08-01T11:00:00Z,SE1,10.08,15
2026-08-01T11:00:00Z,SE2,10.05,15
2026-08-01T11:00:00Z,SE3,10.08,15
2026-08-01T11:00:00Z,SE4,10.09,15
2026-08-01T11:00:00Z,SI,18.75,15
2026-08-01T11:00:00Z,SK,12.72,15
2026-08-01T11:15:00Z,AT,20.05,15
2026-08-01T11:15:00Z,BE,0.21,15
2026-08-01T11:15:00Z,CZ,9.10,15
2026-08-01T11:15:00Z,DE-LU,0.00,15
2026-08-01T11:15:00Z,DK1,4.89,15
2026-08-01T11:15:00Z,DK2,4.98,15
2026-08-01T11:15:00Z,EE,8.43,15
2026-08-01T11:15:00Z,ES,0.50,15
2026-08-01T11:15:00Z,FI,8.43,15
2026-08-01T11:15:00Z,FR,0.00,15
2026-08-01T11:15:00Z,GR,-0.01,15
2026-08-01T11:15:00Z,HR,17.55,15
2026-08-01T11:15:00Z,HU,14.50,15
2026-08-01T11:15:00Z,IT-CNorth,134.36,15
2026-08-01T11:15:00Z,IT-CSouth,134.36,15
2026-08-01T11:15:00Z,IT-North,134.36,15
2026-08-01T11:15:00Z,IT-Sardinia,129.74,15
2026-08-01T11:15:00Z,IT-Sicily,134.36,15
2026-08-01T11:15:00Z,IT-South,134.36,15
2026-08-01T11:15:00Z,LT,8.43,15
2026-08-01T11:15:00Z,LV,8.43,15
2026-08-01T11:15:00Z,NL,0.08,15
2026-08-01T11:15:00Z,NO1,8.43,15
2026-08-01T11:15:00Z,NO2,8.43,15
2026-08-01T11:15:00Z,NO3,8.43,15
2026-08-01T11:15:00Z,NO4,8.43,15
2026-08-01T11:15:00Z,NO5,8.43,15
2026-08-01T11:15:00Z,PL,108.91,15
2026-08-01T11:15:00Z,PT,0.53,15
2026-08-01T11:15:00Z,RO,14.93,15
2026-08-01T11:15:00Z,RS,75.09,15
2026-08-01T11:15:00Z,SE1,8.43,15
2026-08-01T11:15:00Z,SE2,8.43,15
2026-08-01T11:15:00Z,SE3,8.43,15
2026-08-01T11:15:00Z,SE4,8.43,15
2026-08-01T11:15:00Z,SI,19.42,15
2026-08-01T11:15:00Z,SK,12.38,15
2026-08-01T11:30:00Z,AT,20.13,15
2026-08-01T11:30:00Z,BE,0.22,15
2026-08-01T11:30:00Z,CZ,9.20,15
2026-08-01T11:30:00Z,DE-LU,0.00,15
2026-08-01T11:30:00Z,DK1,4.66,15
2026-08-01T11:30:00Z,DK2,4.74,15
2026-08-01T11:30:00Z,EE,7.86,15
2026-08-01T11:30:00Z,ES,0.50,15
2026-08-01T11:30:00Z,FI,7.86,15
2026-08-01T11:30:00Z,FR,0.00,15
2026-08-01T11:30:00Z,GR,-0.01,15
2026-08-01T11:30:00Z,HR,18.11,15
2026-08-01T11:30:00Z,HU,14.77,15
2026-08-01T11:30:00Z,IT-CNorth,138.19,15
2026-08-01T11:30:00Z,IT-CSouth,138.19,15
2026-08-01T11:30:00Z,IT-North,138.19,15
2026-08-01T11:30:00Z,IT-Sardinia,106.50,15
2026-08-01T11:30:00Z,IT-Sicily,138.19,15
2026-08-01T11:30:00Z,IT-South,138.19,15
2026-08-01T11:30:00Z,LT,7.86,15
2026-08-01T11:30:00Z,LV,7.86,15
2026-08-01T11:30:00Z,NL,0.08,15
2026-08-01T11:30:00Z,NO1,7.86,15
2026-08-01T11:30:00Z,NO2,7.86,15
2026-08-01T11:30:00Z,NO3,7.86,15
2026-08-01T11:30:00Z,NO4,7.86,15
2026-08-01T11:30:00Z,NO5,7.86,15
2026-08-01T11:30:00Z,PL,108.91,15
2026-08-01T11:30:00Z,PT,0.50,15
2026-08-01T11:30:00Z,RO,15.27,15
2026-08-01T11:30:00Z,RS,75.09,15
2026-08-01T11:30:00Z,SE1,7.86,15
2026-08-01T11:30:00Z,SE2,7.86,15
2026-08-01T11:30:00Z,SE3,7.86,15
2026-08-01T11:30:00Z,SE4,7.86,15
2026-08-01T11:30:00Z,SI,20.13,15
2026-08-01T11:30:00Z,SK,12.57,15
2026-08-01T11:45:00Z,AT,20.13,15
2026-08-01T11:45:00Z,BE,0.22,15
2026-08-01T11:45:00Z,CZ,9.20,15
2026-08-01T11:45:00Z,DE-LU,0.00,15
2026-08-01T11:45:00Z,DK1,4.49,15
2026-08-01T11:45:00Z,DK2,4.58,15
2026-08-01T11:45:00Z,EE,8.20,15
2026-08-01T11:45:00Z,ES,0.50,15
2026-08-01T11:45:00Z,FI,8.20,15
2026-08-01T11:45:00Z,FR,0.00,15
2026-08-01T11:45:00Z,GR,-0.01,15
2026-08-01T11:45:00Z,HR,18.11,15
2026-08-01T11:45:00Z,HU,14.77,15
2026-08-01T11:45:00Z,IT-CNorth,135.42,15
2026-08-01T11:45:00Z,IT-CSouth,135.42,15
2026-08-01T11:45:00Z,IT-North,135.42,15
2026-08-01T11:45:00Z,IT-Sardinia,106.50,15
2026-08-01T11:45:00Z,IT-Sicily,135.42,15
2026-08-01T11:45:00Z,IT-South,135.42,15
2026-08-01T11:45:00Z,LT,8.20,15
2026-08-01T11:45:00Z,LV,8.20,15
2026-08-01T11:45:00Z,NL,0.08,15
2026-08-01T11:45:00Z,NO1,8.21,15
2026-08-01T11:45:00Z,NO2,8.22,15
2026-08-01T11:45:00Z,NO3,8.21,15
2026-08-01T11:45:00Z,NO4,8.20,15
2026-08-01T11:45:00Z,NO5,8.22,15
2026-08-01T11:45:00Z,PL,108.90,15
2026-08-01T11:45:00Z,PT,0.50,15
2026-08-01T11:45:00Z,RO,15.26,15
2026-08-01T11:45:00Z,RS,75.09,15
2026-08-01T11:45:00Z,SE1,8.20,15
2026-08-01T11:45:00Z,SE2,8.20,15
2026-08-01T11:45:00Z,SE3,8.20,15
2026-08-01T11:45:00Z,SE4,8.20,15
2026-08-01T11:45:00Z,SI,20.13,15
2026-08-01T11:45:00Z,SK,12.57,15
2026-08-01T12:00:00Z,AT,17.19,15
2026-08-01T12:00:00Z,BE,0.13,15
2026-08-01T12:00:00Z,CH,7.93,60
2026-08-01T12:00:00Z,CZ,7.80,15
2026-08-01T12:00:00Z,DE-LU,0.00,15
2026-08-01T12:00:00Z,DK1,3.40,15
2026-08-01T12:00:00Z,DK2,3.46,15
2026-08-01T12:00:00Z,EE,6.97,15
2026-08-01T12:00:00Z,ES,0.50,15
2026-08-01T12:00:00Z,FI,6.97,15
2026-08-01T12:00:00Z,FR,0.00,15
2026-08-01T12:00:00Z,GR,-0.01,15
2026-08-01T12:00:00Z,HR,15.33,15
2026-08-01T12:00:00Z,HU,12.53,15
2026-08-01T12:00:00Z,IT-CNorth,130.00,15
2026-08-01T12:00:00Z,IT-CSouth,130.00,15
2026-08-01T12:00:00Z,IT-North,130.00,15
2026-08-01T12:00:00Z,IT-Sardinia,106.50,15
2026-08-01T12:00:00Z,IT-Sicily,130.00,15
2026-08-01T12:00:00Z,IT-South,130.00,15
2026-08-01T12:00:00Z,LT,6.97,15
2026-08-01T12:00:00Z,LV,6.97,15
2026-08-01T12:00:00Z,NL,0.00,15
2026-08-01T12:00:00Z,NO1,6.97,15
2026-08-01T12:00:00Z,NO2,6.97,15
2026-08-01T12:00:00Z,NO3,6.97,15
2026-08-01T12:00:00Z,NO4,6.97,15
2026-08-01T12:00:00Z,NO5,6.97,15
2026-08-01T12:00:00Z,PL,108.91,15
2026-08-01T12:00:00Z,PT,0.50,15
2026-08-01T12:00:00Z,RO,12.94,15
2026-08-01T12:00:00Z,RS,80.01,15
2026-08-01T12:00:00Z,SE1,6.97,15
2026-08-01T12:00:00Z,SE2,6.97,15
2026-08-01T12:00:00Z,SE3,6.97,15
2026-08-01T12:00:00Z,SE4,6.97,15
2026-08-01T12:00:00Z,SI,17.03,15
2026-08-01T12:00:00Z,SK,10.64,15
2026-08-01T12:15:00Z,AT,17.18,15
2026-08-01T12:15:00Z,BE,0.13,15
2026-08-01T12:15:00Z,CZ,7.80,15
2026-08-01T12:15:00Z,DE-LU,0.00,15
2026-08-01T12:15:00Z,DK1,3.40,15
2026-08-01T12:15:00Z,DK2,3.46,15
2026-08-01T12:15:00Z,EE,7.00,15
2026-08-01T12:15:00Z,ES,0.50,15
2026-08-01T12:15:00Z,FI,7.00,15
2026-08-01T12:15:00Z,FR,0.00,15
2026-08-01T12:15:00Z,GR,-0.01,15
2026-08-01T12:15:00Z,HR,15.31,15
2026-08-01T12:15:00Z,HU,12.52,15
2026-08-01T12:15:00Z,IT-CNorth,130.00,15
2026-08-01T12:15:00Z,IT-CSouth,130.00,15
2026-08-01T12:15:00Z,IT-North,130.00,15
2026-08-01T12:15:00Z,IT-Sardinia,105.00,15
2026-08-01T12:15:00Z,IT-Sicily,130.00,15
2026-08-01T12:15:00Z,IT-South,130.00,15
2026-08-01T12:15:00Z,LT,7.00,15
2026-08-01T12:15:00Z,LV,7.00,15
2026-08-01T12:15:00Z,NL,0.00,15
2026-08-01T12:15:00Z,NO1,7.00,15
2026-08-01T12:15:00Z,NO2,7.00,15
2026-08-01T12:15:00Z,NO3,7.00,15
2026-08-01T12:15:00Z,NO4,7.00,15
2026-08-01T12:15:00Z,NO5,7.00,15
2026-08-01T12:15:00Z,PL,108.91,15
2026-08-01T12:15:00Z,PT,0.50,15
2026-08-01T12:15:00Z,RO,12.93,15
2026-08-01T12:15:00Z,RS,80.01,15
2026-08-01T12:15:00Z,SE1,7.00,15
2026-08-01T12:15:00Z,SE2,7.00,15
2026-08-01T12:15:00Z,SE3,7.00,15
2026-08-01T12:15:00Z,SE4,7.00,15
2026-08-01T12:15:00Z,SI,17.01,15
2026-08-01T12:15:00Z,SK,10.64,15
2026-08-01T12:30:00Z,AT,19.71,15
2026-08-01T12:30:00Z,BE,0.15,15
2026-08-01T12:30:00Z,CZ,8.97,15
2026-08-01T12:30:00Z,DE-LU,0.00,15
2026-08-01T12:30:00Z,DK1,3.40,15
2026-08-01T12:30:00Z,DK2,3.46,15
2026-08-01T12:30:00Z,EE,7.62,15
2026-08-01T12:30:00Z,ES,0.50,15
2026-08-01T12:30:00Z,FI,7.62,15
2026-08-01T12:30:00Z,FR,0.00,15
2026-08-01T12:30:00Z,GR,-0.01,15
2026-08-01T12:30:00Z,HR,17.72,15
2026-08-01T12:30:00Z,HU,14.43,15
2026-08-01T12:30:00Z,IT-CNorth,130.00,15
2026-08-01T12:30:00Z,IT-CSouth,130.00,15
2026-08-01T12:30:00Z,IT-North,130.00,15
2026-08-01T12:30:00Z,IT-Sardinia,119.00,15
2026-08-01T12:30:00Z,IT-Sicily,130.00,15
2026-08-01T12:30:00Z,IT-South,130.00,15
2026-08-01T12:30:00Z,LT,7.62,15
2026-08-01T12:30:00Z,LV,7.62,15
2026-08-01T12:30:00Z,NL,0.00,15
2026-08-01T12:30:00Z,NO1,9.01,15
2026-08-01T12:30:00Z,NO2,9.05,15
2026-08-01T12:30:00Z,NO3,8.50,15
2026-08-01T12:30:00Z,NO4,7.62,15
2026-08-01T12:30:00Z,NO5,9.05,15
2026-08-01T12:30:00Z,PL,108.91,15
2026-08-01T12:30:00Z,PT,0.50,15
2026-08-01T12:30:00Z,RO,14.92,15
2026-08-01T12:30:00Z,RS,80.01,15
2026-08-01T12:30:00Z,SE1,7.62,15
2026-08-01T12:30:00Z,SE2,7.62,15
2026-08-01T12:30:00Z,SE3,7.62,15
2026-08-01T12:30:00Z,SE4,7.62,15
2026-08-01T12:30:00Z,SI,19.71,15
2026-08-01T12:30:00Z,SK,12.25,15
2026-08-01T12:45:00Z,AT,34.56,15
2026-08-01T12:45:00Z,BE,0.26,15
2026-08-01T12:45:00Z,CZ,15.72,15
2026-08-01T12:45:00Z,DE-LU,0.00,15
2026-08-01T12:45:00Z,DK1,4.11,15
2026-08-01T12:45:00Z,DK2,4.18,15
2026-08-01T12:45:00Z,EE,12.90,15
2026-08-01T12:45:00Z,ES,0.29,15
2026-08-01T12:45:00Z,FI,12.90,15
2026-08-01T12:45:00Z,FR,0.00,15
2026-08-01T12:45:00Z,GR,-0.01,15
2026-08-01T12:45:00Z,HR,31.06,15
2026-08-01T12:45:00Z,HU,25.30,15
2026-08-01T12:45:00Z,IT-CNorth,126.50,15
2026-08-01T12:45:00Z,IT-CSouth,126.50,15
2026-08-01T12:45:00Z,IT-North,126.50,15
2026-08-01T12:45:00Z,IT-Sardinia,115.00,15
2026-08-01T12:45:00Z,IT-Sicily,126.50,15
2026-08-01T12:45:00Z,IT-South,126.50,15
2026-08-01T12:45:00Z,LT,12.92,15
2026-08-01T12:45:00Z,LV,12.92,15
2026-08-01T12:45:00Z,NL,0.00,15
2026-08-01T12:45:00Z,NO1,21.01,15
2026-08-01T12:45:00Z,NO2,21.18,15
2026-08-01T12:45:00Z,NO3,18.11,15
2026-08-01T12:45:00Z,NO4,9.60,15
2026-08-01T12:45:00Z,NO5,21.20,15
2026-08-01T12:45:00Z,PL,107.52,15
2026-08-01T12:45:00Z,PT,0.29,15
2026-08-01T12:45:00Z,RO,26.16,15
2026-08-01T12:45:00Z,RS,80.01,15
2026-08-01T12:45:00Z,SE1,12.92,15
2026-08-01T12:45:00Z,SE2,12.85,15
2026-08-01T12:45:00Z,SE3,12.92,15
2026-08-01T12:45:00Z,SE4,12.93,15
2026-08-01T12:45:00Z,SI,34.56,15
2026-08-01T12:45:00Z,SK,21.47,15
2026-08-01T13:00:00Z,AT,16.16,15
2026-08-01T13:00:00Z,BE,0.14,15
2026-08-01T13:00:00Z,CH,31.01,60
2026-08-01T13:00:00Z,CZ,7.67,15
2026-08-01T13:00:00Z,DE-LU,0.02,15
2026-08-01T13:00:00Z,DK1,3.04,15
2026-08-01T13:00:00Z,DK2,3.10,15
2026-08-01T13:00:00Z,EE,8.80,15
2026-08-01T13:00:00Z,ES,0.50,15
2026-08-01T13:00:00Z,FI,8.80,15
2026-08-01T13:00:00Z,FR,0.02,15
2026-08-01T13:00:00Z,GR,-0.01,15
2026-08-01T13:00:00Z,HR,11.88,15
2026-08-01T13:00:00Z,HU,11.43,15
2026-08-01T13:00:00Z,IT-CNorth,126.32,15
2026-08-01T13:00:00Z,IT-CSouth,126.32,15
2026-08-01T13:00:00Z,IT-North,126.32,15
2026-08-01T13:00:00Z,IT-Sardinia,126.32,15
2026-08-01T13:00:00Z,IT-Sicily,126.32,15
2026-08-01T13:00:00Z,IT-South,126.32,15
2026-08-01T13:00:00Z,LT,8.80,15
2026-08-01T13:00:00Z,LV,8.80,15
2026-08-01T13:00:00Z,NL,0.00,15
2026-08-01T13:00:00Z,NO1,12.50,15
2026-08-01T13:00:00Z,NO2,12.58,15
2026-08-01T13:00:00Z,NO3,11.13,15
2026-08-01T13:00:00Z,NO4,8.80,15
2026-08-01T13:00:00Z,NO5,12.58,15
2026-08-01T13:00:00Z,PL,109.83,15
2026-08-01T13:00:00Z,PT,0.50,15
2026-08-01T13:00:00Z,RO,11.26,15
2026-08-01T13:00:00Z,RS,61.09,15
2026-08-01T13:00:00Z,SE1,8.80,15
2026-08-01T13:00:00Z,SE2,8.80,15
2026-08-01T13:00:00Z,SE3,8.80,15
2026-08-01T13:00:00Z,SE4,8.80,15
2026-08-01T13:00:00Z,SI,12.41,15
2026-08-01T13:00:00Z,SK,10.00,15
2026-08-01T13:15:00Z,AT,19.45,15
2026-08-01T13:15:00Z,BE,0.44,15
2026-08-01T13:15:00Z,CZ,9.37,15
2026-08-01T13:15:00Z,DE-LU,0.29,15
2026-08-01T13:15:00Z,DK1,3.39,15
2026-08-01T13:15:00Z,DK2,3.46,15
2026-08-01T13:15:00Z,EE,11.84,15
2026-08-01T13:15:00Z,ES,0.30,15
2026-08-01T13:15:00Z,FI,11.84,15
2026-08-01T13:15:00Z,FR,0.29,15
2026-08-01T13:15:00Z,GR,-0.01,15
2026-08-01T13:15:00Z,HR,14.37,15
2026-08-01T13:15:00Z,HU,13.84,15
2026-08-01T13:15:00Z,IT-CNorth,137.00,15
2026-08-01T13:15:00Z,IT-CSouth,137.00,15
2026-08-01T13:15:00Z,IT-North,137.00,15
2026-08-01T13:15:00Z,IT-Sardinia,137.00,15
2026-08-01T13:15:00Z,IT-Sicily,137.00,15
2026-08-01T13:15:00Z,IT-South,137.00,15
2026-08-01T13:15:00Z,LT,11.99,15
2026-08-01T13:15:00Z,LV,11.99,15
2026-08-01T13:15:00Z,NL,0.27,15
2026-08-01T13:15:00Z,NO1,16.36,15
2026-08-01T13:15:00Z,NO2,16.39,15
2026-08-01T13:15:00Z,NO3,15.46,15
2026-08-01T13:15:00Z,NO4,9.02,15
2026-08-01T13:15:00Z,NO5,16.49,15
2026-08-01T13:15:00Z,PL,114.47,15
2026-08-01T13:15:00Z,PT,0.30,15
2026-08-01T13:15:00Z,RO,13.64,15
2026-08-01T13:15:00Z,RS,61.09,15
2026-08-01T13:15:00Z,SE1,11.35,15
2026-08-01T13:15:00Z,SE2,11.78,15
2026-08-01T13:15:00Z,SE3,11.96,15
2026-08-01T13:15:00Z,SE4,12.02,15
2026-08-01T13:15:00Z,SI,15.01,15
2026-08-01T13:15:00Z,SK,12.14,15
2026-08-01T13:30:00Z,AT,32.54,15
2026-08-01T13:30:00Z,BE,2.35,15
2026-08-01T13:30:00Z,CZ,17.00,15
2026-08-01T13:30:00Z,DE-LU,2.80,15
2026-08-01T13:30:00Z,DK1,4.12,15
2026-08-01T13:30:00Z,DK2,4.20,15
2026-08-01T13:30:00Z,EE,13.75,15
2026-08-01T13:30:00Z,ES,0.50,15
2026-08-01T13:30:00Z,FI,13.74,15
2026-08-01T13:30:00Z,FR,0.50,15
2026-08-01T13:30:00Z,GR,-0.01,15
2026-08-01T13:30:00Z,HR,25.40,15
2026-08-01T13:30:00Z,HU,24.13,15
2026-08-01T13:30:00Z,IT-CNorth,124.39,15
2026-08-01T13:30:00Z,IT-CSouth,124.39,15
2026-08-01T13:30:00Z,IT-North,124.39,15
2026-08-01T13:30:00Z,IT-Sardinia,119.00,15
2026-08-01T13:30:00Z,IT-Sicily,124.39,15
2026-08-01T13:30:00Z,IT-South,124.39,15
2026-08-01T13:30:00Z,LT,14.00,15
2026-08-01T13:30:00Z,LV,14.00,15
2026-08-01T13:30:00Z,NL,2.40,15
2026-08-01T13:30:00Z,NO1,35.97,15
2026-08-01T13:30:00Z,NO2,36.35,15
2026-08-01T13:30:00Z,NO3,28.98,15
2026-08-01T13:30:00Z,NO4,9.16,15
2026-08-01T13:30:00Z,NO5,36.52,15
2026-08-01T13:30:00Z,PL,111.02,15
2026-08-01T13:30:00Z,PT,0.50,15
2026-08-01T13:30:00Z,RO,23.93,15
2026-08-01T13:30:00Z,RS,61.09,15
2026-08-01T13:30:00Z,SE1,12.94,15
2026-08-01T13:30:00Z,SE2,13.65,15
2026-08-01T13:30:00Z,SE3,13.95,15
2026-08-01T13:30:00Z,SE4,14.04,15
2026-08-01T13:30:00Z,SI,26.58,15
2026-08-01T13:30:00Z,SK,21.40,15
2026-08-01T13:45:00Z,AT,76.38,15
2026-08-01T13:45:00Z,BE,7.23,15
2026-08-01T13:45:00Z,CZ,42.59,15
2026-08-01T13:45:00Z,DE-LU,9.20,15
2026-08-01T13:45:00Z,DK1,9.44,15
2026-08-01T13:45:00Z,DK2,14.17,15
2026-08-01T13:45:00Z,EE,18.65,15
2026-08-01T13:45:00Z,ES,0.45,15
2026-08-01T13:45:00Z,FI,18.64,15
2026-08-01T13:45:00Z,FR,0.00,15
2026-08-01T13:45:00Z,GR,-0.01,15
2026-08-01T13:45:00Z,HR,70.72,15
2026-08-01T13:45:00Z,HU,61.64,15
2026-08-01T13:45:00Z,IT-CNorth,137.75,15
2026-08-01T13:45:00Z,IT-CSouth,137.75,15
2026-08-01T13:45:00Z,IT-North,137.75,15
2026-08-01T13:45:00Z,IT-Sardinia,137.75,15
2026-08-01T13:45:00Z,IT-Sicily,137.75,15
2026-08-01T13:45:00Z,IT-South,137.75,15
2026-08-01T13:45:00Z,LT,19.16,15
2026-08-01T13:45:00Z,LV,19.16,15
2026-08-01T13:45:00Z,NL,7.74,15
2026-08-01T13:45:00Z,NO1,54.18,15
2026-08-01T13:45:00Z,NO2,54.74,15
2026-08-01T13:45:00Z,NO3,43.60,15
2026-08-01T13:45:00Z,NO4,9.19,15
2026-08-01T13:45:00Z,NO5,55.08,15
2026-08-01T13:45:00Z,PL,108.91,15
2026-08-01T13:45:00Z,PT,0.45,15
2026-08-01T13:45:00Z,RO,62.70,15
2026-08-01T13:45:00Z,RS,61.09,15
2026-08-01T13:45:00Z,SE1,16.99,15
2026-08-01T13:45:00Z,SE2,18.44,15
2026-08-01T13:45:00Z,SE3,19.07,15
2026-08-01T13:45:00Z,SE4,19.26,15
2026-08-01T13:45:00Z,SI,76.38,15
2026-08-01T13:45:00Z,SK,54.10,15
2026-08-01T14:00:00Z,AT,31.97,15
2026-08-01T14:00:00Z,BE,4.92,15
2026-08-01T14:00:00Z,CH,96.69,60
2026-08-01T14:00:00Z,CZ,18.30,15
2026-08-01T14:00:00Z,DE-LU,6.50,15
2026-08-01T14:00:00Z,DK1,6.32,15
2026-08-01T14:00:00Z,DK2,6.97,15
2026-08-01T14:00:00Z,EE,6.97,15
2026-08-01T14:00:00Z,ES,0.50,15
2026-08-01T14:00:00Z,FI,6.97,15
2026-08-01T14:00:00Z,FR,0.50,15
2026-08-01T14:00:00Z,GR,-0.01,15
2026-08-01T14:00:00Z,HR,25.48,15
2026-08-01T14:00:00Z,HU,24.57,15
2026-08-01T14:00:00Z,IT-CNorth,141.64,15
2026-08-01T14:00:00Z,IT-CSouth,141.64,15
2026-08-01T14:00:00Z,IT-North,141.64,15
2026-08-01T14:00:00Z,IT-Sardinia,125.00,15
2026-08-01T14:00:00Z,IT-Sicily,141.64,15
2026-08-01T14:00:00Z,IT-South,141.64,15
2026-08-01T14:00:00Z,LT,14.01,15
2026-08-01T14:00:00Z,LV,14.01,15
2026-08-01T14:00:00Z,NL,5.40,15
2026-08-01T14:00:00Z,NO1,35.68,15
2026-08-01T14:00:00Z,NO2,36.34,15
2026-08-01T14:00:00Z,NO3,25.03,15
2026-08-01T14:00:00Z,NO4,6.97,15
2026-08-01T14:00:00Z,NO5,36.34,15
2026-08-01T14:00:00Z,PL,111.02,15
2026-08-01T14:00:00Z,PT,0.50,15
2026-08-01T14:00:00Z,RO,24.29,15
2026-08-01T14:00:00Z,RS,99.99,15
2026-08-01T14:00:00Z,SE1,6.97,15
2026-08-01T14:00:00Z,SE2,6.97,15
2026-08-01T14:00:00Z,SE3,6.97,15
2026-08-01T14:00:00Z,SE4,6.97,15
2026-08-01T14:00:00Z,SI,26.31,15
2026-08-01T14:00:00Z,SK,22.31,15
2026-08-01T14:15:00Z,AT,88.55,15
2026-08-01T14:15:00Z,BE,17.88,15
2026-08-01T14:15:00Z,CZ,54.22,15
2026-08-01T14:15:00Z,DE-LU,24.13,15
2026-08-01T14:15:00Z,DK1,23.28,15
2026-08-01T14:15:00Z,DK2,23.71,15
2026-08-01T14:15:00Z,EE,22.18,15
2026-08-01T14:15:00Z,ES,0.51,15
2026-08-01T14:15:00Z,FI,22.18,15
2026-08-01T14:15:00Z,FR,0.51,15
2026-08-01T14:15:00Z,GR,-0.01,15
2026-08-01T14:15:00Z,HR,73.54,15
2026-08-01T14:15:00Z,HU,70.38,15
2026-08-01T14:15:00Z,IT-CNorth,140.16,15
2026-08-01T14:15:00Z,IT-CSouth,140.16,15
2026-08-01T14:15:00Z,IT-North,140.16,15
2026-08-01T14:15:00Z,IT-Sardinia,125.00,15
2026-08-01T14:15:00Z,IT-Sicily,140.16,15
2026-08-01T14:15:00Z,IT-South,140.16,15
2026-08-01T14:15:00Z,LT,48.30,15
2026-08-01T14:15:00Z,LV,48.30,15
2026-08-01T14:15:00Z,NL,20.00,15
2026-08-01T14:15:00Z,NO1,39.79,15
2026-08-01T14:15:00Z,NO2,39.81,15
2026-08-01T14:15:00Z,NO3,37.42,15
2026-08-01T14:15:00Z,NO4,7.11,15
2026-08-01T14:15:00Z,NO5,40.35,15
2026-08-01T14:15:00Z,PL,112.15,15
2026-08-01T14:15:00Z,PT,0.51,15
2026-08-01T14:15:00Z,RO,69.88,15
2026-08-01T14:15:00Z,RS,99.99,15
2026-08-01T14:15:00Z,SE1,19.56,15
2026-08-01T14:15:00Z,SE2,21.86,15
2026-08-01T14:15:00Z,SE3,22.85,15
2026-08-01T14:15:00Z,SE4,23.16,15
2026-08-01T14:15:00Z,SI,75.96,15
2026-08-01T14:15:00Z,SK,64.51,15
2026-08-01T14:30:00Z,AT,148.95,15
2026-08-01T14:30:00Z,BE,47.36,15
2026-08-01T14:30:00Z,CZ,105.51,15
2026-08-01T14:30:00Z,DE-LU,64.03,15
2026-08-01T14:30:00Z,DK1,61.52,15
2026-08-01T14:30:00Z,DK2,64.02,15
2026-08-01T14:30:00Z,EE,24.91,15
2026-08-01T14:30:00Z,ES,1.00,15
2026-08-01T14:30:00Z,FI,24.90,15
2026-08-01T14:30:00Z,FR,1.00,15
2026-08-01T14:30:00Z,GR,0.00,15
2026-08-01T14:30:00Z,HR,142.34,15
2026-08-01T14:30:00Z,HU,130.26,15
2026-08-01T14:30:00Z,IT-CNorth,148.95,15
2026-08-01T14:30:00Z,IT-CSouth,148.95,15
2026-08-01T14:30:00Z,IT-North,148.95,15
2026-08-01T14:30:00Z,IT-Sardinia,136.53,15
2026-08-01T14:30:00Z,IT-Sicily,148.95,15
2026-08-01T14:30:00Z,IT-South,148.95,15
2026-08-01T14:30:00Z,LT,26.50,15
2026-08-01T14:30:00Z,LV,26.50,15
2026-08-01T14:30:00Z,NL,53.56,15
2026-08-01T14:30:00Z,NO1,88.76,15
2026-08-01T14:30:00Z,NO2,89.76,15
2026-08-01T14:30:00Z,NO3,70.26,15
2026-08-01T14:30:00Z,NO4,7.44,15
2026-08-01T14:30:00Z,NO5,90.40,15
2026-08-01T14:30:00Z,PL,98.26,15
2026-08-01T14:30:00Z,PT,1.00,15
2026-08-01T14:30:00Z,RO,131.37,15
2026-08-01T14:30:00Z,RS,99.99,15
2026-08-01T14:30:00Z,SE1,22.21,15
2026-08-01T14:30:00Z,SE2,25.00,15
2026-08-01T14:30:00Z,SE3,26.24,15
2026-08-01T14:30:00Z,SE4,26.72,15
2026-08-01T14:30:00Z,SI,148.95,15
2026-08-01T14:30:00Z,SK,120.84,15
2026-08-01T14:45:00Z,AT,167.25,15
2026-08-01T14:45:00Z,BE,61.88,15
2026-08-01T14:45:00Z,CZ,122.74,15
2026-08-01T14:45:00Z,DE-LU,87.41,15
2026-08-01T14:45:00Z,DK1,83.46,15
2026-08-01T14:45:00Z,DK2,87.41,15
2026-08-01T14:45:00Z,EE,29.18,15
2026-08-01T14:45:00Z,ES,1.08,15
2026-08-01T14:45:00Z,FI,29.17,15
2026-08-01T14:45:00Z,FR,1.08,15
2026-08-01T14:45:00Z,GR,2.00,15
2026-08-01T14:45:00Z,HR,156.32,15
2026-08-01T14:45:00Z,HU,154.08,15
2026-08-01T14:45:00Z,IT-CNorth,167.25,15
2026-08-01T14:45:00Z,IT-CSouth,167.25,15
2026-08-01T14:45:00Z,IT-North,167.25,15
2026-08-01T14:45:00Z,IT-Sardinia,136.53,15
2026-08-01T14:45:00Z,IT-Sicily,167.25,15
2026-08-01T14:45:00Z,IT-South,167.25,15
2026-08-01T14:45:00Z,LT,37.25,15
2026-08-01T14:45:00Z,LV,37.25,15
2026-08-01T14:45:00Z,NL,73.27,15
2026-08-01T14:45:00Z,NO1,99.20,15
2026-08-01T14:45:00Z,NO2,99.96,15
2026-08-01T14:45:00Z,NO3,83.17,15
2026-08-01T14:45:00Z,NO4,7.61,15
2026-08-01T14:45:00Z,NO5,100.90,15
2026-08-01T14:45:00Z,PL,111.69,15
2026-08-01T14:45:00Z,PT,1.08,15
2026-08-01T14:45:00Z,RO,153.39,15
2026-08-01T14:45:00Z,RS,99.99,15
2026-08-01T14:45:00Z,SE1,29.05,15
2026-08-01T14:45:00Z,SE2,33.73,15
2026-08-01T14:45:00Z,SE3,36.22,15
2026-08-01T14:45:00Z,SE4,37.86,15
2026-08-01T14:45:00Z,SI,158.43,15
2026-08-01T14:45:00Z,SK,154.08,15
2026-08-01T15:00:00Z,AT,112.71,15
2026-08-01T15:00:00Z,BE,61.72,15
2026-08-01T15:00:00Z,CH,129.75,60
2026-08-01T15:00:00Z,CZ,99.64,15
2026-08-01T15:00:00Z,DE-LU,87.12,15
2026-08-01T15:00:00Z,DK1,84.25,15
2026-08-01T15:00:00Z,DK2,87.11,15
2026-08-01T15:00:00Z,EE,18.48,15
2026-08-01T15:00:00Z,ES,1.99,15
2026-08-01T15:00:00Z,FI,18.47,15
2026-08-01T15:00:00Z,FR,1.99,15
2026-08-01T15:00:00Z,GR,106.02,15
2026-08-01T15:00:00Z,HR,108.70,15
2026-08-01T15:00:00Z,HU,105.61,15
2026-08-01T15:00:00Z,IT-CNorth,131.57,15
2026-08-01T15:00:00Z,IT-CSouth,131.57,15
2026-08-01T15:00:00Z,IT-North,131.57,15
2026-08-01T15:00:00Z,IT-Sardinia,131.57,15
2026-08-01T15:00:00Z,IT-Sicily,131.57,15
2026-08-01T15:00:00Z,IT-South,131.57,15
2026-08-01T15:00:00Z,LT,22.90,15
2026-08-01T15:00:00Z,LV,22.90,15
2026-08-01T15:00:00Z,NL,74.04,15
2026-08-01T15:00:00Z,NO1,97.73,15
2026-08-01T15:00:00Z,NO2,99.23,15
2026-08-01T15:00:00Z,NO3,71.56,15
2026-08-01T15:00:00Z,NO4,6.73,15
2026-08-01T15:00:00Z,NO5,99.66,15
2026-08-01T15:00:00Z,PL,97.34,15
2026-08-01T15:00:00Z,PT,1.99,15
2026-08-01T15:00:00Z,RO,105.85,15
2026-08-01T15:00:00Z,RS,130.00,15
2026-08-01T15:00:00Z,SE1,16.17,15
2026-08-01T15:00:00Z,SE2,18.27,15
2026-08-01T15:00:00Z,SE3,19.00,15
2026-08-01T15:00:00Z,SE4,19.24,15
2026-08-01T15:00:00Z,SI,109.64,15
2026-08-01T15:00:00Z,SK,103.15,15
2026-08-01T15:15:00Z,AT,143.25,15
2026-08-01T15:15:00Z,BE,72.67,15
2026-08-01T15:15:00Z,CZ,120.68,15
2026-08-01T15:15:00Z,DE-LU,101.14,15
2026-08-01T15:15:00Z,DK1,97.95,15
2026-08-01T15:15:00Z,DK2,101.54,15
2026-08-01T15:15:00Z,EE,23.09,15
2026-08-01T15:15:00Z,ES,5.50,15
2026-08-01T15:15:00Z,FI,23.08,15
2026-08-01T15:15:00Z,FR,5.50,15
2026-08-01T15:15:00Z,GR,130.71,15
2026-08-01T15:15:00Z,HR,134.20,15
2026-08-01T15:15:00Z,HU,130.40,15
2026-08-01T15:15:00Z,IT-CNorth,143.25,15
2026-08-01T15:15:00Z,IT-CSouth,143.25,15
2026-08-01T15:15:00Z,IT-North,143.25,15
2026-08-01T15:15:00Z,IT-Sardinia,143.25,15
2026-08-01T15:15:00Z,IT-Sicily,143.25,15
2026-08-01T15:15:00Z,IT-South,143.25,15
2026-08-01T15:15:00Z,LT,117.10,15
2026-08-01T15:15:00Z,LV,117.10,15
2026-08-01T15:15:00Z,NL,86.38,15
2026-08-01T15:15:00Z,NO1,104.76,15
2026-08-01T15:15:00Z,NO2,106.20,15
2026-08-01T15:15:00Z,NO3,78.97,15
2026-08-01T15:15:00Z,NO4,6.72,15
2026-08-01T15:15:00Z,NO5,106.80,15
2026-08-01T15:15:00Z,PL,117.04,15
2026-08-01T15:15:00Z,PT,5.50,15
2026-08-01T15:15:00Z,RO,130.50,15
2026-08-01T15:15:00Z,RS,130.00,15
2026-08-01T15:15:00Z,SE1,19.87,15
2026-08-01T15:15:00Z,SE2,22.80,15
2026-08-01T15:15:00Z,SE3,23.82,15
2026-08-01T15:15:00Z,SE4,24.16,15
2026-08-01T15:15:00Z,SI,135.63,15
2026-08-01T15:15:00Z,SK,126.57,15
2026-08-01T15:30:00Z,AT,176.16,15
2026-08-01T15:30:00Z,BE,101.71,15
2026-08-01T15:30:00Z,CZ,143.73,15
2026-08-01T15:30:00Z,DE-LU,119.08,15
2026-08-01T15:30:00Z,DK1,116.31,15
2026-08-01T15:30:00Z,DK2,119.42,15
2026-08-01T15:30:00Z,EE,29.40,15
2026-08-01T15:30:00Z,ES,29.00,15
2026-08-01T15:30:00Z,FI,29.39,15
2026-08-01T15:30:00Z,FR,29.00,15
2026-08-01T15:30:00Z,GR,166.64,15
2026-08-01T15:30:00Z,HR,170.60,15
2026-08-01T15:30:00Z,HU,166.41,15
2026-08-01T15:30:00Z,IT-CNorth,173.00,15
2026-08-01T15:30:00Z,IT-CSouth,173.00,15
2026-08-01T15:30:00Z,IT-North,173.00,15
2026-08-01T15:30:00Z,IT-Sardinia,173.00,15
2026-08-01T15:30:00Z,IT-Sicily,173.00,15
2026-08-01T15:30:00Z,IT-South,173.00,15
2026-08-01T15:30:00Z,LT,39.00,15
2026-08-01T15:30:00Z,LV,39.00,15
2026-08-01T15:30:00Z,NL,107.15,15
2026-08-01T15:30:00Z,NO1,113.60,15
2026-08-01T15:30:00Z,NO2,114.94,15
2026-08-01T15:30:00Z,NO3,88.60,15
2026-08-01T15:30:00Z,NO4,6.77,15
2026-08-01T15:30:00Z,NO5,115.77,15
2026-08-01T15:30:00Z,PL,136.50,15
2026-08-01T15:30:00Z,PT,29.00,15
2026-08-01T15:30:00Z,RO,166.54,15
2026-08-01T15:30:00Z,RS,130.00,15
2026-08-01T15:30:00Z,SE1,24.95,15
2026-08-01T15:30:00Z,SE2,29.00,15
2026-08-01T15:30:00Z,SE3,30.40,15
2026-08-01T15:30:00Z,SE4,30.87,15
2026-08-01T15:30:00Z,SI,173.00,15
2026-08-01T15:30:00Z,SK,166.41,15
2026-08-01T15:45:00Z,AT,190.91,15
2026-08-01T15:45:00Z,BE,112.56,15
2026-08-01T15:45:00Z,CZ,150.44,15
2026-08-01T15:45:00Z,DE-LU,122.92,15
2026-08-01T15:45:00Z,DK1,121.13,15
2026-08-01T15:45:00Z,DK2,123.89,15
2026-08-01T15:45:00Z,EE,61.00,15
2026-08-01T15:45:00Z,ES,68.56,15
2026-08-01T15:45:00Z,FI,32.79,15
2026-08-01T15:45:00Z,FR,68.56,15
2026-08-01T15:45:00Z,GR,179.35,15
2026-08-01T15:45:00Z,HR,182.15,15
2026-08-01T15:45:00Z,HU,179.77,15
2026-08-01T15:45:00Z,IT-CNorth,184.44,15
2026-08-01T15:45:00Z,IT-CSouth,184.44,15
2026-08-01T15:45:00Z,IT-North,184.44,15
2026-08-01T15:45:00Z,IT-Sardinia,184.44,15
2026-08-01T15:45:00Z,IT-Sicily,184.44,15
2026-08-01T15:45:00Z,IT-South,184.44,15
2026-08-01T15:45:00Z,LT,61.00,15
2026-08-01T15:45:00Z,LV,61.00,15
2026-08-01T15:45:00Z,NL,115.65,15
2026-08-01T15:45:00Z,NO1,118.67,15
2026-08-01T15:45:00Z,NO2,119.96,15
2026-08-01T15:45:00Z,NO3,93.97,15
2026-08-01T15:45:00Z,NO4,6.83,15
2026-08-01T15:45:00Z,NO5,120.91,15
2026-08-01T15:45:00Z,PL,141.09,15
2026-08-01T15:45:00Z,PT,68.56,15
2026-08-01T15:45:00Z,RO,179.42,15
2026-08-01T15:45:00Z,RS,130.00,15
2026-08-01T15:45:00Z,SE1,27.69,15
2026-08-01T15:45:00Z,SE2,32.35,15
2026-08-01T15:45:00Z,SE3,33.96,15
2026-08-01T15:45:00Z,SE4,34.50,15
2026-08-01T15:45:00Z,SI,184.44,15
2026-08-01T15:45:00Z,SK,182.01,15
2026-08-01T16:00:00Z,AT,190.47,15
2026-08-01T16:00:00Z,BE,112.87,15
2026-08-01T16:00:00Z,CH,152.10,60
2026-08-01T16:00:00Z,CZ,144.85,15
2026-08-01T16:00:00Z,DE-LU,119.38,15
2026-08-01T16:00:00Z,DK1,117.98,15
2026-08-01T16:00:00Z,DK2,119.59,15
2026-08-01T16:00:00Z,EE,20.27,15
2026-08-01T16:00:00Z,ES,81.80,15
2026-08-01T16:00:00Z,FI,19.57,15
2026-08-01T16:00:00Z,FR,81.80,15
2026-08-01T16:00:00Z,GR,186.86,15
2026-08-01T16:00:00Z,HR,186.32,15
2026-08-01T16:00:00Z,HU,188.35,15
2026-08-01T16:00:00Z,IT-CNorth,187.39,15
2026-08-01T16:00:00Z,IT-CSouth,187.39,15
2026-08-01T16:00:00Z,IT-North,187.39,15
2026-08-01T16:00:00Z,IT-Sardinia,187.39,15
2026-08-01T16:00:00Z,IT-Sicily,187.39,15
2026-08-01T16:00:00Z,IT-South,187.39,15
2026-08-01T16:00:00Z,LT,20.27,15
2026-08-01T16:00:00Z,LV,20.27,15
2026-08-01T16:00:00Z,NL,114.82,15
2026-08-01T16:00:00Z,NO1,122.37,15
2026-08-01T16:00:00Z,NO2,124.38,15
2026-08-01T16:00:00Z,NO3,87.71,15
2026-08-01T16:00:00Z,NO4,6.92,15
2026-08-01T16:00:00Z,NO5,124.85,15
2026-08-01T16:00:00Z,PL,131.02,15
2026-08-01T16:00:00Z,PT,81.80,15
2026-08-01T16:00:00Z,RO,187.32,15
2026-08-01T16:00:00Z,RS,157.62,15
2026-08-01T16:00:00Z,SE1,17.11,15
2026-08-01T16:00:00Z,SE2,19.36,15
2026-08-01T16:00:00Z,SE3,20.13,15
2026-08-01T16:00:00Z,SE4,20.40,15
2026-08-01T16:00:00Z,SI,187.39,15
2026-08-01T16:00:00Z,SK,199.90,15
2026-08-01T16:15:00Z,AT,190.96,15
2026-08-01T16:15:00Z,BE,126.01,15
2026-08-01T16:15:00Z,CZ,151.67,15
2026-08-01T16:15:00Z,DE-LU,133.00,15
2026-08-01T16:15:00Z,DK1,131.39,15
2026-08-01T16:15:00Z,DK2,132.37,15
2026-08-01T16:15:00Z,EE,32.72,15
2026-08-01T16:15:00Z,ES,91.98,15
2026-08-01T16:15:00Z,FI,24.61,15
2026-08-01T16:15:00Z,FR,91.98,15
2026-08-01T16:15:00Z,GR,193.94,15
2026-08-01T16:15:00Z,HR,190.72,15
2026-08-01T16:15:00Z,HU,196.15,15
2026-08-01T16:15:00Z,IT-CNorth,190.05,15
2026-08-01T16:15:00Z,IT-CSouth,190.05,15
2026-08-01T16:15:00Z,IT-North,190.05,15
2026-08-01T16:15:00Z,IT-Sardinia,190.05,15
2026-08-01T16:15:00Z,IT-Sicily,190.05,15
2026-08-01T16:15:00Z,IT-South,190.05,15
2026-08-01T16:15:00Z,LT,32.72,15
2026-08-01T16:15:00Z,LV,32.72,15
2026-08-01T16:15:00Z,NL,128.21,15
2026-08-01T16:15:00Z,NO1,126.92,15
2026-08-01T16:15:00Z,NO2,129.98,15
2026-08-01T16:15:00Z,NO3,88.71,15
2026-08-01T16:15:00Z,NO4,6.94,15
2026-08-01T16:15:00Z,NO5,128.10,15
2026-08-01T16:15:00Z,PL,137.23,15
2026-08-01T16:15:00Z,PT,91.98,15
2026-08-01T16:15:00Z,RO,194.64,15
2026-08-01T16:15:00Z,RS,157.62,15
2026-08-01T16:15:00Z,SE1,21.85,15
2026-08-01T16:15:00Z,SE2,24.64,15
2026-08-01T16:15:00Z,SE3,24.66,15
2026-08-01T16:15:00Z,SE4,24.67,15
2026-08-01T16:15:00Z,SI,190.05,15
2026-08-01T16:15:00Z,SK,212.69,15
2026-08-01T16:30:00Z,AT,189.48,15
2026-08-01T16:30:00Z,BE,146.71,15
2026-08-01T16:30:00Z,CZ,170.21,15
2026-08-01T16:30:00Z,DE-LU,160.82,15
2026-08-01T16:30:00Z,DK1,156.94,15
2026-08-01T16:30:00Z,DK2,159.82,15
2026-08-01T16:30:00Z,EE,87.00,15
2026-08-01T16:30:00Z,ES,100.00,15
2026-08-01T16:30:00Z,FI,28.66,15
2026-08-01T16:30:00Z,FR,110.01,15
2026-08-01T16:30:00Z,GR,168.27,15
2026-08-01T16:30:00Z,HR,190.43,15
2026-08-01T16:30:00Z,HU,193.80,15
2026-08-01T16:30:00Z,IT-CNorth,189.48,15
2026-08-01T16:30:00Z,IT-CSouth,189.48,15
2026-08-01T16:30:00Z,IT-North,189.48,15
2026-08-01T16:30:00Z,IT-Sardinia,189.48,15
2026-08-01T16:30:00Z,IT-Sicily,189.48,15
2026-08-01T16:30:00Z,IT-South,189.48,15
2026-08-01T16:30:00Z,LT,87.00,15
2026-08-01T16:30:00Z,LV,87.00,15
2026-08-01T16:30:00Z,NL,154.01,15
2026-08-01T16:30:00Z,NO1,131.21,15
2026-08-01T16:30:00Z,NO2,137.30,15
2026-08-01T16:30:00Z,NO3,91.94,15
2026-08-01T16:30:00Z,NO4,6.95,15
2026-08-01T16:30:00Z,NO5,127.93,15
2026-08-01T16:30:00Z,PL,162.20,15
2026-08-01T16:30:00Z,PT,100.00,15
2026-08-01T16:30:00Z,RO,192.96,15
2026-08-01T16:30:00Z,RS,157.62,15
2026-08-01T16:30:00Z,SE1,25.24,15
2026-08-01T16:30:00Z,SE2,28.67,15
2026-08-01T16:30:00Z,SE3,28.78,15
2026-08-01T16:30:00Z,SE4,28.83,15
2026-08-01T16:30:00Z,SI,189.48,15
2026-08-01T16:30:00Z,SK,203.64,15
2026-08-01T16:45:00Z,AT,209.95,15
2026-08-01T16:45:00Z,BE,158.22,15
2026-08-01T16:45:00Z,CZ,173.88,15
2026-08-01T16:45:00Z,DE-LU,167.34,15
2026-08-01T16:45:00Z,DK1,164.50,15
2026-08-01T16:45:00Z,DK2,164.06,15
2026-08-01T16:45:00Z,EE,100.00,15
2026-08-01T16:45:00Z,ES,115.27,15
2026-08-01T16:45:00Z,FI,31.49,15
2026-08-01T16:45:00Z,FR,130.62,15
2026-08-01T16:45:00Z,GR,146.72,15
2026-08-01T16:45:00Z,HR,223.22,15
2026-08-01T16:45:00Z,HU,238.97,15
2026-08-01T16:45:00Z,IT-CNorth,193.08,15
2026-08-01T16:45:00Z,IT-CSouth,193.08,15
2026-08-01T16:45:00Z,IT-North,193.08,15
2026-08-01T16:45:00Z,IT-Sardinia,193.08,15
2026-08-01T16:45:00Z,IT-Sicily,193.08,15
2026-08-01T16:45:00Z,IT-South,193.08,15
2026-08-01T16:45:00Z,LT,100.00,15
2026-08-01T16:45:00Z,LV,100.00,15
2026-08-01T16:45:00Z,NL,163.01,15
2026-08-01T16:45:00Z,NO1,131.73,15
2026-08-01T16:45:00Z,NO2,138.09,15
2026-08-01T16:45:00Z,NO3,93.22,15
2026-08-01T16:45:00Z,NO4,6.96,15
2026-08-01T16:45:00Z,NO5,127.94,15
2026-08-01T16:45:00Z,PL,152.40,15
2026-08-01T16:45:00Z,PT,115.27,15
2026-08-01T16:45:00Z,RO,235.85,15
2026-08-01T16:45:00Z,RS,157.62,15
2026-08-01T16:45:00Z,SE1,27.63,15
2026-08-01T16:45:00Z,SE2,31.50,15
2026-08-01T16:45:00Z,SE3,31.62,15
2026-08-01T16:45:00Z,SE4,31.67,15
2026-08-01T16:45:00Z,SI,218.30,15
2026-08-01T16:45:00Z,SK,275.42,15
2026-08-01T17:00:00Z,AT,197.00,15
2026-08-01T17:00:00Z,BE,140.34,15
2026-08-01T17:00:00Z,CH,169.10,60
2026-08-01T17:00:00Z,CZ,168.59,15
2026-08-01T17:00:00Z,DE-LU,150.92,15
2026-08-01T17:00:00Z,DK1,148.78,15
2026-08-01T17:00:00Z,DK2,151.50,15
2026-08-01T17:00:00Z,EE,25.43,15
2026-08-01T17:00:00Z,ES,115.14,15
2026-08-01T17:00:00Z,FI,25.41,15
2026-08-01T17:00:00Z,FR,115.14,15
2026-08-01T17:00:00Z,GR,139.14,15
2026-08-01T17:00:00Z,HR,192.41,15
2026-08-01T17:00:00Z,HU,184.69,15
2026-08-01T17:00:00Z,IT-CNorth,197.00,15
2026-08-01T17:00:00Z,IT-CSouth,197.00,15
2026-08-01T17:00:00Z,IT-North,197.00,15
2026-08-01T17:00:00Z,IT-Sardinia,197.00,15
2026-08-01T17:00:00Z,IT-Sicily,197.00,15
2026-08-01T17:00:00Z,IT-South,197.00,15
2026-08-01T17:00:00Z,LT,50.08,15
2026-08-01T17:00:00Z,LV,50.08,15
2026-08-01T17:00:00Z,NL,145.32,15
2026-08-01T17:00:00Z,NO1,132.16,15
2026-08-01T17:00:00Z,NO2,139.12,15
2026-08-01T17:00:00Z,NO3,94.37,15
2026-08-01T17:00:00Z,NO4,7.56,15
2026-08-01T17:00:00Z,NO5,127.45,15
2026-08-01T17:00:00Z,PL,166.61,15
2026-08-01T17:00:00Z,PT,115.14,15
2026-08-01T17:00:00Z,RO,185.76,15
2026-08-01T17:00:00Z,RS,171.09,15
2026-08-01T17:00:00Z,SE1,22.25,15
2026-08-01T17:00:00Z,SE2,25.10,15
2026-08-01T17:00:00Z,SE3,26.13,15
2026-08-01T17:00:00Z,SE4,26.46,15
2026-08-01T17:00:00Z,SI,197.00,15
2026-08-01T17:00:00Z,SK,179.20,15
2026-08-01T17:15:00Z,AT,197.00,15
2026-08-01T17:15:00Z,BE,156.34,15
2026-08-01T17:15:00Z,CZ,172.52,15
2026-08-01T17:15:00Z,DE-LU,160.26,15
2026-08-01T17:15:00Z,DK1,158.85,15
2026-08-01T17:15:00Z,DK2,160.74,15
2026-08-01T17:15:00Z,EE,105.26,15
2026-08-01T17:15:00Z,ES,146.79,15
2026-08-01T17:15:00Z,FI,27.67,15
2026-08-01T17:15:00Z,FR,146.79,15
2026-08-01T17:15:00Z,GR,147.87,15
2026-08-01T17:15:00Z,HR,193.95,15
2026-08-01T17:15:00Z,HU,189.78,15
2026-08-01T17:15:00Z,IT-CNorth,197.00,15
2026-08-01T17:15:00Z,IT-CSouth,197.00,15
2026-08-01T17:15:00Z,IT-North,197.00,15
2026-08-01T17:15:00Z,IT-Sardinia,197.00,15
2026-08-01T17:15:00Z,IT-Sicily,197.00,15
2026-08-01T17:15:00Z,IT-South,197.00,15
2026-08-01T17:15:00Z,LT,105.26,15
2026-08-01T17:15:00Z,LV,105.26,15
2026-08-01T17:15:00Z,NL,158.11,15
2026-08-01T17:15:00Z,NO1,132.40,15
2026-08-01T17:15:00Z,NO2,139.40,15
2026-08-01T17:15:00Z,NO3,95.47,15
2026-08-01T17:15:00Z,NO4,7.67,15
2026-08-01T17:15:00Z,NO5,127.51,15
2026-08-01T17:15:00Z,PL,171.51,15
2026-08-01T17:15:00Z,PT,146.79,15
2026-08-01T17:15:00Z,RO,189.70,15
2026-08-01T17:15:00Z,RS,171.09,15
2026-08-01T17:15:00Z,SE1,24.21,15
2026-08-01T17:15:00Z,SE2,27.34,15
2026-08-01T17:15:00Z,SE3,28.43,15
2026-08-01T17:15:00Z,SE4,28.78,15
2026-08-01T17:15:00Z,SI,197.00,15
2026-08-01T17:15:00Z,SK,179.67,15
2026-08-01T17:30:00Z,AT,198.70,15
2026-08-01T17:30:00Z,BE,175.69,15
2026-08-01T17:30:00Z,CZ,180.84,15
2026-08-01T17:30:00Z,DE-LU,175.47,15
2026-08-01T17:30:00Z,DK1,175.28,15
2026-08-01T17:30:00Z,DK2,175.49,15
2026-08-01T17:30:00Z,EE,113.25,15
2026-08-01T17:30:00Z,ES,175.50,15
2026-08-01T17:30:00Z,FI,28.66,15
2026-08-01T17:30:00Z,FR,175.50,15
2026-08-01T17:30:00Z,GR,147.00,15
2026-08-01T17:30:00Z,HR,214.67,15
2026-08-01T17:30:00Z,HU,209.72,15
2026-08-01T17:30:00Z,IT-CNorth,198.70,15
2026-08-01T17:30:00Z,IT-CSouth,198.70,15
2026-08-01T17:30:00Z,IT-North,198.70,15
2026-08-01T17:30:00Z,IT-Sardinia,198.70,15
2026-08-01T17:30:00Z,IT-Sicily,198.70,15
2026-08-01T17:30:00Z,IT-South,198.70,15
2026-08-01T17:30:00Z,LT,113.25,15
2026-08-01T17:30:00Z,LV,113.25,15
2026-08-01T17:30:00Z,NL,175.44,15
2026-08-01T17:30:00Z,NO1,132.65,15
2026-08-01T17:30:00Z,NO2,139.67,15
2026-08-01T17:30:00Z,NO3,97.74,15
2026-08-01T17:30:00Z,NO4,7.88,15
2026-08-01T17:30:00Z,NO5,127.54,15
2026-08-01T17:30:00Z,PL,182.11,15
2026-08-01T17:30:00Z,PT,175.50,15
2026-08-01T17:30:00Z,RO,208.82,15
2026-08-01T17:30:00Z,RS,171.09,15
2026-08-01T17:30:00Z,SE1,24.65,15
2026-08-01T17:30:00Z,SE2,28.27,15
2026-08-01T17:30:00Z,SE3,29.65,15
2026-08-01T17:30:00Z,SE4,30.12,15
2026-08-01T17:30:00Z,SI,218.73,15
2026-08-01T17:30:00Z,SK,183.99,15
2026-08-01T17:45:00Z,AT,200.90,15
2026-08-01T17:45:00Z,BE,186.06,15
2026-08-01T17:45:00Z,CZ,185.24,15
2026-08-01T17:45:00Z,DE-LU,187.49,15
2026-08-01T17:45:00Z,DK1,186.89,15
2026-08-01T17:45:00Z,DK2,186.70,15
2026-08-01T17:45:00Z,EE,56.30,15
2026-08-01T17:45:00Z,ES,181.65,15
2026-08-01T17:45:00Z,FI,28.67,15
2026-08-01T17:45:00Z,FR,181.65,15
2026-08-01T17:45:00Z,GR,143.64,15
2026-08-01T17:45:00Z,HR,206.21,15
2026-08-01T17:45:00Z,HU,212.34,15
2026-08-01T17:45:00Z,IT-CNorth,200.90,15
2026-08-01T17:45:00Z,IT-CSouth,200.90,15
2026-08-01T17:45:00Z,IT-North,200.90,15
2026-08-01T17:45:00Z,IT-Sardinia,200.90,15
2026-08-01T17:45:00Z,IT-Sicily,200.90,15
2026-08-01T17:45:00Z,IT-South,200.90,15
2026-08-01T17:45:00Z,LT,56.30,15
2026-08-01T17:45:00Z,LV,56.30,15
2026-08-01T17:45:00Z,NL,186.72,15
2026-08-01T17:45:00Z,NO1,132.67,15
2026-08-01T17:45:00Z,NO2,139.68,15
2026-08-01T17:45:00Z,NO3,98.00,15
2026-08-01T17:45:00Z,NO4,7.86,15
2026-08-01T17:45:00Z,NO5,127.54,15
2026-08-01T17:45:00Z,PL,186.99,15
2026-08-01T17:45:00Z,PT,181.65,15
2026-08-01T17:45:00Z,RO,208.30,15
2026-08-01T17:45:00Z,RS,171.09,15
2026-08-01T17:45:00Z,SE1,24.59,15
2026-08-01T17:45:00Z,SE2,28.27,15
2026-08-01T17:45:00Z,SE3,29.69,15
2026-08-01T17:45:00Z,SE4,30.17,15
2026-08-01T17:45:00Z,SI,204.52,15
2026-08-01T17:45:00Z,SK,181.15,15
2026-08-01T18:00:00Z,AT,197.10,15
2026-08-01T18:00:00Z,BE,174.46,15
2026-08-01T18:00:00Z,CH,176.00,60
2026-08-01T18:00:00Z,CZ,179.60,15
2026-08-01T18:00:00Z,DE-LU,174.17,15
2026-08-01T18:00:00Z,DK1,174.10,15
2026-08-01T18:00:00Z,DK2,174.34,15
2026-08-01T18:00:00Z,EE,60.22,15
2026-08-01T18:00:00Z,ES,175.45,15
2026-08-01T18:00:00Z,FI,29.35,15
2026-08-01T18:00:00Z,FR,175.45,15
2026-08-01T18:00:00Z,GR,139.14,15
2026-08-01T18:00:00Z,HR,195.90,15
2026-08-01T18:00:00Z,HU,195.35,15
2026-08-01T18:00:00Z,IT-CNorth,197.10,15
2026-08-01T18:00:00Z,IT-CSouth,197.10,15
2026-08-01T18:00:00Z,IT-North,197.10,15
2026-08-01T18:00:00Z,IT-Sardinia,197.10,15
2026-08-01T18:00:00Z,IT-Sicily,197.10,15
2026-08-01T18:00:00Z,IT-South,197.10,15
2026-08-01T18:00:00Z,LT,60.22,15
2026-08-01T18:00:00Z,LV,60.22,15
2026-08-01T18:00:00Z,NL,174.13,15
2026-08-01T18:00:00Z,NO1,132.67,15
2026-08-01T18:00:00Z,NO2,139.48,15
2026-08-01T18:00:00Z,NO3,92.83,15
2026-08-01T18:00:00Z,NO4,7.74,15
2026-08-01T18:00:00Z,NO5,128.27,15
2026-08-01T18:00:00Z,PL,179.62,15
2026-08-01T18:00:00Z,PT,175.45,15
2026-08-01T18:00:00Z,RO,194.29,15
2026-08-01T18:00:00Z,RS,175.03,15
2026-08-01T18:00:00Z,SE1,25.87,15
2026-08-01T18:00:00Z,SE2,29.36,15
2026-08-01T18:00:00Z,SE3,29.49,15
2026-08-01T18:00:00Z,SE4,29.55,15
2026-08-01T18:00:00Z,SI,197.10,15
2026-08-01T18:00:00Z,SK,182.73,15
2026-08-01T18:15:00Z,AT,198.70,15
2026-08-01T18:15:00Z,BE,180.70,15
2026-08-01T18:15:00Z,CZ,181.00,15
2026-08-01T18:15:00Z,DE-LU,180.23,15
2026-08-01T18:15:00Z,DK1,179.98,15
2026-08-01T18:15:00Z,DK2,179.85,15
2026-08-01T18:15:00Z,EE,60.82,15
2026-08-01T18:15:00Z,ES,181.65,15
2026-08-01T18:15:00Z,FI,27.34,15
2026-08-01T18:15:00Z,FR,181.65,15
2026-08-01T18:15:00Z,GR,139.14,15
2026-08-01T18:15:00Z,HR,199.75,15
2026-08-01T18:15:00Z,HU,204.37,15
2026-08-01T18:15:00Z,IT-CNorth,198.70,15
2026-08-01T18:15:00Z,IT-CSouth,198.70,15
2026-08-01T18:15:00Z,IT-North,198.70,15
2026-08-01T18:15:00Z,IT-Sardinia,198.70,15
2026-08-01T18:15:00Z,IT-Sicily,198.70,15
2026-08-01T18:15:00Z,IT-South,198.70,15
2026-08-01T18:15:00Z,LT,60.82,15
2026-08-01T18:15:00Z,LV,60.82,15
2026-08-01T18:15:00Z,NL,180.32,15
2026-08-01T18:15:00Z,NO1,132.63,15
2026-08-01T18:15:00Z,NO2,139.48,15
2026-08-01T18:15:00Z,NO3,92.06,15
2026-08-01T18:15:00Z,NO4,7.76,15
2026-08-01T18:15:00Z,NO5,128.27,15
2026-08-01T18:15:00Z,PL,182.11,15
2026-08-01T18:15:00Z,PT,181.65,15
2026-08-01T18:15:00Z,RO,201.16,15
2026-08-01T18:15:00Z,RS,175.03,15
2026-08-01T18:15:00Z,SE1,24.18,15
2026-08-01T18:15:00Z,SE2,27.34,15
2026-08-01T18:15:00Z,SE3,27.48,15
2026-08-01T18:15:00Z,SE4,27.54,15
2026-08-01T18:15:00Z,SI,198.70,15
2026-08-01T18:15:00Z,SK,180.20,15
2026-08-01T18:30:00Z,AT,198.70,15
2026-08-01T18:30:00Z,BE,183.89,15
2026-08-01T18:30:00Z,CZ,180.69,15
2026-08-01T18:30:00Z,DE-LU,183.40,15
2026-08-01T18:30:00Z,DK1,183.08,15
2026-08-01T18:30:00Z,DK2,182.83,15
2026-08-01T18:30:00Z,EE,100.00,15
2026-08-01T18:30:00Z,ES,184.75,15
2026-08-01T18:30:00Z,FI,26.21,15
2026-08-01T18:30:00Z,FR,184.75,15
2026-08-01T18:30:00Z,GR,142.06,15
2026-08-01T18:30:00Z,HR,199.27,15
2026-08-01T18:30:00Z,HU,202.32,15
2026-08-01T18:30:00Z,IT-CNorth,210.03,15
2026-08-01T18:30:00Z,IT-CSouth,210.03,15
2026-08-01T18:30:00Z,IT-North,198.70,15
2026-08-01T18:30:00Z,IT-Sardinia,210.03,15
2026-08-01T18:30:00Z,IT-Sicily,210.03,15
2026-08-01T18:30:00Z,IT-South,210.03,15
2026-08-01T18:30:00Z,LT,100.00,15
2026-08-01T18:30:00Z,LV,100.00,15
2026-08-01T18:30:00Z,NL,183.52,15
2026-08-01T18:30:00Z,NO1,132.60,15
2026-08-01T18:30:00Z,NO2,139.48,15
2026-08-01T18:30:00Z,NO3,91.62,15
2026-08-01T18:30:00Z,NO4,7.83,15
2026-08-01T18:30:00Z,NO5,128.27,15
2026-08-01T18:30:00Z,PL,183.82,15
2026-08-01T18:30:00Z,PT,184.75,15
2026-08-01T18:30:00Z,RO,199.86,15
2026-08-01T18:30:00Z,RS,175.03,15
2026-08-01T18:30:00Z,SE1,23.24,15
2026-08-01T18:30:00Z,SE2,26.21,15
2026-08-01T18:30:00Z,SE3,26.35,15
2026-08-01T18:30:00Z,SE4,26.40,15
2026-08-01T18:30:00Z,SI,198.70,15
2026-08-01T18:30:00Z,SK,182.31,15
2026-08-01T18:45:00Z,AT,195.34,15
2026-08-01T18:45:00Z,BE,186.74,15
2026-08-01T18:45:00Z,CZ,176.00,15
2026-08-01T18:45:00Z,DE-LU,186.05,15
2026-08-01T18:45:00Z,DK1,185.53,15
2026-08-01T18:45:00Z,DK2,184.87,15
2026-08-01T18:45:00Z,EE,100.00,15
2026-08-01T18:45:00Z,ES,187.60,15
2026-08-01T18:45:00Z,FI,24.32,15
2026-08-01T18:45:00Z,FR,187.60,15
2026-08-01T18:45:00Z,GR,141.85,15
2026-08-01T18:45:00Z,HR,199.37,15
2026-08-01T18:45:00Z,HU,202.48,15
2026-08-01T18:45:00Z,IT-CNorth,214.89,15
2026-08-01T18:45:00Z,IT-CSouth,214.89,15
2026-08-01T18:45:00Z,IT-North,198.70,15
2026-08-01T18:45:00Z,IT-Sardinia,214.89,15
2026-08-01T18:45:00Z,IT-Sicily,217.20,15
2026-08-01T18:45:00Z,IT-South,214.89,15
2026-08-01T18:45:00Z,LT,100.00,15
2026-08-01T18:45:00Z,LV,100.00,15
2026-08-01T18:45:00Z,NL,186.29,15
2026-08-01T18:45:00Z,NO1,132.56,15
2026-08-01T18:45:00Z,NO2,139.48,15
2026-08-01T18:45:00Z,NO3,90.89,15
2026-08-01T18:45:00Z,NO4,7.83,15
2026-08-01T18:45:00Z,NO5,128.27,15
2026-08-01T18:45:00Z,PL,182.70,15
2026-08-01T18:45:00Z,PT,187.60,15
2026-08-01T18:45:00Z,RO,199.80,15
2026-08-01T18:45:00Z,RS,175.03,15
2026-08-01T18:45:00Z,SE1,21.65,15
2026-08-01T18:45:00Z,SE2,24.32,15
2026-08-01T18:45:00Z,SE3,24.45,15
2026-08-01T18:45:00Z,SE4,24.51,15
2026-08-01T18:45:00Z,SI,198.70,15
2026-08-01T18:45:00Z,SK,178.71,15
2026-08-01T19:00:00Z,AT,191.84,15
2026-08-01T19:00:00Z,BE,185.55,15
2026-08-01T19:00:00Z,CH,178.02,60
2026-08-01T19:00:00Z,CZ,179.18,15
2026-08-01T19:00:00Z,DE-LU,184.85,15
2026-08-01T19:00:00Z,DK1,184.43,15
2026-08-01T19:00:00Z,DK2,183.84,15
2026-08-01T19:00:00Z,EE,60.60,15
2026-08-01T19:00:00Z,ES,186.40,15
2026-08-01T19:00:00Z,FI,29.12,15
2026-08-01T19:00:00Z,FR,186.40,15
2026-08-01T19:00:00Z,GR,144.68,15
2026-08-01T19:00:00Z,HR,202.02,15
2026-08-01T19:00:00Z,HU,209.86,15
2026-08-01T19:00:00Z,IT-CNorth,210.03,15
2026-08-01T19:00:00Z,IT-CSouth,210.03,15
2026-08-01T19:00:00Z,IT-North,199.64,15
2026-08-01T19:00:00Z,IT-Sardinia,210.03,15
2026-08-01T19:00:00Z,IT-Sicily,210.03,15
2026-08-01T19:00:00Z,IT-South,210.03,15
2026-08-01T19:00:00Z,LT,60.60,15
2026-08-01T19:00:00Z,LV,60.60,15
2026-08-01T19:00:00Z,NL,185.12,15
2026-08-01T19:00:00Z,NO1,132.54,15
2026-08-01T19:00:00Z,NO2,139.44,15
2026-08-01T19:00:00Z,NO3,92.73,15
2026-08-01T19:00:00Z,NO4,7.75,15
2026-08-01T19:00:00Z,NO5,127.95,15
2026-08-01T19:00:00Z,PL,181.81,15
2026-08-01T19:00:00Z,PT,186.40,15
2026-08-01T19:00:00Z,RO,205.01,15
2026-08-01T19:00:00Z,RS,158.00,15
2026-08-01T19:00:00Z,SE1,25.77,15
2026-08-01T19:00:00Z,SE2,29.38,15
2026-08-01T19:00:00Z,SE3,29.54,15
2026-08-01T19:00:00Z,SE4,29.64,15
2026-08-01T19:00:00Z,SI,199.64,15
2026-08-01T19:00:00Z,SK,174.68,15
2026-08-01T19:15:00Z,AT,188.49,15
2026-08-01T19:15:00Z,BE,182.21,15
2026-08-01T19:15:00Z,CZ,175.99,15
2026-08-01T19:15:00Z,DE-LU,181.60,15
2026-08-01T19:15:00Z,DK1,181.18,15
2026-08-01T19:15:00Z,DK2,180.59,15
2026-08-01T19:15:00Z,EE,85.63,15
2026-08-01T19:15:00Z,ES,195.52,15
2026-08-01T19:15:00Z,FI,26.28,15
2026-08-01T19:15:00Z,FR,182.98,15
2026-08-01T19:15:00Z,GR,146.58,15
2026-08-01T19:15:00Z,HR,198.55,15
2026-08-01T19:15:00Z,HU,206.30,15
2026-08-01T19:15:00Z,IT-CNorth,210.03,15
2026-08-01T19:15:00Z,IT-CSouth,210.03,15
2026-08-01T19:15:00Z,IT-North,198.70,15
2026-08-01T19:15:00Z,IT-Sardinia,210.03,15
2026-08-01T19:15:00Z,IT-Sicily,211.29,15
2026-08-01T19:15:00Z,IT-South,210.03,15
2026-08-01T19:15:00Z,LT,85.63,15
2026-08-01T19:15:00Z,LV,85.63,15
2026-08-01T19:15:00Z,NL,181.85,15
2026-08-01T19:15:00Z,NO1,132.45,15
2026-08-01T19:15:00Z,NO2,139.42,15
2026-08-01T19:15:00Z,NO3,91.50,15
2026-08-01T19:15:00Z,NO4,7.76,15
2026-08-01T19:15:00Z,NO5,127.93,15
2026-08-01T19:15:00Z,PL,178.59,15
2026-08-01T19:15:00Z,PT,195.52,15
2026-08-01T19:15:00Z,RO,201.51,15
2026-08-01T19:15:00Z,RS,158.00,15
2026-08-01T19:15:00Z,SE1,23.22,15
2026-08-01T19:15:00Z,SE2,26.27,15
2026-08-01T19:15:00Z,SE3,26.41,15
2026-08-01T19:15:00Z,SE4,26.47,15
2026-08-01T19:15:00Z,SI,196.20,15
2026-08-01T19:15:00Z,SK,171.54,15
2026-08-01T19:30:00Z,AT,182.41,15
2026-08-01T19:30:00Z,BE,182.41,15
2026-08-01T19:30:00Z,CZ,182.41,15
2026-08-01T19:30:00Z,DE-LU,182.41,15
2026-08-01T19:30:00Z,DK1,182.41,15
2026-08-01T19:30:00Z,DK2,182.41,15
2026-08-01T19:30:00Z,EE,73.57,15
2026-08-01T19:30:00Z,ES,198.69,15
2026-08-01T19:30:00Z,FI,23.50,15
2026-08-01T19:30:00Z,FR,182.41,15
2026-08-01T19:30:00Z,GR,144.64,15
2026-08-01T19:30:00Z,HR,182.41,15
2026-08-01T19:30:00Z,HU,182.41,15
2026-08-01T19:30:00Z,IT-CNorth,197.10,15
2026-08-01T19:30:00Z,IT-CSouth,197.10,15
2026-08-01T19:30:00Z,IT-North,197.10,15
2026-08-01T19:30:00Z,IT-Sardinia,197.10,15
2026-08-01T19:30:00Z,IT-Sicily,197.10,15
2026-08-01T19:30:00Z,IT-South,197.10,15
2026-08-01T19:30:00Z,LT,73.57,15
2026-08-01T19:30:00Z,LV,73.57,15
2026-08-01T19:30:00Z,NL,182.41,15
2026-08-01T19:30:00Z,NO1,132.41,15
2026-08-01T19:30:00Z,NO2,139.42,15
2026-08-01T19:30:00Z,NO3,90.44,15
2026-08-01T19:30:00Z,NO4,7.83,15
2026-08-01T19:30:00Z,NO5,127.96,15
2026-08-01T19:30:00Z,PL,182.41,15
2026-08-01T19:30:00Z,PT,198.69,15
2026-08-01T19:30:00Z,RO,182.41,15
2026-08-01T19:30:00Z,RS,158.00,15
2026-08-01T19:30:00Z,SE1,20.90,15
2026-08-01T19:30:00Z,SE2,23.48,15
2026-08-01T19:30:00Z,SE3,23.62,15
2026-08-01T19:30:00Z,SE4,23.68,15
2026-08-01T19:30:00Z,SI,182.41,15
2026-08-01T19:30:00Z,SK,182.41,15
2026-08-01T19:45:00Z,AT,173.85,15
2026-08-01T19:45:00Z,BE,173.85,15
2026-08-01T19:45:00Z,CZ,173.85,15
2026-08-01T19:45:00Z,DE-LU,173.85,15
2026-08-01T19:45:00Z,DK1,173.85,15
2026-08-01T19:45:00Z,DK2,173.85,15
2026-08-01T19:45:00Z,EE,60.49,15
2026-08-01T19:45:00Z,ES,197.50,15
2026-08-01T19:45:00Z,FI,19.37,15
2026-08-01T19:45:00Z,FR,173.85,15
2026-08-01T19:45:00Z,GR,139.94,15
2026-08-01T19:45:00Z,HR,173.85,15
2026-08-01T19:45:00Z,HU,173.85,15
2026-08-01T19:45:00Z,IT-CNorth,197.00,15
2026-08-01T19:45:00Z,IT-CSouth,197.00,15
2026-08-01T19:45:00Z,IT-North,197.00,15
2026-08-01T19:45:00Z,IT-Sardinia,197.00,15
2026-08-01T19:45:00Z,IT-Sicily,197.00,15
2026-08-01T19:45:00Z,IT-South,197.00,15
2026-08-01T19:45:00Z,LT,60.49,15
2026-08-01T19:45:00Z,LV,60.49,15
2026-08-01T19:45:00Z,NL,173.85,15
2026-08-01T19:45:00Z,NO1,132.32,15
2026-08-01T19:45:00Z,NO2,139.41,15
2026-08-01T19:45:00Z,NO3,88.85,15
2026-08-01T19:45:00Z,NO4,7.85,15
2026-08-01T19:45:00Z,NO5,127.97,15
2026-08-01T19:45:00Z,PL,173.85,15
2026-08-01T19:45:00Z,PT,197.50,15
2026-08-01T19:45:00Z,RO,173.85,15
2026-08-01T19:45:00Z,RS,158.00,15
2026-08-01T19:45:00Z,SE1,17.45,15
2026-08-01T19:45:00Z,SE2,19.35,15
2026-08-01T19:45:00Z,SE3,19.49,15
2026-08-01T19:45:00Z,SE4,19.55,15
2026-08-01T19:45:00Z,SI,173.85,15
2026-08-01T19:45:00Z,SK,173.85,15
2026-08-01T20:00:00Z,AT,190.20,15
2026-08-01T20:00:00Z,BE,190.20,15
2026-08-01T20:00:00Z,CH,175.94,60
2026-08-01T20:00:00Z,CZ,190.20,15
2026-08-01T20:00:00Z,DE-LU,190.20,15
2026-08-01T20:00:00Z,DK1,190.20,15
2026-08-01T20:00:00Z,DK2,190.20,15
2026-08-01T20:00:00Z,EE,126.09,15
2026-08-01T20:00:00Z,ES,197.50,15
2026-08-01T20:00:00Z,FI,28.90,15
2026-08-01T20:00:00Z,FR,190.20,15
2026-08-01T20:00:00Z,GR,143.20,15
2026-08-01T20:00:00Z,HR,190.20,15
2026-08-01T20:00:00Z,HU,190.20,15
2026-08-01T20:00:00Z,IT-CNorth,210.03,15
2026-08-01T20:00:00Z,IT-CSouth,210.03,15
2026-08-01T20:00:00Z,IT-North,197.00,15
2026-08-01T20:00:00Z,IT-Sardinia,210.03,15
2026-08-01T20:00:00Z,IT-Sicily,210.03,15
2026-08-01T20:00:00Z,IT-South,210.03,15
2026-08-01T20:00:00Z,LT,126.09,15
2026-08-01T20:00:00Z,LV,126.09,15
2026-08-01T20:00:00Z,NL,190.20,15
2026-08-01T20:00:00Z,NO1,132.33,15
2026-08-01T20:00:00Z,NO2,139.40,15
2026-08-01T20:00:00Z,NO3,91.75,15
2026-08-01T20:00:00Z,NO4,9.18,15
2026-08-01T20:00:00Z,NO5,127.50,15
2026-08-01T20:00:00Z,PL,190.20,15
2026-08-01T20:00:00Z,PT,197.50,15
2026-08-01T20:00:00Z,RO,190.20,15
2026-08-01T20:00:00Z,RS,164.90,15
2026-08-01T20:00:00Z,SE1,25.43,15
2026-08-01T20:00:00Z,SE2,28.88,15
2026-08-01T20:00:00Z,SE3,28.98,15
2026-08-01T20:00:00Z,SE4,29.01,15
2026-08-01T20:00:00Z,SI,190.20,15
2026-08-01T20:00:00Z,SK,190.20,15
2026-08-01T20:15:00Z,AT,179.69,15
2026-08-01T20:15:00Z,BE,179.69,15
2026-08-01T20:15:00Z,CZ,179.69,15
2026-08-01T20:15:00Z,DE-LU,179.69,15
2026-08-01T20:15:00Z,DK1,179.69,15
2026-08-01T20:15:00Z,DK2,179.69,15
2026-08-01T20:15:00Z,EE,99.94,15
2026-08-01T20:15:00Z,ES,195.63,15
2026-08-01T20:15:00Z,FI,24.11,15
2026-08-01T20:15:00Z,FR,179.69,15
2026-08-01T20:15:00Z,GR,140.58,15
2026-08-01T20:15:00Z,HR,179.69,15
2026-08-01T20:15:00Z,HU,179.69,15
2026-08-01T20:15:00Z,IT-CNorth,210.03,15
2026-08-01T20:15:00Z,IT-CSouth,210.03,15
2026-08-01T20:15:00Z,IT-North,198.28,15
2026-08-01T20:15:00Z,IT-Sardinia,210.03,15
2026-08-01T20:15:00Z,IT-Sicily,210.03,15
2026-08-01T20:15:00Z,IT-South,210.03,15
2026-08-01T20:15:00Z,LT,99.94,15
2026-08-01T20:15:00Z,LV,99.94,15
2026-08-01T20:15:00Z,NL,179.69,15
2026-08-01T20:15:00Z,NO1,132.26,15
2026-08-01T20:15:00Z,NO2,139.39,15
2026-08-01T20:15:00Z,NO3,90.01,15
2026-08-01T20:15:00Z,NO4,9.24,15
2026-08-01T20:15:00Z,NO5,127.58,15
2026-08-01T20:15:00Z,PL,179.69,15
2026-08-01T20:15:00Z,PT,195.63,15
2026-08-01T20:15:00Z,RO,179.69,15
2026-08-01T20:15:00Z,RS,164.90,15
2026-08-01T20:15:00Z,SE1,21.51,15
2026-08-01T20:15:00Z,SE2,24.09,15
2026-08-01T20:15:00Z,SE3,24.19,15
2026-08-01T20:15:00Z,SE4,24.23,15
2026-08-01T20:15:00Z,SI,179.69,15
2026-08-01T20:15:00Z,SK,179.69,15
2026-08-01T20:30:00Z,AT,175.20,15
2026-08-01T20:30:00Z,BE,175.20,15
2026-08-01T20:30:00Z,CZ,175.20,15
2026-08-01T20:30:00Z,DE-LU,175.20,15
2026-08-01T20:30:00Z,DK1,175.20,15
2026-08-01T20:30:00Z,DK2,175.20,15
2026-08-01T20:30:00Z,EE,67.87,15
2026-08-01T20:30:00Z,ES,187.60,15
2026-08-01T20:30:00Z,FI,19.70,15
2026-08-01T20:30:00Z,FR,175.20,15
2026-08-01T20:30:00Z,GR,142.52,15
2026-08-01T20:30:00Z,HR,175.20,15
2026-08-01T20:30:00Z,HU,175.20,15
2026-08-01T20:30:00Z,IT-CNorth,197.00,15
2026-08-01T20:30:00Z,IT-CSouth,197.00,15
2026-08-01T20:30:00Z,IT-North,197.00,15
2026-08-01T20:30:00Z,IT-Sardinia,197.00,15
2026-08-01T20:30:00Z,IT-Sicily,197.00,15
2026-08-01T20:30:00Z,IT-South,197.00,15
2026-08-01T20:30:00Z,LT,67.87,15
2026-08-01T20:30:00Z,LV,67.87,15
2026-08-01T20:30:00Z,NL,175.20,15
2026-08-01T20:30:00Z,NO1,132.20,15
2026-08-01T20:30:00Z,NO2,139.38,15
2026-08-01T20:30:00Z,NO3,88.42,15
2026-08-01T20:30:00Z,NO4,9.18,15
2026-08-01T20:30:00Z,NO5,127.68,15
2026-08-01T20:30:00Z,PL,175.20,15
2026-08-01T20:30:00Z,PT,187.60,15
2026-08-01T20:30:00Z,RO,175.20,15
2026-08-01T20:30:00Z,RS,164.90,15
2026-08-01T20:30:00Z,SE1,17.88,15
2026-08-01T20:30:00Z,SE2,19.67,15
2026-08-01T20:30:00Z,SE3,19.78,15
2026-08-01T20:30:00Z,SE4,19.82,15
2026-08-01T20:30:00Z,SI,175.20,15
2026-08-01T20:30:00Z,SK,175.20,15
2026-08-01T20:45:00Z,AT,169.10,15
2026-08-01T20:45:00Z,BE,169.10,15
2026-08-01T20:45:00Z,CZ,169.10,15
2026-08-01T20:45:00Z,DE-LU,169.10,15
2026-08-01T20:45:00Z,DK1,169.10,15
2026-08-01T20:45:00Z,DK2,169.10,15
2026-08-01T20:45:00Z,EE,15.13,15
2026-08-01T20:45:00Z,ES,185.40,15
2026-08-01T20:45:00Z,FI,15.04,15
2026-08-01T20:45:00Z,FR,169.10,15
2026-08-01T20:45:00Z,GR,143.19,15
2026-08-01T20:45:00Z,HR,169.10,15
2026-08-01T20:45:00Z,HU,169.10,15
2026-08-01T20:45:00Z,IT-CNorth,197.00,15
2026-08-01T20:45:00Z,IT-CSouth,197.00,15
2026-08-01T20:45:00Z,IT-North,197.00,15
2026-08-01T20:45:00Z,IT-Sardinia,197.00,15
2026-08-01T20:45:00Z,IT-Sicily,197.00,15
2026-08-01T20:45:00Z,IT-South,197.00,15
2026-08-01T20:45:00Z,LT,15.13,15
2026-08-01T20:45:00Z,LV,15.13,15
2026-08-01T20:45:00Z,NL,169.10,15
2026-08-01T20:45:00Z,NO1,132.10,15
2026-08-01T20:45:00Z,NO2,139.38,15
2026-08-01T20:45:00Z,NO3,86.68,15
2026-08-01T20:45:00Z,NO4,9.19,15
2026-08-01T20:45:00Z,NO5,127.67,15
2026-08-01T20:45:00Z,PL,169.10,15
2026-08-01T20:45:00Z,PT,185.40,15
2026-08-01T20:45:00Z,RO,169.10,15
2026-08-01T20:45:00Z,RS,164.90,15
2026-08-01T20:45:00Z,SE1,14.05,15
2026-08-01T20:45:00Z,SE2,15.00,15
2026-08-01T20:45:00Z,SE3,15.11,15
2026-08-01T20:45:00Z,SE4,15.15,15
2026-08-01T20:45:00Z,SI,169.10,15
2026-08-01T20:45:00Z,SK,169.10,15
2026-08-01T21:00:00Z,AT,172.11,15
2026-08-01T21:00:00Z,BE,172.11,15
2026-08-01T21:00:00Z,CH,168.00,60
2026-08-01T21:00:00Z,CZ,172.11,15
2026-08-01T21:00:00Z,DE-LU,172.11,15
2026-08-01T21:00:00Z,DK1,172.11,15
2026-08-01T21:00:00Z,DK2,172.11,15
2026-08-01T21:00:00Z,EE,119.51,15
2026-08-01T21:00:00Z,ES,184.65,15
2026-08-01T21:00:00Z,FI,25.81,15
2026-08-01T21:00:00Z,FR,172.11,15
2026-08-01T21:00:00Z,GR,151.57,15
2026-08-01T21:00:00Z,HR,172.11,15
2026-08-01T21:00:00Z,HU,172.11,15
2026-08-01T21:00:00Z,IT-CNorth,206.49,15
2026-08-01T21:00:00Z,IT-CSouth,206.49,15
2026-08-01T21:00:00Z,IT-North,206.49,15
2026-08-01T21:00:00Z,IT-Sardinia,206.49,15
2026-08-01T21:00:00Z,IT-Sicily,206.49,15
2026-08-01T21:00:00Z,IT-South,206.49,15
2026-08-01T21:00:00Z,LT,119.51,15
2026-08-01T21:00:00Z,LV,119.51,15
2026-08-01T21:00:00Z,NL,172.11,15
2026-08-01T21:00:00Z,NO1,129.58,15
2026-08-01T21:00:00Z,NO2,139.42,15
2026-08-01T21:00:00Z,NO3,88.65,15
2026-08-01T21:00:00Z,NO4,11.26,15
2026-08-01T21:00:00Z,NO5,127.40,15
2026-08-01T21:00:00Z,PL,172.11,15
2026-08-01T21:00:00Z,PT,184.65,15
2026-08-01T21:00:00Z,RO,172.11,15
2026-08-01T21:00:00Z,RS,135.01,15
2026-08-01T21:00:00Z,SE1,23.91,15
2026-08-01T21:00:00Z,SE2,25.65,15
2026-08-01T21:00:00Z,SE3,25.85,15
2026-08-01T21:00:00Z,SE4,25.86,15
2026-08-01T21:00:00Z,SI,172.11,15
2026-08-01T21:00:00Z,SK,172.11,15
2026-08-01T21:15:00Z,AT,171.94,15
2026-08-01T21:15:00Z,BE,171.94,15
2026-08-01T21:15:00Z,CZ,171.94,15
2026-08-01T21:15:00Z,DE-LU,171.94,15
2026-08-01T21:15:00Z,DK1,171.94,15
2026-08-01T21:15:00Z,DK2,171.94,15
2026-08-01T21:15:00Z,EE,81.93,15
2026-08-01T21:15:00Z,ES,183.14,15
2026-08-01T21:15:00Z,FI,20.74,15
2026-08-01T21:15:00Z,FR,171.94,15
2026-08-01T21:15:00Z,GR,144.49,15
2026-08-01T21:15:00Z,HR,171.94,15
2026-08-01T21:15:00Z,HU,171.94,15
2026-08-01T21:15:00Z,IT-CNorth,197.10,15
2026-08-01T21:15:00Z,IT-CSouth,197.10,15
2026-08-01T21:15:00Z,IT-North,197.10,15
2026-08-01T21:15:00Z,IT-Sardinia,197.10,15
2026-08-01T21:15:00Z,IT-Sicily,197.10,15
2026-08-01T21:15:00Z,IT-South,197.10,15
2026-08-01T21:15:00Z,LT,81.93,15
2026-08-01T21:15:00Z,LV,81.93,15
2026-08-01T21:15:00Z,NL,171.94,15
2026-08-01T21:15:00Z,NO1,127.91,15
2026-08-01T21:15:00Z,NO2,139.40,15
2026-08-01T21:15:00Z,NO3,87.08,15
2026-08-01T21:15:00Z,NO4,10.41,15
2026-08-01T21:15:00Z,NO5,127.39,15
2026-08-01T21:15:00Z,PL,171.94,15
2026-08-01T21:15:00Z,PT,183.14,15
2026-08-01T21:15:00Z,RO,171.94,15
2026-08-01T21:15:00Z,RS,135.01,15
2026-08-01T21:15:00Z,SE1,18.86,15
2026-08-01T21:15:00Z,SE2,20.74,15
2026-08-01T21:15:00Z,SE3,20.78,15
2026-08-01T21:15:00Z,SE4,20.79,15
2026-08-01T21:15:00Z,SI,171.94,15
2026-08-01T21:15:00Z,SK,171.94,15
2026-08-01T21:30:00Z,AT,171.23,15
2026-08-01T21:30:00Z,BE,171.23,15
2026-08-01T21:30:00Z,CZ,171.23,15
2026-08-01T21:30:00Z,DE-LU,171.23,15
2026-08-01T21:30:00Z,DK1,171.23,15
2026-08-01T21:30:00Z,DK2,171.23,15
2026-08-01T21:30:00Z,EE,24.99,15
2026-08-01T21:30:00Z,ES,181.65,15
2026-08-01T21:30:00Z,FI,18.09,15
2026-08-01T21:30:00Z,FR,171.23,15
2026-08-01T21:30:00Z,GR,169.79,15
2026-08-01T21:30:00Z,HR,171.23,15
2026-08-01T21:30:00Z,HU,171.23,15
2026-08-01T21:30:00Z,IT-CNorth,197.00,15
2026-08-01T21:30:00Z,IT-CSouth,197.00,15
2026-08-01T21:30:00Z,IT-North,197.00,15
2026-08-01T21:30:00Z,IT-Sardinia,197.00,15
2026-08-01T21:30:00Z,IT-Sicily,197.00,15
2026-08-01T21:30:00Z,IT-South,197.00,15
2026-08-01T21:30:00Z,LT,24.99,15
2026-08-01T21:30:00Z,LV,24.99,15
2026-08-01T21:30:00Z,NL,171.23,15
2026-08-01T21:30:00Z,NO1,125.97,15
2026-08-01T21:30:00Z,NO2,139.39,15
2026-08-01T21:30:00Z,NO3,85.37,15
2026-08-01T21:30:00Z,NO4,10.82,15
2026-08-01T21:30:00Z,NO5,127.36,15
2026-08-01T21:30:00Z,PL,171.23,15
2026-08-01T21:30:00Z,PT,181.65,15
2026-08-01T21:30:00Z,RO,171.23,15
2026-08-01T21:30:00Z,RS,135.01,15
2026-08-01T21:30:00Z,SE1,16.76,15
2026-08-01T21:30:00Z,SE2,18.09,15
2026-08-01T21:30:00Z,SE3,18.11,15
2026-08-01T21:30:00Z,SE4,18.11,15
2026-08-01T21:30:00Z,SI,171.23,15
2026-08-01T21:30:00Z,SK,171.23,15
2026-08-01T21:45:00Z,AT,164.72,15
2026-08-01T21:45:00Z,BE,164.72,15
2026-08-01T21:45:00Z,CZ,164.72,15
2026-08-01T21:45:00Z,DE-LU,164.72,15
2026-08-01T21:45:00Z,DK1,164.72,15
2026-08-01T21:45:00Z,DK2,164.72,15
2026-08-01T21:45:00Z,EE,13.53,15
2026-08-01T21:45:00Z,ES,181.65,15
2026-08-01T21:45:00Z,FI,13.51,15
2026-08-01T21:45:00Z,FR,164.72,15
2026-08-01T21:45:00Z,GR,164.72,15
2026-08-01T21:45:00Z,HR,164.72,15
2026-08-01T21:45:00Z,HU,164.72,15
2026-08-01T21:45:00Z,IT-CNorth,190.05,15
2026-08-01T21:45:00Z,IT-CSouth,190.05,15
2026-08-01T21:45:00Z,IT-North,190.05,15
2026-08-01T21:45:00Z,IT-Sardinia,190.05,15
2026-08-01T21:45:00Z,IT-Sicily,190.05,15
2026-08-01T21:45:00Z,IT-South,190.05,15
2026-08-01T21:45:00Z,LT,13.53,15
2026-08-01T21:45:00Z,LV,13.53,15
2026-08-01T21:45:00Z,NL,164.72,15
2026-08-01T21:45:00Z,NO1,125.91,15
2026-08-01T21:45:00Z,NO2,139.38,15
2026-08-01T21:45:00Z,NO3,83.68,15
2026-08-01T21:45:00Z,NO4,10.68,15
2026-08-01T21:45:00Z,NO5,127.35,15
2026-08-01T21:45:00Z,PL,164.72,15
2026-08-01T21:45:00Z,PT,181.65,15
2026-08-01T21:45:00Z,RO,164.72,15
2026-08-01T21:45:00Z,RS,135.01,15
2026-08-01T21:45:00Z,SE1,13.00,15
2026-08-01T21:45:00Z,SE2,13.50,15
2026-08-01T21:45:00Z,SE3,13.53,15
2026-08-01T21:45:00Z,SE4,13.54,15
2026-08-01T21:45:00Z,SI,164.72,15
2026-08-01T21:45:00Z,SK,164.72,15
2026-08-01T22:00:00Z,AT,189.09,15
2026-08-01T22:00:00Z,BE,186.63,15
2026-08-01T22:00:00Z,CH,167.91,60
2026-08-01T22:00:00Z,CZ,188.80,15
2026-08-01T22:00:00Z,DE-LU,188.40,15
2026-08-01T22:00:00Z,DK1,188.18,15
2026-08-01T22:00:00Z,DK2,188.33,15
2026-08-01T22:00:00Z,EE,145.43,15
2026-08-01T22:00:00Z,ES,182.17,15
2026-08-01T22:00:00Z,FI,23.15,15
2026-08-01T22:00:00Z,FR,182.17,15
2026-08-01T22:00:00Z,GR,150.65,15
2026-08-01T22:00:00Z,HR,189.16,15
2026-08-01T22:00:00Z,HU,188.98,15
2026-08-01T22:00:00Z,IT-CNorth,189.48,15
2026-08-01T22:00:00Z,IT-CSouth,189.48,15
2026-08-01T22:00:00Z,IT-North,189.48,15
2026-08-01T22:00:00Z,IT-Sardinia,189.48,15
2026-08-01T22:00:00Z,IT-Sicily,317.00,15
2026-08-01T22:00:00Z,IT-South,189.48,15
2026-08-01T22:00:00Z,LT,145.43,15
2026-08-01T22:00:00Z,LV,145.43,15
2026-08-01T22:00:00Z,NL,187.51,15
2026-08-01T22:00:00Z,NO1,116.65,15
2026-08-01T22:00:00Z,NO2,149.83,15
2026-08-01T22:00:00Z,NO3,85.93,15
2026-08-01T22:00:00Z,NO4,9.55,15
2026-08-01T22:00:00Z,NO5,126.68,15
2026-08-01T22:00:00Z,PL,188.72,15
2026-08-01T22:00:00Z,PT,182.17,15
2026-08-01T22:00:00Z,RO,189.01,15
2026-08-01T22:00:00Z,RS,171.00,15
2026-08-01T22:00:00Z,SE1,21.03,15
2026-08-01T22:00:00Z,SE2,24.44,15
2026-08-01T22:00:00Z,SE3,24.99,15
2026-08-01T22:00:00Z,SE4,25.30,15
2026-08-01T22:00:00Z,SI,189.20,15
2026-08-01T22:00:00Z,SK,188.89,15
2026-08-01T22:15:00Z,AT,171.30,15
2026-08-01T22:15:00Z,BE,170.15,15
2026-08-01T22:15:00Z,CZ,171.16,15
2026-08-01T22:15:00Z,DE-LU,170.98,15
2026-08-01T22:15:00Z,DK1,170.88,15
2026-08-01T22:15:00Z,DK2,170.95,15
2026-08-01T22:15:00Z,EE,109.88,15
2026-08-01T22:15:00Z,ES,177.15,15
2026-08-01T22:15:00Z,FI,21.30,15
2026-08-01T22:15:00Z,FR,168.06,15
2026-08-01T22:15:00Z,GR,150.65,15
2026-08-01T22:15:00Z,HR,171.33,15
2026-08-01T22:15:00Z,HU,171.25,15
2026-08-01T22:15:00Z,IT-CNorth,187.50,15
2026-08-01T22:15:00Z,IT-CSouth,187.50,15
2026-08-01T22:15:00Z,IT-North,187.50,15
2026-08-01T22:15:00Z,IT-Sardinia,187.50,15
2026-08-01T22:15:00Z,IT-Sicily,304.80,15
2026-08-01T22:15:00Z,IT-South,187.50,15
2026-08-01T22:15:00Z,LT,109.88,15
2026-08-01T22:15:00Z,LV,109.88,15
2026-08-01T22:15:00Z,NL,170.56,15
2026-08-01T22:15:00Z,NO1,116.22,15
2026-08-01T22:15:00Z,NO2,149.75,15
2026-08-01T22:15:00Z,NO3,82.35,15
2026-08-01T22:15:00Z,NO4,9.48,15
2026-08-01T22:15:00Z,NO5,126.27,15
2026-08-01T22:15:00Z,PL,171.13,15
2026-08-01T22:15:00Z,PT,177.15,15
2026-08-01T22:15:00Z,RO,171.26,15
2026-08-01T22:15:00Z,RS,171.00,15
2026-08-01T22:15:00Z,SE1,18.50,15
2026-08-01T22:15:00Z,SE2,21.36,15
2026-08-01T22:15:00Z,SE3,21.24,15
2026-08-01T22:15:00Z,SE4,21.19,15
2026-08-01T22:15:00Z,SI,171.35,15
2026-08-01T22:15:00Z,SK,171.21,15
2026-08-01T22:30:00Z,AT,161.10,15
2026-08-01T22:30:00Z,BE,161.10,15
2026-08-01T22:30:00Z,CZ,161.10,15
2026-08-01T22:30:00Z,DE-LU,161.10,15
2026-08-01T22:30:00Z,DK1,161.10,15
2026-08-01T22:30:00Z,DK2,161.10,15
2026-08-01T22:30:00Z,EE,92.68,15
2026-08-01T22:30:00Z,ES,176.82,15
2026-08-01T22:30:00Z,FI,19.05,15
2026-08-01T22:30:00Z,FR,161.10,15
2026-08-01T22:30:00Z,GR,150.65,15
2026-08-01T22:30:00Z,HR,161.10,15
2026-08-01T22:30:00Z,HU,161.10,15
2026-08-01T22:30:00Z,IT-CNorth,184.99,15
2026-08-01T22:30:00Z,IT-CSouth,184.99,15
2026-08-01T22:30:00Z,IT-North,184.99,15
2026-08-01T22:30:00Z,IT-Sardinia,184.99,15
2026-08-01T22:30:00Z,IT-Sicily,257.74,15
2026-08-01T22:30:00Z,IT-South,184.99,15
2026-08-01T22:30:00Z,LT,92.68,15
2026-08-01T22:30:00Z,LV,92.68,15
2026-08-01T22:30:00Z,NL,161.10,15
2026-08-01T22:30:00Z,NO1,116.08,15
2026-08-01T22:30:00Z,NO2,149.33,15
2026-08-01T22:30:00Z,NO3,81.43,15
2026-08-01T22:30:00Z,NO4,9.67,15
2026-08-01T22:30:00Z,NO5,126.09,15
2026-08-01T22:30:00Z,PL,161.10,15
2026-08-01T22:30:00Z,PT,176.82,15
2026-08-01T22:30:00Z,RO,161.10,15
2026-08-01T22:30:00Z,RS,171.00,15
2026-08-01T22:30:00Z,SE1,16.83,15
2026-08-01T22:30:00Z,SE2,19.11,15
2026-08-01T22:30:00Z,SE3,18.99,15
2026-08-01T22:30:00Z,SE4,18.95,15
2026-08-01T22:30:00Z,SI,161.10,15
2026-08-01T22:30:00Z,SK,161.10,15
2026-08-01T22:45:00Z,AT,160.77,15
2026-08-01T22:45:00Z,BE,150.95,15
2026-08-01T22:45:00Z,CZ,159.58,15
2026-08-01T22:45:00Z,DE-LU,158.02,15
2026-08-01T22:45:00Z,DK1,157.13,15
2026-08-01T22:45:00Z,DK2,157.74,15
2026-08-01T22:45:00Z,EE,52.00,15
2026-08-01T22:45:00Z,ES,174.60,15
2026-08-01T22:45:00Z,FI,16.52,15
2026-08-01T22:45:00Z,FR,133.15,15
2026-08-01T22:45:00Z,GR,160.47,15
2026-08-01T22:45:00Z,HR,161.03,15
2026-08-01T22:45:00Z,HU,160.30,15
2026-08-01T22:45:00Z,IT-CNorth,174.00,15
2026-08-01T22:45:00Z,IT-CSouth,174.00,15
2026-08-01T22:45:00Z,IT-North,174.00,15
2026-08-01T22:45:00Z,IT-Sardinia,174.00,15
2026-08-01T22:45:00Z,IT-Sicily,257.74,15
2026-08-01T22:45:00Z,IT-South,174.00,15
2026-08-01T22:45:00Z,LT,52.00,15
2026-08-01T22:45:00Z,LV,52.00,15
2026-08-01T22:45:00Z,NL,154.44,15
2026-08-01T22:45:00Z,NO1,117.78,15
2026-08-01T22:45:00Z,NO2,146.48,15
2026-08-01T22:45:00Z,NO3,81.41,15
2026-08-01T22:45:00Z,NO4,9.65,15
2026-08-01T22:45:00Z,NO5,126.71,15
2026-08-01T22:45:00Z,PL,159.26,15
2026-08-01T22:45:00Z,PT,174.60,15
2026-08-01T22:45:00Z,RO,160.43,15
2026-08-01T22:45:00Z,RS,171.00,15
2026-08-01T22:45:00Z,SE1,14.92,15
2026-08-01T22:45:00Z,SE2,16.58,15
2026-08-01T22:45:00Z,SE3,16.50,15
2026-08-01T22:45:00Z,SE4,16.46,15
2026-08-01T22:45:00Z,SI,161.19,15
2026-08-01T22:45:00Z,SK,159.96,15
2026-08-01T23:00:00Z,AT,160.86,15
2026-08-01T23:00:00Z,BE,160.86,15
2026-08-01T23:00:00Z,CH,161.36,60
2026-08-01T23:00:00Z,CZ,160.86,15
2026-08-01T23:00:00Z,DE-LU,160.86,15
2026-08-01T23:00:00Z,DK1,160.86,15
2026-08-01T23:00:00Z,DK2,160.86,15
2026-08-01T23:00:00Z,EE,77.47,15
2026-08-01T23:00:00Z,ES,174.50,15
2026-08-01T23:00:00Z,FI,20.04,15
2026-08-01T23:00:00Z,FR,160.86,15
2026-08-01T23:00:00Z,GR,149.84,15
2026-08-01T23:00:00Z,HR,160.86,15
2026-08-01T23:00:00Z,HU,160.86,15
2026-08-01T23:00:00Z,IT-CNorth,174.00,15
2026-08-01T23:00:00Z,IT-CSouth,174.00,15
2026-08-01T23:00:00Z,IT-North,174.00,15
2026-08-01T23:00:00Z,IT-Sardinia,174.00,15
2026-08-01T23:00:00Z,IT-Sicily,281.80,15
2026-08-01T23:00:00Z,IT-South,174.00,15
2026-08-01T23:00:00Z,LT,77.47,15
2026-08-01T23:00:00Z,LV,77.47,15
2026-08-01T23:00:00Z,NL,160.86,15
2026-08-01T23:00:00Z,NO1,117.53,15
2026-08-01T23:00:00Z,NO2,149.65,15
2026-08-01T23:00:00Z,NO3,82.60,15
2026-08-01T23:00:00Z,NO4,8.73,15
2026-08-01T23:00:00Z,NO5,127.11,15
2026-08-01T23:00:00Z,PL,160.86,15
2026-08-01T23:00:00Z,PT,174.50,15
2026-08-01T23:00:00Z,RO,160.86,15
2026-08-01T23:00:00Z,RS,154.00,15
2026-08-01T23:00:00Z,SE1,17.02,15
2026-08-01T23:00:00Z,SE2,20.08,15
2026-08-01T23:00:00Z,SE3,19.96,15
2026-08-01T23:00:00Z,SE4,19.91,15
2026-08-01T23:00:00Z,SI,160.86,15
2026-08-01T23:00:00Z,SK,160.86,15
2026-08-01T23:15:00Z,AT,156.81,15
2026-08-01T23:15:00Z,BE,156.81,15
2026-08-01T23:15:00Z,CZ,156.81,15
2026-08-01T23:15:00Z,DE-LU,156.81,15
2026-08-01T23:15:00Z,DK1,156.81,15
2026-08-01T23:15:00Z,DK2,156.81,15
2026-08-01T23:15:00Z,EE,51.01,15
2026-08-01T23:15:00Z,ES,174.12,15
2026-08-01T23:15:00Z,FI,19.97,15
2026-08-01T23:15:00Z,FR,156.81,15
2026-08-01T23:15:00Z,GR,150.65,15
2026-08-01T23:15:00Z,HR,156.81,15
2026-08-01T23:15:00Z,HU,156.81,15
2026-08-01T23:15:00Z,IT-CNorth,174.00,15
2026-08-01T23:15:00Z,IT-CSouth,174.00,15
2026-08-01T23:15:00Z,IT-North,174.00,15
2026-08-01T23:15:00Z,IT-Sardinia,174.00,15
2026-08-01T23:15:00Z,IT-Sicily,257.74,15
2026-08-01T23:15:00Z,IT-South,174.00,15
2026-08-01T23:15:00Z,LT,51.01,15
2026-08-01T23:15:00Z,LV,51.01,15
2026-08-01T23:15:00Z,NL,156.81,15
2026-08-01T23:15:00Z,NO1,118.72,15
2026-08-01T23:15:00Z,NO2,146.62,15
2026-08-01T23:15:00Z,NO3,83.14,15
2026-08-01T23:15:00Z,NO4,8.72,15
2026-08-01T23:15:00Z,NO5,127.27,15
2026-08-01T23:15:00Z,PL,156.81,15
2026-08-01T23:15:00Z,PT,174.12,15
2026-08-01T23:15:00Z,RO,156.81,15
2026-08-01T23:15:00Z,RS,154.00,15
2026-08-01T23:15:00Z,SE1,16.96,15
2026-08-01T23:15:00Z,SE2,20.01,15
2026-08-01T23:15:00Z,SE3,19.91,15
2026-08-01T23:15:00Z,SE4,19.86,15
2026-08-01T23:15:00Z,SI,156.81,15
2026-08-01T23:15:00Z,SK,156.81,15
2026-08-01T23:30:00Z,AT,162.01,15
2026-08-01T23:30:00Z,BE,162.01,15
2026-08-01T23:30:00Z,CZ,162.01,15
2026-08-01T23:30:00Z,DE-LU,162.01,15
2026-08-01T23:30:00Z,DK1,162.01,15
2026-08-01T23:30:00Z,DK2,162.01,15
2026-08-01T23:30:00Z,EE,19.22,15
2026-08-01T23:30:00Z,ES,173.88,15
2026-08-01T23:30:00Z,FI,19.20,15
2026-08-01T23:30:00Z,FR,162.01,15
2026-08-01T23:30:00Z,GR,162.01,15
2026-08-01T23:30:00Z,HR,162.01,15
2026-08-01T23:30:00Z,HU,162.01,15
2026-08-01T23:30:00Z,IT-CNorth,173.58,15
2026-08-01T23:30:00Z,IT-CSouth,173.58,15
2026-08-01T23:30:00Z,IT-North,173.58,15
2026-08-01T23:30:00Z,IT-Sardinia,173.58,15
2026-08-01T23:30:00Z,IT-Sicily,257.74,15
2026-08-01T23:30:00Z,IT-South,173.58,15
2026-08-01T23:30:00Z,LT,19.22,15
2026-08-01T23:30:00Z,LV,19.22,15
2026-08-01T23:30:00Z,NL,162.01,15
2026-08-01T23:30:00Z,NO1,116.73,15
2026-08-01T23:30:00Z,NO2,149.64,15
2026-08-01T23:30:00Z,NO3,81.87,15
2026-08-01T23:30:00Z,NO4,8.72,15
2026-08-01T23:30:00Z,NO5,126.51,15
2026-08-01T23:30:00Z,PL,162.01,15
2026-08-01T23:30:00Z,PT,173.88,15
2026-08-01T23:30:00Z,RO,162.01,15
2026-08-01T23:30:00Z,RS,154.00,15
2026-08-01T23:30:00Z,SE1,16.42,15
2026-08-01T23:30:00Z,SE2,19.25,15
2026-08-01T23:30:00Z,SE3,19.14,15
2026-08-01T23:30:00Z,SE4,19.09,15
2026-08-01T23:30:00Z,SI,162.01,15
2026-08-01T23:30:00Z,SK,162.01,15
2026-08-01T23:45:00Z,AT,160.57,15
2026-08-01T23:45:00Z,BE,158.50,15
2026-08-01T23:45:00Z,CZ,160.32,15
2026-08-01T23:45:00Z,DE-LU,159.98,15
2026-08-01T23:45:00Z,DK1,159.80,15
2026-08-01T23:45:00Z,DK2,159.93,15
2026-08-01T23:45:00Z,EE,17.53,15
2026-08-01T23:45:00Z,ES,171.66,15
2026-08-01T23:45:00Z,FI,17.52,15
2026-08-01T23:45:00Z,FR,154.74,15
2026-08-01T23:45:00Z,GR,160.51,15
2026-08-01T23:45:00Z,HR,160.63,15
2026-08-01T23:45:00Z,HU,160.47,15
2026-08-01T23:45:00Z,IT-CNorth,160.66,15
2026-08-01T23:45:00Z,IT-CSouth,160.66,15
2026-08-01T23:45:00Z,IT-North,160.66,15
2026-08-01T23:45:00Z,IT-Sardinia,160.66,15
2026-08-01T23:45:00Z,IT-Sicily,219.28,15
2026-08-01T23:45:00Z,IT-South,160.66,15
2026-08-01T23:45:00Z,LT,17.53,15
2026-08-01T23:45:00Z,LV,17.53,15
2026-08-01T23:45:00Z,NL,159.23,15
2026-08-01T23:45:00Z,NO1,116.88,15
2026-08-01T23:45:00Z,NO2,148.70,15
2026-08-01T23:45:00Z,NO3,81.30,15
2026-08-01T23:45:00Z,NO4,8.74,15
2026-08-01T23:45:00Z,NO5,126.42,15
2026-08-01T23:45:00Z,PL,160.25,15
2026-08-01T23:45:00Z,PT,171.66,15
2026-08-01T23:45:00Z,RO,160.50,15
2026-08-01T23:45:00Z,RS,154.00,15
2026-08-01T23:45:00Z,SE1,15.19,15
2026-08-01T23:45:00Z,SE2,17.57,15
2026-08-01T23:45:00Z,SE3,17.46,15
2026-08-01T23:45:00Z,SE4,17.41,15
2026-08-01T23:45:00Z,SI,160.66,15
2026-08-01T23:45:00Z,SK,160.40,15
