timestamp_utc,zone,price_eur_mwh,resolution_min
2026-02-09T00:00:00Z,AT,107.81,15
2026-02-09T00:00:00Z,BE,94.44,15
2026-02-09T00:00:00Z,CH,106.27,60
2026-02-09T00:00:00Z,CZ,101.87,15
2026-02-09T00:00:00Z,DE-LU,97.68,15
2026-02-09T00:00:00Z,DK1,97.74,15
2026-02-09T00:00:00Z,DK2,99.73,15
2026-02-09T00:00:00Z,EE,101.36,15
2026-02-09T00:00:00Z,ES,0.00,15
2026-02-09T00:00:00Z,FI,99.73,15
2026-02-09T00:00:00Z,FR,85.21,15
2026-02-09T00:00:00Z,GR,104.15,15
2026-02-09T00:00:00Z,HR,104.70,15
2026-02-09T00:00:00Z,HU,104.18,15
2026-02-09T00:00:00Z,IT-CNorth,112.50,15
2026-02-09T00:00:00Z,IT-CSouth,112.50,15
2026-02-09T00:00:00Z,IT-North,112.50,15
2026-02-09T00:00:00Z,IT-Sardinia,112.50,15
2026-02-09T00:00:00Z,IT-Sicily,112.50,15
2026-02-09T00:00:00Z,IT-South,112.50,15
2026-02-09T00:00:00Z,LT,101.36,15
2026-02-09T00:00:00Z,LV,101.36,15
2026-02-09T00:00:00Z,NL,95.92,15
2026-02-09T00:00:00Z,NO1,99.73,15
2026-02-09T00:00:00Z,NO2,99.73,15
2026-02-09T00:00:00Z,NO3,99.73,15
2026-02-09T00:00:00Z,NO4,99.73,15
2026-02-09T00:00:00Z,NO5,99.73,15
2026-02-09T00:00:00Z,PL,106.24,15
2026-02-09T00:00:00Z,PT,0.01,15
2026-02-09T00:00:00Z,RO,104.15,15
2026-02-09T00:00:00Z,RS,102.30,15
2026-02-09T00:00:00Z,SE1,99.73,15
2026-02-09T00:00:00Z,SE2,99.73,15
2026-02-09T00:00:00Z,SE3,99.73,15
2026-02-09T00:00:00Z,SE4,99.73,15
2026-02-09T00:00:00Z,SI,105.07,15
2026-02-09T00:00:00Z,SK,103.49,15
2026-02-09T00:15:00Z,AT,98.76,15
2026-02-09T00:15:00Z,BE,90.93,15
2026-02-09T00:15:00Z,CZ,97.25,15
2026-02-09T00:15:00Z,DE-LU,95.58,15
2026-02-09T00:15:00Z,DK1,95.65,15
2026-02-09T00:15:00Z,DK2,97.93,15
2026-02-09T00:15:00Z,EE,97.93,15
2026-02-09T00:15:00Z,ES,-3.00,15
2026-02-09T00:15:00Z,FI,97.93,15
2026-02-09T00:15:00Z,FR,77.49,15
2026-02-09T00:15:00Z,GR,98.12,15
2026-02-09T00:15:00Z,HR,98.54,15
2026-02-09T00:15:00Z,HU,98.04,15
2026-02-09T00:15:00Z,IT-CNorth,111.38,15
2026-02-09T00:15:00Z,IT-CSouth,111.38,15
2026-02-09T00:15:00Z,IT-North,111.38,15
2026-02-09T00:15:00Z,IT-Sardinia,111.38,15
2026-02-09T00:15:00Z,IT-Sicily,111.38,15
2026-02-09T00:15:00Z,IT-South,111.38,15
2026-02-09T00:15:00Z,LT,97.93,15
2026-02-09T00:15:00Z,LV,97.93,15
2026-02-09T00:15:00Z,NL,93.20,15
2026-02-09T00:15:00Z,NO1,97.93,15
2026-02-09T00:15:00Z,NO2,97.93,15
2026-02-09T00:15:00Z,NO3,97.93,15
2026-02-09T00:15:00Z,NO4,97.93,15
2026-02-09T00:15:00Z,NO5,97.93,15
2026-02-09T00:15:00Z,PL,103.45,15
2026-02-09T00:15:00Z,PT,0.00,15
2026-02-09T00:15:00Z,RO,98.12,15
2026-02-09T00:15:00Z,SE1,97.93,15
2026-02-09T00:15:00Z,SE2,97.93,15
2026-02-09T00:15:00Z,SE3,97.93,15
2026-02-09T00:15:00Z,SE4,97.93,15
2026-02-09T00:15:00Z,SI,98.75,15
2026-02-09T00:15:00Z,SK,97.74,15
2026-02-09T00:30:00Z,AT,97.33,15
2026-02-09T00:30:00Z,BE,91.05,15
2026-02-09T00:30:00Z,CZ,96.21,15
2026-02-09T00:30:00Z,DE-LU,94.90,15
2026-02-09T00:30:00Z,DK1,94.98,15
2026-02-09T00:30:00Z,DK2,97.31,15
2026-02-09T00:30:00Z,EE,97.31,15
2026-02-09T00:30:00Z,ES,-4.39,15
2026-02-09T00:30:00Z,FI,97.31,15
2026-02-09T00:30:00Z,FR,79.92,15
2026-02-09T00:30:00Z,GR,96.88,15
2026-02-09T00:30:00Z,HR,97.22,15
2026-02-09T00:30:00Z,HU,96.81,15
2026-02-09T00:30:00Z,IT-CNorth,108.18,15
2026-02-09T00:30:00Z,IT-CSouth,108.18,15
2026-02-09T00:30:00Z,IT-North,108.18,15
2026-02-09T00:30:00Z,IT-Sardinia,108.18,15
2026-02-09T00:30:00Z,IT-Sicily,108.18,15
2026-02-09T00:30:00Z,IT-South,108.18,15
2026-02-09T00:30:00Z,LT,97.31,15
2026-02-09T00:30:00Z,LV,97.31,15
2026-02-09T00:30:00Z,NL,92.94,15
2026-02-09T00:30:00Z,NO1,97.31,15
2026-02-09T00:30:00Z,NO2,97.31,15
2026-02-09T00:30:00Z,NO3,97.31,15
2026-02-09T00:30:00Z,NO4,97.31,15
2026-02-09T00:30:00Z,NO5,97.31,15
2026-02-09T00:30:00Z,PL,100.81,15
2026-02-09T00:30:00Z,RO,96.88,15
2026-02-09T00:30:00Z,SE1,97.31,15
2026-02-09T00:30:00Z,SE2,97.31,15
2026-02-09T00:30:00Z,SE3,97.31,15
2026-02-09T00:30:00Z,SE4,97.31,15
2026-02-09T00:30:00Z,SI,97.39,15
2026-02-09T00:30:00Z,SK,96.58,15
2026-02-09T00:45:00Z,AT,96.27,15
2026-02-09T00:45:00Z,BE,87.50,15
2026-02-09T00:45:00Z,CZ,95.25,15
2026-02-09T00:45:00Z,DE-LU,93.65,15
2026-02-09T00:45:00Z,DK1,93.72,15
2026-02-09T00:45:00Z,DK2,96.02,15
2026-02-09T00:45:00Z,EE,96.02,15
2026-02-09T00:45:00Z,ES,-6.00,15
2026-02-09T00:45:00Z,FI,96.02,15
2026-02-09T00:45:00Z,FR,69.71,15
2026-02-09T00:45:00Z,GR,96.06,15
2026-02-09T00:45:00Z,HR,96.56,15
2026-02-09T00:45:00Z,HU,95.94,15
2026-02-09T00:45:00Z,LT,96.02,15
2026-02-09T00:45:00Z,LV,96.02,15
2026-02-09T00:45:00Z,NL,90.53,15
2026-02-09T00:45:00Z,NO1,96.02,15
2026-02-09T00:45:00Z,NO2,96.02,15
2026-02-09T00:45:00Z,NO3,96.02,15
2026-02-09T00:45:00Z,NO4,96.02,15
2026-02-09T00:45:00Z,NO5,96.02,15
2026-02-09T00:45:00Z,PL,96.46,15
2026-02-09T00:45:00Z,RO,96.06,15
2026-02-09T00:45:00Z,SE1,96.02,15
2026-02-09T00:45:00Z,SE2,96.02,15
2026-02-09T00:45:00Z,SE3,96.02,15
2026-02-09T00:45:00Z,SE4,96.02,15
2026-02-09T00:45:00Z,SI,96.80,15
2026-02-09T00:45:00Z,SK,95.65,15
2026-02-09T01:00:00Z,AT,100.94,15
2026-02-09T01:00:00Z,BE,92.97,15
2026-02-09T01:00:00Z,CH,104.76,60
2026-02-09T01:00:00Z,CZ,97.70,15
2026-02-09T01:00:00Z,DE-LU,95.32,15
2026-02-09T01:00:00Z,DK1,95.39,15
2026-02-09T01:00:00Z,DK2,97.66,15
2026-02-09T01:00:00Z,EE,97.66,15
2026-02-09T01:00:00Z,FI,97.66,15
2026-02-09T01:00:00Z,FR,85.99,15
2026-02-09T01:00:00Z,GR,98.98,15
2026-02-09T01:00:00Z,HR,99.32,15
2026-02-09T01:00:00Z,HU,98.99,15
2026-02-09T01:00:00Z,LT,97.66,15
2026-02-09T01:00:00Z,LV,97.66,15
2026-02-09T01:00:00Z,NL,94.07,15
2026-02-09T01:00:00Z,NO1,97.66,15
2026-02-09T01:00:00Z,NO2,97.66,15
2026-02-09T01:00:00Z,NO3,97.66,15
2026-02-09T01:00:00Z,NO4,97.66,15
2026-02-09T01:00:00Z,NO5,97.66,15
2026-02-09T01:00:00Z,PL,101.42,15
2026-02-09T01:00:00Z,RO,98.98,15
2026-02-09T01:00:00Z,RS,73.51,15
2026-02-09T01:00:00Z,SE1,97.66,15
2026-02-09T01:00:00Z,SE2,97.66,15
2026-02-09T01:00:00Z,SE3,97.66,15
2026-02-09T01:00:00Z,SE4,97.66,15
2026-02-09T01:00:00Z,SI,99.55,15
2026-02-09T01:00:00Z,SK,98.58,15
2026-02-09T01:15:00Z,AT,97.63,15
2026-02-09T01:15:00Z,BE,89.39,15
2026-02-09T01:15:00Z,CZ,96.68,15
2026-02-09T01:15:00Z,DE-LU,95.17,15
2026-02-09T01:15:00Z,DK1,95.25,15
2026-02-09T01:15:00Z,DK2,97.52,15
2026-02-09T01:15:00Z,EE,97.52,15
2026-02-09T01:15:00Z,ES,-6.01,15
2026-02-09T01:15:00Z,FI,97.52,15
2026-02-09T01:15:00Z,FR,72.00,15
2026-02-09T01:15:00Z,GR,97.44,15
2026-02-09T01:15:00Z,HR,97.91,15
2026-02-09T01:15:00Z,HU,97.32,15
2026-02-09T01:15:00Z,LT,97.52,15
2026-02-09T01:15:00Z,LV,97.52,15
2026-02-09T01:15:00Z,NL,92.25,15
2026-02-09T01:15:00Z,NO1,97.52,15
2026-02-09T01:15:00Z,NO2,97.52,15
2026-02-09T01:15:00Z,NO3,97.52,15
2026-02-09T01:15:00Z,NO4,97.52,15
2026-02-09T01:15:00Z,NO5,97.52,15
2026-02-09T01:15:00Z,PL,97.72,15
2026-02-09T01:15:00Z,RO,97.44,15
2026-02-09T01:15:00Z,SE1,97.52,15
2026-02-09T01:15:00Z,SE2,97.52,15
2026-02-09T01:15:00Z,SE3,97.52,15
2026-02-09T01:15:00Z,SE4,97.52,15
2026-02-09T01:15:00Z,SI,98.13,15
2026-02-09T01:15:00Z,SK,97.05,15
2026-02-09T01:30:00Z,AT,99.72,15
2026-02-09T01:30:00Z,BE,89.04,15
2026-02-09T01:30:00Z,CZ,98.49,15
2026-02-09T01:30:00Z,DE-LU,96.54,15
2026-02-09T01:30:00Z,DK1,96.59,15
2026-02-09T01:30:00Z,DK2,98.26,15
2026-02-09T01:30:00Z,EE,98.26,15
2026-02-09T01:30:00Z,ES,-6.20,15
2026-02-09T01:30:00Z,FI,98.26,15
2026-02-09T01:30:00Z,FR,66.51,15
2026-02-09T01:30:00Z,GR,99.46,15
2026-02-09T01:30:00Z,HR,100.08,15
2026-02-09T01:30:00Z,HU,99.32,15
2026-02-09T01:30:00Z,LT,98.26,15
2026-02-09T01:30:00Z,LV,98.26,15
2026-02-09T01:30:00Z,NL,92.75,15
2026-02-09T01:30:00Z,NO1,98.26,15
2026-02-09T01:30:00Z,NO2,98.26,15
2026-02-09T01:30:00Z,NO3,98.26,15
2026-02-09T01:30:00Z,NO4,98.26,15
2026-02-09T01:30:00Z,NO5,98.26,15
2026-02-09T01:30:00Z,PL,98.26,15
2026-02-09T01:30:00Z,RO,99.46,15
2026-02-09T01:30:00Z,SE1,98.26,15
2026-02-09T01:30:00Z,SE2,98.26,15
2026-02-09T01:30:00Z,SE3,98.26,15
2026-02-09T01:30:00Z,SE4,98.26,15
2026-02-09T01:30:00Z,SI,100.36,15
2026-02-09T01:30:00Z,SK,98.96,15
2026-02-09T01:45:00Z,AT,101.55,15
2026-02-09T01:45:00Z,BE,82.20,15
2026-02-09T01:45:00Z,CZ,99.31,15
2026-02-09T01:45:00Z,DE-LU,95.78,15
2026-02-09T01:45:00Z,DK1,95.85,15
2026-02-09T01:45:00Z,DK2,98.04,15
2026-02-09T01:45:00Z,EE,98.90,15
2026-02-09T01:45:00Z,ES,-0.81,15
2026-02-09T01:45:00Z,FI,98.04,15
2026-02-09T01:45:00Z,FR,41.42,15
2026-02-09T01:45:00Z,GR,101.08,15
2026-02-09T01:45:00Z,HR,102.19,15
2026-02-09T01:45:00Z,HU,100.82,15
2026-02-09T01:45:00Z,LT,98.90,15
2026-02-09T01:45:00Z,LV,98.90,15
2026-02-09T01:45:00Z,NL,88.92,15
2026-02-09T01:45:00Z,NO1,98.04,15
2026-02-09T01:45:00Z,NO2,98.04,15
2026-02-09T01:45:00Z,NO3,98.04,15
2026-02-09T01:45:00Z,NO4,98.04,15
2026-02-09T01:45:00Z,NO5,98.04,15
2026-02-09T01:45:00Z,PL,99.27,15
2026-02-09T01:45:00Z,PT,-0.01,15
2026-02-09T01:45:00Z,RO,101.08,15
2026-02-09T01:45:00Z,SE1,98.04,15
2026-02-09T01:45:00Z,SE2,98.04,15
2026-02-09T01:45:00Z,SE3,98.04,15
2026-02-09T01:45:00Z,SE4,98.04,15
2026-02-09T01:45:00Z,SI,102.70,15
2026-02-09T01:45:00Z,SK,100.17,15
2026-02-09T02:00:00Z,AT,99.80,15
2026-02-09T02:00:00Z,BE,86.15,15
2026-02-09T02:00:00Z,CH,104.01,60
2026-02-09T02:00:00Z,CZ,98.22,15
2026-02-09T02:00:00Z,DE-LU,95.71,15
2026-02-09T02:00:00Z,DK1,95.78,15
2026-02-09T02:00:00Z,DK2,97.94,15
2026-02-09T02:00:00Z,EE,97.94,15
2026-02-09T02:00:00Z,ES,-2.00,15
2026-02-09T02:00:00Z,FI,97.94,15
2026-02-09T02:00:00Z,FR,57.17,15
2026-02-09T02:00:00Z,GR,99.48,15
2026-02-09T02:00:00Z,HR,100.26,15
2026-02-09T02:00:00Z,HU,99.29,15
2026-02-09T02:00:00Z,LT,97.94,15
2026-02-09T02:00:00Z,LV,97.94,15
2026-02-09T02:00:00Z,NL,90.94,15
2026-02-09T02:00:00Z,NO1,97.94,15
2026-02-09T02:00:00Z,NO2,97.94,15
2026-02-09T02:00:00Z,NO3,97.94,15
2026-02-09T02:00:00Z,NO4,97.94,15
2026-02-09T02:00:00Z,NO5,97.94,15
2026-02-09T02:00:00Z,PL,97.94,15
2026-02-09T02:00:00Z,RO,99.48,15
2026-02-09T02:00:00Z,RS,72.01,15
2026-02-09T02:00:00Z,SE1,97.94,15
2026-02-09T02:00:00Z,SE2,97.94,15
2026-02-09T02:00:00Z,SE3,97.94,15
2026-02-09T02:00:00Z,SE4,97.94,15
2026-02-09T02:00:00Z,SI,100.62,15
2026-02-09T02:00:00Z,SK,98.84,15
2026-02-09T02:15:00Z,AT,98.65,15
2026-02-09T02:15:00Z,BE,85.38,15
2026-02-09T02:15:00Z,CZ,97.11,15
2026-02-09T02:15:00Z,DE-LU,94.67,15
2026-02-09T02:15:00Z,DK1,94.74,15
2026-02-09T02:15:00Z,DK2,97.07,15
2026-02-09T02:15:00Z,EE,97.07,15
2026-02-09T02:15:00Z,ES,-4.00,15
2026-02-09T02:15:00Z,FI,97.07,15
2026-02-09T02:15:00Z,FR,57.23,15
2026-02-09T02:15:00Z,GR,98.33,15
2026-02-09T02:15:00Z,HR,99.09,15
2026-02-09T02:15:00Z,HU,98.15,15
2026-02-09T02:15:00Z,IT-CNorth,99.44,15
2026-02-09T02:15:00Z,IT-CSouth,99.44,15
2026-02-09T02:15:00Z,IT-North,99.44,15
2026-02-09T02:15:00Z,IT-Sardinia,99.44,15
2026-02-09T02:15:00Z,IT-Sicily,99.44,15
2026-02-09T02:15:00Z,IT-South,99.44,15
2026-02-09T02:15:00Z,LT,97.07,15
2026-02-09T02:15:00Z,LV,97.07,15
2026-02-09T02:15:00Z,NL,90.03,15
2026-02-09T02:15:00Z,NO1,97.07,15
2026-02-09T02:15:00Z,NO2,97.07,15
2026-02-09T02:15:00Z,NO3,97.07,15
2026-02-09T02:15:00Z,NO4,97.07,15
2026-02-09T02:15:00Z,NO5,97.07,15
2026-02-09T02:15:00Z,PL,97.72,15
2026-02-09T02:15:00Z,PT,-0.02,15
2026-02-09T02:15:00Z,RO,98.33,15
2026-02-09T02:15:00Z,SE1,97.07,15
2026-02-09T02:15:00Z,SE2,97.07,15
2026-02-09T02:15:00Z,SE3,97.07,15
2026-02-09T02:15:00Z,SE4,97.07,15
2026-02-09T02:15:00Z,SI,99.44,15
2026-02-09T02:15:00Z,SK,97.71,15
2026-02-09T02:30:00Z,AT,99.71,15
2026-02-09T02:30:00Z,BE,85.15,15
2026-02-09T02:30:00Z,CZ,98.02,15
2026-02-09T02:30:00Z,DE-LU,95.34,15
2026-02-09T02:30:00Z,DK1,95.41,15
2026-02-09T02:30:00Z,DK2,97.69,15
2026-02-09T02:30:00Z,EE,97.72,15
2026-02-09T02:30:00Z,ES,-3.03,15
2026-02-09T02:30:00Z,FI,97.69,15
2026-02-09T02:30:00Z,FR,54.24,15
2026-02-09T02:30:00Z,GR,99.36,15
2026-02-09T02:30:00Z,HR,100.20,15
2026-02-09T02:30:00Z,HU,99.16,15
2026-02-09T02:30:00Z,IT-CNorth,100.58,15
2026-02-09T02:30:00Z,IT-CSouth,100.58,15
2026-02-09T02:30:00Z,IT-North,100.58,15
2026-02-09T02:30:00Z,IT-Sardinia,100.58,15
2026-02-09T02:30:00Z,IT-Sicily,100.58,15
2026-02-09T02:30:00Z,IT-South,100.58,15
2026-02-09T02:30:00Z,LT,97.72,15
2026-02-09T02:30:00Z,LV,97.72,15
2026-02-09T02:30:00Z,NL,90.25,15
2026-02-09T02:30:00Z,NO1,97.69,15
2026-02-09T02:30:00Z,NO2,97.69,15
2026-02-09T02:30:00Z,NO3,97.69,15
2026-02-09T02:30:00Z,NO4,97.69,15
2026-02-09T02:30:00Z,NO5,97.69,15
2026-02-09T02:30:00Z,PT,-0.03,15
2026-02-09T02:30:00Z,RO,99.36,15
2026-02-09T02:30:00Z,SE1,97.69,15
2026-02-09T02:30:00Z,SE2,97.69,15
2026-02-09T02:30:00Z,SE3,97.69,15
2026-02-09T02:30:00Z,SE4,97.69,15
2026-02-09T02:30:00Z,SI,100.58,15
2026-02-09T02:30:00Z,SK,98.67,15
2026-02-09T02:45:00Z,AT,101.62,15
2026-02-09T02:45:00Z,BE,83.37,15
2026-02-09T02:45:00Z,CZ,99.51,15
2026-02-09T02:45:00Z,DE-LU,96.15,15
2026-02-09T02:45:00Z,DK1,96.22,15
2026-02-09T02:45:00Z,DK2,98.51,15
2026-02-09T02:45:00Z,EE,99.12,15
2026-02-09T02:45:00Z,ES,-4.00,15
2026-02-09T02:45:00Z,FI,98.51,15
2026-02-09T02:45:00Z,FR,44.62,15
2026-02-09T02:45:00Z,GR,101.18,15
2026-02-09T02:45:00Z,HR,102.23,15
2026-02-09T02:45:00Z,HU,100.93,15
2026-02-09T02:45:00Z,IT-CNorth,102.71,15
2026-02-09T02:45:00Z,IT-CSouth,102.71,15
2026-02-09T02:45:00Z,IT-North,102.71,15
2026-02-09T02:45:00Z,IT-Sardinia,102.71,15
2026-02-09T02:45:00Z,IT-Sicily,102.71,15
2026-02-09T02:45:00Z,IT-South,102.71,15
2026-02-09T02:45:00Z,LT,99.12,15
2026-02-09T02:45:00Z,LV,99.12,15
2026-02-09T02:45:00Z,NL,89.77,15
2026-02-09T02:45:00Z,NO1,98.51,15
2026-02-09T02:45:00Z,NO2,98.51,15
2026-02-09T02:45:00Z,NO3,98.51,15
2026-02-09T02:45:00Z,NO4,98.51,15
2026-02-09T02:45:00Z,NO5,98.51,15
2026-02-09T02:45:00Z,PL,99.12,15
2026-02-09T02:45:00Z,RO,101.18,15
2026-02-09T02:45:00Z,SE1,98.51,15
2026-02-09T02:45:00Z,SE2,98.51,15
2026-02-09T02:45:00Z,SE3,98.51,15
2026-02-09T02:45:00Z,SE4,98.51,15
2026-02-09T02:45:00Z,SI,102.71,15
2026-02-09T02:45:00Z,SK,100.32,15
2026-02-09T03:00:00Z,AT,97.94,15
2026-02-09T03:00:00Z,BE,82.70,15
2026-02-09T03:00:00Z,CH,105.24,60
2026-02-09T03:00:00Z,CZ,96.17,15
2026-02-09T03:00:00Z,DE-LU,93.42,15
2026-02-09T03:00:00Z,DK1,93.49,15
2026-02-09T03:00:00Z,DK2,95.79,15
2026-02-09T03:00:00Z,EE,95.79,15
2026-02-09T03:00:00Z,FI,95.79,15
2026-02-09T03:00:00Z,FR,50.17,15
2026-02-09T03:00:00Z,GR,97.57,15
2026-02-09T03:00:00Z,HR,98.44,15
2026-02-09T03:00:00Z,HU,97.36,15
2026-02-09T03:00:00Z,IT-CNorth,98.85,15
2026-02-09T03:00:00Z,IT-CSouth,98.85,15
2026-02-09T03:00:00Z,IT-North,98.85,15
2026-02-09T03:00:00Z,IT-Sardinia,98.85,15
2026-02-09T03:00:00Z,IT-Sicily,98.85,15
2026-02-09T03:00:00Z,IT-South,98.85,15
2026-02-09T03:00:00Z,LT,95.79,15
2026-02-09T03:00:00Z,LV,95.79,15
2026-02-09T03:00:00Z,NL,87.87,15
2026-02-09T03:00:00Z,NO1,95.79,15
2026-02-09T03:00:00Z,NO2,95.79,15
2026-02-09T03:00:00Z,NO3,95.79,15
2026-02-09T03:00:00Z,NO4,95.79,15
2026-02-09T03:00:00Z,NO5,95.79,15
2026-02-09T03:00:00Z,PL,95.85,15
2026-02-09T03:00:00Z,RO,97.57,15
2026-02-09T03:00:00Z,RS,54.92,15
2026-02-09T03:00:00Z,SE1,95.79,15
2026-02-09T03:00:00Z,SE2,95.79,15
2026-02-09T03:00:00Z,SE3,95.79,15
2026-02-09T03:00:00Z,SE4,95.79,15
2026-02-09T03:00:00Z,SI,98.85,15
2026-02-09T03:00:00Z,SK,96.85,15
2026-02-09T03:15:00Z,AT,99.95,15
2026-02-09T03:15:00Z,BE,83.65,15
2026-02-09T03:15:00Z,CZ,98.06,15
2026-02-09T03:15:00Z,DE-LU,95.12,15
2026-02-09T03:15:00Z,DK1,95.19,15
2026-02-09T03:15:00Z,DK2,97.53,15
2026-02-09T03:15:00Z,EE,97.53,15
2026-02-09T03:15:00Z,FI,97.53,15
2026-02-09T03:15:00Z,FR,48.85,15
2026-02-09T03:15:00Z,GR,99.56,15
2026-02-09T03:15:00Z,HR,100.49,15
2026-02-09T03:15:00Z,HU,99.33,15
2026-02-09T03:15:00Z,IT-CNorth,100.93,15
2026-02-09T03:15:00Z,IT-CSouth,100.93,15
2026-02-09T03:15:00Z,IT-North,100.93,15
2026-02-09T03:15:00Z,IT-Sardinia,100.93,15
2026-02-09T03:15:00Z,IT-Sicily,100.93,15
2026-02-09T03:15:00Z,IT-South,100.93,15
2026-02-09T03:15:00Z,LT,97.53,15
2026-02-09T03:15:00Z,LV,97.53,15
2026-02-09T03:15:00Z,NL,89.18,15
2026-02-09T03:15:00Z,NO1,97.53,15
2026-02-09T03:15:00Z,NO2,97.53,15
2026-02-09T03:15:00Z,NO3,97.53,15
2026-02-09T03:15:00Z,NO4,97.53,15
2026-02-09T03:15:00Z,NO5,97.53,15
2026-02-09T03:15:00Z,PL,97.72,15
2026-02-09T03:15:00Z,RO,99.56,15
2026-02-09T03:15:00Z,SE1,97.53,15
2026-02-09T03:15:00Z,SE2,97.53,15
2026-02-09T03:15:00Z,SE3,97.53,15
2026-02-09T03:15:00Z,SE4,97.53,15
2026-02-09T03:15:00Z,SI,100.93,15
2026-02-09T03:15:00Z,SK,98.79,15
2026-02-09T03:30:00Z,AT,102.25,15
2026-02-09T03:30:00Z,BE,83.88,15
2026-02-09T03:30:00Z,CZ,100.13,15
2026-02-09T03:30:00Z,DE-LU,96.81,15
2026-02-09T03:30:00Z,DK1,96.88,15
2026-02-09T03:30:00Z,DK2,99.19,15
2026-02-09T03:30:00Z,EE,99.74,15
2026-02-09T03:30:00Z,ES,-4.10,15
2026-02-09T03:30:00Z,FI,99.19,15
2026-02-09T03:30:00Z,FR,44.65,15
2026-02-09T03:30:00Z,GR,101.81,15
2026-02-09T03:30:00Z,HR,102.86,15
2026-02-09T03:30:00Z,HU,101.56,15
2026-02-09T03:30:00Z,IT-CNorth,103.36,15
2026-02-09T03:30:00Z,IT-CSouth,103.36,15
2026-02-09T03:30:00Z,IT-North,103.36,15
2026-02-09T03:30:00Z,IT-Sardinia,103.36,15
2026-02-09T03:30:00Z,IT-Sicily,103.36,15
2026-02-09T03:30:00Z,IT-South,103.36,15
2026-02-09T03:30:00Z,LT,99.74,15
2026-02-09T03:30:00Z,LV,99.74,15
2026-02-09T03:30:00Z,NL,90.11,15
2026-02-09T03:30:00Z,NO1,99.19,15
2026-02-09T03:30:00Z,NO2,99.19,15
2026-02-09T03:30:00Z,NO3,99.19,15
2026-02-09T03:30:00Z,NO4,99.19,15
2026-02-09T03:30:00Z,NO5,99.19,15
2026-02-09T03:30:00Z,PL,99.74,15
2026-02-09T03:30:00Z,PT,-0.01,15
2026-02-09T03:30:00Z,RO,101.81,15
2026-02-09T03:30:00Z,SE1,99.19,15
2026-02-09T03:30:00Z,SE2,99.19,15
2026-02-09T03:30:00Z,SE3,99.19,15
2026-02-09T03:30:00Z,SE4,99.19,15
2026-02-09T03:30:00Z,SI,103.36,15
2026-02-09T03:30:00Z,SK,100.95,15
2026-02-09T03:45:00Z,AT,105.56,15
2026-02-09T03:45:00Z,BE,89.86,15
2026-02-09T03:45:00Z,CZ,103.74,15
2026-02-09T03:45:00Z,DE-LU,100.91,15
2026-02-09T03:45:00Z,DK1,100.91,15
2026-02-09T03:45:00Z,DK2,100.91,15
2026-02-09T03:45:00Z,EE,100.90,15
2026-02-09T03:45:00Z,ES,-9.40,15
2026-02-09T03:45:00Z,FI,100.90,15
2026-02-09T03:45:00Z,FR,56.34,15
2026-02-09T03:45:00Z,GR,105.18,15
2026-02-09T03:45:00Z,HR,106.08,15
2026-02-09T03:45:00Z,HU,104.96,15
2026-02-09T03:45:00Z,IT-CNorth,106.50,15
2026-02-09T03:45:00Z,IT-CSouth,106.50,15
2026-02-09T03:45:00Z,IT-North,106.50,15
2026-02-09T03:45:00Z,IT-Sardinia,106.50,15
2026-02-09T03:45:00Z,IT-Sicily,106.50,15
2026-02-09T03:45:00Z,IT-South,106.50,15
2026-02-09T03:45:00Z,LT,100.90,15
2026-02-09T03:45:00Z,LV,100.90,15
2026-02-09T03:45:00Z,NL,95.18,15
2026-02-09T03:45:00Z,NO1,100.90,15
2026-02-09T03:45:00Z,NO2,100.44,15
2026-02-09T03:45:00Z,NO3,100.87,15
2026-02-09T03:45:00Z,NO4,100.89,15
2026-02-09T03:45:00Z,NO5,100.80,15
2026-02-09T03:45:00Z,PL,103.41,15
2026-02-09T03:45:00Z,PT,0.00,15
2026-02-09T03:45:00Z,RO,105.18,15
2026-02-09T03:45:00Z,SE1,100.90,15
2026-02-09T03:45:00Z,SE2,100.90,15
2026-02-09T03:45:00Z,SE3,100.90,15
2026-02-09T03:45:00Z,SE4,100.91,15
2026-02-09T03:45:00Z,SI,106.50,15
2026-02-09T03:45:00Z,SK,104.44,15
2026-02-09T04:00:00Z,AT,98.59,15
2026-02-09T04:00:00Z,BE,88.64,15
2026-02-09T04:00:00Z,CH,111.40,60
2026-02-09T04:00:00Z,CZ,97.44,15
2026-02-09T04:00:00Z,DE-LU,95.70,15
2026-02-09T04:00:00Z,DK1,95.75,15
2026-02-09T04:00:00Z,DK2,97.24,15
2026-02-09T04:00:00Z,EE,97.24,15
2026-02-09T04:00:00Z,ES,-6.01,15
2026-02-09T04:00:00Z,FI,97.24,15
2026-02-09T04:00:00Z,FR,67.51,15
2026-02-09T04:00:00Z,GR,98.35,15
2026-02-09T04:00:00Z,HR,98.92,15
2026-02-09T04:00:00Z,HU,98.22,15
2026-02-09T04:00:00Z,IT-CNorth,108.18,15
2026-02-09T04:00:00Z,IT-CSouth,108.18,15
2026-02-09T04:00:00Z,IT-North,108.18,15
2026-02-09T04:00:00Z,IT-Sardinia,108.18,15
2026-02-09T04:00:00Z,IT-Sicily,108.18,15
2026-02-09T04:00:00Z,IT-South,108.18,15
2026-02-09T04:00:00Z,LT,97.24,15
2026-02-09T04:00:00Z,LV,97.24,15
2026-02-09T04:00:00Z,NL,91.87,15
2026-02-09T04:00:00Z,NO1,97.24,15
2026-02-09T04:00:00Z,NO2,97.24,15
2026-02-09T04:00:00Z,NO3,97.24,15
2026-02-09T04:00:00Z,NO4,97.24,15
2026-02-09T04:00:00Z,NO5,97.24,15
2026-02-09T04:00:00Z,PL,97.24,15
2026-02-09T04:00:00Z,RO,98.35,15
2026-02-09T04:00:00Z,RS,59.00,15
2026-02-09T04:00:00Z,SE1,97.24,15
2026-02-09T04:00:00Z,SE2,97.24,15
2026-02-09T04:00:00Z,SE3,97.24,15
2026-02-09T04:00:00Z,SE4,97.24,15
2026-02-09T04:00:00Z,SI,99.19,15
2026-02-09T04:00:00Z,SK,97.89,15
2026-02-09T04:15:00Z,AT,104.38,15
2026-02-09T04:15:00Z,BE,92.69,15
2026-02-09T04:15:00Z,CZ,103.02,15
2026-02-09T04:15:00Z,DE-LU,100.99,15
2026-02-09T04:15:00Z,DK1,100.99,15
2026-02-09T04:15:00Z,DK2,100.99,15
2026-02-09T04:15:00Z,EE,102.79,15
2026-02-09T04:15:00Z,ES,-6.00,15
2026-02-09T04:15:00Z,FI,100.99,15
2026-02-09T04:15:00Z,FR,67.90,15
2026-02-09T04:15:00Z,GR,104.10,15
2026-02-09T04:15:00Z,HR,104.76,15
2026-02-09T04:15:00Z,HU,103.94,15
2026-02-09T04:15:00Z,LT,102.79,15
2026-02-09T04:15:00Z,LV,102.79,15
2026-02-09T04:15:00Z,NL,96.48,15
2026-02-09T04:15:00Z,NO1,100.99,15
2026-02-09T04:15:00Z,NO2,100.99,15
2026-02-09T04:15:00Z,NO3,100.99,15
2026-02-09T04:15:00Z,NO4,100.99,15
2026-02-09T04:15:00Z,NO5,100.99,15
2026-02-09T04:15:00Z,PL,102.79,15
2026-02-09T04:15:00Z,RO,104.10,15
2026-02-09T04:15:00Z,SE1,100.99,15
2026-02-09T04:15:00Z,SE2,100.99,15
2026-02-09T04:15:00Z,SE3,100.99,15
2026-02-09T04:15:00Z,SE4,100.99,15
2026-02-09T04:15:00Z,SI,105.08,15
2026-02-09T04:15:00Z,SK,103.55,15
2026-02-09T04:30:00Z,AT,108.95,15
2026-02-09T04:30:00Z,BE,97.58,15
2026-02-09T04:30:00Z,CZ,107.64,15
2026-02-09T04:30:00Z,DE-LU,105.65,15
2026-02-09T04:30:00Z,DK1,105.65,15
2026-02-09T04:30:00Z,DK2,105.65,15
2026-02-09T04:30:00Z,EE,107.41,15
2026-02-09T04:30:00Z,FI,105.63,15
2026-02-09T04:30:00Z,FR,73.44,15
2026-02-09T04:30:00Z,GR,108.68,15
2026-02-09T04:30:00Z,HR,109.33,15
2026-02-09T04:30:00Z,HU,108.52,15
2026-02-09T04:30:00Z,IT-CNorth,109.64,15
2026-02-09T04:30:00Z,IT-CSouth,109.64,15
2026-02-09T04:30:00Z,IT-North,109.64,15
2026-02-09T04:30:00Z,IT-Sardinia,109.64,15
2026-02-09T04:30:00Z,IT-Sicily,109.64,15
2026-02-09T04:30:00Z,IT-South,109.64,15
2026-02-09T04:30:00Z,LT,107.41,15
2026-02-09T04:30:00Z,LV,107.41,15
2026-02-09T04:30:00Z,NL,101.27,15
2026-02-09T04:30:00Z,NO1,105.60,15
2026-02-09T04:30:00Z,NO2,102.69,15
2026-02-09T04:30:00Z,NO3,105.44,15
2026-02-09T04:30:00Z,NO4,105.58,15
2026-02-09T04:30:00Z,NO5,105.00,15
2026-02-09T04:30:00Z,PL,107.41,15
2026-02-09T04:30:00Z,RO,108.68,15
2026-02-09T04:30:00Z,SE1,105.62,15
2026-02-09T04:30:00Z,SE2,105.63,15
2026-02-09T04:30:00Z,SE3,105.64,15
2026-02-09T04:30:00Z,SE4,105.65,15
2026-02-09T04:30:00Z,SI,109.64,15
2026-02-09T04:30:00Z,SK,108.15,15
2026-02-09T04:45:00Z,AT,122.98,15
2026-02-09T04:45:00Z,BE,107.61,15
2026-02-09T04:45:00Z,CZ,119.91,15
2026-02-09T04:45:00Z,DE-LU,116.60,15
2026-02-09T04:45:00Z,DK1,116.60,15
2026-02-09T04:45:00Z,DK2,116.60,15
2026-02-09T04:45:00Z,EE,119.53,15
2026-02-09T04:45:00Z,ES,-4.10,15
2026-02-09T04:45:00Z,FI,116.52,15
2026-02-09T04:45:00Z,FR,78.75,15
2026-02-09T04:45:00Z,GR,121.68,15
2026-02-09T04:45:00Z,HR,122.53,15
2026-02-09T04:45:00Z,HU,121.51,15
2026-02-09T04:45:00Z,IT-CNorth,122.98,15
2026-02-09T04:45:00Z,IT-CSouth,122.98,15
2026-02-09T04:45:00Z,IT-North,122.98,15
2026-02-09T04:45:00Z,IT-Sardinia,122.98,15
2026-02-09T04:45:00Z,IT-Sicily,122.98,15
2026-02-09T04:45:00Z,IT-South,122.98,15
2026-02-09T04:45:00Z,LT,119.53,15
2026-02-09T04:45:00Z,LV,119.53,15
2026-02-09T04:45:00Z,NL,110.00,15
2026-02-09T04:45:00Z,NO1,116.40,15
2026-02-09T04:45:00Z,NO2,104.41,15
2026-02-09T04:45:00Z,NO3,115.72,15
2026-02-09T04:45:00Z,NO4,116.29,15
2026-02-09T04:45:00Z,NO5,113.92,15
2026-02-09T04:45:00Z,PL,119.53,15
2026-02-09T04:45:00Z,RO,121.68,15
2026-02-09T04:45:00Z,SE1,116.47,15
2026-02-09T04:45:00Z,SE2,116.49,15
2026-02-09T04:45:00Z,SE3,116.57,15
2026-02-09T04:45:00Z,SE4,116.59,15
2026-02-09T04:45:00Z,SI,122.98,15
2026-02-09T04:45:00Z,SK,120.91,15
2026-02-09T05:00:00Z,AT,112.29,15
2026-02-09T05:00:00Z,BE,97.92,15
2026-02-09T05:00:00Z,CH,134.10,60
2026-02-09T05:00:00Z,CZ,108.68,15
2026-02-09T05:00:00Z,DE-LU,105.00,15
2026-02-09T05:00:00Z,DK1,105.00,15
2026-02-09T05:00:00Z,DK2,105.71,15
2026-02-09T05:00:00Z,EE,186.35,15
2026-02-09T05:00:00Z,ES,0.00,15
2026-02-09T05:00:00Z,FI,105.70,15
2026-02-09T05:00:00Z,FR,77.27,15
2026-02-09T05:00:00Z,GR,110.74,15
2026-02-09T05:00:00Z,HR,111.49,15
2026-02-09T05:00:00Z,HU,110.67,15
2026-02-09T05:00:00Z,IT-CNorth,123.32,15
2026-02-09T05:00:00Z,IT-CSouth,123.32,15
2026-02-09T05:00:00Z,IT-North,123.32,15
2026-02-09T05:00:00Z,IT-Sardinia,123.32,15
2026-02-09T05:00:00Z,IT-Sicily,123.32,15
2026-02-09T05:00:00Z,IT-South,123.32,15
2026-02-09T05:00:00Z,LT,186.35,15
2026-02-09T05:00:00Z,LV,186.35,15
2026-02-09T05:00:00Z,NL,101.27,15
2026-02-09T05:00:00Z,NO1,105.69,15
2026-02-09T05:00:00Z,NO2,104.18,15
2026-02-09T05:00:00Z,NO3,105.60,15
2026-02-09T05:00:00Z,NO4,105.67,15
2026-02-09T05:00:00Z,NO5,105.37,15
2026-02-09T05:00:00Z,PL,108.20,15
2026-02-09T05:00:00Z,PT,0.01,15
2026-02-09T05:00:00Z,RO,110.74,15
2026-02-09T05:00:00Z,RS,114.04,15
2026-02-09T05:00:00Z,SE1,105.70,15
2026-02-09T05:00:00Z,SE2,105.70,15
2026-02-09T05:00:00Z,SE3,105.71,15
2026-02-09T05:00:00Z,SE4,105.71,15
2026-02-09T05:00:00Z,SI,111.89,15
2026-02-09T05:00:00Z,SK,110.00,15
2026-02-09T05:15:00Z,AT,125.59,15
2026-02-09T05:15:00Z,BE,111.72,15
2026-02-09T05:15:00Z,CZ,123.60,15
2026-02-09T05:15:00Z,DE-LU,121.37,15
2026-02-09T05:15:00Z,DK1,121.37,15
2026-02-09T05:15:00Z,DK2,120.66,15
2026-02-09T05:15:00Z,EE,282.50,15
2026-02-09T05:15:00Z,ES,-6.00,15
2026-02-09T05:15:00Z,FI,125.61,15
2026-02-09T05:15:00Z,FR,83.37,15
2026-02-09T05:15:00Z,GR,124.84,15
2026-02-09T05:15:00Z,HR,125.62,15
2026-02-09T05:15:00Z,HU,124.65,15
2026-02-09T05:15:00Z,IT-CNorth,125.96,15
2026-02-09T05:15:00Z,IT-CSouth,125.96,15
2026-02-09T05:15:00Z,IT-North,125.96,15
2026-02-09T05:15:00Z,IT-Sardinia,125.96,15
2026-02-09T05:15:00Z,IT-Sicily,125.96,15
2026-02-09T05:15:00Z,IT-South,125.96,15
2026-02-09T05:15:00Z,LT,282.50,15
2026-02-09T05:15:00Z,LV,282.50,15
2026-02-09T05:15:00Z,NL,116.41,15
2026-02-09T05:15:00Z,NO1,119.46,15
2026-02-09T05:15:00Z,NO2,116.92,15
2026-02-09T05:15:00Z,NO3,116.82,15
2026-02-09T05:15:00Z,NO4,113.59,15
2026-02-09T05:15:00Z,NO5,118.67,15
2026-02-09T05:15:00Z,PL,123.30,15
2026-02-09T05:15:00Z,RO,124.84,15
2026-02-09T05:15:00Z,SE1,117.92,15
2026-02-09T05:15:00Z,SE2,115.92,15
2026-02-09T05:15:00Z,SE3,120.90,15
2026-02-09T05:15:00Z,SE4,120.70,15
2026-02-09T05:15:00Z,SI,125.96,15
2026-02-09T05:15:00Z,SK,124.20,15
2026-02-09T05:30:00Z,AT,140.78,15
2026-02-09T05:30:00Z,BE,125.64,15
2026-02-09T05:30:00Z,CZ,138.61,15
2026-02-09T05:30:00Z,DE-LU,136.18,15
2026-02-09T05:30:00Z,DK1,134.44,15
2026-02-09T05:30:00Z,DK2,134.44,15
2026-02-09T05:30:00Z,EE,141.46,15
2026-02-09T05:30:00Z,ES,0.90,15
2026-02-09T05:30:00Z,FI,141.45,15
2026-02-09T05:30:00Z,FR,94.66,15
2026-02-09T05:30:00Z,GR,139.96,15
2026-02-09T05:30:00Z,HR,140.81,15
2026-02-09T05:30:00Z,HU,139.75,15
2026-02-09T05:30:00Z,IT-CNorth,133.05,15
2026-02-09T05:30:00Z,IT-CSouth,133.05,15
2026-02-09T05:30:00Z,IT-North,133.05,15
2026-02-09T05:30:00Z,IT-Sardinia,133.05,15
2026-02-09T05:30:00Z,IT-Sicily,133.05,15
2026-02-09T05:30:00Z,IT-South,133.05,15
2026-02-09T05:30:00Z,LT,141.46,15
2026-02-09T05:30:00Z,LV,141.46,15
2026-02-09T05:30:00Z,NL,130.75,15
2026-02-09T05:30:00Z,NO1,134.14,15
2026-02-09T05:30:00Z,NO2,129.35,15
2026-02-09T05:30:00Z,NO3,133.52,15
2026-02-09T05:30:00Z,NO4,132.33,15
2026-02-09T05:30:00Z,NO5,133.11,15
2026-02-09T05:30:00Z,PL,138.28,15
2026-02-09T05:30:00Z,PT,0.02,15
2026-02-09T05:30:00Z,RO,139.96,15
2026-02-09T05:30:00Z,SE1,135.86,15
2026-02-09T05:30:00Z,SE2,134.49,15
2026-02-09T05:30:00Z,SE3,134.53,15
2026-02-09T05:30:00Z,SE4,134.46,15
2026-02-09T05:30:00Z,SI,141.19,15
2026-02-09T05:30:00Z,SK,139.27,15
2026-02-09T05:45:00Z,AT,173.23,15
2026-02-09T05:45:00Z,BE,150.73,15
2026-02-09T05:45:00Z,CZ,170.00,15
2026-02-09T05:45:00Z,DE-LU,166.39,15
2026-02-09T05:45:00Z,DK1,165.63,15
2026-02-09T05:45:00Z,DK2,164.94,15
2026-02-09T05:45:00Z,EE,169.52,15
2026-02-09T05:45:00Z,ES,0.00,15
2026-02-09T05:45:00Z,FI,166.50,15
2026-02-09T05:45:00Z,FR,104.72,15
2026-02-09T05:45:00Z,GR,146.80,15
2026-02-09T05:45:00Z,HR,173.27,15
2026-02-09T05:45:00Z,HU,171.70,15
2026-02-09T05:45:00Z,IT-CNorth,140.00,15
2026-02-09T05:45:00Z,IT-CSouth,140.00,15
2026-02-09T05:45:00Z,IT-North,140.00,15
2026-02-09T05:45:00Z,IT-Sardinia,140.00,15
2026-02-09T05:45:00Z,IT-Sicily,140.00,15
2026-02-09T05:45:00Z,IT-South,140.00,15
2026-02-09T05:45:00Z,LT,169.52,15
2026-02-09T05:45:00Z,LV,169.52,15
2026-02-09T05:45:00Z,NL,158.33,15
2026-02-09T05:45:00Z,NO1,161.71,15
2026-02-09T05:45:00Z,NO2,159.20,15
2026-02-09T05:45:00Z,NO3,154.45,15
2026-02-09T05:45:00Z,NO4,146.91,15
2026-02-09T05:45:00Z,NO5,160.45,15
2026-02-09T05:45:00Z,PL,169.52,15
2026-02-09T05:45:00Z,PT,0.03,15
2026-02-09T05:45:00Z,RO,172.01,15
2026-02-09T05:45:00Z,SE1,153.52,15
2026-02-09T05:45:00Z,SE2,149.99,15
2026-02-09T05:45:00Z,SE3,165.50,15
2026-02-09T05:45:00Z,SE4,165.05,15
2026-02-09T05:45:00Z,SI,173.84,15
2026-02-09T05:45:00Z,SK,170.98,15
2026-02-09T06:00:00Z,AT,142.64,15
2026-02-09T06:00:00Z,BE,124.03,15
2026-02-09T06:00:00Z,CH,149.78,60
2026-02-09T06:00:00Z,CZ,140.00,15
2026-02-09T06:00:00Z,DE-LU,137.14,15
2026-02-09T06:00:00Z,DK1,137.22,15
2026-02-09T06:00:00Z,DK2,140.32,15
2026-02-09T06:00:00Z,EE,149.39,15
2026-02-09T06:00:00Z,ES,-6.00,15
2026-02-09T06:00:00Z,FI,149.33,15
2026-02-09T06:00:00Z,FR,83.99,15
2026-02-09T06:00:00Z,GR,141.59,15
2026-02-09T06:00:00Z,HR,142.63,15
2026-02-09T06:00:00Z,HU,141.36,15
2026-02-09T06:00:00Z,LT,149.39,15
2026-02-09T06:00:00Z,LV,149.39,15
2026-02-09T06:00:00Z,NL,129.99,15
2026-02-09T06:00:00Z,NO1,134.18,15
2026-02-09T06:00:00Z,NO2,134.84,15
2026-02-09T06:00:00Z,NO3,120.61,15
2026-02-09T06:00:00Z,NO4,105.01,15
2026-02-09T06:00:00Z,NO5,132.92,15
2026-02-09T06:00:00Z,PL,139.55,15
2026-02-09T06:00:00Z,PT,0.59,15
2026-02-09T06:00:00Z,RO,141.59,15
2026-02-09T06:00:00Z,RS,139.03,15
2026-02-09T06:00:00Z,SE1,118.31,15
2026-02-09T06:00:00Z,SE2,112.48,15
2026-02-09T06:00:00Z,SE3,141.47,15
2026-02-09T06:00:00Z,SE4,140.52,15
2026-02-09T06:00:00Z,SI,143.07,15
2026-02-09T06:00:00Z,SK,140.78,15
2026-02-09T06:15:00Z,AT,164.17,15
2026-02-09T06:15:00Z,BE,146.79,15
2026-02-09T06:15:00Z,CZ,161.71,15
2026-02-09T06:15:00Z,DE-LU,159.03,15
2026-02-09T06:15:00Z,DK1,159.03,15
2026-02-09T06:15:00Z,DK2,159.04,15
2026-02-09T06:15:00Z,EE,250.00,15
2026-02-09T06:15:00Z,ES,9.00,15
2026-02-09T06:15:00Z,FI,161.80,15
2026-02-09T06:15:00Z,FR,109.42,15
2026-02-09T06:15:00Z,GR,158.44,15
2026-02-09T06:15:00Z,HR,164.16,15
2026-02-09T06:15:00Z,HU,162.97,15
2026-02-09T06:15:00Z,IT-CNorth,154.22,15
2026-02-09T06:15:00Z,IT-CSouth,154.22,15
2026-02-09T06:15:00Z,IT-North,154.22,15
2026-02-09T06:15:00Z,IT-Sardinia,154.22,15
2026-02-09T06:15:00Z,IT-Sicily,154.22,15
2026-02-09T06:15:00Z,IT-South,154.22,15
2026-02-09T06:15:00Z,LT,250.00,15
2026-02-09T06:15:00Z,LV,250.00,15
2026-02-09T06:15:00Z,NL,152.36,15
2026-02-09T06:15:00Z,NO1,153.45,15
2026-02-09T06:15:00Z,NO2,154.06,15
2026-02-09T06:15:00Z,NO3,141.00,15
2026-02-09T06:15:00Z,NO4,127.51,15
2026-02-09T06:15:00Z,NO5,152.29,15
2026-02-09T06:15:00Z,PL,161.28,15
2026-02-09T06:15:00Z,PT,0.79,15
2026-02-09T06:15:00Z,RO,163.19,15
2026-02-09T06:15:00Z,SE1,137.51,15
2026-02-09T06:15:00Z,SE2,132.85,15
2026-02-09T06:15:00Z,SE3,160.04,15
2026-02-09T06:15:00Z,SE4,159.21,15
2026-02-09T06:15:00Z,SI,164.57,15
2026-02-09T06:15:00Z,SK,162.44,15
2026-02-09T06:30:00Z,AT,174.62,15
2026-02-09T06:30:00Z,BE,153.10,15
2026-02-09T06:30:00Z,CZ,171.57,15
2026-02-09T06:30:00Z,DE-LU,168.26,15
2026-02-09T06:30:00Z,DK1,168.26,15
2026-02-09T06:30:00Z,DK2,168.26,15
2026-02-09T06:30:00Z,EE,289.99,15
2026-02-09T06:30:00Z,ES,49.00,15
2026-02-09T06:30:00Z,FI,170.06,15
2026-02-09T06:30:00Z,FR,106.81,15
2026-02-09T06:30:00Z,GR,173.41,15
2026-02-09T06:30:00Z,HR,174.61,15
2026-02-09T06:30:00Z,HU,173.14,15
2026-02-09T06:30:00Z,IT-CNorth,170.97,15
2026-02-09T06:30:00Z,IT-CSouth,170.97,15
2026-02-09T06:30:00Z,IT-North,170.97,15
2026-02-09T06:30:00Z,IT-Sardinia,170.97,15
2026-02-09T06:30:00Z,IT-Sicily,170.97,15
2026-02-09T06:30:00Z,IT-South,170.97,15
2026-02-09T06:30:00Z,LT,289.99,15
2026-02-09T06:30:00Z,LV,289.99,15
2026-02-09T06:30:00Z,NL,160.00,15
2026-02-09T06:30:00Z,NO1,164.04,15
2026-02-09T06:30:00Z,NO2,163.01,15
2026-02-09T06:30:00Z,NO3,154.48,15
2026-02-09T06:30:00Z,NO4,140.58,15
2026-02-09T06:30:00Z,NO5,162.85,15
2026-02-09T06:30:00Z,PL,171.05,15
2026-02-09T06:30:00Z,PT,0.97,15
2026-02-09T06:30:00Z,RO,173.41,15
2026-02-09T06:30:00Z,SE1,149.48,15
2026-02-09T06:30:00Z,SE2,149.99,15
2026-02-09T06:30:00Z,SE3,168.97,15
2026-02-09T06:30:00Z,SE4,168.39,15
2026-02-09T06:30:00Z,SI,175.12,15
2026-02-09T06:30:00Z,SK,172.48,15
2026-02-09T06:45:00Z,AT,174.81,15
2026-02-09T06:45:00Z,BE,158.37,15
2026-02-09T06:45:00Z,CZ,172.48,15
2026-02-09T06:45:00Z,DE-LU,169.95,15
2026-02-09T06:45:00Z,DK1,170.06,15
2026-02-09T06:45:00Z,DK2,173.68,15
2026-02-09T06:45:00Z,EE,299.99,15
2026-02-09T06:45:00Z,ES,63.75,15
2026-02-09T06:45:00Z,FI,181.62,15
2026-02-09T06:45:00Z,FR,123.00,15
2026-02-09T06:45:00Z,GR,166.55,15
2026-02-09T06:45:00Z,HR,174.80,15
2026-02-09T06:45:00Z,HU,173.67,15
2026-02-09T06:45:00Z,IT-CNorth,174.81,15
2026-02-09T06:45:00Z,IT-CSouth,174.81,15
2026-02-09T06:45:00Z,IT-North,174.81,15
2026-02-09T06:45:00Z,IT-Sardinia,174.81,15
2026-02-09T06:45:00Z,IT-Sicily,174.81,15
2026-02-09T06:45:00Z,IT-South,174.81,15
2026-02-09T06:45:00Z,LT,299.99,15
2026-02-09T06:45:00Z,LV,299.99,15
2026-02-09T06:45:00Z,NL,163.64,15
2026-02-09T06:45:00Z,NO1,171.24,15
2026-02-09T06:45:00Z,NO2,164.66,15
2026-02-09T06:45:00Z,NO3,165.43,15
2026-02-09T06:45:00Z,NO4,155.66,15
2026-02-09T06:45:00Z,NO5,169.32,15
2026-02-09T06:45:00Z,PL,172.08,15
2026-02-09T06:45:00Z,PT,0.98,15
2026-02-09T06:45:00Z,RO,173.88,15
2026-02-09T06:45:00Z,SE1,164.00,15
2026-02-09T06:45:00Z,SE2,164.58,15
2026-02-09T06:45:00Z,SE3,174.29,15
2026-02-09T06:45:00Z,SE4,174.11,15
2026-02-09T06:45:00Z,SI,175.19,15
2026-02-09T06:45:00Z,SK,173.17,15
2026-02-09T07:00:00Z,AT,170.29,15
2026-02-09T07:00:00Z,BE,170.29,15
2026-02-09T07:00:00Z,CH,164.36,60
2026-02-09T07:00:00Z,CZ,170.29,15
2026-02-09T07:00:00Z,DE-LU,170.29,15
2026-02-09T07:00:00Z,DK1,170.29,15
2026-02-09T07:00:00Z,DK2,170.29,15
2026-02-09T07:00:00Z,EE,256.00,15
2026-02-09T07:00:00Z,ES,90.91,15
2026-02-09T07:00:00Z,FI,172.25,15
2026-02-09T07:00:00Z,FR,170.29,15
2026-02-09T07:00:00Z,GR,170.29,15
2026-02-09T07:00:00Z,HR,170.29,15
2026-02-09T07:00:00Z,HU,170.29,15
2026-02-09T07:00:00Z,IT-CNorth,170.29,15
2026-02-09T07:00:00Z,IT-CSouth,170.29,15
2026-02-09T07:00:00Z,IT-North,170.29,15
2026-02-09T07:00:00Z,IT-Sardinia,170.29,15
2026-02-09T07:00:00Z,IT-Sicily,170.29,15
2026-02-09T07:00:00Z,IT-South,170.29,15
2026-02-09T07:00:00Z,LT,256.00,15
2026-02-09T07:00:00Z,LV,256.00,15
2026-02-09T07:00:00Z,NL,170.29,15
2026-02-09T07:00:00Z,NO1,165.70,15
2026-02-09T07:00:00Z,NO2,165.25,15
2026-02-09T07:00:00Z,NO3,155.20,15
2026-02-09T07:00:00Z,NO4,140.18,15
2026-02-09T07:00:00Z,NO5,164.55,15
2026-02-09T07:00:00Z,PL,170.29,15
2026-02-09T07:00:00Z,PT,3.34,15
2026-02-09T07:00:00Z,RO,170.29,15
2026-02-09T07:00:00Z,RS,138.05,15
2026-02-09T07:00:00Z,SE1,150.10,15
2026-02-09T07:00:00Z,SE2,150.46,15
2026-02-09T07:00:00Z,SE3,171.06,15
2026-02-09T07:00:00Z,SE4,170.43,15
2026-02-09T07:00:00Z,SI,170.29,15
2026-02-09T07:00:00Z,SK,170.29,15
2026-02-09T07:15:00Z,AT,180.14,15
2026-02-09T07:15:00Z,BE,153.13,15
2026-02-09T07:15:00Z,CZ,184.87,15
2026-02-09T07:15:00Z,DE-LU,188.94,15
2026-02-09T07:15:00Z,DK1,188.97,15
2026-02-09T07:15:00Z,DK2,189.76,15
2026-02-09T07:15:00Z,EE,267.07,15
2026-02-09T07:15:00Z,ES,94.16,15
2026-02-09T07:15:00Z,FI,191.09,15
2026-02-09T07:15:00Z,FR,127.70,15
2026-02-09T07:15:00Z,GR,182.12,15
2026-02-09T07:15:00Z,HR,180.15,15
2026-02-09T07:15:00Z,HU,182.47,15
2026-02-09T07:15:00Z,IT-CNorth,172.49,15
2026-02-09T07:15:00Z,IT-CSouth,172.49,15
2026-02-09T07:15:00Z,IT-North,172.49,15
2026-02-09T07:15:00Z,IT-Sardinia,172.49,15
2026-02-09T07:15:00Z,IT-Sicily,172.49,15
2026-02-09T07:15:00Z,IT-South,172.49,15
2026-02-09T07:15:00Z,LT,267.07,15
2026-02-09T07:15:00Z,LV,267.07,15
2026-02-09T07:15:00Z,NL,179.32,15
2026-02-09T07:15:00Z,NO1,186.56,15
2026-02-09T07:15:00Z,NO2,183.44,15
2026-02-09T07:15:00Z,NO3,179.19,15
2026-02-09T07:15:00Z,NO4,169.00,15
2026-02-09T07:15:00Z,NO5,185.19,15
2026-02-09T07:15:00Z,PL,185.36,15
2026-02-09T07:15:00Z,PT,3.94,15
2026-02-09T07:15:00Z,RO,182.12,15
2026-02-09T07:15:00Z,SE1,175.86,15
2026-02-09T07:15:00Z,SE2,176.11,15
2026-02-09T07:15:00Z,SE3,190.28,15
2026-02-09T07:15:00Z,SE4,189.85,15
2026-02-09T07:15:00Z,SI,179.24,15
2026-02-09T07:15:00Z,SK,183.41,15
2026-02-09T07:30:00Z,AT,179.86,15
2026-02-09T07:30:00Z,BE,162.69,15
2026-02-09T07:30:00Z,CZ,182.87,15
2026-02-09T07:30:00Z,DE-LU,185.46,15
2026-02-09T07:30:00Z,DK1,185.61,15
2026-02-09T07:30:00Z,DK2,189.99,15
2026-02-09T07:30:00Z,EE,250.00,15
2026-02-09T07:30:00Z,ES,94.52,15
2026-02-09T07:30:00Z,FI,190.35,15
2026-02-09T07:30:00Z,FR,146.52,15
2026-02-09T07:30:00Z,GR,173.25,15
2026-02-09T07:30:00Z,HR,179.87,15
2026-02-09T07:30:00Z,HU,181.34,15
2026-02-09T07:30:00Z,IT-CNorth,175.00,15
2026-02-09T07:30:00Z,IT-CSouth,175.00,15
2026-02-09T07:30:00Z,IT-North,175.00,15
2026-02-09T07:30:00Z,IT-Sardinia,175.00,15
2026-02-09T07:30:00Z,IT-Sicily,175.00,15
2026-02-09T07:30:00Z,IT-South,175.00,15
2026-02-09T07:30:00Z,LT,250.00,15
2026-02-09T07:30:00Z,LV,250.00,15
2026-02-09T07:30:00Z,NL,179.34,15
2026-02-09T07:30:00Z,NO1,188.88,15
2026-02-09T07:30:00Z,NO2,180.19,15
2026-02-09T07:30:00Z,NO3,186.18,15
2026-02-09T07:30:00Z,NO4,183.38,15
2026-02-09T07:30:00Z,NO5,186.87,15
2026-02-09T07:30:00Z,PL,183.18,15
2026-02-09T07:30:00Z,PT,4.28,15
2026-02-09T07:30:00Z,RO,181.12,15
2026-02-09T07:30:00Z,SE1,185.61,15
2026-02-09T07:30:00Z,SE2,185.71,15
2026-02-09T07:30:00Z,SE3,190.13,15
2026-02-09T07:30:00Z,SE4,190.02,15
2026-02-09T07:30:00Z,SI,179.29,15
2026-02-09T07:30:00Z,SK,181.94,15
2026-02-09T07:45:00Z,AT,176.03,15
2026-02-09T07:45:00Z,BE,144.98,15
2026-02-09T07:45:00Z,CZ,181.47,15
2026-02-09T07:45:00Z,DE-LU,186.15,15
2026-02-09T07:45:00Z,DK1,186.43,15
2026-02-09T07:45:00Z,DK2,204.01,15
2026-02-09T07:45:00Z,EE,198.09,15
2026-02-09T07:45:00Z,ES,92.78,15
2026-02-09T07:45:00Z,FI,198.07,15
2026-02-09T07:45:00Z,FR,115.73,15
2026-02-09T07:45:00Z,GR,162.10,15
2026-02-09T07:45:00Z,HR,176.04,15
2026-02-09T07:45:00Z,HU,178.71,15
2026-02-09T07:45:00Z,LT,198.09,15
2026-02-09T07:45:00Z,LV,198.09,15
2026-02-09T07:45:00Z,NL,175.09,15
2026-02-09T07:45:00Z,NO1,190.36,15
2026-02-09T07:45:00Z,NO2,180.89,15
2026-02-09T07:45:00Z,NO3,189.14,15
2026-02-09T07:45:00Z,NO4,186.37,15
2026-02-09T07:45:00Z,NO5,188.35,15
2026-02-09T07:45:00Z,PL,182.03,15
2026-02-09T07:45:00Z,PT,8.78,15
2026-02-09T07:45:00Z,RO,178.31,15
2026-02-09T07:45:00Z,SE1,190.53,15
2026-02-09T07:45:00Z,SE2,190.82,15
2026-02-09T07:45:00Z,SE3,190.96,15
2026-02-09T07:45:00Z,SE4,190.92,15
2026-02-09T07:45:00Z,SI,175.00,15
2026-02-09T07:45:00Z,SK,179.79,15
2026-02-09T08:00:00Z,AT,185.02,15
2026-02-09T08:00:00Z,BE,181.09,15
2026-02-09T08:00:00Z,CH,154.91,60
2026-02-09T08:00:00Z,CZ,184.52,15
2026-02-09T08:00:00Z,DE-LU,183.90,15
2026-02-09T08:00:00Z,DK1,183.90,15
2026-02-09T08:00:00Z,DK2,183.90,15
2026-02-09T08:00:00Z,EE,270.59,15
2026-02-09T08:00:00Z,ES,73.30,15
2026-02-09T08:00:00Z,FI,198.03,15
2026-02-09T08:00:00Z,FR,172.49,15
2026-02-09T08:00:00Z,GR,178.91,15
2026-02-09T08:00:00Z,HR,185.08,15
2026-02-09T08:00:00Z,HU,184.80,15
2026-02-09T08:00:00Z,IT-CNorth,172.49,15
2026-02-09T08:00:00Z,IT-CSouth,172.49,15
2026-02-09T08:00:00Z,IT-North,172.49,15
2026-02-09T08:00:00Z,IT-Sardinia,172.49,15
2026-02-09T08:00:00Z,IT-Sicily,172.49,15
2026-02-09T08:00:00Z,IT-South,172.49,15
2026-02-09T08:00:00Z,LT,270.59,15
2026-02-09T08:00:00Z,LV,270.59,15
2026-02-09T08:00:00Z,NL,182.41,15
2026-02-09T08:00:00Z,NO1,183.13,15
2026-02-09T08:00:00Z,NO2,178.62,15
2026-02-09T08:00:00Z,NO3,181.52,15
2026-02-09T08:00:00Z,NO4,175.54,15
2026-02-09T08:00:00Z,NO5,182.04,15
2026-02-09T08:00:00Z,PL,184.42,15
2026-02-09T08:00:00Z,PT,11.94,15
2026-02-09T08:00:00Z,RO,184.84,15
2026-02-09T08:00:00Z,RS,124.04,15
2026-02-09T08:00:00Z,SE1,183.22,15
2026-02-09T08:00:00Z,SE2,183.94,15
2026-02-09T08:00:00Z,SE3,184.11,15
2026-02-09T08:00:00Z,SE4,183.94,15
2026-02-09T08:00:00Z,SI,185.18,15
2026-02-09T08:00:00Z,SK,184.68,15
2026-02-09T08:15:00Z,AT,177.40,15
2026-02-09T08:15:00Z,BE,168.26,15
2026-02-09T08:15:00Z,CZ,176.24,15
2026-02-09T08:15:00Z,DE-LU,174.80,15
2026-02-09T08:15:00Z,DK1,174.90,15
2026-02-09T08:15:00Z,DK2,177.82,15
2026-02-09T08:15:00Z,EE,273.41,15
2026-02-09T08:15:00Z,ES,54.00,15
2026-02-09T08:15:00Z,FI,200.00,15
2026-02-09T08:15:00Z,FR,148.29,15
2026-02-09T08:15:00Z,GR,167.26,15
2026-02-09T08:15:00Z,HR,177.53,15
2026-02-09T08:15:00Z,HU,176.88,15
2026-02-09T08:15:00Z,IT-CNorth,166.66,15
2026-02-09T08:15:00Z,IT-CSouth,166.66,15
2026-02-09T08:15:00Z,IT-North,166.66,15
2026-02-09T08:15:00Z,IT-Sardinia,166.66,15
2026-02-09T08:15:00Z,IT-Sicily,166.66,15
2026-02-09T08:15:00Z,IT-South,166.66,15
2026-02-09T08:15:00Z,LT,273.41,15
2026-02-09T08:15:00Z,LV,273.41,15
2026-02-09T08:15:00Z,NL,171.32,15
2026-02-09T08:15:00Z,NO1,176.60,15
2026-02-09T08:15:00Z,NO2,169.81,15
2026-02-09T08:15:00Z,NO3,174.09,15
2026-02-09T08:15:00Z,NO4,164.69,15
2026-02-09T08:15:00Z,NO5,174.96,15
2026-02-09T08:15:00Z,PL,176.01,15
2026-02-09T08:15:00Z,PT,15.56,15
2026-02-09T08:15:00Z,RO,176.96,15
2026-02-09T08:15:00Z,SE1,176.74,15
2026-02-09T08:15:00Z,SE2,177.87,15
2026-02-09T08:15:00Z,SE3,178.14,15
2026-02-09T08:15:00Z,SE4,177.87,15
2026-02-09T08:15:00Z,SI,177.77,15
2026-02-09T08:15:00Z,SK,176.61,15
2026-02-09T08:30:00Z,AT,166.22,15
2026-02-09T08:30:00Z,BE,144.59,15
2026-02-09T08:30:00Z,CZ,163.47,15
2026-02-09T08:30:00Z,DE-LU,160.07,15
2026-02-09T08:30:00Z,DK1,160.21,15
2026-02-09T08:30:00Z,DK2,164.51,15
2026-02-09T08:30:00Z,EE,271.01,15
2026-02-09T08:30:00Z,ES,9.00,15
2026-02-09T08:30:00Z,FI,221.60,15
2026-02-09T08:30:00Z,FR,97.34,15
2026-02-09T08:30:00Z,GR,160.09,15
2026-02-09T08:30:00Z,HR,166.53,15
2026-02-09T08:30:00Z,HU,164.99,15
2026-02-09T08:30:00Z,IT-CNorth,154.92,15
2026-02-09T08:30:00Z,IT-CSouth,154.92,15
2026-02-09T08:30:00Z,IT-North,154.92,15
2026-02-09T08:30:00Z,IT-Sardinia,154.92,15
2026-02-09T08:30:00Z,IT-Sicily,154.92,15
2026-02-09T08:30:00Z,IT-South,154.92,15
2026-02-09T08:30:00Z,LT,271.01,15
2026-02-09T08:30:00Z,LV,271.01,15
2026-02-09T08:30:00Z,NL,151.84,15
2026-02-09T08:30:00Z,NO1,161.57,15
2026-02-09T08:30:00Z,NO2,155.47,15
2026-02-09T08:30:00Z,NO3,155.75,15
2026-02-09T08:30:00Z,NO4,131.07,15
2026-02-09T08:30:00Z,NO5,159.75,15
2026-02-09T08:30:00Z,PL,162.92,15
2026-02-09T08:30:00Z,PT,16.86,15
2026-02-09T08:30:00Z,RO,165.19,15
2026-02-09T08:30:00Z,SE1,161.87,15
2026-02-09T08:30:00Z,SE2,164.75,15
2026-02-09T08:30:00Z,SE3,165.37,15
2026-02-09T08:30:00Z,SE4,164.65,15
2026-02-09T08:30:00Z,SI,167.10,15
2026-02-09T08:30:00Z,SK,164.34,15
2026-02-09T08:45:00Z,AT,165.53,15
2026-02-09T08:45:00Z,BE,139.25,15
2026-02-09T08:45:00Z,CZ,162.19,15
2026-02-09T08:45:00Z,DE-LU,158.06,15
2026-02-09T08:45:00Z,DK1,158.20,15
2026-02-09T08:45:00Z,DK2,162.52,15
2026-02-09T08:45:00Z,EE,250.01,15
2026-02-09T08:45:00Z,ES,-4.00,15
2026-02-09T08:45:00Z,FI,230.31,15
2026-02-09T08:45:00Z,FR,81.87,15
2026-02-09T08:45:00Z,GR,140.00,15
2026-02-09T08:45:00Z,HR,165.90,15
2026-02-09T08:45:00Z,HU,164.03,15
2026-02-09T08:45:00Z,LT,250.01,15
2026-02-09T08:45:00Z,LV,250.01,15
2026-02-09T08:45:00Z,NL,148.06,15
2026-02-09T08:45:00Z,NO1,159.06,15
2026-02-09T08:45:00Z,NO2,153.50,15
2026-02-09T08:45:00Z,NO3,152.23,15
2026-02-09T08:45:00Z,NO4,122.86,15
2026-02-09T08:45:00Z,NO5,157.25,15
2026-02-09T08:45:00Z,PL,161.52,15
2026-02-09T08:45:00Z,PT,35.00,15
2026-02-09T08:45:00Z,RO,164.27,15
2026-02-09T08:45:00Z,SE1,159.41,15
2026-02-09T08:45:00Z,SE2,162.82,15
2026-02-09T08:45:00Z,SE3,163.54,15
2026-02-09T08:45:00Z,SE4,162.68,15
2026-02-09T08:45:00Z,SI,166.59,15
2026-02-09T08:45:00Z,SK,163.24,15
2026-02-09T09:00:00Z,AT,171.92,15
2026-02-09T09:00:00Z,BE,152.16,15
2026-02-09T09:00:00Z,CH,144.59,60
2026-02-09T09:00:00Z,CZ,169.38,15
2026-02-09T09:00:00Z,DE-LU,166.23,15
2026-02-09T09:00:00Z,DK1,166.48,15
2026-02-09T09:00:00Z,DK2,185.55,15
2026-02-09T09:00:00Z,EE,224.08,15
2026-02-09T09:00:00Z,ES,-4.10,15
2026-02-09T09:00:00Z,FI,223.99,15
2026-02-09T09:00:00Z,FR,108.01,15
2026-02-09T09:00:00Z,GR,108.80,15
2026-02-09T09:00:00Z,HR,172.21,15
2026-02-09T09:00:00Z,HU,170.78,15
2026-02-09T09:00:00Z,IT-CNorth,165.78,15
2026-02-09T09:00:00Z,IT-CSouth,165.78,15
2026-02-09T09:00:00Z,IT-North,165.78,15
2026-02-09T09:00:00Z,IT-Sardinia,165.78,15
2026-02-09T09:00:00Z,IT-Sicily,128.37,15
2026-02-09T09:00:00Z,IT-South,128.37,15
2026-02-09T09:00:00Z,LT,224.08,15
2026-02-09T09:00:00Z,LV,224.08,15
2026-02-09T09:00:00Z,NL,158.59,15
2026-02-09T09:00:00Z,NO1,168.39,15
2026-02-09T09:00:00Z,NO2,161.49,15
2026-02-09T09:00:00Z,NO3,165.33,15
2026-02-09T09:00:00Z,NO4,154.75,15
2026-02-09T09:00:00Z,NO5,166.70,15
2026-02-09T09:00:00Z,PL,142.07,15
2026-02-09T09:00:00Z,PT,25.46,15
2026-02-09T09:00:00Z,RO,170.97,15
2026-02-09T09:00:00Z,RS,130.92,15
2026-02-09T09:00:00Z,SE1,178.35,15
2026-02-09T09:00:00Z,SE2,170.99,15
2026-02-09T09:00:00Z,SE3,170.94,15
2026-02-09T09:00:00Z,SE4,170.35,15
2026-02-09T09:00:00Z,SI,172.72,15
2026-02-09T09:00:00Z,SK,170.18,15
2026-02-09T09:15:00Z,AT,170.93,15
2026-02-09T09:15:00Z,BE,147.26,15
2026-02-09T09:15:00Z,CZ,167.89,15
2026-02-09T09:15:00Z,DE-LU,164.12,15
2026-02-09T09:15:00Z,DK1,164.26,15
2026-02-09T09:15:00Z,DK2,171.05,15
2026-02-09T09:15:00Z,EE,208.44,15
2026-02-09T09:15:00Z,ES,-2.10,15
2026-02-09T09:15:00Z,FI,208.37,15
2026-02-09T09:15:00Z,FR,94.38,15
2026-02-09T09:15:00Z,GR,105.00,15
2026-02-09T09:15:00Z,HR,171.28,15
2026-02-09T09:15:00Z,HU,169.57,15
2026-02-09T09:15:00Z,IT-CNorth,156.81,15
2026-02-09T09:15:00Z,IT-CSouth,156.81,15
2026-02-09T09:15:00Z,IT-North,156.81,15
2026-02-09T09:15:00Z,IT-Sardinia,156.81,15
2026-02-09T09:15:00Z,LT,208.44,15
2026-02-09T09:15:00Z,LV,208.44,15
2026-02-09T09:15:00Z,NL,154.96,15
2026-02-09T09:15:00Z,NO1,166.68,15
2026-02-09T09:15:00Z,NO2,159.45,15
2026-02-09T09:15:00Z,NO3,164.27,15
2026-02-09T09:15:00Z,NO4,156.44,15
2026-02-09T09:15:00Z,NO5,164.98,15
2026-02-09T09:15:00Z,PL,137.54,15
2026-02-09T09:15:00Z,PT,11.89,15
2026-02-09T09:15:00Z,RO,169.80,15
2026-02-09T09:15:00Z,SE1,174.16,15
2026-02-09T09:15:00Z,SE2,168.65,15
2026-02-09T09:15:00Z,SE3,168.62,15
2026-02-09T09:15:00Z,SE4,168.16,15
2026-02-09T09:15:00Z,SI,171.89,15
2026-02-09T09:15:00Z,SK,168.85,15
2026-02-09T09:30:00Z,AT,159.90,15
2026-02-09T09:30:00Z,BE,139.35,15
2026-02-09T09:30:00Z,CZ,157.26,15
2026-02-09T09:30:00Z,DE-LU,153.99,15
2026-02-09T09:30:00Z,DK1,154.11,15
2026-02-09T09:30:00Z,DK2,158.27,15
2026-02-09T09:30:00Z,EE,224.10,15
2026-02-09T09:30:00Z,ES,-2.70,15
2026-02-09T09:30:00Z,FI,223.99,15
2026-02-09T09:30:00Z,FR,93.45,15
2026-02-09T09:30:00Z,GR,105.40,15
2026-02-09T09:30:00Z,HR,160.21,15
2026-02-09T09:30:00Z,HU,158.72,15
2026-02-09T09:30:00Z,IT-CNorth,149.37,15
2026-02-09T09:30:00Z,IT-CSouth,149.37,15
2026-02-09T09:30:00Z,IT-North,149.37,15
2026-02-09T09:30:00Z,IT-Sardinia,149.37,15
2026-02-09T09:30:00Z,LT,224.10,15
2026-02-09T09:30:00Z,LV,224.10,15
2026-02-09T09:30:00Z,NL,146.04,15
2026-02-09T09:30:00Z,NO1,156.09,15
2026-02-09T09:30:00Z,NO2,149.59,15
2026-02-09T09:30:00Z,NO3,152.45,15
2026-02-09T09:30:00Z,NO4,139.44,15
2026-02-09T09:30:00Z,NO5,154.42,15
2026-02-09T09:30:00Z,PL,125.18,15
2026-02-09T09:30:00Z,PT,7.64,15
2026-02-09T09:30:00Z,RO,158.92,15
2026-02-09T09:30:00Z,SE1,168.24,15
2026-02-09T09:30:00Z,SE2,159.25,15
2026-02-09T09:30:00Z,SE3,159.17,15
2026-02-09T09:30:00Z,SE4,158.40,15
2026-02-09T09:30:00Z,SI,160.74,15
2026-02-09T09:30:00Z,SK,158.10,15
2026-02-09T09:45:00Z,AT,150.92,15
2026-02-09T09:45:00Z,BE,129.73,15
2026-02-09T09:45:00Z,CZ,148.19,15
2026-02-09T09:45:00Z,DE-LU,144.82,15
2026-02-09T09:45:00Z,DK1,144.96,15
2026-02-09T09:45:00Z,DK2,150.74,15
2026-02-09T09:45:00Z,EE,228.03,15
2026-02-09T09:45:00Z,ES,-5.00,15
2026-02-09T09:45:00Z,FI,227.90,15
2026-02-09T09:45:00Z,FR,82.41,15
2026-02-09T09:45:00Z,GR,97.55,15
2026-02-09T09:45:00Z,HR,151.23,15
2026-02-09T09:45:00Z,HU,149.69,15
2026-02-09T09:45:00Z,IT-CNorth,144.84,15
2026-02-09T09:45:00Z,IT-CSouth,144.84,15
2026-02-09T09:45:00Z,IT-North,144.84,15
2026-02-09T09:45:00Z,IT-Sardinia,144.84,15
2026-02-09T09:45:00Z,LT,228.03,15
2026-02-09T09:45:00Z,LV,228.03,15
2026-02-09T09:45:00Z,NL,136.63,15
2026-02-09T09:45:00Z,NO1,146.35,15
2026-02-09T09:45:00Z,NO2,140.67,15
2026-02-09T09:45:00Z,NO3,142.11,15
2026-02-09T09:45:00Z,NO4,126.38,15
2026-02-09T09:45:00Z,NO5,144.79,15
2026-02-09T09:45:00Z,PL,115.97,15
2026-02-09T09:45:00Z,PT,4.28,15
2026-02-09T09:45:00Z,RO,149.90,15
2026-02-09T09:45:00Z,SE1,160.94,15
2026-02-09T09:45:00Z,SE2,150.13,15
2026-02-09T09:45:00Z,SE3,150.03,15
2026-02-09T09:45:00Z,SE4,149.10,15
2026-02-09T09:45:00Z,SI,151.78,15
2026-02-09T09:45:00Z,SK,149.05,15
2026-02-09T10:00:00Z,AT,157.21,15
2026-02-09T10:00:00Z,BE,136.19,15
2026-02-09T10:00:00Z,CH,140.85,60
2026-02-09T10:00:00Z,CZ,154.35,15
2026-02-09T10:00:00Z,DE-LU,151.01,15
2026-02-09T10:00:00Z,DK1,151.14,15
2026-02-09T10:00:00Z,DK2,155.03,15
2026-02-09T10:00:00Z,EE,189.30,15
2026-02-09T10:00:00Z,ES,-1.22,15
2026-02-09T10:00:00Z,FI,189.24,15
2026-02-09T10:00:00Z,FR,89.82,15
2026-02-09T10:00:00Z,GR,127.57,15
2026-02-09T10:00:00Z,HR,157.33,15
2026-02-09T10:00:00Z,HU,155.82,15
2026-02-09T10:00:00Z,IT-CNorth,149.00,15
2026-02-09T10:00:00Z,IT-CSouth,149.00,15
2026-02-09T10:00:00Z,IT-North,149.00,15
2026-02-09T10:00:00Z,IT-Sardinia,149.00,15
2026-02-09T10:00:00Z,LT,189.30,15
2026-02-09T10:00:00Z,LV,189.30,15
2026-02-09T10:00:00Z,NL,142.94,15
2026-02-09T10:00:00Z,NO1,153.83,15
2026-02-09T10:00:00Z,NO2,146.31,15
2026-02-09T10:00:00Z,NO3,151.70,15
2026-02-09T10:00:00Z,NO4,145.11,15
2026-02-09T10:00:00Z,NO5,152.10,15
2026-02-09T10:00:00Z,PL,119.53,15
2026-02-09T10:00:00Z,PT,3.78,15
2026-02-09T10:00:00Z,RO,156.02,15
2026-02-09T10:00:00Z,RS,112.04,15
2026-02-09T10:00:00Z,SE1,160.86,15
2026-02-09T10:00:00Z,SE2,155.52,15
2026-02-09T10:00:00Z,SE3,155.49,15
2026-02-09T10:00:00Z,SE4,155.10,15
2026-02-09T10:00:00Z,SI,157.87,15
2026-02-09T10:00:00Z,SK,155.19,15
2026-02-09T10:15:00Z,AT,152.21,15
2026-02-09T10:15:00Z,BE,132.71,15
2026-02-09T10:15:00Z,CZ,149.55,15
2026-02-09T10:15:00Z,DE-LU,146.46,15
2026-02-09T10:15:00Z,DK1,146.58,15
2026-02-09T10:15:00Z,DK2,150.39,15
2026-02-09T10:15:00Z,EE,188.94,15
2026-02-09T10:15:00Z,ES,-4.20,15
2026-02-09T10:15:00Z,FI,188.87,15
2026-02-09T10:15:00Z,FR,89.68,15
2026-02-09T10:15:00Z,GR,109.53,15
2026-02-09T10:15:00Z,HR,152.32,15
2026-02-09T10:15:00Z,HU,150.92,15
2026-02-09T10:15:00Z,IT-CNorth,145.80,15
2026-02-09T10:15:00Z,IT-CSouth,145.80,15
2026-02-09T10:15:00Z,IT-North,145.80,15
2026-02-09T10:15:00Z,IT-Sardinia,145.80,15
2026-02-09T10:15:00Z,LT,188.94,15
2026-02-09T10:15:00Z,LV,188.94,15
2026-02-09T10:15:00Z,NL,138.97,15
2026-02-09T10:15:00Z,NO1,149.06,15
2026-02-09T10:15:00Z,NO2,141.90,15
2026-02-09T10:15:00Z,NO3,146.74,15
2026-02-09T10:15:00Z,NO4,139.26,15
2026-02-09T10:15:00Z,NO5,147.39,15
2026-02-09T10:15:00Z,PL,116.19,15
2026-02-09T10:15:00Z,RO,151.11,15
2026-02-09T10:15:00Z,SE1,156.96,15
2026-02-09T10:15:00Z,SE2,150.95,15
2026-02-09T10:15:00Z,SE3,150.91,15
2026-02-09T10:15:00Z,SE4,150.46,15
2026-02-09T10:15:00Z,SI,152.82,15
2026-02-09T10:15:00Z,SK,150.34,15
2026-02-09T10:30:00Z,AT,147.95,15
2026-02-09T10:30:00Z,BE,130.81,15
2026-02-09T10:30:00Z,CZ,145.62,15
2026-02-09T10:30:00Z,DE-LU,142.90,15
2026-02-09T10:30:00Z,DK1,143.02,15
2026-02-09T10:30:00Z,DK2,146.77,15
2026-02-09T10:30:00Z,EE,191.00,15
2026-02-09T10:30:00Z,ES,-0.01,15
2026-02-09T10:30:00Z,FI,190.92,15
2026-02-09T10:30:00Z,FR,93.00,15
2026-02-09T10:30:00Z,GR,108.04,15
2026-02-09T10:30:00Z,HR,148.05,15
2026-02-09T10:30:00Z,HU,146.82,15
2026-02-09T10:30:00Z,IT-CNorth,141.63,15
2026-02-09T10:30:00Z,IT-CSouth,141.63,15
2026-02-09T10:30:00Z,IT-North,141.63,15
2026-02-09T10:30:00Z,IT-Sardinia,141.63,15
2026-02-09T10:30:00Z,LT,191.00,15
2026-02-09T10:30:00Z,LV,191.00,15
2026-02-09T10:30:00Z,NL,136.31,15
2026-02-09T10:30:00Z,NO1,145.26,15
2026-02-09T10:30:00Z,NO2,138.45,15
2026-02-09T10:30:00Z,NO3,142.69,15
2026-02-09T10:30:00Z,NO4,134.04,15
2026-02-09T10:30:00Z,NO5,143.64,15
2026-02-09T10:30:00Z,PL,116.33,15
2026-02-09T10:30:00Z,PT,3.34,15
2026-02-09T10:30:00Z,RO,146.98,15
2026-02-09T10:30:00Z,SE1,154.33,15
2026-02-09T10:30:00Z,SE2,147.43,15
2026-02-09T10:30:00Z,SE3,147.37,15
2026-02-09T10:30:00Z,SE4,146.85,15
2026-02-09T10:30:00Z,SI,148.49,15
2026-02-09T10:30:00Z,SK,146.30,15
2026-02-09T10:45:00Z,AT,142.67,15
2026-02-09T10:45:00Z,BE,123.95,15
2026-02-09T10:45:00Z,CZ,140.12,15
2026-02-09T10:45:00Z,DE-LU,137.15,15
2026-02-09T10:45:00Z,DK1,137.27,15
2026-02-09T10:45:00Z,DK2,140.91,15
2026-02-09T10:45:00Z,EE,190.99,15
2026-02-09T10:45:00Z,ES,1.98,15
2026-02-09T10:45:00Z,FI,190.91,15
2026-02-09T10:45:00Z,FR,82.64,15
2026-02-09T10:45:00Z,GR,106.56,15
2026-02-09T10:45:00Z,HR,142.77,15
2026-02-09T10:45:00Z,HU,141.43,15
2026-02-09T10:45:00Z,IT-CNorth,140.00,15
2026-02-09T10:45:00Z,IT-CSouth,140.00,15
2026-02-09T10:45:00Z,IT-North,140.00,15
2026-02-09T10:45:00Z,IT-Sardinia,140.00,15
2026-02-09T10:45:00Z,LT,190.99,15
2026-02-09T10:45:00Z,LV,190.99,15
2026-02-09T10:45:00Z,NL,129.95,15
2026-02-09T10:45:00Z,NO1,139.23,15
2026-02-09T10:45:00Z,NO2,132.88,15
2026-02-09T10:45:00Z,NO3,136.38,15
2026-02-09T10:45:00Z,NO4,126.53,15
2026-02-09T10:45:00Z,NO5,137.67,15
2026-02-09T10:45:00Z,PL,113.61,15
2026-02-09T10:45:00Z,PT,1.98,15
2026-02-09T10:45:00Z,RO,141.61,15
2026-02-09T10:45:00Z,SE1,149.48,15
2026-02-09T10:45:00Z,SE2,141.67,15
2026-02-09T10:45:00Z,SE3,141.59,15
2026-02-09T10:45:00Z,SE4,141.01,15
2026-02-09T10:45:00Z,SI,143.25,15
2026-02-09T10:45:00Z,SK,140.87,15
2026-02-09T11:00:00Z,AT,146.69,15
2026-02-09T11:00:00Z,BE,134.86,15
2026-02-09T11:00:00Z,CH,135.50,60
2026-02-09T11:00:00Z,CZ,145.08,15
2026-02-09T11:00:00Z,DE-LU,143.19,15
2026-02-09T11:00:00Z,DK1,143.52,15
2026-02-09T11:00:00Z,DK2,147.19,15
2026-02-09T11:00:00Z,EE,231.00,15
2026-02-09T11:00:00Z,ES,1.30,15
2026-02-09T11:00:00Z,FI,230.86,15
2026-02-09T11:00:00Z,FR,108.83,15
2026-02-09T11:00:00Z,GR,105.00,15
2026-02-09T11:00:00Z,HR,146.76,15
2026-02-09T11:00:00Z,HU,145.90,15
2026-02-09T11:00:00Z,IT-CNorth,135.51,15
2026-02-09T11:00:00Z,IT-CSouth,135.51,15
2026-02-09T11:00:00Z,IT-North,135.51,15
2026-02-09T11:00:00Z,IT-Sardinia,135.51,15
2026-02-09T11:00:00Z,LT,231.00,15
2026-02-09T11:00:00Z,LV,231.00,15
2026-02-09T11:00:00Z,NL,138.44,15
2026-02-09T11:00:00Z,NO1,144.45,15
2026-02-09T11:00:00Z,NO2,138.73,15
2026-02-09T11:00:00Z,NO3,139.97,15
2026-02-09T11:00:00Z,NO4,123.25,15
2026-02-09T11:00:00Z,NO5,142.86,15
2026-02-09T11:00:00Z,PL,114.54,15
2026-02-09T11:00:00Z,PT,0.99,15
2026-02-09T11:00:00Z,RO,146.01,15
2026-02-09T11:00:00Z,RS,105.05,15
2026-02-09T11:00:00Z,SE1,161.33,15
2026-02-09T11:00:00Z,SE2,148.49,15
2026-02-09T11:00:00Z,SE3,148.35,15
2026-02-09T11:00:00Z,SE4,147.35,15
2026-02-09T11:00:00Z,SI,147.05,15
2026-02-09T11:00:00Z,SK,145.55,15
2026-02-09T11:15:00Z,AT,142.96,15
2026-02-09T11:15:00Z,BE,126.48,15
2026-02-09T11:15:00Z,CZ,140.71,15
2026-02-09T11:15:00Z,DE-LU,138.08,15
2026-02-09T11:15:00Z,DK1,138.31,15
2026-02-09T11:15:00Z,DK2,142.05,15
2026-02-09T11:15:00Z,EE,233.04,15
2026-02-09T11:15:00Z,ES,0.91,15
2026-02-09T11:15:00Z,FI,232.89,15
2026-02-09T11:15:00Z,FR,90.21,15
2026-02-09T11:15:00Z,HR,143.06,15
2026-02-09T11:15:00Z,HU,141.87,15
2026-02-09T11:15:00Z,IT-CNorth,135.36,15
2026-02-09T11:15:00Z,IT-CSouth,135.36,15
2026-02-09T11:15:00Z,IT-North,135.36,15
2026-02-09T11:15:00Z,IT-Sardinia,135.36,15
2026-02-09T11:15:00Z,LT,233.04,15
2026-02-09T11:15:00Z,LV,233.04,15
2026-02-09T11:15:00Z,NL,131.46,15
2026-02-09T11:15:00Z,NO1,139.10,15
2026-02-09T11:15:00Z,NO2,133.78,15
2026-02-09T11:15:00Z,NO3,134.29,15
2026-02-09T11:15:00Z,NO4,116.10,15
2026-02-09T11:15:00Z,NO5,137.56,15
2026-02-09T11:15:00Z,PL,113.41,15
2026-02-09T11:15:00Z,PT,0.91,15
2026-02-09T11:15:00Z,RO,142.02,15
2026-02-09T11:15:00Z,SE1,157.42,15
2026-02-09T11:15:00Z,SE2,143.47,15
2026-02-09T11:15:00Z,SE3,143.32,15
2026-02-09T11:15:00Z,SE4,142.23,15
2026-02-09T11:15:00Z,SI,143.47,15
2026-02-09T11:15:00Z,SK,141.37,15
2026-02-09T11:30:00Z,AT,139.64,15
2026-02-09T11:30:00Z,BE,124.55,15
2026-02-09T11:30:00Z,CZ,137.59,15
2026-02-09T11:30:00Z,DE-LU,135.18,15
2026-02-09T11:30:00Z,DK1,135.40,15
2026-02-09T11:30:00Z,DK2,139.08,15
2026-02-09T11:30:00Z,EE,231.00,15
2026-02-09T11:30:00Z,ES,0.90,15
2026-02-09T11:30:00Z,FI,230.85,15
2026-02-09T11:30:00Z,FR,91.30,15
2026-02-09T11:30:00Z,HR,139.74,15
2026-02-09T11:30:00Z,HU,138.64,15
2026-02-09T11:30:00Z,IT-CNorth,133.99,15
2026-02-09T11:30:00Z,IT-CSouth,133.99,15
2026-02-09T11:30:00Z,IT-North,133.99,15
2026-02-09T11:30:00Z,IT-Sardinia,133.99,15
2026-02-09T11:30:00Z,LT,231.00,15
2026-02-09T11:30:00Z,LV,231.00,15
2026-02-09T11:30:00Z,NL,129.11,15
2026-02-09T11:30:00Z,NO1,136.10,15
2026-02-09T11:30:00Z,NO2,130.97,15
2026-02-09T11:30:00Z,NO3,131.25,15
2026-02-09T11:30:00Z,NO4,112.86,15
2026-02-09T11:30:00Z,NO5,134.59,15
2026-02-09T11:30:00Z,PL,113.64,15
2026-02-09T11:30:00Z,PT,0.79,15
2026-02-09T11:30:00Z,RO,138.78,15
2026-02-09T11:30:00Z,SE1,154.61,15
2026-02-09T11:30:00Z,SE2,140.52,15
2026-02-09T11:30:00Z,SE3,140.36,15
2026-02-09T11:30:00Z,SE4,139.26,15
2026-02-09T11:30:00Z,SI,140.11,15
2026-02-09T11:30:00Z,SK,138.19,15
2026-02-09T11:45:00Z,AT,138.54,15
2026-02-09T11:45:00Z,BE,115.89,15
2026-02-09T11:45:00Z,CZ,135.46,15
2026-02-09T11:45:00Z,DE-LU,131.84,15
2026-02-09T11:45:00Z,DK1,132.06,15
2026-02-09T11:45:00Z,DK2,135.68,15
2026-02-09T11:45:00Z,ES,0.16,15
2026-02-09T11:45:00Z,FI,230.84,15
2026-02-09T11:45:00Z,FR,66.00,15
2026-02-09T11:45:00Z,HR,138.69,15
2026-02-09T11:45:00Z,HU,137.04,15
2026-02-09T11:45:00Z,IT-CNorth,132.74,15
2026-02-09T11:45:00Z,IT-CSouth,132.74,15
2026-02-09T11:45:00Z,IT-North,132.74,15
2026-02-09T11:45:00Z,IT-Sardinia,132.74,15
2026-02-09T11:45:00Z,NL,122.74,15
2026-02-09T11:45:00Z,NO1,132.60,15
2026-02-09T11:45:00Z,NO2,127.73,15
2026-02-09T11:45:00Z,NO3,127.59,15
2026-02-09T11:45:00Z,NO4,108.51,15
2026-02-09T11:45:00Z,NO5,131.13,15
2026-02-09T11:45:00Z,PL,118.19,15
2026-02-09T11:45:00Z,PT,0.16,15
2026-02-09T11:45:00Z,RO,137.25,15
2026-02-09T11:45:00Z,SE1,151.79,15
2026-02-09T11:45:00Z,SE2,137.17,15
2026-02-09T11:45:00Z,SE3,137.01,15
2026-02-09T11:45:00Z,SE4,135.87,15
2026-02-09T11:45:00Z,SI,139.25,15
2026-02-09T11:45:00Z,SK,136.36,15
2026-02-09T12:00:00Z,AT,140.89,15
2026-02-09T12:00:00Z,BE,125.73,15
2026-02-09T12:00:00Z,CH,134.78,60
2026-02-09T12:00:00Z,CZ,138.83,15
2026-02-09T12:00:00Z,DE-LU,136.23,15
2026-02-09T12:00:00Z,DK1,136.45,15
2026-02-09T12:00:00Z,DK2,140.12,15
2026-02-09T12:00:00Z,EE,225.29,15
2026-02-09T12:00:00Z,ES,0.91,15
2026-02-09T12:00:00Z,FI,225.15,15
2026-02-09T12:00:00Z,FR,91.59,15
2026-02-09T12:00:00Z,HR,140.98,15
2026-02-09T12:00:00Z,HU,139.89,15
2026-02-09T12:00:00Z,IT-CNorth,132.49,15
2026-02-09T12:00:00Z,IT-CSouth,132.49,15
2026-02-09T12:00:00Z,IT-North,132.49,15
2026-02-09T12:00:00Z,IT-Sardinia,132.49,15
2026-02-09T12:00:00Z,LT,225.29,15
2026-02-09T12:00:00Z,LV,225.29,15
2026-02-09T12:00:00Z,NL,130.01,15
2026-02-09T12:00:00Z,NO1,137.35,15
2026-02-09T12:00:00Z,NO2,131.99,15
2026-02-09T12:00:00Z,NO3,132.83,15
2026-02-09T12:00:00Z,NO4,115.77,15
2026-02-09T12:00:00Z,NO5,135.83,15
2026-02-09T12:00:00Z,PL,119.04,15
2026-02-09T12:00:00Z,RO,140.03,15
2026-02-09T12:00:00Z,RS,135.00,15
2026-02-09T12:00:00Z,SE1,155.06,15
2026-02-09T12:00:00Z,SE2,141.43,15
2026-02-09T12:00:00Z,SE3,141.30,15
2026-02-09T12:00:00Z,SE4,140.29,15
2026-02-09T12:00:00Z,SI,141.36,15
2026-02-09T12:00:00Z,SK,139.42,15
2026-02-09T12:15:00Z,AT,144.52,15
2026-02-09T12:15:00Z,BE,122.00,15
2026-02-09T12:15:00Z,CZ,141.46,15
2026-02-09T12:15:00Z,DE-LU,137.59,15
2026-02-09T12:15:00Z,DK1,137.82,15
2026-02-09T12:15:00Z,DK2,141.54,15
2026-02-09T12:15:00Z,EE,229.94,15
2026-02-09T12:15:00Z,ES,0.10,15
2026-02-09T12:15:00Z,FI,229.80,15
2026-02-09T12:15:00Z,FR,71.25,15
2026-02-09T12:15:00Z,HR,144.65,15
2026-02-09T12:15:00Z,HU,143.03,15
2026-02-09T12:15:00Z,IT-CNorth,131.67,15
2026-02-09T12:15:00Z,IT-CSouth,131.67,15
2026-02-09T12:15:00Z,IT-North,131.67,15
2026-02-09T12:15:00Z,IT-Sardinia,131.67,15
2026-02-09T12:15:00Z,LT,229.94,15
2026-02-09T12:15:00Z,LV,229.94,15
2026-02-09T12:15:00Z,NL,128.36,15
2026-02-09T12:15:00Z,NO1,138.67,15
2026-02-09T12:15:00Z,NO2,133.31,15
2026-02-09T12:15:00Z,NO3,133.99,15
2026-02-09T12:15:00Z,NO4,116.27,15
2026-02-09T12:15:00Z,NO5,137.13,15
2026-02-09T12:15:00Z,PL,127.59,15
2026-02-09T12:15:00Z,PT,0.10,15
2026-02-09T12:15:00Z,RO,143.25,15
2026-02-09T12:15:00Z,SE1,157.05,15
2026-02-09T12:15:00Z,SE2,142.90,15
2026-02-09T12:15:00Z,SE3,142.77,15
2026-02-09T12:15:00Z,SE4,141.72,15
2026-02-09T12:15:00Z,SI,145.22,15
2026-02-09T12:15:00Z,SK,142.34,15
2026-02-09T12:30:00Z,AT,141.50,15
2026-02-09T12:30:00Z,BE,117.96,15
2026-02-09T12:30:00Z,CZ,138.30,15
2026-02-09T12:30:00Z,DE-LU,134.26,15
2026-02-09T12:30:00Z,DK1,134.48,15
2026-02-09T12:30:00Z,DK2,138.18,15
2026-02-09T12:30:00Z,EE,236.82,15
2026-02-09T12:30:00Z,FI,236.66,15
2026-02-09T12:30:00Z,FR,64.90,15
2026-02-09T12:30:00Z,HR,141.64,15
2026-02-09T12:30:00Z,HU,139.94,15
2026-02-09T12:30:00Z,IT-CNorth,134.40,15
2026-02-09T12:30:00Z,IT-CSouth,134.40,15
2026-02-09T12:30:00Z,IT-North,134.40,15
2026-02-09T12:30:00Z,IT-Sardinia,134.40,15
2026-02-09T12:30:00Z,LT,236.82,15
2026-02-09T12:30:00Z,LV,236.82,15
2026-02-09T12:30:00Z,NL,124.60,15
2026-02-09T12:30:00Z,NO1,135.00,15
2026-02-09T12:30:00Z,NO2,130.08,15
2026-02-09T12:30:00Z,NO3,129.83,15
2026-02-09T12:30:00Z,NO4,110.01,15
2026-02-09T12:30:00Z,NO5,133.50,15
2026-02-09T12:30:00Z,PL,129.73,15
2026-02-09T12:30:00Z,RO,140.17,15
2026-02-09T12:30:00Z,SE1,155.50,15
2026-02-09T12:30:00Z,SE2,139.71,15
2026-02-09T12:30:00Z,SE3,139.55,15
2026-02-09T12:30:00Z,SE4,138.38,15
2026-02-09T12:30:00Z,SI,142.23,15
2026-02-09T12:30:00Z,SK,139.22,15
2026-02-09T12:45:00Z,AT,140.84,15
2026-02-09T12:45:00Z,BE,112.16,15
2026-02-09T12:45:00Z,CZ,136.94,15
2026-02-09T12:45:00Z,DE-LU,132.02,15
2026-02-09T12:45:00Z,DK1,132.48,15
2026-02-09T12:45:00Z,DK2,139.36,15
2026-02-09T12:45:00Z,EE,247.77,15
2026-02-09T12:45:00Z,ES,-0.01,15
2026-02-09T12:45:00Z,FI,247.59,15
2026-02-09T12:45:00Z,FR,47.53,15
2026-02-09T12:45:00Z,GR,107.51,15
2026-02-09T12:45:00Z,HR,141.01,15
2026-02-09T12:45:00Z,HU,138.95,15
2026-02-09T12:45:00Z,IT-CNorth,135.36,15
2026-02-09T12:45:00Z,IT-CSouth,135.36,15
2026-02-09T12:45:00Z,IT-North,135.36,15
2026-02-09T12:45:00Z,IT-Sardinia,135.36,15
2026-02-09T12:45:00Z,LT,247.77,15
2026-02-09T12:45:00Z,LV,247.77,15
2026-02-09T12:45:00Z,NL,120.26,15
2026-02-09T12:45:00Z,NO1,135.82,15
2026-02-09T12:45:00Z,NO2,127.91,15
2026-02-09T12:45:00Z,NO3,130.00,15
2026-02-09T12:45:00Z,NO4,108.34,15
2026-02-09T12:45:00Z,NO5,133.65,15
2026-02-09T12:45:00Z,PL,133.64,15
2026-02-09T12:45:00Z,PT,0.02,15
2026-02-09T12:45:00Z,RO,139.22,15
2026-02-09T12:45:00Z,SE1,158.36,15
2026-02-09T12:45:00Z,SE2,141.02,15
2026-02-09T12:45:00Z,SE3,140.86,15
2026-02-09T12:45:00Z,SE4,139.58,15
2026-02-09T12:45:00Z,SI,141.73,15
2026-02-09T12:45:00Z,SK,138.06,15
2026-02-09T13:00:00Z,AT,129.10,15
2026-02-09T13:00:00Z,BE,110.95,15
2026-02-09T13:00:00Z,CH,136.06,60
2026-02-09T13:00:00Z,CZ,126.78,15
2026-02-09T13:00:00Z,DE-LU,123.66,15
2026-02-09T13:00:00Z,DK1,123.95,15
2026-02-09T13:00:00Z,DK2,132.12,15
2026-02-09T13:00:00Z,EE,224.14,15
2026-02-09T13:00:00Z,ES,0.01,15
2026-02-09T13:00:00Z,FI,223.99,15
2026-02-09T13:00:00Z,FR,70.08,15
2026-02-09T13:00:00Z,GR,105.41,15
2026-02-09T13:00:00Z,HR,129.38,15
2026-02-09T13:00:00Z,HU,128.06,15
2026-02-09T13:00:00Z,IT-CNorth,128.37,15
2026-02-09T13:00:00Z,IT-CSouth,128.37,15
2026-02-09T13:00:00Z,IT-North,128.37,15
2026-02-09T13:00:00Z,IT-Sardinia,128.37,15
2026-02-09T13:00:00Z,LT,224.14,15
2026-02-09T13:00:00Z,LV,224.14,15
2026-02-09T13:00:00Z,NL,116.47,15
2026-02-09T13:00:00Z,NO1,129.08,15
2026-02-09T13:00:00Z,NO2,119.81,15
2026-02-09T13:00:00Z,NO3,123.97,15
2026-02-09T13:00:00Z,NO4,105.79,15
2026-02-09T13:00:00Z,NO5,126.72,15
2026-02-09T13:00:00Z,PL,126.30,15
2026-02-09T13:00:00Z,RO,128.22,15
2026-02-09T13:00:00Z,RS,125.03,15
2026-02-09T13:00:00Z,SE1,147.23,15
2026-02-09T13:00:00Z,SE2,133.40,15
2026-02-09T13:00:00Z,SE3,133.38,15
2026-02-09T13:00:00Z,SE4,132.30,15
2026-02-09T13:00:00Z,SI,129.84,15
2026-02-09T13:00:00Z,SK,127.50,15
2026-02-09T13:15:00Z,AT,140.00,15
2026-02-09T13:15:00Z,BE,118.78,15
2026-02-09T13:15:00Z,CZ,137.28,15
2026-02-09T13:15:00Z,DE-LU,133.63,15
2026-02-09T13:15:00Z,DK1,133.85,15
2026-02-09T13:15:00Z,DK2,137.46,15
2026-02-09T13:15:00Z,EE,223.76,15
2026-02-09T13:15:00Z,ES,0.00,15
2026-02-09T13:15:00Z,FI,223.62,15
2026-02-09T13:15:00Z,FR,71.00,15
2026-02-09T13:15:00Z,GR,106.09,15
2026-02-09T13:15:00Z,HR,140.32,15
2026-02-09T13:15:00Z,HU,138.78,15
2026-02-09T13:15:00Z,IT-CNorth,134.40,15
2026-02-09T13:15:00Z,IT-CSouth,134.40,15
2026-02-09T13:15:00Z,IT-North,134.40,15
2026-02-09T13:15:00Z,IT-Sardinia,134.40,15
2026-02-09T13:15:00Z,LT,223.76,15
2026-02-09T13:15:00Z,LV,223.76,15
2026-02-09T13:15:00Z,NL,125.23,15
2026-02-09T13:15:00Z,NO1,134.67,15
2026-02-09T13:15:00Z,NO2,129.48,15
2026-02-09T13:15:00Z,NO3,130.08,15
2026-02-09T13:15:00Z,NO4,112.87,15
2026-02-09T13:15:00Z,NO5,133.18,15
2026-02-09T13:15:00Z,PL,136.73,15
2026-02-09T13:15:00Z,RO,138.97,15
2026-02-09T13:15:00Z,SE1,151.66,15
2026-02-09T13:15:00Z,SE2,138.70,15
2026-02-09T13:15:00Z,SE3,138.65,15
2026-02-09T13:15:00Z,SE4,137.64,15
2026-02-09T13:15:00Z,SI,140.86,15
2026-02-09T13:15:00Z,SK,138.13,15
2026-02-09T13:30:00Z,AT,149.68,15
2026-02-09T13:30:00Z,BE,124.54,15
2026-02-09T13:30:00Z,CZ,146.46,15
2026-02-09T13:30:00Z,DE-LU,142.14,15
2026-02-09T13:30:00Z,DK1,142.38,15
2026-02-09T13:30:00Z,DK2,146.13,15
2026-02-09T13:30:00Z,EE,224.12,15
2026-02-09T13:30:00Z,ES,0.03,15
2026-02-09T13:30:00Z,FI,224.00,15
2026-02-09T13:30:00Z,FR,67.91,15
2026-02-09T13:30:00Z,GR,107.50,15
2026-02-09T13:30:00Z,HR,150.06,15
2026-02-09T13:30:00Z,HU,148.24,15
2026-02-09T13:30:00Z,IT-CNorth,135.36,15
2026-02-09T13:30:00Z,IT-CSouth,135.36,15
2026-02-09T13:30:00Z,IT-North,135.36,15
2026-02-09T13:30:00Z,IT-Sardinia,135.36,15
2026-02-09T13:30:00Z,LT,224.12,15
2026-02-09T13:30:00Z,LV,224.12,15
2026-02-09T13:30:00Z,NL,132.18,15
2026-02-09T13:30:00Z,NO1,143.59,15
2026-02-09T13:30:00Z,NO2,137.72,15
2026-02-09T13:30:00Z,NO3,139.37,15
2026-02-09T13:30:00Z,NO4,123.87,15
2026-02-09T13:30:00Z,NO5,142.00,15
2026-02-09T13:30:00Z,PL,145.81,15
2026-02-09T13:30:00Z,PT,0.03,15
2026-02-09T13:30:00Z,RO,148.47,15
2026-02-09T13:30:00Z,SE1,158.96,15
2026-02-09T13:30:00Z,SE2,147.24,15
2026-02-09T13:30:00Z,SE3,147.20,15
2026-02-09T13:30:00Z,SE4,146.29,15
2026-02-09T13:30:00Z,SI,150.70,15
2026-02-09T13:30:00Z,SK,147.47,15
2026-02-09T13:45:00Z,AT,159.30,15
2026-02-09T13:45:00Z,BE,132.29,15
2026-02-09T13:45:00Z,CZ,155.84,15
2026-02-09T13:45:00Z,DE-LU,151.20,15
2026-02-09T13:45:00Z,DK1,151.45,15
2026-02-09T13:45:00Z,DK2,155.36,15
2026-02-09T13:45:00Z,EE,224.11,15
2026-02-09T13:45:00Z,ES,-0.13,15
2026-02-09T13:45:00Z,FR,71.47,15
2026-02-09T13:45:00Z,GR,125.00,15
2026-02-09T13:45:00Z,HR,159.71,15
2026-02-09T13:45:00Z,HU,157.75,15
2026-02-09T13:45:00Z,IT-CNorth,138.57,15
2026-02-09T13:45:00Z,IT-CSouth,138.57,15
2026-02-09T13:45:00Z,IT-North,138.57,15
2026-02-09T13:45:00Z,IT-Sardinia,138.57,15
2026-02-09T13:45:00Z,LT,224.11,15
2026-02-09T13:45:00Z,LV,224.11,15
2026-02-09T13:45:00Z,NL,140.50,15
2026-02-09T13:45:00Z,NO1,153.10,15
2026-02-09T13:45:00Z,NO2,146.50,15
2026-02-09T13:45:00Z,NO3,149.30,15
2026-02-09T13:45:00Z,NO4,135.70,15
2026-02-09T13:45:00Z,NO5,151.40,15
2026-02-09T13:45:00Z,PL,155.13,15
2026-02-09T13:45:00Z,PT,0.02,15
2026-02-09T13:45:00Z,RO,157.99,15
2026-02-09T13:45:00Z,SE1,166.65,15
2026-02-09T13:45:00Z,SE2,156.32,15
2026-02-09T13:45:00Z,SE3,156.30,15
2026-02-09T13:45:00Z,SE4,155.50,15
2026-02-09T13:45:00Z,SI,160.39,15
2026-02-09T13:45:00Z,SK,156.92,15
2026-02-09T14:00:00Z,AT,135.36,15
2026-02-09T14:00:00Z,BE,112.87,15
2026-02-09T14:00:00Z,CH,141.83,60
2026-02-09T14:00:00Z,CZ,132.49,15
2026-02-09T14:00:00Z,DE-LU,128.85,15
2026-02-09T14:00:00Z,DK1,129.29,15
2026-02-09T14:00:00Z,DK2,154.87,15
2026-02-09T14:00:00Z,EE,200.10,15
2026-02-09T14:00:00Z,ES,1.00,15
2026-02-09T14:00:00Z,FI,200.00,15
2026-02-09T14:00:00Z,FR,62.86,15
2026-02-09T14:00:00Z,GR,113.43,15
2026-02-09T14:00:00Z,HR,135.69,15
2026-02-09T14:00:00Z,HU,134.08,15
2026-02-09T14:00:00Z,IT-CNorth,135.36,15
2026-02-09T14:00:00Z,IT-CSouth,128.37,15
2026-02-09T14:00:00Z,IT-North,135.36,15
2026-02-09T14:00:00Z,IT-Sardinia,128.37,15
2026-02-09T14:00:00Z,LT,200.10,15
2026-02-09T14:00:00Z,LV,200.10,15
2026-02-09T14:00:00Z,NL,120.08,15
2026-02-09T14:00:00Z,NO1,130.18,15
2026-02-09T14:00:00Z,NO2,124.84,15
2026-02-09T14:00:00Z,NO3,126.51,15
2026-02-09T14:00:00Z,NO4,113.12,15
2026-02-09T14:00:00Z,NO5,128.73,15
2026-02-09T14:00:00Z,PL,131.98,15
2026-02-09T14:00:00Z,RO,134.30,15
2026-02-09T14:00:00Z,RS,149.30,15
2026-02-09T14:00:00Z,SE1,142.57,15
2026-02-09T14:00:00Z,SE2,133.33,15
2026-02-09T14:00:00Z,SE3,133.32,15
2026-02-09T14:00:00Z,SE4,132.57,15
2026-02-09T14:00:00Z,SI,136.28,15
2026-02-09T14:00:00Z,SK,133.42,15
2026-02-09T14:15:00Z,AT,145.19,15
2026-02-09T14:15:00Z,BE,122.67,15
2026-02-09T14:15:00Z,CZ,142.32,15
2026-02-09T14:15:00Z,DE-LU,138.68,15
2026-02-09T14:15:00Z,DK1,139.06,15
2026-02-09T14:15:00Z,DK2,157.51,15
2026-02-09T14:15:00Z,EE,224.13,15
2026-02-09T14:15:00Z,ES,1.30,15
2026-02-09T14:15:00Z,FI,224.00,15
2026-02-09T14:15:00Z,FR,72.62,15
2026-02-09T14:15:00Z,GR,130.82,15
2026-02-09T14:15:00Z,HR,145.53,15
2026-02-09T14:15:00Z,HU,143.91,15
2026-02-09T14:15:00Z,IT-CNorth,138.33,15
2026-02-09T14:15:00Z,IT-North,138.33,15
2026-02-09T14:15:00Z,LT,224.13,15
2026-02-09T14:15:00Z,LV,224.13,15
2026-02-09T14:15:00Z,NL,129.90,15
2026-02-09T14:15:00Z,NO1,139.92,15
2026-02-09T14:15:00Z,NO2,134.36,15
2026-02-09T14:15:00Z,NO3,135.54,15
2026-02-09T14:15:00Z,NO4,119.38,15
2026-02-09T14:15:00Z,NO5,138.35,15
2026-02-09T14:15:00Z,PL,141.81,15
2026-02-09T14:15:00Z,PT,0.04,15
2026-02-09T14:15:00Z,RO,144.13,15
2026-02-09T14:15:00Z,SE1,154.84,15
2026-02-09T14:15:00Z,SE2,143.70,15
2026-02-09T14:15:00Z,SE3,143.69,15
2026-02-09T14:15:00Z,SE4,142.76,15
2026-02-09T14:15:00Z,SI,146.11,15
2026-02-09T14:15:00Z,SK,143.26,15
2026-02-09T14:30:00Z,AT,167.03,15
2026-02-09T14:30:00Z,BE,135.07,15
2026-02-09T14:30:00Z,CZ,162.95,15
2026-02-09T14:30:00Z,DE-LU,157.78,15
2026-02-09T14:30:00Z,DK1,158.08,15
2026-02-09T14:30:00Z,DK2,165.48,15
2026-02-09T14:30:00Z,EE,250.01,15
2026-02-09T14:30:00Z,ES,1.50,15
2026-02-09T14:30:00Z,FI,249.87,15
2026-02-09T14:30:00Z,FR,64.03,15
2026-02-09T14:30:00Z,GR,136.83,15
2026-02-09T14:30:00Z,HR,167.50,15
2026-02-09T14:30:00Z,HU,165.21,15
2026-02-09T14:30:00Z,IT-CNorth,140.00,15
2026-02-09T14:30:00Z,IT-North,140.00,15
2026-02-09T14:30:00Z,LT,250.01,15
2026-02-09T14:30:00Z,LV,250.01,15
2026-02-09T14:30:00Z,NL,145.32,15
2026-02-09T14:30:00Z,NO1,159.35,15
2026-02-09T14:30:00Z,NO2,152.87,15
2026-02-09T14:30:00Z,NO3,154.61,15
2026-02-09T14:30:00Z,NO4,137.23,15
2026-02-09T14:30:00Z,NO5,157.56,15
2026-02-09T14:30:00Z,PL,162.22,15
2026-02-09T14:30:00Z,PT,0.10,15
2026-02-09T14:30:00Z,RO,165.52,15
2026-02-09T14:30:00Z,SE1,175.41,15
2026-02-09T14:30:00Z,SE2,163.43,15
2026-02-09T14:30:00Z,SE3,163.42,15
2026-02-09T14:30:00Z,SE4,162.39,15
2026-02-09T14:30:00Z,SI,168.33,15
2026-02-09T14:30:00Z,SK,164.28,15
2026-02-09T14:45:00Z,AT,180.72,15
2026-02-09T14:45:00Z,BE,147.14,15
2026-02-09T14:45:00Z,CZ,176.43,15
2026-02-09T14:45:00Z,DE-LU,171.00,15
2026-02-09T14:45:00Z,DK1,171.43,15
2026-02-09T14:45:00Z,DK2,197.87,15
2026-02-09T14:45:00Z,EE,250.11,15
2026-02-09T14:45:00Z,ES,1.98,15
2026-02-09T14:45:00Z,FI,249.99,15
2026-02-09T14:45:00Z,FR,72.49,15
2026-02-09T14:45:00Z,GR,144.03,15
2026-02-09T14:45:00Z,HR,181.22,15
2026-02-09T14:45:00Z,HU,178.81,15
2026-02-09T14:45:00Z,IT-CNorth,144.00,15
2026-02-09T14:45:00Z,IT-CSouth,140.00,15
2026-02-09T14:45:00Z,IT-North,144.00,15
2026-02-09T14:45:00Z,IT-Sardinia,140.00,15
2026-02-09T14:45:00Z,IT-Sicily,140.00,15
2026-02-09T14:45:00Z,IT-South,140.00,15
2026-02-09T14:45:00Z,LT,250.11,15
2026-02-09T14:45:00Z,LV,250.11,15
2026-02-09T14:45:00Z,NL,157.91,15
2026-02-09T14:45:00Z,NO1,170.52,15
2026-02-09T14:45:00Z,NO2,165.69,15
2026-02-09T14:45:00Z,NO3,166.40,15
2026-02-09T14:45:00Z,NO4,151.11,15
2026-02-09T14:45:00Z,NO5,169.13,15
2026-02-09T14:45:00Z,PL,175.67,15
2026-02-09T14:45:00Z,PT,0.16,15
2026-02-09T14:45:00Z,RO,179.13,15
2026-02-09T14:45:00Z,SE1,184.62,15
2026-02-09T14:45:00Z,SE2,174.09,15
2026-02-09T14:45:00Z,SE3,174.08,15
2026-02-09T14:45:00Z,SE4,173.22,15
2026-02-09T14:45:00Z,SI,182.09,15
2026-02-09T14:45:00Z,SK,177.83,15
2026-02-09T15:00:00Z,AT,151.86,15
2026-02-09T15:00:00Z,BE,117.83,15
2026-02-09T15:00:00Z,CH,155.30,60
2026-02-09T15:00:00Z,CZ,147.06,15
2026-02-09T15:00:00Z,DE-LU,141.73,15
2026-02-09T15:00:00Z,DK1,142.07,15
2026-02-09T15:00:00Z,DK2,148.48,15
2026-02-09T15:00:00Z,EE,240.87,15
2026-02-09T15:00:00Z,ES,1.72,15
2026-02-09T15:00:00Z,FI,240.72,15
2026-02-09T15:00:00Z,FR,43.64,15
2026-02-09T15:00:00Z,GR,132.58,15
2026-02-09T15:00:00Z,HR,151.77,15
2026-02-09T15:00:00Z,HU,149.41,15
2026-02-09T15:00:00Z,IT-CNorth,151.86,15
2026-02-09T15:00:00Z,IT-CSouth,151.86,15
2026-02-09T15:00:00Z,IT-North,151.86,15
2026-02-09T15:00:00Z,IT-Sardinia,151.86,15
2026-02-09T15:00:00Z,IT-Sicily,151.86,15
2026-02-09T15:00:00Z,IT-South,151.86,15
2026-02-09T15:00:00Z,LT,240.87,15
2026-02-09T15:00:00Z,LV,240.87,15
2026-02-09T15:00:00Z,NL,128.61,15
2026-02-09T15:00:00Z,NO1,145.46,15
2026-02-09T15:00:00Z,NO2,137.32,15
2026-02-09T15:00:00Z,NO3,140.39,15
2026-02-09T15:00:00Z,NO4,122.22,15
2026-02-09T15:00:00Z,NO5,143.28,15
2026-02-09T15:00:00Z,PL,146.26,15
2026-02-09T15:00:00Z,RO,149.71,15
2026-02-09T15:00:00Z,RS,164.88,15
2026-02-09T15:00:00Z,SE1,165.49,15
2026-02-09T15:00:00Z,SE2,149.67,15
2026-02-09T15:00:00Z,SE3,149.75,15
2026-02-09T15:00:00Z,SE4,148.67,15
2026-02-09T15:00:00Z,SI,152.68,15
2026-02-09T15:00:00Z,SK,148.42,15
2026-02-09T15:15:00Z,AT,169.77,15
2026-02-09T15:15:00Z,BE,138.26,15
2026-02-09T15:15:00Z,CZ,165.32,15
2026-02-09T15:15:00Z,DE-LU,160.39,15
2026-02-09T15:15:00Z,DK1,160.66,15
2026-02-09T15:15:00Z,DK2,164.86,15
2026-02-09T15:15:00Z,EE,248.20,15
2026-02-09T15:15:00Z,ES,3.78,15
2026-02-09T15:15:00Z,FI,248.07,15
2026-02-09T15:15:00Z,FR,69.56,15
2026-02-09T15:15:00Z,GR,136.51,15
2026-02-09T15:15:00Z,HR,169.69,15
2026-02-09T15:15:00Z,HU,167.50,15
2026-02-09T15:15:00Z,IT-CNorth,160.00,15
2026-02-09T15:15:00Z,IT-CSouth,160.00,15
2026-02-09T15:15:00Z,IT-North,160.00,15
2026-02-09T15:15:00Z,IT-Sardinia,160.00,15
2026-02-09T15:15:00Z,IT-Sicily,160.00,15
2026-02-09T15:15:00Z,IT-South,160.00,15
2026-02-09T15:15:00Z,LT,248.20,15
2026-02-09T15:15:00Z,LV,248.20,15
2026-02-09T15:15:00Z,NL,148.24,15
2026-02-09T15:15:00Z,NO1,162.15,15
2026-02-09T15:15:00Z,NO2,155.40,15
2026-02-09T15:15:00Z,NO3,157.61,15
2026-02-09T15:15:00Z,NO4,141.19,15
2026-02-09T15:15:00Z,NO5,160.31,15
2026-02-09T15:15:00Z,PL,164.58,15
2026-02-09T15:15:00Z,PT,0.79,15
2026-02-09T15:15:00Z,RO,167.78,15
2026-02-09T15:15:00Z,SE1,180.21,15
2026-02-09T15:15:00Z,SE2,165.94,15
2026-02-09T15:15:00Z,SE3,166.01,15
2026-02-09T15:15:00Z,SE4,165.03,15
2026-02-09T15:15:00Z,SI,170.53,15
2026-02-09T15:15:00Z,SK,166.58,15
2026-02-09T15:30:00Z,AT,195.69,15
2026-02-09T15:30:00Z,BE,155.45,15
2026-02-09T15:30:00Z,CZ,190.28,15
2026-02-09T15:30:00Z,DE-LU,183.82,15
2026-02-09T15:30:00Z,DK1,185.22,15
2026-02-09T15:30:00Z,DK2,305.73,15
2026-02-09T15:30:00Z,EE,231.00,15
2026-02-09T15:30:00Z,ES,0.93,15
2026-02-09T15:30:00Z,FI,230.93,15
2026-02-09T15:30:00Z,FR,67.51,15
2026-02-09T15:30:00Z,GR,182.99,15
2026-02-09T15:30:00Z,HR,193.42,15
2026-02-09T15:30:00Z,HU,193.61,15
2026-02-09T15:30:00Z,IT-CNorth,169.74,15
2026-02-09T15:30:00Z,IT-CSouth,169.74,15
2026-02-09T15:30:00Z,IT-North,169.74,15
2026-02-09T15:30:00Z,IT-Sardinia,169.74,15
2026-02-09T15:30:00Z,IT-Sicily,169.74,15
2026-02-09T15:30:00Z,IT-South,169.74,15
2026-02-09T15:30:00Z,LT,231.00,15
2026-02-09T15:30:00Z,LV,231.00,15
2026-02-09T15:30:00Z,NL,168.24,15
2026-02-09T15:30:00Z,NO1,186.84,15
2026-02-09T15:30:00Z,NO2,178.11,15
2026-02-09T15:30:00Z,NO3,184.23,15
2026-02-09T15:30:00Z,NO4,176.07,15
2026-02-09T15:30:00Z,NO5,184.79,15
2026-02-09T15:30:00Z,PL,189.51,15
2026-02-09T15:30:00Z,PT,0.93,15
2026-02-09T15:30:00Z,RO,182.99,15
2026-02-09T15:30:00Z,SE1,196.14,15
2026-02-09T15:30:00Z,SE2,188.84,15
2026-02-09T15:30:00Z,SE3,188.91,15
2026-02-09T15:30:00Z,SE4,188.66,15
2026-02-09T15:30:00Z,SI,196.11,15
2026-02-09T15:30:00Z,SK,192.26,15
2026-02-09T15:45:00Z,AT,201.25,15
2026-02-09T15:45:00Z,BE,163.42,15
2026-02-09T15:45:00Z,CZ,195.91,15
2026-02-09T15:45:00Z,DE-LU,189.99,15
2026-02-09T15:45:00Z,DK1,192.94,15
2026-02-09T15:45:00Z,DK2,351.96,15
2026-02-09T15:45:00Z,EE,235.77,15
2026-02-09T15:45:00Z,ES,3.78,15
2026-02-09T15:45:00Z,FI,235.77,15
2026-02-09T15:45:00Z,FR,80.93,15
2026-02-09T15:45:00Z,GR,195.30,15
2026-02-09T15:45:00Z,HR,201.16,15
2026-02-09T15:45:00Z,HU,198.53,15
2026-02-09T15:45:00Z,IT-CNorth,165.78,15
2026-02-09T15:45:00Z,IT-CSouth,165.78,15
2026-02-09T15:45:00Z,IT-North,165.78,15
2026-02-09T15:45:00Z,IT-Sardinia,165.78,15
2026-02-09T15:45:00Z,IT-Sicily,165.78,15
2026-02-09T15:45:00Z,IT-South,165.78,15
2026-02-09T15:45:00Z,LT,235.77,15
2026-02-09T15:45:00Z,LV,235.77,15
2026-02-09T15:45:00Z,NL,175.40,15
2026-02-09T15:45:00Z,NO1,234.95,15
2026-02-09T15:45:00Z,NO2,184.10,15
2026-02-09T15:45:00Z,NO3,232.11,15
2026-02-09T15:45:00Z,NO4,234.41,15
2026-02-09T15:45:00Z,NO5,224.21,15
2026-02-09T15:45:00Z,PL,195.03,15
2026-02-09T15:45:00Z,PT,1.98,15
2026-02-09T15:45:00Z,RO,198.87,15
2026-02-09T15:45:00Z,SE1,235.32,15
2026-02-09T15:45:00Z,SE2,235.36,15
2026-02-09T15:45:00Z,SE3,235.68,15
2026-02-09T15:45:00Z,SE4,236.03,15
2026-02-09T15:45:00Z,SI,202.17,15
2026-02-09T15:45:00Z,SK,197.43,15
2026-02-09T16:00:00Z,AT,170.98,15
2026-02-09T16:00:00Z,BE,126.29,15
2026-02-09T16:00:00Z,CH,149.40,60
2026-02-09T16:00:00Z,CZ,180.20,15
2026-02-09T16:00:00Z,DE-LU,186.86,15
2026-02-09T16:00:00Z,DK1,189.07,15
2026-02-09T16:00:00Z,DK2,355.36,15
2026-02-09T16:00:00Z,EE,231.00,15
2026-02-09T16:00:00Z,ES,4.33,15
2026-02-09T16:00:00Z,FI,231.00,15
2026-02-09T16:00:00Z,FR,83.73,15
2026-02-09T16:00:00Z,GR,139.00,15
2026-02-09T16:00:00Z,HR,163.52,15
2026-02-09T16:00:00Z,HU,177.99,15
2026-02-09T16:00:00Z,IT-CNorth,148.57,15
2026-02-09T16:00:00Z,IT-CSouth,148.57,15
2026-02-09T16:00:00Z,IT-North,148.57,15
2026-02-09T16:00:00Z,IT-Sardinia,148.57,15
2026-02-09T16:00:00Z,IT-Sicily,148.57,15
2026-02-09T16:00:00Z,IT-South,148.57,15
2026-02-09T16:00:00Z,LT,231.00,15
2026-02-09T16:00:00Z,LV,231.00,15
2026-02-09T16:00:00Z,NL,169.06,15
2026-02-09T16:00:00Z,NO1,230.21,15
2026-02-09T16:00:00Z,NO2,182.28,15
2026-02-09T16:00:00Z,NO3,227.53,15
2026-02-09T16:00:00Z,NO4,229.69,15
2026-02-09T16:00:00Z,NO5,220.13,15
2026-02-09T16:00:00Z,PL,181.52,15
2026-02-09T16:00:00Z,PT,2.33,15
2026-02-09T16:00:00Z,RO,139.00,15
2026-02-09T16:00:00Z,RS,176.00,15
2026-02-09T16:00:00Z,SE1,230.56,15
2026-02-09T16:00:00Z,SE2,230.60,15
2026-02-09T16:00:00Z,SE3,230.89,15
2026-02-09T16:00:00Z,SE4,231.30,15
2026-02-09T16:00:00Z,SI,167.74,15
2026-02-09T16:00:00Z,SK,178.97,15
2026-02-09T16:15:00Z,AT,210.69,15
2026-02-09T16:15:00Z,BE,145.08,15
2026-02-09T16:15:00Z,CZ,223.55,15
2026-02-09T16:15:00Z,DE-LU,233.57,15
2026-02-09T16:15:00Z,DK1,235.50,15
2026-02-09T16:15:00Z,DK2,458.65,15
2026-02-09T16:15:00Z,EE,240.80,15
2026-02-09T16:15:00Z,ES,28.78,15
2026-02-09T16:15:00Z,FI,240.80,15
2026-02-09T16:15:00Z,FR,82.64,15
2026-02-09T16:15:00Z,GR,185.00,15
2026-02-09T16:15:00Z,HR,204.33,15
2026-02-09T16:15:00Z,HU,219.21,15
2026-02-09T16:15:00Z,IT-CNorth,146.00,15
2026-02-09T16:15:00Z,IT-CSouth,146.00,15
2026-02-09T16:15:00Z,IT-North,146.00,15
2026-02-09T16:15:00Z,IT-Sardinia,146.00,15
2026-02-09T16:15:00Z,IT-Sicily,146.00,15
2026-02-09T16:15:00Z,IT-South,146.00,15
2026-02-09T16:15:00Z,LT,240.80,15
2026-02-09T16:15:00Z,LV,240.80,15
2026-02-09T16:15:00Z,NL,207.56,15
2026-02-09T16:15:00Z,NO1,240.46,15
2026-02-09T16:15:00Z,NO2,227.11,15
2026-02-09T16:15:00Z,NO3,239.72,15
2026-02-09T16:15:00Z,NO4,240.31,15
2026-02-09T16:15:00Z,NO5,237.65,15
2026-02-09T16:15:00Z,PL,225.10,15
2026-02-09T16:15:00Z,PT,3.34,15
2026-02-09T16:15:00Z,RO,185.00,15
2026-02-09T16:15:00Z,SE1,240.60,15
2026-02-09T16:15:00Z,SE2,240.60,15
2026-02-09T16:15:00Z,SE3,240.68,15
2026-02-09T16:15:00Z,SE4,241.23,15
2026-02-09T16:15:00Z,SI,207.10,15
2026-02-09T16:15:00Z,SK,221.01,15
2026-02-09T16:30:00Z,AT,220.50,15
2026-02-09T16:30:00Z,BE,149.05,15
2026-02-09T16:30:00Z,CZ,233.68,15
2026-02-09T16:30:00Z,DE-LU,244.77,15
2026-02-09T16:30:00Z,DK1,246.91,15
2026-02-09T16:30:00Z,DK2,499.43,15
2026-02-09T16:30:00Z,EE,250.71,15
2026-02-09T16:30:00Z,ES,53.78,15
2026-02-09T16:30:00Z,FI,250.71,15
2026-02-09T16:30:00Z,FR,80.80,15
2026-02-09T16:30:00Z,GR,216.16,15
2026-02-09T16:30:00Z,HR,218.68,15
2026-02-09T16:30:00Z,HU,227.79,15
2026-02-09T16:30:00Z,IT-CNorth,159.65,15
2026-02-09T16:30:00Z,IT-CSouth,159.65,15
2026-02-09T16:30:00Z,IT-North,159.65,15
2026-02-09T16:30:00Z,IT-Sardinia,159.65,15
2026-02-09T16:30:00Z,IT-Sicily,159.65,15
2026-02-09T16:30:00Z,IT-South,159.65,15
2026-02-09T16:30:00Z,LT,250.71,15
2026-02-09T16:30:00Z,LV,250.71,15
2026-02-09T16:30:00Z,NL,216.59,15
2026-02-09T16:30:00Z,NO1,250.36,15
2026-02-09T16:30:00Z,NO2,237.98,15
2026-02-09T16:30:00Z,NO3,249.68,15
2026-02-09T16:30:00Z,NO4,250.22,15
2026-02-09T16:30:00Z,NO5,247.75,15
2026-02-09T16:30:00Z,PL,234.94,15
2026-02-09T16:30:00Z,PT,3.78,15
2026-02-09T16:30:00Z,RO,216.16,15
2026-02-09T16:30:00Z,SE1,250.51,15
2026-02-09T16:30:00Z,SE2,250.50,15
2026-02-09T16:30:00Z,SE3,250.57,15
2026-02-09T16:30:00Z,SE4,251.19,15
2026-02-09T16:30:00Z,SI,217.90,15
2026-02-09T16:30:00Z,SK,230.12,15
2026-02-09T16:45:00Z,AT,235.42,15
2026-02-09T16:45:00Z,BE,170.82,15
2026-02-09T16:45:00Z,CZ,240.57,15
2026-02-09T16:45:00Z,DE-LU,243.65,15
2026-02-09T16:45:00Z,DK1,245.50,15
2026-02-09T16:45:00Z,DK2,461.76,15
2026-02-09T16:45:00Z,EE,249.57,15
2026-02-09T16:45:00Z,ES,26.51,15
2026-02-09T16:45:00Z,FI,249.57,15
2026-02-09T16:45:00Z,FR,84.26,15
2026-02-09T16:45:00Z,GR,217.65,15
2026-02-09T16:45:00Z,HR,231.24,15
2026-02-09T16:45:00Z,HU,239.28,15
2026-02-09T16:45:00Z,IT-CNorth,165.78,15
2026-02-09T16:45:00Z,IT-CSouth,165.78,15
2026-02-09T16:45:00Z,IT-North,165.78,15
2026-02-09T16:45:00Z,IT-Sardinia,165.78,15
2026-02-09T16:45:00Z,IT-Sicily,165.78,15
2026-02-09T16:45:00Z,IT-South,165.78,15
2026-02-09T16:45:00Z,LT,249.57,15
2026-02-09T16:45:00Z,LV,249.57,15
2026-02-09T16:45:00Z,NL,218.58,15
2026-02-09T16:45:00Z,NO1,249.25,15
2026-02-09T16:45:00Z,NO2,236.88,15
2026-02-09T16:45:00Z,NO3,248.57,15
2026-02-09T16:45:00Z,NO4,249.11,15
2026-02-09T16:45:00Z,NO5,246.65,15
2026-02-09T16:45:00Z,PL,241.09,15
2026-02-09T16:45:00Z,PT,3.94,15
2026-02-09T16:45:00Z,RO,217.65,15
2026-02-09T16:45:00Z,SE1,249.39,15
2026-02-09T16:45:00Z,SE2,249.38,15
2026-02-09T16:45:00Z,SE3,249.46,15
2026-02-09T16:45:00Z,SE4,249.99,15
2026-02-09T16:45:00Z,SI,233.59,15
2026-02-09T16:45:00Z,SK,239.82,15
2026-02-09T17:00:00Z,AT,208.41,15
2026-02-09T17:00:00Z,BE,168.82,15
2026-02-09T17:00:00Z,CH,165.06,60
2026-02-09T17:00:00Z,CZ,202.74,15
2026-02-09T17:00:00Z,DE-LU,196.61,15
2026-02-09T17:00:00Z,DK1,199.68,15
2026-02-09T17:00:00Z,DK2,412.00,15
2026-02-09T17:00:00Z,EE,250.00,15
2026-02-09T17:00:00Z,ES,0.00,15
2026-02-09T17:00:00Z,FI,250.00,15
2026-02-09T17:00:00Z,FR,88.28,15
2026-02-09T17:00:00Z,GR,201.49,15
2026-02-09T17:00:00Z,HR,207.35,15
2026-02-09T17:00:00Z,HU,205.76,15
2026-02-09T17:00:00Z,IT-CNorth,158.11,15
2026-02-09T17:00:00Z,IT-CSouth,158.11,15
2026-02-09T17:00:00Z,IT-North,158.11,15
2026-02-09T17:00:00Z,IT-Sardinia,158.11,15
2026-02-09T17:00:00Z,IT-Sicily,158.11,15
2026-02-09T17:00:00Z,IT-South,158.11,15
2026-02-09T17:00:00Z,LT,250.00,15
2026-02-09T17:00:00Z,LV,250.00,15
2026-02-09T17:00:00Z,NL,181.73,15
2026-02-09T17:00:00Z,NO1,249.06,15
2026-02-09T17:00:00Z,NO2,191.93,15
2026-02-09T17:00:00Z,NO3,245.87,15
2026-02-09T17:00:00Z,NO4,248.44,15
2026-02-09T17:00:00Z,NO5,236.96,15
2026-02-09T17:00:00Z,PL,201.91,15
2026-02-09T17:00:00Z,PT,0.98,15
2026-02-09T17:00:00Z,RO,201.49,15
2026-02-09T17:00:00Z,RS,174.04,15
2026-02-09T17:00:00Z,SE1,249.47,15
2026-02-09T17:00:00Z,SE2,249.51,15
2026-02-09T17:00:00Z,SE3,249.87,15
2026-02-09T17:00:00Z,SE4,250.39,15
2026-02-09T17:00:00Z,SI,209.06,15
2026-02-09T17:00:00Z,SK,204.55,15
2026-02-09T17:15:00Z,AT,196.09,15
2026-02-09T17:15:00Z,BE,162.46,15
2026-02-09T17:15:00Z,CZ,191.18,15
2026-02-09T17:15:00Z,DE-LU,186.03,15
2026-02-09T17:15:00Z,DK1,188.58,15
2026-02-09T17:15:00Z,DK2,352.00,15
2026-02-09T17:15:00Z,EE,235.82,15
2026-02-09T17:15:00Z,ES,2.93,15
2026-02-09T17:15:00Z,FI,235.82,15
2026-02-09T17:15:00Z,FR,94.10,15
2026-02-09T17:15:00Z,GR,193.85,15
2026-02-09T17:15:00Z,HR,195.93,15
2026-02-09T17:15:00Z,HU,193.55,15
2026-02-09T17:15:00Z,IT-CNorth,172.49,15
2026-02-09T17:15:00Z,IT-CSouth,172.49,15
2026-02-09T17:15:00Z,IT-North,172.49,15
2026-02-09T17:15:00Z,IT-Sardinia,172.49,15
2026-02-09T17:15:00Z,IT-Sicily,172.49,15
2026-02-09T17:15:00Z,IT-South,172.49,15
2026-02-09T17:15:00Z,LT,235.82,15
2026-02-09T17:15:00Z,LV,235.82,15
2026-02-09T17:15:00Z,NL,173.40,15
2026-02-09T17:15:00Z,NO1,234.96,15
2026-02-09T17:15:00Z,NO2,181.57,15
2026-02-09T17:15:00Z,NO3,231.98,15
2026-02-09T17:15:00Z,NO4,234.38,15
2026-02-09T17:15:00Z,NO5,223.66,15
2026-02-09T17:15:00Z,PL,190.42,15
2026-02-09T17:15:00Z,PT,2.33,15
2026-02-09T17:15:00Z,RO,193.85,15
2026-02-09T17:15:00Z,SE1,235.34,15
2026-02-09T17:15:00Z,SE2,235.38,15
2026-02-09T17:15:00Z,SE3,235.72,15
2026-02-09T17:15:00Z,SE4,236.11,15
2026-02-09T17:15:00Z,SI,196.82,15
2026-02-09T17:15:00Z,SK,192.59,15
2026-02-09T17:30:00Z,AT,175.11,15
2026-02-09T17:30:00Z,BE,161.36,15
2026-02-09T17:30:00Z,CZ,173.11,15
2026-02-09T17:30:00Z,DE-LU,171.00,15
2026-02-09T17:30:00Z,DK1,173.35,15
2026-02-09T17:30:00Z,DK2,351.95,15
2026-02-09T17:30:00Z,EE,205.45,15
2026-02-09T17:30:00Z,ES,14.61,15
2026-02-09T17:30:00Z,FI,205.45,15
2026-02-09T17:30:00Z,FR,133.40,15
2026-02-09T17:30:00Z,GR,174.20,15
2026-02-09T17:30:00Z,HR,175.05,15
2026-02-09T17:30:00Z,HU,174.08,15
2026-02-09T17:30:00Z,LT,205.45,15
2026-02-09T17:30:00Z,LV,205.45,15
2026-02-09T17:30:00Z,NL,165.84,15
2026-02-09T17:30:00Z,NO1,204.79,15
2026-02-09T17:30:00Z,NO2,166.74,15
2026-02-09T17:30:00Z,NO3,202.67,15
2026-02-09T17:30:00Z,NO4,204.38,15
2026-02-09T17:30:00Z,NO5,196.74,15
2026-02-09T17:30:00Z,PL,172.79,15
2026-02-09T17:30:00Z,RO,174.20,15
2026-02-09T17:30:00Z,SE1,205.08,15
2026-02-09T17:30:00Z,SE2,205.11,15
2026-02-09T17:30:00Z,SE3,205.34,15
2026-02-09T17:30:00Z,SE4,205.78,15
2026-02-09T17:30:00Z,SI,175.41,15
2026-02-09T17:30:00Z,SK,173.68,15
2026-02-09T17:45:00Z,AT,177.16,15
2026-02-09T17:45:00Z,BE,170.72,15
2026-02-09T17:45:00Z,CZ,176.30,15
2026-02-09T17:45:00Z,DE-LU,175.26,15
2026-02-09T17:45:00Z,DK1,176.00,15
2026-02-09T17:45:00Z,DK2,241.26,15
2026-02-09T17:45:00Z,EE,182.32,15
2026-02-09T17:45:00Z,ES,35.50,15
2026-02-09T17:45:00Z,FI,182.32,15
2026-02-09T17:45:00Z,FR,157.58,15
2026-02-09T17:45:00Z,GR,173.73,15
2026-02-09T17:45:00Z,HR,176.52,15
2026-02-09T17:45:00Z,HU,176.91,15
2026-02-09T17:45:00Z,IT-CNorth,172.75,15
2026-02-09T17:45:00Z,IT-CSouth,172.75,15
2026-02-09T17:45:00Z,IT-North,172.75,15
2026-02-09T17:45:00Z,IT-Sardinia,172.75,15
2026-02-09T17:45:00Z,IT-Sicily,172.75,15
2026-02-09T17:45:00Z,IT-South,172.75,15
2026-02-09T17:45:00Z,LT,182.32,15
2026-02-09T17:45:00Z,LV,182.32,15
2026-02-09T17:45:00Z,NL,172.83,15
2026-02-09T17:45:00Z,NO1,182.11,15
2026-02-09T17:45:00Z,NO2,170.40,15
2026-02-09T17:45:00Z,NO3,181.46,15
2026-02-09T17:45:00Z,NO4,181.98,15
2026-02-09T17:45:00Z,NO5,179.63,15
2026-02-09T17:45:00Z,PL,176.20,15
2026-02-09T17:45:00Z,PT,3.94,15
2026-02-09T17:45:00Z,RO,173.73,15
2026-02-09T17:45:00Z,SE1,182.20,15
2026-02-09T17:45:00Z,SE2,182.21,15
2026-02-09T17:45:00Z,SE3,182.28,15
2026-02-09T17:45:00Z,SE4,182.45,15
2026-02-09T17:45:00Z,SI,177.15,15
2026-02-09T17:45:00Z,SK,176.67,15
2026-02-09T18:00:00Z,AT,191.42,15
2026-02-09T18:00:00Z,BE,179.89,15
2026-02-09T18:00:00Z,CH,149.62,60
2026-02-09T18:00:00Z,CZ,189.73,15
2026-02-09T18:00:00Z,DE-LU,187.92,15
2026-02-09T18:00:00Z,DK1,190.60,15
2026-02-09T18:00:00Z,DK2,351.52,15
2026-02-09T18:00:00Z,EE,244.36,15
2026-02-09T18:00:00Z,ES,79.14,15
2026-02-09T18:00:00Z,FI,244.36,15
2026-02-09T18:00:00Z,FR,156.40,15
2026-02-09T18:00:00Z,GR,190.65,15
2026-02-09T18:00:00Z,HR,191.36,15
2026-02-09T18:00:00Z,HU,190.54,15
2026-02-09T18:00:00Z,IT-CNorth,165.27,15
2026-02-09T18:00:00Z,IT-CSouth,165.27,15
2026-02-09T18:00:00Z,IT-North,165.27,15
2026-02-09T18:00:00Z,IT-Sardinia,165.27,15
2026-02-09T18:00:00Z,IT-Sicily,165.27,15
2026-02-09T18:00:00Z,IT-South,165.27,15
2026-02-09T18:00:00Z,LT,244.36,15
2026-02-09T18:00:00Z,LV,244.36,15
2026-02-09T18:00:00Z,NL,183.64,15
2026-02-09T18:00:00Z,NO1,243.39,15
2026-02-09T18:00:00Z,NO2,182.11,15
2026-02-09T18:00:00Z,NO3,239.96,15
2026-02-09T18:00:00Z,NO4,242.72,15
2026-02-09T18:00:00Z,NO5,230.60,15
2026-02-09T18:00:00Z,PL,189.48,15
2026-02-09T18:00:00Z,RO,190.65,15
2026-02-09T18:00:00Z,RS,162.03,15
2026-02-09T18:00:00Z,SE1,243.81,15
2026-02-09T18:00:00Z,SE2,243.86,15
2026-02-09T18:00:00Z,SE3,244.25,15
2026-02-09T18:00:00Z,SE4,244.64,15
2026-02-09T18:00:00Z,SI,191.67,15
2026-02-09T18:00:00Z,SK,190.22,15
2026-02-09T18:15:00Z,AT,176.45,15
2026-02-09T18:15:00Z,BE,156.92,15
2026-02-09T18:15:00Z,CZ,173.60,15
2026-02-09T18:15:00Z,DE-LU,170.54,15
2026-02-09T18:15:00Z,DK1,171.85,15
2026-02-09T18:15:00Z,DK2,213.71,15
2026-02-09T18:15:00Z,EE,213.62,15
2026-02-09T18:15:00Z,ES,64.89,15
2026-02-09T18:15:00Z,FI,213.61,15
2026-02-09T18:15:00Z,FR,117.12,15
2026-02-09T18:15:00Z,GR,175.16,15
2026-02-09T18:15:00Z,HR,176.36,15
2026-02-09T18:15:00Z,HU,174.97,15
2026-02-09T18:15:00Z,IT-CNorth,161.08,15
2026-02-09T18:15:00Z,IT-CSouth,161.08,15
2026-02-09T18:15:00Z,IT-North,161.08,15
2026-02-09T18:15:00Z,IT-Sardinia,161.08,15
2026-02-09T18:15:00Z,IT-Sicily,161.08,15
2026-02-09T18:15:00Z,IT-South,161.08,15
2026-02-09T18:15:00Z,LT,213.62,15
2026-02-09T18:15:00Z,LV,213.62,15
2026-02-09T18:15:00Z,NL,163.28,15
2026-02-09T18:15:00Z,NO1,212.92,15
2026-02-09T18:15:00Z,NO2,165.26,15
2026-02-09T18:15:00Z,NO3,210.25,15
2026-02-09T18:15:00Z,NO4,212.40,15
2026-02-09T18:15:00Z,NO5,202.97,15
2026-02-09T18:15:00Z,PL,173.16,15
2026-02-09T18:15:00Z,RO,175.16,15
2026-02-09T18:15:00Z,SE1,213.22,15
2026-02-09T18:15:00Z,SE2,213.27,15
2026-02-09T18:15:00Z,SE3,213.57,15
2026-02-09T18:15:00Z,SE4,213.68,15
2026-02-09T18:15:00Z,SI,176.88,15
2026-02-09T18:15:00Z,SK,174.42,15
2026-02-09T18:30:00Z,AT,167.47,15
2026-02-09T18:30:00Z,BE,145.25,15
2026-02-09T18:30:00Z,CZ,164.22,15
2026-02-09T18:30:00Z,DE-LU,160.74,15
2026-02-09T18:30:00Z,DK1,161.49,15
2026-02-09T18:30:00Z,DK2,185.23,15
2026-02-09T18:30:00Z,EE,185.18,15
2026-02-09T18:30:00Z,ES,68.80,15
2026-02-09T18:30:00Z,FI,185.18,15
2026-02-09T18:30:00Z,FR,99.99,15
2026-02-09T18:30:00Z,GR,165.99,15
2026-02-09T18:30:00Z,HR,167.36,15
2026-02-09T18:30:00Z,HU,165.78,15
2026-02-09T18:30:00Z,IT-CNorth,147.85,15
2026-02-09T18:30:00Z,IT-CSouth,147.85,15
2026-02-09T18:30:00Z,IT-North,147.85,15
2026-02-09T18:30:00Z,IT-Sardinia,147.85,15
2026-02-09T18:30:00Z,IT-Sicily,147.85,15
2026-02-09T18:30:00Z,IT-South,147.85,15
2026-02-09T18:30:00Z,LT,185.18,15
2026-02-09T18:30:00Z,LV,185.18,15
2026-02-09T18:30:00Z,NL,152.48,15
2026-02-09T18:30:00Z,NO1,184.75,15
2026-02-09T18:30:00Z,NO2,155.76,15
2026-02-09T18:30:00Z,NO3,183.13,15
2026-02-09T18:30:00Z,NO4,184.44,15
2026-02-09T18:30:00Z,NO5,178.70,15
2026-02-09T18:30:00Z,PL,163.73,15
2026-02-09T18:30:00Z,PT,4.28,15
2026-02-09T18:30:00Z,RO,165.99,15
2026-02-09T18:30:00Z,SE1,184.94,15
2026-02-09T18:30:00Z,SE2,184.97,15
2026-02-09T18:30:00Z,SE3,185.15,15
2026-02-09T18:30:00Z,SE4,185.22,15
2026-02-09T18:30:00Z,SI,167.95,15
2026-02-09T18:30:00Z,SK,165.16,15
2026-02-09T18:45:00Z,AT,149.64,15
2026-02-09T18:45:00Z,BE,131.15,15
2026-02-09T18:45:00Z,CZ,146.94,15
2026-02-09T18:45:00Z,DE-LU,144.04,15
2026-02-09T18:45:00Z,DK1,144.44,15
2026-02-09T18:45:00Z,DK2,157.18,15
2026-02-09T18:45:00Z,EE,157.14,15
2026-02-09T18:45:00Z,ES,67.38,15
2026-02-09T18:45:00Z,FI,157.14,15
2026-02-09T18:45:00Z,FR,93.48,15
2026-02-09T18:45:00Z,GR,148.41,15
2026-02-09T18:45:00Z,HR,149.55,15
2026-02-09T18:45:00Z,HU,148.24,15
2026-02-09T18:45:00Z,IT-CNorth,145.80,15
2026-02-09T18:45:00Z,IT-CSouth,145.80,15
2026-02-09T18:45:00Z,IT-North,145.80,15
2026-02-09T18:45:00Z,IT-Sardinia,145.80,15
2026-02-09T18:45:00Z,IT-Sicily,145.80,15
2026-02-09T18:45:00Z,IT-South,145.80,15
2026-02-09T18:45:00Z,LT,157.14,15
2026-02-09T18:45:00Z,LV,157.14,15
2026-02-09T18:45:00Z,NL,137.17,15
2026-02-09T18:45:00Z,NO1,156.89,15
2026-02-09T18:45:00Z,NO2,139.58,15
2026-02-09T18:45:00Z,NO3,155.92,15
2026-02-09T18:45:00Z,NO4,156.70,15
2026-02-09T18:45:00Z,NO5,153.28,15
2026-02-09T18:45:00Z,PL,146.53,15
2026-02-09T18:45:00Z,PT,7.20,15
2026-02-09T18:45:00Z,RO,148.41,15
2026-02-09T18:45:00Z,SE1,157.00,15
2026-02-09T18:45:00Z,SE2,157.02,15
2026-02-09T18:45:00Z,SE3,157.13,15
2026-02-09T18:45:00Z,SE4,157.17,15
2026-02-09T18:45:00Z,SI,150.05,15
2026-02-09T18:45:00Z,SK,147.72,15
2026-02-09T19:00:00Z,AT,170.37,15
2026-02-09T19:00:00Z,BE,145.60,15
2026-02-09T19:00:00Z,CH,142.49,60
2026-02-09T19:00:00Z,CZ,166.74,15
2026-02-09T19:00:00Z,DE-LU,162.88,15
2026-02-09T19:00:00Z,DK1,163.83,15
2026-02-09T19:00:00Z,DK2,244.40,15
2026-02-09T19:00:00Z,EE,173.68,15
2026-02-09T19:00:00Z,ES,82.98,15
2026-02-09T19:00:00Z,FI,173.68,15
2026-02-09T19:00:00Z,FR,94.93,15
2026-02-09T19:00:00Z,GR,166.46,15
2026-02-09T19:00:00Z,HR,170.26,15
2026-02-09T19:00:00Z,HU,168.50,15
2026-02-09T19:00:00Z,IT-CNorth,165.78,15
2026-02-09T19:00:00Z,IT-CSouth,165.78,15
2026-02-09T19:00:00Z,IT-North,165.78,15
2026-02-09T19:00:00Z,IT-Sardinia,165.78,15
2026-02-09T19:00:00Z,IT-Sicily,165.78,15
2026-02-09T19:00:00Z,IT-South,165.78,15
2026-02-09T19:00:00Z,LT,173.68,15
2026-02-09T19:00:00Z,LV,173.68,15
2026-02-09T19:00:00Z,NL,153.80,15
2026-02-09T19:00:00Z,NO1,173.41,15
2026-02-09T19:00:00Z,NO2,157.83,15
2026-02-09T19:00:00Z,NO3,172.54,15
2026-02-09T19:00:00Z,NO4,173.24,15
2026-02-09T19:00:00Z,NO5,170.16,15
2026-02-09T19:00:00Z,PL,166.20,15
2026-02-09T19:00:00Z,PT,10.36,15
2026-02-09T19:00:00Z,RO,168.72,15
2026-02-09T19:00:00Z,RS,147.01,15
2026-02-09T19:00:00Z,SE1,173.53,15
2026-02-09T19:00:00Z,SE2,173.54,15
2026-02-09T19:00:00Z,SE3,173.63,15
2026-02-09T19:00:00Z,SE4,173.84,15
2026-02-09T19:00:00Z,SI,170.91,15
2026-02-09T19:00:00Z,SK,167.77,15
2026-02-09T19:15:00Z,AT,154.62,15
2026-02-09T19:15:00Z,BE,133.77,15
2026-02-09T19:15:00Z,CZ,151.56,15
2026-02-09T19:15:00Z,DE-LU,148.31,15
2026-02-09T19:15:00Z,DK1,148.69,15
2026-02-09T19:15:00Z,DK2,181.80,15
2026-02-09T19:15:00Z,EE,151.99,15
2026-02-09T19:15:00Z,ES,76.13,15
2026-02-09T19:15:00Z,FI,151.99,15
2026-02-09T19:15:00Z,FR,91.13,15
2026-02-09T19:15:00Z,GR,153.23,15
2026-02-09T19:15:00Z,HR,154.52,15
2026-02-09T19:15:00Z,HU,153.04,15
2026-02-09T19:15:00Z,IT-CNorth,154.22,15
2026-02-09T19:15:00Z,IT-CSouth,154.22,15
2026-02-09T19:15:00Z,IT-North,154.22,15
2026-02-09T19:15:00Z,IT-Sardinia,154.22,15
2026-02-09T19:15:00Z,IT-Sicily,154.22,15
2026-02-09T19:15:00Z,IT-South,154.22,15
2026-02-09T19:15:00Z,LT,151.99,15
2026-02-09T19:15:00Z,LV,151.99,15
2026-02-09T19:15:00Z,NL,140.67,15
2026-02-09T19:15:00Z,NO1,151.85,15
2026-02-09T19:15:00Z,NO2,143.71,15
2026-02-09T19:15:00Z,NO3,151.40,15
2026-02-09T19:15:00Z,NO4,151.76,15
2026-02-09T19:15:00Z,NO5,150.16,15
2026-02-09T19:15:00Z,PL,151.11,15
2026-02-09T19:15:00Z,RO,153.23,15
2026-02-09T19:15:00Z,SE1,151.91,15
2026-02-09T19:15:00Z,SE2,151.92,15
2026-02-09T19:15:00Z,SE3,151.97,15
2026-02-09T19:15:00Z,SE4,152.06,15
2026-02-09T19:15:00Z,SI,155.07,15
2026-02-09T19:15:00Z,SK,152.43,15
2026-02-09T19:30:00Z,AT,144.89,15
2026-02-09T19:30:00Z,BE,127.10,15
2026-02-09T19:30:00Z,CZ,142.28,15
2026-02-09T19:30:00Z,DE-LU,139.51,15
2026-02-09T19:30:00Z,DK1,139.63,15
2026-02-09T19:30:00Z,DK2,144.98,15
2026-02-09T19:30:00Z,EE,143.02,15
2026-02-09T19:30:00Z,ES,75.20,15
2026-02-09T19:30:00Z,FI,143.02,15
2026-02-09T19:30:00Z,FR,90.72,15
2026-02-09T19:30:00Z,GR,143.71,15
2026-02-09T19:30:00Z,HR,144.81,15
2026-02-09T19:30:00Z,HU,143.55,15
2026-02-09T19:30:00Z,IT-CNorth,142.50,15
2026-02-09T19:30:00Z,IT-CSouth,142.50,15
2026-02-09T19:30:00Z,IT-North,142.50,15
2026-02-09T19:30:00Z,IT-Sardinia,142.50,15
2026-02-09T19:30:00Z,IT-Sicily,142.50,15
2026-02-09T19:30:00Z,IT-South,142.50,15
2026-02-09T19:30:00Z,LT,143.02,15
2026-02-09T19:30:00Z,LV,143.02,15
2026-02-09T19:30:00Z,NL,132.99,15
2026-02-09T19:30:00Z,NO1,142.91,15
2026-02-09T19:30:00Z,NO2,135.18,15
2026-02-09T19:30:00Z,NO3,142.47,15
2026-02-09T19:30:00Z,NO4,142.82,15
2026-02-09T19:30:00Z,NO5,141.30,15
2026-02-09T19:30:00Z,PL,141.90,15
2026-02-09T19:30:00Z,RO,143.71,15
2026-02-09T19:30:00Z,SE1,142.96,15
2026-02-09T19:30:00Z,SE2,142.97,15
2026-02-09T19:30:00Z,SE3,143.01,15
2026-02-09T19:30:00Z,SE4,143.04,15
2026-02-09T19:30:00Z,SI,145.28,15
2026-02-09T19:30:00Z,SK,143.02,15
2026-02-09T19:45:00Z,AT,129.90,15
2026-02-09T19:45:00Z,BE,116.40,15
2026-02-09T19:45:00Z,CZ,127.92,15
2026-02-09T19:45:00Z,DE-LU,125.81,15
2026-02-09T19:45:00Z,DK1,125.91,15
2026-02-09T19:45:00Z,DK2,129.00,15
2026-02-09T19:45:00Z,EE,128.99,15
2026-02-09T19:45:00Z,ES,59.12,15
2026-02-09T19:45:00Z,FI,128.99,15
2026-02-09T19:45:00Z,FR,88.80,15
2026-02-09T19:45:00Z,GR,129.00,15
2026-02-09T19:45:00Z,HR,129.83,15
2026-02-09T19:45:00Z,HU,128.88,15
2026-02-09T19:45:00Z,IT-CNorth,129.90,15
2026-02-09T19:45:00Z,IT-CSouth,129.90,15
2026-02-09T19:45:00Z,IT-North,129.90,15
2026-02-09T19:45:00Z,IT-Sardinia,129.90,15
2026-02-09T19:45:00Z,IT-Sicily,129.90,15
2026-02-09T19:45:00Z,IT-South,129.90,15
2026-02-09T19:45:00Z,LT,128.99,15
2026-02-09T19:45:00Z,LV,128.99,15
2026-02-09T19:45:00Z,NL,120.87,15
2026-02-09T19:45:00Z,NO1,128.88,15
2026-02-09T19:45:00Z,NO2,121.91,15
2026-02-09T19:45:00Z,NO3,128.49,15
2026-02-09T19:45:00Z,NO4,128.81,15
2026-02-09T19:45:00Z,NO5,127.43,15
2026-02-09T19:45:00Z,PL,127.63,15
2026-02-09T19:45:00Z,RO,129.00,15
2026-02-09T19:45:00Z,SE1,128.93,15
2026-02-09T19:45:00Z,SE2,128.94,15
2026-02-09T19:45:00Z,SE3,128.98,15
2026-02-09T19:45:00Z,SE4,128.99,15
2026-02-09T19:45:00Z,SI,130.19,15
2026-02-09T19:45:00Z,SK,128.48,15
2026-02-09T20:00:00Z,AT,152.32,15
2026-02-09T20:00:00Z,BE,132.91,15
2026-02-09T20:00:00Z,CH,131.90,60
2026-02-09T20:00:00Z,CZ,149.48,15
2026-02-09T20:00:00Z,DE-LU,146.31,15
2026-02-09T20:00:00Z,DK1,146.41,15
2026-02-09T20:00:00Z,DK2,150.02,15
2026-02-09T20:00:00Z,EE,150.00,15
2026-02-09T20:00:00Z,ES,60.48,15
2026-02-09T20:00:00Z,FI,150.00,15
2026-02-09T20:00:00Z,FR,92.70,15
2026-02-09T20:00:00Z,GR,151.02,15
2026-02-09T20:00:00Z,HR,152.23,15
2026-02-09T20:00:00Z,HU,150.86,15
2026-02-09T20:00:00Z,IT-CNorth,152.32,15
2026-02-09T20:00:00Z,IT-CSouth,152.32,15
2026-02-09T20:00:00Z,IT-North,152.32,15
2026-02-09T20:00:00Z,IT-Sardinia,152.32,15
2026-02-09T20:00:00Z,IT-Sicily,152.32,15
2026-02-09T20:00:00Z,IT-South,152.32,15
2026-02-09T20:00:00Z,LT,150.00,15
2026-02-09T20:00:00Z,LV,150.00,15
2026-02-09T20:00:00Z,NL,139.22,15
2026-02-09T20:00:00Z,NO1,149.88,15
2026-02-09T20:00:00Z,NO2,141.78,15
2026-02-09T20:00:00Z,NO3,149.43,15
2026-02-09T20:00:00Z,NO4,149.79,15
2026-02-09T20:00:00Z,NO5,148.20,15
2026-02-09T20:00:00Z,PL,149.04,15
2026-02-09T20:00:00Z,RO,151.02,15
2026-02-09T20:00:00Z,RS,131.92,15
2026-02-09T20:00:00Z,SE1,149.93,15
2026-02-09T20:00:00Z,SE2,149.94,15
2026-02-09T20:00:00Z,SE3,149.99,15
2026-02-09T20:00:00Z,SE4,150.01,15
2026-02-09T20:00:00Z,SI,152.74,15
2026-02-09T20:00:00Z,SK,150.28,15
2026-02-09T20:15:00Z,AT,149.37,15
2026-02-09T20:15:00Z,BE,127.65,15
2026-02-09T20:15:00Z,CZ,146.20,15
2026-02-09T20:15:00Z,DE-LU,142.66,15
2026-02-09T20:15:00Z,DK1,142.75,15
2026-02-09T20:15:00Z,DK2,146.27,15
2026-02-09T20:15:00Z,EE,146.25,15
2026-02-09T20:15:00Z,ES,53.50,15
2026-02-09T20:15:00Z,FI,146.25,15
2026-02-09T20:15:00Z,FR,82.65,15
2026-02-09T20:15:00Z,GR,147.93,15
2026-02-09T20:15:00Z,HR,149.28,15
2026-02-09T20:15:00Z,HU,147.74,15
2026-02-09T20:15:00Z,IT-CNorth,149.85,15
2026-02-09T20:15:00Z,IT-CSouth,149.85,15
2026-02-09T20:15:00Z,IT-North,149.85,15
2026-02-09T20:15:00Z,IT-Sardinia,149.85,15
2026-02-09T20:15:00Z,IT-Sicily,149.85,15
2026-02-09T20:15:00Z,IT-South,149.85,15
2026-02-09T20:15:00Z,LT,146.25,15
2026-02-09T20:15:00Z,LV,146.25,15
2026-02-09T20:15:00Z,NL,134.72,15
2026-02-09T20:15:00Z,NO1,146.14,15
2026-02-09T20:15:00Z,NO2,138.23,15
2026-02-09T20:15:00Z,NO3,145.69,15
2026-02-09T20:15:00Z,NO4,146.05,15
2026-02-09T20:15:00Z,NO5,144.49,15
2026-02-09T20:15:00Z,PL,145.71,15
2026-02-09T20:15:00Z,RO,147.93,15
2026-02-09T20:15:00Z,SE1,146.19,15
2026-02-09T20:15:00Z,SE2,146.19,15
2026-02-09T20:15:00Z,SE3,146.24,15
2026-02-09T20:15:00Z,SE4,146.26,15
2026-02-09T20:15:00Z,SI,149.85,15
2026-02-09T20:15:00Z,SK,147.09,15
2026-02-09T20:30:00Z,AT,138.55,15
2026-02-09T20:30:00Z,BE,114.29,15
2026-02-09T20:30:00Z,CZ,135.01,15
2026-02-09T20:30:00Z,DE-LU,131.05,15
2026-02-09T20:30:00Z,DK1,131.14,15
2026-02-09T20:30:00Z,DK2,134.37,15
2026-02-09T20:30:00Z,EE,134.46,15
2026-02-09T20:30:00Z,ES,45.54,15
2026-02-09T20:30:00Z,FI,134.46,15
2026-02-09T20:30:00Z,FR,64.04,15
2026-02-09T20:30:00Z,GR,136.94,15
2026-02-09T20:30:00Z,HR,138.45,15
2026-02-09T20:30:00Z,HU,136.73,15
2026-02-09T20:30:00Z,IT-CNorth,139.08,15
2026-02-09T20:30:00Z,IT-CSouth,139.08,15
2026-02-09T20:30:00Z,IT-North,139.08,15
2026-02-09T20:30:00Z,IT-Sardinia,139.08,15
2026-02-09T20:30:00Z,IT-Sicily,139.08,15
2026-02-09T20:30:00Z,IT-South,139.08,15
2026-02-09T20:30:00Z,LT,134.46,15
2026-02-09T20:30:00Z,LV,134.46,15
2026-02-09T20:30:00Z,NL,122.19,15
2026-02-09T20:30:00Z,NO1,134.24,15
2026-02-09T20:30:00Z,NO2,126.99,15
2026-02-09T20:30:00Z,NO3,133.83,15
2026-02-09T20:30:00Z,NO4,134.14,15
2026-02-09T20:30:00Z,NO5,132.73,15
2026-02-09T20:30:00Z,PL,134.46,15
2026-02-09T20:30:00Z,PT,8.78,15
2026-02-09T20:30:00Z,RO,136.94,15
2026-02-09T20:30:00Z,SE1,134.31,15
2026-02-09T20:30:00Z,SE2,134.30,15
2026-02-09T20:30:00Z,SE3,134.35,15
2026-02-09T20:30:00Z,SE4,134.36,15
2026-02-09T20:30:00Z,SI,139.08,15
2026-02-09T20:30:00Z,SK,136.00,15
2026-02-09T20:45:00Z,AT,127.71,15
2026-02-09T20:45:00Z,BE,97.53,15
2026-02-09T20:45:00Z,CZ,123.30,15
2026-02-09T20:45:00Z,DE-LU,118.38,15
2026-02-09T20:45:00Z,DK1,118.50,15
2026-02-09T20:45:00Z,DK2,122.63,15
2026-02-09T20:45:00Z,EE,122.62,15
2026-02-09T20:45:00Z,ES,10.03,15
2026-02-09T20:45:00Z,FI,122.62,15
2026-02-09T20:45:00Z,FR,35.02,15
2026-02-09T20:45:00Z,GR,125.71,15
2026-02-09T20:45:00Z,HR,127.58,15
2026-02-09T20:45:00Z,HU,125.44,15
2026-02-09T20:45:00Z,IT-CNorth,128.37,15
2026-02-09T20:45:00Z,IT-CSouth,128.37,15
2026-02-09T20:45:00Z,IT-North,128.37,15
2026-02-09T20:45:00Z,IT-Sardinia,128.37,15
2026-02-09T20:45:00Z,IT-Sicily,128.37,15
2026-02-09T20:45:00Z,IT-South,128.37,15
2026-02-09T20:45:00Z,LT,122.62,15
2026-02-09T20:45:00Z,LV,122.62,15
2026-02-09T20:45:00Z,NL,107.36,15
2026-02-09T20:45:00Z,NO1,122.50,15
2026-02-09T20:45:00Z,NO2,114.71,15
2026-02-09T20:45:00Z,NO3,122.07,15
2026-02-09T20:45:00Z,NO4,122.42,15
2026-02-09T20:45:00Z,NO5,120.88,15
2026-02-09T20:45:00Z,PL,122.62,15
2026-02-09T20:45:00Z,PT,4.28,15
2026-02-09T20:45:00Z,RO,125.71,15
2026-02-09T20:45:00Z,SE1,122.56,15
2026-02-09T20:45:00Z,SE2,122.56,15
2026-02-09T20:45:00Z,SE3,122.61,15
2026-02-09T20:45:00Z,SE4,122.63,15
2026-02-09T20:45:00Z,SI,128.37,15
2026-02-09T20:45:00Z,SK,124.54,15
2026-02-09T21:00:00Z,AT,138.60,15
2026-02-09T21:00:00Z,BE,112.08,15
2026-02-09T21:00:00Z,CH,124.39,60
2026-02-09T21:00:00Z,CZ,134.72,15
2026-02-09T21:00:00Z,DE-LU,130.45,15
2026-02-09T21:00:00Z,DK1,130.55,15
2026-02-09T21:00:00Z,DK2,133.75,15
2026-02-09T21:00:00Z,EE,134.13,15
2026-02-09T21:00:00Z,ES,-10.00,15
2026-02-09T21:00:00Z,FI,134.13,15
2026-02-09T21:00:00Z,FR,57.58,15
2026-02-09T21:00:00Z,GR,136.85,15
2026-02-09T21:00:00Z,HR,138.49,15
2026-02-09T21:00:00Z,HU,136.60,15
2026-02-09T21:00:00Z,IT-CNorth,130.00,15
2026-02-09T21:00:00Z,IT-CSouth,130.00,15
2026-02-09T21:00:00Z,IT-North,130.00,15
2026-02-09T21:00:00Z,IT-Sardinia,130.00,15
2026-02-09T21:00:00Z,IT-Sicily,130.00,15
2026-02-09T21:00:00Z,IT-South,130.00,15
2026-02-09T21:00:00Z,LT,134.13,15
2026-02-09T21:00:00Z,LV,134.13,15
2026-02-09T21:00:00Z,NL,120.93,15
2026-02-09T21:00:00Z,NO1,133.62,15
2026-02-09T21:00:00Z,NO2,126.41,15
2026-02-09T21:00:00Z,NO3,133.19,15
2026-02-09T21:00:00Z,NO4,133.44,15
2026-02-09T21:00:00Z,NO5,132.11,15
2026-02-09T21:00:00Z,PL,134.13,15
2026-02-09T21:00:00Z,PT,3.94,15
2026-02-09T21:00:00Z,RO,136.85,15
2026-02-09T21:00:00Z,RS,108.06,15
2026-02-09T21:00:00Z,SE1,133.75,15
2026-02-09T21:00:00Z,SE2,133.69,15
2026-02-09T21:00:00Z,SE3,133.73,15
2026-02-09T21:00:00Z,SE4,133.75,15
2026-02-09T21:00:00Z,SI,139.17,15
2026-02-09T21:00:00Z,SK,135.81,15
2026-02-09T21:15:00Z,AT,132.81,15
2026-02-09T21:15:00Z,BE,105.18,15
2026-02-09T21:15:00Z,CZ,128.77,15
2026-02-09T21:15:00Z,DE-LU,124.32,15
2026-02-09T21:15:00Z,DK1,124.42,15
2026-02-09T21:15:00Z,DK2,127.55,15
2026-02-09T21:15:00Z,EE,128.16,15
2026-02-09T21:15:00Z,ES,-5.00,15
2026-02-09T21:15:00Z,FI,128.16,15
2026-02-09T21:15:00Z,FR,48.37,15
2026-02-09T21:15:00Z,GR,130.99,15
2026-02-09T21:15:00Z,HR,132.70,15
2026-02-09T21:15:00Z,HU,130.73,15
2026-02-09T21:15:00Z,IT-CNorth,128.37,15
2026-02-09T21:15:00Z,IT-CSouth,128.37,15
2026-02-09T21:15:00Z,IT-North,128.37,15
2026-02-09T21:15:00Z,IT-Sardinia,128.37,15
2026-02-09T21:15:00Z,IT-Sicily,128.37,15
2026-02-09T21:15:00Z,IT-South,128.37,15
2026-02-09T21:15:00Z,LT,128.16,15
2026-02-09T21:15:00Z,LV,128.16,15
2026-02-09T21:15:00Z,NL,114.40,15
2026-02-09T21:15:00Z,NO1,127.42,15
2026-02-09T21:15:00Z,NO2,120.47,15
2026-02-09T21:15:00Z,NO3,127.00,15
2026-02-09T21:15:00Z,NO4,127.19,15
2026-02-09T21:15:00Z,NO5,125.97,15
2026-02-09T21:15:00Z,PL,128.16,15
2026-02-09T21:15:00Z,RO,130.99,15
2026-02-09T21:15:00Z,SE1,127.59,15
2026-02-09T21:15:00Z,SE2,127.50,15
2026-02-09T21:15:00Z,SE3,127.54,15
2026-02-09T21:15:00Z,SE4,127.55,15
2026-02-09T21:15:00Z,SI,133.41,15
2026-02-09T21:15:00Z,SK,129.91,15
2026-02-09T21:30:00Z,AT,127.08,15
2026-02-09T21:30:00Z,BE,114.10,15
2026-02-09T21:30:00Z,CZ,125.18,15
2026-02-09T21:30:00Z,DE-LU,123.09,15
2026-02-09T21:30:00Z,DK1,123.18,15
2026-02-09T21:30:00Z,DK2,126.12,15
2026-02-09T21:30:00Z,EE,126.07,15
2026-02-09T21:30:00Z,ES,0.00,15
2026-02-09T21:30:00Z,FI,126.07,15
2026-02-09T21:30:00Z,FR,87.42,15
2026-02-09T21:30:00Z,GR,126.22,15
2026-02-09T21:30:00Z,HR,127.03,15
2026-02-09T21:30:00Z,HU,126.10,15
2026-02-09T21:30:00Z,IT-CNorth,127.36,15
2026-02-09T21:30:00Z,IT-CSouth,127.36,15
2026-02-09T21:30:00Z,IT-North,127.36,15
2026-02-09T21:30:00Z,IT-Sardinia,127.36,15
2026-02-09T21:30:00Z,IT-Sicily,127.36,15
2026-02-09T21:30:00Z,IT-South,127.36,15
2026-02-09T21:30:00Z,LT,126.07,15
2026-02-09T21:30:00Z,LV,126.07,15
2026-02-09T21:30:00Z,NL,118.43,15
2026-02-09T21:30:00Z,NO1,126.01,15
2026-02-09T21:30:00Z,NO2,119.28,15
2026-02-09T21:30:00Z,NO3,125.63,15
2026-02-09T21:30:00Z,NO4,125.94,15
2026-02-09T21:30:00Z,NO5,124.60,15
2026-02-09T21:30:00Z,PL,124.89,15
2026-02-09T21:30:00Z,RO,126.22,15
2026-02-09T21:30:00Z,SE1,126.04,15
2026-02-09T21:30:00Z,SE2,126.06,15
2026-02-09T21:30:00Z,SE3,126.10,15
2026-02-09T21:30:00Z,SE4,126.11,15
2026-02-09T21:30:00Z,SI,127.36,15
2026-02-09T21:30:00Z,SK,125.71,15
2026-02-09T21:45:00Z,AT,118.07,15
2026-02-09T21:45:00Z,BE,103.94,15
2026-02-09T21:45:00Z,CZ,116.00,15
2026-02-09T21:45:00Z,DE-LU,113.72,15
2026-02-09T21:45:00Z,DK1,113.81,15
2026-02-09T21:45:00Z,DK2,116.60,15
2026-02-09T21:45:00Z,EE,116.59,15
2026-02-09T21:45:00Z,ES,5.37,15
2026-02-09T21:45:00Z,FI,116.59,15
2026-02-09T21:45:00Z,FR,74.91,15
2026-02-09T21:45:00Z,GR,117.14,15
2026-02-09T21:45:00Z,HR,118.01,15
2026-02-09T21:45:00Z,HU,117.00,15
2026-02-09T21:45:00Z,LT,116.59,15
2026-02-09T21:45:00Z,LV,116.59,15
2026-02-09T21:45:00Z,NL,108.66,15
2026-02-09T21:45:00Z,NO1,116.50,15
2026-02-09T21:45:00Z,NO2,110.52,15
2026-02-09T21:45:00Z,NO3,116.17,15
2026-02-09T21:45:00Z,NO4,116.44,15
2026-02-09T21:45:00Z,NO5,115.26,15
2026-02-09T21:45:00Z,PL,115.69,15
2026-02-09T21:45:00Z,PT,3.34,15
2026-02-09T21:45:00Z,RO,117.14,15
2026-02-09T21:45:00Z,SE1,116.54,15
2026-02-09T21:45:00Z,SE2,116.55,15
2026-02-09T21:45:00Z,SE3,116.59,15
2026-02-09T21:45:00Z,SE4,116.60,15
2026-02-09T21:45:00Z,SI,118.37,15
2026-02-09T21:45:00Z,SK,116.58,15
2026-02-09T22:00:00Z,AT,121.79,15
2026-02-09T22:00:00Z,BE,105.47,15
2026-02-09T22:00:00Z,CH,113.85,60
2026-02-09T22:00:00Z,CZ,119.76,15
2026-02-09T22:00:00Z,DE-LU,117.03,15
2026-02-09T22:00:00Z,DK1,117.03,15
2026-02-09T22:00:00Z,DK2,120.02,15
2026-02-09T22:00:00Z,EE,120.01,15
2026-02-09T22:00:00Z,ES,12.78,15
2026-02-09T22:00:00Z,FI,120.01,15
2026-02-09T22:00:00Z,FR,70.77,15
2026-02-09T22:00:00Z,GR,120.93,15
2026-02-09T22:00:00Z,HR,122.09,15
2026-02-09T22:00:00Z,HU,120.95,15
2026-02-09T22:00:00Z,IT-CNorth,125.71,15
2026-02-09T22:00:00Z,IT-CSouth,125.71,15
2026-02-09T22:00:00Z,IT-North,125.71,15
2026-02-09T22:00:00Z,IT-Sardinia,125.71,15
2026-02-09T22:00:00Z,IT-Sicily,125.71,15
2026-02-09T22:00:00Z,IT-South,125.71,15
2026-02-09T22:00:00Z,LT,120.01,15
2026-02-09T22:00:00Z,LV,120.01,15
2026-02-09T22:00:00Z,NL,110.85,15
2026-02-09T22:00:00Z,NO1,119.90,15
2026-02-09T22:00:00Z,NO2,113.08,15
2026-02-09T22:00:00Z,NO3,119.52,15
2026-02-09T22:00:00Z,NO4,119.83,15
2026-02-09T22:00:00Z,NO5,118.49,15
2026-02-09T22:00:00Z,PL,119.42,15
2026-02-09T22:00:00Z,PT,2.33,15
2026-02-09T22:00:00Z,RO,120.93,15
2026-02-09T22:00:00Z,RS,114.05,15
2026-02-09T22:00:00Z,SE1,119.95,15
2026-02-09T22:00:00Z,SE2,119.96,15
2026-02-09T22:00:00Z,SE3,120.00,15
2026-02-09T22:00:00Z,SE4,120.01,15
2026-02-09T22:00:00Z,SI,122.56,15
2026-02-09T22:00:00Z,SK,120.45,15
2026-02-09T22:15:00Z,AT,115.90,15
2026-02-09T22:15:00Z,BE,92.35,15
2026-02-09T22:15:00Z,CZ,113.10,15
2026-02-09T22:15:00Z,DE-LU,109.09,15
2026-02-09T22:15:00Z,DK1,109.09,15
2026-02-09T22:15:00Z,DK2,112.70,15
2026-02-09T22:15:00Z,EE,112.69,15
2026-02-09T22:15:00Z,ES,0.00,15
2026-02-09T22:15:00Z,FI,112.69,15
2026-02-09T22:15:00Z,FR,42.16,15
2026-02-09T22:15:00Z,GR,109.50,15
2026-02-09T22:15:00Z,HR,115.36,15
2026-02-09T22:15:00Z,HU,115.08,15
2026-02-09T22:15:00Z,IT-CNorth,123.76,15
2026-02-09T22:15:00Z,IT-CSouth,123.76,15
2026-02-09T22:15:00Z,IT-North,123.76,15
2026-02-09T22:15:00Z,IT-Sardinia,123.76,15
2026-02-09T22:15:00Z,IT-Sicily,123.76,15
2026-02-09T22:15:00Z,IT-South,123.76,15
2026-02-09T22:15:00Z,LT,112.69,15
2026-02-09T22:15:00Z,LV,112.69,15
2026-02-09T22:15:00Z,NL,100.14,15
2026-02-09T22:15:00Z,NO1,112.59,15
2026-02-09T22:15:00Z,NO2,105.71,15
2026-02-09T22:15:00Z,NO3,112.20,15
2026-02-09T22:15:00Z,NO4,112.51,15
2026-02-09T22:15:00Z,NO5,111.16,15
2026-02-09T22:15:00Z,PL,112.69,15
2026-02-09T22:15:00Z,PT,0.98,15
2026-02-09T22:15:00Z,RO,109.50,15
2026-02-09T22:15:00Z,SE1,112.64,15
2026-02-09T22:15:00Z,SE2,112.64,15
2026-02-09T22:15:00Z,SE3,112.68,15
2026-02-09T22:15:00Z,SE4,112.70,15
2026-02-09T22:15:00Z,SI,116.77,15
2026-02-09T22:15:00Z,SK,114.26,15
2026-02-09T22:30:00Z,AT,110.83,15
2026-02-09T22:30:00Z,BE,98.13,15
2026-02-09T22:30:00Z,CZ,109.40,15
2026-02-09T22:30:00Z,DE-LU,107.19,15
2026-02-09T22:30:00Z,DK1,107.19,15
2026-02-09T22:30:00Z,DK2,109.94,15
2026-02-09T22:30:00Z,EE,109.93,15
2026-02-09T22:30:00Z,ES,-4.09,15
2026-02-09T22:30:00Z,FI,109.93,15
2026-02-09T22:30:00Z,FR,71.00,15
2026-02-09T22:30:00Z,GR,104.19,15
2026-02-09T22:30:00Z,HR,109.93,15
2026-02-09T22:30:00Z,HU,110.62,15
2026-02-09T22:30:00Z,IT-CNorth,122.10,15
2026-02-09T22:30:00Z,IT-CSouth,122.10,15
2026-02-09T22:30:00Z,IT-North,122.10,15
2026-02-09T22:30:00Z,IT-Sardinia,122.10,15
2026-02-09T22:30:00Z,IT-Sicily,122.10,15
2026-02-09T22:30:00Z,IT-South,122.10,15
2026-02-09T22:30:00Z,LT,109.93,15
2026-02-09T22:30:00Z,LV,109.93,15
2026-02-09T22:30:00Z,NL,102.34,15
2026-02-09T22:30:00Z,NO1,109.83,15
2026-02-09T22:30:00Z,NO2,103.40,15
2026-02-09T22:30:00Z,NO3,109.47,15
2026-02-09T22:30:00Z,NO4,109.76,15
2026-02-09T22:30:00Z,NO5,108.50,15
2026-02-09T22:30:00Z,PL,109.22,15
2026-02-09T22:30:00Z,PT,0.79,15
2026-02-09T22:30:00Z,RO,104.19,15
2026-02-09T22:30:00Z,SE1,109.88,15
2026-02-09T22:30:00Z,SE2,109.88,15
2026-02-09T22:30:00Z,SE3,109.92,15
2026-02-09T22:30:00Z,SE4,109.94,15
2026-02-09T22:30:00Z,SI,111.15,15
2026-02-09T22:30:00Z,SK,110.13,15
2026-02-09T22:45:00Z,AT,109.23,15
2026-02-09T22:45:00Z,BE,85.39,15
2026-02-09T22:45:00Z,CZ,106.51,15
2026-02-09T22:45:00Z,DE-LU,102.38,15
2026-02-09T22:45:00Z,DK1,102.38,15
2026-02-09T22:45:00Z,DK2,108.84,15
2026-02-09T22:45:00Z,EE,108.83,15
2026-02-09T22:45:00Z,ES,-4.10,15
2026-02-09T22:45:00Z,FI,108.83,15
2026-02-09T22:45:00Z,FR,34.48,15
2026-02-09T22:45:00Z,GR,98.19,15
2026-02-09T22:45:00Z,HR,107.81,15
2026-02-09T22:45:00Z,HU,108.74,15
2026-02-09T22:45:00Z,IT-CNorth,118.12,15
2026-02-09T22:45:00Z,IT-CSouth,118.12,15
2026-02-09T22:45:00Z,IT-North,118.12,15
2026-02-09T22:45:00Z,IT-Sardinia,118.12,15
2026-02-09T22:45:00Z,IT-Sicily,118.12,15
2026-02-09T22:45:00Z,IT-South,118.12,15
2026-02-09T22:45:00Z,LT,108.83,15
2026-02-09T22:45:00Z,LV,108.83,15
2026-02-09T22:45:00Z,NL,93.29,15
2026-02-09T22:45:00Z,NO1,108.72,15
2026-02-09T22:45:00Z,NO2,101.28,15
2026-02-09T22:45:00Z,NO3,108.30,15
2026-02-09T22:45:00Z,NO4,108.64,15
2026-02-09T22:45:00Z,NO5,107.17,15
2026-02-09T22:45:00Z,PL,106.16,15
2026-02-09T22:45:00Z,PT,0.25,15
2026-02-09T22:45:00Z,RO,98.19,15
2026-02-09T22:45:00Z,SE1,108.77,15
2026-02-09T22:45:00Z,SE2,108.77,15
2026-02-09T22:45:00Z,SE3,108.82,15
2026-02-09T22:45:00Z,SE4,108.84,15
2026-02-09T22:45:00Z,SI,109.89,15
2026-02-09T22:45:00Z,SK,107.83,15
2026-02-09T23:00:00Z,AT,108.46,15
2026-02-09T23:00:00Z,BE,101.83,15
2026-02-09T23:00:00Z,CH,115.00,60
2026-02-09T23:00:00Z,CZ,107.60,15
2026-02-09T23:00:00Z,DE-LU,106.37,15
2026-02-09T23:00:00Z,DK1,106.37,15
2026-02-09T23:00:00Z,DK2,118.16,15
2026-02-09T23:00:00Z,EE,118.13,15
2026-02-09T23:00:00Z,ES,0.00,15
2026-02-09T23:00:00Z,FI,118.13,15
2026-02-09T23:00:00Z,FR,86.58,15
2026-02-09T23:00:00Z,GR,102.67,15
2026-02-09T23:00:00Z,HR,108.67,15
2026-02-09T23:00:00Z,HU,108.14,15
2026-02-09T23:00:00Z,IT-CNorth,121.41,15
2026-02-09T23:00:00Z,IT-CSouth,124.94,15
2026-02-09T23:00:00Z,IT-North,121.41,15
2026-02-09T23:00:00Z,IT-Sardinia,124.94,15
2026-02-09T23:00:00Z,IT-Sicily,124.94,15
2026-02-09T23:00:00Z,IT-South,124.94,15
2026-02-09T23:00:00Z,LT,118.13,15
2026-02-09T23:00:00Z,LV,118.13,15
2026-02-09T23:00:00Z,NL,102.30,15
2026-02-09T23:00:00Z,NO1,117.92,15
2026-02-09T23:00:00Z,NO2,103.36,15
2026-02-09T23:00:00Z,NO3,117.10,15
2026-02-09T23:00:00Z,NO4,117.76,15
2026-02-09T23:00:00Z,NO5,114.83,15
2026-02-09T23:00:00Z,PL,107.43,15
2026-02-09T23:00:00Z,PT,0.97,15
2026-02-09T23:00:00Z,RO,108.22,15
2026-02-09T23:00:00Z,RS,73.51,15
2026-02-09T23:00:00Z,SE1,118.01,15
2026-02-09T23:00:00Z,SE2,118.03,15
2026-02-09T23:00:00Z,SE3,118.12,15
2026-02-09T23:00:00Z,SE4,118.15,15
2026-02-09T23:00:00Z,SI,108.89,15
2026-02-09T23:00:00Z,SK,107.91,15
2026-02-09T23:15:00Z,AT,110.88,15
2026-02-09T23:15:00Z,BE,89.13,15
2026-02-09T23:15:00Z,CZ,108.33,15
2026-02-09T23:15:00Z,DE-LU,104.65,15
2026-02-09T23:15:00Z,DK1,104.65,15
2026-02-09T23:15:00Z,DK2,113.28,15
2026-02-09T23:15:00Z,EE,113.20,15
2026-02-09T23:15:00Z,ES,-0.81,15
2026-02-09T23:15:00Z,FI,113.20,15
2026-02-09T23:15:00Z,FR,42.74,15
2026-02-09T23:15:00Z,GR,101.87,15
2026-02-09T23:15:00Z,HR,111.53,15
2026-02-09T23:15:00Z,HU,109.94,15
2026-02-09T23:15:00Z,IT-CNorth,120.63,15
2026-02-09T23:15:00Z,IT-CSouth,120.63,15
2026-02-09T23:15:00Z,IT-North,120.63,15
2026-02-09T23:15:00Z,IT-Sardinia,120.63,15
2026-02-09T23:15:00Z,IT-Sicily,120.63,15
2026-02-09T23:15:00Z,IT-South,120.63,15
2026-02-09T23:15:00Z,LT,113.20,15
2026-02-09T23:15:00Z,LV,113.20,15
2026-02-09T23:15:00Z,NL,96.21,15
2026-02-09T23:15:00Z,NO1,113.09,15
2026-02-09T23:15:00Z,NO2,101.78,15
2026-02-09T23:15:00Z,NO3,112.46,15
2026-02-09T23:15:00Z,NO4,112.98,15
2026-02-09T23:15:00Z,NO5,110.69,15
2026-02-09T23:15:00Z,PL,107.83,15
2026-02-09T23:15:00Z,PT,0.79,15
2026-02-09T23:15:00Z,RO,110.17,15
2026-02-09T23:15:00Z,SE1,113.15,15
2026-02-09T23:15:00Z,SE2,113.17,15
2026-02-09T23:15:00Z,SE3,113.24,15
2026-02-09T23:15:00Z,SE4,113.27,15
2026-02-09T23:15:00Z,SI,112.16,15
2026-02-09T23:15:00Z,SK,109.26,15
2026-02-09T23:30:00Z,AT,112.30,15
2026-02-09T23:30:00Z,BE,83.27,15
2026-02-09T23:30:00Z,CZ,108.89,15
2026-02-09T23:30:00Z,DE-LU,103.98,15
2026-02-09T23:30:00Z,DK1,103.99,15
2026-02-09T23:30:00Z,DK2,122.01,15
2026-02-09T23:30:00Z,EE,128.66,15
2026-02-09T23:30:00Z,ES,-0.01,15
2026-02-09T23:30:00Z,FI,128.65,15
2026-02-09T23:30:00Z,FR,21.36,15
2026-02-09T23:30:00Z,GR,101.25,15
2026-02-09T23:30:00Z,HR,113.16,15
2026-02-09T23:30:00Z,HU,111.04,15
2026-02-09T23:30:00Z,IT-CNorth,120.16,15
2026-02-09T23:30:00Z,IT-CSouth,120.16,15
2026-02-09T23:30:00Z,IT-North,120.16,15
2026-02-09T23:30:00Z,IT-Sardinia,120.16,15
2026-02-09T23:30:00Z,IT-Sicily,120.16,15
2026-02-09T23:30:00Z,IT-South,120.16,15
2026-02-09T23:30:00Z,LT,128.66,15
2026-02-09T23:30:00Z,LV,128.66,15
2026-02-09T23:30:00Z,NL,92.72,15
2026-02-09T23:30:00Z,NO1,121.46,15
2026-02-09T23:30:00Z,NO2,101.26,15
2026-02-09T23:30:00Z,NO3,119.99,15
2026-02-09T23:30:00Z,NO4,119.56,15
2026-02-09T23:30:00Z,NO5,117.14,15
2026-02-09T23:30:00Z,PL,108.23,15
2026-02-09T23:30:00Z,PT,0.37,15
2026-02-09T23:30:00Z,RO,111.35,15
2026-02-09T23:30:00Z,SE1,122.98,15
2026-02-09T23:30:00Z,SE2,121.92,15
2026-02-09T23:30:00Z,SE3,122.04,15
2026-02-09T23:30:00Z,SE4,122.01,15
2026-02-09T23:30:00Z,SI,114.00,15
2026-02-09T23:30:00Z,SK,110.13,15
2026-02-09T23:45:00Z,AT,113.49,15
2026-02-09T23:45:00Z,BE,78.84,15
2026-02-09T23:45:00Z,CZ,109.43,15
2026-02-09T23:45:00Z,DE-LU,103.57,15
2026-02-09T23:45:00Z,DK1,103.58,15
2026-02-09T23:45:00Z,DK2,117.83,15
2026-02-09T23:45:00Z,EE,120.03,15
2026-02-09T23:45:00Z,ES,-0.50,15
2026-02-09T23:45:00Z,FI,120.02,15
2026-02-09T23:45:00Z,FR,4.93,15
2026-02-09T23:45:00Z,GR,101.59,15
2026-02-09T23:45:00Z,HR,114.53,15
2026-02-09T23:45:00Z,HU,112.00,15
2026-02-09T23:45:00Z,IT-CNorth,118.20,15
2026-02-09T23:45:00Z,IT-CSouth,118.20,15
2026-02-09T23:45:00Z,IT-North,118.20,15
2026-02-09T23:45:00Z,IT-Sardinia,118.20,15
2026-02-09T23:45:00Z,IT-Sicily,118.20,15
2026-02-09T23:45:00Z,IT-South,118.20,15
2026-02-09T23:45:00Z,LT,120.03,15
2026-02-09T23:45:00Z,LV,120.03,15
2026-02-09T23:45:00Z,NL,90.12,15
2026-02-09T23:45:00Z,NO1,117.48,15
2026-02-09T23:45:00Z,NO2,100.81,15
2026-02-09T23:45:00Z,NO3,116.43,15
2026-02-09T23:45:00Z,NO4,116.74,15
2026-02-09T23:45:00Z,NO5,113.93,15
2026-02-09T23:45:00Z,PL,108.64,15
2026-02-09T23:45:00Z,PT,0.16,15
2026-02-09T23:45:00Z,RO,112.37,15
2026-02-09T23:45:00Z,SE1,118.05,15
2026-02-09T23:45:00Z,SE2,117.71,15
2026-02-09T23:45:00Z,SE3,117.81,15
2026-02-09T23:45:00Z,SE4,117.82,15
2026-02-09T23:45:00Z,SI,115.53,15
2026-02-09T23:45:00Z,SK,110.91,15
