timestamp_utc,zone,price_eur_mwh,resolution_min
2026-02-19T00:00:00Z,AT,96.16,15
2026-02-19T00:00:00Z,BE,67.83,15
2026-02-19T00:00:00Z,CH,95.80,60
2026-02-19T00:00:00Z,CZ,93.59,15
2026-02-19T00:00:00Z,DE-LU,86.75,15
2026-02-19T00:00:00Z,DK1,87.25,15
2026-02-19T00:00:00Z,DK2,100.50,15
2026-02-19T00:00:00Z,EE,100.49,15
2026-02-19T00:00:00Z,ES,0.91,15
2026-02-19T00:00:00Z,FI,100.44,15
2026-02-19T00:00:00Z,FR,10.28,15
2026-02-19T00:00:00Z,GR,96.68,15
2026-02-19T00:00:00Z,HR,97.37,15
2026-02-19T00:00:00Z,HU,96.35,15
2026-02-19T00:00:00Z,IT-CNorth,98.46,15
2026-02-19T00:00:00Z,IT-CSouth,98.46,15
2026-02-19T00:00:00Z,IT-North,98.46,15
2026-02-19T00:00:00Z,IT-Sardinia,98.46,15
2026-02-19T00:00:00Z,IT-Sicily,98.46,15
2026-02-19T00:00:00Z,IT-South,98.46,15
2026-02-19T00:00:00Z,LT,100.49,15
2026-02-19T00:00:00Z,LV,100.49,15
2026-02-19T00:00:00Z,NL,76.48,15
2026-02-19T00:00:00Z,NO1,100.41,15
2026-02-19T00:00:00Z,NO2,89.41,15
2026-02-19T00:00:00Z,NO3,99.94,15
2026-02-19T00:00:00Z,NO4,100.31,15
2026-02-19T00:00:00Z,NO5,98.40,15
2026-02-19T00:00:00Z,PL,97.25,15
2026-02-19T00:00:00Z,PT,0.91,15
2026-02-19T00:00:00Z,RO,96.68,15
2026-02-19T00:00:00Z,RS,69.02,15
2026-02-19T00:00:00Z,SE1,100.40,15
2026-02-19T00:00:00Z,SE2,100.42,15
2026-02-19T00:00:00Z,SE3,100.48,15
2026-02-19T00:00:00Z,SE4,100.50,15
2026-02-19T00:00:00Z,SI,97.65,15
2026-02-19T00:00:00Z,SK,96.13,15
2026-02-19T00:15:00Z,AT,94.66,15
2026-02-19T00:15:00Z,BE,63.20,15
2026-02-19T00:15:00Z,CZ,92.02,15
2026-02-19T00:15:00Z,DE-LU,83.83,15
2026-02-19T00:15:00Z,DK1,84.46,15
2026-02-19T00:15:00Z,DK2,100.82,15
2026-02-19T00:15:00Z,EE,100.80,15
2026-02-19T00:15:00Z,ES,0.27,15
2026-02-19T00:15:00Z,FI,100.74,15
2026-02-19T00:15:00Z,FR,0.27,15
2026-02-19T00:15:00Z,GR,95.68,15
2026-02-19T00:15:00Z,HR,96.26,15
2026-02-19T00:15:00Z,HU,95.31,15
2026-02-19T00:15:00Z,IT-CNorth,98.46,15
2026-02-19T00:15:00Z,IT-CSouth,98.46,15
2026-02-19T00:15:00Z,IT-North,98.46,15
2026-02-19T00:15:00Z,IT-Sardinia,98.46,15
2026-02-19T00:15:00Z,IT-Sicily,98.46,15
2026-02-19T00:15:00Z,IT-South,98.46,15
2026-02-19T00:15:00Z,LT,100.80,15
2026-02-19T00:15:00Z,LV,100.80,15
2026-02-19T00:15:00Z,NL,72.65,15
2026-02-19T00:15:00Z,NO1,100.70,15
2026-02-19T00:15:00Z,NO2,86.96,15
2026-02-19T00:15:00Z,NO3,100.11,15
2026-02-19T00:15:00Z,NO4,100.58,15
2026-02-19T00:15:00Z,NO5,98.19,15
2026-02-19T00:15:00Z,PL,97.17,15
2026-02-19T00:15:00Z,PT,0.27,15
2026-02-19T00:15:00Z,RO,95.68,15
2026-02-19T00:15:00Z,RS,69.02,15
2026-02-19T00:15:00Z,SE1,100.69,15
2026-02-19T00:15:00Z,SE2,100.71,15
2026-02-19T00:15:00Z,SE3,100.79,15
2026-02-19T00:15:00Z,SE4,100.81,15
2026-02-19T00:15:00Z,SI,96.46,15
2026-02-19T00:15:00Z,SK,95.20,15
2026-02-19T00:30:00Z,AT,90.63,15
2026-02-19T00:30:00Z,BE,66.12,15
2026-02-19T00:30:00Z,CZ,89.34,15
2026-02-19T00:30:00Z,DE-LU,80.80,15
2026-02-19T00:30:00Z,DK1,81.55,15
2026-02-19T00:30:00Z,DK2,101.47,15
2026-02-19T00:30:00Z,EE,101.43,15
2026-02-19T00:30:00Z,ES,0.22,15
2026-02-19T00:30:00Z,FI,101.35,15
2026-02-19T00:30:00Z,FR,20.57,15
2026-02-19T00:30:00Z,GR,92.99,15
2026-02-19T00:30:00Z,HR,92.79,15
2026-02-19T00:30:00Z,HU,92.70,15
2026-02-19T00:30:00Z,IT-CNorth,97.91,15
2026-02-19T00:30:00Z,IT-CSouth,97.91,15
2026-02-19T00:30:00Z,IT-North,97.91,15
2026-02-19T00:30:00Z,IT-Sardinia,97.91,15
2026-02-19T00:30:00Z,IT-Sicily,97.91,15
2026-02-19T00:30:00Z,IT-South,97.91,15
2026-02-19T00:30:00Z,LT,101.43,15
2026-02-19T00:30:00Z,LV,101.43,15
2026-02-19T00:30:00Z,NL,72.91,15
2026-02-19T00:30:00Z,NO1,101.08,15
2026-02-19T00:30:00Z,NO2,85.77,15
2026-02-19T00:30:00Z,NO3,100.43,15
2026-02-19T00:30:00Z,NO4,101.10,15
2026-02-19T00:30:00Z,NO5,98.07,15
2026-02-19T00:30:00Z,PL,97.24,15
2026-02-19T00:30:00Z,PT,0.22,15
2026-02-19T00:30:00Z,RO,92.99,15
2026-02-19T00:30:00Z,RS,69.02,15
2026-02-19T00:30:00Z,SE1,101.27,15
2026-02-19T00:30:00Z,SE2,101.30,15
2026-02-19T00:30:00Z,SE3,101.41,15
2026-02-19T00:30:00Z,SE4,101.46,15
2026-02-19T00:30:00Z,SI,92.58,15
2026-02-19T00:30:00Z,SK,93.13,15
2026-02-19T00:45:00Z,AT,87.97,15
2026-02-19T00:45:00Z,BE,58.56,15
2026-02-19T00:45:00Z,CZ,86.49,15
2026-02-19T00:45:00Z,DE-LU,76.02,15
2026-02-19T00:45:00Z,DK1,76.96,15
2026-02-19T00:45:00Z,DK2,102.16,15
2026-02-19T00:45:00Z,EE,102.11,15
2026-02-19T00:45:00Z,ES,0.19,15
2026-02-19T00:45:00Z,FI,101.98,15
2026-02-19T00:45:00Z,FR,4.30,15
2026-02-19T00:45:00Z,GR,90.97,15
2026-02-19T00:45:00Z,HR,90.65,15
2026-02-19T00:45:00Z,HU,90.61,15
2026-02-19T00:45:00Z,IT-CNorth,97.70,15
2026-02-19T00:45:00Z,IT-CSouth,97.70,15
2026-02-19T00:45:00Z,IT-North,97.70,15
2026-02-19T00:45:00Z,IT-Sardinia,97.70,15
2026-02-19T00:45:00Z,IT-Sicily,97.70,15
2026-02-19T00:45:00Z,IT-South,97.70,15
2026-02-19T00:45:00Z,LT,102.11,15
2026-02-19T00:45:00Z,LV,102.11,15
2026-02-19T00:45:00Z,NL,66.63,15
2026-02-19T00:45:00Z,NO1,101.33,15
2026-02-19T00:45:00Z,NO2,85.51,15
2026-02-19T00:45:00Z,NO3,100.67,15
2026-02-19T00:45:00Z,NO4,101.61,15
2026-02-19T00:45:00Z,NO5,97.89,15
2026-02-19T00:45:00Z,PL,96.41,15
2026-02-19T00:45:00Z,PT,0.19,15
2026-02-19T00:45:00Z,RO,90.97,15
2026-02-19T00:45:00Z,RS,69.02,15
2026-02-19T00:45:00Z,SE1,101.87,15
2026-02-19T00:45:00Z,SE2,101.92,15
2026-02-19T00:45:00Z,SE3,102.09,15
2026-02-19T00:45:00Z,SE4,102.15,15
2026-02-19T00:45:00Z,SI,90.36,15
2026-02-19T00:45:00Z,SK,91.20,15
2026-02-19T01:00:00Z,AT,92.85,15
2026-02-19T01:00:00Z,BE,65.23,15
2026-02-19T01:00:00Z,CH,94.65,60
2026-02-19T01:00:00Z,CZ,89.70,15
2026-02-19T01:00:00Z,DE-LU,84.89,15
2026-02-19T01:00:00Z,DK1,85.43,15
2026-02-19T01:00:00Z,DK2,100.11,15
2026-02-19T01:00:00Z,EE,100.09,15
2026-02-19T01:00:00Z,ES,0.03,15
2026-02-19T01:00:00Z,FI,100.04,15
2026-02-19T01:00:00Z,FR,6.72,15
2026-02-19T01:00:00Z,GR,92.01,15
2026-02-19T01:00:00Z,HR,93.23,15
2026-02-19T01:00:00Z,HU,91.69,15
2026-02-19T01:00:00Z,IT-CNorth,98.47,15
2026-02-19T01:00:00Z,IT-CSouth,98.47,15
2026-02-19T01:00:00Z,IT-North,98.47,15
2026-02-19T01:00:00Z,IT-Sardinia,98.47,15
2026-02-19T01:00:00Z,IT-Sicily,98.47,15
2026-02-19T01:00:00Z,IT-South,98.47,15
2026-02-19T01:00:00Z,LT,100.09,15
2026-02-19T01:00:00Z,LV,100.09,15
2026-02-19T01:00:00Z,NL,74.11,15
2026-02-19T01:00:00Z,NO1,100.00,15
2026-02-19T01:00:00Z,NO2,87.63,15
2026-02-19T01:00:00Z,NO3,99.48,15
2026-02-19T01:00:00Z,NO4,99.89,15
2026-02-19T01:00:00Z,NO5,97.77,15
2026-02-19T01:00:00Z,PL,97.24,15
2026-02-19T01:00:00Z,PT,0.03,15
2026-02-19T01:00:00Z,RO,92.01,15
2026-02-19T01:00:00Z,RS,40.07,15
2026-02-19T01:00:00Z,SE1,100.00,15
2026-02-19T01:00:00Z,SE2,100.02,15
2026-02-19T01:00:00Z,SE3,100.08,15
2026-02-19T01:00:00Z,SE4,100.11,15
2026-02-19T01:00:00Z,SI,93.82,15
2026-02-19T01:00:00Z,SK,91.01,15
2026-02-19T01:15:00Z,AT,92.18,15
2026-02-19T01:15:00Z,BE,61.54,15
2026-02-19T01:15:00Z,CZ,89.44,15
2026-02-19T01:15:00Z,DE-LU,82.00,15
2026-02-19T01:15:00Z,DK1,82.67,15
2026-02-19T01:15:00Z,DK2,100.77,15
2026-02-19T01:15:00Z,EE,100.74,15
2026-02-19T01:15:00Z,ES,0.02,15
2026-02-19T01:15:00Z,FI,100.67,15
2026-02-19T01:15:00Z,FR,0.02,15
2026-02-19T01:15:00Z,GR,92.78,15
2026-02-19T01:15:00Z,HR,93.51,15
2026-02-19T01:15:00Z,HU,92.43,15
2026-02-19T01:15:00Z,IT-CNorth,95.70,15
2026-02-19T01:15:00Z,IT-CSouth,95.70,15
2026-02-19T01:15:00Z,IT-North,95.70,15
2026-02-19T01:15:00Z,IT-Sardinia,95.70,15
2026-02-19T01:15:00Z,IT-Sicily,95.70,15
2026-02-19T01:15:00Z,IT-South,95.70,15
2026-02-19T01:15:00Z,LT,100.74,15
2026-02-19T01:15:00Z,LV,100.74,15
2026-02-19T01:15:00Z,NL,70.84,15
2026-02-19T01:15:00Z,NO1,100.50,15
2026-02-19T01:15:00Z,NO2,86.17,15
2026-02-19T01:15:00Z,NO3,99.89,15
2026-02-19T01:15:00Z,NO4,100.46,15
2026-02-19T01:15:00Z,NO5,97.79,15
2026-02-19T01:15:00Z,PL,93.46,15
2026-02-19T01:15:00Z,PT,0.02,15
2026-02-19T01:15:00Z,RO,92.78,15
2026-02-19T01:15:00Z,RS,40.07,15
2026-02-19T01:15:00Z,SE1,100.61,15
2026-02-19T01:15:00Z,SE2,100.64,15
2026-02-19T01:15:00Z,SE3,100.73,15
2026-02-19T01:15:00Z,SE4,100.76,15
2026-02-19T01:15:00Z,SI,93.79,15
2026-02-19T01:15:00Z,SK,92.20,15
2026-02-19T01:30:00Z,AT,91.74,15
2026-02-19T01:30:00Z,BE,60.89,15
2026-02-19T01:30:00Z,CZ,89.25,15
2026-02-19T01:30:00Z,DE-LU,81.00,15
2026-02-19T01:30:00Z,DK1,81.71,15
2026-02-19T01:30:00Z,DK2,100.85,15
2026-02-19T01:30:00Z,EE,100.82,15
2026-02-19T01:30:00Z,ES,0.16,15
2026-02-19T01:30:00Z,FI,100.74,15
2026-02-19T01:30:00Z,FR,0.16,15
2026-02-19T01:30:00Z,GR,92.89,15
2026-02-19T01:30:00Z,HR,93.39,15
2026-02-19T01:30:00Z,HU,92.53,15
2026-02-19T01:30:00Z,IT-CNorth,94.66,15
2026-02-19T01:30:00Z,IT-CSouth,94.66,15
2026-02-19T01:30:00Z,IT-North,94.66,15
2026-02-19T01:30:00Z,IT-Sardinia,94.66,15
2026-02-19T01:30:00Z,IT-Sicily,94.66,15
2026-02-19T01:30:00Z,IT-South,94.66,15
2026-02-19T01:30:00Z,LT,100.82,15
2026-02-19T01:30:00Z,LV,100.82,15
2026-02-19T01:30:00Z,NL,70.06,15
2026-02-19T01:30:00Z,NO1,100.51,15
2026-02-19T01:30:00Z,NO2,85.80,15
2026-02-19T01:30:00Z,NO3,99.89,15
2026-02-19T01:30:00Z,NO4,100.51,15
2026-02-19T01:30:00Z,NO5,97.68,15
2026-02-19T01:30:00Z,PL,94.90,15
2026-02-19T01:30:00Z,PT,0.16,15
2026-02-19T01:30:00Z,RO,92.89,15
2026-02-19T01:30:00Z,RS,40.07,15
2026-02-19T01:30:00Z,SE1,100.67,15
2026-02-19T01:30:00Z,SE2,100.70,15
2026-02-19T01:30:00Z,SE3,100.80,15
2026-02-19T01:30:00Z,SE4,100.84,15
2026-02-19T01:30:00Z,SI,93.55,15
2026-02-19T01:30:00Z,SK,92.49,15
2026-02-19T01:45:00Z,AT,89.35,15
2026-02-19T01:45:00Z,BE,59.88,15
2026-02-19T01:45:00Z,CZ,86.56,15
2026-02-19T01:45:00Z,DE-LU,79.83,15
2026-02-19T01:45:00Z,DK1,80.59,15
2026-02-19T01:45:00Z,DK2,101.28,15
2026-02-19T01:45:00Z,EE,101.24,15
2026-02-19T01:45:00Z,ES,0.01,15
2026-02-19T01:45:00Z,FI,101.15,15
2026-02-19T01:45:00Z,FR,0.01,15
2026-02-19T01:45:00Z,GR,89.62,15
2026-02-19T01:45:00Z,HR,90.44,15
2026-02-19T01:45:00Z,HU,89.28,15
2026-02-19T01:45:00Z,IT-CNorth,95.17,15
2026-02-19T01:45:00Z,IT-CSouth,95.17,15
2026-02-19T01:45:00Z,IT-North,95.17,15
2026-02-19T01:45:00Z,IT-Sardinia,95.17,15
2026-02-19T01:45:00Z,IT-Sicily,95.17,15
2026-02-19T01:45:00Z,IT-South,95.17,15
2026-02-19T01:45:00Z,LT,101.24,15
2026-02-19T01:45:00Z,LV,101.24,15
2026-02-19T01:45:00Z,NL,68.94,15
2026-02-19T01:45:00Z,NO1,100.81,15
2026-02-19T01:45:00Z,NO2,85.82,15
2026-02-19T01:45:00Z,NO3,100.18,15
2026-02-19T01:45:00Z,NO4,100.88,15
2026-02-19T01:45:00Z,NO5,97.84,15
2026-02-19T01:45:00Z,PL,89.66,15
2026-02-19T01:45:00Z,PT,0.01,15
2026-02-19T01:45:00Z,RO,89.62,15
2026-02-19T01:45:00Z,RS,40.07,15
2026-02-19T01:45:00Z,SE1,101.07,15
2026-02-19T01:45:00Z,SE2,101.10,15
2026-02-19T01:45:00Z,SE3,101.22,15
2026-02-19T01:45:00Z,SE4,101.27,15
2026-02-19T01:45:00Z,SI,90.79,15
2026-02-19T01:45:00Z,SK,88.96,15
2026-02-19T02:00:00Z,AT,91.71,15
2026-02-19T02:00:00Z,BE,62.56,15
2026-02-19T02:00:00Z,CH,95.82,60
2026-02-19T02:00:00Z,CZ,88.23,15
2026-02-19T02:00:00Z,DE-LU,83.58,15
2026-02-19T02:00:00Z,DK1,84.61,15
2026-02-19T02:00:00Z,DK2,100.10,15
2026-02-19T02:00:00Z,EE,100.07,15
2026-02-19T02:00:00Z,ES,0.00,15
2026-02-19T02:00:00Z,FI,100.02,15
2026-02-19T02:00:00Z,FR,0.00,15
2026-02-19T02:00:00Z,GR,90.50,15
2026-02-19T02:00:00Z,HR,91.92,15
2026-02-19T02:00:00Z,HU,90.16,15
2026-02-19T02:00:00Z,IT-CNorth,95.11,15
2026-02-19T02:00:00Z,IT-CSouth,95.11,15
2026-02-19T02:00:00Z,IT-North,95.11,15
2026-02-19T02:00:00Z,IT-Sardinia,95.11,15
2026-02-19T02:00:00Z,IT-Sicily,95.11,15
2026-02-19T02:00:00Z,IT-South,95.11,15
2026-02-19T02:00:00Z,LT,100.07,15
2026-02-19T02:00:00Z,LV,100.07,15
2026-02-19T02:00:00Z,NL,71.96,15
2026-02-19T02:00:00Z,NO1,99.98,15
2026-02-19T02:00:00Z,NO2,86.82,15
2026-02-19T02:00:00Z,NO3,99.45,15
2026-02-19T02:00:00Z,NO4,99.86,15
2026-02-19T02:00:00Z,NO5,97.59,15
2026-02-19T02:00:00Z,PL,98.19,15
2026-02-19T02:00:00Z,PT,0.00,15
2026-02-19T02:00:00Z,RO,90.50,15
2026-02-19T02:00:00Z,RS,40.08,15
2026-02-19T02:00:00Z,SE1,99.97,15
2026-02-19T02:00:00Z,SE2,99.99,15
2026-02-19T02:00:00Z,SE3,100.06,15
2026-02-19T02:00:00Z,SE4,100.09,15
2026-02-19T02:00:00Z,SI,92.61,15
2026-02-19T02:00:00Z,SK,89.34,15
2026-02-19T02:15:00Z,AT,90.08,15
2026-02-19T02:15:00Z,BE,60.58,15
2026-02-19T02:15:00Z,CZ,87.16,15
2026-02-19T02:15:00Z,DE-LU,80.76,15
2026-02-19T02:15:00Z,DK1,81.48,15
2026-02-19T02:15:00Z,DK2,100.28,15
2026-02-19T02:15:00Z,EE,100.25,15
2026-02-19T02:15:00Z,ES,0.00,15
2026-02-19T02:15:00Z,FI,100.17,15
2026-02-19T02:15:00Z,FR,0.00,15
2026-02-19T02:15:00Z,GR,90.10,15
2026-02-19T02:15:00Z,HR,91.02,15
2026-02-19T02:15:00Z,HU,89.75,15
2026-02-19T02:15:00Z,IT-CNorth,93.50,15
2026-02-19T02:15:00Z,IT-CSouth,93.50,15
2026-02-19T02:15:00Z,IT-North,93.50,15
2026-02-19T02:15:00Z,IT-Sardinia,93.50,15
2026-02-19T02:15:00Z,IT-Sicily,93.50,15
2026-02-19T02:15:00Z,IT-South,93.50,15
2026-02-19T02:15:00Z,LT,100.25,15
2026-02-19T02:15:00Z,LV,100.25,15
2026-02-19T02:15:00Z,NL,69.65,15
2026-02-19T02:15:00Z,NO1,99.87,15
2026-02-19T02:15:00Z,NO2,86.39,15
2026-02-19T02:15:00Z,NO3,99.33,15
2026-02-19T02:15:00Z,NO4,99.93,15
2026-02-19T02:15:00Z,NO5,97.19,15
2026-02-19T02:15:00Z,PL,98.18,15
2026-02-19T02:15:00Z,PT,0.00,15
2026-02-19T02:15:00Z,RO,90.10,15
2026-02-19T02:15:00Z,RS,40.08,15
2026-02-19T02:15:00Z,SE1,100.09,15
2026-02-19T02:15:00Z,SE2,100.12,15
2026-02-19T02:15:00Z,SE3,100.23,15
2026-02-19T02:15:00Z,SE4,100.27,15
2026-02-19T02:15:00Z,SI,91.43,15
2026-02-19T02:15:00Z,SK,89.34,15
2026-02-19T02:30:00Z,AT,89.62,15
2026-02-19T02:30:00Z,BE,60.49,15
2026-02-19T02:30:00Z,CZ,86.60,15
2026-02-19T02:30:00Z,DE-LU,80.67,15
2026-02-19T02:30:00Z,DK1,81.41,15
2026-02-19T02:30:00Z,DK2,100.81,15
2026-02-19T02:30:00Z,EE,100.78,15
2026-02-19T02:30:00Z,ES,0.00,15
2026-02-19T02:30:00Z,FI,100.69,15
2026-02-19T02:30:00Z,FR,0.00,15
2026-02-19T02:30:00Z,GR,89.34,15
2026-02-19T02:30:00Z,HR,90.38,15
2026-02-19T02:30:00Z,HU,89.01,15
2026-02-19T02:30:00Z,IT-CNorth,93.50,15
2026-02-19T02:30:00Z,IT-CSouth,93.50,15
2026-02-19T02:30:00Z,IT-North,93.50,15
2026-02-19T02:30:00Z,IT-Sardinia,93.50,15
2026-02-19T02:30:00Z,IT-Sicily,93.50,15
2026-02-19T02:30:00Z,IT-South,93.50,15
2026-02-19T02:30:00Z,LT,100.78,15
2026-02-19T02:30:00Z,LV,100.78,15
2026-02-19T02:30:00Z,NL,69.54,15
2026-02-19T02:30:00Z,NO1,100.39,15
2026-02-19T02:30:00Z,NO2,86.33,15
2026-02-19T02:30:00Z,NO3,99.83,15
2026-02-19T02:30:00Z,NO4,100.45,15
2026-02-19T02:30:00Z,NO5,97.61,15
2026-02-19T02:30:00Z,PL,98.19,15
2026-02-19T02:30:00Z,PT,0.00,15
2026-02-19T02:30:00Z,RO,89.34,15
2026-02-19T02:30:00Z,RS,40.08,15
2026-02-19T02:30:00Z,SE1,100.62,15
2026-02-19T02:30:00Z,SE2,100.65,15
2026-02-19T02:30:00Z,SE3,100.76,15
2026-02-19T02:30:00Z,SE4,100.80,15
2026-02-19T02:30:00Z,SI,90.86,15
2026-02-19T02:30:00Z,SK,88.50,15
2026-02-19T02:45:00Z,AT,91.35,15
2026-02-19T02:45:00Z,BE,60.72,15
2026-02-19T02:45:00Z,CZ,88.80,15
2026-02-19T02:45:00Z,DE-LU,80.79,15
2026-02-19T02:45:00Z,DK1,81.53,15
2026-02-19T02:45:00Z,DK2,100.97,15
2026-02-19T02:45:00Z,EE,100.94,15
2026-02-19T02:45:00Z,ES,0.00,15
2026-02-19T02:45:00Z,FI,100.85,15
2026-02-19T02:45:00Z,FR,0.00,15
2026-02-19T02:45:00Z,GR,92.36,15
2026-02-19T02:45:00Z,HR,92.91,15
2026-02-19T02:45:00Z,HU,92.00,15
2026-02-19T02:45:00Z,IT-CNorth,93.10,15
2026-02-19T02:45:00Z,IT-CSouth,93.10,15
2026-02-19T02:45:00Z,IT-North,93.10,15
2026-02-19T02:45:00Z,IT-Sardinia,93.10,15
2026-02-19T02:45:00Z,IT-Sicily,93.10,15
2026-02-19T02:45:00Z,IT-South,93.10,15
2026-02-19T02:45:00Z,LT,100.94,15
2026-02-19T02:45:00Z,LV,100.94,15
2026-02-19T02:45:00Z,NL,69.77,15
2026-02-19T02:45:00Z,NO1,100.56,15
2026-02-19T02:45:00Z,NO2,86.33,15
2026-02-19T02:45:00Z,NO3,100.00,15
2026-02-19T02:45:00Z,NO4,100.61,15
2026-02-19T02:45:00Z,NO5,97.76,15
2026-02-19T02:45:00Z,PL,98.19,15
2026-02-19T02:45:00Z,PT,0.00,15
2026-02-19T02:45:00Z,RO,92.36,15
2026-02-19T02:45:00Z,RS,40.08,15
2026-02-19T02:45:00Z,SE1,100.78,15
2026-02-19T02:45:00Z,SE2,100.81,15
2026-02-19T02:45:00Z,SE3,100.92,15
2026-02-19T02:45:00Z,SE4,100.96,15
2026-02-19T02:45:00Z,SI,93.10,15
2026-02-19T02:45:00Z,SK,91.90,15
2026-02-19T03:00:00Z,AT,87.31,15
2026-02-19T03:00:00Z,BE,56.05,15
2026-02-19T03:00:00Z,CH,96.05,60
2026-02-19T03:00:00Z,CZ,86.06,15
2026-02-19T03:00:00Z,DE-LU,74.09,15
2026-02-19T03:00:00Z,DK1,80.20,15
2026-02-19T03:00:00Z,DK2,100.20,15
2026-02-19T03:00:00Z,EE,100.16,15
2026-02-19T03:00:00Z,ES,0.00,15
2026-02-19T03:00:00Z,FI,100.07,15
2026-02-19T03:00:00Z,FR,0.00,15
2026-02-19T03:00:00Z,GR,91.15,15
2026-02-19T03:00:00Z,HR,90.55,15
2026-02-19T03:00:00Z,HU,90.78,15
2026-02-19T03:00:00Z,IT-CNorth,93.40,15
2026-02-19T03:00:00Z,IT-CSouth,93.40,15
2026-02-19T03:00:00Z,IT-North,93.40,15
2026-02-19T03:00:00Z,IT-Sardinia,93.40,15
2026-02-19T03:00:00Z,IT-Sicily,93.40,15
2026-02-19T03:00:00Z,IT-South,93.40,15
2026-02-19T03:00:00Z,LT,100.16,15
2026-02-19T03:00:00Z,LV,100.16,15
2026-02-19T03:00:00Z,NL,64.78,15
2026-02-19T03:00:00Z,NO1,99.70,15
2026-02-19T03:00:00Z,NO2,85.93,15
2026-02-19T03:00:00Z,NO3,99.15,15
2026-02-19T03:00:00Z,NO4,99.81,15
2026-02-19T03:00:00Z,NO5,96.90,15
2026-02-19T03:00:00Z,PL,98.19,15
2026-02-19T03:00:00Z,PT,0.00,15
2026-02-19T03:00:00Z,RO,91.15,15
2026-02-19T03:00:00Z,RS,41.58,15
2026-02-19T03:00:00Z,SE1,99.99,15
2026-02-19T03:00:00Z,SE2,100.02,15
2026-02-19T03:00:00Z,SE3,100.14,15
2026-02-19T03:00:00Z,SE4,100.19,15
2026-02-19T03:00:00Z,SI,90.08,15
2026-02-19T03:00:00Z,SK,91.64,15
2026-02-19T03:15:00Z,AT,89.63,15
2026-02-19T03:15:00Z,BE,57.59,15
2026-02-19T03:15:00Z,CZ,88.30,15
2026-02-19T03:15:00Z,DE-LU,76.14,15
2026-02-19T03:15:00Z,DK1,79.44,15
2026-02-19T03:15:00Z,DK2,101.24,15
2026-02-19T03:15:00Z,EE,101.20,15
2026-02-19T03:15:00Z,ES,0.00,15
2026-02-19T03:15:00Z,FI,101.10,15
2026-02-19T03:15:00Z,FR,0.00,15
2026-02-19T03:15:00Z,GR,93.49,15
2026-02-19T03:15:00Z,HR,92.90,15
2026-02-19T03:15:00Z,HU,93.11,15
2026-02-19T03:15:00Z,IT-CNorth,93.40,15
2026-02-19T03:15:00Z,IT-CSouth,93.40,15
2026-02-19T03:15:00Z,IT-North,93.40,15
2026-02-19T03:15:00Z,IT-Sardinia,93.40,15
2026-02-19T03:15:00Z,IT-Sicily,93.40,15
2026-02-19T03:15:00Z,IT-South,93.40,15
2026-02-19T03:15:00Z,LT,101.20,15
2026-02-19T03:15:00Z,LV,101.20,15
2026-02-19T03:15:00Z,NL,66.56,15
2026-02-19T03:15:00Z,NO1,100.65,15
2026-02-19T03:15:00Z,NO2,85.92,15
2026-02-19T03:15:00Z,NO3,100.07,15
2026-02-19T03:15:00Z,NO4,100.80,15
2026-02-19T03:15:00Z,NO5,97.61,15
2026-02-19T03:15:00Z,PL,100.55,15
2026-02-19T03:15:00Z,PT,0.00,15
2026-02-19T03:15:00Z,RO,93.49,15
2026-02-19T03:15:00Z,RS,41.58,15
2026-02-19T03:15:00Z,SE1,101.01,15
2026-02-19T03:15:00Z,SE2,101.05,15
2026-02-19T03:15:00Z,SE3,101.18,15
2026-02-19T03:15:00Z,SE4,101.23,15
2026-02-19T03:15:00Z,SI,92.44,15
2026-02-19T03:15:00Z,SK,93.96,15
2026-02-19T03:30:00Z,AT,91.64,15
2026-02-19T03:30:00Z,BE,59.44,15
2026-02-19T03:30:00Z,CZ,89.97,15
2026-02-19T03:30:00Z,DE-LU,78.71,15
2026-02-19T03:30:00Z,DK1,79.54,15
2026-02-19T03:30:00Z,DK2,102.16,15
2026-02-19T03:30:00Z,EE,102.11,15
2026-02-19T03:30:00Z,ES,0.00,15
2026-02-19T03:30:00Z,FI,102.01,15
2026-02-19T03:30:00Z,FR,0.00,15
2026-02-19T03:30:00Z,GR,94.82,15
2026-02-19T03:30:00Z,HR,94.52,15
2026-02-19T03:30:00Z,HU,94.44,15
2026-02-19T03:30:00Z,IT-CNorth,98.37,15
2026-02-19T03:30:00Z,IT-CSouth,98.37,15
2026-02-19T03:30:00Z,IT-North,98.37,15
2026-02-19T03:30:00Z,IT-Sardinia,98.37,15
2026-02-19T03:30:00Z,IT-Sicily,98.37,15
2026-02-19T03:30:00Z,IT-South,98.37,15
2026-02-19T03:30:00Z,LT,102.11,15
2026-02-19T03:30:00Z,LV,102.11,15
2026-02-19T03:30:00Z,NL,68.73,15
2026-02-19T03:30:00Z,NO1,101.57,15
2026-02-19T03:30:00Z,NO2,85.92,15
2026-02-19T03:30:00Z,NO3,100.95,15
2026-02-19T03:30:00Z,NO4,101.70,15
2026-02-19T03:30:00Z,NO5,98.37,15
2026-02-19T03:30:00Z,PL,100.55,15
2026-02-19T03:30:00Z,PT,0.00,15
2026-02-19T03:30:00Z,RO,94.82,15
2026-02-19T03:30:00Z,RS,41.58,15
2026-02-19T03:30:00Z,SE1,101.92,15
2026-02-19T03:30:00Z,SE2,101.96,15
2026-02-19T03:30:00Z,SE3,102.09,15
2026-02-19T03:30:00Z,SE4,102.14,15
2026-02-19T03:30:00Z,SI,94.22,15
2026-02-19T03:30:00Z,SK,95.06,15
2026-02-19T03:45:00Z,AT,93.98,15
2026-02-19T03:45:00Z,BE,61.59,15
2026-02-19T03:45:00Z,CZ,91.92,15
2026-02-19T03:45:00Z,DE-LU,81.68,15
2026-02-19T03:45:00Z,DK1,82.42,15
2026-02-19T03:45:00Z,DK2,102.35,15
2026-02-19T03:45:00Z,EE,169.80,15
2026-02-19T03:45:00Z,ES,0.01,15
2026-02-19T03:45:00Z,FI,102.24,15
2026-02-19T03:45:00Z,FR,0.01,15
2026-02-19T03:45:00Z,GR,96.37,15
2026-02-19T03:45:00Z,HR,96.41,15
2026-02-19T03:45:00Z,HU,95.99,15
2026-02-19T03:45:00Z,IT-CNorth,97.86,15
2026-02-19T03:45:00Z,IT-CSouth,97.86,15
2026-02-19T03:45:00Z,IT-North,97.86,15
2026-02-19T03:45:00Z,IT-Sardinia,97.86,15
2026-02-19T03:45:00Z,IT-Sicily,97.86,15
2026-02-19T03:45:00Z,IT-South,97.86,15
2026-02-19T03:45:00Z,LT,169.80,15
2026-02-19T03:45:00Z,LV,169.80,15
2026-02-19T03:45:00Z,NL,71.24,15
2026-02-19T03:45:00Z,NO1,102.05,15
2026-02-19T03:45:00Z,NO2,86.04,15
2026-02-19T03:45:00Z,NO3,101.41,15
2026-02-19T03:45:00Z,NO4,102.00,15
2026-02-19T03:45:00Z,NO5,99.02,15
2026-02-19T03:45:00Z,PL,100.55,15
2026-02-19T03:45:00Z,PT,0.01,15
2026-02-19T03:45:00Z,RO,96.37,15
2026-02-19T03:45:00Z,RS,41.58,15
2026-02-19T03:45:00Z,SE1,102.17,15
2026-02-19T03:45:00Z,SE2,102.20,15
2026-02-19T03:45:00Z,SE3,102.30,15
2026-02-19T03:45:00Z,SE4,102.34,15
2026-02-19T03:45:00Z,SI,96.29,15
2026-02-19T03:45:00Z,SK,96.34,15
2026-02-19T04:00:00Z,AT,88.86,15
2026-02-19T04:00:00Z,BE,59.88,15
2026-02-19T04:00:00Z,CH,101.80,60
2026-02-19T04:00:00Z,CZ,86.00,15
2026-02-19T04:00:00Z,DE-LU,79.61,15
2026-02-19T04:00:00Z,DK1,80.34,15
2026-02-19T04:00:00Z,DK2,100.15,15
2026-02-19T04:00:00Z,EE,100.12,15
2026-02-19T04:00:00Z,ES,0.01,15
2026-02-19T04:00:00Z,FI,100.03,15
2026-02-19T04:00:00Z,FR,0.01,15
2026-02-19T04:00:00Z,GR,88.97,15
2026-02-19T04:00:00Z,HR,89.84,15
2026-02-19T04:00:00Z,HU,88.63,15
2026-02-19T04:00:00Z,IT-CNorth,99.05,15
2026-02-19T04:00:00Z,IT-CSouth,99.05,15
2026-02-19T04:00:00Z,IT-North,99.05,15
2026-02-19T04:00:00Z,IT-Sardinia,99.05,15
2026-02-19T04:00:00Z,IT-Sicily,99.05,15
2026-02-19T04:00:00Z,IT-South,99.05,15
2026-02-19T04:00:00Z,LT,100.12,15
2026-02-19T04:00:00Z,LV,100.12,15
2026-02-19T04:00:00Z,NL,70.47,15
2026-02-19T04:00:00Z,NO1,99.75,15
2026-02-19T04:00:00Z,NO2,84.99,15
2026-02-19T04:00:00Z,NO3,99.17,15
2026-02-19T04:00:00Z,NO4,99.79,15
2026-02-19T04:00:00Z,NO5,96.75,15
2026-02-19T04:00:00Z,PL,88.75,15
2026-02-19T04:00:00Z,PT,0.01,15
2026-02-19T04:00:00Z,RO,88.97,15
2026-02-19T04:00:00Z,RS,50.00,15
2026-02-19T04:00:00Z,SE1,99.96,15
2026-02-19T04:00:00Z,SE2,99.99,15
2026-02-19T04:00:00Z,SE3,100.10,15
2026-02-19T04:00:00Z,SE4,100.14,15
2026-02-19T04:00:00Z,SI,90.23,15
2026-02-19T04:00:00Z,SK,88.26,15
2026-02-19T04:15:00Z,AT,91.21,15
2026-02-19T04:15:00Z,BE,61.84,15
2026-02-19T04:15:00Z,CZ,88.08,15
2026-02-19T04:15:00Z,DE-LU,82.26,15
2026-02-19T04:15:00Z,DK1,82.97,15
2026-02-19T04:15:00Z,DK2,102.32,15
2026-02-19T04:15:00Z,EE,102.29,15
2026-02-19T04:15:00Z,ES,0.08,15
2026-02-19T04:15:00Z,FI,102.29,15
2026-02-19T04:15:00Z,FR,0.08,15
2026-02-19T04:15:00Z,GR,90.84,15
2026-02-19T04:15:00Z,HR,91.92,15
2026-02-19T04:15:00Z,HU,90.50,15
2026-02-19T04:15:00Z,IT-CNorth,99.05,15
2026-02-19T04:15:00Z,IT-CSouth,99.05,15
2026-02-19T04:15:00Z,IT-North,99.05,15
2026-02-19T04:15:00Z,IT-Sardinia,99.05,15
2026-02-19T04:15:00Z,IT-Sicily,99.05,15
2026-02-19T04:15:00Z,IT-South,99.05,15
2026-02-19T04:15:00Z,LT,102.29,15
2026-02-19T04:15:00Z,LV,102.29,15
2026-02-19T04:15:00Z,NL,72.78,15
2026-02-19T04:15:00Z,NO1,101.90,15
2026-02-19T04:15:00Z,NO2,85.99,15
2026-02-19T04:15:00Z,NO3,101.28,15
2026-02-19T04:15:00Z,NO4,101.90,15
2026-02-19T04:15:00Z,NO5,98.68,15
2026-02-19T04:15:00Z,PL,89.66,15
2026-02-19T04:15:00Z,PT,0.08,15
2026-02-19T04:15:00Z,RO,90.84,15
2026-02-19T04:15:00Z,RS,50.00,15
2026-02-19T04:15:00Z,SE1,102.16,15
2026-02-19T04:15:00Z,SE2,102.16,15
2026-02-19T04:15:00Z,SE3,102.27,15
2026-02-19T04:15:00Z,SE4,102.31,15
2026-02-19T04:15:00Z,SI,92.43,15
2026-02-19T04:15:00Z,SK,89.96,15
2026-02-19T04:30:00Z,AT,95.99,15
2026-02-19T04:30:00Z,BE,68.04,15
2026-02-19T04:30:00Z,CZ,93.60,15
2026-02-19T04:30:00Z,DE-LU,86.39,15
2026-02-19T04:30:00Z,DK1,87.00,15
2026-02-19T04:30:00Z,DK2,103.48,15
2026-02-19T04:30:00Z,EE,135.10,15
2026-02-19T04:30:00Z,ES,0.42,15
2026-02-19T04:30:00Z,FI,135.06,15
2026-02-19T04:30:00Z,FR,12.00,15
2026-02-19T04:30:00Z,GR,96.87,15
2026-02-19T04:30:00Z,HR,97.38,15
2026-02-19T04:30:00Z,HU,96.54,15
2026-02-19T04:30:00Z,IT-CNorth,99.05,15
2026-02-19T04:30:00Z,IT-CSouth,99.05,15
2026-02-19T04:30:00Z,IT-North,99.05,15
2026-02-19T04:30:00Z,IT-Sardinia,99.05,15
2026-02-19T04:30:00Z,IT-Sicily,99.05,15
2026-02-19T04:30:00Z,IT-South,99.05,15
2026-02-19T04:30:00Z,LT,135.10,15
2026-02-19T04:30:00Z,LV,135.10,15
2026-02-19T04:30:00Z,NL,77.91,15
2026-02-19T04:30:00Z,NO1,102.51,15
2026-02-19T04:30:00Z,NO2,89.53,15
2026-02-19T04:30:00Z,NO3,100.56,15
2026-02-19T04:30:00Z,NO4,95.36,15
2026-02-19T04:30:00Z,NO5,99.92,15
2026-02-19T04:30:00Z,PL,98.19,15
2026-02-19T04:30:00Z,PT,0.42,15
2026-02-19T04:30:00Z,RO,96.87,15
2026-02-19T04:30:00Z,RS,50.00,15
2026-02-19T04:30:00Z,SE1,110.21,15
2026-02-19T04:30:00Z,SE2,103.93,15
2026-02-19T04:30:00Z,SE3,103.97,15
2026-02-19T04:30:00Z,SE4,103.71,15
2026-02-19T04:30:00Z,SI,97.58,15
2026-02-19T04:30:00Z,SK,96.44,15
2026-02-19T04:45:00Z,AT,100.62,15
2026-02-19T04:45:00Z,BE,67.43,15
2026-02-19T04:45:00Z,CZ,98.26,15
2026-02-19T04:45:00Z,DE-LU,88.34,15
2026-02-19T04:45:00Z,DK1,89.48,15
2026-02-19T04:45:00Z,DK2,120.32,15
2026-02-19T04:45:00Z,EE,194.21,15
2026-02-19T04:45:00Z,ES,0.91,15
2026-02-19T04:45:00Z,FI,194.12,15
2026-02-19T04:45:00Z,FR,3.13,15
2026-02-19T04:45:00Z,GR,102.65,15
2026-02-19T04:45:00Z,HR,102.85,15
2026-02-19T04:45:00Z,HU,102.26,15
2026-02-19T04:45:00Z,IT-CNorth,102.85,15
2026-02-19T04:45:00Z,IT-CSouth,102.85,15
2026-02-19T04:45:00Z,IT-North,102.85,15
2026-02-19T04:45:00Z,IT-Sardinia,102.85,15
2026-02-19T04:45:00Z,IT-Sicily,102.85,15
2026-02-19T04:45:00Z,IT-South,102.85,15
2026-02-19T04:45:00Z,LT,194.21,15
2026-02-19T04:45:00Z,LV,194.21,15
2026-02-19T04:45:00Z,NL,78.73,15
2026-02-19T04:45:00Z,NO1,108.85,15
2026-02-19T04:45:00Z,NO2,90.91,15
2026-02-19T04:45:00Z,NO3,106.46,15
2026-02-19T04:45:00Z,NO4,97.98,15
2026-02-19T04:45:00Z,NO5,100.27,15
2026-02-19T04:45:00Z,PL,106.19,15
2026-02-19T04:45:00Z,PT,0.91,15
2026-02-19T04:45:00Z,RO,102.65,15
2026-02-19T04:45:00Z,RS,50.00,15
2026-02-19T04:45:00Z,SE1,134.75,15
2026-02-19T04:45:00Z,SE2,119.98,15
2026-02-19T04:45:00Z,SE3,120.90,15
2026-02-19T04:45:00Z,SE4,120.38,15
2026-02-19T04:45:00Z,SI,102.85,15
2026-02-19T04:45:00Z,SK,102.47,15
2026-02-19T05:00:00Z,AT,98.42,15
2026-02-19T05:00:00Z,BE,64.28,15
2026-02-19T05:00:00Z,CH,112.10,60
2026-02-19T05:00:00Z,CZ,93.94,15
2026-02-19T05:00:00Z,DE-LU,79.98,15
2026-02-19T05:00:00Z,DK1,80.54,15
2026-02-19T05:00:00Z,DK2,105.48,15
2026-02-19T05:00:00Z,EE,105.41,15
2026-02-19T05:00:00Z,ES,0.91,15
2026-02-19T05:00:00Z,FI,105.41,15
2026-02-19T05:00:00Z,FR,14.67,15
2026-02-19T05:00:00Z,GR,99.94,15
2026-02-19T05:00:00Z,HR,99.34,15
2026-02-19T05:00:00Z,HU,99.69,15
2026-02-19T05:00:00Z,IT-CNorth,99.05,15
2026-02-19T05:00:00Z,IT-CSouth,99.05,15
2026-02-19T05:00:00Z,IT-North,99.05,15
2026-02-19T05:00:00Z,IT-Sardinia,99.05,15
2026-02-19T05:00:00Z,IT-Sicily,99.05,15
2026-02-19T05:00:00Z,IT-South,99.05,15
2026-02-19T05:00:00Z,LT,105.41,15
2026-02-19T05:00:00Z,LV,105.41,15
2026-02-19T05:00:00Z,NL,73.02,15
2026-02-19T05:00:00Z,NO1,104.17,15
2026-02-19T05:00:00Z,NO2,86.76,15
2026-02-19T05:00:00Z,NO3,103.57,15
2026-02-19T05:00:00Z,NO4,104.75,15
2026-02-19T05:00:00Z,NO5,99.93,15
2026-02-19T05:00:00Z,PL,105.41,15
2026-02-19T05:00:00Z,PT,0.91,15
2026-02-19T05:00:00Z,RO,99.94,15
2026-02-19T05:00:00Z,RS,73.05,15
2026-02-19T05:00:00Z,SE1,105.09,15
2026-02-19T05:00:00Z,SE2,105.15,15
2026-02-19T05:00:00Z,SE3,105.37,15
2026-02-19T05:00:00Z,SE4,105.46,15
2026-02-19T05:00:00Z,SI,99.05,15
2026-02-19T05:00:00Z,SK,100.13,15
2026-02-19T05:15:00Z,AT,111.52,15
2026-02-19T05:15:00Z,BE,68.26,15
2026-02-19T05:15:00Z,CZ,106.07,15
2026-02-19T05:15:00Z,DE-LU,83.37,15
2026-02-19T05:15:00Z,DK1,84.09,15
2026-02-19T05:15:00Z,DK2,115.96,15
2026-02-19T05:15:00Z,EE,128.07,15
2026-02-19T05:15:00Z,ES,1.98,15
2026-02-19T05:15:00Z,FI,128.05,15
2026-02-19T05:15:00Z,FR,18.99,15
2026-02-19T05:15:00Z,GR,115.63,15
2026-02-19T05:15:00Z,HR,113.50,15
2026-02-19T05:15:00Z,HU,115.38,15
2026-02-19T05:15:00Z,IT-CNorth,112.46,15
2026-02-19T05:15:00Z,IT-CSouth,112.46,15
2026-02-19T05:15:00Z,IT-North,112.46,15
2026-02-19T05:15:00Z,IT-Sardinia,112.46,15
2026-02-19T05:15:00Z,IT-Sicily,112.46,15
2026-02-19T05:15:00Z,IT-South,112.46,15
2026-02-19T05:15:00Z,LT,128.07,15
2026-02-19T05:15:00Z,LV,128.07,15
2026-02-19T05:15:00Z,NL,76.72,15
2026-02-19T05:15:00Z,NO1,109.23,15
2026-02-19T05:15:00Z,NO2,88.29,15
2026-02-19T05:15:00Z,NO3,106.26,15
2026-02-19T05:15:00Z,NO4,105.98,15
2026-02-19T05:15:00Z,NO5,103.22,15
2026-02-19T05:15:00Z,PL,128.07,15
2026-02-19T05:15:00Z,PT,1.98,15
2026-02-19T05:15:00Z,RO,115.63,15
2026-02-19T05:15:00Z,RS,73.05,15
2026-02-19T05:15:00Z,SE1,104.64,15
2026-02-19T05:15:00Z,SE2,111.07,15
2026-02-19T05:15:00Z,SE3,118.66,15
2026-02-19T05:15:00Z,SE4,116.33,15
2026-02-19T05:15:00Z,SI,112.46,15
2026-02-19T05:15:00Z,SK,116.79,15
2026-02-19T05:30:00Z,AT,113.59,15
2026-02-19T05:30:00Z,BE,69.32,15
2026-02-19T05:30:00Z,CZ,115.60,15
2026-02-19T05:30:00Z,DE-LU,87.18,15
2026-02-19T05:30:00Z,DK1,88.47,15
2026-02-19T05:30:00Z,DK2,146.22,15
2026-02-19T05:30:00Z,EE,154.16,15
2026-02-19T05:30:00Z,ES,3.78,15
2026-02-19T05:30:00Z,FI,154.14,15
2026-02-19T05:30:00Z,FR,8.44,15
2026-02-19T05:30:00Z,GR,127.23,15
2026-02-19T05:30:00Z,HR,122.63,15
2026-02-19T05:30:00Z,HU,126.61,15
2026-02-19T05:30:00Z,IT-CNorth,120.12,15
2026-02-19T05:30:00Z,IT-CSouth,120.12,15
2026-02-19T05:30:00Z,IT-North,120.12,15
2026-02-19T05:30:00Z,IT-Sardinia,120.12,15
2026-02-19T05:30:00Z,IT-Sicily,120.12,15
2026-02-19T05:30:00Z,IT-South,120.12,15
2026-02-19T05:30:00Z,LT,154.16,15
2026-02-19T05:30:00Z,LV,154.16,15
2026-02-19T05:30:00Z,NL,79.72,15
2026-02-19T05:30:00Z,NO1,120.90,15
2026-02-19T05:30:00Z,NO2,90.62,15
2026-02-19T05:30:00Z,NO3,121.78,15
2026-02-19T05:30:00Z,NO4,131.30,15
2026-02-19T05:30:00Z,NO5,103.30,15
2026-02-19T05:30:00Z,PL,154.16,15
2026-02-19T05:30:00Z,PT,3.78,15
2026-02-19T05:30:00Z,RO,127.23,15
2026-02-19T05:30:00Z,RS,73.05,15
2026-02-19T05:30:00Z,SE1,133.28,15
2026-02-19T05:30:00Z,SE2,139.21,15
2026-02-19T05:30:00Z,SE3,147.52,15
2026-02-19T05:30:00Z,SE4,146.32,15
2026-02-19T05:30:00Z,SI,120.12,15
2026-02-19T05:30:00Z,SK,130.40,15
2026-02-19T05:45:00Z,AT,132.13,15
2026-02-19T05:45:00Z,BE,76.12,15
2026-02-19T05:45:00Z,CZ,127.18,15
2026-02-19T05:45:00Z,DE-LU,97.92,15
2026-02-19T05:45:00Z,DK1,102.12,15
2026-02-19T05:45:00Z,DK2,289.07,15
2026-02-19T05:45:00Z,EE,294.09,15
2026-02-19T05:45:00Z,ES,3.78,15
2026-02-19T05:45:00Z,FI,294.04,15
2026-02-19T05:45:00Z,FR,4.99,15
2026-02-19T05:45:00Z,GR,122.96,15
2026-02-19T05:45:00Z,HR,135.82,15
2026-02-19T05:45:00Z,HU,139.14,15
2026-02-19T05:45:00Z,IT-CNorth,134.14,15
2026-02-19T05:45:00Z,IT-CSouth,134.14,15
2026-02-19T05:45:00Z,IT-North,134.14,15
2026-02-19T05:45:00Z,IT-Sardinia,134.14,15
2026-02-19T05:45:00Z,IT-Sicily,134.14,15
2026-02-19T05:45:00Z,IT-South,134.14,15
2026-02-19T05:45:00Z,LT,294.09,15
2026-02-19T05:45:00Z,LV,294.09,15
2026-02-19T05:45:00Z,NL,88.41,15
2026-02-19T05:45:00Z,NO1,182.48,15
2026-02-19T05:45:00Z,NO2,92.86,15
2026-02-19T05:45:00Z,NO3,195.15,15
2026-02-19T05:45:00Z,NO4,243.28,15
2026-02-19T05:45:00Z,NO5,111.98,15
2026-02-19T05:45:00Z,PL,157.70,15
2026-02-19T05:45:00Z,PT,3.78,15
2026-02-19T05:45:00Z,RO,136.73,15
2026-02-19T05:45:00Z,RS,73.05,15
2026-02-19T05:45:00Z,SE1,256.96,15
2026-02-19T05:45:00Z,SE2,268.13,15
2026-02-19T05:45:00Z,SE3,287.86,15
2026-02-19T05:45:00Z,SE4,288.55,15
2026-02-19T05:45:00Z,SI,134.70,15
2026-02-19T05:45:00Z,SK,141.26,15
2026-02-19T06:00:00Z,AT,116.66,15
2026-02-19T06:00:00Z,BE,73.68,15
2026-02-19T06:00:00Z,CH,119.08,60
2026-02-19T06:00:00Z,CZ,124.00,15
2026-02-19T06:00:00Z,DE-LU,82.01,15
2026-02-19T06:00:00Z,DK1,86.71,15
2026-02-19T06:00:00Z,DK2,257.64,15
2026-02-19T06:00:00Z,EE,248.30,15
2026-02-19T06:00:00Z,ES,5.08,15
2026-02-19T06:00:00Z,FI,248.29,15
2026-02-19T06:00:00Z,FR,38.40,15
2026-02-19T06:00:00Z,GR,141.32,15
2026-02-19T06:00:00Z,HR,131.48,15
2026-02-19T06:00:00Z,HU,141.38,15
2026-02-19T06:00:00Z,IT-CNorth,116.66,15
2026-02-19T06:00:00Z,IT-CSouth,116.66,15
2026-02-19T06:00:00Z,IT-North,116.66,15
2026-02-19T06:00:00Z,IT-Sardinia,116.66,15
2026-02-19T06:00:00Z,IT-Sicily,116.66,15
2026-02-19T06:00:00Z,IT-South,116.66,15
2026-02-19T06:00:00Z,LT,248.30,15
2026-02-19T06:00:00Z,LV,248.30,15
2026-02-19T06:00:00Z,NL,78.25,15
2026-02-19T06:00:00Z,NO1,171.03,15
2026-02-19T06:00:00Z,NO2,90.54,15
2026-02-19T06:00:00Z,NO3,184.43,15
2026-02-19T06:00:00Z,NO4,226.69,15
2026-02-19T06:00:00Z,NO5,110.71,15
2026-02-19T06:00:00Z,PL,182.63,15
2026-02-19T06:00:00Z,PT,5.08,15
2026-02-19T06:00:00Z,RO,141.32,15
2026-02-19T06:00:00Z,RS,87.03,15
2026-02-19T06:00:00Z,SE1,242.86,15
2026-02-19T06:00:00Z,SE2,244.64,15
2026-02-19T06:00:00Z,SE3,253.48,15
2026-02-19T06:00:00Z,SE4,256.75,15
2026-02-19T06:00:00Z,SI,126.41,15
2026-02-19T06:00:00Z,SK,143.85,15
2026-02-19T06:15:00Z,AT,123.44,15
2026-02-19T06:15:00Z,BE,82.96,15
2026-02-19T06:15:00Z,CZ,132.14,15
2026-02-19T06:15:00Z,DE-LU,89.34,15
2026-02-19T06:15:00Z,DK1,96.37,15
2026-02-19T06:15:00Z,DK2,351.92,15
2026-02-19T06:15:00Z,EE,337.08,15
2026-02-19T06:15:00Z,ES,18.10,15
2026-02-19T06:15:00Z,FI,337.06,15
2026-02-19T06:15:00Z,FR,47.36,15
2026-02-19T06:15:00Z,GR,114.95,15
2026-02-19T06:15:00Z,HR,131.56,15
2026-02-19T06:15:00Z,HU,147.16,15
2026-02-19T06:15:00Z,IT-CNorth,121.65,15
2026-02-19T06:15:00Z,IT-CSouth,121.65,15
2026-02-19T06:15:00Z,IT-North,121.65,15
2026-02-19T06:15:00Z,IT-Sardinia,121.65,15
2026-02-19T06:15:00Z,IT-Sicily,121.65,15
2026-02-19T06:15:00Z,IT-South,121.65,15
2026-02-19T06:15:00Z,LT,347.47,15
2026-02-19T06:15:00Z,LV,337.08,15
2026-02-19T06:15:00Z,NL,83.34,15
2026-02-19T06:15:00Z,NO1,214.00,15
2026-02-19T06:15:00Z,NO2,93.10,15
2026-02-19T06:15:00Z,NO3,235.64,15
2026-02-19T06:15:00Z,NO4,302.75,15
2026-02-19T06:15:00Z,NO5,119.30,15
2026-02-19T06:15:00Z,PL,190.37,15
2026-02-19T06:15:00Z,PT,5.81,15
2026-02-19T06:15:00Z,RO,114.95,15
2026-02-19T06:15:00Z,RS,87.03,15
2026-02-19T06:15:00Z,SE1,328.44,15
2026-02-19T06:15:00Z,SE2,331.26,15
2026-02-19T06:15:00Z,SE3,345.31,15
2026-02-19T06:15:00Z,SE4,350.51,15
2026-02-19T06:15:00Z,SI,131.25,15
2026-02-19T06:15:00Z,SK,153.25,15
2026-02-19T06:30:00Z,AT,126.98,15
2026-02-19T06:30:00Z,BE,79.88,15
2026-02-19T06:30:00Z,CZ,135.00,15
2026-02-19T06:30:00Z,DE-LU,93.55,15
2026-02-19T06:30:00Z,DK1,101.84,15
2026-02-19T06:30:00Z,DK2,403.21,15
2026-02-19T06:30:00Z,EE,385.48,15
2026-02-19T06:30:00Z,ES,19.06,15
2026-02-19T06:30:00Z,FI,385.45,15
2026-02-19T06:30:00Z,FR,26.69,15
2026-02-19T06:30:00Z,GR,82.99,15
2026-02-19T06:30:00Z,HR,128.17,15
2026-02-19T06:30:00Z,HU,151.28,15
2026-02-19T06:30:00Z,IT-CNorth,121.35,15
2026-02-19T06:30:00Z,IT-CSouth,121.35,15
2026-02-19T06:30:00Z,IT-North,121.35,15
2026-02-19T06:30:00Z,IT-Sardinia,121.35,15
2026-02-19T06:30:00Z,IT-Sicily,121.35,15
2026-02-19T06:30:00Z,IT-South,121.35,15
2026-02-19T06:30:00Z,LT,397.89,15
2026-02-19T06:30:00Z,LV,385.48,15
2026-02-19T06:30:00Z,NL,85.92,15
2026-02-19T06:30:00Z,NO1,238.47,15
2026-02-19T06:30:00Z,NO2,94.08,15
2026-02-19T06:30:00Z,NO3,264.32,15
2026-02-19T06:30:00Z,NO4,344.48,15
2026-02-19T06:30:00Z,NO5,125.37,15
2026-02-19T06:30:00Z,PL,188.60,15
2026-02-19T06:30:00Z,PT,6.56,15
2026-02-19T06:30:00Z,RO,82.99,15
2026-02-19T06:30:00Z,RS,87.03,15
2026-02-19T06:30:00Z,SE1,375.15,15
2026-02-19T06:30:00Z,SE2,378.53,15
2026-02-19T06:30:00Z,SE3,395.30,15
2026-02-19T06:30:00Z,SE4,401.52,15
2026-02-19T06:30:00Z,SI,132.80,15
2026-02-19T06:30:00Z,SK,155.71,15
2026-02-19T06:45:00Z,AT,123.83,15
2026-02-19T06:45:00Z,BE,82.45,15
2026-02-19T06:45:00Z,CZ,134.36,15
2026-02-19T06:45:00Z,DE-LU,92.05,15
2026-02-19T06:45:00Z,DK1,100.86,15
2026-02-19T06:45:00Z,DK2,420.97,15
2026-02-19T06:45:00Z,EE,402.55,15
2026-02-19T06:45:00Z,ES,22.00,15
2026-02-19T06:45:00Z,FI,402.51,15
2026-02-19T06:45:00Z,FR,37.10,15
2026-02-19T06:45:00Z,GR,13.92,15
2026-02-19T06:45:00Z,HR,113.51,15
2026-02-19T06:45:00Z,HU,154.06,15
2026-02-19T06:45:00Z,IT-CNorth,123.83,15
2026-02-19T06:45:00Z,IT-CSouth,123.83,15
2026-02-19T06:45:00Z,IT-North,123.83,15
2026-02-19T06:45:00Z,IT-Sardinia,123.83,15
2026-02-19T06:45:00Z,IT-Sicily,123.83,15
2026-02-19T06:45:00Z,IT-South,123.83,15
2026-02-19T06:45:00Z,LT,415.44,15
2026-02-19T06:45:00Z,LV,402.55,15
2026-02-19T06:45:00Z,NL,83.91,15
2026-02-19T06:45:00Z,NO1,249.97,15
2026-02-19T06:45:00Z,NO2,94.55,15
2026-02-19T06:45:00Z,NO3,276.57,15
2026-02-19T06:45:00Z,NO4,359.92,15
2026-02-19T06:45:00Z,NO5,131.52,15
2026-02-19T06:45:00Z,PL,188.99,15
2026-02-19T06:45:00Z,PT,6.56,15
2026-02-19T06:45:00Z,RO,13.92,15
2026-02-19T06:45:00Z,RS,87.03,15
2026-02-19T06:45:00Z,SE1,391.81,15
2026-02-19T06:45:00Z,SE2,395.32,15
2026-02-19T06:45:00Z,SE3,412.75,15
2026-02-19T06:45:00Z,SE4,419.22,15
2026-02-19T06:45:00Z,SI,126.73,15
2026-02-19T06:45:00Z,SK,156.91,15
2026-02-19T07:00:00Z,AT,122.06,15
2026-02-19T07:00:00Z,BE,82.75,15
2026-02-19T07:00:00Z,CH,120.00,60
2026-02-19T07:00:00Z,CZ,128.93,15
2026-02-19T07:00:00Z,DE-LU,94.37,15
2026-02-19T07:00:00Z,DK1,103.90,15
2026-02-19T07:00:00Z,DK2,439.00,15
2026-02-19T07:00:00Z,EE,429.07,15
2026-02-19T07:00:00Z,ES,22.00,15
2026-02-19T07:00:00Z,FI,428.56,15
2026-02-19T07:00:00Z,FR,42.42,15
2026-02-19T07:00:00Z,GR,90.37,15
2026-02-19T07:00:00Z,HR,124.07,15
2026-02-19T07:00:00Z,HU,142.40,15
2026-02-19T07:00:00Z,IT-CNorth,127.14,15
2026-02-19T07:00:00Z,IT-CSouth,127.14,15
2026-02-19T07:00:00Z,IT-North,127.14,15
2026-02-19T07:00:00Z,IT-Sardinia,127.14,15
2026-02-19T07:00:00Z,IT-Sicily,117.45,15
2026-02-19T07:00:00Z,IT-South,127.14,15
2026-02-19T07:00:00Z,LT,436.01,15
2026-02-19T07:00:00Z,LV,429.07,15
2026-02-19T07:00:00Z,NL,89.48,15
2026-02-19T07:00:00Z,NO1,354.39,15
2026-02-19T07:00:00Z,NO2,96.49,15
2026-02-19T07:00:00Z,NO3,359.94,15
2026-02-19T07:00:00Z,NO4,139.67,15
2026-02-19T07:00:00Z,NO5,261.20,15
2026-02-19T07:00:00Z,PL,174.85,15
2026-02-19T07:00:00Z,PT,7.99,15
2026-02-19T07:00:00Z,RO,90.37,15
2026-02-19T07:00:00Z,RS,46.06,15
2026-02-19T07:00:00Z,SE1,378.27,15
2026-02-19T07:00:00Z,SE2,425.27,15
2026-02-19T07:00:00Z,SE3,434.56,15
2026-02-19T07:00:00Z,SE4,438.07,15
2026-02-19T07:00:00Z,SI,127.14,15
2026-02-19T07:00:00Z,SK,146.43,15
2026-02-19T07:15:00Z,AT,121.13,15
2026-02-19T07:15:00Z,BE,85.54,15
2026-02-19T07:15:00Z,CZ,129.07,15
2026-02-19T07:15:00Z,DE-LU,97.84,15
2026-02-19T07:15:00Z,DK1,108.80,15
2026-02-19T07:15:00Z,DK2,494.08,15
2026-02-19T07:15:00Z,EE,478.05,15
2026-02-19T07:15:00Z,ES,18.82,15
2026-02-19T07:15:00Z,FI,477.47,15
2026-02-19T07:15:00Z,FR,44.00,15
2026-02-19T07:15:00Z,GR,13.79,15
2026-02-19T07:15:00Z,HR,109.00,15
2026-02-19T07:15:00Z,HU,145.00,15
2026-02-19T07:15:00Z,IT-CNorth,122.00,15
2026-02-19T07:15:00Z,IT-CSouth,122.00,15
2026-02-19T07:15:00Z,IT-North,122.00,15
2026-02-19T07:15:00Z,IT-Sardinia,122.00,15
2026-02-19T07:15:00Z,IT-Sicily,117.45,15
2026-02-19T07:15:00Z,IT-South,122.00,15
2026-02-19T07:15:00Z,LT,489.26,15
2026-02-19T07:15:00Z,LV,478.05,15
2026-02-19T07:15:00Z,NL,92.28,15
2026-02-19T07:15:00Z,NO1,349.99,15
2026-02-19T07:15:00Z,NO2,101.87,15
2026-02-19T07:15:00Z,NO3,367.58,15
2026-02-19T07:15:00Z,NO4,138.20,15
2026-02-19T07:15:00Z,NO5,227.79,15
2026-02-19T07:15:00Z,PL,168.66,15
2026-02-19T07:15:00Z,PT,8.85,15
2026-02-19T07:15:00Z,RO,13.79,15
2026-02-19T07:15:00Z,RS,46.06,15
2026-02-19T07:15:00Z,SE1,417.55,15
2026-02-19T07:15:00Z,SE2,471.94,15
2026-02-19T07:15:00Z,SE3,486.93,15
2026-02-19T07:15:00Z,SE4,492.59,15
2026-02-19T07:15:00Z,SI,122.00,15
2026-02-19T07:15:00Z,SK,146.28,15
2026-02-19T07:30:00Z,AT,120.31,15
2026-02-19T07:30:00Z,BE,87.10,15
2026-02-19T07:30:00Z,CZ,128.14,15
2026-02-19T07:30:00Z,DE-LU,98.26,15
2026-02-19T07:30:00Z,DK1,109.21,15
2026-02-19T07:30:00Z,DK2,494.12,15
2026-02-19T07:30:00Z,EE,478.08,15
2026-02-19T07:30:00Z,ES,8.00,15
2026-02-19T07:30:00Z,FI,477.50,15
2026-02-19T07:30:00Z,FR,48.11,15
2026-02-19T07:30:00Z,GR,10.00,15
2026-02-19T07:30:00Z,HR,107.36,15
2026-02-19T07:30:00Z,HU,143.73,15
2026-02-19T07:30:00Z,IT-CNorth,122.42,15
2026-02-19T07:30:00Z,IT-CSouth,117.45,15
2026-02-19T07:30:00Z,IT-North,122.42,15
2026-02-19T07:30:00Z,IT-Sardinia,117.45,15
2026-02-19T07:30:00Z,IT-Sicily,117.45,15
2026-02-19T07:30:00Z,IT-South,117.45,15
2026-02-19T07:30:00Z,LT,489.30,15
2026-02-19T07:30:00Z,LV,478.08,15
2026-02-19T07:30:00Z,NL,92.67,15
2026-02-19T07:30:00Z,NO1,349.99,15
2026-02-19T07:30:00Z,NO2,102.26,15
2026-02-19T07:30:00Z,NO3,367.60,15
2026-02-19T07:30:00Z,NO4,139.31,15
2026-02-19T07:30:00Z,NO5,227.85,15
2026-02-19T07:30:00Z,PL,165.94,15
2026-02-19T07:30:00Z,PT,8.00,15
2026-02-19T07:30:00Z,RO,10.00,15
2026-02-19T07:30:00Z,RS,46.06,15
2026-02-19T07:30:00Z,SE1,417.76,15
2026-02-19T07:30:00Z,SE2,471.97,15
2026-02-19T07:30:00Z,SE3,486.96,15
2026-02-19T07:30:00Z,SE4,492.62,15
2026-02-19T07:30:00Z,SI,120.77,15
2026-02-19T07:30:00Z,SK,144.76,15
2026-02-19T07:45:00Z,AT,116.80,15
2026-02-19T07:45:00Z,BE,81.14,15
2026-02-19T07:45:00Z,CZ,122.45,15
2026-02-19T07:45:00Z,DE-LU,97.31,15
2026-02-19T07:45:00Z,DK1,106.75,15
2026-02-19T07:45:00Z,DK2,438.57,15
2026-02-19T07:45:00Z,EE,428.93,15
2026-02-19T07:45:00Z,ES,5.00,15
2026-02-19T07:45:00Z,FI,428.42,15
2026-02-19T07:45:00Z,FR,30.01,15
2026-02-19T07:45:00Z,GR,0.01,15
2026-02-19T07:45:00Z,HR,102.92,15
2026-02-19T07:45:00Z,HU,136.34,15
2026-02-19T07:45:00Z,IT-CNorth,122.14,15
2026-02-19T07:45:00Z,IT-CSouth,116.48,15
2026-02-19T07:45:00Z,IT-North,122.14,15
2026-02-19T07:45:00Z,IT-Sardinia,116.48,15
2026-02-19T07:45:00Z,IT-Sicily,116.48,15
2026-02-19T07:45:00Z,IT-South,116.48,15
2026-02-19T07:45:00Z,LT,435.67,15
2026-02-19T07:45:00Z,LV,428.93,15
2026-02-19T07:45:00Z,NL,90.25,15
2026-02-19T07:45:00Z,NO1,356.08,15
2026-02-19T07:45:00Z,NO2,102.19,15
2026-02-19T07:45:00Z,NO3,361.85,15
2026-02-19T07:45:00Z,NO4,137.62,15
2026-02-19T07:45:00Z,NO5,265.73,15
2026-02-19T07:45:00Z,PL,151.80,15
2026-02-19T07:45:00Z,PT,5.00,15
2026-02-19T07:45:00Z,RO,8.43,15
2026-02-19T07:45:00Z,RS,46.06,15
2026-02-19T07:45:00Z,SE1,377.86,15
2026-02-19T07:45:00Z,SE2,425.25,15
2026-02-19T07:45:00Z,SE3,434.26,15
2026-02-19T07:45:00Z,SE4,437.67,15
2026-02-19T07:45:00Z,SI,116.39,15
2026-02-19T07:45:00Z,SK,136.33,15
2026-02-19T08:00:00Z,AT,129.32,15
2026-02-19T08:00:00Z,BE,95.94,15
2026-02-19T08:00:00Z,CH,120.00,60
2026-02-19T08:00:00Z,CZ,146.18,15
2026-02-19T08:00:00Z,DE-LU,105.63,15
2026-02-19T08:00:00Z,DK1,112.62,15
2026-02-19T08:00:00Z,DK2,407.76,15
2026-02-19T08:00:00Z,EE,390.26,15
2026-02-19T08:00:00Z,ES,3.78,15
2026-02-19T08:00:00Z,FI,390.23,15
2026-02-19T08:00:00Z,FR,59.66,15
2026-02-19T08:00:00Z,GR,0.00,15
2026-02-19T08:00:00Z,HR,112.16,15
2026-02-19T08:00:00Z,HU,145.41,15
2026-02-19T08:00:00Z,IT-CNorth,130.27,15
2026-02-19T08:00:00Z,IT-CSouth,117.45,15
2026-02-19T08:00:00Z,IT-North,130.27,15
2026-02-19T08:00:00Z,IT-Sardinia,115.46,15
2026-02-19T08:00:00Z,IT-Sicily,117.45,15
2026-02-19T08:00:00Z,IT-South,117.45,15
2026-02-19T08:00:00Z,LT,402.51,15
2026-02-19T08:00:00Z,LV,390.26,15
2026-02-19T08:00:00Z,NL,98.39,15
2026-02-19T08:00:00Z,NO1,244.76,15
2026-02-19T08:00:00Z,NO2,102.91,15
2026-02-19T08:00:00Z,NO3,270.57,15
2026-02-19T08:00:00Z,NO4,350.13,15
2026-02-19T08:00:00Z,NO5,133.41,15
2026-02-19T08:00:00Z,PL,138.32,15
2026-02-19T08:00:00Z,PT,3.78,15
2026-02-19T08:00:00Z,RO,15.34,15
2026-02-19T08:00:00Z,RS,16.17,15
2026-02-19T08:00:00Z,SE1,380.06,15
2026-02-19T08:00:00Z,SE2,383.50,15
2026-02-19T08:00:00Z,SE3,399.95,15
2026-02-19T08:00:00Z,SE4,406.15,15
2026-02-19T08:00:00Z,SI,126.67,15
2026-02-19T08:00:00Z,SK,143.20,15
2026-02-19T08:15:00Z,AT,124.37,15
2026-02-19T08:15:00Z,BE,92.86,15
2026-02-19T08:15:00Z,CZ,137.91,15
2026-02-19T08:15:00Z,DE-LU,104.25,15
2026-02-19T08:15:00Z,DK1,110.88,15
2026-02-19T08:15:00Z,DK2,390.85,15
2026-02-19T08:15:00Z,EE,374.26,15
2026-02-19T08:15:00Z,ES,1.98,15
2026-02-19T08:15:00Z,FI,374.02,15
2026-02-19T08:15:00Z,FR,51.74,15
2026-02-19T08:15:00Z,GR,0.00,15
2026-02-19T08:15:00Z,HR,106.31,15
2026-02-19T08:15:00Z,HU,138.40,15
2026-02-19T08:15:00Z,IT-CNorth,132.49,15
2026-02-19T08:15:00Z,IT-CSouth,132.49,15
2026-02-19T08:15:00Z,IT-North,132.49,15
2026-02-19T08:15:00Z,IT-Sardinia,132.49,15
2026-02-19T08:15:00Z,IT-Sicily,115.00,15
2026-02-19T08:15:00Z,IT-South,115.00,15
2026-02-19T08:15:00Z,LT,385.87,15
2026-02-19T08:15:00Z,LV,374.26,15
2026-02-19T08:15:00Z,NL,95.99,15
2026-02-19T08:15:00Z,NO1,236.17,15
2026-02-19T08:15:00Z,NO2,101.55,15
2026-02-19T08:15:00Z,NO3,260.63,15
2026-02-19T08:15:00Z,NO4,221.70,15
2026-02-19T08:15:00Z,NO5,130.50,15
2026-02-19T08:15:00Z,PL,129.97,15
2026-02-19T08:15:00Z,PT,1.98,15
2026-02-19T08:15:00Z,RO,9.39,15
2026-02-19T08:15:00Z,RS,16.17,15
2026-02-19T08:15:00Z,SE1,345.37,15
2026-02-19T08:15:00Z,SE2,367.83,15
2026-02-19T08:15:00Z,SE3,383.45,15
2026-02-19T08:15:00Z,SE4,389.33,15
2026-02-19T08:15:00Z,SI,121.09,15
2026-02-19T08:15:00Z,SK,135.68,15
2026-02-19T08:30:00Z,AT,114.53,15
2026-02-19T08:30:00Z,BE,91.84,15
2026-02-19T08:30:00Z,CZ,120.59,15
2026-02-19T08:30:00Z,DE-LU,103.58,15
2026-02-19T08:30:00Z,DK1,109.62,15
2026-02-19T08:30:00Z,DK2,364.49,15
2026-02-19T08:30:00Z,EE,349.37,15
2026-02-19T08:30:00Z,ES,0.09,15
2026-02-19T08:30:00Z,FI,349.17,15
2026-02-19T08:30:00Z,FR,49.31,15
2026-02-19T08:30:00Z,GR,0.00,15
2026-02-19T08:30:00Z,HR,97.15,15
2026-02-19T08:30:00Z,HU,122.96,15
2026-02-19T08:30:00Z,IT-CNorth,129.87,15
2026-02-19T08:30:00Z,IT-CSouth,129.87,15
2026-02-19T08:30:00Z,IT-North,129.87,15
2026-02-19T08:30:00Z,IT-Sardinia,129.87,15
2026-02-19T08:30:00Z,IT-Sicily,105.49,15
2026-02-19T08:30:00Z,IT-South,105.49,15
2026-02-19T08:30:00Z,LT,359.95,15
2026-02-19T08:30:00Z,LV,349.37,15
2026-02-19T08:30:00Z,NL,94.31,15
2026-02-19T08:30:00Z,NO1,223.55,15
2026-02-19T08:30:00Z,NO2,100.88,15
2026-02-19T08:30:00Z,NO3,245.83,15
2026-02-19T08:30:00Z,NO4,220.61,15
2026-02-19T08:30:00Z,NO5,127.25,15
2026-02-19T08:30:00Z,PL,112.83,15
2026-02-19T08:30:00Z,PT,1.44,15
2026-02-19T08:30:00Z,RO,12.77,15
2026-02-19T08:30:00Z,RS,16.17,15
2026-02-19T08:30:00Z,SE1,324.77,15
2026-02-19T08:30:00Z,SE2,343.52,15
2026-02-19T08:30:00Z,SE3,357.74,15
2026-02-19T08:30:00Z,SE4,363.10,15
2026-02-19T08:30:00Z,SI,110.49,15
2026-02-19T08:30:00Z,SK,119.66,15
2026-02-19T08:45:00Z,AT,112.11,15
2026-02-19T08:45:00Z,BE,90.00,15
2026-02-19T08:45:00Z,CZ,114.44,15
2026-02-19T08:45:00Z,DE-LU,100.98,15
2026-02-19T08:45:00Z,DK1,105.94,15
2026-02-19T08:45:00Z,DK2,314.93,15
2026-02-19T08:45:00Z,EE,302.55,15
2026-02-19T08:45:00Z,ES,0.00,15
2026-02-19T08:45:00Z,FI,302.35,15
2026-02-19T08:45:00Z,FR,40.52,15
2026-02-19T08:45:00Z,GR,0.00,15
2026-02-19T08:45:00Z,HR,94.60,15
2026-02-19T08:45:00Z,HU,118.96,15
2026-02-19T08:45:00Z,IT-CNorth,127.37,15
2026-02-19T08:45:00Z,IT-CSouth,127.37,15
2026-02-19T08:45:00Z,IT-North,127.37,15
2026-02-19T08:45:00Z,IT-Sardinia,127.37,15
2026-02-19T08:45:00Z,IT-Sicily,82.46,15
2026-02-19T08:45:00Z,IT-South,82.46,15
2026-02-19T08:45:00Z,LT,311.21,15
2026-02-19T08:45:00Z,LV,302.55,15
2026-02-19T08:45:00Z,NL,87.51,15
2026-02-19T08:45:00Z,NO1,199.62,15
2026-02-19T08:45:00Z,NO2,98.81,15
2026-02-19T08:45:00Z,NO3,217.69,15
2026-02-19T08:45:00Z,NO4,180.01,15
2026-02-19T08:45:00Z,NO5,120.45,15
2026-02-19T08:45:00Z,PL,109.57,15
2026-02-19T08:45:00Z,PT,0.58,15
2026-02-19T08:45:00Z,RO,12.73,15
2026-02-19T08:45:00Z,RS,16.17,15
2026-02-19T08:45:00Z,SE1,279.53,15
2026-02-19T08:45:00Z,SE2,297.75,15
2026-02-19T08:45:00Z,SE3,309.40,15
2026-02-19T08:45:00Z,SE4,313.79,15
2026-02-19T08:45:00Z,SI,107.68,15
2026-02-19T08:45:00Z,SK,115.50,15
2026-02-19T09:00:00Z,AT,121.67,15
2026-02-19T09:00:00Z,BE,91.45,15
2026-02-19T09:00:00Z,CH,116.00,60
2026-02-19T09:00:00Z,CZ,130.92,15
2026-02-19T09:00:00Z,DE-LU,106.81,15
2026-02-19T09:00:00Z,DK1,111.27,15
2026-02-19T09:00:00Z,DK2,306.81,15
2026-02-19T09:00:00Z,EE,295.06,15
2026-02-19T09:00:00Z,ES,-0.01,15
2026-02-19T09:00:00Z,FI,295.03,15
2026-02-19T09:00:00Z,FR,43.85,15
2026-02-19T09:00:00Z,GR,0.00,15
2026-02-19T09:00:00Z,HR,102.29,15
2026-02-19T09:00:00Z,HU,131.51,15
2026-02-19T09:00:00Z,IT-CNorth,139.66,15
2026-02-19T09:00:00Z,IT-CSouth,139.66,15
2026-02-19T09:00:00Z,IT-North,139.66,15
2026-02-19T09:00:00Z,IT-Sardinia,139.66,15
2026-02-19T09:00:00Z,IT-Sicily,91.00,15
2026-02-19T09:00:00Z,IT-South,112.89,15
2026-02-19T09:00:00Z,LT,303.29,15
2026-02-19T09:00:00Z,LV,295.06,15
2026-02-19T09:00:00Z,NL,99.32,15
2026-02-19T09:00:00Z,NO1,197.87,15
2026-02-19T09:00:00Z,NO2,103.66,15
2026-02-19T09:00:00Z,NO3,214.94,15
2026-02-19T09:00:00Z,NO4,268.68,15
2026-02-19T09:00:00Z,NO5,123.99,15
2026-02-19T09:00:00Z,PL,119.05,15
2026-02-19T09:00:00Z,PT,0.50,15
2026-02-19T09:00:00Z,RO,10.00,15
2026-02-19T09:00:00Z,RS,5.00,15
2026-02-19T09:00:00Z,SE1,288.66,15
2026-02-19T09:00:00Z,SE2,290.56,15
2026-02-19T09:00:00Z,SE3,301.57,15
2026-02-19T09:00:00Z,SE4,305.74,15
2026-02-19T09:00:00Z,SI,117.41,15
2026-02-19T09:00:00Z,SK,128.00,15
2026-02-19T09:15:00Z,AT,114.90,15
2026-02-19T09:15:00Z,BE,92.55,15
2026-02-19T09:15:00Z,CZ,121.59,15
2026-02-19T09:15:00Z,DE-LU,101.26,15
2026-02-19T09:15:00Z,DK1,104.39,15
2026-02-19T09:15:00Z,DK2,241.63,15
2026-02-19T09:15:00Z,EE,239.21,15
2026-02-19T09:15:00Z,ES,-0.04,15
2026-02-19T09:15:00Z,FI,239.19,15
2026-02-19T09:15:00Z,FR,44.88,15
2026-02-19T09:15:00Z,GR,0.00,15
2026-02-19T09:15:00Z,HR,97.54,15
2026-02-19T09:15:00Z,HU,123.12,15
2026-02-19T09:15:00Z,IT-CNorth,139.66,15
2026-02-19T09:15:00Z,IT-CSouth,139.66,15
2026-02-19T09:15:00Z,IT-North,139.66,15
2026-02-19T09:15:00Z,IT-Sardinia,139.66,15
2026-02-19T09:15:00Z,IT-Sicily,60.00,15
2026-02-19T09:15:00Z,IT-South,60.00,15
2026-02-19T09:15:00Z,LT,239.21,15
2026-02-19T09:15:00Z,LV,239.21,15
2026-02-19T09:15:00Z,NL,87.48,15
2026-02-19T09:15:00Z,NO1,165.03,15
2026-02-19T09:15:00Z,NO2,98.63,15
2026-02-19T09:15:00Z,NO3,176.58,15
2026-02-19T09:15:00Z,NO4,213.11,15
2026-02-19T09:15:00Z,NO5,112.90,15
2026-02-19T09:15:00Z,PL,112.16,15
2026-02-19T09:15:00Z,PT,0.50,15
2026-02-19T09:15:00Z,RO,15.23,15
2026-02-19T09:15:00Z,RS,5.00,15
2026-02-19T09:15:00Z,SE1,230.34,15
2026-02-19T09:15:00Z,SE2,230.35,15
2026-02-19T09:15:00Z,SE3,238.05,15
2026-02-19T09:15:00Z,SE4,240.90,15
2026-02-19T09:15:00Z,SI,111.09,15
2026-02-19T09:15:00Z,SK,119.86,15
2026-02-19T09:30:00Z,AT,114.05,15
2026-02-19T09:30:00Z,BE,93.51,15
2026-02-19T09:30:00Z,CZ,119.33,15
2026-02-19T09:30:00Z,DE-LU,98.30,15
2026-02-19T09:30:00Z,DK1,101.15,15
2026-02-19T09:30:00Z,DK2,226.23,15
2026-02-19T09:30:00Z,EE,224.02,15
2026-02-19T09:30:00Z,ES,-0.42,15
2026-02-19T09:30:00Z,FI,224.00,15
2026-02-19T09:30:00Z,FR,33.37,15
2026-02-19T09:30:00Z,GR,0.00,15
2026-02-19T09:30:00Z,HR,96.30,15
2026-02-19T09:30:00Z,HU,121.77,15
2026-02-19T09:30:00Z,IT-CNorth,137.49,15
2026-02-19T09:30:00Z,IT-CSouth,137.49,15
2026-02-19T09:30:00Z,IT-North,137.49,15
2026-02-19T09:30:00Z,IT-Sardinia,137.49,15
2026-02-19T09:30:00Z,IT-Sicily,30.00,15
2026-02-19T09:30:00Z,IT-South,30.00,15
2026-02-19T09:30:00Z,LT,224.02,15
2026-02-19T09:30:00Z,LV,224.02,15
2026-02-19T09:30:00Z,NL,75.10,15
2026-02-19T09:30:00Z,NO1,156.33,15
2026-02-19T09:30:00Z,NO2,95.73,15
2026-02-19T09:30:00Z,NO3,166.86,15
2026-02-19T09:30:00Z,NO4,200.20,15
2026-02-19T09:30:00Z,NO5,108.75,15
2026-02-19T09:30:00Z,PL,110.21,15
2026-02-19T09:30:00Z,PT,0.50,15
2026-02-19T09:30:00Z,RO,12.27,15
2026-02-19T09:30:00Z,RS,5.00,15
2026-02-19T09:30:00Z,SE1,215.92,15
2026-02-19T09:30:00Z,SE2,215.93,15
2026-02-19T09:30:00Z,SE3,222.96,15
2026-02-19T09:30:00Z,SE4,225.56,15
2026-02-19T09:30:00Z,SI,110.24,15
2026-02-19T09:30:00Z,SK,118.23,15
2026-02-19T09:45:00Z,AT,111.53,15
2026-02-19T09:45:00Z,BE,93.72,15
2026-02-19T09:45:00Z,CZ,113.20,15
2026-02-19T09:45:00Z,DE-LU,97.61,15
2026-02-19T09:45:00Z,DK1,99.80,15
2026-02-19T09:45:00Z,DK2,195.89,15
2026-02-19T09:45:00Z,EE,194.18,15
2026-02-19T09:45:00Z,ES,-0.48,15
2026-02-19T09:45:00Z,FI,194.16,15
2026-02-19T09:45:00Z,FR,26.30,15
2026-02-19T09:45:00Z,GR,-0.01,15
2026-02-19T09:45:00Z,HR,94.14,15
2026-02-19T09:45:00Z,HU,118.02,15
2026-02-19T09:45:00Z,IT-CNorth,137.49,15
2026-02-19T09:45:00Z,IT-CSouth,137.49,15
2026-02-19T09:45:00Z,IT-North,137.49,15
2026-02-19T09:45:00Z,IT-Sardinia,137.49,15
2026-02-19T09:45:00Z,IT-Sicily,15.00,15
2026-02-19T09:45:00Z,IT-South,15.00,15
2026-02-19T09:45:00Z,LT,194.18,15
2026-02-19T09:45:00Z,LV,194.18,15
2026-02-19T09:45:00Z,NL,70.10,15
2026-02-19T09:45:00Z,NO1,141.86,15
2026-02-19T09:45:00Z,NO2,95.00,15
2026-02-19T09:45:00Z,NO3,149.99,15
2026-02-19T09:45:00Z,NO4,175.77,15
2026-02-19T09:45:00Z,NO5,105.07,15
2026-02-19T09:45:00Z,PL,107.93,15
2026-02-19T09:45:00Z,PT,0.58,15
2026-02-19T09:45:00Z,RO,12.72,15
2026-02-19T09:45:00Z,RS,5.00,15
2026-02-19T09:45:00Z,SE1,187.92,15
2026-02-19T09:45:00Z,SE2,187.92,15
2026-02-19T09:45:00Z,SE3,193.36,15
2026-02-19T09:45:00Z,SE4,195.37,15
2026-02-19T09:45:00Z,SI,107.76,15
2026-02-19T09:45:00Z,SK,114.38,15
2026-02-19T10:00:00Z,AT,113.85,15
2026-02-19T10:00:00Z,BE,83.59,15
2026-02-19T10:00:00Z,CH,113.46,60
2026-02-19T10:00:00Z,CZ,125.54,15
2026-02-19T10:00:00Z,DE-LU,97.22,15
2026-02-19T10:00:00Z,DK1,99.92,15
2026-02-19T10:00:00Z,DK2,224.64,15
2026-02-19T10:00:00Z,EE,222.44,15
2026-02-19T10:00:00Z,ES,-0.42,15
2026-02-19T10:00:00Z,FI,222.42,15
2026-02-19T10:00:00Z,FR,41.62,15
2026-02-19T10:00:00Z,GR,-0.01,15
2026-02-19T10:00:00Z,HR,96.40,15
2026-02-19T10:00:00Z,HU,123.62,15
2026-02-19T10:00:00Z,IT-CNorth,145.80,15
2026-02-19T10:00:00Z,IT-CSouth,145.80,15
2026-02-19T10:00:00Z,IT-North,145.80,15
2026-02-19T10:00:00Z,IT-Sardinia,145.80,15
2026-02-19T10:00:00Z,IT-Sicily,0.00,15
2026-02-19T10:00:00Z,IT-South,0.00,15
2026-02-19T10:00:00Z,LT,222.44,15
2026-02-19T10:00:00Z,LV,222.44,15
2026-02-19T10:00:00Z,NL,90.38,15
2026-02-19T10:00:00Z,NO1,155.08,15
2026-02-19T10:00:00Z,NO2,94.72,15
2026-02-19T10:00:00Z,NO3,165.59,15
2026-02-19T10:00:00Z,NO4,198.68,15
2026-02-19T10:00:00Z,NO5,107.72,15
2026-02-19T10:00:00Z,PL,110.65,15
2026-02-19T10:00:00Z,PT,0.99,15
2026-02-19T10:00:00Z,RO,11.10,15
2026-02-19T10:00:00Z,RS,2.47,15
2026-02-19T10:00:00Z,SE1,214.36,15
2026-02-19T10:00:00Z,SE2,214.37,15
2026-02-19T10:00:00Z,SE3,221.38,15
2026-02-19T10:00:00Z,SE4,223.97,15
2026-02-19T10:00:00Z,SI,110.13,15
2026-02-19T10:00:00Z,SK,120.53,15
2026-02-19T10:15:00Z,AT,110.80,15
2026-02-19T10:15:00Z,BE,84.07,15
2026-02-19T10:15:00Z,CZ,120.42,15
2026-02-19T10:15:00Z,DE-LU,96.84,15
2026-02-19T10:15:00Z,DK1,98.95,15
2026-02-19T10:15:00Z,DK2,196.29,15
2026-02-19T10:15:00Z,EE,194.56,15
2026-02-19T10:15:00Z,ES,-0.51,15
2026-02-19T10:15:00Z,FI,194.55,15
2026-02-19T10:15:00Z,FR,45.00,15
2026-02-19T10:15:00Z,GR,-0.01,15
2026-02-19T10:15:00Z,HR,93.71,15
2026-02-19T10:15:00Z,HU,119.92,15
2026-02-19T10:15:00Z,IT-CNorth,140.29,15
2026-02-19T10:15:00Z,IT-CSouth,140.29,15
2026-02-19T10:15:00Z,IT-North,140.29,15
2026-02-19T10:15:00Z,IT-Sardinia,140.29,15
2026-02-19T10:15:00Z,IT-Sicily,0.50,15
2026-02-19T10:15:00Z,IT-South,0.50,15
2026-02-19T10:15:00Z,LT,194.56,15
2026-02-19T10:15:00Z,LV,194.56,15
2026-02-19T10:15:00Z,NL,90.45,15
2026-02-19T10:15:00Z,NO1,141.83,15
2026-02-19T10:15:00Z,NO2,94.42,15
2026-02-19T10:15:00Z,NO3,150.00,15
2026-02-19T10:15:00Z,NO4,175.94,15
2026-02-19T10:15:00Z,NO5,104.62,15
2026-02-19T10:15:00Z,PL,108.42,15
2026-02-19T10:15:00Z,PT,0.99,15
2026-02-19T10:15:00Z,RO,11.01,15
2026-02-19T10:15:00Z,RS,2.47,15
2026-02-19T10:15:00Z,SE1,188.23,15
2026-02-19T10:15:00Z,SE2,188.24,15
2026-02-19T10:15:00Z,SE3,193.73,15
2026-02-19T10:15:00Z,SE4,195.76,15
2026-02-19T10:15:00Z,SI,107.06,15
2026-02-19T10:15:00Z,SK,116.88,15
2026-02-19T10:30:00Z,AT,113.02,15
2026-02-19T10:30:00Z,BE,81.51,15
2026-02-19T10:30:00Z,CZ,125.53,15
2026-02-19T10:30:00Z,DE-LU,95.30,15
2026-02-19T10:30:00Z,DK1,96.50,15
2026-02-19T10:30:00Z,DK2,151.92,15
2026-02-19T10:30:00Z,EE,151.01,15
2026-02-19T10:30:00Z,ES,-0.60,15
2026-02-19T10:30:00Z,FI,151.01,15
2026-02-19T10:30:00Z,FR,38.90,15
2026-02-19T10:30:00Z,GR,-0.01,15
2026-02-19T10:30:00Z,HR,96.10,15
2026-02-19T10:30:00Z,HU,122.79,15
2026-02-19T10:30:00Z,IT-CNorth,140.29,15
2026-02-19T10:30:00Z,IT-CSouth,140.29,15
2026-02-19T10:30:00Z,IT-North,140.29,15
2026-02-19T10:30:00Z,IT-Sardinia,140.29,15
2026-02-19T10:30:00Z,IT-Sicily,0.50,15
2026-02-19T10:30:00Z,IT-South,0.50,15
2026-02-19T10:30:00Z,LT,151.01,15
2026-02-19T10:30:00Z,LV,151.01,15
2026-02-19T10:30:00Z,NL,88.36,15
2026-02-19T10:30:00Z,NO1,123.60,15
2026-02-19T10:30:00Z,NO2,94.34,15
2026-02-19T10:30:00Z,NO3,127.64,15
2026-02-19T10:30:00Z,NO4,141.26,15
2026-02-19T10:30:00Z,NO5,103.36,15
2026-02-19T10:30:00Z,PL,109.39,15
2026-02-19T10:30:00Z,PT,0.99,15
2026-02-19T10:30:00Z,RO,12.79,15
2026-02-19T10:30:00Z,RS,2.47,15
2026-02-19T10:30:00Z,SE1,147.70,15
2026-02-19T10:30:00Z,SE2,147.70,15
2026-02-19T10:30:00Z,SE3,150.58,15
2026-02-19T10:30:00Z,SE4,151.64,15
2026-02-19T10:30:00Z,SI,109.49,15
2026-02-19T10:30:00Z,SK,119.78,15
2026-02-19T10:45:00Z,AT,110.80,15
2026-02-19T10:45:00Z,BE,85.03,15
2026-02-19T10:45:00Z,CZ,128.51,15
2026-02-19T10:45:00Z,DE-LU,91.07,15
2026-02-19T10:45:00Z,DK1,91.98,15
2026-02-19T10:45:00Z,DK2,133.88,15
2026-02-19T10:45:00Z,EE,150.02,15
2026-02-19T10:45:00Z,ES,-0.60,15
2026-02-19T10:45:00Z,FI,149.99,15
2026-02-19T10:45:00Z,FR,62.47,15
2026-02-19T10:45:00Z,GR,-0.01,15
2026-02-19T10:45:00Z,HR,94.93,15
2026-02-19T10:45:00Z,HU,121.70,15
2026-02-19T10:45:00Z,IT-CNorth,139.66,15
2026-02-19T10:45:00Z,IT-CSouth,139.66,15
2026-02-19T10:45:00Z,IT-North,139.66,15
2026-02-19T10:45:00Z,IT-Sardinia,139.66,15
2026-02-19T10:45:00Z,IT-Sicily,0.32,15
2026-02-19T10:45:00Z,IT-South,0.32,15
2026-02-19T10:45:00Z,LT,150.02,15
2026-02-19T10:45:00Z,LV,150.02,15
2026-02-19T10:45:00Z,NL,86.85,15
2026-02-19T10:45:00Z,NO1,116.32,15
2026-02-19T10:45:00Z,NO2,94.25,15
2026-02-19T10:45:00Z,NO3,117.81,15
2026-02-19T10:45:00Z,NO4,123.19,15
2026-02-19T10:45:00Z,NO5,103.19,15
2026-02-19T10:45:00Z,PL,106.89,15
2026-02-19T10:45:00Z,PT,0.99,15
2026-02-19T10:45:00Z,RO,15.33,15
2026-02-19T10:45:00Z,RS,2.47,15
2026-02-19T10:45:00Z,SE1,134.86,15
2026-02-19T10:45:00Z,SE2,131.63,15
2026-02-19T10:45:00Z,SE3,133.29,15
2026-02-19T10:45:00Z,SE4,133.74,15
2026-02-19T10:45:00Z,SI,107.51,15
2026-02-19T10:45:00Z,SK,119.18,15
2026-02-19T11:00:00Z,AT,108.80,15
2026-02-19T11:00:00Z,BE,82.23,15
2026-02-19T11:00:00Z,CH,110.80,60
2026-02-19T11:00:00Z,CZ,116.00,15
2026-02-19T11:00:00Z,DE-LU,94.52,15
2026-02-19T11:00:00Z,DK1,96.16,15
2026-02-19T11:00:00Z,DK2,168.17,15
2026-02-19T11:00:00Z,EE,166.97,15
2026-02-19T11:00:00Z,ES,-0.66,15
2026-02-19T11:00:00Z,FI,166.96,15
2026-02-19T11:00:00Z,FR,31.65,15
2026-02-19T11:00:00Z,GR,-0.01,15
2026-02-19T11:00:00Z,HR,93.02,15
2026-02-19T11:00:00Z,HU,116.52,15
2026-02-19T11:00:00Z,IT-CNorth,139.66,15
2026-02-19T11:00:00Z,IT-CSouth,139.66,15
2026-02-19T11:00:00Z,IT-North,139.66,15
2026-02-19T11:00:00Z,IT-Sardinia,139.66,15
2026-02-19T11:00:00Z,IT-Sicily,0.50,15
2026-02-19T11:00:00Z,IT-South,0.50,15
2026-02-19T11:00:00Z,LT,166.97,15
2026-02-19T11:00:00Z,LV,166.97,15
2026-02-19T11:00:00Z,NL,81.94,15
2026-02-19T11:00:00Z,NO1,130.25,15
2026-02-19T11:00:00Z,NO2,94.17,15
2026-02-19T11:00:00Z,NO3,136.03,15
2026-02-19T11:00:00Z,NO4,153.92,15
2026-02-19T11:00:00Z,NO5,103.79,15
2026-02-19T11:00:00Z,PL,105.90,15
2026-02-19T11:00:00Z,PT,0.99,15
2026-02-19T11:00:00Z,RO,17.26,15
2026-02-19T11:00:00Z,RS,5.00,15
2026-02-19T11:00:00Z,SE1,162.55,15
2026-02-19T11:00:00Z,SE2,162.54,15
2026-02-19T11:00:00Z,SE3,166.39,15
2026-02-19T11:00:00Z,SE4,167.81,15
2026-02-19T11:00:00Z,SI,105.52,15
2026-02-19T11:00:00Z,SK,113.54,15
2026-02-19T11:15:00Z,AT,107.51,15
2026-02-19T11:15:00Z,BE,79.60,15
2026-02-19T11:15:00Z,CZ,119.75,15
2026-02-19T11:15:00Z,DE-LU,90.17,15
2026-02-19T11:15:00Z,DK1,91.51,15
2026-02-19T11:15:00Z,DK2,150.28,15
2026-02-19T11:15:00Z,EE,150.00,15
2026-02-19T11:15:00Z,ES,-0.74,15
2026-02-19T11:15:00Z,FI,149.99,15
2026-02-19T11:15:00Z,FR,38.98,15
2026-02-19T11:15:00Z,GR,-0.01,15
2026-02-19T11:15:00Z,HR,90.77,15
2026-02-19T11:15:00Z,HU,117.07,15
2026-02-19T11:15:00Z,IT-CNorth,137.49,15
2026-02-19T11:15:00Z,IT-CSouth,137.49,15
2026-02-19T11:15:00Z,IT-North,137.49,15
2026-02-19T11:15:00Z,IT-Sardinia,137.49,15
2026-02-19T11:15:00Z,IT-Sicily,0.32,15
2026-02-19T11:15:00Z,IT-South,0.32,15
2026-02-19T11:15:00Z,LT,150.00,15
2026-02-19T11:15:00Z,LV,150.00,15
2026-02-19T11:15:00Z,NL,80.76,15
2026-02-19T11:15:00Z,NO1,123.17,15
2026-02-19T11:15:00Z,NO2,93.81,15
2026-02-19T11:15:00Z,NO3,127.12,15
2026-02-19T11:15:00Z,NO4,139.90,15
2026-02-19T11:15:00Z,NO5,103.58,15
2026-02-19T11:15:00Z,PL,104.18,15
2026-02-19T11:15:00Z,PT,0.99,15
2026-02-19T11:15:00Z,RO,9.19,15
2026-02-19T11:15:00Z,RS,5.00,15
2026-02-19T11:15:00Z,SE1,146.36,15
2026-02-19T11:15:00Z,SE2,146.25,15
2026-02-19T11:15:00Z,SE3,149.00,15
2026-02-19T11:15:00Z,SE4,150.02,15
2026-02-19T11:15:00Z,SI,104.04,15
2026-02-19T11:15:00Z,SK,114.12,15
2026-02-19T11:30:00Z,AT,107.51,15
2026-02-19T11:30:00Z,BE,81.58,15
2026-02-19T11:30:00Z,CZ,121.26,15
2026-02-19T11:30:00Z,DE-LU,89.50,15
2026-02-19T11:30:00Z,DK1,90.42,15
2026-02-19T11:30:00Z,DK2,130.86,15
2026-02-19T11:30:00Z,EE,186.52,15
2026-02-19T11:30:00Z,ES,-0.81,15
2026-02-19T11:30:00Z,FI,186.42,15
2026-02-19T11:30:00Z,FR,46.93,15
2026-02-19T11:30:00Z,GR,-0.01,15
2026-02-19T11:30:00Z,HR,91.49,15
2026-02-19T11:30:00Z,HU,117.23,15
2026-02-19T11:30:00Z,IT-CNorth,135.48,15
2026-02-19T11:30:00Z,IT-CSouth,135.48,15
2026-02-19T11:30:00Z,IT-North,135.48,15
2026-02-19T11:30:00Z,IT-Sardinia,135.48,15
2026-02-19T11:30:00Z,IT-Sicily,0.32,15
2026-02-19T11:30:00Z,IT-South,0.32,15
2026-02-19T11:30:00Z,LT,186.52,15
2026-02-19T11:30:00Z,LV,186.52,15
2026-02-19T11:30:00Z,NL,80.76,15
2026-02-19T11:30:00Z,NO1,115.18,15
2026-02-19T11:30:00Z,NO2,92.97,15
2026-02-19T11:30:00Z,NO3,114.38,15
2026-02-19T11:30:00Z,NO4,111.42,15
2026-02-19T11:30:00Z,NO5,103.42,15
2026-02-19T11:30:00Z,PL,104.03,15
2026-02-19T11:30:00Z,PT,0.99,15
2026-02-19T11:30:00Z,RO,12.77,15
2026-02-19T11:30:00Z,RS,5.00,15
2026-02-19T11:30:00Z,SE1,140.66,15
2026-02-19T11:30:00Z,SE2,129.78,15
2026-02-19T11:30:00Z,SE3,130.94,15
2026-02-19T11:30:00Z,SE4,130.83,15
2026-02-19T11:30:00Z,SI,104.22,15
2026-02-19T11:30:00Z,SK,114.49,15
2026-02-19T11:45:00Z,AT,108.80,15
2026-02-19T11:45:00Z,BE,88.27,15
2026-02-19T11:45:00Z,CZ,124.47,15
2026-02-19T11:45:00Z,DE-LU,89.81,15
2026-02-19T11:45:00Z,DK1,90.41,15
2026-02-19T11:45:00Z,DK2,116.70,15
2026-02-19T11:45:00Z,EE,156.69,15
2026-02-19T11:45:00Z,ES,-0.81,15
2026-02-19T11:45:00Z,FI,156.62,15
2026-02-19T11:45:00Z,FR,60.66,15
2026-02-19T11:45:00Z,GR,-0.01,15
2026-02-19T11:45:00Z,HR,92.29,15
2026-02-19T11:45:00Z,HU,119.26,15
2026-02-19T11:45:00Z,IT-CNorth,127.37,15
2026-02-19T11:45:00Z,IT-CSouth,127.37,15
2026-02-19T11:45:00Z,IT-North,127.37,15
2026-02-19T11:45:00Z,IT-Sardinia,127.37,15
2026-02-19T11:45:00Z,IT-Sicily,0.32,15
2026-02-19T11:45:00Z,IT-South,0.32,15
2026-02-19T11:45:00Z,LT,156.69,15
2026-02-19T11:45:00Z,LV,156.69,15
2026-02-19T11:45:00Z,NL,79.37,15
2026-02-19T11:45:00Z,NO1,109.56,15
2026-02-19T11:45:00Z,NO2,93.13,15
2026-02-19T11:45:00Z,NO3,108.17,15
2026-02-19T11:45:00Z,NO4,104.24,15
2026-02-19T11:45:00Z,NO5,103.13,15
2026-02-19T11:45:00Z,PL,105.25,15
2026-02-19T11:45:00Z,PT,0.99,15
2026-02-19T11:45:00Z,RO,11.00,15
2026-02-19T11:45:00Z,RS,5.00,15
2026-02-19T11:45:00Z,SE1,124.30,15
2026-02-19T11:45:00Z,SE2,116.50,15
2026-02-19T11:45:00Z,SE3,116.94,15
2026-02-19T11:45:00Z,SE4,116.72,15
2026-02-19T11:45:00Z,SI,105.37,15
2026-02-19T11:45:00Z,SK,116.54,15
2026-02-19T12:00:00Z,AT,114.98,15
2026-02-19T12:00:00Z,BE,83.97,15
2026-02-19T12:00:00Z,CH,110.79,60
2026-02-19T12:00:00Z,CZ,134.24,15
2026-02-19T12:00:00Z,DE-LU,90.86,15
2026-02-19T12:00:00Z,DK1,91.71,15
2026-02-19T12:00:00Z,DK2,131.23,15
2026-02-19T12:00:00Z,EE,169.80,15
2026-02-19T12:00:00Z,ES,-0.81,15
2026-02-19T12:00:00Z,FI,169.73,15
2026-02-19T12:00:00Z,FR,47.28,15
2026-02-19T12:00:00Z,GR,0.00,15
2026-02-19T12:00:00Z,HR,98.38,15
2026-02-19T12:00:00Z,HU,126.33,15
2026-02-19T12:00:00Z,IT-CNorth,123.03,15
2026-02-19T12:00:00Z,IT-CSouth,123.03,15
2026-02-19T12:00:00Z,IT-North,123.03,15
2026-02-19T12:00:00Z,IT-Sardinia,123.03,15
2026-02-19T12:00:00Z,IT-Sicily,0.00,15
2026-02-19T12:00:00Z,IT-South,0.00,15
2026-02-19T12:00:00Z,LT,169.80,15
2026-02-19T12:00:00Z,LV,169.80,15
2026-02-19T12:00:00Z,NL,80.80,15
2026-02-19T12:00:00Z,NO1,114.88,15
2026-02-19T12:00:00Z,NO2,94.05,15
2026-02-19T12:00:00Z,NO3,114.98,15
2026-02-19T12:00:00Z,NO4,115.67,15
2026-02-19T12:00:00Z,NO5,102.86,15
2026-02-19T12:00:00Z,PL,109.83,15
2026-02-19T12:00:00Z,PT,0.99,15
2026-02-19T12:00:00Z,RO,15.34,15
2026-02-19T12:00:00Z,RS,10.07,15
2026-02-19T12:00:00Z,SE1,137.60,15
2026-02-19T12:00:00Z,SE2,129.65,15
2026-02-19T12:00:00Z,SE3,131.03,15
2026-02-19T12:00:00Z,SE4,131.16,15
2026-02-19T12:00:00Z,SI,111.78,15
2026-02-19T12:00:00Z,SK,123.58,15
2026-02-19T12:15:00Z,AT,114.98,15
2026-02-19T12:15:00Z,BE,79.69,15
2026-02-19T12:15:00Z,CZ,134.10,15
2026-02-19T12:15:00Z,DE-LU,90.16,15
2026-02-19T12:15:00Z,DK1,90.84,15
2026-02-19T12:15:00Z,DK2,122.42,15
2026-02-19T12:15:00Z,EE,159.51,15
2026-02-19T12:15:00Z,ES,-0.81,15
2026-02-19T12:15:00Z,FI,159.44,15
2026-02-19T12:15:00Z,FR,36.67,15
2026-02-19T12:15:00Z,GR,0.00,15
2026-02-19T12:15:00Z,HR,97.48,15
2026-02-19T12:15:00Z,HU,126.60,15
2026-02-19T12:15:00Z,IT-CNorth,127.37,15
2026-02-19T12:15:00Z,IT-CSouth,122.50,15
2026-02-19T12:15:00Z,IT-North,127.37,15
2026-02-19T12:15:00Z,IT-Sardinia,122.50,15
2026-02-19T12:15:00Z,IT-Sicily,0.00,15
2026-02-19T12:15:00Z,IT-South,0.00,15
2026-02-19T12:15:00Z,LT,159.51,15
2026-02-19T12:15:00Z,LV,159.51,15
2026-02-19T12:15:00Z,NL,80.08,15
2026-02-19T12:15:00Z,NO1,111.48,15
2026-02-19T12:15:00Z,NO2,93.42,15
2026-02-19T12:15:00Z,NO3,110.79,15
2026-02-19T12:15:00Z,NO4,109.25,15
2026-02-19T12:15:00Z,NO5,102.76,15
2026-02-19T12:15:00Z,PL,109.63,15
2026-02-19T12:15:00Z,PT,0.99,15
2026-02-19T12:15:00Z,RO,10.22,15
2026-02-19T12:15:00Z,RS,10.07,15
2026-02-19T12:15:00Z,SE1,129.20,15
2026-02-19T12:15:00Z,SE2,121.59,15
2026-02-19T12:15:00Z,SE3,122.44,15
2026-02-19T12:15:00Z,SE4,122.39,15
2026-02-19T12:15:00Z,SI,111.62,15
2026-02-19T12:15:00Z,SK,123.64,15
2026-02-19T12:30:00Z,AT,111.48,15
2026-02-19T12:30:00Z,BE,75.91,15
2026-02-19T12:30:00Z,CZ,126.86,15
2026-02-19T12:30:00Z,DE-LU,89.76,15
2026-02-19T12:30:00Z,DK1,90.34,15
2026-02-19T12:30:00Z,DK2,117.02,15
2026-02-19T12:30:00Z,EE,158.15,15
2026-02-19T12:30:00Z,ES,-0.81,15
2026-02-19T12:30:00Z,FI,158.08,15
2026-02-19T12:30:00Z,FR,27.95,15
2026-02-19T12:30:00Z,GR,0.00,15
2026-02-19T12:30:00Z,HR,94.35,15
2026-02-19T12:30:00Z,HU,121.94,15
2026-02-19T12:30:00Z,IT-CNorth,127.37,15
2026-02-19T12:30:00Z,IT-CSouth,117.10,15
2026-02-19T12:30:00Z,IT-North,127.37,15
2026-02-19T12:30:00Z,IT-Sardinia,117.10,15
2026-02-19T12:30:00Z,IT-Sicily,0.32,15
2026-02-19T12:30:00Z,IT-South,0.32,15
2026-02-19T12:30:00Z,LT,158.15,15
2026-02-19T12:30:00Z,LV,158.15,15
2026-02-19T12:30:00Z,NL,79.99,15
2026-02-19T12:30:00Z,NO1,109.33,15
2026-02-19T12:30:00Z,NO2,93.06,15
2026-02-19T12:30:00Z,NO3,107.92,15
2026-02-19T12:30:00Z,NO4,104.11,15
2026-02-19T12:30:00Z,NO5,102.66,15
2026-02-19T12:30:00Z,PL,106.85,15
2026-02-19T12:30:00Z,PT,0.99,15
2026-02-19T12:30:00Z,RO,9.99,15
2026-02-19T12:30:00Z,RS,10.07,15
2026-02-19T12:30:00Z,SE1,125.16,15
2026-02-19T12:30:00Z,SE2,116.76,15
2026-02-19T12:30:00Z,SE3,117.26,15
2026-02-19T12:30:00Z,SE4,117.04,15
2026-02-19T12:30:00Z,SI,108.13,15
2026-02-19T12:30:00Z,SK,118.93,15
2026-02-19T12:45:00Z,AT,106.99,15
2026-02-19T12:45:00Z,BE,74.87,15
2026-02-19T12:45:00Z,CZ,117.45,15
2026-02-19T12:45:00Z,DE-LU,89.62,15
2026-02-19T12:45:00Z,DK1,90.03,15
2026-02-19T12:45:00Z,DK2,109.35,15
2026-02-19T12:45:00Z,EE,150.14,15
2026-02-19T12:45:00Z,ES,-0.81,15
2026-02-19T12:45:00Z,FI,150.08,15
2026-02-19T12:45:00Z,FR,24.09,15
2026-02-19T12:45:00Z,GR,0.00,15
2026-02-19T12:45:00Z,HR,91.21,15
2026-02-19T12:45:00Z,HU,115.58,15
2026-02-19T12:45:00Z,IT-CNorth,128.00,15
2026-02-19T12:45:00Z,IT-CSouth,128.00,15
2026-02-19T12:45:00Z,IT-North,128.00,15
2026-02-19T12:45:00Z,IT-Sardinia,128.00,15
2026-02-19T12:45:00Z,IT-Sicily,0.00,15
2026-02-19T12:45:00Z,IT-South,0.00,15
2026-02-19T12:45:00Z,LT,150.14,15
2026-02-19T12:45:00Z,LV,150.14,15
2026-02-19T12:45:00Z,NL,79.13,15
2026-02-19T12:45:00Z,NO1,106.35,15
2026-02-19T12:45:00Z,NO2,92.95,15
2026-02-19T12:45:00Z,NO3,104.22,15
2026-02-19T12:45:00Z,NO4,98.30,15
2026-02-19T12:45:00Z,NO5,102.65,15
2026-02-19T12:45:00Z,PL,103.29,15
2026-02-19T12:45:00Z,PT,0.99,15
2026-02-19T12:45:00Z,RO,14.68,15
2026-02-19T12:45:00Z,RS,10.07,15
2026-02-19T12:45:00Z,SE1,118.06,15
2026-02-19T12:45:00Z,SE2,109.76,15
2026-02-19T12:45:00Z,SE3,109.80,15
2026-02-19T12:45:00Z,SE4,109.41,15
2026-02-19T12:45:00Z,SI,103.83,15
2026-02-19T12:45:00Z,SK,112.66,15
2026-02-19T13:00:00Z,AT,111.75,15
2026-02-19T13:00:00Z,BE,84.79,15
2026-02-19T13:00:00Z,CH,112.09,60
2026-02-19T13:00:00Z,CZ,122.00,15
2026-02-19T13:00:00Z,DE-LU,89.19,15
2026-02-19T13:00:00Z,DK1,89.71,15
2026-02-19T13:00:00Z,DK2,113.80,15
2026-02-19T13:00:00Z,EE,150.14,15
2026-02-19T13:00:00Z,ES,-0.81,15
2026-02-19T13:00:00Z,FI,150.08,15
2026-02-19T13:00:00Z,FR,42.09,15
2026-02-19T13:00:00Z,GR,0.00,15
2026-02-19T13:00:00Z,HR,93.20,15
2026-02-19T13:00:00Z,HU,120.00,15
2026-02-19T13:00:00Z,IT-CNorth,128.00,15
2026-02-19T13:00:00Z,IT-CSouth,104.89,15
2026-02-19T13:00:00Z,IT-North,128.00,15
2026-02-19T13:00:00Z,IT-Sardinia,104.89,15
2026-02-19T13:00:00Z,IT-Sicily,10.00,15
2026-02-19T13:00:00Z,IT-South,10.00,15
2026-02-19T13:00:00Z,LT,150.14,15
2026-02-19T13:00:00Z,LV,150.14,15
2026-02-19T13:00:00Z,NL,74.29,15
2026-02-19T13:00:00Z,NO1,108.86,15
2026-02-19T13:00:00Z,NO2,92.36,15
2026-02-19T13:00:00Z,NO3,107.20,15
2026-02-19T13:00:00Z,NO4,103.00,15
2026-02-19T13:00:00Z,NO5,103.57,15
2026-02-19T13:00:00Z,PL,105.50,15
2026-02-19T13:00:00Z,PT,0.99,15
2026-02-19T13:00:00Z,RO,11.00,15
2026-02-19T13:00:00Z,RS,18.50,15
2026-02-19T13:00:00Z,SE1,120.99,15
2026-02-19T13:00:00Z,SE2,113.91,15
2026-02-19T13:00:00Z,SE3,114.09,15
2026-02-19T13:00:00Z,SE4,113.83,15
2026-02-19T13:00:00Z,SI,106.96,15
2026-02-19T13:00:00Z,SK,116.69,15
2026-02-19T13:15:00Z,AT,111.98,15
2026-02-19T13:15:00Z,BE,81.35,15
2026-02-19T13:15:00Z,CZ,120.00,15
2026-02-19T13:15:00Z,DE-LU,89.70,15
2026-02-19T13:15:00Z,DK1,90.21,15
2026-02-19T13:15:00Z,DK2,113.54,15
2026-02-19T13:15:00Z,EE,169.79,15
2026-02-19T13:15:00Z,ES,-0.81,15
2026-02-19T13:15:00Z,FI,169.70,15
2026-02-19T13:15:00Z,FR,36.90,15
2026-02-19T13:15:00Z,GR,0.00,15
2026-02-19T13:15:00Z,HR,93.20,15
2026-02-19T13:15:00Z,HU,119.99,15
2026-02-19T13:15:00Z,IT-CNorth,132.00,15
2026-02-19T13:15:00Z,IT-CSouth,113.26,15
2026-02-19T13:15:00Z,IT-North,132.00,15
2026-02-19T13:15:00Z,IT-Sardinia,113.26,15
2026-02-19T13:15:00Z,IT-Sicily,10.00,15
2026-02-19T13:15:00Z,IT-South,10.00,15
2026-02-19T13:15:00Z,LT,169.79,15
2026-02-19T13:15:00Z,LV,169.79,15
2026-02-19T13:15:00Z,NL,77.03,15
2026-02-19T13:15:00Z,NO1,108.44,15
2026-02-19T13:15:00Z,NO2,92.86,15
2026-02-19T13:15:00Z,NO3,105.83,15
2026-02-19T13:15:00Z,NO4,97.92,15
2026-02-19T13:15:00Z,NO5,103.45,15
2026-02-19T13:15:00Z,PL,107.24,15
2026-02-19T13:15:00Z,PT,0.99,15
2026-02-19T13:15:00Z,RO,11.00,15
2026-02-19T13:15:00Z,RS,18.50,15
2026-02-19T13:15:00Z,SE1,125.07,15
2026-02-19T13:15:00Z,SE2,114.13,15
2026-02-19T13:15:00Z,SE3,114.12,15
2026-02-19T13:15:00Z,SE4,113.62,15
2026-02-19T13:15:00Z,SI,106.96,15
2026-02-19T13:15:00Z,SK,116.71,15
2026-02-19T13:30:00Z,AT,112.11,15
2026-02-19T13:30:00Z,BE,79.00,15
2026-02-19T13:30:00Z,CZ,126.34,15
2026-02-19T13:30:00Z,DE-LU,89.96,15
2026-02-19T13:30:00Z,DK1,90.46,15
2026-02-19T13:30:00Z,DK2,113.58,15
2026-02-19T13:30:00Z,EE,169.80,15
2026-02-19T13:30:00Z,ES,-0.81,15
2026-02-19T13:30:00Z,FI,169.71,15
2026-02-19T13:30:00Z,FR,32.94,15
2026-02-19T13:30:00Z,GR,0.00,15
2026-02-19T13:30:00Z,HR,99.72,15
2026-02-19T13:30:00Z,HU,121.59,15
2026-02-19T13:30:00Z,IT-CNorth,131.88,15
2026-02-19T13:30:00Z,IT-CSouth,111.39,15
2026-02-19T13:30:00Z,IT-North,131.88,15
2026-02-19T13:30:00Z,IT-Sardinia,111.39,15
2026-02-19T13:30:00Z,IT-Sicily,20.00,15
2026-02-19T13:30:00Z,IT-South,20.00,15
2026-02-19T13:30:00Z,LT,169.80,15
2026-02-19T13:30:00Z,LV,169.80,15
2026-02-19T13:30:00Z,NL,79.00,15
2026-02-19T13:30:00Z,NO1,108.34,15
2026-02-19T13:30:00Z,NO2,93.10,15
2026-02-19T13:30:00Z,NO3,105.77,15
2026-02-19T13:30:00Z,NO4,97.92,15
2026-02-19T13:30:00Z,NO5,103.34,15
2026-02-19T13:30:00Z,PL,110.19,15
2026-02-19T13:30:00Z,PT,0.99,15
2026-02-19T13:30:00Z,RO,35.23,15
2026-02-19T13:30:00Z,RS,18.50,15
2026-02-19T13:30:00Z,SE1,125.09,15
2026-02-19T13:30:00Z,SE2,114.15,15
2026-02-19T13:30:00Z,SE3,114.15,15
2026-02-19T13:30:00Z,SE4,113.66,15
2026-02-19T13:30:00Z,SI,110.26,15
2026-02-19T13:30:00Z,SK,119.50,15
2026-02-19T13:45:00Z,AT,114.55,15
2026-02-19T13:45:00Z,BE,80.07,15
2026-02-19T13:45:00Z,CZ,127.45,15
2026-02-19T13:45:00Z,DE-LU,91.79,15
2026-02-19T13:45:00Z,DK1,92.36,15
2026-02-19T13:45:00Z,DK2,119.10,15
2026-02-19T13:45:00Z,EE,178.75,15
2026-02-19T13:45:00Z,ES,-0.81,15
2026-02-19T13:45:00Z,FI,178.65,15
2026-02-19T13:45:00Z,FR,31.03,15
2026-02-19T13:45:00Z,GR,0.01,15
2026-02-19T13:45:00Z,HR,103.78,15
2026-02-19T13:45:00Z,HU,122.10,15
2026-02-19T13:45:00Z,IT-CNorth,137.49,15
2026-02-19T13:45:00Z,IT-CSouth,98.00,15
2026-02-19T13:45:00Z,IT-North,137.49,15
2026-02-19T13:45:00Z,IT-Sardinia,98.00,15
2026-02-19T13:45:00Z,IT-Sicily,30.00,15
2026-02-19T13:45:00Z,IT-South,30.00,15
2026-02-19T13:45:00Z,LT,178.75,15
2026-02-19T13:45:00Z,LV,178.75,15
2026-02-19T13:45:00Z,NL,80.07,15
2026-02-19T13:45:00Z,NO1,110.36,15
2026-02-19T13:45:00Z,NO2,93.56,15
2026-02-19T13:45:00Z,NO3,108.20,15
2026-02-19T13:45:00Z,NO4,101.31,15
2026-02-19T13:45:00Z,NO5,103.31,15
2026-02-19T13:45:00Z,PL,110.04,15
2026-02-19T13:45:00Z,PT,0.99,15
2026-02-19T13:45:00Z,RO,48.92,15
2026-02-19T13:45:00Z,RS,18.50,15
2026-02-19T13:45:00Z,SE1,130.87,15
2026-02-19T13:45:00Z,SE2,119.26,15
2026-02-19T13:45:00Z,SE3,119.56,15
2026-02-19T13:45:00Z,SE4,119.15,15
2026-02-19T13:45:00Z,SI,112.83,15
2026-02-19T13:45:00Z,SK,120.13,15
2026-02-19T14:00:00Z,AT,110.90,15
2026-02-19T14:00:00Z,BE,76.25,15
2026-02-19T14:00:00Z,CH,114.35,60
2026-02-19T14:00:00Z,CZ,121.59,15
2026-02-19T14:00:00Z,DE-LU,85.28,15
2026-02-19T14:00:00Z,DK1,86.07,15
2026-02-19T14:00:00Z,DK2,113.78,15
2026-02-19T14:00:00Z,EE,150.05,15
2026-02-19T14:00:00Z,ES,-0.81,15
2026-02-19T14:00:00Z,FI,149.99,15
2026-02-19T14:00:00Z,FR,35.14,15
2026-02-19T14:00:00Z,GR,0.20,15
2026-02-19T14:00:00Z,HR,93.76,15
2026-02-19T14:00:00Z,HU,123.73,15
2026-02-19T14:00:00Z,IT-CNorth,114.90,15
2026-02-19T14:00:00Z,IT-CSouth,80.00,15
2026-02-19T14:00:00Z,IT-North,114.90,15
2026-02-19T14:00:00Z,IT-Sardinia,80.00,15
2026-02-19T14:00:00Z,IT-Sicily,30.00,15
2026-02-19T14:00:00Z,IT-South,30.00,15
2026-02-19T14:00:00Z,LT,150.05,15
2026-02-19T14:00:00Z,LV,150.05,15
2026-02-19T14:00:00Z,NL,78.97,15
2026-02-19T14:00:00Z,NO1,108.87,15
2026-02-19T14:00:00Z,NO2,89.81,15
2026-02-19T14:00:00Z,NO3,107.12,15
2026-02-19T14:00:00Z,NO4,102.92,15
2026-02-19T14:00:00Z,NO5,103.11,15
2026-02-19T14:00:00Z,PL,118.60,15
2026-02-19T14:00:00Z,PT,1.20,15
2026-02-19T14:00:00Z,RO,9.19,15
2026-02-19T14:00:00Z,RS,69.92,15
2026-02-19T14:00:00Z,SE1,120.80,15
2026-02-19T14:00:00Z,SE2,113.76,15
2026-02-19T14:00:00Z,SE3,114.06,15
2026-02-19T14:00:00Z,SE4,113.81,15
2026-02-19T14:00:00Z,SI,107.43,15
2026-02-19T14:00:00Z,SK,121.59,15
2026-02-19T14:15:00Z,AT,114.58,15
2026-02-19T14:15:00Z,BE,75.46,15
2026-02-19T14:15:00Z,CZ,127.01,15
2026-02-19T14:15:00Z,DE-LU,88.35,15
2026-02-19T14:15:00Z,DK1,89.35,15
2026-02-19T14:15:00Z,DK2,124.14,15
2026-02-19T14:15:00Z,EE,150.04,15
2026-02-19T14:15:00Z,ES,-0.81,15
2026-02-19T14:15:00Z,FI,150.00,15
2026-02-19T14:15:00Z,FR,32.27,15
2026-02-19T14:15:00Z,GR,80.00,15
2026-02-19T14:15:00Z,HR,112.89,15
2026-02-19T14:15:00Z,HU,127.91,15
2026-02-19T14:15:00Z,IT-CNorth,117.27,15
2026-02-19T14:15:00Z,IT-CSouth,74.01,15
2026-02-19T14:15:00Z,IT-North,117.27,15
2026-02-19T14:15:00Z,IT-Sardinia,74.01,15
2026-02-19T14:15:00Z,IT-Sicily,74.01,15
2026-02-19T14:15:00Z,IT-South,74.01,15
2026-02-19T14:15:00Z,LT,150.04,15
2026-02-19T14:15:00Z,LV,150.04,15
2026-02-19T14:15:00Z,NL,81.54,15
2026-02-19T14:15:00Z,NO1,112.68,15
2026-02-19T14:15:00Z,NO2,92.00,15
2026-02-19T14:15:00Z,NO3,112.68,15
2026-02-19T14:15:00Z,NO4,113.36,15
2026-02-19T14:15:00Z,NO5,103.14,15
2026-02-19T14:15:00Z,PL,135.18,15
2026-02-19T14:15:00Z,PT,1.20,15
2026-02-19T14:15:00Z,RO,80.00,15
2026-02-19T14:15:00Z,RS,69.92,15
2026-02-19T14:15:00Z,SE1,128.03,15
2026-02-19T14:15:00Z,SE2,122.96,15
2026-02-19T14:15:00Z,SE3,123.97,15
2026-02-19T14:15:00Z,SE4,124.08,15
2026-02-19T14:15:00Z,SI,117.27,15
2026-02-19T14:15:00Z,SK,129.00,15
2026-02-19T14:30:00Z,AT,119.95,15
2026-02-19T14:30:00Z,BE,81.54,15
2026-02-19T14:30:00Z,CZ,123.41,15
2026-02-19T14:30:00Z,DE-LU,96.49,15
2026-02-19T14:30:00Z,DK1,97.73,15
2026-02-19T14:30:00Z,DK2,140.79,15
2026-02-19T14:30:00Z,EE,156.52,15
2026-02-19T14:30:00Z,ES,-0.81,15
2026-02-19T14:30:00Z,FI,156.49,15
2026-02-19T14:30:00Z,FR,31.21,15
2026-02-19T14:30:00Z,GR,91.38,15
2026-02-19T14:30:00Z,HR,128.57,15
2026-02-19T14:30:00Z,HU,132.47,15
2026-02-19T14:30:00Z,IT-CNorth,126.30,15
2026-02-19T14:30:00Z,IT-CSouth,90.00,15
2026-02-19T14:30:00Z,IT-North,126.30,15
2026-02-19T14:30:00Z,IT-Sardinia,90.00,15
2026-02-19T14:30:00Z,IT-Sicily,90.00,15
2026-02-19T14:30:00Z,IT-South,90.00,15
2026-02-19T14:30:00Z,LT,156.52,15
2026-02-19T14:30:00Z,LV,156.52,15
2026-02-19T14:30:00Z,NL,88.85,15
2026-02-19T14:30:00Z,NO1,118.96,15
2026-02-19T14:30:00Z,NO2,94.08,15
2026-02-19T14:30:00Z,NO3,121.35,15
2026-02-19T14:30:00Z,NO4,128.60,15
2026-02-19T14:30:00Z,NO5,103.20,15
2026-02-19T14:30:00Z,PL,156.52,15
2026-02-19T14:30:00Z,PT,1.44,15
2026-02-19T14:30:00Z,RO,132.82,15
2026-02-19T14:30:00Z,RS,69.92,15
2026-02-19T14:30:00Z,SE1,141.06,15
2026-02-19T14:30:00Z,SE2,137.90,15
2026-02-19T14:30:00Z,SE3,140.00,15
2026-02-19T14:30:00Z,SE4,140.61,15
2026-02-19T14:30:00Z,SI,126.30,15
2026-02-19T14:30:00Z,SK,135.96,15
2026-02-19T14:45:00Z,AT,124.52,15
2026-02-19T14:45:00Z,BE,84.85,15
2026-02-19T14:45:00Z,CZ,128.12,15
2026-02-19T14:45:00Z,DE-LU,100.23,15
2026-02-19T14:45:00Z,DK1,101.86,15
2026-02-19T14:45:00Z,DK2,158.28,15
2026-02-19T14:45:00Z,EE,163.53,15
2026-02-19T14:45:00Z,ES,-0.75,15
2026-02-19T14:45:00Z,FI,163.51,15
2026-02-19T14:45:00Z,FR,33.02,15
2026-02-19T14:45:00Z,GR,99.79,15
2026-02-19T14:45:00Z,HR,133.46,15
2026-02-19T14:45:00Z,HU,137.51,15
2026-02-19T14:45:00Z,IT-CNorth,131.10,15
2026-02-19T14:45:00Z,IT-CSouth,98.00,15
2026-02-19T14:45:00Z,IT-North,131.10,15
2026-02-19T14:45:00Z,IT-Sardinia,98.00,15
2026-02-19T14:45:00Z,IT-Sicily,98.00,15
2026-02-19T14:45:00Z,IT-South,98.00,15
2026-02-19T14:45:00Z,LT,163.53,15
2026-02-19T14:45:00Z,LV,163.53,15
2026-02-19T14:45:00Z,NL,92.38,15
2026-02-19T14:45:00Z,NO1,125.86,15
2026-02-19T14:45:00Z,NO2,94.41,15
2026-02-19T14:45:00Z,NO3,130.58,15
2026-02-19T14:45:00Z,NO4,144.64,15
2026-02-19T14:45:00Z,NO5,103.29,15
2026-02-19T14:45:00Z,PL,162.48,15
2026-02-19T14:45:00Z,PT,1.45,15
2026-02-19T14:45:00Z,RO,137.87,15
2026-02-19T14:45:00Z,RS,69.92,15
2026-02-19T14:45:00Z,SE1,154.82,15
2026-02-19T14:45:00Z,SE2,153.63,15
2026-02-19T14:45:00Z,SE3,156.85,15
2026-02-19T14:45:00Z,SE4,157.98,15
2026-02-19T14:45:00Z,SI,131.10,15
2026-02-19T14:45:00Z,SK,141.14,15
2026-02-19T15:00:00Z,AT,116.03,15
2026-02-19T15:00:00Z,BE,78.91,15
2026-02-19T15:00:00Z,CH,118.00,60
2026-02-19T15:00:00Z,CZ,120.48,15
2026-02-19T15:00:00Z,DE-LU,88.00,15
2026-02-19T15:00:00Z,DK1,88.64,15
2026-02-19T15:00:00Z,DK2,109.33,15
2026-02-19T15:00:00Z,EE,193.01,15
2026-02-19T15:00:00Z,ES,-0.60,15
2026-02-19T15:00:00Z,FI,192.87,15
2026-02-19T15:00:00Z,FR,24.99,15
2026-02-19T15:00:00Z,GR,80.45,15
2026-02-19T15:00:00Z,HR,123.63,15
2026-02-19T15:00:00Z,HU,131.78,15
2026-02-19T15:00:00Z,IT-CNorth,117.27,15
2026-02-19T15:00:00Z,IT-CSouth,117.27,15
2026-02-19T15:00:00Z,IT-North,117.27,15
2026-02-19T15:00:00Z,IT-Sardinia,117.27,15
2026-02-19T15:00:00Z,IT-Sicily,117.27,15
2026-02-19T15:00:00Z,IT-South,117.27,15
2026-02-19T15:00:00Z,LT,193.01,15
2026-02-19T15:00:00Z,LV,193.01,15
2026-02-19T15:00:00Z,NL,81.19,15
2026-02-19T15:00:00Z,NO1,106.17,15
2026-02-19T15:00:00Z,NO2,94.21,15
2026-02-19T15:00:00Z,NO3,101.91,15
2026-02-19T15:00:00Z,NO4,87.79,15
2026-02-19T15:00:00Z,NO5,103.17,15
2026-02-19T15:00:00Z,PL,161.28,15
2026-02-19T15:00:00Z,PT,1.44,15
2026-02-19T15:00:00Z,RO,120.92,15
2026-02-19T15:00:00Z,RS,90.03,15
2026-02-19T15:00:00Z,SE1,124.11,15
2026-02-19T15:00:00Z,SE2,110.66,15
2026-02-19T15:00:00Z,SE3,110.41,15
2026-02-19T15:00:00Z,SE4,109.50,15
2026-02-19T15:00:00Z,SI,122.32,15
2026-02-19T15:00:00Z,SK,136.10,15
2026-02-19T15:15:00Z,AT,132.95,15
2026-02-19T15:15:00Z,BE,85.79,15
2026-02-19T15:15:00Z,CZ,138.65,15
2026-02-19T15:15:00Z,DE-LU,96.53,15
2026-02-19T15:15:00Z,DK1,97.62,15
2026-02-19T15:15:00Z,DK2,132.86,15
2026-02-19T15:15:00Z,EE,200.11,15
2026-02-19T15:15:00Z,ES,-0.50,15
2026-02-19T15:15:00Z,FI,199.99,15
2026-02-19T15:15:00Z,FR,20.81,15
2026-02-19T15:15:00Z,GR,95.13,15
2026-02-19T15:15:00Z,HR,145.94,15
2026-02-19T15:15:00Z,HU,152.54,15
2026-02-19T15:15:00Z,IT-CNorth,118.75,15
2026-02-19T15:15:00Z,IT-CSouth,118.75,15
2026-02-19T15:15:00Z,IT-North,118.75,15
2026-02-19T15:15:00Z,IT-Sardinia,118.75,15
2026-02-19T15:15:00Z,IT-Sicily,118.75,15
2026-02-19T15:15:00Z,IT-South,118.75,15
2026-02-19T15:15:00Z,LT,200.11,15
2026-02-19T15:15:00Z,LV,200.11,15
2026-02-19T15:15:00Z,NL,88.48,15
2026-02-19T15:15:00Z,NO1,115.51,15
2026-02-19T15:15:00Z,NO2,94.53,15
2026-02-19T15:15:00Z,NO3,114.54,15
2026-02-19T15:15:00Z,NO4,109.94,15
2026-02-19T15:15:00Z,NO5,103.27,15
2026-02-19T15:15:00Z,PL,192.38,15
2026-02-19T15:15:00Z,PT,1.45,15
2026-02-19T15:15:00Z,RO,153.14,15
2026-02-19T15:15:00Z,RS,90.03,15
2026-02-19T15:15:00Z,SE1,142.52,15
2026-02-19T15:15:00Z,SE2,131.77,15
2026-02-19T15:15:00Z,SE3,133.04,15
2026-02-19T15:15:00Z,SE4,132.84,15
2026-02-19T15:15:00Z,SI,141.86,15
2026-02-19T15:15:00Z,SK,158.74,15
2026-02-19T15:30:00Z,AT,137.04,15
2026-02-19T15:30:00Z,BE,89.09,15
2026-02-19T15:30:00Z,CZ,143.35,15
2026-02-19T15:30:00Z,DE-LU,99.33,15
2026-02-19T15:30:00Z,DK1,101.70,15
2026-02-19T15:30:00Z,DK2,178.55,15
2026-02-19T15:30:00Z,EE,200.07,15
2026-02-19T15:30:00Z,ES,-0.10,15
2026-02-19T15:30:00Z,FI,199.99,15
2026-02-19T15:30:00Z,FR,26.11,15
2026-02-19T15:30:00Z,GR,142.76,15
2026-02-19T15:30:00Z,HR,150.75,15
2026-02-19T15:30:00Z,HU,157.84,15
2026-02-19T15:30:00Z,IT-CNorth,118.00,15
2026-02-19T15:30:00Z,IT-CSouth,118.00,15
2026-02-19T15:30:00Z,IT-North,118.00,15
2026-02-19T15:30:00Z,IT-Sardinia,116.97,15
2026-02-19T15:30:00Z,IT-Sicily,118.00,15
2026-02-19T15:30:00Z,IT-South,118.00,15
2026-02-19T15:30:00Z,LT,200.07,15
2026-02-19T15:30:00Z,LV,200.07,15
2026-02-19T15:30:00Z,NL,91.65,15
2026-02-19T15:30:00Z,NO1,130.95,15
2026-02-19T15:30:00Z,NO2,96.12,15
2026-02-19T15:30:00Z,NO3,130.38,15
2026-02-19T15:30:00Z,NO4,135.76,15
2026-02-19T15:30:00Z,NO5,103.04,15
2026-02-19T15:30:00Z,PL,200.07,15
2026-02-19T15:30:00Z,PT,1.67,15
2026-02-19T15:30:00Z,RO,158.45,15
2026-02-19T15:30:00Z,RS,90.03,15
2026-02-19T15:30:00Z,SE1,160.18,15
2026-02-19T15:30:00Z,SE2,166.36,15
2026-02-19T15:30:00Z,SE3,182.69,15
2026-02-19T15:30:00Z,SE4,179.03,15
2026-02-19T15:30:00Z,SI,146.39,15
2026-02-19T15:30:00Z,SK,164.45,15
2026-02-19T15:45:00Z,AT,139.25,15
2026-02-19T15:45:00Z,BE,93.43,15
2026-02-19T15:45:00Z,CZ,146.41,15
2026-02-19T15:45:00Z,DE-LU,101.71,15
2026-02-19T15:45:00Z,DK1,104.30,15
2026-02-19T15:45:00Z,DK2,188.45,15
2026-02-19T15:45:00Z,EE,205.23,15
2026-02-19T15:45:00Z,ES,-0.01,15
2026-02-19T15:45:00Z,FI,205.16,15
2026-02-19T15:45:00Z,FR,40.00,15
2026-02-19T15:45:00Z,GR,161.66,15
2026-02-19T15:45:00Z,HR,153.45,15
2026-02-19T15:45:00Z,HU,161.09,15
2026-02-19T15:45:00Z,IT-CNorth,125.98,15
2026-02-19T15:45:00Z,IT-CSouth,125.98,15
2026-02-19T15:45:00Z,IT-North,125.98,15
2026-02-19T15:45:00Z,IT-Sardinia,116.35,15
2026-02-19T15:45:00Z,IT-Sicily,125.98,15
2026-02-19T15:45:00Z,IT-South,125.98,15
2026-02-19T15:45:00Z,LT,205.23,15
2026-02-19T15:45:00Z,LV,205.23,15
2026-02-19T15:45:00Z,NL,95.51,15
2026-02-19T15:45:00Z,NO1,137.47,15
2026-02-19T15:45:00Z,NO2,98.87,15
2026-02-19T15:45:00Z,NO3,138.89,15
2026-02-19T15:45:00Z,NO4,148.73,15
2026-02-19T15:45:00Z,NO5,106.54,15
2026-02-19T15:45:00Z,PL,205.23,15
2026-02-19T15:45:00Z,PT,2.01,15
2026-02-19T15:45:00Z,RO,161.66,15
2026-02-19T15:45:00Z,RS,90.03,15
2026-02-19T15:45:00Z,SE1,171.20,15
2026-02-19T15:45:00Z,SE2,176.60,15
2026-02-19T15:45:00Z,SE3,191.36,15
2026-02-19T15:45:00Z,SE4,188.73,15
2026-02-19T15:45:00Z,SI,148.81,15
2026-02-19T15:45:00Z,SK,168.06,15
2026-02-19T16:00:00Z,AT,132.83,15
2026-02-19T16:00:00Z,BE,90.00,15
2026-02-19T16:00:00Z,CH,117.00,60
2026-02-19T16:00:00Z,CZ,138.61,15
2026-02-19T16:00:00Z,DE-LU,98.21,15
2026-02-19T16:00:00Z,DK1,100.85,15
2026-02-19T16:00:00Z,DK2,195.11,15
2026-02-19T16:00:00Z,EE,200.04,15
2026-02-19T16:00:00Z,ES,0.00,15
2026-02-19T16:00:00Z,FI,199.99,15
2026-02-19T16:00:00Z,FR,37.90,15
2026-02-19T16:00:00Z,GR,154.95,15
2026-02-19T16:00:00Z,HR,146.91,15
2026-02-19T16:00:00Z,HU,154.06,15
2026-02-19T16:00:00Z,IT-CNorth,117.45,15
2026-02-19T16:00:00Z,IT-CSouth,117.45,15
2026-02-19T16:00:00Z,IT-North,117.45,15
2026-02-19T16:00:00Z,IT-Sardinia,116.88,15
2026-02-19T16:00:00Z,IT-Sicily,117.45,15
2026-02-19T16:00:00Z,IT-South,117.45,15
2026-02-19T16:00:00Z,LT,200.04,15
2026-02-19T16:00:00Z,LV,200.04,15
2026-02-19T16:00:00Z,NL,92.06,15
2026-02-19T16:00:00Z,NO1,140.31,15
2026-02-19T16:00:00Z,NO2,95.57,15
2026-02-19T16:00:00Z,NO3,138.73,15
2026-02-19T16:00:00Z,NO4,97.92,15
2026-02-19T16:00:00Z,NO5,104.73,15
2026-02-19T16:00:00Z,PL,200.04,15
2026-02-19T16:00:00Z,PT,2.88,15
2026-02-19T16:00:00Z,RO,154.95,15
2026-02-19T16:00:00Z,RS,110.34,15
2026-02-19T16:00:00Z,SE1,178.12,15
2026-02-19T16:00:00Z,SE2,184.93,15
2026-02-19T16:00:00Z,SE3,195.15,15
2026-02-19T16:00:00Z,SE4,194.94,15
2026-02-19T16:00:00Z,SI,142.45,15
2026-02-19T16:00:00Z,SK,160.66,15
2026-02-19T16:15:00Z,AT,145.08,15
2026-02-19T16:15:00Z,BE,92.26,15
2026-02-19T16:15:00Z,CZ,154.00,15
2026-02-19T16:15:00Z,DE-LU,103.36,15
2026-02-19T16:15:00Z,DK1,106.82,15
2026-02-19T16:15:00Z,DK2,230.15,15
2026-02-19T16:15:00Z,EE,229.47,15
2026-02-19T16:15:00Z,ES,0.01,15
2026-02-19T16:15:00Z,FI,229.36,15
2026-02-19T16:15:00Z,FR,24.04,15
2026-02-19T16:15:00Z,GR,120.40,15
2026-02-19T16:15:00Z,HR,149.56,15
2026-02-19T16:15:00Z,HU,176.72,15
2026-02-19T16:15:00Z,IT-CNorth,117.27,15
2026-02-19T16:15:00Z,IT-CSouth,117.27,15
2026-02-19T16:15:00Z,IT-North,117.27,15
2026-02-19T16:15:00Z,IT-Sardinia,114.85,15
2026-02-19T16:15:00Z,IT-Sicily,117.27,15
2026-02-19T16:15:00Z,IT-South,117.27,15
2026-02-19T16:15:00Z,LT,229.47,15
2026-02-19T16:15:00Z,LV,229.47,15
2026-02-19T16:15:00Z,NL,95.04,15
2026-02-19T16:15:00Z,NO1,155.11,15
2026-02-19T16:15:00Z,NO2,100.18,15
2026-02-19T16:15:00Z,NO3,138.26,15
2026-02-19T16:15:00Z,NO4,97.92,15
2026-02-19T16:15:00Z,NO5,109.06,15
2026-02-19T16:15:00Z,PL,229.47,15
2026-02-19T16:15:00Z,PT,3.50,15
2026-02-19T16:15:00Z,RO,120.40,15
2026-02-19T16:15:00Z,RS,110.34,15
2026-02-19T16:15:00Z,SE1,175.56,15
2026-02-19T16:15:00Z,SE2,177.13,15
2026-02-19T16:15:00Z,SE3,229.35,15
2026-02-19T16:15:00Z,SE4,229.92,15
2026-02-19T16:15:00Z,SI,153.83,15
2026-02-19T16:15:00Z,SK,182.86,15
2026-02-19T16:30:00Z,AT,149.90,15
2026-02-19T16:30:00Z,BE,98.55,15
2026-02-19T16:30:00Z,CZ,160.16,15
2026-02-19T16:30:00Z,DE-LU,108.93,15
2026-02-19T16:30:00Z,DK1,112.34,15
2026-02-19T16:30:00Z,DK2,233.97,15
2026-02-19T16:30:00Z,EE,236.52,15
2026-02-19T16:30:00Z,ES,2.00,15
2026-02-19T16:30:00Z,FI,236.36,15
2026-02-19T16:30:00Z,FR,34.01,15
2026-02-19T16:30:00Z,GR,100.60,15
2026-02-19T16:30:00Z,HR,148.39,15
2026-02-19T16:30:00Z,HU,184.70,15
2026-02-19T16:30:00Z,IT-CNorth,119.00,15
2026-02-19T16:30:00Z,IT-CSouth,119.00,15
2026-02-19T16:30:00Z,IT-North,119.00,15
2026-02-19T16:30:00Z,IT-Sardinia,114.85,15
2026-02-19T16:30:00Z,IT-Sicily,119.00,15
2026-02-19T16:30:00Z,IT-South,119.00,15
2026-02-19T16:30:00Z,LT,236.52,15
2026-02-19T16:30:00Z,LV,236.52,15
2026-02-19T16:30:00Z,NL,101.17,15
2026-02-19T16:30:00Z,NO1,156.17,15
2026-02-19T16:30:00Z,NO2,105.54,15
2026-02-19T16:30:00Z,NO3,126.11,15
2026-02-19T16:30:00Z,NO4,90.99,15
2026-02-19T16:30:00Z,NO5,111.52,15
2026-02-19T16:30:00Z,PL,236.52,15
2026-02-19T16:30:00Z,PT,5.08,15
2026-02-19T16:30:00Z,RO,100.60,15
2026-02-19T16:30:00Z,RS,110.34,15
2026-02-19T16:30:00Z,SE1,153.09,15
2026-02-19T16:30:00Z,SE2,150.82,15
2026-02-19T16:30:00Z,SE3,234.55,15
2026-02-19T16:30:00Z,SE4,234.03,15
2026-02-19T16:30:00Z,SI,157.23,15
2026-02-19T16:30:00Z,SK,190.06,15
2026-02-19T16:45:00Z,AT,149.90,15
2026-02-19T16:45:00Z,BE,105.29,15
2026-02-19T16:45:00Z,CZ,160.61,15
2026-02-19T16:45:00Z,DE-LU,112.27,15
2026-02-19T16:45:00Z,DK1,115.43,15
2026-02-19T16:45:00Z,DK2,228.01,15
2026-02-19T16:45:00Z,EE,234.37,15
2026-02-19T16:45:00Z,ES,3.84,15
2026-02-19T16:45:00Z,FI,234.19,15
2026-02-19T16:45:00Z,FR,57.82,15
2026-02-19T16:45:00Z,GR,104.05,15
2026-02-19T16:45:00Z,HR,148.80,15
2026-02-19T16:45:00Z,HU,183.73,15
2026-02-19T16:45:00Z,IT-CNorth,126.28,15
2026-02-19T16:45:00Z,IT-CSouth,126.28,15
2026-02-19T16:45:00Z,IT-North,126.28,15
2026-02-19T16:45:00Z,IT-Sardinia,126.28,15
2026-02-19T16:45:00Z,IT-Sicily,126.28,15
2026-02-19T16:45:00Z,IT-South,126.28,15
2026-02-19T16:45:00Z,LT,234.37,15
2026-02-19T16:45:00Z,LV,234.37,15
2026-02-19T16:45:00Z,NL,107.09,15
2026-02-19T16:45:00Z,NO1,153.30,15
2026-02-19T16:45:00Z,NO2,109.06,15
2026-02-19T16:45:00Z,NO3,114.81,15
2026-02-19T16:45:00Z,NO4,90.98,15
2026-02-19T16:45:00Z,NO5,112.52,15
2026-02-19T16:45:00Z,PL,234.37,15
2026-02-19T16:45:00Z,PT,5.29,15
2026-02-19T16:45:00Z,RO,104.05,15
2026-02-19T16:45:00Z,RS,110.34,15
2026-02-19T16:45:00Z,SE1,141.78,15
2026-02-19T16:45:00Z,SE2,123.36,15
2026-02-19T16:45:00Z,SE3,229.84,15
2026-02-19T16:45:00Z,SE4,228.32,15
2026-02-19T16:45:00Z,SI,156.91,15
2026-02-19T16:45:00Z,SK,189.13,15
2026-02-19T17:00:00Z,AT,140.48,15
2026-02-19T17:00:00Z,BE,89.11,15
2026-02-19T17:00:00Z,CH,117.00,60
2026-02-19T17:00:00Z,CZ,149.19,15
2026-02-19T17:00:00Z,DE-LU,103.92,15
2026-02-19T17:00:00Z,DK1,107.04,15
2026-02-19T17:00:00Z,DK2,218.18,15
2026-02-19T17:00:00Z,EE,217.06,15
2026-02-19T17:00:00Z,ES,5.37,15
2026-02-19T17:00:00Z,FI,217.01,15
2026-02-19T17:00:00Z,FR,36.92,15
2026-02-19T17:00:00Z,GR,120.36,15
2026-02-19T17:00:00Z,HR,145.29,15
2026-02-19T17:00:00Z,HU,168.82,15
2026-02-19T17:00:00Z,IT-CNorth,117.45,15
2026-02-19T17:00:00Z,IT-CSouth,117.45,15
2026-02-19T17:00:00Z,IT-North,117.45,15
2026-02-19T17:00:00Z,IT-Sardinia,117.45,15
2026-02-19T17:00:00Z,IT-Sicily,117.45,15
2026-02-19T17:00:00Z,IT-South,117.45,15
2026-02-19T17:00:00Z,LT,217.06,15
2026-02-19T17:00:00Z,LV,217.06,15
2026-02-19T17:00:00Z,NL,96.84,15
2026-02-19T17:00:00Z,NO1,153.65,15
2026-02-19T17:00:00Z,NO2,101.06,15
2026-02-19T17:00:00Z,NO3,148.91,15
2026-02-19T17:00:00Z,NO4,111.63,15
2026-02-19T17:00:00Z,NO5,111.89,15
2026-02-19T17:00:00Z,PL,217.06,15
2026-02-19T17:00:00Z,PT,5.37,15
2026-02-19T17:00:00Z,RO,120.36,15
2026-02-19T17:00:00Z,RS,110.12,15
2026-02-19T17:00:00Z,SE1,195.05,15
2026-02-19T17:00:00Z,SE2,194.21,15
2026-02-19T17:00:00Z,SE3,216.79,15
2026-02-19T17:00:00Z,SE4,217.78,15
2026-02-19T17:00:00Z,SI,148.32,15
2026-02-19T17:00:00Z,SK,175.30,15
2026-02-19T17:15:00Z,AT,136.16,15
2026-02-19T17:15:00Z,BE,101.62,15
2026-02-19T17:15:00Z,CZ,143.78,15
2026-02-19T17:15:00Z,DE-LU,106.95,15
2026-02-19T17:15:00Z,DK1,108.16,15
2026-02-19T17:15:00Z,DK2,252.56,15
2026-02-19T17:15:00Z,EE,201.87,15
2026-02-19T17:15:00Z,ES,23.00,15
2026-02-19T17:15:00Z,FI,201.76,15
2026-02-19T17:15:00Z,FR,78.18,15
2026-02-19T17:15:00Z,GR,145.00,15
2026-02-19T17:15:00Z,HR,146.31,15
2026-02-19T17:15:00Z,HU,158.37,15
2026-02-19T17:15:00Z,IT-CNorth,120.84,15
2026-02-19T17:15:00Z,IT-CSouth,120.84,15
2026-02-19T17:15:00Z,IT-North,120.84,15
2026-02-19T17:15:00Z,IT-Sardinia,120.84,15
2026-02-19T17:15:00Z,IT-Sicily,120.84,15
2026-02-19T17:15:00Z,IT-South,120.84,15
2026-02-19T17:15:00Z,LT,201.87,15
2026-02-19T17:15:00Z,LV,201.87,15
2026-02-19T17:15:00Z,NL,104.72,15
2026-02-19T17:15:00Z,NO1,129.80,15
2026-02-19T17:15:00Z,NO2,103.80,15
2026-02-19T17:15:00Z,NO3,122.65,15
2026-02-19T17:15:00Z,NO4,97.92,15
2026-02-19T17:15:00Z,NO5,108.46,15
2026-02-19T17:15:00Z,PL,201.87,15
2026-02-19T17:15:00Z,PT,23.00,15
2026-02-19T17:15:00Z,RO,145.00,15
2026-02-19T17:15:00Z,RS,110.12,15
2026-02-19T17:15:00Z,SE1,149.91,15
2026-02-19T17:15:00Z,SE2,158.18,15
2026-02-19T17:15:00Z,SE3,177.18,15
2026-02-19T17:15:00Z,SE4,171.86,15
2026-02-19T17:15:00Z,SI,144.26,15
2026-02-19T17:15:00Z,SK,164.77,15
2026-02-19T17:30:00Z,AT,141.01,15
2026-02-19T17:30:00Z,BE,124.07,15
2026-02-19T17:30:00Z,CZ,150.00,15
2026-02-19T17:30:00Z,DE-LU,120.04,15
2026-02-19T17:30:00Z,DK1,120.73,15
2026-02-19T17:30:00Z,DK2,145.44,15
2026-02-19T17:30:00Z,EE,199.27,15
2026-02-19T17:30:00Z,ES,29.06,15
2026-02-19T17:30:00Z,FI,199.11,15
2026-02-19T17:30:00Z,FR,124.85,15
2026-02-19T17:30:00Z,GR,113.60,15
2026-02-19T17:30:00Z,HR,141.42,15
2026-02-19T17:30:00Z,HU,165.02,15
2026-02-19T17:30:00Z,IT-CNorth,124.85,15
2026-02-19T17:30:00Z,IT-CSouth,124.85,15
2026-02-19T17:30:00Z,IT-North,124.85,15
2026-02-19T17:30:00Z,IT-Sardinia,124.85,15
2026-02-19T17:30:00Z,IT-Sicily,124.85,15
2026-02-19T17:30:00Z,IT-South,124.85,15
2026-02-19T17:30:00Z,LT,199.27,15
2026-02-19T17:30:00Z,LV,199.27,15
2026-02-19T17:30:00Z,NL,119.45,15
2026-02-19T17:30:00Z,NO1,121.75,15
2026-02-19T17:30:00Z,NO2,116.31,15
2026-02-19T17:30:00Z,NO3,107.65,15
2026-02-19T17:30:00Z,NO4,82.23,15
2026-02-19T17:30:00Z,NO5,115.66,15
2026-02-19T17:30:00Z,PL,199.27,15
2026-02-19T17:30:00Z,PT,29.06,15
2026-02-19T17:30:00Z,RO,113.60,15
2026-02-19T17:30:00Z,RS,110.12,15
2026-02-19T17:30:00Z,SE1,119.79,15
2026-02-19T17:30:00Z,SE2,132.01,15
2026-02-19T17:30:00Z,SE3,157.90,15
2026-02-19T17:30:00Z,SE4,147.38,15
2026-02-19T17:30:00Z,SI,145.50,15
2026-02-19T17:30:00Z,SK,168.45,15
2026-02-19T17:45:00Z,AT,142.58,15
2026-02-19T17:45:00Z,BE,129.51,15
2026-02-19T17:45:00Z,CZ,150.88,15
2026-02-19T17:45:00Z,DE-LU,123.16,15
2026-02-19T17:45:00Z,DK1,123.34,15
2026-02-19T17:45:00Z,DK2,129.73,15
2026-02-19T17:45:00Z,EE,170.00,15
2026-02-19T17:45:00Z,ES,35.01,15
2026-02-19T17:45:00Z,FI,169.89,15
2026-02-19T17:45:00Z,FR,129.07,15
2026-02-19T17:45:00Z,GR,113.25,15
2026-02-19T17:45:00Z,HR,141.73,15
2026-02-19T17:45:00Z,HU,163.75,15
2026-02-19T17:45:00Z,IT-CNorth,129.07,15
2026-02-19T17:45:00Z,IT-CSouth,129.07,15
2026-02-19T17:45:00Z,IT-North,129.07,15
2026-02-19T17:45:00Z,IT-Sardinia,129.07,15
2026-02-19T17:45:00Z,IT-Sicily,129.07,15
2026-02-19T17:45:00Z,IT-South,129.07,15
2026-02-19T17:45:00Z,LT,170.00,15
2026-02-19T17:45:00Z,LV,170.00,15
2026-02-19T17:45:00Z,NL,118.20,15
2026-02-19T17:45:00Z,NO1,111.27,15
2026-02-19T17:45:00Z,NO2,106.58,15
2026-02-19T17:45:00Z,NO3,100.82,15
2026-02-19T17:45:00Z,NO4,82.10,15
2026-02-19T17:45:00Z,NO5,106.23,15
2026-02-19T17:45:00Z,PL,195.63,15
2026-02-19T17:45:00Z,PT,35.01,15
2026-02-19T17:45:00Z,RO,113.25,15
2026-02-19T17:45:00Z,RS,110.12,15
2026-02-19T17:45:00Z,SE1,110.39,15
2026-02-19T17:45:00Z,SE2,119.55,15
2026-02-19T17:45:00Z,SE3,139.03,15
2026-02-19T17:45:00Z,SE4,131.18,15
2026-02-19T17:45:00Z,SI,146.29,15
2026-02-19T17:45:00Z,SK,168.00,15
2026-02-19T18:00:00Z,AT,139.58,15
2026-02-19T18:00:00Z,BE,131.62,15
2026-02-19T18:00:00Z,CH,116.18,60
2026-02-19T18:00:00Z,CZ,145.34,15
2026-02-19T18:00:00Z,DE-LU,123.65,15
2026-02-19T18:00:00Z,DK1,124.11,15
2026-02-19T18:00:00Z,DK2,220.88,15
2026-02-19T18:00:00Z,EE,180.08,15
2026-02-19T18:00:00Z,ES,56.57,15
2026-02-19T18:00:00Z,FI,179.99,15
2026-02-19T18:00:00Z,FR,130.07,15
2026-02-19T18:00:00Z,GR,124.43,15
2026-02-19T18:00:00Z,HR,141.20,15
2026-02-19T18:00:00Z,HU,154.99,15
2026-02-19T18:00:00Z,IT-CNorth,130.07,15
2026-02-19T18:00:00Z,IT-CSouth,130.07,15
2026-02-19T18:00:00Z,IT-North,130.07,15
2026-02-19T18:00:00Z,IT-Sardinia,130.07,15
2026-02-19T18:00:00Z,IT-Sicily,130.07,15
2026-02-19T18:00:00Z,IT-South,130.07,15
2026-02-19T18:00:00Z,LT,180.08,15
2026-02-19T18:00:00Z,LV,180.08,15
2026-02-19T18:00:00Z,NL,115.35,15
2026-02-19T18:00:00Z,NO1,138.51,15
2026-02-19T18:00:00Z,NO2,132.85,15
2026-02-19T18:00:00Z,NO3,126.98,15
2026-02-19T18:00:00Z,NO4,111.88,15
2026-02-19T18:00:00Z,NO5,132.54,15
2026-02-19T18:00:00Z,PL,180.08,15
2026-02-19T18:00:00Z,PT,56.57,15
2026-02-19T18:00:00Z,RO,124.43,15
2026-02-19T18:00:00Z,RS,98.03,15
2026-02-19T18:00:00Z,SE1,135.10,15
2026-02-19T18:00:00Z,SE2,136.57,15
2026-02-19T18:00:00Z,SE3,161.45,15
2026-02-19T18:00:00Z,SE4,156.90,15
2026-02-19T18:00:00Z,SI,143.07,15
2026-02-19T18:00:00Z,SK,158.29,15
2026-02-19T18:15:00Z,AT,135.77,15
2026-02-19T18:15:00Z,BE,124.64,15
2026-02-19T18:15:00Z,CZ,141.07,15
2026-02-19T18:15:00Z,DE-LU,117.36,15
2026-02-19T18:15:00Z,DK1,117.92,15
2026-02-19T18:15:00Z,DK2,137.69,15
2026-02-19T18:15:00Z,EE,179.88,15
2026-02-19T18:15:00Z,ES,70.25,15
2026-02-19T18:15:00Z,FI,179.77,15
2026-02-19T18:15:00Z,FR,123.81,15
2026-02-19T18:15:00Z,GR,150.36,15
2026-02-19T18:15:00Z,HR,144.43,15
2026-02-19T18:15:00Z,HU,150.06,15
2026-02-19T18:15:00Z,IT-CNorth,131.10,15
2026-02-19T18:15:00Z,IT-CSouth,131.10,15
2026-02-19T18:15:00Z,IT-North,131.10,15
2026-02-19T18:15:00Z,IT-Sardinia,131.10,15
2026-02-19T18:15:00Z,IT-Sicily,131.10,15
2026-02-19T18:15:00Z,IT-South,131.10,15
2026-02-19T18:15:00Z,LT,179.88,15
2026-02-19T18:15:00Z,LV,179.88,15
2026-02-19T18:15:00Z,NL,110.98,15
2026-02-19T18:15:00Z,NO1,119.09,15
2026-02-19T18:15:00Z,NO2,114.63,15
2026-02-19T18:15:00Z,NO3,108.83,15
2026-02-19T18:15:00Z,NO4,92.90,15
2026-02-19T18:15:00Z,NO5,114.24,15
2026-02-19T18:15:00Z,PL,179.88,15
2026-02-19T18:15:00Z,PT,70.25,15
2026-02-19T18:15:00Z,RO,150.36,15
2026-02-19T18:15:00Z,RS,98.03,15
2026-02-19T18:15:00Z,SE1,123.97,15
2026-02-19T18:15:00Z,SE2,112.88,15
2026-02-19T18:15:00Z,SE3,147.20,15
2026-02-19T18:15:00Z,SE4,139.19,15
2026-02-19T18:15:00Z,SI,141.55,15
2026-02-19T18:15:00Z,SK,154.47,15
2026-02-19T18:30:00Z,AT,123.92,15
2026-02-19T18:30:00Z,BE,107.72,15
2026-02-19T18:30:00Z,CZ,131.28,15
2026-02-19T18:30:00Z,DE-LU,104.44,15
2026-02-19T18:30:00Z,DK1,105.17,15
2026-02-19T18:30:00Z,DK2,131.47,15
2026-02-19T18:30:00Z,EE,167.74,15
2026-02-19T18:30:00Z,ES,85.00,15
2026-02-19T18:30:00Z,FI,167.64,15
2026-02-19T18:30:00Z,FR,108.70,15
2026-02-19T18:30:00Z,GR,117.29,15
2026-02-19T18:30:00Z,HR,128.79,15
2026-02-19T18:30:00Z,HU,142.71,15
2026-02-19T18:30:00Z,IT-CNorth,121.38,15
2026-02-19T18:30:00Z,IT-CSouth,121.38,15
2026-02-19T18:30:00Z,IT-North,121.38,15
2026-02-19T18:30:00Z,IT-Sardinia,121.38,15
2026-02-19T18:30:00Z,IT-Sicily,121.38,15
2026-02-19T18:30:00Z,IT-South,121.38,15
2026-02-19T18:30:00Z,LT,167.74,15
2026-02-19T18:30:00Z,LV,167.74,15
2026-02-19T18:30:00Z,NL,104.66,15
2026-02-19T18:30:00Z,NO1,112.92,15
2026-02-19T18:30:00Z,NO2,107.44,15
2026-02-19T18:30:00Z,NO3,103.09,15
2026-02-19T18:30:00Z,NO4,89.02,15
2026-02-19T18:30:00Z,NO5,107.30,15
2026-02-19T18:30:00Z,PL,175.79,15
2026-02-19T18:30:00Z,PT,85.00,15
2026-02-19T18:30:00Z,RO,117.29,15
2026-02-19T18:30:00Z,RS,98.03,15
2026-02-19T18:30:00Z,SE1,117.20,15
2026-02-19T18:30:00Z,SE2,107.07,15
2026-02-19T18:30:00Z,SE3,139.65,15
2026-02-19T18:30:00Z,SE4,132.76,15
2026-02-19T18:30:00Z,SI,129.14,15
2026-02-19T18:30:00Z,SK,147.29,15
2026-02-19T18:45:00Z,AT,117.45,15
2026-02-19T18:45:00Z,BE,101.45,15
2026-02-19T18:45:00Z,CZ,122.32,15
2026-02-19T18:45:00Z,DE-LU,100.09,15
2026-02-19T18:45:00Z,DK1,100.58,15
2026-02-19T18:45:00Z,DK2,118.10,15
2026-02-19T18:45:00Z,EE,150.07,15
2026-02-19T18:45:00Z,ES,87.97,15
2026-02-19T18:45:00Z,FI,149.99,15
2026-02-19T18:45:00Z,FR,87.97,15
2026-02-19T18:45:00Z,GR,107.92,15
2026-02-19T18:45:00Z,HR,120.34,15
2026-02-19T18:45:00Z,HU,131.94,15
2026-02-19T18:45:00Z,IT-CNorth,117.45,15
2026-02-19T18:45:00Z,IT-CSouth,117.45,15
2026-02-19T18:45:00Z,IT-North,117.45,15
2026-02-19T18:45:00Z,IT-Sardinia,117.45,15
2026-02-19T18:45:00Z,IT-Sicily,117.45,15
2026-02-19T18:45:00Z,IT-South,117.45,15
2026-02-19T18:45:00Z,LT,150.07,15
2026-02-19T18:45:00Z,LV,150.07,15
2026-02-19T18:45:00Z,NL,93.01,15
2026-02-19T18:45:00Z,NO1,107.66,15
2026-02-19T18:45:00Z,NO2,101.84,15
2026-02-19T18:45:00Z,NO3,99.16,15
2026-02-19T18:45:00Z,NO4,85.70,15
2026-02-19T18:45:00Z,NO5,105.42,15
2026-02-19T18:45:00Z,PL,156.81,15
2026-02-19T18:45:00Z,PT,87.97,15
2026-02-19T18:45:00Z,RO,107.92,15
2026-02-19T18:45:00Z,RS,98.03,15
2026-02-19T18:45:00Z,SE1,108.36,15
2026-02-19T18:45:00Z,SE2,99.99,15
2026-02-19T18:45:00Z,SE3,125.39,15
2026-02-19T18:45:00Z,SE4,119.27,15
2026-02-19T18:45:00Z,SI,121.40,15
2026-02-19T18:45:00Z,SK,135.22,15
2026-02-19T19:00:00Z,AT,130.06,15
2026-02-19T19:00:00Z,BE,105.67,15
2026-02-19T19:00:00Z,CH,114.69,60
2026-02-19T19:00:00Z,CZ,134.20,15
2026-02-19T19:00:00Z,DE-LU,110.58,15
2026-02-19T19:00:00Z,DK1,112.64,15
2026-02-19T19:00:00Z,DK2,186.34,15
2026-02-19T19:00:00Z,EE,193.04,15
2026-02-19T19:00:00Z,ES,86.22,15
2026-02-19T19:00:00Z,FI,192.91,15
2026-02-19T19:00:00Z,FR,86.22,15
2026-02-19T19:00:00Z,GR,142.47,15
2026-02-19T19:00:00Z,HR,138.10,15
2026-02-19T19:00:00Z,HU,143.36,15
2026-02-19T19:00:00Z,IT-CNorth,127.37,15
2026-02-19T19:00:00Z,IT-CSouth,127.37,15
2026-02-19T19:00:00Z,IT-North,127.37,15
2026-02-19T19:00:00Z,IT-Sardinia,127.37,15
2026-02-19T19:00:00Z,IT-Sicily,127.37,15
2026-02-19T19:00:00Z,IT-South,127.37,15
2026-02-19T19:00:00Z,LT,193.04,15
2026-02-19T19:00:00Z,LV,193.04,15
2026-02-19T19:00:00Z,NL,108.25,15
2026-02-19T19:00:00Z,NO1,136.23,15
2026-02-19T19:00:00Z,NO2,107.07,15
2026-02-19T19:00:00Z,NO3,101.83,15
2026-02-19T19:00:00Z,NO4,78.00,15
2026-02-19T19:00:00Z,NO5,110.48,15
2026-02-19T19:00:00Z,PL,170.53,15
2026-02-19T19:00:00Z,PT,86.22,15
2026-02-19T19:00:00Z,RO,142.47,15
2026-02-19T19:00:00Z,RS,82.02,15
2026-02-19T19:00:00Z,SE1,117.64,15
2026-02-19T19:00:00Z,SE2,100.00,15
2026-02-19T19:00:00Z,SE3,188.49,15
2026-02-19T19:00:00Z,SE4,186.75,15
2026-02-19T19:00:00Z,SI,135.71,15
2026-02-19T19:00:00Z,SK,147.34,15
2026-02-19T19:15:00Z,AT,117.45,15
2026-02-19T19:15:00Z,BE,96.82,15
2026-02-19T19:15:00Z,CZ,122.04,15
2026-02-19T19:15:00Z,DE-LU,100.00,15
2026-02-19T19:15:00Z,DK1,101.42,15
2026-02-19T19:15:00Z,DK2,152.00,15
2026-02-19T19:15:00Z,EE,156.33,15
2026-02-19T19:15:00Z,ES,82.84,15
2026-02-19T19:15:00Z,FI,156.25,15
2026-02-19T19:15:00Z,FR,82.84,15
2026-02-19T19:15:00Z,GR,118.38,15
2026-02-19T19:15:00Z,HR,122.80,15
2026-02-19T19:15:00Z,HU,131.11,15
2026-02-19T19:15:00Z,IT-CNorth,117.45,15
2026-02-19T19:15:00Z,IT-CSouth,117.45,15
2026-02-19T19:15:00Z,IT-North,117.45,15
2026-02-19T19:15:00Z,IT-Sardinia,117.45,15
2026-02-19T19:15:00Z,IT-Sicily,117.45,15
2026-02-19T19:15:00Z,IT-South,117.45,15
2026-02-19T19:15:00Z,LT,156.33,15
2026-02-19T19:15:00Z,LV,156.33,15
2026-02-19T19:15:00Z,NL,98.59,15
2026-02-19T19:15:00Z,NO1,123.95,15
2026-02-19T19:15:00Z,NO2,102.19,15
2026-02-19T19:15:00Z,NO3,102.29,15
2026-02-19T19:15:00Z,NO4,86.72,15
2026-02-19T19:15:00Z,NO5,108.84,15
2026-02-19T19:15:00Z,PL,156.33,15
2026-02-19T19:15:00Z,PT,82.84,15
2026-02-19T19:15:00Z,RO,118.38,15
2026-02-19T19:15:00Z,RS,82.02,15
2026-02-19T19:15:00Z,SE1,110.47,15
2026-02-19T19:15:00Z,SE2,99.67,15
2026-02-19T19:15:00Z,SE3,153.42,15
2026-02-19T19:15:00Z,SE4,152.28,15
2026-02-19T19:15:00Z,SI,122.12,15
2026-02-19T19:15:00Z,SK,134.68,15
2026-02-19T19:30:00Z,AT,111.42,15
2026-02-19T19:30:00Z,BE,94.01,15
2026-02-19T19:30:00Z,CZ,115.25,15
2026-02-19T19:30:00Z,DE-LU,97.75,15
2026-02-19T19:30:00Z,DK1,98.39,15
2026-02-19T19:30:00Z,DK2,121.23,15
2026-02-19T19:30:00Z,EE,141.85,15
2026-02-19T19:30:00Z,ES,79.60,15
2026-02-19T19:30:00Z,FI,141.79,15
2026-02-19T19:30:00Z,FR,79.60,15
2026-02-19T19:30:00Z,GR,99.60,15
2026-02-19T19:30:00Z,HR,113.01,15
2026-02-19T19:30:00Z,HU,123.06,15
2026-02-19T19:30:00Z,IT-CNorth,114.37,15
2026-02-19T19:30:00Z,IT-CSouth,114.37,15
2026-02-19T19:30:00Z,IT-North,114.37,15
2026-02-19T19:30:00Z,IT-Sardinia,114.37,15
2026-02-19T19:30:00Z,IT-Sicily,117.45,15
2026-02-19T19:30:00Z,IT-South,114.37,15
2026-02-19T19:30:00Z,LT,141.85,15
2026-02-19T19:30:00Z,LV,141.85,15
2026-02-19T19:30:00Z,NL,95.96,15
2026-02-19T19:30:00Z,NO1,112.52,15
2026-02-19T19:30:00Z,NO2,99.66,15
2026-02-19T19:30:00Z,NO3,97.78,15
2026-02-19T19:30:00Z,NO4,80.72,15
2026-02-19T19:30:00Z,NO5,108.76,15
2026-02-19T19:30:00Z,PL,141.85,15
2026-02-19T19:30:00Z,PT,79.60,15
2026-02-19T19:30:00Z,RO,99.60,15
2026-02-19T19:30:00Z,RS,82.02,15
2026-02-19T19:30:00Z,SE1,100.79,15
2026-02-19T19:30:00Z,SE2,95.07,15
2026-02-19T19:30:00Z,SE3,124.89,15
2026-02-19T19:30:00Z,SE4,121.85,15
2026-02-19T19:30:00Z,SI,114.37,15
2026-02-19T19:30:00Z,SK,125.52,15
2026-02-19T19:45:00Z,AT,105.18,15
2026-02-19T19:45:00Z,BE,90.00,15
2026-02-19T19:45:00Z,CZ,108.09,15
2026-02-19T19:45:00Z,DE-LU,93.61,15
2026-02-19T19:45:00Z,DK1,94.06,15
2026-02-19T19:45:00Z,DK2,110.07,15
2026-02-19T19:45:00Z,EE,129.96,15
2026-02-19T19:45:00Z,ES,76.53,15
2026-02-19T19:45:00Z,FI,129.91,15
2026-02-19T19:45:00Z,FR,76.53,15
2026-02-19T19:45:00Z,GR,98.94,15
2026-02-19T19:45:00Z,HR,107.21,15
2026-02-19T19:45:00Z,HU,114.38,15
2026-02-19T19:45:00Z,IT-CNorth,107.82,15
2026-02-19T19:45:00Z,IT-CSouth,107.82,15
2026-02-19T19:45:00Z,IT-North,107.82,15
2026-02-19T19:45:00Z,IT-Sardinia,107.82,15
2026-02-19T19:45:00Z,IT-Sicily,117.45,15
2026-02-19T19:45:00Z,IT-South,107.82,15
2026-02-19T19:45:00Z,LT,129.96,15
2026-02-19T19:45:00Z,LV,129.96,15
2026-02-19T19:45:00Z,NL,91.85,15
2026-02-19T19:45:00Z,NO1,105.47,15
2026-02-19T19:45:00Z,NO2,97.91,15
2026-02-19T19:45:00Z,NO3,95.62,15
2026-02-19T19:45:00Z,NO4,84.13,15
2026-02-19T19:45:00Z,NO5,103.14,15
2026-02-19T19:45:00Z,PL,129.96,15
2026-02-19T19:45:00Z,PT,76.53,15
2026-02-19T19:45:00Z,RO,98.94,15
2026-02-19T19:45:00Z,RS,82.02,15
2026-02-19T19:45:00Z,SE1,99.57,15
2026-02-19T19:45:00Z,SE2,92.35,15
2026-02-19T19:45:00Z,SE3,111.10,15
2026-02-19T19:45:00Z,SE4,110.27,15
2026-02-19T19:45:00Z,SI,107.82,15
2026-02-19T19:45:00Z,SK,116.46,15
2026-02-19T20:00:00Z,AT,114.98,15
2026-02-19T20:00:00Z,BE,100.01,15
2026-02-19T20:00:00Z,CH,110.90,60
2026-02-19T20:00:00Z,CZ,115.28,15
2026-02-19T20:00:00Z,DE-LU,103.92,15
2026-02-19T20:00:00Z,DK1,104.51,15
2026-02-19T20:00:00Z,DK2,125.59,15
2026-02-19T20:00:00Z,EE,150.07,15
2026-02-19T20:00:00Z,ES,72.84,15
2026-02-19T20:00:00Z,FI,150.00,15
2026-02-19T20:00:00Z,FR,72.84,15
2026-02-19T20:00:00Z,GR,119.86,15
2026-02-19T20:00:00Z,HR,118.25,15
2026-02-19T20:00:00Z,HU,119.62,15
2026-02-19T20:00:00Z,IT-CNorth,117.45,15
2026-02-19T20:00:00Z,IT-CSouth,117.45,15
2026-02-19T20:00:00Z,IT-North,117.45,15
2026-02-19T20:00:00Z,IT-Sardinia,117.45,15
2026-02-19T20:00:00Z,IT-Sicily,117.45,15
2026-02-19T20:00:00Z,IT-South,117.45,15
2026-02-19T20:00:00Z,LT,150.07,15
2026-02-19T20:00:00Z,LV,150.07,15
2026-02-19T20:00:00Z,NL,93.58,15
2026-02-19T20:00:00Z,NO1,117.62,15
2026-02-19T20:00:00Z,NO2,94.85,15
2026-02-19T20:00:00Z,NO3,99.20,15
2026-02-19T20:00:00Z,NO4,79.98,15
2026-02-19T20:00:00Z,NO5,111.71,15
2026-02-19T20:00:00Z,PL,129.52,15
2026-02-19T20:00:00Z,PT,72.84,15
2026-02-19T20:00:00Z,RO,119.86,15
2026-02-19T20:00:00Z,RS,69.03,15
2026-02-19T20:00:00Z,SE1,103.07,15
2026-02-19T20:00:00Z,SE2,91.99,15
2026-02-19T20:00:00Z,SE3,128.00,15
2026-02-19T20:00:00Z,SE4,127.36,15
2026-02-19T20:00:00Z,SI,117.45,15
2026-02-19T20:00:00Z,SK,121.01,15
2026-02-19T20:15:00Z,AT,108.98,15
2026-02-19T20:15:00Z,BE,93.13,15
2026-02-19T20:15:00Z,CZ,110.46,15
2026-02-19T20:15:00Z,DE-LU,97.52,15
2026-02-19T20:15:00Z,DK1,98.08,15
2026-02-19T20:15:00Z,DK2,118.19,15
2026-02-19T20:15:00Z,EE,150.10,15
2026-02-19T20:15:00Z,ES,67.71,15
2026-02-19T20:15:00Z,FI,150.02,15
2026-02-19T20:15:00Z,FR,67.71,15
2026-02-19T20:15:00Z,GR,98.11,15
2026-02-19T20:15:00Z,HR,109.42,15
2026-02-19T20:15:00Z,HU,116.22,15
2026-02-19T20:15:00Z,IT-CNorth,110.90,15
2026-02-19T20:15:00Z,IT-CSouth,110.90,15
2026-02-19T20:15:00Z,IT-North,110.90,15
2026-02-19T20:15:00Z,IT-Sardinia,110.90,15
2026-02-19T20:15:00Z,IT-Sicily,112.00,15
2026-02-19T20:15:00Z,IT-South,110.90,15
2026-02-19T20:15:00Z,LT,150.10,15
2026-02-19T20:15:00Z,LV,150.10,15
2026-02-19T20:15:00Z,NL,89.14,15
2026-02-19T20:15:00Z,NO1,111.07,15
2026-02-19T20:15:00Z,NO2,94.91,15
2026-02-19T20:15:00Z,NO3,94.85,15
2026-02-19T20:15:00Z,NO4,76.30,15
2026-02-19T20:15:00Z,NO5,106.57,15
2026-02-19T20:15:00Z,PL,127.41,15
2026-02-19T20:15:00Z,PT,67.71,15
2026-02-19T20:15:00Z,RO,98.11,15
2026-02-19T20:15:00Z,RS,69.03,15
2026-02-19T20:15:00Z,SE1,100.97,15
2026-02-19T20:15:00Z,SE2,89.50,15
2026-02-19T20:15:00Z,SE3,120.46,15
2026-02-19T20:15:00Z,SE4,119.82,15
2026-02-19T20:15:00Z,SI,110.90,15
2026-02-19T20:15:00Z,SK,117.60,15
2026-02-19T20:30:00Z,AT,107.50,15
2026-02-19T20:30:00Z,BE,95.43,15
2026-02-19T20:30:00Z,CZ,107.71,15
2026-02-19T20:30:00Z,DE-LU,97.09,15
2026-02-19T20:30:00Z,DK1,97.59,15
2026-02-19T20:30:00Z,DK2,115.60,15
2026-02-19T20:30:00Z,EE,150.08,15
2026-02-19T20:30:00Z,ES,63.55,15
2026-02-19T20:30:00Z,FI,150.00,15
2026-02-19T20:30:00Z,FR,63.55,15
2026-02-19T20:30:00Z,GR,92.15,15
2026-02-19T20:30:00Z,HR,106.25,15
2026-02-19T20:30:00Z,HU,112.65,15
2026-02-19T20:30:00Z,IT-CNorth,108.55,15
2026-02-19T20:30:00Z,IT-CSouth,108.55,15
2026-02-19T20:30:00Z,IT-North,108.55,15
2026-02-19T20:30:00Z,IT-Sardinia,108.55,15
2026-02-19T20:30:00Z,IT-Sicily,108.55,15
2026-02-19T20:30:00Z,IT-South,108.55,15
2026-02-19T20:30:00Z,LT,150.08,15
2026-02-19T20:30:00Z,LV,150.08,15
2026-02-19T20:30:00Z,NL,80.10,15
2026-02-19T20:30:00Z,NO1,108.35,15
2026-02-19T20:30:00Z,NO2,94.44,15
2026-02-19T20:30:00Z,NO3,91.89,15
2026-02-19T20:30:00Z,NO4,72.62,15
2026-02-19T20:30:00Z,NO5,104.23,15
2026-02-19T20:30:00Z,PL,119.34,15
2026-02-19T20:30:00Z,PT,63.55,15
2026-02-19T20:30:00Z,RO,92.15,15
2026-02-19T20:30:00Z,RS,69.03,15
2026-02-19T20:30:00Z,SE1,98.56,15
2026-02-19T20:30:00Z,SE2,86.55,15
2026-02-19T20:30:00Z,SE3,117.94,15
2026-02-19T20:30:00Z,SE4,117.27,15
2026-02-19T20:30:00Z,SI,108.55,15
2026-02-19T20:30:00Z,SK,113.23,15
2026-02-19T20:45:00Z,AT,101.27,15
2026-02-19T20:45:00Z,BE,90.00,15
2026-02-19T20:45:00Z,CZ,99.33,15
2026-02-19T20:45:00Z,DE-LU,93.93,15
2026-02-19T20:45:00Z,DK1,94.47,15
2026-02-19T20:45:00Z,DK2,113.94,15
2026-02-19T20:45:00Z,EE,150.08,15
2026-02-19T20:45:00Z,ES,50.00,15
2026-02-19T20:45:00Z,FI,149.99,15
2026-02-19T20:45:00Z,FR,50.00,15
2026-02-19T20:45:00Z,GR,88.14,15
2026-02-19T20:45:00Z,HR,99.09,15
2026-02-19T20:45:00Z,HU,101.99,15
2026-02-19T20:45:00Z,IT-CNorth,102.50,15
2026-02-19T20:45:00Z,IT-CSouth,102.50,15
2026-02-19T20:45:00Z,IT-North,102.50,15
2026-02-19T20:45:00Z,IT-Sardinia,102.50,15
2026-02-19T20:45:00Z,IT-Sicily,102.50,15
2026-02-19T20:45:00Z,IT-South,102.50,15
2026-02-19T20:45:00Z,LT,150.08,15
2026-02-19T20:45:00Z,LV,150.08,15
2026-02-19T20:45:00Z,NL,73.91,15
2026-02-19T20:45:00Z,NO1,106.37,15
2026-02-19T20:45:00Z,NO2,94.08,15
2026-02-19T20:45:00Z,NO3,89.23,15
2026-02-19T20:45:00Z,NO4,68.99,15
2026-02-19T20:45:00Z,NO5,102.48,15
2026-02-19T20:45:00Z,PL,101.37,15
2026-02-19T20:45:00Z,PT,50.00,15
2026-02-19T20:45:00Z,RO,88.14,15
2026-02-19T20:45:00Z,RS,69.03,15
2026-02-19T20:45:00Z,SE1,96.13,15
2026-02-19T20:45:00Z,SE2,83.55,15
2026-02-19T20:45:00Z,SE3,116.41,15
2026-02-19T20:45:00Z,SE4,115.71,15
2026-02-19T20:45:00Z,SI,101.29,15
2026-02-19T20:45:00Z,SK,101.44,15
2026-02-19T21:00:00Z,AT,105.55,15
2026-02-19T21:00:00Z,BE,90.56,15
2026-02-19T21:00:00Z,CH,104.00,60
2026-02-19T21:00:00Z,CZ,104.65,15
2026-02-19T21:00:00Z,DE-LU,98.96,15
2026-02-19T21:00:00Z,DK1,99.26,15
2026-02-19T21:00:00Z,DK2,109.86,15
2026-02-19T21:00:00Z,EE,167.47,15
2026-02-19T21:00:00Z,ES,58.84,15
2026-02-19T21:00:00Z,FI,167.37,15
2026-02-19T21:00:00Z,FR,58.84,15
2026-02-19T21:00:00Z,GR,97.83,15
2026-02-19T21:00:00Z,HR,104.87,15
2026-02-19T21:00:00Z,HU,107.30,15
2026-02-19T21:00:00Z,IT-CNorth,106.18,15
2026-02-19T21:00:00Z,IT-CSouth,106.18,15
2026-02-19T21:00:00Z,IT-North,106.18,15
2026-02-19T21:00:00Z,IT-Sardinia,106.18,15
2026-02-19T21:00:00Z,IT-Sicily,106.18,15
2026-02-19T21:00:00Z,IT-South,106.18,15
2026-02-19T21:00:00Z,LT,167.47,15
2026-02-19T21:00:00Z,LV,167.47,15
2026-02-19T21:00:00Z,NL,90.96,15
2026-02-19T21:00:00Z,NO1,103.34,15
2026-02-19T21:00:00Z,NO2,94.28,15
2026-02-19T21:00:00Z,NO3,88.99,15
2026-02-19T21:00:00Z,NO4,68.27,15
2026-02-19T21:00:00Z,NO5,100.32,15
2026-02-19T21:00:00Z,PL,109.13,15
2026-02-19T21:00:00Z,PT,58.84,15
2026-02-19T21:00:00Z,RO,97.83,15
2026-02-19T21:00:00Z,RS,57.00,15
2026-02-19T21:00:00Z,SE1,102.30,15
2026-02-19T21:00:00Z,SE2,87.45,15
2026-02-19T21:00:00Z,SE3,112.24,15
2026-02-19T21:00:00Z,SE4,111.42,15
2026-02-19T21:00:00Z,SI,106.18,15
2026-02-19T21:00:00Z,SK,107.27,15
2026-02-19T21:15:00Z,AT,102.68,15
2026-02-19T21:15:00Z,BE,84.40,15
2026-02-19T21:15:00Z,CZ,100.97,15
2026-02-19T21:15:00Z,DE-LU,96.86,15
2026-02-19T21:15:00Z,DK1,97.14,15
2026-02-19T21:15:00Z,DK2,107.01,15
2026-02-19T21:15:00Z,EE,150.07,15
2026-02-19T21:15:00Z,ES,45.00,15
2026-02-19T21:15:00Z,FI,149.99,15
2026-02-19T21:15:00Z,FR,45.00,15
2026-02-19T21:15:00Z,GR,91.24,15
2026-02-19T21:15:00Z,HR,100.78,15
2026-02-19T21:15:00Z,HU,103.15,15
2026-02-19T21:15:00Z,IT-CNorth,106.43,15
2026-02-19T21:15:00Z,IT-CSouth,106.43,15
2026-02-19T21:15:00Z,IT-North,106.43,15
2026-02-19T21:15:00Z,IT-Sardinia,106.43,15
2026-02-19T21:15:00Z,IT-Sicily,106.43,15
2026-02-19T21:15:00Z,IT-South,106.43,15
2026-02-19T21:15:00Z,LT,150.07,15
2026-02-19T21:15:00Z,LV,150.07,15
2026-02-19T21:15:00Z,NL,89.10,15
2026-02-19T21:15:00Z,NO1,101.82,15
2026-02-19T21:15:00Z,NO2,94.10,15
2026-02-19T21:15:00Z,NO3,90.33,15
2026-02-19T21:15:00Z,NO4,74.18,15
2026-02-19T21:15:00Z,NO5,99.31,15
2026-02-19T21:15:00Z,PL,101.98,15
2026-02-19T21:15:00Z,PT,45.00,15
2026-02-19T21:15:00Z,RO,91.24,15
2026-02-19T21:15:00Z,RS,57.00,15
2026-02-19T21:15:00Z,SE1,100.15,15
2026-02-19T21:15:00Z,SE2,88.76,15
2026-02-19T21:15:00Z,SE3,108.88,15
2026-02-19T21:15:00Z,SE4,108.25,15
2026-02-19T21:15:00Z,SI,102.75,15
2026-02-19T21:15:00Z,SK,102.55,15
2026-02-19T21:30:00Z,AT,94.44,15
2026-02-19T21:30:00Z,BE,79.41,15
2026-02-19T21:30:00Z,CZ,93.54,15
2026-02-19T21:30:00Z,DE-LU,89.05,15
2026-02-19T21:30:00Z,DK1,89.46,15
2026-02-19T21:30:00Z,DK2,104.17,15
2026-02-19T21:30:00Z,EE,120.16,15
2026-02-19T21:30:00Z,ES,46.44,15
2026-02-19T21:30:00Z,FI,120.12,15
2026-02-19T21:30:00Z,FR,50.52,15
2026-02-19T21:30:00Z,GR,88.41,15
2026-02-19T21:30:00Z,HR,93.83,15
2026-02-19T21:30:00Z,HU,95.42,15
2026-02-19T21:30:00Z,IT-CNorth,103.40,15
2026-02-19T21:30:00Z,IT-CSouth,103.40,15
2026-02-19T21:30:00Z,IT-North,103.40,15
2026-02-19T21:30:00Z,IT-Sardinia,103.40,15
2026-02-19T21:30:00Z,IT-Sicily,103.40,15
2026-02-19T21:30:00Z,IT-South,103.40,15
2026-02-19T21:30:00Z,LT,120.16,15
2026-02-19T21:30:00Z,LV,120.16,15
2026-02-19T21:30:00Z,NL,84.17,15
2026-02-19T21:30:00Z,NO1,100.91,15
2026-02-19T21:30:00Z,NO2,91.82,15
2026-02-19T21:30:00Z,NO3,93.45,15
2026-02-19T21:30:00Z,NO4,84.83,15
2026-02-19T21:30:00Z,NO5,98.54,15
2026-02-19T21:30:00Z,PL,97.24,15
2026-02-19T21:30:00Z,PT,46.44,15
2026-02-19T21:30:00Z,RO,88.41,15
2026-02-19T21:30:00Z,RS,57.00,15
2026-02-19T21:30:00Z,SE1,96.68,15
2026-02-19T21:30:00Z,SE2,91.25,15
2026-02-19T21:30:00Z,SE3,105.22,15
2026-02-19T21:30:00Z,SE4,104.90,15
2026-02-19T21:30:00Z,SI,94.89,15
2026-02-19T21:30:00Z,SK,95.24,15
2026-02-19T21:45:00Z,AT,89.09,15
2026-02-19T21:45:00Z,BE,71.31,15
2026-02-19T21:45:00Z,CZ,87.59,15
2026-02-19T21:45:00Z,DE-LU,83.53,15
2026-02-19T21:45:00Z,DK1,84.01,15
2026-02-19T21:45:00Z,DK2,101.38,15
2026-02-19T21:45:00Z,EE,102.53,15
2026-02-19T21:45:00Z,ES,35.02,15
2026-02-19T21:45:00Z,FI,102.51,15
2026-02-19T21:45:00Z,FR,35.02,15
2026-02-19T21:45:00Z,GR,80.00,15
2026-02-19T21:45:00Z,HR,87.69,15
2026-02-19T21:45:00Z,HU,89.53,15
2026-02-19T21:45:00Z,IT-CNorth,102.50,15
2026-02-19T21:45:00Z,IT-CSouth,102.50,15
2026-02-19T21:45:00Z,IT-North,102.50,15
2026-02-19T21:45:00Z,IT-Sardinia,102.50,15
2026-02-19T21:45:00Z,IT-Sicily,102.50,15
2026-02-19T21:45:00Z,IT-South,102.50,15
2026-02-19T21:45:00Z,LT,102.53,15
2026-02-19T21:45:00Z,LV,102.53,15
2026-02-19T21:45:00Z,NL,77.36,15
2026-02-19T21:45:00Z,NO1,99.48,15
2026-02-19T21:45:00Z,NO2,88.61,15
2026-02-19T21:45:00Z,NO3,94.94,15
2026-02-19T21:45:00Z,NO4,91.17,15
2026-02-19T21:45:00Z,NO5,97.08,15
2026-02-19T21:45:00Z,PL,89.32,15
2026-02-19T21:45:00Z,PT,35.02,15
2026-02-19T21:45:00Z,RO,80.00,15
2026-02-19T21:45:00Z,RS,57.00,15
2026-02-19T21:45:00Z,SE1,94.76,15
2026-02-19T21:45:00Z,SE2,92.91,15
2026-02-19T21:45:00Z,SE3,101.88,15
2026-02-19T21:45:00Z,SE4,101.75,15
2026-02-19T21:45:00Z,SI,89.28,15
2026-02-19T21:45:00Z,SK,89.04,15
2026-02-19T22:00:00Z,AT,98.45,15
2026-02-19T22:00:00Z,BE,82.64,15
2026-02-19T22:00:00Z,CH,97.74,60
2026-02-19T22:00:00Z,CZ,97.04,15
2026-02-19T22:00:00Z,DE-LU,90.72,15
2026-02-19T22:00:00Z,DK1,91.02,15
2026-02-19T22:00:00Z,DK2,101.84,15
2026-02-19T22:00:00Z,EE,124.29,15
2026-02-19T22:00:00Z,ES,35.02,15
2026-02-19T22:00:00Z,FI,124.25,15
2026-02-19T22:00:00Z,FR,42.24,15
2026-02-19T22:00:00Z,GR,97.62,15
2026-02-19T22:00:00Z,HR,99.25,15
2026-02-19T22:00:00Z,HU,99.29,15
2026-02-19T22:00:00Z,IT-CNorth,101.76,15
2026-02-19T22:00:00Z,IT-CSouth,101.76,15
2026-02-19T22:00:00Z,IT-North,101.76,15
2026-02-19T22:00:00Z,IT-Sardinia,101.76,15
2026-02-19T22:00:00Z,IT-Sicily,101.76,15
2026-02-19T22:00:00Z,IT-South,101.76,15
2026-02-19T22:00:00Z,LT,124.29,15
2026-02-19T22:00:00Z,LV,124.29,15
2026-02-19T22:00:00Z,NL,84.87,15
2026-02-19T22:00:00Z,NO1,98.43,15
2026-02-19T22:00:00Z,NO2,89.99,15
2026-02-19T22:00:00Z,NO3,90.75,15
2026-02-19T22:00:00Z,NO4,81.08,15
2026-02-19T22:00:00Z,NO5,96.18,15
2026-02-19T22:00:00Z,PL,102.45,15
2026-02-19T22:00:00Z,PT,35.02,15
2026-02-19T22:00:00Z,RO,97.62,15
2026-02-19T22:00:00Z,RS,36.88,15
2026-02-19T22:00:00Z,SE1,95.96,15
2026-02-19T22:00:00Z,SE2,89.14,15
2026-02-19T22:00:00Z,SE3,102.99,15
2026-02-19T22:00:00Z,SE4,102.63,15
2026-02-19T22:00:00Z,SI,99.57,15
2026-02-19T22:00:00Z,SK,99.24,15
2026-02-19T22:15:00Z,AT,93.04,15
2026-02-19T22:15:00Z,BE,77.17,15
2026-02-19T22:15:00Z,CZ,91.55,15
2026-02-19T22:15:00Z,DE-LU,85.34,15
2026-02-19T22:15:00Z,DK1,85.71,15
2026-02-19T22:15:00Z,DK2,98.72,15
2026-02-19T22:15:00Z,EE,108.72,15
2026-02-19T22:15:00Z,ES,35.01,15
2026-02-19T22:15:00Z,FI,108.70,15
2026-02-19T22:15:00Z,FR,35.01,15
2026-02-19T22:15:00Z,GR,88.19,15
2026-02-19T22:15:00Z,HR,92.98,15
2026-02-19T22:15:00Z,HU,93.96,15
2026-02-19T22:15:00Z,IT-CNorth,99.05,15
2026-02-19T22:15:00Z,IT-CSouth,99.05,15
2026-02-19T22:15:00Z,IT-North,99.05,15
2026-02-19T22:15:00Z,IT-Sardinia,99.05,15
2026-02-19T22:15:00Z,IT-Sicily,99.05,15
2026-02-19T22:15:00Z,IT-South,99.05,15
2026-02-19T22:15:00Z,LT,108.72,15
2026-02-19T22:15:00Z,LV,108.72,15
2026-02-19T22:15:00Z,NL,80.10,15
2026-02-19T22:15:00Z,NO1,97.03,15
2026-02-19T22:15:00Z,NO2,88.41,15
2026-02-19T22:15:00Z,NO3,93.12,15
2026-02-19T22:15:00Z,NO4,88.68,15
2026-02-19T22:15:00Z,NO5,95.11,15
2026-02-19T22:15:00Z,PL,96.31,15
2026-02-19T22:15:00Z,PT,35.01,15
2026-02-19T22:15:00Z,RO,88.19,15
2026-02-19T22:15:00Z,RS,36.88,15
2026-02-19T22:15:00Z,SE1,95.58,15
2026-02-19T22:15:00Z,SE2,92.42,15
2026-02-19T22:15:00Z,SE3,99.25,15
2026-02-19T22:15:00Z,SE4,99.08,15
2026-02-19T22:15:00Z,SI,93.88,15
2026-02-19T22:15:00Z,SK,93.74,15
2026-02-19T22:30:00Z,AT,88.48,15
2026-02-19T22:30:00Z,BE,76.78,15
2026-02-19T22:30:00Z,CZ,87.19,15
2026-02-19T22:30:00Z,DE-LU,83.20,15
2026-02-19T22:30:00Z,DK1,83.52,15
2026-02-19T22:30:00Z,DK2,94.81,15
2026-02-19T22:30:00Z,EE,97.30,15
2026-02-19T22:30:00Z,ES,35.00,15
2026-02-19T22:30:00Z,FI,97.29,15
2026-02-19T22:30:00Z,FR,45.00,15
2026-02-19T22:30:00Z,GR,85.44,15
2026-02-19T22:30:00Z,HR,88.44,15
2026-02-19T22:30:00Z,HU,88.77,15
2026-02-19T22:30:00Z,IT-CNorth,94.63,15
2026-02-19T22:30:00Z,IT-CSouth,94.63,15
2026-02-19T22:30:00Z,IT-North,94.63,15
2026-02-19T22:30:00Z,IT-Sardinia,94.63,15
2026-02-19T22:30:00Z,IT-Sicily,94.63,15
2026-02-19T22:30:00Z,IT-South,94.63,15
2026-02-19T22:30:00Z,LT,97.30,15
2026-02-19T22:30:00Z,LV,97.30,15
2026-02-19T22:30:00Z,NL,78.58,15
2026-02-19T22:30:00Z,NO1,94.10,15
2026-02-19T22:30:00Z,NO2,86.18,15
2026-02-19T22:30:00Z,NO3,92.36,15
2026-02-19T22:30:00Z,NO4,90.90,15
2026-02-19T22:30:00Z,NO5,92.52,15
2026-02-19T22:30:00Z,PL,89.66,15
2026-02-19T22:30:00Z,PT,35.00,15
2026-02-19T22:30:00Z,RO,85.44,15
2026-02-19T22:30:00Z,RS,36.88,15
2026-02-19T22:30:00Z,SE1,93.09,15
2026-02-19T22:30:00Z,SE2,92.07,15
2026-02-19T22:30:00Z,SE3,94.99,15
2026-02-19T22:30:00Z,SE4,94.94,15
2026-02-19T22:30:00Z,SI,89.04,15
2026-02-19T22:30:00Z,SK,88.54,15
2026-02-19T22:45:00Z,AT,87.10,15
2026-02-19T22:45:00Z,BE,72.48,15
2026-02-19T22:45:00Z,CZ,84.96,15
2026-02-19T22:45:00Z,DE-LU,81.48,15
2026-02-19T22:45:00Z,DK1,81.74,15
2026-02-19T22:45:00Z,DK2,90.86,15
2026-02-19T22:45:00Z,EE,91.69,15
2026-02-19T22:45:00Z,ES,28.58,15
2026-02-19T22:45:00Z,FI,91.68,15
2026-02-19T22:45:00Z,FR,28.58,15
2026-02-19T22:45:00Z,GR,76.99,15
2026-02-19T22:45:00Z,HR,85.43,15
2026-02-19T22:45:00Z,HU,86.81,15
2026-02-19T22:45:00Z,IT-CNorth,91.80,15
2026-02-19T22:45:00Z,IT-CSouth,91.80,15
2026-02-19T22:45:00Z,IT-North,91.80,15
2026-02-19T22:45:00Z,IT-Sardinia,91.80,15
2026-02-19T22:45:00Z,IT-Sicily,91.80,15
2026-02-19T22:45:00Z,IT-South,91.80,15
2026-02-19T22:45:00Z,LT,91.69,15
2026-02-19T22:45:00Z,LV,91.69,15
2026-02-19T22:45:00Z,NL,75.05,15
2026-02-19T22:45:00Z,NO1,90.78,15
2026-02-19T22:45:00Z,NO2,84.35,15
2026-02-19T22:45:00Z,NO3,90.49,15
2026-02-19T22:45:00Z,NO4,90.52,15
2026-02-19T22:45:00Z,NO5,89.60,15
2026-02-19T22:45:00Z,PL,89.11,15
2026-02-19T22:45:00Z,PT,28.58,15
2026-02-19T22:45:00Z,RO,76.99,15
2026-02-19T22:45:00Z,RS,36.88,15
2026-02-19T22:45:00Z,SE1,90.98,15
2026-02-19T22:45:00Z,SE2,90.82,15
2026-02-19T22:45:00Z,SE3,90.86,15
2026-02-19T22:45:00Z,SE4,90.86,15
2026-02-19T22:45:00Z,SI,87.15,15
2026-02-19T22:45:00Z,SK,86.04,15
2026-02-19T23:00:00Z,AT,92.63,15
2026-02-19T23:00:00Z,BE,74.72,15
2026-02-19T23:00:00Z,CH,99.52,60
2026-02-19T23:00:00Z,CZ,90.81,15
2026-02-19T23:00:00Z,DE-LU,87.53,15
2026-02-19T23:00:00Z,DK1,87.77,15
2026-02-19T23:00:00Z,DK2,95.76,15
2026-02-19T23:00:00Z,EE,189.46,15
2026-02-19T23:00:00Z,ES,29.20,15
2026-02-19T23:00:00Z,FI,150.00,15
2026-02-19T23:00:00Z,FR,37.07,15
2026-02-19T23:00:00Z,GR,83.75,15
2026-02-19T23:00:00Z,HR,91.16,15
2026-02-19T23:00:00Z,HU,92.42,15
2026-02-19T23:00:00Z,IT-CNorth,98.03,15
2026-02-19T23:00:00Z,IT-CSouth,98.03,15
2026-02-19T23:00:00Z,IT-North,98.03,15
2026-02-19T23:00:00Z,IT-Sardinia,98.03,15
2026-02-19T23:00:00Z,IT-Sicily,98.03,15
2026-02-19T23:00:00Z,IT-South,98.03,15
2026-02-19T23:00:00Z,LT,189.46,15
2026-02-19T23:00:00Z,LV,189.46,15
2026-02-19T23:00:00Z,NL,81.58,15
2026-02-19T23:00:00Z,NO1,90.78,15
2026-02-19T23:00:00Z,NO2,89.72,15
2026-02-19T23:00:00Z,NO3,80.15,15
2026-02-19T23:00:00Z,NO4,64.41,15
2026-02-19T23:00:00Z,NO5,89.54,15
2026-02-19T23:00:00Z,PL,107.71,15
2026-02-19T23:00:00Z,PT,29.20,15
2026-02-19T23:00:00Z,RO,83.75,15
2026-02-19T23:00:00Z,RS,20.05,15
2026-02-19T23:00:00Z,SE1,92.25,15
2026-02-19T23:00:00Z,SE2,78.87,15
2026-02-19T23:00:00Z,SE3,97.03,15
2026-02-19T23:00:00Z,SE4,96.00,15
2026-02-19T23:00:00Z,SI,92.72,15
2026-02-19T23:00:00Z,SK,91.77,15
2026-02-19T23:15:00Z,AT,91.85,15
2026-02-19T23:15:00Z,BE,72.32,15
2026-02-19T23:15:00Z,CZ,90.49,15
2026-02-19T23:15:00Z,DE-LU,85.16,15
2026-02-19T23:15:00Z,DK1,85.49,15
2026-02-19T23:15:00Z,DK2,96.72,15
2026-02-19T23:15:00Z,EE,150.07,15
2026-02-19T23:15:00Z,ES,25.57,15
2026-02-19T23:15:00Z,FI,149.99,15
2026-02-19T23:15:00Z,FR,25.57,15
2026-02-19T23:15:00Z,GR,45.50,15
2026-02-19T23:15:00Z,HR,82.75,15
2026-02-19T23:15:00Z,HU,94.44,15
2026-02-19T23:15:00Z,IT-CNorth,98.03,15
2026-02-19T23:15:00Z,IT-CSouth,98.03,15
2026-02-19T23:15:00Z,IT-North,98.03,15
2026-02-19T23:15:00Z,IT-Sardinia,98.03,15
2026-02-19T23:15:00Z,IT-Sicily,98.03,15
2026-02-19T23:15:00Z,IT-South,98.03,15
2026-02-19T23:15:00Z,LT,150.07,15
2026-02-19T23:15:00Z,LV,150.07,15
2026-02-19T23:15:00Z,NL,85.11,15
2026-02-19T23:15:00Z,NO1,89.96,15
2026-02-19T23:15:00Z,NO2,87.99,15
2026-02-19T23:15:00Z,NO3,73.35,15
2026-02-19T23:15:00Z,NO4,65.28,15
2026-02-19T23:15:00Z,NO5,87.93,15
2026-02-19T23:15:00Z,PL,104.24,15
2026-02-19T23:15:00Z,PT,25.57,15
2026-02-19T23:15:00Z,RO,45.50,15
2026-02-19T23:15:00Z,RS,20.05,15
2026-02-19T23:15:00Z,SE1,58.69,15
2026-02-19T23:15:00Z,SE2,58.03,15
2026-02-19T23:15:00Z,SE3,97.55,15
2026-02-19T23:15:00Z,SE4,96.91,15
2026-02-19T23:15:00Z,SI,89.85,15
2026-02-19T23:15:00Z,SK,92.93,15
2026-02-19T23:30:00Z,AT,93.95,15
2026-02-19T23:30:00Z,BE,72.61,15
2026-02-19T23:30:00Z,CZ,91.22,15
2026-02-19T23:30:00Z,DE-LU,86.27,15
2026-02-19T23:30:00Z,DK1,86.52,15
2026-02-19T23:30:00Z,DK2,95.07,15
2026-02-19T23:30:00Z,EE,109.78,15
2026-02-19T23:30:00Z,ES,23.00,15
2026-02-19T23:30:00Z,FI,109.73,15
2026-02-19T23:30:00Z,FR,23.00,15
2026-02-19T23:30:00Z,GR,86.51,15
2026-02-19T23:30:00Z,HR,92.85,15
2026-02-19T23:30:00Z,HU,93.17,15
2026-02-19T23:30:00Z,IT-CNorth,95.00,15
2026-02-19T23:30:00Z,IT-CSouth,95.00,15
2026-02-19T23:30:00Z,IT-North,95.00,15
2026-02-19T23:30:00Z,IT-Sardinia,95.00,15
2026-02-19T23:30:00Z,IT-Sicily,95.00,15
2026-02-19T23:30:00Z,IT-South,95.00,15
2026-02-19T23:30:00Z,LT,109.78,15
2026-02-19T23:30:00Z,LV,109.78,15
2026-02-19T23:30:00Z,NL,85.90,15
2026-02-19T23:30:00Z,NO1,87.83,15
2026-02-19T23:30:00Z,NO2,88.67,15
2026-02-19T23:30:00Z,NO3,70.06,15
2026-02-19T23:30:00Z,NO4,60.15,15
2026-02-19T23:30:00Z,NO5,86.19,15
2026-02-19T23:30:00Z,PL,102.74,15
2026-02-19T23:30:00Z,PT,23.00,15
2026-02-19T23:30:00Z,RO,86.51,15
2026-02-19T23:30:00Z,RS,20.05,15
2026-02-19T23:30:00Z,SE1,54.41,15
2026-02-19T23:30:00Z,SE2,53.66,15
2026-02-19T23:30:00Z,SE3,95.97,15
2026-02-19T23:30:00Z,SE4,95.28,15
2026-02-19T23:30:00Z,SI,94.31,15
2026-02-19T23:30:00Z,SK,92.35,15
2026-02-19T23:45:00Z,AT,93.01,15
2026-02-19T23:45:00Z,BE,71.73,15
2026-02-19T23:45:00Z,CZ,90.27,15
2026-02-19T23:45:00Z,DE-LU,85.28,15
2026-02-19T23:45:00Z,DK1,85.92,15
2026-02-19T23:45:00Z,DK2,96.03,15
2026-02-19T23:45:00Z,EE,98.99,15
2026-02-19T23:45:00Z,ES,22.00,15
2026-02-19T23:45:00Z,FI,98.95,15
2026-02-19T23:45:00Z,FR,22.00,15
2026-02-19T23:45:00Z,GR,85.32,15
2026-02-19T23:45:00Z,HR,91.87,15
2026-02-19T23:45:00Z,HU,92.24,15
2026-02-19T23:45:00Z,IT-CNorth,94.91,15
2026-02-19T23:45:00Z,IT-CSouth,94.91,15
2026-02-19T23:45:00Z,IT-North,94.91,15
2026-02-19T23:45:00Z,IT-Sardinia,94.91,15
2026-02-19T23:45:00Z,IT-Sicily,94.91,15
2026-02-19T23:45:00Z,IT-South,94.91,15
2026-02-19T23:45:00Z,LT,98.99,15
2026-02-19T23:45:00Z,LV,98.99,15
2026-02-19T23:45:00Z,NL,85.23,15
2026-02-19T23:45:00Z,NO1,86.89,15
2026-02-19T23:45:00Z,NO2,87.95,15
2026-02-19T23:45:00Z,NO3,64.50,15
2026-02-19T23:45:00Z,NO4,51.59,15
2026-02-19T23:45:00Z,NO5,84.83,15
2026-02-19T23:45:00Z,PL,103.65,15
2026-02-19T23:45:00Z,PT,22.00,15
2026-02-19T23:45:00Z,RO,85.32,15
2026-02-19T23:45:00Z,RS,20.05,15
2026-02-19T23:45:00Z,SE1,44.85,15
2026-02-19T23:45:00Z,SE2,43.89,15
2026-02-19T23:45:00Z,SE3,97.17,15
2026-02-19T23:45:00Z,SE4,96.29,15
2026-02-19T23:45:00Z,SI,93.36,15
2026-02-19T23:45:00Z,SK,91.42,15
