timestamp_utc,zone,price_eur_mwh,resolution_min
2026-07-07T00:00:00Z,AT,115.52,15
2026-07-07T00:00:00Z,BE,114.25,15
2026-07-07T00:00:00Z,CH,111.41,60
2026-07-07T00:00:00Z,CZ,113.44,15
2026-07-07T00:00:00Z,DE-LU,113.00,15
2026-07-07T00:00:00Z,DK1,105.20,15
2026-07-07T00:00:00Z,DK2,108.07,15
2026-07-07T00:00:00Z,EE,13.97,15
2026-07-07T00:00:00Z,ES,139.61,15
2026-07-07T00:00:00Z,FI,13.97,15
2026-07-07T00:00:00Z,FR,114.34,15
2026-07-07T00:00:00Z,GR,124.01,15
2026-07-07T00:00:00Z,HR,118.61,15
2026-07-07T00:00:00Z,HU,121.03,15
2026-07-07T00:00:00Z,IT-CNorth,145.07,15
2026-07-07T00:00:00Z,IT-CSouth,145.07,15
2026-07-07T00:00:00Z,IT-North,145.07,15
2026-07-07T00:00:00Z,IT-Sardinia,145.07,15
2026-07-07T00:00:00Z,IT-Sicily,145.07,15
2026-07-07T00:00:00Z,IT-South,145.07,15
2026-07-07T00:00:00Z,LT,109.68,15
2026-07-07T00:00:00Z,LV,109.68,15
2026-07-07T00:00:00Z,NL,114.38,15
2026-07-07T00:00:00Z,NO1,89.93,15
2026-07-07T00:00:00Z,NO2,101.60,15
2026-07-07T00:00:00Z,NO3,52.50,15
2026-07-07T00:00:00Z,NO4,23.93,15
2026-07-07T00:00:00Z,NO5,85.56,15
2026-07-07T00:00:00Z,PL,109.98,15
2026-07-07T00:00:00Z,PT,139.61,15
2026-07-07T00:00:00Z,RO,124.22,15
2026-07-07T00:00:00Z,RS,130.08,15
2026-07-07T00:00:00Z,SE1,13.76,15
2026-07-07T00:00:00Z,SE2,11.82,15
2026-07-07T00:00:00Z,SE3,63.41,15
2026-07-07T00:00:00Z,SE4,108.53,15
2026-07-07T00:00:00Z,SI,117.17,15
2026-07-07T00:00:00Z,SK,109.82,15
2026-07-07T00:15:00Z,AT,110.61,15
2026-07-07T00:15:00Z,BE,109.92,15
2026-07-07T00:15:00Z,CZ,109.51,15
2026-07-07T00:15:00Z,DE-LU,109.28,15
2026-07-07T00:15:00Z,DK1,105.31,15
2026-07-07T00:15:00Z,DK2,107.71,15
2026-07-07T00:15:00Z,EE,13.11,15
2026-07-07T00:15:00Z,ES,138.65,15
2026-07-07T00:15:00Z,FI,13.11,15
2026-07-07T00:15:00Z,FR,109.97,15
2026-07-07T00:15:00Z,GR,118.30,15
2026-07-07T00:15:00Z,HR,112.27,15
2026-07-07T00:15:00Z,HU,113.57,15
2026-07-07T00:15:00Z,IT-CNorth,140.61,15
2026-07-07T00:15:00Z,IT-CSouth,140.61,15
2026-07-07T00:15:00Z,IT-North,140.61,15
2026-07-07T00:15:00Z,IT-Sardinia,140.61,15
2026-07-07T00:15:00Z,IT-Sicily,140.61,15
2026-07-07T00:15:00Z,IT-South,140.61,15
2026-07-07T00:15:00Z,LT,109.35,15
2026-07-07T00:15:00Z,LV,109.35,15
2026-07-07T00:15:00Z,NL,109.99,15
2026-07-07T00:15:00Z,NO1,89.45,15
2026-07-07T00:15:00Z,NO2,101.17,15
2026-07-07T00:15:00Z,NO3,52.01,15
2026-07-07T00:15:00Z,NO4,23.15,15
2026-07-07T00:15:00Z,NO5,85.54,15
2026-07-07T00:15:00Z,PL,107.65,15
2026-07-07T00:15:00Z,PT,138.65,15
2026-07-07T00:15:00Z,RO,115.28,15
2026-07-07T00:15:00Z,RS,130.08,15
2026-07-07T00:15:00Z,SE1,12.90,15
2026-07-07T00:15:00Z,SE2,10.94,15
2026-07-07T00:15:00Z,SE3,62.82,15
2026-07-07T00:15:00Z,SE4,108.18,15
2026-07-07T00:15:00Z,SI,111.50,15
2026-07-07T00:15:00Z,SK,107.56,15
2026-07-07T00:30:00Z,AT,106.38,15
2026-07-07T00:30:00Z,BE,106.44,15
2026-07-07T00:30:00Z,CZ,106.36,15
2026-07-07T00:30:00Z,DE-LU,106.29,15
2026-07-07T00:30:00Z,DK1,101.94,15
2026-07-07T00:30:00Z,DK2,105.63,15
2026-07-07T00:30:00Z,EE,13.45,15
2026-07-07T00:30:00Z,ES,137.61,15
2026-07-07T00:30:00Z,FI,13.46,15
2026-07-07T00:30:00Z,FR,106.42,15
2026-07-07T00:30:00Z,GR,116.90,15
2026-07-07T00:30:00Z,HR,106.37,15
2026-07-07T00:30:00Z,HU,106.36,15
2026-07-07T00:30:00Z,IT-CNorth,140.00,15
2026-07-07T00:30:00Z,IT-CSouth,140.00,15
2026-07-07T00:30:00Z,IT-North,140.00,15
2026-07-07T00:30:00Z,IT-Sardinia,140.00,15
2026-07-07T00:30:00Z,IT-Sicily,140.00,15
2026-07-07T00:30:00Z,IT-South,140.00,15
2026-07-07T00:30:00Z,LT,107.23,15
2026-07-07T00:30:00Z,LV,107.23,15
2026-07-07T00:30:00Z,NL,106.48,15
2026-07-07T00:30:00Z,NO1,87.79,15
2026-07-07T00:30:00Z,NO2,100.37,15
2026-07-07T00:30:00Z,NO3,51.67,15
2026-07-07T00:30:00Z,NO4,23.31,15
2026-07-07T00:30:00Z,NO5,84.98,15
2026-07-07T00:30:00Z,PL,106.34,15
2026-07-07T00:30:00Z,PT,137.61,15
2026-07-07T00:30:00Z,RO,106.36,15
2026-07-07T00:30:00Z,RS,130.08,15
2026-07-07T00:30:00Z,SE1,13.25,15
2026-07-07T00:30:00Z,SE2,11.33,15
2026-07-07T00:30:00Z,SE3,61.88,15
2026-07-07T00:30:00Z,SE4,106.09,15
2026-07-07T00:30:00Z,SI,106.37,15
2026-07-07T00:30:00Z,SK,106.36,15
2026-07-07T00:45:00Z,AT,103.38,15
2026-07-07T00:45:00Z,BE,123.24,15
2026-07-07T00:45:00Z,CZ,102.73,15
2026-07-07T00:45:00Z,DE-LU,103.38,15
2026-07-07T00:45:00Z,DK1,95.22,15
2026-07-07T00:45:00Z,DK2,101.87,15
2026-07-07T00:45:00Z,EE,14.09,15
2026-07-07T00:45:00Z,ES,135.42,15
2026-07-07T00:45:00Z,FI,14.10,15
2026-07-07T00:45:00Z,FR,86.10,15
2026-07-07T00:45:00Z,GR,114.93,15
2026-07-07T00:45:00Z,HR,102.68,15
2026-07-07T00:45:00Z,HU,103.90,15
2026-07-07T00:45:00Z,IT-CNorth,146.00,15
2026-07-07T00:45:00Z,IT-CSouth,146.00,15
2026-07-07T00:45:00Z,IT-North,146.00,15
2026-07-07T00:45:00Z,IT-Sardinia,146.00,15
2026-07-07T00:45:00Z,IT-Sicily,146.00,15
2026-07-07T00:45:00Z,IT-South,146.00,15
2026-07-07T00:45:00Z,LT,103.42,15
2026-07-07T00:45:00Z,LV,103.42,15
2026-07-07T00:45:00Z,NL,110.51,15
2026-07-07T00:45:00Z,NO1,84.78,15
2026-07-07T00:45:00Z,NO2,99.02,15
2026-07-07T00:45:00Z,NO3,51.23,15
2026-07-07T00:45:00Z,NO4,23.62,15
2026-07-07T00:45:00Z,NO5,84.46,15
2026-07-07T00:45:00Z,PL,102.23,15
2026-07-07T00:45:00Z,PT,135.42,15
2026-07-07T00:45:00Z,RO,104.06,15
2026-07-07T00:45:00Z,RS,130.08,15
2026-07-07T00:45:00Z,SE1,13.89,15
2026-07-07T00:45:00Z,SE2,12.03,15
2026-07-07T00:45:00Z,SE3,60.18,15
2026-07-07T00:45:00Z,SE4,102.31,15
2026-07-07T00:45:00Z,SI,102.34,15
2026-07-07T00:45:00Z,SK,102.73,15
2026-07-07T01:00:00Z,AT,107.97,15
2026-07-07T01:00:00Z,BE,104.42,15
2026-07-07T01:00:00Z,CH,106.20,60
2026-07-07T01:00:00Z,CZ,106.03,15
2026-07-07T01:00:00Z,DE-LU,103.36,15
2026-07-07T01:00:00Z,DK1,97.52,15
2026-07-07T01:00:00Z,DK2,103.66,15
2026-07-07T01:00:00Z,EE,12.26,15
2026-07-07T01:00:00Z,ES,136.61,15
2026-07-07T01:00:00Z,FI,12.27,15
2026-07-07T01:00:00Z,FR,104.54,15
2026-07-07T01:00:00Z,GR,112.49,15
2026-07-07T01:00:00Z,HR,106.82,15
2026-07-07T01:00:00Z,HU,106.77,15
2026-07-07T01:00:00Z,IT-CNorth,133.90,15
2026-07-07T01:00:00Z,IT-CSouth,133.90,15
2026-07-07T01:00:00Z,IT-North,133.90,15
2026-07-07T01:00:00Z,IT-Sardinia,133.90,15
2026-07-07T01:00:00Z,IT-Sicily,133.90,15
2026-07-07T01:00:00Z,IT-South,133.90,15
2026-07-07T01:00:00Z,LT,105.26,15
2026-07-07T01:00:00Z,LV,105.26,15
2026-07-07T01:00:00Z,NL,104.57,15
2026-07-07T01:00:00Z,NO1,85.83,15
2026-07-07T01:00:00Z,NO2,92.73,15
2026-07-07T01:00:00Z,NO3,50.40,15
2026-07-07T01:00:00Z,NO4,22.08,15
2026-07-07T01:00:00Z,NO5,83.50,15
2026-07-07T01:00:00Z,PL,105.34,15
2026-07-07T01:00:00Z,PT,136.61,15
2026-07-07T01:00:00Z,RO,106.72,15
2026-07-07T01:00:00Z,RS,129.80,15
2026-07-07T01:00:00Z,SE1,12.06,15
2026-07-07T01:00:00Z,SE2,10.16,15
2026-07-07T01:00:00Z,SE3,60.21,15
2026-07-07T01:00:00Z,SE4,104.14,15
2026-07-07T01:00:00Z,SI,106.90,15
2026-07-07T01:00:00Z,SK,106.44,15
2026-07-07T01:15:00Z,AT,104.52,15
2026-07-07T01:15:00Z,BE,105.42,15
2026-07-07T01:15:00Z,CZ,102.46,15
2026-07-07T01:15:00Z,DE-LU,100.07,15
2026-07-07T01:15:00Z,DK1,98.41,15
2026-07-07T01:15:00Z,DK2,100.22,15
2026-07-07T01:15:00Z,EE,14.10,15
2026-07-07T01:15:00Z,ES,135.42,15
2026-07-07T01:15:00Z,FI,14.10,15
2026-07-07T01:15:00Z,FR,96.37,15
2026-07-07T01:15:00Z,GR,110.00,15
2026-07-07T01:15:00Z,HR,103.03,15
2026-07-07T01:15:00Z,HU,103.23,15
2026-07-07T01:15:00Z,IT-CNorth,134.10,15
2026-07-07T01:15:00Z,IT-CSouth,134.10,15
2026-07-07T01:15:00Z,IT-North,134.10,15
2026-07-07T01:15:00Z,IT-Sardinia,134.10,15
2026-07-07T01:15:00Z,IT-Sicily,134.10,15
2026-07-07T01:15:00Z,IT-South,134.10,15
2026-07-07T01:15:00Z,LT,101.74,15
2026-07-07T01:15:00Z,LV,101.74,15
2026-07-07T01:15:00Z,NL,102.21,15
2026-07-07T01:15:00Z,NO1,83.43,15
2026-07-07T01:15:00Z,NO2,93.59,15
2026-07-07T01:15:00Z,NO3,50.28,15
2026-07-07T01:15:00Z,NO4,23.40,15
2026-07-07T01:15:00Z,NO5,82.09,15
2026-07-07T01:15:00Z,PL,101.80,15
2026-07-07T01:15:00Z,PT,135.42,15
2026-07-07T01:15:00Z,RO,103.12,15
2026-07-07T01:15:00Z,RS,129.80,15
2026-07-07T01:15:00Z,SE1,13.91,15
2026-07-07T01:15:00Z,SE2,12.11,15
2026-07-07T01:15:00Z,SE3,59.27,15
2026-07-07T01:15:00Z,SE4,100.68,15
2026-07-07T01:15:00Z,SI,103.07,15
2026-07-07T01:15:00Z,SK,102.93,15
2026-07-07T01:30:00Z,AT,104.38,15
2026-07-07T01:30:00Z,BE,110.91,15
2026-07-07T01:30:00Z,CZ,102.72,15
2026-07-07T01:30:00Z,DE-LU,101.00,15
2026-07-07T01:30:00Z,DK1,98.60,15
2026-07-07T01:30:00Z,DK2,100.62,15
2026-07-07T01:30:00Z,EE,14.82,15
2026-07-07T01:30:00Z,ES,135.61,15
2026-07-07T01:30:00Z,FI,14.83,15
2026-07-07T01:30:00Z,FR,93.46,15
2026-07-07T01:30:00Z,GR,110.00,15
2026-07-07T01:30:00Z,HR,102.92,15
2026-07-07T01:30:00Z,HU,103.30,15
2026-07-07T01:30:00Z,IT-CNorth,140.00,15
2026-07-07T01:30:00Z,IT-CSouth,140.00,15
2026-07-07T01:30:00Z,IT-North,140.00,15
2026-07-07T01:30:00Z,IT-Sardinia,140.00,15
2026-07-07T01:30:00Z,IT-Sicily,140.00,15
2026-07-07T01:30:00Z,IT-South,140.00,15
2026-07-07T01:30:00Z,LT,102.13,15
2026-07-07T01:30:00Z,LV,102.13,15
2026-07-07T01:30:00Z,NL,104.93,15
2026-07-07T01:30:00Z,NO1,83.89,15
2026-07-07T01:30:00Z,NO2,93.69,15
2026-07-07T01:30:00Z,NO3,50.85,15
2026-07-07T01:30:00Z,NO4,24.09,15
2026-07-07T01:30:00Z,NO5,82.48,15
2026-07-07T01:30:00Z,PL,102.18,15
2026-07-07T01:30:00Z,PT,135.61,15
2026-07-07T01:30:00Z,RO,103.15,15
2026-07-07T01:30:00Z,RS,129.80,15
2026-07-07T01:30:00Z,SE1,14.64,15
2026-07-07T01:30:00Z,SE2,12.84,15
2026-07-07T01:30:00Z,SE3,59.82,15
2026-07-07T01:30:00Z,SE4,101.07,15
2026-07-07T01:30:00Z,SI,102.92,15
2026-07-07T01:30:00Z,SK,103.09,15
2026-07-07T01:45:00Z,AT,107.73,15
2026-07-07T01:45:00Z,BE,119.25,15
2026-07-07T01:45:00Z,CZ,103.31,15
2026-07-07T01:45:00Z,DE-LU,99.58,15
2026-07-07T01:45:00Z,DK1,97.44,15
2026-07-07T01:45:00Z,DK2,99.23,15
2026-07-07T01:45:00Z,EE,16.48,15
2026-07-07T01:45:00Z,ES,135.42,15
2026-07-07T01:45:00Z,FI,16.49,15
2026-07-07T01:45:00Z,FR,84.19,15
2026-07-07T01:45:00Z,GR,110.00,15
2026-07-07T01:45:00Z,HR,105.75,15
2026-07-07T01:45:00Z,HU,107.52,15
2026-07-07T01:45:00Z,IT-CNorth,144.00,15
2026-07-07T01:45:00Z,IT-CSouth,144.00,15
2026-07-07T01:45:00Z,IT-North,144.00,15
2026-07-07T01:45:00Z,IT-Sardinia,144.00,15
2026-07-07T01:45:00Z,IT-Sicily,144.00,15
2026-07-07T01:45:00Z,IT-South,144.00,15
2026-07-07T01:45:00Z,LT,100.68,15
2026-07-07T01:45:00Z,LV,100.68,15
2026-07-07T01:45:00Z,NL,106.97,15
2026-07-07T01:45:00Z,NO1,83.09,15
2026-07-07T01:45:00Z,NO2,92.58,15
2026-07-07T01:45:00Z,NO3,51.23,15
2026-07-07T01:45:00Z,NO4,25.42,15
2026-07-07T01:45:00Z,NO5,81.74,15
2026-07-07T01:45:00Z,PL,100.89,15
2026-07-07T01:45:00Z,PT,135.42,15
2026-07-07T01:45:00Z,RO,108.41,15
2026-07-07T01:45:00Z,RS,129.80,15
2026-07-07T01:45:00Z,SE1,16.30,15
2026-07-07T01:45:00Z,SE2,14.57,15
2026-07-07T01:45:00Z,SE3,59.88,15
2026-07-07T01:45:00Z,SE4,99.66,15
2026-07-07T01:45:00Z,SI,105.21,15
2026-07-07T01:45:00Z,SK,102.82,15
2026-07-07T02:00:00Z,AT,107.92,15
2026-07-07T02:00:00Z,BE,99.56,15
2026-07-07T02:00:00Z,CH,108.00,60
2026-07-07T02:00:00Z,CZ,103.40,15
2026-07-07T02:00:00Z,DE-LU,98.90,15
2026-07-07T02:00:00Z,DK1,96.74,15
2026-07-07T02:00:00Z,DK2,98.54,15
2026-07-07T02:00:00Z,EE,10.32,15
2026-07-07T02:00:00Z,ES,135.42,15
2026-07-07T02:00:00Z,FI,10.32,15
2026-07-07T02:00:00Z,FR,100.11,15
2026-07-07T02:00:00Z,GR,110.00,15
2026-07-07T02:00:00Z,HR,107.34,15
2026-07-07T02:00:00Z,HU,108.61,15
2026-07-07T02:00:00Z,IT-CNorth,132.90,15
2026-07-07T02:00:00Z,IT-CSouth,132.90,15
2026-07-07T02:00:00Z,IT-North,132.90,15
2026-07-07T02:00:00Z,IT-Sardinia,132.90,15
2026-07-07T02:00:00Z,IT-Sicily,132.90,15
2026-07-07T02:00:00Z,IT-South,132.90,15
2026-07-07T02:00:00Z,LT,100.09,15
2026-07-07T02:00:00Z,LV,100.09,15
2026-07-07T02:00:00Z,NL,99.37,15
2026-07-07T02:00:00Z,NO1,81.26,15
2026-07-07T02:00:00Z,NO2,91.71,15
2026-07-07T02:00:00Z,NO3,47.39,15
2026-07-07T02:00:00Z,NO4,19.85,15
2026-07-07T02:00:00Z,NO5,80.01,15
2026-07-07T02:00:00Z,PL,100.56,15
2026-07-07T02:00:00Z,PT,135.42,15
2026-07-07T02:00:00Z,RO,110.16,15
2026-07-07T02:00:00Z,RS,127.20,15
2026-07-07T02:00:00Z,SE1,10.14,15
2026-07-07T02:00:00Z,SE2,8.29,15
2026-07-07T02:00:00Z,SE3,56.50,15
2026-07-07T02:00:00Z,SE4,99.01,15
2026-07-07T02:00:00Z,SI,106.76,15
2026-07-07T02:00:00Z,SK,102.44,15
2026-07-07T02:15:00Z,AT,110.84,15
2026-07-07T02:15:00Z,BE,110.00,15
2026-07-07T02:15:00Z,CZ,104.18,15
2026-07-07T02:15:00Z,DE-LU,97.27,15
2026-07-07T02:15:00Z,DK1,94.68,15
2026-07-07T02:15:00Z,DK2,97.07,15
2026-07-07T02:15:00Z,EE,13.97,15
2026-07-07T02:15:00Z,ES,135.42,15
2026-07-07T02:15:00Z,FI,13.97,15
2026-07-07T02:15:00Z,FR,88.46,15
2026-07-07T02:15:00Z,GR,110.00,15
2026-07-07T02:15:00Z,HR,107.79,15
2026-07-07T02:15:00Z,HU,109.23,15
2026-07-07T02:15:00Z,IT-CNorth,135.00,15
2026-07-07T02:15:00Z,IT-CSouth,135.00,15
2026-07-07T02:15:00Z,IT-North,135.00,15
2026-07-07T02:15:00Z,IT-Sardinia,135.00,15
2026-07-07T02:15:00Z,IT-Sicily,135.00,15
2026-07-07T02:15:00Z,IT-South,135.00,15
2026-07-07T02:15:00Z,LT,98.53,15
2026-07-07T02:15:00Z,LV,98.53,15
2026-07-07T02:15:00Z,NL,102.09,15
2026-07-07T02:15:00Z,NO1,80.79,15
2026-07-07T02:15:00Z,NO2,90.13,15
2026-07-07T02:15:00Z,NO3,48.85,15
2026-07-07T02:15:00Z,NO4,22.94,15
2026-07-07T02:15:00Z,NO5,79.49,15
2026-07-07T02:15:00Z,PL,101.05,15
2026-07-07T02:15:00Z,PT,135.42,15
2026-07-07T02:15:00Z,RO,110.13,15
2026-07-07T02:15:00Z,RS,127.20,15
2026-07-07T02:15:00Z,SE1,13.80,15
2026-07-07T02:15:00Z,SE2,12.05,15
2026-07-07T02:15:00Z,SE3,57.47,15
2026-07-07T02:15:00Z,SE4,97.51,15
2026-07-07T02:15:00Z,SI,107.40,15
2026-07-07T02:15:00Z,SK,104.25,15
2026-07-07T02:30:00Z,AT,113.22,15
2026-07-07T02:30:00Z,BE,116.65,15
2026-07-07T02:30:00Z,CZ,106.03,15
2026-07-07T02:30:00Z,DE-LU,98.19,15
2026-07-07T02:30:00Z,DK1,94.28,15
2026-07-07T02:30:00Z,DK2,97.90,15
2026-07-07T02:30:00Z,EE,15.66,15
2026-07-07T02:30:00Z,ES,135.42,15
2026-07-07T02:30:00Z,FI,15.67,15
2026-07-07T02:30:00Z,FR,84.80,15
2026-07-07T02:30:00Z,GR,110.00,15
2026-07-07T02:30:00Z,HR,108.73,15
2026-07-07T02:30:00Z,HU,109.90,15
2026-07-07T02:30:00Z,IT-CNorth,135.00,15
2026-07-07T02:30:00Z,IT-CSouth,135.00,15
2026-07-07T02:30:00Z,IT-North,135.00,15
2026-07-07T02:30:00Z,IT-Sardinia,135.00,15
2026-07-07T02:30:00Z,IT-Sicily,135.00,15
2026-07-07T02:30:00Z,IT-South,135.00,15
2026-07-07T02:30:00Z,LT,99.34,15
2026-07-07T02:30:00Z,LV,99.34,15
2026-07-07T02:30:00Z,NL,105.24,15
2026-07-07T02:30:00Z,NO1,81.78,15
2026-07-07T02:30:00Z,NO2,89.97,15
2026-07-07T02:30:00Z,NO3,50.11,15
2026-07-07T02:30:00Z,NO4,24.53,15
2026-07-07T02:30:00Z,NO5,80.25,15
2026-07-07T02:30:00Z,PL,103.25,15
2026-07-07T02:30:00Z,PT,135.42,15
2026-07-07T02:30:00Z,RO,110.08,15
2026-07-07T02:30:00Z,RS,127.20,15
2026-07-07T02:30:00Z,SE1,15.50,15
2026-07-07T02:30:00Z,SE2,13.78,15
2026-07-07T02:30:00Z,SE3,58.71,15
2026-07-07T02:30:00Z,SE4,98.33,15
2026-07-07T02:30:00Z,SI,108.62,15
2026-07-07T02:30:00Z,SK,106.99,15
2026-07-07T02:45:00Z,AT,119.80,15
2026-07-07T02:45:00Z,BE,116.92,15
2026-07-07T02:45:00Z,CZ,110.38,15
2026-07-07T02:45:00Z,DE-LU,99.17,15
2026-07-07T02:45:00Z,DK1,92.28,15
2026-07-07T02:45:00Z,DK2,98.60,15
2026-07-07T02:45:00Z,EE,19.70,15
2026-07-07T02:45:00Z,ES,135.42,15
2026-07-07T02:45:00Z,FI,19.71,15
2026-07-07T02:45:00Z,FR,87.61,15
2026-07-07T02:45:00Z,GR,113.46,15
2026-07-07T02:45:00Z,HR,113.27,15
2026-07-07T02:45:00Z,HU,113.93,15
2026-07-07T02:45:00Z,IT-CNorth,145.46,15
2026-07-07T02:45:00Z,IT-CSouth,145.46,15
2026-07-07T02:45:00Z,IT-North,145.46,15
2026-07-07T02:45:00Z,IT-Sardinia,145.46,15
2026-07-07T02:45:00Z,IT-Sicily,145.46,15
2026-07-07T02:45:00Z,IT-South,145.46,15
2026-07-07T02:45:00Z,LT,99.98,15
2026-07-07T02:45:00Z,LV,99.98,15
2026-07-07T02:45:00Z,NL,106.27,15
2026-07-07T02:45:00Z,NO1,83.14,15
2026-07-07T02:45:00Z,NO2,88.56,15
2026-07-07T02:45:00Z,NO3,52.59,15
2026-07-07T02:45:00Z,NO4,28.17,15
2026-07-07T02:45:00Z,NO5,81.09,15
2026-07-07T02:45:00Z,PL,107.33,15
2026-07-07T02:45:00Z,PT,135.42,15
2026-07-07T02:45:00Z,RO,113.47,15
2026-07-07T02:45:00Z,RS,127.20,15
2026-07-07T02:45:00Z,SE1,19.55,15
2026-07-07T02:45:00Z,SE2,17.90,15
2026-07-07T02:45:00Z,SE3,61.01,15
2026-07-07T02:45:00Z,SE4,99.01,15
2026-07-07T02:45:00Z,SI,113.52,15
2026-07-07T02:45:00Z,SK,112.51,15
2026-07-07T03:00:00Z,AT,120.31,15
2026-07-07T03:00:00Z,BE,121.39,15
2026-07-07T03:00:00Z,CH,112.65,60
2026-07-07T03:00:00Z,CZ,110.27,15
2026-07-07T03:00:00Z,DE-LU,100.00,15
2026-07-07T03:00:00Z,DK1,98.07,15
2026-07-07T03:00:00Z,DK2,100.16,15
2026-07-07T03:00:00Z,EE,8.18,15
2026-07-07T03:00:00Z,ES,135.39,15
2026-07-07T03:00:00Z,FI,8.18,15
2026-07-07T03:00:00Z,FR,84.16,15
2026-07-07T03:00:00Z,GR,118.94,15
2026-07-07T03:00:00Z,HR,115.53,15
2026-07-07T03:00:00Z,HU,117.84,15
2026-07-07T03:00:00Z,IT-CNorth,135.00,15
2026-07-07T03:00:00Z,IT-CSouth,135.00,15
2026-07-07T03:00:00Z,IT-North,135.00,15
2026-07-07T03:00:00Z,IT-Sardinia,135.00,15
2026-07-07T03:00:00Z,IT-Sicily,135.00,15
2026-07-07T03:00:00Z,IT-South,135.00,15
2026-07-07T03:00:00Z,LT,101.77,15
2026-07-07T03:00:00Z,LV,101.77,15
2026-07-07T03:00:00Z,NL,107.76,15
2026-07-07T03:00:00Z,NO1,82.09,15
2026-07-07T03:00:00Z,NO2,93.22,15
2026-07-07T03:00:00Z,NO3,46.85,15
2026-07-07T03:00:00Z,NO4,18.12,15
2026-07-07T03:00:00Z,NO5,80.95,15
2026-07-07T03:00:00Z,PL,105.60,15
2026-07-07T03:00:00Z,PT,135.39,15
2026-07-07T03:00:00Z,RO,119.17,15
2026-07-07T03:00:00Z,RS,129.04,15
2026-07-07T03:00:00Z,SE1,8.02,15
2026-07-07T03:00:00Z,SE2,6.05,15
2026-07-07T03:00:00Z,SE3,55.09,15
2026-07-07T03:00:00Z,SE4,100.66,15
2026-07-07T03:00:00Z,SI,114.93,15
2026-07-07T03:00:00Z,SK,110.48,15
2026-07-07T03:15:00Z,AT,125.89,15
2026-07-07T03:15:00Z,BE,115.89,15
2026-07-07T03:15:00Z,CZ,113.59,15
2026-07-07T03:15:00Z,DE-LU,100.57,15
2026-07-07T03:15:00Z,DK1,96.69,15
2026-07-07T03:15:00Z,DK2,100.36,15
2026-07-07T03:15:00Z,EE,15.70,15
2026-07-07T03:15:00Z,ES,135.39,15
2026-07-07T03:15:00Z,FI,15.70,15
2026-07-07T03:15:00Z,FR,91.09,15
2026-07-07T03:15:00Z,GR,125.00,15
2026-07-07T03:15:00Z,HR,120.86,15
2026-07-07T03:15:00Z,HU,123.34,15
2026-07-07T03:15:00Z,IT-CNorth,138.50,15
2026-07-07T03:15:00Z,IT-CSouth,138.50,15
2026-07-07T03:15:00Z,IT-North,138.50,15
2026-07-07T03:15:00Z,IT-Sardinia,138.50,15
2026-07-07T03:15:00Z,IT-Sicily,138.50,15
2026-07-07T03:15:00Z,IT-South,138.50,15
2026-07-07T03:15:00Z,LT,101.84,15
2026-07-07T03:15:00Z,LV,101.84,15
2026-07-07T03:15:00Z,NL,106.35,15
2026-07-07T03:15:00Z,NO1,83.72,15
2026-07-07T03:15:00Z,NO2,92.06,15
2026-07-07T03:15:00Z,NO3,51.16,15
2026-07-07T03:15:00Z,NO4,24.82,15
2026-07-07T03:15:00Z,NO5,82.24,15
2026-07-07T03:15:00Z,PL,107.65,15
2026-07-07T03:15:00Z,PT,135.39,15
2026-07-07T03:15:00Z,RO,125.29,15
2026-07-07T03:15:00Z,RS,129.04,15
2026-07-07T03:15:00Z,SE1,15.55,15
2026-07-07T03:15:00Z,SE2,13.74,15
2026-07-07T03:15:00Z,SE3,58.88,15
2026-07-07T03:15:00Z,SE4,100.82,15
2026-07-07T03:15:00Z,SI,120.11,15
2026-07-07T03:15:00Z,SK,113.59,15
2026-07-07T03:30:00Z,AT,129.72,15
2026-07-07T03:30:00Z,BE,114.14,15
2026-07-07T03:30:00Z,CZ,116.77,15
2026-07-07T03:30:00Z,DE-LU,102.72,15
2026-07-07T03:30:00Z,DK1,95.73,15
2026-07-07T03:30:00Z,DK2,102.01,15
2026-07-07T03:30:00Z,EE,20.41,15
2026-07-07T03:30:00Z,ES,138.61,15
2026-07-07T03:30:00Z,FI,20.41,15
2026-07-07T03:30:00Z,FR,97.45,15
2026-07-07T03:30:00Z,GR,128.70,15
2026-07-07T03:30:00Z,HR,124.61,15
2026-07-07T03:30:00Z,HU,126.94,15
2026-07-07T03:30:00Z,IT-CNorth,133.94,15
2026-07-07T03:30:00Z,IT-CSouth,133.94,15
2026-07-07T03:30:00Z,IT-North,133.94,15
2026-07-07T03:30:00Z,IT-Sardinia,133.94,15
2026-07-07T03:30:00Z,IT-Sicily,133.94,15
2026-07-07T03:30:00Z,IT-South,133.94,15
2026-07-07T03:30:00Z,LT,103.44,15
2026-07-07T03:30:00Z,LV,103.44,15
2026-07-07T03:30:00Z,NL,107.42,15
2026-07-07T03:30:00Z,NO1,85.97,15
2026-07-07T03:30:00Z,NO2,91.83,15
2026-07-07T03:30:00Z,NO3,54.44,15
2026-07-07T03:30:00Z,NO4,29.17,15
2026-07-07T03:30:00Z,NO5,84.04,15
2026-07-07T03:30:00Z,PL,110.53,15
2026-07-07T03:30:00Z,PT,138.61,15
2026-07-07T03:30:00Z,RO,128.99,15
2026-07-07T03:30:00Z,RS,129.04,15
2026-07-07T03:30:00Z,SE1,20.27,15
2026-07-07T03:30:00Z,SE2,18.53,15
2026-07-07T03:30:00Z,SE3,62.04,15
2026-07-07T03:30:00Z,SE4,102.45,15
2026-07-07T03:30:00Z,SI,123.89,15
2026-07-07T03:30:00Z,SK,116.82,15
2026-07-07T03:45:00Z,AT,135.00,15
2026-07-07T03:45:00Z,BE,120.00,15
2026-07-07T03:45:00Z,CZ,121.85,15
2026-07-07T03:45:00Z,DE-LU,106.34,15
2026-07-07T03:45:00Z,DK1,94.98,15
2026-07-07T03:45:00Z,DK2,105.16,15
2026-07-07T03:45:00Z,EE,22.56,15
2026-07-07T03:45:00Z,ES,139.25,15
2026-07-07T03:45:00Z,FI,22.57,15
2026-07-07T03:45:00Z,FR,100.02,15
2026-07-07T03:45:00Z,GR,129.21,15
2026-07-07T03:45:00Z,HR,127.69,15
2026-07-07T03:45:00Z,HU,128.88,15
2026-07-07T03:45:00Z,IT-CNorth,135.00,15
2026-07-07T03:45:00Z,IT-CSouth,135.00,15
2026-07-07T03:45:00Z,IT-North,135.00,15
2026-07-07T03:45:00Z,IT-Sardinia,135.00,15
2026-07-07T03:45:00Z,IT-Sicily,135.00,15
2026-07-07T03:45:00Z,IT-South,135.00,15
2026-07-07T03:45:00Z,LT,106.55,15
2026-07-07T03:45:00Z,LV,106.55,15
2026-07-07T03:45:00Z,NL,112.34,15
2026-07-07T03:45:00Z,NO1,89.26,15
2026-07-07T03:45:00Z,NO2,92.01,15
2026-07-07T03:45:00Z,NO3,57.68,15
2026-07-07T03:45:00Z,NO4,29.85,15
2026-07-07T03:45:00Z,NO5,86.64,15
2026-07-07T03:45:00Z,PL,116.77,15
2026-07-07T03:45:00Z,PT,139.25,15
2026-07-07T03:45:00Z,RO,129.33,15
2026-07-07T03:45:00Z,RS,129.04,15
2026-07-07T03:45:00Z,SE1,22.44,15
2026-07-07T03:45:00Z,SE2,21.02,15
2026-07-07T03:45:00Z,SE3,64.89,15
2026-07-07T03:45:00Z,SE4,105.59,15
2026-07-07T03:45:00Z,SI,127.67,15
2026-07-07T03:45:00Z,SK,123.70,15
2026-07-07T04:00:00Z,AT,125.85,15
2026-07-07T04:00:00Z,BE,140.00,15
2026-07-07T04:00:00Z,CH,119.08,60
2026-07-07T04:00:00Z,CZ,122.34,15
2026-07-07T04:00:00Z,DE-LU,111.14,15
2026-07-07T04:00:00Z,DK1,98.56,15
2026-07-07T04:00:00Z,DK2,110.60,15
2026-07-07T04:00:00Z,EE,8.92,15
2026-07-07T04:00:00Z,ES,138.25,15
2026-07-07T04:00:00Z,FI,8.93,15
2026-07-07T04:00:00Z,FR,89.33,15
2026-07-07T04:00:00Z,GR,128.68,15
2026-07-07T04:00:00Z,HR,132.20,15
2026-07-07T04:00:00Z,HU,127.82,15
2026-07-07T04:00:00Z,IT-CNorth,135.00,15
2026-07-07T04:00:00Z,IT-CSouth,135.00,15
2026-07-07T04:00:00Z,IT-North,135.00,15
2026-07-07T04:00:00Z,IT-Sardinia,135.00,15
2026-07-07T04:00:00Z,IT-Sicily,135.00,15
2026-07-07T04:00:00Z,IT-South,135.00,15
2026-07-07T04:00:00Z,LT,111.71,15
2026-07-07T04:00:00Z,LV,111.71,15
2026-07-07T04:00:00Z,NL,121.80,15
2026-07-07T04:00:00Z,NO1,97.79,15
2026-07-07T04:00:00Z,NO2,104.15,15
2026-07-07T04:00:00Z,NO3,64.68,15
2026-07-07T04:00:00Z,NO4,17.79,15
2026-07-07T04:00:00Z,NO5,90.98,15
2026-07-07T04:00:00Z,PL,119.64,15
2026-07-07T04:00:00Z,PT,138.25,15
2026-07-07T04:00:00Z,RO,128.45,15
2026-07-07T04:00:00Z,RS,112.70,15
2026-07-07T04:00:00Z,SE1,8.66,15
2026-07-07T04:00:00Z,SE2,4.47,15
2026-07-07T04:00:00Z,SE3,59.94,15
2026-07-07T04:00:00Z,SE4,110.90,15
2026-07-07T04:00:00Z,SI,135.00,15
2026-07-07T04:00:00Z,SK,125.63,15
2026-07-07T04:15:00Z,AT,138.62,15
2026-07-07T04:15:00Z,BE,138.78,15
2026-07-07T04:15:00Z,CZ,133.71,15
2026-07-07T04:15:00Z,DE-LU,117.33,15
2026-07-07T04:15:00Z,DK1,99.43,15
2026-07-07T04:15:00Z,DK2,110.65,15
2026-07-07T04:15:00Z,EE,17.53,15
2026-07-07T04:15:00Z,ES,139.61,15
2026-07-07T04:15:00Z,FI,17.54,15
2026-07-07T04:15:00Z,FR,102.96,15
2026-07-07T04:15:00Z,GR,142.90,15
2026-07-07T04:15:00Z,HR,148.40,15
2026-07-07T04:15:00Z,HU,141.48,15
2026-07-07T04:15:00Z,IT-CNorth,152.44,15
2026-07-07T04:15:00Z,IT-CSouth,152.44,15
2026-07-07T04:15:00Z,IT-North,152.44,15
2026-07-07T04:15:00Z,IT-Sardinia,152.44,15
2026-07-07T04:15:00Z,IT-Sicily,152.44,15
2026-07-07T04:15:00Z,IT-South,152.44,15
2026-07-07T04:15:00Z,LT,111.64,15
2026-07-07T04:15:00Z,LV,111.64,15
2026-07-07T04:15:00Z,NL,125.14,15
2026-07-07T04:15:00Z,NO1,98.74,15
2026-07-07T04:15:00Z,NO2,105.59,15
2026-07-07T04:15:00Z,NO3,65.21,15
2026-07-07T04:15:00Z,NO4,20.21,15
2026-07-07T04:15:00Z,NO5,91.57,15
2026-07-07T04:15:00Z,PL,129.91,15
2026-07-07T04:15:00Z,PT,139.61,15
2026-07-07T04:15:00Z,RO,142.54,15
2026-07-07T04:15:00Z,RS,112.70,15
2026-07-07T04:15:00Z,SE1,17.30,15
2026-07-07T04:15:00Z,SE2,13.77,15
2026-07-07T04:15:00Z,SE3,64.58,15
2026-07-07T04:15:00Z,SE4,110.92,15
2026-07-07T04:15:00Z,SI,152.44,15
2026-07-07T04:15:00Z,SK,138.29,15
2026-07-07T04:30:00Z,AT,143.86,15
2026-07-07T04:30:00Z,BE,133.55,15
2026-07-07T04:30:00Z,CZ,137.08,15
2026-07-07T04:30:00Z,DE-LU,116.82,15
2026-07-07T04:30:00Z,DK1,104.09,15
2026-07-07T04:30:00Z,DK2,112.71,15
2026-07-07T04:30:00Z,EE,20.63,15
2026-07-07T04:30:00Z,ES,141.50,15
2026-07-07T04:30:00Z,FI,20.63,15
2026-07-07T04:30:00Z,FR,107.08,15
2026-07-07T04:30:00Z,GR,147.99,15
2026-07-07T04:30:00Z,HR,154.42,15
2026-07-07T04:30:00Z,HU,146.35,15
2026-07-07T04:30:00Z,IT-CNorth,159.06,15
2026-07-07T04:30:00Z,IT-CSouth,159.06,15
2026-07-07T04:30:00Z,IT-North,159.06,15
2026-07-07T04:30:00Z,IT-Sardinia,159.06,15
2026-07-07T04:30:00Z,IT-Sicily,159.06,15
2026-07-07T04:30:00Z,IT-South,159.06,15
2026-07-07T04:30:00Z,LT,113.67,15
2026-07-07T04:30:00Z,LV,113.67,15
2026-07-07T04:30:00Z,NL,122.71,15
2026-07-07T04:30:00Z,NO1,100.73,15
2026-07-07T04:30:00Z,NO2,108.97,15
2026-07-07T04:30:00Z,NO3,66.60,15
2026-07-07T04:30:00Z,NO4,22.47,15
2026-07-07T04:30:00Z,NO5,91.87,15
2026-07-07T04:30:00Z,PL,132.39,15
2026-07-07T04:30:00Z,PT,141.50,15
2026-07-07T04:30:00Z,RO,147.57,15
2026-07-07T04:30:00Z,RS,112.70,15
2026-07-07T04:30:00Z,SE1,20.40,15
2026-07-07T04:30:00Z,SE2,16.99,15
2026-07-07T04:30:00Z,SE3,67.22,15
2026-07-07T04:30:00Z,SE4,112.98,15
2026-07-07T04:30:00Z,SI,159.06,15
2026-07-07T04:30:00Z,SK,142.51,15
2026-07-07T04:45:00Z,AT,131.44,15
2026-07-07T04:45:00Z,BE,128.33,15
2026-07-07T04:45:00Z,CZ,127.11,15
2026-07-07T04:45:00Z,DE-LU,117.11,15
2026-07-07T04:45:00Z,DK1,103.53,15
2026-07-07T04:45:00Z,DK2,112.13,15
2026-07-07T04:45:00Z,EE,25.62,15
2026-07-07T04:45:00Z,ES,142.48,15
2026-07-07T04:45:00Z,FI,25.62,15
2026-07-07T04:45:00Z,FR,110.00,15
2026-07-07T04:45:00Z,GR,132.00,15
2026-07-07T04:45:00Z,HR,134.51,15
2026-07-07T04:45:00Z,HU,131.44,15
2026-07-07T04:45:00Z,IT-CNorth,167.70,15
2026-07-07T04:45:00Z,IT-CSouth,167.70,15
2026-07-07T04:45:00Z,IT-North,167.70,15
2026-07-07T04:45:00Z,IT-Sardinia,167.70,15
2026-07-07T04:45:00Z,IT-Sicily,167.70,15
2026-07-07T04:45:00Z,IT-South,167.70,15
2026-07-07T04:45:00Z,LT,113.02,15
2026-07-07T04:45:00Z,LV,113.02,15
2026-07-07T04:45:00Z,NL,121.28,15
2026-07-07T04:45:00Z,NO1,100.88,15
2026-07-07T04:45:00Z,NO2,108.36,15
2026-07-07T04:45:00Z,NO3,67.13,15
2026-07-07T04:45:00Z,NO4,23.91,15
2026-07-07T04:45:00Z,NO5,93.10,15
2026-07-07T04:45:00Z,PL,124.71,15
2026-07-07T04:45:00Z,PT,142.48,15
2026-07-07T04:45:00Z,RO,131.84,15
2026-07-07T04:45:00Z,RS,112.70,15
2026-07-07T04:45:00Z,SE1,25.42,15
2026-07-07T04:45:00Z,SE2,22.37,15
2026-07-07T04:45:00Z,SE3,69.58,15
2026-07-07T04:45:00Z,SE4,112.38,15
2026-07-07T04:45:00Z,SI,136.41,15
2026-07-07T04:45:00Z,SK,129.68,15
2026-07-07T05:00:00Z,AT,153.70,15
2026-07-07T05:00:00Z,BE,135.00,15
2026-07-07T05:00:00Z,CH,121.23,60
2026-07-07T05:00:00Z,CZ,141.66,15
2026-07-07T05:00:00Z,DE-LU,124.01,15
2026-07-07T05:00:00Z,DK1,111.01,15
2026-07-07T05:00:00Z,DK2,113.05,15
2026-07-07T05:00:00Z,EE,20.62,15
2026-07-07T05:00:00Z,ES,144.61,15
2026-07-07T05:00:00Z,FI,20.62,15
2026-07-07T05:00:00Z,FR,122.02,15
2026-07-07T05:00:00Z,GR,150.04,15
2026-07-07T05:00:00Z,HR,152.02,15
2026-07-07T05:00:00Z,HU,149.99,15
2026-07-07T05:00:00Z,IT-CNorth,153.70,15
2026-07-07T05:00:00Z,IT-CSouth,153.70,15
2026-07-07T05:00:00Z,IT-North,153.70,15
2026-07-07T05:00:00Z,IT-Sardinia,153.70,15
2026-07-07T05:00:00Z,IT-Sicily,153.70,15
2026-07-07T05:00:00Z,IT-South,153.70,15
2026-07-07T05:00:00Z,LT,114.00,15
2026-07-07T05:00:00Z,LV,114.00,15
2026-07-07T05:00:00Z,NL,130.03,15
2026-07-07T05:00:00Z,NO1,101.18,15
2026-07-07T05:00:00Z,NO2,107.91,15
2026-07-07T05:00:00Z,NO3,65.13,15
2026-07-07T05:00:00Z,NO4,17.86,15
2026-07-07T05:00:00Z,NO5,94.43,15
2026-07-07T05:00:00Z,PL,138.41,15
2026-07-07T05:00:00Z,PT,144.61,15
2026-07-07T05:00:00Z,RO,149.86,15
2026-07-07T05:00:00Z,RS,108.15,15
2026-07-07T05:00:00Z,SE1,20.41,15
2026-07-07T05:00:00Z,SE2,17.19,15
2026-07-07T05:00:00Z,SE3,66.51,15
2026-07-07T05:00:00Z,SE4,113.30,15
2026-07-07T05:00:00Z,SI,153.70,15
2026-07-07T05:00:00Z,SK,147.15,15
2026-07-07T05:15:00Z,AT,135.91,15
2026-07-07T05:15:00Z,BE,129.56,15
2026-07-07T05:15:00Z,CZ,129.02,15
2026-07-07T05:15:00Z,DE-LU,121.00,15
2026-07-07T05:15:00Z,DK1,110.87,15
2026-07-07T05:15:00Z,DK2,114.20,15
2026-07-07T05:15:00Z,EE,22.33,15
2026-07-07T05:15:00Z,ES,144.61,15
2026-07-07T05:15:00Z,FI,22.33,15
2026-07-07T05:15:00Z,FR,117.49,15
2026-07-07T05:15:00Z,GR,132.11,15
2026-07-07T05:15:00Z,HR,132.03,15
2026-07-07T05:15:00Z,HU,132.46,15
2026-07-07T05:15:00Z,IT-CNorth,150.00,15
2026-07-07T05:15:00Z,IT-CSouth,150.00,15
2026-07-07T05:15:00Z,IT-North,150.00,15
2026-07-07T05:15:00Z,IT-Sardinia,150.00,15
2026-07-07T05:15:00Z,IT-Sicily,150.00,15
2026-07-07T05:15:00Z,IT-South,150.00,15
2026-07-07T05:15:00Z,LT,114.89,15
2026-07-07T05:15:00Z,LV,114.89,15
2026-07-07T05:15:00Z,NL,125.36,15
2026-07-07T05:15:00Z,NO1,102.17,15
2026-07-07T05:15:00Z,NO2,108.99,15
2026-07-07T05:15:00Z,NO3,67.90,15
2026-07-07T05:15:00Z,NO4,22.53,15
2026-07-07T05:15:00Z,NO5,95.10,15
2026-07-07T05:15:00Z,PL,127.46,15
2026-07-07T05:15:00Z,PT,144.61,15
2026-07-07T05:15:00Z,RO,132.10,15
2026-07-07T05:15:00Z,RS,108.15,15
2026-07-07T05:15:00Z,SE1,22.13,15
2026-07-07T05:15:00Z,SE2,18.78,15
2026-07-07T05:15:00Z,SE3,67.64,15
2026-07-07T05:15:00Z,SE4,114.18,15
2026-07-07T05:15:00Z,SI,132.19,15
2026-07-07T05:15:00Z,SK,131.37,15
2026-07-07T05:30:00Z,AT,119.77,15
2026-07-07T05:30:00Z,BE,118.72,15
2026-07-07T05:30:00Z,CZ,118.96,15
2026-07-07T05:30:00Z,DE-LU,117.95,15
2026-07-07T05:30:00Z,DK1,111.58,15
2026-07-07T05:30:00Z,DK2,116.21,15
2026-07-07T05:30:00Z,EE,24.68,15
2026-07-07T05:30:00Z,ES,142.48,15
2026-07-07T05:30:00Z,FI,24.67,15
2026-07-07T05:30:00Z,FR,117.95,15
2026-07-07T05:30:00Z,GR,119.32,15
2026-07-07T05:30:00Z,HR,119.33,15
2026-07-07T05:30:00Z,HU,119.36,15
2026-07-07T05:30:00Z,IT-CNorth,153.93,15
2026-07-07T05:30:00Z,IT-CSouth,153.93,15
2026-07-07T05:30:00Z,IT-North,153.93,15
2026-07-07T05:30:00Z,IT-Sardinia,153.93,15
2026-07-07T05:30:00Z,IT-Sicily,153.93,15
2026-07-07T05:30:00Z,IT-South,153.93,15
2026-07-07T05:30:00Z,LT,115.62,15
2026-07-07T05:30:00Z,LV,115.62,15
2026-07-07T05:30:00Z,NL,118.47,15
2026-07-07T05:30:00Z,NO1,102.95,15
2026-07-07T05:30:00Z,NO2,110.99,15
2026-07-07T05:30:00Z,NO3,67.88,15
2026-07-07T05:30:00Z,NO4,23.20,15
2026-07-07T05:30:00Z,NO5,94.41,15
2026-07-07T05:30:00Z,PL,118.76,15
2026-07-07T05:30:00Z,PT,142.48,15
2026-07-07T05:30:00Z,RO,119.32,15
2026-07-07T05:30:00Z,RS,108.15,15
2026-07-07T05:30:00Z,SE1,24.48,15
2026-07-07T05:30:00Z,SE2,21.32,15
2026-07-07T05:30:00Z,SE3,69.32,15
2026-07-07T05:30:00Z,SE4,114.94,15
2026-07-07T05:30:00Z,SI,119.35,15
2026-07-07T05:30:00Z,SK,119.23,15
2026-07-07T05:45:00Z,AT,110.93,15
2026-07-07T05:45:00Z,BE,125.05,15
2026-07-07T05:45:00Z,CZ,110.92,15
2026-07-07T05:45:00Z,DE-LU,111.61,15
2026-07-07T05:45:00Z,DK1,107.70,15
2026-07-07T05:45:00Z,DK2,112.30,15
2026-07-07T05:45:00Z,EE,28.41,15
2026-07-07T05:45:00Z,ES,136.61,15
2026-07-07T05:45:00Z,FI,28.41,15
2026-07-07T05:45:00Z,FR,99.88,15
2026-07-07T05:45:00Z,GR,110.80,15
2026-07-07T05:45:00Z,HR,110.37,15
2026-07-07T05:45:00Z,HU,110.98,15
2026-07-07T05:45:00Z,IT-CNorth,154.24,15
2026-07-07T05:45:00Z,IT-CSouth,154.24,15
2026-07-07T05:45:00Z,IT-North,154.24,15
2026-07-07T05:45:00Z,IT-Sardinia,154.24,15
2026-07-07T05:45:00Z,IT-Sicily,154.24,15
2026-07-07T05:45:00Z,IT-South,154.24,15
2026-07-07T05:45:00Z,LT,111.03,15
2026-07-07T05:45:00Z,LV,111.03,15
2026-07-07T05:45:00Z,NL,116.66,15
2026-07-07T05:45:00Z,NO1,101.26,15
2026-07-07T05:45:00Z,NO2,109.25,15
2026-07-07T05:45:00Z,NO3,67.03,15
2026-07-07T05:45:00Z,NO4,24.40,15
2026-07-07T05:45:00Z,NO5,92.84,15
2026-07-07T05:45:00Z,PL,111.02,15
2026-07-07T05:45:00Z,PT,136.61,15
2026-07-07T05:45:00Z,RO,110.84,15
2026-07-07T05:45:00Z,RS,108.15,15
2026-07-07T05:45:00Z,SE1,28.23,15
2026-07-07T05:45:00Z,SE2,25.44,15
2026-07-07T05:45:00Z,SE3,70.17,15
2026-07-07T05:45:00Z,SE4,112.52,15
2026-07-07T05:45:00Z,SI,110.27,15
2026-07-07T05:45:00Z,SK,111.07,15
2026-07-07T06:00:00Z,AT,129.99,15
2026-07-07T06:00:00Z,BE,129.03,15
2026-07-07T06:00:00Z,CH,110.11,60
2026-07-07T06:00:00Z,CZ,129.44,15
2026-07-07T06:00:00Z,DE-LU,128.69,15
2026-07-07T06:00:00Z,DK1,99.29,15
2026-07-07T06:00:00Z,DK2,124.13,15
2026-07-07T06:00:00Z,EE,22.29,15
2026-07-07T06:00:00Z,ES,141.11,15
2026-07-07T06:00:00Z,FI,22.30,15
2026-07-07T06:00:00Z,FR,129.05,15
2026-07-07T06:00:00Z,GR,114.23,15
2026-07-07T06:00:00Z,HR,129.71,15
2026-07-07T06:00:00Z,HU,129.71,15
2026-07-07T06:00:00Z,IT-CNorth,139.12,15
2026-07-07T06:00:00Z,IT-CSouth,139.12,15
2026-07-07T06:00:00Z,IT-North,139.12,15
2026-07-07T06:00:00Z,IT-Sardinia,139.12,15
2026-07-07T06:00:00Z,IT-Sicily,139.12,15
2026-07-07T06:00:00Z,IT-South,139.12,15
2026-07-07T06:00:00Z,LT,118.73,15
2026-07-07T06:00:00Z,LV,118.73,15
2026-07-07T06:00:00Z,NL,129.07,15
2026-07-07T06:00:00Z,NO1,103.33,15
2026-07-07T06:00:00Z,NO2,113.11,15
2026-07-07T06:00:00Z,NO3,70.90,15
2026-07-07T06:00:00Z,NO4,29.44,15
2026-07-07T06:00:00Z,NO5,91.91,15
2026-07-07T06:00:00Z,PL,129.30,15
2026-07-07T06:00:00Z,PT,141.11,15
2026-07-07T06:00:00Z,RO,129.69,15
2026-07-07T06:00:00Z,RS,70.04,15
2026-07-07T06:00:00Z,SE1,22.13,15
2026-07-07T06:00:00Z,SE2,18.37,15
2026-07-07T06:00:00Z,SE3,68.80,15
2026-07-07T06:00:00Z,SE4,115.89,15
2026-07-07T06:00:00Z,SI,129.73,15
2026-07-07T06:00:00Z,SK,129.62,15
2026-07-07T06:15:00Z,AT,114.39,15
2026-07-07T06:15:00Z,BE,114.43,15
2026-07-07T06:15:00Z,CZ,114.37,15
2026-07-07T06:15:00Z,DE-LU,114.30,15
2026-07-07T06:15:00Z,DK1,102.16,15
2026-07-07T06:15:00Z,DK2,113.54,15
2026-07-07T06:15:00Z,EE,23.32,15
2026-07-07T06:15:00Z,ES,134.61,15
2026-07-07T06:15:00Z,FI,23.32,15
2026-07-07T06:15:00Z,FR,114.41,15
2026-07-07T06:15:00Z,GR,97.32,15
2026-07-07T06:15:00Z,HR,114.38,15
2026-07-07T06:15:00Z,HU,114.38,15
2026-07-07T06:15:00Z,IT-CNorth,135.95,15
2026-07-07T06:15:00Z,IT-CSouth,135.95,15
2026-07-07T06:15:00Z,IT-North,135.95,15
2026-07-07T06:15:00Z,IT-Sardinia,135.95,15
2026-07-07T06:15:00Z,IT-Sicily,135.95,15
2026-07-07T06:15:00Z,IT-South,135.95,15
2026-07-07T06:15:00Z,LT,114.14,15
2026-07-07T06:15:00Z,LV,114.14,15
2026-07-07T06:15:00Z,NL,114.45,15
2026-07-07T06:15:00Z,NO1,101.48,15
2026-07-07T06:15:00Z,NO2,109.83,15
2026-07-07T06:15:00Z,NO3,70.33,15
2026-07-07T06:15:00Z,NO4,29.53,15
2026-07-07T06:15:00Z,NO5,91.91,15
2026-07-07T06:15:00Z,PL,114.36,15
2026-07-07T06:15:00Z,PT,134.61,15
2026-07-07T06:15:00Z,RO,114.38,15
2026-07-07T06:15:00Z,RS,70.04,15
2026-07-07T06:15:00Z,SE1,23.16,15
2026-07-07T06:15:00Z,SE2,19.54,15
2026-07-07T06:15:00Z,SE3,68.12,15
2026-07-07T06:15:00Z,SE4,113.44,15
2026-07-07T06:15:00Z,SI,114.38,15
2026-07-07T06:15:00Z,SK,114.37,15
2026-07-07T06:30:00Z,AT,111.12,15
2026-07-07T06:30:00Z,BE,120.00,15
2026-07-07T06:30:00Z,CZ,111.91,15
2026-07-07T06:30:00Z,DE-LU,112.34,15
2026-07-07T06:30:00Z,DK1,98.57,15
2026-07-07T06:30:00Z,DK2,110.86,15
2026-07-07T06:30:00Z,EE,24.82,15
2026-07-07T06:30:00Z,ES,126.11,15
2026-07-07T06:30:00Z,FI,24.82,15
2026-07-07T06:30:00Z,FR,105.31,15
2026-07-07T06:30:00Z,GR,104.50,15
2026-07-07T06:30:00Z,HR,107.64,15
2026-07-07T06:30:00Z,HU,111.43,15
2026-07-07T06:30:00Z,IT-CNorth,146.00,15
2026-07-07T06:30:00Z,IT-CSouth,146.00,15
2026-07-07T06:30:00Z,IT-North,146.00,15
2026-07-07T06:30:00Z,IT-Sardinia,146.00,15
2026-07-07T06:30:00Z,IT-Sicily,146.00,15
2026-07-07T06:30:00Z,IT-South,146.00,15
2026-07-07T06:30:00Z,LT,111.76,15
2026-07-07T06:30:00Z,LV,111.76,15
2026-07-07T06:30:00Z,NL,115.22,15
2026-07-07T06:30:00Z,NO1,99.72,15
2026-07-07T06:30:00Z,NO2,107.13,15
2026-07-07T06:30:00Z,NO3,69.51,15
2026-07-07T06:30:00Z,NO4,29.60,15
2026-07-07T06:30:00Z,NO5,91.37,15
2026-07-07T06:30:00Z,PL,111.80,15
2026-07-07T06:30:00Z,PT,126.11,15
2026-07-07T06:30:00Z,RO,104.58,15
2026-07-07T06:30:00Z,RS,70.04,15
2026-07-07T06:30:00Z,SE1,24.66,15
2026-07-07T06:30:00Z,SE2,21.23,15
2026-07-07T06:30:00Z,SE3,67.76,15
2026-07-07T06:30:00Z,SE4,111.10,15
2026-07-07T06:30:00Z,SI,109.98,15
2026-07-07T06:30:00Z,SK,112.00,15
2026-07-07T06:45:00Z,AT,97.30,15
2026-07-07T06:45:00Z,BE,127.34,15
2026-07-07T06:45:00Z,CZ,103.11,15
2026-07-07T06:45:00Z,DE-LU,104.23,15
2026-07-07T06:45:00Z,DK1,95.21,15
2026-07-07T06:45:00Z,DK2,106.92,15
2026-07-07T06:45:00Z,EE,27.64,15
2026-07-07T06:45:00Z,ES,112.31,15
2026-07-07T06:45:00Z,FI,27.64,15
2026-07-07T06:45:00Z,FR,81.96,15
2026-07-07T06:45:00Z,GR,48.50,15
2026-07-07T06:45:00Z,HR,72.87,15
2026-07-07T06:45:00Z,HU,99.41,15
2026-07-07T06:45:00Z,IT-CNorth,135.49,15
2026-07-07T06:45:00Z,IT-CSouth,135.49,15
2026-07-07T06:45:00Z,IT-North,135.49,15
2026-07-07T06:45:00Z,IT-Sardinia,135.49,15
2026-07-07T06:45:00Z,IT-Sicily,135.49,15
2026-07-07T06:45:00Z,IT-South,135.49,15
2026-07-07T06:45:00Z,LT,101.67,15
2026-07-07T06:45:00Z,LV,101.67,15
2026-07-07T06:45:00Z,NL,112.87,15
2026-07-07T06:45:00Z,NO1,96.81,15
2026-07-07T06:45:00Z,NO2,102.36,15
2026-07-07T06:45:00Z,NO3,68.24,15
2026-07-07T06:45:00Z,NO4,29.68,15
2026-07-07T06:45:00Z,NO5,90.90,15
2026-07-07T06:45:00Z,PL,101.98,15
2026-07-07T06:45:00Z,PT,112.31,15
2026-07-07T06:45:00Z,RO,49.02,15
2026-07-07T06:45:00Z,RS,70.04,15
2026-07-07T06:45:00Z,SE1,27.49,15
2026-07-07T06:45:00Z,SE2,24.41,15
2026-07-07T06:45:00Z,SE3,67.32,15
2026-07-07T06:45:00Z,SE4,107.14,15
2026-07-07T06:45:00Z,SI,90.45,15
2026-07-07T06:45:00Z,SK,103.43,15
2026-07-07T07:00:00Z,AT,121.74,15
2026-07-07T07:00:00Z,BE,121.89,15
2026-07-07T07:00:00Z,CH,87.81,60
2026-07-07T07:00:00Z,CZ,122.92,15
2026-07-07T07:00:00Z,DE-LU,121.97,15
2026-07-07T07:00:00Z,DK1,121.99,15
2026-07-07T07:00:00Z,DK2,118.61,15
2026-07-07T07:00:00Z,EE,24.54,15
2026-07-07T07:00:00Z,ES,122.49,15
2026-07-07T07:00:00Z,FI,24.54,15
2026-07-07T07:00:00Z,FR,121.65,15
2026-07-07T07:00:00Z,GR,104.50,15
2026-07-07T07:00:00Z,HR,113.40,15
2026-07-07T07:00:00Z,HU,121.98,15
2026-07-07T07:00:00Z,IT-CNorth,144.22,15
2026-07-07T07:00:00Z,IT-CSouth,144.22,15
2026-07-07T07:00:00Z,IT-North,144.22,15
2026-07-07T07:00:00Z,IT-Sardinia,144.22,15
2026-07-07T07:00:00Z,IT-Sicily,144.22,15
2026-07-07T07:00:00Z,IT-South,144.22,15
2026-07-07T07:00:00Z,LT,122.16,15
2026-07-07T07:00:00Z,LV,122.16,15
2026-07-07T07:00:00Z,NL,121.94,15
2026-07-07T07:00:00Z,NO1,103.17,15
2026-07-07T07:00:00Z,NO2,112.66,15
2026-07-07T07:00:00Z,NO3,70.38,15
2026-07-07T07:00:00Z,NO4,29.15,15
2026-07-07T07:00:00Z,NO5,91.48,15
2026-07-07T07:00:00Z,PL,122.28,15
2026-07-07T07:00:00Z,PT,122.49,15
2026-07-07T07:00:00Z,RO,104.48,15
2026-07-07T07:00:00Z,RS,35.51,15
2026-07-07T07:00:00Z,SE1,24.42,15
2026-07-07T07:00:00Z,SE2,20.81,15
2026-07-07T07:00:00Z,SE3,70.06,15
2026-07-07T07:00:00Z,SE4,115.39,15
2026-07-07T07:00:00Z,SI,119.48,15
2026-07-07T07:00:00Z,SK,123.15,15
2026-07-07T07:15:00Z,AT,107.90,15
2026-07-07T07:15:00Z,BE,119.08,15
2026-07-07T07:15:00Z,CZ,112.32,15
2026-07-07T07:15:00Z,DE-LU,106.62,15
2026-07-07T07:15:00Z,DK1,107.71,15
2026-07-07T07:15:00Z,DK2,106.52,15
2026-07-07T07:15:00Z,EE,24.19,15
2026-07-07T07:15:00Z,ES,94.00,15
2026-07-07T07:15:00Z,FI,24.19,15
2026-07-07T07:15:00Z,FR,94.00,15
2026-07-07T07:15:00Z,GR,21.44,15
2026-07-07T07:15:00Z,HR,65.23,15
2026-07-07T07:15:00Z,HU,108.41,15
2026-07-07T07:15:00Z,IT-CNorth,140.00,15
2026-07-07T07:15:00Z,IT-CSouth,140.00,15
2026-07-07T07:15:00Z,IT-North,140.00,15
2026-07-07T07:15:00Z,IT-Sardinia,140.00,15
2026-07-07T07:15:00Z,IT-Sicily,140.00,15
2026-07-07T07:15:00Z,IT-South,140.00,15
2026-07-07T07:15:00Z,LT,108.29,15
2026-07-07T07:15:00Z,LV,108.29,15
2026-07-07T07:15:00Z,NL,111.22,15
2026-07-07T07:15:00Z,NO1,96.18,15
2026-07-07T07:15:00Z,NO2,101.05,15
2026-07-07T07:15:00Z,NO3,68.29,15
2026-07-07T07:15:00Z,NO4,29.21,15
2026-07-07T07:15:00Z,NO5,90.67,15
2026-07-07T07:15:00Z,PL,108.89,15
2026-07-07T07:15:00Z,PT,105.62,15
2026-07-07T07:15:00Z,RO,21.36,15
2026-07-07T07:15:00Z,RS,35.51,15
2026-07-07T07:15:00Z,SE1,24.07,15
2026-07-07T07:15:00Z,SE2,20.62,15
2026-07-07T07:15:00Z,SE3,65.44,15
2026-07-07T07:15:00Z,SE4,106.76,15
2026-07-07T07:15:00Z,SI,95.37,15
2026-07-07T07:15:00Z,SK,114.08,15
2026-07-07T07:30:00Z,AT,88.56,15
2026-07-07T07:30:00Z,BE,150.73,15
2026-07-07T07:30:00Z,CZ,92.47,15
2026-07-07T07:30:00Z,DE-LU,89.96,15
2026-07-07T07:30:00Z,DK1,94.30,15
2026-07-07T07:30:00Z,DK2,96.03,15
2026-07-07T07:30:00Z,EE,24.66,15
2026-07-07T07:30:00Z,ES,79.94,15
2026-07-07T07:30:00Z,FI,24.66,15
2026-07-07T07:30:00Z,FR,35.20,15
2026-07-07T07:30:00Z,GR,11.09,15
2026-07-07T07:30:00Z,HR,48.46,15
2026-07-07T07:30:00Z,HU,89.20,15
2026-07-07T07:30:00Z,IT-CNorth,120.00,15
2026-07-07T07:30:00Z,IT-CSouth,120.00,15
2026-07-07T07:30:00Z,IT-North,120.00,15
2026-07-07T07:30:00Z,IT-Sardinia,120.00,15
2026-07-07T07:30:00Z,IT-Sicily,120.00,15
2026-07-07T07:30:00Z,IT-South,120.00,15
2026-07-07T07:30:00Z,LT,95.82,15
2026-07-07T07:30:00Z,LV,95.82,15
2026-07-07T07:30:00Z,NL,112.93,15
2026-07-07T07:30:00Z,NO1,88.75,15
2026-07-07T07:30:00Z,NO2,90.05,15
2026-07-07T07:30:00Z,NO3,69.32,15
2026-07-07T07:30:00Z,NO4,29.15,15
2026-07-07T07:30:00Z,NO5,87.79,15
2026-07-07T07:30:00Z,PL,99.75,15
2026-07-07T07:30:00Z,PT,103.23,15
2026-07-07T07:30:00Z,RO,11.13,15
2026-07-07T07:30:00Z,RS,35.51,15
2026-07-07T07:30:00Z,SE1,24.58,15
2026-07-07T07:30:00Z,SE2,21.92,15
2026-07-07T07:30:00Z,SE3,60.56,15
2026-07-07T07:30:00Z,SE4,96.21,15
2026-07-07T07:30:00Z,SI,74.95,15
2026-07-07T07:30:00Z,SK,94.58,15
2026-07-07T07:45:00Z,AT,51.50,15
2026-07-07T07:45:00Z,BE,107.93,15
2026-07-07T07:45:00Z,CZ,56.75,15
2026-07-07T07:45:00Z,DE-LU,60.04,15
2026-07-07T07:45:00Z,DK1,63.27,15
2026-07-07T07:45:00Z,DK2,62.89,15
2026-07-07T07:45:00Z,EE,25.37,15
2026-07-07T07:45:00Z,ES,75.30,15
2026-07-07T07:45:00Z,FI,25.37,15
2026-07-07T07:45:00Z,FR,16.45,15
2026-07-07T07:45:00Z,GR,12.78,15
2026-07-07T07:45:00Z,HR,31.65,15
2026-07-07T07:45:00Z,HU,53.53,15
2026-07-07T07:45:00Z,IT-CNorth,118.51,15
2026-07-07T07:45:00Z,IT-CSouth,118.51,15
2026-07-07T07:45:00Z,IT-North,118.51,15
2026-07-07T07:45:00Z,IT-Sardinia,118.51,15
2026-07-07T07:45:00Z,IT-Sicily,118.51,15
2026-07-07T07:45:00Z,IT-South,118.51,15
2026-07-07T07:45:00Z,LT,81.25,15
2026-07-07T07:45:00Z,LV,81.25,15
2026-07-07T07:45:00Z,NL,78.15,15
2026-07-07T07:45:00Z,NO1,81.23,15
2026-07-07T07:45:00Z,NO2,81.24,15
2026-07-07T07:45:00Z,NO3,79.99,15
2026-07-07T07:45:00Z,NO4,25.28,15
2026-07-07T07:45:00Z,NO5,81.23,15
2026-07-07T07:45:00Z,PL,109.05,15
2026-07-07T07:45:00Z,PT,89.00,15
2026-07-07T07:45:00Z,RO,12.84,15
2026-07-07T07:45:00Z,RS,35.51,15
2026-07-07T07:45:00Z,SE1,25.37,15
2026-07-07T07:45:00Z,SE2,25.37,15
2026-07-07T07:45:00Z,SE3,54.51,15
2026-07-07T07:45:00Z,SE4,81.24,15
2026-07-07T07:45:00Z,SI,45.22,15
2026-07-07T07:45:00Z,SK,56.99,15
2026-07-07T08:00:00Z,AT,75.32,15
2026-07-07T08:00:00Z,BE,135.92,15
2026-07-07T08:00:00Z,CH,45.11,60
2026-07-07T08:00:00Z,CZ,79.40,15
2026-07-07T08:00:00Z,DE-LU,82.67,15
2026-07-07T08:00:00Z,DK1,86.37,15
2026-07-07T08:00:00Z,DK2,84.82,15
2026-07-07T08:00:00Z,EE,24.08,15
2026-07-07T08:00:00Z,ES,76.10,15
2026-07-07T08:00:00Z,FI,24.08,15
2026-07-07T08:00:00Z,FR,34.93,15
2026-07-07T08:00:00Z,GR,44.88,15
2026-07-07T08:00:00Z,HR,58.61,15
2026-07-07T08:00:00Z,HU,77.02,15
2026-07-07T08:00:00Z,IT-CNorth,130.95,15
2026-07-07T08:00:00Z,IT-CSouth,130.95,15
2026-07-07T08:00:00Z,IT-North,130.95,15
2026-07-07T08:00:00Z,IT-Sardinia,130.95,15
2026-07-07T08:00:00Z,IT-Sicily,130.95,15
2026-07-07T08:00:00Z,IT-South,130.95,15
2026-07-07T08:00:00Z,LT,85.11,15
2026-07-07T08:00:00Z,LV,85.11,15
2026-07-07T08:00:00Z,NL,102.81,15
2026-07-07T08:00:00Z,NO1,81.71,15
2026-07-07T08:00:00Z,NO2,82.23,15
2026-07-07T08:00:00Z,NO3,73.50,15
2026-07-07T08:00:00Z,NO4,27.42,15
2026-07-07T08:00:00Z,NO5,81.24,15
2026-07-07T08:00:00Z,PL,101.72,15
2026-07-07T08:00:00Z,PT,105.66,15
2026-07-07T08:00:00Z,RO,44.93,15
2026-07-07T08:00:00Z,RS,66.02,15
2026-07-07T08:00:00Z,SE1,24.06,15
2026-07-07T08:00:00Z,SE2,22.83,15
2026-07-07T08:00:00Z,SE3,55.22,15
2026-07-07T08:00:00Z,SE4,84.89,15
2026-07-07T08:00:00Z,SI,69.63,15
2026-07-07T08:00:00Z,SK,79.58,15
2026-07-07T08:15:00Z,AT,47.67,15
2026-07-07T08:15:00Z,BE,104.53,15
2026-07-07T08:15:00Z,CZ,49.97,15
2026-07-07T08:15:00Z,DE-LU,54.52,15
2026-07-07T08:15:00Z,DK1,57.93,15
2026-07-07T08:15:00Z,DK2,57.39,15
2026-07-07T08:15:00Z,EE,24.75,15
2026-07-07T08:15:00Z,ES,75.10,15
2026-07-07T08:15:00Z,FI,24.75,15
2026-07-07T08:15:00Z,FR,10.24,15
2026-07-07T08:15:00Z,GR,43.51,15
2026-07-07T08:15:00Z,HR,44.24,15
2026-07-07T08:15:00Z,HU,48.95,15
2026-07-07T08:15:00Z,IT-CNorth,131.16,15
2026-07-07T08:15:00Z,IT-CSouth,131.16,15
2026-07-07T08:15:00Z,IT-North,131.16,15
2026-07-07T08:15:00Z,IT-Sardinia,131.16,15
2026-07-07T08:15:00Z,IT-Sicily,131.16,15
2026-07-07T08:15:00Z,IT-South,131.16,15
2026-07-07T08:15:00Z,LT,69.26,15
2026-07-07T08:15:00Z,LV,69.26,15
2026-07-07T08:15:00Z,NL,73.47,15
2026-07-07T08:15:00Z,NO1,70.15,15
2026-07-07T08:15:00Z,NO2,70.03,15
2026-07-07T08:15:00Z,NO3,70.59,15
2026-07-07T08:15:00Z,NO4,23.01,15
2026-07-07T08:15:00Z,NO5,70.29,15
2026-07-07T08:15:00Z,PL,100.36,15
2026-07-07T08:15:00Z,PT,102.91,15
2026-07-07T08:15:00Z,RO,43.61,15
2026-07-07T08:15:00Z,RS,66.02,15
2026-07-07T08:15:00Z,SE1,24.75,15
2026-07-07T08:15:00Z,SE2,25.10,15
2026-07-07T08:15:00Z,SE3,48.29,15
2026-07-07T08:15:00Z,SE4,69.31,15
2026-07-07T08:15:00Z,SI,45.58,15
2026-07-07T08:15:00Z,SK,49.91,15
2026-07-07T08:30:00Z,AT,43.77,15
2026-07-07T08:30:00Z,BE,70.96,15
2026-07-07T08:30:00Z,CZ,37.47,15
2026-07-07T08:30:00Z,DE-LU,32.22,15
2026-07-07T08:30:00Z,DK1,35.17,15
2026-07-07T08:30:00Z,DK2,35.47,15
2026-07-07T08:30:00Z,EE,24.05,15
2026-07-07T08:30:00Z,ES,74.15,15
2026-07-07T08:30:00Z,FI,24.05,15
2026-07-07T08:30:00Z,FR,0.00,15
2026-07-07T08:30:00Z,GR,40.00,15
2026-07-07T08:30:00Z,HR,38.81,15
2026-07-07T08:30:00Z,HU,40.76,15
2026-07-07T08:30:00Z,IT-CNorth,128.15,15
2026-07-07T08:30:00Z,IT-CSouth,128.15,15
2026-07-07T08:30:00Z,IT-North,128.15,15
2026-07-07T08:30:00Z,IT-Sardinia,128.15,15
2026-07-07T08:30:00Z,IT-Sicily,128.15,15
2026-07-07T08:30:00Z,IT-South,128.15,15
2026-07-07T08:30:00Z,LT,62.90,15
2026-07-07T08:30:00Z,LV,62.90,15
2026-07-07T08:30:00Z,NL,46.97,15
2026-07-07T08:30:00Z,NO1,62.95,15
2026-07-07T08:30:00Z,NO2,62.95,15
2026-07-07T08:30:00Z,NO3,62.19,15
2026-07-07T08:30:00Z,NO4,23.84,15
2026-07-07T08:30:00Z,NO5,62.96,15
2026-07-07T08:30:00Z,PL,97.42,15
2026-07-07T08:30:00Z,PT,100.00,15
2026-07-07T08:30:00Z,RO,40.07,15
2026-07-07T08:30:00Z,RS,66.02,15
2026-07-07T08:30:00Z,SE1,24.02,15
2026-07-07T08:30:00Z,SE2,24.05,15
2026-07-07T08:30:00Z,SE3,44.38,15
2026-07-07T08:30:00Z,SE4,62.90,15
2026-07-07T08:30:00Z,SI,38.77,15
2026-07-07T08:30:00Z,SK,39.89,15
2026-07-07T08:45:00Z,AT,27.19,15
2026-07-07T08:45:00Z,BE,12.10,15
2026-07-07T08:45:00Z,CZ,16.27,15
2026-07-07T08:45:00Z,DE-LU,4.15,15
2026-07-07T08:45:00Z,DK1,5.14,15
2026-07-07T08:45:00Z,DK2,7.58,15
2026-07-07T08:45:00Z,EE,24.46,15
2026-07-07T08:45:00Z,ES,72.00,15
2026-07-07T08:45:00Z,FI,24.46,15
2026-07-07T08:45:00Z,FR,0.00,15
2026-07-07T08:45:00Z,GR,21.19,15
2026-07-07T08:45:00Z,HR,21.07,15
2026-07-07T08:45:00Z,HU,21.74,15
2026-07-07T08:45:00Z,IT-CNorth,120.86,15
2026-07-07T08:45:00Z,IT-CSouth,120.86,15
2026-07-07T08:45:00Z,IT-North,120.86,15
2026-07-07T08:45:00Z,IT-Sardinia,120.86,15
2026-07-07T08:45:00Z,IT-Sicily,120.86,15
2026-07-07T08:45:00Z,IT-South,120.86,15
2026-07-07T08:45:00Z,LT,58.86,15
2026-07-07T08:45:00Z,LV,58.86,15
2026-07-07T08:45:00Z,NL,7.25,15
2026-07-07T08:45:00Z,NO1,59.84,15
2026-07-07T08:45:00Z,NO2,59.71,15
2026-07-07T08:45:00Z,NO3,60.64,15
2026-07-07T08:45:00Z,NO4,22.15,15
2026-07-07T08:45:00Z,NO5,60.00,15
2026-07-07T08:45:00Z,PL,99.75,15
2026-07-07T08:45:00Z,PT,87.30,15
2026-07-07T08:45:00Z,RO,21.19,15
2026-07-07T08:45:00Z,RS,66.02,15
2026-07-07T08:45:00Z,SE1,24.01,15
2026-07-07T08:45:00Z,SE2,24.40,15
2026-07-07T08:45:00Z,SE3,42.53,15
2026-07-07T08:45:00Z,SE4,58.93,15
2026-07-07T08:45:00Z,SI,21.41,15
2026-07-07T08:45:00Z,SK,19.84,15
2026-07-07T09:00:00Z,AT,55.36,15
2026-07-07T09:00:00Z,BE,38.05,15
2026-07-07T09:00:00Z,CH,24.12,60
2026-07-07T09:00:00Z,CZ,37.26,15
2026-07-07T09:00:00Z,DE-LU,18.22,15
2026-07-07T09:00:00Z,DK1,20.74,15
2026-07-07T09:00:00Z,DK2,22.71,15
2026-07-07T09:00:00Z,EE,24.51,15
2026-07-07T09:00:00Z,ES,72.00,15
2026-07-07T09:00:00Z,FI,24.51,15
2026-07-07T09:00:00Z,FR,0.00,15
2026-07-07T09:00:00Z,GR,45.40,15
2026-07-07T09:00:00Z,HR,44.78,15
2026-07-07T09:00:00Z,HU,46.44,15
2026-07-07T09:00:00Z,IT-CNorth,142.27,15
2026-07-07T09:00:00Z,IT-CSouth,142.27,15
2026-07-07T09:00:00Z,IT-North,142.27,15
2026-07-07T09:00:00Z,IT-Sardinia,142.27,15
2026-07-07T09:00:00Z,IT-Sicily,142.27,15
2026-07-07T09:00:00Z,IT-South,142.27,15
2026-07-07T09:00:00Z,LT,61.01,15
2026-07-07T09:00:00Z,LV,61.01,15
2026-07-07T09:00:00Z,NL,28.18,15
2026-07-07T09:00:00Z,NO1,61.01,15
2026-07-07T09:00:00Z,NO2,61.01,15
2026-07-07T09:00:00Z,NO3,60.21,15
2026-07-07T09:00:00Z,NO4,24.43,15
2026-07-07T09:00:00Z,NO5,61.01,15
2026-07-07T09:00:00Z,PL,101.79,15
2026-07-07T09:00:00Z,PT,87.30,15
2026-07-07T09:00:00Z,RO,45.42,15
2026-07-07T09:00:00Z,RS,59.99,15
2026-07-07T09:00:00Z,SE1,24.51,15
2026-07-07T09:00:00Z,SE2,24.51,15
2026-07-07T09:00:00Z,SE3,43.66,15
2026-07-07T09:00:00Z,SE4,61.01,15
2026-07-07T09:00:00Z,SI,45.24,15
2026-07-07T09:00:00Z,SK,43.32,15
2026-07-07T09:15:00Z,AT,32.29,15
2026-07-07T09:15:00Z,BE,6.16,15
2026-07-07T09:15:00Z,CZ,17.65,15
2026-07-07T09:15:00Z,DE-LU,1.48,15
2026-07-07T09:15:00Z,DK1,2.48,15
2026-07-07T09:15:00Z,DK2,4.97,15
2026-07-07T09:15:00Z,EE,24.99,15
2026-07-07T09:15:00Z,ES,71.00,15
2026-07-07T09:15:00Z,FI,24.99,15
2026-07-07T09:15:00Z,FR,0.00,15
2026-07-07T09:15:00Z,GR,24.36,15
2026-07-07T09:15:00Z,HR,24.35,15
2026-07-07T09:15:00Z,HU,25.00,15
2026-07-07T09:15:00Z,IT-CNorth,131.83,15
2026-07-07T09:15:00Z,IT-CSouth,131.83,15
2026-07-07T09:15:00Z,IT-North,131.83,15
2026-07-07T09:15:00Z,IT-Sardinia,131.83,15
2026-07-07T09:15:00Z,IT-Sicily,131.83,15
2026-07-07T09:15:00Z,IT-South,131.83,15
2026-07-07T09:15:00Z,LT,49.71,15
2026-07-07T09:15:00Z,LV,49.71,15
2026-07-07T09:15:00Z,NL,3.82,15
2026-07-07T09:15:00Z,NO1,53.20,15
2026-07-07T09:15:00Z,NO2,52.74,15
2026-07-07T09:15:00Z,NO3,58.57,15
2026-07-07T09:15:00Z,NO4,24.30,15
2026-07-07T09:15:00Z,NO5,53.78,15
2026-07-07T09:15:00Z,PL,105.33,15
2026-07-07T09:15:00Z,PT,87.09,15
2026-07-07T09:15:00Z,RO,24.34,15
2026-07-07T09:15:00Z,RS,59.99,15
2026-07-07T09:15:00Z,SE1,23.77,15
2026-07-07T09:15:00Z,SE2,24.66,15
2026-07-07T09:15:00Z,SE3,38.19,15
2026-07-07T09:15:00Z,SE4,49.94,15
2026-07-07T09:15:00Z,SI,24.83,15
2026-07-07T09:15:00Z,SK,22.38,15
2026-07-07T09:30:00Z,AT,20.61,15
2026-07-07T09:30:00Z,BE,2.27,15
2026-07-07T09:30:00Z,CZ,10.85,15
2026-07-07T09:30:00Z,DE-LU,0.00,15
2026-07-07T09:30:00Z,DK1,1.34,15
2026-07-07T09:30:00Z,DK2,4.95,15
2026-07-07T09:30:00Z,EE,25.63,15
2026-07-07T09:30:00Z,ES,70.00,15
2026-07-07T09:30:00Z,FI,25.62,15
2026-07-07T09:30:00Z,FR,0.00,15
2026-07-07T09:30:00Z,GR,15.33,15
2026-07-07T09:30:00Z,HR,15.36,15
2026-07-07T09:30:00Z,HU,15.74,15
2026-07-07T09:30:00Z,IT-CNorth,130.00,15
2026-07-07T09:30:00Z,IT-CSouth,130.00,15
2026-07-07T09:30:00Z,IT-North,130.00,15
2026-07-07T09:30:00Z,IT-Sardinia,130.00,15
2026-07-07T09:30:00Z,IT-Sicily,130.00,15
2026-07-07T09:30:00Z,IT-South,130.00,15
2026-07-07T09:30:00Z,LT,50.23,15
2026-07-07T09:30:00Z,LV,50.23,15
2026-07-07T09:30:00Z,NL,1.13,15
2026-07-07T09:30:00Z,NO1,53.27,15
2026-07-07T09:30:00Z,NO2,52.87,15
2026-07-07T09:30:00Z,NO3,57.86,15
2026-07-07T09:30:00Z,NO4,24.48,15
2026-07-07T09:30:00Z,NO5,53.77,15
2026-07-07T09:30:00Z,PL,106.38,15
2026-07-07T09:30:00Z,PT,87.09,15
2026-07-07T09:30:00Z,RO,15.32,15
2026-07-07T09:30:00Z,RS,59.99,15
2026-07-07T09:30:00Z,SE1,24.53,15
2026-07-07T09:30:00Z,SE2,25.34,15
2026-07-07T09:30:00Z,SE3,38.73,15
2026-07-07T09:30:00Z,SE4,50.42,15
2026-07-07T09:30:00Z,SI,15.69,15
2026-07-07T09:30:00Z,SK,13.99,15
2026-07-07T09:45:00Z,AT,20.61,15
2026-07-07T09:45:00Z,BE,2.26,15
2026-07-07T09:45:00Z,CZ,10.85,15
2026-07-07T09:45:00Z,DE-LU,-0.01,15
2026-07-07T09:45:00Z,DK1,1.30,15
2026-07-07T09:45:00Z,DK2,4.95,15
2026-07-07T09:45:00Z,EE,25.54,15
2026-07-07T09:45:00Z,ES,70.00,15
2026-07-07T09:45:00Z,FI,25.54,15
2026-07-07T09:45:00Z,FR,-0.01,15
2026-07-07T09:45:00Z,GR,15.33,15
2026-07-07T09:45:00Z,HR,15.36,15
2026-07-07T09:45:00Z,HU,15.75,15
2026-07-07T09:45:00Z,IT-CNorth,126.30,15
2026-07-07T09:45:00Z,IT-CSouth,126.30,15
2026-07-07T09:45:00Z,IT-North,126.30,15
2026-07-07T09:45:00Z,IT-Sardinia,126.30,15
2026-07-07T09:45:00Z,IT-Sicily,126.30,15
2026-07-07T09:45:00Z,IT-South,126.30,15
2026-07-07T09:45:00Z,LT,59.91,15
2026-07-07T09:45:00Z,LV,59.91,15
2026-07-07T09:45:00Z,NL,1.12,15
2026-07-07T09:45:00Z,NO1,59.91,15
2026-07-07T09:45:00Z,NO2,59.91,15
2026-07-07T09:45:00Z,NO3,59.15,15
2026-07-07T09:45:00Z,NO4,25.47,15
2026-07-07T09:45:00Z,NO5,59.91,15
2026-07-07T09:45:00Z,PL,106.26,15
2026-07-07T09:45:00Z,PT,86.88,15
2026-07-07T09:45:00Z,RO,15.32,15
2026-07-07T09:45:00Z,RS,59.99,15
2026-07-07T09:45:00Z,SE1,25.54,15
2026-07-07T09:45:00Z,SE2,25.54,15
2026-07-07T09:45:00Z,SE3,43.57,15
2026-07-07T09:45:00Z,SE4,59.91,15
2026-07-07T09:45:00Z,SI,15.69,15
2026-07-07T09:45:00Z,SK,13.99,15
2026-07-07T10:00:00Z,AT,14.01,15
2026-07-07T10:00:00Z,BE,4.10,15
2026-07-07T10:00:00Z,CH,19.39,60
2026-07-07T10:00:00Z,CZ,28.53,15
2026-07-07T10:00:00Z,DE-LU,-0.02,15
2026-07-07T10:00:00Z,DK1,1.71,15
2026-07-07T10:00:00Z,DK2,4.99,15
2026-07-07T10:00:00Z,EE,24.28,15
2026-07-07T10:00:00Z,ES,70.00,15
2026-07-07T10:00:00Z,FI,24.28,15
2026-07-07T10:00:00Z,FR,0.00,15
2026-07-07T10:00:00Z,GR,15.50,15
2026-07-07T10:00:00Z,HR,14.15,15
2026-07-07T10:00:00Z,HU,16.19,15
2026-07-07T10:00:00Z,IT-CNorth,113.15,15
2026-07-07T10:00:00Z,IT-CSouth,113.15,15
2026-07-07T10:00:00Z,IT-North,113.15,15
2026-07-07T10:00:00Z,IT-Sardinia,113.15,15
2026-07-07T10:00:00Z,IT-Sicily,113.15,15
2026-07-07T10:00:00Z,IT-South,113.15,15
2026-07-07T10:00:00Z,LT,45.29,15
2026-07-07T10:00:00Z,LV,45.29,15
2026-07-07T10:00:00Z,NL,1.96,15
2026-07-07T10:00:00Z,NO1,50.11,15
2026-07-07T10:00:00Z,NO2,49.48,15
2026-07-07T10:00:00Z,NO3,57.86,15
2026-07-07T10:00:00Z,NO4,24.11,15
2026-07-07T10:00:00Z,NO5,50.91,15
2026-07-07T10:00:00Z,PL,107.65,15
2026-07-07T10:00:00Z,PT,86.88,15
2026-07-07T10:00:00Z,RO,15.58,15
2026-07-07T10:00:00Z,RS,53.18,15
2026-07-07T10:00:00Z,SE1,22.63,15
2026-07-07T10:00:00Z,SE2,23.79,15
2026-07-07T10:00:00Z,SE3,35.63,15
2026-07-07T10:00:00Z,SE4,45.60,15
2026-07-07T10:00:00Z,SI,13.67,15
2026-07-07T10:00:00Z,SK,16.65,15
2026-07-07T10:15:00Z,AT,12.02,15
2026-07-07T10:15:00Z,BE,3.13,15
2026-07-07T10:15:00Z,CZ,24.00,15
2026-07-07T10:15:00Z,DE-LU,-0.33,15
2026-07-07T10:15:00Z,DK1,1.32,15
2026-07-07T10:15:00Z,DK2,5.01,15
2026-07-07T10:15:00Z,EE,24.18,15
2026-07-07T10:15:00Z,ES,70.00,15
2026-07-07T10:15:00Z,FI,24.18,15
2026-07-07T10:15:00Z,FR,0.00,15
2026-07-07T10:15:00Z,GR,13.63,15
2026-07-07T10:15:00Z,HR,12.32,15
2026-07-07T10:15:00Z,HU,14.22,15
2026-07-07T10:15:00Z,IT-CNorth,117.53,15
2026-07-07T10:15:00Z,IT-CSouth,117.53,15
2026-07-07T10:15:00Z,IT-North,117.53,15
2026-07-07T10:15:00Z,IT-Sardinia,117.53,15
2026-07-07T10:15:00Z,IT-Sicily,117.53,15
2026-07-07T10:15:00Z,IT-South,117.53,15
2026-07-07T10:15:00Z,LT,49.90,15
2026-07-07T10:15:00Z,LV,49.90,15
2026-07-07T10:15:00Z,NL,1.35,15
2026-07-07T10:15:00Z,NO1,52.52,15
2026-07-07T10:15:00Z,NO2,52.18,15
2026-07-07T10:15:00Z,NO3,56.44,15
2026-07-07T10:15:00Z,NO4,24.24,15
2026-07-07T10:15:00Z,NO5,52.96,15
2026-07-07T10:15:00Z,PL,101.76,15
2026-07-07T10:15:00Z,PT,86.63,15
2026-07-07T10:15:00Z,RO,13.72,15
2026-07-07T10:15:00Z,RS,53.18,15
2026-07-07T10:15:00Z,SE1,23.29,15
2026-07-07T10:15:00Z,SE2,23.91,15
2026-07-07T10:15:00Z,SE3,37.86,15
2026-07-07T10:15:00Z,SE4,50.07,15
2026-07-07T10:15:00Z,SI,11.86,15
2026-07-07T10:15:00Z,SK,14.83,15
2026-07-07T10:30:00Z,AT,13.64,15
2026-07-07T10:30:00Z,BE,3.61,15
2026-07-07T10:30:00Z,CZ,20.00,15
2026-07-07T10:30:00Z,DE-LU,-1.10,15
2026-07-07T10:30:00Z,DK1,1.25,15
2026-07-07T10:30:00Z,DK2,4.99,15
2026-07-07T10:30:00Z,EE,24.73,15
2026-07-07T10:30:00Z,ES,70.00,15
2026-07-07T10:30:00Z,FI,24.72,15
2026-07-07T10:30:00Z,FR,0.00,15
2026-07-07T10:30:00Z,GR,18.88,15
2026-07-07T10:30:00Z,HR,15.88,15
2026-07-07T10:30:00Z,HU,19.36,15
2026-07-07T10:30:00Z,IT-CNorth,117.98,15
2026-07-07T10:30:00Z,IT-CSouth,117.98,15
2026-07-07T10:30:00Z,IT-North,117.98,15
2026-07-07T10:30:00Z,IT-Sardinia,117.98,15
2026-07-07T10:30:00Z,IT-Sicily,117.98,15
2026-07-07T10:30:00Z,IT-South,117.98,15
2026-07-07T10:30:00Z,LT,42.65,15
2026-07-07T10:30:00Z,LV,42.65,15
2026-07-07T10:30:00Z,NL,1.40,15
2026-07-07T10:30:00Z,NO1,48.41,15
2026-07-07T10:30:00Z,NO2,47.66,15
2026-07-07T10:30:00Z,NO3,57.84,15
2026-07-07T10:30:00Z,NO4,24.24,15
2026-07-07T10:30:00Z,NO5,49.37,15
2026-07-07T10:30:00Z,PL,101.75,15
2026-07-07T10:30:00Z,PT,86.63,15
2026-07-07T10:30:00Z,RO,19.09,15
2026-07-07T10:30:00Z,RS,53.18,15
2026-07-07T10:30:00Z,SE1,22.74,15
2026-07-07T10:30:00Z,SE2,24.15,15
2026-07-07T10:30:00Z,SE3,34.51,15
2026-07-07T10:30:00Z,SE4,43.02,15
2026-07-07T10:30:00Z,SI,14.79,15
2026-07-07T10:30:00Z,SK,22.39,15
2026-07-07T10:45:00Z,AT,11.18,15
2026-07-07T10:45:00Z,BE,1.57,15
2026-07-07T10:45:00Z,CZ,16.01,15
2026-07-07T10:45:00Z,DE-LU,-1.87,15
2026-07-07T10:45:00Z,DK1,0.00,15
2026-07-07T10:45:00Z,DK2,6.69,15
2026-07-07T10:45:00Z,EE,22.99,15
2026-07-07T10:45:00Z,ES,70.00,15
2026-07-07T10:45:00Z,FI,22.98,15
2026-07-07T10:45:00Z,FR,0.00,15
2026-07-07T10:45:00Z,GR,15.98,15
2026-07-07T10:45:00Z,HR,13.29,15
2026-07-07T10:45:00Z,HU,16.38,15
2026-07-07T10:45:00Z,IT-CNorth,118.51,15
2026-07-07T10:45:00Z,IT-CSouth,118.51,15
2026-07-07T10:45:00Z,IT-North,118.51,15
2026-07-07T10:45:00Z,IT-Sardinia,118.51,15
2026-07-07T10:45:00Z,IT-Sicily,118.51,15
2026-07-07T10:45:00Z,IT-South,118.51,15
2026-07-07T10:45:00Z,LT,33.53,15
2026-07-07T10:45:00Z,LV,33.53,15
2026-07-07T10:45:00Z,NL,-0.01,15
2026-07-07T10:45:00Z,NO1,41.35,15
2026-07-07T10:45:00Z,NO2,42.80,15
2026-07-07T10:45:00Z,NO3,55.83,15
2026-07-07T10:45:00Z,NO4,24.60,15
2026-07-07T10:45:00Z,NO5,49.34,15
2026-07-07T10:45:00Z,PL,101.68,15
2026-07-07T10:45:00Z,PT,86.63,15
2026-07-07T10:45:00Z,RO,16.18,15
2026-07-07T10:45:00Z,RS,53.18,15
2026-07-07T10:45:00Z,SE1,20.80,15
2026-07-07T10:45:00Z,SE2,22.27,15
2026-07-07T10:45:00Z,SE3,28.95,15
2026-07-07T10:45:00Z,SE4,33.96,15
2026-07-07T10:45:00Z,SI,12.31,15
2026-07-07T10:45:00Z,SK,19.17,15
2026-07-07T11:00:00Z,AT,52.63,15
2026-07-07T11:00:00Z,BE,3.11,15
2026-07-07T11:00:00Z,CH,10.64,60
2026-07-07T11:00:00Z,CZ,33.44,15
2026-07-07T11:00:00Z,DE-LU,-3.65,15
2026-07-07T11:00:00Z,DK1,1.36,15
2026-07-07T11:00:00Z,DK2,4.95,15
2026-07-07T11:00:00Z,EE,23.86,15
2026-07-07T11:00:00Z,ES,71.00,15
2026-07-07T11:00:00Z,FI,23.86,15
2026-07-07T11:00:00Z,FR,0.00,15
2026-07-07T11:00:00Z,GR,43.41,15
2026-07-07T11:00:00Z,HR,40.61,15
2026-07-07T11:00:00Z,HU,44.52,15
2026-07-07T11:00:00Z,IT-CNorth,120.00,15
2026-07-07T11:00:00Z,IT-CSouth,120.00,15
2026-07-07T11:00:00Z,IT-North,120.00,15
2026-07-07T11:00:00Z,IT-Sardinia,120.00,15
2026-07-07T11:00:00Z,IT-Sicily,120.00,15
2026-07-07T11:00:00Z,IT-South,120.00,15
2026-07-07T11:00:00Z,LT,52.23,15
2026-07-07T11:00:00Z,LV,52.23,15
2026-07-07T11:00:00Z,NL,0.00,15
2026-07-07T11:00:00Z,NO1,53.94,15
2026-07-07T11:00:00Z,NO2,53.72,15
2026-07-07T11:00:00Z,NO3,56.18,15
2026-07-07T11:00:00Z,NO4,22.44,15
2026-07-07T11:00:00Z,NO5,54.23,15
2026-07-07T11:00:00Z,PL,101.78,15
2026-07-07T11:00:00Z,PT,84.01,15
2026-07-07T11:00:00Z,RO,43.53,15
2026-07-07T11:00:00Z,RS,55.06,15
2026-07-07T11:00:00Z,SE1,23.22,15
2026-07-07T11:00:00Z,SE2,23.71,15
2026-07-07T11:00:00Z,SE3,38.89,15
2026-07-07T11:00:00Z,SE4,52.33,15
2026-07-07T11:00:00Z,SI,40.14,15
2026-07-07T11:00:00Z,SK,44.39,15
2026-07-07T11:15:00Z,AT,26.11,15
2026-07-07T11:15:00Z,BE,-0.19,15
2026-07-07T11:15:00Z,CZ,13.03,15
2026-07-07T11:15:00Z,DE-LU,-2.02,15
2026-07-07T11:15:00Z,DK1,1.34,15
2026-07-07T11:15:00Z,DK2,4.95,15
2026-07-07T11:15:00Z,EE,22.20,15
2026-07-07T11:15:00Z,ES,72.00,15
2026-07-07T11:15:00Z,FI,22.20,15
2026-07-07T11:15:00Z,FR,-0.01,15
2026-07-07T11:15:00Z,GR,18.40,15
2026-07-07T11:15:00Z,HR,18.39,15
2026-07-07T11:15:00Z,HU,18.79,15
2026-07-07T11:15:00Z,IT-CNorth,120.00,15
2026-07-07T11:15:00Z,IT-CSouth,120.00,15
2026-07-07T11:15:00Z,IT-North,120.00,15
2026-07-07T11:15:00Z,IT-Sardinia,120.00,15
2026-07-07T11:15:00Z,IT-Sicily,120.00,15
2026-07-07T11:15:00Z,IT-South,120.00,15
2026-07-07T11:15:00Z,LT,52.13,15
2026-07-07T11:15:00Z,LV,52.13,15
2026-07-07T11:15:00Z,NL,-1.03,15
2026-07-07T11:15:00Z,NO1,53.88,15
2026-07-07T11:15:00Z,NO2,53.65,15
2026-07-07T11:15:00Z,NO3,56.24,15
2026-07-07T11:15:00Z,NO4,22.53,15
2026-07-07T11:15:00Z,NO5,54.17,15
2026-07-07T11:15:00Z,PL,109.06,15
2026-07-07T11:15:00Z,PT,84.01,15
2026-07-07T11:15:00Z,RO,18.41,15
2026-07-07T11:15:00Z,RS,55.06,15
2026-07-07T11:15:00Z,SE1,21.62,15
2026-07-07T11:15:00Z,SE2,22.01,15
2026-07-07T11:15:00Z,SE3,38.05,15
2026-07-07T11:15:00Z,SE4,52.24,15
2026-07-07T11:15:00Z,SI,18.79,15
2026-07-07T11:15:00Z,SK,17.12,15
2026-07-07T11:30:00Z,AT,21.40,15
2026-07-07T11:30:00Z,BE,-0.93,15
2026-07-07T11:30:00Z,CZ,9.32,15
2026-07-07T11:30:00Z,DE-LU,-2.17,15
2026-07-07T11:30:00Z,DK1,1.33,15
2026-07-07T11:30:00Z,DK2,4.95,15
2026-07-07T11:30:00Z,EE,21.46,15
2026-07-07T11:30:00Z,ES,72.00,15
2026-07-07T11:30:00Z,FI,21.46,15
2026-07-07T11:30:00Z,FR,-0.01,15
2026-07-07T11:30:00Z,GR,13.84,15
2026-07-07T11:30:00Z,HR,14.16,15
2026-07-07T11:30:00Z,HU,14.16,15
2026-07-07T11:30:00Z,IT-CNorth,124.13,15
2026-07-07T11:30:00Z,IT-CSouth,124.13,15
2026-07-07T11:30:00Z,IT-North,124.13,15
2026-07-07T11:30:00Z,IT-Sardinia,124.13,15
2026-07-07T11:30:00Z,IT-Sicily,124.13,15
2026-07-07T11:30:00Z,IT-South,124.13,15
2026-07-07T11:30:00Z,LT,52.58,15
2026-07-07T11:30:00Z,LV,52.58,15
2026-07-07T11:30:00Z,NL,-1.68,15
2026-07-07T11:30:00Z,NO1,53.93,15
2026-07-07T11:30:00Z,NO2,53.76,15
2026-07-07T11:30:00Z,NO3,55.63,15
2026-07-07T11:30:00Z,NO4,22.64,15
2026-07-07T11:30:00Z,NO5,54.16,15
2026-07-07T11:30:00Z,PL,113.71,15
2026-07-07T11:30:00Z,PT,80.61,15
2026-07-07T11:30:00Z,RO,13.84,15
2026-07-07T11:30:00Z,RS,55.06,15
2026-07-07T11:30:00Z,SE1,21.06,15
2026-07-07T11:30:00Z,SE2,21.30,15
2026-07-07T11:30:00Z,SE3,37.91,15
2026-07-07T11:30:00Z,SE4,52.66,15
2026-07-07T11:30:00Z,SI,14.62,15
2026-07-07T11:30:00Z,SK,12.28,15
2026-07-07T11:45:00Z,AT,19.90,15
2026-07-07T11:45:00Z,BE,-0.16,15
2026-07-07T11:45:00Z,CZ,8.16,15
2026-07-07T11:45:00Z,DE-LU,-2.98,15
2026-07-07T11:45:00Z,DK1,0.00,15
2026-07-07T11:45:00Z,DK2,4.97,15
2026-07-07T11:45:00Z,EE,20.11,15
2026-07-07T11:45:00Z,ES,72.00,15
2026-07-07T11:45:00Z,FI,20.11,15
2026-07-07T11:45:00Z,FR,-0.01,15
2026-07-07T11:45:00Z,GR,12.37,15
2026-07-07T11:45:00Z,HR,12.51,15
2026-07-07T11:45:00Z,HU,12.74,15
2026-07-07T11:45:00Z,IT-CNorth,124.13,15
2026-07-07T11:45:00Z,IT-CSouth,124.13,15
2026-07-07T11:45:00Z,IT-North,124.13,15
2026-07-07T11:45:00Z,IT-Sardinia,124.13,15
2026-07-07T11:45:00Z,IT-Sicily,124.13,15
2026-07-07T11:45:00Z,IT-South,124.13,15
2026-07-07T11:45:00Z,LT,47.04,15
2026-07-07T11:45:00Z,LV,47.04,15
2026-07-07T11:45:00Z,NL,-2.44,15
2026-07-07T11:45:00Z,NO1,50.34,15
2026-07-07T11:45:00Z,NO2,49.91,15
2026-07-07T11:45:00Z,NO3,55.52,15
2026-07-07T11:45:00Z,NO4,22.69,15
2026-07-07T11:45:00Z,NO5,50.89,15
2026-07-07T11:45:00Z,PL,128.21,15
2026-07-07T11:45:00Z,PT,80.61,15
2026-07-07T11:45:00Z,RO,12.37,15
2026-07-07T11:45:00Z,RS,55.06,15
2026-07-07T11:45:00Z,SE1,19.11,15
2026-07-07T11:45:00Z,SE2,19.72,15
2026-07-07T11:45:00Z,SE3,34.48,15
2026-07-07T11:45:00Z,SE4,47.25,15
2026-07-07T11:45:00Z,SI,12.83,15
2026-07-07T11:45:00Z,SK,10.96,15
2026-07-07T12:00:00Z,AT,11.39,15
2026-07-07T12:00:00Z,BE,-1.48,15
2026-07-07T12:00:00Z,CH,16.84,60
2026-07-07T12:00:00Z,CZ,25.00,15
2026-07-07T12:00:00Z,DE-LU,-3.02,15
2026-07-07T12:00:00Z,DK1,-0.01,15
2026-07-07T12:00:00Z,DK2,4.96,15
2026-07-07T12:00:00Z,EE,20.57,15
2026-07-07T12:00:00Z,ES,73.00,15
2026-07-07T12:00:00Z,FI,20.57,15
2026-07-07T12:00:00Z,FR,0.00,15
2026-07-07T12:00:00Z,GR,12.78,15
2026-07-07T12:00:00Z,HR,11.57,15
2026-07-07T12:00:00Z,HU,13.41,15
2026-07-07T12:00:00Z,IT-CNorth,119.00,15
2026-07-07T12:00:00Z,IT-CSouth,119.00,15
2026-07-07T12:00:00Z,IT-North,119.00,15
2026-07-07T12:00:00Z,IT-Sardinia,119.00,15
2026-07-07T12:00:00Z,IT-Sicily,119.00,15
2026-07-07T12:00:00Z,IT-South,119.00,15
2026-07-07T12:00:00Z,LT,29.77,15
2026-07-07T12:00:00Z,LV,29.77,15
2026-07-07T12:00:00Z,NL,-2.34,15
2026-07-07T12:00:00Z,NO1,38.84,15
2026-07-07T12:00:00Z,NO2,30.00,15
2026-07-07T12:00:00Z,NO3,55.99,15
2026-07-07T12:00:00Z,NO4,14.66,15
2026-07-07T12:00:00Z,NO5,48.80,15
2026-07-07T12:00:00Z,PL,113.71,15
2026-07-07T12:00:00Z,PT,80.61,15
2026-07-07T12:00:00Z,RO,12.84,15
2026-07-07T12:00:00Z,RS,56.00,15
2026-07-07T12:00:00Z,SE1,17.81,15
2026-07-07T12:00:00Z,SE2,19.98,15
2026-07-07T12:00:00Z,SE3,25.89,15
2026-07-07T12:00:00Z,SE4,30.22,15
2026-07-07T12:00:00Z,SI,11.14,15
2026-07-07T12:00:00Z,SK,13.79,15
2026-07-07T12:15:00Z,AT,18.99,15
2026-07-07T12:15:00Z,BE,-1.48,15
2026-07-07T12:15:00Z,CZ,20.00,15
2026-07-07T12:15:00Z,DE-LU,-2.71,15
2026-07-07T12:15:00Z,DK1,-0.01,15
2026-07-07T12:15:00Z,DK2,4.95,15
2026-07-07T12:15:00Z,EE,20.55,15
2026-07-07T12:15:00Z,ES,74.00,15
2026-07-07T12:15:00Z,FI,20.55,15
2026-07-07T12:15:00Z,FR,0.00,15
2026-07-07T12:15:00Z,GR,15.33,15
2026-07-07T12:15:00Z,HR,14.69,15
2026-07-07T12:15:00Z,HU,15.93,15
2026-07-07T12:15:00Z,IT-CNorth,121.30,15
2026-07-07T12:15:00Z,IT-CSouth,121.30,15
2026-07-07T12:15:00Z,IT-North,121.30,15
2026-07-07T12:15:00Z,IT-Sardinia,121.30,15
2026-07-07T12:15:00Z,IT-Sicily,121.30,15
2026-07-07T12:15:00Z,IT-South,121.30,15
2026-07-07T12:15:00Z,LT,34.40,15
2026-07-07T12:15:00Z,LV,34.40,15
2026-07-07T12:15:00Z,NL,-2.19,15
2026-07-07T12:15:00Z,NO1,41.82,15
2026-07-07T12:15:00Z,NO2,35.64,15
2026-07-07T12:15:00Z,NO3,55.38,15
2026-07-07T12:15:00Z,NO4,14.75,15
2026-07-07T12:15:00Z,NO5,48.82,15
2026-07-07T12:15:00Z,PL,109.80,15
2026-07-07T12:15:00Z,PT,80.61,15
2026-07-07T12:15:00Z,RO,15.37,15
2026-07-07T12:15:00Z,RS,56.00,15
2026-07-07T12:15:00Z,SE1,18.16,15
2026-07-07T12:15:00Z,SE2,20.06,15
2026-07-07T12:15:00Z,SE3,28.26,15
2026-07-07T12:15:00Z,SE4,34.79,15
2026-07-07T12:15:00Z,SI,14.62,15
2026-07-07T12:15:00Z,SK,15.12,15
2026-07-07T12:30:00Z,AT,31.34,15
2026-07-07T12:30:00Z,BE,-0.73,15
2026-07-07T12:30:00Z,CZ,28.00,15
2026-07-07T12:30:00Z,DE-LU,-3.07,15
2026-07-07T12:30:00Z,DK1,-0.01,15
2026-07-07T12:30:00Z,DK2,4.95,15
2026-07-07T12:30:00Z,EE,20.71,15
2026-07-07T12:30:00Z,ES,74.15,15
2026-07-07T12:30:00Z,FI,20.70,15
2026-07-07T12:30:00Z,FR,0.00,15
2026-07-07T12:30:00Z,GR,24.04,15
2026-07-07T12:30:00Z,HR,23.28,15
2026-07-07T12:30:00Z,HU,24.90,15
2026-07-07T12:30:00Z,IT-CNorth,126.12,15
2026-07-07T12:30:00Z,IT-CSouth,126.12,15
2026-07-07T12:30:00Z,IT-North,126.12,15
2026-07-07T12:30:00Z,IT-Sardinia,126.12,15
2026-07-07T12:30:00Z,IT-Sicily,126.12,15
2026-07-07T12:30:00Z,IT-South,126.12,15
2026-07-07T12:30:00Z,LT,38.50,15
2026-07-07T12:30:00Z,LV,38.50,15
2026-07-07T12:30:00Z,NL,-2.04,15
2026-07-07T12:30:00Z,NO1,44.12,15
2026-07-07T12:30:00Z,NO2,39.97,15
2026-07-07T12:30:00Z,NO3,54.00,15
2026-07-07T12:30:00Z,NO4,14.61,15
2026-07-07T12:30:00Z,NO5,48.84,15
2026-07-07T12:30:00Z,PL,112.26,15
2026-07-07T12:30:00Z,PT,80.61,15
2026-07-07T12:30:00Z,RO,24.08,15
2026-07-07T12:30:00Z,RS,56.00,15
2026-07-07T12:30:00Z,SE1,18.76,15
2026-07-07T12:30:00Z,SE2,20.35,15
2026-07-07T12:30:00Z,SE3,30.40,15
2026-07-07T12:30:00Z,SE4,38.81,15
2026-07-07T12:30:00Z,SI,23.32,15
2026-07-07T12:30:00Z,SK,23.28,15
2026-07-07T12:45:00Z,AT,19.52,15
2026-07-07T12:45:00Z,BE,-1.32,15
2026-07-07T12:45:00Z,CZ,19.00,15
2026-07-07T12:45:00Z,DE-LU,-2.54,15
2026-07-07T12:45:00Z,DK1,-0.02,15
2026-07-07T12:45:00Z,DK2,4.95,15
2026-07-07T12:45:00Z,EE,21.26,15
2026-07-07T12:45:00Z,ES,74.00,15
2026-07-07T12:45:00Z,FI,21.26,15
2026-07-07T12:45:00Z,FR,0.00,15
2026-07-07T12:45:00Z,GR,15.34,15
2026-07-07T12:45:00Z,HR,14.77,15
2026-07-07T12:45:00Z,HU,15.92,15
2026-07-07T12:45:00Z,IT-CNorth,128.65,15
2026-07-07T12:45:00Z,IT-CSouth,128.65,15
2026-07-07T12:45:00Z,IT-North,128.65,15
2026-07-07T12:45:00Z,IT-Sardinia,128.65,15
2026-07-07T12:45:00Z,IT-Sicily,128.65,15
2026-07-07T12:45:00Z,IT-South,128.65,15
2026-07-07T12:45:00Z,LT,39.01,15
2026-07-07T12:45:00Z,LV,39.01,15
2026-07-07T12:45:00Z,NL,-2.02,15
2026-07-07T12:45:00Z,NO1,44.12,15
2026-07-07T12:45:00Z,NO2,39.94,15
2026-07-07T12:45:00Z,NO3,53.14,15
2026-07-07T12:45:00Z,NO4,14.59,15
2026-07-07T12:45:00Z,NO5,48.86,15
2026-07-07T12:45:00Z,PL,107.66,15
2026-07-07T12:45:00Z,PT,80.61,15
2026-07-07T12:45:00Z,RO,15.37,15
2026-07-07T12:45:00Z,RS,56.00,15
2026-07-07T12:45:00Z,SE1,19.48,15
2026-07-07T12:45:00Z,SE2,20.97,15
2026-07-07T12:45:00Z,SE3,30.90,15
2026-07-07T12:45:00Z,SE4,39.28,15
2026-07-07T12:45:00Z,SI,14.75,15
2026-07-07T12:45:00Z,SK,14.98,15
2026-07-07T13:00:00Z,AT,18.74,15
2026-07-07T13:00:00Z,BE,-1.06,15
2026-07-07T13:00:00Z,CH,49.08,60
2026-07-07T13:00:00Z,CZ,11.17,15
2026-07-07T13:00:00Z,DE-LU,-1.77,15
2026-07-07T13:00:00Z,DK1,-0.02,15
2026-07-07T13:00:00Z,DK2,4.91,15
2026-07-07T13:00:00Z,EE,20.07,15
2026-07-07T13:00:00Z,ES,74.40,15
2026-07-07T13:00:00Z,FI,20.06,15
2026-07-07T13:00:00Z,FR,-0.01,15
2026-07-07T13:00:00Z,GR,12.78,15
2026-07-07T13:00:00Z,HR,12.70,15
2026-07-07T13:00:00Z,HU,13.18,15
2026-07-07T13:00:00Z,IT-CNorth,124.13,15
2026-07-07T13:00:00Z,IT-CSouth,124.13,15
2026-07-07T13:00:00Z,IT-North,124.13,15
2026-07-07T13:00:00Z,IT-Sardinia,124.13,15
2026-07-07T13:00:00Z,IT-Sicily,124.13,15
2026-07-07T13:00:00Z,IT-South,124.13,15
2026-07-07T13:00:00Z,LT,34.93,15
2026-07-07T13:00:00Z,LV,34.93,15
2026-07-07T13:00:00Z,NL,-1.48,15
2026-07-07T13:00:00Z,NO1,41.61,15
2026-07-07T13:00:00Z,NO2,34.83,15
2026-07-07T13:00:00Z,NO3,53.76,15
2026-07-07T13:00:00Z,NO4,7.89,15
2026-07-07T13:00:00Z,NO5,49.25,15
2026-07-07T13:00:00Z,PL,106.25,15
2026-07-07T13:00:00Z,PT,78.53,15
2026-07-07T13:00:00Z,RO,12.77,15
2026-07-07T13:00:00Z,RS,61.83,15
2026-07-07T13:00:00Z,SE1,17.70,15
2026-07-07T13:00:00Z,SE2,19.79,15
2026-07-07T13:00:00Z,SE3,28.28,15
2026-07-07T13:00:00Z,SE4,35.27,15
2026-07-07T13:00:00Z,SI,12.88,15
2026-07-07T13:00:00Z,SK,11.84,15
2026-07-07T13:15:00Z,AT,34.84,15
2026-07-07T13:15:00Z,BE,1.89,15
2026-07-07T13:15:00Z,CZ,28.07,15
2026-07-07T13:15:00Z,DE-LU,-1.63,15
2026-07-07T13:15:00Z,DK1,-0.01,15
2026-07-07T13:15:00Z,DK2,4.68,15
2026-07-07T13:15:00Z,EE,20.72,15
2026-07-07T13:15:00Z,ES,74.15,15
2026-07-07T13:15:00Z,FI,20.72,15
2026-07-07T13:15:00Z,FR,-0.01,15
2026-07-07T13:15:00Z,GR,26.10,15
2026-07-07T13:15:00Z,HR,25.47,15
2026-07-07T13:15:00Z,HU,26.97,15
2026-07-07T13:15:00Z,IT-CNorth,125.00,15
2026-07-07T13:15:00Z,IT-CSouth,125.00,15
2026-07-07T13:15:00Z,IT-North,125.00,15
2026-07-07T13:15:00Z,IT-Sardinia,125.00,15
2026-07-07T13:15:00Z,IT-Sicily,125.00,15
2026-07-07T13:15:00Z,IT-South,125.00,15
2026-07-07T13:15:00Z,LT,42.04,15
2026-07-07T13:15:00Z,LV,42.04,15
2026-07-07T13:15:00Z,NL,-0.01,15
2026-07-07T13:15:00Z,NO1,47.12,15
2026-07-07T13:15:00Z,NO2,45.65,15
2026-07-07T13:15:00Z,NO3,55.04,15
2026-07-07T13:15:00Z,NO4,9.30,15
2026-07-07T13:15:00Z,NO5,48.91,15
2026-07-07T13:15:00Z,PL,107.66,15
2026-07-07T13:15:00Z,PT,78.53,15
2026-07-07T13:15:00Z,RO,26.12,15
2026-07-07T13:15:00Z,RS,61.83,15
2026-07-07T13:15:00Z,SE1,18.50,15
2026-07-07T13:15:00Z,SE2,20.46,15
2026-07-07T13:15:00Z,SE3,32.32,15
2026-07-07T13:15:00Z,SE4,42.36,15
2026-07-07T13:15:00Z,SI,25.57,15
2026-07-07T13:15:00Z,SK,25.09,15
2026-07-07T13:30:00Z,AT,49.18,15
2026-07-07T13:30:00Z,BE,5.78,15
2026-07-07T13:30:00Z,CZ,50.00,15
2026-07-07T13:30:00Z,DE-LU,-1.33,15
2026-07-07T13:30:00Z,DK1,0.66,15
2026-07-07T13:30:00Z,DK2,3.99,15
2026-07-07T13:30:00Z,EE,20.28,15
2026-07-07T13:30:00Z,ES,75.00,15
2026-07-07T13:30:00Z,FI,20.27,15
2026-07-07T13:30:00Z,FR,0.00,15
2026-07-07T13:30:00Z,GR,39.99,15
2026-07-07T13:30:00Z,HR,38.41,15
2026-07-07T13:30:00Z,HU,41.41,15
2026-07-07T13:30:00Z,IT-CNorth,133.80,15
2026-07-07T13:30:00Z,IT-CSouth,133.80,15
2026-07-07T13:30:00Z,IT-North,133.80,15
2026-07-07T13:30:00Z,IT-Sardinia,133.80,15
2026-07-07T13:30:00Z,IT-Sicily,133.80,15
2026-07-07T13:30:00Z,IT-South,133.80,15
2026-07-07T13:30:00Z,LT,46.98,15
2026-07-07T13:30:00Z,LV,46.98,15
2026-07-07T13:30:00Z,NL,2.01,15
2026-07-07T13:30:00Z,NO1,50.48,15
2026-07-07T13:30:00Z,NO2,50.03,15
2026-07-07T13:30:00Z,NO3,55.50,15
2026-07-07T13:30:00Z,NO4,12.06,15
2026-07-07T13:30:00Z,NO5,51.09,15
2026-07-07T13:30:00Z,PL,109.06,15
2026-07-07T13:30:00Z,PT,78.53,15
2026-07-07T13:30:00Z,RO,40.06,15
2026-07-07T13:30:00Z,RS,61.83,15
2026-07-07T13:30:00Z,SE1,18.68,15
2026-07-07T13:30:00Z,SE2,20.09,15
2026-07-07T13:30:00Z,SE3,34.62,15
2026-07-07T13:30:00Z,SE4,47.21,15
2026-07-07T13:30:00Z,SI,38.24,15
2026-07-07T13:30:00Z,SK,39.56,15
2026-07-07T13:45:00Z,AT,83.00,15
2026-07-07T13:45:00Z,BE,11.54,15
2026-07-07T13:45:00Z,CZ,83.00,15
2026-07-07T13:45:00Z,DE-LU,-1.21,15
2026-07-07T13:45:00Z,DK1,2.14,15
2026-07-07T13:45:00Z,DK2,4.15,15
2026-07-07T13:45:00Z,EE,20.66,15
2026-07-07T13:45:00Z,ES,75.10,15
2026-07-07T13:45:00Z,FI,20.66,15
2026-07-07T13:45:00Z,FR,0.00,15
2026-07-07T13:45:00Z,GR,70.61,15
2026-07-07T13:45:00Z,HR,66.79,15
2026-07-07T13:45:00Z,HU,72.99,15
2026-07-07T13:45:00Z,IT-CNorth,142.27,15
2026-07-07T13:45:00Z,IT-CSouth,142.27,15
2026-07-07T13:45:00Z,IT-North,142.27,15
2026-07-07T13:45:00Z,IT-Sardinia,142.27,15
2026-07-07T13:45:00Z,IT-Sicily,142.27,15
2026-07-07T13:45:00Z,IT-South,142.27,15
2026-07-07T13:45:00Z,LT,51.20,15
2026-07-07T13:45:00Z,LV,51.20,15
2026-07-07T13:45:00Z,NL,4.84,15
2026-07-07T13:45:00Z,NO1,54.00,15
2026-07-07T13:45:00Z,NO2,53.64,15
2026-07-07T13:45:00Z,NO3,57.80,15
2026-07-07T13:45:00Z,NO4,14.08,15
2026-07-07T13:45:00Z,NO5,54.48,15
2026-07-07T13:45:00Z,PL,109.06,15
2026-07-07T13:45:00Z,PT,78.53,15
2026-07-07T13:45:00Z,RO,70.85,15
2026-07-07T13:45:00Z,RS,61.83,15
2026-07-07T13:45:00Z,SE1,19.39,15
2026-07-07T13:45:00Z,SE2,20.51,15
2026-07-07T13:45:00Z,SE3,36.98,15
2026-07-07T13:45:00Z,SE4,51.38,15
2026-07-07T13:45:00Z,SI,66.07,15
2026-07-07T13:45:00Z,SK,71.55,15
2026-07-07T14:00:00Z,AT,34.11,15
2026-07-07T14:00:00Z,BE,19.96,15
2026-07-07T14:00:00Z,CH,87.85,60
2026-07-07T14:00:00Z,CZ,19.70,15
2026-07-07T14:00:00Z,DE-LU,-1.02,15
2026-07-07T14:00:00Z,DK1,1.67,15
2026-07-07T14:00:00Z,DK2,24.52,15
2026-07-07T14:00:00Z,EE,22.90,15
2026-07-07T14:00:00Z,ES,75.13,15
2026-07-07T14:00:00Z,FI,22.89,15
2026-07-07T14:00:00Z,FR,-0.01,15
2026-07-07T14:00:00Z,GR,29.57,15
2026-07-07T14:00:00Z,HR,32.08,15
2026-07-07T14:00:00Z,HU,29.46,15
2026-07-07T14:00:00Z,IT-CNorth,136.85,15
2026-07-07T14:00:00Z,IT-CSouth,136.85,15
2026-07-07T14:00:00Z,IT-North,136.85,15
2026-07-07T14:00:00Z,IT-Sardinia,136.85,15
2026-07-07T14:00:00Z,IT-Sicily,136.85,15
2026-07-07T14:00:00Z,IT-South,136.85,15
2026-07-07T14:00:00Z,LT,24.10,15
2026-07-07T14:00:00Z,LV,24.10,15
2026-07-07T14:00:00Z,NL,3.05,15
2026-07-07T14:00:00Z,NO1,46.28,15
2026-07-07T14:00:00Z,NO2,39.92,15
2026-07-07T14:00:00Z,NO3,55.18,15
2026-07-07T14:00:00Z,NO4,12.02,15
2026-07-07T14:00:00Z,NO5,48.09,15
2026-07-07T14:00:00Z,PL,109.05,15
2026-07-07T14:00:00Z,PT,78.53,15
2026-07-07T14:00:00Z,RO,29.37,15
2026-07-07T14:00:00Z,RS,95.09,15
2026-07-07T14:00:00Z,SE1,20.78,15
2026-07-07T14:00:00Z,SE2,22.66,15
2026-07-07T14:00:00Z,SE3,23.86,15
2026-07-07T14:00:00Z,SE4,24.40,15
2026-07-07T14:00:00Z,SI,34.11,15
2026-07-07T14:00:00Z,SK,25.58,15
2026-07-07T14:15:00Z,AT,67.82,15
2026-07-07T14:15:00Z,BE,15.30,15
2026-07-07T14:15:00Z,CZ,57.57,15
2026-07-07T14:15:00Z,DE-LU,-1.00,15
2026-07-07T14:15:00Z,DK1,2.93,15
2026-07-07T14:15:00Z,DK2,34.65,15
2026-07-07T14:15:00Z,EE,23.55,15
2026-07-07T14:15:00Z,ES,76.10,15
2026-07-07T14:15:00Z,FI,23.55,15
2026-07-07T14:15:00Z,FR,-0.01,15
2026-07-07T14:15:00Z,GR,97.36,15
2026-07-07T14:15:00Z,HR,119.42,15
2026-07-07T14:15:00Z,HU,91.04,15
2026-07-07T14:15:00Z,IT-CNorth,135.00,15
2026-07-07T14:15:00Z,IT-CSouth,135.00,15
2026-07-07T14:15:00Z,IT-North,135.00,15
2026-07-07T14:15:00Z,IT-Sardinia,135.00,15
2026-07-07T14:15:00Z,IT-Sicily,135.00,15
2026-07-07T14:15:00Z,IT-South,135.00,15
2026-07-07T14:15:00Z,LT,52.46,15
2026-07-07T14:15:00Z,LV,52.46,15
2026-07-07T14:15:00Z,NL,5.45,15
2026-07-07T14:15:00Z,NO1,47.55,15
2026-07-07T14:15:00Z,NO2,44.02,15
2026-07-07T14:15:00Z,NO3,55.65,15
2026-07-07T14:15:00Z,NO4,12.06,15
2026-07-07T14:15:00Z,NO5,48.35,15
2026-07-07T14:15:00Z,PL,107.66,15
2026-07-07T14:15:00Z,PT,78.53,15
2026-07-07T14:15:00Z,RO,95.79,15
2026-07-07T14:15:00Z,RS,95.09,15
2026-07-07T14:15:00Z,SE1,21.31,15
2026-07-07T14:15:00Z,SE2,23.30,15
2026-07-07T14:15:00Z,SE3,29.54,15
2026-07-07T14:15:00Z,SE4,34.52,15
2026-07-07T14:15:00Z,SI,135.00,15
2026-07-07T14:15:00Z,SK,78.17,15
2026-07-07T14:30:00Z,AT,91.76,15
2026-07-07T14:30:00Z,BE,20.96,15
2026-07-07T14:30:00Z,CZ,74.97,15
2026-07-07T14:30:00Z,DE-LU,-0.05,15
2026-07-07T14:30:00Z,DK1,4.09,15
2026-07-07T14:30:00Z,DK2,29.21,15
2026-07-07T14:30:00Z,EE,23.85,15
2026-07-07T14:30:00Z,ES,77.90,15
2026-07-07T14:30:00Z,FI,23.84,15
2026-07-07T14:30:00Z,FR,-0.01,15
2026-07-07T14:30:00Z,GR,117.45,15
2026-07-07T14:30:00Z,HR,134.95,15
2026-07-07T14:30:00Z,HU,112.62,15
2026-07-07T14:30:00Z,IT-CNorth,148.35,15
2026-07-07T14:30:00Z,IT-CSouth,148.35,15
2026-07-07T14:30:00Z,IT-North,148.35,15
2026-07-07T14:30:00Z,IT-Sardinia,148.35,15
2026-07-07T14:30:00Z,IT-Sicily,148.35,15
2026-07-07T14:30:00Z,IT-South,148.35,15
2026-07-07T14:30:00Z,LT,79.72,15
2026-07-07T14:30:00Z,LV,79.72,15
2026-07-07T14:30:00Z,NL,8.29,15
2026-07-07T14:30:00Z,NO1,47.37,15
2026-07-07T14:30:00Z,NO2,42.05,15
2026-07-07T14:30:00Z,NO3,56.03,15
2026-07-07T14:30:00Z,NO4,12.14,15
2026-07-07T14:30:00Z,NO5,48.13,15
2026-07-07T14:30:00Z,PL,107.65,15
2026-07-07T14:30:00Z,PT,78.53,15
2026-07-07T14:30:00Z,RO,116.21,15
2026-07-07T14:30:00Z,RS,95.09,15
2026-07-07T14:30:00Z,SE1,21.57,15
2026-07-07T14:30:00Z,SE2,23.59,15
2026-07-07T14:30:00Z,SE3,26.80,15
2026-07-07T14:30:00Z,SE4,29.07,15
2026-07-07T14:30:00Z,SI,148.35,15
2026-07-07T14:30:00Z,SK,101.53,15
2026-07-07T14:45:00Z,AT,140.31,15
2026-07-07T14:45:00Z,BE,105.00,15
2026-07-07T14:45:00Z,CZ,93.29,15
2026-07-07T14:45:00Z,DE-LU,-0.01,15
2026-07-07T14:45:00Z,DK1,5.12,15
2026-07-07T14:45:00Z,DK2,26.82,15
2026-07-07T14:45:00Z,EE,24.92,15
2026-07-07T14:45:00Z,ES,79.55,15
2026-07-07T14:45:00Z,FI,24.92,15
2026-07-07T14:45:00Z,FR,-0.01,15
2026-07-07T14:45:00Z,GR,132.75,15
2026-07-07T14:45:00Z,HR,137.51,15
2026-07-07T14:45:00Z,HU,133.09,15
2026-07-07T14:45:00Z,IT-CNorth,143.27,15
2026-07-07T14:45:00Z,IT-CSouth,143.27,15
2026-07-07T14:45:00Z,IT-North,143.27,15
2026-07-07T14:45:00Z,IT-Sardinia,143.27,15
2026-07-07T14:45:00Z,IT-Sicily,143.27,15
2026-07-07T14:45:00Z,IT-South,143.27,15
2026-07-07T14:45:00Z,LT,98.54,15
2026-07-07T14:45:00Z,LV,98.54,15
2026-07-07T14:45:00Z,NL,21.10,15
2026-07-07T14:45:00Z,NO1,47.03,15
2026-07-07T14:45:00Z,NO2,41.08,15
2026-07-07T14:45:00Z,NO3,56.52,15
2026-07-07T14:45:00Z,NO4,12.24,15
2026-07-07T14:45:00Z,NO5,47.84,15
2026-07-07T14:45:00Z,PL,101.56,15
2026-07-07T14:45:00Z,PT,79.55,15
2026-07-07T14:45:00Z,RO,132.38,15
2026-07-07T14:45:00Z,RS,95.09,15
2026-07-07T14:45:00Z,SE1,22.45,15
2026-07-07T14:45:00Z,SE2,24.65,15
2026-07-07T14:45:00Z,SE3,26.05,15
2026-07-07T14:45:00Z,SE4,26.67,15
2026-07-07T14:45:00Z,SI,143.27,15
2026-07-07T14:45:00Z,SK,123.33,15
2026-07-07T15:00:00Z,AT,93.54,15
2026-07-07T15:00:00Z,BE,18.01,15
2026-07-07T15:00:00Z,CH,105.21,60
2026-07-07T15:00:00Z,CZ,70.91,15
2026-07-07T15:00:00Z,DE-LU,0.00,15
2026-07-07T15:00:00Z,DK1,2.10,15
2026-07-07T15:00:00Z,DK2,23.29,15
2026-07-07T15:00:00Z,EE,20.38,15
2026-07-07T15:00:00Z,ES,79.68,15
2026-07-07T15:00:00Z,FI,20.37,15
2026-07-07T15:00:00Z,FR,0.00,15
2026-07-07T15:00:00Z,GR,95.24,15
2026-07-07T15:00:00Z,HR,92.32,15
2026-07-07T15:00:00Z,HU,96.53,15
2026-07-07T15:00:00Z,IT-CNorth,118.43,15
2026-07-07T15:00:00Z,IT-CSouth,118.43,15
2026-07-07T15:00:00Z,IT-North,118.43,15
2026-07-07T15:00:00Z,IT-Sardinia,118.43,15
2026-07-07T15:00:00Z,IT-Sicily,118.43,15
2026-07-07T15:00:00Z,IT-South,118.43,15
2026-07-07T15:00:00Z,LT,30.00,15
2026-07-07T15:00:00Z,LV,30.00,15
2026-07-07T15:00:00Z,NL,6.62,15
2026-07-07T15:00:00Z,NO1,34.01,15
2026-07-07T15:00:00Z,NO2,20.87,15
2026-07-07T15:00:00Z,NO3,56.51,15
2026-07-07T15:00:00Z,NO4,12.70,15
2026-07-07T15:00:00Z,NO5,48.60,15
2026-07-07T15:00:00Z,PL,101.78,15
2026-07-07T15:00:00Z,PT,79.68,15
2026-07-07T15:00:00Z,RO,95.47,15
2026-07-07T15:00:00Z,RS,125.10,15
2026-07-07T15:00:00Z,SE1,17.08,15
2026-07-07T15:00:00Z,SE2,19.64,15
2026-07-07T15:00:00Z,SE3,22.09,15
2026-07-07T15:00:00Z,SE4,23.06,15
2026-07-07T15:00:00Z,SI,93.01,15
2026-07-07T15:00:00Z,SK,96.05,15
2026-07-07T15:15:00Z,AT,119.19,15
2026-07-07T15:15:00Z,BE,28.16,15
2026-07-07T15:15:00Z,CZ,86.28,15
2026-07-07T15:15:00Z,DE-LU,0.01,15
2026-07-07T15:15:00Z,DK1,1.61,15
2026-07-07T15:15:00Z,DK2,25.89,15
2026-07-07T15:15:00Z,EE,22.76,15
2026-07-07T15:15:00Z,ES,79.94,15
2026-07-07T15:15:00Z,FI,22.75,15
2026-07-07T15:15:00Z,FR,-0.01,15
2026-07-07T15:15:00Z,GR,118.05,15
2026-07-07T15:15:00Z,HR,117.47,15
2026-07-07T15:15:00Z,HU,119.06,15
2026-07-07T15:15:00Z,IT-CNorth,120.00,15
2026-07-07T15:15:00Z,IT-CSouth,120.00,15
2026-07-07T15:15:00Z,IT-North,120.00,15
2026-07-07T15:15:00Z,IT-Sardinia,120.00,15
2026-07-07T15:15:00Z,IT-Sicily,120.00,15
2026-07-07T15:15:00Z,IT-South,120.00,15
2026-07-07T15:15:00Z,LT,99.93,15
2026-07-07T15:15:00Z,LV,99.93,15
2026-07-07T15:15:00Z,NL,16.60,15
2026-07-07T15:15:00Z,NO1,36.43,15
2026-07-07T15:15:00Z,NO2,26.18,15
2026-07-07T15:15:00Z,NO3,57.82,15
2026-07-07T15:15:00Z,NO4,12.74,15
2026-07-07T15:15:00Z,NO5,47.91,15
2026-07-07T15:15:00Z,PL,113.48,15
2026-07-07T15:15:00Z,PT,79.94,15
2026-07-07T15:15:00Z,RO,118.09,15
2026-07-07T15:15:00Z,RS,125.10,15
2026-07-07T15:15:00Z,SE1,19.14,15
2026-07-07T15:15:00Z,SE2,22.00,15
2026-07-07T15:15:00Z,SE3,24.60,15
2026-07-07T15:15:00Z,SE4,25.64,15
2026-07-07T15:15:00Z,SI,120.00,15
2026-07-07T15:15:00Z,SK,115.68,15
2026-07-07T15:30:00Z,AT,147.42,15
2026-07-07T15:30:00Z,BE,83.67,15
2026-07-07T15:30:00Z,CZ,99.17,15
2026-07-07T15:30:00Z,DE-LU,7.85,15
2026-07-07T15:30:00Z,DK1,3.44,15
2026-07-07T15:30:00Z,DK2,20.97,15
2026-07-07T15:30:00Z,EE,18.78,15
2026-07-07T15:30:00Z,ES,80.00,15
2026-07-07T15:30:00Z,FI,18.77,15
2026-07-07T15:30:00Z,FR,0.00,15
2026-07-07T15:30:00Z,GR,132.30,15
2026-07-07T15:30:00Z,HR,132.31,15
2026-07-07T15:30:00Z,HU,134.01,15
2026-07-07T15:30:00Z,IT-CNorth,135.00,15
2026-07-07T15:30:00Z,IT-CSouth,135.00,15
2026-07-07T15:30:00Z,IT-North,135.00,15
2026-07-07T15:30:00Z,IT-Sardinia,135.00,15
2026-07-07T15:30:00Z,IT-Sicily,135.00,15
2026-07-07T15:30:00Z,IT-South,135.00,15
2026-07-07T15:30:00Z,LT,107.02,15
2026-07-07T15:30:00Z,LV,107.02,15
2026-07-07T15:30:00Z,NL,81.59,15
2026-07-07T15:30:00Z,NO1,30.76,15
2026-07-07T15:30:00Z,NO2,13.70,15
2026-07-07T15:30:00Z,NO3,52.59,15
2026-07-07T15:30:00Z,NO4,12.82,15
2026-07-07T15:30:00Z,NO5,49.52,15
2026-07-07T15:30:00Z,PL,111.01,15
2026-07-07T15:30:00Z,PT,80.00,15
2026-07-07T15:30:00Z,RO,132.26,15
2026-07-07T15:30:00Z,RS,125.10,15
2026-07-07T15:30:00Z,SE1,16.29,15
2026-07-07T15:30:00Z,SE2,18.22,15
2026-07-07T15:30:00Z,SE3,20.06,15
2026-07-07T15:30:00Z,SE4,20.79,15
2026-07-07T15:30:00Z,SI,135.00,15
2026-07-07T15:30:00Z,SK,127.13,15
2026-07-07T15:45:00Z,AT,167.49,15
2026-07-07T15:45:00Z,BE,137.25,15
2026-07-07T15:45:00Z,CZ,105.55,15
2026-07-07T15:45:00Z,DE-LU,20.21,15
2026-07-07T15:45:00Z,DK1,6.32,15
2026-07-07T15:45:00Z,DK2,21.37,15
2026-07-07T15:45:00Z,EE,22.30,15
2026-07-07T15:45:00Z,ES,80.61,15
2026-07-07T15:45:00Z,FI,22.29,15
2026-07-07T15:45:00Z,FR,20.12,15
2026-07-07T15:45:00Z,GR,162.96,15
2026-07-07T15:45:00Z,HR,148.34,15
2026-07-07T15:45:00Z,HU,170.90,15
2026-07-07T15:45:00Z,IT-CNorth,145.00,15
2026-07-07T15:45:00Z,IT-CSouth,145.00,15
2026-07-07T15:45:00Z,IT-North,145.00,15
2026-07-07T15:45:00Z,IT-Sardinia,145.00,15
2026-07-07T15:45:00Z,IT-Sicily,145.00,15
2026-07-07T15:45:00Z,IT-South,145.00,15
2026-07-07T15:45:00Z,LT,114.05,15
2026-07-07T15:45:00Z,LV,114.05,15
2026-07-07T15:45:00Z,NL,163.08,15
2026-07-07T15:45:00Z,NO1,30.72,15
2026-07-07T15:45:00Z,NO2,13.21,15
2026-07-07T15:45:00Z,NO3,51.81,15
2026-07-07T15:45:00Z,NO4,12.86,15
2026-07-07T15:45:00Z,NO5,49.95,15
2026-07-07T15:45:00Z,PL,114.88,15
2026-07-07T15:45:00Z,PT,80.61,15
2026-07-07T15:45:00Z,RO,164.13,15
2026-07-07T15:45:00Z,RS,125.10,15
2026-07-07T15:45:00Z,SE1,17.09,15
2026-07-07T15:45:00Z,SE2,18.91,15
2026-07-07T15:45:00Z,SE3,20.55,15
2026-07-07T15:45:00Z,SE4,21.21,15
2026-07-07T15:45:00Z,SI,145.00,15
2026-07-07T15:45:00Z,SK,146.02,15
2026-07-07T16:00:00Z,AT,107.90,15
2026-07-07T16:00:00Z,BE,73.75,15
2026-07-07T16:00:00Z,CH,112.56,60
2026-07-07T16:00:00Z,CZ,94.71,15
2026-07-07T16:00:00Z,DE-LU,25.18,15
2026-07-07T16:00:00Z,DK1,15.00,15
2026-07-07T16:00:00Z,DK2,15.80,15
2026-07-07T16:00:00Z,EE,20.00,15
2026-07-07T16:00:00Z,ES,80.07,15
2026-07-07T16:00:00Z,FI,20.00,15
2026-07-07T16:00:00Z,FR,31.59,15
2026-07-07T16:00:00Z,GR,124.22,15
2026-07-07T16:00:00Z,HR,120.01,15
2026-07-07T16:00:00Z,HU,124.94,15
2026-07-07T16:00:00Z,IT-CNorth,120.30,15
2026-07-07T16:00:00Z,IT-CSouth,120.30,15
2026-07-07T16:00:00Z,IT-North,120.30,15
2026-07-07T16:00:00Z,IT-Sardinia,120.30,15
2026-07-07T16:00:00Z,IT-Sicily,120.30,15
2026-07-07T16:00:00Z,IT-South,120.30,15
2026-07-07T16:00:00Z,LT,79.80,15
2026-07-07T16:00:00Z,LV,79.80,15
2026-07-07T16:00:00Z,NL,77.78,15
2026-07-07T16:00:00Z,NO1,25.23,15
2026-07-07T16:00:00Z,NO2,29.99,15
2026-07-07T16:00:00Z,NO3,25.86,15
2026-07-07T16:00:00Z,NO4,17.43,15
2026-07-07T16:00:00Z,NO5,39.92,15
2026-07-07T16:00:00Z,PL,120.89,15
2026-07-07T16:00:00Z,PT,80.07,15
2026-07-07T16:00:00Z,RO,124.56,15
2026-07-07T16:00:00Z,RS,168.03,15
2026-07-07T16:00:00Z,SE1,16.51,15
2026-07-07T16:00:00Z,SE2,16.34,15
2026-07-07T16:00:00Z,SE3,16.01,15
2026-07-07T16:00:00Z,SE4,15.84,15
2026-07-07T16:00:00Z,SI,120.30,15
2026-07-07T16:00:00Z,SK,129.82,15
2026-07-07T16:15:00Z,AT,123.94,15
2026-07-07T16:15:00Z,BE,87.33,15
2026-07-07T16:15:00Z,CZ,103.31,15
2026-07-07T16:15:00Z,DE-LU,58.86,15
2026-07-07T16:15:00Z,DK1,46.60,15
2026-07-07T16:15:00Z,DK2,45.61,15
2026-07-07T16:15:00Z,EE,30.36,15
2026-07-07T16:15:00Z,ES,84.01,15
2026-07-07T16:15:00Z,FI,30.35,15
2026-07-07T16:15:00Z,FR,84.01,15
2026-07-07T16:15:00Z,GR,149.99,15
2026-07-07T16:15:00Z,HR,139.01,15
2026-07-07T16:15:00Z,HU,152.19,15
2026-07-07T16:15:00Z,IT-CNorth,135.00,15
2026-07-07T16:15:00Z,IT-CSouth,135.00,15
2026-07-07T16:15:00Z,IT-North,135.00,15
2026-07-07T16:15:00Z,IT-Sardinia,135.00,15
2026-07-07T16:15:00Z,IT-Sicily,135.00,15
2026-07-07T16:15:00Z,IT-South,135.00,15
2026-07-07T16:15:00Z,LT,90.99,15
2026-07-07T16:15:00Z,LV,90.99,15
2026-07-07T16:15:00Z,NL,110.10,15
2026-07-07T16:15:00Z,NO1,47.86,15
2026-07-07T16:15:00Z,NO2,48.03,15
2026-07-07T16:15:00Z,NO3,44.30,15
2026-07-07T16:15:00Z,NO4,17.36,15
2026-07-07T16:15:00Z,NO5,47.74,15
2026-07-07T16:15:00Z,PL,127.20,15
2026-07-07T16:15:00Z,PT,84.01,15
2026-07-07T16:15:00Z,RO,150.81,15
2026-07-07T16:15:00Z,RS,168.03,15
2026-07-07T16:15:00Z,SE1,28.07,15
2026-07-07T16:15:00Z,SE2,30.29,15
2026-07-07T16:15:00Z,SE3,38.46,15
2026-07-07T16:15:00Z,SE4,45.61,15
2026-07-07T16:15:00Z,SI,135.00,15
2026-07-07T16:15:00Z,SK,168.77,15
2026-07-07T16:30:00Z,AT,140.39,15
2026-07-07T16:30:00Z,BE,101.13,15
2026-07-07T16:30:00Z,CZ,123.77,15
2026-07-07T16:30:00Z,DE-LU,71.01,15
2026-07-07T16:30:00Z,DK1,60.59,15
2026-07-07T16:30:00Z,DK2,63.01,15
2026-07-07T16:30:00Z,EE,27.88,15
2026-07-07T16:30:00Z,ES,94.60,15
2026-07-07T16:30:00Z,FI,27.87,15
2026-07-07T16:30:00Z,FR,94.60,15
2026-07-07T16:30:00Z,GR,143.29,15
2026-07-07T16:30:00Z,HR,147.30,15
2026-07-07T16:30:00Z,HU,142.39,15
2026-07-07T16:30:00Z,IT-CNorth,154.22,15
2026-07-07T16:30:00Z,IT-CSouth,154.22,15
2026-07-07T16:30:00Z,IT-North,154.22,15
2026-07-07T16:30:00Z,IT-Sardinia,154.22,15
2026-07-07T16:30:00Z,IT-Sicily,154.22,15
2026-07-07T16:30:00Z,IT-South,154.22,15
2026-07-07T16:30:00Z,LT,95.11,15
2026-07-07T16:30:00Z,LV,95.11,15
2026-07-07T16:30:00Z,NL,126.85,15
2026-07-07T16:30:00Z,NO1,61.72,15
2026-07-07T16:30:00Z,NO2,62.44,15
2026-07-07T16:30:00Z,NO3,50.51,15
2026-07-07T16:30:00Z,NO4,17.79,15
2026-07-07T16:30:00Z,NO5,60.84,15
2026-07-07T16:30:00Z,PL,128.67,15
2026-07-07T16:30:00Z,PT,94.60,15
2026-07-07T16:30:00Z,RO,143.02,15
2026-07-07T16:30:00Z,RS,168.03,15
2026-07-07T16:30:00Z,SE1,26.25,15
2026-07-07T16:30:00Z,SE2,28.01,15
2026-07-07T16:30:00Z,SE3,46.38,15
2026-07-07T16:30:00Z,SE4,63.11,15
2026-07-07T16:30:00Z,SI,151.23,15
2026-07-07T16:30:00Z,SK,138.67,15
2026-07-07T16:45:00Z,AT,163.51,15
2026-07-07T16:45:00Z,BE,120.78,15
2026-07-07T16:45:00Z,CZ,145.39,15
2026-07-07T16:45:00Z,DE-LU,87.80,15
2026-07-07T16:45:00Z,DK1,75.93,15
2026-07-07T16:45:00Z,DK2,80.07,15
2026-07-07T16:45:00Z,EE,48.01,15
2026-07-07T16:45:00Z,ES,114.99,15
2026-07-07T16:45:00Z,FI,23.72,15
2026-07-07T16:45:00Z,FR,114.99,15
2026-07-07T16:45:00Z,GR,166.25,15
2026-07-07T16:45:00Z,HR,170.22,15
2026-07-07T16:45:00Z,HU,165.37,15
2026-07-07T16:45:00Z,IT-CNorth,174.22,15
2026-07-07T16:45:00Z,IT-CSouth,174.22,15
2026-07-07T16:45:00Z,IT-North,174.22,15
2026-07-07T16:45:00Z,IT-Sardinia,174.22,15
2026-07-07T16:45:00Z,IT-Sicily,174.22,15
2026-07-07T16:45:00Z,IT-South,174.22,15
2026-07-07T16:45:00Z,LT,88.89,15
2026-07-07T16:45:00Z,LV,88.89,15
2026-07-07T16:45:00Z,NL,150.72,15
2026-07-07T16:45:00Z,NO1,76.72,15
2026-07-07T16:45:00Z,NO2,78.22,15
2026-07-07T16:45:00Z,NO3,54.50,15
2026-07-07T16:45:00Z,NO4,20.61,15
2026-07-07T16:45:00Z,NO5,74.87,15
2026-07-07T16:45:00Z,PL,151.15,15
2026-07-07T16:45:00Z,PT,114.99,15
2026-07-07T16:45:00Z,RO,165.98,15
2026-07-07T16:45:00Z,RS,168.03,15
2026-07-07T16:45:00Z,SE1,22.14,15
2026-07-07T16:45:00Z,SE2,22.48,15
2026-07-07T16:45:00Z,SE3,52.47,15
2026-07-07T16:45:00Z,SE4,80.32,15
2026-07-07T16:45:00Z,SI,174.22,15
2026-07-07T16:45:00Z,SK,161.54,15
2026-07-07T17:00:00Z,AT,111.83,15
2026-07-07T17:00:00Z,BE,98.69,15
2026-07-07T17:00:00Z,CH,117.00,60
2026-07-07T17:00:00Z,CZ,118.57,15
2026-07-07T17:00:00Z,DE-LU,67.53,15
2026-07-07T17:00:00Z,DK1,67.06,15
2026-07-07T17:00:00Z,DK2,68.76,15
2026-07-07T17:00:00Z,EE,75.58,15
2026-07-07T17:00:00Z,ES,90.00,15
2026-07-07T17:00:00Z,FI,24.45,15
2026-07-07T17:00:00Z,FR,90.00,15
2026-07-07T17:00:00Z,GR,144.71,15
2026-07-07T17:00:00Z,HR,131.42,15
2026-07-07T17:00:00Z,HU,145.71,15
2026-07-07T17:00:00Z,IT-CNorth,157.76,15
2026-07-07T17:00:00Z,IT-CSouth,157.76,15
2026-07-07T17:00:00Z,IT-North,157.76,15
2026-07-07T17:00:00Z,IT-Sardinia,157.76,15
2026-07-07T17:00:00Z,IT-Sicily,157.76,15
2026-07-07T17:00:00Z,IT-South,157.76,15
2026-07-07T17:00:00Z,LT,75.58,15
2026-07-07T17:00:00Z,LV,75.58,15
2026-07-07T17:00:00Z,NL,87.93,15
2026-07-07T17:00:00Z,NO1,71.28,15
2026-07-07T17:00:00Z,NO2,72.82,15
2026-07-07T17:00:00Z,NO3,48.27,15
2026-07-07T17:00:00Z,NO4,24.48,15
2026-07-07T17:00:00Z,NO5,69.66,15
2026-07-07T17:00:00Z,PL,174.61,15
2026-07-07T17:00:00Z,PT,90.00,15
2026-07-07T17:00:00Z,RO,145.73,15
2026-07-07T17:00:00Z,RS,140.29,15
2026-07-07T17:00:00Z,SE1,20.13,15
2026-07-07T17:00:00Z,SE2,19.25,15
2026-07-07T17:00:00Z,SE3,45.17,15
2026-07-07T17:00:00Z,SE4,69.01,15
2026-07-07T17:00:00Z,SI,126.25,15
2026-07-07T17:00:00Z,SK,158.49,15
2026-07-07T17:15:00Z,AT,138.20,15
2026-07-07T17:15:00Z,BE,112.35,15
2026-07-07T17:15:00Z,CZ,136.36,15
2026-07-07T17:15:00Z,DE-LU,84.19,15
2026-07-07T17:15:00Z,DK1,80.79,15
2026-07-07T17:15:00Z,DK2,82.27,15
2026-07-07T17:15:00Z,EE,83.39,15
2026-07-07T17:15:00Z,ES,108.54,15
2026-07-07T17:15:00Z,FI,25.64,15
2026-07-07T17:15:00Z,FR,108.54,15
2026-07-07T17:15:00Z,GR,172.54,15
2026-07-07T17:15:00Z,HR,165.72,15
2026-07-07T17:15:00Z,HU,187.11,15
2026-07-07T17:15:00Z,IT-CNorth,160.55,15
2026-07-07T17:15:00Z,IT-CSouth,160.55,15
2026-07-07T17:15:00Z,IT-North,160.55,15
2026-07-07T17:15:00Z,IT-Sardinia,160.55,15
2026-07-07T17:15:00Z,IT-Sicily,160.55,15
2026-07-07T17:15:00Z,IT-South,160.55,15
2026-07-07T17:15:00Z,LT,83.39,15
2026-07-07T17:15:00Z,LV,83.39,15
2026-07-07T17:15:00Z,NL,110.00,15
2026-07-07T17:15:00Z,NO1,78.78,15
2026-07-07T17:15:00Z,NO2,80.76,15
2026-07-07T17:15:00Z,NO3,50.05,15
2026-07-07T17:15:00Z,NO4,24.69,15
2026-07-07T17:15:00Z,NO5,76.44,15
2026-07-07T17:15:00Z,PL,145.48,15
2026-07-07T17:15:00Z,PT,108.54,15
2026-07-07T17:15:00Z,RO,189.22,15
2026-07-07T17:15:00Z,RS,140.29,15
2026-07-07T17:15:00Z,SE1,17.40,15
2026-07-07T17:15:00Z,SE2,15.93,15
2026-07-07T17:15:00Z,SE3,50.64,15
2026-07-07T17:15:00Z,SE4,82.61,15
2026-07-07T17:15:00Z,SI,157.55,15
2026-07-07T17:15:00Z,SK,207.50,15
2026-07-07T17:30:00Z,AT,154.99,15
2026-07-07T17:30:00Z,BE,135.66,15
2026-07-07T17:30:00Z,CZ,142.34,15
2026-07-07T17:30:00Z,DE-LU,92.01,15
2026-07-07T17:30:00Z,DK1,85.75,15
2026-07-07T17:30:00Z,DK2,88.90,15
2026-07-07T17:30:00Z,EE,90.16,15
2026-07-07T17:30:00Z,ES,125.30,15
2026-07-07T17:30:00Z,FI,25.14,15
2026-07-07T17:30:00Z,FR,125.30,15
2026-07-07T17:30:00Z,GR,172.54,15
2026-07-07T17:30:00Z,HR,168.65,15
2026-07-07T17:30:00Z,HU,182.48,15
2026-07-07T17:30:00Z,IT-CNorth,167.40,15
2026-07-07T17:30:00Z,IT-CSouth,167.40,15
2026-07-07T17:30:00Z,IT-North,167.40,15
2026-07-07T17:30:00Z,IT-Sardinia,167.40,15
2026-07-07T17:30:00Z,IT-Sicily,167.40,15
2026-07-07T17:30:00Z,IT-South,167.40,15
2026-07-07T17:30:00Z,LT,90.16,15
2026-07-07T17:30:00Z,LV,90.16,15
2026-07-07T17:30:00Z,NL,135.27,15
2026-07-07T17:30:00Z,NO1,83.88,15
2026-07-07T17:30:00Z,NO2,86.10,15
2026-07-07T17:30:00Z,NO3,51.97,15
2026-07-07T17:30:00Z,NO4,24.12,15
2026-07-07T17:30:00Z,NO5,81.24,15
2026-07-07T17:30:00Z,PL,144.81,15
2026-07-07T17:30:00Z,PT,125.30,15
2026-07-07T17:30:00Z,RO,183.74,15
2026-07-07T17:30:00Z,RS,140.29,15
2026-07-07T17:30:00Z,SE1,15.93,15
2026-07-07T17:30:00Z,SE2,14.27,15
2026-07-07T17:30:00Z,SE3,53.31,15
2026-07-07T17:30:00Z,SE4,89.28,15
2026-07-07T17:30:00Z,SI,163.69,15
2026-07-07T17:30:00Z,SK,194.45,15
2026-07-07T17:45:00Z,AT,162.78,15
2026-07-07T17:45:00Z,BE,149.51,15
2026-07-07T17:45:00Z,CZ,147.86,15
2026-07-07T17:45:00Z,DE-LU,101.00,15
2026-07-07T17:45:00Z,DK1,95.18,15
2026-07-07T17:45:00Z,DK2,100.54,15
2026-07-07T17:45:00Z,EE,102.01,15
2026-07-07T17:45:00Z,ES,136.08,15
2026-07-07T17:45:00Z,FI,24.75,15
2026-07-07T17:45:00Z,FR,136.08,15
2026-07-07T17:45:00Z,GR,170.14,15
2026-07-07T17:45:00Z,HR,164.60,15
2026-07-07T17:45:00Z,HU,170.71,15
2026-07-07T17:45:00Z,IT-CNorth,174.22,15
2026-07-07T17:45:00Z,IT-CSouth,174.22,15
2026-07-07T17:45:00Z,IT-North,174.22,15
2026-07-07T17:45:00Z,IT-Sardinia,174.22,15
2026-07-07T17:45:00Z,IT-Sicily,174.22,15
2026-07-07T17:45:00Z,IT-South,174.22,15
2026-07-07T17:45:00Z,LT,102.01,15
2026-07-07T17:45:00Z,LV,102.01,15
2026-07-07T17:45:00Z,NL,150.48,15
2026-07-07T17:45:00Z,NO1,88.63,15
2026-07-07T17:45:00Z,NO2,92.57,15
2026-07-07T17:45:00Z,NO3,52.76,15
2026-07-07T17:45:00Z,NO4,24.20,15
2026-07-07T17:45:00Z,NO5,83.24,15
2026-07-07T17:45:00Z,PL,165.27,15
2026-07-07T17:45:00Z,PT,136.08,15
2026-07-07T17:45:00Z,RO,170.57,15
2026-07-07T17:45:00Z,RS,140.29,15
2026-07-07T17:45:00Z,SE1,14.72,15
2026-07-07T17:45:00Z,SE2,12.80,15
2026-07-07T17:45:00Z,SE3,58.71,15
2026-07-07T17:45:00Z,SE4,100.98,15
2026-07-07T17:45:00Z,SI,162.91,15
2026-07-07T17:45:00Z,SK,174.27,15
2026-07-07T18:00:00Z,AT,135.94,15
2026-07-07T18:00:00Z,BE,127.04,15
2026-07-07T18:00:00Z,CH,128.09,60
2026-07-07T18:00:00Z,CZ,141.00,15
2026-07-07T18:00:00Z,DE-LU,102.91,15
2026-07-07T18:00:00Z,DK1,73.72,15
2026-07-07T18:00:00Z,DK2,94.73,15
2026-07-07T18:00:00Z,EE,57.61,15
2026-07-07T18:00:00Z,ES,121.40,15
2026-07-07T18:00:00Z,FI,23.86,15
2026-07-07T18:00:00Z,FR,121.40,15
2026-07-07T18:00:00Z,GR,170.14,15
2026-07-07T18:00:00Z,HR,170.90,15
2026-07-07T18:00:00Z,HU,167.20,15
2026-07-07T18:00:00Z,IT-CNorth,174.22,15
2026-07-07T18:00:00Z,IT-CSouth,174.22,15
2026-07-07T18:00:00Z,IT-North,174.22,15
2026-07-07T18:00:00Z,IT-Sardinia,174.22,15
2026-07-07T18:00:00Z,IT-Sicily,174.22,15
2026-07-07T18:00:00Z,IT-South,174.22,15
2026-07-07T18:00:00Z,LT,96.01,15
2026-07-07T18:00:00Z,LV,96.01,15
2026-07-07T18:00:00Z,NL,115.23,15
2026-07-07T18:00:00Z,NO1,90.07,15
2026-07-07T18:00:00Z,NO2,95.09,15
2026-07-07T18:00:00Z,NO3,55.86,15
2026-07-07T18:00:00Z,NO4,25.48,15
2026-07-07T18:00:00Z,NO5,83.36,15
2026-07-07T18:00:00Z,PL,141.32,15
2026-07-07T18:00:00Z,PT,121.40,15
2026-07-07T18:00:00Z,RO,170.20,15
2026-07-07T18:00:00Z,RS,141.00,15
2026-07-07T18:00:00Z,SE1,21.19,15
2026-07-07T18:00:00Z,SE2,18.97,15
2026-07-07T18:00:00Z,SE3,58.19,15
2026-07-07T18:00:00Z,SE4,95.11,15
2026-07-07T18:00:00Z,SI,174.22,15
2026-07-07T18:00:00Z,SK,171.16,15
2026-07-07T18:15:00Z,AT,147.78,15
2026-07-07T18:15:00Z,BE,146.11,15
2026-07-07T18:15:00Z,CZ,145.53,15
2026-07-07T18:15:00Z,DE-LU,104.17,15
2026-07-07T18:15:00Z,DK1,83.83,15
2026-07-07T18:15:00Z,DK2,94.47,15
2026-07-07T18:15:00Z,EE,58.52,15
2026-07-07T18:15:00Z,ES,131.78,15
2026-07-07T18:15:00Z,FI,23.63,15
2026-07-07T18:15:00Z,FR,131.78,15
2026-07-07T18:15:00Z,GR,176.78,15
2026-07-07T18:15:00Z,HR,173.40,15
2026-07-07T18:15:00Z,HU,174.73,15
2026-07-07T18:15:00Z,IT-CNorth,174.22,15
2026-07-07T18:15:00Z,IT-CSouth,174.22,15
2026-07-07T18:15:00Z,IT-North,174.22,15
2026-07-07T18:15:00Z,IT-Sardinia,174.22,15
2026-07-07T18:15:00Z,IT-Sicily,193.10,15
2026-07-07T18:15:00Z,IT-South,174.22,15
2026-07-07T18:15:00Z,LT,95.76,15
2026-07-07T18:15:00Z,LV,95.76,15
2026-07-07T18:15:00Z,NL,125.64,15
2026-07-07T18:15:00Z,NO1,91.14,15
2026-07-07T18:15:00Z,NO2,96.98,15
2026-07-07T18:15:00Z,NO3,55.38,15
2026-07-07T18:15:00Z,NO4,25.14,15
2026-07-07T18:15:00Z,NO5,83.31,15
2026-07-07T18:15:00Z,PL,138.05,15
2026-07-07T18:15:00Z,PT,131.78,15
2026-07-07T18:15:00Z,RO,177.13,15
2026-07-07T18:15:00Z,RS,141.00,15
2026-07-07T18:15:00Z,SE1,18.18,15
2026-07-07T18:15:00Z,SE2,16.27,15
2026-07-07T18:15:00Z,SE3,56.76,15
2026-07-07T18:15:00Z,SE4,94.86,15
2026-07-07T18:15:00Z,SI,174.22,15
2026-07-07T18:15:00Z,SK,180.27,15
2026-07-07T18:30:00Z,AT,139.98,15
2026-07-07T18:30:00Z,BE,150.00,15
2026-07-07T18:30:00Z,CZ,145.80,15
2026-07-07T18:30:00Z,DE-LU,112.90,15
2026-07-07T18:30:00Z,DK1,91.60,15
2026-07-07T18:30:00Z,DK2,101.28,15
2026-07-07T18:30:00Z,EE,59.12,15
2026-07-07T18:30:00Z,ES,140.55,15
2026-07-07T18:30:00Z,FI,22.24,15
2026-07-07T18:30:00Z,FR,138.41,15
2026-07-07T18:30:00Z,GR,177.42,15
2026-07-07T18:30:00Z,HR,173.51,15
2026-07-07T18:30:00Z,HU,174.63,15
2026-07-07T18:30:00Z,IT-CNorth,174.22,15
2026-07-07T18:30:00Z,IT-CSouth,174.22,15
2026-07-07T18:30:00Z,IT-North,174.22,15
2026-07-07T18:30:00Z,IT-Sardinia,174.22,15
2026-07-07T18:30:00Z,IT-Sicily,208.92,15
2026-07-07T18:30:00Z,IT-South,174.22,15
2026-07-07T18:30:00Z,LT,102.70,15
2026-07-07T18:30:00Z,LV,102.70,15
2026-07-07T18:30:00Z,NL,141.85,15
2026-07-07T18:30:00Z,NO1,92.75,15
2026-07-07T18:30:00Z,NO2,99.61,15
2026-07-07T18:30:00Z,NO3,54.32,15
2026-07-07T18:30:00Z,NO4,24.35,15
2026-07-07T18:30:00Z,NO5,83.32,15
2026-07-07T18:30:00Z,PL,135.20,15
2026-07-07T18:30:00Z,PT,140.55,15
2026-07-07T18:30:00Z,RO,177.82,15
2026-07-07T18:30:00Z,RS,141.00,15
2026-07-07T18:30:00Z,SE1,15.18,15
2026-07-07T18:30:00Z,SE2,13.24,15
2026-07-07T18:30:00Z,SE3,58.82,15
2026-07-07T18:30:00Z,SE4,101.70,15
2026-07-07T18:30:00Z,SI,174.22,15
2026-07-07T18:30:00Z,SK,182.21,15
2026-07-07T18:45:00Z,AT,135.91,15
2026-07-07T18:45:00Z,BE,162.81,15
2026-07-07T18:45:00Z,CZ,143.75,15
2026-07-07T18:45:00Z,DE-LU,111.91,15
2026-07-07T18:45:00Z,DK1,88.60,15
2026-07-07T18:45:00Z,DK2,98.47,15
2026-07-07T18:45:00Z,EE,59.10,15
2026-07-07T18:45:00Z,ES,144.61,15
2026-07-07T18:45:00Z,FI,19.98,15
2026-07-07T18:45:00Z,FR,144.61,15
2026-07-07T18:45:00Z,GR,172.54,15
2026-07-07T18:45:00Z,HR,171.93,15
2026-07-07T18:45:00Z,HU,169.24,15
2026-07-07T18:45:00Z,IT-CNorth,174.22,15
2026-07-07T18:45:00Z,IT-CSouth,174.22,15
2026-07-07T18:45:00Z,IT-North,174.22,15
2026-07-07T18:45:00Z,IT-Sardinia,174.22,15
2026-07-07T18:45:00Z,IT-Sicily,216.13,15
2026-07-07T18:45:00Z,IT-South,174.22,15
2026-07-07T18:45:00Z,LT,99.89,15
2026-07-07T18:45:00Z,LV,99.89,15
2026-07-07T18:45:00Z,NL,182.97,15
2026-07-07T18:45:00Z,NO1,90.93,15
2026-07-07T18:45:00Z,NO2,96.56,15
2026-07-07T18:45:00Z,NO3,53.22,15
2026-07-07T18:45:00Z,NO4,22.79,15
2026-07-07T18:45:00Z,NO5,83.33,15
2026-07-07T18:45:00Z,PL,136.01,15
2026-07-07T18:45:00Z,PT,144.61,15
2026-07-07T18:45:00Z,RO,172.71,15
2026-07-07T18:45:00Z,RS,141.00,15
2026-07-07T18:45:00Z,SE1,13.67,15
2026-07-07T18:45:00Z,SE2,11.73,15
2026-07-07T18:45:00Z,SE3,56.63,15
2026-07-07T18:45:00Z,SE4,98.89,15
2026-07-07T18:45:00Z,SI,174.22,15
2026-07-07T18:45:00Z,SK,174.97,15
2026-07-07T19:00:00Z,AT,145.10,15
2026-07-07T19:00:00Z,BE,133.23,15
2026-07-07T19:00:00Z,CH,128.70,60
2026-07-07T19:00:00Z,CZ,142.80,15
2026-07-07T19:00:00Z,DE-LU,118.09,15
2026-07-07T19:00:00Z,DK1,85.73,15
2026-07-07T19:00:00Z,DK2,98.60,15
2026-07-07T19:00:00Z,EE,58.87,15
2026-07-07T19:00:00Z,ES,144.61,15
2026-07-07T19:00:00Z,FI,25.54,15
2026-07-07T19:00:00Z,FR,131.27,15
2026-07-07T19:00:00Z,GR,180.01,15
2026-07-07T19:00:00Z,HR,163.47,15
2026-07-07T19:00:00Z,HU,181.37,15
2026-07-07T19:00:00Z,IT-CNorth,167.40,15
2026-07-07T19:00:00Z,IT-CSouth,167.40,15
2026-07-07T19:00:00Z,IT-North,167.40,15
2026-07-07T19:00:00Z,IT-Sardinia,167.40,15
2026-07-07T19:00:00Z,IT-Sicily,216.13,15
2026-07-07T19:00:00Z,IT-South,167.40,15
2026-07-07T19:00:00Z,LT,99.94,15
2026-07-07T19:00:00Z,LV,99.94,15
2026-07-07T19:00:00Z,NL,127.58,15
2026-07-07T19:00:00Z,NO1,91.63,15
2026-07-07T19:00:00Z,NO2,97.11,15
2026-07-07T19:00:00Z,NO3,56.44,15
2026-07-07T19:00:00Z,NO4,24.45,15
2026-07-07T19:00:00Z,NO5,84.53,15
2026-07-07T19:00:00Z,PL,128.00,15
2026-07-07T19:00:00Z,PT,144.61,15
2026-07-07T19:00:00Z,RO,181.26,15
2026-07-07T19:00:00Z,RS,140.30,15
2026-07-07T19:00:00Z,SE1,22.51,15
2026-07-07T19:00:00Z,SE2,19.92,15
2026-07-07T19:00:00Z,SE3,60.59,15
2026-07-07T19:00:00Z,SE4,99.00,15
2026-07-07T19:00:00Z,SI,157.31,15
2026-07-07T19:00:00Z,SK,187.01,15
2026-07-07T19:15:00Z,AT,135.36,15
2026-07-07T19:15:00Z,BE,140.30,15
2026-07-07T19:15:00Z,CZ,131.00,15
2026-07-07T19:15:00Z,DE-LU,117.00,15
2026-07-07T19:15:00Z,DK1,86.12,15
2026-07-07T19:15:00Z,DK2,96.46,15
2026-07-07T19:15:00Z,EE,59.27,15
2026-07-07T19:15:00Z,ES,150.74,15
2026-07-07T19:15:00Z,FI,28.41,15
2026-07-07T19:15:00Z,FR,133.14,15
2026-07-07T19:15:00Z,GR,172.52,15
2026-07-07T19:15:00Z,HR,152.74,15
2026-07-07T19:15:00Z,HU,177.53,15
2026-07-07T19:15:00Z,IT-CNorth,167.40,15
2026-07-07T19:15:00Z,IT-CSouth,167.40,15
2026-07-07T19:15:00Z,IT-North,167.40,15
2026-07-07T19:15:00Z,IT-Sardinia,167.40,15
2026-07-07T19:15:00Z,IT-Sicily,216.13,15
2026-07-07T19:15:00Z,IT-South,167.40,15
2026-07-07T19:15:00Z,LT,97.79,15
2026-07-07T19:15:00Z,LV,97.79,15
2026-07-07T19:15:00Z,NL,138.73,15
2026-07-07T19:15:00Z,NO1,91.69,15
2026-07-07T19:15:00Z,NO2,97.29,15
2026-07-07T19:15:00Z,NO3,55.65,15
2026-07-07T19:15:00Z,NO4,24.36,15
2026-07-07T19:15:00Z,NO5,84.54,15
2026-07-07T19:15:00Z,PL,132.44,15
2026-07-07T19:15:00Z,PT,150.74,15
2026-07-07T19:15:00Z,RO,173.94,15
2026-07-07T19:15:00Z,RS,140.30,15
2026-07-07T19:15:00Z,SE1,18.80,15
2026-07-07T19:15:00Z,SE2,16.67,15
2026-07-07T19:15:00Z,SE3,57.92,15
2026-07-07T19:15:00Z,SE4,96.86,15
2026-07-07T19:15:00Z,SI,145.45,15
2026-07-07T19:15:00Z,SK,166.13,15
2026-07-07T19:30:00Z,AT,129.62,15
2026-07-07T19:30:00Z,BE,150.70,15
2026-07-07T19:30:00Z,CZ,116.00,15
2026-07-07T19:30:00Z,DE-LU,118.88,15
2026-07-07T19:30:00Z,DK1,86.59,15
2026-07-07T19:30:00Z,DK2,96.91,15
2026-07-07T19:30:00Z,EE,58.42,15
2026-07-07T19:30:00Z,ES,160.00,15
2026-07-07T19:30:00Z,FI,26.50,15
2026-07-07T19:30:00Z,FR,130.12,15
2026-07-07T19:30:00Z,GR,157.50,15
2026-07-07T19:30:00Z,HR,142.49,15
2026-07-07T19:30:00Z,HU,163.15,15
2026-07-07T19:30:00Z,IT-CNorth,165.05,15
2026-07-07T19:30:00Z,IT-CSouth,165.05,15
2026-07-07T19:30:00Z,IT-North,165.05,15
2026-07-07T19:30:00Z,IT-Sardinia,165.05,15
2026-07-07T19:30:00Z,IT-Sicily,216.13,15
2026-07-07T19:30:00Z,IT-South,165.05,15
2026-07-07T19:30:00Z,LT,98.28,15
2026-07-07T19:30:00Z,LV,98.28,15
2026-07-07T19:30:00Z,NL,158.96,15
2026-07-07T19:30:00Z,NO1,91.85,15
2026-07-07T19:30:00Z,NO2,97.57,15
2026-07-07T19:30:00Z,NO3,54.38,15
2026-07-07T19:30:00Z,NO4,23.58,15
2026-07-07T19:30:00Z,NO5,84.54,15
2026-07-07T19:30:00Z,PL,121.14,15
2026-07-07T19:30:00Z,PT,160.00,15
2026-07-07T19:30:00Z,RO,158.52,15
2026-07-07T19:30:00Z,RS,140.30,15
2026-07-07T19:30:00Z,SE1,14.61,15
2026-07-07T19:30:00Z,SE2,12.79,15
2026-07-07T19:30:00Z,SE3,56.28,15
2026-07-07T19:30:00Z,SE4,97.32,15
2026-07-07T19:30:00Z,SI,136.79,15
2026-07-07T19:30:00Z,SK,151.99,15
2026-07-07T19:45:00Z,AT,123.92,15
2026-07-07T19:45:00Z,BE,215.01,15
2026-07-07T19:45:00Z,CZ,118.42,15
2026-07-07T19:45:00Z,DE-LU,119.64,15
2026-07-07T19:45:00Z,DK1,97.00,15
2026-07-07T19:45:00Z,DK2,102.17,15
2026-07-07T19:45:00Z,EE,57.47,15
2026-07-07T19:45:00Z,ES,164.37,15
2026-07-07T19:45:00Z,FI,23.67,15
2026-07-07T19:45:00Z,FR,110.06,15
2026-07-07T19:45:00Z,GR,152.49,15
2026-07-07T19:45:00Z,HR,136.49,15
2026-07-07T19:45:00Z,HU,156.27,15
2026-07-07T19:45:00Z,IT-CNorth,160.87,15
2026-07-07T19:45:00Z,IT-CSouth,160.87,15
2026-07-07T19:45:00Z,IT-North,160.87,15
2026-07-07T19:45:00Z,IT-Sardinia,160.87,15
2026-07-07T19:45:00Z,IT-Sicily,216.13,15
2026-07-07T19:45:00Z,IT-South,160.87,15
2026-07-07T19:45:00Z,LT,103.71,15
2026-07-07T19:45:00Z,LV,103.71,15
2026-07-07T19:45:00Z,NL,174.47,15
2026-07-07T19:45:00Z,NO1,91.72,15
2026-07-07T19:45:00Z,NO2,97.24,15
2026-07-07T19:45:00Z,NO3,51.98,15
2026-07-07T19:45:00Z,NO4,20.35,15
2026-07-07T19:45:00Z,NO5,84.56,15
2026-07-07T19:45:00Z,PL,107.66,15
2026-07-07T19:45:00Z,PT,164.37,15
2026-07-07T19:45:00Z,RO,153.65,15
2026-07-07T19:45:00Z,RS,140.30,15
2026-07-07T19:45:00Z,SE1,10.26,15
2026-07-07T19:45:00Z,SE2,8.21,15
2026-07-07T19:45:00Z,SE3,56.78,15
2026-07-07T19:45:00Z,SE4,102.63,15
2026-07-07T19:45:00Z,SI,130.68,15
2026-07-07T19:45:00Z,SK,146.96,15
2026-07-07T20:00:00Z,AT,146.73,15
2026-07-07T20:00:00Z,BE,154.59,15
2026-07-07T20:00:00Z,CH,130.03,60
2026-07-07T20:00:00Z,CZ,121.00,15
2026-07-07T20:00:00Z,DE-LU,124.54,15
2026-07-07T20:00:00Z,DK1,93.05,15
2026-07-07T20:00:00Z,DK2,101.23,15
2026-07-07T20:00:00Z,EE,54.47,15
2026-07-07T20:00:00Z,ES,171.11,15
2026-07-07T20:00:00Z,FI,30.12,15
2026-07-07T20:00:00Z,FR,131.18,15
2026-07-07T20:00:00Z,GR,170.14,15
2026-07-07T20:00:00Z,HR,161.58,15
2026-07-07T20:00:00Z,HU,172.59,15
2026-07-07T20:00:00Z,IT-CNorth,164.00,15
2026-07-07T20:00:00Z,IT-CSouth,164.00,15
2026-07-07T20:00:00Z,IT-North,164.00,15
2026-07-07T20:00:00Z,IT-Sardinia,164.00,15
2026-07-07T20:00:00Z,IT-Sicily,216.13,15
2026-07-07T20:00:00Z,IT-South,164.00,15
2026-07-07T20:00:00Z,LT,102.70,15
2026-07-07T20:00:00Z,LV,102.70,15
2026-07-07T20:00:00Z,NL,148.25,15
2026-07-07T20:00:00Z,NO1,86.26,15
2026-07-07T20:00:00Z,NO2,97.14,15
2026-07-07T20:00:00Z,NO3,54.62,15
2026-07-07T20:00:00Z,NO4,23.90,15
2026-07-07T20:00:00Z,NO5,85.56,15
2026-07-07T20:00:00Z,PL,113.15,15
2026-07-07T20:00:00Z,PT,171.11,15
2026-07-07T20:00:00Z,RO,170.75,15
2026-07-07T20:00:00Z,RS,161.04,15
2026-07-07T20:00:00Z,SE1,23.38,15
2026-07-07T20:00:00Z,SE2,20.42,15
2026-07-07T20:00:00Z,SE3,63.32,15
2026-07-07T20:00:00Z,SE4,101.61,15
2026-07-07T20:00:00Z,SI,157.76,15
2026-07-07T20:00:00Z,SK,190.98,15
2026-07-07T20:15:00Z,AT,131.77,15
2026-07-07T20:15:00Z,BE,160.81,15
2026-07-07T20:15:00Z,CZ,123.21,15
2026-07-07T20:15:00Z,DE-LU,122.00,15
2026-07-07T20:15:00Z,DK1,89.18,15
2026-07-07T20:15:00Z,DK2,97.76,15
2026-07-07T20:15:00Z,EE,48.12,15
2026-07-07T20:15:00Z,ES,170.19,15
2026-07-07T20:15:00Z,FI,25.70,15
2026-07-07T20:15:00Z,FR,124.43,15
2026-07-07T20:15:00Z,GR,142.24,15
2026-07-07T20:15:00Z,HR,137.92,15
2026-07-07T20:15:00Z,HU,142.65,15
2026-07-07T20:15:00Z,IT-CNorth,162.12,15
2026-07-07T20:15:00Z,IT-CSouth,162.12,15
2026-07-07T20:15:00Z,IT-North,162.12,15
2026-07-07T20:15:00Z,IT-Sardinia,162.12,15
2026-07-07T20:15:00Z,IT-Sicily,216.13,15
2026-07-07T20:15:00Z,IT-South,162.12,15
2026-07-07T20:15:00Z,LT,99.14,15
2026-07-07T20:15:00Z,LV,99.14,15
2026-07-07T20:15:00Z,NL,150.90,15
2026-07-07T20:15:00Z,NO1,92.24,15
2026-07-07T20:15:00Z,NO2,96.40,15
2026-07-07T20:15:00Z,NO3,56.24,15
2026-07-07T20:15:00Z,NO4,23.72,15
2026-07-07T20:15:00Z,NO5,87.00,15
2026-07-07T20:15:00Z,PL,113.45,15
2026-07-07T20:15:00Z,PT,170.19,15
2026-07-07T20:15:00Z,RO,142.58,15
2026-07-07T20:15:00Z,RS,161.04,15
2026-07-07T20:15:00Z,SE1,18.88,15
2026-07-07T20:15:00Z,SE2,16.62,15
2026-07-07T20:15:00Z,SE3,59.71,15
2026-07-07T20:15:00Z,SE4,98.12,15
2026-07-07T20:15:00Z,SI,136.16,15
2026-07-07T20:15:00Z,SK,149.32,15
2026-07-07T20:30:00Z,AT,147.70,15
2026-07-07T20:30:00Z,BE,156.85,15
2026-07-07T20:30:00Z,CZ,120.15,15
2026-07-07T20:30:00Z,DE-LU,121.03,15
2026-07-07T20:30:00Z,DK1,81.56,15
2026-07-07T20:30:00Z,DK2,88.62,15
2026-07-07T20:30:00Z,EE,46.52,15
2026-07-07T20:30:00Z,ES,160.86,15
2026-07-07T20:30:00Z,FI,22.05,15
2026-07-07T20:30:00Z,FR,144.01,15
2026-07-07T20:30:00Z,GR,170.14,15
2026-07-07T20:30:00Z,HR,162.26,15
2026-07-07T20:30:00Z,HU,172.40,15
2026-07-07T20:30:00Z,IT-CNorth,158.68,15
2026-07-07T20:30:00Z,IT-CSouth,158.68,15
2026-07-07T20:30:00Z,IT-North,158.68,15
2026-07-07T20:30:00Z,IT-Sardinia,158.68,15
2026-07-07T20:30:00Z,IT-Sicily,208.92,15
2026-07-07T20:30:00Z,IT-South,158.68,15
2026-07-07T20:30:00Z,LT,89.91,15
2026-07-07T20:30:00Z,LV,89.91,15
2026-07-07T20:30:00Z,NL,149.75,15
2026-07-07T20:30:00Z,NO1,89.68,15
2026-07-07T20:30:00Z,NO2,92.42,15
2026-07-07T20:30:00Z,NO3,54.40,15
2026-07-07T20:30:00Z,NO4,22.06,15
2026-07-07T20:30:00Z,NO5,86.60,15
2026-07-07T20:30:00Z,PL,111.54,15
2026-07-07T20:30:00Z,PT,160.86,15
2026-07-07T20:30:00Z,RO,170.70,15
2026-07-07T20:30:00Z,RS,161.04,15
2026-07-07T20:30:00Z,SE1,13.67,15
2026-07-07T20:30:00Z,SE2,12.01,15
2026-07-07T20:30:00Z,SE3,52.70,15
2026-07-07T20:30:00Z,SE4,88.96,15
2026-07-07T20:30:00Z,SI,158.68,15
2026-07-07T20:30:00Z,SK,190.31,15
2026-07-07T20:45:00Z,AT,135.92,15
2026-07-07T20:45:00Z,BE,168.34,15
2026-07-07T20:45:00Z,CZ,116.16,15
2026-07-07T20:45:00Z,DE-LU,115.45,15
2026-07-07T20:45:00Z,DK1,80.00,15
2026-07-07T20:45:00Z,DK2,86.75,15
2026-07-07T20:45:00Z,EE,25.00,15
2026-07-07T20:45:00Z,ES,156.07,15
2026-07-07T20:45:00Z,FI,18.15,15
2026-07-07T20:45:00Z,FR,140.68,15
2026-07-07T20:45:00Z,GR,150.48,15
2026-07-07T20:45:00Z,HR,145.60,15
2026-07-07T20:45:00Z,HU,151.89,15
2026-07-07T20:45:00Z,IT-CNorth,148.21,15
2026-07-07T20:45:00Z,IT-CSouth,148.21,15
2026-07-07T20:45:00Z,IT-North,148.21,15
2026-07-07T20:45:00Z,IT-Sardinia,148.21,15
2026-07-07T20:45:00Z,IT-Sicily,208.92,15
2026-07-07T20:45:00Z,IT-South,148.21,15
2026-07-07T20:45:00Z,LT,88.09,15
2026-07-07T20:45:00Z,LV,88.09,15
2026-07-07T20:45:00Z,NL,144.86,15
2026-07-07T20:45:00Z,NO1,88.03,15
2026-07-07T20:45:00Z,NO2,90.42,15
2026-07-07T20:45:00Z,NO3,51.84,15
2026-07-07T20:45:00Z,NO4,18.34,15
2026-07-07T20:45:00Z,NO5,85.45,15
2026-07-07T20:45:00Z,PL,109.98,15
2026-07-07T20:45:00Z,PT,156.07,15
2026-07-07T20:45:00Z,RO,150.83,15
2026-07-07T20:45:00Z,RS,161.04,15
2026-07-07T20:45:00Z,SE1,9.67,15
2026-07-07T20:45:00Z,SE2,7.95,15
2026-07-07T20:45:00Z,SE3,49.80,15
2026-07-07T20:45:00Z,SE4,87.10,15
2026-07-07T20:45:00Z,SI,143.32,15
2026-07-07T20:45:00Z,SK,163.68,15
2026-07-07T21:00:00Z,AT,147.16,15
2026-07-07T21:00:00Z,BE,164.99,15
2026-07-07T21:00:00Z,CH,122.40,60
2026-07-07T21:00:00Z,CZ,117.14,15
2026-07-07T21:00:00Z,DE-LU,121.24,15
2026-07-07T21:00:00Z,DK1,81.34,15
2026-07-07T21:00:00Z,DK2,88.84,15
2026-07-07T21:00:00Z,EE,20.10,15
2026-07-07T21:00:00Z,ES,154.01,15
2026-07-07T21:00:00Z,FI,20.09,15
2026-07-07T21:00:00Z,FR,125.28,15
2026-07-07T21:00:00Z,GR,172.14,15
2026-07-07T21:00:00Z,HR,162.36,15
2026-07-07T21:00:00Z,HU,174.99,15
2026-07-07T21:00:00Z,IT-CNorth,157.97,15
2026-07-07T21:00:00Z,IT-CSouth,157.97,15
2026-07-07T21:00:00Z,IT-North,157.97,15
2026-07-07T21:00:00Z,IT-Sardinia,157.97,15
2026-07-07T21:00:00Z,IT-Sicily,157.97,15
2026-07-07T21:00:00Z,IT-South,157.97,15
2026-07-07T21:00:00Z,LT,90.08,15
2026-07-07T21:00:00Z,LV,90.08,15
2026-07-07T21:00:00Z,NL,149.34,15
2026-07-07T21:00:00Z,NO1,89.18,15
2026-07-07T21:00:00Z,NO2,92.63,15
2026-07-07T21:00:00Z,NO3,55.68,15
2026-07-07T21:00:00Z,NO4,22.47,15
2026-07-07T21:00:00Z,NO5,85.57,15
2026-07-07T21:00:00Z,PL,108.28,15
2026-07-07T21:00:00Z,PT,154.01,15
2026-07-07T21:00:00Z,RO,172.61,15
2026-07-07T21:00:00Z,RS,142.03,15
2026-07-07T21:00:00Z,SE1,20.05,15
2026-07-07T21:00:00Z,SE2,17.81,15
2026-07-07T21:00:00Z,SE3,56.11,15
2026-07-07T21:00:00Z,SE4,89.16,15
2026-07-07T21:00:00Z,SI,157.97,15
2026-07-07T21:00:00Z,SK,193.35,15
2026-07-07T21:15:00Z,AT,141.19,15
2026-07-07T21:15:00Z,BE,154.00,15
2026-07-07T21:15:00Z,CZ,115.31,15
2026-07-07T21:15:00Z,DE-LU,118.80,15
2026-07-07T21:15:00Z,DK1,79.29,15
2026-07-07T21:15:00Z,DK2,86.67,15
2026-07-07T21:15:00Z,EE,16.88,15
2026-07-07T21:15:00Z,ES,149.47,15
2026-07-07T21:15:00Z,FI,16.88,15
2026-07-07T21:15:00Z,FR,122.14,15
2026-07-07T21:15:00Z,GR,162.75,15
2026-07-07T21:15:00Z,HR,154.30,15
2026-07-07T21:15:00Z,HU,165.22,15
2026-07-07T21:15:00Z,IT-CNorth,150.51,15
2026-07-07T21:15:00Z,IT-CSouth,150.51,15
2026-07-07T21:15:00Z,IT-North,150.51,15
2026-07-07T21:15:00Z,IT-Sardinia,150.51,15
2026-07-07T21:15:00Z,IT-Sicily,150.51,15
2026-07-07T21:15:00Z,IT-South,150.51,15
2026-07-07T21:15:00Z,LT,87.90,15
2026-07-07T21:15:00Z,LV,87.90,15
2026-07-07T21:15:00Z,NL,140.10,15
2026-07-07T21:15:00Z,NO1,88.00,15
2026-07-07T21:15:00Z,NO2,90.33,15
2026-07-07T21:15:00Z,NO3,54.61,15
2026-07-07T21:15:00Z,NO4,22.24,15
2026-07-07T21:15:00Z,NO5,85.55,15
2026-07-07T21:15:00Z,PL,107.65,15
2026-07-07T21:15:00Z,PT,149.47,15
2026-07-07T21:15:00Z,RO,163.17,15
2026-07-07T21:15:00Z,RS,142.03,15
2026-07-07T21:15:00Z,SE1,16.82,15
2026-07-07T21:15:00Z,SE2,14.94,15
2026-07-07T21:15:00Z,SE3,53.61,15
2026-07-07T21:15:00Z,SE4,86.98,15
2026-07-07T21:15:00Z,SI,150.51,15
2026-07-07T21:15:00Z,SK,181.07,15
2026-07-07T21:30:00Z,AT,137.69,15
2026-07-07T21:30:00Z,BE,140.00,15
2026-07-07T21:30:00Z,CZ,112.26,15
2026-07-07T21:30:00Z,DE-LU,115.36,15
2026-07-07T21:30:00Z,DK1,79.41,15
2026-07-07T21:30:00Z,DK2,86.30,15
2026-07-07T21:30:00Z,EE,10.01,15
2026-07-07T21:30:00Z,ES,144.61,15
2026-07-07T21:30:00Z,FI,10.01,15
2026-07-07T21:30:00Z,FR,120.89,15
2026-07-07T21:30:00Z,GR,158.70,15
2026-07-07T21:30:00Z,HR,150.51,15
2026-07-07T21:30:00Z,HU,161.09,15
2026-07-07T21:30:00Z,IT-CNorth,146.83,15
2026-07-07T21:30:00Z,IT-CSouth,146.83,15
2026-07-07T21:30:00Z,IT-North,146.83,15
2026-07-07T21:30:00Z,IT-Sardinia,146.83,15
2026-07-07T21:30:00Z,IT-Sicily,146.83,15
2026-07-07T21:30:00Z,IT-South,146.83,15
2026-07-07T21:30:00Z,LT,87.62,15
2026-07-07T21:30:00Z,LV,87.62,15
2026-07-07T21:30:00Z,NL,130.77,15
2026-07-07T21:30:00Z,NO1,87.57,15
2026-07-07T21:30:00Z,NO2,89.93,15
2026-07-07T21:30:00Z,NO3,51.70,15
2026-07-07T21:30:00Z,NO4,18.38,15
2026-07-07T21:30:00Z,NO5,85.02,15
2026-07-07T21:30:00Z,PL,104.72,15
2026-07-07T21:30:00Z,PT,144.61,15
2026-07-07T21:30:00Z,RO,159.10,15
2026-07-07T21:30:00Z,RS,142.03,15
2026-07-07T21:30:00Z,SE1,9.93,15
2026-07-07T21:30:00Z,SE2,8.23,15
2026-07-07T21:30:00Z,SE3,50.32,15
2026-07-07T21:30:00Z,SE4,86.64,15
2026-07-07T21:30:00Z,SI,146.83,15
2026-07-07T21:30:00Z,SK,176.53,15
2026-07-07T21:45:00Z,AT,129.49,15
2026-07-07T21:45:00Z,BE,157.01,15
2026-07-07T21:45:00Z,CZ,109.66,15
2026-07-07T21:45:00Z,DE-LU,112.93,15
2026-07-07T21:45:00Z,DK1,79.99,15
2026-07-07T21:45:00Z,DK2,86.64,15
2026-07-07T21:45:00Z,EE,8.14,15
2026-07-07T21:45:00Z,ES,144.61,15
2026-07-07T21:45:00Z,FI,8.14,15
2026-07-07T21:45:00Z,FR,112.51,15
2026-07-07T21:45:00Z,GR,146.27,15
2026-07-07T21:45:00Z,HR,139.64,15
2026-07-07T21:45:00Z,HU,148.21,15
2026-07-07T21:45:00Z,IT-CNorth,136.68,15
2026-07-07T21:45:00Z,IT-CSouth,136.68,15
2026-07-07T21:45:00Z,IT-North,136.68,15
2026-07-07T21:45:00Z,IT-Sardinia,136.68,15
2026-07-07T21:45:00Z,IT-Sicily,141.97,15
2026-07-07T21:45:00Z,IT-South,136.68,15
2026-07-07T21:45:00Z,LT,88.00,15
2026-07-07T21:45:00Z,LV,88.00,15
2026-07-07T21:45:00Z,NL,138.10,15
2026-07-07T21:45:00Z,NO1,86.99,15
2026-07-07T21:45:00Z,NO2,90.09,15
2026-07-07T21:45:00Z,NO3,50.49,15
2026-07-07T21:45:00Z,NO4,16.76,15
2026-07-07T21:45:00Z,NO5,84.53,15
2026-07-07T21:45:00Z,PL,103.86,15
2026-07-07T21:45:00Z,PT,144.61,15
2026-07-07T21:45:00Z,RO,146.59,15
2026-07-07T21:45:00Z,RS,142.03,15
2026-07-07T21:45:00Z,SE1,8.06,15
2026-07-07T21:45:00Z,SE2,6.30,15
2026-07-07T21:45:00Z,SE3,49.62,15
2026-07-07T21:45:00Z,SE4,86.99,15
2026-07-07T21:45:00Z,SI,136.68,15
2026-07-07T21:45:00Z,SK,160.53,15
2026-07-07T22:00:00Z,AT,141.11,15
2026-07-07T22:00:00Z,BE,147.87,15
2026-07-07T22:00:00Z,CH,120.00,60
2026-07-07T22:00:00Z,CZ,122.37,15
2026-07-07T22:00:00Z,DE-LU,119.71,15
2026-07-07T22:00:00Z,DK1,96.19,15
2026-07-07T22:00:00Z,DK2,113.56,15
2026-07-07T22:00:00Z,EE,19.99,15
2026-07-07T22:00:00Z,ES,146.02,15
2026-07-07T22:00:00Z,FI,19.99,15
2026-07-07T22:00:00Z,FR,137.74,15
2026-07-07T22:00:00Z,GR,158.35,15
2026-07-07T22:00:00Z,HR,151.15,15
2026-07-07T22:00:00Z,HU,159.20,15
2026-07-07T22:00:00Z,IT-CNorth,160.79,15
2026-07-07T22:00:00Z,IT-CSouth,160.79,15
2026-07-07T22:00:00Z,IT-North,160.79,15
2026-07-07T22:00:00Z,IT-Sardinia,160.79,15
2026-07-07T22:00:00Z,IT-Sicily,160.79,15
2026-07-07T22:00:00Z,IT-South,160.79,15
2026-07-07T22:00:00Z,LT,19.99,15
2026-07-07T22:00:00Z,LV,19.99,15
2026-07-07T22:00:00Z,NL,137.63,15
2026-07-07T22:00:00Z,NO1,88.81,15
2026-07-07T22:00:00Z,NO2,90.02,15
2026-07-07T22:00:00Z,NO3,63.09,15
2026-07-07T22:00:00Z,NO4,19.99,15
2026-07-07T22:00:00Z,NO5,90.02,15
2026-07-07T22:00:00Z,PL,107.20,15
2026-07-07T22:00:00Z,PT,146.02,15
2026-07-07T22:00:00Z,RO,158.72,15
2026-07-07T22:00:00Z,RS,144.77,15
2026-07-07T22:00:00Z,SE1,19.99,15
2026-07-07T22:00:00Z,SE2,19.99,15
2026-07-07T22:00:00Z,SE3,19.99,15
2026-07-07T22:00:00Z,SE4,19.99,15
2026-07-07T22:00:00Z,SI,148.23,15
2026-07-07T22:00:00Z,SK,170.71,15
2026-07-07T22:15:00Z,AT,137.79,15
2026-07-07T22:15:00Z,BE,131.00,15
2026-07-07T22:15:00Z,CZ,119.00,15
2026-07-07T22:15:00Z,DE-LU,116.96,15
2026-07-07T22:15:00Z,DK1,100.60,15
2026-07-07T22:15:00Z,DK2,102.45,15
2026-07-07T22:15:00Z,EE,15.45,15
2026-07-07T22:15:00Z,ES,145.50,15
2026-07-07T22:15:00Z,FI,15.45,15
2026-07-07T22:15:00Z,FR,127.03,15
2026-07-07T22:15:00Z,GR,158.74,15
2026-07-07T22:15:00Z,HR,149.55,15
2026-07-07T22:15:00Z,HU,159.47,15
2026-07-07T22:15:00Z,IT-CNorth,162.56,15
2026-07-07T22:15:00Z,IT-CSouth,162.56,15
2026-07-07T22:15:00Z,IT-North,162.56,15
2026-07-07T22:15:00Z,IT-Sardinia,162.56,15
2026-07-07T22:15:00Z,IT-Sicily,162.56,15
2026-07-07T22:15:00Z,IT-South,162.56,15
2026-07-07T22:15:00Z,LT,15.45,15
2026-07-07T22:15:00Z,LV,15.45,15
2026-07-07T22:15:00Z,NL,126.48,15
2026-07-07T22:15:00Z,NO1,87.48,15
2026-07-07T22:15:00Z,NO2,93.97,15
2026-07-07T22:15:00Z,NO3,60.93,15
2026-07-07T22:15:00Z,NO4,15.53,15
2026-07-07T22:15:00Z,NO5,90.12,15
2026-07-07T22:15:00Z,PL,98.04,15
2026-07-07T22:15:00Z,PT,145.50,15
2026-07-07T22:15:00Z,RO,159.21,15
2026-07-07T22:15:00Z,RS,144.77,15
2026-07-07T22:15:00Z,SE1,15.45,15
2026-07-07T22:15:00Z,SE2,15.44,15
2026-07-07T22:15:00Z,SE3,15.44,15
2026-07-07T22:15:00Z,SE4,15.45,15
2026-07-07T22:15:00Z,SI,145.94,15
2026-07-07T22:15:00Z,SK,172.53,15
2026-07-07T22:30:00Z,AT,132.95,15
2026-07-07T22:30:00Z,BE,126.54,15
2026-07-07T22:30:00Z,CZ,109.11,15
2026-07-07T22:30:00Z,DE-LU,112.03,15
2026-07-07T22:30:00Z,DK1,102.63,15
2026-07-07T22:30:00Z,DK2,105.80,15
2026-07-07T22:30:00Z,EE,14.33,15
2026-07-07T22:30:00Z,ES,144.00,15
2026-07-07T22:30:00Z,FI,14.33,15
2026-07-07T22:30:00Z,FR,115.88,15
2026-07-07T22:30:00Z,GR,154.96,15
2026-07-07T22:30:00Z,HR,145.81,15
2026-07-07T22:30:00Z,HU,156.81,15
2026-07-07T22:30:00Z,IT-CNorth,154.63,15
2026-07-07T22:30:00Z,IT-CSouth,154.63,15
2026-07-07T22:30:00Z,IT-North,154.63,15
2026-07-07T22:30:00Z,IT-Sardinia,154.63,15
2026-07-07T22:30:00Z,IT-Sicily,154.63,15
2026-07-07T22:30:00Z,IT-South,154.63,15
2026-07-07T22:30:00Z,LT,14.33,15
2026-07-07T22:30:00Z,LV,14.33,15
2026-07-07T22:30:00Z,NL,120.66,15
2026-07-07T22:30:00Z,NO1,85.87,15
2026-07-07T22:30:00Z,NO2,98.08,15
2026-07-07T22:30:00Z,NO3,59.91,15
2026-07-07T22:30:00Z,NO4,14.50,15
2026-07-07T22:30:00Z,NO5,90.01,15
2026-07-07T22:30:00Z,PL,97.20,15
2026-07-07T22:30:00Z,PT,144.00,15
2026-07-07T22:30:00Z,RO,155.42,15
2026-07-07T22:30:00Z,RS,144.77,15
2026-07-07T22:30:00Z,SE1,14.33,15
2026-07-07T22:30:00Z,SE2,14.30,15
2026-07-07T22:30:00Z,SE3,14.30,15
2026-07-07T22:30:00Z,SE4,14.32,15
2026-07-07T22:30:00Z,SI,142.02,15
2026-07-07T22:30:00Z,SK,172.62,15
2026-07-07T22:45:00Z,AT,130.94,15
2026-07-07T22:45:00Z,BE,118.20,15
2026-07-07T22:45:00Z,CZ,109.52,15
2026-07-07T22:45:00Z,DE-LU,110.99,15
2026-07-07T22:45:00Z,DK1,102.89,15
2026-07-07T22:45:00Z,DK2,105.87,15
2026-07-07T22:45:00Z,EE,12.70,15
2026-07-07T22:45:00Z,ES,140.46,15
2026-07-07T22:45:00Z,FI,12.70,15
2026-07-07T22:45:00Z,FR,115.75,15
2026-07-07T22:45:00Z,GR,152.36,15
2026-07-07T22:45:00Z,HR,143.26,15
2026-07-07T22:45:00Z,HU,153.79,15
2026-07-07T22:45:00Z,IT-CNorth,142.02,15
2026-07-07T22:45:00Z,IT-CSouth,142.02,15
2026-07-07T22:45:00Z,IT-North,142.02,15
2026-07-07T22:45:00Z,IT-Sardinia,142.02,15
2026-07-07T22:45:00Z,IT-Sicily,142.02,15
2026-07-07T22:45:00Z,IT-South,142.02,15
2026-07-07T22:45:00Z,LT,12.70,15
2026-07-07T22:45:00Z,LV,12.70,15
2026-07-07T22:45:00Z,NL,115.62,15
2026-07-07T22:45:00Z,NO1,85.46,15
2026-07-07T22:45:00Z,NO2,98.05,15
2026-07-07T22:45:00Z,NO3,59.08,15
2026-07-07T22:45:00Z,NO4,12.87,15
2026-07-07T22:45:00Z,NO5,89.73,15
2026-07-07T22:45:00Z,PL,94.51,15
2026-07-07T22:45:00Z,PT,140.46,15
2026-07-07T22:45:00Z,RO,152.82,15
2026-07-07T22:45:00Z,RS,144.77,15
2026-07-07T22:45:00Z,SE1,12.70,15
2026-07-07T22:45:00Z,SE2,12.67,15
2026-07-07T22:45:00Z,SE3,12.66,15
2026-07-07T22:45:00Z,SE4,12.68,15
2026-07-07T22:45:00Z,SI,139.56,15
2026-07-07T22:45:00Z,SK,168.40,15
2026-07-07T23:00:00Z,AT,134.95,15
2026-07-07T23:00:00Z,BE,127.03,15
2026-07-07T23:00:00Z,CH,117.96,60
2026-07-07T23:00:00Z,CZ,129.52,15
2026-07-07T23:00:00Z,DE-LU,120.96,15
2026-07-07T23:00:00Z,DK1,98.69,15
2026-07-07T23:00:00Z,DK2,100.50,15
2026-07-07T23:00:00Z,EE,15.20,15
2026-07-07T23:00:00Z,ES,144.00,15
2026-07-07T23:00:00Z,FI,15.20,15
2026-07-07T23:00:00Z,FR,127.56,15
2026-07-07T23:00:00Z,GR,153.06,15
2026-07-07T23:00:00Z,HR,143.92,15
2026-07-07T23:00:00Z,HU,151.71,15
2026-07-07T23:00:00Z,IT-CNorth,151.86,15
2026-07-07T23:00:00Z,IT-CSouth,151.86,15
2026-07-07T23:00:00Z,IT-North,151.86,15
2026-07-07T23:00:00Z,IT-Sardinia,151.86,15
2026-07-07T23:00:00Z,IT-Sicily,151.86,15
2026-07-07T23:00:00Z,IT-South,151.86,15
2026-07-07T23:00:00Z,LT,15.20,15
2026-07-07T23:00:00Z,LV,15.20,15
2026-07-07T23:00:00Z,NL,127.01,15
2026-07-07T23:00:00Z,NO1,85.67,15
2026-07-07T23:00:00Z,NO2,93.95,15
2026-07-07T23:00:00Z,NO3,59.84,15
2026-07-07T23:00:00Z,NO4,15.31,15
2026-07-07T23:00:00Z,NO5,88.78,15
2026-07-07T23:00:00Z,PL,93.59,15
2026-07-07T23:00:00Z,PT,144.00,15
2026-07-07T23:00:00Z,RO,153.57,15
2026-07-07T23:00:00Z,RS,134.48,15
2026-07-07T23:00:00Z,SE1,15.20,15
2026-07-07T23:00:00Z,SE2,15.18,15
2026-07-07T23:00:00Z,SE3,15.18,15
2026-07-07T23:00:00Z,SE4,15.19,15
2026-07-07T23:00:00Z,SI,140.87,15
2026-07-07T23:00:00Z,SK,158.28,15
2026-07-07T23:15:00Z,AT,128.71,15
2026-07-07T23:15:00Z,BE,120.45,15
2026-07-07T23:15:00Z,CZ,123.94,15
2026-07-07T23:15:00Z,DE-LU,116.90,15
2026-07-07T23:15:00Z,DK1,99.48,15
2026-07-07T23:15:00Z,DK2,104.47,15
2026-07-07T23:15:00Z,EE,14.87,15
2026-07-07T23:15:00Z,ES,143.27,15
2026-07-07T23:15:00Z,FI,14.87,15
2026-07-07T23:15:00Z,FR,121.32,15
2026-07-07T23:15:00Z,GR,145.40,15
2026-07-07T23:15:00Z,HR,136.96,15
2026-07-07T23:15:00Z,HU,144.18,15
2026-07-07T23:15:00Z,IT-CNorth,148.94,15
2026-07-07T23:15:00Z,IT-CSouth,148.94,15
2026-07-07T23:15:00Z,IT-North,148.94,15
2026-07-07T23:15:00Z,IT-Sardinia,148.94,15
2026-07-07T23:15:00Z,IT-Sicily,148.94,15
2026-07-07T23:15:00Z,IT-South,148.94,15
2026-07-07T23:15:00Z,LT,14.87,15
2026-07-07T23:15:00Z,LV,14.87,15
2026-07-07T23:15:00Z,NL,120.23,15
2026-07-07T23:15:00Z,NO1,83.88,15
2026-07-07T23:15:00Z,NO2,97.11,15
2026-07-07T23:15:00Z,NO3,58.95,15
2026-07-07T23:15:00Z,NO4,15.05,15
2026-07-07T23:15:00Z,NO5,88.29,15
2026-07-07T23:15:00Z,PL,91.24,15
2026-07-07T23:15:00Z,PT,143.27,15
2026-07-07T23:15:00Z,RO,145.87,15
2026-07-07T23:15:00Z,RS,134.48,15
2026-07-07T23:15:00Z,SE1,14.87,15
2026-07-07T23:15:00Z,SE2,14.83,15
2026-07-07T23:15:00Z,SE3,14.83,15
2026-07-07T23:15:00Z,SE4,14.85,15
2026-07-07T23:15:00Z,SI,134.14,15
2026-07-07T23:15:00Z,SK,150.25,15
2026-07-07T23:30:00Z,AT,126.44,15
2026-07-07T23:30:00Z,BE,118.74,15
2026-07-07T23:30:00Z,CZ,121.95,15
2026-07-07T23:30:00Z,DE-LU,115.30,15
2026-07-07T23:30:00Z,DK1,97.96,15
2026-07-07T23:30:00Z,DK2,102.91,15
2026-07-07T23:30:00Z,EE,14.56,15
2026-07-07T23:30:00Z,ES,141.52,15
2026-07-07T23:30:00Z,FI,14.56,15
2026-07-07T23:30:00Z,FR,119.54,15
2026-07-07T23:30:00Z,GR,142.08,15
2026-07-07T23:30:00Z,HR,134.17,15
2026-07-07T23:30:00Z,HU,140.94,15
2026-07-07T23:30:00Z,IT-CNorth,135.00,15
2026-07-07T23:30:00Z,IT-CSouth,135.00,15
2026-07-07T23:30:00Z,IT-North,135.00,15
2026-07-07T23:30:00Z,IT-Sardinia,135.00,15
2026-07-07T23:30:00Z,IT-Sicily,135.00,15
2026-07-07T23:30:00Z,IT-South,135.00,15
2026-07-07T23:30:00Z,LT,14.56,15
2026-07-07T23:30:00Z,LV,14.56,15
2026-07-07T23:30:00Z,NL,118.56,15
2026-07-07T23:30:00Z,NO1,83.88,15
2026-07-07T23:30:00Z,NO2,95.94,15
2026-07-07T23:30:00Z,NO3,58.75,15
2026-07-07T23:30:00Z,NO4,14.72,15
2026-07-07T23:30:00Z,NO5,87.98,15
2026-07-07T23:30:00Z,PL,91.28,15
2026-07-07T23:30:00Z,PT,141.52,15
2026-07-07T23:30:00Z,RO,142.53,15
2026-07-07T23:30:00Z,RS,134.48,15
2026-07-07T23:30:00Z,SE1,14.56,15
2026-07-07T23:30:00Z,SE2,14.52,15
2026-07-07T23:30:00Z,SE3,14.52,15
2026-07-07T23:30:00Z,SE4,14.54,15
2026-07-07T23:30:00Z,SI,131.53,15
2026-07-07T23:30:00Z,SK,146.62,15
2026-07-07T23:45:00Z,AT,118.31,15
2026-07-07T23:45:00Z,BE,112.02,15
2026-07-07T23:45:00Z,CZ,114.93,15
2026-07-07T23:45:00Z,DE-LU,110.22,15
2026-07-07T23:45:00Z,DK1,103.88,15
2026-07-07T23:45:00Z,DK2,107.05,15
2026-07-07T23:45:00Z,EE,14.26,15
2026-07-07T23:45:00Z,ES,140.00,15
2026-07-07T23:45:00Z,FI,14.27,15
2026-07-07T23:45:00Z,FR,112.74,15
2026-07-07T23:45:00Z,GR,130.46,15
2026-07-07T23:45:00Z,HR,124.31,15
2026-07-07T23:45:00Z,HU,129.59,15
2026-07-07T23:45:00Z,IT-CNorth,124.20,15
2026-07-07T23:45:00Z,IT-CSouth,124.20,15
2026-07-07T23:45:00Z,IT-North,124.20,15
2026-07-07T23:45:00Z,IT-Sardinia,124.20,15
2026-07-07T23:45:00Z,IT-Sicily,124.20,15
2026-07-07T23:45:00Z,IT-South,124.20,15
2026-07-07T23:45:00Z,LT,14.26,15
2026-07-07T23:45:00Z,LV,14.26,15
2026-07-07T23:45:00Z,NL,111.68,15
2026-07-07T23:45:00Z,NO1,82.21,15
2026-07-07T23:45:00Z,NO2,98.36,15
2026-07-07T23:45:00Z,NO3,57.89,15
2026-07-07T23:45:00Z,NO4,14.49,15
2026-07-07T23:45:00Z,NO5,87.39,15
2026-07-07T23:45:00Z,PL,91.33,15
2026-07-07T23:45:00Z,PT,140.00,15
2026-07-07T23:45:00Z,RO,130.81,15
2026-07-07T23:45:00Z,RS,134.48,15
2026-07-07T23:45:00Z,SE1,14.26,15
2026-07-07T23:45:00Z,SE2,14.22,15
2026-07-07T23:45:00Z,SE3,14.21,15
2026-07-07T23:45:00Z,SE4,14.24,15
2026-07-07T23:45:00Z,SI,122.26,15
2026-07-07T23:45:00Z,SK,134.01,15
