timestamp_utc,zone,price_eur_mwh,resolution_min
2026-07-06T00:00:00Z,AT,128.92,15
2026-07-06T00:00:00Z,BE,125.47,15
2026-07-06T00:00:00Z,CH,113.16,60
2026-07-06T00:00:00Z,CZ,127.09,15
2026-07-06T00:00:00Z,DE-LU,124.91,15
2026-07-06T00:00:00Z,DK1,124.66,15
2026-07-06T00:00:00Z,DK2,98.29,15
2026-07-06T00:00:00Z,EE,99.95,15
2026-07-06T00:00:00Z,ES,150.00,15
2026-07-06T00:00:00Z,FI,6.63,15
2026-07-06T00:00:00Z,FR,125.85,15
2026-07-06T00:00:00Z,GR,134.13,15
2026-07-06T00:00:00Z,HR,131.41,15
2026-07-06T00:00:00Z,HU,133.44,15
2026-07-06T00:00:00Z,IT-CNorth,135.90,15
2026-07-06T00:00:00Z,IT-CSouth,135.90,15
2026-07-06T00:00:00Z,IT-North,135.90,15
2026-07-06T00:00:00Z,IT-Sardinia,135.90,15
2026-07-06T00:00:00Z,IT-Sicily,135.90,15
2026-07-06T00:00:00Z,IT-South,135.90,15
2026-07-06T00:00:00Z,LT,99.95,15
2026-07-06T00:00:00Z,LV,99.95,15
2026-07-06T00:00:00Z,NL,125.22,15
2026-07-06T00:00:00Z,NO1,80.45,15
2026-07-06T00:00:00Z,NO2,113.58,15
2026-07-06T00:00:00Z,NO3,46.64,15
2026-07-06T00:00:00Z,NO4,16.98,15
2026-07-06T00:00:00Z,NO5,84.53,15
2026-07-06T00:00:00Z,PL,115.17,15
2026-07-06T00:00:00Z,PT,127.30,15
2026-07-06T00:00:00Z,RO,134.21,15
2026-07-06T00:00:00Z,RS,121.00,15
2026-07-06T00:00:00Z,SE3,54.66,15
2026-07-06T00:00:00Z,SE4,98.78,15
2026-07-06T00:00:00Z,SI,130.50,15
2026-07-06T00:00:00Z,SK,135.06,15
2026-07-06T00:15:00Z,AT,124.00,15
2026-07-06T00:15:00Z,BE,118.49,15
2026-07-06T00:15:00Z,CZ,122.04,15
2026-07-06T00:15:00Z,DE-LU,119.57,15
2026-07-06T00:15:00Z,DK1,119.06,15
2026-07-06T00:15:00Z,DK2,99.14,15
2026-07-06T00:15:00Z,EE,100.80,15
2026-07-06T00:15:00Z,ES,147.04,15
2026-07-06T00:15:00Z,FR,108.94,15
2026-07-06T00:15:00Z,GR,128.28,15
2026-07-06T00:15:00Z,HR,126.20,15
2026-07-06T00:15:00Z,HU,127.63,15
2026-07-06T00:15:00Z,IT-CNorth,132.15,15
2026-07-06T00:15:00Z,IT-CSouth,132.15,15
2026-07-06T00:15:00Z,IT-North,132.15,15
2026-07-06T00:15:00Z,IT-Sardinia,132.15,15
2026-07-06T00:15:00Z,IT-Sicily,132.15,15
2026-07-06T00:15:00Z,IT-South,132.15,15
2026-07-06T00:15:00Z,LT,100.80,15
2026-07-06T00:15:00Z,LV,100.80,15
2026-07-06T00:15:00Z,NL,118.81,15
2026-07-06T00:15:00Z,NO1,81.13,15
2026-07-06T00:15:00Z,NO2,109.33,15
2026-07-06T00:15:00Z,NO4,16.99,15
2026-07-06T00:15:00Z,NO5,83.97,15
2026-07-06T00:15:00Z,PL,111.93,15
2026-07-06T00:15:00Z,RO,128.34,15
2026-07-06T00:15:00Z,SE1,6.45,15
2026-07-06T00:15:00Z,SE2,4.42,15
2026-07-06T00:15:00Z,SE3,55.12,15
2026-07-06T00:15:00Z,SE4,99.63,15
2026-07-06T00:15:00Z,SI,125.51,15
2026-07-06T00:15:00Z,SK,128.87,15
2026-07-06T00:30:00Z,AT,123.95,15
2026-07-06T00:30:00Z,BE,116.13,15
2026-07-06T00:30:00Z,CZ,121.45,15
2026-07-06T00:30:00Z,DE-LU,118.21,15
2026-07-06T00:30:00Z,DK1,117.28,15
2026-07-06T00:30:00Z,DK2,99.74,15
2026-07-06T00:30:00Z,EE,101.41,15
2026-07-06T00:30:00Z,ES,145.46,15
2026-07-06T00:30:00Z,FR,99.17,15
2026-07-06T00:30:00Z,GR,128.83,15
2026-07-06T00:30:00Z,HR,126.56,15
2026-07-06T00:30:00Z,HU,128.04,15
2026-07-06T00:30:00Z,IT-CNorth,134.27,15
2026-07-06T00:30:00Z,IT-CSouth,134.27,15
2026-07-06T00:30:00Z,IT-North,134.27,15
2026-07-06T00:30:00Z,IT-Sardinia,134.27,15
2026-07-06T00:30:00Z,IT-Sicily,134.27,15
2026-07-06T00:30:00Z,IT-South,134.27,15
2026-07-06T00:30:00Z,LT,101.41,15
2026-07-06T00:30:00Z,LV,101.41,15
2026-07-06T00:30:00Z,NL,116.79,15
2026-07-06T00:30:00Z,NO1,81.61,15
2026-07-06T00:30:00Z,NO2,107.99,15
2026-07-06T00:30:00Z,NO3,46.76,15
2026-07-06T00:30:00Z,NO4,17.03,15
2026-07-06T00:30:00Z,NO5,83.98,15
2026-07-06T00:30:00Z,PL,109.72,15
2026-07-06T00:30:00Z,RO,128.90,15
2026-07-06T00:30:00Z,SE3,55.44,15
2026-07-06T00:30:00Z,SE4,100.23,15
2026-07-06T00:30:00Z,SI,125.79,15
2026-07-06T00:30:00Z,SK,129.40,15
2026-07-06T00:45:00Z,AT,123.94,15
2026-07-06T00:45:00Z,BE,110.30,15
2026-07-06T00:45:00Z,CZ,120.79,15
2026-07-06T00:45:00Z,DE-LU,116.36,15
2026-07-06T00:45:00Z,DK1,113.81,15
2026-07-06T00:45:00Z,DK2,100.82,15
2026-07-06T00:45:00Z,EE,102.50,15
2026-07-06T00:45:00Z,ES,129.54,15
2026-07-06T00:45:00Z,FI,6.64,15
2026-07-06T00:45:00Z,FR,65.44,15
2026-07-06T00:45:00Z,GR,127.19,15
2026-07-06T00:45:00Z,HR,126.20,15
2026-07-06T00:45:00Z,HU,126.39,15
2026-07-06T00:45:00Z,IT-CNorth,130.52,15
2026-07-06T00:45:00Z,IT-CSouth,130.52,15
2026-07-06T00:45:00Z,IT-North,130.52,15
2026-07-06T00:45:00Z,IT-Sardinia,130.52,15
2026-07-06T00:45:00Z,IT-Sicily,130.52,15
2026-07-06T00:45:00Z,IT-South,130.52,15
2026-07-06T00:45:00Z,LT,102.50,15
2026-07-06T00:45:00Z,LV,102.50,15
2026-07-06T00:45:00Z,NL,112.30,15
2026-07-06T00:45:00Z,NO1,82.47,15
2026-07-06T00:45:00Z,NO2,105.31,15
2026-07-06T00:45:00Z,NO3,46.95,15
2026-07-06T00:45:00Z,NO4,17.10,15
2026-07-06T00:45:00Z,NO5,83.94,15
2026-07-06T00:45:00Z,PL,111.93,15
2026-07-06T00:45:00Z,RO,127.22,15
2026-07-06T00:45:00Z,SE1,6.46,15
2026-07-06T00:45:00Z,SE2,4.41,15
2026-07-06T00:45:00Z,SE3,56.01,15
2026-07-06T00:45:00Z,SE4,101.31,15
2026-07-06T00:45:00Z,SI,125.85,15
2026-07-06T00:45:00Z,SK,126.97,15
2026-07-06T01:00:00Z,AT,120.62,15
2026-07-06T01:00:00Z,BE,112.65,15
2026-07-06T01:00:00Z,CH,110.60,60
2026-07-06T01:00:00Z,CZ,118.42,15
2026-07-06T01:00:00Z,DE-LU,115.42,15
2026-07-06T01:00:00Z,DK1,114.24,15
2026-07-06T01:00:00Z,DK2,99.93,15
2026-07-06T01:00:00Z,EE,101.59,15
2026-07-06T01:00:00Z,ES,141.77,15
2026-07-06T01:00:00Z,FR,91.00,15
2026-07-06T01:00:00Z,GR,124.14,15
2026-07-06T01:00:00Z,HR,122.64,15
2026-07-06T01:00:00Z,HU,123.49,15
2026-07-06T01:00:00Z,IT-CNorth,135.54,15
2026-07-06T01:00:00Z,IT-CSouth,135.54,15
2026-07-06T01:00:00Z,IT-North,135.54,15
2026-07-06T01:00:00Z,IT-Sardinia,135.54,15
2026-07-06T01:00:00Z,IT-Sicily,135.54,15
2026-07-06T01:00:00Z,IT-South,135.54,15
2026-07-06T01:00:00Z,LT,101.59,15
2026-07-06T01:00:00Z,LV,101.59,15
2026-07-06T01:00:00Z,NL,113.56,15
2026-07-06T01:00:00Z,NO1,81.73,15
2026-07-06T01:00:00Z,NO2,105.05,15
2026-07-06T01:00:00Z,NO3,46.66,15
2026-07-06T01:00:00Z,NO4,17.03,15
2026-07-06T01:00:00Z,NO5,83.50,15
2026-07-06T01:00:00Z,PL,109.61,15
2026-07-06T01:00:00Z,PT,128.88,15
2026-07-06T01:00:00Z,RO,124.19,15
2026-07-06T01:00:00Z,RS,117.00,15
2026-07-06T01:00:00Z,SE1,6.44,15
2026-07-06T01:00:00Z,SE2,4.44,15
2026-07-06T01:00:00Z,SE3,55.56,15
2026-07-06T01:00:00Z,SE4,100.40,15
2026-07-06T01:00:00Z,SI,122.14,15
2026-07-06T01:00:00Z,SK,124.35,15
2026-07-06T01:15:00Z,AT,120.63,15
2026-07-06T01:15:00Z,BE,110.88,15
2026-07-06T01:15:00Z,CZ,118.16,15
2026-07-06T01:15:00Z,DE-LU,114.72,15
2026-07-06T01:15:00Z,DK1,113.10,15
2026-07-06T01:15:00Z,DK2,100.09,15
2026-07-06T01:15:00Z,EE,100.00,15
2026-07-06T01:15:00Z,ES,145.46,15
2026-07-06T01:15:00Z,FI,6.66,15
2026-07-06T01:15:00Z,FR,81.42,15
2026-07-06T01:15:00Z,GR,123.94,15
2026-07-06T01:15:00Z,HR,122.67,15
2026-07-06T01:15:00Z,HU,123.26,15
2026-07-06T01:15:00Z,IT-CNorth,135.00,15
2026-07-06T01:15:00Z,IT-CSouth,135.00,15
2026-07-06T01:15:00Z,IT-North,135.00,15
2026-07-06T01:15:00Z,IT-Sardinia,135.00,15
2026-07-06T01:15:00Z,IT-Sicily,135.00,15
2026-07-06T01:15:00Z,IT-South,135.00,15
2026-07-06T01:15:00Z,LT,101.76,15
2026-07-06T01:15:00Z,LV,101.76,15
2026-07-06T01:15:00Z,NL,112.15,15
2026-07-06T01:15:00Z,NO1,81.87,15
2026-07-06T01:15:00Z,NO2,104.18,15
2026-07-06T01:15:00Z,NO3,46.67,15
2026-07-06T01:15:00Z,NO4,17.05,15
2026-07-06T01:15:00Z,NO5,83.38,15
2026-07-06T01:15:00Z,PL,109.60,15
2026-07-06T01:15:00Z,RO,123.98,15
2026-07-06T01:15:00Z,SE1,6.46,15
2026-07-06T01:15:00Z,SE2,4.46,15
2026-07-06T01:15:00Z,SE3,55.66,15
2026-07-06T01:15:00Z,SE4,100.57,15
2026-07-06T01:15:00Z,SI,122.24,15
2026-07-06T01:15:00Z,SK,123.97,15
2026-07-06T01:30:00Z,AT,122.08,15
2026-07-06T01:30:00Z,BE,112.47,15
2026-07-06T01:30:00Z,CZ,119.50,15
2026-07-06T01:30:00Z,DE-LU,115.95,15
2026-07-06T01:30:00Z,DK1,114.47,15
2026-07-06T01:30:00Z,DK2,99.45,15
2026-07-06T01:30:00Z,ES,144.88,15
2026-07-06T01:30:00Z,FI,6.68,15
2026-07-06T01:30:00Z,FR,85.36,15
2026-07-06T01:30:00Z,GR,126.00,15
2026-07-06T01:30:00Z,HR,124.37,15
2026-07-06T01:30:00Z,HU,125.25,15
2026-07-06T01:30:00Z,IT-CNorth,133.95,15
2026-07-06T01:30:00Z,IT-CSouth,133.95,15
2026-07-06T01:30:00Z,IT-North,133.95,15
2026-07-06T01:30:00Z,IT-Sardinia,133.95,15
2026-07-06T01:30:00Z,IT-Sicily,133.95,15
2026-07-06T01:30:00Z,IT-South,133.95,15
2026-07-06T01:30:00Z,LT,101.11,15
2026-07-06T01:30:00Z,LV,101.11,15
2026-07-06T01:30:00Z,NL,113.61,15
2026-07-06T01:30:00Z,NO1,81.36,15
2026-07-06T01:30:00Z,NO2,105.14,15
2026-07-06T01:30:00Z,NO3,46.52,15
2026-07-06T01:30:00Z,NO4,17.01,15
2026-07-06T01:30:00Z,NO5,83.26,15
2026-07-06T01:30:00Z,RO,126.05,15
2026-07-06T01:30:00Z,SE1,6.48,15
2026-07-06T01:30:00Z,SE2,4.48,15
2026-07-06T01:30:00Z,SE3,55.33,15
2026-07-06T01:30:00Z,SE4,99.93,15
2026-07-06T01:30:00Z,SI,123.83,15
2026-07-06T01:30:00Z,SK,126.17,15
2026-07-06T01:45:00Z,AT,122.59,15
2026-07-06T01:45:00Z,CZ,119.86,15
2026-07-06T01:45:00Z,DE-LU,116.11,15
2026-07-06T01:45:00Z,DK1,114.56,15
2026-07-06T01:45:00Z,DK2,98.99,15
2026-07-06T01:45:00Z,EE,99.99,15
2026-07-06T01:45:00Z,ES,143.47,15
2026-07-06T01:45:00Z,FI,6.89,15
2026-07-06T01:45:00Z,FR,84.15,15
2026-07-06T01:45:00Z,GR,126.81,15
2026-07-06T01:45:00Z,HR,125.05,15
2026-07-06T01:45:00Z,HU,126.01,15
2026-07-06T01:45:00Z,IT-CNorth,131.88,15
2026-07-06T01:45:00Z,IT-CSouth,131.88,15
2026-07-06T01:45:00Z,IT-North,131.88,15
2026-07-06T01:45:00Z,IT-Sardinia,131.88,15
2026-07-06T01:45:00Z,IT-Sicily,131.88,15
2026-07-06T01:45:00Z,IT-South,131.88,15
2026-07-06T01:45:00Z,LT,100.64,15
2026-07-06T01:45:00Z,LV,100.64,15
2026-07-06T01:45:00Z,NL,113.66,15
2026-07-06T01:45:00Z,NO1,81.03,15
2026-07-06T01:45:00Z,NO2,105.13,15
2026-07-06T01:45:00Z,NO3,46.48,15
2026-07-06T01:45:00Z,NO4,17.16,15
2026-07-06T01:45:00Z,NO5,83.04,15
2026-07-06T01:45:00Z,PL,109.25,15
2026-07-06T01:45:00Z,PT,130.43,15
2026-07-06T01:45:00Z,RO,126.86,15
2026-07-06T01:45:00Z,SE1,6.69,15
2026-07-06T01:45:00Z,SE2,4.71,15
2026-07-06T01:45:00Z,SE3,55.18,15
2026-07-06T01:45:00Z,SE4,99.46,15
2026-07-06T01:45:00Z,SI,124.46,15
2026-07-06T01:45:00Z,SK,127.01,15
2026-07-06T02:00:00Z,AT,120.44,15
2026-07-06T02:00:00Z,BE,110.20,15
2026-07-06T02:00:00Z,CH,111.06,60
2026-07-06T02:00:00Z,CZ,117.91,15
2026-07-06T02:00:00Z,DE-LU,114.39,15
2026-07-06T02:00:00Z,DK1,112.73,15
2026-07-06T02:00:00Z,DK2,100.71,15
2026-07-06T02:00:00Z,EE,100.00,15
2026-07-06T02:00:00Z,ES,130.91,15
2026-07-06T02:00:00Z,FI,6.70,15
2026-07-06T02:00:00Z,FR,87.58,15
2026-07-06T02:00:00Z,GR,124.05,15
2026-07-06T02:00:00Z,HR,122.59,15
2026-07-06T02:00:00Z,HU,123.34,15
2026-07-06T02:00:00Z,IT-CNorth,131.20,15
2026-07-06T02:00:00Z,IT-CSouth,131.20,15
2026-07-06T02:00:00Z,IT-North,131.20,15
2026-07-06T02:00:00Z,IT-Sardinia,131.20,15
2026-07-06T02:00:00Z,IT-Sicily,131.20,15
2026-07-06T02:00:00Z,IT-South,131.20,15
2026-07-06T02:00:00Z,LT,102.38,15
2026-07-06T02:00:00Z,LV,102.38,15
2026-07-06T02:00:00Z,NL,111.80,15
2026-07-06T02:00:00Z,NO1,82.29,15
2026-07-06T02:00:00Z,NO2,103.99,15
2026-07-06T02:00:00Z,NO3,46.90,15
2026-07-06T02:00:00Z,NO4,17.14,15
2026-07-06T02:00:00Z,NO5,83.69,15
2026-07-06T02:00:00Z,PL,108.67,15
2026-07-06T02:00:00Z,RO,124.10,15
2026-07-06T02:00:00Z,RS,115.80,15
2026-07-06T02:00:00Z,SE1,6.50,15
2026-07-06T02:00:00Z,SE2,4.48,15
2026-07-06T02:00:00Z,SE3,55.95,15
2026-07-06T02:00:00Z,SE4,101.16,15
2026-07-06T02:00:00Z,SI,122.10,15
2026-07-06T02:00:00Z,SK,124.33,15
2026-07-06T02:15:00Z,AT,119.39,15
2026-07-06T02:15:00Z,BE,111.14,15
2026-07-06T02:15:00Z,CZ,117.17,15
2026-07-06T02:15:00Z,DE-LU,114.13,15
2026-07-06T02:15:00Z,DK1,112.86,15
2026-07-06T02:15:00Z,DK2,100.00,15
2026-07-06T02:15:00Z,EE,99.99,15
2026-07-06T02:15:00Z,ES,130.43,15
2026-07-06T02:15:00Z,FI,7.50,15
2026-07-06T02:15:00Z,FR,88.15,15
2026-07-06T02:15:00Z,GR,122.77,15
2026-07-06T02:15:00Z,HR,121.37,15
2026-07-06T02:15:00Z,HU,122.13,15
2026-07-06T02:15:00Z,IT-CNorth,131.88,15
2026-07-06T02:15:00Z,IT-CSouth,131.88,15
2026-07-06T02:15:00Z,IT-North,131.88,15
2026-07-06T02:15:00Z,IT-Sardinia,131.88,15
2026-07-06T02:15:00Z,IT-Sicily,131.88,15
2026-07-06T02:15:00Z,IT-South,131.88,15
2026-07-06T02:15:00Z,LT,101.65,15
2026-07-06T02:15:00Z,LV,101.65,15
2026-07-06T02:15:00Z,NL,112.13,15
2026-07-06T02:15:00Z,NO1,81.88,15
2026-07-06T02:15:00Z,NO2,104.01,15
2026-07-06T02:15:00Z,NO3,47.11,15
2026-07-06T02:15:00Z,NO4,17.78,15
2026-07-06T02:15:00Z,NO5,83.45,15
2026-07-06T02:15:00Z,RO,122.82,15
2026-07-06T02:15:00Z,SE1,7.30,15
2026-07-06T02:15:00Z,SE2,5.31,15
2026-07-06T02:15:00Z,SE3,55.96,15
2026-07-06T02:15:00Z,SE4,100.45,15
2026-07-06T02:15:00Z,SI,120.90,15
2026-07-06T02:15:00Z,SK,123.08,15
2026-07-06T02:30:00Z,AT,123.91,15
2026-07-06T02:30:00Z,BE,111.95,15
2026-07-06T02:30:00Z,CZ,121.49,15
2026-07-06T02:30:00Z,DE-LU,117.90,15
2026-07-06T02:30:00Z,DK1,115.56,15
2026-07-06T02:30:00Z,DK2,98.53,15
2026-07-06T02:30:00Z,EE,32.19,15
2026-07-06T02:30:00Z,ES,127.77,15
2026-07-06T02:30:00Z,FI,9.00,15
2026-07-06T02:30:00Z,FR,78.12,15
2026-07-06T02:30:00Z,GR,125.79,15
2026-07-06T02:30:00Z,HR,125.42,15
2026-07-06T02:30:00Z,HU,125.21,15
2026-07-06T02:30:00Z,IT-CNorth,129.68,15
2026-07-06T02:30:00Z,IT-CSouth,129.68,15
2026-07-06T02:30:00Z,IT-North,129.68,15
2026-07-06T02:30:00Z,IT-Sardinia,129.68,15
2026-07-06T02:30:00Z,IT-Sicily,129.68,15
2026-07-06T02:30:00Z,IT-South,129.68,15
2026-07-06T02:30:00Z,LT,100.13,15
2026-07-06T02:30:00Z,LV,100.13,15
2026-07-06T02:30:00Z,NL,114.19,15
2026-07-06T02:30:00Z,NO1,80.99,15
2026-07-06T02:30:00Z,NO2,105.80,15
2026-07-06T02:30:00Z,NO3,47.58,15
2026-07-06T02:30:00Z,NO4,19.00,15
2026-07-06T02:30:00Z,NO5,83.35,15
2026-07-06T02:30:00Z,PL,115.89,15
2026-07-06T02:30:00Z,PT,130.46,15
2026-07-06T02:30:00Z,RO,125.80,15
2026-07-06T02:30:00Z,SE1,8.81,15
2026-07-06T02:30:00Z,SE2,6.87,15
2026-07-06T02:30:00Z,SE3,55.89,15
2026-07-06T02:30:00Z,SE4,98.96,15
2026-07-06T02:30:00Z,SI,125.28,15
2026-07-06T02:30:00Z,SK,125.50,15
2026-07-06T02:45:00Z,AT,124.00,15
2026-07-06T02:45:00Z,BE,113.96,15
2026-07-06T02:45:00Z,CZ,121.14,15
2026-07-06T02:45:00Z,DE-LU,117.28,15
2026-07-06T02:45:00Z,DK1,115.85,15
2026-07-06T02:45:00Z,DK2,98.17,15
2026-07-06T02:45:00Z,EE,27.54,15
2026-07-06T02:45:00Z,ES,127.34,15
2026-07-06T02:45:00Z,FI,10.03,15
2026-07-06T02:45:00Z,FR,88.03,15
2026-07-06T02:45:00Z,GR,128.82,15
2026-07-06T02:45:00Z,HR,126.71,15
2026-07-06T02:45:00Z,HU,127.96,15
2026-07-06T02:45:00Z,IT-CNorth,128.08,15
2026-07-06T02:45:00Z,IT-CSouth,128.08,15
2026-07-06T02:45:00Z,IT-North,128.08,15
2026-07-06T02:45:00Z,IT-Sardinia,128.08,15
2026-07-06T02:45:00Z,IT-Sicily,128.08,15
2026-07-06T02:45:00Z,IT-South,128.08,15
2026-07-06T02:45:00Z,LT,99.75,15
2026-07-06T02:45:00Z,LV,99.75,15
2026-07-06T02:45:00Z,NL,115.05,15
2026-07-06T02:45:00Z,NO1,80.91,15
2026-07-06T02:45:00Z,NO2,106.08,15
2026-07-06T02:45:00Z,NO3,48.07,15
2026-07-06T02:45:00Z,NO4,19.89,15
2026-07-06T02:45:00Z,NO5,83.42,15
2026-07-06T02:45:00Z,PL,109.24,15
2026-07-06T02:45:00Z,PT,131.34,15
2026-07-06T02:45:00Z,RO,128.88,15
2026-07-06T02:45:00Z,SE1,9.84,15
2026-07-06T02:45:00Z,SE2,7.93,15
2026-07-06T02:45:00Z,SE3,56.19,15
2026-07-06T02:45:00Z,SE4,98.60,15
2026-07-06T02:45:00Z,SI,126.01,15
2026-07-06T02:45:00Z,SK,129.38,15
2026-07-06T03:00:00Z,AT,122.60,15
2026-07-06T03:00:00Z,BE,113.41,15
2026-07-06T03:00:00Z,CH,118.00,60
2026-07-06T03:00:00Z,CZ,119.98,15
2026-07-06T03:00:00Z,DE-LU,116.41,15
2026-07-06T03:00:00Z,DK1,115.08,15
2026-07-06T03:00:00Z,DK2,95.24,15
2026-07-06T03:00:00Z,EE,96.83,15
2026-07-06T03:00:00Z,ES,125.34,15
2026-07-06T03:00:00Z,FI,6.76,15
2026-07-06T03:00:00Z,FR,90.32,15
2026-07-06T03:00:00Z,GR,127.16,15
2026-07-06T03:00:00Z,HR,125.14,15
2026-07-06T03:00:00Z,HU,126.36,15
2026-07-06T03:00:00Z,IT-CNorth,129.94,15
2026-07-06T03:00:00Z,IT-CSouth,129.94,15
2026-07-06T03:00:00Z,IT-North,129.94,15
2026-07-06T03:00:00Z,IT-Sardinia,129.94,15
2026-07-06T03:00:00Z,IT-Sicily,129.94,15
2026-07-06T03:00:00Z,IT-South,129.94,15
2026-07-06T03:00:00Z,LT,96.83,15
2026-07-06T03:00:00Z,LV,96.83,15
2026-07-06T03:00:00Z,NL,114.38,15
2026-07-06T03:00:00Z,NO1,77.86,15
2026-07-06T03:00:00Z,NO2,105.17,15
2026-07-06T03:00:00Z,NO3,45.07,15
2026-07-06T03:00:00Z,NO4,16.68,15
2026-07-06T03:00:00Z,NO5,80.89,15
2026-07-06T03:00:00Z,PL,108.67,15
2026-07-06T03:00:00Z,RO,127.18,15
2026-07-06T03:00:00Z,RS,125.76,15
2026-07-06T03:00:00Z,SE1,6.83,15
2026-07-06T03:00:00Z,SE2,4.64,15
2026-07-06T03:00:00Z,SE3,52.00,15
2026-07-06T03:00:00Z,SE4,95.65,15
2026-07-06T03:00:00Z,SI,124.47,15
2026-07-06T03:00:00Z,SK,127.68,15
2026-07-06T03:15:00Z,AT,123.48,15
2026-07-06T03:15:00Z,BE,114.96,15
2026-07-06T03:15:00Z,CZ,120.71,15
2026-07-06T03:15:00Z,DE-LU,117.05,15
2026-07-06T03:15:00Z,DK1,116.20,15
2026-07-06T03:15:00Z,DK2,97.10,15
2026-07-06T03:15:00Z,EE,98.67,15
2026-07-06T03:15:00Z,ES,122.04,15
2026-07-06T03:15:00Z,FI,9.83,15
2026-07-06T03:15:00Z,FR,98.00,15
2026-07-06T03:15:00Z,GR,129.25,15
2026-07-06T03:15:00Z,HR,126.50,15
2026-07-06T03:15:00Z,HU,128.33,15
2026-07-06T03:15:00Z,IT-CNorth,130.08,15
2026-07-06T03:15:00Z,IT-CSouth,130.08,15
2026-07-06T03:15:00Z,IT-North,130.08,15
2026-07-06T03:15:00Z,IT-Sardinia,130.08,15
2026-07-06T03:15:00Z,IT-Sicily,130.08,15
2026-07-06T03:15:00Z,IT-South,130.08,15
2026-07-06T03:15:00Z,LT,98.67,15
2026-07-06T03:15:00Z,LV,98.67,15
2026-07-06T03:15:00Z,NL,115.59,15
2026-07-06T03:15:00Z,NO1,79.96,15
2026-07-06T03:15:00Z,NO2,106.44,15
2026-07-06T03:15:00Z,NO3,47.58,15
2026-07-06T03:15:00Z,NO4,19.61,15
2026-07-06T03:15:00Z,NO5,82.83,15
2026-07-06T03:15:00Z,PL,106.80,15
2026-07-06T03:15:00Z,PT,132.04,15
2026-07-06T03:15:00Z,RO,129.28,15
2026-07-06T03:15:00Z,SE1,9.90,15
2026-07-06T03:15:00Z,SE2,7.74,15
2026-07-06T03:15:00Z,SE3,54.45,15
2026-07-06T03:15:00Z,SE4,97.50,15
2026-07-06T03:15:00Z,SI,125.60,15
2026-07-06T03:15:00Z,SK,130.12,15
2026-07-06T03:30:00Z,AT,125.71,15
2026-07-06T03:30:00Z,BE,119.22,15
2026-07-06T03:30:00Z,CZ,123.21,15
2026-07-06T03:30:00Z,DE-LU,120.00,15
2026-07-06T03:30:00Z,DK1,119.43,15
2026-07-06T03:30:00Z,DK2,103.07,15
2026-07-06T03:30:00Z,EE,96.78,15
2026-07-06T03:30:00Z,ES,120.55,15
2026-07-06T03:30:00Z,FI,12.54,15
2026-07-06T03:30:00Z,FR,111.33,15
2026-07-06T03:30:00Z,GR,131.88,15
2026-07-06T03:30:00Z,HR,128.78,15
2026-07-06T03:30:00Z,HU,130.99,15
2026-07-06T03:30:00Z,IT-CNorth,133.70,15
2026-07-06T03:30:00Z,IT-CSouth,133.70,15
2026-07-06T03:30:00Z,IT-North,133.70,15
2026-07-06T03:30:00Z,IT-Sardinia,133.70,15
2026-07-06T03:30:00Z,IT-Sicily,133.70,15
2026-07-06T03:30:00Z,IT-South,133.70,15
2026-07-06T03:30:00Z,LT,96.78,15
2026-07-06T03:30:00Z,LV,96.78,15
2026-07-06T03:30:00Z,NL,119.43,15
2026-07-06T03:30:00Z,NO1,79.53,15
2026-07-06T03:30:00Z,NO2,108.88,15
2026-07-06T03:30:00Z,NO3,48.90,15
2026-07-06T03:30:00Z,NO4,21.95,15
2026-07-06T03:30:00Z,NO5,83.28,15
2026-07-06T03:30:00Z,PL,108.66,15
2026-07-06T03:30:00Z,PT,133.34,15
2026-07-06T03:30:00Z,RO,131.92,15
2026-07-06T03:30:00Z,SE1,12.60,15
2026-07-06T03:30:00Z,SE2,10.53,15
2026-07-06T03:30:00Z,SE3,55.08,15
2026-07-06T03:30:00Z,SE4,96.53,15
2026-07-06T03:30:00Z,SI,127.77,15
2026-07-06T03:30:00Z,SK,132.99,15
2026-07-06T03:45:00Z,AT,136.17,15
2026-07-06T03:45:00Z,BE,130.36,15
2026-07-06T03:45:00Z,CZ,133.41,15
2026-07-06T03:45:00Z,DE-LU,129.98,15
2026-07-06T03:45:00Z,DK1,129.47,15
2026-07-06T03:45:00Z,DK2,125.48,15
2026-07-06T03:45:00Z,EE,93.76,15
2026-07-06T03:45:00Z,ES,122.79,15
2026-07-06T03:45:00Z,FI,15.36,15
2026-07-06T03:45:00Z,FR,129.86,15
2026-07-06T03:45:00Z,GR,144.00,15
2026-07-06T03:45:00Z,HR,139.91,15
2026-07-06T03:45:00Z,HU,142.94,15
2026-07-06T03:45:00Z,IT-CNorth,138.58,15
2026-07-06T03:45:00Z,IT-CSouth,138.58,15
2026-07-06T03:45:00Z,IT-North,138.58,15
2026-07-06T03:45:00Z,IT-Sardinia,138.58,15
2026-07-06T03:45:00Z,IT-Sicily,138.58,15
2026-07-06T03:45:00Z,IT-South,138.58,15
2026-07-06T03:45:00Z,LT,93.76,15
2026-07-06T03:45:00Z,LV,93.76,15
2026-07-06T03:45:00Z,NL,130.19,15
2026-07-06T03:45:00Z,NO1,77.71,15
2026-07-06T03:45:00Z,NO2,113.79,15
2026-07-06T03:45:00Z,NO3,49.82,15
2026-07-06T03:45:00Z,NO4,24.24,15
2026-07-06T03:45:00Z,NO5,83.36,15
2026-07-06T03:45:00Z,PL,115.24,15
2026-07-06T03:45:00Z,PT,136.47,15
2026-07-06T03:45:00Z,RO,144.04,15
2026-07-06T03:45:00Z,SE1,15.42,15
2026-07-06T03:45:00Z,SE2,13.47,15
2026-07-06T03:45:00Z,SE3,54.92,15
2026-07-06T03:45:00Z,SE4,93.52,15
2026-07-06T03:45:00Z,SI,138.58,15
2026-07-06T03:45:00Z,SK,145.57,15
2026-07-06T04:00:00Z,AT,131.21,15
2026-07-06T04:00:00Z,BE,127.34,15
2026-07-06T04:00:00Z,CH,132.03,60
2026-07-06T04:00:00Z,CZ,130.51,15
2026-07-06T04:00:00Z,DE-LU,129.64,15
2026-07-06T04:00:00Z,DK1,129.14,15
2026-07-06T04:00:00Z,DK2,128.50,15
2026-07-06T04:00:00Z,EE,130.31,15
2026-07-06T04:00:00Z,ES,127.77,15
2026-07-06T04:00:00Z,FI,6.69,15
2026-07-06T04:00:00Z,FR,112.10,15
2026-07-06T04:00:00Z,GR,131.00,15
2026-07-06T04:00:00Z,HR,131.34,15
2026-07-06T04:00:00Z,HU,130.91,15
2026-07-06T04:00:00Z,IT-CNorth,131.42,15
2026-07-06T04:00:00Z,IT-CSouth,131.42,15
2026-07-06T04:00:00Z,IT-North,131.42,15
2026-07-06T04:00:00Z,IT-Sardinia,131.42,15
2026-07-06T04:00:00Z,IT-Sicily,131.42,15
2026-07-06T04:00:00Z,IT-South,131.42,15
2026-07-06T04:00:00Z,LT,130.31,15
2026-07-06T04:00:00Z,LV,130.31,15
2026-07-06T04:00:00Z,NL,128.06,15
2026-07-06T04:00:00Z,NO1,103.98,15
2026-07-06T04:00:00Z,NO2,115.13,15
2026-07-06T04:00:00Z,NO3,53.62,15
2026-07-06T04:00:00Z,NO4,19.09,15
2026-07-06T04:00:00Z,NO5,89.97,15
2026-07-06T04:00:00Z,PL,130.34,15
2026-07-06T04:00:00Z,PT,136.34,15
2026-07-06T04:00:00Z,RO,131.00,15
2026-07-06T04:00:00Z,RS,130.01,15
2026-07-06T04:00:00Z,SE1,6.76,15
2026-07-06T04:00:00Z,SE2,3.98,15
2026-07-06T04:00:00Z,SE3,67.87,15
2026-07-06T04:00:00Z,SE4,128.99,15
2026-07-06T04:00:00Z,SI,131.42,15
2026-07-06T04:00:00Z,SK,130.73,15
2026-07-06T04:15:00Z,AT,138.59,15
2026-07-06T04:15:00Z,BE,138.44,15
2026-07-06T04:15:00Z,CZ,138.56,15
2026-07-06T04:15:00Z,DE-LU,138.53,15
2026-07-06T04:15:00Z,DK1,138.49,15
2026-07-06T04:15:00Z,DK2,136.01,15
2026-07-06T04:15:00Z,EE,49.99,15
2026-07-06T04:15:00Z,ES,134.84,15
2026-07-06T04:15:00Z,FI,6.85,15
2026-07-06T04:15:00Z,FR,137.84,15
2026-07-06T04:15:00Z,GR,138.58,15
2026-07-06T04:15:00Z,HR,138.59,15
2026-07-06T04:15:00Z,HU,138.58,15
2026-07-06T04:15:00Z,IT-CNorth,138.60,15
2026-07-06T04:15:00Z,IT-CSouth,138.60,15
2026-07-06T04:15:00Z,IT-North,138.60,15
2026-07-06T04:15:00Z,IT-Sardinia,138.60,15
2026-07-06T04:15:00Z,IT-Sicily,138.60,15
2026-07-06T04:15:00Z,IT-South,138.60,15
2026-07-06T04:15:00Z,LT,49.99,15
2026-07-06T04:15:00Z,LV,49.99,15
2026-07-06T04:15:00Z,NL,138.47,15
2026-07-06T04:15:00Z,NO1,105.65,15
2026-07-06T04:15:00Z,NO2,116.75,15
2026-07-06T04:15:00Z,NO3,54.60,15
2026-07-06T04:15:00Z,NO4,19.46,15
2026-07-06T04:15:00Z,NO5,91.72,15
2026-07-06T04:15:00Z,PL,138.55,15
2026-07-06T04:15:00Z,PT,137.84,15
2026-07-06T04:15:00Z,RO,138.58,15
2026-07-06T04:15:00Z,SE1,6.92,15
2026-07-06T04:15:00Z,SE2,4.10,15
2026-07-06T04:15:00Z,SE3,68.96,15
2026-07-06T04:15:00Z,SE4,131.03,15
2026-07-06T04:15:00Z,SI,138.60,15
2026-07-06T04:15:00Z,SK,138.57,15
2026-07-06T04:30:00Z,AT,139.95,15
2026-07-06T04:30:00Z,CZ,139.67,15
2026-07-06T04:30:00Z,DE-LU,139.33,15
2026-07-06T04:30:00Z,DK1,138.93,15
2026-07-06T04:30:00Z,DK2,136.44,15
2026-07-06T04:30:00Z,EE,6.88,15
2026-07-06T04:30:00Z,ES,142.01,15
2026-07-06T04:30:00Z,FI,6.89,15
2026-07-06T04:30:00Z,FR,132.43,15
2026-07-06T04:30:00Z,GR,139.87,15
2026-07-06T04:30:00Z,HR,140.00,15
2026-07-06T04:30:00Z,HU,139.83,15
2026-07-06T04:30:00Z,IT-CNorth,140.03,15
2026-07-06T04:30:00Z,IT-CSouth,140.03,15
2026-07-06T04:30:00Z,IT-North,140.03,15
2026-07-06T04:30:00Z,IT-Sardinia,140.03,15
2026-07-06T04:30:00Z,IT-Sicily,140.03,15
2026-07-06T04:30:00Z,IT-South,140.03,15
2026-07-06T04:30:00Z,LT,134.25,15
2026-07-06T04:30:00Z,LV,134.25,15
2026-07-06T04:30:00Z,NL,138.73,15
2026-07-06T04:30:00Z,NO1,107.04,15
2026-07-06T04:30:00Z,NO2,118.04,15
2026-07-06T04:30:00Z,NO3,55.39,15
2026-07-06T04:30:00Z,NO4,19.69,15
2026-07-06T04:30:00Z,NO5,93.23,15
2026-07-06T04:30:00Z,PL,139.60,15
2026-07-06T04:30:00Z,PT,139.25,15
2026-07-06T04:30:00Z,RO,139.86,15
2026-07-06T04:30:00Z,SE1,6.96,15
2026-07-06T04:30:00Z,SE2,4.09,15
2026-07-06T04:30:00Z,SE3,69.83,15
2026-07-06T04:30:00Z,SE4,132.74,15
2026-07-06T04:30:00Z,SI,140.03,15
2026-07-06T04:30:00Z,SK,139.76,15
2026-07-06T04:45:00Z,AT,136.63,15
2026-07-06T04:45:00Z,BE,136.63,15
2026-07-06T04:45:00Z,CZ,136.63,15
2026-07-06T04:45:00Z,DE-LU,136.63,15
2026-07-06T04:45:00Z,DK1,136.63,15
2026-07-06T04:45:00Z,DK2,132.20,15
2026-07-06T04:45:00Z,EE,7.22,15
2026-07-06T04:45:00Z,ES,152.34,15
2026-07-06T04:45:00Z,FI,7.23,15
2026-07-06T04:45:00Z,FR,136.63,15
2026-07-06T04:45:00Z,GR,136.63,15
2026-07-06T04:45:00Z,HR,136.63,15
2026-07-06T04:45:00Z,HU,136.63,15
2026-07-06T04:45:00Z,IT-CNorth,137.70,15
2026-07-06T04:45:00Z,IT-CSouth,137.70,15
2026-07-06T04:45:00Z,IT-North,137.70,15
2026-07-06T04:45:00Z,IT-Sardinia,137.70,15
2026-07-06T04:45:00Z,IT-Sicily,137.70,15
2026-07-06T04:45:00Z,IT-South,137.70,15
2026-07-06T04:45:00Z,LT,99.93,15
2026-07-06T04:45:00Z,LV,99.93,15
2026-07-06T04:45:00Z,NL,136.63,15
2026-07-06T04:45:00Z,NO1,107.08,15
2026-07-06T04:45:00Z,NO2,118.08,15
2026-07-06T04:45:00Z,NO3,55.57,15
2026-07-06T04:45:00Z,NO4,19.99,15
2026-07-06T04:45:00Z,NO5,93.28,15
2026-07-06T04:45:00Z,PL,136.63,15
2026-07-06T04:45:00Z,PT,140.00,15
2026-07-06T04:45:00Z,RO,136.63,15
2026-07-06T04:45:00Z,SE1,7.30,15
2026-07-06T04:45:00Z,SE2,4.44,15
2026-07-06T04:45:00Z,SE3,69.99,15
2026-07-06T04:45:00Z,SE4,132.70,15
2026-07-06T04:45:00Z,SI,136.63,15
2026-07-06T04:45:00Z,SK,136.63,15
2026-07-06T05:00:00Z,AT,148.40,15
2026-07-06T05:00:00Z,BE,165.24,15
2026-07-06T05:00:00Z,CH,134.20,60
2026-07-06T05:00:00Z,CZ,143.51,15
2026-07-06T05:00:00Z,DE-LU,148.93,15
2026-07-06T05:00:00Z,DK1,148.93,15
2026-07-06T05:00:00Z,DK2,153.53,15
2026-07-06T05:00:00Z,EE,7.66,15
2026-07-06T05:00:00Z,ES,157.84,15
2026-07-06T05:00:00Z,FI,7.67,15
2026-07-06T05:00:00Z,FR,135.43,15
2026-07-06T05:00:00Z,GR,146.34,15
2026-07-06T05:00:00Z,HR,146.50,15
2026-07-06T05:00:00Z,HU,146.39,15
2026-07-06T05:00:00Z,IT-CNorth,148.40,15
2026-07-06T05:00:00Z,IT-CSouth,148.40,15
2026-07-06T05:00:00Z,IT-North,148.40,15
2026-07-06T05:00:00Z,IT-Sardinia,148.40,15
2026-07-06T05:00:00Z,IT-Sicily,148.40,15
2026-07-06T05:00:00Z,IT-South,148.40,15
2026-07-06T05:00:00Z,LT,134.43,15
2026-07-06T05:00:00Z,LV,134.43,15
2026-07-06T05:00:00Z,NL,155.69,15
2026-07-06T05:00:00Z,NO1,107.22,15
2026-07-06T05:00:00Z,NO2,119.30,15
2026-07-06T05:00:00Z,NO3,55.44,15
2026-07-06T05:00:00Z,NO4,20.29,15
2026-07-06T05:00:00Z,NO5,91.42,15
2026-07-06T05:00:00Z,PL,146.11,15
2026-07-06T05:00:00Z,PT,141.34,15
2026-07-06T05:00:00Z,RO,146.35,15
2026-07-06T05:00:00Z,RS,60.01,15
2026-07-06T05:00:00Z,SE1,7.73,15
2026-07-06T05:00:00Z,SE2,4.90,15
2026-07-06T05:00:00Z,SE3,68.56,15
2026-07-06T05:00:00Z,SE4,132.92,15
2026-07-06T05:00:00Z,SI,146.67,15
2026-07-06T05:00:00Z,SK,145.41,15
2026-07-06T05:15:00Z,AT,143.75,15
2026-07-06T05:15:00Z,BE,161.76,15
2026-07-06T05:15:00Z,CZ,137.00,15
2026-07-06T05:15:00Z,DE-LU,143.75,15
2026-07-06T05:15:00Z,DK1,144.43,15
2026-07-06T05:15:00Z,DK2,143.98,15
2026-07-06T05:15:00Z,EE,8.03,15
2026-07-06T05:15:00Z,ES,142.01,15
2026-07-06T05:15:00Z,FI,8.03,15
2026-07-06T05:15:00Z,FR,128.85,15
2026-07-06T05:15:00Z,GR,140.94,15
2026-07-06T05:15:00Z,HR,141.29,15
2026-07-06T05:15:00Z,HU,140.97,15
2026-07-06T05:15:00Z,IT-CNorth,157.06,15
2026-07-06T05:15:00Z,IT-CSouth,157.06,15
2026-07-06T05:15:00Z,IT-North,157.06,15
2026-07-06T05:15:00Z,IT-Sardinia,157.06,15
2026-07-06T05:15:00Z,IT-Sicily,157.06,15
2026-07-06T05:15:00Z,IT-South,157.06,15
2026-07-06T05:15:00Z,LT,33.09,15
2026-07-06T05:15:00Z,LV,33.09,15
2026-07-06T05:15:00Z,NL,151.15,15
2026-07-06T05:15:00Z,NO1,107.63,15
2026-07-06T05:15:00Z,NO2,119.46,15
2026-07-06T05:15:00Z,NO3,55.93,15
2026-07-06T05:15:00Z,NO4,20.68,15
2026-07-06T05:15:00Z,NO5,92.17,15
2026-07-06T05:15:00Z,PL,140.35,15
2026-07-06T05:15:00Z,PT,140.00,15
2026-07-06T05:15:00Z,RO,140.95,15
2026-07-06T05:15:00Z,SE1,8.10,15
2026-07-06T05:15:00Z,SE2,5.26,15
2026-07-06T05:15:00Z,SE3,68.94,15
2026-07-06T05:15:00Z,SE4,133.32,15
2026-07-06T05:15:00Z,SI,141.54,15
2026-07-06T05:15:00Z,SK,139.60,15
2026-07-06T05:30:00Z,AT,133.79,15
2026-07-06T05:30:00Z,BE,146.83,15
2026-07-06T05:30:00Z,CZ,128.91,15
2026-07-06T05:30:00Z,DE-LU,133.79,15
2026-07-06T05:30:00Z,DK1,134.29,15
2026-07-06T05:30:00Z,DK2,133.97,15
2026-07-06T05:30:00Z,EE,8.41,15
2026-07-06T05:30:00Z,ES,153.82,15
2026-07-06T05:30:00Z,FI,8.41,15
2026-07-06T05:30:00Z,FR,123.01,15
2026-07-06T05:30:00Z,GR,131.76,15
2026-07-06T05:30:00Z,HR,132.01,15
2026-07-06T05:30:00Z,HU,131.78,15
2026-07-06T05:30:00Z,IT-CNorth,155.00,15
2026-07-06T05:30:00Z,IT-CSouth,155.00,15
2026-07-06T05:30:00Z,IT-North,155.00,15
2026-07-06T05:30:00Z,IT-Sardinia,155.00,15
2026-07-06T05:30:00Z,IT-Sicily,155.00,15
2026-07-06T05:30:00Z,IT-South,155.00,15
2026-07-06T05:30:00Z,LT,14.00,15
2026-07-06T05:30:00Z,LV,14.00,15
2026-07-06T05:30:00Z,NL,139.15,15
2026-07-06T05:30:00Z,NO1,108.09,15
2026-07-06T05:30:00Z,NO2,119.65,15
2026-07-06T05:30:00Z,NO3,56.45,15
2026-07-06T05:30:00Z,NO4,21.10,15
2026-07-06T05:30:00Z,NO5,92.98,15
2026-07-06T05:30:00Z,PL,131.33,15
2026-07-06T05:30:00Z,PT,136.75,15
2026-07-06T05:30:00Z,RO,131.76,15
2026-07-06T05:30:00Z,SE1,8.48,15
2026-07-06T05:30:00Z,SE2,5.63,15
2026-07-06T05:30:00Z,SE3,69.35,15
2026-07-06T05:30:00Z,SE4,133.77,15
2026-07-06T05:30:00Z,SI,132.20,15
2026-07-06T05:30:00Z,SK,130.79,15
2026-07-06T05:45:00Z,AT,131.77,15
2026-07-06T05:45:00Z,BE,188.66,15
2026-07-06T05:45:00Z,CZ,110.46,15
2026-07-06T05:45:00Z,DE-LU,131.77,15
2026-07-06T05:45:00Z,DK1,133.93,15
2026-07-06T05:45:00Z,DK2,132.50,15
2026-07-06T05:45:00Z,EE,8.93,15
2026-07-06T05:45:00Z,ES,145.98,15
2026-07-06T05:45:00Z,FI,8.94,15
2026-07-06T05:45:00Z,FR,84.71,15
2026-07-06T05:45:00Z,GR,122.91,15
2026-07-06T05:45:00Z,HR,124.01,15
2026-07-06T05:45:00Z,HU,122.99,15
2026-07-06T05:45:00Z,IT-CNorth,153.74,15
2026-07-06T05:45:00Z,IT-CSouth,153.74,15
2026-07-06T05:45:00Z,IT-North,153.74,15
2026-07-06T05:45:00Z,IT-Sardinia,153.74,15
2026-07-06T05:45:00Z,IT-Sicily,153.74,15
2026-07-06T05:45:00Z,IT-South,153.74,15
2026-07-06T05:45:00Z,LT,9.99,15
2026-07-06T05:45:00Z,LV,9.99,15
2026-07-06T05:45:00Z,NL,155.15,15
2026-07-06T05:45:00Z,NO1,107.57,15
2026-07-06T05:45:00Z,NO2,119.40,15
2026-07-06T05:45:00Z,NO3,56.32,15
2026-07-06T05:45:00Z,NO4,21.46,15
2026-07-06T05:45:00Z,NO5,92.10,15
2026-07-06T05:45:00Z,PL,121.05,15
2026-07-06T05:45:00Z,PT,131.34,15
2026-07-06T05:45:00Z,RO,122.92,15
2026-07-06T05:45:00Z,SE1,9.01,15
2026-07-06T05:45:00Z,SE2,6.19,15
2026-07-06T05:45:00Z,SE3,69.26,15
2026-07-06T05:45:00Z,SE4,133.02,15
2026-07-06T05:45:00Z,SI,124.81,15
2026-07-06T05:45:00Z,SK,118.67,15
2026-07-06T06:00:00Z,AT,154.94,15
2026-07-06T06:00:00Z,BE,178.49,15
2026-07-06T06:00:00Z,CH,126.71,60
2026-07-06T06:00:00Z,CZ,147.77,15
2026-07-06T06:00:00Z,DE-LU,155.93,15
2026-07-06T06:00:00Z,DK1,157.60,15
2026-07-06T06:00:00Z,DK2,154.77,15
2026-07-06T06:00:00Z,EE,8.02,15
2026-07-06T06:00:00Z,ES,133.34,15
2026-07-06T06:00:00Z,FI,8.02,15
2026-07-06T06:00:00Z,FR,136.34,15
2026-07-06T06:00:00Z,GR,110.00,15
2026-07-06T06:00:00Z,HR,152.14,15
2026-07-06T06:00:00Z,HU,151.92,15
2026-07-06T06:00:00Z,IT-CNorth,156.83,15
2026-07-06T06:00:00Z,IT-CSouth,156.83,15
2026-07-06T06:00:00Z,IT-North,156.83,15
2026-07-06T06:00:00Z,IT-Sardinia,156.83,15
2026-07-06T06:00:00Z,IT-Sicily,156.83,15
2026-07-06T06:00:00Z,IT-South,156.83,15
2026-07-06T06:00:00Z,LT,9.64,15
2026-07-06T06:00:00Z,LV,9.64,15
2026-07-06T06:00:00Z,NL,164.96,15
2026-07-06T06:00:00Z,NO1,107.91,15
2026-07-06T06:00:00Z,NO2,120.89,15
2026-07-06T06:00:00Z,NO3,55.57,15
2026-07-06T06:00:00Z,NO4,20.61,15
2026-07-06T06:00:00Z,NO5,89.74,15
2026-07-06T06:00:00Z,PL,151.40,15
2026-07-06T06:00:00Z,PT,136.34,15
2026-07-06T06:00:00Z,RO,151.88,15
2026-07-06T06:00:00Z,RS,65.08,15
2026-07-06T06:00:00Z,SE1,8.09,15
2026-07-06T06:00:00Z,SE2,5.34,15
2026-07-06T06:00:00Z,SE3,69.64,15
2026-07-06T06:00:00Z,SE4,133.75,15
2026-07-06T06:00:00Z,SI,152.39,15
2026-07-06T06:00:00Z,SK,150.42,15
2026-07-06T06:15:00Z,AT,134.24,15
2026-07-06T06:15:00Z,BE,156.50,15
2026-07-06T06:15:00Z,CZ,127.47,15
2026-07-06T06:15:00Z,DE-LU,135.18,15
2026-07-06T06:15:00Z,DK1,136.76,15
2026-07-06T06:15:00Z,DK2,133.23,15
2026-07-06T06:15:00Z,EE,7.70,15
2026-07-06T06:15:00Z,ES,138.50,15
2026-07-06T06:15:00Z,FI,7.70,15
2026-07-06T06:15:00Z,FR,116.67,15
2026-07-06T06:15:00Z,GR,56.53,15
2026-07-06T06:15:00Z,HR,131.59,15
2026-07-06T06:15:00Z,HU,131.39,15
2026-07-06T06:15:00Z,IT-CNorth,148.95,15
2026-07-06T06:15:00Z,IT-CSouth,148.95,15
2026-07-06T06:15:00Z,IT-North,148.95,15
2026-07-06T06:15:00Z,IT-Sardinia,148.95,15
2026-07-06T06:15:00Z,IT-Sicily,148.95,15
2026-07-06T06:15:00Z,IT-South,148.95,15
2026-07-06T06:15:00Z,LT,7.70,15
2026-07-06T06:15:00Z,LV,7.70,15
2026-07-06T06:15:00Z,NL,143.72,15
2026-07-06T06:15:00Z,NO1,107.85,15
2026-07-06T06:15:00Z,NO2,120.77,15
2026-07-06T06:15:00Z,NO3,55.41,15
2026-07-06T06:15:00Z,NO4,20.33,15
2026-07-06T06:15:00Z,NO5,89.76,15
2026-07-06T06:15:00Z,PL,130.90,15
2026-07-06T06:15:00Z,PT,126.02,15
2026-07-06T06:15:00Z,RO,131.35,15
2026-07-06T06:15:00Z,SE1,7.77,15
2026-07-06T06:15:00Z,SE2,5.01,15
2026-07-06T06:15:00Z,SE3,69.47,15
2026-07-06T06:15:00Z,SI,131.84,15
2026-07-06T06:15:00Z,SK,129.98,15
2026-07-06T06:30:00Z,AT,126.20,15
2026-07-06T06:30:00Z,BE,155.92,15
2026-07-06T06:30:00Z,CZ,117.15,15
2026-07-06T06:30:00Z,DE-LU,127.45,15
2026-07-06T06:30:00Z,DK1,129.56,15
2026-07-06T06:30:00Z,DK2,131.32,15
2026-07-06T06:30:00Z,EE,7.84,15
2026-07-06T06:30:00Z,ES,119.22,15
2026-07-06T06:30:00Z,FI,7.85,15
2026-07-06T06:30:00Z,FR,102.73,15
2026-07-06T06:30:00Z,GR,45.00,15
2026-07-06T06:30:00Z,HR,122.66,15
2026-07-06T06:30:00Z,HU,122.39,15
2026-07-06T06:30:00Z,IT-CNorth,150.00,15
2026-07-06T06:30:00Z,IT-CSouth,150.00,15
2026-07-06T06:30:00Z,IT-North,150.00,15
2026-07-06T06:30:00Z,IT-Sardinia,150.00,15
2026-07-06T06:30:00Z,IT-Sicily,150.00,15
2026-07-06T06:30:00Z,IT-South,150.00,15
2026-07-06T06:30:00Z,LT,7.84,15
2026-07-06T06:30:00Z,LV,7.84,15
2026-07-06T06:30:00Z,NL,138.85,15
2026-07-06T06:30:00Z,NO1,106.34,15
2026-07-06T06:30:00Z,NO2,119.30,15
2026-07-06T06:30:00Z,NO3,54.67,15
2026-07-06T06:30:00Z,NO4,20.24,15
2026-07-06T06:30:00Z,NO5,88.19,15
2026-07-06T06:30:00Z,PL,121.73,15
2026-07-06T06:30:00Z,PT,105.65,15
2026-07-06T06:30:00Z,RO,122.34,15
2026-07-06T06:30:00Z,SE1,7.91,15
2026-07-06T06:30:00Z,SE2,5.20,15
2026-07-06T06:30:00Z,SE3,68.61,15
2026-07-06T06:30:00Z,SE4,131.83,15
2026-07-06T06:30:00Z,SI,122.99,15
2026-07-06T06:30:00Z,SK,120.50,15
2026-07-06T06:45:00Z,AT,115.21,15
2026-07-06T06:45:00Z,BE,155.35,15
2026-07-06T06:45:00Z,CZ,102.98,15
2026-07-06T06:45:00Z,DE-LU,116.90,15
2026-07-06T06:45:00Z,DK1,119.74,15
2026-07-06T06:45:00Z,DK2,126.76,15
2026-07-06T06:45:00Z,EE,9.36,15
2026-07-06T06:45:00Z,ES,100.98,15
2026-07-06T06:45:00Z,FI,9.37,15
2026-07-06T06:45:00Z,FR,83.50,15
2026-07-06T06:45:00Z,GR,12.78,15
2026-07-06T06:45:00Z,HR,110.43,15
2026-07-06T06:45:00Z,HU,110.06,15
2026-07-06T06:45:00Z,IT-CNorth,144.22,15
2026-07-06T06:45:00Z,IT-CSouth,144.22,15
2026-07-06T06:45:00Z,IT-North,144.22,15
2026-07-06T06:45:00Z,IT-Sardinia,144.22,15
2026-07-06T06:45:00Z,IT-Sicily,144.22,15
2026-07-06T06:45:00Z,IT-South,144.22,15
2026-07-06T06:45:00Z,LT,9.36,15
2026-07-06T06:45:00Z,LV,9.36,15
2026-07-06T06:45:00Z,NL,132.30,15
2026-07-06T06:45:00Z,NO1,102.92,15
2026-07-06T06:45:00Z,NO2,116.42,15
2026-07-06T06:45:00Z,NO3,53.36,15
2026-07-06T06:45:00Z,NO4,21.04,15
2026-07-06T06:45:00Z,NO5,83.94,15
2026-07-06T06:45:00Z,PL,109.17,15
2026-07-06T06:45:00Z,PT,91.53,15
2026-07-06T06:45:00Z,RO,109.99,15
2026-07-06T06:45:00Z,SE1,9.42,15
2026-07-06T06:45:00Z,SE2,6.87,15
2026-07-06T06:45:00Z,SE3,67.15,15
2026-07-06T06:45:00Z,SE4,127.24,15
2026-07-06T06:45:00Z,SI,110.87,15
2026-07-06T06:45:00Z,SK,107.51,15
2026-07-06T07:00:00Z,AT,124.38,15
2026-07-06T07:00:00Z,BE,148.41,15
2026-07-06T07:00:00Z,CH,98.10,60
2026-07-06T07:00:00Z,CZ,122.67,15
2026-07-06T07:00:00Z,DE-LU,127.87,15
2026-07-06T07:00:00Z,DK1,129.24,15
2026-07-06T07:00:00Z,DK2,128.02,15
2026-07-06T07:00:00Z,EE,9.90,15
2026-07-06T07:00:00Z,ES,122.66,15
2026-07-06T07:00:00Z,FI,9.90,15
2026-07-06T07:00:00Z,FR,109.00,15
2026-07-06T07:00:00Z,GR,94.75,15
2026-07-06T07:00:00Z,HR,123.62,15
2026-07-06T07:00:00Z,HU,123.18,15
2026-07-06T07:00:00Z,IT-CNorth,143.21,15
2026-07-06T07:00:00Z,IT-CSouth,143.21,15
2026-07-06T07:00:00Z,IT-North,143.21,15
2026-07-06T07:00:00Z,IT-Sardinia,143.21,15
2026-07-06T07:00:00Z,IT-Sicily,143.21,15
2026-07-06T07:00:00Z,IT-South,143.21,15
2026-07-06T07:00:00Z,LT,9.90,15
2026-07-06T07:00:00Z,LV,9.90,15
2026-07-06T07:00:00Z,NL,135.93,15
2026-07-06T07:00:00Z,NO1,104.02,15
2026-07-06T07:00:00Z,NO2,118.36,15
2026-07-06T07:00:00Z,NO3,53.82,15
2026-07-06T07:00:00Z,NO4,21.48,15
2026-07-06T07:00:00Z,NO5,83.58,15
2026-07-06T07:00:00Z,PL,124.25,15
2026-07-06T07:00:00Z,PT,109.00,15
2026-07-06T07:00:00Z,RO,123.24,15
2026-07-06T07:00:00Z,RS,59.98,15
2026-07-06T07:00:00Z,SE1,9.96,15
2026-07-06T07:00:00Z,SE2,7.52,15
2026-07-06T07:00:00Z,SE3,69.17,15
2026-07-06T07:00:00Z,SE4,128.50,15
2026-07-06T07:00:00Z,SI,123.93,15
2026-07-06T07:00:00Z,SK,123.12,15
2026-07-06T07:15:00Z,AT,109.33,15
2026-07-06T07:15:00Z,BE,148.74,15
2026-07-06T07:15:00Z,CZ,107.79,15
2026-07-06T07:15:00Z,DE-LU,115.55,15
2026-07-06T07:15:00Z,DK1,117.78,15
2026-07-06T07:15:00Z,DK2,119.95,15
2026-07-06T07:15:00Z,EE,9.65,15
2026-07-06T07:15:00Z,ES,105.47,15
2026-07-06T07:15:00Z,FI,9.65,15
2026-07-06T07:15:00Z,FR,85.00,15
2026-07-06T07:15:00Z,GR,45.00,15
2026-07-06T07:15:00Z,HR,108.71,15
2026-07-06T07:15:00Z,HU,107.64,15
2026-07-06T07:15:00Z,IT-CNorth,139.92,15
2026-07-06T07:15:00Z,IT-CSouth,139.92,15
2026-07-06T07:15:00Z,IT-North,139.92,15
2026-07-06T07:15:00Z,IT-Sardinia,139.92,15
2026-07-06T07:15:00Z,IT-Sicily,139.92,15
2026-07-06T07:15:00Z,IT-South,139.92,15
2026-07-06T07:15:00Z,LT,9.65,15
2026-07-06T07:15:00Z,LV,9.65,15
2026-07-06T07:15:00Z,NL,128.57,15
2026-07-06T07:15:00Z,NO1,100.97,15
2026-07-06T07:15:00Z,NO2,113.54,15
2026-07-06T07:15:00Z,NO3,53.15,15
2026-07-06T07:15:00Z,NO4,20.55,15
2026-07-06T07:15:00Z,NO5,83.24,15
2026-07-06T07:15:00Z,PL,109.87,15
2026-07-06T07:15:00Z,PT,89.56,15
2026-07-06T07:15:00Z,RO,107.82,15
2026-07-06T07:15:00Z,SE1,9.70,15
2026-07-06T07:15:00Z,SE2,7.41,15
2026-07-06T07:15:00Z,SE3,64.98,15
2026-07-06T07:15:00Z,SE4,120.41,15
2026-07-06T07:15:00Z,SI,109.33,15
2026-07-06T07:15:00Z,SK,107.93,15
2026-07-06T07:30:00Z,AT,99.14,15
2026-07-06T07:30:00Z,BE,133.98,15
2026-07-06T07:30:00Z,CZ,99.14,15
2026-07-06T07:30:00Z,DE-LU,105.08,15
2026-07-06T07:30:00Z,DK1,107.05,15
2026-07-06T07:30:00Z,DK2,109.02,15
2026-07-06T07:30:00Z,EE,8.95,15
2026-07-06T07:30:00Z,ES,76.83,15
2026-07-06T07:30:00Z,FI,8.96,15
2026-07-06T07:30:00Z,FR,76.10,15
2026-07-06T07:30:00Z,GR,13.63,15
2026-07-06T07:30:00Z,HR,98.80,15
2026-07-06T07:30:00Z,HU,98.43,15
2026-07-06T07:30:00Z,IT-CNorth,127.78,15
2026-07-06T07:30:00Z,IT-CSouth,127.78,15
2026-07-06T07:30:00Z,IT-North,127.78,15
2026-07-06T07:30:00Z,IT-Sardinia,127.78,15
2026-07-06T07:30:00Z,IT-Sicily,127.78,15
2026-07-06T07:30:00Z,IT-South,127.78,15
2026-07-06T07:30:00Z,LT,8.95,15
2026-07-06T07:30:00Z,LV,8.95,15
2026-07-06T07:30:00Z,NL,116.36,15
2026-07-06T07:30:00Z,NO1,95.86,15
2026-07-06T07:30:00Z,NO2,104.97,15
2026-07-06T07:30:00Z,NO3,51.88,15
2026-07-06T07:30:00Z,NO4,19.06,15
2026-07-06T07:30:00Z,NO5,83.33,15
2026-07-06T07:30:00Z,PL,100.53,15
2026-07-06T07:30:00Z,RO,98.49,15
2026-07-06T07:30:00Z,SE1,9.00,15
2026-07-06T07:30:00Z,SE2,6.87,15
2026-07-06T07:30:00Z,SE3,59.12,15
2026-07-06T07:30:00Z,SE4,109.44,15
2026-07-06T07:30:00Z,SI,99.14,15
2026-07-06T07:30:00Z,SK,98.90,15
2026-07-06T07:45:00Z,AT,87.24,15
2026-07-06T07:45:00Z,BE,121.65,15
2026-07-06T07:45:00Z,CZ,89.21,15
2026-07-06T07:45:00Z,DE-LU,93.96,15
2026-07-06T07:45:00Z,DK1,95.89,15
2026-07-06T07:45:00Z,DK2,97.66,15
2026-07-06T07:45:00Z,EE,7.84,15
2026-07-06T07:45:00Z,ES,53.65,15
2026-07-06T07:45:00Z,FI,7.85,15
2026-07-06T07:45:00Z,FR,68.10,15
2026-07-06T07:45:00Z,GR,12.79,15
2026-07-06T07:45:00Z,HR,87.40,15
2026-07-06T07:45:00Z,HU,87.40,15
2026-07-06T07:45:00Z,IT-CNorth,122.25,15
2026-07-06T07:45:00Z,IT-CSouth,122.25,15
2026-07-06T07:45:00Z,IT-North,122.25,15
2026-07-06T07:45:00Z,IT-Sardinia,122.25,15
2026-07-06T07:45:00Z,IT-Sicily,122.25,15
2026-07-06T07:45:00Z,IT-South,122.25,15
2026-07-06T07:45:00Z,LT,7.84,15
2026-07-06T07:45:00Z,LV,7.84,15
2026-07-06T07:45:00Z,NL,104.80,15
2026-07-06T07:45:00Z,NO1,92.98,15
2026-07-06T07:45:00Z,NO2,100.28,15
2026-07-06T07:45:00Z,NO3,51.21,15
2026-07-06T07:45:00Z,NO4,17.01,15
2026-07-06T07:45:00Z,NO5,83.35,15
2026-07-06T07:45:00Z,PL,89.93,15
2026-07-06T07:45:00Z,PT,84.99,15
2026-07-06T07:45:00Z,RO,87.42,15
2026-07-06T07:45:00Z,SE1,7.89,15
2026-07-06T07:45:00Z,SE2,5.96,15
2026-07-06T07:45:00Z,SE3,52.85,15
2026-07-06T07:45:00Z,SE4,98.04,15
2026-07-06T07:45:00Z,SI,87.60,15
2026-07-06T07:45:00Z,SK,88.30,15
2026-07-06T08:00:00Z,AT,106.05,15
2026-07-06T08:00:00Z,BE,170.22,15
2026-07-06T08:00:00Z,CH,79.57,60
2026-07-06T08:00:00Z,CZ,98.34,15
2026-07-06T08:00:00Z,DE-LU,114.77,15
2026-07-06T08:00:00Z,DK1,118.22,15
2026-07-06T08:00:00Z,DK2,116.10,15
2026-07-06T08:00:00Z,EE,9.99,15
2026-07-06T08:00:00Z,ES,57.46,15
2026-07-06T08:00:00Z,FI,10.00,15
2026-07-06T08:00:00Z,FR,67.96,15
2026-07-06T08:00:00Z,GR,90.01,15
2026-07-06T08:00:00Z,HR,123.30,15
2026-07-06T08:00:00Z,HU,81.99,15
2026-07-06T08:00:00Z,IT-CNorth,140.93,15
2026-07-06T08:00:00Z,IT-CSouth,140.93,15
2026-07-06T08:00:00Z,IT-North,140.93,15
2026-07-06T08:00:00Z,IT-Sardinia,140.93,15
2026-07-06T08:00:00Z,IT-Sicily,140.93,15
2026-07-06T08:00:00Z,IT-South,140.93,15
2026-07-06T08:00:00Z,LT,9.99,15
2026-07-06T08:00:00Z,LV,9.99,15
2026-07-06T08:00:00Z,NL,136.61,15
2026-07-06T08:00:00Z,NO1,95.07,15
2026-07-06T08:00:00Z,NO2,101.16,15
2026-07-06T08:00:00Z,NO3,52.42,15
2026-07-06T08:00:00Z,NO4,21.15,15
2026-07-06T08:00:00Z,NO5,86.69,15
2026-07-06T08:00:00Z,PL,98.83,15
2026-07-06T08:00:00Z,PT,89.56,15
2026-07-06T08:00:00Z,RO,89.48,15
2026-07-06T08:00:00Z,RS,65.00,15
2026-07-06T08:00:00Z,SE1,10.03,15
2026-07-06T08:00:00Z,SE2,7.63,15
2026-07-06T08:00:00Z,SE3,63.93,15
2026-07-06T08:00:00Z,SE4,116.58,15
2026-07-06T08:00:00Z,SI,138.71,15
2026-07-06T08:00:00Z,SK,89.86,15
2026-07-06T08:15:00Z,AT,89.49,15
2026-07-06T08:15:00Z,BE,134.04,15
2026-07-06T08:15:00Z,CZ,82.42,15
2026-07-06T08:15:00Z,DE-LU,94.99,15
2026-07-06T08:15:00Z,DK1,97.34,15
2026-07-06T08:15:00Z,DK2,96.72,15
2026-07-06T08:15:00Z,EE,9.64,15
2026-07-06T08:15:00Z,ES,50.24,15
2026-07-06T08:15:00Z,FI,9.65,15
2026-07-06T08:15:00Z,FR,62.69,15
2026-07-06T08:15:00Z,GR,75.87,15
2026-07-06T08:15:00Z,HR,104.03,15
2026-07-06T08:15:00Z,HU,69.10,15
2026-07-06T08:15:00Z,IT-CNorth,139.92,15
2026-07-06T08:15:00Z,IT-CSouth,139.92,15
2026-07-06T08:15:00Z,IT-North,139.92,15
2026-07-06T08:15:00Z,IT-Sardinia,139.92,15
2026-07-06T08:15:00Z,IT-Sicily,139.92,15
2026-07-06T08:15:00Z,IT-South,139.92,15
2026-07-06T08:15:00Z,LT,9.64,15
2026-07-06T08:15:00Z,LV,9.64,15
2026-07-06T08:15:00Z,NL,110.41,15
2026-07-06T08:15:00Z,NO1,92.69,15
2026-07-06T08:15:00Z,NO2,97.49,15
2026-07-06T08:15:00Z,NO3,52.87,15
2026-07-06T08:15:00Z,NO4,18.84,15
2026-07-06T08:15:00Z,PL,82.63,15
2026-07-06T08:15:00Z,PT,84.99,15
2026-07-06T08:15:00Z,RO,75.42,15
2026-07-06T08:15:00Z,SE1,9.68,15
2026-07-06T08:15:00Z,SE2,7.69,15
2026-07-06T08:15:00Z,SE3,53.90,15
2026-07-06T08:15:00Z,SE4,97.11,15
2026-07-06T08:15:00Z,SI,117.01,15
2026-07-06T08:15:00Z,SK,75.50,15
2026-07-06T08:30:00Z,AT,72.64,15
2026-07-06T08:30:00Z,BE,116.90,15
2026-07-06T08:30:00Z,CZ,75.93,15
2026-07-06T08:30:00Z,DE-LU,81.40,15
2026-07-06T08:30:00Z,DK1,84.02,15
2026-07-06T08:30:00Z,DK2,82.51,15
2026-07-06T08:30:00Z,ES,45.53,15
2026-07-06T08:30:00Z,FR,48.00,15
2026-07-06T08:30:00Z,GR,55.30,15
2026-07-06T08:30:00Z,HR,69.67,15
2026-07-06T08:30:00Z,HU,75.06,15
2026-07-06T08:30:00Z,IT-CNorth,130.03,15
2026-07-06T08:30:00Z,IT-CSouth,130.03,15
2026-07-06T08:30:00Z,IT-North,130.03,15
2026-07-06T08:30:00Z,IT-Sardinia,130.03,15
2026-07-06T08:30:00Z,IT-Sicily,130.03,15
2026-07-06T08:30:00Z,IT-South,130.03,15
2026-07-06T08:30:00Z,NL,95.18,15
2026-07-06T08:30:00Z,NO1,87.57,15
2026-07-06T08:30:00Z,NO2,90.00,15
2026-07-06T08:30:00Z,NO3,51.93,15
2026-07-06T08:30:00Z,NO4,17.64,15
2026-07-06T08:30:00Z,NO5,85.22,15
2026-07-06T08:30:00Z,PL,77.03,15
2026-07-06T08:30:00Z,PT,84.01,15
2026-07-06T08:30:00Z,RO,48.17,15
2026-07-06T08:30:00Z,SE2,7.95,15
2026-07-06T08:30:00Z,SE3,46.64,15
2026-07-06T08:30:00Z,SE4,82.84,15
2026-07-06T08:30:00Z,SI,70.89,15
2026-07-06T08:30:00Z,SK,75.37,15
2026-07-06T08:45:00Z,AT,61.86,15
2026-07-06T08:45:00Z,BE,102.77,15
2026-07-06T08:45:00Z,CZ,64.85,15
2026-07-06T08:45:00Z,DE-LU,69.94,15
2026-07-06T08:45:00Z,DK1,72.36,15
2026-07-06T08:45:00Z,DK2,71.06,15
2026-07-06T08:45:00Z,EE,8.15,15
2026-07-06T08:45:00Z,ES,35.64,15
2026-07-06T08:45:00Z,FI,8.16,15
2026-07-06T08:45:00Z,FR,39.10,15
2026-07-06T08:45:00Z,GR,49.59,15
2026-07-06T08:45:00Z,HR,59.62,15
2026-07-06T08:45:00Z,HU,63.86,15
2026-07-06T08:45:00Z,IT-CNorth,121.40,15
2026-07-06T08:45:00Z,IT-CSouth,121.40,15
2026-07-06T08:45:00Z,IT-North,121.40,15
2026-07-06T08:45:00Z,IT-Sardinia,121.40,15
2026-07-06T08:45:00Z,IT-Sicily,121.40,15
2026-07-06T08:45:00Z,IT-South,121.40,15
2026-07-06T08:45:00Z,LT,8.15,15
2026-07-06T08:45:00Z,LV,8.15,15
2026-07-06T08:45:00Z,NL,82.69,15
2026-07-06T08:45:00Z,NO1,79.49,15
2026-07-06T08:45:00Z,NO2,80.99,15
2026-07-06T08:45:00Z,NO3,56.85,15
2026-07-06T08:45:00Z,NO4,21.83,15
2026-07-06T08:45:00Z,NO5,78.25,15
2026-07-06T08:45:00Z,PL,65.83,15
2026-07-06T08:45:00Z,PT,78.30,15
2026-07-06T08:45:00Z,RO,44.47,15
2026-07-06T08:45:00Z,SE1,8.25,15
2026-07-06T08:45:00Z,SE2,5.26,15
2026-07-06T08:45:00Z,SE3,39.41,15
2026-07-06T08:45:00Z,SE4,71.27,15
2026-07-06T08:45:00Z,SI,60.41,15
2026-07-06T08:45:00Z,SK,64.27,15
2026-07-06T09:00:00Z,AT,75.48,15
2026-07-06T09:00:00Z,BE,125.12,15
2026-07-06T09:00:00Z,CH,57.14,60
2026-07-06T09:00:00Z,CZ,78.82,15
2026-07-06T09:00:00Z,DE-LU,87.00,15
2026-07-06T09:00:00Z,DK1,90.71,15
2026-07-06T09:00:00Z,DK2,89.09,15
2026-07-06T09:00:00Z,EE,9.27,15
2026-07-06T09:00:00Z,ES,56.99,15
2026-07-06T09:00:00Z,FI,9.28,15
2026-07-06T09:00:00Z,FR,41.61,15
2026-07-06T09:00:00Z,GR,75.64,15
2026-07-06T09:00:00Z,HR,75.94,15
2026-07-06T09:00:00Z,HU,75.48,15
2026-07-06T09:00:00Z,IT-CNorth,137.38,15
2026-07-06T09:00:00Z,IT-CSouth,137.38,15
2026-07-06T09:00:00Z,IT-North,137.38,15
2026-07-06T09:00:00Z,IT-Sardinia,133.76,15
2026-07-06T09:00:00Z,IT-Sicily,137.38,15
2026-07-06T09:00:00Z,IT-South,137.38,15
2026-07-06T09:00:00Z,LT,9.27,15
2026-07-06T09:00:00Z,LV,9.27,15
2026-07-06T09:00:00Z,NL,106.05,15
2026-07-06T09:00:00Z,NO1,89.33,15
2026-07-06T09:00:00Z,NO2,91.87,15
2026-07-06T09:00:00Z,NO3,52.09,15
2026-07-06T09:00:00Z,NO4,17.88,15
2026-07-06T09:00:00Z,NO5,86.81,15
2026-07-06T09:00:00Z,PL,80.10,15
2026-07-06T09:00:00Z,PT,80.00,15
2026-07-06T09:00:00Z,RO,75.63,15
2026-07-06T09:00:00Z,RS,47.40,15
2026-07-06T09:00:00Z,SE1,9.30,15
2026-07-06T09:00:00Z,SE2,7.44,15
2026-07-06T09:00:00Z,SE3,49.70,15
2026-07-06T09:00:00Z,SE4,89.51,15
2026-07-06T09:00:00Z,SI,76.47,15
2026-07-06T09:00:00Z,SK,77.19,15
2026-07-06T09:15:00Z,AT,71.25,15
2026-07-06T09:15:00Z,BE,107.43,15
2026-07-06T09:15:00Z,CZ,73.88,15
2026-07-06T09:15:00Z,DE-LU,79.52,15
2026-07-06T09:15:00Z,DK1,82.24,15
2026-07-06T09:15:00Z,DK2,80.77,15
2026-07-06T09:15:00Z,EE,8.26,15
2026-07-06T09:15:00Z,ES,38.49,15
2026-07-06T09:15:00Z,FI,8.27,15
2026-07-06T09:15:00Z,FR,38.66,15
2026-07-06T09:15:00Z,GR,71.78,15
2026-07-06T09:15:00Z,HR,71.22,15
2026-07-06T09:15:00Z,HU,71.86,15
2026-07-06T09:15:00Z,IT-CNorth,135.00,15
2026-07-06T09:15:00Z,IT-CSouth,135.00,15
2026-07-06T09:15:00Z,IT-North,135.00,15
2026-07-06T09:15:00Z,IT-Sardinia,127.38,15
2026-07-06T09:15:00Z,IT-Sicily,135.00,15
2026-07-06T09:15:00Z,IT-South,135.00,15
2026-07-06T09:15:00Z,LT,8.26,15
2026-07-06T09:15:00Z,LV,8.26,15
2026-07-06T09:15:00Z,NL,93.45,15
2026-07-06T09:15:00Z,NO1,82.62,15
2026-07-06T09:15:00Z,NO2,84.44,15
2026-07-06T09:15:00Z,NO3,55.73,15
2026-07-06T09:15:00Z,NO4,21.38,15
2026-07-06T09:15:00Z,NO5,80.88,15
2026-07-06T09:15:00Z,PL,74.82,15
2026-07-06T09:15:00Z,RO,71.79,15
2026-07-06T09:15:00Z,SE1,8.33,15
2026-07-06T09:15:00Z,SE2,5.44,15
2026-07-06T09:15:00Z,SE3,44.45,15
2026-07-06T09:15:00Z,SE4,81.08,15
2026-07-06T09:15:00Z,SI,71.23,15
2026-07-06T09:15:00Z,SK,72.90,15
2026-07-06T09:30:00Z,AT,65.79,15
2026-07-06T09:30:00Z,BE,65.00,15
2026-07-06T09:30:00Z,CZ,65.36,15
2026-07-06T09:30:00Z,DE-LU,64.74,15
2026-07-06T09:30:00Z,DK1,64.71,15
2026-07-06T09:30:00Z,DK2,64.78,15
2026-07-06T09:30:00Z,EE,8.46,15
2026-07-06T09:30:00Z,ES,40.76,15
2026-07-06T09:30:00Z,FI,8.47,15
2026-07-06T09:30:00Z,FR,33.39,15
2026-07-06T09:30:00Z,GR,65.78,15
2026-07-06T09:30:00Z,HR,66.09,15
2026-07-06T09:30:00Z,HU,65.71,15
2026-07-06T09:30:00Z,IT-CNorth,130.33,15
2026-07-06T09:30:00Z,IT-CSouth,130.33,15
2026-07-06T09:30:00Z,IT-North,130.33,15
2026-07-06T09:30:00Z,IT-Sardinia,127.00,15
2026-07-06T09:30:00Z,IT-Sicily,130.33,15
2026-07-06T09:30:00Z,IT-South,130.33,15
2026-07-06T09:30:00Z,LT,8.46,15
2026-07-06T09:30:00Z,LV,8.46,15
2026-07-06T09:30:00Z,NL,64.80,15
2026-07-06T09:30:00Z,NO1,66.66,15
2026-07-06T09:30:00Z,NO2,67.31,15
2026-07-06T09:30:00Z,NO3,56.86,15
2026-07-06T09:30:00Z,NO4,26.55,15
2026-07-06T09:30:00Z,NO5,66.09,15
2026-07-06T09:30:00Z,PL,65.28,15
2026-07-06T09:30:00Z,PT,78.30,15
2026-07-06T09:30:00Z,RO,65.77,15
2026-07-06T09:30:00Z,SE1,8.59,15
2026-07-06T09:30:00Z,SE2,4.56,15
2026-07-06T09:30:00Z,SE3,35.77,15
2026-07-06T09:30:00Z,SE4,64.92,15
2026-07-06T09:30:00Z,SI,66.16,15
2026-07-06T09:30:00Z,SK,65.55,15
2026-07-06T09:45:00Z,AT,52.76,15
2026-07-06T09:45:00Z,BE,72.40,15
2026-07-06T09:45:00Z,CZ,54.22,15
2026-07-06T09:45:00Z,DE-LU,57.00,15
2026-07-06T09:45:00Z,DK1,58.49,15
2026-07-06T09:45:00Z,DK2,57.44,15
2026-07-06T09:45:00Z,EE,8.66,15
2026-07-06T09:45:00Z,ES,44.05,15
2026-07-06T09:45:00Z,FI,8.67,15
2026-07-06T09:45:00Z,FR,23.54,15
2026-07-06T09:45:00Z,GR,53.29,15
2026-07-06T09:45:00Z,HR,52.61,15
2026-07-06T09:45:00Z,HU,53.42,15
2026-07-06T09:45:00Z,IT-CNorth,128.09,15
2026-07-06T09:45:00Z,IT-CSouth,128.09,15
2026-07-06T09:45:00Z,IT-North,128.09,15
2026-07-06T09:45:00Z,IT-Sardinia,100.00,15
2026-07-06T09:45:00Z,IT-Sicily,128.09,15
2026-07-06T09:45:00Z,IT-South,128.09,15
2026-07-06T09:45:00Z,LT,8.66,15
2026-07-06T09:45:00Z,LV,8.66,15
2026-07-06T09:45:00Z,NL,64.66,15
2026-07-06T09:45:00Z,NO1,60.36,15
2026-07-06T09:45:00Z,NO2,60.58,15
2026-07-06T09:45:00Z,NO3,56.81,15
2026-07-06T09:45:00Z,NO4,28.13,15
2026-07-06T09:45:00Z,NO5,60.27,15
2026-07-06T09:45:00Z,PL,54.72,15
2026-07-06T09:45:00Z,RO,53.30,15
2026-07-06T09:45:00Z,SE1,8.80,15
2026-07-06T09:45:00Z,SE2,4.46,15
2026-07-06T09:45:00Z,SE3,31.93,15
2026-07-06T09:45:00Z,SE4,57.51,15
2026-07-06T09:45:00Z,SI,52.42,15
2026-07-06T09:45:00Z,SK,53.85,15
2026-07-06T10:00:00Z,AT,56.15,15
2026-07-06T10:00:00Z,BE,73.82,15
2026-07-06T10:00:00Z,CH,31.69,60
2026-07-06T10:00:00Z,CZ,57.63,15
2026-07-06T10:00:00Z,DE-LU,59.95,15
2026-07-06T10:00:00Z,DK1,61.99,15
2026-07-06T10:00:00Z,DK2,60.88,15
2026-07-06T10:00:00Z,EE,8.84,15
2026-07-06T10:00:00Z,ES,49.22,15
2026-07-06T10:00:00Z,FI,8.85,15
2026-07-06T10:00:00Z,FR,23.03,15
2026-07-06T10:00:00Z,GR,56.90,15
2026-07-06T10:00:00Z,HR,56.36,15
2026-07-06T10:00:00Z,HU,57.00,15
2026-07-06T10:00:00Z,IT-CNorth,133.15,15
2026-07-06T10:00:00Z,IT-CSouth,133.15,15
2026-07-06T10:00:00Z,IT-North,133.15,15
2026-07-06T10:00:00Z,IT-Sardinia,133.15,15
2026-07-06T10:00:00Z,IT-Sicily,133.15,15
2026-07-06T10:00:00Z,IT-South,133.15,15
2026-07-06T10:00:00Z,LT,8.84,15
2026-07-06T10:00:00Z,LV,8.84,15
2026-07-06T10:00:00Z,NL,66.79,15
2026-07-06T10:00:00Z,NO1,62.92,15
2026-07-06T10:00:00Z,NO2,63.24,15
2026-07-06T10:00:00Z,NO3,57.98,15
2026-07-06T10:00:00Z,NO4,28.52,15
2026-07-06T10:00:00Z,NO5,62.70,15
2026-07-06T10:00:00Z,PL,58.09,15
2026-07-06T10:00:00Z,RO,56.91,15
2026-07-06T10:00:00Z,RS,27.37,15
2026-07-06T10:00:00Z,SE1,9.01,15
2026-07-06T10:00:00Z,SE2,4.48,15
2026-07-06T10:00:00Z,SE3,33.88,15
2026-07-06T10:00:00Z,SE4,60.96,15
2026-07-06T10:00:00Z,SI,56.21,15
2026-07-06T10:00:00Z,SK,57.35,15
2026-07-06T10:15:00Z,AT,49.60,15
2026-07-06T10:15:00Z,BE,43.81,15
2026-07-06T10:15:00Z,CZ,48.57,15
2026-07-06T10:15:00Z,DE-LU,47.22,15
2026-07-06T10:15:00Z,DK1,46.80,15
2026-07-06T10:15:00Z,DK2,47.14,15
2026-07-06T10:15:00Z,EE,8.89,15
2026-07-06T10:15:00Z,ES,45.97,15
2026-07-06T10:15:00Z,FI,8.90,15
2026-07-06T10:15:00Z,FR,18.77,15
2026-07-06T10:15:00Z,GR,49.27,15
2026-07-06T10:15:00Z,HR,49.79,15
2026-07-06T10:15:00Z,HU,49.16,15
2026-07-06T10:15:00Z,IT-CNorth,129.71,15
2026-07-06T10:15:00Z,IT-CSouth,129.71,15
2026-07-06T10:15:00Z,IT-North,129.71,15
2026-07-06T10:15:00Z,IT-Sardinia,129.71,15
2026-07-06T10:15:00Z,IT-Sicily,129.71,15
2026-07-06T10:15:00Z,IT-South,129.71,15
2026-07-06T10:15:00Z,LT,8.89,15
2026-07-06T10:15:00Z,LV,8.89,15
2026-07-06T10:15:00Z,NL,45.43,15
2026-07-06T10:15:00Z,NO1,48.83,15
2026-07-06T10:15:00Z,NO2,48.55,15
2026-07-06T10:15:00Z,NO3,52.72,15
2026-07-06T10:15:00Z,NO4,28.68,15
2026-07-06T10:15:00Z,NO5,49.20,15
2026-07-06T10:15:00Z,PL,48.33,15
2026-07-06T10:15:00Z,PT,78.09,15
2026-07-06T10:15:00Z,RO,49.26,15
2026-07-06T10:15:00Z,SE1,9.07,15
2026-07-06T10:15:00Z,SE2,4.49,15
2026-07-06T10:15:00Z,SE3,26.76,15
2026-07-06T10:15:00Z,SE4,47.13,15
2026-07-06T10:15:00Z,SI,49.92,15
2026-07-06T10:15:00Z,SK,48.87,15
2026-07-06T10:30:00Z,AT,39.96,15
2026-07-06T10:30:00Z,BE,36.00,15
2026-07-06T10:30:00Z,CZ,39.25,15
2026-07-06T10:30:00Z,DE-LU,38.33,15
2026-07-06T10:30:00Z,DK1,38.10,15
2026-07-06T10:30:00Z,DK2,38.27,15
2026-07-06T10:30:00Z,EE,8.87,15
2026-07-06T10:30:00Z,ES,46.33,15
2026-07-06T10:30:00Z,FI,8.88,15
2026-07-06T10:30:00Z,FR,18.93,15
2026-07-06T10:30:00Z,GR,39.73,15
2026-07-06T10:30:00Z,HR,40.08,15
2026-07-06T10:30:00Z,HU,39.65,15
2026-07-06T10:30:00Z,IT-CNorth,132.14,15
2026-07-06T10:30:00Z,IT-CSouth,132.14,15
2026-07-06T10:30:00Z,IT-North,132.14,15
2026-07-06T10:30:00Z,IT-Sardinia,132.14,15
2026-07-06T10:30:00Z,IT-Sicily,132.14,15
2026-07-06T10:30:00Z,IT-South,132.14,15
2026-07-06T10:30:00Z,LT,8.87,15
2026-07-06T10:30:00Z,LV,8.87,15
2026-07-06T10:30:00Z,NL,37.11,15
2026-07-06T10:30:00Z,NO1,42.74,15
2026-07-06T10:30:00Z,NO2,43.02,15
2026-07-06T10:30:00Z,NO3,52.09,15
2026-07-06T10:30:00Z,NO4,28.88,15
2026-07-06T10:30:00Z,NO5,47.06,15
2026-07-06T10:30:00Z,PL,39.09,15
2026-07-06T10:30:00Z,RO,39.72,15
2026-07-06T10:30:00Z,SE1,9.06,15
2026-07-06T10:30:00Z,SE2,4.43,15
2026-07-06T10:30:00Z,SE3,22.11,15
2026-07-06T10:30:00Z,SE4,38.22,15
2026-07-06T10:30:00Z,SI,40.17,15
2026-07-06T10:30:00Z,SK,39.45,15
2026-07-06T10:45:00Z,AT,27.95,15
2026-07-06T10:45:00Z,BE,24.57,15
2026-07-06T10:45:00Z,CZ,27.34,15
2026-07-06T10:45:00Z,DE-LU,26.56,15
2026-07-06T10:45:00Z,DK1,26.67,15
2026-07-06T10:45:00Z,DK2,26.51,15
2026-07-06T10:45:00Z,EE,8.86,15
2026-07-06T10:45:00Z,ES,43.00,15
2026-07-06T10:45:00Z,FI,8.87,15
2026-07-06T10:45:00Z,FR,10.00,15
2026-07-06T10:45:00Z,GR,27.75,15
2026-07-06T10:45:00Z,HR,28.05,15
2026-07-06T10:45:00Z,HU,27.69,15
2026-07-06T10:45:00Z,IT-CNorth,127.38,15
2026-07-06T10:45:00Z,IT-CSouth,127.38,15
2026-07-06T10:45:00Z,IT-North,127.38,15
2026-07-06T10:45:00Z,IT-Sardinia,127.38,15
2026-07-06T10:45:00Z,IT-Sicily,127.38,15
2026-07-06T10:45:00Z,IT-South,127.38,15
2026-07-06T10:45:00Z,LT,8.86,15
2026-07-06T10:45:00Z,LV,8.86,15
2026-07-06T10:45:00Z,NL,25.52,15
2026-07-06T10:45:00Z,NO1,35.99,15
2026-07-06T10:45:00Z,NO2,37.44,15
2026-07-06T10:45:00Z,NO3,51.97,15
2026-07-06T10:45:00Z,NO4,28.86,15
2026-07-06T10:45:00Z,NO5,47.03,15
2026-07-06T10:45:00Z,PL,27.21,15
2026-07-06T10:45:00Z,RO,27.75,15
2026-07-06T10:45:00Z,SE1,9.05,15
2026-07-06T10:45:00Z,SE2,4.41,15
2026-07-06T10:45:00Z,SE3,15.96,15
2026-07-06T10:45:00Z,SE4,26.41,15
2026-07-06T10:45:00Z,SI,28.13,15
2026-07-06T10:45:00Z,SK,27.52,15
2026-07-06T11:00:00Z,AT,55.28,15
2026-07-06T11:00:00Z,BE,39.28,15
2026-07-06T11:00:00Z,CH,20.10,60
2026-07-06T11:00:00Z,CZ,47.44,15
2026-07-06T11:00:00Z,DE-LU,39.51,15
2026-07-06T11:00:00Z,DK1,40.28,15
2026-07-06T11:00:00Z,DK2,40.13,15
2026-07-06T11:00:00Z,EE,8.82,15
2026-07-06T11:00:00Z,ES,51.15,15
2026-07-06T11:00:00Z,FI,8.83,15
2026-07-06T11:00:00Z,FR,19.84,15
2026-07-06T11:00:00Z,GR,50.56,15
2026-07-06T11:00:00Z,HR,50.85,15
2026-07-06T11:00:00Z,HU,50.84,15
2026-07-06T11:00:00Z,LT,8.82,15
2026-07-06T11:00:00Z,LV,8.82,15
2026-07-06T11:00:00Z,NL,39.28,15
2026-07-06T11:00:00Z,NO1,44.16,15
2026-07-06T11:00:00Z,NO2,44.50,15
2026-07-06T11:00:00Z,NO3,52.24,15
2026-07-06T11:00:00Z,NO4,28.66,15
2026-07-06T11:00:00Z,NO5,48.17,15
2026-07-06T11:00:00Z,PL,45.79,15
2026-07-06T11:00:00Z,PT,77.88,15
2026-07-06T11:00:00Z,RO,50.56,15
2026-07-06T11:00:00Z,RS,23.00,15
2026-07-06T11:00:00Z,SE1,8.98,15
2026-07-06T11:00:00Z,SE2,4.40,15
2026-07-06T11:00:00Z,SE3,23.27,15
2026-07-06T11:00:00Z,SE4,40.09,15
2026-07-06T11:00:00Z,SI,51.10,15
2026-07-06T11:00:00Z,SK,49.45,15
2026-07-06T11:15:00Z,AT,35.39,15
2026-07-06T11:15:00Z,BE,25.10,15
2026-07-06T11:15:00Z,CZ,30.21,15
2026-07-06T11:15:00Z,DE-LU,25.02,15
2026-07-06T11:15:00Z,DK1,28.20,15
2026-07-06T11:15:00Z,DK2,27.69,15
2026-07-06T11:15:00Z,EE,8.85,15
2026-07-06T11:15:00Z,ES,52.78,15
2026-07-06T11:15:00Z,FI,8.86,15
2026-07-06T11:15:00Z,FR,25.02,15
2026-07-06T11:15:00Z,GR,32.17,15
2026-07-06T11:15:00Z,HR,32.21,15
2026-07-06T11:15:00Z,HU,32.40,15
2026-07-06T11:15:00Z,IT-CNorth,132.05,15
2026-07-06T11:15:00Z,IT-CSouth,132.05,15
2026-07-06T11:15:00Z,IT-North,132.05,15
2026-07-06T11:15:00Z,IT-Sardinia,132.05,15
2026-07-06T11:15:00Z,IT-Sicily,132.05,15
2026-07-06T11:15:00Z,IT-South,132.05,15
2026-07-06T11:15:00Z,LT,8.85,15
2026-07-06T11:15:00Z,LV,8.85,15
2026-07-06T11:15:00Z,NL,25.02,15
2026-07-06T11:15:00Z,NO1,37.83,15
2026-07-06T11:15:00Z,NO2,39.35,15
2026-07-06T11:15:00Z,NO3,52.53,15
2026-07-06T11:15:00Z,NO5,48.46,15
2026-07-06T11:15:00Z,PL,29.11,15
2026-07-06T11:15:00Z,RO,32.17,15
2026-07-06T11:15:00Z,SE1,9.01,15
2026-07-06T11:15:00Z,SE2,4.43,15
2026-07-06T11:15:00Z,SE3,16.73,15
2026-07-06T11:15:00Z,SE4,27.60,15
2026-07-06T11:15:00Z,SI,32.34,15
2026-07-06T11:15:00Z,SK,31.52,15
2026-07-06T11:30:00Z,AT,44.37,15
2026-07-06T11:30:00Z,BE,14.40,15
2026-07-06T11:30:00Z,CZ,29.27,15
2026-07-06T11:30:00Z,DE-LU,14.16,15
2026-07-06T11:30:00Z,DK1,24.39,15
2026-07-06T11:30:00Z,DK2,26.04,15
2026-07-06T11:30:00Z,EE,8.88,15
2026-07-06T11:30:00Z,ES,56.99,15
2026-07-06T11:30:00Z,FI,8.89,15
2026-07-06T11:30:00Z,FR,12.46,15
2026-07-06T11:30:00Z,GR,34.99,15
2026-07-06T11:30:00Z,HR,35.13,15
2026-07-06T11:30:00Z,HU,35.65,15
2026-07-06T11:30:00Z,IT-CNorth,132.52,15
2026-07-06T11:30:00Z,IT-CSouth,132.52,15
2026-07-06T11:30:00Z,IT-North,132.52,15
2026-07-06T11:30:00Z,IT-Sardinia,132.52,15
2026-07-06T11:30:00Z,IT-Sicily,132.52,15
2026-07-06T11:30:00Z,IT-South,132.52,15
2026-07-06T11:30:00Z,LT,8.88,15
2026-07-06T11:30:00Z,LV,8.88,15
2026-07-06T11:30:00Z,NL,14.16,15
2026-07-06T11:30:00Z,NO1,38.70,15
2026-07-06T11:30:00Z,NO2,39.87,15
2026-07-06T11:30:00Z,NO3,53.17,15
2026-07-06T11:30:00Z,NO4,28.65,15
2026-07-06T11:30:00Z,NO5,48.23,15
2026-07-06T11:30:00Z,PL,26.06,15
2026-07-06T11:30:00Z,RO,35.00,15
2026-07-06T11:30:00Z,SE1,9.04,15
2026-07-06T11:30:00Z,SE2,4.48,15
2026-07-06T11:30:00Z,SE3,15.89,15
2026-07-06T11:30:00Z,SE4,25.93,15
2026-07-06T11:30:00Z,SI,35.52,15
2026-07-06T11:30:00Z,SK,33.09,15
2026-07-06T11:45:00Z,AT,40.77,15
2026-07-06T11:45:00Z,BE,4.98,15
2026-07-06T11:45:00Z,CZ,21.87,15
2026-07-06T11:45:00Z,DE-LU,3.09,15
2026-07-06T11:45:00Z,DK1,19.25,15
2026-07-06T11:45:00Z,DK2,18.97,15
2026-07-06T11:45:00Z,EE,8.90,15
2026-07-06T11:45:00Z,ES,57.74,15
2026-07-06T11:45:00Z,FI,8.91,15
2026-07-06T11:45:00Z,FR,4.98,15
2026-07-06T11:45:00Z,GR,28.95,15
2026-07-06T11:45:00Z,HR,28.98,15
2026-07-06T11:45:00Z,HU,29.83,15
2026-07-06T11:45:00Z,IT-CNorth,131.61,15
2026-07-06T11:45:00Z,IT-CSouth,131.61,15
2026-07-06T11:45:00Z,IT-North,131.61,15
2026-07-06T11:45:00Z,IT-Sardinia,131.61,15
2026-07-06T11:45:00Z,IT-Sicily,131.61,15
2026-07-06T11:45:00Z,IT-South,131.61,15
2026-07-06T11:45:00Z,LT,8.90,15
2026-07-06T11:45:00Z,LV,8.90,15
2026-07-06T11:45:00Z,NL,3.88,15
2026-07-06T11:45:00Z,NO1,31.89,15
2026-07-06T11:45:00Z,NO2,34.43,15
2026-07-06T11:45:00Z,NO3,52.02,15
2026-07-06T11:45:00Z,NO4,28.71,15
2026-07-06T11:45:00Z,NO5,48.03,15
2026-07-06T11:45:00Z,PL,17.87,15
2026-07-06T11:45:00Z,PT,77.63,15
2026-07-06T11:45:00Z,RO,28.97,15
2026-07-06T11:45:00Z,SE1,9.07,15
2026-07-06T11:45:00Z,SE2,4.49,15
2026-07-06T11:45:00Z,SE3,12.16,15
2026-07-06T11:45:00Z,SE4,18.84,15
2026-07-06T11:45:00Z,SI,29.44,15
2026-07-06T11:45:00Z,SK,26.65,15
2026-07-06T12:00:00Z,AT,28.67,15
2026-07-06T12:00:00Z,BE,19.35,15
2026-07-06T12:00:00Z,CZ,23.79,15
2026-07-06T12:00:00Z,DE-LU,19.20,15
2026-07-06T12:00:00Z,DK1,19.36,15
2026-07-06T12:00:00Z,DK2,19.58,15
2026-07-06T12:00:00Z,EE,8.86,15
2026-07-06T12:00:00Z,ES,56.99,15
2026-07-06T12:00:00Z,FI,8.87,15
2026-07-06T12:00:00Z,FR,19.66,15
2026-07-06T12:00:00Z,GR,25.68,15
2026-07-06T12:00:00Z,HR,25.67,15
2026-07-06T12:00:00Z,HU,25.92,15
2026-07-06T12:00:00Z,IT-CNorth,119.35,15
2026-07-06T12:00:00Z,IT-CSouth,119.35,15
2026-07-06T12:00:00Z,IT-North,119.35,15
2026-07-06T12:00:00Z,IT-Sardinia,60.00,15
2026-07-06T12:00:00Z,IT-Sicily,119.35,15
2026-07-06T12:00:00Z,IT-South,119.35,15
2026-07-06T12:00:00Z,LT,8.86,15
2026-07-06T12:00:00Z,LV,8.86,15
2026-07-06T12:00:00Z,NL,19.26,15
2026-07-06T12:00:00Z,NO1,37.14,15
2026-07-06T12:00:00Z,NO2,36.04,15
2026-07-06T12:00:00Z,NO3,51.71,15
2026-07-06T12:00:00Z,NO4,28.17,15
2026-07-06T12:00:00Z,NO5,38.92,15
2026-07-06T12:00:00Z,PL,29.85,15
2026-07-06T12:00:00Z,RO,25.69,15
2026-07-06T12:00:00Z,RS,24.90,15
2026-07-06T12:00:00Z,SE1,9.02,15
2026-07-06T12:00:00Z,SE3,12.56,15
2026-07-06T12:00:00Z,SE4,19.41,15
2026-07-06T12:00:00Z,SI,25.78,15
2026-07-06T12:00:00Z,SK,25.11,15
2026-07-06T12:15:00Z,AT,42.39,15
2026-07-06T12:15:00Z,BE,10.77,15
2026-07-06T12:15:00Z,CZ,25.83,15
2026-07-06T12:15:00Z,DE-LU,10.24,15
2026-07-06T12:15:00Z,DK1,19.44,15
2026-07-06T12:15:00Z,DK2,19.79,15
2026-07-06T12:15:00Z,EE,9.23,15
2026-07-06T12:15:00Z,ES,58.90,15
2026-07-06T12:15:00Z,FI,9.24,15
2026-07-06T12:15:00Z,FR,11.82,15
2026-07-06T12:15:00Z,GR,32.23,15
2026-07-06T12:15:00Z,HR,32.20,15
2026-07-06T12:15:00Z,HU,33.05,15
2026-07-06T12:15:00Z,IT-CNorth,120.80,15
2026-07-06T12:15:00Z,IT-CSouth,120.80,15
2026-07-06T12:15:00Z,IT-North,120.80,15
2026-07-06T12:15:00Z,IT-Sardinia,50.00,15
2026-07-06T12:15:00Z,IT-Sicily,120.80,15
2026-07-06T12:15:00Z,IT-South,120.80,15
2026-07-06T12:15:00Z,LT,9.23,15
2026-07-06T12:15:00Z,LV,9.23,15
2026-07-06T12:15:00Z,NL,10.47,15
2026-07-06T12:15:00Z,NO1,39.63,15
2026-07-06T12:15:00Z,NO2,38.61,15
2026-07-06T12:15:00Z,NO3,52.76,15
2026-07-06T12:15:00Z,NO4,28.07,15
2026-07-06T12:15:00Z,NO5,41.41,15
2026-07-06T12:15:00Z,PL,54.71,15
2026-07-06T12:15:00Z,RO,32.27,15
2026-07-06T12:15:00Z,SE1,9.38,15
2026-07-06T12:15:00Z,SE2,4.97,15
2026-07-06T12:15:00Z,SE3,12.89,15
2026-07-06T12:15:00Z,SE4,19.62,15
2026-07-06T12:15:00Z,SI,32.57,15
2026-07-06T12:15:00Z,SK,30.32,15
2026-07-06T12:30:00Z,AT,58.87,15
2026-07-06T12:30:00Z,BE,10.33,15
2026-07-06T12:30:00Z,CZ,33.02,15
2026-07-06T12:30:00Z,DE-LU,8.76,15
2026-07-06T12:30:00Z,DK1,24.80,15
2026-07-06T12:30:00Z,DK2,24.55,15
2026-07-06T12:30:00Z,EE,9.07,15
2026-07-06T12:30:00Z,ES,50.99,15
2026-07-06T12:30:00Z,FI,9.08,15
2026-07-06T12:30:00Z,FR,10.33,15
2026-07-06T12:30:00Z,GR,43.00,15
2026-07-06T12:30:00Z,HR,42.91,15
2026-07-06T12:30:00Z,HU,44.28,15
2026-07-06T12:30:00Z,IT-CNorth,127.38,15
2026-07-06T12:30:00Z,IT-CSouth,127.38,15
2026-07-06T12:30:00Z,IT-North,127.38,15
2026-07-06T12:30:00Z,IT-Sicily,127.38,15
2026-07-06T12:30:00Z,IT-South,127.38,15
2026-07-06T12:30:00Z,LT,9.64,15
2026-07-06T12:30:00Z,LV,9.64,15
2026-07-06T12:30:00Z,NL,9.48,15
2026-07-06T12:30:00Z,NO1,45.51,15
2026-07-06T12:30:00Z,NO2,44.78,15
2026-07-06T12:30:00Z,NO3,54.03,15
2026-07-06T12:30:00Z,NO4,27.12,15
2026-07-06T12:30:00Z,NO5,47.02,15
2026-07-06T12:30:00Z,PL,97.76,15
2026-07-06T12:30:00Z,RO,43.05,15
2026-07-06T12:30:00Z,SE1,9.22,15
2026-07-06T12:30:00Z,SE2,5.00,15
2026-07-06T12:30:00Z,SE3,15.39,15
2026-07-06T12:30:00Z,SE4,24.41,15
2026-07-06T12:30:00Z,SI,43.48,15
2026-07-06T12:30:00Z,SK,40.04,15
2026-07-06T12:45:00Z,AT,70.85,15
2026-07-06T12:45:00Z,BE,3.22,15
2026-07-06T12:45:00Z,CZ,34.83,15
2026-07-06T12:45:00Z,DE-LU,1.03,15
2026-07-06T12:45:00Z,DK1,25.40,15
2026-07-06T12:45:00Z,DK2,25.87,15
2026-07-06T12:45:00Z,EE,9.00,15
2026-07-06T12:45:00Z,ES,57.74,15
2026-07-06T12:45:00Z,FI,9.01,15
2026-07-06T12:45:00Z,FR,3.22,15
2026-07-06T12:45:00Z,GR,48.73,15
2026-07-06T12:45:00Z,HR,48.62,15
2026-07-06T12:45:00Z,HU,50.52,15
2026-07-06T12:45:00Z,IT-CNorth,129.28,15
2026-07-06T12:45:00Z,IT-CSouth,129.28,15
2026-07-06T12:45:00Z,IT-North,129.28,15
2026-07-06T12:45:00Z,IT-Sardinia,60.00,15
2026-07-06T12:45:00Z,IT-Sicily,129.28,15
2026-07-06T12:45:00Z,IT-South,129.28,15
2026-07-06T12:45:00Z,NL,2.03,15
2026-07-06T12:45:00Z,NO1,46.05,15
2026-07-06T12:45:00Z,NO2,45.40,15
2026-07-06T12:45:00Z,NO3,53.55,15
2026-07-06T12:45:00Z,NO4,26.73,15
2026-07-06T12:45:00Z,NO5,47.46,15
2026-07-06T12:45:00Z,PL,93.27,15
2026-07-06T12:45:00Z,RO,48.81,15
2026-07-06T12:45:00Z,SE1,9.15,15
2026-07-06T12:45:00Z,SE3,16.08,15
2026-07-06T12:45:00Z,SE4,25.75,15
2026-07-06T12:45:00Z,SI,49.40,15
2026-07-06T12:45:00Z,SK,44.61,15
2026-07-06T13:00:00Z,AT,37.78,15
2026-07-06T13:00:00Z,BE,4.96,15
2026-07-06T13:00:00Z,CH,46.72,60
2026-07-06T13:00:00Z,CZ,20.75,15
2026-07-06T13:00:00Z,DE-LU,4.51,15
2026-07-06T13:00:00Z,DK1,9.49,15
2026-07-06T13:00:00Z,DK2,10.52,15
2026-07-06T13:00:00Z,EE,6.19,15
2026-07-06T13:00:00Z,ES,56.99,15
2026-07-06T13:00:00Z,FI,6.20,15
2026-07-06T13:00:00Z,FR,6.05,15
2026-07-06T13:00:00Z,GR,27.24,15
2026-07-06T13:00:00Z,HR,27.21,15
2026-07-06T13:00:00Z,HU,28.11,15
2026-07-06T13:00:00Z,IT-CNorth,117.07,15
2026-07-06T13:00:00Z,IT-CSouth,117.07,15
2026-07-06T13:00:00Z,IT-North,117.07,15
2026-07-06T13:00:00Z,IT-Sicily,117.07,15
2026-07-06T13:00:00Z,IT-South,117.07,15
2026-07-06T13:00:00Z,LT,6.19,15
2026-07-06T13:00:00Z,LV,6.19,15
2026-07-06T13:00:00Z,NL,4.64,15
2026-07-06T13:00:00Z,NO1,48.63,15
2026-07-06T13:00:00Z,NO2,48.09,15
2026-07-06T13:00:00Z,NO3,52.02,15
2026-07-06T13:00:00Z,NO4,20.35,15
2026-07-06T13:00:00Z,NO5,50.54,15
2026-07-06T13:00:00Z,PL,90.71,15
2026-07-06T13:00:00Z,RO,27.29,15
2026-07-06T13:00:00Z,RS,57.22,15
2026-07-06T13:00:00Z,SE1,6.27,15
2026-07-06T13:00:00Z,SE2,2.99,15
2026-07-06T13:00:00Z,SE3,7.05,15
2026-07-06T13:00:00Z,SE4,10.38,15
2026-07-06T13:00:00Z,SI,27.58,15
2026-07-06T13:00:00Z,SK,25.59,15
2026-07-06T13:15:00Z,AT,55.49,15
2026-07-06T13:15:00Z,BE,4.37,15
2026-07-06T13:15:00Z,CZ,28.53,15
2026-07-06T13:15:00Z,DE-LU,2.86,15
2026-07-06T13:15:00Z,DK1,15.81,15
2026-07-06T13:15:00Z,DK2,15.52,15
2026-07-06T13:15:00Z,EE,6.80,15
2026-07-06T13:15:00Z,ES,57.74,15
2026-07-06T13:15:00Z,FI,6.81,15
2026-07-06T13:15:00Z,FR,4.37,15
2026-07-06T13:15:00Z,GR,38.78,15
2026-07-06T13:15:00Z,HR,38.69,15
2026-07-06T13:15:00Z,HU,40.16,15
2026-07-06T13:15:00Z,IT-CNorth,120.80,15
2026-07-06T13:15:00Z,IT-CSouth,120.80,15
2026-07-06T13:15:00Z,IT-North,120.80,15
2026-07-06T13:15:00Z,IT-Sardinia,64.30,15
2026-07-06T13:15:00Z,IT-Sicily,120.80,15
2026-07-06T13:15:00Z,IT-South,120.80,15
2026-07-06T13:15:00Z,LT,7.88,15
2026-07-06T13:15:00Z,LV,7.88,15
2026-07-06T13:15:00Z,NL,3.46,15
2026-07-06T13:15:00Z,NO1,50.36,15
2026-07-06T13:15:00Z,NO2,49.98,15
2026-07-06T13:15:00Z,NO3,51.85,15
2026-07-06T13:15:00Z,NO4,20.66,15
2026-07-06T13:15:00Z,NO5,52.00,15
2026-07-06T13:15:00Z,PL,97.50,15
2026-07-06T13:15:00Z,RO,38.86,15
2026-07-06T13:15:00Z,SE1,6.88,15
2026-07-06T13:15:00Z,SE2,3.67,15
2026-07-06T13:15:00Z,SE3,10.00,15
2026-07-06T13:15:00Z,SE4,15.41,15
2026-07-06T13:15:00Z,SI,39.27,15
2026-07-06T13:15:00Z,SK,36.19,15
2026-07-06T13:30:00Z,AT,44.87,15
2026-07-06T13:30:00Z,BE,7.11,15
2026-07-06T13:30:00Z,CZ,24.40,15
2026-07-06T13:30:00Z,DE-LU,4.99,15
2026-07-06T13:30:00Z,DK1,11.15,15
2026-07-06T13:30:00Z,DK2,10.95,15
2026-07-06T13:30:00Z,EE,7.02,15
2026-07-06T13:30:00Z,ES,49.64,15
2026-07-06T13:30:00Z,FI,7.03,15
2026-07-06T13:30:00Z,FR,4.99,15
2026-07-06T13:30:00Z,GR,32.16,15
2026-07-06T13:30:00Z,HR,32.04,15
2026-07-06T13:30:00Z,HU,33.23,15
2026-07-06T13:30:00Z,IT-CNorth,134.74,15
2026-07-06T13:30:00Z,IT-CSouth,134.74,15
2026-07-06T13:30:00Z,IT-North,134.74,15
2026-07-06T13:30:00Z,IT-Sardinia,68.03,15
2026-07-06T13:30:00Z,IT-Sicily,134.74,15
2026-07-06T13:30:00Z,IT-South,134.74,15
2026-07-06T13:30:00Z,LT,9.64,15
2026-07-06T13:30:00Z,LV,9.64,15
2026-07-06T13:30:00Z,NL,5.92,15
2026-07-06T13:30:00Z,NO1,50.44,15
2026-07-06T13:30:00Z,NO3,52.53,15
2026-07-06T13:30:00Z,NO4,20.46,15
2026-07-06T13:30:00Z,NO5,52.32,15
2026-07-06T13:30:00Z,PL,100.27,15
2026-07-06T13:30:00Z,RO,32.22,15
2026-07-06T13:30:00Z,SE1,7.10,15
2026-07-06T13:30:00Z,SE2,3.98,15
2026-07-06T13:30:00Z,SE3,7.75,15
2026-07-06T13:30:00Z,SE4,10.82,15
2026-07-06T13:30:00Z,SI,32.48,15
2026-07-06T13:30:00Z,SK,30.23,15
2026-07-06T13:45:00Z,AT,85.03,15
2026-07-06T13:45:00Z,BE,18.26,15
2026-07-06T13:45:00Z,CZ,45.04,15
2026-07-06T13:45:00Z,DE-LU,7.64,15
2026-07-06T13:45:00Z,DK1,29.14,15
2026-07-06T13:45:00Z,DK2,28.61,15
2026-07-06T13:45:00Z,EE,6.98,15
2026-07-06T13:45:00Z,ES,58.49,15
2026-07-06T13:45:00Z,FI,6.98,15
2026-07-06T13:45:00Z,FR,0.00,15
2026-07-06T13:45:00Z,GR,60.05,15
2026-07-06T13:45:00Z,HR,59.48,15
2026-07-06T13:45:00Z,HU,62.26,15
2026-07-06T13:45:00Z,IT-CNorth,151.31,15
2026-07-06T13:45:00Z,IT-CSouth,151.31,15
2026-07-06T13:45:00Z,IT-North,151.31,15
2026-07-06T13:45:00Z,IT-Sardinia,72.70,15
2026-07-06T13:45:00Z,IT-Sicily,151.31,15
2026-07-06T13:45:00Z,IT-South,151.31,15
2026-07-06T13:45:00Z,LT,9.65,15
2026-07-06T13:45:00Z,LV,9.65,15
2026-07-06T13:45:00Z,NL,12.59,15
2026-07-06T13:45:00Z,NO1,59.13,15
2026-07-06T13:45:00Z,NO2,59.30,15
2026-07-06T13:45:00Z,NO3,52.71,15
2026-07-06T13:45:00Z,NO4,19.76,15
2026-07-06T13:45:00Z,NO5,60.00,15
2026-07-06T13:45:00Z,PL,107.27,15
2026-07-06T13:45:00Z,RO,60.17,15
2026-07-06T13:45:00Z,SE1,7.05,15
2026-07-06T13:45:00Z,SE2,4.10,15
2026-07-06T13:45:00Z,SE3,17.07,15
2026-07-06T13:45:00Z,SE4,28.59,15
2026-07-06T13:45:00Z,SI,60.25,15
2026-07-06T13:45:00Z,SK,56.47,15
2026-07-06T14:00:00Z,AT,41.67,15
2026-07-06T14:00:00Z,BE,8.52,15
2026-07-06T14:00:00Z,CH,72.00,60
2026-07-06T14:00:00Z,CZ,22.78,15
2026-07-06T14:00:00Z,DE-LU,2.46,15
2026-07-06T14:00:00Z,DK1,9.10,15
2026-07-06T14:00:00Z,DK2,9.26,15
2026-07-06T14:00:00Z,EE,7.53,15
2026-07-06T14:00:00Z,ES,60.00,15
2026-07-06T14:00:00Z,FI,7.54,15
2026-07-06T14:00:00Z,GR,34.99,15
2026-07-06T14:00:00Z,HR,37.77,15
2026-07-06T14:00:00Z,HU,35.02,15
2026-07-06T14:00:00Z,IT-CNorth,126.52,15
2026-07-06T14:00:00Z,IT-CSouth,126.52,15
2026-07-06T14:00:00Z,IT-North,126.52,15
2026-07-06T14:00:00Z,IT-Sardinia,126.52,15
2026-07-06T14:00:00Z,IT-Sicily,126.52,15
2026-07-06T14:00:00Z,IT-South,126.52,15
2026-07-06T14:00:00Z,LT,7.88,15
2026-07-06T14:00:00Z,LV,7.88,15
2026-07-06T14:00:00Z,NL,4.72,15
2026-07-06T14:00:00Z,NO1,39.76,15
2026-07-06T14:00:00Z,NO2,38.72,15
2026-07-06T14:00:00Z,NO3,51.43,15
2026-07-06T14:00:00Z,NO4,24.35,15
2026-07-06T14:00:00Z,NO5,41.93,15
2026-07-06T14:00:00Z,PL,108.67,15
2026-07-06T14:00:00Z,RO,35.02,15
2026-07-06T14:00:00Z,RS,82.00,15
2026-07-06T14:00:00Z,SE1,7.63,15
2026-07-06T14:00:00Z,SE2,3.75,15
2026-07-06T14:00:00Z,SE3,6.75,15
2026-07-06T14:00:00Z,SE4,9.08,15
2026-07-06T14:00:00Z,SI,40.40,15
2026-07-06T14:00:00Z,SK,30.53,15
2026-07-06T14:15:00Z,AT,86.79,15
2026-07-06T14:15:00Z,BE,30.01,15
2026-07-06T14:15:00Z,CZ,50.76,15
2026-07-06T14:15:00Z,DE-LU,11.06,15
2026-07-06T14:15:00Z,DK1,28.99,15
2026-07-06T14:15:00Z,DK2,29.52,15
2026-07-06T14:15:00Z,EE,7.07,15
2026-07-06T14:15:00Z,ES,55.44,15
2026-07-06T14:15:00Z,FI,7.08,15
2026-07-06T14:15:00Z,GR,76.21,15
2026-07-06T14:15:00Z,HR,82.49,15
2026-07-06T14:15:00Z,HU,75.96,15
2026-07-06T14:15:00Z,IT-CNorth,140.19,15
2026-07-06T14:15:00Z,IT-CSouth,140.19,15
2026-07-06T14:15:00Z,IT-North,140.19,15
2026-07-06T14:15:00Z,IT-Sardinia,140.19,15
2026-07-06T14:15:00Z,IT-Sicily,140.19,15
2026-07-06T14:15:00Z,IT-South,140.19,15
2026-07-06T14:15:00Z,LT,9.64,15
2026-07-06T14:15:00Z,LV,9.64,15
2026-07-06T14:15:00Z,NL,18.20,15
2026-07-06T14:15:00Z,NO1,47.38,15
2026-07-06T14:15:00Z,NO2,47.02,15
2026-07-06T14:15:00Z,NO3,50.53,15
2026-07-06T14:15:00Z,NO4,23.56,15
2026-07-06T14:15:00Z,NO5,48.39,15
2026-07-06T14:15:00Z,RO,76.25,15
2026-07-06T14:15:00Z,SE1,7.17,15
2026-07-06T14:15:00Z,SE2,3.37,15
2026-07-06T14:15:00Z,SE3,17.17,15
2026-07-06T14:15:00Z,SE4,29.46,15
2026-07-06T14:15:00Z,SI,88.39,15
2026-07-06T14:15:00Z,SK,66.87,15
2026-07-06T14:30:00Z,AT,107.27,15
2026-07-06T14:30:00Z,BE,56.03,15
2026-07-06T14:30:00Z,CZ,73.00,15
2026-07-06T14:30:00Z,DE-LU,26.52,15
2026-07-06T14:30:00Z,DK1,38.95,15
2026-07-06T14:30:00Z,DK2,39.66,15
2026-07-06T14:30:00Z,EE,7.94,15
2026-07-06T14:30:00Z,ES,45.00,15
2026-07-06T14:30:00Z,FI,7.95,15
2026-07-06T14:30:00Z,FR,7.77,15
2026-07-06T14:30:00Z,GR,109.92,15
2026-07-06T14:30:00Z,HR,123.51,15
2026-07-06T14:30:00Z,HU,107.27,15
2026-07-06T14:30:00Z,IT-CNorth,155.00,15
2026-07-06T14:30:00Z,IT-CSouth,155.00,15
2026-07-06T14:30:00Z,IT-North,155.00,15
2026-07-06T14:30:00Z,IT-Sardinia,150.57,15
2026-07-06T14:30:00Z,IT-Sicily,155.00,15
2026-07-06T14:30:00Z,IT-South,155.00,15
2026-07-06T14:30:00Z,LT,9.67,15
2026-07-06T14:30:00Z,LV,9.67,15
2026-07-06T14:30:00Z,NL,37.72,15
2026-07-06T14:30:00Z,NO1,47.74,15
2026-07-06T14:30:00Z,NO2,47.49,15
2026-07-06T14:30:00Z,NO3,50.49,15
2026-07-06T14:30:00Z,NO4,25.59,15
2026-07-06T14:30:00Z,NO5,48.31,15
2026-07-06T14:30:00Z,PL,130.60,15
2026-07-06T14:30:00Z,RO,109.90,15
2026-07-06T14:30:00Z,SE1,8.04,15
2026-07-06T14:30:00Z,SE2,3.98,15
2026-07-06T14:30:00Z,SE3,22.77,15
2026-07-06T14:30:00Z,SE4,39.64,15
2026-07-06T14:30:00Z,SI,135.22,15
2026-07-06T14:30:00Z,SK,94.04,15
2026-07-06T14:45:00Z,AT,124.00,15
2026-07-06T14:45:00Z,BE,80.72,15
2026-07-06T14:45:00Z,CZ,89.62,15
2026-07-06T14:45:00Z,DE-LU,42.00,15
2026-07-06T14:45:00Z,DK1,51.88,15
2026-07-06T14:45:00Z,DK2,52.83,15
2026-07-06T14:45:00Z,EE,8.12,15
2026-07-06T14:45:00Z,ES,74.56,15
2026-07-06T14:45:00Z,FI,8.13,15
2026-07-06T14:45:00Z,FR,15.23,15
2026-07-06T14:45:00Z,GR,128.69,15
2026-07-06T14:45:00Z,HR,143.32,15
2026-07-06T14:45:00Z,HU,125.73,15
2026-07-06T14:45:00Z,IT-CNorth,157.97,15
2026-07-06T14:45:00Z,IT-CSouth,157.97,15
2026-07-06T14:45:00Z,IT-North,157.97,15
2026-07-06T14:45:00Z,IT-Sardinia,157.97,15
2026-07-06T14:45:00Z,IT-Sicily,157.97,15
2026-07-06T14:45:00Z,IT-South,157.97,15
2026-07-06T14:45:00Z,LT,11.01,15
2026-07-06T14:45:00Z,LV,11.01,15
2026-07-06T14:45:00Z,NL,56.71,15
2026-07-06T14:45:00Z,NO1,51.89,15
2026-07-06T14:45:00Z,NO2,51.99,15
2026-07-06T14:45:00Z,NO3,50.43,15
2026-07-06T14:45:00Z,NO4,26.07,15
2026-07-06T14:45:00Z,NO5,51.77,15
2026-07-06T14:45:00Z,PL,132.06,15
2026-07-06T14:45:00Z,RO,128.66,15
2026-07-06T14:45:00Z,SE1,8.22,15
2026-07-06T14:45:00Z,SE2,4.10,15
2026-07-06T14:45:00Z,SE3,29.72,15
2026-07-06T14:45:00Z,SE4,52.88,15
2026-07-06T14:45:00Z,SI,156.03,15
2026-07-06T14:45:00Z,SK,111.77,15
2026-07-06T15:00:00Z,AT,63.88,15
2026-07-06T15:00:00Z,BE,44.84,15
2026-07-06T15:00:00Z,CH,95.81,60
2026-07-06T15:00:00Z,CZ,55.04,15
2026-07-06T15:00:00Z,DE-LU,28.86,15
2026-07-06T15:00:00Z,DK1,30.67,15
2026-07-06T15:00:00Z,DK2,31.23,15
2026-07-06T15:00:00Z,EE,7.57,15
2026-07-06T15:00:00Z,ES,40.10,15
2026-07-06T15:00:00Z,FI,7.58,15
2026-07-06T15:00:00Z,FR,22.00,15
2026-07-06T15:00:00Z,GR,84.50,15
2026-07-06T15:00:00Z,HR,100.62,15
2026-07-06T15:00:00Z,HU,79.72,15
2026-07-06T15:00:00Z,IT-CNorth,113.60,15
2026-07-06T15:00:00Z,IT-CSouth,113.60,15
2026-07-06T15:00:00Z,IT-North,113.60,15
2026-07-06T15:00:00Z,IT-Sardinia,113.60,15
2026-07-06T15:00:00Z,IT-Sicily,113.60,15
2026-07-06T15:00:00Z,IT-South,113.60,15
2026-07-06T15:00:00Z,LT,9.65,15
2026-07-06T15:00:00Z,LV,9.65,15
2026-07-06T15:00:00Z,NL,34.68,15
2026-07-06T15:00:00Z,NO1,46.16,15
2026-07-06T15:00:00Z,NO2,45.40,15
2026-07-06T15:00:00Z,NO3,55.59,15
2026-07-06T15:00:00Z,NO4,28.19,15
2026-07-06T15:00:00Z,NO5,47.54,15
2026-07-06T15:00:00Z,PL,192.88,15
2026-07-06T15:00:00Z,RO,84.38,15
2026-07-06T15:00:00Z,RS,129.00,15
2026-07-06T15:00:00Z,SE1,7.72,15
2026-07-06T15:00:00Z,SE2,2.99,15
2026-07-06T15:00:00Z,SE3,17.73,15
2026-07-06T15:00:00Z,SE4,31.12,15
2026-07-06T15:00:00Z,SI,113.60,15
2026-07-06T15:00:00Z,SK,68.82,15
2026-07-06T15:15:00Z,AT,97.32,15
2026-07-06T15:15:00Z,BE,89.97,15
2026-07-06T15:15:00Z,CZ,84.78,15
2026-07-06T15:15:00Z,DE-LU,64.14,15
2026-07-06T15:15:00Z,DK1,65.55,15
2026-07-06T15:15:00Z,DK2,66.75,15
2026-07-06T15:15:00Z,EE,8.00,15
2026-07-06T15:15:00Z,ES,40.20,15
2026-07-06T15:15:00Z,FI,8.01,15
2026-07-06T15:15:00Z,FR,48.10,15
2026-07-06T15:15:00Z,GR,113.92,15
2026-07-06T15:15:00Z,HR,115.59,15
2026-07-06T15:15:00Z,HU,110.78,15
2026-07-06T15:15:00Z,IT-CNorth,119.86,15
2026-07-06T15:15:00Z,IT-CSouth,119.86,15
2026-07-06T15:15:00Z,IT-North,119.86,15
2026-07-06T15:15:00Z,IT-Sardinia,119.86,15
2026-07-06T15:15:00Z,IT-Sicily,119.86,15
2026-07-06T15:15:00Z,IT-South,119.86,15
2026-07-06T15:15:00Z,LT,11.01,15
2026-07-06T15:15:00Z,LV,11.01,15
2026-07-06T15:15:00Z,NL,73.73,15
2026-07-06T15:15:00Z,NO1,65.14,15
2026-07-06T15:15:00Z,NO2,65.83,15
2026-07-06T15:15:00Z,NO3,54.99,15
2026-07-06T15:15:00Z,NO4,25.76,15
2026-07-06T15:15:00Z,NO5,64.35,15
2026-07-06T15:15:00Z,PL,188.08,15
2026-07-06T15:15:00Z,RO,113.83,15
2026-07-06T15:15:00Z,SE1,8.12,15
2026-07-06T15:15:00Z,SE2,4.07,15
2026-07-06T15:15:00Z,SE3,36.63,15
2026-07-06T15:15:00Z,SE4,66.88,15
2026-07-06T15:15:00Z,SI,119.86,15
2026-07-06T15:15:00Z,SK,110.78,15
2026-07-06T15:30:00Z,AT,116.77,15
2026-07-06T15:30:00Z,BE,96.97,15
2026-07-06T15:30:00Z,CZ,103.92,15
2026-07-06T15:30:00Z,DE-LU,81.21,15
2026-07-06T15:30:00Z,DK1,82.65,15
2026-07-06T15:30:00Z,DK2,84.17,15
2026-07-06T15:30:00Z,EE,7.35,15
2026-07-06T15:30:00Z,ES,52.86,15
2026-07-06T15:30:00Z,FI,7.35,15
2026-07-06T15:30:00Z,FR,72.65,15
2026-07-06T15:30:00Z,GR,125.15,15
2026-07-06T15:30:00Z,HR,131.58,15
2026-07-06T15:30:00Z,HU,123.79,15
2026-07-06T15:30:00Z,IT-CNorth,137.40,15
2026-07-06T15:30:00Z,IT-CSouth,137.40,15
2026-07-06T15:30:00Z,IT-North,137.40,15
2026-07-06T15:30:00Z,IT-Sardinia,137.40,15
2026-07-06T15:30:00Z,IT-Sicily,137.40,15
2026-07-06T15:30:00Z,IT-South,137.40,15
2026-07-06T15:30:00Z,LT,33.10,15
2026-07-06T15:30:00Z,LV,33.10,15
2026-07-06T15:30:00Z,NL,86.90,15
2026-07-06T15:30:00Z,NO1,75.93,15
2026-07-06T15:30:00Z,NO2,77.71,15
2026-07-06T15:30:00Z,NO3,50.50,15
2026-07-06T15:30:00Z,NO4,20.50,15
2026-07-06T15:30:00Z,NO5,73.73,15
2026-07-06T15:30:00Z,PL,125.90,15
2026-07-06T15:30:00Z,RO,125.14,15
2026-07-06T15:30:00Z,SE1,7.42,15
2026-07-06T15:30:00Z,SE2,4.44,15
2026-07-06T15:30:00Z,SE3,45.80,15
2026-07-06T15:30:00Z,SE4,84.46,15
2026-07-06T15:30:00Z,SI,137.40,15
2026-07-06T15:30:00Z,SK,118.26,15
2026-07-06T15:45:00Z,AT,139.98,15
2026-07-06T15:45:00Z,BE,120.35,15
2026-07-06T15:45:00Z,CZ,124.26,15
2026-07-06T15:45:00Z,DE-LU,92.12,15
2026-07-06T15:45:00Z,DK1,94.57,15
2026-07-06T15:45:00Z,DK2,100.07,15
2026-07-06T15:45:00Z,EE,6.89,15
2026-07-06T15:45:00Z,ES,61.33,15
2026-07-06T15:45:00Z,FI,6.90,15
2026-07-06T15:45:00Z,FR,75.20,15
2026-07-06T15:45:00Z,GR,147.30,15
2026-07-06T15:45:00Z,HR,147.22,15
2026-07-06T15:45:00Z,HU,147.22,15
2026-07-06T15:45:00Z,IT-CNorth,149.54,15
2026-07-06T15:45:00Z,IT-CSouth,149.54,15
2026-07-06T15:45:00Z,IT-North,149.54,15
2026-07-06T15:45:00Z,IT-Sardinia,149.54,15
2026-07-06T15:45:00Z,IT-Sicily,149.54,15
2026-07-06T15:45:00Z,IT-South,149.54,15
2026-07-06T15:45:00Z,LT,30.00,15
2026-07-06T15:45:00Z,LV,30.00,15
2026-07-06T15:45:00Z,NL,102.70,15
2026-07-06T15:45:00Z,NO1,86.47,15
2026-07-06T15:45:00Z,NO2,89.06,15
2026-07-06T15:45:00Z,NO3,49.66,15
2026-07-06T15:45:00Z,NO4,17.76,15
2026-07-06T15:45:00Z,NO5,83.20,15
2026-07-06T15:45:00Z,PL,143.78,15
2026-07-06T15:45:00Z,RO,147.32,15
2026-07-06T15:45:00Z,SE1,6.95,15
2026-07-06T15:45:00Z,SE2,4.50,15
2026-07-06T15:45:00Z,SE3,54.05,15
2026-07-06T15:45:00Z,SE4,100.48,15
2026-07-06T15:45:00Z,SI,149.54,15
2026-07-06T15:45:00Z,SK,147.22,15
2026-07-06T16:00:00Z,AT,111.08,15
2026-07-06T16:00:00Z,BE,90.74,15
2026-07-06T16:00:00Z,CH,105.61,60
2026-07-06T16:00:00Z,CZ,96.94,15
2026-07-06T16:00:00Z,DE-LU,79.74,15
2026-07-06T16:00:00Z,DK1,80.87,15
2026-07-06T16:00:00Z,DK2,82.36,15
2026-07-06T16:00:00Z,EE,6.39,15
2026-07-06T16:00:00Z,ES,65.43,15
2026-07-06T16:00:00Z,FI,6.39,15
2026-07-06T16:00:00Z,GR,133.06,15
2026-07-06T16:00:00Z,HR,131.16,15
2026-07-06T16:00:00Z,HU,132.18,15
2026-07-06T16:00:00Z,IT-CNorth,133.76,15
2026-07-06T16:00:00Z,IT-CSouth,133.76,15
2026-07-06T16:00:00Z,IT-North,133.76,15
2026-07-06T16:00:00Z,IT-Sardinia,133.76,15
2026-07-06T16:00:00Z,IT-Sicily,133.76,15
2026-07-06T16:00:00Z,IT-South,133.76,15
2026-07-06T16:00:00Z,LT,15.01,15
2026-07-06T16:00:00Z,LV,15.01,15
2026-07-06T16:00:00Z,NL,83.73,15
2026-07-06T16:00:00Z,NO1,83.45,15
2026-07-06T16:00:00Z,NO2,85.76,15
2026-07-06T16:00:00Z,NO3,48.91,15
2026-07-06T16:00:00Z,NO4,15.26,15
2026-07-06T16:00:00Z,NO5,80.90,15
2026-07-06T16:00:00Z,PL,139.65,15
2026-07-06T16:00:00Z,PT,75.20,15
2026-07-06T16:00:00Z,RO,132.87,15
2026-07-06T16:00:00Z,RS,100.06,15
2026-07-06T16:00:00Z,SE1,6.44,15
2026-07-06T16:00:00Z,SE2,4.49,15
2026-07-06T16:00:00Z,SE3,44.77,15
2026-07-06T16:00:00Z,SE4,82.69,15
2026-07-06T16:00:00Z,SI,133.76,15
2026-07-06T16:00:00Z,SK,117.39,15
2026-07-06T16:15:00Z,AT,133.52,15
2026-07-06T16:15:00Z,BE,112.02,15
2026-07-06T16:15:00Z,CZ,117.00,15
2026-07-06T16:15:00Z,DE-LU,92.60,15
2026-07-06T16:15:00Z,DK1,94.78,15
2026-07-06T16:15:00Z,DK2,102.87,15
2026-07-06T16:15:00Z,EE,6.73,15
2026-07-06T16:15:00Z,ES,75.03,15
2026-07-06T16:15:00Z,FI,6.74,15
2026-07-06T16:15:00Z,FR,82.50,15
2026-07-06T16:15:00Z,GR,162.49,15
2026-07-06T16:15:00Z,HR,148.90,15
2026-07-06T16:15:00Z,HU,163.99,15
2026-07-06T16:15:00Z,IT-CNorth,145.96,15
2026-07-06T16:15:00Z,IT-CSouth,145.96,15
2026-07-06T16:15:00Z,IT-North,145.96,15
2026-07-06T16:15:00Z,IT-Sardinia,145.96,15
2026-07-06T16:15:00Z,IT-Sicily,145.96,15
2026-07-06T16:15:00Z,IT-South,145.96,15
2026-07-06T16:15:00Z,LT,104.46,15
2026-07-06T16:15:00Z,LV,104.46,15
2026-07-06T16:15:00Z,NL,100.01,15
2026-07-06T16:15:00Z,NO1,91.38,15
2026-07-06T16:15:00Z,NO2,98.87,15
2026-07-06T16:15:00Z,NO3,49.24,15
2026-07-06T16:15:00Z,NO4,16.56,15
2026-07-06T16:15:00Z,NO5,80.93,15
2026-07-06T16:15:00Z,PL,143.61,15
2026-07-06T16:15:00Z,PT,82.50,15
2026-07-06T16:15:00Z,RO,162.31,15
2026-07-06T16:15:00Z,SE1,6.79,15
2026-07-06T16:15:00Z,SE2,4.63,15
2026-07-06T16:15:00Z,SE3,55.47,15
2026-07-06T16:15:00Z,SE4,103.28,15
2026-07-06T16:15:00Z,SI,145.96,15
2026-07-06T16:15:00Z,SK,148.65,15
2026-07-06T16:30:00Z,AT,154.81,15
2026-07-06T16:30:00Z,BE,134.24,15
2026-07-06T16:30:00Z,CZ,143.96,15
2026-07-06T16:30:00Z,DE-LU,108.23,15
2026-07-06T16:30:00Z,DK1,110.81,15
2026-07-06T16:30:00Z,DK2,115.02,15
2026-07-06T16:30:00Z,EE,7.36,15
2026-07-06T16:30:00Z,ES,94.34,15
2026-07-06T16:30:00Z,FI,7.36,15
2026-07-06T16:30:00Z,FR,94.36,15
2026-07-06T16:30:00Z,GR,174.26,15
2026-07-06T16:30:00Z,HR,172.14,15
2026-07-06T16:30:00Z,HU,173.72,15
2026-07-06T16:30:00Z,IT-CNorth,174.22,15
2026-07-06T16:30:00Z,IT-CSouth,174.22,15
2026-07-06T16:30:00Z,IT-North,174.22,15
2026-07-06T16:30:00Z,IT-Sardinia,174.22,15
2026-07-06T16:30:00Z,IT-Sicily,174.22,15
2026-07-06T16:30:00Z,IT-South,174.22,15
2026-07-06T16:30:00Z,LT,116.81,15
2026-07-06T16:30:00Z,LV,116.81,15
2026-07-06T16:30:00Z,NL,118.26,15
2026-07-06T16:30:00Z,NO1,93.63,15
2026-07-06T16:30:00Z,NO2,101.93,15
2026-07-06T16:30:00Z,NO3,49.60,15
2026-07-06T16:30:00Z,NO4,18.35,15
2026-07-06T16:30:00Z,NO5,81.68,15
2026-07-06T16:30:00Z,PL,173.23,15
2026-07-06T16:30:00Z,PT,94.36,15
2026-07-06T16:30:00Z,RO,174.16,15
2026-07-06T16:30:00Z,SE1,7.42,15
2026-07-06T16:30:00Z,SE2,5.01,15
2026-07-06T16:30:00Z,SE3,61.94,15
2026-07-06T16:30:00Z,SE4,115.48,15
2026-07-06T16:30:00Z,SI,174.22,15
2026-07-06T16:30:00Z,SK,168.38,15
2026-07-06T16:45:00Z,AT,157.93,15
2026-07-06T16:45:00Z,BE,134.97,15
2026-07-06T16:45:00Z,CZ,144.36,15
2026-07-06T16:45:00Z,DE-LU,116.78,15
2026-07-06T16:45:00Z,DK1,118.56,15
2026-07-06T16:45:00Z,DK2,119.38,15
2026-07-06T16:45:00Z,EE,9.15,15
2026-07-06T16:45:00Z,ES,99.52,15
2026-07-06T16:45:00Z,FI,9.16,15
2026-07-06T16:45:00Z,FR,107.50,15
2026-07-06T16:45:00Z,GR,167.51,15
2026-07-06T16:45:00Z,HR,167.13,15
2026-07-06T16:45:00Z,HU,167.13,15
2026-07-06T16:45:00Z,IT-CNorth,169.28,15
2026-07-06T16:45:00Z,IT-CSouth,169.28,15
2026-07-06T16:45:00Z,IT-North,169.28,15
2026-07-06T16:45:00Z,IT-Sardinia,169.28,15
2026-07-06T16:45:00Z,IT-Sicily,169.28,15
2026-07-06T16:45:00Z,IT-South,169.28,15
2026-07-06T16:45:00Z,LT,121.18,15
2026-07-06T16:45:00Z,LV,121.18,15
2026-07-06T16:45:00Z,NL,123.67,15
2026-07-06T16:45:00Z,NO1,97.33,15
2026-07-06T16:45:00Z,NO2,107.79,15
2026-07-06T16:45:00Z,NO3,51.54,15
2026-07-06T16:45:00Z,NO4,20.22,15
2026-07-06T16:45:00Z,NO5,82.22,15
2026-07-06T16:45:00Z,PL,158.83,15
2026-07-06T16:45:00Z,PT,107.50,15
2026-07-06T16:45:00Z,RO,167.44,15
2026-07-06T16:45:00Z,SE1,9.21,15
2026-07-06T16:45:00Z,SE2,6.78,15
2026-07-06T16:45:00Z,SE3,65.06,15
2026-07-06T16:45:00Z,SE4,119.84,15
2026-07-06T16:45:00Z,SI,169.28,15
2026-07-06T16:45:00Z,SK,161.58,15
2026-07-06T17:00:00Z,AT,139.84,15
2026-07-06T17:00:00Z,BE,111.56,15
2026-07-06T17:00:00Z,CH,128.38,60
2026-07-06T17:00:00Z,CZ,140.14,15
2026-07-06T17:00:00Z,DE-LU,101.23,15
2026-07-06T17:00:00Z,DK1,101.69,15
2026-07-06T17:00:00Z,DK2,110.55,15
2026-07-06T17:00:00Z,EE,7.77,15
2026-07-06T17:00:00Z,ES,91.58,15
2026-07-06T17:00:00Z,FI,7.78,15
2026-07-06T17:00:00Z,FR,101.95,15
2026-07-06T17:00:00Z,GR,160.75,15
2026-07-06T17:00:00Z,HR,163.49,15
2026-07-06T17:00:00Z,HU,158.99,15
2026-07-06T17:00:00Z,IT-CNorth,167.40,15
2026-07-06T17:00:00Z,IT-CSouth,167.40,15
2026-07-06T17:00:00Z,IT-North,167.40,15
2026-07-06T17:00:00Z,IT-Sardinia,167.40,15
2026-07-06T17:00:00Z,IT-Sicily,167.40,15
2026-07-06T17:00:00Z,IT-South,167.40,15
2026-07-06T17:00:00Z,LT,112.24,15
2026-07-06T17:00:00Z,LV,112.24,15
2026-07-06T17:00:00Z,NL,105.74,15
2026-07-06T17:00:00Z,NO1,94.97,15
2026-07-06T17:00:00Z,NO2,103.94,15
2026-07-06T17:00:00Z,NO3,50.78,15
2026-07-06T17:00:00Z,NO4,18.19,15
2026-07-06T17:00:00Z,NO5,82.34,15
2026-07-06T17:00:00Z,PL,176.95,15
2026-07-06T17:00:00Z,PT,101.95,15
2026-07-06T17:00:00Z,RO,160.67,15
2026-07-06T17:00:00Z,RS,150.00,15
2026-07-06T17:00:00Z,SE1,7.84,15
2026-07-06T17:00:00Z,SE2,5.65,15
2026-07-06T17:00:00Z,SE3,59.48,15
2026-07-06T17:00:00Z,SE4,110.98,15
2026-07-06T17:00:00Z,SI,167.40,15
2026-07-06T17:00:00Z,SK,160.23,15
2026-07-06T17:15:00Z,AT,144.95,15
2026-07-06T17:15:00Z,BE,114.12,15
2026-07-06T17:15:00Z,CZ,145.84,15
2026-07-06T17:15:00Z,DE-LU,111.12,15
2026-07-06T17:15:00Z,DK1,110.38,15
2026-07-06T17:15:00Z,DK2,122.27,15
2026-07-06T17:15:00Z,EE,8.26,15
2026-07-06T17:15:00Z,ES,94.53,15
2026-07-06T17:15:00Z,FI,8.27,15
2026-07-06T17:15:00Z,FR,116.95,15
2026-07-06T17:15:00Z,GR,162.99,15
2026-07-06T17:15:00Z,HR,163.67,15
2026-07-06T17:15:00Z,HU,161.87,15
2026-07-06T17:15:00Z,IT-CNorth,165.95,15
2026-07-06T17:15:00Z,IT-CSouth,165.95,15
2026-07-06T17:15:00Z,IT-North,165.95,15
2026-07-06T17:15:00Z,IT-Sardinia,165.95,15
2026-07-06T17:15:00Z,IT-Sicily,165.95,15
2026-07-06T17:15:00Z,IT-South,165.95,15
2026-07-06T17:15:00Z,LT,124.12,15
2026-07-06T17:15:00Z,LV,124.12,15
2026-07-06T17:15:00Z,NL,112.81,15
2026-07-06T17:15:00Z,NO1,99.42,15
2026-07-06T17:15:00Z,NO2,110.97,15
2026-07-06T17:15:00Z,NO3,51.82,15
2026-07-06T17:15:00Z,NO4,19.65,15
2026-07-06T17:15:00Z,NO5,82.86,15
2026-07-06T17:15:00Z,PL,182.27,15
2026-07-06T17:15:00Z,PT,116.95,15
2026-07-06T17:15:00Z,RO,162.95,15
2026-07-06T17:15:00Z,SE1,8.34,15
2026-07-06T17:15:00Z,SE2,5.93,15
2026-07-06T17:15:00Z,SE3,65.64,15
2026-07-06T17:15:00Z,SE4,122.73,15
2026-07-06T17:15:00Z,SI,165.95,15
2026-07-06T17:15:00Z,SK,164.00,15
2026-07-06T17:30:00Z,AT,157.92,15
2026-07-06T17:30:00Z,BE,127.86,15
2026-07-06T17:30:00Z,CZ,156.37,15
2026-07-06T17:30:00Z,DE-LU,125.26,15
2026-07-06T17:30:00Z,DK1,126.14,15
2026-07-06T17:30:00Z,DK2,128.46,15
2026-07-06T17:30:00Z,EE,7.33,15
2026-07-06T17:30:00Z,ES,114.23,15
2026-07-06T17:30:00Z,FI,7.34,15
2026-07-06T17:30:00Z,FR,130.43,15
2026-07-06T17:30:00Z,GR,171.54,15
2026-07-06T17:30:00Z,HR,172.21,15
2026-07-06T17:30:00Z,HU,170.66,15
2026-07-06T17:30:00Z,IT-CNorth,174.22,15
2026-07-06T17:30:00Z,IT-CSouth,174.22,15
2026-07-06T17:30:00Z,IT-North,174.22,15
2026-07-06T17:30:00Z,IT-Sardinia,174.22,15
2026-07-06T17:30:00Z,IT-Sicily,174.22,15
2026-07-06T17:30:00Z,IT-South,174.22,15
2026-07-06T17:30:00Z,LT,130.40,15
2026-07-06T17:30:00Z,LV,130.40,15
2026-07-06T17:30:00Z,NL,126.68,15
2026-07-06T17:30:00Z,NO1,104.04,15
2026-07-06T17:30:00Z,NO2,118.28,15
2026-07-06T17:30:00Z,NO3,52.76,15
2026-07-06T17:30:00Z,NO4,19.25,15
2026-07-06T17:30:00Z,NO5,83.60,15
2026-07-06T17:30:00Z,PL,186.02,15
2026-07-06T17:30:00Z,PT,130.43,15
2026-07-06T17:30:00Z,RO,171.51,15
2026-07-06T17:30:00Z,SE1,7.41,15
2026-07-06T17:30:00Z,SE2,4.90,15
2026-07-06T17:30:00Z,SE3,68.33,15
2026-07-06T17:30:00Z,SE4,128.94,15
2026-07-06T17:30:00Z,SI,174.22,15
2026-07-06T17:30:00Z,SK,172.07,15
2026-07-06T17:45:00Z,AT,157.99,15
2026-07-06T17:45:00Z,BE,137.02,15
2026-07-06T17:45:00Z,CZ,159.62,15
2026-07-06T17:45:00Z,DE-LU,133.85,15
2026-07-06T17:45:00Z,DK1,128.51,15
2026-07-06T17:45:00Z,DK2,130.88,15
2026-07-06T17:45:00Z,EE,6.98,15
2026-07-06T17:45:00Z,ES,122.46,15
2026-07-06T17:45:00Z,FI,6.99,15
2026-07-06T17:45:00Z,FR,139.34,15
2026-07-06T17:45:00Z,GR,176.39,15
2026-07-06T17:45:00Z,HR,183.12,15
2026-07-06T17:45:00Z,HU,173.71,15
2026-07-06T17:45:00Z,IT-CNorth,188.83,15
2026-07-06T17:45:00Z,IT-CSouth,188.83,15
2026-07-06T17:45:00Z,IT-North,188.83,15
2026-07-06T17:45:00Z,IT-Sardinia,188.83,15
2026-07-06T17:45:00Z,IT-Sicily,188.83,15
2026-07-06T17:45:00Z,IT-South,188.83,15
2026-07-06T17:45:00Z,LT,132.87,15
2026-07-06T17:45:00Z,LV,132.87,15
2026-07-06T17:45:00Z,NL,136.22,15
2026-07-06T17:45:00Z,NO1,105.96,15
2026-07-06T17:45:00Z,NO2,119.68,15
2026-07-06T17:45:00Z,NO3,53.81,15
2026-07-06T17:45:00Z,NO5,86.26,15
2026-07-06T17:45:00Z,PL,177.70,15
2026-07-06T17:45:00Z,PT,139.34,15
2026-07-06T17:45:00Z,RO,176.22,15
2026-07-06T17:45:00Z,SE1,7.06,15
2026-07-06T17:45:00Z,SE2,4.48,15
2026-07-06T17:45:00Z,SE3,69.36,15
2026-07-06T17:45:00Z,SE4,131.38,15
2026-07-06T17:45:00Z,SI,188.83,15
2026-07-06T17:45:00Z,SK,172.45,15
2026-07-06T18:00:00Z,AT,145.61,15
2026-07-06T18:00:00Z,BE,125.70,15
2026-07-06T18:00:00Z,CH,138.25,60
2026-07-06T18:00:00Z,CZ,134.82,15
2026-07-06T18:00:00Z,DE-LU,124.27,15
2026-07-06T18:00:00Z,DK1,124.05,15
2026-07-06T18:00:00Z,DK2,131.25,15
2026-07-06T18:00:00Z,EE,133.26,15
2026-07-06T18:00:00Z,ES,110.34,15
2026-07-06T18:00:00Z,FI,7.01,15
2026-07-06T18:00:00Z,FR,127.30,15
2026-07-06T18:00:00Z,GR,163.00,15
2026-07-06T18:00:00Z,HR,174.06,15
2026-07-06T18:00:00Z,HU,198.40,15
2026-07-06T18:00:00Z,IT-CNorth,167.79,15
2026-07-06T18:00:00Z,IT-CSouth,167.79,15
2026-07-06T18:00:00Z,IT-North,167.79,15
2026-07-06T18:00:00Z,IT-Sardinia,167.79,15
2026-07-06T18:00:00Z,IT-Sicily,167.79,15
2026-07-06T18:00:00Z,IT-South,167.79,15
2026-07-06T18:00:00Z,LT,133.26,15
2026-07-06T18:00:00Z,LV,133.26,15
2026-07-06T18:00:00Z,NL,125.09,15
2026-07-06T18:00:00Z,NO1,106.32,15
2026-07-06T18:00:00Z,NO2,119.75,15
2026-07-06T18:00:00Z,NO3,54.10,15
2026-07-06T18:00:00Z,NO4,19.34,15
2026-07-06T18:00:00Z,NO5,87.13,15
2026-07-06T18:00:00Z,PL,164.01,15
2026-07-06T18:00:00Z,PT,127.30,15
2026-07-06T18:00:00Z,RO,196.59,15
2026-07-06T18:00:00Z,RS,150.14,15
2026-07-06T18:00:00Z,SE1,7.08,15
2026-07-06T18:00:00Z,SE3,69.07,15
2026-07-06T18:00:00Z,SE4,131.75,15
2026-07-06T18:00:00Z,SI,167.79,15
2026-07-06T18:00:00Z,SK,174.49,15
2026-07-06T18:15:00Z,AT,149.98,15
2026-07-06T18:15:00Z,BE,136.46,15
2026-07-06T18:15:00Z,CZ,134.44,15
2026-07-06T18:15:00Z,DE-LU,135.21,15
2026-07-06T18:15:00Z,DK1,132.11,15
2026-07-06T18:15:00Z,DK2,134.54,15
2026-07-06T18:15:00Z,EE,136.60,15
2026-07-06T18:15:00Z,ES,125.31,15
2026-07-06T18:15:00Z,FI,6.70,15
2026-07-06T18:15:00Z,FR,137.50,15
2026-07-06T18:15:00Z,GR,210.00,15
2026-07-06T18:15:00Z,HR,180.54,15
2026-07-06T18:15:00Z,HU,212.70,15
2026-07-06T18:15:00Z,IT-CNorth,171.75,15
2026-07-06T18:15:00Z,IT-CSouth,171.75,15
2026-07-06T18:15:00Z,IT-North,171.75,15
2026-07-06T18:15:00Z,IT-Sardinia,171.75,15
2026-07-06T18:15:00Z,IT-Sicily,171.75,15
2026-07-06T18:15:00Z,IT-South,171.75,15
2026-07-06T18:15:00Z,LT,136.60,15
2026-07-06T18:15:00Z,LV,136.60,15
2026-07-06T18:15:00Z,NL,136.27,15
2026-07-06T18:15:00Z,NO1,108.88,15
2026-07-06T18:15:00Z,NO2,122.76,15
2026-07-06T18:15:00Z,NO3,55.12,15
2026-07-06T18:15:00Z,NO4,19.38,15
2026-07-06T18:15:00Z,NO5,89.05,15
2026-07-06T18:15:00Z,PL,154.43,15
2026-07-06T18:15:00Z,PT,137.50,15
2026-07-06T18:15:00Z,RO,210.04,15
2026-07-06T18:15:00Z,SE1,6.77,15
2026-07-06T18:15:00Z,SE2,4.10,15
2026-07-06T18:15:00Z,SE3,70.55,15
2026-07-06T18:15:00Z,SE4,135.05,15
2026-07-06T18:15:00Z,SI,171.75,15
2026-07-06T18:15:00Z,SK,178.99,15
2026-07-06T18:30:00Z,AT,157.91,15
2026-07-06T18:30:00Z,BE,142.49,15
2026-07-06T18:30:00Z,CZ,140.11,15
2026-07-06T18:30:00Z,DE-LU,140.83,15
2026-07-06T18:30:00Z,DK1,135.10,15
2026-07-06T18:30:00Z,DK2,137.23,15
2026-07-06T18:30:00Z,EE,6.62,15
2026-07-06T18:30:00Z,ES,144.31,15
2026-07-06T18:30:00Z,FI,6.63,15
2026-07-06T18:30:00Z,FR,143.43,15
2026-07-06T18:30:00Z,GR,162.12,15
2026-07-06T18:30:00Z,HR,184.81,15
2026-07-06T18:30:00Z,HU,219.52,15
2026-07-06T18:30:00Z,IT-CNorth,174.90,15
2026-07-06T18:30:00Z,IT-CSouth,174.90,15
2026-07-06T18:30:00Z,IT-North,174.90,15
2026-07-06T18:30:00Z,IT-Sardinia,174.90,15
2026-07-06T18:30:00Z,IT-Sicily,174.90,15
2026-07-06T18:30:00Z,IT-South,174.90,15
2026-07-06T18:30:00Z,LT,139.33,15
2026-07-06T18:30:00Z,LV,139.33,15
2026-07-06T18:30:00Z,NL,142.43,15
2026-07-06T18:30:00Z,NO1,110.98,15
2026-07-06T18:30:00Z,NO2,125.70,15
2026-07-06T18:30:00Z,NO3,55.87,15
2026-07-06T18:30:00Z,NO4,19.53,15
2026-07-06T18:30:00Z,NO5,89.95,15
2026-07-06T18:30:00Z,PL,160.40,15
2026-07-06T18:30:00Z,PT,143.43,15
2026-07-06T18:30:00Z,RO,216.34,15
2026-07-06T18:30:00Z,SE1,6.70,15
2026-07-06T18:30:00Z,SE2,3.98,15
2026-07-06T18:30:00Z,SE3,71.87,15
2026-07-06T18:30:00Z,SE4,137.75,15
2026-07-06T18:30:00Z,SI,174.90,15
2026-07-06T18:30:00Z,SK,185.34,15
2026-07-06T18:45:00Z,AT,149.90,15
2026-07-06T18:45:00Z,BE,156.33,15
2026-07-06T18:45:00Z,CZ,143.40,15
2026-07-06T18:45:00Z,DE-LU,153.01,15
2026-07-06T18:45:00Z,DK1,137.08,15
2026-07-06T18:45:00Z,DK2,139.60,15
2026-07-06T18:45:00Z,EE,5.82,15
2026-07-06T18:45:00Z,ES,153.71,15
2026-07-06T18:45:00Z,FI,5.70,15
2026-07-06T18:45:00Z,FR,156.71,15
2026-07-06T18:45:00Z,GR,163.22,15
2026-07-06T18:45:00Z,HR,193.92,15
2026-07-06T18:45:00Z,HU,230.00,15
2026-07-06T18:45:00Z,IT-CNorth,183.90,15
2026-07-06T18:45:00Z,IT-CSouth,183.90,15
2026-07-06T18:45:00Z,IT-North,183.90,15
2026-07-06T18:45:00Z,IT-Sardinia,183.90,15
2026-07-06T18:45:00Z,IT-Sicily,187.61,15
2026-07-06T18:45:00Z,IT-South,183.90,15
2026-07-06T18:45:00Z,LT,141.74,15
2026-07-06T18:45:00Z,LV,141.74,15
2026-07-06T18:45:00Z,NL,156.80,15
2026-07-06T18:45:00Z,NO1,112.64,15
2026-07-06T18:45:00Z,NO2,128.33,15
2026-07-06T18:45:00Z,NO3,55.92,15
2026-07-06T18:45:00Z,NO4,18.87,15
2026-07-06T18:45:00Z,NO5,90.23,15
2026-07-06T18:45:00Z,PL,168.70,15
2026-07-06T18:45:00Z,PT,156.71,15
2026-07-06T18:45:00Z,RO,227.55,15
2026-07-06T18:45:00Z,SE1,5.77,15
2026-07-06T18:45:00Z,SE2,3.00,15
2026-07-06T18:45:00Z,SE3,72.60,15
2026-07-06T18:45:00Z,SE4,140.13,15
2026-07-06T18:45:00Z,SI,183.90,15
2026-07-06T18:45:00Z,SK,192.22,15
2026-07-06T19:00:00Z,AT,153.25,15
2026-07-06T19:00:00Z,BE,154.48,15
2026-07-06T19:00:00Z,CH,145.31,60
2026-07-06T19:00:00Z,CZ,152.85,15
2026-07-06T19:00:00Z,DE-LU,151.64,15
2026-07-06T19:00:00Z,DK1,134.43,15
2026-07-06T19:00:00Z,DK2,136.90,15
2026-07-06T19:00:00Z,EE,138.99,15
2026-07-06T19:00:00Z,ES,141.32,15
2026-07-06T19:00:00Z,FI,7.03,15
2026-07-06T19:00:00Z,FR,154.09,15
2026-07-06T19:00:00Z,GR,152.97,15
2026-07-06T19:00:00Z,HR,153.10,15
2026-07-06T19:00:00Z,HU,152.94,15
2026-07-06T19:00:00Z,IT-CNorth,173.00,15
2026-07-06T19:00:00Z,IT-CSouth,173.00,15
2026-07-06T19:00:00Z,IT-North,173.00,15
2026-07-06T19:00:00Z,IT-Sardinia,173.00,15
2026-07-06T19:00:00Z,IT-Sicily,200.32,15
2026-07-06T19:00:00Z,IT-South,173.00,15
2026-07-06T19:00:00Z,LT,138.99,15
2026-07-06T19:00:00Z,LV,138.99,15
2026-07-06T19:00:00Z,NL,155.24,15
2026-07-06T19:00:00Z,NO1,110.79,15
2026-07-06T19:00:00Z,NO2,125.53,15
2026-07-06T19:00:00Z,NO3,55.95,15
2026-07-06T19:00:00Z,NO4,19.85,15
2026-07-06T19:00:00Z,NO5,89.86,15
2026-07-06T19:00:00Z,PL,152.47,15
2026-07-06T19:00:00Z,PT,154.09,15
2026-07-06T19:00:00Z,RO,152.97,15
2026-07-06T19:00:00Z,RS,150.04,15
2026-07-06T19:00:00Z,SE1,7.11,15
2026-07-06T19:00:00Z,SE2,4.41,15
2026-07-06T19:00:00Z,SE3,72.49,15
2026-07-06T19:00:00Z,SE4,137.42,15
2026-07-06T19:00:00Z,SI,153.15,15
2026-07-06T19:00:00Z,SK,152.84,15
2026-07-06T19:15:00Z,AT,157.32,15
2026-07-06T19:15:00Z,BE,158.97,15
2026-07-06T19:15:00Z,CZ,156.79,15
2026-07-06T19:15:00Z,DE-LU,155.18,15
2026-07-06T19:15:00Z,DK1,132.20,15
2026-07-06T19:15:00Z,DK2,134.64,15
2026-07-06T19:15:00Z,EE,6.86,15
2026-07-06T19:15:00Z,ES,163.16,15
2026-07-06T19:15:00Z,FI,6.87,15
2026-07-06T19:15:00Z,FR,158.44,15
2026-07-06T19:15:00Z,GR,156.95,15
2026-07-06T19:15:00Z,HR,157.13,15
2026-07-06T19:15:00Z,HU,156.92,15
2026-07-06T19:15:00Z,IT-CNorth,167.40,15
2026-07-06T19:15:00Z,IT-CSouth,167.40,15
2026-07-06T19:15:00Z,IT-North,167.40,15
2026-07-06T19:15:00Z,IT-Sardinia,167.40,15
2026-07-06T19:15:00Z,IT-Sicily,209.15,15
2026-07-06T19:15:00Z,IT-South,167.40,15
2026-07-06T19:15:00Z,LT,136.70,15
2026-07-06T19:15:00Z,LV,136.70,15
2026-07-06T19:15:00Z,NL,159.98,15
2026-07-06T19:15:00Z,NO1,108.99,15
2026-07-06T19:15:00Z,NO2,122.79,15
2026-07-06T19:15:00Z,NO3,55.30,15
2026-07-06T19:15:00Z,NO4,19.55,15
2026-07-06T19:15:00Z,NO5,89.42,15
2026-07-06T19:15:00Z,PL,156.28,15
2026-07-06T19:15:00Z,PT,158.44,15
2026-07-06T19:15:00Z,RO,156.95,15
2026-07-06T19:15:00Z,SE1,6.94,15
2026-07-06T19:15:00Z,SE2,4.28,15
2026-07-06T19:15:00Z,SE3,71.26,15
2026-07-06T19:15:00Z,SE4,135.15,15
2026-07-06T19:15:00Z,SI,157.19,15
2026-07-06T19:15:00Z,SK,156.78,15
2026-07-06T19:30:00Z,AT,155.15,15
2026-07-06T19:30:00Z,BE,156.66,15
2026-07-06T19:30:00Z,CZ,154.66,15
2026-07-06T19:30:00Z,DE-LU,153.19,15
2026-07-06T19:30:00Z,DK1,132.18,15
2026-07-06T19:30:00Z,DK2,134.61,15
2026-07-06T19:30:00Z,EE,6.69,15
2026-07-06T19:30:00Z,ES,161.52,15
2026-07-06T19:30:00Z,FI,6.70,15
2026-07-06T19:30:00Z,FR,156.18,15
2026-07-06T19:30:00Z,GR,154.82,15
2026-07-06T19:30:00Z,HR,154.98,15
2026-07-06T19:30:00Z,HU,154.78,15
2026-07-06T19:30:00Z,IT-CNorth,166.02,15
2026-07-06T19:30:00Z,IT-CSouth,166.02,15
2026-07-06T19:30:00Z,IT-North,166.02,15
2026-07-06T19:30:00Z,IT-Sardinia,166.02,15
2026-07-06T19:30:00Z,IT-Sicily,216.13,15
2026-07-06T19:30:00Z,IT-South,166.02,15
2026-07-06T19:30:00Z,LT,136.68,15
2026-07-06T19:30:00Z,LV,136.68,15
2026-07-06T19:30:00Z,NL,157.59,15
2026-07-06T19:30:00Z,NO1,108.94,15
2026-07-06T19:30:00Z,NO2,122.77,15
2026-07-06T19:30:00Z,NO3,55.18,15
2026-07-06T19:30:00Z,NO4,19.39,15
2026-07-06T19:30:00Z,NO5,89.31,15
2026-07-06T19:30:00Z,PL,154.20,15
2026-07-06T19:30:00Z,PT,161.52,15
2026-07-06T19:30:00Z,RO,154.81,15
2026-07-06T19:30:00Z,SE1,6.77,15
2026-07-06T19:30:00Z,SE2,4.10,15
2026-07-06T19:30:00Z,SE3,71.16,15
2026-07-06T19:30:00Z,SE4,135.12,15
2026-07-06T19:30:00Z,SI,155.04,15
2026-07-06T19:30:00Z,SK,154.66,15
2026-07-06T19:45:00Z,AT,145.99,15
2026-07-06T19:45:00Z,BE,146.90,15
2026-07-06T19:45:00Z,CZ,145.69,15
2026-07-06T19:45:00Z,DE-LU,144.80,15
2026-07-06T19:45:00Z,DK1,132.06,15
2026-07-06T19:45:00Z,DK2,134.50,15
2026-07-06T19:45:00Z,EE,6.68,15
2026-07-06T19:45:00Z,ES,165.00,15
2026-07-06T19:45:00Z,FI,6.69,15
2026-07-06T19:45:00Z,FR,146.61,15
2026-07-06T19:45:00Z,GR,145.78,15
2026-07-06T19:45:00Z,HR,145.88,15
2026-07-06T19:45:00Z,HU,145.76,15
2026-07-06T19:45:00Z,IT-CNorth,163.90,15
2026-07-06T19:45:00Z,IT-CSouth,163.90,15
2026-07-06T19:45:00Z,IT-North,163.90,15
2026-07-06T19:45:00Z,IT-Sardinia,163.90,15
2026-07-06T19:45:00Z,IT-Sicily,209.15,15
2026-07-06T19:45:00Z,IT-South,163.90,15
2026-07-06T19:45:00Z,LT,136.56,15
2026-07-06T19:45:00Z,LV,136.56,15
2026-07-06T19:45:00Z,NL,147.46,15
2026-07-06T19:45:00Z,NO1,108.84,15
2026-07-06T19:45:00Z,NO2,122.73,15
2026-07-06T19:45:00Z,NO3,55.10,15
2026-07-06T19:45:00Z,NO4,19.36,15
2026-07-06T19:45:00Z,NO5,89.13,15
2026-07-06T19:45:00Z,PL,145.41,15
2026-07-06T19:45:00Z,PT,165.00,15
2026-07-06T19:45:00Z,RO,145.78,15
2026-07-06T19:45:00Z,SE1,6.76,15
2026-07-06T19:45:00Z,SE2,4.09,15
2026-07-06T19:45:00Z,SE3,71.10,15
2026-07-06T19:45:00Z,SE4,135.00,15
2026-07-06T19:45:00Z,SI,145.91,15
2026-07-06T19:45:00Z,SK,145.68,15
2026-07-06T20:00:00Z,AT,154.45,15
2026-07-06T20:00:00Z,BE,156.10,15
2026-07-06T20:00:00Z,CH,142.79,60
2026-07-06T20:00:00Z,CZ,151.44,15
2026-07-06T20:00:00Z,DE-LU,152.61,15
2026-07-06T20:00:00Z,DK1,132.16,15
2026-07-06T20:00:00Z,DK2,134.60,15
2026-07-06T20:00:00Z,EE,6.69,15
2026-07-06T20:00:00Z,ES,161.36,15
2026-07-06T20:00:00Z,FR,155.71,15
2026-07-06T20:00:00Z,GR,168.29,15
2026-07-06T20:00:00Z,HR,160.05,15
2026-07-06T20:00:00Z,HU,168.51,15
2026-07-06T20:00:00Z,IT-CNorth,174.22,15
2026-07-06T20:00:00Z,IT-CSouth,174.22,15
2026-07-06T20:00:00Z,IT-North,174.22,15
2026-07-06T20:00:00Z,IT-Sardinia,174.22,15
2026-07-06T20:00:00Z,IT-Sicily,183.41,15
2026-07-06T20:00:00Z,IT-South,174.22,15
2026-07-06T20:00:00Z,LT,136.66,15
2026-07-06T20:00:00Z,LV,136.66,15
2026-07-06T20:00:00Z,NL,156.99,15
2026-07-06T20:00:00Z,NO1,109.00,15
2026-07-06T20:00:00Z,NO2,122.74,15
2026-07-06T20:00:00Z,NO3,55.18,15
2026-07-06T20:00:00Z,NO4,19.39,15
2026-07-06T20:00:00Z,NO5,88.80,15
2026-07-06T20:00:00Z,PL,156.21,15
2026-07-06T20:00:00Z,PT,161.46,15
2026-07-06T20:00:00Z,RO,168.20,15
2026-07-06T20:00:00Z,RS,149.07,15
2026-07-06T20:00:00Z,SE1,6.79,15
2026-07-06T20:00:00Z,SE2,4.10,15
2026-07-06T20:00:00Z,SE3,71.97,15
2026-07-06T20:00:00Z,SE4,135.11,15
2026-07-06T20:00:00Z,SI,157.09,15
2026-07-06T20:00:00Z,SK,161.90,15
2026-07-06T20:15:00Z,AT,144.98,15
2026-07-06T20:15:00Z,BE,146.24,15
2026-07-06T20:15:00Z,CZ,140.77,15
2026-07-06T20:15:00Z,DE-LU,143.82,15
2026-07-06T20:15:00Z,DK1,130.04,15
2026-07-06T20:15:00Z,DK2,132.44,15
2026-07-06T20:15:00Z,EE,6.55,15
2026-07-06T20:15:00Z,ES,156.75,15
2026-07-06T20:15:00Z,FI,6.55,15
2026-07-06T20:15:00Z,FR,146.05,15
2026-07-06T20:15:00Z,GR,166.51,15
2026-07-06T20:15:00Z,HR,153.72,15
2026-07-06T20:15:00Z,HU,166.88,15
2026-07-06T20:15:00Z,IT-Sicily,174.22,15
2026-07-06T20:15:00Z,LT,134.48,15
2026-07-06T20:15:00Z,LV,134.48,15
2026-07-06T20:15:00Z,NL,146.82,15
2026-07-06T20:15:00Z,NO1,107.30,15
2026-07-06T20:15:00Z,NO2,120.09,15
2026-07-06T20:15:00Z,NO3,54.59,15
2026-07-06T20:15:00Z,NO4,19.11,15
2026-07-06T20:15:00Z,NO5,88.50,15
2026-07-06T20:15:00Z,PL,148.47,15
2026-07-06T20:15:00Z,PT,156.85,15
2026-07-06T20:15:00Z,RO,166.37,15
2026-07-06T20:15:00Z,SE1,6.65,15
2026-07-06T20:15:00Z,SE2,3.98,15
2026-07-06T20:15:00Z,SE3,70.79,15
2026-07-06T20:15:00Z,SE4,132.95,15
2026-07-06T20:15:00Z,SI,149.13,15
2026-07-06T20:15:00Z,SK,156.83,15
2026-07-06T20:30:00Z,AT,152.61,15
2026-07-06T20:30:00Z,BE,154.23,15
2026-07-06T20:30:00Z,CZ,150.66,15
2026-07-06T20:30:00Z,DE-LU,150.67,15
2026-07-06T20:30:00Z,DK1,129.68,15
2026-07-06T20:30:00Z,DK2,132.07,15
2026-07-06T20:30:00Z,EE,134.12,15
2026-07-06T20:30:00Z,ES,156.21,15
2026-07-06T20:30:00Z,FI,5.57,15
2026-07-06T20:30:00Z,FR,153.79,15
2026-07-06T20:30:00Z,GR,160.43,15
2026-07-06T20:30:00Z,HR,155.76,15
2026-07-06T20:30:00Z,HU,160.54,15
2026-07-06T20:30:00Z,IT-CNorth,167.40,15
2026-07-06T20:30:00Z,IT-CSouth,167.40,15
2026-07-06T20:30:00Z,IT-North,167.40,15
2026-07-06T20:30:00Z,IT-Sardinia,167.40,15
2026-07-06T20:30:00Z,IT-Sicily,167.40,15
2026-07-06T20:30:00Z,IT-South,167.40,15
2026-07-06T20:30:00Z,LT,134.12,15
2026-07-06T20:30:00Z,LV,134.12,15
2026-07-06T20:30:00Z,NL,155.15,15
2026-07-06T20:30:00Z,NO1,106.79,15
2026-07-06T20:30:00Z,NO2,119.85,15
2026-07-06T20:30:00Z,NO3,53.75,15
2026-07-06T20:30:00Z,NO4,18.17,15
2026-07-06T20:30:00Z,NO5,87.60,15
2026-07-06T20:30:00Z,PL,153.21,15
2026-07-06T20:30:00Z,PT,153.79,15
2026-07-06T20:30:00Z,RO,160.38,15
2026-07-06T20:30:00Z,SE1,5.66,15
2026-07-06T20:30:00Z,SE2,2.99,15
2026-07-06T20:30:00Z,SE3,70.12,15
2026-07-06T20:30:00Z,SE4,132.58,15
2026-07-06T20:30:00Z,SI,154.08,15
2026-07-06T20:30:00Z,SK,156.68,15
2026-07-06T20:45:00Z,AT,142.29,15
2026-07-06T20:45:00Z,BE,147.18,15
2026-07-06T20:45:00Z,CZ,138.61,15
2026-07-06T20:45:00Z,DE-LU,141.52,15
2026-07-06T20:45:00Z,DK1,125.12,15
2026-07-06T20:45:00Z,DK2,131.37,15
2026-07-06T20:45:00Z,EE,133.40,15
2026-07-06T20:45:00Z,ES,138.41,15
2026-07-06T20:45:00Z,FI,5.41,15
2026-07-06T20:45:00Z,FR,141.57,15
2026-07-06T20:45:00Z,GR,162.12,15
2026-07-06T20:45:00Z,HR,150.31,15
2026-07-06T20:45:00Z,HU,162.48,15
2026-07-06T20:45:00Z,IT-CNorth,158.21,15
2026-07-06T20:45:00Z,IT-CSouth,158.21,15
2026-07-06T20:45:00Z,IT-North,158.21,15
2026-07-06T20:45:00Z,IT-Sardinia,158.21,15
2026-07-06T20:45:00Z,IT-Sicily,158.21,15
2026-07-06T20:45:00Z,IT-South,158.21,15
2026-07-06T20:45:00Z,LT,133.40,15
2026-07-06T20:45:00Z,LV,133.40,15
2026-07-06T20:45:00Z,NL,146.09,15
2026-07-06T20:45:00Z,NO1,106.18,15
2026-07-06T20:45:00Z,NO2,119.44,15
2026-07-06T20:45:00Z,NO3,53.27,15
2026-07-06T20:45:00Z,NO4,17.94,15
2026-07-06T20:45:00Z,NO5,86.68,15
2026-07-06T20:45:00Z,PL,145.69,15
2026-07-06T20:45:00Z,PT,149.47,15
2026-07-06T20:45:00Z,RO,162.00,15
2026-07-06T20:45:00Z,SE1,5.51,15
2026-07-06T20:45:00Z,SE2,2.85,15
2026-07-06T20:45:00Z,SE3,69.69,15
2026-07-06T20:45:00Z,SE4,131.87,15
2026-07-06T20:45:00Z,SI,146.07,15
2026-07-06T20:45:00Z,SK,153.30,15
2026-07-06T21:00:00Z,AT,151.88,15
2026-07-06T21:00:00Z,BE,149.40,15
2026-07-06T21:00:00Z,CH,130.00,60
2026-07-06T21:00:00Z,CZ,149.29,15
2026-07-06T21:00:00Z,DE-LU,145.38,15
2026-07-06T21:00:00Z,DK1,124.66,15
2026-07-06T21:00:00Z,DK2,128.94,15
2026-07-06T21:00:00Z,EE,5.82,15
2026-07-06T21:00:00Z,ES,143.27,15
2026-07-06T21:00:00Z,FI,5.82,15
2026-07-06T21:00:00Z,FR,149.41,15
2026-07-06T21:00:00Z,GR,158.98,15
2026-07-06T21:00:00Z,HR,155.47,15
2026-07-06T21:00:00Z,HU,158.11,15
2026-07-06T21:00:00Z,IT-CNorth,174.22,15
2026-07-06T21:00:00Z,IT-CSouth,174.22,15
2026-07-06T21:00:00Z,IT-North,174.22,15
2026-07-06T21:00:00Z,IT-Sardinia,174.22,15
2026-07-06T21:00:00Z,IT-Sicily,174.22,15
2026-07-06T21:00:00Z,IT-South,174.22,15
2026-07-06T21:00:00Z,LT,130.93,15
2026-07-06T21:00:00Z,LV,130.93,15
2026-07-06T21:00:00Z,NL,150.00,15
2026-07-06T21:00:00Z,NO1,104.31,15
2026-07-06T21:00:00Z,NO2,117.59,15
2026-07-06T21:00:00Z,NO3,52.47,15
2026-07-06T21:00:00Z,NO4,18.04,15
2026-07-06T21:00:00Z,NO5,84.28,15
2026-07-06T21:00:00Z,PL,135.14,15
2026-07-06T21:00:00Z,PT,155.01,15
2026-07-06T21:00:00Z,RO,158.94,15
2026-07-06T21:00:00Z,RS,141.30,15
2026-07-06T21:00:00Z,SE1,5.92,15
2026-07-06T21:00:00Z,SE2,3.32,15
2026-07-06T21:00:00Z,SE3,69.63,15
2026-07-06T21:00:00Z,SE4,129.44,15
2026-07-06T21:00:00Z,SI,154.21,15
2026-07-06T21:00:00Z,SK,161.49,15
2026-07-06T21:15:00Z,AT,137.26,15
2026-07-06T21:15:00Z,BE,140.66,15
2026-07-06T21:15:00Z,CZ,136.59,15
2026-07-06T21:15:00Z,DE-LU,135.27,15
2026-07-06T21:15:00Z,DK1,122.68,15
2026-07-06T21:15:00Z,DK2,128.06,15
2026-07-06T21:15:00Z,EE,5.44,15
2026-07-06T21:15:00Z,ES,154.01,15
2026-07-06T21:15:00Z,FI,5.45,15
2026-07-06T21:15:00Z,FR,134.86,15
2026-07-06T21:15:00Z,GR,139.47,15
2026-07-06T21:15:00Z,HR,138.33,15
2026-07-06T21:15:00Z,HU,139.22,15
2026-07-06T21:15:00Z,IT-CNorth,166.11,15
2026-07-06T21:15:00Z,IT-CSouth,166.11,15
2026-07-06T21:15:00Z,IT-North,166.11,15
2026-07-06T21:15:00Z,IT-Sardinia,166.11,15
2026-07-06T21:15:00Z,IT-Sicily,166.11,15
2026-07-06T21:15:00Z,IT-South,166.11,15
2026-07-06T21:15:00Z,LT,131.35,15
2026-07-06T21:15:00Z,LV,131.35,15
2026-07-06T21:15:00Z,NL,139.27,15
2026-07-06T21:15:00Z,NO1,103.54,15
2026-07-06T21:15:00Z,NO2,116.71,15
2026-07-06T21:15:00Z,NO3,51.93,15
2026-07-06T21:15:00Z,NO4,17.62,15
2026-07-06T21:15:00Z,NO5,83.68,15
2026-07-06T21:15:00Z,PL,132.17,15
2026-07-06T21:15:00Z,PT,150.01,15
2026-07-06T21:15:00Z,RO,139.46,15
2026-07-06T21:15:00Z,SE1,5.55,15
2026-07-06T21:15:00Z,SE2,2.96,15
2026-07-06T21:15:00Z,SE3,68.99,15
2026-07-06T21:15:00Z,SE4,128.56,15
2026-07-06T21:15:00Z,SI,137.93,15
2026-07-06T21:15:00Z,SK,140.28,15
2026-07-06T21:30:00Z,AT,136.29,15
2026-07-06T21:30:00Z,BE,135.02,15
2026-07-06T21:30:00Z,CZ,134.84,15
2026-07-06T21:30:00Z,DE-LU,132.58,15
2026-07-06T21:30:00Z,DK1,119.88,15
2026-07-06T21:30:00Z,DK2,125.62,15
2026-07-06T21:30:00Z,EE,125.55,15
2026-07-06T21:30:00Z,ES,148.84,15
2026-07-06T21:30:00Z,FI,5.48,15
2026-07-06T21:30:00Z,FR,135.00,15
2026-07-06T21:30:00Z,GR,140.19,15
2026-07-06T21:30:00Z,HR,138.26,15
2026-07-06T21:30:00Z,HU,139.71,15
2026-07-06T21:30:00Z,IT-CNorth,144.22,15
2026-07-06T21:30:00Z,IT-CSouth,144.22,15
2026-07-06T21:30:00Z,IT-North,144.22,15
2026-07-06T21:30:00Z,IT-Sardinia,144.22,15
2026-07-06T21:30:00Z,IT-Sicily,144.22,15
2026-07-06T21:30:00Z,IT-South,144.22,15
2026-07-06T21:30:00Z,LT,125.55,15
2026-07-06T21:30:00Z,LV,125.55,15
2026-07-06T21:30:00Z,NL,135.41,15
2026-07-06T21:30:00Z,NO1,101.63,15
2026-07-06T21:30:00Z,NO2,114.01,15
2026-07-06T21:30:00Z,NO3,51.28,15
2026-07-06T21:30:00Z,NO4,17.46,15
2026-07-06T21:30:00Z,NO5,83.06,15
2026-07-06T21:30:00Z,PL,127.00,15
2026-07-06T21:30:00Z,PT,144.84,15
2026-07-06T21:30:00Z,RO,140.17,15
2026-07-06T21:30:00Z,SE1,5.58,15
2026-07-06T21:30:00Z,SE2,3.03,15
2026-07-06T21:30:00Z,SE3,67.73,15
2026-07-06T21:30:00Z,SE4,126.10,15
2026-07-06T21:30:00Z,SI,137.57,15
2026-07-06T21:30:00Z,SK,141.56,15
2026-07-06T21:45:00Z,AT,128.07,15
2026-07-06T21:45:00Z,BE,135.00,15
2026-07-06T21:45:00Z,CZ,127.59,15
2026-07-06T21:45:00Z,DE-LU,126.77,15
2026-07-06T21:45:00Z,DK1,119.25,15
2026-07-06T21:45:00Z,DK2,121.45,15
2026-07-06T21:45:00Z,EE,120.62,15
2026-07-06T21:45:00Z,ES,148.67,15
2026-07-06T21:45:00Z,FI,5.36,15
2026-07-06T21:45:00Z,FR,122.68,15
2026-07-06T21:45:00Z,GR,131.39,15
2026-07-06T21:45:00Z,HR,129.66,15
2026-07-06T21:45:00Z,HU,131.08,15
2026-07-06T21:45:00Z,IT-CNorth,135.00,15
2026-07-06T21:45:00Z,IT-CSouth,135.00,15
2026-07-06T21:45:00Z,IT-North,135.00,15
2026-07-06T21:45:00Z,IT-Sardinia,135.00,15
2026-07-06T21:45:00Z,IT-Sicily,135.00,15
2026-07-06T21:45:00Z,IT-South,135.00,15
2026-07-06T21:45:00Z,LT,120.62,15
2026-07-06T21:45:00Z,LV,120.62,15
2026-07-06T21:45:00Z,NL,131.15,15
2026-07-06T21:45:00Z,NO1,98.34,15
2026-07-06T21:45:00Z,NO2,113.32,15
2026-07-06T21:45:00Z,NO3,50.34,15
2026-07-06T21:45:00Z,NO4,17.09,15
2026-07-06T21:45:00Z,NO5,83.08,15
2026-07-06T21:45:00Z,PL,121.73,15
2026-07-06T21:45:00Z,PT,141.34,15
2026-07-06T21:45:00Z,RO,131.37,15
2026-07-06T21:45:00Z,SE1,5.46,15
2026-07-06T21:45:00Z,SE2,2.96,15
2026-07-06T21:45:00Z,SE3,65.49,15
2026-07-06T21:45:00Z,SE4,121.93,15
2026-07-06T21:45:00Z,SI,129.04,15
2026-07-06T21:45:00Z,SK,132.67,15
2026-07-06T22:00:00Z,AT,144.13,15
2026-07-06T22:00:00Z,BE,132.22,15
2026-07-06T22:00:00Z,CH,119.18,60
2026-07-06T22:00:00Z,CZ,139.68,15
2026-07-06T22:00:00Z,DE-LU,129.03,15
2026-07-06T22:00:00Z,DK1,99.67,15
2026-07-06T22:00:00Z,DK2,114.00,15
2026-07-06T22:00:00Z,EE,17.40,15
2026-07-06T22:00:00Z,ES,150.77,15
2026-07-06T22:00:00Z,FI,17.41,15
2026-07-06T22:00:00Z,FR,133.55,15
2026-07-06T22:00:00Z,GR,166.44,15
2026-07-06T22:00:00Z,HR,153.90,15
2026-07-06T22:00:00Z,HU,162.33,15
2026-07-06T22:00:00Z,IT-CNorth,150.00,15
2026-07-06T22:00:00Z,IT-CSouth,150.00,15
2026-07-06T22:00:00Z,IT-North,150.00,15
2026-07-06T22:00:00Z,IT-Sardinia,150.00,15
2026-07-06T22:00:00Z,IT-Sicily,150.00,15
2026-07-06T22:00:00Z,IT-South,150.00,15
2026-07-06T22:00:00Z,LT,120.61,15
2026-07-06T22:00:00Z,LV,120.61,15
2026-07-06T22:00:00Z,NL,131.57,15
2026-07-06T22:00:00Z,NO1,95.59,15
2026-07-06T22:00:00Z,NO2,114.58,15
2026-07-06T22:00:00Z,NO3,56.33,15
2026-07-06T22:00:00Z,NO4,27.50,15
2026-07-06T22:00:00Z,NO5,89.39,15
2026-07-06T22:00:00Z,PL,121.90,15
2026-07-06T22:00:00Z,PT,143.27,15
2026-07-06T22:00:00Z,RO,167.11,15
2026-07-06T22:00:00Z,RS,144.60,15
2026-07-06T22:00:00Z,SE1,17.19,15
2026-07-06T22:00:00Z,SE2,15.22,15
2026-07-06T22:00:00Z,SE3,68.25,15
2026-07-06T22:00:00Z,SE4,114.46,15
2026-07-06T22:00:00Z,SI,150.00,15
2026-07-06T22:00:00Z,SK,154.01,15
2026-07-06T22:15:00Z,AT,136.79,15
2026-07-06T22:15:00Z,BE,129.69,15
2026-07-06T22:15:00Z,CZ,131.53,15
2026-07-06T22:15:00Z,DE-LU,127.28,15
2026-07-06T22:15:00Z,DK1,103.05,15
2026-07-06T22:15:00Z,DK2,114.07,15
2026-07-06T22:15:00Z,EE,14.51,15
2026-07-06T22:15:00Z,ES,152.80,15
2026-07-06T22:15:00Z,FI,14.52,15
2026-07-06T22:15:00Z,FR,130.46,15
2026-07-06T22:15:00Z,GR,156.63,15
2026-07-06T22:15:00Z,HR,145.34,15
2026-07-06T22:15:00Z,HU,152.43,15
2026-07-06T22:15:00Z,IT-CNorth,148.82,15
2026-07-06T22:15:00Z,IT-CSouth,148.82,15
2026-07-06T22:15:00Z,IT-North,148.82,15
2026-07-06T22:15:00Z,IT-Sardinia,148.82,15
2026-07-06T22:15:00Z,IT-Sicily,148.82,15
2026-07-06T22:15:00Z,IT-South,148.82,15
2026-07-06T22:15:00Z,LT,115.76,15
2026-07-06T22:15:00Z,LV,115.76,15
2026-07-06T22:15:00Z,NL,129.42,15
2026-07-06T22:15:00Z,NO1,95.07,15
2026-07-06T22:15:00Z,NO2,113.63,15
2026-07-06T22:15:00Z,NO3,54.72,15
2026-07-06T22:15:00Z,NO4,24.94,15
2026-07-06T22:15:00Z,NO5,88.92,15
2026-07-06T22:15:00Z,PL,107.66,15
2026-07-06T22:15:00Z,PT,142.61,15
2026-07-06T22:15:00Z,RO,157.23,15
2026-07-06T22:15:00Z,SE1,14.30,15
2026-07-06T22:15:00Z,SE2,12.26,15
2026-07-06T22:15:00Z,SE3,66.92,15
2026-07-06T22:15:00Z,SE4,114.55,15
2026-07-06T22:15:00Z,SI,141.88,15
2026-07-06T22:15:00Z,SK,143.29,15
2026-07-06T22:30:00Z,AT,121.75,15
2026-07-06T22:30:00Z,BE,117.00,15
2026-07-06T22:30:00Z,CZ,117.47,15
2026-07-06T22:30:00Z,DE-LU,116.08,15
2026-07-06T22:30:00Z,DK1,110.27,15
2026-07-06T22:30:00Z,DK2,114.81,15
2026-07-06T22:30:00Z,EE,13.59,15
2026-07-06T22:30:00Z,ES,150.87,15
2026-07-06T22:30:00Z,FI,13.60,15
2026-07-06T22:30:00Z,FR,117.59,15
2026-07-06T22:30:00Z,GR,139.63,15
2026-07-06T22:30:00Z,HR,128.79,15
2026-07-06T22:30:00Z,HU,134.35,15
2026-07-06T22:30:00Z,IT-CNorth,151.50,15
2026-07-06T22:30:00Z,IT-CSouth,151.50,15
2026-07-06T22:30:00Z,IT-North,151.50,15
2026-07-06T22:30:00Z,IT-Sardinia,151.50,15
2026-07-06T22:30:00Z,IT-Sicily,151.50,15
2026-07-06T22:30:00Z,IT-South,151.50,15
2026-07-06T22:30:00Z,LT,116.52,15
2026-07-06T22:30:00Z,LV,116.52,15
2026-07-06T22:30:00Z,NL,116.67,15
2026-07-06T22:30:00Z,NO1,95.51,15
2026-07-06T22:30:00Z,NO2,110.24,15
2026-07-06T22:30:00Z,NO3,54.06,15
2026-07-06T22:30:00Z,NO4,24.10,15
2026-07-06T22:30:00Z,NO5,87.86,15
2026-07-06T22:30:00Z,PL,104.85,15
2026-07-06T22:30:00Z,PT,141.87,15
2026-07-06T22:30:00Z,RO,140.23,15
2026-07-06T22:30:00Z,SE1,13.38,15
2026-07-06T22:30:00Z,SE2,11.32,15
2026-07-06T22:30:00Z,SE3,66.89,15
2026-07-06T22:30:00Z,SE4,115.30,15
2026-07-06T22:30:00Z,SI,125.68,15
2026-07-06T22:30:00Z,SK,117.44,15
2026-07-06T22:45:00Z,AT,114.60,15
2026-07-06T22:45:00Z,BE,112.08,15
2026-07-06T22:45:00Z,CZ,111.63,15
2026-07-06T22:45:00Z,DE-LU,111.53,15
2026-07-06T22:45:00Z,DK1,107.01,15
2026-07-06T22:45:00Z,DK2,110.93,15
2026-07-06T22:45:00Z,EE,12.81,15
2026-07-06T22:45:00Z,ES,147.27,15
2026-07-06T22:45:00Z,FI,12.81,15
2026-07-06T22:45:00Z,FR,112.40,15
2026-07-06T22:45:00Z,GR,127.62,15
2026-07-06T22:45:00Z,HR,119.41,15
2026-07-06T22:45:00Z,HU,123.07,15
2026-07-06T22:45:00Z,IT-CNorth,140.00,15
2026-07-06T22:45:00Z,IT-CSouth,140.00,15
2026-07-06T22:45:00Z,IT-North,140.00,15
2026-07-06T22:45:00Z,IT-Sardinia,140.00,15
2026-07-06T22:45:00Z,IT-Sicily,140.00,15
2026-07-06T22:45:00Z,IT-South,140.00,15
2026-07-06T22:45:00Z,LT,112.61,15
2026-07-06T22:45:00Z,LV,112.61,15
2026-07-06T22:45:00Z,NL,111.91,15
2026-07-06T22:45:00Z,NO1,92.04,15
2026-07-06T22:45:00Z,NO2,105.70,15
2026-07-06T22:45:00Z,NO3,52.97,15
2026-07-06T22:45:00Z,NO4,23.19,15
2026-07-06T22:45:00Z,NO5,87.47,15
2026-07-06T22:45:00Z,PL,106.48,15
2026-07-06T22:45:00Z,PT,140.46,15
2026-07-06T22:45:00Z,RO,128.08,15
2026-07-06T22:45:00Z,SE1,12.59,15
2026-07-06T22:45:00Z,SE2,10.56,15
2026-07-06T22:45:00Z,SE3,64.44,15
2026-07-06T22:45:00Z,SE4,111.40,15
2026-07-06T22:45:00Z,SI,117.15,15
2026-07-06T22:45:00Z,SK,106.69,15
2026-07-06T23:00:00Z,AT,128.82,15
2026-07-06T23:00:00Z,BE,124.11,15
2026-07-06T23:00:00Z,CH,117.00,60
2026-07-06T23:00:00Z,CZ,122.79,15
2026-07-06T23:00:00Z,DE-LU,121.75,15
2026-07-06T23:00:00Z,DK1,109.68,15
2026-07-06T23:00:00Z,DK2,113.20,15
2026-07-06T23:00:00Z,EE,14.54,15
2026-07-06T23:00:00Z,ES,141.81,15
2026-07-06T23:00:00Z,FI,14.55,15
2026-07-06T23:00:00Z,FR,124.58,15
2026-07-06T23:00:00Z,GR,148.09,15
2026-07-06T23:00:00Z,HR,136.51,15
2026-07-06T23:00:00Z,HU,142.82,15
2026-07-06T23:00:00Z,IT-CNorth,155.22,15
2026-07-06T23:00:00Z,IT-CSouth,155.22,15
2026-07-06T23:00:00Z,IT-North,155.22,15
2026-07-06T23:00:00Z,IT-Sardinia,155.22,15
2026-07-06T23:00:00Z,IT-Sicily,155.22,15
2026-07-06T23:00:00Z,IT-South,155.22,15
2026-07-06T23:00:00Z,LT,114.87,15
2026-07-06T23:00:00Z,LV,114.87,15
2026-07-06T23:00:00Z,NL,124.10,15
2026-07-06T23:00:00Z,NO1,94.37,15
2026-07-06T23:00:00Z,NO2,106.97,15
2026-07-06T23:00:00Z,NO3,54.00,15
2026-07-06T23:00:00Z,NO4,24.79,15
2026-07-06T23:00:00Z,NO5,86.89,15
2026-07-06T23:00:00Z,PL,112.31,15
2026-07-06T23:00:00Z,PT,141.11,15
2026-07-06T23:00:00Z,RO,148.43,15
2026-07-06T23:00:00Z,RS,140.05,15
2026-07-06T23:00:00Z,SE1,14.32,15
2026-07-06T23:00:00Z,SE2,12.33,15
2026-07-06T23:00:00Z,SE3,66.48,15
2026-07-06T23:00:00Z,SE4,113.68,15
2026-07-06T23:00:00Z,SI,133.26,15
2026-07-06T23:00:00Z,SK,126.01,15
2026-07-06T23:15:00Z,AT,117.45,15
2026-07-06T23:15:00Z,BE,115.15,15
2026-07-06T23:15:00Z,CZ,114.16,15
2026-07-06T23:15:00Z,DE-LU,114.02,15
2026-07-06T23:15:00Z,DK1,108.28,15
2026-07-06T23:15:00Z,DK2,110.98,15
2026-07-06T23:15:00Z,EE,13.52,15
2026-07-06T23:15:00Z,ES,144.61,15
2026-07-06T23:15:00Z,FI,13.53,15
2026-07-06T23:15:00Z,FR,115.39,15
2026-07-06T23:15:00Z,GR,128.60,15
2026-07-06T23:15:00Z,HR,121.72,15
2026-07-06T23:15:00Z,HU,125.15,15
2026-07-06T23:15:00Z,IT-CNorth,155.48,15
2026-07-06T23:15:00Z,IT-CSouth,155.48,15
2026-07-06T23:15:00Z,IT-North,155.48,15
2026-07-06T23:15:00Z,IT-Sardinia,155.48,15
2026-07-06T23:15:00Z,IT-Sicily,155.48,15
2026-07-06T23:15:00Z,IT-South,155.48,15
2026-07-06T23:15:00Z,LT,112.65,15
2026-07-06T23:15:00Z,LV,112.65,15
2026-07-06T23:15:00Z,NL,115.15,15
2026-07-06T23:15:00Z,NO1,92.27,15
2026-07-06T23:15:00Z,NO2,104.52,15
2026-07-06T23:15:00Z,NO3,53.11,15
2026-07-06T23:15:00Z,NO4,23.77,15
2026-07-06T23:15:00Z,NO5,86.75,15
2026-07-06T23:15:00Z,PL,109.94,15
2026-07-06T23:15:00Z,PT,139.61,15
2026-07-06T23:15:00Z,RO,128.80,15
2026-07-06T23:15:00Z,SE1,13.30,15
2026-07-06T23:15:00Z,SE2,11.31,15
2026-07-06T23:15:00Z,SE3,64.81,15
2026-07-06T23:15:00Z,SE4,111.46,15
2026-07-06T23:15:00Z,SI,119.84,15
2026-07-06T23:15:00Z,SK,112.99,15
2026-07-06T23:30:00Z,AT,115.69,15
2026-07-06T23:30:00Z,BE,113.93,15
2026-07-06T23:30:00Z,CZ,113.22,15
2026-07-06T23:30:00Z,DE-LU,112.85,15
2026-07-06T23:30:00Z,DK1,107.06,15
2026-07-06T23:30:00Z,DK2,109.73,15
2026-07-06T23:30:00Z,EE,13.86,15
2026-07-06T23:30:00Z,ES,143.11,15
2026-07-06T23:30:00Z,FI,13.86,15
2026-07-06T23:30:00Z,FR,114.11,15
2026-07-06T23:30:00Z,GR,126.10,15
2026-07-06T23:30:00Z,HR,119.47,15
2026-07-06T23:30:00Z,HU,122.46,15
2026-07-06T23:30:00Z,IT-CNorth,148.82,15
2026-07-06T23:30:00Z,IT-CSouth,148.82,15
2026-07-06T23:30:00Z,IT-North,148.82,15
2026-07-06T23:30:00Z,IT-Sardinia,148.82,15
2026-07-06T23:30:00Z,IT-Sicily,148.82,15
2026-07-06T23:30:00Z,IT-South,148.82,15
2026-07-06T23:30:00Z,LT,111.38,15
2026-07-06T23:30:00Z,LV,111.38,15
2026-07-06T23:30:00Z,NL,113.96,15
2026-07-06T23:30:00Z,NO1,91.28,15
2026-07-06T23:30:00Z,NO2,103.22,15
2026-07-06T23:30:00Z,NO3,53.02,15
2026-07-06T23:30:00Z,NO4,23.98,15
2026-07-06T23:30:00Z,NO5,86.53,15
2026-07-06T23:30:00Z,PL,109.06,15
2026-07-06T23:30:00Z,PT,138.61,15
2026-07-06T23:30:00Z,RO,126.30,15
2026-07-06T23:30:00Z,SE1,13.64,15
2026-07-06T23:30:00Z,SE2,11.67,15
2026-07-06T23:30:00Z,SE3,64.30,15
2026-07-06T23:30:00Z,SE4,110.20,15
2026-07-06T23:30:00Z,SI,117.72,15
2026-07-06T23:30:00Z,SK,108.71,15
2026-07-06T23:45:00Z,AT,112.54,15
2026-07-06T23:45:00Z,BE,110.72,15
2026-07-06T23:45:00Z,CZ,110.20,15
2026-07-06T23:45:00Z,DE-LU,109.99,15
2026-07-06T23:45:00Z,DK1,106.75,15
2026-07-06T23:45:00Z,DK2,109.10,15
2026-07-06T23:45:00Z,EE,14.13,15
2026-07-06T23:45:00Z,ES,137.66,15
2026-07-06T23:45:00Z,FI,14.14,15
2026-07-06T23:45:00Z,FR,110.93,15
2026-07-06T23:45:00Z,GR,122.63,15
2026-07-06T23:45:00Z,HR,116.21,15
2026-07-06T23:45:00Z,HU,119.11,15
2026-07-06T23:45:00Z,IT-CNorth,140.48,15
2026-07-06T23:45:00Z,IT-CSouth,140.48,15
2026-07-06T23:45:00Z,IT-North,140.48,15
2026-07-06T23:45:00Z,IT-Sardinia,140.48,15
2026-07-06T23:45:00Z,IT-Sicily,140.48,15
2026-07-06T23:45:00Z,IT-South,140.48,15
2026-07-06T23:45:00Z,LT,110.73,15
2026-07-06T23:45:00Z,LV,110.73,15
2026-07-06T23:45:00Z,NL,110.67,15
2026-07-06T23:45:00Z,NO1,90.80,15
2026-07-06T23:45:00Z,NO2,102.58,15
2026-07-06T23:45:00Z,NO3,53.03,15
2026-07-06T23:45:00Z,NO4,24.18,15
2026-07-06T23:45:00Z,NO5,86.40,15
2026-07-06T23:45:00Z,PL,106.22,15
2026-07-06T23:45:00Z,PT,138.66,15
2026-07-06T23:45:00Z,RO,122.82,15
2026-07-06T23:45:00Z,SE1,13.91,15
2026-07-06T23:45:00Z,SE2,11.96,15
2026-07-06T23:45:00Z,SE3,64.09,15
2026-07-06T23:45:00Z,SE4,109.56,15
2026-07-06T23:45:00Z,SI,114.52,15
2026-07-06T23:45:00Z,SK,105.86,15
