timestamp_utc,zone,price_eur_mwh,resolution_min
2026-05-23T00:00:00Z,AT,137.88,15
2026-05-23T00:00:00Z,BE,123.43,15
2026-05-23T00:00:00Z,CH,125.68,60
2026-05-23T00:00:00Z,CZ,135.29,15
2026-05-23T00:00:00Z,DE-LU,131.69,15
2026-05-23T00:00:00Z,DK1,131.69,15
2026-05-23T00:00:00Z,DK2,129.28,15
2026-05-23T00:00:00Z,EE,37.16,15
2026-05-23T00:00:00Z,ES,84.50,15
2026-05-23T00:00:00Z,FI,37.12,15
2026-05-23T00:00:00Z,FR,65.56,15
2026-05-23T00:00:00Z,GR,137.26,15
2026-05-23T00:00:00Z,HR,138.21,15
2026-05-23T00:00:00Z,HU,136.96,15
2026-05-23T00:00:00Z,IT-CNorth,138.68,15
2026-05-23T00:00:00Z,IT-CSouth,138.68,15
2026-05-23T00:00:00Z,IT-North,138.68,15
2026-05-23T00:00:00Z,IT-Sardinia,138.68,15
2026-05-23T00:00:00Z,IT-Sicily,138.68,15
2026-05-23T00:00:00Z,IT-South,138.68,15
2026-05-23T00:00:00Z,LT,71.07,15
2026-05-23T00:00:00Z,LV,71.07,15
2026-05-23T00:00:00Z,NL,125.91,15
2026-05-23T00:00:00Z,NO1,111.21,15
2026-05-23T00:00:00Z,NO2,114.04,15
2026-05-23T00:00:00Z,NO3,36.34,15
2026-05-23T00:00:00Z,NO4,14.46,15
2026-05-23T00:00:00Z,NO5,95.40,15
2026-05-23T00:00:00Z,PL,134.77,15
2026-05-23T00:00:00Z,PT,65.56,15
2026-05-23T00:00:00Z,RO,137.26,15
2026-05-23T00:00:00Z,RS,129.78,15
2026-05-23T00:00:00Z,SE1,10.95,15
2026-05-23T00:00:00Z,SE2,9.67,15
2026-05-23T00:00:00Z,SE3,62.47,15
2026-05-23T00:00:00Z,SE4,78.84,15
2026-05-23T00:00:00Z,SI,138.68,15
2026-05-23T00:00:00Z,SK,136.07,15
2026-05-23T00:15:00Z,AT,134.39,15
2026-05-23T00:15:00Z,BE,120.00,15
2026-05-23T00:15:00Z,CZ,131.81,15
2026-05-23T00:15:00Z,DE-LU,128.23,15
2026-05-23T00:15:00Z,DK1,128.23,15
2026-05-23T00:15:00Z,DK2,125.88,15
2026-05-23T00:15:00Z,EE,37.22,15
2026-05-23T00:15:00Z,ES,71.44,15
2026-05-23T00:15:00Z,FI,37.19,15
2026-05-23T00:15:00Z,FR,62.40,15
2026-05-23T00:15:00Z,GR,133.77,15
2026-05-23T00:15:00Z,HR,134.72,15
2026-05-23T00:15:00Z,HU,133.47,15
2026-05-23T00:15:00Z,IT-CNorth,135.48,15
2026-05-23T00:15:00Z,IT-CSouth,135.48,15
2026-05-23T00:15:00Z,IT-North,135.48,15
2026-05-23T00:15:00Z,IT-Sardinia,135.48,15
2026-05-23T00:15:00Z,IT-Sicily,135.48,15
2026-05-23T00:15:00Z,IT-South,135.48,15
2026-05-23T00:15:00Z,LT,71.02,15
2026-05-23T00:15:00Z,LV,71.02,15
2026-05-23T00:15:00Z,NL,122.48,15
2026-05-23T00:15:00Z,NO1,111.02,15
2026-05-23T00:15:00Z,NO2,114.01,15
2026-05-23T00:15:00Z,NO3,36.33,15
2026-05-23T00:15:00Z,NO4,14.58,15
2026-05-23T00:15:00Z,NO5,95.01,15
2026-05-23T00:15:00Z,PL,131.29,15
2026-05-23T00:15:00Z,PT,62.40,15
2026-05-23T00:15:00Z,RO,133.77,15
2026-05-23T00:15:00Z,SE1,11.10,15
2026-05-23T00:15:00Z,SE2,9.83,15
2026-05-23T00:15:00Z,SE3,62.46,15
2026-05-23T00:15:00Z,SE4,78.77,15
2026-05-23T00:15:00Z,SI,135.19,15
2026-05-23T00:15:00Z,SK,132.59,15
2026-05-23T00:30:00Z,AT,126.54,15
2026-05-23T00:30:00Z,BE,113.62,15
2026-05-23T00:30:00Z,CZ,124.22,15
2026-05-23T00:30:00Z,DE-LU,121.01,15
2026-05-23T00:30:00Z,DK1,121.01,15
2026-05-23T00:30:00Z,DK2,118.79,15
2026-05-23T00:30:00Z,EE,37.72,15
2026-05-23T00:30:00Z,ES,70.72,15
2026-05-23T00:30:00Z,FI,37.68,15
2026-05-23T00:30:00Z,FR,61.88,15
2026-05-23T00:30:00Z,GR,125.98,15
2026-05-23T00:30:00Z,HR,126.84,15
2026-05-23T00:30:00Z,HU,125.71,15
2026-05-23T00:30:00Z,IT-CNorth,127.26,15
2026-05-23T00:30:00Z,IT-CSouth,127.26,15
2026-05-23T00:30:00Z,IT-North,127.26,15
2026-05-23T00:30:00Z,IT-Sardinia,127.26,15
2026-05-23T00:30:00Z,IT-Sicily,127.26,15
2026-05-23T00:30:00Z,IT-South,127.26,15
2026-05-23T00:30:00Z,LT,70.76,15
2026-05-23T00:30:00Z,LV,70.76,15
2026-05-23T00:30:00Z,NL,115.84,15
2026-05-23T00:30:00Z,NO1,109.94,15
2026-05-23T00:30:00Z,NO2,111.82,15
2026-05-23T00:30:00Z,NO3,37.37,15
2026-05-23T00:30:00Z,NO4,15.73,15
2026-05-23T00:30:00Z,NO5,95.81,15
2026-05-23T00:30:00Z,PL,123.76,15
2026-05-23T00:30:00Z,PT,61.88,15
2026-05-23T00:30:00Z,RO,125.98,15
2026-05-23T00:30:00Z,SE1,12.21,15
2026-05-23T00:30:00Z,SE2,10.95,15
2026-05-23T00:30:00Z,SE3,62.38,15
2026-05-23T00:30:00Z,SE4,78.32,15
2026-05-23T00:30:00Z,SI,127.26,15
2026-05-23T00:30:00Z,SK,124.92,15
2026-05-23T00:45:00Z,AT,128.92,15
2026-05-23T00:45:00Z,BE,114.02,15
2026-05-23T00:45:00Z,CZ,126.24,15
2026-05-23T00:45:00Z,DE-LU,122.54,15
2026-05-23T00:45:00Z,DK1,122.54,15
2026-05-23T00:45:00Z,DK2,120.29,15
2026-05-23T00:45:00Z,EE,38.67,15
2026-05-23T00:45:00Z,ES,70.24,15
2026-05-23T00:45:00Z,FI,38.63,15
2026-05-23T00:45:00Z,FR,54.39,15
2026-05-23T00:45:00Z,GR,128.27,15
2026-05-23T00:45:00Z,HR,129.26,15
2026-05-23T00:45:00Z,HU,127.96,15
2026-05-23T00:45:00Z,IT-CNorth,136.92,15
2026-05-23T00:45:00Z,IT-CSouth,136.92,15
2026-05-23T00:45:00Z,IT-North,136.92,15
2026-05-23T00:45:00Z,IT-Sardinia,136.92,15
2026-05-23T00:45:00Z,IT-Sicily,136.92,15
2026-05-23T00:45:00Z,IT-South,136.92,15
2026-05-23T00:45:00Z,LT,71.40,15
2026-05-23T00:45:00Z,LV,71.40,15
2026-05-23T00:45:00Z,NL,116.58,15
2026-05-23T00:45:00Z,NO1,110.17,15
2026-05-23T00:45:00Z,NO2,112.52,15
2026-05-23T00:45:00Z,NO3,38.08,15
2026-05-23T00:45:00Z,NO4,16.82,15
2026-05-23T00:45:00Z,NO5,95.48,15
2026-05-23T00:45:00Z,PL,125.71,15
2026-05-23T00:45:00Z,PT,54.39,15
2026-05-23T00:45:00Z,RO,128.27,15
2026-05-23T00:45:00Z,SE1,13.38,15
2026-05-23T00:45:00Z,SE2,12.14,15
2026-05-23T00:45:00Z,SE3,63.10,15
2026-05-23T00:45:00Z,SE4,78.90,15
2026-05-23T00:45:00Z,SI,129.74,15
2026-05-23T00:45:00Z,SK,127.05,15
2026-05-23T01:00:00Z,AT,133.74,15
2026-05-23T01:00:00Z,BE,116.87,15
2026-05-23T01:00:00Z,CH,124.40,60
2026-05-23T01:00:00Z,CZ,130.72,15
2026-05-23T01:00:00Z,DE-LU,126.48,15
2026-05-23T01:00:00Z,DK1,126.48,15
2026-05-23T01:00:00Z,DK2,124.16,15
2026-05-23T01:00:00Z,EE,34.34,15
2026-05-23T01:00:00Z,ES,58.81,15
2026-05-23T01:00:00Z,FI,34.30,15
2026-05-23T01:00:00Z,FR,49.81,15
2026-05-23T01:00:00Z,GR,123.96,15
2026-05-23T01:00:00Z,HR,134.13,15
2026-05-23T01:00:00Z,HU,132.66,15
2026-05-23T01:00:00Z,IT-CNorth,134.68,15
2026-05-23T01:00:00Z,IT-CSouth,134.68,15
2026-05-23T01:00:00Z,IT-North,134.68,15
2026-05-23T01:00:00Z,IT-Sardinia,134.68,15
2026-05-23T01:00:00Z,IT-Sicily,134.68,15
2026-05-23T01:00:00Z,IT-South,134.68,15
2026-05-23T01:00:00Z,LT,69.34,15
2026-05-23T01:00:00Z,LV,69.34,15
2026-05-23T01:00:00Z,NL,119.77,15
2026-05-23T01:00:00Z,NO1,110.82,15
2026-05-23T01:00:00Z,NO2,112.95,15
2026-05-23T01:00:00Z,NO3,33.98,15
2026-05-23T01:00:00Z,NO4,11.03,15
2026-05-23T01:00:00Z,NO5,95.71,15
2026-05-23T01:00:00Z,PL,130.10,15
2026-05-23T01:00:00Z,PT,49.81,15
2026-05-23T01:00:00Z,RO,133.01,15
2026-05-23T01:00:00Z,RS,126.77,15
2026-05-23T01:00:00Z,SE1,7.31,15
2026-05-23T01:00:00Z,SE2,5.93,15
2026-05-23T01:00:00Z,SE3,60.46,15
2026-05-23T01:00:00Z,SE4,77.35,15
2026-05-23T01:00:00Z,SI,134.68,15
2026-05-23T01:00:00Z,SK,131.65,15
2026-05-23T01:15:00Z,AT,134.10,15
2026-05-23T01:15:00Z,BE,116.38,15
2026-05-23T01:15:00Z,CZ,130.93,15
2026-05-23T01:15:00Z,DE-LU,126.47,15
2026-05-23T01:15:00Z,DK1,119.42,15
2026-05-23T01:15:00Z,DK2,117.23,15
2026-05-23T01:15:00Z,EE,37.20,15
2026-05-23T01:15:00Z,ES,67.54,15
2026-05-23T01:15:00Z,FI,37.17,15
2026-05-23T01:15:00Z,FR,45.98,15
2026-05-23T01:15:00Z,GR,133.33,15
2026-05-23T01:15:00Z,HR,134.51,15
2026-05-23T01:15:00Z,HU,132.97,15
2026-05-23T01:15:00Z,IT-CNorth,135.08,15
2026-05-23T01:15:00Z,IT-CSouth,135.08,15
2026-05-23T01:15:00Z,IT-North,135.08,15
2026-05-23T01:15:00Z,IT-Sardinia,135.08,15
2026-05-23T01:15:00Z,IT-Sicily,135.08,15
2026-05-23T01:15:00Z,IT-South,135.08,15
2026-05-23T01:15:00Z,LT,70.49,15
2026-05-23T01:15:00Z,LV,70.49,15
2026-05-23T01:15:00Z,NL,119.42,15
2026-05-23T01:15:00Z,NO1,109.95,15
2026-05-23T01:15:00Z,NO2,111.89,15
2026-05-23T01:15:00Z,NO3,36.91,15
2026-05-23T01:15:00Z,NO4,15.05,15
2026-05-23T01:15:00Z,NO5,95.70,15
2026-05-23T01:15:00Z,PL,130.28,15
2026-05-23T01:15:00Z,PT,45.98,15
2026-05-23T01:15:00Z,RO,133.33,15
2026-05-23T01:15:00Z,SE1,11.50,15
2026-05-23T01:15:00Z,SE2,10.19,15
2026-05-23T01:15:00Z,SE3,62.04,15
2026-05-23T01:15:00Z,SE4,78.11,15
2026-05-23T01:15:00Z,SI,135.08,15
2026-05-23T01:15:00Z,SK,131.90,15
2026-05-23T01:30:00Z,AT,134.08,15
2026-05-23T01:30:00Z,BE,116.36,15
2026-05-23T01:30:00Z,CZ,130.91,15
2026-05-23T01:30:00Z,DE-LU,126.45,15
2026-05-23T01:30:00Z,DK1,119.40,15
2026-05-23T01:30:00Z,DK2,117.21,15
2026-05-23T01:30:00Z,EE,39.48,15
2026-05-23T01:30:00Z,ES,68.97,15
2026-05-23T01:30:00Z,FI,39.45,15
2026-05-23T01:30:00Z,GR,133.30,15
2026-05-23T01:30:00Z,HR,134.48,15
2026-05-23T01:30:00Z,HU,132.94,15
2026-05-23T01:30:00Z,IT-CNorth,135.06,15
2026-05-23T01:30:00Z,IT-CSouth,135.06,15
2026-05-23T01:30:00Z,IT-North,135.06,15
2026-05-23T01:30:00Z,IT-Sardinia,135.06,15
2026-05-23T01:30:00Z,IT-Sicily,135.06,15
2026-05-23T01:30:00Z,IT-South,135.06,15
2026-05-23T01:30:00Z,LT,71.60,15
2026-05-23T01:30:00Z,LV,71.60,15
2026-05-23T01:30:00Z,NL,119.40,15
2026-05-23T01:30:00Z,NO1,109.64,15
2026-05-23T01:30:00Z,NO2,111.86,15
2026-05-23T01:30:00Z,NO3,39.02,15
2026-05-23T01:30:00Z,NO4,18.07,15
2026-05-23T01:30:00Z,NO5,95.37,15
2026-05-23T01:30:00Z,PL,130.25,15
2026-05-23T01:30:00Z,RO,133.30,15
2026-05-23T01:30:00Z,SE1,14.68,15
2026-05-23T01:30:00Z,SE2,13.42,15
2026-05-23T01:30:00Z,SE3,63.45,15
2026-05-23T01:30:00Z,SE4,78.95,15
2026-05-23T01:30:00Z,SI,135.06,15
2026-05-23T01:30:00Z,SK,131.87,15
2026-05-23T01:45:00Z,AT,129.30,15
2026-05-23T01:45:00Z,BE,112.50,15
2026-05-23T01:45:00Z,CZ,126.30,15
2026-05-23T01:45:00Z,DE-LU,122.07,15
2026-05-23T01:45:00Z,DK1,115.39,15
2026-05-23T01:45:00Z,DK2,113.27,15
2026-05-23T01:45:00Z,EE,39.98,15
2026-05-23T01:45:00Z,ES,67.62,15
2026-05-23T01:45:00Z,FI,39.94,15
2026-05-23T01:45:00Z,FR,45.73,15
2026-05-23T01:45:00Z,GR,128.57,15
2026-05-23T01:45:00Z,HR,129.69,15
2026-05-23T01:45:00Z,HU,128.23,15
2026-05-23T01:45:00Z,IT-CNorth,130.24,15
2026-05-23T01:45:00Z,IT-CSouth,130.24,15
2026-05-23T01:45:00Z,IT-North,130.24,15
2026-05-23T01:45:00Z,IT-Sardinia,130.24,15
2026-05-23T01:45:00Z,IT-Sicily,130.24,15
2026-05-23T01:45:00Z,IT-South,130.24,15
2026-05-23T01:45:00Z,LT,71.68,15
2026-05-23T01:45:00Z,LV,71.68,15
2026-05-23T01:45:00Z,NL,115.39,15
2026-05-23T01:45:00Z,NO1,109.23,15
2026-05-23T01:45:00Z,NO2,111.40,15
2026-05-23T01:45:00Z,NO3,39.54,15
2026-05-23T01:45:00Z,NO4,18.84,15
2026-05-23T01:45:00Z,NO5,95.20,15
2026-05-23T01:45:00Z,PL,125.68,15
2026-05-23T01:45:00Z,PT,45.73,15
2026-05-23T01:45:00Z,RO,128.57,15
2026-05-23T01:45:00Z,SE1,15.49,15
2026-05-23T01:45:00Z,SE2,14.24,15
2026-05-23T01:45:00Z,SE3,63.63,15
2026-05-23T01:45:00Z,SE4,78.94,15
2026-05-23T01:45:00Z,SI,130.24,15
2026-05-23T01:45:00Z,SK,127.21,15
2026-05-23T02:00:00Z,AT,128.49,15
2026-05-23T02:00:00Z,BE,112.68,15
2026-05-23T02:00:00Z,CH,122.47,60
2026-05-23T02:00:00Z,CZ,125.66,15
2026-05-23T02:00:00Z,DE-LU,121.72,15
2026-05-23T02:00:00Z,DK1,115.40,15
2026-05-23T02:00:00Z,DK2,113.28,15
2026-05-23T02:00:00Z,EE,38.57,15
2026-05-23T02:00:00Z,ES,70.00,15
2026-05-23T02:00:00Z,FI,38.54,15
2026-05-23T02:00:00Z,FR,50.00,15
2026-05-23T02:00:00Z,GR,127.81,15
2026-05-23T02:00:00Z,HR,128.83,15
2026-05-23T02:00:00Z,HU,127.49,15
2026-05-23T02:00:00Z,IT-CNorth,143.61,15
2026-05-23T02:00:00Z,IT-CSouth,143.61,15
2026-05-23T02:00:00Z,IT-North,143.61,15
2026-05-23T02:00:00Z,IT-Sardinia,143.61,15
2026-05-23T02:00:00Z,IT-Sicily,143.61,15
2026-05-23T02:00:00Z,IT-South,143.61,15
2026-05-23T02:00:00Z,LT,70.98,15
2026-05-23T02:00:00Z,LV,70.98,15
2026-05-23T02:00:00Z,NL,115.40,15
2026-05-23T02:00:00Z,NO1,109.37,15
2026-05-23T02:00:00Z,NO2,111.42,15
2026-05-23T02:00:00Z,NO3,38.34,15
2026-05-23T02:00:00Z,NO4,16.98,15
2026-05-23T02:00:00Z,NO5,95.33,15
2026-05-23T02:00:00Z,PL,125.08,15
2026-05-23T02:00:00Z,PT,50.00,15
2026-05-23T02:00:00Z,RO,127.81,15
2026-05-23T02:00:00Z,RS,127.45,15
2026-05-23T02:00:00Z,SE1,13.55,15
2026-05-23T02:00:00Z,SE2,12.05,15
2026-05-23T02:00:00Z,SE3,62.72,15
2026-05-23T02:00:00Z,SE4,78.49,15
2026-05-23T02:00:00Z,SI,129.35,15
2026-05-23T02:00:00Z,SK,126.51,15
2026-05-23T02:15:00Z,AT,126.47,15
2026-05-23T02:15:00Z,BE,111.07,15
2026-05-23T02:15:00Z,CZ,123.71,15
2026-05-23T02:15:00Z,DE-LU,119.87,15
2026-05-23T02:15:00Z,DK1,113.72,15
2026-05-23T02:15:00Z,DK2,111.63,15
2026-05-23T02:15:00Z,EE,39.36,15
2026-05-23T02:15:00Z,ES,53.20,15
2026-05-23T02:15:00Z,FI,39.33,15
2026-05-23T02:15:00Z,GR,125.82,15
2026-05-23T02:15:00Z,HR,126.81,15
2026-05-23T02:15:00Z,HU,125.50,15
2026-05-23T02:15:00Z,IT-CNorth,138.73,15
2026-05-23T02:15:00Z,IT-CSouth,138.73,15
2026-05-23T02:15:00Z,IT-North,138.73,15
2026-05-23T02:15:00Z,IT-Sardinia,138.73,15
2026-05-23T02:15:00Z,IT-Sicily,138.73,15
2026-05-23T02:15:00Z,IT-South,138.73,15
2026-05-23T02:15:00Z,LT,71.02,15
2026-05-23T02:15:00Z,LV,71.02,15
2026-05-23T02:15:00Z,NL,113.72,15
2026-05-23T02:15:00Z,NO1,108.57,15
2026-05-23T02:15:00Z,NO2,109.82,15
2026-05-23T02:15:00Z,NO3,39.51,15
2026-05-23T02:15:00Z,NO4,18.37,15
2026-05-23T02:15:00Z,NO5,95.95,15
2026-05-23T02:15:00Z,PL,123.15,15
2026-05-23T02:15:00Z,RO,125.82,15
2026-05-23T02:15:00Z,SE1,14.95,15
2026-05-23T02:15:00Z,SE2,13.47,15
2026-05-23T02:15:00Z,SE3,62.95,15
2026-05-23T02:15:00Z,SE4,78.35,15
2026-05-23T02:15:00Z,SI,127.31,15
2026-05-23T02:15:00Z,SK,124.54,15
2026-05-23T02:30:00Z,AT,128.19,15
2026-05-23T02:30:00Z,BE,112.44,15
2026-05-23T02:30:00Z,CZ,125.37,15
2026-05-23T02:30:00Z,DE-LU,121.44,15
2026-05-23T02:30:00Z,DK1,115.15,15
2026-05-23T02:30:00Z,DK2,113.03,15
2026-05-23T02:30:00Z,EE,40.01,15
2026-05-23T02:30:00Z,ES,54.81,15
2026-05-23T02:30:00Z,FI,39.98,15
2026-05-23T02:30:00Z,GR,127.52,15
2026-05-23T02:30:00Z,HR,128.53,15
2026-05-23T02:30:00Z,HU,127.19,15
2026-05-23T02:30:00Z,IT-CNorth,138.37,15
2026-05-23T02:30:00Z,IT-CSouth,138.37,15
2026-05-23T02:30:00Z,IT-North,138.37,15
2026-05-23T02:30:00Z,IT-Sardinia,138.37,15
2026-05-23T02:30:00Z,IT-Sicily,138.37,15
2026-05-23T02:30:00Z,IT-South,138.37,15
2026-05-23T02:30:00Z,LT,71.59,15
2026-05-23T02:30:00Z,LV,71.59,15
2026-05-23T02:30:00Z,NL,115.15,15
2026-05-23T02:30:00Z,NO1,108.97,15
2026-05-23T02:30:00Z,NO2,111.17,15
2026-05-23T02:30:00Z,NO3,39.68,15
2026-05-23T02:30:00Z,NO4,18.95,15
2026-05-23T02:30:00Z,NO5,94.99,15
2026-05-23T02:30:00Z,PL,124.79,15
2026-05-23T02:30:00Z,RO,127.52,15
2026-05-23T02:30:00Z,SE1,15.63,15
2026-05-23T02:30:00Z,SE2,14.18,15
2026-05-23T02:30:00Z,SE3,63.54,15
2026-05-23T02:30:00Z,SE4,78.91,15
2026-05-23T02:30:00Z,SI,129.05,15
2026-05-23T02:30:00Z,SK,126.22,15
2026-05-23T02:45:00Z,AT,130.87,15
2026-05-23T02:45:00Z,BE,114.59,15
2026-05-23T02:45:00Z,CZ,127.96,15
2026-05-23T02:45:00Z,DE-LU,123.90,15
2026-05-23T02:45:00Z,DK1,117.39,15
2026-05-23T02:45:00Z,DK2,115.23,15
2026-05-23T02:45:00Z,EE,40.57,15
2026-05-23T02:45:00Z,ES,55.00,15
2026-05-23T02:45:00Z,FI,40.54,15
2026-05-23T02:45:00Z,GR,130.18,15
2026-05-23T02:45:00Z,HR,131.23,15
2026-05-23T02:45:00Z,HU,129.85,15
2026-05-23T02:45:00Z,IT-CNorth,139.21,15
2026-05-23T02:45:00Z,IT-CSouth,139.21,15
2026-05-23T02:45:00Z,IT-North,139.21,15
2026-05-23T02:45:00Z,IT-Sardinia,139.21,15
2026-05-23T02:45:00Z,IT-Sicily,139.21,15
2026-05-23T02:45:00Z,IT-South,139.21,15
2026-05-23T02:45:00Z,LT,71.90,15
2026-05-23T02:45:00Z,LV,71.90,15
2026-05-23T02:45:00Z,NL,117.39,15
2026-05-23T02:45:00Z,NO2,111.44,15
2026-05-23T02:45:00Z,NO3,40.10,15
2026-05-23T02:45:00Z,NO4,19.63,15
2026-05-23T02:45:00Z,NO5,94.69,15
2026-05-23T02:45:00Z,PL,127.36,15
2026-05-23T02:45:00Z,RO,130.18,15
2026-05-23T02:45:00Z,SE1,16.37,15
2026-05-23T02:45:00Z,SE2,14.93,15
2026-05-23T02:45:00Z,SE3,63.92,15
2026-05-23T02:45:00Z,SE4,79.17,15
2026-05-23T02:45:00Z,SI,131.76,15
2026-05-23T02:45:00Z,SK,128.84,15
2026-05-23T03:00:00Z,AT,134.17,15
2026-05-23T03:00:00Z,BE,116.49,15
2026-05-23T03:00:00Z,CH,122.71,60
2026-05-23T03:00:00Z,CZ,131.01,15
2026-05-23T03:00:00Z,DE-LU,126.47,15
2026-05-23T03:00:00Z,DK1,119.50,15
2026-05-23T03:00:00Z,DK2,117.31,15
2026-05-23T03:00:00Z,EE,72.01,15
2026-05-23T03:00:00Z,ES,65.70,15
2026-05-23T03:00:00Z,FI,40.84,15
2026-05-23T03:00:00Z,FR,45.98,15
2026-05-23T03:00:00Z,GR,133.42,15
2026-05-23T03:00:00Z,HR,134.76,15
2026-05-23T03:00:00Z,HU,133.06,15
2026-05-23T03:00:00Z,IT-CNorth,150.31,15
2026-05-23T03:00:00Z,IT-CSouth,150.31,15
2026-05-23T03:00:00Z,IT-North,150.31,15
2026-05-23T03:00:00Z,IT-Sardinia,150.31,15
2026-05-23T03:00:00Z,IT-Sicily,150.31,15
2026-05-23T03:00:00Z,IT-South,150.31,15
2026-05-23T03:00:00Z,LT,72.01,15
2026-05-23T03:00:00Z,LV,72.01,15
2026-05-23T03:00:00Z,NL,119.50,15
2026-05-23T03:00:00Z,NO1,108.94,15
2026-05-23T03:00:00Z,NO2,110.07,15
2026-05-23T03:00:00Z,NO3,41.30,15
2026-05-23T03:00:00Z,NO4,20.23,15
2026-05-23T03:00:00Z,NO5,96.98,15
2026-05-23T03:00:00Z,PL,130.36,15
2026-05-23T03:00:00Z,PT,45.98,15
2026-05-23T03:00:00Z,RO,133.42,15
2026-05-23T03:00:00Z,RS,126.55,15
2026-05-23T03:00:00Z,SE1,16.84,15
2026-05-23T03:00:00Z,SE2,15.68,15
2026-05-23T03:00:00Z,SE3,63.57,15
2026-05-23T03:00:00Z,SE4,79.35,15
2026-05-23T03:00:00Z,SI,135.14,15
2026-05-23T03:00:00Z,SK,131.95,15
2026-05-23T03:15:00Z,AT,128.81,15
2026-05-23T03:15:00Z,BE,112.25,15
2026-05-23T03:15:00Z,CZ,125.85,15
2026-05-23T03:15:00Z,DE-LU,121.60,15
2026-05-23T03:15:00Z,DK1,115.06,15
2026-05-23T03:15:00Z,DK2,112.95,15
2026-05-23T03:15:00Z,EE,72.07,15
2026-05-23T03:15:00Z,ES,70.00,15
2026-05-23T03:15:00Z,FI,40.98,15
2026-05-23T03:15:00Z,FR,46.19,15
2026-05-23T03:15:00Z,GR,128.10,15
2026-05-23T03:15:00Z,HR,129.36,15
2026-05-23T03:15:00Z,HU,127.77,15
2026-05-23T03:15:00Z,IT-CNorth,140.00,15
2026-05-23T03:15:00Z,IT-CSouth,140.00,15
2026-05-23T03:15:00Z,IT-North,140.00,15
2026-05-23T03:15:00Z,IT-Sardinia,140.00,15
2026-05-23T03:15:00Z,IT-Sicily,140.00,15
2026-05-23T03:15:00Z,IT-South,140.00,15
2026-05-23T03:15:00Z,LT,72.07,15
2026-05-23T03:15:00Z,LV,72.07,15
2026-05-23T03:15:00Z,NL,115.06,15
2026-05-23T03:15:00Z,NO1,108.90,15
2026-05-23T03:15:00Z,NO2,109.97,15
2026-05-23T03:15:00Z,NO3,41.47,15
2026-05-23T03:15:00Z,NO4,20.44,15
2026-05-23T03:15:00Z,NO5,97.05,15
2026-05-23T03:15:00Z,PL,125.24,15
2026-05-23T03:15:00Z,PT,46.19,15
2026-05-23T03:15:00Z,RO,128.10,15
2026-05-23T03:15:00Z,SE1,17.05,15
2026-05-23T03:15:00Z,SE2,15.89,15
2026-05-23T03:15:00Z,SE3,63.65,15
2026-05-23T03:15:00Z,SE4,79.39,15
2026-05-23T03:15:00Z,SI,129.72,15
2026-05-23T03:15:00Z,SK,126.73,15
2026-05-23T03:30:00Z,AT,124.93,15
2026-05-23T03:30:00Z,BE,108.86,15
2026-05-23T03:30:00Z,CZ,122.05,15
2026-05-23T03:30:00Z,DE-LU,117.93,15
2026-05-23T03:30:00Z,DK1,111.59,15
2026-05-23T03:30:00Z,DK2,109.55,15
2026-05-23T03:30:00Z,EE,40.87,15
2026-05-23T03:30:00Z,ES,64.78,15
2026-05-23T03:30:00Z,FI,40.83,15
2026-05-23T03:30:00Z,FR,44.78,15
2026-05-23T03:30:00Z,GR,124.24,15
2026-05-23T03:30:00Z,HR,125.47,15
2026-05-23T03:30:00Z,HU,123.92,15
2026-05-23T03:30:00Z,IT-CNorth,125.81,15
2026-05-23T03:30:00Z,IT-CSouth,125.81,15
2026-05-23T03:30:00Z,IT-North,125.81,15
2026-05-23T03:30:00Z,IT-Sardinia,125.81,15
2026-05-23T03:30:00Z,IT-Sicily,125.81,15
2026-05-23T03:30:00Z,IT-South,125.81,15
2026-05-23T03:30:00Z,LT,71.32,15
2026-05-23T03:30:00Z,LV,71.32,15
2026-05-23T03:30:00Z,NL,111.59,15
2026-05-23T03:30:00Z,NO1,107.49,15
2026-05-23T03:30:00Z,NO2,107.93,15
2026-05-23T03:30:00Z,NO3,41.62,15
2026-05-23T03:30:00Z,NO4,20.77,15
2026-05-23T03:30:00Z,NO5,96.73,15
2026-05-23T03:30:00Z,PL,121.47,15
2026-05-23T03:30:00Z,PT,44.78,15
2026-05-23T03:30:00Z,RO,124.24,15
2026-05-23T03:30:00Z,SE1,17.39,15
2026-05-23T03:30:00Z,SE2,16.23,15
2026-05-23T03:30:00Z,SE3,63.06,15
2026-05-23T03:30:00Z,SE4,78.49,15
2026-05-23T03:30:00Z,SI,125.81,15
2026-05-23T03:30:00Z,SK,122.92,15
2026-05-23T03:45:00Z,AT,117.29,15
2026-05-23T03:45:00Z,BE,102.94,15
2026-05-23T03:45:00Z,CZ,114.73,15
2026-05-23T03:45:00Z,DE-LU,111.04,15
2026-05-23T03:45:00Z,DK1,105.39,15
2026-05-23T03:45:00Z,DK2,103.45,15
2026-05-23T03:45:00Z,EE,40.79,15
2026-05-23T03:45:00Z,ES,62.20,15
2026-05-23T03:45:00Z,FI,40.76,15
2026-05-23T03:45:00Z,FR,45.73,15
2026-05-23T03:45:00Z,GR,116.68,15
2026-05-23T03:45:00Z,HR,117.77,15
2026-05-23T03:45:00Z,HU,116.39,15
2026-05-23T03:45:00Z,IT-CNorth,119.76,15
2026-05-23T03:45:00Z,IT-CSouth,119.76,15
2026-05-23T03:45:00Z,IT-North,119.76,15
2026-05-23T03:45:00Z,IT-Sardinia,119.76,15
2026-05-23T03:45:00Z,IT-Sicily,119.76,15
2026-05-23T03:45:00Z,IT-South,119.76,15
2026-05-23T03:45:00Z,LT,71.23,15
2026-05-23T03:45:00Z,LV,71.23,15
2026-05-23T03:45:00Z,NL,105.39,15
2026-05-23T03:45:00Z,NO1,107.43,15
2026-05-23T03:45:00Z,NO2,107.46,15
2026-05-23T03:45:00Z,NO3,41.74,15
2026-05-23T03:45:00Z,NO4,20.75,15
2026-05-23T03:45:00Z,NO5,97.25,15
2026-05-23T03:45:00Z,PL,114.20,15
2026-05-23T03:45:00Z,PT,45.73,15
2026-05-23T03:45:00Z,RO,116.68,15
2026-05-23T03:45:00Z,SE1,17.33,15
2026-05-23T03:45:00Z,SE2,16.17,15
2026-05-23T03:45:00Z,SE3,62.98,15
2026-05-23T03:45:00Z,SE4,78.40,15
2026-05-23T03:45:00Z,SI,118.08,15
2026-05-23T03:45:00Z,SK,115.49,15
2026-05-23T04:00:00Z,AT,138.33,15
2026-05-23T04:00:00Z,BE,119.85,15
2026-05-23T04:00:00Z,CH,114.49,60
2026-05-23T04:00:00Z,CZ,135.04,15
2026-05-23T04:00:00Z,DE-LU,130.30,15
2026-05-23T04:00:00Z,DK1,123.00,15
2026-05-23T04:00:00Z,DK2,120.75,15
2026-05-23T04:00:00Z,EE,41.40,15
2026-05-23T04:00:00Z,ES,70.00,15
2026-05-23T04:00:00Z,FI,41.36,15
2026-05-23T04:00:00Z,FR,46.19,15
2026-05-23T04:00:00Z,GR,101.00,15
2026-05-23T04:00:00Z,HR,138.99,15
2026-05-23T04:00:00Z,HU,137.16,15
2026-05-23T04:00:00Z,IT-CNorth,139.34,15
2026-05-23T04:00:00Z,IT-CSouth,139.34,15
2026-05-23T04:00:00Z,IT-North,139.34,15
2026-05-23T04:00:00Z,IT-Sardinia,139.34,15
2026-05-23T04:00:00Z,IT-Sicily,139.34,15
2026-05-23T04:00:00Z,IT-South,139.34,15
2026-05-23T04:00:00Z,LT,72.74,15
2026-05-23T04:00:00Z,LV,72.74,15
2026-05-23T04:00:00Z,NL,123.00,15
2026-05-23T04:00:00Z,NO1,109.89,15
2026-05-23T04:00:00Z,NO2,110.94,15
2026-05-23T04:00:00Z,NO3,41.87,15
2026-05-23T04:00:00Z,NO4,20.63,15
2026-05-23T04:00:00Z,NO5,97.68,15
2026-05-23T04:00:00Z,PL,134.37,15
2026-05-23T04:00:00Z,PT,46.19,15
2026-05-23T04:00:00Z,RO,137.54,15
2026-05-23T04:00:00Z,RS,120.94,15
2026-05-23T04:00:00Z,SE1,17.25,15
2026-05-23T04:00:00Z,SE2,16.15,15
2026-05-23T04:00:00Z,SE3,64.20,15
2026-05-23T04:00:00Z,SE4,79.88,15
2026-05-23T04:00:00Z,SI,139.34,15
2026-05-23T04:00:00Z,SK,136.06,15
2026-05-23T04:15:00Z,AT,129.44,15
2026-05-23T04:15:00Z,BE,112.10,15
2026-05-23T04:15:00Z,CZ,126.35,15
2026-05-23T04:15:00Z,DE-LU,121.91,15
2026-05-23T04:15:00Z,DK1,115.06,15
2026-05-23T04:15:00Z,DK2,112.95,15
2026-05-23T04:15:00Z,EE,41.06,15
2026-05-23T04:15:00Z,ES,72.04,15
2026-05-23T04:15:00Z,FI,41.03,15
2026-05-23T04:15:00Z,FR,43.00,15
2026-05-23T04:15:00Z,GR,105.78,15
2026-05-23T04:15:00Z,HR,130.06,15
2026-05-23T04:15:00Z,HU,128.34,15
2026-05-23T04:15:00Z,IT-CNorth,132.93,15
2026-05-23T04:15:00Z,IT-CSouth,132.93,15
2026-05-23T04:15:00Z,IT-North,132.93,15
2026-05-23T04:15:00Z,IT-Sardinia,132.93,15
2026-05-23T04:15:00Z,IT-Sicily,132.93,15
2026-05-23T04:15:00Z,IT-South,132.93,15
2026-05-23T04:15:00Z,LT,72.06,15
2026-05-23T04:15:00Z,LV,72.06,15
2026-05-23T04:15:00Z,NL,115.06,15
2026-05-23T04:15:00Z,NO1,108.90,15
2026-05-23T04:15:00Z,NO2,109.01,15
2026-05-23T04:15:00Z,NO3,42.00,15
2026-05-23T04:15:00Z,NO4,20.65,15
2026-05-23T04:15:00Z,NO5,98.19,15
2026-05-23T04:15:00Z,PL,125.72,15
2026-05-23T04:15:00Z,RO,128.70,15
2026-05-23T04:15:00Z,SE1,17.21,15
2026-05-23T04:15:00Z,SE2,16.10,15
2026-05-23T04:15:00Z,SE3,63.62,15
2026-05-23T04:15:00Z,SE4,79.13,15
2026-05-23T04:15:00Z,SI,130.39,15
2026-05-23T04:15:00Z,SK,127.31,15
2026-05-23T04:30:00Z,AT,113.16,15
2026-05-23T04:30:00Z,BE,115.81,15
2026-05-23T04:30:00Z,CZ,111.76,15
2026-05-23T04:30:00Z,DE-LU,109.98,15
2026-05-23T04:30:00Z,DK1,109.00,15
2026-05-23T04:30:00Z,DK2,107.00,15
2026-05-23T04:30:00Z,EE,40.80,15
2026-05-23T04:30:00Z,ES,82.56,15
2026-05-23T04:30:00Z,FI,40.77,15
2026-05-23T04:30:00Z,FR,46.40,15
2026-05-23T04:30:00Z,GR,101.00,15
2026-05-23T04:30:00Z,HR,113.58,15
2026-05-23T04:30:00Z,HU,112.73,15
2026-05-23T04:30:00Z,IT-CNorth,120.96,15
2026-05-23T04:30:00Z,IT-CSouth,120.96,15
2026-05-23T04:30:00Z,IT-North,120.96,15
2026-05-23T04:30:00Z,IT-Sardinia,120.96,15
2026-05-23T04:30:00Z,IT-Sicily,120.96,15
2026-05-23T04:30:00Z,IT-South,120.96,15
2026-05-23T04:30:00Z,LT,71.01,15
2026-05-23T04:30:00Z,LV,71.01,15
2026-05-23T04:30:00Z,NL,109.00,15
2026-05-23T04:30:00Z,NO1,106.96,15
2026-05-23T04:30:00Z,NO2,106.45,15
2026-05-23T04:30:00Z,NO3,42.02,15
2026-05-23T04:30:00Z,NO4,20.99,15
2026-05-23T04:30:00Z,NO5,97.44,15
2026-05-23T04:30:00Z,PL,111.54,15
2026-05-23T04:30:00Z,PT,46.40,15
2026-05-23T04:30:00Z,RO,112.91,15
2026-05-23T04:30:00Z,SE1,17.58,15
2026-05-23T04:30:00Z,SE2,16.48,15
2026-05-23T04:30:00Z,SE3,62.79,15
2026-05-23T04:30:00Z,SE4,77.89,15
2026-05-23T04:30:00Z,SI,113.73,15
2026-05-23T04:30:00Z,SK,112.24,15
2026-05-23T04:45:00Z,AT,105.61,15
2026-05-23T04:45:00Z,BE,110.91,15
2026-05-23T04:45:00Z,CZ,104.55,15
2026-05-23T04:45:00Z,DE-LU,103.28,15
2026-05-23T04:45:00Z,DK1,103.20,15
2026-05-23T04:45:00Z,DK2,101.31,15
2026-05-23T04:45:00Z,EE,41.19,15
2026-05-23T04:45:00Z,ES,71.40,15
2026-05-23T04:45:00Z,FI,41.17,15
2026-05-23T04:45:00Z,GR,52.50,15
2026-05-23T04:45:00Z,HR,105.97,15
2026-05-23T04:45:00Z,HU,105.31,15
2026-05-23T04:45:00Z,IT-CNorth,127.17,15
2026-05-23T04:45:00Z,IT-CSouth,127.17,15
2026-05-23T04:45:00Z,IT-North,127.17,15
2026-05-23T04:45:00Z,IT-Sardinia,127.17,15
2026-05-23T04:45:00Z,IT-Sicily,127.17,15
2026-05-23T04:45:00Z,IT-South,127.17,15
2026-05-23T04:45:00Z,LT,68.24,15
2026-05-23T04:45:00Z,LV,41.19,15
2026-05-23T04:45:00Z,NL,103.20,15
2026-05-23T04:45:00Z,NO1,100.43,15
2026-05-23T04:45:00Z,NO2,99.97,15
2026-05-23T04:45:00Z,NO3,42.28,15
2026-05-23T04:45:00Z,NO4,23.45,15
2026-05-23T04:45:00Z,NO5,91.90,15
2026-05-23T04:45:00Z,PL,104.40,15
2026-05-23T04:45:00Z,RO,105.45,15
2026-05-23T04:45:00Z,SE1,20.40,15
2026-05-23T04:45:00Z,SE2,19.42,15
2026-05-23T04:45:00Z,SE3,60.88,15
2026-05-23T04:45:00Z,SE4,74.40,15
2026-05-23T04:45:00Z,SI,106.09,15
2026-05-23T04:45:00Z,SK,104.94,15
2026-05-23T05:00:00Z,AT,136.64,15
2026-05-23T05:00:00Z,BE,133.02,15
2026-05-23T05:00:00Z,CH,91.58,60
2026-05-23T05:00:00Z,CZ,134.56,15
2026-05-23T05:00:00Z,DE-LU,131.84,15
2026-05-23T05:00:00Z,DK1,129.01,15
2026-05-23T05:00:00Z,DK2,126.65,15
2026-05-23T05:00:00Z,EE,47.38,15
2026-05-23T05:00:00Z,ES,101.88,15
2026-05-23T05:00:00Z,FI,47.36,15
2026-05-23T05:00:00Z,FR,61.88,15
2026-05-23T05:00:00Z,GR,105.89,15
2026-05-23T05:00:00Z,HR,137.02,15
2026-05-23T05:00:00Z,HU,135.88,15
2026-05-23T05:00:00Z,IT-CNorth,140.00,15
2026-05-23T05:00:00Z,IT-CSouth,140.00,15
2026-05-23T05:00:00Z,IT-North,140.00,15
2026-05-23T05:00:00Z,IT-Sardinia,140.00,15
2026-05-23T05:00:00Z,IT-Sicily,140.00,15
2026-05-23T05:00:00Z,IT-South,140.00,15
2026-05-23T05:00:00Z,LT,73.31,15
2026-05-23T05:00:00Z,LV,73.31,15
2026-05-23T05:00:00Z,NL,129.01,15
2026-05-23T05:00:00Z,NO1,104.18,15
2026-05-23T05:00:00Z,NO2,103.84,15
2026-05-23T05:00:00Z,NO3,48.36,15
2026-05-23T05:00:00Z,NO4,30.38,15
2026-05-23T05:00:00Z,NO5,95.89,15
2026-05-23T05:00:00Z,PL,134.20,15
2026-05-23T05:00:00Z,PT,61.88,15
2026-05-23T05:00:00Z,RO,136.13,15
2026-05-23T05:00:00Z,RS,106.47,15
2026-05-23T05:00:00Z,SE1,27.43,15
2026-05-23T05:00:00Z,SE2,26.34,15
2026-05-23T05:00:00Z,SE3,66.30,15
2026-05-23T05:00:00Z,SE4,79.34,15
2026-05-23T05:00:00Z,SI,137.23,15
2026-05-23T05:00:00Z,SK,135.22,15
2026-05-23T05:15:00Z,AT,107.12,15
2026-05-23T05:15:00Z,BE,107.45,15
2026-05-23T05:15:00Z,CZ,105.72,15
2026-05-23T05:15:00Z,DE-LU,103.94,15
2026-05-23T05:15:00Z,DK1,102.58,15
2026-05-23T05:15:00Z,DK2,100.70,15
2026-05-23T05:15:00Z,EE,47.31,15
2026-05-23T05:15:00Z,ES,79.49,15
2026-05-23T05:15:00Z,FI,47.28,15
2026-05-23T05:15:00Z,FR,49.26,15
2026-05-23T05:15:00Z,GR,106.80,15
2026-05-23T05:15:00Z,HR,107.41,15
2026-05-23T05:15:00Z,HU,106.63,15
2026-05-23T05:15:00Z,LT,70.40,15
2026-05-23T05:15:00Z,LV,47.31,15
2026-05-23T05:15:00Z,NL,102.58,15
2026-05-23T05:15:00Z,NO1,97.88,15
2026-05-23T05:15:00Z,NO2,97.58,15
2026-05-23T05:15:00Z,NO3,48.18,15
2026-05-23T05:15:00Z,NO4,32.17,15
2026-05-23T05:15:00Z,NO5,90.50,15
2026-05-23T05:15:00Z,PL,105.50,15
2026-05-23T05:15:00Z,PT,54.49,15
2026-05-23T05:15:00Z,RO,106.80,15
2026-05-23T05:15:00Z,SE1,29.55,15
2026-05-23T05:15:00Z,SE2,28.57,15
2026-05-23T05:15:00Z,SE3,64.15,15
2026-05-23T05:15:00Z,SE4,75.76,15
2026-05-23T05:15:00Z,SI,107.56,15
2026-05-23T05:15:00Z,SK,106.17,15
2026-05-23T05:30:00Z,AT,92.72,15
2026-05-23T05:30:00Z,BE,97.20,15
2026-05-23T05:30:00Z,CZ,91.86,15
2026-05-23T05:30:00Z,DE-LU,90.86,15
2026-05-23T05:30:00Z,DK1,90.86,15
2026-05-23T05:30:00Z,DK2,89.19,15
2026-05-23T05:30:00Z,EE,42.33,15
2026-05-23T05:30:00Z,ES,55.73,15
2026-05-23T05:30:00Z,FI,42.31,15
2026-05-23T05:30:00Z,FR,45.73,15
2026-05-23T05:30:00Z,GR,75.00,15
2026-05-23T05:30:00Z,HR,92.95,15
2026-05-23T05:30:00Z,HU,92.44,15
2026-05-23T05:30:00Z,IT-CNorth,120.00,15
2026-05-23T05:30:00Z,IT-CSouth,120.00,15
2026-05-23T05:30:00Z,IT-North,120.00,15
2026-05-23T05:30:00Z,IT-Sardinia,120.00,15
2026-05-23T05:30:00Z,IT-Sicily,120.00,15
2026-05-23T05:30:00Z,IT-South,120.00,15
2026-05-23T05:30:00Z,LT,61.58,15
2026-05-23T05:30:00Z,LV,42.33,15
2026-05-23T05:30:00Z,NL,90.86,15
2026-05-23T05:30:00Z,NO1,96.56,15
2026-05-23T05:30:00Z,NO2,96.24,15
2026-05-23T05:30:00Z,NO3,43.27,15
2026-05-23T05:30:00Z,NO4,26.10,15
2026-05-23T05:30:00Z,NO5,88.64,15
2026-05-23T05:30:00Z,PL,122.21,15
2026-05-23T05:30:00Z,PT,45.73,15
2026-05-23T05:30:00Z,RO,92.56,15
2026-05-23T05:30:00Z,SE1,23.29,15
2026-05-23T05:30:00Z,SE2,22.24,15
2026-05-23T05:30:00Z,SE3,60.39,15
2026-05-23T05:30:00Z,SE4,72.84,15
2026-05-23T05:30:00Z,SI,93.05,15
2026-05-23T05:30:00Z,SK,92.16,15
2026-05-23T05:45:00Z,AT,63.87,15
2026-05-23T05:45:00Z,BE,58.99,15
2026-05-23T05:45:00Z,CZ,62.97,15
2026-05-23T05:45:00Z,DE-LU,61.70,15
2026-05-23T05:45:00Z,DK1,61.70,15
2026-05-23T05:45:00Z,DK2,60.57,15
2026-05-23T05:45:00Z,EE,34.71,15
2026-05-23T05:45:00Z,ES,41.25,15
2026-05-23T05:45:00Z,FI,34.69,15
2026-05-23T05:45:00Z,FR,40.00,15
2026-05-23T05:45:00Z,GR,0.02,15
2026-05-23T05:45:00Z,HR,64.00,15
2026-05-23T05:45:00Z,HU,63.52,15
2026-05-23T05:45:00Z,IT-CNorth,110.00,15
2026-05-23T05:45:00Z,IT-CSouth,110.00,15
2026-05-23T05:45:00Z,IT-North,110.00,15
2026-05-23T05:45:00Z,IT-Sardinia,110.00,15
2026-05-23T05:45:00Z,IT-Sicily,110.00,15
2026-05-23T05:45:00Z,IT-South,110.00,15
2026-05-23T05:45:00Z,LT,34.71,15
2026-05-23T05:45:00Z,LV,34.71,15
2026-05-23T05:45:00Z,NL,59.82,15
2026-05-23T05:45:00Z,NO1,75.90,15
2026-05-23T05:45:00Z,NO2,75.70,15
2026-05-23T05:45:00Z,NO3,39.47,15
2026-05-23T05:45:00Z,NO4,24.58,15
2026-05-23T05:45:00Z,NO5,70.96,15
2026-05-23T05:45:00Z,PL,102.67,15
2026-05-23T05:45:00Z,PT,40.00,15
2026-05-23T05:45:00Z,RO,63.62,15
2026-05-23T05:45:00Z,SE1,22.83,15
2026-05-23T05:45:00Z,SE2,22.17,15
2026-05-23T05:45:00Z,SE3,45.98,15
2026-05-23T05:45:00Z,SE4,53.74,15
2026-05-23T05:45:00Z,SI,64.09,15
2026-05-23T05:45:00Z,SK,63.24,15
2026-05-23T06:00:00Z,AT,109.64,15
2026-05-23T06:00:00Z,BE,96.52,15
2026-05-23T06:00:00Z,CH,55.00,60
2026-05-23T06:00:00Z,CZ,107.22,15
2026-05-23T06:00:00Z,DE-LU,104.14,15
2026-05-23T06:00:00Z,DK1,104.14,15
2026-05-23T06:00:00Z,DK2,102.24,15
2026-05-23T06:00:00Z,EE,59.31,15
2026-05-23T06:00:00Z,ES,84.60,15
2026-05-23T06:00:00Z,FI,59.30,15
2026-05-23T06:00:00Z,FR,44.90,15
2026-05-23T06:00:00Z,HR,109.79,15
2026-05-23T06:00:00Z,HU,108.70,15
2026-05-23T06:00:00Z,IT-CNorth,152.78,15
2026-05-23T06:00:00Z,IT-CSouth,152.78,15
2026-05-23T06:00:00Z,IT-North,152.78,15
2026-05-23T06:00:00Z,IT-Sardinia,152.78,15
2026-05-23T06:00:00Z,IT-Sicily,152.78,15
2026-05-23T06:00:00Z,IT-South,152.78,15
2026-05-23T06:00:00Z,LT,59.31,15
2026-05-23T06:00:00Z,LV,59.31,15
2026-05-23T06:00:00Z,NL,98.66,15
2026-05-23T06:00:00Z,NO1,88.94,15
2026-05-23T06:00:00Z,NO2,88.82,15
2026-05-23T06:00:00Z,NO3,60.51,15
2026-05-23T06:00:00Z,NO4,50.44,15
2026-05-23T06:00:00Z,NO5,84.49,15
2026-05-23T06:00:00Z,PL,106.73,15
2026-05-23T06:00:00Z,PT,44.90,15
2026-05-23T06:00:00Z,RO,108.99,15
2026-05-23T06:00:00Z,RS,75.09,15
2026-05-23T06:00:00Z,SE1,48.91,15
2026-05-23T06:00:00Z,SE2,48.37,15
2026-05-23T06:00:00Z,SE3,69.20,15
2026-05-23T06:00:00Z,SE4,75.98,15
2026-05-23T06:00:00Z,SI,110.22,15
2026-05-23T06:00:00Z,SK,107.93,15
2026-05-23T06:15:00Z,AT,66.16,15
2026-05-23T06:15:00Z,BE,59.65,15
2026-05-23T06:15:00Z,CZ,64.96,15
2026-05-23T06:15:00Z,DE-LU,63.43,15
2026-05-23T06:15:00Z,DK1,63.43,15
2026-05-23T06:15:00Z,DK2,62.28,15
2026-05-23T06:15:00Z,EE,44.89,15
2026-05-23T06:15:00Z,ES,52.10,15
2026-05-23T06:15:00Z,FI,44.88,15
2026-05-23T06:15:00Z,FR,34.00,15
2026-05-23T06:15:00Z,GR,0.00,15
2026-05-23T06:15:00Z,HR,66.24,15
2026-05-23T06:15:00Z,HU,65.70,15
2026-05-23T06:15:00Z,IT-CNorth,128.43,15
2026-05-23T06:15:00Z,IT-CSouth,120.00,15
2026-05-23T06:15:00Z,IT-North,128.43,15
2026-05-23T06:15:00Z,IT-Sardinia,120.00,15
2026-05-23T06:15:00Z,IT-Sicily,120.00,15
2026-05-23T06:15:00Z,IT-South,120.00,15
2026-05-23T06:15:00Z,LT,44.89,15
2026-05-23T06:15:00Z,LV,44.89,15
2026-05-23T06:15:00Z,NL,60.71,15
2026-05-23T06:15:00Z,NO1,66.92,15
2026-05-23T06:15:00Z,NO2,66.83,15
2026-05-23T06:15:00Z,NO3,45.78,15
2026-05-23T06:15:00Z,NO4,38.29,15
2026-05-23T06:15:00Z,NO5,63.61,15
2026-05-23T06:15:00Z,PL,101.25,15
2026-05-23T06:15:00Z,PT,34.00,15
2026-05-23T06:15:00Z,RO,65.84,15
2026-05-23T06:15:00Z,SE1,37.15,15
2026-05-23T06:15:00Z,SE2,36.75,15
2026-05-23T06:15:00Z,SE3,52.24,15
2026-05-23T06:15:00Z,SE4,57.28,15
2026-05-23T06:15:00Z,SI,66.45,15
2026-05-23T06:15:00Z,SK,65.32,15
2026-05-23T06:30:00Z,AT,26.19,15
2026-05-23T06:30:00Z,BE,21.95,15
2026-05-23T06:30:00Z,CZ,25.41,15
2026-05-23T06:30:00Z,DE-LU,24.41,15
2026-05-23T06:30:00Z,DK1,24.41,15
2026-05-23T06:30:00Z,DK2,20.28,15
2026-05-23T06:30:00Z,EE,20.23,15
2026-05-23T06:30:00Z,ES,19.64,15
2026-05-23T06:30:00Z,FI,20.23,15
2026-05-23T06:30:00Z,FR,5.27,15
2026-05-23T06:30:00Z,HR,26.24,15
2026-05-23T06:30:00Z,HU,25.88,15
2026-05-23T06:30:00Z,IT-CNorth,118.67,15
2026-05-23T06:30:00Z,IT-CSouth,78.85,15
2026-05-23T06:30:00Z,IT-North,118.67,15
2026-05-23T06:30:00Z,IT-Sardinia,78.85,15
2026-05-23T06:30:00Z,IT-Sicily,78.85,15
2026-05-23T06:30:00Z,IT-South,78.85,15
2026-05-23T06:30:00Z,LT,20.23,15
2026-05-23T06:30:00Z,LV,20.23,15
2026-05-23T06:30:00Z,NL,22.64,15
2026-05-23T06:30:00Z,NO1,30.04,15
2026-05-23T06:30:00Z,NO2,30.04,15
2026-05-23T06:30:00Z,NO3,26.25,15
2026-05-23T06:30:00Z,NO4,20.23,15
2026-05-23T06:30:00Z,NO5,30.04,15
2026-05-23T06:30:00Z,PL,81.01,15
2026-05-23T06:30:00Z,PT,5.27,15
2026-05-23T06:30:00Z,RO,25.98,15
2026-05-23T06:30:00Z,SE1,20.23,15
2026-05-23T06:30:00Z,SE2,20.23,15
2026-05-23T06:30:00Z,SE3,20.23,15
2026-05-23T06:30:00Z,SE4,20.23,15
2026-05-23T06:30:00Z,SI,26.38,15
2026-05-23T06:30:00Z,SK,25.64,15
2026-05-23T06:45:00Z,AT,8.12,15
2026-05-23T06:45:00Z,BE,6.57,15
2026-05-23T06:45:00Z,CZ,7.83,15
2026-05-23T06:45:00Z,DE-LU,7.47,15
2026-05-23T06:45:00Z,DK1,7.47,15
2026-05-23T06:45:00Z,DK2,4.28,15
2026-05-23T06:45:00Z,EE,4.99,15
2026-05-23T06:45:00Z,ES,5.94,15
2026-05-23T06:45:00Z,FI,4.28,15
2026-05-23T06:45:00Z,FR,0.51,15
2026-05-23T06:45:00Z,HR,8.13,15
2026-05-23T06:45:00Z,HU,8.01,15
2026-05-23T06:45:00Z,IT-CNorth,110.00,15
2026-05-23T06:45:00Z,IT-CSouth,30.00,15
2026-05-23T06:45:00Z,IT-North,110.00,15
2026-05-23T06:45:00Z,IT-Sardinia,30.00,15
2026-05-23T06:45:00Z,IT-Sicily,30.00,15
2026-05-23T06:45:00Z,IT-South,30.00,15
2026-05-23T06:45:00Z,LT,4.99,15
2026-05-23T06:45:00Z,LV,4.99,15
2026-05-23T06:45:00Z,NL,6.83,15
2026-05-23T06:45:00Z,NO1,4.28,15
2026-05-23T06:45:00Z,NO2,4.28,15
2026-05-23T06:45:00Z,NO3,4.28,15
2026-05-23T06:45:00Z,NO4,4.28,15
2026-05-23T06:45:00Z,NO5,4.28,15
2026-05-23T06:45:00Z,PL,34.37,15
2026-05-23T06:45:00Z,PT,0.51,15
2026-05-23T06:45:00Z,RO,8.04,15
2026-05-23T06:45:00Z,SE1,4.28,15
2026-05-23T06:45:00Z,SE2,4.28,15
2026-05-23T06:45:00Z,SE3,4.28,15
2026-05-23T06:45:00Z,SE4,4.28,15
2026-05-23T06:45:00Z,SI,8.18,15
2026-05-23T06:45:00Z,SK,7.92,15
2026-05-23T07:00:00Z,AT,5.40,15
2026-05-23T07:00:00Z,BE,5.40,15
2026-05-23T07:00:00Z,CH,3.98,60
2026-05-23T07:00:00Z,CZ,5.40,15
2026-05-23T07:00:00Z,DE-LU,5.40,15
2026-05-23T07:00:00Z,DK1,5.40,15
2026-05-23T07:00:00Z,DK2,12.59,15
2026-05-23T07:00:00Z,EE,11.87,15
2026-05-23T07:00:00Z,ES,11.14,15
2026-05-23T07:00:00Z,FI,12.59,15
2026-05-23T07:00:00Z,FR,5.40,15
2026-05-23T07:00:00Z,HR,5.40,15
2026-05-23T07:00:00Z,HU,5.40,15
2026-05-23T07:00:00Z,IT-CNorth,130.00,15
2026-05-23T07:00:00Z,IT-CSouth,0.00,15
2026-05-23T07:00:00Z,IT-North,130.00,15
2026-05-23T07:00:00Z,IT-Sardinia,0.00,15
2026-05-23T07:00:00Z,IT-Sicily,0.00,15
2026-05-23T07:00:00Z,IT-South,0.00,15
2026-05-23T07:00:00Z,LT,11.87,15
2026-05-23T07:00:00Z,LV,11.87,15
2026-05-23T07:00:00Z,NL,5.40,15
2026-05-23T07:00:00Z,NO1,12.59,15
2026-05-23T07:00:00Z,NO2,12.59,15
2026-05-23T07:00:00Z,NO3,12.59,15
2026-05-23T07:00:00Z,NO4,12.59,15
2026-05-23T07:00:00Z,NO5,12.59,15
2026-05-23T07:00:00Z,PL,5.40,15
2026-05-23T07:00:00Z,PT,5.40,15
2026-05-23T07:00:00Z,RO,5.40,15
2026-05-23T07:00:00Z,RS,50.07,15
2026-05-23T07:00:00Z,SE1,12.59,15
2026-05-23T07:00:00Z,SE2,12.59,15
2026-05-23T07:00:00Z,SE3,12.59,15
2026-05-23T07:00:00Z,SE4,12.59,15
2026-05-23T07:00:00Z,SI,5.40,15
2026-05-23T07:00:00Z,SK,5.40,15
2026-05-23T07:15:00Z,AT,1.00,15
2026-05-23T07:15:00Z,BE,1.00,15
2026-05-23T07:15:00Z,CZ,1.00,15
2026-05-23T07:15:00Z,DE-LU,1.00,15
2026-05-23T07:15:00Z,DK1,1.00,15
2026-05-23T07:15:00Z,DK2,3.80,15
2026-05-23T07:15:00Z,EE,3.80,15
2026-05-23T07:15:00Z,ES,3.99,15
2026-05-23T07:15:00Z,FI,3.80,15
2026-05-23T07:15:00Z,FR,1.00,15
2026-05-23T07:15:00Z,HR,1.00,15
2026-05-23T07:15:00Z,HU,1.00,15
2026-05-23T07:15:00Z,IT-CNorth,125.69,15
2026-05-23T07:15:00Z,IT-North,125.69,15
2026-05-23T07:15:00Z,LT,3.80,15
2026-05-23T07:15:00Z,LV,3.80,15
2026-05-23T07:15:00Z,NL,1.00,15
2026-05-23T07:15:00Z,NO1,3.80,15
2026-05-23T07:15:00Z,NO2,3.80,15
2026-05-23T07:15:00Z,NO3,3.80,15
2026-05-23T07:15:00Z,NO4,3.80,15
2026-05-23T07:15:00Z,NO5,3.80,15
2026-05-23T07:15:00Z,PL,1.00,15
2026-05-23T07:15:00Z,PT,1.00,15
2026-05-23T07:15:00Z,RO,1.00,15
2026-05-23T07:15:00Z,SE1,3.80,15
2026-05-23T07:15:00Z,SE2,3.80,15
2026-05-23T07:15:00Z,SE3,3.80,15
2026-05-23T07:15:00Z,SE4,3.80,15
2026-05-23T07:15:00Z,SI,1.00,15
2026-05-23T07:15:00Z,SK,1.00,15
2026-05-23T07:30:00Z,AT,0.00,15
2026-05-23T07:30:00Z,BE,0.00,15
2026-05-23T07:30:00Z,CZ,0.00,15
2026-05-23T07:30:00Z,DE-LU,0.00,15
2026-05-23T07:30:00Z,DK1,0.00,15
2026-05-23T07:30:00Z,DK2,2.63,15
2026-05-23T07:30:00Z,EE,2.91,15
2026-05-23T07:30:00Z,ES,0.60,15
2026-05-23T07:30:00Z,FI,2.91,15
2026-05-23T07:30:00Z,FR,0.00,15
2026-05-23T07:30:00Z,HR,0.00,15
2026-05-23T07:30:00Z,HU,0.00,15
2026-05-23T07:30:00Z,IT-CNorth,110.48,15
2026-05-23T07:30:00Z,IT-North,110.48,15
2026-05-23T07:30:00Z,LT,2.66,15
2026-05-23T07:30:00Z,LV,2.66,15
2026-05-23T07:30:00Z,NL,0.00,15
2026-05-23T07:30:00Z,NO1,2.79,15
2026-05-23T07:30:00Z,NO2,3.10,15
2026-05-23T07:30:00Z,NO3,4.13,15
2026-05-23T07:30:00Z,NO4,3.18,15
2026-05-23T07:30:00Z,NO5,6.84,15
2026-05-23T07:30:00Z,PL,0.00,15
2026-05-23T07:30:00Z,PT,0.00,15
2026-05-23T07:30:00Z,RO,0.00,15
2026-05-23T07:30:00Z,SE1,2.91,15
2026-05-23T07:30:00Z,SE2,2.85,15
2026-05-23T07:30:00Z,SE3,2.69,15
2026-05-23T07:30:00Z,SE4,2.64,15
2026-05-23T07:30:00Z,SI,0.00,15
2026-05-23T07:30:00Z,SK,0.00,15
2026-05-23T07:45:00Z,AT,-12.27,15
2026-05-23T07:45:00Z,DE-LU,-10.05,15
2026-05-23T07:45:00Z,DK2,2.15,15
2026-05-23T07:45:00Z,EE,2.38,15
2026-05-23T07:45:00Z,ES,-0.95,15
2026-05-23T07:45:00Z,FI,2.38,15
2026-05-23T07:45:00Z,GR,-0.01,15
2026-05-23T07:45:00Z,IT-CNorth,80.15,15
2026-05-23T07:45:00Z,IT-CSouth,1.00,15
2026-05-23T07:45:00Z,IT-North,80.15,15
2026-05-23T07:45:00Z,IT-Sardinia,1.00,15
2026-05-23T07:45:00Z,IT-Sicily,1.00,15
2026-05-23T07:45:00Z,IT-South,1.00,15
2026-05-23T07:45:00Z,LT,2.17,15
2026-05-23T07:45:00Z,LV,2.17,15
2026-05-23T07:45:00Z,NO1,2.28,15
2026-05-23T07:45:00Z,NO2,2.54,15
2026-05-23T07:45:00Z,NO3,3.38,15
2026-05-23T07:45:00Z,NO4,2.60,15
2026-05-23T07:45:00Z,NO5,5.59,15
2026-05-23T07:45:00Z,SE1,2.38,15
2026-05-23T07:45:00Z,SE2,2.33,15
2026-05-23T07:45:00Z,SE3,2.20,15
2026-05-23T07:45:00Z,SE4,2.15,15
2026-05-23T08:00:00Z,AT,-0.01,15
2026-05-23T08:00:00Z,BE,-0.01,15
2026-05-23T08:00:00Z,CH,-2.80,60
2026-05-23T08:00:00Z,CZ,-0.01,15
2026-05-23T08:00:00Z,DE-LU,-0.01,15
2026-05-23T08:00:00Z,DK1,-0.01,15
2026-05-23T08:00:00Z,DK2,3.36,15
2026-05-23T08:00:00Z,EE,3.72,15
2026-05-23T08:00:00Z,ES,0.84,15
2026-05-23T08:00:00Z,FI,3.72,15
2026-05-23T08:00:00Z,FR,-0.01,15
2026-05-23T08:00:00Z,HR,-0.01,15
2026-05-23T08:00:00Z,HU,-0.01,15
2026-05-23T08:00:00Z,IT-CNorth,60.50,15
2026-05-23T08:00:00Z,IT-CSouth,0.00,15
2026-05-23T08:00:00Z,IT-North,60.50,15
2026-05-23T08:00:00Z,IT-Sardinia,0.00,15
2026-05-23T08:00:00Z,IT-Sicily,0.00,15
2026-05-23T08:00:00Z,IT-South,0.00,15
2026-05-23T08:00:00Z,LT,3.40,15
2026-05-23T08:00:00Z,LV,3.40,15
2026-05-23T08:00:00Z,NL,-0.01,15
2026-05-23T08:00:00Z,NO1,3.56,15
2026-05-23T08:00:00Z,NO2,3.65,15
2026-05-23T08:00:00Z,NO3,5.28,15
2026-05-23T08:00:00Z,NO4,4.06,15
2026-05-23T08:00:00Z,NO5,8.79,15
2026-05-23T08:00:00Z,PL,-0.01,15
2026-05-23T08:00:00Z,PT,-0.01,15
2026-05-23T08:00:00Z,RO,-0.01,15
2026-05-23T08:00:00Z,RS,6.02,15
2026-05-23T08:00:00Z,SE1,3.72,15
2026-05-23T08:00:00Z,SE2,3.65,15
2026-05-23T08:00:00Z,SE3,3.44,15
2026-05-23T08:00:00Z,SE4,3.37,15
2026-05-23T08:00:00Z,SI,-0.01,15
2026-05-23T08:00:00Z,SK,-0.01,15
2026-05-23T08:15:00Z,AT,-0.02,15
2026-05-23T08:15:00Z,BE,-0.02,15
2026-05-23T08:15:00Z,CZ,-0.02,15
2026-05-23T08:15:00Z,DE-LU,-0.02,15
2026-05-23T08:15:00Z,DK2,2.93,15
2026-05-23T08:15:00Z,EE,3.25,15
2026-05-23T08:15:00Z,ES,0.19,15
2026-05-23T08:15:00Z,FI,3.25,15
2026-05-23T08:15:00Z,FR,-0.02,15
2026-05-23T08:15:00Z,GR,-0.02,15
2026-05-23T08:15:00Z,HR,-0.02,15
2026-05-23T08:15:00Z,HU,-0.02,15
2026-05-23T08:15:00Z,IT-CNorth,40.50,15
2026-05-23T08:15:00Z,IT-North,40.50,15
2026-05-23T08:15:00Z,LT,2.97,15
2026-05-23T08:15:00Z,LV,2.97,15
2026-05-23T08:15:00Z,NL,-0.02,15
2026-05-23T08:15:00Z,NO1,3.11,15
2026-05-23T08:15:00Z,NO2,3.18,15
2026-05-23T08:15:00Z,NO3,4.62,15
2026-05-23T08:15:00Z,NO4,3.55,15
2026-05-23T08:15:00Z,NO5,7.69,15
2026-05-23T08:15:00Z,PL,-0.02,15
2026-05-23T08:15:00Z,PT,-0.02,15
2026-05-23T08:15:00Z,RO,-0.02,15
2026-05-23T08:15:00Z,SE1,3.25,15
2026-05-23T08:15:00Z,SE2,3.18,15
2026-05-23T08:15:00Z,SE3,3.00,15
2026-05-23T08:15:00Z,SE4,2.94,15
2026-05-23T08:15:00Z,SI,-0.02,15
2026-05-23T08:15:00Z,SK,-0.02,15
2026-05-23T08:30:00Z,AT,-0.30,15
2026-05-23T08:30:00Z,BE,-0.30,15
2026-05-23T08:30:00Z,CZ,-0.30,15
2026-05-23T08:30:00Z,DE-LU,-0.30,15
2026-05-23T08:30:00Z,DK1,-0.10,15
2026-05-23T08:30:00Z,DK2,2.72,15
2026-05-23T08:30:00Z,EE,3.04,15
2026-05-23T08:30:00Z,ES,0.00,15
2026-05-23T08:30:00Z,FI,3.04,15
2026-05-23T08:30:00Z,FR,-0.30,15
2026-05-23T08:30:00Z,GR,-0.30,15
2026-05-23T08:30:00Z,HR,-0.30,15
2026-05-23T08:30:00Z,HU,-0.30,15
2026-05-23T08:30:00Z,IT-CNorth,15.77,15
2026-05-23T08:30:00Z,IT-North,15.77,15
2026-05-23T08:30:00Z,LT,2.76,15
2026-05-23T08:30:00Z,LV,2.76,15
2026-05-23T08:30:00Z,NL,-0.30,15
2026-05-23T08:30:00Z,NO1,2.90,15
2026-05-23T08:30:00Z,NO2,2.98,15
2026-05-23T08:30:00Z,NO3,4.45,15
2026-05-23T08:30:00Z,NO4,3.35,15
2026-05-23T08:30:00Z,NO5,7.60,15
2026-05-23T08:30:00Z,PL,-0.30,15
2026-05-23T08:30:00Z,PT,-0.30,15
2026-05-23T08:30:00Z,RO,-0.30,15
2026-05-23T08:30:00Z,SE1,3.04,15
2026-05-23T08:30:00Z,SE2,2.98,15
2026-05-23T08:30:00Z,SE3,2.79,15
2026-05-23T08:30:00Z,SE4,2.73,15
2026-05-23T08:30:00Z,SI,-0.30,15
2026-05-23T08:30:00Z,SK,-0.30,15
2026-05-23T08:45:00Z,AT,-1.00,15
2026-05-23T08:45:00Z,BE,-1.00,15
2026-05-23T08:45:00Z,CZ,-1.00,15
2026-05-23T08:45:00Z,DE-LU,-1.00,15
2026-05-23T08:45:00Z,DK1,-0.60,15
2026-05-23T08:45:00Z,DK2,2.04,15
2026-05-23T08:45:00Z,EE,2.37,15
2026-05-23T08:45:00Z,ES,-0.81,15
2026-05-23T08:45:00Z,FI,2.37,15
2026-05-23T08:45:00Z,FR,-1.00,15
2026-05-23T08:45:00Z,GR,-1.00,15
2026-05-23T08:45:00Z,HR,-1.00,15
2026-05-23T08:45:00Z,HU,-1.00,15
2026-05-23T08:45:00Z,IT-CNorth,13.25,15
2026-05-23T08:45:00Z,IT-North,13.25,15
2026-05-23T08:45:00Z,LT,2.08,15
2026-05-23T08:45:00Z,LV,2.08,15
2026-05-23T08:45:00Z,NL,-1.00,15
2026-05-23T08:45:00Z,NO1,2.23,15
2026-05-23T08:45:00Z,NO2,2.30,15
2026-05-23T08:45:00Z,NO3,3.80,15
2026-05-23T08:45:00Z,NO4,2.68,15
2026-05-23T08:45:00Z,NO5,6.99,15
2026-05-23T08:45:00Z,PL,-1.00,15
2026-05-23T08:45:00Z,PT,-1.00,15
2026-05-23T08:45:00Z,RO,-1.00,15
2026-05-23T08:45:00Z,SE1,2.37,15
2026-05-23T08:45:00Z,SE2,2.30,15
2026-05-23T08:45:00Z,SE3,2.11,15
2026-05-23T08:45:00Z,SE4,2.05,15
2026-05-23T08:45:00Z,SI,-1.00,15
2026-05-23T08:45:00Z,SK,-1.00,15
2026-05-23T09:00:00Z,AT,-2.00,15
2026-05-23T09:00:00Z,BE,-2.01,15
2026-05-23T09:00:00Z,CH,-21.72,60
2026-05-23T09:00:00Z,CZ,-2.09,15
2026-05-23T09:00:00Z,DE-LU,-2.02,15
2026-05-23T09:00:00Z,DK1,-1.40,15
2026-05-23T09:00:00Z,DK2,2.74,15
2026-05-23T09:00:00Z,EE,3.26,15
2026-05-23T09:00:00Z,ES,-0.82,15
2026-05-23T09:00:00Z,FI,3.27,15
2026-05-23T09:00:00Z,FR,-2.00,15
2026-05-23T09:00:00Z,GR,-0.01,15
2026-05-23T09:00:00Z,HR,-1.53,15
2026-05-23T09:00:00Z,HU,-3.14,15
2026-05-23T09:00:00Z,LT,2.81,15
2026-05-23T09:00:00Z,LV,2.81,15
2026-05-23T09:00:00Z,NL,-2.01,15
2026-05-23T09:00:00Z,NO1,3.04,15
2026-05-23T09:00:00Z,NO2,3.27,15
2026-05-23T09:00:00Z,NO3,5.51,15
2026-05-23T09:00:00Z,NO4,3.76,15
2026-05-23T09:00:00Z,NO5,10.60,15
2026-05-23T09:00:00Z,PL,11.02,15
2026-05-23T09:00:00Z,PT,-1.51,15
2026-05-23T09:00:00Z,RO,0.00,15
2026-05-23T09:00:00Z,RS,4.06,15
2026-05-23T09:00:00Z,SE1,3.27,15
2026-05-23T09:00:00Z,SE2,3.15,15
2026-05-23T09:00:00Z,SE3,2.86,15
2026-05-23T09:00:00Z,SE4,2.76,15
2026-05-23T09:00:00Z,SI,-1.86,15
2026-05-23T09:00:00Z,SK,-2.25,15
2026-05-23T09:15:00Z,AT,-2.09,15
2026-05-23T09:15:00Z,BE,-2.10,15
2026-05-23T09:15:00Z,CZ,-2.18,15
2026-05-23T09:15:00Z,DE-LU,-2.11,15
2026-05-23T09:15:00Z,DK1,-1.58,15
2026-05-23T09:15:00Z,DK2,1.95,15
2026-05-23T09:15:00Z,EE,2.40,15
2026-05-23T09:15:00Z,ES,-1.88,15
2026-05-23T09:15:00Z,FI,2.40,15
2026-05-23T09:15:00Z,FR,-2.09,15
2026-05-23T09:15:00Z,HR,-1.60,15
2026-05-23T09:15:00Z,HU,-3.28,15
2026-05-23T09:15:00Z,IT-CNorth,12.25,15
2026-05-23T09:15:00Z,IT-North,12.25,15
2026-05-23T09:15:00Z,LT,2.00,15
2026-05-23T09:15:00Z,LV,2.00,15
2026-05-23T09:15:00Z,NL,-2.10,15
2026-05-23T09:15:00Z,NO1,2.20,15
2026-05-23T09:15:00Z,NO2,2.40,15
2026-05-23T09:15:00Z,NO3,4.31,15
2026-05-23T09:15:00Z,NO4,2.82,15
2026-05-23T09:15:00Z,NO5,8.66,15
2026-05-23T09:15:00Z,PL,1.19,15
2026-05-23T09:15:00Z,SE1,2.40,15
2026-05-23T09:15:00Z,SE2,2.30,15
2026-05-23T09:15:00Z,SE3,2.05,15
2026-05-23T09:15:00Z,SE4,1.97,15
2026-05-23T09:15:00Z,SI,-1.94,15
2026-05-23T09:15:00Z,SK,-2.35,15
2026-05-23T09:30:00Z,AT,-5.95,15
2026-05-23T09:30:00Z,BE,-5.97,15
2026-05-23T09:30:00Z,CZ,-6.20,15
2026-05-23T09:30:00Z,DE-LU,-5.99,15
2026-05-23T09:30:00Z,DK1,-3.82,15
2026-05-23T09:30:00Z,DK2,1.27,15
2026-05-23T09:30:00Z,EE,2.07,15
2026-05-23T09:30:00Z,ES,-3.32,15
2026-05-23T09:30:00Z,FI,2.07,15
2026-05-23T09:30:00Z,FR,-5.94,15
2026-05-23T09:30:00Z,HR,-4.55,15
2026-05-23T09:30:00Z,HU,-9.32,15
2026-05-23T09:30:00Z,LT,1.37,15
2026-05-23T09:30:00Z,LV,1.37,15
2026-05-23T09:30:00Z,NL,-5.98,15
2026-05-23T09:30:00Z,NO1,1.73,15
2026-05-23T09:30:00Z,NO2,2.08,15
2026-05-23T09:30:00Z,NO3,5.54,15
2026-05-23T09:30:00Z,NO4,2.83,15
2026-05-23T09:30:00Z,NO5,13.40,15
2026-05-23T09:30:00Z,SE1,2.08,15
2026-05-23T09:30:00Z,SE2,1.90,15
2026-05-23T09:30:00Z,SE3,1.45,15
2026-05-23T09:30:00Z,SE4,1.30,15
2026-05-23T09:30:00Z,SI,-5.51,15
2026-05-23T09:30:00Z,SK,-6.67,15
2026-05-23T09:45:00Z,AT,-5.45,15
2026-05-23T09:45:00Z,BE,-5.46,15
2026-05-23T09:45:00Z,CZ,-5.67,15
2026-05-23T09:45:00Z,DE-LU,-5.48,15
2026-05-23T09:45:00Z,DK1,-4.90,15
2026-05-23T09:45:00Z,DK2,1.21,15
2026-05-23T09:45:00Z,EE,1.96,15
2026-05-23T09:45:00Z,ES,-5.21,15
2026-05-23T09:45:00Z,FI,1.96,15
2026-05-23T09:45:00Z,FR,-5.43,15
2026-05-23T09:45:00Z,HR,-4.16,15
2026-05-23T09:45:00Z,HU,-8.53,15
2026-05-23T09:45:00Z,LT,1.30,15
2026-05-23T09:45:00Z,LV,1.30,15
2026-05-23T09:45:00Z,NL,-5.47,15
2026-05-23T09:45:00Z,NO1,1.64,15
2026-05-23T09:45:00Z,NO2,1.96,15
2026-05-23T09:45:00Z,NO3,5.15,15
2026-05-23T09:45:00Z,NO4,2.66,15
2026-05-23T09:45:00Z,NO5,12.40,15
2026-05-23T09:45:00Z,PT,-2.00,15
2026-05-23T09:45:00Z,SE1,1.96,15
2026-05-23T09:45:00Z,SE2,1.80,15
2026-05-23T09:45:00Z,SE3,1.38,15
2026-05-23T09:45:00Z,SE4,1.24,15
2026-05-23T09:45:00Z,SI,-5.04,15
2026-05-23T09:45:00Z,SK,-6.10,15
2026-05-23T10:00:00Z,AT,-5.97,15
2026-05-23T10:00:00Z,BE,-5.98,15
2026-05-23T10:00:00Z,CH,-41.44,60
2026-05-23T10:00:00Z,CZ,-6.22,15
2026-05-23T10:00:00Z,DE-LU,-6.01,15
2026-05-23T10:00:00Z,DK1,-2.38,15
2026-05-23T10:00:00Z,DK2,1.33,15
2026-05-23T10:00:00Z,EE,2.15,15
2026-05-23T10:00:00Z,ES,-2.00,15
2026-05-23T10:00:00Z,FI,2.15,15
2026-05-23T10:00:00Z,FR,-5.96,15
2026-05-23T10:00:00Z,HR,-4.61,15
2026-05-23T10:00:00Z,HU,-9.35,15
2026-05-23T10:00:00Z,LT,1.43,15
2026-05-23T10:00:00Z,LV,1.43,15
2026-05-23T10:00:00Z,NL,-5.99,15
2026-05-23T10:00:00Z,NO1,1.79,15
2026-05-23T10:00:00Z,NO3,5.65,15
2026-05-23T10:00:00Z,NO4,2.92,15
2026-05-23T10:00:00Z,NO5,13.62,15
2026-05-23T10:00:00Z,PL,4.58,15
2026-05-23T10:00:00Z,SE1,2.16,15
2026-05-23T10:00:00Z,SE2,2.00,15
2026-05-23T10:00:00Z,SE3,1.51,15
2026-05-23T10:00:00Z,SE4,1.37,15
2026-05-23T10:00:00Z,SI,-5.53,15
2026-05-23T10:00:00Z,SK,-6.70,15
2026-05-23T10:15:00Z,AT,-9.96,15
2026-05-23T10:15:00Z,BE,-9.98,15
2026-05-23T10:15:00Z,CZ,-10.38,15
2026-05-23T10:15:00Z,DE-LU,-10.03,15
2026-05-23T10:15:00Z,DK1,-2.55,15
2026-05-23T10:15:00Z,DK2,0.98,15
2026-05-23T10:15:00Z,EE,1.99,15
2026-05-23T10:15:00Z,ES,-4.28,15
2026-05-23T10:15:00Z,FI,1.99,15
2026-05-23T10:15:00Z,FR,-9.94,15
2026-05-23T10:15:00Z,HR,-7.69,15
2026-05-23T10:15:00Z,HU,-15.61,15
2026-05-23T10:15:00Z,LT,1.10,15
2026-05-23T10:15:00Z,LV,1.10,15
2026-05-23T10:15:00Z,NL,-10.00,15
2026-05-23T10:15:00Z,NO1,1.55,15
2026-05-23T10:15:00Z,NO2,1.76,15
2026-05-23T10:15:00Z,NO3,6.38,15
2026-05-23T10:15:00Z,NO4,2.96,15
2026-05-23T10:15:00Z,NO5,16.34,15
2026-05-23T10:15:00Z,PL,13.95,15
2026-05-23T10:15:00Z,SE1,2.01,15
2026-05-23T10:15:00Z,SE2,1.81,15
2026-05-23T10:15:00Z,SE3,1.20,15
2026-05-23T10:15:00Z,SE4,1.02,15
2026-05-23T10:15:00Z,SI,-9.22,15
2026-05-23T10:15:00Z,SK,-11.19,15
2026-05-23T10:30:00Z,AT,-13.45,15
2026-05-23T10:30:00Z,BE,-13.48,15
2026-05-23T10:30:00Z,CZ,-14.02,15
2026-05-23T10:30:00Z,DE-LU,-13.54,15
2026-05-23T10:30:00Z,DK1,-3.95,15
2026-05-23T10:30:00Z,DK2,0.52,15
2026-05-23T10:30:00Z,EE,1.82,15
2026-05-23T10:30:00Z,ES,-4.00,15
2026-05-23T10:30:00Z,FI,1.82,15
2026-05-23T10:30:00Z,FR,-13.42,15
2026-05-23T10:30:00Z,HR,-10.39,15
2026-05-23T10:30:00Z,HU,-21.07,15
2026-05-23T10:30:00Z,LT,0.67,15
2026-05-23T10:30:00Z,LV,0.67,15
2026-05-23T10:30:00Z,NL,-13.50,15
2026-05-23T10:30:00Z,NO1,1.25,15
2026-05-23T10:30:00Z,NO2,1.51,15
2026-05-23T10:30:00Z,NO3,7.42,15
2026-05-23T10:30:00Z,NO4,3.05,15
2026-05-23T10:30:00Z,NO5,20.14,15
2026-05-23T10:30:00Z,PL,24.39,15
2026-05-23T10:30:00Z,SE1,1.83,15
2026-05-23T10:30:00Z,SE2,1.58,15
2026-05-23T10:30:00Z,SE3,0.80,15
2026-05-23T10:30:00Z,SE4,0.57,15
2026-05-23T10:30:00Z,SI,-12.45,15
2026-05-23T10:30:00Z,SK,-15.10,15
2026-05-23T10:45:00Z,AT,-19.86,15
2026-05-23T10:45:00Z,BE,-19.90,15
2026-05-23T10:45:00Z,CZ,-20.70,15
2026-05-23T10:45:00Z,DE-LU,-19.99,15
2026-05-23T10:45:00Z,DK1,-6.44,15
2026-05-23T10:45:00Z,DK2,-0.15,15
2026-05-23T10:45:00Z,EE,1.68,15
2026-05-23T10:45:00Z,ES,-5.00,15
2026-05-23T10:45:00Z,FI,1.69,15
2026-05-23T10:45:00Z,FR,-19.82,15
2026-05-23T10:45:00Z,HR,-15.34,15
2026-05-23T10:45:00Z,HU,-31.12,15
2026-05-23T10:45:00Z,LT,0.06,15
2026-05-23T10:45:00Z,LV,0.06,15
2026-05-23T10:45:00Z,NL,-19.94,15
2026-05-23T10:45:00Z,NO1,0.89,15
2026-05-23T10:45:00Z,NO2,1.25,15
2026-05-23T10:45:00Z,NO3,9.60,15
2026-05-23T10:45:00Z,NO4,3.43,15
2026-05-23T10:45:00Z,NO5,27.59,15
2026-05-23T10:45:00Z,PL,21.68,15
2026-05-23T10:45:00Z,SE1,1.71,15
2026-05-23T10:45:00Z,SE2,1.35,15
2026-05-23T10:45:00Z,SE3,0.25,15
2026-05-23T10:45:00Z,SE4,-0.08,15
2026-05-23T10:45:00Z,SI,-18.38,15
2026-05-23T10:45:00Z,SK,-22.30,15
2026-05-23T11:00:00Z,AT,-25.04,15
2026-05-23T11:00:00Z,BE,-24.89,15
2026-05-23T11:00:00Z,CH,-69.65,60
2026-05-23T11:00:00Z,CZ,-25.89,15
2026-05-23T11:00:00Z,DE-LU,-25.00,15
2026-05-23T11:00:00Z,DK1,-8.11,15
2026-05-23T11:00:00Z,DK2,-0.28,15
2026-05-23T11:00:00Z,EE,2.01,15
2026-05-23T11:00:00Z,ES,-5.74,15
2026-05-23T11:00:00Z,FI,2.01,15
2026-05-23T11:00:00Z,FR,-24.79,15
2026-05-23T11:00:00Z,HR,-19.44,15
2026-05-23T11:00:00Z,HU,-38.83,15
2026-05-23T11:00:00Z,LT,0.01,15
2026-05-23T11:00:00Z,LV,0.01,15
2026-05-23T11:00:00Z,NL,-24.93,15
2026-05-23T11:00:00Z,NO1,1.01,15
2026-05-23T11:00:00Z,NO2,1.42,15
2026-05-23T11:00:00Z,NO3,11.85,15
2026-05-23T11:00:00Z,NO4,4.17,15
2026-05-23T11:00:00Z,NO5,34.32,15
2026-05-23T11:00:00Z,PL,18.01,15
2026-05-23T11:00:00Z,RS,5.12,15
2026-05-23T11:00:00Z,SE1,2.02,15
2026-05-23T11:00:00Z,SE2,1.51,15
2026-05-23T11:00:00Z,SE3,0.21,15
2026-05-23T11:00:00Z,SE4,-0.20,15
2026-05-23T11:00:00Z,SI,-23.00,15
2026-05-23T11:00:00Z,SK,-27.65,15
2026-05-23T11:15:00Z,AT,-30.04,15
2026-05-23T11:15:00Z,BE,-29.86,15
2026-05-23T11:15:00Z,CZ,-31.06,15
2026-05-23T11:15:00Z,DE-LU,-30.00,15
2026-05-23T11:15:00Z,DK1,-9.74,15
2026-05-23T11:15:00Z,DK2,-0.34,15
2026-05-23T11:15:00Z,EE,2.40,15
2026-05-23T11:15:00Z,ES,-7.98,15
2026-05-23T11:15:00Z,FI,2.40,15
2026-05-23T11:15:00Z,FR,-29.74,15
2026-05-23T11:15:00Z,HR,-23.32,15
2026-05-23T11:15:00Z,HU,-46.58,15
2026-05-23T11:15:00Z,LT,-0.01,15
2026-05-23T11:15:00Z,LV,-0.01,15
2026-05-23T11:15:00Z,NL,-29.91,15
2026-05-23T11:15:00Z,NO1,1.21,15
2026-05-23T11:15:00Z,NO2,1.70,15
2026-05-23T11:15:00Z,NO3,14.21,15
2026-05-23T11:15:00Z,NO4,5.00,15
2026-05-23T11:15:00Z,NO5,41.17,15
2026-05-23T11:15:00Z,PL,7.71,15
2026-05-23T11:15:00Z,SE1,2.42,15
2026-05-23T11:15:00Z,SE2,1.81,15
2026-05-23T11:15:00Z,SE3,0.25,15
2026-05-23T11:15:00Z,SE4,-0.24,15
2026-05-23T11:15:00Z,SI,-27.60,15
2026-05-23T11:15:00Z,SK,-33.17,15
2026-05-23T11:30:00Z,AT,-36.71,15
2026-05-23T11:30:00Z,BE,-36.49,15
2026-05-23T11:30:00Z,CZ,-37.95,15
2026-05-23T11:30:00Z,DE-LU,-36.65,15
2026-05-23T11:30:00Z,DK1,-12.10,15
2026-05-23T11:30:00Z,DK2,-0.73,15
2026-05-23T11:30:00Z,EE,2.60,15
2026-05-23T11:30:00Z,ES,-9.00,15
2026-05-23T11:30:00Z,FI,2.60,15
2026-05-23T11:30:00Z,FR,-36.35,15
2026-05-23T11:30:00Z,HR,-28.50,15
2026-05-23T11:30:00Z,HU,-56.92,15
2026-05-23T11:30:00Z,LT,-0.33,15
2026-05-23T11:30:00Z,LV,-0.33,15
2026-05-23T11:30:00Z,NL,-36.55,15
2026-05-23T11:30:00Z,NO1,1.15,15
2026-05-23T11:30:00Z,NO2,1.74,15
2026-05-23T11:30:00Z,NO3,16.90,15
2026-05-23T11:30:00Z,NO4,5.74,15
2026-05-23T11:30:00Z,NO5,49.56,15
2026-05-23T11:30:00Z,PL,20.21,15
2026-05-23T11:30:00Z,SE1,2.61,15
2026-05-23T11:30:00Z,SE2,1.87,15
2026-05-23T11:30:00Z,SE3,-0.01,15
2026-05-23T11:30:00Z,SE4,-0.61,15
2026-05-23T11:30:00Z,SI,-33.72,15
2026-05-23T11:30:00Z,SK,-40.53,15
2026-05-23T11:45:00Z,AT,-35.67,15
2026-05-23T11:45:00Z,BE,-35.45,15
2026-05-23T11:45:00Z,CZ,-36.87,15
2026-05-23T11:45:00Z,DE-LU,-35.62,15
2026-05-23T11:45:00Z,DK1,-11.84,15
2026-05-23T11:45:00Z,DK2,-0.82,15
2026-05-23T11:45:00Z,EE,2.40,15
2026-05-23T11:45:00Z,ES,-12.09,15
2026-05-23T11:45:00Z,FI,2.40,15
2026-05-23T11:45:00Z,FR,-35.32,15
2026-05-23T11:45:00Z,HR,-27.69,15
2026-05-23T11:45:00Z,HU,-55.31,15
2026-05-23T11:45:00Z,LT,-0.43,15
2026-05-23T11:45:00Z,LV,-0.43,15
2026-05-23T11:45:00Z,NL,-35.52,15
2026-05-23T11:45:00Z,NO1,1.00,15
2026-05-23T11:45:00Z,NO2,1.57,15
2026-05-23T11:45:00Z,NO3,16.26,15
2026-05-23T11:45:00Z,NO4,5.45,15
2026-05-23T11:45:00Z,NO5,47.90,15
2026-05-23T11:45:00Z,PL,24.72,15
2026-05-23T11:45:00Z,SE1,2.42,15
2026-05-23T11:45:00Z,SE2,1.70,15
2026-05-23T11:45:00Z,SE3,-0.13,15
2026-05-23T11:45:00Z,SE4,-0.70,15
2026-05-23T11:45:00Z,SI,-32.76,15
2026-05-23T11:45:00Z,SK,-39.38,15
2026-05-23T12:00:00Z,AT,-27.09,15
2026-05-23T12:00:00Z,BE,-26.91,15
2026-05-23T12:00:00Z,CH,-62.31,60
2026-05-23T12:00:00Z,CZ,-28.00,15
2026-05-23T12:00:00Z,DE-LU,-27.03,15
2026-05-23T12:00:00Z,DK1,-8.92,15
2026-05-23T12:00:00Z,DK2,-0.53,15
2026-05-23T12:00:00Z,EE,1.93,15
2026-05-23T12:00:00Z,ES,-14.00,15
2026-05-23T12:00:00Z,FI,1.93,15
2026-05-23T12:00:00Z,FR,-26.80,15
2026-05-23T12:00:00Z,HR,-20.89,15
2026-05-23T12:00:00Z,HU,-42.10,15
2026-05-23T12:00:00Z,LT,-0.23,15
2026-05-23T12:00:00Z,LV,-0.23,15
2026-05-23T12:00:00Z,NL,-26.96,15
2026-05-23T12:00:00Z,NO1,0.86,15
2026-05-23T12:00:00Z,NO2,1.16,15
2026-05-23T12:00:00Z,NO3,12.42,15
2026-05-23T12:00:00Z,NO4,4.25,15
2026-05-23T12:00:00Z,NO5,36.61,15
2026-05-23T12:00:00Z,PL,3.07,15
2026-05-23T12:00:00Z,RS,2.00,15
2026-05-23T12:00:00Z,SE1,1.94,15
2026-05-23T12:00:00Z,SE2,1.39,15
2026-05-23T12:00:00Z,SE3,0.00,15
2026-05-23T12:00:00Z,SE4,-0.44,15
2026-05-23T12:00:00Z,SI,-24.86,15
2026-05-23T12:00:00Z,SK,-29.80,15
2026-05-23T12:15:00Z,AT,-20.10,15
2026-05-23T12:15:00Z,BE,-19.97,15
2026-05-23T12:15:00Z,CZ,-20.77,15
2026-05-23T12:15:00Z,DE-LU,-20.06,15
2026-05-23T12:15:00Z,DK1,-6.62,15
2026-05-23T12:15:00Z,DK2,-0.39,15
2026-05-23T12:15:00Z,EE,1.43,15
2026-05-23T12:15:00Z,ES,-8.00,15
2026-05-23T12:15:00Z,FI,1.43,15
2026-05-23T12:15:00Z,FR,-19.89,15
2026-05-23T12:15:00Z,HR,-15.50,15
2026-05-23T12:15:00Z,HU,-31.24,15
2026-05-23T12:15:00Z,LT,-0.17,15
2026-05-23T12:15:00Z,LV,-0.17,15
2026-05-23T12:15:00Z,NL,-20.00,15
2026-05-23T12:15:00Z,NO1,0.64,15
2026-05-23T12:15:00Z,NO2,0.86,15
2026-05-23T12:15:00Z,NO3,9.22,15
2026-05-23T12:15:00Z,NO4,3.16,15
2026-05-23T12:15:00Z,NO5,27.17,15
2026-05-23T12:15:00Z,PL,23.10,15
2026-05-23T12:15:00Z,SE1,1.44,15
2026-05-23T12:15:00Z,SE2,1.04,15
2026-05-23T12:15:00Z,SE4,-0.32,15
2026-05-23T12:15:00Z,SI,-18.45,15
2026-05-23T12:15:00Z,SK,-22.11,15
2026-05-23T12:30:00Z,AT,-13.57,15
2026-05-23T12:30:00Z,BE,-13.48,15
2026-05-23T12:30:00Z,CZ,-14.02,15
2026-05-23T12:30:00Z,DE-LU,-13.54,15
2026-05-23T12:30:00Z,DK1,-9.54,15
2026-05-23T12:30:00Z,DK2,-0.18,15
2026-05-23T12:30:00Z,EE,1.31,15
2026-05-23T12:30:00Z,ES,-8.98,15
2026-05-23T12:30:00Z,FI,1.31,15
2026-05-23T12:30:00Z,FR,-13.42,15
2026-05-23T12:30:00Z,HR,-10.46,15
2026-05-23T12:30:00Z,HU,-21.08,15
2026-05-23T12:30:00Z,LT,0.00,15
2026-05-23T12:30:00Z,LV,0.00,15
2026-05-23T12:30:00Z,NL,-13.50,15
2026-05-23T12:30:00Z,NO1,0.66,15
2026-05-23T12:30:00Z,NO2,0.85,15
2026-05-23T12:30:00Z,NO3,7.67,15
2026-05-23T12:30:00Z,NO4,2.72,15
2026-05-23T12:30:00Z,NO5,22.34,15
2026-05-23T12:30:00Z,PL,39.91,15
2026-05-23T12:30:00Z,PT,-2.10,15
2026-05-23T12:30:00Z,RO,-0.01,15
2026-05-23T12:30:00Z,SE1,1.32,15
2026-05-23T12:30:00Z,SE2,0.99,15
2026-05-23T12:30:00Z,SE3,0.14,15
2026-05-23T12:30:00Z,SE4,-0.12,15
2026-05-23T12:30:00Z,SI,-12.45,15
2026-05-23T12:30:00Z,SK,-14.92,15
2026-05-23T12:45:00Z,AT,-13.08,15
2026-05-23T12:45:00Z,BE,-13.00,15
2026-05-23T12:45:00Z,CZ,-13.52,15
2026-05-23T12:45:00Z,DE-LU,-13.05,15
2026-05-23T12:45:00Z,DK1,-9.23,15
2026-05-23T12:45:00Z,DK2,-0.28,15
2026-05-23T12:45:00Z,EE,1.14,15
2026-05-23T12:45:00Z,ES,-9.00,15
2026-05-23T12:45:00Z,FI,1.14,15
2026-05-23T12:45:00Z,FR,-12.94,15
2026-05-23T12:45:00Z,HR,-10.09,15
2026-05-23T12:45:00Z,HU,-20.33,15
2026-05-23T12:45:00Z,LT,0.01,15
2026-05-23T12:45:00Z,LV,0.01,15
2026-05-23T12:45:00Z,NL,-13.02,15
2026-05-23T12:45:00Z,NO1,0.52,15
2026-05-23T12:45:00Z,NO2,0.69,15
2026-05-23T12:45:00Z,NO3,7.22,15
2026-05-23T12:45:00Z,NO4,2.49,15
2026-05-23T12:45:00Z,NO5,21.24,15
2026-05-23T12:45:00Z,PL,40.00,15
2026-05-23T12:45:00Z,SE1,1.14,15
2026-05-23T12:45:00Z,SE2,0.83,15
2026-05-23T12:45:00Z,SE3,0.02,15
2026-05-23T12:45:00Z,SE4,-0.23,15
2026-05-23T12:45:00Z,SI,-12.01,15
2026-05-23T12:45:00Z,SK,-14.39,15
2026-05-23T13:00:00Z,AT,-8.67,15
2026-05-23T13:00:00Z,BE,-8.67,15
2026-05-23T13:00:00Z,CH,-26.57,60
2026-05-23T13:00:00Z,CZ,-8.67,15
2026-05-23T13:00:00Z,DE-LU,-8.67,15
2026-05-23T13:00:00Z,DK1,-5.06,15
2026-05-23T13:00:00Z,DK2,0.00,15
2026-05-23T13:00:00Z,EE,0.97,15
2026-05-23T13:00:00Z,ES,-5.99,15
2026-05-23T13:00:00Z,FI,0.97,15
2026-05-23T13:00:00Z,FR,-8.67,15
2026-05-23T13:00:00Z,GR,-1.01,15
2026-05-23T13:00:00Z,HR,-8.67,15
2026-05-23T13:00:00Z,HU,-8.67,15
2026-05-23T13:00:00Z,LT,0.00,15
2026-05-23T13:00:00Z,LV,0.00,15
2026-05-23T13:00:00Z,NL,-8.67,15
2026-05-23T13:00:00Z,NO1,0.55,15
2026-05-23T13:00:00Z,NO2,0.51,15
2026-05-23T13:00:00Z,NO3,5.07,15
2026-05-23T13:00:00Z,NO4,1.88,15
2026-05-23T13:00:00Z,NO5,14.57,15
2026-05-23T13:00:00Z,PL,1.22,15
2026-05-23T13:00:00Z,PT,-2.00,15
2026-05-23T13:00:00Z,RO,-8.67,15
2026-05-23T13:00:00Z,RS,3.04,15
2026-05-23T13:00:00Z,SE1,0.97,15
2026-05-23T13:00:00Z,SE2,0.75,15
2026-05-23T13:00:00Z,SE3,0.21,15
2026-05-23T13:00:00Z,SE4,0.04,15
2026-05-23T13:00:00Z,SI,-8.67,15
2026-05-23T13:00:00Z,SK,-8.67,15
2026-05-23T13:15:00Z,AT,-3.23,15
2026-05-23T13:15:00Z,BE,-3.23,15
2026-05-23T13:15:00Z,CZ,-3.23,15
2026-05-23T13:15:00Z,DE-LU,-3.23,15
2026-05-23T13:15:00Z,DK1,-3.23,15
2026-05-23T13:15:00Z,DK2,0.51,15
2026-05-23T13:15:00Z,EE,0.92,15
2026-05-23T13:15:00Z,ES,-4.00,15
2026-05-23T13:15:00Z,FI,0.92,15
2026-05-23T13:15:00Z,FR,-3.23,15
2026-05-23T13:15:00Z,GR,-3.23,15
2026-05-23T13:15:00Z,HR,-3.23,15
2026-05-23T13:15:00Z,HU,-3.23,15
2026-05-23T13:15:00Z,LT,0.56,15
2026-05-23T13:15:00Z,LV,0.56,15
2026-05-23T13:15:00Z,NL,-3.23,15
2026-05-23T13:15:00Z,NO1,0.74,15
2026-05-23T13:15:00Z,NO2,0.72,15
2026-05-23T13:15:00Z,NO3,2.68,15
2026-05-23T13:15:00Z,NO4,1.31,15
2026-05-23T13:15:00Z,NO5,6.77,15
2026-05-23T13:15:00Z,PL,14.13,15
2026-05-23T13:15:00Z,RO,-3.23,15
2026-05-23T13:15:00Z,SE1,0.92,15
2026-05-23T13:15:00Z,SE2,0.83,15
2026-05-23T13:15:00Z,SE3,0.59,15
2026-05-23T13:15:00Z,SE4,0.52,15
2026-05-23T13:15:00Z,SI,-3.23,15
2026-05-23T13:15:00Z,SK,-3.23,15
2026-05-23T13:30:00Z,AT,-2.10,15
2026-05-23T13:30:00Z,BE,-2.10,15
2026-05-23T13:30:00Z,CZ,-2.10,15
2026-05-23T13:30:00Z,DE-LU,-2.10,15
2026-05-23T13:30:00Z,DK1,-1.34,15
2026-05-23T13:30:00Z,DK2,0.78,15
2026-05-23T13:30:00Z,EE,1.10,15
2026-05-23T13:30:00Z,ES,-3.15,15
2026-05-23T13:30:00Z,FI,1.10,15
2026-05-23T13:30:00Z,FR,-2.10,15
2026-05-23T13:30:00Z,GR,-2.10,15
2026-05-23T13:30:00Z,HR,-2.10,15
2026-05-23T13:30:00Z,HU,-2.10,15
2026-05-23T13:30:00Z,LT,0.82,15
2026-05-23T13:30:00Z,LV,0.82,15
2026-05-23T13:30:00Z,NL,-2.10,15
2026-05-23T13:30:00Z,NO1,0.96,15
2026-05-23T13:30:00Z,NO2,0.95,15
2026-05-23T13:30:00Z,NO3,2.45,15
2026-05-23T13:30:00Z,NO4,1.40,15
2026-05-23T13:30:00Z,NO5,5.59,15
2026-05-23T13:30:00Z,PL,39.90,15
2026-05-23T13:30:00Z,RO,-2.10,15
2026-05-23T13:30:00Z,SE1,1.10,15
2026-05-23T13:30:00Z,SE2,1.03,15
2026-05-23T13:30:00Z,SE3,0.85,15
2026-05-23T13:30:00Z,SE4,0.79,15
2026-05-23T13:30:00Z,SI,-2.10,15
2026-05-23T13:30:00Z,SK,-2.10,15
2026-05-23T13:45:00Z,AT,-2.00,15
2026-05-23T13:45:00Z,BE,-2.00,15
2026-05-23T13:45:00Z,CZ,-2.00,15
2026-05-23T13:45:00Z,DE-LU,-2.00,15
2026-05-23T13:45:00Z,DK1,-1.18,15
2026-05-23T13:45:00Z,DK2,1.12,15
2026-05-23T13:45:00Z,EE,1.46,15
2026-05-23T13:45:00Z,ES,-1.00,15
2026-05-23T13:45:00Z,FI,1.46,15
2026-05-23T13:45:00Z,FR,-2.00,15
2026-05-23T13:45:00Z,GR,-2.00,15
2026-05-23T13:45:00Z,HR,-2.00,15
2026-05-23T13:45:00Z,HU,-2.00,15
2026-05-23T13:45:00Z,IT-CNorth,12.53,15
2026-05-23T13:45:00Z,IT-North,12.53,15
2026-05-23T13:45:00Z,LT,1.16,15
2026-05-23T13:45:00Z,LV,1.16,15
2026-05-23T13:45:00Z,NL,-2.00,15
2026-05-23T13:45:00Z,NO1,1.31,15
2026-05-23T13:45:00Z,NO2,1.30,15
2026-05-23T13:45:00Z,NO3,2.93,15
2026-05-23T13:45:00Z,NO4,1.79,15
2026-05-23T13:45:00Z,NO5,6.31,15
2026-05-23T13:45:00Z,PL,48.05,15
2026-05-23T13:45:00Z,RO,-2.00,15
2026-05-23T13:45:00Z,SE1,1.46,15
2026-05-23T13:45:00Z,SE2,1.39,15
2026-05-23T13:45:00Z,SE3,1.19,15
2026-05-23T13:45:00Z,SE4,1.13,15
2026-05-23T13:45:00Z,SI,-2.00,15
2026-05-23T13:45:00Z,SK,-2.00,15
2026-05-23T14:00:00Z,AT,-1.07,15
2026-05-23T14:00:00Z,BE,-1.07,15
2026-05-23T14:00:00Z,CH,-3.86,60
2026-05-23T14:00:00Z,CZ,-1.07,15
2026-05-23T14:00:00Z,DE-LU,-1.07,15
2026-05-23T14:00:00Z,DK1,-1.07,15
2026-05-23T14:00:00Z,DK2,1.30,15
2026-05-23T14:00:00Z,EE,1.56,15
2026-05-23T14:00:00Z,ES,-0.82,15
2026-05-23T14:00:00Z,FI,1.56,15
2026-05-23T14:00:00Z,FR,-1.07,15
2026-05-23T14:00:00Z,GR,-1.00,15
2026-05-23T14:00:00Z,HR,-1.07,15
2026-05-23T14:00:00Z,HU,-1.07,15
2026-05-23T14:00:00Z,IT-CNorth,1.00,15
2026-05-23T14:00:00Z,IT-North,1.00,15
2026-05-23T14:00:00Z,LT,1.33,15
2026-05-23T14:00:00Z,LV,1.33,15
2026-05-23T14:00:00Z,NL,-1.07,15
2026-05-23T14:00:00Z,NO1,1.44,15
2026-05-23T14:00:00Z,NO2,1.43,15
2026-05-23T14:00:00Z,NO3,2.67,15
2026-05-23T14:00:00Z,NO4,1.80,15
2026-05-23T14:00:00Z,NO5,5.21,15
2026-05-23T14:00:00Z,PL,1.19,15
2026-05-23T14:00:00Z,PT,-1.07,15
2026-05-23T14:00:00Z,RO,-1.07,15
2026-05-23T14:00:00Z,RS,19.21,15
2026-05-23T14:00:00Z,SE1,1.56,15
2026-05-23T14:00:00Z,SE2,1.50,15
2026-05-23T14:00:00Z,SE3,1.35,15
2026-05-23T14:00:00Z,SE4,1.31,15
2026-05-23T14:00:00Z,SI,-1.07,15
2026-05-23T14:00:00Z,SK,-1.07,15
2026-05-23T14:15:00Z,AT,-0.09,15
2026-05-23T14:15:00Z,BE,-0.09,15
2026-05-23T14:15:00Z,CZ,-0.09,15
2026-05-23T14:15:00Z,DE-LU,-0.09,15
2026-05-23T14:15:00Z,DK1,-0.09,15
2026-05-23T14:15:00Z,DK2,1.69,15
2026-05-23T14:15:00Z,EE,1.88,15
2026-05-23T14:15:00Z,ES,-1.00,15
2026-05-23T14:15:00Z,FI,1.88,15
2026-05-23T14:15:00Z,FR,-0.09,15
2026-05-23T14:15:00Z,GR,-0.09,15
2026-05-23T14:15:00Z,HR,-0.09,15
2026-05-23T14:15:00Z,HU,-0.09,15
2026-05-23T14:15:00Z,LT,1.71,15
2026-05-23T14:15:00Z,LV,1.71,15
2026-05-23T14:15:00Z,NL,-0.09,15
2026-05-23T14:15:00Z,NO1,1.80,15
2026-05-23T14:15:00Z,NO2,1.79,15
2026-05-23T14:15:00Z,NO3,2.71,15
2026-05-23T14:15:00Z,NO4,2.06,15
2026-05-23T14:15:00Z,NO5,4.59,15
2026-05-23T14:15:00Z,PL,4.71,15
2026-05-23T14:15:00Z,PT,-1.00,15
2026-05-23T14:15:00Z,RO,-0.09,15
2026-05-23T14:15:00Z,SE1,1.88,15
2026-05-23T14:15:00Z,SE2,1.84,15
2026-05-23T14:15:00Z,SE3,1.73,15
2026-05-23T14:15:00Z,SE4,1.70,15
2026-05-23T14:15:00Z,SI,-0.09,15
2026-05-23T14:15:00Z,SK,-0.09,15
2026-05-23T14:30:00Z,AT,0.00,15
2026-05-23T14:30:00Z,BE,0.00,15
2026-05-23T14:30:00Z,CZ,0.00,15
2026-05-23T14:30:00Z,DE-LU,0.00,15
2026-05-23T14:30:00Z,DK1,0.00,15
2026-05-23T14:30:00Z,DK2,1.80,15
2026-05-23T14:30:00Z,EE,1.99,15
2026-05-23T14:30:00Z,ES,-0.49,15
2026-05-23T14:30:00Z,FI,1.99,15
2026-05-23T14:30:00Z,FR,-0.01,15
2026-05-23T14:30:00Z,GR,0.00,15
2026-05-23T14:30:00Z,HR,0.00,15
2026-05-23T14:30:00Z,HU,0.00,15
2026-05-23T14:30:00Z,IT-CNorth,20.99,15
2026-05-23T14:30:00Z,IT-North,20.99,15
2026-05-23T14:30:00Z,LT,1.82,15
2026-05-23T14:30:00Z,LV,1.82,15
2026-05-23T14:30:00Z,NL,0.00,15
2026-05-23T14:30:00Z,NO1,1.91,15
2026-05-23T14:30:00Z,NO2,1.90,15
2026-05-23T14:30:00Z,NO3,2.82,15
2026-05-23T14:30:00Z,NO4,2.18,15
2026-05-23T14:30:00Z,NO5,4.73,15
2026-05-23T14:30:00Z,PL,71.48,15
2026-05-23T14:30:00Z,RO,0.00,15
2026-05-23T14:30:00Z,SE1,1.99,15
2026-05-23T14:30:00Z,SE2,1.95,15
2026-05-23T14:30:00Z,SE3,1.84,15
2026-05-23T14:30:00Z,SE4,1.80,15
2026-05-23T14:30:00Z,SI,0.00,15
2026-05-23T14:30:00Z,SK,0.00,15
2026-05-23T14:45:00Z,AT,0.01,15
2026-05-23T14:45:00Z,BE,0.01,15
2026-05-23T14:45:00Z,CZ,0.01,15
2026-05-23T14:45:00Z,DE-LU,0.01,15
2026-05-23T14:45:00Z,DK1,0.01,15
2026-05-23T14:45:00Z,DK2,2.43,15
2026-05-23T14:45:00Z,EE,2.69,15
2026-05-23T14:45:00Z,ES,0.01,15
2026-05-23T14:45:00Z,FI,2.69,15
2026-05-23T14:45:00Z,GR,0.01,15
2026-05-23T14:45:00Z,HR,0.01,15
2026-05-23T14:45:00Z,HU,0.01,15
2026-05-23T14:45:00Z,IT-CNorth,24.09,15
2026-05-23T14:45:00Z,IT-CSouth,0.01,15
2026-05-23T14:45:00Z,IT-North,24.09,15
2026-05-23T14:45:00Z,IT-Sardinia,0.01,15
2026-05-23T14:45:00Z,IT-Sicily,0.01,15
2026-05-23T14:45:00Z,IT-South,0.01,15
2026-05-23T14:45:00Z,LT,2.46,15
2026-05-23T14:45:00Z,LV,2.46,15
2026-05-23T14:45:00Z,NL,0.01,15
2026-05-23T14:45:00Z,NO1,2.58,15
2026-05-23T14:45:00Z,NO2,2.56,15
2026-05-23T14:45:00Z,NO3,3.81,15
2026-05-23T14:45:00Z,NO4,2.94,15
2026-05-23T14:45:00Z,NO5,6.37,15
2026-05-23T14:45:00Z,PL,99.84,15
2026-05-23T14:45:00Z,RO,0.01,15
2026-05-23T14:45:00Z,SE1,2.69,15
2026-05-23T14:45:00Z,SE2,2.64,15
2026-05-23T14:45:00Z,SE3,2.49,15
2026-05-23T14:45:00Z,SE4,2.44,15
2026-05-23T14:45:00Z,SI,0.01,15
2026-05-23T14:45:00Z,SK,0.01,15
2026-05-23T15:00:00Z,AT,0.11,15
2026-05-23T15:00:00Z,BE,0.08,15
2026-05-23T15:00:00Z,CH,56.40,60
2026-05-23T15:00:00Z,CZ,0.11,15
2026-05-23T15:00:00Z,DE-LU,0.10,15
2026-05-23T15:00:00Z,DK1,0.10,15
2026-05-23T15:00:00Z,DK2,1.61,15
2026-05-23T15:00:00Z,EE,1.61,15
2026-05-23T15:00:00Z,ES,0.00,15
2026-05-23T15:00:00Z,FI,1.61,15
2026-05-23T15:00:00Z,GR,0.11,15
2026-05-23T15:00:00Z,HR,0.11,15
2026-05-23T15:00:00Z,HU,0.11,15
2026-05-23T15:00:00Z,IT-CNorth,46.40,15
2026-05-23T15:00:00Z,IT-CSouth,34.07,15
2026-05-23T15:00:00Z,IT-North,46.40,15
2026-05-23T15:00:00Z,IT-Sardinia,34.07,15
2026-05-23T15:00:00Z,IT-Sicily,34.07,15
2026-05-23T15:00:00Z,IT-South,34.07,15
2026-05-23T15:00:00Z,LT,1.61,15
2026-05-23T15:00:00Z,LV,1.61,15
2026-05-23T15:00:00Z,NL,0.09,15
2026-05-23T15:00:00Z,NO1,1.61,15
2026-05-23T15:00:00Z,NO2,1.61,15
2026-05-23T15:00:00Z,NO3,1.61,15
2026-05-23T15:00:00Z,NO4,1.61,15
2026-05-23T15:00:00Z,NO5,1.61,15
2026-05-23T15:00:00Z,PL,90.91,15
2026-05-23T15:00:00Z,PT,-0.81,15
2026-05-23T15:00:00Z,RO,0.11,15
2026-05-23T15:00:00Z,RS,80.07,15
2026-05-23T15:00:00Z,SE1,1.61,15
2026-05-23T15:00:00Z,SE2,1.61,15
2026-05-23T15:00:00Z,SE3,1.61,15
2026-05-23T15:00:00Z,SE4,1.61,15
2026-05-23T15:00:00Z,SI,0.11,15
2026-05-23T15:00:00Z,SK,0.11,15
2026-05-23T15:15:00Z,AT,4.13,15
2026-05-23T15:15:00Z,BE,3.29,15
2026-05-23T15:15:00Z,CZ,3.98,15
2026-05-23T15:15:00Z,DE-LU,3.80,15
2026-05-23T15:15:00Z,DK1,3.80,15
2026-05-23T15:15:00Z,DK2,3.95,15
2026-05-23T15:15:00Z,EE,3.95,15
2026-05-23T15:15:00Z,ES,1.00,15
2026-05-23T15:15:00Z,FI,3.95,15
2026-05-23T15:15:00Z,GR,4.09,15
2026-05-23T15:15:00Z,HR,4.14,15
2026-05-23T15:15:00Z,HU,4.07,15
2026-05-23T15:15:00Z,IT-CNorth,75.00,15
2026-05-23T15:15:00Z,IT-CSouth,63.43,15
2026-05-23T15:15:00Z,IT-North,75.00,15
2026-05-23T15:15:00Z,IT-Sardinia,63.43,15
2026-05-23T15:15:00Z,IT-Sicily,63.43,15
2026-05-23T15:15:00Z,IT-South,63.43,15
2026-05-23T15:15:00Z,LT,3.95,15
2026-05-23T15:15:00Z,LV,3.95,15
2026-05-23T15:15:00Z,NL,3.44,15
2026-05-23T15:15:00Z,NO1,49.10,15
2026-05-23T15:15:00Z,NO2,49.10,15
2026-05-23T15:15:00Z,NO3,28.80,15
2026-05-23T15:15:00Z,NO4,3.95,15
2026-05-23T15:15:00Z,NO5,49.10,15
2026-05-23T15:15:00Z,PL,99.84,15
2026-05-23T15:15:00Z,PT,-0.66,15
2026-05-23T15:15:00Z,RO,4.09,15
2026-05-23T15:15:00Z,SE1,3.95,15
2026-05-23T15:15:00Z,SE2,3.95,15
2026-05-23T15:15:00Z,SE3,3.95,15
2026-05-23T15:15:00Z,SE4,3.95,15
2026-05-23T15:15:00Z,SI,4.17,15
2026-05-23T15:15:00Z,SK,4.02,15
2026-05-23T15:30:00Z,AT,60.40,15
2026-05-23T15:30:00Z,BE,48.11,15
2026-05-23T15:30:00Z,CZ,58.15,15
2026-05-23T15:30:00Z,DE-LU,55.51,15
2026-05-23T15:30:00Z,DK1,55.51,15
2026-05-23T15:30:00Z,DK2,52.95,15
2026-05-23T15:30:00Z,EE,14.09,15
2026-05-23T15:30:00Z,ES,-0.07,15
2026-05-23T15:30:00Z,FI,14.09,15
2026-05-23T15:30:00Z,GR,59.76,15
2026-05-23T15:30:00Z,HR,60.53,15
2026-05-23T15:30:00Z,HU,59.51,15
2026-05-23T15:30:00Z,IT-CNorth,120.96,15
2026-05-23T15:30:00Z,IT-CSouth,120.96,15
2026-05-23T15:30:00Z,IT-North,120.96,15
2026-05-23T15:30:00Z,IT-Sardinia,120.96,15
2026-05-23T15:30:00Z,IT-Sicily,120.96,15
2026-05-23T15:30:00Z,IT-South,120.96,15
2026-05-23T15:30:00Z,LT,14.09,15
2026-05-23T15:30:00Z,LV,14.09,15
2026-05-23T15:30:00Z,NL,50.25,15
2026-05-23T15:30:00Z,NO1,72.19,15
2026-05-23T15:30:00Z,NO2,72.19,15
2026-05-23T15:30:00Z,NO3,46.06,15
2026-05-23T15:30:00Z,NO4,14.09,15
2026-05-23T15:30:00Z,NO5,72.19,15
2026-05-23T15:30:00Z,PL,132.09,15
2026-05-23T15:30:00Z,PT,-0.01,15
2026-05-23T15:30:00Z,RO,59.76,15
2026-05-23T15:30:00Z,SE1,14.09,15
2026-05-23T15:30:00Z,SE2,14.09,15
2026-05-23T15:30:00Z,SE3,14.09,15
2026-05-23T15:30:00Z,SE4,14.09,15
2026-05-23T15:30:00Z,SI,60.92,15
2026-05-23T15:30:00Z,SK,58.79,15
2026-05-23T15:45:00Z,AT,128.82,15
2026-05-23T15:45:00Z,BE,102.60,15
2026-05-23T15:45:00Z,CZ,124.02,15
2026-05-23T15:45:00Z,DE-LU,118.38,15
2026-05-23T15:45:00Z,DK1,118.38,15
2026-05-23T15:45:00Z,DK2,116.25,15
2026-05-23T15:45:00Z,EE,19.21,15
2026-05-23T15:45:00Z,ES,0.00,15
2026-05-23T15:45:00Z,FI,19.21,15
2026-05-23T15:45:00Z,FR,0.00,15
2026-05-23T15:45:00Z,GR,120.00,15
2026-05-23T15:45:00Z,HR,129.08,15
2026-05-23T15:45:00Z,HU,126.91,15
2026-05-23T15:45:00Z,IT-CNorth,143.61,15
2026-05-23T15:45:00Z,IT-CSouth,143.61,15
2026-05-23T15:45:00Z,IT-North,143.61,15
2026-05-23T15:45:00Z,IT-Sardinia,143.61,15
2026-05-23T15:45:00Z,IT-Sicily,143.61,15
2026-05-23T15:45:00Z,IT-South,143.61,15
2026-05-23T15:45:00Z,LT,19.21,15
2026-05-23T15:45:00Z,LV,19.21,15
2026-05-23T15:45:00Z,NL,107.17,15
2026-05-23T15:45:00Z,NO1,94.28,15
2026-05-23T15:45:00Z,NO2,94.28,15
2026-05-23T15:45:00Z,NO3,60.52,15
2026-05-23T15:45:00Z,NO4,19.21,15
2026-05-23T15:45:00Z,NO5,94.28,15
2026-05-23T15:45:00Z,PL,134.23,15
2026-05-23T15:45:00Z,PT,0.00,15
2026-05-23T15:45:00Z,RO,127.44,15
2026-05-23T15:45:00Z,SE1,19.21,15
2026-05-23T15:45:00Z,SE2,19.21,15
2026-05-23T15:45:00Z,SE3,19.21,15
2026-05-23T15:45:00Z,SE4,19.21,15
2026-05-23T15:45:00Z,SI,129.91,15
2026-05-23T15:45:00Z,SK,125.38,15
2026-05-23T16:00:00Z,AT,91.22,15
2026-05-23T16:00:00Z,BE,72.08,15
2026-05-23T16:00:00Z,CH,120.73,60
2026-05-23T16:00:00Z,CZ,85.08,15
2026-05-23T16:00:00Z,DE-LU,82.37,15
2026-05-23T16:00:00Z,DK1,82.37,15
2026-05-23T16:00:00Z,DK2,80.88,15
2026-05-23T16:00:00Z,EE,8.42,15
2026-05-23T16:00:00Z,ES,-0.01,15
2026-05-23T16:00:00Z,FI,8.42,15
2026-05-23T16:00:00Z,FR,0.01,15
2026-05-23T16:00:00Z,GR,108.64,15
2026-05-23T16:00:00Z,HR,98.44,15
2026-05-23T16:00:00Z,HU,112.18,15
2026-05-23T16:00:00Z,IT-CNorth,141.35,15
2026-05-23T16:00:00Z,IT-CSouth,141.35,15
2026-05-23T16:00:00Z,IT-North,141.35,15
2026-05-23T16:00:00Z,IT-Sardinia,141.35,15
2026-05-23T16:00:00Z,IT-Sicily,141.35,15
2026-05-23T16:00:00Z,IT-South,141.35,15
2026-05-23T16:00:00Z,LT,8.67,15
2026-05-23T16:00:00Z,LV,8.67,15
2026-05-23T16:00:00Z,NL,75.14,15
2026-05-23T16:00:00Z,NO1,87.21,15
2026-05-23T16:00:00Z,NO2,93.44,15
2026-05-23T16:00:00Z,NO3,51.97,15
2026-05-23T16:00:00Z,NO4,7.40,15
2026-05-23T16:00:00Z,NO5,76.99,15
2026-05-23T16:00:00Z,PL,174.00,15
2026-05-23T16:00:00Z,PT,0.01,15
2026-05-23T16:00:00Z,RO,108.64,15
2026-05-23T16:00:00Z,RS,118.61,15
2026-05-23T16:00:00Z,SE1,8.05,15
2026-05-23T16:00:00Z,SE2,8.20,15
2026-05-23T16:00:00Z,SE3,8.61,15
2026-05-23T16:00:00Z,SE4,8.73,15
2026-05-23T16:00:00Z,SI,95.12,15
2026-05-23T16:00:00Z,SK,89.75,15
2026-05-23T16:15:00Z,AT,123.62,15
2026-05-23T16:15:00Z,BE,99.40,15
2026-05-23T16:15:00Z,CZ,119.18,15
2026-05-23T16:15:00Z,DE-LU,113.59,15
2026-05-23T16:15:00Z,DK1,103.61,15
2026-05-23T16:15:00Z,DK2,101.74,15
2026-05-23T16:15:00Z,EE,14.99,15
2026-05-23T16:15:00Z,ES,0.84,15
2026-05-23T16:15:00Z,FI,14.99,15
2026-05-23T16:15:00Z,FR,1.61,15
2026-05-23T16:15:00Z,GR,122.33,15
2026-05-23T16:15:00Z,HR,124.18,15
2026-05-23T16:15:00Z,HU,121.87,15
2026-05-23T16:15:00Z,IT-CNorth,155.61,15
2026-05-23T16:15:00Z,IT-CSouth,155.61,15
2026-05-23T16:15:00Z,IT-North,155.61,15
2026-05-23T16:15:00Z,IT-Sardinia,155.61,15
2026-05-23T16:15:00Z,IT-Sicily,155.61,15
2026-05-23T16:15:00Z,IT-South,155.61,15
2026-05-23T16:15:00Z,LT,15.32,15
2026-05-23T16:15:00Z,LV,15.32,15
2026-05-23T16:15:00Z,NL,103.61,15
2026-05-23T16:15:00Z,NO1,89.30,15
2026-05-23T16:15:00Z,NO2,97.32,15
2026-05-23T16:15:00Z,NO3,54.91,15
2026-05-23T16:15:00Z,NO4,13.68,15
2026-05-23T16:15:00Z,NO5,76.16,15
2026-05-23T16:15:00Z,PL,118.25,15
2026-05-23T16:15:00Z,PT,0.84,15
2026-05-23T16:15:00Z,RO,122.33,15
2026-05-23T16:15:00Z,SE1,14.51,15
2026-05-23T16:15:00Z,SE2,14.71,15
2026-05-23T16:15:00Z,SE3,15.23,15
2026-05-23T16:15:00Z,SE4,15.39,15
2026-05-23T16:15:00Z,SI,124.63,15
2026-05-23T16:15:00Z,SK,120.47,15
2026-05-23T16:30:00Z,AT,144.39,15
2026-05-23T16:30:00Z,BE,117.40,15
2026-05-23T16:30:00Z,CZ,138.84,15
2026-05-23T16:30:00Z,DE-LU,133.00,15
2026-05-23T16:30:00Z,DK1,122.03,15
2026-05-23T16:30:00Z,DK2,119.80,15
2026-05-23T16:30:00Z,EE,30.04,15
2026-05-23T16:30:00Z,ES,22.01,15
2026-05-23T16:30:00Z,FI,30.02,15
2026-05-23T16:30:00Z,FR,9.62,15
2026-05-23T16:30:00Z,GR,147.22,15
2026-05-23T16:30:00Z,HR,146.58,15
2026-05-23T16:30:00Z,HU,147.61,15
2026-05-23T16:30:00Z,IT-CNorth,154.97,15
2026-05-23T16:30:00Z,IT-CSouth,154.97,15
2026-05-23T16:30:00Z,IT-North,154.97,15
2026-05-23T16:30:00Z,IT-Sardinia,154.97,15
2026-05-23T16:30:00Z,IT-Sicily,154.97,15
2026-05-23T16:30:00Z,IT-South,154.97,15
2026-05-23T16:30:00Z,LT,51.96,15
2026-05-23T16:30:00Z,LV,51.96,15
2026-05-23T16:30:00Z,NL,122.03,15
2026-05-23T16:30:00Z,NO1,97.17,15
2026-05-23T16:30:00Z,NO2,105.80,15
2026-05-23T16:30:00Z,NO3,38.70,15
2026-05-23T16:30:00Z,NO4,14.35,15
2026-05-23T16:30:00Z,NO5,75.75,15
2026-05-23T16:30:00Z,PL,138.02,15
2026-05-23T16:30:00Z,PT,2.01,15
2026-05-23T16:30:00Z,RO,147.22,15
2026-05-23T16:30:00Z,SE1,12.89,15
2026-05-23T16:30:00Z,SE2,13.02,15
2026-05-23T16:30:00Z,SE3,46.91,15
2026-05-23T16:30:00Z,SE4,57.12,15
2026-05-23T16:30:00Z,SI,146.23,15
2026-05-23T16:30:00Z,SK,141.12,15
2026-05-23T16:45:00Z,AT,164.95,15
2026-05-23T16:45:00Z,BE,138.71,15
2026-05-23T16:45:00Z,CZ,160.14,15
2026-05-23T16:45:00Z,DE-LU,154.09,15
2026-05-23T16:45:00Z,DK1,143.27,15
2026-05-23T16:45:00Z,DK2,140.65,15
2026-05-23T16:45:00Z,EE,66.41,15
2026-05-23T16:45:00Z,ES,26.06,15
2026-05-23T16:45:00Z,FI,35.73,15
2026-05-23T16:45:00Z,FR,32.80,15
2026-05-23T16:45:00Z,GR,163.56,15
2026-05-23T16:45:00Z,HR,165.55,15
2026-05-23T16:45:00Z,HU,163.05,15
2026-05-23T16:45:00Z,IT-CNorth,159.68,15
2026-05-23T16:45:00Z,IT-CSouth,159.68,15
2026-05-23T16:45:00Z,IT-North,159.68,15
2026-05-23T16:45:00Z,IT-Sardinia,159.68,15
2026-05-23T16:45:00Z,IT-Sicily,159.68,15
2026-05-23T16:45:00Z,IT-South,159.68,15
2026-05-23T16:45:00Z,LT,66.41,15
2026-05-23T16:45:00Z,LV,66.41,15
2026-05-23T16:45:00Z,NL,143.27,15
2026-05-23T16:45:00Z,NO1,101.93,15
2026-05-23T16:45:00Z,NO2,111.42,15
2026-05-23T16:45:00Z,NO3,32.89,15
2026-05-23T16:45:00Z,NO4,14.24,15
2026-05-23T16:45:00Z,NO5,76.09,15
2026-05-23T16:45:00Z,PL,159.14,15
2026-05-23T16:45:00Z,PT,12.10,15
2026-05-23T16:45:00Z,RO,163.56,15
2026-05-23T16:45:00Z,SE1,11.87,15
2026-05-23T16:45:00Z,SE2,11.98,15
2026-05-23T16:45:00Z,SE3,59.35,15
2026-05-23T16:45:00Z,SE4,73.62,15
2026-05-23T16:45:00Z,SI,166.04,15
2026-05-23T16:45:00Z,SK,161.54,15
2026-05-23T17:00:00Z,AT,135.24,15
2026-05-23T17:00:00Z,BE,109.44,15
2026-05-23T17:00:00Z,CH,136.00,60
2026-05-23T17:00:00Z,CZ,130.84,15
2026-05-23T17:00:00Z,DE-LU,125.87,15
2026-05-23T17:00:00Z,DK1,114.11,15
2026-05-23T17:00:00Z,DK2,112.04,15
2026-05-23T17:00:00Z,EE,32.75,15
2026-05-23T17:00:00Z,ES,10.03,15
2026-05-23T17:00:00Z,FI,22.24,15
2026-05-23T17:00:00Z,FR,5.02,15
2026-05-23T17:00:00Z,GR,134.26,15
2026-05-23T17:00:00Z,HR,136.17,15
2026-05-23T17:00:00Z,HU,133.76,15
2026-05-23T17:00:00Z,IT-CNorth,155.61,15
2026-05-23T17:00:00Z,IT-CSouth,155.61,15
2026-05-23T17:00:00Z,IT-North,155.61,15
2026-05-23T17:00:00Z,IT-Sardinia,155.61,15
2026-05-23T17:00:00Z,IT-Sicily,155.61,15
2026-05-23T17:00:00Z,IT-South,155.61,15
2026-05-23T17:00:00Z,LT,32.75,15
2026-05-23T17:00:00Z,LV,32.75,15
2026-05-23T17:00:00Z,NL,114.11,15
2026-05-23T17:00:00Z,NO1,99.23,15
2026-05-23T17:00:00Z,NO2,110.14,15
2026-05-23T17:00:00Z,NO3,49.31,15
2026-05-23T17:00:00Z,NO4,14.74,15
2026-05-23T17:00:00Z,NO5,88.63,15
2026-05-23T17:00:00Z,PL,129.78,15
2026-05-23T17:00:00Z,PT,5.02,15
2026-05-23T17:00:00Z,RO,134.26,15
2026-05-23T17:00:00Z,RS,141.41,15
2026-05-23T17:00:00Z,SE1,14.04,15
2026-05-23T17:00:00Z,SE2,14.02,15
2026-05-23T17:00:00Z,SE3,30.21,15
2026-05-23T17:00:00Z,SE4,35.15,15
2026-05-23T17:00:00Z,SI,136.74,15
2026-05-23T17:00:00Z,SK,132.26,15
2026-05-23T17:15:00Z,AT,148.23,15
2026-05-23T17:15:00Z,BE,126.09,15
2026-05-23T17:15:00Z,CZ,144.45,15
2026-05-23T17:15:00Z,DE-LU,140.19,15
2026-05-23T17:15:00Z,DK1,130.10,15
2026-05-23T17:15:00Z,DK2,127.72,15
2026-05-23T17:15:00Z,EE,67.96,15
2026-05-23T17:15:00Z,ES,31.50,15
2026-05-23T17:15:00Z,FI,35.91,15
2026-05-23T17:15:00Z,FR,36.50,15
2026-05-23T17:15:00Z,GR,147.39,15
2026-05-23T17:15:00Z,HR,149.03,15
2026-05-23T17:15:00Z,HU,146.96,15
2026-05-23T17:15:00Z,IT-CNorth,159.68,15
2026-05-23T17:15:00Z,IT-CSouth,159.68,15
2026-05-23T17:15:00Z,IT-North,159.68,15
2026-05-23T17:15:00Z,IT-Sardinia,159.68,15
2026-05-23T17:15:00Z,IT-Sicily,159.68,15
2026-05-23T17:15:00Z,IT-South,159.68,15
2026-05-23T17:15:00Z,LT,67.96,15
2026-05-23T17:15:00Z,LV,67.96,15
2026-05-23T17:15:00Z,NL,130.10,15
2026-05-23T17:15:00Z,NO1,105.88,15
2026-05-23T17:15:00Z,NO2,111.88,15
2026-05-23T17:15:00Z,NO3,35.22,15
2026-05-23T17:15:00Z,NO4,14.37,15
2026-05-23T17:15:00Z,NO5,89.83,15
2026-05-23T17:15:00Z,PL,143.55,15
2026-05-23T17:15:00Z,PT,36.50,15
2026-05-23T17:15:00Z,RO,147.39,15
2026-05-23T17:15:00Z,SE1,11.17,15
2026-05-23T17:15:00Z,SE2,10.86,15
2026-05-23T17:15:00Z,SE3,60.21,15
2026-05-23T17:15:00Z,SE4,75.26,15
2026-05-23T17:15:00Z,SI,149.52,15
2026-05-23T17:15:00Z,SK,145.67,15
2026-05-23T17:30:00Z,AT,163.29,15
2026-05-23T17:30:00Z,BE,140.00,15
2026-05-23T17:30:00Z,CZ,159.32,15
2026-05-23T17:30:00Z,DE-LU,154.83,15
2026-05-23T17:30:00Z,DK1,144.21,15
2026-05-23T17:30:00Z,DK2,141.58,15
2026-05-23T17:30:00Z,EE,69.86,15
2026-05-23T17:30:00Z,ES,51.79,15
2026-05-23T17:30:00Z,FI,36.62,15
2026-05-23T17:30:00Z,FR,45.73,15
2026-05-23T17:30:00Z,GR,162.41,15
2026-05-23T17:30:00Z,HR,164.13,15
2026-05-23T17:30:00Z,HU,161.96,15
2026-05-23T17:30:00Z,IT-CNorth,182.66,15
2026-05-23T17:30:00Z,IT-CSouth,182.66,15
2026-05-23T17:30:00Z,IT-North,182.66,15
2026-05-23T17:30:00Z,IT-Sardinia,182.66,15
2026-05-23T17:30:00Z,IT-Sicily,182.66,15
2026-05-23T17:30:00Z,IT-South,182.66,15
2026-05-23T17:30:00Z,LT,69.86,15
2026-05-23T17:30:00Z,LV,69.86,15
2026-05-23T17:30:00Z,NL,144.21,15
2026-05-23T17:30:00Z,NO1,108.87,15
2026-05-23T17:30:00Z,NO2,114.02,15
2026-05-23T17:30:00Z,NO3,35.10,15
2026-05-23T17:30:00Z,NO4,14.07,15
2026-05-23T17:30:00Z,NO5,90.01,15
2026-05-23T17:30:00Z,PL,158.37,15
2026-05-23T17:30:00Z,PT,45.73,15
2026-05-23T17:30:00Z,RO,162.41,15
2026-05-23T17:30:00Z,SE1,10.92,15
2026-05-23T17:30:00Z,SE2,10.64,15
2026-05-23T17:30:00Z,SE3,61.82,15
2026-05-23T17:30:00Z,SE4,77.43,15
2026-05-23T17:30:00Z,SI,164.65,15
2026-05-23T17:30:00Z,SK,160.60,15
2026-05-23T17:45:00Z,AT,186.36,15
2026-05-23T17:45:00Z,BE,162.62,15
2026-05-23T17:45:00Z,CZ,182.31,15
2026-05-23T17:45:00Z,DE-LU,177.74,15
2026-05-23T17:45:00Z,DK1,166.92,15
2026-05-23T17:45:00Z,DK2,163.87,15
2026-05-23T17:45:00Z,EE,69.80,15
2026-05-23T17:45:00Z,ES,76.56,15
2026-05-23T17:45:00Z,FI,32.99,15
2026-05-23T17:45:00Z,FR,66.56,15
2026-05-23T17:45:00Z,GR,185.46,15
2026-05-23T17:45:00Z,HR,187.22,15
2026-05-23T17:45:00Z,HU,185.00,15
2026-05-23T17:45:00Z,IT-CNorth,182.05,15
2026-05-23T17:45:00Z,IT-CSouth,182.05,15
2026-05-23T17:45:00Z,IT-North,182.05,15
2026-05-23T17:45:00Z,IT-Sardinia,182.05,15
2026-05-23T17:45:00Z,IT-Sicily,182.05,15
2026-05-23T17:45:00Z,IT-South,182.05,15
2026-05-23T17:45:00Z,LT,69.80,15
2026-05-23T17:45:00Z,LV,69.80,15
2026-05-23T17:45:00Z,NL,166.92,15
2026-05-23T17:45:00Z,NO1,110.33,15
2026-05-23T17:45:00Z,NO2,114.10,15
2026-05-23T17:45:00Z,NO3,33.07,15
2026-05-23T17:45:00Z,NO4,10.15,15
2026-05-23T17:45:00Z,NO5,92.88,15
2026-05-23T17:45:00Z,PL,181.34,15
2026-05-23T17:45:00Z,PT,66.56,15
2026-05-23T17:45:00Z,RO,185.46,15
2026-05-23T17:45:00Z,SE1,6.60,15
2026-05-23T17:45:00Z,SE2,6.23,15
2026-05-23T17:45:00Z,SE3,60.37,15
2026-05-23T17:45:00Z,SE4,77.53,15
2026-05-23T17:45:00Z,SI,187.74,15
2026-05-23T17:45:00Z,SK,183.62,15
2026-05-23T18:00:00Z,AT,164.93,15
2026-05-23T18:00:00Z,BE,141.52,15
2026-05-23T18:00:00Z,CH,136.40,60
2026-05-23T18:00:00Z,CZ,162.48,15
2026-05-23T18:00:00Z,DE-LU,157.50,15
2026-05-23T18:00:00Z,DK1,145.92,15
2026-05-23T18:00:00Z,DK2,143.25,15
2026-05-23T18:00:00Z,EE,71.40,15
2026-05-23T18:00:00Z,ES,25.01,15
2026-05-23T18:00:00Z,FI,37.53,15
2026-05-23T18:00:00Z,FR,43.88,15
2026-05-23T18:00:00Z,GR,112.76,15
2026-05-23T18:00:00Z,HR,153.04,15
2026-05-23T18:00:00Z,HU,172.15,15
2026-05-23T18:00:00Z,IT-CNorth,162.07,15
2026-05-23T18:00:00Z,IT-CSouth,162.07,15
2026-05-23T18:00:00Z,IT-North,162.07,15
2026-05-23T18:00:00Z,IT-Sardinia,162.07,15
2026-05-23T18:00:00Z,IT-Sicily,162.07,15
2026-05-23T18:00:00Z,IT-South,162.07,15
2026-05-23T18:00:00Z,LT,71.40,15
2026-05-23T18:00:00Z,LV,71.40,15
2026-05-23T18:00:00Z,NL,145.92,15
2026-05-23T18:00:00Z,NO1,111.35,15
2026-05-23T18:00:00Z,NO2,114.44,15
2026-05-23T18:00:00Z,NO3,38.36,15
2026-05-23T18:00:00Z,NO4,14.83,15
2026-05-23T18:00:00Z,NO5,95.69,15
2026-05-23T18:00:00Z,PL,162.02,15
2026-05-23T18:00:00Z,PT,43.88,15
2026-05-23T18:00:00Z,RO,112.76,15
2026-05-23T18:00:00Z,RS,165.06,15
2026-05-23T18:00:00Z,SE1,11.44,15
2026-05-23T18:00:00Z,SE2,11.43,15
2026-05-23T18:00:00Z,SE3,63.07,15
2026-05-23T18:00:00Z,SE4,79.10,15
2026-05-23T18:00:00Z,SI,162.07,15
2026-05-23T18:00:00Z,SK,166.03,15
2026-05-23T18:15:00Z,AT,172.90,15
2026-05-23T18:15:00Z,BE,150.31,15
2026-05-23T18:15:00Z,CZ,170.10,15
2026-05-23T18:15:00Z,DE-LU,165.59,15
2026-05-23T18:15:00Z,DK1,154.52,15
2026-05-23T18:15:00Z,DK2,151.70,15
2026-05-23T18:15:00Z,EE,75.85,15
2026-05-23T18:15:00Z,ES,60.61,15
2026-05-23T18:15:00Z,FI,32.99,15
2026-05-23T18:15:00Z,FR,56.96,15
2026-05-23T18:15:00Z,GR,114.18,15
2026-05-23T18:15:00Z,HR,160.36,15
2026-05-23T18:15:00Z,HU,191.96,15
2026-05-23T18:15:00Z,IT-CNorth,165.21,15
2026-05-23T18:15:00Z,IT-CSouth,165.21,15
2026-05-23T18:15:00Z,IT-North,165.21,15
2026-05-23T18:15:00Z,IT-Sardinia,165.21,15
2026-05-23T18:15:00Z,IT-Sicily,165.21,15
2026-05-23T18:15:00Z,IT-South,165.21,15
2026-05-23T18:15:00Z,LT,75.85,15
2026-05-23T18:15:00Z,LV,75.85,15
2026-05-23T18:15:00Z,NL,154.52,15
2026-05-23T18:15:00Z,NO1,111.54,15
2026-05-23T18:15:00Z,NO3,38.38,15
2026-05-23T18:15:00Z,NO4,14.27,15
2026-05-23T18:15:00Z,NO5,96.09,15
2026-05-23T18:15:00Z,PL,170.19,15
2026-05-23T18:15:00Z,PT,56.96,15
2026-05-23T18:15:00Z,RO,114.18,15
2026-05-23T18:15:00Z,SE1,10.60,15
2026-05-23T18:15:00Z,SE2,10.41,15
2026-05-23T18:15:00Z,SE3,62.56,15
2026-05-23T18:15:00Z,SE4,82.16,15
2026-05-23T18:15:00Z,SI,170.29,15
2026-05-23T18:15:00Z,SK,175.91,15
2026-05-23T18:30:00Z,AT,192.20,15
2026-05-23T18:30:00Z,BE,167.86,15
2026-05-23T18:30:00Z,CZ,190.42,15
2026-05-23T18:30:00Z,DE-LU,184.68,15
2026-05-23T18:30:00Z,DK1,172.50,15
2026-05-23T18:30:00Z,DK2,169.39,15
2026-05-23T18:30:00Z,EE,8.66,15
2026-05-23T18:30:00Z,ES,71.06,15
2026-05-23T18:30:00Z,FI,8.66,15
2026-05-23T18:30:00Z,FR,65.56,15
2026-05-23T18:30:00Z,GR,111.54,15
2026-05-23T18:30:00Z,HR,173.33,15
2026-05-23T18:30:00Z,HU,204.47,15
2026-05-23T18:30:00Z,IT-CNorth,176.10,15
2026-05-23T18:30:00Z,IT-CSouth,176.10,15
2026-05-23T18:30:00Z,IT-North,176.10,15
2026-05-23T18:30:00Z,IT-Sardinia,176.10,15
2026-05-23T18:30:00Z,IT-Sicily,176.10,15
2026-05-23T18:30:00Z,IT-South,176.10,15
2026-05-23T18:30:00Z,LT,105.29,15
2026-05-23T18:30:00Z,LV,105.29,15
2026-05-23T18:30:00Z,NL,172.50,15
2026-05-23T18:30:00Z,NO1,112.06,15
2026-05-23T18:30:00Z,NO2,114.94,15
2026-05-23T18:30:00Z,NO3,40.68,15
2026-05-23T18:30:00Z,NO4,14.06,15
2026-05-23T18:30:00Z,NO5,96.90,15
2026-05-23T18:30:00Z,PL,190.22,15
2026-05-23T18:30:00Z,PT,65.56,15
2026-05-23T18:30:00Z,RO,111.54,15
2026-05-23T18:30:00Z,SE1,8.66,15
2026-05-23T18:30:00Z,SE2,7.35,15
2026-05-23T18:30:00Z,SE3,61.86,15
2026-05-23T18:30:00Z,SE4,103.69,15
2026-05-23T18:30:00Z,SI,187.08,15
2026-05-23T18:30:00Z,SK,195.36,15
2026-05-23T18:45:00Z,AT,196.81,15
2026-05-23T18:45:00Z,BE,175.17,15
2026-05-23T18:45:00Z,CZ,195.98,15
2026-05-23T18:45:00Z,DE-LU,190.31,15
2026-05-23T18:45:00Z,DK1,179.36,15
2026-05-23T18:45:00Z,DK2,176.13,15
2026-05-23T18:45:00Z,EE,6.29,15
2026-05-23T18:45:00Z,ES,105.20,15
2026-05-23T18:45:00Z,FI,6.29,15
2026-05-23T18:45:00Z,FR,83.44,15
2026-05-23T18:45:00Z,GR,100.92,15
2026-05-23T18:45:00Z,HR,174.01,15
2026-05-23T18:45:00Z,HU,211.43,15
2026-05-23T18:45:00Z,IT-CNorth,176.62,15
2026-05-23T18:45:00Z,IT-CSouth,176.62,15
2026-05-23T18:45:00Z,IT-North,176.62,15
2026-05-23T18:45:00Z,IT-Sardinia,176.62,15
2026-05-23T18:45:00Z,IT-Sicily,176.62,15
2026-05-23T18:45:00Z,IT-South,176.62,15
2026-05-23T18:45:00Z,LT,102.60,15
2026-05-23T18:45:00Z,LV,102.60,15
2026-05-23T18:45:00Z,NL,179.36,15
2026-05-23T18:45:00Z,NO1,112.20,15
2026-05-23T18:45:00Z,NO2,114.97,15
2026-05-23T18:45:00Z,NO3,38.46,15
2026-05-23T18:45:00Z,NO4,11.45,15
2026-05-23T18:45:00Z,NO5,96.84,15
2026-05-23T18:45:00Z,PL,196.02,15
2026-05-23T18:45:00Z,PT,83.44,15
2026-05-23T18:45:00Z,RO,100.92,15
2026-05-23T18:45:00Z,SE1,6.29,15
2026-05-23T18:45:00Z,SE2,5.00,15
2026-05-23T18:45:00Z,SE3,59.71,15
2026-05-23T18:45:00Z,SE4,100.54,15
2026-05-23T18:45:00Z,SI,190.25,15
2026-05-23T18:45:00Z,SK,201.38,15
2026-05-23T19:00:00Z,AT,165.92,15
2026-05-23T19:00:00Z,BE,161.00,15
2026-05-23T19:00:00Z,CH,140.42,60
2026-05-23T19:00:00Z,CZ,174.16,15
2026-05-23T19:00:00Z,DE-LU,180.88,15
2026-05-23T19:00:00Z,DK1,180.88,15
2026-05-23T19:00:00Z,DK2,177.58,15
2026-05-23T19:00:00Z,EE,71.00,15
2026-05-23T19:00:00Z,ES,103.77,15
2026-05-23T19:00:00Z,FI,37.84,15
2026-05-23T19:00:00Z,FR,91.37,15
2026-05-23T19:00:00Z,GR,118.62,15
2026-05-23T19:00:00Z,HR,164.60,15
2026-05-23T19:00:00Z,HU,168.84,15
2026-05-23T19:00:00Z,IT-CNorth,160.00,15
2026-05-23T19:00:00Z,IT-CSouth,160.00,15
2026-05-23T19:00:00Z,IT-North,160.00,15
2026-05-23T19:00:00Z,IT-Sardinia,160.00,15
2026-05-23T19:00:00Z,IT-Sicily,160.00,15
2026-05-23T19:00:00Z,IT-South,160.00,15
2026-05-23T19:00:00Z,LT,71.00,15
2026-05-23T19:00:00Z,LV,71.00,15
2026-05-23T19:00:00Z,NL,180.88,15
2026-05-23T19:00:00Z,NO1,109.92,15
2026-05-23T19:00:00Z,NO2,115.30,15
2026-05-23T19:00:00Z,NO3,36.68,15
2026-05-23T19:00:00Z,NO4,15.32,15
2026-05-23T19:00:00Z,NO5,90.57,15
2026-05-23T19:00:00Z,PL,175.83,15
2026-05-23T19:00:00Z,PT,91.37,15
2026-05-23T19:00:00Z,RO,167.93,15
2026-05-23T19:00:00Z,RS,160.35,15
2026-05-23T19:00:00Z,SE1,12.23,15
2026-05-23T19:00:00Z,SE2,12.81,15
2026-05-23T19:00:00Z,SE3,63.22,15
2026-05-23T19:00:00Z,SE4,78.56,15
2026-05-23T19:00:00Z,SI,163.53,15
2026-05-23T19:00:00Z,SK,171.58,15
2026-05-23T19:15:00Z,AT,163.58,15
2026-05-23T19:15:00Z,BE,165.00,15
2026-05-23T19:15:00Z,CZ,168.80,15
2026-05-23T19:15:00Z,DE-LU,173.03,15
2026-05-23T19:15:00Z,DK1,173.03,15
2026-05-23T19:15:00Z,DK2,169.88,15
2026-05-23T19:15:00Z,EE,70.50,15
2026-05-23T19:15:00Z,ES,100.70,15
2026-05-23T19:15:00Z,FI,37.11,15
2026-05-23T19:15:00Z,FR,95.70,15
2026-05-23T19:15:00Z,GR,120.00,15
2026-05-23T19:15:00Z,HR,162.82,15
2026-05-23T19:15:00Z,HU,165.47,15
2026-05-23T19:15:00Z,IT-CNorth,158.62,15
2026-05-23T19:15:00Z,IT-CSouth,158.62,15
2026-05-23T19:15:00Z,IT-North,158.62,15
2026-05-23T19:15:00Z,IT-Sardinia,158.62,15
2026-05-23T19:15:00Z,IT-Sicily,158.62,15
2026-05-23T19:15:00Z,IT-South,158.62,15
2026-05-23T19:15:00Z,LT,70.50,15
2026-05-23T19:15:00Z,LV,70.50,15
2026-05-23T19:15:00Z,NL,173.80,15
2026-05-23T19:15:00Z,NO1,109.68,15
2026-05-23T19:15:00Z,NO2,115.22,15
2026-05-23T19:15:00Z,NO3,35.88,15
2026-05-23T19:15:00Z,NO4,14.42,15
2026-05-23T19:15:00Z,NO5,90.01,15
2026-05-23T19:15:00Z,PL,169.88,15
2026-05-23T19:15:00Z,PT,95.70,15
2026-05-23T19:15:00Z,RO,164.91,15
2026-05-23T19:15:00Z,SE1,11.32,15
2026-05-23T19:15:00Z,SE2,11.90,15
2026-05-23T19:15:00Z,SE3,62.67,15
2026-05-23T19:15:00Z,SE4,78.12,15
2026-05-23T19:15:00Z,SI,162.16,15
2026-05-23T19:15:00Z,SK,167.19,15
2026-05-23T19:30:00Z,AT,156.63,15
2026-05-23T19:30:00Z,BE,167.57,15
2026-05-23T19:30:00Z,CZ,162.79,15
2026-05-23T19:30:00Z,DE-LU,167.90,15
2026-05-23T19:30:00Z,DK1,167.90,15
2026-05-23T19:30:00Z,DK2,164.85,15
2026-05-23T19:30:00Z,EE,20.05,15
2026-05-23T19:30:00Z,ES,104.48,15
2026-05-23T19:30:00Z,FI,20.03,15
2026-05-23T19:30:00Z,FR,96.81,15
2026-05-23T19:30:00Z,HR,155.76,15
2026-05-23T19:30:00Z,HU,158.87,15
2026-05-23T19:30:00Z,IT-CNorth,154.97,15
2026-05-23T19:30:00Z,IT-CSouth,154.97,15
2026-05-23T19:30:00Z,IT-North,154.97,15
2026-05-23T19:30:00Z,IT-Sardinia,154.97,15
2026-05-23T19:30:00Z,IT-Sicily,154.97,15
2026-05-23T19:30:00Z,IT-South,154.97,15
2026-05-23T19:30:00Z,LT,83.23,15
2026-05-23T19:30:00Z,LV,83.23,15
2026-05-23T19:30:00Z,NL,171.97,15
2026-05-23T19:30:00Z,NO1,110.30,15
2026-05-23T19:30:00Z,NO2,115.25,15
2026-05-23T19:30:00Z,NO3,33.34,15
2026-05-23T19:30:00Z,NO4,9.16,15
2026-05-23T19:30:00Z,NO5,90.96,15
2026-05-23T19:30:00Z,PL,164.12,15
2026-05-23T19:30:00Z,PT,96.81,15
2026-05-23T19:30:00Z,RO,158.21,15
2026-05-23T19:30:00Z,SE1,5.05,15
2026-05-23T19:30:00Z,SE2,4.99,15
2026-05-23T19:30:00Z,SE3,59.32,15
2026-05-23T19:30:00Z,SE4,86.71,15
2026-05-23T19:30:00Z,SI,154.97,15
2026-05-23T19:30:00Z,SK,160.91,15
2026-05-23T19:45:00Z,AT,155.90,15
2026-05-23T19:45:00Z,BE,159.73,15
2026-05-23T19:45:00Z,CZ,159.52,15
2026-05-23T19:45:00Z,DE-LU,162.45,15
2026-05-23T19:45:00Z,DK1,162.45,15
2026-05-23T19:45:00Z,DK2,159.51,15
2026-05-23T19:45:00Z,EE,15.21,15
2026-05-23T19:45:00Z,ES,98.38,15
2026-05-23T19:45:00Z,FI,15.20,15
2026-05-23T19:45:00Z,FR,95.70,15
2026-05-23T19:45:00Z,HR,155.43,15
2026-05-23T19:45:00Z,HU,157.24,15
2026-05-23T19:45:00Z,LT,88.05,15
2026-05-23T19:45:00Z,LV,88.05,15
2026-05-23T19:45:00Z,NL,163.46,15
2026-05-23T19:45:00Z,NO1,109.71,15
2026-05-23T19:45:00Z,NO2,114.98,15
2026-05-23T19:45:00Z,NO3,33.35,15
2026-05-23T19:45:00Z,NO4,9.04,15
2026-05-23T19:45:00Z,NO5,90.00,15
2026-05-23T19:45:00Z,PL,160.29,15
2026-05-23T19:45:00Z,PT,95.70,15
2026-05-23T19:45:00Z,RO,156.85,15
2026-05-23T19:45:00Z,SE1,4.73,15
2026-05-23T19:45:00Z,SE2,4.44,15
2026-05-23T19:45:00Z,SE3,58.66,15
2026-05-23T19:45:00Z,SE4,89.87,15
2026-05-23T19:45:00Z,SK,158.42,15
2026-05-23T20:00:00Z,AT,185.59,15
2026-05-23T20:00:00Z,BE,170.76,15
2026-05-23T20:00:00Z,CH,140.06,60
2026-05-23T20:00:00Z,CZ,183.36,15
2026-05-23T20:00:00Z,DE-LU,181.05,15
2026-05-23T20:00:00Z,DK1,174.53,15
2026-05-23T20:00:00Z,DK2,171.34,15
2026-05-23T20:00:00Z,EE,68.54,15
2026-05-23T20:00:00Z,ES,117.00,15
2026-05-23T20:00:00Z,FI,36.84,15
2026-05-23T20:00:00Z,FR,110.00,15
2026-05-23T20:00:00Z,GR,112.21,15
2026-05-23T20:00:00Z,HR,186.56,15
2026-05-23T20:00:00Z,HU,185.12,15
2026-05-23T20:00:00Z,IT-CNorth,159.68,15
2026-05-23T20:00:00Z,IT-CSouth,159.68,15
2026-05-23T20:00:00Z,IT-North,159.68,15
2026-05-23T20:00:00Z,IT-Sardinia,159.68,15
2026-05-23T20:00:00Z,IT-Sicily,159.68,15
2026-05-23T20:00:00Z,IT-South,159.68,15
2026-05-23T20:00:00Z,LT,68.54,15
2026-05-23T20:00:00Z,LV,68.54,15
2026-05-23T20:00:00Z,NL,173.52,15
2026-05-23T20:00:00Z,NO1,105.36,15
2026-05-23T20:00:00Z,NO2,115.03,15
2026-05-23T20:00:00Z,NO3,33.11,15
2026-05-23T20:00:00Z,NO4,14.74,15
2026-05-23T20:00:00Z,NO5,79.29,15
2026-05-23T20:00:00Z,PL,182.75,15
2026-05-23T20:00:00Z,PT,110.00,15
2026-05-23T20:00:00Z,RO,185.43,15
2026-05-23T20:00:00Z,RS,149.99,15
2026-05-23T20:00:00Z,SE1,12.23,15
2026-05-23T20:00:00Z,SE2,13.44,15
2026-05-23T20:00:00Z,SE3,61.24,15
2026-05-23T20:00:00Z,SE4,75.89,15
2026-05-23T20:00:00Z,SI,186.90,15
2026-05-23T20:00:00Z,SK,184.17,15
2026-05-23T20:15:00Z,AT,162.55,15
2026-05-23T20:15:00Z,BE,150.71,15
2026-05-23T20:15:00Z,CZ,160.76,15
2026-05-23T20:15:00Z,DE-LU,158.92,15
2026-05-23T20:15:00Z,DK1,152.91,15
2026-05-23T20:15:00Z,DK2,150.12,15
2026-05-23T20:15:00Z,EE,63.34,15
2026-05-23T20:15:00Z,ES,105.51,15
2026-05-23T20:15:00Z,FI,30.15,15
2026-05-23T20:15:00Z,FR,102.24,15
2026-05-23T20:15:00Z,GR,116.18,15
2026-05-23T20:15:00Z,HR,163.31,15
2026-05-23T20:15:00Z,HU,162.17,15
2026-05-23T20:15:00Z,IT-CNorth,158.62,15
2026-05-23T20:15:00Z,IT-CSouth,158.62,15
2026-05-23T20:15:00Z,IT-North,158.62,15
2026-05-23T20:15:00Z,IT-Sardinia,158.62,15
2026-05-23T20:15:00Z,IT-Sicily,158.62,15
2026-05-23T20:15:00Z,IT-South,158.62,15
2026-05-23T20:15:00Z,LT,63.34,15
2026-05-23T20:15:00Z,LV,63.34,15
2026-05-23T20:15:00Z,NL,152.91,15
2026-05-23T20:15:00Z,NO1,105.39,15
2026-05-23T20:15:00Z,NO2,114.92,15
2026-05-23T20:15:00Z,NO3,28.48,15
2026-05-23T20:15:00Z,NO4,7.09,15
2026-05-23T20:15:00Z,NO5,79.01,15
2026-05-23T20:15:00Z,PL,160.28,15
2026-05-23T20:15:00Z,PT,102.24,15
2026-05-23T20:15:00Z,RO,162.41,15
2026-05-23T20:15:00Z,SE1,4.40,15
2026-05-23T20:15:00Z,SE2,5.65,15
2026-05-23T20:15:00Z,SE3,55.70,15
2026-05-23T20:15:00Z,SE4,71.04,15
2026-05-23T20:15:00Z,SI,163.59,15
2026-05-23T20:15:00Z,SK,161.41,15
2026-05-23T20:30:00Z,AT,151.42,15
2026-05-23T20:30:00Z,BE,143.27,15
2026-05-23T20:30:00Z,CZ,150.19,15
2026-05-23T20:30:00Z,DE-LU,148.92,15
2026-05-23T20:30:00Z,DK1,144.78,15
2026-05-23T20:30:00Z,DK2,142.16,15
2026-05-23T20:30:00Z,EE,10.00,15
2026-05-23T20:30:00Z,ES,114.42,15
2026-05-23T20:30:00Z,FI,9.99,15
2026-05-23T20:30:00Z,FR,109.89,15
2026-05-23T20:30:00Z,GR,118.90,15
2026-05-23T20:30:00Z,HR,151.95,15
2026-05-23T20:30:00Z,HU,151.16,15
2026-05-23T20:30:00Z,IT-CNorth,147.24,15
2026-05-23T20:30:00Z,IT-CSouth,147.24,15
2026-05-23T20:30:00Z,IT-North,147.24,15
2026-05-23T20:30:00Z,IT-Sardinia,147.24,15
2026-05-23T20:30:00Z,IT-Sicily,147.24,15
2026-05-23T20:30:00Z,IT-South,147.24,15
2026-05-23T20:30:00Z,LT,75.83,15
2026-05-23T20:30:00Z,LV,75.83,15
2026-05-23T20:30:00Z,NL,144.78,15
2026-05-23T20:30:00Z,NO1,104.67,15
2026-05-23T20:30:00Z,NO2,114.89,15
2026-05-23T20:30:00Z,NO3,33.35,15
2026-05-23T20:30:00Z,NO4,7.33,15
2026-05-23T20:30:00Z,NO5,78.97,15
2026-05-23T20:30:00Z,PL,149.86,15
2026-05-23T20:30:00Z,PT,109.89,15
2026-05-23T20:30:00Z,RO,151.32,15
2026-05-23T20:30:00Z,SE1,4.22,15
2026-05-23T20:30:00Z,SE2,4.39,15
2026-05-23T20:30:00Z,SE3,48.33,15
2026-05-23T20:30:00Z,SE4,76.25,15
2026-05-23T20:30:00Z,SI,152.13,15
2026-05-23T20:30:00Z,SK,150.63,15
2026-05-23T20:45:00Z,AT,141.66,15
2026-05-23T20:45:00Z,BE,131.98,15
2026-05-23T20:45:00Z,CZ,140.52,15
2026-05-23T20:45:00Z,DE-LU,138.77,15
2026-05-23T20:45:00Z,DK1,133.80,15
2026-05-23T20:45:00Z,DK2,131.39,15
2026-05-23T20:45:00Z,EE,10.87,15
2026-05-23T20:45:00Z,ES,94.80,15
2026-05-23T20:45:00Z,FI,7.16,15
2026-05-23T20:45:00Z,FR,92.00,15
2026-05-23T20:45:00Z,GR,120.00,15
2026-05-23T20:45:00Z,HR,139.77,15
2026-05-23T20:45:00Z,HU,143.08,15
2026-05-23T20:45:00Z,IT-CNorth,141.66,15
2026-05-23T20:45:00Z,IT-CSouth,141.66,15
2026-05-23T20:45:00Z,IT-North,141.66,15
2026-05-23T20:45:00Z,IT-Sardinia,141.66,15
2026-05-23T20:45:00Z,IT-Sicily,141.66,15
2026-05-23T20:45:00Z,IT-South,141.66,15
2026-05-23T20:45:00Z,LT,10.87,15
2026-05-23T20:45:00Z,LV,10.87,15
2026-05-23T20:45:00Z,NL,133.80,15
2026-05-23T20:45:00Z,NO1,101.27,15
2026-05-23T20:45:00Z,NO2,114.76,15
2026-05-23T20:45:00Z,NO3,49.59,15
2026-05-23T20:45:00Z,NO4,2.93,15
2026-05-23T20:45:00Z,PL,140.22,15
2026-05-23T20:45:00Z,PT,92.00,15
2026-05-23T20:45:00Z,RO,129.43,15
2026-05-23T20:45:00Z,SE1,3.95,15
2026-05-23T20:45:00Z,SE2,4.37,15
2026-05-23T20:45:00Z,SE3,10.00,15
2026-05-23T20:45:00Z,SE4,11.73,15
2026-05-23T20:45:00Z,SI,141.66,15
2026-05-23T20:45:00Z,SK,141.50,15
2026-05-23T21:00:00Z,AT,158.62,15
2026-05-23T21:00:00Z,BE,145.04,15
2026-05-23T21:00:00Z,CH,133.85,60
2026-05-23T21:00:00Z,CZ,156.20,15
2026-05-23T21:00:00Z,DE-LU,153.60,15
2026-05-23T21:00:00Z,DK1,147.47,15
2026-05-23T21:00:00Z,DK2,144.81,15
2026-05-23T21:00:00Z,EE,12.89,15
2026-05-23T21:00:00Z,ES,92.48,15
2026-05-23T21:00:00Z,FI,8.08,15
2026-05-23T21:00:00Z,FR,91.22,15
2026-05-23T21:00:00Z,GR,119.10,15
2026-05-23T21:00:00Z,HR,159.07,15
2026-05-23T21:00:00Z,HU,157.77,15
2026-05-23T21:00:00Z,IT-CNorth,158.62,15
2026-05-23T21:00:00Z,IT-CSouth,158.62,15
2026-05-23T21:00:00Z,IT-North,158.62,15
2026-05-23T21:00:00Z,IT-Sardinia,158.62,15
2026-05-23T21:00:00Z,IT-Sicily,158.62,15
2026-05-23T21:00:00Z,IT-South,158.62,15
2026-05-23T21:00:00Z,LT,12.89,15
2026-05-23T21:00:00Z,LV,12.89,15
2026-05-23T21:00:00Z,NL,147.47,15
2026-05-23T21:00:00Z,NO1,96.97,15
2026-05-23T21:00:00Z,NO2,114.34,15
2026-05-23T21:00:00Z,NO3,47.51,15
2026-05-23T21:00:00Z,NO4,3.16,15
2026-05-23T21:00:00Z,NO5,73.51,15
2026-05-23T21:00:00Z,PL,155.68,15
2026-05-23T21:00:00Z,PT,91.22,15
2026-05-23T21:00:00Z,RO,158.06,15
2026-05-23T21:00:00Z,RS,132.00,15
2026-05-23T21:00:00Z,SE1,4.02,15
2026-05-23T21:00:00Z,SE2,4.50,15
2026-05-23T21:00:00Z,SE3,11.73,15
2026-05-23T21:00:00Z,SE4,14.01,15
2026-05-23T21:00:00Z,SI,159.36,15
2026-05-23T21:00:00Z,SK,156.91,15
2026-05-23T21:15:00Z,AT,154.17,15
2026-05-23T21:15:00Z,BE,139.63,15
2026-05-23T21:15:00Z,CZ,151.58,15
2026-05-23T21:15:00Z,DE-LU,148.80,15
2026-05-23T21:15:00Z,DK1,142.24,15
2026-05-23T21:15:00Z,DK2,135.46,15
2026-05-23T21:15:00Z,EE,7.38,15
2026-05-23T21:15:00Z,ES,87.50,15
2026-05-23T21:15:00Z,FI,5.66,15
2026-05-23T21:15:00Z,FR,82.00,15
2026-05-23T21:15:00Z,GR,120.00,15
2026-05-23T21:15:00Z,HR,154.65,15
2026-05-23T21:15:00Z,HU,153.27,15
2026-05-23T21:15:00Z,IT-CNorth,154.97,15
2026-05-23T21:15:00Z,IT-CSouth,154.97,15
2026-05-23T21:15:00Z,IT-North,154.97,15
2026-05-23T21:15:00Z,IT-Sardinia,154.97,15
2026-05-23T21:15:00Z,IT-Sicily,154.97,15
2026-05-23T21:15:00Z,IT-South,154.97,15
2026-05-23T21:15:00Z,LT,7.38,15
2026-05-23T21:15:00Z,LV,7.38,15
2026-05-23T21:15:00Z,NL,142.24,15
2026-05-23T21:15:00Z,NO1,93.96,15
2026-05-23T21:15:00Z,NO2,114.26,15
2026-05-23T21:15:00Z,NO3,48.91,15
2026-05-23T21:15:00Z,NO4,2.92,15
2026-05-23T21:15:00Z,NO5,73.22,15
2026-05-23T21:15:00Z,PL,151.03,15
2026-05-23T21:15:00Z,PT,82.00,15
2026-05-23T21:15:00Z,RO,153.58,15
2026-05-23T21:15:00Z,SE1,4.00,15
2026-05-23T21:15:00Z,SE2,4.34,15
2026-05-23T21:15:00Z,SE3,6.95,15
2026-05-23T21:15:00Z,SE4,7.78,15
2026-05-23T21:15:00Z,SI,154.97,15
2026-05-23T21:15:00Z,SK,152.34,15
2026-05-23T21:30:00Z,AT,144.27,15
2026-05-23T21:30:00Z,BE,130.71,15
2026-05-23T21:30:00Z,CZ,141.85,15
2026-05-23T21:30:00Z,DE-LU,139.27,15
2026-05-23T21:30:00Z,DK1,133.14,15
2026-05-23T21:30:00Z,DK2,117.51,15
2026-05-23T21:30:00Z,EE,7.47,15
2026-05-23T21:30:00Z,ES,83.80,15
2026-05-23T21:30:00Z,FI,5.00,15
2026-05-23T21:30:00Z,FR,77.00,15
2026-05-23T21:30:00Z,HR,144.72,15
2026-05-23T21:30:00Z,HU,143.43,15
2026-05-23T21:30:00Z,IT-CNorth,144.27,15
2026-05-23T21:30:00Z,IT-CSouth,144.27,15
2026-05-23T21:30:00Z,IT-North,144.27,15
2026-05-23T21:30:00Z,IT-Sardinia,144.27,15
2026-05-23T21:30:00Z,IT-Sicily,144.27,15
2026-05-23T21:30:00Z,IT-South,144.27,15
2026-05-23T21:30:00Z,LT,7.47,15
2026-05-23T21:30:00Z,LV,7.47,15
2026-05-23T21:30:00Z,NL,133.14,15
2026-05-23T21:30:00Z,NO1,93.93,15
2026-05-23T21:30:00Z,NO2,114.31,15
2026-05-23T21:30:00Z,NO3,48.28,15
2026-05-23T21:30:00Z,NO4,2.35,15
2026-05-23T21:30:00Z,NO5,73.06,15
2026-05-23T21:30:00Z,PL,141.34,15
2026-05-23T21:30:00Z,PT,77.00,15
2026-05-23T21:30:00Z,RO,143.71,15
2026-05-23T21:30:00Z,SE1,3.37,15
2026-05-23T21:30:00Z,SE2,3.75,15
2026-05-23T21:30:00Z,SE4,7.99,15
2026-05-23T21:30:00Z,SI,145.01,15
2026-05-23T21:30:00Z,SK,142.56,15
2026-05-23T21:45:00Z,AT,142.68,15
2026-05-23T21:45:00Z,BE,127.14,15
2026-05-23T21:45:00Z,CZ,139.91,15
2026-05-23T21:45:00Z,DE-LU,136.94,15
2026-05-23T21:45:00Z,DK1,129.92,15
2026-05-23T21:45:00Z,DK2,111.13,15
2026-05-23T21:45:00Z,EE,6.91,15
2026-05-23T21:45:00Z,ES,65.52,15
2026-05-23T21:45:00Z,FI,4.49,15
2026-05-23T21:45:00Z,FR,65.56,15
2026-05-23T21:45:00Z,HR,143.19,15
2026-05-23T21:45:00Z,HU,141.71,15
2026-05-23T21:45:00Z,IT-CNorth,143.53,15
2026-05-23T21:45:00Z,IT-CSouth,143.53,15
2026-05-23T21:45:00Z,IT-North,143.53,15
2026-05-23T21:45:00Z,IT-Sardinia,143.53,15
2026-05-23T21:45:00Z,IT-Sicily,143.53,15
2026-05-23T21:45:00Z,IT-South,143.53,15
2026-05-23T21:45:00Z,LT,6.91,15
2026-05-23T21:45:00Z,LV,6.91,15
2026-05-23T21:45:00Z,NL,129.92,15
2026-05-23T21:45:00Z,NO1,63.63,15
2026-05-23T21:45:00Z,NO2,114.17,15
2026-05-23T21:45:00Z,NO3,38.60,15
2026-05-23T21:45:00Z,NO4,4.64,15
2026-05-23T21:45:00Z,NO5,72.80,15
2026-05-23T21:45:00Z,PL,139.32,15
2026-05-23T21:45:00Z,PT,65.56,15
2026-05-23T21:45:00Z,RO,142.04,15
2026-05-23T21:45:00Z,SE1,3.49,15
2026-05-23T21:45:00Z,SE2,3.40,15
2026-05-23T21:45:00Z,SE3,6.43,15
2026-05-23T21:45:00Z,SE4,7.42,15
2026-05-23T21:45:00Z,SI,143.53,15
2026-05-23T21:45:00Z,SK,140.72,15
2026-05-23T22:00:00Z,AT,159.08,15
2026-05-23T22:00:00Z,BE,142.30,15
2026-05-23T22:00:00Z,CH,133.09,60
2026-05-23T22:00:00Z,CZ,156.06,15
2026-05-23T22:00:00Z,DE-LU,153.00,15
2026-05-23T22:00:00Z,DK1,145.13,15
2026-05-23T22:00:00Z,DK2,142.48,15
2026-05-23T22:00:00Z,EE,25.43,15
2026-05-23T22:00:00Z,ES,75.56,15
2026-05-23T22:00:00Z,FI,25.40,15
2026-05-23T22:00:00Z,FR,77.99,15
2026-05-23T22:00:00Z,GR,112.00,15
2026-05-23T22:00:00Z,HR,159.47,15
2026-05-23T22:00:00Z,HU,158.05,15
2026-05-23T22:00:00Z,IT-CNorth,143.44,15
2026-05-23T22:00:00Z,IT-CSouth,143.44,15
2026-05-23T22:00:00Z,IT-North,143.44,15
2026-05-23T22:00:00Z,IT-Sardinia,143.44,15
2026-05-23T22:00:00Z,IT-Sicily,143.44,15
2026-05-23T22:00:00Z,IT-South,143.44,15
2026-05-23T22:00:00Z,LT,53.34,15
2026-05-23T22:00:00Z,LV,53.34,15
2026-05-23T22:00:00Z,NL,145.13,15
2026-05-23T22:00:00Z,NO1,88.46,15
2026-05-23T22:00:00Z,NO2,112.37,15
2026-05-23T22:00:00Z,NO3,27.96,15
2026-05-23T22:00:00Z,NO4,7.40,15
2026-05-23T22:00:00Z,NO5,81.28,15
2026-05-23T22:00:00Z,PL,155.48,15
2026-05-23T22:00:00Z,PT,77.99,15
2026-05-23T22:00:00Z,RO,158.41,15
2026-05-23T22:00:00Z,RS,129.79,15
2026-05-23T22:00:00Z,SE1,4.17,15
2026-05-23T22:00:00Z,SE2,4.10,15
2026-05-23T22:00:00Z,SE3,47.15,15
2026-05-23T22:00:00Z,SE4,59.86,15
2026-05-23T22:00:00Z,SI,160.03,15
2026-05-23T22:00:00Z,SK,156.98,15
2026-05-23T22:15:00Z,AT,156.45,15
2026-05-23T22:15:00Z,BE,138.85,15
2026-05-23T22:15:00Z,CZ,153.29,15
2026-05-23T22:15:00Z,DE-LU,150.07,15
2026-05-23T22:15:00Z,DK1,141.82,15
2026-05-23T22:15:00Z,DK2,139.25,15
2026-05-23T22:15:00Z,EE,15.08,15
2026-05-23T22:15:00Z,ES,55.90,15
2026-05-23T22:15:00Z,FI,15.06,15
2026-05-23T22:15:00Z,FR,71.40,15
2026-05-23T22:15:00Z,GR,114.90,15
2026-05-23T22:15:00Z,HR,156.86,15
2026-05-23T22:15:00Z,HU,155.37,15
2026-05-23T22:15:00Z,IT-CNorth,139.50,15
2026-05-23T22:15:00Z,IT-CSouth,139.50,15
2026-05-23T22:15:00Z,IT-North,139.50,15
2026-05-23T22:15:00Z,IT-Sardinia,139.50,15
2026-05-23T22:15:00Z,IT-Sicily,139.50,15
2026-05-23T22:15:00Z,IT-South,139.50,15
2026-05-23T22:15:00Z,LT,29.27,15
2026-05-23T22:15:00Z,LV,29.27,15
2026-05-23T22:15:00Z,NL,141.82,15
2026-05-23T22:15:00Z,NO1,69.87,15
2026-05-23T22:15:00Z,NO2,112.39,15
2026-05-23T22:15:00Z,NO3,31.05,15
2026-05-23T22:15:00Z,NO4,6.73,15
2026-05-23T22:15:00Z,NO5,73.51,15
2026-05-23T22:15:00Z,PL,152.67,15
2026-05-23T22:15:00Z,PT,71.40,15
2026-05-23T22:15:00Z,RO,155.75,15
2026-05-23T22:15:00Z,SE1,4.47,15
2026-05-23T22:15:00Z,SE2,4.26,15
2026-05-23T22:15:00Z,SE3,26.13,15
2026-05-23T22:15:00Z,SE4,32.58,15
2026-05-23T22:15:00Z,SI,157.45,15
2026-05-23T22:15:00Z,SK,154.25,15
2026-05-23T22:30:00Z,AT,141.95,15
2026-05-23T22:30:00Z,BE,129.99,15
2026-05-23T22:30:00Z,CZ,139.37,15
2026-05-23T22:30:00Z,DE-LU,136.77,15
2026-05-23T22:30:00Z,DK1,131.83,15
2026-05-23T22:30:00Z,DK2,129.44,15
2026-05-23T22:30:00Z,EE,12.70,15
2026-05-23T22:30:00Z,ES,41.38,15
2026-05-23T22:30:00Z,FI,12.69,15
2026-05-23T22:30:00Z,FR,56.88,15
2026-05-23T22:30:00Z,GR,116.43,15
2026-05-23T22:30:00Z,HR,142.34,15
2026-05-23T22:30:00Z,HU,141.10,15
2026-05-23T22:30:00Z,IT-CNorth,135.61,15
2026-05-23T22:30:00Z,IT-CSouth,135.61,15
2026-05-23T22:30:00Z,IT-North,135.61,15
2026-05-23T22:30:00Z,IT-Sardinia,135.61,15
2026-05-23T22:30:00Z,IT-Sicily,135.61,15
2026-05-23T22:30:00Z,IT-South,135.61,15
2026-05-23T22:30:00Z,LT,24.00,15
2026-05-23T22:30:00Z,LV,24.00,15
2026-05-23T22:30:00Z,NL,131.83,15
2026-05-23T22:30:00Z,NO1,67.95,15
2026-05-23T22:30:00Z,NO2,112.38,15
2026-05-23T22:30:00Z,NO3,32.50,15
2026-05-23T22:30:00Z,NO4,6.29,15
2026-05-23T22:30:00Z,NO5,72.86,15
2026-05-23T22:30:00Z,PL,138.90,15
2026-05-23T22:30:00Z,PT,56.88,15
2026-05-23T22:30:00Z,RO,141.42,15
2026-05-23T22:30:00Z,SE1,4.32,15
2026-05-23T22:30:00Z,SE2,4.09,15
2026-05-23T22:30:00Z,SE3,21.50,15
2026-05-23T22:30:00Z,SE4,26.64,15
2026-05-23T22:30:00Z,SI,142.83,15
2026-05-23T22:30:00Z,SK,140.18,15
2026-05-23T22:45:00Z,AT,142.29,15
2026-05-23T22:45:00Z,BE,123.20,15
2026-05-23T22:45:00Z,CZ,138.86,15
2026-05-23T22:45:00Z,DE-LU,135.37,15
2026-05-23T22:45:00Z,DK1,126.42,15
2026-05-23T22:45:00Z,DK2,124.14,15
2026-05-23T22:45:00Z,EE,6.85,15
2026-05-23T22:45:00Z,ES,34.50,15
2026-05-23T22:45:00Z,FI,6.85,15
2026-05-23T22:45:00Z,FR,50.00,15
2026-05-23T22:45:00Z,GR,116.92,15
2026-05-23T22:45:00Z,HR,142.74,15
2026-05-23T22:45:00Z,HU,141.12,15
2026-05-23T22:45:00Z,IT-CNorth,126.69,15
2026-05-23T22:45:00Z,IT-CSouth,126.69,15
2026-05-23T22:45:00Z,IT-North,126.69,15
2026-05-23T22:45:00Z,IT-Sardinia,126.69,15
2026-05-23T22:45:00Z,IT-Sicily,126.69,15
2026-05-23T22:45:00Z,IT-South,126.69,15
2026-05-23T22:45:00Z,LT,10.89,15
2026-05-23T22:45:00Z,LV,10.89,15
2026-05-23T22:45:00Z,NL,126.42,15
2026-05-23T22:45:00Z,NO1,64.28,15
2026-05-23T22:45:00Z,NO2,112.39,15
2026-05-23T22:45:00Z,NO3,36.80,15
2026-05-23T22:45:00Z,NO4,5.28,15
2026-05-23T22:45:00Z,NO5,72.16,15
2026-05-23T22:45:00Z,PL,138.19,15
2026-05-23T22:45:00Z,PT,50.00,15
2026-05-23T22:45:00Z,RO,141.53,15
2026-05-23T22:45:00Z,SE1,4.03,15
2026-05-23T22:45:00Z,SE2,3.80,15
2026-05-23T22:45:00Z,SE3,10.00,15
2026-05-23T22:45:00Z,SE4,11.83,15
2026-05-23T22:45:00Z,SI,143.37,15
2026-05-23T22:45:00Z,SK,139.91,15
2026-05-23T23:00:00Z,AT,140.97,15
2026-05-23T23:00:00Z,BE,136.87,15
2026-05-23T23:00:00Z,CH,128.38,60
2026-05-23T23:00:00Z,CZ,139.17,15
2026-05-23T23:00:00Z,DE-LU,137.14,15
2026-05-23T23:00:00Z,DK1,137.14,15
2026-05-23T23:00:00Z,DK2,134.67,15
2026-05-23T23:00:00Z,EE,6.88,15
2026-05-23T23:00:00Z,ES,38.50,15
2026-05-23T23:00:00Z,FI,6.88,15
2026-05-23T23:00:00Z,FR,54.00,15
2026-05-23T23:00:00Z,GR,125.63,15
2026-05-23T23:00:00Z,HR,141.33,15
2026-05-23T23:00:00Z,HU,140.43,15
2026-05-23T23:00:00Z,IT-CNorth,134.06,15
2026-05-23T23:00:00Z,IT-CSouth,134.06,15
2026-05-23T23:00:00Z,IT-North,134.06,15
2026-05-23T23:00:00Z,IT-Sardinia,134.06,15
2026-05-23T23:00:00Z,IT-Sicily,134.06,15
2026-05-23T23:00:00Z,IT-South,134.06,15
2026-05-23T23:00:00Z,LT,10.95,15
2026-05-23T23:00:00Z,LV,10.95,15
2026-05-23T23:00:00Z,NL,137.14,15
2026-05-23T23:00:00Z,NO1,63.11,15
2026-05-23T23:00:00Z,NO2,114.10,15
2026-05-23T23:00:00Z,NO3,36.26,15
2026-05-23T23:00:00Z,NO4,5.34,15
2026-05-23T23:00:00Z,NO5,71.50,15
2026-05-23T23:00:00Z,PL,138.91,15
2026-05-23T23:00:00Z,PT,54.00,15
2026-05-23T23:00:00Z,RO,140.65,15
2026-05-23T23:00:00Z,RS,128.39,15
2026-05-23T23:00:00Z,SE1,4.06,15
2026-05-23T23:00:00Z,SE3,10.06,15
2026-05-23T23:00:00Z,SE4,11.90,15
2026-05-23T23:00:00Z,SI,141.68,15
2026-05-23T23:00:00Z,SK,139.79,15
2026-05-23T23:15:00Z,AT,140.59,15
2026-05-23T23:15:00Z,BE,136.08,15
2026-05-23T23:15:00Z,CZ,138.61,15
2026-05-23T23:15:00Z,DE-LU,136.38,15
2026-05-23T23:15:00Z,DK1,136.38,15
2026-05-23T23:15:00Z,DK2,133.92,15
2026-05-23T23:15:00Z,EE,6.85,15
2026-05-23T23:15:00Z,ES,29.50,15
2026-05-23T23:15:00Z,FI,6.70,15
2026-05-23T23:15:00Z,FR,45.00,15
2026-05-23T23:15:00Z,GR,118.65,15
2026-05-23T23:15:00Z,HR,140.99,15
2026-05-23T23:15:00Z,HU,139.99,15
2026-05-23T23:15:00Z,IT-CNorth,119.22,15
2026-05-23T23:15:00Z,IT-CSouth,119.22,15
2026-05-23T23:15:00Z,IT-North,119.22,15
2026-05-23T23:15:00Z,IT-Sardinia,119.22,15
2026-05-23T23:15:00Z,IT-Sicily,119.22,15
2026-05-23T23:15:00Z,IT-South,119.22,15
2026-05-23T23:15:00Z,LT,10.93,15
2026-05-23T23:15:00Z,LV,10.93,15
2026-05-23T23:15:00Z,NL,136.38,15
2026-05-23T23:15:00Z,NO1,62.52,15
2026-05-23T23:15:00Z,NO3,35.67,15
2026-05-23T23:15:00Z,NO4,5.06,15
2026-05-23T23:15:00Z,NO5,70.96,15
2026-05-23T23:15:00Z,PL,138.32,15
2026-05-23T23:15:00Z,PT,45.00,15
2026-05-23T23:15:00Z,RO,140.24,15
2026-05-23T23:15:00Z,SE1,3.75,15
2026-05-23T23:15:00Z,SE2,3.49,15
2026-05-23T23:15:00Z,SE3,10.00,15
2026-05-23T23:15:00Z,SE4,11.92,15
2026-05-23T23:15:00Z,SI,141.37,15
2026-05-23T23:15:00Z,SK,139.29,15
2026-05-23T23:30:00Z,AT,135.66,15
2026-05-23T23:30:00Z,BE,130.00,15
2026-05-23T23:30:00Z,CZ,133.57,15
2026-05-23T23:30:00Z,DE-LU,131.20,15
2026-05-23T23:30:00Z,DK1,130.53,15
2026-05-23T23:30:00Z,DK2,128.18,15
2026-05-23T23:30:00Z,ES,28.50,15
2026-05-23T23:30:00Z,FI,4.93,15
2026-05-23T23:30:00Z,FR,40.50,15
2026-05-23T23:30:00Z,GR,117.40,15
2026-05-23T23:30:00Z,HR,136.06,15
2026-05-23T23:30:00Z,HU,135.02,15
2026-05-23T23:30:00Z,IT-CNorth,119.88,15
2026-05-23T23:30:00Z,IT-CSouth,119.88,15
2026-05-23T23:30:00Z,IT-North,119.88,15
2026-05-23T23:30:00Z,IT-Sardinia,119.88,15
2026-05-23T23:30:00Z,IT-Sicily,119.88,15
2026-05-23T23:30:00Z,IT-South,119.88,15
2026-05-23T23:30:00Z,LT,9.14,15
2026-05-23T23:30:00Z,LV,9.14,15
2026-05-23T23:30:00Z,NL,130.53,15
2026-05-23T23:30:00Z,NO1,59.64,15
2026-05-23T23:30:00Z,NO2,114.09,15
2026-05-23T23:30:00Z,NO3,28.87,15
2026-05-23T23:30:00Z,NO4,3.67,15
2026-05-23T23:30:00Z,NO5,70.95,15
2026-05-23T23:30:00Z,PL,133.25,15
2026-05-23T23:30:00Z,PT,40.50,15
2026-05-23T23:30:00Z,RO,135.27,15
2026-05-23T23:30:00Z,SE1,3.40,15
2026-05-23T23:30:00Z,SE2,3.48,15
2026-05-23T23:30:00Z,SE3,8.42,15
2026-05-23T23:30:00Z,SE4,9.96,15
2026-05-23T23:30:00Z,SI,136.46,15
2026-05-23T23:30:00Z,SK,134.28,15
2026-05-23T23:45:00Z,AT,133.48,15
2026-05-23T23:45:00Z,BE,127.34,15
2026-05-23T23:45:00Z,CZ,131.29,15
2026-05-23T23:45:00Z,DE-LU,128.79,15
2026-05-23T23:45:00Z,DK1,127.94,15
2026-05-23T23:45:00Z,DK2,125.64,15
2026-05-23T23:45:00Z,ES,16.96,15
2026-05-23T23:45:00Z,FI,4.80,15
2026-05-23T23:45:00Z,FR,35.02,15
2026-05-23T23:45:00Z,GR,116.45,15
2026-05-23T23:45:00Z,HR,133.89,15
2026-05-23T23:45:00Z,HU,132.80,15
2026-05-23T23:45:00Z,IT-CNorth,120.00,15
2026-05-23T23:45:00Z,IT-CSouth,120.00,15
2026-05-23T23:45:00Z,IT-North,120.00,15
2026-05-23T23:45:00Z,IT-Sardinia,120.00,15
2026-05-23T23:45:00Z,IT-Sicily,120.00,15
2026-05-23T23:45:00Z,IT-South,120.00,15
2026-05-23T23:45:00Z,LT,8.80,15
2026-05-23T23:45:00Z,LV,8.80,15
2026-05-23T23:45:00Z,NL,127.94,15
2026-05-23T23:45:00Z,NO1,52.68,15
2026-05-23T23:45:00Z,NO3,10.44,15
2026-05-23T23:45:00Z,NO4,1.00,15
2026-05-23T23:45:00Z,NO5,70.47,15
2026-05-23T23:45:00Z,PL,130.95,15
2026-05-23T23:45:00Z,PT,35.02,15
2026-05-23T23:45:00Z,RO,133.07,15
2026-05-23T23:45:00Z,SE1,3.15,15
2026-05-23T23:45:00Z,SE2,3.95,15
2026-05-23T23:45:00Z,SE3,8.16,15
2026-05-23T23:45:00Z,SE4,9.52,15
2026-05-23T23:45:00Z,SI,134.31,15
2026-05-23T23:45:00Z,SK,132.03,15
