timestamp_utc,zone,price_eur_mwh,resolution_min
2026-08-06T00:00:00Z,AT,174.00,15
2026-08-06T00:00:00Z,BE,153.06,15
2026-08-06T00:00:00Z,CH,159.01,60
2026-08-06T00:00:00Z,CZ,165.72,15
2026-08-06T00:00:00Z,DE-LU,158.43,15
2026-08-06T00:00:00Z,DK1,129.38,15
2026-08-06T00:00:00Z,DK2,156.26,15
2026-08-06T00:00:00Z,EE,10.99,15
2026-08-06T00:00:00Z,ES,160.45,15
2026-08-06T00:00:00Z,FI,10.99,15
2026-08-06T00:00:00Z,FR,131.13,15
2026-08-06T00:00:00Z,GR,169.49,15
2026-08-06T00:00:00Z,HR,170.60,15
2026-08-06T00:00:00Z,HU,169.46,15
2026-08-06T00:00:00Z,IT-CNorth,174.00,15
2026-08-06T00:00:00Z,IT-CSouth,174.00,15
2026-08-06T00:00:00Z,IT-North,174.00,15
2026-08-06T00:00:00Z,IT-Sardinia,174.00,15
2026-08-06T00:00:00Z,IT-Sicily,174.00,15
2026-08-06T00:00:00Z,IT-South,174.00,15
2026-08-06T00:00:00Z,LT,10.99,15
2026-08-06T00:00:00Z,LV,10.99,15
2026-08-06T00:00:00Z,NL,157.36,15
2026-08-06T00:00:00Z,NO1,122.22,15
2026-08-06T00:00:00Z,NO2,124.90,15
2026-08-06T00:00:00Z,NO3,81.66,15
2026-08-06T00:00:00Z,NO4,7.18,15
2026-08-06T00:00:00Z,NO5,124.29,15
2026-08-06T00:00:00Z,PL,164.35,15
2026-08-06T00:00:00Z,PT,160.45,15
2026-08-06T00:00:00Z,RO,169.43,15
2026-08-06T00:00:00Z,RS,145.00,15
2026-08-06T00:00:00Z,SE1,10.13,15
2026-08-06T00:00:00Z,SE2,10.87,15
2026-08-06T00:00:00Z,SE3,10.96,15
2026-08-06T00:00:00Z,SE4,10.96,15
2026-08-06T00:00:00Z,SI,171.10,15
2026-08-06T00:00:00Z,SK,168.07,15
2026-08-06T00:15:00Z,AT,171.54,15
2026-08-06T00:15:00Z,BE,146.49,15
2026-08-06T00:15:00Z,CZ,160.10,15
2026-08-06T00:15:00Z,DE-LU,150.54,15
2026-08-06T00:15:00Z,DK1,127.87,15
2026-08-06T00:15:00Z,DK2,149.29,15
2026-08-06T00:15:00Z,EE,10.00,15
2026-08-06T00:15:00Z,ES,161.59,15
2026-08-06T00:15:00Z,FI,10.00,15
2026-08-06T00:15:00Z,FR,129.81,15
2026-08-06T00:15:00Z,GR,165.65,15
2026-08-06T00:15:00Z,HR,167.18,15
2026-08-06T00:15:00Z,HU,165.61,15
2026-08-06T00:15:00Z,IT-CNorth,176.00,15
2026-08-06T00:15:00Z,IT-CSouth,176.00,15
2026-08-06T00:15:00Z,IT-North,176.00,15
2026-08-06T00:15:00Z,IT-Sardinia,176.00,15
2026-08-06T00:15:00Z,IT-Sicily,176.00,15
2026-08-06T00:15:00Z,IT-South,176.00,15
2026-08-06T00:15:00Z,LT,10.00,15
2026-08-06T00:15:00Z,LV,10.00,15
2026-08-06T00:15:00Z,NL,149.74,15
2026-08-06T00:15:00Z,NO1,121.14,15
2026-08-06T00:15:00Z,NO2,123.58,15
2026-08-06T00:15:00Z,NO3,80.71,15
2026-08-06T00:15:00Z,NO4,7.15,15
2026-08-06T00:15:00Z,NO5,123.58,15
2026-08-06T00:15:00Z,PL,158.48,15
2026-08-06T00:15:00Z,PT,161.59,15
2026-08-06T00:15:00Z,RO,165.55,15
2026-08-06T00:15:00Z,RS,145.00,15
2026-08-06T00:15:00Z,SE1,9.38,15
2026-08-06T00:15:00Z,SE2,9.93,15
2026-08-06T00:15:00Z,SE3,10.00,15
2026-08-06T00:15:00Z,SE4,10.00,15
2026-08-06T00:15:00Z,SI,167.88,15
2026-08-06T00:15:00Z,SK,163.65,15
2026-08-06T00:30:00Z,AT,159.00,15
2026-08-06T00:30:00Z,BE,134.99,15
2026-08-06T00:30:00Z,CZ,149.96,15
2026-08-06T00:30:00Z,DE-LU,140.25,15
2026-08-06T00:30:00Z,DK1,126.77,15
2026-08-06T00:30:00Z,DK2,130.30,15
2026-08-06T00:30:00Z,EE,7.72,15
2026-08-06T00:30:00Z,ES,161.59,15
2026-08-06T00:30:00Z,FI,7.72,15
2026-08-06T00:30:00Z,FR,119.31,15
2026-08-06T00:30:00Z,GR,154.73,15
2026-08-06T00:30:00Z,HR,155.86,15
2026-08-06T00:30:00Z,HU,154.69,15
2026-08-06T00:30:00Z,IT-CNorth,170.90,15
2026-08-06T00:30:00Z,IT-CSouth,170.90,15
2026-08-06T00:30:00Z,IT-North,170.90,15
2026-08-06T00:30:00Z,IT-Sardinia,170.90,15
2026-08-06T00:30:00Z,IT-Sicily,170.90,15
2026-08-06T00:30:00Z,IT-South,170.90,15
2026-08-06T00:30:00Z,LT,7.72,15
2026-08-06T00:30:00Z,LV,7.72,15
2026-08-06T00:30:00Z,NL,137.66,15
2026-08-06T00:30:00Z,NO1,120.58,15
2026-08-06T00:30:00Z,NO2,123.05,15
2026-08-06T00:30:00Z,NO3,79.52,15
2026-08-06T00:30:00Z,NO4,7.08,15
2026-08-06T00:30:00Z,NO5,123.05,15
2026-08-06T00:30:00Z,PL,149.68,15
2026-08-06T00:30:00Z,PT,161.59,15
2026-08-06T00:30:00Z,RO,154.66,15
2026-08-06T00:30:00Z,RS,145.00,15
2026-08-06T00:30:00Z,SE1,7.58,15
2026-08-06T00:30:00Z,SE2,7.70,15
2026-08-06T00:30:00Z,SE3,7.72,15
2026-08-06T00:30:00Z,SE4,7.72,15
2026-08-06T00:30:00Z,SI,156.38,15
2026-08-06T00:30:00Z,SK,153.19,15
2026-08-06T00:45:00Z,AT,157.28,15
2026-08-06T00:45:00Z,BE,130.00,15
2026-08-06T00:45:00Z,CZ,147.38,15
2026-08-06T00:45:00Z,DE-LU,137.57,15
2026-08-06T00:45:00Z,DK1,126.18,15
2026-08-06T00:45:00Z,DK2,130.28,15
2026-08-06T00:45:00Z,EE,6.95,15
2026-08-06T00:45:00Z,ES,160.00,15
2026-08-06T00:45:00Z,FI,6.95,15
2026-08-06T00:45:00Z,FR,108.20,15
2026-08-06T00:45:00Z,GR,152.40,15
2026-08-06T00:45:00Z,HR,153.66,15
2026-08-06T00:45:00Z,HU,152.36,15
2026-08-06T00:45:00Z,IT-CNorth,179.50,15
2026-08-06T00:45:00Z,IT-CSouth,179.50,15
2026-08-06T00:45:00Z,IT-North,179.50,15
2026-08-06T00:45:00Z,IT-Sardinia,179.50,15
2026-08-06T00:45:00Z,IT-Sicily,179.50,15
2026-08-06T00:45:00Z,IT-South,179.50,15
2026-08-06T00:45:00Z,LT,7.73,15
2026-08-06T00:45:00Z,LV,7.73,15
2026-08-06T00:45:00Z,NL,133.83,15
2026-08-06T00:45:00Z,NO1,119.99,15
2026-08-06T00:45:00Z,NO2,122.47,15
2026-08-06T00:45:00Z,NO3,78.87,15
2026-08-06T00:45:00Z,NO4,6.95,15
2026-08-06T00:45:00Z,NO5,122.47,15
2026-08-06T00:45:00Z,PL,146.73,15
2026-08-06T00:45:00Z,PT,160.00,15
2026-08-06T00:45:00Z,RO,152.32,15
2026-08-06T00:45:00Z,RS,145.00,15
2026-08-06T00:45:00Z,SE1,6.95,15
2026-08-06T00:45:00Z,SE2,6.95,15
2026-08-06T00:45:00Z,SE3,6.95,15
2026-08-06T00:45:00Z,SE4,6.95,15
2026-08-06T00:45:00Z,SI,154.24,15
2026-08-06T00:45:00Z,SK,150.72,15
2026-08-06T01:00:00Z,AT,159.00,15
2026-08-06T01:00:00Z,BE,139.31,15
2026-08-06T01:00:00Z,CH,159.16,60
2026-08-06T01:00:00Z,CZ,151.24,15
2026-08-06T01:00:00Z,DE-LU,144.69,15
2026-08-06T01:00:00Z,DK1,122.29,15
2026-08-06T01:00:00Z,DK2,141.77,15
2026-08-06T01:00:00Z,EE,11.71,15
2026-08-06T01:00:00Z,ES,157.82,15
2026-08-06T01:00:00Z,FI,11.70,15
2026-08-06T01:00:00Z,FR,119.18,15
2026-08-06T01:00:00Z,GR,154.80,15
2026-08-06T01:00:00Z,HR,155.83,15
2026-08-06T01:00:00Z,HU,154.77,15
2026-08-06T01:00:00Z,IT-CNorth,172.36,15
2026-08-06T01:00:00Z,IT-CSouth,172.36,15
2026-08-06T01:00:00Z,IT-North,172.36,15
2026-08-06T01:00:00Z,IT-Sardinia,172.36,15
2026-08-06T01:00:00Z,IT-Sicily,172.36,15
2026-08-06T01:00:00Z,IT-South,172.36,15
2026-08-06T01:00:00Z,LT,11.71,15
2026-08-06T01:00:00Z,LV,11.71,15
2026-08-06T01:00:00Z,NL,143.38,15
2026-08-06T01:00:00Z,NO1,115.93,15
2026-08-06T01:00:00Z,NO2,118.26,15
2026-08-06T01:00:00Z,NO3,78.04,15
2026-08-06T01:00:00Z,NO4,4.47,15
2026-08-06T01:00:00Z,NO5,118.26,15
2026-08-06T01:00:00Z,PL,149.96,15
2026-08-06T01:00:00Z,PT,157.82,15
2026-08-06T01:00:00Z,RO,154.74,15
2026-08-06T01:00:00Z,RS,154.07,15
2026-08-06T01:00:00Z,SE1,9.86,15
2026-08-06T01:00:00Z,SE2,11.52,15
2026-08-06T01:00:00Z,SE3,11.71,15
2026-08-06T01:00:00Z,SE4,11.71,15
2026-08-06T01:00:00Z,SI,156.31,15
2026-08-06T01:00:00Z,SK,153.45,15
2026-08-06T01:15:00Z,AT,159.92,15
2026-08-06T01:15:00Z,BE,131.50,15
2026-08-06T01:15:00Z,CZ,147.60,15
2026-08-06T01:15:00Z,DE-LU,137.55,15
2026-08-06T01:15:00Z,DK1,121.63,15
2026-08-06T01:15:00Z,DK2,136.03,15
2026-08-06T01:15:00Z,EE,10.26,15
2026-08-06T01:15:00Z,ES,155.81,15
2026-08-06T01:15:00Z,FI,10.25,15
2026-08-06T01:15:00Z,FR,111.27,15
2026-08-06T01:15:00Z,GR,153.57,15
2026-08-06T01:15:00Z,HR,155.21,15
2026-08-06T01:15:00Z,HU,153.53,15
2026-08-06T01:15:00Z,IT-CNorth,170.00,15
2026-08-06T01:15:00Z,IT-CSouth,170.00,15
2026-08-06T01:15:00Z,IT-North,170.00,15
2026-08-06T01:15:00Z,IT-Sardinia,170.00,15
2026-08-06T01:15:00Z,IT-Sicily,170.00,15
2026-08-06T01:15:00Z,IT-South,170.00,15
2026-08-06T01:15:00Z,LT,10.26,15
2026-08-06T01:15:00Z,LV,10.26,15
2026-08-06T01:15:00Z,NL,135.43,15
2026-08-06T01:15:00Z,NO1,115.41,15
2026-08-06T01:15:00Z,NO2,117.77,15
2026-08-06T01:15:00Z,NO3,77.08,15
2026-08-06T01:15:00Z,NO4,4.39,15
2026-08-06T01:15:00Z,NO5,117.77,15
2026-08-06T01:15:00Z,PL,145.89,15
2026-08-06T01:15:00Z,PT,155.81,15
2026-08-06T01:15:00Z,RO,153.47,15
2026-08-06T01:15:00Z,RS,154.07,15
2026-08-06T01:15:00Z,SE1,8.46,15
2026-08-06T01:15:00Z,SE2,9.94,15
2026-08-06T01:15:00Z,SE3,10.00,15
2026-08-06T01:15:00Z,SE4,10.00,15
2026-08-06T01:15:00Z,SI,155.96,15
2026-08-06T01:15:00Z,SK,151.40,15
2026-08-06T01:30:00Z,AT,157.03,15
2026-08-06T01:30:00Z,BE,127.16,15
2026-08-06T01:30:00Z,CZ,145.61,15
2026-08-06T01:30:00Z,DE-LU,136.15,15
2026-08-06T01:30:00Z,DK1,120.65,15
2026-08-06T01:30:00Z,DK2,134.54,15
2026-08-06T01:30:00Z,EE,8.26,15
2026-08-06T01:30:00Z,ES,155.09,15
2026-08-06T01:30:00Z,FI,8.26,15
2026-08-06T01:30:00Z,FR,99.05,15
2026-08-06T01:30:00Z,GR,150.98,15
2026-08-06T01:30:00Z,HR,152.50,15
2026-08-06T01:30:00Z,HU,150.94,15
2026-08-06T01:30:00Z,IT-CNorth,176.00,15
2026-08-06T01:30:00Z,IT-CSouth,176.00,15
2026-08-06T01:30:00Z,IT-North,176.00,15
2026-08-06T01:30:00Z,IT-Sardinia,176.00,15
2026-08-06T01:30:00Z,IT-Sicily,176.00,15
2026-08-06T01:30:00Z,IT-South,176.00,15
2026-08-06T01:30:00Z,LT,8.26,15
2026-08-06T01:30:00Z,LV,8.26,15
2026-08-06T01:30:00Z,NL,132.50,15
2026-08-06T01:30:00Z,NO1,114.44,15
2026-08-06T01:30:00Z,NO2,116.83,15
2026-08-06T01:30:00Z,NO3,75.77,15
2026-08-06T01:30:00Z,NO4,4.04,15
2026-08-06T01:30:00Z,NO5,116.83,15
2026-08-06T01:30:00Z,PL,143.95,15
2026-08-06T01:30:00Z,PT,155.09,15
2026-08-06T01:30:00Z,RO,150.89,15
2026-08-06T01:30:00Z,RS,154.07,15
2026-08-06T01:30:00Z,SE1,6.97,15
2026-08-06T01:30:00Z,SE2,8.04,15
2026-08-06T01:30:00Z,SE3,8.08,15
2026-08-06T01:30:00Z,SE4,8.08,15
2026-08-06T01:30:00Z,SI,153.19,15
2026-08-06T01:30:00Z,SK,149.00,15
2026-08-06T01:45:00Z,AT,159.78,15
2026-08-06T01:45:00Z,BE,127.40,15
2026-08-06T01:45:00Z,CZ,144.91,15
2026-08-06T01:45:00Z,DE-LU,132.93,15
2026-08-06T01:45:00Z,DK1,119.95,15
2026-08-06T01:45:00Z,DK2,132.12,15
2026-08-06T01:45:00Z,EE,10.00,15
2026-08-06T01:45:00Z,ES,155.09,15
2026-08-06T01:45:00Z,FI,7.07,15
2026-08-06T01:45:00Z,FR,109.30,15
2026-08-06T01:45:00Z,GR,152.27,15
2026-08-06T01:45:00Z,HR,154.26,15
2026-08-06T01:45:00Z,HU,152.23,15
2026-08-06T01:45:00Z,IT-CNorth,174.50,15
2026-08-06T01:45:00Z,IT-CSouth,174.50,15
2026-08-06T01:45:00Z,IT-North,174.50,15
2026-08-06T01:45:00Z,IT-Sardinia,174.50,15
2026-08-06T01:45:00Z,IT-Sicily,174.50,15
2026-08-06T01:45:00Z,IT-South,174.50,15
2026-08-06T01:45:00Z,LT,10.00,15
2026-08-06T01:45:00Z,LV,10.00,15
2026-08-06T01:45:00Z,NL,130.86,15
2026-08-06T01:45:00Z,NO1,113.80,15
2026-08-06T01:45:00Z,NO2,116.19,15
2026-08-06T01:45:00Z,NO3,74.95,15
2026-08-06T01:45:00Z,NO4,3.91,15
2026-08-06T01:45:00Z,NO5,116.19,15
2026-08-06T01:45:00Z,PL,142.97,15
2026-08-06T01:45:00Z,PT,155.09,15
2026-08-06T01:45:00Z,RO,152.15,15
2026-08-06T01:45:00Z,RS,154.07,15
2026-08-06T01:45:00Z,SE1,6.11,15
2026-08-06T01:45:00Z,SE2,6.91,15
2026-08-06T01:45:00Z,SE3,6.94,15
2026-08-06T01:45:00Z,SE4,6.94,15
2026-08-06T01:45:00Z,SI,155.16,15
2026-08-06T01:45:00Z,SK,149.63,15
2026-08-06T02:00:00Z,AT,159.00,15
2026-08-06T02:00:00Z,BE,128.20,15
2026-08-06T02:00:00Z,CH,159.31,60
2026-08-06T02:00:00Z,CZ,144.98,15
2026-08-06T02:00:00Z,DE-LU,133.62,15
2026-08-06T02:00:00Z,DK1,116.73,15
2026-08-06T02:00:00Z,DK2,132.22,15
2026-08-06T02:00:00Z,EE,10.00,15
2026-08-06T02:00:00Z,ES,155.06,15
2026-08-06T02:00:00Z,FI,10.00,15
2026-08-06T02:00:00Z,FR,109.05,15
2026-08-06T02:00:00Z,GR,151.78,15
2026-08-06T02:00:00Z,HR,153.64,15
2026-08-06T02:00:00Z,HU,151.74,15
2026-08-06T02:00:00Z,IT-CNorth,176.47,15
2026-08-06T02:00:00Z,IT-CSouth,176.47,15
2026-08-06T02:00:00Z,IT-North,176.47,15
2026-08-06T02:00:00Z,IT-Sardinia,176.47,15
2026-08-06T02:00:00Z,IT-Sicily,176.47,15
2026-08-06T02:00:00Z,IT-South,176.47,15
2026-08-06T02:00:00Z,LT,61.71,15
2026-08-06T02:00:00Z,LV,61.71,15
2026-08-06T02:00:00Z,NL,131.96,15
2026-08-06T02:00:00Z,NO1,110.71,15
2026-08-06T02:00:00Z,NO2,112.98,15
2026-08-06T02:00:00Z,NO3,74.01,15
2026-08-06T02:00:00Z,NO4,4.51,15
2026-08-06T02:00:00Z,NO5,112.97,15
2026-08-06T02:00:00Z,PL,143.13,15
2026-08-06T02:00:00Z,PT,155.06,15
2026-08-06T02:00:00Z,RO,151.67,15
2026-08-06T02:00:00Z,RS,150.00,15
2026-08-06T02:00:00Z,SE1,8.29,15
2026-08-06T02:00:00Z,SE2,9.71,15
2026-08-06T02:00:00Z,SE3,9.77,15
2026-08-06T02:00:00Z,SE4,9.76,15
2026-08-06T02:00:00Z,SI,154.48,15
2026-08-06T02:00:00Z,SK,149.31,15
2026-08-06T02:15:00Z,AT,160.00,15
2026-08-06T02:15:00Z,BE,126.66,15
2026-08-06T02:15:00Z,CZ,145.81,15
2026-08-06T02:15:00Z,DE-LU,133.75,15
2026-08-06T02:15:00Z,DK1,116.66,15
2026-08-06T02:15:00Z,DK2,130.29,15
2026-08-06T02:15:00Z,EE,7.71,15
2026-08-06T02:15:00Z,ES,155.06,15
2026-08-06T02:15:00Z,FI,7.70,15
2026-08-06T02:15:00Z,FR,103.33,15
2026-08-06T02:15:00Z,GR,152.71,15
2026-08-06T02:15:00Z,HR,154.56,15
2026-08-06T02:15:00Z,HU,152.66,15
2026-08-06T02:15:00Z,IT-CNorth,171.73,15
2026-08-06T02:15:00Z,IT-CSouth,171.73,15
2026-08-06T02:15:00Z,IT-North,171.73,15
2026-08-06T02:15:00Z,IT-Sardinia,171.73,15
2026-08-06T02:15:00Z,IT-Sicily,171.73,15
2026-08-06T02:15:00Z,IT-South,171.73,15
2026-08-06T02:15:00Z,LT,104.66,15
2026-08-06T02:15:00Z,LV,104.66,15
2026-08-06T02:15:00Z,NL,131.12,15
2026-08-06T02:15:00Z,NO1,110.64,15
2026-08-06T02:15:00Z,NO2,112.96,15
2026-08-06T02:15:00Z,NO3,73.17,15
2026-08-06T02:15:00Z,NO4,4.33,15
2026-08-06T02:15:00Z,NO5,112.96,15
2026-08-06T02:15:00Z,PL,144.13,15
2026-08-06T02:15:00Z,PT,155.06,15
2026-08-06T02:15:00Z,RO,152.59,15
2026-08-06T02:15:00Z,RS,150.00,15
2026-08-06T02:15:00Z,SE1,6.65,15
2026-08-06T02:15:00Z,SE2,7.52,15
2026-08-06T02:15:00Z,SE3,7.56,15
2026-08-06T02:15:00Z,SE4,7.56,15
2026-08-06T02:15:00Z,SI,155.41,15
2026-08-06T02:15:00Z,SK,150.23,15
2026-08-06T02:30:00Z,AT,161.58,15
2026-08-06T02:30:00Z,BE,128.42,15
2026-08-06T02:30:00Z,CZ,146.70,15
2026-08-06T02:30:00Z,DE-LU,134.05,15
2026-08-06T02:30:00Z,DK1,116.59,15
2026-08-06T02:30:00Z,DK2,130.29,15
2026-08-06T02:30:00Z,EE,25.59,15
2026-08-06T02:30:00Z,ES,155.06,15
2026-08-06T02:30:00Z,FI,7.65,15
2026-08-06T02:30:00Z,FR,108.98,15
2026-08-06T02:30:00Z,GR,154.05,15
2026-08-06T02:30:00Z,HR,156.00,15
2026-08-06T02:30:00Z,HU,154.00,15
2026-08-06T02:30:00Z,IT-CNorth,167.54,15
2026-08-06T02:30:00Z,IT-CSouth,167.54,15
2026-08-06T02:30:00Z,IT-North,167.54,15
2026-08-06T02:30:00Z,IT-Sardinia,167.54,15
2026-08-06T02:30:00Z,IT-Sicily,167.54,15
2026-08-06T02:30:00Z,IT-South,167.54,15
2026-08-06T02:30:00Z,LT,25.59,15
2026-08-06T02:30:00Z,LV,25.59,15
2026-08-06T02:30:00Z,NL,132.16,15
2026-08-06T02:30:00Z,NO1,110.57,15
2026-08-06T02:30:00Z,NO2,112.89,15
2026-08-06T02:30:00Z,NO3,73.10,15
2026-08-06T02:30:00Z,NO4,4.00,15
2026-08-06T02:30:00Z,NO5,112.89,15
2026-08-06T02:30:00Z,PL,145.00,15
2026-08-06T02:30:00Z,PT,155.06,15
2026-08-06T02:30:00Z,RO,153.93,15
2026-08-06T02:30:00Z,RS,150.00,15
2026-08-06T02:30:00Z,SE1,6.52,15
2026-08-06T02:30:00Z,SE2,7.46,15
2026-08-06T02:30:00Z,SE3,7.50,15
2026-08-06T02:30:00Z,SE4,7.50,15
2026-08-06T02:30:00Z,SI,156.89,15
2026-08-06T02:30:00Z,SK,151.43,15
2026-08-06T02:45:00Z,AT,169.98,15
2026-08-06T02:45:00Z,BE,130.99,15
2026-08-06T02:45:00Z,CZ,150.94,15
2026-08-06T02:45:00Z,DE-LU,134.82,15
2026-08-06T02:45:00Z,DK1,117.33,15
2026-08-06T02:45:00Z,DK2,130.26,15
2026-08-06T02:45:00Z,EE,28.02,15
2026-08-06T02:45:00Z,ES,155.06,15
2026-08-06T02:45:00Z,FI,7.08,15
2026-08-06T02:45:00Z,FR,115.90,15
2026-08-06T02:45:00Z,GR,160.56,15
2026-08-06T02:45:00Z,HR,163.08,15
2026-08-06T02:45:00Z,HU,160.51,15
2026-08-06T02:45:00Z,IT-CNorth,175.34,15
2026-08-06T02:45:00Z,IT-CSouth,175.34,15
2026-08-06T02:45:00Z,IT-North,175.34,15
2026-08-06T02:45:00Z,IT-Sardinia,175.34,15
2026-08-06T02:45:00Z,IT-Sicily,175.34,15
2026-08-06T02:45:00Z,IT-South,175.34,15
2026-08-06T02:45:00Z,LT,28.02,15
2026-08-06T02:45:00Z,LV,28.02,15
2026-08-06T02:45:00Z,NL,133.93,15
2026-08-06T02:45:00Z,NO1,109.11,15
2026-08-06T02:45:00Z,NO2,111.40,15
2026-08-06T02:45:00Z,NO3,71.97,15
2026-08-06T02:45:00Z,NO4,3.95,15
2026-08-06T02:45:00Z,NO5,111.40,15
2026-08-06T02:45:00Z,PL,148.87,15
2026-08-06T02:45:00Z,PT,155.06,15
2026-08-06T02:45:00Z,RO,160.41,15
2026-08-06T02:45:00Z,RS,150.00,15
2026-08-06T02:45:00Z,SE1,6.11,15
2026-08-06T02:45:00Z,SE2,6.92,15
2026-08-06T02:45:00Z,SE3,6.95,15
2026-08-06T02:45:00Z,SE4,6.95,15
2026-08-06T02:45:00Z,SI,164.22,15
2026-08-06T02:45:00Z,SK,157.18,15
2026-08-06T03:00:00Z,AT,166.00,15
2026-08-06T03:00:00Z,BE,130.80,15
2026-08-06T03:00:00Z,CH,160.50,60
2026-08-06T03:00:00Z,CZ,146.11,15
2026-08-06T03:00:00Z,DE-LU,132.59,15
2026-08-06T03:00:00Z,DK1,116.56,15
2026-08-06T03:00:00Z,DK2,131.93,15
2026-08-06T03:00:00Z,EE,7.00,15
2026-08-06T03:00:00Z,ES,155.03,15
2026-08-06T03:00:00Z,FI,7.00,15
2026-08-06T03:00:00Z,FR,123.33,15
2026-08-06T03:00:00Z,GR,156.59,15
2026-08-06T03:00:00Z,HR,159.21,15
2026-08-06T03:00:00Z,HU,156.55,15
2026-08-06T03:00:00Z,IT-CNorth,166.00,15
2026-08-06T03:00:00Z,IT-CSouth,166.00,15
2026-08-06T03:00:00Z,IT-North,166.00,15
2026-08-06T03:00:00Z,IT-Sardinia,166.00,15
2026-08-06T03:00:00Z,IT-Sicily,166.00,15
2026-08-06T03:00:00Z,IT-South,166.00,15
2026-08-06T03:00:00Z,LT,7.00,15
2026-08-06T03:00:00Z,LV,7.00,15
2026-08-06T03:00:00Z,NL,132.56,15
2026-08-06T03:00:00Z,NO1,112.61,15
2026-08-06T03:00:00Z,NO2,115.00,15
2026-08-06T03:00:00Z,NO3,74.22,15
2026-08-06T03:00:00Z,NO4,4.96,15
2026-08-06T03:00:00Z,NO5,115.00,15
2026-08-06T03:00:00Z,PL,144.46,15
2026-08-06T03:00:00Z,PT,155.03,15
2026-08-06T03:00:00Z,RO,156.48,15
2026-08-06T03:00:00Z,RS,176.01,15
2026-08-06T03:00:00Z,SE1,6.48,15
2026-08-06T03:00:00Z,SE2,6.92,15
2026-08-06T03:00:00Z,SE3,6.95,15
2026-08-06T03:00:00Z,SE4,6.95,15
2026-08-06T03:00:00Z,SI,160.39,15
2026-08-06T03:00:00Z,SK,153.11,15
2026-08-06T03:15:00Z,AT,168.67,15
2026-08-06T03:15:00Z,BE,128.57,15
2026-08-06T03:15:00Z,CZ,147.87,15
2026-08-06T03:15:00Z,DE-LU,133.09,15
2026-08-06T03:15:00Z,DK1,120.70,15
2026-08-06T03:15:00Z,DK2,130.30,15
2026-08-06T03:15:00Z,EE,7.50,15
2026-08-06T03:15:00Z,ES,157.50,15
2026-08-06T03:15:00Z,FI,7.50,15
2026-08-06T03:15:00Z,FR,114.75,15
2026-08-06T03:15:00Z,GR,158.83,15
2026-08-06T03:15:00Z,HR,161.54,15
2026-08-06T03:15:00Z,HU,158.77,15
2026-08-06T03:15:00Z,IT-CNorth,168.67,15
2026-08-06T03:15:00Z,IT-CSouth,168.67,15
2026-08-06T03:15:00Z,IT-North,168.67,15
2026-08-06T03:15:00Z,IT-Sardinia,168.67,15
2026-08-06T03:15:00Z,IT-Sicily,168.67,15
2026-08-06T03:15:00Z,IT-South,168.67,15
2026-08-06T03:15:00Z,LT,7.50,15
2026-08-06T03:15:00Z,LV,7.50,15
2026-08-06T03:15:00Z,NL,131.40,15
2026-08-06T03:15:00Z,NO1,114.55,15
2026-08-06T03:15:00Z,NO2,116.97,15
2026-08-06T03:15:00Z,NO3,75.61,15
2026-08-06T03:15:00Z,NO4,4.95,15
2026-08-06T03:15:00Z,NO5,116.97,15
2026-08-06T03:15:00Z,PL,146.37,15
2026-08-06T03:15:00Z,PT,157.50,15
2026-08-06T03:15:00Z,RO,158.72,15
2026-08-06T03:15:00Z,RS,176.01,15
2026-08-06T03:15:00Z,SE1,6.80,15
2026-08-06T03:15:00Z,SE2,7.36,15
2026-08-06T03:15:00Z,SE3,7.39,15
2026-08-06T03:15:00Z,SE4,7.39,15
2026-08-06T03:15:00Z,SI,162.77,15
2026-08-06T03:15:00Z,SK,155.22,15
2026-08-06T03:30:00Z,AT,176.89,15
2026-08-06T03:30:00Z,BE,132.53,15
2026-08-06T03:30:00Z,CZ,153.49,15
2026-08-06T03:30:00Z,DE-LU,136.23,15
2026-08-06T03:30:00Z,DK1,120.71,15
2026-08-06T03:30:00Z,DK2,130.29,15
2026-08-06T03:30:00Z,EE,6.95,15
2026-08-06T03:30:00Z,ES,160.29,15
2026-08-06T03:30:00Z,FI,6.95,15
2026-08-06T03:30:00Z,FR,120.66,15
2026-08-06T03:30:00Z,GR,166.01,15
2026-08-06T03:30:00Z,HR,169.05,15
2026-08-06T03:30:00Z,HU,165.94,15
2026-08-06T03:30:00Z,IT-CNorth,176.89,15
2026-08-06T03:30:00Z,IT-CSouth,176.89,15
2026-08-06T03:30:00Z,IT-North,176.89,15
2026-08-06T03:30:00Z,IT-Sardinia,176.89,15
2026-08-06T03:30:00Z,IT-Sicily,176.89,15
2026-08-06T03:30:00Z,IT-South,176.89,15
2026-08-06T03:30:00Z,LT,49.99,15
2026-08-06T03:30:00Z,LV,49.99,15
2026-08-06T03:30:00Z,NL,134.98,15
2026-08-06T03:30:00Z,NO1,114.55,15
2026-08-06T03:30:00Z,NO2,116.99,15
2026-08-06T03:30:00Z,NO3,75.46,15
2026-08-06T03:30:00Z,NO4,4.91,15
2026-08-06T03:30:00Z,NO5,116.99,15
2026-08-06T03:30:00Z,PL,152.10,15
2026-08-06T03:30:00Z,PT,160.29,15
2026-08-06T03:30:00Z,RO,165.88,15
2026-08-06T03:30:00Z,RS,176.01,15
2026-08-06T03:30:00Z,SE1,6.49,15
2026-08-06T03:30:00Z,SE2,6.90,15
2026-08-06T03:30:00Z,SE3,6.95,15
2026-08-06T03:30:00Z,SE4,6.95,15
2026-08-06T03:30:00Z,SI,170.42,15
2026-08-06T03:30:00Z,SK,161.94,15
2026-08-06T03:45:00Z,AT,180.27,15
2026-08-06T03:45:00Z,BE,141.10,15
2026-08-06T03:45:00Z,CZ,158.38,15
2026-08-06T03:45:00Z,DE-LU,141.10,15
2026-08-06T03:45:00Z,DK1,118.17,15
2026-08-06T03:45:00Z,DK2,130.29,15
2026-08-06T03:45:00Z,EE,10.00,15
2026-08-06T03:45:00Z,ES,164.47,15
2026-08-06T03:45:00Z,FI,10.00,15
2026-08-06T03:45:00Z,FR,138.31,15
2026-08-06T03:45:00Z,GR,170.44,15
2026-08-06T03:45:00Z,HR,173.27,15
2026-08-06T03:45:00Z,HU,170.38,15
2026-08-06T03:45:00Z,IT-CNorth,177.50,15
2026-08-06T03:45:00Z,IT-CSouth,177.50,15
2026-08-06T03:45:00Z,IT-North,177.50,15
2026-08-06T03:45:00Z,IT-Sardinia,177.50,15
2026-08-06T03:45:00Z,IT-Sicily,177.50,15
2026-08-06T03:45:00Z,IT-South,177.50,15
2026-08-06T03:45:00Z,LT,30.56,15
2026-08-06T03:45:00Z,LV,30.56,15
2026-08-06T03:45:00Z,NL,141.84,15
2026-08-06T03:45:00Z,NO1,114.95,15
2026-08-06T03:45:00Z,NO2,117.33,15
2026-08-06T03:45:00Z,NO3,76.82,15
2026-08-06T03:45:00Z,NO4,4.92,15
2026-08-06T03:45:00Z,NO5,117.33,15
2026-08-06T03:45:00Z,PL,157.57,15
2026-08-06T03:45:00Z,PT,164.47,15
2026-08-06T03:45:00Z,RO,170.32,15
2026-08-06T03:45:00Z,RS,176.01,15
2026-08-06T03:45:00Z,SE1,8.84,15
2026-08-06T03:45:00Z,SE2,9.88,15
2026-08-06T03:45:00Z,SE3,10.00,15
2026-08-06T03:45:00Z,SE4,10.00,15
2026-08-06T03:45:00Z,SI,174.54,15
2026-08-06T03:45:00Z,SK,166.61,15
2026-08-06T04:00:00Z,AT,192.98,15
2026-08-06T04:00:00Z,BE,148.37,15
2026-08-06T04:00:00Z,CH,165.69,60
2026-08-06T04:00:00Z,CZ,170.40,15
2026-08-06T04:00:00Z,DE-LU,149.96,15
2026-08-06T04:00:00Z,DK1,127.91,15
2026-08-06T04:00:00Z,DK2,130.26,15
2026-08-06T04:00:00Z,EE,9.79,15
2026-08-06T04:00:00Z,ES,160.45,15
2026-08-06T04:00:00Z,FI,9.79,15
2026-08-06T04:00:00Z,FR,142.99,15
2026-08-06T04:00:00Z,GR,168.28,15
2026-08-06T04:00:00Z,HR,186.05,15
2026-08-06T04:00:00Z,HU,183.07,15
2026-08-06T04:00:00Z,IT-CNorth,177.50,15
2026-08-06T04:00:00Z,IT-CSouth,177.50,15
2026-08-06T04:00:00Z,IT-North,177.50,15
2026-08-06T04:00:00Z,IT-Sardinia,177.50,15
2026-08-06T04:00:00Z,IT-Sicily,177.50,15
2026-08-06T04:00:00Z,IT-South,177.50,15
2026-08-06T04:00:00Z,LT,9.79,15
2026-08-06T04:00:00Z,LV,9.79,15
2026-08-06T04:00:00Z,NL,149.80,15
2026-08-06T04:00:00Z,NO1,118.83,15
2026-08-06T04:00:00Z,NO2,121.31,15
2026-08-06T04:00:00Z,NO3,79.12,15
2026-08-06T04:00:00Z,NO4,3.93,15
2026-08-06T04:00:00Z,NO5,121.31,15
2026-08-06T04:00:00Z,PL,170.13,15
2026-08-06T04:00:00Z,PT,160.45,15
2026-08-06T04:00:00Z,RO,182.97,15
2026-08-06T04:00:00Z,RS,172.68,15
2026-08-06T04:00:00Z,SE1,8.29,15
2026-08-06T04:00:00Z,SE2,9.48,15
2026-08-06T04:00:00Z,SE3,9.54,15
2026-08-06T04:00:00Z,SE4,9.54,15
2026-08-06T04:00:00Z,SI,187.34,15
2026-08-06T04:00:00Z,SK,179.24,15
2026-08-06T04:15:00Z,AT,205.92,15
2026-08-06T04:15:00Z,BE,155.54,15
2026-08-06T04:15:00Z,CZ,183.36,15
2026-08-06T04:15:00Z,DE-LU,160.25,15
2026-08-06T04:15:00Z,DK1,122.54,15
2026-08-06T04:15:00Z,DK2,130.23,15
2026-08-06T04:15:00Z,EE,10.27,15
2026-08-06T04:15:00Z,ES,165.30,15
2026-08-06T04:15:00Z,FI,10.27,15
2026-08-06T04:15:00Z,FR,143.06,15
2026-08-06T04:15:00Z,GR,157.60,15
2026-08-06T04:15:00Z,HR,199.24,15
2026-08-06T04:15:00Z,HU,196.32,15
2026-08-06T04:15:00Z,IT-CNorth,179.80,15
2026-08-06T04:15:00Z,IT-CSouth,179.80,15
2026-08-06T04:15:00Z,IT-North,179.80,15
2026-08-06T04:15:00Z,IT-Sardinia,179.80,15
2026-08-06T04:15:00Z,IT-Sicily,179.80,15
2026-08-06T04:15:00Z,IT-South,179.80,15
2026-08-06T04:15:00Z,LT,20.00,15
2026-08-06T04:15:00Z,LV,20.00,15
2026-08-06T04:15:00Z,NL,158.65,15
2026-08-06T04:15:00Z,NO1,120.37,15
2026-08-06T04:15:00Z,NO2,122.88,15
2026-08-06T04:15:00Z,NO3,80.27,15
2026-08-06T04:15:00Z,NO4,4.09,15
2026-08-06T04:15:00Z,NO5,122.88,15
2026-08-06T04:15:00Z,PL,183.85,15
2026-08-06T04:15:00Z,PT,165.30,15
2026-08-06T04:15:00Z,RO,196.23,15
2026-08-06T04:15:00Z,RS,172.68,15
2026-08-06T04:15:00Z,SE1,8.69,15
2026-08-06T04:15:00Z,SE2,9.95,15
2026-08-06T04:15:00Z,SE3,10.01,15
2026-08-06T04:15:00Z,SE4,10.00,15
2026-08-06T04:15:00Z,SI,200.51,15
2026-08-06T04:15:00Z,SK,192.52,15
2026-08-06T04:30:00Z,AT,205.90,15
2026-08-06T04:30:00Z,BE,155.16,15
2026-08-06T04:30:00Z,CZ,183.85,15
2026-08-06T04:30:00Z,DE-LU,160.90,15
2026-08-06T04:30:00Z,DK1,121.44,15
2026-08-06T04:30:00Z,DK2,130.24,15
2026-08-06T04:30:00Z,EE,14.00,15
2026-08-06T04:30:00Z,ES,166.05,15
2026-08-06T04:30:00Z,FI,13.99,15
2026-08-06T04:30:00Z,FR,141.10,15
2026-08-06T04:30:00Z,GR,147.15,15
2026-08-06T04:30:00Z,HR,199.42,15
2026-08-06T04:30:00Z,HU,196.57,15
2026-08-06T04:30:00Z,IT-CNorth,192.90,15
2026-08-06T04:30:00Z,IT-CSouth,192.90,15
2026-08-06T04:30:00Z,IT-North,192.90,15
2026-08-06T04:30:00Z,IT-Sardinia,192.90,15
2026-08-06T04:30:00Z,IT-Sicily,192.90,15
2026-08-06T04:30:00Z,IT-South,192.90,15
2026-08-06T04:30:00Z,LT,14.00,15
2026-08-06T04:30:00Z,LV,14.00,15
2026-08-06T04:30:00Z,NL,158.61,15
2026-08-06T04:30:00Z,NO1,121.00,15
2026-08-06T04:30:00Z,NO2,123.44,15
2026-08-06T04:30:00Z,NO3,81.96,15
2026-08-06T04:30:00Z,NO4,4.34,15
2026-08-06T04:30:00Z,NO5,123.44,15
2026-08-06T04:30:00Z,PL,184.46,15
2026-08-06T04:30:00Z,PT,166.05,15
2026-08-06T04:30:00Z,RO,196.48,15
2026-08-06T04:30:00Z,RS,172.68,15
2026-08-06T04:30:00Z,SE1,11.52,15
2026-08-06T04:30:00Z,SE2,13.49,15
2026-08-06T04:30:00Z,SE3,13.58,15
2026-08-06T04:30:00Z,SE4,13.57,15
2026-08-06T04:30:00Z,SI,200.66,15
2026-08-06T04:30:00Z,SK,192.86,15
2026-08-06T04:45:00Z,AT,186.57,15
2026-08-06T04:45:00Z,BE,153.66,15
2026-08-06T04:45:00Z,CZ,170.06,15
2026-08-06T04:45:00Z,DE-LU,153.08,15
2026-08-06T04:45:00Z,DK1,120.11,15
2026-08-06T04:45:00Z,DK2,130.23,15
2026-08-06T04:45:00Z,EE,14.01,15
2026-08-06T04:45:00Z,ES,169.21,15
2026-08-06T04:45:00Z,FI,14.00,15
2026-08-06T04:45:00Z,FR,153.08,15
2026-08-06T04:45:00Z,GR,143.73,15
2026-08-06T04:45:00Z,HR,181.80,15
2026-08-06T04:45:00Z,HU,179.66,15
2026-08-06T04:45:00Z,IT-CNorth,186.57,15
2026-08-06T04:45:00Z,IT-CSouth,186.57,15
2026-08-06T04:45:00Z,IT-North,186.57,15
2026-08-06T04:45:00Z,IT-Sardinia,186.57,15
2026-08-06T04:45:00Z,IT-Sicily,186.57,15
2026-08-06T04:45:00Z,IT-South,186.57,15
2026-08-06T04:45:00Z,LT,14.01,15
2026-08-06T04:45:00Z,LV,14.01,15
2026-08-06T04:45:00Z,NL,153.73,15
2026-08-06T04:45:00Z,NO1,120.68,15
2026-08-06T04:45:00Z,NO2,123.10,15
2026-08-06T04:45:00Z,NO3,81.92,15
2026-08-06T04:45:00Z,NO4,4.43,15
2026-08-06T04:45:00Z,NO5,123.10,15
2026-08-06T04:45:00Z,PL,170.66,15
2026-08-06T04:45:00Z,PT,169.21,15
2026-08-06T04:45:00Z,RO,179.60,15
2026-08-06T04:45:00Z,RS,172.68,15
2026-08-06T04:45:00Z,SE1,11.96,15
2026-08-06T04:45:00Z,SE2,13.77,15
2026-08-06T04:45:00Z,SE3,14.00,15
2026-08-06T04:45:00Z,SE4,14.00,15
2026-08-06T04:45:00Z,SI,182.72,15
2026-08-06T04:45:00Z,SK,176.89,15
2026-08-06T05:00:00Z,AT,205.92,15
2026-08-06T05:00:00Z,BE,159.58,15
2026-08-06T05:00:00Z,CH,167.90,60
2026-08-06T05:00:00Z,CZ,185.18,15
2026-08-06T05:00:00Z,DE-LU,161.04,15
2026-08-06T05:00:00Z,DK1,124.95,15
2026-08-06T05:00:00Z,DK2,130.28,15
2026-08-06T05:00:00Z,EE,16.07,15
2026-08-06T05:00:00Z,ES,170.21,15
2026-08-06T05:00:00Z,FI,16.06,15
2026-08-06T05:00:00Z,FR,153.30,15
2026-08-06T05:00:00Z,GR,143.19,15
2026-08-06T05:00:00Z,HR,201.40,15
2026-08-06T05:00:00Z,HU,198.40,15
2026-08-06T05:00:00Z,IT-CNorth,192.95,15
2026-08-06T05:00:00Z,IT-CSouth,192.95,15
2026-08-06T05:00:00Z,IT-North,192.95,15
2026-08-06T05:00:00Z,IT-Sardinia,192.95,15
2026-08-06T05:00:00Z,IT-Sicily,192.95,15
2026-08-06T05:00:00Z,IT-South,192.95,15
2026-08-06T05:00:00Z,LT,16.07,15
2026-08-06T05:00:00Z,LV,16.07,15
2026-08-06T05:00:00Z,NL,161.06,15
2026-08-06T05:00:00Z,NO1,121.99,15
2026-08-06T05:00:00Z,NO2,124.43,15
2026-08-06T05:00:00Z,NO3,83.53,15
2026-08-06T05:00:00Z,NO4,6.27,15
2026-08-06T05:00:00Z,NO5,124.43,15
2026-08-06T05:00:00Z,PL,185.89,15
2026-08-06T05:00:00Z,PT,170.21,15
2026-08-06T05:00:00Z,RO,198.30,15
2026-08-06T05:00:00Z,RS,122.91,15
2026-08-06T05:00:00Z,SE1,14.50,15
2026-08-06T05:00:00Z,SE2,15.85,15
2026-08-06T05:00:00Z,SE3,16.07,15
2026-08-06T05:00:00Z,SE4,16.07,15
2026-08-06T05:00:00Z,SI,202.69,15
2026-08-06T05:00:00Z,SK,194.61,15
2026-08-06T05:15:00Z,AT,192.67,15
2026-08-06T05:15:00Z,BE,153.69,15
2026-08-06T05:15:00Z,CZ,173.46,15
2026-08-06T05:15:00Z,DE-LU,152.72,15
2026-08-06T05:15:00Z,DK1,125.08,15
2026-08-06T05:15:00Z,DK2,130.28,15
2026-08-06T05:15:00Z,EE,14.77,15
2026-08-06T05:15:00Z,ES,171.15,15
2026-08-06T05:15:00Z,FI,14.76,15
2026-08-06T05:15:00Z,FR,153.21,15
2026-08-06T05:15:00Z,GR,133.09,15
2026-08-06T05:15:00Z,HR,188.42,15
2026-08-06T05:15:00Z,HU,185.60,15
2026-08-06T05:15:00Z,IT-CNorth,192.95,15
2026-08-06T05:15:00Z,IT-CSouth,192.95,15
2026-08-06T05:15:00Z,IT-North,192.95,15
2026-08-06T05:15:00Z,IT-Sardinia,192.95,15
2026-08-06T05:15:00Z,IT-Sicily,192.95,15
2026-08-06T05:15:00Z,IT-South,192.95,15
2026-08-06T05:15:00Z,LT,14.77,15
2026-08-06T05:15:00Z,LV,14.77,15
2026-08-06T05:15:00Z,NL,153.78,15
2026-08-06T05:15:00Z,NO1,121.82,15
2026-08-06T05:15:00Z,NO2,124.28,15
2026-08-06T05:15:00Z,NO3,82.94,15
2026-08-06T05:15:00Z,NO4,6.32,15
2026-08-06T05:15:00Z,NO5,124.28,15
2026-08-06T05:15:00Z,PL,173.69,15
2026-08-06T05:15:00Z,PT,171.15,15
2026-08-06T05:15:00Z,RO,185.50,15
2026-08-06T05:15:00Z,RS,122.91,15
2026-08-06T05:15:00Z,SE1,13.41,15
2026-08-06T05:15:00Z,SE2,14.58,15
2026-08-06T05:15:00Z,SE3,14.76,15
2026-08-06T05:15:00Z,SE4,14.76,15
2026-08-06T05:15:00Z,SI,189.63,15
2026-08-06T05:15:00Z,SK,182.06,15
2026-08-06T05:30:00Z,AT,159.90,15
2026-08-06T05:30:00Z,BE,153.58,15
2026-08-06T05:30:00Z,CZ,158.32,15
2026-08-06T05:30:00Z,DE-LU,152.05,15
2026-08-06T05:30:00Z,DK1,128.62,15
2026-08-06T05:30:00Z,DK2,132.32,15
2026-08-06T05:30:00Z,EE,13.70,15
2026-08-06T05:30:00Z,ES,171.15,15
2026-08-06T05:30:00Z,FI,13.69,15
2026-08-06T05:30:00Z,FR,152.91,15
2026-08-06T05:30:00Z,GR,129.00,15
2026-08-06T05:30:00Z,HR,159.95,15
2026-08-06T05:30:00Z,HU,159.81,15
2026-08-06T05:30:00Z,IT-CNorth,192.95,15
2026-08-06T05:30:00Z,IT-CSouth,192.95,15
2026-08-06T05:30:00Z,IT-North,192.95,15
2026-08-06T05:30:00Z,IT-Sardinia,192.95,15
2026-08-06T05:30:00Z,IT-Sicily,192.95,15
2026-08-06T05:30:00Z,IT-South,192.95,15
2026-08-06T05:30:00Z,LT,13.70,15
2026-08-06T05:30:00Z,LV,13.70,15
2026-08-06T05:30:00Z,NL,153.68,15
2026-08-06T05:30:00Z,NO1,122.48,15
2026-08-06T05:30:00Z,NO2,124.98,15
2026-08-06T05:30:00Z,NO3,82.98,15
2026-08-06T05:30:00Z,NO4,6.34,15
2026-08-06T05:30:00Z,NO5,124.98,15
2026-08-06T05:30:00Z,PL,159.68,15
2026-08-06T05:30:00Z,PT,171.15,15
2026-08-06T05:30:00Z,RO,159.82,15
2026-08-06T05:30:00Z,RS,122.91,15
2026-08-06T05:30:00Z,SE1,12.51,15
2026-08-06T05:30:00Z,SE2,13.53,15
2026-08-06T05:30:00Z,SE3,13.70,15
2026-08-06T05:30:00Z,SE4,13.70,15
2026-08-06T05:30:00Z,SI,160.01,15
2026-08-06T05:30:00Z,SK,159.59,15
2026-08-06T05:45:00Z,AT,133.19,15
2026-08-06T05:45:00Z,BE,131.37,15
2026-08-06T05:45:00Z,CZ,133.72,15
2026-08-06T05:45:00Z,DE-LU,131.51,15
2026-08-06T05:45:00Z,DK1,127.15,15
2026-08-06T05:45:00Z,DK2,130.28,15
2026-08-06T05:45:00Z,EE,10.07,15
2026-08-06T05:45:00Z,ES,169.21,15
2026-08-06T05:45:00Z,FI,10.07,15
2026-08-06T05:45:00Z,FR,131.66,15
2026-08-06T05:45:00Z,GR,124.44,15
2026-08-06T05:45:00Z,HR,133.69,15
2026-08-06T05:45:00Z,HU,133.83,15
2026-08-06T05:45:00Z,IT-CNorth,186.57,15
2026-08-06T05:45:00Z,IT-CSouth,186.57,15
2026-08-06T05:45:00Z,IT-North,186.57,15
2026-08-06T05:45:00Z,IT-Sardinia,186.57,15
2026-08-06T05:45:00Z,IT-Sicily,186.57,15
2026-08-06T05:45:00Z,IT-South,186.57,15
2026-08-06T05:45:00Z,LT,10.07,15
2026-08-06T05:45:00Z,LV,10.07,15
2026-08-06T05:45:00Z,NL,131.05,15
2026-08-06T05:45:00Z,NO1,122.10,15
2026-08-06T05:45:00Z,NO2,124.68,15
2026-08-06T05:45:00Z,NO3,81.42,15
2026-08-06T05:45:00Z,NO4,6.38,15
2026-08-06T05:45:00Z,NO5,124.68,15
2026-08-06T05:45:00Z,PL,134.85,15
2026-08-06T05:45:00Z,PT,169.21,15
2026-08-06T05:45:00Z,RO,133.86,15
2026-08-06T05:45:00Z,RS,122.91,15
2026-08-06T05:45:00Z,SE1,9.48,15
2026-08-06T05:45:00Z,SE2,9.99,15
2026-08-06T05:45:00Z,SE3,10.07,15
2026-08-06T05:45:00Z,SE4,10.07,15
2026-08-06T05:45:00Z,SI,133.63,15
2026-08-06T05:45:00Z,SK,133.98,15
2026-08-06T06:00:00Z,AT,195.51,15
2026-08-06T06:00:00Z,BE,172.09,15
2026-08-06T06:00:00Z,CH,152.60,60
2026-08-06T06:00:00Z,CZ,182.43,15
2026-08-06T06:00:00Z,DE-LU,170.27,15
2026-08-06T06:00:00Z,DK1,115.00,15
2026-08-06T06:00:00Z,DK2,159.56,15
2026-08-06T06:00:00Z,EE,17.16,15
2026-08-06T06:00:00Z,ES,172.09,15
2026-08-06T06:00:00Z,FI,17.14,15
2026-08-06T06:00:00Z,FR,172.09,15
2026-08-06T06:00:00Z,GR,119.51,15
2026-08-06T06:00:00Z,HR,192.06,15
2026-08-06T06:00:00Z,HU,189.93,15
2026-08-06T06:00:00Z,IT-CNorth,195.51,15
2026-08-06T06:00:00Z,IT-CSouth,195.51,15
2026-08-06T06:00:00Z,IT-North,195.51,15
2026-08-06T06:00:00Z,IT-Sardinia,195.51,15
2026-08-06T06:00:00Z,IT-Sicily,195.51,15
2026-08-06T06:00:00Z,IT-South,195.51,15
2026-08-06T06:00:00Z,LT,17.20,15
2026-08-06T06:00:00Z,LV,17.20,15
2026-08-06T06:00:00Z,NL,172.39,15
2026-08-06T06:00:00Z,NO1,126.15,15
2026-08-06T06:00:00Z,NO2,130.86,15
2026-08-06T06:00:00Z,NO3,85.86,15
2026-08-06T06:00:00Z,NO4,6.33,15
2026-08-06T06:00:00Z,NO5,125.09,15
2026-08-06T06:00:00Z,PL,162.66,15
2026-08-06T06:00:00Z,PT,172.09,15
2026-08-06T06:00:00Z,RO,189.86,15
2026-08-06T06:00:00Z,RS,130.07,15
2026-08-06T06:00:00Z,SE1,15.40,15
2026-08-06T06:00:00Z,SE2,16.89,15
2026-08-06T06:00:00Z,SE3,17.20,15
2026-08-06T06:00:00Z,SE4,17.21,15
2026-08-06T06:00:00Z,SI,192.98,15
2026-08-06T06:00:00Z,SK,187.46,15
2026-08-06T06:15:00Z,AT,158.98,15
2026-08-06T06:15:00Z,BE,146.60,15
2026-08-06T06:15:00Z,CZ,152.00,15
2026-08-06T06:15:00Z,DE-LU,145.00,15
2026-08-06T06:15:00Z,DK1,106.59,15
2026-08-06T06:15:00Z,DK2,142.34,15
2026-08-06T06:15:00Z,EE,14.00,15
2026-08-06T06:15:00Z,ES,172.03,15
2026-08-06T06:15:00Z,FI,13.99,15
2026-08-06T06:15:00Z,FR,146.60,15
2026-08-06T06:15:00Z,GR,65.04,15
2026-08-06T06:15:00Z,HR,157.16,15
2026-08-06T06:15:00Z,HU,156.02,15
2026-08-06T06:15:00Z,IT-CNorth,192.95,15
2026-08-06T06:15:00Z,IT-CSouth,192.95,15
2026-08-06T06:15:00Z,IT-North,192.95,15
2026-08-06T06:15:00Z,IT-Sardinia,192.95,15
2026-08-06T06:15:00Z,IT-Sicily,192.95,15
2026-08-06T06:15:00Z,IT-South,192.95,15
2026-08-06T06:15:00Z,LT,14.00,15
2026-08-06T06:15:00Z,LV,14.00,15
2026-08-06T06:15:00Z,NL,145.84,15
2026-08-06T06:15:00Z,NO1,123.63,15
2026-08-06T06:15:00Z,NO2,126.71,15
2026-08-06T06:15:00Z,NO3,83.62,15
2026-08-06T06:15:00Z,NO4,6.37,15
2026-08-06T06:15:00Z,NO5,125.19,15
2026-08-06T06:15:00Z,PL,137.40,15
2026-08-06T06:15:00Z,PT,172.03,15
2026-08-06T06:15:00Z,RO,155.99,15
2026-08-06T06:15:00Z,RS,130.07,15
2026-08-06T06:15:00Z,SE1,12.76,15
2026-08-06T06:15:00Z,SE2,13.81,15
2026-08-06T06:15:00Z,SE3,14.00,15
2026-08-06T06:15:00Z,SE4,14.00,15
2026-08-06T06:15:00Z,SI,157.64,15
2026-08-06T06:15:00Z,SK,154.71,15
2026-08-06T06:30:00Z,AT,136.08,15
2026-08-06T06:30:00Z,BE,131.48,15
2026-08-06T06:30:00Z,CZ,133.41,15
2026-08-06T06:30:00Z,DE-LU,130.85,15
2026-08-06T06:30:00Z,DK1,112.90,15
2026-08-06T06:30:00Z,DK2,130.25,15
2026-08-06T06:30:00Z,EE,10.01,15
2026-08-06T06:30:00Z,ES,160.45,15
2026-08-06T06:30:00Z,FI,10.00,15
2026-08-06T06:30:00Z,FR,131.46,15
2026-08-06T06:30:00Z,GR,0.00,15
2026-08-06T06:30:00Z,HR,135.36,15
2026-08-06T06:30:00Z,HU,134.92,15
2026-08-06T06:30:00Z,IT-CNorth,192.95,15
2026-08-06T06:30:00Z,IT-CSouth,192.95,15
2026-08-06T06:30:00Z,IT-North,192.95,15
2026-08-06T06:30:00Z,IT-Sardinia,192.95,15
2026-08-06T06:30:00Z,IT-Sicily,192.95,15
2026-08-06T06:30:00Z,IT-South,192.95,15
2026-08-06T06:30:00Z,LT,10.01,15
2026-08-06T06:30:00Z,LV,10.01,15
2026-08-06T06:30:00Z,NL,131.52,15
2026-08-06T06:30:00Z,NO1,118.00,15
2026-08-06T06:30:00Z,NO2,120.45,15
2026-08-06T06:30:00Z,NO3,78.76,15
2026-08-06T06:30:00Z,NO4,6.39,15
2026-08-06T06:30:00Z,NO5,120.45,15
2026-08-06T06:30:00Z,PL,132.94,15
2026-08-06T06:30:00Z,PT,160.45,15
2026-08-06T06:30:00Z,RO,134.91,15
2026-08-06T06:30:00Z,RS,130.07,15
2026-08-06T06:30:00Z,SE1,9.43,15
2026-08-06T06:30:00Z,SE2,9.92,15
2026-08-06T06:30:00Z,SE3,10.01,15
2026-08-06T06:30:00Z,SE4,10.01,15
2026-08-06T06:30:00Z,SI,135.55,15
2026-08-06T06:30:00Z,SK,134.42,15
2026-08-06T06:45:00Z,AT,110.77,15
2026-08-06T06:45:00Z,BE,110.77,15
2026-08-06T06:45:00Z,CZ,110.77,15
2026-08-06T06:45:00Z,DE-LU,110.77,15
2026-08-06T06:45:00Z,DK1,100.43,15
2026-08-06T06:45:00Z,DK2,110.77,15
2026-08-06T06:45:00Z,EE,6.95,15
2026-08-06T06:45:00Z,ES,135.00,15
2026-08-06T06:45:00Z,FI,6.95,15
2026-08-06T06:45:00Z,FR,110.77,15
2026-08-06T06:45:00Z,GR,-0.01,15
2026-08-06T06:45:00Z,HR,110.77,15
2026-08-06T06:45:00Z,HU,110.77,15
2026-08-06T06:45:00Z,IT-CNorth,179.80,15
2026-08-06T06:45:00Z,IT-CSouth,179.80,15
2026-08-06T06:45:00Z,IT-North,179.80,15
2026-08-06T06:45:00Z,IT-Sardinia,179.80,15
2026-08-06T06:45:00Z,IT-Sicily,179.80,15
2026-08-06T06:45:00Z,IT-South,179.80,15
2026-08-06T06:45:00Z,LT,6.95,15
2026-08-06T06:45:00Z,LV,6.95,15
2026-08-06T06:45:00Z,NL,110.77,15
2026-08-06T06:45:00Z,NO1,110.63,15
2026-08-06T06:45:00Z,NO2,112.98,15
2026-08-06T06:45:00Z,NO3,72.96,15
2026-08-06T06:45:00Z,NO4,6.51,15
2026-08-06T06:45:00Z,NO5,112.98,15
2026-08-06T06:45:00Z,PL,110.77,15
2026-08-06T06:45:00Z,PT,135.00,15
2026-08-06T06:45:00Z,RO,110.77,15
2026-08-06T06:45:00Z,RS,130.07,15
2026-08-06T06:45:00Z,SE1,6.88,15
2026-08-06T06:45:00Z,SE2,6.94,15
2026-08-06T06:45:00Z,SE3,6.95,15
2026-08-06T06:45:00Z,SE4,6.95,15
2026-08-06T06:45:00Z,SI,110.77,15
2026-08-06T06:45:00Z,SK,110.77,15
2026-08-06T07:00:00Z,AT,161.82,15
2026-08-06T07:00:00Z,BE,140.00,15
2026-08-06T07:00:00Z,CH,158.00,60
2026-08-06T07:00:00Z,CZ,149.18,15
2026-08-06T07:00:00Z,DE-LU,135.38,15
2026-08-06T07:00:00Z,DK1,123.68,15
2026-08-06T07:00:00Z,DK2,136.89,15
2026-08-06T07:00:00Z,EE,12.91,15
2026-08-06T07:00:00Z,ES,139.63,15
2026-08-06T07:00:00Z,FI,12.90,15
2026-08-06T07:00:00Z,FR,139.63,15
2026-08-06T07:00:00Z,GR,0.00,15
2026-08-06T07:00:00Z,HR,158.29,15
2026-08-06T07:00:00Z,HU,156.09,15
2026-08-06T07:00:00Z,IT-CNorth,195.37,15
2026-08-06T07:00:00Z,IT-CSouth,195.37,15
2026-08-06T07:00:00Z,IT-North,195.37,15
2026-08-06T07:00:00Z,IT-Sardinia,195.37,15
2026-08-06T07:00:00Z,IT-Sicily,195.37,15
2026-08-06T07:00:00Z,IT-South,195.37,15
2026-08-06T07:00:00Z,LT,12.91,15
2026-08-06T07:00:00Z,LV,12.91,15
2026-08-06T07:00:00Z,NL,131.41,15
2026-08-06T07:00:00Z,NO1,116.24,15
2026-08-06T07:00:00Z,NO2,118.56,15
2026-08-06T07:00:00Z,NO3,78.68,15
2026-08-06T07:00:00Z,NO4,6.58,15
2026-08-06T07:00:00Z,NO5,118.55,15
2026-08-06T07:00:00Z,PL,146.40,15
2026-08-06T07:00:00Z,PT,139.63,15
2026-08-06T07:00:00Z,RO,156.10,15
2026-08-06T07:00:00Z,RS,110.02,15
2026-08-06T07:00:00Z,SE1,11.77,15
2026-08-06T07:00:00Z,SE2,12.74,15
2026-08-06T07:00:00Z,SE3,12.91,15
2026-08-06T07:00:00Z,SE4,12.91,15
2026-08-06T07:00:00Z,SI,159.18,15
2026-08-06T07:00:00Z,SK,153.57,15
2026-08-06T07:15:00Z,AT,129.30,15
2026-08-06T07:15:00Z,BE,109.57,15
2026-08-06T07:15:00Z,CZ,119.65,15
2026-08-06T07:15:00Z,DE-LU,109.16,15
2026-08-06T07:15:00Z,DK1,96.08,15
2026-08-06T07:15:00Z,DK2,110.51,15
2026-08-06T07:15:00Z,EE,9.37,15
2026-08-06T07:15:00Z,ES,110.00,15
2026-08-06T07:15:00Z,FI,9.37,15
2026-08-06T07:15:00Z,FR,110.00,15
2026-08-06T07:15:00Z,GR,-0.01,15
2026-08-06T07:15:00Z,HR,126.68,15
2026-08-06T07:15:00Z,HU,125.00,15
2026-08-06T07:15:00Z,IT-CNorth,192.90,15
2026-08-06T07:15:00Z,IT-CSouth,192.90,15
2026-08-06T07:15:00Z,IT-North,192.90,15
2026-08-06T07:15:00Z,IT-Sardinia,192.90,15
2026-08-06T07:15:00Z,IT-Sicily,192.90,15
2026-08-06T07:15:00Z,IT-South,192.90,15
2026-08-06T07:15:00Z,LT,9.37,15
2026-08-06T07:15:00Z,LV,9.37,15
2026-08-06T07:15:00Z,NL,109.45,15
2026-08-06T07:15:00Z,NO1,112.99,15
2026-08-06T07:15:00Z,NO2,115.31,15
2026-08-06T07:15:00Z,NO3,75.33,15
2026-08-06T07:15:00Z,NO4,7.18,15
2026-08-06T07:15:00Z,NO5,115.31,15
2026-08-06T07:15:00Z,PL,117.57,15
2026-08-06T07:15:00Z,PT,110.00,15
2026-08-06T07:15:00Z,RO,125.00,15
2026-08-06T07:15:00Z,RS,110.02,15
2026-08-06T07:15:00Z,SE1,8.97,15
2026-08-06T07:15:00Z,SE2,9.31,15
2026-08-06T07:15:00Z,SE3,9.37,15
2026-08-06T07:15:00Z,SE4,9.37,15
2026-08-06T07:15:00Z,SI,127.36,15
2026-08-06T07:15:00Z,SK,123.06,15
2026-08-06T07:30:00Z,AT,100.73,15
2026-08-06T07:30:00Z,BE,89.99,15
2026-08-06T07:30:00Z,CZ,95.41,15
2026-08-06T07:30:00Z,DE-LU,89.63,15
2026-08-06T07:30:00Z,DK1,82.78,15
2026-08-06T07:30:00Z,DK2,90.36,15
2026-08-06T07:30:00Z,EE,6.94,15
2026-08-06T07:30:00Z,ES,90.20,15
2026-08-06T07:30:00Z,FI,6.94,15
2026-08-06T07:30:00Z,FR,90.20,15
2026-08-06T07:30:00Z,GR,-0.01,15
2026-08-06T07:30:00Z,HR,99.29,15
2026-08-06T07:30:00Z,HU,98.36,15
2026-08-06T07:30:00Z,IT-CNorth,186.58,15
2026-08-06T07:30:00Z,IT-CSouth,186.58,15
2026-08-06T07:30:00Z,IT-North,186.58,15
2026-08-06T07:30:00Z,IT-Sardinia,186.58,15
2026-08-06T07:30:00Z,IT-Sicily,186.58,15
2026-08-06T07:30:00Z,IT-South,186.58,15
2026-08-06T07:30:00Z,LT,6.94,15
2026-08-06T07:30:00Z,LV,6.94,15
2026-08-06T07:30:00Z,NL,89.63,15
2026-08-06T07:30:00Z,NO1,101.10,15
2026-08-06T07:30:00Z,NO2,103.21,15
2026-08-06T07:30:00Z,NO3,66.88,15
2026-08-06T07:30:00Z,NO4,6.94,15
2026-08-06T07:30:00Z,NO5,103.21,15
2026-08-06T07:30:00Z,PL,94.26,15
2026-08-06T07:30:00Z,PT,90.20,15
2026-08-06T07:30:00Z,RO,98.36,15
2026-08-06T07:30:00Z,RS,110.02,15
2026-08-06T07:30:00Z,SE1,6.94,15
2026-08-06T07:30:00Z,SE2,6.94,15
2026-08-06T07:30:00Z,SE3,6.94,15
2026-08-06T07:30:00Z,SE4,6.94,15
2026-08-06T07:30:00Z,SI,99.66,15
2026-08-06T07:30:00Z,SK,97.29,15
2026-08-06T07:45:00Z,AT,110.92,15
2026-08-06T07:45:00Z,BE,50.00,15
2026-08-06T07:45:00Z,CZ,80.52,15
2026-08-06T07:45:00Z,DE-LU,48.11,15
2026-08-06T07:45:00Z,DK1,35.70,15
2026-08-06T07:45:00Z,DK2,48.11,15
2026-08-06T07:45:00Z,EE,5.56,15
2026-08-06T07:45:00Z,ES,50.00,15
2026-08-06T07:45:00Z,FI,5.56,15
2026-08-06T07:45:00Z,FR,50.00,15
2026-08-06T07:45:00Z,GR,-0.01,15
2026-08-06T07:45:00Z,HR,102.67,15
2026-08-06T07:45:00Z,HU,97.37,15
2026-08-06T07:45:00Z,IT-CNorth,183.34,15
2026-08-06T07:45:00Z,IT-CSouth,183.34,15
2026-08-06T07:45:00Z,IT-North,183.34,15
2026-08-06T07:45:00Z,IT-Sardinia,183.34,15
2026-08-06T07:45:00Z,IT-Sicily,183.34,15
2026-08-06T07:45:00Z,IT-South,183.34,15
2026-08-06T07:45:00Z,LT,5.56,15
2026-08-06T07:45:00Z,LV,5.56,15
2026-08-06T07:45:00Z,NL,48.11,15
2026-08-06T07:45:00Z,NO1,100.23,15
2026-08-06T07:45:00Z,NO2,102.36,15
2026-08-06T07:45:00Z,NO3,65.82,15
2026-08-06T07:45:00Z,NO4,5.56,15
2026-08-06T07:45:00Z,NO5,102.36,15
2026-08-06T07:45:00Z,PL,104.91,15
2026-08-06T07:45:00Z,PT,50.00,15
2026-08-06T07:45:00Z,RO,97.37,15
2026-08-06T07:45:00Z,RS,110.02,15
2026-08-06T07:45:00Z,SE1,5.56,15
2026-08-06T07:45:00Z,SE2,5.56,15
2026-08-06T07:45:00Z,SE3,5.56,15
2026-08-06T07:45:00Z,SE4,5.56,15
2026-08-06T07:45:00Z,SI,104.83,15
2026-08-06T07:45:00Z,SK,91.27,15
2026-08-06T08:00:00Z,AT,124.37,15
2026-08-06T08:00:00Z,BE,74.90,15
2026-08-06T08:00:00Z,CH,152.27,60
2026-08-06T08:00:00Z,CZ,96.52,15
2026-08-06T08:00:00Z,DE-LU,66.54,15
2026-08-06T08:00:00Z,DK1,66.54,15
2026-08-06T08:00:00Z,DK2,69.21,15
2026-08-06T08:00:00Z,EE,9.73,15
2026-08-06T08:00:00Z,ES,73.80,15
2026-08-06T08:00:00Z,FI,9.73,15
2026-08-06T08:00:00Z,FR,73.80,15
2026-08-06T08:00:00Z,GR,-0.01,15
2026-08-06T08:00:00Z,HR,116.55,15
2026-08-06T08:00:00Z,HU,111.66,15
2026-08-06T08:00:00Z,IT-CNorth,175.00,15
2026-08-06T08:00:00Z,IT-CSouth,175.00,15
2026-08-06T08:00:00Z,IT-North,175.00,15
2026-08-06T08:00:00Z,IT-Sardinia,175.00,15
2026-08-06T08:00:00Z,IT-Sicily,175.00,15
2026-08-06T08:00:00Z,IT-South,175.00,15
2026-08-06T08:00:00Z,LT,9.73,15
2026-08-06T08:00:00Z,LV,9.73,15
2026-08-06T08:00:00Z,NL,58.50,15
2026-08-06T08:00:00Z,NO1,97.97,15
2026-08-06T08:00:00Z,NO2,99.95,15
2026-08-06T08:00:00Z,NO3,66.13,15
2026-08-06T08:00:00Z,NO4,7.37,15
2026-08-06T08:00:00Z,NO5,99.98,15
2026-08-06T08:00:00Z,PL,107.69,15
2026-08-06T08:00:00Z,PT,73.80,15
2026-08-06T08:00:00Z,RO,111.64,15
2026-08-06T08:00:00Z,RS,75.00,15
2026-08-06T08:00:00Z,SE1,9.21,15
2026-08-06T08:00:00Z,SE2,9.66,15
2026-08-06T08:00:00Z,SE3,9.73,15
2026-08-06T08:00:00Z,SE4,9.73,15
2026-08-06T08:00:00Z,SI,118.61,15
2026-08-06T08:00:00Z,SK,106.28,15
2026-08-06T08:15:00Z,AT,143.38,15
2026-08-06T08:15:00Z,BE,40.83,15
2026-08-06T08:15:00Z,CZ,95.21,15
2026-08-06T08:15:00Z,DE-LU,27.88,15
2026-08-06T08:15:00Z,DK1,27.53,15
2026-08-06T08:15:00Z,DK2,29.54,15
2026-08-06T08:15:00Z,EE,6.95,15
2026-08-06T08:15:00Z,ES,40.00,15
2026-08-06T08:15:00Z,FI,6.95,15
2026-08-06T08:15:00Z,FR,40.00,15
2026-08-06T08:15:00Z,GR,-0.01,15
2026-08-06T08:15:00Z,HR,130.05,15
2026-08-06T08:15:00Z,HU,120.85,15
2026-08-06T08:15:00Z,IT-CNorth,174.47,15
2026-08-06T08:15:00Z,IT-CSouth,174.47,15
2026-08-06T08:15:00Z,IT-North,174.47,15
2026-08-06T08:15:00Z,IT-Sardinia,174.47,15
2026-08-06T08:15:00Z,IT-Sicily,174.47,15
2026-08-06T08:15:00Z,IT-South,174.47,15
2026-08-06T08:15:00Z,LT,6.95,15
2026-08-06T08:15:00Z,LV,6.95,15
2026-08-06T08:15:00Z,NL,19.95,15
2026-08-06T08:15:00Z,NO1,98.63,15
2026-08-06T08:15:00Z,NO2,100.71,15
2026-08-06T08:15:00Z,NO3,65.32,15
2026-08-06T08:15:00Z,NO4,6.95,15
2026-08-06T08:15:00Z,NO5,100.71,15
2026-08-06T08:15:00Z,PL,106.30,15
2026-08-06T08:15:00Z,PT,40.00,15
2026-08-06T08:15:00Z,RO,119.99,15
2026-08-06T08:15:00Z,RS,75.00,15
2026-08-06T08:15:00Z,SE1,6.95,15
2026-08-06T08:15:00Z,SE2,6.95,15
2026-08-06T08:15:00Z,SE3,6.95,15
2026-08-06T08:15:00Z,SE4,6.95,15
2026-08-06T08:15:00Z,SI,134.04,15
2026-08-06T08:15:00Z,SK,112.20,15
2026-08-06T08:30:00Z,AT,133.71,15
2026-08-06T08:30:00Z,BE,13.51,15
2026-08-06T08:30:00Z,CZ,84.00,15
2026-08-06T08:30:00Z,DE-LU,5.52,15
2026-08-06T08:30:00Z,DK1,5.78,15
2026-08-06T08:30:00Z,DK2,5.89,15
2026-08-06T08:30:00Z,EE,5.89,15
2026-08-06T08:30:00Z,ES,13.51,15
2026-08-06T08:30:00Z,FI,5.89,15
2026-08-06T08:30:00Z,FR,13.51,15
2026-08-06T08:30:00Z,GR,-0.01,15
2026-08-06T08:30:00Z,HR,120.23,15
2026-08-06T08:30:00Z,HU,110.28,15
2026-08-06T08:30:00Z,IT-CNorth,177.50,15
2026-08-06T08:30:00Z,IT-CSouth,177.50,15
2026-08-06T08:30:00Z,IT-North,177.50,15
2026-08-06T08:30:00Z,IT-Sardinia,177.50,15
2026-08-06T08:30:00Z,IT-Sicily,177.50,15
2026-08-06T08:30:00Z,IT-South,177.50,15
2026-08-06T08:30:00Z,LT,5.89,15
2026-08-06T08:30:00Z,LV,5.89,15
2026-08-06T08:30:00Z,NL,2.53,15
2026-08-06T08:30:00Z,NO1,99.79,15
2026-08-06T08:30:00Z,NO2,101.92,15
2026-08-06T08:30:00Z,NO3,65.67,15
2026-08-06T08:30:00Z,NO4,5.89,15
2026-08-06T08:30:00Z,NO5,101.92,15
2026-08-06T08:30:00Z,PL,115.10,15
2026-08-06T08:30:00Z,PT,13.51,15
2026-08-06T08:30:00Z,RO,108.89,15
2026-08-06T08:30:00Z,RS,75.00,15
2026-08-06T08:30:00Z,SE1,5.89,15
2026-08-06T08:30:00Z,SE2,5.89,15
2026-08-06T08:30:00Z,SE3,5.89,15
2026-08-06T08:30:00Z,SE4,5.89,15
2026-08-06T08:30:00Z,SI,124.60,15
2026-08-06T08:30:00Z,SK,101.72,15
2026-08-06T08:45:00Z,AT,118.65,15
2026-08-06T08:45:00Z,BE,3.78,15
2026-08-06T08:45:00Z,CZ,72.13,15
2026-08-06T08:45:00Z,DE-LU,0.40,15
2026-08-06T08:45:00Z,DK1,1.35,15
2026-08-06T08:45:00Z,DK2,4.94,15
2026-08-06T08:45:00Z,EE,4.94,15
2026-08-06T08:45:00Z,ES,3.78,15
2026-08-06T08:45:00Z,FI,4.94,15
2026-08-06T08:45:00Z,FR,3.78,15
2026-08-06T08:45:00Z,GR,0.00,15
2026-08-06T08:45:00Z,HR,106.15,15
2026-08-06T08:45:00Z,HU,96.90,15
2026-08-06T08:45:00Z,IT-CNorth,178.39,15
2026-08-06T08:45:00Z,IT-CSouth,178.39,15
2026-08-06T08:45:00Z,IT-North,178.39,15
2026-08-06T08:45:00Z,IT-Sardinia,178.39,15
2026-08-06T08:45:00Z,IT-Sicily,178.39,15
2026-08-06T08:45:00Z,IT-South,178.39,15
2026-08-06T08:45:00Z,LT,4.94,15
2026-08-06T08:45:00Z,LV,4.94,15
2026-08-06T08:45:00Z,NL,-0.01,15
2026-08-06T08:45:00Z,NO1,99.99,15
2026-08-06T08:45:00Z,NO2,102.14,15
2026-08-06T08:45:00Z,NO3,65.46,15
2026-08-06T08:45:00Z,NO4,4.94,15
2026-08-06T08:45:00Z,NO5,102.14,15
2026-08-06T08:45:00Z,PL,106.30,15
2026-08-06T08:45:00Z,PT,3.78,15
2026-08-06T08:45:00Z,RO,95.68,15
2026-08-06T08:45:00Z,RS,75.00,15
2026-08-06T08:45:00Z,SE1,4.94,15
2026-08-06T08:45:00Z,SE2,4.94,15
2026-08-06T08:45:00Z,SE3,4.94,15
2026-08-06T08:45:00Z,SE4,4.94,15
2026-08-06T08:45:00Z,SI,110.20,15
2026-08-06T08:45:00Z,SK,88.81,15
2026-08-06T09:00:00Z,AT,124.44,15
2026-08-06T09:00:00Z,BE,5.99,15
2026-08-06T09:00:00Z,CH,144.10,60
2026-08-06T09:00:00Z,CZ,82.85,15
2026-08-06T09:00:00Z,DE-LU,0.70,15
2026-08-06T09:00:00Z,DK1,0.83,15
2026-08-06T09:00:00Z,DK2,4.91,15
2026-08-06T09:00:00Z,EE,4.91,15
2026-08-06T09:00:00Z,ES,5.99,15
2026-08-06T09:00:00Z,FI,4.91,15
2026-08-06T09:00:00Z,FR,5.99,15
2026-08-06T09:00:00Z,GR,0.00,15
2026-08-06T09:00:00Z,HR,107.60,15
2026-08-06T09:00:00Z,HU,99.62,15
2026-08-06T09:00:00Z,IT-CNorth,167.30,15
2026-08-06T09:00:00Z,IT-CSouth,167.30,15
2026-08-06T09:00:00Z,IT-North,167.30,15
2026-08-06T09:00:00Z,IT-Sardinia,167.30,15
2026-08-06T09:00:00Z,IT-Sicily,167.30,15
2026-08-06T09:00:00Z,IT-South,167.30,15
2026-08-06T09:00:00Z,LT,4.91,15
2026-08-06T09:00:00Z,LV,4.91,15
2026-08-06T09:00:00Z,NL,-0.01,15
2026-08-06T09:00:00Z,NO1,110.05,15
2026-08-06T09:00:00Z,NO2,112.42,15
2026-08-06T09:00:00Z,NO3,71.84,15
2026-08-06T09:00:00Z,NO4,4.91,15
2026-08-06T09:00:00Z,NO5,112.42,15
2026-08-06T09:00:00Z,PL,97.50,15
2026-08-06T09:00:00Z,PT,5.99,15
2026-08-06T09:00:00Z,RO,97.14,15
2026-08-06T09:00:00Z,RS,80.09,15
2026-08-06T09:00:00Z,SE1,4.91,15
2026-08-06T09:00:00Z,SE2,4.91,15
2026-08-06T09:00:00Z,SE3,4.91,15
2026-08-06T09:00:00Z,SE4,4.91,15
2026-08-06T09:00:00Z,SI,111.33,15
2026-08-06T09:00:00Z,SK,93.88,15
2026-08-06T09:15:00Z,AT,127.05,15
2026-08-06T09:15:00Z,BE,4.87,15
2026-08-06T09:15:00Z,CZ,84.99,15
2026-08-06T09:15:00Z,DE-LU,0.00,15
2026-08-06T09:15:00Z,DK1,0.13,15
2026-08-06T09:15:00Z,DK2,4.13,15
2026-08-06T09:15:00Z,EE,4.13,15
2026-08-06T09:15:00Z,ES,4.87,15
2026-08-06T09:15:00Z,FI,4.13,15
2026-08-06T09:15:00Z,FR,4.87,15
2026-08-06T09:15:00Z,GR,0.00,15
2026-08-06T09:15:00Z,HR,110.00,15
2026-08-06T09:15:00Z,HU,101.85,15
2026-08-06T09:15:00Z,IT-CNorth,163.83,15
2026-08-06T09:15:00Z,IT-CSouth,163.83,15
2026-08-06T09:15:00Z,IT-North,163.83,15
2026-08-06T09:15:00Z,IT-Sardinia,163.83,15
2026-08-06T09:15:00Z,IT-Sicily,163.83,15
2026-08-06T09:15:00Z,IT-South,163.83,15
2026-08-06T09:15:00Z,LT,4.13,15
2026-08-06T09:15:00Z,LV,4.13,15
2026-08-06T09:15:00Z,NL,-0.05,15
2026-08-06T09:15:00Z,NO1,109.95,15
2026-08-06T09:15:00Z,NO2,112.34,15
2026-08-06T09:15:00Z,NO3,71.50,15
2026-08-06T09:15:00Z,NO4,4.13,15
2026-08-06T09:15:00Z,NO5,112.34,15
2026-08-06T09:15:00Z,PL,97.62,15
2026-08-06T09:15:00Z,PT,4.87,15
2026-08-06T09:15:00Z,RO,99.24,15
2026-08-06T09:15:00Z,RS,80.09,15
2026-08-06T09:15:00Z,SE1,4.13,15
2026-08-06T09:15:00Z,SE2,4.13,15
2026-08-06T09:15:00Z,SE3,4.13,15
2026-08-06T09:15:00Z,SE4,4.13,15
2026-08-06T09:15:00Z,SI,113.82,15
2026-08-06T09:15:00Z,SK,96.10,15
2026-08-06T09:30:00Z,AT,139.27,15
2026-08-06T09:30:00Z,BE,10.86,15
2026-08-06T09:30:00Z,CZ,88.00,15
2026-08-06T09:30:00Z,DE-LU,-0.01,15
2026-08-06T09:30:00Z,DK1,0.24,15
2026-08-06T09:30:00Z,DK2,4.10,15
2026-08-06T09:30:00Z,EE,4.10,15
2026-08-06T09:30:00Z,ES,4.17,15
2026-08-06T09:30:00Z,FI,4.10,15
2026-08-06T09:30:00Z,FR,4.17,15
2026-08-06T09:30:00Z,GR,0.01,15
2026-08-06T09:30:00Z,HR,118.75,15
2026-08-06T09:30:00Z,HU,109.46,15
2026-08-06T09:30:00Z,IT-CNorth,162.78,15
2026-08-06T09:30:00Z,IT-CSouth,162.78,15
2026-08-06T09:30:00Z,IT-North,162.78,15
2026-08-06T09:30:00Z,IT-Sardinia,162.78,15
2026-08-06T09:30:00Z,IT-Sicily,162.78,15
2026-08-06T09:30:00Z,IT-South,162.78,15
2026-08-06T09:30:00Z,LT,4.10,15
2026-08-06T09:30:00Z,LV,4.10,15
2026-08-06T09:30:00Z,NL,-1.82,15
2026-08-06T09:30:00Z,NO1,108.61,15
2026-08-06T09:30:00Z,NO2,110.96,15
2026-08-06T09:30:00Z,NO3,70.63,15
2026-08-06T09:30:00Z,NO4,4.10,15
2026-08-06T09:30:00Z,NO5,110.96,15
2026-08-06T09:30:00Z,PL,99.32,15
2026-08-06T09:30:00Z,PT,4.17,15
2026-08-06T09:30:00Z,RO,107.15,15
2026-08-06T09:30:00Z,RS,80.09,15
2026-08-06T09:30:00Z,SE1,4.10,15
2026-08-06T09:30:00Z,SE2,4.10,15
2026-08-06T09:30:00Z,SE3,4.10,15
2026-08-06T09:30:00Z,SE4,4.10,15
2026-08-06T09:30:00Z,SI,123.02,15
2026-08-06T09:30:00Z,SK,101.98,15
2026-08-06T09:45:00Z,AT,129.38,15
2026-08-06T09:45:00Z,BE,9.00,15
2026-08-06T09:45:00Z,CZ,78.26,15
2026-08-06T09:45:00Z,DE-LU,-0.11,15
2026-08-06T09:45:00Z,DK1,0.36,15
2026-08-06T09:45:00Z,DK2,3.92,15
2026-08-06T09:45:00Z,EE,3.92,15
2026-08-06T09:45:00Z,ES,1.95,15
2026-08-06T09:45:00Z,FI,3.92,15
2026-08-06T09:45:00Z,FR,1.95,15
2026-08-06T09:45:00Z,GR,0.01,15
2026-08-06T09:45:00Z,HR,109.06,15
2026-08-06T09:45:00Z,HU,100.18,15
2026-08-06T09:45:00Z,IT-CNorth,168.61,15
2026-08-06T09:45:00Z,IT-CSouth,168.61,15
2026-08-06T09:45:00Z,IT-North,168.61,15
2026-08-06T09:45:00Z,IT-Sardinia,168.61,15
2026-08-06T09:45:00Z,IT-Sicily,168.61,15
2026-08-06T09:45:00Z,IT-South,168.61,15
2026-08-06T09:45:00Z,LT,3.92,15
2026-08-06T09:45:00Z,LV,3.92,15
2026-08-06T09:45:00Z,NL,-2.00,15
2026-08-06T09:45:00Z,NO1,110.50,15
2026-08-06T09:45:00Z,NO2,112.91,15
2026-08-06T09:45:00Z,NO3,71.77,15
2026-08-06T09:45:00Z,NO4,3.92,15
2026-08-06T09:45:00Z,NO5,112.91,15
2026-08-06T09:45:00Z,PL,98.41,15
2026-08-06T09:45:00Z,PT,1.95,15
2026-08-06T09:45:00Z,RO,98.41,15
2026-08-06T09:45:00Z,RS,80.09,15
2026-08-06T09:45:00Z,SE1,3.92,15
2026-08-06T09:45:00Z,SE2,3.92,15
2026-08-06T09:45:00Z,SE3,3.92,15
2026-08-06T09:45:00Z,SE4,3.92,15
2026-08-06T09:45:00Z,SI,113.08,15
2026-08-06T09:45:00Z,SK,92.45,15
2026-08-06T10:00:00Z,AT,145.43,15
2026-08-06T10:00:00Z,BE,4.91,15
2026-08-06T10:00:00Z,CH,140.00,60
2026-08-06T10:00:00Z,CZ,90.70,15
2026-08-06T10:00:00Z,DE-LU,-0.01,15
2026-08-06T10:00:00Z,DK1,0.33,15
2026-08-06T10:00:00Z,DK2,3.95,15
2026-08-06T10:00:00Z,EE,3.95,15
2026-08-06T10:00:00Z,ES,4.91,15
2026-08-06T10:00:00Z,FI,3.95,15
2026-08-06T10:00:00Z,FR,4.91,15
2026-08-06T10:00:00Z,GR,0.02,15
2026-08-06T10:00:00Z,HR,137.72,15
2026-08-06T10:00:00Z,HU,120.06,15
2026-08-06T10:00:00Z,IT-CNorth,162.00,15
2026-08-06T10:00:00Z,IT-CSouth,162.00,15
2026-08-06T10:00:00Z,IT-North,162.00,15
2026-08-06T10:00:00Z,IT-Sardinia,162.00,15
2026-08-06T10:00:00Z,IT-Sicily,162.00,15
2026-08-06T10:00:00Z,IT-South,162.00,15
2026-08-06T10:00:00Z,LT,3.95,15
2026-08-06T10:00:00Z,LV,3.95,15
2026-08-06T10:00:00Z,NL,-3.01,15
2026-08-06T10:00:00Z,NO1,113.82,15
2026-08-06T10:00:00Z,NO2,116.30,15
2026-08-06T10:00:00Z,NO3,73.90,15
2026-08-06T10:00:00Z,NO4,3.95,15
2026-08-06T10:00:00Z,NO5,116.30,15
2026-08-06T10:00:00Z,PL,101.51,15
2026-08-06T10:00:00Z,PT,4.91,15
2026-08-06T10:00:00Z,RO,119.70,15
2026-08-06T10:00:00Z,RS,100.99,15
2026-08-06T10:00:00Z,SE1,3.95,15
2026-08-06T10:00:00Z,SE2,3.95,15
2026-08-06T10:00:00Z,SE3,3.95,15
2026-08-06T10:00:00Z,SE4,3.95,15
2026-08-06T10:00:00Z,SI,145.43,15
2026-08-06T10:00:00Z,SK,109.93,15
2026-08-06T10:15:00Z,AT,137.52,15
2026-08-06T10:15:00Z,BE,5.00,15
2026-08-06T10:15:00Z,CZ,85.79,15
2026-08-06T10:15:00Z,DE-LU,-0.08,15
2026-08-06T10:15:00Z,DK1,0.10,15
2026-08-06T10:15:00Z,DK2,3.78,15
2026-08-06T10:15:00Z,EE,3.78,15
2026-08-06T10:15:00Z,ES,5.00,15
2026-08-06T10:15:00Z,FI,3.78,15
2026-08-06T10:15:00Z,FR,5.00,15
2026-08-06T10:15:00Z,GR,25.59,15
2026-08-06T10:15:00Z,HR,126.57,15
2026-08-06T10:15:00Z,HU,111.92,15
2026-08-06T10:15:00Z,IT-CNorth,153.90,15
2026-08-06T10:15:00Z,IT-CSouth,153.90,15
2026-08-06T10:15:00Z,IT-North,153.90,15
2026-08-06T10:15:00Z,IT-Sardinia,153.90,15
2026-08-06T10:15:00Z,IT-Sicily,153.90,15
2026-08-06T10:15:00Z,IT-South,153.90,15
2026-08-06T10:15:00Z,LT,3.78,15
2026-08-06T10:15:00Z,LV,3.78,15
2026-08-06T10:15:00Z,NL,-3.02,15
2026-08-06T10:15:00Z,NO1,113.65,15
2026-08-06T10:15:00Z,NO2,116.13,15
2026-08-06T10:15:00Z,NO3,73.72,15
2026-08-06T10:15:00Z,NO4,3.78,15
2026-08-06T10:15:00Z,NO5,116.13,15
2026-08-06T10:15:00Z,PL,99.14,15
2026-08-06T10:15:00Z,PT,5.00,15
2026-08-06T10:15:00Z,RO,111.05,15
2026-08-06T10:15:00Z,RS,100.99,15
2026-08-06T10:15:00Z,SE1,3.78,15
2026-08-06T10:15:00Z,SE2,3.78,15
2026-08-06T10:15:00Z,SE3,3.78,15
2026-08-06T10:15:00Z,SE4,3.78,15
2026-08-06T10:15:00Z,SI,133.03,15
2026-08-06T10:15:00Z,SK,103.03,15
2026-08-06T10:30:00Z,AT,141.63,15
2026-08-06T10:30:00Z,BE,5.62,15
2026-08-06T10:30:00Z,CZ,90.62,15
2026-08-06T10:30:00Z,DE-LU,-0.09,15
2026-08-06T10:30:00Z,DK1,0.00,15
2026-08-06T10:30:00Z,DK2,3.52,15
2026-08-06T10:30:00Z,EE,3.52,15
2026-08-06T10:30:00Z,ES,5.62,15
2026-08-06T10:30:00Z,FI,3.52,15
2026-08-06T10:30:00Z,FR,5.62,15
2026-08-06T10:30:00Z,GR,60.00,15
2026-08-06T10:30:00Z,HR,128.78,15
2026-08-06T10:30:00Z,HU,115.20,15
2026-08-06T10:30:00Z,IT-CNorth,156.06,15
2026-08-06T10:30:00Z,IT-CSouth,156.06,15
2026-08-06T10:30:00Z,IT-North,156.06,15
2026-08-06T10:30:00Z,IT-Sardinia,156.06,15
2026-08-06T10:30:00Z,IT-Sicily,156.06,15
2026-08-06T10:30:00Z,IT-South,156.06,15
2026-08-06T10:30:00Z,LT,3.52,15
2026-08-06T10:30:00Z,LV,3.52,15
2026-08-06T10:30:00Z,NL,-3.06,15
2026-08-06T10:30:00Z,NO1,113.53,15
2026-08-06T10:30:00Z,NO2,116.01,15
2026-08-06T10:30:00Z,NO3,73.55,15
2026-08-06T10:30:00Z,NO4,3.52,15
2026-08-06T10:30:00Z,NO5,116.01,15
2026-08-06T10:30:00Z,PL,99.45,15
2026-08-06T10:30:00Z,PT,5.62,15
2026-08-06T10:30:00Z,RO,113.71,15
2026-08-06T10:30:00Z,RS,100.99,15
2026-08-06T10:30:00Z,SE1,3.52,15
2026-08-06T10:30:00Z,SE2,3.52,15
2026-08-06T10:30:00Z,SE3,3.52,15
2026-08-06T10:30:00Z,SE4,3.52,15
2026-08-06T10:30:00Z,SI,134.87,15
2026-08-06T10:30:00Z,SK,107.03,15
2026-08-06T10:45:00Z,AT,138.24,15
2026-08-06T10:45:00Z,BE,5.01,15
2026-08-06T10:45:00Z,CZ,86.97,15
2026-08-06T10:45:00Z,DE-LU,-0.16,15
2026-08-06T10:45:00Z,DK1,0.00,15
2026-08-06T10:45:00Z,DK2,3.30,15
2026-08-06T10:45:00Z,EE,3.30,15
2026-08-06T10:45:00Z,ES,5.01,15
2026-08-06T10:45:00Z,FI,3.30,15
2026-08-06T10:45:00Z,FR,5.01,15
2026-08-06T10:45:00Z,GR,60.00,15
2026-08-06T10:45:00Z,HR,126.93,15
2026-08-06T10:45:00Z,HU,112.58,15
2026-08-06T10:45:00Z,IT-CNorth,161.48,15
2026-08-06T10:45:00Z,IT-CSouth,161.48,15
2026-08-06T10:45:00Z,IT-North,161.48,15
2026-08-06T10:45:00Z,IT-Sardinia,161.48,15
2026-08-06T10:45:00Z,IT-Sicily,161.48,15
2026-08-06T10:45:00Z,IT-South,161.48,15
2026-08-06T10:45:00Z,LT,3.30,15
2026-08-06T10:45:00Z,LV,3.30,15
2026-08-06T10:45:00Z,NL,-3.04,15
2026-08-06T10:45:00Z,NO1,112.93,15
2026-08-06T10:45:00Z,NO2,115.40,15
2026-08-06T10:45:00Z,NO3,73.09,15
2026-08-06T10:45:00Z,NO4,3.30,15
2026-08-06T10:45:00Z,NO5,115.40,15
2026-08-06T10:45:00Z,PL,99.35,15
2026-08-06T10:45:00Z,PT,5.01,15
2026-08-06T10:45:00Z,RO,111.53,15
2026-08-06T10:45:00Z,RS,100.99,15
2026-08-06T10:45:00Z,SE1,3.30,15
2026-08-06T10:45:00Z,SE2,3.30,15
2026-08-06T10:45:00Z,SE3,3.30,15
2026-08-06T10:45:00Z,SE4,3.30,15
2026-08-06T10:45:00Z,SI,133.29,15
2026-08-06T10:45:00Z,SK,103.94,15
2026-08-06T11:00:00Z,AT,147.40,15
2026-08-06T11:00:00Z,BE,9.99,15
2026-08-06T11:00:00Z,CH,140.00,60
2026-08-06T11:00:00Z,CZ,90.59,15
2026-08-06T11:00:00Z,DE-LU,-1.01,15
2026-08-06T11:00:00Z,DK1,1.36,15
2026-08-06T11:00:00Z,DK2,2.84,15
2026-08-06T11:00:00Z,EE,2.84,15
2026-08-06T11:00:00Z,ES,2.00,15
2026-08-06T11:00:00Z,FI,2.84,15
2026-08-06T11:00:00Z,FR,2.00,15
2026-08-06T11:00:00Z,GR,3.05,15
2026-08-06T11:00:00Z,HR,138.03,15
2026-08-06T11:00:00Z,HU,120.54,15
2026-08-06T11:00:00Z,IT-CNorth,165.98,15
2026-08-06T11:00:00Z,IT-CSouth,165.98,15
2026-08-06T11:00:00Z,IT-North,165.98,15
2026-08-06T11:00:00Z,IT-Sardinia,165.98,15
2026-08-06T11:00:00Z,IT-Sicily,165.98,15
2026-08-06T11:00:00Z,IT-South,165.98,15
2026-08-06T11:00:00Z,LT,3.80,15
2026-08-06T11:00:00Z,LV,3.80,15
2026-08-06T11:00:00Z,NL,-2.57,15
2026-08-06T11:00:00Z,NO1,115.11,15
2026-08-06T11:00:00Z,NO2,117.63,15
2026-08-06T11:00:00Z,NO3,74.30,15
2026-08-06T11:00:00Z,NO4,2.84,15
2026-08-06T11:00:00Z,NO5,117.63,15
2026-08-06T11:00:00Z,PL,106.31,15
2026-08-06T11:00:00Z,PT,2.00,15
2026-08-06T11:00:00Z,RO,120.00,15
2026-08-06T11:00:00Z,RS,110.03,15
2026-08-06T11:00:00Z,SE1,2.84,15
2026-08-06T11:00:00Z,SE2,2.84,15
2026-08-06T11:00:00Z,SE3,2.84,15
2026-08-06T11:00:00Z,SE4,2.84,15
2026-08-06T11:00:00Z,SI,145.65,15
2026-08-06T11:00:00Z,SK,109.71,15
2026-08-06T11:15:00Z,AT,144.43,15
2026-08-06T11:15:00Z,BE,5.00,15
2026-08-06T11:15:00Z,CZ,92.28,15
2026-08-06T11:15:00Z,DE-LU,-1.11,15
2026-08-06T11:15:00Z,DK1,1.35,15
2026-08-06T11:15:00Z,DK2,2.54,15
2026-08-06T11:15:00Z,EE,2.54,15
2026-08-06T11:15:00Z,ES,2.00,15
2026-08-06T11:15:00Z,FI,2.54,15
2026-08-06T11:15:00Z,FR,2.00,15
2026-08-06T11:15:00Z,GR,27.80,15
2026-08-06T11:15:00Z,HR,136.92,15
2026-08-06T11:15:00Z,HU,119.78,15
2026-08-06T11:15:00Z,IT-CNorth,161.96,15
2026-08-06T11:15:00Z,IT-CSouth,161.96,15
2026-08-06T11:15:00Z,IT-North,161.96,15
2026-08-06T11:15:00Z,IT-Sardinia,161.96,15
2026-08-06T11:15:00Z,IT-Sicily,161.96,15
2026-08-06T11:15:00Z,IT-South,161.96,15
2026-08-06T11:15:00Z,LT,2.54,15
2026-08-06T11:15:00Z,LV,2.54,15
2026-08-06T11:15:00Z,NL,-2.00,15
2026-08-06T11:15:00Z,NO1,114.97,15
2026-08-06T11:15:00Z,NO2,117.49,15
2026-08-06T11:15:00Z,NO3,74.10,15
2026-08-06T11:15:00Z,NO4,2.54,15
2026-08-06T11:15:00Z,NO5,117.49,15
2026-08-06T11:15:00Z,PL,101.84,15
2026-08-06T11:15:00Z,PT,2.00,15
2026-08-06T11:15:00Z,RO,118.92,15
2026-08-06T11:15:00Z,RS,110.03,15
2026-08-06T11:15:00Z,SE1,2.54,15
2026-08-06T11:15:00Z,SE2,2.54,15
2026-08-06T11:15:00Z,SE3,2.54,15
2026-08-06T11:15:00Z,SE4,2.54,15
2026-08-06T11:15:00Z,SI,144.43,15
2026-08-06T11:15:00Z,SK,109.95,15
2026-08-06T11:30:00Z,AT,133.63,15
2026-08-06T11:30:00Z,BE,1.82,15
2026-08-06T11:30:00Z,CZ,87.06,15
2026-08-06T11:30:00Z,DE-LU,-1.47,15
2026-08-06T11:30:00Z,DK1,1.34,15
2026-08-06T11:30:00Z,DK2,2.20,15
2026-08-06T11:30:00Z,EE,2.20,15
2026-08-06T11:30:00Z,ES,1.82,15
2026-08-06T11:30:00Z,FI,2.20,15
2026-08-06T11:30:00Z,FR,1.82,15
2026-08-06T11:30:00Z,GR,60.00,15
2026-08-06T11:30:00Z,HR,123.09,15
2026-08-06T11:30:00Z,HU,109.70,15
2026-08-06T11:30:00Z,IT-CNorth,168.70,15
2026-08-06T11:30:00Z,IT-CSouth,168.70,15
2026-08-06T11:30:00Z,IT-North,168.70,15
2026-08-06T11:30:00Z,IT-Sardinia,168.70,15
2026-08-06T11:30:00Z,IT-Sicily,168.70,15
2026-08-06T11:30:00Z,IT-South,168.70,15
2026-08-06T11:30:00Z,LT,2.20,15
2026-08-06T11:30:00Z,LV,2.20,15
2026-08-06T11:30:00Z,NL,-2.00,15
2026-08-06T11:30:00Z,NO1,114.75,15
2026-08-06T11:30:00Z,NO2,117.27,15
2026-08-06T11:30:00Z,NO3,73.84,15
2026-08-06T11:30:00Z,NO4,2.20,15
2026-08-06T11:30:00Z,NO5,117.27,15
2026-08-06T11:30:00Z,PL,106.30,15
2026-08-06T11:30:00Z,PT,1.82,15
2026-08-06T11:30:00Z,RO,108.10,15
2026-08-06T11:30:00Z,RS,110.03,15
2026-08-06T11:30:00Z,SE1,2.20,15
2026-08-06T11:30:00Z,SE2,2.20,15
2026-08-06T11:30:00Z,SE3,2.20,15
2026-08-06T11:30:00Z,SE4,2.20,15
2026-08-06T11:30:00Z,SI,129.08,15
2026-08-06T11:30:00Z,SK,101.84,15
2026-08-06T11:45:00Z,AT,134.05,15
2026-08-06T11:45:00Z,BE,1.50,15
2026-08-06T11:45:00Z,CZ,84.16,15
2026-08-06T11:45:00Z,DE-LU,-1.84,15
2026-08-06T11:45:00Z,DK1,1.36,15
2026-08-06T11:45:00Z,DK2,2.19,15
2026-08-06T11:45:00Z,EE,2.19,15
2026-08-06T11:45:00Z,ES,1.50,15
2026-08-06T11:45:00Z,FI,2.19,15
2026-08-06T11:45:00Z,FR,1.50,15
2026-08-06T11:45:00Z,GR,110.04,15
2026-08-06T11:45:00Z,HR,126.94,15
2026-08-06T11:45:00Z,HU,110.66,15
2026-08-06T11:45:00Z,IT-CNorth,171.00,15
2026-08-06T11:45:00Z,IT-CSouth,171.00,15
2026-08-06T11:45:00Z,IT-North,171.00,15
2026-08-06T11:45:00Z,IT-Sardinia,171.00,15
2026-08-06T11:45:00Z,IT-Sicily,171.00,15
2026-08-06T11:45:00Z,IT-South,171.00,15
2026-08-06T11:45:00Z,LT,2.19,15
2026-08-06T11:45:00Z,LV,2.19,15
2026-08-06T11:45:00Z,NL,-3.02,15
2026-08-06T11:45:00Z,NO1,114.58,15
2026-08-06T11:45:00Z,NO2,117.10,15
2026-08-06T11:45:00Z,NO3,73.73,15
2026-08-06T11:45:00Z,NO4,2.19,15
2026-08-06T11:45:00Z,NO5,117.10,15
2026-08-06T11:45:00Z,PL,106.58,15
2026-08-06T11:45:00Z,PT,1.50,15
2026-08-06T11:45:00Z,RO,110.04,15
2026-08-06T11:45:00Z,RS,110.03,15
2026-08-06T11:45:00Z,SE1,2.19,15
2026-08-06T11:45:00Z,SE2,2.19,15
2026-08-06T11:45:00Z,SE3,2.19,15
2026-08-06T11:45:00Z,SE4,2.19,15
2026-08-06T11:45:00Z,SI,134.05,15
2026-08-06T11:45:00Z,SK,101.12,15
2026-08-06T12:00:00Z,AT,129.31,15
2026-08-06T12:00:00Z,BE,3.36,15
2026-08-06T12:00:00Z,CH,140.00,60
2026-08-06T12:00:00Z,CZ,82.26,15
2026-08-06T12:00:00Z,DE-LU,-1.49,15
2026-08-06T12:00:00Z,DK1,1.36,15
2026-08-06T12:00:00Z,DK2,2.11,15
2026-08-06T12:00:00Z,EE,2.11,15
2026-08-06T12:00:00Z,ES,3.36,15
2026-08-06T12:00:00Z,FI,2.11,15
2026-08-06T12:00:00Z,FR,3.36,15
2026-08-06T12:00:00Z,GR,60.00,15
2026-08-06T12:00:00Z,HR,129.30,15
2026-08-06T12:00:00Z,HU,109.53,15
2026-08-06T12:00:00Z,IT-CNorth,169.50,15
2026-08-06T12:00:00Z,IT-CSouth,169.50,15
2026-08-06T12:00:00Z,IT-North,169.50,15
2026-08-06T12:00:00Z,IT-Sardinia,169.50,15
2026-08-06T12:00:00Z,IT-Sicily,169.50,15
2026-08-06T12:00:00Z,IT-South,169.50,15
2026-08-06T12:00:00Z,LT,2.11,15
2026-08-06T12:00:00Z,LV,2.11,15
2026-08-06T12:00:00Z,NL,-3.04,15
2026-08-06T12:00:00Z,NO1,106.89,15
2026-08-06T12:00:00Z,NO2,109.21,15
2026-08-06T12:00:00Z,NO3,68.79,15
2026-08-06T12:00:00Z,NO4,2.11,15
2026-08-06T12:00:00Z,NO5,109.21,15
2026-08-06T12:00:00Z,PL,106.31,15
2026-08-06T12:00:00Z,PT,3.36,15
2026-08-06T12:00:00Z,RO,109.53,15
2026-08-06T12:00:00Z,RS,132.03,15
2026-08-06T12:00:00Z,SE1,2.11,15
2026-08-06T12:00:00Z,SE2,2.11,15
2026-08-06T12:00:00Z,SE3,2.11,15
2026-08-06T12:00:00Z,SE4,2.11,15
2026-08-06T12:00:00Z,SI,129.31,15
2026-08-06T12:00:00Z,SK,99.67,15
2026-08-06T12:15:00Z,AT,141.42,15
2026-08-06T12:15:00Z,BE,5.60,15
2026-08-06T12:15:00Z,CZ,91.65,15
2026-08-06T12:15:00Z,DE-LU,-1.57,15
2026-08-06T12:15:00Z,DK1,1.54,15
2026-08-06T12:15:00Z,DK2,2.11,15
2026-08-06T12:15:00Z,EE,2.11,15
2026-08-06T12:15:00Z,ES,3.32,15
2026-08-06T12:15:00Z,FI,2.11,15
2026-08-06T12:15:00Z,FR,3.32,15
2026-08-06T12:15:00Z,GR,120.00,15
2026-08-06T12:15:00Z,HR,141.42,15
2026-08-06T12:15:00Z,HU,120.26,15
2026-08-06T12:15:00Z,IT-CNorth,170.00,15
2026-08-06T12:15:00Z,IT-CSouth,170.00,15
2026-08-06T12:15:00Z,IT-North,170.00,15
2026-08-06T12:15:00Z,IT-Sardinia,170.00,15
2026-08-06T12:15:00Z,IT-Sicily,170.00,15
2026-08-06T12:15:00Z,IT-South,170.00,15
2026-08-06T12:15:00Z,LT,3.81,15
2026-08-06T12:15:00Z,LV,3.81,15
2026-08-06T12:15:00Z,NL,-3.05,15
2026-08-06T12:15:00Z,NO1,106.58,15
2026-08-06T12:15:00Z,NO2,108.91,15
2026-08-06T12:15:00Z,NO3,68.60,15
2026-08-06T12:15:00Z,NO4,2.11,15
2026-08-06T12:15:00Z,NO5,108.91,15
2026-08-06T12:15:00Z,PL,134.15,15
2026-08-06T12:15:00Z,PT,3.32,15
2026-08-06T12:15:00Z,RO,120.00,15
2026-08-06T12:15:00Z,RS,132.03,15
2026-08-06T12:15:00Z,SE1,2.11,15
2026-08-06T12:15:00Z,SE2,2.11,15
2026-08-06T12:15:00Z,SE3,2.11,15
2026-08-06T12:15:00Z,SE4,2.11,15
2026-08-06T12:15:00Z,SI,141.42,15
2026-08-06T12:15:00Z,SK,110.01,15
2026-08-06T12:30:00Z,AT,142.15,15
2026-08-06T12:30:00Z,BE,4.04,15
2026-08-06T12:30:00Z,CZ,96.77,15
2026-08-06T12:30:00Z,DE-LU,-1.09,15
2026-08-06T12:30:00Z,DK1,1.40,15
2026-08-06T12:30:00Z,DK2,2.03,15
2026-08-06T12:30:00Z,EE,2.03,15
2026-08-06T12:30:00Z,ES,3.36,15
2026-08-06T12:30:00Z,FI,2.03,15
2026-08-06T12:30:00Z,FR,3.36,15
2026-08-06T12:30:00Z,GR,81.68,15
2026-08-06T12:30:00Z,HR,140.72,15
2026-08-06T12:30:00Z,HU,121.05,15
2026-08-06T12:30:00Z,IT-CNorth,173.61,15
2026-08-06T12:30:00Z,IT-CSouth,173.61,15
2026-08-06T12:30:00Z,IT-North,173.61,15
2026-08-06T12:30:00Z,IT-Sardinia,173.61,15
2026-08-06T12:30:00Z,IT-Sicily,173.61,15
2026-08-06T12:30:00Z,IT-South,173.61,15
2026-08-06T12:30:00Z,LT,4.99,15
2026-08-06T12:30:00Z,LV,4.99,15
2026-08-06T12:30:00Z,NL,-3.03,15
2026-08-06T12:30:00Z,NO1,102.57,15
2026-08-06T12:30:00Z,NO2,104.81,15
2026-08-06T12:30:00Z,NO3,66.02,15
2026-08-06T12:30:00Z,NO4,2.03,15
2026-08-06T12:30:00Z,NO5,104.81,15
2026-08-06T12:30:00Z,PL,108.07,15
2026-08-06T12:30:00Z,PT,3.36,15
2026-08-06T12:30:00Z,RO,120.00,15
2026-08-06T12:30:00Z,RS,132.03,15
2026-08-06T12:30:00Z,SE1,2.03,15
2026-08-06T12:30:00Z,SE2,2.03,15
2026-08-06T12:30:00Z,SE3,2.03,15
2026-08-06T12:30:00Z,SE4,2.03,15
2026-08-06T12:30:00Z,SI,142.15,15
2026-08-06T12:30:00Z,SK,112.71,15
2026-08-06T12:45:00Z,AT,145.24,15
2026-08-06T12:45:00Z,BE,7.00,15
2026-08-06T12:45:00Z,CZ,101.32,15
2026-08-06T12:45:00Z,DE-LU,-1.01,15
2026-08-06T12:45:00Z,DK1,1.54,15
2026-08-06T12:45:00Z,DK2,2.03,15
2026-08-06T12:45:00Z,EE,2.03,15
2026-08-06T12:45:00Z,ES,2.00,15
2026-08-06T12:45:00Z,FI,2.03,15
2026-08-06T12:45:00Z,FR,2.00,15
2026-08-06T12:45:00Z,GR,85.89,15
2026-08-06T12:45:00Z,HR,136.66,15
2026-08-06T12:45:00Z,HU,122.46,15
2026-08-06T12:45:00Z,IT-CNorth,168.25,15
2026-08-06T12:45:00Z,IT-CSouth,168.25,15
2026-08-06T12:45:00Z,IT-North,168.25,15
2026-08-06T12:45:00Z,IT-Sardinia,168.25,15
2026-08-06T12:45:00Z,IT-Sicily,168.25,15
2026-08-06T12:45:00Z,IT-South,168.25,15
2026-08-06T12:45:00Z,LT,5.00,15
2026-08-06T12:45:00Z,LV,5.00,15
2026-08-06T12:45:00Z,NL,-3.03,15
2026-08-06T12:45:00Z,NO1,101.89,15
2026-08-06T12:45:00Z,NO2,104.11,15
2026-08-06T12:45:00Z,NO3,65.58,15
2026-08-06T12:45:00Z,NO4,2.03,15
2026-08-06T12:45:00Z,NO5,104.11,15
2026-08-06T12:45:00Z,PL,131.49,15
2026-08-06T12:45:00Z,PT,2.00,15
2026-08-06T12:45:00Z,RO,120.01,15
2026-08-06T12:45:00Z,RS,132.03,15
2026-08-06T12:45:00Z,SE1,2.03,15
2026-08-06T12:45:00Z,SE2,2.03,15
2026-08-06T12:45:00Z,SE3,2.03,15
2026-08-06T12:45:00Z,SE4,2.03,15
2026-08-06T12:45:00Z,SI,143.14,15
2026-08-06T12:45:00Z,SK,115.59,15
2026-08-06T13:00:00Z,AT,102.65,15
2026-08-06T13:00:00Z,BE,2.86,15
2026-08-06T13:00:00Z,CH,134.47,60
2026-08-06T13:00:00Z,CZ,77.51,15
2026-08-06T13:00:00Z,DE-LU,-1.00,15
2026-08-06T13:00:00Z,DK1,0.00,15
2026-08-06T13:00:00Z,DK2,2.19,15
2026-08-06T13:00:00Z,EE,2.19,15
2026-08-06T13:00:00Z,ES,2.86,15
2026-08-06T13:00:00Z,FI,2.19,15
2026-08-06T13:00:00Z,FR,2.86,15
2026-08-06T13:00:00Z,GR,27.79,15
2026-08-06T13:00:00Z,HR,93.05,15
2026-08-06T13:00:00Z,HU,87.40,15
2026-08-06T13:00:00Z,IT-CNorth,175.50,15
2026-08-06T13:00:00Z,IT-CSouth,175.50,15
2026-08-06T13:00:00Z,IT-North,175.50,15
2026-08-06T13:00:00Z,IT-Sardinia,175.50,15
2026-08-06T13:00:00Z,IT-Sicily,175.50,15
2026-08-06T13:00:00Z,IT-South,175.50,15
2026-08-06T13:00:00Z,LT,3.80,15
2026-08-06T13:00:00Z,LV,3.80,15
2026-08-06T13:00:00Z,NL,-1.00,15
2026-08-06T13:00:00Z,NO1,100.39,15
2026-08-06T13:00:00Z,NO2,102.57,15
2026-08-06T13:00:00Z,NO3,64.68,15
2026-08-06T13:00:00Z,NO4,2.19,15
2026-08-06T13:00:00Z,NO5,102.57,15
2026-08-06T13:00:00Z,PL,110.01,15
2026-08-06T13:00:00Z,PT,2.86,15
2026-08-06T13:00:00Z,RO,84.33,15
2026-08-06T13:00:00Z,RS,130.08,15
2026-08-06T13:00:00Z,SE1,2.19,15
2026-08-06T13:00:00Z,SE2,2.19,15
2026-08-06T13:00:00Z,SE3,2.19,15
2026-08-06T13:00:00Z,SE4,2.19,15
2026-08-06T13:00:00Z,SI,95.85,15
2026-08-06T13:00:00Z,SK,85.34,15
2026-08-06T13:15:00Z,AT,122.96,15
2026-08-06T13:15:00Z,BE,4.80,15
2026-08-06T13:15:00Z,CZ,92.56,15
2026-08-06T13:15:00Z,DE-LU,-0.19,15
2026-08-06T13:15:00Z,DK1,0.00,15
2026-08-06T13:15:00Z,DK2,2.19,15
2026-08-06T13:15:00Z,EE,2.19,15
2026-08-06T13:15:00Z,ES,2.20,15
2026-08-06T13:15:00Z,FI,2.19,15
2026-08-06T13:15:00Z,FR,2.20,15
2026-08-06T13:15:00Z,GR,98.92,15
2026-08-06T13:15:00Z,HR,118.15,15
2026-08-06T13:15:00Z,HU,107.59,15
2026-08-06T13:15:00Z,IT-CNorth,172.00,15
2026-08-06T13:15:00Z,IT-CSouth,172.00,15
2026-08-06T13:15:00Z,IT-North,172.00,15
2026-08-06T13:15:00Z,IT-Sardinia,172.00,15
2026-08-06T13:15:00Z,IT-Sicily,172.00,15
2026-08-06T13:15:00Z,IT-South,172.00,15
2026-08-06T13:15:00Z,LT,4.99,15
2026-08-06T13:15:00Z,LV,4.99,15
2026-08-06T13:15:00Z,NL,-1.51,15
2026-08-06T13:15:00Z,NO1,100.27,15
2026-08-06T13:15:00Z,NO2,102.45,15
2026-08-06T13:15:00Z,NO3,64.61,15
2026-08-06T13:15:00Z,NO4,2.19,15
2026-08-06T13:15:00Z,NO5,102.45,15
2026-08-06T13:15:00Z,PL,144.36,15
2026-08-06T13:15:00Z,PT,2.20,15
2026-08-06T13:15:00Z,RO,104.82,15
2026-08-06T13:15:00Z,RS,130.08,15
2026-08-06T13:15:00Z,SE1,2.19,15
2026-08-06T13:15:00Z,SE2,2.19,15
2026-08-06T13:15:00Z,SE3,2.19,15
2026-08-06T13:15:00Z,SE4,2.19,15
2026-08-06T13:15:00Z,SI,122.96,15
2026-08-06T13:15:00Z,SK,103.38,15
2026-08-06T13:30:00Z,AT,153.08,15
2026-08-06T13:30:00Z,BE,10.40,15
2026-08-06T13:30:00Z,CZ,101.35,15
2026-08-06T13:30:00Z,DE-LU,-0.11,15
2026-08-06T13:30:00Z,DK1,0.10,15
2026-08-06T13:30:00Z,DK2,2.19,15
2026-08-06T13:30:00Z,EE,2.19,15
2026-08-06T13:30:00Z,ES,1.82,15
2026-08-06T13:30:00Z,FI,2.19,15
2026-08-06T13:30:00Z,FR,1.82,15
2026-08-06T13:30:00Z,GR,120.00,15
2026-08-06T13:30:00Z,HR,153.08,15
2026-08-06T13:30:00Z,HU,140.99,15
2026-08-06T13:30:00Z,IT-CNorth,174.00,15
2026-08-06T13:30:00Z,IT-CSouth,174.00,15
2026-08-06T13:30:00Z,IT-North,174.00,15
2026-08-06T13:30:00Z,IT-Sardinia,174.00,15
2026-08-06T13:30:00Z,IT-Sicily,174.00,15
2026-08-06T13:30:00Z,IT-South,174.00,15
2026-08-06T13:30:00Z,LT,5.86,15
2026-08-06T13:30:00Z,LV,5.86,15
2026-08-06T13:30:00Z,NL,-0.11,15
2026-08-06T13:30:00Z,NO1,100.36,15
2026-08-06T13:30:00Z,NO2,102.54,15
2026-08-06T13:30:00Z,NO3,64.67,15
2026-08-06T13:30:00Z,NO4,2.19,15
2026-08-06T13:30:00Z,NO5,102.54,15
2026-08-06T13:30:00Z,PL,144.36,15
2026-08-06T13:30:00Z,PT,1.82,15
2026-08-06T13:30:00Z,RO,139.13,15
2026-08-06T13:30:00Z,RS,130.08,15
2026-08-06T13:30:00Z,SE1,2.19,15
2026-08-06T13:30:00Z,SE2,2.19,15
2026-08-06T13:30:00Z,SE3,2.19,15
2026-08-06T13:30:00Z,SE4,2.19,15
2026-08-06T13:30:00Z,SI,153.08,15
2026-08-06T13:30:00Z,SK,140.99,15
2026-08-06T13:45:00Z,AT,176.50,15
2026-08-06T13:45:00Z,BE,14.26,15
2026-08-06T13:45:00Z,CZ,109.03,15
2026-08-06T13:45:00Z,DE-LU,-0.04,15
2026-08-06T13:45:00Z,DK1,0.00,15
2026-08-06T13:45:00Z,DK2,2.20,15
2026-08-06T13:45:00Z,EE,2.20,15
2026-08-06T13:45:00Z,ES,2.20,15
2026-08-06T13:45:00Z,FI,2.20,15
2026-08-06T13:45:00Z,FR,2.20,15
2026-08-06T13:45:00Z,GR,126.76,15
2026-08-06T13:45:00Z,HR,175.55,15
2026-08-06T13:45:00Z,HU,173.17,15
2026-08-06T13:45:00Z,IT-CNorth,176.50,15
2026-08-06T13:45:00Z,IT-CSouth,176.50,15
2026-08-06T13:45:00Z,IT-North,176.50,15
2026-08-06T13:45:00Z,IT-Sardinia,176.50,15
2026-08-06T13:45:00Z,IT-Sicily,176.50,15
2026-08-06T13:45:00Z,IT-South,176.50,15
2026-08-06T13:45:00Z,LT,4.99,15
2026-08-06T13:45:00Z,LV,4.99,15
2026-08-06T13:45:00Z,NL,-0.04,15
2026-08-06T13:45:00Z,NO1,99.87,15
2026-08-06T13:45:00Z,NO2,102.04,15
2026-08-06T13:45:00Z,NO3,64.35,15
2026-08-06T13:45:00Z,NO4,2.20,15
2026-08-06T13:45:00Z,NO5,102.04,15
2026-08-06T13:45:00Z,PL,142.98,15
2026-08-06T13:45:00Z,PT,2.20,15
2026-08-06T13:45:00Z,RO,174.67,15
2026-08-06T13:45:00Z,RS,130.08,15
2026-08-06T13:45:00Z,SE1,2.20,15
2026-08-06T13:45:00Z,SE2,2.20,15
2026-08-06T13:45:00Z,SE3,2.20,15
2026-08-06T13:45:00Z,SE4,2.20,15
2026-08-06T13:45:00Z,SI,176.50,15
2026-08-06T13:45:00Z,SK,173.17,15
2026-08-06T14:00:00Z,AT,118.38,15
2026-08-06T14:00:00Z,BE,2.76,15
2026-08-06T14:00:00Z,CH,150.00,60
2026-08-06T14:00:00Z,CZ,85.66,15
2026-08-06T14:00:00Z,DE-LU,-0.04,15
2026-08-06T14:00:00Z,DK1,-0.01,15
2026-08-06T14:00:00Z,DK2,2.20,15
2026-08-06T14:00:00Z,EE,2.20,15
2026-08-06T14:00:00Z,ES,1.95,15
2026-08-06T14:00:00Z,FI,2.20,15
2026-08-06T14:00:00Z,FR,1.95,15
2026-08-06T14:00:00Z,GR,125.51,15
2026-08-06T14:00:00Z,HR,122.53,15
2026-08-06T14:00:00Z,HU,123.33,15
2026-08-06T14:00:00Z,IT-CNorth,169.50,15
2026-08-06T14:00:00Z,IT-CSouth,169.50,15
2026-08-06T14:00:00Z,IT-North,169.50,15
2026-08-06T14:00:00Z,IT-Sardinia,169.50,15
2026-08-06T14:00:00Z,IT-Sicily,169.50,15
2026-08-06T14:00:00Z,IT-South,169.50,15
2026-08-06T14:00:00Z,LT,2.57,15
2026-08-06T14:00:00Z,LV,2.57,15
2026-08-06T14:00:00Z,NL,-0.01,15
2026-08-06T14:00:00Z,NO1,99.48,15
2026-08-06T14:00:00Z,NO2,101.65,15
2026-08-06T14:00:00Z,NO3,64.12,15
2026-08-06T14:00:00Z,NO4,2.20,15
2026-08-06T14:00:00Z,NO5,101.65,15
2026-08-06T14:00:00Z,PL,136.97,15
2026-08-06T14:00:00Z,PT,1.95,15
2026-08-06T14:00:00Z,RO,125.57,15
2026-08-06T14:00:00Z,RS,135.00,15
2026-08-06T14:00:00Z,SE1,2.20,15
2026-08-06T14:00:00Z,SE2,2.20,15
2026-08-06T14:00:00Z,SE3,2.20,15
2026-08-06T14:00:00Z,SE4,2.20,15
2026-08-06T14:00:00Z,SI,121.75,15
2026-08-06T14:00:00Z,SK,122.49,15
2026-08-06T14:15:00Z,AT,149.33,15
2026-08-06T14:15:00Z,BE,14.43,15
2026-08-06T14:15:00Z,CZ,98.12,15
2026-08-06T14:15:00Z,DE-LU,-0.01,15
2026-08-06T14:15:00Z,DK1,-0.01,15
2026-08-06T14:15:00Z,DK2,2.78,15
2026-08-06T14:15:00Z,EE,2.78,15
2026-08-06T14:15:00Z,ES,2.81,15
2026-08-06T14:15:00Z,FI,2.78,15
2026-08-06T14:15:00Z,FR,2.81,15
2026-08-06T14:15:00Z,GR,152.05,15
2026-08-06T14:15:00Z,HR,150.24,15
2026-08-06T14:15:00Z,HU,150.17,15
2026-08-06T14:15:00Z,IT-CNorth,177.50,15
2026-08-06T14:15:00Z,IT-CSouth,177.50,15
2026-08-06T14:15:00Z,IT-North,177.50,15
2026-08-06T14:15:00Z,IT-Sardinia,177.27,15
2026-08-06T14:15:00Z,IT-Sicily,177.50,15
2026-08-06T14:15:00Z,IT-South,177.50,15
2026-08-06T14:15:00Z,LT,4.99,15
2026-08-06T14:15:00Z,LV,4.99,15
2026-08-06T14:15:00Z,NL,-0.01,15
2026-08-06T14:15:00Z,NO1,99.69,15
2026-08-06T14:15:00Z,NO2,101.86,15
2026-08-06T14:15:00Z,NO3,64.46,15
2026-08-06T14:15:00Z,NO4,2.78,15
2026-08-06T14:15:00Z,NO5,101.86,15
2026-08-06T14:15:00Z,PL,144.37,15
2026-08-06T14:15:00Z,PT,2.81,15
2026-08-06T14:15:00Z,RO,152.16,15
2026-08-06T14:15:00Z,RS,135.00,15
2026-08-06T14:15:00Z,SE1,2.78,15
2026-08-06T14:15:00Z,SE2,2.78,15
2026-08-06T14:15:00Z,SE3,2.78,15
2026-08-06T14:15:00Z,SE4,2.78,15
2026-08-06T14:15:00Z,SI,149.94,15
2026-08-06T14:15:00Z,SK,150.17,15
2026-08-06T14:30:00Z,AT,177.63,15
2026-08-06T14:30:00Z,BE,2.81,15
2026-08-06T14:30:00Z,CZ,109.97,15
2026-08-06T14:30:00Z,DE-LU,0.00,15
2026-08-06T14:30:00Z,DK1,0.00,15
2026-08-06T14:30:00Z,DK2,3.52,15
2026-08-06T14:30:00Z,EE,3.52,15
2026-08-06T14:30:00Z,ES,2.81,15
2026-08-06T14:30:00Z,FI,3.52,15
2026-08-06T14:30:00Z,FR,2.81,15
2026-08-06T14:30:00Z,GR,182.00,15
2026-08-06T14:30:00Z,HR,195.47,15
2026-08-06T14:30:00Z,HU,195.47,15
2026-08-06T14:30:00Z,IT-CNorth,177.63,15
2026-08-06T14:30:00Z,IT-CSouth,177.63,15
2026-08-06T14:30:00Z,IT-North,177.63,15
2026-08-06T14:30:00Z,IT-Sardinia,177.47,15
2026-08-06T14:30:00Z,IT-Sicily,177.63,15
2026-08-06T14:30:00Z,IT-South,177.63,15
2026-08-06T14:30:00Z,LT,3.52,15
2026-08-06T14:30:00Z,LV,3.52,15
2026-08-06T14:30:00Z,NL,0.00,15
2026-08-06T14:30:00Z,NO1,99.76,15
2026-08-06T14:30:00Z,NO2,101.92,15
2026-08-06T14:30:00Z,NO3,64.78,15
2026-08-06T14:30:00Z,NO4,3.52,15
2026-08-06T14:30:00Z,NO5,101.92,15
2026-08-06T14:30:00Z,PL,145.30,15
2026-08-06T14:30:00Z,PT,2.81,15
2026-08-06T14:30:00Z,RO,195.71,15
2026-08-06T14:30:00Z,RS,135.00,15
2026-08-06T14:30:00Z,SE1,3.52,15
2026-08-06T14:30:00Z,SE2,3.52,15
2026-08-06T14:30:00Z,SE3,3.52,15
2026-08-06T14:30:00Z,SE4,3.52,15
2026-08-06T14:30:00Z,SI,195.03,15
2026-08-06T14:30:00Z,SK,195.47,15
2026-08-06T14:45:00Z,AT,237.34,15
2026-08-06T14:45:00Z,BE,6.76,15
2026-08-06T14:45:00Z,CZ,165.15,15
2026-08-06T14:45:00Z,DE-LU,0.08,15
2026-08-06T14:45:00Z,DK1,0.08,15
2026-08-06T14:45:00Z,DK2,4.10,15
2026-08-06T14:45:00Z,EE,4.10,15
2026-08-06T14:45:00Z,ES,6.76,15
2026-08-06T14:45:00Z,FI,4.10,15
2026-08-06T14:45:00Z,FR,6.76,15
2026-08-06T14:45:00Z,GR,200.13,15
2026-08-06T14:45:00Z,HR,292.02,15
2026-08-06T14:45:00Z,HU,292.02,15
2026-08-06T14:45:00Z,IT-CNorth,180.00,15
2026-08-06T14:45:00Z,IT-CSouth,180.00,15
2026-08-06T14:45:00Z,IT-North,180.00,15
2026-08-06T14:45:00Z,IT-Sardinia,180.00,15
2026-08-06T14:45:00Z,IT-Sicily,180.00,15
2026-08-06T14:45:00Z,IT-South,180.00,15
2026-08-06T14:45:00Z,LT,4.10,15
2026-08-06T14:45:00Z,LV,4.10,15
2026-08-06T14:45:00Z,NL,2.68,15
2026-08-06T14:45:00Z,NO1,97.90,15
2026-08-06T14:45:00Z,NO2,100.00,15
2026-08-06T14:45:00Z,NO3,63.81,15
2026-08-06T14:45:00Z,NO4,4.10,15
2026-08-06T14:45:00Z,NO5,100.00,15
2026-08-06T14:45:00Z,PL,253.66,15
2026-08-06T14:45:00Z,PT,6.76,15
2026-08-06T14:45:00Z,RO,298.41,15
2026-08-06T14:45:00Z,RS,135.00,15
2026-08-06T14:45:00Z,SE1,4.10,15
2026-08-06T14:45:00Z,SE2,4.10,15
2026-08-06T14:45:00Z,SE3,4.10,15
2026-08-06T14:45:00Z,SE4,4.10,15
2026-08-06T14:45:00Z,SI,290.97,15
2026-08-06T14:45:00Z,SK,313.19,15
2026-08-06T15:00:00Z,AT,158.82,15
2026-08-06T15:00:00Z,BE,9.58,15
2026-08-06T15:00:00Z,CH,167.40,60
2026-08-06T15:00:00Z,CZ,112.31,15
2026-08-06T15:00:00Z,DE-LU,2.49,15
2026-08-06T15:00:00Z,DK1,2.49,15
2026-08-06T15:00:00Z,DK2,4.95,15
2026-08-06T15:00:00Z,EE,4.95,15
2026-08-06T15:00:00Z,ES,9.58,15
2026-08-06T15:00:00Z,FI,4.95,15
2026-08-06T15:00:00Z,FR,9.58,15
2026-08-06T15:00:00Z,GR,143.46,15
2026-08-06T15:00:00Z,HR,166.10,15
2026-08-06T15:00:00Z,HU,166.01,15
2026-08-06T15:00:00Z,IT-CNorth,163.00,15
2026-08-06T15:00:00Z,IT-CSouth,163.00,15
2026-08-06T15:00:00Z,IT-North,163.00,15
2026-08-06T15:00:00Z,IT-Sardinia,163.00,15
2026-08-06T15:00:00Z,IT-Sicily,163.00,15
2026-08-06T15:00:00Z,IT-South,163.00,15
2026-08-06T15:00:00Z,LT,4.99,15
2026-08-06T15:00:00Z,LV,4.99,15
2026-08-06T15:00:00Z,NL,3.84,15
2026-08-06T15:00:00Z,NO1,97.94,15
2026-08-06T15:00:00Z,NO2,100.00,15
2026-08-06T15:00:00Z,NO3,64.12,15
2026-08-06T15:00:00Z,NO4,4.95,15
2026-08-06T15:00:00Z,NO5,100.00,15
2026-08-06T15:00:00Z,PL,177.58,15
2026-08-06T15:00:00Z,PT,9.58,15
2026-08-06T15:00:00Z,RO,167.23,15
2026-08-06T15:00:00Z,RS,237.00,15
2026-08-06T15:00:00Z,SE1,4.95,15
2026-08-06T15:00:00Z,SE2,4.95,15
2026-08-06T15:00:00Z,SE3,4.95,15
2026-08-06T15:00:00Z,SE4,4.95,15
2026-08-06T15:00:00Z,SI,166.01,15
2026-08-06T15:00:00Z,SK,166.01,15
2026-08-06T15:15:00Z,AT,173.00,15
2026-08-06T15:15:00Z,BE,35.26,15
2026-08-06T15:15:00Z,CZ,134.05,15
2026-08-06T15:15:00Z,DE-LU,24.40,15
2026-08-06T15:15:00Z,DK1,18.23,15
2026-08-06T15:15:00Z,DK2,5.89,15
2026-08-06T15:15:00Z,EE,5.55,15
2026-08-06T15:15:00Z,ES,35.26,15
2026-08-06T15:15:00Z,FI,5.55,15
2026-08-06T15:15:00Z,FR,35.26,15
2026-08-06T15:15:00Z,GR,182.00,15
2026-08-06T15:15:00Z,HR,188.71,15
2026-08-06T15:15:00Z,HU,188.58,15
2026-08-06T15:15:00Z,IT-CNorth,173.00,15
2026-08-06T15:15:00Z,IT-CSouth,173.00,15
2026-08-06T15:15:00Z,IT-North,173.00,15
2026-08-06T15:15:00Z,IT-Sardinia,173.00,15
2026-08-06T15:15:00Z,IT-Sicily,173.00,15
2026-08-06T15:15:00Z,IT-South,173.00,15
2026-08-06T15:15:00Z,LT,5.55,15
2026-08-06T15:15:00Z,LV,5.55,15
2026-08-06T15:15:00Z,NL,27.64,15
2026-08-06T15:15:00Z,NO1,91.86,15
2026-08-06T15:15:00Z,NO2,93.77,15
2026-08-06T15:15:00Z,NO3,60.47,15
2026-08-06T15:15:00Z,NO4,5.55,15
2026-08-06T15:15:00Z,NO5,93.77,15
2026-08-06T15:15:00Z,PL,200.07,15
2026-08-06T15:15:00Z,PT,35.26,15
2026-08-06T15:15:00Z,RO,190.49,15
2026-08-06T15:15:00Z,RS,237.00,15
2026-08-06T15:15:00Z,SE1,5.55,15
2026-08-06T15:15:00Z,SE2,5.55,15
2026-08-06T15:15:00Z,SE3,5.55,15
2026-08-06T15:15:00Z,SE4,5.55,15
2026-08-06T15:15:00Z,SI,188.58,15
2026-08-06T15:15:00Z,SK,188.58,15
2026-08-06T15:30:00Z,AT,214.19,15
2026-08-06T15:30:00Z,BE,59.20,15
2026-08-06T15:30:00Z,CZ,153.82,15
2026-08-06T15:30:00Z,DE-LU,50.00,15
2026-08-06T15:30:00Z,DK1,44.84,15
2026-08-06T15:30:00Z,DK2,35.98,15
2026-08-06T15:30:00Z,EE,7.27,15
2026-08-06T15:30:00Z,ES,59.20,15
2026-08-06T15:30:00Z,FI,7.27,15
2026-08-06T15:30:00Z,FR,59.20,15
2026-08-06T15:30:00Z,GR,195.55,15
2026-08-06T15:30:00Z,HR,280.09,15
2026-08-06T15:30:00Z,HU,280.09,15
2026-08-06T15:30:00Z,IT-CNorth,185.00,15
2026-08-06T15:30:00Z,IT-CSouth,185.00,15
2026-08-06T15:30:00Z,IT-North,185.00,15
2026-08-06T15:30:00Z,IT-Sardinia,185.00,15
2026-08-06T15:30:00Z,IT-Sicily,185.00,15
2026-08-06T15:30:00Z,IT-South,185.00,15
2026-08-06T15:30:00Z,LT,7.27,15
2026-08-06T15:30:00Z,LV,7.27,15
2026-08-06T15:30:00Z,NL,51.97,15
2026-08-06T15:30:00Z,NO1,72.83,15
2026-08-06T15:30:00Z,NO2,74.27,15
2026-08-06T15:30:00Z,NO3,48.99,15
2026-08-06T15:30:00Z,NO4,7.27,15
2026-08-06T15:30:00Z,NO5,74.27,15
2026-08-06T15:30:00Z,PL,191.17,15
2026-08-06T15:30:00Z,PT,59.20,15
2026-08-06T15:30:00Z,RO,284.11,15
2026-08-06T15:30:00Z,RS,237.00,15
2026-08-06T15:30:00Z,SE1,7.27,15
2026-08-06T15:30:00Z,SE2,7.27,15
2026-08-06T15:30:00Z,SE3,7.27,15
2026-08-06T15:30:00Z,SE4,7.27,15
2026-08-06T15:30:00Z,SI,280.78,15
2026-08-06T15:30:00Z,SK,280.09,15
2026-08-06T15:45:00Z,AT,250.46,15
2026-08-06T15:45:00Z,BE,80.04,15
2026-08-06T15:45:00Z,CZ,174.45,15
2026-08-06T15:45:00Z,DE-LU,76.81,15
2026-08-06T15:45:00Z,DK1,73.01,15
2026-08-06T15:45:00Z,DK2,68.91,15
2026-08-06T15:45:00Z,EE,9.44,15
2026-08-06T15:45:00Z,ES,80.04,15
2026-08-06T15:45:00Z,FI,9.44,15
2026-08-06T15:45:00Z,FR,80.04,15
2026-08-06T15:45:00Z,GR,235.51,15
2026-08-06T15:45:00Z,HR,336.46,15
2026-08-06T15:45:00Z,HU,337.33,15
2026-08-06T15:45:00Z,IT-CNorth,235.52,15
2026-08-06T15:45:00Z,IT-CSouth,235.52,15
2026-08-06T15:45:00Z,IT-North,235.52,15
2026-08-06T15:45:00Z,IT-Sardinia,235.52,15
2026-08-06T15:45:00Z,IT-Sicily,235.52,15
2026-08-06T15:45:00Z,IT-South,235.52,15
2026-08-06T15:45:00Z,LT,9.44,15
2026-08-06T15:45:00Z,LV,9.44,15
2026-08-06T15:45:00Z,NL,76.81,15
2026-08-06T15:45:00Z,NO1,73.94,15
2026-08-06T15:45:00Z,NO2,75.37,15
2026-08-06T15:45:00Z,NO3,50.45,15
2026-08-06T15:45:00Z,NO4,7.57,15
2026-08-06T15:45:00Z,NO5,75.37,15
2026-08-06T15:45:00Z,PL,191.17,15
2026-08-06T15:45:00Z,PT,80.04,15
2026-08-06T15:45:00Z,RO,341.95,15
2026-08-06T15:45:00Z,RS,237.00,15
2026-08-06T15:45:00Z,SE1,8.97,15
2026-08-06T15:45:00Z,SE2,9.34,15
2026-08-06T15:45:00Z,SE3,9.36,15
2026-08-06T15:45:00Z,SE4,9.36,15
2026-08-06T15:45:00Z,SI,337.33,15
2026-08-06T15:45:00Z,SK,337.33,15
2026-08-06T16:00:00Z,AT,159.90,15
2026-08-06T16:00:00Z,BE,82.09,15
2026-08-06T16:00:00Z,CH,167.10,60
2026-08-06T16:00:00Z,CZ,159.90,15
2026-08-06T16:00:00Z,DE-LU,74.76,15
2026-08-06T16:00:00Z,DK1,40.92,15
2026-08-06T16:00:00Z,DK2,45.74,15
2026-08-06T16:00:00Z,EE,5.81,15
2026-08-06T16:00:00Z,ES,82.09,15
2026-08-06T16:00:00Z,FI,5.81,15
2026-08-06T16:00:00Z,FR,82.09,15
2026-08-06T16:00:00Z,GR,233.65,15
2026-08-06T16:00:00Z,HR,216.73,15
2026-08-06T16:00:00Z,HU,232.16,15
2026-08-06T16:00:00Z,IT-CNorth,197.00,15
2026-08-06T16:00:00Z,IT-CSouth,197.00,15
2026-08-06T16:00:00Z,IT-North,197.00,15
2026-08-06T16:00:00Z,IT-Sardinia,197.00,15
2026-08-06T16:00:00Z,IT-Sicily,197.00,15
2026-08-06T16:00:00Z,IT-South,197.00,15
2026-08-06T16:00:00Z,LT,5.81,15
2026-08-06T16:00:00Z,LV,5.81,15
2026-08-06T16:00:00Z,NL,78.84,15
2026-08-06T16:00:00Z,NO1,86.15,15
2026-08-06T16:00:00Z,NO2,87.92,15
2026-08-06T16:00:00Z,NO3,56.93,15
2026-08-06T16:00:00Z,NO4,5.81,15
2026-08-06T16:00:00Z,NO5,87.92,15
2026-08-06T16:00:00Z,PL,258.03,15
2026-08-06T16:00:00Z,PT,82.09,15
2026-08-06T16:00:00Z,RO,234.85,15
2026-08-06T16:00:00Z,RS,280.01,15
2026-08-06T16:00:00Z,SE1,5.81,15
2026-08-06T16:00:00Z,SE2,5.81,15
2026-08-06T16:00:00Z,SE3,5.81,15
2026-08-06T16:00:00Z,SE4,5.81,15
2026-08-06T16:00:00Z,SI,209.14,15
2026-08-06T16:00:00Z,SK,233.23,15
2026-08-06T16:15:00Z,AT,190.09,15
2026-08-06T16:15:00Z,BE,103.44,15
2026-08-06T16:15:00Z,CZ,190.09,15
2026-08-06T16:15:00Z,DE-LU,96.82,15
2026-08-06T16:15:00Z,DK1,67.65,15
2026-08-06T16:15:00Z,DK2,60.87,15
2026-08-06T16:15:00Z,EE,6.95,15
2026-08-06T16:15:00Z,ES,96.82,15
2026-08-06T16:15:00Z,FI,6.95,15
2026-08-06T16:15:00Z,FR,96.82,15
2026-08-06T16:15:00Z,GR,281.76,15
2026-08-06T16:15:00Z,HR,269.31,15
2026-08-06T16:15:00Z,HU,280.48,15
2026-08-06T16:15:00Z,IT-CNorth,225.00,15
2026-08-06T16:15:00Z,IT-CSouth,225.00,15
2026-08-06T16:15:00Z,IT-North,225.00,15
2026-08-06T16:15:00Z,IT-Sardinia,225.00,15
2026-08-06T16:15:00Z,IT-Sicily,225.00,15
2026-08-06T16:15:00Z,IT-South,225.00,15
2026-08-06T16:15:00Z,LT,6.95,15
2026-08-06T16:15:00Z,LV,6.95,15
2026-08-06T16:15:00Z,NL,100.33,15
2026-08-06T16:15:00Z,NO1,100.47,15
2026-08-06T16:15:00Z,NO2,102.53,15
2026-08-06T16:15:00Z,NO3,66.46,15
2026-08-06T16:15:00Z,NO4,6.95,15
2026-08-06T16:15:00Z,NO5,102.53,15
2026-08-06T16:15:00Z,PL,298.60,15
2026-08-06T16:15:00Z,PT,96.82,15
2026-08-06T16:15:00Z,RO,283.00,15
2026-08-06T16:15:00Z,RS,280.01,15
2026-08-06T16:15:00Z,SE1,6.95,15
2026-08-06T16:15:00Z,SE2,6.95,15
2026-08-06T16:15:00Z,SE3,6.95,15
2026-08-06T16:15:00Z,SE4,6.95,15
2026-08-06T16:15:00Z,SI,263.70,15
2026-08-06T16:15:00Z,SK,284.68,15
2026-08-06T16:30:00Z,AT,210.27,15
2026-08-06T16:30:00Z,BE,133.08,15
2026-08-06T16:30:00Z,CZ,226.72,15
2026-08-06T16:30:00Z,DE-LU,127.00,15
2026-08-06T16:30:00Z,DK1,103.20,15
2026-08-06T16:30:00Z,DK2,88.66,15
2026-08-06T16:30:00Z,EE,9.43,15
2026-08-06T16:30:00Z,ES,97.21,15
2026-08-06T16:30:00Z,FI,9.43,15
2026-08-06T16:30:00Z,FR,124.35,15
2026-08-06T16:30:00Z,GR,261.53,15
2026-08-06T16:30:00Z,HR,294.32,15
2026-08-06T16:30:00Z,HU,294.32,15
2026-08-06T16:30:00Z,IT-CNorth,259.00,15
2026-08-06T16:30:00Z,IT-CSouth,259.00,15
2026-08-06T16:30:00Z,IT-North,259.00,15
2026-08-06T16:30:00Z,IT-Sardinia,259.00,15
2026-08-06T16:30:00Z,IT-Sicily,259.00,15
2026-08-06T16:30:00Z,IT-South,259.00,15
2026-08-06T16:30:00Z,LT,9.43,15
2026-08-06T16:30:00Z,LV,9.43,15
2026-08-06T16:30:00Z,NL,130.05,15
2026-08-06T16:30:00Z,NO1,113.09,15
2026-08-06T16:30:00Z,NO2,115.37,15
2026-08-06T16:30:00Z,NO3,75.38,15
2026-08-06T16:30:00Z,NO4,7.27,15
2026-08-06T16:30:00Z,NO5,115.37,15
2026-08-06T16:30:00Z,PL,347.15,15
2026-08-06T16:30:00Z,PT,97.21,15
2026-08-06T16:30:00Z,RO,298.75,15
2026-08-06T16:30:00Z,RS,280.01,15
2026-08-06T16:30:00Z,SE1,8.94,15
2026-08-06T16:30:00Z,SE2,9.36,15
2026-08-06T16:30:00Z,SE3,9.43,15
2026-08-06T16:30:00Z,SE4,9.43,15
2026-08-06T16:30:00Z,SI,293.24,15
2026-08-06T16:30:00Z,SK,294.32,15
2026-08-06T16:45:00Z,AT,275.74,15
2026-08-06T16:45:00Z,BE,166.32,15
2026-08-06T16:45:00Z,CZ,295.39,15
2026-08-06T16:45:00Z,DE-LU,159.34,15
2026-08-06T16:45:00Z,DK1,108.23,15
2026-08-06T16:45:00Z,DK2,106.28,15
2026-08-06T16:45:00Z,EE,9.06,15
2026-08-06T16:45:00Z,ES,99.00,15
2026-08-06T16:45:00Z,FI,9.05,15
2026-08-06T16:45:00Z,FR,145.24,15
2026-08-06T16:45:00Z,GR,179.80,15
2026-08-06T16:45:00Z,HR,352.67,15
2026-08-06T16:45:00Z,HU,363.89,15
2026-08-06T16:45:00Z,IT-CNorth,275.74,15
2026-08-06T16:45:00Z,IT-CSouth,275.74,15
2026-08-06T16:45:00Z,IT-North,275.74,15
2026-08-06T16:45:00Z,IT-Sardinia,275.74,15
2026-08-06T16:45:00Z,IT-Sicily,275.74,15
2026-08-06T16:45:00Z,IT-South,275.74,15
2026-08-06T16:45:00Z,LT,60.02,15
2026-08-06T16:45:00Z,LV,60.02,15
2026-08-06T16:45:00Z,NL,162.50,15
2026-08-06T16:45:00Z,NO1,116.56,15
2026-08-06T16:45:00Z,NO2,118.92,15
2026-08-06T16:45:00Z,NO3,77.46,15
2026-08-06T16:45:00Z,NO4,7.27,15
2026-08-06T16:45:00Z,NO5,118.92,15
2026-08-06T16:45:00Z,PL,464.22,15
2026-08-06T16:45:00Z,PT,99.00,15
2026-08-06T16:45:00Z,RO,367.17,15
2026-08-06T16:45:00Z,RS,280.01,15
2026-08-06T16:45:00Z,SE1,8.65,15
2026-08-06T16:45:00Z,SE2,8.99,15
2026-08-06T16:45:00Z,SE3,9.05,15
2026-08-06T16:45:00Z,SE4,9.05,15
2026-08-06T16:45:00Z,SI,346.72,15
2026-08-06T16:45:00Z,SK,363.89,15
2026-08-06T17:00:00Z,AT,193.20,15
2026-08-06T17:00:00Z,BE,133.87,15
2026-08-06T17:00:00Z,CH,171.08,60
2026-08-06T17:00:00Z,CZ,199.90,15
2026-08-06T17:00:00Z,DE-LU,129.83,15
2026-08-06T17:00:00Z,DK1,95.79,15
2026-08-06T17:00:00Z,DK2,103.54,15
2026-08-06T17:00:00Z,EE,17.91,15
2026-08-06T17:00:00Z,ES,98.47,15
2026-08-06T17:00:00Z,FI,9.40,15
2026-08-06T17:00:00Z,FR,130.65,15
2026-08-06T17:00:00Z,GR,231.54,15
2026-08-06T17:00:00Z,HR,225.45,15
2026-08-06T17:00:00Z,HU,235.97,15
2026-08-06T17:00:00Z,IT-CNorth,269.28,15
2026-08-06T17:00:00Z,IT-CSouth,269.28,15
2026-08-06T17:00:00Z,IT-North,269.28,15
2026-08-06T17:00:00Z,IT-Sardinia,269.28,15
2026-08-06T17:00:00Z,IT-Sicily,269.28,15
2026-08-06T17:00:00Z,IT-South,269.28,15
2026-08-06T17:00:00Z,LT,17.91,15
2026-08-06T17:00:00Z,LV,17.91,15
2026-08-06T17:00:00Z,NL,131.75,15
2026-08-06T17:00:00Z,NO1,114.97,15
2026-08-06T17:00:00Z,NO2,117.28,15
2026-08-06T17:00:00Z,NO3,76.52,15
2026-08-06T17:00:00Z,NO4,6.63,15
2026-08-06T17:00:00Z,NO5,117.28,15
2026-08-06T17:00:00Z,PL,290.74,15
2026-08-06T17:00:00Z,PT,98.47,15
2026-08-06T17:00:00Z,RO,240.52,15
2026-08-06T17:00:00Z,RS,326.02,15
2026-08-06T17:00:00Z,SE1,8.60,15
2026-08-06T17:00:00Z,SE2,9.24,15
2026-08-06T17:00:00Z,SE3,9.28,15
2026-08-06T17:00:00Z,SE4,9.28,15
2026-08-06T17:00:00Z,SI,219.69,15
2026-08-06T17:00:00Z,SK,245.08,15
2026-08-06T17:15:00Z,AT,221.47,15
2026-08-06T17:15:00Z,BE,144.02,15
2026-08-06T17:15:00Z,CZ,236.94,15
2026-08-06T17:15:00Z,DE-LU,137.63,15
2026-08-06T17:15:00Z,DK1,108.55,15
2026-08-06T17:15:00Z,DK2,97.50,15
2026-08-06T17:15:00Z,EE,20.51,15
2026-08-06T17:15:00Z,ES,141.72,15
2026-08-06T17:15:00Z,FI,9.00,15
2026-08-06T17:15:00Z,FR,141.72,15
2026-08-06T17:15:00Z,GR,231.55,15
2026-08-06T17:15:00Z,HR,275.29,15
2026-08-06T17:15:00Z,HU,282.61,15
2026-08-06T17:15:00Z,IT-CNorth,260.28,15
2026-08-06T17:15:00Z,IT-CSouth,260.28,15
2026-08-06T17:15:00Z,IT-North,260.28,15
2026-08-06T17:15:00Z,IT-Sardinia,260.28,15
2026-08-06T17:15:00Z,IT-Sicily,260.28,15
2026-08-06T17:15:00Z,IT-South,260.28,15
2026-08-06T17:15:00Z,LT,20.51,15
2026-08-06T17:15:00Z,LV,20.51,15
2026-08-06T17:15:00Z,NL,140.58,15
2026-08-06T17:15:00Z,NO1,118.09,15
2026-08-06T17:15:00Z,NO2,120.48,15
2026-08-06T17:15:00Z,NO3,78.37,15
2026-08-06T17:15:00Z,NO4,6.91,15
2026-08-06T17:15:00Z,NO5,120.48,15
2026-08-06T17:15:00Z,PL,379.65,15
2026-08-06T17:15:00Z,PT,141.72,15
2026-08-06T17:15:00Z,RO,289.02,15
2026-08-06T17:15:00Z,RS,326.02,15
2026-08-06T17:15:00Z,SE1,8.40,15
2026-08-06T17:15:00Z,SE2,8.88,15
2026-08-06T17:15:00Z,SE3,8.91,15
2026-08-06T17:15:00Z,SE4,8.91,15
2026-08-06T17:15:00Z,SI,270.62,15
2026-08-06T17:15:00Z,SK,293.94,15
2026-08-06T17:30:00Z,AT,249.29,15
2026-08-06T17:30:00Z,BE,160.29,15
2026-08-06T17:30:00Z,CZ,274.68,15
2026-08-06T17:30:00Z,DE-LU,150.54,15
2026-08-06T17:30:00Z,DK1,109.42,15
2026-08-06T17:30:00Z,DK2,95.78,15
2026-08-06T17:30:00Z,EE,8.02,15
2026-08-06T17:30:00Z,ES,160.29,15
2026-08-06T17:30:00Z,FI,8.02,15
2026-08-06T17:30:00Z,FR,160.29,15
2026-08-06T17:30:00Z,GR,231.54,15
2026-08-06T17:30:00Z,HR,320.62,15
2026-08-06T17:30:00Z,HU,323.03,15
2026-08-06T17:30:00Z,IT-CNorth,259.70,15
2026-08-06T17:30:00Z,IT-CSouth,259.70,15
2026-08-06T17:30:00Z,IT-North,259.70,15
2026-08-06T17:30:00Z,IT-Sardinia,259.70,15
2026-08-06T17:30:00Z,IT-Sicily,259.70,15
2026-08-06T17:30:00Z,IT-South,259.70,15
2026-08-06T17:30:00Z,LT,60.09,15
2026-08-06T17:30:00Z,LV,60.09,15
2026-08-06T17:30:00Z,NL,155.54,15
2026-08-06T17:30:00Z,NO1,121.02,15
2026-08-06T17:30:00Z,NO2,123.49,15
2026-08-06T17:30:00Z,NO3,79.89,15
2026-08-06T17:30:00Z,NO4,7.06,15
2026-08-06T17:30:00Z,NO5,123.49,15
2026-08-06T17:30:00Z,PL,471.47,15
2026-08-06T17:30:00Z,PT,160.29,15
2026-08-06T17:30:00Z,RO,330.21,15
2026-08-06T17:30:00Z,RS,326.02,15
2026-08-06T17:30:00Z,SE1,7.75,15
2026-08-06T17:30:00Z,SE2,7.97,15
2026-08-06T17:30:00Z,SE3,7.98,15
2026-08-06T17:30:00Z,SE4,7.98,15
2026-08-06T17:30:00Z,SI,318.03,15
2026-08-06T17:30:00Z,SK,335.78,15
2026-08-06T17:45:00Z,AT,253.64,15
2026-08-06T17:45:00Z,BE,167.26,15
2026-08-06T17:45:00Z,CZ,281.85,15
2026-08-06T17:45:00Z,DE-LU,154.71,15
2026-08-06T17:45:00Z,DK1,116.53,15
2026-08-06T17:45:00Z,DK2,119.51,15
2026-08-06T17:45:00Z,EE,8.27,15
2026-08-06T17:45:00Z,ES,173.07,15
2026-08-06T17:45:00Z,FI,8.27,15
2026-08-06T17:45:00Z,FR,173.07,15
2026-08-06T17:45:00Z,GR,223.64,15
2026-08-06T17:45:00Z,HR,333.92,15
2026-08-06T17:45:00Z,HU,332.79,15
2026-08-06T17:45:00Z,IT-CNorth,290.00,15
2026-08-06T17:45:00Z,IT-CSouth,290.00,15
2026-08-06T17:45:00Z,IT-North,290.00,15
2026-08-06T17:45:00Z,IT-Sardinia,290.00,15
2026-08-06T17:45:00Z,IT-Sicily,290.00,15
2026-08-06T17:45:00Z,IT-South,290.00,15
2026-08-06T17:45:00Z,LT,60.09,15
2026-08-06T17:45:00Z,LV,60.09,15
2026-08-06T17:45:00Z,NL,161.42,15
2026-08-06T17:45:00Z,NO1,122.11,15
2026-08-06T17:45:00Z,NO2,124.93,15
2026-08-06T17:45:00Z,NO3,80.52,15
2026-08-06T17:45:00Z,NO4,6.19,15
2026-08-06T17:45:00Z,NO5,124.17,15
2026-08-06T17:45:00Z,PL,482.91,15
2026-08-06T17:45:00Z,PT,173.07,15
2026-08-06T17:45:00Z,RO,340.98,15
2026-08-06T17:45:00Z,RS,326.02,15
2026-08-06T17:45:00Z,SE1,7.67,15
2026-08-06T17:45:00Z,SE2,8.15,15
2026-08-06T17:45:00Z,SE3,8.20,15
2026-08-06T17:45:00Z,SE4,8.20,15
2026-08-06T17:45:00Z,SI,332.79,15
2026-08-06T17:45:00Z,SK,345.06,15
2026-08-06T18:00:00Z,AT,241.35,15
2026-08-06T18:00:00Z,BE,156.44,15
2026-08-06T18:00:00Z,CH,164.50,60
2026-08-06T18:00:00Z,CZ,254.63,15
2026-08-06T18:00:00Z,DE-LU,152.09,15
2026-08-06T18:00:00Z,DK1,116.56,15
2026-08-06T18:00:00Z,DK2,126.66,15
2026-08-06T18:00:00Z,EE,20.00,15
2026-08-06T18:00:00Z,ES,152.47,15
2026-08-06T18:00:00Z,FI,9.19,15
2026-08-06T18:00:00Z,FR,152.47,15
2026-08-06T18:00:00Z,GR,262.90,15
2026-08-06T18:00:00Z,HR,290.00,15
2026-08-06T18:00:00Z,HU,305.30,15
2026-08-06T18:00:00Z,IT-CNorth,263.82,15
2026-08-06T18:00:00Z,IT-CSouth,263.82,15
2026-08-06T18:00:00Z,IT-North,263.82,15
2026-08-06T18:00:00Z,IT-Sardinia,263.82,15
2026-08-06T18:00:00Z,IT-Sicily,263.82,15
2026-08-06T18:00:00Z,IT-South,263.82,15
2026-08-06T18:00:00Z,LT,20.00,15
2026-08-06T18:00:00Z,LV,20.00,15
2026-08-06T18:00:00Z,NL,156.01,15
2026-08-06T18:00:00Z,NO1,125.91,15
2026-08-06T18:00:00Z,NO2,133.71,15
2026-08-06T18:00:00Z,NO3,81.20,15
2026-08-06T18:00:00Z,NO4,6.20,15
2026-08-06T18:00:00Z,NO5,120.98,15
2026-08-06T18:00:00Z,PL,443.06,15
2026-08-06T18:00:00Z,PT,152.47,15
2026-08-06T18:00:00Z,RO,309.01,15
2026-08-06T18:00:00Z,RS,324.99,15
2026-08-06T18:00:00Z,SE1,8.38,15
2026-08-06T18:00:00Z,SE2,9.12,15
2026-08-06T18:00:00Z,SE3,9.36,15
2026-08-06T18:00:00Z,SE4,9.41,15
2026-08-06T18:00:00Z,SI,282.00,15
2026-08-06T18:00:00Z,SK,323.70,15
2026-08-06T18:15:00Z,AT,242.49,15
2026-08-06T18:15:00Z,BE,167.14,15
2026-08-06T18:15:00Z,CZ,257.26,15
2026-08-06T18:15:00Z,DE-LU,159.99,15
2026-08-06T18:15:00Z,DK1,123.31,15
2026-08-06T18:15:00Z,DK2,128.73,15
2026-08-06T18:15:00Z,EE,20.01,15
2026-08-06T18:15:00Z,ES,170.00,15
2026-08-06T18:15:00Z,FI,6.96,15
2026-08-06T18:15:00Z,FR,170.00,15
2026-08-06T18:15:00Z,GR,264.39,15
2026-08-06T18:15:00Z,HR,284.10,15
2026-08-06T18:15:00Z,HU,297.03,15
2026-08-06T18:15:00Z,IT-CNorth,281.00,15
2026-08-06T18:15:00Z,IT-CSouth,281.00,15
2026-08-06T18:15:00Z,IT-North,277.29,15
2026-08-06T18:15:00Z,IT-Sardinia,281.00,15
2026-08-06T18:15:00Z,IT-Sicily,281.00,15
2026-08-06T18:15:00Z,IT-South,281.00,15
2026-08-06T18:15:00Z,LT,20.01,15
2026-08-06T18:15:00Z,LV,20.01,15
2026-08-06T18:15:00Z,NL,163.80,15
2026-08-06T18:15:00Z,NO1,125.24,15
2026-08-06T18:15:00Z,NO2,132.55,15
2026-08-06T18:15:00Z,NO3,80.20,15
2026-08-06T18:15:00Z,NO4,5.49,15
2026-08-06T18:15:00Z,NO5,121.08,15
2026-08-06T18:15:00Z,PL,424.70,15
2026-08-06T18:15:00Z,PT,170.00,15
2026-08-06T18:15:00Z,RO,300.51,15
2026-08-06T18:15:00Z,RS,324.99,15
2026-08-06T18:15:00Z,SE1,6.61,15
2026-08-06T18:15:00Z,SE2,6.97,15
2026-08-06T18:15:00Z,SE3,7.16,15
2026-08-06T18:15:00Z,SE4,7.21,15
2026-08-06T18:15:00Z,SI,277.27,15
2026-08-06T18:15:00Z,SK,311.73,15
2026-08-06T18:30:00Z,AT,246.95,15
2026-08-06T18:30:00Z,BE,174.87,15
2026-08-06T18:30:00Z,CZ,261.45,15
2026-08-06T18:30:00Z,DE-LU,166.47,15
2026-08-06T18:30:00Z,DK1,131.01,15
2026-08-06T18:30:00Z,DK2,131.90,15
2026-08-06T18:30:00Z,EE,24.99,15
2026-08-06T18:30:00Z,ES,178.47,15
2026-08-06T18:30:00Z,FI,6.79,15
2026-08-06T18:30:00Z,FR,178.47,15
2026-08-06T18:30:00Z,GR,259.44,15
2026-08-06T18:30:00Z,HR,286.74,15
2026-08-06T18:30:00Z,HU,299.09,15
2026-08-06T18:30:00Z,IT-CNorth,284.57,15
2026-08-06T18:30:00Z,IT-CSouth,284.57,15
2026-08-06T18:30:00Z,IT-North,280.00,15
2026-08-06T18:30:00Z,IT-Sardinia,284.57,15
2026-08-06T18:30:00Z,IT-Sicily,284.57,15
2026-08-06T18:30:00Z,IT-South,284.57,15
2026-08-06T18:30:00Z,LT,24.99,15
2026-08-06T18:30:00Z,LV,24.99,15
2026-08-06T18:30:00Z,NL,171.44,15
2026-08-06T18:30:00Z,NO1,124.37,15
2026-08-06T18:30:00Z,NO2,130.97,15
2026-08-06T18:30:00Z,NO3,79.87,15
2026-08-06T18:30:00Z,NO4,5.16,15
2026-08-06T18:30:00Z,NO5,121.17,15
2026-08-06T18:30:00Z,PL,422.63,15
2026-08-06T18:30:00Z,PT,178.47,15
2026-08-06T18:30:00Z,RO,302.46,15
2026-08-06T18:30:00Z,RS,324.99,15
2026-08-06T18:30:00Z,SE1,6.37,15
2026-08-06T18:30:00Z,SE2,6.78,15
2026-08-06T18:30:00Z,SE3,6.95,15
2026-08-06T18:30:00Z,SE4,6.99,15
2026-08-06T18:30:00Z,SI,280.21,15
2026-08-06T18:30:00Z,SK,313.01,15
2026-08-06T18:45:00Z,AT,244.49,15
2026-08-06T18:45:00Z,BE,181.49,15
2026-08-06T18:45:00Z,CZ,256.81,15
2026-08-06T18:45:00Z,DE-LU,172.22,15
2026-08-06T18:45:00Z,DK1,130.06,15
2026-08-06T18:45:00Z,DK2,132.14,15
2026-08-06T18:45:00Z,EE,24.02,15
2026-08-06T18:45:00Z,ES,185.65,15
2026-08-06T18:45:00Z,FI,5.72,15
2026-08-06T18:45:00Z,FR,185.08,15
2026-08-06T18:45:00Z,GR,231.54,15
2026-08-06T18:45:00Z,HR,280.39,15
2026-08-06T18:45:00Z,HU,291.55,15
2026-08-06T18:45:00Z,IT-CNorth,296.61,15
2026-08-06T18:45:00Z,IT-CSouth,296.61,15
2026-08-06T18:45:00Z,IT-North,249.16,15
2026-08-06T18:45:00Z,IT-Sardinia,296.61,15
2026-08-06T18:45:00Z,IT-Sicily,296.61,15
2026-08-06T18:45:00Z,IT-South,296.61,15
2026-08-06T18:45:00Z,LT,24.02,15
2026-08-06T18:45:00Z,LV,24.02,15
2026-08-06T18:45:00Z,NL,178.85,15
2026-08-06T18:45:00Z,NO1,124.49,15
2026-08-06T18:45:00Z,NO2,131.24,15
2026-08-06T18:45:00Z,NO3,79.54,15
2026-08-06T18:45:00Z,NO4,5.40,15
2026-08-06T18:45:00Z,NO5,121.14,15
2026-08-06T18:45:00Z,PL,401.08,15
2026-08-06T18:45:00Z,PT,185.65,15
2026-08-06T18:45:00Z,RO,294.54,15
2026-08-06T18:45:00Z,RS,324.99,15
2026-08-06T18:45:00Z,SE1,5.70,15
2026-08-06T18:45:00Z,SE2,5.79,15
2026-08-06T18:45:00Z,SE3,5.98,15
2026-08-06T18:45:00Z,SE4,6.04,15
2026-08-06T18:45:00Z,SI,274.49,15
2026-08-06T18:45:00Z,SK,304.32,15
2026-08-06T19:00:00Z,AT,257.77,15
2026-08-06T19:00:00Z,BE,176.34,15
2026-08-06T19:00:00Z,CH,168.33,60
2026-08-06T19:00:00Z,CZ,273.90,15
2026-08-06T19:00:00Z,DE-LU,167.00,15
2026-08-06T19:00:00Z,DK1,124.92,15
2026-08-06T19:00:00Z,DK2,127.80,15
2026-08-06T19:00:00Z,EE,50.00,15
2026-08-06T19:00:00Z,ES,199.18,15
2026-08-06T19:00:00Z,FI,6.85,15
2026-08-06T19:00:00Z,FR,182.20,15
2026-08-06T19:00:00Z,GR,270.05,15
2026-08-06T19:00:00Z,HR,302.37,15
2026-08-06T19:00:00Z,HU,316.23,15
2026-08-06T19:00:00Z,IT-CNorth,298.60,15
2026-08-06T19:00:00Z,IT-CSouth,298.60,15
2026-08-06T19:00:00Z,IT-North,298.53,15
2026-08-06T19:00:00Z,IT-Sardinia,298.60,15
2026-08-06T19:00:00Z,IT-Sicily,298.60,15
2026-08-06T19:00:00Z,IT-South,298.60,15
2026-08-06T19:00:00Z,LT,50.00,15
2026-08-06T19:00:00Z,LV,50.00,15
2026-08-06T19:00:00Z,NL,171.12,15
2026-08-06T19:00:00Z,NO1,123.51,15
2026-08-06T19:00:00Z,NO2,129.55,15
2026-08-06T19:00:00Z,NO3,79.60,15
2026-08-06T19:00:00Z,NO4,6.56,15
2026-08-06T19:00:00Z,NO5,121.10,15
2026-08-06T19:00:00Z,PL,441.01,15
2026-08-06T19:00:00Z,PT,199.18,15
2026-08-06T19:00:00Z,RO,320.85,15
2026-08-06T19:00:00Z,RS,280.00,15
2026-08-06T19:00:00Z,SE1,6.83,15
2026-08-06T19:00:00Z,SE2,6.90,15
2026-08-06T19:00:00Z,SE3,7.03,15
2026-08-06T19:00:00Z,SE4,7.06,15
2026-08-06T19:00:00Z,SI,294.81,15
2026-08-06T19:00:00Z,SK,331.04,15
2026-08-06T19:15:00Z,AT,240.03,15
2026-08-06T19:15:00Z,BE,176.67,15
2026-08-06T19:15:00Z,CZ,253.91,15
2026-08-06T19:15:00Z,DE-LU,168.30,15
2026-08-06T19:15:00Z,DK1,130.90,15
2026-08-06T19:15:00Z,DK2,130.31,15
2026-08-06T19:15:00Z,EE,20.00,15
2026-08-06T19:15:00Z,ES,209.39,15
2026-08-06T19:15:00Z,FI,6.73,15
2026-08-06T19:15:00Z,FR,181.29,15
2026-08-06T19:15:00Z,GR,255.24,15
2026-08-06T19:15:00Z,HR,273.80,15
2026-08-06T19:15:00Z,HU,284.20,15
2026-08-06T19:15:00Z,IT-CNorth,279.38,15
2026-08-06T19:15:00Z,IT-CSouth,279.38,15
2026-08-06T19:15:00Z,IT-North,245.20,15
2026-08-06T19:15:00Z,IT-Sardinia,279.38,15
2026-08-06T19:15:00Z,IT-Sicily,279.38,15
2026-08-06T19:15:00Z,IT-South,279.38,15
2026-08-06T19:15:00Z,LT,20.00,15
2026-08-06T19:15:00Z,LV,20.00,15
2026-08-06T19:15:00Z,NL,172.66,15
2026-08-06T19:15:00Z,NO1,123.38,15
2026-08-06T19:15:00Z,NO2,129.44,15
2026-08-06T19:15:00Z,NO3,79.48,15
2026-08-06T19:15:00Z,NO4,6.47,15
2026-08-06T19:15:00Z,NO5,120.96,15
2026-08-06T19:15:00Z,PL,392.86,15
2026-08-06T19:15:00Z,PT,209.39,15
2026-08-06T19:15:00Z,RO,287.23,15
2026-08-06T19:15:00Z,RS,280.00,15
2026-08-06T19:15:00Z,SE1,6.71,15
2026-08-06T19:15:00Z,SE2,6.79,15
2026-08-06T19:15:00Z,SE3,6.95,15
2026-08-06T19:15:00Z,SE4,7.00,15
2026-08-06T19:15:00Z,SI,268.24,15
2026-08-06T19:15:00Z,SK,295.90,15
2026-08-06T19:30:00Z,AT,220.16,15
2026-08-06T19:30:00Z,BE,175.24,15
2026-08-06T19:30:00Z,CZ,227.44,15
2026-08-06T19:30:00Z,DE-LU,168.25,15
2026-08-06T19:30:00Z,DK1,134.60,15
2026-08-06T19:30:00Z,DK2,138.75,15
2026-08-06T19:30:00Z,EE,5.76,15
2026-08-06T19:30:00Z,ES,209.61,15
2026-08-06T19:30:00Z,FI,5.48,15
2026-08-06T19:30:00Z,FR,178.19,15
2026-08-06T19:30:00Z,GR,257.25,15
2026-08-06T19:30:00Z,HR,246.26,15
2026-08-06T19:30:00Z,HU,254.49,15
2026-08-06T19:30:00Z,IT-CNorth,281.00,15
2026-08-06T19:30:00Z,IT-CSouth,281.00,15
2026-08-06T19:30:00Z,IT-North,245.20,15
2026-08-06T19:30:00Z,IT-Sardinia,281.00,15
2026-08-06T19:30:00Z,IT-Sicily,281.00,15
2026-08-06T19:30:00Z,IT-South,281.00,15
2026-08-06T19:30:00Z,LT,8.89,15
2026-08-06T19:30:00Z,LV,8.89,15
2026-08-06T19:30:00Z,NL,172.87,15
2026-08-06T19:30:00Z,NO1,125.11,15
2026-08-06T19:30:00Z,NO2,132.55,15
2026-08-06T19:30:00Z,NO3,79.60,15
2026-08-06T19:30:00Z,NO4,5.13,15
2026-08-06T19:30:00Z,NO5,120.92,15
2026-08-06T19:30:00Z,PL,311.62,15
2026-08-06T19:30:00Z,PT,209.61,15
2026-08-06T19:30:00Z,RO,257.75,15
2026-08-06T19:30:00Z,RS,280.00,15
2026-08-06T19:30:00Z,SE1,5.46,15
2026-08-06T19:30:00Z,SE2,5.57,15
2026-08-06T19:30:00Z,SE3,5.78,15
2026-08-06T19:30:00Z,SE4,5.85,15
2026-08-06T19:30:00Z,SI,241.63,15
2026-08-06T19:30:00Z,SK,262.63,15
2026-08-06T19:45:00Z,AT,193.76,15
2026-08-06T19:45:00Z,BE,169.87,15
2026-08-06T19:45:00Z,CZ,196.92,15
2026-08-06T19:45:00Z,DE-LU,165.01,15
2026-08-06T19:45:00Z,DK1,123.95,15
2026-08-06T19:45:00Z,DK2,143.25,15
2026-08-06T19:45:00Z,EE,5.60,15
2026-08-06T19:45:00Z,ES,207.39,15
2026-08-06T19:45:00Z,FI,5.34,15
2026-08-06T19:45:00Z,FR,171.29,15
2026-08-06T19:45:00Z,GR,214.76,15
2026-08-06T19:45:00Z,HR,208.33,15
2026-08-06T19:45:00Z,HU,212.99,15
2026-08-06T19:45:00Z,IT-CNorth,281.00,15
2026-08-06T19:45:00Z,IT-CSouth,281.00,15
2026-08-06T19:45:00Z,IT-North,240.00,15
2026-08-06T19:45:00Z,IT-Sardinia,281.00,15
2026-08-06T19:45:00Z,IT-Sicily,281.00,15
2026-08-06T19:45:00Z,IT-South,281.00,15
2026-08-06T19:45:00Z,LT,6.12,15
2026-08-06T19:45:00Z,LV,6.12,15
2026-08-06T19:45:00Z,NL,168.88,15
2026-08-06T19:45:00Z,NO1,126.71,15
2026-08-06T19:45:00Z,NO2,135.29,15
2026-08-06T19:45:00Z,NO3,80.13,15
2026-08-06T19:45:00Z,NO4,4.90,15
2026-08-06T19:45:00Z,NO5,121.06,15
2026-08-06T19:45:00Z,PL,238.52,15
2026-08-06T19:45:00Z,PT,207.39,15
2026-08-06T19:45:00Z,RO,215.04,15
2026-08-06T19:45:00Z,RS,280.00,15
2026-08-06T19:45:00Z,SE1,5.31,15
2026-08-06T19:45:00Z,SE2,5.45,15
2026-08-06T19:45:00Z,SE3,5.71,15
2026-08-06T19:45:00Z,SE4,5.79,15
2026-08-06T19:45:00Z,SI,205.67,15
2026-08-06T19:45:00Z,SK,217.32,15
2026-08-06T20:00:00Z,AT,242.96,15
2026-08-06T20:00:00Z,BE,175.87,15
2026-08-06T20:00:00Z,CH,169.20,60
2026-08-06T20:00:00Z,CZ,201.61,15
2026-08-06T20:00:00Z,DE-LU,172.05,15
2026-08-06T20:00:00Z,DK1,141.82,15
2026-08-06T20:00:00Z,DK2,144.42,15
2026-08-06T20:00:00Z,EE,7.76,15
2026-08-06T20:00:00Z,ES,192.67,15
2026-08-06T20:00:00Z,FI,5.48,15
2026-08-06T20:00:00Z,FR,175.86,15
2026-08-06T20:00:00Z,GR,270.14,15
2026-08-06T20:00:00Z,HR,255.72,15
2026-08-06T20:00:00Z,HU,272.85,15
2026-08-06T20:00:00Z,IT-CNorth,300.00,15
2026-08-06T20:00:00Z,IT-CSouth,300.00,15
2026-08-06T20:00:00Z,IT-North,300.00,15
2026-08-06T20:00:00Z,IT-Sardinia,300.00,15
2026-08-06T20:00:00Z,IT-Sicily,300.00,15
2026-08-06T20:00:00Z,IT-South,300.00,15
2026-08-06T20:00:00Z,LT,7.76,15
2026-08-06T20:00:00Z,LV,7.76,15
2026-08-06T20:00:00Z,NL,176.99,15
2026-08-06T20:00:00Z,NO1,126.19,15
2026-08-06T20:00:00Z,NO2,133.70,15
2026-08-06T20:00:00Z,NO3,80.26,15
2026-08-06T20:00:00Z,NO4,5.12,15
2026-08-06T20:00:00Z,NO5,122.00,15
2026-08-06T20:00:00Z,PL,215.06,15
2026-08-06T20:00:00Z,PT,192.67,15
2026-08-06T20:00:00Z,RO,271.68,15
2026-08-06T20:00:00Z,RS,270.07,15
2026-08-06T20:00:00Z,SE1,5.46,15
2026-08-06T20:00:00Z,SE2,5.57,15
2026-08-06T20:00:00Z,SE3,5.78,15
2026-08-06T20:00:00Z,SE4,5.85,15
2026-08-06T20:00:00Z,SI,250.55,15
2026-08-06T20:00:00Z,SK,254.71,15
2026-08-06T20:15:00Z,AT,205.94,15
2026-08-06T20:15:00Z,BE,174.87,15
2026-08-06T20:15:00Z,CZ,181.06,15
2026-08-06T20:15:00Z,DE-LU,170.85,15
2026-08-06T20:15:00Z,DK1,140.62,15
2026-08-06T20:15:00Z,DK2,143.20,15
2026-08-06T20:15:00Z,EE,6.12,15
2026-08-06T20:15:00Z,ES,187.65,15
2026-08-06T20:15:00Z,FI,4.99,15
2026-08-06T20:15:00Z,FR,174.60,15
2026-08-06T20:15:00Z,GR,245.88,15
2026-08-06T20:15:00Z,HR,225.23,15
2026-08-06T20:15:00Z,HU,249.39,15
2026-08-06T20:15:00Z,IT-CNorth,263.00,15
2026-08-06T20:15:00Z,IT-CSouth,263.00,15
2026-08-06T20:15:00Z,IT-North,263.00,15
2026-08-06T20:15:00Z,IT-Sardinia,263.00,15
2026-08-06T20:15:00Z,IT-Sicily,263.00,15
2026-08-06T20:15:00Z,IT-South,263.00,15
2026-08-06T20:15:00Z,LT,6.12,15
2026-08-06T20:15:00Z,LV,6.12,15
2026-08-06T20:15:00Z,NL,175.92,15
2026-08-06T20:15:00Z,NO1,125.56,15
2026-08-06T20:15:00Z,NO2,132.59,15
2026-08-06T20:15:00Z,NO3,79.87,15
2026-08-06T20:15:00Z,NO4,4.67,15
2026-08-06T20:15:00Z,NO5,122.00,15
2026-08-06T20:15:00Z,PL,190.14,15
2026-08-06T20:15:00Z,PT,187.65,15
2026-08-06T20:15:00Z,RO,247.92,15
2026-08-06T20:15:00Z,RS,270.07,15
2026-08-06T20:15:00Z,SE1,4.97,15
2026-08-06T20:15:00Z,SE2,5.07,15
2026-08-06T20:15:00Z,SE3,5.26,15
2026-08-06T20:15:00Z,SE4,5.32,15
2026-08-06T20:15:00Z,SI,217.35,15
2026-08-06T20:15:00Z,SK,232.61,15
2026-08-06T20:30:00Z,AT,205.91,15
2026-08-06T20:30:00Z,BE,177.35,15
2026-08-06T20:30:00Z,CZ,169.68,15
2026-08-06T20:30:00Z,DE-LU,171.35,15
2026-08-06T20:30:00Z,DK1,135.38,15
2026-08-06T20:30:00Z,DK2,142.50,15
2026-08-06T20:30:00Z,EE,11.01,15
2026-08-06T20:30:00Z,ES,185.65,15
2026-08-06T20:30:00Z,FI,3.96,15
2026-08-06T20:30:00Z,FR,178.30,15
2026-08-06T20:30:00Z,GR,255.04,15
2026-08-06T20:30:00Z,HR,240.16,15
2026-08-06T20:30:00Z,HU,258.74,15
2026-08-06T20:30:00Z,IT-CNorth,260.05,15
2026-08-06T20:30:00Z,IT-CSouth,260.05,15
2026-08-06T20:30:00Z,IT-North,260.05,15
2026-08-06T20:30:00Z,IT-Sardinia,260.05,15
2026-08-06T20:30:00Z,IT-Sicily,260.05,15
2026-08-06T20:30:00Z,IT-South,260.05,15
2026-08-06T20:30:00Z,LT,11.01,15
2026-08-06T20:30:00Z,LV,11.01,15
2026-08-06T20:30:00Z,NL,177.21,15
2026-08-06T20:30:00Z,NO1,126.12,15
2026-08-06T20:30:00Z,NO2,133.70,15
2026-08-06T20:30:00Z,NO3,79.64,15
2026-08-06T20:30:00Z,NO4,3.60,15
2026-08-06T20:30:00Z,NO5,121.90,15
2026-08-06T20:30:00Z,PL,147.36,15
2026-08-06T20:30:00Z,PT,185.65,15
2026-08-06T20:30:00Z,RO,257.27,15
2026-08-06T20:30:00Z,RS,270.07,15
2026-08-06T20:30:00Z,SE1,3.93,15
2026-08-06T20:30:00Z,SE2,4.05,15
2026-08-06T20:30:00Z,SE3,4.26,15
2026-08-06T20:30:00Z,SE4,4.33,15
2026-08-06T20:30:00Z,SI,232.64,15
2026-08-06T20:30:00Z,SK,306.38,15
2026-08-06T20:45:00Z,AT,192.85,15
2026-08-06T20:45:00Z,BE,168.54,15
2026-08-06T20:45:00Z,CZ,160.18,15
2026-08-06T20:45:00Z,DE-LU,163.57,15
2026-08-06T20:45:00Z,DK1,128.74,15
2026-08-06T20:45:00Z,DK2,138.91,15
2026-08-06T20:45:00Z,EE,5.60,15
2026-08-06T20:45:00Z,ES,180.01,15
2026-08-06T20:45:00Z,FI,3.68,15
2026-08-06T20:45:00Z,FR,169.35,15
2026-08-06T20:45:00Z,GR,250.94,15
2026-08-06T20:45:00Z,HR,230.01,15
2026-08-06T20:45:00Z,HU,255.32,15
2026-08-06T20:45:00Z,IT-CNorth,198.95,15
2026-08-06T20:45:00Z,IT-CSouth,198.95,15
2026-08-06T20:45:00Z,IT-North,196.95,15
2026-08-06T20:45:00Z,IT-Sardinia,198.95,15
2026-08-06T20:45:00Z,IT-Sicily,198.95,15
2026-08-06T20:45:00Z,IT-South,198.95,15
2026-08-06T20:45:00Z,LT,7.70,15
2026-08-06T20:45:00Z,LV,7.70,15
2026-08-06T20:45:00Z,NL,168.41,15
2026-08-06T20:45:00Z,NO1,125.02,15
2026-08-06T20:45:00Z,NO2,131.85,15
2026-08-06T20:45:00Z,NO3,79.13,15
2026-08-06T20:45:00Z,NO4,3.38,15
2026-08-06T20:45:00Z,NO5,121.78,15
2026-08-06T20:45:00Z,PL,145.76,15
2026-08-06T20:45:00Z,PT,180.01,15
2026-08-06T20:45:00Z,RO,253.60,15
2026-08-06T20:45:00Z,RS,270.07,15
2026-08-06T20:45:00Z,SE1,3.66,15
2026-08-06T20:45:00Z,SE2,3.76,15
2026-08-06T20:45:00Z,SE3,3.94,15
2026-08-06T20:45:00Z,SE4,4.00,15
2026-08-06T20:45:00Z,SI,220.37,15
2026-08-06T20:45:00Z,SK,290.30,15
2026-08-06T21:00:00Z,AT,204.13,15
2026-08-06T21:00:00Z,BE,171.30,15
2026-08-06T21:00:00Z,CH,164.49,60
2026-08-06T21:00:00Z,CZ,164.49,15
2026-08-06T21:00:00Z,DE-LU,165.21,15
2026-08-06T21:00:00Z,DK1,139.66,15
2026-08-06T21:00:00Z,DK2,142.22,15
2026-08-06T21:00:00Z,EE,6.17,15
2026-08-06T21:00:00Z,ES,175.36,15
2026-08-06T21:00:00Z,FI,3.46,15
2026-08-06T21:00:00Z,FR,172.49,15
2026-08-06T21:00:00Z,GR,253.98,15
2026-08-06T21:00:00Z,HR,240.10,15
2026-08-06T21:00:00Z,HU,257.61,15
2026-08-06T21:00:00Z,IT-CNorth,277.58,15
2026-08-06T21:00:00Z,IT-CSouth,277.58,15
2026-08-06T21:00:00Z,IT-North,277.58,15
2026-08-06T21:00:00Z,IT-Sardinia,277.58,15
2026-08-06T21:00:00Z,IT-Sicily,277.58,15
2026-08-06T21:00:00Z,IT-South,277.58,15
2026-08-06T21:00:00Z,LT,6.17,15
2026-08-06T21:00:00Z,LV,6.17,15
2026-08-06T21:00:00Z,NL,170.88,15
2026-08-06T21:00:00Z,NO1,126.35,15
2026-08-06T21:00:00Z,NO2,132.52,15
2026-08-06T21:00:00Z,NO3,80.20,15
2026-08-06T21:00:00Z,NO4,3.21,15
2026-08-06T21:00:00Z,NO5,124.17,15
2026-08-06T21:00:00Z,PL,136.73,15
2026-08-06T21:00:00Z,PT,175.36,15
2026-08-06T21:00:00Z,RO,256.14,15
2026-08-06T21:00:00Z,RS,237.09,15
2026-08-06T21:00:00Z,SE1,3.45,15
2026-08-06T21:00:00Z,SE2,3.53,15
2026-08-06T21:00:00Z,SE3,3.68,15
2026-08-06T21:00:00Z,SE4,3.72,15
2026-08-06T21:00:00Z,SI,232.75,15
2026-08-06T21:00:00Z,SK,312.87,15
2026-08-06T21:15:00Z,AT,188.16,15
2026-08-06T21:15:00Z,BE,163.49,15
2026-08-06T21:15:00Z,CZ,158.16,15
2026-08-06T21:15:00Z,DE-LU,158.55,15
2026-08-06T21:15:00Z,DK1,133.86,15
2026-08-06T21:15:00Z,DK2,136.32,15
2026-08-06T21:15:00Z,EE,5.78,15
2026-08-06T21:15:00Z,ES,173.03,15
2026-08-06T21:15:00Z,FI,2.85,15
2026-08-06T21:15:00Z,FR,164.35,15
2026-08-06T21:15:00Z,GR,225.80,15
2026-08-06T21:15:00Z,HR,215.32,15
2026-08-06T21:15:00Z,HU,228.55,15
2026-08-06T21:15:00Z,IT-CNorth,256.51,15
2026-08-06T21:15:00Z,IT-CSouth,256.51,15
2026-08-06T21:15:00Z,IT-North,256.51,15
2026-08-06T21:15:00Z,IT-Sardinia,256.51,15
2026-08-06T21:15:00Z,IT-Sicily,256.51,15
2026-08-06T21:15:00Z,IT-South,256.51,15
2026-08-06T21:15:00Z,LT,5.78,15
2026-08-06T21:15:00Z,LV,5.78,15
2026-08-06T21:15:00Z,NL,163.24,15
2026-08-06T21:15:00Z,NO1,125.15,15
2026-08-06T21:15:00Z,NO2,130.41,15
2026-08-06T21:15:00Z,NO3,79.57,15
2026-08-06T21:15:00Z,NO4,2.66,15
2026-08-06T21:15:00Z,NO5,124.17,15
2026-08-06T21:15:00Z,PL,137.14,15
2026-08-06T21:15:00Z,PT,173.03,15
2026-08-06T21:15:00Z,RO,227.43,15
2026-08-06T21:15:00Z,RS,237.09,15
2026-08-06T21:15:00Z,SE1,2.84,15
2026-08-06T21:15:00Z,SE2,2.90,15
2026-08-06T21:15:00Z,SE3,3.01,15
2026-08-06T21:15:00Z,SE4,3.04,15
2026-08-06T21:15:00Z,SI,209.77,15
2026-08-06T21:15:00Z,SK,270.30,15
2026-08-06T21:30:00Z,AT,188.01,15
2026-08-06T21:30:00Z,BE,162.44,15
2026-08-06T21:30:00Z,CZ,157.04,15
2026-08-06T21:30:00Z,DE-LU,157.53,15
2026-08-06T21:30:00Z,DK1,133.46,15
2026-08-06T21:30:00Z,DK2,135.91,15
2026-08-06T21:30:00Z,EE,5.10,15
2026-08-06T21:30:00Z,ES,170.21,15
2026-08-06T21:30:00Z,FI,2.23,15
2026-08-06T21:30:00Z,FR,163.36,15
2026-08-06T21:30:00Z,GR,226.91,15
2026-08-06T21:30:00Z,HR,216.08,15
2026-08-06T21:30:00Z,HU,229.74,15
2026-08-06T21:30:00Z,IT-CNorth,207.52,15
2026-08-06T21:30:00Z,IT-CSouth,207.52,15
2026-08-06T21:30:00Z,IT-North,207.52,15
2026-08-06T21:30:00Z,IT-Sardinia,207.52,15
2026-08-06T21:30:00Z,IT-Sicily,207.52,15
2026-08-06T21:30:00Z,IT-South,207.52,15
2026-08-06T21:30:00Z,LT,5.10,15
2026-08-06T21:30:00Z,LV,5.10,15
2026-08-06T21:30:00Z,NL,162.15,15
2026-08-06T21:30:00Z,NO1,124.90,15
2026-08-06T21:30:00Z,NO2,129.99,15
2026-08-06T21:30:00Z,NO3,79.25,15
2026-08-06T21:30:00Z,NO4,2.05,15
2026-08-06T21:30:00Z,NO5,124.17,15
2026-08-06T21:30:00Z,PL,135.35,15
2026-08-06T21:30:00Z,PT,170.21,15
2026-08-06T21:30:00Z,RO,228.59,15
2026-08-06T21:30:00Z,RS,237.09,15
2026-08-06T21:30:00Z,SE1,2.21,15
2026-08-06T21:30:00Z,SE2,2.27,15
2026-08-06T21:30:00Z,SE3,2.37,15
2026-08-06T21:30:00Z,SE4,2.41,15
2026-08-06T21:30:00Z,SI,210.34,15
2026-08-06T21:30:00Z,SK,272.88,15
2026-08-06T21:45:00Z,AT,168.76,15
2026-08-06T21:45:00Z,BE,155.90,15
2026-08-06T21:45:00Z,CZ,152.65,15
2026-08-06T21:45:00Z,DE-LU,152.50,15
2026-08-06T21:45:00Z,DK1,133.41,15
2026-08-06T21:45:00Z,DK2,135.86,15
2026-08-06T21:45:00Z,EE,4.01,15
2026-08-06T21:45:00Z,ES,169.21,15
2026-08-06T21:45:00Z,FI,2.00,15
2026-08-06T21:45:00Z,FR,156.29,15
2026-08-06T21:45:00Z,GR,188.80,15
2026-08-06T21:45:00Z,HR,183.21,15
2026-08-06T21:45:00Z,HU,190.27,15
2026-08-06T21:45:00Z,IT-CNorth,178.39,15
2026-08-06T21:45:00Z,IT-CSouth,178.39,15
2026-08-06T21:45:00Z,IT-North,178.39,15
2026-08-06T21:45:00Z,IT-Sardinia,178.39,15
2026-08-06T21:45:00Z,IT-Sicily,178.39,15
2026-08-06T21:45:00Z,IT-South,178.39,15
2026-08-06T21:45:00Z,LT,4.01,15
2026-08-06T21:45:00Z,LV,4.01,15
2026-08-06T21:45:00Z,NL,155.93,15
2026-08-06T21:45:00Z,NO1,124.84,15
2026-08-06T21:45:00Z,NO2,129.95,15
2026-08-06T21:45:00Z,NO3,79.12,15
2026-08-06T21:45:00Z,NO4,1.82,15
2026-08-06T21:45:00Z,NO5,124.08,15
2026-08-06T21:45:00Z,PL,141.32,15
2026-08-06T21:45:00Z,PT,169.21,15
2026-08-06T21:45:00Z,RO,189.67,15
2026-08-06T21:45:00Z,RS,237.09,15
2026-08-06T21:45:00Z,SE1,1.99,15
2026-08-06T21:45:00Z,SE2,2.04,15
2026-08-06T21:45:00Z,SE3,2.15,15
2026-08-06T21:45:00Z,SE4,2.18,15
2026-08-06T21:45:00Z,SI,180.26,15
2026-08-06T21:45:00Z,SK,212.56,15
2026-08-06T22:00:00Z,AT,166.63,15
2026-08-06T22:00:00Z,BE,156.10,15
2026-08-06T22:00:00Z,CH,161.10,60
2026-08-06T22:00:00Z,CZ,149.01,15
2026-08-06T22:00:00Z,DE-LU,152.93,15
2026-08-06T22:00:00Z,DK1,131.63,15
2026-08-06T22:00:00Z,DK2,134.04,15
2026-08-06T22:00:00Z,EE,2.03,15
2026-08-06T22:00:00Z,ES,165.76,15
2026-08-06T22:00:00Z,FI,2.03,15
2026-08-06T22:00:00Z,FR,156.29,15
2026-08-06T22:00:00Z,GR,186.24,15
2026-08-06T22:00:00Z,HR,180.92,15
2026-08-06T22:00:00Z,HU,187.99,15
2026-08-06T22:00:00Z,IT-CNorth,199.35,15
2026-08-06T22:00:00Z,IT-CSouth,199.35,15
2026-08-06T22:00:00Z,IT-North,199.35,15
2026-08-06T22:00:00Z,IT-Sardinia,199.35,15
2026-08-06T22:00:00Z,IT-Sicily,199.35,15
2026-08-06T22:00:00Z,IT-South,199.35,15
2026-08-06T22:00:00Z,LT,6.13,15
2026-08-06T22:00:00Z,LV,6.13,15
2026-08-06T22:00:00Z,NL,156.35,15
2026-08-06T22:00:00Z,NO1,122.29,15
2026-08-06T22:00:00Z,NO2,126.67,15
2026-08-06T22:00:00Z,NO3,77.76,15
2026-08-06T22:00:00Z,NO4,1.90,15
2026-08-06T22:00:00Z,NO5,122.63,15
2026-08-06T22:00:00Z,PL,149.85,15
2026-08-06T22:00:00Z,PT,165.76,15
2026-08-06T22:00:00Z,RO,186.91,15
2026-08-06T22:00:00Z,RS,192.03,15
2026-08-06T22:00:00Z,SE1,2.03,15
2026-08-06T22:00:00Z,SE2,2.07,15
2026-08-06T22:00:00Z,SE3,2.14,15
2026-08-06T22:00:00Z,SE4,2.17,15
2026-08-06T22:00:00Z,SI,178.08,15
2026-08-06T22:00:00Z,SK,209.01,15
2026-08-06T22:15:00Z,AT,159.52,15
2026-08-06T22:15:00Z,BE,150.65,15
2026-08-06T22:15:00Z,CZ,144.84,15
2026-08-06T22:15:00Z,DE-LU,148.16,15
2026-08-06T22:15:00Z,DK1,130.47,15
2026-08-06T22:15:00Z,DK2,132.86,15
2026-08-06T22:15:00Z,EE,1.99,15
2026-08-06T22:15:00Z,ES,165.40,15
2026-08-06T22:15:00Z,FI,1.99,15
2026-08-06T22:15:00Z,FR,150.83,15
2026-08-06T22:15:00Z,GR,175.89,15
2026-08-06T22:15:00Z,HR,171.45,15
2026-08-06T22:15:00Z,HU,177.35,15
2026-08-06T22:15:00Z,IT-CNorth,189.87,15
2026-08-06T22:15:00Z,IT-CSouth,189.87,15
2026-08-06T22:15:00Z,IT-North,189.87,15
2026-08-06T22:15:00Z,IT-Sardinia,189.87,15
2026-08-06T22:15:00Z,IT-Sicily,189.87,15
2026-08-06T22:15:00Z,IT-South,189.87,15
2026-08-06T22:15:00Z,LT,5.78,15
2026-08-06T22:15:00Z,LV,5.78,15
2026-08-06T22:15:00Z,NL,150.83,15
2026-08-06T22:15:00Z,NO1,122.39,15
2026-08-06T22:15:00Z,NO2,126.96,15
2026-08-06T22:15:00Z,NO3,77.73,15
2026-08-06T22:15:00Z,NO4,1.85,15
2026-08-06T22:15:00Z,NO5,122.48,15
2026-08-06T22:15:00Z,PL,145.56,15
2026-08-06T22:15:00Z,PT,165.40,15
2026-08-06T22:15:00Z,RO,176.45,15
2026-08-06T22:15:00Z,RS,192.03,15
2026-08-06T22:15:00Z,SE1,1.99,15
2026-08-06T22:15:00Z,SE2,2.04,15
2026-08-06T22:15:00Z,SE3,2.12,15
2026-08-06T22:15:00Z,SE4,2.15,15
2026-08-06T22:15:00Z,SI,169.08,15
2026-08-06T22:15:00Z,SK,194.89,15
2026-08-06T22:30:00Z,AT,154.97,15
2026-08-06T22:30:00Z,BE,155.77,15
2026-08-06T22:30:00Z,CZ,138.24,15
2026-08-06T22:30:00Z,DE-LU,144.02,15
2026-08-06T22:30:00Z,DK1,130.68,15
2026-08-06T22:30:00Z,DK2,133.08,15
2026-08-06T22:30:00Z,EE,1.93,15
2026-08-06T22:30:00Z,ES,161.81,15
2026-08-06T22:30:00Z,FI,1.93,15
2026-08-06T22:30:00Z,FR,131.57,15
2026-08-06T22:30:00Z,GR,175.85,15
2026-08-06T22:30:00Z,HR,170.27,15
2026-08-06T22:30:00Z,HU,177.64,15
2026-08-06T22:30:00Z,IT-CNorth,186.00,15
2026-08-06T22:30:00Z,IT-CSouth,186.00,15
2026-08-06T22:30:00Z,IT-North,186.00,15
2026-08-06T22:30:00Z,IT-Sardinia,186.00,15
2026-08-06T22:30:00Z,IT-Sicily,186.00,15
2026-08-06T22:30:00Z,IT-South,186.00,15
2026-08-06T22:30:00Z,LT,2.08,15
2026-08-06T22:30:00Z,LV,2.08,15
2026-08-06T22:30:00Z,NL,152.32,15
2026-08-06T22:30:00Z,NO1,122.39,15
2026-08-06T22:30:00Z,NO2,127.20,15
2026-08-06T22:30:00Z,NO3,77.62,15
2026-08-06T22:30:00Z,NO4,1.77,15
2026-08-06T22:30:00Z,NO5,122.21,15
2026-08-06T22:30:00Z,PL,139.56,15
2026-08-06T22:30:00Z,PT,161.81,15
2026-08-06T22:30:00Z,RO,176.54,15
2026-08-06T22:30:00Z,RS,192.03,15
2026-08-06T22:30:00Z,SE1,1.93,15
2026-08-06T22:30:00Z,SE2,1.98,15
2026-08-06T22:30:00Z,SE3,2.07,15
2026-08-06T22:30:00Z,SE4,2.10,15
2026-08-06T22:30:00Z,SI,167.31,15
2026-08-06T22:30:00Z,SK,199.22,15
2026-08-06T22:45:00Z,AT,147.13,15
2026-08-06T22:45:00Z,BE,146.71,15
2026-08-06T22:45:00Z,CZ,128.52,15
2026-08-06T22:45:00Z,DE-LU,135.18,15
2026-08-06T22:45:00Z,DK1,128.77,15
2026-08-06T22:45:00Z,DK2,131.13,15
2026-08-06T22:45:00Z,EE,1.87,15
2026-08-06T22:45:00Z,ES,160.00,15
2026-08-06T22:45:00Z,FI,1.87,15
2026-08-06T22:45:00Z,FR,121.51,15
2026-08-06T22:45:00Z,GR,170.50,15
2026-08-06T22:45:00Z,HR,164.25,15
2026-08-06T22:45:00Z,HU,172.49,15
2026-08-06T22:45:00Z,IT-CNorth,178.00,15
2026-08-06T22:45:00Z,IT-CSouth,178.00,15
2026-08-06T22:45:00Z,IT-North,178.00,15
2026-08-06T22:45:00Z,IT-Sardinia,178.00,15
2026-08-06T22:45:00Z,IT-Sicily,178.00,15
2026-08-06T22:45:00Z,IT-South,178.00,15
2026-08-06T22:45:00Z,LT,1.97,15
2026-08-06T22:45:00Z,LV,1.97,15
2026-08-06T22:45:00Z,NL,142.87,15
2026-08-06T22:45:00Z,NO1,121.17,15
2026-08-06T22:45:00Z,NO2,125.25,15
2026-08-06T22:45:00Z,NO3,77.10,15
2026-08-06T22:45:00Z,NO4,1.76,15
2026-08-06T22:45:00Z,NO5,121.82,15
2026-08-06T22:45:00Z,PL,130.10,15
2026-08-06T22:45:00Z,PT,160.00,15
2026-08-06T22:45:00Z,RO,171.27,15
2026-08-06T22:45:00Z,RS,192.03,15
2026-08-06T22:45:00Z,SE1,1.87,15
2026-08-06T22:45:00Z,SE2,1.90,15
2026-08-06T22:45:00Z,SE3,1.96,15
2026-08-06T22:45:00Z,SE4,1.98,15
2026-08-06T22:45:00Z,SI,160.94,15
2026-08-06T22:45:00Z,SK,196.59,15
2026-08-06T23:00:00Z,AT,152.12,15
2026-08-06T23:00:00Z,BE,143.83,15
2026-08-06T23:00:00Z,CH,156.45,60
2026-08-06T23:00:00Z,CZ,139.01,15
2026-08-06T23:00:00Z,DE-LU,142.00,15
2026-08-06T23:00:00Z,DK1,129.24,15
2026-08-06T23:00:00Z,DK2,131.61,15
2026-08-06T23:00:00Z,EE,1.83,15
2026-08-06T23:00:00Z,ES,159.14,15
2026-08-06T23:00:00Z,FI,1.83,15
2026-08-06T23:00:00Z,FR,144.01,15
2026-08-06T23:00:00Z,GR,165.64,15
2026-08-06T23:00:00Z,HR,161.78,15
2026-08-06T23:00:00Z,HU,166.91,15
2026-08-06T23:00:00Z,IT-CNorth,175.39,15
2026-08-06T23:00:00Z,IT-CSouth,175.39,15
2026-08-06T23:00:00Z,IT-North,175.39,15
2026-08-06T23:00:00Z,IT-Sardinia,175.39,15
2026-08-06T23:00:00Z,IT-Sicily,175.39,15
2026-08-06T23:00:00Z,IT-South,175.39,15
2026-08-06T23:00:00Z,LT,1.89,15
2026-08-06T23:00:00Z,LV,1.89,15
2026-08-06T23:00:00Z,NL,143.90,15
2026-08-06T23:00:00Z,NO1,122.10,15
2026-08-06T23:00:00Z,NO2,125.62,15
2026-08-06T23:00:00Z,NO3,77.93,15
2026-08-06T23:00:00Z,NO4,1.76,15
2026-08-06T23:00:00Z,NO5,123.50,15
2026-08-06T23:00:00Z,PL,139.70,15
2026-08-06T23:00:00Z,PT,159.14,15
2026-08-06T23:00:00Z,RO,166.10,15
2026-08-06T23:00:00Z,RS,157.01,15
2026-08-06T23:00:00Z,SE1,1.83,15
2026-08-06T23:00:00Z,SE2,1.85,15
2026-08-06T23:00:00Z,SE3,1.89,15
2026-08-06T23:00:00Z,SE4,1.90,15
2026-08-06T23:00:00Z,SI,159.79,15
2026-08-06T23:00:00Z,SK,182.23,15
2026-08-06T23:15:00Z,AT,145.37,15
2026-08-06T23:15:00Z,BE,139.36,15
2026-08-06T23:15:00Z,CZ,135.85,15
2026-08-06T23:15:00Z,DE-LU,138.02,15
2026-08-06T23:15:00Z,DK1,128.57,15
2026-08-06T23:15:00Z,DK2,130.92,15
2026-08-06T23:15:00Z,EE,1.81,15
2026-08-06T23:15:00Z,ES,158.14,15
2026-08-06T23:15:00Z,FI,1.81,15
2026-08-06T23:15:00Z,FR,139.49,15
2026-08-06T23:15:00Z,GR,155.20,15
2026-08-06T23:15:00Z,HR,152.39,15
2026-08-06T23:15:00Z,HU,156.12,15
2026-08-06T23:15:00Z,IT-CNorth,172.80,15
2026-08-06T23:15:00Z,IT-CSouth,172.80,15
2026-08-06T23:15:00Z,IT-North,172.80,15
2026-08-06T23:15:00Z,IT-Sardinia,172.80,15
2026-08-06T23:15:00Z,IT-Sicily,172.80,15
2026-08-06T23:15:00Z,IT-South,172.80,15
2026-08-06T23:15:00Z,LT,1.87,15
2026-08-06T23:15:00Z,LV,1.87,15
2026-08-06T23:15:00Z,NL,139.41,15
2026-08-06T23:15:00Z,NO1,121.48,15
2026-08-06T23:15:00Z,NO2,124.97,15
2026-08-06T23:15:00Z,NO3,77.54,15
2026-08-06T23:15:00Z,NO4,1.74,15
2026-08-06T23:15:00Z,NO5,122.90,15
2026-08-06T23:15:00Z,PL,136.35,15
2026-08-06T23:15:00Z,PT,158.14,15
2026-08-06T23:15:00Z,RO,155.53,15
2026-08-06T23:15:00Z,RS,157.01,15
2026-08-06T23:15:00Z,SE1,1.81,15
2026-08-06T23:15:00Z,SE2,1.83,15
2026-08-06T23:15:00Z,SE3,1.86,15
2026-08-06T23:15:00Z,SE4,1.88,15
2026-08-06T23:15:00Z,SI,150.95,15
2026-08-06T23:15:00Z,SK,167.25,15
2026-08-06T23:30:00Z,AT,145.71,15
2026-08-06T23:30:00Z,BE,140.00,15
2026-08-06T23:30:00Z,CZ,136.56,15
2026-08-06T23:30:00Z,DE-LU,138.61,15
2026-08-06T23:30:00Z,DK1,128.53,15
2026-08-06T23:30:00Z,DK2,130.88,15
2026-08-06T23:30:00Z,EE,1.77,15
2026-08-06T23:30:00Z,ES,157.56,15
2026-08-06T23:30:00Z,FI,1.77,15
2026-08-06T23:30:00Z,FR,140.11,15
2026-08-06T23:30:00Z,GR,155.12,15
2026-08-06T23:30:00Z,HR,152.43,15
2026-08-06T23:30:00Z,HU,156.00,15
2026-08-06T23:30:00Z,IT-CNorth,172.80,15
2026-08-06T23:30:00Z,IT-CSouth,172.80,15
2026-08-06T23:30:00Z,IT-North,172.80,15
2026-08-06T23:30:00Z,IT-Sardinia,172.80,15
2026-08-06T23:30:00Z,IT-Sicily,172.80,15
2026-08-06T23:30:00Z,IT-South,172.80,15
2026-08-06T23:30:00Z,LT,1.83,15
2026-08-06T23:30:00Z,LV,1.83,15
2026-08-06T23:30:00Z,NL,140.08,15
2026-08-06T23:30:00Z,NO1,121.40,15
2026-08-06T23:30:00Z,NO2,124.93,15
2026-08-06T23:30:00Z,NO3,77.45,15
2026-08-06T23:30:00Z,NO4,1.70,15
2026-08-06T23:30:00Z,NO5,122.76,15
2026-08-06T23:30:00Z,PL,137.03,15
2026-08-06T23:30:00Z,PT,157.56,15
2026-08-06T23:30:00Z,RO,155.44,15
2026-08-06T23:30:00Z,RS,157.01,15
2026-08-06T23:30:00Z,SE1,1.77,15
2026-08-06T23:30:00Z,SE2,1.79,15
2026-08-06T23:30:00Z,SE3,1.83,15
2026-08-06T23:30:00Z,SE4,1.84,15
2026-08-06T23:30:00Z,SI,151.05,15
2026-08-06T23:30:00Z,SK,166.67,15
2026-08-06T23:45:00Z,AT,139.83,15
2026-08-06T23:45:00Z,BE,136.98,15
2026-08-06T23:45:00Z,CZ,135.00,15
2026-08-06T23:45:00Z,DE-LU,135.99,15
2026-08-06T23:45:00Z,DK1,126.77,15
2026-08-06T23:45:00Z,DK2,129.09,15
2026-08-06T23:45:00Z,EE,1.73,15
2026-08-06T23:45:00Z,ES,157.20,15
2026-08-06T23:45:00Z,FI,1.73,15
2026-08-06T23:45:00Z,FR,137.00,15
2026-08-06T23:45:00Z,GR,144.74,15
2026-08-06T23:45:00Z,HR,143.34,15
2026-08-06T23:45:00Z,HU,145.20,15
2026-08-06T23:45:00Z,IT-CNorth,172.10,15
2026-08-06T23:45:00Z,IT-CSouth,172.10,15
2026-08-06T23:45:00Z,IT-North,172.10,15
2026-08-06T23:45:00Z,IT-Sardinia,172.10,15
2026-08-06T23:45:00Z,IT-Sicily,172.10,15
2026-08-06T23:45:00Z,IT-South,172.10,15
2026-08-06T23:45:00Z,LT,1.79,15
2026-08-06T23:45:00Z,LV,1.79,15
2026-08-06T23:45:00Z,NL,137.09,15
2026-08-06T23:45:00Z,NO1,121.08,15
2026-08-06T23:45:00Z,NO2,124.51,15
2026-08-06T23:45:00Z,NO3,77.28,15
2026-08-06T23:45:00Z,NO4,1.67,15
2026-08-06T23:45:00Z,NO5,122.56,15
2026-08-06T23:45:00Z,PL,135.21,15
2026-08-06T23:45:00Z,PT,157.20,15
2026-08-06T23:45:00Z,RO,144.91,15
2026-08-06T23:45:00Z,RS,157.01,15
2026-08-06T23:45:00Z,SE1,1.73,15
2026-08-06T23:45:00Z,SE2,1.75,15
2026-08-06T23:45:00Z,SE3,1.78,15
2026-08-06T23:45:00Z,SE4,1.80,15
2026-08-06T23:45:00Z,SI,142.61,15
2026-08-06T23:45:00Z,SK,150.80,15
