timestamp_utc,zone,price_eur_mwh,resolution_min
2026-02-13T00:00:00Z,AT,92.83,15
2026-02-13T00:00:00Z,BE,69.28,15
2026-02-13T00:00:00Z,CH,95.51,60
2026-02-13T00:00:00Z,CZ,88.94,15
2026-02-13T00:00:00Z,DE-LU,83.90,15
2026-02-13T00:00:00Z,DK1,84.40,15
2026-02-13T00:00:00Z,DK2,99.84,15
2026-02-13T00:00:00Z,EE,137.33,15
2026-02-13T00:00:00Z,ES,1.84,15
2026-02-13T00:00:00Z,FI,137.30,15
2026-02-13T00:00:00Z,FR,15.96,15
2026-02-13T00:00:00Z,GR,91.30,15
2026-02-13T00:00:00Z,HR,92.83,15
2026-02-13T00:00:00Z,HU,90.93,15
2026-02-13T00:00:00Z,IT-CNorth,101.99,15
2026-02-13T00:00:00Z,IT-CSouth,101.99,15
2026-02-13T00:00:00Z,IT-North,101.99,15
2026-02-13T00:00:00Z,IT-Sardinia,101.99,15
2026-02-13T00:00:00Z,IT-Sicily,101.99,15
2026-02-13T00:00:00Z,IT-South,101.99,15
2026-02-13T00:00:00Z,LT,137.33,15
2026-02-13T00:00:00Z,LV,137.33,15
2026-02-13T00:00:00Z,NL,84.08,15
2026-02-13T00:00:00Z,NO1,99.20,15
2026-02-13T00:00:00Z,NO2,92.53,15
2026-02-13T00:00:00Z,NO3,99.13,15
2026-02-13T00:00:00Z,NO4,100.61,15
2026-02-13T00:00:00Z,NO5,97.96,15
2026-02-13T00:00:00Z,PL,92.53,15
2026-02-13T00:00:00Z,PT,1.84,15
2026-02-13T00:00:00Z,RO,91.30,15
2026-02-13T00:00:00Z,RS,60.06,15
2026-02-13T00:00:00Z,SE1,99.65,15
2026-02-13T00:00:00Z,SE2,99.72,15
2026-02-13T00:00:00Z,SE3,99.80,15
2026-02-13T00:00:00Z,SE4,99.83,15
2026-02-13T00:00:00Z,SI,93.47,15
2026-02-13T00:00:00Z,SK,90.08,15
2026-02-13T00:15:00Z,AT,93.28,15
2026-02-13T00:15:00Z,BE,68.50,15
2026-02-13T00:15:00Z,CZ,89.20,15
2026-02-13T00:15:00Z,DE-LU,83.89,15
2026-02-13T00:15:00Z,DK1,84.30,15
2026-02-13T00:15:00Z,DK2,96.77,15
2026-02-13T00:15:00Z,EE,103.62,15
2026-02-13T00:15:00Z,ES,0.91,15
2026-02-13T00:15:00Z,FI,103.61,15
2026-02-13T00:15:00Z,FR,12.42,15
2026-02-13T00:15:00Z,GR,91.67,15
2026-02-13T00:15:00Z,HR,93.28,15
2026-02-13T00:15:00Z,HU,91.28,15
2026-02-13T00:15:00Z,IT-CNorth,101.21,15
2026-02-13T00:15:00Z,IT-CSouth,101.21,15
2026-02-13T00:15:00Z,IT-North,101.21,15
2026-02-13T00:15:00Z,IT-Sardinia,101.21,15
2026-02-13T00:15:00Z,IT-Sicily,101.21,15
2026-02-13T00:15:00Z,IT-South,101.21,15
2026-02-13T00:15:00Z,LT,103.62,15
2026-02-13T00:15:00Z,LV,103.62,15
2026-02-13T00:15:00Z,NL,84.04,15
2026-02-13T00:15:00Z,NO1,96.68,15
2026-02-13T00:15:00Z,NO2,92.27,15
2026-02-13T00:15:00Z,NO3,97.11,15
2026-02-13T00:15:00Z,NO4,97.07,15
2026-02-13T00:15:00Z,NO5,97.96,15
2026-02-13T00:15:00Z,PL,88.53,15
2026-02-13T00:15:00Z,PT,0.91,15
2026-02-13T00:15:00Z,RO,91.67,15
2026-02-13T00:15:00Z,RS,60.06,15
2026-02-13T00:15:00Z,SE1,96.81,15
2026-02-13T00:15:00Z,SE2,96.81,15
2026-02-13T00:15:00Z,SE3,96.78,15
2026-02-13T00:15:00Z,SE4,96.77,15
2026-02-13T00:15:00Z,SI,93.96,15
2026-02-13T00:15:00Z,SK,90.39,15
2026-02-13T00:30:00Z,AT,92.95,15
2026-02-13T00:30:00Z,BE,67.63,15
2026-02-13T00:30:00Z,CZ,88.77,15
2026-02-13T00:30:00Z,DE-LU,83.36,15
2026-02-13T00:30:00Z,DK1,83.75,15
2026-02-13T00:30:00Z,DK2,95.84,15
2026-02-13T00:30:00Z,EE,103.29,15
2026-02-13T00:30:00Z,ES,0.60,15
2026-02-13T00:30:00Z,FI,103.29,15
2026-02-13T00:30:00Z,FR,10.34,15
2026-02-13T00:30:00Z,GR,91.30,15
2026-02-13T00:30:00Z,HR,92.94,15
2026-02-13T00:30:00Z,HU,90.90,15
2026-02-13T00:30:00Z,IT-CNorth,98.40,15
2026-02-13T00:30:00Z,IT-CSouth,98.40,15
2026-02-13T00:30:00Z,IT-North,98.40,15
2026-02-13T00:30:00Z,IT-Sardinia,98.40,15
2026-02-13T00:30:00Z,IT-Sicily,98.40,15
2026-02-13T00:30:00Z,IT-South,98.40,15
2026-02-13T00:30:00Z,LT,103.29,15
2026-02-13T00:30:00Z,LV,103.29,15
2026-02-13T00:30:00Z,NL,83.50,15
2026-02-13T00:30:00Z,NO1,95.70,15
2026-02-13T00:30:00Z,NO2,92.33,15
2026-02-13T00:30:00Z,NO3,96.22,15
2026-02-13T00:30:00Z,NO4,96.16,15
2026-02-13T00:30:00Z,NO5,97.22,15
2026-02-13T00:30:00Z,PL,88.10,15
2026-02-13T00:30:00Z,PT,0.60,15
2026-02-13T00:30:00Z,RO,91.30,15
2026-02-13T00:30:00Z,RS,60.06,15
2026-02-13T00:30:00Z,SE1,95.88,15
2026-02-13T00:30:00Z,SE2,95.88,15
2026-02-13T00:30:00Z,SE3,95.85,15
2026-02-13T00:30:00Z,SE4,95.84,15
2026-02-13T00:30:00Z,SI,93.64,15
2026-02-13T00:30:00Z,SK,90.00,15
2026-02-13T00:45:00Z,AT,93.02,15
2026-02-13T00:45:00Z,BE,67.85,15
2026-02-13T00:45:00Z,CZ,88.87,15
2026-02-13T00:45:00Z,DE-LU,83.49,15
2026-02-13T00:45:00Z,DK1,83.83,15
2026-02-13T00:45:00Z,DK2,94.29,15
2026-02-13T00:45:00Z,EE,98.40,15
2026-02-13T00:45:00Z,ES,0.41,15
2026-02-13T00:45:00Z,FI,98.39,15
2026-02-13T00:45:00Z,FR,10.89,15
2026-02-13T00:45:00Z,GR,91.39,15
2026-02-13T00:45:00Z,HR,93.02,15
2026-02-13T00:45:00Z,HU,90.99,15
2026-02-13T00:45:00Z,IT-CNorth,98.40,15
2026-02-13T00:45:00Z,IT-CSouth,98.40,15
2026-02-13T00:45:00Z,IT-North,98.40,15
2026-02-13T00:45:00Z,IT-Sardinia,98.40,15
2026-02-13T00:45:00Z,IT-Sicily,98.40,15
2026-02-13T00:45:00Z,IT-South,98.40,15
2026-02-13T00:45:00Z,LT,98.40,15
2026-02-13T00:45:00Z,LV,98.40,15
2026-02-13T00:45:00Z,NL,83.61,15
2026-02-13T00:45:00Z,NO1,94.38,15
2026-02-13T00:45:00Z,NO2,92.09,15
2026-02-13T00:45:00Z,NO3,95.09,15
2026-02-13T00:45:00Z,NO4,94.67,15
2026-02-13T00:45:00Z,NO5,96.82,15
2026-02-13T00:45:00Z,PL,88.20,15
2026-02-13T00:45:00Z,PT,0.41,15
2026-02-13T00:45:00Z,RO,91.39,15
2026-02-13T00:45:00Z,RS,60.06,15
2026-02-13T00:45:00Z,SE1,94.42,15
2026-02-13T00:45:00Z,SE2,94.39,15
2026-02-13T00:45:00Z,SE3,94.32,15
2026-02-13T00:45:00Z,SE4,94.30,15
2026-02-13T00:45:00Z,SI,93.71,15
2026-02-13T00:45:00Z,SK,90.09,15
2026-02-13T01:00:00Z,AT,90.72,15
2026-02-13T01:00:00Z,BE,67.37,15
2026-02-13T01:00:00Z,CH,94.59,60
2026-02-13T01:00:00Z,CZ,86.79,15
2026-02-13T01:00:00Z,DE-LU,81.72,15
2026-02-13T01:00:00Z,DK1,83.05,15
2026-02-13T01:00:00Z,DK2,95.18,15
2026-02-13T01:00:00Z,EE,117.70,15
2026-02-13T01:00:00Z,ES,0.34,15
2026-02-13T01:00:00Z,FI,117.68,15
2026-02-13T01:00:00Z,FR,13.28,15
2026-02-13T01:00:00Z,GR,89.15,15
2026-02-13T01:00:00Z,HR,90.64,15
2026-02-13T01:00:00Z,HU,88.78,15
2026-02-13T01:00:00Z,IT-CNorth,100.00,15
2026-02-13T01:00:00Z,IT-CSouth,100.00,15
2026-02-13T01:00:00Z,IT-North,100.00,15
2026-02-13T01:00:00Z,IT-Sardinia,100.00,15
2026-02-13T01:00:00Z,IT-Sicily,100.00,15
2026-02-13T01:00:00Z,IT-South,100.00,15
2026-02-13T01:00:00Z,LT,117.70,15
2026-02-13T01:00:00Z,LV,117.70,15
2026-02-13T01:00:00Z,NL,82.80,15
2026-02-13T01:00:00Z,NO1,95.07,15
2026-02-13T01:00:00Z,NO2,91.76,15
2026-02-13T01:00:00Z,NO3,95.64,15
2026-02-13T01:00:00Z,NO4,95.94,15
2026-02-13T01:00:00Z,NO5,96.71,15
2026-02-13T01:00:00Z,PL,87.47,15
2026-02-13T01:00:00Z,PT,0.33,15
2026-02-13T01:00:00Z,RO,89.15,15
2026-02-13T01:00:00Z,RS,40.01,15
2026-02-13T01:00:00Z,SE1,95.21,15
2026-02-13T01:00:00Z,SE2,95.22,15
2026-02-13T01:00:00Z,SE3,95.19,15
2026-02-13T01:00:00Z,SE4,95.18,15
2026-02-13T01:00:00Z,SI,91.33,15
2026-02-13T01:00:00Z,SK,87.94,15
2026-02-13T01:15:00Z,AT,91.82,15
2026-02-13T01:15:00Z,BE,68.45,15
2026-02-13T01:15:00Z,CZ,87.60,15
2026-02-13T01:15:00Z,DE-LU,82.05,15
2026-02-13T01:15:00Z,DK1,87.30,15
2026-02-13T01:15:00Z,DK2,97.12,15
2026-02-13T01:15:00Z,EE,103.30,15
2026-02-13T01:15:00Z,ES,0.15,15
2026-02-13T01:15:00Z,FI,103.29,15
2026-02-13T01:15:00Z,FR,11.77,15
2026-02-13T01:15:00Z,GR,90.11,15
2026-02-13T01:15:00Z,HR,91.70,15
2026-02-13T01:15:00Z,HU,89.71,15
2026-02-13T01:15:00Z,IT-CNorth,97.13,15
2026-02-13T01:15:00Z,IT-CSouth,97.13,15
2026-02-13T01:15:00Z,IT-North,97.13,15
2026-02-13T01:15:00Z,IT-Sardinia,97.13,15
2026-02-13T01:15:00Z,IT-Sicily,97.13,15
2026-02-13T01:15:00Z,IT-South,97.13,15
2026-02-13T01:15:00Z,LT,103.30,15
2026-02-13T01:15:00Z,LV,103.30,15
2026-02-13T01:15:00Z,NL,87.09,15
2026-02-13T01:15:00Z,NO1,96.93,15
2026-02-13T01:15:00Z,NO2,92.06,15
2026-02-13T01:15:00Z,NO3,96.84,15
2026-02-13T01:15:00Z,NO4,97.19,15
2026-02-13T01:15:00Z,NO5,96.36,15
2026-02-13T01:15:00Z,PL,87.20,15
2026-02-13T01:15:00Z,PT,0.15,15
2026-02-13T01:15:00Z,RO,90.11,15
2026-02-13T01:15:00Z,RS,40.01,15
2026-02-13T01:15:00Z,SE1,97.06,15
2026-02-13T01:15:00Z,SE2,97.08,15
2026-02-13T01:15:00Z,SE3,97.10,15
2026-02-13T01:15:00Z,SE4,97.11,15
2026-02-13T01:15:00Z,SI,92.43,15
2026-02-13T01:15:00Z,SK,88.81,15
2026-02-13T01:30:00Z,AT,92.58,15
2026-02-13T01:30:00Z,BE,67.84,15
2026-02-13T01:30:00Z,CZ,88.18,15
2026-02-13T01:30:00Z,DE-LU,82.43,15
2026-02-13T01:30:00Z,DK1,87.00,15
2026-02-13T01:30:00Z,DK2,96.88,15
2026-02-13T01:30:00Z,EE,103.29,15
2026-02-13T01:30:00Z,ES,0.09,15
2026-02-13T01:30:00Z,FI,103.29,15
2026-02-13T01:30:00Z,FR,8.45,15
2026-02-13T01:30:00Z,GR,90.80,15
2026-02-13T01:30:00Z,HR,92.47,15
2026-02-13T01:30:00Z,HU,90.39,15
2026-02-13T01:30:00Z,IT-CNorth,95.68,15
2026-02-13T01:30:00Z,IT-CSouth,95.68,15
2026-02-13T01:30:00Z,IT-North,95.68,15
2026-02-13T01:30:00Z,IT-Sardinia,95.68,15
2026-02-13T01:30:00Z,IT-Sicily,95.68,15
2026-02-13T01:30:00Z,IT-South,95.68,15
2026-02-13T01:30:00Z,LT,103.29,15
2026-02-13T01:30:00Z,LV,103.29,15
2026-02-13T01:30:00Z,NL,86.79,15
2026-02-13T01:30:00Z,NO1,96.71,15
2026-02-13T01:30:00Z,NO2,92.03,15
2026-02-13T01:30:00Z,NO3,96.67,15
2026-02-13T01:30:00Z,NO4,96.98,15
2026-02-13T01:30:00Z,NO5,96.33,15
2026-02-13T01:30:00Z,PL,87.44,15
2026-02-13T01:30:00Z,PT,0.09,15
2026-02-13T01:30:00Z,RO,90.80,15
2026-02-13T01:30:00Z,RS,40.01,15
2026-02-13T01:30:00Z,SE1,96.83,15
2026-02-13T01:30:00Z,SE2,96.85,15
2026-02-13T01:30:00Z,SE3,96.87,15
2026-02-13T01:30:00Z,SE4,96.88,15
2026-02-13T01:30:00Z,SI,93.23,15
2026-02-13T01:30:00Z,SK,89.45,15
2026-02-13T01:45:00Z,AT,93.04,15
2026-02-13T01:45:00Z,BE,65.88,15
2026-02-13T01:45:00Z,CZ,88.51,15
2026-02-13T01:45:00Z,DE-LU,82.67,15
2026-02-13T01:45:00Z,DK1,83.66,15
2026-02-13T01:45:00Z,DK2,94.51,15
2026-02-13T01:45:00Z,EE,98.70,15
2026-02-13T01:45:00Z,ES,0.05,15
2026-02-13T01:45:00Z,FI,98.69,15
2026-02-13T01:45:00Z,FR,3.26,15
2026-02-13T01:45:00Z,GR,91.24,15
2026-02-13T01:45:00Z,HR,92.96,15
2026-02-13T01:45:00Z,HU,90.81,15
2026-02-13T01:45:00Z,IT-CNorth,95.50,15
2026-02-13T01:45:00Z,IT-CSouth,95.50,15
2026-02-13T01:45:00Z,IT-North,95.50,15
2026-02-13T01:45:00Z,IT-Sardinia,95.50,15
2026-02-13T01:45:00Z,IT-Sicily,95.50,15
2026-02-13T01:45:00Z,IT-South,95.50,15
2026-02-13T01:45:00Z,LT,98.70,15
2026-02-13T01:45:00Z,LV,98.70,15
2026-02-13T01:45:00Z,NL,83.43,15
2026-02-13T01:45:00Z,NO1,94.49,15
2026-02-13T01:45:00Z,NO2,91.84,15
2026-02-13T01:45:00Z,NO3,95.07,15
2026-02-13T01:45:00Z,NO4,94.81,15
2026-02-13T01:45:00Z,NO5,96.38,15
2026-02-13T01:45:00Z,PL,87.77,15
2026-02-13T01:45:00Z,PT,0.05,15
2026-02-13T01:45:00Z,RO,91.24,15
2026-02-13T01:45:00Z,RS,40.01,15
2026-02-13T01:45:00Z,SE1,94.59,15
2026-02-13T01:45:00Z,SE2,94.58,15
2026-02-13T01:45:00Z,SE3,94.53,15
2026-02-13T01:45:00Z,SE4,94.52,15
2026-02-13T01:45:00Z,SI,93.75,15
2026-02-13T01:45:00Z,SK,89.83,15
2026-02-13T02:00:00Z,AT,91.01,15
2026-02-13T02:00:00Z,BE,65.28,15
2026-02-13T02:00:00Z,CH,92.72,60
2026-02-13T02:00:00Z,CZ,86.69,15
2026-02-13T02:00:00Z,DE-LU,81.18,15
2026-02-13T02:00:00Z,DK1,82.84,15
2026-02-13T02:00:00Z,DK2,97.19,15
2026-02-13T02:00:00Z,EE,98.69,15
2026-02-13T02:00:00Z,ES,0.10,15
2026-02-13T02:00:00Z,FI,98.69,15
2026-02-13T02:00:00Z,FR,4.95,15
2026-02-13T02:00:00Z,GR,89.29,15
2026-02-13T02:00:00Z,HR,90.94,15
2026-02-13T02:00:00Z,HU,88.88,15
2026-02-13T02:00:00Z,IT-CNorth,91.68,15
2026-02-13T02:00:00Z,IT-CSouth,91.68,15
2026-02-13T02:00:00Z,IT-North,91.68,15
2026-02-13T02:00:00Z,IT-Sardinia,91.68,15
2026-02-13T02:00:00Z,IT-Sicily,91.68,15
2026-02-13T02:00:00Z,IT-South,91.68,15
2026-02-13T02:00:00Z,LT,98.69,15
2026-02-13T02:00:00Z,LV,98.69,15
2026-02-13T02:00:00Z,NL,82.54,15
2026-02-13T02:00:00Z,NO1,96.95,15
2026-02-13T02:00:00Z,NO2,88.95,15
2026-02-13T02:00:00Z,NO3,96.88,15
2026-02-13T02:00:00Z,NO4,97.12,15
2026-02-13T02:00:00Z,NO5,96.40,15
2026-02-13T02:00:00Z,PL,86.36,15
2026-02-13T02:00:00Z,PT,0.10,15
2026-02-13T02:00:00Z,RO,89.29,15
2026-02-13T02:00:00Z,RS,40.01,15
2026-02-13T02:00:00Z,SE1,97.13,15
2026-02-13T02:00:00Z,SE2,97.15,15
2026-02-13T02:00:00Z,SE3,97.18,15
2026-02-13T02:00:00Z,SE4,97.19,15
2026-02-13T02:00:00Z,SI,91.68,15
2026-02-13T02:00:00Z,SK,87.95,15
2026-02-13T02:15:00Z,AT,91.90,15
2026-02-13T02:15:00Z,BE,66.54,15
2026-02-13T02:15:00Z,CZ,87.51,15
2026-02-13T02:15:00Z,DE-LU,81.87,15
2026-02-13T02:15:00Z,DK1,85.34,15
2026-02-13T02:15:00Z,DK2,98.58,15
2026-02-13T02:15:00Z,EE,98.56,15
2026-02-13T02:15:00Z,ES,0.09,15
2026-02-13T02:15:00Z,FI,98.56,15
2026-02-13T02:15:00Z,FR,5.93,15
2026-02-13T02:15:00Z,GR,90.13,15
2026-02-13T02:15:00Z,HR,91.81,15
2026-02-13T02:15:00Z,HU,89.72,15
2026-02-13T02:15:00Z,IT-CNorth,92.56,15
2026-02-13T02:15:00Z,IT-CSouth,92.56,15
2026-02-13T02:15:00Z,IT-North,92.56,15
2026-02-13T02:15:00Z,IT-Sardinia,92.56,15
2026-02-13T02:15:00Z,IT-Sicily,92.56,15
2026-02-13T02:15:00Z,IT-South,92.56,15
2026-02-13T02:15:00Z,LT,98.56,15
2026-02-13T02:15:00Z,LV,98.56,15
2026-02-13T02:15:00Z,NL,85.07,15
2026-02-13T02:15:00Z,NO1,98.30,15
2026-02-13T02:15:00Z,NO2,88.99,15
2026-02-13T02:15:00Z,NO3,97.82,15
2026-02-13T02:15:00Z,NO4,98.32,15
2026-02-13T02:15:00Z,NO5,96.34,15
2026-02-13T02:15:00Z,PL,86.78,15
2026-02-13T02:15:00Z,PT,0.09,15
2026-02-13T02:15:00Z,RO,90.13,15
2026-02-13T02:15:00Z,RS,40.01,15
2026-02-13T02:15:00Z,SE1,98.45,15
2026-02-13T02:15:00Z,SE2,98.48,15
2026-02-13T02:15:00Z,SE3,98.55,15
2026-02-13T02:15:00Z,SE4,98.57,15
2026-02-13T02:15:00Z,SI,92.56,15
2026-02-13T02:15:00Z,SK,88.77,15
2026-02-13T02:30:00Z,AT,92.08,15
2026-02-13T02:30:00Z,BE,66.98,15
2026-02-13T02:30:00Z,CZ,87.79,15
2026-02-13T02:30:00Z,DE-LU,82.31,15
2026-02-13T02:30:00Z,DK1,84.91,15
2026-02-13T02:30:00Z,DK2,98.57,15
2026-02-13T02:30:00Z,EE,98.55,15
2026-02-13T02:30:00Z,ES,0.34,15
2026-02-13T02:30:00Z,FI,98.55,15
2026-02-13T02:30:00Z,FR,7.53,15
2026-02-13T02:30:00Z,GR,90.36,15
2026-02-13T02:30:00Z,HR,92.00,15
2026-02-13T02:30:00Z,HU,89.96,15
2026-02-13T02:30:00Z,IT-CNorth,92.73,15
2026-02-13T02:30:00Z,IT-CSouth,92.73,15
2026-02-13T02:30:00Z,IT-North,92.73,15
2026-02-13T02:30:00Z,IT-Sardinia,92.73,15
2026-02-13T02:30:00Z,IT-Sicily,92.73,15
2026-02-13T02:30:00Z,IT-South,92.73,15
2026-02-13T02:30:00Z,LT,98.55,15
2026-02-13T02:30:00Z,LV,98.55,15
2026-02-13T02:30:00Z,NL,84.63,15
2026-02-13T02:30:00Z,NO1,98.30,15
2026-02-13T02:30:00Z,NO2,88.84,15
2026-02-13T02:30:00Z,NO3,97.85,15
2026-02-13T02:30:00Z,NO4,98.32,15
2026-02-13T02:30:00Z,NO5,96.46,15
2026-02-13T02:30:00Z,PL,87.09,15
2026-02-13T02:30:00Z,PT,0.05,15
2026-02-13T02:30:00Z,RO,90.36,15
2026-02-13T02:30:00Z,RS,40.01,15
2026-02-13T02:30:00Z,SE1,98.45,15
2026-02-13T02:30:00Z,SE2,98.48,15
2026-02-13T02:30:00Z,SE3,98.54,15
2026-02-13T02:30:00Z,SE4,98.56,15
2026-02-13T02:30:00Z,SI,92.73,15
2026-02-13T02:30:00Z,SK,89.03,15
2026-02-13T02:45:00Z,AT,91.78,15
2026-02-13T02:45:00Z,BE,66.05,15
2026-02-13T02:45:00Z,CZ,87.50,15
2026-02-13T02:45:00Z,DE-LU,82.06,15
2026-02-13T02:45:00Z,DK1,83.13,15
2026-02-13T02:45:00Z,DK2,98.80,15
2026-02-13T02:45:00Z,EE,98.77,15
2026-02-13T02:45:00Z,ES,0.47,15
2026-02-13T02:45:00Z,FI,98.77,15
2026-02-13T02:45:00Z,FR,6.10,15
2026-02-13T02:45:00Z,GR,90.08,15
2026-02-13T02:45:00Z,HR,91.72,15
2026-02-13T02:45:00Z,HU,89.67,15
2026-02-13T02:45:00Z,IT-CNorth,92.45,15
2026-02-13T02:45:00Z,IT-CSouth,92.45,15
2026-02-13T02:45:00Z,IT-North,92.45,15
2026-02-13T02:45:00Z,IT-Sardinia,92.45,15
2026-02-13T02:45:00Z,IT-Sicily,92.45,15
2026-02-13T02:45:00Z,IT-South,92.45,15
2026-02-13T02:45:00Z,LT,98.77,15
2026-02-13T02:45:00Z,LV,98.77,15
2026-02-13T02:45:00Z,NL,82.80,15
2026-02-13T02:45:00Z,NO1,98.20,15
2026-02-13T02:45:00Z,NO2,89.41,15
2026-02-13T02:45:00Z,NO3,97.81,15
2026-02-13T02:45:00Z,NO4,98.45,15
2026-02-13T02:45:00Z,NO5,96.17,15
2026-02-13T02:45:00Z,PL,86.81,15
2026-02-13T02:45:00Z,PT,0.05,15
2026-02-13T02:45:00Z,RO,90.08,15
2026-02-13T02:45:00Z,RS,40.01,15
2026-02-13T02:45:00Z,SE1,98.63,15
2026-02-13T02:45:00Z,SE2,98.67,15
2026-02-13T02:45:00Z,SE3,98.76,15
2026-02-13T02:45:00Z,SE4,98.79,15
2026-02-13T02:45:00Z,SI,92.45,15
2026-02-13T02:45:00Z,SK,88.75,15
2026-02-13T03:00:00Z,AT,91.93,15
2026-02-13T03:00:00Z,BE,64.87,15
2026-02-13T03:00:00Z,CH,94.02,60
2026-02-13T03:00:00Z,CZ,87.39,15
2026-02-13T03:00:00Z,DE-LU,81.57,15
2026-02-13T03:00:00Z,DK1,81.95,15
2026-02-13T03:00:00Z,DK2,94.35,15
2026-02-13T03:00:00Z,EE,94.54,15
2026-02-13T03:00:00Z,ES,0.47,15
2026-02-13T03:00:00Z,FI,94.54,15
2026-02-13T03:00:00Z,FR,2.57,15
2026-02-13T03:00:00Z,GR,90.14,15
2026-02-13T03:00:00Z,HR,91.87,15
2026-02-13T03:00:00Z,HU,89.70,15
2026-02-13T03:00:00Z,IT-CNorth,92.67,15
2026-02-13T03:00:00Z,IT-CSouth,92.67,15
2026-02-13T03:00:00Z,IT-North,92.67,15
2026-02-13T03:00:00Z,IT-Sardinia,92.67,15
2026-02-13T03:00:00Z,IT-Sicily,92.67,15
2026-02-13T03:00:00Z,IT-South,92.67,15
2026-02-13T03:00:00Z,LT,94.54,15
2026-02-13T03:00:00Z,LV,94.54,15
2026-02-13T03:00:00Z,NL,81.72,15
2026-02-13T03:00:00Z,NO1,94.70,15
2026-02-13T03:00:00Z,NO2,89.12,15
2026-02-13T03:00:00Z,NO3,95.37,15
2026-02-13T03:00:00Z,NO4,94.72,15
2026-02-13T03:00:00Z,NO5,97.34,15
2026-02-13T03:00:00Z,PL,86.65,15
2026-02-13T03:00:00Z,PT,0.04,15
2026-02-13T03:00:00Z,RO,90.14,15
2026-02-13T03:00:00Z,RS,41.02,15
2026-02-13T03:00:00Z,SE1,94.54,15
2026-02-13T03:00:00Z,SE2,94.50,15
2026-02-13T03:00:00Z,SE3,94.41,15
2026-02-13T03:00:00Z,SE4,94.40,15
2026-02-13T03:00:00Z,SI,92.67,15
2026-02-13T03:00:00Z,SK,88.72,15
2026-02-13T03:15:00Z,AT,92.29,15
2026-02-13T03:15:00Z,BE,67.16,15
2026-02-13T03:15:00Z,CZ,88.07,15
2026-02-13T03:15:00Z,DE-LU,82.66,15
2026-02-13T03:15:00Z,DK1,83.11,15
2026-02-13T03:15:00Z,DK2,98.00,15
2026-02-13T03:15:00Z,EE,97.99,15
2026-02-13T03:15:00Z,ES,0.60,15
2026-02-13T03:15:00Z,FI,97.99,15
2026-02-13T03:15:00Z,FR,9.27,15
2026-02-13T03:15:00Z,GR,90.62,15
2026-02-13T03:15:00Z,HR,92.23,15
2026-02-13T03:15:00Z,HU,90.22,15
2026-02-13T03:15:00Z,IT-CNorth,92.98,15
2026-02-13T03:15:00Z,IT-CSouth,92.98,15
2026-02-13T03:15:00Z,IT-North,92.98,15
2026-02-13T03:15:00Z,IT-Sardinia,92.98,15
2026-02-13T03:15:00Z,IT-Sicily,92.98,15
2026-02-13T03:15:00Z,IT-South,92.98,15
2026-02-13T03:15:00Z,LT,97.99,15
2026-02-13T03:15:00Z,LV,97.99,15
2026-02-13T03:15:00Z,NL,82.84,15
2026-02-13T03:15:00Z,NO1,97.93,15
2026-02-13T03:15:00Z,NO2,88.91,15
2026-02-13T03:15:00Z,NO3,97.97,15
2026-02-13T03:15:00Z,NO4,97.98,15
2026-02-13T03:15:00Z,NO5,97.97,15
2026-02-13T03:15:00Z,PL,87.38,15
2026-02-13T03:15:00Z,PT,0.03,15
2026-02-13T03:15:00Z,RO,90.62,15
2026-02-13T03:15:00Z,RS,41.02,15
2026-02-13T03:15:00Z,SE1,97.99,15
2026-02-13T03:15:00Z,SE2,97.99,15
2026-02-13T03:15:00Z,SE3,97.99,15
2026-02-13T03:15:00Z,SE4,98.00,15
2026-02-13T03:15:00Z,SI,92.98,15
2026-02-13T03:15:00Z,SK,89.31,15
2026-02-13T03:30:00Z,AT,93.69,15
2026-02-13T03:30:00Z,BE,68.10,15
2026-02-13T03:30:00Z,CZ,89.39,15
2026-02-13T03:30:00Z,DE-LU,83.89,15
2026-02-13T03:30:00Z,DK1,84.32,15
2026-02-13T03:30:00Z,DK2,98.49,15
2026-02-13T03:30:00Z,EE,103.29,15
2026-02-13T03:30:00Z,ES,0.65,15
2026-02-13T03:30:00Z,FI,103.29,15
2026-02-13T03:30:00Z,FR,9.16,15
2026-02-13T03:30:00Z,GR,90.47,15
2026-02-13T03:30:00Z,HR,93.63,15
2026-02-13T03:30:00Z,HU,91.58,15
2026-02-13T03:30:00Z,IT-CNorth,94.39,15
2026-02-13T03:30:00Z,IT-CSouth,94.39,15
2026-02-13T03:30:00Z,IT-North,94.39,15
2026-02-13T03:30:00Z,IT-Sardinia,94.39,15
2026-02-13T03:30:00Z,IT-Sicily,94.39,15
2026-02-13T03:30:00Z,IT-South,94.39,15
2026-02-13T03:30:00Z,LT,103.29,15
2026-02-13T03:30:00Z,LV,103.29,15
2026-02-13T03:30:00Z,NL,84.05,15
2026-02-13T03:30:00Z,NO1,98.39,15
2026-02-13T03:30:00Z,NO2,89.10,15
2026-02-13T03:30:00Z,NO3,98.26,15
2026-02-13T03:30:00Z,NO4,98.55,15
2026-02-13T03:30:00Z,NO5,97.80,15
2026-02-13T03:30:00Z,PL,91.92,15
2026-02-13T03:30:00Z,PT,0.03,15
2026-02-13T03:30:00Z,RO,92.00,15
2026-02-13T03:30:00Z,RS,41.02,15
2026-02-13T03:30:00Z,SE1,98.44,15
2026-02-13T03:30:00Z,SE2,98.46,15
2026-02-13T03:30:00Z,SE3,98.48,15
2026-02-13T03:30:00Z,SE4,98.49,15
2026-02-13T03:30:00Z,SI,94.39,15
2026-02-13T03:30:00Z,SK,90.65,15
2026-02-13T03:45:00Z,AT,95.35,15
2026-02-13T03:45:00Z,BE,69.05,15
2026-02-13T03:45:00Z,CZ,90.93,15
2026-02-13T03:45:00Z,DE-LU,85.28,15
2026-02-13T03:45:00Z,DK1,85.74,15
2026-02-13T03:45:00Z,DK2,100.83,15
2026-02-13T03:45:00Z,EE,140.30,15
2026-02-13T03:45:00Z,ES,0.92,15
2026-02-13T03:45:00Z,FI,140.27,15
2026-02-13T03:45:00Z,FR,8.50,15
2026-02-13T03:45:00Z,GR,92.21,15
2026-02-13T03:45:00Z,HR,95.29,15
2026-02-13T03:45:00Z,HU,93.18,15
2026-02-13T03:45:00Z,IT-CNorth,96.07,15
2026-02-13T03:45:00Z,IT-CSouth,96.07,15
2026-02-13T03:45:00Z,IT-North,96.07,15
2026-02-13T03:45:00Z,IT-Sardinia,96.07,15
2026-02-13T03:45:00Z,IT-Sicily,96.07,15
2026-02-13T03:45:00Z,IT-South,96.07,15
2026-02-13T03:45:00Z,LT,140.30,15
2026-02-13T03:45:00Z,LV,140.30,15
2026-02-13T03:45:00Z,NL,85.45,15
2026-02-13T03:45:00Z,NO1,100.58,15
2026-02-13T03:45:00Z,NO2,88.98,15
2026-02-13T03:45:00Z,NO3,100.02,15
2026-02-13T03:45:00Z,NO4,101.70,15
2026-02-13T03:45:00Z,NO5,98.15,15
2026-02-13T03:45:00Z,PL,92.52,15
2026-02-13T03:45:00Z,PT,0.03,15
2026-02-13T03:45:00Z,RO,93.61,15
2026-02-13T03:45:00Z,RS,41.02,15
2026-02-13T03:45:00Z,SE1,100.62,15
2026-02-13T03:45:00Z,SE2,100.70,15
2026-02-13T03:45:00Z,SE3,100.78,15
2026-02-13T03:45:00Z,SE4,100.82,15
2026-02-13T03:45:00Z,SI,96.07,15
2026-02-13T03:45:00Z,SK,92.23,15
2026-02-13T04:00:00Z,AT,93.57,15
2026-02-13T04:00:00Z,BE,69.35,15
2026-02-13T04:00:00Z,CH,96.51,60
2026-02-13T04:00:00Z,CZ,89.39,15
2026-02-13T04:00:00Z,DE-LU,84.06,15
2026-02-13T04:00:00Z,DK1,84.40,15
2026-02-13T04:00:00Z,DK2,95.64,15
2026-02-13T04:00:00Z,EE,103.29,15
2026-02-13T04:00:00Z,ES,0.99,15
2026-02-13T04:00:00Z,FI,103.29,15
2026-02-13T04:00:00Z,FR,12.31,15
2026-02-13T04:00:00Z,GR,91.89,15
2026-02-13T04:00:00Z,HR,93.45,15
2026-02-13T04:00:00Z,HU,91.49,15
2026-02-13T04:00:00Z,IT-CNorth,94.20,15
2026-02-13T04:00:00Z,IT-CSouth,94.20,15
2026-02-13T04:00:00Z,IT-North,94.20,15
2026-02-13T04:00:00Z,IT-Sardinia,94.20,15
2026-02-13T04:00:00Z,IT-Sicily,94.20,15
2026-02-13T04:00:00Z,IT-South,94.20,15
2026-02-13T04:00:00Z,LT,95.69,15
2026-02-13T04:00:00Z,LV,95.69,15
2026-02-13T04:00:00Z,NL,84.07,15
2026-02-13T04:00:00Z,NO1,95.92,15
2026-02-13T04:00:00Z,NO2,90.71,15
2026-02-13T04:00:00Z,NO3,96.47,15
2026-02-13T04:00:00Z,NO4,96.16,15
2026-02-13T04:00:00Z,NO5,98.02,15
2026-02-13T04:00:00Z,PL,88.71,15
2026-02-13T04:00:00Z,PT,0.03,15
2026-02-13T04:00:00Z,RO,91.89,15
2026-02-13T04:00:00Z,RS,67.06,15
2026-02-13T04:00:00Z,SE1,95.78,15
2026-02-13T04:00:00Z,SE2,95.76,15
2026-02-13T04:00:00Z,SE3,95.69,15
2026-02-13T04:00:00Z,SE4,95.68,15
2026-02-13T04:00:00Z,SI,94.20,15
2026-02-13T04:00:00Z,SK,90.60,15
2026-02-13T04:15:00Z,AT,92.47,15
2026-02-13T04:15:00Z,BE,70.13,15
2026-02-13T04:15:00Z,CZ,88.59,15
2026-02-13T04:15:00Z,DE-LU,83.66,15
2026-02-13T04:15:00Z,DK1,84.17,15
2026-02-13T04:15:00Z,DK2,101.14,15
2026-02-13T04:15:00Z,EE,148.34,15
2026-02-13T04:15:00Z,ES,1.84,15
2026-02-13T04:15:00Z,FI,148.29,15
2026-02-13T04:15:00Z,FR,17.37,15
2026-02-13T04:15:00Z,GR,90.91,15
2026-02-13T04:15:00Z,HR,92.36,15
2026-02-13T04:15:00Z,HU,90.55,15
2026-02-13T04:15:00Z,IT-CNorth,95.68,15
2026-02-13T04:15:00Z,IT-CSouth,95.68,15
2026-02-13T04:15:00Z,IT-North,95.68,15
2026-02-13T04:15:00Z,IT-Sardinia,95.68,15
2026-02-13T04:15:00Z,IT-Sicily,95.68,15
2026-02-13T04:15:00Z,IT-South,95.68,15
2026-02-13T04:15:00Z,LT,148.34,15
2026-02-13T04:15:00Z,LV,148.34,15
2026-02-13T04:15:00Z,NL,83.86,15
2026-02-13T04:15:00Z,NO1,101.24,15
2026-02-13T04:15:00Z,NO2,89.44,15
2026-02-13T04:15:00Z,NO3,101.26,15
2026-02-13T04:15:00Z,NO4,102.58,15
2026-02-13T04:15:00Z,NO5,101.12,15
2026-02-13T04:15:00Z,PL,92.52,15
2026-02-13T04:15:00Z,PT,0.02,15
2026-02-13T04:15:00Z,RO,90.91,15
2026-02-13T04:15:00Z,RS,67.06,15
2026-02-13T04:15:00Z,SE1,101.08,15
2026-02-13T04:15:00Z,SE2,101.13,15
2026-02-13T04:15:00Z,SE3,101.14,15
2026-02-13T04:15:00Z,SE4,101.14,15
2026-02-13T04:15:00Z,SI,93.05,15
2026-02-13T04:15:00Z,SK,89.72,15
2026-02-13T04:30:00Z,AT,96.26,15
2026-02-13T04:30:00Z,BE,74.70,15
2026-02-13T04:30:00Z,CZ,92.51,15
2026-02-13T04:30:00Z,DE-LU,87.75,15
2026-02-13T04:30:00Z,DK1,88.26,15
2026-02-13T04:30:00Z,DK2,105.08,15
2026-02-13T04:30:00Z,EE,159.26,15
2026-02-13T04:30:00Z,ES,1.98,15
2026-02-13T04:30:00Z,FI,159.21,15
2026-02-13T04:30:00Z,FR,23.78,15
2026-02-13T04:30:00Z,GR,92.27,15
2026-02-13T04:30:00Z,HR,96.15,15
2026-02-13T04:30:00Z,HU,94.40,15
2026-02-13T04:30:00Z,IT-CNorth,101.99,15
2026-02-13T04:30:00Z,IT-CSouth,101.99,15
2026-02-13T04:30:00Z,IT-North,101.99,15
2026-02-13T04:30:00Z,IT-Sardinia,101.99,15
2026-02-13T04:30:00Z,IT-Sicily,101.99,15
2026-02-13T04:30:00Z,IT-South,101.99,15
2026-02-13T04:30:00Z,LT,159.26,15
2026-02-13T04:30:00Z,LV,159.26,15
2026-02-13T04:30:00Z,NL,87.94,15
2026-02-13T04:30:00Z,NO1,104.90,15
2026-02-13T04:30:00Z,NO2,91.71,15
2026-02-13T04:30:00Z,NO3,104.27,15
2026-02-13T04:30:00Z,NO4,106.40,15
2026-02-13T04:30:00Z,NO5,102.18,15
2026-02-13T04:30:00Z,PL,98.30,15
2026-02-13T04:30:00Z,PT,0.02,15
2026-02-13T04:30:00Z,RO,94.75,15
2026-02-13T04:30:00Z,RS,67.06,15
2026-02-13T04:30:00Z,SE1,104.85,15
2026-02-13T04:30:00Z,SE2,104.94,15
2026-02-13T04:30:00Z,SE3,105.03,15
2026-02-13T04:30:00Z,SE4,105.07,15
2026-02-13T04:30:00Z,SI,96.82,15
2026-02-13T04:30:00Z,SK,93.60,15
2026-02-13T04:45:00Z,AT,102.92,15
2026-02-13T04:45:00Z,BE,78.44,15
2026-02-13T04:45:00Z,CZ,98.68,15
2026-02-13T04:45:00Z,DE-LU,93.28,15
2026-02-13T04:45:00Z,DK1,93.66,15
2026-02-13T04:45:00Z,DK2,106.21,15
2026-02-13T04:45:00Z,EE,200.09,15
2026-02-13T04:45:00Z,ES,3.78,15
2026-02-13T04:45:00Z,FI,200.00,15
2026-02-13T04:45:00Z,FR,20.65,15
2026-02-13T04:45:00Z,GR,92.57,15
2026-02-13T04:45:00Z,HR,102.80,15
2026-02-13T04:45:00Z,HU,100.82,15
2026-02-13T04:45:00Z,IT-CNorth,103.56,15
2026-02-13T04:45:00Z,IT-CSouth,103.56,15
2026-02-13T04:45:00Z,IT-North,103.56,15
2026-02-13T04:45:00Z,IT-Sardinia,103.56,15
2026-02-13T04:45:00Z,IT-Sicily,103.56,15
2026-02-13T04:45:00Z,IT-South,103.56,15
2026-02-13T04:45:00Z,LT,200.09,15
2026-02-13T04:45:00Z,LV,200.09,15
2026-02-13T04:45:00Z,NL,93.43,15
2026-02-13T04:45:00Z,NO1,106.10,15
2026-02-13T04:45:00Z,NO2,95.07,15
2026-02-13T04:45:00Z,NO3,105.65,15
2026-02-13T04:45:00Z,NO4,108.79,15
2026-02-13T04:45:00Z,NO5,103.84,15
2026-02-13T04:45:00Z,PL,101.05,15
2026-02-13T04:45:00Z,PT,0.02,15
2026-02-13T04:45:00Z,RO,101.22,15
2026-02-13T04:45:00Z,RS,67.06,15
2026-02-13T04:45:00Z,SE1,105.96,15
2026-02-13T04:45:00Z,SE2,106.09,15
2026-02-13T04:45:00Z,SE3,106.16,15
2026-02-13T04:45:00Z,SE4,106.20,15
2026-02-13T04:45:00Z,SI,103.56,15
2026-02-13T04:45:00Z,SK,99.91,15
2026-02-13T05:00:00Z,AT,90.55,15
2026-02-13T05:00:00Z,BE,71.31,15
2026-02-13T05:00:00Z,CH,113.70,60
2026-02-13T05:00:00Z,CZ,87.36,15
2026-02-13T05:00:00Z,DE-LU,84.42,15
2026-02-13T05:00:00Z,DK1,85.02,15
2026-02-13T05:00:00Z,DK2,105.39,15
2026-02-13T05:00:00Z,EE,159.35,15
2026-02-13T05:00:00Z,ES,3.78,15
2026-02-13T05:00:00Z,FI,159.29,15
2026-02-13T05:00:00Z,FR,31.67,15
2026-02-13T05:00:00Z,GR,92.03,15
2026-02-13T05:00:00Z,HR,91.72,15
2026-02-13T05:00:00Z,HU,92.14,15
2026-02-13T05:00:00Z,IT-CNorth,91.56,15
2026-02-13T05:00:00Z,IT-CSouth,91.56,15
2026-02-13T05:00:00Z,IT-North,91.56,15
2026-02-13T05:00:00Z,IT-Sardinia,91.56,15
2026-02-13T05:00:00Z,IT-Sicily,91.56,15
2026-02-13T05:00:00Z,IT-South,91.56,15
2026-02-13T05:00:00Z,LT,159.35,15
2026-02-13T05:00:00Z,LV,159.35,15
2026-02-13T05:00:00Z,NL,77.15,15
2026-02-13T05:00:00Z,NO1,105.25,15
2026-02-13T05:00:00Z,NO2,94.71,15
2026-02-13T05:00:00Z,NO3,104.76,15
2026-02-13T05:00:00Z,NO4,106.76,15
2026-02-13T05:00:00Z,NO5,103.05,15
2026-02-13T05:00:00Z,PL,87.26,15
2026-02-13T05:00:00Z,PT,0.02,15
2026-02-13T05:00:00Z,RO,92.03,15
2026-02-13T05:00:00Z,RS,70.04,15
2026-02-13T05:00:00Z,SE1,105.19,15
2026-02-13T05:00:00Z,SE2,105.28,15
2026-02-13T05:00:00Z,SE3,105.35,15
2026-02-13T05:00:00Z,SE4,105.38,15
2026-02-13T05:00:00Z,SI,91.56,15
2026-02-13T05:00:00Z,SK,87.80,15
2026-02-13T05:15:00Z,AT,103.59,15
2026-02-13T05:15:00Z,BE,81.19,15
2026-02-13T05:15:00Z,CZ,98.35,15
2026-02-13T05:15:00Z,DE-LU,93.56,15
2026-02-13T05:15:00Z,DK1,93.96,15
2026-02-13T05:15:00Z,DK2,107.41,15
2026-02-13T05:15:00Z,EE,166.71,15
2026-02-13T05:15:00Z,ES,3.78,15
2026-02-13T05:15:00Z,FI,166.64,15
2026-02-13T05:15:00Z,FR,44.10,15
2026-02-13T05:15:00Z,GR,104.08,15
2026-02-13T05:15:00Z,HR,103.71,15
2026-02-13T05:15:00Z,HU,104.32,15
2026-02-13T05:15:00Z,IT-CNorth,103.59,15
2026-02-13T05:15:00Z,IT-CSouth,103.59,15
2026-02-13T05:15:00Z,IT-North,103.59,15
2026-02-13T05:15:00Z,IT-Sardinia,103.59,15
2026-02-13T05:15:00Z,IT-Sicily,103.59,15
2026-02-13T05:15:00Z,IT-South,103.59,15
2026-02-13T05:15:00Z,LT,166.71,15
2026-02-13T05:15:00Z,LV,166.71,15
2026-02-13T05:15:00Z,NL,86.61,15
2026-02-13T05:15:00Z,NO1,107.30,15
2026-02-13T05:15:00Z,NO2,97.99,15
2026-02-13T05:15:00Z,NO3,106.88,15
2026-02-13T05:15:00Z,NO4,108.97,15
2026-02-13T05:15:00Z,NO5,105.36,15
2026-02-13T05:15:00Z,PL,97.95,15
2026-02-13T05:15:00Z,PT,0.02,15
2026-02-13T05:15:00Z,RO,104.08,15
2026-02-13T05:15:00Z,RS,70.04,15
2026-02-13T05:15:00Z,SE1,107.22,15
2026-02-13T05:15:00Z,SE2,107.31,15
2026-02-13T05:15:00Z,SE3,107.37,15
2026-02-13T05:15:00Z,SE4,107.40,15
2026-02-13T05:15:00Z,SI,103.59,15
2026-02-13T05:15:00Z,SK,99.40,15
2026-02-13T05:30:00Z,AT,114.28,15
2026-02-13T05:30:00Z,BE,89.17,15
2026-02-13T05:30:00Z,CZ,108.87,15
2026-02-13T05:30:00Z,DE-LU,103.67,15
2026-02-13T05:30:00Z,DK1,103.90,15
2026-02-13T05:30:00Z,DK2,111.74,15
2026-02-13T05:30:00Z,EE,193.40,15
2026-02-13T05:30:00Z,ES,6.44,15
2026-02-13T05:30:00Z,FI,193.30,15
2026-02-13T05:30:00Z,FR,45.62,15
2026-02-13T05:30:00Z,GR,114.12,15
2026-02-13T05:30:00Z,HR,114.23,15
2026-02-13T05:30:00Z,HU,114.23,15
2026-02-13T05:30:00Z,IT-CNorth,114.28,15
2026-02-13T05:30:00Z,IT-CSouth,114.28,15
2026-02-13T05:30:00Z,IT-North,114.28,15
2026-02-13T05:30:00Z,IT-Sardinia,114.28,15
2026-02-13T05:30:00Z,IT-Sicily,114.28,15
2026-02-13T05:30:00Z,IT-South,114.28,15
2026-02-13T05:30:00Z,LT,193.40,15
2026-02-13T05:30:00Z,LV,193.40,15
2026-02-13T05:30:00Z,NL,95.55,15
2026-02-13T05:30:00Z,NO1,111.61,15
2026-02-13T05:30:00Z,NO2,100.22,15
2026-02-13T05:30:00Z,NO3,111.12,15
2026-02-13T05:30:00Z,NO4,113.92,15
2026-02-13T05:30:00Z,NO5,109.24,15
2026-02-13T05:30:00Z,PL,108.37,15
2026-02-13T05:30:00Z,PT,0.03,15
2026-02-13T05:30:00Z,RO,114.12,15
2026-02-13T05:30:00Z,RS,70.04,15
2026-02-13T05:30:00Z,SE1,111.49,15
2026-02-13T05:30:00Z,SE2,111.61,15
2026-02-13T05:30:00Z,SE3,111.69,15
2026-02-13T05:30:00Z,SE4,111.73,15
2026-02-13T05:30:00Z,SI,114.32,15
2026-02-13T05:30:00Z,SK,110.09,15
2026-02-13T05:45:00Z,AT,118.57,15
2026-02-13T05:45:00Z,BE,103.67,15
2026-02-13T05:45:00Z,CZ,115.39,15
2026-02-13T05:45:00Z,DE-LU,113.26,15
2026-02-13T05:45:00Z,DK1,114.03,15
2026-02-13T05:45:00Z,DK2,140.18,15
2026-02-13T05:45:00Z,EE,185.56,15
2026-02-13T05:45:00Z,ES,12.93,15
2026-02-13T05:45:00Z,FI,185.51,15
2026-02-13T05:45:00Z,FR,74.58,15
2026-02-13T05:45:00Z,GR,117.77,15
2026-02-13T05:45:00Z,HR,120.73,15
2026-02-13T05:45:00Z,HU,123.21,15
2026-02-13T05:45:00Z,IT-CNorth,118.57,15
2026-02-13T05:45:00Z,IT-CSouth,118.57,15
2026-02-13T05:45:00Z,IT-North,118.57,15
2026-02-13T05:45:00Z,IT-Sardinia,118.57,15
2026-02-13T05:45:00Z,IT-Sicily,118.57,15
2026-02-13T05:45:00Z,IT-South,118.57,15
2026-02-13T05:45:00Z,LT,185.56,15
2026-02-13T05:45:00Z,LV,185.56,15
2026-02-13T05:45:00Z,NL,107.93,15
2026-02-13T05:45:00Z,NO1,139.57,15
2026-02-13T05:45:00Z,NO2,101.22,15
2026-02-13T05:45:00Z,NO3,137.53,15
2026-02-13T05:45:00Z,NO4,140.61,15
2026-02-13T05:45:00Z,NO5,131.54,15
2026-02-13T05:45:00Z,PL,115.62,15
2026-02-13T05:45:00Z,PT,0.03,15
2026-02-13T05:45:00Z,RO,122.66,15
2026-02-13T05:45:00Z,RS,70.04,15
2026-02-13T05:45:00Z,SE1,139.66,15
2026-02-13T05:45:00Z,SE2,139.81,15
2026-02-13T05:45:00Z,SE3,140.06,15
2026-02-13T05:45:00Z,SE4,140.15,15
2026-02-13T05:45:00Z,SI,119.83,15
2026-02-13T05:45:00Z,SK,115.30,15
2026-02-13T06:00:00Z,AT,110.11,15
2026-02-13T06:00:00Z,BE,87.71,15
2026-02-13T06:00:00Z,CH,121.72,60
2026-02-13T06:00:00Z,CZ,109.89,15
2026-02-13T06:00:00Z,DE-LU,105.21,15
2026-02-13T06:00:00Z,DK1,105.39,15
2026-02-13T06:00:00Z,DK2,110.72,15
2026-02-13T06:00:00Z,EE,194.16,15
2026-02-13T06:00:00Z,ES,22.00,15
2026-02-13T06:00:00Z,FI,194.05,15
2026-02-13T06:00:00Z,FR,36.52,15
2026-02-13T06:00:00Z,GR,137.64,15
2026-02-13T06:00:00Z,HR,104.56,15
2026-02-13T06:00:00Z,HU,114.99,15
2026-02-13T06:00:00Z,IT-CNorth,117.84,15
2026-02-13T06:00:00Z,IT-CSouth,117.84,15
2026-02-13T06:00:00Z,IT-North,117.84,15
2026-02-13T06:00:00Z,IT-Sardinia,117.84,15
2026-02-13T06:00:00Z,IT-Sicily,117.84,15
2026-02-13T06:00:00Z,IT-South,117.84,15
2026-02-13T06:00:00Z,LT,194.16,15
2026-02-13T06:00:00Z,LV,194.16,15
2026-02-13T06:00:00Z,NL,96.00,15
2026-02-13T06:00:00Z,NO1,110.65,15
2026-02-13T06:00:00Z,NO2,101.94,15
2026-02-13T06:00:00Z,NO3,110.30,15
2026-02-13T06:00:00Z,NO4,112.95,15
2026-02-13T06:00:00Z,NO5,108.83,15
2026-02-13T06:00:00Z,PL,114.05,15
2026-02-13T06:00:00Z,PT,0.03,15
2026-02-13T06:00:00Z,RO,142.61,15
2026-02-13T06:00:00Z,RS,95.01,15
2026-02-13T06:00:00Z,SE1,110.51,15
2026-02-13T06:00:00Z,SE2,110.62,15
2026-02-13T06:00:00Z,SE3,110.68,15
2026-02-13T06:00:00Z,SE4,110.71,15
2026-02-13T06:00:00Z,SI,106.31,15
2026-02-13T06:00:00Z,SK,115.63,15
2026-02-13T06:15:00Z,AT,123.78,15
2026-02-13T06:15:00Z,BE,109.16,15
2026-02-13T06:15:00Z,CZ,121.56,15
2026-02-13T06:15:00Z,DE-LU,119.26,15
2026-02-13T06:15:00Z,DK1,119.36,15
2026-02-13T06:15:00Z,DK2,122.27,15
2026-02-13T06:15:00Z,EE,193.41,15
2026-02-13T06:15:00Z,ES,22.00,15
2026-02-13T06:15:00Z,FI,193.32,15
2026-02-13T06:15:00Z,FR,79.00,15
2026-02-13T06:15:00Z,GR,118.37,15
2026-02-13T06:15:00Z,HR,123.67,15
2026-02-13T06:15:00Z,HU,122.63,15
2026-02-13T06:15:00Z,IT-CNorth,124.37,15
2026-02-13T06:15:00Z,IT-CSouth,124.37,15
2026-02-13T06:15:00Z,IT-North,124.37,15
2026-02-13T06:15:00Z,IT-Sardinia,124.37,15
2026-02-13T06:15:00Z,IT-Sicily,124.37,15
2026-02-13T06:15:00Z,IT-South,124.37,15
2026-02-13T06:15:00Z,LT,193.41,15
2026-02-13T06:15:00Z,LV,193.41,15
2026-02-13T06:15:00Z,NL,113.95,15
2026-02-13T06:15:00Z,NO1,122.21,15
2026-02-13T06:15:00Z,NO2,115.56,15
2026-02-13T06:15:00Z,NO3,121.96,15
2026-02-13T06:15:00Z,NO4,124.19,15
2026-02-13T06:15:00Z,NO5,120.83,15
2026-02-13T06:15:00Z,PL,121.23,15
2026-02-13T06:15:00Z,PT,0.04,15
2026-02-13T06:15:00Z,RO,122.82,15
2026-02-13T06:15:00Z,RS,95.01,15
2026-02-13T06:15:00Z,SE1,122.09,15
2026-02-13T06:15:00Z,SE2,122.19,15
2026-02-13T06:15:00Z,SE3,122.24,15
2026-02-13T06:15:00Z,SE4,122.26,15
2026-02-13T06:15:00Z,SI,124.00,15
2026-02-13T06:15:00Z,SK,122.20,15
2026-02-13T06:30:00Z,AT,126.08,15
2026-02-13T06:30:00Z,BE,111.40,15
2026-02-13T06:30:00Z,CZ,124.01,15
2026-02-13T06:30:00Z,DE-LU,121.64,15
2026-02-13T06:30:00Z,DK1,122.10,15
2026-02-13T06:30:00Z,DK2,136.24,15
2026-02-13T06:30:00Z,EE,190.59,15
2026-02-13T06:30:00Z,ES,25.79,15
2026-02-13T06:30:00Z,FI,190.52,15
2026-02-13T06:30:00Z,FR,80.86,15
2026-02-13T06:30:00Z,GR,110.94,15
2026-02-13T06:30:00Z,HR,125.66,15
2026-02-13T06:30:00Z,HU,125.05,15
2026-02-13T06:30:00Z,IT-CNorth,126.08,15
2026-02-13T06:30:00Z,IT-CSouth,126.08,15
2026-02-13T06:30:00Z,IT-North,126.08,15
2026-02-13T06:30:00Z,IT-Sardinia,126.08,15
2026-02-13T06:30:00Z,IT-Sicily,124.37,15
2026-02-13T06:30:00Z,IT-South,126.08,15
2026-02-13T06:30:00Z,LT,190.59,15
2026-02-13T06:30:00Z,LV,190.59,15
2026-02-13T06:30:00Z,NL,116.25,15
2026-02-13T06:30:00Z,NO1,135.98,15
2026-02-13T06:30:00Z,NO2,117.85,15
2026-02-13T06:30:00Z,NO3,135.06,15
2026-02-13T06:30:00Z,NO4,137.39,15
2026-02-13T06:30:00Z,NO5,132.18,15
2026-02-13T06:30:00Z,PL,123.88,15
2026-02-13T06:30:00Z,PT,0.05,15
2026-02-13T06:30:00Z,RO,126.50,15
2026-02-13T06:30:00Z,RS,95.01,15
2026-02-13T06:30:00Z,SE1,135.95,15
2026-02-13T06:30:00Z,SE2,136.06,15
2026-02-13T06:30:00Z,SE3,136.17,15
2026-02-13T06:30:00Z,SE4,136.22,15
2026-02-13T06:30:00Z,SI,126.08,15
2026-02-13T06:30:00Z,SK,124.90,15
2026-02-13T06:45:00Z,AT,127.84,15
2026-02-13T06:45:00Z,BE,117.77,15
2026-02-13T06:45:00Z,CZ,126.42,15
2026-02-13T06:45:00Z,DE-LU,124.80,15
2026-02-13T06:45:00Z,DK1,126.37,15
2026-02-13T06:45:00Z,DK2,174.60,15
2026-02-13T06:45:00Z,EE,174.50,15
2026-02-13T06:45:00Z,ES,35.00,15
2026-02-13T06:45:00Z,FI,174.50,15
2026-02-13T06:45:00Z,FR,96.84,15
2026-02-13T06:45:00Z,GR,107.08,15
2026-02-13T06:45:00Z,HR,127.55,15
2026-02-13T06:45:00Z,HU,127.14,15
2026-02-13T06:45:00Z,IT-CNorth,127.84,15
2026-02-13T06:45:00Z,IT-CSouth,127.84,15
2026-02-13T06:45:00Z,IT-North,127.84,15
2026-02-13T06:45:00Z,IT-Sardinia,126.50,15
2026-02-13T06:45:00Z,IT-Sicily,124.37,15
2026-02-13T06:45:00Z,IT-South,127.84,15
2026-02-13T06:45:00Z,LT,174.50,15
2026-02-13T06:45:00Z,LV,174.50,15
2026-02-13T06:45:00Z,NL,121.10,15
2026-02-13T06:45:00Z,NO1,173.75,15
2026-02-13T06:45:00Z,NO2,121.93,15
2026-02-13T06:45:00Z,NO3,170.87,15
2026-02-13T06:45:00Z,NO4,173.36,15
2026-02-13T06:45:00Z,NO5,162.86,15
2026-02-13T06:45:00Z,PL,126.33,15
2026-02-13T06:45:00Z,PT,0.09,15
2026-02-13T06:45:00Z,RO,128.13,15
2026-02-13T06:45:00Z,RS,95.01,15
2026-02-13T06:45:00Z,SE1,173.99,15
2026-02-13T06:45:00Z,SE2,174.13,15
2026-02-13T06:45:00Z,SE3,174.45,15
2026-02-13T06:45:00Z,SE4,174.57,15
2026-02-13T06:45:00Z,SI,127.84,15
2026-02-13T06:45:00Z,SK,127.03,15
2026-02-13T07:00:00Z,AT,127.33,15
2026-02-13T07:00:00Z,BE,109.99,15
2026-02-13T07:00:00Z,CH,124.10,60
2026-02-13T07:00:00Z,CZ,124.79,15
2026-02-13T07:00:00Z,DE-LU,122.21,15
2026-02-13T07:00:00Z,DK1,123.00,15
2026-02-13T07:00:00Z,DK2,145.09,15
2026-02-13T07:00:00Z,EE,180.12,15
2026-02-13T07:00:00Z,ES,31.69,15
2026-02-13T07:00:00Z,FI,180.08,15
2026-02-13T07:00:00Z,FR,73.40,15
2026-02-13T07:00:00Z,GR,95.40,15
2026-02-13T07:00:00Z,HR,127.29,15
2026-02-13T07:00:00Z,HU,126.07,15
2026-02-13T07:00:00Z,IT-CNorth,127.70,15
2026-02-13T07:00:00Z,IT-CSouth,127.70,15
2026-02-13T07:00:00Z,IT-North,127.70,15
2026-02-13T07:00:00Z,IT-Sardinia,127.16,15
2026-02-13T07:00:00Z,IT-Sicily,124.37,15
2026-02-13T07:00:00Z,IT-South,127.70,15
2026-02-13T07:00:00Z,LT,180.12,15
2026-02-13T07:00:00Z,LV,180.12,15
2026-02-13T07:00:00Z,NL,115.81,15
2026-02-13T07:00:00Z,NO1,144.69,15
2026-02-13T07:00:00Z,NO2,119.03,15
2026-02-13T07:00:00Z,NO3,143.34,15
2026-02-13T07:00:00Z,NO4,145.50,15
2026-02-13T07:00:00Z,NO5,139.13,15
2026-02-13T07:00:00Z,PL,124.41,15
2026-02-13T07:00:00Z,PT,0.09,15
2026-02-13T07:00:00Z,RO,126.29,15
2026-02-13T07:00:00Z,RS,108.02,15
2026-02-13T07:00:00Z,SE1,144.74,15
2026-02-13T07:00:00Z,SE2,144.84,15
2026-02-13T07:00:00Z,SE3,145.01,15
2026-02-13T07:00:00Z,SE4,145.07,15
2026-02-13T07:00:00Z,SI,127.70,15
2026-02-13T07:00:00Z,SK,125.55,15
2026-02-13T07:15:00Z,AT,130.00,15
2026-02-13T07:15:00Z,BE,115.95,15
2026-02-13T07:15:00Z,CZ,127.94,15
2026-02-13T07:15:00Z,DE-LU,125.86,15
2026-02-13T07:15:00Z,DK1,127.07,15
2026-02-13T07:15:00Z,DK2,161.39,15
2026-02-13T07:15:00Z,EE,180.06,15
2026-02-13T07:15:00Z,ES,31.69,15
2026-02-13T07:15:00Z,FI,180.04,15
2026-02-13T07:15:00Z,FR,86.28,15
2026-02-13T07:15:00Z,GR,93.65,15
2026-02-13T07:15:00Z,HR,129.97,15
2026-02-13T07:15:00Z,HU,128.98,15
2026-02-13T07:15:00Z,IT-CNorth,130.00,15
2026-02-13T07:15:00Z,IT-CSouth,130.00,15
2026-02-13T07:15:00Z,IT-North,130.00,15
2026-02-13T07:15:00Z,IT-Sardinia,126.00,15
2026-02-13T07:15:00Z,IT-Sicily,124.37,15
2026-02-13T07:15:00Z,IT-South,130.00,15
2026-02-13T07:15:00Z,LT,180.06,15
2026-02-13T07:15:00Z,LV,180.06,15
2026-02-13T07:15:00Z,NL,120.67,15
2026-02-13T07:15:00Z,NO1,160.78,15
2026-02-13T07:15:00Z,NO2,122.75,15
2026-02-13T07:15:00Z,NO3,158.72,15
2026-02-13T07:15:00Z,NO4,161.03,15
2026-02-13T07:15:00Z,NO5,152.53,15
2026-02-13T07:15:00Z,PL,127.64,15
2026-02-13T07:15:00Z,PT,0.12,15
2026-02-13T07:15:00Z,RO,129.16,15
2026-02-13T07:15:00Z,RS,108.02,15
2026-02-13T07:15:00Z,SE1,160.92,15
2026-02-13T07:15:00Z,SE2,161.04,15
2026-02-13T07:15:00Z,SE3,161.28,15
2026-02-13T07:15:00Z,SE4,161.37,15
2026-02-13T07:15:00Z,SI,130.30,15
2026-02-13T07:15:00Z,SK,128.56,15
2026-02-13T07:30:00Z,AT,127.16,15
2026-02-13T07:30:00Z,BE,118.43,15
2026-02-13T07:30:00Z,CZ,125.88,15
2026-02-13T07:30:00Z,DE-LU,124.58,15
2026-02-13T07:30:00Z,DK1,126.49,15
2026-02-13T07:30:00Z,DK2,180.13,15
2026-02-13T07:30:00Z,EE,180.02,15
2026-02-13T07:30:00Z,ES,25.57,15
2026-02-13T07:30:00Z,FI,180.02,15
2026-02-13T07:30:00Z,FR,99.99,15
2026-02-13T07:30:00Z,GR,94.55,15
2026-02-13T07:30:00Z,HR,127.14,15
2026-02-13T07:30:00Z,HU,126.53,15
2026-02-13T07:30:00Z,IT-CNorth,127.16,15
2026-02-13T07:30:00Z,IT-CSouth,127.16,15
2026-02-13T07:30:00Z,IT-North,127.16,15
2026-02-13T07:30:00Z,IT-Sardinia,126.62,15
2026-02-13T07:30:00Z,IT-Sicily,107.86,15
2026-02-13T07:30:00Z,IT-South,120.67,15
2026-02-13T07:30:00Z,LT,180.02,15
2026-02-13T07:30:00Z,LV,180.02,15
2026-02-13T07:30:00Z,NL,121.36,15
2026-02-13T07:30:00Z,NO1,179.19,15
2026-02-13T07:30:00Z,NO2,121.79,15
2026-02-13T07:30:00Z,NO3,176.03,15
2026-02-13T07:30:00Z,NO4,178.76,15
2026-02-13T07:30:00Z,NO5,166.74,15
2026-02-13T07:30:00Z,PL,125.69,15
2026-02-13T07:30:00Z,PT,0.33,15
2026-02-13T07:30:00Z,RO,126.64,15
2026-02-13T07:30:00Z,RS,108.02,15
2026-02-13T07:30:00Z,SE1,179.46,15
2026-02-13T07:30:00Z,SE2,179.61,15
2026-02-13T07:30:00Z,SE3,179.96,15
2026-02-13T07:30:00Z,SE4,180.09,15
2026-02-13T07:30:00Z,SI,127.35,15
2026-02-13T07:30:00Z,SK,126.27,15
2026-02-13T07:45:00Z,AT,123.72,15
2026-02-13T07:45:00Z,BE,120.44,15
2026-02-13T07:45:00Z,CZ,123.24,15
2026-02-13T07:45:00Z,DE-LU,122.75,15
2026-02-13T07:45:00Z,DK1,125.06,15
2026-02-13T07:45:00Z,DK2,190.14,15
2026-02-13T07:45:00Z,EE,190.00,15
2026-02-13T07:45:00Z,ES,22.00,15
2026-02-13T07:45:00Z,FI,190.00,15
2026-02-13T07:45:00Z,FR,113.53,15
2026-02-13T07:45:00Z,GR,92.60,15
2026-02-13T07:45:00Z,HR,123.71,15
2026-02-13T07:45:00Z,HU,123.48,15
2026-02-13T07:45:00Z,IT-CNorth,123.79,15
2026-02-13T07:45:00Z,IT-CSouth,123.79,15
2026-02-13T07:45:00Z,IT-North,123.79,15
2026-02-13T07:45:00Z,IT-Sardinia,123.79,15
2026-02-13T07:45:00Z,IT-Sicily,98.00,15
2026-02-13T07:45:00Z,IT-South,98.00,15
2026-02-13T07:45:00Z,LT,190.00,15
2026-02-13T07:45:00Z,LV,190.00,15
2026-02-13T07:45:00Z,NL,121.54,15
2026-02-13T07:45:00Z,NO1,188.99,15
2026-02-13T07:45:00Z,NO2,118.87,15
2026-02-13T07:45:00Z,NO3,185.12,15
2026-02-13T07:45:00Z,NO4,188.46,15
2026-02-13T07:45:00Z,NO5,173.77,15
2026-02-13T07:45:00Z,PL,123.17,15
2026-02-13T07:45:00Z,PT,0.33,15
2026-02-13T07:45:00Z,RO,123.52,15
2026-02-13T07:45:00Z,RS,108.02,15
2026-02-13T07:45:00Z,SE1,189.31,15
2026-02-13T07:45:00Z,SE2,189.50,15
2026-02-13T07:45:00Z,SE3,189.93,15
2026-02-13T07:45:00Z,SE4,190.09,15
2026-02-13T07:45:00Z,SI,123.79,15
2026-02-13T07:45:00Z,SK,123.38,15
2026-02-13T08:00:00Z,AT,128.97,15
2026-02-13T08:00:00Z,BE,128.27,15
2026-02-13T08:00:00Z,CH,120.88,60
2026-02-13T08:00:00Z,CZ,128.87,15
2026-02-13T08:00:00Z,DE-LU,128.75,15
2026-02-13T08:00:00Z,DK1,130.04,15
2026-02-13T08:00:00Z,DK2,169.39,15
2026-02-13T08:00:00Z,EE,169.31,15
2026-02-13T08:00:00Z,ES,22.00,15
2026-02-13T08:00:00Z,FI,169.30,15
2026-02-13T08:00:00Z,FR,126.80,15
2026-02-13T08:00:00Z,GR,90.00,15
2026-02-13T08:00:00Z,HR,128.97,15
2026-02-13T08:00:00Z,HU,128.92,15
2026-02-13T08:00:00Z,IT-CNorth,128.97,15
2026-02-13T08:00:00Z,IT-CSouth,128.97,15
2026-02-13T08:00:00Z,IT-North,128.97,15
2026-02-13T08:00:00Z,IT-Sardinia,128.97,15
2026-02-13T08:00:00Z,IT-Sicily,30.00,15
2026-02-13T08:00:00Z,IT-South,111.47,15
2026-02-13T08:00:00Z,LT,169.31,15
2026-02-13T08:00:00Z,LV,169.31,15
2026-02-13T08:00:00Z,NL,128.49,15
2026-02-13T08:00:00Z,NO1,168.70,15
2026-02-13T08:00:00Z,NO2,126.92,15
2026-02-13T08:00:00Z,NO3,166.41,15
2026-02-13T08:00:00Z,NO4,168.39,15
2026-02-13T08:00:00Z,NO5,159.68,15
2026-02-13T08:00:00Z,PL,128.85,15
2026-02-13T08:00:00Z,PT,0.91,15
2026-02-13T08:00:00Z,RO,128.93,15
2026-02-13T08:00:00Z,RS,95.04,15
2026-02-13T08:00:00Z,SE1,168.89,15
2026-02-13T08:00:00Z,SE2,169.01,15
2026-02-13T08:00:00Z,SE3,169.26,15
2026-02-13T08:00:00Z,SE4,169.36,15
2026-02-13T08:00:00Z,SI,128.99,15
2026-02-13T08:00:00Z,SK,128.90,15
2026-02-13T08:15:00Z,AT,126.47,15
2026-02-13T08:15:00Z,BE,117.88,15
2026-02-13T08:15:00Z,CZ,125.25,15
2026-02-13T08:15:00Z,DE-LU,123.80,15
2026-02-13T08:15:00Z,DK1,125.46,15
2026-02-13T08:15:00Z,DK2,176.28,15
2026-02-13T08:15:00Z,EE,176.17,15
2026-02-13T08:15:00Z,ES,7.64,15
2026-02-13T08:15:00Z,FI,176.17,15
2026-02-13T08:15:00Z,FR,100.00,15
2026-02-13T08:15:00Z,GR,85.92,15
2026-02-13T08:15:00Z,HR,126.47,15
2026-02-13T08:15:00Z,HU,125.87,15
2026-02-13T08:15:00Z,IT-CNorth,126.66,15
2026-02-13T08:15:00Z,IT-CSouth,126.66,15
2026-02-13T08:15:00Z,IT-North,126.66,15
2026-02-13T08:15:00Z,IT-Sardinia,126.66,15
2026-02-13T08:15:00Z,IT-Sicily,0.00,15
2026-02-13T08:15:00Z,IT-South,88.95,15
2026-02-13T08:15:00Z,LT,176.17,15
2026-02-13T08:15:00Z,LV,176.17,15
2026-02-13T08:15:00Z,NL,120.58,15
2026-02-13T08:15:00Z,NO1,175.39,15
2026-02-13T08:15:00Z,NO2,120.96,15
2026-02-13T08:15:00Z,NO3,172.40,15
2026-02-13T08:15:00Z,NO4,174.98,15
2026-02-13T08:15:00Z,NO5,163.64,15
2026-02-13T08:15:00Z,PL,125.06,15
2026-02-13T08:15:00Z,PT,2.04,15
2026-02-13T08:15:00Z,RO,125.98,15
2026-02-13T08:15:00Z,RS,95.04,15
2026-02-13T08:15:00Z,SE1,175.64,15
2026-02-13T08:15:00Z,SE2,175.79,15
2026-02-13T08:15:00Z,SE3,176.12,15
2026-02-13T08:15:00Z,SE4,176.24,15
2026-02-13T08:15:00Z,SI,126.66,15
2026-02-13T08:15:00Z,SK,125.62,15
2026-02-13T08:30:00Z,AT,118.10,15
2026-02-13T08:30:00Z,BE,109.53,15
2026-02-13T08:30:00Z,CZ,116.88,15
2026-02-13T08:30:00Z,DE-LU,115.43,15
2026-02-13T08:30:00Z,DK1,117.73,15
2026-02-13T08:30:00Z,DK2,188.03,15
2026-02-13T08:30:00Z,EE,187.88,15
2026-02-13T08:30:00Z,ES,3.78,15
2026-02-13T08:30:00Z,FI,187.88,15
2026-02-13T08:30:00Z,FR,91.69,15
2026-02-13T08:30:00Z,GR,79.99,15
2026-02-13T08:30:00Z,HR,118.10,15
2026-02-13T08:30:00Z,HU,117.50,15
2026-02-13T08:30:00Z,IT-CNorth,118.10,15
2026-02-13T08:30:00Z,IT-CSouth,118.10,15
2026-02-13T08:30:00Z,IT-North,118.10,15
2026-02-13T08:30:00Z,IT-Sardinia,118.10,15
2026-02-13T08:30:00Z,IT-Sicily,10.00,15
2026-02-13T08:30:00Z,IT-South,88.95,15
2026-02-13T08:30:00Z,LT,187.88,15
2026-02-13T08:30:00Z,LV,187.88,15
2026-02-13T08:30:00Z,NL,112.22,15
2026-02-13T08:30:00Z,NO1,186.82,15
2026-02-13T08:30:00Z,NO2,113.11,15
2026-02-13T08:30:00Z,NO3,182.77,15
2026-02-13T08:30:00Z,NO4,186.26,15
2026-02-13T08:30:00Z,NO5,170.91,15
2026-02-13T08:30:00Z,PL,116.70,15
2026-02-13T08:30:00Z,PT,2.33,15
2026-02-13T08:30:00Z,RO,117.61,15
2026-02-13T08:30:00Z,RS,95.04,15
2026-02-13T08:30:00Z,SE1,187.16,15
2026-02-13T08:30:00Z,SE2,187.36,15
2026-02-13T08:30:00Z,SE3,187.81,15
2026-02-13T08:30:00Z,SE4,187.98,15
2026-02-13T08:30:00Z,SI,118.29,15
2026-02-13T08:30:00Z,SK,117.25,15
2026-02-13T08:45:00Z,AT,111.72,15
2026-02-13T08:45:00Z,BE,101.78,15
2026-02-13T08:45:00Z,CZ,110.31,15
2026-02-13T08:45:00Z,DE-LU,108.62,15
2026-02-13T08:45:00Z,DK1,111.04,15
2026-02-13T08:45:00Z,DK2,185.09,15
2026-02-13T08:45:00Z,EE,184.94,15
2026-02-13T08:45:00Z,ES,3.78,15
2026-02-13T08:45:00Z,FI,184.94,15
2026-02-13T08:45:00Z,FR,81.10,15
2026-02-13T08:45:00Z,GR,72.64,15
2026-02-13T08:45:00Z,HR,111.72,15
2026-02-13T08:45:00Z,HU,111.02,15
2026-02-13T08:45:00Z,IT-CNorth,111.93,15
2026-02-13T08:45:00Z,IT-CSouth,111.93,15
2026-02-13T08:45:00Z,IT-North,111.93,15
2026-02-13T08:45:00Z,IT-Sardinia,111.93,15
2026-02-13T08:45:00Z,IT-Sicily,0.00,15
2026-02-13T08:45:00Z,IT-South,39.18,15
2026-02-13T08:45:00Z,LT,184.94,15
2026-02-13T08:45:00Z,LV,184.94,15
2026-02-13T08:45:00Z,NL,104.90,15
2026-02-13T08:45:00Z,NO1,183.82,15
2026-02-13T08:45:00Z,NO2,106.55,15
2026-02-13T08:45:00Z,NO3,179.58,15
2026-02-13T08:45:00Z,NO4,183.24,15
2026-02-13T08:45:00Z,NO5,167.14,15
2026-02-13T08:45:00Z,PL,110.09,15
2026-02-13T08:45:00Z,PT,2.00,15
2026-02-13T08:45:00Z,RO,111.15,15
2026-02-13T08:45:00Z,RS,95.04,15
2026-02-13T08:45:00Z,SE1,184.18,15
2026-02-13T08:45:00Z,SE2,184.39,15
2026-02-13T08:45:00Z,SE3,184.86,15
2026-02-13T08:45:00Z,SE4,185.04,15
2026-02-13T08:45:00Z,SI,111.93,15
2026-02-13T08:45:00Z,SK,110.73,15
2026-02-13T09:00:00Z,AT,113.55,15
2026-02-13T09:00:00Z,BE,110.85,15
2026-02-13T09:00:00Z,CH,107.57,60
2026-02-13T09:00:00Z,CZ,113.18,15
2026-02-13T09:00:00Z,DE-LU,112.71,15
2026-02-13T09:00:00Z,DK1,114.63,15
2026-02-13T09:00:00Z,DK2,172.92,15
2026-02-13T09:00:00Z,EE,172.80,15
2026-02-13T09:00:00Z,ES,1.98,15
2026-02-13T09:00:00Z,FI,172.80,15
2026-02-13T09:00:00Z,FR,105.24,15
2026-02-13T09:00:00Z,GR,80.25,15
2026-02-13T09:00:00Z,HR,113.56,15
2026-02-13T09:00:00Z,HU,113.37,15
2026-02-13T09:00:00Z,IT-CNorth,113.62,15
2026-02-13T09:00:00Z,IT-CSouth,113.62,15
2026-02-13T09:00:00Z,IT-North,113.62,15
2026-02-13T09:00:00Z,IT-Sardinia,90.00,15
2026-02-13T09:00:00Z,IT-Sicily,10.00,15
2026-02-13T09:00:00Z,IT-South,89.26,15
2026-02-13T09:00:00Z,LT,172.80,15
2026-02-13T09:00:00Z,LV,172.80,15
2026-02-13T09:00:00Z,NL,111.73,15
2026-02-13T09:00:00Z,NO1,171.91,15
2026-02-13T09:00:00Z,NO2,110.31,15
2026-02-13T09:00:00Z,NO3,168.51,15
2026-02-13T09:00:00Z,NO4,171.44,15
2026-02-13T09:00:00Z,NO5,158.58,15
2026-02-13T09:00:00Z,PL,113.12,15
2026-02-13T09:00:00Z,PT,1.98,15
2026-02-13T09:00:00Z,RO,113.41,15
2026-02-13T09:00:00Z,RS,96.00,15
2026-02-13T09:00:00Z,SE1,172.19,15
2026-02-13T09:00:00Z,SE2,172.36,15
2026-02-13T09:00:00Z,SE3,172.74,15
2026-02-13T09:00:00Z,SE4,172.88,15
2026-02-13T09:00:00Z,SI,113.62,15
2026-02-13T09:00:00Z,SK,113.29,15
2026-02-13T09:15:00Z,AT,109.77,15
2026-02-13T09:15:00Z,BE,103.69,15
2026-02-13T09:15:00Z,CZ,108.93,15
2026-02-13T09:15:00Z,DE-LU,107.88,15
2026-02-13T09:15:00Z,DK1,109.85,15
2026-02-13T09:15:00Z,DK2,169.77,15
2026-02-13T09:15:00Z,EE,169.65,15
2026-02-13T09:15:00Z,ES,1.34,15
2026-02-13T09:15:00Z,FI,169.65,15
2026-02-13T09:15:00Z,FR,91.02,15
2026-02-13T09:15:00Z,GR,73.90,15
2026-02-13T09:15:00Z,HR,109.80,15
2026-02-13T09:15:00Z,HU,109.37,15
2026-02-13T09:15:00Z,IT-CNorth,109.93,15
2026-02-13T09:15:00Z,IT-CSouth,109.93,15
2026-02-13T09:15:00Z,IT-North,109.93,15
2026-02-13T09:15:00Z,IT-Sardinia,75.00,15
2026-02-13T09:15:00Z,IT-Sicily,10.00,15
2026-02-13T09:15:00Z,IT-South,89.26,15
2026-02-13T09:15:00Z,LT,169.65,15
2026-02-13T09:15:00Z,LV,169.65,15
2026-02-13T09:15:00Z,NL,105.66,15
2026-02-13T09:15:00Z,NO1,168.73,15
2026-02-13T09:15:00Z,NO2,104.99,15
2026-02-13T09:15:00Z,NO3,165.21,15
2026-02-13T09:15:00Z,NO4,168.24,15
2026-02-13T09:15:00Z,NO5,154.94,15
2026-02-13T09:15:00Z,PL,108.79,15
2026-02-13T09:15:00Z,PT,1.34,15
2026-02-13T09:15:00Z,RO,109.45,15
2026-02-13T09:15:00Z,RS,96.00,15
2026-02-13T09:15:00Z,SE1,169.02,15
2026-02-13T09:15:00Z,SE2,169.19,15
2026-02-13T09:15:00Z,SE3,169.59,15
2026-02-13T09:15:00Z,SE4,169.73,15
2026-02-13T09:15:00Z,SI,109.93,15
2026-02-13T09:15:00Z,SK,109.19,15
2026-02-13T09:30:00Z,AT,107.39,15
2026-02-13T09:30:00Z,BE,97.72,15
2026-02-13T09:30:00Z,CZ,106.05,15
2026-02-13T09:30:00Z,DE-LU,104.38,15
2026-02-13T09:30:00Z,DK1,106.67,15
2026-02-13T09:30:00Z,DK2,175.99,15
2026-02-13T09:30:00Z,EE,175.85,15
2026-02-13T09:30:00Z,ES,0.91,15
2026-02-13T09:30:00Z,FI,175.85,15
2026-02-13T09:30:00Z,FR,77.57,15
2026-02-13T09:30:00Z,GR,65.00,15
2026-02-13T09:30:00Z,HR,107.44,15
2026-02-13T09:30:00Z,HU,106.75,15
2026-02-13T09:30:00Z,IT-CNorth,107.64,15
2026-02-13T09:30:00Z,IT-CSouth,107.64,15
2026-02-13T09:30:00Z,IT-North,107.64,15
2026-02-13T09:30:00Z,IT-Sardinia,75.00,15
2026-02-13T09:30:00Z,IT-Sicily,10.00,15
2026-02-13T09:30:00Z,IT-South,75.63,15
2026-02-13T09:30:00Z,LT,175.85,15
2026-02-13T09:30:00Z,LV,175.85,15
2026-02-13T09:30:00Z,NL,100.84,15
2026-02-13T09:30:00Z,NO1,174.79,15
2026-02-13T09:30:00Z,NO2,101.87,15
2026-02-13T09:30:00Z,NO3,170.77,15
2026-02-13T09:30:00Z,NO4,174.23,15
2026-02-13T09:30:00Z,NO5,159.02,15
2026-02-13T09:30:00Z,PL,105.83,15
2026-02-13T09:30:00Z,PT,0.91,15
2026-02-13T09:30:00Z,RO,106.87,15
2026-02-13T09:30:00Z,RS,96.00,15
2026-02-13T09:30:00Z,SE1,175.13,15
2026-02-13T09:30:00Z,SE2,175.33,15
2026-02-13T09:30:00Z,SE3,175.77,15
2026-02-13T09:30:00Z,SE4,175.94,15
2026-02-13T09:30:00Z,SI,107.64,15
2026-02-13T09:30:00Z,SK,106.47,15
2026-02-13T09:45:00Z,AT,103.71,15
2026-02-13T09:45:00Z,BE,93.71,15
2026-02-13T09:45:00Z,CZ,102.32,15
2026-02-13T09:45:00Z,DE-LU,100.60,15
2026-02-13T09:45:00Z,DK1,102.73,15
2026-02-13T09:45:00Z,DK2,167.50,15
2026-02-13T09:45:00Z,EE,167.38,15
2026-02-13T09:45:00Z,ES,0.34,15
2026-02-13T09:45:00Z,FI,167.37,15
2026-02-13T09:45:00Z,FR,72.89,15
2026-02-13T09:45:00Z,GR,65.00,15
2026-02-13T09:45:00Z,HR,103.76,15
2026-02-13T09:45:00Z,HU,103.05,15
2026-02-13T09:45:00Z,IT-CNorth,103.97,15
2026-02-13T09:45:00Z,IT-CSouth,103.97,15
2026-02-13T09:45:00Z,IT-North,103.97,15
2026-02-13T09:45:00Z,IT-Sardinia,85.00,15
2026-02-13T09:45:00Z,IT-Sicily,10.00,15
2026-02-13T09:45:00Z,IT-South,30.00,15
2026-02-13T09:45:00Z,LT,167.38,15
2026-02-13T09:45:00Z,LV,167.38,15
2026-02-13T09:45:00Z,NL,96.95,15
2026-02-13T09:45:00Z,NO1,166.44,15
2026-02-13T09:45:00Z,NO2,101.32,15
2026-02-13T09:45:00Z,NO3,162.84,15
2026-02-13T09:45:00Z,NO4,165.93,15
2026-02-13T09:45:00Z,NO5,152.35,15
2026-02-13T09:45:00Z,PL,102.10,15
2026-02-13T09:45:00Z,PT,0.34,15
2026-02-13T09:45:00Z,RO,103.18,15
2026-02-13T09:45:00Z,RS,96.00,15
2026-02-13T09:45:00Z,SE1,166.74,15
2026-02-13T09:45:00Z,SE2,166.91,15
2026-02-13T09:45:00Z,SE3,167.31,15
2026-02-13T09:45:00Z,SE4,167.46,15
2026-02-13T09:45:00Z,SI,103.97,15
2026-02-13T09:45:00Z,SK,102.76,15
2026-02-13T10:00:00Z,AT,107.35,15
2026-02-13T10:00:00Z,BE,98.49,15
2026-02-13T10:00:00Z,CH,102.45,60
2026-02-13T10:00:00Z,CZ,105.95,15
2026-02-13T10:00:00Z,DE-LU,104.18,15
2026-02-13T10:00:00Z,DK1,105.62,15
2026-02-13T10:00:00Z,DK2,152.57,15
2026-02-13T10:00:00Z,EE,152.48,15
2026-02-13T10:00:00Z,ES,0.29,15
2026-02-13T10:00:00Z,FI,152.48,15
2026-02-13T10:00:00Z,FR,77.15,15
2026-02-13T10:00:00Z,GR,65.00,15
2026-02-13T10:00:00Z,HR,107.40,15
2026-02-13T10:00:00Z,HU,106.68,15
2026-02-13T10:00:00Z,IT-CNorth,107.61,15
2026-02-13T10:00:00Z,IT-CSouth,107.61,15
2026-02-13T10:00:00Z,IT-North,107.61,15
2026-02-13T10:00:00Z,IT-Sardinia,75.00,15
2026-02-13T10:00:00Z,IT-Sicily,3.00,15
2026-02-13T10:00:00Z,IT-South,3.00,15
2026-02-13T10:00:00Z,LT,152.48,15
2026-02-13T10:00:00Z,LV,152.48,15
2026-02-13T10:00:00Z,NL,100.85,15
2026-02-13T10:00:00Z,NO1,151.75,15
2026-02-13T10:00:00Z,NO2,101.87,15
2026-02-13T10:00:00Z,NO3,149.00,15
2026-02-13T10:00:00Z,NO4,151.37,15
2026-02-13T10:00:00Z,NO5,141.24,15
2026-02-13T10:00:00Z,PL,105.72,15
2026-02-13T10:00:00Z,PT,0.29,15
2026-02-13T10:00:00Z,RO,106.81,15
2026-02-13T10:00:00Z,RS,80.61,15
2026-02-13T10:00:00Z,SE1,151.99,15
2026-02-13T10:00:00Z,SE2,152.12,15
2026-02-13T10:00:00Z,SE3,152.43,15
2026-02-13T10:00:00Z,SE4,152.54,15
2026-02-13T10:00:00Z,SI,107.61,15
2026-02-13T10:00:00Z,SK,106.38,15
2026-02-13T10:15:00Z,AT,104.94,15
2026-02-13T10:15:00Z,BE,95.91,15
2026-02-13T10:15:00Z,CZ,103.51,15
2026-02-13T10:15:00Z,DE-LU,101.70,15
2026-02-13T10:15:00Z,DK1,103.45,15
2026-02-13T10:15:00Z,DK2,160.19,15
2026-02-13T10:15:00Z,EE,160.07,15
2026-02-13T10:15:00Z,ES,0.03,15
2026-02-13T10:15:00Z,FI,160.07,15
2026-02-13T10:15:00Z,FR,74.20,15
2026-02-13T10:15:00Z,GR,40.35,15
2026-02-13T10:15:00Z,HR,104.99,15
2026-02-13T10:15:00Z,HU,104.25,15
2026-02-13T10:15:00Z,IT-CNorth,105.20,15
2026-02-13T10:15:00Z,IT-CSouth,105.20,15
2026-02-13T10:15:00Z,IT-North,105.20,15
2026-02-13T10:15:00Z,IT-Sardinia,75.00,15
2026-02-13T10:15:00Z,IT-Sicily,3.00,15
2026-02-13T10:15:00Z,IT-South,3.00,15
2026-02-13T10:15:00Z,LT,160.07,15
2026-02-13T10:15:00Z,LV,160.07,15
2026-02-13T10:15:00Z,NL,98.32,15
2026-02-13T10:15:00Z,NO1,159.23,15
2026-02-13T10:15:00Z,NO2,101.34,15
2026-02-13T10:15:00Z,NO3,156.03,15
2026-02-13T10:15:00Z,NO4,158.79,15
2026-02-13T10:15:00Z,NO5,147.03,15
2026-02-13T10:15:00Z,PL,103.28,15
2026-02-13T10:15:00Z,PT,0.03,15
2026-02-13T10:15:00Z,RO,104.38,15
2026-02-13T10:15:00Z,RS,80.61,15
2026-02-13T10:15:00Z,SE1,159.51,15
2026-02-13T10:15:00Z,SE2,159.66,15
2026-02-13T10:15:00Z,SE3,160.02,15
2026-02-13T10:15:00Z,SE4,160.15,15
2026-02-13T10:15:00Z,SI,105.20,15
2026-02-13T10:15:00Z,SK,103.95,15
2026-02-13T10:30:00Z,AT,101.80,15
2026-02-13T10:30:00Z,BE,95.49,15
2026-02-13T10:30:00Z,CZ,100.80,15
2026-02-13T10:30:00Z,DE-LU,99.54,15
2026-02-13T10:30:00Z,DK1,101.50,15
2026-02-13T10:30:00Z,DK2,165.13,15
2026-02-13T10:30:00Z,EE,165.00,15
2026-02-13T10:30:00Z,ES,0.01,15
2026-02-13T10:30:00Z,FI,165.00,15
2026-02-13T10:30:00Z,FR,80.30,15
2026-02-13T10:30:00Z,GR,0.01,15
2026-02-13T10:30:00Z,HR,101.84,15
2026-02-13T10:30:00Z,HU,101.33,15
2026-02-13T10:30:00Z,IT-CNorth,101.99,15
2026-02-13T10:30:00Z,IT-CSouth,101.99,15
2026-02-13T10:30:00Z,IT-North,101.99,15
2026-02-13T10:30:00Z,IT-Sardinia,83.94,15
2026-02-13T10:30:00Z,IT-Sicily,0.32,15
2026-02-13T10:30:00Z,IT-South,0.32,15
2026-02-13T10:30:00Z,LT,165.00,15
2026-02-13T10:30:00Z,LV,165.00,15
2026-02-13T10:30:00Z,NL,97.17,15
2026-02-13T10:30:00Z,NO1,164.08,15
2026-02-13T10:30:00Z,NO2,101.02,15
2026-02-13T10:30:00Z,NO3,160.60,15
2026-02-13T10:30:00Z,NO4,163.61,15
2026-02-13T10:30:00Z,NO5,150.79,15
2026-02-13T10:30:00Z,PL,100.64,15
2026-02-13T10:30:00Z,PT,0.01,15
2026-02-13T10:30:00Z,RO,101.42,15
2026-02-13T10:30:00Z,RS,80.61,15
2026-02-13T10:30:00Z,SE1,164.39,15
2026-02-13T10:30:00Z,SE2,164.55,15
2026-02-13T10:30:00Z,SE3,164.94,15
2026-02-13T10:30:00Z,SE4,165.08,15
2026-02-13T10:30:00Z,SI,101.99,15
2026-02-13T10:30:00Z,SK,101.11,15
2026-02-13T10:45:00Z,AT,100.49,15
2026-02-13T10:45:00Z,BE,95.50,15
2026-02-13T10:45:00Z,CZ,99.70,15
2026-02-13T10:45:00Z,DE-LU,98.70,15
2026-02-13T10:45:00Z,DK1,100.68,15
2026-02-13T10:45:00Z,DK2,165.13,15
2026-02-13T10:45:00Z,EE,165.01,15
2026-02-13T10:45:00Z,ES,0.00,15
2026-02-13T10:45:00Z,FI,165.01,15
2026-02-13T10:45:00Z,FR,83.50,15
2026-02-13T10:45:00Z,GR,28.54,15
2026-02-13T10:45:00Z,HR,100.52,15
2026-02-13T10:45:00Z,HU,100.11,15
2026-02-13T10:45:00Z,IT-CNorth,100.64,15
2026-02-13T10:45:00Z,IT-CSouth,100.64,15
2026-02-13T10:45:00Z,IT-North,100.64,15
2026-02-13T10:45:00Z,IT-Sardinia,97.94,15
2026-02-13T10:45:00Z,IT-Sicily,1.00,15
2026-02-13T10:45:00Z,IT-South,1.00,15
2026-02-13T10:45:00Z,LT,165.01,15
2026-02-13T10:45:00Z,LV,165.01,15
2026-02-13T10:45:00Z,NL,96.83,15
2026-02-13T10:45:00Z,NO1,164.08,15
2026-02-13T10:45:00Z,NO2,100.49,15
2026-02-13T10:45:00Z,NO3,160.57,15
2026-02-13T10:45:00Z,NO4,163.60,15
2026-02-13T10:45:00Z,NO5,150.67,15
2026-02-13T10:45:00Z,PL,99.57,15
2026-02-13T10:45:00Z,PT,0.00,15
2026-02-13T10:45:00Z,RO,100.19,15
2026-02-13T10:45:00Z,RS,80.61,15
2026-02-13T10:45:00Z,SE1,164.38,15
2026-02-13T10:45:00Z,SE2,164.55,15
2026-02-13T10:45:00Z,SE3,164.94,15
2026-02-13T10:45:00Z,SE4,165.09,15
2026-02-13T10:45:00Z,SI,100.64,15
2026-02-13T10:45:00Z,SK,99.95,15
2026-02-13T11:00:00Z,AT,100.35,15
2026-02-13T11:00:00Z,BE,94.86,15
2026-02-13T11:00:00Z,CH,98.22,60
2026-02-13T11:00:00Z,CZ,99.59,15
2026-02-13T11:00:00Z,DE-LU,98.62,15
2026-02-13T11:00:00Z,DK1,98.62,15
2026-02-13T11:00:00Z,DK2,166.15,15
2026-02-13T11:00:00Z,EE,166.02,15
2026-02-13T11:00:00Z,ES,0.00,15
2026-02-13T11:00:00Z,FI,166.02,15
2026-02-13T11:00:00Z,FR,83.45,15
2026-02-13T11:00:00Z,GR,45.70,15
2026-02-13T11:00:00Z,HR,100.38,15
2026-02-13T11:00:00Z,HU,99.98,15
2026-02-13T11:00:00Z,IT-CNorth,100.49,15
2026-02-13T11:00:00Z,IT-CSouth,100.49,15
2026-02-13T11:00:00Z,IT-North,100.49,15
2026-02-13T11:00:00Z,IT-Sardinia,97.94,15
2026-02-13T11:00:00Z,IT-Sicily,3.97,15
2026-02-13T11:00:00Z,IT-South,3.97,15
2026-02-13T11:00:00Z,LT,166.02,15
2026-02-13T11:00:00Z,LV,166.02,15
2026-02-13T11:00:00Z,NL,96.83,15
2026-02-13T11:00:00Z,NO1,165.09,15
2026-02-13T11:00:00Z,NO2,101.16,15
2026-02-13T11:00:00Z,NO3,161.56,15
2026-02-13T11:00:00Z,NO4,164.61,15
2026-02-13T11:00:00Z,NO5,151.67,15
2026-02-13T11:00:00Z,PL,99.47,15
2026-02-13T11:00:00Z,PT,0.00,15
2026-02-13T11:00:00Z,RO,100.05,15
2026-02-13T11:00:00Z,RS,73.05,15
2026-02-13T11:00:00Z,SE1,165.40,15
2026-02-13T11:00:00Z,SE2,165.57,15
2026-02-13T11:00:00Z,SE3,165.96,15
2026-02-13T11:00:00Z,SE4,166.11,15
2026-02-13T11:00:00Z,SI,100.49,15
2026-02-13T11:00:00Z,SK,99.82,15
2026-02-13T11:15:00Z,AT,99.69,15
2026-02-13T11:15:00Z,BE,92.45,15
2026-02-13T11:15:00Z,CZ,98.69,15
2026-02-13T11:15:00Z,DE-LU,97.41,15
2026-02-13T11:15:00Z,DK1,97.41,15
2026-02-13T11:15:00Z,DK2,168.88,15
2026-02-13T11:15:00Z,EE,168.75,15
2026-02-13T11:15:00Z,ES,0.00,15
2026-02-13T11:15:00Z,FI,168.75,15
2026-02-13T11:15:00Z,FR,77.41,15
2026-02-13T11:15:00Z,GR,37.95,15
2026-02-13T11:15:00Z,HR,99.73,15
2026-02-13T11:15:00Z,HU,99.21,15
2026-02-13T11:15:00Z,IT-CNorth,99.88,15
2026-02-13T11:15:00Z,IT-CSouth,99.88,15
2026-02-13T11:15:00Z,IT-North,99.88,15
2026-02-13T11:15:00Z,IT-Sardinia,97.94,15
2026-02-13T11:15:00Z,IT-Sicily,5.00,15
2026-02-13T11:15:00Z,IT-South,5.00,15
2026-02-13T11:15:00Z,LT,168.75,15
2026-02-13T11:15:00Z,LV,168.75,15
2026-02-13T11:15:00Z,NL,95.04,15
2026-02-13T11:15:00Z,NO1,167.77,15
2026-02-13T11:15:00Z,NO2,100.46,15
2026-02-13T11:15:00Z,NO3,164.05,15
2026-02-13T11:15:00Z,NO4,167.26,15
2026-02-13T11:15:00Z,NO5,153.63,15
2026-02-13T11:15:00Z,PL,98.53,15
2026-02-13T11:15:00Z,PT,0.00,15
2026-02-13T11:15:00Z,RO,99.30,15
2026-02-13T11:15:00Z,RS,73.05,15
2026-02-13T11:15:00Z,SE1,168.09,15
2026-02-13T11:15:00Z,SE2,168.27,15
2026-02-13T11:15:00Z,SE3,168.68,15
2026-02-13T11:15:00Z,SE4,168.84,15
2026-02-13T11:15:00Z,SI,99.88,15
2026-02-13T11:15:00Z,SK,99.00,15
2026-02-13T11:30:00Z,AT,98.80,15
2026-02-13T11:30:00Z,BE,93.18,15
2026-02-13T11:30:00Z,CZ,98.02,15
2026-02-13T11:30:00Z,DE-LU,97.03,15
2026-02-13T11:30:00Z,DK1,97.03,15
2026-02-13T11:30:00Z,DK2,166.53,15
2026-02-13T11:30:00Z,EE,172.54,15
2026-02-13T11:30:00Z,ES,0.00,15
2026-02-13T11:30:00Z,FI,172.53,15
2026-02-13T11:30:00Z,FR,81.50,15
2026-02-13T11:30:00Z,GR,37.95,15
2026-02-13T11:30:00Z,HR,98.83,15
2026-02-13T11:30:00Z,HU,98.43,15
2026-02-13T11:30:00Z,IT-CNorth,98.80,15
2026-02-13T11:30:00Z,IT-CSouth,98.80,15
2026-02-13T11:30:00Z,IT-North,98.80,15
2026-02-13T11:30:00Z,IT-Sardinia,98.80,15
2026-02-13T11:30:00Z,IT-Sicily,10.00,15
2026-02-13T11:30:00Z,IT-South,27.61,15
2026-02-13T11:30:00Z,LT,172.54,15
2026-02-13T11:30:00Z,LV,172.54,15
2026-02-13T11:30:00Z,NL,95.19,15
2026-02-13T11:30:00Z,NO1,165.45,15
2026-02-13T11:30:00Z,NO2,100.07,15
2026-02-13T11:30:00Z,NO3,161.86,15
2026-02-13T11:30:00Z,NO4,165.13,15
2026-02-13T11:30:00Z,NO5,151.73,15
2026-02-13T11:30:00Z,PL,97.90,15
2026-02-13T11:30:00Z,PT,0.00,15
2026-02-13T11:30:00Z,RO,98.50,15
2026-02-13T11:30:00Z,RS,73.05,15
2026-02-13T11:30:00Z,SE1,165.75,15
2026-02-13T11:30:00Z,SE2,165.93,15
2026-02-13T11:30:00Z,SE3,166.34,15
2026-02-13T11:30:00Z,SE4,166.49,15
2026-02-13T11:30:00Z,SI,98.95,15
2026-02-13T11:30:00Z,SK,98.26,15
2026-02-13T11:45:00Z,AT,98.95,15
2026-02-13T11:45:00Z,BE,90.04,15
2026-02-13T11:45:00Z,CZ,97.71,15
2026-02-13T11:45:00Z,DE-LU,96.14,15
2026-02-13T11:45:00Z,DK1,96.14,15
2026-02-13T11:45:00Z,DK2,149.25,15
2026-02-13T11:45:00Z,EE,165.03,15
2026-02-13T11:45:00Z,ES,0.00,15
2026-02-13T11:45:00Z,FI,165.01,15
2026-02-13T11:45:00Z,FR,71.51,15
2026-02-13T11:45:00Z,GR,55.90,15
2026-02-13T11:45:00Z,HR,99.00,15
2026-02-13T11:45:00Z,HU,98.36,15
2026-02-13T11:45:00Z,IT-CNorth,98.80,15
2026-02-13T11:45:00Z,IT-CSouth,98.80,15
2026-02-13T11:45:00Z,IT-North,98.80,15
2026-02-13T11:45:00Z,IT-Sardinia,98.80,15
2026-02-13T11:45:00Z,IT-Sicily,10.00,15
2026-02-13T11:45:00Z,IT-South,39.04,15
2026-02-13T11:45:00Z,LT,165.03,15
2026-02-13T11:45:00Z,LV,165.03,15
2026-02-13T11:45:00Z,NL,93.23,15
2026-02-13T11:45:00Z,NO1,148.45,15
2026-02-13T11:45:00Z,NO2,99.17,15
2026-02-13T11:45:00Z,NO3,145.76,15
2026-02-13T11:45:00Z,NO4,148.52,15
2026-02-13T11:45:00Z,NO5,138.11,15
2026-02-13T11:45:00Z,PL,97.52,15
2026-02-13T11:45:00Z,PT,0.00,15
2026-02-13T11:45:00Z,RO,98.47,15
2026-02-13T11:45:00Z,RS,73.05,15
2026-02-13T11:45:00Z,SE1,148.65,15
2026-02-13T11:45:00Z,SE2,148.80,15
2026-02-13T11:45:00Z,SE3,149.10,15
2026-02-13T11:45:00Z,SE4,149.22,15
2026-02-13T11:45:00Z,SI,99.18,15
2026-02-13T11:45:00Z,SK,98.10,15
2026-02-13T12:00:00Z,AT,98.80,15
2026-02-13T12:00:00Z,BE,91.47,15
2026-02-13T12:00:00Z,CH,99.97,60
2026-02-13T12:00:00Z,CZ,97.78,15
2026-02-13T12:00:00Z,DE-LU,96.49,15
2026-02-13T12:00:00Z,DK1,96.49,15
2026-02-13T12:00:00Z,DK2,159.06,15
2026-02-13T12:00:00Z,EE,158.95,15
2026-02-13T12:00:00Z,ES,0.00,15
2026-02-13T12:00:00Z,FI,158.95,15
2026-02-13T12:00:00Z,FR,76.08,15
2026-02-13T12:00:00Z,GR,65.00,15
2026-02-13T12:00:00Z,HR,98.84,15
2026-02-13T12:00:00Z,HU,98.31,15
2026-02-13T12:00:00Z,IT-CNorth,98.80,15
2026-02-13T12:00:00Z,IT-CSouth,98.80,15
2026-02-13T12:00:00Z,IT-North,98.80,15
2026-02-13T12:00:00Z,IT-Sardinia,98.80,15
2026-02-13T12:00:00Z,IT-Sicily,10.00,15
2026-02-13T12:00:00Z,IT-South,24.46,15
2026-02-13T12:00:00Z,LT,158.95,15
2026-02-13T12:00:00Z,LV,158.95,15
2026-02-13T12:00:00Z,NL,93.98,15
2026-02-13T12:00:00Z,NO1,158.09,15
2026-02-13T12:00:00Z,NO2,99.52,15
2026-02-13T12:00:00Z,NO3,154.86,15
2026-02-13T12:00:00Z,NO4,157.65,15
2026-02-13T12:00:00Z,NO5,145.81,15
2026-02-13T12:00:00Z,PL,97.62,15
2026-02-13T12:00:00Z,PT,0.00,15
2026-02-13T12:00:00Z,RO,98.41,15
2026-02-13T12:00:00Z,RS,85.04,15
2026-02-13T12:00:00Z,SE1,158.37,15
2026-02-13T12:00:00Z,SE2,158.53,15
2026-02-13T12:00:00Z,SE3,158.89,15
2026-02-13T12:00:00Z,SE4,159.03,15
2026-02-13T12:00:00Z,SI,98.99,15
2026-02-13T12:00:00Z,SK,98.10,15
2026-02-13T12:15:00Z,AT,99.86,15
2026-02-13T12:15:00Z,BE,90.59,15
2026-02-13T12:15:00Z,CZ,98.57,15
2026-02-13T12:15:00Z,DE-LU,96.94,15
2026-02-13T12:15:00Z,DK1,96.94,15
2026-02-13T12:15:00Z,DK2,150.76,15
2026-02-13T12:15:00Z,EE,150.67,15
2026-02-13T12:15:00Z,ES,0.00,15
2026-02-13T12:15:00Z,FI,150.67,15
2026-02-13T12:15:00Z,FR,71.13,15
2026-02-13T12:15:00Z,GR,65.00,15
2026-02-13T12:15:00Z,HR,99.91,15
2026-02-13T12:15:00Z,HU,99.24,15
2026-02-13T12:15:00Z,IT-CNorth,99.86,15
2026-02-13T12:15:00Z,IT-CSouth,99.86,15
2026-02-13T12:15:00Z,IT-North,99.86,15
2026-02-13T12:15:00Z,IT-Sardinia,99.86,15
2026-02-13T12:15:00Z,IT-Sicily,10.00,15
2026-02-13T12:15:00Z,IT-South,45.00,15
2026-02-13T12:15:00Z,LT,150.67,15
2026-02-13T12:15:00Z,LV,150.67,15
2026-02-13T12:15:00Z,NL,93.76,15
2026-02-13T12:15:00Z,NO1,149.94,15
2026-02-13T12:15:00Z,NO2,99.99,15
2026-02-13T12:15:00Z,NO3,147.18,15
2026-02-13T12:15:00Z,NO4,149.56,15
2026-02-13T12:15:00Z,NO5,139.46,15
2026-02-13T12:15:00Z,PL,98.36,15
2026-02-13T12:15:00Z,PT,0.00,15
2026-02-13T12:15:00Z,RO,99.36,15
2026-02-13T12:15:00Z,RS,85.04,15
2026-02-13T12:15:00Z,SE1,150.18,15
2026-02-13T12:15:00Z,SE2,150.31,15
2026-02-13T12:15:00Z,SE3,150.61,15
2026-02-13T12:15:00Z,SE4,150.73,15
2026-02-13T12:15:00Z,SI,100.10,15
2026-02-13T12:15:00Z,SK,98.97,15
2026-02-13T12:30:00Z,AT,102.46,15
2026-02-13T12:30:00Z,BE,90.24,15
2026-02-13T12:30:00Z,CZ,100.76,15
2026-02-13T12:30:00Z,DE-LU,98.61,15
2026-02-13T12:30:00Z,DK1,98.61,15
2026-02-13T12:30:00Z,DK2,150.09,15
2026-02-13T12:30:00Z,EE,150.00,15
2026-02-13T12:30:00Z,ES,0.00,15
2026-02-13T12:30:00Z,FI,150.00,15
2026-02-13T12:30:00Z,FR,64.56,15
2026-02-13T12:30:00Z,GR,67.39,15
2026-02-13T12:30:00Z,HR,102.53,15
2026-02-13T12:30:00Z,HU,101.65,15
2026-02-13T12:30:00Z,IT-CNorth,101.99,15
2026-02-13T12:30:00Z,IT-CSouth,101.99,15
2026-02-13T12:30:00Z,IT-North,101.99,15
2026-02-13T12:30:00Z,IT-Sardinia,101.99,15
2026-02-13T12:30:00Z,IT-Sicily,10.00,15
2026-02-13T12:30:00Z,IT-South,84.28,15
2026-02-13T12:30:00Z,LT,150.00,15
2026-02-13T12:30:00Z,LV,150.00,15
2026-02-13T12:30:00Z,NL,94.42,15
2026-02-13T12:30:00Z,NO1,149.28,15
2026-02-13T12:30:00Z,NO2,100.13,15
2026-02-13T12:30:00Z,NO3,146.56,15
2026-02-13T12:30:00Z,NO4,148.90,15
2026-02-13T12:30:00Z,NO5,138.97,15
2026-02-13T12:30:00Z,PL,100.49,15
2026-02-13T12:30:00Z,PT,0.00,15
2026-02-13T12:30:00Z,RO,101.81,15
2026-02-13T12:30:00Z,RS,85.04,15
2026-02-13T12:30:00Z,SE1,149.51,15
2026-02-13T12:30:00Z,SE2,149.64,15
2026-02-13T12:30:00Z,SE3,149.94,15
2026-02-13T12:30:00Z,SE4,150.06,15
2026-02-13T12:30:00Z,SI,102.78,15
2026-02-13T12:30:00Z,SK,101.29,15
2026-02-13T12:45:00Z,AT,101.99,15
2026-02-13T12:45:00Z,BE,89.13,15
2026-02-13T12:45:00Z,CZ,100.20,15
2026-02-13T12:45:00Z,DE-LU,97.94,15
2026-02-13T12:45:00Z,DK1,97.94,15
2026-02-13T12:45:00Z,DK2,148.10,15
2026-02-13T12:45:00Z,EE,150.00,15
2026-02-13T12:45:00Z,ES,0.00,15
2026-02-13T12:45:00Z,FI,149.99,15
2026-02-13T12:45:00Z,FR,62.10,15
2026-02-13T12:45:00Z,GR,45.85,15
2026-02-13T12:45:00Z,HR,102.06,15
2026-02-13T12:45:00Z,HU,101.13,15
2026-02-13T12:45:00Z,IT-CNorth,101.99,15
2026-02-13T12:45:00Z,IT-CSouth,101.99,15
2026-02-13T12:45:00Z,IT-North,101.99,15
2026-02-13T12:45:00Z,IT-Sardinia,101.99,15
2026-02-13T12:45:00Z,IT-Sicily,10.00,15
2026-02-13T12:45:00Z,IT-South,89.50,15
2026-02-13T12:45:00Z,LT,150.00,15
2026-02-13T12:45:00Z,LV,150.00,15
2026-02-13T12:45:00Z,NL,93.53,15
2026-02-13T12:45:00Z,NO1,147.32,15
2026-02-13T12:45:00Z,NO2,100.12,15
2026-02-13T12:45:00Z,NO3,144.72,15
2026-02-13T12:45:00Z,NO4,147.02,15
2026-02-13T12:45:00Z,NO5,137.42,15
2026-02-13T12:45:00Z,PL,99.92,15
2026-02-13T12:45:00Z,PT,0.00,15
2026-02-13T12:45:00Z,RO,101.30,15
2026-02-13T12:45:00Z,RS,85.04,15
2026-02-13T12:45:00Z,SE1,147.54,15
2026-02-13T12:45:00Z,SE2,147.67,15
2026-02-13T12:45:00Z,SE3,147.96,15
2026-02-13T12:45:00Z,SE4,148.07,15
2026-02-13T12:45:00Z,SI,102.33,15
2026-02-13T12:45:00Z,SK,100.76,15
2026-02-13T13:00:00Z,AT,101.68,15
2026-02-13T13:00:00Z,BE,93.00,15
2026-02-13T13:00:00Z,CH,102.00,60
2026-02-13T13:00:00Z,CZ,100.46,15
2026-02-13T13:00:00Z,DE-LU,98.93,15
2026-02-13T13:00:00Z,DK1,98.93,15
2026-02-13T13:00:00Z,DK2,145.14,15
2026-02-13T13:00:00Z,EE,150.00,15
2026-02-13T13:00:00Z,ES,0.00,15
2026-02-13T13:00:00Z,FI,150.00,15
2026-02-13T13:00:00Z,FR,74.71,15
2026-02-13T13:00:00Z,GR,92.00,15
2026-02-13T13:00:00Z,HR,101.71,15
2026-02-13T13:00:00Z,HU,101.09,15
2026-02-13T13:00:00Z,IT-CNorth,101.90,15
2026-02-13T13:00:00Z,IT-CSouth,101.90,15
2026-02-13T13:00:00Z,IT-North,101.90,15
2026-02-13T13:00:00Z,IT-Sardinia,101.90,15
2026-02-13T13:00:00Z,IT-Sicily,10.00,15
2026-02-13T13:00:00Z,IT-South,83.26,15
2026-02-13T13:00:00Z,LT,150.00,15
2026-02-13T13:00:00Z,LV,150.00,15
2026-02-13T13:00:00Z,NL,96.12,15
2026-02-13T13:00:00Z,NO1,144.40,15
2026-02-13T13:00:00Z,NO2,99.39,15
2026-02-13T13:00:00Z,NO3,141.92,15
2026-02-13T13:00:00Z,NO4,144.20,15
2026-02-13T13:00:00Z,NO5,134.99,15
2026-02-13T13:00:00Z,PL,100.27,15
2026-02-13T13:00:00Z,PT,0.00,15
2026-02-13T13:00:00Z,RO,101.21,15
2026-02-13T13:00:00Z,RS,92.00,15
2026-02-13T13:00:00Z,SE1,144.60,15
2026-02-13T13:00:00Z,SE2,144.73,15
2026-02-13T13:00:00Z,SE3,145.00,15
2026-02-13T13:00:00Z,SE4,145.11,15
2026-02-13T13:00:00Z,SI,101.90,15
2026-02-13T13:00:00Z,SK,100.84,15
2026-02-13T13:15:00Z,AT,102.77,15
2026-02-13T13:15:00Z,BE,93.21,15
2026-02-13T13:15:00Z,CZ,101.42,15
2026-02-13T13:15:00Z,DE-LU,99.74,15
2026-02-13T13:15:00Z,DK1,99.74,15
2026-02-13T13:15:00Z,DK2,145.03,15
2026-02-13T13:15:00Z,EE,150.00,15
2026-02-13T13:15:00Z,ES,0.00,15
2026-02-13T13:15:00Z,FI,150.00,15
2026-02-13T13:15:00Z,FR,73.08,15
2026-02-13T13:15:00Z,GR,91.57,15
2026-02-13T13:15:00Z,HR,102.80,15
2026-02-13T13:15:00Z,HU,102.12,15
2026-02-13T13:15:00Z,IT-CNorth,103.01,15
2026-02-13T13:15:00Z,IT-CSouth,103.01,15
2026-02-13T13:15:00Z,IT-North,103.01,15
2026-02-13T13:15:00Z,IT-Sardinia,103.01,15
2026-02-13T13:15:00Z,IT-Sicily,30.00,15
2026-02-13T13:15:00Z,IT-South,87.93,15
2026-02-13T13:15:00Z,LT,150.00,15
2026-02-13T13:15:00Z,LV,150.00,15
2026-02-13T13:15:00Z,NL,96.65,15
2026-02-13T13:15:00Z,NO1,144.32,15
2026-02-13T13:15:00Z,NO2,100.75,15
2026-02-13T13:15:00Z,NO3,141.92,15
2026-02-13T13:15:00Z,NO4,144.13,15
2026-02-13T13:15:00Z,NO5,135.21,15
2026-02-13T13:15:00Z,PL,101.21,15
2026-02-13T13:15:00Z,PT,0.00,15
2026-02-13T13:15:00Z,RO,102.25,15
2026-02-13T13:15:00Z,RS,92.00,15
2026-02-13T13:15:00Z,SE1,144.52,15
2026-02-13T13:15:00Z,SE2,144.64,15
2026-02-13T13:15:00Z,SE3,144.90,15
2026-02-13T13:15:00Z,SE4,145.01,15
2026-02-13T13:15:00Z,SI,103.01,15
2026-02-13T13:15:00Z,SK,101.84,15
2026-02-13T13:30:00Z,AT,107.04,15
2026-02-13T13:30:00Z,BE,96.20,15
2026-02-13T13:30:00Z,CZ,105.51,15
2026-02-13T13:30:00Z,DE-LU,103.60,15
2026-02-13T13:30:00Z,DK1,103.60,15
2026-02-13T13:30:00Z,DK2,145.03,15
2026-02-13T13:30:00Z,EE,150.00,15
2026-02-13T13:30:00Z,ES,0.00,15
2026-02-13T13:30:00Z,FI,150.00,15
2026-02-13T13:30:00Z,FR,73.38,15
2026-02-13T13:30:00Z,GR,86.01,15
2026-02-13T13:30:00Z,HR,107.07,15
2026-02-13T13:30:00Z,HU,106.30,15
2026-02-13T13:30:00Z,IT-CNorth,107.04,15
2026-02-13T13:30:00Z,IT-CSouth,107.04,15
2026-02-13T13:30:00Z,IT-North,107.04,15
2026-02-13T13:30:00Z,IT-Sardinia,107.04,15
2026-02-13T13:30:00Z,IT-Sicily,82.24,15
2026-02-13T13:30:00Z,IT-South,89.52,15
2026-02-13T13:30:00Z,LT,150.00,15
2026-02-13T13:30:00Z,LV,150.00,15
2026-02-13T13:30:00Z,NL,100.10,15
2026-02-13T13:30:00Z,NO1,144.33,15
2026-02-13T13:30:00Z,NO2,101.48,15
2026-02-13T13:30:00Z,NO3,141.97,15
2026-02-13T13:30:00Z,NO4,144.15,15
2026-02-13T13:30:00Z,NO5,135.37,15
2026-02-13T13:30:00Z,PL,105.27,15
2026-02-13T13:30:00Z,PT,0.00,15
2026-02-13T13:30:00Z,RO,106.45,15
2026-02-13T13:30:00Z,RS,92.00,15
2026-02-13T13:30:00Z,SE1,144.52,15
2026-02-13T13:30:00Z,SE2,144.64,15
2026-02-13T13:30:00Z,SE3,144.91,15
2026-02-13T13:30:00Z,SE4,145.01,15
2026-02-13T13:30:00Z,SI,107.31,15
2026-02-13T13:30:00Z,SK,105.98,15
2026-02-13T13:45:00Z,AT,109.45,15
2026-02-13T13:45:00Z,BE,98.84,15
2026-02-13T13:45:00Z,CZ,107.95,15
2026-02-13T13:45:00Z,DE-LU,106.09,15
2026-02-13T13:45:00Z,DK1,106.09,15
2026-02-13T13:45:00Z,DK2,145.13,15
2026-02-13T13:45:00Z,EE,150.00,15
2026-02-13T13:45:00Z,ES,-0.01,15
2026-02-13T13:45:00Z,FI,150.00,15
2026-02-13T13:45:00Z,FR,76.50,15
2026-02-13T13:45:00Z,GR,85.30,15
2026-02-13T13:45:00Z,HR,109.49,15
2026-02-13T13:45:00Z,HU,108.73,15
2026-02-13T13:45:00Z,IT-CNorth,109.45,15
2026-02-13T13:45:00Z,IT-CSouth,109.45,15
2026-02-13T13:45:00Z,IT-North,109.45,15
2026-02-13T13:45:00Z,IT-Sardinia,109.45,15
2026-02-13T13:45:00Z,IT-Sicily,85.00,15
2026-02-13T13:45:00Z,IT-South,94.17,15
2026-02-13T13:45:00Z,LT,150.00,15
2026-02-13T13:45:00Z,LV,150.00,15
2026-02-13T13:45:00Z,NL,102.66,15
2026-02-13T13:45:00Z,NO1,144.44,15
2026-02-13T13:45:00Z,NO2,102.44,15
2026-02-13T13:45:00Z,NO3,142.12,15
2026-02-13T13:45:00Z,NO4,144.26,15
2026-02-13T13:45:00Z,NO5,135.66,15
2026-02-13T13:45:00Z,PL,107.72,15
2026-02-13T13:45:00Z,PT,-0.01,15
2026-02-13T13:45:00Z,RO,108.87,15
2026-02-13T13:45:00Z,RS,92.00,15
2026-02-13T13:45:00Z,SE1,144.63,15
2026-02-13T13:45:00Z,SE2,144.74,15
2026-02-13T13:45:00Z,SE3,145.00,15
2026-02-13T13:45:00Z,SE4,145.10,15
2026-02-13T13:45:00Z,SI,109.72,15
2026-02-13T13:45:00Z,SK,108.42,15
2026-02-13T14:00:00Z,AT,107.64,15
2026-02-13T14:00:00Z,BE,98.83,15
2026-02-13T14:00:00Z,CH,117.20,60
2026-02-13T14:00:00Z,CZ,108.44,15
2026-02-13T14:00:00Z,DE-LU,105.73,15
2026-02-13T14:00:00Z,DK1,107.05,15
2026-02-13T14:00:00Z,DK2,147.50,15
2026-02-13T14:00:00Z,EE,150.00,15
2026-02-13T14:00:00Z,ES,-0.01,15
2026-02-13T14:00:00Z,FI,149.99,15
2026-02-13T14:00:00Z,FR,74.55,15
2026-02-13T14:00:00Z,GR,65.00,15
2026-02-13T14:00:00Z,HR,104.01,15
2026-02-13T14:00:00Z,HU,108.75,15
2026-02-13T14:00:00Z,IT-CNorth,105.56,15
2026-02-13T14:00:00Z,IT-CSouth,105.56,15
2026-02-13T14:00:00Z,IT-North,105.56,15
2026-02-13T14:00:00Z,IT-Sardinia,105.56,15
2026-02-13T14:00:00Z,IT-Sicily,105.56,15
2026-02-13T14:00:00Z,IT-South,105.56,15
2026-02-13T14:00:00Z,LT,150.00,15
2026-02-13T14:00:00Z,LV,150.00,15
2026-02-13T14:00:00Z,NL,99.21,15
2026-02-13T14:00:00Z,NO1,146.78,15
2026-02-13T14:00:00Z,NO2,102.42,15
2026-02-13T14:00:00Z,NO3,144.33,15
2026-02-13T14:00:00Z,NO4,146.51,15
2026-02-13T14:00:00Z,NO5,137.48,15
2026-02-13T14:00:00Z,PL,110.47,15
2026-02-13T14:00:00Z,PT,-0.01,15
2026-02-13T14:00:00Z,RO,124.61,15
2026-02-13T14:00:00Z,RS,96.00,15
2026-02-13T14:00:00Z,SE1,146.98,15
2026-02-13T14:00:00Z,SE2,147.10,15
2026-02-13T14:00:00Z,SE3,147.37,15
2026-02-13T14:00:00Z,SE4,147.47,15
2026-02-13T14:00:00Z,SI,105.56,15
2026-02-13T14:00:00Z,SK,111.69,15
2026-02-13T14:15:00Z,AT,112.05,15
2026-02-13T14:15:00Z,BE,103.55,15
2026-02-13T14:15:00Z,CZ,115.37,15
2026-02-13T14:15:00Z,DE-LU,111.95,15
2026-02-13T14:15:00Z,DK1,113.15,15
2026-02-13T14:15:00Z,DK2,150.08,15
2026-02-13T14:15:00Z,EE,150.00,15
2026-02-13T14:15:00Z,ES,-0.01,15
2026-02-13T14:15:00Z,FI,149.99,15
2026-02-13T14:15:00Z,FR,73.71,15
2026-02-13T14:15:00Z,GR,51.50,15
2026-02-13T14:15:00Z,HR,106.00,15
2026-02-13T14:15:00Z,HU,115.28,15
2026-02-13T14:15:00Z,IT-CNorth,108.68,15
2026-02-13T14:15:00Z,IT-CSouth,108.68,15
2026-02-13T14:15:00Z,IT-North,108.68,15
2026-02-13T14:15:00Z,IT-Sardinia,108.68,15
2026-02-13T14:15:00Z,IT-Sicily,108.68,15
2026-02-13T14:15:00Z,IT-South,108.68,15
2026-02-13T14:15:00Z,LT,150.00,15
2026-02-13T14:15:00Z,LV,150.00,15
2026-02-13T14:15:00Z,NL,103.55,15
2026-02-13T14:15:00Z,NO1,149.40,15
2026-02-13T14:15:00Z,NO2,108.46,15
2026-02-13T14:15:00Z,NO3,147.14,15
2026-02-13T14:15:00Z,NO4,149.09,15
2026-02-13T14:15:00Z,NO5,140.82,15
2026-02-13T14:15:00Z,PL,119.32,15
2026-02-13T14:15:00Z,PT,-0.01,15
2026-02-13T14:15:00Z,RO,144.51,15
2026-02-13T14:15:00Z,RS,96.00,15
2026-02-13T14:15:00Z,SE1,149.59,15
2026-02-13T14:15:00Z,SE2,149.70,15
2026-02-13T14:15:00Z,SE3,149.95,15
2026-02-13T14:15:00Z,SE4,150.05,15
2026-02-13T14:15:00Z,SI,108.68,15
2026-02-13T14:15:00Z,SK,120.97,15
2026-02-13T14:30:00Z,AT,122.63,15
2026-02-13T14:30:00Z,BE,111.46,15
2026-02-13T14:30:00Z,CZ,127.22,15
2026-02-13T14:30:00Z,DE-LU,122.63,15
2026-02-13T14:30:00Z,DK1,123.55,15
2026-02-13T14:30:00Z,DK2,151.95,15
2026-02-13T14:30:00Z,EE,151.89,15
2026-02-13T14:30:00Z,ES,-0.04,15
2026-02-13T14:30:00Z,FI,151.89,15
2026-02-13T14:30:00Z,FR,71.94,15
2026-02-13T14:30:00Z,GR,65.00,15
2026-02-13T14:30:00Z,HR,114.24,15
2026-02-13T14:30:00Z,HU,128.00,15
2026-02-13T14:30:00Z,IT-CNorth,117.84,15
2026-02-13T14:30:00Z,IT-CSouth,117.84,15
2026-02-13T14:30:00Z,IT-North,117.84,15
2026-02-13T14:30:00Z,IT-Sardinia,117.84,15
2026-02-13T14:30:00Z,IT-Sicily,117.84,15
2026-02-13T14:30:00Z,IT-South,117.84,15
2026-02-13T14:30:00Z,LT,151.89,15
2026-02-13T14:30:00Z,LV,151.89,15
2026-02-13T14:30:00Z,NL,111.46,15
2026-02-13T14:30:00Z,NO1,151.42,15
2026-02-13T14:30:00Z,NO2,118.81,15
2026-02-13T14:30:00Z,NO3,149.61,15
2026-02-13T14:30:00Z,NO4,151.17,15
2026-02-13T14:30:00Z,NO5,144.58,15
2026-02-13T14:30:00Z,PL,132.93,15
2026-02-13T14:30:00Z,PT,-0.04,15
2026-02-13T14:30:00Z,RO,169.27,15
2026-02-13T14:30:00Z,RS,96.00,15
2026-02-13T14:30:00Z,SE1,151.57,15
2026-02-13T14:30:00Z,SE2,151.65,15
2026-02-13T14:30:00Z,SE3,151.85,15
2026-02-13T14:30:00Z,SE4,151.93,15
2026-02-13T14:30:00Z,SI,117.84,15
2026-02-13T14:30:00Z,SK,135.00,15
2026-02-13T14:45:00Z,AT,132.96,15
2026-02-13T14:45:00Z,BE,115.93,15
2026-02-13T14:45:00Z,CZ,139.10,15
2026-02-13T14:45:00Z,DE-LU,132.08,15
2026-02-13T14:45:00Z,DK1,132.87,15
2026-02-13T14:45:00Z,DK2,157.06,15
2026-02-13T14:45:00Z,EE,157.00,15
2026-02-13T14:45:00Z,ES,-0.02,15
2026-02-13T14:45:00Z,FI,157.00,15
2026-02-13T14:45:00Z,FR,59.43,15
2026-02-13T14:45:00Z,GR,80.00,15
2026-02-13T14:45:00Z,HR,119.40,15
2026-02-13T14:45:00Z,HU,146.55,15
2026-02-13T14:45:00Z,IT-CNorth,124.37,15
2026-02-13T14:45:00Z,IT-CSouth,124.37,15
2026-02-13T14:45:00Z,IT-North,124.37,15
2026-02-13T14:45:00Z,IT-Sardinia,124.37,15
2026-02-13T14:45:00Z,IT-Sicily,124.37,15
2026-02-13T14:45:00Z,IT-South,124.37,15
2026-02-13T14:45:00Z,LT,157.00,15
2026-02-13T14:45:00Z,LV,157.00,15
2026-02-13T14:45:00Z,NL,115.93,15
2026-02-13T14:45:00Z,NO1,156.59,15
2026-02-13T14:45:00Z,NO2,127.97,15
2026-02-13T14:45:00Z,NO3,155.00,15
2026-02-13T14:45:00Z,NO4,156.37,15
2026-02-13T14:45:00Z,NO5,150.59,15
2026-02-13T14:45:00Z,PL,149.38,15
2026-02-13T14:45:00Z,PT,-0.02,15
2026-02-13T14:45:00Z,RO,216.05,15
2026-02-13T14:45:00Z,RS,96.00,15
2026-02-13T14:45:00Z,SE1,156.72,15
2026-02-13T14:45:00Z,SE2,156.80,15
2026-02-13T14:45:00Z,SE3,156.97,15
2026-02-13T14:45:00Z,SE4,157.04,15
2026-02-13T14:45:00Z,SI,124.37,15
2026-02-13T14:45:00Z,SK,151.50,15
2026-02-13T15:00:00Z,AT,119.26,15
2026-02-13T15:00:00Z,BE,106.50,15
2026-02-13T15:00:00Z,CH,125.51,60
2026-02-13T15:00:00Z,CZ,121.25,15
2026-02-13T15:00:00Z,DE-LU,117.97,15
2026-02-13T15:00:00Z,DK1,119.29,15
2026-02-13T15:00:00Z,DK2,150.06,15
2026-02-13T15:00:00Z,EE,150.00,15
2026-02-13T15:00:00Z,ES,-0.04,15
2026-02-13T15:00:00Z,FI,149.99,15
2026-02-13T15:00:00Z,FR,72.26,15
2026-02-13T15:00:00Z,GR,90.43,15
2026-02-13T15:00:00Z,HR,113.61,15
2026-02-13T15:00:00Z,HU,126.82,15
2026-02-13T15:00:00Z,IT-CNorth,115.66,15
2026-02-13T15:00:00Z,IT-CSouth,115.66,15
2026-02-13T15:00:00Z,IT-North,115.66,15
2026-02-13T15:00:00Z,IT-Sardinia,115.66,15
2026-02-13T15:00:00Z,IT-Sicily,115.66,15
2026-02-13T15:00:00Z,IT-South,115.66,15
2026-02-13T15:00:00Z,LT,150.00,15
2026-02-13T15:00:00Z,LV,150.00,15
2026-02-13T15:00:00Z,NL,111.85,15
2026-02-13T15:00:00Z,NO1,149.49,15
2026-02-13T15:00:00Z,NO2,114.30,15
2026-02-13T15:00:00Z,NO3,147.54,15
2026-02-13T15:00:00Z,NO4,149.21,15
2026-02-13T15:00:00Z,NO5,142.07,15
2026-02-13T15:00:00Z,PL,126.02,15
2026-02-13T15:00:00Z,PT,-0.04,15
2026-02-13T15:00:00Z,RO,159.01,15
2026-02-13T15:00:00Z,RS,98.05,15
2026-02-13T15:00:00Z,SE1,149.65,15
2026-02-13T15:00:00Z,SE2,149.74,15
2026-02-13T15:00:00Z,SE3,149.96,15
2026-02-13T15:00:00Z,SE4,150.04,15
2026-02-13T15:00:00Z,SI,115.66,15
2026-02-13T15:00:00Z,SK,126.82,15
2026-02-13T15:15:00Z,AT,126.37,15
2026-02-13T15:15:00Z,BE,107.80,15
2026-02-13T15:15:00Z,CZ,125.99,15
2026-02-13T15:15:00Z,DE-LU,122.34,15
2026-02-13T15:15:00Z,DK1,124.07,15
2026-02-13T15:15:00Z,DK2,165.09,15
2026-02-13T15:15:00Z,EE,165.00,15
2026-02-13T15:15:00Z,ES,-0.01,15
2026-02-13T15:15:00Z,FI,165.00,15
2026-02-13T15:15:00Z,FR,64.41,15
2026-02-13T15:15:00Z,GR,93.29,15
2026-02-13T15:15:00Z,HR,122.71,15
2026-02-13T15:15:00Z,HU,128.67,15
2026-02-13T15:15:00Z,IT-CNorth,124.37,15
2026-02-13T15:15:00Z,IT-CSouth,124.37,15
2026-02-13T15:15:00Z,IT-North,124.37,15
2026-02-13T15:15:00Z,IT-Sardinia,124.37,15
2026-02-13T15:15:00Z,IT-Sicily,124.37,15
2026-02-13T15:15:00Z,IT-South,124.37,15
2026-02-13T15:15:00Z,LT,165.00,15
2026-02-13T15:15:00Z,LV,165.00,15
2026-02-13T15:15:00Z,NL,115.14,15
2026-02-13T15:15:00Z,NO1,164.34,15
2026-02-13T15:15:00Z,NO2,118.52,15
2026-02-13T15:15:00Z,NO3,161.81,15
2026-02-13T15:15:00Z,NO4,163.99,15
2026-02-13T15:15:00Z,NO5,154.68,15
2026-02-13T15:15:00Z,PL,128.32,15
2026-02-13T15:15:00Z,PT,-0.01,15
2026-02-13T15:15:00Z,RO,147.13,15
2026-02-13T15:15:00Z,RS,98.05,15
2026-02-13T15:15:00Z,SE1,164.55,15
2026-02-13T15:15:00Z,SE2,164.68,15
2026-02-13T15:15:00Z,SE3,164.96,15
2026-02-13T15:15:00Z,SE4,165.07,15
2026-02-13T15:15:00Z,SI,124.37,15
2026-02-13T15:15:00Z,SK,129.83,15
2026-02-13T15:30:00Z,AT,132.11,15
2026-02-13T15:30:00Z,BE,109.11,15
2026-02-13T15:30:00Z,CZ,130.93,15
2026-02-13T15:30:00Z,DE-LU,126.63,15
2026-02-13T15:30:00Z,DK1,128.83,15
2026-02-13T15:30:00Z,DK2,190.72,15
2026-02-13T15:30:00Z,EE,190.59,15
2026-02-13T15:30:00Z,ES,-0.01,15
2026-02-13T15:30:00Z,FI,190.59,15
2026-02-13T15:30:00Z,FR,56.59,15
2026-02-13T15:30:00Z,GR,95.00,15
2026-02-13T15:30:00Z,HR,128.55,15
2026-02-13T15:30:00Z,HU,133.05,15
2026-02-13T15:30:00Z,IT-CNorth,124.37,15
2026-02-13T15:30:00Z,IT-CSouth,124.37,15
2026-02-13T15:30:00Z,IT-North,124.37,15
2026-02-13T15:30:00Z,IT-Sardinia,124.37,15
2026-02-13T15:30:00Z,IT-Sicily,124.37,15
2026-02-13T15:30:00Z,IT-South,124.37,15
2026-02-13T15:30:00Z,LT,190.59,15
2026-02-13T15:30:00Z,LV,190.59,15
2026-02-13T15:30:00Z,NL,117.95,15
2026-02-13T15:30:00Z,NO1,189.63,15
2026-02-13T15:30:00Z,NO2,122.67,15
2026-02-13T15:30:00Z,NO3,185.93,15
2026-02-13T15:30:00Z,NO4,189.11,15
2026-02-13T15:30:00Z,NO5,175.51,15
2026-02-13T15:30:00Z,PL,132.83,15
2026-02-13T15:30:00Z,PT,-0.01,15
2026-02-13T15:30:00Z,RO,149.86,15
2026-02-13T15:30:00Z,RS,98.05,15
2026-02-13T15:30:00Z,SE1,189.94,15
2026-02-13T15:30:00Z,SE2,190.12,15
2026-02-13T15:30:00Z,SE3,190.53,15
2026-02-13T15:30:00Z,SE4,190.68,15
2026-02-13T15:30:00Z,SI,130.32,15
2026-02-13T15:30:00Z,SK,134.79,15
2026-02-13T15:45:00Z,AT,138.77,15
2026-02-13T15:45:00Z,BE,116.32,15
2026-02-13T15:45:00Z,CZ,142.26,15
2026-02-13T15:45:00Z,DE-LU,136.68,15
2026-02-13T15:45:00Z,DK1,138.64,15
2026-02-13T15:45:00Z,DK2,194.04,15
2026-02-13T15:45:00Z,EE,193.93,15
2026-02-13T15:45:00Z,ES,0.00,15
2026-02-13T15:45:00Z,FI,193.92,15
2026-02-13T15:45:00Z,FR,56.62,15
2026-02-13T15:45:00Z,GR,103.83,15
2026-02-13T15:45:00Z,HR,129.24,15
2026-02-13T15:45:00Z,HU,154.21,15
2026-02-13T15:45:00Z,IT-CNorth,132.57,15
2026-02-13T15:45:00Z,IT-CSouth,132.57,15
2026-02-13T15:45:00Z,IT-North,132.57,15
2026-02-13T15:45:00Z,IT-Sardinia,132.57,15
2026-02-13T15:45:00Z,IT-Sicily,132.57,15
2026-02-13T15:45:00Z,IT-South,132.57,15
2026-02-13T15:45:00Z,LT,193.93,15
2026-02-13T15:45:00Z,LV,193.93,15
2026-02-13T15:45:00Z,NL,126.59,15
2026-02-13T15:45:00Z,NO1,193.05,15
2026-02-13T15:45:00Z,NO2,132.40,15
2026-02-13T15:45:00Z,NO3,189.70,15
2026-02-13T15:45:00Z,NO4,192.58,15
2026-02-13T15:45:00Z,NO5,180.26,15
2026-02-13T15:45:00Z,PL,151.05,15
2026-02-13T15:45:00Z,PT,0.00,15
2026-02-13T15:45:00Z,RO,212.03,15
2026-02-13T15:45:00Z,RS,98.05,15
2026-02-13T15:45:00Z,SE1,193.33,15
2026-02-13T15:45:00Z,SE2,193.49,15
2026-02-13T15:45:00Z,SE3,193.86,15
2026-02-13T15:45:00Z,SE4,194.01,15
2026-02-13T15:45:00Z,SI,132.57,15
2026-02-13T15:45:00Z,SK,152.00,15
2026-02-13T16:00:00Z,AT,129.78,15
2026-02-13T16:00:00Z,BE,104.85,15
2026-02-13T16:00:00Z,CH,137.27,60
2026-02-13T16:00:00Z,CZ,126.52,15
2026-02-13T16:00:00Z,DE-LU,122.62,15
2026-02-13T16:00:00Z,DK1,126.23,15
2026-02-13T16:00:00Z,DK2,200.13,15
2026-02-13T16:00:00Z,EE,199.98,15
2026-02-13T16:00:00Z,ES,0.00,15
2026-02-13T16:00:00Z,FI,199.98,15
2026-02-13T16:00:00Z,FR,53.29,15
2026-02-13T16:00:00Z,GR,116.54,15
2026-02-13T16:00:00Z,HR,129.26,15
2026-02-13T16:00:00Z,HU,128.24,15
2026-02-13T16:00:00Z,IT-CNorth,130.00,15
2026-02-13T16:00:00Z,IT-CSouth,130.00,15
2026-02-13T16:00:00Z,IT-North,130.00,15
2026-02-13T16:00:00Z,IT-Sardinia,130.00,15
2026-02-13T16:00:00Z,IT-Sicily,130.00,15
2026-02-13T16:00:00Z,IT-South,130.00,15
2026-02-13T16:00:00Z,LT,199.98,15
2026-02-13T16:00:00Z,LV,199.98,15
2026-02-13T16:00:00Z,NL,113.62,15
2026-02-13T16:00:00Z,NO1,198.83,15
2026-02-13T16:00:00Z,NO2,118.77,15
2026-02-13T16:00:00Z,NO3,194.33,15
2026-02-13T16:00:00Z,NO4,198.21,15
2026-02-13T16:00:00Z,NO5,182.23,15
2026-02-13T16:00:00Z,PL,126.22,15
2026-02-13T16:00:00Z,PT,0.00,15
2026-02-13T16:00:00Z,RO,130.60,15
2026-02-13T16:00:00Z,RS,145.00,15
2026-02-13T16:00:00Z,SE1,199.20,15
2026-02-13T16:00:00Z,SE2,199.41,15
2026-02-13T16:00:00Z,SE3,199.90,15
2026-02-13T16:00:00Z,SE4,200.09,15
2026-02-13T16:00:00Z,SI,130.00,15
2026-02-13T16:00:00Z,SK,127.94,15
2026-02-13T16:15:00Z,AT,133.96,15
2026-02-13T16:15:00Z,BE,115.19,15
2026-02-13T16:15:00Z,CZ,135.13,15
2026-02-13T16:15:00Z,DE-LU,131.77,15
2026-02-13T16:15:00Z,DK1,134.24,15
2026-02-13T16:15:00Z,DK2,197.83,15
2026-02-13T16:15:00Z,EE,197.70,15
2026-02-13T16:15:00Z,ES,0.00,15
2026-02-13T16:15:00Z,FI,197.70,15
2026-02-13T16:15:00Z,FR,68.28,15
2026-02-13T16:15:00Z,GR,120.00,15
2026-02-13T16:15:00Z,HR,131.13,15
2026-02-13T16:15:00Z,HU,161.86,15
2026-02-13T16:15:00Z,IT-CNorth,131.04,15
2026-02-13T16:15:00Z,IT-CSouth,131.04,15
2026-02-13T16:15:00Z,IT-North,131.04,15
2026-02-13T16:15:00Z,IT-Sardinia,131.04,15
2026-02-13T16:15:00Z,IT-Sicily,131.04,15
2026-02-13T16:15:00Z,IT-South,131.04,15
2026-02-13T16:15:00Z,LT,197.70,15
2026-02-13T16:15:00Z,LV,197.70,15
2026-02-13T16:15:00Z,NL,123.35,15
2026-02-13T16:15:00Z,NO1,196.71,15
2026-02-13T16:15:00Z,NO2,127.63,15
2026-02-13T16:15:00Z,NO3,192.82,15
2026-02-13T16:15:00Z,NO4,196.17,15
2026-02-13T16:15:00Z,NO5,182.39,15
2026-02-13T16:15:00Z,PL,144.21,15
2026-02-13T16:15:00Z,PT,0.00,15
2026-02-13T16:15:00Z,RO,210.31,15
2026-02-13T16:15:00Z,RS,145.00,15
2026-02-13T16:15:00Z,SE1,197.02,15
2026-02-13T16:15:00Z,SE2,197.21,15
2026-02-13T16:15:00Z,SE3,197.63,15
2026-02-13T16:15:00Z,SE4,197.79,15
2026-02-13T16:15:00Z,SI,131.04,15
2026-02-13T16:15:00Z,SK,140.87,15
2026-02-13T16:30:00Z,AT,137.34,15
2026-02-13T16:30:00Z,BE,120.00,15
2026-02-13T16:30:00Z,CZ,139.64,15
2026-02-13T16:30:00Z,DE-LU,135.70,15
2026-02-13T16:30:00Z,DK1,137.89,15
2026-02-13T16:30:00Z,DK2,193.63,15
2026-02-13T16:30:00Z,EE,193.51,15
2026-02-13T16:30:00Z,ES,0.00,15
2026-02-13T16:30:00Z,FI,193.51,15
2026-02-13T16:30:00Z,FR,75.74,15
2026-02-13T16:30:00Z,GR,128.83,15
2026-02-13T16:30:00Z,HR,131.62,15
2026-02-13T16:30:00Z,HU,154.66,15
2026-02-13T16:30:00Z,IT-CNorth,133.26,15
2026-02-13T16:30:00Z,IT-CSouth,133.26,15
2026-02-13T16:30:00Z,IT-North,133.26,15
2026-02-13T16:30:00Z,IT-Sardinia,133.26,15
2026-02-13T16:30:00Z,IT-Sicily,133.26,15
2026-02-13T16:30:00Z,IT-South,133.26,15
2026-02-13T16:30:00Z,LT,193.51,15
2026-02-13T16:30:00Z,LV,193.51,15
2026-02-13T16:30:00Z,NL,127.73,15
2026-02-13T16:30:00Z,NO1,192.63,15
2026-02-13T16:30:00Z,NO2,131.45,15
2026-02-13T16:30:00Z,NO3,189.19,15
2026-02-13T16:30:00Z,NO4,192.16,15
2026-02-13T16:30:00Z,NO5,179.95,15
2026-02-13T16:30:00Z,PL,147.17,15
2026-02-13T16:30:00Z,PT,0.00,15
2026-02-13T16:30:00Z,RO,200.07,15
2026-02-13T16:30:00Z,RS,145.00,15
2026-02-13T16:30:00Z,SE1,192.91,15
2026-02-13T16:30:00Z,SE2,193.07,15
2026-02-13T16:30:00Z,SE3,193.45,15
2026-02-13T16:30:00Z,SE4,193.59,15
2026-02-13T16:30:00Z,SI,133.26,15
2026-02-13T16:30:00Z,SK,146.28,15
2026-02-13T16:45:00Z,AT,139.81,15
2026-02-13T16:45:00Z,BE,124.74,15
2026-02-13T16:45:00Z,CZ,140.47,15
2026-02-13T16:45:00Z,DE-LU,137.85,15
2026-02-13T16:45:00Z,DK1,140.04,15
2026-02-13T16:45:00Z,DK2,185.79,15
2026-02-13T16:45:00Z,EE,185.70,15
2026-02-13T16:45:00Z,ES,0.03,15
2026-02-13T16:45:00Z,FI,185.69,15
2026-02-13T16:45:00Z,FR,87.60,15
2026-02-13T16:45:00Z,GR,141.81,15
2026-02-13T16:45:00Z,HR,137.88,15
2026-02-13T16:45:00Z,HU,161.20,15
2026-02-13T16:45:00Z,IT-CNorth,134.00,15
2026-02-13T16:45:00Z,IT-CSouth,134.00,15
2026-02-13T16:45:00Z,IT-North,134.00,15
2026-02-13T16:45:00Z,IT-Sardinia,134.00,15
2026-02-13T16:45:00Z,IT-Sicily,134.00,15
2026-02-13T16:45:00Z,IT-South,134.00,15
2026-02-13T16:45:00Z,LT,185.70,15
2026-02-13T16:45:00Z,LV,185.70,15
2026-02-13T16:45:00Z,NL,131.20,15
2026-02-13T16:45:00Z,NO1,184.96,15
2026-02-13T16:45:00Z,NO2,133.54,15
2026-02-13T16:45:00Z,NO3,182.07,15
2026-02-13T16:45:00Z,NO4,184.56,15
2026-02-13T16:45:00Z,NO5,174.30,15
2026-02-13T16:45:00Z,PL,147.32,15
2026-02-13T16:45:00Z,PT,0.03,15
2026-02-13T16:45:00Z,RO,197.52,15
2026-02-13T16:45:00Z,RS,145.00,15
2026-02-13T16:45:00Z,SE1,185.19,15
2026-02-13T16:45:00Z,SE2,185.33,15
2026-02-13T16:45:00Z,SE3,185.64,15
2026-02-13T16:45:00Z,SE4,185.76,15
2026-02-13T16:45:00Z,SI,137.72,15
2026-02-13T16:45:00Z,SK,144.74,15
2026-02-13T17:00:00Z,AT,145.88,15
2026-02-13T17:00:00Z,BE,127.03,15
2026-02-13T17:00:00Z,CH,140.10,60
2026-02-13T17:00:00Z,CZ,143.19,15
2026-02-13T17:00:00Z,DE-LU,140.35,15
2026-02-13T17:00:00Z,DK1,142.09,15
2026-02-13T17:00:00Z,DK2,200.12,15
2026-02-13T17:00:00Z,EE,200.00,15
2026-02-13T17:00:00Z,ES,0.03,15
2026-02-13T17:00:00Z,FI,200.00,15
2026-02-13T17:00:00Z,FR,87.74,15
2026-02-13T17:00:00Z,GR,126.13,15
2026-02-13T17:00:00Z,HR,145.86,15
2026-02-13T17:00:00Z,HU,144.55,15
2026-02-13T17:00:00Z,IT-CNorth,132.89,15
2026-02-13T17:00:00Z,IT-CSouth,132.89,15
2026-02-13T17:00:00Z,IT-North,132.89,15
2026-02-13T17:00:00Z,IT-Sardinia,132.89,15
2026-02-13T17:00:00Z,IT-Sicily,132.89,15
2026-02-13T17:00:00Z,IT-South,132.89,15
2026-02-13T17:00:00Z,LT,200.00,15
2026-02-13T17:00:00Z,LV,200.00,15
2026-02-13T17:00:00Z,NL,133.99,15
2026-02-13T17:00:00Z,NO1,199.09,15
2026-02-13T17:00:00Z,NO2,135.95,15
2026-02-13T17:00:00Z,NO3,195.53,15
2026-02-13T17:00:00Z,NO4,198.60,15
2026-02-13T17:00:00Z,NO5,185.85,15
2026-02-13T17:00:00Z,PL,142.76,15
2026-02-13T17:00:00Z,PT,0.03,15
2026-02-13T17:00:00Z,RO,144.77,15
2026-02-13T17:00:00Z,RS,124.04,15
2026-02-13T17:00:00Z,SE1,199.38,15
2026-02-13T17:00:00Z,SE2,199.55,15
2026-02-13T17:00:00Z,SE3,199.94,15
2026-02-13T17:00:00Z,SE4,200.08,15
2026-02-13T17:00:00Z,SI,146.27,15
2026-02-13T17:00:00Z,SK,144.01,15
2026-02-13T17:15:00Z,AT,140.10,15
2026-02-13T17:15:00Z,BE,125.70,15
2026-02-13T17:15:00Z,CZ,138.05,15
2026-02-13T17:15:00Z,DE-LU,135.88,15
2026-02-13T17:15:00Z,DK1,137.56,15
2026-02-13T17:15:00Z,DK2,194.04,15
2026-02-13T17:15:00Z,EE,193.93,15
2026-02-13T17:15:00Z,ES,0.92,15
2026-02-13T17:15:00Z,FI,193.93,15
2026-02-13T17:15:00Z,FR,95.68,15
2026-02-13T17:15:00Z,GR,132.78,15
2026-02-13T17:15:00Z,HR,140.09,15
2026-02-13T17:15:00Z,HU,139.08,15
2026-02-13T17:15:00Z,IT-CNorth,133.54,15
2026-02-13T17:15:00Z,IT-CSouth,133.54,15
2026-02-13T17:15:00Z,IT-North,133.54,15
2026-02-13T17:15:00Z,IT-Sardinia,133.54,15
2026-02-13T17:15:00Z,IT-Sicily,133.54,15
2026-02-13T17:15:00Z,IT-South,133.54,15
2026-02-13T17:15:00Z,LT,193.93,15
2026-02-13T17:15:00Z,LV,193.93,15
2026-02-13T17:15:00Z,NL,131.01,15
2026-02-13T17:15:00Z,NO1,193.06,15
2026-02-13T17:15:00Z,NO2,132.81,15
2026-02-13T17:15:00Z,NO3,189.66,15
2026-02-13T17:15:00Z,NO4,192.59,15
2026-02-13T17:15:00Z,NO5,180.43,15
2026-02-13T17:15:00Z,PL,137.71,15
2026-02-13T17:15:00Z,PT,0.10,15
2026-02-13T17:15:00Z,RO,139.25,15
2026-02-13T17:15:00Z,RS,124.04,15
2026-02-13T17:15:00Z,SE1,193.34,15
2026-02-13T17:15:00Z,SE2,193.50,15
2026-02-13T17:15:00Z,SE3,193.87,15
2026-02-13T17:15:00Z,SE4,194.01,15
2026-02-13T17:15:00Z,SI,140.40,15
2026-02-13T17:15:00Z,SK,138.67,15
2026-02-13T17:30:00Z,AT,135.93,15
2026-02-13T17:30:00Z,BE,134.93,15
2026-02-13T17:30:00Z,CZ,131.64,15
2026-02-13T17:30:00Z,DE-LU,134.76,15
2026-02-13T17:30:00Z,DK1,135.83,15
2026-02-13T17:30:00Z,DK2,171.38,15
2026-02-13T17:30:00Z,EE,171.31,15
2026-02-13T17:30:00Z,ES,2.00,15
2026-02-13T17:30:00Z,FI,171.31,15
2026-02-13T17:30:00Z,FR,135.00,15
2026-02-13T17:30:00Z,GR,137.79,15
2026-02-13T17:30:00Z,HR,147.85,15
2026-02-13T17:30:00Z,HU,167.27,15
2026-02-13T17:30:00Z,IT-CNorth,135.00,15
2026-02-13T17:30:00Z,IT-CSouth,135.00,15
2026-02-13T17:30:00Z,IT-North,135.00,15
2026-02-13T17:30:00Z,IT-Sardinia,135.00,15
2026-02-13T17:30:00Z,IT-Sicily,135.00,15
2026-02-13T17:30:00Z,IT-South,135.00,15
2026-02-13T17:30:00Z,LT,171.31,15
2026-02-13T17:30:00Z,LV,171.31,15
2026-02-13T17:30:00Z,NL,134.85,15
2026-02-13T17:30:00Z,NO1,170.74,15
2026-02-13T17:30:00Z,NO2,131.42,15
2026-02-13T17:30:00Z,NO3,168.52,15
2026-02-13T17:30:00Z,NO4,170.44,15
2026-02-13T17:30:00Z,NO5,162.50,15
2026-02-13T17:30:00Z,PL,137.15,15
2026-02-13T17:30:00Z,PT,0.29,15
2026-02-13T17:30:00Z,RO,165.05,15
2026-02-13T17:30:00Z,RS,124.04,15
2026-02-13T17:30:00Z,SE1,170.92,15
2026-02-13T17:30:00Z,SE2,171.03,15
2026-02-13T17:30:00Z,SE3,171.27,15
2026-02-13T17:30:00Z,SE4,171.36,15
2026-02-13T17:30:00Z,SI,141.05,15
2026-02-13T17:30:00Z,SK,131.80,15
2026-02-13T17:45:00Z,AT,136.08,15
2026-02-13T17:45:00Z,BE,133.60,15
2026-02-13T17:45:00Z,CZ,128.52,15
2026-02-13T17:45:00Z,DE-LU,133.10,15
2026-02-13T17:45:00Z,DK1,133.45,15
2026-02-13T17:45:00Z,DK2,145.02,15
2026-02-13T17:45:00Z,EE,144.99,15
2026-02-13T17:45:00Z,ES,3.78,15
2026-02-13T17:45:00Z,FI,144.99,15
2026-02-13T17:45:00Z,FR,134.13,15
2026-02-13T17:45:00Z,GR,138.85,15
2026-02-13T17:45:00Z,HR,154.70,15
2026-02-13T17:45:00Z,HU,185.26,15
2026-02-13T17:45:00Z,IT-CNorth,134.13,15
2026-02-13T17:45:00Z,IT-CSouth,134.13,15
2026-02-13T17:45:00Z,IT-North,134.13,15
2026-02-13T17:45:00Z,IT-Sardinia,134.13,15
2026-02-13T17:45:00Z,IT-Sicily,134.13,15
2026-02-13T17:45:00Z,IT-South,134.13,15
2026-02-13T17:45:00Z,LT,144.99,15
2026-02-13T17:45:00Z,LV,144.99,15
2026-02-13T17:45:00Z,NL,133.24,15
2026-02-13T17:45:00Z,NO1,144.77,15
2026-02-13T17:45:00Z,NO2,129.46,15
2026-02-13T17:45:00Z,NO3,143.91,15
2026-02-13T17:45:00Z,NO4,144.65,15
2026-02-13T17:45:00Z,NO5,141.56,15
2026-02-13T17:45:00Z,PL,133.77,15
2026-02-13T17:45:00Z,PT,0.33,15
2026-02-13T17:45:00Z,RO,179.45,15
2026-02-13T17:45:00Z,RS,124.04,15
2026-02-13T17:45:00Z,SE1,144.84,15
2026-02-13T17:45:00Z,SE2,144.88,15
2026-02-13T17:45:00Z,SE3,144.97,15
2026-02-13T17:45:00Z,SE4,145.01,15
2026-02-13T17:45:00Z,SI,144.46,15
2026-02-13T17:45:00Z,SK,121.34,15
2026-02-13T18:00:00Z,AT,145.09,15
2026-02-13T18:00:00Z,BE,143.39,15
2026-02-13T18:00:00Z,CH,128.81,60
2026-02-13T18:00:00Z,CZ,144.72,15
2026-02-13T18:00:00Z,DE-LU,144.63,15
2026-02-13T18:00:00Z,DK1,145.68,15
2026-02-13T18:00:00Z,DK2,180.82,15
2026-02-13T18:00:00Z,EE,180.75,15
2026-02-13T18:00:00Z,ES,5.37,15
2026-02-13T18:00:00Z,FI,180.75,15
2026-02-13T18:00:00Z,FR,139.76,15
2026-02-13T18:00:00Z,GR,141.21,15
2026-02-13T18:00:00Z,HR,145.66,15
2026-02-13T18:00:00Z,HU,146.44,15
2026-02-13T18:00:00Z,IT-CNorth,139.76,15
2026-02-13T18:00:00Z,IT-CSouth,139.76,15
2026-02-13T18:00:00Z,IT-North,139.76,15
2026-02-13T18:00:00Z,IT-Sardinia,139.76,15
2026-02-13T18:00:00Z,IT-Sicily,139.76,15
2026-02-13T18:00:00Z,IT-South,139.76,15
2026-02-13T18:00:00Z,LT,180.75,15
2026-02-13T18:00:00Z,LV,180.75,15
2026-02-13T18:00:00Z,NL,144.04,15
2026-02-13T18:00:00Z,NO1,180.19,15
2026-02-13T18:00:00Z,NO2,141.00,15
2026-02-13T18:00:00Z,NO3,177.98,15
2026-02-13T18:00:00Z,NO4,179.88,15
2026-02-13T18:00:00Z,NO5,171.85,15
2026-02-13T18:00:00Z,PL,145.26,15
2026-02-13T18:00:00Z,PT,0.79,15
2026-02-13T18:00:00Z,RO,146.58,15
2026-02-13T18:00:00Z,RS,116.03,15
2026-02-13T18:00:00Z,SE1,180.36,15
2026-02-13T18:00:00Z,SE2,180.47,15
2026-02-13T18:00:00Z,SE3,180.71,15
2026-02-13T18:00:00Z,SE4,180.80,15
2026-02-13T18:00:00Z,SI,145.33,15
2026-02-13T18:00:00Z,SK,145.50,15
2026-02-13T18:15:00Z,AT,134.00,15
2026-02-13T18:15:00Z,BE,134.61,15
2026-02-13T18:15:00Z,CZ,131.96,15
2026-02-13T18:15:00Z,DE-LU,134.85,15
2026-02-13T18:15:00Z,DK1,135.29,15
2026-02-13T18:15:00Z,DK2,150.03,15
2026-02-13T18:15:00Z,EE,149.99,15
2026-02-13T18:15:00Z,ES,6.92,15
2026-02-13T18:15:00Z,FI,149.99,15
2026-02-13T18:15:00Z,FR,134.00,15
2026-02-13T18:15:00Z,GR,133.13,15
2026-02-13T18:15:00Z,HR,143.31,15
2026-02-13T18:15:00Z,HU,158.16,15
2026-02-13T18:15:00Z,IT-CNorth,134.00,15
2026-02-13T18:15:00Z,IT-CSouth,134.00,15
2026-02-13T18:15:00Z,IT-North,134.00,15
2026-02-13T18:15:00Z,IT-Sardinia,134.00,15
2026-02-13T18:15:00Z,IT-Sicily,134.00,15
2026-02-13T18:15:00Z,IT-South,134.00,15
2026-02-13T18:15:00Z,LT,149.99,15
2026-02-13T18:15:00Z,LV,149.99,15
2026-02-13T18:15:00Z,NL,134.74,15
2026-02-13T18:15:00Z,NO1,149.73,15
2026-02-13T18:15:00Z,NO2,131.20,15
2026-02-13T18:15:00Z,NO3,148.68,15
2026-02-13T18:15:00Z,NO4,149.58,15
2026-02-13T18:15:00Z,NO5,145.79,15
2026-02-13T18:15:00Z,PL,141.47,15
2026-02-13T18:15:00Z,PT,0.91,15
2026-02-13T18:15:00Z,RO,160.02,15
2026-02-13T18:15:00Z,RS,116.03,15
2026-02-13T18:15:00Z,SE1,149.81,15
2026-02-13T18:15:00Z,SE2,149.86,15
2026-02-13T18:15:00Z,SE3,149.97,15
2026-02-13T18:15:00Z,SE4,150.02,15
2026-02-13T18:15:00Z,SI,137.42,15
2026-02-13T18:15:00Z,SK,143.59,15
2026-02-13T18:30:00Z,AT,127.79,15
2026-02-13T18:30:00Z,BE,126.61,15
2026-02-13T18:30:00Z,CZ,126.84,15
2026-02-13T18:30:00Z,DE-LU,127.69,15
2026-02-13T18:30:00Z,DK1,127.96,15
2026-02-13T18:30:00Z,DK2,136.90,15
2026-02-13T18:30:00Z,EE,136.87,15
2026-02-13T18:30:00Z,ES,7.64,15
2026-02-13T18:30:00Z,FI,136.87,15
2026-02-13T18:30:00Z,FR,123.46,15
2026-02-13T18:30:00Z,GR,131.58,15
2026-02-13T18:30:00Z,HR,131.25,15
2026-02-13T18:30:00Z,HU,136.65,15
2026-02-13T18:30:00Z,IT-CNorth,127.79,15
2026-02-13T18:30:00Z,IT-CSouth,127.79,15
2026-02-13T18:30:00Z,IT-North,127.79,15
2026-02-13T18:30:00Z,IT-Sardinia,127.79,15
2026-02-13T18:30:00Z,IT-Sicily,127.79,15
2026-02-13T18:30:00Z,IT-South,127.79,15
2026-02-13T18:30:00Z,LT,136.87,15
2026-02-13T18:30:00Z,LV,136.87,15
2026-02-13T18:30:00Z,NL,127.18,15
2026-02-13T18:30:00Z,NO1,136.70,15
2026-02-13T18:30:00Z,NO2,124.17,15
2026-02-13T18:30:00Z,NO3,135.99,15
2026-02-13T18:30:00Z,NO4,136.60,15
2026-02-13T18:30:00Z,NO5,134.03,15
2026-02-13T18:30:00Z,PL,130.33,15
2026-02-13T18:30:00Z,PT,2.04,15
2026-02-13T18:30:00Z,RO,137.36,15
2026-02-13T18:30:00Z,RS,116.03,15
2026-02-13T18:30:00Z,SE1,136.75,15
2026-02-13T18:30:00Z,SE2,136.79,15
2026-02-13T18:30:00Z,SE3,136.86,15
2026-02-13T18:30:00Z,SE4,136.89,15
2026-02-13T18:30:00Z,SI,129.09,15
2026-02-13T18:30:00Z,SK,131.21,15
2026-02-13T18:45:00Z,AT,124.97,15
2026-02-13T18:45:00Z,BE,109.40,15
2026-02-13T18:45:00Z,CZ,122.75,15
2026-02-13T18:45:00Z,DE-LU,120.40,15
2026-02-13T18:45:00Z,DK1,120.53,15
2026-02-13T18:45:00Z,DK2,125.14,15
2026-02-13T18:45:00Z,EE,125.13,15
2026-02-13T18:45:00Z,ES,8.81,15
2026-02-13T18:45:00Z,FI,125.13,15
2026-02-13T18:45:00Z,FR,77.05,15
2026-02-13T18:45:00Z,GR,120.00,15
2026-02-13T18:45:00Z,HR,124.95,15
2026-02-13T18:45:00Z,HU,123.87,15
2026-02-13T18:45:00Z,IT-CNorth,124.37,15
2026-02-13T18:45:00Z,IT-CSouth,124.37,15
2026-02-13T18:45:00Z,IT-North,124.37,15
2026-02-13T18:45:00Z,IT-Sardinia,124.37,15
2026-02-13T18:45:00Z,IT-Sicily,124.37,15
2026-02-13T18:45:00Z,IT-South,124.37,15
2026-02-13T18:45:00Z,LT,125.13,15
2026-02-13T18:45:00Z,LV,125.13,15
2026-02-13T18:45:00Z,NL,115.15,15
2026-02-13T18:45:00Z,NO1,125.02,15
2026-02-13T18:45:00Z,NO2,117.49,15
2026-02-13T18:45:00Z,NO3,124.60,15
2026-02-13T18:45:00Z,NO4,124.96,15
2026-02-13T18:45:00Z,NO5,123.42,15
2026-02-13T18:45:00Z,PL,122.40,15
2026-02-13T18:45:00Z,PT,2.33,15
2026-02-13T18:45:00Z,RO,124.05,15
2026-02-13T18:45:00Z,RS,116.03,15
2026-02-13T18:45:00Z,SE1,125.05,15
2026-02-13T18:45:00Z,SE2,125.07,15
2026-02-13T18:45:00Z,SE3,125.12,15
2026-02-13T18:45:00Z,SE4,125.14,15
2026-02-13T18:45:00Z,SI,125.30,15
2026-02-13T18:45:00Z,SK,123.43,15
2026-02-13T19:00:00Z,AT,139.24,15
2026-02-13T19:00:00Z,BE,133.98,15
2026-02-13T19:00:00Z,CH,121.80,60
2026-02-13T19:00:00Z,CZ,135.60,15
2026-02-13T19:00:00Z,DE-LU,137.00,15
2026-02-13T19:00:00Z,DK1,137.25,15
2026-02-13T19:00:00Z,DK2,146.44,15
2026-02-13T19:00:00Z,EE,146.41,15
2026-02-13T19:00:00Z,ES,10.00,15
2026-02-13T19:00:00Z,FI,146.41,15
2026-02-13T19:00:00Z,FR,111.75,15
2026-02-13T19:00:00Z,GR,121.99,15
2026-02-13T19:00:00Z,HR,150.46,15
2026-02-13T19:00:00Z,HU,166.72,15
2026-02-13T19:00:00Z,IT-CNorth,125.00,15
2026-02-13T19:00:00Z,IT-CSouth,125.00,15
2026-02-13T19:00:00Z,IT-North,125.00,15
2026-02-13T19:00:00Z,IT-Sardinia,125.00,15
2026-02-13T19:00:00Z,IT-Sicily,125.00,15
2026-02-13T19:00:00Z,IT-South,125.00,15
2026-02-13T19:00:00Z,LT,146.41,15
2026-02-13T19:00:00Z,LV,146.41,15
2026-02-13T19:00:00Z,NL,127.03,15
2026-02-13T19:00:00Z,NO1,146.22,15
2026-02-13T19:00:00Z,NO2,132.75,15
2026-02-13T19:00:00Z,NO3,145.46,15
2026-02-13T19:00:00Z,NO4,146.12,15
2026-02-13T19:00:00Z,NO5,143.38,15
2026-02-13T19:00:00Z,PL,146.41,15
2026-02-13T19:00:00Z,PT,10.00,15
2026-02-13T19:00:00Z,RO,168.96,15
2026-02-13T19:00:00Z,RS,119.03,15
2026-02-13T19:00:00Z,SE1,146.28,15
2026-02-13T19:00:00Z,SE2,146.32,15
2026-02-13T19:00:00Z,SE3,146.40,15
2026-02-13T19:00:00Z,SE4,146.43,15
2026-02-13T19:00:00Z,SI,143.78,15
2026-02-13T19:00:00Z,SK,149.36,15
2026-02-13T19:15:00Z,AT,136.87,15
2026-02-13T19:15:00Z,BE,117.73,15
2026-02-13T19:15:00Z,CZ,134.04,15
2026-02-13T19:15:00Z,DE-LU,130.66,15
2026-02-13T19:15:00Z,DK1,130.75,15
2026-02-13T19:15:00Z,DK2,133.87,15
2026-02-13T19:15:00Z,EE,133.86,15
2026-02-13T19:15:00Z,ES,11.27,15
2026-02-13T19:15:00Z,FI,133.86,15
2026-02-13T19:15:00Z,FR,75.92,15
2026-02-13T19:15:00Z,GR,120.00,15
2026-02-13T19:15:00Z,HR,136.90,15
2026-02-13T19:15:00Z,HU,135.50,15
2026-02-13T19:15:00Z,IT-CNorth,124.37,15
2026-02-13T19:15:00Z,IT-CSouth,124.37,15
2026-02-13T19:15:00Z,IT-North,124.37,15
2026-02-13T19:15:00Z,IT-Sardinia,124.37,15
2026-02-13T19:15:00Z,IT-Sicily,124.37,15
2026-02-13T19:15:00Z,IT-South,124.37,15
2026-02-13T19:15:00Z,LT,133.86,15
2026-02-13T19:15:00Z,LV,133.86,15
2026-02-13T19:15:00Z,NL,122.54,15
2026-02-13T19:15:00Z,NO1,133.76,15
2026-02-13T19:15:00Z,NO2,126.61,15
2026-02-13T19:15:00Z,NO3,133.35,15
2026-02-13T19:15:00Z,NO4,133.70,15
2026-02-13T19:15:00Z,NO5,132.25,15
2026-02-13T19:15:00Z,PL,133.57,15
2026-02-13T19:15:00Z,PT,10.36,15
2026-02-13T19:15:00Z,RO,135.74,15
2026-02-13T19:15:00Z,RS,119.03,15
2026-02-13T19:15:00Z,SE1,133.79,15
2026-02-13T19:15:00Z,SE2,133.81,15
2026-02-13T19:15:00Z,SE3,133.85,15
2026-02-13T19:15:00Z,SE4,133.87,15
2026-02-13T19:15:00Z,SI,137.37,15
2026-02-13T19:15:00Z,SK,134.91,15
2026-02-13T19:30:00Z,AT,128.24,15
2026-02-13T19:30:00Z,BE,108.49,15
2026-02-13T19:30:00Z,CZ,125.39,15
2026-02-13T19:30:00Z,DE-LU,122.00,15
2026-02-13T19:30:00Z,DK1,122.08,15
2026-02-13T19:30:00Z,DK2,125.00,15
2026-02-13T19:30:00Z,EE,124.96,15
2026-02-13T19:30:00Z,ES,11.27,15
2026-02-13T19:30:00Z,FI,124.96,15
2026-02-13T19:30:00Z,FR,66.22,15
2026-02-13T19:30:00Z,GR,115.70,15
2026-02-13T19:30:00Z,HR,128.27,15
2026-02-13T19:30:00Z,HU,126.86,15
2026-02-13T19:30:00Z,IT-CNorth,124.37,15
2026-02-13T19:30:00Z,IT-CSouth,124.37,15
2026-02-13T19:30:00Z,IT-North,124.37,15
2026-02-13T19:30:00Z,IT-Sardinia,124.37,15
2026-02-13T19:30:00Z,IT-Sicily,124.37,15
2026-02-13T19:30:00Z,IT-South,124.37,15
2026-02-13T19:30:00Z,LT,124.96,15
2026-02-13T19:30:00Z,LV,124.96,15
2026-02-13T19:30:00Z,NL,114.41,15
2026-02-13T19:30:00Z,NO1,124.89,15
2026-02-13T19:30:00Z,NO2,118.21,15
2026-02-13T19:30:00Z,NO3,124.51,15
2026-02-13T19:30:00Z,NO4,124.84,15
2026-02-13T19:30:00Z,NO5,123.48,15
2026-02-13T19:30:00Z,PL,124.93,15
2026-02-13T19:30:00Z,PT,10.78,15
2026-02-13T19:30:00Z,RO,127.11,15
2026-02-13T19:30:00Z,RS,119.03,15
2026-02-13T19:30:00Z,SE1,124.92,15
2026-02-13T19:30:00Z,SE2,124.94,15
2026-02-13T19:30:00Z,SE3,124.98,15
2026-02-13T19:30:00Z,SE4,125.00,15
2026-02-13T19:30:00Z,SI,128.74,15
2026-02-13T19:30:00Z,SK,126.27,15
2026-02-13T19:45:00Z,AT,122.37,15
2026-02-13T19:45:00Z,BE,96.00,15
2026-02-13T19:45:00Z,CZ,118.71,15
2026-02-13T19:45:00Z,DE-LU,114.34,15
2026-02-13T19:45:00Z,DK1,114.42,15
2026-02-13T19:45:00Z,DK2,117.31,15
2026-02-13T19:45:00Z,EE,117.33,15
2026-02-13T19:45:00Z,ES,8.00,15
2026-02-13T19:45:00Z,FI,117.33,15
2026-02-13T19:45:00Z,FR,41.02,15
2026-02-13T19:45:00Z,GR,114.74,15
2026-02-13T19:45:00Z,HR,122.42,15
2026-02-13T19:45:00Z,HU,120.61,15
2026-02-13T19:45:00Z,IT-CNorth,117.84,15
2026-02-13T19:45:00Z,IT-CSouth,117.84,15
2026-02-13T19:45:00Z,IT-North,117.84,15
2026-02-13T19:45:00Z,IT-Sardinia,117.84,15
2026-02-13T19:45:00Z,IT-Sicily,124.37,15
2026-02-13T19:45:00Z,IT-South,117.84,15
2026-02-13T19:45:00Z,LT,117.33,15
2026-02-13T19:45:00Z,LV,117.33,15
2026-02-13T19:45:00Z,NL,105.60,15
2026-02-13T19:45:00Z,NO1,117.20,15
2026-02-13T19:45:00Z,NO2,110.80,15
2026-02-13T19:45:00Z,NO3,116.84,15
2026-02-13T19:45:00Z,NO4,117.15,15
2026-02-13T19:45:00Z,NO5,115.85,15
2026-02-13T19:45:00Z,PL,118.12,15
2026-02-13T19:45:00Z,PT,8.00,15
2026-02-13T19:45:00Z,RO,120.92,15
2026-02-13T19:45:00Z,RS,119.03,15
2026-02-13T19:45:00Z,SE1,117.23,15
2026-02-13T19:45:00Z,SE2,117.25,15
2026-02-13T19:45:00Z,SE3,117.29,15
2026-02-13T19:45:00Z,SE4,117.30,15
2026-02-13T19:45:00Z,SI,123.04,15
2026-02-13T19:45:00Z,SK,119.84,15
2026-02-13T20:00:00Z,AT,135.99,15
2026-02-13T20:00:00Z,BE,108.02,15
2026-02-13T20:00:00Z,CH,118.11,60
2026-02-13T20:00:00Z,CZ,132.10,15
2026-02-13T20:00:00Z,DE-LU,127.41,15
2026-02-13T20:00:00Z,DK1,127.50,15
2026-02-13T20:00:00Z,DK2,130.63,15
2026-02-13T20:00:00Z,EE,130.61,15
2026-02-13T20:00:00Z,ES,7.64,15
2026-02-13T20:00:00Z,FI,130.61,15
2026-02-13T20:00:00Z,FR,49.47,15
2026-02-13T20:00:00Z,GR,100.00,15
2026-02-13T20:00:00Z,HR,136.08,15
2026-02-13T20:00:00Z,HU,134.12,15
2026-02-13T20:00:00Z,IT-CNorth,124.37,15
2026-02-13T20:00:00Z,IT-CSouth,124.37,15
2026-02-13T20:00:00Z,IT-North,124.37,15
2026-02-13T20:00:00Z,IT-Sardinia,124.37,15
2026-02-13T20:00:00Z,IT-Sicily,124.37,15
2026-02-13T20:00:00Z,IT-South,124.37,15
2026-02-13T20:00:00Z,LT,130.61,15
2026-02-13T20:00:00Z,LV,130.61,15
2026-02-13T20:00:00Z,NL,117.90,15
2026-02-13T20:00:00Z,NO1,130.51,15
2026-02-13T20:00:00Z,NO2,123.45,15
2026-02-13T20:00:00Z,NO3,130.11,15
2026-02-13T20:00:00Z,NO4,130.46,15
2026-02-13T20:00:00Z,NO5,129.02,15
2026-02-13T20:00:00Z,PL,131.47,15
2026-02-13T20:00:00Z,PT,7.64,15
2026-02-13T20:00:00Z,RO,134.46,15
2026-02-13T20:00:00Z,RS,92.03,15
2026-02-13T20:00:00Z,SE1,130.54,15
2026-02-13T20:00:00Z,SE2,130.56,15
2026-02-13T20:00:00Z,SE3,130.60,15
2026-02-13T20:00:00Z,SE4,130.62,15
2026-02-13T20:00:00Z,SI,136.70,15
2026-02-13T20:00:00Z,SK,133.30,15
2026-02-13T20:15:00Z,AT,133.39,15
2026-02-13T20:15:00Z,BE,101.56,15
2026-02-13T20:15:00Z,CZ,128.14,15
2026-02-13T20:15:00Z,DE-LU,121.80,15
2026-02-13T20:15:00Z,DK1,121.89,15
2026-02-13T20:15:00Z,DK2,124.87,15
2026-02-13T20:15:00Z,EE,124.86,15
2026-02-13T20:15:00Z,ES,7.16,15
2026-02-13T20:15:00Z,FI,124.86,15
2026-02-13T20:15:00Z,FR,25.92,15
2026-02-13T20:15:00Z,GR,95.64,15
2026-02-13T20:15:00Z,HR,133.42,15
2026-02-13T20:15:00Z,HU,130.82,15
2026-02-13T20:15:00Z,IT-CNorth,124.37,15
2026-02-13T20:15:00Z,IT-CSouth,124.37,15
2026-02-13T20:15:00Z,IT-North,124.37,15
2026-02-13T20:15:00Z,IT-Sardinia,124.37,15
2026-02-13T20:15:00Z,IT-Sicily,124.37,15
2026-02-13T20:15:00Z,IT-South,124.37,15
2026-02-13T20:15:00Z,LT,124.86,15
2026-02-13T20:15:00Z,LV,124.86,15
2026-02-13T20:15:00Z,NL,102.10,15
2026-02-13T20:15:00Z,NO1,124.76,15
2026-02-13T20:15:00Z,NO2,118.01,15
2026-02-13T20:15:00Z,NO3,124.38,15
2026-02-13T20:15:00Z,NO4,124.71,15
2026-02-13T20:15:00Z,NO5,123.34,15
2026-02-13T20:15:00Z,PL,127.24,15
2026-02-13T20:15:00Z,PT,7.16,15
2026-02-13T20:15:00Z,RO,131.26,15
2026-02-13T20:15:00Z,RS,92.03,15
2026-02-13T20:15:00Z,SE1,124.79,15
2026-02-13T20:15:00Z,SE2,124.81,15
2026-02-13T20:15:00Z,SE3,124.85,15
2026-02-13T20:15:00Z,SE4,124.87,15
2026-02-13T20:15:00Z,SI,134.25,15
2026-02-13T20:15:00Z,SK,129.72,15
2026-02-13T20:30:00Z,AT,125.21,15
2026-02-13T20:30:00Z,BE,100.65,15
2026-02-13T20:30:00Z,CZ,120.46,15
2026-02-13T20:30:00Z,DE-LU,114.70,15
2026-02-13T20:30:00Z,DK1,114.79,15
2026-02-13T20:30:00Z,DK2,117.60,15
2026-02-13T20:30:00Z,EE,117.59,15
2026-02-13T20:30:00Z,ES,5.37,15
2026-02-13T20:30:00Z,FI,117.59,15
2026-02-13T20:30:00Z,FR,34.50,15
2026-02-13T20:30:00Z,GR,95.00,15
2026-02-13T20:30:00Z,HR,125.19,15
2026-02-13T20:30:00Z,HU,122.86,15
2026-02-13T20:30:00Z,IT-CNorth,117.84,15
2026-02-13T20:30:00Z,IT-CSouth,117.84,15
2026-02-13T20:30:00Z,IT-North,117.84,15
2026-02-13T20:30:00Z,IT-Sardinia,117.84,15
2026-02-13T20:30:00Z,IT-Sicily,117.84,15
2026-02-13T20:30:00Z,IT-South,117.84,15
2026-02-13T20:30:00Z,LT,117.59,15
2026-02-13T20:30:00Z,LV,117.59,15
2026-02-13T20:30:00Z,NL,91.87,15
2026-02-13T20:30:00Z,NO1,117.50,15
2026-02-13T20:30:00Z,NO2,111.14,15
2026-02-13T20:30:00Z,NO3,117.14,15
2026-02-13T20:30:00Z,NO4,117.45,15
2026-02-13T20:30:00Z,NO5,116.16,15
2026-02-13T20:30:00Z,PL,119.60,15
2026-02-13T20:30:00Z,PT,5.37,15
2026-02-13T20:30:00Z,RO,123.25,15
2026-02-13T20:30:00Z,RS,92.03,15
2026-02-13T20:30:00Z,SE1,117.52,15
2026-02-13T20:30:00Z,SE2,117.54,15
2026-02-13T20:30:00Z,SE3,117.58,15
2026-02-13T20:30:00Z,SE4,117.60,15
2026-02-13T20:30:00Z,SI,125.94,15
2026-02-13T20:30:00Z,SK,121.87,15
2026-02-13T20:45:00Z,AT,118.00,15
2026-02-13T20:45:00Z,BE,88.47,15
2026-02-13T20:45:00Z,CZ,112.76,15
2026-02-13T20:45:00Z,DE-LU,106.41,15
2026-02-13T20:45:00Z,DK1,106.50,15
2026-02-13T20:45:00Z,DK2,109.30,15
2026-02-13T20:45:00Z,EE,109.29,15
2026-02-13T20:45:00Z,ES,3.78,15
2026-02-13T20:45:00Z,FI,109.29,15
2026-02-13T20:45:00Z,FR,14.19,15
2026-02-13T20:45:00Z,GR,95.00,15
2026-02-13T20:45:00Z,HR,118.00,15
2026-02-13T20:45:00Z,HU,115.41,15
2026-02-13T20:45:00Z,IT-CNorth,109.50,15
2026-02-13T20:45:00Z,IT-CSouth,109.50,15
2026-02-13T20:45:00Z,IT-North,109.50,15
2026-02-13T20:45:00Z,IT-Sardinia,109.50,15
2026-02-13T20:45:00Z,IT-Sicily,109.50,15
2026-02-13T20:45:00Z,IT-South,109.50,15
2026-02-13T20:45:00Z,LT,109.29,15
2026-02-13T20:45:00Z,LV,109.29,15
2026-02-13T20:45:00Z,NL,84.10,15
2026-02-13T20:45:00Z,NO1,109.21,15
2026-02-13T20:45:00Z,NO2,103.73,15
2026-02-13T20:45:00Z,NO3,108.90,15
2026-02-13T20:45:00Z,NO4,109.17,15
2026-02-13T20:45:00Z,NO5,108.06,15
2026-02-13T20:45:00Z,PL,111.83,15
2026-02-13T20:45:00Z,PT,2.38,15
2026-02-13T20:45:00Z,RO,115.86,15
2026-02-13T20:45:00Z,RS,92.03,15
2026-02-13T20:45:00Z,SE1,109.24,15
2026-02-13T20:45:00Z,SE2,109.25,15
2026-02-13T20:45:00Z,SE3,109.28,15
2026-02-13T20:45:00Z,SE4,109.30,15
2026-02-13T20:45:00Z,SI,118.83,15
2026-02-13T20:45:00Z,SK,114.32,15
2026-02-13T21:00:00Z,AT,130.13,15
2026-02-13T21:00:00Z,BE,107.37,15
2026-02-13T21:00:00Z,CH,112.41,60
2026-02-13T21:00:00Z,CZ,125.52,15
2026-02-13T21:00:00Z,DE-LU,119.88,15
2026-02-13T21:00:00Z,DK1,119.97,15
2026-02-13T21:00:00Z,DK2,122.90,15
2026-02-13T21:00:00Z,EE,124.73,15
2026-02-13T21:00:00Z,ES,3.78,15
2026-02-13T21:00:00Z,FI,124.72,15
2026-02-13T21:00:00Z,FR,44.41,15
2026-02-13T21:00:00Z,GR,92.60,15
2026-02-13T21:00:00Z,HR,130.12,15
2026-02-13T21:00:00Z,HU,127.82,15
2026-02-13T21:00:00Z,IT-CNorth,109.58,15
2026-02-13T21:00:00Z,IT-CSouth,109.58,15
2026-02-13T21:00:00Z,IT-North,109.58,15
2026-02-13T21:00:00Z,IT-Sardinia,109.58,15
2026-02-13T21:00:00Z,IT-Sicily,109.58,15
2026-02-13T21:00:00Z,IT-South,109.58,15
2026-02-13T21:00:00Z,LT,124.73,15
2026-02-13T21:00:00Z,LV,124.73,15
2026-02-13T21:00:00Z,NL,96.20,15
2026-02-13T21:00:00Z,NO1,122.79,15
2026-02-13T21:00:00Z,NO2,115.54,15
2026-02-13T21:00:00Z,NO3,122.38,15
2026-02-13T21:00:00Z,NO4,122.78,15
2026-02-13T21:00:00Z,NO5,121.28,15
2026-02-13T21:00:00Z,PL,124.73,15
2026-02-13T21:00:00Z,PT,2.33,15
2026-02-13T21:00:00Z,RO,128.26,15
2026-02-13T21:00:00Z,RS,89.93,15
2026-02-13T21:00:00Z,SE1,122.82,15
2026-02-13T21:00:00Z,SE2,122.84,15
2026-02-13T21:00:00Z,SE3,122.88,15
2026-02-13T21:00:00Z,SE4,122.90,15
2026-02-13T21:00:00Z,SI,130.82,15
2026-02-13T21:00:00Z,SK,126.87,15
2026-02-13T21:15:00Z,AT,120.88,15
2026-02-13T21:15:00Z,BE,89.98,15
2026-02-13T21:15:00Z,CZ,116.15,15
2026-02-13T21:15:00Z,DE-LU,110.36,15
2026-02-13T21:15:00Z,DK1,110.45,15
2026-02-13T21:15:00Z,DK2,113.15,15
2026-02-13T21:15:00Z,EE,113.83,15
2026-02-13T21:15:00Z,ES,2.10,15
2026-02-13T21:15:00Z,FI,113.82,15
2026-02-13T21:15:00Z,FR,21.25,15
2026-02-13T21:15:00Z,GR,90.71,15
2026-02-13T21:15:00Z,HR,120.96,15
2026-02-13T21:15:00Z,HU,118.57,15
2026-02-13T21:15:00Z,IT-CNorth,109.50,15
2026-02-13T21:15:00Z,IT-CSouth,109.50,15
2026-02-13T21:15:00Z,IT-North,109.50,15
2026-02-13T21:15:00Z,IT-Sardinia,109.50,15
2026-02-13T21:15:00Z,IT-Sicily,109.50,15
2026-02-13T21:15:00Z,IT-South,109.50,15
2026-02-13T21:15:00Z,LT,113.83,15
2026-02-13T21:15:00Z,LV,113.83,15
2026-02-13T21:15:00Z,NL,95.02,15
2026-02-13T21:15:00Z,NO1,113.05,15
2026-02-13T21:15:00Z,NO2,106.94,15
2026-02-13T21:15:00Z,NO3,112.71,15
2026-02-13T21:15:00Z,NO4,113.02,15
2026-02-13T21:15:00Z,NO5,111.78,15
2026-02-13T21:15:00Z,PL,115.40,15
2026-02-13T21:15:00Z,PT,0.91,15
2026-02-13T21:15:00Z,RO,119.03,15
2026-02-13T21:15:00Z,RS,89.93,15
2026-02-13T21:15:00Z,SE1,113.08,15
2026-02-13T21:15:00Z,SE2,113.10,15
2026-02-13T21:15:00Z,SE3,113.13,15
2026-02-13T21:15:00Z,SE4,113.15,15
2026-02-13T21:15:00Z,SI,121.69,15
2026-02-13T21:15:00Z,SK,117.58,15
2026-02-13T21:30:00Z,AT,112.70,15
2026-02-13T21:30:00Z,BE,93.28,15
2026-02-13T21:30:00Z,CZ,110.00,15
2026-02-13T21:30:00Z,DE-LU,106.71,15
2026-02-13T21:30:00Z,DK1,106.79,15
2026-02-13T21:30:00Z,DK2,109.40,15
2026-02-13T21:30:00Z,EE,109.38,15
2026-02-13T21:30:00Z,ES,1.98,15
2026-02-13T21:30:00Z,FI,109.38,15
2026-02-13T21:30:00Z,FR,53.12,15
2026-02-13T21:30:00Z,GR,90.32,15
2026-02-13T21:30:00Z,HR,112.77,15
2026-02-13T21:30:00Z,HU,111.39,15
2026-02-13T21:30:00Z,IT-CNorth,109.50,15
2026-02-13T21:30:00Z,IT-CSouth,109.50,15
2026-02-13T21:30:00Z,IT-North,109.50,15
2026-02-13T21:30:00Z,IT-Sardinia,109.50,15
2026-02-13T21:30:00Z,IT-Sicily,109.50,15
2026-02-13T21:30:00Z,IT-South,109.50,15
2026-02-13T21:30:00Z,LT,109.38,15
2026-02-13T21:30:00Z,LV,109.38,15
2026-02-13T21:30:00Z,NL,100.10,15
2026-02-13T21:30:00Z,NO1,109.28,15
2026-02-13T21:30:00Z,NO2,101.92,15
2026-02-13T21:30:00Z,NO3,108.86,15
2026-02-13T21:30:00Z,NO4,109.22,15
2026-02-13T21:30:00Z,NO5,107.74,15
2026-02-13T21:30:00Z,PL,109.59,15
2026-02-13T21:30:00Z,PT,0.79,15
2026-02-13T21:30:00Z,RO,111.66,15
2026-02-13T21:30:00Z,RS,89.93,15
2026-02-13T21:30:00Z,SE1,109.31,15
2026-02-13T21:30:00Z,SE2,109.33,15
2026-02-13T21:30:00Z,SE3,109.38,15
2026-02-13T21:30:00Z,SE4,109.39,15
2026-02-13T21:30:00Z,SI,113.19,15
2026-02-13T21:30:00Z,SK,110.83,15
2026-02-13T21:45:00Z,AT,109.49,15
2026-02-13T21:45:00Z,BE,87.95,15
2026-02-13T21:45:00Z,CZ,106.50,15
2026-02-13T21:45:00Z,DE-LU,102.84,15
2026-02-13T21:45:00Z,DK1,102.94,15
2026-02-13T21:45:00Z,DK2,106.05,15
2026-02-13T21:45:00Z,EE,106.04,15
2026-02-13T21:45:00Z,ES,1.00,15
2026-02-13T21:45:00Z,FI,106.04,15
2026-02-13T21:45:00Z,FR,43.39,15
2026-02-13T21:45:00Z,GR,90.40,15
2026-02-13T21:45:00Z,HR,109.57,15
2026-02-13T21:45:00Z,HU,108.04,15
2026-02-13T21:45:00Z,IT-CNorth,107.73,15
2026-02-13T21:45:00Z,IT-CSouth,107.73,15
2026-02-13T21:45:00Z,IT-North,107.73,15
2026-02-13T21:45:00Z,IT-Sardinia,107.73,15
2026-02-13T21:45:00Z,IT-Sicily,107.73,15
2026-02-13T21:45:00Z,IT-South,107.73,15
2026-02-13T21:45:00Z,LT,106.04,15
2026-02-13T21:45:00Z,LV,106.04,15
2026-02-13T21:45:00Z,NL,95.51,15
2026-02-13T21:45:00Z,NO1,105.98,15
2026-02-13T21:45:00Z,NO2,101.34,15
2026-02-13T21:45:00Z,NO3,105.71,15
2026-02-13T21:45:00Z,NO4,105.94,15
2026-02-13T21:45:00Z,NO5,105.01,15
2026-02-13T21:45:00Z,PL,106.04,15
2026-02-13T21:45:00Z,PT,0.41,15
2026-02-13T21:45:00Z,RO,108.33,15
2026-02-13T21:45:00Z,RS,89.93,15
2026-02-13T21:45:00Z,SE1,106.00,15
2026-02-13T21:45:00Z,SE2,106.01,15
2026-02-13T21:45:00Z,SE3,106.04,15
2026-02-13T21:45:00Z,SE4,106.05,15
2026-02-13T21:45:00Z,SI,110.03,15
2026-02-13T21:45:00Z,SK,107.41,15
2026-02-13T22:00:00Z,AT,112.64,15
2026-02-13T22:00:00Z,BE,91.98,15
2026-02-13T22:00:00Z,CH,106.38,60
2026-02-13T22:00:00Z,CZ,109.77,15
2026-02-13T22:00:00Z,DE-LU,106.35,15
2026-02-13T22:00:00Z,DK1,106.42,15
2026-02-13T22:00:00Z,DK2,108.97,15
2026-02-13T22:00:00Z,EE,109.33,15
2026-02-13T22:00:00Z,ES,0.47,15
2026-02-13T22:00:00Z,FI,109.33,15
2026-02-13T22:00:00Z,FR,49.02,15
2026-02-13T22:00:00Z,GR,90.04,15
2026-02-13T22:00:00Z,HR,112.68,15
2026-02-13T22:00:00Z,HU,111.25,15
2026-02-13T22:00:00Z,IT-CNorth,107.90,15
2026-02-13T22:00:00Z,IT-CSouth,107.90,15
2026-02-13T22:00:00Z,IT-North,107.90,15
2026-02-13T22:00:00Z,IT-Sardinia,107.90,15
2026-02-13T22:00:00Z,IT-Sicily,107.90,15
2026-02-13T22:00:00Z,IT-South,107.90,15
2026-02-13T22:00:00Z,LT,109.33,15
2026-02-13T22:00:00Z,LV,109.33,15
2026-02-13T22:00:00Z,NL,99.23,15
2026-02-13T22:00:00Z,NO1,108.85,15
2026-02-13T22:00:00Z,NO2,101.41,15
2026-02-13T22:00:00Z,NO3,108.44,15
2026-02-13T22:00:00Z,NO4,108.80,15
2026-02-13T22:00:00Z,NO5,107.31,15
2026-02-13T22:00:00Z,PL,109.33,15
2026-02-13T22:00:00Z,PT,0.33,15
2026-02-13T22:00:00Z,RO,111.53,15
2026-02-13T22:00:00Z,RS,89.98,15
2026-02-13T22:00:00Z,SE1,108.88,15
2026-02-13T22:00:00Z,SE2,108.90,15
2026-02-13T22:00:00Z,SE3,108.95,15
2026-02-13T22:00:00Z,SE4,108.97,15
2026-02-13T22:00:00Z,SI,113.16,15
2026-02-13T22:00:00Z,SK,110.65,15
2026-02-13T22:15:00Z,AT,110.42,15
2026-02-13T22:15:00Z,BE,83.35,15
2026-02-13T22:15:00Z,CZ,106.66,15
2026-02-13T22:15:00Z,DE-LU,102.19,15
2026-02-13T22:15:00Z,DK1,102.29,15
2026-02-13T22:15:00Z,DK2,106.08,15
2026-02-13T22:15:00Z,EE,106.09,15
2026-02-13T22:15:00Z,ES,0.05,15
2026-02-13T22:15:00Z,FI,106.09,15
2026-02-13T22:15:00Z,FR,27.05,15
2026-02-13T22:15:00Z,GR,90.00,15
2026-02-13T22:15:00Z,HR,110.48,15
2026-02-13T22:15:00Z,HU,108.60,15
2026-02-13T22:15:00Z,IT-CNorth,105.71,15
2026-02-13T22:15:00Z,IT-CSouth,105.71,15
2026-02-13T22:15:00Z,IT-North,105.71,15
2026-02-13T22:15:00Z,IT-Sardinia,105.71,15
2026-02-13T22:15:00Z,IT-Sicily,105.71,15
2026-02-13T22:15:00Z,IT-South,105.71,15
2026-02-13T22:15:00Z,LT,106.09,15
2026-02-13T22:15:00Z,LV,106.09,15
2026-02-13T22:15:00Z,NL,92.85,15
2026-02-13T22:15:00Z,NO1,105.99,15
2026-02-13T22:15:00Z,NO2,100.43,15
2026-02-13T22:15:00Z,NO3,105.68,15
2026-02-13T22:15:00Z,NO4,105.95,15
2026-02-13T22:15:00Z,NO5,104.84,15
2026-02-13T22:15:00Z,PL,106.09,15
2026-02-13T22:15:00Z,PT,0.05,15
2026-02-13T22:15:00Z,RO,108.97,15
2026-02-13T22:15:00Z,RS,89.98,15
2026-02-13T22:15:00Z,SE1,106.02,15
2026-02-13T22:15:00Z,SE2,106.03,15
2026-02-13T22:15:00Z,SE3,106.07,15
2026-02-13T22:15:00Z,SE4,106.08,15
2026-02-13T22:15:00Z,SI,111.10,15
2026-02-13T22:15:00Z,SK,107.81,15
2026-02-13T22:30:00Z,AT,105.89,15
2026-02-13T22:30:00Z,BE,88.90,15
2026-02-13T22:30:00Z,CZ,103.53,15
2026-02-13T22:30:00Z,DE-LU,100.72,15
2026-02-13T22:30:00Z,DK1,100.81,15
2026-02-13T22:30:00Z,DK2,104.00,15
2026-02-13T22:30:00Z,EE,103.98,15
2026-02-13T22:30:00Z,ES,0.01,15
2026-02-13T22:30:00Z,FI,103.98,15
2026-02-13T22:30:00Z,FR,53.58,15
2026-02-13T22:30:00Z,GR,90.00,15
2026-02-13T22:30:00Z,HR,105.93,15
2026-02-13T22:30:00Z,HU,104.75,15
2026-02-13T22:30:00Z,IT-CNorth,104.80,15
2026-02-13T22:30:00Z,IT-CSouth,104.80,15
2026-02-13T22:30:00Z,IT-North,104.80,15
2026-02-13T22:30:00Z,IT-Sardinia,104.80,15
2026-02-13T22:30:00Z,IT-Sicily,104.80,15
2026-02-13T22:30:00Z,IT-South,104.80,15
2026-02-13T22:30:00Z,LT,103.98,15
2026-02-13T22:30:00Z,LV,103.98,15
2026-02-13T22:30:00Z,NL,94.87,15
2026-02-13T22:30:00Z,NO1,103.94,15
2026-02-13T22:30:00Z,NO2,100.00,15
2026-02-13T22:30:00Z,NO3,103.72,15
2026-02-13T22:30:00Z,NO4,103.91,15
2026-02-13T22:30:00Z,NO5,103.12,15
2026-02-13T22:30:00Z,PL,103.17,15
2026-02-13T22:30:00Z,PT,0.01,15
2026-02-13T22:30:00Z,RO,104.98,15
2026-02-13T22:30:00Z,RS,89.98,15
2026-02-13T22:30:00Z,SE1,103.96,15
2026-02-13T22:30:00Z,SE2,103.97,15
2026-02-13T22:30:00Z,SE3,103.99,15
2026-02-13T22:30:00Z,SE4,104.00,15
2026-02-13T22:30:00Z,SI,106.32,15
2026-02-13T22:30:00Z,SK,104.25,15
2026-02-13T22:45:00Z,AT,101.99,15
2026-02-13T22:45:00Z,BE,76.30,15
2026-02-13T22:45:00Z,CZ,98.42,15
2026-02-13T22:45:00Z,DE-LU,94.17,15
2026-02-13T22:45:00Z,DK1,94.43,15
2026-02-13T22:45:00Z,DK2,103.60,15
2026-02-13T22:45:00Z,EE,103.59,15
2026-02-13T22:45:00Z,ES,0.01,15
2026-02-13T22:45:00Z,FI,103.59,15
2026-02-13T22:45:00Z,FR,22.90,15
2026-02-13T22:45:00Z,GR,89.87,15
2026-02-13T22:45:00Z,HR,102.04,15
2026-02-13T22:45:00Z,HU,100.26,15
2026-02-13T22:45:00Z,IT-CNorth,101.99,15
2026-02-13T22:45:00Z,IT-CSouth,101.99,15
2026-02-13T22:45:00Z,IT-North,101.99,15
2026-02-13T22:45:00Z,IT-Sardinia,101.99,15
2026-02-13T22:45:00Z,IT-Sicily,101.99,15
2026-02-13T22:45:00Z,IT-South,101.99,15
2026-02-13T22:45:00Z,LT,103.59,15
2026-02-13T22:45:00Z,LV,103.59,15
2026-02-13T22:45:00Z,NL,85.32,15
2026-02-13T22:45:00Z,NO1,103.50,15
2026-02-13T22:45:00Z,NO2,97.42,15
2026-02-13T22:45:00Z,NO3,103.16,15
2026-02-13T22:45:00Z,NO4,103.45,15
2026-02-13T22:45:00Z,NO5,102.24,15
2026-02-13T22:45:00Z,PL,101.93,15
2026-02-13T22:45:00Z,PT,0.01,15
2026-02-13T22:45:00Z,RO,100.62,15
2026-02-13T22:45:00Z,RS,89.98,15
2026-02-13T22:45:00Z,SE1,103.53,15
2026-02-13T22:45:00Z,SE2,103.54,15
2026-02-13T22:45:00Z,SE3,103.58,15
2026-02-13T22:45:00Z,SE4,103.60,15
2026-02-13T22:45:00Z,SI,102.64,15
2026-02-13T22:45:00Z,SK,99.51,15
2026-02-13T23:00:00Z,AT,109.71,15
2026-02-13T23:00:00Z,BE,89.41,15
2026-02-13T23:00:00Z,CH,107.55,60
2026-02-13T23:00:00Z,CZ,107.18,15
2026-02-13T23:00:00Z,DE-LU,103.97,15
2026-02-13T23:00:00Z,DK1,104.05,15
2026-02-13T23:00:00Z,DK2,106.60,15
2026-02-13T23:00:00Z,EE,106.78,15
2026-02-13T23:00:00Z,ES,0.11,15
2026-02-13T23:00:00Z,FI,122.77,15
2026-02-13T23:00:00Z,FR,47.80,15
2026-02-13T23:00:00Z,GR,91.86,15
2026-02-13T23:00:00Z,HR,109.88,15
2026-02-13T23:00:00Z,HU,108.56,15
2026-02-13T23:00:00Z,IT-CNorth,110.32,15
2026-02-13T23:00:00Z,IT-CSouth,110.32,15
2026-02-13T23:00:00Z,IT-North,110.32,15
2026-02-13T23:00:00Z,IT-Sardinia,110.32,15
2026-02-13T23:00:00Z,IT-Sicily,110.32,15
2026-02-13T23:00:00Z,IT-South,110.32,15
2026-02-13T23:00:00Z,LT,106.78,15
2026-02-13T23:00:00Z,LV,106.78,15
2026-02-13T23:00:00Z,NL,97.15,15
2026-02-13T23:00:00Z,NO1,106.55,15
2026-02-13T23:00:00Z,NO2,100.03,15
2026-02-13T23:00:00Z,NO3,106.30,15
2026-02-13T23:00:00Z,NO4,106.96,15
2026-02-13T23:00:00Z,NO5,105.33,15
2026-02-13T23:00:00Z,PL,106.78,15
2026-02-13T23:00:00Z,PT,0.11,15
2026-02-13T23:00:00Z,RO,108.80,15
2026-02-13T23:00:00Z,RS,97.71,15
2026-02-13T23:00:00Z,SE1,106.52,15
2026-02-13T23:00:00Z,SE2,106.55,15
2026-02-13T23:00:00Z,SE3,106.58,15
2026-02-13T23:00:00Z,SE4,106.59,15
2026-02-13T23:00:00Z,SI,110.32,15
2026-02-13T23:00:00Z,SK,107.98,15
2026-02-13T23:15:00Z,AT,104.39,15
2026-02-13T23:15:00Z,BE,84.28,15
2026-02-13T23:15:00Z,CZ,101.88,15
2026-02-13T23:15:00Z,DE-LU,98.70,15
2026-02-13T23:15:00Z,DK1,98.89,15
2026-02-13T23:15:00Z,DK2,104.77,15
2026-02-13T23:15:00Z,EE,104.77,15
2026-02-13T23:15:00Z,ES,0.03,15
2026-02-13T23:15:00Z,FI,104.77,15
2026-02-13T23:15:00Z,FR,43.07,15
2026-02-13T23:15:00Z,GR,91.61,15
2026-02-13T23:15:00Z,HR,104.56,15
2026-02-13T23:15:00Z,HU,103.25,15
2026-02-13T23:15:00Z,IT-CNorth,104.99,15
2026-02-13T23:15:00Z,IT-CSouth,104.99,15
2026-02-13T23:15:00Z,IT-North,104.99,15
2026-02-13T23:15:00Z,IT-Sardinia,104.99,15
2026-02-13T23:15:00Z,IT-Sicily,104.99,15
2026-02-13T23:15:00Z,IT-South,104.99,15
2026-02-13T23:15:00Z,LT,104.77,15
2026-02-13T23:15:00Z,LV,104.77,15
2026-02-13T23:15:00Z,NL,91.95,15
2026-02-13T23:15:00Z,NO1,104.73,15
2026-02-13T23:15:00Z,NO2,99.98,15
2026-02-13T23:15:00Z,NO3,104.52,15
2026-02-13T23:15:00Z,NO4,104.69,15
2026-02-13T23:15:00Z,NO5,103.83,15
2026-02-13T23:15:00Z,PL,102.35,15
2026-02-13T23:15:00Z,PT,0.03,15
2026-02-13T23:15:00Z,RO,103.49,15
2026-02-13T23:15:00Z,RS,97.71,15
2026-02-13T23:15:00Z,SE1,104.73,15
2026-02-13T23:15:00Z,SE2,104.74,15
2026-02-13T23:15:00Z,SE3,104.76,15
2026-02-13T23:15:00Z,SE4,104.77,15
2026-02-13T23:15:00Z,SI,104.99,15
2026-02-13T23:15:00Z,SK,102.67,15
2026-02-13T23:30:00Z,AT,100.38,15
2026-02-13T23:30:00Z,BE,77.87,15
2026-02-13T23:30:00Z,CZ,97.58,15
2026-02-13T23:30:00Z,DE-LU,94.02,15
2026-02-13T23:30:00Z,DK1,94.37,15
2026-02-13T23:30:00Z,DK2,105.58,15
2026-02-13T23:30:00Z,EE,105.57,15
2026-02-13T23:30:00Z,ES,0.01,15
2026-02-13T23:30:00Z,FI,105.57,15
2026-02-13T23:30:00Z,FR,31.72,15
2026-02-13T23:30:00Z,GR,93.92,15
2026-02-13T23:30:00Z,HR,100.57,15
2026-02-13T23:30:00Z,HU,99.10,15
2026-02-13T23:30:00Z,IT-CNorth,100.38,15
2026-02-13T23:30:00Z,IT-CSouth,100.38,15
2026-02-13T23:30:00Z,IT-North,100.38,15
2026-02-13T23:30:00Z,IT-Sardinia,100.38,15
2026-02-13T23:30:00Z,IT-Sicily,100.38,15
2026-02-13T23:30:00Z,IT-South,100.38,15
2026-02-13T23:30:00Z,LT,105.57,15
2026-02-13T23:30:00Z,LV,105.57,15
2026-02-13T23:30:00Z,NL,86.45,15
2026-02-13T23:30:00Z,NO1,105.52,15
2026-02-13T23:30:00Z,NO2,99.11,15
2026-02-13T23:30:00Z,NO3,105.25,15
2026-02-13T23:30:00Z,NO4,105.47,15
2026-02-13T23:30:00Z,NO5,104.32,15
2026-02-13T23:30:00Z,PL,99.18,15
2026-02-13T23:30:00Z,PT,0.01,15
2026-02-13T23:30:00Z,RO,99.38,15
2026-02-13T23:30:00Z,RS,97.71,15
2026-02-13T23:30:00Z,SE1,105.53,15
2026-02-13T23:30:00Z,SE2,105.54,15
2026-02-13T23:30:00Z,SE3,105.57,15
2026-02-13T23:30:00Z,SE4,105.58,15
2026-02-13T23:30:00Z,SI,101.06,15
2026-02-13T23:30:00Z,SK,98.46,15
2026-02-13T23:45:00Z,AT,99.08,15
2026-02-13T23:45:00Z,BE,71.50,15
2026-02-13T23:45:00Z,CZ,95.64,15
2026-02-13T23:45:00Z,DE-LU,91.28,15
2026-02-13T23:45:00Z,DK1,91.75,15
2026-02-13T23:45:00Z,DK2,106.59,15
2026-02-13T23:45:00Z,EE,106.56,15
2026-02-13T23:45:00Z,ES,0.00,15
2026-02-13T23:45:00Z,FI,106.56,15
2026-02-13T23:45:00Z,FR,15.00,15
2026-02-13T23:45:00Z,GR,94.08,15
2026-02-13T23:45:00Z,HR,99.31,15
2026-02-13T23:45:00Z,HU,97.51,15
2026-02-13T23:45:00Z,IT-CNorth,99.08,15
2026-02-13T23:45:00Z,IT-CSouth,99.08,15
2026-02-13T23:45:00Z,IT-North,99.08,15
2026-02-13T23:45:00Z,IT-Sardinia,99.08,15
2026-02-13T23:45:00Z,IT-Sicily,99.08,15
2026-02-13T23:45:00Z,IT-South,99.08,15
2026-02-13T23:45:00Z,LT,106.56,15
2026-02-13T23:45:00Z,LV,106.56,15
2026-02-13T23:45:00Z,NL,82.02,15
2026-02-13T23:45:00Z,NO1,105.74,15
2026-02-13T23:45:00Z,NO2,96.49,15
2026-02-13T23:45:00Z,NO3,105.42,15
2026-02-13T23:45:00Z,NO4,106.18,15
2026-02-13T23:45:00Z,NO5,103.43,15
2026-02-13T23:45:00Z,PL,99.18,15
2026-02-13T23:45:00Z,PT,0.00,15
2026-02-13T23:45:00Z,RO,97.85,15
2026-02-13T23:45:00Z,RS,97.71,15
2026-02-13T23:45:00Z,SE1,106.39,15
2026-02-13T23:45:00Z,SE2,106.44,15
2026-02-13T23:45:00Z,SE3,106.54,15
2026-02-13T23:45:00Z,SE4,106.58,15
2026-02-13T23:45:00Z,SI,99.90,15
2026-02-13T23:45:00Z,SK,96.72,15
