timestamp_utc,zone,price_eur_mwh,resolution_min
2026-09-06T00:00:00Z,AT,185.32,15
2026-09-06T00:00:00Z,BE,176.14,15
2026-09-06T00:00:00Z,CH,145.00,60
2026-09-06T00:00:00Z,CZ,121.00,15
2026-09-06T00:00:00Z,DE-LU,136.79,15
2026-09-06T00:00:00Z,DK1,71.84,15
2026-09-06T00:00:00Z,DK2,83.78,15
2026-09-06T00:00:00Z,EE,1.99,15
2026-09-06T00:00:00Z,ES,205.00,15
2026-09-06T00:00:00Z,FI,2.00,15
2026-09-06T00:00:00Z,FR,167.77,15
2026-09-06T00:00:00Z,GR,166.89,15
2026-09-06T00:00:00Z,HR,174.38,15
2026-09-06T00:00:00Z,HU,166.78,15
2026-09-06T00:00:00Z,IT-CNorth,205.00,15
2026-09-06T00:00:00Z,IT-CSouth,205.00,15
2026-09-06T00:00:00Z,IT-North,205.00,15
2026-09-06T00:00:00Z,IT-Sardinia,205.00,15
2026-09-06T00:00:00Z,IT-Sicily,250.00,15
2026-09-06T00:00:00Z,IT-South,205.00,15
2026-09-06T00:00:00Z,LT,12.74,15
2026-09-06T00:00:00Z,LV,12.74,15
2026-09-06T00:00:00Z,NL,197.00,15
2026-09-06T00:00:00Z,NO1,123.78,15
2026-09-06T00:00:00Z,NO2,126.11,15
2026-09-06T00:00:00Z,NO3,97.34,15
2026-09-06T00:00:00Z,NO4,17.60,15
2026-09-06T00:00:00Z,NO5,127.67,15
2026-09-06T00:00:00Z,PL,112.62,15
2026-09-06T00:00:00Z,PT,205.00,15
2026-09-06T00:00:00Z,RO,166.27,15
2026-09-06T00:00:00Z,RS,75.02,15
2026-09-06T00:00:00Z,SE1,2.23,15
2026-09-06T00:00:00Z,SE2,5.17,15
2026-09-06T00:00:00Z,SE3,10.00,15
2026-09-06T00:00:00Z,SE4,13.21,15
2026-09-06T00:00:00Z,SI,177.97,15
2026-09-06T00:00:00Z,SK,146.77,15
2026-09-06T00:15:00Z,AT,176.67,15
2026-09-06T00:15:00Z,BE,171.11,15
2026-09-06T00:15:00Z,CZ,128.00,15
2026-09-06T00:15:00Z,DE-LU,137.11,15
2026-09-06T00:15:00Z,DK1,75.48,15
2026-09-06T00:15:00Z,DK2,86.00,15
2026-09-06T00:15:00Z,EE,1.99,15
2026-09-06T00:15:00Z,ES,204.24,15
2026-09-06T00:15:00Z,FI,2.00,15
2026-09-06T00:15:00Z,FR,163.72,15
2026-09-06T00:15:00Z,GR,162.64,15
2026-09-06T00:15:00Z,HR,168.48,15
2026-09-06T00:15:00Z,HU,162.77,15
2026-09-06T00:15:00Z,IT-CNorth,205.00,15
2026-09-06T00:15:00Z,IT-CSouth,205.00,15
2026-09-06T00:15:00Z,IT-North,205.00,15
2026-09-06T00:15:00Z,IT-Sardinia,205.00,15
2026-09-06T00:15:00Z,IT-Sicily,250.00,15
2026-09-06T00:15:00Z,IT-South,205.00,15
2026-09-06T00:15:00Z,LT,15.02,15
2026-09-06T00:15:00Z,LV,15.02,15
2026-09-06T00:15:00Z,NL,189.30,15
2026-09-06T00:15:00Z,NO1,126.02,15
2026-09-06T00:15:00Z,NO2,128.49,15
2026-09-06T00:15:00Z,NO3,98.39,15
2026-09-06T00:15:00Z,NO4,17.51,15
2026-09-06T00:15:00Z,NO5,129.91,15
2026-09-06T00:15:00Z,PL,115.86,15
2026-09-06T00:15:00Z,PT,204.24,15
2026-09-06T00:15:00Z,RO,162.18,15
2026-09-06T00:15:00Z,RS,75.02,15
2026-09-06T00:15:00Z,SE1,2.25,15
2026-09-06T00:15:00Z,SE2,4.10,15
2026-09-06T00:15:00Z,SE3,10.91,15
2026-09-06T00:15:00Z,SE4,15.38,15
2026-09-06T00:15:00Z,SI,171.22,15
2026-09-06T00:15:00Z,SK,147.00,15
2026-09-06T00:30:00Z,AT,168.10,15
2026-09-06T00:30:00Z,BE,166.50,15
2026-09-06T00:30:00Z,CZ,132.52,15
2026-09-06T00:30:00Z,DE-LU,135.83,15
2026-09-06T00:30:00Z,DK1,79.46,15
2026-09-06T00:30:00Z,DK2,88.94,15
2026-09-06T00:30:00Z,EE,1.99,15
2026-09-06T00:30:00Z,ES,202.12,15
2026-09-06T00:30:00Z,FI,1.99,15
2026-09-06T00:30:00Z,FR,159.57,15
2026-09-06T00:30:00Z,GR,157.74,15
2026-09-06T00:30:00Z,HR,162.23,15
2026-09-06T00:30:00Z,HU,158.05,15
2026-09-06T00:30:00Z,IT-CNorth,200.00,15
2026-09-06T00:30:00Z,IT-CSouth,200.00,15
2026-09-06T00:30:00Z,IT-North,200.00,15
2026-09-06T00:30:00Z,IT-Sardinia,200.00,15
2026-09-06T00:30:00Z,IT-Sicily,250.00,15
2026-09-06T00:30:00Z,IT-South,200.00,15
2026-09-06T00:30:00Z,LT,16.47,15
2026-09-06T00:30:00Z,LV,16.47,15
2026-09-06T00:30:00Z,NL,183.19,15
2026-09-06T00:30:00Z,NO1,125.93,15
2026-09-06T00:30:00Z,NO2,128.44,15
2026-09-06T00:30:00Z,NO3,98.06,15
2026-09-06T00:30:00Z,NO4,17.53,15
2026-09-06T00:30:00Z,NO5,129.76,15
2026-09-06T00:30:00Z,PL,117.25,15
2026-09-06T00:30:00Z,PT,202.12,15
2026-09-06T00:30:00Z,RO,157.41,15
2026-09-06T00:30:00Z,RS,75.02,15
2026-09-06T00:30:00Z,SE1,2.25,15
2026-09-06T00:30:00Z,SE2,3.94,15
2026-09-06T00:30:00Z,SE3,11.70,15
2026-09-06T00:30:00Z,SE4,16.81,15
2026-09-06T00:30:00Z,SI,164.27,15
2026-09-06T00:30:00Z,SK,145.83,15
2026-09-06T00:45:00Z,AT,159.78,15
2026-09-06T00:45:00Z,BE,155.38,15
2026-09-06T00:45:00Z,CZ,127.00,15
2026-09-06T00:45:00Z,DE-LU,132.01,15
2026-09-06T00:45:00Z,DK1,80.62,15
2026-09-06T00:45:00Z,DK2,90.09,15
2026-09-06T00:45:00Z,EE,1.99,15
2026-09-06T00:45:00Z,ES,200.48,15
2026-09-06T00:45:00Z,FI,1.99,15
2026-09-06T00:45:00Z,FR,150.39,15
2026-09-06T00:45:00Z,GR,150.31,15
2026-09-06T00:45:00Z,HR,154.29,15
2026-09-06T00:45:00Z,HU,150.53,15
2026-09-06T00:45:00Z,IT-CNorth,193.73,15
2026-09-06T00:45:00Z,IT-CSouth,193.73,15
2026-09-06T00:45:00Z,IT-North,193.73,15
2026-09-06T00:45:00Z,IT-Sardinia,193.73,15
2026-09-06T00:45:00Z,IT-Sicily,250.00,15
2026-09-06T00:45:00Z,IT-South,193.73,15
2026-09-06T00:45:00Z,LT,26.86,15
2026-09-06T00:45:00Z,LV,26.86,15
2026-09-06T00:45:00Z,NL,167.78,15
2026-09-06T00:45:00Z,NO1,126.75,15
2026-09-06T00:45:00Z,NO2,129.63,15
2026-09-06T00:45:00Z,NO3,96.33,15
2026-09-06T00:45:00Z,NO4,17.42,15
2026-09-06T00:45:00Z,NO5,130.20,15
2026-09-06T00:45:00Z,PL,115.86,15
2026-09-06T00:45:00Z,PT,200.48,15
2026-09-06T00:45:00Z,RO,150.01,15
2026-09-06T00:45:00Z,RS,75.02,15
2026-09-06T00:45:00Z,SE1,2.26,15
2026-09-06T00:45:00Z,SE2,2.97,15
2026-09-06T00:45:00Z,SE3,17.39,15
2026-09-06T00:45:00Z,SE4,26.97,15
2026-09-06T00:45:00Z,SI,156.14,15
2026-09-06T00:45:00Z,SK,139.60,15
2026-09-06T01:00:00Z,AT,173.83,15
2026-09-06T01:00:00Z,BE,160.07,15
2026-09-06T01:00:00Z,CH,142.71,60
2026-09-06T01:00:00Z,CZ,122.00,15
2026-09-06T01:00:00Z,DE-LU,136.89,15
2026-09-06T01:00:00Z,DK1,87.22,15
2026-09-06T01:00:00Z,DK2,95.47,15
2026-09-06T01:00:00Z,EE,1.99,15
2026-09-06T01:00:00Z,ES,199.50,15
2026-09-06T01:00:00Z,FI,2.00,15
2026-09-06T01:00:00Z,FR,155.85,15
2026-09-06T01:00:00Z,GR,159.07,15
2026-09-06T01:00:00Z,HR,164.95,15
2026-09-06T01:00:00Z,HU,159.06,15
2026-09-06T01:00:00Z,IT-CNorth,192.71,15
2026-09-06T01:00:00Z,IT-CSouth,192.71,15
2026-09-06T01:00:00Z,IT-North,192.71,15
2026-09-06T01:00:00Z,IT-Sardinia,192.71,15
2026-09-06T01:00:00Z,IT-Sicily,282.44,15
2026-09-06T01:00:00Z,IT-South,192.71,15
2026-09-06T01:00:00Z,LT,11.00,15
2026-09-06T01:00:00Z,LV,11.00,15
2026-09-06T01:00:00Z,NL,171.53,15
2026-09-06T01:00:00Z,NO1,127.04,15
2026-09-06T01:00:00Z,NO2,129.58,15
2026-09-06T01:00:00Z,NO3,99.53,15
2026-09-06T01:00:00Z,NO4,17.32,15
2026-09-06T01:00:00Z,NO5,131.21,15
2026-09-06T01:00:00Z,PL,115.86,15
2026-09-06T01:00:00Z,PT,199.50,15
2026-09-06T01:00:00Z,RO,158.62,15
2026-09-06T01:00:00Z,RS,75.09,15
2026-09-06T01:00:00Z,SE1,2.22,15
2026-09-06T01:00:00Z,SE2,5.49,15
2026-09-06T01:00:00Z,SE3,9.09,15
2026-09-06T01:00:00Z,SE4,11.51,15
2026-09-06T01:00:00Z,SI,167.77,15
2026-09-06T01:00:00Z,SK,143.23,15
2026-09-06T01:15:00Z,AT,168.18,15
2026-09-06T01:15:00Z,BE,154.27,15
2026-09-06T01:15:00Z,CZ,127.00,15
2026-09-06T01:15:00Z,DE-LU,135.24,15
2026-09-06T01:15:00Z,DK1,87.54,15
2026-09-06T01:15:00Z,DK2,96.29,15
2026-09-06T01:15:00Z,EE,1.99,15
2026-09-06T01:15:00Z,ES,200.41,15
2026-09-06T01:15:00Z,FI,1.99,15
2026-09-06T01:15:00Z,FR,151.16,15
2026-09-06T01:15:00Z,GR,156.39,15
2026-09-06T01:15:00Z,HR,161.21,15
2026-09-06T01:15:00Z,HU,156.84,15
2026-09-06T01:15:00Z,IT-CNorth,193.73,15
2026-09-06T01:15:00Z,IT-CSouth,193.73,15
2026-09-06T01:15:00Z,IT-North,193.73,15
2026-09-06T01:15:00Z,IT-Sardinia,193.73,15
2026-09-06T01:15:00Z,IT-Sicily,239.40,15
2026-09-06T01:15:00Z,IT-South,193.73,15
2026-09-06T01:15:00Z,LT,14.75,15
2026-09-06T01:15:00Z,LV,14.75,15
2026-09-06T01:15:00Z,NL,163.24,15
2026-09-06T01:15:00Z,NO1,129.19,15
2026-09-06T01:15:00Z,NO2,131.93,15
2026-09-06T01:15:00Z,NO3,99.99,15
2026-09-06T01:15:00Z,NO4,17.18,15
2026-09-06T01:15:00Z,NO5,133.28,15
2026-09-06T01:15:00Z,PL,112.15,15
2026-09-06T01:15:00Z,PT,200.41,15
2026-09-06T01:15:00Z,RO,156.07,15
2026-09-06T01:15:00Z,RS,75.09,15
2026-09-06T01:15:00Z,SE1,2.22,15
2026-09-06T01:15:00Z,SE2,5.17,15
2026-09-06T01:15:00Z,SE3,11.16,15
2026-09-06T01:15:00Z,SE4,15.18,15
2026-09-06T01:15:00Z,SI,163.46,15
2026-09-06T01:15:00Z,SK,143.27,15
2026-09-06T01:30:00Z,AT,170.48,15
2026-09-06T01:30:00Z,BE,151.56,15
2026-09-06T01:30:00Z,CZ,121.32,15
2026-09-06T01:30:00Z,DE-LU,134.78,15
2026-09-06T01:30:00Z,DK1,91.11,15
2026-09-06T01:30:00Z,DK2,99.01,15
2026-09-06T01:30:00Z,EE,1.99,15
2026-09-06T01:30:00Z,ES,202.12,15
2026-09-06T01:30:00Z,FI,1.99,15
2026-09-06T01:30:00Z,FR,149.42,15
2026-09-06T01:30:00Z,GR,156.52,15
2026-09-06T01:30:00Z,HR,162.03,15
2026-09-06T01:30:00Z,HU,156.79,15
2026-09-06T01:30:00Z,IT-CNorth,177.90,15
2026-09-06T01:30:00Z,IT-CSouth,177.90,15
2026-09-06T01:30:00Z,IT-North,177.90,15
2026-09-06T01:30:00Z,IT-Sardinia,177.90,15
2026-09-06T01:30:00Z,IT-Sicily,212.88,15
2026-09-06T01:30:00Z,IT-South,177.90,15
2026-09-06T01:30:00Z,LT,20.29,15
2026-09-06T01:30:00Z,LV,20.29,15
2026-09-06T01:30:00Z,NL,158.84,15
2026-09-06T01:30:00Z,NO1,129.50,15
2026-09-06T01:30:00Z,NO2,132.39,15
2026-09-06T01:30:00Z,NO3,99.22,15
2026-09-06T01:30:00Z,NO4,17.24,15
2026-09-06T01:30:00Z,NO5,133.37,15
2026-09-06T01:30:00Z,PL,110.97,15
2026-09-06T01:30:00Z,PT,202.12,15
2026-09-06T01:30:00Z,RO,156.13,15
2026-09-06T01:30:00Z,RS,75.09,15
2026-09-06T01:30:00Z,SE1,2.24,15
2026-09-06T01:30:00Z,SE2,4.10,15
2026-09-06T01:30:00Z,SE3,13.99,15
2026-09-06T01:30:00Z,SE4,20.57,15
2026-09-06T01:30:00Z,SI,164.68,15
2026-09-06T01:30:00Z,SK,141.37,15
2026-09-06T01:45:00Z,AT,167.49,15
2026-09-06T01:45:00Z,BE,153.85,15
2026-09-06T01:45:00Z,CZ,127.00,15
2026-09-06T01:45:00Z,DE-LU,134.99,15
2026-09-06T01:45:00Z,DK1,93.79,15
2026-09-06T01:45:00Z,DK2,100.81,15
2026-09-06T01:45:00Z,EE,1.99,15
2026-09-06T01:45:00Z,ES,201.44,15
2026-09-06T01:45:00Z,FI,1.99,15
2026-09-06T01:45:00Z,FR,150.76,15
2026-09-06T01:45:00Z,GR,155.90,15
2026-09-06T01:45:00Z,HR,160.64,15
2026-09-06T01:45:00Z,HU,156.35,15
2026-09-06T01:45:00Z,IT-CNorth,191.06,15
2026-09-06T01:45:00Z,IT-CSouth,191.06,15
2026-09-06T01:45:00Z,IT-North,191.06,15
2026-09-06T01:45:00Z,IT-Sardinia,191.06,15
2026-09-06T01:45:00Z,IT-Sicily,211.00,15
2026-09-06T01:45:00Z,IT-South,191.06,15
2026-09-06T01:45:00Z,LT,35.52,15
2026-09-06T01:45:00Z,LV,35.52,15
2026-09-06T01:45:00Z,NL,162.76,15
2026-09-06T01:45:00Z,NO1,128.33,15
2026-09-06T01:45:00Z,NO2,131.68,15
2026-09-06T01:45:00Z,NO3,95.13,15
2026-09-06T01:45:00Z,NO4,17.28,15
2026-09-06T01:45:00Z,NO5,131.53,15
2026-09-06T01:45:00Z,PL,112.15,15
2026-09-06T01:45:00Z,PT,201.44,15
2026-09-06T01:45:00Z,RO,155.58,15
2026-09-06T01:45:00Z,RS,75.09,15
2026-09-06T01:45:00Z,SE1,2.24,15
2026-09-06T01:45:00Z,SE2,3.95,15
2026-09-06T01:45:00Z,SE3,22.86,15
2026-09-06T01:45:00Z,SE4,35.55,15
2026-09-06T01:45:00Z,SI,162.85,15
2026-09-06T01:45:00Z,SK,142.98,15
2026-09-06T02:00:00Z,AT,155.01,15
2026-09-06T02:00:00Z,BE,142.89,15
2026-09-06T02:00:00Z,CH,140.00,60
2026-09-06T02:00:00Z,CZ,148.22,15
2026-09-06T02:00:00Z,DE-LU,138.84,15
2026-09-06T02:00:00Z,DK1,110.01,15
2026-09-06T02:00:00Z,DK2,112.81,15
2026-09-06T02:00:00Z,EE,1.99,15
2026-09-06T02:00:00Z,ES,197.78,15
2026-09-06T02:00:00Z,FI,1.99,15
2026-09-06T02:00:00Z,FR,143.41,15
2026-09-06T02:00:00Z,GR,152.60,15
2026-09-06T02:00:00Z,HR,153.76,15
2026-09-06T02:00:00Z,HU,154.02,15
2026-09-06T02:00:00Z,IT-CNorth,200.00,15
2026-09-06T02:00:00Z,IT-CSouth,200.00,15
2026-09-06T02:00:00Z,IT-North,200.00,15
2026-09-06T02:00:00Z,IT-Sardinia,200.00,15
2026-09-06T02:00:00Z,IT-Sicily,200.00,15
2026-09-06T02:00:00Z,IT-South,200.00,15
2026-09-06T02:00:00Z,LT,20.40,15
2026-09-06T02:00:00Z,LV,20.40,15
2026-09-06T02:00:00Z,NL,143.39,15
2026-09-06T02:00:00Z,NO1,129.77,15
2026-09-06T02:00:00Z,NO2,132.68,15
2026-09-06T02:00:00Z,NO3,99.48,15
2026-09-06T02:00:00Z,NO4,17.29,15
2026-09-06T02:00:00Z,NO5,133.67,15
2026-09-06T02:00:00Z,PL,115.86,15
2026-09-06T02:00:00Z,PT,197.78,15
2026-09-06T02:00:00Z,RO,152.66,15
2026-09-06T02:00:00Z,RS,74.89,15
2026-09-06T02:00:00Z,SE1,2.24,15
2026-09-06T02:00:00Z,SE2,3.97,15
2026-09-06T02:00:00Z,SE3,14.00,15
2026-09-06T02:00:00Z,SE4,20.66,15
2026-09-06T02:00:00Z,SI,154.11,15
2026-09-06T02:00:00Z,SK,148.77,15
2026-09-06T02:15:00Z,AT,155.54,15
2026-09-06T02:15:00Z,BE,142.44,15
2026-09-06T02:15:00Z,CZ,149.33,15
2026-09-06T02:15:00Z,DE-LU,140.00,15
2026-09-06T02:15:00Z,DK1,110.79,15
2026-09-06T02:15:00Z,DK2,113.58,15
2026-09-06T02:15:00Z,EE,1.98,15
2026-09-06T02:15:00Z,ES,197.45,15
2026-09-06T02:15:00Z,FI,1.99,15
2026-09-06T02:15:00Z,FR,143.48,15
2026-09-06T02:15:00Z,GR,153.32,15
2026-09-06T02:15:00Z,HR,154.38,15
2026-09-06T02:15:00Z,HU,154.75,15
2026-09-06T02:15:00Z,IT-CNorth,198.00,15
2026-09-06T02:15:00Z,IT-CSouth,198.00,15
2026-09-06T02:15:00Z,IT-North,198.00,15
2026-09-06T02:15:00Z,IT-Sardinia,198.00,15
2026-09-06T02:15:00Z,IT-Sicily,198.00,15
2026-09-06T02:15:00Z,IT-South,198.00,15
2026-09-06T02:15:00Z,LT,45.96,15
2026-09-06T02:15:00Z,LV,45.96,15
2026-09-06T02:15:00Z,NL,141.84,15
2026-09-06T02:15:00Z,NO1,129.57,15
2026-09-06T02:15:00Z,NO2,133.32,15
2026-09-06T02:15:00Z,NO3,93.65,15
2026-09-06T02:15:00Z,NO4,17.30,15
2026-09-06T02:15:00Z,NO5,132.41,15
2026-09-06T02:15:00Z,PL,117.24,15
2026-09-06T02:15:00Z,PT,197.45,15
2026-09-06T02:15:00Z,RO,153.39,15
2026-09-06T02:15:00Z,RS,74.89,15
2026-09-06T02:15:00Z,SE1,2.23,15
2026-09-06T02:15:00Z,SE2,3.94,15
2026-09-06T02:15:00Z,SE3,28.98,15
2026-09-06T02:15:00Z,SE4,45.82,15
2026-09-06T02:15:00Z,SI,154.69,15
2026-09-06T02:15:00Z,SK,149.71,15
2026-09-06T02:30:00Z,AT,172.16,15
2026-09-06T02:30:00Z,BE,146.03,15
2026-09-06T02:30:00Z,CZ,132.45,15
2026-09-06T02:30:00Z,DE-LU,142.26,15
2026-09-06T02:30:00Z,DK1,115.20,15
2026-09-06T02:30:00Z,DK2,116.94,15
2026-09-06T02:30:00Z,EE,1.99,15
2026-09-06T02:30:00Z,ES,196.70,15
2026-09-06T02:30:00Z,FI,1.99,15
2026-09-06T02:30:00Z,FR,147.77,15
2026-09-06T02:30:00Z,GR,160.37,15
2026-09-06T02:30:00Z,HR,164.57,15
2026-09-06T02:30:00Z,HU,160.99,15
2026-09-06T02:30:00Z,IT-CNorth,201.93,15
2026-09-06T02:30:00Z,IT-CSouth,201.93,15
2026-09-06T02:30:00Z,IT-North,201.93,15
2026-09-06T02:30:00Z,IT-Sardinia,201.93,15
2026-09-06T02:30:00Z,IT-Sicily,201.93,15
2026-09-06T02:30:00Z,IT-South,201.93,15
2026-09-06T02:30:00Z,LT,56.08,15
2026-09-06T02:30:00Z,LV,56.08,15
2026-09-06T02:30:00Z,NL,145.04,15
2026-09-06T02:30:00Z,NO1,129.75,15
2026-09-06T02:30:00Z,NO2,133.84,15
2026-09-06T02:30:00Z,NO3,91.52,15
2026-09-06T02:30:00Z,NO4,17.32,15
2026-09-06T02:30:00Z,NO5,132.17,15
2026-09-06T02:30:00Z,PL,117.25,15
2026-09-06T02:30:00Z,PT,196.70,15
2026-09-06T02:30:00Z,RO,160.12,15
2026-09-06T02:30:00Z,RS,74.89,15
2026-09-06T02:30:00Z,SE1,2.23,15
2026-09-06T02:30:00Z,SE2,3.92,15
2026-09-06T02:30:00Z,SE3,34.91,15
2026-09-06T02:30:00Z,SE4,55.78,15
2026-09-06T02:30:00Z,SI,166.60,15
2026-09-06T02:30:00Z,SK,148.07,15
2026-09-06T02:45:00Z,AT,179.55,15
2026-09-06T02:45:00Z,BE,149.27,15
2026-09-06T02:45:00Z,CZ,130.00,15
2026-09-06T02:45:00Z,DE-LU,145.00,15
2026-09-06T02:45:00Z,DK1,114.80,15
2026-09-06T02:45:00Z,DK2,117.13,15
2026-09-06T02:45:00Z,EE,1.98,15
2026-09-06T02:45:00Z,ES,197.47,15
2026-09-06T02:45:00Z,FI,1.99,15
2026-09-06T02:45:00Z,FR,151.24,15
2026-09-06T02:45:00Z,GR,164.94,15
2026-09-06T02:45:00Z,HR,170.07,15
2026-09-06T02:45:00Z,HU,165.37,15
2026-09-06T02:45:00Z,IT-CNorth,196.12,15
2026-09-06T02:45:00Z,IT-CSouth,196.12,15
2026-09-06T02:45:00Z,IT-North,196.12,15
2026-09-06T02:45:00Z,IT-Sardinia,196.12,15
2026-09-06T02:45:00Z,IT-Sicily,200.35,15
2026-09-06T02:45:00Z,IT-South,196.12,15
2026-09-06T02:45:00Z,LT,77.31,15
2026-09-06T02:45:00Z,LV,77.31,15
2026-09-06T02:45:00Z,NL,148.15,15
2026-09-06T02:45:00Z,NO1,130.84,15
2026-09-06T02:45:00Z,NO2,135.64,15
2026-09-06T02:45:00Z,NO3,87.72,15
2026-09-06T02:45:00Z,NO4,17.36,15
2026-09-06T02:45:00Z,NO5,132.43,15
2026-09-06T02:45:00Z,PL,118.63,15
2026-09-06T02:45:00Z,PT,197.47,15
2026-09-06T02:45:00Z,RO,164.59,15
2026-09-06T02:45:00Z,RS,74.89,15
2026-09-06T02:45:00Z,SE1,2.25,15
2026-09-06T02:45:00Z,SE2,2.97,15
2026-09-06T02:45:00Z,SE3,47.00,15
2026-09-06T02:45:00Z,SE4,76.62,15
2026-09-06T02:45:00Z,SI,172.61,15
2026-09-06T02:45:00Z,SK,150.02,15
2026-09-06T03:00:00Z,AT,157.62,15
2026-09-06T03:00:00Z,BE,142.45,15
2026-09-06T03:00:00Z,CH,143.67,60
2026-09-06T03:00:00Z,CZ,150.36,15
2026-09-06T03:00:00Z,DE-LU,140.00,15
2026-09-06T03:00:00Z,DK1,131.03,15
2026-09-06T03:00:00Z,DK2,128.68,15
2026-09-06T03:00:00Z,EE,1.99,15
2026-09-06T03:00:00Z,ES,195.95,15
2026-09-06T03:00:00Z,FI,2.00,15
2026-09-06T03:00:00Z,FR,143.66,15
2026-09-06T03:00:00Z,GR,155.03,15
2026-09-06T03:00:00Z,HR,156.26,15
2026-09-06T03:00:00Z,HU,156.69,15
2026-09-06T03:00:00Z,IT-CNorth,198.00,15
2026-09-06T03:00:00Z,IT-CSouth,198.00,15
2026-09-06T03:00:00Z,IT-North,198.00,15
2026-09-06T03:00:00Z,IT-Sardinia,198.00,15
2026-09-06T03:00:00Z,IT-Sicily,198.00,15
2026-09-06T03:00:00Z,IT-South,198.00,15
2026-09-06T03:00:00Z,LT,72.90,15
2026-09-06T03:00:00Z,LV,72.90,15
2026-09-06T03:00:00Z,NL,141.74,15
2026-09-06T03:00:00Z,NO1,130.04,15
2026-09-06T03:00:00Z,NO2,134.69,15
2026-09-06T03:00:00Z,NO3,88.33,15
2026-09-06T03:00:00Z,NO4,17.45,15
2026-09-06T03:00:00Z,NO5,131.83,15
2026-09-06T03:00:00Z,PL,113.72,15
2026-09-06T03:00:00Z,PT,195.95,15
2026-09-06T03:00:00Z,RO,155.14,15
2026-09-06T03:00:00Z,RS,74.86,15
2026-09-06T03:00:00Z,SE1,2.26,15
2026-09-06T03:00:00Z,SE2,2.84,15
2026-09-06T03:00:00Z,SE3,43.64,15
2026-09-06T03:00:00Z,SE4,72.26,15
2026-09-06T03:00:00Z,SI,156.62,15
2026-09-06T03:00:00Z,SK,150.62,15
2026-09-06T03:15:00Z,AT,160.84,15
2026-09-06T03:15:00Z,BE,143.52,15
2026-09-06T03:15:00Z,CZ,145.99,15
2026-09-06T03:15:00Z,DE-LU,140.97,15
2026-09-06T03:15:00Z,DK1,131.93,15
2026-09-06T03:15:00Z,DK2,129.56,15
2026-09-06T03:15:00Z,EE,1.99,15
2026-09-06T03:15:00Z,ES,196.28,15
2026-09-06T03:15:00Z,FI,2.00,15
2026-09-06T03:15:00Z,FR,144.83,15
2026-09-06T03:15:00Z,GR,156.12,15
2026-09-06T03:15:00Z,HR,158.02,15
2026-09-06T03:15:00Z,HU,157.49,15
2026-09-06T03:15:00Z,IT-CNorth,200.00,15
2026-09-06T03:15:00Z,IT-CSouth,200.00,15
2026-09-06T03:15:00Z,IT-North,200.00,15
2026-09-06T03:15:00Z,IT-Sardinia,200.00,15
2026-09-06T03:15:00Z,IT-Sicily,200.00,15
2026-09-06T03:15:00Z,IT-South,200.00,15
2026-09-06T03:15:00Z,LT,81.14,15
2026-09-06T03:15:00Z,LV,81.14,15
2026-09-06T03:15:00Z,NL,142.76,15
2026-09-06T03:15:00Z,NO1,130.63,15
2026-09-06T03:15:00Z,NO2,135.56,15
2026-09-06T03:15:00Z,NO3,86.85,15
2026-09-06T03:15:00Z,NO4,17.47,15
2026-09-06T03:15:00Z,NO5,132.08,15
2026-09-06T03:15:00Z,PL,115.86,15
2026-09-06T03:15:00Z,PT,196.28,15
2026-09-06T03:15:00Z,RO,156.17,15
2026-09-06T03:15:00Z,RS,74.86,15
2026-09-06T03:15:00Z,SE1,2.26,15
2026-09-06T03:15:00Z,SE2,3.00,15
2026-09-06T03:15:00Z,SE3,48.46,15
2026-09-06T03:15:00Z,SE4,80.38,15
2026-09-06T03:15:00Z,SI,158.77,15
2026-09-06T03:15:00Z,SK,149.92,15
2026-09-06T03:30:00Z,AT,175.20,15
2026-09-06T03:30:00Z,BE,148.80,15
2026-09-06T03:30:00Z,CZ,140.00,15
2026-09-06T03:30:00Z,DE-LU,145.39,15
2026-09-06T03:30:00Z,DK1,143.89,15
2026-09-06T03:30:00Z,DK2,141.31,15
2026-09-06T03:30:00Z,EE,1.99,15
2026-09-06T03:30:00Z,ES,194.70,15
2026-09-06T03:30:00Z,FI,2.00,15
2026-09-06T03:30:00Z,FR,150.65,15
2026-09-06T03:30:00Z,GR,164.63,15
2026-09-06T03:30:00Z,HR,168.48,15
2026-09-06T03:30:00Z,HU,165.68,15
2026-09-06T03:30:00Z,IT-CNorth,200.00,15
2026-09-06T03:30:00Z,IT-CSouth,200.00,15
2026-09-06T03:30:00Z,IT-North,200.00,15
2026-09-06T03:30:00Z,IT-Sardinia,200.00,15
2026-09-06T03:30:00Z,IT-Sicily,200.00,15
2026-09-06T03:30:00Z,IT-South,200.00,15
2026-09-06T03:30:00Z,LT,91.71,15
2026-09-06T03:30:00Z,LV,91.71,15
2026-09-06T03:30:00Z,NL,147.74,15
2026-09-06T03:30:00Z,NO1,134.12,15
2026-09-06T03:30:00Z,NO2,139.51,15
2026-09-06T03:30:00Z,NO3,86.64,15
2026-09-06T03:30:00Z,NO4,17.41,15
2026-09-06T03:30:00Z,NO5,135.22,15
2026-09-06T03:30:00Z,PL,116.52,15
2026-09-06T03:30:00Z,PT,194.70,15
2026-09-06T03:30:00Z,RO,164.57,15
2026-09-06T03:30:00Z,RS,74.86,15
2026-09-06T03:30:00Z,SE1,2.25,15
2026-09-06T03:30:00Z,SE2,3.22,15
2026-09-06T03:30:00Z,SE3,54.63,15
2026-09-06T03:30:00Z,SE4,90.79,15
2026-09-06T03:30:00Z,SI,170.27,15
2026-09-06T03:30:00Z,SK,152.93,15
2026-09-06T03:45:00Z,AT,174.99,15
2026-09-06T03:45:00Z,BE,147.16,15
2026-09-06T03:45:00Z,CZ,132.48,15
2026-09-06T03:45:00Z,DE-LU,143.77,15
2026-09-06T03:45:00Z,DK1,142.35,15
2026-09-06T03:45:00Z,DK2,139.80,15
2026-09-06T03:45:00Z,EE,1.99,15
2026-09-06T03:45:00Z,ES,194.70,15
2026-09-06T03:45:00Z,FI,2.00,15
2026-09-06T03:45:00Z,FR,149.04,15
2026-09-06T03:45:00Z,GR,162.40,15
2026-09-06T03:45:00Z,HR,166.87,15
2026-09-06T03:45:00Z,HU,163.07,15
2026-09-06T03:45:00Z,IT-CNorth,191.12,15
2026-09-06T03:45:00Z,IT-CSouth,191.12,15
2026-09-06T03:45:00Z,IT-North,191.12,15
2026-09-06T03:45:00Z,IT-Sardinia,191.12,15
2026-09-06T03:45:00Z,IT-Sicily,191.12,15
2026-09-06T03:45:00Z,IT-South,191.12,15
2026-09-06T03:45:00Z,LT,93.50,15
2026-09-06T03:45:00Z,LV,93.50,15
2026-09-06T03:45:00Z,NL,146.09,15
2026-09-06T03:45:00Z,NO1,132.56,15
2026-09-06T03:45:00Z,NO2,137.94,15
2026-09-06T03:45:00Z,NO3,85.33,15
2026-09-06T03:45:00Z,NO4,17.51,15
2026-09-06T03:45:00Z,NO5,133.53,15
2026-09-06T03:45:00Z,PL,117.35,15
2026-09-06T03:45:00Z,PT,194.70,15
2026-09-06T03:45:00Z,RO,162.28,15
2026-09-06T03:45:00Z,RS,74.86,15
2026-09-06T03:45:00Z,SE1,2.25,15
2026-09-06T03:45:00Z,SE2,3.25,15
2026-09-06T03:45:00Z,SE3,55.68,15
2026-09-06T03:45:00Z,SE4,92.56,15
2026-09-06T03:45:00Z,SI,169.04,15
2026-09-06T03:45:00Z,SK,149.10,15
2026-09-06T04:00:00Z,AT,174.76,15
2026-09-06T04:00:00Z,BE,145.82,15
2026-09-06T04:00:00Z,CH,148.54,60
2026-09-06T04:00:00Z,CZ,133.68,15
2026-09-06T04:00:00Z,DE-LU,142.19,15
2026-09-06T04:00:00Z,DK1,140.21,15
2026-09-06T04:00:00Z,DK2,137.70,15
2026-09-06T04:00:00Z,EE,1.99,15
2026-09-06T04:00:00Z,ES,194.70,15
2026-09-06T04:00:00Z,FI,2.00,15
2026-09-06T04:00:00Z,FR,147.80,15
2026-09-06T04:00:00Z,GR,162.52,15
2026-09-06T04:00:00Z,HR,166.93,15
2026-09-06T04:00:00Z,HU,163.43,15
2026-09-06T04:00:00Z,IT-CNorth,205.03,15
2026-09-06T04:00:00Z,IT-CSouth,205.03,15
2026-09-06T04:00:00Z,IT-North,205.03,15
2026-09-06T04:00:00Z,IT-Sardinia,205.03,15
2026-09-06T04:00:00Z,IT-Sicily,205.03,15
2026-09-06T04:00:00Z,IT-South,205.03,15
2026-09-06T04:00:00Z,LT,100.82,15
2026-09-06T04:00:00Z,LV,100.82,15
2026-09-06T04:00:00Z,NL,144.68,15
2026-09-06T04:00:00Z,NO1,130.22,15
2026-09-06T04:00:00Z,NO2,135.71,15
2026-09-06T04:00:00Z,NO3,82.55,15
2026-09-06T04:00:00Z,NO4,17.86,15
2026-09-06T04:00:00Z,NO5,130.81,15
2026-09-06T04:00:00Z,PL,111.69,15
2026-09-06T04:00:00Z,PT,194.70,15
2026-09-06T04:00:00Z,RO,162.37,15
2026-09-06T04:00:00Z,RS,94.84,15
2026-09-06T04:00:00Z,SE1,2.29,15
2026-09-06T04:00:00Z,SE2,3.39,15
2026-09-06T04:00:00Z,SE3,59.99,15
2026-09-06T04:00:00Z,SE4,99.78,15
2026-09-06T04:00:00Z,SI,169.01,15
2026-09-06T04:00:00Z,SK,149.61,15
2026-09-06T04:15:00Z,AT,179.14,15
2026-09-06T04:15:00Z,BE,148.24,15
2026-09-06T04:15:00Z,CZ,134.45,15
2026-09-06T04:15:00Z,DE-LU,144.27,15
2026-09-06T04:15:00Z,DK1,141.41,15
2026-09-06T04:15:00Z,DK2,138.88,15
2026-09-06T04:15:00Z,EE,1.99,15
2026-09-06T04:15:00Z,ES,194.70,15
2026-09-06T04:15:00Z,FI,2.00,15
2026-09-06T04:15:00Z,FR,150.34,15
2026-09-06T04:15:00Z,GR,165.85,15
2026-09-06T04:15:00Z,HR,170.62,15
2026-09-06T04:15:00Z,HU,166.76,15
2026-09-06T04:15:00Z,IT-CNorth,196.18,15
2026-09-06T04:15:00Z,IT-CSouth,196.18,15
2026-09-06T04:15:00Z,IT-North,196.18,15
2026-09-06T04:15:00Z,IT-Sardinia,196.18,15
2026-09-06T04:15:00Z,IT-Sicily,196.18,15
2026-09-06T04:15:00Z,IT-South,196.18,15
2026-09-06T04:15:00Z,LT,100.83,15
2026-09-06T04:15:00Z,LV,100.83,15
2026-09-06T04:15:00Z,NL,147.04,15
2026-09-06T04:15:00Z,NO1,131.33,15
2026-09-06T04:15:00Z,NO2,136.87,15
2026-09-06T04:15:00Z,NO3,83.14,15
2026-09-06T04:15:00Z,NO4,17.74,15
2026-09-06T04:15:00Z,NO5,131.95,15
2026-09-06T04:15:00Z,PL,112.30,15
2026-09-06T04:15:00Z,PT,194.70,15
2026-09-06T04:15:00Z,RO,165.67,15
2026-09-06T04:15:00Z,RS,94.84,15
2026-09-06T04:15:00Z,SE1,2.29,15
2026-09-06T04:15:00Z,SE2,3.39,15
2026-09-06T04:15:00Z,SE3,60.00,15
2026-09-06T04:15:00Z,SE4,99.79,15
2026-09-06T04:15:00Z,SI,172.89,15
2026-09-06T04:15:00Z,SK,151.89,15
2026-09-06T04:30:00Z,AT,174.19,15
2026-09-06T04:30:00Z,BE,148.01,15
2026-09-06T04:30:00Z,CZ,137.77,15
2026-09-06T04:30:00Z,DE-LU,144.73,15
2026-09-06T04:30:00Z,DK1,143.22,15
2026-09-06T04:30:00Z,DK2,140.65,15
2026-09-06T04:30:00Z,EE,1.99,15
2026-09-06T04:30:00Z,ES,194.70,15
2026-09-06T04:30:00Z,FI,2.00,15
2026-09-06T04:30:00Z,FR,149.81,15
2026-09-06T04:30:00Z,GR,163.32,15
2026-09-06T04:30:00Z,HR,167.24,15
2026-09-06T04:30:00Z,HU,164.20,15
2026-09-06T04:30:00Z,IT-CNorth,185.40,15
2026-09-06T04:30:00Z,IT-CSouth,185.40,15
2026-09-06T04:30:00Z,IT-North,185.40,15
2026-09-06T04:30:00Z,IT-Sardinia,185.40,15
2026-09-06T04:30:00Z,IT-Sicily,185.40,15
2026-09-06T04:30:00Z,IT-South,185.40,15
2026-09-06T04:30:00Z,LT,112.85,15
2026-09-06T04:30:00Z,LV,112.85,15
2026-09-06T04:30:00Z,NL,146.97,15
2026-09-06T04:30:00Z,NO1,132.55,15
2026-09-06T04:30:00Z,NO2,138.52,15
2026-09-06T04:30:00Z,NO3,81.22,15
2026-09-06T04:30:00Z,NO4,17.77,15
2026-09-06T04:30:00Z,NO5,132.70,15
2026-09-06T04:30:00Z,PL,116.59,15
2026-09-06T04:30:00Z,PT,194.70,15
2026-09-06T04:30:00Z,RO,163.19,15
2026-09-06T04:30:00Z,RS,94.84,15
2026-09-06T04:30:00Z,SE1,2.29,15
2026-09-06T04:30:00Z,SE2,3.64,15
2026-09-06T04:30:00Z,SE3,67.03,15
2026-09-06T04:30:00Z,SE4,111.63,15
2026-09-06T04:30:00Z,SI,169.09,15
2026-09-06T04:30:00Z,SK,151.78,15
2026-09-06T04:45:00Z,AT,164.87,15
2026-09-06T04:45:00Z,BE,144.30,15
2026-09-06T04:45:00Z,CZ,135.79,15
2026-09-06T04:45:00Z,DE-LU,141.77,15
2026-09-06T04:45:00Z,DK1,140.76,15
2026-09-06T04:45:00Z,DK2,138.23,15
2026-09-06T04:45:00Z,EE,2.41,15
2026-09-06T04:45:00Z,ES,197.46,15
2026-09-06T04:45:00Z,FI,2.42,15
2026-09-06T04:45:00Z,FR,145.71,15
2026-09-06T04:45:00Z,GR,156.21,15
2026-09-06T04:45:00Z,HR,159.33,15
2026-09-06T04:45:00Z,HU,156.86,15
2026-09-06T04:45:00Z,IT-CNorth,192.29,15
2026-09-06T04:45:00Z,IT-CSouth,192.29,15
2026-09-06T04:45:00Z,IT-North,192.29,15
2026-09-06T04:45:00Z,IT-Sardinia,192.29,15
2026-09-06T04:45:00Z,IT-Sicily,192.29,15
2026-09-06T04:45:00Z,IT-South,192.29,15
2026-09-06T04:45:00Z,LT,108.02,15
2026-09-06T04:45:00Z,LV,108.02,15
2026-09-06T04:45:00Z,NL,143.49,15
2026-09-06T04:45:00Z,NO1,130.48,15
2026-09-06T04:45:00Z,NO2,136.22,15
2026-09-06T04:45:00Z,NO3,80.97,15
2026-09-06T04:45:00Z,NO4,17.99,15
2026-09-06T04:45:00Z,NO5,130.76,15
2026-09-06T04:45:00Z,PL,120.03,15
2026-09-06T04:45:00Z,PT,197.46,15
2026-09-06T04:45:00Z,RO,156.10,15
2026-09-06T04:45:00Z,RS,94.84,15
2026-09-06T04:45:00Z,SE1,2.70,15
2026-09-06T04:45:00Z,SE2,3.96,15
2026-09-06T04:45:00Z,SE3,64.37,15
2026-09-06T04:45:00Z,SE4,106.87,15
2026-09-06T04:45:00Z,SI,160.80,15
2026-09-06T04:45:00Z,SK,147.05,15
2026-09-06T05:00:00Z,AT,171.23,15
2026-09-06T05:00:00Z,BE,147.14,15
2026-09-06T05:00:00Z,CH,146.10,60
2026-09-06T05:00:00Z,CZ,134.24,15
2026-09-06T05:00:00Z,DE-LU,144.18,15
2026-09-06T05:00:00Z,DK1,143.18,15
2026-09-06T05:00:00Z,DK2,140.61,15
2026-09-06T05:00:00Z,EE,2.03,15
2026-09-06T05:00:00Z,ES,198.14,15
2026-09-06T05:00:00Z,FI,2.03,15
2026-09-06T05:00:00Z,FR,148.75,15
2026-09-06T05:00:00Z,GR,160.09,15
2026-09-06T05:00:00Z,HR,164.03,15
2026-09-06T05:00:00Z,HU,160.60,15
2026-09-06T05:00:00Z,IT-CNorth,191.31,15
2026-09-06T05:00:00Z,IT-CSouth,191.31,15
2026-09-06T05:00:00Z,IT-North,191.31,15
2026-09-06T05:00:00Z,IT-Sardinia,191.31,15
2026-09-06T05:00:00Z,IT-Sicily,191.31,15
2026-09-06T05:00:00Z,IT-South,191.31,15
2026-09-06T05:00:00Z,LT,118.30,15
2026-09-06T05:00:00Z,LV,118.30,15
2026-09-06T05:00:00Z,NL,146.21,15
2026-09-06T05:00:00Z,NO1,132.28,15
2026-09-06T05:00:00Z,NO2,138.47,15
2026-09-06T05:00:00Z,NO3,80.05,15
2026-09-06T05:00:00Z,NO4,17.95,15
2026-09-06T05:00:00Z,NO5,132.27,15
2026-09-06T05:00:00Z,PL,121.72,15
2026-09-06T05:00:00Z,PT,198.14,15
2026-09-06T05:00:00Z,RO,160.03,15
2026-09-06T05:00:00Z,RS,74.89,15
2026-09-06T05:00:00Z,SE1,2.32,15
2026-09-06T05:00:00Z,SE2,3.85,15
2026-09-06T05:00:00Z,SE3,69.99,15
2026-09-06T05:00:00Z,SE4,117.00,15
2026-09-06T05:00:00Z,SI,165.95,15
2026-09-06T05:00:00Z,SK,148.92,15
2026-09-06T05:15:00Z,AT,158.61,15
2026-09-06T05:15:00Z,BE,140.58,15
2026-09-06T05:15:00Z,CZ,129.91,15
2026-09-06T05:15:00Z,DE-LU,138.41,15
2026-09-06T05:15:00Z,DK1,137.67,15
2026-09-06T05:15:00Z,DK2,135.20,15
2026-09-06T05:15:00Z,EE,3.23,15
2026-09-06T05:15:00Z,ES,200.00,15
2026-09-06T05:15:00Z,FI,3.23,15
2026-09-06T05:15:00Z,FR,141.78,15
2026-09-06T05:15:00Z,GR,150.00,15
2026-09-06T05:15:00Z,HR,153.03,15
2026-09-06T05:15:00Z,HU,150.30,15
2026-09-06T05:15:00Z,IT-CNorth,192.29,15
2026-09-06T05:15:00Z,IT-CSouth,192.29,15
2026-09-06T05:15:00Z,IT-North,192.29,15
2026-09-06T05:15:00Z,IT-Sardinia,192.29,15
2026-09-06T05:15:00Z,IT-Sicily,192.29,15
2026-09-06T05:15:00Z,IT-South,192.29,15
2026-09-06T05:15:00Z,LT,100.31,15
2026-09-06T05:15:00Z,LV,100.31,15
2026-09-06T05:15:00Z,NL,139.90,15
2026-09-06T05:15:00Z,NO1,128.95,15
2026-09-06T05:15:00Z,NO2,134.50,15
2026-09-06T05:15:00Z,NO3,81.28,15
2026-09-06T05:15:00Z,NO4,18.02,15
2026-09-06T05:15:00Z,NO5,129.56,15
2026-09-06T05:15:00Z,PL,122.39,15
2026-09-06T05:15:00Z,PT,200.00,15
2026-09-06T05:15:00Z,RO,149.95,15
2026-09-06T05:15:00Z,RS,74.89,15
2026-09-06T05:15:00Z,SE1,3.51,15
2026-09-06T05:15:00Z,SE2,4.68,15
2026-09-06T05:15:00Z,SE3,60.00,15
2026-09-06T05:15:00Z,SE4,99.27,15
2026-09-06T05:15:00Z,SI,154.51,15
2026-09-06T05:15:00Z,SK,141.43,15
2026-09-06T05:30:00Z,AT,134.51,15
2026-09-06T05:30:00Z,BE,130.41,15
2026-09-06T05:30:00Z,CZ,128.21,15
2026-09-06T05:30:00Z,DE-LU,129.90,15
2026-09-06T05:30:00Z,DK1,129.73,15
2026-09-06T05:30:00Z,DK2,127.41,15
2026-09-06T05:30:00Z,EE,3.55,15
2026-09-06T05:30:00Z,ES,197.47,15
2026-09-06T05:30:00Z,FI,3.55,15
2026-09-06T05:30:00Z,FR,130.68,15
2026-09-06T05:30:00Z,GR,132.61,15
2026-09-06T05:30:00Z,HR,133.28,15
2026-09-06T05:30:00Z,HU,132.70,15
2026-09-06T05:30:00Z,IT-CNorth,176.87,15
2026-09-06T05:30:00Z,IT-CSouth,176.87,15
2026-09-06T05:30:00Z,IT-North,176.87,15
2026-09-06T05:30:00Z,IT-Sardinia,176.87,15
2026-09-06T05:30:00Z,IT-Sicily,176.87,15
2026-09-06T05:30:00Z,IT-South,176.87,15
2026-09-06T05:30:00Z,LT,114.10,15
2026-09-06T05:30:00Z,LV,114.10,15
2026-09-06T05:30:00Z,NL,130.25,15
2026-09-06T05:30:00Z,NO1,127.97,15
2026-09-06T05:30:00Z,NO2,133.65,15
2026-09-06T05:30:00Z,NO3,79.96,15
2026-09-06T05:30:00Z,NO4,18.97,15
2026-09-06T05:30:00Z,NO5,128.00,15
2026-09-06T05:30:00Z,PL,126.08,15
2026-09-06T05:30:00Z,PT,197.47,15
2026-09-06T05:30:00Z,RO,132.60,15
2026-09-06T05:30:00Z,RS,74.89,15
2026-09-06T05:30:00Z,SE1,3.84,15
2026-09-06T05:30:00Z,SE2,5.21,15
2026-09-06T05:30:00Z,SE3,68.21,15
2026-09-06T05:30:00Z,SE4,112.92,15
2026-09-06T05:30:00Z,SI,133.61,15
2026-09-06T05:30:00Z,SK,130.71,15
2026-09-06T05:45:00Z,AT,119.91,15
2026-09-06T05:45:00Z,BE,119.91,15
2026-09-06T05:45:00Z,CZ,119.91,15
2026-09-06T05:45:00Z,DE-LU,119.91,15
2026-09-06T05:45:00Z,DK1,119.91,15
2026-09-06T05:45:00Z,DK2,117.76,15
2026-09-06T05:45:00Z,EE,4.06,15
2026-09-06T05:45:00Z,ES,201.45,15
2026-09-06T05:45:00Z,FI,4.07,15
2026-09-06T05:45:00Z,FR,119.91,15
2026-09-06T05:45:00Z,GR,119.91,15
2026-09-06T05:45:00Z,HR,119.91,15
2026-09-06T05:45:00Z,HU,119.91,15
2026-09-06T05:45:00Z,IT-CNorth,164.97,15
2026-09-06T05:45:00Z,IT-CSouth,164.97,15
2026-09-06T05:45:00Z,IT-North,164.97,15
2026-09-06T05:45:00Z,IT-Sardinia,164.97,15
2026-09-06T05:45:00Z,IT-Sicily,164.97,15
2026-09-06T05:45:00Z,IT-South,164.97,15
2026-09-06T05:45:00Z,LT,114.10,15
2026-09-06T05:45:00Z,LV,114.10,15
2026-09-06T05:45:00Z,NL,119.91,15
2026-09-06T05:45:00Z,NO1,123.76,15
2026-09-06T05:45:00Z,NO2,128.82,15
2026-09-06T05:45:00Z,NO3,80.95,15
2026-09-06T05:45:00Z,NO4,19.16,15
2026-09-06T05:45:00Z,NO5,123.69,15
2026-09-06T05:45:00Z,PL,119.91,15
2026-09-06T05:45:00Z,PT,201.45,15
2026-09-06T05:45:00Z,RO,119.91,15
2026-09-06T05:45:00Z,RS,74.89,15
2026-09-06T05:45:00Z,SE1,4.35,15
2026-09-06T05:45:00Z,SE2,5.57,15
2026-09-06T05:45:00Z,SE3,68.50,15
2026-09-06T05:45:00Z,SE4,113.02,15
2026-09-06T05:45:00Z,SI,119.91,15
2026-09-06T05:45:00Z,SK,119.91,15
2026-09-06T06:00:00Z,AT,137.34,15
2026-09-06T06:00:00Z,BE,137.86,15
2026-09-06T06:00:00Z,CH,137.90,60
2026-09-06T06:00:00Z,CZ,135.94,15
2026-09-06T06:00:00Z,DE-LU,137.76,15
2026-09-06T06:00:00Z,DK1,137.65,15
2026-09-06T06:00:00Z,DK2,135.19,15
2026-09-06T06:00:00Z,EE,3.69,15
2026-09-06T06:00:00Z,ES,211.38,15
2026-09-06T06:00:00Z,FI,3.69,15
2026-09-06T06:00:00Z,FR,137.90,15
2026-09-06T06:00:00Z,GR,135.92,15
2026-09-06T06:00:00Z,HR,136.20,15
2026-09-06T06:00:00Z,HU,135.78,15
2026-09-06T06:00:00Z,IT-CNorth,221.42,15
2026-09-06T06:00:00Z,IT-CSouth,221.42,15
2026-09-06T06:00:00Z,IT-North,221.42,15
2026-09-06T06:00:00Z,IT-Sardinia,221.42,15
2026-09-06T06:00:00Z,IT-Sicily,221.42,15
2026-09-06T06:00:00Z,IT-South,221.42,15
2026-09-06T06:00:00Z,LT,127.82,15
2026-09-06T06:00:00Z,LV,127.82,15
2026-09-06T06:00:00Z,NL,137.82,15
2026-09-06T06:00:00Z,NO1,128.34,15
2026-09-06T06:00:00Z,NO2,134.18,15
2026-09-06T06:00:00Z,NO3,80.83,15
2026-09-06T06:00:00Z,NO4,19.26,15
2026-09-06T06:00:00Z,NO5,128.00,15
2026-09-06T06:00:00Z,PL,136.55,15
2026-09-06T06:00:00Z,PT,211.38,15
2026-09-06T06:00:00Z,RO,135.91,15
2026-09-06T06:00:00Z,RS,29.91,15
2026-09-06T06:00:00Z,SE1,3.96,15
2026-09-06T06:00:00Z,SE2,5.54,15
2026-09-06T06:00:00Z,SE3,76.01,15
2026-09-06T06:00:00Z,SE4,126.30,15
2026-09-06T06:00:00Z,SI,136.37,15
2026-09-06T06:00:00Z,SK,135.92,15
2026-09-06T06:15:00Z,AT,116.31,15
2026-09-06T06:15:00Z,BE,125.05,15
2026-09-06T06:15:00Z,CZ,93.00,15
2026-09-06T06:15:00Z,DE-LU,123.48,15
2026-09-06T06:15:00Z,DK1,121.63,15
2026-09-06T06:15:00Z,DK2,119.45,15
2026-09-06T06:15:00Z,EE,4.99,15
2026-09-06T06:15:00Z,ES,205.86,15
2026-09-06T06:15:00Z,FI,4.99,15
2026-09-06T06:15:00Z,FR,125.81,15
2026-09-06T06:15:00Z,GR,92.65,15
2026-09-06T06:15:00Z,HR,97.27,15
2026-09-06T06:15:00Z,HU,90.29,15
2026-09-06T06:15:00Z,IT-CNorth,206.00,15
2026-09-06T06:15:00Z,IT-CSouth,206.00,15
2026-09-06T06:15:00Z,IT-North,206.00,15
2026-09-06T06:15:00Z,IT-Sardinia,206.00,15
2026-09-06T06:15:00Z,IT-Sicily,206.00,15
2026-09-06T06:15:00Z,IT-South,206.00,15
2026-09-06T06:15:00Z,LT,103.57,15
2026-09-06T06:15:00Z,LV,103.57,15
2026-09-06T06:15:00Z,NL,124.43,15
2026-09-06T06:15:00Z,NO1,121.73,15
2026-09-06T06:15:00Z,NO2,125.97,15
2026-09-06T06:15:00Z,NO3,85.32,15
2026-09-06T06:15:00Z,NO4,19.24,15
2026-09-06T06:15:00Z,NO5,122.08,15
2026-09-06T06:15:00Z,PL,103.11,15
2026-09-06T06:15:00Z,PT,205.86,15
2026-09-06T06:15:00Z,RO,92.43,15
2026-09-06T06:15:00Z,RS,29.91,15
2026-09-06T06:15:00Z,SE1,5.24,15
2026-09-06T06:15:00Z,SE2,6.14,15
2026-09-06T06:15:00Z,SE3,62.55,15
2026-09-06T06:15:00Z,SE4,102.59,15
2026-09-06T06:15:00Z,SI,100.18,15
2026-09-06T06:15:00Z,SK,92.64,15
2026-09-06T06:30:00Z,AT,82.40,15
2026-09-06T06:30:00Z,BE,101.35,15
2026-09-06T06:30:00Z,CZ,31.85,15
2026-09-06T06:30:00Z,DE-LU,97.95,15
2026-09-06T06:30:00Z,DK1,93.94,15
2026-09-06T06:30:00Z,DK2,91.29,15
2026-09-06T06:30:00Z,EE,5.45,15
2026-09-06T06:30:00Z,ES,192.50,15
2026-09-06T06:30:00Z,FI,5.46,15
2026-09-06T06:30:00Z,FR,103.00,15
2026-09-06T06:30:00Z,GR,11.00,15
2026-09-06T06:30:00Z,HR,41.10,15
2026-09-06T06:30:00Z,HU,25.98,15
2026-09-06T06:30:00Z,IT-CNorth,192.84,15
2026-09-06T06:30:00Z,IT-CSouth,192.84,15
2026-09-06T06:30:00Z,IT-North,192.84,15
2026-09-06T06:30:00Z,IT-Sardinia,192.84,15
2026-09-06T06:30:00Z,IT-Sicily,192.84,15
2026-09-06T06:30:00Z,IT-South,192.84,15
2026-09-06T06:30:00Z,LT,54.76,15
2026-09-06T06:30:00Z,LV,54.76,15
2026-09-06T06:30:00Z,NL,100.00,15
2026-09-06T06:30:00Z,NO1,96.26,15
2026-09-06T06:30:00Z,NO2,96.98,15
2026-09-06T06:30:00Z,NO3,85.94,15
2026-09-06T06:30:00Z,NO4,19.44,15
2026-09-06T06:30:00Z,NO5,97.49,15
2026-09-06T06:30:00Z,PL,53.78,15
2026-09-06T06:30:00Z,PT,192.50,15
2026-09-06T06:30:00Z,RO,30.62,15
2026-09-06T06:30:00Z,RS,29.91,15
2026-09-06T06:30:00Z,SE1,5.56,15
2026-09-06T06:30:00Z,SE2,20.33,15
2026-09-06T06:30:00Z,SE3,39.85,15
2026-09-06T06:30:00Z,SE4,55.92,15
2026-09-06T06:30:00Z,SI,47.41,15
2026-09-06T06:30:00Z,SK,31.07,15
2026-09-06T06:45:00Z,AT,63.13,15
2026-09-06T06:45:00Z,BE,82.62,15
2026-09-06T06:45:00Z,CZ,11.15,15
2026-09-06T06:45:00Z,DE-LU,79.12,15
2026-09-06T06:45:00Z,DK1,75.00,15
2026-09-06T06:45:00Z,DK2,69.93,15
2026-09-06T06:45:00Z,EE,5.45,15
2026-09-06T06:45:00Z,ES,160.00,15
2026-09-06T06:45:00Z,FI,5.45,15
2026-09-06T06:45:00Z,FR,84.32,15
2026-09-06T06:45:00Z,GR,8.00,15
2026-09-06T06:45:00Z,HR,20.67,15
2026-09-06T06:45:00Z,HU,5.12,15
2026-09-06T06:45:00Z,IT-CNorth,159.74,15
2026-09-06T06:45:00Z,IT-CSouth,159.74,15
2026-09-06T06:45:00Z,IT-North,159.74,15
2026-09-06T06:45:00Z,IT-Sardinia,159.74,15
2026-09-06T06:45:00Z,IT-Sicily,159.74,15
2026-09-06T06:45:00Z,IT-South,159.74,15
2026-09-06T06:45:00Z,LT,34.71,15
2026-09-06T06:45:00Z,LV,34.71,15
2026-09-06T06:45:00Z,NL,81.23,15
2026-09-06T06:45:00Z,NO1,79.80,15
2026-09-06T06:45:00Z,NO2,77.57,15
2026-09-06T06:45:00Z,NO3,92.58,15
2026-09-06T06:45:00Z,NO4,19.64,15
2026-09-06T06:45:00Z,NO5,81.29,15
2026-09-06T06:45:00Z,PL,33.70,15
2026-09-06T06:45:00Z,PT,160.00,15
2026-09-06T06:45:00Z,RO,9.89,15
2026-09-06T06:45:00Z,RS,29.91,15
2026-09-06T06:45:00Z,SE1,5.50,15
2026-09-06T06:45:00Z,SE2,26.03,15
2026-09-06T06:45:00Z,SE3,30.82,15
2026-09-06T06:45:00Z,SE4,37.11,15
2026-09-06T06:45:00Z,SI,27.15,15
2026-09-06T06:45:00Z,SK,10.35,15
2026-09-06T07:00:00Z,AT,73.53,15
2026-09-06T07:00:00Z,BE,81.44,15
2026-09-06T07:00:00Z,CH,105.25,60
2026-09-06T07:00:00Z,CZ,64.38,15
2026-09-06T07:00:00Z,DE-LU,77.82,15
2026-09-06T07:00:00Z,DK1,82.61,15
2026-09-06T07:00:00Z,DK2,76.53,15
2026-09-06T07:00:00Z,EE,5.29,15
2026-09-06T07:00:00Z,ES,155.92,15
2026-09-06T07:00:00Z,FI,5.29,15
2026-09-06T07:00:00Z,FR,81.12,15
2026-09-06T07:00:00Z,GR,0.02,15
2026-09-06T07:00:00Z,HR,47.11,15
2026-09-06T07:00:00Z,HU,30.39,15
2026-09-06T07:00:00Z,IT-CNorth,177.28,15
2026-09-06T07:00:00Z,IT-CSouth,177.28,15
2026-09-06T07:00:00Z,IT-North,177.28,15
2026-09-06T07:00:00Z,IT-Sardinia,177.28,15
2026-09-06T07:00:00Z,IT-Sicily,177.28,15
2026-09-06T07:00:00Z,IT-South,177.28,15
2026-09-06T07:00:00Z,LT,48.74,15
2026-09-06T07:00:00Z,LV,48.74,15
2026-09-06T07:00:00Z,NL,81.57,15
2026-09-06T07:00:00Z,NO1,87.48,15
2026-09-06T07:00:00Z,NO2,85.37,15
2026-09-06T07:00:00Z,NO3,100.00,15
2026-09-06T07:00:00Z,NO4,18.66,15
2026-09-06T07:00:00Z,NO5,88.69,15
2026-09-06T07:00:00Z,PL,50.23,15
2026-09-06T07:00:00Z,PT,155.92,15
2026-09-06T07:00:00Z,RO,35.71,15
2026-09-06T07:00:00Z,RS,9.85,15
2026-09-06T07:00:00Z,SE1,5.20,15
2026-09-06T07:00:00Z,SE2,37.14,15
2026-09-06T07:00:00Z,SE3,42.83,15
2026-09-06T07:00:00Z,SE4,51.54,15
2026-09-06T07:00:00Z,SI,56.45,15
2026-09-06T07:00:00Z,SK,41.96,15
2026-09-06T07:15:00Z,AT,13.40,15
2026-09-06T07:15:00Z,BE,59.60,15
2026-09-06T07:15:00Z,CZ,25.67,15
2026-09-06T07:15:00Z,DE-LU,53.40,15
2026-09-06T07:15:00Z,DK1,58.21,15
2026-09-06T07:15:00Z,DK2,50.68,15
2026-09-06T07:15:00Z,EE,6.13,15
2026-09-06T07:15:00Z,ES,125.03,15
2026-09-06T07:15:00Z,FI,6.13,15
2026-09-06T07:15:00Z,FR,60.35,15
2026-09-06T07:15:00Z,GR,0.01,15
2026-09-06T07:15:00Z,HR,14.11,15
2026-09-06T07:15:00Z,HU,8.00,15
2026-09-06T07:15:00Z,IT-CNorth,180.25,15
2026-09-06T07:15:00Z,IT-CSouth,180.25,15
2026-09-06T07:15:00Z,IT-North,180.25,15
2026-09-06T07:15:00Z,IT-Sardinia,180.25,15
2026-09-06T07:15:00Z,IT-Sicily,180.25,15
2026-09-06T07:15:00Z,IT-South,180.25,15
2026-09-06T07:15:00Z,LT,18.25,15
2026-09-06T07:15:00Z,LV,18.25,15
2026-09-06T07:15:00Z,NL,59.00,15
2026-09-06T07:15:00Z,NO1,65.39,15
2026-09-06T07:15:00Z,NO2,60.41,15
2026-09-06T07:15:00Z,NO3,100.00,15
2026-09-06T07:15:00Z,NO4,18.85,15
2026-09-06T07:15:00Z,NO5,67.32,15
2026-09-06T07:15:00Z,PL,19.54,15
2026-09-06T07:15:00Z,PT,125.03,15
2026-09-06T07:15:00Z,RO,9.98,15
2026-09-06T07:15:00Z,RS,9.85,15
2026-09-06T07:15:00Z,SE1,6.30,15
2026-09-06T07:15:00Z,SE2,10.49,15
2026-09-06T07:15:00Z,SE3,16.48,15
2026-09-06T07:15:00Z,SE4,20.05,15
2026-09-06T07:15:00Z,SI,16.46,15
2026-09-06T07:15:00Z,SK,14.20,15
2026-09-06T07:30:00Z,AT,8.83,15
2026-09-06T07:30:00Z,BE,11.17,15
2026-09-06T07:30:00Z,CZ,8.01,15
2026-09-06T07:30:00Z,DE-LU,10.29,15
2026-09-06T07:30:00Z,DK1,12.24,15
2026-09-06T07:30:00Z,DK2,9.36,15
2026-09-06T07:30:00Z,EE,5.78,15
2026-09-06T07:30:00Z,ES,93.59,15
2026-09-06T07:30:00Z,FI,5.79,15
2026-09-06T07:30:00Z,FR,10.78,15
2026-09-06T07:30:00Z,GR,0.01,15
2026-09-06T07:30:00Z,HR,8.40,15
2026-09-06T07:30:00Z,HU,7.92,15
2026-09-06T07:30:00Z,IT-CNorth,177.41,15
2026-09-06T07:30:00Z,IT-CSouth,177.41,15
2026-09-06T07:30:00Z,IT-North,177.41,15
2026-09-06T07:30:00Z,IT-Sardinia,177.41,15
2026-09-06T07:30:00Z,IT-Sicily,177.41,15
2026-09-06T07:30:00Z,IT-South,177.41,15
2026-09-06T07:30:00Z,LT,8.19,15
2026-09-06T07:30:00Z,LV,8.19,15
2026-09-06T07:30:00Z,NL,11.47,15
2026-09-06T07:30:00Z,NO1,32.93,15
2026-09-06T07:30:00Z,NO2,12.03,15
2026-09-06T07:30:00Z,NO3,72.00,15
2026-09-06T07:30:00Z,NO4,19.36,15
2026-09-06T07:30:00Z,NO5,47.96,15
2026-09-06T07:30:00Z,PL,5.28,15
2026-09-06T07:30:00Z,PT,93.59,15
2026-09-06T07:30:00Z,RO,7.94,15
2026-09-06T07:30:00Z,RS,9.85,15
2026-09-06T07:30:00Z,SE1,6.03,15
2026-09-06T07:30:00Z,SE2,4.17,15
2026-09-06T07:30:00Z,SE3,7.80,15
2026-09-06T07:30:00Z,SE4,9.16,15
2026-09-06T07:30:00Z,SI,8.60,15
2026-09-06T07:30:00Z,SK,7.23,15
2026-09-06T07:45:00Z,AT,4.43,15
2026-09-06T07:45:00Z,BE,6.46,15
2026-09-06T07:45:00Z,CZ,3.71,15
2026-09-06T07:45:00Z,DE-LU,5.74,15
2026-09-06T07:45:00Z,DK1,7.49,15
2026-09-06T07:45:00Z,DK2,7.00,15
2026-09-06T07:45:00Z,EE,3.67,15
2026-09-06T07:45:00Z,ES,61.01,15
2026-09-06T07:45:00Z,FI,3.68,15
2026-09-06T07:45:00Z,FR,6.13,15
2026-09-06T07:45:00Z,GR,0.01,15
2026-09-06T07:45:00Z,HR,4.05,15
2026-09-06T07:45:00Z,HU,3.63,15
2026-09-06T07:45:00Z,IT-CNorth,156.62,15
2026-09-06T07:45:00Z,IT-CSouth,156.62,15
2026-09-06T07:45:00Z,IT-North,156.62,15
2026-09-06T07:45:00Z,IT-Sardinia,156.62,15
2026-09-06T07:45:00Z,IT-Sicily,156.62,15
2026-09-06T07:45:00Z,IT-South,156.62,15
2026-09-06T07:45:00Z,LT,5.87,15
2026-09-06T07:45:00Z,LV,5.87,15
2026-09-06T07:45:00Z,NL,6.66,15
2026-09-06T07:45:00Z,NO1,31.08,15
2026-09-06T07:45:00Z,NO2,6.97,15
2026-09-06T07:45:00Z,NO3,71.92,15
2026-09-06T07:45:00Z,NO4,20.70,15
2026-09-06T07:45:00Z,NO5,48.77,15
2026-09-06T07:45:00Z,PL,1.30,15
2026-09-06T07:45:00Z,PT,61.01,15
2026-09-06T07:45:00Z,RO,3.65,15
2026-09-06T07:45:00Z,RS,9.85,15
2026-09-06T07:45:00Z,SE1,3.98,15
2026-09-06T07:45:00Z,SE2,2.06,15
2026-09-06T07:45:00Z,SE3,5.52,15
2026-09-06T07:45:00Z,SE4,6.80,15
2026-09-06T07:45:00Z,SI,4.23,15
2026-09-06T07:45:00Z,SK,3.02,15
2026-09-06T08:00:00Z,AT,1.55,15
2026-09-06T08:00:00Z,BE,1.86,15
2026-09-06T08:00:00Z,CH,10.00,60
2026-09-06T08:00:00Z,CZ,1.44,15
2026-09-06T08:00:00Z,DE-LU,1.74,15
2026-09-06T08:00:00Z,DK1,2.42,15
2026-09-06T08:00:00Z,DK2,4.38,15
2026-09-06T08:00:00Z,EE,3.28,15
2026-09-06T08:00:00Z,ES,64.25,15
2026-09-06T08:00:00Z,FI,3.29,15
2026-09-06T08:00:00Z,FR,1.80,15
2026-09-06T08:00:00Z,GR,0.00,15
2026-09-06T08:00:00Z,HR,1.51,15
2026-09-06T08:00:00Z,HU,1.46,15
2026-09-06T08:00:00Z,IT-CNorth,163.75,15
2026-09-06T08:00:00Z,IT-CSouth,163.75,15
2026-09-06T08:00:00Z,IT-North,163.75,15
2026-09-06T08:00:00Z,IT-Sardinia,163.75,15
2026-09-06T08:00:00Z,IT-Sicily,163.75,15
2026-09-06T08:00:00Z,IT-South,163.75,15
2026-09-06T08:00:00Z,LT,5.11,15
2026-09-06T08:00:00Z,LV,5.11,15
2026-09-06T08:00:00Z,NL,1.91,15
2026-09-06T08:00:00Z,NO1,28.97,15
2026-09-06T08:00:00Z,NO2,1.52,15
2026-09-06T08:00:00Z,NO3,69.11,15
2026-09-06T08:00:00Z,NO4,20.89,15
2026-09-06T08:00:00Z,NO5,49.73,15
2026-09-06T08:00:00Z,PL,1.23,15
2026-09-06T08:00:00Z,PT,64.25,15
2026-09-06T08:00:00Z,RO,1.46,15
2026-09-06T08:00:00Z,RS,9.90,15
2026-09-06T08:00:00Z,SE1,3.57,15
2026-09-06T08:00:00Z,SE2,1.81,15
2026-09-06T08:00:00Z,SE3,4.82,15
2026-09-06T08:00:00Z,SE4,5.96,15
2026-09-06T08:00:00Z,SI,1.53,15
2026-09-06T08:00:00Z,SK,1.39,15
2026-09-06T08:15:00Z,AT,0.14,15
2026-09-06T08:15:00Z,BE,0.38,15
2026-09-06T08:15:00Z,CZ,0.06,15
2026-09-06T08:15:00Z,DE-LU,0.28,15
2026-09-06T08:15:00Z,DK1,0.80,15
2026-09-06T08:15:00Z,DK2,2.16,15
2026-09-06T08:15:00Z,EE,3.25,15
2026-09-06T08:15:00Z,ES,39.10,15
2026-09-06T08:15:00Z,FI,3.26,15
2026-09-06T08:15:00Z,FR,0.33,15
2026-09-06T08:15:00Z,GR,0.01,15
2026-09-06T08:15:00Z,HR,0.11,15
2026-09-06T08:15:00Z,HU,0.07,15
2026-09-06T08:15:00Z,IT-CNorth,160.43,15
2026-09-06T08:15:00Z,IT-CSouth,160.43,15
2026-09-06T08:15:00Z,IT-North,160.43,15
2026-09-06T08:15:00Z,IT-Sardinia,160.43,15
2026-09-06T08:15:00Z,IT-Sicily,160.43,15
2026-09-06T08:15:00Z,IT-South,160.43,15
2026-09-06T08:15:00Z,LT,3.40,15
2026-09-06T08:15:00Z,LV,3.40,15
2026-09-06T08:15:00Z,NL,0.41,15
2026-09-06T08:15:00Z,NO1,29.49,15
2026-09-06T08:15:00Z,NO2,-0.26,15
2026-09-06T08:15:00Z,NO3,71.02,15
2026-09-06T08:15:00Z,NO4,21.21,15
2026-09-06T08:15:00Z,NO5,52.14,15
2026-09-06T08:15:00Z,PL,-0.11,15
2026-09-06T08:15:00Z,PT,39.10,15
2026-09-06T08:15:00Z,RO,0.07,15
2026-09-06T08:15:00Z,RS,9.90,15
2026-09-06T08:15:00Z,SE1,3.55,15
2026-09-06T08:15:00Z,SE2,1.77,15
2026-09-06T08:15:00Z,SE3,4.78,15
2026-09-06T08:15:00Z,SE4,5.92,15
2026-09-06T08:15:00Z,SI,0.12,15
2026-09-06T08:15:00Z,SK,0.02,15
2026-09-06T08:30:00Z,AT,0.01,15
2026-09-06T08:30:00Z,BE,0.01,15
2026-09-06T08:30:00Z,CZ,0.00,15
2026-09-06T08:30:00Z,DE-LU,0.01,15
2026-09-06T08:30:00Z,DK1,0.02,15
2026-09-06T08:30:00Z,DK2,1.34,15
2026-09-06T08:30:00Z,EE,3.22,15
2026-09-06T08:30:00Z,ES,10.00,15
2026-09-06T08:30:00Z,FI,3.23,15
2026-09-06T08:30:00Z,FR,0.01,15
2026-09-06T08:30:00Z,GR,0.00,15
2026-09-06T08:30:00Z,HR,0.01,15
2026-09-06T08:30:00Z,HU,0.00,15
2026-09-06T08:30:00Z,IT-CNorth,152.03,15
2026-09-06T08:30:00Z,IT-CSouth,152.03,15
2026-09-06T08:30:00Z,IT-North,152.03,15
2026-09-06T08:30:00Z,IT-Sardinia,152.03,15
2026-09-06T08:30:00Z,IT-Sicily,152.03,15
2026-09-06T08:30:00Z,IT-South,152.03,15
2026-09-06T08:30:00Z,LT,4.85,15
2026-09-06T08:30:00Z,LV,4.85,15
2026-09-06T08:30:00Z,NL,0.01,15
2026-09-06T08:30:00Z,NO1,27.78,15
2026-09-06T08:30:00Z,NO2,-1.03,15
2026-09-06T08:30:00Z,NO3,67.10,15
2026-09-06T08:30:00Z,NO4,21.00,15
2026-09-06T08:30:00Z,NO5,49.80,15
2026-09-06T08:30:00Z,PL,0.00,15
2026-09-06T08:30:00Z,PT,10.00,15
2026-09-06T08:30:00Z,RO,0.00,15
2026-09-06T08:30:00Z,RS,9.90,15
2026-09-06T08:30:00Z,SE1,3.51,15
2026-09-06T08:30:00Z,SE2,1.85,15
2026-09-06T08:30:00Z,SE3,4.60,15
2026-09-06T08:30:00Z,SE4,5.63,15
2026-09-06T08:30:00Z,SI,0.01,15
2026-09-06T08:30:00Z,SK,0.00,15
2026-09-06T08:45:00Z,AT,0.00,15
2026-09-06T08:45:00Z,BE,0.00,15
2026-09-06T08:45:00Z,CZ,0.00,15
2026-09-06T08:45:00Z,DE-LU,0.00,15
2026-09-06T08:45:00Z,DK1,0.00,15
2026-09-06T08:45:00Z,DK2,0.21,15
2026-09-06T08:45:00Z,EE,3.01,15
2026-09-06T08:45:00Z,ES,1.81,15
2026-09-06T08:45:00Z,FI,3.02,15
2026-09-06T08:45:00Z,FR,0.00,15
2026-09-06T08:45:00Z,GR,0.00,15
2026-09-06T08:45:00Z,HR,0.00,15
2026-09-06T08:45:00Z,HU,0.00,15
2026-09-06T08:45:00Z,IT-CNorth,124.19,15
2026-09-06T08:45:00Z,IT-CSouth,124.19,15
2026-09-06T08:45:00Z,IT-North,124.19,15
2026-09-06T08:45:00Z,IT-Sardinia,124.19,15
2026-09-06T08:45:00Z,IT-Sicily,124.19,15
2026-09-06T08:45:00Z,IT-South,124.19,15
2026-09-06T08:45:00Z,LT,4.01,15
2026-09-06T08:45:00Z,LV,4.01,15
2026-09-06T08:45:00Z,NL,0.00,15
2026-09-06T08:45:00Z,NO1,28.00,15
2026-09-06T08:45:00Z,NO2,-1.06,15
2026-09-06T08:45:00Z,NO3,67.93,15
2026-09-06T08:45:00Z,NO4,21.26,15
2026-09-06T08:45:00Z,NO5,50.18,15
2026-09-06T08:45:00Z,PL,0.00,15
2026-09-06T08:45:00Z,PT,1.81,15
2026-09-06T08:45:00Z,RO,0.00,15
2026-09-06T08:45:00Z,RS,9.90,15
2026-09-06T08:45:00Z,SE1,3.31,15
2026-09-06T08:45:00Z,SE2,1.60,15
2026-09-06T08:45:00Z,SE3,4.41,15
2026-09-06T08:45:00Z,SE4,5.47,15
2026-09-06T08:45:00Z,SI,0.00,15
2026-09-06T08:45:00Z,SK,0.00,15
2026-09-06T09:00:00Z,AT,0.00,15
2026-09-06T09:00:00Z,BE,0.00,15
2026-09-06T09:00:00Z,CH,-3.49,60
2026-09-06T09:00:00Z,CZ,0.00,15
2026-09-06T09:00:00Z,DE-LU,0.00,15
2026-09-06T09:00:00Z,DK1,0.00,15
2026-09-06T09:00:00Z,DK2,1.01,15
2026-09-06T09:00:00Z,EE,2.99,15
2026-09-06T09:00:00Z,ES,1.08,15
2026-09-06T09:00:00Z,FI,3.00,15
2026-09-06T09:00:00Z,FR,0.00,15
2026-09-06T09:00:00Z,GR,0.00,15
2026-09-06T09:00:00Z,HR,0.00,15
2026-09-06T09:00:00Z,HU,0.00,15
2026-09-06T09:00:00Z,IT-CNorth,137.45,15
2026-09-06T09:00:00Z,IT-CSouth,137.45,15
2026-09-06T09:00:00Z,IT-North,137.45,15
2026-09-06T09:00:00Z,IT-Sardinia,137.45,15
2026-09-06T09:00:00Z,IT-Sicily,137.45,15
2026-09-06T09:00:00Z,IT-South,137.45,15
2026-09-06T09:00:00Z,LT,3.26,15
2026-09-06T09:00:00Z,LV,3.26,15
2026-09-06T09:00:00Z,NL,0.00,15
2026-09-06T09:00:00Z,NO1,13.25,15
2026-09-06T09:00:00Z,NO2,-0.52,15
2026-09-06T09:00:00Z,NO3,31.46,15
2026-09-06T09:00:00Z,NO4,18.58,15
2026-09-06T09:00:00Z,NO5,23.94,15
2026-09-06T09:00:00Z,PL,0.00,15
2026-09-06T09:00:00Z,PT,1.08,15
2026-09-06T09:00:00Z,RO,0.00,15
2026-09-06T09:00:00Z,RS,4.89,15
2026-09-06T09:00:00Z,SE1,3.14,15
2026-09-06T09:00:00Z,SE2,2.40,15
2026-09-06T09:00:00Z,SE3,3.25,15
2026-09-06T09:00:00Z,SE4,3.57,15
2026-09-06T09:00:00Z,SI,0.00,15
2026-09-06T09:00:00Z,SK,0.00,15
2026-09-06T09:15:00Z,AT,0.00,15
2026-09-06T09:15:00Z,BE,0.00,15
2026-09-06T09:15:00Z,CZ,0.00,15
2026-09-06T09:15:00Z,DE-LU,0.00,15
2026-09-06T09:15:00Z,DK1,0.00,15
2026-09-06T09:15:00Z,DK2,0.12,15
2026-09-06T09:15:00Z,EE,2.50,15
2026-09-06T09:15:00Z,ES,0.51,15
2026-09-06T09:15:00Z,FI,2.51,15
2026-09-06T09:15:00Z,FR,0.00,15
2026-09-06T09:15:00Z,GR,0.00,15
2026-09-06T09:15:00Z,HR,0.00,15
2026-09-06T09:15:00Z,HU,0.00,15
2026-09-06T09:15:00Z,IT-CNorth,131.32,15
2026-09-06T09:15:00Z,IT-CSouth,131.32,15
2026-09-06T09:15:00Z,IT-North,131.32,15
2026-09-06T09:15:00Z,IT-Sardinia,131.32,15
2026-09-06T09:15:00Z,IT-Sicily,131.32,15
2026-09-06T09:15:00Z,IT-South,131.32,15
2026-09-06T09:15:00Z,LT,2.80,15
2026-09-06T09:15:00Z,LV,2.80,15
2026-09-06T09:15:00Z,NL,0.00,15
2026-09-06T09:15:00Z,NO1,13.05,15
2026-09-06T09:15:00Z,NO2,-0.51,15
2026-09-06T09:15:00Z,NO3,31.59,15
2026-09-06T09:15:00Z,NO4,18.50,15
2026-09-06T09:15:00Z,NO5,23.54,15
2026-09-06T09:15:00Z,PL,0.00,15
2026-09-06T09:15:00Z,PT,0.51,15
2026-09-06T09:15:00Z,RO,0.00,15
2026-09-06T09:15:00Z,RS,4.89,15
2026-09-06T09:15:00Z,SE1,2.66,15
2026-09-06T09:15:00Z,SE2,1.88,15
2026-09-06T09:15:00Z,SE3,2.78,15
2026-09-06T09:15:00Z,SE4,3.12,15
2026-09-06T09:15:00Z,SI,0.00,15
2026-09-06T09:15:00Z,SK,0.00,15
2026-09-06T09:30:00Z,AT,-0.01,15
2026-09-06T09:30:00Z,BE,-0.01,15
2026-09-06T09:30:00Z,CZ,-0.01,15
2026-09-06T09:30:00Z,DE-LU,-0.01,15
2026-09-06T09:30:00Z,DK1,0.00,15
2026-09-06T09:30:00Z,DK2,0.11,15
2026-09-06T09:30:00Z,EE,2.21,15
2026-09-06T09:30:00Z,ES,0.20,15
2026-09-06T09:30:00Z,FI,2.22,15
2026-09-06T09:30:00Z,FR,-0.01,15
2026-09-06T09:30:00Z,GR,0.00,15
2026-09-06T09:30:00Z,HR,-0.01,15
2026-09-06T09:30:00Z,HU,-0.01,15
2026-09-06T09:30:00Z,IT-CNorth,140.03,15
2026-09-06T09:30:00Z,IT-CSouth,140.03,15
2026-09-06T09:30:00Z,IT-North,140.03,15
2026-09-06T09:30:00Z,IT-Sardinia,140.03,15
2026-09-06T09:30:00Z,IT-Sicily,140.03,15
2026-09-06T09:30:00Z,IT-South,140.03,15
2026-09-06T09:30:00Z,LT,2.52,15
2026-09-06T09:30:00Z,LV,2.52,15
2026-09-06T09:30:00Z,NL,-0.01,15
2026-09-06T09:30:00Z,NO1,12.78,15
2026-09-06T09:30:00Z,NO2,-0.50,15
2026-09-06T09:30:00Z,NO3,31.24,15
2026-09-06T09:30:00Z,NO4,18.21,15
2026-09-06T09:30:00Z,NO5,23.01,15
2026-09-06T09:30:00Z,PL,-0.01,15
2026-09-06T09:30:00Z,PT,0.20,15
2026-09-06T09:30:00Z,RO,-0.01,15
2026-09-06T09:30:00Z,RS,4.89,15
2026-09-06T09:30:00Z,SE1,2.36,15
2026-09-06T09:30:00Z,SE2,1.58,15
2026-09-06T09:30:00Z,SE3,2.50,15
2026-09-06T09:30:00Z,SE4,2.84,15
2026-09-06T09:30:00Z,SI,-0.01,15
2026-09-06T09:30:00Z,SK,-0.01,15
2026-09-06T09:45:00Z,AT,-0.11,15
2026-09-06T09:45:00Z,BE,0.08,15
2026-09-06T09:45:00Z,CZ,-0.12,15
2026-09-06T09:45:00Z,DE-LU,-0.13,15
2026-09-06T09:45:00Z,DK1,0.00,15
2026-09-06T09:45:00Z,DK2,0.11,15
2026-09-06T09:45:00Z,EE,2.16,15
2026-09-06T09:45:00Z,ES,0.01,15
2026-09-06T09:45:00Z,FI,2.16,15
2026-09-06T09:45:00Z,FR,-0.01,15
2026-09-06T09:45:00Z,GR,0.00,15
2026-09-06T09:45:00Z,HR,-0.10,15
2026-09-06T09:45:00Z,HU,-0.11,15
2026-09-06T09:45:00Z,IT-CNorth,155.70,15
2026-09-06T09:45:00Z,IT-CSouth,155.70,15
2026-09-06T09:45:00Z,IT-North,155.70,15
2026-09-06T09:45:00Z,IT-Sardinia,155.70,15
2026-09-06T09:45:00Z,IT-Sicily,155.70,15
2026-09-06T09:45:00Z,IT-South,155.70,15
2026-09-06T09:45:00Z,LT,2.46,15
2026-09-06T09:45:00Z,LV,2.46,15
2026-09-06T09:45:00Z,NL,-0.30,15
2026-09-06T09:45:00Z,NO1,12.67,15
2026-09-06T09:45:00Z,NO2,-0.64,15
2026-09-06T09:45:00Z,NO3,31.09,15
2026-09-06T09:45:00Z,NO4,18.09,15
2026-09-06T09:45:00Z,NO5,22.95,15
2026-09-06T09:45:00Z,PL,-0.12,15
2026-09-06T09:45:00Z,PT,0.01,15
2026-09-06T09:45:00Z,RO,-0.11,15
2026-09-06T09:45:00Z,RS,4.89,15
2026-09-06T09:45:00Z,SE1,2.31,15
2026-09-06T09:45:00Z,SE2,1.53,15
2026-09-06T09:45:00Z,SE3,2.44,15
2026-09-06T09:45:00Z,SE4,2.78,15
2026-09-06T09:45:00Z,SI,-0.10,15
2026-09-06T09:45:00Z,SK,-0.11,15
2026-09-06T10:00:00Z,AT,-0.40,15
2026-09-06T10:00:00Z,BE,0.21,15
2026-09-06T10:00:00Z,CH,-5.20,60
2026-09-06T10:00:00Z,CZ,-0.45,15
2026-09-06T10:00:00Z,DE-LU,-0.49,15
2026-09-06T10:00:00Z,DK1,0.10,15
2026-09-06T10:00:00Z,DK2,0.19,15
2026-09-06T10:00:00Z,EE,2.00,15
2026-09-06T10:00:00Z,ES,0.00,15
2026-09-06T10:00:00Z,FI,2.01,15
2026-09-06T10:00:00Z,FR,-0.01,15
2026-09-06T10:00:00Z,GR,0.00,15
2026-09-06T10:00:00Z,HR,-0.19,15
2026-09-06T10:00:00Z,HU,-0.49,15
2026-09-06T10:00:00Z,IT-CNorth,147.92,15
2026-09-06T10:00:00Z,IT-CSouth,147.92,15
2026-09-06T10:00:00Z,IT-North,147.92,15
2026-09-06T10:00:00Z,IT-Sardinia,147.92,15
2026-09-06T10:00:00Z,IT-Sicily,147.92,15
2026-09-06T10:00:00Z,IT-South,147.92,15
2026-09-06T10:00:00Z,LT,2.00,15
2026-09-06T10:00:00Z,LV,2.00,15
2026-09-06T10:00:00Z,NL,-1.16,15
2026-09-06T10:00:00Z,NO1,12.01,15
2026-09-06T10:00:00Z,NO2,10.14,15
2026-09-06T10:00:00Z,NO3,27.07,15
2026-09-06T10:00:00Z,NO4,17.25,15
2026-09-06T10:00:00Z,NO5,12.60,15
2026-09-06T10:00:00Z,PL,-0.47,15
2026-09-06T10:00:00Z,PT,0.00,15
2026-09-06T10:00:00Z,RO,-0.19,15
2026-09-06T10:00:00Z,RS,4.99,15
2026-09-06T10:00:00Z,SE1,2.14,15
2026-09-06T10:00:00Z,SE2,0.52,15
2026-09-06T10:00:00Z,SE3,1.89,15
2026-09-06T10:00:00Z,SE4,2.45,15
2026-09-06T10:00:00Z,SI,-0.33,15
2026-09-06T10:00:00Z,SK,-0.46,15
2026-09-06T10:15:00Z,AT,-0.95,15
2026-09-06T10:15:00Z,BE,0.52,15
2026-09-06T10:15:00Z,CZ,-1.11,15
2026-09-06T10:15:00Z,DE-LU,-1.19,15
2026-09-06T10:15:00Z,DK1,0.98,15
2026-09-06T10:15:00Z,DK2,1.06,15
2026-09-06T10:15:00Z,EE,1.99,15
2026-09-06T10:15:00Z,ES,0.00,15
2026-09-06T10:15:00Z,FI,2.00,15
2026-09-06T10:15:00Z,FR,-0.01,15
2026-09-06T10:15:00Z,GR,0.00,15
2026-09-06T10:15:00Z,HR,-0.22,15
2026-09-06T10:15:00Z,HU,-1.27,15
2026-09-06T10:15:00Z,IT-CNorth,147.28,15
2026-09-06T10:15:00Z,IT-CSouth,147.28,15
2026-09-06T10:15:00Z,IT-North,147.28,15
2026-09-06T10:15:00Z,IT-Sardinia,147.28,15
2026-09-06T10:15:00Z,IT-Sicily,147.28,15
2026-09-06T10:15:00Z,IT-South,147.28,15
2026-09-06T10:15:00Z,LT,1.99,15
2026-09-06T10:15:00Z,LV,1.99,15
2026-09-06T10:15:00Z,NL,-2.80,15
2026-09-06T10:15:00Z,NO1,11.98,15
2026-09-06T10:15:00Z,NO2,10.12,15
2026-09-06T10:15:00Z,NO3,27.02,15
2026-09-06T10:15:00Z,NO4,17.22,15
2026-09-06T10:15:00Z,NO5,12.58,15
2026-09-06T10:15:00Z,PL,-1.15,15
2026-09-06T10:15:00Z,PT,0.00,15
2026-09-06T10:15:00Z,RO,-0.19,15
2026-09-06T10:15:00Z,RS,4.99,15
2026-09-06T10:15:00Z,SE1,2.14,15
2026-09-06T10:15:00Z,SE2,0.52,15
2026-09-06T10:15:00Z,SE3,1.89,15
2026-09-06T10:15:00Z,SE4,2.44,15
2026-09-06T10:15:00Z,SI,-0.73,15
2026-09-06T10:15:00Z,SK,-1.15,15
2026-09-06T10:30:00Z,AT,-1.04,15
2026-09-06T10:30:00Z,BE,0.56,15
2026-09-06T10:30:00Z,CZ,-1.21,15
2026-09-06T10:30:00Z,DE-LU,-1.30,15
2026-09-06T10:30:00Z,DK1,1.27,15
2026-09-06T10:30:00Z,DK2,1.34,15
2026-09-06T10:30:00Z,EE,1.99,15
2026-09-06T10:30:00Z,ES,0.00,15
2026-09-06T10:30:00Z,FI,2.00,15
2026-09-06T10:30:00Z,FR,-0.01,15
2026-09-06T10:30:00Z,GR,0.00,15
2026-09-06T10:30:00Z,HR,-0.22,15
2026-09-06T10:30:00Z,HU,-1.39,15
2026-09-06T10:30:00Z,IT-CNorth,147.28,15
2026-09-06T10:30:00Z,IT-CSouth,147.28,15
2026-09-06T10:30:00Z,IT-North,147.28,15
2026-09-06T10:30:00Z,IT-Sardinia,147.28,15
2026-09-06T10:30:00Z,IT-Sicily,147.28,15
2026-09-06T10:30:00Z,IT-South,147.28,15
2026-09-06T10:30:00Z,LT,1.99,15
2026-09-06T10:30:00Z,LV,1.99,15
2026-09-06T10:30:00Z,NL,-3.05,15
2026-09-06T10:30:00Z,NO1,11.95,15
2026-09-06T10:30:00Z,NO2,10.10,15
2026-09-06T10:30:00Z,NO3,26.94,15
2026-09-06T10:30:00Z,NO4,17.17,15
2026-09-06T10:30:00Z,NO5,12.54,15
2026-09-06T10:30:00Z,PL,-1.26,15
2026-09-06T10:30:00Z,PT,0.00,15
2026-09-06T10:30:00Z,RO,-0.19,15
2026-09-06T10:30:00Z,RS,4.99,15
2026-09-06T10:30:00Z,SE1,2.13,15
2026-09-06T10:30:00Z,SE2,0.52,15
2026-09-06T10:30:00Z,SE3,1.89,15
2026-09-06T10:30:00Z,SE4,2.44,15
2026-09-06T10:30:00Z,SI,-0.79,15
2026-09-06T10:30:00Z,SK,-1.25,15
2026-09-06T10:45:00Z,AT,-1.18,15
2026-09-06T10:45:00Z,BE,0.61,15
2026-09-06T10:45:00Z,CZ,-1.38,15
2026-09-06T10:45:00Z,DE-LU,-1.48,15
2026-09-06T10:45:00Z,DK1,1.33,15
2026-09-06T10:45:00Z,DK2,1.40,15
2026-09-06T10:45:00Z,EE,1.99,15
2026-09-06T10:45:00Z,ES,0.00,15
2026-09-06T10:45:00Z,FI,2.00,15
2026-09-06T10:45:00Z,FR,-0.01,15
2026-09-06T10:45:00Z,GR,0.00,15
2026-09-06T10:45:00Z,HR,-0.24,15
2026-09-06T10:45:00Z,HU,-1.59,15
2026-09-06T10:45:00Z,IT-CNorth,146.92,15
2026-09-06T10:45:00Z,IT-CSouth,146.92,15
2026-09-06T10:45:00Z,IT-North,146.92,15
2026-09-06T10:45:00Z,IT-Sardinia,146.92,15
2026-09-06T10:45:00Z,IT-Sicily,146.92,15
2026-09-06T10:45:00Z,IT-South,146.92,15
2026-09-06T10:45:00Z,LT,1.99,15
2026-09-06T10:45:00Z,LV,1.99,15
2026-09-06T10:45:00Z,NL,-3.16,15
2026-09-06T10:45:00Z,NO1,11.87,15
2026-09-06T10:45:00Z,NO2,10.03,15
2026-09-06T10:45:00Z,NO3,26.74,15
2026-09-06T10:45:00Z,NO4,17.17,15
2026-09-06T10:45:00Z,NO5,12.46,15
2026-09-06T10:45:00Z,PL,-1.44,15
2026-09-06T10:45:00Z,PT,0.00,15
2026-09-06T10:45:00Z,RO,-0.20,15
2026-09-06T10:45:00Z,RS,4.99,15
2026-09-06T10:45:00Z,SE1,2.44,15
2026-09-06T10:45:00Z,SE2,0.53,15
2026-09-06T10:45:00Z,SE3,1.88,15
2026-09-06T10:45:00Z,SE4,2.43,15
2026-09-06T10:45:00Z,SI,-0.90,15
2026-09-06T10:45:00Z,SK,-1.43,15
2026-09-06T11:00:00Z,AT,-1.32,15
2026-09-06T11:00:00Z,BE,0.67,15
2026-09-06T11:00:00Z,CH,-6.12,60
2026-09-06T11:00:00Z,CZ,-1.47,15
2026-09-06T11:00:00Z,DE-LU,-1.63,15
2026-09-06T11:00:00Z,DK1,0.50,15
2026-09-06T11:00:00Z,DK2,1.34,15
2026-09-06T11:00:00Z,EE,1.65,15
2026-09-06T11:00:00Z,ES,0.00,15
2026-09-06T11:00:00Z,FI,1.65,15
2026-09-06T11:00:00Z,FR,-0.02,15
2026-09-06T11:00:00Z,GR,0.00,15
2026-09-06T11:00:00Z,HR,-0.92,15
2026-09-06T11:00:00Z,HU,-1.51,15
2026-09-06T11:00:00Z,IT-CNorth,139.25,15
2026-09-06T11:00:00Z,IT-CSouth,139.25,15
2026-09-06T11:00:00Z,IT-North,139.25,15
2026-09-06T11:00:00Z,IT-Sardinia,139.25,15
2026-09-06T11:00:00Z,IT-Sicily,139.25,15
2026-09-06T11:00:00Z,IT-South,139.25,15
2026-09-06T11:00:00Z,LT,1.65,15
2026-09-06T11:00:00Z,LV,1.65,15
2026-09-06T11:00:00Z,NL,-3.85,15
2026-09-06T11:00:00Z,NO1,11.65,15
2026-09-06T11:00:00Z,NO2,9.81,15
2026-09-06T11:00:00Z,NO3,26.78,15
2026-09-06T11:00:00Z,NO4,17.03,15
2026-09-06T11:00:00Z,NO5,12.28,15
2026-09-06T11:00:00Z,PL,-1.54,15
2026-09-06T11:00:00Z,PT,0.00,15
2026-09-06T11:00:00Z,RO,-0.95,15
2026-09-06T11:00:00Z,RS,4.88,15
2026-09-06T11:00:00Z,SE1,2.03,15
2026-09-06T11:00:00Z,SE2,0.17,15
2026-09-06T11:00:00Z,SE3,1.54,15
2026-09-06T11:00:00Z,SE4,2.08,15
2026-09-06T11:00:00Z,SI,-1.17,15
2026-09-06T11:00:00Z,SK,-1.48,15
2026-09-06T11:15:00Z,AT,-1.45,15
2026-09-06T11:15:00Z,BE,0.70,15
2026-09-06T11:15:00Z,CZ,-1.64,15
2026-09-06T11:15:00Z,DE-LU,-1.81,15
2026-09-06T11:15:00Z,DK1,1.33,15
2026-09-06T11:15:00Z,DK2,1.39,15
2026-09-06T11:15:00Z,EE,1.57,15
2026-09-06T11:15:00Z,ES,0.01,15
2026-09-06T11:15:00Z,FI,1.57,15
2026-09-06T11:15:00Z,FR,-0.03,15
2026-09-06T11:15:00Z,GR,0.00,15
2026-09-06T11:15:00Z,HR,-0.92,15
2026-09-06T11:15:00Z,HU,-1.70,15
2026-09-06T11:15:00Z,IT-CNorth,137.50,15
2026-09-06T11:15:00Z,IT-CSouth,137.50,15
2026-09-06T11:15:00Z,IT-North,137.50,15
2026-09-06T11:15:00Z,IT-Sardinia,137.50,15
2026-09-06T11:15:00Z,IT-Sicily,137.50,15
2026-09-06T11:15:00Z,IT-South,137.50,15
2026-09-06T11:15:00Z,LT,1.57,15
2026-09-06T11:15:00Z,LV,1.57,15
2026-09-06T11:15:00Z,NL,-4.00,15
2026-09-06T11:15:00Z,NO1,11.63,15
2026-09-06T11:15:00Z,NO2,9.78,15
2026-09-06T11:15:00Z,NO3,26.84,15
2026-09-06T11:15:00Z,NO4,17.07,15
2026-09-06T11:15:00Z,NO5,12.26,15
2026-09-06T11:15:00Z,PL,-1.71,15
2026-09-06T11:15:00Z,PT,0.01,15
2026-09-06T11:15:00Z,RO,-0.95,15
2026-09-06T11:15:00Z,RS,4.88,15
2026-09-06T11:15:00Z,SE1,2.03,15
2026-09-06T11:15:00Z,SE2,0.09,15
2026-09-06T11:15:00Z,SE3,1.46,15
2026-09-06T11:15:00Z,SE4,2.00,15
2026-09-06T11:15:00Z,SI,-1.27,15
2026-09-06T11:15:00Z,SK,-1.65,15
2026-09-06T11:30:00Z,AT,-1.41,15
2026-09-06T11:30:00Z,BE,0.62,15
2026-09-06T11:30:00Z,CZ,-1.58,15
2026-09-06T11:30:00Z,DE-LU,-1.74,15
2026-09-06T11:30:00Z,DK1,1.33,15
2026-09-06T11:30:00Z,DK2,1.59,15
2026-09-06T11:30:00Z,EE,1.88,15
2026-09-06T11:30:00Z,ES,0.01,15
2026-09-06T11:30:00Z,FI,1.89,15
2026-09-06T11:30:00Z,FR,-0.08,15
2026-09-06T11:30:00Z,GR,0.00,15
2026-09-06T11:30:00Z,HR,-0.93,15
2026-09-06T11:30:00Z,HU,-1.63,15
2026-09-06T11:30:00Z,IT-CNorth,135.66,15
2026-09-06T11:30:00Z,IT-CSouth,135.66,15
2026-09-06T11:30:00Z,IT-North,135.66,15
2026-09-06T11:30:00Z,IT-Sardinia,135.66,15
2026-09-06T11:30:00Z,IT-Sicily,135.66,15
2026-09-06T11:30:00Z,IT-South,135.66,15
2026-09-06T11:30:00Z,LT,1.88,15
2026-09-06T11:30:00Z,LV,1.88,15
2026-09-06T11:30:00Z,NL,-4.00,15
2026-09-06T11:30:00Z,NO1,11.82,15
2026-09-06T11:30:00Z,NO2,9.99,15
2026-09-06T11:30:00Z,NO3,26.83,15
2026-09-06T11:30:00Z,NO4,17.08,15
2026-09-06T11:30:00Z,NO5,12.43,15
2026-09-06T11:30:00Z,PL,-1.64,15
2026-09-06T11:30:00Z,PT,0.01,15
2026-09-06T11:30:00Z,RO,-0.97,15
2026-09-06T11:30:00Z,RS,4.88,15
2026-09-06T11:30:00Z,SE1,2.07,15
2026-09-06T11:30:00Z,SE2,0.42,15
2026-09-06T11:30:00Z,SE3,1.78,15
2026-09-06T11:30:00Z,SE4,2.31,15
2026-09-06T11:30:00Z,SI,-1.25,15
2026-09-06T11:30:00Z,SK,-1.59,15
2026-09-06T11:45:00Z,AT,-1.11,15
2026-09-06T11:45:00Z,BE,0.45,15
2026-09-06T11:45:00Z,CZ,-1.22,15
2026-09-06T11:45:00Z,DE-LU,-1.35,15
2026-09-06T11:45:00Z,DK1,1.34,15
2026-09-06T11:45:00Z,DK2,1.40,15
2026-09-06T11:45:00Z,EE,1.56,15
2026-09-06T11:45:00Z,ES,0.01,15
2026-09-06T11:45:00Z,FI,1.57,15
2026-09-06T11:45:00Z,FR,-0.09,15
2026-09-06T11:45:00Z,GR,0.00,15
2026-09-06T11:45:00Z,HR,-0.93,15
2026-09-06T11:45:00Z,HU,-1.20,15
2026-09-06T11:45:00Z,IT-CNorth,133.25,15
2026-09-06T11:45:00Z,IT-CSouth,133.25,15
2026-09-06T11:45:00Z,IT-North,133.25,15
2026-09-06T11:45:00Z,IT-Sardinia,133.25,15
2026-09-06T11:45:00Z,IT-Sicily,133.25,15
2026-09-06T11:45:00Z,IT-South,133.25,15
2026-09-06T11:45:00Z,LT,1.56,15
2026-09-06T11:45:00Z,LV,1.56,15
2026-09-06T11:45:00Z,NL,-3.08,15
2026-09-06T11:45:00Z,NO1,11.11,15
2026-09-06T11:45:00Z,NO2,9.35,15
2026-09-06T11:45:00Z,NO3,25.51,15
2026-09-06T11:45:00Z,NO4,17.10,15
2026-09-06T11:45:00Z,NO5,11.70,15
2026-09-06T11:45:00Z,PL,-1.27,15
2026-09-06T11:45:00Z,PT,0.01,15
2026-09-06T11:45:00Z,RO,-0.97,15
2026-09-06T11:45:00Z,RS,4.88,15
2026-09-06T11:45:00Z,SE1,4.11,15
2026-09-06T11:45:00Z,SE2,0.14,15
2026-09-06T11:45:00Z,SE3,1.45,15
2026-09-06T11:45:00Z,SE4,1.98,15
2026-09-06T11:45:00Z,SI,-1.03,15
2026-09-06T11:45:00Z,SK,-1.21,15
2026-09-06T12:00:00Z,AT,-1.20,15
2026-09-06T12:00:00Z,BE,0.44,15
2026-09-06T12:00:00Z,CH,-6.03,60
2026-09-06T12:00:00Z,CZ,-1.30,15
2026-09-06T12:00:00Z,DE-LU,-1.46,15
2026-09-06T12:00:00Z,DK1,0.10,15
2026-09-06T12:00:00Z,DK2,1.33,15
2026-09-06T12:00:00Z,EE,1.99,15
2026-09-06T12:00:00Z,ES,0.51,15
2026-09-06T12:00:00Z,FI,1.99,15
2026-09-06T12:00:00Z,FR,-0.11,15
2026-09-06T12:00:00Z,GR,0.00,15
2026-09-06T12:00:00Z,HR,-1.18,15
2026-09-06T12:00:00Z,HU,-1.24,15
2026-09-06T12:00:00Z,IT-CNorth,143.25,15
2026-09-06T12:00:00Z,IT-CSouth,143.25,15
2026-09-06T12:00:00Z,IT-North,143.25,15
2026-09-06T12:00:00Z,IT-Sardinia,143.25,15
2026-09-06T12:00:00Z,IT-Sicily,143.25,15
2026-09-06T12:00:00Z,IT-South,143.25,15
2026-09-06T12:00:00Z,LT,1.99,15
2026-09-06T12:00:00Z,LV,1.99,15
2026-09-06T12:00:00Z,NL,-3.02,15
2026-09-06T12:00:00Z,NO1,12.11,15
2026-09-06T12:00:00Z,NO2,10.29,15
2026-09-06T12:00:00Z,NO3,27.32,15
2026-09-06T12:00:00Z,NO4,17.42,15
2026-09-06T12:00:00Z,NO5,12.70,15
2026-09-06T12:00:00Z,PL,-1.36,15
2026-09-06T12:00:00Z,PT,0.51,15
2026-09-06T12:00:00Z,RO,-1.23,15
2026-09-06T12:00:00Z,RS,4.99,15
2026-09-06T12:00:00Z,SE1,2.11,15
2026-09-06T12:00:00Z,SE2,0.54,15
2026-09-06T12:00:00Z,SE3,1.89,15
2026-09-06T12:00:00Z,SE4,2.42,15
2026-09-06T12:00:00Z,SI,-1.15,15
2026-09-06T12:00:00Z,SK,-1.29,15
2026-09-06T12:15:00Z,AT,-0.83,15
2026-09-06T12:15:00Z,BE,0.26,15
2026-09-06T12:15:00Z,CZ,-0.90,15
2026-09-06T12:15:00Z,DE-LU,-1.00,15
2026-09-06T12:15:00Z,DK1,0.10,15
2026-09-06T12:15:00Z,DK2,1.34,15
2026-09-06T12:15:00Z,EE,1.99,15
2026-09-06T12:15:00Z,ES,0.51,15
2026-09-06T12:15:00Z,FI,2.00,15
2026-09-06T12:15:00Z,FR,-0.10,15
2026-09-06T12:15:00Z,GR,0.01,15
2026-09-06T12:15:00Z,HR,-0.81,15
2026-09-06T12:15:00Z,HU,-0.85,15
2026-09-06T12:15:00Z,IT-CNorth,143.25,15
2026-09-06T12:15:00Z,IT-CSouth,143.25,15
2026-09-06T12:15:00Z,IT-North,143.25,15
2026-09-06T12:15:00Z,IT-Sardinia,143.25,15
2026-09-06T12:15:00Z,IT-Sicily,143.25,15
2026-09-06T12:15:00Z,IT-South,143.25,15
2026-09-06T12:15:00Z,LT,1.99,15
2026-09-06T12:15:00Z,LV,1.99,15
2026-09-06T12:15:00Z,NL,-2.04,15
2026-09-06T12:15:00Z,NO1,12.15,15
2026-09-06T12:15:00Z,NO2,10.32,15
2026-09-06T12:15:00Z,NO3,27.41,15
2026-09-06T12:15:00Z,NO4,17.47,15
2026-09-06T12:15:00Z,NO5,12.74,15
2026-09-06T12:15:00Z,PL,-0.93,15
2026-09-06T12:15:00Z,PT,0.51,15
2026-09-06T12:15:00Z,RO,-0.85,15
2026-09-06T12:15:00Z,RS,4.99,15
2026-09-06T12:15:00Z,SE1,2.11,15
2026-09-06T12:15:00Z,SE2,0.54,15
2026-09-06T12:15:00Z,SE3,1.89,15
2026-09-06T12:15:00Z,SE4,2.43,15
2026-09-06T12:15:00Z,SI,-0.80,15
2026-09-06T12:15:00Z,SK,-0.89,15
2026-09-06T12:30:00Z,AT,-0.10,15
2026-09-06T12:30:00Z,BE,-0.10,15
2026-09-06T12:30:00Z,CZ,-0.10,15
2026-09-06T12:30:00Z,DE-LU,-0.10,15
2026-09-06T12:30:00Z,DK1,0.10,15
2026-09-06T12:30:00Z,DK2,1.33,15
2026-09-06T12:30:00Z,EE,2.42,15
2026-09-06T12:30:00Z,ES,0.51,15
2026-09-06T12:30:00Z,FI,2.43,15
2026-09-06T12:30:00Z,FR,-0.10,15
2026-09-06T12:30:00Z,GR,0.00,15
2026-09-06T12:30:00Z,HR,-0.10,15
2026-09-06T12:30:00Z,HU,-0.10,15
2026-09-06T12:30:00Z,IT-CNorth,159.00,15
2026-09-06T12:30:00Z,IT-CSouth,159.00,15
2026-09-06T12:30:00Z,IT-North,159.00,15
2026-09-06T12:30:00Z,IT-Sardinia,159.00,15
2026-09-06T12:30:00Z,IT-Sicily,159.00,15
2026-09-06T12:30:00Z,IT-South,159.00,15
2026-09-06T12:30:00Z,LT,2.42,15
2026-09-06T12:30:00Z,LV,2.42,15
2026-09-06T12:30:00Z,NL,-0.10,15
2026-09-06T12:30:00Z,NO1,12.28,15
2026-09-06T12:30:00Z,NO2,10.50,15
2026-09-06T12:30:00Z,NO3,27.10,15
2026-09-06T12:30:00Z,NO4,17.45,15
2026-09-06T12:30:00Z,NO5,12.86,15
2026-09-06T12:30:00Z,PL,-0.10,15
2026-09-06T12:30:00Z,PT,0.51,15
2026-09-06T12:30:00Z,RO,-0.10,15
2026-09-06T12:30:00Z,RS,4.99,15
2026-09-06T12:30:00Z,SE1,2.54,15
2026-09-06T12:30:00Z,SE2,1.01,15
2026-09-06T12:30:00Z,SE3,2.32,15
2026-09-06T12:30:00Z,SE4,2.84,15
2026-09-06T12:30:00Z,SI,-0.10,15
2026-09-06T12:30:00Z,SK,-0.10,15
2026-09-06T12:45:00Z,AT,-0.06,15
2026-09-06T12:45:00Z,BE,-0.06,15
2026-09-06T12:45:00Z,CZ,-0.06,15
2026-09-06T12:45:00Z,DE-LU,-0.06,15
2026-09-06T12:45:00Z,DK1,0.10,15
2026-09-06T12:45:00Z,DK2,1.33,15
2026-09-06T12:45:00Z,EE,3.51,15
2026-09-06T12:45:00Z,ES,0.51,15
2026-09-06T12:45:00Z,FI,3.52,15
2026-09-06T12:45:00Z,FR,-0.06,15
2026-09-06T12:45:00Z,GR,0.00,15
2026-09-06T12:45:00Z,HR,-0.06,15
2026-09-06T12:45:00Z,HU,-0.06,15
2026-09-06T12:45:00Z,IT-CNorth,154.90,15
2026-09-06T12:45:00Z,IT-CSouth,154.90,15
2026-09-06T12:45:00Z,IT-North,154.90,15
2026-09-06T12:45:00Z,IT-Sardinia,154.90,15
2026-09-06T12:45:00Z,IT-Sicily,154.90,15
2026-09-06T12:45:00Z,IT-South,154.90,15
2026-09-06T12:45:00Z,LT,3.51,15
2026-09-06T12:45:00Z,LV,3.51,15
2026-09-06T12:45:00Z,NL,-0.06,15
2026-09-06T12:45:00Z,NO1,11.12,15
2026-09-06T12:45:00Z,NO2,9.29,15
2026-09-06T12:45:00Z,NO3,26.39,15
2026-09-06T12:45:00Z,NO4,17.51,15
2026-09-06T12:45:00Z,NO5,11.71,15
2026-09-06T12:45:00Z,PL,-0.06,15
2026-09-06T12:45:00Z,PT,0.51,15
2026-09-06T12:45:00Z,RO,-0.06,15
2026-09-06T12:45:00Z,RS,4.99,15
2026-09-06T12:45:00Z,SE1,3.62,15
2026-09-06T12:45:00Z,SE2,-0.55,15
2026-09-06T12:45:00Z,SE3,0.82,15
2026-09-06T12:45:00Z,SE4,1.37,15
2026-09-06T12:45:00Z,SI,-0.06,15
2026-09-06T12:45:00Z,SK,-0.06,15
2026-09-06T13:00:00Z,AT,0.01,15
2026-09-06T13:00:00Z,BE,-0.02,15
2026-09-06T13:00:00Z,CH,-2.00,60
2026-09-06T13:00:00Z,CZ,-0.01,15
2026-09-06T13:00:00Z,DE-LU,-0.02,15
2026-09-06T13:00:00Z,DK1,0.00,15
2026-09-06T13:00:00Z,DK2,1.59,15
2026-09-06T13:00:00Z,EE,3.22,15
2026-09-06T13:00:00Z,ES,0.28,15
2026-09-06T13:00:00Z,FI,3.23,15
2026-09-06T13:00:00Z,FR,-0.02,15
2026-09-06T13:00:00Z,GR,0.00,15
2026-09-06T13:00:00Z,HR,0.00,15
2026-09-06T13:00:00Z,HU,0.00,15
2026-09-06T13:00:00Z,IT-CNorth,129.95,15
2026-09-06T13:00:00Z,IT-CSouth,129.95,15
2026-09-06T13:00:00Z,IT-North,129.95,15
2026-09-06T13:00:00Z,IT-Sardinia,129.95,15
2026-09-06T13:00:00Z,IT-Sicily,129.95,15
2026-09-06T13:00:00Z,IT-South,129.95,15
2026-09-06T13:00:00Z,LT,3.22,15
2026-09-06T13:00:00Z,LV,3.22,15
2026-09-06T13:00:00Z,NL,-0.02,15
2026-09-06T13:00:00Z,NO1,27.56,15
2026-09-06T13:00:00Z,NO2,23.71,15
2026-09-06T13:00:00Z,NO3,58.80,15
2026-09-06T13:00:00Z,NO4,18.03,15
2026-09-06T13:00:00Z,NO5,28.84,15
2026-09-06T13:00:00Z,PL,-0.01,15
2026-09-06T13:00:00Z,PT,0.28,15
2026-09-06T13:00:00Z,RO,0.00,15
2026-09-06T13:00:00Z,RS,13.00,15
2026-09-06T13:00:00Z,SE1,3.39,15
2026-09-06T13:00:00Z,SE2,1.57,15
2026-09-06T13:00:00Z,SE3,5.38,15
2026-09-06T13:00:00Z,SE4,6.77,15
2026-09-06T13:00:00Z,SI,0.00,15
2026-09-06T13:00:00Z,SK,0.00,15
2026-09-06T13:15:00Z,AT,0.01,15
2026-09-06T13:15:00Z,BE,-0.01,15
2026-09-06T13:15:00Z,CZ,0.00,15
2026-09-06T13:15:00Z,DE-LU,-0.01,15
2026-09-06T13:15:00Z,DK1,0.00,15
2026-09-06T13:15:00Z,DK2,1.59,15
2026-09-06T13:15:00Z,EE,3.72,15
2026-09-06T13:15:00Z,ES,0.30,15
2026-09-06T13:15:00Z,FI,3.73,15
2026-09-06T13:15:00Z,FR,-0.01,15
2026-09-06T13:15:00Z,GR,0.00,15
2026-09-06T13:15:00Z,HR,0.00,15
2026-09-06T13:15:00Z,HU,0.00,15
2026-09-06T13:15:00Z,IT-CNorth,146.21,15
2026-09-06T13:15:00Z,IT-CSouth,146.21,15
2026-09-06T13:15:00Z,IT-North,146.21,15
2026-09-06T13:15:00Z,IT-Sardinia,146.21,15
2026-09-06T13:15:00Z,IT-Sicily,146.21,15
2026-09-06T13:15:00Z,IT-South,146.21,15
2026-09-06T13:15:00Z,LT,3.72,15
2026-09-06T13:15:00Z,LV,3.72,15
2026-09-06T13:15:00Z,NL,-0.01,15
2026-09-06T13:15:00Z,NO1,32.61,15
2026-09-06T13:15:00Z,NO2,28.07,15
2026-09-06T13:15:00Z,NO3,69.23,15
2026-09-06T13:15:00Z,NO4,18.16,15
2026-09-06T13:15:00Z,NO5,34.11,15
2026-09-06T13:15:00Z,PL,0.00,15
2026-09-06T13:15:00Z,PT,0.30,15
2026-09-06T13:15:00Z,RO,0.00,15
2026-09-06T13:15:00Z,RS,13.00,15
2026-09-06T13:15:00Z,SE1,3.89,15
2026-09-06T13:15:00Z,SE2,1.80,15
2026-09-06T13:15:00Z,SE3,6.40,15
2026-09-06T13:15:00Z,SE4,8.08,15
2026-09-06T13:15:00Z,SI,0.00,15
2026-09-06T13:15:00Z,SK,0.00,15
2026-09-06T13:30:00Z,AT,0.00,15
2026-09-06T13:30:00Z,BE,0.00,15
2026-09-06T13:30:00Z,CZ,0.00,15
2026-09-06T13:30:00Z,DE-LU,0.00,15
2026-09-06T13:30:00Z,DK1,0.00,15
2026-09-06T13:30:00Z,DK2,1.60,15
2026-09-06T13:30:00Z,EE,4.28,15
2026-09-06T13:30:00Z,ES,0.51,15
2026-09-06T13:30:00Z,FI,4.29,15
2026-09-06T13:30:00Z,FR,0.00,15
2026-09-06T13:30:00Z,GR,0.00,15
2026-09-06T13:30:00Z,HR,0.00,15
2026-09-06T13:30:00Z,HU,0.00,15
2026-09-06T13:30:00Z,IT-CNorth,155.09,15
2026-09-06T13:30:00Z,IT-CSouth,155.09,15
2026-09-06T13:30:00Z,IT-North,155.09,15
2026-09-06T13:30:00Z,IT-Sardinia,155.09,15
2026-09-06T13:30:00Z,IT-Sicily,155.09,15
2026-09-06T13:30:00Z,IT-South,155.09,15
2026-09-06T13:30:00Z,LT,4.28,15
2026-09-06T13:30:00Z,LV,4.28,15
2026-09-06T13:30:00Z,NL,0.00,15
2026-09-06T13:30:00Z,NO1,34.13,15
2026-09-06T13:30:00Z,NO2,29.43,15
2026-09-06T13:30:00Z,NO3,71.93,15
2026-09-06T13:30:00Z,NO4,18.12,15
2026-09-06T13:30:00Z,NO5,35.68,15
2026-09-06T13:30:00Z,PL,0.00,15
2026-09-06T13:30:00Z,PT,0.51,15
2026-09-06T13:30:00Z,RO,0.00,15
2026-09-06T13:30:00Z,RS,13.00,15
2026-09-06T13:30:00Z,SE1,4.44,15
2026-09-06T13:30:00Z,SE2,2.19,15
2026-09-06T13:30:00Z,SE3,6.99,15
2026-09-06T13:30:00Z,SE4,8.75,15
2026-09-06T13:30:00Z,SI,0.00,15
2026-09-06T13:30:00Z,SK,0.00,15
2026-09-06T13:45:00Z,AT,0.01,15
2026-09-06T13:45:00Z,BE,0.01,15
2026-09-06T13:45:00Z,CZ,0.01,15
2026-09-06T13:45:00Z,DE-LU,0.01,15
2026-09-06T13:45:00Z,DK1,0.07,15
2026-09-06T13:45:00Z,DK2,2.10,15
2026-09-06T13:45:00Z,EE,5.01,15
2026-09-06T13:45:00Z,ES,0.51,15
2026-09-06T13:45:00Z,FI,5.02,15
2026-09-06T13:45:00Z,FR,0.01,15
2026-09-06T13:45:00Z,GR,0.01,15
2026-09-06T13:45:00Z,HR,0.01,15
2026-09-06T13:45:00Z,HU,0.01,15
2026-09-06T13:45:00Z,IT-CNorth,169.15,15
2026-09-06T13:45:00Z,IT-CSouth,169.15,15
2026-09-06T13:45:00Z,IT-North,169.15,15
2026-09-06T13:45:00Z,IT-Sardinia,169.15,15
2026-09-06T13:45:00Z,IT-Sicily,169.15,15
2026-09-06T13:45:00Z,IT-South,169.15,15
2026-09-06T13:45:00Z,LT,5.01,15
2026-09-06T13:45:00Z,LV,5.01,15
2026-09-06T13:45:00Z,NL,0.01,15
2026-09-06T13:45:00Z,NO1,38.22,15
2026-09-06T13:45:00Z,NO2,33.05,15
2026-09-06T13:45:00Z,NO3,79.80,15
2026-09-06T13:45:00Z,NO4,18.03,15
2026-09-06T13:45:00Z,NO5,39.93,15
2026-09-06T13:45:00Z,PL,0.01,15
2026-09-06T13:45:00Z,PT,0.51,15
2026-09-06T13:45:00Z,RO,0.01,15
2026-09-06T13:45:00Z,RS,13.00,15
2026-09-06T13:45:00Z,SE1,5.16,15
2026-09-06T13:45:00Z,SE2,2.83,15
2026-09-06T13:45:00Z,SE3,8.21,15
2026-09-06T13:45:00Z,SE4,10.18,15
2026-09-06T13:45:00Z,SI,0.01,15
2026-09-06T13:45:00Z,SK,0.01,15
2026-09-06T14:00:00Z,AT,0.01,15
2026-09-06T14:00:00Z,BE,0.01,15
2026-09-06T14:00:00Z,CH,36.50,60
2026-09-06T14:00:00Z,CZ,0.01,15
2026-09-06T14:00:00Z,DE-LU,0.01,15
2026-09-06T14:00:00Z,DK1,0.12,15
2026-09-06T14:00:00Z,DK2,3.52,15
2026-09-06T14:00:00Z,EE,3.77,15
2026-09-06T14:00:00Z,ES,0.52,15
2026-09-06T14:00:00Z,FI,3.78,15
2026-09-06T14:00:00Z,FR,0.01,15
2026-09-06T14:00:00Z,GR,0.01,15
2026-09-06T14:00:00Z,HR,0.01,15
2026-09-06T14:00:00Z,HU,0.01,15
2026-09-06T14:00:00Z,IT-CNorth,159.92,15
2026-09-06T14:00:00Z,IT-CSouth,159.92,15
2026-09-06T14:00:00Z,IT-North,159.92,15
2026-09-06T14:00:00Z,IT-Sardinia,159.92,15
2026-09-06T14:00:00Z,IT-Sicily,159.92,15
2026-09-06T14:00:00Z,IT-South,159.92,15
2026-09-06T14:00:00Z,LT,3.77,15
2026-09-06T14:00:00Z,LV,3.77,15
2026-09-06T14:00:00Z,NL,0.01,15
2026-09-06T14:00:00Z,NO1,39.65,15
2026-09-06T14:00:00Z,NO2,34.44,15
2026-09-06T14:00:00Z,NO3,85.57,15
2026-09-06T14:00:00Z,NO4,17.81,15
2026-09-06T14:00:00Z,NO5,41.98,15
2026-09-06T14:00:00Z,PL,0.01,15
2026-09-06T14:00:00Z,PT,0.52,15
2026-09-06T14:00:00Z,RO,0.01,15
2026-09-06T14:00:00Z,RS,27.29,15
2026-09-06T14:00:00Z,SE1,4.01,15
2026-09-06T14:00:00Z,SE2,1.29,15
2026-09-06T14:00:00Z,SE3,7.28,15
2026-09-06T14:00:00Z,SE4,9.60,15
2026-09-06T14:00:00Z,SI,0.01,15
2026-09-06T14:00:00Z,SK,0.01,15
2026-09-06T14:15:00Z,AT,1.94,15
2026-09-06T14:15:00Z,BE,1.94,15
2026-09-06T14:15:00Z,CZ,1.94,15
2026-09-06T14:15:00Z,DE-LU,1.94,15
2026-09-06T14:15:00Z,DK1,1.99,15
2026-09-06T14:15:00Z,DK2,3.99,15
2026-09-06T14:15:00Z,EE,5.34,15
2026-09-06T14:15:00Z,ES,1.94,15
2026-09-06T14:15:00Z,FI,5.35,15
2026-09-06T14:15:00Z,FR,1.94,15
2026-09-06T14:15:00Z,GR,1.94,15
2026-09-06T14:15:00Z,HR,1.94,15
2026-09-06T14:15:00Z,HU,1.94,15
2026-09-06T14:15:00Z,IT-CNorth,162.65,15
2026-09-06T14:15:00Z,IT-CSouth,162.65,15
2026-09-06T14:15:00Z,IT-North,162.65,15
2026-09-06T14:15:00Z,IT-Sardinia,162.65,15
2026-09-06T14:15:00Z,IT-Sicily,162.65,15
2026-09-06T14:15:00Z,IT-South,162.65,15
2026-09-06T14:15:00Z,LT,5.34,15
2026-09-06T14:15:00Z,LV,5.34,15
2026-09-06T14:15:00Z,NL,1.94,15
2026-09-06T14:15:00Z,NO1,44.07,15
2026-09-06T14:15:00Z,NO2,38.20,15
2026-09-06T14:15:00Z,NO3,95.71,15
2026-09-06T14:15:00Z,NO4,17.80,15
2026-09-06T14:15:00Z,NO5,46.69,15
2026-09-06T14:15:00Z,PL,1.94,15
2026-09-06T14:15:00Z,PT,1.94,15
2026-09-06T14:15:00Z,RO,1.94,15
2026-09-06T14:15:00Z,RS,27.29,15
2026-09-06T14:15:00Z,SE1,5.55,15
2026-09-06T14:15:00Z,SE2,0.63,15
2026-09-06T14:15:00Z,SE3,7.48,15
2026-09-06T14:15:00Z,SE4,10.14,15
2026-09-06T14:15:00Z,SI,1.94,15
2026-09-06T14:15:00Z,SK,1.94,15
2026-09-06T14:30:00Z,AT,20.00,15
2026-09-06T14:30:00Z,BE,20.00,15
2026-09-06T14:30:00Z,CZ,20.00,15
2026-09-06T14:30:00Z,DE-LU,20.00,15
2026-09-06T14:30:00Z,DK1,20.00,15
2026-09-06T14:30:00Z,DK2,19.98,15
2026-09-06T14:30:00Z,EE,12.56,15
2026-09-06T14:30:00Z,ES,20.00,15
2026-09-06T14:30:00Z,FI,12.56,15
2026-09-06T14:30:00Z,FR,20.00,15
2026-09-06T14:30:00Z,GR,20.00,15
2026-09-06T14:30:00Z,HR,20.00,15
2026-09-06T14:30:00Z,HU,20.00,15
2026-09-06T14:30:00Z,IT-CNorth,193.90,15
2026-09-06T14:30:00Z,IT-CSouth,193.90,15
2026-09-06T14:30:00Z,IT-North,193.90,15
2026-09-06T14:30:00Z,IT-Sardinia,193.90,15
2026-09-06T14:30:00Z,IT-Sicily,193.90,15
2026-09-06T14:30:00Z,IT-South,193.90,15
2026-09-06T14:30:00Z,LT,17.83,15
2026-09-06T14:30:00Z,LV,17.83,15
2026-09-06T14:30:00Z,NL,20.00,15
2026-09-06T14:30:00Z,NO1,53.95,15
2026-09-06T14:30:00Z,NO2,48.05,15
2026-09-06T14:30:00Z,NO3,105.44,15
2026-09-06T14:30:00Z,NO4,18.12,15
2026-09-06T14:30:00Z,NO5,56.58,15
2026-09-06T14:30:00Z,PL,20.00,15
2026-09-06T14:30:00Z,PT,20.00,15
2026-09-06T14:30:00Z,RO,20.00,15
2026-09-06T14:30:00Z,RS,27.29,15
2026-09-06T14:30:00Z,SE1,12.67,15
2026-09-06T14:30:00Z,SE2,9.72,15
2026-09-06T14:30:00Z,SE3,16.91,15
2026-09-06T14:30:00Z,SE4,19.71,15
2026-09-06T14:30:00Z,SI,20.00,15
2026-09-06T14:30:00Z,SK,20.00,15
2026-09-06T14:45:00Z,AT,57.83,15
2026-09-06T14:45:00Z,BE,57.83,15
2026-09-06T14:45:00Z,CZ,57.83,15
2026-09-06T14:45:00Z,DE-LU,57.83,15
2026-09-06T14:45:00Z,DK1,57.83,15
2026-09-06T14:45:00Z,DK2,57.81,15
2026-09-06T14:45:00Z,EE,34.72,15
2026-09-06T14:45:00Z,ES,57.83,15
2026-09-06T14:45:00Z,FI,34.71,15
2026-09-06T14:45:00Z,FR,57.83,15
2026-09-06T14:45:00Z,GR,57.83,15
2026-09-06T14:45:00Z,HR,57.83,15
2026-09-06T14:45:00Z,HU,57.83,15
2026-09-06T14:45:00Z,IT-CNorth,203.53,15
2026-09-06T14:45:00Z,IT-CSouth,203.53,15
2026-09-06T14:45:00Z,IT-North,203.53,15
2026-09-06T14:45:00Z,IT-Sardinia,203.53,15
2026-09-06T14:45:00Z,IT-Sicily,203.53,15
2026-09-06T14:45:00Z,IT-South,203.53,15
2026-09-06T14:45:00Z,LT,46.22,15
2026-09-06T14:45:00Z,LV,46.22,15
2026-09-06T14:45:00Z,NL,57.83,15
2026-09-06T14:45:00Z,NO1,78.11,15
2026-09-06T14:45:00Z,NO2,72.99,15
2026-09-06T14:45:00Z,NO3,121.55,15
2026-09-06T14:45:00Z,NO4,18.54,15
2026-09-06T14:45:00Z,NO5,80.38,15
2026-09-06T14:45:00Z,PL,57.83,15
2026-09-06T14:45:00Z,PT,57.83,15
2026-09-06T14:45:00Z,RO,57.83,15
2026-09-06T14:45:00Z,RS,27.29,15
2026-09-06T14:45:00Z,SE1,34.50,15
2026-09-06T14:45:00Z,SE2,37.99,15
2026-09-06T14:45:00Z,SE3,45.16,15
2026-09-06T14:45:00Z,SE4,47.96,15
2026-09-06T14:45:00Z,SI,57.83,15
2026-09-06T14:45:00Z,SK,57.83,15
2026-09-06T15:00:00Z,AT,57.23,15
2026-09-06T15:00:00Z,BE,57.23,15
2026-09-06T15:00:00Z,CH,137.40,60
2026-09-06T15:00:00Z,CZ,57.23,15
2026-09-06T15:00:00Z,DE-LU,57.23,15
2026-09-06T15:00:00Z,DK1,57.23,15
2026-09-06T15:00:00Z,DK2,57.22,15
2026-09-06T15:00:00Z,EE,19.34,15
2026-09-06T15:00:00Z,ES,57.23,15
2026-09-06T15:00:00Z,FI,19.34,15
2026-09-06T15:00:00Z,FR,57.23,15
2026-09-06T15:00:00Z,GR,57.23,15
2026-09-06T15:00:00Z,HR,57.23,15
2026-09-06T15:00:00Z,HU,57.23,15
2026-09-06T15:00:00Z,IT-CNorth,224.34,15
2026-09-06T15:00:00Z,IT-CSouth,224.34,15
2026-09-06T15:00:00Z,IT-North,224.34,15
2026-09-06T15:00:00Z,IT-Sardinia,224.34,15
2026-09-06T15:00:00Z,IT-Sicily,224.34,15
2026-09-06T15:00:00Z,IT-South,224.34,15
2026-09-06T15:00:00Z,LT,26.16,15
2026-09-06T15:00:00Z,LV,26.16,15
2026-09-06T15:00:00Z,NL,57.23,15
2026-09-06T15:00:00Z,NO1,98.24,15
2026-09-06T15:00:00Z,NO2,95.03,15
2026-09-06T15:00:00Z,NO3,130.51,15
2026-09-06T15:00:00Z,NO4,17.91,15
2026-09-06T15:00:00Z,NO5,102.59,15
2026-09-06T15:00:00Z,PL,57.23,15
2026-09-06T15:00:00Z,PT,57.23,15
2026-09-06T15:00:00Z,RO,57.23,15
2026-09-06T15:00:00Z,RS,2.51,15
2026-09-06T15:00:00Z,SE1,19.35,15
2026-09-06T15:00:00Z,SE2,18.57,15
2026-09-06T15:00:00Z,SE3,25.19,15
2026-09-06T15:00:00Z,SE4,27.86,15
2026-09-06T15:00:00Z,SI,57.23,15
2026-09-06T15:00:00Z,SK,57.23,15
2026-09-06T15:15:00Z,AT,92.46,15
2026-09-06T15:15:00Z,BE,92.40,15
2026-09-06T15:15:00Z,CZ,92.43,15
2026-09-06T15:15:00Z,DE-LU,92.40,15
2026-09-06T15:15:00Z,DK1,92.41,15
2026-09-06T15:15:00Z,DK2,92.40,15
2026-09-06T15:15:00Z,EE,26.13,15
2026-09-06T15:15:00Z,ES,92.40,15
2026-09-06T15:15:00Z,FI,26.13,15
2026-09-06T15:15:00Z,FR,92.40,15
2026-09-06T15:15:00Z,GR,139.88,15
2026-09-06T15:15:00Z,HR,92.44,15
2026-09-06T15:15:00Z,HU,92.44,15
2026-09-06T15:15:00Z,IT-CNorth,224.34,15
2026-09-06T15:15:00Z,IT-CSouth,224.34,15
2026-09-06T15:15:00Z,IT-North,224.34,15
2026-09-06T15:15:00Z,IT-Sardinia,224.34,15
2026-09-06T15:15:00Z,IT-Sicily,224.34,15
2026-09-06T15:15:00Z,IT-South,224.34,15
2026-09-06T15:15:00Z,LT,91.81,15
2026-09-06T15:15:00Z,LV,91.81,15
2026-09-06T15:15:00Z,NL,92.40,15
2026-09-06T15:15:00Z,NO1,124.50,15
2026-09-06T15:15:00Z,NO2,123.86,15
2026-09-06T15:15:00Z,NO3,127.17,15
2026-09-06T15:15:00Z,NO4,17.93,15
2026-09-06T15:15:00Z,NO5,125.97,15
2026-09-06T15:15:00Z,PL,92.42,15
2026-09-06T15:15:00Z,PT,92.40,15
2026-09-06T15:15:00Z,RO,92.44,15
2026-09-06T15:15:00Z,RS,2.51,15
2026-09-06T15:15:00Z,SE1,26.02,15
2026-09-06T15:15:00Z,SE2,28.01,15
2026-09-06T15:15:00Z,SE3,65.18,15
2026-09-06T15:15:00Z,SE4,92.32,15
2026-09-06T15:15:00Z,SI,92.45,15
2026-09-06T15:15:00Z,SK,92.44,15
2026-09-06T15:30:00Z,AT,167.79,15
2026-09-06T15:30:00Z,BE,149.52,15
2026-09-06T15:30:00Z,CZ,150.74,15
2026-09-06T15:30:00Z,DE-LU,150.74,15
2026-09-06T15:30:00Z,DK1,150.25,15
2026-09-06T15:30:00Z,DK2,150.01,15
2026-09-06T15:30:00Z,EE,33.67,15
2026-09-06T15:30:00Z,ES,111.20,15
2026-09-06T15:30:00Z,FI,33.66,15
2026-09-06T15:30:00Z,FR,144.05,15
2026-09-06T15:30:00Z,GR,164.06,15
2026-09-06T15:30:00Z,HR,164.18,15
2026-09-06T15:30:00Z,HU,164.59,15
2026-09-06T15:30:00Z,IT-CNorth,206.00,15
2026-09-06T15:30:00Z,IT-CSouth,206.00,15
2026-09-06T15:30:00Z,IT-North,206.00,15
2026-09-06T15:30:00Z,IT-Sardinia,206.00,15
2026-09-06T15:30:00Z,IT-Sicily,206.00,15
2026-09-06T15:30:00Z,IT-South,206.00,15
2026-09-06T15:30:00Z,LT,129.27,15
2026-09-06T15:30:00Z,LV,129.27,15
2026-09-06T15:30:00Z,NL,150.12,15
2026-09-06T15:30:00Z,NO1,130.71,15
2026-09-06T15:30:00Z,NO2,131.38,15
2026-09-06T15:30:00Z,NO3,119.26,15
2026-09-06T15:30:00Z,NO4,18.22,15
2026-09-06T15:30:00Z,NO5,130.33,15
2026-09-06T15:30:00Z,PL,147.74,15
2026-09-06T15:30:00Z,PT,111.20,15
2026-09-06T15:30:00Z,RO,164.17,15
2026-09-06T15:30:00Z,RS,2.51,15
2026-09-06T15:30:00Z,SE1,33.43,15
2026-09-06T15:30:00Z,SE2,37.99,15
2026-09-06T15:30:00Z,SE3,90.00,15
2026-09-06T15:30:00Z,SE4,129.12,15
2026-09-06T15:30:00Z,SI,164.59,15
2026-09-06T15:30:00Z,SK,156.38,15
2026-09-06T15:45:00Z,AT,215.38,15
2026-09-06T15:45:00Z,BE,187.76,15
2026-09-06T15:45:00Z,CZ,192.31,15
2026-09-06T15:45:00Z,DE-LU,192.31,15
2026-09-06T15:45:00Z,DK1,191.43,15
2026-09-06T15:45:00Z,DK2,191.38,15
2026-09-06T15:45:00Z,EE,47.77,15
2026-09-06T15:45:00Z,ES,125.70,15
2026-09-06T15:45:00Z,FI,47.75,15
2026-09-06T15:45:00Z,FR,172.69,15
2026-09-06T15:45:00Z,GR,210.03,15
2026-09-06T15:45:00Z,HR,210.58,15
2026-09-06T15:45:00Z,HU,210.58,15
2026-09-06T15:45:00Z,IT-CNorth,221.67,15
2026-09-06T15:45:00Z,IT-CSouth,221.67,15
2026-09-06T15:45:00Z,IT-North,221.67,15
2026-09-06T15:45:00Z,IT-Sardinia,221.67,15
2026-09-06T15:45:00Z,IT-Sicily,221.67,15
2026-09-06T15:45:00Z,IT-South,221.67,15
2026-09-06T15:45:00Z,LT,150.58,15
2026-09-06T15:45:00Z,LV,150.58,15
2026-09-06T15:45:00Z,NL,189.91,15
2026-09-06T15:45:00Z,NO1,137.84,15
2026-09-06T15:45:00Z,NO2,139.59,15
2026-09-06T15:45:00Z,NO3,113.71,15
2026-09-06T15:45:00Z,NO4,18.85,15
2026-09-06T15:45:00Z,NO5,136.32,15
2026-09-06T15:45:00Z,PL,189.46,15
2026-09-06T15:45:00Z,PT,125.70,15
2026-09-06T15:45:00Z,RO,210.14,15
2026-09-06T15:45:00Z,RS,2.51,15
2026-09-06T15:45:00Z,SE1,47.32,15
2026-09-06T15:45:00Z,SE2,56.12,15
2026-09-06T15:45:00Z,SE3,109.42,15
2026-09-06T15:45:00Z,SE4,149.99,15
2026-09-06T15:45:00Z,SI,211.30,15
2026-09-06T15:45:00Z,SK,200.03,15
2026-09-06T16:00:00Z,AT,154.59,15
2026-09-06T16:00:00Z,BE,154.38,15
2026-09-06T16:00:00Z,CH,190.00,60
2026-09-06T16:00:00Z,CZ,154.56,15
2026-09-06T16:00:00Z,DE-LU,154.52,15
2026-09-06T16:00:00Z,DK1,154.50,15
2026-09-06T16:00:00Z,DK2,154.52,15
2026-09-06T16:00:00Z,EE,32.39,15
2026-09-06T16:00:00Z,ES,126.00,15
2026-09-06T16:00:00Z,FI,32.38,15
2026-09-06T16:00:00Z,FR,153.77,15
2026-09-06T16:00:00Z,GR,214.65,15
2026-09-06T16:00:00Z,HR,154.60,15
2026-09-06T16:00:00Z,HU,154.58,15
2026-09-06T16:00:00Z,IT-CNorth,188.02,15
2026-09-06T16:00:00Z,IT-CSouth,188.02,15
2026-09-06T16:00:00Z,IT-North,188.02,15
2026-09-06T16:00:00Z,IT-Sardinia,188.02,15
2026-09-06T16:00:00Z,IT-Sicily,188.02,15
2026-09-06T16:00:00Z,IT-South,188.02,15
2026-09-06T16:00:00Z,LT,154.55,15
2026-09-06T16:00:00Z,LV,154.55,15
2026-09-06T16:00:00Z,NL,154.42,15
2026-09-06T16:00:00Z,NO1,140.56,15
2026-09-06T16:00:00Z,NO2,144.00,15
2026-09-06T16:00:00Z,NO3,114.85,15
2026-09-06T16:00:00Z,NO4,17.93,15
2026-09-06T16:00:00Z,NO5,138.08,15
2026-09-06T16:00:00Z,PL,154.55,15
2026-09-06T16:00:00Z,PT,126.00,15
2026-09-06T16:00:00Z,RO,154.58,15
2026-09-06T16:00:00Z,RS,75.08,15
2026-09-06T16:00:00Z,SE1,32.17,15
2026-09-06T16:00:00Z,SE2,36.85,15
2026-09-06T16:00:00Z,SE3,102.55,15
2026-09-06T16:00:00Z,SE4,154.65,15
2026-09-06T16:00:00Z,SI,154.60,15
2026-09-06T16:00:00Z,SK,154.57,15
2026-09-06T16:15:00Z,AT,192.27,15
2026-09-06T16:15:00Z,BE,181.12,15
2026-09-06T16:15:00Z,CZ,171.08,15
2026-09-06T16:15:00Z,DE-LU,181.83,15
2026-09-06T16:15:00Z,DK1,181.35,15
2026-09-06T16:15:00Z,DK2,180.97,15
2026-09-06T16:15:00Z,EE,28.80,15
2026-09-06T16:15:00Z,ES,139.99,15
2026-09-06T16:15:00Z,FI,28.79,15
2026-09-06T16:15:00Z,FR,177.52,15
2026-09-06T16:15:00Z,GR,228.73,15
2026-09-06T16:15:00Z,HR,188.12,15
2026-09-06T16:15:00Z,HU,185.46,15
2026-09-06T16:15:00Z,IT-CNorth,206.86,15
2026-09-06T16:15:00Z,IT-CSouth,206.86,15
2026-09-06T16:15:00Z,IT-North,206.86,15
2026-09-06T16:15:00Z,IT-Sardinia,206.86,15
2026-09-06T16:15:00Z,IT-Sicily,206.86,15
2026-09-06T16:15:00Z,IT-South,206.86,15
2026-09-06T16:15:00Z,LT,176.66,15
2026-09-06T16:15:00Z,LV,176.66,15
2026-09-06T16:15:00Z,NL,181.51,15
2026-09-06T16:15:00Z,NO1,147.57,15
2026-09-06T16:15:00Z,NO2,156.01,15
2026-09-06T16:15:00Z,NO3,101.52,15
2026-09-06T16:15:00Z,NO4,20.26,15
2026-09-06T16:15:00Z,NO5,140.76,15
2026-09-06T16:15:00Z,PL,179.18,15
2026-09-06T16:15:00Z,PT,139.99,15
2026-09-06T16:15:00Z,RO,185.84,15
2026-09-06T16:15:00Z,RS,75.08,15
2026-09-06T16:15:00Z,SE1,28.66,15
2026-09-06T16:15:00Z,SE2,32.07,15
2026-09-06T16:15:00Z,SE3,111.05,15
2026-09-06T16:15:00Z,SE4,174.49,15
2026-09-06T16:15:00Z,SI,189.31,15
2026-09-06T16:15:00Z,SK,180.12,15
2026-09-06T16:30:00Z,AT,223.66,15
2026-09-06T16:30:00Z,BE,203.57,15
2026-09-06T16:30:00Z,CZ,188.23,15
2026-09-06T16:30:00Z,DE-LU,205.87,15
2026-09-06T16:30:00Z,DK1,204.96,15
2026-09-06T16:30:00Z,DK2,204.40,15
2026-09-06T16:30:00Z,EE,32.69,15
2026-09-06T16:30:00Z,ES,165.00,15
2026-09-06T16:30:00Z,FI,32.69,15
2026-09-06T16:30:00Z,FR,194.52,15
2026-09-06T16:30:00Z,GR,227.83,15
2026-09-06T16:30:00Z,HR,216.79,15
2026-09-06T16:30:00Z,HU,212.27,15
2026-09-06T16:30:00Z,IT-CNorth,246.82,15
2026-09-06T16:30:00Z,IT-CSouth,246.82,15
2026-09-06T16:30:00Z,IT-North,246.82,15
2026-09-06T16:30:00Z,IT-Sardinia,246.82,15
2026-09-06T16:30:00Z,IT-Sicily,246.82,15
2026-09-06T16:30:00Z,IT-South,246.82,15
2026-09-06T16:30:00Z,LT,176.84,15
2026-09-06T16:30:00Z,LV,176.84,15
2026-09-06T16:30:00Z,NL,204.73,15
2026-09-06T16:30:00Z,NO1,148.94,15
2026-09-06T16:30:00Z,NO2,156.29,15
2026-09-06T16:30:00Z,NO3,103.95,15
2026-09-06T16:30:00Z,NO4,25.10,15
2026-09-06T16:30:00Z,NO5,143.31,15
2026-09-06T16:30:00Z,PL,201.66,15
2026-09-06T16:30:00Z,PT,165.00,15
2026-09-06T16:30:00Z,RO,212.92,15
2026-09-06T16:30:00Z,RS,75.08,15
2026-09-06T16:30:00Z,SE1,32.57,15
2026-09-06T16:30:00Z,SE2,35.70,15
2026-09-06T16:30:00Z,SE3,113.19,15
2026-09-06T16:30:00Z,SE4,175.47,15
2026-09-06T16:30:00Z,SI,218.79,15
2026-09-06T16:30:00Z,SK,203.32,15
2026-09-06T16:45:00Z,AT,235.32,15
2026-09-06T16:45:00Z,BE,231.26,15
2026-09-06T16:45:00Z,CZ,234.90,15
2026-09-06T16:45:00Z,DE-LU,234.20,15
2026-09-06T16:45:00Z,DK1,233.94,15
2026-09-06T16:45:00Z,DK2,234.18,15
2026-09-06T16:45:00Z,EE,35.81,15
2026-09-06T16:45:00Z,ES,194.70,15
2026-09-06T16:45:00Z,FI,35.81,15
2026-09-06T16:45:00Z,FR,223.09,15
2026-09-06T16:45:00Z,GR,235.24,15
2026-09-06T16:45:00Z,HR,235.44,15
2026-09-06T16:45:00Z,HU,235.17,15
2026-09-06T16:45:00Z,IT-CNorth,273.66,15
2026-09-06T16:45:00Z,IT-CSouth,273.66,15
2026-09-06T16:45:00Z,IT-North,273.66,15
2026-09-06T16:45:00Z,IT-Sardinia,273.66,15
2026-09-06T16:45:00Z,IT-Sicily,273.66,15
2026-09-06T16:45:00Z,IT-South,273.66,15
2026-09-06T16:45:00Z,LT,176.74,15
2026-09-06T16:45:00Z,LV,176.74,15
2026-09-06T16:45:00Z,NL,232.62,15
2026-09-06T16:45:00Z,NO1,149.38,15
2026-09-06T16:45:00Z,NO2,156.33,15
2026-09-06T16:45:00Z,NO3,105.39,15
2026-09-06T16:45:00Z,NO4,28.73,15
2026-09-06T16:45:00Z,NO5,144.14,15
2026-09-06T16:45:00Z,PL,187.29,15
2026-09-06T16:45:00Z,PT,194.70,15
2026-09-06T16:45:00Z,RO,235.23,15
2026-09-06T16:45:00Z,RS,75.08,15
2026-09-06T16:45:00Z,SE1,35.69,15
2026-09-06T16:45:00Z,SE2,38.66,15
2026-09-06T16:45:00Z,SE3,114.46,15
2026-09-06T16:45:00Z,SE4,175.39,15
2026-09-06T16:45:00Z,SI,235.49,15
2026-09-06T16:45:00Z,SK,234.99,15
2026-09-06T17:00:00Z,AT,203.48,15
2026-09-06T17:00:00Z,BE,200.15,15
2026-09-06T17:00:00Z,CH,210.48,60
2026-09-06T17:00:00Z,CZ,195.88,15
2026-09-06T17:00:00Z,DE-LU,199.96,15
2026-09-06T17:00:00Z,DK1,199.82,15
2026-09-06T17:00:00Z,DK2,199.64,15
2026-09-06T17:00:00Z,EE,30.92,15
2026-09-06T17:00:00Z,ES,193.30,15
2026-09-06T17:00:00Z,FI,30.92,15
2026-09-06T17:00:00Z,FR,200.25,15
2026-09-06T17:00:00Z,GR,201.24,15
2026-09-06T17:00:00Z,HR,201.95,15
2026-09-06T17:00:00Z,HU,201.04,15
2026-09-06T17:00:00Z,IT-CNorth,224.34,15
2026-09-06T17:00:00Z,IT-CSouth,224.34,15
2026-09-06T17:00:00Z,IT-North,224.34,15
2026-09-06T17:00:00Z,IT-Sardinia,224.34,15
2026-09-06T17:00:00Z,IT-Sicily,224.34,15
2026-09-06T17:00:00Z,IT-South,224.34,15
2026-09-06T17:00:00Z,LT,178.94,15
2026-09-06T17:00:00Z,LV,178.94,15
2026-09-06T17:00:00Z,NL,200.10,15
2026-09-06T17:00:00Z,NO1,150.41,15
2026-09-06T17:00:00Z,NO2,156.31,15
2026-09-06T17:00:00Z,NO3,102.81,15
2026-09-06T17:00:00Z,NO4,25.95,15
2026-09-06T17:00:00Z,NO5,144.69,15
2026-09-06T17:00:00Z,PL,195.68,15
2026-09-06T17:00:00Z,PT,193.30,15
2026-09-06T17:00:00Z,RO,201.18,15
2026-09-06T17:00:00Z,RS,124.53,15
2026-09-06T17:00:00Z,SE1,30.86,15
2026-09-06T17:00:00Z,SE2,33.35,15
2026-09-06T17:00:00Z,SE3,113.51,15
2026-09-06T17:00:00Z,SE4,177.60,15
2026-09-06T17:00:00Z,SI,202.37,15
2026-09-06T17:00:00Z,SK,199.18,15
2026-09-06T17:15:00Z,AT,227.98,15
2026-09-06T17:15:00Z,BE,222.35,15
2026-09-06T17:15:00Z,CZ,215.12,15
2026-09-06T17:15:00Z,DE-LU,221.99,15
2026-09-06T17:15:00Z,DK1,221.74,15
2026-09-06T17:15:00Z,DK2,221.44,15
2026-09-06T17:15:00Z,EE,32.32,15
2026-09-06T17:15:00Z,ES,217.30,15
2026-09-06T17:15:00Z,FI,32.31,15
2026-09-06T17:15:00Z,FR,222.72,15
2026-09-06T17:15:00Z,GR,224.20,15
2026-09-06T17:15:00Z,HR,225.40,15
2026-09-06T17:15:00Z,HU,223.86,15
2026-09-06T17:15:00Z,IT-CNorth,271.46,15
2026-09-06T17:15:00Z,IT-CSouth,271.46,15
2026-09-06T17:15:00Z,IT-North,271.46,15
2026-09-06T17:15:00Z,IT-Sardinia,271.46,15
2026-09-06T17:15:00Z,IT-Sicily,271.46,15
2026-09-06T17:15:00Z,IT-South,271.46,15
2026-09-06T17:15:00Z,LT,178.39,15
2026-09-06T17:15:00Z,LV,178.39,15
2026-09-06T17:15:00Z,NL,222.17,15
2026-09-06T17:15:00Z,NO1,150.39,15
2026-09-06T17:15:00Z,NO2,156.26,15
2026-09-06T17:15:00Z,NO3,103.58,15
2026-09-06T17:15:00Z,NO4,26.83,15
2026-09-06T17:15:00Z,NO5,144.68,15
2026-09-06T17:15:00Z,PL,219.60,15
2026-09-06T17:15:00Z,PT,217.30,15
2026-09-06T17:15:00Z,RO,224.10,15
2026-09-06T17:15:00Z,RS,124.53,15
2026-09-06T17:15:00Z,SE1,32.25,15
2026-09-06T17:15:00Z,SE2,34.87,15
2026-09-06T17:15:00Z,SE3,113.90,15
2026-09-06T17:15:00Z,SE4,177.08,15
2026-09-06T17:15:00Z,SI,226.12,15
2026-09-06T17:15:00Z,SK,220.70,15
2026-09-06T17:30:00Z,AT,227.93,15
2026-09-06T17:30:00Z,BE,225.67,15
2026-09-06T17:30:00Z,CZ,222.77,15
2026-09-06T17:30:00Z,DE-LU,225.53,15
2026-09-06T17:30:00Z,DK1,225.43,15
2026-09-06T17:30:00Z,DK2,225.31,15
2026-09-06T17:30:00Z,EE,31.74,15
2026-09-06T17:30:00Z,ES,225.01,15
2026-09-06T17:30:00Z,FI,31.74,15
2026-09-06T17:30:00Z,FR,225.82,15
2026-09-06T17:30:00Z,GR,226.41,15
2026-09-06T17:30:00Z,HR,226.90,15
2026-09-06T17:30:00Z,HU,226.28,15
2026-09-06T17:30:00Z,IT-CNorth,230.57,15
2026-09-06T17:30:00Z,IT-CSouth,230.57,15
2026-09-06T17:30:00Z,IT-North,230.57,15
2026-09-06T17:30:00Z,IT-Sardinia,230.57,15
2026-09-06T17:30:00Z,IT-Sicily,230.57,15
2026-09-06T17:30:00Z,IT-South,230.57,15
2026-09-06T17:30:00Z,LT,178.72,15
2026-09-06T17:30:00Z,LV,178.72,15
2026-09-06T17:30:00Z,NL,225.60,15
2026-09-06T17:30:00Z,NO1,150.34,15
2026-09-06T17:30:00Z,NO2,156.22,15
2026-09-06T17:30:00Z,NO3,103.01,15
2026-09-06T17:30:00Z,NO4,26.97,15
2026-09-06T17:30:00Z,NO5,144.64,15
2026-09-06T17:30:00Z,PL,224.80,15
2026-09-06T17:30:00Z,PT,225.01,15
2026-09-06T17:30:00Z,RO,226.37,15
2026-09-06T17:30:00Z,RS,124.53,15
2026-09-06T17:30:00Z,SE1,31.68,15
2026-09-06T17:30:00Z,SE2,34.10,15
2026-09-06T17:30:00Z,SE3,113.72,15
2026-09-06T17:30:00Z,SE4,177.39,15
2026-09-06T17:30:00Z,SI,227.18,15
2026-09-06T17:30:00Z,SK,225.01,15
2026-09-06T17:45:00Z,AT,240.47,15
2026-09-06T17:45:00Z,BE,240.47,15
2026-09-06T17:45:00Z,CZ,240.47,15
2026-09-06T17:45:00Z,DE-LU,240.47,15
2026-09-06T17:45:00Z,DK1,240.47,15
2026-09-06T17:45:00Z,DK2,240.48,15
2026-09-06T17:45:00Z,EE,31.46,15
2026-09-06T17:45:00Z,ES,240.47,15
2026-09-06T17:45:00Z,FI,31.45,15
2026-09-06T17:45:00Z,FR,240.47,15
2026-09-06T17:45:00Z,GR,225.28,15
2026-09-06T17:45:00Z,HR,240.47,15
2026-09-06T17:45:00Z,HU,240.47,15
2026-09-06T17:45:00Z,IT-CNorth,240.47,15
2026-09-06T17:45:00Z,IT-CSouth,240.47,15
2026-09-06T17:45:00Z,IT-North,240.47,15
2026-09-06T17:45:00Z,IT-Sardinia,240.47,15
2026-09-06T17:45:00Z,IT-Sicily,288.30,15
2026-09-06T17:45:00Z,IT-South,240.47,15
2026-09-06T17:45:00Z,LT,178.84,15
2026-09-06T17:45:00Z,LV,178.84,15
2026-09-06T17:45:00Z,NL,240.47,15
2026-09-06T17:45:00Z,NO1,150.34,15
2026-09-06T17:45:00Z,NO2,156.19,15
2026-09-06T17:45:00Z,NO3,102.86,15
2026-09-06T17:45:00Z,NO4,26.83,15
2026-09-06T17:45:00Z,NO5,144.68,15
2026-09-06T17:45:00Z,PL,240.47,15
2026-09-06T17:45:00Z,PT,240.47,15
2026-09-06T17:45:00Z,RO,240.47,15
2026-09-06T17:45:00Z,RS,124.53,15
2026-09-06T17:45:00Z,SE1,31.40,15
2026-09-06T17:45:00Z,SE2,33.78,15
2026-09-06T17:45:00Z,SE3,113.64,15
2026-09-06T17:45:00Z,SE4,177.50,15
2026-09-06T17:45:00Z,SI,240.47,15
2026-09-06T17:45:00Z,SK,240.47,15
2026-09-06T18:00:00Z,AT,224.99,15
2026-09-06T18:00:00Z,BE,224.99,15
2026-09-06T18:00:00Z,CH,218.09,60
2026-09-06T18:00:00Z,CZ,224.99,15
2026-09-06T18:00:00Z,DE-LU,224.99,15
2026-09-06T18:00:00Z,DK1,224.99,15
2026-09-06T18:00:00Z,DK2,225.00,15
2026-09-06T18:00:00Z,EE,33.60,15
2026-09-06T18:00:00Z,ES,224.99,15
2026-09-06T18:00:00Z,FI,33.59,15
2026-09-06T18:00:00Z,FR,224.99,15
2026-09-06T18:00:00Z,GR,221.52,15
2026-09-06T18:00:00Z,HR,224.99,15
2026-09-06T18:00:00Z,HU,224.99,15
2026-09-06T18:00:00Z,IT-CNorth,224.99,15
2026-09-06T18:00:00Z,IT-CSouth,224.99,15
2026-09-06T18:00:00Z,IT-North,224.99,15
2026-09-06T18:00:00Z,IT-Sardinia,224.99,15
2026-09-06T18:00:00Z,IT-Sicily,313.65,15
2026-09-06T18:00:00Z,IT-South,224.99,15
2026-09-06T18:00:00Z,LT,177.46,15
2026-09-06T18:00:00Z,LV,177.46,15
2026-09-06T18:00:00Z,NL,224.99,15
2026-09-06T18:00:00Z,NO1,150.40,15
2026-09-06T18:00:00Z,NO2,156.53,15
2026-09-06T18:00:00Z,NO3,104.48,15
2026-09-06T18:00:00Z,NO4,26.62,15
2026-09-06T18:00:00Z,NO5,144.14,15
2026-09-06T18:00:00Z,PL,224.99,15
2026-09-06T18:00:00Z,PT,224.99,15
2026-09-06T18:00:00Z,RO,224.99,15
2026-09-06T18:00:00Z,RS,134.13,15
2026-09-06T18:00:00Z,SE1,33.50,15
2026-09-06T18:00:00Z,SE2,36.57,15
2026-09-06T18:00:00Z,SE3,114.46,15
2026-09-06T18:00:00Z,SE4,176.20,15
2026-09-06T18:00:00Z,SI,224.99,15
2026-09-06T18:00:00Z,SK,224.99,15
2026-09-06T18:15:00Z,AT,228.57,15
2026-09-06T18:15:00Z,BE,228.57,15
2026-09-06T18:15:00Z,CZ,228.57,15
2026-09-06T18:15:00Z,DE-LU,228.57,15
2026-09-06T18:15:00Z,DK1,228.57,15
2026-09-06T18:15:00Z,DK2,228.58,15
2026-09-06T18:15:00Z,EE,33.88,15
2026-09-06T18:15:00Z,ES,228.57,15
2026-09-06T18:15:00Z,FI,33.87,15
2026-09-06T18:15:00Z,FR,228.57,15
2026-09-06T18:15:00Z,GR,221.51,15
2026-09-06T18:15:00Z,HR,228.57,15
2026-09-06T18:15:00Z,HU,228.57,15
2026-09-06T18:15:00Z,IT-CNorth,228.57,15
2026-09-06T18:15:00Z,IT-CSouth,228.57,15
2026-09-06T18:15:00Z,IT-North,228.57,15
2026-09-06T18:15:00Z,IT-Sardinia,228.57,15
2026-09-06T18:15:00Z,IT-Sicily,350.00,15
2026-09-06T18:15:00Z,IT-South,228.57,15
2026-09-06T18:15:00Z,LT,177.36,15
2026-09-06T18:15:00Z,LV,177.36,15
2026-09-06T18:15:00Z,NL,228.57,15
2026-09-06T18:15:00Z,NO1,150.39,15
2026-09-06T18:15:00Z,NO2,156.50,15
2026-09-06T18:15:00Z,NO3,104.63,15
2026-09-06T18:15:00Z,NO4,26.83,15
2026-09-06T18:15:00Z,NO5,144.16,15
2026-09-06T18:15:00Z,PL,228.57,15
2026-09-06T18:15:00Z,PT,228.57,15
2026-09-06T18:15:00Z,RO,228.57,15
2026-09-06T18:15:00Z,RS,134.13,15
2026-09-06T18:15:00Z,SE1,33.78,15
2026-09-06T18:15:00Z,SE2,36.87,15
2026-09-06T18:15:00Z,SE3,114.54,15
2026-09-06T18:15:00Z,SE4,176.11,15
2026-09-06T18:15:00Z,SI,228.57,15
2026-09-06T18:15:00Z,SK,228.57,15
2026-09-06T18:30:00Z,AT,235.06,15
2026-09-06T18:30:00Z,BE,235.06,15
2026-09-06T18:30:00Z,CZ,235.06,15
2026-09-06T18:30:00Z,DE-LU,235.06,15
2026-09-06T18:30:00Z,DK1,235.06,15
2026-09-06T18:30:00Z,DK2,235.07,15
2026-09-06T18:30:00Z,EE,32.33,15
2026-09-06T18:30:00Z,ES,235.06,15
2026-09-06T18:30:00Z,FI,32.33,15
2026-09-06T18:30:00Z,FR,235.06,15
2026-09-06T18:30:00Z,GR,235.06,15
2026-09-06T18:30:00Z,HR,235.06,15
2026-09-06T18:30:00Z,HU,235.06,15
2026-09-06T18:30:00Z,IT-CNorth,236.08,15
2026-09-06T18:30:00Z,IT-CSouth,236.08,15
2026-09-06T18:30:00Z,IT-North,236.08,15
2026-09-06T18:30:00Z,IT-Sardinia,236.08,15
2026-09-06T18:30:00Z,IT-Sicily,350.00,15
2026-09-06T18:30:00Z,IT-South,236.08,15
2026-09-06T18:30:00Z,LT,178.60,15
2026-09-06T18:30:00Z,LV,178.60,15
2026-09-06T18:30:00Z,NL,235.06,15
2026-09-06T18:30:00Z,NO1,150.40,15
2026-09-06T18:30:00Z,NO2,156.51,15
2026-09-06T18:30:00Z,NO3,102.99,15
2026-09-06T18:30:00Z,NO4,27.75,15
2026-09-06T18:30:00Z,NO5,144.20,15
2026-09-06T18:30:00Z,PL,235.06,15
2026-09-06T18:30:00Z,PT,235.06,15
2026-09-06T18:30:00Z,RO,235.06,15
2026-09-06T18:30:00Z,RS,134.13,15
2026-09-06T18:30:00Z,SE1,32.27,15
2026-09-06T18:30:00Z,SE2,34.67,15
2026-09-06T18:30:00Z,SE3,114.18,15
2026-09-06T18:30:00Z,SE4,177.27,15
2026-09-06T18:30:00Z,SI,235.06,15
2026-09-06T18:30:00Z,SK,235.06,15
2026-09-06T18:45:00Z,AT,222.00,15
2026-09-06T18:45:00Z,BE,222.00,15
2026-09-06T18:45:00Z,CZ,222.00,15
2026-09-06T18:45:00Z,DE-LU,222.00,15
2026-09-06T18:45:00Z,DK1,222.00,15
2026-09-06T18:45:00Z,DK2,222.01,15
2026-09-06T18:45:00Z,EE,29.70,15
2026-09-06T18:45:00Z,ES,236.02,15
2026-09-06T18:45:00Z,FI,29.70,15
2026-09-06T18:45:00Z,FR,222.00,15
2026-09-06T18:45:00Z,GR,222.00,15
2026-09-06T18:45:00Z,HR,222.00,15
2026-09-06T18:45:00Z,HU,222.00,15
2026-09-06T18:45:00Z,IT-CNorth,237.10,15
2026-09-06T18:45:00Z,IT-CSouth,237.10,15
2026-09-06T18:45:00Z,IT-North,237.10,15
2026-09-06T18:45:00Z,IT-Sardinia,237.10,15
2026-09-06T18:45:00Z,IT-Sicily,350.00,15
2026-09-06T18:45:00Z,IT-South,237.10,15
2026-09-06T18:45:00Z,LT,179.13,15
2026-09-06T18:45:00Z,LV,179.13,15
2026-09-06T18:45:00Z,NL,222.00,15
2026-09-06T18:45:00Z,NO1,150.34,15
2026-09-06T18:45:00Z,NO2,156.44,15
2026-09-06T18:45:00Z,NO3,101.95,15
2026-09-06T18:45:00Z,NO4,25.02,15
2026-09-06T18:45:00Z,NO5,144.15,15
2026-09-06T18:45:00Z,PL,222.00,15
2026-09-06T18:45:00Z,PT,236.02,15
2026-09-06T18:45:00Z,RO,222.00,15
2026-09-06T18:45:00Z,RS,134.13,15
2026-09-06T18:45:00Z,SE1,29.63,15
2026-09-06T18:45:00Z,SE2,32.09,15
2026-09-06T18:45:00Z,SE3,113.32,15
2026-09-06T18:45:00Z,SE4,177.78,15
2026-09-06T18:45:00Z,SI,222.00,15
2026-09-06T18:45:00Z,SK,222.00,15
2026-09-06T19:00:00Z,AT,230.95,15
2026-09-06T19:00:00Z,BE,230.95,15
2026-09-06T19:00:00Z,CH,200.01,60
2026-09-06T19:00:00Z,CZ,230.95,15
2026-09-06T19:00:00Z,DE-LU,230.95,15
2026-09-06T19:00:00Z,DK1,230.95,15
2026-09-06T19:00:00Z,DK2,230.96,15
2026-09-06T19:00:00Z,EE,32.08,15
2026-09-06T19:00:00Z,ES,240.83,15
2026-09-06T19:00:00Z,FI,32.07,15
2026-09-06T19:00:00Z,FR,230.95,15
2026-09-06T19:00:00Z,GR,230.95,15
2026-09-06T19:00:00Z,HR,230.95,15
2026-09-06T19:00:00Z,HU,230.95,15
2026-09-06T19:00:00Z,IT-CNorth,235.52,15
2026-09-06T19:00:00Z,IT-CSouth,235.52,15
2026-09-06T19:00:00Z,IT-North,235.52,15
2026-09-06T19:00:00Z,IT-Sardinia,235.52,15
2026-09-06T19:00:00Z,IT-Sicily,313.65,15
2026-09-06T19:00:00Z,IT-South,235.52,15
2026-09-06T19:00:00Z,LT,178.16,15
2026-09-06T19:00:00Z,LV,178.16,15
2026-09-06T19:00:00Z,NL,230.95,15
2026-09-06T19:00:00Z,NO1,149.95,15
2026-09-06T19:00:00Z,NO2,156.34,15
2026-09-06T19:00:00Z,NO3,102.52,15
2026-09-06T19:00:00Z,NO4,27.51,15
2026-09-06T19:00:00Z,NO5,143.51,15
2026-09-06T19:00:00Z,PL,230.95,15
2026-09-06T19:00:00Z,PT,240.83,15
2026-09-06T19:00:00Z,RO,230.95,15
2026-09-06T19:00:00Z,RS,123.00,15
2026-09-06T19:00:00Z,SE1,32.00,15
2026-09-06T19:00:00Z,SE2,34.42,15
2026-09-06T19:00:00Z,SE3,114.11,15
2026-09-06T19:00:00Z,SE4,176.84,15
2026-09-06T19:00:00Z,SI,230.95,15
2026-09-06T19:00:00Z,SK,230.95,15
2026-09-06T19:15:00Z,AT,207.44,15
2026-09-06T19:15:00Z,BE,207.44,15
2026-09-06T19:15:00Z,CZ,207.44,15
2026-09-06T19:15:00Z,DE-LU,207.44,15
2026-09-06T19:15:00Z,DK1,207.44,15
2026-09-06T19:15:00Z,DK2,207.45,15
2026-09-06T19:15:00Z,EE,31.61,15
2026-09-06T19:15:00Z,ES,249.30,15
2026-09-06T19:15:00Z,FI,31.61,15
2026-09-06T19:15:00Z,FR,207.44,15
2026-09-06T19:15:00Z,GR,207.44,15
2026-09-06T19:15:00Z,HR,207.44,15
2026-09-06T19:15:00Z,HU,207.44,15
2026-09-06T19:15:00Z,IT-CNorth,224.63,15
2026-09-06T19:15:00Z,IT-CSouth,224.63,15
2026-09-06T19:15:00Z,IT-North,224.63,15
2026-09-06T19:15:00Z,IT-Sardinia,224.63,15
2026-09-06T19:15:00Z,IT-Sicily,300.02,15
2026-09-06T19:15:00Z,IT-South,224.63,15
2026-09-06T19:15:00Z,LT,178.18,15
2026-09-06T19:15:00Z,LV,178.18,15
2026-09-06T19:15:00Z,NL,207.44,15
2026-09-06T19:15:00Z,NO1,149.88,15
2026-09-06T19:15:00Z,NO2,156.27,15
2026-09-06T19:15:00Z,NO3,102.30,15
2026-09-06T19:15:00Z,NO4,27.03,15
2026-09-06T19:15:00Z,NO5,143.44,15
2026-09-06T19:15:00Z,PL,207.44,15
2026-09-06T19:15:00Z,PT,249.30,15
2026-09-06T19:15:00Z,RO,207.44,15
2026-09-06T19:15:00Z,RS,123.00,15
2026-09-06T19:15:00Z,SE1,31.54,15
2026-09-06T19:15:00Z,SE2,33.96,15
2026-09-06T19:15:00Z,SE3,113.91,15
2026-09-06T19:15:00Z,SE4,176.86,15
2026-09-06T19:15:00Z,SI,207.44,15
2026-09-06T19:15:00Z,SK,207.44,15
2026-09-06T19:30:00Z,AT,200.00,15
2026-09-06T19:30:00Z,BE,200.00,15
2026-09-06T19:30:00Z,CZ,200.00,15
2026-09-06T19:30:00Z,DE-LU,200.00,15
2026-09-06T19:30:00Z,DK1,200.00,15
2026-09-06T19:30:00Z,DK2,200.01,15
2026-09-06T19:30:00Z,EE,29.78,15
2026-09-06T19:30:00Z,ES,248.97,15
2026-09-06T19:30:00Z,FI,29.78,15
2026-09-06T19:30:00Z,FR,200.00,15
2026-09-06T19:30:00Z,GR,228.99,15
2026-09-06T19:30:00Z,HR,200.00,15
2026-09-06T19:30:00Z,HU,200.00,15
2026-09-06T19:30:00Z,IT-CNorth,224.34,15
2026-09-06T19:30:00Z,IT-CSouth,224.34,15
2026-09-06T19:30:00Z,IT-North,224.34,15
2026-09-06T19:30:00Z,IT-Sardinia,224.34,15
2026-09-06T19:30:00Z,IT-Sicily,268.67,15
2026-09-06T19:30:00Z,IT-South,224.34,15
2026-09-06T19:30:00Z,LT,178.34,15
2026-09-06T19:30:00Z,LV,178.34,15
2026-09-06T19:30:00Z,NL,200.00,15
2026-09-06T19:30:00Z,NO1,149.66,15
2026-09-06T19:30:00Z,NO2,156.10,15
2026-09-06T19:30:00Z,NO3,101.45,15
2026-09-06T19:30:00Z,NO4,25.13,15
2026-09-06T19:30:00Z,NO5,143.17,15
2026-09-06T19:30:00Z,PL,199.00,15
2026-09-06T19:30:00Z,PT,248.97,15
2026-09-06T19:30:00Z,RO,200.00,15
2026-09-06T19:30:00Z,RS,123.00,15
2026-09-06T19:30:00Z,SE1,29.71,15
2026-09-06T19:30:00Z,SE2,32.16,15
2026-09-06T19:30:00Z,SE3,113.20,15
2026-09-06T19:30:00Z,SE4,177.00,15
2026-09-06T19:30:00Z,SI,200.00,15
2026-09-06T19:30:00Z,SK,200.00,15
2026-09-06T19:45:00Z,AT,186.23,15
2026-09-06T19:45:00Z,BE,186.23,15
2026-09-06T19:45:00Z,CZ,186.23,15
2026-09-06T19:45:00Z,DE-LU,186.23,15
2026-09-06T19:45:00Z,DK1,186.23,15
2026-09-06T19:45:00Z,DK2,186.24,15
2026-09-06T19:45:00Z,EE,28.00,15
2026-09-06T19:45:00Z,ES,247.90,15
2026-09-06T19:45:00Z,FI,27.99,15
2026-09-06T19:45:00Z,FR,186.23,15
2026-09-06T19:45:00Z,GR,195.47,15
2026-09-06T19:45:00Z,HR,186.23,15
2026-09-06T19:45:00Z,HU,186.23,15
2026-09-06T19:45:00Z,IT-CNorth,235.00,15
2026-09-06T19:45:00Z,IT-CSouth,235.00,15
2026-09-06T19:45:00Z,IT-North,235.00,15
2026-09-06T19:45:00Z,IT-Sardinia,235.00,15
2026-09-06T19:45:00Z,IT-Sicily,245.00,15
2026-09-06T19:45:00Z,IT-South,235.00,15
2026-09-06T19:45:00Z,LT,174.41,15
2026-09-06T19:45:00Z,LV,174.41,15
2026-09-06T19:45:00Z,NL,186.23,15
2026-09-06T19:45:00Z,NO1,148.89,15
2026-09-06T19:45:00Z,NO2,155.21,15
2026-09-06T19:45:00Z,NO3,105.45,15
2026-09-06T19:45:00Z,NO4,23.85,15
2026-09-06T19:45:00Z,NO5,142.45,15
2026-09-06T19:45:00Z,PL,186.23,15
2026-09-06T19:45:00Z,PT,247.90,15
2026-09-06T19:45:00Z,RO,186.23,15
2026-09-06T19:45:00Z,RS,123.00,15
2026-09-06T19:45:00Z,SE1,27.93,15
2026-09-06T19:45:00Z,SE2,30.11,15
2026-09-06T19:45:00Z,SE3,110.32,15
2026-09-06T19:45:00Z,SE4,173.22,15
2026-09-06T19:45:00Z,SI,186.23,15
2026-09-06T19:45:00Z,SK,186.23,15
2026-09-06T20:00:00Z,AT,203.97,15
2026-09-06T20:00:00Z,BE,203.97,15
2026-09-06T20:00:00Z,CH,190.00,60
2026-09-06T20:00:00Z,CZ,203.97,15
2026-09-06T20:00:00Z,DE-LU,203.97,15
2026-09-06T20:00:00Z,DK1,203.97,15
2026-09-06T20:00:00Z,DK2,203.98,15
2026-09-06T20:00:00Z,EE,30.29,15
2026-09-06T20:00:00Z,ES,238.74,15
2026-09-06T20:00:00Z,FI,30.29,15
2026-09-06T20:00:00Z,FR,203.97,15
2026-09-06T20:00:00Z,GR,203.97,15
2026-09-06T20:00:00Z,HR,203.97,15
2026-09-06T20:00:00Z,HU,203.97,15
2026-09-06T20:00:00Z,IT-CNorth,221.67,15
2026-09-06T20:00:00Z,IT-CSouth,221.67,15
2026-09-06T20:00:00Z,IT-North,221.67,15
2026-09-06T20:00:00Z,IT-Sardinia,221.67,15
2026-09-06T20:00:00Z,IT-Sicily,257.20,15
2026-09-06T20:00:00Z,IT-South,221.67,15
2026-09-06T20:00:00Z,LT,177.53,15
2026-09-06T20:00:00Z,LV,177.53,15
2026-09-06T20:00:00Z,NL,203.97,15
2026-09-06T20:00:00Z,NO1,148.16,15
2026-09-06T20:00:00Z,NO2,155.09,15
2026-09-06T20:00:00Z,NO3,101.53,15
2026-09-06T20:00:00Z,NO4,25.67,15
2026-09-06T20:00:00Z,NO5,143.17,15
2026-09-06T20:00:00Z,PL,203.97,15
2026-09-06T20:00:00Z,PT,238.74,15
2026-09-06T20:00:00Z,RO,203.97,15
2026-09-06T20:00:00Z,RS,122.25,15
2026-09-06T20:00:00Z,SE1,30.23,15
2026-09-06T20:00:00Z,SE2,32.54,15
2026-09-06T20:00:00Z,SE3,114.25,15
2026-09-06T20:00:00Z,SE4,176.20,15
2026-09-06T20:00:00Z,SI,203.97,15
2026-09-06T20:00:00Z,SK,203.97,15
2026-09-06T20:15:00Z,AT,191.26,15
2026-09-06T20:15:00Z,BE,191.26,15
2026-09-06T20:15:00Z,CZ,191.26,15
2026-09-06T20:15:00Z,DE-LU,191.26,15
2026-09-06T20:15:00Z,DK1,191.26,15
2026-09-06T20:15:00Z,DK2,191.27,15
2026-09-06T20:15:00Z,EE,29.24,15
2026-09-06T20:15:00Z,ES,235.06,15
2026-09-06T20:15:00Z,FI,29.24,15
2026-09-06T20:15:00Z,FR,191.26,15
2026-09-06T20:15:00Z,GR,191.26,15
2026-09-06T20:15:00Z,HR,191.26,15
2026-09-06T20:15:00Z,HU,191.26,15
2026-09-06T20:15:00Z,IT-CNorth,221.67,15
2026-09-06T20:15:00Z,IT-CSouth,221.67,15
2026-09-06T20:15:00Z,IT-North,221.67,15
2026-09-06T20:15:00Z,IT-Sardinia,221.67,15
2026-09-06T20:15:00Z,IT-Sicily,248.07,15
2026-09-06T20:15:00Z,IT-South,221.67,15
2026-09-06T20:15:00Z,LT,177.08,15
2026-09-06T20:15:00Z,LV,177.08,15
2026-09-06T20:15:00Z,NL,191.26,15
2026-09-06T20:15:00Z,NO1,147.56,15
2026-09-06T20:15:00Z,NO2,155.01,15
2026-09-06T20:15:00Z,NO3,100.53,15
2026-09-06T20:15:00Z,NO4,24.62,15
2026-09-06T20:15:00Z,NO5,142.00,15
2026-09-06T20:15:00Z,PL,191.26,15
2026-09-06T20:15:00Z,PT,235.06,15
2026-09-06T20:15:00Z,RO,191.26,15
2026-09-06T20:15:00Z,RS,122.25,15
2026-09-06T20:15:00Z,SE1,29.18,15
2026-09-06T20:15:00Z,SE2,31.49,15
2026-09-06T20:15:00Z,SE3,113.55,15
2026-09-06T20:15:00Z,SE4,175.75,15
2026-09-06T20:15:00Z,SI,191.26,15
2026-09-06T20:15:00Z,SK,191.26,15
2026-09-06T20:30:00Z,AT,185.80,15
2026-09-06T20:30:00Z,BE,185.80,15
2026-09-06T20:30:00Z,CZ,185.80,15
2026-09-06T20:30:00Z,DE-LU,185.80,15
2026-09-06T20:30:00Z,DK1,185.80,15
2026-09-06T20:30:00Z,DK2,185.81,15
2026-09-06T20:30:00Z,EE,26.64,15
2026-09-06T20:30:00Z,ES,226.29,15
2026-09-06T20:30:00Z,FI,26.64,15
2026-09-06T20:30:00Z,FR,185.80,15
2026-09-06T20:30:00Z,GR,185.80,15
2026-09-06T20:30:00Z,HR,185.80,15
2026-09-06T20:30:00Z,HU,185.80,15
2026-09-06T20:30:00Z,IT-CNorth,206.28,15
2026-09-06T20:30:00Z,IT-CSouth,206.28,15
2026-09-06T20:30:00Z,IT-North,206.28,15
2026-09-06T20:30:00Z,IT-Sardinia,206.28,15
2026-09-06T20:30:00Z,IT-Sicily,212.00,15
2026-09-06T20:30:00Z,IT-South,206.28,15
2026-09-06T20:30:00Z,LT,177.94,15
2026-09-06T20:30:00Z,LV,177.94,15
2026-09-06T20:30:00Z,NL,185.80,15
2026-09-06T20:30:00Z,NO1,147.75,15
2026-09-06T20:30:00Z,NO2,155.01,15
2026-09-06T20:30:00Z,NO3,99.77,15
2026-09-06T20:30:00Z,NO4,21.90,15
2026-09-06T20:30:00Z,NO5,142.46,15
2026-09-06T20:30:00Z,PL,185.80,15
2026-09-06T20:30:00Z,PT,226.29,15
2026-09-06T20:30:00Z,RO,185.80,15
2026-09-06T20:30:00Z,RS,122.25,15
2026-09-06T20:30:00Z,SE1,26.59,15
2026-09-06T20:30:00Z,SE2,28.95,15
2026-09-06T20:30:00Z,SE3,112.92,15
2026-09-06T20:30:00Z,SE4,176.57,15
2026-09-06T20:30:00Z,SI,185.80,15
2026-09-06T20:30:00Z,SK,185.80,15
2026-09-06T20:45:00Z,AT,176.51,15
2026-09-06T20:45:00Z,BE,176.51,15
2026-09-06T20:45:00Z,CZ,176.51,15
2026-09-06T20:45:00Z,DE-LU,176.51,15
2026-09-06T20:45:00Z,DK1,176.51,15
2026-09-06T20:45:00Z,DK2,176.52,15
2026-09-06T20:45:00Z,EE,25.00,15
2026-09-06T20:45:00Z,ES,225.01,15
2026-09-06T20:45:00Z,FI,25.00,15
2026-09-06T20:45:00Z,FR,176.51,15
2026-09-06T20:45:00Z,GR,194.81,15
2026-09-06T20:45:00Z,HR,176.51,15
2026-09-06T20:45:00Z,HU,176.51,15
2026-09-06T20:45:00Z,IT-CNorth,209.53,15
2026-09-06T20:45:00Z,IT-CSouth,209.53,15
2026-09-06T20:45:00Z,IT-North,209.53,15
2026-09-06T20:45:00Z,IT-Sardinia,209.53,15
2026-09-06T20:45:00Z,IT-Sicily,212.00,15
2026-09-06T20:45:00Z,IT-South,209.53,15
2026-09-06T20:45:00Z,LT,176.51,15
2026-09-06T20:45:00Z,LV,176.51,15
2026-09-06T20:45:00Z,NL,176.51,15
2026-09-06T20:45:00Z,NO1,146.81,15
2026-09-06T20:45:00Z,NO2,154.40,15
2026-09-06T20:45:00Z,NO3,99.40,15
2026-09-06T20:45:00Z,NO4,20.34,15
2026-09-06T20:45:00Z,NO5,141.11,15
2026-09-06T20:45:00Z,PL,176.51,15
2026-09-06T20:45:00Z,PT,225.01,15
2026-09-06T20:45:00Z,RO,176.51,15
2026-09-06T20:45:00Z,RS,122.25,15
2026-09-06T20:45:00Z,SE1,24.94,15
2026-09-06T20:45:00Z,SE2,27.26,15
2026-09-06T20:45:00Z,SE3,111.42,15
2026-09-06T20:45:00Z,SE4,175.17,15
2026-09-06T20:45:00Z,SI,176.51,15
2026-09-06T20:45:00Z,SK,176.51,15
2026-09-06T21:00:00Z,AT,183.70,15
2026-09-06T21:00:00Z,BE,182.72,15
2026-09-06T21:00:00Z,CH,171.90,60
2026-09-06T21:00:00Z,CZ,180.35,15
2026-09-06T21:00:00Z,DE-LU,182.34,15
2026-09-06T21:00:00Z,DK1,182.26,15
2026-09-06T21:00:00Z,DK2,182.10,15
2026-09-06T21:00:00Z,EE,27.69,15
2026-09-06T21:00:00Z,ES,228.02,15
2026-09-06T21:00:00Z,FI,27.69,15
2026-09-06T21:00:00Z,FR,183.00,15
2026-09-06T21:00:00Z,GR,205.50,15
2026-09-06T21:00:00Z,HR,192.53,15
2026-09-06T21:00:00Z,HU,211.15,15
2026-09-06T21:00:00Z,IT-CNorth,210.50,15
2026-09-06T21:00:00Z,IT-CSouth,210.50,15
2026-09-06T21:00:00Z,IT-North,210.50,15
2026-09-06T21:00:00Z,IT-Sardinia,210.50,15
2026-09-06T21:00:00Z,IT-Sicily,210.50,15
2026-09-06T21:00:00Z,IT-South,210.50,15
2026-09-06T21:00:00Z,LT,174.87,15
2026-09-06T21:00:00Z,LV,174.87,15
2026-09-06T21:00:00Z,NL,182.58,15
2026-09-06T21:00:00Z,NO1,145.11,15
2026-09-06T21:00:00Z,NO2,154.56,15
2026-09-06T21:00:00Z,NO3,97.81,15
2026-09-06T21:00:00Z,NO4,23.13,15
2026-09-06T21:00:00Z,NO5,137.87,15
2026-09-06T21:00:00Z,PL,181.57,15
2026-09-06T21:00:00Z,PT,228.02,15
2026-09-06T21:00:00Z,RO,207.39,15
2026-09-06T21:00:00Z,RS,100.01,15
2026-09-06T21:00:00Z,SE1,27.63,15
2026-09-06T21:00:00Z,SE2,29.98,15
2026-09-06T21:00:00Z,SE3,113.59,15
2026-09-06T21:00:00Z,SE4,173.41,15
2026-09-06T21:00:00Z,SI,188.17,15
2026-09-06T21:00:00Z,SK,185.80,15
2026-09-06T21:15:00Z,AT,173.31,15
2026-09-06T21:15:00Z,BE,172.25,15
2026-09-06T21:15:00Z,CZ,169.70,15
2026-09-06T21:15:00Z,DE-LU,171.84,15
2026-09-06T21:15:00Z,DK1,171.76,15
2026-09-06T21:15:00Z,DK2,171.58,15
2026-09-06T21:15:00Z,EE,26.99,15
2026-09-06T21:15:00Z,ES,223.80,15
2026-09-06T21:15:00Z,FI,26.99,15
2026-09-06T21:15:00Z,FR,172.55,15
2026-09-06T21:15:00Z,GR,196.78,15
2026-09-06T21:15:00Z,HR,182.82,15
2026-09-06T21:15:00Z,HU,202.86,15
2026-09-06T21:15:00Z,IT-CNorth,202.96,15
2026-09-06T21:15:00Z,IT-CSouth,202.96,15
2026-09-06T21:15:00Z,IT-North,202.96,15
2026-09-06T21:15:00Z,IT-Sardinia,202.96,15
2026-09-06T21:15:00Z,IT-Sicily,207.00,15
2026-09-06T21:15:00Z,IT-South,202.96,15
2026-09-06T21:15:00Z,LT,171.50,15
2026-09-06T21:15:00Z,LV,171.50,15
2026-09-06T21:15:00Z,NL,172.10,15
2026-09-06T21:15:00Z,NO1,143.96,15
2026-09-06T21:15:00Z,NO2,152.73,15
2026-09-06T21:15:00Z,NO3,99.99,15
2026-09-06T21:15:00Z,NO4,22.76,15
2026-09-06T21:15:00Z,NO5,137.24,15
2026-09-06T21:15:00Z,PL,171.01,15
2026-09-06T21:15:00Z,PT,223.80,15
2026-09-06T21:15:00Z,RO,198.82,15
2026-09-06T21:15:00Z,RS,100.01,15
2026-09-06T21:15:00Z,SE1,26.94,15
2026-09-06T21:15:00Z,SE2,29.11,15
2026-09-06T21:15:00Z,SE3,111.39,15
2026-09-06T21:15:00Z,SE4,170.14,15
2026-09-06T21:15:00Z,SI,178.12,15
2026-09-06T21:15:00Z,SK,175.57,15
2026-09-06T21:30:00Z,AT,173.82,15
2026-09-06T21:30:00Z,BE,170.83,15
2026-09-06T21:30:00Z,CZ,166.44,15
2026-09-06T21:30:00Z,DE-LU,170.43,15
2026-09-06T21:30:00Z,DK1,170.29,15
2026-09-06T21:30:00Z,DK2,170.08,15
2026-09-06T21:30:00Z,EE,25.73,15
2026-09-06T21:30:00Z,ES,219.95,15
2026-09-06T21:30:00Z,FI,25.73,15
2026-09-06T21:30:00Z,FR,171.11,15
2026-09-06T21:30:00Z,GR,182.97,15
2026-09-06T21:30:00Z,HR,177.07,15
2026-09-06T21:30:00Z,HU,185.64,15
2026-09-06T21:30:00Z,IT-CNorth,175.21,15
2026-09-06T21:30:00Z,IT-CSouth,175.21,15
2026-09-06T21:30:00Z,IT-North,175.21,15
2026-09-06T21:30:00Z,IT-Sardinia,175.21,15
2026-09-06T21:30:00Z,IT-Sicily,199.99,15
2026-09-06T21:30:00Z,IT-South,175.21,15
2026-09-06T21:30:00Z,LT,169.53,15
2026-09-06T21:30:00Z,LV,169.53,15
2026-09-06T21:30:00Z,NL,170.68,15
2026-09-06T21:30:00Z,NO1,142.90,15
2026-09-06T21:30:00Z,NO2,151.01,15
2026-09-06T21:30:00Z,NO3,100.39,15
2026-09-06T21:30:00Z,NO4,21.61,15
2026-09-06T21:30:00Z,NO5,136.80,15
2026-09-06T21:30:00Z,PL,169.24,15
2026-09-06T21:30:00Z,PT,219.95,15
2026-09-06T21:30:00Z,RO,183.86,15
2026-09-06T21:30:00Z,RS,100.01,15
2026-09-06T21:30:00Z,SE1,25.67,15
2026-09-06T21:30:00Z,SE2,27.78,15
2026-09-06T21:30:00Z,SE3,109.74,15
2026-09-06T21:30:00Z,SE4,168.22,15
2026-09-06T21:30:00Z,SI,175.21,15
2026-09-06T21:30:00Z,SK,171.57,15
2026-09-06T21:45:00Z,AT,166.19,15
2026-09-06T21:45:00Z,BE,154.90,15
2026-09-06T21:45:00Z,CZ,139.61,15
2026-09-06T21:45:00Z,DE-LU,153.72,15
2026-09-06T21:45:00Z,DK1,153.26,15
2026-09-06T21:45:00Z,DK2,152.55,15
2026-09-06T21:45:00Z,EE,24.36,15
2026-09-06T21:45:00Z,ES,219.95,15
2026-09-06T21:45:00Z,FI,24.36,15
2026-09-06T21:45:00Z,FR,155.70,15
2026-09-06T21:45:00Z,GR,174.75,15
2026-09-06T21:45:00Z,HR,167.70,15
2026-09-06T21:45:00Z,HU,178.22,15
2026-09-06T21:45:00Z,IT-CNorth,171.33,15
2026-09-06T21:45:00Z,IT-CSouth,171.33,15
2026-09-06T21:45:00Z,IT-North,171.33,15
2026-09-06T21:45:00Z,IT-Sardinia,199.10,15
2026-09-06T21:45:00Z,IT-Sicily,192.49,15
2026-09-06T21:45:00Z,IT-South,171.33,15
2026-09-06T21:45:00Z,LT,153.77,15
2026-09-06T21:45:00Z,LV,153.77,15
2026-09-06T21:45:00Z,NL,154.45,15
2026-09-06T21:45:00Z,NO1,141.04,15
2026-09-06T21:45:00Z,NO2,147.82,15
2026-09-06T21:45:00Z,NO3,103.97,15
2026-09-06T21:45:00Z,NO4,21.05,15
2026-09-06T21:45:00Z,NO5,136.42,15
2026-09-06T21:45:00Z,PL,149.78,15
2026-09-06T21:45:00Z,PT,219.95,15
2026-09-06T21:45:00Z,RO,175.92,15
2026-09-06T21:45:00Z,RS,100.01,15
2026-09-06T21:45:00Z,SE1,24.32,15
2026-09-06T21:45:00Z,SE2,25.99,15
2026-09-06T21:45:00Z,SE3,100.06,15
2026-09-06T21:45:00Z,SE4,152.73,15
2026-09-06T21:45:00Z,SI,165.88,15
2026-09-06T21:45:00Z,SK,153.78,15
2026-09-06T22:00:00Z,AT,172.32,15
2026-09-06T22:00:00Z,BE,170.64,15
2026-09-06T22:00:00Z,CH,162.10,60
2026-09-06T22:00:00Z,CZ,166.54,15
2026-09-06T22:00:00Z,DE-LU,169.99,15
2026-09-06T22:00:00Z,DK1,169.86,15
2026-09-06T22:00:00Z,DK2,169.58,15
2026-09-06T22:00:00Z,EE,26.10,15
2026-09-06T22:00:00Z,ES,214.00,15
2026-09-06T22:00:00Z,FI,26.10,15
2026-09-06T22:00:00Z,FR,171.10,15
2026-09-06T22:00:00Z,GR,209.47,15
2026-09-06T22:00:00Z,HR,186.87,15
2026-09-06T22:00:00Z,HU,219.28,15
2026-09-06T22:00:00Z,IT-CNorth,216.68,15
2026-09-06T22:00:00Z,IT-CSouth,216.68,15
2026-09-06T22:00:00Z,IT-North,216.68,15
2026-09-06T22:00:00Z,IT-Sardinia,216.68,15
2026-09-06T22:00:00Z,IT-Sicily,319.09,15
2026-09-06T22:00:00Z,IT-South,216.68,15
2026-09-06T22:00:00Z,LT,169.44,15
2026-09-06T22:00:00Z,LV,169.44,15
2026-09-06T22:00:00Z,NL,170.40,15
2026-09-06T22:00:00Z,NO1,140.54,15
2026-09-06T22:00:00Z,NO2,146.41,15
2026-09-06T22:00:00Z,NO3,96.05,15
2026-09-06T22:00:00Z,NO4,21.56,15
2026-09-06T22:00:00Z,NO5,137.46,15
2026-09-06T22:00:00Z,PL,168.42,15
2026-09-06T22:00:00Z,PT,214.00,15
2026-09-06T22:00:00Z,RO,211.71,15
2026-09-06T22:00:00Z,RS,190.06,15
2026-09-06T22:00:00Z,SE1,26.03,15
2026-09-06T22:00:00Z,SE2,28.19,15
2026-09-06T22:00:00Z,SE3,111.17,15
2026-09-06T22:00:00Z,SE4,168.06,15
2026-09-06T22:00:00Z,SI,179.86,15
2026-09-06T22:00:00Z,SK,172.63,15
2026-09-06T22:15:00Z,AT,158.95,15
2026-09-06T22:15:00Z,BE,157.34,15
2026-09-06T22:15:00Z,CZ,153.40,15
2026-09-06T22:15:00Z,DE-LU,156.71,15
2026-09-06T22:15:00Z,DK1,156.59,15
2026-09-06T22:15:00Z,DK2,156.31,15
2026-09-06T22:15:00Z,EE,24.99,15
2026-09-06T22:15:00Z,ES,208.86,15
2026-09-06T22:15:00Z,FI,24.99,15
2026-09-06T22:15:00Z,FR,157.78,15
2026-09-06T22:15:00Z,GR,194.59,15
2026-09-06T22:15:00Z,HR,172.91,15
2026-09-06T22:15:00Z,HU,204.01,15
2026-09-06T22:15:00Z,IT-CNorth,208.22,15
2026-09-06T22:15:00Z,IT-CSouth,208.22,15
2026-09-06T22:15:00Z,IT-North,208.22,15
2026-09-06T22:15:00Z,IT-Sardinia,208.22,15
2026-09-06T22:15:00Z,IT-Sicily,319.09,15
2026-09-06T22:15:00Z,IT-South,208.22,15
2026-09-06T22:15:00Z,LT,156.18,15
2026-09-06T22:15:00Z,LV,156.18,15
2026-09-06T22:15:00Z,NL,157.10,15
2026-09-06T22:15:00Z,NO1,139.65,15
2026-09-06T22:15:00Z,NO2,145.35,15
2026-09-06T22:15:00Z,NO3,95.52,15
2026-09-06T22:15:00Z,NO4,20.84,15
2026-09-06T22:15:00Z,NO5,137.20,15
2026-09-06T22:15:00Z,PL,155.21,15
2026-09-06T22:15:00Z,PT,208.86,15
2026-09-06T22:15:00Z,RO,196.74,15
2026-09-06T22:15:00Z,RS,190.06,15
2026-09-06T22:15:00Z,SE1,24.93,15
2026-09-06T22:15:00Z,SE2,26.91,15
2026-09-06T22:15:00Z,SE3,102.86,15
2026-09-06T22:15:00Z,SE4,154.92,15
2026-09-06T22:15:00Z,SI,166.18,15
2026-09-06T22:15:00Z,SK,159.24,15
2026-09-06T22:30:00Z,AT,150.64,15
2026-09-06T22:30:00Z,BE,149.89,15
2026-09-06T22:30:00Z,CZ,148.03,15
2026-09-06T22:30:00Z,DE-LU,149.59,15
2026-09-06T22:30:00Z,DK1,149.53,15
2026-09-06T22:30:00Z,DK2,149.41,15
2026-09-06T22:30:00Z,EE,27.96,15
2026-09-06T22:30:00Z,ES,206.24,15
2026-09-06T22:30:00Z,FI,27.96,15
2026-09-06T22:30:00Z,FR,150.09,15
2026-09-06T22:30:00Z,GR,167.40,15
2026-09-06T22:30:00Z,HR,157.21,15
2026-09-06T22:30:00Z,HU,171.83,15
2026-09-06T22:30:00Z,IT-CNorth,200.00,15
2026-09-06T22:30:00Z,IT-CSouth,200.00,15
2026-09-06T22:30:00Z,IT-North,200.00,15
2026-09-06T22:30:00Z,IT-Sardinia,200.00,15
2026-09-06T22:30:00Z,IT-Sicily,300.02,15
2026-09-06T22:30:00Z,IT-South,200.00,15
2026-09-06T22:30:00Z,LT,149.34,15
2026-09-06T22:30:00Z,LV,149.34,15
2026-09-06T22:30:00Z,NL,149.78,15
2026-09-06T22:30:00Z,NO1,137.93,15
2026-09-06T22:30:00Z,NO2,142.45,15
2026-09-06T22:30:00Z,NO3,96.14,15
2026-09-06T22:30:00Z,NO4,24.10,15
2026-09-06T22:30:00Z,NO5,136.77,15
2026-09-06T22:30:00Z,PL,148.88,15
2026-09-06T22:30:00Z,PT,206.24,15
2026-09-06T22:30:00Z,RO,168.41,15
2026-09-06T22:30:00Z,RS,190.06,15
2026-09-06T22:30:00Z,SE1,27.90,15
2026-09-06T22:30:00Z,SE2,29.74,15
2026-09-06T22:30:00Z,SE3,100.00,15
2026-09-06T22:30:00Z,SE4,148.17,15
2026-09-06T22:30:00Z,SI,154.04,15
2026-09-06T22:30:00Z,SK,150.78,15
2026-09-06T22:45:00Z,AT,146.62,15
2026-09-06T22:45:00Z,BE,145.97,15
2026-09-06T22:45:00Z,CZ,144.37,15
2026-09-06T22:45:00Z,DE-LU,145.72,15
2026-09-06T22:45:00Z,DK1,145.66,15
2026-09-06T22:45:00Z,DK2,146.41,15
2026-09-06T22:45:00Z,EE,28.00,15
2026-09-06T22:45:00Z,ES,203.83,15
2026-09-06T22:45:00Z,FI,28.00,15
2026-09-06T22:45:00Z,FR,146.15,15
2026-09-06T22:45:00Z,GR,161.07,15
2026-09-06T22:45:00Z,HR,152.28,15
2026-09-06T22:45:00Z,HU,164.89,15
2026-09-06T22:45:00Z,IT-CNorth,195.10,15
2026-09-06T22:45:00Z,IT-CSouth,195.10,15
2026-09-06T22:45:00Z,IT-North,195.10,15
2026-09-06T22:45:00Z,IT-Sardinia,195.10,15
2026-09-06T22:45:00Z,IT-Sicily,235.35,15
2026-09-06T22:45:00Z,IT-South,195.10,15
2026-09-06T22:45:00Z,LT,145.50,15
2026-09-06T22:45:00Z,LV,145.50,15
2026-09-06T22:45:00Z,NL,145.87,15
2026-09-06T22:45:00Z,NO1,137.27,15
2026-09-06T22:45:00Z,NO2,141.74,15
2026-09-06T22:45:00Z,NO3,95.84,15
2026-09-06T22:45:00Z,NO4,24.26,15
2026-09-06T22:45:00Z,NO5,136.24,15
2026-09-06T22:45:00Z,PL,145.11,15
2026-09-06T22:45:00Z,PT,203.83,15
2026-09-06T22:45:00Z,RO,161.94,15
2026-09-06T22:45:00Z,RS,190.06,15
2026-09-06T22:45:00Z,SE1,27.94,15
2026-09-06T22:45:00Z,SE2,29.72,15
2026-09-06T22:45:00Z,SE3,97.73,15
2026-09-06T22:45:00Z,SE4,144.36,15
2026-09-06T22:45:00Z,SI,149.56,15
2026-09-06T22:45:00Z,SK,146.74,15
2026-09-06T23:00:00Z,AT,160.05,15
2026-09-06T23:00:00Z,BE,157.58,15
2026-09-06T23:00:00Z,CH,156.93,60
2026-09-06T23:00:00Z,CZ,156.12,15
2026-09-06T23:00:00Z,DE-LU,157.22,15
2026-09-06T23:00:00Z,DK1,157.11,15
2026-09-06T23:00:00Z,DK2,156.04,15
2026-09-06T23:00:00Z,EE,26.51,15
2026-09-06T23:00:00Z,ES,208.86,15
2026-09-06T23:00:00Z,FI,26.51,15
2026-09-06T23:00:00Z,FR,157.79,15
2026-09-06T23:00:00Z,GR,162.59,15
2026-09-06T23:00:00Z,HR,161.59,15
2026-09-06T23:00:00Z,HU,163.25,15
2026-09-06T23:00:00Z,IT-CNorth,205.00,15
2026-09-06T23:00:00Z,IT-CSouth,205.00,15
2026-09-06T23:00:00Z,IT-North,205.00,15
2026-09-06T23:00:00Z,IT-Sardinia,205.00,15
2026-09-06T23:00:00Z,IT-Sicily,214.00,15
2026-09-06T23:00:00Z,IT-South,205.00,15
2026-09-06T23:00:00Z,LT,156.54,15
2026-09-06T23:00:00Z,LV,156.54,15
2026-09-06T23:00:00Z,NL,157.45,15
2026-09-06T23:00:00Z,NO1,138.72,15
2026-09-06T23:00:00Z,NO2,144.32,15
2026-09-06T23:00:00Z,NO3,95.49,15
2026-09-06T23:00:00Z,NO4,22.40,15
2026-09-06T23:00:00Z,NO5,136.27,15
2026-09-06T23:00:00Z,PL,155.50,15
2026-09-06T23:00:00Z,PT,208.86,15
2026-09-06T23:00:00Z,RO,162.68,15
2026-09-06T23:00:00Z,RS,179.13,15
2026-09-06T23:00:00Z,SE1,26.44,15
2026-09-06T23:00:00Z,SE2,28.39,15
2026-09-06T23:00:00Z,SE3,104.40,15
2026-09-06T23:00:00Z,SE4,155.30,15
2026-09-06T23:00:00Z,SI,161.12,15
2026-09-06T23:00:00Z,SK,165.29,15
2026-09-06T23:15:00Z,AT,155.49,15
2026-09-06T23:15:00Z,BE,150.45,15
2026-09-06T23:15:00Z,CZ,150.11,15
2026-09-06T23:15:00Z,DE-LU,150.11,15
2026-09-06T23:15:00Z,DK1,149.96,15
2026-09-06T23:15:00Z,DK2,149.86,15
2026-09-06T23:15:00Z,EE,26.76,15
2026-09-06T23:15:00Z,ES,206.24,15
2026-09-06T23:15:00Z,FI,26.76,15
2026-09-06T23:15:00Z,FR,150.81,15
2026-09-06T23:15:00Z,GR,156.72,15
2026-09-06T23:15:00Z,HR,155.98,15
2026-09-06T23:15:00Z,HU,157.29,15
2026-09-06T23:15:00Z,IT-CNorth,197.54,15
2026-09-06T23:15:00Z,IT-CSouth,197.54,15
2026-09-06T23:15:00Z,IT-North,197.54,15
2026-09-06T23:15:00Z,IT-Sardinia,197.54,15
2026-09-06T23:15:00Z,IT-Sicily,214.00,15
2026-09-06T23:15:00Z,IT-South,197.54,15
2026-09-06T23:15:00Z,LT,150.33,15
2026-09-06T23:15:00Z,LV,150.33,15
2026-09-06T23:15:00Z,NL,150.27,15
2026-09-06T23:15:00Z,NO1,138.49,15
2026-09-06T23:15:00Z,NO2,144.16,15
2026-09-06T23:15:00Z,NO3,95.59,15
2026-09-06T23:15:00Z,NO4,22.86,15
2026-09-06T23:15:00Z,NO5,136.19,15
2026-09-06T23:15:00Z,PL,149.46,15
2026-09-06T23:15:00Z,PT,206.24,15
2026-09-06T23:15:00Z,RO,156.79,15
2026-09-06T23:15:00Z,RS,179.13,15
2026-09-06T23:15:00Z,SE1,26.70,15
2026-09-06T23:15:00Z,SE2,28.55,15
2026-09-06T23:15:00Z,SE3,100.78,15
2026-09-06T23:15:00Z,SE4,149.16,15
2026-09-06T23:15:00Z,SI,155.67,15
2026-09-06T23:15:00Z,SK,158.61,15
2026-09-06T23:30:00Z,AT,152.18,15
2026-09-06T23:30:00Z,BE,149.74,15
2026-09-06T23:30:00Z,CZ,147.61,15
2026-09-06T23:30:00Z,DE-LU,149.43,15
2026-09-06T23:30:00Z,DK1,149.34,15
2026-09-06T23:30:00Z,DK2,149.15,15
2026-09-06T23:30:00Z,EE,27.20,15
2026-09-06T23:30:00Z,ES,205.30,15
2026-09-06T23:30:00Z,FI,27.20,15
2026-09-06T23:30:00Z,FR,149.93,15
2026-09-06T23:30:00Z,GR,153.25,15
2026-09-06T23:30:00Z,HR,152.80,15
2026-09-06T23:30:00Z,HU,153.63,15
2026-09-06T23:30:00Z,IT-CNorth,180.80,15
2026-09-06T23:30:00Z,IT-CSouth,180.80,15
2026-09-06T23:30:00Z,IT-North,180.80,15
2026-09-06T23:30:00Z,IT-Sardinia,180.80,15
2026-09-06T23:30:00Z,IT-Sicily,209.00,15
2026-09-06T23:30:00Z,IT-South,180.80,15
2026-09-06T23:30:00Z,LT,148.72,15
2026-09-06T23:30:00Z,LV,148.72,15
2026-09-06T23:30:00Z,NL,149.63,15
2026-09-06T23:30:00Z,NO1,138.38,15
2026-09-06T23:30:00Z,NO2,144.10,15
2026-09-06T23:30:00Z,NO3,95.70,15
2026-09-06T23:30:00Z,NO4,23.37,15
2026-09-06T23:30:00Z,NO5,136.05,15
2026-09-06T23:30:00Z,PL,148.01,15
2026-09-06T23:30:00Z,PT,205.30,15
2026-09-06T23:30:00Z,RO,153.30,15
2026-09-06T23:30:00Z,RS,179.13,15
2026-09-06T23:30:00Z,SE1,27.14,15
2026-09-06T23:30:00Z,SE2,28.96,15
2026-09-06T23:30:00Z,SE3,100.00,15
2026-09-06T23:30:00Z,SE4,147.57,15
2026-09-06T23:30:00Z,SI,152.59,15
2026-09-06T23:30:00Z,SK,154.46,15
2026-09-06T23:45:00Z,AT,148.43,15
2026-09-06T23:45:00Z,BE,146.89,15
2026-09-06T23:45:00Z,CZ,145.91,15
2026-09-06T23:45:00Z,DE-LU,146.67,15
2026-09-06T23:45:00Z,DK1,146.60,15
2026-09-06T23:45:00Z,DK2,146.47,15
2026-09-06T23:45:00Z,EE,28.85,15
2026-09-06T23:45:00Z,ES,204.50,15
2026-09-06T23:45:00Z,FI,28.85,15
2026-09-06T23:45:00Z,FR,147.03,15
2026-09-06T23:45:00Z,GR,150.00,15
2026-09-06T23:45:00Z,HR,149.38,15
2026-09-06T23:45:00Z,HU,150.42,15
2026-09-06T23:45:00Z,IT-CNorth,178.90,15
2026-09-06T23:45:00Z,IT-CSouth,178.90,15
2026-09-06T23:45:00Z,IT-North,178.90,15
2026-09-06T23:45:00Z,IT-Sardinia,178.90,15
2026-09-06T23:45:00Z,IT-Sicily,208.00,15
2026-09-06T23:45:00Z,IT-South,178.90,15
2026-09-06T23:45:00Z,LT,146.23,15
2026-09-06T23:45:00Z,LV,146.23,15
2026-09-06T23:45:00Z,NL,146.82,15
2026-09-06T23:45:00Z,NO1,137.01,15
2026-09-06T23:45:00Z,NO2,141.85,15
2026-09-06T23:45:00Z,NO3,96.31,15
2026-09-06T23:45:00Z,NO4,23.91,15
2026-09-06T23:45:00Z,NO5,135.52,15
2026-09-06T23:45:00Z,PL,145.59,15
2026-09-06T23:45:00Z,PT,204.50,15
2026-09-06T23:45:00Z,RO,150.06,15
2026-09-06T23:45:00Z,RS,179.13,15
2026-09-06T23:45:00Z,SE1,28.78,15
2026-09-06T23:45:00Z,SE2,30.88,15
2026-09-06T23:45:00Z,SE3,99.32,15
2026-09-06T23:45:00Z,SE4,145.13,15
2026-09-06T23:45:00Z,SI,149.09,15
2026-09-06T23:45:00Z,SK,151.53,15
