timestamp_utc,zone,price_eur_mwh,resolution_min
2026-04-27T00:00:00Z,AT,118.70,15
2026-04-27T00:00:00Z,BE,101.35,15
2026-04-27T00:00:00Z,CH,112.19,60
2026-04-27T00:00:00Z,CZ,115.97,15
2026-04-27T00:00:00Z,DE-LU,113.01,15
2026-04-27T00:00:00Z,DK1,113.01,15
2026-04-27T00:00:00Z,DK2,112.98,15
2026-04-27T00:00:00Z,EE,17.41,15
2026-04-27T00:00:00Z,ES,69.36,15
2026-04-27T00:00:00Z,FI,17.40,15
2026-04-27T00:00:00Z,FR,40.62,15
2026-04-27T00:00:00Z,GR,117.99,15
2026-04-27T00:00:00Z,HR,119.21,15
2026-04-27T00:00:00Z,HU,117.65,15
2026-04-27T00:00:00Z,IT-CNorth,119.51,15
2026-04-27T00:00:00Z,IT-CSouth,119.51,15
2026-04-27T00:00:00Z,IT-North,119.51,15
2026-04-27T00:00:00Z,IT-Sardinia,119.51,15
2026-04-27T00:00:00Z,IT-Sicily,119.51,15
2026-04-27T00:00:00Z,IT-South,119.51,15
2026-04-27T00:00:00Z,LT,47.18,15
2026-04-27T00:00:00Z,LV,47.18,15
2026-04-27T00:00:00Z,NL,106.79,15
2026-04-27T00:00:00Z,NO1,106.97,15
2026-04-27T00:00:00Z,NO2,109.42,15
2026-04-27T00:00:00Z,NO3,78.95,15
2026-04-27T00:00:00Z,NO4,13.44,15
2026-04-27T00:00:00Z,NO5,101.32,15
2026-04-27T00:00:00Z,PL,115.57,15
2026-04-27T00:00:00Z,PT,69.36,15
2026-04-27T00:00:00Z,RO,117.99,15
2026-04-27T00:00:00Z,RS,60.00,15
2026-04-27T00:00:00Z,SE1,3.93,15
2026-04-27T00:00:00Z,SE2,4.43,15
2026-04-27T00:00:00Z,SE3,43.54,15
2026-04-27T00:00:00Z,SE4,57.42,15
2026-04-27T00:00:00Z,SI,119.51,15
2026-04-27T00:00:00Z,SK,116.99,15
2026-04-27T00:15:00Z,AT,118.64,15
2026-04-27T00:15:00Z,BE,98.72,15
2026-04-27T00:15:00Z,CZ,115.79,15
2026-04-27T00:15:00Z,DE-LU,112.71,15
2026-04-27T00:15:00Z,DK1,112.71,15
2026-04-27T00:15:00Z,DK2,112.68,15
2026-04-27T00:15:00Z,EE,17.44,15
2026-04-27T00:15:00Z,ES,65.00,15
2026-04-27T00:15:00Z,FI,17.43,15
2026-04-27T00:15:00Z,FR,46.75,15
2026-04-27T00:15:00Z,GR,117.87,15
2026-04-27T00:15:00Z,HR,119.12,15
2026-04-27T00:15:00Z,HU,117.52,15
2026-04-27T00:15:00Z,IT-CNorth,120.27,15
2026-04-27T00:15:00Z,IT-CSouth,120.27,15
2026-04-27T00:15:00Z,IT-North,120.27,15
2026-04-27T00:15:00Z,IT-Sardinia,120.27,15
2026-04-27T00:15:00Z,IT-Sicily,120.27,15
2026-04-27T00:15:00Z,IT-South,120.27,15
2026-04-27T00:15:00Z,LT,47.29,15
2026-04-27T00:15:00Z,LV,47.29,15
2026-04-27T00:15:00Z,NL,105.94,15
2026-04-27T00:15:00Z,NO1,106.58,15
2026-04-27T00:15:00Z,NO2,109.12,15
2026-04-27T00:15:00Z,NO3,76.96,15
2026-04-27T00:15:00Z,NO4,13.41,15
2026-04-27T00:15:00Z,NO5,101.31,15
2026-04-27T00:15:00Z,PL,115.37,15
2026-04-27T00:15:00Z,PT,65.00,15
2026-04-27T00:15:00Z,RO,117.87,15
2026-04-27T00:15:00Z,RS,60.00,15
2026-04-27T00:15:00Z,SE1,3.96,15
2026-04-27T00:15:00Z,SE2,4.44,15
2026-04-27T00:15:00Z,SE3,43.64,15
2026-04-27T00:15:00Z,SE4,57.55,15
2026-04-27T00:15:00Z,SI,119.44,15
2026-04-27T00:15:00Z,SK,116.84,15
2026-04-27T00:30:00Z,AT,118.99,15
2026-04-27T00:30:00Z,BE,99.65,15
2026-04-27T00:30:00Z,CZ,115.97,15
2026-04-27T00:30:00Z,DE-LU,112.71,15
2026-04-27T00:30:00Z,DK1,112.71,15
2026-04-27T00:30:00Z,DK2,112.68,15
2026-04-27T00:30:00Z,EE,17.48,15
2026-04-27T00:30:00Z,ES,61.01,15
2026-04-27T00:30:00Z,FI,17.48,15
2026-04-27T00:30:00Z,FR,33.86,15
2026-04-27T00:30:00Z,GR,118.20,15
2026-04-27T00:30:00Z,HR,119.55,15
2026-04-27T00:30:00Z,HU,117.83,15
2026-04-27T00:30:00Z,IT-CNorth,120.27,15
2026-04-27T00:30:00Z,IT-CSouth,120.27,15
2026-04-27T00:30:00Z,IT-North,120.27,15
2026-04-27T00:30:00Z,IT-Sardinia,120.27,15
2026-04-27T00:30:00Z,IT-Sicily,120.27,15
2026-04-27T00:30:00Z,IT-South,120.27,15
2026-04-27T00:30:00Z,LT,47.47,15
2026-04-27T00:30:00Z,LV,47.47,15
2026-04-27T00:30:00Z,NL,105.82,15
2026-04-27T00:30:00Z,NO1,106.36,15
2026-04-27T00:30:00Z,NO2,109.12,15
2026-04-27T00:30:00Z,NO3,75.00,15
2026-04-27T00:30:00Z,NO4,13.43,15
2026-04-27T00:30:00Z,NO5,101.27,15
2026-04-27T00:30:00Z,PL,115.53,15
2026-04-27T00:30:00Z,PT,61.01,15
2026-04-27T00:30:00Z,RO,118.20,15
2026-04-27T00:30:00Z,RS,60.00,15
2026-04-27T00:30:00Z,SE1,3.98,15
2026-04-27T00:30:00Z,SE2,4.42,15
2026-04-27T00:30:00Z,SE3,43.82,15
2026-04-27T00:30:00Z,SE4,57.79,15
2026-04-27T00:30:00Z,SI,119.88,15
2026-04-27T00:30:00Z,SK,117.10,15
2026-04-27T00:45:00Z,AT,119.25,15
2026-04-27T00:45:00Z,BE,100.29,15
2026-04-27T00:45:00Z,CZ,115.95,15
2026-04-27T00:45:00Z,DE-LU,112.41,15
2026-04-27T00:45:00Z,DK1,112.41,15
2026-04-27T00:45:00Z,DK2,112.38,15
2026-04-27T00:45:00Z,EE,17.05,15
2026-04-27T00:45:00Z,ES,60.00,15
2026-04-27T00:45:00Z,FI,17.04,15
2026-04-27T00:45:00Z,FR,15.56,15
2026-04-27T00:45:00Z,GR,118.42,15
2026-04-27T00:45:00Z,HR,119.90,15
2026-04-27T00:45:00Z,HU,118.00,15
2026-04-27T00:45:00Z,IT-CNorth,120.27,15
2026-04-27T00:45:00Z,IT-CSouth,120.27,15
2026-04-27T00:45:00Z,IT-North,120.27,15
2026-04-27T00:45:00Z,IT-Sardinia,120.27,15
2026-04-27T00:45:00Z,IT-Sicily,120.27,15
2026-04-27T00:45:00Z,IT-South,120.27,15
2026-04-27T00:45:00Z,LT,45.94,15
2026-04-27T00:45:00Z,LV,45.94,15
2026-04-27T00:45:00Z,NL,105.22,15
2026-04-27T00:45:00Z,NO1,107.64,15
2026-04-27T00:45:00Z,NO2,108.86,15
2026-04-27T00:45:00Z,NO3,89.00,15
2026-04-27T00:45:00Z,NO4,13.45,15
2026-04-27T00:45:00Z,NO5,101.18,15
2026-04-27T00:45:00Z,PL,115.49,15
2026-04-27T00:45:00Z,PT,60.00,15
2026-04-27T00:45:00Z,RO,118.42,15
2026-04-27T00:45:00Z,RS,60.00,15
2026-04-27T00:45:00Z,SE1,3.77,15
2026-04-27T00:45:00Z,SE2,4.43,15
2026-04-27T00:45:00Z,SE3,42.37,15
2026-04-27T00:45:00Z,SE4,55.86,15
2026-04-27T00:45:00Z,SI,120.27,15
2026-04-27T00:45:00Z,SK,117.20,15
2026-04-27T01:00:00Z,AT,119.15,15
2026-04-27T01:00:00Z,BE,97.84,15
2026-04-27T01:00:00Z,CH,112.19,60
2026-04-27T01:00:00Z,CZ,116.00,15
2026-04-27T01:00:00Z,DE-LU,112.97,15
2026-04-27T01:00:00Z,DK1,112.97,15
2026-04-27T01:00:00Z,DK2,112.94,15
2026-04-27T01:00:00Z,EE,17.13,15
2026-04-27T01:00:00Z,ES,64.01,15
2026-04-27T01:00:00Z,FI,17.12,15
2026-04-27T01:00:00Z,FR,36.56,15
2026-04-27T01:00:00Z,GR,118.31,15
2026-04-27T01:00:00Z,HR,119.68,15
2026-04-27T01:00:00Z,HU,117.92,15
2026-04-27T01:00:00Z,IT-CNorth,120.05,15
2026-04-27T01:00:00Z,IT-CSouth,120.05,15
2026-04-27T01:00:00Z,IT-North,120.05,15
2026-04-27T01:00:00Z,IT-Sardinia,120.05,15
2026-04-27T01:00:00Z,IT-Sicily,120.05,15
2026-04-27T01:00:00Z,IT-South,120.05,15
2026-04-27T01:00:00Z,LT,46.11,15
2026-04-27T01:00:00Z,LV,46.11,15
2026-04-27T01:00:00Z,NL,104.93,15
2026-04-27T01:00:00Z,NO1,107.85,15
2026-04-27T01:00:00Z,NO2,109.18,15
2026-04-27T01:00:00Z,NO3,89.01,15
2026-04-27T01:00:00Z,NO4,13.62,15
2026-04-27T01:00:00Z,NO5,101.35,15
2026-04-27T01:00:00Z,PL,115.53,15
2026-04-27T01:00:00Z,PT,64.01,15
2026-04-27T01:00:00Z,RO,118.31,15
2026-04-27T01:00:00Z,RS,60.00,15
2026-04-27T01:00:00Z,SE1,3.83,15
2026-04-27T01:00:00Z,SE2,4.45,15
2026-04-27T01:00:00Z,SE3,42.57,15
2026-04-27T01:00:00Z,SE4,56.01,15
2026-04-27T01:00:00Z,SI,120.05,15
2026-04-27T01:00:00Z,SK,117.16,15
2026-04-27T01:15:00Z,AT,119.24,15
2026-04-27T01:15:00Z,BE,95.00,15
2026-04-27T01:15:00Z,CZ,115.62,15
2026-04-27T01:15:00Z,DE-LU,112.14,15
2026-04-27T01:15:00Z,DK1,112.14,15
2026-04-27T01:15:00Z,DK2,112.11,15
2026-04-27T01:15:00Z,EE,17.09,15
2026-04-27T01:15:00Z,ES,57.00,15
2026-04-27T01:15:00Z,FI,17.09,15
2026-04-27T01:15:00Z,FR,23.38,15
2026-04-27T01:15:00Z,GR,118.27,15
2026-04-27T01:15:00Z,HR,119.85,15
2026-04-27T01:15:00Z,HU,117.82,15
2026-04-27T01:15:00Z,IT-CNorth,120.27,15
2026-04-27T01:15:00Z,IT-CSouth,120.27,15
2026-04-27T01:15:00Z,IT-North,120.27,15
2026-04-27T01:15:00Z,IT-Sardinia,120.27,15
2026-04-27T01:15:00Z,IT-Sicily,120.27,15
2026-04-27T01:15:00Z,IT-South,120.27,15
2026-04-27T01:15:00Z,LT,45.96,15
2026-04-27T01:15:00Z,LV,45.96,15
2026-04-27T01:15:00Z,NL,102.95,15
2026-04-27T01:15:00Z,NO1,107.56,15
2026-04-27T01:15:00Z,NO2,108.61,15
2026-04-27T01:15:00Z,NO3,89.00,15
2026-04-27T01:15:00Z,NO4,13.64,15
2026-04-27T01:15:00Z,NO5,101.52,15
2026-04-27T01:15:00Z,PL,115.08,15
2026-04-27T01:15:00Z,PT,57.00,15
2026-04-27T01:15:00Z,RO,118.27,15
2026-04-27T01:15:00Z,RS,60.00,15
2026-04-27T01:15:00Z,SE1,3.85,15
2026-04-27T01:15:00Z,SE2,4.47,15
2026-04-27T01:15:00Z,SE3,42.43,15
2026-04-27T01:15:00Z,SE4,55.81,15
2026-04-27T01:15:00Z,SI,120.27,15
2026-04-27T01:15:00Z,SK,116.95,15
2026-04-27T01:30:00Z,AT,119.32,15
2026-04-27T01:30:00Z,BE,99.20,15
2026-04-27T01:30:00Z,CZ,115.93,15
2026-04-27T01:30:00Z,DE-LU,112.67,15
2026-04-27T01:30:00Z,DK1,112.67,15
2026-04-27T01:30:00Z,DK2,112.64,15
2026-04-27T01:30:00Z,EE,17.29,15
2026-04-27T01:30:00Z,ES,57.00,15
2026-04-27T01:30:00Z,FI,17.28,15
2026-04-27T01:30:00Z,FR,16.35,15
2026-04-27T01:30:00Z,GR,118.45,15
2026-04-27T01:30:00Z,HR,119.96,15
2026-04-27T01:30:00Z,HU,118.03,15
2026-04-27T01:30:00Z,IT-CNorth,120.27,15
2026-04-27T01:30:00Z,IT-CSouth,120.27,15
2026-04-27T01:30:00Z,IT-North,120.27,15
2026-04-27T01:30:00Z,IT-Sardinia,120.27,15
2026-04-27T01:30:00Z,IT-Sicily,120.27,15
2026-04-27T01:30:00Z,IT-South,120.27,15
2026-04-27T01:30:00Z,LT,46.63,15
2026-04-27T01:30:00Z,LV,46.63,15
2026-04-27T01:30:00Z,NL,104.46,15
2026-04-27T01:30:00Z,NO1,107.39,15
2026-04-27T01:30:00Z,NO2,109.11,15
2026-04-27T01:30:00Z,NO3,84.28,15
2026-04-27T01:30:00Z,NO4,13.71,15
2026-04-27T01:30:00Z,NO5,101.60,15
2026-04-27T01:30:00Z,PL,115.45,15
2026-04-27T01:30:00Z,PT,57.00,15
2026-04-27T01:30:00Z,RO,118.45,15
2026-04-27T01:30:00Z,RS,60.00,15
2026-04-27T01:30:00Z,SE1,3.94,15
2026-04-27T01:30:00Z,SE2,4.47,15
2026-04-27T01:30:00Z,SE3,43.06,15
2026-04-27T01:30:00Z,SE4,56.65,15
2026-04-27T01:30:00Z,SI,120.36,15
2026-04-27T01:30:00Z,SK,117.20,15
2026-04-27T01:45:00Z,AT,120.27,15
2026-04-27T01:45:00Z,BE,99.40,15
2026-04-27T01:45:00Z,CZ,116.83,15
2026-04-27T01:45:00Z,DE-LU,113.52,15
2026-04-27T01:45:00Z,DK1,113.52,15
2026-04-27T01:45:00Z,DK2,113.49,15
2026-04-27T01:45:00Z,EE,17.64,15
2026-04-27T01:45:00Z,ES,57.00,15
2026-04-27T01:45:00Z,FI,17.64,15
2026-04-27T01:45:00Z,FR,18.07,15
2026-04-27T01:45:00Z,GR,119.38,15
2026-04-27T01:45:00Z,HR,120.91,15
2026-04-27T01:45:00Z,HU,118.95,15
2026-04-27T01:45:00Z,IT-CNorth,120.27,15
2026-04-27T01:45:00Z,IT-CSouth,120.27,15
2026-04-27T01:45:00Z,IT-North,120.27,15
2026-04-27T01:45:00Z,IT-Sardinia,120.27,15
2026-04-27T01:45:00Z,IT-Sicily,120.27,15
2026-04-27T01:45:00Z,IT-South,120.27,15
2026-04-27T01:45:00Z,LT,47.82,15
2026-04-27T01:45:00Z,LV,47.82,15
2026-04-27T01:45:00Z,NL,105.12,15
2026-04-27T01:45:00Z,NO1,106.82,15
2026-04-27T01:45:00Z,NO2,109.72,15
2026-04-27T01:45:00Z,NO3,74.99,15
2026-04-27T01:45:00Z,NO4,13.73,15
2026-04-27T01:45:00Z,NO5,101.74,15
2026-04-27T01:45:00Z,PL,116.34,15
2026-04-27T01:45:00Z,PT,57.00,15
2026-04-27T01:45:00Z,RO,119.38,15
2026-04-27T01:45:00Z,RS,60.00,15
2026-04-27T01:45:00Z,SE1,4.10,15
2026-04-27T01:45:00Z,SE2,4.49,15
2026-04-27T01:45:00Z,SE3,44.18,15
2026-04-27T01:45:00Z,SE4,58.15,15
2026-04-27T01:45:00Z,SI,121.31,15
2026-04-27T01:45:00Z,SK,118.12,15
2026-04-27T02:00:00Z,AT,119.36,15
2026-04-27T02:00:00Z,BE,101.09,15
2026-04-27T02:00:00Z,CH,116.00,60
2026-04-27T02:00:00Z,CZ,116.18,15
2026-04-27T02:00:00Z,DE-LU,112.71,15
2026-04-27T02:00:00Z,DK1,112.71,15
2026-04-27T02:00:00Z,DK2,112.68,15
2026-04-27T02:00:00Z,EE,17.40,15
2026-04-27T02:00:00Z,ES,53.02,15
2026-04-27T02:00:00Z,FI,17.40,15
2026-04-27T02:00:00Z,FR,19.99,15
2026-04-27T02:00:00Z,GR,118.55,15
2026-04-27T02:00:00Z,HR,119.98,15
2026-04-27T02:00:00Z,HU,118.16,15
2026-04-27T02:00:00Z,IT-CNorth,120.27,15
2026-04-27T02:00:00Z,IT-CSouth,120.27,15
2026-04-27T02:00:00Z,IT-North,120.27,15
2026-04-27T02:00:00Z,IT-Sardinia,120.27,15
2026-04-27T02:00:00Z,IT-Sicily,120.27,15
2026-04-27T02:00:00Z,IT-South,120.27,15
2026-04-27T02:00:00Z,LT,46.66,15
2026-04-27T02:00:00Z,LV,46.66,15
2026-04-27T02:00:00Z,NL,105.52,15
2026-04-27T02:00:00Z,NO1,107.93,15
2026-04-27T02:00:00Z,NO2,109.13,15
2026-04-27T02:00:00Z,NO3,86.72,15
2026-04-27T02:00:00Z,NO4,13.55,15
2026-04-27T02:00:00Z,NO5,102.49,15
2026-04-27T02:00:00Z,PL,115.73,15
2026-04-27T02:00:00Z,PT,53.02,15
2026-04-27T02:00:00Z,RO,118.55,15
2026-04-27T02:00:00Z,RS,109.00,15
2026-04-27T02:00:00Z,SE1,3.94,15
2026-04-27T02:00:00Z,SE2,4.46,15
2026-04-27T02:00:00Z,SE3,43.00,15
2026-04-27T02:00:00Z,SE4,56.62,15
2026-04-27T02:00:00Z,SI,120.34,15
2026-04-27T02:00:00Z,SK,117.37,15
2026-04-27T02:15:00Z,AT,120.27,15
2026-04-27T02:15:00Z,BE,102.49,15
2026-04-27T02:15:00Z,CZ,117.24,15
2026-04-27T02:15:00Z,DE-LU,113.92,15
2026-04-27T02:15:00Z,DK1,113.92,15
2026-04-27T02:15:00Z,DK2,113.89,15
2026-04-27T02:15:00Z,EE,18.04,15
2026-04-27T02:15:00Z,ES,53.02,15
2026-04-27T02:15:00Z,FI,18.03,15
2026-04-27T02:15:00Z,FR,27.02,15
2026-04-27T02:15:00Z,GR,119.50,15
2026-04-27T02:15:00Z,HR,120.86,15
2026-04-27T02:15:00Z,HU,119.12,15
2026-04-27T02:15:00Z,IT-CNorth,120.27,15
2026-04-27T02:15:00Z,IT-CSouth,120.27,15
2026-04-27T02:15:00Z,IT-North,120.27,15
2026-04-27T02:15:00Z,IT-Sardinia,120.27,15
2026-04-27T02:15:00Z,IT-Sicily,120.27,15
2026-04-27T02:15:00Z,IT-South,120.27,15
2026-04-27T02:15:00Z,LT,48.77,15
2026-04-27T02:15:00Z,LV,48.77,15
2026-04-27T02:15:00Z,NL,107.00,15
2026-04-27T02:15:00Z,NO1,106.99,15
2026-04-27T02:15:00Z,NO2,110.24,15
2026-04-27T02:15:00Z,NO3,70.26,15
2026-04-27T02:15:00Z,NO4,13.64,15
2026-04-27T02:15:00Z,NO5,102.83,15
2026-04-27T02:15:00Z,PL,116.81,15
2026-04-27T02:15:00Z,PT,53.02,15
2026-04-27T02:15:00Z,RO,119.50,15
2026-04-27T02:15:00Z,RS,109.00,15
2026-04-27T02:15:00Z,SE1,4.23,15
2026-04-27T02:15:00Z,SE2,4.50,15
2026-04-27T02:15:00Z,SE3,44.99,15
2026-04-27T02:15:00Z,SE4,59.27,15
2026-04-27T02:15:00Z,SI,121.20,15
2026-04-27T02:15:00Z,SK,118.37,15
2026-04-27T02:30:00Z,AT,123.56,15
2026-04-27T02:30:00Z,BE,105.00,15
2026-04-27T02:30:00Z,CZ,120.37,15
2026-04-27T02:30:00Z,DE-LU,116.87,15
2026-04-27T02:30:00Z,DK1,116.87,15
2026-04-27T02:30:00Z,DK2,116.84,15
2026-04-27T02:30:00Z,EE,18.88,15
2026-04-27T02:30:00Z,ES,54.80,15
2026-04-27T02:30:00Z,FI,18.87,15
2026-04-27T02:30:00Z,FR,24.48,15
2026-04-27T02:30:00Z,GR,122.75,15
2026-04-27T02:30:00Z,HR,124.18,15
2026-04-27T02:30:00Z,HU,122.35,15
2026-04-27T02:30:00Z,IT-CNorth,123.56,15
2026-04-27T02:30:00Z,IT-CSouth,123.56,15
2026-04-27T02:30:00Z,IT-North,123.56,15
2026-04-27T02:30:00Z,IT-Sardinia,123.56,15
2026-04-27T02:30:00Z,IT-Sicily,123.56,15
2026-04-27T02:30:00Z,IT-South,123.56,15
2026-04-27T02:30:00Z,LT,50.41,15
2026-04-27T02:30:00Z,LV,50.41,15
2026-04-27T02:30:00Z,NL,109.61,15
2026-04-27T02:30:00Z,NO1,108.36,15
2026-04-27T02:30:00Z,NO2,113.04,15
2026-04-27T02:30:00Z,NO3,66.58,15
2026-04-27T02:30:00Z,NO4,13.73,15
2026-04-27T02:30:00Z,NO5,103.06,15
2026-04-27T02:30:00Z,PL,119.91,15
2026-04-27T02:30:00Z,PT,54.80,15
2026-04-27T02:30:00Z,RO,122.75,15
2026-04-27T02:30:00Z,RS,109.00,15
2026-04-27T02:30:00Z,SE1,4.73,15
2026-04-27T02:30:00Z,SE2,4.99,15
2026-04-27T02:30:00Z,SE3,46.54,15
2026-04-27T02:30:00Z,SE4,61.18,15
2026-04-27T02:30:00Z,SI,124.55,15
2026-04-27T02:30:00Z,SK,121.56,15
2026-04-27T02:45:00Z,AT,132.43,15
2026-04-27T02:45:00Z,BE,100.61,15
2026-04-27T02:45:00Z,CZ,128.16,15
2026-04-27T02:45:00Z,DE-LU,123.46,15
2026-04-27T02:45:00Z,DK1,123.46,15
2026-04-27T02:45:00Z,DK2,123.43,15
2026-04-27T02:45:00Z,EE,19.15,15
2026-04-27T02:45:00Z,ES,59.00,15
2026-04-27T02:45:00Z,FI,19.15,15
2026-04-27T02:45:00Z,FR,35.32,15
2026-04-27T02:45:00Z,GR,131.24,15
2026-04-27T02:45:00Z,HR,133.09,15
2026-04-27T02:45:00Z,HU,130.73,15
2026-04-27T02:45:00Z,IT-CNorth,124.72,15
2026-04-27T02:45:00Z,IT-CSouth,124.72,15
2026-04-27T02:45:00Z,IT-North,124.72,15
2026-04-27T02:45:00Z,IT-Sardinia,124.72,15
2026-04-27T02:45:00Z,IT-Sicily,124.72,15
2026-04-27T02:45:00Z,IT-South,124.72,15
2026-04-27T02:45:00Z,LT,51.11,15
2026-04-27T02:45:00Z,LV,51.11,15
2026-04-27T02:45:00Z,NL,112.69,15
2026-04-27T02:45:00Z,NO1,109.51,15
2026-04-27T02:45:00Z,NO2,114.87,15
2026-04-27T02:45:00Z,NO3,66.55,15
2026-04-27T02:45:00Z,NO4,13.81,15
2026-04-27T02:45:00Z,NO5,103.22,15
2026-04-27T02:45:00Z,PL,127.50,15
2026-04-27T02:45:00Z,PT,59.00,15
2026-04-27T02:45:00Z,RO,131.24,15
2026-04-27T02:45:00Z,RS,109.00,15
2026-04-27T02:45:00Z,SE1,4.82,15
2026-04-27T02:45:00Z,SE2,5.09,15
2026-04-27T02:45:00Z,SE3,47.19,15
2026-04-27T02:45:00Z,SE4,62.02,15
2026-04-27T02:45:00Z,SI,133.57,15
2026-04-27T02:45:00Z,SK,129.70,15
2026-04-27T03:00:00Z,AT,120.19,15
2026-04-27T03:00:00Z,BE,105.38,15
2026-04-27T03:00:00Z,CH,122.00,60
2026-04-27T03:00:00Z,CZ,118.44,15
2026-04-27T03:00:00Z,DE-LU,116.70,15
2026-04-27T03:00:00Z,DK1,116.70,15
2026-04-27T03:00:00Z,DK2,116.66,15
2026-04-27T03:00:00Z,EE,18.68,15
2026-04-27T03:00:00Z,ES,60.00,15
2026-04-27T03:00:00Z,FI,18.68,15
2026-04-27T03:00:00Z,FR,54.94,15
2026-04-27T03:00:00Z,GR,119.65,15
2026-04-27T03:00:00Z,HR,120.38,15
2026-04-27T03:00:00Z,HU,119.45,15
2026-04-27T03:00:00Z,IT-CNorth,120.19,15
2026-04-27T03:00:00Z,IT-CSouth,120.19,15
2026-04-27T03:00:00Z,IT-North,120.19,15
2026-04-27T03:00:00Z,IT-Sardinia,120.19,15
2026-04-27T03:00:00Z,IT-Sicily,120.19,15
2026-04-27T03:00:00Z,IT-South,120.19,15
2026-04-27T03:00:00Z,LT,50.18,15
2026-04-27T03:00:00Z,LV,50.18,15
2026-04-27T03:00:00Z,NL,110.84,15
2026-04-27T03:00:00Z,NO1,108.98,15
2026-04-27T03:00:00Z,NO2,112.95,15
2026-04-27T03:00:00Z,NO3,69.36,15
2026-04-27T03:00:00Z,NO4,13.36,15
2026-04-27T03:00:00Z,NO5,104.26,15
2026-04-27T03:00:00Z,PL,118.17,15
2026-04-27T03:00:00Z,PT,60.00,15
2026-04-27T03:00:00Z,RO,119.65,15
2026-04-27T03:00:00Z,RS,125.00,15
2026-04-27T03:00:00Z,SE1,4.60,15
2026-04-27T03:00:00Z,SE2,4.49,15
2026-04-27T03:00:00Z,SE3,46.00,15
2026-04-27T03:00:00Z,SE4,60.54,15
2026-04-27T03:00:00Z,SI,120.59,15
2026-04-27T03:00:00Z,SK,119.01,15
2026-04-27T03:15:00Z,AT,121.91,15
2026-04-27T03:15:00Z,BE,102.50,15
2026-04-27T03:15:00Z,CZ,123.17,15
2026-04-27T03:15:00Z,DE-LU,124.00,15
2026-04-27T03:15:00Z,DK1,124.00,15
2026-04-27T03:15:00Z,DK2,123.96,15
2026-04-27T03:15:00Z,EE,19.54,15
2026-04-27T03:15:00Z,ES,60.00,15
2026-04-27T03:15:00Z,FI,19.53,15
2026-04-27T03:15:00Z,FR,52.05,15
2026-04-27T03:15:00Z,GR,122.39,15
2026-04-27T03:15:00Z,HR,121.95,15
2026-04-27T03:15:00Z,HU,122.51,15
2026-04-27T03:15:00Z,IT-CNorth,121.83,15
2026-04-27T03:15:00Z,IT-CSouth,121.83,15
2026-04-27T03:15:00Z,IT-North,121.83,15
2026-04-27T03:15:00Z,IT-Sardinia,121.83,15
2026-04-27T03:15:00Z,IT-Sicily,121.83,15
2026-04-27T03:15:00Z,IT-South,121.83,15
2026-04-27T03:15:00Z,LT,51.81,15
2026-04-27T03:15:00Z,LV,51.81,15
2026-04-27T03:15:00Z,NL,116.94,15
2026-04-27T03:15:00Z,NO1,110.60,15
2026-04-27T03:15:00Z,NO2,115.79,15
2026-04-27T03:15:00Z,NO3,66.58,15
2026-04-27T03:15:00Z,NO4,13.40,15
2026-04-27T03:15:00Z,NO5,104.89,15
2026-04-27T03:15:00Z,PL,123.22,15
2026-04-27T03:15:00Z,PT,60.00,15
2026-04-27T03:15:00Z,RO,122.39,15
2026-04-27T03:15:00Z,RS,125.00,15
2026-04-27T03:15:00Z,SE1,5.09,15
2026-04-27T03:15:00Z,SE2,5.00,15
2026-04-27T03:15:00Z,SE3,47.54,15
2026-04-27T03:15:00Z,SE4,62.43,15
2026-04-27T03:15:00Z,SI,121.83,15
2026-04-27T03:15:00Z,SK,122.77,15
2026-04-27T03:30:00Z,AT,134.96,15
2026-04-27T03:30:00Z,BE,116.35,15
2026-04-27T03:30:00Z,CZ,132.33,15
2026-04-27T03:30:00Z,DE-LU,129.79,15
2026-04-27T03:30:00Z,DK1,129.79,15
2026-04-27T03:30:00Z,DK2,129.75,15
2026-04-27T03:30:00Z,EE,21.80,15
2026-04-27T03:30:00Z,ES,78.04,15
2026-04-27T03:30:00Z,FI,21.80,15
2026-04-27T03:30:00Z,FR,78.04,15
2026-04-27T03:30:00Z,GR,134.10,15
2026-04-27T03:30:00Z,HR,135.15,15
2026-04-27T03:30:00Z,HU,133.80,15
2026-04-27T03:30:00Z,IT-CNorth,134.96,15
2026-04-27T03:30:00Z,IT-CSouth,134.96,15
2026-04-27T03:30:00Z,IT-North,134.96,15
2026-04-27T03:30:00Z,IT-Sardinia,134.96,15
2026-04-27T03:30:00Z,IT-Sicily,134.96,15
2026-04-27T03:30:00Z,IT-South,134.96,15
2026-04-27T03:30:00Z,LT,54.03,15
2026-04-27T03:30:00Z,LV,54.03,15
2026-04-27T03:30:00Z,NL,122.99,15
2026-04-27T03:30:00Z,NO1,113.03,15
2026-04-27T03:30:00Z,NO2,118.93,15
2026-04-27T03:30:00Z,NO3,69.28,15
2026-04-27T03:30:00Z,NO4,13.44,15
2026-04-27T03:30:00Z,NO5,105.67,15
2026-04-27T03:30:00Z,PL,131.93,15
2026-04-27T03:30:00Z,PT,78.04,15
2026-04-27T03:30:00Z,RO,134.10,15
2026-04-27T03:30:00Z,RS,125.00,15
2026-04-27T03:30:00Z,SE1,7.05,15
2026-04-27T03:30:00Z,SE2,7.28,15
2026-04-27T03:30:00Z,SE3,49.76,15
2026-04-27T03:30:00Z,SE4,64.63,15
2026-04-27T03:30:00Z,SI,135.45,15
2026-04-27T03:30:00Z,SK,133.16,15
2026-04-27T03:45:00Z,AT,137.36,15
2026-04-27T03:45:00Z,BE,118.72,15
2026-04-27T03:45:00Z,CZ,134.73,15
2026-04-27T03:45:00Z,DE-LU,132.18,15
2026-04-27T03:45:00Z,DK1,132.18,15
2026-04-27T03:45:00Z,DK2,132.15,15
2026-04-27T03:45:00Z,EE,26.36,15
2026-04-27T03:45:00Z,ES,80.34,15
2026-04-27T03:45:00Z,FI,26.35,15
2026-04-27T03:45:00Z,FR,80.34,15
2026-04-27T03:45:00Z,GR,136.50,15
2026-04-27T03:45:00Z,HR,137.56,15
2026-04-27T03:45:00Z,HU,136.20,15
2026-04-27T03:45:00Z,IT-CNorth,137.36,15
2026-04-27T03:45:00Z,IT-CSouth,137.36,15
2026-04-27T03:45:00Z,IT-North,137.36,15
2026-04-27T03:45:00Z,IT-Sardinia,137.36,15
2026-04-27T03:45:00Z,IT-Sicily,137.36,15
2026-04-27T03:45:00Z,IT-South,137.36,15
2026-04-27T03:45:00Z,LT,98.07,15
2026-04-27T03:45:00Z,LV,98.07,15
2026-04-27T03:45:00Z,NL,125.37,15
2026-04-27T03:45:00Z,NO1,115.52,15
2026-04-27T03:45:00Z,NO2,121.26,15
2026-04-27T03:45:00Z,NO3,77.43,15
2026-04-27T03:45:00Z,NO4,13.34,15
2026-04-27T03:45:00Z,NO5,106.35,15
2026-04-27T03:45:00Z,PL,134.33,15
2026-04-27T03:45:00Z,PT,80.34,15
2026-04-27T03:45:00Z,RO,136.50,15
2026-04-27T03:45:00Z,RS,125.00,15
2026-04-27T03:45:00Z,SE1,11.46,15
2026-04-27T03:45:00Z,SE2,12.49,15
2026-04-27T03:45:00Z,SE3,52.99,15
2026-04-27T03:45:00Z,SE4,67.17,15
2026-04-27T03:45:00Z,SI,137.85,15
2026-04-27T03:45:00Z,SK,135.56,15
2026-04-27T04:00:00Z,AT,137.23,15
2026-04-27T04:00:00Z,BE,136.58,15
2026-04-27T04:00:00Z,CH,144.01,60
2026-04-27T04:00:00Z,CZ,144.46,15
2026-04-27T04:00:00Z,DE-LU,150.10,15
2026-04-27T04:00:00Z,DK1,150.10,15
2026-04-27T04:00:00Z,DK2,150.08,15
2026-04-27T04:00:00Z,EE,41.28,15
2026-04-27T04:00:00Z,ES,85.78,15
2026-04-27T04:00:00Z,FI,41.26,15
2026-04-27T04:00:00Z,FR,85.78,15
2026-04-27T04:00:00Z,GR,140.71,15
2026-04-27T04:00:00Z,HR,137.34,15
2026-04-27T04:00:00Z,HU,141.86,15
2026-04-27T04:00:00Z,IT-CNorth,137.23,15
2026-04-27T04:00:00Z,IT-CSouth,137.23,15
2026-04-27T04:00:00Z,IT-North,137.23,15
2026-04-27T04:00:00Z,IT-Sardinia,137.23,15
2026-04-27T04:00:00Z,IT-Sicily,137.23,15
2026-04-27T04:00:00Z,IT-South,137.23,15
2026-04-27T04:00:00Z,LT,41.28,15
2026-04-27T04:00:00Z,LV,41.28,15
2026-04-27T04:00:00Z,NL,150.10,15
2026-04-27T04:00:00Z,NO1,119.93,15
2026-04-27T04:00:00Z,NO2,130.39,15
2026-04-27T04:00:00Z,NO3,64.93,15
2026-04-27T04:00:00Z,NO4,14.25,15
2026-04-27T04:00:00Z,NO5,107.56,15
2026-04-27T04:00:00Z,PL,145.28,15
2026-04-27T04:00:00Z,PT,85.78,15
2026-04-27T04:00:00Z,RO,140.71,15
2026-04-27T04:00:00Z,RS,129.98,15
2026-04-27T04:00:00Z,SE1,11.56,15
2026-04-27T04:00:00Z,SE2,4.48,15
2026-04-27T04:00:00Z,SE3,71.34,15
2026-04-27T04:00:00Z,SE4,89.09,15
2026-04-27T04:00:00Z,SI,136.41,15
2026-04-27T04:00:00Z,SK,141.86,15
2026-04-27T04:15:00Z,AT,150.39,15
2026-04-27T04:15:00Z,BE,150.75,15
2026-04-27T04:15:00Z,CZ,159.52,15
2026-04-27T04:15:00Z,DE-LU,166.40,15
2026-04-27T04:15:00Z,DK1,166.40,15
2026-04-27T04:15:00Z,DK2,166.38,15
2026-04-27T04:15:00Z,EE,61.73,15
2026-04-27T04:15:00Z,ES,87.00,15
2026-04-27T04:15:00Z,FI,61.68,15
2026-04-27T04:15:00Z,FR,87.00,15
2026-04-27T04:15:00Z,GR,153.52,15
2026-04-27T04:15:00Z,HR,150.08,15
2026-04-27T04:15:00Z,HU,154.53,15
2026-04-27T04:15:00Z,IT-CNorth,149.14,15
2026-04-27T04:15:00Z,IT-CSouth,149.14,15
2026-04-27T04:15:00Z,IT-North,149.14,15
2026-04-27T04:15:00Z,IT-Sardinia,149.14,15
2026-04-27T04:15:00Z,IT-Sicily,149.14,15
2026-04-27T04:15:00Z,IT-South,149.14,15
2026-04-27T04:15:00Z,LT,61.73,15
2026-04-27T04:15:00Z,LV,61.73,15
2026-04-27T04:15:00Z,NL,166.40,15
2026-04-27T04:15:00Z,NO1,138.26,15
2026-04-27T04:15:00Z,NO2,160.90,15
2026-04-27T04:15:00Z,NO3,69.77,15
2026-04-27T04:15:00Z,NO4,17.57,15
2026-04-27T04:15:00Z,NO5,107.68,15
2026-04-27T04:15:00Z,PL,160.56,15
2026-04-27T04:15:00Z,PT,87.00,15
2026-04-27T04:15:00Z,RO,153.52,15
2026-04-27T04:15:00Z,RS,129.98,15
2026-04-27T04:15:00Z,SE1,7.82,15
2026-04-27T04:15:00Z,SE2,4.51,15
2026-04-27T04:15:00Z,SE3,99.99,15
2026-04-27T04:15:00Z,SE4,117.30,15
2026-04-27T04:15:00Z,SI,149.14,15
2026-04-27T04:15:00Z,SK,156.61,15
2026-04-27T04:30:00Z,AT,153.93,15
2026-04-27T04:30:00Z,BE,154.29,15
2026-04-27T04:30:00Z,CZ,163.08,15
2026-04-27T04:30:00Z,DE-LU,169.98,15
2026-04-27T04:30:00Z,DK1,169.98,15
2026-04-27T04:30:00Z,DK2,169.98,15
2026-04-27T04:30:00Z,EE,84.90,15
2026-04-27T04:30:00Z,ES,90.38,15
2026-04-27T04:30:00Z,FI,84.83,15
2026-04-27T04:30:00Z,FR,90.38,15
2026-04-27T04:30:00Z,GR,157.07,15
2026-04-27T04:30:00Z,HR,153.62,15
2026-04-27T04:30:00Z,HU,158.08,15
2026-04-27T04:30:00Z,IT-CNorth,153.93,15
2026-04-27T04:30:00Z,IT-CSouth,153.93,15
2026-04-27T04:30:00Z,IT-North,153.93,15
2026-04-27T04:30:00Z,IT-Sardinia,153.93,15
2026-04-27T04:30:00Z,IT-Sicily,153.93,15
2026-04-27T04:30:00Z,IT-South,153.93,15
2026-04-27T04:30:00Z,LT,84.90,15
2026-04-27T04:30:00Z,LV,84.90,15
2026-04-27T04:30:00Z,NL,169.98,15
2026-04-27T04:30:00Z,NO1,142.52,15
2026-04-27T04:30:00Z,NO2,164.43,15
2026-04-27T04:30:00Z,NO3,91.63,15
2026-04-27T04:30:00Z,NO4,20.09,15
2026-04-27T04:30:00Z,NO5,107.87,15
2026-04-27T04:30:00Z,PL,164.13,15
2026-04-27T04:30:00Z,PT,90.38,15
2026-04-27T04:30:00Z,RO,157.07,15
2026-04-27T04:30:00Z,RS,129.98,15
2026-04-27T04:30:00Z,SE1,7.86,15
2026-04-27T04:30:00Z,SE2,4.99,15
2026-04-27T04:30:00Z,SE3,124.33,15
2026-04-27T04:30:00Z,SE4,138.98,15
2026-04-27T04:30:00Z,SI,152.68,15
2026-04-27T04:30:00Z,SK,160.16,15
2026-04-27T04:45:00Z,AT,159.24,15
2026-04-27T04:45:00Z,BE,158.45,15
2026-04-27T04:45:00Z,CZ,169.13,15
2026-04-27T04:45:00Z,DE-LU,175.79,15
2026-04-27T04:45:00Z,DK1,175.79,15
2026-04-27T04:45:00Z,DK2,175.80,15
2026-04-27T04:45:00Z,EE,101.49,15
2026-04-27T04:45:00Z,ES,94.64,15
2026-04-27T04:45:00Z,FI,101.40,15
2026-04-27T04:45:00Z,FR,94.64,15
2026-04-27T04:45:00Z,GR,139.84,15
2026-04-27T04:45:00Z,HR,155.53,15
2026-04-27T04:45:00Z,HU,166.10,15
2026-04-27T04:45:00Z,IT-CNorth,159.70,15
2026-04-27T04:45:00Z,IT-CSouth,159.70,15
2026-04-27T04:45:00Z,IT-North,159.70,15
2026-04-27T04:45:00Z,IT-Sardinia,159.70,15
2026-04-27T04:45:00Z,IT-Sicily,159.70,15
2026-04-27T04:45:00Z,IT-South,159.70,15
2026-04-27T04:45:00Z,LT,101.49,15
2026-04-27T04:45:00Z,LV,101.49,15
2026-04-27T04:45:00Z,NL,175.79,15
2026-04-27T04:45:00Z,NO1,147.38,15
2026-04-27T04:45:00Z,NO2,170.07,15
2026-04-27T04:45:00Z,NO3,104.01,15
2026-04-27T04:45:00Z,NO4,22.27,15
2026-04-27T04:45:00Z,NO5,109.00,15
2026-04-27T04:45:00Z,PL,170.41,15
2026-04-27T04:45:00Z,PT,94.64,15
2026-04-27T04:45:00Z,RO,139.84,15
2026-04-27T04:45:00Z,RS,129.98,15
2026-04-27T04:45:00Z,SE1,7.24,15
2026-04-27T04:45:00Z,SE2,5.00,15
2026-04-27T04:45:00Z,SE3,142.86,15
2026-04-27T04:45:00Z,SE4,155.95,15
2026-04-27T04:45:00Z,SI,156.70,15
2026-04-27T04:45:00Z,SK,166.84,15
2026-04-27T05:00:00Z,AT,163.89,15
2026-04-27T05:00:00Z,BE,172.35,15
2026-04-27T05:00:00Z,CH,131.65,60
2026-04-27T05:00:00Z,CZ,175.56,15
2026-04-27T05:00:00Z,DE-LU,185.21,15
2026-04-27T05:00:00Z,DK1,185.21,15
2026-04-27T05:00:00Z,DK2,185.22,15
2026-04-27T05:00:00Z,EE,114.94,15
2026-04-27T05:00:00Z,ES,94.64,15
2026-04-27T05:00:00Z,FI,114.83,15
2026-04-27T05:00:00Z,FR,94.64,15
2026-04-27T05:00:00Z,GR,157.59,15
2026-04-27T05:00:00Z,HR,163.69,15
2026-04-27T05:00:00Z,HU,169.25,15
2026-04-27T05:00:00Z,IT-CNorth,162.79,15
2026-04-27T05:00:00Z,IT-CSouth,162.79,15
2026-04-27T05:00:00Z,IT-North,162.79,15
2026-04-27T05:00:00Z,IT-Sardinia,162.79,15
2026-04-27T05:00:00Z,IT-Sicily,162.79,15
2026-04-27T05:00:00Z,IT-South,162.79,15
2026-04-27T05:00:00Z,LT,114.94,15
2026-04-27T05:00:00Z,LV,114.94,15
2026-04-27T05:00:00Z,NL,185.21,15
2026-04-27T05:00:00Z,NO1,173.51,15
2026-04-27T05:00:00Z,NO2,179.26,15
2026-04-27T05:00:00Z,NO3,86.89,15
2026-04-27T05:00:00Z,NO4,33.71,15
2026-04-27T05:00:00Z,NO5,176.82,15
2026-04-27T05:00:00Z,PL,177.41,15
2026-04-27T05:00:00Z,PT,94.64,15
2026-04-27T05:00:00Z,RO,168.18,15
2026-04-27T05:00:00Z,RS,129.91,15
2026-04-27T05:00:00Z,SE1,7.25,15
2026-04-27T05:00:00Z,SE2,5.00,15
2026-04-27T05:00:00Z,SE3,166.51,15
2026-04-27T05:00:00Z,SE4,183.25,15
2026-04-27T05:00:00Z,SI,162.79,15
2026-04-27T05:00:00Z,SK,172.42,15
2026-04-27T05:15:00Z,AT,154.96,15
2026-04-27T05:15:00Z,BE,161.43,15
2026-04-27T05:15:00Z,CZ,163.89,15
2026-04-27T05:15:00Z,DE-LU,171.27,15
2026-04-27T05:15:00Z,DK1,171.27,15
2026-04-27T05:15:00Z,DK2,171.28,15
2026-04-27T05:15:00Z,EE,81.66,15
2026-04-27T05:15:00Z,ES,101.97,15
2026-04-27T05:15:00Z,FI,81.59,15
2026-04-27T05:15:00Z,FR,101.97,15
2026-04-27T05:15:00Z,GR,113.63,15
2026-04-27T05:15:00Z,HR,154.81,15
2026-04-27T05:15:00Z,HU,159.06,15
2026-04-27T05:15:00Z,IT-CNorth,157.34,15
2026-04-27T05:15:00Z,IT-CSouth,157.34,15
2026-04-27T05:15:00Z,IT-North,157.34,15
2026-04-27T05:15:00Z,IT-Sardinia,157.34,15
2026-04-27T05:15:00Z,IT-Sicily,157.34,15
2026-04-27T05:15:00Z,IT-South,157.34,15
2026-04-27T05:15:00Z,LT,81.66,15
2026-04-27T05:15:00Z,LV,81.66,15
2026-04-27T05:15:00Z,NL,171.27,15
2026-04-27T05:15:00Z,NO1,161.87,15
2026-04-27T05:15:00Z,NO2,165.62,15
2026-04-27T05:15:00Z,NO3,92.23,15
2026-04-27T05:15:00Z,NO4,28.88,15
2026-04-27T05:15:00Z,NO5,164.03,15
2026-04-27T05:15:00Z,PL,165.31,15
2026-04-27T05:15:00Z,PT,101.97,15
2026-04-27T05:15:00Z,RO,158.24,15
2026-04-27T05:15:00Z,RS,129.91,15
2026-04-27T05:15:00Z,SE1,7.31,15
2026-04-27T05:15:00Z,SE2,5.09,15
2026-04-27T05:15:00Z,SE3,156.67,15
2026-04-27T05:15:00Z,SE4,171.61,15
2026-04-27T05:15:00Z,SI,154.12,15
2026-04-27T05:15:00Z,SK,161.48,15
2026-04-27T05:30:00Z,AT,133.77,15
2026-04-27T05:30:00Z,BE,135.63,15
2026-04-27T05:30:00Z,CZ,139.40,15
2026-04-27T05:30:00Z,DE-LU,143.41,15
2026-04-27T05:30:00Z,DK1,143.41,15
2026-04-27T05:30:00Z,DK2,143.42,15
2026-04-27T05:30:00Z,EE,63.29,15
2026-04-27T05:30:00Z,ES,103.02,15
2026-04-27T05:30:00Z,FI,63.23,15
2026-04-27T05:30:00Z,FR,103.02,15
2026-04-27T05:30:00Z,GR,100.04,15
2026-04-27T05:30:00Z,HR,131.69,15
2026-04-27T05:30:00Z,HU,138.14,15
2026-04-27T05:30:00Z,IT-CNorth,156.43,15
2026-04-27T05:30:00Z,IT-CSouth,156.43,15
2026-04-27T05:30:00Z,IT-North,156.43,15
2026-04-27T05:30:00Z,IT-Sardinia,156.43,15
2026-04-27T05:30:00Z,IT-Sicily,156.43,15
2026-04-27T05:30:00Z,IT-South,156.43,15
2026-04-27T05:30:00Z,LT,63.29,15
2026-04-27T05:30:00Z,LV,63.29,15
2026-04-27T05:30:00Z,NL,143.41,15
2026-04-27T05:30:00Z,NO1,133.04,15
2026-04-27T05:30:00Z,NO2,135.94,15
2026-04-27T05:30:00Z,NO3,78.06,15
2026-04-27T05:30:00Z,NO4,25.46,15
2026-04-27T05:30:00Z,NO5,134.71,15
2026-04-27T05:30:00Z,PL,140.27,15
2026-04-27T05:30:00Z,PT,103.02,15
2026-04-27T05:30:00Z,RO,117.81,15
2026-04-27T05:30:00Z,RS,129.91,15
2026-04-27T05:30:00Z,SE1,7.49,15
2026-04-27T05:30:00Z,SE2,5.00,15
2026-04-27T05:30:00Z,SE3,133.05,15
2026-04-27T05:30:00Z,SE4,145.01,15
2026-04-27T05:30:00Z,SI,132.51,15
2026-04-27T05:30:00Z,SK,138.50,15
2026-04-27T05:45:00Z,AT,110.39,15
2026-04-27T05:45:00Z,BE,112.46,15
2026-04-27T05:45:00Z,CZ,114.85,15
2026-04-27T05:45:00Z,DE-LU,114.87,15
2026-04-27T05:45:00Z,DK1,114.87,15
2026-04-27T05:45:00Z,DK2,116.98,15
2026-04-27T05:45:00Z,EE,30.01,15
2026-04-27T05:45:00Z,ES,100.00,15
2026-04-27T05:45:00Z,FI,30.00,15
2026-04-27T05:45:00Z,FR,100.00,15
2026-04-27T05:45:00Z,GR,10.22,15
2026-04-27T05:45:00Z,HR,99.21,15
2026-04-27T05:45:00Z,HU,122.57,15
2026-04-27T05:45:00Z,IT-CNorth,155.23,15
2026-04-27T05:45:00Z,IT-CSouth,155.23,15
2026-04-27T05:45:00Z,IT-North,155.23,15
2026-04-27T05:45:00Z,IT-Sardinia,155.23,15
2026-04-27T05:45:00Z,IT-Sicily,155.23,15
2026-04-27T05:45:00Z,IT-South,155.23,15
2026-04-27T05:45:00Z,LT,30.01,15
2026-04-27T05:45:00Z,LV,30.01,15
2026-04-27T05:45:00Z,NL,114.87,15
2026-04-27T05:45:00Z,NO1,118.04,15
2026-04-27T05:45:00Z,NO2,117.21,15
2026-04-27T05:45:00Z,NO3,91.58,15
2026-04-27T05:45:00Z,NO4,18.33,15
2026-04-27T05:45:00Z,NO5,117.57,15
2026-04-27T05:45:00Z,PL,115.51,15
2026-04-27T05:45:00Z,PT,100.00,15
2026-04-27T05:45:00Z,RO,10.22,15
2026-04-27T05:45:00Z,RS,129.91,15
2026-04-27T05:45:00Z,SE1,12.38,15
2026-04-27T05:45:00Z,SE2,6.30,15
2026-04-27T05:45:00Z,SE3,105.93,15
2026-04-27T05:45:00Z,SE4,118.06,15
2026-04-27T05:45:00Z,SI,105.98,15
2026-04-27T05:45:00Z,SK,117.17,15
2026-04-27T06:00:00Z,AT,156.80,15
2026-04-27T06:00:00Z,BE,237.75,15
2026-04-27T06:00:00Z,CH,128.98,60
2026-04-27T06:00:00Z,CZ,165.33,15
2026-04-27T06:00:00Z,DE-LU,173.80,15
2026-04-27T06:00:00Z,DK1,173.80,15
2026-04-27T06:00:00Z,DK2,171.71,15
2026-04-27T06:00:00Z,EE,64.29,15
2026-04-27T06:00:00Z,ES,107.84,15
2026-04-27T06:00:00Z,FI,64.23,15
2026-04-27T06:00:00Z,FR,107.84,15
2026-04-27T06:00:00Z,GR,0.02,15
2026-04-27T06:00:00Z,HR,157.20,15
2026-04-27T06:00:00Z,HU,161.17,15
2026-04-27T06:00:00Z,IT-CNorth,156.80,15
2026-04-27T06:00:00Z,IT-CSouth,156.80,15
2026-04-27T06:00:00Z,IT-North,156.80,15
2026-04-27T06:00:00Z,IT-Sardinia,156.80,15
2026-04-27T06:00:00Z,IT-Sicily,156.80,15
2026-04-27T06:00:00Z,IT-South,156.80,15
2026-04-27T06:00:00Z,LT,64.29,15
2026-04-27T06:00:00Z,LV,64.29,15
2026-04-27T06:00:00Z,NL,173.80,15
2026-04-27T06:00:00Z,NO1,145.13,15
2026-04-27T06:00:00Z,NO2,149.64,15
2026-04-27T06:00:00Z,NO3,75.81,15
2026-04-27T06:00:00Z,NO4,29.42,15
2026-04-27T06:00:00Z,NO5,147.71,15
2026-04-27T06:00:00Z,PL,167.47,15
2026-04-27T06:00:00Z,PT,107.84,15
2026-04-27T06:00:00Z,RO,160.46,15
2026-04-27T06:00:00Z,RS,111.00,15
2026-04-27T06:00:00Z,SE1,7.59,15
2026-04-27T06:00:00Z,SE2,5.09,15
2026-04-27T06:00:00Z,SE3,150.67,15
2026-04-27T06:00:00Z,SE4,162.57,15
2026-04-27T06:00:00Z,SI,156.61,15
2026-04-27T06:00:00Z,SK,163.41,15
2026-04-27T06:15:00Z,AT,125.87,15
2026-04-27T06:15:00Z,BE,158.04,15
2026-04-27T06:15:00Z,CZ,130.51,15
2026-04-27T06:15:00Z,DE-LU,135.01,15
2026-04-27T06:15:00Z,DK1,135.01,15
2026-04-27T06:15:00Z,DK2,135.01,15
2026-04-27T06:15:00Z,EE,30.01,15
2026-04-27T06:15:00Z,ES,94.64,15
2026-04-27T06:15:00Z,FI,29.99,15
2026-04-27T06:15:00Z,FR,94.64,15
2026-04-27T06:15:00Z,GR,0.01,15
2026-04-27T06:15:00Z,HR,125.91,15
2026-04-27T06:15:00Z,HU,128.16,15
2026-04-27T06:15:00Z,IT-CNorth,153.08,15
2026-04-27T06:15:00Z,IT-CSouth,153.08,15
2026-04-27T06:15:00Z,IT-North,153.08,15
2026-04-27T06:15:00Z,IT-Sardinia,153.08,15
2026-04-27T06:15:00Z,IT-Sicily,153.08,15
2026-04-27T06:15:00Z,IT-South,153.08,15
2026-04-27T06:15:00Z,LT,30.01,15
2026-04-27T06:15:00Z,LV,30.01,15
2026-04-27T06:15:00Z,NL,135.01,15
2026-04-27T06:15:00Z,NO1,116.56,15
2026-04-27T06:15:00Z,NO2,117.65,15
2026-04-27T06:15:00Z,NO3,77.54,15
2026-04-27T06:15:00Z,NO4,20.37,15
2026-04-27T06:15:00Z,NO5,117.18,15
2026-04-27T06:15:00Z,PL,131.66,15
2026-04-27T06:15:00Z,PT,94.64,15
2026-04-27T06:15:00Z,RO,127.76,15
2026-04-27T06:15:00Z,RS,111.00,15
2026-04-27T06:15:00Z,SE1,10.26,15
2026-04-27T06:15:00Z,SE2,5.09,15
2026-04-27T06:15:00Z,SE3,111.54,15
2026-04-27T06:15:00Z,SE4,122.56,15
2026-04-27T06:15:00Z,SI,125.59,15
2026-04-27T06:15:00Z,SK,129.42,15
2026-04-27T06:30:00Z,AT,103.34,15
2026-04-27T06:30:00Z,BE,124.63,15
2026-04-27T06:30:00Z,CZ,106.41,15
2026-04-27T06:30:00Z,DE-LU,109.38,15
2026-04-27T06:30:00Z,DK1,109.38,15
2026-04-27T06:30:00Z,DK2,109.39,15
2026-04-27T06:30:00Z,EE,27.59,15
2026-04-27T06:30:00Z,ES,82.68,15
2026-04-27T06:30:00Z,FI,27.57,15
2026-04-27T06:30:00Z,FR,82.68,15
2026-04-27T06:30:00Z,GR,0.00,15
2026-04-27T06:30:00Z,HR,103.37,15
2026-04-27T06:30:00Z,HU,104.86,15
2026-04-27T06:30:00Z,IT-CNorth,142.25,15
2026-04-27T06:30:00Z,IT-CSouth,142.25,15
2026-04-27T06:30:00Z,IT-North,142.25,15
2026-04-27T06:30:00Z,IT-Sardinia,142.25,15
2026-04-27T06:30:00Z,IT-Sicily,142.25,15
2026-04-27T06:30:00Z,IT-South,142.25,15
2026-04-27T06:30:00Z,LT,27.59,15
2026-04-27T06:30:00Z,LV,27.59,15
2026-04-27T06:30:00Z,NL,109.38,15
2026-04-27T06:30:00Z,NO1,113.48,15
2026-04-27T06:30:00Z,NO2,112.00,15
2026-04-27T06:30:00Z,NO3,92.23,15
2026-04-27T06:30:00Z,NO4,18.00,15
2026-04-27T06:30:00Z,NO5,112.64,15
2026-04-27T06:30:00Z,PL,107.17,15
2026-04-27T06:30:00Z,PT,82.68,15
2026-04-27T06:30:00Z,RO,104.59,15
2026-04-27T06:30:00Z,RS,111.00,15
2026-04-27T06:30:00Z,SE1,16.00,15
2026-04-27T06:30:00Z,SE2,7.02,15
2026-04-27T06:30:00Z,SE3,95.68,15
2026-04-27T06:30:00Z,SE4,108.51,15
2026-04-27T06:30:00Z,SI,103.16,15
2026-04-27T06:30:00Z,SK,105.69,15
2026-04-27T06:45:00Z,AT,76.50,15
2026-04-27T06:45:00Z,BE,136.85,15
2026-04-27T06:45:00Z,CZ,82.23,15
2026-04-27T06:45:00Z,DE-LU,88.00,15
2026-04-27T06:45:00Z,DK1,89.61,15
2026-04-27T06:45:00Z,DK2,87.98,15
2026-04-27T06:45:00Z,EE,16.26,15
2026-04-27T06:45:00Z,ES,45.49,15
2026-04-27T06:45:00Z,FI,16.26,15
2026-04-27T06:45:00Z,FR,45.49,15
2026-04-27T06:45:00Z,GR,0.00,15
2026-04-27T06:45:00Z,HR,76.83,15
2026-04-27T06:45:00Z,HU,79.46,15
2026-04-27T06:45:00Z,IT-CNorth,137.11,15
2026-04-27T06:45:00Z,IT-CSouth,137.11,15
2026-04-27T06:45:00Z,IT-North,137.11,15
2026-04-27T06:45:00Z,IT-Sardinia,137.11,15
2026-04-27T06:45:00Z,IT-Sicily,137.11,15
2026-04-27T06:45:00Z,IT-South,137.11,15
2026-04-27T06:45:00Z,LT,16.26,15
2026-04-27T06:45:00Z,LV,16.26,15
2026-04-27T06:45:00Z,NL,89.61,15
2026-04-27T06:45:00Z,NO1,109.15,15
2026-04-27T06:45:00Z,NO2,109.10,15
2026-04-27T06:45:00Z,NO3,75.91,15
2026-04-27T06:45:00Z,NO4,14.35,15
2026-04-27T06:45:00Z,NO5,109.15,15
2026-04-27T06:45:00Z,PL,83.66,15
2026-04-27T06:45:00Z,PT,45.49,15
2026-04-27T06:45:00Z,RO,78.99,15
2026-04-27T06:45:00Z,RS,111.00,15
2026-04-27T06:45:00Z,SE1,16.19,15
2026-04-27T06:45:00Z,SE2,13.05,15
2026-04-27T06:45:00Z,SE3,63.52,15
2026-04-27T06:45:00Z,SE4,76.93,15
2026-04-27T06:45:00Z,SI,76.44,15
2026-04-27T06:45:00Z,SK,80.95,15
2026-04-27T07:00:00Z,AT,111.80,15
2026-04-27T07:00:00Z,BE,167.87,15
2026-04-27T07:00:00Z,CH,98.35,60
2026-04-27T07:00:00Z,CZ,118.14,15
2026-04-27T07:00:00Z,DE-LU,124.98,15
2026-04-27T07:00:00Z,DK1,124.98,15
2026-04-27T07:00:00Z,DK2,124.98,15
2026-04-27T07:00:00Z,EE,14.99,15
2026-04-27T07:00:00Z,ES,46.02,15
2026-04-27T07:00:00Z,FI,14.98,15
2026-04-27T07:00:00Z,FR,46.02,15
2026-04-27T07:00:00Z,GR,-0.01,15
2026-04-27T07:00:00Z,HR,111.82,15
2026-04-27T07:00:00Z,HU,114.88,15
2026-04-27T07:00:00Z,IT-CNorth,142.25,15
2026-04-27T07:00:00Z,IT-CSouth,142.25,15
2026-04-27T07:00:00Z,IT-North,142.25,15
2026-04-27T07:00:00Z,IT-Sardinia,142.25,15
2026-04-27T07:00:00Z,IT-Sicily,142.25,15
2026-04-27T07:00:00Z,IT-South,142.25,15
2026-04-27T07:00:00Z,LT,14.99,15
2026-04-27T07:00:00Z,LV,14.99,15
2026-04-27T07:00:00Z,NL,152.11,15
2026-04-27T07:00:00Z,NO1,109.64,15
2026-04-27T07:00:00Z,NO2,109.37,15
2026-04-27T07:00:00Z,NO3,75.83,15
2026-04-27T07:00:00Z,NO4,14.14,15
2026-04-27T07:00:00Z,NO5,109.49,15
2026-04-27T07:00:00Z,PL,119.51,15
2026-04-27T07:00:00Z,PT,46.02,15
2026-04-27T07:00:00Z,RO,114.35,15
2026-04-27T07:00:00Z,RS,89.42,15
2026-04-27T07:00:00Z,SE1,14.71,15
2026-04-27T07:00:00Z,SE2,14.87,15
2026-04-27T07:00:00Z,SE3,62.26,15
2026-04-27T07:00:00Z,SE4,108.47,15
2026-04-27T07:00:00Z,SI,111.39,15
2026-04-27T07:00:00Z,SK,116.64,15
2026-04-27T07:15:00Z,AT,86.42,15
2026-04-27T07:15:00Z,BE,140.00,15
2026-04-27T07:15:00Z,CZ,92.61,15
2026-04-27T07:15:00Z,DE-LU,99.27,15
2026-04-27T07:15:00Z,DK1,101.08,15
2026-04-27T07:15:00Z,DK2,99.26,15
2026-04-27T07:15:00Z,EE,12.26,15
2026-04-27T07:15:00Z,ES,35.30,15
2026-04-27T07:15:00Z,FI,12.26,15
2026-04-27T07:15:00Z,FR,35.30,15
2026-04-27T07:15:00Z,GR,-0.10,15
2026-04-27T07:15:00Z,HR,86.38,15
2026-04-27T07:15:00Z,HU,89.39,15
2026-04-27T07:15:00Z,IT-CNorth,138.06,15
2026-04-27T07:15:00Z,IT-CSouth,138.06,15
2026-04-27T07:15:00Z,IT-North,138.06,15
2026-04-27T07:15:00Z,IT-Sardinia,138.06,15
2026-04-27T07:15:00Z,IT-Sicily,138.06,15
2026-04-27T07:15:00Z,IT-South,138.06,15
2026-04-27T07:15:00Z,LT,12.26,15
2026-04-27T07:15:00Z,LV,12.26,15
2026-04-27T07:15:00Z,NL,124.77,15
2026-04-27T07:15:00Z,NO1,108.49,15
2026-04-27T07:15:00Z,NO2,105.91,15
2026-04-27T07:15:00Z,NO3,90.42,15
2026-04-27T07:15:00Z,NO4,11.59,15
2026-04-27T07:15:00Z,NO5,107.02,15
2026-04-27T07:15:00Z,PL,93.93,15
2026-04-27T07:15:00Z,PT,35.30,15
2026-04-27T07:15:00Z,RO,88.87,15
2026-04-27T07:15:00Z,RS,89.42,15
2026-04-27T07:15:00Z,SE1,12.26,15
2026-04-27T07:15:00Z,SE2,13.05,15
2026-04-27T07:15:00Z,SE3,57.38,15
2026-04-27T07:15:00Z,SE4,97.41,15
2026-04-27T07:15:00Z,SI,85.96,15
2026-04-27T07:15:00Z,SK,91.12,15
2026-04-27T07:30:00Z,AT,85.59,15
2026-04-27T07:30:00Z,BE,144.33,15
2026-04-27T07:30:00Z,CZ,67.97,15
2026-04-27T07:30:00Z,DE-LU,86.62,15
2026-04-27T07:30:00Z,DK1,88.20,15
2026-04-27T07:30:00Z,DK2,86.60,15
2026-04-27T07:30:00Z,EE,7.92,15
2026-04-27T07:30:00Z,ES,14.79,15
2026-04-27T07:30:00Z,FI,7.92,15
2026-04-27T07:30:00Z,FR,14.79,15
2026-04-27T07:30:00Z,GR,-1.00,15
2026-04-27T07:30:00Z,HR,87.47,15
2026-04-27T07:30:00Z,HU,19.10,15
2026-04-27T07:30:00Z,IT-CNorth,120.27,15
2026-04-27T07:30:00Z,IT-CSouth,120.27,15
2026-04-27T07:30:00Z,IT-North,120.27,15
2026-04-27T07:30:00Z,IT-Sardinia,120.27,15
2026-04-27T07:30:00Z,IT-Sicily,120.27,15
2026-04-27T07:30:00Z,IT-South,120.27,15
2026-04-27T07:30:00Z,LT,7.92,15
2026-04-27T07:30:00Z,LV,7.92,15
2026-04-27T07:30:00Z,NL,122.34,15
2026-04-27T07:30:00Z,NO1,105.26,15
2026-04-27T07:30:00Z,NO2,101.96,15
2026-04-27T07:30:00Z,NO3,92.23,15
2026-04-27T07:30:00Z,NO4,9.38,15
2026-04-27T07:30:00Z,NO5,103.41,15
2026-04-27T07:30:00Z,PL,63.14,15
2026-04-27T07:30:00Z,PT,14.79,15
2026-04-27T07:30:00Z,RO,36.82,15
2026-04-27T07:30:00Z,RS,89.42,15
2026-04-27T07:30:00Z,SE1,7.95,15
2026-04-27T07:30:00Z,SE2,9.76,15
2026-04-27T07:30:00Z,SE3,49.24,15
2026-04-27T07:30:00Z,SE4,60.01,15
2026-04-27T07:30:00Z,SI,116.28,15
2026-04-27T07:30:00Z,SK,41.43,15
2026-04-27T07:45:00Z,AT,59.96,15
2026-04-27T07:45:00Z,BE,105.00,15
2026-04-27T07:45:00Z,CZ,43.65,15
2026-04-27T07:45:00Z,DE-LU,59.24,15
2026-04-27T07:45:00Z,DK1,80.44,15
2026-04-27T07:45:00Z,DK2,59.68,15
2026-04-27T07:45:00Z,EE,7.03,15
2026-04-27T07:45:00Z,ES,3.08,15
2026-04-27T07:45:00Z,FI,7.03,15
2026-04-27T07:45:00Z,FR,3.08,15
2026-04-27T07:45:00Z,GR,-2.01,15
2026-04-27T07:45:00Z,HR,61.63,15
2026-04-27T07:45:00Z,HU,1.00,15
2026-04-27T07:45:00Z,IT-CNorth,112.30,15
2026-04-27T07:45:00Z,IT-CSouth,112.30,15
2026-04-27T07:45:00Z,IT-North,112.30,15
2026-04-27T07:45:00Z,IT-Sardinia,112.30,15
2026-04-27T07:45:00Z,IT-Sicily,112.30,15
2026-04-27T07:45:00Z,IT-South,112.30,15
2026-04-27T07:45:00Z,LT,7.03,15
2026-04-27T07:45:00Z,LV,7.03,15
2026-04-27T07:45:00Z,NL,87.55,15
2026-04-27T07:45:00Z,NO1,102.70,15
2026-04-27T07:45:00Z,NO2,98.12,15
2026-04-27T07:45:00Z,NO3,99.74,15
2026-04-27T07:45:00Z,NO4,9.55,15
2026-04-27T07:45:00Z,NO5,100.12,15
2026-04-27T07:45:00Z,PL,39.23,15
2026-04-27T07:45:00Z,PT,3.08,15
2026-04-27T07:45:00Z,RO,16.68,15
2026-04-27T07:45:00Z,RS,89.42,15
2026-04-27T07:45:00Z,SE1,7.08,15
2026-04-27T07:45:00Z,SE2,8.91,15
2026-04-27T07:45:00Z,SE3,45.98,15
2026-04-27T07:45:00Z,SE4,56.09,15
2026-04-27T07:45:00Z,SI,87.07,15
2026-04-27T07:45:00Z,SK,20.46,15
2026-04-27T08:00:00Z,AT,94.61,15
2026-04-27T08:00:00Z,BE,155.19,15
2026-04-27T08:00:00Z,CH,52.86,60
2026-04-27T08:00:00Z,CZ,69.98,15
2026-04-27T08:00:00Z,DE-LU,92.67,15
2026-04-27T08:00:00Z,DK1,94.37,15
2026-04-27T08:00:00Z,DK2,92.65,15
2026-04-27T08:00:00Z,EE,11.02,15
2026-04-27T08:00:00Z,ES,3.08,15
2026-04-27T08:00:00Z,FI,11.02,15
2026-04-27T08:00:00Z,FR,17.74,15
2026-04-27T08:00:00Z,GR,-2.00,15
2026-04-27T08:00:00Z,HR,93.31,15
2026-04-27T08:00:00Z,HU,9.00,15
2026-04-27T08:00:00Z,IT-CNorth,133.13,15
2026-04-27T08:00:00Z,IT-CSouth,133.13,15
2026-04-27T08:00:00Z,IT-North,133.13,15
2026-04-27T08:00:00Z,IT-Sardinia,133.13,15
2026-04-27T08:00:00Z,IT-Sicily,133.13,15
2026-04-27T08:00:00Z,IT-South,133.13,15
2026-04-27T08:00:00Z,LT,11.02,15
2026-04-27T08:00:00Z,LV,11.02,15
2026-04-27T08:00:00Z,NL,130.72,15
2026-04-27T08:00:00Z,NO1,101.31,15
2026-04-27T08:00:00Z,NO2,100.17,15
2026-04-27T08:00:00Z,NO3,73.94,15
2026-04-27T08:00:00Z,NO4,8.42,15
2026-04-27T08:00:00Z,NO5,100.68,15
2026-04-27T08:00:00Z,PL,60.98,15
2026-04-27T08:00:00Z,PT,3.08,15
2026-04-27T08:00:00Z,RO,31.26,15
2026-04-27T08:00:00Z,RS,0.00,15
2026-04-27T08:00:00Z,SE1,10.99,15
2026-04-27T08:00:00Z,SE2,13.13,15
2026-04-27T08:00:00Z,SE3,52.37,15
2026-04-27T08:00:00Z,SE4,62.69,15
2026-04-27T08:00:00Z,SI,133.13,15
2026-04-27T08:00:00Z,SK,36.17,15
2026-04-27T08:15:00Z,AT,60.20,15
2026-04-27T08:15:00Z,BE,119.81,15
2026-04-27T08:15:00Z,CZ,44.47,15
2026-04-27T08:15:00Z,DE-LU,67.90,15
2026-04-27T08:15:00Z,DK1,94.80,15
2026-04-27T08:15:00Z,DK2,62.09,15
2026-04-27T08:15:00Z,EE,7.89,15
2026-04-27T08:15:00Z,ES,1.00,15
2026-04-27T08:15:00Z,FI,7.89,15
2026-04-27T08:15:00Z,FR,1.00,15
2026-04-27T08:15:00Z,GR,-2.00,15
2026-04-27T08:15:00Z,HR,56.23,15
2026-04-27T08:15:00Z,HU,0.92,15
2026-04-27T08:15:00Z,IT-CNorth,120.27,15
2026-04-27T08:15:00Z,IT-CSouth,120.27,15
2026-04-27T08:15:00Z,IT-North,120.27,15
2026-04-27T08:15:00Z,IT-Sardinia,120.27,15
2026-04-27T08:15:00Z,IT-Sicily,120.27,15
2026-04-27T08:15:00Z,IT-South,120.27,15
2026-04-27T08:15:00Z,LT,7.89,15
2026-04-27T08:15:00Z,LV,7.89,15
2026-04-27T08:15:00Z,NL,99.55,15
2026-04-27T08:15:00Z,NO1,100.57,15
2026-04-27T08:15:00Z,NO2,97.85,15
2026-04-27T08:15:00Z,NO3,84.95,15
2026-04-27T08:15:00Z,NO4,8.95,15
2026-04-27T08:15:00Z,NO5,99.04,15
2026-04-27T08:15:00Z,PL,25.80,15
2026-04-27T08:15:00Z,PT,1.00,15
2026-04-27T08:15:00Z,RO,15.20,15
2026-04-27T08:15:00Z,RS,0.00,15
2026-04-27T08:15:00Z,SE1,7.92,15
2026-04-27T08:15:00Z,SE2,9.78,15
2026-04-27T08:15:00Z,SE3,48.02,15
2026-04-27T08:15:00Z,SE4,58.13,15
2026-04-27T08:15:00Z,SI,82.15,15
2026-04-27T08:15:00Z,SK,16.55,15
2026-04-27T08:30:00Z,AT,40.78,15
2026-04-27T08:30:00Z,BE,90.85,15
2026-04-27T08:30:00Z,CZ,30.54,15
2026-04-27T08:30:00Z,DE-LU,52.47,15
2026-04-27T08:30:00Z,DK1,75.90,15
2026-04-27T08:30:00Z,DK2,46.05,15
2026-04-27T08:30:00Z,EE,6.95,15
2026-04-27T08:30:00Z,ES,0.01,15
2026-04-27T08:30:00Z,FI,6.96,15
2026-04-27T08:30:00Z,FR,0.01,15
2026-04-27T08:30:00Z,GR,-1.01,15
2026-04-27T08:30:00Z,HR,35.43,15
2026-04-27T08:30:00Z,HU,0.08,15
2026-04-27T08:30:00Z,IT-CNorth,108.68,15
2026-04-27T08:30:00Z,IT-CSouth,108.68,15
2026-04-27T08:30:00Z,IT-North,108.68,15
2026-04-27T08:30:00Z,IT-Sardinia,108.68,15
2026-04-27T08:30:00Z,IT-Sicily,108.68,15
2026-04-27T08:30:00Z,IT-South,108.68,15
2026-04-27T08:30:00Z,LT,6.95,15
2026-04-27T08:30:00Z,LV,6.95,15
2026-04-27T08:30:00Z,NL,75.90,15
2026-04-27T08:30:00Z,NO1,99.47,15
2026-04-27T08:30:00Z,NO2,90.51,15
2026-04-27T08:30:00Z,NO3,128.48,15
2026-04-27T08:30:00Z,NO4,10.47,15
2026-04-27T08:30:00Z,NO5,94.37,15
2026-04-27T08:30:00Z,PL,6.95,15
2026-04-27T08:30:00Z,PT,0.01,15
2026-04-27T08:30:00Z,RO,8.89,15
2026-04-27T08:30:00Z,RS,0.00,15
2026-04-27T08:30:00Z,SE1,7.17,15
2026-04-27T08:30:00Z,SE2,9.16,15
2026-04-27T08:30:00Z,SE3,33.49,15
2026-04-27T08:30:00Z,SE4,42.39,15
2026-04-27T08:30:00Z,SI,51.71,15
2026-04-27T08:30:00Z,SK,7.80,15
2026-04-27T08:45:00Z,AT,17.44,15
2026-04-27T08:45:00Z,BE,40.40,15
2026-04-27T08:45:00Z,CZ,13.14,15
2026-04-27T08:45:00Z,DE-LU,23.53,15
2026-04-27T08:45:00Z,DK1,33.83,15
2026-04-27T08:45:00Z,DK2,33.21,15
2026-04-27T08:45:00Z,EE,4.99,15
2026-04-27T08:45:00Z,ES,0.00,15
2026-04-27T08:45:00Z,FI,5.00,15
2026-04-27T08:45:00Z,FR,0.00,15
2026-04-27T08:45:00Z,GR,-1.01,15
2026-04-27T08:45:00Z,HR,14.69,15
2026-04-27T08:45:00Z,HU,0.00,15
2026-04-27T08:45:00Z,IT-CNorth,105.00,15
2026-04-27T08:45:00Z,IT-CSouth,105.00,15
2026-04-27T08:45:00Z,IT-North,105.00,15
2026-04-27T08:45:00Z,IT-Sardinia,105.00,15
2026-04-27T08:45:00Z,IT-Sicily,105.00,15
2026-04-27T08:45:00Z,IT-South,105.00,15
2026-04-27T08:45:00Z,LT,4.99,15
2026-04-27T08:45:00Z,LV,4.99,15
2026-04-27T08:45:00Z,NL,33.83,15
2026-04-27T08:45:00Z,NO1,101.27,15
2026-04-27T08:45:00Z,NO2,85.24,15
2026-04-27T08:45:00Z,NO3,180.23,15
2026-04-27T08:45:00Z,NO4,12.12,15
2026-04-27T08:45:00Z,NO5,92.12,15
2026-04-27T08:45:00Z,PL,1.18,15
2026-04-27T08:45:00Z,PT,0.00,15
2026-04-27T08:45:00Z,RO,3.60,15
2026-04-27T08:45:00Z,RS,0.00,15
2026-04-27T08:45:00Z,SE1,2.72,15
2026-04-27T08:45:00Z,SE2,4.98,15
2026-04-27T08:45:00Z,SE3,23.81,15
2026-04-27T08:45:00Z,SE4,30.86,15
2026-04-27T08:45:00Z,SI,21.40,15
2026-04-27T08:45:00Z,SK,2.79,15
2026-04-27T09:00:00Z,AT,15.93,15
2026-04-27T09:00:00Z,BE,40.31,15
2026-04-27T09:00:00Z,CH,4.03,60
2026-04-27T09:00:00Z,CZ,12.58,15
2026-04-27T09:00:00Z,DE-LU,16.59,15
2026-04-27T09:00:00Z,DK1,27.61,15
2026-04-27T09:00:00Z,DK2,27.10,15
2026-04-27T09:00:00Z,EE,5.02,15
2026-04-27T09:00:00Z,ES,0.00,15
2026-04-27T09:00:00Z,FI,5.02,15
2026-04-27T09:00:00Z,FR,0.00,15
2026-04-27T09:00:00Z,GR,-0.10,15
2026-04-27T09:00:00Z,HR,15.13,15
2026-04-27T09:00:00Z,HU,2.99,15
2026-04-27T09:00:00Z,IT-CNorth,99.30,15
2026-04-27T09:00:00Z,IT-CSouth,99.30,15
2026-04-27T09:00:00Z,IT-North,99.30,15
2026-04-27T09:00:00Z,IT-Sardinia,99.30,15
2026-04-27T09:00:00Z,IT-Sicily,99.30,15
2026-04-27T09:00:00Z,IT-South,99.30,15
2026-04-27T09:00:00Z,LT,5.02,15
2026-04-27T09:00:00Z,LV,5.02,15
2026-04-27T09:00:00Z,NL,23.93,15
2026-04-27T09:00:00Z,NO1,97.33,15
2026-04-27T09:00:00Z,NO2,79.01,15
2026-04-27T09:00:00Z,NO3,147.36,15
2026-04-27T09:00:00Z,NO4,11.55,15
2026-04-27T09:00:00Z,NO5,90.18,15
2026-04-27T09:00:00Z,PL,11.80,15
2026-04-27T09:00:00Z,PT,0.00,15
2026-04-27T09:00:00Z,RO,6.30,15
2026-04-27T09:00:00Z,RS,0.00,15
2026-04-27T09:00:00Z,SE1,5.00,15
2026-04-27T09:00:00Z,SE2,6.63,15
2026-04-27T09:00:00Z,SE3,20.36,15
2026-04-27T09:00:00Z,SE4,25.39,15
2026-04-27T09:00:00Z,SI,21.47,15
2026-04-27T09:00:00Z,SK,7.50,15
2026-04-27T09:15:00Z,AT,0.00,15
2026-04-27T09:15:00Z,BE,0.01,15
2026-04-27T09:15:00Z,CZ,0.00,15
2026-04-27T09:15:00Z,DE-LU,0.00,15
2026-04-27T09:15:00Z,DK1,22.89,15
2026-04-27T09:15:00Z,DK2,22.47,15
2026-04-27T09:15:00Z,EE,4.98,15
2026-04-27T09:15:00Z,ES,0.00,15
2026-04-27T09:15:00Z,FI,4.99,15
2026-04-27T09:15:00Z,FR,0.00,15
2026-04-27T09:15:00Z,GR,-0.10,15
2026-04-27T09:15:00Z,HR,0.00,15
2026-04-27T09:15:00Z,HU,0.00,15
2026-04-27T09:15:00Z,IT-CNorth,100.00,15
2026-04-27T09:15:00Z,IT-CSouth,100.00,15
2026-04-27T09:15:00Z,IT-North,100.00,15
2026-04-27T09:15:00Z,IT-Sardinia,100.00,15
2026-04-27T09:15:00Z,IT-Sicily,100.00,15
2026-04-27T09:15:00Z,IT-South,100.00,15
2026-04-27T09:15:00Z,LT,4.98,15
2026-04-27T09:15:00Z,LV,4.98,15
2026-04-27T09:15:00Z,NL,0.01,15
2026-04-27T09:15:00Z,NO1,98.04,15
2026-04-27T09:15:00Z,NO2,77.38,15
2026-04-27T09:15:00Z,NO3,136.14,15
2026-04-27T09:15:00Z,NO4,10.39,15
2026-04-27T09:15:00Z,NO5,91.61,15
2026-04-27T09:15:00Z,PL,0.00,15
2026-04-27T09:15:00Z,PT,0.00,15
2026-04-27T09:15:00Z,RO,0.00,15
2026-04-27T09:15:00Z,RS,0.00,15
2026-04-27T09:15:00Z,SE1,3.84,15
2026-04-27T09:15:00Z,SE2,5.09,15
2026-04-27T09:15:00Z,SE3,16.74,15
2026-04-27T09:15:00Z,SE4,21.02,15
2026-04-27T09:15:00Z,SI,0.00,15
2026-04-27T09:15:00Z,SK,0.00,15
2026-04-27T09:30:00Z,AT,-0.01,15
2026-04-27T09:30:00Z,BE,0.00,15
2026-04-27T09:30:00Z,CZ,-0.01,15
2026-04-27T09:30:00Z,DE-LU,-0.01,15
2026-04-27T09:30:00Z,DK1,21.80,15
2026-04-27T09:30:00Z,DK2,19.48,15
2026-04-27T09:30:00Z,EE,4.55,15
2026-04-27T09:30:00Z,ES,-0.01,15
2026-04-27T09:30:00Z,FI,4.55,15
2026-04-27T09:30:00Z,FR,-0.01,15
2026-04-27T09:30:00Z,GR,-0.10,15
2026-04-27T09:30:00Z,HR,-0.01,15
2026-04-27T09:30:00Z,HU,-0.01,15
2026-04-27T09:30:00Z,IT-CNorth,77.30,15
2026-04-27T09:30:00Z,IT-CSouth,77.30,15
2026-04-27T09:30:00Z,IT-North,77.30,15
2026-04-27T09:30:00Z,IT-Sardinia,77.30,15
2026-04-27T09:30:00Z,IT-Sicily,77.30,15
2026-04-27T09:30:00Z,IT-South,77.30,15
2026-04-27T09:30:00Z,LT,4.55,15
2026-04-27T09:30:00Z,LV,4.55,15
2026-04-27T09:30:00Z,NL,-0.01,15
2026-04-27T09:30:00Z,NO1,98.77,15
2026-04-27T09:30:00Z,NO2,76.30,15
2026-04-27T09:30:00Z,NO3,125.32,15
2026-04-27T09:30:00Z,NO4,9.16,15
2026-04-27T09:30:00Z,NO5,93.07,15
2026-04-27T09:30:00Z,PL,-0.01,15
2026-04-27T09:30:00Z,PT,-0.01,15
2026-04-27T09:30:00Z,RO,-0.01,15
2026-04-27T09:30:00Z,RS,0.00,15
2026-04-27T09:30:00Z,SE1,3.93,15
2026-04-27T09:30:00Z,SE2,4.99,15
2026-04-27T09:30:00Z,SE3,14.68,15
2026-04-27T09:30:00Z,SE4,18.23,15
2026-04-27T09:30:00Z,SI,-0.01,15
2026-04-27T09:30:00Z,SK,-0.01,15
2026-04-27T09:45:00Z,AT,-0.02,15
2026-04-27T09:45:00Z,BE,-0.02,15
2026-04-27T09:45:00Z,CZ,-0.02,15
2026-04-27T09:45:00Z,DE-LU,-0.02,15
2026-04-27T09:45:00Z,DK1,19.90,15
2026-04-27T09:45:00Z,DK2,17.77,15
2026-04-27T09:45:00Z,EE,3.38,15
2026-04-27T09:45:00Z,ES,-0.02,15
2026-04-27T09:45:00Z,FI,3.39,15
2026-04-27T09:45:00Z,FR,-0.02,15
2026-04-27T09:45:00Z,GR,-0.10,15
2026-04-27T09:45:00Z,HR,-0.02,15
2026-04-27T09:45:00Z,HU,-0.02,15
2026-04-27T09:45:00Z,IT-CNorth,52.23,15
2026-04-27T09:45:00Z,IT-CSouth,52.23,15
2026-04-27T09:45:00Z,IT-North,52.23,15
2026-04-27T09:45:00Z,IT-Sardinia,52.23,15
2026-04-27T09:45:00Z,IT-Sicily,52.23,15
2026-04-27T09:45:00Z,IT-South,52.23,15
2026-04-27T09:45:00Z,LT,3.38,15
2026-04-27T09:45:00Z,LV,3.38,15
2026-04-27T09:45:00Z,NL,-0.02,15
2026-04-27T09:45:00Z,NO1,99.28,15
2026-04-27T09:45:00Z,NO2,75.86,15
2026-04-27T09:45:00Z,NO3,121.17,15
2026-04-27T09:45:00Z,NO4,8.89,15
2026-04-27T09:45:00Z,NO5,93.86,15
2026-04-27T09:45:00Z,PL,-0.02,15
2026-04-27T09:45:00Z,PT,-0.02,15
2026-04-27T09:45:00Z,RO,-0.02,15
2026-04-27T09:45:00Z,RS,0.00,15
2026-04-27T09:45:00Z,SE1,3.60,15
2026-04-27T09:45:00Z,SE2,4.50,15
2026-04-27T09:45:00Z,SE3,13.38,15
2026-04-27T09:45:00Z,SE4,16.63,15
2026-04-27T09:45:00Z,SI,-0.02,15
2026-04-27T09:45:00Z,SK,-0.02,15
2026-04-27T10:00:00Z,AT,-0.01,15
2026-04-27T10:00:00Z,BE,-0.01,15
2026-04-27T10:00:00Z,CH,-2.00,60
2026-04-27T10:00:00Z,CZ,-0.01,15
2026-04-27T10:00:00Z,DE-LU,-0.01,15
2026-04-27T10:00:00Z,DK1,21.72,15
2026-04-27T10:00:00Z,DK2,19.42,15
2026-04-27T10:00:00Z,EE,4.09,15
2026-04-27T10:00:00Z,ES,-0.01,15
2026-04-27T10:00:00Z,FI,4.10,15
2026-04-27T10:00:00Z,FR,-0.01,15
2026-04-27T10:00:00Z,GR,-0.10,15
2026-04-27T10:00:00Z,HR,-0.01,15
2026-04-27T10:00:00Z,HU,-0.01,15
2026-04-27T10:00:00Z,IT-CNorth,79.99,15
2026-04-27T10:00:00Z,IT-CSouth,79.99,15
2026-04-27T10:00:00Z,IT-North,79.99,15
2026-04-27T10:00:00Z,IT-Sardinia,79.99,15
2026-04-27T10:00:00Z,IT-Sicily,79.99,15
2026-04-27T10:00:00Z,IT-South,79.99,15
2026-04-27T10:00:00Z,LT,4.09,15
2026-04-27T10:00:00Z,LV,4.09,15
2026-04-27T10:00:00Z,NL,-0.01,15
2026-04-27T10:00:00Z,NO1,96.95,15
2026-04-27T10:00:00Z,NO2,74.95,15
2026-04-27T10:00:00Z,NO3,123.27,15
2026-04-27T10:00:00Z,NO4,11.48,15
2026-04-27T10:00:00Z,NO5,91.47,15
2026-04-27T10:00:00Z,PL,-0.01,15
2026-04-27T10:00:00Z,PT,-0.01,15
2026-04-27T10:00:00Z,RO,-0.01,15
2026-04-27T10:00:00Z,RS,0.00,15
2026-04-27T10:00:00Z,SE1,4.22,15
2026-04-27T10:00:00Z,SE2,5.09,15
2026-04-27T10:00:00Z,SE3,14.70,15
2026-04-27T10:00:00Z,SE4,18.23,15
2026-04-27T10:00:00Z,SI,-0.01,15
2026-04-27T10:00:00Z,SK,-0.01,15
2026-04-27T10:15:00Z,AT,-0.05,15
2026-04-27T10:15:00Z,BE,-0.05,15
2026-04-27T10:15:00Z,CZ,-0.05,15
2026-04-27T10:15:00Z,DE-LU,-0.05,15
2026-04-27T10:15:00Z,DK1,18.26,15
2026-04-27T10:15:00Z,DK2,16.45,15
2026-04-27T10:15:00Z,EE,4.06,15
2026-04-27T10:15:00Z,ES,-0.05,15
2026-04-27T10:15:00Z,FI,4.06,15
2026-04-27T10:15:00Z,FR,-0.05,15
2026-04-27T10:15:00Z,GR,-0.10,15
2026-04-27T10:15:00Z,HR,-0.05,15
2026-04-27T10:15:00Z,HU,-0.05,15
2026-04-27T10:15:00Z,IT-CNorth,64.10,15
2026-04-27T10:15:00Z,IT-CSouth,64.10,15
2026-04-27T10:15:00Z,IT-North,64.10,15
2026-04-27T10:15:00Z,IT-Sardinia,64.10,15
2026-04-27T10:15:00Z,IT-Sicily,64.10,15
2026-04-27T10:15:00Z,IT-South,64.10,15
2026-04-27T10:15:00Z,LT,4.06,15
2026-04-27T10:15:00Z,LV,4.06,15
2026-04-27T10:15:00Z,NL,-0.05,15
2026-04-27T10:15:00Z,NO1,98.78,15
2026-04-27T10:15:00Z,NO2,74.64,15
2026-04-27T10:15:00Z,NO3,113.06,15
2026-04-27T10:15:00Z,NO4,8.97,15
2026-04-27T10:15:00Z,NO5,94.01,15
2026-04-27T10:15:00Z,PL,-0.05,15
2026-04-27T10:15:00Z,PT,-0.05,15
2026-04-27T10:15:00Z,RO,-0.05,15
2026-04-27T10:15:00Z,RS,0.00,15
2026-04-27T10:15:00Z,SE1,4.17,15
2026-04-27T10:15:00Z,SE2,4.99,15
2026-04-27T10:15:00Z,SE3,12.67,15
2026-04-27T10:15:00Z,SE4,15.50,15
2026-04-27T10:15:00Z,SI,-0.05,15
2026-04-27T10:15:00Z,SK,-0.05,15
2026-04-27T10:30:00Z,AT,-0.10,15
2026-04-27T10:30:00Z,BE,-0.10,15
2026-04-27T10:30:00Z,CZ,-0.10,15
2026-04-27T10:30:00Z,DE-LU,-0.10,15
2026-04-27T10:30:00Z,DK1,16.79,15
2026-04-27T10:30:00Z,DK2,15.12,15
2026-04-27T10:30:00Z,EE,3.66,15
2026-04-27T10:30:00Z,ES,-0.10,15
2026-04-27T10:30:00Z,FI,3.67,15
2026-04-27T10:30:00Z,FR,-0.10,15
2026-04-27T10:30:00Z,GR,-0.10,15
2026-04-27T10:30:00Z,HR,-0.10,15
2026-04-27T10:30:00Z,HU,-0.10,15
2026-04-27T10:30:00Z,IT-CNorth,60.00,15
2026-04-27T10:30:00Z,IT-CSouth,60.00,15
2026-04-27T10:30:00Z,IT-North,60.00,15
2026-04-27T10:30:00Z,IT-Sardinia,60.00,15
2026-04-27T10:30:00Z,IT-Sicily,60.00,15
2026-04-27T10:30:00Z,IT-South,60.00,15
2026-04-27T10:30:00Z,LT,3.66,15
2026-04-27T10:30:00Z,LV,3.66,15
2026-04-27T10:30:00Z,NL,-0.10,15
2026-04-27T10:30:00Z,NO1,100.06,15
2026-04-27T10:30:00Z,NO2,74.90,15
2026-04-27T10:30:00Z,NO3,110.69,15
2026-04-27T10:30:00Z,NO4,8.39,15
2026-04-27T10:30:00Z,NO5,95.46,15
2026-04-27T10:30:00Z,PL,-0.10,15
2026-04-27T10:30:00Z,PT,-0.10,15
2026-04-27T10:30:00Z,RO,-0.10,15
2026-04-27T10:30:00Z,RS,0.00,15
2026-04-27T10:30:00Z,SE1,3.76,15
2026-04-27T10:30:00Z,SE2,4.50,15
2026-04-27T10:30:00Z,SE3,11.62,15
2026-04-27T10:30:00Z,SE4,14.23,15
2026-04-27T10:30:00Z,SI,-0.10,15
2026-04-27T10:30:00Z,SK,-0.10,15
2026-04-27T10:45:00Z,AT,-0.23,15
2026-04-27T10:45:00Z,BE,-0.23,15
2026-04-27T10:45:00Z,CZ,-0.23,15
2026-04-27T10:45:00Z,DE-LU,-0.23,15
2026-04-27T10:45:00Z,DK1,17.30,15
2026-04-27T10:45:00Z,DK2,14.82,15
2026-04-27T10:45:00Z,EE,3.63,15
2026-04-27T10:45:00Z,ES,-0.23,15
2026-04-27T10:45:00Z,FI,3.63,15
2026-04-27T10:45:00Z,FR,-0.23,15
2026-04-27T10:45:00Z,GR,-0.23,15
2026-04-27T10:45:00Z,HR,-0.23,15
2026-04-27T10:45:00Z,HU,-0.23,15
2026-04-27T10:45:00Z,IT-CNorth,60.00,15
2026-04-27T10:45:00Z,IT-CSouth,60.00,15
2026-04-27T10:45:00Z,IT-North,60.00,15
2026-04-27T10:45:00Z,IT-Sardinia,60.00,15
2026-04-27T10:45:00Z,IT-Sicily,60.00,15
2026-04-27T10:45:00Z,IT-South,60.00,15
2026-04-27T10:45:00Z,LT,3.63,15
2026-04-27T10:45:00Z,LV,3.63,15
2026-04-27T10:45:00Z,NL,-0.23,15
2026-04-27T10:45:00Z,NO1,99.55,15
2026-04-27T10:45:00Z,NO2,74.40,15
2026-04-27T10:45:00Z,NO3,109.45,15
2026-04-27T10:45:00Z,NO4,8.33,15
2026-04-27T10:45:00Z,NO5,95.03,15
2026-04-27T10:45:00Z,PL,-0.23,15
2026-04-27T10:45:00Z,PT,-0.23,15
2026-04-27T10:45:00Z,RO,-0.23,15
2026-04-27T10:45:00Z,RS,0.00,15
2026-04-27T10:45:00Z,SE1,3.72,15
2026-04-27T10:45:00Z,SE2,4.44,15
2026-04-27T10:45:00Z,SE3,11.39,15
2026-04-27T10:45:00Z,SE4,13.94,15
2026-04-27T10:45:00Z,SI,-0.23,15
2026-04-27T10:45:00Z,SK,-0.23,15
2026-04-27T11:00:00Z,AT,-0.50,15
2026-04-27T11:00:00Z,BE,-0.50,15
2026-04-27T11:00:00Z,CH,-6.00,60
2026-04-27T11:00:00Z,CZ,-0.50,15
2026-04-27T11:00:00Z,DE-LU,-0.50,15
2026-04-27T11:00:00Z,DK1,15.09,15
2026-04-27T11:00:00Z,DK2,13.04,15
2026-04-27T11:00:00Z,EE,4.55,15
2026-04-27T11:00:00Z,ES,-0.50,15
2026-04-27T11:00:00Z,FI,4.56,15
2026-04-27T11:00:00Z,FR,-0.50,15
2026-04-27T11:00:00Z,GR,-0.50,15
2026-04-27T11:00:00Z,HR,-0.50,15
2026-04-27T11:00:00Z,HU,-0.50,15
2026-04-27T11:00:00Z,IT-CNorth,60.00,15
2026-04-27T11:00:00Z,IT-CSouth,60.00,15
2026-04-27T11:00:00Z,IT-North,60.00,15
2026-04-27T11:00:00Z,IT-Sardinia,60.00,15
2026-04-27T11:00:00Z,IT-Sicily,60.00,15
2026-04-27T11:00:00Z,IT-South,60.00,15
2026-04-27T11:00:00Z,LT,4.55,15
2026-04-27T11:00:00Z,LV,4.55,15
2026-04-27T11:00:00Z,NL,-0.50,15
2026-04-27T11:00:00Z,NO1,98.62,15
2026-04-27T11:00:00Z,NO2,74.71,15
2026-04-27T11:00:00Z,NO3,109.54,15
2026-04-27T11:00:00Z,NO4,13.13,15
2026-04-27T11:00:00Z,NO5,94.65,15
2026-04-27T11:00:00Z,PL,-0.50,15
2026-04-27T11:00:00Z,PT,-0.50,15
2026-04-27T11:00:00Z,RO,-0.50,15
2026-04-27T11:00:00Z,RS,0.00,15
2026-04-27T11:00:00Z,SE1,4.63,15
2026-04-27T11:00:00Z,SE2,4.51,15
2026-04-27T11:00:00Z,SE3,10.23,15
2026-04-27T11:00:00Z,SE4,12.29,15
2026-04-27T11:00:00Z,SI,-0.50,15
2026-04-27T11:00:00Z,SK,-0.50,15
2026-04-27T11:15:00Z,AT,-0.82,15
2026-04-27T11:15:00Z,BE,-0.82,15
2026-04-27T11:15:00Z,CZ,-0.82,15
2026-04-27T11:15:00Z,DE-LU,-0.82,15
2026-04-27T11:15:00Z,DK1,15.15,15
2026-04-27T11:15:00Z,DK2,13.06,15
2026-04-27T11:15:00Z,EE,4.77,15
2026-04-27T11:15:00Z,ES,-0.82,15
2026-04-27T11:15:00Z,FI,4.78,15
2026-04-27T11:15:00Z,FR,-0.82,15
2026-04-27T11:15:00Z,GR,-0.82,15
2026-04-27T11:15:00Z,HR,-0.82,15
2026-04-27T11:15:00Z,HU,-0.82,15
2026-04-27T11:15:00Z,IT-CNorth,60.00,15
2026-04-27T11:15:00Z,IT-CSouth,60.00,15
2026-04-27T11:15:00Z,IT-North,60.00,15
2026-04-27T11:15:00Z,IT-Sardinia,60.00,15
2026-04-27T11:15:00Z,IT-Sicily,60.00,15
2026-04-27T11:15:00Z,IT-South,60.00,15
2026-04-27T11:15:00Z,LT,4.77,15
2026-04-27T11:15:00Z,LV,4.77,15
2026-04-27T11:15:00Z,NL,-0.82,15
2026-04-27T11:15:00Z,NO1,97.44,15
2026-04-27T11:15:00Z,NO2,74.21,15
2026-04-27T11:15:00Z,NO3,96.53,15
2026-04-27T11:15:00Z,NO4,13.03,15
2026-04-27T11:15:00Z,NO5,94.37,15
2026-04-27T11:15:00Z,PL,-0.82,15
2026-04-27T11:15:00Z,PT,-0.82,15
2026-04-27T11:15:00Z,RO,-0.82,15
2026-04-27T11:15:00Z,RS,0.00,15
2026-04-27T11:15:00Z,SE1,4.83,15
2026-04-27T11:15:00Z,SE2,4.45,15
2026-04-27T11:15:00Z,SE3,10.23,15
2026-04-27T11:15:00Z,SE4,12.29,15
2026-04-27T11:15:00Z,SI,-0.82,15
2026-04-27T11:15:00Z,SK,-0.82,15
2026-04-27T11:30:00Z,AT,-1.00,15
2026-04-27T11:30:00Z,BE,-1.00,15
2026-04-27T11:30:00Z,CZ,-1.00,15
2026-04-27T11:30:00Z,DE-LU,-1.00,15
2026-04-27T11:30:00Z,DK1,14.52,15
2026-04-27T11:30:00Z,DK2,12.54,15
2026-04-27T11:30:00Z,EE,4.71,15
2026-04-27T11:30:00Z,ES,-1.00,15
2026-04-27T11:30:00Z,FI,4.72,15
2026-04-27T11:30:00Z,FR,-1.00,15
2026-04-27T11:30:00Z,GR,-1.00,15
2026-04-27T11:30:00Z,HR,-1.00,15
2026-04-27T11:30:00Z,HU,-1.00,15
2026-04-27T11:30:00Z,IT-CNorth,60.00,15
2026-04-27T11:30:00Z,IT-CSouth,60.00,15
2026-04-27T11:30:00Z,IT-North,60.00,15
2026-04-27T11:30:00Z,IT-Sardinia,60.00,15
2026-04-27T11:30:00Z,IT-Sicily,60.00,15
2026-04-27T11:30:00Z,IT-South,60.00,15
2026-04-27T11:30:00Z,LT,4.71,15
2026-04-27T11:30:00Z,LV,4.71,15
2026-04-27T11:30:00Z,NL,-1.00,15
2026-04-27T11:30:00Z,NO1,96.76,15
2026-04-27T11:30:00Z,NO2,73.77,15
2026-04-27T11:30:00Z,NO3,92.23,15
2026-04-27T11:30:00Z,NO4,11.99,15
2026-04-27T11:30:00Z,NO5,93.95,15
2026-04-27T11:30:00Z,PL,-1.00,15
2026-04-27T11:30:00Z,PT,-1.00,15
2026-04-27T11:30:00Z,RO,-1.00,15
2026-04-27T11:30:00Z,RS,0.00,15
2026-04-27T11:30:00Z,SE1,4.76,15
2026-04-27T11:30:00Z,SE2,4.42,15
2026-04-27T11:30:00Z,SE3,9.87,15
2026-04-27T11:30:00Z,SE4,11.81,15
2026-04-27T11:30:00Z,SI,-1.00,15
2026-04-27T11:30:00Z,SK,-1.00,15
2026-04-27T11:45:00Z,AT,-1.00,15
2026-04-27T11:45:00Z,BE,-1.00,15
2026-04-27T11:45:00Z,CZ,-1.00,15
2026-04-27T11:45:00Z,DE-LU,-1.00,15
2026-04-27T11:45:00Z,DK1,15.23,15
2026-04-27T11:45:00Z,DK2,12.43,15
2026-04-27T11:45:00Z,EE,4.55,15
2026-04-27T11:45:00Z,ES,-1.00,15
2026-04-27T11:45:00Z,FI,4.55,15
2026-04-27T11:45:00Z,FR,-1.00,15
2026-04-27T11:45:00Z,GR,-1.00,15
2026-04-27T11:45:00Z,HR,-1.00,15
2026-04-27T11:45:00Z,HU,-1.00,15
2026-04-27T11:45:00Z,IT-CNorth,60.00,15
2026-04-27T11:45:00Z,IT-CSouth,60.00,15
2026-04-27T11:45:00Z,IT-North,60.00,15
2026-04-27T11:45:00Z,IT-Sardinia,60.00,15
2026-04-27T11:45:00Z,IT-Sicily,60.00,15
2026-04-27T11:45:00Z,IT-South,60.00,15
2026-04-27T11:45:00Z,LT,4.55,15
2026-04-27T11:45:00Z,LV,4.55,15
2026-04-27T11:45:00Z,NL,-1.00,15
2026-04-27T11:45:00Z,NO1,96.36,15
2026-04-27T11:45:00Z,NO2,72.22,15
2026-04-27T11:45:00Z,NO3,92.23,15
2026-04-27T11:45:00Z,NO4,12.98,15
2026-04-27T11:45:00Z,NO5,93.50,15
2026-04-27T11:45:00Z,PL,-1.00,15
2026-04-27T11:45:00Z,PT,-1.00,15
2026-04-27T11:45:00Z,RO,-1.00,15
2026-04-27T11:45:00Z,RS,0.00,15
2026-04-27T11:45:00Z,SE1,4.59,15
2026-04-27T11:45:00Z,SE2,4.10,15
2026-04-27T11:45:00Z,SE3,9.68,15
2026-04-27T11:45:00Z,SE4,11.67,15
2026-04-27T11:45:00Z,SI,-1.00,15
2026-04-27T11:45:00Z,SK,-1.00,15
2026-04-27T12:00:00Z,AT,-0.50,15
2026-04-27T12:00:00Z,BE,-0.50,15
2026-04-27T12:00:00Z,CH,-3.12,60
2026-04-27T12:00:00Z,CZ,-0.50,15
2026-04-27T12:00:00Z,DE-LU,-0.50,15
2026-04-27T12:00:00Z,DK1,16.73,15
2026-04-27T12:00:00Z,DK2,15.54,15
2026-04-27T12:00:00Z,EE,3.28,15
2026-04-27T12:00:00Z,ES,-0.50,15
2026-04-27T12:00:00Z,FI,3.28,15
2026-04-27T12:00:00Z,FR,-0.50,15
2026-04-27T12:00:00Z,GR,-0.50,15
2026-04-27T12:00:00Z,HR,-0.50,15
2026-04-27T12:00:00Z,HU,-0.50,15
2026-04-27T12:00:00Z,IT-CNorth,52.64,15
2026-04-27T12:00:00Z,IT-CSouth,52.64,15
2026-04-27T12:00:00Z,IT-North,52.64,15
2026-04-27T12:00:00Z,IT-Sardinia,52.64,15
2026-04-27T12:00:00Z,IT-Sicily,52.64,15
2026-04-27T12:00:00Z,IT-South,52.64,15
2026-04-27T12:00:00Z,LT,3.28,15
2026-04-27T12:00:00Z,LV,3.28,15
2026-04-27T12:00:00Z,NL,-0.50,15
2026-04-27T12:00:00Z,NO1,50.99,15
2026-04-27T12:00:00Z,NO2,43.05,15
2026-04-27T12:00:00Z,NO3,94.17,15
2026-04-27T12:00:00Z,NO4,13.72,15
2026-04-27T12:00:00Z,NO5,96.33,15
2026-04-27T12:00:00Z,PL,-0.50,15
2026-04-27T12:00:00Z,PT,-0.50,15
2026-04-27T12:00:00Z,RO,-0.50,15
2026-04-27T12:00:00Z,RS,0.00,15
2026-04-27T12:00:00Z,SE1,3.40,15
2026-04-27T12:00:00Z,SE2,3.39,15
2026-04-27T12:00:00Z,SE3,11.54,15
2026-04-27T12:00:00Z,SE4,14.51,15
2026-04-27T12:00:00Z,SI,-0.50,15
2026-04-27T12:00:00Z,SK,-0.50,15
2026-04-27T12:15:00Z,AT,-0.10,15
2026-04-27T12:15:00Z,BE,-0.10,15
2026-04-27T12:15:00Z,CZ,-0.10,15
2026-04-27T12:15:00Z,DE-LU,-0.10,15
2026-04-27T12:15:00Z,DK1,16.76,15
2026-04-27T12:15:00Z,DK2,14.90,15
2026-04-27T12:15:00Z,EE,3.30,15
2026-04-27T12:15:00Z,ES,-0.49,15
2026-04-27T12:15:00Z,FI,3.30,15
2026-04-27T12:15:00Z,FR,-0.10,15
2026-04-27T12:15:00Z,GR,-0.10,15
2026-04-27T12:15:00Z,HR,-0.10,15
2026-04-27T12:15:00Z,HU,-0.10,15
2026-04-27T12:15:00Z,IT-CNorth,67.00,15
2026-04-27T12:15:00Z,IT-CSouth,67.00,15
2026-04-27T12:15:00Z,IT-North,67.00,15
2026-04-27T12:15:00Z,IT-Sardinia,67.00,15
2026-04-27T12:15:00Z,IT-Sicily,67.00,15
2026-04-27T12:15:00Z,IT-South,67.00,15
2026-04-27T12:15:00Z,LT,3.30,15
2026-04-27T12:15:00Z,LV,3.30,15
2026-04-27T12:15:00Z,NL,-0.10,15
2026-04-27T12:15:00Z,NO1,50.70,15
2026-04-27T12:15:00Z,NO2,43.09,15
2026-04-27T12:15:00Z,NO3,91.61,15
2026-04-27T12:15:00Z,NO4,13.73,15
2026-04-27T12:15:00Z,NO5,96.30,15
2026-04-27T12:15:00Z,PL,-0.10,15
2026-04-27T12:15:00Z,PT,-0.49,15
2026-04-27T12:15:00Z,RO,-0.10,15
2026-04-27T12:15:00Z,RS,0.00,15
2026-04-27T12:15:00Z,SE1,3.41,15
2026-04-27T12:15:00Z,SE2,3.33,15
2026-04-27T12:15:00Z,SE3,11.08,15
2026-04-27T12:15:00Z,SE4,13.91,15
2026-04-27T12:15:00Z,SI,-0.10,15
2026-04-27T12:15:00Z,SK,-0.10,15
2026-04-27T12:30:00Z,AT,-0.05,15
2026-04-27T12:30:00Z,BE,-0.05,15
2026-04-27T12:30:00Z,CZ,-0.05,15
2026-04-27T12:30:00Z,DE-LU,-0.05,15
2026-04-27T12:30:00Z,DK1,16.79,15
2026-04-27T12:30:00Z,DK2,14.90,15
2026-04-27T12:30:00Z,EE,3.15,15
2026-04-27T12:30:00Z,ES,-0.50,15
2026-04-27T12:30:00Z,FI,3.15,15
2026-04-27T12:30:00Z,FR,-0.05,15
2026-04-27T12:30:00Z,GR,-0.05,15
2026-04-27T12:30:00Z,HR,-0.05,15
2026-04-27T12:30:00Z,HU,-0.05,15
2026-04-27T12:30:00Z,IT-CNorth,66.51,15
2026-04-27T12:30:00Z,IT-CSouth,66.51,15
2026-04-27T12:30:00Z,IT-North,66.51,15
2026-04-27T12:30:00Z,IT-Sardinia,66.51,15
2026-04-27T12:30:00Z,IT-Sicily,66.51,15
2026-04-27T12:30:00Z,IT-South,66.51,15
2026-04-27T12:30:00Z,LT,3.15,15
2026-04-27T12:30:00Z,LV,3.15,15
2026-04-27T12:30:00Z,NL,-0.05,15
2026-04-27T12:30:00Z,NO1,50.79,15
2026-04-27T12:30:00Z,NO2,43.10,15
2026-04-27T12:30:00Z,NO3,92.23,15
2026-04-27T12:30:00Z,NO4,13.68,15
2026-04-27T12:30:00Z,NO5,96.29,15
2026-04-27T12:30:00Z,PL,-0.05,15
2026-04-27T12:30:00Z,PT,-0.50,15
2026-04-27T12:30:00Z,RO,-0.05,15
2026-04-27T12:30:00Z,RS,0.00,15
2026-04-27T12:30:00Z,SE1,3.26,15
2026-04-27T12:30:00Z,SE2,3.19,15
2026-04-27T12:30:00Z,SE3,11.04,15
2026-04-27T12:30:00Z,SE4,13.90,15
2026-04-27T12:30:00Z,SI,-0.05,15
2026-04-27T12:30:00Z,SK,-0.05,15
2026-04-27T12:45:00Z,AT,0.00,15
2026-04-27T12:45:00Z,BE,0.00,15
2026-04-27T12:45:00Z,CZ,0.00,15
2026-04-27T12:45:00Z,DE-LU,0.00,15
2026-04-27T12:45:00Z,DK1,17.30,15
2026-04-27T12:45:00Z,DK2,15.29,15
2026-04-27T12:45:00Z,EE,2.77,15
2026-04-27T12:45:00Z,ES,-0.50,15
2026-04-27T12:45:00Z,FI,2.78,15
2026-04-27T12:45:00Z,FR,0.00,15
2026-04-27T12:45:00Z,GR,0.00,15
2026-04-27T12:45:00Z,HR,0.00,15
2026-04-27T12:45:00Z,HU,0.00,15
2026-04-27T12:45:00Z,IT-CNorth,100.00,15
2026-04-27T12:45:00Z,IT-CSouth,100.00,15
2026-04-27T12:45:00Z,IT-North,100.00,15
2026-04-27T12:45:00Z,IT-Sardinia,100.00,15
2026-04-27T12:45:00Z,IT-Sicily,100.00,15
2026-04-27T12:45:00Z,IT-South,100.00,15
2026-04-27T12:45:00Z,LT,2.77,15
2026-04-27T12:45:00Z,LV,2.77,15
2026-04-27T12:45:00Z,NL,0.00,15
2026-04-27T12:45:00Z,NO1,51.47,15
2026-04-27T12:45:00Z,NO2,43.40,15
2026-04-27T12:45:00Z,NO3,95.31,15
2026-04-27T12:45:00Z,NO4,13.44,15
2026-04-27T12:45:00Z,NO5,96.28,15
2026-04-27T12:45:00Z,PL,0.00,15
2026-04-27T12:45:00Z,PT,-0.50,15
2026-04-27T12:45:00Z,RO,0.00,15
2026-04-27T12:45:00Z,RS,0.00,15
2026-04-27T12:45:00Z,SE1,2.90,15
2026-04-27T12:45:00Z,SE2,2.89,15
2026-04-27T12:45:00Z,SE3,11.20,15
2026-04-27T12:45:00Z,SE4,14.23,15
2026-04-27T12:45:00Z,SI,0.00,15
2026-04-27T12:45:00Z,SK,0.00,15
2026-04-27T13:00:00Z,AT,-0.01,15
2026-04-27T13:00:00Z,BE,-0.01,15
2026-04-27T13:00:00Z,CH,13.41,60
2026-04-27T13:00:00Z,CZ,-0.01,15
2026-04-27T13:00:00Z,DE-LU,-0.01,15
2026-04-27T13:00:00Z,DK1,16.54,15
2026-04-27T13:00:00Z,DK2,13.88,15
2026-04-27T13:00:00Z,EE,2.71,15
2026-04-27T13:00:00Z,ES,-0.49,15
2026-04-27T13:00:00Z,FI,2.72,15
2026-04-27T13:00:00Z,FR,-0.01,15
2026-04-27T13:00:00Z,GR,-0.01,15
2026-04-27T13:00:00Z,HR,-0.01,15
2026-04-27T13:00:00Z,HU,-0.01,15
2026-04-27T13:00:00Z,IT-CNorth,50.00,15
2026-04-27T13:00:00Z,IT-CSouth,50.00,15
2026-04-27T13:00:00Z,IT-North,50.00,15
2026-04-27T13:00:00Z,IT-Sardinia,50.00,15
2026-04-27T13:00:00Z,IT-Sicily,50.00,15
2026-04-27T13:00:00Z,IT-South,50.00,15
2026-04-27T13:00:00Z,LT,2.71,15
2026-04-27T13:00:00Z,LV,2.71,15
2026-04-27T13:00:00Z,NL,-0.01,15
2026-04-27T13:00:00Z,NO1,50.13,15
2026-04-27T13:00:00Z,NO2,42.58,15
2026-04-27T13:00:00Z,NO3,91.66,15
2026-04-27T13:00:00Z,NO4,14.40,15
2026-04-27T13:00:00Z,NO5,95.33,15
2026-04-27T13:00:00Z,PL,-0.01,15
2026-04-27T13:00:00Z,PT,-0.49,15
2026-04-27T13:00:00Z,RO,-0.01,15
2026-04-27T13:00:00Z,RS,0.00,15
2026-04-27T13:00:00Z,SE1,2.83,15
2026-04-27T13:00:00Z,SE2,2.47,15
2026-04-27T13:00:00Z,SE3,10.00,15
2026-04-27T13:00:00Z,SE4,12.97,15
2026-04-27T13:00:00Z,SI,-0.01,15
2026-04-27T13:00:00Z,SK,-0.01,15
2026-04-27T13:15:00Z,AT,0.00,15
2026-04-27T13:15:00Z,BE,0.00,15
2026-04-27T13:15:00Z,CZ,0.00,15
2026-04-27T13:15:00Z,DE-LU,0.00,15
2026-04-27T13:15:00Z,DK1,16.00,15
2026-04-27T13:15:00Z,DK2,13.51,15
2026-04-27T13:15:00Z,EE,3.16,15
2026-04-27T13:15:00Z,ES,-0.49,15
2026-04-27T13:15:00Z,FI,3.16,15
2026-04-27T13:15:00Z,FR,0.00,15
2026-04-27T13:15:00Z,GR,0.00,15
2026-04-27T13:15:00Z,HR,0.00,15
2026-04-27T13:15:00Z,HU,0.00,15
2026-04-27T13:15:00Z,IT-CNorth,50.13,15
2026-04-27T13:15:00Z,IT-CSouth,50.13,15
2026-04-27T13:15:00Z,IT-North,50.13,15
2026-04-27T13:15:00Z,IT-Sardinia,50.13,15
2026-04-27T13:15:00Z,IT-Sicily,50.13,15
2026-04-27T13:15:00Z,IT-South,50.13,15
2026-04-27T13:15:00Z,LT,3.16,15
2026-04-27T13:15:00Z,LV,3.16,15
2026-04-27T13:15:00Z,NL,0.00,15
2026-04-27T13:15:00Z,NO1,49.32,15
2026-04-27T13:15:00Z,NO2,42.19,15
2026-04-27T13:15:00Z,NO3,87.99,15
2026-04-27T13:15:00Z,NO4,14.45,15
2026-04-27T13:15:00Z,NO5,95.15,15
2026-04-27T13:15:00Z,PL,0.00,15
2026-04-27T13:15:00Z,PT,-0.49,15
2026-04-27T13:15:00Z,RO,0.00,15
2026-04-27T13:15:00Z,RS,0.00,15
2026-04-27T13:15:00Z,SE1,3.26,15
2026-04-27T13:15:00Z,SE2,2.87,15
2026-04-27T13:15:00Z,SE3,9.89,15
2026-04-27T13:15:00Z,SE4,12.65,15
2026-04-27T13:15:00Z,SI,0.00,15
2026-04-27T13:15:00Z,SK,0.00,15
2026-04-27T13:30:00Z,AT,0.01,15
2026-04-27T13:30:00Z,BE,0.00,15
2026-04-27T13:30:00Z,CZ,0.01,15
2026-04-27T13:30:00Z,DE-LU,0.01,15
2026-04-27T13:30:00Z,DK1,16.79,15
2026-04-27T13:30:00Z,DK2,14.38,15
2026-04-27T13:30:00Z,EE,1.93,15
2026-04-27T13:30:00Z,ES,-0.41,15
2026-04-27T13:30:00Z,FI,3.02,15
2026-04-27T13:30:00Z,FR,-0.01,15
2026-04-27T13:30:00Z,GR,0.00,15
2026-04-27T13:30:00Z,HR,0.01,15
2026-04-27T13:30:00Z,HU,0.01,15
2026-04-27T13:30:00Z,IT-CNorth,58.47,15
2026-04-27T13:30:00Z,IT-CSouth,58.47,15
2026-04-27T13:30:00Z,IT-North,58.47,15
2026-04-27T13:30:00Z,IT-Sardinia,58.47,15
2026-04-27T13:30:00Z,IT-Sicily,58.47,15
2026-04-27T13:30:00Z,IT-South,58.47,15
2026-04-27T13:30:00Z,LT,1.93,15
2026-04-27T13:30:00Z,LV,1.93,15
2026-04-27T13:30:00Z,NL,0.01,15
2026-04-27T13:30:00Z,NO1,50.29,15
2026-04-27T13:30:00Z,NO2,42.67,15
2026-04-27T13:30:00Z,NO3,92.23,15
2026-04-27T13:30:00Z,NO4,14.38,15
2026-04-27T13:30:00Z,NO5,95.13,15
2026-04-27T13:30:00Z,PL,0.01,15
2026-04-27T13:30:00Z,PT,-0.41,15
2026-04-27T13:30:00Z,RO,0.01,15
2026-04-27T13:30:00Z,RS,0.00,15
2026-04-27T13:30:00Z,SE1,3.13,15
2026-04-27T13:30:00Z,SE2,2.83,15
2026-04-27T13:30:00Z,SE3,10.46,15
2026-04-27T13:30:00Z,SE4,13.46,15
2026-04-27T13:30:00Z,SI,0.01,15
2026-04-27T13:30:00Z,SK,0.01,15
2026-04-27T13:45:00Z,AT,16.32,15
2026-04-27T13:45:00Z,BE,11.83,15
2026-04-27T13:45:00Z,CZ,18.52,15
2026-04-27T13:45:00Z,DE-LU,20.57,15
2026-04-27T13:45:00Z,DK1,24.41,15
2026-04-27T13:45:00Z,DK2,21.62,15
2026-04-27T13:45:00Z,EE,4.99,15
2026-04-27T13:45:00Z,ES,-0.05,15
2026-04-27T13:45:00Z,FI,3.92,15
2026-04-27T13:45:00Z,FR,-0.01,15
2026-04-27T13:45:00Z,GR,0.00,15
2026-04-27T13:45:00Z,HR,15.82,15
2026-04-27T13:45:00Z,HU,17.14,15
2026-04-27T13:45:00Z,IT-CNorth,66.10,15
2026-04-27T13:45:00Z,IT-CSouth,66.10,15
2026-04-27T13:45:00Z,IT-North,66.10,15
2026-04-27T13:45:00Z,IT-Sardinia,66.10,15
2026-04-27T13:45:00Z,IT-Sicily,66.10,15
2026-04-27T13:45:00Z,IT-South,66.10,15
2026-04-27T13:45:00Z,LT,4.99,15
2026-04-27T13:45:00Z,LV,4.99,15
2026-04-27T13:45:00Z,NL,19.64,15
2026-04-27T13:45:00Z,NO1,64.69,15
2026-04-27T13:45:00Z,NO2,54.99,15
2026-04-27T13:45:00Z,NO3,117.50,15
2026-04-27T13:45:00Z,NO4,14.67,15
2026-04-27T13:45:00Z,NO5,94.89,15
2026-04-27T13:45:00Z,PL,18.86,15
2026-04-27T13:45:00Z,PT,-0.05,15
2026-04-27T13:45:00Z,RO,16.90,15
2026-04-27T13:45:00Z,RS,0.00,15
2026-04-27T13:45:00Z,SE1,4.10,15
2026-04-27T13:45:00Z,SE2,4.40,15
2026-04-27T13:45:00Z,SE3,15.81,15
2026-04-27T13:45:00Z,SE4,20.26,15
2026-04-27T13:45:00Z,SI,15.69,15
2026-04-27T13:45:00Z,SK,17.86,15
2026-04-27T14:00:00Z,AT,20.53,15
2026-04-27T14:00:00Z,BE,13.58,15
2026-04-27T14:00:00Z,CH,75.24,60
2026-04-27T14:00:00Z,CZ,19.90,15
2026-04-27T14:00:00Z,DE-LU,18.66,15
2026-04-27T14:00:00Z,DK1,18.66,15
2026-04-27T14:00:00Z,DK2,18.32,15
2026-04-27T14:00:00Z,EE,2.44,15
2026-04-27T14:00:00Z,ES,-0.11,15
2026-04-27T14:00:00Z,FI,2.45,15
2026-04-27T14:00:00Z,FR,-0.11,15
2026-04-27T14:00:00Z,GR,0.00,15
2026-04-27T14:00:00Z,HR,19.16,15
2026-04-27T14:00:00Z,HU,21.86,15
2026-04-27T14:00:00Z,IT-CNorth,102.63,15
2026-04-27T14:00:00Z,IT-CSouth,102.63,15
2026-04-27T14:00:00Z,IT-North,102.63,15
2026-04-27T14:00:00Z,IT-Sardinia,102.63,15
2026-04-27T14:00:00Z,IT-Sicily,102.63,15
2026-04-27T14:00:00Z,IT-South,102.63,15
2026-04-27T14:00:00Z,LT,2.44,15
2026-04-27T14:00:00Z,LV,2.44,15
2026-04-27T14:00:00Z,NL,16.02,15
2026-04-27T14:00:00Z,NO1,87.98,15
2026-04-27T14:00:00Z,NO2,76.02,15
2026-04-27T14:00:00Z,NO3,128.93,15
2026-04-27T14:00:00Z,NO4,14.83,15
2026-04-27T14:00:00Z,NO5,92.74,15
2026-04-27T14:00:00Z,PL,19.78,15
2026-04-27T14:00:00Z,PT,-0.11,15
2026-04-27T14:00:00Z,RO,5.01,15
2026-04-27T14:00:00Z,RS,50.04,15
2026-04-27T14:00:00Z,SE1,2.62,15
2026-04-27T14:00:00Z,SE2,2.74,15
2026-04-27T14:00:00Z,SE3,13.19,15
2026-04-27T14:00:00Z,SE4,17.19,15
2026-04-27T14:00:00Z,SI,20.23,15
2026-04-27T14:00:00Z,SK,20.60,15
2026-04-27T14:15:00Z,AT,59.45,15
2026-04-27T14:15:00Z,BE,39.18,15
2026-04-27T14:15:00Z,CZ,56.56,15
2026-04-27T14:15:00Z,DE-LU,53.61,15
2026-04-27T14:15:00Z,DK1,53.61,15
2026-04-27T14:15:00Z,DK2,43.66,15
2026-04-27T14:15:00Z,EE,4.20,15
2026-04-27T14:15:00Z,ES,-0.02,15
2026-04-27T14:15:00Z,FI,3.99,15
2026-04-27T14:15:00Z,FR,-0.02,15
2026-04-27T14:15:00Z,GR,0.00,15
2026-04-27T14:15:00Z,HR,60.29,15
2026-04-27T14:15:00Z,HU,58.45,15
2026-04-27T14:15:00Z,IT-CNorth,105.20,15
2026-04-27T14:15:00Z,IT-CSouth,105.20,15
2026-04-27T14:15:00Z,IT-North,105.20,15
2026-04-27T14:15:00Z,IT-Sardinia,105.20,15
2026-04-27T14:15:00Z,IT-Sicily,105.20,15
2026-04-27T14:15:00Z,IT-South,105.20,15
2026-04-27T14:15:00Z,LT,4.20,15
2026-04-27T14:15:00Z,LV,4.20,15
2026-04-27T14:15:00Z,NL,46.11,15
2026-04-27T14:15:00Z,NO1,84.48,15
2026-04-27T14:15:00Z,NO2,80.08,15
2026-04-27T14:15:00Z,NO3,92.23,15
2026-04-27T14:15:00Z,NO4,14.50,15
2026-04-27T14:15:00Z,NO5,90.73,15
2026-04-27T14:15:00Z,PL,56.04,15
2026-04-27T14:15:00Z,PT,-0.02,15
2026-04-27T14:15:00Z,RO,58.78,15
2026-04-27T14:15:00Z,RS,50.04,15
2026-04-27T14:15:00Z,SE1,3.40,15
2026-04-27T14:15:00Z,SE2,3.39,15
2026-04-27T14:15:00Z,SE3,31.80,15
2026-04-27T14:15:00Z,SE4,40.88,15
2026-04-27T14:15:00Z,SI,60.47,15
2026-04-27T14:15:00Z,SK,57.44,15
2026-04-27T14:30:00Z,AT,98.26,15
2026-04-27T14:30:00Z,BE,64.78,15
2026-04-27T14:30:00Z,CZ,93.49,15
2026-04-27T14:30:00Z,DE-LU,88.62,15
2026-04-27T14:30:00Z,DK1,88.62,15
2026-04-27T14:30:00Z,DK2,87.00,15
2026-04-27T14:30:00Z,EE,4.71,15
2026-04-27T14:30:00Z,ES,-0.01,15
2026-04-27T14:30:00Z,FI,4.71,15
2026-04-27T14:30:00Z,FR,-0.01,15
2026-04-27T14:30:00Z,GR,0.01,15
2026-04-27T14:30:00Z,HR,99.65,15
2026-04-27T14:30:00Z,HU,96.60,15
2026-04-27T14:30:00Z,IT-CNorth,113.43,15
2026-04-27T14:30:00Z,IT-CSouth,113.43,15
2026-04-27T14:30:00Z,IT-North,113.43,15
2026-04-27T14:30:00Z,IT-Sardinia,113.43,15
2026-04-27T14:30:00Z,IT-Sicily,113.43,15
2026-04-27T14:30:00Z,IT-South,113.43,15
2026-04-27T14:30:00Z,LT,4.71,15
2026-04-27T14:30:00Z,LV,4.71,15
2026-04-27T14:30:00Z,NL,76.21,15
2026-04-27T14:30:00Z,NO1,92.18,15
2026-04-27T14:30:00Z,NO2,91.74,15
2026-04-27T14:30:00Z,NO3,68.08,15
2026-04-27T14:30:00Z,NO4,15.60,15
2026-04-27T14:30:00Z,NO5,91.96,15
2026-04-27T14:30:00Z,PL,92.63,15
2026-04-27T14:30:00Z,PT,-0.01,15
2026-04-27T14:30:00Z,RO,97.16,15
2026-04-27T14:30:00Z,RS,50.04,15
2026-04-27T14:30:00Z,SE1,4.74,15
2026-04-27T14:30:00Z,SE2,4.50,15
2026-04-27T14:30:00Z,SE3,43.45,15
2026-04-27T14:30:00Z,SE4,54.54,15
2026-04-27T14:30:00Z,SI,99.95,15
2026-04-27T14:30:00Z,SK,94.94,15
2026-04-27T14:45:00Z,AT,126.13,15
2026-04-27T14:45:00Z,BE,83.20,15
2026-04-27T14:45:00Z,CZ,120.02,15
2026-04-27T14:45:00Z,DE-LU,113.77,15
2026-04-27T14:45:00Z,DK1,113.77,15
2026-04-27T14:45:00Z,DK2,111.70,15
2026-04-27T14:45:00Z,EE,4.96,15
2026-04-27T14:45:00Z,ES,0.00,15
2026-04-27T14:45:00Z,FI,4.97,15
2026-04-27T14:45:00Z,FR,0.13,15
2026-04-27T14:45:00Z,GR,66.57,15
2026-04-27T14:45:00Z,HR,127.92,15
2026-04-27T14:45:00Z,HU,124.01,15
2026-04-27T14:45:00Z,IT-CNorth,128.30,15
2026-04-27T14:45:00Z,IT-CSouth,128.30,15
2026-04-27T14:45:00Z,IT-North,128.30,15
2026-04-27T14:45:00Z,IT-Sardinia,128.30,15
2026-04-27T14:45:00Z,IT-Sicily,128.30,15
2026-04-27T14:45:00Z,IT-South,128.30,15
2026-04-27T14:45:00Z,LT,5.00,15
2026-04-27T14:45:00Z,LV,5.00,15
2026-04-27T14:45:00Z,NL,97.87,15
2026-04-27T14:45:00Z,NO1,97.15,15
2026-04-27T14:45:00Z,NO2,97.62,15
2026-04-27T14:45:00Z,NO3,64.82,15
2026-04-27T14:45:00Z,NO4,16.23,15
2026-04-27T14:45:00Z,NO5,97.43,15
2026-04-27T14:45:00Z,PL,118.91,15
2026-04-27T14:45:00Z,PT,0.00,15
2026-04-27T14:45:00Z,RO,124.72,15
2026-04-27T14:45:00Z,RS,50.04,15
2026-04-27T14:45:00Z,SE1,4.99,15
2026-04-27T14:45:00Z,SE2,4.63,15
2026-04-27T14:45:00Z,SE3,46.87,15
2026-04-27T14:45:00Z,SE4,58.92,15
2026-04-27T14:45:00Z,SI,128.30,15
2026-04-27T14:45:00Z,SK,121.88,15
2026-04-27T15:00:00Z,AT,74.05,15
2026-04-27T15:00:00Z,BE,59.61,15
2026-04-27T15:00:00Z,CH,109.82,60
2026-04-27T15:00:00Z,CZ,71.33,15
2026-04-27T15:00:00Z,DE-LU,68.25,15
2026-04-27T15:00:00Z,DK1,68.25,15
2026-04-27T15:00:00Z,DK2,68.23,15
2026-04-27T15:00:00Z,EE,3.80,15
2026-04-27T15:00:00Z,ES,0.00,15
2026-04-27T15:00:00Z,FI,3.81,15
2026-04-27T15:00:00Z,FR,0.00,15
2026-04-27T15:00:00Z,GR,73.26,15
2026-04-27T15:00:00Z,HR,74.49,15
2026-04-27T15:00:00Z,HU,72.96,15
2026-04-27T15:00:00Z,IT-CNorth,110.00,15
2026-04-27T15:00:00Z,IT-CSouth,110.00,15
2026-04-27T15:00:00Z,IT-North,110.00,15
2026-04-27T15:00:00Z,IT-Sardinia,110.00,15
2026-04-27T15:00:00Z,IT-Sicily,110.00,15
2026-04-27T15:00:00Z,IT-South,110.00,15
2026-04-27T15:00:00Z,LT,5.00,15
2026-04-27T15:00:00Z,LV,5.00,15
2026-04-27T15:00:00Z,NL,62.95,15
2026-04-27T15:00:00Z,NO1,101.44,15
2026-04-27T15:00:00Z,NO2,97.87,15
2026-04-27T15:00:00Z,NO3,97.25,15
2026-04-27T15:00:00Z,NO4,14.21,15
2026-04-27T15:00:00Z,NO5,99.43,15
2026-04-27T15:00:00Z,PL,70.92,15
2026-04-27T15:00:00Z,PT,0.00,15
2026-04-27T15:00:00Z,RO,73.26,15
2026-04-27T15:00:00Z,RS,129.34,15
2026-04-27T15:00:00Z,SE1,4.01,15
2026-04-27T15:00:00Z,SE2,4.49,15
2026-04-27T15:00:00Z,SE3,43.76,15
2026-04-27T15:00:00Z,SE4,54.87,15
2026-04-27T15:00:00Z,SI,74.72,15
2026-04-27T15:00:00Z,SK,72.12,15
2026-04-27T15:15:00Z,AT,113.87,15
2026-04-27T15:15:00Z,BE,92.24,15
2026-04-27T15:15:00Z,CZ,109.79,15
2026-04-27T15:15:00Z,DE-LU,105.18,15
2026-04-27T15:15:00Z,DK1,105.18,15
2026-04-27T15:15:00Z,DK2,105.16,15
2026-04-27T15:15:00Z,EE,4.63,15
2026-04-27T15:15:00Z,ES,0.01,15
2026-04-27T15:15:00Z,FI,4.64,15
2026-04-27T15:15:00Z,FR,2.99,15
2026-04-27T15:15:00Z,GR,112.68,15
2026-04-27T15:15:00Z,HR,114.51,15
2026-04-27T15:15:00Z,HU,112.23,15
2026-04-27T15:15:00Z,IT-CNorth,114.86,15
2026-04-27T15:15:00Z,IT-CSouth,114.86,15
2026-04-27T15:15:00Z,IT-North,114.86,15
2026-04-27T15:15:00Z,IT-Sardinia,114.86,15
2026-04-27T15:15:00Z,IT-Sicily,114.86,15
2026-04-27T15:15:00Z,IT-South,114.86,15
2026-04-27T15:15:00Z,LT,7.03,15
2026-04-27T15:15:00Z,LV,7.03,15
2026-04-27T15:15:00Z,NL,97.25,15
2026-04-27T15:15:00Z,NO1,102.68,15
2026-04-27T15:15:00Z,NO2,101.77,15
2026-04-27T15:15:00Z,NO3,77.98,15
2026-04-27T15:15:00Z,NO4,14.37,15
2026-04-27T15:15:00Z,NO5,102.19,15
2026-04-27T15:15:00Z,PL,109.18,15
2026-04-27T15:15:00Z,PT,0.01,15
2026-04-27T15:15:00Z,RO,112.68,15
2026-04-27T15:15:00Z,RS,129.34,15
2026-04-27T15:15:00Z,SE1,4.80,15
2026-04-27T15:15:00Z,SE2,5.00,15
2026-04-27T15:15:00Z,SE3,47.95,15
2026-04-27T15:15:00Z,SE4,60.14,15
2026-04-27T15:15:00Z,SI,114.86,15
2026-04-27T15:15:00Z,SK,110.96,15
2026-04-27T15:30:00Z,AT,133.33,15
2026-04-27T15:30:00Z,BE,108.98,15
2026-04-27T15:30:00Z,CZ,128.75,15
2026-04-27T15:30:00Z,DE-LU,123.55,15
2026-04-27T15:30:00Z,DK1,123.55,15
2026-04-27T15:30:00Z,DK2,123.53,15
2026-04-27T15:30:00Z,EE,4.99,15
2026-04-27T15:30:00Z,ES,0.61,15
2026-04-27T15:30:00Z,FI,4.99,15
2026-04-27T15:30:00Z,FR,8.48,15
2026-04-27T15:30:00Z,GR,132.00,15
2026-04-27T15:30:00Z,HR,134.06,15
2026-04-27T15:30:00Z,HU,131.50,15
2026-04-27T15:30:00Z,IT-CNorth,133.33,15
2026-04-27T15:30:00Z,IT-CSouth,133.33,15
2026-04-27T15:30:00Z,IT-North,133.33,15
2026-04-27T15:30:00Z,IT-Sardinia,133.33,15
2026-04-27T15:30:00Z,IT-Sicily,133.33,15
2026-04-27T15:30:00Z,IT-South,133.33,15
2026-04-27T15:30:00Z,LT,19.99,15
2026-04-27T15:30:00Z,LV,19.99,15
2026-04-27T15:30:00Z,NL,114.62,15
2026-04-27T15:30:00Z,NO1,106.59,15
2026-04-27T15:30:00Z,NO2,106.29,15
2026-04-27T15:30:00Z,NO3,75.87,15
2026-04-27T15:30:00Z,NO4,14.39,15
2026-04-27T15:30:00Z,NO5,106.44,15
2026-04-27T15:30:00Z,PL,128.05,15
2026-04-27T15:30:00Z,PT,0.61,15
2026-04-27T15:30:00Z,RO,132.00,15
2026-04-27T15:30:00Z,RS,129.34,15
2026-04-27T15:30:00Z,SE1,5.15,15
2026-04-27T15:30:00Z,SE2,5.36,15
2026-04-27T15:30:00Z,SE3,50.72,15
2026-04-27T15:30:00Z,SE4,63.58,15
2026-04-27T15:30:00Z,SI,134.45,15
2026-04-27T15:30:00Z,SK,130.07,15
2026-04-27T15:45:00Z,AT,141.50,15
2026-04-27T15:45:00Z,BE,117.25,15
2026-04-27T15:45:00Z,CZ,136.93,15
2026-04-27T15:45:00Z,DE-LU,131.76,15
2026-04-27T15:45:00Z,DK1,131.76,15
2026-04-27T15:45:00Z,DK2,129.81,15
2026-04-27T15:45:00Z,EE,7.08,15
2026-04-27T15:45:00Z,ES,1.00,15
2026-04-27T15:45:00Z,FI,7.08,15
2026-04-27T15:45:00Z,FR,17.20,15
2026-04-27T15:45:00Z,GR,140.17,15
2026-04-27T15:45:00Z,HR,142.22,15
2026-04-27T15:45:00Z,HU,139.67,15
2026-04-27T15:45:00Z,IT-CNorth,140.00,15
2026-04-27T15:45:00Z,IT-CSouth,140.00,15
2026-04-27T15:45:00Z,IT-North,140.00,15
2026-04-27T15:45:00Z,IT-Sardinia,140.00,15
2026-04-27T15:45:00Z,IT-Sicily,140.00,15
2026-04-27T15:45:00Z,IT-South,140.00,15
2026-04-27T15:45:00Z,LT,19.99,15
2026-04-27T15:45:00Z,LV,19.99,15
2026-04-27T15:45:00Z,NL,122.87,15
2026-04-27T15:45:00Z,NO1,108.55,15
2026-04-27T15:45:00Z,NO2,109.67,15
2026-04-27T15:45:00Z,NO3,66.54,15
2026-04-27T15:45:00Z,NO4,14.77,15
2026-04-27T15:45:00Z,NO5,109.22,15
2026-04-27T15:45:00Z,PL,136.24,15
2026-04-27T15:45:00Z,PT,1.00,15
2026-04-27T15:45:00Z,RO,140.17,15
2026-04-27T15:45:00Z,RS,129.34,15
2026-04-27T15:45:00Z,SE1,7.21,15
2026-04-27T15:45:00Z,SE2,7.47,15
2026-04-27T15:45:00Z,SE3,54.64,15
2026-04-27T15:45:00Z,SE4,68.00,15
2026-04-27T15:45:00Z,SI,142.61,15
2026-04-27T15:45:00Z,SK,138.25,15
2026-04-27T16:00:00Z,AT,117.43,15
2026-04-27T16:00:00Z,BE,95.57,15
2026-04-27T16:00:00Z,CH,137.05,60
2026-04-27T16:00:00Z,CZ,113.22,15
2026-04-27T16:00:00Z,DE-LU,109.05,15
2026-04-27T16:00:00Z,DK1,109.05,15
2026-04-27T16:00:00Z,DK2,110.96,15
2026-04-27T16:00:00Z,EE,5.99,15
2026-04-27T16:00:00Z,ES,1.20,15
2026-04-27T16:00:00Z,FI,5.57,15
2026-04-27T16:00:00Z,FR,7.76,15
2026-04-27T16:00:00Z,GR,116.20,15
2026-04-27T16:00:00Z,HR,117.99,15
2026-04-27T16:00:00Z,HU,115.73,15
2026-04-27T16:00:00Z,IT-CNorth,125.00,15
2026-04-27T16:00:00Z,IT-CSouth,125.00,15
2026-04-27T16:00:00Z,IT-North,125.00,15
2026-04-27T16:00:00Z,IT-Sardinia,125.00,15
2026-04-27T16:00:00Z,IT-Sicily,125.00,15
2026-04-27T16:00:00Z,IT-South,125.00,15
2026-04-27T16:00:00Z,LT,19.05,15
2026-04-27T16:00:00Z,LV,19.05,15
2026-04-27T16:00:00Z,NL,100.58,15
2026-04-27T16:00:00Z,NO1,109.27,15
2026-04-27T16:00:00Z,NO2,109.18,15
2026-04-27T16:00:00Z,NO3,76.30,15
2026-04-27T16:00:00Z,NO4,14.82,15
2026-04-27T16:00:00Z,NO5,109.25,15
2026-04-27T16:00:00Z,PL,112.60,15
2026-04-27T16:00:00Z,PT,1.20,15
2026-04-27T16:00:00Z,RO,116.20,15
2026-04-27T16:00:00Z,RS,140.03,15
2026-04-27T16:00:00Z,SE1,4.38,15
2026-04-27T16:00:00Z,SE2,4.50,15
2026-04-27T16:00:00Z,SE3,50.30,15
2026-04-27T16:00:00Z,SE4,63.90,15
2026-04-27T16:00:00Z,SI,118.37,15
2026-04-27T16:00:00Z,SK,114.46,15
2026-04-27T16:15:00Z,AT,132.22,15
2026-04-27T16:15:00Z,BE,110.08,15
2026-04-27T16:15:00Z,CZ,127.96,15
2026-04-27T16:15:00Z,DE-LU,123.74,15
2026-04-27T16:15:00Z,DK1,123.74,15
2026-04-27T16:15:00Z,DK2,123.71,15
2026-04-27T16:15:00Z,EE,16.01,15
2026-04-27T16:15:00Z,ES,3.08,15
2026-04-27T16:15:00Z,FI,13.43,15
2026-04-27T16:15:00Z,FR,21.10,15
2026-04-27T16:15:00Z,GR,130.98,15
2026-04-27T16:15:00Z,HR,132.80,15
2026-04-27T16:15:00Z,HU,130.50,15
2026-04-27T16:15:00Z,IT-CNorth,139.50,15
2026-04-27T16:15:00Z,IT-CSouth,139.50,15
2026-04-27T16:15:00Z,IT-North,139.50,15
2026-04-27T16:15:00Z,IT-Sardinia,139.50,15
2026-04-27T16:15:00Z,IT-Sicily,139.50,15
2026-04-27T16:15:00Z,IT-South,139.50,15
2026-04-27T16:15:00Z,LT,16.01,15
2026-04-27T16:15:00Z,LV,16.01,15
2026-04-27T16:15:00Z,NL,115.15,15
2026-04-27T16:15:00Z,NO1,111.42,15
2026-04-27T16:15:00Z,NO2,113.93,15
2026-04-27T16:15:00Z,NO3,68.43,15
2026-04-27T16:15:00Z,NO4,14.89,15
2026-04-27T16:15:00Z,NO5,109.46,15
2026-04-27T16:15:00Z,PL,127.33,15
2026-04-27T16:15:00Z,PT,3.08,15
2026-04-27T16:15:00Z,RO,130.98,15
2026-04-27T16:15:00Z,RS,140.03,15
2026-04-27T16:15:00Z,SE1,5.43,15
2026-04-27T16:15:00Z,SE2,5.09,15
2026-04-27T16:15:00Z,SE3,48.51,15
2026-04-27T16:15:00Z,SE4,63.47,15
2026-04-27T16:15:00Z,SI,133.18,15
2026-04-27T16:15:00Z,SK,129.21,15
2026-04-27T16:30:00Z,AT,146.94,15
2026-04-27T16:30:00Z,BE,126.70,15
2026-04-27T16:30:00Z,CZ,143.42,15
2026-04-27T16:30:00Z,DE-LU,139.33,15
2026-04-27T16:30:00Z,DK1,139.33,15
2026-04-27T16:30:00Z,DK2,139.31,15
2026-04-27T16:30:00Z,EE,54.13,15
2026-04-27T16:30:00Z,ES,9.94,15
2026-04-27T16:30:00Z,FI,15.01,15
2026-04-27T16:30:00Z,FR,44.63,15
2026-04-27T16:30:00Z,GR,133.47,15
2026-04-27T16:30:00Z,HR,145.60,15
2026-04-27T16:30:00Z,HU,147.07,15
2026-04-27T16:30:00Z,IT-CNorth,147.17,15
2026-04-27T16:30:00Z,IT-CSouth,147.17,15
2026-04-27T16:30:00Z,IT-North,147.17,15
2026-04-27T16:30:00Z,IT-Sardinia,147.17,15
2026-04-27T16:30:00Z,IT-Sicily,147.17,15
2026-04-27T16:30:00Z,IT-South,147.17,15
2026-04-27T16:30:00Z,LT,74.67,15
2026-04-27T16:30:00Z,LV,74.67,15
2026-04-27T16:30:00Z,NL,131.39,15
2026-04-27T16:30:00Z,NO1,114.62,15
2026-04-27T16:30:00Z,NO2,119.53,15
2026-04-27T16:30:00Z,NO3,66.53,15
2026-04-27T16:30:00Z,NO4,14.99,15
2026-04-27T16:30:00Z,NO5,109.61,15
2026-04-27T16:30:00Z,PL,142.96,15
2026-04-27T16:30:00Z,PT,9.94,15
2026-04-27T16:30:00Z,RO,133.47,15
2026-04-27T16:30:00Z,RS,140.03,15
2026-04-27T16:30:00Z,SE1,7.64,15
2026-04-27T16:30:00Z,SE2,7.02,15
2026-04-27T16:30:00Z,SE3,54.22,15
2026-04-27T16:30:00Z,SE4,82.21,15
2026-04-27T16:30:00Z,SI,147.17,15
2026-04-27T16:30:00Z,SK,144.99,15
2026-04-27T16:45:00Z,AT,159.21,15
2026-04-27T16:45:00Z,BE,133.36,15
2026-04-27T16:45:00Z,CZ,147.89,15
2026-04-27T16:45:00Z,DE-LU,147.29,15
2026-04-27T16:45:00Z,DK1,147.29,15
2026-04-27T16:45:00Z,DK2,147.29,15
2026-04-27T16:45:00Z,EE,70.00,15
2026-04-27T16:45:00Z,ES,25.10,15
2026-04-27T16:45:00Z,FI,12.61,15
2026-04-27T16:45:00Z,FR,40.30,15
2026-04-27T16:45:00Z,GR,127.78,15
2026-04-27T16:45:00Z,HR,170.68,15
2026-04-27T16:45:00Z,HU,253.84,15
2026-04-27T16:45:00Z,IT-CNorth,160.75,15
2026-04-27T16:45:00Z,IT-CSouth,160.75,15
2026-04-27T16:45:00Z,IT-North,160.75,15
2026-04-27T16:45:00Z,IT-Sardinia,160.75,15
2026-04-27T16:45:00Z,IT-Sicily,160.75,15
2026-04-27T16:45:00Z,IT-South,160.75,15
2026-04-27T16:45:00Z,LT,119.40,15
2026-04-27T16:45:00Z,LV,119.40,15
2026-04-27T16:45:00Z,NL,138.54,15
2026-04-27T16:45:00Z,NO1,116.25,15
2026-04-27T16:45:00Z,NO2,122.60,15
2026-04-27T16:45:00Z,NO3,64.84,15
2026-04-27T16:45:00Z,NO4,15.91,15
2026-04-27T16:45:00Z,NO5,109.77,15
2026-04-27T16:45:00Z,PL,150.99,15
2026-04-27T16:45:00Z,PT,25.10,15
2026-04-27T16:45:00Z,RO,127.78,15
2026-04-27T16:45:00Z,RS,140.03,15
2026-04-27T16:45:00Z,SE1,12.63,15
2026-04-27T16:45:00Z,SE2,11.85,15
2026-04-27T16:45:00Z,SE3,67.33,15
2026-04-27T16:45:00Z,SE4,120.01,15
2026-04-27T16:45:00Z,SI,168.94,15
2026-04-27T16:45:00Z,SK,140.43,15
2026-04-27T17:00:00Z,AT,114.89,15
2026-04-27T17:00:00Z,BE,112.97,15
2026-04-27T17:00:00Z,CH,138.03,60
2026-04-27T17:00:00Z,CZ,121.64,15
2026-04-27T17:00:00Z,DE-LU,132.91,15
2026-04-27T17:00:00Z,DK1,132.91,15
2026-04-27T17:00:00Z,DK2,132.90,15
2026-04-27T17:00:00Z,EE,10.73,15
2026-04-27T17:00:00Z,ES,40.02,15
2026-04-27T17:00:00Z,FI,10.00,15
2026-04-27T17:00:00Z,FR,40.02,15
2026-04-27T17:00:00Z,GR,120.92,15
2026-04-27T17:00:00Z,HR,123.48,15
2026-04-27T17:00:00Z,HU,169.83,15
2026-04-27T17:00:00Z,IT-CNorth,142.25,15
2026-04-27T17:00:00Z,IT-CSouth,142.25,15
2026-04-27T17:00:00Z,IT-North,142.25,15
2026-04-27T17:00:00Z,IT-Sardinia,142.25,15
2026-04-27T17:00:00Z,IT-Sicily,142.25,15
2026-04-27T17:00:00Z,IT-South,142.25,15
2026-04-27T17:00:00Z,LT,27.46,15
2026-04-27T17:00:00Z,LV,27.46,15
2026-04-27T17:00:00Z,NL,132.91,15
2026-04-27T17:00:00Z,NO1,120.00,15
2026-04-27T17:00:00Z,NO2,128.65,15
2026-04-27T17:00:00Z,NO3,66.51,15
2026-04-27T17:00:00Z,NO4,16.19,15
2026-04-27T17:00:00Z,NO5,109.30,15
2026-04-27T17:00:00Z,PL,125.07,15
2026-04-27T17:00:00Z,PT,40.02,15
2026-04-27T17:00:00Z,RO,120.92,15
2026-04-27T17:00:00Z,RS,153.63,15
2026-04-27T17:00:00Z,SE1,7.80,15
2026-04-27T17:00:00Z,SE2,6.55,15
2026-04-27T17:00:00Z,SE3,63.36,15
2026-04-27T17:00:00Z,SE4,111.69,15
2026-04-27T17:00:00Z,SI,119.06,15
2026-04-27T17:00:00Z,SK,112.90,15
2026-04-27T17:15:00Z,AT,136.98,15
2026-04-27T17:15:00Z,BE,130.09,15
2026-04-27T17:15:00Z,CZ,142.12,15
2026-04-27T17:15:00Z,DE-LU,156.54,15
2026-04-27T17:15:00Z,DK1,156.54,15
2026-04-27T17:15:00Z,DK2,156.54,15
2026-04-27T17:15:00Z,EE,9.37,15
2026-04-27T17:15:00Z,ES,50.00,15
2026-04-27T17:15:00Z,FI,9.38,15
2026-04-27T17:15:00Z,FR,50.00,15
2026-04-27T17:15:00Z,GR,114.28,15
2026-04-27T17:15:00Z,HR,149.18,15
2026-04-27T17:15:00Z,HU,246.14,15
2026-04-27T17:15:00Z,IT-CNorth,157.22,15
2026-04-27T17:15:00Z,IT-CSouth,157.22,15
2026-04-27T17:15:00Z,IT-North,157.22,15
2026-04-27T17:15:00Z,IT-Sardinia,157.22,15
2026-04-27T17:15:00Z,IT-Sicily,157.22,15
2026-04-27T17:15:00Z,IT-South,157.22,15
2026-04-27T17:15:00Z,LT,116.80,15
2026-04-27T17:15:00Z,LV,116.80,15
2026-04-27T17:15:00Z,NL,156.54,15
2026-04-27T17:15:00Z,NO1,133.86,15
2026-04-27T17:15:00Z,NO2,151.50,15
2026-04-27T17:15:00Z,NO3,66.51,15
2026-04-27T17:15:00Z,NO4,16.23,15
2026-04-27T17:15:00Z,NO5,109.38,15
2026-04-27T17:15:00Z,PL,147.86,15
2026-04-27T17:15:00Z,PT,50.00,15
2026-04-27T17:15:00Z,RO,114.28,15
2026-04-27T17:15:00Z,RS,153.63,15
2026-04-27T17:15:00Z,SE1,9.44,15
2026-04-27T17:15:00Z,SE2,8.02,15
2026-04-27T17:15:00Z,SE3,75.95,15
2026-04-27T17:15:00Z,SE4,140.24,15
2026-04-27T17:15:00Z,SI,144.86,15
2026-04-27T17:15:00Z,SK,128.30,15
2026-04-27T17:30:00Z,AT,157.40,15
2026-04-27T17:30:00Z,BE,162.66,15
2026-04-27T17:30:00Z,CZ,162.00,15
2026-04-27T17:30:00Z,DE-LU,175.42,15
2026-04-27T17:30:00Z,DK1,175.42,15
2026-04-27T17:30:00Z,DK2,175.41,15
2026-04-27T17:30:00Z,EE,10.13,15
2026-04-27T17:30:00Z,ES,78.04,15
2026-04-27T17:30:00Z,FI,10.14,15
2026-04-27T17:30:00Z,FR,78.04,15
2026-04-27T17:30:00Z,GR,112.00,15
2026-04-27T17:30:00Z,HR,166.65,15
2026-04-27T17:30:00Z,HU,272.60,15
2026-04-27T17:30:00Z,IT-CNorth,163.75,15
2026-04-27T17:30:00Z,IT-CSouth,163.75,15
2026-04-27T17:30:00Z,IT-North,163.75,15
2026-04-27T17:30:00Z,IT-Sardinia,163.75,15
2026-04-27T17:30:00Z,IT-Sicily,163.75,15
2026-04-27T17:30:00Z,IT-South,163.75,15
2026-04-27T17:30:00Z,LT,153.41,15
2026-04-27T17:30:00Z,LV,153.41,15
2026-04-27T17:30:00Z,NL,175.42,15
2026-04-27T17:30:00Z,NO1,144.81,15
2026-04-27T17:30:00Z,NO2,169.73,15
2026-04-27T17:30:00Z,NO3,65.60,15
2026-04-27T17:30:00Z,NO4,16.69,15
2026-04-27T17:30:00Z,NO5,109.46,15
2026-04-27T17:30:00Z,PL,168.03,15
2026-04-27T17:30:00Z,PT,78.04,15
2026-04-27T17:30:00Z,RO,112.00,15
2026-04-27T17:30:00Z,RS,153.63,15
2026-04-27T17:30:00Z,SE1,10.18,15
2026-04-27T17:30:00Z,SE2,8.66,15
2026-04-27T17:30:00Z,SE3,83.61,15
2026-04-27T17:30:00Z,SE4,154.55,15
2026-04-27T17:30:00Z,SI,164.73,15
2026-04-27T17:30:00Z,SK,148.90,15
2026-04-27T17:45:00Z,AT,200.00,15
2026-04-27T17:45:00Z,BE,227.73,15
2026-04-27T17:45:00Z,CZ,203.37,15
2026-04-27T17:45:00Z,DE-LU,224.33,15
2026-04-27T17:45:00Z,DK1,224.33,15
2026-04-27T17:45:00Z,DK2,224.32,15
2026-04-27T17:45:00Z,EE,9.99,15
2026-04-27T17:45:00Z,ES,87.34,15
2026-04-27T17:45:00Z,FI,10.00,15
2026-04-27T17:45:00Z,FR,87.34,15
2026-04-27T17:45:00Z,GR,112.66,15
2026-04-27T17:45:00Z,HR,217.21,15
2026-04-27T17:45:00Z,HU,411.67,15
2026-04-27T17:45:00Z,IT-CNorth,188.74,15
2026-04-27T17:45:00Z,IT-CSouth,188.74,15
2026-04-27T17:45:00Z,IT-North,188.74,15
2026-04-27T17:45:00Z,IT-Sardinia,188.74,15
2026-04-27T17:45:00Z,IT-Sicily,188.74,15
2026-04-27T17:45:00Z,IT-South,188.74,15
2026-04-27T17:45:00Z,LT,187.32,15
2026-04-27T17:45:00Z,LV,187.32,15
2026-04-27T17:45:00Z,NL,234.42,15
2026-04-27T17:45:00Z,NO1,174.47,15
2026-04-27T17:45:00Z,NO2,217.03,15
2026-04-27T17:45:00Z,NO3,75.81,15
2026-04-27T17:45:00Z,NO4,17.79,15
2026-04-27T17:45:00Z,NO5,109.43,15
2026-04-27T17:45:00Z,PL,213.87,15
2026-04-27T17:45:00Z,PT,87.34,15
2026-04-27T17:45:00Z,RO,112.66,15
2026-04-27T17:45:00Z,RS,153.63,15
2026-04-27T17:45:00Z,SE1,10.05,15
2026-04-27T17:45:00Z,SE2,8.24,15
2026-04-27T17:45:00Z,SE3,100.87,15
2026-04-27T17:45:00Z,SE4,188.68,15
2026-04-27T17:45:00Z,SI,214.34,15
2026-04-27T17:45:00Z,SK,180.51,15
2026-04-27T18:00:00Z,AT,182.25,15
2026-04-27T18:00:00Z,BE,207.57,15
2026-04-27T18:00:00Z,CH,135.05,60
2026-04-27T18:00:00Z,CZ,206.54,15
2026-04-27T18:00:00Z,DE-LU,217.55,15
2026-04-27T18:00:00Z,DK1,217.55,15
2026-04-27T18:00:00Z,DK2,217.55,15
2026-04-27T18:00:00Z,EE,155.67,15
2026-04-27T18:00:00Z,ES,78.04,15
2026-04-27T18:00:00Z,FI,11.76,15
2026-04-27T18:00:00Z,FR,78.04,15
2026-04-27T18:00:00Z,GR,221.32,15
2026-04-27T18:00:00Z,HR,179.19,15
2026-04-27T18:00:00Z,HU,302.17,15
2026-04-27T18:00:00Z,IT-CNorth,173.82,15
2026-04-27T18:00:00Z,IT-CSouth,173.82,15
2026-04-27T18:00:00Z,IT-North,173.82,15
2026-04-27T18:00:00Z,IT-Sardinia,173.82,15
2026-04-27T18:00:00Z,IT-Sicily,173.82,15
2026-04-27T18:00:00Z,IT-South,173.82,15
2026-04-27T18:00:00Z,LT,155.67,15
2026-04-27T18:00:00Z,LV,155.67,15
2026-04-27T18:00:00Z,NL,149.51,15
2026-04-27T18:00:00Z,NO1,142.51,15
2026-04-27T18:00:00Z,NO2,165.10,15
2026-04-27T18:00:00Z,NO3,70.00,15
2026-04-27T18:00:00Z,NO4,17.05,15
2026-04-27T18:00:00Z,NO5,109.58,15
2026-04-27T18:00:00Z,PL,216.13,15
2026-04-27T18:00:00Z,PT,78.04,15
2026-04-27T18:00:00Z,RO,221.32,15
2026-04-27T18:00:00Z,RS,185.00,15
2026-04-27T18:00:00Z,SE1,11.80,15
2026-04-27T18:00:00Z,SE2,10.33,15
2026-04-27T18:00:00Z,SE3,84.79,15
2026-04-27T18:00:00Z,SE4,155.72,15
2026-04-27T18:00:00Z,SI,173.82,15
2026-04-27T18:00:00Z,SK,211.02,15
2026-04-27T18:15:00Z,AT,173.11,15
2026-04-27T18:15:00Z,BE,200.59,15
2026-04-27T18:15:00Z,CZ,195.27,15
2026-04-27T18:15:00Z,DE-LU,205.14,15
2026-04-27T18:15:00Z,DK1,205.14,15
2026-04-27T18:15:00Z,DK2,205.13,15
2026-04-27T18:15:00Z,EE,160.00,15
2026-04-27T18:15:00Z,ES,84.20,15
2026-04-27T18:15:00Z,FI,11.58,15
2026-04-27T18:15:00Z,FR,84.20,15
2026-04-27T18:15:00Z,GR,205.56,15
2026-04-27T18:15:00Z,HR,176.34,15
2026-04-27T18:15:00Z,HU,262.00,15
2026-04-27T18:15:00Z,IT-CNorth,173.11,15
2026-04-27T18:15:00Z,IT-CSouth,173.11,15
2026-04-27T18:15:00Z,IT-North,173.11,15
2026-04-27T18:15:00Z,IT-Sardinia,173.11,15
2026-04-27T18:15:00Z,IT-Sicily,173.11,15
2026-04-27T18:15:00Z,IT-South,173.11,15
2026-04-27T18:15:00Z,LT,160.00,15
2026-04-27T18:15:00Z,LV,160.00,15
2026-04-27T18:15:00Z,NL,168.74,15
2026-04-27T18:15:00Z,NO1,148.56,15
2026-04-27T18:15:00Z,NO2,174.48,15
2026-04-27T18:15:00Z,NO3,73.34,15
2026-04-27T18:15:00Z,NO4,16.82,15
2026-04-27T18:15:00Z,NO5,109.58,15
2026-04-27T18:15:00Z,PL,202.55,15
2026-04-27T18:15:00Z,PT,84.20,15
2026-04-27T18:15:00Z,RO,205.56,15
2026-04-27T18:15:00Z,RS,185.00,15
2026-04-27T18:15:00Z,SE1,11.62,15
2026-04-27T18:15:00Z,SE2,10.26,15
2026-04-27T18:15:00Z,SE3,87.16,15
2026-04-27T18:15:00Z,SE4,160.41,15
2026-04-27T18:15:00Z,SI,173.11,15
2026-04-27T18:15:00Z,SK,198.29,15
2026-04-27T18:30:00Z,AT,148.22,15
2026-04-27T18:30:00Z,BE,180.00,15
2026-04-27T18:30:00Z,CZ,176.57,15
2026-04-27T18:30:00Z,DE-LU,179.38,15
2026-04-27T18:30:00Z,DK1,179.38,15
2026-04-27T18:30:00Z,DK2,179.38,15
2026-04-27T18:30:00Z,EE,10.07,15
2026-04-27T18:30:00Z,ES,88.84,15
2026-04-27T18:30:00Z,FI,10.08,15
2026-04-27T18:30:00Z,FR,65.99,15
2026-04-27T18:30:00Z,GR,135.35,15
2026-04-27T18:30:00Z,HR,172.74,15
2026-04-27T18:30:00Z,HU,220.50,15
2026-04-27T18:30:00Z,IT-CNorth,172.44,15
2026-04-27T18:30:00Z,IT-CSouth,172.44,15
2026-04-27T18:30:00Z,IT-North,172.44,15
2026-04-27T18:30:00Z,IT-Sardinia,172.44,15
2026-04-27T18:30:00Z,IT-Sicily,172.44,15
2026-04-27T18:30:00Z,IT-South,172.44,15
2026-04-27T18:30:00Z,LT,156.16,15
2026-04-27T18:30:00Z,LV,156.16,15
2026-04-27T18:30:00Z,NL,167.89,15
2026-04-27T18:30:00Z,NO1,147.55,15
2026-04-27T18:30:00Z,NO2,173.58,15
2026-04-27T18:30:00Z,NO3,68.72,15
2026-04-27T18:30:00Z,NO4,16.22,15
2026-04-27T18:30:00Z,NO5,109.60,15
2026-04-27T18:30:00Z,PL,197.32,15
2026-04-27T18:30:00Z,PT,88.84,15
2026-04-27T18:30:00Z,RO,188.96,15
2026-04-27T18:30:00Z,RS,185.00,15
2026-04-27T18:30:00Z,SE1,10.12,15
2026-04-27T18:30:00Z,SE2,8.69,15
2026-04-27T18:30:00Z,SE3,85.06,15
2026-04-27T18:30:00Z,SE4,157.23,15
2026-04-27T18:30:00Z,SI,172.44,15
2026-04-27T18:30:00Z,SK,185.95,15
2026-04-27T18:45:00Z,AT,124.57,15
2026-04-27T18:45:00Z,BE,151.74,15
2026-04-27T18:45:00Z,CZ,142.75,15
2026-04-27T18:45:00Z,DE-LU,150.40,15
2026-04-27T18:45:00Z,DK1,150.40,15
2026-04-27T18:45:00Z,DK2,150.40,15
2026-04-27T18:45:00Z,EE,10.46,15
2026-04-27T18:45:00Z,ES,94.64,15
2026-04-27T18:45:00Z,FI,10.46,15
2026-04-27T18:45:00Z,FR,62.22,15
2026-04-27T18:45:00Z,GR,133.65,15
2026-04-27T18:45:00Z,HR,137.32,15
2026-04-27T18:45:00Z,HU,160.90,15
2026-04-27T18:45:00Z,IT-CNorth,171.06,15
2026-04-27T18:45:00Z,IT-CSouth,171.06,15
2026-04-27T18:45:00Z,IT-North,171.06,15
2026-04-27T18:45:00Z,IT-Sardinia,171.06,15
2026-04-27T18:45:00Z,IT-Sicily,171.06,15
2026-04-27T18:45:00Z,IT-South,171.06,15
2026-04-27T18:45:00Z,LT,116.80,15
2026-04-27T18:45:00Z,LV,116.80,15
2026-04-27T18:45:00Z,NL,149.05,15
2026-04-27T18:45:00Z,NO1,130.56,15
2026-04-27T18:45:00Z,NO2,145.58,15
2026-04-27T18:45:00Z,NO3,67.70,15
2026-04-27T18:45:00Z,NO4,14.75,15
2026-04-27T18:45:00Z,NO5,109.71,15
2026-04-27T18:45:00Z,PL,146.27,15
2026-04-27T18:45:00Z,PT,94.64,15
2026-04-27T18:45:00Z,RO,145.22,15
2026-04-27T18:45:00Z,RS,185.00,15
2026-04-27T18:45:00Z,SE1,10.49,15
2026-04-27T18:45:00Z,SE2,9.50,15
2026-04-27T18:45:00Z,SE3,74.68,15
2026-04-27T18:45:00Z,SE4,136.71,15
2026-04-27T18:45:00Z,SI,137.51,15
2026-04-27T18:45:00Z,SK,143.27,15
2026-04-27T19:00:00Z,AT,178.16,15
2026-04-27T19:00:00Z,BE,193.06,15
2026-04-27T19:00:00Z,CH,140.55,60
2026-04-27T19:00:00Z,CZ,185.47,15
2026-04-27T19:00:00Z,DE-LU,193.94,15
2026-04-27T19:00:00Z,DK1,193.94,15
2026-04-27T19:00:00Z,DK2,193.94,15
2026-04-27T19:00:00Z,EE,10.68,15
2026-04-27T19:00:00Z,ES,96.00,15
2026-04-27T19:00:00Z,FI,10.69,15
2026-04-27T19:00:00Z,FR,92.12,15
2026-04-27T19:00:00Z,GR,133.42,15
2026-04-27T19:00:00Z,HR,182.12,15
2026-04-27T19:00:00Z,HU,195.00,15
2026-04-27T19:00:00Z,IT-CNorth,179.23,15
2026-04-27T19:00:00Z,IT-CSouth,179.23,15
2026-04-27T19:00:00Z,IT-North,179.23,15
2026-04-27T19:00:00Z,IT-Sardinia,179.23,15
2026-04-27T19:00:00Z,IT-Sicily,179.23,15
2026-04-27T19:00:00Z,IT-South,179.23,15
2026-04-27T19:00:00Z,LT,166.68,15
2026-04-27T19:00:00Z,LV,166.68,15
2026-04-27T19:00:00Z,NL,197.78,15
2026-04-27T19:00:00Z,NO1,156.86,15
2026-04-27T19:00:00Z,NO2,187.69,15
2026-04-27T19:00:00Z,NO3,71.75,15
2026-04-27T19:00:00Z,NO4,17.43,15
2026-04-27T19:00:00Z,NO5,112.68,15
2026-04-27T19:00:00Z,PL,187.27,15
2026-04-27T19:00:00Z,PT,96.00,15
2026-04-27T19:00:00Z,RO,191.22,15
2026-04-27T19:00:00Z,RS,131.00,15
2026-04-27T19:00:00Z,SE1,10.72,15
2026-04-27T19:00:00Z,SE2,9.17,15
2026-04-27T19:00:00Z,SE3,91.01,15
2026-04-27T19:00:00Z,SE4,167.87,15
2026-04-27T19:00:00Z,SI,179.23,15
2026-04-27T19:00:00Z,SK,181.20,15
2026-04-27T19:15:00Z,AT,151.90,15
2026-04-27T19:15:00Z,BE,145.00,15
2026-04-27T19:15:00Z,CZ,147.92,15
2026-04-27T19:15:00Z,DE-LU,150.90,15
2026-04-27T19:15:00Z,DK1,150.90,15
2026-04-27T19:15:00Z,DK2,150.90,15
2026-04-27T19:15:00Z,EE,9.99,15
2026-04-27T19:15:00Z,ES,100.00,15
2026-04-27T19:15:00Z,FI,10.00,15
2026-04-27T19:15:00Z,FR,77.69,15
2026-04-27T19:15:00Z,GR,135.88,15
2026-04-27T19:15:00Z,HR,164.89,15
2026-04-27T19:15:00Z,HU,191.99,15
2026-04-27T19:15:00Z,IT-CNorth,162.79,15
2026-04-27T19:15:00Z,IT-CSouth,162.79,15
2026-04-27T19:15:00Z,IT-North,162.79,15
2026-04-27T19:15:00Z,IT-Sardinia,162.79,15
2026-04-27T19:15:00Z,IT-Sicily,162.79,15
2026-04-27T19:15:00Z,IT-South,162.79,15
2026-04-27T19:15:00Z,LT,138.92,15
2026-04-27T19:15:00Z,LV,138.92,15
2026-04-27T19:15:00Z,NL,148.40,15
2026-04-27T19:15:00Z,NO1,131.43,15
2026-04-27T19:15:00Z,NO2,146.08,15
2026-04-27T19:15:00Z,NO3,68.79,15
2026-04-27T19:15:00Z,NO4,17.07,15
2026-04-27T19:15:00Z,NO5,112.26,15
2026-04-27T19:15:00Z,PL,149.34,15
2026-04-27T19:15:00Z,PT,100.00,15
2026-04-27T19:15:00Z,RO,182.98,15
2026-04-27T19:15:00Z,RS,131.00,15
2026-04-27T19:15:00Z,SE1,10.00,15
2026-04-27T19:15:00Z,SE2,9.50,15
2026-04-27T19:15:00Z,SE3,76.08,15
2026-04-27T19:15:00Z,SE4,139.44,15
2026-04-27T19:15:00Z,SI,158.70,15
2026-04-27T19:15:00Z,SK,141.56,15
2026-04-27T19:30:00Z,AT,130.16,15
2026-04-27T19:30:00Z,BE,124.64,15
2026-04-27T19:30:00Z,CZ,122.13,15
2026-04-27T19:30:00Z,DE-LU,129.00,15
2026-04-27T19:30:00Z,DK1,129.00,15
2026-04-27T19:30:00Z,DK2,128.99,15
2026-04-27T19:30:00Z,EE,9.99,15
2026-04-27T19:30:00Z,ES,97.99,15
2026-04-27T19:30:00Z,FI,9.99,15
2026-04-27T19:30:00Z,FR,56.93,15
2026-04-27T19:30:00Z,GR,195.88,15
2026-04-27T19:30:00Z,HR,157.35,15
2026-04-27T19:30:00Z,HU,215.01,15
2026-04-27T19:30:00Z,IT-CNorth,158.68,15
2026-04-27T19:30:00Z,IT-CSouth,158.68,15
2026-04-27T19:30:00Z,IT-North,158.68,15
2026-04-27T19:30:00Z,IT-Sardinia,158.68,15
2026-04-27T19:30:00Z,IT-Sicily,158.68,15
2026-04-27T19:30:00Z,IT-South,158.68,15
2026-04-27T19:30:00Z,LT,111.00,15
2026-04-27T19:30:00Z,LV,111.00,15
2026-04-27T19:30:00Z,NL,127.85,15
2026-04-27T19:30:00Z,NO1,118.40,15
2026-04-27T19:30:00Z,NO2,124.90,15
2026-04-27T19:30:00Z,NO3,66.59,15
2026-04-27T19:30:00Z,NO4,16.86,15
2026-04-27T19:30:00Z,NO5,111.99,15
2026-04-27T19:30:00Z,PL,125.19,15
2026-04-27T19:30:00Z,PT,97.99,15
2026-04-27T19:30:00Z,RO,195.88,15
2026-04-27T19:30:00Z,RS,131.00,15
2026-04-27T19:30:00Z,SE1,9.99,15
2026-04-27T19:30:00Z,SE2,10.51,15
2026-04-27T19:30:00Z,SE3,67.63,15
2026-04-27T19:30:00Z,SE4,113.40,15
2026-04-27T19:30:00Z,SI,144.19,15
2026-04-27T19:30:00Z,SK,108.51,15
2026-04-27T19:45:00Z,AT,124.70,15
2026-04-27T19:45:00Z,BE,109.92,15
2026-04-27T19:45:00Z,CZ,119.42,15
2026-04-27T19:45:00Z,DE-LU,120.00,15
2026-04-27T19:45:00Z,DK1,120.00,15
2026-04-27T19:45:00Z,DK2,119.98,15
2026-04-27T19:45:00Z,EE,8.26,15
2026-04-27T19:45:00Z,ES,94.64,15
2026-04-27T19:45:00Z,FI,8.26,15
2026-04-27T19:45:00Z,FR,24.26,15
2026-04-27T19:45:00Z,GR,149.84,15
2026-04-27T19:45:00Z,HR,135.68,15
2026-04-27T19:45:00Z,HU,157.08,15
2026-04-27T19:45:00Z,IT-CNorth,162.79,15
2026-04-27T19:45:00Z,IT-CSouth,162.79,15
2026-04-27T19:45:00Z,IT-North,162.79,15
2026-04-27T19:45:00Z,IT-Sardinia,162.79,15
2026-04-27T19:45:00Z,IT-Sicily,162.79,15
2026-04-27T19:45:00Z,IT-South,162.79,15
2026-04-27T19:45:00Z,LT,35.66,15
2026-04-27T19:45:00Z,LV,35.66,15
2026-04-27T19:45:00Z,NL,114.45,15
2026-04-27T19:45:00Z,NO1,113.19,15
2026-04-27T19:45:00Z,NO2,116.51,15
2026-04-27T19:45:00Z,NO3,66.60,15
2026-04-27T19:45:00Z,NO4,16.35,15
2026-04-27T19:45:00Z,NO5,111.59,15
2026-04-27T19:45:00Z,PL,120.27,15
2026-04-27T19:45:00Z,PT,94.64,15
2026-04-27T19:45:00Z,RO,149.84,15
2026-04-27T19:45:00Z,RS,131.00,15
2026-04-27T19:45:00Z,SE1,8.24,15
2026-04-27T19:45:00Z,SE2,11.03,15
2026-04-27T19:45:00Z,SE3,61.83,15
2026-04-27T19:45:00Z,SE4,77.06,15
2026-04-27T19:45:00Z,SI,130.77,15
2026-04-27T19:45:00Z,SK,114.71,15
2026-04-27T20:00:00Z,AT,143.42,15
2026-04-27T20:00:00Z,BE,129.47,15
2026-04-27T20:00:00Z,CH,120.10,60
2026-04-27T20:00:00Z,CZ,140.80,15
2026-04-27T20:00:00Z,DE-LU,138.37,15
2026-04-27T20:00:00Z,DK1,138.37,15
2026-04-27T20:00:00Z,DK2,138.37,15
2026-04-27T20:00:00Z,EE,9.99,15
2026-04-27T20:00:00Z,ES,88.84,15
2026-04-27T20:00:00Z,FI,10.00,15
2026-04-27T20:00:00Z,FR,69.98,15
2026-04-27T20:00:00Z,GR,142.69,15
2026-04-27T20:00:00Z,HR,143.79,15
2026-04-27T20:00:00Z,HU,142.39,15
2026-04-27T20:00:00Z,IT-CNorth,162.79,15
2026-04-27T20:00:00Z,IT-CSouth,162.79,15
2026-04-27T20:00:00Z,IT-North,162.79,15
2026-04-27T20:00:00Z,IT-Sardinia,162.79,15
2026-04-27T20:00:00Z,IT-Sicily,162.79,15
2026-04-27T20:00:00Z,IT-South,162.79,15
2026-04-27T20:00:00Z,LT,140.42,15
2026-04-27T20:00:00Z,LV,140.42,15
2026-04-27T20:00:00Z,NL,132.93,15
2026-04-27T20:00:00Z,NO1,125.02,15
2026-04-27T20:00:00Z,NO2,133.65,15
2026-04-27T20:00:00Z,NO3,76.00,15
2026-04-27T20:00:00Z,NO4,14.48,15
2026-04-27T20:00:00Z,NO5,112.86,15
2026-04-27T20:00:00Z,PL,140.42,15
2026-04-27T20:00:00Z,PT,88.84,15
2026-04-27T20:00:00Z,RO,142.69,15
2026-04-27T20:00:00Z,RS,110.01,15
2026-04-27T20:00:00Z,SE1,10.01,15
2026-04-27T20:00:00Z,SE2,10.06,15
2026-04-27T20:00:00Z,SE3,71.75,15
2026-04-27T20:00:00Z,SE4,130.09,15
2026-04-27T20:00:00Z,SI,144.08,15
2026-04-27T20:00:00Z,SK,141.54,15
2026-04-27T20:15:00Z,AT,136.16,15
2026-04-27T20:15:00Z,BE,119.17,15
2026-04-27T20:15:00Z,CZ,132.99,15
2026-04-27T20:15:00Z,DE-LU,130.02,15
2026-04-27T20:15:00Z,DK1,130.02,15
2026-04-27T20:15:00Z,DK2,130.02,15
2026-04-27T20:15:00Z,EE,8.86,15
2026-04-27T20:15:00Z,ES,86.89,15
2026-04-27T20:15:00Z,FI,8.87,15
2026-04-27T20:15:00Z,FR,46.69,15
2026-04-27T20:15:00Z,GR,134.60,15
2026-04-27T20:15:00Z,HR,136.49,15
2026-04-27T20:15:00Z,HU,135.00,15
2026-04-27T20:15:00Z,IT-CNorth,162.79,15
2026-04-27T20:15:00Z,IT-CSouth,162.79,15
2026-04-27T20:15:00Z,IT-North,162.79,15
2026-04-27T20:15:00Z,IT-Sardinia,162.79,15
2026-04-27T20:15:00Z,IT-Sicily,162.79,15
2026-04-27T20:15:00Z,IT-South,162.79,15
2026-04-27T20:15:00Z,LT,123.46,15
2026-04-27T20:15:00Z,LV,123.46,15
2026-04-27T20:15:00Z,NL,123.38,15
2026-04-27T20:15:00Z,NO1,120.00,15
2026-04-27T20:15:00Z,NO2,125.90,15
2026-04-27T20:15:00Z,NO3,75.75,15
2026-04-27T20:15:00Z,NO4,13.82,15
2026-04-27T20:15:00Z,NO5,111.75,15
2026-04-27T20:15:00Z,PL,132.53,15
2026-04-27T20:15:00Z,PT,86.89,15
2026-04-27T20:15:00Z,RO,134.60,15
2026-04-27T20:15:00Z,RS,110.01,15
2026-04-27T20:15:00Z,SE1,8.89,15
2026-04-27T20:15:00Z,SE2,8.92,15
2026-04-27T20:15:00Z,SE3,67.84,15
2026-04-27T20:15:00Z,SE4,123.53,15
2026-04-27T20:15:00Z,SI,136.92,15
2026-04-27T20:15:00Z,SK,133.92,15
2026-04-27T20:30:00Z,AT,125.23,15
2026-04-27T20:30:00Z,BE,118.01,15
2026-04-27T20:30:00Z,CZ,124.13,15
2026-04-27T20:30:00Z,DE-LU,122.83,15
2026-04-27T20:30:00Z,DK1,122.83,15
2026-04-27T20:30:00Z,DK2,122.83,15
2026-04-27T20:30:00Z,EE,7.72,15
2026-04-27T20:30:00Z,ES,85.78,15
2026-04-27T20:30:00Z,FI,7.72,15
2026-04-27T20:30:00Z,FR,85.78,15
2026-04-27T20:30:00Z,GR,125.48,15
2026-04-27T20:30:00Z,HR,126.38,15
2026-04-27T20:30:00Z,HU,125.22,15
2026-04-27T20:30:00Z,IT-CNorth,142.25,15
2026-04-27T20:30:00Z,IT-CSouth,142.25,15
2026-04-27T20:30:00Z,IT-North,142.25,15
2026-04-27T20:30:00Z,IT-Sardinia,142.25,15
2026-04-27T20:30:00Z,IT-Sicily,142.25,15
2026-04-27T20:30:00Z,IT-South,142.25,15
2026-04-27T20:30:00Z,LT,114.80,15
2026-04-27T20:30:00Z,LV,114.80,15
2026-04-27T20:30:00Z,NL,119.88,15
2026-04-27T20:30:00Z,NO1,116.00,15
2026-04-27T20:30:00Z,NO2,118.65,15
2026-04-27T20:30:00Z,NO3,82.13,15
2026-04-27T20:30:00Z,NO4,13.71,15
2026-04-27T20:30:00Z,NO5,110.73,15
2026-04-27T20:30:00Z,PL,123.97,15
2026-04-27T20:30:00Z,PT,85.78,15
2026-04-27T20:30:00Z,RO,125.48,15
2026-04-27T20:30:00Z,RS,110.01,15
2026-04-27T20:30:00Z,SE1,7.78,15
2026-04-27T20:30:00Z,SE2,7.53,15
2026-04-27T20:30:00Z,SE3,62.49,15
2026-04-27T20:30:00Z,SE4,114.99,15
2026-04-27T20:30:00Z,SI,126.73,15
2026-04-27T20:30:00Z,SK,124.63,15
2026-04-27T20:45:00Z,AT,115.19,15
2026-04-27T20:45:00Z,BE,104.62,15
2026-04-27T20:45:00Z,CZ,113.21,15
2026-04-27T20:45:00Z,DE-LU,111.37,15
2026-04-27T20:45:00Z,DK1,111.37,15
2026-04-27T20:45:00Z,DK2,111.37,15
2026-04-27T20:45:00Z,EE,7.13,15
2026-04-27T20:45:00Z,ES,81.30,15
2026-04-27T20:45:00Z,FI,7.13,15
2026-04-27T20:45:00Z,FR,59.55,15
2026-04-27T20:45:00Z,GR,114.64,15
2026-04-27T20:45:00Z,HR,115.47,15
2026-04-27T20:45:00Z,HU,114.41,15
2026-04-27T20:45:00Z,IT-CNorth,137.11,15
2026-04-27T20:45:00Z,IT-CSouth,137.11,15
2026-04-27T20:45:00Z,IT-North,137.11,15
2026-04-27T20:45:00Z,IT-Sardinia,137.11,15
2026-04-27T20:45:00Z,IT-Sicily,137.11,15
2026-04-27T20:45:00Z,IT-South,137.11,15
2026-04-27T20:45:00Z,LT,106.64,15
2026-04-27T20:45:00Z,LV,106.64,15
2026-04-27T20:45:00Z,NL,107.24,15
2026-04-27T20:45:00Z,NO1,112.79,15
2026-04-27T20:45:00Z,NO2,112.65,15
2026-04-27T20:45:00Z,NO3,88.08,15
2026-04-27T20:45:00Z,NO4,13.97,15
2026-04-27T20:45:00Z,NO5,109.95,15
2026-04-27T20:45:00Z,PL,112.92,15
2026-04-27T20:45:00Z,PT,81.30,15
2026-04-27T20:45:00Z,RO,114.64,15
2026-04-27T20:45:00Z,RS,110.01,15
2026-04-27T20:45:00Z,SE1,7.23,15
2026-04-27T20:45:00Z,SE2,6.53,15
2026-04-27T20:45:00Z,SE3,58.13,15
2026-04-27T20:45:00Z,SE4,107.04,15
2026-04-27T20:45:00Z,SI,115.69,15
2026-04-27T20:45:00Z,SK,113.77,15
2026-04-27T21:00:00Z,AT,134.23,15
2026-04-27T21:00:00Z,BE,106.69,15
2026-04-27T21:00:00Z,CH,115.08,60
2026-04-27T21:00:00Z,CZ,129.53,15
2026-04-27T21:00:00Z,DE-LU,124.74,15
2026-04-27T21:00:00Z,DK1,124.74,15
2026-04-27T21:00:00Z,DK2,124.73,15
2026-04-27T21:00:00Z,EE,8.08,15
2026-04-27T21:00:00Z,ES,86.44,15
2026-04-27T21:00:00Z,FI,8.08,15
2026-04-27T21:00:00Z,FR,39.70,15
2026-04-27T21:00:00Z,GR,132.80,15
2026-04-27T21:00:00Z,HR,134.78,15
2026-04-27T21:00:00Z,HU,132.30,15
2026-04-27T21:00:00Z,IT-CNorth,142.25,15
2026-04-27T21:00:00Z,IT-CSouth,142.25,15
2026-04-27T21:00:00Z,IT-North,142.25,15
2026-04-27T21:00:00Z,IT-Sardinia,142.25,15
2026-04-27T21:00:00Z,IT-Sicily,142.25,15
2026-04-27T21:00:00Z,IT-South,142.25,15
2026-04-27T21:00:00Z,LT,111.66,15
2026-04-27T21:00:00Z,LV,111.66,15
2026-04-27T21:00:00Z,NL,114.75,15
2026-04-27T21:00:00Z,NO1,113.68,15
2026-04-27T21:00:00Z,NO2,116.34,15
2026-04-27T21:00:00Z,NO3,75.86,15
2026-04-27T21:00:00Z,NO4,13.75,15
2026-04-27T21:00:00Z,NO5,109.83,15
2026-04-27T21:00:00Z,PL,128.83,15
2026-04-27T21:00:00Z,PT,86.44,15
2026-04-27T21:00:00Z,RO,132.80,15
2026-04-27T21:00:00Z,RS,108.79,15
2026-04-27T21:00:00Z,SE1,8.17,15
2026-04-27T21:00:00Z,SE2,7.30,15
2026-04-27T21:00:00Z,SE3,61.71,15
2026-04-27T21:00:00Z,SE4,112.24,15
2026-04-27T21:00:00Z,SI,135.21,15
2026-04-27T21:00:00Z,SK,130.91,15
2026-04-27T21:15:00Z,AT,127.88,15
2026-04-27T21:15:00Z,BE,97.61,15
2026-04-27T21:15:00Z,CZ,122.71,15
2026-04-27T21:15:00Z,DE-LU,117.45,15
2026-04-27T21:15:00Z,DK1,117.45,15
2026-04-27T21:15:00Z,DK2,117.44,15
2026-04-27T21:15:00Z,EE,7.27,15
2026-04-27T21:15:00Z,ES,81.28,15
2026-04-27T21:15:00Z,FI,7.27,15
2026-04-27T21:15:00Z,FR,24.00,15
2026-04-27T21:15:00Z,GR,126.31,15
2026-04-27T21:15:00Z,HR,128.49,15
2026-04-27T21:15:00Z,HU,125.76,15
2026-04-27T21:15:00Z,IT-CNorth,137.11,15
2026-04-27T21:15:00Z,IT-CSouth,137.11,15
2026-04-27T21:15:00Z,IT-North,137.11,15
2026-04-27T21:15:00Z,IT-Sardinia,137.11,15
2026-04-27T21:15:00Z,IT-Sicily,137.11,15
2026-04-27T21:15:00Z,IT-South,137.11,15
2026-04-27T21:15:00Z,LT,99.50,15
2026-04-27T21:15:00Z,LV,99.50,15
2026-04-27T21:15:00Z,NL,106.47,15
2026-04-27T21:15:00Z,NO1,111.45,15
2026-04-27T21:15:00Z,NO2,112.67,15
2026-04-27T21:15:00Z,NO3,75.86,15
2026-04-27T21:15:00Z,NO4,13.84,15
2026-04-27T21:15:00Z,NO5,109.74,15
2026-04-27T21:15:00Z,PL,121.94,15
2026-04-27T21:15:00Z,PT,81.28,15
2026-04-27T21:15:00Z,RO,126.31,15
2026-04-27T21:15:00Z,RS,108.79,15
2026-04-27T21:15:00Z,SE1,7.38,15
2026-04-27T21:15:00Z,SE2,6.68,15
2026-04-27T21:15:00Z,SE3,58.86,15
2026-04-27T21:15:00Z,SE4,101.60,15
2026-04-27T21:15:00Z,SI,128.96,15
2026-04-27T21:15:00Z,SK,124.23,15
2026-04-27T21:30:00Z,AT,116.94,15
2026-04-27T21:30:00Z,BE,101.29,15
2026-04-27T21:30:00Z,CZ,114.26,15
2026-04-27T21:30:00Z,DE-LU,111.54,15
2026-04-27T21:30:00Z,DK1,111.54,15
2026-04-27T21:30:00Z,DK2,111.52,15
2026-04-27T21:30:00Z,EE,6.37,15
2026-04-27T21:30:00Z,ES,80.10,15
2026-04-27T21:30:00Z,FI,6.37,15
2026-04-27T21:30:00Z,FR,63.26,15
2026-04-27T21:30:00Z,GR,116.12,15
2026-04-27T21:30:00Z,HR,117.25,15
2026-04-27T21:30:00Z,HU,115.84,15
2026-04-27T21:30:00Z,IT-CNorth,130.00,15
2026-04-27T21:30:00Z,IT-CSouth,130.00,15
2026-04-27T21:30:00Z,IT-North,130.00,15
2026-04-27T21:30:00Z,IT-Sardinia,130.00,15
2026-04-27T21:30:00Z,IT-Sicily,130.00,15
2026-04-27T21:30:00Z,IT-South,130.00,15
2026-04-27T21:30:00Z,LT,57.61,15
2026-04-27T21:30:00Z,LV,57.61,15
2026-04-27T21:30:00Z,NL,105.87,15
2026-04-27T21:30:00Z,NO1,109.11,15
2026-04-27T21:30:00Z,NO2,109.05,15
2026-04-27T21:30:00Z,NO3,75.89,15
2026-04-27T21:30:00Z,NO4,13.94,15
2026-04-27T21:30:00Z,NO5,109.10,15
2026-04-27T21:30:00Z,PL,113.87,15
2026-04-27T21:30:00Z,PT,80.10,15
2026-04-27T21:30:00Z,RO,116.12,15
2026-04-27T21:30:00Z,RS,108.79,15
2026-04-27T21:30:00Z,SE1,6.53,15
2026-04-27T21:30:00Z,SE2,6.88,15
2026-04-27T21:30:00Z,SE3,53.12,15
2026-04-27T21:30:00Z,SE4,66.09,15
2026-04-27T21:30:00Z,SI,117.49,15
2026-04-27T21:30:00Z,SK,115.05,15
2026-04-27T21:45:00Z,AT,114.46,15
2026-04-27T21:45:00Z,BE,90.84,15
2026-04-27T21:45:00Z,CZ,110.80,15
2026-04-27T21:45:00Z,DE-LU,107.08,15
2026-04-27T21:45:00Z,DK1,107.08,15
2026-04-27T21:45:00Z,DK2,107.05,15
2026-04-27T21:45:00Z,EE,5.25,15
2026-04-27T21:45:00Z,ES,78.04,15
2026-04-27T21:45:00Z,FI,5.25,15
2026-04-27T21:45:00Z,FR,39.08,15
2026-04-27T21:45:00Z,GR,113.35,15
2026-04-27T21:45:00Z,HR,114.89,15
2026-04-27T21:45:00Z,HU,112.96,15
2026-04-27T21:45:00Z,IT-CNorth,130.00,15
2026-04-27T21:45:00Z,IT-CSouth,130.00,15
2026-04-27T21:45:00Z,IT-North,130.00,15
2026-04-27T21:45:00Z,IT-Sardinia,130.00,15
2026-04-27T21:45:00Z,IT-Sicily,130.00,15
2026-04-27T21:45:00Z,IT-South,130.00,15
2026-04-27T21:45:00Z,LT,52.73,15
2026-04-27T21:45:00Z,LV,52.73,15
2026-04-27T21:45:00Z,NL,99.17,15
2026-04-27T21:45:00Z,NO1,106.52,15
2026-04-27T21:45:00Z,NO2,104.17,15
2026-04-27T21:45:00Z,NO3,91.62,15
2026-04-27T21:45:00Z,NO4,13.83,15
2026-04-27T21:45:00Z,NO5,105.21,15
2026-04-27T21:45:00Z,PL,110.25,15
2026-04-27T21:45:00Z,PT,78.04,15
2026-04-27T21:45:00Z,RO,113.35,15
2026-04-27T21:45:00Z,RS,108.79,15
2026-04-27T21:45:00Z,SE1,5.44,15
2026-04-27T21:45:00Z,SE2,5.97,15
2026-04-27T21:45:00Z,SE3,48.53,15
2026-04-27T21:45:00Z,SE4,60.45,15
2026-04-27T21:45:00Z,SI,115.23,15
2026-04-27T21:45:00Z,SK,111.88,15
2026-04-27T22:00:00Z,AT,123.50,15
2026-04-27T22:00:00Z,BE,112.63,15
2026-04-27T22:00:00Z,CH,106.00,60
2026-04-27T22:00:00Z,CZ,121.84,15
2026-04-27T22:00:00Z,DE-LU,119.92,15
2026-04-27T22:00:00Z,DK1,119.92,15
2026-04-27T22:00:00Z,DK2,117.76,15
2026-04-27T22:00:00Z,EE,7.39,15
2026-04-27T22:00:00Z,ES,87.57,15
2026-04-27T22:00:00Z,FI,5.55,15
2026-04-27T22:00:00Z,FR,87.57,15
2026-04-27T22:00:00Z,GR,123.05,15
2026-04-27T22:00:00Z,HR,123.78,15
2026-04-27T22:00:00Z,HU,122.87,15
2026-04-27T22:00:00Z,IT-CNorth,141.32,15
2026-04-27T22:00:00Z,IT-CSouth,141.32,15
2026-04-27T22:00:00Z,IT-North,141.32,15
2026-04-27T22:00:00Z,IT-Sardinia,141.32,15
2026-04-27T22:00:00Z,IT-Sicily,141.32,15
2026-04-27T22:00:00Z,IT-South,141.32,15
2026-04-27T22:00:00Z,LT,100.03,15
2026-04-27T22:00:00Z,LV,100.03,15
2026-04-27T22:00:00Z,NL,116.18,15
2026-04-27T22:00:00Z,NO1,105.03,15
2026-04-27T22:00:00Z,NO2,105.63,15
2026-04-27T22:00:00Z,NO3,69.44,15
2026-04-27T22:00:00Z,NO4,16.05,15
2026-04-27T22:00:00Z,NO5,105.37,15
2026-04-27T22:00:00Z,PL,121.62,15
2026-04-27T22:00:00Z,PT,87.57,15
2026-04-27T22:00:00Z,RO,123.05,15
2026-04-27T22:00:00Z,RS,124.26,15
2026-04-27T22:00:00Z,SE1,5.76,15
2026-04-27T22:00:00Z,SE2,3.89,15
2026-04-27T22:00:00Z,SE3,56.14,15
2026-04-27T22:00:00Z,SE4,101.22,15
2026-04-27T22:00:00Z,SI,123.93,15
2026-04-27T22:00:00Z,SK,122.36,15
2026-04-27T22:15:00Z,AT,116.95,15
2026-04-27T22:15:00Z,BE,107.06,15
2026-04-27T22:15:00Z,CZ,115.45,15
2026-04-27T22:15:00Z,DE-LU,113.69,15
2026-04-27T22:15:00Z,DK1,113.69,15
2026-04-27T22:15:00Z,DK2,113.69,15
2026-04-27T22:15:00Z,EE,7.39,15
2026-04-27T22:15:00Z,ES,84.26,15
2026-04-27T22:15:00Z,FI,5.16,15
2026-04-27T22:15:00Z,FR,84.26,15
2026-04-27T22:15:00Z,GR,116.54,15
2026-04-27T22:15:00Z,HR,117.20,15
2026-04-27T22:15:00Z,HU,116.38,15
2026-04-27T22:15:00Z,IT-CNorth,135.00,15
2026-04-27T22:15:00Z,IT-CSouth,135.00,15
2026-04-27T22:15:00Z,IT-North,135.00,15
2026-04-27T22:15:00Z,IT-Sardinia,135.00,15
2026-04-27T22:15:00Z,IT-Sicily,135.00,15
2026-04-27T22:15:00Z,IT-South,135.00,15
2026-04-27T22:15:00Z,LT,103.41,15
2026-04-27T22:15:00Z,LV,103.41,15
2026-04-27T22:15:00Z,NL,110.30,15
2026-04-27T22:15:00Z,NO1,107.62,15
2026-04-27T22:15:00Z,NO2,110.13,15
2026-04-27T22:15:00Z,NO3,68.12,15
2026-04-27T22:15:00Z,NO4,16.09,15
2026-04-27T22:15:00Z,NO5,105.53,15
2026-04-27T22:15:00Z,PL,115.24,15
2026-04-27T22:15:00Z,PT,84.26,15
2026-04-27T22:15:00Z,RO,116.54,15
2026-04-27T22:15:00Z,RS,124.26,15
2026-04-27T22:15:00Z,SE1,5.38,15
2026-04-27T22:15:00Z,SE2,3.39,15
2026-04-27T22:15:00Z,SE3,57.83,15
2026-04-27T22:15:00Z,SE4,104.70,15
2026-04-27T22:15:00Z,SI,117.34,15
2026-04-27T22:15:00Z,SK,115.91,15
2026-04-27T22:30:00Z,AT,118.59,15
2026-04-27T22:30:00Z,BE,94.81,15
2026-04-27T22:30:00Z,CZ,114.52,15
2026-04-27T22:30:00Z,DE-LU,109.91,15
2026-04-27T22:30:00Z,DK1,109.91,15
2026-04-27T22:30:00Z,DK2,109.90,15
2026-04-27T22:30:00Z,EE,7.38,15
2026-04-27T22:30:00Z,ES,83.54,15
2026-04-27T22:30:00Z,FI,4.80,15
2026-04-27T22:30:00Z,FR,38.06,15
2026-04-27T22:30:00Z,GR,117.40,15
2026-04-27T22:30:00Z,HR,119.16,15
2026-04-27T22:30:00Z,HU,116.98,15
2026-04-27T22:30:00Z,IT-CNorth,135.00,15
2026-04-27T22:30:00Z,IT-CSouth,135.00,15
2026-04-27T22:30:00Z,IT-North,135.00,15
2026-04-27T22:30:00Z,IT-Sardinia,135.00,15
2026-04-27T22:30:00Z,IT-Sicily,135.00,15
2026-04-27T22:30:00Z,IT-South,135.00,15
2026-04-27T22:30:00Z,LT,76.49,15
2026-04-27T22:30:00Z,LV,76.49,15
2026-04-27T22:30:00Z,NL,109.91,15
2026-04-27T22:30:00Z,NO1,105.50,15
2026-04-27T22:30:00Z,NO2,106.49,15
2026-04-27T22:30:00Z,NO3,68.53,15
2026-04-27T22:30:00Z,NO4,16.26,15
2026-04-27T22:30:00Z,NO5,105.47,15
2026-04-27T22:30:00Z,PL,113.88,15
2026-04-27T22:30:00Z,PT,83.54,15
2026-04-27T22:30:00Z,RO,117.40,15
2026-04-27T22:30:00Z,RS,124.26,15
2026-04-27T22:30:00Z,SE1,5.14,15
2026-04-27T22:30:00Z,SE2,3.59,15
2026-04-27T22:30:00Z,SE3,50.67,15
2026-04-27T22:30:00Z,SE4,81.97,15
2026-04-27T22:30:00Z,SI,119.54,15
2026-04-27T22:30:00Z,SK,115.73,15
2026-04-27T22:45:00Z,AT,116.88,15
2026-04-27T22:45:00Z,BE,90.12,15
2026-04-27T22:45:00Z,CZ,112.30,15
2026-04-27T22:45:00Z,DE-LU,107.12,15
2026-04-27T22:45:00Z,DK1,107.12,15
2026-04-27T22:45:00Z,DK2,107.09,15
2026-04-27T22:45:00Z,EE,7.38,15
2026-04-27T22:45:00Z,ES,80.49,15
2026-04-27T22:45:00Z,FI,4.62,15
2026-04-27T22:45:00Z,FR,26.26,15
2026-04-27T22:45:00Z,GR,115.54,15
2026-04-27T22:45:00Z,HR,117.52,15
2026-04-27T22:45:00Z,HU,115.07,15
2026-04-27T22:45:00Z,IT-CNorth,119.55,15
2026-04-27T22:45:00Z,IT-CSouth,119.55,15
2026-04-27T22:45:00Z,IT-North,119.55,15
2026-04-27T22:45:00Z,IT-Sardinia,119.55,15
2026-04-27T22:45:00Z,IT-Sicily,119.55,15
2026-04-27T22:45:00Z,IT-South,119.55,15
2026-04-27T22:45:00Z,LT,47.34,15
2026-04-27T22:45:00Z,LV,47.34,15
2026-04-27T22:45:00Z,NL,107.12,15
2026-04-27T22:45:00Z,NO1,102.97,15
2026-04-27T22:45:00Z,NO2,103.78,15
2026-04-27T22:45:00Z,NO3,65.79,15
2026-04-27T22:45:00Z,NO4,16.23,15
2026-04-27T22:45:00Z,NO5,103.46,15
2026-04-27T22:45:00Z,PL,111.58,15
2026-04-27T22:45:00Z,PT,80.49,15
2026-04-27T22:45:00Z,RO,115.54,15
2026-04-27T22:45:00Z,RS,124.26,15
2026-04-27T22:45:00Z,SE1,5.09,15
2026-04-27T22:45:00Z,SE2,4.07,15
2026-04-27T22:45:00Z,SE3,43.33,15
2026-04-27T22:45:00Z,SE4,57.55,15
2026-04-27T22:45:00Z,SI,117.95,15
2026-04-27T22:45:00Z,SK,113.66,15
2026-04-27T23:00:00Z,AT,116.87,15
2026-04-27T23:00:00Z,BE,100.41,15
2026-04-27T23:00:00Z,CH,104.00,60
2026-04-27T23:00:00Z,CZ,114.07,15
2026-04-27T23:00:00Z,DE-LU,110.83,15
2026-04-27T23:00:00Z,DK1,110.83,15
2026-04-27T23:00:00Z,DK2,110.82,15
2026-04-27T23:00:00Z,EE,7.21,15
2026-04-27T23:00:00Z,ES,82.20,15
2026-04-27T23:00:00Z,FI,5.00,15
2026-04-27T23:00:00Z,FR,61.22,15
2026-04-27T23:00:00Z,GR,116.05,15
2026-04-27T23:00:00Z,HR,117.26,15
2026-04-27T23:00:00Z,HU,115.77,15
2026-04-27T23:00:00Z,IT-CNorth,135.59,15
2026-04-27T23:00:00Z,IT-CSouth,135.59,15
2026-04-27T23:00:00Z,IT-North,135.59,15
2026-04-27T23:00:00Z,IT-Sardinia,135.59,15
2026-04-27T23:00:00Z,IT-Sicily,135.59,15
2026-04-27T23:00:00Z,IT-South,135.59,15
2026-04-27T23:00:00Z,LT,99.93,15
2026-04-27T23:00:00Z,LV,99.93,15
2026-04-27T23:00:00Z,NL,110.83,15
2026-04-27T23:00:00Z,NO1,105.63,15
2026-04-27T23:00:00Z,NO2,107.36,15
2026-04-27T23:00:00Z,NO3,65.79,15
2026-04-27T23:00:00Z,NO4,14.80,15
2026-04-27T23:00:00Z,NO5,105.29,15
2026-04-27T23:00:00Z,PL,113.65,15
2026-04-27T23:00:00Z,PT,82.20,15
2026-04-27T23:00:00Z,RO,116.05,15
2026-04-27T23:00:00Z,RS,118.61,15
2026-04-27T23:00:00Z,SE1,5.20,15
2026-04-27T23:00:00Z,SE2,3.43,15
2026-04-27T23:00:00Z,SE3,56.32,15
2026-04-27T23:00:00Z,SE4,101.55,15
2026-04-27T23:00:00Z,SI,117.52,15
2026-04-27T23:00:00Z,SK,114.91,15
2026-04-27T23:15:00Z,AT,116.58,15
2026-04-27T23:15:00Z,BE,95.48,15
2026-04-27T23:15:00Z,CZ,112.44,15
2026-04-27T23:15:00Z,DE-LU,107.61,15
2026-04-27T23:15:00Z,DK1,107.61,15
2026-04-27T23:15:00Z,DK2,107.59,15
2026-04-27T23:15:00Z,EE,7.26,15
2026-04-27T23:15:00Z,ES,80.49,15
2026-04-27T23:15:00Z,FI,4.85,15
2026-04-27T23:15:00Z,FR,36.78,15
2026-04-27T23:15:00Z,GR,115.37,15
2026-04-27T23:15:00Z,HR,117.15,15
2026-04-27T23:15:00Z,HU,114.95,15
2026-04-27T23:15:00Z,IT-CNorth,135.00,15
2026-04-27T23:15:00Z,IT-CSouth,135.00,15
2026-04-27T23:15:00Z,IT-North,135.00,15
2026-04-27T23:15:00Z,IT-Sardinia,135.00,15
2026-04-27T23:15:00Z,IT-Sicily,135.00,15
2026-04-27T23:15:00Z,IT-South,135.00,15
2026-04-27T23:15:00Z,LT,66.44,15
2026-04-27T23:15:00Z,LV,66.44,15
2026-04-27T23:15:00Z,NL,107.61,15
2026-04-27T23:15:00Z,NO1,103.35,15
2026-04-27T23:15:00Z,NO2,104.26,15
2026-04-27T23:15:00Z,NO3,65.79,15
2026-04-27T23:15:00Z,NO4,15.14,15
2026-04-27T23:15:00Z,NO5,103.88,15
2026-04-27T23:15:00Z,PL,111.81,15
2026-04-27T23:15:00Z,PT,80.49,15
2026-04-27T23:15:00Z,RO,115.37,15
2026-04-27T23:15:00Z,RS,118.61,15
2026-04-27T23:15:00Z,SE1,5.21,15
2026-04-27T23:15:00Z,SE2,3.97,15
2026-04-27T23:15:00Z,SE3,47.91,15
2026-04-27T23:15:00Z,SE4,73.43,15
2026-04-27T23:15:00Z,SI,117.53,15
2026-04-27T23:15:00Z,SK,113.67,15
2026-04-27T23:30:00Z,AT,114.44,15
2026-04-27T23:30:00Z,BE,95.19,15
2026-04-27T23:30:00Z,CZ,110.66,15
2026-04-27T23:30:00Z,DE-LU,106.26,15
2026-04-27T23:30:00Z,DK1,106.26,15
2026-04-27T23:30:00Z,DK2,106.23,15
2026-04-27T23:30:00Z,EE,7.21,15
2026-04-27T23:30:00Z,ES,80.00,15
2026-04-27T23:30:00Z,FI,4.71,15
2026-04-27T23:30:00Z,FR,41.65,15
2026-04-27T23:30:00Z,GR,113.33,15
2026-04-27T23:30:00Z,HR,114.96,15
2026-04-27T23:30:00Z,HU,112.95,15
2026-04-27T23:30:00Z,IT-CNorth,135.43,15
2026-04-27T23:30:00Z,IT-CSouth,135.43,15
2026-04-27T23:30:00Z,IT-North,135.43,15
2026-04-27T23:30:00Z,IT-Sardinia,135.43,15
2026-04-27T23:30:00Z,IT-Sicily,135.43,15
2026-04-27T23:30:00Z,IT-South,135.43,15
2026-04-27T23:30:00Z,LT,47.40,15
2026-04-27T23:30:00Z,LV,47.40,15
2026-04-27T23:30:00Z,NL,106.26,15
2026-04-27T23:30:00Z,NO1,102.14,15
2026-04-27T23:30:00Z,NO2,102.95,15
2026-04-27T23:30:00Z,NO3,65.79,15
2026-04-27T23:30:00Z,NO4,15.98,15
2026-04-27T23:30:00Z,NO5,102.63,15
2026-04-27T23:30:00Z,PL,110.08,15
2026-04-27T23:30:00Z,PT,80.00,15
2026-04-27T23:30:00Z,RO,113.33,15
2026-04-27T23:30:00Z,RS,118.61,15
2026-04-27T23:30:00Z,SE1,5.17,15
2026-04-27T23:30:00Z,SE2,4.10,15
2026-04-27T23:30:00Z,SE3,43.12,15
2026-04-27T23:30:00Z,SE4,57.48,15
2026-04-27T23:30:00Z,SI,115.31,15
2026-04-27T23:30:00Z,SK,111.79,15
2026-04-27T23:45:00Z,AT,113.50,15
2026-04-27T23:45:00Z,BE,88.57,15
2026-04-27T23:45:00Z,CZ,108.61,15
2026-04-27T23:45:00Z,DE-LU,102.91,15
2026-04-27T23:45:00Z,DK1,102.91,15
2026-04-27T23:45:00Z,DK2,102.88,15
2026-04-27T23:45:00Z,EE,7.21,15
2026-04-27T23:45:00Z,ES,75.86,15
2026-04-27T23:45:00Z,FI,4.84,15
2026-04-27T23:45:00Z,FR,19.21,15
2026-04-27T23:45:00Z,GR,112.07,15
2026-04-27T23:45:00Z,HR,114.18,15
2026-04-27T23:45:00Z,HU,111.58,15
2026-04-27T23:45:00Z,IT-CNorth,130.00,15
2026-04-27T23:45:00Z,IT-CSouth,130.00,15
2026-04-27T23:45:00Z,IT-North,130.00,15
2026-04-27T23:45:00Z,IT-Sardinia,130.00,15
2026-04-27T23:45:00Z,IT-Sicily,130.00,15
2026-04-27T23:45:00Z,IT-South,130.00,15
2026-04-27T23:45:00Z,LT,48.21,15
2026-04-27T23:45:00Z,LV,48.21,15
2026-04-27T23:45:00Z,NL,102.91,15
2026-04-27T23:45:00Z,NO1,99.73,15
2026-04-27T23:45:00Z,NO2,100.09,15
2026-04-27T23:45:00Z,NO3,67.43,15
2026-04-27T23:45:00Z,NO4,15.60,15
2026-04-27T23:45:00Z,NO5,99.96,15
2026-04-27T23:45:00Z,PL,107.86,15
2026-04-27T23:45:00Z,PT,75.86,15
2026-04-27T23:45:00Z,RO,112.07,15
2026-04-27T23:45:00Z,RS,118.61,15
2026-04-27T23:45:00Z,SE1,5.28,15
2026-04-27T23:45:00Z,SE2,4.27,15
2026-04-27T23:45:00Z,SE3,42.32,15
2026-04-27T23:45:00Z,SE4,57.49,15
2026-04-27T23:45:00Z,SI,114.63,15
2026-04-27T23:45:00Z,SK,110.07,15
