timestamp_utc,zone,price_eur_mwh,resolution_min
2026-08-27T00:00:00Z,AT,175.00,15
2026-08-27T00:00:00Z,BE,139.97,15
2026-08-27T00:00:00Z,CH,136.07,60
2026-08-27T00:00:00Z,CZ,152.92,15
2026-08-27T00:00:00Z,DE-LU,138.69,15
2026-08-27T00:00:00Z,DK1,137.75,15
2026-08-27T00:00:00Z,DK2,137.98,15
2026-08-27T00:00:00Z,EE,57.52,15
2026-08-27T00:00:00Z,ES,159.00,15
2026-08-27T00:00:00Z,FI,57.46,15
2026-08-27T00:00:00Z,FR,142.65,15
2026-08-27T00:00:00Z,GR,179.34,15
2026-08-27T00:00:00Z,HR,171.72,15
2026-08-27T00:00:00Z,HU,175.00,15
2026-08-27T00:00:00Z,IT-CNorth,193.00,15
2026-08-27T00:00:00Z,IT-CSouth,193.00,15
2026-08-27T00:00:00Z,IT-North,193.00,15
2026-08-27T00:00:00Z,IT-Sardinia,193.00,15
2026-08-27T00:00:00Z,IT-South,193.00,15
2026-08-27T00:00:00Z,LT,137.34,15
2026-08-27T00:00:00Z,LV,137.34,15
2026-08-27T00:00:00Z,NL,138.69,15
2026-08-27T00:00:00Z,NO1,137.14,15
2026-08-27T00:00:00Z,NO2,134.44,15
2026-08-27T00:00:00Z,NO3,171.50,15
2026-08-27T00:00:00Z,NO4,9.84,15
2026-08-27T00:00:00Z,NO5,141.97,15
2026-08-27T00:00:00Z,PL,138.02,15
2026-08-27T00:00:00Z,PT,174.88,15
2026-08-27T00:00:00Z,RO,180.87,15
2026-08-27T00:00:00Z,RS,161.02,15
2026-08-27T00:00:00Z,SE1,33.83,15
2026-08-27T00:00:00Z,SE2,55.01,15
2026-08-27T00:00:00Z,SE3,91.55,15
2026-08-27T00:00:00Z,SE4,112.33,15
2026-08-27T00:00:00Z,SI,169.84,15
2026-08-27T00:00:00Z,SK,148.57,15
2026-08-27T00:15:00Z,AT,174.91,15
2026-08-27T00:15:00Z,BE,136.37,15
2026-08-27T00:15:00Z,CZ,150.36,15
2026-08-27T00:15:00Z,DE-LU,134.86,15
2026-08-27T00:15:00Z,DK1,133.80,15
2026-08-27T00:15:00Z,DK2,133.93,15
2026-08-27T00:15:00Z,EE,64.41,15
2026-08-27T00:15:00Z,ES,173.94,15
2026-08-27T00:15:00Z,FI,64.34,15
2026-08-27T00:15:00Z,FR,139.36,15
2026-08-27T00:15:00Z,GR,181.95,15
2026-08-27T00:15:00Z,HR,172.40,15
2026-08-27T00:15:00Z,HU,176.49,15
2026-08-27T00:15:00Z,IT-CNorth,174.91,15
2026-08-27T00:15:00Z,IT-CSouth,174.91,15
2026-08-27T00:15:00Z,IT-North,174.91,15
2026-08-27T00:15:00Z,IT-Sardinia,174.91,15
2026-08-27T00:15:00Z,IT-Sicily,252.00,15
2026-08-27T00:15:00Z,IT-South,174.91,15
2026-08-27T00:15:00Z,LT,131.91,15
2026-08-27T00:15:00Z,LV,131.91,15
2026-08-27T00:15:00Z,NL,134.93,15
2026-08-27T00:15:00Z,NO1,134.94,15
2026-08-27T00:15:00Z,NO2,131.50,15
2026-08-27T00:15:00Z,NO3,180.46,15
2026-08-27T00:15:00Z,NO4,9.80,15
2026-08-27T00:15:00Z,NO5,141.08,15
2026-08-27T00:15:00Z,PL,132.80,15
2026-08-27T00:15:00Z,PT,173.94,15
2026-08-27T00:15:00Z,RO,183.85,15
2026-08-27T00:15:00Z,SE1,37.80,15
2026-08-27T00:15:00Z,SE2,61.29,15
2026-08-27T00:15:00Z,SE3,88.99,15
2026-08-27T00:15:00Z,SE4,103.56,15
2026-08-27T00:15:00Z,SI,169.96,15
2026-08-27T00:15:00Z,SK,144.36,15
2026-08-27T00:30:00Z,AT,172.75,15
2026-08-27T00:30:00Z,BE,135.63,15
2026-08-27T00:30:00Z,CZ,149.12,15
2026-08-27T00:30:00Z,DE-LU,134.18,15
2026-08-27T00:30:00Z,DK1,133.16,15
2026-08-27T00:30:00Z,DK2,133.28,15
2026-08-27T00:30:00Z,EE,72.01,15
2026-08-27T00:30:00Z,ES,159.72,15
2026-08-27T00:30:00Z,FI,71.94,15
2026-08-27T00:30:00Z,FR,138.51,15
2026-08-27T00:30:00Z,GR,179.42,15
2026-08-27T00:30:00Z,HR,170.28,15
2026-08-27T00:30:00Z,HU,174.20,15
2026-08-27T00:30:00Z,IT-CNorth,172.75,15
2026-08-27T00:30:00Z,IT-CSouth,172.75,15
2026-08-27T00:30:00Z,IT-North,172.75,15
2026-08-27T00:30:00Z,IT-Sardinia,172.75,15
2026-08-27T00:30:00Z,IT-Sicily,251.00,15
2026-08-27T00:30:00Z,IT-South,172.75,15
2026-08-27T00:30:00Z,LT,131.41,15
2026-08-27T00:30:00Z,LV,131.41,15
2026-08-27T00:30:00Z,NL,134.24,15
2026-08-27T00:30:00Z,NO1,134.56,15
2026-08-27T00:30:00Z,NO2,130.36,15
2026-08-27T00:30:00Z,NO3,191.67,15
2026-08-27T00:30:00Z,NO4,9.86,15
2026-08-27T00:30:00Z,NO5,142.08,15
2026-08-27T00:30:00Z,PL,132.26,15
2026-08-27T00:30:00Z,RO,181.24,15
2026-08-27T00:30:00Z,SE1,42.18,15
2026-08-27T00:30:00Z,SE2,68.25,15
2026-08-27T00:30:00Z,SE3,87.65,15
2026-08-27T00:30:00Z,SE4,96.32,15
2026-08-27T00:30:00Z,SI,167.95,15
2026-08-27T00:30:00Z,SK,143.39,15
2026-08-27T00:45:00Z,AT,170.00,15
2026-08-27T00:45:00Z,BE,134.28,15
2026-08-27T00:45:00Z,CZ,147.42,15
2026-08-27T00:45:00Z,DE-LU,132.95,15
2026-08-27T00:45:00Z,DK1,131.99,15
2026-08-27T00:45:00Z,DK2,132.18,15
2026-08-27T00:45:00Z,EE,76.63,15
2026-08-27T00:45:00Z,ES,173.30,15
2026-08-27T00:45:00Z,FI,76.56,15
2026-08-27T00:45:00Z,FR,137.03,15
2026-08-27T00:45:00Z,GR,174.99,15
2026-08-27T00:45:00Z,HR,166.93,15
2026-08-27T00:45:00Z,HU,170.40,15
2026-08-27T00:45:00Z,IT-CNorth,184.22,15
2026-08-27T00:45:00Z,IT-CSouth,184.22,15
2026-08-27T00:45:00Z,IT-North,184.22,15
2026-08-27T00:45:00Z,IT-Sardinia,184.22,15
2026-08-27T00:45:00Z,IT-Sicily,250.00,15
2026-08-27T00:45:00Z,IT-South,184.22,15
2026-08-27T00:45:00Z,LT,131.21,15
2026-08-27T00:45:00Z,LV,131.21,15
2026-08-27T00:45:00Z,NL,132.97,15
2026-08-27T00:45:00Z,NO1,134.02,15
2026-08-27T00:45:00Z,NO2,129.35,15
2026-08-27T00:45:00Z,NO3,198.29,15
2026-08-27T00:45:00Z,NO4,9.88,15
2026-08-27T00:45:00Z,NO5,142.38,15
2026-08-27T00:45:00Z,PL,131.94,15
2026-08-27T00:45:00Z,PT,173.30,15
2026-08-27T00:45:00Z,RO,176.61,15
2026-08-27T00:45:00Z,SE1,44.84,15
2026-08-27T00:45:00Z,SE2,72.48,15
2026-08-27T00:45:00Z,SE3,86.60,15
2026-08-27T00:45:00Z,SE4,91.54,15
2026-08-27T00:45:00Z,SI,164.92,15
2026-08-27T00:45:00Z,SK,142.68,15
2026-08-27T01:00:00Z,AT,173.50,15
2026-08-27T01:00:00Z,BE,137.17,15
2026-08-27T01:00:00Z,CH,137.03,60
2026-08-27T01:00:00Z,CZ,149.47,15
2026-08-27T01:00:00Z,DE-LU,135.43,15
2026-08-27T01:00:00Z,DK1,134.31,15
2026-08-27T01:00:00Z,DK2,134.03,15
2026-08-27T01:00:00Z,EE,66.56,15
2026-08-27T01:00:00Z,ES,164.21,15
2026-08-27T01:00:00Z,FI,66.50,15
2026-08-27T01:00:00Z,FR,140.15,15
2026-08-27T01:00:00Z,GR,187.70,15
2026-08-27T01:00:00Z,HR,174.77,15
2026-08-27T01:00:00Z,HU,180.30,15
2026-08-27T01:00:00Z,IT-CNorth,181.45,15
2026-08-27T01:00:00Z,IT-CSouth,181.45,15
2026-08-27T01:00:00Z,IT-North,181.45,15
2026-08-27T01:00:00Z,IT-Sardinia,181.45,15
2026-08-27T01:00:00Z,IT-South,181.45,15
2026-08-27T01:00:00Z,LT,127.73,15
2026-08-27T01:00:00Z,LV,127.73,15
2026-08-27T01:00:00Z,NL,135.70,15
2026-08-27T01:00:00Z,NO1,135.36,15
2026-08-27T01:00:00Z,NO2,131.33,15
2026-08-27T01:00:00Z,NO3,183.24,15
2026-08-27T01:00:00Z,NO4,10.22,15
2026-08-27T01:00:00Z,NO5,141.41,15
2026-08-27T01:00:00Z,PL,129.02,15
2026-08-27T01:00:00Z,RO,190.19,15
2026-08-27T01:00:00Z,RS,152.00,15
2026-08-27T01:00:00Z,SE1,39.17,15
2026-08-27T01:00:00Z,SE2,63.34,15
2026-08-27T01:00:00Z,SE3,88.85,15
2026-08-27T01:00:00Z,SE4,101.98,15
2026-08-27T01:00:00Z,SI,171.26,15
2026-08-27T01:00:00Z,SK,140.52,15
2026-08-27T01:15:00Z,AT,166.00,15
2026-08-27T01:15:00Z,BE,135.24,15
2026-08-27T01:15:00Z,CZ,146.34,15
2026-08-27T01:15:00Z,DE-LU,134.02,15
2026-08-27T01:15:00Z,DK1,133.17,15
2026-08-27T01:15:00Z,DK2,133.25,15
2026-08-27T01:15:00Z,EE,79.34,15
2026-08-27T01:15:00Z,ES,163.00,15
2026-08-27T01:15:00Z,FI,79.27,15
2026-08-27T01:15:00Z,FR,137.65,15
2026-08-27T01:15:00Z,GR,171.90,15
2026-08-27T01:15:00Z,HR,164.12,15
2026-08-27T01:15:00Z,HU,167.47,15
2026-08-27T01:15:00Z,IT-CNorth,178.55,15
2026-08-27T01:15:00Z,IT-CSouth,178.55,15
2026-08-27T01:15:00Z,IT-North,178.55,15
2026-08-27T01:15:00Z,IT-Sardinia,178.55,15
2026-08-27T01:15:00Z,IT-South,178.55,15
2026-08-27T01:15:00Z,LT,131.47,15
2026-08-27T01:15:00Z,LV,131.47,15
2026-08-27T01:15:00Z,NL,134.08,15
2026-08-27T01:15:00Z,NO1,134.88,15
2026-08-27T01:15:00Z,NO2,130.34,15
2026-08-27T01:15:00Z,NO3,189.54,15
2026-08-27T01:15:00Z,NO4,10.29,15
2026-08-27T01:15:00Z,NO5,141.71,15
2026-08-27T01:15:00Z,PL,132.20,15
2026-08-27T01:15:00Z,PT,173.00,15
2026-08-27T01:15:00Z,RO,173.44,15
2026-08-27T01:15:00Z,SE1,44.09,15
2026-08-27T01:15:00Z,SE2,69.21,15
2026-08-27T01:15:00Z,SE3,94.82,15
2026-08-27T01:15:00Z,SE4,101.88,15
2026-08-27T01:15:00Z,SI,162.14,15
2026-08-27T01:15:00Z,SK,141.91,15
2026-08-27T01:30:00Z,AT,159.99,15
2026-08-27T01:30:00Z,BE,135.58,15
2026-08-27T01:30:00Z,CZ,146.38,15
2026-08-27T01:30:00Z,DE-LU,134.31,15
2026-08-27T01:30:00Z,DK1,133.44,15
2026-08-27T01:30:00Z,DK2,133.44,15
2026-08-27T01:30:00Z,EE,130.73,15
2026-08-27T01:30:00Z,ES,162.20,15
2026-08-27T01:30:00Z,FI,80.19,15
2026-08-27T01:30:00Z,FR,137.99,15
2026-08-27T01:30:00Z,GR,173.47,15
2026-08-27T01:30:00Z,HR,164.93,15
2026-08-27T01:30:00Z,HU,168.60,15
2026-08-27T01:30:00Z,IT-CNorth,167.42,15
2026-08-27T01:30:00Z,IT-CSouth,167.42,15
2026-08-27T01:30:00Z,IT-North,167.42,15
2026-08-27T01:30:00Z,IT-Sardinia,167.42,15
2026-08-27T01:30:00Z,IT-South,167.42,15
2026-08-27T01:30:00Z,LT,130.73,15
2026-08-27T01:30:00Z,LV,130.73,15
2026-08-27T01:30:00Z,NL,134.41,15
2026-08-27T01:30:00Z,NO1,134.82,15
2026-08-27T01:30:00Z,NO2,130.54,15
2026-08-27T01:30:00Z,NO3,185.79,15
2026-08-27T01:30:00Z,NO4,10.45,15
2026-08-27T01:30:00Z,NO5,141.23,15
2026-08-27T01:30:00Z,PL,131.54,15
2026-08-27T01:30:00Z,PT,172.20,15
2026-08-27T01:30:00Z,RO,175.15,15
2026-08-27T01:30:00Z,SE1,43.75,15
2026-08-27T01:30:00Z,SE2,67.79,15
2026-08-27T01:30:00Z,SE3,97.90,15
2026-08-27T01:30:00Z,SE4,105.77,15
2026-08-27T01:30:00Z,SI,162.71,15
2026-08-27T01:30:00Z,SK,141.15,15
2026-08-27T01:45:00Z,AT,165.90,15
2026-08-27T01:45:00Z,BE,135.02,15
2026-08-27T01:45:00Z,CZ,146.53,15
2026-08-27T01:45:00Z,DE-LU,133.93,15
2026-08-27T01:45:00Z,DK1,133.13,15
2026-08-27T01:45:00Z,DK2,133.38,15
2026-08-27T01:45:00Z,EE,133.49,15
2026-08-27T01:45:00Z,ES,161.41,15
2026-08-27T01:45:00Z,FI,81.57,15
2026-08-27T01:45:00Z,FR,137.37,15
2026-08-27T01:45:00Z,GR,168.57,15
2026-08-27T01:45:00Z,HR,162.44,15
2026-08-27T01:45:00Z,HU,165.10,15
2026-08-27T01:45:00Z,IT-CNorth,174.22,15
2026-08-27T01:45:00Z,IT-CSouth,174.22,15
2026-08-27T01:45:00Z,IT-North,174.22,15
2026-08-27T01:45:00Z,IT-Sardinia,174.22,15
2026-08-27T01:45:00Z,IT-South,174.22,15
2026-08-27T01:45:00Z,LT,133.49,15
2026-08-27T01:45:00Z,LV,133.49,15
2026-08-27T01:45:00Z,NL,133.91,15
2026-08-27T01:45:00Z,NO1,134.78,15
2026-08-27T01:45:00Z,NO2,130.29,15
2026-08-27T01:45:00Z,NO3,189.16,15
2026-08-27T01:45:00Z,NO4,10.57,15
2026-08-27T01:45:00Z,NO5,141.53,15
2026-08-27T01:45:00Z,PL,134.02,15
2026-08-27T01:45:00Z,PT,171.41,15
2026-08-27T01:45:00Z,RO,169.81,15
2026-08-27T01:45:00Z,SE1,48.21,15
2026-08-27T01:45:00Z,SE2,73.60,15
2026-08-27T01:45:00Z,SE3,94.48,15
2026-08-27T01:45:00Z,SE4,100.46,15
2026-08-27T01:45:00Z,SI,160.98,15
2026-08-27T01:45:00Z,SK,143.75,15
2026-08-27T02:00:00Z,AT,166.00,15
2026-08-27T02:00:00Z,BE,134.98,15
2026-08-27T02:00:00Z,CH,137.99,60
2026-08-27T02:00:00Z,CZ,147.37,15
2026-08-27T02:00:00Z,DE-LU,133.70,15
2026-08-27T02:00:00Z,DK1,132.99,15
2026-08-27T02:00:00Z,DK2,133.30,15
2026-08-27T02:00:00Z,EE,70.69,15
2026-08-27T02:00:00Z,ES,158.60,15
2026-08-27T02:00:00Z,FI,70.63,15
2026-08-27T02:00:00Z,FR,137.53,15
2026-08-27T02:00:00Z,GR,169.58,15
2026-08-27T02:00:00Z,HR,166.00,15
2026-08-27T02:00:00Z,HU,166.00,15
2026-08-27T02:00:00Z,IT-CNorth,180.52,15
2026-08-27T02:00:00Z,IT-CSouth,180.52,15
2026-08-27T02:00:00Z,IT-North,180.52,15
2026-08-27T02:00:00Z,IT-Sardinia,180.52,15
2026-08-27T02:00:00Z,IT-South,180.52,15
2026-08-27T02:00:00Z,LT,133.84,15
2026-08-27T02:00:00Z,LV,133.84,15
2026-08-27T02:00:00Z,NL,133.79,15
2026-08-27T02:00:00Z,NO1,134.59,15
2026-08-27T02:00:00Z,NO2,130.09,15
2026-08-27T02:00:00Z,NO3,184.84,15
2026-08-27T02:00:00Z,NO4,10.29,15
2026-08-27T02:00:00Z,NO5,140.67,15
2026-08-27T02:00:00Z,PL,134.41,15
2026-08-27T02:00:00Z,PT,166.28,15
2026-08-27T02:00:00Z,RO,170.57,15
2026-08-27T02:00:00Z,RS,150.05,15
2026-08-27T02:00:00Z,SE1,40.82,15
2026-08-27T02:00:00Z,SE2,65.50,15
2026-08-27T02:00:00Z,SE3,90.00,15
2026-08-27T02:00:00Z,SE4,100.79,15
2026-08-27T02:00:00Z,SI,166.00,15
2026-08-27T02:00:00Z,SK,146.99,15
2026-08-27T02:15:00Z,AT,159.49,15
2026-08-27T02:15:00Z,BE,135.39,15
2026-08-27T02:15:00Z,CZ,147.67,15
2026-08-27T02:15:00Z,DE-LU,134.13,15
2026-08-27T02:15:00Z,DK1,133.43,15
2026-08-27T02:15:00Z,DK2,133.74,15
2026-08-27T02:15:00Z,EE,79.07,15
2026-08-27T02:15:00Z,ES,158.79,15
2026-08-27T02:15:00Z,FI,79.00,15
2026-08-27T02:15:00Z,FR,137.90,15
2026-08-27T02:15:00Z,GR,169.27,15
2026-08-27T02:15:00Z,HR,165.86,15
2026-08-27T02:15:00Z,HU,165.86,15
2026-08-27T02:15:00Z,IT-CNorth,166.00,15
2026-08-27T02:15:00Z,IT-CSouth,166.00,15
2026-08-27T02:15:00Z,IT-North,166.00,15
2026-08-27T02:15:00Z,IT-Sardinia,166.00,15
2026-08-27T02:15:00Z,IT-Sicily,210.84,15
2026-08-27T02:15:00Z,IT-South,166.00,15
2026-08-27T02:15:00Z,LT,134.20,15
2026-08-27T02:15:00Z,LV,134.20,15
2026-08-27T02:15:00Z,NL,134.22,15
2026-08-27T02:15:00Z,NO1,135.17,15
2026-08-27T02:15:00Z,NO2,130.66,15
2026-08-27T02:15:00Z,NO3,190.68,15
2026-08-27T02:15:00Z,NO4,10.48,15
2026-08-27T02:15:00Z,NO5,141.33,15
2026-08-27T02:15:00Z,PL,134.78,15
2026-08-27T02:15:00Z,RO,170.23,15
2026-08-27T02:15:00Z,SE1,44.40,15
2026-08-27T02:15:00Z,SE2,70.10,15
2026-08-27T02:15:00Z,SE3,93.59,15
2026-08-27T02:15:00Z,SE4,100.37,15
2026-08-27T02:15:00Z,SI,165.88,15
2026-08-27T02:15:00Z,SK,147.67,15
2026-08-27T02:30:00Z,AT,169.43,15
2026-08-27T02:30:00Z,BE,137.75,15
2026-08-27T02:30:00Z,CZ,150.45,15
2026-08-27T02:30:00Z,DE-LU,136.66,15
2026-08-27T02:30:00Z,DK1,136.02,15
2026-08-27T02:30:00Z,DK2,136.60,15
2026-08-27T02:30:00Z,EE,85.94,15
2026-08-27T02:30:00Z,ES,156.36,15
2026-08-27T02:30:00Z,FI,85.87,15
2026-08-27T02:30:00Z,FR,140.19,15
2026-08-27T02:30:00Z,GR,168.57,15
2026-08-27T02:30:00Z,HR,166.08,15
2026-08-27T02:30:00Z,HU,166.08,15
2026-08-27T02:30:00Z,IT-CNorth,176.50,15
2026-08-27T02:30:00Z,IT-CSouth,176.50,15
2026-08-27T02:30:00Z,IT-North,176.50,15
2026-08-27T02:30:00Z,IT-Sardinia,176.50,15
2026-08-27T02:30:00Z,IT-Sicily,208.26,15
2026-08-27T02:30:00Z,IT-South,176.50,15
2026-08-27T02:30:00Z,LT,140.06,15
2026-08-27T02:30:00Z,LV,140.06,15
2026-08-27T02:30:00Z,NL,136.62,15
2026-08-27T02:30:00Z,NO1,136.53,15
2026-08-27T02:30:00Z,NO2,132.86,15
2026-08-27T02:30:00Z,NO3,176.12,15
2026-08-27T02:30:00Z,NO4,10.71,15
2026-08-27T02:30:00Z,NO5,141.45,15
2026-08-27T02:30:00Z,PL,140.28,15
2026-08-27T02:30:00Z,RO,169.28,15
2026-08-27T02:30:00Z,SE1,46.20,15
2026-08-27T02:30:00Z,SE2,67.59,15
2026-08-27T02:30:00Z,SE3,108.64,15
2026-08-27T02:30:00Z,SE4,118.43,15
2026-08-27T02:30:00Z,SI,166.24,15
2026-08-27T02:30:00Z,SK,150.45,15
2026-08-27T02:45:00Z,AT,167.50,15
2026-08-27T02:45:00Z,BE,141.13,15
2026-08-27T02:45:00Z,CZ,151.76,15
2026-08-27T02:45:00Z,DE-LU,140.27,15
2026-08-27T02:45:00Z,DK1,139.75,15
2026-08-27T02:45:00Z,DK2,140.26,15
2026-08-27T02:45:00Z,EE,92.27,15
2026-08-27T02:45:00Z,ES,156.28,15
2026-08-27T02:45:00Z,FI,92.19,15
2026-08-27T02:45:00Z,FR,143.14,15
2026-08-27T02:45:00Z,GR,165.84,15
2026-08-27T02:45:00Z,HR,164.06,15
2026-08-27T02:45:00Z,HU,164.06,15
2026-08-27T02:45:00Z,IT-CNorth,176.47,15
2026-08-27T02:45:00Z,IT-CSouth,176.47,15
2026-08-27T02:45:00Z,IT-North,167.50,15
2026-08-27T02:45:00Z,IT-Sardinia,176.47,15
2026-08-27T02:45:00Z,IT-Sicily,205.61,15
2026-08-27T02:45:00Z,IT-South,176.47,15
2026-08-27T02:45:00Z,LT,143.56,15
2026-08-27T02:45:00Z,LV,143.56,15
2026-08-27T02:45:00Z,NL,140.22,15
2026-08-27T02:45:00Z,NO1,139.51,15
2026-08-27T02:45:00Z,NO2,136.19,15
2026-08-27T02:45:00Z,NO3,177.82,15
2026-08-27T02:45:00Z,NO4,10.72,15
2026-08-27T02:45:00Z,NO5,141.52,15
2026-08-27T02:45:00Z,PL,143.70,15
2026-08-27T02:45:00Z,RO,166.37,15
2026-08-27T02:45:00Z,SE1,55.35,15
2026-08-27T02:45:00Z,SE2,77.95,15
2026-08-27T02:45:00Z,SE3,110.00,15
2026-08-27T02:45:00Z,SE4,117.80,15
2026-08-27T02:45:00Z,SI,164.22,15
2026-08-27T02:45:00Z,SK,152.12,15
2026-08-27T03:00:00Z,AT,161.40,15
2026-08-27T03:00:00Z,BE,140.01,15
2026-08-27T03:00:00Z,CH,144.92,60
2026-08-27T03:00:00Z,CZ,148.32,15
2026-08-27T03:00:00Z,DE-LU,139.14,15
2026-08-27T03:00:00Z,DK1,138.67,15
2026-08-27T03:00:00Z,DK2,138.92,15
2026-08-27T03:00:00Z,EE,140.13,15
2026-08-27T03:00:00Z,ES,151.93,15
2026-08-27T03:00:00Z,FI,79.23,15
2026-08-27T03:00:00Z,FR,141.78,15
2026-08-27T03:00:00Z,GR,163.80,15
2026-08-27T03:00:00Z,HR,161.39,15
2026-08-27T03:00:00Z,HU,161.39,15
2026-08-27T03:00:00Z,IT-CNorth,161.40,15
2026-08-27T03:00:00Z,IT-CSouth,161.40,15
2026-08-27T03:00:00Z,IT-North,161.40,15
2026-08-27T03:00:00Z,IT-Sardinia,161.40,15
2026-08-27T03:00:00Z,IT-Sicily,213.42,15
2026-08-27T03:00:00Z,IT-South,161.40,15
2026-08-27T03:00:00Z,LT,140.13,15
2026-08-27T03:00:00Z,LV,140.13,15
2026-08-27T03:00:00Z,NL,139.20,15
2026-08-27T03:00:00Z,NO1,138.21,15
2026-08-27T03:00:00Z,NO2,136.20,15
2026-08-27T03:00:00Z,NO3,200.47,15
2026-08-27T03:00:00Z,NO4,10.46,15
2026-08-27T03:00:00Z,NO5,142.03,15
2026-08-27T03:00:00Z,PL,140.26,15
2026-08-27T03:00:00Z,PT,154.93,15
2026-08-27T03:00:00Z,RO,164.46,15
2026-08-27T03:00:00Z,RS,160.01,15
2026-08-27T03:00:00Z,SE1,46.36,15
2026-08-27T03:00:00Z,SE2,74.60,15
2026-08-27T03:00:00Z,SE3,89.99,15
2026-08-27T03:00:00Z,SE4,95.57,15
2026-08-27T03:00:00Z,SI,161.40,15
2026-08-27T03:00:00Z,SK,148.32,15
2026-08-27T03:15:00Z,AT,165.90,15
2026-08-27T03:15:00Z,BE,140.35,15
2026-08-27T03:15:00Z,CZ,150.80,15
2026-08-27T03:15:00Z,DE-LU,139.40,15
2026-08-27T03:15:00Z,DK1,138.89,15
2026-08-27T03:15:00Z,DK2,139.82,15
2026-08-27T03:15:00Z,EE,170.00,15
2026-08-27T03:15:00Z,ES,152.42,15
2026-08-27T03:15:00Z,FI,83.92,15
2026-08-27T03:15:00Z,FR,142.43,15
2026-08-27T03:15:00Z,GR,166.55,15
2026-08-27T03:15:00Z,HR,165.24,15
2026-08-27T03:15:00Z,HU,164.14,15
2026-08-27T03:15:00Z,IT-CNorth,165.90,15
2026-08-27T03:15:00Z,IT-CSouth,165.90,15
2026-08-27T03:15:00Z,IT-North,165.90,15
2026-08-27T03:15:00Z,IT-Sardinia,165.90,15
2026-08-27T03:15:00Z,IT-Sicily,221.10,15
2026-08-27T03:15:00Z,IT-South,165.90,15
2026-08-27T03:15:00Z,LT,170.00,15
2026-08-27T03:15:00Z,LV,170.00,15
2026-08-27T03:15:00Z,NL,139.40,15
2026-08-27T03:15:00Z,NO1,138.38,15
2026-08-27T03:15:00Z,NO2,135.91,15
2026-08-27T03:15:00Z,NO3,183.41,15
2026-08-27T03:15:00Z,NO4,10.83,15
2026-08-27T03:15:00Z,NO5,142.35,15
2026-08-27T03:15:00Z,PL,142.49,15
2026-08-27T03:15:00Z,RO,167.10,15
2026-08-27T03:15:00Z,SE1,44.34,15
2026-08-27T03:15:00Z,SE2,67.35,15
2026-08-27T03:15:00Z,SE3,105.70,15
2026-08-27T03:15:00Z,SE4,115.50,15
2026-08-27T03:15:00Z,SI,165.90,15
2026-08-27T03:15:00Z,SK,150.80,15
2026-08-27T03:30:00Z,AT,178.76,15
2026-08-27T03:30:00Z,BE,148.68,15
2026-08-27T03:30:00Z,CZ,160.88,15
2026-08-27T03:30:00Z,DE-LU,147.27,15
2026-08-27T03:30:00Z,DK1,143.83,15
2026-08-27T03:30:00Z,DK2,146.47,15
2026-08-27T03:30:00Z,EE,180.80,15
2026-08-27T03:30:00Z,ES,154.22,15
2026-08-27T03:30:00Z,FI,102.24,15
2026-08-27T03:30:00Z,FR,151.11,15
2026-08-27T03:30:00Z,GR,179.51,15
2026-08-27T03:30:00Z,HR,177.98,15
2026-08-27T03:30:00Z,HU,176.66,15
2026-08-27T03:30:00Z,IT-CNorth,178.76,15
2026-08-27T03:30:00Z,IT-CSouth,178.76,15
2026-08-27T03:30:00Z,IT-North,178.76,15
2026-08-27T03:30:00Z,IT-Sardinia,178.76,15
2026-08-27T03:30:00Z,IT-Sicily,230.00,15
2026-08-27T03:30:00Z,IT-South,178.76,15
2026-08-27T03:30:00Z,LT,180.80,15
2026-08-27T03:30:00Z,LV,180.80,15
2026-08-27T03:30:00Z,NL,147.62,15
2026-08-27T03:30:00Z,NO1,141.02,15
2026-08-27T03:30:00Z,NO2,140.17,15
2026-08-27T03:30:00Z,NO3,159.04,15
2026-08-27T03:30:00Z,NO4,10.88,15
2026-08-27T03:30:00Z,NO5,142.49,15
2026-08-27T03:30:00Z,PL,151.00,15
2026-08-27T03:30:00Z,PT,159.99,15
2026-08-27T03:30:00Z,RO,180.15,15
2026-08-27T03:30:00Z,SE1,59.15,15
2026-08-27T03:30:00Z,SE2,76.20,15
2026-08-27T03:30:00Z,SE3,130.00,15
2026-08-27T03:30:00Z,SE4,141.76,15
2026-08-27T03:30:00Z,SI,178.76,15
2026-08-27T03:30:00Z,SK,160.88,15
2026-08-27T03:45:00Z,AT,197.38,15
2026-08-27T03:45:00Z,BE,162.20,15
2026-08-27T03:45:00Z,CZ,178.97,15
2026-08-27T03:45:00Z,DE-LU,160.43,15
2026-08-27T03:45:00Z,DK1,145.74,15
2026-08-27T03:45:00Z,DK2,148.41,15
2026-08-27T03:45:00Z,EE,174.01,15
2026-08-27T03:45:00Z,ES,161.05,15
2026-08-27T03:45:00Z,FI,140.42,15
2026-08-27T03:45:00Z,FR,165.18,15
2026-08-27T03:45:00Z,GR,192.03,15
2026-08-27T03:45:00Z,HR,194.81,15
2026-08-27T03:45:00Z,HU,190.85,15
2026-08-27T03:45:00Z,IT-CNorth,197.38,15
2026-08-27T03:45:00Z,IT-CSouth,197.38,15
2026-08-27T03:45:00Z,IT-North,197.38,15
2026-08-27T03:45:00Z,IT-Sardinia,197.38,15
2026-08-27T03:45:00Z,IT-Sicily,222.05,15
2026-08-27T03:45:00Z,IT-South,197.38,15
2026-08-27T03:45:00Z,LT,174.01,15
2026-08-27T03:45:00Z,LV,174.01,15
2026-08-27T03:45:00Z,NL,160.79,15
2026-08-27T03:45:00Z,NO1,144.97,15
2026-08-27T03:45:00Z,NO2,145.13,15
2026-08-27T03:45:00Z,NO3,142.53,15
2026-08-27T03:45:00Z,NO4,10.91,15
2026-08-27T03:45:00Z,NO5,144.74,15
2026-08-27T03:45:00Z,PL,173.65,15
2026-08-27T03:45:00Z,PT,166.28,15
2026-08-27T03:45:00Z,RO,191.98,15
2026-08-27T03:45:00Z,SE1,112.01,15
2026-08-27T03:45:00Z,SE2,128.54,15
2026-08-27T03:45:00Z,SE3,146.27,15
2026-08-27T03:45:00Z,SE4,148.48,15
2026-08-27T03:45:00Z,SI,197.38,15
2026-08-27T03:45:00Z,SK,183.84,15
2026-08-27T04:00:00Z,AT,189.79,15
2026-08-27T04:00:00Z,BE,161.70,15
2026-08-27T04:00:00Z,CH,160.10,60
2026-08-27T04:00:00Z,CZ,175.23,15
2026-08-27T04:00:00Z,DE-LU,160.45,15
2026-08-27T04:00:00Z,DK1,151.68,15
2026-08-27T04:00:00Z,DK2,154.47,15
2026-08-27T04:00:00Z,EE,157.63,15
2026-08-27T04:00:00Z,ES,163.23,15
2026-08-27T04:00:00Z,FI,99.15,15
2026-08-27T04:00:00Z,FR,163.22,15
2026-08-27T04:00:00Z,GR,183.70,15
2026-08-27T04:00:00Z,HR,187.28,15
2026-08-27T04:00:00Z,HU,183.33,15
2026-08-27T04:00:00Z,IT-CNorth,189.79,15
2026-08-27T04:00:00Z,IT-CSouth,189.79,15
2026-08-27T04:00:00Z,IT-North,189.79,15
2026-08-27T04:00:00Z,IT-Sardinia,189.79,15
2026-08-27T04:00:00Z,IT-Sicily,209.97,15
2026-08-27T04:00:00Z,IT-South,189.79,15
2026-08-27T04:00:00Z,LT,157.63,15
2026-08-27T04:00:00Z,LV,157.63,15
2026-08-27T04:00:00Z,NL,160.87,15
2026-08-27T04:00:00Z,NO1,144.48,15
2026-08-27T04:00:00Z,NO2,146.51,15
2026-08-27T04:00:00Z,NO3,161.09,15
2026-08-27T04:00:00Z,NO4,10.90,15
2026-08-27T04:00:00Z,NO5,142.84,15
2026-08-27T04:00:00Z,PL,171.17,15
2026-08-27T04:00:00Z,PT,163.22,15
2026-08-27T04:00:00Z,RO,183.45,15
2026-08-27T04:00:00Z,RS,180.00,15
2026-08-27T04:00:00Z,SE1,45.77,15
2026-08-27T04:00:00Z,SE2,60.49,15
2026-08-27T04:00:00Z,SE3,137.69,15
2026-08-27T04:00:00Z,SE4,155.02,15
2026-08-27T04:00:00Z,SI,189.79,15
2026-08-27T04:00:00Z,SK,180.37,15
2026-08-27T04:15:00Z,AT,202.49,15
2026-08-27T04:15:00Z,BE,170.42,15
2026-08-27T04:15:00Z,CZ,186.33,15
2026-08-27T04:15:00Z,DE-LU,169.22,15
2026-08-27T04:15:00Z,DK1,156.90,15
2026-08-27T04:15:00Z,DK2,159.79,15
2026-08-27T04:15:00Z,EE,162.93,15
2026-08-27T04:15:00Z,ES,171.30,15
2026-08-27T04:15:00Z,FI,108.82,15
2026-08-27T04:15:00Z,FR,170.80,15
2026-08-27T04:15:00Z,GR,195.80,15
2026-08-27T04:15:00Z,HR,199.74,15
2026-08-27T04:15:00Z,HU,195.39,15
2026-08-27T04:15:00Z,IT-CNorth,202.49,15
2026-08-27T04:15:00Z,IT-CSouth,202.49,15
2026-08-27T04:15:00Z,IT-North,202.49,15
2026-08-27T04:15:00Z,IT-Sardinia,202.49,15
2026-08-27T04:15:00Z,IT-Sicily,202.49,15
2026-08-27T04:15:00Z,IT-South,202.49,15
2026-08-27T04:15:00Z,LT,162.93,15
2026-08-27T04:15:00Z,LV,162.93,15
2026-08-27T04:15:00Z,NL,169.67,15
2026-08-27T04:15:00Z,NO1,147.99,15
2026-08-27T04:15:00Z,NO2,151.12,15
2026-08-27T04:15:00Z,NO3,158.89,15
2026-08-27T04:15:00Z,NO4,11.00,15
2026-08-27T04:15:00Z,NO5,144.65,15
2026-08-27T04:15:00Z,PL,182.12,15
2026-08-27T04:15:00Z,PT,170.80,15
2026-08-27T04:15:00Z,RO,195.52,15
2026-08-27T04:15:00Z,SE1,57.18,15
2026-08-27T04:15:00Z,SE2,71.79,15
2026-08-27T04:15:00Z,SE3,144.43,15
2026-08-27T04:15:00Z,SE4,160.34,15
2026-08-27T04:15:00Z,SI,202.49,15
2026-08-27T04:15:00Z,SK,192.13,15
2026-08-27T04:30:00Z,AT,205.40,15
2026-08-27T04:30:00Z,BE,171.24,15
2026-08-27T04:30:00Z,CZ,188.33,15
2026-08-27T04:30:00Z,DE-LU,170.35,15
2026-08-27T04:30:00Z,DK1,157.99,15
2026-08-27T04:30:00Z,DK2,160.89,15
2026-08-27T04:30:00Z,EE,163.16,15
2026-08-27T04:30:00Z,ES,171.40,15
2026-08-27T04:30:00Z,FI,120.17,15
2026-08-27T04:30:00Z,FR,171.40,15
2026-08-27T04:30:00Z,GR,198.34,15
2026-08-27T04:30:00Z,HR,202.49,15
2026-08-27T04:30:00Z,HU,197.90,15
2026-08-27T04:30:00Z,IT-CNorth,205.40,15
2026-08-27T04:30:00Z,IT-CSouth,205.40,15
2026-08-27T04:30:00Z,IT-North,205.40,15
2026-08-27T04:30:00Z,IT-Sardinia,205.40,15
2026-08-27T04:30:00Z,IT-Sicily,205.40,15
2026-08-27T04:30:00Z,IT-South,205.40,15
2026-08-27T04:30:00Z,LT,163.16,15
2026-08-27T04:30:00Z,LV,163.16,15
2026-08-27T04:30:00Z,NL,170.43,15
2026-08-27T04:30:00Z,NO1,153.16,15
2026-08-27T04:30:00Z,NO2,152.89,15
2026-08-27T04:30:00Z,NO3,159.00,15
2026-08-27T04:30:00Z,NO4,11.10,15
2026-08-27T04:30:00Z,NO5,146.78,15
2026-08-27T04:30:00Z,PL,183.90,15
2026-08-27T04:30:00Z,PT,171.40,15
2026-08-27T04:30:00Z,RO,198.04,15
2026-08-27T04:30:00Z,SE1,73.25,15
2026-08-27T04:30:00Z,SE2,89.20,15
2026-08-27T04:30:00Z,SE3,148.61,15
2026-08-27T04:30:00Z,SE4,161.29,15
2026-08-27T04:30:00Z,SI,205.40,15
2026-08-27T04:30:00Z,SK,194.46,15
2026-08-27T04:45:00Z,AT,203.00,15
2026-08-27T04:45:00Z,BE,171.98,15
2026-08-27T04:45:00Z,CZ,187.17,15
2026-08-27T04:45:00Z,DE-LU,170.31,15
2026-08-27T04:45:00Z,DK1,157.46,15
2026-08-27T04:45:00Z,DK2,160.36,15
2026-08-27T04:45:00Z,EE,162.16,15
2026-08-27T04:45:00Z,ES,174.55,15
2026-08-27T04:45:00Z,FI,131.00,15
2026-08-27T04:45:00Z,FR,174.55,15
2026-08-27T04:45:00Z,GR,196.46,15
2026-08-27T04:45:00Z,HR,200.28,15
2026-08-27T04:45:00Z,HU,196.06,15
2026-08-27T04:45:00Z,IT-CNorth,203.00,15
2026-08-27T04:45:00Z,IT-CSouth,203.00,15
2026-08-27T04:45:00Z,IT-North,203.00,15
2026-08-27T04:45:00Z,IT-Sardinia,203.00,15
2026-08-27T04:45:00Z,IT-Sicily,203.00,15
2026-08-27T04:45:00Z,IT-South,203.00,15
2026-08-27T04:45:00Z,LT,162.16,15
2026-08-27T04:45:00Z,LV,162.16,15
2026-08-27T04:45:00Z,NL,170.86,15
2026-08-27T04:45:00Z,NO1,152.54,15
2026-08-27T04:45:00Z,NO2,152.53,15
2026-08-27T04:45:00Z,NO3,153.68,15
2026-08-27T04:45:00Z,NO4,11.25,15
2026-08-27T04:45:00Z,NO5,148.28,15
2026-08-27T04:45:00Z,PL,183.18,15
2026-08-27T04:45:00Z,PT,174.55,15
2026-08-27T04:45:00Z,RO,196.19,15
2026-08-27T04:45:00Z,SE1,90.09,15
2026-08-27T04:45:00Z,SE2,106.00,15
2026-08-27T04:45:00Z,SE3,151.62,15
2026-08-27T04:45:00Z,SE4,160.67,15
2026-08-27T04:45:00Z,SI,203.00,15
2026-08-27T04:45:00Z,SK,192.89,15
2026-08-27T05:00:00Z,AT,209.51,15
2026-08-27T05:00:00Z,BE,177.34,15
2026-08-27T05:00:00Z,CH,164.93,60
2026-08-27T05:00:00Z,CZ,186.43,15
2026-08-27T05:00:00Z,DE-LU,176.04,15
2026-08-27T05:00:00Z,DK1,166.00,15
2026-08-27T05:00:00Z,DK2,174.83,15
2026-08-27T05:00:00Z,EE,176.96,15
2026-08-27T05:00:00Z,ES,173.17,15
2026-08-27T05:00:00Z,FI,152.75,15
2026-08-27T05:00:00Z,FR,176.67,15
2026-08-27T05:00:00Z,GR,198.44,15
2026-08-27T05:00:00Z,HR,200.11,15
2026-08-27T05:00:00Z,HU,199.37,15
2026-08-27T05:00:00Z,IT-CNorth,209.51,15
2026-08-27T05:00:00Z,IT-CSouth,209.51,15
2026-08-27T05:00:00Z,IT-North,209.51,15
2026-08-27T05:00:00Z,IT-Sardinia,209.51,15
2026-08-27T05:00:00Z,IT-Sicily,209.51,15
2026-08-27T05:00:00Z,IT-South,209.51,15
2026-08-27T05:00:00Z,LT,176.96,15
2026-08-27T05:00:00Z,LV,176.96,15
2026-08-27T05:00:00Z,NL,177.50,15
2026-08-27T05:00:00Z,NO1,158.99,15
2026-08-27T05:00:00Z,NO2,160.14,15
2026-08-27T05:00:00Z,NO3,144.58,15
2026-08-27T05:00:00Z,NO4,12.16,15
2026-08-27T05:00:00Z,NO5,154.51,15
2026-08-27T05:00:00Z,PL,185.18,15
2026-08-27T05:00:00Z,PT,176.67,15
2026-08-27T05:00:00Z,RO,198.32,15
2026-08-27T05:00:00Z,RS,190.04,15
2026-08-27T05:00:00Z,SE1,115.92,15
2026-08-27T05:00:00Z,SE2,130.44,15
2026-08-27T05:00:00Z,SE3,167.82,15
2026-08-27T05:00:00Z,SE4,175.21,15
2026-08-27T05:00:00Z,SI,200.32,15
2026-08-27T05:00:00Z,SK,195.29,15
2026-08-27T05:15:00Z,AT,192.55,15
2026-08-27T05:15:00Z,BE,177.63,15
2026-08-27T05:15:00Z,CZ,181.42,15
2026-08-27T05:15:00Z,DE-LU,176.34,15
2026-08-27T05:15:00Z,DK1,168.71,15
2026-08-27T05:15:00Z,DK2,175.09,15
2026-08-27T05:15:00Z,EE,161.37,15
2026-08-27T05:15:00Z,ES,174.54,15
2026-08-27T05:15:00Z,FI,157.76,15
2026-08-27T05:15:00Z,FR,178.04,15
2026-08-27T05:15:00Z,GR,187.17,15
2026-08-27T05:15:00Z,HR,187.97,15
2026-08-27T05:15:00Z,HU,187.62,15
2026-08-27T05:15:00Z,IT-CNorth,209.50,15
2026-08-27T05:15:00Z,IT-CSouth,209.50,15
2026-08-27T05:15:00Z,IT-North,209.50,15
2026-08-27T05:15:00Z,IT-Sardinia,209.50,15
2026-08-27T05:15:00Z,IT-Sicily,209.50,15
2026-08-27T05:15:00Z,IT-South,209.50,15
2026-08-27T05:15:00Z,LT,161.37,15
2026-08-27T05:15:00Z,LV,161.37,15
2026-08-27T05:15:00Z,NL,177.70,15
2026-08-27T05:15:00Z,NO1,162.49,15
2026-08-27T05:15:00Z,NO2,163.13,15
2026-08-27T05:15:00Z,NO3,158.81,15
2026-08-27T05:15:00Z,NO4,12.43,15
2026-08-27T05:15:00Z,NO5,156.68,15
2026-08-27T05:15:00Z,PL,180.75,15
2026-08-27T05:15:00Z,PT,178.04,15
2026-08-27T05:15:00Z,RO,187.11,15
2026-08-27T05:15:00Z,SE1,128.90,15
2026-08-27T05:15:00Z,SE2,147.71,15
2026-08-27T05:15:00Z,SE3,160.55,15
2026-08-27T05:15:00Z,SE4,161.61,15
2026-08-27T05:15:00Z,SI,188.06,15
2026-08-27T05:15:00Z,SK,185.66,15
2026-08-27T05:30:00Z,AT,175.27,15
2026-08-27T05:30:00Z,BE,174.88,15
2026-08-27T05:30:00Z,CZ,174.95,15
2026-08-27T05:30:00Z,DE-LU,174.79,15
2026-08-27T05:30:00Z,DK1,174.55,15
2026-08-27T05:30:00Z,DK2,174.75,15
2026-08-27T05:30:00Z,EE,163.02,15
2026-08-27T05:30:00Z,ES,172.88,15
2026-08-27T05:30:00Z,FI,159.91,15
2026-08-27T05:30:00Z,FR,174.88,15
2026-08-27T05:30:00Z,GR,175.11,15
2026-08-27T05:30:00Z,HR,175.13,15
2026-08-27T05:30:00Z,HU,175.12,15
2026-08-27T05:30:00Z,IT-CNorth,213.41,15
2026-08-27T05:30:00Z,IT-CSouth,213.41,15
2026-08-27T05:30:00Z,IT-North,213.41,15
2026-08-27T05:30:00Z,IT-Sardinia,213.41,15
2026-08-27T05:30:00Z,IT-Sicily,213.41,15
2026-08-27T05:30:00Z,IT-South,213.41,15
2026-08-27T05:30:00Z,LT,163.02,15
2026-08-27T05:30:00Z,LV,163.02,15
2026-08-27T05:30:00Z,NL,174.79,15
2026-08-27T05:30:00Z,NO1,165.35,15
2026-08-27T05:30:00Z,NO2,166.53,15
2026-08-27T05:30:00Z,NO4,12.78,15
2026-08-27T05:30:00Z,NO5,154.44,15
2026-08-27T05:30:00Z,PL,174.92,15
2026-08-27T05:30:00Z,PT,174.88,15
2026-08-27T05:30:00Z,RO,175.11,15
2026-08-27T05:30:00Z,SE1,130.95,15
2026-08-27T05:30:00Z,SE2,150.12,15
2026-08-27T05:30:00Z,SE3,162.45,15
2026-08-27T05:30:00Z,SE4,163.40,15
2026-08-27T05:30:00Z,SI,175.14,15
2026-08-27T05:30:00Z,SK,175.07,15
2026-08-27T05:45:00Z,AT,170.47,15
2026-08-27T05:45:00Z,BE,173.69,15
2026-08-27T05:45:00Z,CZ,170.06,15
2026-08-27T05:45:00Z,DE-LU,169.41,15
2026-08-27T05:45:00Z,DK1,167.70,15
2026-08-27T05:45:00Z,DK2,168.95,15
2026-08-27T05:45:00Z,EE,160.41,15
2026-08-27T05:45:00Z,ES,170.00,15
2026-08-27T05:45:00Z,FI,157.63,15
2026-08-27T05:45:00Z,FR,172.94,15
2026-08-27T05:45:00Z,GR,170.28,15
2026-08-27T05:45:00Z,HR,170.42,15
2026-08-27T05:45:00Z,HU,170.27,15
2026-08-27T05:45:00Z,IT-CNorth,216.11,15
2026-08-27T05:45:00Z,IT-CSouth,216.11,15
2026-08-27T05:45:00Z,IT-North,216.11,15
2026-08-27T05:45:00Z,IT-Sardinia,216.11,15
2026-08-27T05:45:00Z,IT-Sicily,216.11,15
2026-08-27T05:45:00Z,IT-South,216.11,15
2026-08-27T05:45:00Z,LT,160.41,15
2026-08-27T05:45:00Z,LV,160.41,15
2026-08-27T05:45:00Z,NL,165.51,15
2026-08-27T05:45:00Z,NO1,161.80,15
2026-08-27T05:45:00Z,NO2,162.06,15
2026-08-27T05:45:00Z,NO3,160.60,15
2026-08-27T05:45:00Z,NO4,13.23,15
2026-08-27T05:45:00Z,NO5,159.27,15
2026-08-27T05:45:00Z,PL,140.19,15
2026-08-27T05:45:00Z,PT,173.30,15
2026-08-27T05:45:00Z,RO,170.27,15
2026-08-27T05:45:00Z,SE1,129.28,15
2026-08-27T05:45:00Z,SE2,148.09,15
2026-08-27T05:45:00Z,SE3,159.90,15
2026-08-27T05:45:00Z,SE4,160.68,15
2026-08-27T05:45:00Z,SI,170.51,15
2026-08-27T05:45:00Z,SK,170.15,15
2026-08-27T06:00:00Z,AT,178.62,15
2026-08-27T06:00:00Z,BE,186.10,15
2026-08-27T06:00:00Z,CH,159.30,60
2026-08-27T06:00:00Z,CZ,177.66,15
2026-08-27T06:00:00Z,DE-LU,176.02,15
2026-08-27T06:00:00Z,DK1,171.71,15
2026-08-27T06:00:00Z,DK2,174.84,15
2026-08-27T06:00:00Z,EE,163.80,15
2026-08-27T06:00:00Z,ES,185.95,15
2026-08-27T06:00:00Z,FI,161.02,15
2026-08-27T06:00:00Z,FR,184.18,15
2026-08-27T06:00:00Z,GR,178.14,15
2026-08-27T06:00:00Z,HR,178.48,15
2026-08-27T06:00:00Z,HU,178.13,15
2026-08-27T06:00:00Z,IT-CNorth,232.96,15
2026-08-27T06:00:00Z,IT-CSouth,232.96,15
2026-08-27T06:00:00Z,IT-North,232.96,15
2026-08-27T06:00:00Z,IT-Sardinia,232.96,15
2026-08-27T06:00:00Z,IT-Sicily,232.96,15
2026-08-27T06:00:00Z,IT-South,232.96,15
2026-08-27T06:00:00Z,LT,163.80,15
2026-08-27T06:00:00Z,LV,163.80,15
2026-08-27T06:00:00Z,NL,169.11,15
2026-08-27T06:00:00Z,NO1,164.95,15
2026-08-27T06:00:00Z,NO2,164.92,15
2026-08-27T06:00:00Z,NO3,165.41,15
2026-08-27T06:00:00Z,NO4,11.98,15
2026-08-27T06:00:00Z,NO5,164.99,15
2026-08-27T06:00:00Z,PL,155.70,15
2026-08-27T06:00:00Z,PT,184.18,15
2026-08-27T06:00:00Z,RO,178.14,15
2026-08-27T06:00:00Z,RS,139.96,15
2026-08-27T06:00:00Z,SE1,131.71,15
2026-08-27T06:00:00Z,SE2,150.80,15
2026-08-27T06:00:00Z,SE3,163.29,15
2026-08-27T06:00:00Z,SE4,164.04,15
2026-08-27T06:00:00Z,SI,178.70,15
2026-08-27T06:00:00Z,SK,177.85,15
2026-08-27T06:15:00Z,AT,172.22,15
2026-08-27T06:15:00Z,BE,178.08,15
2026-08-27T06:15:00Z,CZ,171.48,15
2026-08-27T06:15:00Z,DE-LU,170.22,15
2026-08-27T06:15:00Z,DK1,168.98,15
2026-08-27T06:15:00Z,DK2,169.73,15
2026-08-27T06:15:00Z,EE,159.99,15
2026-08-27T06:15:00Z,ES,179.61,15
2026-08-27T06:15:00Z,FI,154.89,15
2026-08-27T06:15:00Z,FR,176.46,15
2026-08-27T06:15:00Z,GR,143.26,15
2026-08-27T06:15:00Z,HR,172.11,15
2026-08-27T06:15:00Z,HU,171.85,15
2026-08-27T06:15:00Z,LT,159.99,15
2026-08-27T06:15:00Z,LV,159.99,15
2026-08-27T06:15:00Z,NL,166.62,15
2026-08-27T06:15:00Z,NO1,158.65,15
2026-08-27T06:15:00Z,NO2,158.62,15
2026-08-27T06:15:00Z,NO3,159.09,15
2026-08-27T06:15:00Z,NO4,12.39,15
2026-08-27T06:15:00Z,NO5,158.69,15
2026-08-27T06:15:00Z,PL,161.39,15
2026-08-27T06:15:00Z,PT,176.46,15
2026-08-27T06:15:00Z,RO,171.86,15
2026-08-27T06:15:00Z,SE1,126.87,15
2026-08-27T06:15:00Z,SE2,145.12,15
2026-08-27T06:15:00Z,SE3,157.06,15
2026-08-27T06:15:00Z,SE4,157.78,15
2026-08-27T06:15:00Z,SI,172.28,15
2026-08-27T06:15:00Z,SK,171.64,15
2026-08-27T06:30:00Z,AT,166.00,15
2026-08-27T06:30:00Z,BE,176.93,15
2026-08-27T06:30:00Z,CZ,166.88,15
2026-08-27T06:30:00Z,DE-LU,157.54,15
2026-08-27T06:30:00Z,DK1,154.45,15
2026-08-27T06:30:00Z,DK2,155.38,15
2026-08-27T06:30:00Z,EE,146.80,15
2026-08-27T06:30:00Z,ES,173.73,15
2026-08-27T06:30:00Z,FI,146.80,15
2026-08-27T06:30:00Z,FR,173.63,15
2026-08-27T06:30:00Z,GR,133.00,15
2026-08-27T06:30:00Z,HR,166.15,15
2026-08-27T06:30:00Z,HU,165.91,15
2026-08-27T06:30:00Z,IT-CNorth,231.14,15
2026-08-27T06:30:00Z,IT-CSouth,231.14,15
2026-08-27T06:30:00Z,IT-North,231.14,15
2026-08-27T06:30:00Z,IT-Sardinia,231.14,15
2026-08-27T06:30:00Z,IT-Sicily,231.14,15
2026-08-27T06:30:00Z,IT-South,231.14,15
2026-08-27T06:30:00Z,LT,148.59,15
2026-08-27T06:30:00Z,LV,148.59,15
2026-08-27T06:30:00Z,NL,146.42,15
2026-08-27T06:30:00Z,NO1,150.33,15
2026-08-27T06:30:00Z,NO2,150.30,15
2026-08-27T06:30:00Z,NO3,150.74,15
2026-08-27T06:30:00Z,NO4,12.80,15
2026-08-27T06:30:00Z,NO5,150.37,15
2026-08-27T06:30:00Z,PL,145.97,15
2026-08-27T06:30:00Z,PT,173.63,15
2026-08-27T06:30:00Z,RO,164.64,15
2026-08-27T06:30:00Z,SE1,120.44,15
2026-08-27T06:30:00Z,SE2,137.61,15
2026-08-27T06:30:00Z,SE3,148.84,15
2026-08-27T06:30:00Z,SE4,149.51,15
2026-08-27T06:30:00Z,SI,166.60,15
2026-08-27T06:30:00Z,SK,167.08,15
2026-08-27T06:45:00Z,AT,151.21,15
2026-08-27T06:45:00Z,BE,178.00,15
2026-08-27T06:45:00Z,CZ,150.71,15
2026-08-27T06:45:00Z,DE-LU,137.77,15
2026-08-27T06:45:00Z,DK1,133.11,15
2026-08-27T06:45:00Z,DK2,135.54,15
2026-08-27T06:45:00Z,EE,126.07,15
2026-08-27T06:45:00Z,ES,170.20,15
2026-08-27T06:45:00Z,FI,126.07,15
2026-08-27T06:45:00Z,FR,170.20,15
2026-08-27T06:45:00Z,GR,130.00,15
2026-08-27T06:45:00Z,HR,150.94,15
2026-08-27T06:45:00Z,HU,149.93,15
2026-08-27T06:45:00Z,IT-CNorth,202.04,15
2026-08-27T06:45:00Z,IT-CSouth,202.04,15
2026-08-27T06:45:00Z,IT-North,202.04,15
2026-08-27T06:45:00Z,IT-Sardinia,202.04,15
2026-08-27T06:45:00Z,IT-Sicily,202.04,15
2026-08-27T06:45:00Z,IT-South,202.04,15
2026-08-27T06:45:00Z,LT,126.92,15
2026-08-27T06:45:00Z,LV,126.92,15
2026-08-27T06:45:00Z,NL,114.03,15
2026-08-27T06:45:00Z,NO1,143.44,15
2026-08-27T06:45:00Z,NO2,142.13,15
2026-08-27T06:45:00Z,NO3,160.20,15
2026-08-27T06:45:00Z,NO4,13.07,15
2026-08-27T06:45:00Z,NO5,145.45,15
2026-08-27T06:45:00Z,PL,123.50,15
2026-08-27T06:45:00Z,PT,170.20,15
2026-08-27T06:45:00Z,RO,148.42,15
2026-08-27T06:45:00Z,SE1,99.02,15
2026-08-27T06:45:00Z,SE2,118.44,15
2026-08-27T06:45:00Z,SE3,129.99,15
2026-08-27T06:45:00Z,SE4,131.89,15
2026-08-27T06:45:00Z,SI,151.94,15
2026-08-27T06:45:00Z,SK,150.71,15
2026-08-27T07:00:00Z,AT,167.70,15
2026-08-27T07:00:00Z,BE,195.55,15
2026-08-27T07:00:00Z,CH,140.10,60
2026-08-27T07:00:00Z,CZ,167.57,15
2026-08-27T07:00:00Z,DE-LU,151.28,15
2026-08-27T07:00:00Z,DK1,145.06,15
2026-08-27T07:00:00Z,DK2,147.30,15
2026-08-27T07:00:00Z,EE,139.03,15
2026-08-27T07:00:00Z,ES,181.02,15
2026-08-27T07:00:00Z,FI,139.02,15
2026-08-27T07:00:00Z,FR,187.75,15
2026-08-27T07:00:00Z,GR,155.81,15
2026-08-27T07:00:00Z,HR,167.72,15
2026-08-27T07:00:00Z,HU,166.85,15
2026-08-27T07:00:00Z,IT-CNorth,221.48,15
2026-08-27T07:00:00Z,IT-CSouth,221.48,15
2026-08-27T07:00:00Z,IT-North,221.48,15
2026-08-27T07:00:00Z,IT-Sardinia,221.48,15
2026-08-27T07:00:00Z,IT-Sicily,221.48,15
2026-08-27T07:00:00Z,IT-South,221.48,15
2026-08-27T07:00:00Z,LT,141.39,15
2026-08-27T07:00:00Z,LV,141.39,15
2026-08-27T07:00:00Z,NL,122.87,15
2026-08-27T07:00:00Z,NO1,142.37,15
2026-08-27T07:00:00Z,NO2,142.35,15
2026-08-27T07:00:00Z,NO3,142.76,15
2026-08-27T07:00:00Z,NO4,12.03,15
2026-08-27T07:00:00Z,NO5,142.41,15
2026-08-27T07:00:00Z,PL,137.51,15
2026-08-27T07:00:00Z,PT,180.01,15
2026-08-27T07:00:00Z,RO,165.08,15
2026-08-27T07:00:00Z,SE1,113.88,15
2026-08-27T07:00:00Z,SE2,129.93,15
2026-08-27T07:00:00Z,SE3,140.96,15
2026-08-27T07:00:00Z,SE4,141.60,15
2026-08-27T07:00:00Z,SI,168.71,15
2026-08-27T07:00:00Z,SK,167.82,15
2026-08-27T07:15:00Z,AT,151.38,15
2026-08-27T07:15:00Z,BE,185.87,15
2026-08-27T07:15:00Z,CZ,152.67,15
2026-08-27T07:15:00Z,DE-LU,132.34,15
2026-08-27T07:15:00Z,DK1,130.28,15
2026-08-27T07:15:00Z,DK2,130.87,15
2026-08-27T07:15:00Z,EE,110.84,15
2026-08-27T07:15:00Z,ES,172.99,15
2026-08-27T07:15:00Z,FI,110.83,15
2026-08-27T07:15:00Z,FR,172.99,15
2026-08-27T07:15:00Z,GR,138.20,15
2026-08-27T07:15:00Z,HR,151.82,15
2026-08-27T07:15:00Z,HU,151.08,15
2026-08-27T07:15:00Z,IT-CNorth,212.29,15
2026-08-27T07:15:00Z,IT-CSouth,212.29,15
2026-08-27T07:15:00Z,IT-North,212.29,15
2026-08-27T07:15:00Z,IT-Sardinia,212.29,15
2026-08-27T07:15:00Z,IT-Sicily,212.29,15
2026-08-27T07:15:00Z,IT-South,212.29,15
2026-08-27T07:15:00Z,LT,117.03,15
2026-08-27T07:15:00Z,LV,117.03,15
2026-08-27T07:15:00Z,NL,120.72,15
2026-08-27T07:15:00Z,NO1,136.75,15
2026-08-27T07:15:00Z,NO2,134.65,15
2026-08-27T07:15:00Z,NO3,163.67,15
2026-08-27T07:15:00Z,NO4,12.45,15
2026-08-27T07:15:00Z,NO5,139.99,15
2026-08-27T07:15:00Z,PL,111.55,15
2026-08-27T07:15:00Z,PT,172.99,15
2026-08-27T07:15:00Z,RO,148.60,15
2026-08-27T07:15:00Z,SE1,83.52,15
2026-08-27T07:15:00Z,SE2,104.01,15
2026-08-27T07:15:00Z,SE3,115.89,15
2026-08-27T07:15:00Z,SE4,118.57,15
2026-08-27T07:15:00Z,SI,152.91,15
2026-08-27T07:15:00Z,SK,152.85,15
2026-08-27T07:30:00Z,AT,132.17,15
2026-08-27T07:30:00Z,BE,162.51,15
2026-08-27T07:30:00Z,CZ,132.52,15
2026-08-27T07:30:00Z,DE-LU,116.91,15
2026-08-27T07:30:00Z,DK1,115.21,15
2026-08-27T07:30:00Z,DK2,116.55,15
2026-08-27T07:30:00Z,EE,75.76,15
2026-08-27T07:30:00Z,ES,151.89,15
2026-08-27T07:30:00Z,FI,75.76,15
2026-08-27T07:30:00Z,FR,151.39,15
2026-08-27T07:30:00Z,GR,130.00,15
2026-08-27T07:30:00Z,HR,132.45,15
2026-08-27T07:30:00Z,HU,131.69,15
2026-08-27T07:30:00Z,IT-CNorth,197.38,15
2026-08-27T07:30:00Z,IT-CSouth,197.38,15
2026-08-27T07:30:00Z,IT-North,197.38,15
2026-08-27T07:30:00Z,IT-Sardinia,197.38,15
2026-08-27T07:30:00Z,IT-Sicily,197.38,15
2026-08-27T07:30:00Z,IT-South,197.38,15
2026-08-27T07:30:00Z,LT,87.10,15
2026-08-27T07:30:00Z,LV,87.10,15
2026-08-27T07:30:00Z,NL,106.90,15
2026-08-27T07:30:00Z,NO1,131.72,15
2026-08-27T07:30:00Z,NO2,126.86,15
2026-08-27T07:30:00Z,NO3,193.86,15
2026-08-27T07:30:00Z,NO4,12.49,15
2026-08-27T07:30:00Z,NO5,139.20,15
2026-08-27T07:30:00Z,PL,102.91,15
2026-08-27T07:30:00Z,PT,151.39,15
2026-08-27T07:30:00Z,RO,129.94,15
2026-08-27T07:30:00Z,SE1,45.00,15
2026-08-27T07:30:00Z,SE2,71.74,15
2026-08-27T07:30:00Z,SE3,85.00,15
2026-08-27T07:30:00Z,SE4,90.40,15
2026-08-27T07:30:00Z,SI,133.37,15
2026-08-27T07:30:00Z,SK,132.79,15
2026-08-27T07:45:00Z,AT,114.71,15
2026-08-27T07:45:00Z,BE,164.83,15
2026-08-27T07:45:00Z,CZ,110.70,15
2026-08-27T07:45:00Z,DE-LU,98.08,15
2026-08-27T07:45:00Z,DK1,95.89,15
2026-08-27T07:45:00Z,DK2,97.63,15
2026-08-27T07:45:00Z,EE,72.52,15
2026-08-27T07:45:00Z,ES,138.49,15
2026-08-27T07:45:00Z,FI,72.52,15
2026-08-27T07:45:00Z,FR,147.70,15
2026-08-27T07:45:00Z,GR,89.00,15
2026-08-27T07:45:00Z,HR,114.47,15
2026-08-27T07:45:00Z,HU,112.65,15
2026-08-27T07:45:00Z,IT-CNorth,188.85,15
2026-08-27T07:45:00Z,IT-CSouth,188.85,15
2026-08-27T07:45:00Z,IT-North,188.85,15
2026-08-27T07:45:00Z,IT-Sardinia,188.85,15
2026-08-27T07:45:00Z,IT-Sicily,188.85,15
2026-08-27T07:45:00Z,IT-South,188.85,15
2026-08-27T07:45:00Z,LT,83.97,15
2026-08-27T07:45:00Z,LV,83.97,15
2026-08-27T07:45:00Z,NL,82.74,15
2026-08-27T07:45:00Z,NO1,129.23,15
2026-08-27T07:45:00Z,NO2,124.30,15
2026-08-27T07:45:00Z,NO3,192.27,15
2026-08-27T07:45:00Z,NO4,10.97,15
2026-08-27T07:45:00Z,NO5,136.82,15
2026-08-27T07:45:00Z,PL,99.82,15
2026-08-27T07:45:00Z,PT,127.99,15
2026-08-27T07:45:00Z,RO,112.19,15
2026-08-27T07:45:00Z,SE1,41.83,15
2026-08-27T07:45:00Z,SE2,68.63,15
2026-08-27T07:45:00Z,SE3,81.85,15
2026-08-27T07:45:00Z,SE4,87.32,15
2026-08-27T07:45:00Z,SI,115.77,15
2026-08-27T07:45:00Z,SK,111.79,15
2026-08-27T08:00:00Z,AT,144.47,15
2026-08-27T08:00:00Z,BE,163.86,15
2026-08-27T08:00:00Z,CH,130.70,60
2026-08-27T08:00:00Z,CZ,147.49,15
2026-08-27T08:00:00Z,DE-LU,126.98,15
2026-08-27T08:00:00Z,DK1,120.19,15
2026-08-27T08:00:00Z,DK2,122.24,15
2026-08-27T08:00:00Z,EE,73.42,15
2026-08-27T08:00:00Z,ES,129.57,15
2026-08-27T08:00:00Z,FI,73.42,15
2026-08-27T08:00:00Z,FR,156.37,15
2026-08-27T08:00:00Z,GR,139.09,15
2026-08-27T08:00:00Z,HR,144.77,15
2026-08-27T08:00:00Z,HU,143.87,15
2026-08-27T08:00:00Z,IT-CNorth,203.00,15
2026-08-27T08:00:00Z,IT-CSouth,203.00,15
2026-08-27T08:00:00Z,IT-North,203.00,15
2026-08-27T08:00:00Z,IT-Sardinia,203.00,15
2026-08-27T08:00:00Z,IT-Sicily,203.00,15
2026-08-27T08:00:00Z,IT-South,203.00,15
2026-08-27T08:00:00Z,LT,84.97,15
2026-08-27T08:00:00Z,LV,84.97,15
2026-08-27T08:00:00Z,NL,125.61,15
2026-08-27T08:00:00Z,NO1,130.70,15
2026-08-27T08:00:00Z,NO2,125.65,15
2026-08-27T08:00:00Z,NO3,194.22,15
2026-08-27T08:00:00Z,NO4,11.33,15
2026-08-27T08:00:00Z,NO5,138.28,15
2026-08-27T08:00:00Z,PL,100.50,15
2026-08-27T08:00:00Z,PT,124.57,15
2026-08-27T08:00:00Z,RO,141.66,15
2026-08-27T08:00:00Z,RS,127.01,15
2026-08-27T08:00:00Z,SE1,42.10,15
2026-08-27T08:00:00Z,SE2,69.11,15
2026-08-27T08:00:00Z,SE3,83.01,15
2026-08-27T08:00:00Z,SE4,88.27,15
2026-08-27T08:00:00Z,SI,145.63,15
2026-08-27T08:00:00Z,SK,146.44,15
2026-08-27T08:15:00Z,AT,141.19,15
2026-08-27T08:15:00Z,BE,158.00,15
2026-08-27T08:15:00Z,CZ,148.93,15
2026-08-27T08:15:00Z,DE-LU,116.10,15
2026-08-27T08:15:00Z,DK1,108.39,15
2026-08-27T08:15:00Z,DK2,107.41,15
2026-08-27T08:15:00Z,EE,72.31,15
2026-08-27T08:15:00Z,ES,106.69,15
2026-08-27T08:15:00Z,FI,72.30,15
2026-08-27T08:15:00Z,FR,150.52,15
2026-08-27T08:15:00Z,GR,137.36,15
2026-08-27T08:15:00Z,HR,142.13,15
2026-08-27T08:15:00Z,HU,141.34,15
2026-08-27T08:15:00Z,IT-CNorth,202.88,15
2026-08-27T08:15:00Z,IT-CSouth,202.88,15
2026-08-27T08:15:00Z,IT-North,202.88,15
2026-08-27T08:15:00Z,IT-Sardinia,202.88,15
2026-08-27T08:15:00Z,IT-Sicily,202.88,15
2026-08-27T08:15:00Z,IT-South,202.88,15
2026-08-27T08:15:00Z,LT,76.92,15
2026-08-27T08:15:00Z,LV,76.92,15
2026-08-27T08:15:00Z,NL,111.40,15
2026-08-27T08:15:00Z,NO1,129.20,15
2026-08-27T08:15:00Z,NO2,124.19,15
2026-08-27T08:15:00Z,NO3,192.29,15
2026-08-27T08:15:00Z,NO4,10.64,15
2026-08-27T08:15:00Z,NO5,136.73,15
2026-08-27T08:15:00Z,PL,65.32,15
2026-08-27T08:15:00Z,PT,103.18,15
2026-08-27T08:15:00Z,RO,137.31,15
2026-08-27T08:15:00Z,SE1,41.20,15
2026-08-27T08:15:00Z,SE2,68.02,15
2026-08-27T08:15:00Z,SE3,81.83,15
2026-08-27T08:15:00Z,SE4,87.06,15
2026-08-27T08:15:00Z,SI,143.16,15
2026-08-27T08:15:00Z,SK,146.63,15
2026-08-27T08:30:00Z,AT,135.30,15
2026-08-27T08:30:00Z,BE,156.87,15
2026-08-27T08:30:00Z,CZ,149.37,15
2026-08-27T08:30:00Z,DE-LU,94.98,15
2026-08-27T08:30:00Z,DK1,83.30,15
2026-08-27T08:30:00Z,DK2,84.43,15
2026-08-27T08:30:00Z,EE,69.19,15
2026-08-27T08:30:00Z,ES,100.49,15
2026-08-27T08:30:00Z,FI,69.18,15
2026-08-27T08:30:00Z,FR,146.09,15
2026-08-27T08:30:00Z,GR,129.19,15
2026-08-27T08:30:00Z,HR,137.02,15
2026-08-27T08:30:00Z,HU,136.00,15
2026-08-27T08:30:00Z,IT-CNorth,194.44,15
2026-08-27T08:30:00Z,IT-CSouth,194.44,15
2026-08-27T08:30:00Z,IT-North,194.44,15
2026-08-27T08:30:00Z,IT-Sardinia,194.44,15
2026-08-27T08:30:00Z,IT-Sicily,194.44,15
2026-08-27T08:30:00Z,IT-South,194.44,15
2026-08-27T08:30:00Z,LT,69.19,15
2026-08-27T08:30:00Z,LV,69.19,15
2026-08-27T08:30:00Z,NL,91.47,15
2026-08-27T08:30:00Z,NO1,124.70,15
2026-08-27T08:30:00Z,NO2,119.81,15
2026-08-27T08:30:00Z,NO3,186.27,15
2026-08-27T08:30:00Z,NO4,9.00,15
2026-08-27T08:30:00Z,NO5,132.05,15
2026-08-27T08:30:00Z,PL,7.30,15
2026-08-27T08:30:00Z,PT,90.49,15
2026-08-27T08:30:00Z,RO,129.12,15
2026-08-27T08:30:00Z,SE1,38.83,15
2026-08-27T08:30:00Z,SE2,65.01,15
2026-08-27T08:30:00Z,SE3,78.48,15
2026-08-27T08:30:00Z,SE4,83.58,15
2026-08-27T08:30:00Z,SI,138.57,15
2026-08-27T08:30:00Z,SK,145.28,15
2026-08-27T08:45:00Z,AT,118.10,15
2026-08-27T08:45:00Z,BE,146.54,15
2026-08-27T08:45:00Z,CZ,129.81,15
2026-08-27T08:45:00Z,DE-LU,78.35,15
2026-08-27T08:45:00Z,DK1,65.78,15
2026-08-27T08:45:00Z,DK2,74.75,15
2026-08-27T08:45:00Z,EE,58.91,15
2026-08-27T08:45:00Z,ES,60.20,15
2026-08-27T08:45:00Z,FI,58.91,15
2026-08-27T08:45:00Z,FR,134.13,15
2026-08-27T08:45:00Z,GR,112.02,15
2026-08-27T08:45:00Z,HR,119.50,15
2026-08-27T08:45:00Z,HU,118.17,15
2026-08-27T08:45:00Z,IT-CNorth,184.00,15
2026-08-27T08:45:00Z,IT-CSouth,184.00,15
2026-08-27T08:45:00Z,IT-North,184.00,15
2026-08-27T08:45:00Z,IT-Sardinia,184.00,15
2026-08-27T08:45:00Z,IT-Sicily,184.00,15
2026-08-27T08:45:00Z,IT-South,184.00,15
2026-08-27T08:45:00Z,LT,58.91,15
2026-08-27T08:45:00Z,LV,58.91,15
2026-08-27T08:45:00Z,NL,71.63,15
2026-08-27T08:45:00Z,NO1,117.96,15
2026-08-27T08:45:00Z,NO2,111.68,15
2026-08-27T08:45:00Z,NO3,184.44,15
2026-08-27T08:45:00Z,NO4,6.86,15
2026-08-27T08:45:00Z,NO5,128.34,15
2026-08-27T08:45:00Z,PL,0.00,15
2026-08-27T08:45:00Z,PT,60.20,15
2026-08-27T08:45:00Z,RO,111.93,15
2026-08-27T08:45:00Z,SE1,29.04,15
2026-08-27T08:45:00Z,SE2,53.82,15
2026-08-27T08:45:00Z,SE3,68.54,15
2026-08-27T08:45:00Z,SE4,73.86,15
2026-08-27T08:45:00Z,SI,121.17,15
2026-08-27T08:45:00Z,SK,126.30,15
2026-08-27T09:00:00Z,AT,148.45,15
2026-08-27T09:00:00Z,BE,140.59,15
2026-08-27T09:00:00Z,CH,124.51,60
2026-08-27T09:00:00Z,CZ,162.17,15
2026-08-27T09:00:00Z,DE-LU,105.06,15
2026-08-27T09:00:00Z,DK1,97.88,15
2026-08-27T09:00:00Z,DK2,86.84,15
2026-08-27T09:00:00Z,EE,71.11,15
2026-08-27T09:00:00Z,ES,38.77,15
2026-08-27T09:00:00Z,FI,71.10,15
2026-08-27T09:00:00Z,FR,136.21,15
2026-08-27T09:00:00Z,GR,136.78,15
2026-08-27T09:00:00Z,HR,144.56,15
2026-08-27T09:00:00Z,HU,144.70,15
2026-08-27T09:00:00Z,IT-CNorth,170.70,15
2026-08-27T09:00:00Z,IT-CSouth,170.70,15
2026-08-27T09:00:00Z,IT-North,170.70,15
2026-08-27T09:00:00Z,IT-Sardinia,170.70,15
2026-08-27T09:00:00Z,IT-Sicily,170.70,15
2026-08-27T09:00:00Z,IT-South,170.70,15
2026-08-27T09:00:00Z,LT,71.11,15
2026-08-27T09:00:00Z,LV,71.11,15
2026-08-27T09:00:00Z,NL,109.16,15
2026-08-27T09:00:00Z,NO1,128.68,15
2026-08-27T09:00:00Z,NO2,123.39,15
2026-08-27T09:00:00Z,NO3,191.96,15
2026-08-27T09:00:00Z,NO4,8.99,15
2026-08-27T09:00:00Z,NO5,136.00,15
2026-08-27T09:00:00Z,PT,38.77,15
2026-08-27T09:00:00Z,RO,136.75,15
2026-08-27T09:00:00Z,RS,118.00,15
2026-08-27T09:00:00Z,SE1,39.26,15
2026-08-27T09:00:00Z,SE2,66.67,15
2026-08-27T09:00:00Z,SE3,80.77,15
2026-08-27T09:00:00Z,SE4,86.06,15
2026-08-27T09:00:00Z,SI,145.68,15
2026-08-27T09:00:00Z,SK,155.67,15
2026-08-27T09:15:00Z,AT,115.00,15
2026-08-27T09:15:00Z,BE,134.43,15
2026-08-27T09:15:00Z,CZ,124.24,15
2026-08-27T09:15:00Z,DE-LU,71.31,15
2026-08-27T09:15:00Z,DK1,66.37,15
2026-08-27T09:15:00Z,DK2,66.68,15
2026-08-27T09:15:00Z,EE,65.23,15
2026-08-27T09:15:00Z,ES,20.39,15
2026-08-27T09:15:00Z,FI,65.23,15
2026-08-27T09:15:00Z,FR,145.39,15
2026-08-27T09:15:00Z,GR,105.56,15
2026-08-27T09:15:00Z,HR,114.13,15
2026-08-27T09:15:00Z,HU,112.09,15
2026-08-27T09:15:00Z,IT-CNorth,177.69,15
2026-08-27T09:15:00Z,IT-CSouth,177.69,15
2026-08-27T09:15:00Z,IT-North,177.69,15
2026-08-27T09:15:00Z,IT-Sardinia,177.69,15
2026-08-27T09:15:00Z,IT-Sicily,177.69,15
2026-08-27T09:15:00Z,IT-South,177.69,15
2026-08-27T09:15:00Z,LT,75.69,15
2026-08-27T09:15:00Z,LV,75.69,15
2026-08-27T09:15:00Z,NL,77.50,15
2026-08-27T09:15:00Z,NO1,119.00,15
2026-08-27T09:15:00Z,NO2,111.72,15
2026-08-27T09:15:00Z,NO3,179.58,15
2026-08-27T09:15:00Z,NO4,8.53,15
2026-08-27T09:15:00Z,NO5,131.37,15
2026-08-27T09:15:00Z,PL,-17.51,15
2026-08-27T09:15:00Z,PT,19.38,15
2026-08-27T09:15:00Z,RO,105.42,15
2026-08-27T09:15:00Z,SE1,36.01,15
2026-08-27T09:15:00Z,SE2,61.24,15
2026-08-27T09:15:00Z,SE3,73.97,15
2026-08-27T09:15:00Z,SE4,78.74,15
2026-08-27T09:15:00Z,SI,116.53,15
2026-08-27T09:15:00Z,SK,120.09,15
2026-08-27T09:30:00Z,AT,95.73,15
2026-08-27T09:30:00Z,BE,146.24,15
2026-08-27T09:30:00Z,CZ,102.85,15
2026-08-27T09:30:00Z,DE-LU,40.00,15
2026-08-27T09:30:00Z,DK1,24.13,15
2026-08-27T09:30:00Z,DK2,29.89,15
2026-08-27T09:30:00Z,EE,64.61,15
2026-08-27T09:30:00Z,ES,7.51,15
2026-08-27T09:30:00Z,FI,64.61,15
2026-08-27T09:30:00Z,FR,139.75,15
2026-08-27T09:30:00Z,GR,85.00,15
2026-08-27T09:30:00Z,HR,94.71,15
2026-08-27T09:30:00Z,HU,91.62,15
2026-08-27T09:30:00Z,IT-CNorth,180.41,15
2026-08-27T09:30:00Z,IT-CSouth,180.41,15
2026-08-27T09:30:00Z,IT-North,180.41,15
2026-08-27T09:30:00Z,IT-Sardinia,180.41,15
2026-08-27T09:30:00Z,IT-Sicily,180.41,15
2026-08-27T09:30:00Z,IT-South,180.41,15
2026-08-27T09:30:00Z,LT,75.04,15
2026-08-27T09:30:00Z,LV,75.04,15
2026-08-27T09:30:00Z,NL,40.00,15
2026-08-27T09:30:00Z,NO1,118.76,15
2026-08-27T09:30:00Z,NO2,110.70,15
2026-08-27T09:30:00Z,NO3,180.25,15
2026-08-27T09:30:00Z,NO4,7.92,15
2026-08-27T09:30:00Z,NO5,132.98,15
2026-08-27T09:30:00Z,PL,-44.39,15
2026-08-27T09:30:00Z,PT,7.51,15
2026-08-27T09:30:00Z,RO,84.81,15
2026-08-27T09:30:00Z,SE1,35.34,15
2026-08-27T09:30:00Z,SE2,60.63,15
2026-08-27T09:30:00Z,SE3,73.33,15
2026-08-27T09:30:00Z,SE4,78.08,15
2026-08-27T09:30:00Z,SI,97.81,15
2026-08-27T09:30:00Z,SK,98.90,15
2026-08-27T09:45:00Z,AT,76.81,15
2026-08-27T09:45:00Z,BE,107.10,15
2026-08-27T09:45:00Z,CZ,91.93,15
2026-08-27T09:45:00Z,DE-LU,13.94,15
2026-08-27T09:45:00Z,DK1,6.69,15
2026-08-27T09:45:00Z,DK2,5.51,15
2026-08-27T09:45:00Z,EE,64.55,15
2026-08-27T09:45:00Z,ES,5.88,15
2026-08-27T09:45:00Z,FI,64.54,15
2026-08-27T09:45:00Z,FR,103.31,15
2026-08-27T09:45:00Z,GR,62.30,15
2026-08-27T09:45:00Z,HR,74.22,15
2026-08-27T09:45:00Z,HU,72.25,15
2026-08-27T09:45:00Z,IT-CNorth,175.00,15
2026-08-27T09:45:00Z,IT-CSouth,175.00,15
2026-08-27T09:45:00Z,IT-North,175.00,15
2026-08-27T09:45:00Z,IT-Sardinia,175.00,15
2026-08-27T09:45:00Z,IT-Sicily,175.00,15
2026-08-27T09:45:00Z,IT-South,175.00,15
2026-08-27T09:45:00Z,LT,74.99,15
2026-08-27T09:45:00Z,LV,74.99,15
2026-08-27T09:45:00Z,NL,20.00,15
2026-08-27T09:45:00Z,NO1,118.77,15
2026-08-27T09:45:00Z,NO2,110.69,15
2026-08-27T09:45:00Z,NO3,180.33,15
2026-08-27T09:45:00Z,NO4,7.78,15
2026-08-27T09:45:00Z,NO5,133.00,15
2026-08-27T09:45:00Z,PL,-119.71,15
2026-08-27T09:45:00Z,PT,5.88,15
2026-08-27T09:45:00Z,RO,62.15,15
2026-08-27T09:45:00Z,SE1,35.24,15
2026-08-27T09:45:00Z,SE2,60.56,15
2026-08-27T09:45:00Z,SE3,73.27,15
2026-08-27T09:45:00Z,SE4,78.03,15
2026-08-27T09:45:00Z,SI,77.09,15
2026-08-27T09:45:00Z,SK,84.98,15
2026-08-27T10:00:00Z,AT,87.65,15
2026-08-27T10:00:00Z,BE,186.00,15
2026-08-27T10:00:00Z,CH,117.04,60
2026-08-27T10:00:00Z,CZ,87.89,15
2026-08-27T10:00:00Z,DE-LU,31.59,15
2026-08-27T10:00:00Z,DK1,2.98,15
2026-08-27T10:00:00Z,DK2,18.37,15
2026-08-27T10:00:00Z,EE,77.36,15
2026-08-27T10:00:00Z,ES,0.00,15
2026-08-27T10:00:00Z,FI,66.80,15
2026-08-27T10:00:00Z,FR,151.26,15
2026-08-27T10:00:00Z,GR,78.87,15
2026-08-27T10:00:00Z,HR,87.50,15
2026-08-27T10:00:00Z,HU,83.15,15
2026-08-27T10:00:00Z,IT-CNorth,172.82,15
2026-08-27T10:00:00Z,IT-CSouth,172.82,15
2026-08-27T10:00:00Z,IT-North,172.82,15
2026-08-27T10:00:00Z,IT-Sardinia,172.82,15
2026-08-27T10:00:00Z,IT-Sicily,172.82,15
2026-08-27T10:00:00Z,IT-South,172.82,15
2026-08-27T10:00:00Z,LT,77.36,15
2026-08-27T10:00:00Z,LV,77.36,15
2026-08-27T10:00:00Z,NL,31.90,15
2026-08-27T10:00:00Z,NO1,120.97,15
2026-08-27T10:00:00Z,NO2,114.18,15
2026-08-27T10:00:00Z,NO3,179.90,15
2026-08-27T10:00:00Z,NO4,9.73,15
2026-08-27T10:00:00Z,NO5,129.99,15
2026-08-27T10:00:00Z,PL,-15.75,15
2026-08-27T10:00:00Z,PT,5.10,15
2026-08-27T10:00:00Z,RO,78.61,15
2026-08-27T10:00:00Z,RS,114.00,15
2026-08-27T10:00:00Z,SE1,37.08,15
2026-08-27T10:00:00Z,SE2,62.68,15
2026-08-27T10:00:00Z,SE3,75.66,15
2026-08-27T10:00:00Z,SE4,80.41,15
2026-08-27T10:00:00Z,SI,91.11,15
2026-08-27T10:00:00Z,SK,85.96,15
2026-08-27T10:15:00Z,AT,78.51,15
2026-08-27T10:15:00Z,BE,141.62,15
2026-08-27T10:15:00Z,CZ,84.17,15
2026-08-27T10:15:00Z,DE-LU,23.84,15
2026-08-27T10:15:00Z,DK1,2.48,15
2026-08-27T10:15:00Z,DK2,12.43,15
2026-08-27T10:15:00Z,EE,76.76,15
2026-08-27T10:15:00Z,ES,3.43,15
2026-08-27T10:15:00Z,FI,66.30,15
2026-08-27T10:15:00Z,FR,117.51,15
2026-08-27T10:15:00Z,GR,68.03,15
2026-08-27T10:15:00Z,HR,76.93,15
2026-08-27T10:15:00Z,HU,74.05,15
2026-08-27T10:15:00Z,IT-CNorth,174.32,15
2026-08-27T10:15:00Z,IT-CSouth,174.32,15
2026-08-27T10:15:00Z,IT-North,174.32,15
2026-08-27T10:15:00Z,IT-Sardinia,174.32,15
2026-08-27T10:15:00Z,IT-Sicily,174.32,15
2026-08-27T10:15:00Z,IT-South,174.32,15
2026-08-27T10:15:00Z,LT,76.76,15
2026-08-27T10:15:00Z,LV,76.76,15
2026-08-27T10:15:00Z,NL,9.99,15
2026-08-27T10:15:00Z,NO1,120.19,15
2026-08-27T10:15:00Z,NO2,113.08,15
2026-08-27T10:15:00Z,NO3,179.03,15
2026-08-27T10:15:00Z,PL,-49.96,15
2026-08-27T10:15:00Z,PT,3.43,15
2026-08-27T10:15:00Z,RO,67.84,15
2026-08-27T10:15:00Z,SE1,36.82,15
2026-08-27T10:15:00Z,SE2,62.23,15
2026-08-27T10:15:00Z,SE3,75.07,15
2026-08-27T10:15:00Z,SE4,79.77,15
2026-08-27T10:15:00Z,SI,79.82,15
2026-08-27T10:15:00Z,SK,80.19,15
2026-08-27T10:30:00Z,AT,85.28,15
2026-08-27T10:30:00Z,BE,151.86,15
2026-08-27T10:30:00Z,CZ,93.40,15
2026-08-27T10:30:00Z,DE-LU,20.09,15
2026-08-27T10:30:00Z,DK1,2.10,15
2026-08-27T10:30:00Z,DK2,5.53,15
2026-08-27T10:30:00Z,EE,77.88,15
2026-08-27T10:30:00Z,ES,2.81,15
2026-08-27T10:30:00Z,FI,67.23,15
2026-08-27T10:30:00Z,FR,125.81,15
2026-08-27T10:30:00Z,GR,72.29,15
2026-08-27T10:30:00Z,HR,83.01,15
2026-08-27T10:30:00Z,HU,79.94,15
2026-08-27T10:30:00Z,IT-CNorth,172.84,15
2026-08-27T10:30:00Z,IT-CSouth,172.84,15
2026-08-27T10:30:00Z,IT-North,172.84,15
2026-08-27T10:30:00Z,IT-Sardinia,172.84,15
2026-08-27T10:30:00Z,IT-Sicily,172.84,15
2026-08-27T10:30:00Z,IT-South,172.84,15
2026-08-27T10:30:00Z,LT,77.88,15
2026-08-27T10:30:00Z,LV,77.88,15
2026-08-27T10:30:00Z,NL,0.00,15
2026-08-27T10:30:00Z,NO1,121.60,15
2026-08-27T10:30:00Z,NO2,115.07,15
2026-08-27T10:30:00Z,NO3,180.57,15
2026-08-27T10:30:00Z,NO4,9.81,15
2026-08-27T10:30:00Z,PL,-74.86,15
2026-08-27T10:30:00Z,PT,2.81,15
2026-08-27T10:30:00Z,RO,72.08,15
2026-08-27T10:30:00Z,SE1,37.35,15
2026-08-27T10:30:00Z,SE2,63.09,15
2026-08-27T10:30:00Z,SE3,76.16,15
2026-08-27T10:30:00Z,SE4,80.95,15
2026-08-27T10:30:00Z,SI,86.30,15
2026-08-27T10:30:00Z,SK,88.12,15
2026-08-27T10:45:00Z,AT,90.09,15
2026-08-27T10:45:00Z,BE,138.05,15
2026-08-27T10:45:00Z,CZ,75.30,15
2026-08-27T10:45:00Z,DE-LU,11.21,15
2026-08-27T10:45:00Z,DK1,1.56,15
2026-08-27T10:45:00Z,DK2,4.98,15
2026-08-27T10:45:00Z,EE,77.47,15
2026-08-27T10:45:00Z,ES,1.90,15
2026-08-27T10:45:00Z,FI,66.92,15
2026-08-27T10:45:00Z,FR,113.46,15
2026-08-27T10:45:00Z,GR,85.93,15
2026-08-27T10:45:00Z,HR,89.32,15
2026-08-27T10:45:00Z,HU,91.64,15
2026-08-27T10:45:00Z,IT-CNorth,173.08,15
2026-08-27T10:45:00Z,IT-CSouth,173.08,15
2026-08-27T10:45:00Z,IT-North,173.08,15
2026-08-27T10:45:00Z,IT-Sardinia,173.08,15
2026-08-27T10:45:00Z,IT-Sicily,173.08,15
2026-08-27T10:45:00Z,IT-South,173.08,15
2026-08-27T10:45:00Z,LT,77.47,15
2026-08-27T10:45:00Z,LV,77.47,15
2026-08-27T10:45:00Z,NO1,121.01,15
2026-08-27T10:45:00Z,NO2,114.24,15
2026-08-27T10:45:00Z,NO3,179.86,15
2026-08-27T10:45:00Z,NO4,9.92,15
2026-08-27T10:45:00Z,PL,-63.06,15
2026-08-27T10:45:00Z,PT,2.00,15
2026-08-27T10:45:00Z,RO,87.35,15
2026-08-27T10:45:00Z,SE1,37.24,15
2026-08-27T10:45:00Z,SE2,62.81,15
2026-08-27T10:45:00Z,SE3,75.77,15
2026-08-27T10:45:00Z,SE4,80.51,15
2026-08-27T10:45:00Z,SI,89.26,15
2026-08-27T10:45:00Z,SK,107.21,15
2026-08-27T11:00:00Z,AT,111.35,15
2026-08-27T11:00:00Z,BE,127.94,15
2026-08-27T11:00:00Z,CH,114.29,60
2026-08-27T11:00:00Z,CZ,79.00,15
2026-08-27T11:00:00Z,DE-LU,10.02,15
2026-08-27T11:00:00Z,DK1,1.72,15
2026-08-27T11:00:00Z,DK2,4.94,15
2026-08-27T11:00:00Z,EE,72.98,15
2026-08-27T11:00:00Z,ES,1.85,15
2026-08-27T11:00:00Z,FI,63.33,15
2026-08-27T11:00:00Z,FR,105.33,15
2026-08-27T11:00:00Z,GR,78.37,15
2026-08-27T11:00:00Z,HR,87.77,15
2026-08-27T11:00:00Z,HU,83.63,15
2026-08-27T11:00:00Z,IT-CNorth,176.37,15
2026-08-27T11:00:00Z,IT-CSouth,176.37,15
2026-08-27T11:00:00Z,IT-North,176.37,15
2026-08-27T11:00:00Z,IT-Sardinia,176.37,15
2026-08-27T11:00:00Z,IT-Sicily,176.37,15
2026-08-27T11:00:00Z,IT-South,176.37,15
2026-08-27T11:00:00Z,LT,72.98,15
2026-08-27T11:00:00Z,LV,72.98,15
2026-08-27T11:00:00Z,NO1,116.54,15
2026-08-27T11:00:00Z,NO2,105.41,15
2026-08-27T11:00:00Z,NO3,173.07,15
2026-08-27T11:00:00Z,NO4,10.66,15
2026-08-27T11:00:00Z,NO5,130.80,15
2026-08-27T11:00:00Z,PL,-29.80,15
2026-08-27T11:00:00Z,PT,1.85,15
2026-08-27T11:00:00Z,RO,78.07,15
2026-08-27T11:00:00Z,RS,120.03,15
2026-08-27T11:00:00Z,SE1,35.19,15
2026-08-27T11:00:00Z,SE2,59.66,15
2026-08-27T11:00:00Z,SE3,71.38,15
2026-08-27T11:00:00Z,SE4,75.75,15
2026-08-27T11:00:00Z,SI,90.84,15
2026-08-27T11:00:00Z,SK,83.33,15
2026-08-27T11:15:00Z,AT,145.02,15
2026-08-27T11:15:00Z,BE,122.15,15
2026-08-27T11:15:00Z,CZ,86.94,15
2026-08-27T11:15:00Z,DE-LU,10.05,15
2026-08-27T11:15:00Z,DK1,1.64,15
2026-08-27T11:15:00Z,DK2,4.91,15
2026-08-27T11:15:00Z,EE,74.08,15
2026-08-27T11:15:00Z,ES,1.50,15
2026-08-27T11:15:00Z,FI,64.25,15
2026-08-27T11:15:00Z,FR,102.47,15
2026-08-27T11:15:00Z,GR,100.00,15
2026-08-27T11:15:00Z,HR,108.45,15
2026-08-27T11:15:00Z,HU,105.29,15
2026-08-27T11:15:00Z,IT-CNorth,178.80,15
2026-08-27T11:15:00Z,IT-CSouth,178.80,15
2026-08-27T11:15:00Z,IT-North,178.80,15
2026-08-27T11:15:00Z,IT-Sardinia,178.80,15
2026-08-27T11:15:00Z,IT-Sicily,178.80,15
2026-08-27T11:15:00Z,IT-South,178.80,15
2026-08-27T11:15:00Z,LT,74.08,15
2026-08-27T11:15:00Z,LV,74.08,15
2026-08-27T11:15:00Z,NL,1.13,15
2026-08-27T11:15:00Z,NO1,117.91,15
2026-08-27T11:15:00Z,NO2,107.38,15
2026-08-27T11:15:00Z,NO3,174.49,15
2026-08-27T11:15:00Z,NO4,10.75,15
2026-08-27T11:15:00Z,NO5,130.65,15
2026-08-27T11:15:00Z,PL,-18.21,15
2026-08-27T11:15:00Z,PT,1.50,15
2026-08-27T11:15:00Z,RO,100.07,15
2026-08-27T11:15:00Z,SE1,35.71,15
2026-08-27T11:15:00Z,SE2,60.50,15
2026-08-27T11:15:00Z,SE3,72.46,15
2026-08-27T11:15:00Z,SE4,76.91,15
2026-08-27T11:15:00Z,SI,110.67,15
2026-08-27T11:15:00Z,SK,104.54,15
2026-08-27T11:30:00Z,AT,125.83,15
2026-08-27T11:30:00Z,BE,129.99,15
2026-08-27T11:30:00Z,CZ,93.19,15
2026-08-27T11:30:00Z,DE-LU,6.16,15
2026-08-27T11:30:00Z,DK1,1.40,15
2026-08-27T11:30:00Z,DK2,4.66,15
2026-08-27T11:30:00Z,EE,73.82,15
2026-08-27T11:30:00Z,ES,1.15,15
2026-08-27T11:30:00Z,FI,64.07,15
2026-08-27T11:30:00Z,FR,107.49,15
2026-08-27T11:30:00Z,GR,99.29,15
2026-08-27T11:30:00Z,HR,106.73,15
2026-08-27T11:30:00Z,HU,107.26,15
2026-08-27T11:30:00Z,IT-CNorth,179.22,15
2026-08-27T11:30:00Z,IT-CSouth,179.22,15
2026-08-27T11:30:00Z,IT-North,179.22,15
2026-08-27T11:30:00Z,IT-Sardinia,179.22,15
2026-08-27T11:30:00Z,IT-Sicily,179.22,15
2026-08-27T11:30:00Z,IT-South,179.22,15
2026-08-27T11:30:00Z,LT,73.82,15
2026-08-27T11:30:00Z,LV,73.82,15
2026-08-27T11:30:00Z,NL,8.89,15
2026-08-27T11:30:00Z,NO1,117.62,15
2026-08-27T11:30:00Z,NO2,106.66,15
2026-08-27T11:30:00Z,NO3,174.35,15
2026-08-27T11:30:00Z,NO4,10.94,15
2026-08-27T11:30:00Z,NO5,131.39,15
2026-08-27T11:30:00Z,PL,-80.00,15
2026-08-27T11:30:00Z,PT,1.15,15
2026-08-27T11:30:00Z,RO,100.22,15
2026-08-27T11:30:00Z,SE1,35.70,15
2026-08-27T11:30:00Z,SE2,60.36,15
2026-08-27T11:30:00Z,SE3,72.21,15
2026-08-27T11:30:00Z,SE4,76.61,15
2026-08-27T11:30:00Z,SI,107.65,15
2026-08-27T11:30:00Z,SK,120.00,15
2026-08-27T11:45:00Z,AT,137.79,15
2026-08-27T11:45:00Z,BE,140.00,15
2026-08-27T11:45:00Z,CZ,86.08,15
2026-08-27T11:45:00Z,DE-LU,0.06,15
2026-08-27T11:45:00Z,DK1,1.37,15
2026-08-27T11:45:00Z,EE,74.26,15
2026-08-27T11:45:00Z,ES,-0.45,15
2026-08-27T11:45:00Z,FI,64.44,15
2026-08-27T11:45:00Z,FR,113.04,15
2026-08-27T11:45:00Z,GR,97.30,15
2026-08-27T11:45:00Z,HR,106.42,15
2026-08-27T11:45:00Z,HU,103.56,15
2026-08-27T11:45:00Z,IT-CNorth,180.00,15
2026-08-27T11:45:00Z,IT-CSouth,180.00,15
2026-08-27T11:45:00Z,IT-North,180.00,15
2026-08-27T11:45:00Z,IT-Sardinia,180.00,15
2026-08-27T11:45:00Z,IT-Sicily,180.00,15
2026-08-27T11:45:00Z,IT-South,180.00,15
2026-08-27T11:45:00Z,LT,74.26,15
2026-08-27T11:45:00Z,LV,74.26,15
2026-08-27T11:45:00Z,NL,9.98,15
2026-08-27T11:45:00Z,NO1,118.15,15
2026-08-27T11:45:00Z,NO2,107.46,15
2026-08-27T11:45:00Z,NO3,174.87,15
2026-08-27T11:45:00Z,NO4,10.97,15
2026-08-27T11:45:00Z,NO5,131.25,15
2026-08-27T11:45:00Z,PL,-45.63,15
2026-08-27T11:45:00Z,PT,1.08,15
2026-08-27T11:45:00Z,RO,97.58,15
2026-08-27T11:45:00Z,SE1,35.91,15
2026-08-27T11:45:00Z,SE2,60.70,15
2026-08-27T11:45:00Z,SE3,72.64,15
2026-08-27T11:45:00Z,SE4,77.08,15
2026-08-27T11:45:00Z,SI,108.81,15
2026-08-27T11:45:00Z,SK,106.46,15
2026-08-27T12:00:00Z,AT,113.61,15
2026-08-27T12:00:00Z,BE,140.33,15
2026-08-27T12:00:00Z,CH,120.53,60
2026-08-27T12:00:00Z,CZ,61.79,15
2026-08-27T12:00:00Z,DE-LU,0.09,15
2026-08-27T12:00:00Z,DK1,1.34,15
2026-08-27T12:00:00Z,DK2,4.58,15
2026-08-27T12:00:00Z,EE,73.28,15
2026-08-27T12:00:00Z,ES,0.00,15
2026-08-27T12:00:00Z,FI,63.48,15
2026-08-27T12:00:00Z,FR,113.47,15
2026-08-27T12:00:00Z,GR,103.51,15
2026-08-27T12:00:00Z,HR,102.45,15
2026-08-27T12:00:00Z,HU,106.72,15
2026-08-27T12:00:00Z,IT-CNorth,177.00,15
2026-08-27T12:00:00Z,IT-CSouth,177.00,15
2026-08-27T12:00:00Z,IT-North,177.00,15
2026-08-27T12:00:00Z,IT-Sardinia,177.00,15
2026-08-27T12:00:00Z,IT-Sicily,177.00,15
2026-08-27T12:00:00Z,IT-South,177.00,15
2026-08-27T12:00:00Z,LT,73.28,15
2026-08-27T12:00:00Z,LV,73.28,15
2026-08-27T12:00:00Z,NL,0.01,15
2026-08-27T12:00:00Z,NO1,115.64,15
2026-08-27T12:00:00Z,NO2,107.07,15
2026-08-27T12:00:00Z,NO3,169.65,15
2026-08-27T12:00:00Z,NO4,10.51,15
2026-08-27T12:00:00Z,NO5,124.47,15
2026-08-27T12:00:00Z,PL,-28.48,15
2026-08-27T12:00:00Z,RO,105.86,15
2026-08-27T12:00:00Z,RS,128.00,15
2026-08-27T12:00:00Z,SE1,35.35,15
2026-08-27T12:00:00Z,SE2,59.80,15
2026-08-27T12:00:00Z,SE3,71.66,15
2026-08-27T12:00:00Z,SE4,76.11,15
2026-08-27T12:00:00Z,SI,100.72,15
2026-08-27T12:00:00Z,SK,121.82,15
2026-08-27T12:15:00Z,AT,97.71,15
2026-08-27T12:15:00Z,BE,137.78,15
2026-08-27T12:15:00Z,CZ,74.08,15
2026-08-27T12:15:00Z,DE-LU,10.03,15
2026-08-27T12:15:00Z,DK1,1.54,15
2026-08-27T12:15:00Z,DK2,4.86,15
2026-08-27T12:15:00Z,EE,75.10,15
2026-08-27T12:15:00Z,ES,0.60,15
2026-08-27T12:15:00Z,FI,65.02,15
2026-08-27T12:15:00Z,FR,114.02,15
2026-08-27T12:15:00Z,GR,110.00,15
2026-08-27T12:15:00Z,HR,106.24,15
2026-08-27T12:15:00Z,HU,115.58,15
2026-08-27T12:15:00Z,IT-CNorth,177.63,15
2026-08-27T12:15:00Z,IT-CSouth,177.63,15
2026-08-27T12:15:00Z,IT-North,177.63,15
2026-08-27T12:15:00Z,IT-Sardinia,177.63,15
2026-08-27T12:15:00Z,IT-Sicily,177.63,15
2026-08-27T12:15:00Z,IT-South,177.63,15
2026-08-27T12:15:00Z,LT,75.10,15
2026-08-27T12:15:00Z,LV,75.10,15
2026-08-27T12:15:00Z,NL,9.97,15
2026-08-27T12:15:00Z,NO1,117.88,15
2026-08-27T12:15:00Z,NO2,110.23,15
2026-08-27T12:15:00Z,NO3,172.00,15
2026-08-27T12:15:00Z,NO4,10.75,15
2026-08-27T12:15:00Z,NO5,124.41,15
2026-08-27T12:15:00Z,PL,-77.34,15
2026-08-27T12:15:00Z,PT,1.00,15
2026-08-27T12:15:00Z,RO,113.41,15
2026-08-27T12:15:00Z,SE1,36.27,15
2026-08-27T12:15:00Z,SE2,61.23,15
2026-08-27T12:15:00Z,SE3,73.44,15
2026-08-27T12:15:00Z,SE4,78.02,15
2026-08-27T12:15:00Z,SI,102.38,15
2026-08-27T12:15:00Z,SK,145.75,15
2026-08-27T12:30:00Z,AT,139.61,15
2026-08-27T12:30:00Z,BE,149.94,15
2026-08-27T12:30:00Z,CZ,88.00,15
2026-08-27T12:30:00Z,DE-LU,20.05,15
2026-08-27T12:30:00Z,DK1,1.63,15
2026-08-27T12:30:00Z,DK2,4.99,15
2026-08-27T12:30:00Z,EE,75.99,15
2026-08-27T12:30:00Z,FI,66.00,15
2026-08-27T12:30:00Z,FR,125.10,15
2026-08-27T12:30:00Z,HR,115.15,15
2026-08-27T12:30:00Z,HU,114.05,15
2026-08-27T12:30:00Z,IT-CNorth,180.45,15
2026-08-27T12:30:00Z,IT-CSouth,180.45,15
2026-08-27T12:30:00Z,IT-North,180.45,15
2026-08-27T12:30:00Z,IT-Sardinia,180.45,15
2026-08-27T12:30:00Z,IT-Sicily,180.45,15
2026-08-27T12:30:00Z,IT-South,180.45,15
2026-08-27T12:30:00Z,LT,75.99,15
2026-08-27T12:30:00Z,LV,75.99,15
2026-08-27T12:30:00Z,NL,17.30,15
2026-08-27T12:30:00Z,NO1,118.46,15
2026-08-27T12:30:00Z,NO2,110.82,15
2026-08-27T12:30:00Z,NO3,172.20,15
2026-08-27T12:30:00Z,NO4,11.25,15
2026-08-27T12:30:00Z,NO5,125.05,15
2026-08-27T12:30:00Z,PL,-2.80,15
2026-08-27T12:30:00Z,RO,110.78,15
2026-08-27T12:30:00Z,SE1,37.30,15
2026-08-27T12:30:00Z,SE2,62.21,15
2026-08-27T12:30:00Z,SE3,74.34,15
2026-08-27T12:30:00Z,SE4,78.89,15
2026-08-27T12:30:00Z,SI,116.24,15
2026-08-27T12:30:00Z,SK,117.94,15
2026-08-27T12:45:00Z,AT,145.07,15
2026-08-27T12:45:00Z,BE,169.50,15
2026-08-27T12:45:00Z,CZ,90.70,15
2026-08-27T12:45:00Z,DE-LU,26.60,15
2026-08-27T12:45:00Z,DK1,2.13,15
2026-08-27T12:45:00Z,DK2,17.35,15
2026-08-27T12:45:00Z,EE,74.91,15
2026-08-27T12:45:00Z,ES,0.00,15
2026-08-27T12:45:00Z,FI,64.89,15
2026-08-27T12:45:00Z,FR,140.99,15
2026-08-27T12:45:00Z,GR,127.73,15
2026-08-27T12:45:00Z,HR,128.69,15
2026-08-27T12:45:00Z,HU,131.00,15
2026-08-27T12:45:00Z,IT-CNorth,196.00,15
2026-08-27T12:45:00Z,IT-CSouth,196.00,15
2026-08-27T12:45:00Z,IT-North,196.00,15
2026-08-27T12:45:00Z,IT-Sardinia,196.00,15
2026-08-27T12:45:00Z,IT-Sicily,196.00,15
2026-08-27T12:45:00Z,IT-South,196.00,15
2026-08-27T12:45:00Z,LT,74.91,15
2026-08-27T12:45:00Z,LV,74.91,15
2026-08-27T12:45:00Z,NL,32.69,15
2026-08-27T12:45:00Z,NO1,117.54,15
2026-08-27T12:45:00Z,NO2,109.79,15
2026-08-27T12:45:00Z,NO3,171.51,15
2026-08-27T12:45:00Z,NO4,10.90,15
2026-08-27T12:45:00Z,NO5,124.32,15
2026-08-27T12:45:00Z,PL,4.29,15
2026-08-27T12:45:00Z,PT,0.66,15
2026-08-27T12:45:00Z,RO,129.57,15
2026-08-27T12:45:00Z,SE1,36.28,15
2026-08-27T12:45:00Z,SE2,61.11,15
2026-08-27T12:45:00Z,SE3,73.26,15
2026-08-27T12:45:00Z,SE4,77.81,15
2026-08-27T12:45:00Z,SI,127.96,15
2026-08-27T12:45:00Z,SK,141.83,15
2026-08-27T13:00:00Z,AT,97.47,15
2026-08-27T13:00:00Z,BE,133.69,15
2026-08-27T13:00:00Z,CH,131.59,60
2026-08-27T13:00:00Z,CZ,92.82,15
2026-08-27T13:00:00Z,DE-LU,22.36,15
2026-08-27T13:00:00Z,DK1,2.49,15
2026-08-27T13:00:00Z,DK2,9.27,15
2026-08-27T13:00:00Z,EE,74.72,15
2026-08-27T13:00:00Z,ES,0.11,15
2026-08-27T13:00:00Z,FI,64.39,15
2026-08-27T13:00:00Z,FR,115.59,15
2026-08-27T13:00:00Z,GR,123.45,15
2026-08-27T13:00:00Z,HR,115.68,15
2026-08-27T13:00:00Z,HU,128.25,15
2026-08-27T13:00:00Z,IT-CNorth,169.09,15
2026-08-27T13:00:00Z,IT-CSouth,169.09,15
2026-08-27T13:00:00Z,IT-North,169.09,15
2026-08-27T13:00:00Z,IT-Sardinia,169.09,15
2026-08-27T13:00:00Z,IT-Sicily,169.09,15
2026-08-27T13:00:00Z,IT-South,169.09,15
2026-08-27T13:00:00Z,LT,74.72,15
2026-08-27T13:00:00Z,LV,74.72,15
2026-08-27T13:00:00Z,NL,0.00,15
2026-08-27T13:00:00Z,NO1,118.94,15
2026-08-27T13:00:00Z,NO2,109.97,15
2026-08-27T13:00:00Z,NO3,175.22,15
2026-08-27T13:00:00Z,NO4,5.33,15
2026-08-27T13:00:00Z,NO5,127.97,15
2026-08-27T13:00:00Z,PL,-52.40,15
2026-08-27T13:00:00Z,PT,0.51,15
2026-08-27T13:00:00Z,RO,127.39,15
2026-08-27T13:00:00Z,RS,139.96,15
2026-08-27T13:00:00Z,SE1,35.21,15
2026-08-27T13:00:00Z,SE2,60.89,15
2026-08-27T13:00:00Z,SE3,72.99,15
2026-08-27T13:00:00Z,SE4,77.68,15
2026-08-27T13:00:00Z,SI,109.96,15
2026-08-27T13:00:00Z,SK,164.52,15
2026-08-27T13:15:00Z,AT,145.01,15
2026-08-27T13:15:00Z,BE,164.54,15
2026-08-27T13:15:00Z,CZ,91.75,15
2026-08-27T13:15:00Z,DE-LU,30.01,15
2026-08-27T13:15:00Z,DK1,7.06,15
2026-08-27T13:15:00Z,DK2,20.86,15
2026-08-27T13:15:00Z,EE,76.58,15
2026-08-27T13:15:00Z,ES,0.00,15
2026-08-27T13:15:00Z,FI,66.15,15
2026-08-27T13:15:00Z,FR,139.46,15
2026-08-27T13:15:00Z,GR,135.00,15
2026-08-27T13:15:00Z,HR,133.46,15
2026-08-27T13:15:00Z,HU,138.43,15
2026-08-27T13:15:00Z,IT-CNorth,195.00,15
2026-08-27T13:15:00Z,IT-CSouth,195.00,15
2026-08-27T13:15:00Z,IT-North,195.00,15
2026-08-27T13:15:00Z,IT-Sardinia,195.00,15
2026-08-27T13:15:00Z,IT-Sicily,195.00,15
2026-08-27T13:15:00Z,IT-South,195.00,15
2026-08-27T13:15:00Z,LT,76.58,15
2026-08-27T13:15:00Z,LV,76.58,15
2026-08-27T13:15:00Z,NL,20.00,15
2026-08-27T13:15:00Z,NO1,120.78,15
2026-08-27T13:15:00Z,NO2,112.43,15
2026-08-27T13:15:00Z,NO3,176.75,15
2026-08-27T13:15:00Z,NO4,6.65,15
2026-08-27T13:15:00Z,NO5,128.35,15
2026-08-27T13:15:00Z,PL,-2.94,15
2026-08-27T13:15:00Z,RO,137.49,15
2026-08-27T13:15:00Z,SE1,36.79,15
2026-08-27T13:15:00Z,SE2,62.61,15
2026-08-27T13:15:00Z,SE3,74.84,15
2026-08-27T13:15:00Z,SE4,79.58,15
2026-08-27T13:15:00Z,SI,131.33,15
2026-08-27T13:15:00Z,SK,155.82,15
2026-08-27T13:30:00Z,AT,127.61,15
2026-08-27T13:30:00Z,BE,159.42,15
2026-08-27T13:30:00Z,CZ,98.17,15
2026-08-27T13:30:00Z,DE-LU,54.58,15
2026-08-27T13:30:00Z,DK1,34.99,15
2026-08-27T13:30:00Z,DK2,45.19,15
2026-08-27T13:30:00Z,EE,76.19,15
2026-08-27T13:30:00Z,ES,-0.08,15
2026-08-27T13:30:00Z,FI,65.83,15
2026-08-27T13:30:00Z,FR,137.58,15
2026-08-27T13:30:00Z,GR,130.62,15
2026-08-27T13:30:00Z,HR,127.99,15
2026-08-27T13:30:00Z,HU,133.32,15
2026-08-27T13:30:00Z,IT-CNorth,197.38,15
2026-08-27T13:30:00Z,IT-CSouth,197.38,15
2026-08-27T13:30:00Z,IT-North,197.38,15
2026-08-27T13:30:00Z,IT-Sardinia,197.38,15
2026-08-27T13:30:00Z,IT-Sicily,197.38,15
2026-08-27T13:30:00Z,IT-South,197.38,15
2026-08-27T13:30:00Z,LT,76.19,15
2026-08-27T13:30:00Z,LV,76.19,15
2026-08-27T13:30:00Z,NL,73.85,15
2026-08-27T13:30:00Z,NO1,120.26,15
2026-08-27T13:30:00Z,NO2,111.70,15
2026-08-27T13:30:00Z,NO3,176.17,15
2026-08-27T13:30:00Z,NO4,6.69,15
2026-08-27T13:30:00Z,NO5,128.36,15
2026-08-27T13:30:00Z,PL,18.10,15
2026-08-27T13:30:00Z,RO,132.88,15
2026-08-27T13:30:00Z,SE1,36.63,15
2026-08-27T13:30:00Z,SE2,62.32,15
2026-08-27T13:30:00Z,SE3,74.46,15
2026-08-27T13:30:00Z,SE4,79.17,15
2026-08-27T13:30:00Z,SI,125.73,15
2026-08-27T13:30:00Z,SK,151.20,15
2026-08-27T13:45:00Z,AT,151.33,15
2026-08-27T13:45:00Z,BE,154.00,15
2026-08-27T13:45:00Z,CZ,112.02,15
2026-08-27T13:45:00Z,DE-LU,74.58,15
2026-08-27T13:45:00Z,DK1,59.51,15
2026-08-27T13:45:00Z,DK2,68.93,15
2026-08-27T13:45:00Z,EE,79.10,15
2026-08-27T13:45:00Z,ES,-0.58,15
2026-08-27T13:45:00Z,FI,68.29,15
2026-08-27T13:45:00Z,FR,136.59,15
2026-08-27T13:45:00Z,GR,134.42,15
2026-08-27T13:45:00Z,HR,135.67,15
2026-08-27T13:45:00Z,HU,136.00,15
2026-08-27T13:45:00Z,LT,79.10,15
2026-08-27T13:45:00Z,LV,79.10,15
2026-08-27T13:45:00Z,NL,105.79,15
2026-08-27T13:45:00Z,NO1,123.93,15
2026-08-27T13:45:00Z,NO2,116.71,15
2026-08-27T13:45:00Z,NO3,180.19,15
2026-08-27T13:45:00Z,NO4,6.95,15
2026-08-27T13:45:00Z,NO5,128.72,15
2026-08-27T13:45:00Z,PL,72.82,15
2026-08-27T13:45:00Z,RO,135.23,15
2026-08-27T13:45:00Z,SE1,38.09,15
2026-08-27T13:45:00Z,SE2,64.61,15
2026-08-27T13:45:00Z,SE3,77.29,15
2026-08-27T13:45:00Z,SE4,82.21,15
2026-08-27T13:45:00Z,SI,135.60,15
2026-08-27T13:45:00Z,SK,139.15,15
2026-08-27T14:00:00Z,AT,75.79,15
2026-08-27T14:00:00Z,BE,143.48,15
2026-08-27T14:00:00Z,CH,131.96,60
2026-08-27T14:00:00Z,CZ,67.11,15
2026-08-27T14:00:00Z,DE-LU,51.04,15
2026-08-27T14:00:00Z,DK1,34.64,15
2026-08-27T14:00:00Z,DK2,49.89,15
2026-08-27T14:00:00Z,EE,71.65,15
2026-08-27T14:00:00Z,FI,64.75,15
2026-08-27T14:00:00Z,FR,120.65,15
2026-08-27T14:00:00Z,GR,71.42,15
2026-08-27T14:00:00Z,HR,74.09,15
2026-08-27T14:00:00Z,HU,71.12,15
2026-08-27T14:00:00Z,IT-CNorth,205.20,15
2026-08-27T14:00:00Z,IT-CSouth,205.20,15
2026-08-27T14:00:00Z,IT-North,205.20,15
2026-08-27T14:00:00Z,IT-Sardinia,205.20,15
2026-08-27T14:00:00Z,IT-Sicily,205.20,15
2026-08-27T14:00:00Z,IT-South,205.20,15
2026-08-27T14:00:00Z,LT,71.65,15
2026-08-27T14:00:00Z,LV,71.65,15
2026-08-27T14:00:00Z,NL,64.65,15
2026-08-27T14:00:00Z,NO1,117.20,15
2026-08-27T14:00:00Z,NO2,110.64,15
2026-08-27T14:00:00Z,NO3,170.79,15
2026-08-27T14:00:00Z,NO4,6.64,15
2026-08-27T14:00:00Z,NO5,122.02,15
2026-08-27T14:00:00Z,PL,62.71,15
2026-08-27T14:00:00Z,RO,71.28,15
2026-08-27T14:00:00Z,RS,168.00,15
2026-08-27T14:00:00Z,SE1,37.09,15
2026-08-27T14:00:00Z,SE2,61.54,15
2026-08-27T14:00:00Z,SE3,73.27,15
2026-08-27T14:00:00Z,SE4,77.95,15
2026-08-27T14:00:00Z,SI,76.10,15
2026-08-27T14:00:00Z,SK,68.49,15
2026-08-27T14:15:00Z,AT,128.93,15
2026-08-27T14:15:00Z,BE,144.99,15
2026-08-27T14:15:00Z,CZ,112.55,15
2026-08-27T14:15:00Z,DE-LU,93.31,15
2026-08-27T14:15:00Z,DK1,84.38,15
2026-08-27T14:15:00Z,DK2,85.91,15
2026-08-27T14:15:00Z,EE,85.44,15
2026-08-27T14:15:00Z,ES,-0.49,15
2026-08-27T14:15:00Z,FI,71.19,15
2026-08-27T14:15:00Z,FR,133.94,15
2026-08-27T14:15:00Z,GR,127.72,15
2026-08-27T14:15:00Z,HR,127.90,15
2026-08-27T14:15:00Z,HU,128.58,15
2026-08-27T14:15:00Z,IT-CNorth,200.00,15
2026-08-27T14:15:00Z,IT-CSouth,200.00,15
2026-08-27T14:15:00Z,IT-North,200.00,15
2026-08-27T14:15:00Z,IT-Sardinia,200.00,15
2026-08-27T14:15:00Z,IT-Sicily,200.00,15
2026-08-27T14:15:00Z,IT-South,200.00,15
2026-08-27T14:15:00Z,LT,85.44,15
2026-08-27T14:15:00Z,LV,85.44,15
2026-08-27T14:15:00Z,NL,100.00,15
2026-08-27T14:15:00Z,NO1,126.97,15
2026-08-27T14:15:00Z,NO2,119.99,15
2026-08-27T14:15:00Z,NO3,183.98,15
2026-08-27T14:15:00Z,NO4,9.38,15
2026-08-27T14:15:00Z,NO5,132.10,15
2026-08-27T14:15:00Z,PL,87.40,15
2026-08-27T14:15:00Z,RO,128.31,15
2026-08-27T14:15:00Z,SE1,41.76,15
2026-08-27T14:15:00Z,SE2,67.77,15
2026-08-27T14:15:00Z,SE3,80.25,15
2026-08-27T14:15:00Z,SE4,85.22,15
2026-08-27T14:15:00Z,SI,127.65,15
2026-08-27T14:15:00Z,SK,132.03,15
2026-08-27T14:30:00Z,AT,151.54,15
2026-08-27T14:30:00Z,BE,166.25,15
2026-08-27T14:30:00Z,CZ,133.61,15
2026-08-27T14:30:00Z,DE-LU,112.93,15
2026-08-27T14:30:00Z,DK1,103.28,15
2026-08-27T14:30:00Z,DK2,105.15,15
2026-08-27T14:30:00Z,EE,104.36,15
2026-08-27T14:30:00Z,ES,0.00,15
2026-08-27T14:30:00Z,FI,94.06,15
2026-08-27T14:30:00Z,FR,154.32,15
2026-08-27T14:30:00Z,GR,150.09,15
2026-08-27T14:30:00Z,HR,150.24,15
2026-08-27T14:30:00Z,HU,151.05,15
2026-08-27T14:30:00Z,IT-CNorth,218.70,15
2026-08-27T14:30:00Z,IT-CSouth,218.70,15
2026-08-27T14:30:00Z,IT-North,218.70,15
2026-08-27T14:30:00Z,IT-Sardinia,218.70,15
2026-08-27T14:30:00Z,IT-Sicily,218.70,15
2026-08-27T14:30:00Z,IT-South,218.70,15
2026-08-27T14:30:00Z,LT,104.36,15
2026-08-27T14:30:00Z,LV,104.36,15
2026-08-27T14:30:00Z,NL,129.33,15
2026-08-27T14:30:00Z,NO1,133.94,15
2026-08-27T14:30:00Z,NO2,129.07,15
2026-08-27T14:30:00Z,NO3,173.70,15
2026-08-27T14:30:00Z,NO4,10.94,15
2026-08-27T14:30:00Z,NO5,137.52,15
2026-08-27T14:30:00Z,PL,106.48,15
2026-08-27T14:30:00Z,PT,0.66,15
2026-08-27T14:30:00Z,RO,150.73,15
2026-08-27T14:30:00Z,SE1,65.48,15
2026-08-27T14:30:00Z,SE2,89.27,15
2026-08-27T14:30:00Z,SE3,101.00,15
2026-08-27T14:30:00Z,SE4,104.66,15
2026-08-27T14:30:00Z,SI,149.90,15
2026-08-27T14:30:00Z,SK,154.77,15
2026-08-27T14:45:00Z,AT,199.92,15
2026-08-27T14:45:00Z,BE,191.40,15
2026-08-27T14:45:00Z,CZ,161.99,15
2026-08-27T14:45:00Z,DE-LU,127.32,15
2026-08-27T14:45:00Z,DK1,115.95,15
2026-08-27T14:45:00Z,DK2,118.06,15
2026-08-27T14:45:00Z,EE,116.23,15
2026-08-27T14:45:00Z,ES,1.00,15
2026-08-27T14:45:00Z,FI,110.33,15
2026-08-27T14:45:00Z,FR,178.25,15
2026-08-27T14:45:00Z,GR,193.04,15
2026-08-27T14:45:00Z,HR,193.49,15
2026-08-27T14:45:00Z,HU,195.05,15
2026-08-27T14:45:00Z,IT-CNorth,207.83,15
2026-08-27T14:45:00Z,IT-CSouth,207.83,15
2026-08-27T14:45:00Z,IT-North,207.83,15
2026-08-27T14:45:00Z,IT-Sardinia,207.83,15
2026-08-27T14:45:00Z,IT-Sicily,207.83,15
2026-08-27T14:45:00Z,IT-South,207.83,15
2026-08-27T14:45:00Z,LT,116.23,15
2026-08-27T14:45:00Z,LV,116.23,15
2026-08-27T14:45:00Z,NL,150.50,15
2026-08-27T14:45:00Z,NO1,135.21,15
2026-08-27T14:45:00Z,NO2,132.33,15
2026-08-27T14:45:00Z,NO3,158.81,15
2026-08-27T14:45:00Z,NO4,10.96,15
2026-08-27T14:45:00Z,NO5,137.33,15
2026-08-27T14:45:00Z,PL,119.42,15
2026-08-27T14:45:00Z,PT,1.00,15
2026-08-27T14:45:00Z,RO,194.05,15
2026-08-27T14:45:00Z,SE1,83.28,15
2026-08-27T14:45:00Z,SE2,104.46,15
2026-08-27T14:45:00Z,SE3,115.21,15
2026-08-27T14:45:00Z,SE4,117.63,15
2026-08-27T14:45:00Z,SI,192.59,15
2026-08-27T14:45:00Z,SK,199.34,15
2026-08-27T15:00:00Z,AT,161.65,15
2026-08-27T15:00:00Z,BE,142.39,15
2026-08-27T15:00:00Z,CH,150.90,60
2026-08-27T15:00:00Z,CZ,136.37,15
2026-08-27T15:00:00Z,DE-LU,115.08,15
2026-08-27T15:00:00Z,DK1,113.76,15
2026-08-27T15:00:00Z,DK2,114.18,15
2026-08-27T15:00:00Z,EE,104.38,15
2026-08-27T15:00:00Z,ES,0.84,15
2026-08-27T15:00:00Z,FI,88.58,15
2026-08-27T15:00:00Z,FR,136.83,15
2026-08-27T15:00:00Z,GR,156.20,15
2026-08-27T15:00:00Z,HR,155.50,15
2026-08-27T15:00:00Z,HU,157.55,15
2026-08-27T15:00:00Z,IT-CNorth,181.87,15
2026-08-27T15:00:00Z,IT-CSouth,181.87,15
2026-08-27T15:00:00Z,IT-North,181.87,15
2026-08-27T15:00:00Z,IT-Sardinia,181.87,15
2026-08-27T15:00:00Z,IT-Sicily,181.87,15
2026-08-27T15:00:00Z,IT-South,181.87,15
2026-08-27T15:00:00Z,LT,104.38,15
2026-08-27T15:00:00Z,LV,104.38,15
2026-08-27T15:00:00Z,NL,119.96,15
2026-08-27T15:00:00Z,NO1,133.28,15
2026-08-27T15:00:00Z,NO2,128.73,15
2026-08-27T15:00:00Z,NO3,181.72,15
2026-08-27T15:00:00Z,NO4,10.74,15
2026-08-27T15:00:00Z,NO5,138.74,15
2026-08-27T15:00:00Z,PL,106.90,15
2026-08-27T15:00:00Z,PT,1.05,15
2026-08-27T15:00:00Z,RO,157.12,15
2026-08-27T15:00:00Z,RS,176.00,15
2026-08-27T15:00:00Z,SE1,59.85,15
2026-08-27T15:00:00Z,SE2,84.08,15
2026-08-27T15:00:00Z,SE3,96.17,15
2026-08-27T15:00:00Z,SE4,100.40,15
2026-08-27T15:00:00Z,SI,155.55,15
2026-08-27T15:00:00Z,SK,160.72,15
2026-08-27T15:15:00Z,AT,196.00,15
2026-08-27T15:15:00Z,BE,143.09,15
2026-08-27T15:15:00Z,CZ,159.05,15
2026-08-27T15:15:00Z,DE-LU,128.97,15
2026-08-27T15:15:00Z,DK1,127.68,15
2026-08-27T15:15:00Z,DK2,127.47,15
2026-08-27T15:15:00Z,EE,118.11,15
2026-08-27T15:15:00Z,ES,0.17,15
2026-08-27T15:15:00Z,FI,112.05,15
2026-08-27T15:15:00Z,FR,142.77,15
2026-08-27T15:15:00Z,GR,192.16,15
2026-08-27T15:15:00Z,HR,193.73,15
2026-08-27T15:15:00Z,HU,193.12,15
2026-08-27T15:15:00Z,IT-CNorth,196.00,15
2026-08-27T15:15:00Z,IT-CSouth,196.00,15
2026-08-27T15:15:00Z,IT-North,196.00,15
2026-08-27T15:15:00Z,IT-Sardinia,196.00,15
2026-08-27T15:15:00Z,IT-Sicily,196.00,15
2026-08-27T15:15:00Z,IT-South,196.00,15
2026-08-27T15:15:00Z,LT,118.11,15
2026-08-27T15:15:00Z,LV,118.11,15
2026-08-27T15:15:00Z,NL,142.38,15
2026-08-27T15:15:00Z,NO1,136.98,15
2026-08-27T15:15:00Z,NO2,134.61,15
2026-08-27T15:15:00Z,NO3,162.29,15
2026-08-27T15:15:00Z,NO4,10.67,15
2026-08-27T15:15:00Z,NO5,139.83,15
2026-08-27T15:15:00Z,PL,115.26,15
2026-08-27T15:15:00Z,PT,1.08,15
2026-08-27T15:15:00Z,RO,193.35,15
2026-08-27T15:15:00Z,SE1,85.26,15
2026-08-27T15:15:00Z,SE2,106.09,15
2026-08-27T15:15:00Z,SE3,116.99,15
2026-08-27T15:15:00Z,SE4,119.51,15
2026-08-27T15:15:00Z,SI,196.00,15
2026-08-27T15:15:00Z,SK,197.07,15
2026-08-27T15:30:00Z,AT,222.90,15
2026-08-27T15:30:00Z,BE,172.75,15
2026-08-27T15:30:00Z,CZ,180.84,15
2026-08-27T15:30:00Z,DE-LU,154.02,15
2026-08-27T15:30:00Z,DK1,146.06,15
2026-08-27T15:30:00Z,DK2,146.49,15
2026-08-27T15:30:00Z,EE,159.20,15
2026-08-27T15:30:00Z,ES,2.24,15
2026-08-27T15:30:00Z,FI,126.41,15
2026-08-27T15:30:00Z,FR,170.47,15
2026-08-27T15:30:00Z,GR,218.19,15
2026-08-27T15:30:00Z,HR,219.79,15
2026-08-27T15:30:00Z,HU,215.90,15
2026-08-27T15:30:00Z,IT-CNorth,222.90,15
2026-08-27T15:30:00Z,IT-CSouth,222.90,15
2026-08-27T15:30:00Z,IT-North,222.90,15
2026-08-27T15:30:00Z,IT-Sardinia,222.90,15
2026-08-27T15:30:00Z,IT-Sicily,222.90,15
2026-08-27T15:30:00Z,IT-South,222.90,15
2026-08-27T15:30:00Z,LT,159.20,15
2026-08-27T15:30:00Z,LV,159.20,15
2026-08-27T15:30:00Z,NL,171.70,15
2026-08-27T15:30:00Z,NO1,141.11,15
2026-08-27T15:30:00Z,NO2,139.87,15
2026-08-27T15:30:00Z,NO3,154.37,15
2026-08-27T15:30:00Z,NO4,10.66,15
2026-08-27T15:30:00Z,NO5,142.60,15
2026-08-27T15:30:00Z,PL,160.10,15
2026-08-27T15:30:00Z,PT,2.20,15
2026-08-27T15:30:00Z,RO,218.99,15
2026-08-27T15:30:00Z,SE1,100.23,15
2026-08-27T15:30:00Z,SE2,119.57,15
2026-08-27T15:30:00Z,SE3,130.01,15
2026-08-27T15:30:00Z,SE4,131.65,15
2026-08-27T15:30:00Z,SI,222.90,15
2026-08-27T15:30:00Z,SK,196.26,15
2026-08-27T15:45:00Z,AT,243.11,15
2026-08-27T15:45:00Z,BE,192.31,15
2026-08-27T15:45:00Z,CZ,197.27,15
2026-08-27T15:45:00Z,DE-LU,168.73,15
2026-08-27T15:45:00Z,DK1,150.18,15
2026-08-27T15:45:00Z,DK2,152.93,15
2026-08-27T15:45:00Z,EE,187.29,15
2026-08-27T15:45:00Z,ES,0.66,15
2026-08-27T15:45:00Z,FI,143.09,15
2026-08-27T15:45:00Z,FR,188.84,15
2026-08-27T15:45:00Z,GR,232.90,15
2026-08-27T15:45:00Z,HR,238.09,15
2026-08-27T15:45:00Z,HU,230.45,15
2026-08-27T15:45:00Z,IT-CNorth,243.11,15
2026-08-27T15:45:00Z,IT-CSouth,243.11,15
2026-08-27T15:45:00Z,IT-North,243.11,15
2026-08-27T15:45:00Z,IT-Sardinia,243.11,15
2026-08-27T15:45:00Z,IT-Sicily,243.11,15
2026-08-27T15:45:00Z,IT-South,243.11,15
2026-08-27T15:45:00Z,LT,187.29,15
2026-08-27T15:45:00Z,LV,187.29,15
2026-08-27T15:45:00Z,NL,193.15,15
2026-08-27T15:45:00Z,NO1,147.00,15
2026-08-27T15:45:00Z,NO2,146.99,15
2026-08-27T15:45:00Z,NO3,146.95,15
2026-08-27T15:45:00Z,NO4,10.65,15
2026-08-27T15:45:00Z,NO5,146.39,15
2026-08-27T15:45:00Z,PL,186.84,15
2026-08-27T15:45:00Z,PT,3.43,15
2026-08-27T15:45:00Z,RO,232.96,15
2026-08-27T15:45:00Z,SE1,117.29,15
2026-08-27T15:45:00Z,SE2,135.22,15
2026-08-27T15:45:00Z,SE3,145.29,15
2026-08-27T15:45:00Z,SE4,146.01,15
2026-08-27T15:45:00Z,SI,243.11,15
2026-08-27T15:45:00Z,SK,208.34,15
2026-08-27T16:00:00Z,AT,174.91,15
2026-08-27T16:00:00Z,BE,157.24,15
2026-08-27T16:00:00Z,CH,175.17,60
2026-08-27T16:00:00Z,CZ,143.00,15
2026-08-27T16:00:00Z,DE-LU,151.75,15
2026-08-27T16:00:00Z,DK1,149.14,15
2026-08-27T16:00:00Z,DK2,146.44,15
2026-08-27T16:00:00Z,EE,163.32,15
2026-08-27T16:00:00Z,ES,1.08,15
2026-08-27T16:00:00Z,FI,126.53,15
2026-08-27T16:00:00Z,FR,161.68,15
2026-08-27T16:00:00Z,GR,237.88,15
2026-08-27T16:00:00Z,HR,232.19,15
2026-08-27T16:00:00Z,HU,219.89,15
2026-08-27T16:00:00Z,IT-CNorth,236.50,15
2026-08-27T16:00:00Z,IT-CSouth,236.50,15
2026-08-27T16:00:00Z,IT-North,236.50,15
2026-08-27T16:00:00Z,IT-Sardinia,236.50,15
2026-08-27T16:00:00Z,IT-Sicily,236.50,15
2026-08-27T16:00:00Z,IT-South,236.50,15
2026-08-27T16:00:00Z,LT,163.32,15
2026-08-27T16:00:00Z,LV,163.32,15
2026-08-27T16:00:00Z,NL,154.61,15
2026-08-27T16:00:00Z,NO1,141.15,15
2026-08-27T16:00:00Z,NO2,139.99,15
2026-08-27T16:00:00Z,NO3,154.48,15
2026-08-27T16:00:00Z,NO4,10.59,15
2026-08-27T16:00:00Z,NO5,142.73,15
2026-08-27T16:00:00Z,PL,161.60,15
2026-08-27T16:00:00Z,PT,5.88,15
2026-08-27T16:00:00Z,RO,240.93,15
2026-08-27T16:00:00Z,RS,216.00,15
2026-08-27T16:00:00Z,SE1,100.01,15
2026-08-27T16:00:00Z,SE2,119.59,15
2026-08-27T16:00:00Z,SE3,130.14,15
2026-08-27T16:00:00Z,SE4,131.72,15
2026-08-27T16:00:00Z,SI,236.50,15
2026-08-27T16:00:00Z,SK,140.02,15
2026-08-27T16:15:00Z,AT,199.95,15
2026-08-27T16:15:00Z,BE,183.16,15
2026-08-27T16:15:00Z,CZ,169.94,15
2026-08-27T16:15:00Z,DE-LU,169.48,15
2026-08-27T16:15:00Z,DK1,147.34,15
2026-08-27T16:15:00Z,DK2,150.03,15
2026-08-27T16:15:00Z,EE,160.00,15
2026-08-27T16:15:00Z,ES,8.26,15
2026-08-27T16:15:00Z,FI,126.25,15
2026-08-27T16:15:00Z,FR,186.47,15
2026-08-27T16:15:00Z,GR,245.72,15
2026-08-27T16:15:00Z,HR,246.54,15
2026-08-27T16:15:00Z,HU,233.25,15
2026-08-27T16:15:00Z,IT-CNorth,252.42,15
2026-08-27T16:15:00Z,IT-CSouth,252.42,15
2026-08-27T16:15:00Z,IT-North,252.42,15
2026-08-27T16:15:00Z,IT-Sardinia,252.42,15
2026-08-27T16:15:00Z,IT-Sicily,252.42,15
2026-08-27T16:15:00Z,IT-South,252.42,15
2026-08-27T16:15:00Z,LT,160.00,15
2026-08-27T16:15:00Z,LV,160.00,15
2026-08-27T16:15:00Z,NL,172.64,15
2026-08-27T16:15:00Z,NO1,141.86,15
2026-08-27T16:15:00Z,NO2,140.60,15
2026-08-27T16:15:00Z,NO3,156.34,15
2026-08-27T16:15:00Z,NO4,10.53,15
2026-08-27T16:15:00Z,NO5,143.58,15
2026-08-27T16:15:00Z,PL,227.20,15
2026-08-27T16:15:00Z,PT,7.51,15
2026-08-27T16:15:00Z,RO,246.92,15
2026-08-27T16:15:00Z,SE1,99.44,15
2026-08-27T16:15:00Z,SE2,119.32,15
2026-08-27T16:15:00Z,SE3,130.00,15
2026-08-27T16:15:00Z,SE4,131.68,15
2026-08-27T16:15:00Z,SI,252.42,15
2026-08-27T16:15:00Z,SK,185.77,15
2026-08-27T16:30:00Z,AT,209.16,15
2026-08-27T16:30:00Z,BE,187.27,15
2026-08-27T16:30:00Z,CZ,192.45,15
2026-08-27T16:30:00Z,DE-LU,177.02,15
2026-08-27T16:30:00Z,DK1,153.49,15
2026-08-27T16:30:00Z,DK2,156.30,15
2026-08-27T16:30:00Z,EE,198.99,15
2026-08-27T16:30:00Z,ES,35.59,15
2026-08-27T16:30:00Z,FI,121.78,15
2026-08-27T16:30:00Z,FR,191.68,15
2026-08-27T16:30:00Z,GR,252.93,15
2026-08-27T16:30:00Z,HR,251.49,15
2026-08-27T16:30:00Z,HU,242.92,15
2026-08-27T16:30:00Z,IT-CNorth,255.54,15
2026-08-27T16:30:00Z,IT-CSouth,255.54,15
2026-08-27T16:30:00Z,IT-North,255.54,15
2026-08-27T16:30:00Z,IT-Sardinia,255.54,15
2026-08-27T16:30:00Z,IT-Sicily,255.54,15
2026-08-27T16:30:00Z,IT-South,255.54,15
2026-08-27T16:30:00Z,LT,198.99,15
2026-08-27T16:30:00Z,LV,198.99,15
2026-08-27T16:30:00Z,NL,184.69,15
2026-08-27T16:30:00Z,NO1,145.15,15
2026-08-27T16:30:00Z,NO2,146.49,15
2026-08-27T16:30:00Z,NO3,155.01,15
2026-08-27T16:30:00Z,NO4,10.50,15
2026-08-27T16:30:00Z,NO5,143.74,15
2026-08-27T16:30:00Z,PL,277.63,15
2026-08-27T16:30:00Z,PT,19.08,15
2026-08-27T16:30:00Z,RO,253.75,15
2026-08-27T16:30:00Z,SE1,93.52,15
2026-08-27T16:30:00Z,SE2,103.34,15
2026-08-27T16:30:00Z,SE3,133.97,15
2026-08-27T16:30:00Z,SE4,140.83,15
2026-08-27T16:30:00Z,SI,255.54,15
2026-08-27T16:30:00Z,SK,215.99,15
2026-08-27T16:45:00Z,AT,239.59,15
2026-08-27T16:45:00Z,BE,210.26,15
2026-08-27T16:45:00Z,CZ,222.34,15
2026-08-27T16:45:00Z,DE-LU,197.00,15
2026-08-27T16:45:00Z,DK1,157.05,15
2026-08-27T16:45:00Z,DK2,159.93,15
2026-08-27T16:45:00Z,EE,199.00,15
2026-08-27T16:45:00Z,ES,66.49,15
2026-08-27T16:45:00Z,FI,103.79,15
2026-08-27T16:45:00Z,FR,214.14,15
2026-08-27T16:45:00Z,GR,263.47,15
2026-08-27T16:45:00Z,HR,256.66,15
2026-08-27T16:45:00Z,HU,259.80,15
2026-08-27T16:45:00Z,LT,199.00,15
2026-08-27T16:45:00Z,LV,199.00,15
2026-08-27T16:45:00Z,NL,208.05,15
2026-08-27T16:45:00Z,NO1,146.14,15
2026-08-27T16:45:00Z,NO2,147.91,15
2026-08-27T16:45:00Z,NO3,149.99,15
2026-08-27T16:45:00Z,NO4,10.49,15
2026-08-27T16:45:00Z,NO5,144.12,15
2026-08-27T16:45:00Z,PL,336.50,15
2026-08-27T16:45:00Z,PT,49.00,15
2026-08-27T16:45:00Z,RO,263.90,15
2026-08-27T16:45:00Z,SE1,73.29,15
2026-08-27T16:45:00Z,SE2,59.71,15
2026-08-27T16:45:00Z,SE3,135.10,15
2026-08-27T16:45:00Z,SE4,153.75,15
2026-08-27T16:45:00Z,SK,256.29,15
2026-08-27T17:00:00Z,AT,194.85,15
2026-08-27T17:00:00Z,BE,190.21,15
2026-08-27T17:00:00Z,CH,200.00,60
2026-08-27T17:00:00Z,CZ,191.05,15
2026-08-27T17:00:00Z,DE-LU,184.45,15
2026-08-27T17:00:00Z,DK1,157.03,15
2026-08-27T17:00:00Z,DK2,159.90,15
2026-08-27T17:00:00Z,EE,163.08,15
2026-08-27T17:00:00Z,ES,81.38,15
2026-08-27T17:00:00Z,FI,144.47,15
2026-08-27T17:00:00Z,FR,190.98,15
2026-08-27T17:00:00Z,GR,247.97,15
2026-08-27T17:00:00Z,HR,208.58,15
2026-08-27T17:00:00Z,HU,219.97,15
2026-08-27T17:00:00Z,IT-CNorth,253.00,15
2026-08-27T17:00:00Z,IT-CSouth,253.00,15
2026-08-27T17:00:00Z,IT-North,253.00,15
2026-08-27T17:00:00Z,IT-Sardinia,253.00,15
2026-08-27T17:00:00Z,IT-Sicily,299.27,15
2026-08-27T17:00:00Z,IT-South,253.00,15
2026-08-27T17:00:00Z,LT,163.08,15
2026-08-27T17:00:00Z,LV,163.08,15
2026-08-27T17:00:00Z,NL,190.24,15
2026-08-27T17:00:00Z,NO1,148.32,15
2026-08-27T17:00:00Z,NO2,148.87,15
2026-08-27T17:00:00Z,NO3,148.42,15
2026-08-27T17:00:00Z,NO4,10.60,15
2026-08-27T17:00:00Z,NO5,147.67,15
2026-08-27T17:00:00Z,PL,223.40,15
2026-08-27T17:00:00Z,PT,67.99,15
2026-08-27T17:00:00Z,RO,221.15,15
2026-08-27T17:00:00Z,RS,250.00,15
2026-08-27T17:00:00Z,SE1,117.87,15
2026-08-27T17:00:00Z,SE2,136.53,15
2026-08-27T17:00:00Z,SE3,146.72,15
2026-08-27T17:00:00Z,SE4,147.43,15
2026-08-27T17:00:00Z,SI,203.43,15
2026-08-27T17:00:00Z,SK,193.30,15
2026-08-27T17:15:00Z,AT,207.06,15
2026-08-27T17:15:00Z,BE,202.05,15
2026-08-27T17:15:00Z,CZ,208.23,15
2026-08-27T17:15:00Z,DE-LU,194.52,15
2026-08-27T17:15:00Z,DK1,155.68,15
2026-08-27T17:15:00Z,DK2,158.52,15
2026-08-27T17:15:00Z,EE,244.00,15
2026-08-27T17:15:00Z,ES,133.28,15
2026-08-27T17:15:00Z,FI,125.05,15
2026-08-27T17:15:00Z,FR,202.49,15
2026-08-27T17:15:00Z,GR,253.58,15
2026-08-27T17:15:00Z,HR,211.43,15
2026-08-27T17:15:00Z,HU,213.83,15
2026-08-27T17:15:00Z,IT-Sicily,330.02,15
2026-08-27T17:15:00Z,LT,244.00,15
2026-08-27T17:15:00Z,LV,244.00,15
2026-08-27T17:15:00Z,NL,202.45,15
2026-08-27T17:15:00Z,NO1,147.94,15
2026-08-27T17:15:00Z,NO2,149.18,15
2026-08-27T17:15:00Z,NO3,167.37,15
2026-08-27T17:15:00Z,NO4,10.52,15
2026-08-27T17:15:00Z,NO5,144.85,15
2026-08-27T17:15:00Z,PL,240.60,15
2026-08-27T17:15:00Z,PT,100.00,15
2026-08-27T17:15:00Z,RO,215.03,15
2026-08-27T17:15:00Z,SE1,95.94,15
2026-08-27T17:15:00Z,SE2,118.27,15
2026-08-27T17:15:00Z,SE3,130.00,15
2026-08-27T17:15:00Z,SE4,132.35,15
2026-08-27T17:15:00Z,SI,210.26,15
2026-08-27T17:15:00Z,SK,216.32,15
2026-08-27T17:30:00Z,AT,217.61,15
2026-08-27T17:30:00Z,BE,215.27,15
2026-08-27T17:30:00Z,CZ,218.02,15
2026-08-27T17:30:00Z,DE-LU,205.99,15
2026-08-27T17:30:00Z,DK1,153.14,15
2026-08-27T17:30:00Z,DK2,155.93,15
2026-08-27T17:30:00Z,ES,149.61,15
2026-08-27T17:30:00Z,FI,118.18,15
2026-08-27T17:30:00Z,FR,215.17,15
2026-08-27T17:30:00Z,GR,256.84,15
2026-08-27T17:30:00Z,HR,220.67,15
2026-08-27T17:30:00Z,HU,222.29,15
2026-08-27T17:30:00Z,IT-Sicily,343.82,15
2026-08-27T17:30:00Z,NL,216.41,15
2026-08-27T17:30:00Z,NO2,149.74,15
2026-08-27T17:30:00Z,NO3,174.94,15
2026-08-27T17:30:00Z,NO4,10.51,15
2026-08-27T17:30:00Z,NO5,144.50,15
2026-08-27T17:30:00Z,PL,241.47,15
2026-08-27T17:30:00Z,PT,115.00,15
2026-08-27T17:30:00Z,RO,223.17,15
2026-08-27T17:30:00Z,SE1,88.10,15
2026-08-27T17:30:00Z,SE2,111.82,15
2026-08-27T17:30:00Z,SE3,124.12,15
2026-08-27T17:30:00Z,SE4,127.07,15
2026-08-27T17:30:00Z,SI,219.86,15
2026-08-27T17:30:00Z,SK,224.03,15
2026-08-27T17:45:00Z,AT,212.45,15
2026-08-27T17:45:00Z,BE,221.06,15
2026-08-27T17:45:00Z,CZ,218.90,15
2026-08-27T17:45:00Z,DE-LU,212.09,15
2026-08-27T17:45:00Z,DK1,160.51,15
2026-08-27T17:45:00Z,DK2,163.43,15
2026-08-27T17:45:00Z,EE,229.45,15
2026-08-27T17:45:00Z,ES,187.20,15
2026-08-27T17:45:00Z,FI,83.16,15
2026-08-27T17:45:00Z,FR,221.22,15
2026-08-27T17:45:00Z,GR,256.15,15
2026-08-27T17:45:00Z,HR,242.25,15
2026-08-27T17:45:00Z,HU,226.45,15
2026-08-27T17:45:00Z,IT-CNorth,255.54,15
2026-08-27T17:45:00Z,IT-CSouth,255.54,15
2026-08-27T17:45:00Z,IT-North,255.54,15
2026-08-27T17:45:00Z,IT-Sardinia,255.54,15
2026-08-27T17:45:00Z,IT-Sicily,343.84,15
2026-08-27T17:45:00Z,IT-South,255.54,15
2026-08-27T17:45:00Z,LT,229.45,15
2026-08-27T17:45:00Z,LV,229.45,15
2026-08-27T17:45:00Z,NL,222.34,15
2026-08-27T17:45:00Z,NO1,147.92,15
2026-08-27T17:45:00Z,NO3,209.52,15
2026-08-27T17:45:00Z,NO4,10.21,15
2026-08-27T17:45:00Z,NO5,144.31,15
2026-08-27T17:45:00Z,PL,228.34,15
2026-08-27T17:45:00Z,PT,165.00,15
2026-08-27T17:45:00Z,RO,230.74,15
2026-08-27T17:45:00Z,SE1,48.27,15
2026-08-27T17:45:00Z,SE2,75.10,15
2026-08-27T17:45:00Z,SE3,96.54,15
2026-08-27T17:45:00Z,SE4,103.95,15
2026-08-27T17:45:00Z,SI,250.22,15
2026-08-27T17:45:00Z,SK,224.34,15
2026-08-27T18:00:00Z,AT,209.94,15
2026-08-27T18:00:00Z,BE,212.92,15
2026-08-27T18:00:00Z,CH,197.24,60
2026-08-27T18:00:00Z,CZ,198.66,15
2026-08-27T18:00:00Z,DE-LU,205.74,15
2026-08-27T18:00:00Z,DK1,139.29,15
2026-08-27T18:00:00Z,DK2,157.26,15
2026-08-27T18:00:00Z,EE,194.00,15
2026-08-27T18:00:00Z,ES,154.51,15
2026-08-27T18:00:00Z,FI,126.31,15
2026-08-27T18:00:00Z,FR,212.73,15
2026-08-27T18:00:00Z,GR,257.11,15
2026-08-27T18:00:00Z,HR,233.04,15
2026-08-27T18:00:00Z,HU,255.07,15
2026-08-27T18:00:00Z,IT-CNorth,253.00,15
2026-08-27T18:00:00Z,IT-CSouth,253.00,15
2026-08-27T18:00:00Z,IT-North,253.00,15
2026-08-27T18:00:00Z,IT-Sardinia,253.00,15
2026-08-27T18:00:00Z,IT-Sicily,343.82,15
2026-08-27T18:00:00Z,IT-South,253.00,15
2026-08-27T18:00:00Z,LT,194.00,15
2026-08-27T18:00:00Z,LV,194.00,15
2026-08-27T18:00:00Z,NL,214.24,15
2026-08-27T18:00:00Z,NO1,151.09,15
2026-08-27T18:00:00Z,NO2,149.33,15
2026-08-27T18:00:00Z,NO3,162.20,15
2026-08-27T18:00:00Z,NO4,10.84,15
2026-08-27T18:00:00Z,NO5,143.90,15
2026-08-27T18:00:00Z,PL,215.05,15
2026-08-27T18:00:00Z,PT,159.35,15
2026-08-27T18:00:00Z,RO,259.65,15
2026-08-27T18:00:00Z,RS,237.00,15
2026-08-27T18:00:00Z,SE1,91.93,15
2026-08-27T18:00:00Z,SE2,113.34,15
2026-08-27T18:00:00Z,SE3,137.35,15
2026-08-27T18:00:00Z,SE4,142.58,15
2026-08-27T18:00:00Z,SI,222.89,15
2026-08-27T18:00:00Z,SK,219.03,15
2026-08-27T18:15:00Z,AT,196.27,15
2026-08-27T18:15:00Z,BE,198.74,15
2026-08-27T18:15:00Z,CZ,183.78,15
2026-08-27T18:15:00Z,DE-LU,192.87,15
2026-08-27T18:15:00Z,DK1,149.03,15
2026-08-27T18:15:00Z,DK2,157.39,15
2026-08-27T18:15:00Z,EE,205.03,15
2026-08-27T18:15:00Z,ES,163.88,15
2026-08-27T18:15:00Z,FI,97.66,15
2026-08-27T18:15:00Z,FR,198.80,15
2026-08-27T18:15:00Z,GR,250.00,15
2026-08-27T18:15:00Z,HR,222.59,15
2026-08-27T18:15:00Z,HU,247.69,15
2026-08-27T18:15:00Z,IT-Sicily,343.84,15
2026-08-27T18:15:00Z,LT,205.03,15
2026-08-27T18:15:00Z,LV,205.03,15
2026-08-27T18:15:00Z,NL,199.69,15
2026-08-27T18:15:00Z,NO1,151.38,15
2026-08-27T18:15:00Z,NO2,147.47,15
2026-08-27T18:15:00Z,NO3,177.09,15
2026-08-27T18:15:00Z,NO4,10.46,15
2026-08-27T18:15:00Z,NO5,142.84,15
2026-08-27T18:15:00Z,PL,202.84,15
2026-08-27T18:15:00Z,PT,171.40,15
2026-08-27T18:15:00Z,RO,252.89,15
2026-08-27T18:15:00Z,SE1,46.51,15
2026-08-27T18:15:00Z,SE2,68.92,15
2026-08-27T18:15:00Z,SE3,129.99,15
2026-08-27T18:15:00Z,SE4,145.76,15
2026-08-27T18:15:00Z,SI,211.04,15
2026-08-27T18:15:00Z,SK,206.91,15
2026-08-27T18:30:00Z,AT,190.95,15
2026-08-27T18:30:00Z,BE,193.28,15
2026-08-27T18:30:00Z,CZ,177.37,15
2026-08-27T18:30:00Z,DE-LU,187.80,15
2026-08-27T18:30:00Z,DK1,146.50,15
2026-08-27T18:30:00Z,DK2,155.17,15
2026-08-27T18:30:00Z,EE,200.90,15
2026-08-27T18:30:00Z,ES,177.67,15
2026-08-27T18:30:00Z,FI,83.91,15
2026-08-27T18:30:00Z,FR,193.47,15
2026-08-27T18:30:00Z,GR,250.04,15
2026-08-27T18:30:00Z,HR,219.91,15
2026-08-27T18:30:00Z,HU,247.50,15
2026-08-27T18:30:00Z,IT-CNorth,255.32,15
2026-08-27T18:30:00Z,IT-CSouth,255.32,15
2026-08-27T18:30:00Z,IT-North,255.32,15
2026-08-27T18:30:00Z,IT-Sardinia,255.32,15
2026-08-27T18:30:00Z,IT-South,255.32,15
2026-08-27T18:30:00Z,LT,200.90,15
2026-08-27T18:30:00Z,LV,200.90,15
2026-08-27T18:30:00Z,NL,194.09,15
2026-08-27T18:30:00Z,NO1,147.95,15
2026-08-27T18:30:00Z,NO2,146.24,15
2026-08-27T18:30:00Z,NO3,207.60,15
2026-08-27T18:30:00Z,NO4,9.77,15
2026-08-27T18:30:00Z,NO5,142.63,15
2026-08-27T18:30:00Z,PL,198.49,15
2026-08-27T18:30:00Z,PT,176.67,15
2026-08-27T18:30:00Z,RO,253.22,15
2026-08-27T18:30:00Z,SE1,48.20,15
2026-08-27T18:30:00Z,SE2,78.14,15
2026-08-27T18:30:00Z,SE3,95.73,15
2026-08-27T18:30:00Z,SE4,101.96,15
2026-08-27T18:30:00Z,SI,207.21,15
2026-08-27T18:30:00Z,SK,202.77,15
2026-08-27T18:45:00Z,AT,182.36,15
2026-08-27T18:45:00Z,BE,184.51,15
2026-08-27T18:45:00Z,CZ,165.36,15
2026-08-27T18:45:00Z,DE-LU,179.54,15
2026-08-27T18:45:00Z,DK1,150.86,15
2026-08-27T18:45:00Z,DK2,153.60,15
2026-08-27T18:45:00Z,EE,195.67,15
2026-08-27T18:45:00Z,ES,194.00,15
2026-08-27T18:45:00Z,FI,80.80,15
2026-08-27T18:45:00Z,FR,185.00,15
2026-08-27T18:45:00Z,GR,257.67,15
2026-08-27T18:45:00Z,HR,219.27,15
2026-08-27T18:45:00Z,HU,254.44,15
2026-08-27T18:45:00Z,IT-CNorth,253.50,15
2026-08-27T18:45:00Z,IT-CSouth,253.50,15
2026-08-27T18:45:00Z,IT-North,253.50,15
2026-08-27T18:45:00Z,IT-Sardinia,253.50,15
2026-08-27T18:45:00Z,IT-South,253.50,15
2026-08-27T18:45:00Z,LT,195.67,15
2026-08-27T18:45:00Z,LV,195.67,15
2026-08-27T18:45:00Z,NL,185.08,15
2026-08-27T18:45:00Z,NO1,143.91,15
2026-08-27T18:45:00Z,NO2,143.27,15
2026-08-27T18:45:00Z,NO3,207.25,15
2026-08-27T18:45:00Z,NO4,8.60,15
2026-08-27T18:45:00Z,NO5,142.18,15
2026-08-27T18:45:00Z,PL,192.61,15
2026-08-27T18:45:00Z,PT,185.00,15
2026-08-27T18:45:00Z,RO,261.71,15
2026-08-27T18:45:00Z,SE1,46.45,15
2026-08-27T18:45:00Z,SE2,76.41,15
2026-08-27T18:45:00Z,SE3,91.27,15
2026-08-27T18:45:00Z,SE4,96.84,15
2026-08-27T18:45:00Z,SI,203.10,15
2026-08-27T18:45:00Z,SK,197.66,15
2026-08-27T19:00:00Z,AT,196.57,15
2026-08-27T19:00:00Z,BE,199.72,15
2026-08-27T19:00:00Z,CH,176.40,60
2026-08-27T19:00:00Z,CZ,183.72,15
2026-08-27T19:00:00Z,DE-LU,192.13,15
2026-08-27T19:00:00Z,DK1,133.61,15
2026-08-27T19:00:00Z,DK2,146.47,15
2026-08-27T19:00:00Z,EE,205.36,15
2026-08-27T19:00:00Z,ES,180.03,15
2026-08-27T19:00:00Z,FI,82.11,15
2026-08-27T19:00:00Z,FR,199.65,15
2026-08-27T19:00:00Z,GR,251.82,15
2026-08-27T19:00:00Z,HR,223.70,15
2026-08-27T19:00:00Z,HU,249.15,15
2026-08-27T19:00:00Z,IT-CNorth,250.00,15
2026-08-27T19:00:00Z,IT-CSouth,250.00,15
2026-08-27T19:00:00Z,IT-North,233.00,15
2026-08-27T19:00:00Z,IT-Sardinia,250.00,15
2026-08-27T19:00:00Z,IT-Sicily,343.82,15
2026-08-27T19:00:00Z,IT-South,250.00,15
2026-08-27T19:00:00Z,LT,205.36,15
2026-08-27T19:00:00Z,LV,205.36,15
2026-08-27T19:00:00Z,NL,200.97,15
2026-08-27T19:00:00Z,NO1,147.92,15
2026-08-27T19:00:00Z,NO2,140.00,15
2026-08-27T19:00:00Z,NO3,210.29,15
2026-08-27T19:00:00Z,NO4,9.01,15
2026-08-27T19:00:00Z,NO5,146.60,15
2026-08-27T19:00:00Z,PL,203.07,15
2026-08-27T19:00:00Z,PT,180.03,15
2026-08-27T19:00:00Z,RO,254.98,15
2026-08-27T19:00:00Z,RS,216.00,15
2026-08-27T19:00:00Z,SE1,46.92,15
2026-08-27T19:00:00Z,SE2,77.79,15
2026-08-27T19:00:00Z,SE3,92.88,15
2026-08-27T19:00:00Z,SE4,98.26,15
2026-08-27T19:00:00Z,SI,211.86,15
2026-08-27T19:00:00Z,SK,211.40,15
2026-08-27T19:15:00Z,AT,190.00,15
2026-08-27T19:15:00Z,BE,186.18,15
2026-08-27T19:15:00Z,CZ,172.72,15
2026-08-27T19:15:00Z,DE-LU,180.12,15
2026-08-27T19:15:00Z,DK1,138.33,15
2026-08-27T19:15:00Z,DK2,146.45,15
2026-08-27T19:15:00Z,EE,195.52,15
2026-08-27T19:15:00Z,ES,194.02,15
2026-08-27T19:15:00Z,FI,78.70,15
2026-08-27T19:15:00Z,FR,186.77,15
2026-08-27T19:15:00Z,GR,247.47,15
2026-08-27T19:15:00Z,HR,217.25,15
2026-08-27T19:15:00Z,HU,244.75,15
2026-08-27T19:15:00Z,IT-CNorth,241.09,15
2026-08-27T19:15:00Z,IT-CSouth,241.09,15
2026-08-27T19:15:00Z,IT-Sardinia,241.09,15
2026-08-27T19:15:00Z,IT-South,241.09,15
2026-08-27T19:15:00Z,LT,195.52,15
2026-08-27T19:15:00Z,LV,195.52,15
2026-08-27T19:15:00Z,NL,186.84,15
2026-08-27T19:15:00Z,NO1,142.55,15
2026-08-27T19:15:00Z,NO2,137.97,15
2026-08-27T19:15:00Z,NO3,206.65,15
2026-08-27T19:15:00Z,NO4,6.89,15
2026-08-27T19:15:00Z,NO5,143.71,15
2026-08-27T19:15:00Z,PL,156.54,15
2026-08-27T19:15:00Z,PT,185.02,15
2026-08-27T19:15:00Z,RO,250.87,15
2026-08-27T19:15:00Z,SE1,44.07,15
2026-08-27T19:15:00Z,SE2,74.48,15
2026-08-27T19:15:00Z,SE3,89.24,15
2026-08-27T19:15:00Z,SE4,94.50,15
2026-08-27T19:15:00Z,SI,204.61,15
2026-08-27T19:15:00Z,SK,203.59,15
2026-08-27T19:30:00Z,AT,179.98,15
2026-08-27T19:30:00Z,BE,180.30,15
2026-08-27T19:30:00Z,CZ,162.49,15
2026-08-27T19:30:00Z,DE-LU,171.99,15
2026-08-27T19:30:00Z,DK1,138.46,15
2026-08-27T19:30:00Z,DK2,145.90,15
2026-08-27T19:30:00Z,EE,187.81,15
2026-08-27T19:30:00Z,ES,188.67,15
2026-08-27T19:30:00Z,FI,77.71,15
2026-08-27T19:30:00Z,FR,179.73,15
2026-08-27T19:30:00Z,GR,243.40,15
2026-08-27T19:30:00Z,HR,210.47,15
2026-08-27T19:30:00Z,HU,240.37,15
2026-08-27T19:30:00Z,IT-CNorth,253.00,15
2026-08-27T19:30:00Z,IT-CSouth,253.00,15
2026-08-27T19:30:00Z,IT-North,232.96,15
2026-08-27T19:30:00Z,IT-Sardinia,253.00,15
2026-08-27T19:30:00Z,IT-South,253.00,15
2026-08-27T19:30:00Z,LT,187.81,15
2026-08-27T19:30:00Z,LV,187.81,15
2026-08-27T19:30:00Z,NL,180.64,15
2026-08-27T19:30:00Z,NO1,141.93,15
2026-08-27T19:30:00Z,NO2,137.93,15
2026-08-27T19:30:00Z,NO3,206.10,15
2026-08-27T19:30:00Z,NO4,5.42,15
2026-08-27T19:30:00Z,NO5,142.40,15
2026-08-27T19:30:00Z,PL,141.16,15
2026-08-27T19:30:00Z,PT,179.73,15
2026-08-27T19:30:00Z,RO,247.11,15
2026-08-27T19:30:00Z,SE1,42.86,15
2026-08-27T19:30:00Z,SE2,73.46,15
2026-08-27T19:30:00Z,SE3,88.33,15
2026-08-27T19:30:00Z,SE4,93.63,15
2026-08-27T19:30:00Z,SI,196.67,15
2026-08-27T19:30:00Z,SK,195.78,15
2026-08-27T19:45:00Z,AT,173.26,15
2026-08-27T19:45:00Z,BE,185.89,15
2026-08-27T19:45:00Z,CZ,156.39,15
2026-08-27T19:45:00Z,DE-LU,159.44,15
2026-08-27T19:45:00Z,DK1,138.80,15
2026-08-27T19:45:00Z,DK2,141.89,15
2026-08-27T19:45:00Z,EE,112.19,15
2026-08-27T19:45:00Z,ES,180.01,15
2026-08-27T19:45:00Z,FI,76.14,15
2026-08-27T19:45:00Z,FR,180.01,15
2026-08-27T19:45:00Z,GR,235.08,15
2026-08-27T19:45:00Z,HR,203.05,15
2026-08-27T19:45:00Z,HU,225.32,15
2026-08-27T19:45:00Z,IT-CNorth,233.68,15
2026-08-27T19:45:00Z,IT-CSouth,233.68,15
2026-08-27T19:45:00Z,IT-Sardinia,233.68,15
2026-08-27T19:45:00Z,IT-Sicily,332.64,15
2026-08-27T19:45:00Z,IT-South,233.68,15
2026-08-27T19:45:00Z,LT,112.19,15
2026-08-27T19:45:00Z,LV,112.19,15
2026-08-27T19:45:00Z,NL,172.44,15
2026-08-27T19:45:00Z,NO1,140.04,15
2026-08-27T19:45:00Z,NO2,135.01,15
2026-08-27T19:45:00Z,NO3,204.41,15
2026-08-27T19:45:00Z,NO4,4.34,15
2026-08-27T19:45:00Z,NO5,141.73,15
2026-08-27T19:45:00Z,PL,154.01,15
2026-08-27T19:45:00Z,PT,180.01,15
2026-08-27T19:45:00Z,RO,240.08,15
2026-08-27T19:45:00Z,SE1,41.50,15
2026-08-27T19:45:00Z,SE2,71.93,15
2026-08-27T19:45:00Z,SE3,86.68,15
2026-08-27T19:45:00Z,SE4,91.93,15
2026-08-27T19:45:00Z,SI,190.73,15
2026-08-27T19:45:00Z,SK,162.90,15
2026-08-27T20:00:00Z,AT,193.44,15
2026-08-27T20:00:00Z,BE,189.25,15
2026-08-27T20:00:00Z,CH,167.00,60
2026-08-27T20:00:00Z,CZ,180.94,15
2026-08-27T20:00:00Z,DE-LU,175.56,15
2026-08-27T20:00:00Z,DK1,133.11,15
2026-08-27T20:00:00Z,DK2,142.72,15
2026-08-27T20:00:00Z,EE,240.29,15
2026-08-27T20:00:00Z,ES,192.06,15
2026-08-27T20:00:00Z,FI,76.15,15
2026-08-27T20:00:00Z,FR,188.55,15
2026-08-27T20:00:00Z,GR,235.85,15
2026-08-27T20:00:00Z,HR,212.79,15
2026-08-27T20:00:00Z,HU,222.32,15
2026-08-27T20:00:00Z,IT-CNorth,258.75,15
2026-08-27T20:00:00Z,IT-CSouth,258.75,15
2026-08-27T20:00:00Z,IT-North,232.05,15
2026-08-27T20:00:00Z,IT-Sardinia,258.75,15
2026-08-27T20:00:00Z,IT-Sicily,299.27,15
2026-08-27T20:00:00Z,IT-South,258.75,15
2026-08-27T20:00:00Z,LT,240.29,15
2026-08-27T20:00:00Z,LV,240.29,15
2026-08-27T20:00:00Z,NL,183.47,15
2026-08-27T20:00:00Z,NO1,139.96,15
2026-08-27T20:00:00Z,NO3,204.02,15
2026-08-27T20:00:00Z,NO4,4.50,15
2026-08-27T20:00:00Z,NO5,141.41,15
2026-08-27T20:00:00Z,PL,153.29,15
2026-08-27T20:00:00Z,PT,188.55,15
2026-08-27T20:00:00Z,RO,240.82,15
2026-08-27T20:00:00Z,RS,211.05,15
2026-08-27T20:00:00Z,SE1,41.49,15
2026-08-27T20:00:00Z,SE2,71.89,15
2026-08-27T20:00:00Z,SE3,86.72,15
2026-08-27T20:00:00Z,SE4,91.84,15
2026-08-27T20:00:00Z,SI,205.15,15
2026-08-27T20:00:00Z,SK,157.66,15
2026-08-27T20:15:00Z,AT,189.52,15
2026-08-27T20:15:00Z,BE,183.52,15
2026-08-27T20:15:00Z,CZ,175.42,15
2026-08-27T20:15:00Z,DE-LU,170.00,15
2026-08-27T20:15:00Z,DK1,132.51,15
2026-08-27T20:15:00Z,DK2,140.04,15
2026-08-27T20:15:00Z,EE,158.70,15
2026-08-27T20:15:00Z,ES,186.69,15
2026-08-27T20:15:00Z,FI,74.79,15
2026-08-27T20:15:00Z,FR,183.18,15
2026-08-27T20:15:00Z,GR,238.10,15
2026-08-27T20:15:00Z,HR,211.67,15
2026-08-27T20:15:00Z,HU,222.64,15
2026-08-27T20:15:00Z,IT-CNorth,250.00,15
2026-08-27T20:15:00Z,IT-CSouth,250.00,15
2026-08-27T20:15:00Z,IT-North,203.69,15
2026-08-27T20:15:00Z,IT-Sardinia,250.00,15
2026-08-27T20:15:00Z,IT-Sicily,277.63,15
2026-08-27T20:15:00Z,IT-South,250.00,15
2026-08-27T20:15:00Z,LT,158.70,15
2026-08-27T20:15:00Z,LV,158.70,15
2026-08-27T20:15:00Z,NL,177.06,15
2026-08-27T20:15:00Z,NO1,137.70,15
2026-08-27T20:15:00Z,NO2,132.01,15
2026-08-27T20:15:00Z,NO3,201.27,15
2026-08-27T20:15:00Z,NO4,4.24,15
2026-08-27T20:15:00Z,NO5,140.07,15
2026-08-27T20:15:00Z,PL,144.08,15
2026-08-27T20:15:00Z,PT,183.18,15
2026-08-27T20:15:00Z,RO,243.78,15
2026-08-27T20:15:00Z,SE1,40.64,15
2026-08-27T20:15:00Z,SE2,70.60,15
2026-08-27T20:15:00Z,SE3,85.18,15
2026-08-27T20:15:00Z,SE4,90.22,15
2026-08-27T20:15:00Z,SI,202.91,15
2026-08-27T20:15:00Z,SK,148.82,15
2026-08-27T20:30:00Z,AT,181.87,15
2026-08-27T20:30:00Z,BE,186.01,15
2026-08-27T20:30:00Z,CZ,166.35,15
2026-08-27T20:30:00Z,DE-LU,159.68,15
2026-08-27T20:30:00Z,DK1,130.20,15
2026-08-27T20:30:00Z,DK2,136.40,15
2026-08-27T20:30:00Z,EE,130.35,15
2026-08-27T20:30:00Z,ES,180.50,15
2026-08-27T20:30:00Z,FI,72.30,15
2026-08-27T20:30:00Z,FR,182.00,15
2026-08-27T20:30:00Z,GR,232.14,15
2026-08-27T20:30:00Z,HR,205.03,15
2026-08-27T20:30:00Z,HU,215.99,15
2026-08-27T20:30:00Z,IT-CNorth,230.00,15
2026-08-27T20:30:00Z,IT-CSouth,230.00,15
2026-08-27T20:30:00Z,IT-North,196.39,15
2026-08-27T20:30:00Z,IT-Sardinia,230.00,15
2026-08-27T20:30:00Z,IT-Sicily,270.00,15
2026-08-27T20:30:00Z,IT-South,230.00,15
2026-08-27T20:30:00Z,LT,130.35,15
2026-08-27T20:30:00Z,LV,130.35,15
2026-08-27T20:30:00Z,NL,165.00,15
2026-08-27T20:30:00Z,NO1,136.02,15
2026-08-27T20:30:00Z,NO2,129.22,15
2026-08-27T20:30:00Z,NO3,200.92,15
2026-08-27T20:30:00Z,NO4,0.96,15
2026-08-27T20:30:00Z,NO5,139.63,15
2026-08-27T20:30:00Z,PL,133.40,15
2026-08-27T20:30:00Z,PT,182.00,15
2026-08-27T20:30:00Z,RO,238.02,15
2026-08-27T20:30:00Z,SE1,37.74,15
2026-08-27T20:30:00Z,SE2,68.07,15
2026-08-27T20:30:00Z,SE3,82.79,15
2026-08-27T20:30:00Z,SE4,87.88,15
2026-08-27T20:30:00Z,SI,196.03,15
2026-08-27T20:30:00Z,SK,138.98,15
2026-08-27T20:45:00Z,AT,174.90,15
2026-08-27T20:45:00Z,BE,178.94,15
2026-08-27T20:45:00Z,CZ,160.96,15
2026-08-27T20:45:00Z,DE-LU,154.44,15
2026-08-27T20:45:00Z,DK1,122.65,15
2026-08-27T20:45:00Z,DK2,132.64,15
2026-08-27T20:45:00Z,EE,127.05,15
2026-08-27T20:45:00Z,ES,181.62,15
2026-08-27T20:45:00Z,FI,62.11,15
2026-08-27T20:45:00Z,FR,176.46,15
2026-08-27T20:45:00Z,GR,220.53,15
2026-08-27T20:45:00Z,HR,196.02,15
2026-08-27T20:45:00Z,HU,205.97,15
2026-08-27T20:45:00Z,IT-CNorth,187.87,15
2026-08-27T20:45:00Z,IT-CSouth,187.87,15
2026-08-27T20:45:00Z,IT-North,187.87,15
2026-08-27T20:45:00Z,IT-Sardinia,187.87,15
2026-08-27T20:45:00Z,IT-Sicily,202.00,15
2026-08-27T20:45:00Z,IT-South,187.87,15
2026-08-27T20:45:00Z,LT,127.05,15
2026-08-27T20:45:00Z,LV,127.05,15
2026-08-27T20:45:00Z,NL,143.95,15
2026-08-27T20:45:00Z,NO1,134.65,15
2026-08-27T20:45:00Z,NO2,127.11,15
2026-08-27T20:45:00Z,NO3,193.79,15
2026-08-27T20:45:00Z,NO4,0.42,15
2026-08-27T20:45:00Z,NO5,139.49,15
2026-08-27T20:45:00Z,PL,129.61,15
2026-08-27T20:45:00Z,PT,176.46,15
2026-08-27T20:45:00Z,RO,225.86,15
2026-08-27T20:45:00Z,SE1,33.24,15
2026-08-27T20:45:00Z,SE2,60.57,15
2026-08-27T20:45:00Z,SE3,79.99,15
2026-08-27T20:45:00Z,SE4,92.08,15
2026-08-27T20:45:00Z,SI,187.87,15
2026-08-27T20:45:00Z,SK,136.11,15
2026-08-27T21:00:00Z,AT,187.09,15
2026-08-27T21:00:00Z,BE,174.49,15
2026-08-27T21:00:00Z,CH,162.29,60
2026-08-27T21:00:00Z,CZ,174.71,15
2026-08-27T21:00:00Z,DE-LU,159.90,15
2026-08-27T21:00:00Z,DK1,133.13,15
2026-08-27T21:00:00Z,DK2,135.55,15
2026-08-27T21:00:00Z,EE,125.71,15
2026-08-27T21:00:00Z,ES,195.87,15
2026-08-27T21:00:00Z,FI,73.04,15
2026-08-27T21:00:00Z,FR,174.88,15
2026-08-27T21:00:00Z,GR,223.19,15
2026-08-27T21:00:00Z,HR,203.21,15
2026-08-27T21:00:00Z,HU,212.49,15
2026-08-27T21:00:00Z,IT-CNorth,230.00,15
2026-08-27T21:00:00Z,IT-CSouth,230.00,15
2026-08-27T21:00:00Z,IT-North,205.88,15
2026-08-27T21:00:00Z,IT-Sardinia,230.00,15
2026-08-27T21:00:00Z,IT-Sicily,230.00,15
2026-08-27T21:00:00Z,IT-South,230.00,15
2026-08-27T21:00:00Z,LT,125.71,15
2026-08-27T21:00:00Z,LV,125.71,15
2026-08-27T21:00:00Z,NL,160.88,15
2026-08-27T21:00:00Z,NO1,132.70,15
2026-08-27T21:00:00Z,NO2,126.39,15
2026-08-27T21:00:00Z,NO3,198.07,15
2026-08-27T21:00:00Z,NO4,4.35,15
2026-08-27T21:00:00Z,NO5,139.97,15
2026-08-27T21:00:00Z,PL,125.02,15
2026-08-27T21:00:00Z,PT,174.88,15
2026-08-27T21:00:00Z,RO,226.85,15
2026-08-27T21:00:00Z,RS,195.90,15
2026-08-27T21:00:00Z,SE1,39.59,15
2026-08-27T21:00:00Z,SE2,68.88,15
2026-08-27T21:00:00Z,SE3,83.16,15
2026-08-27T21:00:00Z,SE4,88.01,15
2026-08-27T21:00:00Z,SI,196.62,15
2026-08-27T21:00:00Z,SK,156.46,15
2026-08-27T21:15:00Z,AT,174.92,15
2026-08-27T21:15:00Z,BE,171.47,15
2026-08-27T21:15:00Z,CZ,164.17,15
2026-08-27T21:15:00Z,DE-LU,153.16,15
2026-08-27T21:15:00Z,DK1,128.54,15
2026-08-27T21:15:00Z,DK2,130.87,15
2026-08-27T21:15:00Z,EE,120.25,15
2026-08-27T21:15:00Z,ES,188.00,15
2026-08-27T21:15:00Z,FI,69.01,15
2026-08-27T21:15:00Z,FR,170.61,15
2026-08-27T21:15:00Z,GR,214.76,15
2026-08-27T21:15:00Z,HR,193.52,15
2026-08-27T21:15:00Z,HU,202.90,15
2026-08-27T21:15:00Z,IT-CNorth,202.00,15
2026-08-27T21:15:00Z,IT-CSouth,202.00,15
2026-08-27T21:15:00Z,IT-North,202.00,15
2026-08-27T21:15:00Z,IT-Sardinia,202.00,15
2026-08-27T21:15:00Z,IT-Sicily,202.00,15
2026-08-27T21:15:00Z,IT-South,202.00,15
2026-08-27T21:15:00Z,LT,120.25,15
2026-08-27T21:15:00Z,LV,120.25,15
2026-08-27T21:15:00Z,NL,150.10,15
2026-08-27T21:15:00Z,NO1,132.04,15
2026-08-27T21:15:00Z,NO2,125.98,15
2026-08-27T21:15:00Z,NO3,194.70,15
2026-08-27T21:15:00Z,NO4,4.11,15
2026-08-27T21:15:00Z,NO5,139.03,15
2026-08-27T21:15:00Z,PL,120.53,15
2026-08-27T21:15:00Z,PT,170.61,15
2026-08-27T21:15:00Z,RO,218.58,15
2026-08-27T21:15:00Z,SE1,37.81,15
2026-08-27T21:15:00Z,SE2,65.89,15
2026-08-27T21:15:00Z,SE3,82.04,15
2026-08-27T21:15:00Z,SE4,89.56,15
2026-08-27T21:15:00Z,SI,186.46,15
2026-08-27T21:15:00Z,SK,144.55,15
2026-08-27T21:30:00Z,AT,169.23,15
2026-08-27T21:30:00Z,BE,169.20,15
2026-08-27T21:30:00Z,CZ,158.62,15
2026-08-27T21:30:00Z,DE-LU,149.08,15
2026-08-27T21:30:00Z,DK1,129.14,15
2026-08-27T21:30:00Z,DK2,131.49,15
2026-08-27T21:30:00Z,EE,119.28,15
2026-08-27T21:30:00Z,ES,182.60,15
2026-08-27T21:30:00Z,FI,58.37,15
2026-08-27T21:30:00Z,FR,166.49,15
2026-08-27T21:30:00Z,GR,207.63,15
2026-08-27T21:30:00Z,HR,187.14,15
2026-08-27T21:30:00Z,HU,196.01,15
2026-08-27T21:30:00Z,IT-CNorth,193.00,15
2026-08-27T21:30:00Z,IT-CSouth,193.00,15
2026-08-27T21:30:00Z,IT-North,193.00,15
2026-08-27T21:30:00Z,IT-Sardinia,193.00,15
2026-08-27T21:30:00Z,IT-Sicily,193.00,15
2026-08-27T21:30:00Z,IT-South,193.00,15
2026-08-27T21:30:00Z,LT,119.28,15
2026-08-27T21:30:00Z,LV,119.28,15
2026-08-27T21:30:00Z,NL,153.21,15
2026-08-27T21:30:00Z,NO1,131.85,15
2026-08-27T21:30:00Z,NO2,126.44,15
2026-08-27T21:30:00Z,NO3,187.13,15
2026-08-27T21:30:00Z,NO4,4.03,15
2026-08-27T21:30:00Z,NO5,138.08,15
2026-08-27T21:30:00Z,PL,119.92,15
2026-08-27T21:30:00Z,PT,166.49,15
2026-08-27T21:30:00Z,RO,211.30,15
2026-08-27T21:30:00Z,SE1,33.49,15
2026-08-27T21:30:00Z,SE2,58.30,15
2026-08-27T21:30:00Z,SE3,80.02,15
2026-08-27T21:30:00Z,SE4,95.46,15
2026-08-27T21:30:00Z,SI,180.35,15
2026-08-27T21:30:00Z,SK,139.90,15
2026-08-27T21:45:00Z,AT,154.85,15
2026-08-27T21:45:00Z,BE,161.01,15
2026-08-27T21:45:00Z,CZ,146.41,15
2026-08-27T21:45:00Z,DE-LU,139.42,15
2026-08-27T21:45:00Z,DK1,127.48,15
2026-08-27T21:45:00Z,DK2,129.79,15
2026-08-27T21:45:00Z,EE,119.59,15
2026-08-27T21:45:00Z,ES,166.95,15
2026-08-27T21:45:00Z,FI,50.58,15
2026-08-27T21:45:00Z,FR,155.41,15
2026-08-27T21:45:00Z,GR,182.63,15
2026-08-27T21:45:00Z,HR,167.83,15
2026-08-27T21:45:00Z,HU,173.97,15
2026-08-27T21:45:00Z,IT-CNorth,162.94,15
2026-08-27T21:45:00Z,IT-CSouth,162.94,15
2026-08-27T21:45:00Z,IT-North,162.94,15
2026-08-27T21:45:00Z,IT-Sardinia,162.94,15
2026-08-27T21:45:00Z,IT-Sicily,162.94,15
2026-08-27T21:45:00Z,IT-South,162.94,15
2026-08-27T21:45:00Z,LT,119.59,15
2026-08-27T21:45:00Z,LV,119.59,15
2026-08-27T21:45:00Z,NL,159.71,15
2026-08-27T21:45:00Z,NO1,130.00,15
2026-08-27T21:45:00Z,NO2,124.78,15
2026-08-27T21:45:00Z,NO3,182.93,15
2026-08-27T21:45:00Z,NO4,0.00,15
2026-08-27T21:45:00Z,NO5,135.99,15
2026-08-27T21:45:00Z,PL,120.37,15
2026-08-27T21:45:00Z,PT,155.41,15
2026-08-27T21:45:00Z,RO,185.29,15
2026-08-27T21:45:00Z,SE1,28.08,15
2026-08-27T21:45:00Z,SE2,51.86,15
2026-08-27T21:45:00Z,SE3,76.46,15
2026-08-27T21:45:00Z,SE4,95.69,15
2026-08-27T21:45:00Z,SI,162.94,15
2026-08-27T21:45:00Z,SK,132.96,15
2026-08-27T22:00:00Z,AT,167.00,15
2026-08-27T22:00:00Z,BE,193.22,15
2026-08-27T22:00:00Z,CH,157.00,60
2026-08-27T22:00:00Z,CZ,151.62,15
2026-08-27T22:00:00Z,DE-LU,141.01,15
2026-08-27T22:00:00Z,DK1,101.37,15
2026-08-27T22:00:00Z,DK2,103.21,15
2026-08-27T22:00:00Z,EE,123.35,15
2026-08-27T22:00:00Z,ES,152.98,15
2026-08-27T22:00:00Z,FI,47.23,15
2026-08-27T22:00:00Z,FR,180.01,15
2026-08-27T22:00:00Z,GR,207.13,15
2026-08-27T22:00:00Z,HR,185.68,15
2026-08-27T22:00:00Z,HU,192.75,15
2026-08-27T22:00:00Z,IT-CNorth,216.26,15
2026-08-27T22:00:00Z,IT-CSouth,216.26,15
2026-08-27T22:00:00Z,IT-North,216.26,15
2026-08-27T22:00:00Z,IT-Sardinia,216.26,15
2026-08-27T22:00:00Z,IT-Sicily,324.20,15
2026-08-27T22:00:00Z,IT-South,216.26,15
2026-08-27T22:00:00Z,LT,123.35,15
2026-08-27T22:00:00Z,LV,123.35,15
2026-08-27T22:00:00Z,NL,175.21,15
2026-08-27T22:00:00Z,NO1,113.83,15
2026-08-27T22:00:00Z,NO2,111.54,15
2026-08-27T22:00:00Z,NO3,137.38,15
2026-08-27T22:00:00Z,NO4,8.70,15
2026-08-27T22:00:00Z,NO5,119.13,15
2026-08-27T22:00:00Z,PL,126.33,15
2026-08-27T22:00:00Z,PT,180.01,15
2026-08-27T22:00:00Z,RO,211.77,15
2026-08-27T22:00:00Z,RS,170.00,15
2026-08-27T22:00:00Z,SE1,31.55,15
2026-08-27T22:00:00Z,SE2,45.55,15
2026-08-27T22:00:00Z,SE3,52.78,15
2026-08-27T22:00:00Z,SE4,55.39,15
2026-08-27T22:00:00Z,SI,178.89,15
2026-08-27T22:00:00Z,SK,128.41,15
2026-08-27T22:15:00Z,AT,165.77,15
2026-08-27T22:15:00Z,BE,184.36,15
2026-08-27T22:15:00Z,CZ,151.19,15
2026-08-27T22:15:00Z,DE-LU,141.92,15
2026-08-27T22:15:00Z,DK1,109.79,15
2026-08-27T22:15:00Z,DK2,111.79,15
2026-08-27T22:15:00Z,EE,120.87,15
2026-08-27T22:15:00Z,ES,161.11,15
2026-08-27T22:15:00Z,FI,46.23,15
2026-08-27T22:15:00Z,FR,174.00,15
2026-08-27T22:15:00Z,GR,206.07,15
2026-08-27T22:15:00Z,HR,184.54,15
2026-08-27T22:15:00Z,HU,192.11,15
2026-08-27T22:15:00Z,IT-Sicily,316.80,15
2026-08-27T22:15:00Z,LT,120.87,15
2026-08-27T22:15:00Z,LV,120.87,15
2026-08-27T22:15:00Z,NL,170.66,15
2026-08-27T22:15:00Z,NO1,112.46,15
2026-08-27T22:15:00Z,NO2,110.20,15
2026-08-27T22:15:00Z,NO3,135.54,15
2026-08-27T22:15:00Z,NO4,8.52,15
2026-08-27T22:15:00Z,NO5,117.68,15
2026-08-27T22:15:00Z,PL,124.24,15
2026-08-27T22:15:00Z,PT,174.00,15
2026-08-27T22:15:00Z,RO,210.76,15
2026-08-27T22:15:00Z,SE1,30.97,15
2026-08-27T22:15:00Z,SE2,44.85,15
2026-08-27T22:15:00Z,SE3,51.99,15
2026-08-27T22:15:00Z,SE4,54.61,15
2026-08-27T22:15:00Z,SI,177.69,15
2026-08-27T22:15:00Z,SK,131.01,15
2026-08-27T22:30:00Z,AT,161.63,15
2026-08-27T22:30:00Z,BE,181.50,15
2026-08-27T22:30:00Z,CZ,151.64,15
2026-08-27T22:30:00Z,DE-LU,139.00,15
2026-08-27T22:30:00Z,DK1,110.23,15
2026-08-27T22:30:00Z,DK2,112.24,15
2026-08-27T22:30:00Z,EE,112.68,15
2026-08-27T22:30:00Z,ES,163.06,15
2026-08-27T22:30:00Z,FI,40.00,15
2026-08-27T22:30:00Z,FR,171.56,15
2026-08-27T22:30:00Z,GR,185.47,15
2026-08-27T22:30:00Z,HR,173.86,15
2026-08-27T22:30:00Z,HU,179.19,15
2026-08-27T22:30:00Z,IT-Sicily,304.42,15
2026-08-27T22:30:00Z,LT,112.68,15
2026-08-27T22:30:00Z,LV,112.68,15
2026-08-27T22:30:00Z,NL,156.92,15
2026-08-27T22:30:00Z,NO1,112.85,15
2026-08-27T22:30:00Z,NO2,111.02,15
2026-08-27T22:30:00Z,NO3,130.10,15
2026-08-27T22:30:00Z,NO4,8.44,15
2026-08-27T22:30:00Z,NO5,117.77,15
2026-08-27T22:30:00Z,PL,118.02,15
2026-08-27T22:30:00Z,PT,171.56,15
2026-08-27T22:30:00Z,RO,188.55,15
2026-08-27T22:30:00Z,SE1,28.16,15
2026-08-27T22:30:00Z,SE2,41.57,15
2026-08-27T22:30:00Z,SE3,48.28,15
2026-08-27T22:30:00Z,SE4,51.24,15
2026-08-27T22:30:00Z,SI,169.88,15
2026-08-27T22:30:00Z,SK,162.44,15
2026-08-27T22:45:00Z,AT,157.15,15
2026-08-27T22:45:00Z,BE,177.66,15
2026-08-27T22:45:00Z,CZ,148.92,15
2026-08-27T22:45:00Z,DE-LU,136.16,15
2026-08-27T22:45:00Z,DK1,110.24,15
2026-08-27T22:45:00Z,DK2,112.25,15
2026-08-27T22:45:00Z,EE,111.01,15
2026-08-27T22:45:00Z,ES,152.71,15
2026-08-27T22:45:00Z,FI,38.62,15
2026-08-27T22:45:00Z,FR,168.24,15
2026-08-27T22:45:00Z,GR,175.00,15
2026-08-27T22:45:00Z,HR,166.82,15
2026-08-27T22:45:00Z,HU,171.08,15
2026-08-27T22:45:00Z,IT-Sicily,300.02,15
2026-08-27T22:45:00Z,LT,111.01,15
2026-08-27T22:45:00Z,LV,111.01,15
2026-08-27T22:45:00Z,NL,146.65,15
2026-08-27T22:45:00Z,NO1,112.76,15
2026-08-27T22:45:00Z,NO2,111.31,15
2026-08-27T22:45:00Z,NO3,124.60,15
2026-08-27T22:45:00Z,NO4,8.45,15
2026-08-27T22:45:00Z,NO5,117.47,15
2026-08-27T22:45:00Z,PL,116.38,15
2026-08-27T22:45:00Z,PT,168.24,15
2026-08-27T22:45:00Z,RO,177.44,15
2026-08-27T22:45:00Z,SE1,26.75,15
2026-08-27T22:45:00Z,SE2,38.50,15
2026-08-27T22:45:00Z,SE3,44.48,15
2026-08-27T22:45:00Z,SE4,46.86,15
2026-08-27T22:45:00Z,SI,163.88,15
2026-08-27T22:45:00Z,SK,166.36,15
2026-08-27T23:00:00Z,AT,163.41,15
2026-08-27T23:00:00Z,BE,177.89,15
2026-08-27T23:00:00Z,CH,150.96,60
2026-08-27T23:00:00Z,CZ,157.06,15
2026-08-27T23:00:00Z,DE-LU,141.81,15
2026-08-27T23:00:00Z,DK1,110.35,15
2026-08-27T23:00:00Z,DK2,112.36,15
2026-08-27T23:00:00Z,EE,109.10,15
2026-08-27T23:00:00Z,ES,156.17,15
2026-08-27T23:00:00Z,FI,45.49,15
2026-08-27T23:00:00Z,FR,168.20,15
2026-08-27T23:00:00Z,GR,175.66,15
2026-08-27T23:00:00Z,HR,170.99,15
2026-08-27T23:00:00Z,HU,175.13,15
2026-08-27T23:00:00Z,IT-CNorth,240.00,15
2026-08-27T23:00:00Z,IT-CSouth,240.00,15
2026-08-27T23:00:00Z,IT-North,240.00,15
2026-08-27T23:00:00Z,IT-Sardinia,240.00,15
2026-08-27T23:00:00Z,IT-Sicily,281.00,15
2026-08-27T23:00:00Z,IT-South,240.00,15
2026-08-27T23:00:00Z,LT,109.10,15
2026-08-27T23:00:00Z,LV,109.10,15
2026-08-27T23:00:00Z,NL,180.19,15
2026-08-27T23:00:00Z,NO1,113.13,15
2026-08-27T23:00:00Z,NO2,110.82,15
2026-08-27T23:00:00Z,NO3,135.00,15
2026-08-27T23:00:00Z,NO4,7.88,15
2026-08-27T23:00:00Z,NO5,118.23,15
2026-08-27T23:00:00Z,PT,168.20,15
2026-08-27T23:00:00Z,RO,177.70,15
2026-08-27T23:00:00Z,RS,155.00,15
2026-08-27T23:00:00Z,SE1,30.25,15
2026-08-27T23:00:00Z,SE2,43.82,15
2026-08-27T23:00:00Z,SE3,50.91,15
2026-08-27T23:00:00Z,SE4,53.46,15
2026-08-27T23:00:00Z,SI,168.96,15
2026-08-27T23:00:00Z,SK,192.93,15
2026-08-27T23:15:00Z,AT,159.44,15
2026-08-27T23:15:00Z,BE,169.79,15
2026-08-27T23:15:00Z,CZ,153.32,15
2026-08-27T23:15:00Z,DE-LU,138.66,15
2026-08-27T23:15:00Z,DK1,110.77,15
2026-08-27T23:15:00Z,DK2,112.79,15
2026-08-27T23:15:00Z,EE,103.61,15
2026-08-27T23:15:00Z,ES,153.56,15
2026-08-27T23:15:00Z,FI,44.73,15
2026-08-27T23:15:00Z,FR,161.80,15
2026-08-27T23:15:00Z,GR,172.49,15
2026-08-27T23:15:00Z,HR,167.40,15
2026-08-27T23:15:00Z,HU,171.96,15
2026-08-27T23:15:00Z,IT-CNorth,230.70,15
2026-08-27T23:15:00Z,IT-CSouth,230.70,15
2026-08-27T23:15:00Z,IT-North,230.70,15
2026-08-27T23:15:00Z,IT-Sardinia,230.70,15
2026-08-27T23:15:00Z,IT-Sicily,230.70,15
2026-08-27T23:15:00Z,IT-South,230.70,15
2026-08-27T23:15:00Z,LT,103.61,15
2026-08-27T23:15:00Z,LV,103.61,15
2026-08-27T23:15:00Z,NL,171.63,15
2026-08-27T23:15:00Z,NO1,113.80,15
2026-08-27T23:15:00Z,NO2,111.62,15
2026-08-27T23:15:00Z,NO3,133.83,15
2026-08-27T23:15:00Z,NO4,8.11,15
2026-08-27T23:15:00Z,NO5,118.83,15
2026-08-27T23:15:00Z,PL,111.18,15
2026-08-27T23:15:00Z,PT,161.80,15
2026-08-27T23:15:00Z,RO,174.63,15
2026-08-27T23:15:00Z,SE1,29.89,15
2026-08-27T23:15:00Z,SE2,43.10,15
2026-08-27T23:15:00Z,SE3,50.01,15
2026-08-27T23:15:00Z,SE4,52.49,15
2026-08-27T23:15:00Z,SI,165.23,15
2026-08-27T23:15:00Z,SK,190.68,15
2026-08-27T23:30:00Z,AT,156.65,15
2026-08-27T23:30:00Z,BE,164.75,15
2026-08-27T23:30:00Z,CZ,151.22,15
2026-08-27T23:30:00Z,DE-LU,138.02,15
2026-08-27T23:30:00Z,DK1,110.78,15
2026-08-27T23:30:00Z,DK2,112.80,15
2026-08-27T23:30:00Z,EE,106.30,15
2026-08-27T23:30:00Z,ES,153.12,15
2026-08-27T23:30:00Z,FI,40.78,15
2026-08-27T23:30:00Z,FR,158.12,15
2026-08-27T23:30:00Z,GR,168.48,15
2026-08-27T23:30:00Z,HR,163.85,15
2026-08-27T23:30:00Z,HU,168.02,15
2026-08-27T23:30:00Z,IT-CNorth,213.34,15
2026-08-27T23:30:00Z,IT-CSouth,213.34,15
2026-08-27T23:30:00Z,IT-North,213.34,15
2026-08-27T23:30:00Z,IT-Sardinia,213.34,15
2026-08-27T23:30:00Z,IT-Sicily,213.34,15
2026-08-27T23:30:00Z,IT-South,213.34,15
2026-08-27T23:30:00Z,LT,106.30,15
2026-08-27T23:30:00Z,LV,106.30,15
2026-08-27T23:30:00Z,NL,166.35,15
2026-08-27T23:30:00Z,NO1,113.26,15
2026-08-27T23:30:00Z,NO2,111.54,15
2026-08-27T23:30:00Z,NO3,127.08,15
2026-08-27T23:30:00Z,NO4,7.92,15
2026-08-27T23:30:00Z,NO5,118.01,15
2026-08-27T23:30:00Z,PL,113.15,15
2026-08-27T23:30:00Z,PT,158.12,15
2026-08-27T23:30:00Z,RO,170.42,15
2026-08-27T23:30:00Z,SE1,27.46,15
2026-08-27T23:30:00Z,SE2,39.32,15
2026-08-27T23:30:00Z,SE3,45.52,15
2026-08-27T23:30:00Z,SE4,47.74,15
2026-08-27T23:30:00Z,SI,161.87,15
2026-08-27T23:30:00Z,SK,184.97,15
2026-08-27T23:45:00Z,AT,152.95,15
2026-08-27T23:45:00Z,BE,150.99,15
2026-08-27T23:45:00Z,CZ,149.00,15
2026-08-27T23:45:00Z,DE-LU,138.66,15
2026-08-27T23:45:00Z,DK1,110.82,15
2026-08-27T23:45:00Z,DK2,112.84,15
2026-08-27T23:45:00Z,EE,109.93,15
2026-08-27T23:45:00Z,ES,148.11,15
2026-08-27T23:45:00Z,FI,39.99,15
2026-08-27T23:45:00Z,FR,149.36,15
2026-08-27T23:45:00Z,GR,163.68,15
2026-08-27T23:45:00Z,HR,159.30,15
2026-08-27T23:45:00Z,HU,163.33,15
2026-08-27T23:45:00Z,IT-CNorth,206.08,15
2026-08-27T23:45:00Z,IT-CSouth,206.08,15
2026-08-27T23:45:00Z,IT-North,206.08,15
2026-08-27T23:45:00Z,IT-Sardinia,206.08,15
2026-08-27T23:45:00Z,IT-Sicily,206.08,15
2026-08-27T23:45:00Z,IT-South,206.08,15
2026-08-27T23:45:00Z,LT,109.93,15
2026-08-27T23:45:00Z,LV,109.93,15
2026-08-27T23:45:00Z,NL,151.67,15
2026-08-27T23:45:00Z,NO1,112.98,15
2026-08-27T23:45:00Z,NO2,111.06,15
2026-08-27T23:45:00Z,NO3,129.75,15
2026-08-27T23:45:00Z,NO4,8.11,15
2026-08-27T23:45:00Z,NO5,117.79,15
2026-08-27T23:45:00Z,PL,115.93,15
2026-08-27T23:45:00Z,PT,149.36,15
2026-08-27T23:45:00Z,RO,165.41,15
2026-08-27T23:45:00Z,SE1,27.92,15
2026-08-27T23:45:00Z,SE2,41.07,15
2026-08-27T23:45:00Z,SE3,47.76,15
2026-08-27T23:45:00Z,SE4,50.62,15
2026-08-27T23:45:00Z,SI,157.46,15
2026-08-27T23:45:00Z,SK,178.43,15
