timestamp_utc,zone,price_eur_mwh,resolution_min
2026-01-06T00:00:00Z,AT,110.00,15
2026-01-06T00:00:00Z,BE,110.00,15
2026-01-06T00:00:00Z,CH,105.01,60
2026-01-06T00:00:00Z,CZ,110.00,15
2026-01-06T00:00:00Z,DE-LU,110.00,15
2026-01-06T00:00:00Z,DK1,110.00,15
2026-01-06T00:00:00Z,DK2,110.00,15
2026-01-06T00:00:00Z,EE,133.69,15
2026-01-06T00:00:00Z,ES,89.00,15
2026-01-06T00:00:00Z,FI,133.66,15
2026-01-06T00:00:00Z,FR,110.00,15
2026-01-06T00:00:00Z,GR,84.92,15
2026-01-06T00:00:00Z,HR,110.00,15
2026-01-06T00:00:00Z,HU,110.00,15
2026-01-06T00:00:00Z,IT-CNorth,110.00,15
2026-01-06T00:00:00Z,IT-CSouth,110.00,15
2026-01-06T00:00:00Z,IT-North,110.00,15
2026-01-06T00:00:00Z,IT-Sardinia,110.00,15
2026-01-06T00:00:00Z,IT-Sicily,110.00,15
2026-01-06T00:00:00Z,IT-South,110.00,15
2026-01-06T00:00:00Z,LT,133.69,15
2026-01-06T00:00:00Z,LV,133.69,15
2026-01-06T00:00:00Z,NL,110.00,15
2026-01-06T00:00:00Z,NO1,109.45,15
2026-01-06T00:00:00Z,NO2,106.59,15
2026-01-06T00:00:00Z,NO3,107.21,15
2026-01-06T00:00:00Z,NO4,103.00,15
2026-01-06T00:00:00Z,NO5,106.64,15
2026-01-06T00:00:00Z,PL,113.92,15
2026-01-06T00:00:00Z,PT,89.00,15
2026-01-06T00:00:00Z,RO,110.00,15
2026-01-06T00:00:00Z,RS,77.00,15
2026-01-06T00:00:00Z,SE1,114.58,15
2026-01-06T00:00:00Z,SE2,110.27,15
2026-01-06T00:00:00Z,SE3,110.29,15
2026-01-06T00:00:00Z,SE4,110.04,15
2026-01-06T00:00:00Z,SI,110.00,15
2026-01-06T00:00:00Z,SK,110.00,15
2026-01-06T00:15:00Z,AT,106.42,15
2026-01-06T00:15:00Z,BE,106.42,15
2026-01-06T00:15:00Z,CZ,106.42,15
2026-01-06T00:15:00Z,DE-LU,106.42,15
2026-01-06T00:15:00Z,DK1,106.42,15
2026-01-06T00:15:00Z,DK2,106.42,15
2026-01-06T00:15:00Z,EE,114.12,15
2026-01-06T00:15:00Z,ES,85.00,15
2026-01-06T00:15:00Z,FI,114.11,15
2026-01-06T00:15:00Z,FR,106.42,15
2026-01-06T00:15:00Z,GR,84.82,15
2026-01-06T00:15:00Z,HR,106.42,15
2026-01-06T00:15:00Z,HU,106.42,15
2026-01-06T00:15:00Z,IT-CNorth,106.42,15
2026-01-06T00:15:00Z,IT-CSouth,106.42,15
2026-01-06T00:15:00Z,IT-North,106.42,15
2026-01-06T00:15:00Z,IT-Sardinia,106.42,15
2026-01-06T00:15:00Z,IT-Sicily,106.42,15
2026-01-06T00:15:00Z,IT-South,106.42,15
2026-01-06T00:15:00Z,LT,114.12,15
2026-01-06T00:15:00Z,LV,114.12,15
2026-01-06T00:15:00Z,NL,106.42,15
2026-01-06T00:15:00Z,NO1,106.38,15
2026-01-06T00:15:00Z,NO2,103.12,15
2026-01-06T00:15:00Z,NO3,104.80,15
2026-01-06T00:15:00Z,NO4,103.88,15
2026-01-06T00:15:00Z,NO5,103.30,15
2026-01-06T00:15:00Z,PL,114.01,15
2026-01-06T00:15:00Z,PT,85.00,15
2026-01-06T00:15:00Z,RO,106.42,15
2026-01-06T00:15:00Z,RS,77.00,15
2026-01-06T00:15:00Z,SE1,107.81,15
2026-01-06T00:15:00Z,SE2,106.42,15
2026-01-06T00:15:00Z,SE3,106.48,15
2026-01-06T00:15:00Z,SE4,106.42,15
2026-01-06T00:15:00Z,SI,106.42,15
2026-01-06T00:15:00Z,SK,106.42,15
2026-01-06T00:30:00Z,AT,102.27,15
2026-01-06T00:30:00Z,BE,102.27,15
2026-01-06T00:30:00Z,CZ,102.27,15
2026-01-06T00:30:00Z,DE-LU,102.27,15
2026-01-06T00:30:00Z,DK1,102.27,15
2026-01-06T00:30:00Z,DK2,102.27,15
2026-01-06T00:30:00Z,EE,111.29,15
2026-01-06T00:30:00Z,ES,79.20,15
2026-01-06T00:30:00Z,FI,111.28,15
2026-01-06T00:30:00Z,FR,102.27,15
2026-01-06T00:30:00Z,GR,83.94,15
2026-01-06T00:30:00Z,HR,102.27,15
2026-01-06T00:30:00Z,HU,102.27,15
2026-01-06T00:30:00Z,IT-CNorth,102.27,15
2026-01-06T00:30:00Z,IT-CSouth,102.27,15
2026-01-06T00:30:00Z,IT-North,102.27,15
2026-01-06T00:30:00Z,IT-Sardinia,102.27,15
2026-01-06T00:30:00Z,IT-Sicily,102.27,15
2026-01-06T00:30:00Z,IT-South,102.27,15
2026-01-06T00:30:00Z,LT,111.29,15
2026-01-06T00:30:00Z,LV,111.29,15
2026-01-06T00:30:00Z,NL,102.27,15
2026-01-06T00:30:00Z,NO1,102.19,15
2026-01-06T00:30:00Z,NO2,99.10,15
2026-01-06T00:30:00Z,NO3,100.60,15
2026-01-06T00:30:00Z,NO4,99.38,15
2026-01-06T00:30:00Z,NO5,99.27,15
2026-01-06T00:30:00Z,PL,113.92,15
2026-01-06T00:30:00Z,PT,79.20,15
2026-01-06T00:30:00Z,RO,102.27,15
2026-01-06T00:30:00Z,RS,77.00,15
2026-01-06T00:30:00Z,SE1,103.94,15
2026-01-06T00:30:00Z,SE2,102.30,15
2026-01-06T00:30:00Z,SE3,102.36,15
2026-01-06T00:30:00Z,SE4,102.28,15
2026-01-06T00:30:00Z,SI,102.27,15
2026-01-06T00:30:00Z,SK,102.27,15
2026-01-06T00:45:00Z,AT,99.71,15
2026-01-06T00:45:00Z,BE,99.71,15
2026-01-06T00:45:00Z,CZ,99.71,15
2026-01-06T00:45:00Z,DE-LU,99.71,15
2026-01-06T00:45:00Z,DK1,99.71,15
2026-01-06T00:45:00Z,DK2,99.71,15
2026-01-06T00:45:00Z,EE,110.01,15
2026-01-06T00:45:00Z,ES,74.00,15
2026-01-06T00:45:00Z,FI,109.99,15
2026-01-06T00:45:00Z,FR,99.71,15
2026-01-06T00:45:00Z,GR,84.00,15
2026-01-06T00:45:00Z,HR,99.71,15
2026-01-06T00:45:00Z,HU,99.71,15
2026-01-06T00:45:00Z,IT-CNorth,100.98,15
2026-01-06T00:45:00Z,IT-CSouth,100.98,15
2026-01-06T00:45:00Z,IT-North,100.98,15
2026-01-06T00:45:00Z,IT-Sardinia,100.98,15
2026-01-06T00:45:00Z,IT-Sicily,100.98,15
2026-01-06T00:45:00Z,IT-South,100.98,15
2026-01-06T00:45:00Z,LT,110.01,15
2026-01-06T00:45:00Z,LV,110.01,15
2026-01-06T00:45:00Z,NL,99.71,15
2026-01-06T00:45:00Z,NO1,99.58,15
2026-01-06T00:45:00Z,NO2,96.62,15
2026-01-06T00:45:00Z,NO3,97.98,15
2026-01-06T00:45:00Z,NO4,96.48,15
2026-01-06T00:45:00Z,NO5,96.77,15
2026-01-06T00:45:00Z,PL,113.92,15
2026-01-06T00:45:00Z,PT,74.00,15
2026-01-06T00:45:00Z,RO,99.71,15
2026-01-06T00:45:00Z,RS,77.00,15
2026-01-06T00:45:00Z,SE1,101.64,15
2026-01-06T00:45:00Z,SE2,99.77,15
2026-01-06T00:45:00Z,SE3,99.82,15
2026-01-06T00:45:00Z,SE4,99.73,15
2026-01-06T00:45:00Z,SI,99.71,15
2026-01-06T00:45:00Z,SK,99.71,15
2026-01-06T01:00:00Z,AT,104.37,15
2026-01-06T01:00:00Z,BE,104.37,15
2026-01-06T01:00:00Z,CH,101.50,60
2026-01-06T01:00:00Z,CZ,104.37,15
2026-01-06T01:00:00Z,DE-LU,104.37,15
2026-01-06T01:00:00Z,DK1,104.37,15
2026-01-06T01:00:00Z,DK2,104.37,15
2026-01-06T01:00:00Z,EE,104.37,15
2026-01-06T01:00:00Z,ES,75.00,15
2026-01-06T01:00:00Z,FI,104.37,15
2026-01-06T01:00:00Z,FR,104.37,15
2026-01-06T01:00:00Z,GR,84.30,15
2026-01-06T01:00:00Z,HR,104.37,15
2026-01-06T01:00:00Z,HU,104.37,15
2026-01-06T01:00:00Z,IT-CNorth,105.70,15
2026-01-06T01:00:00Z,IT-CSouth,105.70,15
2026-01-06T01:00:00Z,IT-North,105.70,15
2026-01-06T01:00:00Z,IT-Sardinia,105.70,15
2026-01-06T01:00:00Z,IT-Sicily,105.70,15
2026-01-06T01:00:00Z,IT-South,105.70,15
2026-01-06T01:00:00Z,LT,104.37,15
2026-01-06T01:00:00Z,LV,104.37,15
2026-01-06T01:00:00Z,NL,104.37,15
2026-01-06T01:00:00Z,NO1,104.58,15
2026-01-06T01:00:00Z,NO2,101.14,15
2026-01-06T01:00:00Z,NO3,103.33,15
2026-01-06T01:00:00Z,NO4,103.93,15
2026-01-06T01:00:00Z,NO5,101.39,15
2026-01-06T01:00:00Z,PL,113.92,15
2026-01-06T01:00:00Z,PT,75.00,15
2026-01-06T01:00:00Z,RO,104.37,15
2026-01-06T01:00:00Z,RS,43.00,15
2026-01-06T01:00:00Z,SE1,104.21,15
2026-01-06T01:00:00Z,SE2,104.25,15
2026-01-06T01:00:00Z,SE3,104.34,15
2026-01-06T01:00:00Z,SE4,104.37,15
2026-01-06T01:00:00Z,SI,104.37,15
2026-01-06T01:00:00Z,SK,104.37,15
2026-01-06T01:15:00Z,AT,100.84,15
2026-01-06T01:15:00Z,BE,100.84,15
2026-01-06T01:15:00Z,CZ,100.84,15
2026-01-06T01:15:00Z,DE-LU,100.84,15
2026-01-06T01:15:00Z,DK1,100.84,15
2026-01-06T01:15:00Z,DK2,100.84,15
2026-01-06T01:15:00Z,EE,101.38,15
2026-01-06T01:15:00Z,ES,69.65,15
2026-01-06T01:15:00Z,FI,101.38,15
2026-01-06T01:15:00Z,FR,100.84,15
2026-01-06T01:15:00Z,GR,84.03,15
2026-01-06T01:15:00Z,HR,100.84,15
2026-01-06T01:15:00Z,HU,100.84,15
2026-01-06T01:15:00Z,IT-CNorth,103.84,15
2026-01-06T01:15:00Z,IT-CSouth,103.84,15
2026-01-06T01:15:00Z,IT-North,103.84,15
2026-01-06T01:15:00Z,IT-Sardinia,103.84,15
2026-01-06T01:15:00Z,IT-Sicily,103.84,15
2026-01-06T01:15:00Z,IT-South,103.84,15
2026-01-06T01:15:00Z,LT,101.38,15
2026-01-06T01:15:00Z,LV,101.38,15
2026-01-06T01:15:00Z,NL,100.84,15
2026-01-06T01:15:00Z,NO1,101.02,15
2026-01-06T01:15:00Z,NO2,97.72,15
2026-01-06T01:15:00Z,NO3,99.77,15
2026-01-06T01:15:00Z,NO4,100.11,15
2026-01-06T01:15:00Z,NO5,97.95,15
2026-01-06T01:15:00Z,PL,113.92,15
2026-01-06T01:15:00Z,PT,69.65,15
2026-01-06T01:15:00Z,RO,100.84,15
2026-01-06T01:15:00Z,RS,43.00,15
2026-01-06T01:15:00Z,SE1,100.69,15
2026-01-06T01:15:00Z,SE2,100.72,15
2026-01-06T01:15:00Z,SE3,100.81,15
2026-01-06T01:15:00Z,SE4,100.84,15
2026-01-06T01:15:00Z,SI,100.84,15
2026-01-06T01:15:00Z,SK,100.84,15
2026-01-06T01:30:00Z,AT,100.86,15
2026-01-06T01:30:00Z,BE,100.86,15
2026-01-06T01:30:00Z,CZ,100.86,15
2026-01-06T01:30:00Z,DE-LU,100.86,15
2026-01-06T01:30:00Z,DK1,100.86,15
2026-01-06T01:30:00Z,DK2,100.86,15
2026-01-06T01:30:00Z,EE,100.86,15
2026-01-06T01:30:00Z,ES,69.01,15
2026-01-06T01:30:00Z,FI,100.86,15
2026-01-06T01:30:00Z,FR,100.86,15
2026-01-06T01:30:00Z,GR,84.11,15
2026-01-06T01:30:00Z,HR,100.86,15
2026-01-06T01:30:00Z,HU,100.86,15
2026-01-06T01:30:00Z,IT-CNorth,102.05,15
2026-01-06T01:30:00Z,IT-CSouth,102.05,15
2026-01-06T01:30:00Z,IT-North,102.05,15
2026-01-06T01:30:00Z,IT-Sardinia,102.05,15
2026-01-06T01:30:00Z,IT-Sicily,102.05,15
2026-01-06T01:30:00Z,IT-South,102.05,15
2026-01-06T01:30:00Z,LT,100.86,15
2026-01-06T01:30:00Z,LV,100.86,15
2026-01-06T01:30:00Z,NL,100.86,15
2026-01-06T01:30:00Z,NO1,101.06,15
2026-01-06T01:30:00Z,NO2,97.73,15
2026-01-06T01:30:00Z,NO3,99.85,15
2026-01-06T01:30:00Z,NO4,100.43,15
2026-01-06T01:30:00Z,NO5,97.98,15
2026-01-06T01:30:00Z,PL,113.92,15
2026-01-06T01:30:00Z,PT,69.01,15
2026-01-06T01:30:00Z,RO,100.86,15
2026-01-06T01:30:00Z,RS,43.00,15
2026-01-06T01:30:00Z,SE1,100.70,15
2026-01-06T01:30:00Z,SE2,100.73,15
2026-01-06T01:30:00Z,SE3,100.82,15
2026-01-06T01:30:00Z,SE4,100.85,15
2026-01-06T01:30:00Z,SI,100.86,15
2026-01-06T01:30:00Z,SK,100.86,15
2026-01-06T01:45:00Z,AT,100.11,15
2026-01-06T01:45:00Z,BE,100.11,15
2026-01-06T01:45:00Z,CZ,100.11,15
2026-01-06T01:45:00Z,DE-LU,100.11,15
2026-01-06T01:45:00Z,DK1,100.11,15
2026-01-06T01:45:00Z,DK2,100.11,15
2026-01-06T01:45:00Z,EE,100.11,15
2026-01-06T01:45:00Z,ES,68.50,15
2026-01-06T01:45:00Z,FI,100.11,15
2026-01-06T01:45:00Z,FR,100.11,15
2026-01-06T01:45:00Z,GR,82.99,15
2026-01-06T01:45:00Z,HR,100.11,15
2026-01-06T01:45:00Z,HU,100.11,15
2026-01-06T01:45:00Z,IT-CNorth,101.69,15
2026-01-06T01:45:00Z,IT-CSouth,101.69,15
2026-01-06T01:45:00Z,IT-North,101.69,15
2026-01-06T01:45:00Z,IT-Sardinia,101.69,15
2026-01-06T01:45:00Z,IT-Sicily,101.69,15
2026-01-06T01:45:00Z,IT-South,101.69,15
2026-01-06T01:45:00Z,LT,100.11,15
2026-01-06T01:45:00Z,LV,100.11,15
2026-01-06T01:45:00Z,NL,100.11,15
2026-01-06T01:45:00Z,NO1,100.31,15
2026-01-06T01:45:00Z,NO2,97.01,15
2026-01-06T01:45:00Z,NO3,99.11,15
2026-01-06T01:45:00Z,NO4,99.69,15
2026-01-06T01:45:00Z,NO5,97.25,15
2026-01-06T01:45:00Z,PL,113.92,15
2026-01-06T01:45:00Z,PT,68.50,15
2026-01-06T01:45:00Z,RO,100.11,15
2026-01-06T01:45:00Z,RS,43.00,15
2026-01-06T01:45:00Z,SE1,99.95,15
2026-01-06T01:45:00Z,SE2,99.99,15
2026-01-06T01:45:00Z,SE3,100.07,15
2026-01-06T01:45:00Z,SE4,100.10,15
2026-01-06T01:45:00Z,SI,100.11,15
2026-01-06T01:45:00Z,SK,100.11,15
2026-01-06T02:00:00Z,AT,101.03,15
2026-01-06T02:00:00Z,BE,101.03,15
2026-01-06T02:00:00Z,CH,100.00,60
2026-01-06T02:00:00Z,CZ,101.03,15
2026-01-06T02:00:00Z,DE-LU,101.03,15
2026-01-06T02:00:00Z,DK1,101.03,15
2026-01-06T02:00:00Z,DK2,101.03,15
2026-01-06T02:00:00Z,EE,105.06,15
2026-01-06T02:00:00Z,ES,69.01,15
2026-01-06T02:00:00Z,FI,105.06,15
2026-01-06T02:00:00Z,FR,101.03,15
2026-01-06T02:00:00Z,GR,77.99,15
2026-01-06T02:00:00Z,HR,101.03,15
2026-01-06T02:00:00Z,HU,101.03,15
2026-01-06T02:00:00Z,IT-CNorth,101.30,15
2026-01-06T02:00:00Z,IT-CSouth,101.30,15
2026-01-06T02:00:00Z,IT-North,101.30,15
2026-01-06T02:00:00Z,IT-Sardinia,101.30,15
2026-01-06T02:00:00Z,IT-Sicily,101.30,15
2026-01-06T02:00:00Z,IT-South,101.30,15
2026-01-06T02:00:00Z,LT,105.06,15
2026-01-06T02:00:00Z,LV,105.06,15
2026-01-06T02:00:00Z,NL,101.03,15
2026-01-06T02:00:00Z,NO1,97.94,15
2026-01-06T02:00:00Z,NO2,97.90,15
2026-01-06T02:00:00Z,NO3,98.89,15
2026-01-06T02:00:00Z,NO4,97.92,15
2026-01-06T02:00:00Z,NO5,98.04,15
2026-01-06T02:00:00Z,PL,113.92,15
2026-01-06T02:00:00Z,PT,69.01,15
2026-01-06T02:00:00Z,RO,101.03,15
2026-01-06T02:00:00Z,RS,20.07,15
2026-01-06T02:00:00Z,SE1,100.76,15
2026-01-06T02:00:00Z,SE2,100.83,15
2026-01-06T02:00:00Z,SE3,101.02,15
2026-01-06T02:00:00Z,SE4,101.03,15
2026-01-06T02:00:00Z,SI,101.03,15
2026-01-06T02:00:00Z,SK,101.03,15
2026-01-06T02:15:00Z,AT,100.05,15
2026-01-06T02:15:00Z,BE,100.05,15
2026-01-06T02:15:00Z,CZ,100.05,15
2026-01-06T02:15:00Z,DE-LU,100.05,15
2026-01-06T02:15:00Z,DK1,100.05,15
2026-01-06T02:15:00Z,DK2,100.05,15
2026-01-06T02:15:00Z,EE,105.19,15
2026-01-06T02:15:00Z,ES,68.33,15
2026-01-06T02:15:00Z,FI,105.19,15
2026-01-06T02:15:00Z,FR,100.05,15
2026-01-06T02:15:00Z,GR,85.98,15
2026-01-06T02:15:00Z,HR,100.05,15
2026-01-06T02:15:00Z,HU,100.05,15
2026-01-06T02:15:00Z,IT-CNorth,100.39,15
2026-01-06T02:15:00Z,IT-CSouth,100.39,15
2026-01-06T02:15:00Z,IT-North,100.39,15
2026-01-06T02:15:00Z,IT-Sardinia,100.39,15
2026-01-06T02:15:00Z,IT-Sicily,100.39,15
2026-01-06T02:15:00Z,IT-South,100.39,15
2026-01-06T02:15:00Z,LT,105.19,15
2026-01-06T02:15:00Z,LV,105.19,15
2026-01-06T02:15:00Z,NL,100.05,15
2026-01-06T02:15:00Z,NO1,96.99,15
2026-01-06T02:15:00Z,NO2,96.95,15
2026-01-06T02:15:00Z,NO3,97.77,15
2026-01-06T02:15:00Z,NO4,96.27,15
2026-01-06T02:15:00Z,NO5,97.07,15
2026-01-06T02:15:00Z,PL,113.91,15
2026-01-06T02:15:00Z,PT,68.33,15
2026-01-06T02:15:00Z,RO,100.05,15
2026-01-06T02:15:00Z,RS,20.07,15
2026-01-06T02:15:00Z,SE1,99.77,15
2026-01-06T02:15:00Z,SE2,99.83,15
2026-01-06T02:15:00Z,SE3,100.03,15
2026-01-06T02:15:00Z,SE4,100.02,15
2026-01-06T02:15:00Z,SI,100.05,15
2026-01-06T02:15:00Z,SK,100.05,15
2026-01-06T02:30:00Z,AT,100.01,15
2026-01-06T02:30:00Z,BE,100.01,15
2026-01-06T02:30:00Z,CZ,100.01,15
2026-01-06T02:30:00Z,DE-LU,100.01,15
2026-01-06T02:30:00Z,DK1,100.01,15
2026-01-06T02:30:00Z,DK2,100.01,15
2026-01-06T02:30:00Z,EE,107.67,15
2026-01-06T02:30:00Z,ES,68.12,15
2026-01-06T02:30:00Z,FI,107.66,15
2026-01-06T02:30:00Z,FR,100.01,15
2026-01-06T02:30:00Z,GR,86.08,15
2026-01-06T02:30:00Z,HR,100.01,15
2026-01-06T02:30:00Z,HU,100.01,15
2026-01-06T02:30:00Z,IT-CNorth,100.01,15
2026-01-06T02:30:00Z,IT-CSouth,100.01,15
2026-01-06T02:30:00Z,IT-North,100.01,15
2026-01-06T02:30:00Z,IT-Sardinia,100.01,15
2026-01-06T02:30:00Z,IT-Sicily,100.01,15
2026-01-06T02:30:00Z,IT-South,100.01,15
2026-01-06T02:30:00Z,LT,107.67,15
2026-01-06T02:30:00Z,LV,107.67,15
2026-01-06T02:30:00Z,NL,100.01,15
2026-01-06T02:30:00Z,NO1,96.93,15
2026-01-06T02:30:00Z,NO2,96.91,15
2026-01-06T02:30:00Z,NO3,97.44,15
2026-01-06T02:30:00Z,NO4,94.84,15
2026-01-06T02:30:00Z,NO5,96.99,15
2026-01-06T02:30:00Z,PL,113.23,15
2026-01-06T02:30:00Z,PT,68.12,15
2026-01-06T02:30:00Z,RO,100.01,15
2026-01-06T02:30:00Z,RS,20.07,15
2026-01-06T02:30:00Z,SE1,99.78,15
2026-01-06T02:30:00Z,SE2,99.84,15
2026-01-06T02:30:00Z,SE3,100.06,15
2026-01-06T02:30:00Z,SE4,100.02,15
2026-01-06T02:30:00Z,SI,100.01,15
2026-01-06T02:30:00Z,SK,100.01,15
2026-01-06T02:45:00Z,AT,99.26,15
2026-01-06T02:45:00Z,BE,99.26,15
2026-01-06T02:45:00Z,CZ,99.26,15
2026-01-06T02:45:00Z,DE-LU,99.26,15
2026-01-06T02:45:00Z,DK1,99.26,15
2026-01-06T02:45:00Z,DK2,99.26,15
2026-01-06T02:45:00Z,EE,110.02,15
2026-01-06T02:45:00Z,ES,67.87,15
2026-01-06T02:45:00Z,FI,110.00,15
2026-01-06T02:45:00Z,FR,99.26,15
2026-01-06T02:45:00Z,GR,86.23,15
2026-01-06T02:45:00Z,HR,99.26,15
2026-01-06T02:45:00Z,HU,99.26,15
2026-01-06T02:45:00Z,IT-CNorth,101.30,15
2026-01-06T02:45:00Z,IT-CSouth,101.30,15
2026-01-06T02:45:00Z,IT-North,101.30,15
2026-01-06T02:45:00Z,IT-Sardinia,101.30,15
2026-01-06T02:45:00Z,IT-Sicily,101.30,15
2026-01-06T02:45:00Z,IT-South,101.30,15
2026-01-06T02:45:00Z,LT,110.02,15
2026-01-06T02:45:00Z,LV,110.02,15
2026-01-06T02:45:00Z,NL,99.26,15
2026-01-06T02:45:00Z,NO1,96.20,15
2026-01-06T02:45:00Z,NO2,96.19,15
2026-01-06T02:45:00Z,NO3,96.33,15
2026-01-06T02:45:00Z,NO4,92.34,15
2026-01-06T02:45:00Z,NO5,96.22,15
2026-01-06T02:45:00Z,PL,110.96,15
2026-01-06T02:45:00Z,PT,67.87,15
2026-01-06T02:45:00Z,RO,99.26,15
2026-01-06T02:45:00Z,RS,20.07,15
2026-01-06T02:45:00Z,SE1,99.06,15
2026-01-06T02:45:00Z,SE2,99.12,15
2026-01-06T02:45:00Z,SE3,99.37,15
2026-01-06T02:45:00Z,SE4,99.28,15
2026-01-06T02:45:00Z,SI,99.26,15
2026-01-06T02:45:00Z,SK,99.26,15
2026-01-06T03:00:00Z,AT,99.11,15
2026-01-06T03:00:00Z,BE,99.11,15
2026-01-06T03:00:00Z,CH,100.00,60
2026-01-06T03:00:00Z,CZ,99.11,15
2026-01-06T03:00:00Z,DE-LU,99.11,15
2026-01-06T03:00:00Z,DK1,99.11,15
2026-01-06T03:00:00Z,DK2,99.11,15
2026-01-06T03:00:00Z,EE,104.13,15
2026-01-06T03:00:00Z,ES,67.87,15
2026-01-06T03:00:00Z,FI,104.12,15
2026-01-06T03:00:00Z,FR,99.11,15
2026-01-06T03:00:00Z,GR,86.57,15
2026-01-06T03:00:00Z,HR,99.11,15
2026-01-06T03:00:00Z,HU,99.11,15
2026-01-06T03:00:00Z,IT-CNorth,101.30,15
2026-01-06T03:00:00Z,IT-CSouth,101.30,15
2026-01-06T03:00:00Z,IT-North,101.30,15
2026-01-06T03:00:00Z,IT-Sardinia,101.30,15
2026-01-06T03:00:00Z,IT-Sicily,101.30,15
2026-01-06T03:00:00Z,IT-South,101.30,15
2026-01-06T03:00:00Z,LT,104.13,15
2026-01-06T03:00:00Z,LV,104.13,15
2026-01-06T03:00:00Z,NL,99.11,15
2026-01-06T03:00:00Z,NO1,96.07,15
2026-01-06T03:00:00Z,NO2,96.04,15
2026-01-06T03:00:00Z,NO3,96.87,15
2026-01-06T03:00:00Z,NO4,95.45,15
2026-01-06T03:00:00Z,NO5,96.16,15
2026-01-06T03:00:00Z,PL,108.66,15
2026-01-06T03:00:00Z,PT,67.87,15
2026-01-06T03:00:00Z,RO,99.11,15
2026-01-06T03:00:00Z,RS,34.92,15
2026-01-06T03:00:00Z,SE1,98.88,15
2026-01-06T03:00:00Z,SE2,98.92,15
2026-01-06T03:00:00Z,SE3,99.12,15
2026-01-06T03:00:00Z,SE4,99.11,15
2026-01-06T03:00:00Z,SI,99.11,15
2026-01-06T03:00:00Z,SK,99.11,15
2026-01-06T03:15:00Z,AT,99.88,15
2026-01-06T03:15:00Z,BE,99.88,15
2026-01-06T03:15:00Z,CZ,99.88,15
2026-01-06T03:15:00Z,DE-LU,99.88,15
2026-01-06T03:15:00Z,DK1,99.88,15
2026-01-06T03:15:00Z,DK2,99.88,15
2026-01-06T03:15:00Z,EE,108.20,15
2026-01-06T03:15:00Z,ES,65.16,15
2026-01-06T03:15:00Z,FI,108.19,15
2026-01-06T03:15:00Z,FR,99.88,15
2026-01-06T03:15:00Z,GR,86.77,15
2026-01-06T03:15:00Z,HR,99.88,15
2026-01-06T03:15:00Z,HU,99.88,15
2026-01-06T03:15:00Z,IT-CNorth,100.08,15
2026-01-06T03:15:00Z,IT-CSouth,100.08,15
2026-01-06T03:15:00Z,IT-North,100.08,15
2026-01-06T03:15:00Z,IT-Sardinia,100.08,15
2026-01-06T03:15:00Z,IT-Sicily,100.08,15
2026-01-06T03:15:00Z,IT-South,100.08,15
2026-01-06T03:15:00Z,LT,108.20,15
2026-01-06T03:15:00Z,LV,108.20,15
2026-01-06T03:15:00Z,NL,99.88,15
2026-01-06T03:15:00Z,NO1,96.82,15
2026-01-06T03:15:00Z,NO2,96.79,15
2026-01-06T03:15:00Z,NO3,97.48,15
2026-01-06T03:15:00Z,NO4,95.66,15
2026-01-06T03:15:00Z,NO5,96.89,15
2026-01-06T03:15:00Z,PL,108.67,15
2026-01-06T03:15:00Z,PT,65.16,15
2026-01-06T03:15:00Z,RO,99.88,15
2026-01-06T03:15:00Z,RS,34.92,15
2026-01-06T03:15:00Z,SE1,100.52,15
2026-01-06T03:15:00Z,SE2,99.75,15
2026-01-06T03:15:00Z,SE3,99.94,15
2026-01-06T03:15:00Z,SE4,99.89,15
2026-01-06T03:15:00Z,SI,99.88,15
2026-01-06T03:15:00Z,SK,99.88,15
2026-01-06T03:30:00Z,AT,104.01,15
2026-01-06T03:30:00Z,BE,104.01,15
2026-01-06T03:30:00Z,CZ,104.01,15
2026-01-06T03:30:00Z,DE-LU,104.01,15
2026-01-06T03:30:00Z,DK1,104.01,15
2026-01-06T03:30:00Z,DK2,104.01,15
2026-01-06T03:30:00Z,EE,112.11,15
2026-01-06T03:30:00Z,ES,64.50,15
2026-01-06T03:30:00Z,FI,112.10,15
2026-01-06T03:30:00Z,FR,104.01,15
2026-01-06T03:30:00Z,GR,87.20,15
2026-01-06T03:30:00Z,HR,104.01,15
2026-01-06T03:30:00Z,HU,104.01,15
2026-01-06T03:30:00Z,IT-CNorth,104.01,15
2026-01-06T03:30:00Z,IT-CSouth,104.01,15
2026-01-06T03:30:00Z,IT-North,104.01,15
2026-01-06T03:30:00Z,IT-Sardinia,104.01,15
2026-01-06T03:30:00Z,IT-Sicily,104.01,15
2026-01-06T03:30:00Z,IT-South,104.01,15
2026-01-06T03:30:00Z,LT,112.11,15
2026-01-06T03:30:00Z,LV,112.11,15
2026-01-06T03:30:00Z,NL,104.01,15
2026-01-06T03:30:00Z,NO1,100.81,15
2026-01-06T03:30:00Z,NO2,100.79,15
2026-01-06T03:30:00Z,NO3,101.32,15
2026-01-06T03:30:00Z,NO4,98.56,15
2026-01-06T03:30:00Z,NO5,100.87,15
2026-01-06T03:30:00Z,PL,111.09,15
2026-01-06T03:30:00Z,PT,64.50,15
2026-01-06T03:30:00Z,RO,104.01,15
2026-01-06T03:30:00Z,RS,34.92,15
2026-01-06T03:30:00Z,SE1,103.81,15
2026-01-06T03:30:00Z,SE2,103.84,15
2026-01-06T03:30:00Z,SE3,104.07,15
2026-01-06T03:30:00Z,SE4,104.02,15
2026-01-06T03:30:00Z,SI,104.01,15
2026-01-06T03:30:00Z,SK,104.01,15
2026-01-06T03:45:00Z,AT,106.81,15
2026-01-06T03:45:00Z,BE,106.81,15
2026-01-06T03:45:00Z,CZ,106.81,15
2026-01-06T03:45:00Z,DE-LU,106.81,15
2026-01-06T03:45:00Z,DK1,106.81,15
2026-01-06T03:45:00Z,DK2,106.81,15
2026-01-06T03:45:00Z,EE,133.70,15
2026-01-06T03:45:00Z,ES,64.37,15
2026-01-06T03:45:00Z,FI,133.66,15
2026-01-06T03:45:00Z,FR,106.81,15
2026-01-06T03:45:00Z,GR,87.90,15
2026-01-06T03:45:00Z,HR,106.81,15
2026-01-06T03:45:00Z,HU,106.81,15
2026-01-06T03:45:00Z,IT-CNorth,106.81,15
2026-01-06T03:45:00Z,IT-CSouth,106.81,15
2026-01-06T03:45:00Z,IT-North,106.81,15
2026-01-06T03:45:00Z,IT-Sardinia,106.81,15
2026-01-06T03:45:00Z,IT-Sicily,106.81,15
2026-01-06T03:45:00Z,IT-South,106.81,15
2026-01-06T03:45:00Z,LT,133.70,15
2026-01-06T03:45:00Z,LV,133.70,15
2026-01-06T03:45:00Z,NL,106.81,15
2026-01-06T03:45:00Z,NO1,103.47,15
2026-01-06T03:45:00Z,NO2,103.49,15
2026-01-06T03:45:00Z,NO3,102.81,15
2026-01-06T03:45:00Z,NO4,96.39,15
2026-01-06T03:45:00Z,NO5,103.42,15
2026-01-06T03:45:00Z,PL,113.91,15
2026-01-06T03:45:00Z,PT,64.37,15
2026-01-06T03:45:00Z,RO,106.81,15
2026-01-06T03:45:00Z,RS,34.92,15
2026-01-06T03:45:00Z,SE1,110.45,15
2026-01-06T03:45:00Z,SE2,106.82,15
2026-01-06T03:45:00Z,SE3,107.01,15
2026-01-06T03:45:00Z,SE4,106.72,15
2026-01-06T03:45:00Z,SI,106.81,15
2026-01-06T03:45:00Z,SK,106.81,15
2026-01-06T04:00:00Z,AT,100.39,15
2026-01-06T04:00:00Z,BE,100.39,15
2026-01-06T04:00:00Z,CH,103.69,60
2026-01-06T04:00:00Z,CZ,100.39,15
2026-01-06T04:00:00Z,DE-LU,100.39,15
2026-01-06T04:00:00Z,DK1,100.39,15
2026-01-06T04:00:00Z,DK2,100.39,15
2026-01-06T04:00:00Z,EE,100.39,15
2026-01-06T04:00:00Z,ES,64.37,15
2026-01-06T04:00:00Z,FI,100.39,15
2026-01-06T04:00:00Z,FR,100.39,15
2026-01-06T04:00:00Z,GR,89.18,15
2026-01-06T04:00:00Z,HR,100.39,15
2026-01-06T04:00:00Z,HU,100.39,15
2026-01-06T04:00:00Z,IT-CNorth,100.39,15
2026-01-06T04:00:00Z,IT-CSouth,100.39,15
2026-01-06T04:00:00Z,IT-North,100.39,15
2026-01-06T04:00:00Z,IT-Sardinia,100.39,15
2026-01-06T04:00:00Z,IT-Sicily,100.39,15
2026-01-06T04:00:00Z,IT-South,100.39,15
2026-01-06T04:00:00Z,LT,100.39,15
2026-01-06T04:00:00Z,LV,100.39,15
2026-01-06T04:00:00Z,NL,100.39,15
2026-01-06T04:00:00Z,NO1,100.59,15
2026-01-06T04:00:00Z,NO2,97.28,15
2026-01-06T04:00:00Z,NO3,99.38,15
2026-01-06T04:00:00Z,NO4,99.97,15
2026-01-06T04:00:00Z,NO5,97.52,15
2026-01-06T04:00:00Z,PL,107.75,15
2026-01-06T04:00:00Z,PT,64.37,15
2026-01-06T04:00:00Z,RO,100.39,15
2026-01-06T04:00:00Z,RS,49.53,15
2026-01-06T04:00:00Z,SE1,100.23,15
2026-01-06T04:00:00Z,SE2,100.27,15
2026-01-06T04:00:00Z,SE3,100.35,15
2026-01-06T04:00:00Z,SE4,100.38,15
2026-01-06T04:00:00Z,SI,100.39,15
2026-01-06T04:00:00Z,SK,100.39,15
2026-01-06T04:15:00Z,AT,102.33,15
2026-01-06T04:15:00Z,BE,102.33,15
2026-01-06T04:15:00Z,CZ,102.33,15
2026-01-06T04:15:00Z,DE-LU,102.33,15
2026-01-06T04:15:00Z,DK1,102.33,15
2026-01-06T04:15:00Z,DK2,102.33,15
2026-01-06T04:15:00Z,EE,102.33,15
2026-01-06T04:15:00Z,ES,64.24,15
2026-01-06T04:15:00Z,FI,102.33,15
2026-01-06T04:15:00Z,FR,102.33,15
2026-01-06T04:15:00Z,GR,90.86,15
2026-01-06T04:15:00Z,HR,102.33,15
2026-01-06T04:15:00Z,HU,102.33,15
2026-01-06T04:15:00Z,IT-CNorth,102.33,15
2026-01-06T04:15:00Z,IT-CSouth,102.33,15
2026-01-06T04:15:00Z,IT-North,102.33,15
2026-01-06T04:15:00Z,IT-Sardinia,102.33,15
2026-01-06T04:15:00Z,IT-Sicily,102.33,15
2026-01-06T04:15:00Z,IT-South,102.33,15
2026-01-06T04:15:00Z,LT,102.33,15
2026-01-06T04:15:00Z,LV,102.33,15
2026-01-06T04:15:00Z,NL,102.33,15
2026-01-06T04:15:00Z,NO1,102.54,15
2026-01-06T04:15:00Z,NO2,99.16,15
2026-01-06T04:15:00Z,NO3,101.30,15
2026-01-06T04:15:00Z,NO4,101.90,15
2026-01-06T04:15:00Z,NO5,99.41,15
2026-01-06T04:15:00Z,PL,107.75,15
2026-01-06T04:15:00Z,PT,64.24,15
2026-01-06T04:15:00Z,RO,102.33,15
2026-01-06T04:15:00Z,RS,49.53,15
2026-01-06T04:15:00Z,SE1,102.17,15
2026-01-06T04:15:00Z,SE2,102.21,15
2026-01-06T04:15:00Z,SE3,102.29,15
2026-01-06T04:15:00Z,SE4,102.32,15
2026-01-06T04:15:00Z,SI,102.33,15
2026-01-06T04:15:00Z,SK,102.33,15
2026-01-06T04:30:00Z,AT,110.78,15
2026-01-06T04:30:00Z,BE,110.78,15
2026-01-06T04:30:00Z,CZ,110.78,15
2026-01-06T04:30:00Z,DE-LU,110.78,15
2026-01-06T04:30:00Z,DK1,110.78,15
2026-01-06T04:30:00Z,DK2,110.78,15
2026-01-06T04:30:00Z,EE,110.78,15
2026-01-06T04:30:00Z,ES,64.24,15
2026-01-06T04:30:00Z,FI,110.78,15
2026-01-06T04:30:00Z,FR,110.78,15
2026-01-06T04:30:00Z,GR,90.71,15
2026-01-06T04:30:00Z,HR,110.78,15
2026-01-06T04:30:00Z,HU,110.78,15
2026-01-06T04:30:00Z,IT-CNorth,110.78,15
2026-01-06T04:30:00Z,IT-CSouth,110.78,15
2026-01-06T04:30:00Z,IT-North,110.78,15
2026-01-06T04:30:00Z,IT-Sardinia,110.78,15
2026-01-06T04:30:00Z,IT-Sicily,110.78,15
2026-01-06T04:30:00Z,IT-South,110.78,15
2026-01-06T04:30:00Z,LT,110.78,15
2026-01-06T04:30:00Z,LV,110.78,15
2026-01-06T04:30:00Z,NL,110.78,15
2026-01-06T04:30:00Z,NO1,111.00,15
2026-01-06T04:30:00Z,NO2,107.35,15
2026-01-06T04:30:00Z,NO3,109.67,15
2026-01-06T04:30:00Z,NO4,110.31,15
2026-01-06T04:30:00Z,NO5,107.61,15
2026-01-06T04:30:00Z,PL,110.78,15
2026-01-06T04:30:00Z,PT,64.24,15
2026-01-06T04:30:00Z,RO,110.78,15
2026-01-06T04:30:00Z,RS,49.53,15
2026-01-06T04:30:00Z,SE1,110.61,15
2026-01-06T04:30:00Z,SE2,110.65,15
2026-01-06T04:30:00Z,SE3,110.74,15
2026-01-06T04:30:00Z,SE4,110.77,15
2026-01-06T04:30:00Z,SI,110.78,15
2026-01-06T04:30:00Z,SK,110.78,15
2026-01-06T04:45:00Z,AT,114.50,15
2026-01-06T04:45:00Z,BE,114.50,15
2026-01-06T04:45:00Z,CZ,114.50,15
2026-01-06T04:45:00Z,DE-LU,114.50,15
2026-01-06T04:45:00Z,DK1,114.50,15
2026-01-06T04:45:00Z,DK2,114.50,15
2026-01-06T04:45:00Z,EE,114.50,15
2026-01-06T04:45:00Z,ES,64.24,15
2026-01-06T04:45:00Z,FI,114.50,15
2026-01-06T04:45:00Z,FR,114.50,15
2026-01-06T04:45:00Z,GR,96.55,15
2026-01-06T04:45:00Z,HR,114.50,15
2026-01-06T04:45:00Z,HU,114.50,15
2026-01-06T04:45:00Z,IT-CNorth,114.50,15
2026-01-06T04:45:00Z,IT-CSouth,114.50,15
2026-01-06T04:45:00Z,IT-North,114.50,15
2026-01-06T04:45:00Z,IT-Sardinia,114.50,15
2026-01-06T04:45:00Z,IT-Sicily,114.50,15
2026-01-06T04:45:00Z,IT-South,114.50,15
2026-01-06T04:45:00Z,LT,114.50,15
2026-01-06T04:45:00Z,LV,114.50,15
2026-01-06T04:45:00Z,NL,114.50,15
2026-01-06T04:45:00Z,NO1,114.71,15
2026-01-06T04:45:00Z,NO2,111.19,15
2026-01-06T04:45:00Z,NO3,113.43,15
2026-01-06T04:45:00Z,NO4,114.05,15
2026-01-06T04:45:00Z,NO5,111.45,15
2026-01-06T04:45:00Z,PL,114.50,15
2026-01-06T04:45:00Z,PT,64.24,15
2026-01-06T04:45:00Z,RO,114.50,15
2026-01-06T04:45:00Z,RS,49.53,15
2026-01-06T04:45:00Z,SE1,114.33,15
2026-01-06T04:45:00Z,SE2,114.37,15
2026-01-06T04:45:00Z,SE3,114.46,15
2026-01-06T04:45:00Z,SE4,114.49,15
2026-01-06T04:45:00Z,SI,114.50,15
2026-01-06T04:45:00Z,SK,114.50,15
2026-01-06T05:00:00Z,AT,112.07,15
2026-01-06T05:00:00Z,BE,112.07,15
2026-01-06T05:00:00Z,CH,113.70,60
2026-01-06T05:00:00Z,CZ,112.07,15
2026-01-06T05:00:00Z,DE-LU,112.07,15
2026-01-06T05:00:00Z,DK1,112.07,15
2026-01-06T05:00:00Z,DK2,112.07,15
2026-01-06T05:00:00Z,EE,111.30,15
2026-01-06T05:00:00Z,ES,63.98,15
2026-01-06T05:00:00Z,FI,111.29,15
2026-01-06T05:00:00Z,FR,112.07,15
2026-01-06T05:00:00Z,GR,91.00,15
2026-01-06T05:00:00Z,HR,112.07,15
2026-01-06T05:00:00Z,HU,112.07,15
2026-01-06T05:00:00Z,IT-CNorth,112.07,15
2026-01-06T05:00:00Z,IT-CSouth,112.07,15
2026-01-06T05:00:00Z,IT-North,112.07,15
2026-01-06T05:00:00Z,IT-Sardinia,112.07,15
2026-01-06T05:00:00Z,IT-Sicily,112.07,15
2026-01-06T05:00:00Z,IT-South,112.07,15
2026-01-06T05:00:00Z,LT,112.07,15
2026-01-06T05:00:00Z,LV,112.07,15
2026-01-06T05:00:00Z,NL,112.07,15
2026-01-06T05:00:00Z,NO1,109.38,15
2026-01-06T05:00:00Z,NO2,108.36,15
2026-01-06T05:00:00Z,NO3,108.91,15
2026-01-06T05:00:00Z,NO4,108.72,15
2026-01-06T05:00:00Z,NO5,108.42,15
2026-01-06T05:00:00Z,PL,112.07,15
2026-01-06T05:00:00Z,PT,63.98,15
2026-01-06T05:00:00Z,RO,112.07,15
2026-01-06T05:00:00Z,RS,51.53,15
2026-01-06T05:00:00Z,SE1,109.72,15
2026-01-06T05:00:00Z,SE2,109.38,15
2026-01-06T05:00:00Z,SE3,109.39,15
2026-01-06T05:00:00Z,SE4,109.38,15
2026-01-06T05:00:00Z,SI,112.07,15
2026-01-06T05:00:00Z,SK,112.07,15
2026-01-06T05:15:00Z,AT,117.75,15
2026-01-06T05:15:00Z,BE,117.75,15
2026-01-06T05:15:00Z,CZ,117.75,15
2026-01-06T05:15:00Z,DE-LU,117.75,15
2026-01-06T05:15:00Z,DK1,117.75,15
2026-01-06T05:15:00Z,DK2,117.75,15
2026-01-06T05:15:00Z,EE,117.75,15
2026-01-06T05:15:00Z,ES,64.11,15
2026-01-06T05:15:00Z,FI,117.75,15
2026-01-06T05:15:00Z,FR,117.75,15
2026-01-06T05:15:00Z,GR,95.40,15
2026-01-06T05:15:00Z,HR,117.75,15
2026-01-06T05:15:00Z,HU,117.75,15
2026-01-06T05:15:00Z,IT-CNorth,117.75,15
2026-01-06T05:15:00Z,IT-CSouth,117.75,15
2026-01-06T05:15:00Z,IT-North,117.75,15
2026-01-06T05:15:00Z,IT-Sardinia,117.75,15
2026-01-06T05:15:00Z,IT-Sicily,117.75,15
2026-01-06T05:15:00Z,IT-South,117.75,15
2026-01-06T05:15:00Z,LT,117.75,15
2026-01-06T05:15:00Z,LV,117.75,15
2026-01-06T05:15:00Z,NL,117.75,15
2026-01-06T05:15:00Z,NO1,117.93,15
2026-01-06T05:15:00Z,NO2,114.11,15
2026-01-06T05:15:00Z,NO3,116.52,15
2026-01-06T05:15:00Z,NO4,117.24,15
2026-01-06T05:15:00Z,NO5,114.39,15
2026-01-06T05:15:00Z,PL,117.75,15
2026-01-06T05:15:00Z,PT,64.11,15
2026-01-06T05:15:00Z,RO,117.75,15
2026-01-06T05:15:00Z,RS,51.53,15
2026-01-06T05:15:00Z,SE1,117.56,15
2026-01-06T05:15:00Z,SE2,117.56,15
2026-01-06T05:15:00Z,SE3,117.65,15
2026-01-06T05:15:00Z,SE4,117.68,15
2026-01-06T05:15:00Z,SI,117.75,15
2026-01-06T05:15:00Z,SK,117.75,15
2026-01-06T05:30:00Z,AT,121.42,15
2026-01-06T05:30:00Z,BE,121.42,15
2026-01-06T05:30:00Z,CZ,121.42,15
2026-01-06T05:30:00Z,DE-LU,121.42,15
2026-01-06T05:30:00Z,DK1,121.42,15
2026-01-06T05:30:00Z,DK2,121.42,15
2026-01-06T05:30:00Z,EE,121.42,15
2026-01-06T05:30:00Z,ES,64.24,15
2026-01-06T05:30:00Z,FI,121.42,15
2026-01-06T05:30:00Z,FR,121.42,15
2026-01-06T05:30:00Z,GR,90.05,15
2026-01-06T05:30:00Z,HR,121.42,15
2026-01-06T05:30:00Z,HU,121.42,15
2026-01-06T05:30:00Z,IT-CNorth,121.42,15
2026-01-06T05:30:00Z,IT-CSouth,121.42,15
2026-01-06T05:30:00Z,IT-North,121.42,15
2026-01-06T05:30:00Z,IT-Sardinia,121.42,15
2026-01-06T05:30:00Z,IT-Sicily,121.42,15
2026-01-06T05:30:00Z,IT-South,121.42,15
2026-01-06T05:30:00Z,LT,121.42,15
2026-01-06T05:30:00Z,LV,121.42,15
2026-01-06T05:30:00Z,NL,121.42,15
2026-01-06T05:30:00Z,NO1,121.67,15
2026-01-06T05:30:00Z,NO2,117.66,15
2026-01-06T05:30:00Z,NO3,120.20,15
2026-01-06T05:30:00Z,NO4,120.97,15
2026-01-06T05:30:00Z,NO5,117.95,15
2026-01-06T05:30:00Z,PL,121.42,15
2026-01-06T05:30:00Z,PT,64.24,15
2026-01-06T05:30:00Z,RO,121.42,15
2026-01-06T05:30:00Z,RS,51.53,15
2026-01-06T05:30:00Z,SE1,121.26,15
2026-01-06T05:30:00Z,SE2,121.28,15
2026-01-06T05:30:00Z,SE3,121.37,15
2026-01-06T05:30:00Z,SE4,121.41,15
2026-01-06T05:30:00Z,SI,121.42,15
2026-01-06T05:30:00Z,SK,121.42,15
2026-01-06T05:45:00Z,AT,133.91,15
2026-01-06T05:45:00Z,BE,133.91,15
2026-01-06T05:45:00Z,CZ,133.91,15
2026-01-06T05:45:00Z,DE-LU,133.91,15
2026-01-06T05:45:00Z,DK1,133.91,15
2026-01-06T05:45:00Z,DK2,133.91,15
2026-01-06T05:45:00Z,EE,133.91,15
2026-01-06T05:45:00Z,ES,64.44,15
2026-01-06T05:45:00Z,FI,133.91,15
2026-01-06T05:45:00Z,FR,133.91,15
2026-01-06T05:45:00Z,GR,91.21,15
2026-01-06T05:45:00Z,HR,133.91,15
2026-01-06T05:45:00Z,HU,133.91,15
2026-01-06T05:45:00Z,IT-CNorth,121.42,15
2026-01-06T05:45:00Z,IT-CSouth,121.42,15
2026-01-06T05:45:00Z,IT-North,121.42,15
2026-01-06T05:45:00Z,IT-Sardinia,121.42,15
2026-01-06T05:45:00Z,IT-Sicily,121.42,15
2026-01-06T05:45:00Z,IT-South,121.42,15
2026-01-06T05:45:00Z,LT,133.91,15
2026-01-06T05:45:00Z,LV,133.91,15
2026-01-06T05:45:00Z,NL,133.91,15
2026-01-06T05:45:00Z,NO1,134.19,15
2026-01-06T05:45:00Z,NO2,129.76,15
2026-01-06T05:45:00Z,NO3,132.56,15
2026-01-06T05:45:00Z,NO4,133.41,15
2026-01-06T05:45:00Z,NO5,130.09,15
2026-01-06T05:45:00Z,PL,133.91,15
2026-01-06T05:45:00Z,PT,64.44,15
2026-01-06T05:45:00Z,RO,133.91,15
2026-01-06T05:45:00Z,RS,51.53,15
2026-01-06T05:45:00Z,SE1,133.74,15
2026-01-06T05:45:00Z,SE2,133.75,15
2026-01-06T05:45:00Z,SE3,133.86,15
2026-01-06T05:45:00Z,SE4,133.90,15
2026-01-06T05:45:00Z,SI,133.91,15
2026-01-06T05:45:00Z,SK,133.91,15
2026-01-06T06:00:00Z,AT,121.67,15
2026-01-06T06:00:00Z,BE,121.67,15
2026-01-06T06:00:00Z,CH,130.31,60
2026-01-06T06:00:00Z,CZ,121.67,15
2026-01-06T06:00:00Z,DE-LU,121.67,15
2026-01-06T06:00:00Z,DK1,121.67,15
2026-01-06T06:00:00Z,DK2,121.67,15
2026-01-06T06:00:00Z,EE,121.67,15
2026-01-06T06:00:00Z,ES,65.00,15
2026-01-06T06:00:00Z,FI,121.67,15
2026-01-06T06:00:00Z,FR,121.67,15
2026-01-06T06:00:00Z,GR,97.61,15
2026-01-06T06:00:00Z,HR,121.67,15
2026-01-06T06:00:00Z,HU,121.67,15
2026-01-06T06:00:00Z,IT-CNorth,115.69,15
2026-01-06T06:00:00Z,IT-CSouth,115.69,15
2026-01-06T06:00:00Z,IT-North,115.69,15
2026-01-06T06:00:00Z,IT-Sardinia,115.69,15
2026-01-06T06:00:00Z,IT-Sicily,115.69,15
2026-01-06T06:00:00Z,IT-South,115.69,15
2026-01-06T06:00:00Z,LT,121.67,15
2026-01-06T06:00:00Z,LV,121.67,15
2026-01-06T06:00:00Z,NL,121.67,15
2026-01-06T06:00:00Z,NO1,121.92,15
2026-01-06T06:00:00Z,NO2,117.90,15
2026-01-06T06:00:00Z,NO3,120.45,15
2026-01-06T06:00:00Z,NO4,121.22,15
2026-01-06T06:00:00Z,NO5,118.20,15
2026-01-06T06:00:00Z,PL,121.67,15
2026-01-06T06:00:00Z,PT,65.00,15
2026-01-06T06:00:00Z,RO,121.67,15
2026-01-06T06:00:00Z,RS,64.06,15
2026-01-06T06:00:00Z,SE1,121.52,15
2026-01-06T06:00:00Z,SE2,121.53,15
2026-01-06T06:00:00Z,SE3,121.63,15
2026-01-06T06:00:00Z,SE4,121.66,15
2026-01-06T06:00:00Z,SI,121.67,15
2026-01-06T06:00:00Z,SK,121.67,15
2026-01-06T06:15:00Z,AT,137.90,15
2026-01-06T06:15:00Z,BE,137.90,15
2026-01-06T06:15:00Z,CZ,137.90,15
2026-01-06T06:15:00Z,DE-LU,137.90,15
2026-01-06T06:15:00Z,DK1,137.90,15
2026-01-06T06:15:00Z,DK2,137.90,15
2026-01-06T06:15:00Z,EE,137.78,15
2026-01-06T06:15:00Z,ES,67.87,15
2026-01-06T06:15:00Z,FI,137.78,15
2026-01-06T06:15:00Z,FR,137.90,15
2026-01-06T06:15:00Z,GR,96.28,15
2026-01-06T06:15:00Z,HR,137.90,15
2026-01-06T06:15:00Z,HU,137.90,15
2026-01-06T06:15:00Z,IT-CNorth,114.77,15
2026-01-06T06:15:00Z,IT-CSouth,114.77,15
2026-01-06T06:15:00Z,IT-North,114.77,15
2026-01-06T06:15:00Z,IT-Sardinia,114.77,15
2026-01-06T06:15:00Z,IT-Sicily,114.77,15
2026-01-06T06:15:00Z,IT-South,114.77,15
2026-01-06T06:15:00Z,LT,137.86,15
2026-01-06T06:15:00Z,LV,137.86,15
2026-01-06T06:15:00Z,NL,137.90,15
2026-01-06T06:15:00Z,NO1,138.18,15
2026-01-06T06:15:00Z,NO2,133.63,15
2026-01-06T06:15:00Z,NO3,136.52,15
2026-01-06T06:15:00Z,NO4,137.42,15
2026-01-06T06:15:00Z,NO5,133.96,15
2026-01-06T06:15:00Z,PL,137.90,15
2026-01-06T06:15:00Z,PT,67.87,15
2026-01-06T06:15:00Z,RO,137.90,15
2026-01-06T06:15:00Z,RS,64.06,15
2026-01-06T06:15:00Z,SE1,137.70,15
2026-01-06T06:15:00Z,SE2,137.73,15
2026-01-06T06:15:00Z,SE3,137.85,15
2026-01-06T06:15:00Z,SE4,137.89,15
2026-01-06T06:15:00Z,SI,137.90,15
2026-01-06T06:15:00Z,SK,137.90,15
2026-01-06T06:30:00Z,AT,147.43,15
2026-01-06T06:30:00Z,BE,147.43,15
2026-01-06T06:30:00Z,CZ,147.43,15
2026-01-06T06:30:00Z,DE-LU,147.43,15
2026-01-06T06:30:00Z,DK1,147.43,15
2026-01-06T06:30:00Z,DK2,147.43,15
2026-01-06T06:30:00Z,EE,147.40,15
2026-01-06T06:30:00Z,ES,68.33,15
2026-01-06T06:30:00Z,FI,147.40,15
2026-01-06T06:30:00Z,FR,147.43,15
2026-01-06T06:30:00Z,GR,95.06,15
2026-01-06T06:30:00Z,HR,147.43,15
2026-01-06T06:30:00Z,HU,147.43,15
2026-01-06T06:30:00Z,IT-CNorth,114.77,15
2026-01-06T06:30:00Z,IT-CSouth,114.77,15
2026-01-06T06:30:00Z,IT-North,114.77,15
2026-01-06T06:30:00Z,IT-Sardinia,114.77,15
2026-01-06T06:30:00Z,IT-Sicily,114.77,15
2026-01-06T06:30:00Z,IT-South,114.77,15
2026-01-06T06:30:00Z,LT,147.40,15
2026-01-06T06:30:00Z,LV,147.40,15
2026-01-06T06:30:00Z,NL,147.43,15
2026-01-06T06:30:00Z,NO1,147.74,15
2026-01-06T06:30:00Z,NO2,142.87,15
2026-01-06T06:30:00Z,NO3,145.95,15
2026-01-06T06:30:00Z,NO4,146.89,15
2026-01-06T06:30:00Z,NO5,143.22,15
2026-01-06T06:30:00Z,PL,147.43,15
2026-01-06T06:30:00Z,PT,68.33,15
2026-01-06T06:30:00Z,RO,147.43,15
2026-01-06T06:30:00Z,RS,64.06,15
2026-01-06T06:30:00Z,SE1,147.24,15
2026-01-06T06:30:00Z,SE2,147.26,15
2026-01-06T06:30:00Z,SE3,147.38,15
2026-01-06T06:30:00Z,SE4,147.42,15
2026-01-06T06:30:00Z,SI,147.43,15
2026-01-06T06:30:00Z,SK,147.43,15
2026-01-06T06:45:00Z,AT,146.99,15
2026-01-06T06:45:00Z,BE,146.99,15
2026-01-06T06:45:00Z,CZ,146.99,15
2026-01-06T06:45:00Z,DE-LU,146.99,15
2026-01-06T06:45:00Z,DK1,146.99,15
2026-01-06T06:45:00Z,DK2,147.05,15
2026-01-06T06:45:00Z,EE,146.99,15
2026-01-06T06:45:00Z,ES,69.00,15
2026-01-06T06:45:00Z,FI,146.99,15
2026-01-06T06:45:00Z,FR,146.99,15
2026-01-06T06:45:00Z,GR,89.82,15
2026-01-06T06:45:00Z,HR,146.99,15
2026-01-06T06:45:00Z,HU,146.99,15
2026-01-06T06:45:00Z,IT-CNorth,114.77,15
2026-01-06T06:45:00Z,IT-CSouth,114.77,15
2026-01-06T06:45:00Z,IT-North,114.77,15
2026-01-06T06:45:00Z,IT-Sardinia,114.77,15
2026-01-06T06:45:00Z,IT-Sicily,114.77,15
2026-01-06T06:45:00Z,IT-South,114.77,15
2026-01-06T06:45:00Z,LT,146.99,15
2026-01-06T06:45:00Z,LV,146.99,15
2026-01-06T06:45:00Z,NL,146.99,15
2026-01-06T06:45:00Z,NO1,146.92,15
2026-01-06T06:45:00Z,NO2,142.42,15
2026-01-06T06:45:00Z,NO3,146.68,15
2026-01-06T06:45:00Z,NO4,146.88,15
2026-01-06T06:45:00Z,NO5,145.95,15
2026-01-06T06:45:00Z,PL,146.99,15
2026-01-06T06:45:00Z,PT,69.00,15
2026-01-06T06:45:00Z,RO,146.99,15
2026-01-06T06:45:00Z,RS,64.06,15
2026-01-06T06:45:00Z,SE1,146.96,15
2026-01-06T06:45:00Z,SE2,146.96,15
2026-01-06T06:45:00Z,SE3,146.99,15
2026-01-06T06:45:00Z,SE4,147.00,15
2026-01-06T06:45:00Z,SI,146.99,15
2026-01-06T06:45:00Z,SK,146.99,15
2026-01-06T07:00:00Z,AT,153.51,15
2026-01-06T07:00:00Z,BE,153.51,15
2026-01-06T07:00:00Z,CH,147.01,60
2026-01-06T07:00:00Z,CZ,153.51,15
2026-01-06T07:00:00Z,DE-LU,153.51,15
2026-01-06T07:00:00Z,DK1,153.51,15
2026-01-06T07:00:00Z,DK2,153.51,15
2026-01-06T07:00:00Z,EE,153.37,15
2026-01-06T07:00:00Z,ES,69.01,15
2026-01-06T07:00:00Z,FI,153.37,15
2026-01-06T07:00:00Z,FR,153.51,15
2026-01-06T07:00:00Z,GR,88.15,15
2026-01-06T07:00:00Z,HR,153.51,15
2026-01-06T07:00:00Z,HU,153.51,15
2026-01-06T07:00:00Z,IT-CNorth,114.77,15
2026-01-06T07:00:00Z,IT-CSouth,114.77,15
2026-01-06T07:00:00Z,IT-North,114.77,15
2026-01-06T07:00:00Z,IT-Sardinia,114.77,15
2026-01-06T07:00:00Z,IT-Sicily,114.77,15
2026-01-06T07:00:00Z,IT-South,114.77,15
2026-01-06T07:00:00Z,LT,153.47,15
2026-01-06T07:00:00Z,LV,153.47,15
2026-01-06T07:00:00Z,NL,153.51,15
2026-01-06T07:00:00Z,NO1,153.82,15
2026-01-06T07:00:00Z,NO2,148.75,15
2026-01-06T07:00:00Z,NO3,151.99,15
2026-01-06T07:00:00Z,NO4,152.97,15
2026-01-06T07:00:00Z,NO5,149.13,15
2026-01-06T07:00:00Z,PL,153.51,15
2026-01-06T07:00:00Z,PT,69.01,15
2026-01-06T07:00:00Z,RO,153.51,15
2026-01-06T07:00:00Z,RS,82.02,15
2026-01-06T07:00:00Z,SE1,153.28,15
2026-01-06T07:00:00Z,SE2,153.32,15
2026-01-06T07:00:00Z,SE3,153.45,15
2026-01-06T07:00:00Z,SE4,153.49,15
2026-01-06T07:00:00Z,SI,153.51,15
2026-01-06T07:00:00Z,SK,153.51,15
2026-01-06T07:15:00Z,AT,168.72,15
2026-01-06T07:15:00Z,BE,168.72,15
2026-01-06T07:15:00Z,CZ,168.72,15
2026-01-06T07:15:00Z,DE-LU,168.72,15
2026-01-06T07:15:00Z,DK1,168.72,15
2026-01-06T07:15:00Z,DK2,168.72,15
2026-01-06T07:15:00Z,EE,168.57,15
2026-01-06T07:15:00Z,ES,70.00,15
2026-01-06T07:15:00Z,FI,168.57,15
2026-01-06T07:15:00Z,FR,168.72,15
2026-01-06T07:15:00Z,GR,86.45,15
2026-01-06T07:15:00Z,HR,168.72,15
2026-01-06T07:15:00Z,HU,168.72,15
2026-01-06T07:15:00Z,IT-CNorth,114.77,15
2026-01-06T07:15:00Z,IT-CSouth,114.77,15
2026-01-06T07:15:00Z,IT-North,114.77,15
2026-01-06T07:15:00Z,IT-Sardinia,114.77,15
2026-01-06T07:15:00Z,IT-Sicily,114.77,15
2026-01-06T07:15:00Z,IT-South,114.77,15
2026-01-06T07:15:00Z,LT,168.67,15
2026-01-06T07:15:00Z,LV,168.67,15
2026-01-06T07:15:00Z,NL,168.72,15
2026-01-06T07:15:00Z,NO1,169.07,15
2026-01-06T07:15:00Z,NO2,163.49,15
2026-01-06T07:15:00Z,NO3,167.05,15
2026-01-06T07:15:00Z,NO4,168.13,15
2026-01-06T07:15:00Z,NO5,163.90,15
2026-01-06T07:15:00Z,PL,168.72,15
2026-01-06T07:15:00Z,PT,70.00,15
2026-01-06T07:15:00Z,RO,168.72,15
2026-01-06T07:15:00Z,RS,82.02,15
2026-01-06T07:15:00Z,SE1,168.47,15
2026-01-06T07:15:00Z,SE2,168.52,15
2026-01-06T07:15:00Z,SE3,168.65,15
2026-01-06T07:15:00Z,SE4,168.70,15
2026-01-06T07:15:00Z,SI,168.72,15
2026-01-06T07:15:00Z,SK,168.72,15
2026-01-06T07:30:00Z,AT,170.95,15
2026-01-06T07:30:00Z,BE,170.95,15
2026-01-06T07:30:00Z,CZ,170.95,15
2026-01-06T07:30:00Z,DE-LU,170.95,15
2026-01-06T07:30:00Z,DK1,170.95,15
2026-01-06T07:30:00Z,DK2,171.22,15
2026-01-06T07:30:00Z,EE,170.85,15
2026-01-06T07:30:00Z,ES,71.36,15
2026-01-06T07:30:00Z,FI,170.85,15
2026-01-06T07:30:00Z,FR,170.95,15
2026-01-06T07:30:00Z,GR,82.06,15
2026-01-06T07:30:00Z,HR,170.95,15
2026-01-06T07:30:00Z,HU,170.95,15
2026-01-06T07:30:00Z,IT-CNorth,114.77,15
2026-01-06T07:30:00Z,IT-CSouth,114.77,15
2026-01-06T07:30:00Z,IT-North,114.77,15
2026-01-06T07:30:00Z,IT-Sardinia,114.77,15
2026-01-06T07:30:00Z,IT-Sicily,114.77,15
2026-01-06T07:30:00Z,IT-South,114.77,15
2026-01-06T07:30:00Z,LT,170.95,15
2026-01-06T07:30:00Z,LV,170.95,15
2026-01-06T07:30:00Z,NL,170.95,15
2026-01-06T07:30:00Z,NO1,171.35,15
2026-01-06T07:30:00Z,NO2,165.65,15
2026-01-06T07:30:00Z,NO3,169.29,15
2026-01-06T07:30:00Z,NO4,170.39,15
2026-01-06T07:30:00Z,NO5,166.08,15
2026-01-06T07:30:00Z,PL,170.95,15
2026-01-06T07:30:00Z,PT,71.36,15
2026-01-06T07:30:00Z,RO,170.95,15
2026-01-06T07:30:00Z,RS,82.02,15
2026-01-06T07:30:00Z,SE1,170.75,15
2026-01-06T07:30:00Z,SE2,170.79,15
2026-01-06T07:30:00Z,SE3,170.93,15
2026-01-06T07:30:00Z,SE4,170.98,15
2026-01-06T07:30:00Z,SI,170.95,15
2026-01-06T07:30:00Z,SK,170.95,15
2026-01-06T07:45:00Z,AT,163.56,15
2026-01-06T07:45:00Z,BE,163.56,15
2026-01-06T07:45:00Z,CZ,163.56,15
2026-01-06T07:45:00Z,DE-LU,163.56,15
2026-01-06T07:45:00Z,DK1,163.56,15
2026-01-06T07:45:00Z,DK2,181.81,15
2026-01-06T07:45:00Z,EE,166.30,15
2026-01-06T07:45:00Z,ES,75.00,15
2026-01-06T07:45:00Z,FI,166.30,15
2026-01-06T07:45:00Z,FR,163.56,15
2026-01-06T07:45:00Z,GR,41.75,15
2026-01-06T07:45:00Z,HR,163.56,15
2026-01-06T07:45:00Z,HU,163.56,15
2026-01-06T07:45:00Z,IT-CNorth,121.42,15
2026-01-06T07:45:00Z,IT-CSouth,121.42,15
2026-01-06T07:45:00Z,IT-North,121.42,15
2026-01-06T07:45:00Z,IT-Sardinia,121.42,15
2026-01-06T07:45:00Z,IT-Sicily,121.42,15
2026-01-06T07:45:00Z,IT-South,121.42,15
2026-01-06T07:45:00Z,LT,166.30,15
2026-01-06T07:45:00Z,LV,166.30,15
2026-01-06T07:45:00Z,NL,163.56,15
2026-01-06T07:45:00Z,NO1,167.05,15
2026-01-06T07:45:00Z,NO2,158.50,15
2026-01-06T07:45:00Z,NO3,163.96,15
2026-01-06T07:45:00Z,NO4,165.62,15
2026-01-06T07:45:00Z,NO5,159.13,15
2026-01-06T07:45:00Z,PL,163.56,15
2026-01-06T07:45:00Z,PT,75.00,15
2026-01-06T07:45:00Z,RO,163.56,15
2026-01-06T07:45:00Z,RS,82.02,15
2026-01-06T07:45:00Z,SE1,166.15,15
2026-01-06T07:45:00Z,SE2,166.21,15
2026-01-06T07:45:00Z,SE3,166.42,15
2026-01-06T07:45:00Z,SE4,166.56,15
2026-01-06T07:45:00Z,SI,163.56,15
2026-01-06T07:45:00Z,SK,163.56,15
2026-01-06T08:00:00Z,AT,189.91,15
2026-01-06T08:00:00Z,BE,189.91,15
2026-01-06T08:00:00Z,CH,138.05,60
2026-01-06T08:00:00Z,CZ,189.91,15
2026-01-06T08:00:00Z,DE-LU,189.91,15
2026-01-06T08:00:00Z,DK1,189.91,15
2026-01-06T08:00:00Z,DK2,189.91,15
2026-01-06T08:00:00Z,EE,189.28,15
2026-01-06T08:00:00Z,ES,80.00,15
2026-01-06T08:00:00Z,FI,189.28,15
2026-01-06T08:00:00Z,FR,189.91,15
2026-01-06T08:00:00Z,GR,86.73,15
2026-01-06T08:00:00Z,HR,189.91,15
2026-01-06T08:00:00Z,HU,189.91,15
2026-01-06T08:00:00Z,IT-CNorth,120.43,15
2026-01-06T08:00:00Z,IT-CSouth,120.43,15
2026-01-06T08:00:00Z,IT-North,120.43,15
2026-01-06T08:00:00Z,IT-Sardinia,120.43,15
2026-01-06T08:00:00Z,IT-Sicily,120.43,15
2026-01-06T08:00:00Z,IT-South,120.43,15
2026-01-06T08:00:00Z,LT,189.55,15
2026-01-06T08:00:00Z,LV,189.55,15
2026-01-06T08:00:00Z,NL,189.91,15
2026-01-06T08:00:00Z,NO1,189.79,15
2026-01-06T08:00:00Z,NO2,184.03,15
2026-01-06T08:00:00Z,NO3,187.69,15
2026-01-06T08:00:00Z,NO4,188.82,15
2026-01-06T08:00:00Z,NO5,184.45,15
2026-01-06T08:00:00Z,PL,189.91,15
2026-01-06T08:00:00Z,PT,80.00,15
2026-01-06T08:00:00Z,RO,189.91,15
2026-01-06T08:00:00Z,RS,132.50,15
2026-01-06T08:00:00Z,SE1,189.18,15
2026-01-06T08:00:00Z,SE2,189.22,15
2026-01-06T08:00:00Z,SE3,189.36,15
2026-01-06T08:00:00Z,SE4,189.41,15
2026-01-06T08:00:00Z,SI,189.91,15
2026-01-06T08:00:00Z,SK,189.91,15
2026-01-06T08:15:00Z,AT,169.97,15
2026-01-06T08:15:00Z,BE,169.97,15
2026-01-06T08:15:00Z,CZ,169.97,15
2026-01-06T08:15:00Z,DE-LU,169.97,15
2026-01-06T08:15:00Z,DK1,169.97,15
2026-01-06T08:15:00Z,DK2,169.97,15
2026-01-06T08:15:00Z,EE,169.82,15
2026-01-06T08:15:00Z,ES,68.50,15
2026-01-06T08:15:00Z,FI,169.82,15
2026-01-06T08:15:00Z,FR,169.97,15
2026-01-06T08:15:00Z,GR,81.59,15
2026-01-06T08:15:00Z,HR,169.97,15
2026-01-06T08:15:00Z,HU,169.97,15
2026-01-06T08:15:00Z,IT-CNorth,121.42,15
2026-01-06T08:15:00Z,IT-CSouth,121.42,15
2026-01-06T08:15:00Z,IT-North,121.42,15
2026-01-06T08:15:00Z,IT-Sardinia,121.42,15
2026-01-06T08:15:00Z,IT-Sicily,121.42,15
2026-01-06T08:15:00Z,IT-South,121.42,15
2026-01-06T08:15:00Z,LT,169.93,15
2026-01-06T08:15:00Z,LV,169.93,15
2026-01-06T08:15:00Z,NL,169.97,15
2026-01-06T08:15:00Z,NO1,170.32,15
2026-01-06T08:15:00Z,NO2,164.70,15
2026-01-06T08:15:00Z,NO3,168.27,15
2026-01-06T08:15:00Z,NO4,169.38,15
2026-01-06T08:15:00Z,NO5,165.12,15
2026-01-06T08:15:00Z,PL,169.97,15
2026-01-06T08:15:00Z,PT,68.50,15
2026-01-06T08:15:00Z,RO,169.97,15
2026-01-06T08:15:00Z,RS,132.50,15
2026-01-06T08:15:00Z,SE1,169.72,15
2026-01-06T08:15:00Z,SE2,169.77,15
2026-01-06T08:15:00Z,SE3,169.90,15
2026-01-06T08:15:00Z,SE4,169.95,15
2026-01-06T08:15:00Z,SI,169.97,15
2026-01-06T08:15:00Z,SK,169.97,15
2026-01-06T08:30:00Z,AT,166.34,15
2026-01-06T08:30:00Z,BE,166.34,15
2026-01-06T08:30:00Z,CZ,166.34,15
2026-01-06T08:30:00Z,DE-LU,166.34,15
2026-01-06T08:30:00Z,DK1,166.34,15
2026-01-06T08:30:00Z,DK2,166.34,15
2026-01-06T08:30:00Z,EE,166.19,15
2026-01-06T08:30:00Z,ES,64.11,15
2026-01-06T08:30:00Z,FI,166.19,15
2026-01-06T08:30:00Z,FR,166.34,15
2026-01-06T08:30:00Z,GR,75.74,15
2026-01-06T08:30:00Z,HR,166.34,15
2026-01-06T08:30:00Z,HU,166.34,15
2026-01-06T08:30:00Z,IT-CNorth,122.00,15
2026-01-06T08:30:00Z,IT-CSouth,122.00,15
2026-01-06T08:30:00Z,IT-North,122.00,15
2026-01-06T08:30:00Z,IT-Sardinia,122.00,15
2026-01-06T08:30:00Z,IT-Sicily,122.00,15
2026-01-06T08:30:00Z,IT-South,122.00,15
2026-01-06T08:30:00Z,LT,166.32,15
2026-01-06T08:30:00Z,LV,166.32,15
2026-01-06T08:30:00Z,NL,166.34,15
2026-01-06T08:30:00Z,NO1,166.68,15
2026-01-06T08:30:00Z,NO2,161.18,15
2026-01-06T08:30:00Z,NO3,164.68,15
2026-01-06T08:30:00Z,NO4,165.76,15
2026-01-06T08:30:00Z,NO5,161.59,15
2026-01-06T08:30:00Z,PL,166.34,15
2026-01-06T08:30:00Z,PT,64.11,15
2026-01-06T08:30:00Z,RO,166.34,15
2026-01-06T08:30:00Z,RS,132.50,15
2026-01-06T08:30:00Z,SE1,166.09,15
2026-01-06T08:30:00Z,SE2,166.14,15
2026-01-06T08:30:00Z,SE3,166.27,15
2026-01-06T08:30:00Z,SE4,166.32,15
2026-01-06T08:30:00Z,SI,166.34,15
2026-01-06T08:30:00Z,SK,166.34,15
2026-01-06T08:45:00Z,AT,149.06,15
2026-01-06T08:45:00Z,BE,149.06,15
2026-01-06T08:45:00Z,CZ,149.06,15
2026-01-06T08:45:00Z,DE-LU,149.06,15
2026-01-06T08:45:00Z,DK1,149.06,15
2026-01-06T08:45:00Z,DK2,152.95,15
2026-01-06T08:45:00Z,EE,149.60,15
2026-01-06T08:45:00Z,ES,50.00,15
2026-01-06T08:45:00Z,FI,149.60,15
2026-01-06T08:45:00Z,FR,149.06,15
2026-01-06T08:45:00Z,GR,60.00,15
2026-01-06T08:45:00Z,HR,149.06,15
2026-01-06T08:45:00Z,HU,149.06,15
2026-01-06T08:45:00Z,IT-CNorth,121.42,15
2026-01-06T08:45:00Z,IT-CSouth,121.42,15
2026-01-06T08:45:00Z,IT-North,121.42,15
2026-01-06T08:45:00Z,IT-Sardinia,121.42,15
2026-01-06T08:45:00Z,IT-Sicily,121.42,15
2026-01-06T08:45:00Z,IT-South,121.42,15
2026-01-06T08:45:00Z,LT,149.60,15
2026-01-06T08:45:00Z,LV,149.60,15
2026-01-06T08:45:00Z,NL,149.06,15
2026-01-06T08:45:00Z,NO1,149.54,15
2026-01-06T08:45:00Z,NO2,144.42,15
2026-01-06T08:45:00Z,NO3,149.27,15
2026-01-06T08:45:00Z,NO4,149.50,15
2026-01-06T08:45:00Z,NO5,148.44,15
2026-01-06T08:45:00Z,PL,149.06,15
2026-01-06T08:45:00Z,PT,50.00,15
2026-01-06T08:45:00Z,RO,149.06,15
2026-01-06T08:45:00Z,RS,132.50,15
2026-01-06T08:45:00Z,SE1,149.58,15
2026-01-06T08:45:00Z,SE2,149.59,15
2026-01-06T08:45:00Z,SE3,149.62,15
2026-01-06T08:45:00Z,SE4,149.64,15
2026-01-06T08:45:00Z,SI,149.06,15
2026-01-06T08:45:00Z,SK,149.06,15
2026-01-06T09:00:00Z,AT,176.85,15
2026-01-06T09:00:00Z,BE,176.85,15
2026-01-06T09:00:00Z,CH,130.31,60
2026-01-06T09:00:00Z,CZ,176.85,15
2026-01-06T09:00:00Z,DE-LU,176.85,15
2026-01-06T09:00:00Z,DK1,176.85,15
2026-01-06T09:00:00Z,DK2,176.89,15
2026-01-06T09:00:00Z,EE,176.76,15
2026-01-06T09:00:00Z,ES,34.42,15
2026-01-06T09:00:00Z,FI,176.76,15
2026-01-06T09:00:00Z,FR,176.85,15
2026-01-06T09:00:00Z,GR,81.47,15
2026-01-06T09:00:00Z,HR,176.85,15
2026-01-06T09:00:00Z,HU,176.85,15
2026-01-06T09:00:00Z,IT-CNorth,123.80,15
2026-01-06T09:00:00Z,IT-CSouth,123.80,15
2026-01-06T09:00:00Z,IT-North,123.80,15
2026-01-06T09:00:00Z,IT-Sardinia,123.80,15
2026-01-06T09:00:00Z,IT-Sicily,123.80,15
2026-01-06T09:00:00Z,IT-South,123.80,15
2026-01-06T09:00:00Z,LT,176.85,15
2026-01-06T09:00:00Z,LV,176.85,15
2026-01-06T09:00:00Z,NL,176.85,15
2026-01-06T09:00:00Z,NO1,177.21,15
2026-01-06T09:00:00Z,NO2,172.13,15
2026-01-06T09:00:00Z,NO3,175.37,15
2026-01-06T09:00:00Z,NO4,176.36,15
2026-01-06T09:00:00Z,NO5,172.51,15
2026-01-06T09:00:00Z,PL,176.85,15
2026-01-06T09:00:00Z,PT,34.42,15
2026-01-06T09:00:00Z,RO,176.85,15
2026-01-06T09:00:00Z,RS,125.03,15
2026-01-06T09:00:00Z,SE1,176.67,15
2026-01-06T09:00:00Z,SE2,176.71,15
2026-01-06T09:00:00Z,SE3,176.83,15
2026-01-06T09:00:00Z,SE4,176.88,15
2026-01-06T09:00:00Z,SI,176.85,15
2026-01-06T09:00:00Z,SK,176.85,15
2026-01-06T09:15:00Z,AT,150.10,15
2026-01-06T09:15:00Z,BE,150.10,15
2026-01-06T09:15:00Z,CZ,150.10,15
2026-01-06T09:15:00Z,DE-LU,150.10,15
2026-01-06T09:15:00Z,DK1,150.10,15
2026-01-06T09:15:00Z,DK2,150.11,15
2026-01-06T09:15:00Z,EE,150.08,15
2026-01-06T09:15:00Z,ES,6.00,15
2026-01-06T09:15:00Z,FI,149.99,15
2026-01-06T09:15:00Z,FR,150.10,15
2026-01-06T09:15:00Z,GR,70.00,15
2026-01-06T09:15:00Z,HR,150.10,15
2026-01-06T09:15:00Z,HU,150.10,15
2026-01-06T09:15:00Z,IT-CNorth,125.70,15
2026-01-06T09:15:00Z,IT-CSouth,125.70,15
2026-01-06T09:15:00Z,IT-North,125.70,15
2026-01-06T09:15:00Z,IT-Sardinia,125.70,15
2026-01-06T09:15:00Z,IT-Sicily,125.70,15
2026-01-06T09:15:00Z,IT-South,125.70,15
2026-01-06T09:15:00Z,LT,150.08,15
2026-01-06T09:15:00Z,LV,150.08,15
2026-01-06T09:15:00Z,NL,150.10,15
2026-01-06T09:15:00Z,NO1,150.41,15
2026-01-06T09:15:00Z,NO2,145.76,15
2026-01-06T09:15:00Z,NO3,148.72,15
2026-01-06T09:15:00Z,NO4,149.63,15
2026-01-06T09:15:00Z,NO5,146.11,15
2026-01-06T09:15:00Z,PL,150.10,15
2026-01-06T09:15:00Z,PT,6.00,15
2026-01-06T09:15:00Z,RO,150.10,15
2026-01-06T09:15:00Z,RS,125.03,15
2026-01-06T09:15:00Z,SE1,149.91,15
2026-01-06T09:15:00Z,SE2,149.95,15
2026-01-06T09:15:00Z,SE3,150.06,15
2026-01-06T09:15:00Z,SE4,150.10,15
2026-01-06T09:15:00Z,SI,150.10,15
2026-01-06T09:15:00Z,SK,150.10,15
2026-01-06T09:30:00Z,AT,150.02,15
2026-01-06T09:30:00Z,BE,150.02,15
2026-01-06T09:30:00Z,CZ,150.02,15
2026-01-06T09:30:00Z,DE-LU,150.02,15
2026-01-06T09:30:00Z,DK1,150.02,15
2026-01-06T09:30:00Z,DK2,150.02,15
2026-01-06T09:30:00Z,EE,150.01,15
2026-01-06T09:30:00Z,ES,3.78,15
2026-01-06T09:30:00Z,FI,149.99,15
2026-01-06T09:30:00Z,FR,150.02,15
2026-01-06T09:30:00Z,GR,60.00,15
2026-01-06T09:30:00Z,HR,150.02,15
2026-01-06T09:30:00Z,HU,150.02,15
2026-01-06T09:30:00Z,IT-CNorth,123.39,15
2026-01-06T09:30:00Z,IT-CSouth,123.39,15
2026-01-06T09:30:00Z,IT-North,123.39,15
2026-01-06T09:30:00Z,IT-Sardinia,123.39,15
2026-01-06T09:30:00Z,IT-Sicily,123.39,15
2026-01-06T09:30:00Z,IT-South,123.39,15
2026-01-06T09:30:00Z,LT,150.01,15
2026-01-06T09:30:00Z,LV,150.01,15
2026-01-06T09:30:00Z,NL,150.02,15
2026-01-06T09:30:00Z,NO1,149.94,15
2026-01-06T09:30:00Z,NO2,145.72,15
2026-01-06T09:30:00Z,NO3,149.72,15
2026-01-06T09:30:00Z,NO4,149.91,15
2026-01-06T09:30:00Z,NO5,149.04,15
2026-01-06T09:30:00Z,PL,150.02,15
2026-01-06T09:30:00Z,PT,3.78,15
2026-01-06T09:30:00Z,RO,150.02,15
2026-01-06T09:30:00Z,RS,125.03,15
2026-01-06T09:30:00Z,SE1,149.97,15
2026-01-06T09:30:00Z,SE2,149.98,15
2026-01-06T09:30:00Z,SE3,150.01,15
2026-01-06T09:30:00Z,SE4,150.02,15
2026-01-06T09:30:00Z,SI,150.02,15
2026-01-06T09:30:00Z,SK,150.02,15
2026-01-06T09:45:00Z,AT,142.40,15
2026-01-06T09:45:00Z,BE,142.40,15
2026-01-06T09:45:00Z,CZ,142.40,15
2026-01-06T09:45:00Z,DE-LU,142.40,15
2026-01-06T09:45:00Z,DK1,142.40,15
2026-01-06T09:45:00Z,DK2,142.41,15
2026-01-06T09:45:00Z,EE,142.40,15
2026-01-06T09:45:00Z,ES,3.78,15
2026-01-06T09:45:00Z,FI,142.38,15
2026-01-06T09:45:00Z,FR,142.40,15
2026-01-06T09:45:00Z,GR,60.00,15
2026-01-06T09:45:00Z,HR,142.40,15
2026-01-06T09:45:00Z,HU,142.40,15
2026-01-06T09:45:00Z,IT-CNorth,124.65,15
2026-01-06T09:45:00Z,IT-CSouth,124.65,15
2026-01-06T09:45:00Z,IT-North,124.65,15
2026-01-06T09:45:00Z,IT-Sardinia,124.65,15
2026-01-06T09:45:00Z,IT-Sicily,122.00,15
2026-01-06T09:45:00Z,IT-South,124.65,15
2026-01-06T09:45:00Z,LT,142.40,15
2026-01-06T09:45:00Z,LV,142.40,15
2026-01-06T09:45:00Z,NL,142.40,15
2026-01-06T09:45:00Z,NO1,142.33,15
2026-01-06T09:45:00Z,NO2,137.96,15
2026-01-06T09:45:00Z,NO3,142.10,15
2026-01-06T09:45:00Z,NO4,142.30,15
2026-01-06T09:45:00Z,NO5,141.40,15
2026-01-06T09:45:00Z,PL,142.40,15
2026-01-06T09:45:00Z,PT,3.78,15
2026-01-06T09:45:00Z,RO,142.40,15
2026-01-06T09:45:00Z,RS,125.03,15
2026-01-06T09:45:00Z,SE1,142.36,15
2026-01-06T09:45:00Z,SE2,142.37,15
2026-01-06T09:45:00Z,SE3,142.40,15
2026-01-06T09:45:00Z,SE4,142.41,15
2026-01-06T09:45:00Z,SI,142.40,15
2026-01-06T09:45:00Z,SK,142.40,15
2026-01-06T10:00:00Z,AT,161.63,15
2026-01-06T10:00:00Z,BE,161.63,15
2026-01-06T10:00:00Z,CH,123.59,60
2026-01-06T10:00:00Z,CZ,161.63,15
2026-01-06T10:00:00Z,DE-LU,161.63,15
2026-01-06T10:00:00Z,DK1,161.63,15
2026-01-06T10:00:00Z,DK2,161.63,15
2026-01-06T10:00:00Z,EE,161.60,15
2026-01-06T10:00:00Z,ES,1.98,15
2026-01-06T10:00:00Z,FI,161.60,15
2026-01-06T10:00:00Z,FR,161.63,15
2026-01-06T10:00:00Z,GR,60.00,15
2026-01-06T10:00:00Z,HR,161.63,15
2026-01-06T10:00:00Z,HU,161.63,15
2026-01-06T10:00:00Z,IT-CNorth,115.74,15
2026-01-06T10:00:00Z,IT-CSouth,115.74,15
2026-01-06T10:00:00Z,IT-North,115.74,15
2026-01-06T10:00:00Z,IT-Sardinia,115.74,15
2026-01-06T10:00:00Z,IT-Sicily,115.74,15
2026-01-06T10:00:00Z,IT-South,115.74,15
2026-01-06T10:00:00Z,LT,161.62,15
2026-01-06T10:00:00Z,LV,161.62,15
2026-01-06T10:00:00Z,NL,161.63,15
2026-01-06T10:00:00Z,NO1,161.56,15
2026-01-06T10:00:00Z,NO2,157.36,15
2026-01-06T10:00:00Z,NO3,161.33,15
2026-01-06T10:00:00Z,NO4,161.52,15
2026-01-06T10:00:00Z,NO5,160.66,15
2026-01-06T10:00:00Z,PL,161.63,15
2026-01-06T10:00:00Z,PT,1.98,15
2026-01-06T10:00:00Z,RO,161.63,15
2026-01-06T10:00:00Z,RS,115.08,15
2026-01-06T10:00:00Z,SE1,161.59,15
2026-01-06T10:00:00Z,SE2,161.59,15
2026-01-06T10:00:00Z,SE3,161.62,15
2026-01-06T10:00:00Z,SE4,161.63,15
2026-01-06T10:00:00Z,SI,161.63,15
2026-01-06T10:00:00Z,SK,161.63,15
2026-01-06T10:15:00Z,AT,148.46,15
2026-01-06T10:15:00Z,BE,148.46,15
2026-01-06T10:15:00Z,CZ,148.46,15
2026-01-06T10:15:00Z,DE-LU,148.46,15
2026-01-06T10:15:00Z,DK1,148.46,15
2026-01-06T10:15:00Z,DK2,148.47,15
2026-01-06T10:15:00Z,EE,148.46,15
2026-01-06T10:15:00Z,ES,1.63,15
2026-01-06T10:15:00Z,FI,148.44,15
2026-01-06T10:15:00Z,FR,148.46,15
2026-01-06T10:15:00Z,GR,75.62,15
2026-01-06T10:15:00Z,HR,148.46,15
2026-01-06T10:15:00Z,HU,148.46,15
2026-01-06T10:15:00Z,IT-CNorth,115.74,15
2026-01-06T10:15:00Z,IT-CSouth,115.74,15
2026-01-06T10:15:00Z,IT-North,115.74,15
2026-01-06T10:15:00Z,IT-Sardinia,115.74,15
2026-01-06T10:15:00Z,IT-Sicily,115.74,15
2026-01-06T10:15:00Z,IT-South,115.74,15
2026-01-06T10:15:00Z,LT,148.46,15
2026-01-06T10:15:00Z,LV,148.46,15
2026-01-06T10:15:00Z,NL,148.46,15
2026-01-06T10:15:00Z,NO1,148.40,15
2026-01-06T10:15:00Z,NO2,144.21,15
2026-01-06T10:15:00Z,NO3,148.17,15
2026-01-06T10:15:00Z,NO4,148.36,15
2026-01-06T10:15:00Z,NO5,147.50,15
2026-01-06T10:15:00Z,PL,148.46,15
2026-01-06T10:15:00Z,PT,1.63,15
2026-01-06T10:15:00Z,RO,148.46,15
2026-01-06T10:15:00Z,RS,115.08,15
2026-01-06T10:15:00Z,SE1,148.42,15
2026-01-06T10:15:00Z,SE2,148.43,15
2026-01-06T10:15:00Z,SE3,148.46,15
2026-01-06T10:15:00Z,SE4,148.47,15
2026-01-06T10:15:00Z,SI,148.46,15
2026-01-06T10:15:00Z,SK,148.46,15
2026-01-06T10:30:00Z,AT,142.97,15
2026-01-06T10:30:00Z,BE,142.97,15
2026-01-06T10:30:00Z,CZ,142.97,15
2026-01-06T10:30:00Z,DE-LU,142.97,15
2026-01-06T10:30:00Z,DK1,142.97,15
2026-01-06T10:30:00Z,DK2,142.98,15
2026-01-06T10:30:00Z,EE,142.97,15
2026-01-06T10:30:00Z,ES,1.51,15
2026-01-06T10:30:00Z,FI,142.95,15
2026-01-06T10:30:00Z,FR,142.97,15
2026-01-06T10:30:00Z,GR,65.85,15
2026-01-06T10:30:00Z,HR,142.97,15
2026-01-06T10:30:00Z,HU,142.97,15
2026-01-06T10:30:00Z,IT-CNorth,115.74,15
2026-01-06T10:30:00Z,IT-CSouth,115.74,15
2026-01-06T10:30:00Z,IT-North,115.74,15
2026-01-06T10:30:00Z,IT-Sardinia,115.74,15
2026-01-06T10:30:00Z,IT-Sicily,114.77,15
2026-01-06T10:30:00Z,IT-South,115.74,15
2026-01-06T10:30:00Z,LT,142.97,15
2026-01-06T10:30:00Z,LV,142.97,15
2026-01-06T10:30:00Z,NL,142.97,15
2026-01-06T10:30:00Z,NO1,142.90,15
2026-01-06T10:30:00Z,NO2,138.87,15
2026-01-06T10:30:00Z,NO3,142.68,15
2026-01-06T10:30:00Z,NO4,142.87,15
2026-01-06T10:30:00Z,NO5,142.04,15
2026-01-06T10:30:00Z,PL,142.97,15
2026-01-06T10:30:00Z,PT,1.51,15
2026-01-06T10:30:00Z,RO,142.97,15
2026-01-06T10:30:00Z,RS,115.08,15
2026-01-06T10:30:00Z,SE1,142.93,15
2026-01-06T10:30:00Z,SE2,142.94,15
2026-01-06T10:30:00Z,SE3,142.96,15
2026-01-06T10:30:00Z,SE4,142.97,15
2026-01-06T10:30:00Z,SI,142.97,15
2026-01-06T10:30:00Z,SK,142.97,15
2026-01-06T10:45:00Z,AT,136.00,15
2026-01-06T10:45:00Z,BE,136.00,15
2026-01-06T10:45:00Z,CZ,136.00,15
2026-01-06T10:45:00Z,DE-LU,136.00,15
2026-01-06T10:45:00Z,DK1,136.00,15
2026-01-06T10:45:00Z,DK2,136.00,15
2026-01-06T10:45:00Z,EE,136.00,15
2026-01-06T10:45:00Z,ES,1.50,15
2026-01-06T10:45:00Z,FI,135.98,15
2026-01-06T10:45:00Z,FR,136.00,15
2026-01-06T10:45:00Z,GR,68.26,15
2026-01-06T10:45:00Z,HR,136.00,15
2026-01-06T10:45:00Z,HU,136.00,15
2026-01-06T10:45:00Z,IT-CNorth,115.74,15
2026-01-06T10:45:00Z,IT-CSouth,115.74,15
2026-01-06T10:45:00Z,IT-North,115.74,15
2026-01-06T10:45:00Z,IT-Sardinia,115.74,15
2026-01-06T10:45:00Z,IT-Sicily,114.77,15
2026-01-06T10:45:00Z,IT-South,115.74,15
2026-01-06T10:45:00Z,LT,136.00,15
2026-01-06T10:45:00Z,LV,136.00,15
2026-01-06T10:45:00Z,NL,136.00,15
2026-01-06T10:45:00Z,NO1,135.94,15
2026-01-06T10:45:00Z,NO2,132.52,15
2026-01-06T10:45:00Z,NO3,135.76,15
2026-01-06T10:45:00Z,NO4,135.92,15
2026-01-06T10:45:00Z,NO5,135.21,15
2026-01-06T10:45:00Z,PL,136.00,15
2026-01-06T10:45:00Z,PT,1.50,15
2026-01-06T10:45:00Z,RO,136.00,15
2026-01-06T10:45:00Z,RS,115.08,15
2026-01-06T10:45:00Z,SE1,135.97,15
2026-01-06T10:45:00Z,SE2,135.97,15
2026-01-06T10:45:00Z,SE3,135.99,15
2026-01-06T10:45:00Z,SE4,136.00,15
2026-01-06T10:45:00Z,SI,136.00,15
2026-01-06T10:45:00Z,SK,136.00,15
2026-01-06T11:00:00Z,AT,140.92,15
2026-01-06T11:00:00Z,BE,140.92,15
2026-01-06T11:00:00Z,CH,118.50,60
2026-01-06T11:00:00Z,CZ,140.92,15
2026-01-06T11:00:00Z,DE-LU,140.92,15
2026-01-06T11:00:00Z,DK1,141.05,15
2026-01-06T11:00:00Z,DK2,144.38,15
2026-01-06T11:00:00Z,EE,147.81,15
2026-01-06T11:00:00Z,ES,0.92,15
2026-01-06T11:00:00Z,FI,147.80,15
2026-01-06T11:00:00Z,FR,140.92,15
2026-01-06T11:00:00Z,GR,52.50,15
2026-01-06T11:00:00Z,HR,140.92,15
2026-01-06T11:00:00Z,HU,140.92,15
2026-01-06T11:00:00Z,IT-CNorth,116.61,15
2026-01-06T11:00:00Z,IT-CSouth,116.61,15
2026-01-06T11:00:00Z,IT-North,116.61,15
2026-01-06T11:00:00Z,IT-Sardinia,116.61,15
2026-01-06T11:00:00Z,IT-Sicily,114.77,15
2026-01-06T11:00:00Z,IT-South,116.61,15
2026-01-06T11:00:00Z,LT,147.81,15
2026-01-06T11:00:00Z,LV,147.81,15
2026-01-06T11:00:00Z,NL,140.92,15
2026-01-06T11:00:00Z,NO1,144.14,15
2026-01-06T11:00:00Z,NO2,136.51,15
2026-01-06T11:00:00Z,NO3,143.55,15
2026-01-06T11:00:00Z,NO4,143.20,15
2026-01-06T11:00:00Z,NO5,142.49,15
2026-01-06T11:00:00Z,PL,140.92,15
2026-01-06T11:00:00Z,PT,1.51,15
2026-01-06T11:00:00Z,RO,140.92,15
2026-01-06T11:00:00Z,RS,103.91,15
2026-01-06T11:00:00Z,SE1,144.92,15
2026-01-06T11:00:00Z,SE2,144.39,15
2026-01-06T11:00:00Z,SE3,144.41,15
2026-01-06T11:00:00Z,SE4,144.38,15
2026-01-06T11:00:00Z,SI,140.92,15
2026-01-06T11:00:00Z,SK,140.92,15
2026-01-06T11:15:00Z,AT,135.03,15
2026-01-06T11:15:00Z,BE,135.03,15
2026-01-06T11:15:00Z,CZ,135.03,15
2026-01-06T11:15:00Z,DE-LU,135.03,15
2026-01-06T11:15:00Z,DK1,135.14,15
2026-01-06T11:15:00Z,DK2,137.95,15
2026-01-06T11:15:00Z,EE,137.94,15
2026-01-06T11:15:00Z,ES,0.91,15
2026-01-06T11:15:00Z,FI,137.94,15
2026-01-06T11:15:00Z,FR,135.03,15
2026-01-06T11:15:00Z,GR,69.59,15
2026-01-06T11:15:00Z,HR,135.03,15
2026-01-06T11:15:00Z,HU,135.03,15
2026-01-06T11:15:00Z,IT-CNorth,115.74,15
2026-01-06T11:15:00Z,IT-CSouth,115.74,15
2026-01-06T11:15:00Z,IT-North,115.74,15
2026-01-06T11:15:00Z,IT-Sardinia,115.74,15
2026-01-06T11:15:00Z,IT-Sicily,114.77,15
2026-01-06T11:15:00Z,IT-South,115.74,15
2026-01-06T11:15:00Z,LT,137.94,15
2026-01-06T11:15:00Z,LV,137.94,15
2026-01-06T11:15:00Z,NL,135.03,15
2026-01-06T11:15:00Z,NO1,137.84,15
2026-01-06T11:15:00Z,NO2,131.20,15
2026-01-06T11:15:00Z,NO3,137.47,15
2026-01-06T11:15:00Z,NO4,137.77,15
2026-01-06T11:15:00Z,NO5,136.42,15
2026-01-06T11:15:00Z,PL,135.03,15
2026-01-06T11:15:00Z,PT,1.51,15
2026-01-06T11:15:00Z,RO,135.03,15
2026-01-06T11:15:00Z,RS,103.91,15
2026-01-06T11:15:00Z,SE1,137.89,15
2026-01-06T11:15:00Z,SE2,137.89,15
2026-01-06T11:15:00Z,SE3,137.93,15
2026-01-06T11:15:00Z,SE4,137.95,15
2026-01-06T11:15:00Z,SI,135.03,15
2026-01-06T11:15:00Z,SK,135.03,15
2026-01-06T11:30:00Z,AT,131.86,15
2026-01-06T11:30:00Z,BE,131.86,15
2026-01-06T11:30:00Z,CZ,131.86,15
2026-01-06T11:30:00Z,DE-LU,131.86,15
2026-01-06T11:30:00Z,DK1,131.86,15
2026-01-06T11:30:00Z,DK2,131.86,15
2026-01-06T11:30:00Z,EE,133.69,15
2026-01-06T11:30:00Z,ES,0.91,15
2026-01-06T11:30:00Z,FI,133.69,15
2026-01-06T11:30:00Z,FR,131.86,15
2026-01-06T11:30:00Z,GR,75.76,15
2026-01-06T11:30:00Z,HR,131.86,15
2026-01-06T11:30:00Z,HU,131.86,15
2026-01-06T11:30:00Z,IT-CNorth,115.74,15
2026-01-06T11:30:00Z,IT-CSouth,115.74,15
2026-01-06T11:30:00Z,IT-North,115.74,15
2026-01-06T11:30:00Z,IT-Sardinia,115.74,15
2026-01-06T11:30:00Z,IT-Sicily,114.77,15
2026-01-06T11:30:00Z,IT-South,115.74,15
2026-01-06T11:30:00Z,LT,133.69,15
2026-01-06T11:30:00Z,LV,133.69,15
2026-01-06T11:30:00Z,NL,131.86,15
2026-01-06T11:30:00Z,NO1,131.74,15
2026-01-06T11:30:00Z,NO2,128.08,15
2026-01-06T11:30:00Z,NO3,131.44,15
2026-01-06T11:30:00Z,NO4,131.24,15
2026-01-06T11:30:00Z,NO5,130.94,15
2026-01-06T11:30:00Z,PL,131.86,15
2026-01-06T11:30:00Z,PT,1.51,15
2026-01-06T11:30:00Z,RO,131.86,15
2026-01-06T11:30:00Z,RS,103.91,15
2026-01-06T11:30:00Z,SE1,132.15,15
2026-01-06T11:30:00Z,SE2,131.87,15
2026-01-06T11:30:00Z,SE3,131.87,15
2026-01-06T11:30:00Z,SE4,131.86,15
2026-01-06T11:30:00Z,SI,131.86,15
2026-01-06T11:30:00Z,SK,131.86,15
2026-01-06T11:45:00Z,AT,132.18,15
2026-01-06T11:45:00Z,BE,128.42,15
2026-01-06T11:45:00Z,CZ,130.12,15
2026-01-06T11:45:00Z,DE-LU,129.92,15
2026-01-06T11:45:00Z,DK1,129.92,15
2026-01-06T11:45:00Z,DK2,129.92,15
2026-01-06T11:45:00Z,EE,130.11,15
2026-01-06T11:45:00Z,ES,0.92,15
2026-01-06T11:45:00Z,FI,130.11,15
2026-01-06T11:45:00Z,FR,128.42,15
2026-01-06T11:45:00Z,GR,77.01,15
2026-01-06T11:45:00Z,HR,130.34,15
2026-01-06T11:45:00Z,HU,130.45,15
2026-01-06T11:45:00Z,IT-CNorth,114.77,15
2026-01-06T11:45:00Z,IT-CSouth,114.77,15
2026-01-06T11:45:00Z,IT-North,114.77,15
2026-01-06T11:45:00Z,IT-Sardinia,114.77,15
2026-01-06T11:45:00Z,IT-Sicily,114.77,15
2026-01-06T11:45:00Z,IT-South,114.77,15
2026-01-06T11:45:00Z,LT,130.11,15
2026-01-06T11:45:00Z,LV,130.11,15
2026-01-06T11:45:00Z,NL,127.55,15
2026-01-06T11:45:00Z,NO1,129.85,15
2026-01-06T11:45:00Z,NO2,126.19,15
2026-01-06T11:45:00Z,NO3,129.64,15
2026-01-06T11:45:00Z,NO4,129.76,15
2026-01-06T11:45:00Z,NO5,129.06,15
2026-01-06T11:45:00Z,PL,130.11,15
2026-01-06T11:45:00Z,PT,1.52,15
2026-01-06T11:45:00Z,RO,130.40,15
2026-01-06T11:45:00Z,RS,103.91,15
2026-01-06T11:45:00Z,SE1,129.92,15
2026-01-06T11:45:00Z,SE2,129.89,15
2026-01-06T11:45:00Z,SE3,129.91,15
2026-01-06T11:45:00Z,SE4,129.91,15
2026-01-06T11:45:00Z,SI,130.39,15
2026-01-06T11:45:00Z,SK,130.37,15
2026-01-06T12:00:00Z,AT,133.91,15
2026-01-06T12:00:00Z,BE,133.50,15
2026-01-06T12:00:00Z,CH,115.52,60
2026-01-06T12:00:00Z,CZ,133.69,15
2026-01-06T12:00:00Z,DE-LU,133.66,15
2026-01-06T12:00:00Z,DK1,133.66,15
2026-01-06T12:00:00Z,DK2,133.69,15
2026-01-06T12:00:00Z,EE,133.68,15
2026-01-06T12:00:00Z,ES,0.95,15
2026-01-06T12:00:00Z,FI,133.67,15
2026-01-06T12:00:00Z,FR,133.51,15
2026-01-06T12:00:00Z,GR,76.43,15
2026-01-06T12:00:00Z,HR,133.71,15
2026-01-06T12:00:00Z,HU,133.72,15
2026-01-06T12:00:00Z,IT-CNorth,114.77,15
2026-01-06T12:00:00Z,IT-CSouth,114.77,15
2026-01-06T12:00:00Z,IT-North,114.77,15
2026-01-06T12:00:00Z,IT-Sardinia,114.77,15
2026-01-06T12:00:00Z,IT-Sicily,114.77,15
2026-01-06T12:00:00Z,IT-South,114.77,15
2026-01-06T12:00:00Z,LT,133.68,15
2026-01-06T12:00:00Z,LV,133.68,15
2026-01-06T12:00:00Z,NL,133.42,15
2026-01-06T12:00:00Z,NO1,133.63,15
2026-01-06T12:00:00Z,NO2,129.83,15
2026-01-06T12:00:00Z,NO3,133.42,15
2026-01-06T12:00:00Z,NO4,133.59,15
2026-01-06T12:00:00Z,NO5,132.81,15
2026-01-06T12:00:00Z,PL,133.68,15
2026-01-06T12:00:00Z,PT,1.52,15
2026-01-06T12:00:00Z,RO,133.72,15
2026-01-06T12:00:00Z,RS,107.03,15
2026-01-06T12:00:00Z,SE1,133.65,15
2026-01-06T12:00:00Z,SE2,133.66,15
2026-01-06T12:00:00Z,SE3,133.68,15
2026-01-06T12:00:00Z,SE4,133.69,15
2026-01-06T12:00:00Z,SI,133.72,15
2026-01-06T12:00:00Z,SK,133.71,15
2026-01-06T12:15:00Z,AT,133.95,15
2026-01-06T12:15:00Z,BE,129.60,15
2026-01-06T12:15:00Z,CZ,131.58,15
2026-01-06T12:15:00Z,DE-LU,131.30,15
2026-01-06T12:15:00Z,DK1,131.30,15
2026-01-06T12:15:00Z,DK2,131.30,15
2026-01-06T12:15:00Z,EE,131.57,15
2026-01-06T12:15:00Z,ES,1.00,15
2026-01-06T12:15:00Z,FI,131.28,15
2026-01-06T12:15:00Z,FR,129.66,15
2026-01-06T12:15:00Z,GR,79.04,15
2026-01-06T12:15:00Z,HR,131.85,15
2026-01-06T12:15:00Z,HU,131.97,15
2026-01-06T12:15:00Z,IT-CNorth,113.72,15
2026-01-06T12:15:00Z,IT-CSouth,113.72,15
2026-01-06T12:15:00Z,IT-North,113.72,15
2026-01-06T12:15:00Z,IT-Sardinia,113.72,15
2026-01-06T12:15:00Z,IT-Sicily,113.72,15
2026-01-06T12:15:00Z,IT-South,113.72,15
2026-01-06T12:15:00Z,LT,131.57,15
2026-01-06T12:15:00Z,LV,131.57,15
2026-01-06T12:15:00Z,NL,128.80,15
2026-01-06T12:15:00Z,NO1,131.24,15
2026-01-06T12:15:00Z,NO2,127.54,15
2026-01-06T12:15:00Z,NO3,131.04,15
2026-01-06T12:15:00Z,NO4,131.21,15
2026-01-06T12:15:00Z,NO5,130.44,15
2026-01-06T12:15:00Z,PL,131.57,15
2026-01-06T12:15:00Z,PT,1.51,15
2026-01-06T12:15:00Z,RO,131.91,15
2026-01-06T12:15:00Z,RS,107.03,15
2026-01-06T12:15:00Z,SE1,131.26,15
2026-01-06T12:15:00Z,SE2,131.27,15
2026-01-06T12:15:00Z,SE3,131.29,15
2026-01-06T12:15:00Z,SE4,131.30,15
2026-01-06T12:15:00Z,SI,131.90,15
2026-01-06T12:15:00Z,SK,131.86,15
2026-01-06T12:30:00Z,AT,135.78,15
2026-01-06T12:30:00Z,BE,122.54,15
2026-01-06T12:30:00Z,CZ,128.56,15
2026-01-06T12:30:00Z,DE-LU,127.72,15
2026-01-06T12:30:00Z,DK1,127.72,15
2026-01-06T12:30:00Z,DK2,127.72,15
2026-01-06T12:30:00Z,EE,128.52,15
2026-01-06T12:30:00Z,ES,1.00,15
2026-01-06T12:30:00Z,FI,127.70,15
2026-01-06T12:30:00Z,FR,122.73,15
2026-01-06T12:30:00Z,GR,85.15,15
2026-01-06T12:30:00Z,HR,129.38,15
2026-01-06T12:30:00Z,HU,129.75,15
2026-01-06T12:30:00Z,IT-CNorth,113.00,15
2026-01-06T12:30:00Z,IT-CSouth,113.00,15
2026-01-06T12:30:00Z,IT-North,113.00,15
2026-01-06T12:30:00Z,IT-Sardinia,113.00,15
2026-01-06T12:30:00Z,IT-Sicily,113.00,15
2026-01-06T12:30:00Z,IT-South,113.00,15
2026-01-06T12:30:00Z,LT,128.52,15
2026-01-06T12:30:00Z,LV,128.52,15
2026-01-06T12:30:00Z,NL,120.10,15
2026-01-06T12:30:00Z,NO1,127.66,15
2026-01-06T12:30:00Z,NO2,124.06,15
2026-01-06T12:30:00Z,NO3,127.47,15
2026-01-06T12:30:00Z,NO4,127.63,15
2026-01-06T12:30:00Z,NO5,126.89,15
2026-01-06T12:30:00Z,PL,128.52,15
2026-01-06T12:30:00Z,PT,1.51,15
2026-01-06T12:30:00Z,RO,129.57,15
2026-01-06T12:30:00Z,RS,107.03,15
2026-01-06T12:30:00Z,SE1,127.69,15
2026-01-06T12:30:00Z,SE2,127.69,15
2026-01-06T12:30:00Z,SE3,127.71,15
2026-01-06T12:30:00Z,SE4,127.72,15
2026-01-06T12:30:00Z,SI,129.55,15
2026-01-06T12:30:00Z,SK,129.43,15
2026-01-06T12:45:00Z,AT,136.11,15
2026-01-06T12:45:00Z,BE,123.00,15
2026-01-06T12:45:00Z,CZ,128.96,15
2026-01-06T12:45:00Z,DE-LU,128.13,15
2026-01-06T12:45:00Z,DK1,128.13,15
2026-01-06T12:45:00Z,DK2,128.13,15
2026-01-06T12:45:00Z,EE,128.93,15
2026-01-06T12:45:00Z,ES,1.00,15
2026-01-06T12:45:00Z,FI,128.11,15
2026-01-06T12:45:00Z,FR,123.19,15
2026-01-06T12:45:00Z,GR,86.32,15
2026-01-06T12:45:00Z,HR,129.78,15
2026-01-06T12:45:00Z,HU,130.14,15
2026-01-06T12:45:00Z,IT-CNorth,110.78,15
2026-01-06T12:45:00Z,IT-CSouth,110.78,15
2026-01-06T12:45:00Z,IT-North,110.78,15
2026-01-06T12:45:00Z,IT-Sardinia,110.78,15
2026-01-06T12:45:00Z,IT-Sicily,110.78,15
2026-01-06T12:45:00Z,IT-South,110.78,15
2026-01-06T12:45:00Z,LT,128.93,15
2026-01-06T12:45:00Z,LV,128.93,15
2026-01-06T12:45:00Z,NL,120.58,15
2026-01-06T12:45:00Z,NO1,128.07,15
2026-01-06T12:45:00Z,NO2,124.46,15
2026-01-06T12:45:00Z,NO3,127.87,15
2026-01-06T12:45:00Z,NO4,128.04,15
2026-01-06T12:45:00Z,NO5,127.29,15
2026-01-06T12:45:00Z,PL,128.93,15
2026-01-06T12:45:00Z,PT,1.51,15
2026-01-06T12:45:00Z,RO,129.96,15
2026-01-06T12:45:00Z,RS,107.03,15
2026-01-06T12:45:00Z,SE1,128.09,15
2026-01-06T12:45:00Z,SE2,128.10,15
2026-01-06T12:45:00Z,SE3,128.12,15
2026-01-06T12:45:00Z,SE4,128.13,15
2026-01-06T12:45:00Z,SI,129.94,15
2026-01-06T12:45:00Z,SK,129.82,15
2026-01-06T13:00:00Z,AT,133.90,15
2026-01-06T13:00:00Z,BE,122.29,15
2026-01-06T13:00:00Z,CH,121.41,60
2026-01-06T13:00:00Z,CZ,127.76,15
2026-01-06T13:00:00Z,DE-LU,127.07,15
2026-01-06T13:00:00Z,DK1,127.07,15
2026-01-06T13:00:00Z,DK2,127.07,15
2026-01-06T13:00:00Z,EE,127.72,15
2026-01-06T13:00:00Z,ES,1.00,15
2026-01-06T13:00:00Z,FI,126.96,15
2026-01-06T13:00:00Z,FR,122.61,15
2026-01-06T13:00:00Z,GR,82.00,15
2026-01-06T13:00:00Z,HR,128.44,15
2026-01-06T13:00:00Z,HU,128.76,15
2026-01-06T13:00:00Z,IT-CNorth,110.78,15
2026-01-06T13:00:00Z,IT-CSouth,110.78,15
2026-01-06T13:00:00Z,IT-North,110.78,15
2026-01-06T13:00:00Z,IT-Sardinia,110.78,15
2026-01-06T13:00:00Z,IT-Sicily,110.78,15
2026-01-06T13:00:00Z,IT-South,110.78,15
2026-01-06T13:00:00Z,LT,127.72,15
2026-01-06T13:00:00Z,LV,127.72,15
2026-01-06T13:00:00Z,NL,119.44,15
2026-01-06T13:00:00Z,NO1,127.31,15
2026-01-06T13:00:00Z,NO2,123.39,15
2026-01-06T13:00:00Z,NO3,125.89,15
2026-01-06T13:00:00Z,NO4,126.66,15
2026-01-06T13:00:00Z,NO5,123.69,15
2026-01-06T13:00:00Z,PL,127.72,15
2026-01-06T13:00:00Z,PT,1.51,15
2026-01-06T13:00:00Z,RO,128.61,15
2026-01-06T13:00:00Z,RS,126.40,15
2026-01-06T13:00:00Z,SE1,126.90,15
2026-01-06T13:00:00Z,SE2,126.93,15
2026-01-06T13:00:00Z,SE3,127.02,15
2026-01-06T13:00:00Z,SE4,127.06,15
2026-01-06T13:00:00Z,SI,128.58,15
2026-01-06T13:00:00Z,SK,128.49,15
2026-01-06T13:15:00Z,AT,133.94,15
2026-01-06T13:15:00Z,BE,127.24,15
2026-01-06T13:15:00Z,CZ,130.40,15
2026-01-06T13:15:00Z,DE-LU,130.00,15
2026-01-06T13:15:00Z,DK1,130.00,15
2026-01-06T13:15:00Z,DK2,130.00,15
2026-01-06T13:15:00Z,EE,130.38,15
2026-01-06T13:15:00Z,ES,1.00,15
2026-01-06T13:15:00Z,FI,129.98,15
2026-01-06T13:15:00Z,FR,127.43,15
2026-01-06T13:15:00Z,GR,85.44,15
2026-01-06T13:15:00Z,HR,130.79,15
2026-01-06T13:15:00Z,HU,130.98,15
2026-01-06T13:15:00Z,IT-CNorth,108.44,15
2026-01-06T13:15:00Z,IT-CSouth,108.44,15
2026-01-06T13:15:00Z,IT-North,108.44,15
2026-01-06T13:15:00Z,IT-Sardinia,108.44,15
2026-01-06T13:15:00Z,IT-Sicily,108.44,15
2026-01-06T13:15:00Z,IT-South,108.44,15
2026-01-06T13:15:00Z,LT,130.38,15
2026-01-06T13:15:00Z,LV,130.38,15
2026-01-06T13:15:00Z,NL,125.60,15
2026-01-06T13:15:00Z,NO1,129.94,15
2026-01-06T13:15:00Z,NO2,126.28,15
2026-01-06T13:15:00Z,NO3,129.74,15
2026-01-06T13:15:00Z,NO4,129.91,15
2026-01-06T13:15:00Z,NO5,129.15,15
2026-01-06T13:15:00Z,PL,130.38,15
2026-01-06T13:15:00Z,PT,1.51,15
2026-01-06T13:15:00Z,RO,130.89,15
2026-01-06T13:15:00Z,RS,126.40,15
2026-01-06T13:15:00Z,SE1,129.96,15
2026-01-06T13:15:00Z,SE2,129.97,15
2026-01-06T13:15:00Z,SE3,129.99,15
2026-01-06T13:15:00Z,SE4,130.00,15
2026-01-06T13:15:00Z,SI,130.88,15
2026-01-06T13:15:00Z,SK,130.83,15
2026-01-06T13:30:00Z,AT,136.93,15
2026-01-06T13:30:00Z,BE,125.40,15
2026-01-06T13:30:00Z,CZ,130.73,15
2026-01-06T13:30:00Z,DE-LU,130.01,15
2026-01-06T13:30:00Z,DK1,130.01,15
2026-01-06T13:30:00Z,DK2,130.01,15
2026-01-06T13:30:00Z,EE,130.94,15
2026-01-06T13:30:00Z,ES,0.99,15
2026-01-06T13:30:00Z,FI,129.90,15
2026-01-06T13:30:00Z,FR,125.40,15
2026-01-06T13:30:00Z,GR,86.32,15
2026-01-06T13:30:00Z,HR,131.66,15
2026-01-06T13:30:00Z,HU,132.43,15
2026-01-06T13:30:00Z,IT-CNorth,110.00,15
2026-01-06T13:30:00Z,IT-CSouth,110.00,15
2026-01-06T13:30:00Z,IT-North,110.00,15
2026-01-06T13:30:00Z,IT-Sardinia,110.00,15
2026-01-06T13:30:00Z,IT-Sicily,110.00,15
2026-01-06T13:30:00Z,IT-South,110.00,15
2026-01-06T13:30:00Z,LT,130.94,15
2026-01-06T13:30:00Z,LV,130.94,15
2026-01-06T13:30:00Z,NL,123.33,15
2026-01-06T13:30:00Z,NO1,130.26,15
2026-01-06T13:30:00Z,NO2,126.25,15
2026-01-06T13:30:00Z,NO3,128.80,15
2026-01-06T13:30:00Z,NO4,129.59,15
2026-01-06T13:30:00Z,NO5,126.55,15
2026-01-06T13:30:00Z,PL,130.94,15
2026-01-06T13:30:00Z,PT,1.51,15
2026-01-06T13:30:00Z,RO,132.29,15
2026-01-06T13:30:00Z,RS,126.40,15
2026-01-06T13:30:00Z,SE1,129.83,15
2026-01-06T13:30:00Z,SE2,129.86,15
2026-01-06T13:30:00Z,SE3,129.96,15
2026-01-06T13:30:00Z,SE4,129.99,15
2026-01-06T13:30:00Z,SI,131.66,15
2026-01-06T13:30:00Z,SK,131.75,15
2026-01-06T13:45:00Z,AT,142.91,15
2026-01-06T13:45:00Z,BE,132.50,15
2026-01-06T13:45:00Z,CZ,135.99,15
2026-01-06T13:45:00Z,DE-LU,135.73,15
2026-01-06T13:45:00Z,DK1,135.73,15
2026-01-06T13:45:00Z,DK2,135.73,15
2026-01-06T13:45:00Z,EE,138.01,15
2026-01-06T13:45:00Z,ES,0.91,15
2026-01-06T13:45:00Z,FI,135.62,15
2026-01-06T13:45:00Z,FR,131.92,15
2026-01-06T13:45:00Z,GR,89.87,15
2026-01-06T13:45:00Z,HR,139.43,15
2026-01-06T13:45:00Z,HU,142.90,15
2026-01-06T13:45:00Z,IT-CNorth,110.78,15
2026-01-06T13:45:00Z,IT-CSouth,110.78,15
2026-01-06T13:45:00Z,IT-North,110.78,15
2026-01-06T13:45:00Z,IT-Sardinia,110.78,15
2026-01-06T13:45:00Z,IT-Sicily,110.78,15
2026-01-06T13:45:00Z,IT-South,110.78,15
2026-01-06T13:45:00Z,LT,138.01,15
2026-01-06T13:45:00Z,LV,138.01,15
2026-01-06T13:45:00Z,NL,132.91,15
2026-01-06T13:45:00Z,NO1,135.99,15
2026-01-06T13:45:00Z,NO2,131.81,15
2026-01-06T13:45:00Z,NO3,134.47,15
2026-01-06T13:45:00Z,NO4,135.29,15
2026-01-06T13:45:00Z,NO5,132.12,15
2026-01-06T13:45:00Z,PL,138.01,15
2026-01-06T13:45:00Z,PT,1.51,15
2026-01-06T13:45:00Z,RO,142.91,15
2026-01-06T13:45:00Z,RS,126.40,15
2026-01-06T13:45:00Z,SE1,135.55,15
2026-01-06T13:45:00Z,SE2,135.58,15
2026-01-06T13:45:00Z,SE3,135.68,15
2026-01-06T13:45:00Z,SE4,135.72,15
2026-01-06T13:45:00Z,SI,138.51,15
2026-01-06T13:45:00Z,SK,139.21,15
2026-01-06T14:00:00Z,AT,136.24,15
2026-01-06T14:00:00Z,BE,118.98,15
2026-01-06T14:00:00Z,CH,127.01,60
2026-01-06T14:00:00Z,CZ,128.75,15
2026-01-06T14:00:00Z,DE-LU,127.73,15
2026-01-06T14:00:00Z,DK1,127.73,15
2026-01-06T14:00:00Z,DK2,127.73,15
2026-01-06T14:00:00Z,EE,128.54,15
2026-01-06T14:00:00Z,ES,0.00,15
2026-01-06T14:00:00Z,FI,127.62,15
2026-01-06T14:00:00Z,FR,112.72,15
2026-01-06T14:00:00Z,GR,83.05,15
2026-01-06T14:00:00Z,HR,127.97,15
2026-01-06T14:00:00Z,HU,129.28,15
2026-01-06T14:00:00Z,IT-CNorth,110.46,15
2026-01-06T14:00:00Z,IT-CSouth,110.46,15
2026-01-06T14:00:00Z,IT-North,110.46,15
2026-01-06T14:00:00Z,IT-Sardinia,110.46,15
2026-01-06T14:00:00Z,IT-Sicily,110.46,15
2026-01-06T14:00:00Z,IT-South,110.46,15
2026-01-06T14:00:00Z,LT,128.54,15
2026-01-06T14:00:00Z,LV,128.54,15
2026-01-06T14:00:00Z,NL,123.20,15
2026-01-06T14:00:00Z,NO1,127.97,15
2026-01-06T14:00:00Z,NO2,124.03,15
2026-01-06T14:00:00Z,NO3,126.53,15
2026-01-06T14:00:00Z,NO4,127.31,15
2026-01-06T14:00:00Z,NO5,124.33,15
2026-01-06T14:00:00Z,PL,128.54,15
2026-01-06T14:00:00Z,PT,1.51,15
2026-01-06T14:00:00Z,RO,128.92,15
2026-01-06T14:00:00Z,RS,45.40,15
2026-01-06T14:00:00Z,SE1,127.55,15
2026-01-06T14:00:00Z,SE2,127.58,15
2026-01-06T14:00:00Z,SE3,127.68,15
2026-01-06T14:00:00Z,SE4,127.72,15
2026-01-06T14:00:00Z,SI,127.93,15
2026-01-06T14:00:00Z,SK,129.22,15
2026-01-06T14:15:00Z,AT,141.00,15
2026-01-06T14:15:00Z,BE,128.13,15
2026-01-06T14:15:00Z,CZ,135.00,15
2026-01-06T14:15:00Z,DE-LU,134.31,15
2026-01-06T14:15:00Z,DK1,134.31,15
2026-01-06T14:15:00Z,DK2,140.80,15
2026-01-06T14:15:00Z,EE,135.31,15
2026-01-06T14:15:00Z,ES,0.00,15
2026-01-06T14:15:00Z,FI,135.21,15
2026-01-06T14:15:00Z,FR,124.00,15
2026-01-06T14:15:00Z,GR,86.05,15
2026-01-06T14:15:00Z,HR,135.17,15
2026-01-06T14:15:00Z,HU,136.84,15
2026-01-06T14:15:00Z,IT-CNorth,114.77,15
2026-01-06T14:15:00Z,IT-CSouth,114.77,15
2026-01-06T14:15:00Z,IT-North,114.77,15
2026-01-06T14:15:00Z,IT-Sardinia,114.77,15
2026-01-06T14:15:00Z,IT-Sicily,114.77,15
2026-01-06T14:15:00Z,IT-South,114.77,15
2026-01-06T14:15:00Z,LT,135.31,15
2026-01-06T14:15:00Z,LV,135.31,15
2026-01-06T14:15:00Z,NL,130.90,15
2026-01-06T14:15:00Z,NO1,135.67,15
2026-01-06T14:15:00Z,NO2,130.43,15
2026-01-06T14:15:00Z,NO3,133.76,15
2026-01-06T14:15:00Z,NO4,134.80,15
2026-01-06T14:15:00Z,NO5,130.82,15
2026-01-06T14:15:00Z,PL,135.31,15
2026-01-06T14:15:00Z,PT,1.51,15
2026-01-06T14:15:00Z,RO,136.60,15
2026-01-06T14:15:00Z,RS,45.40,15
2026-01-06T14:15:00Z,SE1,135.12,15
2026-01-06T14:15:00Z,SE2,135.16,15
2026-01-06T14:15:00Z,SE3,135.29,15
2026-01-06T14:15:00Z,SE4,135.35,15
2026-01-06T14:15:00Z,SI,134.91,15
2026-01-06T14:15:00Z,SK,135.98,15
2026-01-06T14:30:00Z,AT,143.67,15
2026-01-06T14:30:00Z,BE,133.13,15
2026-01-06T14:30:00Z,CZ,137.76,15
2026-01-06T14:30:00Z,DE-LU,137.37,15
2026-01-06T14:30:00Z,DK1,137.37,15
2026-01-06T14:30:00Z,DK2,154.98,15
2026-01-06T14:30:00Z,EE,140.14,15
2026-01-06T14:30:00Z,ES,0.00,15
2026-01-06T14:30:00Z,FI,140.00,15
2026-01-06T14:30:00Z,FR,131.01,15
2026-01-06T14:30:00Z,GR,86.12,15
2026-01-06T14:30:00Z,HR,139.73,15
2026-01-06T14:30:00Z,HU,142.72,15
2026-01-06T14:30:00Z,IT-CNorth,114.77,15
2026-01-06T14:30:00Z,IT-CSouth,114.77,15
2026-01-06T14:30:00Z,IT-North,114.77,15
2026-01-06T14:30:00Z,IT-Sardinia,114.77,15
2026-01-06T14:30:00Z,IT-Sicily,114.77,15
2026-01-06T14:30:00Z,IT-South,114.77,15
2026-01-06T14:30:00Z,LT,140.14,15
2026-01-06T14:30:00Z,LV,140.14,15
2026-01-06T14:30:00Z,NL,134.49,15
2026-01-06T14:30:00Z,NO1,140.63,15
2026-01-06T14:30:00Z,NO2,133.41,15
2026-01-06T14:30:00Z,NO3,138.00,15
2026-01-06T14:30:00Z,NO4,139.42,15
2026-01-06T14:30:00Z,NO5,133.95,15
2026-01-06T14:30:00Z,PL,139.15,15
2026-01-06T14:30:00Z,PT,1.62,15
2026-01-06T14:30:00Z,RO,142.61,15
2026-01-06T14:30:00Z,RS,45.40,15
2026-01-06T14:30:00Z,SE1,139.87,15
2026-01-06T14:30:00Z,SE2,139.93,15
2026-01-06T14:30:00Z,SE3,140.10,15
2026-01-06T14:30:00Z,SE4,140.22,15
2026-01-06T14:30:00Z,SI,138.94,15
2026-01-06T14:30:00Z,SK,140.08,15
2026-01-06T14:45:00Z,AT,153.14,15
2026-01-06T14:45:00Z,BE,146.22,15
2026-01-06T14:45:00Z,CZ,148.66,15
2026-01-06T14:45:00Z,DE-LU,148.53,15
2026-01-06T14:45:00Z,DK1,148.53,15
2026-01-06T14:45:00Z,DK2,155.53,15
2026-01-06T14:45:00Z,EE,150.30,15
2026-01-06T14:45:00Z,ES,0.00,15
2026-01-06T14:45:00Z,FI,149.96,15
2026-01-06T14:45:00Z,FR,145.57,15
2026-01-06T14:45:00Z,GR,88.91,15
2026-01-06T14:45:00Z,HR,151.10,15
2026-01-06T14:45:00Z,HU,154.11,15
2026-01-06T14:45:00Z,IT-CNorth,120.00,15
2026-01-06T14:45:00Z,IT-CSouth,120.00,15
2026-01-06T14:45:00Z,IT-North,120.00,15
2026-01-06T14:45:00Z,IT-Sardinia,120.00,15
2026-01-06T14:45:00Z,IT-Sicily,120.00,15
2026-01-06T14:45:00Z,IT-South,120.00,15
2026-01-06T14:45:00Z,LT,150.30,15
2026-01-06T14:45:00Z,LV,150.30,15
2026-01-06T14:45:00Z,NL,146.60,15
2026-01-06T14:45:00Z,NO1,150.52,15
2026-01-06T14:45:00Z,NO2,144.24,15
2026-01-06T14:45:00Z,NO3,148.23,15
2026-01-06T14:45:00Z,NO4,149.47,15
2026-01-06T14:45:00Z,NO5,144.71,15
2026-01-06T14:45:00Z,PL,150.30,15
2026-01-06T14:45:00Z,PT,4.31,15
2026-01-06T14:45:00Z,RO,154.09,15
2026-01-06T14:45:00Z,RS,45.40,15
2026-01-06T14:45:00Z,SE1,149.85,15
2026-01-06T14:45:00Z,SE2,149.90,15
2026-01-06T14:45:00Z,SE3,150.05,15
2026-01-06T14:45:00Z,SE4,150.13,15
2026-01-06T14:45:00Z,SI,150.23,15
2026-01-06T14:45:00Z,SK,151.15,15
2026-01-06T15:00:00Z,AT,131.16,15
2026-01-06T15:00:00Z,BE,128.64,15
2026-01-06T15:00:00Z,CH,132.09,60
2026-01-06T15:00:00Z,CZ,131.04,15
2026-01-06T15:00:00Z,DE-LU,128.83,15
2026-01-06T15:00:00Z,DK1,128.83,15
2026-01-06T15:00:00Z,DK2,151.88,15
2026-01-06T15:00:00Z,EE,134.73,15
2026-01-06T15:00:00Z,ES,0.01,15
2026-01-06T15:00:00Z,FI,131.90,15
2026-01-06T15:00:00Z,FR,128.66,15
2026-01-06T15:00:00Z,GR,88.60,15
2026-01-06T15:00:00Z,HR,131.29,15
2026-01-06T15:00:00Z,HU,131.88,15
2026-01-06T15:00:00Z,IT-CNorth,124.43,15
2026-01-06T15:00:00Z,IT-CSouth,124.43,15
2026-01-06T15:00:00Z,IT-North,124.43,15
2026-01-06T15:00:00Z,IT-Sardinia,124.43,15
2026-01-06T15:00:00Z,IT-Sicily,124.43,15
2026-01-06T15:00:00Z,IT-South,124.43,15
2026-01-06T15:00:00Z,LT,134.73,15
2026-01-06T15:00:00Z,LV,134.73,15
2026-01-06T15:00:00Z,NL,128.61,15
2026-01-06T15:00:00Z,NO1,132.55,15
2026-01-06T15:00:00Z,NO2,125.11,15
2026-01-06T15:00:00Z,NO3,129.87,15
2026-01-06T15:00:00Z,NO4,131.31,15
2026-01-06T15:00:00Z,NO5,125.67,15
2026-01-06T15:00:00Z,PL,134.73,15
2026-01-06T15:00:00Z,PT,1.51,15
2026-01-06T15:00:00Z,RO,131.92,15
2026-01-06T15:00:00Z,RS,59.97,15
2026-01-06T15:00:00Z,SE1,131.77,15
2026-01-06T15:00:00Z,SE2,131.82,15
2026-01-06T15:00:00Z,SE3,132.00,15
2026-01-06T15:00:00Z,SE4,132.15,15
2026-01-06T15:00:00Z,SI,131.08,15
2026-01-06T15:00:00Z,SK,132.28,15
2026-01-06T15:15:00Z,AT,142.95,15
2026-01-06T15:15:00Z,BE,142.66,15
2026-01-06T15:15:00Z,CZ,143.06,15
2026-01-06T15:15:00Z,DE-LU,142.62,15
2026-01-06T15:15:00Z,DK1,142.62,15
2026-01-06T15:15:00Z,DK2,168.29,15
2026-01-06T15:15:00Z,EE,146.19,15
2026-01-06T15:15:00Z,ES,4.90,15
2026-01-06T15:15:00Z,FI,146.02,15
2026-01-06T15:15:00Z,FR,142.69,15
2026-01-06T15:15:00Z,GR,89.09,15
2026-01-06T15:15:00Z,HR,143.11,15
2026-01-06T15:15:00Z,HU,143.22,15
2026-01-06T15:15:00Z,IT-CNorth,129.91,15
2026-01-06T15:15:00Z,IT-CSouth,129.91,15
2026-01-06T15:15:00Z,IT-North,129.91,15
2026-01-06T15:15:00Z,IT-Sardinia,129.91,15
2026-01-06T15:15:00Z,IT-Sicily,129.91,15
2026-01-06T15:15:00Z,IT-South,129.91,15
2026-01-06T15:15:00Z,LT,146.19,15
2026-01-06T15:15:00Z,LV,146.19,15
2026-01-06T15:15:00Z,NL,142.64,15
2026-01-06T15:15:00Z,NO1,146.75,15
2026-01-06T15:15:00Z,NO2,138.51,15
2026-01-06T15:15:00Z,NO3,143.77,15
2026-01-06T15:15:00Z,NO4,145.37,15
2026-01-06T15:15:00Z,NO5,139.13,15
2026-01-06T15:15:00Z,PL,143.82,15
2026-01-06T15:15:00Z,PT,4.90,15
2026-01-06T15:15:00Z,RO,143.23,15
2026-01-06T15:15:00Z,RS,59.97,15
2026-01-06T15:15:00Z,SE1,145.88,15
2026-01-06T15:15:00Z,SE2,145.94,15
2026-01-06T15:15:00Z,SE3,146.14,15
2026-01-06T15:15:00Z,SE4,146.30,15
2026-01-06T15:15:00Z,SI,143.06,15
2026-01-06T15:15:00Z,SK,143.30,15
2026-01-06T15:30:00Z,AT,148.82,15
2026-01-06T15:30:00Z,BE,148.05,15
2026-01-06T15:30:00Z,CZ,149.10,15
2026-01-06T15:30:00Z,DE-LU,147.96,15
2026-01-06T15:30:00Z,DK1,147.96,15
2026-01-06T15:30:00Z,DK2,189.71,15
2026-01-06T15:30:00Z,EE,151.54,15
2026-01-06T15:30:00Z,ES,19.46,15
2026-01-06T15:30:00Z,FI,151.36,15
2026-01-06T15:30:00Z,FR,148.13,15
2026-01-06T15:30:00Z,GR,90.97,15
2026-01-06T15:30:00Z,HR,149.23,15
2026-01-06T15:30:00Z,HU,149.51,15
2026-01-06T15:30:00Z,IT-CNorth,128.50,15
2026-01-06T15:30:00Z,IT-CSouth,128.50,15
2026-01-06T15:30:00Z,IT-North,128.50,15
2026-01-06T15:30:00Z,IT-Sardinia,128.50,15
2026-01-06T15:30:00Z,IT-Sicily,128.50,15
2026-01-06T15:30:00Z,IT-South,128.50,15
2026-01-06T15:30:00Z,LT,151.54,15
2026-01-06T15:30:00Z,LV,151.54,15
2026-01-06T15:30:00Z,NL,148.00,15
2026-01-06T15:30:00Z,NO1,152.09,15
2026-01-06T15:30:00Z,NO2,143.70,15
2026-01-06T15:30:00Z,NO3,149.06,15
2026-01-06T15:30:00Z,NO4,150.69,15
2026-01-06T15:30:00Z,NO5,144.32,15
2026-01-06T15:30:00Z,PL,151.11,15
2026-01-06T15:30:00Z,PT,19.46,15
2026-01-06T15:30:00Z,RO,149.55,15
2026-01-06T15:30:00Z,RS,59.97,15
2026-01-06T15:30:00Z,SE1,151.21,15
2026-01-06T15:30:00Z,SE2,151.27,15
2026-01-06T15:30:00Z,SE3,151.48,15
2026-01-06T15:30:00Z,SE4,151.69,15
2026-01-06T15:30:00Z,SI,149.11,15
2026-01-06T15:30:00Z,SK,149.74,15
2026-01-06T15:45:00Z,AT,160.62,15
2026-01-06T15:45:00Z,BE,160.62,15
2026-01-06T15:45:00Z,CZ,160.62,15
2026-01-06T15:45:00Z,DE-LU,160.62,15
2026-01-06T15:45:00Z,DK1,160.62,15
2026-01-06T15:45:00Z,DK2,204.01,15
2026-01-06T15:45:00Z,EE,160.62,15
2026-01-06T15:45:00Z,ES,56.47,15
2026-01-06T15:45:00Z,FI,160.62,15
2026-01-06T15:45:00Z,FR,160.62,15
2026-01-06T15:45:00Z,GR,94.08,15
2026-01-06T15:45:00Z,HR,160.62,15
2026-01-06T15:45:00Z,HU,160.62,15
2026-01-06T15:45:00Z,IT-CNorth,130.48,15
2026-01-06T15:45:00Z,IT-CSouth,130.48,15
2026-01-06T15:45:00Z,IT-North,130.48,15
2026-01-06T15:45:00Z,IT-Sardinia,130.48,15
2026-01-06T15:45:00Z,IT-Sicily,130.48,15
2026-01-06T15:45:00Z,IT-South,130.48,15
2026-01-06T15:45:00Z,LT,160.62,15
2026-01-06T15:45:00Z,LV,160.62,15
2026-01-06T15:45:00Z,NL,160.62,15
2026-01-06T15:45:00Z,NO1,159.90,15
2026-01-06T15:45:00Z,NO2,155.96,15
2026-01-06T15:45:00Z,NO3,156.81,15
2026-01-06T15:45:00Z,NO4,155.85,15
2026-01-06T15:45:00Z,NO5,156.02,15
2026-01-06T15:45:00Z,PL,160.62,15
2026-01-06T15:45:00Z,PT,56.47,15
2026-01-06T15:45:00Z,RO,160.62,15
2026-01-06T15:45:00Z,RS,59.97,15
2026-01-06T15:45:00Z,SE1,157.57,15
2026-01-06T15:45:00Z,SE2,156.86,15
2026-01-06T15:45:00Z,SE3,160.45,15
2026-01-06T15:45:00Z,SE4,160.53,15
2026-01-06T15:45:00Z,SI,160.62,15
2026-01-06T15:45:00Z,SK,160.62,15
2026-01-06T16:00:00Z,AT,142.17,15
2026-01-06T16:00:00Z,BE,142.17,15
2026-01-06T16:00:00Z,CH,148.10,60
2026-01-06T16:00:00Z,CZ,142.17,15
2026-01-06T16:00:00Z,DE-LU,142.17,15
2026-01-06T16:00:00Z,DK1,142.17,15
2026-01-06T16:00:00Z,DK2,204.00,15
2026-01-06T16:00:00Z,EE,147.95,15
2026-01-06T16:00:00Z,ES,67.87,15
2026-01-06T16:00:00Z,FI,147.89,15
2026-01-06T16:00:00Z,FR,142.17,15
2026-01-06T16:00:00Z,GR,98.45,15
2026-01-06T16:00:00Z,HR,142.17,15
2026-01-06T16:00:00Z,HU,142.17,15
2026-01-06T16:00:00Z,IT-CNorth,128.91,15
2026-01-06T16:00:00Z,IT-CSouth,128.91,15
2026-01-06T16:00:00Z,IT-North,128.91,15
2026-01-06T16:00:00Z,IT-Sardinia,128.91,15
2026-01-06T16:00:00Z,IT-Sicily,128.91,15
2026-01-06T16:00:00Z,IT-South,128.91,15
2026-01-06T16:00:00Z,LT,147.95,15
2026-01-06T16:00:00Z,LV,147.95,15
2026-01-06T16:00:00Z,NL,142.17,15
2026-01-06T16:00:00Z,NO1,137.66,15
2026-01-06T16:00:00Z,NO2,137.88,15
2026-01-06T16:00:00Z,NO3,121.69,15
2026-01-06T16:00:00Z,NO4,105.01,15
2026-01-06T16:00:00Z,NO5,135.60,15
2026-01-06T16:00:00Z,PL,142.17,15
2026-01-06T16:00:00Z,PT,67.87,15
2026-01-06T16:00:00Z,RO,142.17,15
2026-01-06T16:00:00Z,RS,73.10,15
2026-01-06T16:00:00Z,SE1,119.30,15
2026-01-06T16:00:00Z,SE2,112.10,15
2026-01-06T16:00:00Z,SE3,145.73,15
2026-01-06T16:00:00Z,SE4,144.95,15
2026-01-06T16:00:00Z,SI,142.17,15
2026-01-06T16:00:00Z,SK,142.17,15
2026-01-06T16:15:00Z,AT,147.10,15
2026-01-06T16:15:00Z,BE,147.10,15
2026-01-06T16:15:00Z,CZ,147.10,15
2026-01-06T16:15:00Z,DE-LU,147.10,15
2026-01-06T16:15:00Z,DK1,147.10,15
2026-01-06T16:15:00Z,DK2,211.64,15
2026-01-06T16:15:00Z,EE,150.06,15
2026-01-06T16:15:00Z,ES,82.40,15
2026-01-06T16:15:00Z,FI,149.99,15
2026-01-06T16:15:00Z,FR,147.10,15
2026-01-06T16:15:00Z,GR,98.60,15
2026-01-06T16:15:00Z,HR,147.10,15
2026-01-06T16:15:00Z,HU,147.10,15
2026-01-06T16:15:00Z,IT-CNorth,130.13,15
2026-01-06T16:15:00Z,IT-CSouth,130.13,15
2026-01-06T16:15:00Z,IT-North,130.13,15
2026-01-06T16:15:00Z,IT-Sardinia,130.13,15
2026-01-06T16:15:00Z,IT-Sicily,130.13,15
2026-01-06T16:15:00Z,IT-South,130.13,15
2026-01-06T16:15:00Z,LT,150.06,15
2026-01-06T16:15:00Z,LV,150.06,15
2026-01-06T16:15:00Z,NL,147.10,15
2026-01-06T16:15:00Z,NO1,141.57,15
2026-01-06T16:15:00Z,NO2,142.47,15
2026-01-06T16:15:00Z,NO3,120.88,15
2026-01-06T16:15:00Z,NO4,100.00,15
2026-01-06T16:15:00Z,NO5,139.44,15
2026-01-06T16:15:00Z,PL,147.10,15
2026-01-06T16:15:00Z,PT,82.40,15
2026-01-06T16:15:00Z,RO,147.10,15
2026-01-06T16:15:00Z,RS,73.10,15
2026-01-06T16:15:00Z,SE1,116.46,15
2026-01-06T16:15:00Z,SE2,107.43,15
2026-01-06T16:15:00Z,SE3,148.76,15
2026-01-06T16:15:00Z,SE4,148.56,15
2026-01-06T16:15:00Z,SI,147.10,15
2026-01-06T16:15:00Z,SK,147.10,15
2026-01-06T16:30:00Z,AT,162.00,15
2026-01-06T16:30:00Z,BE,162.00,15
2026-01-06T16:30:00Z,CZ,162.00,15
2026-01-06T16:30:00Z,DE-LU,162.00,15
2026-01-06T16:30:00Z,DK1,162.00,15
2026-01-06T16:30:00Z,DK2,200.41,15
2026-01-06T16:30:00Z,EE,162.00,15
2026-01-06T16:30:00Z,ES,101.32,15
2026-01-06T16:30:00Z,FI,161.92,15
2026-01-06T16:30:00Z,FR,162.00,15
2026-01-06T16:30:00Z,GR,95.89,15
2026-01-06T16:30:00Z,HR,162.00,15
2026-01-06T16:30:00Z,HU,162.00,15
2026-01-06T16:30:00Z,IT-CNorth,130.48,15
2026-01-06T16:30:00Z,IT-CSouth,130.48,15
2026-01-06T16:30:00Z,IT-North,130.48,15
2026-01-06T16:30:00Z,IT-Sardinia,130.48,15
2026-01-06T16:30:00Z,IT-Sicily,130.48,15
2026-01-06T16:30:00Z,IT-South,130.48,15
2026-01-06T16:30:00Z,LT,162.00,15
2026-01-06T16:30:00Z,LV,162.00,15
2026-01-06T16:30:00Z,NL,162.00,15
2026-01-06T16:30:00Z,NO1,155.64,15
2026-01-06T16:30:00Z,NO2,156.89,15
2026-01-06T16:30:00Z,NO3,127.35,15
2026-01-06T16:30:00Z,NO4,99.92,15
2026-01-06T16:30:00Z,NO5,152.73,15
2026-01-06T16:30:00Z,PL,162.00,15
2026-01-06T16:30:00Z,PT,101.32,15
2026-01-06T16:30:00Z,RO,162.00,15
2026-01-06T16:30:00Z,RS,73.10,15
2026-01-06T16:30:00Z,SE1,120.13,15
2026-01-06T16:30:00Z,SE2,108.19,15
2026-01-06T16:30:00Z,SE3,161.91,15
2026-01-06T16:30:00Z,SE4,162.37,15
2026-01-06T16:30:00Z,SI,162.00,15
2026-01-06T16:30:00Z,SK,162.00,15
2026-01-06T16:45:00Z,AT,160.70,15
2026-01-06T16:45:00Z,BE,160.70,15
2026-01-06T16:45:00Z,CZ,160.70,15
2026-01-06T16:45:00Z,DE-LU,160.70,15
2026-01-06T16:45:00Z,DK1,160.70,15
2026-01-06T16:45:00Z,DK2,183.95,15
2026-01-06T16:45:00Z,EE,160.27,15
2026-01-06T16:45:00Z,ES,109.22,15
2026-01-06T16:45:00Z,FI,160.17,15
2026-01-06T16:45:00Z,FR,160.70,15
2026-01-06T16:45:00Z,GR,94.94,15
2026-01-06T16:45:00Z,HR,160.70,15
2026-01-06T16:45:00Z,HU,160.70,15
2026-01-06T16:45:00Z,IT-CNorth,130.48,15
2026-01-06T16:45:00Z,IT-CSouth,130.48,15
2026-01-06T16:45:00Z,IT-North,130.48,15
2026-01-06T16:45:00Z,IT-Sardinia,130.48,15
2026-01-06T16:45:00Z,IT-Sicily,130.48,15
2026-01-06T16:45:00Z,IT-South,130.48,15
2026-01-06T16:45:00Z,LT,160.70,15
2026-01-06T16:45:00Z,LV,160.70,15
2026-01-06T16:45:00Z,NL,160.70,15
2026-01-06T16:45:00Z,NO1,154.14,15
2026-01-06T16:45:00Z,NO2,155.62,15
2026-01-06T16:45:00Z,NO3,120.69,15
2026-01-06T16:45:00Z,NO4,88.57,15
2026-01-06T16:45:00Z,NO5,150.70,15
2026-01-06T16:45:00Z,PL,160.70,15
2026-01-06T16:45:00Z,PT,109.22,15
2026-01-06T16:45:00Z,RO,160.70,15
2026-01-06T16:45:00Z,RS,73.10,15
2026-01-06T16:45:00Z,SE1,111.84,15
2026-01-06T16:45:00Z,SE2,97.84,15
2026-01-06T16:45:00Z,SE3,160.60,15
2026-01-06T16:45:00Z,SE4,161.31,15
2026-01-06T16:45:00Z,SI,160.70,15
2026-01-06T16:45:00Z,SK,160.70,15
2026-01-06T17:00:00Z,AT,159.94,15
2026-01-06T17:00:00Z,BE,159.94,15
2026-01-06T17:00:00Z,CH,143.36,60
2026-01-06T17:00:00Z,CZ,159.94,15
2026-01-06T17:00:00Z,DE-LU,159.94,15
2026-01-06T17:00:00Z,DK1,159.94,15
2026-01-06T17:00:00Z,DK2,233.72,15
2026-01-06T17:00:00Z,EE,160.09,15
2026-01-06T17:00:00Z,ES,109.22,15
2026-01-06T17:00:00Z,FI,159.99,15
2026-01-06T17:00:00Z,FR,159.94,15
2026-01-06T17:00:00Z,GR,94.00,15
2026-01-06T17:00:00Z,HR,159.94,15
2026-01-06T17:00:00Z,HU,159.94,15
2026-01-06T17:00:00Z,IT-CNorth,128.91,15
2026-01-06T17:00:00Z,IT-CSouth,128.91,15
2026-01-06T17:00:00Z,IT-North,128.91,15
2026-01-06T17:00:00Z,IT-Sardinia,128.91,15
2026-01-06T17:00:00Z,IT-Sicily,128.91,15
2026-01-06T17:00:00Z,IT-South,128.91,15
2026-01-06T17:00:00Z,LT,160.35,15
2026-01-06T17:00:00Z,LV,160.35,15
2026-01-06T17:00:00Z,NL,159.94,15
2026-01-06T17:00:00Z,NO1,153.41,15
2026-01-06T17:00:00Z,NO2,154.88,15
2026-01-06T17:00:00Z,NO3,119.94,15
2026-01-06T17:00:00Z,NO4,87.60,15
2026-01-06T17:00:00Z,NO5,149.95,15
2026-01-06T17:00:00Z,PL,159.94,15
2026-01-06T17:00:00Z,PT,109.22,15
2026-01-06T17:00:00Z,RO,159.94,15
2026-01-06T17:00:00Z,RS,61.08,15
2026-01-06T17:00:00Z,SE1,110.94,15
2026-01-06T17:00:00Z,SE2,96.96,15
2026-01-06T17:00:00Z,SE3,160.25,15
2026-01-06T17:00:00Z,SE4,161.05,15
2026-01-06T17:00:00Z,SI,159.94,15
2026-01-06T17:00:00Z,SK,159.94,15
2026-01-06T17:15:00Z,AT,150.29,15
2026-01-06T17:15:00Z,BE,150.29,15
2026-01-06T17:15:00Z,CZ,150.29,15
2026-01-06T17:15:00Z,DE-LU,150.29,15
2026-01-06T17:15:00Z,DK1,150.29,15
2026-01-06T17:15:00Z,DK2,199.75,15
2026-01-06T17:15:00Z,EE,150.12,15
2026-01-06T17:15:00Z,ES,109.94,15
2026-01-06T17:15:00Z,FI,150.00,15
2026-01-06T17:15:00Z,FR,150.29,15
2026-01-06T17:15:00Z,GR,93.82,15
2026-01-06T17:15:00Z,HR,150.29,15
2026-01-06T17:15:00Z,HU,150.29,15
2026-01-06T17:15:00Z,IT-CNorth,135.11,15
2026-01-06T17:15:00Z,IT-CSouth,135.11,15
2026-01-06T17:15:00Z,IT-North,135.11,15
2026-01-06T17:15:00Z,IT-Sardinia,135.11,15
2026-01-06T17:15:00Z,IT-Sicily,135.11,15
2026-01-06T17:15:00Z,IT-South,135.11,15
2026-01-06T17:15:00Z,LT,151.35,15
2026-01-06T17:15:00Z,LV,151.35,15
2026-01-06T17:15:00Z,NL,150.29,15
2026-01-06T17:15:00Z,NO1,143.52,15
2026-01-06T17:15:00Z,NO2,145.49,15
2026-01-06T17:15:00Z,NO3,98.76,15
2026-01-06T17:15:00Z,NO4,56.01,15
2026-01-06T17:15:00Z,NO5,138.89,15
2026-01-06T17:15:00Z,PL,150.29,15
2026-01-06T17:15:00Z,PT,109.94,15
2026-01-06T17:15:00Z,RO,150.29,15
2026-01-06T17:15:00Z,RS,61.08,15
2026-01-06T17:15:00Z,SE1,86.20,15
2026-01-06T17:15:00Z,SE2,67.69,15
2026-01-06T17:15:00Z,SE3,151.08,15
2026-01-06T17:15:00Z,SE4,152.38,15
2026-01-06T17:15:00Z,SI,150.29,15
2026-01-06T17:15:00Z,SK,150.29,15
2026-01-06T17:30:00Z,AT,146.85,15
2026-01-06T17:30:00Z,BE,146.85,15
2026-01-06T17:30:00Z,CZ,146.85,15
2026-01-06T17:30:00Z,DE-LU,146.85,15
2026-01-06T17:30:00Z,DK1,146.85,15
2026-01-06T17:30:00Z,DK2,180.28,15
2026-01-06T17:30:00Z,EE,147.07,15
2026-01-06T17:30:00Z,ES,110.94,15
2026-01-06T17:30:00Z,FI,146.94,15
2026-01-06T17:30:00Z,FR,146.85,15
2026-01-06T17:30:00Z,GR,94.99,15
2026-01-06T17:30:00Z,HR,146.85,15
2026-01-06T17:30:00Z,HU,146.85,15
2026-01-06T17:30:00Z,IT-CNorth,130.48,15
2026-01-06T17:30:00Z,IT-CSouth,130.48,15
2026-01-06T17:30:00Z,IT-North,130.48,15
2026-01-06T17:30:00Z,IT-Sardinia,130.48,15
2026-01-06T17:30:00Z,IT-Sicily,130.48,15
2026-01-06T17:30:00Z,IT-South,130.48,15
2026-01-06T17:30:00Z,LT,148.20,15
2026-01-06T17:30:00Z,LV,148.20,15
2026-01-06T17:30:00Z,NL,146.85,15
2026-01-06T17:30:00Z,NO1,140.18,15
2026-01-06T17:30:00Z,NO2,142.16,15
2026-01-06T17:30:00Z,NO3,95.12,15
2026-01-06T17:30:00Z,NO4,52.04,15
2026-01-06T17:30:00Z,NO5,135.52,15
2026-01-06T17:30:00Z,PL,146.85,15
2026-01-06T17:30:00Z,PT,110.94,15
2026-01-06T17:30:00Z,RO,146.85,15
2026-01-06T17:30:00Z,RS,61.08,15
2026-01-06T17:30:00Z,SE1,82.54,15
2026-01-06T17:30:00Z,SE2,63.89,15
2026-01-06T17:30:00Z,SE3,147.95,15
2026-01-06T17:30:00Z,SE4,149.16,15
2026-01-06T17:30:00Z,SI,146.85,15
2026-01-06T17:30:00Z,SK,146.85,15
2026-01-06T17:45:00Z,AT,135.99,15
2026-01-06T17:45:00Z,BE,135.99,15
2026-01-06T17:45:00Z,CZ,135.99,15
2026-01-06T17:45:00Z,DE-LU,135.99,15
2026-01-06T17:45:00Z,DK1,135.99,15
2026-01-06T17:45:00Z,DK2,169.60,15
2026-01-06T17:45:00Z,EE,133.73,15
2026-01-06T17:45:00Z,ES,115.65,15
2026-01-06T17:45:00Z,FI,133.61,15
2026-01-06T17:45:00Z,FR,135.99,15
2026-01-06T17:45:00Z,GR,96.35,15
2026-01-06T17:45:00Z,HR,135.99,15
2026-01-06T17:45:00Z,HU,135.99,15
2026-01-06T17:45:00Z,IT-CNorth,135.99,15
2026-01-06T17:45:00Z,IT-CSouth,135.99,15
2026-01-06T17:45:00Z,IT-North,135.99,15
2026-01-06T17:45:00Z,IT-Sardinia,135.99,15
2026-01-06T17:45:00Z,IT-Sicily,135.99,15
2026-01-06T17:45:00Z,IT-South,135.99,15
2026-01-06T17:45:00Z,LT,135.99,15
2026-01-06T17:45:00Z,LV,135.99,15
2026-01-06T17:45:00Z,NL,135.99,15
2026-01-06T17:45:00Z,NO1,129.54,15
2026-01-06T17:45:00Z,NO2,131.57,15
2026-01-06T17:45:00Z,NO3,83.66,15
2026-01-06T17:45:00Z,NO4,40.40,15
2026-01-06T17:45:00Z,NO5,124.80,15
2026-01-06T17:45:00Z,PL,135.99,15
2026-01-06T17:45:00Z,PT,115.65,15
2026-01-06T17:45:00Z,RO,135.99,15
2026-01-06T17:45:00Z,RS,61.08,15
2026-01-06T17:45:00Z,SE1,70.22,15
2026-01-06T17:45:00Z,SE2,51.45,15
2026-01-06T17:45:00Z,SE3,135.53,15
2026-01-06T17:45:00Z,SE4,137.26,15
2026-01-06T17:45:00Z,SI,135.99,15
2026-01-06T17:45:00Z,SK,135.99,15
2026-01-06T18:00:00Z,AT,154.98,15
2026-01-06T18:00:00Z,BE,154.98,15
2026-01-06T18:00:00Z,CH,134.34,60
2026-01-06T18:00:00Z,CZ,154.98,15
2026-01-06T18:00:00Z,DE-LU,154.98,15
2026-01-06T18:00:00Z,DK1,154.98,15
2026-01-06T18:00:00Z,DK2,180.22,15
2026-01-06T18:00:00Z,EE,153.34,15
2026-01-06T18:00:00Z,ES,110.40,15
2026-01-06T18:00:00Z,FI,153.22,15
2026-01-06T18:00:00Z,FR,154.98,15
2026-01-06T18:00:00Z,GR,91.19,15
2026-01-06T18:00:00Z,HR,154.98,15
2026-01-06T18:00:00Z,HU,154.98,15
2026-01-06T18:00:00Z,IT-CNorth,131.31,15
2026-01-06T18:00:00Z,IT-CSouth,131.31,15
2026-01-06T18:00:00Z,IT-North,131.31,15
2026-01-06T18:00:00Z,IT-Sardinia,131.31,15
2026-01-06T18:00:00Z,IT-Sicily,131.31,15
2026-01-06T18:00:00Z,IT-South,131.31,15
2026-01-06T18:00:00Z,LT,154.98,15
2026-01-06T18:00:00Z,LV,154.98,15
2026-01-06T18:00:00Z,NL,154.98,15
2026-01-06T18:00:00Z,NO1,148.13,15
2026-01-06T18:00:00Z,NO2,150.04,15
2026-01-06T18:00:00Z,NO3,104.58,15
2026-01-06T18:00:00Z,NO4,63.34,15
2026-01-06T18:00:00Z,NO5,143.61,15
2026-01-06T18:00:00Z,PL,154.98,15
2026-01-06T18:00:00Z,PT,110.40,15
2026-01-06T18:00:00Z,RO,154.98,15
2026-01-06T18:00:00Z,RS,52.99,15
2026-01-06T18:00:00Z,SE1,92.02,15
2026-01-06T18:00:00Z,SE2,74.29,15
2026-01-06T18:00:00Z,SE3,154.65,15
2026-01-06T18:00:00Z,SE4,156.03,15
2026-01-06T18:00:00Z,SI,154.98,15
2026-01-06T18:00:00Z,SK,154.98,15
2026-01-06T18:15:00Z,AT,139.88,15
2026-01-06T18:15:00Z,BE,139.88,15
2026-01-06T18:15:00Z,CZ,139.88,15
2026-01-06T18:15:00Z,DE-LU,139.88,15
2026-01-06T18:15:00Z,DK1,139.88,15
2026-01-06T18:15:00Z,DK2,139.88,15
2026-01-06T18:15:00Z,EE,135.91,15
2026-01-06T18:15:00Z,ES,113.02,15
2026-01-06T18:15:00Z,FI,135.81,15
2026-01-06T18:15:00Z,FR,139.88,15
2026-01-06T18:15:00Z,GR,92.18,15
2026-01-06T18:15:00Z,HR,139.88,15
2026-01-06T18:15:00Z,HU,139.88,15
2026-01-06T18:15:00Z,IT-CNorth,130.48,15
2026-01-06T18:15:00Z,IT-CSouth,130.48,15
2026-01-06T18:15:00Z,IT-North,130.48,15
2026-01-06T18:15:00Z,IT-Sardinia,130.48,15
2026-01-06T18:15:00Z,IT-Sicily,130.48,15
2026-01-06T18:15:00Z,IT-South,130.48,15
2026-01-06T18:15:00Z,LT,139.88,15
2026-01-06T18:15:00Z,LV,139.88,15
2026-01-06T18:15:00Z,NL,139.88,15
2026-01-06T18:15:00Z,NO1,133.78,15
2026-01-06T18:15:00Z,NO2,135.43,15
2026-01-06T18:15:00Z,NO3,96.18,15
2026-01-06T18:15:00Z,NO4,61.09,15
2026-01-06T18:15:00Z,NO5,129.88,15
2026-01-06T18:15:00Z,PL,139.88,15
2026-01-06T18:15:00Z,PT,113.02,15
2026-01-06T18:15:00Z,RO,139.88,15
2026-01-06T18:15:00Z,RS,52.99,15
2026-01-06T18:15:00Z,SE1,84.82,15
2026-01-06T18:15:00Z,SE2,69.69,15
2026-01-06T18:15:00Z,SE3,137.80,15
2026-01-06T18:15:00Z,SE4,139.33,15
2026-01-06T18:15:00Z,SI,139.88,15
2026-01-06T18:15:00Z,SK,139.88,15
2026-01-06T18:30:00Z,AT,133.88,15
2026-01-06T18:30:00Z,BE,133.88,15
2026-01-06T18:30:00Z,CZ,133.88,15
2026-01-06T18:30:00Z,DE-LU,133.88,15
2026-01-06T18:30:00Z,DK1,133.88,15
2026-01-06T18:30:00Z,DK2,133.87,15
2026-01-06T18:30:00Z,EE,128.81,15
2026-01-06T18:30:00Z,ES,115.66,15
2026-01-06T18:30:00Z,FI,128.70,15
2026-01-06T18:30:00Z,FR,133.88,15
2026-01-06T18:30:00Z,GR,91.60,15
2026-01-06T18:30:00Z,HR,133.88,15
2026-01-06T18:30:00Z,HU,133.88,15
2026-01-06T18:30:00Z,IT-CNorth,130.48,15
2026-01-06T18:30:00Z,IT-CSouth,130.48,15
2026-01-06T18:30:00Z,IT-North,130.48,15
2026-01-06T18:30:00Z,IT-Sardinia,130.48,15
2026-01-06T18:30:00Z,IT-Sicily,130.48,15
2026-01-06T18:30:00Z,IT-South,130.48,15
2026-01-06T18:30:00Z,LT,133.88,15
2026-01-06T18:30:00Z,LV,133.88,15
2026-01-06T18:30:00Z,NL,133.88,15
2026-01-06T18:30:00Z,NO1,127.78,15
2026-01-06T18:30:00Z,NO2,129.59,15
2026-01-06T18:30:00Z,NO3,86.53,15
2026-01-06T18:30:00Z,NO4,48.32,15
2026-01-06T18:30:00Z,NO5,123.50,15
2026-01-06T18:30:00Z,PL,133.88,15
2026-01-06T18:30:00Z,PT,115.66,15
2026-01-06T18:30:00Z,RO,133.88,15
2026-01-06T18:30:00Z,RS,52.99,15
2026-01-06T18:30:00Z,SE1,73.78,15
2026-01-06T18:30:00Z,SE2,57.29,15
2026-01-06T18:30:00Z,SE3,131.30,15
2026-01-06T18:30:00Z,SE4,133.21,15
2026-01-06T18:30:00Z,SI,133.88,15
2026-01-06T18:30:00Z,SK,133.88,15
2026-01-06T18:45:00Z,AT,127.73,15
2026-01-06T18:45:00Z,BE,127.73,15
2026-01-06T18:45:00Z,CZ,127.73,15
2026-01-06T18:45:00Z,DE-LU,127.73,15
2026-01-06T18:45:00Z,DK1,127.73,15
2026-01-06T18:45:00Z,DK2,127.72,15
2026-01-06T18:45:00Z,EE,113.24,15
2026-01-06T18:45:00Z,ES,120.00,15
2026-01-06T18:45:00Z,FI,113.15,15
2026-01-06T18:45:00Z,FR,127.73,15
2026-01-06T18:45:00Z,GR,90.90,15
2026-01-06T18:45:00Z,HR,127.73,15
2026-01-06T18:45:00Z,HU,127.73,15
2026-01-06T18:45:00Z,IT-CNorth,127.73,15
2026-01-06T18:45:00Z,IT-CSouth,127.73,15
2026-01-06T18:45:00Z,IT-North,127.73,15
2026-01-06T18:45:00Z,IT-Sardinia,127.73,15
2026-01-06T18:45:00Z,IT-Sicily,127.73,15
2026-01-06T18:45:00Z,IT-South,127.73,15
2026-01-06T18:45:00Z,LT,127.73,15
2026-01-06T18:45:00Z,LV,127.73,15
2026-01-06T18:45:00Z,NL,127.73,15
2026-01-06T18:45:00Z,NO1,121.91,15
2026-01-06T18:45:00Z,NO2,123.65,15
2026-01-06T18:45:00Z,NO3,82.59,15
2026-01-06T18:45:00Z,NO4,48.25,15
2026-01-06T18:45:00Z,NO5,117.84,15
2026-01-06T18:45:00Z,PL,127.73,15
2026-01-06T18:45:00Z,PT,120.00,15
2026-01-06T18:45:00Z,RO,127.73,15
2026-01-06T18:45:00Z,RS,52.99,15
2026-01-06T18:45:00Z,SE1,68.31,15
2026-01-06T18:45:00Z,SE2,53.32,15
2026-01-06T18:45:00Z,SE3,118.70,15
2026-01-06T18:45:00Z,SE4,122.20,15
2026-01-06T18:45:00Z,SI,127.73,15
2026-01-06T18:45:00Z,SK,127.73,15
2026-01-06T19:00:00Z,AT,133.99,15
2026-01-06T19:00:00Z,BE,133.99,15
2026-01-06T19:00:00Z,CH,125.00,60
2026-01-06T19:00:00Z,CZ,133.99,15
2026-01-06T19:00:00Z,DE-LU,133.99,15
2026-01-06T19:00:00Z,DK1,133.99,15
2026-01-06T19:00:00Z,DK2,133.98,15
2026-01-06T19:00:00Z,EE,126.28,15
2026-01-06T19:00:00Z,ES,119.03,15
2026-01-06T19:00:00Z,FI,126.21,15
2026-01-06T19:00:00Z,FR,133.99,15
2026-01-06T19:00:00Z,GR,92.51,15
2026-01-06T19:00:00Z,HR,133.99,15
2026-01-06T19:00:00Z,HU,133.99,15
2026-01-06T19:00:00Z,IT-CNorth,133.99,15
2026-01-06T19:00:00Z,IT-CSouth,133.99,15
2026-01-06T19:00:00Z,IT-North,133.99,15
2026-01-06T19:00:00Z,IT-Sardinia,133.99,15
2026-01-06T19:00:00Z,IT-Sicily,133.99,15
2026-01-06T19:00:00Z,IT-South,133.99,15
2026-01-06T19:00:00Z,LT,129.51,15
2026-01-06T19:00:00Z,LV,129.51,15
2026-01-06T19:00:00Z,NL,133.99,15
2026-01-06T19:00:00Z,NO1,128.53,15
2026-01-06T19:00:00Z,NO2,129.75,15
2026-01-06T19:00:00Z,NO3,100.59,15
2026-01-06T19:00:00Z,NO4,75.41,15
2026-01-06T19:00:00Z,NO5,125.63,15
2026-01-06T19:00:00Z,PL,133.99,15
2026-01-06T19:00:00Z,PT,119.03,15
2026-01-06T19:00:00Z,RO,133.99,15
2026-01-06T19:00:00Z,RS,27.89,15
2026-01-06T19:00:00Z,SE1,91.48,15
2026-01-06T19:00:00Z,SE2,80.47,15
2026-01-06T19:00:00Z,SE3,128.93,15
2026-01-06T19:00:00Z,SE4,130.71,15
2026-01-06T19:00:00Z,SI,133.99,15
2026-01-06T19:00:00Z,SK,133.99,15
2026-01-06T19:15:00Z,AT,124.15,15
2026-01-06T19:15:00Z,BE,123.81,15
2026-01-06T19:15:00Z,CZ,124.01,15
2026-01-06T19:15:00Z,DE-LU,123.88,15
2026-01-06T19:15:00Z,DK1,123.88,15
2026-01-06T19:15:00Z,DK2,123.87,15
2026-01-06T19:15:00Z,EE,115.29,15
2026-01-06T19:15:00Z,ES,123.80,15
2026-01-06T19:15:00Z,FI,115.21,15
2026-01-06T19:15:00Z,FR,123.80,15
2026-01-06T19:15:00Z,GR,93.64,15
2026-01-06T19:15:00Z,HR,124.04,15
2026-01-06T19:15:00Z,HU,124.07,15
2026-01-06T19:15:00Z,IT-CNorth,123.80,15
2026-01-06T19:15:00Z,IT-CSouth,123.80,15
2026-01-06T19:15:00Z,IT-North,123.80,15
2026-01-06T19:15:00Z,IT-Sardinia,123.80,15
2026-01-06T19:15:00Z,IT-Sicily,123.80,15
2026-01-06T19:15:00Z,IT-South,123.80,15
2026-01-06T19:15:00Z,LT,119.35,15
2026-01-06T19:15:00Z,LV,119.35,15
2026-01-06T19:15:00Z,NL,123.81,15
2026-01-06T19:15:00Z,NO1,118.48,15
2026-01-06T19:15:00Z,NO2,119.94,15
2026-01-06T19:15:00Z,NO3,85.17,15
2026-01-06T19:15:00Z,NO4,55.26,15
2026-01-06T19:15:00Z,NO5,115.02,15
2026-01-06T19:15:00Z,PL,124.19,15
2026-01-06T19:15:00Z,PT,123.80,15
2026-01-06T19:15:00Z,RO,124.07,15
2026-01-06T19:15:00Z,RS,27.89,15
2026-01-06T19:15:00Z,SE1,74.19,15
2026-01-06T19:15:00Z,SE2,61.10,15
2026-01-06T19:15:00Z,SE3,118.61,15
2026-01-06T19:15:00Z,SE4,120.82,15
2026-01-06T19:15:00Z,SI,124.03,15
2026-01-06T19:15:00Z,SK,124.09,15
2026-01-06T19:30:00Z,AT,118.97,15
2026-01-06T19:30:00Z,BE,117.89,15
2026-01-06T19:30:00Z,CZ,119.36,15
2026-01-06T19:30:00Z,DE-LU,117.76,15
2026-01-06T19:30:00Z,DK1,117.76,15
2026-01-06T19:30:00Z,DK2,117.75,15
2026-01-06T19:30:00Z,EE,111.29,15
2026-01-06T19:30:00Z,ES,118.00,15
2026-01-06T19:30:00Z,FI,106.59,15
2026-01-06T19:30:00Z,FR,118.00,15
2026-01-06T19:30:00Z,GR,96.99,15
2026-01-06T19:30:00Z,HR,119.54,15
2026-01-06T19:30:00Z,HU,119.93,15
2026-01-06T19:30:00Z,IT-CNorth,118.00,15
2026-01-06T19:30:00Z,IT-CSouth,118.00,15
2026-01-06T19:30:00Z,IT-North,118.00,15
2026-01-06T19:30:00Z,IT-Sardinia,118.00,15
2026-01-06T19:30:00Z,IT-Sicily,118.00,15
2026-01-06T19:30:00Z,IT-South,118.00,15
2026-01-06T19:30:00Z,LT,111.71,15
2026-01-06T19:30:00Z,LV,111.71,15
2026-01-06T19:30:00Z,NL,117.81,15
2026-01-06T19:30:00Z,NO1,112.60,15
2026-01-06T19:30:00Z,NO2,114.01,15
2026-01-06T19:30:00Z,NO3,80.39,15
2026-01-06T19:30:00Z,NO4,52.10,15
2026-01-06T19:30:00Z,NO5,109.26,15
2026-01-06T19:30:00Z,PL,122.20,15
2026-01-06T19:30:00Z,PT,118.00,15
2026-01-06T19:30:00Z,RO,119.98,15
2026-01-06T19:30:00Z,RS,27.89,15
2026-01-06T19:30:00Z,SE1,69.14,15
2026-01-06T19:30:00Z,SE2,56.72,15
2026-01-06T19:30:00Z,SE3,110.79,15
2026-01-06T19:30:00Z,SE4,113.42,15
2026-01-06T19:30:00Z,SI,119.37,15
2026-01-06T19:30:00Z,SK,120.25,15
2026-01-06T19:45:00Z,AT,110.78,15
2026-01-06T19:45:00Z,BE,110.78,15
2026-01-06T19:45:00Z,CZ,110.78,15
2026-01-06T19:45:00Z,DE-LU,110.78,15
2026-01-06T19:45:00Z,DK1,110.78,15
2026-01-06T19:45:00Z,DK2,110.76,15
2026-01-06T19:45:00Z,EE,101.49,15
2026-01-06T19:45:00Z,ES,110.78,15
2026-01-06T19:45:00Z,FI,94.01,15
2026-01-06T19:45:00Z,FR,110.78,15
2026-01-06T19:45:00Z,GR,95.59,15
2026-01-06T19:45:00Z,HR,110.78,15
2026-01-06T19:45:00Z,HU,110.78,15
2026-01-06T19:45:00Z,IT-CNorth,110.78,15
2026-01-06T19:45:00Z,IT-CSouth,110.78,15
2026-01-06T19:45:00Z,IT-North,110.78,15
2026-01-06T19:45:00Z,IT-Sardinia,110.78,15
2026-01-06T19:45:00Z,IT-Sicily,110.78,15
2026-01-06T19:45:00Z,IT-South,110.78,15
2026-01-06T19:45:00Z,LT,101.49,15
2026-01-06T19:45:00Z,LV,101.49,15
2026-01-06T19:45:00Z,NL,110.78,15
2026-01-06T19:45:00Z,NO1,105.74,15
2026-01-06T19:45:00Z,NO2,107.22,15
2026-01-06T19:45:00Z,NO3,72.12,15
2026-01-06T19:45:00Z,NO4,43.76,15
2026-01-06T19:45:00Z,NO5,102.25,15
2026-01-06T19:45:00Z,PL,110.78,15
2026-01-06T19:45:00Z,PT,110.78,15
2026-01-06T19:45:00Z,RO,110.78,15
2026-01-06T19:45:00Z,RS,27.89,15
2026-01-06T19:45:00Z,SE1,59.17,15
2026-01-06T19:45:00Z,SE2,46.62,15
2026-01-06T19:45:00Z,SE3,100.15,15
2026-01-06T19:45:00Z,SE4,103.83,15
2026-01-06T19:45:00Z,SI,110.78,15
2026-01-06T19:45:00Z,SK,110.78,15
2026-01-06T20:00:00Z,AT,133.37,15
2026-01-06T20:00:00Z,BE,119.77,15
2026-01-06T20:00:00Z,CH,118.01,60
2026-01-06T20:00:00Z,CZ,122.75,15
2026-01-06T20:00:00Z,DE-LU,120.86,15
2026-01-06T20:00:00Z,DK1,120.86,15
2026-01-06T20:00:00Z,DK2,120.85,15
2026-01-06T20:00:00Z,EE,111.99,15
2026-01-06T20:00:00Z,ES,117.66,15
2026-01-06T20:00:00Z,FI,111.91,15
2026-01-06T20:00:00Z,FR,117.66,15
2026-01-06T20:00:00Z,GR,96.45,15
2026-01-06T20:00:00Z,HR,124.36,15
2026-01-06T20:00:00Z,HU,124.65,15
2026-01-06T20:00:00Z,IT-CNorth,117.66,15
2026-01-06T20:00:00Z,IT-CSouth,117.66,15
2026-01-06T20:00:00Z,IT-North,117.66,15
2026-01-06T20:00:00Z,IT-Sardinia,117.66,15
2026-01-06T20:00:00Z,IT-Sicily,117.66,15
2026-01-06T20:00:00Z,IT-South,117.66,15
2026-01-06T20:00:00Z,LT,122.63,15
2026-01-06T20:00:00Z,LV,122.63,15
2026-01-06T20:00:00Z,NL,106.57,15
2026-01-06T20:00:00Z,NO1,115.48,15
2026-01-06T20:00:00Z,NO2,117.00,15
2026-01-06T20:00:00Z,NO3,80.40,15
2026-01-06T20:00:00Z,NO4,49.10,15
2026-01-06T20:00:00Z,NO5,111.84,15
2026-01-06T20:00:00Z,PL,122.63,15
2026-01-06T20:00:00Z,PT,117.66,15
2026-01-06T20:00:00Z,RO,124.44,15
2026-01-06T20:00:00Z,RS,114.60,15
2026-01-06T20:00:00Z,SE1,67.63,15
2026-01-06T20:00:00Z,SE2,55.05,15
2026-01-06T20:00:00Z,SE3,115.49,15
2026-01-06T20:00:00Z,SE4,117.87,15
2026-01-06T20:00:00Z,SI,124.63,15
2026-01-06T20:00:00Z,SK,124.11,15
2026-01-06T20:15:00Z,AT,115.09,15
2026-01-06T20:15:00Z,BE,116.35,15
2026-01-06T20:15:00Z,CZ,114.18,15
2026-01-06T20:15:00Z,DE-LU,111.69,15
2026-01-06T20:15:00Z,DK1,111.69,15
2026-01-06T20:15:00Z,DK2,111.69,15
2026-01-06T20:15:00Z,EE,111.14,15
2026-01-06T20:15:00Z,ES,114.77,15
2026-01-06T20:15:00Z,FI,111.05,15
2026-01-06T20:15:00Z,FR,114.77,15
2026-01-06T20:15:00Z,GR,94.33,15
2026-01-06T20:15:00Z,HR,114.86,15
2026-01-06T20:15:00Z,HU,115.13,15
2026-01-06T20:15:00Z,IT-CNorth,114.77,15
2026-01-06T20:15:00Z,IT-CSouth,114.77,15
2026-01-06T20:15:00Z,IT-North,114.77,15
2026-01-06T20:15:00Z,IT-Sardinia,114.77,15
2026-01-06T20:15:00Z,IT-Sicily,114.77,15
2026-01-06T20:15:00Z,IT-South,114.77,15
2026-01-06T20:15:00Z,LT,117.03,15
2026-01-06T20:15:00Z,LV,117.03,15
2026-01-06T20:15:00Z,NL,98.40,15
2026-01-06T20:15:00Z,NO1,100.29,15
2026-01-06T20:15:00Z,NO2,101.52,15
2026-01-06T20:15:00Z,NO3,71.60,15
2026-01-06T20:15:00Z,NO4,43.05,15
2026-01-06T20:15:00Z,NO5,97.31,15
2026-01-06T20:15:00Z,PL,117.03,15
2026-01-06T20:15:00Z,PT,114.77,15
2026-01-06T20:15:00Z,RO,115.17,15
2026-01-06T20:15:00Z,RS,114.60,15
2026-01-06T20:15:00Z,SE1,63.89,15
2026-01-06T20:15:00Z,SE2,52.84,15
2026-01-06T20:15:00Z,SE3,109.62,15
2026-01-06T20:15:00Z,SE4,109.17,15
2026-01-06T20:15:00Z,SI,114.77,15
2026-01-06T20:15:00Z,SK,115.34,15
2026-01-06T20:30:00Z,AT,109.91,15
2026-01-06T20:30:00Z,BE,113.24,15
2026-01-06T20:30:00Z,CZ,108.95,15
2026-01-06T20:30:00Z,DE-LU,102.58,15
2026-01-06T20:30:00Z,DK1,102.58,15
2026-01-06T20:30:00Z,DK2,102.58,15
2026-01-06T20:30:00Z,EE,105.19,15
2026-01-06T20:30:00Z,ES,109.91,15
2026-01-06T20:30:00Z,FI,104.33,15
2026-01-06T20:30:00Z,FR,109.91,15
2026-01-06T20:30:00Z,GR,96.48,15
2026-01-06T20:30:00Z,HR,110.45,15
2026-01-06T20:30:00Z,HU,111.27,15
2026-01-06T20:30:00Z,IT-CNorth,109.91,15
2026-01-06T20:30:00Z,IT-CSouth,109.91,15
2026-01-06T20:30:00Z,IT-North,109.91,15
2026-01-06T20:30:00Z,IT-Sardinia,109.91,15
2026-01-06T20:30:00Z,IT-Sicily,109.91,15
2026-01-06T20:30:00Z,IT-South,109.91,15
2026-01-06T20:30:00Z,LT,117.00,15
2026-01-06T20:30:00Z,LV,117.00,15
2026-01-06T20:30:00Z,NL,73.84,15
2026-01-06T20:30:00Z,NO1,94.50,15
2026-01-06T20:30:00Z,NO2,95.63,15
2026-01-06T20:30:00Z,NO3,68.29,15
2026-01-06T20:30:00Z,NO4,42.20,15
2026-01-06T20:30:00Z,NO5,91.78,15
2026-01-06T20:30:00Z,PL,117.00,15
2026-01-06T20:30:00Z,PT,109.91,15
2026-01-06T20:30:00Z,RO,111.38,15
2026-01-06T20:30:00Z,RS,114.60,15
2026-01-06T20:30:00Z,SE1,61.24,15
2026-01-06T20:30:00Z,SE2,51.15,15
2026-01-06T20:30:00Z,SE3,103.03,15
2026-01-06T20:30:00Z,SE4,102.62,15
2026-01-06T20:30:00Z,SI,110.13,15
2026-01-06T20:30:00Z,SK,111.96,15
2026-01-06T20:45:00Z,AT,106.43,15
2026-01-06T20:45:00Z,BE,111.32,15
2026-01-06T20:45:00Z,CZ,106.74,15
2026-01-06T20:45:00Z,DE-LU,99.12,15
2026-01-06T20:45:00Z,DK1,99.12,15
2026-01-06T20:45:00Z,DK2,99.12,15
2026-01-06T20:45:00Z,EE,100.90,15
2026-01-06T20:45:00Z,ES,107.86,15
2026-01-06T20:45:00Z,FI,100.82,15
2026-01-06T20:45:00Z,FR,107.86,15
2026-01-06T20:45:00Z,GR,93.71,15
2026-01-06T20:45:00Z,HR,108.31,15
2026-01-06T20:45:00Z,HU,109.37,15
2026-01-06T20:45:00Z,IT-CNorth,107.86,15
2026-01-06T20:45:00Z,IT-CSouth,107.86,15
2026-01-06T20:45:00Z,IT-North,107.86,15
2026-01-06T20:45:00Z,IT-Sardinia,107.86,15
2026-01-06T20:45:00Z,IT-Sicily,107.86,15
2026-01-06T20:45:00Z,IT-South,107.86,15
2026-01-06T20:45:00Z,LT,117.00,15
2026-01-06T20:45:00Z,LV,117.00,15
2026-01-06T20:45:00Z,NL,68.43,15
2026-01-06T20:45:00Z,NO1,91.34,15
2026-01-06T20:45:00Z,NO2,92.43,15
2026-01-06T20:45:00Z,NO3,66.08,15
2026-01-06T20:45:00Z,NO4,40.93,15
2026-01-06T20:45:00Z,NO5,88.72,15
2026-01-06T20:45:00Z,PL,117.00,15
2026-01-06T20:45:00Z,PT,107.86,15
2026-01-06T20:45:00Z,RO,109.54,15
2026-01-06T20:45:00Z,RS,114.60,15
2026-01-06T20:45:00Z,SE1,59.28,15
2026-01-06T20:45:00Z,SE2,49.56,15
2026-01-06T20:45:00Z,SE3,99.56,15
2026-01-06T20:45:00Z,SE4,99.16,15
2026-01-06T20:45:00Z,SI,107.86,15
2026-01-06T20:45:00Z,SK,110.35,15
2026-01-06T21:00:00Z,AT,112.16,15
2026-01-06T21:00:00Z,BE,110.12,15
2026-01-06T21:00:00Z,CH,113.50,60
2026-01-06T21:00:00Z,CZ,113.16,15
2026-01-06T21:00:00Z,DE-LU,108.14,15
2026-01-06T21:00:00Z,DK1,108.14,15
2026-01-06T21:00:00Z,DK2,108.15,15
2026-01-06T21:00:00Z,EE,107.72,15
2026-01-06T21:00:00Z,ES,109.94,15
2026-01-06T21:00:00Z,FI,107.62,15
2026-01-06T21:00:00Z,FR,109.94,15
2026-01-06T21:00:00Z,GR,93.94,15
2026-01-06T21:00:00Z,HR,113.82,15
2026-01-06T21:00:00Z,HU,114.98,15
2026-01-06T21:00:00Z,IT-CNorth,109.94,15
2026-01-06T21:00:00Z,IT-CSouth,109.94,15
2026-01-06T21:00:00Z,IT-North,109.94,15
2026-01-06T21:00:00Z,IT-Sardinia,109.94,15
2026-01-06T21:00:00Z,IT-Sicily,109.94,15
2026-01-06T21:00:00Z,IT-South,109.94,15
2026-01-06T21:00:00Z,LT,149.02,15
2026-01-06T21:00:00Z,LV,149.02,15
2026-01-06T21:00:00Z,NL,105.10,15
2026-01-06T21:00:00Z,NO1,96.10,15
2026-01-06T21:00:00Z,NO2,97.42,15
2026-01-06T21:00:00Z,NO3,65.49,15
2026-01-06T21:00:00Z,NO4,34.78,15
2026-01-06T21:00:00Z,NO5,92.91,15
2026-01-06T21:00:00Z,PL,121.71,15
2026-01-06T21:00:00Z,PT,109.94,15
2026-01-06T21:00:00Z,RO,115.08,15
2026-01-06T21:00:00Z,RS,80.03,15
2026-01-06T21:00:00Z,SE1,57.11,15
2026-01-06T21:00:00Z,SE2,45.23,15
2026-01-06T21:00:00Z,SE3,106.09,15
2026-01-06T21:00:00Z,SE4,105.60,15
2026-01-06T21:00:00Z,SI,113.37,15
2026-01-06T21:00:00Z,SK,115.93,15
2026-01-06T21:15:00Z,AT,109.22,15
2026-01-06T21:15:00Z,BE,110.58,15
2026-01-06T21:15:00Z,CZ,109.59,15
2026-01-06T21:15:00Z,DE-LU,105.41,15
2026-01-06T21:15:00Z,DK1,105.41,15
2026-01-06T21:15:00Z,DK2,105.40,15
2026-01-06T21:15:00Z,EE,100.81,15
2026-01-06T21:15:00Z,ES,109.22,15
2026-01-06T21:15:00Z,FI,100.72,15
2026-01-06T21:15:00Z,FR,109.22,15
2026-01-06T21:15:00Z,GR,91.00,15
2026-01-06T21:15:00Z,HR,110.35,15
2026-01-06T21:15:00Z,HU,111.04,15
2026-01-06T21:15:00Z,IT-CNorth,109.22,15
2026-01-06T21:15:00Z,IT-CSouth,109.22,15
2026-01-06T21:15:00Z,IT-North,109.22,15
2026-01-06T21:15:00Z,IT-Sardinia,109.22,15
2026-01-06T21:15:00Z,IT-Sicily,109.22,15
2026-01-06T21:15:00Z,IT-South,109.22,15
2026-01-06T21:15:00Z,LT,115.66,15
2026-01-06T21:15:00Z,LV,115.66,15
2026-01-06T21:15:00Z,NL,95.50,15
2026-01-06T21:15:00Z,NO1,97.10,15
2026-01-06T21:15:00Z,NO2,98.51,15
2026-01-06T21:15:00Z,NO3,64.61,15
2026-01-06T21:15:00Z,NO4,33.87,15
2026-01-06T21:15:00Z,NO5,93.71,15
2026-01-06T21:15:00Z,PL,115.66,15
2026-01-06T21:15:00Z,PT,109.22,15
2026-01-06T21:15:00Z,RO,111.13,15
2026-01-06T21:15:00Z,RS,80.03,15
2026-01-06T21:15:00Z,SE1,53.99,15
2026-01-06T21:15:00Z,SE2,41.88,15
2026-01-06T21:15:00Z,SE3,101.84,15
2026-01-06T21:15:00Z,SE4,102.85,15
2026-01-06T21:15:00Z,SI,110.07,15
2026-01-06T21:15:00Z,SK,111.66,15
2026-01-06T21:30:00Z,AT,106.60,15
2026-01-06T21:30:00Z,BE,110.62,15
2026-01-06T21:30:00Z,CZ,106.85,15
2026-01-06T21:30:00Z,DE-LU,100.50,15
2026-01-06T21:30:00Z,DK1,100.50,15
2026-01-06T21:30:00Z,DK2,100.49,15
2026-01-06T21:30:00Z,EE,89.95,15
2026-01-06T21:30:00Z,ES,107.78,15
2026-01-06T21:30:00Z,FI,89.87,15
2026-01-06T21:30:00Z,FR,107.78,15
2026-01-06T21:30:00Z,GR,89.64,15
2026-01-06T21:30:00Z,HR,108.15,15
2026-01-06T21:30:00Z,HU,109.03,15
2026-01-06T21:30:00Z,IT-CNorth,107.78,15
2026-01-06T21:30:00Z,IT-CSouth,107.78,15
2026-01-06T21:30:00Z,IT-North,107.78,15
2026-01-06T21:30:00Z,IT-Sardinia,107.78,15
2026-01-06T21:30:00Z,IT-Sicily,107.78,15
2026-01-06T21:30:00Z,IT-South,107.78,15
2026-01-06T21:30:00Z,LT,115.41,15
2026-01-06T21:30:00Z,LV,115.41,15
2026-01-06T21:30:00Z,NL,80.73,15
2026-01-06T21:30:00Z,NO1,91.51,15
2026-01-06T21:30:00Z,NO2,92.85,15
2026-01-06T21:30:00Z,NO3,60.80,15
2026-01-06T21:30:00Z,NO4,32.84,15
2026-01-06T21:30:00Z,NO5,88.31,15
2026-01-06T21:30:00Z,PL,115.41,15
2026-01-06T21:30:00Z,PT,107.78,15
2026-01-06T21:30:00Z,RO,109.17,15
2026-01-06T21:30:00Z,RS,80.03,15
2026-01-06T21:30:00Z,SE1,49.76,15
2026-01-06T21:30:00Z,SE2,38.60,15
2026-01-06T21:30:00Z,SE3,92.54,15
2026-01-06T21:30:00Z,SE4,94.40,15
2026-01-06T21:30:00Z,SI,107.78,15
2026-01-06T21:30:00Z,SK,109.86,15
2026-01-06T21:45:00Z,AT,102.33,15
2026-01-06T21:45:00Z,BE,108.73,15
2026-01-06T21:45:00Z,CZ,102.39,15
2026-01-06T21:45:00Z,DE-LU,94.84,15
2026-01-06T21:45:00Z,DK1,94.84,15
2026-01-06T21:45:00Z,DK2,94.82,15
2026-01-06T21:45:00Z,EE,76.68,15
2026-01-06T21:45:00Z,ES,104.72,15
2026-01-06T21:45:00Z,FI,76.62,15
2026-01-06T21:45:00Z,FR,104.72,15
2026-01-06T21:45:00Z,GR,88.86,15
2026-01-06T21:45:00Z,HR,104.06,15
2026-01-06T21:45:00Z,HU,104.96,15
2026-01-06T21:45:00Z,IT-CNorth,104.72,15
2026-01-06T21:45:00Z,IT-CSouth,104.72,15
2026-01-06T21:45:00Z,IT-North,104.72,15
2026-01-06T21:45:00Z,IT-Sardinia,104.72,15
2026-01-06T21:45:00Z,IT-Sicily,104.72,15
2026-01-06T21:45:00Z,IT-South,104.72,15
2026-01-06T21:45:00Z,LT,112.01,15
2026-01-06T21:45:00Z,LV,112.01,15
2026-01-06T21:45:00Z,NL,67.43,15
2026-01-06T21:45:00Z,NO1,90.29,15
2026-01-06T21:45:00Z,NO2,91.66,15
2026-01-06T21:45:00Z,NO3,58.96,15
2026-01-06T21:45:00Z,NO4,32.84,15
2026-01-06T21:45:00Z,NO5,87.02,15
2026-01-06T21:45:00Z,PL,112.01,15
2026-01-06T21:45:00Z,PT,104.72,15
2026-01-06T21:45:00Z,RO,105.13,15
2026-01-06T21:45:00Z,RS,80.03,15
2026-01-06T21:45:00Z,SE1,45.10,15
2026-01-06T21:45:00Z,SE2,34.64,15
2026-01-06T21:45:00Z,SE3,83.83,15
2026-01-06T21:45:00Z,SE4,88.66,15
2026-01-06T21:45:00Z,SI,103.66,15
2026-01-06T21:45:00Z,SK,105.84,15
2026-01-06T22:00:00Z,AT,105.91,15
2026-01-06T22:00:00Z,BE,110.06,15
2026-01-06T22:00:00Z,CH,108.81,60
2026-01-06T22:00:00Z,CZ,105.57,15
2026-01-06T22:00:00Z,DE-LU,102.93,15
2026-01-06T22:00:00Z,DK1,102.93,15
2026-01-06T22:00:00Z,DK2,102.93,15
2026-01-06T22:00:00Z,EE,85.45,15
2026-01-06T22:00:00Z,ES,107.88,15
2026-01-06T22:00:00Z,FI,85.38,15
2026-01-06T22:00:00Z,FR,107.88,15
2026-01-06T22:00:00Z,GR,87.85,15
2026-01-06T22:00:00Z,HR,106.29,15
2026-01-06T22:00:00Z,HU,106.43,15
2026-01-06T22:00:00Z,IT-CNorth,107.88,15
2026-01-06T22:00:00Z,IT-CSouth,107.88,15
2026-01-06T22:00:00Z,IT-North,107.88,15
2026-01-06T22:00:00Z,IT-Sardinia,107.88,15
2026-01-06T22:00:00Z,IT-Sicily,107.88,15
2026-01-06T22:00:00Z,IT-South,107.88,15
2026-01-06T22:00:00Z,LT,108.22,15
2026-01-06T22:00:00Z,LV,108.22,15
2026-01-06T22:00:00Z,NL,85.95,15
2026-01-06T22:00:00Z,NO1,90.69,15
2026-01-06T22:00:00Z,NO2,92.05,15
2026-01-06T22:00:00Z,NO3,59.17,15
2026-01-06T22:00:00Z,NO4,29.89,15
2026-01-06T22:00:00Z,NO5,87.38,15
2026-01-06T22:00:00Z,PL,108.22,15
2026-01-06T22:00:00Z,PT,107.88,15
2026-01-06T22:00:00Z,RO,106.49,15
2026-01-06T22:00:00Z,RS,74.67,15
2026-01-06T22:00:00Z,SE1,46.20,15
2026-01-06T22:00:00Z,SE2,35.85,15
2026-01-06T22:00:00Z,SE3,93.34,15
2026-01-06T22:00:00Z,SE4,100.46,15
2026-01-06T22:00:00Z,SI,106.20,15
2026-01-06T22:00:00Z,SK,106.62,15
2026-01-06T22:15:00Z,AT,96.39,15
2026-01-06T22:15:00Z,BE,107.41,15
2026-01-06T22:15:00Z,CZ,95.46,15
2026-01-06T22:15:00Z,DE-LU,94.02,15
2026-01-06T22:15:00Z,DK1,94.02,15
2026-01-06T22:15:00Z,DK2,94.01,15
2026-01-06T22:15:00Z,EE,79.21,15
2026-01-06T22:15:00Z,ES,102.00,15
2026-01-06T22:15:00Z,FI,79.15,15
2026-01-06T22:15:00Z,FR,102.00,15
2026-01-06T22:15:00Z,GR,86.95,15
2026-01-06T22:15:00Z,HR,96.32,15
2026-01-06T22:15:00Z,HU,95.92,15
2026-01-06T22:15:00Z,IT-CNorth,107.88,15
2026-01-06T22:15:00Z,IT-CSouth,107.88,15
2026-01-06T22:15:00Z,IT-North,107.88,15
2026-01-06T22:15:00Z,IT-Sardinia,107.88,15
2026-01-06T22:15:00Z,IT-Sicily,107.88,15
2026-01-06T22:15:00Z,IT-South,107.88,15
2026-01-06T22:15:00Z,LT,95.37,15
2026-01-06T22:15:00Z,LV,95.37,15
2026-01-06T22:15:00Z,NL,72.91,15
2026-01-06T22:15:00Z,NO1,87.11,15
2026-01-06T22:15:00Z,NO2,88.42,15
2026-01-06T22:15:00Z,NO3,56.88,15
2026-01-06T22:15:00Z,NO4,30.22,15
2026-01-06T22:15:00Z,NO5,83.94,15
2026-01-06T22:15:00Z,PL,107.75,15
2026-01-06T22:15:00Z,PT,102.00,15
2026-01-06T22:15:00Z,RO,95.98,15
2026-01-06T22:15:00Z,RS,74.67,15
2026-01-06T22:15:00Z,SE1,44.65,15
2026-01-06T22:15:00Z,SE2,34.02,15
2026-01-06T22:15:00Z,SE3,84.99,15
2026-01-06T22:15:00Z,SE4,89.32,15
2026-01-06T22:15:00Z,SI,96.43,15
2026-01-06T22:15:00Z,SK,95.74,15
2026-01-06T22:30:00Z,AT,92.22,15
2026-01-06T22:30:00Z,BE,102.03,15
2026-01-06T22:30:00Z,CZ,91.40,15
2026-01-06T22:30:00Z,DE-LU,90.11,15
2026-01-06T22:30:00Z,DK1,90.11,15
2026-01-06T22:30:00Z,DK2,90.10,15
2026-01-06T22:30:00Z,EE,60.52,15
2026-01-06T22:30:00Z,ES,97.22,15
2026-01-06T22:30:00Z,FI,60.49,15
2026-01-06T22:30:00Z,FR,97.22,15
2026-01-06T22:30:00Z,GR,86.49,15
2026-01-06T22:30:00Z,HR,92.16,15
2026-01-06T22:30:00Z,HU,91.81,15
2026-01-06T22:30:00Z,IT-CNorth,106.33,15
2026-01-06T22:30:00Z,IT-CSouth,106.33,15
2026-01-06T22:30:00Z,IT-North,106.33,15
2026-01-06T22:30:00Z,IT-Sardinia,106.33,15
2026-01-06T22:30:00Z,IT-Sicily,106.33,15
2026-01-06T22:30:00Z,IT-South,106.33,15
2026-01-06T22:30:00Z,LT,91.31,15
2026-01-06T22:30:00Z,LV,91.31,15
2026-01-06T22:30:00Z,NL,71.32,15
2026-01-06T22:30:00Z,NO1,84.47,15
2026-01-06T22:30:00Z,NO2,85.70,15
2026-01-06T22:30:00Z,NO3,56.15,15
2026-01-06T22:30:00Z,NO4,33.79,15
2026-01-06T22:30:00Z,NO5,81.50,15
2026-01-06T22:30:00Z,PL,108.22,15
2026-01-06T22:30:00Z,PT,97.22,15
2026-01-06T22:30:00Z,RO,91.86,15
2026-01-06T22:30:00Z,RS,74.67,15
2026-01-06T22:30:00Z,SE1,40.29,15
2026-01-06T22:30:00Z,SE2,32.56,15
2026-01-06T22:30:00Z,SE3,74.49,15
2026-01-06T22:30:00Z,SE4,85.17,15
2026-01-06T22:30:00Z,SI,92.26,15
2026-01-06T22:30:00Z,SK,91.65,15
2026-01-06T22:45:00Z,AT,84.80,15
2026-01-06T22:45:00Z,BE,87.53,15
2026-01-06T22:45:00Z,CZ,84.57,15
2026-01-06T22:45:00Z,DE-LU,84.21,15
2026-01-06T22:45:00Z,DK1,84.21,15
2026-01-06T22:45:00Z,DK2,84.19,15
2026-01-06T22:45:00Z,EE,50.02,15
2026-01-06T22:45:00Z,ES,86.19,15
2026-01-06T22:45:00Z,FI,50.00,15
2026-01-06T22:45:00Z,FR,86.19,15
2026-01-06T22:45:00Z,GR,84.70,15
2026-01-06T22:45:00Z,HR,84.78,15
2026-01-06T22:45:00Z,HU,84.68,15
2026-01-06T22:45:00Z,IT-CNorth,99.19,15
2026-01-06T22:45:00Z,IT-CSouth,99.19,15
2026-01-06T22:45:00Z,IT-North,99.19,15
2026-01-06T22:45:00Z,IT-Sardinia,99.19,15
2026-01-06T22:45:00Z,IT-Sicily,99.19,15
2026-01-06T22:45:00Z,IT-South,99.19,15
2026-01-06T22:45:00Z,LT,84.54,15
2026-01-06T22:45:00Z,LV,84.54,15
2026-01-06T22:45:00Z,NL,78.97,15
2026-01-06T22:45:00Z,NO1,81.89,15
2026-01-06T22:45:00Z,NO2,83.04,15
2026-01-06T22:45:00Z,NO3,55.69,15
2026-01-06T22:45:00Z,NO4,37.04,15
2026-01-06T22:45:00Z,NO5,79.15,15
2026-01-06T22:45:00Z,PL,112.53,15
2026-01-06T22:45:00Z,PT,86.19,15
2026-01-06T22:45:00Z,RO,84.70,15
2026-01-06T22:45:00Z,RS,74.67,15
2026-01-06T22:45:00Z,SE1,38.93,15
2026-01-06T22:45:00Z,SE2,32.51,15
2026-01-06T22:45:00Z,SE3,66.23,15
2026-01-06T22:45:00Z,SE4,78.06,15
2026-01-06T22:45:00Z,SI,84.81,15
2026-01-06T22:45:00Z,SK,84.64,15
2026-01-06T23:00:00Z,AT,102.55,15
2026-01-06T23:00:00Z,BE,106.37,15
2026-01-06T23:00:00Z,CH,110.09,60
2026-01-06T23:00:00Z,CZ,102.09,15
2026-01-06T23:00:00Z,DE-LU,101.28,15
2026-01-06T23:00:00Z,DK1,101.28,15
2026-01-06T23:00:00Z,DK2,101.28,15
2026-01-06T23:00:00Z,EE,106.40,15
2026-01-06T23:00:00Z,ES,104.73,15
2026-01-06T23:00:00Z,FI,93.27,15
2026-01-06T23:00:00Z,FR,104.73,15
2026-01-06T23:00:00Z,GR,85.57,15
2026-01-06T23:00:00Z,HR,102.48,15
2026-01-06T23:00:00Z,HU,102.28,15
2026-01-06T23:00:00Z,IT-CNorth,104.73,15
2026-01-06T23:00:00Z,IT-CSouth,104.73,15
2026-01-06T23:00:00Z,IT-North,104.73,15
2026-01-06T23:00:00Z,IT-Sardinia,104.73,15
2026-01-06T23:00:00Z,IT-Sicily,104.73,15
2026-01-06T23:00:00Z,IT-South,104.73,15
2026-01-06T23:00:00Z,LT,131.98,15
2026-01-06T23:00:00Z,LV,131.98,15
2026-01-06T23:00:00Z,NL,88.74,15
2026-01-06T23:00:00Z,NO1,94.35,15
2026-01-06T23:00:00Z,NO2,95.92,15
2026-01-06T23:00:00Z,NO3,58.34,15
2026-01-06T23:00:00Z,NO4,25.63,15
2026-01-06T23:00:00Z,NO5,90.77,15
2026-01-06T23:00:00Z,PL,101.90,15
2026-01-06T23:00:00Z,PT,104.73,15
2026-01-06T23:00:00Z,RO,102.31,15
2026-01-06T23:00:00Z,RS,101.00,15
2026-01-06T23:00:00Z,SE1,47.33,15
2026-01-06T23:00:00Z,SE2,32.53,15
2026-01-06T23:00:00Z,SE3,75.00,15
2026-01-06T23:00:00Z,SE4,98.83,15
2026-01-06T23:00:00Z,SI,102.53,15
2026-01-06T23:00:00Z,SK,102.18,15
2026-01-06T23:15:00Z,AT,99.36,15
2026-01-06T23:15:00Z,BE,100.50,15
2026-01-06T23:15:00Z,CZ,99.23,15
2026-01-06T23:15:00Z,DE-LU,98.99,15
2026-01-06T23:15:00Z,DK1,98.99,15
2026-01-06T23:15:00Z,DK2,98.97,15
2026-01-06T23:15:00Z,EE,106.39,15
2026-01-06T23:15:00Z,ES,100.01,15
2026-01-06T23:15:00Z,FI,62.66,15
2026-01-06T23:15:00Z,FR,100.01,15
2026-01-06T23:15:00Z,GR,84.40,15
2026-01-06T23:15:00Z,HR,99.34,15
2026-01-06T23:15:00Z,HU,99.28,15
2026-01-06T23:15:00Z,IT-CNorth,103.69,15
2026-01-06T23:15:00Z,IT-CSouth,103.69,15
2026-01-06T23:15:00Z,IT-North,103.69,15
2026-01-06T23:15:00Z,IT-Sardinia,103.69,15
2026-01-06T23:15:00Z,IT-Sicily,103.69,15
2026-01-06T23:15:00Z,IT-South,103.69,15
2026-01-06T23:15:00Z,LT,106.39,15
2026-01-06T23:15:00Z,LV,106.39,15
2026-01-06T23:15:00Z,NL,95.27,15
2026-01-06T23:15:00Z,NO1,94.21,15
2026-01-06T23:15:00Z,NO2,95.82,15
2026-01-06T23:15:00Z,NO3,57.66,15
2026-01-06T23:15:00Z,NO4,29.82,15
2026-01-06T23:15:00Z,NO5,90.58,15
2026-01-06T23:15:00Z,PL,106.55,15
2026-01-06T23:15:00Z,PT,100.01,15
2026-01-06T23:15:00Z,RO,99.29,15
2026-01-06T23:15:00Z,RS,101.00,15
2026-01-06T23:15:00Z,SE1,38.37,15
2026-01-06T23:15:00Z,SE2,27.46,15
2026-01-06T23:15:00Z,SE3,79.83,15
2026-01-06T23:15:00Z,SE4,91.96,15
2026-01-06T23:15:00Z,SI,99.36,15
2026-01-06T23:15:00Z,SK,99.25,15
2026-01-06T23:30:00Z,AT,90.01,15
2026-01-06T23:30:00Z,BE,91.18,15
2026-01-06T23:30:00Z,CZ,89.87,15
2026-01-06T23:30:00Z,DE-LU,89.62,15
2026-01-06T23:30:00Z,DK1,89.62,15
2026-01-06T23:30:00Z,DK2,89.61,15
2026-01-06T23:30:00Z,EE,58.75,15
2026-01-06T23:30:00Z,ES,90.67,15
2026-01-06T23:30:00Z,FI,58.71,15
2026-01-06T23:30:00Z,FR,90.67,15
2026-01-06T23:30:00Z,GR,82.01,15
2026-01-06T23:30:00Z,HR,89.99,15
2026-01-06T23:30:00Z,HU,89.93,15
2026-01-06T23:30:00Z,IT-CNorth,102.91,15
2026-01-06T23:30:00Z,IT-CSouth,102.91,15
2026-01-06T23:30:00Z,IT-North,102.91,15
2026-01-06T23:30:00Z,IT-Sardinia,102.91,15
2026-01-06T23:30:00Z,IT-Sicily,102.91,15
2026-01-06T23:30:00Z,IT-South,102.91,15
2026-01-06T23:30:00Z,LT,89.81,15
2026-01-06T23:30:00Z,LV,89.81,15
2026-01-06T23:30:00Z,NL,85.79,15
2026-01-06T23:30:00Z,NO1,85.35,15
2026-01-06T23:30:00Z,NO2,86.76,15
2026-01-06T23:30:00Z,NO3,53.44,15
2026-01-06T23:30:00Z,NO4,28.99,15
2026-01-06T23:30:00Z,NO5,82.18,15
2026-01-06T23:30:00Z,PL,105.39,15
2026-01-06T23:30:00Z,PT,90.67,15
2026-01-06T23:30:00Z,RO,89.93,15
2026-01-06T23:30:00Z,RS,101.00,15
2026-01-06T23:30:00Z,SE1,36.86,15
2026-01-06T23:30:00Z,SE2,27.19,15
2026-01-06T23:30:00Z,SE3,73.21,15
2026-01-06T23:30:00Z,SE4,83.42,15
2026-01-06T23:30:00Z,SI,90.00,15
2026-01-06T23:30:00Z,SK,89.90,15
2026-01-06T23:45:00Z,AT,86.38,15
2026-01-06T23:45:00Z,BE,87.35,15
2026-01-06T23:45:00Z,CZ,86.26,15
2026-01-06T23:45:00Z,DE-LU,86.06,15
2026-01-06T23:45:00Z,DK1,86.06,15
2026-01-06T23:45:00Z,DK2,86.05,15
2026-01-06T23:45:00Z,EE,50.02,15
2026-01-06T23:45:00Z,ES,86.93,15
2026-01-06T23:45:00Z,FI,50.00,15
2026-01-06T23:45:00Z,FR,86.93,15
2026-01-06T23:45:00Z,GR,83.69,15
2026-01-06T23:45:00Z,HR,86.36,15
2026-01-06T23:45:00Z,HU,86.31,15
2026-01-06T23:45:00Z,IT-CNorth,103.69,15
2026-01-06T23:45:00Z,IT-CSouth,103.69,15
2026-01-06T23:45:00Z,IT-North,103.69,15
2026-01-06T23:45:00Z,IT-Sardinia,103.69,15
2026-01-06T23:45:00Z,IT-Sicily,103.69,15
2026-01-06T23:45:00Z,IT-South,103.69,15
2026-01-06T23:45:00Z,LT,86.22,15
2026-01-06T23:45:00Z,LV,86.22,15
2026-01-06T23:45:00Z,NL,82.89,15
2026-01-06T23:45:00Z,NO1,82.04,15
2026-01-06T23:45:00Z,NO2,83.38,15
2026-01-06T23:45:00Z,NO3,51.67,15
2026-01-06T23:45:00Z,NO4,29.38,15
2026-01-06T23:45:00Z,NO5,79.02,15
2026-01-06T23:45:00Z,PL,105.39,15
2026-01-06T23:45:00Z,PT,86.93,15
2026-01-06T23:45:00Z,RO,86.32,15
2026-01-06T23:45:00Z,RS,101.00,15
2026-01-06T23:45:00Z,SE1,33.92,15
2026-01-06T23:45:00Z,SE2,25.82,15
2026-01-06T23:45:00Z,SE3,67.50,15
2026-01-06T23:45:00Z,SE4,80.09,15
2026-01-06T23:45:00Z,SI,86.38,15
2026-01-06T23:45:00Z,SK,86.29,15
