timestamp_utc,zone,price_eur_mwh,resolution_min
2026-04-12T00:00:00Z,AT,99.68,15
2026-04-12T00:00:00Z,BE,62.94,15
2026-04-12T00:00:00Z,CH,85.00,60
2026-04-12T00:00:00Z,CZ,74.37,15
2026-04-12T00:00:00Z,DE-LU,77.47,15
2026-04-12T00:00:00Z,DK1,56.50,15
2026-04-12T00:00:00Z,DK2,36.47,15
2026-04-12T00:00:00Z,EE,41.22,15
2026-04-12T00:00:00Z,ES,10.70,15
2026-04-12T00:00:00Z,FI,41.16,15
2026-04-12T00:00:00Z,FR,10.70,15
2026-04-12T00:00:00Z,GR,118.96,15
2026-04-12T00:00:00Z,HR,113.37,15
2026-04-12T00:00:00Z,HU,121.73,15
2026-04-12T00:00:00Z,IT-CNorth,139.59,15
2026-04-12T00:00:00Z,IT-CSouth,139.59,15
2026-04-12T00:00:00Z,IT-North,139.59,15
2026-04-12T00:00:00Z,IT-Sardinia,139.59,15
2026-04-12T00:00:00Z,IT-Sicily,139.59,15
2026-04-12T00:00:00Z,IT-South,139.59,15
2026-04-12T00:00:00Z,LT,41.22,15
2026-04-12T00:00:00Z,LV,41.22,15
2026-04-12T00:00:00Z,NL,70.75,15
2026-04-12T00:00:00Z,NO1,89.24,15
2026-04-12T00:00:00Z,NO2,82.25,15
2026-04-12T00:00:00Z,NO3,95.78,15
2026-04-12T00:00:00Z,NO4,-19.46,15
2026-04-12T00:00:00Z,NO5,119.83,15
2026-04-12T00:00:00Z,PL,97.97,15
2026-04-12T00:00:00Z,PT,10.70,15
2026-04-12T00:00:00Z,RO,118.96,15
2026-04-12T00:00:00Z,RS,116.96,15
2026-04-12T00:00:00Z,SE1,6.77,15
2026-04-12T00:00:00Z,SE2,12.06,15
2026-04-12T00:00:00Z,SE3,28.12,15
2026-04-12T00:00:00Z,SE4,34.50,15
2026-04-12T00:00:00Z,SI,110.67,15
2026-04-12T00:00:00Z,SK,144.37,15
2026-04-12T00:15:00Z,AT,102.55,15
2026-04-12T00:15:00Z,BE,64.10,15
2026-04-12T00:15:00Z,CZ,77.59,15
2026-04-12T00:15:00Z,DE-LU,80.11,15
2026-04-12T00:15:00Z,DK1,58.07,15
2026-04-12T00:15:00Z,DK2,37.31,15
2026-04-12T00:15:00Z,EE,43.04,15
2026-04-12T00:15:00Z,ES,7.26,15
2026-04-12T00:15:00Z,FI,42.99,15
2026-04-12T00:15:00Z,FR,7.26,15
2026-04-12T00:15:00Z,GR,120.92,15
2026-04-12T00:15:00Z,HR,115.82,15
2026-04-12T00:15:00Z,HU,123.58,15
2026-04-12T00:15:00Z,IT-CNorth,139.59,15
2026-04-12T00:15:00Z,IT-CSouth,139.59,15
2026-04-12T00:15:00Z,IT-North,139.59,15
2026-04-12T00:15:00Z,IT-Sardinia,139.59,15
2026-04-12T00:15:00Z,IT-Sicily,139.59,15
2026-04-12T00:15:00Z,IT-South,139.59,15
2026-04-12T00:15:00Z,LT,43.04,15
2026-04-12T00:15:00Z,LV,43.04,15
2026-04-12T00:15:00Z,NL,72.68,15
2026-04-12T00:15:00Z,NO1,90.36,15
2026-04-12T00:15:00Z,NO2,83.63,15
2026-04-12T00:15:00Z,NO3,96.49,15
2026-04-12T00:15:00Z,NO4,-19.16,15
2026-04-12T00:15:00Z,NO5,119.82,15
2026-04-12T00:15:00Z,PL,97.51,15
2026-04-12T00:15:00Z,PT,7.26,15
2026-04-12T00:15:00Z,RO,120.92,15
2026-04-12T00:15:00Z,RS,116.96,15
2026-04-12T00:15:00Z,SE1,7.31,15
2026-04-12T00:15:00Z,SE2,12.66,15
2026-04-12T00:15:00Z,SE3,28.88,15
2026-04-12T00:15:00Z,SE4,35.33,15
2026-04-12T00:15:00Z,SI,113.29,15
2026-04-12T00:15:00Z,SK,146.02,15
2026-04-12T00:30:00Z,AT,103.27,15
2026-04-12T00:30:00Z,BE,65.03,15
2026-04-12T00:30:00Z,CZ,77.93,15
2026-04-12T00:30:00Z,DE-LU,80.68,15
2026-04-12T00:30:00Z,DK1,60.63,15
2026-04-12T00:30:00Z,DK2,38.88,15
2026-04-12T00:30:00Z,EE,50.05,15
2026-04-12T00:30:00Z,ES,9.26,15
2026-04-12T00:30:00Z,FI,49.99,15
2026-04-12T00:30:00Z,FR,9.26,15
2026-04-12T00:30:00Z,GR,122.06,15
2026-04-12T00:30:00Z,HR,116.79,15
2026-04-12T00:30:00Z,HU,124.78,15
2026-04-12T00:30:00Z,IT-CNorth,135.02,15
2026-04-12T00:30:00Z,IT-CSouth,135.02,15
2026-04-12T00:30:00Z,IT-North,135.02,15
2026-04-12T00:30:00Z,IT-Sardinia,135.02,15
2026-04-12T00:30:00Z,IT-Sicily,135.02,15
2026-04-12T00:30:00Z,IT-South,135.02,15
2026-04-12T00:30:00Z,LT,50.05,15
2026-04-12T00:30:00Z,LV,50.05,15
2026-04-12T00:30:00Z,NL,73.43,15
2026-04-12T00:30:00Z,NO1,91.99,15
2026-04-12T00:30:00Z,NO2,85.71,15
2026-04-12T00:30:00Z,NO3,97.41,15
2026-04-12T00:30:00Z,NO4,-17.91,15
2026-04-12T00:30:00Z,NO5,119.39,15
2026-04-12T00:30:00Z,PL,97.51,15
2026-04-12T00:30:00Z,PT,9.26,15
2026-04-12T00:30:00Z,RO,122.06,15
2026-04-12T00:30:00Z,RS,116.96,15
2026-04-12T00:30:00Z,SE1,8.61,15
2026-04-12T00:30:00Z,SE2,14.01,15
2026-04-12T00:30:00Z,SE3,30.37,15
2026-04-12T00:30:00Z,SE4,36.88,15
2026-04-12T00:30:00Z,SI,114.18,15
2026-04-12T00:30:00Z,SK,147.72,15
2026-04-12T00:45:00Z,AT,104.44,15
2026-04-12T00:45:00Z,BE,67.27,15
2026-04-12T00:45:00Z,CZ,81.58,15
2026-04-12T00:45:00Z,DE-LU,83.43,15
2026-04-12T00:45:00Z,DK1,63.07,15
2026-04-12T00:45:00Z,DK2,38.81,15
2026-04-12T00:45:00Z,EE,50.05,15
2026-04-12T00:45:00Z,ES,10.53,15
2026-04-12T00:45:00Z,FI,49.99,15
2026-04-12T00:45:00Z,FR,10.53,15
2026-04-12T00:45:00Z,GR,120.92,15
2026-04-12T00:45:00Z,HR,116.47,15
2026-04-12T00:45:00Z,HU,123.29,15
2026-04-12T00:45:00Z,IT-CNorth,125.80,15
2026-04-12T00:45:00Z,IT-CSouth,125.80,15
2026-04-12T00:45:00Z,IT-North,125.80,15
2026-04-12T00:45:00Z,IT-Sardinia,125.80,15
2026-04-12T00:45:00Z,IT-Sicily,125.80,15
2026-04-12T00:45:00Z,IT-South,125.80,15
2026-04-12T00:45:00Z,LT,50.05,15
2026-04-12T00:45:00Z,LV,50.05,15
2026-04-12T00:45:00Z,NL,75.92,15
2026-04-12T00:45:00Z,NO1,91.93,15
2026-04-12T00:45:00Z,NO2,85.57,15
2026-04-12T00:45:00Z,NO3,97.46,15
2026-04-12T00:45:00Z,NO4,-17.91,15
2026-04-12T00:45:00Z,NO5,119.66,15
2026-04-12T00:45:00Z,PL,97.51,15
2026-04-12T00:45:00Z,PT,10.53,15
2026-04-12T00:45:00Z,RO,120.92,15
2026-04-12T00:45:00Z,RS,116.96,15
2026-04-12T00:45:00Z,SE1,8.58,15
2026-04-12T00:45:00Z,SE2,13.97,15
2026-04-12T00:45:00Z,SE3,30.32,15
2026-04-12T00:45:00Z,SE4,36.82,15
2026-04-12T00:45:00Z,SI,114.23,15
2026-04-12T00:45:00Z,SK,143.44,15
2026-04-12T01:00:00Z,AT,98.90,15
2026-04-12T01:00:00Z,BE,66.70,15
2026-04-12T01:00:00Z,CH,90.21,60
2026-04-12T01:00:00Z,CZ,81.67,15
2026-04-12T01:00:00Z,DE-LU,82.40,15
2026-04-12T01:00:00Z,DK1,74.74,15
2026-04-12T01:00:00Z,DK2,37.93,15
2026-04-12T01:00:00Z,EE,35.04,15
2026-04-12T01:00:00Z,ES,13.00,15
2026-04-12T01:00:00Z,FI,35.00,15
2026-04-12T01:00:00Z,FR,13.00,15
2026-04-12T01:00:00Z,GR,118.04,15
2026-04-12T01:00:00Z,HR,110.61,15
2026-04-12T01:00:00Z,HU,119.48,15
2026-04-12T01:00:00Z,IT-CNorth,119.42,15
2026-04-12T01:00:00Z,IT-CSouth,119.42,15
2026-04-12T01:00:00Z,IT-North,119.42,15
2026-04-12T01:00:00Z,IT-Sardinia,119.42,15
2026-04-12T01:00:00Z,IT-Sicily,119.42,15
2026-04-12T01:00:00Z,IT-South,119.42,15
2026-04-12T01:00:00Z,LT,35.04,15
2026-04-12T01:00:00Z,LV,35.04,15
2026-04-12T01:00:00Z,NL,74.74,15
2026-04-12T01:00:00Z,NO1,84.39,15
2026-04-12T01:00:00Z,NO2,79.53,15
2026-04-12T01:00:00Z,NO3,111.46,15
2026-04-12T01:00:00Z,NO4,-11.96,15
2026-04-12T01:00:00Z,NO5,105.51,15
2026-04-12T01:00:00Z,PL,97.51,15
2026-04-12T01:00:00Z,PT,13.00,15
2026-04-12T01:00:00Z,RO,118.04,15
2026-04-12T01:00:00Z,RS,108.00,15
2026-04-12T01:00:00Z,SE1,11.06,15
2026-04-12T01:00:00Z,SE2,15.89,15
2026-04-12T01:00:00Z,SE3,30.39,15
2026-04-12T01:00:00Z,SE4,36.44,15
2026-04-12T01:00:00Z,SI,107.68,15
2026-04-12T01:00:00Z,SK,117.00,15
2026-04-12T01:15:00Z,AT,101.00,15
2026-04-12T01:15:00Z,BE,68.67,15
2026-04-12T01:15:00Z,CZ,85.86,15
2026-04-12T01:15:00Z,DE-LU,85.59,15
2026-04-12T01:15:00Z,DK1,77.31,15
2026-04-12T01:15:00Z,DK2,40.30,15
2026-04-12T01:15:00Z,EE,41.43,15
2026-04-12T01:15:00Z,ES,11.63,15
2026-04-12T01:15:00Z,FI,41.39,15
2026-04-12T01:15:00Z,FR,11.63,15
2026-04-12T01:15:00Z,GR,118.10,15
2026-04-12T01:15:00Z,HR,111.42,15
2026-04-12T01:15:00Z,HU,119.20,15
2026-04-12T01:15:00Z,IT-CNorth,119.42,15
2026-04-12T01:15:00Z,IT-CSouth,119.42,15
2026-04-12T01:15:00Z,IT-North,119.42,15
2026-04-12T01:15:00Z,IT-Sardinia,119.42,15
2026-04-12T01:15:00Z,IT-Sicily,119.42,15
2026-04-12T01:15:00Z,IT-South,119.42,15
2026-04-12T01:15:00Z,LT,41.43,15
2026-04-12T01:15:00Z,LV,41.43,15
2026-04-12T01:15:00Z,NL,77.31,15
2026-04-12T01:15:00Z,NO1,87.55,15
2026-04-12T01:15:00Z,NO2,82.61,15
2026-04-12T01:15:00Z,NO3,115.10,15
2026-04-12T01:15:00Z,NO4,-10.30,15
2026-04-12T01:15:00Z,NO5,109.04,15
2026-04-12T01:15:00Z,PL,97.51,15
2026-04-12T01:15:00Z,PT,11.63,15
2026-04-12T01:15:00Z,RO,118.10,15
2026-04-12T01:15:00Z,RS,108.00,15
2026-04-12T01:15:00Z,SE1,12.97,15
2026-04-12T01:15:00Z,SE2,17.88,15
2026-04-12T01:15:00Z,SE3,32.63,15
2026-04-12T01:15:00Z,SE4,38.79,15
2026-04-12T01:15:00Z,SI,108.83,15
2026-04-12T01:15:00Z,SK,114.00,15
2026-04-12T01:30:00Z,AT,97.47,15
2026-04-12T01:30:00Z,BE,67.56,15
2026-04-12T01:30:00Z,CZ,86.23,15
2026-04-12T01:30:00Z,DE-LU,84.93,15
2026-04-12T01:30:00Z,DK1,75.11,15
2026-04-12T01:30:00Z,DK2,41.83,15
2026-04-12T01:30:00Z,EE,45.04,15
2026-04-12T01:30:00Z,ES,10.00,15
2026-04-12T01:30:00Z,FI,45.00,15
2026-04-12T01:30:00Z,FR,10.00,15
2026-04-12T01:30:00Z,GR,117.44,15
2026-04-12T01:30:00Z,HR,108.04,15
2026-04-12T01:30:00Z,HU,117.82,15
2026-04-12T01:30:00Z,IT-CNorth,119.42,15
2026-04-12T01:30:00Z,IT-CSouth,119.42,15
2026-04-12T01:30:00Z,IT-North,119.42,15
2026-04-12T01:30:00Z,IT-Sardinia,119.42,15
2026-04-12T01:30:00Z,IT-Sicily,119.42,15
2026-04-12T01:30:00Z,IT-South,119.42,15
2026-04-12T01:30:00Z,LT,45.04,15
2026-04-12T01:30:00Z,LV,45.04,15
2026-04-12T01:30:00Z,NL,76.40,15
2026-04-12T01:30:00Z,NO1,86.69,15
2026-04-12T01:30:00Z,NO2,82.00,15
2026-04-12T01:30:00Z,NO3,112.84,15
2026-04-12T01:30:00Z,NO4,-6.15,15
2026-04-12T01:30:00Z,NO5,107.08,15
2026-04-12T01:30:00Z,PL,97.50,15
2026-04-12T01:30:00Z,PT,10.00,15
2026-04-12T01:30:00Z,RO,117.44,15
2026-04-12T01:30:00Z,RS,108.00,15
2026-04-12T01:30:00Z,SE1,15.87,15
2026-04-12T01:30:00Z,SE2,20.53,15
2026-04-12T01:30:00Z,SE3,34.54,15
2026-04-12T01:30:00Z,SE4,40.39,15
2026-04-12T01:30:00Z,SI,104.82,15
2026-04-12T01:30:00Z,SK,94.00,15
2026-04-12T01:45:00Z,AT,100.39,15
2026-04-12T01:45:00Z,BE,69.73,15
2026-04-12T01:45:00Z,CZ,89.89,15
2026-04-12T01:45:00Z,DE-LU,88.12,15
2026-04-12T01:45:00Z,DK1,79.08,15
2026-04-12T01:45:00Z,DK2,45.39,15
2026-04-12T01:45:00Z,EE,50.04,15
2026-04-12T01:45:00Z,ES,9.12,15
2026-04-12T01:45:00Z,FI,49.99,15
2026-04-12T01:45:00Z,FR,9.12,15
2026-04-12T01:45:00Z,GR,120.93,15
2026-04-12T01:45:00Z,HR,111.01,15
2026-04-12T01:45:00Z,HU,121.12,15
2026-04-12T01:45:00Z,IT-CNorth,119.42,15
2026-04-12T01:45:00Z,IT-CSouth,119.42,15
2026-04-12T01:45:00Z,IT-North,119.42,15
2026-04-12T01:45:00Z,IT-Sardinia,119.42,15
2026-04-12T01:45:00Z,IT-Sicily,119.42,15
2026-04-12T01:45:00Z,IT-South,119.42,15
2026-04-12T01:45:00Z,LT,50.04,15
2026-04-12T01:45:00Z,LV,50.04,15
2026-04-12T01:45:00Z,NL,79.08,15
2026-04-12T01:45:00Z,NO1,89.35,15
2026-04-12T01:45:00Z,NO2,85.12,15
2026-04-12T01:45:00Z,NO3,109.87,15
2026-04-12T01:45:00Z,NO4,-2.69,15
2026-04-12T01:45:00Z,NO5,107.71,15
2026-04-12T01:45:00Z,PL,97.51,15
2026-04-12T01:45:00Z,PT,9.12,15
2026-04-12T01:45:00Z,RO,120.93,15
2026-04-12T01:45:00Z,RS,108.00,15
2026-04-12T01:45:00Z,SE1,17.31,15
2026-04-12T01:45:00Z,SE2,21.53,15
2026-04-12T01:45:00Z,SE3,37.20,15
2026-04-12T01:45:00Z,SE4,43.75,15
2026-04-12T01:45:00Z,SI,107.67,15
2026-04-12T01:45:00Z,SK,93.00,15
2026-04-12T02:00:00Z,AT,101.88,15
2026-04-12T02:00:00Z,BE,72.27,15
2026-04-12T02:00:00Z,CH,93.23,60
2026-04-12T02:00:00Z,CZ,94.08,15
2026-04-12T02:00:00Z,DE-LU,91.29,15
2026-04-12T02:00:00Z,DK1,82.26,15
2026-04-12T02:00:00Z,DK2,37.65,15
2026-04-12T02:00:00Z,EE,41.35,15
2026-04-12T02:00:00Z,ES,10.31,15
2026-04-12T02:00:00Z,FI,41.29,15
2026-04-12T02:00:00Z,FR,10.31,15
2026-04-12T02:00:00Z,GR,118.44,15
2026-04-12T02:00:00Z,HR,110.29,15
2026-04-12T02:00:00Z,HU,118.31,15
2026-04-12T02:00:00Z,IT-CNorth,119.42,15
2026-04-12T02:00:00Z,IT-CSouth,119.42,15
2026-04-12T02:00:00Z,IT-North,119.42,15
2026-04-12T02:00:00Z,IT-Sardinia,119.42,15
2026-04-12T02:00:00Z,IT-Sicily,119.42,15
2026-04-12T02:00:00Z,IT-South,119.42,15
2026-04-12T02:00:00Z,LT,41.35,15
2026-04-12T02:00:00Z,LV,41.35,15
2026-04-12T02:00:00Z,NL,82.26,15
2026-04-12T02:00:00Z,NO1,94.03,15
2026-04-12T02:00:00Z,NO2,88.40,15
2026-04-12T02:00:00Z,NO3,98.29,15
2026-04-12T02:00:00Z,NO4,-23.25,15
2026-04-12T02:00:00Z,NO5,118.02,15
2026-04-12T02:00:00Z,PL,97.51,15
2026-04-12T02:00:00Z,PT,10.31,15
2026-04-12T02:00:00Z,RO,118.44,15
2026-04-12T02:00:00Z,RS,109.06,15
2026-04-12T02:00:00Z,SE1,5.07,15
2026-04-12T02:00:00Z,SE2,10.86,15
2026-04-12T02:00:00Z,SE3,28.48,15
2026-04-12T02:00:00Z,SE4,35.78,15
2026-04-12T02:00:00Z,SI,107.65,15
2026-04-12T02:00:00Z,SK,90.45,15
2026-04-12T02:15:00Z,AT,103.55,15
2026-04-12T02:15:00Z,BE,73.91,15
2026-04-12T02:15:00Z,CZ,96.01,15
2026-04-12T02:15:00Z,DE-LU,93.06,15
2026-04-12T02:15:00Z,DK1,83.96,15
2026-04-12T02:15:00Z,DK2,39.85,15
2026-04-12T02:15:00Z,EE,41.91,15
2026-04-12T02:15:00Z,ES,11.60,15
2026-04-12T02:15:00Z,FI,41.86,15
2026-04-12T02:15:00Z,FR,11.60,15
2026-04-12T02:15:00Z,GR,118.87,15
2026-04-12T02:15:00Z,HR,111.42,15
2026-04-12T02:15:00Z,HU,118.73,15
2026-04-12T02:15:00Z,IT-CNorth,119.42,15
2026-04-12T02:15:00Z,IT-CSouth,119.42,15
2026-04-12T02:15:00Z,IT-North,119.42,15
2026-04-12T02:15:00Z,IT-Sardinia,119.42,15
2026-04-12T02:15:00Z,IT-Sicily,119.42,15
2026-04-12T02:15:00Z,IT-South,119.42,15
2026-04-12T02:15:00Z,LT,41.91,15
2026-04-12T02:15:00Z,LV,41.91,15
2026-04-12T02:15:00Z,NL,83.96,15
2026-04-12T02:15:00Z,NO1,95.68,15
2026-04-12T02:15:00Z,NO2,90.11,15
2026-04-12T02:15:00Z,NO3,99.90,15
2026-04-12T02:15:00Z,NO4,-20.52,15
2026-04-12T02:15:00Z,NO5,119.45,15
2026-04-12T02:15:00Z,PL,97.52,15
2026-04-12T02:15:00Z,PT,11.60,15
2026-04-12T02:15:00Z,RO,118.87,15
2026-04-12T02:15:00Z,RS,109.06,15
2026-04-12T02:15:00Z,SE1,7.58,15
2026-04-12T02:15:00Z,SE2,13.31,15
2026-04-12T02:15:00Z,SE3,30.76,15
2026-04-12T02:15:00Z,SE4,37.99,15
2026-04-12T02:15:00Z,SI,109.00,15
2026-04-12T02:15:00Z,SK,92.73,15
2026-04-12T02:30:00Z,AT,107.04,15
2026-04-12T02:30:00Z,BE,75.76,15
2026-04-12T02:30:00Z,CZ,99.69,15
2026-04-12T02:30:00Z,DE-LU,96.18,15
2026-04-12T02:30:00Z,DK1,86.47,15
2026-04-12T02:30:00Z,DK2,42.54,15
2026-04-12T02:30:00Z,EE,50.05,15
2026-04-12T02:30:00Z,ES,9.49,15
2026-04-12T02:30:00Z,FI,49.99,15
2026-04-12T02:30:00Z,FR,9.49,15
2026-04-12T02:30:00Z,GR,119.45,15
2026-04-12T02:30:00Z,HR,113.76,15
2026-04-12T02:30:00Z,HU,119.28,15
2026-04-12T02:30:00Z,IT-CNorth,119.42,15
2026-04-12T02:30:00Z,IT-CSouth,119.42,15
2026-04-12T02:30:00Z,IT-North,119.42,15
2026-04-12T02:30:00Z,IT-Sardinia,119.42,15
2026-04-12T02:30:00Z,IT-Sicily,119.42,15
2026-04-12T02:30:00Z,IT-South,119.42,15
2026-04-12T02:30:00Z,LT,50.05,15
2026-04-12T02:30:00Z,LV,50.05,15
2026-04-12T02:30:00Z,NL,86.47,15
2026-04-12T02:30:00Z,NO1,98.61,15
2026-04-12T02:30:00Z,NO2,93.01,15
2026-04-12T02:30:00Z,NO3,102.86,15
2026-04-12T02:30:00Z,NO4,-17.91,15
2026-04-12T02:30:00Z,NO5,122.47,15
2026-04-12T02:30:00Z,PL,98.92,15
2026-04-12T02:30:00Z,PT,9.49,15
2026-04-12T02:30:00Z,RO,119.45,15
2026-04-12T02:30:00Z,RS,109.06,15
2026-04-12T02:30:00Z,SE1,10.14,15
2026-04-12T02:30:00Z,SE2,15.90,15
2026-04-12T02:30:00Z,SE3,33.42,15
2026-04-12T02:30:00Z,SE4,40.68,15
2026-04-12T02:30:00Z,SI,111.87,15
2026-04-12T02:30:00Z,SK,98.18,15
2026-04-12T02:45:00Z,AT,114.53,15
2026-04-12T02:45:00Z,BE,79.11,15
2026-04-12T02:45:00Z,CZ,102.58,15
2026-04-12T02:45:00Z,DE-LU,99.88,15
2026-04-12T02:45:00Z,DK1,90.04,15
2026-04-12T02:45:00Z,DK2,44.79,15
2026-04-12T02:45:00Z,EE,50.05,15
2026-04-12T02:45:00Z,ES,10.70,15
2026-04-12T02:45:00Z,FI,50.00,15
2026-04-12T02:45:00Z,FR,10.70,15
2026-04-12T02:45:00Z,GR,120.92,15
2026-04-12T02:45:00Z,HR,120.09,15
2026-04-12T02:45:00Z,HU,121.62,15
2026-04-12T02:45:00Z,IT-CNorth,119.42,15
2026-04-12T02:45:00Z,IT-CSouth,119.42,15
2026-04-12T02:45:00Z,IT-North,119.42,15
2026-04-12T02:45:00Z,IT-Sardinia,119.42,15
2026-04-12T02:45:00Z,IT-Sicily,119.42,15
2026-04-12T02:45:00Z,IT-South,119.42,15
2026-04-12T02:45:00Z,LT,50.05,15
2026-04-12T02:45:00Z,LV,50.05,15
2026-04-12T02:45:00Z,NL,90.04,15
2026-04-12T02:45:00Z,NO1,99.08,15
2026-04-12T02:45:00Z,NO2,93.67,15
2026-04-12T02:45:00Z,NO3,103.19,15
2026-04-12T02:45:00Z,NO4,-13.80,15
2026-04-12T02:45:00Z,NO5,122.19,15
2026-04-12T02:45:00Z,PL,98.92,15
2026-04-12T02:45:00Z,PT,10.70,15
2026-04-12T02:45:00Z,RO,120.92,15
2026-04-12T02:45:00Z,RS,109.06,15
2026-04-12T02:45:00Z,SE1,13.43,15
2026-04-12T02:45:00Z,SE2,19.00,15
2026-04-12T02:45:00Z,SE3,35.96,15
2026-04-12T02:45:00Z,SE4,42.99,15
2026-04-12T02:45:00Z,SI,119.42,15
2026-04-12T02:45:00Z,SK,127.67,15
2026-04-12T03:00:00Z,AT,106.43,15
2026-04-12T03:00:00Z,BE,75.91,15
2026-04-12T03:00:00Z,CH,91.02,60
2026-04-12T03:00:00Z,CZ,99.58,15
2026-04-12T03:00:00Z,DE-LU,95.62,15
2026-04-12T03:00:00Z,DK1,86.32,15
2026-04-12T03:00:00Z,DK2,41.07,15
2026-04-12T03:00:00Z,EE,50.06,15
2026-04-12T03:00:00Z,ES,11.59,15
2026-04-12T03:00:00Z,FI,50.00,15
2026-04-12T03:00:00Z,FR,11.59,15
2026-04-12T03:00:00Z,GR,117.79,15
2026-04-12T03:00:00Z,HR,112.65,15
2026-04-12T03:00:00Z,HU,117.58,15
2026-04-12T03:00:00Z,IT-CNorth,119.42,15
2026-04-12T03:00:00Z,IT-CSouth,119.42,15
2026-04-12T03:00:00Z,IT-North,119.42,15
2026-04-12T03:00:00Z,IT-Sardinia,119.42,15
2026-04-12T03:00:00Z,IT-Sicily,119.42,15
2026-04-12T03:00:00Z,IT-South,119.42,15
2026-04-12T03:00:00Z,LT,50.06,15
2026-04-12T03:00:00Z,LV,50.06,15
2026-04-12T03:00:00Z,NL,86.32,15
2026-04-12T03:00:00Z,NO1,98.29,15
2026-04-12T03:00:00Z,NO2,92.62,15
2026-04-12T03:00:00Z,NO3,104.22,15
2026-04-12T03:00:00Z,NO4,-20.69,15
2026-04-12T03:00:00Z,NO5,122.60,15
2026-04-12T03:00:00Z,PL,98.92,15
2026-04-12T03:00:00Z,PT,11.59,15
2026-04-12T03:00:00Z,RO,117.79,15
2026-04-12T03:00:00Z,RS,116.28,15
2026-04-12T03:00:00Z,SE1,8.01,15
2026-04-12T03:00:00Z,SE2,13.83,15
2026-04-12T03:00:00Z,SE3,31.65,15
2026-04-12T03:00:00Z,SE4,39.19,15
2026-04-12T03:00:00Z,SI,110.93,15
2026-04-12T03:00:00Z,SK,97.47,15
2026-04-12T03:15:00Z,AT,113.45,15
2026-04-12T03:15:00Z,BE,78.71,15
2026-04-12T03:15:00Z,CZ,102.97,15
2026-04-12T03:15:00Z,DE-LU,99.34,15
2026-04-12T03:15:00Z,DK1,89.77,15
2026-04-12T03:15:00Z,DK2,43.59,15
2026-04-12T03:15:00Z,EE,64.13,15
2026-04-12T03:15:00Z,ES,10.58,15
2026-04-12T03:15:00Z,FI,64.06,15
2026-04-12T03:15:00Z,FR,10.58,15
2026-04-12T03:15:00Z,GR,118.01,15
2026-04-12T03:15:00Z,HR,117.96,15
2026-04-12T03:15:00Z,HU,118.50,15
2026-04-12T03:15:00Z,IT-CNorth,117.59,15
2026-04-12T03:15:00Z,IT-CSouth,117.59,15
2026-04-12T03:15:00Z,IT-North,117.59,15
2026-04-12T03:15:00Z,IT-Sardinia,117.59,15
2026-04-12T03:15:00Z,IT-Sicily,117.59,15
2026-04-12T03:15:00Z,IT-South,117.59,15
2026-04-12T03:15:00Z,LT,64.13,15
2026-04-12T03:15:00Z,LV,64.13,15
2026-04-12T03:15:00Z,NL,89.64,15
2026-04-12T03:15:00Z,NO1,98.91,15
2026-04-12T03:15:00Z,NO2,93.43,15
2026-04-12T03:15:00Z,NO3,104.67,15
2026-04-12T03:15:00Z,NO4,-15.77,15
2026-04-12T03:15:00Z,NO5,122.41,15
2026-04-12T03:15:00Z,PL,99.86,15
2026-04-12T03:15:00Z,PT,10.58,15
2026-04-12T03:15:00Z,RO,118.01,15
2026-04-12T03:15:00Z,RS,116.28,15
2026-04-12T03:15:00Z,SE1,11.60,15
2026-04-12T03:15:00Z,SE2,17.24,15
2026-04-12T03:15:00Z,SE3,34.47,15
2026-04-12T03:15:00Z,SE4,41.77,15
2026-04-12T03:15:00Z,SI,117.59,15
2026-04-12T03:15:00Z,SK,123.76,15
2026-04-12T03:30:00Z,AT,113.47,15
2026-04-12T03:30:00Z,BE,78.54,15
2026-04-12T03:30:00Z,CZ,102.98,15
2026-04-12T03:30:00Z,DE-LU,99.31,15
2026-04-12T03:30:00Z,DK1,91.06,15
2026-04-12T03:30:00Z,DK2,45.39,15
2026-04-12T03:30:00Z,EE,69.00,15
2026-04-12T03:30:00Z,ES,10.00,15
2026-04-12T03:30:00Z,FI,68.92,15
2026-04-12T03:30:00Z,FR,10.00,15
2026-04-12T03:30:00Z,GR,117.91,15
2026-04-12T03:30:00Z,HR,117.94,15
2026-04-12T03:30:00Z,HU,118.40,15
2026-04-12T03:30:00Z,IT-CNorth,117.59,15
2026-04-12T03:30:00Z,IT-CSouth,117.59,15
2026-04-12T03:30:00Z,IT-North,117.59,15
2026-04-12T03:30:00Z,IT-Sardinia,117.59,15
2026-04-12T03:30:00Z,IT-Sicily,117.59,15
2026-04-12T03:30:00Z,IT-South,117.59,15
2026-04-12T03:30:00Z,LT,69.00,15
2026-04-12T03:30:00Z,LV,69.00,15
2026-04-12T03:30:00Z,NL,89.54,15
2026-04-12T03:30:00Z,NO1,100.17,15
2026-04-12T03:30:00Z,NO2,94.75,15
2026-04-12T03:30:00Z,NO3,105.88,15
2026-04-12T03:30:00Z,NO4,-13.29,15
2026-04-12T03:30:00Z,NO5,123.45,15
2026-04-12T03:30:00Z,PL,99.86,15
2026-04-12T03:30:00Z,PT,10.00,15
2026-04-12T03:30:00Z,RO,117.91,15
2026-04-12T03:30:00Z,RS,116.28,15
2026-04-12T03:30:00Z,SE1,13.71,15
2026-04-12T03:30:00Z,SE2,19.30,15
2026-04-12T03:30:00Z,SE3,36.36,15
2026-04-12T03:30:00Z,SE4,43.59,15
2026-04-12T03:30:00Z,SI,117.59,15
2026-04-12T03:30:00Z,SK,123.86,15
2026-04-12T03:45:00Z,AT,111.28,15
2026-04-12T03:45:00Z,BE,77.71,15
2026-04-12T03:45:00Z,CZ,101.60,15
2026-04-12T03:45:00Z,DE-LU,97.93,15
2026-04-12T03:45:00Z,DK1,91.19,15
2026-04-12T03:45:00Z,DK2,65.86,15
2026-04-12T03:45:00Z,EE,57.11,15
2026-04-12T03:45:00Z,ES,11.10,15
2026-04-12T03:45:00Z,FI,57.05,15
2026-04-12T03:45:00Z,FR,11.10,15
2026-04-12T03:45:00Z,GR,116.49,15
2026-04-12T03:45:00Z,HR,115.83,15
2026-04-12T03:45:00Z,HU,116.86,15
2026-04-12T03:45:00Z,IT-CNorth,115.32,15
2026-04-12T03:45:00Z,IT-CSouth,115.32,15
2026-04-12T03:45:00Z,IT-North,115.32,15
2026-04-12T03:45:00Z,IT-Sardinia,115.32,15
2026-04-12T03:45:00Z,IT-Sicily,115.32,15
2026-04-12T03:45:00Z,IT-South,115.32,15
2026-04-12T03:45:00Z,LT,57.11,15
2026-04-12T03:45:00Z,LV,57.11,15
2026-04-12T03:45:00Z,NL,88.41,15
2026-04-12T03:45:00Z,NO1,100.13,15
2026-04-12T03:45:00Z,NO2,94.86,15
2026-04-12T03:45:00Z,NO3,105.65,15
2026-04-12T03:45:00Z,NO4,-10.51,15
2026-04-12T03:45:00Z,NO5,122.75,15
2026-04-12T03:45:00Z,PL,98.93,15
2026-04-12T03:45:00Z,PT,11.10,15
2026-04-12T03:45:00Z,RO,116.49,15
2026-04-12T03:45:00Z,RS,116.28,15
2026-04-12T03:45:00Z,SE1,16.13,15
2026-04-12T03:45:00Z,SE2,21.55,15
2026-04-12T03:45:00Z,SE3,38.13,15
2026-04-12T03:45:00Z,SE4,45.15,15
2026-04-12T03:45:00Z,SI,115.32,15
2026-04-12T03:45:00Z,SK,118.56,15
2026-04-12T04:00:00Z,AT,113.38,15
2026-04-12T04:00:00Z,BE,80.39,15
2026-04-12T04:00:00Z,CH,94.03,60
2026-04-12T04:00:00Z,CZ,105.06,15
2026-04-12T04:00:00Z,DE-LU,101.60,15
2026-04-12T04:00:00Z,DK1,91.02,15
2026-04-12T04:00:00Z,DK2,63.44,15
2026-04-12T04:00:00Z,EE,50.04,15
2026-04-12T04:00:00Z,ES,11.67,15
2026-04-12T04:00:00Z,FI,50.00,15
2026-04-12T04:00:00Z,FR,11.67,15
2026-04-12T04:00:00Z,GR,119.71,15
2026-04-12T04:00:00Z,HR,116.59,15
2026-04-12T04:00:00Z,HU,116.23,15
2026-04-12T04:00:00Z,IT-CNorth,116.53,15
2026-04-12T04:00:00Z,IT-CSouth,116.53,15
2026-04-12T04:00:00Z,IT-North,116.53,15
2026-04-12T04:00:00Z,IT-Sardinia,116.53,15
2026-04-12T04:00:00Z,IT-Sicily,116.53,15
2026-04-12T04:00:00Z,IT-South,116.53,15
2026-04-12T04:00:00Z,LT,50.04,15
2026-04-12T04:00:00Z,LV,50.04,15
2026-04-12T04:00:00Z,NL,90.94,15
2026-04-12T04:00:00Z,NO1,99.88,15
2026-04-12T04:00:00Z,NO2,94.03,15
2026-04-12T04:00:00Z,NO3,99.27,15
2026-04-12T04:00:00Z,NO4,1.49,15
2026-04-12T04:00:00Z,NO5,115.39,15
2026-04-12T04:00:00Z,PL,102.71,15
2026-04-12T04:00:00Z,PT,11.67,15
2026-04-12T04:00:00Z,RO,116.02,15
2026-04-12T04:00:00Z,RS,118.00,15
2026-04-12T04:00:00Z,SE1,15.07,15
2026-04-12T04:00:00Z,SE2,17.56,15
2026-04-12T04:00:00Z,SE3,42.24,15
2026-04-12T04:00:00Z,SE4,52.48,15
2026-04-12T04:00:00Z,SI,116.53,15
2026-04-12T04:00:00Z,SK,119.51,15
2026-04-12T04:15:00Z,AT,113.92,15
2026-04-12T04:15:00Z,BE,79.91,15
2026-04-12T04:15:00Z,CZ,104.12,15
2026-04-12T04:15:00Z,DE-LU,101.13,15
2026-04-12T04:15:00Z,DK1,90.66,15
2026-04-12T04:15:00Z,DK2,75.68,15
2026-04-12T04:15:00Z,EE,45.86,15
2026-04-12T04:15:00Z,ES,10.86,15
2026-04-12T04:15:00Z,FI,45.82,15
2026-04-12T04:15:00Z,FR,10.86,15
2026-04-12T04:15:00Z,GR,118.14,15
2026-04-12T04:15:00Z,HR,118.01,15
2026-04-12T04:15:00Z,HU,118.29,15
2026-04-12T04:15:00Z,IT-CNorth,117.74,15
2026-04-12T04:15:00Z,IT-CSouth,117.74,15
2026-04-12T04:15:00Z,IT-North,117.74,15
2026-04-12T04:15:00Z,IT-Sardinia,117.74,15
2026-04-12T04:15:00Z,IT-Sicily,117.74,15
2026-04-12T04:15:00Z,IT-South,117.74,15
2026-04-12T04:15:00Z,LT,45.86,15
2026-04-12T04:15:00Z,LV,45.86,15
2026-04-12T04:15:00Z,NL,90.46,15
2026-04-12T04:15:00Z,NO1,99.58,15
2026-04-12T04:15:00Z,NO2,93.70,15
2026-04-12T04:15:00Z,NO3,101.36,15
2026-04-12T04:15:00Z,NO4,2.90,15
2026-04-12T04:15:00Z,NO5,115.48,15
2026-04-12T04:15:00Z,PL,101.20,15
2026-04-12T04:15:00Z,PT,10.86,15
2026-04-12T04:15:00Z,RO,117.88,15
2026-04-12T04:15:00Z,RS,118.00,15
2026-04-12T04:15:00Z,SE1,17.19,15
2026-04-12T04:15:00Z,SE2,19.81,15
2026-04-12T04:15:00Z,SE3,43.24,15
2026-04-12T04:15:00Z,SE4,52.96,15
2026-04-12T04:15:00Z,SI,117.74,15
2026-04-12T04:15:00Z,SK,123.15,15
2026-04-12T04:30:00Z,AT,105.36,15
2026-04-12T04:30:00Z,BE,77.28,15
2026-04-12T04:30:00Z,CZ,101.53,15
2026-04-12T04:30:00Z,DE-LU,97.06,15
2026-04-12T04:30:00Z,DK1,87.17,15
2026-04-12T04:30:00Z,DK2,85.58,15
2026-04-12T04:30:00Z,EE,43.71,15
2026-04-12T04:30:00Z,ES,14.00,15
2026-04-12T04:30:00Z,FI,43.68,15
2026-04-12T04:30:00Z,FR,14.00,15
2026-04-12T04:30:00Z,GR,105.18,15
2026-04-12T04:30:00Z,HR,106.03,15
2026-04-12T04:30:00Z,HU,103.99,15
2026-04-12T04:30:00Z,IT-CNorth,106.53,15
2026-04-12T04:30:00Z,IT-CSouth,106.53,15
2026-04-12T04:30:00Z,IT-North,106.53,15
2026-04-12T04:30:00Z,IT-Sardinia,106.53,15
2026-04-12T04:30:00Z,IT-Sicily,106.53,15
2026-04-12T04:30:00Z,IT-South,106.53,15
2026-04-12T04:30:00Z,LT,43.71,15
2026-04-12T04:30:00Z,LV,43.71,15
2026-04-12T04:30:00Z,NL,87.11,15
2026-04-12T04:30:00Z,NO1,96.51,15
2026-04-12T04:30:00Z,NO2,90.28,15
2026-04-12T04:30:00Z,NO3,108.52,15
2026-04-12T04:30:00Z,NO4,0.31,15
2026-04-12T04:30:00Z,NO5,114.89,15
2026-04-12T04:30:00Z,PL,100.81,15
2026-04-12T04:30:00Z,PT,14.00,15
2026-04-12T04:30:00Z,RO,104.33,15
2026-04-12T04:30:00Z,RS,118.00,15
2026-04-12T04:30:00Z,SE1,18.15,15
2026-04-12T04:30:00Z,SE2,21.55,15
2026-04-12T04:30:00Z,SE3,41.42,15
2026-04-12T04:30:00Z,SE4,49.65,15
2026-04-12T04:30:00Z,SI,106.53,15
2026-04-12T04:30:00Z,SK,102.86,15
2026-04-12T04:45:00Z,AT,103.43,15
2026-04-12T04:45:00Z,BE,74.93,15
2026-04-12T04:45:00Z,CZ,99.54,15
2026-04-12T04:45:00Z,DE-LU,95.01,15
2026-04-12T04:45:00Z,DK1,86.96,15
2026-04-12T04:45:00Z,DK2,85.38,15
2026-04-12T04:45:00Z,EE,42.64,15
2026-04-12T04:45:00Z,ES,10.70,15
2026-04-12T04:45:00Z,FI,42.60,15
2026-04-12T04:45:00Z,FR,10.70,15
2026-04-12T04:45:00Z,GR,102.38,15
2026-04-12T04:45:00Z,HR,104.11,15
2026-04-12T04:45:00Z,HU,102.04,15
2026-04-12T04:45:00Z,IT-CNorth,104.61,15
2026-04-12T04:45:00Z,IT-CSouth,104.61,15
2026-04-12T04:45:00Z,IT-North,104.61,15
2026-04-12T04:45:00Z,IT-Sardinia,104.61,15
2026-04-12T04:45:00Z,IT-Sicily,104.61,15
2026-04-12T04:45:00Z,IT-South,104.61,15
2026-04-12T04:45:00Z,LT,42.64,15
2026-04-12T04:45:00Z,LV,42.64,15
2026-04-12T04:45:00Z,NL,84.91,15
2026-04-12T04:45:00Z,NO1,95.85,15
2026-04-12T04:45:00Z,NO2,90.34,15
2026-04-12T04:45:00Z,NO3,117.86,15
2026-04-12T04:45:00Z,NO4,-2.69,15
2026-04-12T04:45:00Z,NO5,115.13,15
2026-04-12T04:45:00Z,PL,98.81,15
2026-04-12T04:45:00Z,PT,10.70,15
2026-04-12T04:45:00Z,RO,102.38,15
2026-04-12T04:45:00Z,RS,118.00,15
2026-04-12T04:45:00Z,SE1,19.57,15
2026-04-12T04:45:00Z,SE2,23.93,15
2026-04-12T04:45:00Z,SE3,40.62,15
2026-04-12T04:45:00Z,SE4,47.51,15
2026-04-12T04:45:00Z,SI,104.61,15
2026-04-12T04:45:00Z,SK,100.90,15
2026-04-12T05:00:00Z,AT,114.82,15
2026-04-12T05:00:00Z,BE,83.38,15
2026-04-12T05:00:00Z,CH,97.15,60
2026-04-12T05:00:00Z,CZ,109.96,15
2026-04-12T05:00:00Z,DE-LU,105.19,15
2026-04-12T05:00:00Z,DK1,94.15,15
2026-04-12T05:00:00Z,DK2,86.08,15
2026-04-12T05:00:00Z,EE,50.03,15
2026-04-12T05:00:00Z,ES,14.00,15
2026-04-12T05:00:00Z,FI,49.99,15
2026-04-12T05:00:00Z,FR,14.00,15
2026-04-12T05:00:00Z,GR,113.12,15
2026-04-12T05:00:00Z,HR,115.00,15
2026-04-12T05:00:00Z,HU,112.75,15
2026-04-12T05:00:00Z,IT-CNorth,115.56,15
2026-04-12T05:00:00Z,IT-CSouth,115.56,15
2026-04-12T05:00:00Z,IT-North,115.56,15
2026-04-12T05:00:00Z,IT-Sardinia,115.56,15
2026-04-12T05:00:00Z,IT-Sicily,115.56,15
2026-04-12T05:00:00Z,IT-South,115.56,15
2026-04-12T05:00:00Z,LT,50.03,15
2026-04-12T05:00:00Z,LV,50.03,15
2026-04-12T05:00:00Z,NL,94.15,15
2026-04-12T05:00:00Z,NO1,102.18,15
2026-04-12T05:00:00Z,NO2,97.09,15
2026-04-12T05:00:00Z,NO3,93.68,15
2026-04-12T05:00:00Z,NO4,9.57,15
2026-04-12T05:00:00Z,NO5,114.43,15
2026-04-12T05:00:00Z,PL,109.22,15
2026-04-12T05:00:00Z,PT,14.00,15
2026-04-12T05:00:00Z,RO,113.12,15
2026-04-12T05:00:00Z,RS,100.28,15
2026-04-12T05:00:00Z,SE1,19.39,15
2026-04-12T05:00:00Z,SE2,21.06,15
2026-04-12T05:00:00Z,SE3,47.09,15
2026-04-12T05:00:00Z,SE4,58.04,15
2026-04-12T05:00:00Z,SI,115.56,15
2026-04-12T05:00:00Z,SK,111.47,15
2026-04-12T05:15:00Z,AT,105.02,15
2026-04-12T05:15:00Z,BE,75.40,15
2026-04-12T05:15:00Z,CZ,100.44,15
2026-04-12T05:15:00Z,DE-LU,95.95,15
2026-04-12T05:15:00Z,DK1,89.10,15
2026-04-12T05:15:00Z,DK2,87.47,15
2026-04-12T05:15:00Z,EE,43.78,15
2026-04-12T05:15:00Z,ES,10.00,15
2026-04-12T05:15:00Z,FI,43.74,15
2026-04-12T05:15:00Z,FR,10.00,15
2026-04-12T05:15:00Z,GR,103.42,15
2026-04-12T05:15:00Z,HR,105.20,15
2026-04-12T05:15:00Z,HU,103.07,15
2026-04-12T05:15:00Z,IT-CNorth,105.72,15
2026-04-12T05:15:00Z,IT-CSouth,105.72,15
2026-04-12T05:15:00Z,IT-North,105.72,15
2026-04-12T05:15:00Z,IT-Sardinia,105.72,15
2026-04-12T05:15:00Z,IT-Sicily,105.72,15
2026-04-12T05:15:00Z,IT-South,105.72,15
2026-04-12T05:15:00Z,LT,43.78,15
2026-04-12T05:15:00Z,LV,43.78,15
2026-04-12T05:15:00Z,NL,85.54,15
2026-04-12T05:15:00Z,NO1,95.81,15
2026-04-12T05:15:00Z,NO2,92.45,15
2026-04-12T05:15:00Z,NO3,108.56,15
2026-04-12T05:15:00Z,NO4,0.05,15
2026-04-12T05:15:00Z,NO5,109.41,15
2026-04-12T05:15:00Z,PL,99.75,15
2026-04-12T05:15:00Z,PT,10.00,15
2026-04-12T05:15:00Z,RO,103.42,15
2026-04-12T05:15:00Z,RS,100.28,15
2026-04-12T05:15:00Z,SE1,18.93,15
2026-04-12T05:15:00Z,SE2,22.57,15
2026-04-12T05:15:00Z,SE3,41.49,15
2026-04-12T05:15:00Z,SE4,49.43,15
2026-04-12T05:15:00Z,SI,105.72,15
2026-04-12T05:15:00Z,SK,101.87,15
2026-04-12T05:30:00Z,AT,97.49,15
2026-04-12T05:30:00Z,BE,70.39,15
2026-04-12T05:30:00Z,CZ,93.30,15
2026-04-12T05:30:00Z,DE-LU,89.19,15
2026-04-12T05:30:00Z,DK1,84.05,15
2026-04-12T05:30:00Z,DK2,82.53,15
2026-04-12T05:30:00Z,EE,41.15,15
2026-04-12T05:30:00Z,ES,10.57,15
2026-04-12T05:30:00Z,FI,41.11,15
2026-04-12T05:30:00Z,FR,10.57,15
2026-04-12T05:30:00Z,GR,96.03,15
2026-04-12T05:30:00Z,HR,97.65,15
2026-04-12T05:30:00Z,HU,95.71,15
2026-04-12T05:30:00Z,IT-CNorth,98.13,15
2026-04-12T05:30:00Z,IT-CSouth,98.13,15
2026-04-12T05:30:00Z,IT-North,98.13,15
2026-04-12T05:30:00Z,IT-Sardinia,98.13,15
2026-04-12T05:30:00Z,IT-Sicily,98.13,15
2026-04-12T05:30:00Z,IT-South,98.13,15
2026-04-12T05:30:00Z,LT,41.15,15
2026-04-12T05:30:00Z,LV,41.15,15
2026-04-12T05:30:00Z,NL,79.67,15
2026-04-12T05:30:00Z,NO1,91.95,15
2026-04-12T05:30:00Z,NO2,87.49,15
2026-04-12T05:30:00Z,NO3,120.08,15
2026-04-12T05:30:00Z,NO4,-3.17,15
2026-04-12T05:30:00Z,NO5,110.09,15
2026-04-12T05:30:00Z,PL,92.67,15
2026-04-12T05:30:00Z,PT,10.57,15
2026-04-12T05:30:00Z,RO,96.03,15
2026-04-12T05:30:00Z,RS,100.28,15
2026-04-12T05:30:00Z,SE1,20.77,15
2026-04-12T05:30:00Z,SE2,25.52,15
2026-04-12T05:30:00Z,SE3,39.34,15
2026-04-12T05:30:00Z,SE4,45.13,15
2026-04-12T05:30:00Z,SI,98.13,15
2026-04-12T05:30:00Z,SK,94.61,15
2026-04-12T05:45:00Z,AT,95.33,15
2026-04-12T05:45:00Z,BE,67.94,15
2026-04-12T05:45:00Z,CZ,91.09,15
2026-04-12T05:45:00Z,DE-LU,86.94,15
2026-04-12T05:45:00Z,DK1,82.25,15
2026-04-12T05:45:00Z,DK2,80.75,15
2026-04-12T05:45:00Z,EE,40.00,15
2026-04-12T05:45:00Z,ES,7.50,15
2026-04-12T05:45:00Z,FI,39.96,15
2026-04-12T05:45:00Z,FR,7.50,15
2026-04-12T05:45:00Z,GR,93.85,15
2026-04-12T05:45:00Z,HR,95.49,15
2026-04-12T05:45:00Z,HU,93.52,15
2026-04-12T05:45:00Z,IT-CNorth,95.97,15
2026-04-12T05:45:00Z,IT-CSouth,95.97,15
2026-04-12T05:45:00Z,IT-North,95.97,15
2026-04-12T05:45:00Z,IT-Sardinia,95.97,15
2026-04-12T05:45:00Z,IT-Sicily,95.97,15
2026-04-12T05:45:00Z,IT-South,95.97,15
2026-04-12T05:45:00Z,LT,40.00,15
2026-04-12T05:45:00Z,LV,40.00,15
2026-04-12T05:45:00Z,NL,77.32,15
2026-04-12T05:45:00Z,NO1,90.00,15
2026-04-12T05:45:00Z,NO2,85.61,15
2026-04-12T05:45:00Z,NO3,117.69,15
2026-04-12T05:45:00Z,NO4,-3.63,15
2026-04-12T05:45:00Z,NO5,107.86,15
2026-04-12T05:45:00Z,PL,90.45,15
2026-04-12T05:45:00Z,PT,7.50,15
2026-04-12T05:45:00Z,RO,93.85,15
2026-04-12T05:45:00Z,RS,100.28,15
2026-04-12T05:45:00Z,SE1,19.94,15
2026-04-12T05:45:00Z,SE2,24.62,15
2026-04-12T05:45:00Z,SE3,38.22,15
2026-04-12T05:45:00Z,SE4,43.92,15
2026-04-12T05:45:00Z,SI,95.97,15
2026-04-12T05:45:00Z,SK,92.41,15
2026-04-12T06:00:00Z,AT,80.17,15
2026-04-12T06:00:00Z,BE,57.26,15
2026-04-12T06:00:00Z,CH,89.95,60
2026-04-12T06:00:00Z,CZ,84.20,15
2026-04-12T06:00:00Z,DE-LU,87.99,15
2026-04-12T06:00:00Z,DK1,87.99,15
2026-04-12T06:00:00Z,DK2,86.39,15
2026-04-12T06:00:00Z,EE,41.19,15
2026-04-12T06:00:00Z,ES,16.00,15
2026-04-12T06:00:00Z,FI,41.15,15
2026-04-12T06:00:00Z,FR,16.00,15
2026-04-12T06:00:00Z,GR,81.64,15
2026-04-12T06:00:00Z,HR,80.20,15
2026-04-12T06:00:00Z,HU,81.95,15
2026-04-12T06:00:00Z,IT-CNorth,119.42,15
2026-04-12T06:00:00Z,IT-CSouth,119.42,15
2026-04-12T06:00:00Z,IT-North,119.42,15
2026-04-12T06:00:00Z,IT-Sardinia,119.42,15
2026-04-12T06:00:00Z,IT-Sicily,119.42,15
2026-04-12T06:00:00Z,IT-South,119.42,15
2026-04-12T06:00:00Z,LT,41.19,15
2026-04-12T06:00:00Z,LV,41.19,15
2026-04-12T06:00:00Z,NL,79.55,15
2026-04-12T06:00:00Z,NO1,94.79,15
2026-04-12T06:00:00Z,NO2,90.08,15
2026-04-12T06:00:00Z,NO3,123.44,15
2026-04-12T06:00:00Z,NO4,-5.50,15
2026-04-12T06:00:00Z,NO5,114.06,15
2026-04-12T06:00:00Z,PL,84.56,15
2026-04-12T06:00:00Z,PT,16.00,15
2026-04-12T06:00:00Z,RO,81.64,15
2026-04-12T06:00:00Z,RS,58.02,15
2026-04-12T06:00:00Z,SE1,19.70,15
2026-04-12T06:00:00Z,SE2,24.46,15
2026-04-12T06:00:00Z,SE3,39.14,15
2026-04-12T06:00:00Z,SE4,45.38,15
2026-04-12T06:00:00Z,SI,79.76,15
2026-04-12T06:00:00Z,SK,82.94,15
2026-04-12T06:15:00Z,AT,67.32,15
2026-04-12T06:15:00Z,BE,47.47,15
2026-04-12T06:15:00Z,CZ,74.29,15
2026-04-12T06:15:00Z,DE-LU,81.28,15
2026-04-12T06:15:00Z,DK1,81.28,15
2026-04-12T06:15:00Z,DK2,79.81,15
2026-04-12T06:15:00Z,EE,42.37,15
2026-04-12T06:15:00Z,ES,15.63,15
2026-04-12T06:15:00Z,FI,42.33,15
2026-04-12T06:15:00Z,FR,15.63,15
2026-04-12T06:15:00Z,GR,69.84,15
2026-04-12T06:15:00Z,HR,67.32,15
2026-04-12T06:15:00Z,HU,70.38,15
2026-04-12T06:15:00Z,IT-CNorth,105.30,15
2026-04-12T06:15:00Z,IT-CSouth,105.30,15
2026-04-12T06:15:00Z,IT-North,105.30,15
2026-04-12T06:15:00Z,IT-Sardinia,105.30,15
2026-04-12T06:15:00Z,IT-Sicily,105.30,15
2026-04-12T06:15:00Z,IT-South,105.30,15
2026-04-12T06:15:00Z,LT,42.37,15
2026-04-12T06:15:00Z,LV,42.37,15
2026-04-12T06:15:00Z,NL,73.26,15
2026-04-12T06:15:00Z,NO1,88.96,15
2026-04-12T06:15:00Z,NO2,84.86,15
2026-04-12T06:15:00Z,NO3,113.85,15
2026-04-12T06:15:00Z,NO4,1.80,15
2026-04-12T06:15:00Z,NO5,105.70,15
2026-04-12T06:15:00Z,PL,75.01,15
2026-04-12T06:15:00Z,PT,15.63,15
2026-04-12T06:15:00Z,RO,69.84,15
2026-04-12T06:15:00Z,RS,58.02,15
2026-04-12T06:15:00Z,SE1,23.70,15
2026-04-12T06:15:00Z,SE2,27.84,15
2026-04-12T06:15:00Z,SE3,40.59,15
2026-04-12T06:15:00Z,SE4,46.01,15
2026-04-12T06:15:00Z,SI,66.55,15
2026-04-12T06:15:00Z,SK,72.11,15
2026-04-12T06:30:00Z,AT,62.86,15
2026-04-12T06:30:00Z,BE,42.56,15
2026-04-12T06:30:00Z,CZ,69.99,15
2026-04-12T06:30:00Z,DE-LU,77.14,15
2026-04-12T06:30:00Z,DK1,77.14,15
2026-04-12T06:30:00Z,DK2,75.74,15
2026-04-12T06:30:00Z,EE,44.79,15
2026-04-12T06:30:00Z,ES,10.00,15
2026-04-12T06:30:00Z,FI,44.76,15
2026-04-12T06:30:00Z,FR,10.00,15
2026-04-12T06:30:00Z,GR,65.44,15
2026-04-12T06:30:00Z,HR,62.85,15
2026-04-12T06:30:00Z,HU,65.99,15
2026-04-12T06:30:00Z,IT-CNorth,100.00,15
2026-04-12T06:30:00Z,IT-CSouth,100.00,15
2026-04-12T06:30:00Z,IT-North,100.00,15
2026-04-12T06:30:00Z,IT-Sardinia,100.00,15
2026-04-12T06:30:00Z,IT-Sicily,100.00,15
2026-04-12T06:30:00Z,IT-South,100.00,15
2026-04-12T06:30:00Z,LT,44.79,15
2026-04-12T06:30:00Z,LV,44.79,15
2026-04-12T06:30:00Z,NL,68.93,15
2026-04-12T06:30:00Z,NO1,86.03,15
2026-04-12T06:30:00Z,NO2,82.31,15
2026-04-12T06:30:00Z,NO3,108.99,15
2026-04-12T06:30:00Z,NO4,9.26,15
2026-04-12T06:30:00Z,NO5,103.12,15
2026-04-12T06:30:00Z,PL,70.73,15
2026-04-12T06:30:00Z,PT,10.00,15
2026-04-12T06:30:00Z,RO,65.44,15
2026-04-12T06:30:00Z,RS,58.02,15
2026-04-12T06:30:00Z,SE1,28.44,15
2026-04-12T06:30:00Z,SE2,32.07,15
2026-04-12T06:30:00Z,SE3,43.24,15
2026-04-12T06:30:00Z,SE4,47.98,15
2026-04-12T06:30:00Z,SI,62.07,15
2026-04-12T06:30:00Z,SK,67.76,15
2026-04-12T06:45:00Z,AT,47.18,15
2026-04-12T06:45:00Z,BE,31.87,15
2026-04-12T06:45:00Z,CZ,52.73,15
2026-04-12T06:45:00Z,DE-LU,58.00,15
2026-04-12T06:45:00Z,DK1,58.00,15
2026-04-12T06:45:00Z,DK2,56.95,15
2026-04-12T06:45:00Z,EE,40.99,15
2026-04-12T06:45:00Z,ES,7.28,15
2026-04-12T06:45:00Z,FI,78.09,15
2026-04-12T06:45:00Z,FR,7.28,15
2026-04-12T06:45:00Z,GR,13.64,15
2026-04-12T06:45:00Z,HR,45.98,15
2026-04-12T06:45:00Z,HU,50.24,15
2026-04-12T06:45:00Z,IT-CNorth,69.95,15
2026-04-12T06:45:00Z,IT-CSouth,69.95,15
2026-04-12T06:45:00Z,IT-North,69.95,15
2026-04-12T06:45:00Z,IT-Sardinia,69.95,15
2026-04-12T06:45:00Z,IT-Sicily,69.95,15
2026-04-12T06:45:00Z,IT-South,69.95,15
2026-04-12T06:45:00Z,LT,40.99,15
2026-04-12T06:45:00Z,LV,40.99,15
2026-04-12T06:45:00Z,NL,51.79,15
2026-04-12T06:45:00Z,NO1,78.65,15
2026-04-12T06:45:00Z,NO2,74.82,15
2026-04-12T06:45:00Z,NO3,104.12,15
2026-04-12T06:45:00Z,NO4,11.41,15
2026-04-12T06:45:00Z,NO5,105.18,15
2026-04-12T06:45:00Z,PL,53.26,15
2026-04-12T06:45:00Z,PT,7.28,15
2026-04-12T06:45:00Z,RO,13.64,15
2026-04-12T06:45:00Z,RS,58.02,15
2026-04-12T06:45:00Z,SE1,26.87,15
2026-04-12T06:45:00Z,SE2,30.03,15
2026-04-12T06:45:00Z,SE3,39.65,15
2026-04-12T06:45:00Z,SE4,43.74,15
2026-04-12T06:45:00Z,SI,46.16,15
2026-04-12T06:45:00Z,SK,51.25,15
2026-04-12T07:00:00Z,AT,54.02,15
2026-04-12T07:00:00Z,BE,39.34,15
2026-04-12T07:00:00Z,CH,83.49,60
2026-04-12T07:00:00Z,CZ,58.30,15
2026-04-12T07:00:00Z,DE-LU,63.61,15
2026-04-12T07:00:00Z,DK1,63.61,15
2026-04-12T07:00:00Z,DK2,63.60,15
2026-04-12T07:00:00Z,EE,43.93,15
2026-04-12T07:00:00Z,ES,15.88,15
2026-04-12T07:00:00Z,FI,43.90,15
2026-04-12T07:00:00Z,FR,16.06,15
2026-04-12T07:00:00Z,GR,0.00,15
2026-04-12T07:00:00Z,HR,57.11,15
2026-04-12T07:00:00Z,HU,55.06,15
2026-04-12T07:00:00Z,IT-CNorth,93.10,15
2026-04-12T07:00:00Z,IT-CSouth,93.10,15
2026-04-12T07:00:00Z,IT-North,93.10,15
2026-04-12T07:00:00Z,IT-Sardinia,93.10,15
2026-04-12T07:00:00Z,IT-Sicily,93.10,15
2026-04-12T07:00:00Z,IT-South,93.10,15
2026-04-12T07:00:00Z,LT,43.93,15
2026-04-12T07:00:00Z,LV,43.93,15
2026-04-12T07:00:00Z,NL,56.47,15
2026-04-12T07:00:00Z,NO1,91.09,15
2026-04-12T07:00:00Z,NO2,84.45,15
2026-04-12T07:00:00Z,NO3,103.51,15
2026-04-12T07:00:00Z,NO4,6.30,15
2026-04-12T07:00:00Z,NO5,125.59,15
2026-04-12T07:00:00Z,PL,58.24,15
2026-04-12T07:00:00Z,PT,15.88,15
2026-04-12T07:00:00Z,RO,13.63,15
2026-04-12T07:00:00Z,RS,15.04,15
2026-04-12T07:00:00Z,SE1,26.42,15
2026-04-12T07:00:00Z,SE2,29.99,15
2026-04-12T07:00:00Z,SE3,42.13,15
2026-04-12T07:00:00Z,SE4,47.50,15
2026-04-12T07:00:00Z,SI,54.71,15
2026-04-12T07:00:00Z,SK,56.10,15
2026-04-12T07:15:00Z,AT,48.75,15
2026-04-12T07:15:00Z,BE,29.91,15
2026-04-12T07:15:00Z,CZ,52.43,15
2026-04-12T07:15:00Z,DE-LU,56.98,15
2026-04-12T07:15:00Z,DK1,56.98,15
2026-04-12T07:15:00Z,DK2,56.97,15
2026-04-12T07:15:00Z,EE,38.68,15
2026-04-12T07:15:00Z,ES,14.91,15
2026-04-12T07:15:00Z,FI,44.73,15
2026-04-12T07:15:00Z,FR,14.91,15
2026-04-12T07:15:00Z,GR,0.00,15
2026-04-12T07:15:00Z,HR,51.66,15
2026-04-12T07:15:00Z,HU,49.55,15
2026-04-12T07:15:00Z,IT-CNorth,89.51,15
2026-04-12T07:15:00Z,IT-CSouth,89.51,15
2026-04-12T07:15:00Z,IT-North,89.51,15
2026-04-12T07:15:00Z,IT-Sardinia,89.51,15
2026-04-12T07:15:00Z,IT-Sicily,89.51,15
2026-04-12T07:15:00Z,IT-South,89.51,15
2026-04-12T07:15:00Z,LT,38.68,15
2026-04-12T07:15:00Z,LV,38.68,15
2026-04-12T07:15:00Z,NL,48.91,15
2026-04-12T07:15:00Z,NO1,87.75,15
2026-04-12T07:15:00Z,NO2,80.55,15
2026-04-12T07:15:00Z,NO3,101.42,15
2026-04-12T07:15:00Z,NO4,0.06,15
2026-04-12T07:15:00Z,NO5,125.71,15
2026-04-12T07:15:00Z,PL,52.29,15
2026-04-12T07:15:00Z,PT,14.91,15
2026-04-12T07:15:00Z,RO,10.00,15
2026-04-12T07:15:00Z,RS,15.04,15
2026-04-12T07:15:00Z,SE1,20.62,15
2026-04-12T07:15:00Z,SE2,24.31,15
2026-04-12T07:15:00Z,SE3,36.82,15
2026-04-12T07:15:00Z,SE4,42.36,15
2026-04-12T07:15:00Z,SI,49.42,15
2026-04-12T07:15:00Z,SK,50.45,15
2026-04-12T07:30:00Z,AT,34.34,15
2026-04-12T07:30:00Z,BE,28.30,15
2026-04-12T07:30:00Z,CZ,33.66,15
2026-04-12T07:30:00Z,DE-LU,47.69,15
2026-04-12T07:30:00Z,DK1,47.69,15
2026-04-12T07:30:00Z,DK2,46.82,15
2026-04-12T07:30:00Z,EE,14.00,15
2026-04-12T07:30:00Z,ES,7.17,15
2026-04-12T07:30:00Z,FI,45.72,15
2026-04-12T07:30:00Z,FR,17.51,15
2026-04-12T07:30:00Z,GR,0.00,15
2026-04-12T07:30:00Z,HR,31.50,15
2026-04-12T07:30:00Z,HU,28.22,15
2026-04-12T07:30:00Z,IT-CNorth,76.10,15
2026-04-12T07:30:00Z,IT-CSouth,76.10,15
2026-04-12T07:30:00Z,IT-North,76.10,15
2026-04-12T07:30:00Z,IT-Sardinia,76.10,15
2026-04-12T07:30:00Z,IT-Sicily,76.10,15
2026-04-12T07:30:00Z,IT-South,76.10,15
2026-04-12T07:30:00Z,LT,14.00,15
2026-04-12T07:30:00Z,LV,14.00,15
2026-04-12T07:30:00Z,NL,41.51,15
2026-04-12T07:30:00Z,NO1,83.30,15
2026-04-12T07:30:00Z,NO2,75.51,15
2026-04-12T07:30:00Z,NO3,98.58,15
2026-04-12T07:30:00Z,NO4,-3.95,15
2026-04-12T07:30:00Z,NO5,125.66,15
2026-04-12T07:30:00Z,PL,14.00,15
2026-04-12T07:30:00Z,PT,7.17,15
2026-04-12T07:30:00Z,RO,8.43,15
2026-04-12T07:30:00Z,RS,15.04,15
2026-04-12T07:30:00Z,SE1,16.17,15
2026-04-12T07:30:00Z,SE2,19.81,15
2026-04-12T07:30:00Z,SE3,32.16,15
2026-04-12T07:30:00Z,SE4,37.63,15
2026-04-12T07:30:00Z,SI,31.30,15
2026-04-12T07:30:00Z,SK,25.89,15
2026-04-12T07:45:00Z,AT,28.34,15
2026-04-12T07:45:00Z,BE,22.81,15
2026-04-12T07:45:00Z,CZ,27.09,15
2026-04-12T07:45:00Z,DE-LU,45.01,15
2026-04-12T07:45:00Z,DK1,45.01,15
2026-04-12T07:45:00Z,DK2,41.85,15
2026-04-12T07:45:00Z,EE,7.01,15
2026-04-12T07:45:00Z,ES,5.41,15
2026-04-12T07:45:00Z,FI,58.27,15
2026-04-12T07:45:00Z,FR,10.44,15
2026-04-12T07:45:00Z,GR,0.00,15
2026-04-12T07:45:00Z,HR,23.76,15
2026-04-12T07:45:00Z,HU,20.32,15
2026-04-12T07:45:00Z,IT-CNorth,65.31,15
2026-04-12T07:45:00Z,IT-CSouth,65.31,15
2026-04-12T07:45:00Z,IT-North,65.31,15
2026-04-12T07:45:00Z,IT-Sardinia,65.31,15
2026-04-12T07:45:00Z,IT-Sicily,65.31,15
2026-04-12T07:45:00Z,IT-South,65.31,15
2026-04-12T07:45:00Z,LT,7.01,15
2026-04-12T07:45:00Z,LV,7.01,15
2026-04-12T07:45:00Z,NL,37.86,15
2026-04-12T07:45:00Z,NO1,81.05,15
2026-04-12T07:45:00Z,NO2,72.70,15
2026-04-12T07:45:00Z,NO3,97.15,15
2026-04-12T07:45:00Z,NO4,-17.31,15
2026-04-12T07:45:00Z,NO5,125.59,15
2026-04-12T07:45:00Z,PL,1.18,15
2026-04-12T07:45:00Z,PT,5.41,15
2026-04-12T07:45:00Z,RO,5.12,15
2026-04-12T07:45:00Z,RS,15.04,15
2026-04-12T07:45:00Z,SE1,5.07,15
2026-04-12T07:45:00Z,SE2,9.25,15
2026-04-12T07:45:00Z,SE3,23.35,15
2026-04-12T07:45:00Z,SE4,29.60,15
2026-04-12T07:45:00Z,SI,24.05,15
2026-04-12T07:45:00Z,SK,17.14,15
2026-04-12T08:00:00Z,AT,34.94,15
2026-04-12T08:00:00Z,BE,30.87,15
2026-04-12T08:00:00Z,CH,70.30,60
2026-04-12T08:00:00Z,CZ,33.50,15
2026-04-12T08:00:00Z,DE-LU,49.72,15
2026-04-12T08:00:00Z,DK1,49.72,15
2026-04-12T08:00:00Z,DK2,52.98,15
2026-04-12T08:00:00Z,EE,8.52,15
2026-04-12T08:00:00Z,ES,4.96,15
2026-04-12T08:00:00Z,FI,80.66,15
2026-04-12T08:00:00Z,FR,19.99,15
2026-04-12T08:00:00Z,GR,0.00,15
2026-04-12T08:00:00Z,HR,30.98,15
2026-04-12T08:00:00Z,HU,27.11,15
2026-04-12T08:00:00Z,IT-CNorth,91.30,15
2026-04-12T08:00:00Z,IT-CSouth,91.30,15
2026-04-12T08:00:00Z,IT-North,91.30,15
2026-04-12T08:00:00Z,IT-Sardinia,91.30,15
2026-04-12T08:00:00Z,IT-Sicily,91.30,15
2026-04-12T08:00:00Z,IT-South,91.30,15
2026-04-12T08:00:00Z,LT,8.52,15
2026-04-12T08:00:00Z,LV,8.52,15
2026-04-12T08:00:00Z,NL,44.67,15
2026-04-12T08:00:00Z,NO1,85.90,15
2026-04-12T08:00:00Z,NO2,78.41,15
2026-04-12T08:00:00Z,NO3,100.57,15
2026-04-12T08:00:00Z,NO4,23.67,15
2026-04-12T08:00:00Z,NO5,126.88,15
2026-04-12T08:00:00Z,PL,8.52,15
2026-04-12T08:00:00Z,PT,4.96,15
2026-04-12T08:00:00Z,RO,8.43,15
2026-04-12T08:00:00Z,RS,6.44,15
2026-04-12T08:00:00Z,SE1,36.95,15
2026-04-12T08:00:00Z,SE2,39.67,15
2026-04-12T08:00:00Z,SE3,48.21,15
2026-04-12T08:00:00Z,SE4,52.07,15
2026-04-12T08:00:00Z,SI,31.07,15
2026-04-12T08:00:00Z,SK,24.00,15
2026-04-12T08:15:00Z,AT,17.84,15
2026-04-12T08:15:00Z,BE,18.97,15
2026-04-12T08:15:00Z,CZ,16.30,15
2026-04-12T08:15:00Z,DE-LU,24.93,15
2026-04-12T08:15:00Z,DK1,24.93,15
2026-04-12T08:15:00Z,DK2,25.63,15
2026-04-12T08:15:00Z,EE,5.00,15
2026-04-12T08:15:00Z,ES,2.50,15
2026-04-12T08:15:00Z,FI,49.11,15
2026-04-12T08:15:00Z,FR,15.51,15
2026-04-12T08:15:00Z,GR,0.00,15
2026-04-12T08:15:00Z,HR,15.04,15
2026-04-12T08:15:00Z,HU,13.13,15
2026-04-12T08:15:00Z,IT-CNorth,66.57,15
2026-04-12T08:15:00Z,IT-CSouth,66.57,15
2026-04-12T08:15:00Z,IT-North,66.57,15
2026-04-12T08:15:00Z,IT-Sardinia,66.57,15
2026-04-12T08:15:00Z,IT-Sicily,66.57,15
2026-04-12T08:15:00Z,IT-South,66.57,15
2026-04-12T08:15:00Z,LT,5.00,15
2026-04-12T08:15:00Z,LV,5.00,15
2026-04-12T08:15:00Z,NL,23.21,15
2026-04-12T08:15:00Z,NO1,71.26,15
2026-04-12T08:15:00Z,NO2,61.19,15
2026-04-12T08:15:00Z,NO3,90.83,15
2026-04-12T08:15:00Z,NO4,-15.89,15
2026-04-12T08:15:00Z,NO5,125.97,15
2026-04-12T08:15:00Z,PL,1.86,15
2026-04-12T08:15:00Z,PT,2.50,15
2026-04-12T08:15:00Z,RO,8.44,15
2026-04-12T08:15:00Z,RS,6.44,15
2026-04-12T08:15:00Z,SE1,3.20,15
2026-04-12T08:15:00Z,SE2,7.00,15
2026-04-12T08:15:00Z,SE3,18.95,15
2026-04-12T08:15:00Z,SE4,24.37,15
2026-04-12T08:15:00Z,SI,15.51,15
2026-04-12T08:15:00Z,SK,11.16,15
2026-04-12T08:30:00Z,AT,15.90,15
2026-04-12T08:30:00Z,BE,7.64,15
2026-04-12T08:30:00Z,CZ,15.10,15
2026-04-12T08:30:00Z,DE-LU,25.05,15
2026-04-12T08:30:00Z,DK1,25.05,15
2026-04-12T08:30:00Z,DK2,24.76,15
2026-04-12T08:30:00Z,EE,10.07,15
2026-04-12T08:30:00Z,ES,1.75,15
2026-04-12T08:30:00Z,FI,40.00,15
2026-04-12T08:30:00Z,FR,13.66,15
2026-04-12T08:30:00Z,GR,0.00,15
2026-04-12T08:30:00Z,HR,13.12,15
2026-04-12T08:30:00Z,HU,11.46,15
2026-04-12T08:30:00Z,IT-CNorth,60.30,15
2026-04-12T08:30:00Z,IT-CSouth,60.30,15
2026-04-12T08:30:00Z,IT-North,60.30,15
2026-04-12T08:30:00Z,IT-Sardinia,60.30,15
2026-04-12T08:30:00Z,IT-Sicily,60.30,15
2026-04-12T08:30:00Z,IT-South,60.30,15
2026-04-12T08:30:00Z,LT,10.07,15
2026-04-12T08:30:00Z,LV,10.07,15
2026-04-12T08:30:00Z,NL,-2.01,15
2026-04-12T08:30:00Z,NO1,71.17,15
2026-04-12T08:30:00Z,NO2,61.06,15
2026-04-12T08:30:00Z,NO3,90.76,15
2026-04-12T08:30:00Z,NO4,-17.91,15
2026-04-12T08:30:00Z,NO5,125.95,15
2026-04-12T08:30:00Z,PL,0.03,15
2026-04-12T08:30:00Z,PT,1.75,15
2026-04-12T08:30:00Z,RO,8.43,15
2026-04-12T08:30:00Z,RS,6.44,15
2026-04-12T08:30:00Z,SE1,1.86,15
2026-04-12T08:30:00Z,SE2,5.73,15
2026-04-12T08:30:00Z,SE3,17.94,15
2026-04-12T08:30:00Z,SE4,23.47,15
2026-04-12T08:30:00Z,SI,13.66,15
2026-04-12T08:30:00Z,SK,9.51,15
2026-04-12T08:45:00Z,AT,13.41,15
2026-04-12T08:45:00Z,BE,6.26,15
2026-04-12T08:45:00Z,CZ,12.77,15
2026-04-12T08:45:00Z,DE-LU,21.23,15
2026-04-12T08:45:00Z,DK1,21.23,15
2026-04-12T08:45:00Z,DK2,21.49,15
2026-04-12T08:45:00Z,EE,16.41,15
2026-04-12T08:45:00Z,ES,0.84,15
2026-04-12T08:45:00Z,FI,28.00,15
2026-04-12T08:45:00Z,FR,11.44,15
2026-04-12T08:45:00Z,GR,-0.01,15
2026-04-12T08:45:00Z,HR,10.94,15
2026-04-12T08:45:00Z,HU,9.68,15
2026-04-12T08:45:00Z,IT-CNorth,55.31,15
2026-04-12T08:45:00Z,IT-CSouth,55.31,15
2026-04-12T08:45:00Z,IT-North,55.31,15
2026-04-12T08:45:00Z,IT-Sardinia,55.31,15
2026-04-12T08:45:00Z,IT-Sicily,55.31,15
2026-04-12T08:45:00Z,IT-South,55.31,15
2026-04-12T08:45:00Z,LT,16.41,15
2026-04-12T08:45:00Z,LV,16.41,15
2026-04-12T08:45:00Z,NL,-2.03,15
2026-04-12T08:45:00Z,NO1,68.99,15
2026-04-12T08:45:00Z,NO2,58.55,15
2026-04-12T08:45:00Z,NO3,89.23,15
2026-04-12T08:45:00Z,NO4,-22.35,15
2026-04-12T08:45:00Z,NO5,125.67,15
2026-04-12T08:45:00Z,PL,-0.02,15
2026-04-12T08:45:00Z,PT,0.84,15
2026-04-12T08:45:00Z,RO,8.43,15
2026-04-12T08:45:00Z,RS,6.44,15
2026-04-12T08:45:00Z,SE1,-1.87,15
2026-04-12T08:45:00Z,SE2,2.07,15
2026-04-12T08:45:00Z,SE3,14.53,15
2026-04-12T08:45:00Z,SE4,20.17,15
2026-04-12T08:45:00Z,SI,11.46,15
2026-04-12T08:45:00Z,SK,8.03,15
2026-04-12T09:00:00Z,AT,17.67,15
2026-04-12T09:00:00Z,BE,9.99,15
2026-04-12T09:00:00Z,CH,38.84,60
2026-04-12T09:00:00Z,CZ,16.66,15
2026-04-12T09:00:00Z,DE-LU,26.25,15
2026-04-12T09:00:00Z,DK1,26.25,15
2026-04-12T09:00:00Z,DK2,26.84,15
2026-04-12T09:00:00Z,EE,22.77,15
2026-04-12T09:00:00Z,ES,0.84,15
2026-04-12T09:00:00Z,FI,50.00,15
2026-04-12T09:00:00Z,FR,15.87,15
2026-04-12T09:00:00Z,GR,0.00,15
2026-04-12T09:00:00Z,HR,14.53,15
2026-04-12T09:00:00Z,HU,13.06,15
2026-04-12T09:00:00Z,IT-CNorth,100.00,15
2026-04-12T09:00:00Z,IT-CSouth,52.48,15
2026-04-12T09:00:00Z,IT-North,100.00,15
2026-04-12T09:00:00Z,IT-Sardinia,52.48,15
2026-04-12T09:00:00Z,IT-Sicily,52.48,15
2026-04-12T09:00:00Z,IT-South,52.48,15
2026-04-12T09:00:00Z,LT,22.77,15
2026-04-12T09:00:00Z,LV,22.77,15
2026-04-12T09:00:00Z,NL,-2.05,15
2026-04-12T09:00:00Z,NO1,77.00,15
2026-04-12T09:00:00Z,NO2,56.54,15
2026-04-12T09:00:00Z,NO3,91.03,15
2026-04-12T09:00:00Z,NO4,-7.56,15
2026-04-12T09:00:00Z,NO5,125.24,15
2026-04-12T09:00:00Z,PL,1.60,15
2026-04-12T09:00:00Z,PT,0.84,15
2026-04-12T09:00:00Z,RO,12.91,15
2026-04-12T09:00:00Z,RS,0.71,15
2026-04-12T09:00:00Z,SE1,8.12,15
2026-04-12T09:00:00Z,SE2,11.26,15
2026-04-12T09:00:00Z,SE3,21.33,15
2026-04-12T09:00:00Z,SE4,25.85,15
2026-04-12T09:00:00Z,SI,15.23,15
2026-04-12T09:00:00Z,SK,11.03,15
2026-04-12T09:15:00Z,AT,15.59,15
2026-04-12T09:15:00Z,BE,8.86,15
2026-04-12T09:15:00Z,CZ,14.55,15
2026-04-12T09:15:00Z,DE-LU,23.67,15
2026-04-12T09:15:00Z,DK1,23.67,15
2026-04-12T09:15:00Z,DK2,24.10,15
2026-04-12T09:15:00Z,EE,19.86,15
2026-04-12T09:15:00Z,ES,0.20,15
2026-04-12T09:15:00Z,FI,41.51,15
2026-04-12T09:15:00Z,FR,14.18,15
2026-04-12T09:15:00Z,GR,0.00,15
2026-04-12T09:15:00Z,HR,12.57,15
2026-04-12T09:15:00Z,HU,11.15,15
2026-04-12T09:15:00Z,IT-CNorth,82.76,15
2026-04-12T09:15:00Z,IT-CSouth,53.97,15
2026-04-12T09:15:00Z,IT-North,82.76,15
2026-04-12T09:15:00Z,IT-Sardinia,53.97,15
2026-04-12T09:15:00Z,IT-Sicily,53.97,15
2026-04-12T09:15:00Z,IT-South,53.97,15
2026-04-12T09:15:00Z,LT,19.86,15
2026-04-12T09:15:00Z,LV,19.86,15
2026-04-12T09:15:00Z,NL,-2.07,15
2026-04-12T09:15:00Z,NO1,75.30,15
2026-04-12T09:15:00Z,NO2,54.87,15
2026-04-12T09:15:00Z,NO3,90.00,15
2026-04-12T09:15:00Z,NO4,-11.93,15
2026-04-12T09:15:00Z,NO5,125.26,15
2026-04-12T09:15:00Z,PL,0.15,15
2026-04-12T09:15:00Z,PT,0.20,15
2026-04-12T09:15:00Z,RO,11.01,15
2026-04-12T09:15:00Z,RS,0.71,15
2026-04-12T09:15:00Z,SE1,4.61,15
2026-04-12T09:15:00Z,SE2,7.88,15
2026-04-12T09:15:00Z,SE3,18.36,15
2026-04-12T09:15:00Z,SE4,23.07,15
2026-04-12T09:15:00Z,SI,13.26,15
2026-04-12T09:15:00Z,SK,9.20,15
2026-04-12T09:30:00Z,AT,12.68,15
2026-04-12T09:30:00Z,BE,7.80,15
2026-04-12T09:30:00Z,CZ,12.34,15
2026-04-12T09:30:00Z,DE-LU,20.79,15
2026-04-12T09:30:00Z,DK1,20.79,15
2026-04-12T09:30:00Z,DK2,21.16,15
2026-04-12T09:30:00Z,EE,16.88,15
2026-04-12T09:30:00Z,ES,0.01,15
2026-04-12T09:30:00Z,FI,34.99,15
2026-04-12T09:30:00Z,FR,12.68,15
2026-04-12T09:30:00Z,GR,-0.01,15
2026-04-12T09:30:00Z,HR,10.13,15
2026-04-12T09:30:00Z,HU,9.02,15
2026-04-12T09:30:00Z,IT-CNorth,64.44,15
2026-04-12T09:30:00Z,IT-CSouth,23.23,15
2026-04-12T09:30:00Z,IT-North,64.44,15
2026-04-12T09:30:00Z,IT-Sardinia,23.23,15
2026-04-12T09:30:00Z,IT-Sicily,23.23,15
2026-04-12T09:30:00Z,IT-South,23.23,15
2026-04-12T09:30:00Z,LT,16.88,15
2026-04-12T09:30:00Z,LV,16.88,15
2026-04-12T09:30:00Z,NL,-2.08,15
2026-04-12T09:30:00Z,NO1,75.23,15
2026-04-12T09:30:00Z,NO2,52.62,15
2026-04-12T09:30:00Z,NO3,89.43,15
2026-04-12T09:30:00Z,NO4,-15.32,15
2026-04-12T09:30:00Z,NO5,125.28,15
2026-04-12T09:30:00Z,PL,0.68,15
2026-04-12T09:30:00Z,PT,0.01,15
2026-04-12T09:30:00Z,RO,8.92,15
2026-04-12T09:30:00Z,RS,0.71,15
2026-04-12T09:30:00Z,SE1,1.50,15
2026-04-12T09:30:00Z,SE2,4.79,15
2026-04-12T09:30:00Z,SE3,15.37,15
2026-04-12T09:30:00Z,SE4,20.12,15
2026-04-12T09:30:00Z,SI,10.60,15
2026-04-12T09:30:00Z,SK,7.61,15
2026-04-12T09:45:00Z,AT,8.95,15
2026-04-12T09:45:00Z,BE,9.11,15
2026-04-12T09:45:00Z,CZ,9.88,15
2026-04-12T09:45:00Z,DE-LU,18.95,15
2026-04-12T09:45:00Z,DK1,18.95,15
2026-04-12T09:45:00Z,DK2,19.29,15
2026-04-12T09:45:00Z,EE,15.15,15
2026-04-12T09:45:00Z,ES,0.00,15
2026-04-12T09:45:00Z,FI,29.36,15
2026-04-12T09:45:00Z,FR,13.40,15
2026-04-12T09:45:00Z,GR,-0.01,15
2026-04-12T09:45:00Z,HR,6.67,15
2026-04-12T09:45:00Z,HU,5.88,15
2026-04-12T09:45:00Z,IT-CNorth,72.80,15
2026-04-12T09:45:00Z,IT-CSouth,15.25,15
2026-04-12T09:45:00Z,IT-North,72.80,15
2026-04-12T09:45:00Z,IT-Sardinia,15.25,15
2026-04-12T09:45:00Z,IT-Sicily,15.25,15
2026-04-12T09:45:00Z,IT-South,15.25,15
2026-04-12T09:45:00Z,LT,15.15,15
2026-04-12T09:45:00Z,LV,15.15,15
2026-04-12T09:45:00Z,NL,-2.09,15
2026-04-12T09:45:00Z,NO1,77.17,15
2026-04-12T09:45:00Z,NO2,50.68,15
2026-04-12T09:45:00Z,NO3,89.61,15
2026-04-12T09:45:00Z,NO4,-16.16,15
2026-04-12T09:45:00Z,NO5,125.15,15
2026-04-12T09:45:00Z,PL,1.18,15
2026-04-12T09:45:00Z,PT,0.00,15
2026-04-12T09:45:00Z,RO,5.89,15
2026-04-12T09:45:00Z,RS,0.71,15
2026-04-12T09:45:00Z,SE1,0.25,15
2026-04-12T09:45:00Z,SE2,3.44,15
2026-04-12T09:45:00Z,SE3,13.69,15
2026-04-12T09:45:00Z,SE4,18.28,15
2026-04-12T09:45:00Z,SI,6.83,15
2026-04-12T09:45:00Z,SK,5.29,15
2026-04-12T10:00:00Z,AT,1.19,15
2026-04-12T10:00:00Z,BE,11.54,15
2026-04-12T10:00:00Z,CH,19.49,60
2026-04-12T10:00:00Z,CZ,8.09,15
2026-04-12T10:00:00Z,DE-LU,21.58,15
2026-04-12T10:00:00Z,DK1,21.58,15
2026-04-12T10:00:00Z,DK2,22.66,15
2026-04-12T10:00:00Z,EE,20.30,15
2026-04-12T10:00:00Z,ES,0.00,15
2026-04-12T10:00:00Z,FI,33.96,15
2026-04-12T10:00:00Z,FR,17.86,15
2026-04-12T10:00:00Z,GR,-0.10,15
2026-04-12T10:00:00Z,HR,-0.01,15
2026-04-12T10:00:00Z,HU,0.73,15
2026-04-12T10:00:00Z,IT-CNorth,82.00,15
2026-04-12T10:00:00Z,IT-CSouth,15.25,15
2026-04-12T10:00:00Z,IT-North,82.00,15
2026-04-12T10:00:00Z,IT-Sardinia,15.25,15
2026-04-12T10:00:00Z,IT-Sicily,15.25,15
2026-04-12T10:00:00Z,IT-South,15.25,15
2026-04-12T10:00:00Z,LT,20.30,15
2026-04-12T10:00:00Z,LV,20.30,15
2026-04-12T10:00:00Z,NL,-2.02,15
2026-04-12T10:00:00Z,NO1,94.99,15
2026-04-12T10:00:00Z,NO2,47.24,15
2026-04-12T10:00:00Z,NO3,93.31,15
2026-04-12T10:00:00Z,NO4,2.52,15
2026-04-12T10:00:00Z,NO5,120.74,15
2026-04-12T10:00:00Z,PL,9.85,15
2026-04-12T10:00:00Z,PT,0.00,15
2026-04-12T10:00:00Z,RO,1.06,15
2026-04-12T10:00:00Z,RS,0.05,15
2026-04-12T10:00:00Z,SE1,11.95,15
2026-04-12T10:00:00Z,SE2,13.58,15
2026-04-12T10:00:00Z,SE3,19.49,15
2026-04-12T10:00:00Z,SE4,22.09,15
2026-04-12T10:00:00Z,SI,-1.08,15
2026-04-12T10:00:00Z,SK,3.38,15
2026-04-12T10:15:00Z,AT,0.37,15
2026-04-12T10:15:00Z,BE,8.49,15
2026-04-12T10:15:00Z,CZ,5.74,15
2026-04-12T10:15:00Z,DE-LU,16.25,15
2026-04-12T10:15:00Z,DK1,16.25,15
2026-04-12T10:15:00Z,DK2,17.18,15
2026-04-12T10:15:00Z,EE,14.91,15
2026-04-12T10:15:00Z,ES,0.00,15
2026-04-12T10:15:00Z,FI,33.97,15
2026-04-12T10:15:00Z,FR,13.39,15
2026-04-12T10:15:00Z,GR,-0.10,15
2026-04-12T10:15:00Z,HR,-0.56,15
2026-04-12T10:15:00Z,HU,0.00,15
2026-04-12T10:15:00Z,IT-CNorth,71.88,15
2026-04-12T10:15:00Z,IT-CSouth,15.00,15
2026-04-12T10:15:00Z,IT-North,71.88,15
2026-04-12T10:15:00Z,IT-Sardinia,15.00,15
2026-04-12T10:15:00Z,IT-Sicily,15.00,15
2026-04-12T10:15:00Z,IT-South,15.00,15
2026-04-12T10:15:00Z,LT,14.91,15
2026-04-12T10:15:00Z,LV,14.91,15
2026-04-12T10:15:00Z,NL,-2.02,15
2026-04-12T10:15:00Z,NO1,96.97,15
2026-04-12T10:15:00Z,NO2,42.52,15
2026-04-12T10:15:00Z,NO3,92.83,15
2026-04-12T10:15:00Z,NO4,-1.99,15
2026-04-12T10:15:00Z,NO5,120.59,15
2026-04-12T10:15:00Z,PL,7.11,15
2026-04-12T10:15:00Z,PT,0.00,15
2026-04-12T10:15:00Z,RO,0.27,15
2026-04-12T10:15:00Z,RS,0.05,15
2026-04-12T10:15:00Z,SE1,6.89,15
2026-04-12T10:15:00Z,SE2,8.46,15
2026-04-12T10:15:00Z,SE3,14.13,15
2026-04-12T10:15:00Z,SE4,16.63,15
2026-04-12T10:15:00Z,SI,-1.40,15
2026-04-12T10:15:00Z,SK,2.07,15
2026-04-12T10:30:00Z,AT,0.64,15
2026-04-12T10:30:00Z,BE,15.07,15
2026-04-12T10:30:00Z,CZ,5.19,15
2026-04-12T10:30:00Z,DE-LU,15.00,15
2026-04-12T10:30:00Z,DK1,15.00,15
2026-04-12T10:30:00Z,DK2,15.56,15
2026-04-12T10:30:00Z,EE,13.25,15
2026-04-12T10:30:00Z,ES,0.00,15
2026-04-12T10:30:00Z,FI,36.43,15
2026-04-12T10:30:00Z,FR,17.31,15
2026-04-12T10:30:00Z,GR,-0.10,15
2026-04-12T10:30:00Z,HR,-0.57,15
2026-04-12T10:30:00Z,HU,-0.31,15
2026-04-12T10:30:00Z,IT-CNorth,65.31,15
2026-04-12T10:30:00Z,IT-CSouth,15.00,15
2026-04-12T10:30:00Z,IT-North,65.31,15
2026-04-12T10:30:00Z,IT-Sardinia,15.00,15
2026-04-12T10:30:00Z,IT-Sicily,15.00,15
2026-04-12T10:30:00Z,IT-South,15.00,15
2026-04-12T10:30:00Z,LT,13.25,15
2026-04-12T10:30:00Z,LV,13.25,15
2026-04-12T10:30:00Z,NL,-2.03,15
2026-04-12T10:30:00Z,NO1,96.95,15
2026-04-12T10:30:00Z,NO2,41.42,15
2026-04-12T10:30:00Z,NO3,92.53,15
2026-04-12T10:30:00Z,NO4,-3.84,15
2026-04-12T10:30:00Z,NO5,120.50,15
2026-04-12T10:30:00Z,PL,6.18,15
2026-04-12T10:30:00Z,PT,0.00,15
2026-04-12T10:30:00Z,RO,0.01,15
2026-04-12T10:30:00Z,RS,0.05,15
2026-04-12T10:30:00Z,SE1,5.07,15
2026-04-12T10:30:00Z,SE2,6.68,15
2026-04-12T10:30:00Z,SE3,12.46,15
2026-04-12T10:30:00Z,SE4,15.00,15
2026-04-12T10:30:00Z,SI,-1.33,15
2026-04-12T10:30:00Z,SK,1.59,15
2026-04-12T10:45:00Z,AT,0.31,15
2026-04-12T10:45:00Z,BE,6.98,15
2026-04-12T10:45:00Z,CZ,2.46,15
2026-04-12T10:45:00Z,DE-LU,7.07,15
2026-04-12T10:45:00Z,DK1,7.07,15
2026-04-12T10:45:00Z,DK2,10.63,15
2026-04-12T10:45:00Z,EE,8.91,15
2026-04-12T10:45:00Z,ES,0.00,15
2026-04-12T10:45:00Z,FI,33.97,15
2026-04-12T10:45:00Z,FR,8.11,15
2026-04-12T10:45:00Z,GR,-0.20,15
2026-04-12T10:45:00Z,HR,-0.27,15
2026-04-12T10:45:00Z,HU,-0.14,15
2026-04-12T10:45:00Z,IT-CNorth,60.00,15
2026-04-12T10:45:00Z,IT-CSouth,15.00,15
2026-04-12T10:45:00Z,IT-North,60.00,15
2026-04-12T10:45:00Z,IT-Sardinia,15.00,15
2026-04-12T10:45:00Z,IT-Sicily,15.00,15
2026-04-12T10:45:00Z,IT-South,15.00,15
2026-04-12T10:45:00Z,LT,8.91,15
2026-04-12T10:45:00Z,LV,8.91,15
2026-04-12T10:45:00Z,NL,-2.02,15
2026-04-12T10:45:00Z,NO1,100.25,15
2026-04-12T10:45:00Z,NO2,35.60,15
2026-04-12T10:45:00Z,NO3,91.77,15
2026-04-12T10:45:00Z,NO4,-3.58,15
2026-04-12T10:45:00Z,NO5,120.67,15
2026-04-12T10:45:00Z,PL,2.92,15
2026-04-12T10:45:00Z,PT,0.00,15
2026-04-12T10:45:00Z,RO,0.01,15
2026-04-12T10:45:00Z,RS,0.05,15
2026-04-12T10:45:00Z,SE1,2.82,15
2026-04-12T10:45:00Z,SE2,4.03,15
2026-04-12T10:45:00Z,SE3,8.32,15
2026-04-12T10:45:00Z,SE4,10.21,15
2026-04-12T10:45:00Z,SI,-0.63,15
2026-04-12T10:45:00Z,SK,0.76,15
2026-04-12T11:00:00Z,AT,-0.01,15
2026-04-12T11:00:00Z,BE,1.95,15
2026-04-12T11:00:00Z,CH,10.56,60
2026-04-12T11:00:00Z,CZ,1.89,15
2026-04-12T11:00:00Z,DE-LU,5.56,15
2026-04-12T11:00:00Z,DK1,7.61,15
2026-04-12T11:00:00Z,DK2,14.59,15
2026-04-12T11:00:00Z,EE,12.69,15
2026-04-12T11:00:00Z,ES,0.00,15
2026-04-12T11:00:00Z,FI,41.86,15
2026-04-12T11:00:00Z,FR,4.00,15
2026-04-12T11:00:00Z,GR,-0.20,15
2026-04-12T11:00:00Z,HR,-0.31,15
2026-04-12T11:00:00Z,HU,-0.08,15
2026-04-12T11:00:00Z,IT-CNorth,55.31,15
2026-04-12T11:00:00Z,IT-CSouth,36.40,15
2026-04-12T11:00:00Z,IT-North,55.31,15
2026-04-12T11:00:00Z,IT-Sardinia,36.40,15
2026-04-12T11:00:00Z,IT-Sicily,15.00,15
2026-04-12T11:00:00Z,IT-South,15.00,15
2026-04-12T11:00:00Z,LT,12.69,15
2026-04-12T11:00:00Z,LV,12.69,15
2026-04-12T11:00:00Z,NL,-2.01,15
2026-04-12T11:00:00Z,NO1,95.99,15
2026-04-12T11:00:00Z,NO2,36.95,15
2026-04-12T11:00:00Z,NO3,92.37,15
2026-04-12T11:00:00Z,NO4,-1.01,15
2026-04-12T11:00:00Z,NO5,122.91,15
2026-04-12T11:00:00Z,PL,2.39,15
2026-04-12T11:00:00Z,PT,0.00,15
2026-04-12T11:00:00Z,RO,0.00,15
2026-04-12T11:00:00Z,RS,0.00,15
2026-04-12T11:00:00Z,SE1,6.02,15
2026-04-12T11:00:00Z,SE2,7.32,15
2026-04-12T11:00:00Z,SE3,12.04,15
2026-04-12T11:00:00Z,SE4,14.10,15
2026-04-12T11:00:00Z,SI,-0.60,15
2026-04-12T11:00:00Z,SK,0.66,15
2026-04-12T11:15:00Z,AT,-0.04,15
2026-04-12T11:15:00Z,BE,0.00,15
2026-04-12T11:15:00Z,CZ,0.69,15
2026-04-12T11:15:00Z,DE-LU,2.00,15
2026-04-12T11:15:00Z,DK1,4.41,15
2026-04-12T11:15:00Z,DK2,13.26,15
2026-04-12T11:15:00Z,EE,11.45,15
2026-04-12T11:15:00Z,ES,0.00,15
2026-04-12T11:15:00Z,FI,44.90,15
2026-04-12T11:15:00Z,FR,1.01,15
2026-04-12T11:15:00Z,GR,-0.32,15
2026-04-12T11:15:00Z,HR,-0.13,15
2026-04-12T11:15:00Z,HU,-0.02,15
2026-04-12T11:15:00Z,IT-CNorth,48.03,15
2026-04-12T11:15:00Z,IT-CSouth,36.15,15
2026-04-12T11:15:00Z,IT-North,48.03,15
2026-04-12T11:15:00Z,IT-Sardinia,36.15,15
2026-04-12T11:15:00Z,IT-Sicily,14.00,15
2026-04-12T11:15:00Z,IT-South,14.00,15
2026-04-12T11:15:00Z,LT,11.45,15
2026-04-12T11:15:00Z,LV,11.45,15
2026-04-12T11:15:00Z,NL,-2.00,15
2026-04-12T11:15:00Z,NO1,95.92,15
2026-04-12T11:15:00Z,NO2,35.21,15
2026-04-12T11:15:00Z,NO3,92.34,15
2026-04-12T11:15:00Z,NO4,-1.46,15
2026-04-12T11:15:00Z,NO5,123.93,15
2026-04-12T11:15:00Z,PL,0.88,15
2026-04-12T11:15:00Z,PT,0.00,15
2026-04-12T11:15:00Z,RO,0.00,15
2026-04-12T11:15:00Z,RS,0.00,15
2026-04-12T11:15:00Z,SE1,5.07,15
2026-04-12T11:15:00Z,SE2,6.32,15
2026-04-12T11:15:00Z,SE3,10.83,15
2026-04-12T11:15:00Z,SE4,12.79,15
2026-04-12T11:15:00Z,SI,-0.23,15
2026-04-12T11:15:00Z,SK,0.25,15
2026-04-12T11:30:00Z,AT,-0.01,15
2026-04-12T11:30:00Z,BE,-0.14,15
2026-04-12T11:30:00Z,CZ,0.06,15
2026-04-12T11:30:00Z,DE-LU,0.18,15
2026-04-12T11:30:00Z,DK1,2.72,15
2026-04-12T11:30:00Z,DK2,13.13,15
2026-04-12T11:30:00Z,EE,11.35,15
2026-04-12T11:30:00Z,ES,0.00,15
2026-04-12T11:30:00Z,FI,45.19,15
2026-04-12T11:30:00Z,FR,0.00,15
2026-04-12T11:30:00Z,GR,-0.41,15
2026-04-12T11:30:00Z,HR,-0.01,15
2026-04-12T11:30:00Z,HU,0.00,15
2026-04-12T11:30:00Z,IT-CNorth,45.13,15
2026-04-12T11:30:00Z,IT-CSouth,37.00,15
2026-04-12T11:30:00Z,IT-North,45.13,15
2026-04-12T11:30:00Z,IT-Sardinia,37.00,15
2026-04-12T11:30:00Z,IT-Sicily,1.00,15
2026-04-12T11:30:00Z,IT-South,1.00,15
2026-04-12T11:30:00Z,LT,11.35,15
2026-04-12T11:30:00Z,LV,11.35,15
2026-04-12T11:30:00Z,NL,-0.31,15
2026-04-12T11:30:00Z,NO1,94.97,15
2026-04-12T11:30:00Z,NO2,34.67,15
2026-04-12T11:30:00Z,NO3,92.16,15
2026-04-12T11:30:00Z,NO4,-1.32,15
2026-04-12T11:30:00Z,NO5,124.67,15
2026-04-12T11:30:00Z,PL,0.08,15
2026-04-12T11:30:00Z,PT,0.00,15
2026-04-12T11:30:00Z,RO,0.00,15
2026-04-12T11:30:00Z,RS,0.00,15
2026-04-12T11:30:00Z,SE1,5.07,15
2026-04-12T11:30:00Z,SE2,6.30,15
2026-04-12T11:30:00Z,SE3,10.74,15
2026-04-12T11:30:00Z,SE4,12.67,15
2026-04-12T11:30:00Z,SI,-0.02,15
2026-04-12T11:30:00Z,SK,0.02,15
2026-04-12T11:45:00Z,AT,-0.01,15
2026-04-12T11:45:00Z,BE,-0.08,15
2026-04-12T11:45:00Z,CZ,0.05,15
2026-04-12T11:45:00Z,DE-LU,0.14,15
2026-04-12T11:45:00Z,DK1,3.11,15
2026-04-12T11:45:00Z,DK2,12.81,15
2026-04-12T11:45:00Z,EE,11.02,15
2026-04-12T11:45:00Z,ES,0.00,15
2026-04-12T11:45:00Z,FI,53.85,15
2026-04-12T11:45:00Z,FR,0.02,15
2026-04-12T11:45:00Z,GR,-0.20,15
2026-04-12T11:45:00Z,HR,-0.01,15
2026-04-12T11:45:00Z,HU,0.00,15
2026-04-12T11:45:00Z,IT-CNorth,42.13,15
2026-04-12T11:45:00Z,IT-CSouth,36.50,15
2026-04-12T11:45:00Z,IT-North,42.13,15
2026-04-12T11:45:00Z,IT-Sardinia,36.50,15
2026-04-12T11:45:00Z,IT-Sicily,0.50,15
2026-04-12T11:45:00Z,IT-South,0.50,15
2026-04-12T11:45:00Z,LT,11.02,15
2026-04-12T11:45:00Z,LV,11.02,15
2026-04-12T11:45:00Z,NL,-0.20,15
2026-04-12T11:45:00Z,NO1,94.98,15
2026-04-12T11:45:00Z,NO2,34.46,15
2026-04-12T11:45:00Z,NO3,92.03,15
2026-04-12T11:45:00Z,NO4,-1.42,15
2026-04-12T11:45:00Z,NO5,124.41,15
2026-04-12T11:45:00Z,PL,0.06,15
2026-04-12T11:45:00Z,PT,0.00,15
2026-04-12T11:45:00Z,RO,0.00,15
2026-04-12T11:45:00Z,RS,0.00,15
2026-04-12T11:45:00Z,SE1,4.71,15
2026-04-12T11:45:00Z,SE2,5.95,15
2026-04-12T11:45:00Z,SE3,10.40,15
2026-04-12T11:45:00Z,SE4,12.34,15
2026-04-12T11:45:00Z,SI,-0.02,15
2026-04-12T11:45:00Z,SK,0.02,15
2026-04-12T12:00:00Z,AT,0.00,15
2026-04-12T12:00:00Z,BE,0.00,15
2026-04-12T12:00:00Z,CH,7.58,60
2026-04-12T12:00:00Z,CZ,0.00,15
2026-04-12T12:00:00Z,DE-LU,0.00,15
2026-04-12T12:00:00Z,DK1,4.54,15
2026-04-12T12:00:00Z,DK2,14.07,15
2026-04-12T12:00:00Z,EE,11.96,15
2026-04-12T12:00:00Z,ES,0.00,15
2026-04-12T12:00:00Z,FI,30.00,15
2026-04-12T12:00:00Z,FR,0.00,15
2026-04-12T12:00:00Z,GR,-0.20,15
2026-04-12T12:00:00Z,HR,0.00,15
2026-04-12T12:00:00Z,HU,0.00,15
2026-04-12T12:00:00Z,IT-CNorth,55.31,15
2026-04-12T12:00:00Z,IT-CSouth,35.65,15
2026-04-12T12:00:00Z,IT-North,55.31,15
2026-04-12T12:00:00Z,IT-Sardinia,35.65,15
2026-04-12T12:00:00Z,IT-Sicily,0.50,15
2026-04-12T12:00:00Z,IT-South,0.50,15
2026-04-12T12:00:00Z,LT,11.96,15
2026-04-12T12:00:00Z,LV,11.96,15
2026-04-12T12:00:00Z,NL,0.00,15
2026-04-12T12:00:00Z,NO1,84.56,15
2026-04-12T12:00:00Z,NO2,36.97,15
2026-04-12T12:00:00Z,NO3,86.65,15
2026-04-12T12:00:00Z,NO4,-3.79,15
2026-04-12T12:00:00Z,NO5,120.97,15
2026-04-12T12:00:00Z,PL,0.00,15
2026-04-12T12:00:00Z,PT,0.00,15
2026-04-12T12:00:00Z,RO,0.00,15
2026-04-12T12:00:00Z,RS,0.00,15
2026-04-12T12:00:00Z,SE1,4.45,15
2026-04-12T12:00:00Z,SE2,6.00,15
2026-04-12T12:00:00Z,SE3,11.22,15
2026-04-12T12:00:00Z,SE4,13.44,15
2026-04-12T12:00:00Z,SI,0.00,15
2026-04-12T12:00:00Z,SK,0.00,15
2026-04-12T12:15:00Z,AT,0.13,15
2026-04-12T12:15:00Z,BE,3.54,15
2026-04-12T12:15:00Z,CZ,1.11,15
2026-04-12T12:15:00Z,DE-LU,3.29,15
2026-04-12T12:15:00Z,DK1,6.70,15
2026-04-12T12:15:00Z,DK2,12.82,15
2026-04-12T12:15:00Z,EE,10.77,15
2026-04-12T12:15:00Z,ES,0.00,15
2026-04-12T12:15:00Z,FI,28.00,15
2026-04-12T12:15:00Z,FR,3.83,15
2026-04-12T12:15:00Z,GR,-0.20,15
2026-04-12T12:15:00Z,HR,-0.11,15
2026-04-12T12:15:00Z,HU,-0.07,15
2026-04-12T12:15:00Z,IT-CNorth,55.31,15
2026-04-12T12:15:00Z,IT-CSouth,37.50,15
2026-04-12T12:15:00Z,IT-North,55.31,15
2026-04-12T12:15:00Z,IT-Sardinia,37.50,15
2026-04-12T12:15:00Z,IT-Sicily,0.10,15
2026-04-12T12:15:00Z,IT-South,0.10,15
2026-04-12T12:15:00Z,LT,10.77,15
2026-04-12T12:15:00Z,LV,10.77,15
2026-04-12T12:15:00Z,NL,3.24,15
2026-04-12T12:15:00Z,NO1,91.11,15
2026-04-12T12:15:00Z,NO2,36.90,15
2026-04-12T12:15:00Z,NO3,89.07,15
2026-04-12T12:15:00Z,NO4,-4.53,15
2026-04-12T12:15:00Z,NO5,121.10,15
2026-04-12T12:15:00Z,PL,1.34,15
2026-04-12T12:15:00Z,PT,0.00,15
2026-04-12T12:15:00Z,RO,0.00,15
2026-04-12T12:15:00Z,RS,0.00,15
2026-04-12T12:15:00Z,SE1,3.49,15
2026-04-12T12:15:00Z,SE2,4.99,15
2026-04-12T12:15:00Z,SE3,10.05,15
2026-04-12T12:15:00Z,SE4,12.21,15
2026-04-12T12:15:00Z,SI,-0.29,15
2026-04-12T12:15:00Z,SK,0.35,15
2026-04-12T12:30:00Z,AT,0.32,15
2026-04-12T12:30:00Z,BE,8.76,15
2026-04-12T12:30:00Z,CZ,2.75,15
2026-04-12T12:30:00Z,DE-LU,8.10,15
2026-04-12T12:30:00Z,DK1,10.00,15
2026-04-12T12:30:00Z,DK2,12.19,15
2026-04-12T12:30:00Z,EE,10.12,15
2026-04-12T12:30:00Z,ES,-0.01,15
2026-04-12T12:30:00Z,FI,34.99,15
2026-04-12T12:30:00Z,FR,9.46,15
2026-04-12T12:30:00Z,GR,-0.20,15
2026-04-12T12:30:00Z,HR,-0.27,15
2026-04-12T12:30:00Z,HU,-0.16,15
2026-04-12T12:30:00Z,IT-CNorth,55.31,15
2026-04-12T12:30:00Z,IT-CSouth,36.92,15
2026-04-12T12:30:00Z,IT-North,55.31,15
2026-04-12T12:30:00Z,IT-Sardinia,36.92,15
2026-04-12T12:30:00Z,IT-Sicily,0.10,15
2026-04-12T12:30:00Z,IT-South,0.10,15
2026-04-12T12:30:00Z,LT,10.12,15
2026-04-12T12:30:00Z,LV,10.12,15
2026-04-12T12:30:00Z,NL,8.02,15
2026-04-12T12:30:00Z,NO1,95.96,15
2026-04-12T12:30:00Z,NO2,37.61,15
2026-04-12T12:30:00Z,NO3,90.56,15
2026-04-12T12:30:00Z,NO4,-5.18,15
2026-04-12T12:30:00Z,NO5,119.88,15
2026-04-12T12:30:00Z,PL,3.32,15
2026-04-12T12:30:00Z,PT,-0.01,15
2026-04-12T12:30:00Z,RO,0.00,15
2026-04-12T12:30:00Z,RS,0.00,15
2026-04-12T12:30:00Z,SE1,2.72,15
2026-04-12T12:30:00Z,SE2,4.26,15
2026-04-12T12:30:00Z,SE3,9.39,15
2026-04-12T12:30:00Z,SE4,11.57,15
2026-04-12T12:30:00Z,SI,-0.70,15
2026-04-12T12:30:00Z,SK,0.87,15
2026-04-12T12:45:00Z,AT,0.41,15
2026-04-12T12:45:00Z,BE,7.68,15
2026-04-12T12:45:00Z,CZ,2.51,15
2026-04-12T12:45:00Z,DE-LU,7.11,15
2026-04-12T12:45:00Z,DK1,9.35,15
2026-04-12T12:45:00Z,DK2,12.21,15
2026-04-12T12:45:00Z,EE,9.78,15
2026-04-12T12:45:00Z,ES,-0.01,15
2026-04-12T12:45:00Z,FI,41.76,15
2026-04-12T12:45:00Z,FR,8.28,15
2026-04-12T12:45:00Z,GR,-0.10,15
2026-04-12T12:45:00Z,HR,-0.10,15
2026-04-12T12:45:00Z,HU,0.00,15
2026-04-12T12:45:00Z,IT-CNorth,55.31,15
2026-04-12T12:45:00Z,IT-CSouth,10.00,15
2026-04-12T12:45:00Z,IT-North,55.31,15
2026-04-12T12:45:00Z,IT-Sardinia,10.00,15
2026-04-12T12:45:00Z,IT-Sicily,0.10,15
2026-04-12T12:45:00Z,IT-South,0.10,15
2026-04-12T12:45:00Z,LT,9.78,15
2026-04-12T12:45:00Z,LV,9.78,15
2026-04-12T12:45:00Z,NL,7.04,15
2026-04-12T12:45:00Z,NO1,95.93,15
2026-04-12T12:45:00Z,NO2,37.32,15
2026-04-12T12:45:00Z,NO3,90.68,15
2026-04-12T12:45:00Z,NO4,-4.54,15
2026-04-12T12:45:00Z,NO5,120.37,15
2026-04-12T12:45:00Z,PL,2.99,15
2026-04-12T12:45:00Z,PT,-0.01,15
2026-04-12T12:45:00Z,RO,0.14,15
2026-04-12T12:45:00Z,RS,0.00,15
2026-04-12T12:45:00Z,SE1,2.95,15
2026-04-12T12:45:00Z,SE2,4.46,15
2026-04-12T12:45:00Z,SE3,9.47,15
2026-04-12T12:45:00Z,SE4,11.61,15
2026-04-12T12:45:00Z,SI,-0.47,15
2026-04-12T12:45:00Z,SK,0.89,15
2026-04-12T13:00:00Z,AT,5.98,15
2026-04-12T13:00:00Z,BE,5.98,15
2026-04-12T13:00:00Z,CH,21.58,60
2026-04-12T13:00:00Z,CZ,5.93,15
2026-04-12T13:00:00Z,DE-LU,5.96,15
2026-04-12T13:00:00Z,DK1,5.96,15
2026-04-12T13:00:00Z,DK2,5.62,15
2026-04-12T13:00:00Z,EE,5.88,15
2026-04-12T13:00:00Z,ES,-0.03,15
2026-04-12T13:00:00Z,FI,30.58,15
2026-04-12T13:00:00Z,FR,5.98,15
2026-04-12T13:00:00Z,GR,-0.10,15
2026-04-12T13:00:00Z,HR,6.22,15
2026-04-12T13:00:00Z,HU,5.89,15
2026-04-12T13:00:00Z,IT-CNorth,43.65,15
2026-04-12T13:00:00Z,IT-CSouth,28.25,15
2026-04-12T13:00:00Z,IT-North,43.65,15
2026-04-12T13:00:00Z,IT-Sardinia,28.25,15
2026-04-12T13:00:00Z,IT-Sicily,0.70,15
2026-04-12T13:00:00Z,IT-South,0.70,15
2026-04-12T13:00:00Z,LT,5.88,15
2026-04-12T13:00:00Z,LV,5.88,15
2026-04-12T13:00:00Z,NL,5.97,15
2026-04-12T13:00:00Z,NO1,63.70,15
2026-04-12T13:00:00Z,NO2,55.98,15
2026-04-12T13:00:00Z,NO3,75.00,15
2026-04-12T13:00:00Z,NO4,5.01,15
2026-04-12T13:00:00Z,NO5,116.32,15
2026-04-12T13:00:00Z,PL,5.88,15
2026-04-12T13:00:00Z,PT,-0.03,15
2026-04-12T13:00:00Z,RO,2.59,15
2026-04-12T13:00:00Z,RS,0.00,15
2026-04-12T13:00:00Z,SE1,4.92,15
2026-04-12T13:00:00Z,SE2,5.07,15
2026-04-12T13:00:00Z,SE3,5.43,15
2026-04-12T13:00:00Z,SE4,5.58,15
2026-04-12T13:00:00Z,SI,6.08,15
2026-04-12T13:00:00Z,SK,5.88,15
2026-04-12T13:15:00Z,AT,10.05,15
2026-04-12T13:15:00Z,BE,10.04,15
2026-04-12T13:15:00Z,CZ,10.02,15
2026-04-12T13:15:00Z,DE-LU,10.04,15
2026-04-12T13:15:00Z,DK1,10.04,15
2026-04-12T13:15:00Z,DK2,10.03,15
2026-04-12T13:15:00Z,EE,9.06,15
2026-04-12T13:15:00Z,ES,-0.49,15
2026-04-12T13:15:00Z,FI,35.00,15
2026-04-12T13:15:00Z,FR,10.04,15
2026-04-12T13:15:00Z,GR,-0.10,15
2026-04-12T13:15:00Z,HR,10.17,15
2026-04-12T13:15:00Z,HU,10.01,15
2026-04-12T13:15:00Z,IT-CNorth,40.00,15
2026-04-12T13:15:00Z,IT-CSouth,28.25,15
2026-04-12T13:15:00Z,IT-North,40.00,15
2026-04-12T13:15:00Z,IT-Sardinia,28.25,15
2026-04-12T13:15:00Z,IT-Sicily,1.00,15
2026-04-12T13:15:00Z,IT-South,1.00,15
2026-04-12T13:15:00Z,LT,9.06,15
2026-04-12T13:15:00Z,LV,9.06,15
2026-04-12T13:15:00Z,NL,10.04,15
2026-04-12T13:15:00Z,NO1,64.42,15
2026-04-12T13:15:00Z,NO2,56.55,15
2026-04-12T13:15:00Z,NO3,81.60,15
2026-04-12T13:15:00Z,NO4,2.27,15
2026-04-12T13:15:00Z,NO5,116.28,15
2026-04-12T13:15:00Z,PL,10.00,15
2026-04-12T13:15:00Z,PT,-0.49,15
2026-04-12T13:15:00Z,RO,8.43,15
2026-04-12T13:15:00Z,RS,0.00,15
2026-04-12T13:15:00Z,SE1,5.65,15
2026-04-12T13:15:00Z,SE2,6.33,15
2026-04-12T13:15:00Z,SE3,8.71,15
2026-04-12T13:15:00Z,SE4,9.74,15
2026-04-12T13:15:00Z,SI,10.10,15
2026-04-12T13:15:00Z,SK,10.00,15
2026-04-12T13:30:00Z,AT,17.33,15
2026-04-12T13:30:00Z,BE,17.26,15
2026-04-12T13:30:00Z,CZ,17.16,15
2026-04-12T13:30:00Z,DE-LU,17.23,15
2026-04-12T13:30:00Z,DK1,17.23,15
2026-04-12T13:30:00Z,DK2,18.16,15
2026-04-12T13:30:00Z,EE,16.00,15
2026-04-12T13:30:00Z,ES,-0.59,15
2026-04-12T13:30:00Z,FI,39.99,15
2026-04-12T13:30:00Z,FR,17.28,15
2026-04-12T13:30:00Z,GR,-0.10,15
2026-04-12T13:30:00Z,HR,17.96,15
2026-04-12T13:30:00Z,HU,17.08,15
2026-04-12T13:30:00Z,IT-CNorth,42.37,15
2026-04-12T13:30:00Z,IT-CSouth,29.50,15
2026-04-12T13:30:00Z,IT-North,42.37,15
2026-04-12T13:30:00Z,IT-Sardinia,29.50,15
2026-04-12T13:30:00Z,IT-Sicily,5.00,15
2026-04-12T13:30:00Z,IT-South,5.00,15
2026-04-12T13:30:00Z,LT,16.00,15
2026-04-12T13:30:00Z,LV,16.00,15
2026-04-12T13:30:00Z,NL,17.24,15
2026-04-12T13:30:00Z,NO1,66.64,15
2026-04-12T13:30:00Z,NO2,58.71,15
2026-04-12T13:30:00Z,NO3,91.84,15
2026-04-12T13:30:00Z,NO4,0.07,15
2026-04-12T13:30:00Z,NO5,116.31,15
2026-04-12T13:30:00Z,PL,17.04,15
2026-04-12T13:30:00Z,PT,-0.59,15
2026-04-12T13:30:00Z,RO,8.30,15
2026-04-12T13:30:00Z,RS,0.00,15
2026-04-12T13:30:00Z,SE1,8.52,15
2026-04-12T13:30:00Z,SE2,9.94,15
2026-04-12T13:30:00Z,SE3,15.23,15
2026-04-12T13:30:00Z,SE4,17.52,15
2026-04-12T13:30:00Z,SI,17.60,15
2026-04-12T13:30:00Z,SK,17.04,15
2026-04-12T13:45:00Z,AT,30.70,15
2026-04-12T13:45:00Z,BE,30.46,15
2026-04-12T13:45:00Z,CZ,30.15,15
2026-04-12T13:45:00Z,DE-LU,30.39,15
2026-04-12T13:45:00Z,DK1,30.39,15
2026-04-12T13:45:00Z,DK2,39.59,15
2026-04-12T13:45:00Z,EE,29.75,15
2026-04-12T13:45:00Z,ES,-0.60,15
2026-04-12T13:45:00Z,FI,41.77,15
2026-04-12T13:45:00Z,FR,30.54,15
2026-04-12T13:45:00Z,GR,-0.01,15
2026-04-12T13:45:00Z,HR,32.81,15
2026-04-12T13:45:00Z,HU,29.87,15
2026-04-12T13:45:00Z,IT-CNorth,44.39,15
2026-04-12T13:45:00Z,IT-CSouth,29.50,15
2026-04-12T13:45:00Z,IT-North,44.39,15
2026-04-12T13:45:00Z,IT-Sardinia,29.50,15
2026-04-12T13:45:00Z,IT-Sicily,14.00,15
2026-04-12T13:45:00Z,IT-South,14.00,15
2026-04-12T13:45:00Z,LT,29.75,15
2026-04-12T13:45:00Z,LV,29.75,15
2026-04-12T13:45:00Z,NL,30.43,15
2026-04-12T13:45:00Z,NO1,69.90,15
2026-04-12T13:45:00Z,NO2,62.14,15
2026-04-12T13:45:00Z,NO3,104.32,15
2026-04-12T13:45:00Z,NO4,13.88,15
2026-04-12T13:45:00Z,NO5,116.74,15
2026-04-12T13:45:00Z,PL,29.75,15
2026-04-12T13:45:00Z,PT,-0.60,15
2026-04-12T13:45:00Z,RO,0.65,15
2026-04-12T13:45:00Z,RS,0.00,15
2026-04-12T13:45:00Z,SE1,26.36,15
2026-04-12T13:45:00Z,SE2,28.26,15
2026-04-12T13:45:00Z,SE3,35.55,15
2026-04-12T13:45:00Z,SE4,38.70,15
2026-04-12T13:45:00Z,SI,31.60,15
2026-04-12T13:45:00Z,SK,29.74,15
2026-04-12T14:00:00Z,AT,31.75,15
2026-04-12T14:00:00Z,BE,29.78,15
2026-04-12T14:00:00Z,CH,67.41,60
2026-04-12T14:00:00Z,CZ,32.59,15
2026-04-12T14:00:00Z,DE-LU,33.09,15
2026-04-12T14:00:00Z,DK1,33.09,15
2026-04-12T14:00:00Z,DK2,25.03,15
2026-04-12T14:00:00Z,EE,26.20,15
2026-04-12T14:00:00Z,ES,-0.81,15
2026-04-12T14:00:00Z,FI,31.20,15
2026-04-12T14:00:00Z,FR,26.47,15
2026-04-12T14:00:00Z,GR,0.00,15
2026-04-12T14:00:00Z,HR,30.78,15
2026-04-12T14:00:00Z,HU,32.64,15
2026-04-12T14:00:00Z,IT-CNorth,55.31,15
2026-04-12T14:00:00Z,IT-CSouth,55.31,15
2026-04-12T14:00:00Z,IT-North,55.31,15
2026-04-12T14:00:00Z,IT-Sardinia,55.31,15
2026-04-12T14:00:00Z,IT-Sicily,1.00,15
2026-04-12T14:00:00Z,IT-South,1.00,15
2026-04-12T14:00:00Z,LT,26.20,15
2026-04-12T14:00:00Z,LV,26.20,15
2026-04-12T14:00:00Z,NL,32.24,15
2026-04-12T14:00:00Z,NO1,75.56,15
2026-04-12T14:00:00Z,NO2,65.61,15
2026-04-12T14:00:00Z,NO3,91.10,15
2026-04-12T14:00:00Z,NO4,-24.10,15
2026-04-12T14:00:00Z,NO5,125.22,15
2026-04-12T14:00:00Z,PL,32.63,15
2026-04-12T14:00:00Z,PT,-0.81,15
2026-04-12T14:00:00Z,RO,0.00,15
2026-04-12T14:00:00Z,RS,15.00,15
2026-04-12T14:00:00Z,SE1,-0.74,15
2026-04-12T14:00:00Z,SE2,3.46,15
2026-04-12T14:00:00Z,SE3,17.26,15
2026-04-12T14:00:00Z,SE4,23.31,15
2026-04-12T14:00:00Z,SI,31.30,15
2026-04-12T14:00:00Z,SK,32.54,15
2026-04-12T14:15:00Z,AT,55.06,15
2026-04-12T14:15:00Z,BE,43.85,15
2026-04-12T14:15:00Z,CZ,59.28,15
2026-04-12T14:15:00Z,DE-LU,62.55,15
2026-04-12T14:15:00Z,DK1,61.55,15
2026-04-12T14:15:00Z,DK2,60.42,15
2026-04-12T14:15:00Z,EE,31.03,15
2026-04-12T14:15:00Z,ES,-0.81,15
2026-04-12T14:15:00Z,FI,34.99,15
2026-04-12T14:15:00Z,FR,25.17,15
2026-04-12T14:15:00Z,GR,0.01,15
2026-04-12T14:15:00Z,HR,53.33,15
2026-04-12T14:15:00Z,HU,57.83,15
2026-04-12T14:15:00Z,IT-CNorth,55.31,15
2026-04-12T14:15:00Z,IT-CSouth,55.31,15
2026-04-12T14:15:00Z,IT-North,55.31,15
2026-04-12T14:15:00Z,IT-Sardinia,55.31,15
2026-04-12T14:15:00Z,IT-Sicily,30.00,15
2026-04-12T14:15:00Z,IT-South,30.00,15
2026-04-12T14:15:00Z,LT,31.03,15
2026-04-12T14:15:00Z,LV,31.03,15
2026-04-12T14:15:00Z,NL,57.80,15
2026-04-12T14:15:00Z,NO1,87.81,15
2026-04-12T14:15:00Z,NO2,79.90,15
2026-04-12T14:15:00Z,NO3,99.33,15
2026-04-12T14:15:00Z,NO4,-15.00,15
2026-04-12T14:15:00Z,NO5,125.86,15
2026-04-12T14:15:00Z,PL,59.62,15
2026-04-12T14:15:00Z,PT,-0.81,15
2026-04-12T14:15:00Z,RO,0.01,15
2026-04-12T14:15:00Z,RS,15.00,15
2026-04-12T14:15:00Z,SE1,9.88,15
2026-04-12T14:15:00Z,SE2,14.29,15
2026-04-12T14:15:00Z,SE3,28.84,15
2026-04-12T14:15:00Z,SE4,35.22,15
2026-04-12T14:15:00Z,SI,53.95,15
2026-04-12T14:15:00Z,SK,58.34,15
2026-04-12T14:30:00Z,AT,56.45,15
2026-04-12T14:30:00Z,BE,40.05,15
2026-04-12T14:30:00Z,CZ,62.48,15
2026-04-12T14:30:00Z,DE-LU,67.35,15
2026-04-12T14:30:00Z,DK1,66.13,15
2026-04-12T14:30:00Z,DK2,67.32,15
2026-04-12T14:30:00Z,EE,63.00,15
2026-04-12T14:30:00Z,ES,-0.81,15
2026-04-12T14:30:00Z,FI,62.93,15
2026-04-12T14:30:00Z,FR,12.77,15
2026-04-12T14:30:00Z,GR,2.56,15
2026-04-12T14:30:00Z,HR,54.71,15
2026-04-12T14:30:00Z,HU,59.99,15
2026-04-12T14:30:00Z,IT-CNorth,55.31,15
2026-04-12T14:30:00Z,IT-CSouth,55.31,15
2026-04-12T14:30:00Z,IT-North,55.31,15
2026-04-12T14:30:00Z,IT-Sardinia,55.31,15
2026-04-12T14:30:00Z,IT-Sicily,52.04,15
2026-04-12T14:30:00Z,IT-South,52.04,15
2026-04-12T14:30:00Z,LT,63.00,15
2026-04-12T14:30:00Z,LV,63.00,15
2026-04-12T14:30:00Z,NL,60.43,15
2026-04-12T14:30:00Z,NO1,100.08,15
2026-04-12T14:30:00Z,NO2,94.74,15
2026-04-12T14:30:00Z,NO3,106.43,15
2026-04-12T14:30:00Z,NO4,-10.54,15
2026-04-12T14:30:00Z,NO5,123.27,15
2026-04-12T14:30:00Z,PL,63.00,15
2026-04-12T14:30:00Z,PT,-0.81,15
2026-04-12T14:30:00Z,RO,2.56,15
2026-04-12T14:30:00Z,RS,15.00,15
2026-04-12T14:30:00Z,SE1,16.57,15
2026-04-12T14:30:00Z,SE2,21.51,15
2026-04-12T14:30:00Z,SE3,37.71,15
2026-04-12T14:30:00Z,SE4,44.82,15
2026-04-12T14:30:00Z,SI,55.12,15
2026-04-12T14:30:00Z,SK,60.97,15
2026-04-12T14:45:00Z,AT,89.51,15
2026-04-12T14:45:00Z,BE,62.68,15
2026-04-12T14:45:00Z,CZ,98.95,15
2026-04-12T14:45:00Z,DE-LU,107.21,15
2026-04-12T14:45:00Z,DK1,106.88,15
2026-04-12T14:45:00Z,DK2,107.19,15
2026-04-12T14:45:00Z,EE,99.86,15
2026-04-12T14:45:00Z,ES,-0.81,15
2026-04-12T14:45:00Z,FI,99.77,15
2026-04-12T14:45:00Z,FR,18.15,15
2026-04-12T14:45:00Z,GR,92.84,15
2026-04-12T14:45:00Z,HR,89.41,15
2026-04-12T14:45:00Z,HU,93.60,15
2026-04-12T14:45:00Z,IT-CNorth,67.42,15
2026-04-12T14:45:00Z,IT-CSouth,67.42,15
2026-04-12T14:45:00Z,IT-North,67.42,15
2026-04-12T14:45:00Z,IT-Sardinia,67.42,15
2026-04-12T14:45:00Z,IT-Sicily,67.42,15
2026-04-12T14:45:00Z,IT-South,67.42,15
2026-04-12T14:45:00Z,LT,99.86,15
2026-04-12T14:45:00Z,LV,99.86,15
2026-04-12T14:45:00Z,NL,95.95,15
2026-04-12T14:45:00Z,NO1,104.12,15
2026-04-12T14:45:00Z,NO2,99.18,15
2026-04-12T14:45:00Z,NO3,110.06,15
2026-04-12T14:45:00Z,NO4,2.75,15
2026-04-12T14:45:00Z,NO5,125.56,15
2026-04-12T14:45:00Z,PL,99.86,15
2026-04-12T14:45:00Z,PT,-0.81,15
2026-04-12T14:45:00Z,RO,92.84,15
2026-04-12T14:45:00Z,RS,15.00,15
2026-04-12T14:45:00Z,SE1,26.86,15
2026-04-12T14:45:00Z,SE2,31.47,15
2026-04-12T14:45:00Z,SE3,46.45,15
2026-04-12T14:45:00Z,SE4,53.02,15
2026-04-12T14:45:00Z,SI,88.39,15
2026-04-12T14:45:00Z,SK,96.01,15
2026-04-12T15:00:00Z,AT,57.16,15
2026-04-12T15:00:00Z,BE,47.34,15
2026-04-12T15:00:00Z,CH,103.67,60
2026-04-12T15:00:00Z,CZ,61.71,15
2026-04-12T15:00:00Z,DE-LU,64.22,15
2026-04-12T15:00:00Z,DK1,60.43,15
2026-04-12T15:00:00Z,DK2,63.14,15
2026-04-12T15:00:00Z,EE,62.41,15
2026-04-12T15:00:00Z,ES,-0.81,15
2026-04-12T15:00:00Z,FI,62.32,15
2026-04-12T15:00:00Z,FR,30.97,15
2026-04-12T15:00:00Z,GR,2.49,15
2026-04-12T15:00:00Z,HR,50.35,15
2026-04-12T15:00:00Z,HU,62.14,15
2026-04-12T15:00:00Z,IT-CNorth,55.31,15
2026-04-12T15:00:00Z,IT-CSouth,55.31,15
2026-04-12T15:00:00Z,IT-North,55.31,15
2026-04-12T15:00:00Z,IT-Sardinia,55.31,15
2026-04-12T15:00:00Z,IT-Sicily,55.31,15
2026-04-12T15:00:00Z,IT-South,55.31,15
2026-04-12T15:00:00Z,LT,62.41,15
2026-04-12T15:00:00Z,LV,62.41,15
2026-04-12T15:00:00Z,NL,60.43,15
2026-04-12T15:00:00Z,NO1,106.77,15
2026-04-12T15:00:00Z,NO2,100.81,15
2026-04-12T15:00:00Z,NO3,103.92,15
2026-04-12T15:00:00Z,NO4,-21.30,15
2026-04-12T15:00:00Z,NO5,125.18,15
2026-04-12T15:00:00Z,PL,65.70,15
2026-04-12T15:00:00Z,PT,-0.81,15
2026-04-12T15:00:00Z,RO,2.49,15
2026-04-12T15:00:00Z,RS,91.13,15
2026-04-12T15:00:00Z,SE1,10.49,15
2026-04-12T15:00:00Z,SE2,16.23,15
2026-04-12T15:00:00Z,SE3,35.06,15
2026-04-12T15:00:00Z,SE4,43.41,15
2026-04-12T15:00:00Z,SI,54.07,15
2026-04-12T15:00:00Z,SK,61.90,15
2026-04-12T15:15:00Z,AT,84.71,15
2026-04-12T15:15:00Z,BE,62.81,15
2026-04-12T15:15:00Z,CZ,91.73,15
2026-04-12T15:15:00Z,DE-LU,98.68,15
2026-04-12T15:15:00Z,DK1,90.78,15
2026-04-12T15:15:00Z,DK2,92.43,15
2026-04-12T15:15:00Z,EE,92.40,15
2026-04-12T15:15:00Z,ES,-0.81,15
2026-04-12T15:15:00Z,FI,92.28,15
2026-04-12T15:15:00Z,FR,27.92,15
2026-04-12T15:15:00Z,GR,87.10,15
2026-04-12T15:15:00Z,HR,84.37,15
2026-04-12T15:15:00Z,HU,87.67,15
2026-04-12T15:15:00Z,IT-CNorth,83.67,15
2026-04-12T15:15:00Z,IT-CSouth,83.67,15
2026-04-12T15:15:00Z,IT-North,83.67,15
2026-04-12T15:15:00Z,IT-Sardinia,83.67,15
2026-04-12T15:15:00Z,IT-Sicily,83.67,15
2026-04-12T15:15:00Z,IT-South,83.67,15
2026-04-12T15:15:00Z,LT,92.40,15
2026-04-12T15:15:00Z,LV,92.40,15
2026-04-12T15:15:00Z,NL,90.78,15
2026-04-12T15:15:00Z,NO1,109.33,15
2026-04-12T15:15:00Z,NO2,103.65,15
2026-04-12T15:15:00Z,NO3,106.66,15
2026-04-12T15:15:00Z,NO4,-11.84,15
2026-04-12T15:15:00Z,NO5,126.85,15
2026-04-12T15:15:00Z,PL,92.40,15
2026-04-12T15:15:00Z,PT,-0.81,15
2026-04-12T15:15:00Z,RO,87.10,15
2026-04-12T15:15:00Z,RS,91.13,15
2026-04-12T15:15:00Z,SE1,17.61,15
2026-04-12T15:15:00Z,SE2,23.11,15
2026-04-12T15:15:00Z,SE3,41.04,15
2026-04-12T15:15:00Z,SE4,48.99,15
2026-04-12T15:15:00Z,SI,83.67,15
2026-04-12T15:15:00Z,SK,89.45,15
2026-04-12T15:30:00Z,AT,115.40,15
2026-04-12T15:30:00Z,BE,88.06,15
2026-04-12T15:30:00Z,CZ,124.16,15
2026-04-12T15:30:00Z,DE-LU,132.84,15
2026-04-12T15:30:00Z,DK1,122.98,15
2026-04-12T15:30:00Z,DK2,125.21,15
2026-04-12T15:30:00Z,EE,125.00,15
2026-04-12T15:30:00Z,ES,-0.75,15
2026-04-12T15:30:00Z,FI,124.85,15
2026-04-12T15:30:00Z,FR,44.49,15
2026-04-12T15:30:00Z,GR,118.38,15
2026-04-12T15:30:00Z,HR,114.97,15
2026-04-12T15:30:00Z,HU,119.09,15
2026-04-12T15:30:00Z,IT-CNorth,114.10,15
2026-04-12T15:30:00Z,IT-CSouth,114.10,15
2026-04-12T15:30:00Z,IT-North,114.10,15
2026-04-12T15:30:00Z,IT-Sardinia,114.10,15
2026-04-12T15:30:00Z,IT-Sicily,114.10,15
2026-04-12T15:30:00Z,IT-South,114.10,15
2026-04-12T15:30:00Z,LT,125.00,15
2026-04-12T15:30:00Z,LV,125.00,15
2026-04-12T15:30:00Z,NL,122.98,15
2026-04-12T15:30:00Z,NO1,111.83,15
2026-04-12T15:30:00Z,NO2,106.45,15
2026-04-12T15:30:00Z,NO3,109.36,15
2026-04-12T15:30:00Z,NO4,-2.28,15
2026-04-12T15:30:00Z,NO5,128.47,15
2026-04-12T15:30:00Z,PL,125.00,15
2026-04-12T15:30:00Z,PT,-0.75,15
2026-04-12T15:30:00Z,RO,118.38,15
2026-04-12T15:30:00Z,RS,91.13,15
2026-04-12T15:30:00Z,SE1,24.74,15
2026-04-12T15:30:00Z,SE2,30.00,15
2026-04-12T15:30:00Z,SE3,47.02,15
2026-04-12T15:30:00Z,SE4,54.57,15
2026-04-12T15:30:00Z,SI,114.10,15
2026-04-12T15:30:00Z,SK,121.31,15
2026-04-12T15:45:00Z,AT,129.96,15
2026-04-12T15:45:00Z,BE,106.43,15
2026-04-12T15:45:00Z,CZ,137.50,15
2026-04-12T15:45:00Z,DE-LU,144.97,15
2026-04-12T15:45:00Z,DK1,136.48,15
2026-04-12T15:45:00Z,DK2,138.97,15
2026-04-12T15:45:00Z,EE,148.59,15
2026-04-12T15:45:00Z,ES,-0.50,15
2026-04-12T15:45:00Z,FI,148.44,15
2026-04-12T15:45:00Z,FR,68.93,15
2026-04-12T15:45:00Z,GR,132.52,15
2026-04-12T15:45:00Z,HR,129.59,15
2026-04-12T15:45:00Z,HU,133.14,15
2026-04-12T15:45:00Z,IT-CNorth,128.84,15
2026-04-12T15:45:00Z,IT-CSouth,128.84,15
2026-04-12T15:45:00Z,IT-North,128.84,15
2026-04-12T15:45:00Z,IT-Sardinia,128.84,15
2026-04-12T15:45:00Z,IT-Sicily,128.84,15
2026-04-12T15:45:00Z,IT-South,128.84,15
2026-04-12T15:45:00Z,LT,148.59,15
2026-04-12T15:45:00Z,LV,148.59,15
2026-04-12T15:45:00Z,NL,136.48,15
2026-04-12T15:45:00Z,NO1,114.71,15
2026-04-12T15:45:00Z,NO2,110.45,15
2026-04-12T15:45:00Z,NO3,111.26,15
2026-04-12T15:45:00Z,NO4,22.26,15
2026-04-12T15:45:00Z,NO5,127.86,15
2026-04-12T15:45:00Z,PL,138.22,15
2026-04-12T15:45:00Z,PT,-0.50,15
2026-04-12T15:45:00Z,RO,132.52,15
2026-04-12T15:45:00Z,RS,91.13,15
2026-04-12T15:45:00Z,SE1,43.59,15
2026-04-12T15:45:00Z,SE2,47.50,15
2026-04-12T15:45:00Z,SE3,63.90,15
2026-04-12T15:45:00Z,SE4,70.34,15
2026-04-12T15:45:00Z,SI,128.84,15
2026-04-12T15:45:00Z,SK,135.05,15
2026-04-12T16:00:00Z,AT,108.65,15
2026-04-12T16:00:00Z,BE,105.07,15
2026-04-12T16:00:00Z,CH,130.09,60
2026-04-12T16:00:00Z,CZ,115.87,15
2026-04-12T16:00:00Z,DE-LU,123.00,15
2026-04-12T16:00:00Z,DK1,117.65,15
2026-04-12T16:00:00Z,DK2,119.80,15
2026-04-12T16:00:00Z,EE,100.80,15
2026-04-12T16:00:00Z,ES,-0.05,15
2026-04-12T16:00:00Z,FI,100.67,15
2026-04-12T16:00:00Z,FR,46.13,15
2026-04-12T16:00:00Z,GR,111.27,15
2026-04-12T16:00:00Z,HR,108.49,15
2026-04-12T16:00:00Z,HU,111.84,15
2026-04-12T16:00:00Z,IT-CNorth,108.65,15
2026-04-12T16:00:00Z,IT-CSouth,108.65,15
2026-04-12T16:00:00Z,IT-North,108.65,15
2026-04-12T16:00:00Z,IT-Sardinia,108.65,15
2026-04-12T16:00:00Z,IT-Sicily,108.65,15
2026-04-12T16:00:00Z,IT-South,108.65,15
2026-04-12T16:00:00Z,LT,100.80,15
2026-04-12T16:00:00Z,LV,100.80,15
2026-04-12T16:00:00Z,NL,117.65,15
2026-04-12T16:00:00Z,NO1,116.68,15
2026-04-12T16:00:00Z,NO2,114.03,15
2026-04-12T16:00:00Z,NO3,103.14,15
2026-04-12T16:00:00Z,NO4,-1.00,15
2026-04-12T16:00:00Z,NO5,125.03,15
2026-04-12T16:00:00Z,PL,116.79,15
2026-04-12T16:00:00Z,PT,-0.05,15
2026-04-12T16:00:00Z,RO,111.27,15
2026-04-12T16:00:00Z,RS,120.09,15
2026-04-12T16:00:00Z,SE1,22.68,15
2026-04-12T16:00:00Z,SE2,21.96,15
2026-04-12T16:00:00Z,SE3,81.15,15
2026-04-12T16:00:00Z,SE4,94.95,15
2026-04-12T16:00:00Z,SI,107.71,15
2026-04-12T16:00:00Z,SK,113.63,15
2026-04-12T16:15:00Z,AT,119.42,15
2026-04-12T16:15:00Z,BE,115.92,15
2026-04-12T16:15:00Z,CZ,125.24,15
2026-04-12T16:15:00Z,DE-LU,130.98,15
2026-04-12T16:15:00Z,DK1,126.49,15
2026-04-12T16:15:00Z,DK2,128.80,15
2026-04-12T16:15:00Z,EE,125.98,15
2026-04-12T16:15:00Z,ES,-0.01,15
2026-04-12T16:15:00Z,FI,125.82,15
2026-04-12T16:15:00Z,FR,67.99,15
2026-04-12T16:15:00Z,GR,121.53,15
2026-04-12T16:15:00Z,HR,119.29,15
2026-04-12T16:15:00Z,HU,121.99,15
2026-04-12T16:15:00Z,IT-CNorth,119.42,15
2026-04-12T16:15:00Z,IT-CSouth,119.42,15
2026-04-12T16:15:00Z,IT-North,119.42,15
2026-04-12T16:15:00Z,IT-Sardinia,119.42,15
2026-04-12T16:15:00Z,IT-Sicily,119.42,15
2026-04-12T16:15:00Z,IT-South,119.42,15
2026-04-12T16:15:00Z,LT,125.98,15
2026-04-12T16:15:00Z,LV,125.98,15
2026-04-12T16:15:00Z,NL,126.49,15
2026-04-12T16:15:00Z,NO1,117.08,15
2026-04-12T16:15:00Z,NO2,115.12,15
2026-04-12T16:15:00Z,NO3,95.63,15
2026-04-12T16:15:00Z,NO4,2.48,15
2026-04-12T16:15:00Z,NO5,123.08,15
2026-04-12T16:15:00Z,PL,125.98,15
2026-04-12T16:15:00Z,PT,-0.01,15
2026-04-12T16:15:00Z,RO,121.53,15
2026-04-12T16:15:00Z,RS,120.09,15
2026-04-12T16:15:00Z,SE1,24.16,15
2026-04-12T16:15:00Z,SE2,21.85,15
2026-04-12T16:15:00Z,SE3,89.99,15
2026-04-12T16:15:00Z,SE4,104.94,15
2026-04-12T16:15:00Z,SI,118.66,15
2026-04-12T16:15:00Z,SK,123.43,15
2026-04-12T16:30:00Z,AT,132.68,15
2026-04-12T16:30:00Z,BE,132.76,15
2026-04-12T16:30:00Z,CZ,136.42,15
2026-04-12T16:30:00Z,DE-LU,140.14,15
2026-04-12T16:30:00Z,DK1,137.93,15
2026-04-12T16:30:00Z,DK2,140.45,15
2026-04-12T16:30:00Z,EE,132.82,15
2026-04-12T16:30:00Z,ES,0.00,15
2026-04-12T16:30:00Z,FI,132.67,15
2026-04-12T16:30:00Z,FR,103.55,15
2026-04-12T16:30:00Z,GR,134.04,15
2026-04-12T16:30:00Z,HR,132.59,15
2026-04-12T16:30:00Z,HU,134.34,15
2026-04-12T16:30:00Z,IT-CNorth,132.19,15
2026-04-12T16:30:00Z,IT-CSouth,132.19,15
2026-04-12T16:30:00Z,IT-North,132.19,15
2026-04-12T16:30:00Z,IT-Sardinia,132.19,15
2026-04-12T16:30:00Z,IT-Sicily,132.19,15
2026-04-12T16:30:00Z,IT-South,132.19,15
2026-04-12T16:30:00Z,LT,132.82,15
2026-04-12T16:30:00Z,LV,132.82,15
2026-04-12T16:30:00Z,NL,137.93,15
2026-04-12T16:30:00Z,NO1,119.77,15
2026-04-12T16:30:00Z,NO2,116.84,15
2026-04-12T16:30:00Z,NO3,77.97,15
2026-04-12T16:30:00Z,NO4,17.26,15
2026-04-12T16:30:00Z,NO5,123.78,15
2026-04-12T16:30:00Z,PL,136.91,15
2026-04-12T16:30:00Z,PT,0.00,15
2026-04-12T16:30:00Z,RO,134.04,15
2026-04-12T16:30:00Z,RS,120.09,15
2026-04-12T16:30:00Z,SE1,30.07,15
2026-04-12T16:30:00Z,SE2,24.20,15
2026-04-12T16:30:00Z,SE3,105.89,15
2026-04-12T16:30:00Z,SE4,123.65,15
2026-04-12T16:30:00Z,SI,132.19,15
2026-04-12T16:30:00Z,SK,135.26,15
2026-04-12T16:45:00Z,AT,147.34,15
2026-04-12T16:45:00Z,BE,147.38,15
2026-04-12T16:45:00Z,CZ,147.52,15
2026-04-12T16:45:00Z,DE-LU,147.43,15
2026-04-12T16:45:00Z,DK1,144.77,15
2026-04-12T16:45:00Z,DK2,147.42,15
2026-04-12T16:45:00Z,EE,142.52,15
2026-04-12T16:45:00Z,ES,0.00,15
2026-04-12T16:45:00Z,FI,142.36,15
2026-04-12T16:45:00Z,FR,147.34,15
2026-04-12T16:45:00Z,GR,140.76,15
2026-04-12T16:45:00Z,HR,146.26,15
2026-04-12T16:45:00Z,HU,147.89,15
2026-04-12T16:45:00Z,IT-CNorth,147.34,15
2026-04-12T16:45:00Z,IT-CSouth,147.34,15
2026-04-12T16:45:00Z,IT-North,147.34,15
2026-04-12T16:45:00Z,IT-Sardinia,147.34,15
2026-04-12T16:45:00Z,IT-Sicily,147.34,15
2026-04-12T16:45:00Z,IT-South,147.34,15
2026-04-12T16:45:00Z,LT,142.52,15
2026-04-12T16:45:00Z,LV,142.52,15
2026-04-12T16:45:00Z,NL,147.40,15
2026-04-12T16:45:00Z,NO1,121.31,15
2026-04-12T16:45:00Z,NO2,116.90,15
2026-04-12T16:45:00Z,NO3,60.95,15
2026-04-12T16:45:00Z,NO4,25.67,15
2026-04-12T16:45:00Z,NO5,124.74,15
2026-04-12T16:45:00Z,PL,147.58,15
2026-04-12T16:45:00Z,PT,0.00,15
2026-04-12T16:45:00Z,RO,140.76,15
2026-04-12T16:45:00Z,RS,120.09,15
2026-04-12T16:45:00Z,SE1,31.10,15
2026-04-12T16:45:00Z,SE2,21.96,15
2026-04-12T16:45:00Z,SE3,118.23,15
2026-04-12T16:45:00Z,SE4,139.06,15
2026-04-12T16:45:00Z,SI,146.96,15
2026-04-12T16:45:00Z,SK,147.71,15
2026-04-12T17:00:00Z,AT,132.17,15
2026-04-12T17:00:00Z,BE,132.89,15
2026-04-12T17:00:00Z,CH,145.99,60
2026-04-12T17:00:00Z,CZ,135.61,15
2026-04-12T17:00:00Z,DE-LU,138.38,15
2026-04-12T17:00:00Z,DK1,136.97,15
2026-04-12T17:00:00Z,DK2,138.38,15
2026-04-12T17:00:00Z,EE,129.62,15
2026-04-12T17:00:00Z,ES,0.84,15
2026-04-12T17:00:00Z,FI,129.48,15
2026-04-12T17:00:00Z,FR,101.79,15
2026-04-12T17:00:00Z,GR,133.43,15
2026-04-12T17:00:00Z,HR,132.22,15
2026-04-12T17:00:00Z,HU,133.70,15
2026-04-12T17:00:00Z,IT-CNorth,131.75,15
2026-04-12T17:00:00Z,IT-CSouth,131.75,15
2026-04-12T17:00:00Z,IT-North,131.75,15
2026-04-12T17:00:00Z,IT-Sardinia,130.50,15
2026-04-12T17:00:00Z,IT-Sicily,131.75,15
2026-04-12T17:00:00Z,IT-South,131.75,15
2026-04-12T17:00:00Z,LT,129.62,15
2026-04-12T17:00:00Z,LV,129.62,15
2026-04-12T17:00:00Z,NL,136.97,15
2026-04-12T17:00:00Z,NO1,123.03,15
2026-04-12T17:00:00Z,NO2,118.67,15
2026-04-12T17:00:00Z,NO3,71.27,15
2026-04-12T17:00:00Z,NO4,18.86,15
2026-04-12T17:00:00Z,NO5,126.61,15
2026-04-12T17:00:00Z,PL,136.08,15
2026-04-12T17:00:00Z,PT,0.84,15
2026-04-12T17:00:00Z,RO,133.43,15
2026-04-12T17:00:00Z,RS,139.94,15
2026-04-12T17:00:00Z,SE1,29.82,15
2026-04-12T17:00:00Z,SE2,22.31,15
2026-04-12T17:00:00Z,SE3,111.92,15
2026-04-12T17:00:00Z,SE4,131.56,15
2026-04-12T17:00:00Z,SI,131.75,15
2026-04-12T17:00:00Z,SK,134.56,15
2026-04-12T17:15:00Z,AT,132.43,15
2026-04-12T17:15:00Z,BE,133.71,15
2026-04-12T17:15:00Z,CZ,135.19,15
2026-04-12T17:15:00Z,DE-LU,137.36,15
2026-04-12T17:15:00Z,DK1,136.59,15
2026-04-12T17:15:00Z,DK2,137.35,15
2026-04-12T17:15:00Z,EE,129.21,15
2026-04-12T17:15:00Z,ES,4.15,15
2026-04-12T17:15:00Z,FI,129.07,15
2026-04-12T17:15:00Z,FR,111.91,15
2026-04-12T17:15:00Z,GR,131.61,15
2026-04-12T17:15:00Z,HR,132.13,15
2026-04-12T17:15:00Z,HU,133.79,15
2026-04-12T17:15:00Z,IT-CNorth,132.00,15
2026-04-12T17:15:00Z,IT-CSouth,132.00,15
2026-04-12T17:15:00Z,IT-North,132.00,15
2026-04-12T17:15:00Z,IT-Sardinia,131.25,15
2026-04-12T17:15:00Z,IT-Sicily,132.00,15
2026-04-12T17:15:00Z,IT-South,132.00,15
2026-04-12T17:15:00Z,LT,129.21,15
2026-04-12T17:15:00Z,LV,129.21,15
2026-04-12T17:15:00Z,NL,136.59,15
2026-04-12T17:15:00Z,NO1,123.06,15
2026-04-12T17:15:00Z,NO2,118.75,15
2026-04-12T17:15:00Z,NO3,71.21,15
2026-04-12T17:15:00Z,NO4,16.94,15
2026-04-12T17:15:00Z,NO5,126.71,15
2026-04-12T17:15:00Z,PL,135.58,15
2026-04-12T17:15:00Z,PT,4.15,15
2026-04-12T17:15:00Z,RO,131.61,15
2026-04-12T17:15:00Z,RS,139.94,15
2026-04-12T17:15:00Z,SE1,28.38,15
2026-04-12T17:15:00Z,SE2,20.89,15
2026-04-12T17:15:00Z,SE3,111.34,15
2026-04-12T17:15:00Z,SE4,131.17,15
2026-04-12T17:15:00Z,SI,132.00,15
2026-04-12T17:15:00Z,SK,134.42,15
2026-04-12T17:30:00Z,AT,142.19,15
2026-04-12T17:30:00Z,BE,142.88,15
2026-04-12T17:30:00Z,CZ,144.50,15
2026-04-12T17:30:00Z,DE-LU,146.27,15
2026-04-12T17:30:00Z,DK1,145.46,15
2026-04-12T17:30:00Z,DK2,146.26,15
2026-04-12T17:30:00Z,EE,130.93,15
2026-04-12T17:30:00Z,ES,14.00,15
2026-04-12T17:30:00Z,FI,130.78,15
2026-04-12T17:30:00Z,FR,125.10,15
2026-04-12T17:30:00Z,GR,140.47,15
2026-04-12T17:30:00Z,HR,141.73,15
2026-04-12T17:30:00Z,HU,143.39,15
2026-04-12T17:30:00Z,IT-CNorth,141.76,15
2026-04-12T17:30:00Z,IT-CSouth,141.76,15
2026-04-12T17:30:00Z,IT-North,141.76,15
2026-04-12T17:30:00Z,IT-Sardinia,131.25,15
2026-04-12T17:30:00Z,IT-Sicily,141.76,15
2026-04-12T17:30:00Z,IT-South,141.76,15
2026-04-12T17:30:00Z,LT,130.93,15
2026-04-12T17:30:00Z,LV,130.93,15
2026-04-12T17:30:00Z,NL,145.46,15
2026-04-12T17:30:00Z,NO1,123.39,15
2026-04-12T17:30:00Z,NO2,118.86,15
2026-04-12T17:30:00Z,NO3,68.31,15
2026-04-12T17:30:00Z,NO4,14.68,15
2026-04-12T17:30:00Z,NO5,126.91,15
2026-04-12T17:30:00Z,PL,144.82,15
2026-04-12T17:30:00Z,PT,14.00,15
2026-04-12T17:30:00Z,RO,140.47,15
2026-04-12T17:30:00Z,RS,139.94,15
2026-04-12T17:30:00Z,SE1,25.82,15
2026-04-12T17:30:00Z,SE2,17.82,15
2026-04-12T17:30:00Z,SE3,112.27,15
2026-04-12T17:30:00Z,SE4,132.98,15
2026-04-12T17:30:00Z,SI,141.76,15
2026-04-12T17:30:00Z,SK,143.88,15
2026-04-12T17:45:00Z,AT,157.05,15
2026-04-12T17:45:00Z,BE,157.05,15
2026-04-12T17:45:00Z,CZ,157.05,15
2026-04-12T17:45:00Z,DE-LU,157.05,15
2026-04-12T17:45:00Z,DK1,157.05,15
2026-04-12T17:45:00Z,DK2,157.04,15
2026-04-12T17:45:00Z,EE,125.70,15
2026-04-12T17:45:00Z,ES,16.55,15
2026-04-12T17:45:00Z,FI,125.55,15
2026-04-12T17:45:00Z,FR,157.05,15
2026-04-12T17:45:00Z,GR,157.05,15
2026-04-12T17:45:00Z,HR,157.05,15
2026-04-12T17:45:00Z,HU,157.05,15
2026-04-12T17:45:00Z,IT-CNorth,157.05,15
2026-04-12T17:45:00Z,IT-CSouth,157.05,15
2026-04-12T17:45:00Z,IT-North,157.05,15
2026-04-12T17:45:00Z,IT-Sardinia,131.35,15
2026-04-12T17:45:00Z,IT-Sicily,157.05,15
2026-04-12T17:45:00Z,IT-South,157.05,15
2026-04-12T17:45:00Z,LT,125.70,15
2026-04-12T17:45:00Z,LV,125.70,15
2026-04-12T17:45:00Z,NL,157.05,15
2026-04-12T17:45:00Z,NO1,122.86,15
2026-04-12T17:45:00Z,NO2,118.94,15
2026-04-12T17:45:00Z,NO3,72.12,15
2026-04-12T17:45:00Z,NO4,6.70,15
2026-04-12T17:45:00Z,NO5,126.92,15
2026-04-12T17:45:00Z,PL,157.05,15
2026-04-12T17:45:00Z,PT,16.55,15
2026-04-12T17:45:00Z,RO,157.05,15
2026-04-12T17:45:00Z,RS,139.94,15
2026-04-12T17:45:00Z,SE1,21.12,15
2026-04-12T17:45:00Z,SE2,13.99,15
2026-04-12T17:45:00Z,SE3,107.24,15
2026-04-12T17:45:00Z,SE4,127.72,15
2026-04-12T17:45:00Z,SI,157.05,15
2026-04-12T17:45:00Z,SK,157.05,15
2026-04-12T18:00:00Z,AT,144.66,15
2026-04-12T18:00:00Z,BE,143.21,15
2026-04-12T18:00:00Z,CH,144.10,60
2026-04-12T18:00:00Z,CZ,148.12,15
2026-04-12T18:00:00Z,DE-LU,150.82,15
2026-04-12T18:00:00Z,DK1,148.88,15
2026-04-12T18:00:00Z,DK2,150.81,15
2026-04-12T18:00:00Z,EE,142.33,15
2026-04-12T18:00:00Z,ES,19.00,15
2026-04-12T18:00:00Z,FI,142.17,15
2026-04-12T18:00:00Z,FR,117.97,15
2026-04-12T18:00:00Z,GR,145.91,15
2026-04-12T18:00:00Z,HR,144.69,15
2026-04-12T18:00:00Z,HU,146.19,15
2026-04-12T18:00:00Z,IT-CNorth,144.21,15
2026-04-12T18:00:00Z,IT-CSouth,144.21,15
2026-04-12T18:00:00Z,IT-North,144.21,15
2026-04-12T18:00:00Z,IT-Sardinia,137.61,15
2026-04-12T18:00:00Z,IT-Sicily,144.21,15
2026-04-12T18:00:00Z,IT-South,144.21,15
2026-04-12T18:00:00Z,LT,142.33,15
2026-04-12T18:00:00Z,LV,142.33,15
2026-04-12T18:00:00Z,NL,148.88,15
2026-04-12T18:00:00Z,NO1,126.36,15
2026-04-12T18:00:00Z,NO2,122.11,15
2026-04-12T18:00:00Z,NO3,62.25,15
2026-04-12T18:00:00Z,NO4,20.55,15
2026-04-12T18:00:00Z,NO5,127.82,15
2026-04-12T18:00:00Z,PL,148.58,15
2026-04-12T18:00:00Z,PT,19.00,15
2026-04-12T18:00:00Z,RO,145.91,15
2026-04-12T18:00:00Z,RS,149.99,15
2026-04-12T18:00:00Z,SE1,30.14,15
2026-04-12T18:00:00Z,SE2,19.10,15
2026-04-12T18:00:00Z,SE3,121.89,15
2026-04-12T18:00:00Z,SE4,143.84,15
2026-04-12T18:00:00Z,SI,144.21,15
2026-04-12T18:00:00Z,SK,147.06,15
2026-04-12T18:15:00Z,AT,145.95,15
2026-04-12T18:15:00Z,BE,144.82,15
2026-04-12T18:15:00Z,CZ,147.61,15
2026-04-12T18:15:00Z,DE-LU,148.84,15
2026-04-12T18:15:00Z,DK1,147.83,15
2026-04-12T18:15:00Z,DK2,148.83,15
2026-04-12T18:15:00Z,EE,136.43,15
2026-04-12T18:15:00Z,ES,35.00,15
2026-04-12T18:15:00Z,FI,136.28,15
2026-04-12T18:15:00Z,FR,133.45,15
2026-04-12T18:15:00Z,GR,144.91,15
2026-04-12T18:15:00Z,HR,145.64,15
2026-04-12T18:15:00Z,HU,146.80,15
2026-04-12T18:15:00Z,IT-CNorth,145.64,15
2026-04-12T18:15:00Z,IT-CSouth,145.64,15
2026-04-12T18:15:00Z,IT-North,145.64,15
2026-04-12T18:15:00Z,IT-Sardinia,137.61,15
2026-04-12T18:15:00Z,IT-Sicily,145.64,15
2026-04-12T18:15:00Z,IT-South,145.64,15
2026-04-12T18:15:00Z,LT,136.43,15
2026-04-12T18:15:00Z,LV,136.43,15
2026-04-12T18:15:00Z,NL,147.83,15
2026-04-12T18:15:00Z,NO1,125.94,15
2026-04-12T18:15:00Z,NO2,121.86,15
2026-04-12T18:15:00Z,NO3,64.01,15
2026-04-12T18:15:00Z,NO4,17.85,15
2026-04-12T18:15:00Z,NO5,127.72,15
2026-04-12T18:15:00Z,PL,147.83,15
2026-04-12T18:15:00Z,PT,27.88,15
2026-04-12T18:15:00Z,RO,144.91,15
2026-04-12T18:15:00Z,RS,149.99,15
2026-04-12T18:15:00Z,SE1,27.89,15
2026-04-12T18:15:00Z,SE2,17.66,15
2026-04-12T18:15:00Z,SE3,116.85,15
2026-04-12T18:15:00Z,SE4,138.52,15
2026-04-12T18:15:00Z,SI,145.64,15
2026-04-12T18:15:00Z,SK,147.16,15
2026-04-12T18:30:00Z,AT,144.33,15
2026-04-12T18:30:00Z,BE,143.27,15
2026-04-12T18:30:00Z,CZ,145.89,15
2026-04-12T18:30:00Z,DE-LU,147.04,15
2026-04-12T18:30:00Z,DK1,146.09,15
2026-04-12T18:30:00Z,DK2,147.04,15
2026-04-12T18:30:00Z,EE,125.34,15
2026-04-12T18:30:00Z,ES,35.02,15
2026-04-12T18:30:00Z,FI,125.20,15
2026-04-12T18:30:00Z,FR,132.60,15
2026-04-12T18:30:00Z,GR,143.17,15
2026-04-12T18:30:00Z,HR,144.04,15
2026-04-12T18:30:00Z,HU,145.13,15
2026-04-12T18:30:00Z,IT-CNorth,144.33,15
2026-04-12T18:30:00Z,IT-CSouth,144.33,15
2026-04-12T18:30:00Z,IT-North,144.33,15
2026-04-12T18:30:00Z,IT-Sardinia,137.61,15
2026-04-12T18:30:00Z,IT-Sicily,144.33,15
2026-04-12T18:30:00Z,IT-South,144.33,15
2026-04-12T18:30:00Z,LT,125.34,15
2026-04-12T18:30:00Z,LV,125.34,15
2026-04-12T18:30:00Z,NL,146.09,15
2026-04-12T18:30:00Z,NO1,124.43,15
2026-04-12T18:30:00Z,NO2,121.62,15
2026-04-12T18:30:00Z,NO3,72.85,15
2026-04-12T18:30:00Z,NO4,6.00,15
2026-04-12T18:30:00Z,NO5,127.36,15
2026-04-12T18:30:00Z,PL,146.10,15
2026-04-12T18:30:00Z,PT,30.00,15
2026-04-12T18:30:00Z,RO,143.35,15
2026-04-12T18:30:00Z,RS,149.99,15
2026-04-12T18:30:00Z,SE1,22.06,15
2026-04-12T18:30:00Z,SE2,14.00,15
2026-04-12T18:30:00Z,SE3,106.92,15
2026-04-12T18:30:00Z,SE4,127.30,15
2026-04-12T18:30:00Z,SI,144.04,15
2026-04-12T18:30:00Z,SK,145.46,15
2026-04-12T18:45:00Z,AT,139.61,15
2026-04-12T18:45:00Z,BE,139.40,15
2026-04-12T18:45:00Z,CZ,140.12,15
2026-04-12T18:45:00Z,DE-LU,140.51,15
2026-04-12T18:45:00Z,DK1,140.23,15
2026-04-12T18:45:00Z,DK2,140.49,15
2026-04-12T18:45:00Z,EE,100.80,15
2026-04-12T18:45:00Z,ES,54.71,15
2026-04-12T18:45:00Z,FI,100.67,15
2026-04-12T18:45:00Z,FR,135.70,15
2026-04-12T18:45:00Z,GR,139.79,15
2026-04-12T18:45:00Z,HR,139.61,15
2026-04-12T18:45:00Z,HU,139.83,15
2026-04-12T18:45:00Z,IT-CNorth,139.61,15
2026-04-12T18:45:00Z,IT-CSouth,139.61,15
2026-04-12T18:45:00Z,IT-North,139.61,15
2026-04-12T18:45:00Z,IT-Sardinia,137.61,15
2026-04-12T18:45:00Z,IT-Sicily,139.61,15
2026-04-12T18:45:00Z,IT-South,139.61,15
2026-04-12T18:45:00Z,LT,100.80,15
2026-04-12T18:45:00Z,LV,100.80,15
2026-04-12T18:45:00Z,NL,140.23,15
2026-04-12T18:45:00Z,NO1,123.11,15
2026-04-12T18:45:00Z,NO2,121.53,15
2026-04-12T18:45:00Z,NO3,81.60,15
2026-04-12T18:45:00Z,NO4,-0.78,15
2026-04-12T18:45:00Z,NO5,126.60,15
2026-04-12T18:45:00Z,PL,140.18,15
2026-04-12T18:45:00Z,PT,31.04,15
2026-04-12T18:45:00Z,RO,139.79,15
2026-04-12T18:45:00Z,RS,149.99,15
2026-04-12T18:45:00Z,SE1,16.32,15
2026-04-12T18:45:00Z,SE2,11.87,15
2026-04-12T18:45:00Z,SE3,86.61,15
2026-04-12T18:45:00Z,SE4,105.24,15
2026-04-12T18:45:00Z,SI,139.54,15
2026-04-12T18:45:00Z,SK,139.96,15
2026-04-12T19:00:00Z,AT,140.92,15
2026-04-12T19:00:00Z,BE,140.92,15
2026-04-12T19:00:00Z,CH,132.44,60
2026-04-12T19:00:00Z,CZ,140.92,15
2026-04-12T19:00:00Z,DE-LU,140.92,15
2026-04-12T19:00:00Z,DK1,140.92,15
2026-04-12T19:00:00Z,DK2,140.91,15
2026-04-12T19:00:00Z,EE,133.21,15
2026-04-12T19:00:00Z,ES,65.05,15
2026-04-12T19:00:00Z,FI,133.05,15
2026-04-12T19:00:00Z,FR,140.92,15
2026-04-12T19:00:00Z,GR,140.92,15
2026-04-12T19:00:00Z,HR,140.92,15
2026-04-12T19:00:00Z,HU,140.92,15
2026-04-12T19:00:00Z,IT-CNorth,140.92,15
2026-04-12T19:00:00Z,IT-CSouth,140.92,15
2026-04-12T19:00:00Z,IT-North,140.92,15
2026-04-12T19:00:00Z,IT-Sardinia,135.30,15
2026-04-12T19:00:00Z,IT-Sicily,140.92,15
2026-04-12T19:00:00Z,IT-South,140.92,15
2026-04-12T19:00:00Z,LT,133.21,15
2026-04-12T19:00:00Z,LV,133.21,15
2026-04-12T19:00:00Z,NL,140.92,15
2026-04-12T19:00:00Z,NO1,129.29,15
2026-04-12T19:00:00Z,NO2,129.67,15
2026-04-12T19:00:00Z,NO3,75.00,15
2026-04-12T19:00:00Z,NO4,11.26,15
2026-04-12T19:00:00Z,NO5,126.88,15
2026-04-12T19:00:00Z,PL,140.92,15
2026-04-12T19:00:00Z,PT,30.00,15
2026-04-12T19:00:00Z,RO,140.92,15
2026-04-12T19:00:00Z,RS,135.02,15
2026-04-12T19:00:00Z,SE1,26.46,15
2026-04-12T19:00:00Z,SE2,17.33,15
2026-04-12T19:00:00Z,SE3,114.63,15
2026-04-12T19:00:00Z,SE4,135.27,15
2026-04-12T19:00:00Z,SI,140.92,15
2026-04-12T19:00:00Z,SK,140.92,15
2026-04-12T19:15:00Z,AT,135.30,15
2026-04-12T19:15:00Z,BE,135.30,15
2026-04-12T19:15:00Z,CZ,135.30,15
2026-04-12T19:15:00Z,DE-LU,135.30,15
2026-04-12T19:15:00Z,DK1,135.30,15
2026-04-12T19:15:00Z,DK2,135.28,15
2026-04-12T19:15:00Z,EE,114.69,15
2026-04-12T19:15:00Z,ES,76.50,15
2026-04-12T19:15:00Z,FI,114.56,15
2026-04-12T19:15:00Z,FR,135.30,15
2026-04-12T19:15:00Z,GR,135.30,15
2026-04-12T19:15:00Z,HR,135.30,15
2026-04-12T19:15:00Z,HU,135.30,15
2026-04-12T19:15:00Z,IT-CNorth,135.30,15
2026-04-12T19:15:00Z,IT-CSouth,135.30,15
2026-04-12T19:15:00Z,IT-North,135.30,15
2026-04-12T19:15:00Z,IT-Sardinia,135.30,15
2026-04-12T19:15:00Z,IT-Sicily,135.30,15
2026-04-12T19:15:00Z,IT-South,135.30,15
2026-04-12T19:15:00Z,LT,114.69,15
2026-04-12T19:15:00Z,LV,114.69,15
2026-04-12T19:15:00Z,NL,135.30,15
2026-04-12T19:15:00Z,NO1,128.14,15
2026-04-12T19:15:00Z,NO2,128.41,15
2026-04-12T19:15:00Z,NO3,77.89,15
2026-04-12T19:15:00Z,NO4,11.66,15
2026-04-12T19:15:00Z,NO5,126.33,15
2026-04-12T19:15:00Z,PL,135.30,15
2026-04-12T19:15:00Z,PT,31.04,15
2026-04-12T19:15:00Z,RO,135.30,15
2026-04-12T19:15:00Z,RS,135.02,15
2026-04-12T19:15:00Z,SE1,23.94,15
2026-04-12T19:15:00Z,SE2,17.25,15
2026-04-12T19:15:00Z,SE3,99.64,15
2026-04-12T19:15:00Z,SE4,119.38,15
2026-04-12T19:15:00Z,SI,135.30,15
2026-04-12T19:15:00Z,SK,135.30,15
2026-04-12T19:30:00Z,AT,137.30,15
2026-04-12T19:30:00Z,BE,137.30,15
2026-04-12T19:30:00Z,CZ,137.30,15
2026-04-12T19:30:00Z,DE-LU,137.30,15
2026-04-12T19:30:00Z,DK1,137.30,15
2026-04-12T19:30:00Z,DK2,137.28,15
2026-04-12T19:30:00Z,EE,113.75,15
2026-04-12T19:30:00Z,ES,80.11,15
2026-04-12T19:30:00Z,FI,113.61,15
2026-04-12T19:30:00Z,FR,137.30,15
2026-04-12T19:30:00Z,GR,137.30,15
2026-04-12T19:30:00Z,HR,137.30,15
2026-04-12T19:30:00Z,HU,137.30,15
2026-04-12T19:30:00Z,IT-CNorth,137.30,15
2026-04-12T19:30:00Z,IT-CSouth,137.30,15
2026-04-12T19:30:00Z,IT-North,137.30,15
2026-04-12T19:30:00Z,IT-Sardinia,135.30,15
2026-04-12T19:30:00Z,IT-Sicily,137.30,15
2026-04-12T19:30:00Z,IT-South,137.30,15
2026-04-12T19:30:00Z,LT,113.75,15
2026-04-12T19:30:00Z,LV,113.75,15
2026-04-12T19:30:00Z,NL,137.30,15
2026-04-12T19:30:00Z,NO1,127.47,15
2026-04-12T19:30:00Z,NO2,127.61,15
2026-04-12T19:30:00Z,NO3,78.14,15
2026-04-12T19:30:00Z,NO4,8.95,15
2026-04-12T19:30:00Z,NO5,126.14,15
2026-04-12T19:30:00Z,PL,137.30,15
2026-04-12T19:30:00Z,PT,31.04,15
2026-04-12T19:30:00Z,RO,137.30,15
2026-04-12T19:30:00Z,RS,135.02,15
2026-04-12T19:30:00Z,SE1,22.15,15
2026-04-12T19:30:00Z,SE2,15.53,15
2026-04-12T19:30:00Z,SE3,98.54,15
2026-04-12T19:30:00Z,SE4,118.31,15
2026-04-12T19:30:00Z,SI,137.30,15
2026-04-12T19:30:00Z,SK,137.30,15
2026-04-12T19:45:00Z,AT,133.41,15
2026-04-12T19:45:00Z,BE,133.41,15
2026-04-12T19:45:00Z,CZ,133.41,15
2026-04-12T19:45:00Z,DE-LU,133.41,15
2026-04-12T19:45:00Z,DK1,133.41,15
2026-04-12T19:45:00Z,DK2,133.37,15
2026-04-12T19:45:00Z,EE,85.69,15
2026-04-12T19:45:00Z,ES,66.00,15
2026-04-12T19:45:00Z,FI,85.59,15
2026-04-12T19:45:00Z,FR,133.41,15
2026-04-12T19:45:00Z,GR,133.41,15
2026-04-12T19:45:00Z,HR,133.41,15
2026-04-12T19:45:00Z,HU,133.41,15
2026-04-12T19:45:00Z,IT-CNorth,133.41,15
2026-04-12T19:45:00Z,IT-CSouth,133.41,15
2026-04-12T19:45:00Z,IT-North,133.41,15
2026-04-12T19:45:00Z,IT-Sardinia,133.41,15
2026-04-12T19:45:00Z,IT-Sicily,133.41,15
2026-04-12T19:45:00Z,IT-South,133.41,15
2026-04-12T19:45:00Z,LT,85.69,15
2026-04-12T19:45:00Z,LV,85.69,15
2026-04-12T19:45:00Z,NL,133.41,15
2026-04-12T19:45:00Z,NO1,127.00,15
2026-04-12T19:45:00Z,NO2,127.15,15
2026-04-12T19:45:00Z,NO3,81.60,15
2026-04-12T19:45:00Z,NO4,10.81,15
2026-04-12T19:45:00Z,NO5,125.91,15
2026-04-12T19:45:00Z,PL,133.41,15
2026-04-12T19:45:00Z,PT,31.04,15
2026-04-12T19:45:00Z,RO,133.41,15
2026-04-12T19:45:00Z,RS,135.02,15
2026-04-12T19:45:00Z,SE1,18.43,15
2026-04-12T19:45:00Z,SE2,15.42,15
2026-04-12T19:45:00Z,SE3,75.94,15
2026-04-12T19:45:00Z,SE4,94.73,15
2026-04-12T19:45:00Z,SI,133.41,15
2026-04-12T19:45:00Z,SK,133.41,15
2026-04-12T20:00:00Z,AT,139.59,15
2026-04-12T20:00:00Z,BE,139.59,15
2026-04-12T20:00:00Z,CH,126.04,60
2026-04-12T20:00:00Z,CZ,139.59,15
2026-04-12T20:00:00Z,DE-LU,139.59,15
2026-04-12T20:00:00Z,DK1,139.59,15
2026-04-12T20:00:00Z,DK2,139.58,15
2026-04-12T20:00:00Z,EE,128.93,15
2026-04-12T20:00:00Z,ES,65.20,15
2026-04-12T20:00:00Z,FI,128.79,15
2026-04-12T20:00:00Z,FR,139.59,15
2026-04-12T20:00:00Z,GR,139.59,15
2026-04-12T20:00:00Z,HR,139.59,15
2026-04-12T20:00:00Z,HU,139.59,15
2026-04-12T20:00:00Z,IT-CNorth,139.59,15
2026-04-12T20:00:00Z,IT-CSouth,139.59,15
2026-04-12T20:00:00Z,IT-North,139.59,15
2026-04-12T20:00:00Z,IT-Sardinia,139.59,15
2026-04-12T20:00:00Z,IT-Sicily,139.59,15
2026-04-12T20:00:00Z,IT-South,139.59,15
2026-04-12T20:00:00Z,LT,128.93,15
2026-04-12T20:00:00Z,LV,128.93,15
2026-04-12T20:00:00Z,NL,139.59,15
2026-04-12T20:00:00Z,NO1,130.06,15
2026-04-12T20:00:00Z,NO2,130.68,15
2026-04-12T20:00:00Z,NO3,75.71,15
2026-04-12T20:00:00Z,NO4,12.45,15
2026-04-12T20:00:00Z,NO5,126.70,15
2026-04-12T20:00:00Z,PL,139.59,15
2026-04-12T20:00:00Z,PT,34.73,15
2026-04-12T20:00:00Z,RO,139.59,15
2026-04-12T20:00:00Z,RS,120.05,15
2026-04-12T20:00:00Z,SE1,25.69,15
2026-04-12T20:00:00Z,SE2,17.03,15
2026-04-12T20:00:00Z,SE3,111.34,15
2026-04-12T20:00:00Z,SE4,132.31,15
2026-04-12T20:00:00Z,SI,139.59,15
2026-04-12T20:00:00Z,SK,139.59,15
2026-04-12T20:15:00Z,AT,134.70,15
2026-04-12T20:15:00Z,BE,134.70,15
2026-04-12T20:15:00Z,CZ,134.70,15
2026-04-12T20:15:00Z,DE-LU,134.70,15
2026-04-12T20:15:00Z,DK1,134.70,15
2026-04-12T20:15:00Z,DK2,134.67,15
2026-04-12T20:15:00Z,EE,100.80,15
2026-04-12T20:15:00Z,ES,60.00,15
2026-04-12T20:15:00Z,FI,100.69,15
2026-04-12T20:15:00Z,FR,134.70,15
2026-04-12T20:15:00Z,GR,134.70,15
2026-04-12T20:15:00Z,HR,134.70,15
2026-04-12T20:15:00Z,HU,134.70,15
2026-04-12T20:15:00Z,IT-CNorth,134.70,15
2026-04-12T20:15:00Z,IT-CSouth,134.70,15
2026-04-12T20:15:00Z,IT-North,134.70,15
2026-04-12T20:15:00Z,IT-Sardinia,134.70,15
2026-04-12T20:15:00Z,IT-Sicily,134.70,15
2026-04-12T20:15:00Z,IT-South,134.70,15
2026-04-12T20:15:00Z,LT,100.80,15
2026-04-12T20:15:00Z,LV,100.80,15
2026-04-12T20:15:00Z,NL,134.70,15
2026-04-12T20:15:00Z,NO1,129.48,15
2026-04-12T20:15:00Z,NO2,130.27,15
2026-04-12T20:15:00Z,NO3,77.34,15
2026-04-12T20:15:00Z,NO4,16.44,15
2026-04-12T20:15:00Z,NO5,125.69,15
2026-04-12T20:15:00Z,PL,134.70,15
2026-04-12T20:15:00Z,PT,35.00,15
2026-04-12T20:15:00Z,RO,134.70,15
2026-04-12T20:15:00Z,RS,120.05,15
2026-04-12T20:15:00Z,SE1,22.73,15
2026-04-12T20:15:00Z,SE2,17.60,15
2026-04-12T20:15:00Z,SE3,88.83,15
2026-04-12T20:15:00Z,SE4,109.06,15
2026-04-12T20:15:00Z,SI,134.70,15
2026-04-12T20:15:00Z,SK,134.70,15
2026-04-12T20:30:00Z,AT,128.72,15
2026-04-12T20:30:00Z,BE,128.72,15
2026-04-12T20:30:00Z,CZ,128.72,15
2026-04-12T20:30:00Z,DE-LU,128.72,15
2026-04-12T20:30:00Z,DK1,128.72,15
2026-04-12T20:30:00Z,DK2,128.67,15
2026-04-12T20:30:00Z,EE,70.79,15
2026-04-12T20:30:00Z,ES,54.07,15
2026-04-12T20:30:00Z,FI,70.72,15
2026-04-12T20:30:00Z,FR,128.72,15
2026-04-12T20:30:00Z,GR,128.72,15
2026-04-12T20:30:00Z,HR,128.72,15
2026-04-12T20:30:00Z,HU,128.72,15
2026-04-12T20:30:00Z,IT-CNorth,128.72,15
2026-04-12T20:30:00Z,IT-CSouth,128.72,15
2026-04-12T20:30:00Z,IT-North,128.72,15
2026-04-12T20:30:00Z,IT-Sardinia,128.72,15
2026-04-12T20:30:00Z,IT-Sicily,128.72,15
2026-04-12T20:30:00Z,IT-South,128.72,15
2026-04-12T20:30:00Z,LT,70.79,15
2026-04-12T20:30:00Z,LV,70.79,15
2026-04-12T20:30:00Z,NL,128.72,15
2026-04-12T20:30:00Z,NO1,124.79,15
2026-04-12T20:30:00Z,NO2,124.62,15
2026-04-12T20:30:00Z,NO3,88.71,15
2026-04-12T20:30:00Z,NO4,11.62,15
2026-04-12T20:30:00Z,NO5,125.15,15
2026-04-12T20:30:00Z,PL,128.72,15
2026-04-12T20:30:00Z,PT,34.73,15
2026-04-12T20:30:00Z,RO,128.72,15
2026-04-12T20:30:00Z,RS,120.05,15
2026-04-12T20:30:00Z,SE1,18.39,15
2026-04-12T20:30:00Z,SE2,17.77,15
2026-04-12T20:30:00Z,SE3,64.20,15
2026-04-12T20:30:00Z,SE4,81.68,15
2026-04-12T20:30:00Z,SI,128.72,15
2026-04-12T20:30:00Z,SK,128.72,15
2026-04-12T20:45:00Z,AT,119.42,15
2026-04-12T20:45:00Z,BE,119.41,15
2026-04-12T20:45:00Z,CZ,119.42,15
2026-04-12T20:45:00Z,DE-LU,119.42,15
2026-04-12T20:45:00Z,DK1,119.42,15
2026-04-12T20:45:00Z,DK2,119.37,15
2026-04-12T20:45:00Z,EE,53.34,15
2026-04-12T20:45:00Z,ES,36.82,15
2026-04-12T20:45:00Z,FI,53.28,15
2026-04-12T20:45:00Z,FR,119.39,15
2026-04-12T20:45:00Z,GR,119.42,15
2026-04-12T20:45:00Z,HR,119.42,15
2026-04-12T20:45:00Z,HU,119.42,15
2026-04-12T20:45:00Z,IT-CNorth,119.42,15
2026-04-12T20:45:00Z,IT-CSouth,119.42,15
2026-04-12T20:45:00Z,IT-North,119.42,15
2026-04-12T20:45:00Z,IT-Sardinia,119.42,15
2026-04-12T20:45:00Z,IT-Sicily,119.42,15
2026-04-12T20:45:00Z,IT-South,119.42,15
2026-04-12T20:45:00Z,LT,53.34,15
2026-04-12T20:45:00Z,LV,53.34,15
2026-04-12T20:45:00Z,NL,119.42,15
2026-04-12T20:45:00Z,NO1,119.89,15
2026-04-12T20:45:00Z,NO2,118.50,15
2026-04-12T20:45:00Z,NO3,99.93,15
2026-04-12T20:45:00Z,NO4,1.33,15
2026-04-12T20:45:00Z,NO5,125.24,15
2026-04-12T20:45:00Z,PL,119.42,15
2026-04-12T20:45:00Z,PT,35.00,15
2026-04-12T20:45:00Z,RO,119.42,15
2026-04-12T20:45:00Z,RS,120.05,15
2026-04-12T20:45:00Z,SE1,13.16,15
2026-04-12T20:45:00Z,SE2,15.45,15
2026-04-12T20:45:00Z,SE3,49.17,15
2026-04-12T20:45:00Z,SE4,64.36,15
2026-04-12T20:45:00Z,SI,119.42,15
2026-04-12T20:45:00Z,SK,119.42,15
2026-04-12T21:00:00Z,AT,135.05,15
2026-04-12T21:00:00Z,BE,135.05,15
2026-04-12T21:00:00Z,CH,120.14,60
2026-04-12T21:00:00Z,CZ,135.05,15
2026-04-12T21:00:00Z,DE-LU,135.05,15
2026-04-12T21:00:00Z,DK1,135.05,15
2026-04-12T21:00:00Z,DK2,135.04,15
2026-04-12T21:00:00Z,EE,85.69,15
2026-04-12T21:00:00Z,ES,35.02,15
2026-04-12T21:00:00Z,FI,85.59,15
2026-04-12T21:00:00Z,FR,135.05,15
2026-04-12T21:00:00Z,GR,135.05,15
2026-04-12T21:00:00Z,HR,135.05,15
2026-04-12T21:00:00Z,HU,135.05,15
2026-04-12T21:00:00Z,IT-CNorth,135.05,15
2026-04-12T21:00:00Z,IT-CSouth,135.05,15
2026-04-12T21:00:00Z,IT-North,135.05,15
2026-04-12T21:00:00Z,IT-Sardinia,135.05,15
2026-04-12T21:00:00Z,IT-Sicily,135.05,15
2026-04-12T21:00:00Z,IT-South,135.05,15
2026-04-12T21:00:00Z,LT,85.69,15
2026-04-12T21:00:00Z,LV,85.69,15
2026-04-12T21:00:00Z,NL,135.05,15
2026-04-12T21:00:00Z,NO1,121.03,15
2026-04-12T21:00:00Z,NO2,116.80,15
2026-04-12T21:00:00Z,NO3,97.25,15
2026-04-12T21:00:00Z,NO4,-13.44,15
2026-04-12T21:00:00Z,NO5,134.77,15
2026-04-12T21:00:00Z,PL,135.05,15
2026-04-12T21:00:00Z,PT,35.02,15
2026-04-12T21:00:00Z,RO,135.05,15
2026-04-12T21:00:00Z,RS,119.98,15
2026-04-12T21:00:00Z,SE1,19.33,15
2026-04-12T21:00:00Z,SE2,19.74,15
2026-04-12T21:00:00Z,SE3,75.32,15
2026-04-12T21:00:00Z,SE4,87.97,15
2026-04-12T21:00:00Z,SI,135.05,15
2026-04-12T21:00:00Z,SK,135.05,15
2026-04-12T21:15:00Z,AT,119.42,15
2026-04-12T21:15:00Z,BE,119.30,15
2026-04-12T21:15:00Z,CZ,119.39,15
2026-04-12T21:15:00Z,DE-LU,119.37,15
2026-04-12T21:15:00Z,DK1,119.33,15
2026-04-12T21:15:00Z,DK2,119.35,15
2026-04-12T21:15:00Z,EE,71.48,15
2026-04-12T21:15:00Z,ES,35.02,15
2026-04-12T21:15:00Z,FI,71.39,15
2026-04-12T21:15:00Z,FR,118.94,15
2026-04-12T21:15:00Z,GR,119.41,15
2026-04-12T21:15:00Z,HR,119.42,15
2026-04-12T21:15:00Z,HU,119.41,15
2026-04-12T21:15:00Z,IT-CNorth,119.42,15
2026-04-12T21:15:00Z,IT-CSouth,119.42,15
2026-04-12T21:15:00Z,IT-North,119.42,15
2026-04-12T21:15:00Z,IT-Sardinia,119.42,15
2026-04-12T21:15:00Z,IT-Sicily,119.42,15
2026-04-12T21:15:00Z,IT-South,119.42,15
2026-04-12T21:15:00Z,LT,71.48,15
2026-04-12T21:15:00Z,LV,71.48,15
2026-04-12T21:15:00Z,NL,119.33,15
2026-04-12T21:15:00Z,NO1,119.42,15
2026-04-12T21:15:00Z,NO2,114.86,15
2026-04-12T21:15:00Z,NO3,101.66,15
2026-04-12T21:15:00Z,NO4,-12.16,15
2026-04-12T21:15:00Z,NO5,134.37,15
2026-04-12T21:15:00Z,PL,119.39,15
2026-04-12T21:15:00Z,PT,35.02,15
2026-04-12T21:15:00Z,RO,119.41,15
2026-04-12T21:15:00Z,RS,119.98,15
2026-04-12T21:15:00Z,SE1,19.19,15
2026-04-12T21:15:00Z,SE2,21.71,15
2026-04-12T21:15:00Z,SE3,64.01,15
2026-04-12T21:15:00Z,SE4,75.40,15
2026-04-12T21:15:00Z,SI,119.42,15
2026-04-12T21:15:00Z,SK,119.40,15
2026-04-12T21:30:00Z,AT,119.42,15
2026-04-12T21:30:00Z,BE,119.42,15
2026-04-12T21:30:00Z,CZ,119.42,15
2026-04-12T21:30:00Z,DE-LU,119.42,15
2026-04-12T21:30:00Z,DK1,119.42,15
2026-04-12T21:30:00Z,DK2,119.39,15
2026-04-12T21:30:00Z,EE,56.59,15
2026-04-12T21:30:00Z,ES,35.01,15
2026-04-12T21:30:00Z,FI,56.52,15
2026-04-12T21:30:00Z,FR,119.42,15
2026-04-12T21:30:00Z,GR,119.42,15
2026-04-12T21:30:00Z,HR,119.42,15
2026-04-12T21:30:00Z,HU,119.42,15
2026-04-12T21:30:00Z,IT-CNorth,119.42,15
2026-04-12T21:30:00Z,IT-CSouth,119.42,15
2026-04-12T21:30:00Z,IT-North,119.42,15
2026-04-12T21:30:00Z,IT-Sardinia,119.42,15
2026-04-12T21:30:00Z,IT-Sicily,119.42,15
2026-04-12T21:30:00Z,IT-South,119.42,15
2026-04-12T21:30:00Z,LT,56.59,15
2026-04-12T21:30:00Z,LV,56.59,15
2026-04-12T21:30:00Z,NL,119.42,15
2026-04-12T21:30:00Z,NO1,118.53,15
2026-04-12T21:30:00Z,NO2,113.90,15
2026-04-12T21:30:00Z,NO3,105.23,15
2026-04-12T21:30:00Z,NO4,-8.95,15
2026-04-12T21:30:00Z,NO5,133.88,15
2026-04-12T21:30:00Z,PL,119.42,15
2026-04-12T21:30:00Z,PT,35.01,15
2026-04-12T21:30:00Z,RO,119.42,15
2026-04-12T21:30:00Z,RS,119.98,15
2026-04-12T21:30:00Z,SE1,19.36,15
2026-04-12T21:30:00Z,SE2,23.95,15
2026-04-12T21:30:00Z,SE3,52.30,15
2026-04-12T21:30:00Z,SE4,62.73,15
2026-04-12T21:30:00Z,SI,119.42,15
2026-04-12T21:30:00Z,SK,119.42,15
2026-04-12T21:45:00Z,AT,110.23,15
2026-04-12T21:45:00Z,BE,110.23,15
2026-04-12T21:45:00Z,CZ,110.23,15
2026-04-12T21:45:00Z,DE-LU,110.23,15
2026-04-12T21:45:00Z,DK1,110.23,15
2026-04-12T21:45:00Z,DK2,110.20,15
2026-04-12T21:45:00Z,EE,46.57,15
2026-04-12T21:45:00Z,ES,35.01,15
2026-04-12T21:45:00Z,FI,46.51,15
2026-04-12T21:45:00Z,FR,110.23,15
2026-04-12T21:45:00Z,GR,110.23,15
2026-04-12T21:45:00Z,HR,110.23,15
2026-04-12T21:45:00Z,HU,110.23,15
2026-04-12T21:45:00Z,IT-CNorth,110.23,15
2026-04-12T21:45:00Z,IT-CSouth,110.23,15
2026-04-12T21:45:00Z,IT-North,110.23,15
2026-04-12T21:45:00Z,IT-Sardinia,110.23,15
2026-04-12T21:45:00Z,IT-Sicily,110.23,15
2026-04-12T21:45:00Z,IT-South,110.23,15
2026-04-12T21:45:00Z,LT,46.57,15
2026-04-12T21:45:00Z,LV,46.57,15
2026-04-12T21:45:00Z,NL,110.23,15
2026-04-12T21:45:00Z,NO1,116.71,15
2026-04-12T21:45:00Z,NO2,111.55,15
2026-04-12T21:45:00Z,NO3,107.85,15
2026-04-12T21:45:00Z,NO4,-13.69,15
2026-04-12T21:45:00Z,NO5,133.87,15
2026-04-12T21:45:00Z,PL,110.23,15
2026-04-12T21:45:00Z,PT,35.01,15
2026-04-12T21:45:00Z,RO,110.23,15
2026-04-12T21:45:00Z,RS,119.98,15
2026-04-12T21:45:00Z,SE1,15.88,15
2026-04-12T21:45:00Z,SE2,21.88,15
2026-04-12T21:45:00Z,SE3,43.66,15
2026-04-12T21:45:00Z,SE4,53.40,15
2026-04-12T21:45:00Z,SI,110.23,15
2026-04-12T21:45:00Z,SK,110.23,15
2026-04-12T22:00:00Z,AT,123.33,15
2026-04-12T22:00:00Z,BE,123.33,15
2026-04-12T22:00:00Z,CH,113.22,60
2026-04-12T22:00:00Z,CZ,123.33,15
2026-04-12T22:00:00Z,DE-LU,123.33,15
2026-04-12T22:00:00Z,DK1,123.33,15
2026-04-12T22:00:00Z,DK2,123.30,15
2026-04-12T22:00:00Z,EE,50.04,15
2026-04-12T22:00:00Z,ES,35.01,15
2026-04-12T22:00:00Z,FI,49.99,15
2026-04-12T22:00:00Z,FR,123.33,15
2026-04-12T22:00:00Z,GR,123.33,15
2026-04-12T22:00:00Z,HR,123.33,15
2026-04-12T22:00:00Z,HU,123.33,15
2026-04-12T22:00:00Z,IT-CNorth,123.33,15
2026-04-12T22:00:00Z,IT-CSouth,123.33,15
2026-04-12T22:00:00Z,IT-North,123.33,15
2026-04-12T22:00:00Z,IT-Sardinia,123.33,15
2026-04-12T22:00:00Z,IT-Sicily,123.33,15
2026-04-12T22:00:00Z,IT-South,123.33,15
2026-04-12T22:00:00Z,LT,50.04,15
2026-04-12T22:00:00Z,LV,50.04,15
2026-04-12T22:00:00Z,NL,123.33,15
2026-04-12T22:00:00Z,NO1,118.22,15
2026-04-12T22:00:00Z,NO2,112.95,15
2026-04-12T22:00:00Z,NO3,115.67,15
2026-04-12T22:00:00Z,NO4,-11.62,15
2026-04-12T22:00:00Z,NO5,136.25,15
2026-04-12T22:00:00Z,PL,123.33,15
2026-04-12T22:00:00Z,PT,35.01,15
2026-04-12T22:00:00Z,RO,123.33,15
2026-04-12T22:00:00Z,RS,96.50,15
2026-04-12T22:00:00Z,SE1,18.72,15
2026-04-12T22:00:00Z,SE2,24.61,15
2026-04-12T22:00:00Z,SE3,47.10,15
2026-04-12T22:00:00Z,SE4,56.31,15
2026-04-12T22:00:00Z,SI,123.33,15
2026-04-12T22:00:00Z,SK,123.33,15
2026-04-12T22:15:00Z,AT,119.38,15
2026-04-12T22:15:00Z,BE,119.38,15
2026-04-12T22:15:00Z,CZ,119.38,15
2026-04-12T22:15:00Z,DE-LU,119.38,15
2026-04-12T22:15:00Z,DK1,119.38,15
2026-04-12T22:15:00Z,DK2,119.35,15
2026-04-12T22:15:00Z,EE,49.81,15
2026-04-12T22:15:00Z,ES,35.01,15
2026-04-12T22:15:00Z,FI,49.75,15
2026-04-12T22:15:00Z,FR,119.38,15
2026-04-12T22:15:00Z,GR,119.38,15
2026-04-12T22:15:00Z,HR,119.38,15
2026-04-12T22:15:00Z,HU,119.38,15
2026-04-12T22:15:00Z,IT-CNorth,119.38,15
2026-04-12T22:15:00Z,IT-CSouth,119.38,15
2026-04-12T22:15:00Z,IT-North,119.38,15
2026-04-12T22:15:00Z,IT-Sardinia,119.38,15
2026-04-12T22:15:00Z,IT-Sicily,119.38,15
2026-04-12T22:15:00Z,IT-South,119.38,15
2026-04-12T22:15:00Z,LT,49.81,15
2026-04-12T22:15:00Z,LV,49.81,15
2026-04-12T22:15:00Z,NL,119.38,15
2026-04-12T22:15:00Z,NO1,118.03,15
2026-04-12T22:15:00Z,NO2,112.76,15
2026-04-12T22:15:00Z,NO3,115.48,15
2026-04-12T22:15:00Z,NO4,-11.90,15
2026-04-12T22:15:00Z,NO5,136.07,15
2026-04-12T22:15:00Z,PL,119.38,15
2026-04-12T22:15:00Z,PT,35.01,15
2026-04-12T22:15:00Z,RO,119.38,15
2026-04-12T22:15:00Z,RS,96.50,15
2026-04-12T22:15:00Z,SE1,18.46,15
2026-04-12T22:15:00Z,SE2,24.35,15
2026-04-12T22:15:00Z,SE3,46.86,15
2026-04-12T22:15:00Z,SE4,56.07,15
2026-04-12T22:15:00Z,SI,119.38,15
2026-04-12T22:15:00Z,SK,119.38,15
2026-04-12T22:30:00Z,AT,114.78,15
2026-04-12T22:30:00Z,BE,110.51,15
2026-04-12T22:30:00Z,CZ,114.18,15
2026-04-12T22:30:00Z,DE-LU,113.46,15
2026-04-12T22:30:00Z,DK1,111.99,15
2026-04-12T22:30:00Z,DK2,113.43,15
2026-04-12T22:30:00Z,EE,49.85,15
2026-04-12T22:30:00Z,ES,30.69,15
2026-04-12T22:30:00Z,FI,49.79,15
2026-04-12T22:30:00Z,FR,100.97,15
2026-04-12T22:30:00Z,GR,114.58,15
2026-04-12T22:30:00Z,HR,114.83,15
2026-04-12T22:30:00Z,HU,114.54,15
2026-04-12T22:30:00Z,IT-CNorth,114.90,15
2026-04-12T22:30:00Z,IT-CSouth,114.90,15
2026-04-12T22:30:00Z,IT-North,114.90,15
2026-04-12T22:30:00Z,IT-Sardinia,114.90,15
2026-04-12T22:30:00Z,IT-Sicily,114.90,15
2026-04-12T22:30:00Z,IT-South,114.90,15
2026-04-12T22:30:00Z,LT,49.85,15
2026-04-12T22:30:00Z,LV,49.85,15
2026-04-12T22:30:00Z,NL,111.99,15
2026-04-12T22:30:00Z,NO1,116.00,15
2026-04-12T22:30:00Z,NO2,110.89,15
2026-04-12T22:30:00Z,NO3,113.53,15
2026-04-12T22:30:00Z,NO4,-10.00,15
2026-04-12T22:30:00Z,NO5,133.50,15
2026-04-12T22:30:00Z,PL,114.09,15
2026-04-12T22:30:00Z,PT,30.69,15
2026-04-12T22:30:00Z,RO,114.58,15
2026-04-12T22:30:00Z,RS,96.50,15
2026-04-12T22:30:00Z,SE1,19.45,15
2026-04-12T22:30:00Z,SE2,25.16,15
2026-04-12T22:30:00Z,SE3,46.99,15
2026-04-12T22:30:00Z,SE4,55.92,15
2026-04-12T22:30:00Z,SI,114.90,15
2026-04-12T22:30:00Z,SK,114.36,15
2026-04-12T22:45:00Z,AT,111.45,15
2026-04-12T22:45:00Z,BE,106.77,15
2026-04-12T22:45:00Z,CZ,110.80,15
2026-04-12T22:45:00Z,DE-LU,110.00,15
2026-04-12T22:45:00Z,DK1,110.00,15
2026-04-12T22:45:00Z,DK2,109.97,15
2026-04-12T22:45:00Z,EE,49.58,15
2026-04-12T22:45:00Z,ES,20.00,15
2026-04-12T22:45:00Z,FI,49.53,15
2026-04-12T22:45:00Z,FR,96.31,15
2026-04-12T22:45:00Z,GR,111.23,15
2026-04-12T22:45:00Z,HR,111.51,15
2026-04-12T22:45:00Z,HU,111.18,15
2026-04-12T22:45:00Z,IT-CNorth,111.58,15
2026-04-12T22:45:00Z,IT-CSouth,111.58,15
2026-04-12T22:45:00Z,IT-North,111.58,15
2026-04-12T22:45:00Z,IT-Sardinia,111.58,15
2026-04-12T22:45:00Z,IT-Sicily,111.58,15
2026-04-12T22:45:00Z,IT-South,111.58,15
2026-04-12T22:45:00Z,LT,49.58,15
2026-04-12T22:45:00Z,LV,49.58,15
2026-04-12T22:45:00Z,NL,108.39,15
2026-04-12T22:45:00Z,NO1,114.19,15
2026-04-12T22:45:00Z,NO2,109.19,15
2026-04-12T22:45:00Z,NO3,111.77,15
2026-04-12T22:45:00Z,NO4,-8.85,15
2026-04-12T22:45:00Z,NO5,131.27,15
2026-04-12T22:45:00Z,PL,110.69,15
2026-04-12T22:45:00Z,PT,20.00,15
2026-04-12T22:45:00Z,RO,111.23,15
2026-04-12T22:45:00Z,RS,96.50,15
2026-04-12T22:45:00Z,SE1,19.90,15
2026-04-12T22:45:00Z,SE2,25.48,15
2026-04-12T22:45:00Z,SE3,46.80,15
2026-04-12T22:45:00Z,SE4,55.52,15
2026-04-12T22:45:00Z,SI,111.58,15
2026-04-12T22:45:00Z,SK,111.00,15
2026-04-12T23:00:00Z,AT,113.29,15
2026-04-12T23:00:00Z,BE,113.29,15
2026-04-12T23:00:00Z,CH,111.27,60
2026-04-12T23:00:00Z,CZ,113.29,15
2026-04-12T23:00:00Z,DE-LU,113.29,15
2026-04-12T23:00:00Z,DK1,113.29,15
2026-04-12T23:00:00Z,DK2,113.26,15
2026-04-12T23:00:00Z,EE,51.49,15
2026-04-12T23:00:00Z,ES,26.02,15
2026-04-12T23:00:00Z,FI,51.45,15
2026-04-12T23:00:00Z,FR,113.29,15
2026-04-12T23:00:00Z,GR,113.29,15
2026-04-12T23:00:00Z,HR,113.29,15
2026-04-12T23:00:00Z,HU,113.29,15
2026-04-12T23:00:00Z,IT-CNorth,113.29,15
2026-04-12T23:00:00Z,IT-CSouth,113.29,15
2026-04-12T23:00:00Z,IT-North,113.29,15
2026-04-12T23:00:00Z,IT-Sardinia,113.29,15
2026-04-12T23:00:00Z,IT-Sicily,113.29,15
2026-04-12T23:00:00Z,IT-South,113.29,15
2026-04-12T23:00:00Z,LT,51.49,15
2026-04-12T23:00:00Z,LV,51.49,15
2026-04-12T23:00:00Z,NL,113.29,15
2026-04-12T23:00:00Z,NO1,114.64,15
2026-04-12T23:00:00Z,NO2,109.51,15
2026-04-12T23:00:00Z,NO3,112.19,15
2026-04-12T23:00:00Z,NO4,-5.60,15
2026-04-12T23:00:00Z,NO5,131.32,15
2026-04-12T23:00:00Z,PL,113.29,15
2026-04-12T23:00:00Z,PT,26.02,15
2026-04-12T23:00:00Z,RO,113.29,15
2026-04-12T23:00:00Z,RS,84.02,15
2026-04-12T23:00:00Z,SE1,22.47,15
2026-04-12T23:00:00Z,SE2,27.96,15
2026-04-12T23:00:00Z,SE3,48.82,15
2026-04-12T23:00:00Z,SE4,57.26,15
2026-04-12T23:00:00Z,SI,113.29,15
2026-04-12T23:00:00Z,SK,113.29,15
2026-04-12T23:15:00Z,AT,110.60,15
2026-04-12T23:15:00Z,BE,110.60,15
2026-04-12T23:15:00Z,CZ,110.60,15
2026-04-12T23:15:00Z,DE-LU,110.60,15
2026-04-12T23:15:00Z,DK1,110.60,15
2026-04-12T23:15:00Z,DK2,110.58,15
2026-04-12T23:15:00Z,EE,50.21,15
2026-04-12T23:15:00Z,ES,17.12,15
2026-04-12T23:15:00Z,FI,50.17,15
2026-04-12T23:15:00Z,FR,110.60,15
2026-04-12T23:15:00Z,GR,110.60,15
2026-04-12T23:15:00Z,HR,110.60,15
2026-04-12T23:15:00Z,HU,110.60,15
2026-04-12T23:15:00Z,IT-CNorth,110.60,15
2026-04-12T23:15:00Z,IT-CSouth,110.60,15
2026-04-12T23:15:00Z,IT-North,110.60,15
2026-04-12T23:15:00Z,IT-Sardinia,110.60,15
2026-04-12T23:15:00Z,IT-Sicily,110.60,15
2026-04-12T23:15:00Z,IT-South,110.60,15
2026-04-12T23:15:00Z,LT,50.21,15
2026-04-12T23:15:00Z,LV,50.21,15
2026-04-12T23:15:00Z,NL,110.60,15
2026-04-12T23:15:00Z,NO1,112.39,15
2026-04-12T23:15:00Z,NO2,107.34,15
2026-04-12T23:15:00Z,NO3,109.98,15
2026-04-12T23:15:00Z,NO4,-6.01,15
2026-04-12T23:15:00Z,NO5,128.81,15
2026-04-12T23:15:00Z,PL,110.60,15
2026-04-12T23:15:00Z,PT,17.12,15
2026-04-12T23:15:00Z,RO,110.60,15
2026-04-12T23:15:00Z,RS,84.02,15
2026-04-12T23:15:00Z,SE1,21.64,15
2026-04-12T23:15:00Z,SE2,27.04,15
2026-04-12T23:15:00Z,SE3,47.58,15
2026-04-12T23:15:00Z,SE4,55.89,15
2026-04-12T23:15:00Z,SI,110.60,15
2026-04-12T23:15:00Z,SK,110.60,15
2026-04-12T23:30:00Z,AT,110.00,15
2026-04-12T23:30:00Z,BE,110.00,15
2026-04-12T23:30:00Z,CZ,110.00,15
2026-04-12T23:30:00Z,DE-LU,110.00,15
2026-04-12T23:30:00Z,DK1,110.00,15
2026-04-12T23:30:00Z,DK2,109.97,15
2026-04-12T23:30:00Z,EE,51.29,15
2026-04-12T23:30:00Z,ES,16.55,15
2026-04-12T23:30:00Z,FI,51.25,15
2026-04-12T23:30:00Z,FR,110.00,15
2026-04-12T23:30:00Z,GR,110.00,15
2026-04-12T23:30:00Z,HR,110.00,15
2026-04-12T23:30:00Z,HU,110.00,15
2026-04-12T23:30:00Z,IT-CNorth,110.00,15
2026-04-12T23:30:00Z,IT-CSouth,110.00,15
2026-04-12T23:30:00Z,IT-North,110.00,15
2026-04-12T23:30:00Z,IT-Sardinia,110.00,15
2026-04-12T23:30:00Z,IT-Sicily,110.00,15
2026-04-12T23:30:00Z,IT-South,110.00,15
2026-04-12T23:30:00Z,LT,51.29,15
2026-04-12T23:30:00Z,LV,51.29,15
2026-04-12T23:30:00Z,NL,110.00,15
2026-04-12T23:30:00Z,NO1,112.24,15
2026-04-12T23:30:00Z,NO2,107.29,15
2026-04-12T23:30:00Z,NO3,109.87,15
2026-04-12T23:30:00Z,NO4,-3.81,15
2026-04-12T23:30:00Z,NO5,128.33,15
2026-04-12T23:30:00Z,PL,110.00,15
2026-04-12T23:30:00Z,PT,16.55,15
2026-04-12T23:30:00Z,RO,110.00,15
2026-04-12T23:30:00Z,RS,84.02,15
2026-04-12T23:30:00Z,SE1,23.29,15
2026-04-12T23:30:00Z,SE2,28.58,15
2026-04-12T23:30:00Z,SE3,48.71,15
2026-04-12T23:30:00Z,SE4,56.86,15
2026-04-12T23:30:00Z,SI,110.00,15
2026-04-12T23:30:00Z,SK,110.00,15
2026-04-12T23:45:00Z,AT,105.29,15
2026-04-12T23:45:00Z,BE,105.29,15
2026-04-12T23:45:00Z,CZ,105.29,15
2026-04-12T23:45:00Z,DE-LU,105.29,15
2026-04-12T23:45:00Z,DK1,105.29,15
2026-04-12T23:45:00Z,DK2,105.26,15
2026-04-12T23:45:00Z,EE,67.51,15
2026-04-12T23:45:00Z,ES,15.90,15
2026-04-12T23:45:00Z,FI,67.45,15
2026-04-12T23:45:00Z,FR,105.29,15
2026-04-12T23:45:00Z,GR,105.29,15
2026-04-12T23:45:00Z,HR,105.29,15
2026-04-12T23:45:00Z,HU,105.29,15
2026-04-12T23:45:00Z,IT-CNorth,105.29,15
2026-04-12T23:45:00Z,IT-CSouth,105.29,15
2026-04-12T23:45:00Z,IT-North,105.29,15
2026-04-12T23:45:00Z,IT-Sardinia,105.29,15
2026-04-12T23:45:00Z,IT-Sicily,105.29,15
2026-04-12T23:45:00Z,IT-South,105.29,15
2026-04-12T23:45:00Z,LT,67.51,15
2026-04-12T23:45:00Z,LV,67.51,15
2026-04-12T23:45:00Z,NL,105.29,15
2026-04-12T23:45:00Z,NO1,111.08,15
2026-04-12T23:45:00Z,NO2,106.19,15
2026-04-12T23:45:00Z,NO3,108.77,15
2026-04-12T23:45:00Z,NO4,-2.99,15
2026-04-12T23:45:00Z,NO5,126.97,15
2026-04-12T23:45:00Z,PL,105.29,15
2026-04-12T23:45:00Z,PT,15.90,15
2026-04-12T23:45:00Z,RO,105.29,15
2026-04-12T23:45:00Z,RS,84.02,15
2026-04-12T23:45:00Z,SE1,23.24,15
2026-04-12T23:45:00Z,SE2,28.48,15
2026-04-12T23:45:00Z,SE3,48.35,15
2026-04-12T23:45:00Z,SE4,56.40,15
2026-04-12T23:45:00Z,SI,105.29,15
2026-04-12T23:45:00Z,SK,105.29,15
