timestamp_utc,zone,price_eur_mwh,resolution_min
2026-04-04T00:00:00Z,AT,123.01,15
2026-04-04T00:00:00Z,BE,26.37,15
2026-04-04T00:00:00Z,CH,125.47,60
2026-04-04T00:00:00Z,CZ,120.48,15
2026-04-04T00:00:00Z,DE-LU,10.73,15
2026-04-04T00:00:00Z,DK1,19.00,15
2026-04-04T00:00:00Z,DK2,18.49,15
2026-04-04T00:00:00Z,EE,16.98,15
2026-04-04T00:00:00Z,ES,30.37,15
2026-04-04T00:00:00Z,FI,16.97,15
2026-04-04T00:00:00Z,FR,30.37,15
2026-04-04T00:00:00Z,GR,109.49,15
2026-04-04T00:00:00Z,HR,103.15,15
2026-04-04T00:00:00Z,HU,113.58,15
2026-04-04T00:00:00Z,IT-CNorth,114.74,15
2026-04-04T00:00:00Z,IT-CSouth,114.74,15
2026-04-04T00:00:00Z,IT-North,114.74,15
2026-04-04T00:00:00Z,IT-Sardinia,114.74,15
2026-04-04T00:00:00Z,IT-Sicily,114.74,15
2026-04-04T00:00:00Z,IT-South,114.74,15
2026-04-04T00:00:00Z,LT,16.98,15
2026-04-04T00:00:00Z,LV,16.98,15
2026-04-04T00:00:00Z,NL,18.01,15
2026-04-04T00:00:00Z,NO1,64.66,15
2026-04-04T00:00:00Z,NO2,50.00,15
2026-04-04T00:00:00Z,NO3,58.78,15
2026-04-04T00:00:00Z,NO4,2.22,15
2026-04-04T00:00:00Z,NO5,97.79,15
2026-04-04T00:00:00Z,PL,65.32,15
2026-04-04T00:00:00Z,PT,30.37,15
2026-04-04T00:00:00Z,RO,109.49,15
2026-04-04T00:00:00Z,RS,81.00,15
2026-04-04T00:00:00Z,SE1,10.05,15
2026-04-04T00:00:00Z,SE2,12.02,15
2026-04-04T00:00:00Z,SE3,16.38,15
2026-04-04T00:00:00Z,SE4,18.00,15
2026-04-04T00:00:00Z,SI,102.09,15
2026-04-04T00:00:00Z,SK,97.04,15
2026-04-04T00:15:00Z,AT,123.01,15
2026-04-04T00:15:00Z,BE,29.30,15
2026-04-04T00:15:00Z,CZ,88.00,15
2026-04-04T00:15:00Z,DE-LU,7.09,15
2026-04-04T00:15:00Z,DK1,20.00,15
2026-04-04T00:15:00Z,DK2,19.16,15
2026-04-04T00:15:00Z,EE,17.58,15
2026-04-04T00:15:00Z,ES,29.30,15
2026-04-04T00:15:00Z,FI,17.57,15
2026-04-04T00:15:00Z,FR,29.30,15
2026-04-04T00:15:00Z,GR,98.07,15
2026-04-04T00:15:00Z,HR,93.95,15
2026-04-04T00:15:00Z,HU,101.64,15
2026-04-04T00:15:00Z,IT-CNorth,122.77,15
2026-04-04T00:15:00Z,IT-CSouth,122.77,15
2026-04-04T00:15:00Z,IT-North,122.77,15
2026-04-04T00:15:00Z,IT-Sardinia,122.77,15
2026-04-04T00:15:00Z,IT-Sicily,122.77,15
2026-04-04T00:15:00Z,IT-South,122.77,15
2026-04-04T00:15:00Z,LT,17.58,15
2026-04-04T00:15:00Z,LV,17.58,15
2026-04-04T00:15:00Z,NL,20.00,15
2026-04-04T00:15:00Z,NO1,64.22,15
2026-04-04T00:15:00Z,NO2,51.68,15
2026-04-04T00:15:00Z,NO3,58.63,15
2026-04-04T00:15:00Z,NO4,2.22,15
2026-04-04T00:15:00Z,NO5,97.38,15
2026-04-04T00:15:00Z,PL,78.60,15
2026-04-04T00:15:00Z,PT,29.30,15
2026-04-04T00:15:00Z,RO,98.07,15
2026-04-04T00:15:00Z,RS,81.00,15
2026-04-04T00:15:00Z,SE1,10.37,15
2026-04-04T00:15:00Z,SE2,12.41,15
2026-04-04T00:15:00Z,SE3,16.96,15
2026-04-04T00:15:00Z,SE4,18.64,15
2026-04-04T00:15:00Z,SI,93.77,15
2026-04-04T00:15:00Z,SK,87.17,15
2026-04-04T00:30:00Z,AT,118.69,15
2026-04-04T00:30:00Z,BE,27.15,15
2026-04-04T00:30:00Z,CZ,75.00,15
2026-04-04T00:30:00Z,DE-LU,3.81,15
2026-04-04T00:30:00Z,DK1,19.79,15
2026-04-04T00:30:00Z,DK2,18.96,15
2026-04-04T00:30:00Z,EE,17.40,15
2026-04-04T00:30:00Z,ES,26.28,15
2026-04-04T00:30:00Z,FI,17.39,15
2026-04-04T00:30:00Z,FR,26.28,15
2026-04-04T00:30:00Z,GR,95.47,15
2026-04-04T00:30:00Z,HR,89.42,15
2026-04-04T00:30:00Z,HU,100.15,15
2026-04-04T00:30:00Z,IT-CNorth,113.30,15
2026-04-04T00:30:00Z,IT-CSouth,113.30,15
2026-04-04T00:30:00Z,IT-North,113.30,15
2026-04-04T00:30:00Z,IT-Sardinia,113.30,15
2026-04-04T00:30:00Z,IT-Sicily,113.30,15
2026-04-04T00:30:00Z,IT-South,113.30,15
2026-04-04T00:30:00Z,LT,17.40,15
2026-04-04T00:30:00Z,LV,17.40,15
2026-04-04T00:30:00Z,NL,19.79,15
2026-04-04T00:30:00Z,NO1,63.82,15
2026-04-04T00:30:00Z,NO2,52.11,15
2026-04-04T00:30:00Z,NO3,58.25,15
2026-04-04T00:30:00Z,NO4,2.22,15
2026-04-04T00:30:00Z,NO5,97.57,15
2026-04-04T00:30:00Z,PL,84.11,15
2026-04-04T00:30:00Z,PT,26.28,15
2026-04-04T00:30:00Z,RO,95.47,15
2026-04-04T00:30:00Z,RS,81.00,15
2026-04-04T00:30:00Z,SE1,10.27,15
2026-04-04T00:30:00Z,SE2,12.29,15
2026-04-04T00:30:00Z,SE3,16.79,15
2026-04-04T00:30:00Z,SE4,18.45,15
2026-04-04T00:30:00Z,SI,88.62,15
2026-04-04T00:30:00Z,SK,75.00,15
2026-04-04T00:45:00Z,AT,111.07,15
2026-04-04T00:45:00Z,BE,24.18,15
2026-04-04T00:45:00Z,CZ,73.28,15
2026-04-04T00:45:00Z,DE-LU,4.10,15
2026-04-04T00:45:00Z,DK1,17.42,15
2026-04-04T00:45:00Z,DK2,17.41,15
2026-04-04T00:45:00Z,EE,13.15,15
2026-04-04T00:45:00Z,ES,24.18,15
2026-04-04T00:45:00Z,FI,12.91,15
2026-04-04T00:45:00Z,FR,24.18,15
2026-04-04T00:45:00Z,GR,90.00,15
2026-04-04T00:45:00Z,HR,84.50,15
2026-04-04T00:45:00Z,HU,94.26,15
2026-04-04T00:45:00Z,IT-CNorth,111.07,15
2026-04-04T00:45:00Z,IT-CSouth,111.07,15
2026-04-04T00:45:00Z,IT-North,111.07,15
2026-04-04T00:45:00Z,IT-Sardinia,111.07,15
2026-04-04T00:45:00Z,IT-Sicily,111.07,15
2026-04-04T00:45:00Z,IT-South,111.07,15
2026-04-04T00:45:00Z,LT,13.15,15
2026-04-04T00:45:00Z,LV,13.15,15
2026-04-04T00:45:00Z,NL,17.42,15
2026-04-04T00:45:00Z,NO1,63.53,15
2026-04-04T00:45:00Z,NO2,50.39,15
2026-04-04T00:45:00Z,NO3,57.28,15
2026-04-04T00:45:00Z,NO4,2.22,15
2026-04-04T00:45:00Z,NO5,97.41,15
2026-04-04T00:45:00Z,PL,85.98,15
2026-04-04T00:45:00Z,PT,24.18,15
2026-04-04T00:45:00Z,RO,90.00,15
2026-04-04T00:45:00Z,RS,81.00,15
2026-04-04T00:45:00Z,SE1,9.58,15
2026-04-04T00:45:00Z,SE2,11.41,15
2026-04-04T00:45:00Z,SE3,15.46,15
2026-04-04T00:45:00Z,SE4,16.96,15
2026-04-04T00:45:00Z,SI,83.78,15
2026-04-04T00:45:00Z,SK,73.28,15
2026-04-04T01:00:00Z,AT,116.20,15
2026-04-04T01:00:00Z,BE,26.43,15
2026-04-04T01:00:00Z,CH,120.93,60
2026-04-04T01:00:00Z,CZ,89.00,15
2026-04-04T01:00:00Z,DE-LU,0.38,15
2026-04-04T01:00:00Z,DK1,12.93,15
2026-04-04T01:00:00Z,DK2,12.93,15
2026-04-04T01:00:00Z,EE,15.58,15
2026-04-04T01:00:00Z,ES,26.77,15
2026-04-04T01:00:00Z,FI,15.81,15
2026-04-04T01:00:00Z,FR,26.43,15
2026-04-04T01:00:00Z,GR,90.00,15
2026-04-04T01:00:00Z,HR,88.17,15
2026-04-04T01:00:00Z,HU,92.33,15
2026-04-04T01:00:00Z,IT-CNorth,111.05,15
2026-04-04T01:00:00Z,IT-CSouth,111.05,15
2026-04-04T01:00:00Z,IT-North,111.05,15
2026-04-04T01:00:00Z,IT-Sardinia,111.05,15
2026-04-04T01:00:00Z,IT-Sicily,111.05,15
2026-04-04T01:00:00Z,IT-South,111.05,15
2026-04-04T01:00:00Z,LT,15.58,15
2026-04-04T01:00:00Z,LV,15.58,15
2026-04-04T01:00:00Z,NL,27.37,15
2026-04-04T01:00:00Z,NO1,69.83,15
2026-04-04T01:00:00Z,NO2,50.30,15
2026-04-04T01:00:00Z,NO3,58.09,15
2026-04-04T01:00:00Z,NO4,18.81,15
2026-04-04T01:00:00Z,NO5,89.07,15
2026-04-04T01:00:00Z,PL,85.98,15
2026-04-04T01:00:00Z,PT,26.77,15
2026-04-04T01:00:00Z,RO,90.00,15
2026-04-04T01:00:00Z,RS,69.04,15
2026-04-04T01:00:00Z,SE1,16.05,15
2026-04-04T01:00:00Z,SE2,15.30,15
2026-04-04T01:00:00Z,SE3,13.70,15
2026-04-04T01:00:00Z,SE4,13.11,15
2026-04-04T01:00:00Z,SI,88.68,15
2026-04-04T01:00:00Z,SK,89.00,15
2026-04-04T01:15:00Z,AT,85.81,15
2026-04-04T01:15:00Z,BE,27.59,15
2026-04-04T01:15:00Z,CZ,85.81,15
2026-04-04T01:15:00Z,DE-LU,2.97,15
2026-04-04T01:15:00Z,DK1,12.19,15
2026-04-04T01:15:00Z,DK2,12.19,15
2026-04-04T01:15:00Z,EE,13.15,15
2026-04-04T01:15:00Z,ES,27.59,15
2026-04-04T01:15:00Z,FI,13.15,15
2026-04-04T01:15:00Z,FR,27.59,15
2026-04-04T01:15:00Z,GR,82.26,15
2026-04-04T01:15:00Z,HR,77.50,15
2026-04-04T01:15:00Z,HU,85.81,15
2026-04-04T01:15:00Z,IT-CNorth,109.72,15
2026-04-04T01:15:00Z,IT-CSouth,109.72,15
2026-04-04T01:15:00Z,IT-North,109.72,15
2026-04-04T01:15:00Z,IT-Sardinia,109.72,15
2026-04-04T01:15:00Z,IT-Sicily,109.72,15
2026-04-04T01:15:00Z,IT-South,109.72,15
2026-04-04T01:15:00Z,LT,13.15,15
2026-04-04T01:15:00Z,LV,13.15,15
2026-04-04T01:15:00Z,NL,47.23,15
2026-04-04T01:15:00Z,NO1,78.04,15
2026-04-04T01:15:00Z,NO2,58.24,15
2026-04-04T01:15:00Z,NO3,63.45,15
2026-04-04T01:15:00Z,NO4,14.11,15
2026-04-04T01:15:00Z,NO5,88.09,15
2026-04-04T01:15:00Z,PL,76.40,15
2026-04-04T01:15:00Z,PT,27.59,15
2026-04-04T01:15:00Z,RO,82.26,15
2026-04-04T01:15:00Z,RS,69.04,15
2026-04-04T01:15:00Z,SE1,13.22,15
2026-04-04T01:15:00Z,SE2,12.99,15
2026-04-04T01:15:00Z,SE3,12.45,15
2026-04-04T01:15:00Z,SE4,12.25,15
2026-04-04T01:15:00Z,SI,76.31,15
2026-04-04T01:15:00Z,SK,85.81,15
2026-04-04T01:30:00Z,AT,76.00,15
2026-04-04T01:30:00Z,BE,30.55,15
2026-04-04T01:30:00Z,CZ,76.00,15
2026-04-04T01:30:00Z,DE-LU,2.04,15
2026-04-04T01:30:00Z,DK1,10.86,15
2026-04-04T01:30:00Z,DK2,10.86,15
2026-04-04T01:30:00Z,EE,10.89,15
2026-04-04T01:30:00Z,ES,28.35,15
2026-04-04T01:30:00Z,FI,10.89,15
2026-04-04T01:30:00Z,FR,28.35,15
2026-04-04T01:30:00Z,GR,72.95,15
2026-04-04T01:30:00Z,HR,68.99,15
2026-04-04T01:30:00Z,HU,76.00,15
2026-04-04T01:30:00Z,IT-CNorth,111.05,15
2026-04-04T01:30:00Z,IT-CSouth,111.05,15
2026-04-04T01:30:00Z,IT-North,111.05,15
2026-04-04T01:30:00Z,IT-Sardinia,111.05,15
2026-04-04T01:30:00Z,IT-Sicily,111.05,15
2026-04-04T01:30:00Z,IT-South,111.05,15
2026-04-04T01:30:00Z,LT,10.89,15
2026-04-04T01:30:00Z,LV,10.89,15
2026-04-04T01:30:00Z,NL,50.10,15
2026-04-04T01:30:00Z,NO1,79.08,15
2026-04-04T01:30:00Z,NO2,59.17,15
2026-04-04T01:30:00Z,NO3,64.61,15
2026-04-04T01:30:00Z,NO4,10.87,15
2026-04-04T01:30:00Z,NO5,87.89,15
2026-04-04T01:30:00Z,PL,76.40,15
2026-04-04T01:30:00Z,PT,28.35,15
2026-04-04T01:30:00Z,RO,72.95,15
2026-04-04T01:30:00Z,RS,69.04,15
2026-04-04T01:30:00Z,SE1,10.89,15
2026-04-04T01:30:00Z,SE2,10.91,15
2026-04-04T01:30:00Z,SE3,10.88,15
2026-04-04T01:30:00Z,SE4,10.87,15
2026-04-04T01:30:00Z,SI,68.00,15
2026-04-04T01:30:00Z,SK,76.00,15
2026-04-04T01:45:00Z,AT,70.00,15
2026-04-04T01:45:00Z,BE,33.54,15
2026-04-04T01:45:00Z,CZ,70.00,15
2026-04-04T01:45:00Z,DE-LU,2.56,15
2026-04-04T01:45:00Z,DK1,9.63,15
2026-04-04T01:45:00Z,DK2,9.42,15
2026-04-04T01:45:00Z,EE,9.45,15
2026-04-04T01:45:00Z,ES,29.86,15
2026-04-04T01:45:00Z,FI,9.45,15
2026-04-04T01:45:00Z,FR,29.86,15
2026-04-04T01:45:00Z,GR,67.32,15
2026-04-04T01:45:00Z,HR,63.92,15
2026-04-04T01:45:00Z,HU,70.00,15
2026-04-04T01:45:00Z,IT-CNorth,111.05,15
2026-04-04T01:45:00Z,IT-CSouth,111.05,15
2026-04-04T01:45:00Z,IT-North,111.05,15
2026-04-04T01:45:00Z,IT-Sardinia,111.05,15
2026-04-04T01:45:00Z,IT-Sicily,111.05,15
2026-04-04T01:45:00Z,IT-South,111.05,15
2026-04-04T01:45:00Z,LT,9.45,15
2026-04-04T01:45:00Z,LV,9.45,15
2026-04-04T01:45:00Z,NL,52.92,15
2026-04-04T01:45:00Z,NO1,80.47,15
2026-04-04T01:45:00Z,NO2,60.05,15
2026-04-04T01:45:00Z,NO3,64.76,15
2026-04-04T01:45:00Z,NO4,9.42,15
2026-04-04T01:45:00Z,NO5,87.62,15
2026-04-04T01:45:00Z,PL,72.03,15
2026-04-04T01:45:00Z,PT,29.86,15
2026-04-04T01:45:00Z,RO,67.32,15
2026-04-04T01:45:00Z,RS,69.04,15
2026-04-04T01:45:00Z,SE1,9.45,15
2026-04-04T01:45:00Z,SE2,9.46,15
2026-04-04T01:45:00Z,SE3,9.43,15
2026-04-04T01:45:00Z,SE4,9.42,15
2026-04-04T01:45:00Z,SI,63.07,15
2026-04-04T01:45:00Z,SK,70.00,15
2026-04-04T02:00:00Z,AT,70.00,15
2026-04-04T02:00:00Z,BE,26.35,15
2026-04-04T02:00:00Z,CH,105.34,60
2026-04-04T02:00:00Z,CZ,70.00,15
2026-04-04T02:00:00Z,DE-LU,4.43,15
2026-04-04T02:00:00Z,DK1,10.64,15
2026-04-04T02:00:00Z,DK2,10.65,15
2026-04-04T02:00:00Z,EE,12.28,15
2026-04-04T02:00:00Z,ES,25.50,15
2026-04-04T02:00:00Z,FI,12.28,15
2026-04-04T02:00:00Z,FR,25.50,15
2026-04-04T02:00:00Z,GR,67.22,15
2026-04-04T02:00:00Z,HR,63.54,15
2026-04-04T02:00:00Z,HU,70.00,15
2026-04-04T02:00:00Z,IT-CNorth,124.92,15
2026-04-04T02:00:00Z,IT-CSouth,124.92,15
2026-04-04T02:00:00Z,IT-North,124.92,15
2026-04-04T02:00:00Z,IT-Sardinia,124.92,15
2026-04-04T02:00:00Z,IT-Sicily,124.92,15
2026-04-04T02:00:00Z,IT-South,124.92,15
2026-04-04T02:00:00Z,LT,12.28,15
2026-04-04T02:00:00Z,LV,12.28,15
2026-04-04T02:00:00Z,NL,43.69,15
2026-04-04T02:00:00Z,NO1,73.96,15
2026-04-04T02:00:00Z,NO2,63.49,15
2026-04-04T02:00:00Z,NO3,60.94,15
2026-04-04T02:00:00Z,NO4,13.97,15
2026-04-04T02:00:00Z,NO5,92.68,15
2026-04-04T02:00:00Z,PL,73.92,15
2026-04-04T02:00:00Z,PT,25.50,15
2026-04-04T02:00:00Z,RO,67.22,15
2026-04-04T02:00:00Z,RS,63.00,15
2026-04-04T02:00:00Z,SE1,12.42,15
2026-04-04T02:00:00Z,SE2,12.00,15
2026-04-04T02:00:00Z,SE3,11.08,15
2026-04-04T02:00:00Z,SE4,10.75,15
2026-04-04T02:00:00Z,SI,62.63,15
2026-04-04T02:00:00Z,SK,70.00,15
2026-04-04T02:15:00Z,AT,71.51,15
2026-04-04T02:15:00Z,BE,32.75,15
2026-04-04T02:15:00Z,CZ,71.51,15
2026-04-04T02:15:00Z,DE-LU,3.39,15
2026-04-04T02:15:00Z,DK1,9.09,15
2026-04-04T02:15:00Z,DK2,9.30,15
2026-04-04T02:15:00Z,EE,11.94,15
2026-04-04T02:15:00Z,ES,29.93,15
2026-04-04T02:15:00Z,FI,11.95,15
2026-04-04T02:15:00Z,FR,29.93,15
2026-04-04T02:15:00Z,GR,75.85,15
2026-04-04T02:15:00Z,HR,67.89,15
2026-04-04T02:15:00Z,HU,75.85,15
2026-04-04T02:15:00Z,IT-CNorth,125.00,15
2026-04-04T02:15:00Z,IT-CSouth,125.00,15
2026-04-04T02:15:00Z,IT-North,125.00,15
2026-04-04T02:15:00Z,IT-Sardinia,125.00,15
2026-04-04T02:15:00Z,IT-Sicily,125.00,15
2026-04-04T02:15:00Z,IT-South,125.00,15
2026-04-04T02:15:00Z,LT,11.94,15
2026-04-04T02:15:00Z,LV,11.94,15
2026-04-04T02:15:00Z,NL,59.91,15
2026-04-04T02:15:00Z,NO1,79.56,15
2026-04-04T02:15:00Z,NO2,73.48,15
2026-04-04T02:15:00Z,NO3,60.79,15
2026-04-04T02:15:00Z,NO4,14.72,15
2026-04-04T02:15:00Z,NO5,92.66,15
2026-04-04T02:15:00Z,PL,65.47,15
2026-04-04T02:15:00Z,PT,29.93,15
2026-04-04T02:15:00Z,RO,75.85,15
2026-04-04T02:15:00Z,RS,63.00,15
2026-04-04T02:15:00Z,SE1,12.17,15
2026-04-04T02:15:00Z,SE2,11.49,15
2026-04-04T02:15:00Z,SE3,10.00,15
2026-04-04T02:15:00Z,SE4,9.47,15
2026-04-04T02:15:00Z,SI,66.05,15
2026-04-04T02:15:00Z,SK,71.51,15
2026-04-04T02:30:00Z,AT,62.09,15
2026-04-04T02:30:00Z,BE,31.81,15
2026-04-04T02:30:00Z,CZ,62.09,15
2026-04-04T02:30:00Z,DE-LU,9.29,15
2026-04-04T02:30:00Z,DK1,9.29,15
2026-04-04T02:30:00Z,DK2,9.42,15
2026-04-04T02:30:00Z,EE,11.62,15
2026-04-04T02:30:00Z,ES,30.21,15
2026-04-04T02:30:00Z,FI,11.62,15
2026-04-04T02:30:00Z,FR,30.21,15
2026-04-04T02:30:00Z,GR,76.33,15
2026-04-04T02:30:00Z,HR,64.48,15
2026-04-04T02:30:00Z,HU,76.33,15
2026-04-04T02:30:00Z,IT-CNorth,120.00,15
2026-04-04T02:30:00Z,IT-CSouth,120.00,15
2026-04-04T02:30:00Z,IT-North,120.00,15
2026-04-04T02:30:00Z,IT-Sardinia,120.00,15
2026-04-04T02:30:00Z,IT-Sicily,120.00,15
2026-04-04T02:30:00Z,IT-South,120.00,15
2026-04-04T02:30:00Z,LT,11.62,15
2026-04-04T02:30:00Z,LV,11.62,15
2026-04-04T02:30:00Z,NL,61.50,15
2026-04-04T02:30:00Z,NO1,80.80,15
2026-04-04T02:30:00Z,NO2,73.54,15
2026-04-04T02:30:00Z,NO3,62.14,15
2026-04-04T02:30:00Z,NO4,13.92,15
2026-04-04T02:30:00Z,NO5,92.60,15
2026-04-04T02:30:00Z,PL,55.27,15
2026-04-04T02:30:00Z,PT,30.21,15
2026-04-04T02:30:00Z,RO,76.33,15
2026-04-04T02:30:00Z,RS,63.00,15
2026-04-04T02:30:00Z,SE1,11.81,15
2026-04-04T02:30:00Z,SE2,11.24,15
2026-04-04T02:30:00Z,SE3,10.01,15
2026-04-04T02:30:00Z,SE4,9.56,15
2026-04-04T02:30:00Z,SI,61.38,15
2026-04-04T02:30:00Z,SK,62.09,15
2026-04-04T02:45:00Z,AT,68.50,15
2026-04-04T02:45:00Z,BE,35.42,15
2026-04-04T02:45:00Z,CZ,68.50,15
2026-04-04T02:45:00Z,DE-LU,8.50,15
2026-04-04T02:45:00Z,DK1,8.51,15
2026-04-04T02:45:00Z,DK2,8.58,15
2026-04-04T02:45:00Z,EE,10.99,15
2026-04-04T02:45:00Z,ES,33.26,15
2026-04-04T02:45:00Z,FI,10.99,15
2026-04-04T02:45:00Z,FR,33.26,15
2026-04-04T02:45:00Z,GR,86.89,15
2026-04-04T02:45:00Z,HR,72.35,15
2026-04-04T02:45:00Z,HU,86.89,15
2026-04-04T02:45:00Z,IT-CNorth,117.08,15
2026-04-04T02:45:00Z,IT-CSouth,117.08,15
2026-04-04T02:45:00Z,IT-North,117.08,15
2026-04-04T02:45:00Z,IT-Sardinia,117.08,15
2026-04-04T02:45:00Z,IT-Sicily,117.08,15
2026-04-04T02:45:00Z,IT-South,117.08,15
2026-04-04T02:45:00Z,LT,10.99,15
2026-04-04T02:45:00Z,LV,10.99,15
2026-04-04T02:45:00Z,NL,71.46,15
2026-04-04T02:45:00Z,NO1,84.00,15
2026-04-04T02:45:00Z,NO2,79.65,15
2026-04-04T02:45:00Z,NO3,62.45,15
2026-04-04T02:45:00Z,NO4,13.52,15
2026-04-04T02:45:00Z,NO5,92.54,15
2026-04-04T02:45:00Z,PL,49.98,15
2026-04-04T02:45:00Z,PT,33.26,15
2026-04-04T02:45:00Z,RO,86.89,15
2026-04-04T02:45:00Z,RS,63.00,15
2026-04-04T02:45:00Z,SE1,11.20,15
2026-04-04T02:45:00Z,SE2,10.58,15
2026-04-04T02:45:00Z,SE3,9.22,15
2026-04-04T02:45:00Z,SE4,8.73,15
2026-04-04T02:45:00Z,SI,68.50,15
2026-04-04T02:45:00Z,SK,68.50,15
2026-04-04T03:00:00Z,AT,74.58,15
2026-04-04T03:00:00Z,BE,26.77,15
2026-04-04T03:00:00Z,CH,102.34,60
2026-04-04T03:00:00Z,CZ,35.14,15
2026-04-04T03:00:00Z,DE-LU,13.39,15
2026-04-04T03:00:00Z,DK1,13.39,15
2026-04-04T03:00:00Z,DK2,13.39,15
2026-04-04T03:00:00Z,EE,13.42,15
2026-04-04T03:00:00Z,ES,26.77,15
2026-04-04T03:00:00Z,FI,13.42,15
2026-04-04T03:00:00Z,FR,26.77,15
2026-04-04T03:00:00Z,GR,93.21,15
2026-04-04T03:00:00Z,HR,73.50,15
2026-04-04T03:00:00Z,HU,105.15,15
2026-04-04T03:00:00Z,IT-CNorth,130.00,15
2026-04-04T03:00:00Z,IT-CSouth,130.00,15
2026-04-04T03:00:00Z,IT-North,130.00,15
2026-04-04T03:00:00Z,IT-Sardinia,130.00,15
2026-04-04T03:00:00Z,IT-Sicily,130.00,15
2026-04-04T03:00:00Z,IT-South,130.00,15
2026-04-04T03:00:00Z,LT,13.42,15
2026-04-04T03:00:00Z,LV,13.42,15
2026-04-04T03:00:00Z,NL,47.36,15
2026-04-04T03:00:00Z,NO1,76.51,15
2026-04-04T03:00:00Z,NO2,69.33,15
2026-04-04T03:00:00Z,NO3,64.87,15
2026-04-04T03:00:00Z,NO4,13.41,15
2026-04-04T03:00:00Z,NO5,98.64,15
2026-04-04T03:00:00Z,PL,53.25,15
2026-04-04T03:00:00Z,PT,26.77,15
2026-04-04T03:00:00Z,RO,93.21,15
2026-04-04T03:00:00Z,RS,83.00,15
2026-04-04T03:00:00Z,SE1,13.42,15
2026-04-04T03:00:00Z,SE2,13.43,15
2026-04-04T03:00:00Z,SE3,13.40,15
2026-04-04T03:00:00Z,SE4,13.39,15
2026-04-04T03:00:00Z,SI,67.05,15
2026-04-04T03:00:00Z,SK,35.14,15
2026-04-04T03:15:00Z,AT,67.83,15
2026-04-04T03:15:00Z,BE,32.07,15
2026-04-04T03:15:00Z,CZ,54.00,15
2026-04-04T03:15:00Z,DE-LU,8.95,15
2026-04-04T03:15:00Z,DK1,8.95,15
2026-04-04T03:15:00Z,DK2,9.01,15
2026-04-04T03:15:00Z,EE,11.97,15
2026-04-04T03:15:00Z,ES,30.21,15
2026-04-04T03:15:00Z,FI,11.97,15
2026-04-04T03:15:00Z,FR,30.21,15
2026-04-04T03:15:00Z,GR,90.00,15
2026-04-04T03:15:00Z,HR,73.50,15
2026-04-04T03:15:00Z,HU,100.07,15
2026-04-04T03:15:00Z,IT-CNorth,127.87,15
2026-04-04T03:15:00Z,IT-CSouth,127.87,15
2026-04-04T03:15:00Z,IT-North,127.87,15
2026-04-04T03:15:00Z,IT-Sardinia,127.87,15
2026-04-04T03:15:00Z,IT-Sicily,127.87,15
2026-04-04T03:15:00Z,IT-South,127.87,15
2026-04-04T03:15:00Z,LT,11.97,15
2026-04-04T03:15:00Z,LV,11.97,15
2026-04-04T03:15:00Z,NL,66.84,15
2026-04-04T03:15:00Z,NO1,84.85,15
2026-04-04T03:15:00Z,NO2,80.64,15
2026-04-04T03:15:00Z,NO3,62.85,15
2026-04-04T03:15:00Z,NO4,15.08,15
2026-04-04T03:15:00Z,NO5,98.60,15
2026-04-04T03:15:00Z,PL,49.71,15
2026-04-04T03:15:00Z,PT,30.21,15
2026-04-04T03:15:00Z,RO,90.00,15
2026-04-04T03:15:00Z,RS,83.00,15
2026-04-04T03:15:00Z,SE1,12.23,15
2026-04-04T03:15:00Z,SE2,11.45,15
2026-04-04T03:15:00Z,SE3,9.80,15
2026-04-04T03:15:00Z,SE4,9.19,15
2026-04-04T03:15:00Z,SI,67.83,15
2026-04-04T03:15:00Z,SK,54.00,15
2026-04-04T03:30:00Z,AT,70.24,15
2026-04-04T03:30:00Z,BE,35.28,15
2026-04-04T03:30:00Z,CZ,63.00,15
2026-04-04T03:30:00Z,DE-LU,10.10,15
2026-04-04T03:30:00Z,DK1,10.10,15
2026-04-04T03:30:00Z,DK2,10.10,15
2026-04-04T03:30:00Z,EE,12.33,15
2026-04-04T03:30:00Z,ES,30.79,15
2026-04-04T03:30:00Z,FI,12.33,15
2026-04-04T03:30:00Z,FR,30.79,15
2026-04-04T03:30:00Z,GR,90.00,15
2026-04-04T03:30:00Z,HR,75.00,15
2026-04-04T03:30:00Z,HU,96.29,15
2026-04-04T03:30:00Z,IT-CNorth,133.42,15
2026-04-04T03:30:00Z,IT-CSouth,133.42,15
2026-04-04T03:30:00Z,IT-North,133.42,15
2026-04-04T03:30:00Z,IT-Sardinia,133.42,15
2026-04-04T03:30:00Z,IT-Sicily,133.42,15
2026-04-04T03:30:00Z,IT-South,133.42,15
2026-04-04T03:30:00Z,LT,12.33,15
2026-04-04T03:30:00Z,LV,12.33,15
2026-04-04T03:30:00Z,NL,74.93,15
2026-04-04T03:30:00Z,NO1,87.83,15
2026-04-04T03:30:00Z,NO2,84.48,15
2026-04-04T03:30:00Z,NO3,65.05,15
2026-04-04T03:30:00Z,NO4,14.67,15
2026-04-04T03:30:00Z,NO5,98.08,15
2026-04-04T03:30:00Z,PL,48.06,15
2026-04-04T03:30:00Z,PT,30.79,15
2026-04-04T03:30:00Z,RO,90.00,15
2026-04-04T03:30:00Z,RS,83.00,15
2026-04-04T03:30:00Z,SE1,12.53,15
2026-04-04T03:30:00Z,SE2,11.95,15
2026-04-04T03:30:00Z,SE3,10.70,15
2026-04-04T03:30:00Z,SE4,10.24,15
2026-04-04T03:30:00Z,SI,70.24,15
2026-04-04T03:30:00Z,SK,63.00,15
2026-04-04T03:45:00Z,AT,83.20,15
2026-04-04T03:45:00Z,BE,58.81,15
2026-04-04T03:45:00Z,CZ,71.51,15
2026-04-04T03:45:00Z,DE-LU,14.50,15
2026-04-04T03:45:00Z,DK1,14.50,15
2026-04-04T03:45:00Z,DK2,14.50,15
2026-04-04T03:45:00Z,EE,14.81,15
2026-04-04T03:45:00Z,ES,33.97,15
2026-04-04T03:45:00Z,FI,14.81,15
2026-04-04T03:45:00Z,FR,33.97,15
2026-04-04T03:45:00Z,GR,106.78,15
2026-04-04T03:45:00Z,HR,88.11,15
2026-04-04T03:45:00Z,HU,106.78,15
2026-04-04T03:45:00Z,IT-CNorth,127.87,15
2026-04-04T03:45:00Z,IT-CSouth,127.87,15
2026-04-04T03:45:00Z,IT-North,127.87,15
2026-04-04T03:45:00Z,IT-Sardinia,127.87,15
2026-04-04T03:45:00Z,IT-Sicily,127.87,15
2026-04-04T03:45:00Z,IT-South,127.87,15
2026-04-04T03:45:00Z,LT,14.81,15
2026-04-04T03:45:00Z,LV,14.81,15
2026-04-04T03:45:00Z,NL,135.10,15
2026-04-04T03:45:00Z,NO1,88.88,15
2026-04-04T03:45:00Z,NO2,86.21,15
2026-04-04T03:45:00Z,NO3,68.82,15
2026-04-04T03:45:00Z,NO4,15.10,15
2026-04-04T03:45:00Z,NO5,97.00,15
2026-04-04T03:45:00Z,PL,45.16,15
2026-04-04T03:45:00Z,PT,33.97,15
2026-04-04T03:45:00Z,RO,106.78,15
2026-04-04T03:45:00Z,RS,83.00,15
2026-04-04T03:45:00Z,SE1,14.84,15
2026-04-04T03:45:00Z,SE2,14.77,15
2026-04-04T03:45:00Z,SE3,14.58,15
2026-04-04T03:45:00Z,SE4,14.52,15
2026-04-04T03:45:00Z,SI,83.20,15
2026-04-04T03:45:00Z,SK,71.51,15
2026-04-04T04:00:00Z,AT,54.00,15
2026-04-04T04:00:00Z,BE,32.39,15
2026-04-04T04:00:00Z,CH,97.90,60
2026-04-04T04:00:00Z,CZ,54.00,15
2026-04-04T04:00:00Z,DE-LU,7.77,15
2026-04-04T04:00:00Z,DK1,7.77,15
2026-04-04T04:00:00Z,DK2,7.77,15
2026-04-04T04:00:00Z,EE,10.10,15
2026-04-04T04:00:00Z,ES,30.26,15
2026-04-04T04:00:00Z,FI,10.11,15
2026-04-04T04:00:00Z,FR,30.26,15
2026-04-04T04:00:00Z,GR,90.00,15
2026-04-04T04:00:00Z,HR,71.08,15
2026-04-04T04:00:00Z,HU,101.13,15
2026-04-04T04:00:00Z,IT-CNorth,172.37,15
2026-04-04T04:00:00Z,IT-CSouth,172.37,15
2026-04-04T04:00:00Z,IT-North,172.37,15
2026-04-04T04:00:00Z,IT-Sardinia,172.37,15
2026-04-04T04:00:00Z,IT-Sicily,172.37,15
2026-04-04T04:00:00Z,IT-South,172.37,15
2026-04-04T04:00:00Z,LT,10.10,15
2026-04-04T04:00:00Z,LV,10.10,15
2026-04-04T04:00:00Z,NL,65.55,15
2026-04-04T04:00:00Z,NO1,75.75,15
2026-04-04T04:00:00Z,NO2,52.39,15
2026-04-04T04:00:00Z,NO3,67.10,15
2026-04-04T04:00:00Z,NO4,12.53,15
2026-04-04T04:00:00Z,NO5,108.76,15
2026-04-04T04:00:00Z,PL,20.29,15
2026-04-04T04:00:00Z,PT,30.26,15
2026-04-04T04:00:00Z,RO,90.00,15
2026-04-04T04:00:00Z,RS,87.00,15
2026-04-04T04:00:00Z,SE1,10.30,15
2026-04-04T04:00:00Z,SE2,9.69,15
2026-04-04T04:00:00Z,SE3,8.40,15
2026-04-04T04:00:00Z,SE4,7.92,15
2026-04-04T04:00:00Z,SI,63.77,15
2026-04-04T04:00:00Z,SK,54.00,15
2026-04-04T04:15:00Z,AT,62.77,15
2026-04-04T04:15:00Z,BE,43.11,15
2026-04-04T04:15:00Z,CZ,62.77,15
2026-04-04T04:15:00Z,DE-LU,9.91,15
2026-04-04T04:15:00Z,DK1,9.91,15
2026-04-04T04:15:00Z,DK2,9.94,15
2026-04-04T04:15:00Z,EE,11.61,15
2026-04-04T04:15:00Z,ES,34.97,15
2026-04-04T04:15:00Z,FI,11.61,15
2026-04-04T04:15:00Z,FR,34.97,15
2026-04-04T04:15:00Z,GR,112.56,15
2026-04-04T04:15:00Z,HR,87.63,15
2026-04-04T04:15:00Z,HU,127.20,15
2026-04-04T04:15:00Z,IT-CNorth,173.47,15
2026-04-04T04:15:00Z,IT-CSouth,173.47,15
2026-04-04T04:15:00Z,IT-North,173.47,15
2026-04-04T04:15:00Z,IT-Sardinia,173.47,15
2026-04-04T04:15:00Z,IT-Sicily,173.47,15
2026-04-04T04:15:00Z,IT-South,173.47,15
2026-04-04T04:15:00Z,LT,11.61,15
2026-04-04T04:15:00Z,LV,11.61,15
2026-04-04T04:15:00Z,NL,93.40,15
2026-04-04T04:15:00Z,NO1,75.51,15
2026-04-04T04:15:00Z,NO2,52.41,15
2026-04-04T04:15:00Z,NO3,68.45,15
2026-04-04T04:15:00Z,NO4,13.32,15
2026-04-04T04:15:00Z,NO5,108.61,15
2026-04-04T04:15:00Z,PL,33.70,15
2026-04-04T04:15:00Z,PT,34.97,15
2026-04-04T04:15:00Z,RO,112.56,15
2026-04-04T04:15:00Z,RS,87.00,15
2026-04-04T04:15:00Z,SE1,11.74,15
2026-04-04T04:15:00Z,SE2,11.32,15
2026-04-04T04:15:00Z,SE3,10.39,15
2026-04-04T04:15:00Z,SE4,10.04,15
2026-04-04T04:15:00Z,SI,77.89,15
2026-04-04T04:15:00Z,SK,62.77,15
2026-04-04T04:30:00Z,AT,76.00,15
2026-04-04T04:30:00Z,BE,55.34,15
2026-04-04T04:30:00Z,CZ,76.00,15
2026-04-04T04:30:00Z,DE-LU,15.03,15
2026-04-04T04:30:00Z,DK1,15.03,15
2026-04-04T04:30:00Z,DK2,15.00,15
2026-04-04T04:30:00Z,EE,15.03,15
2026-04-04T04:30:00Z,ES,35.00,15
2026-04-04T04:30:00Z,FI,15.03,15
2026-04-04T04:30:00Z,FR,35.00,15
2026-04-04T04:30:00Z,GR,117.68,15
2026-04-04T04:30:00Z,HR,96.61,15
2026-04-04T04:30:00Z,HU,130.37,15
2026-04-04T04:30:00Z,IT-CNorth,173.47,15
2026-04-04T04:30:00Z,IT-CSouth,173.47,15
2026-04-04T04:30:00Z,IT-North,173.47,15
2026-04-04T04:30:00Z,IT-Sardinia,173.47,15
2026-04-04T04:30:00Z,IT-Sicily,173.47,15
2026-04-04T04:30:00Z,IT-South,173.47,15
2026-04-04T04:30:00Z,LT,15.03,15
2026-04-04T04:30:00Z,LV,15.03,15
2026-04-04T04:30:00Z,NL,118.36,15
2026-04-04T04:30:00Z,NO1,76.54,15
2026-04-04T04:30:00Z,NO2,55.29,15
2026-04-04T04:30:00Z,NO3,72.24,15
2026-04-04T04:30:00Z,NO4,15.00,15
2026-04-04T04:30:00Z,NO5,108.45,15
2026-04-04T04:30:00Z,PL,35.04,15
2026-04-04T04:30:00Z,PT,35.00,15
2026-04-04T04:30:00Z,RO,117.68,15
2026-04-04T04:30:00Z,RS,87.00,15
2026-04-04T04:30:00Z,SE1,15.03,15
2026-04-04T04:30:00Z,SE2,15.05,15
2026-04-04T04:30:00Z,SE3,15.01,15
2026-04-04T04:30:00Z,SE4,15.00,15
2026-04-04T04:30:00Z,SI,88.36,15
2026-04-04T04:30:00Z,SK,76.00,15
2026-04-04T04:45:00Z,AT,87.31,15
2026-04-04T04:45:00Z,BE,105.78,15
2026-04-04T04:45:00Z,CZ,87.31,15
2026-04-04T04:45:00Z,DE-LU,20.74,15
2026-04-04T04:45:00Z,DK1,20.74,15
2026-04-04T04:45:00Z,DK2,21.27,15
2026-04-04T04:45:00Z,EE,21.24,15
2026-04-04T04:45:00Z,ES,35.00,15
2026-04-04T04:45:00Z,FI,21.26,15
2026-04-04T04:45:00Z,FR,35.00,15
2026-04-04T04:45:00Z,GR,118.70,15
2026-04-04T04:45:00Z,HR,106.15,15
2026-04-04T04:45:00Z,HU,127.26,15
2026-04-04T04:45:00Z,IT-CNorth,173.47,15
2026-04-04T04:45:00Z,IT-CSouth,173.47,15
2026-04-04T04:45:00Z,IT-North,173.47,15
2026-04-04T04:45:00Z,IT-Sardinia,173.47,15
2026-04-04T04:45:00Z,IT-Sicily,173.47,15
2026-04-04T04:45:00Z,IT-South,173.47,15
2026-04-04T04:45:00Z,LT,21.24,15
2026-04-04T04:45:00Z,LV,21.24,15
2026-04-04T04:45:00Z,NL,230.10,15
2026-04-04T04:45:00Z,NO1,78.52,15
2026-04-04T04:45:00Z,NO2,58.73,15
2026-04-04T04:45:00Z,NO3,74.69,15
2026-04-04T04:45:00Z,NO4,21.15,15
2026-04-04T04:45:00Z,NO5,108.50,15
2026-04-04T04:45:00Z,PL,49.94,15
2026-04-04T04:45:00Z,PT,35.00,15
2026-04-04T04:45:00Z,RO,118.70,15
2026-04-04T04:45:00Z,RS,87.00,15
2026-04-04T04:45:00Z,SE1,21.23,15
2026-04-04T04:45:00Z,SE2,21.26,15
2026-04-04T04:45:00Z,SE3,21.26,15
2026-04-04T04:45:00Z,SE4,21.27,15
2026-04-04T04:45:00Z,SI,100.81,15
2026-04-04T04:45:00Z,SK,87.31,15
2026-04-04T05:00:00Z,AT,88.35,15
2026-04-04T05:00:00Z,BE,65.16,15
2026-04-04T05:00:00Z,CH,76.10,60
2026-04-04T05:00:00Z,CZ,110.45,15
2026-04-04T05:00:00Z,DE-LU,19.90,15
2026-04-04T05:00:00Z,DK1,19.90,15
2026-04-04T05:00:00Z,DK2,19.37,15
2026-04-04T05:00:00Z,EE,19.15,15
2026-04-04T05:00:00Z,ES,35.00,15
2026-04-04T05:00:00Z,FI,19.13,15
2026-04-04T05:00:00Z,FR,35.00,15
2026-04-04T05:00:00Z,GR,120.09,15
2026-04-04T05:00:00Z,HR,106.89,15
2026-04-04T05:00:00Z,HU,128.23,15
2026-04-04T05:00:00Z,IT-CNorth,181.96,15
2026-04-04T05:00:00Z,IT-CSouth,181.96,15
2026-04-04T05:00:00Z,IT-North,181.96,15
2026-04-04T05:00:00Z,IT-Sardinia,181.96,15
2026-04-04T05:00:00Z,IT-Sicily,181.96,15
2026-04-04T05:00:00Z,IT-South,181.96,15
2026-04-04T05:00:00Z,LT,19.15,15
2026-04-04T05:00:00Z,LV,19.15,15
2026-04-04T05:00:00Z,NL,139.18,15
2026-04-04T05:00:00Z,NO1,91.84,15
2026-04-04T05:00:00Z,NO2,91.53,15
2026-04-04T05:00:00Z,NO3,72.65,15
2026-04-04T05:00:00Z,NO4,16.98,15
2026-04-04T05:00:00Z,NO5,92.20,15
2026-04-04T05:00:00Z,PL,47.95,15
2026-04-04T05:00:00Z,PT,35.00,15
2026-04-04T05:00:00Z,RO,120.09,15
2026-04-04T05:00:00Z,RS,85.10,15
2026-04-04T05:00:00Z,SE1,18.13,15
2026-04-04T05:00:00Z,SE2,18.45,15
2026-04-04T05:00:00Z,SE3,19.06,15
2026-04-04T05:00:00Z,SE4,19.30,15
2026-04-04T05:00:00Z,SI,101.53,15
2026-04-04T05:00:00Z,SK,110.45,15
2026-04-04T05:15:00Z,AT,82.40,15
2026-04-04T05:15:00Z,BE,102.79,15
2026-04-04T05:15:00Z,CZ,90.00,15
2026-04-04T05:15:00Z,DE-LU,18.37,15
2026-04-04T05:15:00Z,DK1,18.37,15
2026-04-04T05:15:00Z,DK2,18.37,15
2026-04-04T05:15:00Z,EE,18.30,15
2026-04-04T05:15:00Z,ES,35.01,15
2026-04-04T05:15:00Z,FI,18.30,15
2026-04-04T05:15:00Z,FR,35.01,15
2026-04-04T05:15:00Z,GR,96.34,15
2026-04-04T05:15:00Z,HR,91.88,15
2026-04-04T05:15:00Z,HU,96.34,15
2026-04-04T05:15:00Z,IT-CNorth,183.78,15
2026-04-04T05:15:00Z,IT-CSouth,183.78,15
2026-04-04T05:15:00Z,IT-North,183.78,15
2026-04-04T05:15:00Z,IT-Sardinia,183.78,15
2026-04-04T05:15:00Z,IT-Sicily,183.78,15
2026-04-04T05:15:00Z,IT-South,183.78,15
2026-04-04T05:15:00Z,LT,18.30,15
2026-04-04T05:15:00Z,LV,18.30,15
2026-04-04T05:15:00Z,NL,210.43,15
2026-04-04T05:15:00Z,NO1,91.99,15
2026-04-04T05:15:00Z,NO2,91.85,15
2026-04-04T05:15:00Z,NO3,71.29,15
2026-04-04T05:15:00Z,NO4,17.55,15
2026-04-04T05:15:00Z,NO5,92.02,15
2026-04-04T05:15:00Z,PL,49.61,15
2026-04-04T05:15:00Z,PT,35.01,15
2026-04-04T05:15:00Z,RO,96.34,15
2026-04-04T05:15:00Z,RS,85.10,15
2026-04-04T05:15:00Z,SE1,17.96,15
2026-04-04T05:15:00Z,SE2,18.08,15
2026-04-04T05:15:00Z,SE3,18.27,15
2026-04-04T05:15:00Z,SE4,18.35,15
2026-04-04T05:15:00Z,SI,90.12,15
2026-04-04T05:15:00Z,SK,90.00,15
2026-04-04T05:30:00Z,AT,76.84,15
2026-04-04T05:30:00Z,BE,123.95,15
2026-04-04T05:30:00Z,CZ,70.00,15
2026-04-04T05:30:00Z,DE-LU,23.46,15
2026-04-04T05:30:00Z,DK1,23.46,15
2026-04-04T05:30:00Z,DK2,23.46,15
2026-04-04T05:30:00Z,EE,23.17,15
2026-04-04T05:30:00Z,ES,35.01,15
2026-04-04T05:30:00Z,FI,22.51,15
2026-04-04T05:30:00Z,FR,35.01,15
2026-04-04T05:30:00Z,GR,80.55,15
2026-04-04T05:30:00Z,HR,81.92,15
2026-04-04T05:30:00Z,HU,81.92,15
2026-04-04T05:30:00Z,IT-CNorth,181.96,15
2026-04-04T05:30:00Z,IT-CSouth,181.96,15
2026-04-04T05:30:00Z,IT-North,181.96,15
2026-04-04T05:30:00Z,IT-Sardinia,181.96,15
2026-04-04T05:30:00Z,IT-Sicily,181.96,15
2026-04-04T05:30:00Z,IT-South,181.96,15
2026-04-04T05:30:00Z,LT,23.17,15
2026-04-04T05:30:00Z,LV,23.17,15
2026-04-04T05:30:00Z,NL,250.57,15
2026-04-04T05:30:00Z,NO1,91.92,15
2026-04-04T05:30:00Z,NO2,91.53,15
2026-04-04T05:30:00Z,NO3,74.45,15
2026-04-04T05:30:00Z,NO4,20.29,15
2026-04-04T05:30:00Z,NO5,92.43,15
2026-04-04T05:30:00Z,PL,41.96,15
2026-04-04T05:30:00Z,PT,35.01,15
2026-04-04T05:30:00Z,RO,80.55,15
2026-04-04T05:30:00Z,RS,85.10,15
2026-04-04T05:30:00Z,SE1,21.81,15
2026-04-04T05:30:00Z,SE2,22.24,15
2026-04-04T05:30:00Z,SE3,23.06,15
2026-04-04T05:30:00Z,SE4,23.36,15
2026-04-04T05:30:00Z,SI,81.92,15
2026-04-04T05:30:00Z,SK,70.00,15
2026-04-04T05:45:00Z,AT,55.98,15
2026-04-04T05:45:00Z,BE,131.94,15
2026-04-04T05:45:00Z,CZ,42.72,15
2026-04-04T05:45:00Z,DE-LU,15.34,15
2026-04-04T05:45:00Z,DK1,15.34,15
2026-04-04T05:45:00Z,DK2,15.34,15
2026-04-04T05:45:00Z,EE,15.30,15
2026-04-04T05:45:00Z,ES,35.01,15
2026-04-04T05:45:00Z,FI,15.33,15
2026-04-04T05:45:00Z,FR,35.01,15
2026-04-04T05:45:00Z,GR,56.05,15
2026-04-04T05:45:00Z,HR,59.23,15
2026-04-04T05:45:00Z,HU,55.98,15
2026-04-04T05:45:00Z,IT-CNorth,178.30,15
2026-04-04T05:45:00Z,IT-CSouth,178.30,15
2026-04-04T05:45:00Z,IT-North,178.30,15
2026-04-04T05:45:00Z,IT-Sardinia,178.30,15
2026-04-04T05:45:00Z,IT-Sicily,178.30,15
2026-04-04T05:45:00Z,IT-South,178.30,15
2026-04-04T05:45:00Z,LT,15.30,15
2026-04-04T05:45:00Z,LV,15.30,15
2026-04-04T05:45:00Z,NL,259.82,15
2026-04-04T05:45:00Z,NO1,92.44,15
2026-04-04T05:45:00Z,NO2,92.09,15
2026-04-04T05:45:00Z,NO3,70.24,15
2026-04-04T05:45:00Z,NO4,15.25,15
2026-04-04T05:45:00Z,NO5,92.32,15
2026-04-04T05:45:00Z,PL,37.62,15
2026-04-04T05:45:00Z,PT,35.01,15
2026-04-04T05:45:00Z,RO,56.05,15
2026-04-04T05:45:00Z,RS,85.10,15
2026-04-04T05:45:00Z,SE1,15.31,15
2026-04-04T05:45:00Z,SE2,15.34,15
2026-04-04T05:45:00Z,SE3,15.33,15
2026-04-04T05:45:00Z,SE4,15.34,15
2026-04-04T05:45:00Z,SI,59.23,15
2026-04-04T05:45:00Z,SK,44.28,15
2026-04-04T06:00:00Z,AT,70.87,15
2026-04-04T06:00:00Z,BE,120.67,15
2026-04-04T06:00:00Z,CH,52.54,60
2026-04-04T06:00:00Z,CZ,63.76,15
2026-04-04T06:00:00Z,DE-LU,21.88,15
2026-04-04T06:00:00Z,DK1,21.88,15
2026-04-04T06:00:00Z,DK2,21.88,15
2026-04-04T06:00:00Z,EE,21.92,15
2026-04-04T06:00:00Z,ES,35.20,15
2026-04-04T06:00:00Z,FI,21.90,15
2026-04-04T06:00:00Z,FR,35.20,15
2026-04-04T06:00:00Z,GR,65.84,15
2026-04-04T06:00:00Z,HR,71.50,15
2026-04-04T06:00:00Z,HU,65.54,15
2026-04-04T06:00:00Z,IT-CNorth,185.62,15
2026-04-04T06:00:00Z,IT-CSouth,185.62,15
2026-04-04T06:00:00Z,IT-North,185.62,15
2026-04-04T06:00:00Z,IT-Sardinia,185.62,15
2026-04-04T06:00:00Z,IT-Sicily,185.62,15
2026-04-04T06:00:00Z,IT-South,185.62,15
2026-04-04T06:00:00Z,LT,21.92,15
2026-04-04T06:00:00Z,LV,21.92,15
2026-04-04T06:00:00Z,NL,301.18,15
2026-04-04T06:00:00Z,NO1,93.67,15
2026-04-04T06:00:00Z,NO2,93.63,15
2026-04-04T06:00:00Z,NO3,72.55,15
2026-04-04T06:00:00Z,NO4,21.90,15
2026-04-04T06:00:00Z,NO5,93.53,15
2026-04-04T06:00:00Z,PL,25.91,15
2026-04-04T06:00:00Z,PT,35.20,15
2026-04-04T06:00:00Z,RO,65.84,15
2026-04-04T06:00:00Z,RS,53.92,15
2026-04-04T06:00:00Z,SE1,21.91,15
2026-04-04T06:00:00Z,SE2,21.92,15
2026-04-04T06:00:00Z,SE3,21.88,15
2026-04-04T06:00:00Z,SE4,21.88,15
2026-04-04T06:00:00Z,SI,73.09,15
2026-04-04T06:00:00Z,SK,63.76,15
2026-04-04T06:15:00Z,AT,38.11,15
2026-04-04T06:15:00Z,BE,73.90,15
2026-04-04T06:15:00Z,CZ,34.71,15
2026-04-04T06:15:00Z,DE-LU,19.97,15
2026-04-04T06:15:00Z,DK1,19.97,15
2026-04-04T06:15:00Z,DK2,19.97,15
2026-04-04T06:15:00Z,EE,19.97,15
2026-04-04T06:15:00Z,ES,35.01,15
2026-04-04T06:15:00Z,FI,19.99,15
2026-04-04T06:15:00Z,FR,35.01,15
2026-04-04T06:15:00Z,GR,36.09,15
2026-04-04T06:15:00Z,HR,37.97,15
2026-04-04T06:15:00Z,HU,35.87,15
2026-04-04T06:15:00Z,IT-CNorth,181.96,15
2026-04-04T06:15:00Z,IT-CSouth,181.96,15
2026-04-04T06:15:00Z,IT-North,181.96,15
2026-04-04T06:15:00Z,IT-Sardinia,181.96,15
2026-04-04T06:15:00Z,IT-Sicily,181.96,15
2026-04-04T06:15:00Z,IT-South,181.96,15
2026-04-04T06:15:00Z,LT,19.97,15
2026-04-04T06:15:00Z,LV,19.97,15
2026-04-04T06:15:00Z,NL,157.15,15
2026-04-04T06:15:00Z,NO1,93.87,15
2026-04-04T06:15:00Z,NO2,93.83,15
2026-04-04T06:15:00Z,NO3,72.13,15
2026-04-04T06:15:00Z,NO4,19.99,15
2026-04-04T06:15:00Z,NO5,93.72,15
2026-04-04T06:15:00Z,PL,25.29,15
2026-04-04T06:15:00Z,PT,35.01,15
2026-04-04T06:15:00Z,RO,36.09,15
2026-04-04T06:15:00Z,RS,53.92,15
2026-04-04T06:15:00Z,SE1,20.00,15
2026-04-04T06:15:00Z,SE2,20.01,15
2026-04-04T06:15:00Z,SE3,19.97,15
2026-04-04T06:15:00Z,SE4,19.97,15
2026-04-04T06:15:00Z,SI,38.53,15
2026-04-04T06:15:00Z,SK,35.00,15
2026-04-04T06:30:00Z,AT,31.21,15
2026-04-04T06:30:00Z,BE,61.39,15
2026-04-04T06:30:00Z,CZ,29.15,15
2026-04-04T06:30:00Z,DE-LU,16.03,15
2026-04-04T06:30:00Z,DK1,16.03,15
2026-04-04T06:30:00Z,DK2,16.03,15
2026-04-04T06:30:00Z,EE,16.06,15
2026-04-04T06:30:00Z,ES,31.51,15
2026-04-04T06:30:00Z,FI,16.06,15
2026-04-04T06:30:00Z,FR,31.51,15
2026-04-04T06:30:00Z,GR,29.55,15
2026-04-04T06:30:00Z,HR,31.07,15
2026-04-04T06:30:00Z,HU,29.49,15
2026-04-04T06:30:00Z,IT-CNorth,173.47,15
2026-04-04T06:30:00Z,IT-CSouth,173.47,15
2026-04-04T06:30:00Z,IT-North,173.47,15
2026-04-04T06:30:00Z,IT-Sardinia,173.47,15
2026-04-04T06:30:00Z,IT-Sicily,173.47,15
2026-04-04T06:30:00Z,IT-South,173.47,15
2026-04-04T06:30:00Z,LT,16.04,15
2026-04-04T06:30:00Z,LV,16.04,15
2026-04-04T06:30:00Z,NL,128.83,15
2026-04-04T06:30:00Z,NO1,94.10,15
2026-04-04T06:30:00Z,NO2,94.06,15
2026-04-04T06:30:00Z,NO3,71.13,15
2026-04-04T06:30:00Z,NO4,16.05,15
2026-04-04T06:30:00Z,NO5,93.95,15
2026-04-04T06:30:00Z,PL,18.05,15
2026-04-04T06:30:00Z,PT,31.51,15
2026-04-04T06:30:00Z,RO,29.55,15
2026-04-04T06:30:00Z,RS,53.92,15
2026-04-04T06:30:00Z,SE1,16.06,15
2026-04-04T06:30:00Z,SE2,16.07,15
2026-04-04T06:30:00Z,SE3,16.04,15
2026-04-04T06:30:00Z,SE4,16.03,15
2026-04-04T06:30:00Z,SI,31.51,15
2026-04-04T06:30:00Z,SK,29.01,15
2026-04-04T06:45:00Z,AT,19.16,15
2026-04-04T06:45:00Z,BE,44.83,15
2026-04-04T06:45:00Z,CZ,16.39,15
2026-04-04T06:45:00Z,DE-LU,8.90,15
2026-04-04T06:45:00Z,DK1,8.90,15
2026-04-04T06:45:00Z,DK2,8.89,15
2026-04-04T06:45:00Z,EE,13.10,15
2026-04-04T06:45:00Z,ES,19.31,15
2026-04-04T06:45:00Z,FI,13.10,15
2026-04-04T06:45:00Z,FR,19.31,15
2026-04-04T06:45:00Z,GR,17.93,15
2026-04-04T06:45:00Z,HR,18.98,15
2026-04-04T06:45:00Z,HU,17.68,15
2026-04-04T06:45:00Z,IT-CNorth,170.79,15
2026-04-04T06:45:00Z,IT-CSouth,153.10,15
2026-04-04T06:45:00Z,IT-North,170.79,15
2026-04-04T06:45:00Z,IT-Sardinia,153.10,15
2026-04-04T06:45:00Z,IT-Sicily,153.10,15
2026-04-04T06:45:00Z,IT-South,153.10,15
2026-04-04T06:45:00Z,LT,13.10,15
2026-04-04T06:45:00Z,LV,13.10,15
2026-04-04T06:45:00Z,NL,97.23,15
2026-04-04T06:45:00Z,NO1,94.60,15
2026-04-04T06:45:00Z,NO2,95.34,15
2026-04-04T06:45:00Z,NO3,63.50,15
2026-04-04T06:45:00Z,NO4,17.36,15
2026-04-04T06:45:00Z,NO5,93.75,15
2026-04-04T06:45:00Z,PL,14.90,15
2026-04-04T06:45:00Z,PT,19.31,15
2026-04-04T06:45:00Z,RO,17.93,15
2026-04-04T06:45:00Z,RS,53.92,15
2026-04-04T06:45:00Z,SE1,13.42,15
2026-04-04T06:45:00Z,SE2,12.37,15
2026-04-04T06:45:00Z,SE3,10.01,15
2026-04-04T06:45:00Z,SE4,9.15,15
2026-04-04T06:45:00Z,SI,19.31,15
2026-04-04T06:45:00Z,SK,16.93,15
2026-04-04T07:00:00Z,AT,46.34,15
2026-04-04T07:00:00Z,BE,108.62,15
2026-04-04T07:00:00Z,CH,35.05,60
2026-04-04T07:00:00Z,CZ,36.86,15
2026-04-04T07:00:00Z,DE-LU,12.98,15
2026-04-04T07:00:00Z,DK1,12.98,15
2026-04-04T07:00:00Z,DK2,13.00,15
2026-04-04T07:00:00Z,EE,15.08,15
2026-04-04T07:00:00Z,ES,28.35,15
2026-04-04T07:00:00Z,FI,15.08,15
2026-04-04T07:00:00Z,FR,45.00,15
2026-04-04T07:00:00Z,GR,40.68,15
2026-04-04T07:00:00Z,HR,44.02,15
2026-04-04T07:00:00Z,HU,40.08,15
2026-04-04T07:00:00Z,IT-CNorth,170.85,15
2026-04-04T07:00:00Z,IT-CSouth,130.00,15
2026-04-04T07:00:00Z,IT-North,170.85,15
2026-04-04T07:00:00Z,IT-Sardinia,130.00,15
2026-04-04T07:00:00Z,IT-Sicily,130.00,15
2026-04-04T07:00:00Z,IT-South,130.00,15
2026-04-04T07:00:00Z,LT,13.40,15
2026-04-04T07:00:00Z,LV,13.40,15
2026-04-04T07:00:00Z,NL,262.04,15
2026-04-04T07:00:00Z,NO1,95.15,15
2026-04-04T07:00:00Z,NO2,86.00,15
2026-04-04T07:00:00Z,NO3,68.00,15
2026-04-04T07:00:00Z,NO4,17.12,15
2026-04-04T07:00:00Z,NO5,94.36,15
2026-04-04T07:00:00Z,PL,26.78,15
2026-04-04T07:00:00Z,PT,28.35,15
2026-04-04T07:00:00Z,RO,40.68,15
2026-04-04T07:00:00Z,RS,55.47,15
2026-04-04T07:00:00Z,SE1,15.24,15
2026-04-04T07:00:00Z,SE2,14.74,15
2026-04-04T07:00:00Z,SE3,13.56,15
2026-04-04T07:00:00Z,SE4,13.13,15
2026-04-04T07:00:00Z,SI,45.00,15
2026-04-04T07:00:00Z,SK,38.00,15
2026-04-04T07:15:00Z,AT,25.06,15
2026-04-04T07:15:00Z,BE,60.98,15
2026-04-04T07:15:00Z,CZ,19.29,15
2026-04-04T07:15:00Z,DE-LU,6.45,15
2026-04-04T07:15:00Z,DK1,6.45,15
2026-04-04T07:15:00Z,DK2,6.49,15
2026-04-04T07:15:00Z,EE,14.73,15
2026-04-04T07:15:00Z,ES,11.17,15
2026-04-04T07:15:00Z,FI,14.73,15
2026-04-04T07:15:00Z,FR,24.21,15
2026-04-04T07:15:00Z,GR,21.41,15
2026-04-04T07:15:00Z,HR,23.64,15
2026-04-04T07:15:00Z,HU,21.41,15
2026-04-04T07:15:00Z,IT-CNorth,168.93,15
2026-04-04T07:15:00Z,IT-CSouth,91.10,15
2026-04-04T07:15:00Z,IT-North,168.93,15
2026-04-04T07:15:00Z,IT-Sardinia,91.10,15
2026-04-04T07:15:00Z,IT-Sicily,91.10,15
2026-04-04T07:15:00Z,IT-South,91.10,15
2026-04-04T07:15:00Z,LT,8.86,15
2026-04-04T07:15:00Z,LV,8.86,15
2026-04-04T07:15:00Z,NL,148.24,15
2026-04-04T07:15:00Z,NO1,98.91,15
2026-04-04T07:15:00Z,NO2,84.94,15
2026-04-04T07:15:00Z,NO3,63.12,15
2026-04-04T07:15:00Z,NO4,21.95,15
2026-04-04T07:15:00Z,NO5,96.08,15
2026-04-04T07:15:00Z,PL,15.52,15
2026-04-04T07:15:00Z,PT,11.17,15
2026-04-04T07:15:00Z,RO,21.41,15
2026-04-04T07:15:00Z,RS,55.47,15
2026-04-04T07:15:00Z,SE1,15.27,15
2026-04-04T07:15:00Z,SE2,13.47,15
2026-04-04T07:15:00Z,SE3,9.41,15
2026-04-04T07:15:00Z,SE4,7.91,15
2026-04-04T07:15:00Z,SI,24.21,15
2026-04-04T07:15:00Z,SK,20.12,15
2026-04-04T07:30:00Z,AT,18.82,15
2026-04-04T07:30:00Z,BE,43.08,15
2026-04-04T07:30:00Z,CZ,16.42,15
2026-04-04T07:30:00Z,DE-LU,4.51,15
2026-04-04T07:30:00Z,DK1,4.51,15
2026-04-04T07:30:00Z,DK2,4.51,15
2026-04-04T07:30:00Z,EE,12.62,15
2026-04-04T07:30:00Z,ES,1.44,15
2026-04-04T07:30:00Z,FI,12.62,15
2026-04-04T07:30:00Z,FR,22.19,15
2026-04-04T07:30:00Z,GR,8.43,15
2026-04-04T07:30:00Z,HR,17.65,15
2026-04-04T07:30:00Z,HU,16.95,15
2026-04-04T07:30:00Z,IT-CNorth,149.80,15
2026-04-04T07:30:00Z,IT-CSouth,65.00,15
2026-04-04T07:30:00Z,IT-North,149.80,15
2026-04-04T07:30:00Z,IT-Sardinia,65.00,15
2026-04-04T07:30:00Z,IT-Sicily,65.00,15
2026-04-04T07:30:00Z,IT-South,65.00,15
2026-04-04T07:30:00Z,LT,6.07,15
2026-04-04T07:30:00Z,LV,6.07,15
2026-04-04T07:30:00Z,NL,104.67,15
2026-04-04T07:30:00Z,NO1,99.47,15
2026-04-04T07:30:00Z,NO2,85.34,15
2026-04-04T07:30:00Z,NO3,61.50,15
2026-04-04T07:30:00Z,NO4,20.70,15
2026-04-04T07:30:00Z,NO5,96.28,15
2026-04-04T07:30:00Z,PL,6.07,15
2026-04-04T07:30:00Z,PT,1.44,15
2026-04-04T07:30:00Z,RO,8.43,15
2026-04-04T07:30:00Z,RS,55.47,15
2026-04-04T07:30:00Z,SE1,13.23,15
2026-04-04T07:30:00Z,SE2,11.21,15
2026-04-04T07:30:00Z,SE3,6.67,15
2026-04-04T07:30:00Z,SE4,5.02,15
2026-04-04T07:30:00Z,SI,18.34,15
2026-04-04T07:30:00Z,SK,16.33,15
2026-04-04T07:45:00Z,AT,11.31,15
2026-04-04T07:45:00Z,BE,27.87,15
2026-04-04T07:45:00Z,CZ,8.94,15
2026-04-04T07:45:00Z,DE-LU,2.46,15
2026-04-04T07:45:00Z,DK1,2.46,15
2026-04-04T07:45:00Z,DK2,3.95,15
2026-04-04T07:45:00Z,EE,14.95,15
2026-04-04T07:45:00Z,ES,0.01,15
2026-04-04T07:45:00Z,FI,14.95,15
2026-04-04T07:45:00Z,FR,13.28,15
2026-04-04T07:45:00Z,GR,0.02,15
2026-04-04T07:45:00Z,HR,10.15,15
2026-04-04T07:45:00Z,HU,10.01,15
2026-04-04T07:45:00Z,IT-CNorth,143.47,15
2026-04-04T07:45:00Z,IT-CSouth,39.27,15
2026-04-04T07:45:00Z,IT-North,143.47,15
2026-04-04T07:45:00Z,IT-Sardinia,39.27,15
2026-04-04T07:45:00Z,IT-Sicily,39.27,15
2026-04-04T07:45:00Z,IT-South,39.27,15
2026-04-04T07:45:00Z,LT,6.05,15
2026-04-04T07:45:00Z,LV,6.05,15
2026-04-04T07:45:00Z,NL,69.05,15
2026-04-04T07:45:00Z,NO1,100.00,15
2026-04-04T07:45:00Z,NO2,72.04,15
2026-04-04T07:45:00Z,NO3,60.43,15
2026-04-04T07:45:00Z,NO4,25.92,15
2026-04-04T07:45:00Z,NO5,95.93,15
2026-04-04T07:45:00Z,PL,6.05,15
2026-04-04T07:45:00Z,PT,0.01,15
2026-04-04T07:45:00Z,RO,0.02,15
2026-04-04T07:45:00Z,RS,55.47,15
2026-04-04T07:45:00Z,SE1,15.77,15
2026-04-04T07:45:00Z,SE2,13.03,15
2026-04-04T07:45:00Z,SE3,6.87,15
2026-04-04T07:45:00Z,SE4,4.63,15
2026-04-04T07:45:00Z,SI,10.76,15
2026-04-04T07:45:00Z,SK,9.30,15
2026-04-04T08:00:00Z,AT,17.60,15
2026-04-04T08:00:00Z,BE,79.31,15
2026-04-04T08:00:00Z,CH,15.80,60
2026-04-04T08:00:00Z,CZ,14.70,15
2026-04-04T08:00:00Z,DE-LU,3.94,15
2026-04-04T08:00:00Z,DK1,3.94,15
2026-04-04T08:00:00Z,DK2,4.00,15
2026-04-04T08:00:00Z,EE,15.95,15
2026-04-04T08:00:00Z,ES,0.00,15
2026-04-04T08:00:00Z,FI,15.95,15
2026-04-04T08:00:00Z,FR,22.65,15
2026-04-04T08:00:00Z,GR,9.96,15
2026-04-04T08:00:00Z,HR,16.80,15
2026-04-04T08:00:00Z,HU,14.99,15
2026-04-04T08:00:00Z,IT-CNorth,149.80,15
2026-04-04T08:00:00Z,IT-CSouth,50.00,15
2026-04-04T08:00:00Z,IT-North,149.80,15
2026-04-04T08:00:00Z,IT-Sardinia,50.00,15
2026-04-04T08:00:00Z,IT-Sicily,50.00,15
2026-04-04T08:00:00Z,IT-South,50.00,15
2026-04-04T08:00:00Z,LT,7.44,15
2026-04-04T08:00:00Z,LV,7.44,15
2026-04-04T08:00:00Z,NL,167.48,15
2026-04-04T08:00:00Z,NO1,101.98,15
2026-04-04T08:00:00Z,NO2,89.22,15
2026-04-04T08:00:00Z,NO3,59.75,15
2026-04-04T08:00:00Z,NO4,20.10,15
2026-04-04T08:00:00Z,NO5,97.88,15
2026-04-04T08:00:00Z,PL,7.44,15
2026-04-04T08:00:00Z,PT,0.00,15
2026-04-04T08:00:00Z,RO,9.96,15
2026-04-04T08:00:00Z,RS,49.97,15
2026-04-04T08:00:00Z,SE1,14.92,15
2026-04-04T08:00:00Z,SE2,14.16,15
2026-04-04T08:00:00Z,SE3,8.21,15
2026-04-04T08:00:00Z,SE4,6.03,15
2026-04-04T08:00:00Z,SI,16.86,15
2026-04-04T08:00:00Z,SK,14.51,15
2026-04-04T08:15:00Z,AT,9.35,15
2026-04-04T08:15:00Z,BE,47.94,15
2026-04-04T08:15:00Z,CZ,7.18,15
2026-04-04T08:15:00Z,DE-LU,2.00,15
2026-04-04T08:15:00Z,DK1,2.00,15
2026-04-04T08:15:00Z,DK2,3.90,15
2026-04-04T08:15:00Z,EE,14.62,15
2026-04-04T08:15:00Z,ES,-0.23,15
2026-04-04T08:15:00Z,FI,14.63,15
2026-04-04T08:15:00Z,FR,12.08,15
2026-04-04T08:15:00Z,GR,7.82,15
2026-04-04T08:15:00Z,HR,8.53,15
2026-04-04T08:15:00Z,HU,7.82,15
2026-04-04T08:15:00Z,IT-CNorth,149.80,15
2026-04-04T08:15:00Z,IT-CSouth,30.00,15
2026-04-04T08:15:00Z,IT-North,149.80,15
2026-04-04T08:15:00Z,IT-Sardinia,30.00,15
2026-04-04T08:15:00Z,IT-Sicily,30.00,15
2026-04-04T08:15:00Z,IT-South,30.00,15
2026-04-04T08:15:00Z,LT,5.93,15
2026-04-04T08:15:00Z,LV,5.93,15
2026-04-04T08:15:00Z,NL,100.00,15
2026-04-04T08:15:00Z,NO1,101.97,15
2026-04-04T08:15:00Z,NO2,89.22,15
2026-04-04T08:15:00Z,NO3,59.05,15
2026-04-04T08:15:00Z,NO4,23.32,15
2026-04-04T08:15:00Z,NO5,97.80,15
2026-04-04T08:15:00Z,PL,5.93,15
2026-04-04T08:15:00Z,PT,-0.23,15
2026-04-04T08:15:00Z,RO,7.82,15
2026-04-04T08:15:00Z,RS,49.97,15
2026-04-04T08:15:00Z,SE1,14.90,15
2026-04-04T08:15:00Z,SE2,12.78,15
2026-04-04T08:15:00Z,SE3,6.75,15
2026-04-04T08:15:00Z,SE4,4.57,15
2026-04-04T08:15:00Z,SI,8.69,15
2026-04-04T08:15:00Z,SK,7.36,15
2026-04-04T08:30:00Z,AT,8.02,15
2026-04-04T08:30:00Z,BE,36.87,15
2026-04-04T08:30:00Z,CZ,6.24,15
2026-04-04T08:30:00Z,DE-LU,1.30,15
2026-04-04T08:30:00Z,DK1,1.33,15
2026-04-04T08:30:00Z,DK2,2.84,15
2026-04-04T08:30:00Z,EE,12.55,15
2026-04-04T08:30:00Z,ES,-0.61,15
2026-04-04T08:30:00Z,FI,12.56,15
2026-04-04T08:30:00Z,FR,8.30,15
2026-04-04T08:30:00Z,GR,0.02,15
2026-04-04T08:30:00Z,HR,7.59,15
2026-04-04T08:30:00Z,HU,6.64,15
2026-04-04T08:30:00Z,IT-CNorth,127.87,15
2026-04-04T08:30:00Z,IT-CSouth,19.00,15
2026-04-04T08:30:00Z,IT-North,127.87,15
2026-04-04T08:30:00Z,IT-Sardinia,19.00,15
2026-04-04T08:30:00Z,IT-Sicily,19.00,15
2026-04-04T08:30:00Z,IT-South,19.00,15
2026-04-04T08:30:00Z,LT,4.70,15
2026-04-04T08:30:00Z,LV,4.70,15
2026-04-04T08:30:00Z,NL,80.10,15
2026-04-04T08:30:00Z,NO1,101.75,15
2026-04-04T08:30:00Z,NO2,81.44,15
2026-04-04T08:30:00Z,NO3,61.17,15
2026-04-04T08:30:00Z,NO4,22.06,15
2026-04-04T08:30:00Z,NO5,98.25,15
2026-04-04T08:30:00Z,PL,3.86,15
2026-04-04T08:30:00Z,PT,-0.61,15
2026-04-04T08:30:00Z,RO,4.37,15
2026-04-04T08:30:00Z,RS,49.97,15
2026-04-04T08:30:00Z,SE1,13.29,15
2026-04-04T08:30:00Z,SE2,10.88,15
2026-04-04T08:30:00Z,SE3,5.42,15
2026-04-04T08:30:00Z,SE4,3.45,15
2026-04-04T08:30:00Z,SI,7.64,15
2026-04-04T08:30:00Z,SK,6.30,15
2026-04-04T08:45:00Z,AT,5.27,15
2026-04-04T08:45:00Z,BE,29.99,15
2026-04-04T08:45:00Z,CZ,3.66,15
2026-04-04T08:45:00Z,DE-LU,0.00,15
2026-04-04T08:45:00Z,DK1,0.50,15
2026-04-04T08:45:00Z,DK2,2.10,15
2026-04-04T08:45:00Z,EE,12.27,15
2026-04-04T08:45:00Z,ES,-0.82,15
2026-04-04T08:45:00Z,FI,12.27,15
2026-04-04T08:45:00Z,FR,5.27,15
2026-04-04T08:45:00Z,GR,4.17,15
2026-04-04T08:45:00Z,HR,4.72,15
2026-04-04T08:45:00Z,HU,4.17,15
2026-04-04T08:45:00Z,IT-CNorth,127.87,15
2026-04-04T08:45:00Z,IT-CSouth,17.75,15
2026-04-04T08:45:00Z,IT-North,127.87,15
2026-04-04T08:45:00Z,IT-Sardinia,17.75,15
2026-04-04T08:45:00Z,IT-Sicily,17.75,15
2026-04-04T08:45:00Z,IT-South,17.75,15
2026-04-04T08:45:00Z,LT,4.05,15
2026-04-04T08:45:00Z,LV,4.05,15
2026-04-04T08:45:00Z,NL,65.62,15
2026-04-04T08:45:00Z,NO1,100.91,15
2026-04-04T08:45:00Z,NO2,72.64,15
2026-04-04T08:45:00Z,NO3,61.19,15
2026-04-04T08:45:00Z,NO4,22.22,15
2026-04-04T08:45:00Z,NO5,97.47,15
2026-04-04T08:45:00Z,PL,2.79,15
2026-04-04T08:45:00Z,PT,-0.82,15
2026-04-04T08:45:00Z,RO,4.17,15
2026-04-04T08:45:00Z,RS,49.97,15
2026-04-04T08:45:00Z,SE1,13.04,15
2026-04-04T08:45:00Z,SE2,10.52,15
2026-04-04T08:45:00Z,SE3,4.81,15
2026-04-04T08:45:00Z,SE4,2.74,15
2026-04-04T08:45:00Z,SI,4.84,15
2026-04-04T08:45:00Z,SK,3.83,15
2026-04-04T09:00:00Z,AT,4.74,15
2026-04-04T09:00:00Z,BE,32.42,15
2026-04-04T09:00:00Z,CH,3.09,60
2026-04-04T09:00:00Z,CZ,3.23,15
2026-04-04T09:00:00Z,DE-LU,0.00,15
2026-04-04T09:00:00Z,DK1,0.27,15
2026-04-04T09:00:00Z,DK2,2.05,15
2026-04-04T09:00:00Z,EE,12.87,15
2026-04-04T09:00:00Z,ES,-1.07,15
2026-04-04T09:00:00Z,FI,12.87,15
2026-04-04T09:00:00Z,FR,4.74,15
2026-04-04T09:00:00Z,GR,3.76,15
2026-04-04T09:00:00Z,HR,4.15,15
2026-04-04T09:00:00Z,HU,3.69,15
2026-04-04T09:00:00Z,IT-CNorth,117.00,15
2026-04-04T09:00:00Z,IT-CSouth,3.03,15
2026-04-04T09:00:00Z,IT-North,117.00,15
2026-04-04T09:00:00Z,IT-Sardinia,3.03,15
2026-04-04T09:00:00Z,IT-Sicily,3.03,15
2026-04-04T09:00:00Z,IT-South,3.03,15
2026-04-04T09:00:00Z,LT,4.11,15
2026-04-04T09:00:00Z,LV,4.11,15
2026-04-04T09:00:00Z,NL,75.10,15
2026-04-04T09:00:00Z,NO1,99.15,15
2026-04-04T09:00:00Z,NO2,81.04,15
2026-04-04T09:00:00Z,NO3,57.40,15
2026-04-04T09:00:00Z,NO4,23.76,15
2026-04-04T09:00:00Z,NO5,95.25,15
2026-04-04T09:00:00Z,PL,2.37,15
2026-04-04T09:00:00Z,PT,-1.07,15
2026-04-04T09:00:00Z,RO,3.76,15
2026-04-04T09:00:00Z,RS,23.71,15
2026-04-04T09:00:00Z,SE1,13.63,15
2026-04-04T09:00:00Z,SE2,11.00,15
2026-04-04T09:00:00Z,SE3,4.93,15
2026-04-04T09:00:00Z,SE4,2.72,15
2026-04-04T09:00:00Z,SI,4.28,15
2026-04-04T09:00:00Z,SK,3.36,15
2026-04-04T09:15:00Z,AT,4.01,15
2026-04-04T09:15:00Z,BE,27.45,15
2026-04-04T09:15:00Z,CZ,2.73,15
2026-04-04T09:15:00Z,DE-LU,-0.01,15
2026-04-04T09:15:00Z,DK1,0.05,15
2026-04-04T09:15:00Z,DK2,1.85,15
2026-04-04T09:15:00Z,EE,12.73,15
2026-04-04T09:15:00Z,ES,-2.00,15
2026-04-04T09:15:00Z,FI,12.74,15
2026-04-04T09:15:00Z,FR,4.01,15
2026-04-04T09:15:00Z,GR,3.18,15
2026-04-04T09:15:00Z,HR,3.51,15
2026-04-04T09:15:00Z,HU,3.12,15
2026-04-04T09:15:00Z,IT-CNorth,100.00,15
2026-04-04T09:15:00Z,IT-CSouth,3.03,15
2026-04-04T09:15:00Z,IT-North,100.00,15
2026-04-04T09:15:00Z,IT-Sardinia,3.03,15
2026-04-04T09:15:00Z,IT-Sicily,3.03,15
2026-04-04T09:15:00Z,IT-South,3.03,15
2026-04-04T09:15:00Z,LT,3.93,15
2026-04-04T09:15:00Z,LV,3.93,15
2026-04-04T09:15:00Z,NL,63.60,15
2026-04-04T09:15:00Z,NO1,98.93,15
2026-04-04T09:15:00Z,NO2,70.93,15
2026-04-04T09:15:00Z,NO3,58.94,15
2026-04-04T09:15:00Z,NO4,23.67,15
2026-04-04T09:15:00Z,NO5,95.39,15
2026-04-04T09:15:00Z,PL,2.00,15
2026-04-04T09:15:00Z,PT,-2.00,15
2026-04-04T09:15:00Z,RO,3.18,15
2026-04-04T09:15:00Z,RS,23.71,15
2026-04-04T09:15:00Z,SE1,13.50,15
2026-04-04T09:15:00Z,SE2,10.85,15
2026-04-04T09:15:00Z,SE3,4.75,15
2026-04-04T09:15:00Z,SE4,2.52,15
2026-04-04T09:15:00Z,SI,3.62,15
2026-04-04T09:15:00Z,SK,2.84,15
2026-04-04T09:30:00Z,AT,2.49,15
2026-04-04T09:30:00Z,BE,17.09,15
2026-04-04T09:30:00Z,CZ,1.70,15
2026-04-04T09:30:00Z,DE-LU,-0.01,15
2026-04-04T09:30:00Z,DK1,0.00,15
2026-04-04T09:30:00Z,DK2,1.60,15
2026-04-04T09:30:00Z,EE,11.29,15
2026-04-04T09:30:00Z,ES,-2.01,15
2026-04-04T09:30:00Z,FI,11.30,15
2026-04-04T09:30:00Z,FR,2.49,15
2026-04-04T09:30:00Z,GR,1.98,15
2026-04-04T09:30:00Z,HR,2.18,15
2026-04-04T09:30:00Z,HU,1.94,15
2026-04-04T09:30:00Z,IT-CNorth,75.11,15
2026-04-04T09:30:00Z,IT-CSouth,1.39,15
2026-04-04T09:30:00Z,IT-North,75.11,15
2026-04-04T09:30:00Z,IT-Sardinia,1.39,15
2026-04-04T09:30:00Z,IT-Sicily,1.39,15
2026-04-04T09:30:00Z,IT-South,1.39,15
2026-04-04T09:30:00Z,LT,3.45,15
2026-04-04T09:30:00Z,LV,3.45,15
2026-04-04T09:30:00Z,NL,39.59,15
2026-04-04T09:30:00Z,NO1,97.31,15
2026-04-04T09:30:00Z,NO2,70.00,15
2026-04-04T09:30:00Z,NO3,59.17,15
2026-04-04T09:30:00Z,NO4,21.03,15
2026-04-04T09:30:00Z,NO5,94.23,15
2026-04-04T09:30:00Z,PL,1.24,15
2026-04-04T09:30:00Z,PT,-2.01,15
2026-04-04T09:30:00Z,RO,1.98,15
2026-04-04T09:30:00Z,RS,23.71,15
2026-04-04T09:30:00Z,SE1,11.98,15
2026-04-04T09:30:00Z,SE2,9.62,15
2026-04-04T09:30:00Z,SE3,4.19,15
2026-04-04T09:30:00Z,SE4,2.20,15
2026-04-04T09:30:00Z,SI,2.25,15
2026-04-04T09:30:00Z,SK,1.76,15
2026-04-04T09:45:00Z,AT,0.66,15
2026-04-04T09:45:00Z,BE,4.96,15
2026-04-04T09:45:00Z,CZ,0.45,15
2026-04-04T09:45:00Z,DE-LU,-0.02,15
2026-04-04T09:45:00Z,DK1,0.00,15
2026-04-04T09:45:00Z,DK2,1.52,15
2026-04-04T09:45:00Z,EE,10.70,15
2026-04-04T09:45:00Z,ES,-2.02,15
2026-04-04T09:45:00Z,FI,10.71,15
2026-04-04T09:45:00Z,FR,0.84,15
2026-04-04T09:45:00Z,GR,0.52,15
2026-04-04T09:45:00Z,HR,0.58,15
2026-04-04T09:45:00Z,HU,0.51,15
2026-04-04T09:45:00Z,IT-CNorth,65.00,15
2026-04-04T09:45:00Z,IT-CSouth,2.00,15
2026-04-04T09:45:00Z,IT-North,65.00,15
2026-04-04T09:45:00Z,IT-Sardinia,2.00,15
2026-04-04T09:45:00Z,IT-Sicily,2.00,15
2026-04-04T09:45:00Z,IT-South,2.00,15
2026-04-04T09:45:00Z,LT,3.27,15
2026-04-04T09:45:00Z,LV,3.27,15
2026-04-04T09:45:00Z,NL,11.35,15
2026-04-04T09:45:00Z,NO1,97.14,15
2026-04-04T09:45:00Z,NO2,69.99,15
2026-04-04T09:45:00Z,NO3,59.65,15
2026-04-04T09:45:00Z,NO4,19.92,15
2026-04-04T09:45:00Z,NO5,94.27,15
2026-04-04T09:45:00Z,PL,0.32,15
2026-04-04T09:45:00Z,PT,-2.02,15
2026-04-04T09:45:00Z,RO,0.52,15
2026-04-04T09:45:00Z,RS,23.71,15
2026-04-04T09:45:00Z,SE1,11.35,15
2026-04-04T09:45:00Z,SE2,9.12,15
2026-04-04T09:45:00Z,SE3,3.97,15
2026-04-04T09:45:00Z,SE4,2.09,15
2026-04-04T09:45:00Z,SI,0.59,15
2026-04-04T09:45:00Z,SK,0.47,15
2026-04-04T10:00:00Z,AT,2.15,15
2026-04-04T10:00:00Z,BE,15.78,15
2026-04-04T10:00:00Z,CH,8.10,60
2026-04-04T10:00:00Z,CZ,1.40,15
2026-04-04T10:00:00Z,DE-LU,-0.06,15
2026-04-04T10:00:00Z,DK1,0.00,15
2026-04-04T10:00:00Z,DK2,1.74,15
2026-04-04T10:00:00Z,EE,12.31,15
2026-04-04T10:00:00Z,ES,-2.10,15
2026-04-04T10:00:00Z,FI,12.31,15
2026-04-04T10:00:00Z,FR,3.05,15
2026-04-04T10:00:00Z,GR,1.68,15
2026-04-04T10:00:00Z,HR,1.85,15
2026-04-04T10:00:00Z,HU,1.62,15
2026-04-04T10:00:00Z,IT-CNorth,25.55,15
2026-04-04T10:00:00Z,IT-CSouth,1.35,15
2026-04-04T10:00:00Z,IT-North,25.55,15
2026-04-04T10:00:00Z,IT-Sardinia,1.35,15
2026-04-04T10:00:00Z,IT-Sicily,1.35,15
2026-04-04T10:00:00Z,IT-South,1.35,15
2026-04-04T10:00:00Z,LT,3.76,15
2026-04-04T10:00:00Z,LV,3.76,15
2026-04-04T10:00:00Z,NL,34.60,15
2026-04-04T10:00:00Z,NO1,96.54,15
2026-04-04T10:00:00Z,NO2,79.00,15
2026-04-04T10:00:00Z,NO3,56.89,15
2026-04-04T10:00:00Z,NO4,22.22,15
2026-04-04T10:00:00Z,NO5,92.74,15
2026-04-04T10:00:00Z,PL,0.96,15
2026-04-04T10:00:00Z,PT,-2.10,15
2026-04-04T10:00:00Z,RO,1.68,15
2026-04-04T10:00:00Z,RS,19.96,15
2026-04-04T10:00:00Z,SE1,12.81,15
2026-04-04T10:00:00Z,SE2,10.45,15
2026-04-04T10:00:00Z,SE3,4.54,15
2026-04-04T10:00:00Z,SE4,2.40,15
2026-04-04T10:00:00Z,SI,1.92,15
2026-04-04T10:00:00Z,SK,1.46,15
2026-04-04T10:15:00Z,AT,0.80,15
2026-04-04T10:15:00Z,BE,8.57,15
2026-04-04T10:15:00Z,CZ,0.31,15
2026-04-04T10:15:00Z,DE-LU,-0.62,15
2026-04-04T10:15:00Z,DK1,0.06,15
2026-04-04T10:15:00Z,DK2,1.80,15
2026-04-04T10:15:00Z,EE,12.31,15
2026-04-04T10:15:00Z,ES,-2.10,15
2026-04-04T10:15:00Z,FI,12.32,15
2026-04-04T10:15:00Z,FR,0.80,15
2026-04-04T10:15:00Z,GR,0.50,15
2026-04-04T10:15:00Z,HR,0.62,15
2026-04-04T10:15:00Z,HU,0.46,15
2026-04-04T10:15:00Z,IT-CNorth,20.00,15
2026-04-04T10:15:00Z,IT-CSouth,1.35,15
2026-04-04T10:15:00Z,IT-North,20.00,15
2026-04-04T10:15:00Z,IT-Sardinia,1.35,15
2026-04-04T10:15:00Z,IT-Sicily,1.35,15
2026-04-04T10:15:00Z,IT-South,1.35,15
2026-04-04T10:15:00Z,LT,3.81,15
2026-04-04T10:15:00Z,LV,3.81,15
2026-04-04T10:15:00Z,NL,20.00,15
2026-04-04T10:15:00Z,NO1,96.24,15
2026-04-04T10:15:00Z,NO2,79.00,15
2026-04-04T10:15:00Z,NO3,56.70,15
2026-04-04T10:15:00Z,NO4,22.22,15
2026-04-04T10:15:00Z,NO5,92.45,15
2026-04-04T10:15:00Z,PL,0.04,15
2026-04-04T10:15:00Z,PT,-2.10,15
2026-04-04T10:15:00Z,RO,0.50,15
2026-04-04T10:15:00Z,RS,19.96,15
2026-04-04T10:15:00Z,SE1,12.82,15
2026-04-04T10:15:00Z,SE2,10.46,15
2026-04-04T10:15:00Z,SE3,4.58,15
2026-04-04T10:15:00Z,SE4,2.45,15
2026-04-04T10:15:00Z,SI,0.67,15
2026-04-04T10:15:00Z,SK,0.35,15
2026-04-04T10:30:00Z,AT,0.14,15
2026-04-04T10:30:00Z,BE,2.35,15
2026-04-04T10:30:00Z,CZ,0.00,15
2026-04-04T10:30:00Z,DE-LU,-0.26,15
2026-04-04T10:30:00Z,DK1,0.00,15
2026-04-04T10:30:00Z,DK2,1.73,15
2026-04-04T10:30:00Z,EE,12.21,15
2026-04-04T10:30:00Z,ES,-2.10,15
2026-04-04T10:30:00Z,FI,12.22,15
2026-04-04T10:30:00Z,FR,0.14,15
2026-04-04T10:30:00Z,GR,0.06,15
2026-04-04T10:30:00Z,HR,0.09,15
2026-04-04T10:30:00Z,HU,0.04,15
2026-04-04T10:30:00Z,IT-CNorth,18.75,15
2026-04-04T10:30:00Z,IT-CSouth,1.35,15
2026-04-04T10:30:00Z,IT-North,18.75,15
2026-04-04T10:30:00Z,IT-Sardinia,1.35,15
2026-04-04T10:30:00Z,IT-Sicily,1.35,15
2026-04-04T10:30:00Z,IT-South,1.35,15
2026-04-04T10:30:00Z,LT,3.73,15
2026-04-04T10:30:00Z,LV,3.73,15
2026-04-04T10:30:00Z,NL,5.61,15
2026-04-04T10:30:00Z,NO1,95.96,15
2026-04-04T10:30:00Z,NO2,79.00,15
2026-04-04T10:30:00Z,NO3,56.47,15
2026-04-04T10:30:00Z,NO4,22.18,15
2026-04-04T10:30:00Z,NO5,92.18,15
2026-04-04T10:30:00Z,PL,-0.08,15
2026-04-04T10:30:00Z,PT,-2.10,15
2026-04-04T10:30:00Z,RO,0.06,15
2026-04-04T10:30:00Z,RS,19.96,15
2026-04-04T10:30:00Z,SE1,12.74,15
2026-04-04T10:30:00Z,SE2,10.37,15
2026-04-04T10:30:00Z,SE3,4.51,15
2026-04-04T10:30:00Z,SE4,2.38,15
2026-04-04T10:30:00Z,SI,0.10,15
2026-04-04T10:30:00Z,SK,0.01,15
2026-04-04T10:45:00Z,AT,0.01,15
2026-04-04T10:45:00Z,BE,0.34,15
2026-04-04T10:45:00Z,CZ,-0.01,15
2026-04-04T10:45:00Z,DE-LU,-0.05,15
2026-04-04T10:45:00Z,DK1,0.05,15
2026-04-04T10:45:00Z,DK2,1.59,15
2026-04-04T10:45:00Z,EE,12.08,15
2026-04-04T10:45:00Z,ES,-2.10,15
2026-04-04T10:45:00Z,FI,12.08,15
2026-04-04T10:45:00Z,FR,0.01,15
2026-04-04T10:45:00Z,GR,0.00,15
2026-04-04T10:45:00Z,HR,0.01,15
2026-04-04T10:45:00Z,HU,0.00,15
2026-04-04T10:45:00Z,IT-CNorth,13.96,15
2026-04-04T10:45:00Z,IT-CSouth,1.35,15
2026-04-04T10:45:00Z,IT-North,13.96,15
2026-04-04T10:45:00Z,IT-Sardinia,1.35,15
2026-04-04T10:45:00Z,IT-Sicily,1.35,15
2026-04-04T10:45:00Z,IT-South,1.35,15
2026-04-04T10:45:00Z,LT,3.60,15
2026-04-04T10:45:00Z,LV,3.60,15
2026-04-04T10:45:00Z,NL,0.82,15
2026-04-04T10:45:00Z,NO1,95.85,15
2026-04-04T10:45:00Z,NO2,79.00,15
2026-04-04T10:45:00Z,NO3,56.33,15
2026-04-04T10:45:00Z,NO4,22.22,15
2026-04-04T10:45:00Z,NO5,92.06,15
2026-04-04T10:45:00Z,PL,-0.02,15
2026-04-04T10:45:00Z,PT,-2.10,15
2026-04-04T10:45:00Z,RO,0.00,15
2026-04-04T10:45:00Z,RS,19.96,15
2026-04-04T10:45:00Z,SE1,12.65,15
2026-04-04T10:45:00Z,SE2,10.23,15
2026-04-04T10:45:00Z,SE3,4.37,15
2026-04-04T10:45:00Z,SE4,2.24,15
2026-04-04T10:45:00Z,SI,0.01,15
2026-04-04T10:45:00Z,SK,-0.01,15
2026-04-04T11:00:00Z,AT,0.00,15
2026-04-04T11:00:00Z,BE,0.08,15
2026-04-04T11:00:00Z,CH,1.20,60
2026-04-04T11:00:00Z,CZ,0.02,15
2026-04-04T11:00:00Z,DE-LU,-0.04,15
2026-04-04T11:00:00Z,DK1,0.23,15
2026-04-04T11:00:00Z,DK2,1.99,15
2026-04-04T11:00:00Z,EE,11.47,15
2026-04-04T11:00:00Z,ES,-2.10,15
2026-04-04T11:00:00Z,FI,11.48,15
2026-04-04T11:00:00Z,FR,0.00,15
2026-04-04T11:00:00Z,GR,0.00,15
2026-04-04T11:00:00Z,HR,0.00,15
2026-04-04T11:00:00Z,HU,0.00,15
2026-04-04T11:00:00Z,IT-CNorth,10.00,15
2026-04-04T11:00:00Z,IT-CSouth,1.35,15
2026-04-04T11:00:00Z,IT-North,10.00,15
2026-04-04T11:00:00Z,IT-Sardinia,1.35,15
2026-04-04T11:00:00Z,IT-Sicily,1.35,15
2026-04-04T11:00:00Z,IT-South,1.35,15
2026-04-04T11:00:00Z,LT,3.80,15
2026-04-04T11:00:00Z,LV,3.80,15
2026-04-04T11:00:00Z,NL,0.23,15
2026-04-04T11:00:00Z,NO1,71.41,15
2026-04-04T11:00:00Z,NO2,41.60,15
2026-04-04T11:00:00Z,NO3,51.62,15
2026-04-04T11:00:00Z,NO4,21.42,15
2026-04-04T11:00:00Z,NO5,104.07,15
2026-04-04T11:00:00Z,PL,-0.02,15
2026-04-04T11:00:00Z,PT,-2.10,15
2026-04-04T11:00:00Z,RO,0.00,15
2026-04-04T11:00:00Z,RS,15.41,15
2026-04-04T11:00:00Z,SE1,12.06,15
2026-04-04T11:00:00Z,SE2,9.84,15
2026-04-04T11:00:00Z,SE3,4.57,15
2026-04-04T11:00:00Z,SE4,2.58,15
2026-04-04T11:00:00Z,SI,0.00,15
2026-04-04T11:00:00Z,SK,0.00,15
2026-04-04T11:15:00Z,AT,0.00,15
2026-04-04T11:15:00Z,BE,0.05,15
2026-04-04T11:15:00Z,CZ,0.01,15
2026-04-04T11:15:00Z,DE-LU,-0.04,15
2026-04-04T11:15:00Z,DK1,0.15,15
2026-04-04T11:15:00Z,DK2,1.71,15
2026-04-04T11:15:00Z,EE,11.20,15
2026-04-04T11:15:00Z,ES,-2.10,15
2026-04-04T11:15:00Z,FI,11.21,15
2026-04-04T11:15:00Z,FR,-0.01,15
2026-04-04T11:15:00Z,GR,0.00,15
2026-04-04T11:15:00Z,HR,0.00,15
2026-04-04T11:15:00Z,HU,0.00,15
2026-04-04T11:15:00Z,IT-CNorth,8.65,15
2026-04-04T11:15:00Z,IT-CSouth,1.35,15
2026-04-04T11:15:00Z,IT-North,8.65,15
2026-04-04T11:15:00Z,IT-Sardinia,1.35,15
2026-04-04T11:15:00Z,IT-Sicily,1.35,15
2026-04-04T11:15:00Z,IT-South,1.35,15
2026-04-04T11:15:00Z,LT,3.53,15
2026-04-04T11:15:00Z,LV,3.53,15
2026-04-04T11:15:00Z,NL,0.15,15
2026-04-04T11:15:00Z,NO1,71.29,15
2026-04-04T11:15:00Z,NO2,41.45,15
2026-04-04T11:15:00Z,NO3,51.39,15
2026-04-04T11:15:00Z,NO4,21.17,15
2026-04-04T11:15:00Z,NO5,103.81,15
2026-04-04T11:15:00Z,PL,-0.02,15
2026-04-04T11:15:00Z,PT,-2.10,15
2026-04-04T11:15:00Z,RO,0.00,15
2026-04-04T11:15:00Z,RS,15.41,15
2026-04-04T11:15:00Z,SE1,11.80,15
2026-04-04T11:15:00Z,SE2,9.58,15
2026-04-04T11:15:00Z,SE3,4.30,15
2026-04-04T11:15:00Z,SE4,2.30,15
2026-04-04T11:15:00Z,SI,0.00,15
2026-04-04T11:15:00Z,SK,0.00,15
2026-04-04T11:30:00Z,AT,-0.01,15
2026-04-04T11:30:00Z,BE,0.03,15
2026-04-04T11:30:00Z,CZ,0.01,15
2026-04-04T11:30:00Z,DE-LU,-0.03,15
2026-04-04T11:30:00Z,DK1,0.09,15
2026-04-04T11:30:00Z,DK2,1.66,15
2026-04-04T11:30:00Z,EE,11.12,15
2026-04-04T11:30:00Z,ES,-2.10,15
2026-04-04T11:30:00Z,FI,11.12,15
2026-04-04T11:30:00Z,FR,-0.01,15
2026-04-04T11:30:00Z,GR,0.00,15
2026-04-04T11:30:00Z,HR,0.00,15
2026-04-04T11:30:00Z,HU,0.00,15
2026-04-04T11:30:00Z,IT-CNorth,8.65,15
2026-04-04T11:30:00Z,IT-CSouth,1.35,15
2026-04-04T11:30:00Z,IT-North,8.65,15
2026-04-04T11:30:00Z,IT-Sardinia,1.35,15
2026-04-04T11:30:00Z,IT-Sicily,1.35,15
2026-04-04T11:30:00Z,IT-South,1.35,15
2026-04-04T11:30:00Z,LT,3.47,15
2026-04-04T11:30:00Z,LV,3.47,15
2026-04-04T11:30:00Z,NL,0.09,15
2026-04-04T11:30:00Z,NO1,71.02,15
2026-04-04T11:30:00Z,NO2,41.29,15
2026-04-04T11:30:00Z,NO3,51.18,15
2026-04-04T11:30:00Z,NO4,21.05,15
2026-04-04T11:30:00Z,NO5,103.40,15
2026-04-04T11:30:00Z,PL,-0.02,15
2026-04-04T11:30:00Z,PT,-2.10,15
2026-04-04T11:30:00Z,RO,0.00,15
2026-04-04T11:30:00Z,RS,15.41,15
2026-04-04T11:30:00Z,SE1,11.71,15
2026-04-04T11:30:00Z,SE2,9.49,15
2026-04-04T11:30:00Z,SE3,4.23,15
2026-04-04T11:30:00Z,SE4,2.24,15
2026-04-04T11:30:00Z,SI,-0.01,15
2026-04-04T11:30:00Z,SK,0.00,15
2026-04-04T11:45:00Z,AT,-0.01,15
2026-04-04T11:45:00Z,BE,0.00,15
2026-04-04T11:45:00Z,CZ,0.01,15
2026-04-04T11:45:00Z,DE-LU,-0.03,15
2026-04-04T11:45:00Z,DK1,0.04,15
2026-04-04T11:45:00Z,DK2,1.60,15
2026-04-04T11:45:00Z,EE,11.03,15
2026-04-04T11:45:00Z,ES,-2.10,15
2026-04-04T11:45:00Z,FI,11.04,15
2026-04-04T11:45:00Z,FR,-0.02,15
2026-04-04T11:45:00Z,GR,0.00,15
2026-04-04T11:45:00Z,HR,-0.01,15
2026-04-04T11:45:00Z,HU,-0.01,15
2026-04-04T11:45:00Z,IT-CNorth,8.65,15
2026-04-04T11:45:00Z,IT-CSouth,1.35,15
2026-04-04T11:45:00Z,IT-North,8.65,15
2026-04-04T11:45:00Z,IT-Sardinia,1.35,15
2026-04-04T11:45:00Z,IT-Sicily,1.35,15
2026-04-04T11:45:00Z,IT-South,1.35,15
2026-04-04T11:45:00Z,LT,3.40,15
2026-04-04T11:45:00Z,LV,3.40,15
2026-04-04T11:45:00Z,NL,0.04,15
2026-04-04T11:45:00Z,NO1,70.78,15
2026-04-04T11:45:00Z,NO2,41.13,15
2026-04-04T11:45:00Z,NO3,50.98,15
2026-04-04T11:45:00Z,NO4,20.93,15
2026-04-04T11:45:00Z,NO5,103.04,15
2026-04-04T11:45:00Z,PL,-0.02,15
2026-04-04T11:45:00Z,PT,-2.10,15
2026-04-04T11:45:00Z,RO,0.00,15
2026-04-04T11:45:00Z,RS,15.41,15
2026-04-04T11:45:00Z,SE1,11.62,15
2026-04-04T11:45:00Z,SE2,9.41,15
2026-04-04T11:45:00Z,SE3,4.17,15
2026-04-04T11:45:00Z,SE4,2.18,15
2026-04-04T11:45:00Z,SI,-0.01,15
2026-04-04T11:45:00Z,SK,-0.01,15
2026-04-04T12:00:00Z,AT,-0.02,15
2026-04-04T12:00:00Z,BE,0.04,15
2026-04-04T12:00:00Z,CH,-0.43,60
2026-04-04T12:00:00Z,CZ,-0.01,15
2026-04-04T12:00:00Z,DE-LU,-0.03,15
2026-04-04T12:00:00Z,DK1,0.11,15
2026-04-04T12:00:00Z,DK2,1.59,15
2026-04-04T12:00:00Z,EE,10.54,15
2026-04-04T12:00:00Z,ES,-2.10,15
2026-04-04T12:00:00Z,FI,10.55,15
2026-04-04T12:00:00Z,FR,-0.02,15
2026-04-04T12:00:00Z,GR,0.00,15
2026-04-04T12:00:00Z,HR,-0.02,15
2026-04-04T12:00:00Z,HU,-0.02,15
2026-04-04T12:00:00Z,IT-CNorth,8.65,15
2026-04-04T12:00:00Z,IT-CSouth,1.35,15
2026-04-04T12:00:00Z,IT-North,8.65,15
2026-04-04T12:00:00Z,IT-Sardinia,1.35,15
2026-04-04T12:00:00Z,IT-Sicily,1.35,15
2026-04-04T12:00:00Z,IT-South,1.35,15
2026-04-04T12:00:00Z,LT,3.30,15
2026-04-04T12:00:00Z,LV,3.30,15
2026-04-04T12:00:00Z,NL,0.11,15
2026-04-04T12:00:00Z,NO1,67.20,15
2026-04-04T12:00:00Z,NO2,39.26,15
2026-04-04T12:00:00Z,NO3,48.43,15
2026-04-04T12:00:00Z,NO4,19.94,15
2026-04-04T12:00:00Z,NO5,97.89,15
2026-04-04T12:00:00Z,PL,-0.02,15
2026-04-04T12:00:00Z,PT,-2.10,15
2026-04-04T12:00:00Z,RO,-0.02,15
2026-04-04T12:00:00Z,RS,19.99,15
2026-04-04T12:00:00Z,SE1,11.10,15
2026-04-04T12:00:00Z,SE2,9.01,15
2026-04-04T12:00:00Z,SE3,4.00,15
2026-04-04T12:00:00Z,SE4,2.14,15
2026-04-04T12:00:00Z,SI,-0.02,15
2026-04-04T12:00:00Z,SK,-0.02,15
2026-04-04T12:15:00Z,AT,-0.01,15
2026-04-04T12:15:00Z,BE,0.04,15
2026-04-04T12:15:00Z,CZ,-0.01,15
2026-04-04T12:15:00Z,DE-LU,-0.02,15
2026-04-04T12:15:00Z,DK1,0.10,15
2026-04-04T12:15:00Z,DK2,1.58,15
2026-04-04T12:15:00Z,EE,10.56,15
2026-04-04T12:15:00Z,ES,-2.10,15
2026-04-04T12:15:00Z,FI,10.56,15
2026-04-04T12:15:00Z,FR,-0.01,15
2026-04-04T12:15:00Z,GR,0.00,15
2026-04-04T12:15:00Z,HR,-0.01,15
2026-04-04T12:15:00Z,HU,-0.01,15
2026-04-04T12:15:00Z,IT-CNorth,8.65,15
2026-04-04T12:15:00Z,IT-CSouth,1.35,15
2026-04-04T12:15:00Z,IT-North,8.65,15
2026-04-04T12:15:00Z,IT-Sardinia,1.35,15
2026-04-04T12:15:00Z,IT-Sicily,1.35,15
2026-04-04T12:15:00Z,IT-South,1.35,15
2026-04-04T12:15:00Z,LT,3.30,15
2026-04-04T12:15:00Z,LV,3.30,15
2026-04-04T12:15:00Z,NL,0.10,15
2026-04-04T12:15:00Z,NO1,67.37,15
2026-04-04T12:15:00Z,NO2,39.36,15
2026-04-04T12:15:00Z,NO3,48.55,15
2026-04-04T12:15:00Z,NO4,19.97,15
2026-04-04T12:15:00Z,NO5,98.11,15
2026-04-04T12:15:00Z,PL,-0.01,15
2026-04-04T12:15:00Z,PT,-2.10,15
2026-04-04T12:15:00Z,RO,-0.01,15
2026-04-04T12:15:00Z,RS,19.99,15
2026-04-04T12:15:00Z,SE1,11.12,15
2026-04-04T12:15:00Z,SE2,9.02,15
2026-04-04T12:15:00Z,SE3,4.00,15
2026-04-04T12:15:00Z,SE4,2.14,15
2026-04-04T12:15:00Z,SI,-0.01,15
2026-04-04T12:15:00Z,SK,-0.01,15
2026-04-04T12:30:00Z,AT,0.00,15
2026-04-04T12:30:00Z,BE,0.04,15
2026-04-04T12:30:00Z,CZ,0.00,15
2026-04-04T12:30:00Z,DE-LU,-0.01,15
2026-04-04T12:30:00Z,DK1,0.10,15
2026-04-04T12:30:00Z,DK2,1.58,15
2026-04-04T12:30:00Z,EE,10.56,15
2026-04-04T12:30:00Z,ES,-2.10,15
2026-04-04T12:30:00Z,FI,10.57,15
2026-04-04T12:30:00Z,FR,-0.01,15
2026-04-04T12:30:00Z,GR,0.00,15
2026-04-04T12:30:00Z,HR,0.00,15
2026-04-04T12:30:00Z,HU,0.00,15
2026-04-04T12:30:00Z,IT-CNorth,8.65,15
2026-04-04T12:30:00Z,IT-CSouth,1.35,15
2026-04-04T12:30:00Z,IT-North,8.65,15
2026-04-04T12:30:00Z,IT-Sardinia,1.35,15
2026-04-04T12:30:00Z,IT-Sicily,1.35,15
2026-04-04T12:30:00Z,IT-South,1.35,15
2026-04-04T12:30:00Z,LT,3.30,15
2026-04-04T12:30:00Z,LV,3.30,15
2026-04-04T12:30:00Z,NL,0.10,15
2026-04-04T12:30:00Z,NO1,67.43,15
2026-04-04T12:30:00Z,NO2,39.40,15
2026-04-04T12:30:00Z,NO3,48.59,15
2026-04-04T12:30:00Z,NO4,19.99,15
2026-04-04T12:30:00Z,NO5,98.19,15
2026-04-04T12:30:00Z,PL,-0.01,15
2026-04-04T12:30:00Z,PT,-2.10,15
2026-04-04T12:30:00Z,RO,0.00,15
2026-04-04T12:30:00Z,RS,19.99,15
2026-04-04T12:30:00Z,SE1,11.12,15
2026-04-04T12:30:00Z,SE2,9.02,15
2026-04-04T12:30:00Z,SE3,4.00,15
2026-04-04T12:30:00Z,SE4,2.14,15
2026-04-04T12:30:00Z,SI,0.00,15
2026-04-04T12:30:00Z,SK,0.00,15
2026-04-04T12:45:00Z,AT,0.00,15
2026-04-04T12:45:00Z,BE,0.04,15
2026-04-04T12:45:00Z,CZ,0.00,15
2026-04-04T12:45:00Z,DE-LU,-0.01,15
2026-04-04T12:45:00Z,DK1,0.10,15
2026-04-04T12:45:00Z,DK2,1.59,15
2026-04-04T12:45:00Z,EE,10.57,15
2026-04-04T12:45:00Z,ES,-2.10,15
2026-04-04T12:45:00Z,FI,10.58,15
2026-04-04T12:45:00Z,FR,-0.01,15
2026-04-04T12:45:00Z,GR,0.00,15
2026-04-04T12:45:00Z,HR,0.00,15
2026-04-04T12:45:00Z,HU,0.00,15
2026-04-04T12:45:00Z,IT-CNorth,8.65,15
2026-04-04T12:45:00Z,IT-CSouth,1.35,15
2026-04-04T12:45:00Z,IT-North,8.65,15
2026-04-04T12:45:00Z,IT-Sardinia,1.35,15
2026-04-04T12:45:00Z,IT-Sicily,1.35,15
2026-04-04T12:45:00Z,IT-South,1.35,15
2026-04-04T12:45:00Z,LT,3.31,15
2026-04-04T12:45:00Z,LV,3.31,15
2026-04-04T12:45:00Z,NL,0.10,15
2026-04-04T12:45:00Z,NO1,67.46,15
2026-04-04T12:45:00Z,NO2,39.42,15
2026-04-04T12:45:00Z,NO3,48.61,15
2026-04-04T12:45:00Z,NO4,20.01,15
2026-04-04T12:45:00Z,NO5,98.24,15
2026-04-04T12:45:00Z,PL,0.00,15
2026-04-04T12:45:00Z,PT,-2.10,15
2026-04-04T12:45:00Z,RO,0.00,15
2026-04-04T12:45:00Z,RS,19.99,15
2026-04-04T12:45:00Z,SE1,11.13,15
2026-04-04T12:45:00Z,SE2,9.03,15
2026-04-04T12:45:00Z,SE3,4.01,15
2026-04-04T12:45:00Z,SE4,2.15,15
2026-04-04T12:45:00Z,SI,0.00,15
2026-04-04T12:45:00Z,SK,0.00,15
2026-04-04T13:00:00Z,AT,0.00,15
2026-04-04T13:00:00Z,BE,-0.01,15
2026-04-04T13:00:00Z,CH,0.83,60
2026-04-04T13:00:00Z,CZ,0.00,15
2026-04-04T13:00:00Z,DE-LU,-0.01,15
2026-04-04T13:00:00Z,DK1,0.00,15
2026-04-04T13:00:00Z,DK2,1.43,15
2026-04-04T13:00:00Z,EE,10.07,15
2026-04-04T13:00:00Z,ES,-2.10,15
2026-04-04T13:00:00Z,FI,10.08,15
2026-04-04T13:00:00Z,FR,-0.04,15
2026-04-04T13:00:00Z,GR,0.00,15
2026-04-04T13:00:00Z,HR,0.00,15
2026-04-04T13:00:00Z,HU,0.00,15
2026-04-04T13:00:00Z,IT-CNorth,13.00,15
2026-04-04T13:00:00Z,IT-CSouth,1.35,15
2026-04-04T13:00:00Z,IT-North,13.00,15
2026-04-04T13:00:00Z,IT-Sardinia,1.35,15
2026-04-04T13:00:00Z,IT-Sicily,1.35,15
2026-04-04T13:00:00Z,IT-South,1.35,15
2026-04-04T13:00:00Z,LT,3.08,15
2026-04-04T13:00:00Z,LV,3.08,15
2026-04-04T13:00:00Z,NL,0.00,15
2026-04-04T13:00:00Z,NO1,64.95,15
2026-04-04T13:00:00Z,NO2,37.49,15
2026-04-04T13:00:00Z,NO3,47.88,15
2026-04-04T13:00:00Z,NO4,18.86,15
2026-04-04T13:00:00Z,NO5,94.53,15
2026-04-04T13:00:00Z,PL,0.00,15
2026-04-04T13:00:00Z,PT,-2.10,15
2026-04-04T13:00:00Z,RO,0.00,15
2026-04-04T13:00:00Z,RS,26.05,15
2026-04-04T13:00:00Z,SE1,10.64,15
2026-04-04T13:00:00Z,SE2,8.57,15
2026-04-04T13:00:00Z,SE3,3.71,15
2026-04-04T13:00:00Z,SE4,1.96,15
2026-04-04T13:00:00Z,SI,0.00,15
2026-04-04T13:00:00Z,SK,0.00,15
2026-04-04T13:15:00Z,AT,0.00,15
2026-04-04T13:15:00Z,BE,-0.02,15
2026-04-04T13:15:00Z,CZ,0.00,15
2026-04-04T13:15:00Z,DE-LU,0.00,15
2026-04-04T13:15:00Z,DK1,0.00,15
2026-04-04T13:15:00Z,DK2,1.59,15
2026-04-04T13:15:00Z,EE,10.23,15
2026-04-04T13:15:00Z,ES,-2.10,15
2026-04-04T13:15:00Z,FI,10.24,15
2026-04-04T13:15:00Z,FR,-0.06,15
2026-04-04T13:15:00Z,GR,0.00,15
2026-04-04T13:15:00Z,HR,0.00,15
2026-04-04T13:15:00Z,HU,0.00,15
2026-04-04T13:15:00Z,IT-CNorth,17.41,15
2026-04-04T13:15:00Z,IT-CSouth,1.39,15
2026-04-04T13:15:00Z,IT-North,17.41,15
2026-04-04T13:15:00Z,IT-Sardinia,1.39,15
2026-04-04T13:15:00Z,IT-Sicily,1.39,15
2026-04-04T13:15:00Z,IT-South,1.39,15
2026-04-04T13:15:00Z,LT,3.24,15
2026-04-04T13:15:00Z,LV,3.24,15
2026-04-04T13:15:00Z,NL,0.00,15
2026-04-04T13:15:00Z,NO1,65.00,15
2026-04-04T13:15:00Z,NO2,37.56,15
2026-04-04T13:15:00Z,NO3,47.99,15
2026-04-04T13:15:00Z,NO4,19.00,15
2026-04-04T13:15:00Z,NO5,94.65,15
2026-04-04T13:15:00Z,PL,0.00,15
2026-04-04T13:15:00Z,PT,-2.10,15
2026-04-04T13:15:00Z,RO,0.00,15
2026-04-04T13:15:00Z,RS,26.05,15
2026-04-04T13:15:00Z,SE1,10.79,15
2026-04-04T13:15:00Z,SE2,8.73,15
2026-04-04T13:15:00Z,SE3,3.87,15
2026-04-04T13:15:00Z,SE4,2.13,15
2026-04-04T13:15:00Z,SI,0.00,15
2026-04-04T13:15:00Z,SK,0.00,15
2026-04-04T13:30:00Z,AT,0.01,15
2026-04-04T13:30:00Z,BE,-0.03,15
2026-04-04T13:30:00Z,CZ,0.01,15
2026-04-04T13:30:00Z,DE-LU,0.00,15
2026-04-04T13:30:00Z,DK1,0.00,15
2026-04-04T13:30:00Z,DK2,2.17,15
2026-04-04T13:30:00Z,EE,10.74,15
2026-04-04T13:30:00Z,ES,-2.10,15
2026-04-04T13:30:00Z,FI,10.74,15
2026-04-04T13:30:00Z,FR,-0.11,15
2026-04-04T13:30:00Z,GR,0.01,15
2026-04-04T13:30:00Z,HR,0.01,15
2026-04-04T13:30:00Z,HU,0.01,15
2026-04-04T13:30:00Z,IT-CNorth,23.00,15
2026-04-04T13:30:00Z,IT-CSouth,1.39,15
2026-04-04T13:30:00Z,IT-North,23.00,15
2026-04-04T13:30:00Z,IT-Sardinia,1.39,15
2026-04-04T13:30:00Z,IT-Sicily,1.39,15
2026-04-04T13:30:00Z,IT-South,1.39,15
2026-04-04T13:30:00Z,LT,3.81,15
2026-04-04T13:30:00Z,LV,3.81,15
2026-04-04T13:30:00Z,NL,0.00,15
2026-04-04T13:30:00Z,NO1,64.94,15
2026-04-04T13:30:00Z,NO2,37.68,15
2026-04-04T13:30:00Z,NO3,48.22,15
2026-04-04T13:30:00Z,NO4,19.44,15
2026-04-04T13:30:00Z,NO5,94.72,15
2026-04-04T13:30:00Z,PL,0.01,15
2026-04-04T13:30:00Z,PT,-2.10,15
2026-04-04T13:30:00Z,RO,0.01,15
2026-04-04T13:30:00Z,RS,26.05,15
2026-04-04T13:30:00Z,SE1,11.30,15
2026-04-04T13:30:00Z,SE2,9.25,15
2026-04-04T13:30:00Z,SE3,4.43,15
2026-04-04T13:30:00Z,SE4,2.70,15
2026-04-04T13:30:00Z,SI,0.02,15
2026-04-04T13:30:00Z,SK,0.01,15
2026-04-04T13:45:00Z,AT,0.13,15
2026-04-04T13:45:00Z,BE,0.05,15
2026-04-04T13:45:00Z,CZ,0.12,15
2026-04-04T13:45:00Z,DE-LU,0.11,15
2026-04-04T13:45:00Z,DK1,0.11,15
2026-04-04T13:45:00Z,DK2,2.97,15
2026-04-04T13:45:00Z,EE,11.44,15
2026-04-04T13:45:00Z,ES,-2.10,15
2026-04-04T13:45:00Z,FI,11.45,15
2026-04-04T13:45:00Z,FR,-0.11,15
2026-04-04T13:45:00Z,GR,0.13,15
2026-04-04T13:45:00Z,HR,0.14,15
2026-04-04T13:45:00Z,HU,0.13,15
2026-04-04T13:45:00Z,IT-CNorth,29.99,15
2026-04-04T13:45:00Z,IT-CSouth,1.39,15
2026-04-04T13:45:00Z,IT-North,29.99,15
2026-04-04T13:45:00Z,IT-Sardinia,1.39,15
2026-04-04T13:45:00Z,IT-Sicily,1.39,15
2026-04-04T13:45:00Z,IT-South,1.39,15
2026-04-04T13:45:00Z,LT,4.59,15
2026-04-04T13:45:00Z,LV,4.59,15
2026-04-04T13:45:00Z,NL,0.11,15
2026-04-04T13:45:00Z,NO1,64.86,15
2026-04-04T13:45:00Z,NO2,37.86,15
2026-04-04T13:45:00Z,NO3,48.51,15
2026-04-04T13:45:00Z,NO4,20.05,15
2026-04-04T13:45:00Z,NO5,94.75,15
2026-04-04T13:45:00Z,PL,0.12,15
2026-04-04T13:45:00Z,PT,-2.10,15
2026-04-04T13:45:00Z,RO,0.13,15
2026-04-04T13:45:00Z,RS,26.05,15
2026-04-04T13:45:00Z,SE1,12.00,15
2026-04-04T13:45:00Z,SE2,9.97,15
2026-04-04T13:45:00Z,SE3,5.21,15
2026-04-04T13:45:00Z,SE4,3.50,15
2026-04-04T13:45:00Z,SI,0.14,15
2026-04-04T13:45:00Z,SK,0.13,15
2026-04-04T14:00:00Z,AT,0.35,15
2026-04-04T14:00:00Z,BE,-0.84,15
2026-04-04T14:00:00Z,CH,6.50,60
2026-04-04T14:00:00Z,CZ,0.19,15
2026-04-04T14:00:00Z,DE-LU,0.00,15
2026-04-04T14:00:00Z,DK1,0.00,15
2026-04-04T14:00:00Z,DK2,0.01,15
2026-04-04T14:00:00Z,EE,8.71,15
2026-04-04T14:00:00Z,ES,-3.01,15
2026-04-04T14:00:00Z,FI,8.72,15
2026-04-04T14:00:00Z,FR,-3.01,15
2026-04-04T14:00:00Z,GR,0.30,15
2026-04-04T14:00:00Z,HR,0.36,15
2026-04-04T14:00:00Z,HU,0.28,15
2026-04-04T14:00:00Z,IT-CNorth,69.10,15
2026-04-04T14:00:00Z,IT-CSouth,2.47,15
2026-04-04T14:00:00Z,IT-North,69.10,15
2026-04-04T14:00:00Z,IT-Sardinia,2.47,15
2026-04-04T14:00:00Z,IT-Sicily,2.47,15
2026-04-04T14:00:00Z,IT-South,2.47,15
2026-04-04T14:00:00Z,LT,1.67,15
2026-04-04T14:00:00Z,LV,1.67,15
2026-04-04T14:00:00Z,NL,-0.44,15
2026-04-04T14:00:00Z,NO1,64.36,15
2026-04-04T14:00:00Z,NO2,34.27,15
2026-04-04T14:00:00Z,NO3,46.20,15
2026-04-04T14:00:00Z,NO4,17.45,15
2026-04-04T14:00:00Z,NO5,92.91,15
2026-04-04T14:00:00Z,PL,0.16,15
2026-04-04T14:00:00Z,PT,-3.01,15
2026-04-04T14:00:00Z,RO,0.30,15
2026-04-04T14:00:00Z,RS,27.45,15
2026-04-04T14:00:00Z,SE1,9.34,15
2026-04-04T14:00:00Z,SE2,7.20,15
2026-04-04T14:00:00Z,SE3,2.29,15
2026-04-04T14:00:00Z,SE4,0.55,15
2026-04-04T14:00:00Z,SI,0.38,15
2026-04-04T14:00:00Z,SK,0.24,15
2026-04-04T14:15:00Z,AT,3.08,15
2026-04-04T14:15:00Z,BE,1.95,15
2026-04-04T14:15:00Z,CZ,2.92,15
2026-04-04T14:15:00Z,DE-LU,2.74,15
2026-04-04T14:15:00Z,DK1,2.74,15
2026-04-04T14:15:00Z,DK2,3.11,15
2026-04-04T14:15:00Z,EE,11.51,15
2026-04-04T14:15:00Z,ES,-2.80,15
2026-04-04T14:15:00Z,FI,11.51,15
2026-04-04T14:15:00Z,FR,-0.11,15
2026-04-04T14:15:00Z,GR,3.03,15
2026-04-04T14:15:00Z,HR,3.09,15
2026-04-04T14:15:00Z,HU,3.01,15
2026-04-04T14:15:00Z,IT-CNorth,78.30,15
2026-04-04T14:15:00Z,IT-CSouth,2.47,15
2026-04-04T14:15:00Z,IT-North,78.30,15
2026-04-04T14:15:00Z,IT-Sardinia,2.47,15
2026-04-04T14:15:00Z,IT-Sicily,2.47,15
2026-04-04T14:15:00Z,IT-South,2.47,15
2026-04-04T14:15:00Z,LT,4.72,15
2026-04-04T14:15:00Z,LV,4.72,15
2026-04-04T14:15:00Z,NL,2.33,15
2026-04-04T14:15:00Z,NO1,65.12,15
2026-04-04T14:15:00Z,NO2,36.07,15
2026-04-04T14:15:00Z,NO3,47.68,15
2026-04-04T14:15:00Z,NO4,19.94,15
2026-04-04T14:15:00Z,NO5,92.84,15
2026-04-04T14:15:00Z,PL,2.89,15
2026-04-04T14:15:00Z,PT,-2.80,15
2026-04-04T14:15:00Z,RO,3.03,15
2026-04-04T14:15:00Z,RS,27.45,15
2026-04-04T14:15:00Z,SE1,12.11,15
2026-04-04T14:15:00Z,SE2,10.05,15
2026-04-04T14:15:00Z,SE3,5.32,15
2026-04-04T14:15:00Z,SE4,3.63,15
2026-04-04T14:15:00Z,SI,3.11,15
2026-04-04T14:15:00Z,SK,2.97,15
2026-04-04T14:30:00Z,AT,7.50,15
2026-04-04T14:30:00Z,BE,4.56,15
2026-04-04T14:30:00Z,CZ,7.10,15
2026-04-04T14:30:00Z,DE-LU,6.63,15
2026-04-04T14:30:00Z,DK1,6.63,15
2026-04-04T14:30:00Z,DK2,7.71,15
2026-04-04T14:30:00Z,EE,15.67,15
2026-04-04T14:30:00Z,ES,-2.10,15
2026-04-04T14:30:00Z,FI,15.67,15
2026-04-04T14:30:00Z,FR,-0.77,15
2026-04-04T14:30:00Z,GR,7.36,15
2026-04-04T14:30:00Z,HR,7.52,15
2026-04-04T14:30:00Z,HU,7.32,15
2026-04-04T14:30:00Z,IT-CNorth,110.97,15
2026-04-04T14:30:00Z,IT-CSouth,30.00,15
2026-04-04T14:30:00Z,IT-North,110.97,15
2026-04-04T14:30:00Z,IT-Sardinia,30.00,15
2026-04-04T14:30:00Z,IT-Sicily,30.00,15
2026-04-04T14:30:00Z,IT-South,30.00,15
2026-04-04T14:30:00Z,LT,9.23,15
2026-04-04T14:30:00Z,LV,9.23,15
2026-04-04T14:30:00Z,NL,5.56,15
2026-04-04T14:30:00Z,NO1,66.32,15
2026-04-04T14:30:00Z,NO2,38.73,15
2026-04-04T14:30:00Z,NO3,49.95,15
2026-04-04T14:30:00Z,NO4,23.65,15
2026-04-04T14:30:00Z,NO5,92.95,15
2026-04-04T14:30:00Z,PL,7.02,15
2026-04-04T14:30:00Z,PT,-2.10,15
2026-04-04T14:30:00Z,RO,7.36,15
2026-04-04T14:30:00Z,RS,27.45,15
2026-04-04T14:30:00Z,SE1,16.24,15
2026-04-04T14:30:00Z,SE2,14.28,15
2026-04-04T14:30:00Z,SE3,9.80,15
2026-04-04T14:30:00Z,SE4,8.21,15
2026-04-04T14:30:00Z,SI,7.57,15
2026-04-04T14:30:00Z,SK,7.22,15
2026-04-04T14:45:00Z,AT,38.00,15
2026-04-04T14:45:00Z,BE,25.53,15
2026-04-04T14:45:00Z,CZ,35.91,15
2026-04-04T14:45:00Z,DE-LU,33.39,15
2026-04-04T14:45:00Z,DK1,33.39,15
2026-04-04T14:45:00Z,DK2,32.28,15
2026-04-04T14:45:00Z,EE,37.70,15
2026-04-04T14:45:00Z,ES,-2.10,15
2026-04-04T14:45:00Z,FI,37.68,15
2026-04-04T14:45:00Z,FR,-0.11,15
2026-04-04T14:45:00Z,GR,37.25,15
2026-04-04T14:45:00Z,HR,38.04,15
2026-04-04T14:45:00Z,HU,37.03,15
2026-04-04T14:45:00Z,IT-CNorth,99.29,15
2026-04-04T14:45:00Z,IT-CSouth,51.49,15
2026-04-04T14:45:00Z,IT-North,99.29,15
2026-04-04T14:45:00Z,IT-Sardinia,51.49,15
2026-04-04T14:45:00Z,IT-Sicily,51.49,15
2026-04-04T14:45:00Z,IT-South,51.49,15
2026-04-04T14:45:00Z,LT,33.33,15
2026-04-04T14:45:00Z,LV,33.33,15
2026-04-04T14:45:00Z,NL,33.39,15
2026-04-04T14:45:00Z,NO1,73.56,15
2026-04-04T14:45:00Z,NO2,54.73,15
2026-04-04T14:45:00Z,NO3,61.49,15
2026-04-04T14:45:00Z,NO4,27.41,15
2026-04-04T14:45:00Z,NO5,90.27,15
2026-04-04T14:45:00Z,PL,35.45,15
2026-04-04T14:45:00Z,PT,-2.10,15
2026-04-04T14:45:00Z,RO,37.25,15
2026-04-04T14:45:00Z,RS,27.45,15
2026-04-04T14:45:00Z,SE1,33.42,15
2026-04-04T14:45:00Z,SE2,36.83,15
2026-04-04T14:45:00Z,SE3,33.72,15
2026-04-04T14:45:00Z,SE4,32.62,15
2026-04-04T14:45:00Z,SI,38.32,15
2026-04-04T14:45:00Z,SK,36.51,15
2026-04-04T15:00:00Z,AT,14.87,15
2026-04-04T15:00:00Z,BE,9.62,15
2026-04-04T15:00:00Z,CH,58.23,60
2026-04-04T15:00:00Z,CZ,14.22,15
2026-04-04T15:00:00Z,DE-LU,13.39,15
2026-04-04T15:00:00Z,DK1,13.38,15
2026-04-04T15:00:00Z,DK2,13.06,15
2026-04-04T15:00:00Z,EE,13.13,15
2026-04-04T15:00:00Z,ES,-1.50,15
2026-04-04T15:00:00Z,FI,13.13,15
2026-04-04T15:00:00Z,FR,-0.11,15
2026-04-04T15:00:00Z,GR,14.70,15
2026-04-04T15:00:00Z,HR,15.01,15
2026-04-04T15:00:00Z,HU,14.62,15
2026-04-04T15:00:00Z,IT-CNorth,107.55,15
2026-04-04T15:00:00Z,IT-CSouth,107.55,15
2026-04-04T15:00:00Z,IT-North,107.55,15
2026-04-04T15:00:00Z,IT-Sardinia,107.55,15
2026-04-04T15:00:00Z,IT-Sicily,107.55,15
2026-04-04T15:00:00Z,IT-South,107.55,15
2026-04-04T15:00:00Z,LT,13.13,15
2026-04-04T15:00:00Z,LV,13.13,15
2026-04-04T15:00:00Z,NL,11.62,15
2026-04-04T15:00:00Z,NO1,61.50,15
2026-04-04T15:00:00Z,NO2,41.65,15
2026-04-04T15:00:00Z,NO3,54.80,15
2026-04-04T15:00:00Z,NO4,13.15,15
2026-04-04T15:00:00Z,NO5,86.28,15
2026-04-04T15:00:00Z,PL,14.08,15
2026-04-04T15:00:00Z,PT,-1.50,15
2026-04-04T15:00:00Z,RO,14.70,15
2026-04-04T15:00:00Z,RS,69.61,15
2026-04-04T15:00:00Z,SE1,13.13,15
2026-04-04T15:00:00Z,SE2,13.13,15
2026-04-04T15:00:00Z,SE3,13.08,15
2026-04-04T15:00:00Z,SE4,13.07,15
2026-04-04T15:00:00Z,SI,15.09,15
2026-04-04T15:00:00Z,SK,14.44,15
2026-04-04T15:15:00Z,AT,53.20,15
2026-04-04T15:15:00Z,BE,34.55,15
2026-04-04T15:15:00Z,CZ,50.91,15
2026-04-04T15:15:00Z,DE-LU,47.95,15
2026-04-04T15:15:00Z,DK1,26.25,15
2026-04-04T15:15:00Z,DK2,25.11,15
2026-04-04T15:15:00Z,EE,24.49,15
2026-04-04T15:15:00Z,ES,-1.00,15
2026-04-04T15:15:00Z,FI,24.49,15
2026-04-04T15:15:00Z,FR,-0.10,15
2026-04-04T15:15:00Z,GR,52.62,15
2026-04-04T15:15:00Z,HR,53.73,15
2026-04-04T15:15:00Z,HU,52.34,15
2026-04-04T15:15:00Z,IT-CNorth,117.40,15
2026-04-04T15:15:00Z,IT-CSouth,117.40,15
2026-04-04T15:15:00Z,IT-North,117.40,15
2026-04-04T15:15:00Z,IT-Sardinia,117.40,15
2026-04-04T15:15:00Z,IT-Sicily,117.40,15
2026-04-04T15:15:00Z,IT-South,117.40,15
2026-04-04T15:15:00Z,LT,24.49,15
2026-04-04T15:15:00Z,LV,24.49,15
2026-04-04T15:15:00Z,NL,41.64,15
2026-04-04T15:15:00Z,NO1,82.94,15
2026-04-04T15:15:00Z,NO2,67.47,15
2026-04-04T15:15:00Z,NO3,69.54,15
2026-04-04T15:15:00Z,NO4,18.93,15
2026-04-04T15:15:00Z,NO5,84.45,15
2026-04-04T15:15:00Z,PL,50.39,15
2026-04-04T15:15:00Z,PT,-1.00,15
2026-04-04T15:15:00Z,RO,52.62,15
2026-04-04T15:15:00Z,RS,69.61,15
2026-04-04T15:15:00Z,SE1,21.91,15
2026-04-04T15:15:00Z,SE2,22.64,15
2026-04-04T15:15:00Z,SE3,24.32,15
2026-04-04T15:15:00Z,SE4,24.92,15
2026-04-04T15:15:00Z,SI,53.99,15
2026-04-04T15:15:00Z,SK,51.69,15
2026-04-04T15:30:00Z,AT,101.11,15
2026-04-04T15:30:00Z,BE,65.72,15
2026-04-04T15:30:00Z,CZ,96.76,15
2026-04-04T15:30:00Z,DE-LU,91.14,15
2026-04-04T15:30:00Z,DK1,36.36,15
2026-04-04T15:30:00Z,DK2,30.61,15
2026-04-04T15:30:00Z,EE,29.74,15
2026-04-04T15:30:00Z,ES,-1.00,15
2026-04-04T15:30:00Z,FI,29.74,15
2026-04-04T15:30:00Z,FR,-0.01,15
2026-04-04T15:30:00Z,GR,100.01,15
2026-04-04T15:30:00Z,HR,102.10,15
2026-04-04T15:30:00Z,HU,99.48,15
2026-04-04T15:30:00Z,IT-CNorth,127.87,15
2026-04-04T15:30:00Z,IT-CSouth,127.87,15
2026-04-04T15:30:00Z,IT-North,127.87,15
2026-04-04T15:30:00Z,IT-Sardinia,127.87,15
2026-04-04T15:30:00Z,IT-Sicily,127.87,15
2026-04-04T15:30:00Z,IT-South,127.87,15
2026-04-04T15:30:00Z,LT,29.74,15
2026-04-04T15:30:00Z,LV,29.74,15
2026-04-04T15:30:00Z,NL,79.16,15
2026-04-04T15:30:00Z,NO1,85.51,15
2026-04-04T15:30:00Z,NO2,84.36,15
2026-04-04T15:30:00Z,NO3,72.67,15
2026-04-04T15:30:00Z,NO4,21.29,15
2026-04-04T15:30:00Z,NO5,87.33,15
2026-04-04T15:30:00Z,PL,95.78,15
2026-04-04T15:30:00Z,PT,-1.00,15
2026-04-04T15:30:00Z,RO,100.01,15
2026-04-04T15:30:00Z,RS,69.61,15
2026-04-04T15:30:00Z,SE1,25.76,15
2026-04-04T15:30:00Z,SE2,26.85,15
2026-04-04T15:30:00Z,SE3,29.41,15
2026-04-04T15:30:00Z,SE4,30.33,15
2026-04-04T15:30:00Z,SI,102.60,15
2026-04-04T15:30:00Z,SK,98.25,15
2026-04-04T15:45:00Z,AT,112.45,15
2026-04-04T15:45:00Z,BE,71.34,15
2026-04-04T15:45:00Z,CZ,104.83,15
2026-04-04T15:45:00Z,DE-LU,98.46,15
2026-04-04T15:45:00Z,DK1,60.40,15
2026-04-04T15:45:00Z,DK2,43.23,15
2026-04-04T15:45:00Z,EE,39.89,15
2026-04-04T15:45:00Z,ES,-0.61,15
2026-04-04T15:45:00Z,FI,39.89,15
2026-04-04T15:45:00Z,FR,0.01,15
2026-04-04T15:45:00Z,GR,125.84,15
2026-04-04T15:45:00Z,HR,120.20,15
2026-04-04T15:45:00Z,HU,129.56,15
2026-04-04T15:45:00Z,IT-CNorth,149.80,15
2026-04-04T15:45:00Z,IT-CSouth,149.80,15
2026-04-04T15:45:00Z,IT-North,149.80,15
2026-04-04T15:45:00Z,IT-Sardinia,149.80,15
2026-04-04T15:45:00Z,IT-Sicily,149.80,15
2026-04-04T15:45:00Z,IT-South,149.80,15
2026-04-04T15:45:00Z,LT,39.89,15
2026-04-04T15:45:00Z,LV,39.89,15
2026-04-04T15:45:00Z,NL,85.78,15
2026-04-04T15:45:00Z,NO1,89.71,15
2026-04-04T15:45:00Z,NO2,88.38,15
2026-04-04T15:45:00Z,NO3,80.63,15
2026-04-04T15:45:00Z,NO4,32.29,15
2026-04-04T15:45:00Z,NO5,91.87,15
2026-04-04T15:45:00Z,PL,99.06,15
2026-04-04T15:45:00Z,PT,-0.61,15
2026-04-04T15:45:00Z,RO,125.84,15
2026-04-04T15:45:00Z,RS,69.61,15
2026-04-04T15:45:00Z,SE1,37.56,15
2026-04-04T15:45:00Z,SE2,38.84,15
2026-04-04T15:45:00Z,SE3,41.82,15
2026-04-04T15:45:00Z,SE4,42.90,15
2026-04-04T15:45:00Z,SI,117.89,15
2026-04-04T15:45:00Z,SK,100.73,15
2026-04-04T16:00:00Z,AT,70.06,15
2026-04-04T16:00:00Z,BE,43.84,15
2026-04-04T16:00:00Z,CH,113.95,60
2026-04-04T16:00:00Z,CZ,63.14,15
2026-04-04T16:00:00Z,DE-LU,61.62,15
2026-04-04T16:00:00Z,DK1,52.85,15
2026-04-04T16:00:00Z,DK2,18.76,15
2026-04-04T16:00:00Z,EE,20.24,15
2026-04-04T16:00:00Z,ES,-0.23,15
2026-04-04T16:00:00Z,FI,20.23,15
2026-04-04T16:00:00Z,FR,-0.11,15
2026-04-04T16:00:00Z,GR,117.80,15
2026-04-04T16:00:00Z,HR,78.59,15
2026-04-04T16:00:00Z,HU,89.00,15
2026-04-04T16:00:00Z,IT-CNorth,133.30,15
2026-04-04T16:00:00Z,IT-CSouth,133.30,15
2026-04-04T16:00:00Z,IT-North,133.30,15
2026-04-04T16:00:00Z,IT-Sardinia,133.30,15
2026-04-04T16:00:00Z,IT-Sicily,133.30,15
2026-04-04T16:00:00Z,IT-South,133.30,15
2026-04-04T16:00:00Z,LT,20.24,15
2026-04-04T16:00:00Z,LV,20.24,15
2026-04-04T16:00:00Z,NL,52.85,15
2026-04-04T16:00:00Z,NO1,89.23,15
2026-04-04T16:00:00Z,NO2,88.13,15
2026-04-04T16:00:00Z,NO3,70.41,15
2026-04-04T16:00:00Z,NO4,9.67,15
2026-04-04T16:00:00Z,NO5,90.99,15
2026-04-04T16:00:00Z,PL,62.45,15
2026-04-04T16:00:00Z,PT,-0.23,15
2026-04-04T16:00:00Z,RO,84.82,15
2026-04-04T16:00:00Z,RS,118.03,15
2026-04-04T16:00:00Z,SE1,14.08,15
2026-04-04T16:00:00Z,SE2,15.14,15
2026-04-04T16:00:00Z,SE3,17.59,15
2026-04-04T16:00:00Z,SE4,18.49,15
2026-04-04T16:00:00Z,SI,75.05,15
2026-04-04T16:00:00Z,SK,58.72,15
2026-04-04T16:15:00Z,AT,106.28,15
2026-04-04T16:15:00Z,BE,66.48,15
2026-04-04T16:15:00Z,CZ,95.57,15
2026-04-04T16:15:00Z,DE-LU,93.37,15
2026-04-04T16:15:00Z,DK1,80.10,15
2026-04-04T16:15:00Z,DK2,26.76,15
2026-04-04T16:15:00Z,EE,26.09,15
2026-04-04T16:15:00Z,ES,-0.02,15
2026-04-04T16:15:00Z,FI,26.08,15
2026-04-04T16:15:00Z,FR,-0.02,15
2026-04-04T16:15:00Z,GR,129.54,15
2026-04-04T16:15:00Z,HR,119.66,15
2026-04-04T16:15:00Z,HU,136.14,15
2026-04-04T16:15:00Z,IT-CNorth,147.61,15
2026-04-04T16:15:00Z,IT-CSouth,147.61,15
2026-04-04T16:15:00Z,IT-North,147.61,15
2026-04-04T16:15:00Z,IT-Sardinia,147.61,15
2026-04-04T16:15:00Z,IT-Sicily,147.61,15
2026-04-04T16:15:00Z,IT-South,147.61,15
2026-04-04T16:15:00Z,LT,26.09,15
2026-04-04T16:15:00Z,LV,26.09,15
2026-04-04T16:15:00Z,NL,80.10,15
2026-04-04T16:15:00Z,NO1,93.48,15
2026-04-04T16:15:00Z,NO2,92.58,15
2026-04-04T16:15:00Z,NO3,74.89,15
2026-04-04T16:15:00Z,NO4,19.41,15
2026-04-04T16:15:00Z,NO5,94.87,15
2026-04-04T16:15:00Z,PL,94.52,15
2026-04-04T16:15:00Z,PT,-0.02,15
2026-04-04T16:15:00Z,RO,129.54,15
2026-04-04T16:15:00Z,RS,118.03,15
2026-04-04T16:15:00Z,SE1,23.01,15
2026-04-04T16:15:00Z,SE2,23.86,15
2026-04-04T16:15:00Z,SE3,25.82,15
2026-04-04T16:15:00Z,SE4,26.54,15
2026-04-04T16:15:00Z,SI,114.07,15
2026-04-04T16:15:00Z,SK,88.54,15
2026-04-04T16:30:00Z,AT,133.82,15
2026-04-04T16:30:00Z,BE,85.81,15
2026-04-04T16:30:00Z,CZ,126.76,15
2026-04-04T16:30:00Z,DE-LU,120.98,15
2026-04-04T16:30:00Z,DK1,103.59,15
2026-04-04T16:30:00Z,DK2,72.75,15
2026-04-04T16:30:00Z,EE,29.27,15
2026-04-04T16:30:00Z,ES,0.00,15
2026-04-04T16:30:00Z,FI,29.27,15
2026-04-04T16:30:00Z,FR,0.00,15
2026-04-04T16:30:00Z,GR,137.19,15
2026-04-04T16:30:00Z,HR,137.45,15
2026-04-04T16:30:00Z,HU,137.91,15
2026-04-04T16:30:00Z,IT-CNorth,170.85,15
2026-04-04T16:30:00Z,IT-CSouth,170.85,15
2026-04-04T16:30:00Z,IT-North,170.85,15
2026-04-04T16:30:00Z,IT-Sardinia,170.85,15
2026-04-04T16:30:00Z,IT-Sicily,170.85,15
2026-04-04T16:30:00Z,IT-South,170.85,15
2026-04-04T16:30:00Z,LT,29.27,15
2026-04-04T16:30:00Z,LV,29.27,15
2026-04-04T16:30:00Z,NL,103.59,15
2026-04-04T16:30:00Z,NO1,98.40,15
2026-04-04T16:30:00Z,NO2,97.99,15
2026-04-04T16:30:00Z,NO3,76.73,15
2026-04-04T16:30:00Z,NO4,26.33,15
2026-04-04T16:30:00Z,NO5,98.94,15
2026-04-04T16:30:00Z,PL,125.36,15
2026-04-04T16:30:00Z,PT,0.00,15
2026-04-04T16:30:00Z,RO,137.19,15
2026-04-04T16:30:00Z,RS,118.03,15
2026-04-04T16:30:00Z,SE1,27.93,15
2026-04-04T16:30:00Z,SE2,28.31,15
2026-04-04T16:30:00Z,SE3,29.16,15
2026-04-04T16:30:00Z,SE4,29.47,15
2026-04-04T16:30:00Z,SI,137.06,15
2026-04-04T16:30:00Z,SK,127.03,15
2026-04-04T16:45:00Z,AT,177.80,15
2026-04-04T16:45:00Z,BE,117.74,15
2026-04-04T16:45:00Z,CZ,170.41,15
2026-04-04T16:45:00Z,DE-LU,162.41,15
2026-04-04T16:45:00Z,DK1,140.31,15
2026-04-04T16:45:00Z,DK2,104.46,15
2026-04-04T16:45:00Z,EE,32.90,15
2026-04-04T16:45:00Z,ES,1.52,15
2026-04-04T16:45:00Z,FI,32.90,15
2026-04-04T16:45:00Z,FR,9.00,15
2026-04-04T16:45:00Z,GR,175.92,15
2026-04-04T16:45:00Z,HR,179.25,15
2026-04-04T16:45:00Z,HU,175.01,15
2026-04-04T16:45:00Z,IT-CNorth,176.65,15
2026-04-04T16:45:00Z,IT-CSouth,176.65,15
2026-04-04T16:45:00Z,IT-North,176.65,15
2026-04-04T16:45:00Z,IT-Sardinia,176.65,15
2026-04-04T16:45:00Z,IT-Sicily,176.65,15
2026-04-04T16:45:00Z,IT-South,176.65,15
2026-04-04T16:45:00Z,LT,32.90,15
2026-04-04T16:45:00Z,LV,32.90,15
2026-04-04T16:45:00Z,NL,140.31,15
2026-04-04T16:45:00Z,NO1,106.30,15
2026-04-04T16:45:00Z,NO2,106.25,15
2026-04-04T16:45:00Z,NO3,81.26,15
2026-04-04T16:45:00Z,NO4,32.81,15
2026-04-04T16:45:00Z,NO5,106.18,15
2026-04-04T16:45:00Z,PL,168.63,15
2026-04-04T16:45:00Z,PT,1.52,15
2026-04-04T16:45:00Z,RO,175.92,15
2026-04-04T16:45:00Z,RS,118.03,15
2026-04-04T16:45:00Z,SE1,32.87,15
2026-04-04T16:45:00Z,SE2,32.90,15
2026-04-04T16:45:00Z,SE3,32.89,15
2026-04-04T16:45:00Z,SE4,32.90,15
2026-04-04T16:45:00Z,SI,180.32,15
2026-04-04T16:45:00Z,SK,172.92,15
2026-04-04T17:00:00Z,AT,141.08,15
2026-04-04T17:00:00Z,BE,93.54,15
2026-04-04T17:00:00Z,CH,136.00,60
2026-04-04T17:00:00Z,CZ,134.49,15
2026-04-04T17:00:00Z,DE-LU,127.98,15
2026-04-04T17:00:00Z,DK1,110.30,15
2026-04-04T17:00:00Z,DK2,78.99,15
2026-04-04T17:00:00Z,EE,25.49,15
2026-04-04T17:00:00Z,ES,4.77,15
2026-04-04T17:00:00Z,FI,25.49,15
2026-04-04T17:00:00Z,FR,6.26,15
2026-04-04T17:00:00Z,GR,138.76,15
2026-04-04T17:00:00Z,HR,141.31,15
2026-04-04T17:00:00Z,HU,138.06,15
2026-04-04T17:00:00Z,IT-CNorth,161.30,15
2026-04-04T17:00:00Z,IT-CSouth,161.30,15
2026-04-04T17:00:00Z,IT-North,161.30,15
2026-04-04T17:00:00Z,IT-Sardinia,161.30,15
2026-04-04T17:00:00Z,IT-Sicily,161.30,15
2026-04-04T17:00:00Z,IT-South,161.30,15
2026-04-04T17:00:00Z,LT,25.49,15
2026-04-04T17:00:00Z,LV,25.49,15
2026-04-04T17:00:00Z,NL,110.30,15
2026-04-04T17:00:00Z,NO1,106.93,15
2026-04-04T17:00:00Z,NO2,106.78,15
2026-04-04T17:00:00Z,NO3,80.15,15
2026-04-04T17:00:00Z,NO4,24.64,15
2026-04-04T17:00:00Z,NO5,106.96,15
2026-04-04T17:00:00Z,PL,133.10,15
2026-04-04T17:00:00Z,PT,4.77,15
2026-04-04T17:00:00Z,RO,138.76,15
2026-04-04T17:00:00Z,RS,149.99,15
2026-04-04T17:00:00Z,SE1,25.12,15
2026-04-04T17:00:00Z,SE2,25.24,15
2026-04-04T17:00:00Z,SE3,25.46,15
2026-04-04T17:00:00Z,SE4,25.55,15
2026-04-04T17:00:00Z,SI,142.19,15
2026-04-04T17:00:00Z,SK,136.45,15
2026-04-04T17:15:00Z,AT,149.65,15
2026-04-04T17:15:00Z,BE,104.02,15
2026-04-04T17:15:00Z,CZ,143.33,15
2026-04-04T17:15:00Z,DE-LU,137.08,15
2026-04-04T17:15:00Z,DK1,120.11,15
2026-04-04T17:15:00Z,DK2,117.91,15
2026-04-04T17:15:00Z,EE,26.74,15
2026-04-04T17:15:00Z,ES,17.77,15
2026-04-04T17:15:00Z,FI,26.74,15
2026-04-04T17:15:00Z,FR,20.22,15
2026-04-04T17:15:00Z,GR,147.43,15
2026-04-04T17:15:00Z,HR,149.87,15
2026-04-04T17:15:00Z,HU,146.76,15
2026-04-04T17:15:00Z,IT-CNorth,168.52,15
2026-04-04T17:15:00Z,IT-CSouth,168.52,15
2026-04-04T17:15:00Z,IT-North,168.52,15
2026-04-04T17:15:00Z,IT-Sardinia,168.52,15
2026-04-04T17:15:00Z,IT-Sicily,168.52,15
2026-04-04T17:15:00Z,IT-South,168.52,15
2026-04-04T17:15:00Z,LT,26.74,15
2026-04-04T17:15:00Z,LV,26.74,15
2026-04-04T17:15:00Z,NL,120.11,15
2026-04-04T17:15:00Z,NO1,109.12,15
2026-04-04T17:15:00Z,NO2,109.07,15
2026-04-04T17:15:00Z,NO3,81.50,15
2026-04-04T17:15:00Z,NO4,26.64,15
2026-04-04T17:15:00Z,NO5,108.99,15
2026-04-04T17:15:00Z,PL,142.00,15
2026-04-04T17:15:00Z,PT,17.77,15
2026-04-04T17:15:00Z,RO,147.43,15
2026-04-04T17:15:00Z,RS,149.99,15
2026-04-04T17:15:00Z,SE1,26.72,15
2026-04-04T17:15:00Z,SE2,26.74,15
2026-04-04T17:15:00Z,SE3,26.74,15
2026-04-04T17:15:00Z,SE4,26.74,15
2026-04-04T17:15:00Z,SI,150.72,15
2026-04-04T17:15:00Z,SK,145.21,15
2026-04-04T17:30:00Z,AT,155.00,15
2026-04-04T17:30:00Z,BE,129.31,15
2026-04-04T17:30:00Z,CZ,167.45,15
2026-04-04T17:30:00Z,DE-LU,165.87,15
2026-04-04T17:30:00Z,DK1,147.16,15
2026-04-04T17:30:00Z,DK2,147.16,15
2026-04-04T17:30:00Z,EE,27.21,15
2026-04-04T17:30:00Z,ES,34.49,15
2026-04-04T17:30:00Z,FI,27.21,15
2026-04-04T17:30:00Z,FR,34.49,15
2026-04-04T17:30:00Z,GR,169.39,15
2026-04-04T17:30:00Z,HR,171.96,15
2026-04-04T17:30:00Z,HU,168.61,15
2026-04-04T17:30:00Z,IT-CNorth,172.37,15
2026-04-04T17:30:00Z,IT-CSouth,172.37,15
2026-04-04T17:30:00Z,IT-North,172.37,15
2026-04-04T17:30:00Z,IT-Sardinia,172.37,15
2026-04-04T17:30:00Z,IT-Sicily,172.37,15
2026-04-04T17:30:00Z,IT-South,172.37,15
2026-04-04T17:30:00Z,LT,27.21,15
2026-04-04T17:30:00Z,LV,27.21,15
2026-04-04T17:30:00Z,NL,147.16,15
2026-04-04T17:30:00Z,NO1,110.11,15
2026-04-04T17:30:00Z,NO2,110.05,15
2026-04-04T17:30:00Z,NO3,82.31,15
2026-04-04T17:30:00Z,NO4,27.11,15
2026-04-04T17:30:00Z,NO5,109.97,15
2026-04-04T17:30:00Z,PL,166.76,15
2026-04-04T17:30:00Z,PT,34.49,15
2026-04-04T17:30:00Z,RO,169.39,15
2026-04-04T17:30:00Z,RS,149.99,15
2026-04-04T17:30:00Z,SE1,27.18,15
2026-04-04T17:30:00Z,SE2,27.21,15
2026-04-04T17:30:00Z,SE3,27.21,15
2026-04-04T17:30:00Z,SE4,27.21,15
2026-04-04T17:30:00Z,SI,172.40,15
2026-04-04T17:30:00Z,SK,167.75,15
2026-04-04T17:45:00Z,AT,155.91,15
2026-04-04T17:45:00Z,BE,132.28,15
2026-04-04T17:45:00Z,CZ,169.72,15
2026-04-04T17:45:00Z,DE-LU,168.56,15
2026-04-04T17:45:00Z,DK1,147.83,15
2026-04-04T17:45:00Z,DK2,147.83,15
2026-04-04T17:45:00Z,EE,26.35,15
2026-04-04T17:45:00Z,ES,38.03,15
2026-04-04T17:45:00Z,FI,26.35,15
2026-04-04T17:45:00Z,FR,38.03,15
2026-04-04T17:45:00Z,GR,171.46,15
2026-04-04T17:45:00Z,HR,174.00,15
2026-04-04T17:45:00Z,HU,170.69,15
2026-04-04T17:45:00Z,IT-CNorth,176.65,15
2026-04-04T17:45:00Z,IT-CSouth,176.65,15
2026-04-04T17:45:00Z,IT-North,176.65,15
2026-04-04T17:45:00Z,IT-Sardinia,176.65,15
2026-04-04T17:45:00Z,IT-Sicily,176.65,15
2026-04-04T17:45:00Z,IT-South,176.65,15
2026-04-04T17:45:00Z,LT,26.35,15
2026-04-04T17:45:00Z,LV,26.35,15
2026-04-04T17:45:00Z,NL,150.00,15
2026-04-04T17:45:00Z,NO1,110.63,15
2026-04-04T17:45:00Z,NO2,110.57,15
2026-04-04T17:45:00Z,NO3,82.36,15
2026-04-04T17:45:00Z,NO4,26.24,15
2026-04-04T17:45:00Z,NO5,110.49,15
2026-04-04T17:45:00Z,PL,169.10,15
2026-04-04T17:45:00Z,PT,38.03,15
2026-04-04T17:45:00Z,RO,171.46,15
2026-04-04T17:45:00Z,RS,149.99,15
2026-04-04T17:45:00Z,SE1,26.32,15
2026-04-04T17:45:00Z,SE2,26.34,15
2026-04-04T17:45:00Z,SE3,26.34,15
2026-04-04T17:45:00Z,SE4,26.34,15
2026-04-04T17:45:00Z,SI,174.39,15
2026-04-04T17:45:00Z,SK,169.89,15
2026-04-04T18:00:00Z,AT,189.24,15
2026-04-04T18:00:00Z,BE,135.57,15
2026-04-04T18:00:00Z,CH,135.99,60
2026-04-04T18:00:00Z,CZ,182.65,15
2026-04-04T18:00:00Z,DE-LU,174.95,15
2026-04-04T18:00:00Z,DK1,146.26,15
2026-04-04T18:00:00Z,DK2,146.27,15
2026-04-04T18:00:00Z,EE,27.56,15
2026-04-04T18:00:00Z,ES,35.01,15
2026-04-04T18:00:00Z,FI,27.56,15
2026-04-04T18:00:00Z,FR,35.01,15
2026-04-04T18:00:00Z,GR,187.56,15
2026-04-04T18:00:00Z,HR,190.47,15
2026-04-04T18:00:00Z,HU,186.76,15
2026-04-04T18:00:00Z,IT-CNorth,176.65,15
2026-04-04T18:00:00Z,IT-CSouth,176.65,15
2026-04-04T18:00:00Z,IT-North,176.65,15
2026-04-04T18:00:00Z,IT-Sardinia,176.65,15
2026-04-04T18:00:00Z,IT-Sicily,176.65,15
2026-04-04T18:00:00Z,IT-South,176.65,15
2026-04-04T18:00:00Z,LT,27.56,15
2026-04-04T18:00:00Z,LV,27.56,15
2026-04-04T18:00:00Z,NL,155.95,15
2026-04-04T18:00:00Z,NO1,112.32,15
2026-04-04T18:00:00Z,NO2,111.77,15
2026-04-04T18:00:00Z,NO3,71.98,15
2026-04-04T18:00:00Z,NO4,27.50,15
2026-04-04T18:00:00Z,NO5,110.97,15
2026-04-04T18:00:00Z,PL,181.04,15
2026-04-04T18:00:00Z,PT,35.01,15
2026-04-04T18:00:00Z,RO,187.56,15
2026-04-04T18:00:00Z,RS,150.12,15
2026-04-04T18:00:00Z,SE1,27.55,15
2026-04-04T18:00:00Z,SE2,27.57,15
2026-04-04T18:00:00Z,SE3,27.56,15
2026-04-04T18:00:00Z,SE4,27.56,15
2026-04-04T18:00:00Z,SI,191.50,15
2026-04-04T18:00:00Z,SK,184.88,15
2026-04-04T18:15:00Z,AT,146.22,15
2026-04-04T18:15:00Z,BE,107.86,15
2026-04-04T18:15:00Z,CZ,141.51,15
2026-04-04T18:15:00Z,DE-LU,136.01,15
2026-04-04T18:15:00Z,DK1,122.43,15
2026-04-04T18:15:00Z,DK2,122.43,15
2026-04-04T18:15:00Z,EE,26.88,15
2026-04-04T18:15:00Z,ES,36.00,15
2026-04-04T18:15:00Z,FI,26.88,15
2026-04-04T18:15:00Z,FR,36.00,15
2026-04-04T18:15:00Z,GR,145.02,15
2026-04-04T18:15:00Z,HR,147.10,15
2026-04-04T18:15:00Z,HU,144.44,15
2026-04-04T18:15:00Z,IT-CNorth,176.74,15
2026-04-04T18:15:00Z,IT-CSouth,176.74,15
2026-04-04T18:15:00Z,IT-North,176.74,15
2026-04-04T18:15:00Z,IT-Sardinia,176.74,15
2026-04-04T18:15:00Z,IT-Sicily,176.74,15
2026-04-04T18:15:00Z,IT-South,176.74,15
2026-04-04T18:15:00Z,LT,26.88,15
2026-04-04T18:15:00Z,LV,26.88,15
2026-04-04T18:15:00Z,NL,122.43,15
2026-04-04T18:15:00Z,NO1,111.85,15
2026-04-04T18:15:00Z,NO2,111.41,15
2026-04-04T18:15:00Z,NO3,74.21,15
2026-04-04T18:15:00Z,NO4,26.81,15
2026-04-04T18:15:00Z,NO5,110.77,15
2026-04-04T18:15:00Z,PL,140.36,15
2026-04-04T18:15:00Z,PT,36.00,15
2026-04-04T18:15:00Z,RO,145.02,15
2026-04-04T18:15:00Z,RS,150.12,15
2026-04-04T18:15:00Z,SE1,26.87,15
2026-04-04T18:15:00Z,SE2,26.89,15
2026-04-04T18:15:00Z,SE3,26.88,15
2026-04-04T18:15:00Z,SE4,26.88,15
2026-04-04T18:15:00Z,SI,147.84,15
2026-04-04T18:15:00Z,SK,143.10,15
2026-04-04T18:30:00Z,AT,135.63,15
2026-04-04T18:30:00Z,BE,103.76,15
2026-04-04T18:30:00Z,CZ,131.71,15
2026-04-04T18:30:00Z,DE-LU,127.14,15
2026-04-04T18:30:00Z,DK1,115.86,15
2026-04-04T18:30:00Z,DK2,115.86,15
2026-04-04T18:30:00Z,EE,25.46,15
2026-04-04T18:30:00Z,ES,44.05,15
2026-04-04T18:30:00Z,FI,25.46,15
2026-04-04T18:30:00Z,FR,44.05,15
2026-04-04T18:30:00Z,GR,134.63,15
2026-04-04T18:30:00Z,HR,136.36,15
2026-04-04T18:30:00Z,HU,134.15,15
2026-04-04T18:30:00Z,IT-CNorth,178.30,15
2026-04-04T18:30:00Z,IT-CSouth,178.30,15
2026-04-04T18:30:00Z,IT-North,178.30,15
2026-04-04T18:30:00Z,IT-Sardinia,178.30,15
2026-04-04T18:30:00Z,IT-Sicily,178.30,15
2026-04-04T18:30:00Z,IT-South,178.30,15
2026-04-04T18:30:00Z,LT,25.46,15
2026-04-04T18:30:00Z,LV,25.46,15
2026-04-04T18:30:00Z,NL,115.86,15
2026-04-04T18:30:00Z,NO1,110.08,15
2026-04-04T18:30:00Z,NO2,109.99,15
2026-04-04T18:30:00Z,NO3,81.23,15
2026-04-04T18:30:00Z,NO4,25.36,15
2026-04-04T18:30:00Z,NO5,109.87,15
2026-04-04T18:30:00Z,PL,130.76,15
2026-04-04T18:30:00Z,PT,44.05,15
2026-04-04T18:30:00Z,RO,134.63,15
2026-04-04T18:30:00Z,RS,150.12,15
2026-04-04T18:30:00Z,SE1,25.44,15
2026-04-04T18:30:00Z,SE2,25.46,15
2026-04-04T18:30:00Z,SE3,25.46,15
2026-04-04T18:30:00Z,SE4,25.46,15
2026-04-04T18:30:00Z,SI,136.97,15
2026-04-04T18:30:00Z,SK,133.03,15
2026-04-04T18:45:00Z,AT,112.45,15
2026-04-04T18:45:00Z,BE,88.64,15
2026-04-04T18:45:00Z,CZ,106.78,15
2026-04-04T18:45:00Z,DE-LU,104.86,15
2026-04-04T18:45:00Z,DK1,97.04,15
2026-04-04T18:45:00Z,DK2,97.04,15
2026-04-04T18:45:00Z,EE,24.08,15
2026-04-04T18:45:00Z,ES,51.77,15
2026-04-04T18:45:00Z,FI,23.74,15
2026-04-04T18:45:00Z,FR,46.75,15
2026-04-04T18:45:00Z,GR,123.31,15
2026-04-04T18:45:00Z,HR,118.81,15
2026-04-04T18:45:00Z,HU,126.28,15
2026-04-04T18:45:00Z,IT-CNorth,173.47,15
2026-04-04T18:45:00Z,IT-CSouth,173.47,15
2026-04-04T18:45:00Z,IT-North,173.47,15
2026-04-04T18:45:00Z,IT-Sardinia,173.47,15
2026-04-04T18:45:00Z,IT-Sicily,173.47,15
2026-04-04T18:45:00Z,IT-South,173.47,15
2026-04-04T18:45:00Z,LT,24.08,15
2026-04-04T18:45:00Z,LV,24.08,15
2026-04-04T18:45:00Z,NL,97.04,15
2026-04-04T18:45:00Z,NO1,105.34,15
2026-04-04T18:45:00Z,NO2,104.33,15
2026-04-04T18:45:00Z,NO3,84.27,15
2026-04-04T18:45:00Z,NO4,17.74,15
2026-04-04T18:45:00Z,NO5,106.96,15
2026-04-04T18:45:00Z,PL,106.14,15
2026-04-04T18:45:00Z,PT,51.77,15
2026-04-04T18:45:00Z,RO,123.31,15
2026-04-04T18:45:00Z,RS,150.12,15
2026-04-04T18:45:00Z,SE1,22.00,15
2026-04-04T18:45:00Z,SE2,22.98,15
2026-04-04T18:45:00Z,SE3,25.24,15
2026-04-04T18:45:00Z,SE4,26.09,15
2026-04-04T18:45:00Z,SI,116.35,15
2026-04-04T18:45:00Z,SK,103.66,15
2026-04-04T19:00:00Z,AT,142.95,15
2026-04-04T19:00:00Z,BE,108.72,15
2026-04-04T19:00:00Z,CH,114.04,60
2026-04-04T19:00:00Z,CZ,139.12,15
2026-04-04T19:00:00Z,DE-LU,134.01,15
2026-04-04T19:00:00Z,DK1,121.89,15
2026-04-04T19:00:00Z,DK2,121.89,15
2026-04-04T19:00:00Z,EE,27.08,15
2026-04-04T19:00:00Z,ES,75.47,15
2026-04-04T19:00:00Z,FI,27.41,15
2026-04-04T19:00:00Z,FR,43.78,15
2026-04-04T19:00:00Z,GR,142.29,15
2026-04-04T19:00:00Z,HR,144.14,15
2026-04-04T19:00:00Z,HU,141.77,15
2026-04-04T19:00:00Z,IT-CNorth,170.85,15
2026-04-04T19:00:00Z,IT-CSouth,170.85,15
2026-04-04T19:00:00Z,IT-North,170.85,15
2026-04-04T19:00:00Z,IT-Sardinia,170.85,15
2026-04-04T19:00:00Z,IT-Sicily,173.47,15
2026-04-04T19:00:00Z,IT-South,170.85,15
2026-04-04T19:00:00Z,LT,27.08,15
2026-04-04T19:00:00Z,LV,27.08,15
2026-04-04T19:00:00Z,NL,121.89,15
2026-04-04T19:00:00Z,NO1,105.78,15
2026-04-04T19:00:00Z,NO2,105.83,15
2026-04-04T19:00:00Z,NO3,79.66,15
2026-04-04T19:00:00Z,NO4,27.81,15
2026-04-04T19:00:00Z,NO5,105.46,15
2026-04-04T19:00:00Z,PL,138.18,15
2026-04-04T19:00:00Z,PT,75.47,15
2026-04-04T19:00:00Z,RO,142.29,15
2026-04-04T19:00:00Z,RS,122.00,15
2026-04-04T19:00:00Z,SE1,27.43,15
2026-04-04T19:00:00Z,SE2,27.35,15
2026-04-04T19:00:00Z,SE3,27.10,15
2026-04-04T19:00:00Z,SE4,27.02,15
2026-04-04T19:00:00Z,SI,144.83,15
2026-04-04T19:00:00Z,SK,140.55,15
2026-04-04T19:15:00Z,AT,115.66,15
2026-04-04T19:15:00Z,BE,83.17,15
2026-04-04T19:15:00Z,CZ,110.53,15
2026-04-04T19:15:00Z,DE-LU,106.55,15
2026-04-04T19:15:00Z,DK1,95.35,15
2026-04-04T19:15:00Z,DK2,95.35,15
2026-04-04T19:15:00Z,EE,26.00,15
2026-04-04T19:15:00Z,ES,79.02,15
2026-04-04T19:15:00Z,FI,26.00,15
2026-04-04T19:15:00Z,FR,22.85,15
2026-04-04T19:15:00Z,GR,122.07,15
2026-04-04T19:15:00Z,HR,120.45,15
2026-04-04T19:15:00Z,HU,123.59,15
2026-04-04T19:15:00Z,IT-CNorth,154.16,15
2026-04-04T19:15:00Z,IT-CSouth,154.16,15
2026-04-04T19:15:00Z,IT-North,154.16,15
2026-04-04T19:15:00Z,IT-Sardinia,154.16,15
2026-04-04T19:15:00Z,IT-Sicily,154.16,15
2026-04-04T19:15:00Z,IT-South,154.16,15
2026-04-04T19:15:00Z,LT,26.00,15
2026-04-04T19:15:00Z,LV,26.00,15
2026-04-04T19:15:00Z,NL,95.35,15
2026-04-04T19:15:00Z,NO1,99.44,15
2026-04-04T19:15:00Z,NO2,99.39,15
2026-04-04T19:15:00Z,NO3,75.62,15
2026-04-04T19:15:00Z,NO4,25.92,15
2026-04-04T19:15:00Z,NO5,99.32,15
2026-04-04T19:15:00Z,PL,109.65,15
2026-04-04T19:15:00Z,PT,79.02,15
2026-04-04T19:15:00Z,RO,122.07,15
2026-04-04T19:15:00Z,RS,122.00,15
2026-04-04T19:15:00Z,SE1,25.98,15
2026-04-04T19:15:00Z,SE2,26.00,15
2026-04-04T19:15:00Z,SE3,25.99,15
2026-04-04T19:15:00Z,SE4,26.00,15
2026-04-04T19:15:00Z,SI,119.33,15
2026-04-04T19:15:00Z,SK,109.48,15
2026-04-04T19:30:00Z,AT,104.80,15
2026-04-04T19:30:00Z,BE,80.00,15
2026-04-04T19:30:00Z,CZ,96.62,15
2026-04-04T19:30:00Z,DE-LU,96.06,15
2026-04-04T19:30:00Z,DK1,88.39,15
2026-04-04T19:30:00Z,DK2,88.38,15
2026-04-04T19:30:00Z,EE,25.40,15
2026-04-04T19:30:00Z,ES,77.52,15
2026-04-04T19:30:00Z,FI,25.40,15
2026-04-04T19:30:00Z,FR,37.72,15
2026-04-04T19:30:00Z,GR,129.66,15
2026-04-04T19:30:00Z,HR,118.84,15
2026-04-04T19:30:00Z,HU,136.52,15
2026-04-04T19:30:00Z,IT-CNorth,149.80,15
2026-04-04T19:30:00Z,IT-CSouth,149.80,15
2026-04-04T19:30:00Z,IT-North,149.80,15
2026-04-04T19:30:00Z,IT-Sardinia,149.80,15
2026-04-04T19:30:00Z,IT-Sicily,149.80,15
2026-04-04T19:30:00Z,IT-South,149.80,15
2026-04-04T19:30:00Z,LT,25.40,15
2026-04-04T19:30:00Z,LV,25.40,15
2026-04-04T19:30:00Z,NL,88.39,15
2026-04-04T19:30:00Z,NO1,94.20,15
2026-04-04T19:30:00Z,NO2,93.90,15
2026-04-04T19:30:00Z,NO3,73.57,15
2026-04-04T19:30:00Z,NO4,23.73,15
2026-04-04T19:30:00Z,NO5,94.56,15
2026-04-04T19:30:00Z,PL,95.99,15
2026-04-04T19:30:00Z,PT,77.52,15
2026-04-04T19:30:00Z,RO,129.66,15
2026-04-04T19:30:00Z,RS,122.00,15
2026-04-04T19:30:00Z,SE1,24.91,15
2026-04-04T19:30:00Z,SE2,25.19,15
2026-04-04T19:30:00Z,SE3,25.80,15
2026-04-04T19:30:00Z,SE4,26.04,15
2026-04-04T19:30:00Z,SI,112.95,15
2026-04-04T19:30:00Z,SK,89.00,15
2026-04-04T19:45:00Z,AT,89.94,15
2026-04-04T19:45:00Z,BE,57.81,15
2026-04-04T19:45:00Z,CZ,79.61,15
2026-04-04T19:45:00Z,DE-LU,78.73,15
2026-04-04T19:45:00Z,DK1,78.73,15
2026-04-04T19:45:00Z,DK2,78.73,15
2026-04-04T19:45:00Z,EE,23.71,15
2026-04-04T19:45:00Z,ES,76.02,15
2026-04-04T19:45:00Z,FI,23.70,15
2026-04-04T19:45:00Z,FR,2.81,15
2026-04-04T19:45:00Z,GR,120.92,15
2026-04-04T19:45:00Z,HR,107.49,15
2026-04-04T19:45:00Z,HU,129.45,15
2026-04-04T19:45:00Z,IT-CNorth,155.13,15
2026-04-04T19:45:00Z,IT-CSouth,155.13,15
2026-04-04T19:45:00Z,IT-North,155.13,15
2026-04-04T19:45:00Z,IT-Sardinia,155.13,15
2026-04-04T19:45:00Z,IT-Sicily,155.13,15
2026-04-04T19:45:00Z,IT-South,155.13,15
2026-04-04T19:45:00Z,LT,23.71,15
2026-04-04T19:45:00Z,LV,23.71,15
2026-04-04T19:45:00Z,NL,68.73,15
2026-04-04T19:45:00Z,NO1,88.66,15
2026-04-04T19:45:00Z,NO2,86.81,15
2026-04-04T19:45:00Z,NO3,79.30,15
2026-04-04T19:45:00Z,NO4,12.50,15
2026-04-04T19:45:00Z,NO5,91.87,15
2026-04-04T19:45:00Z,PL,85.10,15
2026-04-04T19:45:00Z,PT,76.02,15
2026-04-04T19:45:00Z,RO,120.92,15
2026-04-04T19:45:00Z,RS,122.00,15
2026-04-04T19:45:00Z,SE1,20.43,15
2026-04-04T19:45:00Z,SE2,22.25,15
2026-04-04T19:45:00Z,SE3,26.54,15
2026-04-04T19:45:00Z,SE4,28.16,15
2026-04-04T19:45:00Z,SI,100.17,15
2026-04-04T19:45:00Z,SK,70.16,15
2026-04-04T20:00:00Z,AT,117.39,15
2026-04-04T20:00:00Z,BE,90.33,15
2026-04-04T20:00:00Z,CH,105.69,60
2026-04-04T20:00:00Z,CZ,113.69,15
2026-04-04T20:00:00Z,DE-LU,109.81,15
2026-04-04T20:00:00Z,DK1,100.48,15
2026-04-04T20:00:00Z,DK2,100.48,15
2026-04-04T20:00:00Z,EE,30.00,15
2026-04-04T20:00:00Z,ES,74.52,15
2026-04-04T20:00:00Z,FI,30.00,15
2026-04-04T20:00:00Z,FR,40.09,15
2026-04-04T20:00:00Z,GR,120.01,15
2026-04-04T20:00:00Z,HR,119.92,15
2026-04-04T20:00:00Z,HU,120.56,15
2026-04-04T20:00:00Z,IT-CNorth,170.85,15
2026-04-04T20:00:00Z,IT-CSouth,170.85,15
2026-04-04T20:00:00Z,IT-North,170.85,15
2026-04-04T20:00:00Z,IT-Sardinia,170.85,15
2026-04-04T20:00:00Z,IT-Sicily,170.85,15
2026-04-04T20:00:00Z,IT-South,170.85,15
2026-04-04T20:00:00Z,LT,30.00,15
2026-04-04T20:00:00Z,LV,30.00,15
2026-04-04T20:00:00Z,NL,100.48,15
2026-04-04T20:00:00Z,NO1,92.93,15
2026-04-04T20:00:00Z,NO2,92.89,15
2026-04-04T20:00:00Z,NO3,72.80,15
2026-04-04T20:00:00Z,NO4,29.92,15
2026-04-04T20:00:00Z,NO5,92.83,15
2026-04-04T20:00:00Z,PL,112.99,15
2026-04-04T20:00:00Z,PT,74.52,15
2026-04-04T20:00:00Z,RO,120.01,15
2026-04-04T20:00:00Z,RS,103.27,15
2026-04-04T20:00:00Z,SE1,29.98,15
2026-04-04T20:00:00Z,SE2,30.00,15
2026-04-04T20:00:00Z,SE3,29.99,15
2026-04-04T20:00:00Z,SE4,30.00,15
2026-04-04T20:00:00Z,SI,119.71,15
2026-04-04T20:00:00Z,SK,113.71,15
2026-04-04T20:15:00Z,AT,90.30,15
2026-04-04T20:15:00Z,BE,61.07,15
2026-04-04T20:15:00Z,CZ,81.19,15
2026-04-04T20:15:00Z,DE-LU,79.97,15
2026-04-04T20:15:00Z,DK1,77.75,15
2026-04-04T20:15:00Z,DK2,77.75,15
2026-04-04T20:15:00Z,EE,28.20,15
2026-04-04T20:15:00Z,ES,60.02,15
2026-04-04T20:15:00Z,FI,28.20,15
2026-04-04T20:15:00Z,FR,11.26,15
2026-04-04T20:15:00Z,GR,117.08,15
2026-04-04T20:15:00Z,HR,104.09,15
2026-04-04T20:15:00Z,HU,125.08,15
2026-04-04T20:15:00Z,IT-CNorth,149.80,15
2026-04-04T20:15:00Z,IT-CSouth,149.80,15
2026-04-04T20:15:00Z,IT-North,149.80,15
2026-04-04T20:15:00Z,IT-Sardinia,149.80,15
2026-04-04T20:15:00Z,IT-Sicily,149.80,15
2026-04-04T20:15:00Z,IT-South,149.80,15
2026-04-04T20:15:00Z,LT,28.20,15
2026-04-04T20:15:00Z,LV,28.20,15
2026-04-04T20:15:00Z,NL,70.96,15
2026-04-04T20:15:00Z,NO1,87.98,15
2026-04-04T20:15:00Z,NO2,87.37,15
2026-04-04T20:15:00Z,NO3,72.56,15
2026-04-04T20:15:00Z,NO4,24.63,15
2026-04-04T20:15:00Z,NO5,88.92,15
2026-04-04T20:15:00Z,PL,97.68,15
2026-04-04T20:15:00Z,PT,60.02,15
2026-04-04T20:15:00Z,RO,117.08,15
2026-04-04T20:15:00Z,RS,103.27,15
2026-04-04T20:15:00Z,SE1,27.15,15
2026-04-04T20:15:00Z,SE2,27.74,15
2026-04-04T20:15:00Z,SE3,29.09,15
2026-04-04T20:15:00Z,SE4,29.60,15
2026-04-04T20:15:00Z,SI,99.22,15
2026-04-04T20:15:00Z,SK,72.97,15
2026-04-04T20:30:00Z,AT,70.19,15
2026-04-04T20:30:00Z,BE,62.45,15
2026-04-04T20:30:00Z,CZ,60.80,15
2026-04-04T20:30:00Z,DE-LU,64.54,15
2026-04-04T20:30:00Z,DK1,64.54,15
2026-04-04T20:30:00Z,DK2,64.53,15
2026-04-04T20:30:00Z,EE,29.92,15
2026-04-04T20:30:00Z,ES,55.38,15
2026-04-04T20:30:00Z,FI,29.90,15
2026-04-04T20:30:00Z,FR,55.38,15
2026-04-04T20:30:00Z,GR,110.00,15
2026-04-04T20:30:00Z,HR,88.95,15
2026-04-04T20:30:00Z,HU,122.24,15
2026-04-04T20:30:00Z,IT-CNorth,149.80,15
2026-04-04T20:30:00Z,IT-CSouth,149.80,15
2026-04-04T20:30:00Z,IT-North,149.80,15
2026-04-04T20:30:00Z,IT-Sardinia,149.80,15
2026-04-04T20:30:00Z,IT-Sicily,149.80,15
2026-04-04T20:30:00Z,IT-South,149.80,15
2026-04-04T20:30:00Z,LT,29.92,15
2026-04-04T20:30:00Z,LV,29.92,15
2026-04-04T20:30:00Z,NL,63.60,15
2026-04-04T20:30:00Z,NO1,74.41,15
2026-04-04T20:30:00Z,NO2,70.41,15
2026-04-04T20:30:00Z,NO3,86.09,15
2026-04-04T20:30:00Z,NO4,5.36,15
2026-04-04T20:30:00Z,NO5,81.61,15
2026-04-04T20:30:00Z,PL,89.26,15
2026-04-04T20:30:00Z,PT,55.38,15
2026-04-04T20:30:00Z,RO,110.00,15
2026-04-04T20:30:00Z,RS,103.27,15
2026-04-04T20:30:00Z,SE1,22.62,15
2026-04-04T20:30:00Z,SE2,26.66,15
2026-04-04T20:30:00Z,SE3,36.12,15
2026-04-04T20:30:00Z,SE4,39.63,15
2026-04-04T20:30:00Z,SI,81.31,15
2026-04-04T20:30:00Z,SK,47.37,15
2026-04-04T20:45:00Z,AT,55.27,15
2026-04-04T20:45:00Z,BE,51.95,15
2026-04-04T20:45:00Z,CZ,51.40,15
2026-04-04T20:45:00Z,DE-LU,52.91,15
2026-04-04T20:45:00Z,DK1,52.91,15
2026-04-04T20:45:00Z,DK2,52.90,15
2026-04-04T20:45:00Z,EE,25.45,15
2026-04-04T20:45:00Z,ES,51.05,15
2026-04-04T20:45:00Z,FI,25.43,15
2026-04-04T20:45:00Z,FR,48.76,15
2026-04-04T20:45:00Z,GR,71.59,15
2026-04-04T20:45:00Z,HR,62.96,15
2026-04-04T20:45:00Z,HU,76.60,15
2026-04-04T20:45:00Z,IT-CNorth,132.18,15
2026-04-04T20:45:00Z,IT-CSouth,132.18,15
2026-04-04T20:45:00Z,IT-North,132.18,15
2026-04-04T20:45:00Z,IT-Sardinia,132.18,15
2026-04-04T20:45:00Z,IT-Sicily,132.18,15
2026-04-04T20:45:00Z,IT-South,132.18,15
2026-04-04T20:45:00Z,LT,25.45,15
2026-04-04T20:45:00Z,LV,25.45,15
2026-04-04T20:45:00Z,NL,52.47,15
2026-04-04T20:45:00Z,NO1,58.91,15
2026-04-04T20:45:00Z,NO2,55.66,15
2026-04-04T20:45:00Z,NO3,67.86,15
2026-04-04T20:45:00Z,NO4,7.09,15
2026-04-04T20:45:00Z,NO5,65.19,15
2026-04-04T20:45:00Z,PL,89.25,15
2026-04-04T20:45:00Z,PT,51.05,15
2026-04-04T20:45:00Z,RO,71.59,15
2026-04-04T20:45:00Z,RS,103.27,15
2026-04-04T20:45:00Z,SE1,19.99,15
2026-04-04T20:45:00Z,SE2,23.01,15
2026-04-04T20:45:00Z,SE3,30.08,15
2026-04-04T20:45:00Z,SE4,32.70,15
2026-04-04T20:45:00Z,SI,59.83,15
2026-04-04T20:45:00Z,SK,45.90,15
2026-04-04T21:00:00Z,AT,125.81,15
2026-04-04T21:00:00Z,BE,63.54,15
2026-04-04T21:00:00Z,CH,100.58,60
2026-04-04T21:00:00Z,CZ,112.36,15
2026-04-04T21:00:00Z,DE-LU,67.09,15
2026-04-04T21:00:00Z,DK1,67.09,15
2026-04-04T21:00:00Z,DK2,67.08,15
2026-04-04T21:00:00Z,EE,30.15,15
2026-04-04T21:00:00Z,ES,51.50,15
2026-04-04T21:00:00Z,FI,30.14,15
2026-04-04T21:00:00Z,FR,50.12,15
2026-04-04T21:00:00Z,GR,112.36,15
2026-04-04T21:00:00Z,HR,112.99,15
2026-04-04T21:00:00Z,HU,112.77,15
2026-04-04T21:00:00Z,IT-CNorth,149.80,15
2026-04-04T21:00:00Z,IT-CSouth,149.80,15
2026-04-04T21:00:00Z,IT-North,149.80,15
2026-04-04T21:00:00Z,IT-Sardinia,149.80,15
2026-04-04T21:00:00Z,IT-Sicily,149.80,15
2026-04-04T21:00:00Z,IT-South,149.80,15
2026-04-04T21:00:00Z,LT,30.15,15
2026-04-04T21:00:00Z,LV,30.15,15
2026-04-04T21:00:00Z,NL,64.97,15
2026-04-04T21:00:00Z,NO1,75.46,15
2026-04-04T21:00:00Z,NO2,69.22,15
2026-04-04T21:00:00Z,NO3,82.64,15
2026-04-04T21:00:00Z,NO4,10.99,15
2026-04-04T21:00:00Z,NO5,81.29,15
2026-04-04T21:00:00Z,PL,96.25,15
2026-04-04T21:00:00Z,PT,51.50,15
2026-04-04T21:00:00Z,RO,112.36,15
2026-04-04T21:00:00Z,RS,74.03,15
2026-04-04T21:00:00Z,SE1,24.28,15
2026-04-04T21:00:00Z,SE2,27.62,15
2026-04-04T21:00:00Z,SE3,34.99,15
2026-04-04T21:00:00Z,SE4,37.73,15
2026-04-04T21:00:00Z,SI,113.96,15
2026-04-04T21:00:00Z,SK,109.48,15
2026-04-04T21:15:00Z,AT,110.95,15
2026-04-04T21:15:00Z,BE,40.99,15
2026-04-04T21:15:00Z,CZ,92.00,15
2026-04-04T21:15:00Z,DE-LU,44.79,15
2026-04-04T21:15:00Z,DK1,44.79,15
2026-04-04T21:15:00Z,DK2,44.79,15
2026-04-04T21:15:00Z,EE,28.99,15
2026-04-04T21:15:00Z,ES,47.42,15
2026-04-04T21:15:00Z,FI,28.97,15
2026-04-04T21:15:00Z,FR,27.30,15
2026-04-04T21:15:00Z,GR,94.56,15
2026-04-04T21:15:00Z,HR,95.46,15
2026-04-04T21:15:00Z,HU,94.95,15
2026-04-04T21:15:00Z,IT-CNorth,149.80,15
2026-04-04T21:15:00Z,IT-CSouth,149.80,15
2026-04-04T21:15:00Z,IT-North,149.80,15
2026-04-04T21:15:00Z,IT-Sardinia,149.80,15
2026-04-04T21:15:00Z,IT-Sicily,149.80,15
2026-04-04T21:15:00Z,IT-South,149.80,15
2026-04-04T21:15:00Z,LT,28.99,15
2026-04-04T21:15:00Z,LV,28.99,15
2026-04-04T21:15:00Z,NL,42.40,15
2026-04-04T21:15:00Z,NO1,64.11,15
2026-04-04T21:15:00Z,NO2,57.55,15
2026-04-04T21:15:00Z,NO3,76.36,15
2026-04-04T21:15:00Z,NO4,10.93,15
2026-04-04T21:15:00Z,NO5,80.89,15
2026-04-04T21:15:00Z,PL,94.38,15
2026-04-04T21:15:00Z,PT,47.42,15
2026-04-04T21:15:00Z,RO,94.56,15
2026-04-04T21:15:00Z,RS,74.03,15
2026-04-04T21:15:00Z,SE1,23.46,15
2026-04-04T21:15:00Z,SE2,26.60,15
2026-04-04T21:15:00Z,SE3,33.54,15
2026-04-04T21:15:00Z,SE4,36.12,15
2026-04-04T21:15:00Z,SI,96.66,15
2026-04-04T21:15:00Z,SK,91.00,15
2026-04-04T21:30:00Z,AT,51.20,15
2026-04-04T21:30:00Z,BE,36.19,15
2026-04-04T21:30:00Z,CZ,65.95,15
2026-04-04T21:30:00Z,DE-LU,33.40,15
2026-04-04T21:30:00Z,DK1,33.40,15
2026-04-04T21:30:00Z,DK2,33.40,15
2026-04-04T21:30:00Z,EE,27.30,15
2026-04-04T21:30:00Z,ES,37.89,15
2026-04-04T21:30:00Z,FI,27.29,15
2026-04-04T21:30:00Z,FR,37.89,15
2026-04-04T21:30:00Z,GR,59.64,15
2026-04-04T21:30:00Z,HR,55.11,15
2026-04-04T21:30:00Z,HU,62.26,15
2026-04-04T21:30:00Z,IT-CNorth,136.80,15
2026-04-04T21:30:00Z,IT-CSouth,136.80,15
2026-04-04T21:30:00Z,IT-North,136.80,15
2026-04-04T21:30:00Z,IT-Sardinia,136.80,15
2026-04-04T21:30:00Z,IT-Sicily,136.80,15
2026-04-04T21:30:00Z,IT-South,136.80,15
2026-04-04T21:30:00Z,LT,27.30,15
2026-04-04T21:30:00Z,LV,27.30,15
2026-04-04T21:30:00Z,NL,35.10,15
2026-04-04T21:30:00Z,NO1,62.17,15
2026-04-04T21:30:00Z,NO2,51.64,15
2026-04-04T21:30:00Z,NO3,67.44,15
2026-04-04T21:30:00Z,NO4,17.74,15
2026-04-04T21:30:00Z,NO5,81.12,15
2026-04-04T21:30:00Z,PL,89.25,15
2026-04-04T21:30:00Z,PT,37.89,15
2026-04-04T21:30:00Z,RO,59.64,15
2026-04-04T21:30:00Z,RS,74.03,15
2026-04-04T21:30:00Z,SE1,24.38,15
2026-04-04T21:30:00Z,SE2,26.04,15
2026-04-04T21:30:00Z,SE3,29.71,15
2026-04-04T21:30:00Z,SE4,31.07,15
2026-04-04T21:30:00Z,SI,53.60,15
2026-04-04T21:30:00Z,SK,50.93,15
2026-04-04T21:45:00Z,AT,22.05,15
2026-04-04T21:45:00Z,BE,22.05,15
2026-04-04T21:45:00Z,CZ,22.05,15
2026-04-04T21:45:00Z,DE-LU,22.05,15
2026-04-04T21:45:00Z,DK1,22.05,15
2026-04-04T21:45:00Z,DK2,22.05,15
2026-04-04T21:45:00Z,EE,20.29,15
2026-04-04T21:45:00Z,ES,35.21,15
2026-04-04T21:45:00Z,FI,20.28,15
2026-04-04T21:45:00Z,FR,22.05,15
2026-04-04T21:45:00Z,GR,22.05,15
2026-04-04T21:45:00Z,HR,22.05,15
2026-04-04T21:45:00Z,HU,22.05,15
2026-04-04T21:45:00Z,IT-CNorth,127.87,15
2026-04-04T21:45:00Z,IT-CSouth,127.87,15
2026-04-04T21:45:00Z,IT-North,127.87,15
2026-04-04T21:45:00Z,IT-Sardinia,127.87,15
2026-04-04T21:45:00Z,IT-Sicily,127.87,15
2026-04-04T21:45:00Z,IT-South,127.87,15
2026-04-04T21:45:00Z,LT,20.29,15
2026-04-04T21:45:00Z,LV,20.29,15
2026-04-04T21:45:00Z,NL,22.05,15
2026-04-04T21:45:00Z,NO1,60.18,15
2026-04-04T21:45:00Z,NO2,44.59,15
2026-04-04T21:45:00Z,NO3,58.25,15
2026-04-04T21:45:00Z,NO4,18.03,15
2026-04-04T21:45:00Z,NO5,81.65,15
2026-04-04T21:45:00Z,PL,85.06,15
2026-04-04T21:45:00Z,PT,35.21,15
2026-04-04T21:45:00Z,RO,22.05,15
2026-04-04T21:45:00Z,RS,74.03,15
2026-04-04T21:45:00Z,SE1,19.60,15
2026-04-04T21:45:00Z,SE2,20.00,15
2026-04-04T21:45:00Z,SE3,20.84,15
2026-04-04T21:45:00Z,SE4,21.15,15
2026-04-04T21:45:00Z,SI,22.05,15
2026-04-04T21:45:00Z,SK,22.05,15
2026-04-04T22:00:00Z,AT,136.04,15
2026-04-04T22:00:00Z,BE,2.72,15
2026-04-04T22:00:00Z,CH,78.00,60
2026-04-04T22:00:00Z,CZ,70.26,15
2026-04-04T22:00:00Z,DE-LU,2.29,15
2026-04-04T22:00:00Z,DK1,2.29,15
2026-04-04T22:00:00Z,DK2,9.99,15
2026-04-04T22:00:00Z,EE,12.00,15
2026-04-04T22:00:00Z,ES,51.05,15
2026-04-04T22:00:00Z,FI,15.40,15
2026-04-04T22:00:00Z,FR,2.29,15
2026-04-04T22:00:00Z,GR,107.70,15
2026-04-04T22:00:00Z,HR,105.68,15
2026-04-04T22:00:00Z,HU,108.48,15
2026-04-04T22:00:00Z,IT-CNorth,151.67,15
2026-04-04T22:00:00Z,IT-CSouth,151.67,15
2026-04-04T22:00:00Z,IT-North,151.67,15
2026-04-04T22:00:00Z,IT-Sardinia,151.67,15
2026-04-04T22:00:00Z,IT-Sicily,151.67,15
2026-04-04T22:00:00Z,IT-South,151.67,15
2026-04-04T22:00:00Z,LT,12.00,15
2026-04-04T22:00:00Z,LV,12.00,15
2026-04-04T22:00:00Z,NL,0.62,15
2026-04-04T22:00:00Z,NO1,64.96,15
2026-04-04T22:00:00Z,NO2,38.36,15
2026-04-04T22:00:00Z,NO3,49.02,15
2026-04-04T22:00:00Z,NO4,24.02,15
2026-04-04T22:00:00Z,NO5,94.93,15
2026-04-04T22:00:00Z,PL,97.75,15
2026-04-04T22:00:00Z,PT,51.05,15
2026-04-04T22:00:00Z,RO,107.70,15
2026-04-04T22:00:00Z,RS,62.00,15
2026-04-04T22:00:00Z,SE1,15.83,15
2026-04-04T22:00:00Z,SE2,13.99,15
2026-04-04T22:00:00Z,SE3,9.48,15
2026-04-04T22:00:00Z,SE4,7.76,15
2026-04-04T22:00:00Z,SI,107.45,15
2026-04-04T22:00:00Z,SK,102.65,15
2026-04-04T22:15:00Z,AT,110.49,15
2026-04-04T22:15:00Z,BE,3.53,15
2026-04-04T22:15:00Z,CZ,59.68,15
2026-04-04T22:15:00Z,DE-LU,1.95,15
2026-04-04T22:15:00Z,DK1,1.95,15
2026-04-04T22:15:00Z,DK2,3.38,15
2026-04-04T22:15:00Z,EE,11.77,15
2026-04-04T22:15:00Z,ES,50.00,15
2026-04-04T22:15:00Z,FI,11.77,15
2026-04-04T22:15:00Z,FR,5.79,15
2026-04-04T22:15:00Z,GR,90.00,15
2026-04-04T22:15:00Z,HR,87.45,15
2026-04-04T22:15:00Z,HU,90.70,15
2026-04-04T22:15:00Z,IT-CNorth,149.71,15
2026-04-04T22:15:00Z,IT-CSouth,149.71,15
2026-04-04T22:15:00Z,IT-North,149.71,15
2026-04-04T22:15:00Z,IT-Sardinia,149.71,15
2026-04-04T22:15:00Z,IT-Sicily,149.71,15
2026-04-04T22:15:00Z,IT-South,149.71,15
2026-04-04T22:15:00Z,LT,4.99,15
2026-04-04T22:15:00Z,LV,4.99,15
2026-04-04T22:15:00Z,NL,1.22,15
2026-04-04T22:15:00Z,NO1,65.79,15
2026-04-04T22:15:00Z,NO2,37.78,15
2026-04-04T22:15:00Z,NO3,48.01,15
2026-04-04T22:15:00Z,NO4,20.77,15
2026-04-04T22:15:00Z,NO5,95.42,15
2026-04-04T22:15:00Z,PL,89.10,15
2026-04-04T22:15:00Z,PT,50.00,15
2026-04-04T22:15:00Z,RO,90.00,15
2026-04-04T22:15:00Z,RS,62.00,15
2026-04-04T22:15:00Z,SE1,12.22,15
2026-04-04T22:15:00Z,SE2,10.31,15
2026-04-04T22:15:00Z,SE3,5.59,15
2026-04-04T22:15:00Z,SE4,3.80,15
2026-04-04T22:15:00Z,SI,88.59,15
2026-04-04T22:15:00Z,SK,87.89,15
2026-04-04T22:30:00Z,AT,75.30,15
2026-04-04T22:30:00Z,BE,0.65,15
2026-04-04T22:30:00Z,CZ,39.18,15
2026-04-04T22:30:00Z,DE-LU,0.00,15
2026-04-04T22:30:00Z,DK1,0.00,15
2026-04-04T22:30:00Z,DK2,2.13,15
2026-04-04T22:30:00Z,EE,10.31,15
2026-04-04T22:30:00Z,ES,41.79,15
2026-04-04T22:30:00Z,FI,10.32,15
2026-04-04T22:30:00Z,FR,1.26,15
2026-04-04T22:30:00Z,GR,60.05,15
2026-04-04T22:30:00Z,HR,58.69,15
2026-04-04T22:30:00Z,HU,60.46,15
2026-04-04T22:30:00Z,IT-CNorth,145.00,15
2026-04-04T22:30:00Z,IT-CSouth,145.00,15
2026-04-04T22:30:00Z,IT-North,145.00,15
2026-04-04T22:30:00Z,IT-Sardinia,145.00,15
2026-04-04T22:30:00Z,IT-Sicily,145.00,15
2026-04-04T22:30:00Z,IT-South,145.00,15
2026-04-04T22:30:00Z,LT,3.15,15
2026-04-04T22:30:00Z,LV,3.15,15
2026-04-04T22:30:00Z,NL,-0.74,15
2026-04-04T22:30:00Z,NO1,65.86,15
2026-04-04T22:30:00Z,NO2,36.93,15
2026-04-04T22:30:00Z,NO3,47.25,15
2026-04-04T22:30:00Z,NO4,19.82,15
2026-04-04T22:30:00Z,NO5,96.26,15
2026-04-04T22:30:00Z,PL,86.07,15
2026-04-04T22:30:00Z,PT,41.79,15
2026-04-04T22:30:00Z,RO,60.05,15
2026-04-04T22:30:00Z,RS,62.00,15
2026-04-04T22:30:00Z,SE1,10.79,15
2026-04-04T22:30:00Z,SE2,8.77,15
2026-04-04T22:30:00Z,SE3,3.79,15
2026-04-04T22:30:00Z,SE4,1.91,15
2026-04-04T22:30:00Z,SI,59.61,15
2026-04-04T22:30:00Z,SK,58.13,15
2026-04-04T22:45:00Z,AT,6.28,15
2026-04-04T22:45:00Z,BE,0.04,15
2026-04-04T22:45:00Z,CZ,3.25,15
2026-04-04T22:45:00Z,DE-LU,-0.01,15
2026-04-04T22:45:00Z,DK1,0.01,15
2026-04-04T22:45:00Z,DK2,2.14,15
2026-04-04T22:45:00Z,EE,9.72,15
2026-04-04T22:45:00Z,ES,37.00,15
2026-04-04T22:45:00Z,FI,9.72,15
2026-04-04T22:45:00Z,FR,0.08,15
2026-04-04T22:45:00Z,GR,4.99,15
2026-04-04T22:45:00Z,HR,4.88,15
2026-04-04T22:45:00Z,HU,5.02,15
2026-04-04T22:45:00Z,IT-CNorth,130.00,15
2026-04-04T22:45:00Z,IT-CSouth,130.00,15
2026-04-04T22:45:00Z,IT-North,130.00,15
2026-04-04T22:45:00Z,IT-Sardinia,130.00,15
2026-04-04T22:45:00Z,IT-Sicily,130.00,15
2026-04-04T22:45:00Z,IT-South,130.00,15
2026-04-04T22:45:00Z,LT,2.93,15
2026-04-04T22:45:00Z,LV,2.93,15
2026-04-04T22:45:00Z,NL,-0.07,15
2026-04-04T22:45:00Z,NO1,65.74,15
2026-04-04T22:45:00Z,NO2,36.94,15
2026-04-04T22:45:00Z,NO3,47.66,15
2026-04-04T22:45:00Z,NO4,18.73,15
2026-04-04T22:45:00Z,NO5,96.33,15
2026-04-04T22:45:00Z,PL,89.34,15
2026-04-04T22:45:00Z,PT,37.00,15
2026-04-04T22:45:00Z,RO,4.99,15
2026-04-04T22:45:00Z,RS,62.00,15
2026-04-04T22:45:00Z,SE1,10.17,15
2026-04-04T22:45:00Z,SE2,8.26,15
2026-04-04T22:45:00Z,SE3,3.54,15
2026-04-04T22:45:00Z,SE4,1.75,15
2026-04-04T22:45:00Z,SI,4.96,15
2026-04-04T22:45:00Z,SK,4.82,15
2026-04-04T23:00:00Z,AT,93.70,15
2026-04-04T23:00:00Z,BE,2.38,15
2026-04-04T23:00:00Z,CH,52.00,60
2026-04-04T23:00:00Z,CZ,44.61,15
2026-04-04T23:00:00Z,DE-LU,0.10,15
2026-04-04T23:00:00Z,DK1,1.00,15
2026-04-04T23:00:00Z,DK2,2.77,15
2026-04-04T23:00:00Z,EE,11.35,15
2026-04-04T23:00:00Z,ES,35.02,15
2026-04-04T23:00:00Z,FI,11.36,15
2026-04-04T23:00:00Z,FR,6.85,15
2026-04-04T23:00:00Z,GR,87.32,15
2026-04-04T23:00:00Z,HR,77.75,15
2026-04-04T23:00:00Z,HU,93.70,15
2026-04-04T23:00:00Z,IT-CNorth,135.01,15
2026-04-04T23:00:00Z,IT-CSouth,135.01,15
2026-04-04T23:00:00Z,IT-North,135.01,15
2026-04-04T23:00:00Z,IT-Sardinia,135.01,15
2026-04-04T23:00:00Z,IT-Sicily,135.01,15
2026-04-04T23:00:00Z,IT-South,135.01,15
2026-04-04T23:00:00Z,LT,4.41,15
2026-04-04T23:00:00Z,LV,4.41,15
2026-04-04T23:00:00Z,NL,0.10,15
2026-04-04T23:00:00Z,NO1,64.87,15
2026-04-04T23:00:00Z,NO2,36.72,15
2026-04-04T23:00:00Z,NO3,47.01,15
2026-04-04T23:00:00Z,NO4,20.56,15
2026-04-04T23:00:00Z,NO5,95.25,15
2026-04-04T23:00:00Z,PL,90.32,15
2026-04-04T23:00:00Z,PT,35.02,15
2026-04-04T23:00:00Z,RO,87.32,15
2026-04-04T23:00:00Z,RS,46.60,15
2026-04-04T23:00:00Z,SE1,11.83,15
2026-04-04T23:00:00Z,SE2,9.88,15
2026-04-04T23:00:00Z,SE3,5.04,15
2026-04-04T23:00:00Z,SE4,3.20,15
2026-04-04T23:00:00Z,SI,75.92,15
2026-04-04T23:00:00Z,SK,48.60,15
2026-04-04T23:15:00Z,AT,89.99,15
2026-04-04T23:15:00Z,BE,2.57,15
2026-04-04T23:15:00Z,CZ,54.12,15
2026-04-04T23:15:00Z,DE-LU,0.00,15
2026-04-04T23:15:00Z,DK1,0.94,15
2026-04-04T23:15:00Z,DK2,2.68,15
2026-04-04T23:15:00Z,EE,11.23,15
2026-04-04T23:15:00Z,ES,35.02,15
2026-04-04T23:15:00Z,FI,11.23,15
2026-04-04T23:15:00Z,FR,6.76,15
2026-04-04T23:15:00Z,GR,79.92,15
2026-04-04T23:15:00Z,HR,73.65,15
2026-04-04T23:15:00Z,HU,84.29,15
2026-04-04T23:15:00Z,IT-CNorth,141.85,15
2026-04-04T23:15:00Z,IT-CSouth,141.85,15
2026-04-04T23:15:00Z,IT-North,141.85,15
2026-04-04T23:15:00Z,IT-Sardinia,141.85,15
2026-04-04T23:15:00Z,IT-Sicily,141.85,15
2026-04-04T23:15:00Z,IT-South,141.85,15
2026-04-04T23:15:00Z,LT,4.31,15
2026-04-04T23:15:00Z,LV,4.31,15
2026-04-04T23:15:00Z,NL,0.00,15
2026-04-04T23:15:00Z,NO1,64.50,15
2026-04-04T23:15:00Z,NO2,36.47,15
2026-04-04T23:15:00Z,NO3,46.72,15
2026-04-04T23:15:00Z,NO4,20.39,15
2026-04-04T23:15:00Z,NO5,94.74,15
2026-04-04T23:15:00Z,PL,94.48,15
2026-04-04T23:15:00Z,PT,35.02,15
2026-04-04T23:15:00Z,RO,79.92,15
2026-04-04T23:15:00Z,RS,46.60,15
2026-04-04T23:15:00Z,SE1,11.70,15
2026-04-04T23:15:00Z,SE2,9.76,15
2026-04-04T23:15:00Z,SE3,4.94,15
2026-04-04T23:15:00Z,SE4,3.11,15
2026-04-04T23:15:00Z,SI,72.99,15
2026-04-04T23:15:00Z,SK,54.12,15
2026-04-04T23:30:00Z,AT,71.04,15
2026-04-04T23:30:00Z,BE,0.62,15
2026-04-04T23:30:00Z,CZ,32.10,15
2026-04-04T23:30:00Z,DE-LU,-0.02,15
2026-04-04T23:30:00Z,DK1,0.84,15
2026-04-04T23:30:00Z,DK2,2.54,15
2026-04-04T23:30:00Z,EE,11.03,15
2026-04-04T23:30:00Z,ES,35.01,15
2026-04-04T23:30:00Z,FI,11.03,15
2026-04-04T23:30:00Z,FR,1.01,15
2026-04-04T23:30:00Z,GR,60.98,15
2026-04-04T23:30:00Z,HR,56.29,15
2026-04-04T23:30:00Z,HU,64.41,15
2026-04-04T23:30:00Z,IT-CNorth,131.61,15
2026-04-04T23:30:00Z,IT-CSouth,131.61,15
2026-04-04T23:30:00Z,IT-North,131.61,15
2026-04-04T23:30:00Z,IT-Sardinia,131.61,15
2026-04-04T23:30:00Z,IT-Sicily,131.61,15
2026-04-04T23:30:00Z,IT-South,131.61,15
2026-04-04T23:30:00Z,LT,4.17,15
2026-04-04T23:30:00Z,LV,4.17,15
2026-04-04T23:30:00Z,NL,-0.02,15
2026-04-04T23:30:00Z,NO1,63.93,15
2026-04-04T23:30:00Z,NO2,36.12,15
2026-04-04T23:30:00Z,NO3,46.26,15
2026-04-04T23:30:00Z,NO4,20.13,15
2026-04-04T23:30:00Z,NO5,93.90,15
2026-04-04T23:30:00Z,PL,94.48,15
2026-04-04T23:30:00Z,PT,35.01,15
2026-04-04T23:30:00Z,RO,60.98,15
2026-04-04T23:30:00Z,RS,46.60,15
2026-04-04T23:30:00Z,SE1,11.50,15
2026-04-04T23:30:00Z,SE2,9.57,15
2026-04-04T23:30:00Z,SE3,4.79,15
2026-04-04T23:30:00Z,SE4,2.97,15
2026-04-04T23:30:00Z,SI,55.93,15
2026-04-04T23:30:00Z,SK,38.20,15
2026-04-04T23:45:00Z,AT,17.30,15
2026-04-04T23:45:00Z,BE,-0.02,15
2026-04-04T23:45:00Z,CZ,8.66,15
2026-04-04T23:45:00Z,DE-LU,-0.10,15
2026-04-04T23:45:00Z,DK1,0.76,15
2026-04-04T23:45:00Z,DK2,2.45,15
2026-04-04T23:45:00Z,EE,10.92,15
2026-04-04T23:45:00Z,ES,35.01,15
2026-04-04T23:45:00Z,FI,10.93,15
2026-04-04T23:45:00Z,FR,0.02,15
2026-04-04T23:45:00Z,GR,14.52,15
2026-04-04T23:45:00Z,HR,13.60,15
2026-04-04T23:45:00Z,HU,15.22,15
2026-04-04T23:45:00Z,IT-CNorth,127.87,15
2026-04-04T23:45:00Z,IT-CSouth,127.87,15
2026-04-04T23:45:00Z,IT-North,127.87,15
2026-04-04T23:45:00Z,IT-Sardinia,127.87,15
2026-04-04T23:45:00Z,IT-Sicily,127.87,15
2026-04-04T23:45:00Z,IT-South,127.87,15
2026-04-04T23:45:00Z,LT,4.07,15
2026-04-04T23:45:00Z,LV,4.07,15
2026-04-04T23:45:00Z,NL,-0.32,15
2026-04-04T23:45:00Z,NO1,63.73,15
2026-04-04T23:45:00Z,NO2,35.97,15
2026-04-04T23:45:00Z,NO3,46.09,15
2026-04-04T23:45:00Z,NO4,20.01,15
2026-04-04T23:45:00Z,NO5,93.63,15
2026-04-04T23:45:00Z,PL,94.48,15
2026-04-04T23:45:00Z,PT,35.01,15
2026-04-04T23:45:00Z,RO,14.52,15
2026-04-04T23:45:00Z,RS,46.60,15
2026-04-04T23:45:00Z,SE1,11.39,15
2026-04-04T23:45:00Z,SE2,9.47,15
2026-04-04T23:45:00Z,SE3,4.69,15
2026-04-04T23:45:00Z,SE4,2.88,15
2026-04-04T23:45:00Z,SI,13.60,15
2026-04-04T23:45:00Z,SK,9.85,15
