timestamp_utc,zone,price_eur_mwh,resolution_min
2026-09-26T00:00:00Z,AT,189.18,15
2026-09-26T00:00:00Z,BE,182.39,15
2026-09-26T00:00:00Z,CH,185.00,60
2026-09-26T00:00:00Z,CZ,175.26,15
2026-09-26T00:00:00Z,DE-LU,181.33,15
2026-09-26T00:00:00Z,DK1,181.03,15
2026-09-26T00:00:00Z,DK2,180.47,15
2026-09-26T00:00:00Z,EE,48.38,15
2026-09-26T00:00:00Z,ES,172.98,15
2026-09-26T00:00:00Z,FI,28.82,15
2026-09-26T00:00:00Z,FR,183.13,15
2026-09-26T00:00:00Z,GR,203.85,15
2026-09-26T00:00:00Z,HR,198.75,15
2026-09-26T00:00:00Z,HU,207.02,15
2026-09-26T00:00:00Z,IT-CNorth,196.13,15
2026-09-26T00:00:00Z,IT-CSouth,196.13,15
2026-09-26T00:00:00Z,IT-North,196.13,15
2026-09-26T00:00:00Z,IT-Sardinia,196.13,15
2026-09-26T00:00:00Z,IT-Sicily,250.00,15
2026-09-26T00:00:00Z,IT-South,196.13,15
2026-09-26T00:00:00Z,LT,48.38,15
2026-09-26T00:00:00Z,LV,48.38,15
2026-09-26T00:00:00Z,NL,182.01,15
2026-09-26T00:00:00Z,NO1,127.48,15
2026-09-26T00:00:00Z,NO2,153.36,15
2026-09-26T00:00:00Z,NO3,89.73,15
2026-09-26T00:00:00Z,NO4,30.92,15
2026-09-26T00:00:00Z,NO5,127.04,15
2026-09-26T00:00:00Z,PL,179.73,15
2026-09-26T00:00:00Z,PT,184.18,15
2026-09-26T00:00:00Z,RO,204.42,15
2026-09-26T00:00:00Z,RS,120.43,15
2026-09-26T00:00:00Z,SE1,28.90,15
2026-09-26T00:00:00Z,SE2,29.14,15
2026-09-26T00:00:00Z,SE3,40.27,15
2026-09-26T00:00:00Z,SE4,48.11,15
2026-09-26T00:00:00Z,SI,196.13,15
2026-09-26T00:00:00Z,SK,208.24,15
2026-09-26T00:15:00Z,AT,189.92,15
2026-09-26T00:15:00Z,BE,180.61,15
2026-09-26T00:15:00Z,CZ,170.85,15
2026-09-26T00:15:00Z,DE-LU,179.17,15
2026-09-26T00:15:00Z,DK1,178.76,15
2026-09-26T00:15:00Z,DK2,177.99,15
2026-09-26T00:15:00Z,EE,32.45,15
2026-09-26T00:15:00Z,ES,171.50,15
2026-09-26T00:15:00Z,FI,30.69,15
2026-09-26T00:15:00Z,FR,181.63,15
2026-09-26T00:15:00Z,GR,210.03,15
2026-09-26T00:15:00Z,HR,203.04,15
2026-09-26T00:15:00Z,HU,214.37,15
2026-09-26T00:15:00Z,IT-CNorth,199.46,15
2026-09-26T00:15:00Z,IT-CSouth,199.46,15
2026-09-26T00:15:00Z,IT-North,199.46,15
2026-09-26T00:15:00Z,IT-Sardinia,199.46,15
2026-09-26T00:15:00Z,IT-South,199.46,15
2026-09-26T00:15:00Z,LT,32.45,15
2026-09-26T00:15:00Z,LV,32.45,15
2026-09-26T00:15:00Z,NL,180.10,15
2026-09-26T00:15:00Z,NO1,126.82,15
2026-09-26T00:15:00Z,NO2,153.31,15
2026-09-26T00:15:00Z,NO3,91.19,15
2026-09-26T00:15:00Z,NO4,30.69,15
2026-09-26T00:15:00Z,NO5,126.87,15
2026-09-26T00:15:00Z,PL,176.98,15
2026-09-26T00:15:00Z,PT,184.02,15
2026-09-26T00:15:00Z,RO,210.81,15
2026-09-26T00:15:00Z,SE1,30.69,15
2026-09-26T00:15:00Z,SE2,30.69,15
2026-09-26T00:15:00Z,SE3,31.74,15
2026-09-26T00:15:00Z,SE4,32.45,15
2026-09-26T00:15:00Z,SI,199.46,15
2026-09-26T00:15:00Z,SK,216.04,15
2026-09-26T00:30:00Z,AT,186.09,15
2026-09-26T00:30:00Z,BE,174.91,15
2026-09-26T00:30:00Z,CZ,163.19,15
2026-09-26T00:30:00Z,DE-LU,173.17,15
2026-09-26T00:30:00Z,DK1,172.69,15
2026-09-26T00:30:00Z,DK2,171.77,15
2026-09-26T00:30:00Z,EE,77.05,15
2026-09-26T00:30:00Z,ES,168.56,15
2026-09-26T00:30:00Z,FI,26.37,15
2026-09-26T00:30:00Z,FR,176.13,15
2026-09-26T00:30:00Z,GR,210.22,15
2026-09-26T00:30:00Z,HR,201.83,15
2026-09-26T00:30:00Z,HU,215.44,15
2026-09-26T00:30:00Z,IT-CNorth,195.45,15
2026-09-26T00:30:00Z,IT-CSouth,195.45,15
2026-09-26T00:30:00Z,IT-North,195.45,15
2026-09-26T00:30:00Z,IT-Sardinia,195.45,15
2026-09-26T00:30:00Z,IT-South,195.45,15
2026-09-26T00:30:00Z,LT,77.05,15
2026-09-26T00:30:00Z,LV,77.05,15
2026-09-26T00:30:00Z,NL,174.30,15
2026-09-26T00:30:00Z,NO1,128.08,15
2026-09-26T00:30:00Z,NO2,153.28,15
2026-09-26T00:30:00Z,NO3,87.11,15
2026-09-26T00:30:00Z,NO4,32.13,15
2026-09-26T00:30:00Z,NO5,126.75,15
2026-09-26T00:30:00Z,PL,170.55,15
2026-09-26T00:30:00Z,RO,211.16,15
2026-09-26T00:30:00Z,SE1,26.59,15
2026-09-26T00:30:00Z,SE2,27.26,15
2026-09-26T00:30:00Z,SE3,56.00,15
2026-09-26T00:30:00Z,SE4,76.33,15
2026-09-26T00:30:00Z,SI,197.53,15
2026-09-26T00:30:00Z,SK,217.44,15
2026-09-26T00:45:00Z,AT,180.54,15
2026-09-26T00:45:00Z,BE,168.56,15
2026-09-26T00:45:00Z,CZ,156.00,15
2026-09-26T00:45:00Z,DE-LU,166.70,15
2026-09-26T00:45:00Z,DK1,166.18,15
2026-09-26T00:45:00Z,DK2,165.19,15
2026-09-26T00:45:00Z,EE,69.91,15
2026-09-26T00:45:00Z,ES,166.28,15
2026-09-26T00:45:00Z,FI,27.31,15
2026-09-26T00:45:00Z,FR,169.87,15
2026-09-26T00:45:00Z,GR,206.41,15
2026-09-26T00:45:00Z,HR,197.41,15
2026-09-26T00:45:00Z,HU,211.99,15
2026-09-26T00:45:00Z,IT-CNorth,180.54,15
2026-09-26T00:45:00Z,IT-CSouth,180.54,15
2026-09-26T00:45:00Z,IT-North,180.54,15
2026-09-26T00:45:00Z,IT-Sardinia,180.54,15
2026-09-26T00:45:00Z,IT-South,180.54,15
2026-09-26T00:45:00Z,LT,69.91,15
2026-09-26T00:45:00Z,LV,69.91,15
2026-09-26T00:45:00Z,NL,167.90,15
2026-09-26T00:45:00Z,NO1,127.72,15
2026-09-26T00:45:00Z,NO2,153.23,15
2026-09-26T00:45:00Z,NO3,87.76,15
2026-09-26T00:45:00Z,NO4,32.12,15
2026-09-26T00:45:00Z,NO5,126.60,15
2026-09-26T00:45:00Z,PL,163.89,15
2026-09-26T00:45:00Z,PT,183.08,15
2026-09-26T00:45:00Z,RO,207.41,15
2026-09-26T00:45:00Z,SE1,27.50,15
2026-09-26T00:45:00Z,SE2,28.06,15
2026-09-26T00:45:00Z,SE3,52.22,15
2026-09-26T00:45:00Z,SE4,69.30,15
2026-09-26T00:45:00Z,SI,192.80,15
2026-09-26T00:45:00Z,SK,214.14,15
2026-09-26T01:00:00Z,AT,181.29,15
2026-09-26T01:00:00Z,BE,167.97,15
2026-09-26T01:00:00Z,CH,181.88,60
2026-09-26T01:00:00Z,CZ,153.95,15
2026-09-26T01:00:00Z,DE-LU,165.93,15
2026-09-26T01:00:00Z,DK1,165.32,15
2026-09-26T01:00:00Z,DK2,164.22,15
2026-09-26T01:00:00Z,EE,44.99,15
2026-09-26T01:00:00Z,ES,165.59,15
2026-09-26T01:00:00Z,FI,29.24,15
2026-09-26T01:00:00Z,FR,169.43,15
2026-09-26T01:00:00Z,GR,210.07,15
2026-09-26T01:00:00Z,HR,200.09,15
2026-09-26T01:00:00Z,HU,216.29,15
2026-09-26T01:00:00Z,IT-CNorth,192.00,15
2026-09-26T01:00:00Z,IT-CSouth,192.00,15
2026-09-26T01:00:00Z,IT-North,192.00,15
2026-09-26T01:00:00Z,IT-Sardinia,192.00,15
2026-09-26T01:00:00Z,IT-South,192.00,15
2026-09-26T01:00:00Z,LT,44.99,15
2026-09-26T01:00:00Z,LV,44.99,15
2026-09-26T01:00:00Z,NL,167.24,15
2026-09-26T01:00:00Z,NO1,126.83,15
2026-09-26T01:00:00Z,NO2,152.22,15
2026-09-26T01:00:00Z,NO3,89.79,15
2026-09-26T01:00:00Z,NO4,30.89,15
2026-09-26T01:00:00Z,NO5,126.58,15
2026-09-26T01:00:00Z,PL,162.37,15
2026-09-26T01:00:00Z,RO,211.37,15
2026-09-26T01:00:00Z,RS,107.00,15
2026-09-26T01:00:00Z,SE1,29.30,15
2026-09-26T01:00:00Z,SE2,29.49,15
2026-09-26T01:00:00Z,SE3,38.48,15
2026-09-26T01:00:00Z,SE4,44.78,15
2026-09-26T01:00:00Z,SI,194.93,15
2026-09-26T01:00:00Z,SK,218.71,15
2026-09-26T01:15:00Z,AT,176.90,15
2026-09-26T01:15:00Z,BE,165.06,15
2026-09-26T01:15:00Z,CZ,152.60,15
2026-09-26T01:15:00Z,DE-LU,163.25,15
2026-09-26T01:15:00Z,DK1,162.70,15
2026-09-26T01:15:00Z,DK2,161.72,15
2026-09-26T01:15:00Z,EE,50.21,15
2026-09-26T01:15:00Z,ES,163.12,15
2026-09-26T01:15:00Z,FI,28.76,15
2026-09-26T01:15:00Z,FR,166.35,15
2026-09-26T01:15:00Z,GR,202.49,15
2026-09-26T01:15:00Z,HR,193.61,15
2026-09-26T01:15:00Z,HU,208.02,15
2026-09-26T01:15:00Z,IT-CNorth,185.50,15
2026-09-26T01:15:00Z,IT-CSouth,185.50,15
2026-09-26T01:15:00Z,IT-North,185.50,15
2026-09-26T01:15:00Z,IT-Sardinia,185.50,15
2026-09-26T01:15:00Z,IT-South,185.50,15
2026-09-26T01:15:00Z,LT,50.21,15
2026-09-26T01:15:00Z,LV,50.21,15
2026-09-26T01:15:00Z,NL,164.41,15
2026-09-26T01:15:00Z,NO1,126.08,15
2026-09-26T01:15:00Z,NO2,151.35,15
2026-09-26T01:15:00Z,NO3,87.59,15
2026-09-26T01:15:00Z,NO4,30.86,15
2026-09-26T01:15:00Z,NO5,126.46,15
2026-09-26T01:15:00Z,PL,160.08,15
2026-09-26T01:15:00Z,RO,203.64,15
2026-09-26T01:15:00Z,SE1,28.84,15
2026-09-26T01:15:00Z,SE2,29.08,15
2026-09-26T01:15:00Z,SE3,41.36,15
2026-09-26T01:15:00Z,SE4,49.94,15
2026-09-26T01:15:00Z,SI,189.03,15
2026-09-26T01:15:00Z,SK,210.17,15
2026-09-26T01:30:00Z,AT,175.51,15
2026-09-26T01:30:00Z,BE,164.28,15
2026-09-26T01:30:00Z,CZ,152.47,15
2026-09-26T01:30:00Z,DE-LU,162.56,15
2026-09-26T01:30:00Z,DK1,162.05,15
2026-09-26T01:30:00Z,DK2,161.12,15
2026-09-26T01:30:00Z,EE,65.66,15
2026-09-26T01:30:00Z,ES,163.08,15
2026-09-26T01:30:00Z,FI,26.85,15
2026-09-26T01:30:00Z,FR,165.51,15
2026-09-26T01:30:00Z,GR,199.76,15
2026-09-26T01:30:00Z,HR,191.34,15
2026-09-26T01:30:00Z,HU,205.00,15
2026-09-26T01:30:00Z,IT-CNorth,185.52,15
2026-09-26T01:30:00Z,IT-CSouth,185.52,15
2026-09-26T01:30:00Z,IT-North,185.52,15
2026-09-26T01:30:00Z,IT-Sardinia,185.52,15
2026-09-26T01:30:00Z,IT-South,185.52,15
2026-09-26T01:30:00Z,LT,65.66,15
2026-09-26T01:30:00Z,LV,65.66,15
2026-09-26T01:30:00Z,NL,163.66,15
2026-09-26T01:30:00Z,NO1,126.55,15
2026-09-26T01:30:00Z,NO2,151.31,15
2026-09-26T01:30:00Z,NO3,86.00,15
2026-09-26T01:30:00Z,NO4,30.99,15
2026-09-26T01:30:00Z,PL,159.56,15
2026-09-26T01:30:00Z,PT,184.02,15
2026-09-26T01:30:00Z,RO,200.85,15
2026-09-26T01:30:00Z,SE1,27.01,15
2026-09-26T01:30:00Z,SE2,27.49,15
2026-09-26T01:30:00Z,SE3,49.62,15
2026-09-26T01:30:00Z,SE4,65.14,15
2026-09-26T01:30:00Z,SI,187.00,15
2026-09-26T01:30:00Z,SK,207.04,15
2026-09-26T01:45:00Z,AT,174.12,15
2026-09-26T01:45:00Z,BE,164.02,15
2026-09-26T01:45:00Z,CZ,153.39,15
2026-09-26T01:45:00Z,DE-LU,162.47,15
2026-09-26T01:45:00Z,DK1,162.01,15
2026-09-26T01:45:00Z,DK2,161.17,15
2026-09-26T01:45:00Z,EE,64.47,15
2026-09-26T01:45:00Z,ES,165.62,15
2026-09-26T01:45:00Z,FI,28.37,15
2026-09-26T01:45:00Z,FR,165.12,15
2026-09-26T01:45:00Z,GR,195.93,15
2026-09-26T01:45:00Z,HR,188.36,15
2026-09-26T01:45:00Z,HU,200.64,15
2026-09-26T01:45:00Z,IT-CNorth,177.38,15
2026-09-26T01:45:00Z,IT-CSouth,177.38,15
2026-09-26T01:45:00Z,IT-North,177.38,15
2026-09-26T01:45:00Z,IT-Sardinia,177.38,15
2026-09-26T01:45:00Z,IT-South,177.38,15
2026-09-26T01:45:00Z,LT,64.47,15
2026-09-26T01:45:00Z,LV,64.47,15
2026-09-26T01:45:00Z,NL,163.46,15
2026-09-26T01:45:00Z,NO1,123.67,15
2026-09-26T01:45:00Z,NO2,151.29,15
2026-09-26T01:45:00Z,NO3,80.43,15
2026-09-26T01:45:00Z,NO4,31.34,15
2026-09-26T01:45:00Z,NO5,126.42,15
2026-09-26T01:45:00Z,PL,159.77,15
2026-09-26T01:45:00Z,PT,183.43,15
2026-09-26T01:45:00Z,RO,196.91,15
2026-09-26T01:45:00Z,SE1,28.49,15
2026-09-26T01:45:00Z,SE2,28.83,15
2026-09-26T01:45:00Z,SE3,49.64,15
2026-09-26T01:45:00Z,SE4,64.09,15
2026-09-26T01:45:00Z,SI,184.46,15
2026-09-26T01:45:00Z,SK,202.48,15
2026-09-26T02:00:00Z,AT,174.59,15
2026-09-26T02:00:00Z,BE,161.59,15
2026-09-26T02:00:00Z,CH,180.06,60
2026-09-26T02:00:00Z,CZ,147.99,15
2026-09-26T02:00:00Z,DE-LU,159.61,15
2026-09-26T02:00:00Z,DK1,159.01,15
2026-09-26T02:00:00Z,DK2,157.94,15
2026-09-26T02:00:00Z,EE,29.10,15
2026-09-26T02:00:00Z,ES,164.00,15
2026-09-26T02:00:00Z,FI,29.10,15
2026-09-26T02:00:00Z,FR,163.01,15
2026-09-26T02:00:00Z,GR,202.62,15
2026-09-26T02:00:00Z,HR,192.90,15
2026-09-26T02:00:00Z,HU,208.67,15
2026-09-26T02:00:00Z,IT-CNorth,187.87,15
2026-09-26T02:00:00Z,IT-CSouth,187.87,15
2026-09-26T02:00:00Z,IT-North,187.87,15
2026-09-26T02:00:00Z,IT-Sardinia,187.87,15
2026-09-26T02:00:00Z,IT-South,187.87,15
2026-09-26T02:00:00Z,LT,59.08,15
2026-09-26T02:00:00Z,LV,59.08,15
2026-09-26T02:00:00Z,NL,160.88,15
2026-09-26T02:00:00Z,NO1,120.30,15
2026-09-26T02:00:00Z,NO2,150.88,15
2026-09-26T02:00:00Z,NO3,74.65,15
2026-09-26T02:00:00Z,NO4,30.52,15
2026-09-26T02:00:00Z,NO5,125.96,15
2026-09-26T02:00:00Z,PL,156.11,15
2026-09-26T02:00:00Z,PT,184.00,15
2026-09-26T02:00:00Z,RO,203.86,15
2026-09-26T02:00:00Z,RS,117.91,15
2026-09-26T02:00:00Z,SE1,29.16,15
2026-09-26T02:00:00Z,SE2,29.32,15
2026-09-26T02:00:00Z,SE3,46.91,15
2026-09-26T02:00:00Z,SE4,58.90,15
2026-09-26T02:00:00Z,SI,187.87,15
2026-09-26T02:00:00Z,SK,211.54,15
2026-09-26T02:15:00Z,AT,174.52,15
2026-09-26T02:15:00Z,BE,162.22,15
2026-09-26T02:15:00Z,CZ,149.36,15
2026-09-26T02:15:00Z,DE-LU,160.35,15
2026-09-26T02:15:00Z,DK1,159.78,15
2026-09-26T02:15:00Z,DK2,158.77,15
2026-09-26T02:15:00Z,EE,29.22,15
2026-09-26T02:15:00Z,ES,166.60,15
2026-09-26T02:15:00Z,FI,29.22,15
2026-09-26T02:15:00Z,FR,163.56,15
2026-09-26T02:15:00Z,GR,201.03,15
2026-09-26T02:15:00Z,HR,191.83,15
2026-09-26T02:15:00Z,HU,206.75,15
2026-09-26T02:15:00Z,IT-CNorth,187.08,15
2026-09-26T02:15:00Z,IT-CSouth,187.08,15
2026-09-26T02:15:00Z,IT-North,187.08,15
2026-09-26T02:15:00Z,IT-Sardinia,187.08,15
2026-09-26T02:15:00Z,IT-South,187.08,15
2026-09-26T02:15:00Z,LT,64.09,15
2026-09-26T02:15:00Z,LV,64.09,15
2026-09-26T02:15:00Z,NL,161.55,15
2026-09-26T02:15:00Z,NO1,118.75,15
2026-09-26T02:15:00Z,NO2,150.85,15
2026-09-26T02:15:00Z,NO3,70.62,15
2026-09-26T02:15:00Z,NO4,30.69,15
2026-09-26T02:15:00Z,NO5,125.97,15
2026-09-26T02:15:00Z,PL,157.04,15
2026-09-26T02:15:00Z,PT,184.02,15
2026-09-26T02:15:00Z,RO,202.20,15
2026-09-26T02:15:00Z,SE1,29.27,15
2026-09-26T02:15:00Z,SE2,29.45,15
2026-09-26T02:15:00Z,SE3,49.96,15
2026-09-26T02:15:00Z,SE4,63.91,15
2026-09-26T02:15:00Z,SI,187.08,15
2026-09-26T02:15:00Z,SK,209.47,15
2026-09-26T02:30:00Z,AT,171.25,15
2026-09-26T02:30:00Z,BE,162.62,15
2026-09-26T02:30:00Z,CZ,153.58,15
2026-09-26T02:30:00Z,DE-LU,161.30,15
2026-09-26T02:30:00Z,DK1,160.90,15
2026-09-26T02:30:00Z,DK2,160.19,15
2026-09-26T02:30:00Z,EE,30.66,15
2026-09-26T02:30:00Z,ES,165.62,15
2026-09-26T02:30:00Z,FI,30.66,15
2026-09-26T02:30:00Z,GR,189.87,15
2026-09-26T02:30:00Z,HR,183.41,15
2026-09-26T02:30:00Z,HU,193.88,15
2026-09-26T02:30:00Z,IT-CNorth,180.07,15
2026-09-26T02:30:00Z,IT-CSouth,180.07,15
2026-09-26T02:30:00Z,IT-North,180.07,15
2026-09-26T02:30:00Z,IT-Sardinia,180.07,15
2026-09-26T02:30:00Z,IT-South,180.07,15
2026-09-26T02:30:00Z,LT,50.48,15
2026-09-26T02:30:00Z,LV,50.48,15
2026-09-26T02:30:00Z,NL,162.14,15
2026-09-26T02:30:00Z,NO1,119.18,15
2026-09-26T02:30:00Z,NO3,74.02,15
2026-09-26T02:30:00Z,NO4,30.66,15
2026-09-26T02:30:00Z,NO5,125.84,15
2026-09-26T02:30:00Z,PL,158.98,15
2026-09-26T02:30:00Z,RO,190.69,15
2026-09-26T02:30:00Z,SE1,30.66,15
2026-09-26T02:30:00Z,SE2,30.66,15
2026-09-26T02:30:00Z,SE3,42.53,15
2026-09-26T02:30:00Z,SE4,50.48,15
2026-09-26T02:30:00Z,SI,180.07,15
2026-09-26T02:30:00Z,SK,195.79,15
2026-09-26T02:45:00Z,AT,171.95,15
2026-09-26T02:45:00Z,BE,163.11,15
2026-09-26T02:45:00Z,CZ,153.86,15
2026-09-26T02:45:00Z,DE-LU,161.76,15
2026-09-26T02:45:00Z,DK1,161.35,15
2026-09-26T02:45:00Z,DK2,160.62,15
2026-09-26T02:45:00Z,EE,30.80,15
2026-09-26T02:45:00Z,ES,164.18,15
2026-09-26T02:45:00Z,FI,30.80,15
2026-09-26T02:45:00Z,FR,164.07,15
2026-09-26T02:45:00Z,GR,191.01,15
2026-09-26T02:45:00Z,HR,184.40,15
2026-09-26T02:45:00Z,HU,195.12,15
2026-09-26T02:45:00Z,IT-CNorth,180.98,15
2026-09-26T02:45:00Z,IT-CSouth,180.98,15
2026-09-26T02:45:00Z,IT-North,180.98,15
2026-09-26T02:45:00Z,IT-Sardinia,180.98,15
2026-09-26T02:45:00Z,IT-South,180.98,15
2026-09-26T02:45:00Z,LT,53.72,15
2026-09-26T02:45:00Z,LV,53.72,15
2026-09-26T02:45:00Z,NL,162.62,15
2026-09-26T02:45:00Z,NO1,118.11,15
2026-09-26T02:45:00Z,NO2,150.86,15
2026-09-26T02:45:00Z,NO3,71.26,15
2026-09-26T02:45:00Z,NO4,30.80,15
2026-09-26T02:45:00Z,NO5,125.86,15
2026-09-26T02:45:00Z,PL,159.38,15
2026-09-26T02:45:00Z,PT,184.18,15
2026-09-26T02:45:00Z,RO,191.86,15
2026-09-26T02:45:00Z,SE1,30.80,15
2026-09-26T02:45:00Z,SE2,30.80,15
2026-09-26T02:45:00Z,SE3,44.53,15
2026-09-26T02:45:00Z,SE4,53.72,15
2026-09-26T02:45:00Z,SI,180.98,15
2026-09-26T02:45:00Z,SK,197.08,15
2026-09-26T03:00:00Z,AT,170.22,15
2026-09-26T03:00:00Z,BE,160.56,15
2026-09-26T03:00:00Z,CH,183.12,60
2026-09-26T03:00:00Z,CZ,150.41,15
2026-09-26T03:00:00Z,DE-LU,159.09,15
2026-09-26T03:00:00Z,DK1,158.65,15
2026-09-26T03:00:00Z,DK2,157.85,15
2026-09-26T03:00:00Z,EE,68.81,15
2026-09-26T03:00:00Z,ES,158.97,15
2026-09-26T03:00:00Z,FI,30.15,15
2026-09-26T03:00:00Z,FR,161.62,15
2026-09-26T03:00:00Z,GR,191.04,15
2026-09-26T03:00:00Z,HR,183.80,15
2026-09-26T03:00:00Z,HU,195.53,15
2026-09-26T03:00:00Z,IT-CNorth,180.08,15
2026-09-26T03:00:00Z,IT-CSouth,180.08,15
2026-09-26T03:00:00Z,IT-North,180.08,15
2026-09-26T03:00:00Z,IT-Sardinia,180.08,15
2026-09-26T03:00:00Z,IT-South,180.08,15
2026-09-26T03:00:00Z,LT,68.81,15
2026-09-26T03:00:00Z,LV,68.81,15
2026-09-26T03:00:00Z,NL,160.04,15
2026-09-26T03:00:00Z,NO1,116.15,15
2026-09-26T03:00:00Z,NO2,151.48,15
2026-09-26T03:00:00Z,NO3,64.05,15
2026-09-26T03:00:00Z,NO4,31.00,15
2026-09-26T03:00:00Z,NO5,126.38,15
2026-09-26T03:00:00Z,PL,156.53,15
2026-09-26T03:00:00Z,PT,184.02,15
2026-09-26T03:00:00Z,RO,191.85,15
2026-09-26T03:00:00Z,RS,176.00,15
2026-09-26T03:00:00Z,SE1,30.18,15
2026-09-26T03:00:00Z,SE2,29.97,15
2026-09-26T03:00:00Z,SE3,52.85,15
2026-09-26T03:00:00Z,SE4,68.68,15
2026-09-26T03:00:00Z,SI,180.08,15
2026-09-26T03:00:00Z,SK,196.73,15
2026-09-26T03:15:00Z,AT,173.67,15
2026-09-26T03:15:00Z,BE,160.10,15
2026-09-26T03:15:00Z,CZ,145.84,15
2026-09-26T03:15:00Z,DE-LU,158.03,15
2026-09-26T03:15:00Z,DK1,157.41,15
2026-09-26T03:15:00Z,DK2,156.29,15
2026-09-26T03:15:00Z,EE,34.55,15
2026-09-26T03:15:00Z,ES,165.62,15
2026-09-26T03:15:00Z,FI,32.36,15
2026-09-26T03:15:00Z,FR,161.59,15
2026-09-26T03:15:00Z,GR,202.92,15
2026-09-26T03:15:00Z,HR,192.76,15
2026-09-26T03:15:00Z,HU,209.24,15
2026-09-26T03:15:00Z,IT-CNorth,185.50,15
2026-09-26T03:15:00Z,IT-CSouth,185.50,15
2026-09-26T03:15:00Z,IT-North,185.50,15
2026-09-26T03:15:00Z,IT-Sardinia,185.50,15
2026-09-26T03:15:00Z,IT-South,185.50,15
2026-09-26T03:15:00Z,LT,34.55,15
2026-09-26T03:15:00Z,LV,34.55,15
2026-09-26T03:15:00Z,NL,159.36,15
2026-09-26T03:15:00Z,NO1,116.50,15
2026-09-26T03:15:00Z,NO2,151.52,15
2026-09-26T03:15:00Z,NO3,71.71,15
2026-09-26T03:15:00Z,NO4,30.69,15
2026-09-26T03:15:00Z,NO5,126.20,15
2026-09-26T03:15:00Z,PL,154.43,15
2026-09-26T03:15:00Z,PT,184.18,15
2026-09-26T03:15:00Z,RO,204.06,15
2026-09-26T03:15:00Z,SE1,32.29,15
2026-09-26T03:15:00Z,SE2,32.60,15
2026-09-26T03:15:00Z,SE3,34.28,15
2026-09-26T03:15:00Z,SE4,34.95,15
2026-09-26T03:15:00Z,SI,187.53,15
2026-09-26T03:15:00Z,SK,210.92,15
2026-09-26T03:30:00Z,AT,174.04,15
2026-09-26T03:30:00Z,BE,162.24,15
2026-09-26T03:30:00Z,CZ,149.83,15
2026-09-26T03:30:00Z,DE-LU,160.44,15
2026-09-26T03:30:00Z,DK1,159.90,15
2026-09-26T03:30:00Z,DK2,158.92,15
2026-09-26T03:30:00Z,EE,36.03,15
2026-09-26T03:30:00Z,ES,160.34,15
2026-09-26T03:30:00Z,FI,33.52,15
2026-09-26T03:30:00Z,FR,163.54,15
2026-09-26T03:30:00Z,GR,199.50,15
2026-09-26T03:30:00Z,HR,190.65,15
2026-09-26T03:30:00Z,HU,205.00,15
2026-09-26T03:30:00Z,IT-CNorth,175.19,15
2026-09-26T03:30:00Z,IT-CSouth,175.19,15
2026-09-26T03:30:00Z,IT-North,175.19,15
2026-09-26T03:30:00Z,IT-Sardinia,175.19,15
2026-09-26T03:30:00Z,IT-South,175.19,15
2026-09-26T03:30:00Z,LT,36.03,15
2026-09-26T03:30:00Z,LV,36.03,15
2026-09-26T03:30:00Z,NL,161.60,15
2026-09-26T03:30:00Z,NO1,115.79,15
2026-09-26T03:30:00Z,NO2,151.54,15
2026-09-26T03:30:00Z,NO3,69.33,15
2026-09-26T03:30:00Z,NO4,30.87,15
2026-09-26T03:30:00Z,NO5,126.25,15
2026-09-26T03:30:00Z,PL,157.31,15
2026-09-26T03:30:00Z,RO,200.49,15
2026-09-26T03:30:00Z,SE1,33.41,15
2026-09-26T03:30:00Z,SE2,34.08,15
2026-09-26T03:30:00Z,SE3,35.75,15
2026-09-26T03:30:00Z,SE4,36.42,15
2026-09-26T03:30:00Z,SI,186.10,15
2026-09-26T03:30:00Z,SK,206.46,15
2026-09-26T03:45:00Z,AT,179.70,15
2026-09-26T03:45:00Z,BE,166.62,15
2026-09-26T03:45:00Z,CZ,152.87,15
2026-09-26T03:45:00Z,DE-LU,164.62,15
2026-09-26T03:45:00Z,DK1,164.02,15
2026-09-26T03:45:00Z,DK2,162.94,15
2026-09-26T03:45:00Z,EE,36.48,15
2026-09-26T03:45:00Z,ES,165.75,15
2026-09-26T03:45:00Z,FI,33.26,15
2026-09-26T03:45:00Z,FR,168.06,15
2026-09-26T03:45:00Z,GR,207.92,15
2026-09-26T03:45:00Z,HR,198.12,15
2026-09-26T03:45:00Z,HU,214.02,15
2026-09-26T03:45:00Z,IT-CNorth,193.07,15
2026-09-26T03:45:00Z,IT-CSouth,193.07,15
2026-09-26T03:45:00Z,IT-North,193.07,15
2026-09-26T03:45:00Z,IT-Sardinia,193.07,15
2026-09-26T03:45:00Z,IT-South,193.07,15
2026-09-26T03:45:00Z,LT,36.48,15
2026-09-26T03:45:00Z,LV,36.48,15
2026-09-26T03:45:00Z,NL,165.91,15
2026-09-26T03:45:00Z,NO1,117.61,15
2026-09-26T03:45:00Z,NO2,152.35,15
2026-09-26T03:45:00Z,NO3,72.91,15
2026-09-26T03:45:00Z,NO4,31.13,15
2026-09-26T03:45:00Z,NO5,126.34,15
2026-09-26T03:45:00Z,PL,161.15,15
2026-09-26T03:45:00Z,RO,209.02,15
2026-09-26T03:45:00Z,SE1,33.18,15
2026-09-26T03:45:00Z,SE2,33.71,15
2026-09-26T03:45:00Z,SE3,35.77,15
2026-09-26T03:45:00Z,SE4,36.80,15
2026-09-26T03:45:00Z,SI,193.07,15
2026-09-26T03:45:00Z,SK,215.63,15
2026-09-26T04:00:00Z,AT,178.99,15
2026-09-26T04:00:00Z,BE,169.06,15
2026-09-26T04:00:00Z,CH,193.30,60
2026-09-26T04:00:00Z,CZ,158.66,15
2026-09-26T04:00:00Z,DE-LU,167.70,15
2026-09-26T04:00:00Z,DK1,167.08,15
2026-09-26T04:00:00Z,DK2,166.26,15
2026-09-26T04:00:00Z,EE,35.34,15
2026-09-26T04:00:00Z,ES,168.03,15
2026-09-26T04:00:00Z,FI,32.29,15
2026-09-26T04:00:00Z,FR,170.16,15
2026-09-26T04:00:00Z,GR,200.41,15
2026-09-26T04:00:00Z,HR,193.04,15
2026-09-26T04:00:00Z,HU,205.01,15
2026-09-26T04:00:00Z,IT-CNorth,189.13,15
2026-09-26T04:00:00Z,IT-CSouth,189.13,15
2026-09-26T04:00:00Z,IT-North,189.13,15
2026-09-26T04:00:00Z,IT-Sardinia,189.13,15
2026-09-26T04:00:00Z,IT-Sicily,296.12,15
2026-09-26T04:00:00Z,IT-South,189.13,15
2026-09-26T04:00:00Z,LT,35.34,15
2026-09-26T04:00:00Z,LV,35.34,15
2026-09-26T04:00:00Z,NL,168.52,15
2026-09-26T04:00:00Z,NO1,121.37,15
2026-09-26T04:00:00Z,NO2,152.09,15
2026-09-26T04:00:00Z,NO3,79.87,15
2026-09-26T04:00:00Z,NO4,30.97,15
2026-09-26T04:00:00Z,NO5,127.21,15
2026-09-26T04:00:00Z,PL,165.06,15
2026-09-26T04:00:00Z,PT,184.02,15
2026-09-26T04:00:00Z,RO,201.24,15
2026-09-26T04:00:00Z,RS,208.00,15
2026-09-26T04:00:00Z,SE1,32.24,15
2026-09-26T04:00:00Z,SE2,32.56,15
2026-09-26T04:00:00Z,SE3,34.48,15
2026-09-26T04:00:00Z,SE4,35.54,15
2026-09-26T04:00:00Z,SI,189.13,15
2026-09-26T04:00:00Z,SK,207.27,15
2026-09-26T04:15:00Z,AT,185.83,15
2026-09-26T04:15:00Z,BE,177.87,15
2026-09-26T04:15:00Z,CZ,169.52,15
2026-09-26T04:15:00Z,DE-LU,176.77,15
2026-09-26T04:15:00Z,DK1,176.28,15
2026-09-26T04:15:00Z,DK2,175.61,15
2026-09-26T04:15:00Z,EE,41.99,15
2026-09-26T04:15:00Z,ES,172.52,15
2026-09-26T04:15:00Z,FI,32.83,15
2026-09-26T04:15:00Z,FR,178.75,15
2026-09-26T04:15:00Z,GR,203.03,15
2026-09-26T04:15:00Z,HR,197.11,15
2026-09-26T04:15:00Z,HU,206.72,15
2026-09-26T04:15:00Z,IT-CNorth,193.97,15
2026-09-26T04:15:00Z,IT-CSouth,193.97,15
2026-09-26T04:15:00Z,IT-North,193.97,15
2026-09-26T04:15:00Z,IT-Sardinia,193.97,15
2026-09-26T04:15:00Z,IT-Sicily,290.00,15
2026-09-26T04:15:00Z,IT-South,193.97,15
2026-09-26T04:15:00Z,LT,41.99,15
2026-09-26T04:15:00Z,LV,41.99,15
2026-09-26T04:15:00Z,NL,177.43,15
2026-09-26T04:15:00Z,NO1,124.39,15
2026-09-26T04:15:00Z,NO2,152.70,15
2026-09-26T04:15:00Z,NO3,85.51,15
2026-09-26T04:15:00Z,NO4,32.83,15
2026-09-26T04:15:00Z,NO5,127.40,15
2026-09-26T04:15:00Z,PL,174.65,15
2026-09-26T04:15:00Z,RO,203.69,15
2026-09-26T04:15:00Z,SE1,32.83,15
2026-09-26T04:15:00Z,SE2,32.83,15
2026-09-26T04:15:00Z,SE3,38.29,15
2026-09-26T04:15:00Z,SE4,41.99,15
2026-09-26T04:15:00Z,SI,193.97,15
2026-09-26T04:15:00Z,SK,208.53,15
2026-09-26T04:30:00Z,AT,193.30,15
2026-09-26T04:30:00Z,BE,183.01,15
2026-09-26T04:30:00Z,CZ,172.23,15
2026-09-26T04:30:00Z,DE-LU,181.60,15
2026-09-26T04:30:00Z,DK1,180.96,15
2026-09-26T04:30:00Z,DK2,180.11,15
2026-09-26T04:30:00Z,EE,66.48,15
2026-09-26T04:30:00Z,ES,180.82,15
2026-09-26T04:30:00Z,FI,34.79,15
2026-09-26T04:30:00Z,FR,184.15,15
2026-09-26T04:30:00Z,GR,215.51,15
2026-09-26T04:30:00Z,HR,207.86,15
2026-09-26T04:30:00Z,HU,220.27,15
2026-09-26T04:30:00Z,IT-CNorth,203.81,15
2026-09-26T04:30:00Z,IT-CSouth,203.81,15
2026-09-26T04:30:00Z,IT-North,203.81,15
2026-09-26T04:30:00Z,IT-Sardinia,203.81,15
2026-09-26T04:30:00Z,IT-Sicily,242.39,15
2026-09-26T04:30:00Z,IT-South,203.81,15
2026-09-26T04:30:00Z,LT,66.48,15
2026-09-26T04:30:00Z,LV,66.48,15
2026-09-26T04:30:00Z,NL,182.45,15
2026-09-26T04:30:00Z,NO1,122.12,15
2026-09-26T04:30:00Z,NO2,152.79,15
2026-09-26T04:30:00Z,NO3,78.66,15
2026-09-26T04:30:00Z,NO4,34.41,15
2026-09-26T04:30:00Z,NO5,127.62,15
2026-09-26T04:30:00Z,PL,178.86,15
2026-09-26T04:30:00Z,PT,184.15,15
2026-09-26T04:30:00Z,RO,216.37,15
2026-09-26T04:30:00Z,SE1,34.77,15
2026-09-26T04:30:00Z,SE2,35.04,15
2026-09-26T04:30:00Z,SE3,53.55,15
2026-09-26T04:30:00Z,SE4,66.31,15
2026-09-26T04:30:00Z,SI,203.81,15
2026-09-26T04:30:00Z,SK,222.61,15
2026-09-26T04:45:00Z,AT,196.83,15
2026-09-26T04:45:00Z,BE,189.84,15
2026-09-26T04:45:00Z,CZ,182.51,15
2026-09-26T04:45:00Z,DE-LU,188.88,15
2026-09-26T04:45:00Z,DK1,188.45,15
2026-09-26T04:45:00Z,DK2,187.87,15
2026-09-26T04:45:00Z,EE,71.11,15
2026-09-26T04:45:00Z,ES,175.00,15
2026-09-26T04:45:00Z,FI,36.32,15
2026-09-26T04:45:00Z,FR,190.61,15
2026-09-26T04:45:00Z,GR,211.92,15
2026-09-26T04:45:00Z,HR,206.73,15
2026-09-26T04:45:00Z,HU,215.16,15
2026-09-26T04:45:00Z,IT-CNorth,203.98,15
2026-09-26T04:45:00Z,IT-CSouth,203.98,15
2026-09-26T04:45:00Z,IT-North,203.98,15
2026-09-26T04:45:00Z,IT-Sardinia,203.98,15
2026-09-26T04:45:00Z,IT-Sicily,217.28,15
2026-09-26T04:45:00Z,IT-South,203.98,15
2026-09-26T04:45:00Z,LT,71.11,15
2026-09-26T04:45:00Z,LV,71.11,15
2026-09-26T04:45:00Z,NL,189.46,15
2026-09-26T04:45:00Z,NO1,125.22,15
2026-09-26T04:45:00Z,NO2,152.87,15
2026-09-26T04:45:00Z,NO3,86.01,15
2026-09-26T04:45:00Z,NO4,35.67,15
2026-09-26T04:45:00Z,NO5,127.74,15
2026-09-26T04:45:00Z,PL,187.02,15
2026-09-26T04:45:00Z,PT,190.61,15
2026-09-26T04:45:00Z,RO,212.51,15
2026-09-26T04:45:00Z,SE1,36.29,15
2026-09-26T04:45:00Z,SE2,36.78,15
2026-09-26T04:45:00Z,SE3,56.83,15
2026-09-26T04:45:00Z,SE4,70.80,15
2026-09-26T04:45:00Z,SI,203.98,15
2026-09-26T04:45:00Z,SK,216.75,15
2026-09-26T05:00:00Z,AT,204.99,15
2026-09-26T05:00:00Z,BE,193.64,15
2026-09-26T05:00:00Z,CH,191.01,60
2026-09-26T05:00:00Z,CZ,181.47,15
2026-09-26T05:00:00Z,DE-LU,192.05,15
2026-09-26T05:00:00Z,DK1,191.35,15
2026-09-26T05:00:00Z,DK2,190.46,15
2026-09-26T05:00:00Z,EE,35.34,15
2026-09-26T05:00:00Z,ES,183.99,15
2026-09-26T05:00:00Z,FI,30.89,15
2026-09-26T05:00:00Z,FR,194.92,15
2026-09-26T05:00:00Z,GR,229.39,15
2026-09-26T05:00:00Z,HR,221.01,15
2026-09-26T05:00:00Z,HU,234.58,15
2026-09-26T05:00:00Z,IT-CNorth,216.56,15
2026-09-26T05:00:00Z,IT-CSouth,216.56,15
2026-09-26T05:00:00Z,IT-North,216.56,15
2026-09-26T05:00:00Z,IT-Sardinia,216.56,15
2026-09-26T05:00:00Z,IT-Sicily,237.67,15
2026-09-26T05:00:00Z,IT-South,216.56,15
2026-09-26T05:00:00Z,LT,35.34,15
2026-09-26T05:00:00Z,LV,35.34,15
2026-09-26T05:00:00Z,NL,193.01,15
2026-09-26T05:00:00Z,NO1,129.38,15
2026-09-26T05:00:00Z,NO2,152.70,15
2026-09-26T05:00:00Z,NO3,93.22,15
2026-09-26T05:00:00Z,NO4,30.81,15
2026-09-26T05:00:00Z,NO5,129.92,15
2026-09-26T05:00:00Z,PL,188.52,15
2026-09-26T05:00:00Z,PT,194.92,15
2026-09-26T05:00:00Z,RO,230.48,15
2026-09-26T05:00:00Z,RS,205.00,15
2026-09-26T05:00:00Z,SE1,30.89,15
2026-09-26T05:00:00Z,SE2,30.95,15
2026-09-26T05:00:00Z,SE3,33.51,15
2026-09-26T05:00:00Z,SE4,35.30,15
2026-09-26T05:00:00Z,SI,216.56,15
2026-09-26T05:00:00Z,SK,238.31,15
2026-09-26T05:15:00Z,AT,205.94,15
2026-09-26T05:15:00Z,BE,195.73,15
2026-09-26T05:15:00Z,CZ,184.77,15
2026-09-26T05:15:00Z,DE-LU,194.29,15
2026-09-26T05:15:00Z,DK1,193.67,15
2026-09-26T05:15:00Z,DK2,192.87,15
2026-09-26T05:15:00Z,EE,68.74,15
2026-09-26T05:15:00Z,ES,189.94,15
2026-09-26T05:15:00Z,FI,32.60,15
2026-09-26T05:15:00Z,FR,196.88,15
2026-09-26T05:15:00Z,GR,227.89,15
2026-09-26T05:15:00Z,HR,220.36,15
2026-09-26T05:15:00Z,HU,232.57,15
2026-09-26T05:15:00Z,IT-CNorth,226.71,15
2026-09-26T05:15:00Z,IT-CSouth,226.71,15
2026-09-26T05:15:00Z,IT-North,226.71,15
2026-09-26T05:15:00Z,IT-Sardinia,226.71,15
2026-09-26T05:15:00Z,IT-Sicily,273.81,15
2026-09-26T05:15:00Z,IT-South,226.71,15
2026-09-26T05:15:00Z,LT,68.74,15
2026-09-26T05:15:00Z,LV,68.74,15
2026-09-26T05:15:00Z,NL,195.16,15
2026-09-26T05:15:00Z,NO1,130.89,15
2026-09-26T05:15:00Z,NO2,152.80,15
2026-09-26T05:15:00Z,NO3,94.04,15
2026-09-26T05:15:00Z,NO4,31.69,15
2026-09-26T05:15:00Z,NO5,130.50,15
2026-09-26T05:15:00Z,PL,191.12,15
2026-09-26T05:15:00Z,PT,196.88,15
2026-09-26T05:15:00Z,RO,228.88,15
2026-09-26T05:15:00Z,SE1,32.56,15
2026-09-26T05:15:00Z,SE2,33.23,15
2026-09-26T05:15:00Z,SE3,53.79,15
2026-09-26T05:15:00Z,SE4,68.31,15
2026-09-26T05:15:00Z,SI,216.35,15
2026-09-26T05:15:00Z,SK,235.92,15
2026-09-26T05:30:00Z,AT,200.73,15
2026-09-26T05:30:00Z,BE,194.95,15
2026-09-26T05:30:00Z,CZ,188.75,15
2026-09-26T05:30:00Z,DE-LU,194.14,15
2026-09-26T05:30:00Z,DK1,193.78,15
2026-09-26T05:30:00Z,DK2,193.33,15
2026-09-26T05:30:00Z,EE,72.68,15
2026-09-26T05:30:00Z,ES,186.23,15
2026-09-26T05:30:00Z,FI,36.15,15
2026-09-26T05:30:00Z,FR,195.60,15
2026-09-26T05:30:00Z,GR,213.16,15
2026-09-26T05:30:00Z,HR,208.90,15
2026-09-26T05:30:00Z,HU,215.81,15
2026-09-26T05:30:00Z,IT-CNorth,223.61,15
2026-09-26T05:30:00Z,IT-CSouth,223.61,15
2026-09-26T05:30:00Z,IT-North,223.61,15
2026-09-26T05:30:00Z,IT-Sardinia,223.61,15
2026-09-26T05:30:00Z,IT-Sicily,225.36,15
2026-09-26T05:30:00Z,IT-South,223.61,15
2026-09-26T05:30:00Z,LT,72.68,15
2026-09-26T05:30:00Z,LV,72.68,15
2026-09-26T05:30:00Z,NL,194.63,15
2026-09-26T05:30:00Z,NO1,131.66,15
2026-09-26T05:30:00Z,NO2,152.92,15
2026-09-26T05:30:00Z,NO3,95.82,15
2026-09-26T05:30:00Z,NO4,35.23,15
2026-09-26T05:30:00Z,NO5,131.24,15
2026-09-26T05:30:00Z,PL,192.34,15
2026-09-26T05:30:00Z,PT,195.60,15
2026-09-26T05:30:00Z,RO,213.72,15
2026-09-26T05:30:00Z,SE1,36.12,15
2026-09-26T05:30:00Z,SE2,36.79,15
2026-09-26T05:30:00Z,SE3,57.56,15
2026-09-26T05:30:00Z,SE4,72.24,15
2026-09-26T05:30:00Z,SI,206.63,15
2026-09-26T05:30:00Z,SK,217.71,15
2026-09-26T05:45:00Z,AT,196.76,15
2026-09-26T05:45:00Z,BE,196.76,15
2026-09-26T05:45:00Z,CZ,196.76,15
2026-09-26T05:45:00Z,DE-LU,196.76,15
2026-09-26T05:45:00Z,DK1,196.76,15
2026-09-26T05:45:00Z,DK2,196.76,15
2026-09-26T05:45:00Z,EE,92.75,15
2026-09-26T05:45:00Z,ES,181.76,15
2026-09-26T05:45:00Z,FI,38.38,15
2026-09-26T05:45:00Z,FR,196.76,15
2026-09-26T05:45:00Z,GR,196.76,15
2026-09-26T05:45:00Z,HR,196.76,15
2026-09-26T05:45:00Z,HU,196.76,15
2026-09-26T05:45:00Z,IT-CNorth,200.32,15
2026-09-26T05:45:00Z,IT-CSouth,200.32,15
2026-09-26T05:45:00Z,IT-North,200.32,15
2026-09-26T05:45:00Z,IT-Sardinia,200.32,15
2026-09-26T05:45:00Z,IT-Sicily,205.00,15
2026-09-26T05:45:00Z,IT-South,200.32,15
2026-09-26T05:45:00Z,LT,92.75,15
2026-09-26T05:45:00Z,LV,92.75,15
2026-09-26T05:45:00Z,NL,196.76,15
2026-09-26T05:45:00Z,NO1,133.19,15
2026-09-26T05:45:00Z,NO2,153.00,15
2026-09-26T05:45:00Z,NO3,97.21,15
2026-09-26T05:45:00Z,NO4,36.99,15
2026-09-26T05:45:00Z,NO5,132.28,15
2026-09-26T05:45:00Z,PL,196.76,15
2026-09-26T05:45:00Z,PT,196.76,15
2026-09-26T05:45:00Z,RO,196.76,15
2026-09-26T05:45:00Z,SE1,38.32,15
2026-09-26T05:45:00Z,SE2,39.35,15
2026-09-26T05:45:00Z,SE3,70.24,15
2026-09-26T05:45:00Z,SE4,92.09,15
2026-09-26T05:45:00Z,SI,196.76,15
2026-09-26T05:45:00Z,SK,196.76,15
2026-09-26T06:00:00Z,AT,213.82,15
2026-09-26T06:00:00Z,BE,211.17,15
2026-09-26T06:00:00Z,CH,185.36,60
2026-09-26T06:00:00Z,CZ,207.39,15
2026-09-26T06:00:00Z,DE-LU,210.93,15
2026-09-26T06:00:00Z,DK1,210.78,15
2026-09-26T06:00:00Z,DK2,210.62,15
2026-09-26T06:00:00Z,EE,32.97,15
2026-09-26T06:00:00Z,ES,206.34,15
2026-09-26T06:00:00Z,FI,32.97,15
2026-09-26T06:00:00Z,FR,211.34,15
2026-09-26T06:00:00Z,GR,211.98,15
2026-09-26T06:00:00Z,HR,212.67,15
2026-09-26T06:00:00Z,HU,211.91,15
2026-09-26T06:00:00Z,IT-CNorth,262.08,15
2026-09-26T06:00:00Z,IT-CSouth,262.08,15
2026-09-26T06:00:00Z,IT-North,262.08,15
2026-09-26T06:00:00Z,IT-Sardinia,262.08,15
2026-09-26T06:00:00Z,IT-Sicily,350.00,15
2026-09-26T06:00:00Z,IT-South,262.08,15
2026-09-26T06:00:00Z,LT,85.20,15
2026-09-26T06:00:00Z,LV,85.20,15
2026-09-26T06:00:00Z,NL,211.07,15
2026-09-26T06:00:00Z,NO1,135.56,15
2026-09-26T06:00:00Z,NO2,153.16,15
2026-09-26T06:00:00Z,NO3,96.53,15
2026-09-26T06:00:00Z,NO4,31.78,15
2026-09-26T06:00:00Z,NO5,134.01,15
2026-09-26T06:00:00Z,PL,197.32,15
2026-09-26T06:00:00Z,PT,211.34,15
2026-09-26T06:00:00Z,RO,211.91,15
2026-09-26T06:00:00Z,RS,170.11,15
2026-09-26T06:00:00Z,SE1,32.93,15
2026-09-26T06:00:00Z,SE2,33.84,15
2026-09-26T06:00:00Z,SE3,63.25,15
2026-09-26T06:00:00Z,SE4,84.63,15
2026-09-26T06:00:00Z,SI,213.02,15
2026-09-26T06:00:00Z,SK,209.57,15
2026-09-26T06:15:00Z,AT,203.00,15
2026-09-26T06:15:00Z,BE,203.00,15
2026-09-26T06:15:00Z,CZ,203.00,15
2026-09-26T06:15:00Z,DE-LU,203.00,15
2026-09-26T06:15:00Z,DK1,203.00,15
2026-09-26T06:15:00Z,DK2,203.00,15
2026-09-26T06:15:00Z,EE,34.37,15
2026-09-26T06:15:00Z,ES,191.89,15
2026-09-26T06:15:00Z,FI,34.37,15
2026-09-26T06:15:00Z,FR,203.00,15
2026-09-26T06:15:00Z,GR,203.00,15
2026-09-26T06:15:00Z,HR,203.00,15
2026-09-26T06:15:00Z,HU,203.00,15
2026-09-26T06:15:00Z,IT-CNorth,207.30,15
2026-09-26T06:15:00Z,IT-CSouth,207.30,15
2026-09-26T06:15:00Z,IT-North,207.30,15
2026-09-26T06:15:00Z,IT-Sardinia,207.30,15
2026-09-26T06:15:00Z,IT-South,207.30,15
2026-09-26T06:15:00Z,LT,99.96,15
2026-09-26T06:15:00Z,LV,99.96,15
2026-09-26T06:15:00Z,NL,203.00,15
2026-09-26T06:15:00Z,NO1,136.00,15
2026-09-26T06:15:00Z,NO2,153.21,15
2026-09-26T06:15:00Z,NO3,96.98,15
2026-09-26T06:15:00Z,NO4,32.83,15
2026-09-26T06:15:00Z,NO5,134.04,15
2026-09-26T06:15:00Z,PL,159.91,15
2026-09-26T06:15:00Z,PT,203.00,15
2026-09-26T06:15:00Z,RO,203.00,15
2026-09-26T06:15:00Z,SE1,34.32,15
2026-09-26T06:15:00Z,SE2,35.51,15
2026-09-26T06:15:00Z,SE3,72.38,15
2026-09-26T06:15:00Z,SE4,99.23,15
2026-09-26T06:15:00Z,SI,203.00,15
2026-09-26T06:15:00Z,SK,203.00,15
2026-09-26T06:30:00Z,AT,187.34,15
2026-09-26T06:30:00Z,BE,187.34,15
2026-09-26T06:30:00Z,CZ,187.34,15
2026-09-26T06:30:00Z,DE-LU,187.34,15
2026-09-26T06:30:00Z,DK1,187.34,15
2026-09-26T06:30:00Z,DK2,187.35,15
2026-09-26T06:30:00Z,EE,35.18,15
2026-09-26T06:30:00Z,ES,173.29,15
2026-09-26T06:30:00Z,FI,35.18,15
2026-09-26T06:30:00Z,FR,187.34,15
2026-09-26T06:30:00Z,GR,187.34,15
2026-09-26T06:30:00Z,HR,187.34,15
2026-09-26T06:30:00Z,HU,187.34,15
2026-09-26T06:30:00Z,IT-CNorth,187.34,15
2026-09-26T06:30:00Z,IT-CSouth,157.94,15
2026-09-26T06:30:00Z,IT-North,187.34,15
2026-09-26T06:30:00Z,IT-Sardinia,157.94,15
2026-09-26T06:30:00Z,IT-Sicily,315.69,15
2026-09-26T06:30:00Z,IT-South,157.94,15
2026-09-26T06:30:00Z,LT,106.50,15
2026-09-26T06:30:00Z,LV,106.50,15
2026-09-26T06:30:00Z,NL,187.34,15
2026-09-26T06:30:00Z,NO1,136.38,15
2026-09-26T06:30:00Z,NO2,153.28,15
2026-09-26T06:30:00Z,NO3,97.38,15
2026-09-26T06:30:00Z,NO4,33.48,15
2026-09-26T06:30:00Z,NO5,134.26,15
2026-09-26T06:30:00Z,PL,153.01,15
2026-09-26T06:30:00Z,PT,188.29,15
2026-09-26T06:30:00Z,RO,187.34,15
2026-09-26T06:30:00Z,SE1,35.12,15
2026-09-26T06:30:00Z,SE2,36.42,15
2026-09-26T06:30:00Z,SE3,76.50,15
2026-09-26T06:30:00Z,SE4,105.69,15
2026-09-26T06:30:00Z,SI,187.34,15
2026-09-26T06:30:00Z,SK,187.34,15
2026-09-26T06:45:00Z,AT,166.40,15
2026-09-26T06:45:00Z,BE,166.40,15
2026-09-26T06:45:00Z,CZ,166.40,15
2026-09-26T06:45:00Z,DE-LU,166.40,15
2026-09-26T06:45:00Z,DK1,166.40,15
2026-09-26T06:45:00Z,DK2,166.40,15
2026-09-26T06:45:00Z,EE,37.20,15
2026-09-26T06:45:00Z,ES,159.36,15
2026-09-26T06:45:00Z,FI,37.20,15
2026-09-26T06:45:00Z,FR,166.40,15
2026-09-26T06:45:00Z,GR,166.40,15
2026-09-26T06:45:00Z,HR,166.40,15
2026-09-26T06:45:00Z,HU,166.40,15
2026-09-26T06:45:00Z,IT-CNorth,166.40,15
2026-09-26T06:45:00Z,IT-CSouth,141.40,15
2026-09-26T06:45:00Z,IT-North,166.40,15
2026-09-26T06:45:00Z,IT-Sardinia,141.40,15
2026-09-26T06:45:00Z,IT-Sicily,290.00,15
2026-09-26T06:45:00Z,IT-South,141.40,15
2026-09-26T06:45:00Z,LT,89.64,15
2026-09-26T06:45:00Z,LV,89.64,15
2026-09-26T06:45:00Z,NL,166.40,15
2026-09-26T06:45:00Z,NO1,136.18,15
2026-09-26T06:45:00Z,NO2,153.35,15
2026-09-26T06:45:00Z,NO3,98.45,15
2026-09-26T06:45:00Z,NO4,36.00,15
2026-09-26T06:45:00Z,NO5,134.59,15
2026-09-26T06:45:00Z,PL,130.25,15
2026-09-26T06:45:00Z,PT,170.00,15
2026-09-26T06:45:00Z,RO,166.40,15
2026-09-26T06:45:00Z,SE1,37.16,15
2026-09-26T06:45:00Z,SE2,38.08,15
2026-09-26T06:45:00Z,SE3,67.60,15
2026-09-26T06:45:00Z,SE4,89.07,15
2026-09-26T06:45:00Z,SI,166.40,15
2026-09-26T06:45:00Z,SK,166.40,15
2026-09-26T07:00:00Z,AT,193.17,15
2026-09-26T07:00:00Z,BE,193.17,15
2026-09-26T07:00:00Z,CH,149.40,60
2026-09-26T07:00:00Z,CZ,193.17,15
2026-09-26T07:00:00Z,DE-LU,193.17,15
2026-09-26T07:00:00Z,DK1,193.17,15
2026-09-26T07:00:00Z,DK2,193.17,15
2026-09-26T07:00:00Z,EE,34.57,15
2026-09-26T07:00:00Z,ES,181.92,15
2026-09-26T07:00:00Z,FI,34.57,15
2026-09-26T07:00:00Z,FR,193.17,15
2026-09-26T07:00:00Z,GR,193.17,15
2026-09-26T07:00:00Z,HR,193.17,15
2026-09-26T07:00:00Z,HU,193.17,15
2026-09-26T07:00:00Z,IT-CNorth,265.00,15
2026-09-26T07:00:00Z,IT-CSouth,265.00,15
2026-09-26T07:00:00Z,IT-North,265.00,15
2026-09-26T07:00:00Z,IT-Sardinia,265.00,15
2026-09-26T07:00:00Z,IT-Sicily,265.00,15
2026-09-26T07:00:00Z,IT-South,265.00,15
2026-09-26T07:00:00Z,LT,107.33,15
2026-09-26T07:00:00Z,LV,107.33,15
2026-09-26T07:00:00Z,NL,193.17,15
2026-09-26T07:00:00Z,NO1,137.62,15
2026-09-26T07:00:00Z,NO2,154.07,15
2026-09-26T07:00:00Z,NO3,97.92,15
2026-09-26T07:00:00Z,NO4,32.83,15
2026-09-26T07:00:00Z,NO5,135.48,15
2026-09-26T07:00:00Z,PL,127.39,15
2026-09-26T07:00:00Z,PT,193.17,15
2026-09-26T07:00:00Z,RO,193.17,15
2026-09-26T07:00:00Z,RS,139.92,15
2026-09-26T07:00:00Z,SE1,34.52,15
2026-09-26T07:00:00Z,SE2,35.85,15
2026-09-26T07:00:00Z,SE3,76.67,15
2026-09-26T07:00:00Z,SE4,106.51,15
2026-09-26T07:00:00Z,SI,193.17,15
2026-09-26T07:00:00Z,SK,193.17,15
2026-09-26T07:15:00Z,AT,165.98,15
2026-09-26T07:15:00Z,BE,165.98,15
2026-09-26T07:15:00Z,CZ,165.98,15
2026-09-26T07:15:00Z,DE-LU,165.98,15
2026-09-26T07:15:00Z,DK1,165.98,15
2026-09-26T07:15:00Z,DK2,165.98,15
2026-09-26T07:15:00Z,EE,34.48,15
2026-09-26T07:15:00Z,ES,153.18,15
2026-09-26T07:15:00Z,FI,34.48,15
2026-09-26T07:15:00Z,FR,165.98,15
2026-09-26T07:15:00Z,GR,165.98,15
2026-09-26T07:15:00Z,HR,165.98,15
2026-09-26T07:15:00Z,HU,165.98,15
2026-09-26T07:15:00Z,IT-CNorth,233.55,15
2026-09-26T07:15:00Z,IT-CSouth,209.20,15
2026-09-26T07:15:00Z,IT-North,233.55,15
2026-09-26T07:15:00Z,IT-Sardinia,209.20,15
2026-09-26T07:15:00Z,IT-Sicily,209.20,15
2026-09-26T07:15:00Z,IT-South,209.20,15
2026-09-26T07:15:00Z,LT,101.60,15
2026-09-26T07:15:00Z,LV,101.60,15
2026-09-26T07:15:00Z,NL,165.98,15
2026-09-26T07:15:00Z,NO1,137.39,15
2026-09-26T07:15:00Z,NO2,151.77,15
2026-09-26T07:15:00Z,NO3,98.08,15
2026-09-26T07:15:00Z,NO4,32.86,15
2026-09-26T07:15:00Z,NO5,135.72,15
2026-09-26T07:15:00Z,PL,132.32,15
2026-09-26T07:15:00Z,PT,165.98,15
2026-09-26T07:15:00Z,RO,165.98,15
2026-09-26T07:15:00Z,SE1,34.43,15
2026-09-26T07:15:00Z,SE2,35.67,15
2026-09-26T07:15:00Z,SE3,73.31,15
2026-09-26T07:15:00Z,SE4,100.84,15
2026-09-26T07:15:00Z,SI,165.98,15
2026-09-26T07:15:00Z,SK,165.98,15
2026-09-26T07:30:00Z,AT,139.03,15
2026-09-26T07:30:00Z,BE,139.03,15
2026-09-26T07:30:00Z,CZ,139.03,15
2026-09-26T07:30:00Z,DE-LU,139.03,15
2026-09-26T07:30:00Z,DK1,139.03,15
2026-09-26T07:30:00Z,DK2,139.03,15
2026-09-26T07:30:00Z,EE,37.13,15
2026-09-26T07:30:00Z,ES,117.33,15
2026-09-26T07:30:00Z,FI,37.13,15
2026-09-26T07:30:00Z,FR,139.03,15
2026-09-26T07:30:00Z,GR,150.00,15
2026-09-26T07:30:00Z,HR,139.03,15
2026-09-26T07:30:00Z,HU,139.03,15
2026-09-26T07:30:00Z,IT-CNorth,187.87,15
2026-09-26T07:30:00Z,IT-CSouth,171.74,15
2026-09-26T07:30:00Z,IT-North,187.87,15
2026-09-26T07:30:00Z,IT-Sardinia,171.74,15
2026-09-26T07:30:00Z,IT-Sicily,171.74,15
2026-09-26T07:30:00Z,IT-South,171.74,15
2026-09-26T07:30:00Z,LT,82.79,15
2026-09-26T07:30:00Z,LV,82.79,15
2026-09-26T07:30:00Z,NL,139.03,15
2026-09-26T07:30:00Z,NO1,136.04,15
2026-09-26T07:30:00Z,NO2,144.49,15
2026-09-26T07:30:00Z,NO3,99.27,15
2026-09-26T07:30:00Z,NO4,36.00,15
2026-09-26T07:30:00Z,NO5,135.83,15
2026-09-26T07:30:00Z,PL,139.03,15
2026-09-26T07:30:00Z,PT,139.03,15
2026-09-26T07:30:00Z,RO,139.03,15
2026-09-26T07:30:00Z,SE1,37.09,15
2026-09-26T07:30:00Z,SE2,37.95,15
2026-09-26T07:30:00Z,SE3,63.53,15
2026-09-26T07:30:00Z,SE4,82.26,15
2026-09-26T07:30:00Z,SI,139.03,15
2026-09-26T07:30:00Z,SK,139.03,15
2026-09-26T07:45:00Z,AT,127.59,15
2026-09-26T07:45:00Z,BE,127.59,15
2026-09-26T07:45:00Z,CZ,127.59,15
2026-09-26T07:45:00Z,DE-LU,127.59,15
2026-09-26T07:45:00Z,DK1,127.59,15
2026-09-26T07:45:00Z,DK2,127.59,15
2026-09-26T07:45:00Z,EE,34.99,15
2026-09-26T07:45:00Z,ES,51.88,15
2026-09-26T07:45:00Z,FI,34.99,15
2026-09-26T07:45:00Z,FR,127.59,15
2026-09-26T07:45:00Z,GR,149.75,15
2026-09-26T07:45:00Z,HR,127.59,15
2026-09-26T07:45:00Z,HU,127.59,15
2026-09-26T07:45:00Z,IT-CNorth,173.58,15
2026-09-26T07:45:00Z,IT-CSouth,85.00,15
2026-09-26T07:45:00Z,IT-North,173.58,15
2026-09-26T07:45:00Z,IT-Sardinia,85.00,15
2026-09-26T07:45:00Z,IT-Sicily,85.00,15
2026-09-26T07:45:00Z,IT-South,85.00,15
2026-09-26T07:45:00Z,LT,71.43,15
2026-09-26T07:45:00Z,LV,71.43,15
2026-09-26T07:45:00Z,NL,127.59,15
2026-09-26T07:45:00Z,NO1,133.43,15
2026-09-26T07:45:00Z,NO2,135.71,15
2026-09-26T07:45:00Z,NO3,100.55,15
2026-09-26T07:45:00Z,NO4,35.19,15
2026-09-26T07:45:00Z,NO5,134.45,15
2026-09-26T07:45:00Z,PL,127.59,15
2026-09-26T07:45:00Z,PT,111.20,15
2026-09-26T07:45:00Z,RO,127.59,15
2026-09-26T07:45:00Z,SE1,35.00,15
2026-09-26T07:45:00Z,SE2,35.22,15
2026-09-26T07:45:00Z,SE3,55.99,15
2026-09-26T07:45:00Z,SE4,71.08,15
2026-09-26T07:45:00Z,SI,127.59,15
2026-09-26T07:45:00Z,SK,127.59,15
2026-09-26T08:00:00Z,AT,132.41,15
2026-09-26T08:00:00Z,BE,132.41,15
2026-09-26T08:00:00Z,CH,109.00,60
2026-09-26T08:00:00Z,CZ,132.41,15
2026-09-26T08:00:00Z,DE-LU,132.41,15
2026-09-26T08:00:00Z,DK1,132.41,15
2026-09-26T08:00:00Z,DK2,132.41,15
2026-09-26T08:00:00Z,EE,92.48,15
2026-09-26T08:00:00Z,ES,49.96,15
2026-09-26T08:00:00Z,FI,42.99,15
2026-09-26T08:00:00Z,FR,132.41,15
2026-09-26T08:00:00Z,GR,132.41,15
2026-09-26T08:00:00Z,HR,132.41,15
2026-09-26T08:00:00Z,HU,132.41,15
2026-09-26T08:00:00Z,IT-CNorth,215.09,15
2026-09-26T08:00:00Z,IT-CSouth,189.65,15
2026-09-26T08:00:00Z,IT-North,215.09,15
2026-09-26T08:00:00Z,IT-Sardinia,189.65,15
2026-09-26T08:00:00Z,IT-Sicily,189.65,15
2026-09-26T08:00:00Z,IT-South,189.65,15
2026-09-26T08:00:00Z,LT,92.48,15
2026-09-26T08:00:00Z,LV,92.48,15
2026-09-26T08:00:00Z,NL,132.41,15
2026-09-26T08:00:00Z,NO1,130.40,15
2026-09-26T08:00:00Z,NO2,132.58,15
2026-09-26T08:00:00Z,NO3,99.22,15
2026-09-26T08:00:00Z,NO4,40.82,15
2026-09-26T08:00:00Z,NO5,130.54,15
2026-09-26T08:00:00Z,PL,132.41,15
2026-09-26T08:00:00Z,PT,105.07,15
2026-09-26T08:00:00Z,RO,132.41,15
2026-09-26T08:00:00Z,RS,100.00,15
2026-09-26T08:00:00Z,SE1,42.93,15
2026-09-26T08:00:00Z,SE2,44.19,15
2026-09-26T08:00:00Z,SE3,71.61,15
2026-09-26T08:00:00Z,SE4,91.91,15
2026-09-26T08:00:00Z,SI,132.41,15
2026-09-26T08:00:00Z,SK,132.41,15
2026-09-26T08:15:00Z,AT,120.56,15
2026-09-26T08:15:00Z,BE,120.56,15
2026-09-26T08:15:00Z,CZ,120.56,15
2026-09-26T08:15:00Z,DE-LU,120.56,15
2026-09-26T08:15:00Z,DK1,120.56,15
2026-09-26T08:15:00Z,DK2,120.56,15
2026-09-26T08:15:00Z,EE,43.67,15
2026-09-26T08:15:00Z,ES,122.48,15
2026-09-26T08:15:00Z,FI,42.37,15
2026-09-26T08:15:00Z,FR,120.56,15
2026-09-26T08:15:00Z,GR,120.56,15
2026-09-26T08:15:00Z,HR,120.56,15
2026-09-26T08:15:00Z,HU,120.56,15
2026-09-26T08:15:00Z,IT-CNorth,185.03,15
2026-09-26T08:15:00Z,IT-CSouth,100.84,15
2026-09-26T08:15:00Z,IT-North,185.03,15
2026-09-26T08:15:00Z,IT-Sardinia,100.84,15
2026-09-26T08:15:00Z,IT-Sicily,100.84,15
2026-09-26T08:15:00Z,IT-South,100.84,15
2026-09-26T08:15:00Z,LT,43.67,15
2026-09-26T08:15:00Z,LV,43.67,15
2026-09-26T08:15:00Z,NL,120.56,15
2026-09-26T08:15:00Z,NO1,123.29,15
2026-09-26T08:15:00Z,NO2,124.63,15
2026-09-26T08:15:00Z,NO3,102.26,15
2026-09-26T08:15:00Z,NO4,42.84,15
2026-09-26T08:15:00Z,NO5,125.49,15
2026-09-26T08:15:00Z,PL,120.56,15
2026-09-26T08:15:00Z,PT,89.63,15
2026-09-26T08:15:00Z,RO,120.56,15
2026-09-26T08:15:00Z,SE1,42.39,15
2026-09-26T08:15:00Z,SE2,42.00,15
2026-09-26T08:15:00Z,SE3,43.32,15
2026-09-26T08:15:00Z,SE4,43.91,15
2026-09-26T08:15:00Z,SI,120.56,15
2026-09-26T08:15:00Z,SK,120.56,15
2026-09-26T08:30:00Z,AT,104.99,15
2026-09-26T08:30:00Z,BE,104.99,15
2026-09-26T08:30:00Z,CZ,104.99,15
2026-09-26T08:30:00Z,DE-LU,104.99,15
2026-09-26T08:30:00Z,DK1,104.99,15
2026-09-26T08:30:00Z,DK2,104.97,15
2026-09-26T08:30:00Z,EE,39.26,15
2026-09-26T08:30:00Z,ES,24.37,15
2026-09-26T08:30:00Z,FI,29.70,15
2026-09-26T08:30:00Z,FR,104.99,15
2026-09-26T08:30:00Z,GR,104.99,15
2026-09-26T08:30:00Z,HR,104.99,15
2026-09-26T08:30:00Z,HU,104.99,15
2026-09-26T08:30:00Z,IT-CNorth,181.76,15
2026-09-26T08:30:00Z,IT-CSouth,85.00,15
2026-09-26T08:30:00Z,IT-North,181.76,15
2026-09-26T08:30:00Z,IT-Sardinia,85.00,15
2026-09-26T08:30:00Z,IT-Sicily,85.00,15
2026-09-26T08:30:00Z,IT-South,85.00,15
2026-09-26T08:30:00Z,LT,39.26,15
2026-09-26T08:30:00Z,LV,39.26,15
2026-09-26T08:30:00Z,NL,104.99,15
2026-09-26T08:30:00Z,NO1,98.23,15
2026-09-26T08:30:00Z,NO2,106.38,15
2026-09-26T08:30:00Z,NO3,103.34,15
2026-09-26T08:30:00Z,NO4,35.29,15
2026-09-26T08:30:00Z,NO5,124.64,15
2026-09-26T08:30:00Z,PL,104.99,15
2026-09-26T08:30:00Z,PT,38.66,15
2026-09-26T08:30:00Z,RO,104.99,15
2026-09-26T08:30:00Z,SE1,29.88,15
2026-09-26T08:30:00Z,SE2,25.31,15
2026-09-26T08:30:00Z,SE3,37.55,15
2026-09-26T08:30:00Z,SE4,42.10,15
2026-09-26T08:30:00Z,SI,104.99,15
2026-09-26T08:30:00Z,SK,104.99,15
2026-09-26T08:45:00Z,AT,92.00,15
2026-09-26T08:45:00Z,BE,102.66,15
2026-09-26T08:45:00Z,CZ,91.44,15
2026-09-26T08:45:00Z,DE-LU,90.00,15
2026-09-26T08:45:00Z,DK1,90.50,15
2026-09-26T08:45:00Z,DK2,90.55,15
2026-09-26T08:45:00Z,EE,37.39,15
2026-09-26T08:45:00Z,ES,23.08,15
2026-09-26T08:45:00Z,FI,26.25,15
2026-09-26T08:45:00Z,FR,97.54,15
2026-09-26T08:45:00Z,GR,91.92,15
2026-09-26T08:45:00Z,HR,92.19,15
2026-09-26T08:45:00Z,HU,91.84,15
2026-09-26T08:45:00Z,IT-CNorth,158.52,15
2026-09-26T08:45:00Z,IT-CSouth,66.50,15
2026-09-26T08:45:00Z,IT-North,158.52,15
2026-09-26T08:45:00Z,IT-Sardinia,66.50,15
2026-09-26T08:45:00Z,IT-Sicily,66.50,15
2026-09-26T08:45:00Z,IT-South,66.50,15
2026-09-26T08:45:00Z,LT,37.39,15
2026-09-26T08:45:00Z,LV,37.39,15
2026-09-26T08:45:00Z,NL,101.02,15
2026-09-26T08:45:00Z,NO1,87.24,15
2026-09-26T08:45:00Z,NO2,95.79,15
2026-09-26T08:45:00Z,NO3,102.01,15
2026-09-26T08:45:00Z,NO4,32.76,15
2026-09-26T08:45:00Z,NO5,116.75,15
2026-09-26T08:45:00Z,PL,91.22,15
2026-09-26T08:45:00Z,PT,4.77,15
2026-09-26T08:45:00Z,RO,91.90,15
2026-09-26T08:45:00Z,SE1,26.47,15
2026-09-26T08:45:00Z,SE2,21.13,15
2026-09-26T08:45:00Z,SE3,35.40,15
2026-09-26T08:45:00Z,SE4,40.69,15
2026-09-26T08:45:00Z,SI,92.26,15
2026-09-26T08:45:00Z,SK,91.59,15
2026-09-26T09:00:00Z,AT,78.49,15
2026-09-26T09:00:00Z,BE,78.49,15
2026-09-26T09:00:00Z,CH,48.19,60
2026-09-26T09:00:00Z,CZ,78.49,15
2026-09-26T09:00:00Z,DE-LU,78.49,15
2026-09-26T09:00:00Z,DK1,78.49,15
2026-09-26T09:00:00Z,DK2,78.47,15
2026-09-26T09:00:00Z,EE,43.03,15
2026-09-26T09:00:00Z,ES,7.08,15
2026-09-26T09:00:00Z,FI,43.03,15
2026-09-26T09:00:00Z,FR,78.49,15
2026-09-26T09:00:00Z,GR,78.49,15
2026-09-26T09:00:00Z,HR,78.49,15
2026-09-26T09:00:00Z,HU,78.49,15
2026-09-26T09:00:00Z,IT-CNorth,175.30,15
2026-09-26T09:00:00Z,IT-CSouth,2.30,15
2026-09-26T09:00:00Z,IT-North,175.30,15
2026-09-26T09:00:00Z,IT-Sardinia,2.30,15
2026-09-26T09:00:00Z,IT-Sicily,2.30,15
2026-09-26T09:00:00Z,IT-South,2.30,15
2026-09-26T09:00:00Z,LT,50.67,15
2026-09-26T09:00:00Z,LV,50.67,15
2026-09-26T09:00:00Z,NL,78.49,15
2026-09-26T09:00:00Z,NO1,85.33,15
2026-09-26T09:00:00Z,NO2,89.98,15
2026-09-26T09:00:00Z,NO3,100.64,15
2026-09-26T09:00:00Z,NO4,47.49,15
2026-09-26T09:00:00Z,NO5,103.60,15
2026-09-26T09:00:00Z,PL,78.49,15
2026-09-26T09:00:00Z,PT,6.74,15
2026-09-26T09:00:00Z,RO,78.49,15
2026-09-26T09:00:00Z,RS,61.03,15
2026-09-26T09:00:00Z,SE1,43.18,15
2026-09-26T09:00:00Z,SE2,39.53,15
2026-09-26T09:00:00Z,SE3,49.31,15
2026-09-26T09:00:00Z,SE4,52.95,15
2026-09-26T09:00:00Z,SI,78.49,15
2026-09-26T09:00:00Z,SK,78.49,15
2026-09-26T09:15:00Z,AT,59.02,15
2026-09-26T09:15:00Z,BE,61.43,15
2026-09-26T09:15:00Z,CZ,59.05,15
2026-09-26T09:15:00Z,DE-LU,59.07,15
2026-09-26T09:15:00Z,DK1,59.27,15
2026-09-26T09:15:00Z,DK2,59.17,15
2026-09-26T09:15:00Z,EE,39.62,15
2026-09-26T09:15:00Z,ES,2.00,15
2026-09-26T09:15:00Z,FI,39.62,15
2026-09-26T09:15:00Z,FR,59.02,15
2026-09-26T09:15:00Z,GR,59.03,15
2026-09-26T09:15:00Z,HR,59.02,15
2026-09-26T09:15:00Z,HU,59.04,15
2026-09-26T09:15:00Z,IT-CNorth,176.10,15
2026-09-26T09:15:00Z,IT-CSouth,1.00,15
2026-09-26T09:15:00Z,IT-North,176.10,15
2026-09-26T09:15:00Z,IT-Sardinia,1.00,15
2026-09-26T09:15:00Z,IT-Sicily,1.00,15
2026-09-26T09:15:00Z,IT-South,1.00,15
2026-09-26T09:15:00Z,LT,46.29,15
2026-09-26T09:15:00Z,LV,46.29,15
2026-09-26T09:15:00Z,NL,60.73,15
2026-09-26T09:15:00Z,NO1,77.42,15
2026-09-26T09:15:00Z,NO2,79.19,15
2026-09-26T09:15:00Z,NO3,100.44,15
2026-09-26T09:15:00Z,NO4,43.49,15
2026-09-26T09:15:00Z,NO5,89.67,15
2026-09-26T09:15:00Z,PL,59.08,15
2026-09-26T09:15:00Z,PT,1.50,15
2026-09-26T09:15:00Z,RO,59.04,15
2026-09-26T09:15:00Z,SE1,39.75,15
2026-09-26T09:15:00Z,SE2,36.56,15
2026-09-26T09:15:00Z,SE3,45.10,15
2026-09-26T09:15:00Z,SE4,48.29,15
2026-09-26T09:15:00Z,SI,59.02,15
2026-09-26T09:15:00Z,SK,59.05,15
2026-09-26T09:30:00Z,AT,46.32,15
2026-09-26T09:30:00Z,BE,46.32,15
2026-09-26T09:30:00Z,CZ,46.32,15
2026-09-26T09:30:00Z,DE-LU,46.32,15
2026-09-26T09:30:00Z,DK1,46.32,15
2026-09-26T09:30:00Z,DK2,46.31,15
2026-09-26T09:30:00Z,EE,30.28,15
2026-09-26T09:30:00Z,ES,1.75,15
2026-09-26T09:30:00Z,FI,30.28,15
2026-09-26T09:30:00Z,FR,46.32,15
2026-09-26T09:30:00Z,GR,83.60,15
2026-09-26T09:30:00Z,HR,46.32,15
2026-09-26T09:30:00Z,HU,46.32,15
2026-09-26T09:30:00Z,IT-CNorth,149.00,15
2026-09-26T09:30:00Z,IT-CSouth,15.00,15
2026-09-26T09:30:00Z,IT-North,149.00,15
2026-09-26T09:30:00Z,IT-Sardinia,15.00,15
2026-09-26T09:30:00Z,IT-Sicily,0.02,15
2026-09-26T09:30:00Z,IT-South,15.00,15
2026-09-26T09:30:00Z,LT,46.32,15
2026-09-26T09:30:00Z,LV,46.32,15
2026-09-26T09:30:00Z,NL,46.32,15
2026-09-26T09:30:00Z,NO1,70.20,15
2026-09-26T09:30:00Z,NO2,70.85,15
2026-09-26T09:30:00Z,NO3,99.04,15
2026-09-26T09:30:00Z,NO4,33.61,15
2026-09-26T09:30:00Z,NO5,80.99,15
2026-09-26T09:30:00Z,PL,46.32,15
2026-09-26T09:30:00Z,RO,46.32,15
2026-09-26T09:30:00Z,SE1,30.40,15
2026-09-26T09:30:00Z,SE2,27.33,15
2026-09-26T09:30:00Z,SE3,36.21,15
2026-09-26T09:30:00Z,SE4,39.52,15
2026-09-26T09:30:00Z,SI,46.32,15
2026-09-26T09:30:00Z,SK,46.32,15
2026-09-26T09:45:00Z,AT,29.99,15
2026-09-26T09:45:00Z,BE,54.72,15
2026-09-26T09:45:00Z,CZ,29.60,15
2026-09-26T09:45:00Z,DE-LU,28.53,15
2026-09-26T09:45:00Z,DK1,31.68,15
2026-09-26T09:45:00Z,DK2,32.09,15
2026-09-26T09:45:00Z,EE,23.90,15
2026-09-26T09:45:00Z,ES,1.08,15
2026-09-26T09:45:00Z,FI,23.91,15
2026-09-26T09:45:00Z,FR,39.62,15
2026-09-26T09:45:00Z,GR,59.86,15
2026-09-26T09:45:00Z,HR,30.33,15
2026-09-26T09:45:00Z,HU,29.98,15
2026-09-26T09:45:00Z,IT-CSouth,30.00,15
2026-09-26T09:45:00Z,IT-Sardinia,30.00,15
2026-09-26T09:45:00Z,IT-Sicily,0.00,15
2026-09-26T09:45:00Z,IT-South,30.00,15
2026-09-26T09:45:00Z,LT,29.46,15
2026-09-26T09:45:00Z,LV,29.46,15
2026-09-26T09:45:00Z,NL,54.20,15
2026-09-26T09:45:00Z,NO1,62.00,15
2026-09-26T09:45:00Z,NO2,61.08,15
2026-09-26T09:45:00Z,NO3,97.06,15
2026-09-26T09:45:00Z,NO4,31.21,15
2026-09-26T09:45:00Z,NO5,70.03,15
2026-09-26T09:45:00Z,PL,29.47,15
2026-09-26T09:45:00Z,PT,1.08,15
2026-09-26T09:45:00Z,RO,30.05,15
2026-09-26T09:45:00Z,SE1,24.13,15
2026-09-26T09:45:00Z,SE2,19.68,15
2026-09-26T09:45:00Z,SE3,28.29,15
2026-09-26T09:45:00Z,SE4,31.46,15
2026-09-26T09:45:00Z,SI,30.39,15
2026-09-26T09:45:00Z,SK,29.76,15
2026-09-26T10:00:00Z,AT,18.29,15
2026-09-26T10:00:00Z,BE,48.12,15
2026-09-26T10:00:00Z,CH,9.35,60
2026-09-26T10:00:00Z,CZ,17.51,15
2026-09-26T10:00:00Z,DE-LU,17.33,15
2026-09-26T10:00:00Z,DK1,23.79,15
2026-09-26T10:00:00Z,DK2,29.79,15
2026-09-26T10:00:00Z,EE,29.23,15
2026-09-26T10:00:00Z,ES,2.00,15
2026-09-26T10:00:00Z,FI,29.23,15
2026-09-26T10:00:00Z,FR,30.30,15
2026-09-26T10:00:00Z,GR,135.00,15
2026-09-26T10:00:00Z,HR,18.58,15
2026-09-26T10:00:00Z,HU,18.00,15
2026-09-26T10:00:00Z,IT-CSouth,9.94,15
2026-09-26T10:00:00Z,IT-Sardinia,9.94,15
2026-09-26T10:00:00Z,IT-South,9.94,15
2026-09-26T10:00:00Z,LT,40.61,15
2026-09-26T10:00:00Z,LV,40.61,15
2026-09-26T10:00:00Z,NL,47.46,15
2026-09-26T10:00:00Z,NO1,38.01,15
2026-09-26T10:00:00Z,NO2,24.49,15
2026-09-26T10:00:00Z,NO3,59.12,15
2026-09-26T10:00:00Z,NO4,32.83,15
2026-09-26T10:00:00Z,NO5,59.30,15
2026-09-26T10:00:00Z,PL,16.60,15
2026-09-26T10:00:00Z,PT,1.75,15
2026-09-26T10:00:00Z,RO,18.09,15
2026-09-26T10:00:00Z,RS,38.00,15
2026-09-26T10:00:00Z,SE1,29.34,15
2026-09-26T10:00:00Z,SE2,27.72,15
2026-09-26T10:00:00Z,SE3,29.17,15
2026-09-26T10:00:00Z,SE4,29.68,15
2026-09-26T10:00:00Z,SI,18.71,15
2026-09-26T10:00:00Z,SK,17.54,15
2026-09-26T10:15:00Z,AT,13.93,15
2026-09-26T10:15:00Z,BE,46.80,15
2026-09-26T10:15:00Z,CZ,13.22,15
2026-09-26T10:15:00Z,DE-LU,12.51,15
2026-09-26T10:15:00Z,DK1,18.29,15
2026-09-26T10:15:00Z,DK2,22.18,15
2026-09-26T10:15:00Z,EE,24.24,15
2026-09-26T10:15:00Z,ES,1.50,15
2026-09-26T10:15:00Z,FI,24.25,15
2026-09-26T10:15:00Z,FR,26.93,15
2026-09-26T10:15:00Z,GR,15.50,15
2026-09-26T10:15:00Z,HR,14.30,15
2026-09-26T10:15:00Z,HU,13.75,15
2026-09-26T10:15:00Z,IT-CSouth,13.04,15
2026-09-26T10:15:00Z,IT-Sardinia,13.04,15
2026-09-26T10:15:00Z,IT-Sicily,13.04,15
2026-09-26T10:15:00Z,IT-South,13.04,15
2026-09-26T10:15:00Z,LT,35.34,15
2026-09-26T10:15:00Z,LV,35.34,15
2026-09-26T10:15:00Z,NL,45.98,15
2026-09-26T10:15:00Z,NO1,31.00,15
2026-09-26T10:15:00Z,NO2,18.88,15
2026-09-26T10:15:00Z,NO3,52.72,15
2026-09-26T10:15:00Z,NO4,36.01,15
2026-09-26T10:15:00Z,NO5,49.99,15
2026-09-26T10:15:00Z,PL,12.60,15
2026-09-26T10:15:00Z,RO,13.84,15
2026-09-26T10:15:00Z,SE1,24.59,15
2026-09-26T10:15:00Z,SE2,20.00,15
2026-09-26T10:15:00Z,SE3,21.57,15
2026-09-26T10:15:00Z,SE4,22.06,15
2026-09-26T10:15:00Z,SI,14.42,15
2026-09-26T10:15:00Z,SK,13.34,15
2026-09-26T10:30:00Z,AT,10.73,15
2026-09-26T10:30:00Z,BE,40.00,15
2026-09-26T10:30:00Z,CZ,10.11,15
2026-09-26T10:30:00Z,DE-LU,9.47,15
2026-09-26T10:30:00Z,DK1,14.63,15
2026-09-26T10:30:00Z,DK2,18.09,15
2026-09-26T10:30:00Z,EE,20.98,15
2026-09-26T10:30:00Z,ES,1.95,15
2026-09-26T10:30:00Z,FI,20.99,15
2026-09-26T10:30:00Z,FR,22.31,15
2026-09-26T10:30:00Z,GR,35.00,15
2026-09-26T10:30:00Z,HR,11.07,15
2026-09-26T10:30:00Z,HU,10.57,15
2026-09-26T10:30:00Z,IT-CSouth,15.96,15
2026-09-26T10:30:00Z,IT-Sardinia,15.96,15
2026-09-26T10:30:00Z,IT-South,15.96,15
2026-09-26T10:30:00Z,LT,91.54,15
2026-09-26T10:30:00Z,LV,91.54,15
2026-09-26T10:30:00Z,NL,39.26,15
2026-09-26T10:30:00Z,NO1,27.57,15
2026-09-26T10:30:00Z,NO2,15.12,15
2026-09-26T10:30:00Z,NO3,50.69,15
2026-09-26T10:30:00Z,NO4,35.61,15
2026-09-26T10:30:00Z,NO5,47.05,15
2026-09-26T10:30:00Z,PL,9.55,15
2026-09-26T10:30:00Z,RO,10.66,15
2026-09-26T10:30:00Z,SE1,21.42,15
2026-09-26T10:30:00Z,SE2,15.76,15
2026-09-26T10:30:00Z,SE3,17.45,15
2026-09-26T10:30:00Z,SE4,17.96,15
2026-09-26T10:30:00Z,SI,11.18,15
2026-09-26T10:30:00Z,SK,10.21,15
2026-09-26T10:45:00Z,AT,5.50,15
2026-09-26T10:45:00Z,BE,31.86,15
2026-09-26T10:45:00Z,CZ,4.78,15
2026-09-26T10:45:00Z,DE-LU,4.71,15
2026-09-26T10:45:00Z,DK1,13.22,15
2026-09-26T10:45:00Z,DK2,16.42,15
2026-09-26T10:45:00Z,EE,19.74,15
2026-09-26T10:45:00Z,ES,1.50,15
2026-09-26T10:45:00Z,FI,19.75,15
2026-09-26T10:45:00Z,FR,16.15,15
2026-09-26T10:45:00Z,GR,15.25,15
2026-09-26T10:45:00Z,HR,5.75,15
2026-09-26T10:45:00Z,HU,5.22,15
2026-09-26T10:45:00Z,IT-CNorth,145.12,15
2026-09-26T10:45:00Z,IT-CSouth,20.00,15
2026-09-26T10:45:00Z,IT-North,145.12,15
2026-09-26T10:45:00Z,IT-Sardinia,20.00,15
2026-09-26T10:45:00Z,IT-South,20.00,15
2026-09-26T10:45:00Z,LT,35.34,15
2026-09-26T10:45:00Z,LV,35.34,15
2026-09-26T10:45:00Z,NL,31.29,15
2026-09-26T10:45:00Z,NO1,26.36,15
2026-09-26T10:45:00Z,NO2,10.96,15
2026-09-26T10:45:00Z,NO3,52.18,15
2026-09-26T10:45:00Z,NO4,35.35,15
2026-09-26T10:45:00Z,NO5,50.56,15
2026-09-26T10:45:00Z,PL,3.91,15
2026-09-26T10:45:00Z,RO,5.30,15
2026-09-26T10:45:00Z,SE1,20.20,15
2026-09-26T10:45:00Z,SE2,14.21,15
2026-09-26T10:45:00Z,SE3,15.82,15
2026-09-26T10:45:00Z,SE4,16.30,15
2026-09-26T10:45:00Z,SI,5.86,15
2026-09-26T10:45:00Z,SK,4.80,15
2026-09-26T11:00:00Z,AT,4.75,15
2026-09-26T11:00:00Z,BE,25.39,15
2026-09-26T11:00:00Z,CH,1.50,60
2026-09-26T11:00:00Z,CZ,4.14,15
2026-09-26T11:00:00Z,DE-LU,4.64,15
2026-09-26T11:00:00Z,DK1,12.59,15
2026-09-26T11:00:00Z,DK2,16.14,15
2026-09-26T11:00:00Z,EE,19.41,15
2026-09-26T11:00:00Z,ES,2.00,15
2026-09-26T11:00:00Z,FI,19.42,15
2026-09-26T11:00:00Z,FR,11.42,15
2026-09-26T11:00:00Z,GR,135.01,15
2026-09-26T11:00:00Z,HR,4.79,15
2026-09-26T11:00:00Z,HU,4.40,15
2026-09-26T11:00:00Z,IT-CNorth,130.17,15
2026-09-26T11:00:00Z,IT-CSouth,13.04,15
2026-09-26T11:00:00Z,IT-North,130.17,15
2026-09-26T11:00:00Z,IT-Sardinia,13.04,15
2026-09-26T11:00:00Z,IT-South,13.04,15
2026-09-26T11:00:00Z,LT,85.36,15
2026-09-26T11:00:00Z,LV,85.36,15
2026-09-26T11:00:00Z,NL,23.83,15
2026-09-26T11:00:00Z,NO1,25.77,15
2026-09-26T11:00:00Z,NO2,10.28,15
2026-09-26T11:00:00Z,NO3,50.99,15
2026-09-26T11:00:00Z,NO4,34.51,15
2026-09-26T11:00:00Z,NO5,49.99,15
2026-09-26T11:00:00Z,PL,3.28,15
2026-09-26T11:00:00Z,RO,4.45,15
2026-09-26T11:00:00Z,RS,38.40,15
2026-09-26T11:00:00Z,SE1,19.87,15
2026-09-26T11:00:00Z,SE2,14.07,15
2026-09-26T11:00:00Z,SE3,15.58,15
2026-09-26T11:00:00Z,SE4,16.02,15
2026-09-26T11:00:00Z,SI,4.88,15
2026-09-26T11:00:00Z,SK,4.06,15
2026-09-26T11:15:00Z,AT,2.22,15
2026-09-26T11:15:00Z,BE,22.03,15
2026-09-26T11:15:00Z,CZ,2.09,15
2026-09-26T11:15:00Z,DE-LU,3.73,15
2026-09-26T11:15:00Z,DK1,11.49,15
2026-09-26T11:15:00Z,DK2,15.36,15
2026-09-26T11:15:00Z,EE,18.71,15
2026-09-26T11:15:00Z,ES,2.01,15
2026-09-26T11:15:00Z,FI,18.71,15
2026-09-26T11:15:00Z,FR,2.22,15
2026-09-26T11:15:00Z,GR,50.01,15
2026-09-26T11:15:00Z,HR,2.08,15
2026-09-26T11:15:00Z,HU,2.00,15
2026-09-26T11:15:00Z,IT-CNorth,125.73,15
2026-09-26T11:15:00Z,IT-North,125.73,15
2026-09-26T11:15:00Z,LT,35.34,15
2026-09-26T11:15:00Z,LV,35.34,15
2026-09-26T11:15:00Z,NL,16.01,15
2026-09-26T11:15:00Z,NO1,25.03,15
2026-09-26T11:15:00Z,NO2,9.03,15
2026-09-26T11:15:00Z,NO3,50.65,15
2026-09-26T11:15:00Z,NO4,33.91,15
2026-09-26T11:15:00Z,NO5,50.07,15
2026-09-26T11:15:00Z,PL,1.32,15
2026-09-26T11:15:00Z,PT,1.00,15
2026-09-26T11:15:00Z,RO,1.99,15
2026-09-26T11:15:00Z,SE1,19.16,15
2026-09-26T11:15:00Z,SE2,13.33,15
2026-09-26T11:15:00Z,SE3,14.82,15
2026-09-26T11:15:00Z,SE4,15.25,15
2026-09-26T11:15:00Z,SI,2.11,15
2026-09-26T11:15:00Z,SK,1.86,15
2026-09-26T11:30:00Z,AT,0.86,15
2026-09-26T11:30:00Z,BE,24.27,15
2026-09-26T11:30:00Z,CZ,0.82,15
2026-09-26T11:30:00Z,DE-LU,2.43,15
2026-09-26T11:30:00Z,DK1,10.46,15
2026-09-26T11:30:00Z,DK2,13.79,15
2026-09-26T11:30:00Z,EE,17.44,15
2026-09-26T11:30:00Z,ES,1.75,15
2026-09-26T11:30:00Z,FI,17.45,15
2026-09-26T11:30:00Z,FR,0.76,15
2026-09-26T11:30:00Z,GR,98.04,15
2026-09-26T11:30:00Z,HR,0.74,15
2026-09-26T11:30:00Z,HU,0.70,15
2026-09-26T11:30:00Z,IT-CNorth,130.36,15
2026-09-26T11:30:00Z,IT-North,130.36,15
2026-09-26T11:30:00Z,NL,17.12,15
2026-09-26T11:30:00Z,NO1,24.82,15
2026-09-26T11:30:00Z,NO2,7.87,15
2026-09-26T11:30:00Z,NO3,53.15,15
2026-09-26T11:30:00Z,NO4,34.63,15
2026-09-26T11:30:00Z,NO5,51.28,15
2026-09-26T11:30:00Z,PL,0.13,15
2026-09-26T11:30:00Z,PT,0.71,15
2026-09-26T11:30:00Z,RO,0.69,15
2026-09-26T11:30:00Z,SE1,17.96,15
2026-09-26T11:30:00Z,SE2,11.35,15
2026-09-26T11:30:00Z,SE3,13.13,15
2026-09-26T11:30:00Z,SE4,13.65,15
2026-09-26T11:30:00Z,SI,0.76,15
2026-09-26T11:30:00Z,SK,0.59,15
2026-09-26T11:45:00Z,AT,-2.24,15
2026-09-26T11:45:00Z,BE,24.31,15
2026-09-26T11:45:00Z,DE-LU,2.42,15
2026-09-26T11:45:00Z,DK1,12.47,15
2026-09-26T11:45:00Z,DK2,13.22,15
2026-09-26T11:45:00Z,EE,16.94,15
2026-09-26T11:45:00Z,ES,1.95,15
2026-09-26T11:45:00Z,FI,16.95,15
2026-09-26T11:45:00Z,GR,35.03,15
2026-09-26T11:45:00Z,IT-CNorth,126.34,15
2026-09-26T11:45:00Z,IT-North,126.34,15
2026-09-26T11:45:00Z,LT,21.67,15
2026-09-26T11:45:00Z,LV,21.67,15
2026-09-26T11:45:00Z,NL,17.15,15
2026-09-26T11:45:00Z,NO1,25.95,15
2026-09-26T11:45:00Z,NO2,10.41,15
2026-09-26T11:45:00Z,NO3,55.93,15
2026-09-26T11:45:00Z,NO4,36.32,15
2026-09-26T11:45:00Z,NO5,49.99,15
2026-09-26T11:45:00Z,PL,0.14,15
2026-09-26T11:45:00Z,PT,0.66,15
2026-09-26T11:45:00Z,SE1,17.53,15
2026-09-26T11:45:00Z,SE2,10.01,15
2026-09-26T11:45:00Z,SE3,12.34,15
2026-09-26T11:45:00Z,SE4,13.05,15
2026-09-26T11:45:00Z,SK,0.60,15
2026-09-26T12:00:00Z,AT,8.99,15
2026-09-26T12:00:00Z,BE,10.39,15
2026-09-26T12:00:00Z,CH,4.30,60
2026-09-26T12:00:00Z,CZ,9.01,15
2026-09-26T12:00:00Z,DE-LU,9.02,15
2026-09-26T12:00:00Z,DK1,9.14,15
2026-09-26T12:00:00Z,DK2,9.56,15
2026-09-26T12:00:00Z,EE,13.28,15
2026-09-26T12:00:00Z,ES,1.67,15
2026-09-26T12:00:00Z,FI,13.29,15
2026-09-26T12:00:00Z,FR,8.99,15
2026-09-26T12:00:00Z,GR,92.14,15
2026-09-26T12:00:00Z,HR,8.99,15
2026-09-26T12:00:00Z,HU,9.00,15
2026-09-26T12:00:00Z,IT-CNorth,129.33,15
2026-09-26T12:00:00Z,IT-CSouth,20.08,15
2026-09-26T12:00:00Z,IT-North,129.33,15
2026-09-26T12:00:00Z,IT-Sardinia,20.08,15
2026-09-26T12:00:00Z,IT-South,20.08,15
2026-09-26T12:00:00Z,LT,35.02,15
2026-09-26T12:00:00Z,LV,35.02,15
2026-09-26T12:00:00Z,NL,9.98,15
2026-09-26T12:00:00Z,NO1,22.42,15
2026-09-26T12:00:00Z,NO2,7.03,15
2026-09-26T12:00:00Z,NO3,52.50,15
2026-09-26T12:00:00Z,NO4,32.83,15
2026-09-26T12:00:00Z,NO5,46.21,15
2026-09-26T12:00:00Z,PL,9.02,15
2026-09-26T12:00:00Z,RO,9.00,15
2026-09-26T12:00:00Z,RS,54.99,15
2026-09-26T12:00:00Z,SE1,13.88,15
2026-09-26T12:00:00Z,SE2,6.28,15
2026-09-26T12:00:00Z,SE3,8.65,15
2026-09-26T12:00:00Z,SE4,9.38,15
2026-09-26T12:00:00Z,SI,8.99,15
2026-09-26T12:00:00Z,SK,9.01,15
2026-09-26T12:15:00Z,AT,12.51,15
2026-09-26T12:15:00Z,BE,12.51,15
2026-09-26T12:15:00Z,CZ,12.51,15
2026-09-26T12:15:00Z,DE-LU,12.51,15
2026-09-26T12:15:00Z,DK1,12.51,15
2026-09-26T12:15:00Z,DK2,12.92,15
2026-09-26T12:15:00Z,EE,16.08,15
2026-09-26T12:15:00Z,ES,1.50,15
2026-09-26T12:15:00Z,FI,16.09,15
2026-09-26T12:15:00Z,FR,12.51,15
2026-09-26T12:15:00Z,GR,39.08,15
2026-09-26T12:15:00Z,HR,12.51,15
2026-09-26T12:15:00Z,HU,12.51,15
2026-09-26T12:15:00Z,IT-CNorth,114.00,15
2026-09-26T12:15:00Z,IT-CSouth,17.15,15
2026-09-26T12:15:00Z,IT-North,114.00,15
2026-09-26T12:15:00Z,IT-Sardinia,17.15,15
2026-09-26T12:15:00Z,IT-South,17.15,15
2026-09-26T12:15:00Z,LT,16.08,15
2026-09-26T12:15:00Z,LV,16.08,15
2026-09-26T12:15:00Z,NL,12.51,15
2026-09-26T12:15:00Z,NO1,24.91,15
2026-09-26T12:15:00Z,NO2,13.06,15
2026-09-26T12:15:00Z,NO3,51.27,15
2026-09-26T12:15:00Z,NO4,34.02,15
2026-09-26T12:15:00Z,NO5,43.06,15
2026-09-26T12:15:00Z,PL,12.51,15
2026-09-26T12:15:00Z,PT,0.54,15
2026-09-26T12:15:00Z,RO,12.51,15
2026-09-26T12:15:00Z,SE1,16.63,15
2026-09-26T12:15:00Z,SE2,9.61,15
2026-09-26T12:15:00Z,SE3,12.00,15
2026-09-26T12:15:00Z,SE4,12.74,15
2026-09-26T12:15:00Z,SI,12.51,15
2026-09-26T12:15:00Z,SK,12.51,15
2026-09-26T12:30:00Z,AT,23.30,15
2026-09-26T12:30:00Z,BE,23.30,15
2026-09-26T12:30:00Z,CZ,23.30,15
2026-09-26T12:30:00Z,DE-LU,23.30,15
2026-09-26T12:30:00Z,DK1,23.30,15
2026-09-26T12:30:00Z,DK2,22.90,15
2026-09-26T12:30:00Z,EE,24.76,15
2026-09-26T12:30:00Z,ES,1.08,15
2026-09-26T12:30:00Z,FI,24.77,15
2026-09-26T12:30:00Z,FR,23.30,15
2026-09-26T12:30:00Z,GR,23.30,15
2026-09-26T12:30:00Z,HR,23.30,15
2026-09-26T12:30:00Z,HU,23.30,15
2026-09-26T12:30:00Z,IT-CNorth,133.00,15
2026-09-26T12:30:00Z,IT-CSouth,18.64,15
2026-09-26T12:30:00Z,IT-North,133.00,15
2026-09-26T12:30:00Z,IT-Sardinia,18.64,15
2026-09-26T12:30:00Z,IT-South,18.64,15
2026-09-26T12:30:00Z,LT,24.76,15
2026-09-26T12:30:00Z,LV,24.76,15
2026-09-26T12:30:00Z,NL,23.30,15
2026-09-26T12:30:00Z,NO1,31.63,15
2026-09-26T12:30:00Z,NO2,24.15,15
2026-09-26T12:30:00Z,NO3,50.00,15
2026-09-26T12:30:00Z,NO4,36.88,15
2026-09-26T12:30:00Z,NO5,43.01,15
2026-09-26T12:30:00Z,PL,23.30,15
2026-09-26T12:30:00Z,PT,0.51,15
2026-09-26T12:30:00Z,RO,23.30,15
2026-09-26T12:30:00Z,SE1,25.13,15
2026-09-26T12:30:00Z,SE2,20.34,15
2026-09-26T12:30:00Z,SE3,22.18,15
2026-09-26T12:30:00Z,SE4,22.76,15
2026-09-26T12:30:00Z,SI,23.30,15
2026-09-26T12:30:00Z,SK,23.30,15
2026-09-26T12:45:00Z,AT,28.26,15
2026-09-26T12:45:00Z,BE,31.85,15
2026-09-26T12:45:00Z,CZ,28.52,15
2026-09-26T12:45:00Z,DE-LU,28.97,15
2026-09-26T12:45:00Z,DK1,29.29,15
2026-09-26T12:45:00Z,DK2,29.07,15
2026-09-26T12:45:00Z,EE,28.65,15
2026-09-26T12:45:00Z,ES,0.31,15
2026-09-26T12:45:00Z,FI,28.65,15
2026-09-26T12:45:00Z,FR,25.02,15
2026-09-26T12:45:00Z,GR,28.30,15
2026-09-26T12:45:00Z,HR,28.17,15
2026-09-26T12:45:00Z,HU,28.34,15
2026-09-26T12:45:00Z,IT-CNorth,148.79,15
2026-09-26T12:45:00Z,IT-CSouth,30.00,15
2026-09-26T12:45:00Z,IT-North,148.79,15
2026-09-26T12:45:00Z,IT-Sardinia,30.00,15
2026-09-26T12:45:00Z,IT-South,30.00,15
2026-09-26T12:45:00Z,LT,28.65,15
2026-09-26T12:45:00Z,LV,28.65,15
2026-09-26T12:45:00Z,NL,31.07,15
2026-09-26T12:45:00Z,NO1,36.08,15
2026-09-26T12:45:00Z,NO2,30.31,15
2026-09-26T12:45:00Z,NO3,50.24,15
2026-09-26T12:45:00Z,NO4,33.14,15
2026-09-26T12:45:00Z,NO5,44.84,15
2026-09-26T12:45:00Z,PL,28.64,15
2026-09-26T12:45:00Z,RO,28.31,15
2026-09-26T12:45:00Z,SE1,28.79,15
2026-09-26T12:45:00Z,SE2,26.82,15
2026-09-26T12:45:00Z,SE3,28.40,15
2026-09-26T12:45:00Z,SE4,28.95,15
2026-09-26T12:45:00Z,SI,28.14,15
2026-09-26T12:45:00Z,SK,28.46,15
2026-09-26T13:00:00Z,AT,23.00,15
2026-09-26T13:00:00Z,BE,23.00,15
2026-09-26T13:00:00Z,CH,50.00,60
2026-09-26T13:00:00Z,CZ,23.00,15
2026-09-26T13:00:00Z,DE-LU,23.00,15
2026-09-26T13:00:00Z,DK1,23.00,15
2026-09-26T13:00:00Z,DK2,22.99,15
2026-09-26T13:00:00Z,EE,22.58,15
2026-09-26T13:00:00Z,ES,0.00,15
2026-09-26T13:00:00Z,FI,22.59,15
2026-09-26T13:00:00Z,FR,23.00,15
2026-09-26T13:00:00Z,GR,23.00,15
2026-09-26T13:00:00Z,HR,23.00,15
2026-09-26T13:00:00Z,HU,23.00,15
2026-09-26T13:00:00Z,IT-CNorth,97.00,15
2026-09-26T13:00:00Z,IT-CSouth,26.03,15
2026-09-26T13:00:00Z,IT-North,97.00,15
2026-09-26T13:00:00Z,IT-Sardinia,26.03,15
2026-09-26T13:00:00Z,IT-Sicily,0.00,15
2026-09-26T13:00:00Z,IT-South,26.03,15
2026-09-26T13:00:00Z,LT,23.00,15
2026-09-26T13:00:00Z,LV,23.00,15
2026-09-26T13:00:00Z,NL,23.00,15
2026-09-26T13:00:00Z,NO1,36.64,15
2026-09-26T13:00:00Z,NO2,23.90,15
2026-09-26T13:00:00Z,NO3,65.75,15
2026-09-26T13:00:00Z,NO4,33.21,15
2026-09-26T13:00:00Z,NO5,56.07,15
2026-09-26T13:00:00Z,PL,23.00,15
2026-09-26T13:00:00Z,PT,0.45,15
2026-09-26T13:00:00Z,RO,23.00,15
2026-09-26T13:00:00Z,RS,79.60,15
2026-09-26T13:00:00Z,SE1,22.90,15
2026-09-26T13:00:00Z,SE2,18.42,15
2026-09-26T13:00:00Z,SE3,21.44,15
2026-09-26T13:00:00Z,SE4,22.47,15
2026-09-26T13:00:00Z,SI,23.00,15
2026-09-26T13:00:00Z,SK,23.00,15
2026-09-26T13:15:00Z,AT,40.00,15
2026-09-26T13:15:00Z,BE,40.00,15
2026-09-26T13:15:00Z,CZ,40.00,15
2026-09-26T13:15:00Z,DE-LU,40.00,15
2026-09-26T13:15:00Z,DK1,40.00,15
2026-09-26T13:15:00Z,DK2,39.99,15
2026-09-26T13:15:00Z,EE,26.72,15
2026-09-26T13:15:00Z,ES,1.00,15
2026-09-26T13:15:00Z,FI,26.73,15
2026-09-26T13:15:00Z,FR,40.00,15
2026-09-26T13:15:00Z,GR,40.00,15
2026-09-26T13:15:00Z,HR,40.00,15
2026-09-26T13:15:00Z,HU,40.00,15
2026-09-26T13:15:00Z,IT-CNorth,99.99,15
2026-09-26T13:15:00Z,IT-CSouth,24.56,15
2026-09-26T13:15:00Z,IT-North,99.99,15
2026-09-26T13:15:00Z,IT-Sardinia,24.56,15
2026-09-26T13:15:00Z,IT-South,24.56,15
2026-09-26T13:15:00Z,LT,40.00,15
2026-09-26T13:15:00Z,LV,40.00,15
2026-09-26T13:15:00Z,NL,40.00,15
2026-09-26T13:15:00Z,NO1,46.81,15
2026-09-26T13:15:00Z,NO2,41.41,15
2026-09-26T13:15:00Z,NO3,74.81,15
2026-09-26T13:15:00Z,NO4,33.22,15
2026-09-26T13:15:00Z,NO5,54.21,15
2026-09-26T13:15:00Z,PL,51.17,15
2026-09-26T13:15:00Z,RO,40.00,15
2026-09-26T13:15:00Z,SE1,26.93,15
2026-09-26T13:15:00Z,SE2,23.65,15
2026-09-26T13:15:00Z,SE3,28.08,15
2026-09-26T13:15:00Z,SE4,29.66,15
2026-09-26T13:15:00Z,SI,40.00,15
2026-09-26T13:15:00Z,SK,40.00,15
2026-09-26T13:30:00Z,AT,55.44,15
2026-09-26T13:30:00Z,BE,76.95,15
2026-09-26T13:30:00Z,CZ,56.99,15
2026-09-26T13:30:00Z,DE-LU,59.82,15
2026-09-26T13:30:00Z,DK1,61.61,15
2026-09-26T13:30:00Z,DK2,60.49,15
2026-09-26T13:30:00Z,EE,35.70,15
2026-09-26T13:30:00Z,ES,1.00,15
2026-09-26T13:30:00Z,FI,35.70,15
2026-09-26T13:30:00Z,FR,35.93,15
2026-09-26T13:30:00Z,GR,2.01,15
2026-09-26T13:30:00Z,HR,54.92,15
2026-09-26T13:30:00Z,HU,55.89,15
2026-09-26T13:30:00Z,IT-CNorth,148.79,15
2026-09-26T13:30:00Z,IT-CSouth,24.26,15
2026-09-26T13:30:00Z,IT-North,148.79,15
2026-09-26T13:30:00Z,IT-Sardinia,24.26,15
2026-09-26T13:30:00Z,IT-South,24.26,15
2026-09-26T13:30:00Z,LT,57.76,15
2026-09-26T13:30:00Z,LV,57.76,15
2026-09-26T13:30:00Z,NL,72.20,15
2026-09-26T13:30:00Z,NO1,66.53,15
2026-09-26T13:30:00Z,NO2,63.73,15
2026-09-26T13:30:00Z,NO3,102.18,15
2026-09-26T13:30:00Z,NO4,38.66,15
2026-09-26T13:30:00Z,NO5,69.23,15
2026-09-26T13:30:00Z,PL,86.10,15
2026-09-26T13:30:00Z,PT,0.51,15
2026-09-26T13:30:00Z,RO,55.72,15
2026-09-26T13:30:00Z,SE1,35.80,15
2026-09-26T13:30:00Z,SE2,33.35,15
2026-09-26T13:30:00Z,SE3,40.00,15
2026-09-26T13:30:00Z,SE4,42.42,15
2026-09-26T13:30:00Z,SI,54.70,15
2026-09-26T13:30:00Z,SK,56.65,15
2026-09-26T13:45:00Z,AT,78.98,15
2026-09-26T13:45:00Z,BE,100.19,15
2026-09-26T13:45:00Z,CZ,80.50,15
2026-09-26T13:45:00Z,DE-LU,83.28,15
2026-09-26T13:45:00Z,DK1,85.05,15
2026-09-26T13:45:00Z,DK2,83.73,15
2026-09-26T13:45:00Z,EE,43.29,15
2026-09-26T13:45:00Z,ES,1.08,15
2026-09-26T13:45:00Z,FI,43.29,15
2026-09-26T13:45:00Z,FR,59.07,15
2026-09-26T13:45:00Z,GR,36.30,15
2026-09-26T13:45:00Z,HR,78.47,15
2026-09-26T13:45:00Z,HU,79.42,15
2026-09-26T13:45:00Z,IT-CNorth,149.00,15
2026-09-26T13:45:00Z,IT-CSouth,26.46,15
2026-09-26T13:45:00Z,IT-North,149.00,15
2026-09-26T13:45:00Z,IT-Sardinia,26.46,15
2026-09-26T13:45:00Z,IT-South,26.46,15
2026-09-26T13:45:00Z,LT,51.45,15
2026-09-26T13:45:00Z,LV,51.45,15
2026-09-26T13:45:00Z,NL,95.51,15
2026-09-26T13:45:00Z,NO1,84.62,15
2026-09-26T13:45:00Z,NO2,87.93,15
2026-09-26T13:45:00Z,NO3,103.63,15
2026-09-26T13:45:00Z,NO4,44.86,15
2026-09-26T13:45:00Z,NO5,100.11,15
2026-09-26T13:45:00Z,PL,96.01,15
2026-09-26T13:45:00Z,RO,79.26,15
2026-09-26T13:45:00Z,SE1,43.35,15
2026-09-26T13:45:00Z,SE2,40.87,15
2026-09-26T13:45:00Z,SE3,50.20,15
2026-09-26T13:45:00Z,SE4,53.62,15
2026-09-26T13:45:00Z,SI,78.26,15
2026-09-26T13:45:00Z,SK,80.17,15
2026-09-26T14:00:00Z,AT,93.70,15
2026-09-26T14:00:00Z,BE,87.25,15
2026-09-26T14:00:00Z,CH,135.00,60
2026-09-26T14:00:00Z,CZ,92.95,15
2026-09-26T14:00:00Z,DE-LU,91.58,15
2026-09-26T14:00:00Z,DK1,91.08,15
2026-09-26T14:00:00Z,DK2,91.49,15
2026-09-26T14:00:00Z,EE,24.99,15
2026-09-26T14:00:00Z,ES,0.58,15
2026-09-26T14:00:00Z,FI,24.99,15
2026-09-26T14:00:00Z,FR,62.43,15
2026-09-26T14:00:00Z,GR,93.67,15
2026-09-26T14:00:00Z,HR,94.07,15
2026-09-26T14:00:00Z,HU,93.54,15
2026-09-26T14:00:00Z,IT-CSouth,75.00,15
2026-09-26T14:00:00Z,IT-Sardinia,75.00,15
2026-09-26T14:00:00Z,IT-Sicily,0.02,15
2026-09-26T14:00:00Z,IT-South,75.00,15
2026-09-26T14:00:00Z,LT,29.70,15
2026-09-26T14:00:00Z,LV,29.70,15
2026-09-26T14:00:00Z,NL,88.56,15
2026-09-26T14:00:00Z,NO1,108.63,15
2026-09-26T14:00:00Z,NO2,111.42,15
2026-09-26T14:00:00Z,NO3,108.27,15
2026-09-26T14:00:00Z,NO4,30.90,15
2026-09-26T14:00:00Z,NO5,120.49,15
2026-09-26T14:00:00Z,PL,103.71,15
2026-09-26T14:00:00Z,PT,0.58,15
2026-09-26T14:00:00Z,RO,93.64,15
2026-09-26T14:00:00Z,RS,140.01,15
2026-09-26T14:00:00Z,SE1,25.17,15
2026-09-26T14:00:00Z,SE2,21.59,15
2026-09-26T14:00:00Z,SE3,28.75,15
2026-09-26T14:00:00Z,SE4,31.38,15
2026-09-26T14:00:00Z,SI,94.18,15
2026-09-26T14:00:00Z,SK,93.14,15
2026-09-26T14:15:00Z,AT,124.77,15
2026-09-26T14:15:00Z,BE,118.78,15
2026-09-26T14:15:00Z,CZ,124.06,15
2026-09-26T14:15:00Z,DE-LU,122.80,15
2026-09-26T14:15:00Z,DK1,122.33,15
2026-09-26T14:15:00Z,DK2,122.72,15
2026-09-26T14:15:00Z,EE,27.67,15
2026-09-26T14:15:00Z,ES,0.92,15
2026-09-26T14:15:00Z,FI,27.67,15
2026-09-26T14:15:00Z,FR,95.77,15
2026-09-26T14:15:00Z,GR,124.74,15
2026-09-26T14:15:00Z,HR,125.10,15
2026-09-26T14:15:00Z,HU,124.62,15
2026-09-26T14:15:00Z,IT-CSouth,102.50,15
2026-09-26T14:15:00Z,IT-Sardinia,102.50,15
2026-09-26T14:15:00Z,IT-Sicily,0.90,15
2026-09-26T14:15:00Z,IT-South,102.50,15
2026-09-26T14:15:00Z,LT,27.83,15
2026-09-26T14:15:00Z,LV,27.83,15
2026-09-26T14:15:00Z,NL,120.00,15
2026-09-26T14:15:00Z,NO1,123.68,15
2026-09-26T14:15:00Z,NO2,124.56,15
2026-09-26T14:15:00Z,NO3,104.39,15
2026-09-26T14:15:00Z,NO4,32.83,15
2026-09-26T14:15:00Z,NO5,126.34,15
2026-09-26T14:15:00Z,PL,123.78,15
2026-09-26T14:15:00Z,PT,0.92,15
2026-09-26T14:15:00Z,RO,124.71,15
2026-09-26T14:15:00Z,SE1,27.82,15
2026-09-26T14:15:00Z,SE2,25.55,15
2026-09-26T14:15:00Z,SE3,27.59,15
2026-09-26T14:15:00Z,SE4,28.31,15
2026-09-26T14:15:00Z,SI,125.21,15
2026-09-26T14:15:00Z,SK,124.25,15
2026-09-26T14:30:00Z,AT,137.15,15
2026-09-26T14:30:00Z,BE,130.88,15
2026-09-26T14:30:00Z,CZ,136.41,15
2026-09-26T14:30:00Z,DE-LU,135.09,15
2026-09-26T14:30:00Z,DK1,134.60,15
2026-09-26T14:30:00Z,DK2,135.01,15
2026-09-26T14:30:00Z,EE,38.78,15
2026-09-26T14:30:00Z,ES,1.50,15
2026-09-26T14:30:00Z,FI,38.77,15
2026-09-26T14:30:00Z,FR,106.77,15
2026-09-26T14:30:00Z,GR,137.12,15
2026-09-26T14:30:00Z,HR,137.50,15
2026-09-26T14:30:00Z,HU,136.99,15
2026-09-26T14:30:00Z,IT-CNorth,172.64,15
2026-09-26T14:30:00Z,IT-CSouth,162.00,15
2026-09-26T14:30:00Z,IT-North,172.64,15
2026-09-26T14:30:00Z,IT-Sardinia,162.00,15
2026-09-26T14:30:00Z,IT-Sicily,85.00,15
2026-09-26T14:30:00Z,IT-South,162.00,15
2026-09-26T14:30:00Z,LT,40.09,15
2026-09-26T14:30:00Z,LV,40.09,15
2026-09-26T14:30:00Z,NL,132.16,15
2026-09-26T14:30:00Z,NO1,129.63,15
2026-09-26T14:30:00Z,NO2,131.11,15
2026-09-26T14:30:00Z,NO3,103.36,15
2026-09-26T14:30:00Z,NO4,37.27,15
2026-09-26T14:30:00Z,NO5,131.79,15
2026-09-26T14:30:00Z,PL,146.98,15
2026-09-26T14:30:00Z,PT,1.08,15
2026-09-26T14:30:00Z,RO,137.09,15
2026-09-26T14:30:00Z,SE1,38.73,15
2026-09-26T14:30:00Z,SE2,39.10,15
2026-09-26T14:30:00Z,SE3,39.96,15
2026-09-26T14:30:00Z,SE4,40.29,15
2026-09-26T14:30:00Z,SI,137.61,15
2026-09-26T14:30:00Z,SK,136.60,15
2026-09-26T14:45:00Z,AT,160.10,15
2026-09-26T14:45:00Z,BE,160.10,15
2026-09-26T14:45:00Z,CZ,160.10,15
2026-09-26T14:45:00Z,DE-LU,160.10,15
2026-09-26T14:45:00Z,DK1,160.10,15
2026-09-26T14:45:00Z,DK2,160.04,15
2026-09-26T14:45:00Z,EE,47.04,15
2026-09-26T14:45:00Z,ES,1.95,15
2026-09-26T14:45:00Z,FI,47.04,15
2026-09-26T14:45:00Z,FR,160.10,15
2026-09-26T14:45:00Z,GR,160.10,15
2026-09-26T14:45:00Z,HR,160.10,15
2026-09-26T14:45:00Z,HU,160.10,15
2026-09-26T14:45:00Z,IT-CNorth,211.88,15
2026-09-26T14:45:00Z,IT-CSouth,211.88,15
2026-09-26T14:45:00Z,IT-North,211.88,15
2026-09-26T14:45:00Z,IT-Sardinia,211.88,15
2026-09-26T14:45:00Z,IT-Sicily,194.00,15
2026-09-26T14:45:00Z,IT-South,211.88,15
2026-09-26T14:45:00Z,LT,62.41,15
2026-09-26T14:45:00Z,LV,62.41,15
2026-09-26T14:45:00Z,NL,160.10,15
2026-09-26T14:45:00Z,NO1,133.74,15
2026-09-26T14:45:00Z,NO2,145.69,15
2026-09-26T14:45:00Z,NO3,103.27,15
2026-09-26T14:45:00Z,NO4,48.35,15
2026-09-26T14:45:00Z,NO5,133.38,15
2026-09-26T14:45:00Z,PL,160.10,15
2026-09-26T14:45:00Z,PT,1.50,15
2026-09-26T14:45:00Z,RO,160.10,15
2026-09-26T14:45:00Z,SE1,47.09,15
2026-09-26T14:45:00Z,SE2,47.12,15
2026-09-26T14:45:00Z,SE3,62.51,15
2026-09-26T14:45:00Z,SE4,72.62,15
2026-09-26T14:45:00Z,SI,160.10,15
2026-09-26T14:45:00Z,SK,160.10,15
2026-09-26T15:00:00Z,AT,159.62,15
2026-09-26T15:00:00Z,BE,152.26,15
2026-09-26T15:00:00Z,CH,188.48,60
2026-09-26T15:00:00Z,CZ,152.18,15
2026-09-26T15:00:00Z,DE-LU,154.56,15
2026-09-26T15:00:00Z,DK1,153.35,15
2026-09-26T15:00:00Z,DK2,153.89,15
2026-09-26T15:00:00Z,EE,28.92,15
2026-09-26T15:00:00Z,ES,0.00,15
2026-09-26T15:00:00Z,FI,28.93,15
2026-09-26T15:00:00Z,FR,141.25,15
2026-09-26T15:00:00Z,GR,167.93,15
2026-09-26T15:00:00Z,HR,164.40,15
2026-09-26T15:00:00Z,HU,168.07,15
2026-09-26T15:00:00Z,IT-CNorth,159.62,15
2026-09-26T15:00:00Z,IT-CSouth,159.62,15
2026-09-26T15:00:00Z,IT-North,159.62,15
2026-09-26T15:00:00Z,IT-Sardinia,159.62,15
2026-09-26T15:00:00Z,IT-Sicily,0.10,15
2026-09-26T15:00:00Z,IT-South,159.62,15
2026-09-26T15:00:00Z,LT,73.27,15
2026-09-26T15:00:00Z,LV,73.27,15
2026-09-26T15:00:00Z,NL,153.02,15
2026-09-26T15:00:00Z,NO1,136.92,15
2026-09-26T15:00:00Z,NO2,143.25,15
2026-09-26T15:00:00Z,NO3,102.41,15
2026-09-26T15:00:00Z,NO4,40.05,15
2026-09-26T15:00:00Z,NO5,134.52,15
2026-09-26T15:00:00Z,PL,154.22,15
2026-09-26T15:00:00Z,PT,2.00,15
2026-09-26T15:00:00Z,RO,166.89,15
2026-09-26T15:00:00Z,RS,199.00,15
2026-09-26T15:00:00Z,SE1,29.26,15
2026-09-26T15:00:00Z,SE2,26.77,15
2026-09-26T15:00:00Z,SE3,72.74,15
2026-09-26T15:00:00Z,SE4,104.31,15
2026-09-26T15:00:00Z,SI,163.16,15
2026-09-26T15:00:00Z,SK,168.42,15
2026-09-26T15:15:00Z,AT,198.13,15
2026-09-26T15:15:00Z,BE,187.97,15
2026-09-26T15:15:00Z,CZ,196.82,15
2026-09-26T15:15:00Z,DE-LU,194.80,15
2026-09-26T15:15:00Z,DK1,191.18,15
2026-09-26T15:15:00Z,DK2,194.59,15
2026-09-26T15:15:00Z,EE,36.49,15
2026-09-26T15:15:00Z,ES,5.88,15
2026-09-26T15:15:00Z,FI,36.50,15
2026-09-26T15:15:00Z,FR,158.98,15
2026-09-26T15:15:00Z,GR,197.91,15
2026-09-26T15:15:00Z,HR,198.45,15
2026-09-26T15:15:00Z,HU,197.75,15
2026-09-26T15:15:00Z,IT-CNorth,206.30,15
2026-09-26T15:15:00Z,IT-CSouth,206.30,15
2026-09-26T15:15:00Z,IT-North,206.30,15
2026-09-26T15:15:00Z,IT-Sardinia,206.30,15
2026-09-26T15:15:00Z,IT-Sicily,90.52,15
2026-09-26T15:15:00Z,IT-South,206.30,15
2026-09-26T15:15:00Z,LT,118.39,15
2026-09-26T15:15:00Z,LV,118.39,15
2026-09-26T15:15:00Z,NL,190.20,15
2026-09-26T15:15:00Z,NO1,138.33,15
2026-09-26T15:15:00Z,NO2,151.69,15
2026-09-26T15:15:00Z,NO3,100.69,15
2026-09-26T15:15:00Z,NO4,40.22,15
2026-09-26T15:15:00Z,NO5,135.28,15
2026-09-26T15:15:00Z,PL,196.37,15
2026-09-26T15:15:00Z,PT,20.24,15
2026-09-26T15:15:00Z,RO,197.87,15
2026-09-26T15:15:00Z,SE1,36.52,15
2026-09-26T15:15:00Z,SE2,36.54,15
2026-09-26T15:15:00Z,SE3,92.68,15
2026-09-26T15:15:00Z,SE4,133.60,15
2026-09-26T15:15:00Z,SI,198.62,15
2026-09-26T15:15:00Z,SK,197.18,15
2026-09-26T15:30:00Z,AT,223.73,15
2026-09-26T15:30:00Z,BE,191.75,15
2026-09-26T15:30:00Z,CZ,220.43,15
2026-09-26T15:30:00Z,DE-LU,215.13,15
2026-09-26T15:30:00Z,DK1,205.47,15
2026-09-26T15:30:00Z,DK2,213.25,15
2026-09-26T15:30:00Z,EE,41.47,15
2026-09-26T15:30:00Z,ES,7.64,15
2026-09-26T15:30:00Z,FI,41.47,15
2026-09-26T15:30:00Z,FR,128.03,15
2026-09-26T15:30:00Z,GR,223.06,15
2026-09-26T15:30:00Z,HR,224.48,15
2026-09-26T15:30:00Z,HU,222.62,15
2026-09-26T15:30:00Z,IT-CNorth,266.06,15
2026-09-26T15:30:00Z,IT-CSouth,266.06,15
2026-09-26T15:30:00Z,IT-North,266.06,15
2026-09-26T15:30:00Z,IT-Sardinia,266.06,15
2026-09-26T15:30:00Z,IT-Sicily,202.39,15
2026-09-26T15:30:00Z,IT-South,266.06,15
2026-09-26T15:30:00Z,LT,83.19,15
2026-09-26T15:30:00Z,LV,83.19,15
2026-09-26T15:30:00Z,NL,202.68,15
2026-09-26T15:30:00Z,NO1,139.02,15
2026-09-26T15:30:00Z,NO2,151.96,15
2026-09-26T15:30:00Z,NO3,98.13,15
2026-09-26T15:30:00Z,NO4,40.24,15
2026-09-26T15:30:00Z,NO5,135.80,15
2026-09-26T15:30:00Z,PL,219.24,15
2026-09-26T15:30:00Z,PT,39.10,15
2026-09-26T15:30:00Z,RO,222.95,15
2026-09-26T15:30:00Z,SE1,38.89,15
2026-09-26T15:30:00Z,SE2,40.04,15
2026-09-26T15:30:00Z,SE3,82.76,15
2026-09-26T15:30:00Z,SE4,112.50,15
2026-09-26T15:30:00Z,SI,224.94,15
2026-09-26T15:30:00Z,SK,221.15,15
2026-09-26T15:45:00Z,AT,205.14,15
2026-09-26T15:45:00Z,BE,197.33,15
2026-09-26T15:45:00Z,CZ,204.33,15
2026-09-26T15:45:00Z,DE-LU,203.04,15
2026-09-26T15:45:00Z,DK1,200.66,15
2026-09-26T15:45:00Z,DK2,204.19,15
2026-09-26T15:45:00Z,EE,35.80,15
2026-09-26T15:45:00Z,ES,12.48,15
2026-09-26T15:45:00Z,FI,35.81,15
2026-09-26T15:45:00Z,FR,181.76,15
2026-09-26T15:45:00Z,GR,204.98,15
2026-09-26T15:45:00Z,HR,205.32,15
2026-09-26T15:45:00Z,HU,204.87,15
2026-09-26T15:45:00Z,IT-CNorth,259.62,15
2026-09-26T15:45:00Z,IT-CSouth,259.62,15
2026-09-26T15:45:00Z,IT-North,259.62,15
2026-09-26T15:45:00Z,IT-Sardinia,259.62,15
2026-09-26T15:45:00Z,IT-Sicily,259.62,15
2026-09-26T15:45:00Z,IT-South,259.62,15
2026-09-26T15:45:00Z,LT,100.99,15
2026-09-26T15:45:00Z,LV,100.99,15
2026-09-26T15:45:00Z,NL,200.00,15
2026-09-26T15:45:00Z,NO1,140.06,15
2026-09-26T15:45:00Z,NO2,152.10,15
2026-09-26T15:45:00Z,NO3,96.30,15
2026-09-26T15:45:00Z,NO4,38.86,15
2026-09-26T15:45:00Z,NO5,136.08,15
2026-09-26T15:45:00Z,PL,204.04,15
2026-09-26T15:45:00Z,PT,92.48,15
2026-09-26T15:45:00Z,RO,204.95,15
2026-09-26T15:45:00Z,SE1,35.91,15
2026-09-26T15:45:00Z,SE2,36.50,15
2026-09-26T15:45:00Z,SE3,88.51,15
2026-09-26T15:45:00Z,SE4,125.67,15
2026-09-26T15:45:00Z,SI,205.44,15
2026-09-26T15:45:00Z,SK,204.51,15
2026-09-26T16:00:00Z,AT,201.49,15
2026-09-26T16:00:00Z,BE,188.83,15
2026-09-26T16:00:00Z,CH,221.73,60
2026-09-26T16:00:00Z,CZ,193.34,15
2026-09-26T16:00:00Z,DE-LU,196.00,15
2026-09-26T16:00:00Z,DK1,194.96,15
2026-09-26T16:00:00Z,DK2,195.27,15
2026-09-26T16:00:00Z,EE,39.97,15
2026-09-26T16:00:00Z,ES,47.53,15
2026-09-26T16:00:00Z,FI,39.97,15
2026-09-26T16:00:00Z,FR,169.94,15
2026-09-26T16:00:00Z,GR,199.30,15
2026-09-26T16:00:00Z,HR,200.46,15
2026-09-26T16:00:00Z,HU,199.01,15
2026-09-26T16:00:00Z,IT-CNorth,214.63,15
2026-09-26T16:00:00Z,IT-CSouth,214.63,15
2026-09-26T16:00:00Z,IT-North,214.63,15
2026-09-26T16:00:00Z,IT-Sardinia,214.63,15
2026-09-26T16:00:00Z,IT-Sicily,214.63,15
2026-09-26T16:00:00Z,IT-South,214.63,15
2026-09-26T16:00:00Z,LT,149.73,15
2026-09-26T16:00:00Z,LV,149.73,15
2026-09-26T16:00:00Z,NL,192.10,15
2026-09-26T16:00:00Z,NO1,140.08,15
2026-09-26T16:00:00Z,NO2,154.27,15
2026-09-26T16:00:00Z,NO3,96.42,15
2026-09-26T16:00:00Z,NO4,44.85,15
2026-09-26T16:00:00Z,NO5,135.88,15
2026-09-26T16:00:00Z,PL,195.66,15
2026-09-26T16:00:00Z,PT,97.70,15
2026-09-26T16:00:00Z,RO,199.21,15
2026-09-26T16:00:00Z,RS,230.99,15
2026-09-26T16:00:00Z,SE1,40.10,15
2026-09-26T16:00:00Z,SE2,39.79,15
2026-09-26T16:00:00Z,SE3,106.28,15
2026-09-26T16:00:00Z,SE4,156.50,15
2026-09-26T16:00:00Z,SI,201.00,15
2026-09-26T16:00:00Z,SK,195.80,15
2026-09-26T16:15:00Z,AT,206.87,15
2026-09-26T16:15:00Z,BE,205.36,15
2026-09-26T16:15:00Z,CZ,206.32,15
2026-09-26T16:15:00Z,DE-LU,206.37,15
2026-09-26T16:15:00Z,DK1,206.24,15
2026-09-26T16:15:00Z,DK2,206.25,15
2026-09-26T16:15:00Z,EE,36.10,15
2026-09-26T16:15:00Z,ES,94.03,15
2026-09-26T16:15:00Z,FI,36.10,15
2026-09-26T16:15:00Z,FR,202.75,15
2026-09-26T16:15:00Z,GR,206.73,15
2026-09-26T16:15:00Z,HR,206.83,15
2026-09-26T16:15:00Z,HU,206.70,15
2026-09-26T16:15:00Z,IT-CNorth,210.08,15
2026-09-26T16:15:00Z,IT-CSouth,210.08,15
2026-09-26T16:15:00Z,IT-North,210.08,15
2026-09-26T16:15:00Z,IT-Sardinia,210.08,15
2026-09-26T16:15:00Z,IT-Sicily,210.08,15
2026-09-26T16:15:00Z,IT-South,210.08,15
2026-09-26T16:15:00Z,LT,144.99,15
2026-09-26T16:15:00Z,LV,144.99,15
2026-09-26T16:15:00Z,NL,205.82,15
2026-09-26T16:15:00Z,NO1,140.31,15
2026-09-26T16:15:00Z,NO2,154.34,15
2026-09-26T16:15:00Z,NO3,96.94,15
2026-09-26T16:15:00Z,NO4,36.95,15
2026-09-26T16:15:00Z,NO5,136.15,15
2026-09-26T16:15:00Z,PL,206.42,15
2026-09-26T16:15:00Z,PT,115.70,15
2026-09-26T16:15:00Z,RO,206.72,15
2026-09-26T16:15:00Z,SE1,36.12,15
2026-09-26T16:15:00Z,SE2,37.21,15
2026-09-26T16:15:00Z,SE3,103.57,15
2026-09-26T16:15:00Z,SE4,153.44,15
2026-09-26T16:15:00Z,SI,206.87,15
2026-09-26T16:15:00Z,SK,206.48,15
2026-09-26T16:30:00Z,AT,221.06,15
2026-09-26T16:30:00Z,BE,220.48,15
2026-09-26T16:30:00Z,CZ,220.85,15
2026-09-26T16:30:00Z,DE-LU,220.86,15
2026-09-26T16:30:00Z,DK1,220.81,15
2026-09-26T16:30:00Z,DK2,220.79,15
2026-09-26T16:30:00Z,EE,31.27,15
2026-09-26T16:30:00Z,ES,83.47,15
2026-09-26T16:30:00Z,FI,31.27,15
2026-09-26T16:30:00Z,FR,219.48,15
2026-09-26T16:30:00Z,GR,200.02,15
2026-09-26T16:30:00Z,HR,221.04,15
2026-09-26T16:30:00Z,HU,220.99,15
2026-09-26T16:30:00Z,IT-CNorth,221.06,15
2026-09-26T16:30:00Z,IT-CSouth,221.06,15
2026-09-26T16:30:00Z,IT-North,221.06,15
2026-09-26T16:30:00Z,IT-Sardinia,221.06,15
2026-09-26T16:30:00Z,IT-Sicily,221.06,15
2026-09-26T16:30:00Z,IT-South,221.06,15
2026-09-26T16:30:00Z,LT,147.23,15
2026-09-26T16:30:00Z,LV,147.23,15
2026-09-26T16:30:00Z,NL,220.65,15
2026-09-26T16:30:00Z,NO1,140.60,15
2026-09-26T16:30:00Z,NO2,154.40,15
2026-09-26T16:30:00Z,NO3,95.32,15
2026-09-26T16:30:00Z,NO4,31.83,15
2026-09-26T16:30:00Z,NO5,136.40,15
2026-09-26T16:30:00Z,PL,220.89,15
2026-09-26T16:30:00Z,PT,160.01,15
2026-09-26T16:30:00Z,RO,221.00,15
2026-09-26T16:30:00Z,SE1,31.28,15
2026-09-26T16:30:00Z,SE2,32.52,15
2026-09-26T16:30:00Z,SE3,102.60,15
2026-09-26T16:30:00Z,SE4,155.34,15
2026-09-26T16:30:00Z,SI,221.06,15
2026-09-26T16:30:00Z,SK,220.91,15
2026-09-26T16:45:00Z,AT,234.23,15
2026-09-26T16:45:00Z,BE,234.23,15
2026-09-26T16:45:00Z,CZ,234.23,15
2026-09-26T16:45:00Z,DE-LU,234.23,15
2026-09-26T16:45:00Z,DK1,234.23,15
2026-09-26T16:45:00Z,DK2,234.21,15
2026-09-26T16:45:00Z,EE,29.78,15
2026-09-26T16:45:00Z,ES,100.33,15
2026-09-26T16:45:00Z,FI,29.78,15
2026-09-26T16:45:00Z,FR,234.23,15
2026-09-26T16:45:00Z,GR,160.99,15
2026-09-26T16:45:00Z,HR,234.23,15
2026-09-26T16:45:00Z,HU,234.23,15
2026-09-26T16:45:00Z,IT-CNorth,234.23,15
2026-09-26T16:45:00Z,IT-CSouth,234.23,15
2026-09-26T16:45:00Z,IT-North,234.23,15
2026-09-26T16:45:00Z,IT-Sardinia,234.23,15
2026-09-26T16:45:00Z,IT-Sicily,234.49,15
2026-09-26T16:45:00Z,IT-South,234.23,15
2026-09-26T16:45:00Z,LT,158.07,15
2026-09-26T16:45:00Z,LV,158.07,15
2026-09-26T16:45:00Z,NL,234.23,15
2026-09-26T16:45:00Z,NO1,140.91,15
2026-09-26T16:45:00Z,NO2,154.45,15
2026-09-26T16:45:00Z,NO3,94.69,15
2026-09-26T16:45:00Z,NO4,30.60,15
2026-09-26T16:45:00Z,NO5,136.70,15
2026-09-26T16:45:00Z,PL,234.23,15
2026-09-26T16:45:00Z,PT,195.18,15
2026-09-26T16:45:00Z,RO,234.23,15
2026-09-26T16:45:00Z,SE1,29.80,15
2026-09-26T16:45:00Z,SE2,30.95,15
2026-09-26T16:45:00Z,SE3,105.73,15
2026-09-26T16:45:00Z,SE4,162.43,15
2026-09-26T16:45:00Z,SI,234.23,15
2026-09-26T16:45:00Z,SK,234.23,15
2026-09-26T17:00:00Z,AT,222.00,15
2026-09-26T17:00:00Z,BE,222.00,15
2026-09-26T17:00:00Z,CH,231.41,60
2026-09-26T17:00:00Z,CZ,222.00,15
2026-09-26T17:00:00Z,DE-LU,222.00,15
2026-09-26T17:00:00Z,DK1,222.00,15
2026-09-26T17:00:00Z,DK2,222.01,15
2026-09-26T17:00:00Z,EE,38.03,15
2026-09-26T17:00:00Z,ES,121.84,15
2026-09-26T17:00:00Z,FI,38.03,15
2026-09-26T17:00:00Z,FR,222.00,15
2026-09-26T17:00:00Z,GR,174.35,15
2026-09-26T17:00:00Z,HR,222.00,15
2026-09-26T17:00:00Z,HU,222.00,15
2026-09-26T17:00:00Z,IT-CNorth,222.00,15
2026-09-26T17:00:00Z,IT-CSouth,222.00,15
2026-09-26T17:00:00Z,IT-North,222.00,15
2026-09-26T17:00:00Z,IT-Sardinia,222.00,15
2026-09-26T17:00:00Z,IT-Sicily,278.87,15
2026-09-26T17:00:00Z,IT-South,222.00,15
2026-09-26T17:00:00Z,LT,169.88,15
2026-09-26T17:00:00Z,LV,169.88,15
2026-09-26T17:00:00Z,NL,222.00,15
2026-09-26T17:00:00Z,NO1,139.60,15
2026-09-26T17:00:00Z,NO3,98.94,15
2026-09-26T17:00:00Z,NO4,34.72,15
2026-09-26T17:00:00Z,NO5,135.66,15
2026-09-26T17:00:00Z,PL,222.00,15
2026-09-26T17:00:00Z,PT,184.02,15
2026-09-26T17:00:00Z,RO,222.00,15
2026-09-26T17:00:00Z,SE1,37.93,15
2026-09-26T17:00:00Z,SE2,40.29,15
2026-09-26T17:00:00Z,SE3,111.71,15
2026-09-26T17:00:00Z,SE4,168.31,15
2026-09-26T17:00:00Z,SI,222.00,15
2026-09-26T17:00:00Z,SK,222.00,15
2026-09-26T17:15:00Z,AT,230.46,15
2026-09-26T17:15:00Z,BE,230.46,15
2026-09-26T17:15:00Z,CZ,230.46,15
2026-09-26T17:15:00Z,DE-LU,230.46,15
2026-09-26T17:15:00Z,DK1,230.46,15
2026-09-26T17:15:00Z,DK2,230.46,15
2026-09-26T17:15:00Z,EE,34.01,15
2026-09-26T17:15:00Z,ES,135.18,15
2026-09-26T17:15:00Z,FI,34.00,15
2026-09-26T17:15:00Z,FR,230.46,15
2026-09-26T17:15:00Z,GR,173.62,15
2026-09-26T17:15:00Z,HR,230.46,15
2026-09-26T17:15:00Z,HU,230.46,15
2026-09-26T17:15:00Z,IT-CNorth,230.46,15
2026-09-26T17:15:00Z,IT-CSouth,230.46,15
2026-09-26T17:15:00Z,IT-North,230.46,15
2026-09-26T17:15:00Z,IT-Sardinia,230.46,15
2026-09-26T17:15:00Z,IT-Sicily,331.13,15
2026-09-26T17:15:00Z,IT-South,230.46,15
2026-09-26T17:15:00Z,LT,169.37,15
2026-09-26T17:15:00Z,LV,169.37,15
2026-09-26T17:15:00Z,NL,230.46,15
2026-09-26T17:15:00Z,NO1,139.66,15
2026-09-26T17:15:00Z,NO2,154.49,15
2026-09-26T17:15:00Z,NO3,97.33,15
2026-09-26T17:15:00Z,NO4,30.82,15
2026-09-26T17:15:00Z,PL,230.46,15
2026-09-26T17:15:00Z,PT,210.00,15
2026-09-26T17:15:00Z,RO,230.46,15
2026-09-26T17:15:00Z,SE1,33.91,15
2026-09-26T17:15:00Z,SE2,36.28,15
2026-09-26T17:15:00Z,SE3,109.99,15
2026-09-26T17:15:00Z,SE4,168.37,15
2026-09-26T17:15:00Z,SI,230.46,15
2026-09-26T17:15:00Z,SK,230.46,15
2026-09-26T17:30:00Z,AT,243.61,15
2026-09-26T17:30:00Z,BE,243.61,15
2026-09-26T17:30:00Z,CZ,243.61,15
2026-09-26T17:30:00Z,DE-LU,243.61,15
2026-09-26T17:30:00Z,DK1,243.61,15
2026-09-26T17:30:00Z,DK2,243.59,15
2026-09-26T17:30:00Z,EE,27.30,15
2026-09-26T17:30:00Z,ES,183.62,15
2026-09-26T17:30:00Z,FI,27.30,15
2026-09-26T17:30:00Z,FR,243.61,15
2026-09-26T17:30:00Z,GR,168.30,15
2026-09-26T17:30:00Z,HR,243.61,15
2026-09-26T17:30:00Z,HU,243.61,15
2026-09-26T17:30:00Z,IT-CNorth,243.61,15
2026-09-26T17:30:00Z,IT-CSouth,243.61,15
2026-09-26T17:30:00Z,IT-North,243.61,15
2026-09-26T17:30:00Z,IT-Sardinia,243.61,15
2026-09-26T17:30:00Z,IT-Sicily,355.00,15
2026-09-26T17:30:00Z,IT-South,243.61,15
2026-09-26T17:30:00Z,LT,162.01,15
2026-09-26T17:30:00Z,LV,162.01,15
2026-09-26T17:30:00Z,NL,243.61,15
2026-09-26T17:30:00Z,NO1,139.98,15
2026-09-26T17:30:00Z,NO2,154.55,15
2026-09-26T17:30:00Z,NO3,91.98,15
2026-09-26T17:30:00Z,NO4,30.62,15
2026-09-26T17:30:00Z,NO5,135.76,15
2026-09-26T17:30:00Z,PL,243.61,15
2026-09-26T17:30:00Z,PT,243.61,15
2026-09-26T17:30:00Z,RO,243.61,15
2026-09-26T17:30:00Z,SE1,27.39,15
2026-09-26T17:30:00Z,SE2,27.72,15
2026-09-26T17:30:00Z,SE3,104.54,15
2026-09-26T17:30:00Z,SE4,165.17,15
2026-09-26T17:30:00Z,SI,243.61,15
2026-09-26T17:30:00Z,SK,243.61,15
2026-09-26T17:45:00Z,AT,251.08,15
2026-09-26T17:45:00Z,BE,251.08,15
2026-09-26T17:45:00Z,CZ,251.08,15
2026-09-26T17:45:00Z,DE-LU,251.08,15
2026-09-26T17:45:00Z,DK1,251.08,15
2026-09-26T17:45:00Z,DK2,251.04,15
2026-09-26T17:45:00Z,EE,21.27,15
2026-09-26T17:45:00Z,ES,239.61,15
2026-09-26T17:45:00Z,FI,21.28,15
2026-09-26T17:45:00Z,FR,251.08,15
2026-09-26T17:45:00Z,GR,160.99,15
2026-09-26T17:45:00Z,HR,251.08,15
2026-09-26T17:45:00Z,HU,251.08,15
2026-09-26T17:45:00Z,IT-CNorth,251.08,15
2026-09-26T17:45:00Z,IT-CSouth,251.08,15
2026-09-26T17:45:00Z,IT-North,251.08,15
2026-09-26T17:45:00Z,IT-Sardinia,251.08,15
2026-09-26T17:45:00Z,IT-Sicily,360.00,15
2026-09-26T17:45:00Z,IT-South,251.08,15
2026-09-26T17:45:00Z,LT,156.50,15
2026-09-26T17:45:00Z,LV,156.50,15
2026-09-26T17:45:00Z,NL,251.08,15
2026-09-26T17:45:00Z,NO1,140.22,15
2026-09-26T17:45:00Z,NO2,154.57,15
2026-09-26T17:45:00Z,NO3,87.11,15
2026-09-26T17:45:00Z,NO4,30.52,15
2026-09-26T17:45:00Z,NO5,135.81,15
2026-09-26T17:45:00Z,PL,251.08,15
2026-09-26T17:45:00Z,PT,251.08,15
2026-09-26T17:45:00Z,RO,251.08,15
2026-09-26T17:45:00Z,SE1,21.54,15
2026-09-26T17:45:00Z,SE2,20.00,15
2026-09-26T17:45:00Z,SE3,100.00,15
2026-09-26T17:45:00Z,SE4,162.98,15
2026-09-26T17:45:00Z,SI,251.08,15
2026-09-26T17:45:00Z,SK,251.08,15
2026-09-26T18:00:00Z,AT,238.97,15
2026-09-26T18:00:00Z,BE,238.97,15
2026-09-26T18:00:00Z,CH,225.68,60
2026-09-26T18:00:00Z,CZ,238.97,15
2026-09-26T18:00:00Z,DE-LU,238.97,15
2026-09-26T18:00:00Z,DK1,238.97,15
2026-09-26T18:00:00Z,DK2,238.98,15
2026-09-26T18:00:00Z,EE,34.42,15
2026-09-26T18:00:00Z,ES,242.55,15
2026-09-26T18:00:00Z,FI,34.42,15
2026-09-26T18:00:00Z,FR,238.97,15
2026-09-26T18:00:00Z,GR,150.25,15
2026-09-26T18:00:00Z,HR,238.97,15
2026-09-26T18:00:00Z,HU,238.97,15
2026-09-26T18:00:00Z,IT-CNorth,238.97,15
2026-09-26T18:00:00Z,IT-CSouth,238.97,15
2026-09-26T18:00:00Z,IT-North,238.97,15
2026-09-26T18:00:00Z,IT-Sardinia,238.97,15
2026-09-26T18:00:00Z,IT-Sicily,386.00,15
2026-09-26T18:00:00Z,IT-South,238.97,15
2026-09-26T18:00:00Z,LT,163.88,15
2026-09-26T18:00:00Z,LV,163.88,15
2026-09-26T18:00:00Z,NL,238.97,15
2026-09-26T18:00:00Z,NO1,137.18,15
2026-09-26T18:00:00Z,NO2,154.47,15
2026-09-26T18:00:00Z,NO3,96.24,15
2026-09-26T18:00:00Z,NO4,31.06,15
2026-09-26T18:00:00Z,NO5,133.73,15
2026-09-26T18:00:00Z,PL,238.97,15
2026-09-26T18:00:00Z,PT,238.97,15
2026-09-26T18:00:00Z,RO,238.97,15
2026-09-26T18:00:00Z,RS,205.69,15
2026-09-26T18:00:00Z,SE1,34.32,15
2026-09-26T18:00:00Z,SE2,36.71,15
2026-09-26T18:00:00Z,SE3,107.01,15
2026-09-26T18:00:00Z,SE4,162.28,15
2026-09-26T18:00:00Z,SI,238.97,15
2026-09-26T18:00:00Z,SK,238.97,15
2026-09-26T18:15:00Z,AT,232.00,15
2026-09-26T18:15:00Z,BE,232.00,15
2026-09-26T18:15:00Z,CZ,232.00,15
2026-09-26T18:15:00Z,DE-LU,232.00,15
2026-09-26T18:15:00Z,DK1,232.00,15
2026-09-26T18:15:00Z,DK2,231.98,15
2026-09-26T18:15:00Z,EE,28.30,15
2026-09-26T18:15:00Z,ES,237.81,15
2026-09-26T18:15:00Z,FI,28.30,15
2026-09-26T18:15:00Z,FR,232.00,15
2026-09-26T18:15:00Z,GR,154.46,15
2026-09-26T18:15:00Z,HR,232.00,15
2026-09-26T18:15:00Z,HU,232.00,15
2026-09-26T18:15:00Z,IT-CNorth,232.00,15
2026-09-26T18:15:00Z,IT-CSouth,232.00,15
2026-09-26T18:15:00Z,IT-North,232.00,15
2026-09-26T18:15:00Z,IT-Sardinia,232.00,15
2026-09-26T18:15:00Z,IT-Sicily,360.00,15
2026-09-26T18:15:00Z,IT-South,232.00,15
2026-09-26T18:15:00Z,LT,157.13,15
2026-09-26T18:15:00Z,LV,157.13,15
2026-09-26T18:15:00Z,NL,232.00,15
2026-09-26T18:15:00Z,NO1,137.12,15
2026-09-26T18:15:00Z,NO2,154.46,15
2026-09-26T18:15:00Z,NO3,91.78,15
2026-09-26T18:15:00Z,NO4,30.82,15
2026-09-26T18:15:00Z,NO5,133.42,15
2026-09-26T18:15:00Z,PL,232.00,15
2026-09-26T18:15:00Z,PT,232.00,15
2026-09-26T18:15:00Z,RO,232.00,15
2026-09-26T18:15:00Z,SE1,28.37,15
2026-09-26T18:15:00Z,SE2,30.30,15
2026-09-26T18:15:00Z,SE3,102.54,15
2026-09-26T18:15:00Z,SE4,159.10,15
2026-09-26T18:15:00Z,SI,232.00,15
2026-09-26T18:15:00Z,SK,232.00,15
2026-09-26T18:30:00Z,AT,222.48,15
2026-09-26T18:30:00Z,BE,222.48,15
2026-09-26T18:30:00Z,CZ,222.48,15
2026-09-26T18:30:00Z,DE-LU,222.48,15
2026-09-26T18:30:00Z,DK1,222.48,15
2026-09-26T18:30:00Z,DK2,222.49,15
2026-09-26T18:30:00Z,EE,19.49,15
2026-09-26T18:30:00Z,ES,224.48,15
2026-09-26T18:30:00Z,FI,19.49,15
2026-09-26T18:30:00Z,FR,222.48,15
2026-09-26T18:30:00Z,GR,168.31,15
2026-09-26T18:30:00Z,HR,222.48,15
2026-09-26T18:30:00Z,HU,222.48,15
2026-09-26T18:30:00Z,IT-CNorth,222.48,15
2026-09-26T18:30:00Z,IT-CSouth,222.48,15
2026-09-26T18:30:00Z,IT-North,222.48,15
2026-09-26T18:30:00Z,IT-Sardinia,222.48,15
2026-09-26T18:30:00Z,IT-Sicily,350.00,15
2026-09-26T18:30:00Z,IT-South,222.48,15
2026-09-26T18:30:00Z,LT,175.13,15
2026-09-26T18:30:00Z,LV,175.13,15
2026-09-26T18:30:00Z,NL,222.48,15
2026-09-26T18:30:00Z,NO1,138.38,15
2026-09-26T18:30:00Z,NO2,154.47,15
2026-09-26T18:30:00Z,NO3,86.22,15
2026-09-26T18:30:00Z,NO4,30.94,15
2026-09-26T18:30:00Z,NO5,134.08,15
2026-09-26T18:30:00Z,PL,222.48,15
2026-09-26T18:30:00Z,PT,222.48,15
2026-09-26T18:30:00Z,RO,222.48,15
2026-09-26T18:30:00Z,SE1,19.81,15
2026-09-26T18:30:00Z,SE2,22.22,15
2026-09-26T18:30:00Z,SE3,106.44,15
2026-09-26T18:30:00Z,SE4,172.96,15
2026-09-26T18:30:00Z,SI,222.48,15
2026-09-26T18:30:00Z,SK,222.48,15
2026-09-26T18:45:00Z,AT,211.99,15
2026-09-26T18:45:00Z,BE,211.99,15
2026-09-26T18:45:00Z,CZ,211.99,15
2026-09-26T18:45:00Z,DE-LU,211.99,15
2026-09-26T18:45:00Z,DK1,211.99,15
2026-09-26T18:45:00Z,DK2,212.01,15
2026-09-26T18:45:00Z,EE,17.21,15
2026-09-26T18:45:00Z,ES,211.98,15
2026-09-26T18:45:00Z,FI,17.22,15
2026-09-26T18:45:00Z,FR,211.99,15
2026-09-26T18:45:00Z,GR,110.00,15
2026-09-26T18:45:00Z,HR,211.99,15
2026-09-26T18:45:00Z,HU,211.99,15
2026-09-26T18:45:00Z,IT-CNorth,211.99,15
2026-09-26T18:45:00Z,IT-CSouth,211.99,15
2026-09-26T18:45:00Z,IT-North,211.99,15
2026-09-26T18:45:00Z,IT-Sardinia,211.99,15
2026-09-26T18:45:00Z,IT-Sicily,325.00,15
2026-09-26T18:45:00Z,IT-South,211.99,15
2026-09-26T18:45:00Z,LT,174.31,15
2026-09-26T18:45:00Z,LV,174.31,15
2026-09-26T18:45:00Z,NL,211.99,15
2026-09-26T18:45:00Z,NO1,137.69,15
2026-09-26T18:45:00Z,NO2,154.44,15
2026-09-26T18:45:00Z,NO3,84.30,15
2026-09-26T18:45:00Z,NO4,30.90,15
2026-09-26T18:45:00Z,NO5,133.57,15
2026-09-26T18:45:00Z,PL,211.99,15
2026-09-26T18:45:00Z,PT,211.99,15
2026-09-26T18:45:00Z,RO,211.99,15
2026-09-26T18:45:00Z,SE1,17.60,15
2026-09-26T18:45:00Z,SE2,20.00,15
2026-09-26T18:45:00Z,SE3,104.92,15
2026-09-26T18:45:00Z,SE4,172.06,15
2026-09-26T18:45:00Z,SI,211.99,15
2026-09-26T18:45:00Z,SK,211.99,15
2026-09-26T19:00:00Z,AT,218.18,15
2026-09-26T19:00:00Z,BE,218.18,15
2026-09-26T19:00:00Z,CH,210.75,60
2026-09-26T19:00:00Z,CZ,218.18,15
2026-09-26T19:00:00Z,DE-LU,218.18,15
2026-09-26T19:00:00Z,DK1,218.18,15
2026-09-26T19:00:00Z,DK2,218.19,15
2026-09-26T19:00:00Z,EE,21.71,15
2026-09-26T19:00:00Z,ES,219.65,15
2026-09-26T19:00:00Z,FI,21.72,15
2026-09-26T19:00:00Z,FR,218.18,15
2026-09-26T19:00:00Z,GR,173.01,15
2026-09-26T19:00:00Z,HR,218.18,15
2026-09-26T19:00:00Z,HU,218.18,15
2026-09-26T19:00:00Z,IT-CNorth,218.18,15
2026-09-26T19:00:00Z,IT-CSouth,218.18,15
2026-09-26T19:00:00Z,IT-North,218.18,15
2026-09-26T19:00:00Z,IT-Sardinia,218.18,15
2026-09-26T19:00:00Z,IT-Sicily,315.69,15
2026-09-26T19:00:00Z,IT-South,218.18,15
2026-09-26T19:00:00Z,LT,167.78,15
2026-09-26T19:00:00Z,LV,167.78,15
2026-09-26T19:00:00Z,NL,218.18,15
2026-09-26T19:00:00Z,NO1,133.99,15
2026-09-26T19:00:00Z,NO2,154.57,15
2026-09-26T19:00:00Z,NO3,84.66,15
2026-09-26T19:00:00Z,NO4,30.97,15
2026-09-26T19:00:00Z,NO5,131.39,15
2026-09-26T19:00:00Z,PL,218.18,15
2026-09-26T19:00:00Z,PT,218.18,15
2026-09-26T19:00:00Z,RO,218.18,15
2026-09-26T19:00:00Z,RS,215.03,15
2026-09-26T19:00:00Z,SE1,21.95,15
2026-09-26T19:00:00Z,SE2,24.27,15
2026-09-26T19:00:00Z,SE3,102.59,15
2026-09-26T19:00:00Z,SE4,165.62,15
2026-09-26T19:00:00Z,SI,218.18,15
2026-09-26T19:00:00Z,SK,218.18,15
2026-09-26T19:15:00Z,AT,210.24,15
2026-09-26T19:15:00Z,BE,210.24,15
2026-09-26T19:15:00Z,CZ,210.24,15
2026-09-26T19:15:00Z,DE-LU,210.24,15
2026-09-26T19:15:00Z,DK1,210.24,15
2026-09-26T19:15:00Z,DK2,210.25,15
2026-09-26T19:15:00Z,EE,20.39,15
2026-09-26T19:15:00Z,ES,210.09,15
2026-09-26T19:15:00Z,FI,20.39,15
2026-09-26T19:15:00Z,FR,210.24,15
2026-09-26T19:15:00Z,GR,207.48,15
2026-09-26T19:15:00Z,HR,210.24,15
2026-09-26T19:15:00Z,HU,210.24,15
2026-09-26T19:15:00Z,IT-CNorth,221.72,15
2026-09-26T19:15:00Z,IT-CSouth,221.72,15
2026-09-26T19:15:00Z,IT-North,221.72,15
2026-09-26T19:15:00Z,IT-Sardinia,221.72,15
2026-09-26T19:15:00Z,IT-Sicily,294.33,15
2026-09-26T19:15:00Z,IT-South,221.72,15
2026-09-26T19:15:00Z,LT,161.52,15
2026-09-26T19:15:00Z,LV,161.52,15
2026-09-26T19:15:00Z,NL,210.24,15
2026-09-26T19:15:00Z,NO1,129.68,15
2026-09-26T19:15:00Z,NO2,154.54,15
2026-09-26T19:15:00Z,NO3,74.72,15
2026-09-26T19:15:00Z,NO4,30.89,15
2026-09-26T19:15:00Z,NO5,131.12,15
2026-09-26T19:15:00Z,PL,210.24,15
2026-09-26T19:15:00Z,PT,210.24,15
2026-09-26T19:15:00Z,RO,210.24,15
2026-09-26T19:15:00Z,SE1,20.66,15
2026-09-26T19:15:00Z,SE2,22.68,15
2026-09-26T19:15:00Z,SE3,98.61,15
2026-09-26T19:15:00Z,SE4,159.54,15
2026-09-26T19:15:00Z,SI,210.24,15
2026-09-26T19:15:00Z,SK,210.24,15
2026-09-26T19:30:00Z,AT,205.53,15
2026-09-26T19:30:00Z,BE,205.53,15
2026-09-26T19:30:00Z,CZ,205.53,15
2026-09-26T19:30:00Z,DE-LU,205.53,15
2026-09-26T19:30:00Z,DK1,205.53,15
2026-09-26T19:30:00Z,DK2,205.54,15
2026-09-26T19:30:00Z,EE,19.49,15
2026-09-26T19:30:00Z,ES,203.53,15
2026-09-26T19:30:00Z,FI,19.49,15
2026-09-26T19:30:00Z,FR,205.53,15
2026-09-26T19:30:00Z,GR,205.53,15
2026-09-26T19:30:00Z,HR,205.53,15
2026-09-26T19:30:00Z,HU,205.53,15
2026-09-26T19:30:00Z,IT-CNorth,207.10,15
2026-09-26T19:30:00Z,IT-CSouth,207.10,15
2026-09-26T19:30:00Z,IT-North,207.10,15
2026-09-26T19:30:00Z,IT-Sardinia,207.10,15
2026-09-26T19:30:00Z,IT-Sicily,251.70,15
2026-09-26T19:30:00Z,IT-South,207.10,15
2026-09-26T19:30:00Z,LT,156.06,15
2026-09-26T19:30:00Z,LV,156.06,15
2026-09-26T19:30:00Z,NL,205.53,15
2026-09-26T19:30:00Z,NO1,125.92,15
2026-09-26T19:30:00Z,NO2,154.52,15
2026-09-26T19:30:00Z,NO3,67.17,15
2026-09-26T19:30:00Z,NO4,30.71,15
2026-09-26T19:30:00Z,NO5,130.26,15
2026-09-26T19:30:00Z,PL,205.53,15
2026-09-26T19:30:00Z,PT,205.53,15
2026-09-26T19:30:00Z,RO,205.53,15
2026-09-26T19:30:00Z,SE1,19.78,15
2026-09-26T19:30:00Z,SE2,21.57,15
2026-09-26T19:30:00Z,SE3,95.24,15
2026-09-26T19:30:00Z,SE4,154.24,15
2026-09-26T19:30:00Z,SI,205.53,15
2026-09-26T19:30:00Z,SK,205.53,15
2026-09-26T19:45:00Z,AT,200.00,15
2026-09-26T19:45:00Z,BE,200.00,15
2026-09-26T19:45:00Z,CZ,200.00,15
2026-09-26T19:45:00Z,DE-LU,200.00,15
2026-09-26T19:45:00Z,DK1,200.00,15
2026-09-26T19:45:00Z,DK2,200.01,15
2026-09-26T19:45:00Z,EE,18.10,15
2026-09-26T19:45:00Z,ES,194.97,15
2026-09-26T19:45:00Z,FI,18.11,15
2026-09-26T19:45:00Z,FR,200.00,15
2026-09-26T19:45:00Z,GR,200.00,15
2026-09-26T19:45:00Z,HR,200.00,15
2026-09-26T19:45:00Z,HU,200.00,15
2026-09-26T19:45:00Z,IT-CNorth,200.00,15
2026-09-26T19:45:00Z,IT-CSouth,200.00,15
2026-09-26T19:45:00Z,IT-North,200.00,15
2026-09-26T19:45:00Z,IT-Sardinia,200.00,15
2026-09-26T19:45:00Z,IT-Sicily,249.00,15
2026-09-26T19:45:00Z,IT-South,200.00,15
2026-09-26T19:45:00Z,LT,144.66,15
2026-09-26T19:45:00Z,LV,144.66,15
2026-09-26T19:45:00Z,NL,200.00,15
2026-09-26T19:45:00Z,NO1,125.22,15
2026-09-26T19:45:00Z,NO2,154.49,15
2026-09-26T19:45:00Z,NO3,65.87,15
2026-09-26T19:45:00Z,NO4,30.56,15
2026-09-26T19:45:00Z,NO5,130.04,15
2026-09-26T19:45:00Z,PL,200.00,15
2026-09-26T19:45:00Z,PT,200.00,15
2026-09-26T19:45:00Z,RO,200.00,15
2026-09-26T19:45:00Z,SE1,18.43,15
2026-09-26T19:45:00Z,SE2,20.00,15
2026-09-26T19:45:00Z,SE3,88.28,15
2026-09-26T19:45:00Z,SE4,142.95,15
2026-09-26T19:45:00Z,SI,200.00,15
2026-09-26T19:45:00Z,SK,200.00,15
2026-09-26T20:00:00Z,AT,207.00,15
2026-09-26T20:00:00Z,BE,207.00,15
2026-09-26T20:00:00Z,CH,200.60,60
2026-09-26T20:00:00Z,CZ,207.00,15
2026-09-26T20:00:00Z,DE-LU,207.00,15
2026-09-26T20:00:00Z,DK1,207.00,15
2026-09-26T20:00:00Z,DK2,207.01,15
2026-09-26T20:00:00Z,EE,19.49,15
2026-09-26T20:00:00Z,ES,199.17,15
2026-09-26T20:00:00Z,FI,19.49,15
2026-09-26T20:00:00Z,FR,207.00,15
2026-09-26T20:00:00Z,GR,207.00,15
2026-09-26T20:00:00Z,HR,207.00,15
2026-09-26T20:00:00Z,HU,207.00,15
2026-09-26T20:00:00Z,IT-CNorth,212.17,15
2026-09-26T20:00:00Z,IT-CSouth,212.17,15
2026-09-26T20:00:00Z,IT-North,212.17,15
2026-09-26T20:00:00Z,IT-Sardinia,212.17,15
2026-09-26T20:00:00Z,IT-Sicily,295.68,15
2026-09-26T20:00:00Z,IT-South,212.17,15
2026-09-26T20:00:00Z,LT,141.28,15
2026-09-26T20:00:00Z,LV,141.28,15
2026-09-26T20:00:00Z,NL,207.00,15
2026-09-26T20:00:00Z,NO1,122.52,15
2026-09-26T20:00:00Z,NO2,154.32,15
2026-09-26T20:00:00Z,NO3,61.19,15
2026-09-26T20:00:00Z,NO4,30.73,15
2026-09-26T20:00:00Z,NO5,128.93,15
2026-09-26T20:00:00Z,PL,207.00,15
2026-09-26T20:00:00Z,PT,207.00,15
2026-09-26T20:00:00Z,RO,207.00,15
2026-09-26T20:00:00Z,RS,189.94,15
2026-09-26T20:00:00Z,SE1,19.81,15
2026-09-26T20:00:00Z,SE2,21.20,15
2026-09-26T20:00:00Z,SE3,88.11,15
2026-09-26T20:00:00Z,SE4,139.84,15
2026-09-26T20:00:00Z,SI,207.00,15
2026-09-26T20:00:00Z,SK,207.00,15
2026-09-26T20:15:00Z,AT,200.62,15
2026-09-26T20:15:00Z,BE,200.62,15
2026-09-26T20:15:00Z,CZ,200.62,15
2026-09-26T20:15:00Z,DE-LU,200.62,15
2026-09-26T20:15:00Z,DK1,200.62,15
2026-09-26T20:15:00Z,DK2,200.62,15
2026-09-26T20:15:00Z,ES,195.34,15
2026-09-26T20:15:00Z,FI,19.50,15
2026-09-26T20:15:00Z,FR,200.62,15
2026-09-26T20:15:00Z,GR,200.62,15
2026-09-26T20:15:00Z,HR,200.62,15
2026-09-26T20:15:00Z,HU,200.62,15
2026-09-26T20:15:00Z,IT-CNorth,200.62,15
2026-09-26T20:15:00Z,IT-CSouth,200.62,15
2026-09-26T20:15:00Z,IT-North,200.62,15
2026-09-26T20:15:00Z,IT-Sardinia,200.62,15
2026-09-26T20:15:00Z,IT-Sicily,268.43,15
2026-09-26T20:15:00Z,IT-South,200.62,15
2026-09-26T20:15:00Z,LT,121.18,15
2026-09-26T20:15:00Z,LV,121.18,15
2026-09-26T20:15:00Z,NL,200.62,15
2026-09-26T20:15:00Z,NO1,122.28,15
2026-09-26T20:15:00Z,NO2,154.28,15
2026-09-26T20:15:00Z,NO3,63.72,15
2026-09-26T20:15:00Z,NO4,28.62,15
2026-09-26T20:15:00Z,NO5,128.34,15
2026-09-26T20:15:00Z,PL,200.62,15
2026-09-26T20:15:00Z,PT,200.62,15
2026-09-26T20:15:00Z,RO,200.62,15
2026-09-26T20:15:00Z,SE1,19.76,15
2026-09-26T20:15:00Z,SE2,20.89,15
2026-09-26T20:15:00Z,SE3,76.81,15
2026-09-26T20:15:00Z,SE4,120.01,15
2026-09-26T20:15:00Z,SI,200.62,15
2026-09-26T20:15:00Z,SK,200.62,15
2026-09-26T20:30:00Z,AT,197.73,15
2026-09-26T20:30:00Z,BE,197.73,15
2026-09-26T20:30:00Z,CZ,197.73,15
2026-09-26T20:30:00Z,DE-LU,197.73,15
2026-09-26T20:30:00Z,DK1,197.73,15
2026-09-26T20:30:00Z,DK2,197.73,15
2026-09-26T20:30:00Z,EE,18.82,15
2026-09-26T20:30:00Z,ES,192.60,15
2026-09-26T20:30:00Z,FI,18.82,15
2026-09-26T20:30:00Z,FR,197.73,15
2026-09-26T20:30:00Z,GR,197.73,15
2026-09-26T20:30:00Z,HR,197.73,15
2026-09-26T20:30:00Z,HU,197.73,15
2026-09-26T20:30:00Z,IT-CNorth,197.73,15
2026-09-26T20:30:00Z,IT-CSouth,197.73,15
2026-09-26T20:30:00Z,IT-North,197.73,15
2026-09-26T20:30:00Z,IT-Sardinia,197.73,15
2026-09-26T20:30:00Z,IT-Sicily,240.40,15
2026-09-26T20:30:00Z,IT-South,197.73,15
2026-09-26T20:30:00Z,LT,110.05,15
2026-09-26T20:30:00Z,LV,110.05,15
2026-09-26T20:30:00Z,NL,197.73,15
2026-09-26T20:30:00Z,NO1,121.39,15
2026-09-26T20:30:00Z,NO2,154.25,15
2026-09-26T20:30:00Z,NO3,62.72,15
2026-09-26T20:30:00Z,NO4,26.54,15
2026-09-26T20:30:00Z,NO5,128.33,15
2026-09-26T20:30:00Z,PL,197.73,15
2026-09-26T20:30:00Z,PT,197.73,15
2026-09-26T20:30:00Z,RO,197.73,15
2026-09-26T20:30:00Z,SE1,19.04,15
2026-09-26T20:30:00Z,SE2,20.00,15
2026-09-26T20:30:00Z,SE3,70.29,15
2026-09-26T20:30:00Z,SE4,109.06,15
2026-09-26T20:30:00Z,SI,197.73,15
2026-09-26T20:30:00Z,SK,197.73,15
2026-09-26T20:45:00Z,AT,191.89,15
2026-09-26T20:45:00Z,BE,191.89,15
2026-09-26T20:45:00Z,CZ,191.89,15
2026-09-26T20:45:00Z,DE-LU,191.89,15
2026-09-26T20:45:00Z,DK1,191.89,15
2026-09-26T20:45:00Z,DK2,191.89,15
2026-09-26T20:45:00Z,EE,19.32,15
2026-09-26T20:45:00Z,ES,184.89,15
2026-09-26T20:45:00Z,FI,19.32,15
2026-09-26T20:45:00Z,FR,191.89,15
2026-09-26T20:45:00Z,GR,191.89,15
2026-09-26T20:45:00Z,HR,191.89,15
2026-09-26T20:45:00Z,HU,191.89,15
2026-09-26T20:45:00Z,IT-CNorth,191.89,15
2026-09-26T20:45:00Z,IT-CSouth,191.89,15
2026-09-26T20:45:00Z,IT-North,191.89,15
2026-09-26T20:45:00Z,IT-Sardinia,191.89,15
2026-09-26T20:45:00Z,IT-Sicily,213.09,15
2026-09-26T20:45:00Z,IT-South,191.89,15
2026-09-26T20:45:00Z,LT,85.96,15
2026-09-26T20:45:00Z,LV,85.96,15
2026-09-26T20:45:00Z,NL,191.89,15
2026-09-26T20:45:00Z,NO1,120.01,15
2026-09-26T20:45:00Z,NO2,154.21,15
2026-09-26T20:45:00Z,NO3,63.97,15
2026-09-26T20:45:00Z,NO4,24.67,15
2026-09-26T20:45:00Z,NO5,127.93,15
2026-09-26T20:45:00Z,PL,191.89,15
2026-09-26T20:45:00Z,PT,191.89,15
2026-09-26T20:45:00Z,RO,191.89,15
2026-09-26T20:45:00Z,SE1,19.47,15
2026-09-26T20:45:00Z,SE2,19.99,15
2026-09-26T20:45:00Z,SE3,57.04,15
2026-09-26T20:45:00Z,SE4,85.37,15
2026-09-26T20:45:00Z,SI,191.89,15
2026-09-26T20:45:00Z,SK,191.89,15
2026-09-26T21:00:00Z,AT,195.20,15
2026-09-26T21:00:00Z,BE,195.20,15
2026-09-26T21:00:00Z,CH,189.00,60
2026-09-26T21:00:00Z,CZ,195.20,15
2026-09-26T21:00:00Z,DE-LU,195.20,15
2026-09-26T21:00:00Z,DK1,195.20,15
2026-09-26T21:00:00Z,DK2,195.21,15
2026-09-26T21:00:00Z,EE,15.82,15
2026-09-26T21:00:00Z,ES,193.53,15
2026-09-26T21:00:00Z,FI,15.83,15
2026-09-26T21:00:00Z,FR,195.20,15
2026-09-26T21:00:00Z,GR,195.20,15
2026-09-26T21:00:00Z,HR,195.20,15
2026-09-26T21:00:00Z,HU,195.20,15
2026-09-26T21:00:00Z,IT-CNorth,195.20,15
2026-09-26T21:00:00Z,IT-CSouth,195.20,15
2026-09-26T21:00:00Z,IT-North,195.20,15
2026-09-26T21:00:00Z,IT-Sardinia,195.20,15
2026-09-26T21:00:00Z,IT-Sicily,258.20,15
2026-09-26T21:00:00Z,IT-South,195.20,15
2026-09-26T21:00:00Z,LT,147.98,15
2026-09-26T21:00:00Z,LV,147.98,15
2026-09-26T21:00:00Z,NL,195.20,15
2026-09-26T21:00:00Z,NO1,121.95,15
2026-09-26T21:00:00Z,NO2,154.23,15
2026-09-26T21:00:00Z,NO3,59.97,15
2026-09-26T21:00:00Z,NO4,28.51,15
2026-09-26T21:00:00Z,NO5,127.26,15
2026-09-26T21:00:00Z,PL,195.20,15
2026-09-26T21:00:00Z,PT,195.20,15
2026-09-26T21:00:00Z,RO,195.20,15
2026-09-26T21:00:00Z,SE1,16.22,15
2026-09-26T21:00:00Z,SE2,17.70,15
2026-09-26T21:00:00Z,SE3,91.44,15
2026-09-26T21:00:00Z,SE4,146.32,15
2026-09-26T21:00:00Z,SI,195.20,15
2026-09-26T21:00:00Z,SK,195.20,15
2026-09-26T21:15:00Z,AT,188.45,15
2026-09-26T21:15:00Z,BE,188.45,15
2026-09-26T21:15:00Z,CZ,188.45,15
2026-09-26T21:15:00Z,DE-LU,188.45,15
2026-09-26T21:15:00Z,DK1,188.45,15
2026-09-26T21:15:00Z,DK2,188.46,15
2026-09-26T21:15:00Z,EE,15.88,15
2026-09-26T21:15:00Z,ES,183.76,15
2026-09-26T21:15:00Z,FI,15.89,15
2026-09-26T21:15:00Z,FR,188.45,15
2026-09-26T21:15:00Z,GR,188.45,15
2026-09-26T21:15:00Z,HR,188.45,15
2026-09-26T21:15:00Z,HU,188.45,15
2026-09-26T21:15:00Z,IT-CNorth,188.45,15
2026-09-26T21:15:00Z,IT-CSouth,188.45,15
2026-09-26T21:15:00Z,IT-North,188.45,15
2026-09-26T21:15:00Z,IT-Sardinia,188.45,15
2026-09-26T21:15:00Z,IT-Sicily,211.00,15
2026-09-26T21:15:00Z,IT-South,188.45,15
2026-09-26T21:15:00Z,LT,124.63,15
2026-09-26T21:15:00Z,LV,124.63,15
2026-09-26T21:15:00Z,NL,188.45,15
2026-09-26T21:15:00Z,NO1,120.67,15
2026-09-26T21:15:00Z,NO2,154.19,15
2026-09-26T21:15:00Z,NO3,60.00,15
2026-09-26T21:15:00Z,NO4,25.66,15
2026-09-26T21:15:00Z,NO5,127.10,15
2026-09-26T21:15:00Z,PL,188.45,15
2026-09-26T21:15:00Z,PT,188.45,15
2026-09-26T21:15:00Z,RO,188.45,15
2026-09-26T21:15:00Z,SE1,16.19,15
2026-09-26T21:15:00Z,SE2,17.33,15
2026-09-26T21:15:00Z,SE3,78.18,15
2026-09-26T21:15:00Z,SE4,123.34,15
2026-09-26T21:15:00Z,SI,188.45,15
2026-09-26T21:15:00Z,SK,188.45,15
2026-09-26T21:30:00Z,AT,182.55,15
2026-09-26T21:30:00Z,BE,182.55,15
2026-09-26T21:30:00Z,CZ,182.55,15
2026-09-26T21:30:00Z,DE-LU,182.55,15
2026-09-26T21:30:00Z,DK1,182.55,15
2026-09-26T21:30:00Z,DK2,182.56,15
2026-09-26T21:30:00Z,EE,15.68,15
2026-09-26T21:30:00Z,ES,180.18,15
2026-09-26T21:30:00Z,FI,15.68,15
2026-09-26T21:30:00Z,FR,182.55,15
2026-09-26T21:30:00Z,GR,182.55,15
2026-09-26T21:30:00Z,HR,182.55,15
2026-09-26T21:30:00Z,HU,182.55,15
2026-09-26T21:30:00Z,IT-CNorth,182.55,15
2026-09-26T21:30:00Z,IT-CSouth,182.55,15
2026-09-26T21:30:00Z,IT-North,182.55,15
2026-09-26T21:30:00Z,IT-Sardinia,182.55,15
2026-09-26T21:30:00Z,IT-South,182.55,15
2026-09-26T21:30:00Z,LT,117.06,15
2026-09-26T21:30:00Z,LV,117.06,15
2026-09-26T21:30:00Z,NL,182.55,15
2026-09-26T21:30:00Z,NO1,120.30,15
2026-09-26T21:30:00Z,NO2,154.17,15
2026-09-26T21:30:00Z,NO3,60.42,15
2026-09-26T21:30:00Z,NO4,24.77,15
2026-09-26T21:30:00Z,NO5,126.91,15
2026-09-26T21:30:00Z,PL,182.55,15
2026-09-26T21:30:00Z,PT,182.55,15
2026-09-26T21:30:00Z,RO,182.55,15
2026-09-26T21:30:00Z,SE1,15.96,15
2026-09-26T21:30:00Z,SE2,16.99,15
2026-09-26T21:30:00Z,SE3,73.78,15
2026-09-26T21:30:00Z,SE4,115.90,15
2026-09-26T21:30:00Z,SI,182.55,15
2026-09-26T21:30:00Z,SK,182.55,15
2026-09-26T21:45:00Z,AT,177.80,15
2026-09-26T21:45:00Z,BE,177.80,15
2026-09-26T21:45:00Z,CZ,177.80,15
2026-09-26T21:45:00Z,DE-LU,177.80,15
2026-09-26T21:45:00Z,DK1,177.80,15
2026-09-26T21:45:00Z,DK2,177.81,15
2026-09-26T21:45:00Z,EE,15.00,15
2026-09-26T21:45:00Z,ES,171.91,15
2026-09-26T21:45:00Z,FI,15.01,15
2026-09-26T21:45:00Z,FR,177.80,15
2026-09-26T21:45:00Z,GR,177.80,15
2026-09-26T21:45:00Z,HR,177.80,15
2026-09-26T21:45:00Z,HU,177.80,15
2026-09-26T21:45:00Z,IT-CNorth,177.80,15
2026-09-26T21:45:00Z,IT-CSouth,177.80,15
2026-09-26T21:45:00Z,IT-North,177.80,15
2026-09-26T21:45:00Z,IT-Sardinia,177.80,15
2026-09-26T21:45:00Z,IT-Sicily,206.00,15
2026-09-26T21:45:00Z,IT-South,177.80,15
2026-09-26T21:45:00Z,LT,118.25,15
2026-09-26T21:45:00Z,LV,118.25,15
2026-09-26T21:45:00Z,NL,177.80,15
2026-09-26T21:45:00Z,NO1,119.70,15
2026-09-26T21:45:00Z,NO2,154.12,15
2026-09-26T21:45:00Z,NO3,59.64,15
2026-09-26T21:45:00Z,NO4,24.75,15
2026-09-26T21:45:00Z,NO5,126.78,15
2026-09-26T21:45:00Z,PL,177.80,15
2026-09-26T21:45:00Z,PT,177.80,15
2026-09-26T21:45:00Z,RO,177.80,15
2026-09-26T21:45:00Z,SE1,15.31,15
2026-09-26T21:45:00Z,SE2,16.28,15
2026-09-26T21:45:00Z,SE3,74.20,15
2026-09-26T21:45:00Z,SE4,117.11,15
2026-09-26T21:45:00Z,SI,177.80,15
2026-09-26T21:45:00Z,SK,177.80,15
2026-09-26T22:00:00Z,AT,192.07,15
2026-09-26T22:00:00Z,BE,192.07,15
2026-09-26T22:00:00Z,CH,193.81,60
2026-09-26T22:00:00Z,CZ,192.07,15
2026-09-26T22:00:00Z,DE-LU,192.07,15
2026-09-26T22:00:00Z,DK1,192.07,15
2026-09-26T22:00:00Z,DK2,192.08,15
2026-09-26T22:00:00Z,EE,86.78,15
2026-09-26T22:00:00Z,ES,186.09,15
2026-09-26T22:00:00Z,FI,13.08,15
2026-09-26T22:00:00Z,FR,192.07,15
2026-09-26T22:00:00Z,GR,192.07,15
2026-09-26T22:00:00Z,HR,192.07,15
2026-09-26T22:00:00Z,HU,192.07,15
2026-09-26T22:00:00Z,IT-CNorth,192.07,15
2026-09-26T22:00:00Z,IT-CSouth,192.07,15
2026-09-26T22:00:00Z,IT-North,192.07,15
2026-09-26T22:00:00Z,IT-Sardinia,192.07,15
2026-09-26T22:00:00Z,IT-Sicily,210.00,15
2026-09-26T22:00:00Z,IT-South,192.07,15
2026-09-26T22:00:00Z,LT,86.78,15
2026-09-26T22:00:00Z,LV,86.78,15
2026-09-26T22:00:00Z,NL,192.07,15
2026-09-26T22:00:00Z,NO1,130.75,15
2026-09-26T22:00:00Z,NO2,152.70,15
2026-09-26T22:00:00Z,NO3,84.22,15
2026-09-26T22:00:00Z,NO4,24.49,15
2026-09-26T22:00:00Z,NO5,130.60,15
2026-09-26T22:00:00Z,PL,192.07,15
2026-09-26T22:00:00Z,PT,192.07,15
2026-09-26T22:00:00Z,RO,192.07,15
2026-09-26T22:00:00Z,RS,188.81,15
2026-09-26T22:00:00Z,SE1,13.44,15
2026-09-26T22:00:00Z,SE2,22.04,15
2026-09-26T22:00:00Z,SE3,59.50,15
2026-09-26T22:00:00Z,SE4,85.79,15
2026-09-26T22:00:00Z,SI,192.07,15
2026-09-26T22:00:00Z,SK,192.07,15
2026-09-26T22:15:00Z,AT,193.82,15
2026-09-26T22:15:00Z,BE,186.57,15
2026-09-26T22:15:00Z,CZ,176.22,15
2026-09-26T22:15:00Z,DE-LU,185.95,15
2026-09-26T22:15:00Z,DK1,185.62,15
2026-09-26T22:15:00Z,DK2,185.18,15
2026-09-26T22:15:00Z,EE,58.00,15
2026-09-26T22:15:00Z,ES,180.50,15
2026-09-26T22:15:00Z,FI,16.65,15
2026-09-26T22:15:00Z,FR,187.00,15
2026-09-26T22:15:00Z,GR,188.72,15
2026-09-26T22:15:00Z,HR,190.45,15
2026-09-26T22:15:00Z,HU,188.36,15
2026-09-26T22:15:00Z,IT-CNorth,193.82,15
2026-09-26T22:15:00Z,IT-CSouth,193.82,15
2026-09-26T22:15:00Z,IT-North,193.82,15
2026-09-26T22:15:00Z,IT-Sardinia,193.82,15
2026-09-26T22:15:00Z,IT-Sicily,206.00,15
2026-09-26T22:15:00Z,IT-South,193.82,15
2026-09-26T22:15:00Z,LT,102.27,15
2026-09-26T22:15:00Z,LV,102.27,15
2026-09-26T22:15:00Z,NL,186.33,15
2026-09-26T22:15:00Z,NO1,131.05,15
2026-09-26T22:15:00Z,NO2,152.66,15
2026-09-26T22:15:00Z,NO3,82.53,15
2026-09-26T22:15:00Z,NO4,26.56,15
2026-09-26T22:15:00Z,NO5,130.49,15
2026-09-26T22:15:00Z,PL,182.90,15
2026-09-26T22:15:00Z,PT,187.00,15
2026-09-26T22:15:00Z,RO,188.68,15
2026-09-26T22:15:00Z,SE1,16.94,15
2026-09-26T22:15:00Z,SE2,18.00,15
2026-09-26T22:15:00Z,SE3,66.79,15
2026-09-26T22:15:00Z,SE4,101.03,15
2026-09-26T22:15:00Z,SI,191.35,15
2026-09-26T22:15:00Z,SK,181.80,15
2026-09-26T22:30:00Z,AT,187.60,15
2026-09-26T22:30:00Z,BE,183.07,15
2026-09-26T22:30:00Z,CZ,176.61,15
2026-09-26T22:30:00Z,DE-LU,182.68,15
2026-09-26T22:30:00Z,DK1,182.48,15
2026-09-26T22:30:00Z,DK2,182.21,15
2026-09-26T22:30:00Z,EE,20.00,15
2026-09-26T22:30:00Z,ES,173.15,15
2026-09-26T22:30:00Z,FI,15.01,15
2026-09-26T22:30:00Z,FR,183.34,15
2026-09-26T22:30:00Z,GR,184.41,15
2026-09-26T22:30:00Z,HR,185.50,15
2026-09-26T22:30:00Z,HU,184.19,15
2026-09-26T22:30:00Z,IT-CNorth,187.60,15
2026-09-26T22:30:00Z,IT-CSouth,187.60,15
2026-09-26T22:30:00Z,IT-North,187.60,15
2026-09-26T22:30:00Z,IT-Sardinia,187.60,15
2026-09-26T22:30:00Z,IT-South,187.60,15
2026-09-26T22:30:00Z,LT,115.30,15
2026-09-26T22:30:00Z,LV,115.30,15
2026-09-26T22:30:00Z,NL,182.92,15
2026-09-26T22:30:00Z,NO1,131.32,15
2026-09-26T22:30:00Z,NO2,152.63,15
2026-09-26T22:30:00Z,NO3,81.43,15
2026-09-26T22:30:00Z,NO4,26.66,15
2026-09-26T22:30:00Z,NO5,130.41,15
2026-09-26T22:30:00Z,PL,180.78,15
2026-09-26T22:30:00Z,PT,183.34,15
2026-09-26T22:30:00Z,RO,184.39,15
2026-09-26T22:30:00Z,SE1,15.36,15
2026-09-26T22:30:00Z,SE2,16.60,15
2026-09-26T22:30:00Z,SE3,73.74,15
2026-09-26T22:30:00Z,SE4,113.84,15
2026-09-26T22:30:00Z,SI,186.06,15
2026-09-26T22:30:00Z,SK,180.09,15
2026-09-26T22:45:00Z,AT,177.09,15
2026-09-26T22:45:00Z,BE,172.57,15
2026-09-26T22:45:00Z,CZ,166.10,15
2026-09-26T22:45:00Z,DE-LU,172.18,15
2026-09-26T22:45:00Z,DK1,171.97,15
2026-09-26T22:45:00Z,DK2,171.70,15
2026-09-26T22:45:00Z,EE,10.03,15
2026-09-26T22:45:00Z,ES,162.66,15
2026-09-26T22:45:00Z,FI,10.04,15
2026-09-26T22:45:00Z,FR,172.83,15
2026-09-26T22:45:00Z,GR,173.91,15
2026-09-26T22:45:00Z,HR,174.99,15
2026-09-26T22:45:00Z,HU,173.68,15
2026-09-26T22:45:00Z,IT-CNorth,184.62,15
2026-09-26T22:45:00Z,IT-CSouth,184.62,15
2026-09-26T22:45:00Z,IT-North,184.62,15
2026-09-26T22:45:00Z,IT-Sardinia,184.62,15
2026-09-26T22:45:00Z,IT-Sicily,205.00,15
2026-09-26T22:45:00Z,IT-South,184.62,15
2026-09-26T22:45:00Z,LT,142.51,15
2026-09-26T22:45:00Z,LV,142.51,15
2026-09-26T22:45:00Z,NL,172.42,15
2026-09-26T22:45:00Z,NO1,132.07,15
2026-09-26T22:45:00Z,NO2,152.60,15
2026-09-26T22:45:00Z,NO3,78.58,15
2026-09-26T22:45:00Z,NO4,25.48,15
2026-09-26T22:45:00Z,NO5,130.46,15
2026-09-26T22:45:00Z,PL,170.27,15
2026-09-26T22:45:00Z,PT,172.83,15
2026-09-26T22:45:00Z,RO,173.88,15
2026-09-26T22:45:00Z,SE1,10.49,15
2026-09-26T22:45:00Z,SE2,12.14,15
2026-09-26T22:45:00Z,SE3,87.60,15
2026-09-26T22:45:00Z,SE4,140.58,15
2026-09-26T22:45:00Z,SI,175.55,15
2026-09-26T22:45:00Z,SK,169.58,15
2026-09-26T23:00:00Z,AT,182.16,15
2026-09-26T23:00:00Z,BE,180.61,15
2026-09-26T23:00:00Z,CH,187.59,60
2026-09-26T23:00:00Z,CZ,178.38,15
2026-09-26T23:00:00Z,DE-LU,180.47,15
2026-09-26T23:00:00Z,DK1,180.40,15
2026-09-26T23:00:00Z,DK2,180.31,15
2026-09-26T23:00:00Z,EE,17.76,15
2026-09-26T23:00:00Z,ES,175.70,15
2026-09-26T23:00:00Z,FI,17.76,15
2026-09-26T23:00:00Z,FR,180.70,15
2026-09-26T23:00:00Z,GR,181.07,15
2026-09-26T23:00:00Z,HR,181.44,15
2026-09-26T23:00:00Z,HU,180.99,15
2026-09-26T23:00:00Z,IT-CNorth,203.67,15
2026-09-26T23:00:00Z,IT-CSouth,203.67,15
2026-09-26T23:00:00Z,IT-North,203.67,15
2026-09-26T23:00:00Z,IT-Sardinia,203.67,15
2026-09-26T23:00:00Z,IT-South,203.67,15
2026-09-26T23:00:00Z,LT,93.02,15
2026-09-26T23:00:00Z,LV,93.02,15
2026-09-26T23:00:00Z,NL,180.56,15
2026-09-26T23:00:00Z,NO1,130.33,15
2026-09-26T23:00:00Z,NO2,152.39,15
2026-09-26T23:00:00Z,NO3,82.84,15
2026-09-26T23:00:00Z,NO4,26.45,15
2026-09-26T23:00:00Z,NO5,129.79,15
2026-09-26T23:00:00Z,PL,179.82,15
2026-09-26T23:00:00Z,PT,180.70,15
2026-09-26T23:00:00Z,RO,181.05,15
2026-09-26T23:00:00Z,RS,185.91,15
2026-09-26T23:00:00Z,SE1,18.00,15
2026-09-26T23:00:00Z,SE2,18.96,15
2026-09-26T23:00:00Z,SE3,61.85,15
2026-09-26T23:00:00Z,SE4,91.94,15
2026-09-26T23:00:00Z,SI,181.63,15
2026-09-26T23:00:00Z,SK,179.59,15
2026-09-26T23:15:00Z,AT,178.00,15
2026-09-26T23:15:00Z,BE,178.00,15
2026-09-26T23:15:00Z,CZ,178.00,15
2026-09-26T23:15:00Z,DE-LU,178.00,15
2026-09-26T23:15:00Z,DK1,178.00,15
2026-09-26T23:15:00Z,DK2,178.01,15
2026-09-26T23:15:00Z,EE,14.94,15
2026-09-26T23:15:00Z,ES,173.00,15
2026-09-26T23:15:00Z,FI,14.95,15
2026-09-26T23:15:00Z,FR,178.00,15
2026-09-26T23:15:00Z,GR,178.00,15
2026-09-26T23:15:00Z,HR,178.00,15
2026-09-26T23:15:00Z,HU,178.00,15
2026-09-26T23:15:00Z,IT-CNorth,189.69,15
2026-09-26T23:15:00Z,IT-CSouth,189.69,15
2026-09-26T23:15:00Z,IT-North,189.69,15
2026-09-26T23:15:00Z,IT-Sardinia,189.69,15
2026-09-26T23:15:00Z,IT-South,189.69,15
2026-09-26T23:15:00Z,LT,114.31,15
2026-09-26T23:15:00Z,LV,114.31,15
2026-09-26T23:15:00Z,NL,178.00,15
2026-09-26T23:15:00Z,NO1,130.70,15
2026-09-26T23:15:00Z,NO2,152.35,15
2026-09-26T23:15:00Z,NO3,80.92,15
2026-09-26T23:15:00Z,NO4,26.48,15
2026-09-26T23:15:00Z,NO5,129.58,15
2026-09-26T23:15:00Z,PL,178.00,15
2026-09-26T23:15:00Z,PT,178.00,15
2026-09-26T23:15:00Z,RO,178.00,15
2026-09-26T23:15:00Z,SE1,15.26,15
2026-09-26T23:15:00Z,SE2,16.54,15
2026-09-26T23:15:00Z,SE3,73.15,15
2026-09-26T23:15:00Z,SE4,112.87,15
2026-09-26T23:15:00Z,SI,178.00,15
2026-09-26T23:15:00Z,SK,178.00,15
2026-09-26T23:30:00Z,AT,176.62,15
2026-09-26T23:30:00Z,BE,176.62,15
2026-09-26T23:30:00Z,CZ,176.62,15
2026-09-26T23:30:00Z,DE-LU,176.62,15
2026-09-26T23:30:00Z,DK1,176.62,15
2026-09-26T23:30:00Z,DK2,176.63,15
2026-09-26T23:30:00Z,EE,14.00,15
2026-09-26T23:30:00Z,ES,174.15,15
2026-09-26T23:30:00Z,FI,14.00,15
2026-09-26T23:30:00Z,FR,176.62,15
2026-09-26T23:30:00Z,GR,176.62,15
2026-09-26T23:30:00Z,HR,176.62,15
2026-09-26T23:30:00Z,HU,176.62,15
2026-09-26T23:30:00Z,IT-CNorth,179.20,15
2026-09-26T23:30:00Z,IT-CSouth,179.20,15
2026-09-26T23:30:00Z,IT-North,179.20,15
2026-09-26T23:30:00Z,IT-Sardinia,179.20,15
2026-09-26T23:30:00Z,IT-Sicily,194.00,15
2026-09-26T23:30:00Z,IT-South,179.20,15
2026-09-26T23:30:00Z,LT,124.49,15
2026-09-26T23:30:00Z,LV,124.49,15
2026-09-26T23:30:00Z,NL,176.62,15
2026-09-26T23:30:00Z,NO1,130.78,15
2026-09-26T23:30:00Z,NO2,152.33,15
2026-09-26T23:30:00Z,NO3,80.11,15
2026-09-26T23:30:00Z,NO4,26.84,15
2026-09-26T23:30:00Z,NO5,129.37,15
2026-09-26T23:30:00Z,PL,176.62,15
2026-09-26T23:30:00Z,PT,176.62,15
2026-09-26T23:30:00Z,RO,176.62,15
2026-09-26T23:30:00Z,SE1,14.35,15
2026-09-26T23:30:00Z,SE2,15.77,15
2026-09-26T23:30:00Z,SE3,78.72,15
2026-09-26T23:30:00Z,SE4,122.88,15
2026-09-26T23:30:00Z,SI,176.62,15
2026-09-26T23:30:00Z,SK,176.62,15
2026-09-26T23:45:00Z,AT,178.00,15
2026-09-26T23:45:00Z,BE,178.00,15
2026-09-26T23:45:00Z,CZ,178.00,15
2026-09-26T23:45:00Z,DE-LU,178.00,15
2026-09-26T23:45:00Z,DK1,178.00,15
2026-09-26T23:45:00Z,DK2,178.01,15
2026-09-26T23:45:00Z,EE,12.69,15
2026-09-26T23:45:00Z,ES,173.88,15
2026-09-26T23:45:00Z,FI,12.69,15
2026-09-26T23:45:00Z,FR,178.00,15
2026-09-26T23:45:00Z,GR,178.00,15
2026-09-26T23:45:00Z,HR,178.00,15
2026-09-26T23:45:00Z,HU,178.00,15
2026-09-26T23:45:00Z,LT,134.28,15
2026-09-26T23:45:00Z,LV,134.28,15
2026-09-26T23:45:00Z,NL,178.00,15
2026-09-26T23:45:00Z,NO1,130.93,15
2026-09-26T23:45:00Z,NO2,152.30,15
2026-09-26T23:45:00Z,NO3,79.21,15
2026-09-26T23:45:00Z,NO5,129.26,15
2026-09-26T23:45:00Z,PL,178.00,15
2026-09-26T23:45:00Z,PT,178.00,15
2026-09-26T23:45:00Z,RO,178.00,15
2026-09-26T23:45:00Z,SE1,13.08,15
2026-09-26T23:45:00Z,SE2,14.64,15
2026-09-26T23:45:00Z,SE3,83.91,15
2026-09-26T23:45:00Z,SE4,132.52,15
2026-09-26T23:45:00Z,SI,178.00,15
2026-09-26T23:45:00Z,SK,178.00,15
