timestamp_utc,zone,price_eur_mwh,resolution_min
2026-01-09T00:00:00Z,AT,110.05,15
2026-01-09T00:00:00Z,BE,68.53,15
2026-01-09T00:00:00Z,CH,109.95,60
2026-01-09T00:00:00Z,CZ,91.01,15
2026-01-09T00:00:00Z,DE-LU,75.48,15
2026-01-09T00:00:00Z,DK1,75.48,15
2026-01-09T00:00:00Z,DK2,75.48,15
2026-01-09T00:00:00Z,EE,79.98,15
2026-01-09T00:00:00Z,ES,49.98,15
2026-01-09T00:00:00Z,FI,79.94,15
2026-01-09T00:00:00Z,FR,49.98,15
2026-01-09T00:00:00Z,GR,89.27,15
2026-01-09T00:00:00Z,HR,102.21,15
2026-01-09T00:00:00Z,HU,101.10,15
2026-01-09T00:00:00Z,IT-CNorth,110.05,15
2026-01-09T00:00:00Z,IT-CSouth,110.05,15
2026-01-09T00:00:00Z,IT-North,110.05,15
2026-01-09T00:00:00Z,IT-Sardinia,110.05,15
2026-01-09T00:00:00Z,IT-Sicily,110.05,15
2026-01-09T00:00:00Z,IT-South,110.05,15
2026-01-09T00:00:00Z,LT,79.98,15
2026-01-09T00:00:00Z,LV,79.98,15
2026-01-09T00:00:00Z,NL,75.48,15
2026-01-09T00:00:00Z,NO1,76.79,15
2026-01-09T00:00:00Z,NO2,76.47,15
2026-01-09T00:00:00Z,NO3,80.27,15
2026-01-09T00:00:00Z,NO4,29.63,15
2026-01-09T00:00:00Z,NO5,77.51,15
2026-01-09T00:00:00Z,PL,94.92,15
2026-01-09T00:00:00Z,PT,49.98,15
2026-01-09T00:00:00Z,RO,100.54,15
2026-01-09T00:00:00Z,RS,52.44,15
2026-01-09T00:00:00Z,SE1,55.60,15
2026-01-09T00:00:00Z,SE2,63.75,15
2026-01-09T00:00:00Z,SE3,72.36,15
2026-01-09T00:00:00Z,SE4,72.99,15
2026-01-09T00:00:00Z,SI,103.35,15
2026-01-09T00:00:00Z,SK,98.00,15
2026-01-09T00:15:00Z,AT,110.01,15
2026-01-09T00:15:00Z,BE,66.66,15
2026-01-09T00:15:00Z,CZ,90.32,15
2026-01-09T00:15:00Z,DE-LU,74.24,15
2026-01-09T00:15:00Z,DK1,74.24,15
2026-01-09T00:15:00Z,DK2,74.24,15
2026-01-09T00:15:00Z,EE,78.27,15
2026-01-09T00:15:00Z,ES,46.40,15
2026-01-09T00:15:00Z,FI,78.24,15
2026-01-09T00:15:00Z,FR,46.40,15
2026-01-09T00:15:00Z,GR,89.36,15
2026-01-09T00:15:00Z,HR,101.94,15
2026-01-09T00:15:00Z,HU,100.76,15
2026-01-09T00:15:00Z,IT-CNorth,110.01,15
2026-01-09T00:15:00Z,IT-CSouth,110.01,15
2026-01-09T00:15:00Z,IT-North,110.01,15
2026-01-09T00:15:00Z,IT-Sardinia,110.01,15
2026-01-09T00:15:00Z,IT-Sicily,110.01,15
2026-01-09T00:15:00Z,IT-South,110.01,15
2026-01-09T00:15:00Z,LT,78.27,15
2026-01-09T00:15:00Z,LV,78.27,15
2026-01-09T00:15:00Z,NL,74.15,15
2026-01-09T00:15:00Z,NO1,75.95,15
2026-01-09T00:15:00Z,NO2,75.50,15
2026-01-09T00:15:00Z,NO3,82.44,15
2026-01-09T00:15:00Z,NO4,32.47,15
2026-01-09T00:15:00Z,NO5,76.97,15
2026-01-09T00:15:00Z,PL,104.89,15
2026-01-09T00:15:00Z,PT,46.40,15
2026-01-09T00:15:00Z,RO,100.19,15
2026-01-09T00:15:00Z,RS,52.44,15
2026-01-09T00:15:00Z,SE1,59.87,15
2026-01-09T00:15:00Z,SE2,68.34,15
2026-01-09T00:15:00Z,SE3,69.94,15
2026-01-09T00:15:00Z,SE4,70.74,15
2026-01-09T00:15:00Z,SI,103.13,15
2026-01-09T00:15:00Z,SK,97.55,15
2026-01-09T00:30:00Z,AT,110.05,15
2026-01-09T00:30:00Z,BE,62.46,15
2026-01-09T00:30:00Z,CZ,87.97,15
2026-01-09T00:30:00Z,DE-LU,69.98,15
2026-01-09T00:30:00Z,DK1,69.98,15
2026-01-09T00:30:00Z,DK2,69.98,15
2026-01-09T00:30:00Z,EE,80.01,15
2026-01-09T00:30:00Z,ES,42.58,15
2026-01-09T00:30:00Z,FI,79.97,15
2026-01-09T00:30:00Z,FR,42.58,15
2026-01-09T00:30:00Z,GR,89.33,15
2026-01-09T00:30:00Z,HR,100.90,15
2026-01-09T00:30:00Z,HU,99.67,15
2026-01-09T00:30:00Z,IT-CNorth,110.05,15
2026-01-09T00:30:00Z,IT-CSouth,110.05,15
2026-01-09T00:30:00Z,IT-North,110.05,15
2026-01-09T00:30:00Z,IT-Sardinia,110.05,15
2026-01-09T00:30:00Z,IT-Sicily,110.05,15
2026-01-09T00:30:00Z,IT-South,110.05,15
2026-01-09T00:30:00Z,LT,80.01,15
2026-01-09T00:30:00Z,LV,80.01,15
2026-01-09T00:30:00Z,NL,69.98,15
2026-01-09T00:30:00Z,NO1,73.92,15
2026-01-09T00:30:00Z,NO2,73.43,15
2026-01-09T00:30:00Z,NO3,80.96,15
2026-01-09T00:30:00Z,NO4,26.90,15
2026-01-09T00:30:00Z,NO5,75.03,15
2026-01-09T00:30:00Z,PL,104.88,15
2026-01-09T00:30:00Z,PT,42.58,15
2026-01-09T00:30:00Z,RO,99.01,15
2026-01-09T00:30:00Z,RS,52.44,15
2026-01-09T00:30:00Z,SE1,56.49,15
2026-01-09T00:30:00Z,SE2,65.68,15
2026-01-09T00:30:00Z,SE3,67.41,15
2026-01-09T00:30:00Z,SE4,68.27,15
2026-01-09T00:30:00Z,SI,102.21,15
2026-01-09T00:30:00Z,SK,96.09,15
2026-01-09T00:45:00Z,AT,110.05,15
2026-01-09T00:45:00Z,BE,56.13,15
2026-01-09T00:45:00Z,CZ,84.11,15
2026-01-09T00:45:00Z,DE-LU,63.06,15
2026-01-09T00:45:00Z,DK1,63.06,15
2026-01-09T00:45:00Z,DK2,63.05,15
2026-01-09T00:45:00Z,EE,80.13,15
2026-01-09T00:45:00Z,ES,38.50,15
2026-01-09T00:45:00Z,FI,80.09,15
2026-01-09T00:45:00Z,FR,38.50,15
2026-01-09T00:45:00Z,GR,89.33,15
2026-01-09T00:45:00Z,HR,99.09,15
2026-01-09T00:45:00Z,HU,97.86,15
2026-01-09T00:45:00Z,IT-CNorth,110.05,15
2026-01-09T00:45:00Z,IT-CSouth,110.05,15
2026-01-09T00:45:00Z,IT-North,110.05,15
2026-01-09T00:45:00Z,IT-Sardinia,110.05,15
2026-01-09T00:45:00Z,IT-Sicily,110.05,15
2026-01-09T00:45:00Z,IT-South,110.05,15
2026-01-09T00:45:00Z,LT,80.13,15
2026-01-09T00:45:00Z,LV,80.13,15
2026-01-09T00:45:00Z,NL,63.06,15
2026-01-09T00:45:00Z,NO1,69.31,15
2026-01-09T00:45:00Z,NO2,69.39,15
2026-01-09T00:45:00Z,NO3,76.92,15
2026-01-09T00:45:00Z,NO4,26.16,15
2026-01-09T00:45:00Z,NO5,75.12,15
2026-01-09T00:45:00Z,PL,112.95,15
2026-01-09T00:45:00Z,PT,38.50,15
2026-01-09T00:45:00Z,RO,97.02,15
2026-01-09T00:45:00Z,RS,52.44,15
2026-01-09T00:45:00Z,SE1,52.14,15
2026-01-09T00:45:00Z,SE2,60.25,15
2026-01-09T00:45:00Z,SE3,61.99,15
2026-01-09T00:45:00Z,SE4,62.83,15
2026-01-09T00:45:00Z,SI,100.59,15
2026-01-09T00:45:00Z,SK,93.67,15
2026-01-09T01:00:00Z,AT,110.05,15
2026-01-09T01:00:00Z,BE,57.96,15
2026-01-09T01:00:00Z,CH,107.40,60
2026-01-09T01:00:00Z,CZ,84.76,15
2026-01-09T01:00:00Z,DE-LU,64.21,15
2026-01-09T01:00:00Z,DK1,64.21,15
2026-01-09T01:00:00Z,DK2,64.21,15
2026-01-09T01:00:00Z,EE,80.88,15
2026-01-09T01:00:00Z,ES,42.58,15
2026-01-09T01:00:00Z,FI,80.84,15
2026-01-09T01:00:00Z,FR,42.58,15
2026-01-09T01:00:00Z,GR,90.00,15
2026-01-09T01:00:00Z,HR,99.27,15
2026-01-09T01:00:00Z,HU,98.09,15
2026-01-09T01:00:00Z,IT-CNorth,110.05,15
2026-01-09T01:00:00Z,IT-CSouth,110.05,15
2026-01-09T01:00:00Z,IT-North,110.05,15
2026-01-09T01:00:00Z,IT-Sardinia,110.05,15
2026-01-09T01:00:00Z,IT-Sicily,110.05,15
2026-01-09T01:00:00Z,IT-South,110.05,15
2026-01-09T01:00:00Z,LT,80.88,15
2026-01-09T01:00:00Z,LV,80.88,15
2026-01-09T01:00:00Z,NL,64.19,15
2026-01-09T01:00:00Z,NO1,69.98,15
2026-01-09T01:00:00Z,NO2,69.96,15
2026-01-09T01:00:00Z,NO3,77.63,15
2026-01-09T01:00:00Z,NO4,26.16,15
2026-01-09T01:00:00Z,NO5,75.23,15
2026-01-09T01:00:00Z,PL,103.90,15
2026-01-09T01:00:00Z,PT,42.58,15
2026-01-09T01:00:00Z,RO,97.31,15
2026-01-09T01:00:00Z,RS,93.04,15
2026-01-09T01:00:00Z,SE1,53.08,15
2026-01-09T01:00:00Z,SE2,61.52,15
2026-01-09T01:00:00Z,SE3,63.18,15
2026-01-09T01:00:00Z,SE4,64.00,15
2026-01-09T01:00:00Z,SI,100.72,15
2026-01-09T01:00:00Z,SK,93.98,15
2026-01-09T01:15:00Z,AT,109.95,15
2026-01-09T01:15:00Z,BE,52.17,15
2026-01-09T01:15:00Z,CZ,81.31,15
2026-01-09T01:15:00Z,DE-LU,58.11,15
2026-01-09T01:15:00Z,DK1,58.11,15
2026-01-09T01:15:00Z,DK2,58.11,15
2026-01-09T01:15:00Z,EE,76.98,15
2026-01-09T01:15:00Z,ES,40.06,15
2026-01-09T01:15:00Z,FI,76.94,15
2026-01-09T01:15:00Z,FR,40.06,15
2026-01-09T01:15:00Z,GR,90.00,15
2026-01-09T01:15:00Z,HR,97.54,15
2026-01-09T01:15:00Z,HU,96.41,15
2026-01-09T01:15:00Z,IT-CNorth,109.95,15
2026-01-09T01:15:00Z,IT-CSouth,109.95,15
2026-01-09T01:15:00Z,IT-North,109.95,15
2026-01-09T01:15:00Z,IT-Sardinia,109.95,15
2026-01-09T01:15:00Z,IT-Sicily,109.95,15
2026-01-09T01:15:00Z,IT-South,109.95,15
2026-01-09T01:15:00Z,LT,76.98,15
2026-01-09T01:15:00Z,LV,76.98,15
2026-01-09T01:15:00Z,NL,56.10,15
2026-01-09T01:15:00Z,NO1,66.76,15
2026-01-09T01:15:00Z,NO2,66.76,15
2026-01-09T01:15:00Z,NO3,74.22,15
2026-01-09T01:15:00Z,NO4,26.16,15
2026-01-09T01:15:00Z,NO5,75.80,15
2026-01-09T01:15:00Z,PL,104.41,15
2026-01-09T01:15:00Z,PT,40.06,15
2026-01-09T01:15:00Z,RO,95.48,15
2026-01-09T01:15:00Z,RS,93.04,15
2026-01-09T01:15:00Z,SE1,47.75,15
2026-01-09T01:15:00Z,SE2,54.45,15
2026-01-09T01:15:00Z,SE3,56.81,15
2026-01-09T01:15:00Z,SE4,57.83,15
2026-01-09T01:15:00Z,SI,99.15,15
2026-01-09T01:15:00Z,SK,91.79,15
2026-01-09T01:30:00Z,AT,119.60,15
2026-01-09T01:30:00Z,BE,47.24,15
2026-01-09T01:30:00Z,CZ,83.77,15
2026-01-09T01:30:00Z,DE-LU,54.79,15
2026-01-09T01:30:00Z,DK1,54.79,15
2026-01-09T01:30:00Z,DK2,54.78,15
2026-01-09T01:30:00Z,EE,78.41,15
2026-01-09T01:30:00Z,ES,35.00,15
2026-01-09T01:30:00Z,FI,78.38,15
2026-01-09T01:30:00Z,FR,35.00,15
2026-01-09T01:30:00Z,GR,90.00,15
2026-01-09T01:30:00Z,HR,103.96,15
2026-01-09T01:30:00Z,HU,102.67,15
2026-01-09T01:30:00Z,IT-CNorth,110.05,15
2026-01-09T01:30:00Z,IT-CSouth,110.05,15
2026-01-09T01:30:00Z,IT-North,110.05,15
2026-01-09T01:30:00Z,IT-Sardinia,110.05,15
2026-01-09T01:30:00Z,IT-Sicily,110.05,15
2026-01-09T01:30:00Z,IT-South,110.05,15
2026-01-09T01:30:00Z,LT,78.41,15
2026-01-09T01:30:00Z,LV,78.41,15
2026-01-09T01:30:00Z,NL,48.85,15
2026-01-09T01:30:00Z,NO1,64.99,15
2026-01-09T01:30:00Z,NO2,64.99,15
2026-01-09T01:30:00Z,NO3,72.25,15
2026-01-09T01:30:00Z,NO4,26.83,15
2026-01-09T01:30:00Z,NO5,76.06,15
2026-01-09T01:30:00Z,PL,111.04,15
2026-01-09T01:30:00Z,PT,35.00,15
2026-01-09T01:30:00Z,RO,101.48,15
2026-01-09T01:30:00Z,RS,93.04,15
2026-01-09T01:30:00Z,SE1,44.98,15
2026-01-09T01:30:00Z,SE2,50.61,15
2026-01-09T01:30:00Z,SE3,53.35,15
2026-01-09T01:30:00Z,SE4,54.47,15
2026-01-09T01:30:00Z,SI,105.94,15
2026-01-09T01:30:00Z,SK,96.92,15
2026-01-09T01:45:00Z,AT,110.05,15
2026-01-09T01:45:00Z,BE,45.76,15
2026-01-09T01:45:00Z,CZ,78.11,15
2026-01-09T01:45:00Z,DE-LU,52.29,15
2026-01-09T01:45:00Z,DK1,52.29,15
2026-01-09T01:45:00Z,DK2,52.29,15
2026-01-09T01:45:00Z,EE,73.34,15
2026-01-09T01:45:00Z,ES,35.35,15
2026-01-09T01:45:00Z,FI,73.31,15
2026-01-09T01:45:00Z,FR,35.35,15
2026-01-09T01:45:00Z,GR,90.00,15
2026-01-09T01:45:00Z,HR,96.09,15
2026-01-09T01:45:00Z,HU,94.96,15
2026-01-09T01:45:00Z,IT-CNorth,110.05,15
2026-01-09T01:45:00Z,IT-CSouth,110.05,15
2026-01-09T01:45:00Z,IT-North,110.05,15
2026-01-09T01:45:00Z,IT-Sardinia,110.05,15
2026-01-09T01:45:00Z,IT-Sicily,110.05,15
2026-01-09T01:45:00Z,IT-South,110.05,15
2026-01-09T01:45:00Z,LT,73.34,15
2026-01-09T01:45:00Z,LV,73.34,15
2026-01-09T01:45:00Z,NL,47.08,15
2026-01-09T01:45:00Z,NO1,64.90,15
2026-01-09T01:45:00Z,NO2,64.94,15
2026-01-09T01:45:00Z,NO3,70.67,15
2026-01-09T01:45:00Z,NO4,27.22,15
2026-01-09T01:45:00Z,NO5,76.04,15
2026-01-09T01:45:00Z,PL,113.41,15
2026-01-09T01:45:00Z,PT,35.35,15
2026-01-09T01:45:00Z,RO,93.89,15
2026-01-09T01:45:00Z,RS,93.04,15
2026-01-09T01:45:00Z,SE1,43.35,15
2026-01-09T01:45:00Z,SE2,48.32,15
2026-01-09T01:45:00Z,SE3,50.93,15
2026-01-09T01:45:00Z,SE4,51.99,15
2026-01-09T01:45:00Z,SI,97.85,15
2026-01-09T01:45:00Z,SK,89.84,15
2026-01-09T02:00:00Z,AT,107.72,15
2026-01-09T02:00:00Z,BE,48.18,15
2026-01-09T02:00:00Z,CH,106.57,60
2026-01-09T02:00:00Z,CZ,69.97,15
2026-01-09T02:00:00Z,DE-LU,55.75,15
2026-01-09T02:00:00Z,DK1,55.75,15
2026-01-09T02:00:00Z,DK2,55.75,15
2026-01-09T02:00:00Z,EE,71.24,15
2026-01-09T02:00:00Z,ES,30.00,15
2026-01-09T02:00:00Z,FI,71.20,15
2026-01-09T02:00:00Z,FR,30.00,15
2026-01-09T02:00:00Z,GR,86.63,15
2026-01-09T02:00:00Z,HR,93.44,15
2026-01-09T02:00:00Z,HU,91.27,15
2026-01-09T02:00:00Z,IT-CNorth,107.72,15
2026-01-09T02:00:00Z,IT-CSouth,107.50,15
2026-01-09T02:00:00Z,IT-North,107.72,15
2026-01-09T02:00:00Z,IT-Sardinia,107.50,15
2026-01-09T02:00:00Z,IT-Sicily,107.50,15
2026-01-09T02:00:00Z,IT-South,107.50,15
2026-01-09T02:00:00Z,LT,71.24,15
2026-01-09T02:00:00Z,LV,71.24,15
2026-01-09T02:00:00Z,NL,51.58,15
2026-01-09T02:00:00Z,NO1,65.37,15
2026-01-09T02:00:00Z,NO2,65.42,15
2026-01-09T02:00:00Z,NO3,69.05,15
2026-01-09T02:00:00Z,NO4,25.72,15
2026-01-09T02:00:00Z,NO5,75.42,15
2026-01-09T02:00:00Z,PL,105.13,15
2026-01-09T02:00:00Z,PT,30.00,15
2026-01-09T02:00:00Z,RO,90.46,15
2026-01-09T02:00:00Z,RS,93.05,15
2026-01-09T02:00:00Z,SE1,48.73,15
2026-01-09T02:00:00Z,SE2,51.97,15
2026-01-09T02:00:00Z,SE3,54.54,15
2026-01-09T02:00:00Z,SE4,55.48,15
2026-01-09T02:00:00Z,SI,95.47,15
2026-01-09T02:00:00Z,SK,85.69,15
2026-01-09T02:15:00Z,AT,110.05,15
2026-01-09T02:15:00Z,BE,44.37,15
2026-01-09T02:15:00Z,CZ,67.03,15
2026-01-09T02:15:00Z,DE-LU,51.03,15
2026-01-09T02:15:00Z,DK1,51.03,15
2026-01-09T02:15:00Z,DK2,51.03,15
2026-01-09T02:15:00Z,EE,68.61,15
2026-01-09T02:15:00Z,ES,28.59,15
2026-01-09T02:15:00Z,FI,68.57,15
2026-01-09T02:15:00Z,FR,28.59,15
2026-01-09T02:15:00Z,GR,87.07,15
2026-01-09T02:15:00Z,HR,93.61,15
2026-01-09T02:15:00Z,HU,91.31,15
2026-01-09T02:15:00Z,IT-CNorth,110.05,15
2026-01-09T02:15:00Z,IT-CSouth,110.05,15
2026-01-09T02:15:00Z,IT-North,110.05,15
2026-01-09T02:15:00Z,IT-Sardinia,110.05,15
2026-01-09T02:15:00Z,IT-Sicily,110.05,15
2026-01-09T02:15:00Z,IT-South,110.05,15
2026-01-09T02:15:00Z,LT,68.61,15
2026-01-09T02:15:00Z,LV,68.61,15
2026-01-09T02:15:00Z,NL,47.21,15
2026-01-09T02:15:00Z,NO1,64.41,15
2026-01-09T02:15:00Z,NO2,64.58,15
2026-01-09T02:15:00Z,NO3,67.23,15
2026-01-09T02:15:00Z,NO4,25.70,15
2026-01-09T02:15:00Z,NO5,75.69,15
2026-01-09T02:15:00Z,PL,110.09,15
2026-01-09T02:15:00Z,PT,28.59,15
2026-01-09T02:15:00Z,RO,90.35,15
2026-01-09T02:15:00Z,RS,93.05,15
2026-01-09T02:15:00Z,SE1,44.43,15
2026-01-09T02:15:00Z,SE2,47.19,15
2026-01-09T02:15:00Z,SE3,49.81,15
2026-01-09T02:15:00Z,SE4,50.76,15
2026-01-09T02:15:00Z,SI,95.89,15
2026-01-09T02:15:00Z,SK,84.98,15
2026-01-09T02:30:00Z,AT,109.72,15
2026-01-09T02:30:00Z,BE,41.51,15
2026-01-09T02:30:00Z,CZ,66.40,15
2026-01-09T02:30:00Z,DE-LU,50.09,15
2026-01-09T02:30:00Z,DK1,50.09,15
2026-01-09T02:30:00Z,DK2,50.08,15
2026-01-09T02:30:00Z,EE,67.91,15
2026-01-09T02:30:00Z,ES,20.90,15
2026-01-09T02:30:00Z,FI,67.87,15
2026-01-09T02:30:00Z,FR,20.90,15
2026-01-09T02:30:00Z,GR,87.62,15
2026-01-09T02:30:00Z,HR,93.32,15
2026-01-09T02:30:00Z,HU,90.85,15
2026-01-09T02:30:00Z,IT-CNorth,109.72,15
2026-01-09T02:30:00Z,IT-CSouth,109.72,15
2026-01-09T02:30:00Z,IT-North,109.72,15
2026-01-09T02:30:00Z,IT-Sardinia,109.72,15
2026-01-09T02:30:00Z,IT-Sicily,109.72,15
2026-01-09T02:30:00Z,IT-South,109.72,15
2026-01-09T02:30:00Z,LT,67.91,15
2026-01-09T02:30:00Z,LV,67.91,15
2026-01-09T02:30:00Z,NL,45.36,15
2026-01-09T02:30:00Z,NO1,64.42,15
2026-01-09T02:30:00Z,NO2,64.61,15
2026-01-09T02:30:00Z,NO3,66.75,15
2026-01-09T02:30:00Z,NO4,25.68,15
2026-01-09T02:30:00Z,NO5,75.61,15
2026-01-09T02:30:00Z,PL,110.81,15
2026-01-09T02:30:00Z,PT,20.90,15
2026-01-09T02:30:00Z,RO,89.92,15
2026-01-09T02:30:00Z,RS,93.05,15
2026-01-09T02:30:00Z,SE1,43.70,15
2026-01-09T02:30:00Z,SE2,46.37,15
2026-01-09T02:30:00Z,SE3,48.90,15
2026-01-09T02:30:00Z,SE4,49.83,15
2026-01-09T02:30:00Z,SI,95.65,15
2026-01-09T02:30:00Z,SK,84.44,15
2026-01-09T02:45:00Z,AT,109.50,15
2026-01-09T02:45:00Z,BE,38.86,15
2026-01-09T02:45:00Z,CZ,63.61,15
2026-01-09T02:45:00Z,DE-LU,46.49,15
2026-01-09T02:45:00Z,DK1,46.49,15
2026-01-09T02:45:00Z,DK2,46.49,15
2026-01-09T02:45:00Z,EE,65.28,15
2026-01-09T02:45:00Z,ES,20.68,15
2026-01-09T02:45:00Z,FI,65.24,15
2026-01-09T02:45:00Z,FR,20.68,15
2026-01-09T02:45:00Z,GR,88.50,15
2026-01-09T02:45:00Z,HR,92.01,15
2026-01-09T02:45:00Z,HU,89.51,15
2026-01-09T02:45:00Z,IT-CNorth,109.50,15
2026-01-09T02:45:00Z,IT-CSouth,109.50,15
2026-01-09T02:45:00Z,IT-North,109.50,15
2026-01-09T02:45:00Z,IT-Sardinia,109.50,15
2026-01-09T02:45:00Z,IT-Sicily,109.50,15
2026-01-09T02:45:00Z,IT-South,109.50,15
2026-01-09T02:45:00Z,LT,65.28,15
2026-01-09T02:45:00Z,LV,65.28,15
2026-01-09T02:45:00Z,NL,42.16,15
2026-01-09T02:45:00Z,NO1,64.38,15
2026-01-09T02:45:00Z,NO2,64.67,15
2026-01-09T02:45:00Z,NO3,65.09,15
2026-01-09T02:45:00Z,NO4,25.66,15
2026-01-09T02:45:00Z,NO5,75.53,15
2026-01-09T02:45:00Z,PL,110.83,15
2026-01-09T02:45:00Z,PT,20.68,15
2026-01-09T02:45:00Z,RO,88.50,15
2026-01-09T02:45:00Z,RS,93.05,15
2026-01-09T02:45:00Z,SE1,40.84,15
2026-01-09T02:45:00Z,SE2,43.14,15
2026-01-09T02:45:00Z,SE3,45.42,15
2026-01-09T02:45:00Z,SE4,46.26,15
2026-01-09T02:45:00Z,SI,94.45,15
2026-01-09T02:45:00Z,SK,82.75,15
2026-01-09T03:00:00Z,AT,110.05,15
2026-01-09T03:00:00Z,BE,38.96,15
2026-01-09T03:00:00Z,CH,106.93,60
2026-01-09T03:00:00Z,CZ,79.10,15
2026-01-09T03:00:00Z,DE-LU,45.81,15
2026-01-09T03:00:00Z,DK1,45.81,15
2026-01-09T03:00:00Z,DK2,45.80,15
2026-01-09T03:00:00Z,EE,57.43,15
2026-01-09T03:00:00Z,ES,20.00,15
2026-01-09T03:00:00Z,FI,57.39,15
2026-01-09T03:00:00Z,FR,20.00,15
2026-01-09T03:00:00Z,GR,88.81,15
2026-01-09T03:00:00Z,HR,97.81,15
2026-01-09T03:00:00Z,HU,98.53,15
2026-01-09T03:00:00Z,IT-CNorth,110.05,15
2026-01-09T03:00:00Z,IT-CSouth,110.05,15
2026-01-09T03:00:00Z,IT-North,110.05,15
2026-01-09T03:00:00Z,IT-Sardinia,110.05,15
2026-01-09T03:00:00Z,IT-Sicily,110.05,15
2026-01-09T03:00:00Z,IT-South,110.05,15
2026-01-09T03:00:00Z,LT,57.43,15
2026-01-09T03:00:00Z,LV,57.43,15
2026-01-09T03:00:00Z,NL,45.81,15
2026-01-09T03:00:00Z,NO1,65.66,15
2026-01-09T03:00:00Z,NO2,66.36,15
2026-01-09T03:00:00Z,NO3,64.22,15
2026-01-09T03:00:00Z,NO4,26.16,15
2026-01-09T03:00:00Z,NO5,74.98,15
2026-01-09T03:00:00Z,PL,87.56,15
2026-01-09T03:00:00Z,PT,20.00,15
2026-01-09T03:00:00Z,RO,97.62,15
2026-01-09T03:00:00Z,RS,93.69,15
2026-01-09T03:00:00Z,SE1,41.44,15
2026-01-09T03:00:00Z,SE2,43.27,15
2026-01-09T03:00:00Z,SE3,44.99,15
2026-01-09T03:00:00Z,SE4,45.62,15
2026-01-09T03:00:00Z,SI,98.66,15
2026-01-09T03:00:00Z,SK,95.30,15
2026-01-09T03:15:00Z,AT,110.05,15
2026-01-09T03:15:00Z,BE,39.05,15
2026-01-09T03:15:00Z,CZ,81.07,15
2026-01-09T03:15:00Z,DE-LU,45.81,15
2026-01-09T03:15:00Z,DK1,45.81,15
2026-01-09T03:15:00Z,DK2,45.81,15
2026-01-09T03:15:00Z,EE,74.23,15
2026-01-09T03:15:00Z,ES,19.54,15
2026-01-09T03:15:00Z,FI,74.19,15
2026-01-09T03:15:00Z,FR,19.54,15
2026-01-09T03:15:00Z,GR,90.00,15
2026-01-09T03:15:00Z,HR,99.52,15
2026-01-09T03:15:00Z,HU,100.99,15
2026-01-09T03:15:00Z,IT-CNorth,110.05,15
2026-01-09T03:15:00Z,IT-CSouth,110.05,15
2026-01-09T03:15:00Z,IT-North,110.05,15
2026-01-09T03:15:00Z,IT-Sardinia,110.05,15
2026-01-09T03:15:00Z,IT-Sicily,110.05,15
2026-01-09T03:15:00Z,IT-South,110.05,15
2026-01-09T03:15:00Z,LT,74.23,15
2026-01-09T03:15:00Z,LV,74.23,15
2026-01-09T03:15:00Z,NL,45.81,15
2026-01-09T03:15:00Z,NO1,65.69,15
2026-01-09T03:15:00Z,NO2,66.39,15
2026-01-09T03:15:00Z,NO3,64.24,15
2026-01-09T03:15:00Z,NO4,26.94,15
2026-01-09T03:15:00Z,NO5,74.98,15
2026-01-09T03:15:00Z,PL,94.29,15
2026-01-09T03:15:00Z,PT,19.54,15
2026-01-09T03:15:00Z,RO,100.18,15
2026-01-09T03:15:00Z,RS,93.69,15
2026-01-09T03:15:00Z,SE1,41.46,15
2026-01-09T03:15:00Z,SE2,43.29,15
2026-01-09T03:15:00Z,SE3,45.00,15
2026-01-09T03:15:00Z,SE4,45.63,15
2026-01-09T03:15:00Z,SI,100.00,15
2026-01-09T03:15:00Z,SK,98.60,15
2026-01-09T03:30:00Z,AT,110.05,15
2026-01-09T03:30:00Z,BE,41.27,15
2026-01-09T03:30:00Z,CZ,84.95,15
2026-01-09T03:30:00Z,DE-LU,48.22,15
2026-01-09T03:30:00Z,DK1,48.22,15
2026-01-09T03:30:00Z,DK2,48.21,15
2026-01-09T03:30:00Z,EE,104.35,15
2026-01-09T03:30:00Z,ES,20.00,15
2026-01-09T03:30:00Z,FI,104.28,15
2026-01-09T03:30:00Z,FR,20.00,15
2026-01-09T03:30:00Z,GR,91.73,15
2026-01-09T03:30:00Z,HR,102.40,15
2026-01-09T03:30:00Z,HU,104.81,15
2026-01-09T03:30:00Z,IT-CNorth,110.05,15
2026-01-09T03:30:00Z,IT-CSouth,110.05,15
2026-01-09T03:30:00Z,IT-North,110.05,15
2026-01-09T03:30:00Z,IT-Sardinia,110.05,15
2026-01-09T03:30:00Z,IT-Sicily,110.05,15
2026-01-09T03:30:00Z,IT-South,110.05,15
2026-01-09T03:30:00Z,LT,104.35,15
2026-01-09T03:30:00Z,LV,104.35,15
2026-01-09T03:30:00Z,NL,48.22,15
2026-01-09T03:30:00Z,NO1,66.06,15
2026-01-09T03:30:00Z,NO2,66.68,15
2026-01-09T03:30:00Z,NO3,65.30,15
2026-01-09T03:30:00Z,NO4,26.50,15
2026-01-09T03:30:00Z,NO5,74.95,15
2026-01-09T03:30:00Z,PL,104.35,15
2026-01-09T03:30:00Z,PT,20.00,15
2026-01-09T03:30:00Z,RO,104.18,15
2026-01-09T03:30:00Z,RS,93.69,15
2026-01-09T03:30:00Z,SE1,43.46,15
2026-01-09T03:30:00Z,SE2,45.63,15
2026-01-09T03:30:00Z,SE3,47.38,15
2026-01-09T03:30:00Z,SE4,48.03,15
2026-01-09T03:30:00Z,SI,102.36,15
2026-01-09T03:30:00Z,SK,103.68,15
2026-01-09T03:45:00Z,AT,110.05,15
2026-01-09T03:45:00Z,BE,44.11,15
2026-01-09T03:45:00Z,CZ,88.44,15
2026-01-09T03:45:00Z,DE-LU,51.54,15
2026-01-09T03:45:00Z,DK1,51.54,15
2026-01-09T03:45:00Z,DK2,51.54,15
2026-01-09T03:45:00Z,EE,111.85,15
2026-01-09T03:45:00Z,ES,20.46,15
2026-01-09T03:45:00Z,FI,111.76,15
2026-01-09T03:45:00Z,FR,20.46,15
2026-01-09T03:45:00Z,GR,97.70,15
2026-01-09T03:45:00Z,HR,104.78,15
2026-01-09T03:45:00Z,HU,107.75,15
2026-01-09T03:45:00Z,IT-CNorth,110.05,15
2026-01-09T03:45:00Z,IT-CSouth,110.05,15
2026-01-09T03:45:00Z,IT-North,110.05,15
2026-01-09T03:45:00Z,IT-Sardinia,110.05,15
2026-01-09T03:45:00Z,IT-Sicily,110.05,15
2026-01-09T03:45:00Z,IT-South,110.05,15
2026-01-09T03:45:00Z,LT,111.85,15
2026-01-09T03:45:00Z,LV,111.85,15
2026-01-09T03:45:00Z,NL,51.54,15
2026-01-09T03:45:00Z,NO1,66.51,15
2026-01-09T03:45:00Z,NO2,67.01,15
2026-01-09T03:45:00Z,NO3,66.74,15
2026-01-09T03:45:00Z,NO4,26.77,15
2026-01-09T03:45:00Z,NO5,74.94,15
2026-01-09T03:45:00Z,PL,111.85,15
2026-01-09T03:45:00Z,PT,20.46,15
2026-01-09T03:45:00Z,RO,107.28,15
2026-01-09T03:45:00Z,RS,93.69,15
2026-01-09T03:45:00Z,SE1,46.39,15
2026-01-09T03:45:00Z,SE2,48.83,15
2026-01-09T03:45:00Z,SE3,50.67,15
2026-01-09T03:45:00Z,SE4,51.35,15
2026-01-09T03:45:00Z,SI,104.36,15
2026-01-09T03:45:00Z,SK,107.55,15
2026-01-09T04:00:00Z,AT,107.20,15
2026-01-09T04:00:00Z,BE,47.83,15
2026-01-09T04:00:00Z,CH,111.06,60
2026-01-09T04:00:00Z,CZ,83.44,15
2026-01-09T04:00:00Z,DE-LU,49.91,15
2026-01-09T04:00:00Z,DK1,49.91,15
2026-01-09T04:00:00Z,DK2,49.90,15
2026-01-09T04:00:00Z,EE,100.86,15
2026-01-09T04:00:00Z,ES,33.00,15
2026-01-09T04:00:00Z,FI,100.80,15
2026-01-09T04:00:00Z,FR,41.95,15
2026-01-09T04:00:00Z,GR,101.04,15
2026-01-09T04:00:00Z,HR,99.16,15
2026-01-09T04:00:00Z,HU,101.77,15
2026-01-09T04:00:00Z,IT-CNorth,107.20,15
2026-01-09T04:00:00Z,IT-CSouth,107.20,15
2026-01-09T04:00:00Z,IT-North,107.20,15
2026-01-09T04:00:00Z,IT-Sardinia,107.20,15
2026-01-09T04:00:00Z,IT-Sicily,107.20,15
2026-01-09T04:00:00Z,IT-South,107.20,15
2026-01-09T04:00:00Z,LT,100.86,15
2026-01-09T04:00:00Z,LV,100.86,15
2026-01-09T04:00:00Z,NL,49.91,15
2026-01-09T04:00:00Z,NO1,62.78,15
2026-01-09T04:00:00Z,NO2,63.32,15
2026-01-09T04:00:00Z,NO3,70.01,15
2026-01-09T04:00:00Z,NO4,28.61,15
2026-01-09T04:00:00Z,NO5,77.46,15
2026-01-09T04:00:00Z,PL,100.86,15
2026-01-09T04:00:00Z,PT,33.00,15
2026-01-09T04:00:00Z,RO,101.04,15
2026-01-09T04:00:00Z,RS,101.20,15
2026-01-09T04:00:00Z,SE1,40.57,15
2026-01-09T04:00:00Z,SE2,44.79,15
2026-01-09T04:00:00Z,SE3,48.19,15
2026-01-09T04:00:00Z,SE4,49.51,15
2026-01-09T04:00:00Z,SI,99.11,15
2026-01-09T04:00:00Z,SK,100.61,15
2026-01-09T04:15:00Z,AT,108.40,15
2026-01-09T04:15:00Z,BE,48.42,15
2026-01-09T04:15:00Z,CZ,87.93,15
2026-01-09T04:15:00Z,DE-LU,53.35,15
2026-01-09T04:15:00Z,DK1,53.35,15
2026-01-09T04:15:00Z,DK2,53.35,15
2026-01-09T04:15:00Z,EE,110.09,15
2026-01-09T04:15:00Z,ES,33.00,15
2026-01-09T04:15:00Z,FI,110.02,15
2026-01-09T04:15:00Z,FR,33.00,15
2026-01-09T04:15:00Z,GR,105.58,15
2026-01-09T04:15:00Z,HR,103.06,15
2026-01-09T04:15:00Z,HU,106.09,15
2026-01-09T04:15:00Z,IT-CNorth,108.40,15
2026-01-09T04:15:00Z,IT-CSouth,108.40,15
2026-01-09T04:15:00Z,IT-North,108.40,15
2026-01-09T04:15:00Z,IT-Sardinia,108.40,15
2026-01-09T04:15:00Z,IT-Sicily,108.40,15
2026-01-09T04:15:00Z,IT-South,108.40,15
2026-01-09T04:15:00Z,LT,110.09,15
2026-01-09T04:15:00Z,LV,110.09,15
2026-01-09T04:15:00Z,NL,53.43,15
2026-01-09T04:15:00Z,NO1,64.55,15
2026-01-09T04:15:00Z,NO2,65.01,15
2026-01-09T04:15:00Z,NO3,72.01,15
2026-01-09T04:15:00Z,NO4,28.57,15
2026-01-09T04:15:00Z,NO5,77.04,15
2026-01-09T04:15:00Z,PL,110.09,15
2026-01-09T04:15:00Z,PT,33.00,15
2026-01-09T04:15:00Z,RO,105.58,15
2026-01-09T04:15:00Z,RS,101.20,15
2026-01-09T04:15:00Z,SE1,43.48,15
2026-01-09T04:15:00Z,SE2,48.78,15
2026-01-09T04:15:00Z,SE3,51.79,15
2026-01-09T04:15:00Z,SE4,53.00,15
2026-01-09T04:15:00Z,SI,102.64,15
2026-01-09T04:15:00Z,SK,105.83,15
2026-01-09T04:30:00Z,AT,113.58,15
2026-01-09T04:30:00Z,BE,53.48,15
2026-01-09T04:30:00Z,CZ,93.33,15
2026-01-09T04:30:00Z,DE-LU,59.38,15
2026-01-09T04:30:00Z,DK1,59.38,15
2026-01-09T04:30:00Z,DK2,59.37,15
2026-01-09T04:30:00Z,EE,114.84,15
2026-01-09T04:30:00Z,ES,35.35,15
2026-01-09T04:30:00Z,FI,114.76,15
2026-01-09T04:30:00Z,FR,35.35,15
2026-01-09T04:30:00Z,GR,110.70,15
2026-01-09T04:30:00Z,HR,108.35,15
2026-01-09T04:30:00Z,HU,111.18,15
2026-01-09T04:30:00Z,IT-CNorth,110.05,15
2026-01-09T04:30:00Z,IT-CSouth,107.44,15
2026-01-09T04:30:00Z,IT-North,110.05,15
2026-01-09T04:30:00Z,IT-Sardinia,107.44,15
2026-01-09T04:30:00Z,IT-Sicily,107.44,15
2026-01-09T04:30:00Z,IT-South,107.44,15
2026-01-09T04:30:00Z,LT,114.84,15
2026-01-09T04:30:00Z,LV,114.84,15
2026-01-09T04:30:00Z,NL,59.40,15
2026-01-09T04:30:00Z,NO1,67.61,15
2026-01-09T04:30:00Z,NO2,67.90,15
2026-01-09T04:30:00Z,NO3,75.30,15
2026-01-09T04:30:00Z,NO4,28.77,15
2026-01-09T04:30:00Z,NO5,76.17,15
2026-01-09T04:30:00Z,PL,114.84,15
2026-01-09T04:30:00Z,PT,35.35,15
2026-01-09T04:30:00Z,RO,110.70,15
2026-01-09T04:30:00Z,RS,101.20,15
2026-01-09T04:30:00Z,SE1,48.76,15
2026-01-09T04:30:00Z,SE2,55.78,15
2026-01-09T04:30:00Z,SE3,58.09,15
2026-01-09T04:30:00Z,SE4,59.09,15
2026-01-09T04:30:00Z,SI,107.98,15
2026-01-09T04:30:00Z,SK,110.86,15
2026-01-09T04:45:00Z,AT,135.03,15
2026-01-09T04:45:00Z,BE,58.61,15
2026-01-09T04:45:00Z,CZ,101.98,15
2026-01-09T04:45:00Z,DE-LU,63.66,15
2026-01-09T04:45:00Z,DK1,63.66,15
2026-01-09T04:45:00Z,DK2,63.66,15
2026-01-09T04:45:00Z,EE,150.11,15
2026-01-09T04:45:00Z,ES,41.63,15
2026-01-09T04:45:00Z,FI,150.00,15
2026-01-09T04:45:00Z,FR,41.63,15
2026-01-09T04:45:00Z,GR,122.90,15
2026-01-09T04:45:00Z,HR,122.41,15
2026-01-09T04:45:00Z,HU,123.89,15
2026-01-09T04:45:00Z,IT-CNorth,123.10,15
2026-01-09T04:45:00Z,IT-CSouth,117.17,15
2026-01-09T04:45:00Z,IT-North,123.10,15
2026-01-09T04:45:00Z,IT-Sardinia,117.17,15
2026-01-09T04:45:00Z,IT-Sicily,117.17,15
2026-01-09T04:45:00Z,IT-South,117.17,15
2026-01-09T04:45:00Z,LT,150.11,15
2026-01-09T04:45:00Z,LV,150.11,15
2026-01-09T04:45:00Z,NL,67.91,15
2026-01-09T04:45:00Z,NO1,69.81,15
2026-01-09T04:45:00Z,NO2,70.00,15
2026-01-09T04:45:00Z,NO3,77.91,15
2026-01-09T04:45:00Z,NO4,29.22,15
2026-01-09T04:45:00Z,NO5,75.63,15
2026-01-09T04:45:00Z,PL,114.85,15
2026-01-09T04:45:00Z,PT,41.63,15
2026-01-09T04:45:00Z,RO,122.90,15
2026-01-09T04:45:00Z,RS,101.20,15
2026-01-09T04:45:00Z,SE1,52.24,15
2026-01-09T04:45:00Z,SE2,60.74,15
2026-01-09T04:45:00Z,SE3,62.56,15
2026-01-09T04:45:00Z,SE4,63.43,15
2026-01-09T04:45:00Z,SI,123.10,15
2026-01-09T04:45:00Z,SK,120.96,15
2026-01-09T05:00:00Z,AT,112.73,15
2026-01-09T05:00:00Z,BE,65.33,15
2026-01-09T05:00:00Z,CH,121.60,60
2026-01-09T05:00:00Z,CZ,96.54,15
2026-01-09T05:00:00Z,DE-LU,65.02,15
2026-01-09T05:00:00Z,DK1,65.02,15
2026-01-09T05:00:00Z,DK2,65.69,15
2026-01-09T05:00:00Z,EE,118.66,15
2026-01-09T05:00:00Z,ES,45.00,15
2026-01-09T05:00:00Z,FI,118.57,15
2026-01-09T05:00:00Z,FR,65.02,15
2026-01-09T05:00:00Z,GR,96.31,15
2026-01-09T05:00:00Z,HR,110.42,15
2026-01-09T05:00:00Z,HU,113.39,15
2026-01-09T05:00:00Z,IT-CNorth,110.05,15
2026-01-09T05:00:00Z,IT-CSouth,110.05,15
2026-01-09T05:00:00Z,IT-North,110.05,15
2026-01-09T05:00:00Z,IT-Sardinia,110.05,15
2026-01-09T05:00:00Z,IT-Sicily,110.05,15
2026-01-09T05:00:00Z,IT-South,110.05,15
2026-01-09T05:00:00Z,LT,118.66,15
2026-01-09T05:00:00Z,LV,118.66,15
2026-01-09T05:00:00Z,NL,65.33,15
2026-01-09T05:00:00Z,NO1,71.36,15
2026-01-09T05:00:00Z,NO2,71.57,15
2026-01-09T05:00:00Z,NO3,79.89,15
2026-01-09T05:00:00Z,NO4,26.85,15
2026-01-09T05:00:00Z,NO5,77.39,15
2026-01-09T05:00:00Z,PL,118.66,15
2026-01-09T05:00:00Z,PT,45.00,15
2026-01-09T05:00:00Z,RO,112.98,15
2026-01-09T05:00:00Z,RS,140.04,15
2026-01-09T05:00:00Z,SE1,53.91,15
2026-01-09T05:00:00Z,SE2,63.07,15
2026-01-09T05:00:00Z,SE3,64.64,15
2026-01-09T05:00:00Z,SE4,65.47,15
2026-01-09T05:00:00Z,SI,110.05,15
2026-01-09T05:00:00Z,SK,113.39,15
2026-01-09T05:15:00Z,AT,128.34,15
2026-01-09T05:15:00Z,BE,73.11,15
2026-01-09T05:15:00Z,CZ,109.07,15
2026-01-09T05:15:00Z,DE-LU,72.64,15
2026-01-09T05:15:00Z,DK1,72.64,15
2026-01-09T05:15:00Z,DK2,71.96,15
2026-01-09T05:15:00Z,EE,134.75,15
2026-01-09T05:15:00Z,ES,49.98,15
2026-01-09T05:15:00Z,FI,134.65,15
2026-01-09T05:15:00Z,FR,67.54,15
2026-01-09T05:15:00Z,GR,127.23,15
2026-01-09T05:15:00Z,HR,124.50,15
2026-01-09T05:15:00Z,HU,128.36,15
2026-01-09T05:15:00Z,IT-CNorth,123.80,15
2026-01-09T05:15:00Z,IT-CSouth,123.80,15
2026-01-09T05:15:00Z,IT-North,123.80,15
2026-01-09T05:15:00Z,IT-Sardinia,123.80,15
2026-01-09T05:15:00Z,IT-Sicily,123.80,15
2026-01-09T05:15:00Z,IT-South,123.80,15
2026-01-09T05:15:00Z,LT,134.75,15
2026-01-09T05:15:00Z,LV,134.75,15
2026-01-09T05:15:00Z,NL,77.96,15
2026-01-09T05:15:00Z,NO1,77.13,15
2026-01-09T05:15:00Z,NO2,76.08,15
2026-01-09T05:15:00Z,NO3,83.85,15
2026-01-09T05:15:00Z,NO4,34.80,15
2026-01-09T05:15:00Z,NO5,78.00,15
2026-01-09T05:15:00Z,PL,134.75,15
2026-01-09T05:15:00Z,PT,49.98,15
2026-01-09T05:15:00Z,RO,127.80,15
2026-01-09T05:15:00Z,RS,140.04,15
2026-01-09T05:15:00Z,SE1,60.40,15
2026-01-09T05:15:00Z,SE2,69.21,15
2026-01-09T05:15:00Z,SE3,70.88,15
2026-01-09T05:15:00Z,SE4,71.73,15
2026-01-09T05:15:00Z,SI,123.80,15
2026-01-09T05:15:00Z,SK,128.36,15
2026-01-09T05:30:00Z,AT,142.82,15
2026-01-09T05:30:00Z,BE,73.25,15
2026-01-09T05:30:00Z,CZ,117.52,15
2026-01-09T05:30:00Z,DE-LU,74.43,15
2026-01-09T05:30:00Z,DK1,74.43,15
2026-01-09T05:30:00Z,DK2,74.42,15
2026-01-09T05:30:00Z,EE,144.95,15
2026-01-09T05:30:00Z,ES,50.50,15
2026-01-09T05:30:00Z,FI,144.84,15
2026-01-09T05:30:00Z,FR,61.61,15
2026-01-09T05:30:00Z,GR,139.90,15
2026-01-09T05:30:00Z,HR,136.74,15
2026-01-09T05:30:00Z,HU,140.60,15
2026-01-09T05:30:00Z,IT-CNorth,133.75,15
2026-01-09T05:30:00Z,IT-CSouth,133.75,15
2026-01-09T05:30:00Z,IT-North,133.75,15
2026-01-09T05:30:00Z,IT-Sardinia,133.75,15
2026-01-09T05:30:00Z,IT-Sicily,133.75,15
2026-01-09T05:30:00Z,IT-South,133.75,15
2026-01-09T05:30:00Z,LT,144.95,15
2026-01-09T05:30:00Z,LV,144.95,15
2026-01-09T05:30:00Z,NL,81.03,15
2026-01-09T05:30:00Z,NO1,78.87,15
2026-01-09T05:30:00Z,NO2,78.47,15
2026-01-09T05:30:00Z,NO3,84.62,15
2026-01-09T05:30:00Z,NO4,43.57,15
2026-01-09T05:30:00Z,NO5,79.77,15
2026-01-09T05:30:00Z,PL,144.95,15
2026-01-09T05:30:00Z,PT,50.50,15
2026-01-09T05:30:00Z,RO,139.90,15
2026-01-09T05:30:00Z,RS,140.04,15
2026-01-09T05:30:00Z,SE1,64.63,15
2026-01-09T05:30:00Z,SE2,72.10,15
2026-01-09T05:30:00Z,SE3,73.51,15
2026-01-09T05:30:00Z,SE4,74.23,15
2026-01-09T05:30:00Z,SI,136.25,15
2026-01-09T05:30:00Z,SK,140.11,15
2026-01-09T05:45:00Z,AT,152.81,15
2026-01-09T05:45:00Z,BE,77.61,15
2026-01-09T05:45:00Z,CZ,125.55,15
2026-01-09T05:45:00Z,DE-LU,78.33,15
2026-01-09T05:45:00Z,DK1,78.33,15
2026-01-09T05:45:00Z,DK2,78.32,15
2026-01-09T05:45:00Z,EE,156.10,15
2026-01-09T05:45:00Z,ES,52.50,15
2026-01-09T05:45:00Z,FI,156.00,15
2026-01-09T05:45:00Z,FR,65.41,15
2026-01-09T05:45:00Z,GR,150.00,15
2026-01-09T05:45:00Z,HR,146.43,15
2026-01-09T05:45:00Z,HU,150.75,15
2026-01-09T05:45:00Z,IT-CNorth,145.84,15
2026-01-09T05:45:00Z,IT-CSouth,145.84,15
2026-01-09T05:45:00Z,IT-North,145.84,15
2026-01-09T05:45:00Z,IT-Sardinia,145.84,15
2026-01-09T05:45:00Z,IT-Sicily,145.84,15
2026-01-09T05:45:00Z,IT-South,145.84,15
2026-01-09T05:45:00Z,LT,156.10,15
2026-01-09T05:45:00Z,LV,156.10,15
2026-01-09T05:45:00Z,NL,86.56,15
2026-01-09T05:45:00Z,NO1,81.10,15
2026-01-09T05:45:00Z,NO2,80.85,15
2026-01-09T05:45:00Z,NO3,84.71,15
2026-01-09T05:45:00Z,NO4,60.44,15
2026-01-09T05:45:00Z,NO5,81.66,15
2026-01-09T05:45:00Z,PL,156.10,15
2026-01-09T05:45:00Z,PT,52.50,15
2026-01-09T05:45:00Z,RO,150.00,15
2026-01-09T05:45:00Z,RS,140.04,15
2026-01-09T05:45:00Z,SE1,72.23,15
2026-01-09T05:45:00Z,SE2,76.88,15
2026-01-09T05:45:00Z,SE3,77.75,15
2026-01-09T05:45:00Z,SE4,78.20,15
2026-01-09T05:45:00Z,SI,145.84,15
2026-01-09T05:45:00Z,SK,150.32,15
2026-01-09T06:00:00Z,AT,133.96,15
2026-01-09T06:00:00Z,BE,80.88,15
2026-01-09T06:00:00Z,CH,127.77,60
2026-01-09T06:00:00Z,CZ,133.96,15
2026-01-09T06:00:00Z,DE-LU,77.25,15
2026-01-09T06:00:00Z,DK1,77.25,15
2026-01-09T06:00:00Z,DK2,77.25,15
2026-01-09T06:00:00Z,EE,150.12,15
2026-01-09T06:00:00Z,ES,57.00,15
2026-01-09T06:00:00Z,FI,149.99,15
2026-01-09T06:00:00Z,FR,77.25,15
2026-01-09T06:00:00Z,GR,176.98,15
2026-01-09T06:00:00Z,HR,174.33,15
2026-01-09T06:00:00Z,HU,205.33,15
2026-01-09T06:00:00Z,IT-CNorth,128.09,15
2026-01-09T06:00:00Z,IT-CSouth,128.09,15
2026-01-09T06:00:00Z,IT-North,128.09,15
2026-01-09T06:00:00Z,IT-Sardinia,128.09,15
2026-01-09T06:00:00Z,IT-Sicily,128.09,15
2026-01-09T06:00:00Z,IT-South,128.09,15
2026-01-09T06:00:00Z,LT,150.12,15
2026-01-09T06:00:00Z,LV,150.12,15
2026-01-09T06:00:00Z,NL,79.49,15
2026-01-09T06:00:00Z,NO1,81.69,15
2026-01-09T06:00:00Z,NO2,81.29,15
2026-01-09T06:00:00Z,NO3,87.44,15
2026-01-09T06:00:00Z,NO4,35.62,15
2026-01-09T06:00:00Z,NO5,82.59,15
2026-01-09T06:00:00Z,PL,126.20,15
2026-01-09T06:00:00Z,PT,57.00,15
2026-01-09T06:00:00Z,RO,201.59,15
2026-01-09T06:00:00Z,RS,118.86,15
2026-01-09T06:00:00Z,SE1,66.50,15
2026-01-09T06:00:00Z,SE2,74.94,15
2026-01-09T06:00:00Z,SE3,76.34,15
2026-01-09T06:00:00Z,SE4,77.06,15
2026-01-09T06:00:00Z,SI,162.23,15
2026-01-09T06:00:00Z,SK,205.33,15
2026-01-09T06:15:00Z,AT,142.97,15
2026-01-09T06:15:00Z,BE,88.19,15
2026-01-09T06:15:00Z,CZ,142.97,15
2026-01-09T06:15:00Z,DE-LU,83.33,15
2026-01-09T06:15:00Z,DK1,83.33,15
2026-01-09T06:15:00Z,DK2,83.33,15
2026-01-09T06:15:00Z,EE,190.00,15
2026-01-09T06:15:00Z,ES,70.00,15
2026-01-09T06:15:00Z,FI,189.80,15
2026-01-09T06:15:00Z,FR,83.33,15
2026-01-09T06:15:00Z,GR,182.25,15
2026-01-09T06:15:00Z,HR,191.91,15
2026-01-09T06:15:00Z,HU,224.19,15
2026-01-09T06:15:00Z,IT-CNorth,133.75,15
2026-01-09T06:15:00Z,IT-CSouth,133.75,15
2026-01-09T06:15:00Z,IT-North,133.75,15
2026-01-09T06:15:00Z,IT-Sardinia,133.75,15
2026-01-09T06:15:00Z,IT-Sicily,133.75,15
2026-01-09T06:15:00Z,IT-South,133.75,15
2026-01-09T06:15:00Z,LT,190.00,15
2026-01-09T06:15:00Z,LV,190.00,15
2026-01-09T06:15:00Z,NL,88.08,15
2026-01-09T06:15:00Z,NO1,84.57,15
2026-01-09T06:15:00Z,NO2,84.46,15
2026-01-09T06:15:00Z,NO3,86.24,15
2026-01-09T06:15:00Z,NO4,37.07,15
2026-01-09T06:15:00Z,NO5,84.82,15
2026-01-09T06:15:00Z,PL,164.30,15
2026-01-09T06:15:00Z,PT,70.00,15
2026-01-09T06:15:00Z,RO,220.92,15
2026-01-09T06:15:00Z,RS,118.86,15
2026-01-09T06:15:00Z,SE1,77.17,15
2026-01-09T06:15:00Z,SE2,82.68,15
2026-01-09T06:15:00Z,SE3,83.07,15
2026-01-09T06:15:00Z,SE4,83.27,15
2026-01-09T06:15:00Z,SI,179.38,15
2026-01-09T06:15:00Z,SK,224.19,15
2026-01-09T06:30:00Z,AT,143.96,15
2026-01-09T06:30:00Z,BE,91.15,15
2026-01-09T06:30:00Z,CZ,143.96,15
2026-01-09T06:30:00Z,DE-LU,87.63,15
2026-01-09T06:30:00Z,DK1,87.63,15
2026-01-09T06:30:00Z,DK2,87.63,15
2026-01-09T06:30:00Z,EE,184.65,15
2026-01-09T06:30:00Z,ES,76.00,15
2026-01-09T06:30:00Z,FI,184.45,15
2026-01-09T06:30:00Z,FR,87.63,15
2026-01-09T06:30:00Z,GR,100.81,15
2026-01-09T06:30:00Z,HR,171.86,15
2026-01-09T06:30:00Z,HU,194.91,15
2026-01-09T06:30:00Z,IT-CNorth,153.00,15
2026-01-09T06:30:00Z,IT-CSouth,153.00,15
2026-01-09T06:30:00Z,IT-North,153.00,15
2026-01-09T06:30:00Z,IT-Sardinia,153.00,15
2026-01-09T06:30:00Z,IT-Sicily,153.00,15
2026-01-09T06:30:00Z,IT-South,153.00,15
2026-01-09T06:30:00Z,LT,184.65,15
2026-01-09T06:30:00Z,LV,184.65,15
2026-01-09T06:30:00Z,NL,91.15,15
2026-01-09T06:30:00Z,NO1,87.71,15
2026-01-09T06:30:00Z,NO2,87.70,15
2026-01-09T06:30:00Z,NO3,87.88,15
2026-01-09T06:30:00Z,NO4,42.04,15
2026-01-09T06:30:00Z,NO5,87.72,15
2026-01-09T06:30:00Z,PL,213.56,15
2026-01-09T06:30:00Z,PT,76.00,15
2026-01-09T06:30:00Z,RO,191.74,15
2026-01-09T06:30:00Z,RS,118.86,15
2026-01-09T06:30:00Z,SE1,83.40,15
2026-01-09T06:30:00Z,SE2,87.59,15
2026-01-09T06:30:00Z,SE3,87.61,15
2026-01-09T06:30:00Z,SE4,87.62,15
2026-01-09T06:30:00Z,SI,163.16,15
2026-01-09T06:30:00Z,SK,194.91,15
2026-01-09T06:45:00Z,AT,146.89,15
2026-01-09T06:45:00Z,BE,98.04,15
2026-01-09T06:45:00Z,CZ,146.89,15
2026-01-09T06:45:00Z,DE-LU,89.00,15
2026-01-09T06:45:00Z,DK1,89.00,15
2026-01-09T06:45:00Z,DK2,88.99,15
2026-01-09T06:45:00Z,EE,200.17,15
2026-01-09T06:45:00Z,ES,78.01,15
2026-01-09T06:45:00Z,FI,200.00,15
2026-01-09T06:45:00Z,FR,89.00,15
2026-01-09T06:45:00Z,GR,117.80,15
2026-01-09T06:45:00Z,HR,180.59,15
2026-01-09T06:45:00Z,HU,207.29,15
2026-01-09T06:45:00Z,IT-CNorth,163.00,15
2026-01-09T06:45:00Z,IT-CSouth,163.00,15
2026-01-09T06:45:00Z,IT-North,163.00,15
2026-01-09T06:45:00Z,IT-Sardinia,163.00,15
2026-01-09T06:45:00Z,IT-Sicily,163.00,15
2026-01-09T06:45:00Z,IT-South,163.00,15
2026-01-09T06:45:00Z,LT,200.17,15
2026-01-09T06:45:00Z,LV,200.17,15
2026-01-09T06:45:00Z,NL,98.04,15
2026-01-09T06:45:00Z,NO1,91.99,15
2026-01-09T06:45:00Z,NO2,91.71,15
2026-01-09T06:45:00Z,NO3,95.90,15
2026-01-09T06:45:00Z,NO4,54.59,15
2026-01-09T06:45:00Z,NO5,92.59,15
2026-01-09T06:45:00Z,PL,245.78,15
2026-01-09T06:45:00Z,PT,78.01,15
2026-01-09T06:45:00Z,RO,204.32,15
2026-01-09T06:45:00Z,RS,118.86,15
2026-01-09T06:45:00Z,SE1,81.03,15
2026-01-09T06:45:00Z,SE2,87.44,15
2026-01-09T06:45:00Z,SE3,88.38,15
2026-01-09T06:45:00Z,SE4,88.86,15
2026-01-09T06:45:00Z,SI,170.25,15
2026-01-09T06:45:00Z,SK,207.29,15
2026-01-09T07:00:00Z,AT,142.90,15
2026-01-09T07:00:00Z,BE,89.48,15
2026-01-09T07:00:00Z,CH,131.90,60
2026-01-09T07:00:00Z,CZ,142.90,15
2026-01-09T07:00:00Z,DE-LU,87.17,15
2026-01-09T07:00:00Z,DK1,87.17,15
2026-01-09T07:00:00Z,DK2,87.17,15
2026-01-09T07:00:00Z,EE,150.12,15
2026-01-09T07:00:00Z,ES,76.44,15
2026-01-09T07:00:00Z,FI,150.00,15
2026-01-09T07:00:00Z,FR,87.17,15
2026-01-09T07:00:00Z,GR,153.90,15
2026-01-09T07:00:00Z,HR,171.49,15
2026-01-09T07:00:00Z,HU,181.93,15
2026-01-09T07:00:00Z,IT-CNorth,133.75,15
2026-01-09T07:00:00Z,IT-CSouth,133.75,15
2026-01-09T07:00:00Z,IT-North,133.75,15
2026-01-09T07:00:00Z,IT-Sardinia,133.75,15
2026-01-09T07:00:00Z,IT-Sicily,133.75,15
2026-01-09T07:00:00Z,IT-South,133.75,15
2026-01-09T07:00:00Z,LT,150.12,15
2026-01-09T07:00:00Z,LV,150.12,15
2026-01-09T07:00:00Z,NL,89.48,15
2026-01-09T07:00:00Z,NO1,90.35,15
2026-01-09T07:00:00Z,NO2,89.88,15
2026-01-09T07:00:00Z,NO3,96.15,15
2026-01-09T07:00:00Z,NO4,37.25,15
2026-01-09T07:00:00Z,NO5,91.36,15
2026-01-09T07:00:00Z,PL,204.07,15
2026-01-09T07:00:00Z,PT,76.44,15
2026-01-09T07:00:00Z,RO,181.22,15
2026-01-09T07:00:00Z,RS,159.94,15
2026-01-09T07:00:00Z,SE1,64.18,15
2026-01-09T07:00:00Z,SE2,75.56,15
2026-01-09T07:00:00Z,SE3,86.26,15
2026-01-09T07:00:00Z,SE4,87.28,15
2026-01-09T07:00:00Z,SI,168.21,15
2026-01-09T07:00:00Z,SK,181.93,15
2026-01-09T07:15:00Z,AT,142.94,15
2026-01-09T07:15:00Z,BE,94.31,15
2026-01-09T07:15:00Z,CZ,166.00,15
2026-01-09T07:15:00Z,DE-LU,91.48,15
2026-01-09T07:15:00Z,DK1,91.48,15
2026-01-09T07:15:00Z,DK2,91.49,15
2026-01-09T07:15:00Z,EE,158.27,15
2026-01-09T07:15:00Z,ES,78.01,15
2026-01-09T07:15:00Z,FI,158.15,15
2026-01-09T07:15:00Z,FR,91.48,15
2026-01-09T07:15:00Z,GR,108.65,15
2026-01-09T07:15:00Z,HR,172.78,15
2026-01-09T07:15:00Z,HU,177.41,15
2026-01-09T07:15:00Z,IT-CNorth,133.75,15
2026-01-09T07:15:00Z,IT-CSouth,133.75,15
2026-01-09T07:15:00Z,IT-North,133.75,15
2026-01-09T07:15:00Z,IT-Sardinia,133.75,15
2026-01-09T07:15:00Z,IT-Sicily,133.75,15
2026-01-09T07:15:00Z,IT-South,133.75,15
2026-01-09T07:15:00Z,LT,158.27,15
2026-01-09T07:15:00Z,LV,158.27,15
2026-01-09T07:15:00Z,NL,94.31,15
2026-01-09T07:15:00Z,NO1,94.77,15
2026-01-09T07:15:00Z,NO2,94.31,15
2026-01-09T07:15:00Z,NO3,100.48,15
2026-01-09T07:15:00Z,NO4,45.16,15
2026-01-09T07:15:00Z,NO5,95.75,15
2026-01-09T07:15:00Z,PL,204.72,15
2026-01-09T07:15:00Z,PT,78.01,15
2026-01-09T07:15:00Z,RO,177.41,15
2026-01-09T07:15:00Z,RS,159.94,15
2026-01-09T07:15:00Z,SE1,70.59,15
2026-01-09T07:15:00Z,SE2,81.27,15
2026-01-09T07:15:00Z,SE3,90.59,15
2026-01-09T07:15:00Z,SE4,91.55,15
2026-01-09T07:15:00Z,SI,172.12,15
2026-01-09T07:15:00Z,SK,177.41,15
2026-01-09T07:30:00Z,AT,143.96,15
2026-01-09T07:30:00Z,BE,95.62,15
2026-01-09T07:30:00Z,CZ,166.78,15
2026-01-09T07:30:00Z,DE-LU,92.18,15
2026-01-09T07:30:00Z,DK1,92.18,15
2026-01-09T07:30:00Z,DK2,92.18,15
2026-01-09T07:30:00Z,EE,157.88,15
2026-01-09T07:30:00Z,ES,80.00,15
2026-01-09T07:30:00Z,FI,157.79,15
2026-01-09T07:30:00Z,FR,92.18,15
2026-01-09T07:30:00Z,GR,88.97,15
2026-01-09T07:30:00Z,HR,155.99,15
2026-01-09T07:30:00Z,HU,182.03,15
2026-01-09T07:30:00Z,IT-CNorth,143.96,15
2026-01-09T07:30:00Z,IT-CSouth,143.96,15
2026-01-09T07:30:00Z,IT-North,143.96,15
2026-01-09T07:30:00Z,IT-Sardinia,143.96,15
2026-01-09T07:30:00Z,IT-Sicily,133.75,15
2026-01-09T07:30:00Z,IT-South,133.75,15
2026-01-09T07:30:00Z,LT,157.88,15
2026-01-09T07:30:00Z,LV,157.88,15
2026-01-09T07:30:00Z,NL,95.62,15
2026-01-09T07:30:00Z,NO1,95.29,15
2026-01-09T07:30:00Z,NO2,95.00,15
2026-01-09T07:30:00Z,NO3,99.34,15
2026-01-09T07:30:00Z,NO4,72.00,15
2026-01-09T07:30:00Z,NO5,95.91,15
2026-01-09T07:30:00Z,PL,227.77,15
2026-01-09T07:30:00Z,PT,80.00,15
2026-01-09T07:30:00Z,RO,126.42,15
2026-01-09T07:30:00Z,RS,159.94,15
2026-01-09T07:30:00Z,SE1,85.36,15
2026-01-09T07:30:00Z,SE2,90.55,15
2026-01-09T07:30:00Z,SE3,91.55,15
2026-01-09T07:30:00Z,SE4,92.05,15
2026-01-09T07:30:00Z,SI,155.99,15
2026-01-09T07:30:00Z,SK,182.03,15
2026-01-09T07:45:00Z,AT,143.95,15
2026-01-09T07:45:00Z,BE,91.07,15
2026-01-09T07:45:00Z,CZ,160.28,15
2026-01-09T07:45:00Z,DE-LU,88.22,15
2026-01-09T07:45:00Z,DK1,87.00,15
2026-01-09T07:45:00Z,DK2,87.79,15
2026-01-09T07:45:00Z,EE,175.77,15
2026-01-09T07:45:00Z,ES,80.00,15
2026-01-09T07:45:00Z,FI,175.65,15
2026-01-09T07:45:00Z,FR,88.22,15
2026-01-09T07:45:00Z,GR,78.57,15
2026-01-09T07:45:00Z,HR,151.67,15
2026-01-09T07:45:00Z,HU,174.51,15
2026-01-09T07:45:00Z,IT-CNorth,143.95,15
2026-01-09T07:45:00Z,IT-CSouth,143.95,15
2026-01-09T07:45:00Z,IT-North,143.95,15
2026-01-09T07:45:00Z,IT-Sardinia,143.95,15
2026-01-09T07:45:00Z,IT-Sicily,133.75,15
2026-01-09T07:45:00Z,IT-South,133.75,15
2026-01-09T07:45:00Z,LT,175.77,15
2026-01-09T07:45:00Z,LV,175.77,15
2026-01-09T07:45:00Z,NL,91.07,15
2026-01-09T07:45:00Z,NO1,91.40,15
2026-01-09T07:45:00Z,NO2,91.07,15
2026-01-09T07:45:00Z,NO3,96.12,15
2026-01-09T07:45:00Z,NO4,64.82,15
2026-01-09T07:45:00Z,NO5,92.12,15
2026-01-09T07:45:00Z,PL,209.97,15
2026-01-09T07:45:00Z,PT,80.00,15
2026-01-09T07:45:00Z,RO,120.92,15
2026-01-09T07:45:00Z,RS,159.94,15
2026-01-09T07:45:00Z,SE1,79.87,15
2026-01-09T07:45:00Z,SE2,85.90,15
2026-01-09T07:45:00Z,SE3,87.06,15
2026-01-09T07:45:00Z,SE4,87.64,15
2026-01-09T07:45:00Z,SI,151.67,15
2026-01-09T07:45:00Z,SK,174.51,15
2026-01-09T08:00:00Z,AT,155.09,15
2026-01-09T08:00:00Z,BE,93.79,15
2026-01-09T08:00:00Z,CH,130.72,60
2026-01-09T08:00:00Z,CZ,158.48,15
2026-01-09T08:00:00Z,DE-LU,91.28,15
2026-01-09T08:00:00Z,DK1,91.28,15
2026-01-09T08:00:00Z,DK2,91.28,15
2026-01-09T08:00:00Z,EE,150.16,15
2026-01-09T08:00:00Z,ES,77.00,15
2026-01-09T08:00:00Z,FI,150.00,15
2026-01-09T08:00:00Z,FR,91.28,15
2026-01-09T08:00:00Z,GR,81.71,15
2026-01-09T08:00:00Z,HR,155.64,15
2026-01-09T08:00:00Z,HU,187.96,15
2026-01-09T08:00:00Z,IT-CNorth,160.00,15
2026-01-09T08:00:00Z,IT-CSouth,160.00,15
2026-01-09T08:00:00Z,IT-North,160.00,15
2026-01-09T08:00:00Z,IT-Sardinia,160.00,15
2026-01-09T08:00:00Z,IT-Sicily,133.75,15
2026-01-09T08:00:00Z,IT-South,133.75,15
2026-01-09T08:00:00Z,LT,150.16,15
2026-01-09T08:00:00Z,LV,150.16,15
2026-01-09T08:00:00Z,NL,94.34,15
2026-01-09T08:00:00Z,NO1,91.33,15
2026-01-09T08:00:00Z,NO2,91.32,15
2026-01-09T08:00:00Z,NO3,91.44,15
2026-01-09T08:00:00Z,NO4,32.97,15
2026-01-09T08:00:00Z,NO5,91.34,15
2026-01-09T08:00:00Z,PL,237.12,15
2026-01-09T08:00:00Z,PT,77.00,15
2026-01-09T08:00:00Z,RO,130.36,15
2026-01-09T08:00:00Z,RS,129.80,15
2026-01-09T08:00:00Z,SE1,84.86,15
2026-01-09T08:00:00Z,SE2,91.25,15
2026-01-09T08:00:00Z,SE3,91.26,15
2026-01-09T08:00:00Z,SE4,91.27,15
2026-01-09T08:00:00Z,SI,160.00,15
2026-01-09T08:00:00Z,SK,187.96,15
2026-01-09T08:15:00Z,AT,151.91,15
2026-01-09T08:15:00Z,BE,91.26,15
2026-01-09T08:15:00Z,CZ,155.41,15
2026-01-09T08:15:00Z,DE-LU,88.99,15
2026-01-09T08:15:00Z,DK1,88.99,15
2026-01-09T08:15:00Z,DK2,89.23,15
2026-01-09T08:15:00Z,EE,185.01,15
2026-01-09T08:15:00Z,ES,72.00,15
2026-01-09T08:15:00Z,FI,184.81,15
2026-01-09T08:15:00Z,FR,88.99,15
2026-01-09T08:15:00Z,GR,79.72,15
2026-01-09T08:15:00Z,HR,147.90,15
2026-01-09T08:15:00Z,HU,175.97,15
2026-01-09T08:15:00Z,IT-CNorth,153.41,15
2026-01-09T08:15:00Z,IT-CSouth,153.41,15
2026-01-09T08:15:00Z,IT-North,153.41,15
2026-01-09T08:15:00Z,IT-Sardinia,153.41,15
2026-01-09T08:15:00Z,IT-Sicily,133.75,15
2026-01-09T08:15:00Z,IT-South,133.75,15
2026-01-09T08:15:00Z,LT,185.01,15
2026-01-09T08:15:00Z,LV,185.01,15
2026-01-09T08:15:00Z,NL,92.26,15
2026-01-09T08:15:00Z,NO1,89.32,15
2026-01-09T08:15:00Z,NO2,89.31,15
2026-01-09T08:15:00Z,NO3,89.49,15
2026-01-09T08:15:00Z,NO4,32.96,15
2026-01-09T08:15:00Z,NO5,89.33,15
2026-01-09T08:15:00Z,PL,211.16,15
2026-01-09T08:15:00Z,PT,72.00,15
2026-01-09T08:15:00Z,RO,120.92,15
2026-01-09T08:15:00Z,RS,129.80,15
2026-01-09T08:15:00Z,SE1,82.84,15
2026-01-09T08:15:00Z,SE2,89.19,15
2026-01-09T08:15:00Z,SE3,89.21,15
2026-01-09T08:15:00Z,SE4,89.23,15
2026-01-09T08:15:00Z,SI,153.41,15
2026-01-09T08:15:00Z,SK,178.06,15
2026-01-09T08:30:00Z,AT,144.00,15
2026-01-09T08:30:00Z,BE,88.66,15
2026-01-09T08:30:00Z,CZ,145.14,15
2026-01-09T08:30:00Z,DE-LU,86.57,15
2026-01-09T08:30:00Z,DK1,86.57,15
2026-01-09T08:30:00Z,DK2,86.76,15
2026-01-09T08:30:00Z,EE,200.21,15
2026-01-09T08:30:00Z,ES,65.00,15
2026-01-09T08:30:00Z,FI,200.00,15
2026-01-09T08:30:00Z,FR,86.57,15
2026-01-09T08:30:00Z,GR,84.99,15
2026-01-09T08:30:00Z,HR,137.68,15
2026-01-09T08:30:00Z,HU,168.75,15
2026-01-09T08:30:00Z,IT-CNorth,145.00,15
2026-01-09T08:30:00Z,IT-CSouth,145.00,15
2026-01-09T08:30:00Z,IT-North,145.00,15
2026-01-09T08:30:00Z,IT-Sardinia,145.00,15
2026-01-09T08:30:00Z,IT-Sicily,122.00,15
2026-01-09T08:30:00Z,IT-South,122.00,15
2026-01-09T08:30:00Z,LT,200.21,15
2026-01-09T08:30:00Z,LV,200.21,15
2026-01-09T08:30:00Z,NL,89.72,15
2026-01-09T08:30:00Z,NO1,86.86,15
2026-01-09T08:30:00Z,NO2,86.85,15
2026-01-09T08:30:00Z,NO3,87.06,15
2026-01-09T08:30:00Z,NO4,32.97,15
2026-01-09T08:30:00Z,NO5,86.88,15
2026-01-09T08:30:00Z,PL,210.33,15
2026-01-09T08:30:00Z,PT,65.00,15
2026-01-09T08:30:00Z,RO,103.56,15
2026-01-09T08:30:00Z,RS,129.80,15
2026-01-09T08:30:00Z,SE1,80.54,15
2026-01-09T08:30:00Z,SE2,86.72,15
2026-01-09T08:30:00Z,SE3,86.74,15
2026-01-09T08:30:00Z,SE4,86.76,15
2026-01-09T08:30:00Z,SI,145.00,15
2026-01-09T08:30:00Z,SK,172.19,15
2026-01-09T08:45:00Z,AT,140.97,15
2026-01-09T08:45:00Z,BE,91.55,15
2026-01-09T08:45:00Z,CZ,140.97,15
2026-01-09T08:45:00Z,DE-LU,89.75,15
2026-01-09T08:45:00Z,DK1,89.75,15
2026-01-09T08:45:00Z,DK2,89.75,15
2026-01-09T08:45:00Z,EE,190.00,15
2026-01-09T08:45:00Z,ES,58.65,15
2026-01-09T08:45:00Z,FI,183.89,15
2026-01-09T08:45:00Z,FR,89.75,15
2026-01-09T08:45:00Z,GR,81.92,15
2026-01-09T08:45:00Z,HR,134.81,15
2026-01-09T08:45:00Z,HU,159.77,15
2026-01-09T08:45:00Z,IT-CNorth,140.84,15
2026-01-09T08:45:00Z,IT-CSouth,140.84,15
2026-01-09T08:45:00Z,IT-North,140.84,15
2026-01-09T08:45:00Z,IT-Sardinia,140.84,15
2026-01-09T08:45:00Z,IT-Sicily,133.75,15
2026-01-09T08:45:00Z,IT-South,133.75,15
2026-01-09T08:45:00Z,LT,190.00,15
2026-01-09T08:45:00Z,LV,190.00,15
2026-01-09T08:45:00Z,NL,92.80,15
2026-01-09T08:45:00Z,NO1,89.83,15
2026-01-09T08:45:00Z,NO2,89.83,15
2026-01-09T08:45:00Z,NO3,90.00,15
2026-01-09T08:45:00Z,NO4,32.97,15
2026-01-09T08:45:00Z,NO5,89.85,15
2026-01-09T08:45:00Z,PL,175.01,15
2026-01-09T08:45:00Z,PT,58.65,15
2026-01-09T08:45:00Z,RO,107.21,15
2026-01-09T08:45:00Z,RS,129.80,15
2026-01-09T08:45:00Z,SE1,83.32,15
2026-01-09T08:45:00Z,SE2,89.71,15
2026-01-09T08:45:00Z,SE3,89.73,15
2026-01-09T08:45:00Z,SE4,89.75,15
2026-01-09T08:45:00Z,SI,140.84,15
2026-01-09T08:45:00Z,SK,162.14,15
2026-01-09T09:00:00Z,AT,143.97,15
2026-01-09T09:00:00Z,BE,95.49,15
2026-01-09T09:00:00Z,CH,130.00,60
2026-01-09T09:00:00Z,CZ,137.90,15
2026-01-09T09:00:00Z,DE-LU,93.49,15
2026-01-09T09:00:00Z,DK1,93.49,15
2026-01-09T09:00:00Z,DK2,93.49,15
2026-01-09T09:00:00Z,EE,127.86,15
2026-01-09T09:00:00Z,ES,65.00,15
2026-01-09T09:00:00Z,FI,133.63,15
2026-01-09T09:00:00Z,FR,93.49,15
2026-01-09T09:00:00Z,GR,80.79,15
2026-01-09T09:00:00Z,HR,137.97,15
2026-01-09T09:00:00Z,HU,139.72,15
2026-01-09T09:00:00Z,IT-CNorth,138.28,15
2026-01-09T09:00:00Z,IT-CSouth,138.28,15
2026-01-09T09:00:00Z,IT-North,138.28,15
2026-01-09T09:00:00Z,IT-Sardinia,138.28,15
2026-01-09T09:00:00Z,IT-Sicily,133.75,15
2026-01-09T09:00:00Z,IT-South,133.75,15
2026-01-09T09:00:00Z,LT,127.86,15
2026-01-09T09:00:00Z,LV,127.86,15
2026-01-09T09:00:00Z,NL,102.00,15
2026-01-09T09:00:00Z,NO1,93.53,15
2026-01-09T09:00:00Z,NO2,93.53,15
2026-01-09T09:00:00Z,NO3,93.61,15
2026-01-09T09:00:00Z,NO4,33.00,15
2026-01-09T09:00:00Z,NO5,93.54,15
2026-01-09T09:00:00Z,PL,127.86,15
2026-01-09T09:00:00Z,PT,65.00,15
2026-01-09T09:00:00Z,RO,138.47,15
2026-01-09T09:00:00Z,RS,110.59,15
2026-01-09T09:00:00Z,SE1,86.98,15
2026-01-09T09:00:00Z,SE2,93.48,15
2026-01-09T09:00:00Z,SE3,93.48,15
2026-01-09T09:00:00Z,SE4,93.49,15
2026-01-09T09:00:00Z,SI,138.28,15
2026-01-09T09:00:00Z,SK,137.90,15
2026-01-09T09:15:00Z,AT,167.99,15
2026-01-09T09:15:00Z,BE,90.12,15
2026-01-09T09:15:00Z,CZ,153.03,15
2026-01-09T09:15:00Z,DE-LU,89.57,15
2026-01-09T09:15:00Z,DK1,89.57,15
2026-01-09T09:15:00Z,DK2,89.57,15
2026-01-09T09:15:00Z,EE,135.91,15
2026-01-09T09:15:00Z,ES,57.66,15
2026-01-09T09:15:00Z,FI,135.77,15
2026-01-09T09:15:00Z,FR,87.91,15
2026-01-09T09:15:00Z,GR,80.00,15
2026-01-09T09:15:00Z,HR,146.84,15
2026-01-09T09:15:00Z,HU,158.42,15
2026-01-09T09:15:00Z,IT-CNorth,153.42,15
2026-01-09T09:15:00Z,IT-CSouth,153.41,15
2026-01-09T09:15:00Z,IT-North,153.42,15
2026-01-09T09:15:00Z,IT-Sardinia,153.41,15
2026-01-09T09:15:00Z,IT-Sicily,124.59,15
2026-01-09T09:15:00Z,IT-South,124.59,15
2026-01-09T09:15:00Z,LT,135.91,15
2026-01-09T09:15:00Z,LV,135.91,15
2026-01-09T09:15:00Z,NL,94.98,15
2026-01-09T09:15:00Z,NO1,89.61,15
2026-01-09T09:15:00Z,NO2,89.60,15
2026-01-09T09:15:00Z,NO3,89.69,15
2026-01-09T09:15:00Z,NO4,33.63,15
2026-01-09T09:15:00Z,NO5,89.62,15
2026-01-09T09:15:00Z,PL,123.39,15
2026-01-09T09:15:00Z,PT,57.66,15
2026-01-09T09:15:00Z,RO,125.87,15
2026-01-09T09:15:00Z,RS,110.59,15
2026-01-09T09:15:00Z,SE1,83.50,15
2026-01-09T09:15:00Z,SE2,89.55,15
2026-01-09T09:15:00Z,SE3,89.55,15
2026-01-09T09:15:00Z,SE4,89.56,15
2026-01-09T09:15:00Z,SI,153.42,15
2026-01-09T09:15:00Z,SK,153.03,15
2026-01-09T09:30:00Z,AT,155.77,15
2026-01-09T09:30:00Z,BE,97.96,15
2026-01-09T09:30:00Z,CZ,143.71,15
2026-01-09T09:30:00Z,DE-LU,98.93,15
2026-01-09T09:30:00Z,DK1,98.93,15
2026-01-09T09:30:00Z,DK2,98.93,15
2026-01-09T09:30:00Z,EE,140.27,15
2026-01-09T09:30:00Z,ES,50.50,15
2026-01-09T09:30:00Z,FI,140.12,15
2026-01-09T09:30:00Z,FR,84.52,15
2026-01-09T09:30:00Z,GR,56.04,15
2026-01-09T09:30:00Z,HR,141.93,15
2026-01-09T09:30:00Z,HU,147.63,15
2026-01-09T09:30:00Z,IT-CNorth,146.86,15
2026-01-09T09:30:00Z,IT-CSouth,139.50,15
2026-01-09T09:30:00Z,IT-North,146.86,15
2026-01-09T09:30:00Z,IT-Sardinia,139.50,15
2026-01-09T09:30:00Z,IT-Sicily,102.46,15
2026-01-09T09:30:00Z,IT-South,102.46,15
2026-01-09T09:30:00Z,LT,140.27,15
2026-01-09T09:30:00Z,LV,140.27,15
2026-01-09T09:30:00Z,NL,111.85,15
2026-01-09T09:30:00Z,NO1,98.97,15
2026-01-09T09:30:00Z,NO2,98.97,15
2026-01-09T09:30:00Z,NO3,99.05,15
2026-01-09T09:30:00Z,NO4,33.02,15
2026-01-09T09:30:00Z,NO5,98.98,15
2026-01-09T09:30:00Z,PL,121.85,15
2026-01-09T09:30:00Z,PT,51.87,15
2026-01-09T09:30:00Z,RO,130.13,15
2026-01-09T09:30:00Z,RS,110.59,15
2026-01-09T09:30:00Z,SE1,91.85,15
2026-01-09T09:30:00Z,SE2,98.91,15
2026-01-09T09:30:00Z,SE3,98.92,15
2026-01-09T09:30:00Z,SE4,98.93,15
2026-01-09T09:30:00Z,SI,145.86,15
2026-01-09T09:30:00Z,SK,143.71,15
2026-01-09T09:45:00Z,AT,143.97,15
2026-01-09T09:45:00Z,BE,92.69,15
2026-01-09T09:45:00Z,CZ,133.95,15
2026-01-09T09:45:00Z,DE-LU,93.73,15
2026-01-09T09:45:00Z,DK1,93.73,15
2026-01-09T09:45:00Z,DK2,93.73,15
2026-01-09T09:45:00Z,EE,142.62,15
2026-01-09T09:45:00Z,ES,49.85,15
2026-01-09T09:45:00Z,FI,142.46,15
2026-01-09T09:45:00Z,FR,81.67,15
2026-01-09T09:45:00Z,GR,80.00,15
2026-01-09T09:45:00Z,HR,133.12,15
2026-01-09T09:45:00Z,HU,137.11,15
2026-01-09T09:45:00Z,IT-CNorth,137.44,15
2026-01-09T09:45:00Z,IT-CSouth,112.46,15
2026-01-09T09:45:00Z,IT-North,137.44,15
2026-01-09T09:45:00Z,IT-Sardinia,112.46,15
2026-01-09T09:45:00Z,IT-Sicily,59.60,15
2026-01-09T09:45:00Z,IT-South,59.60,15
2026-01-09T09:45:00Z,LT,142.62,15
2026-01-09T09:45:00Z,LV,142.62,15
2026-01-09T09:45:00Z,NL,103.40,15
2026-01-09T09:45:00Z,NO1,93.78,15
2026-01-09T09:45:00Z,NO2,93.78,15
2026-01-09T09:45:00Z,NO3,93.87,15
2026-01-09T09:45:00Z,NO4,33.39,15
2026-01-09T09:45:00Z,NO5,93.79,15
2026-01-09T09:45:00Z,PL,116.26,15
2026-01-09T09:45:00Z,PT,51.87,15
2026-01-09T09:45:00Z,RO,125.38,15
2026-01-09T09:45:00Z,RS,110.59,15
2026-01-09T09:45:00Z,SE1,87.19,15
2026-01-09T09:45:00Z,SE2,93.71,15
2026-01-09T09:45:00Z,SE3,93.72,15
2026-01-09T09:45:00Z,SE4,93.73,15
2026-01-09T09:45:00Z,SI,135.83,15
2026-01-09T09:45:00Z,SK,133.95,15
2026-01-09T10:00:00Z,AT,144.25,15
2026-01-09T10:00:00Z,BE,96.01,15
2026-01-09T10:00:00Z,CH,127.69,60
2026-01-09T10:00:00Z,CZ,143.01,15
2026-01-09T10:00:00Z,DE-LU,88.94,15
2026-01-09T10:00:00Z,DK1,88.94,15
2026-01-09T10:00:00Z,DK2,88.94,15
2026-01-09T10:00:00Z,EE,160.98,15
2026-01-09T10:00:00Z,ES,50.11,15
2026-01-09T10:00:00Z,FI,160.82,15
2026-01-09T10:00:00Z,FR,88.04,15
2026-01-09T10:00:00Z,GR,79.78,15
2026-01-09T10:00:00Z,HR,143.33,15
2026-01-09T10:00:00Z,HU,154.33,15
2026-01-09T10:00:00Z,IT-CNorth,153.41,15
2026-01-09T10:00:00Z,IT-CSouth,125.58,15
2026-01-09T10:00:00Z,IT-North,153.41,15
2026-01-09T10:00:00Z,IT-Sardinia,125.58,15
2026-01-09T10:00:00Z,IT-Sicily,103.54,15
2026-01-09T10:00:00Z,IT-South,103.54,15
2026-01-09T10:00:00Z,LT,160.98,15
2026-01-09T10:00:00Z,LV,160.98,15
2026-01-09T10:00:00Z,NL,114.20,15
2026-01-09T10:00:00Z,NO1,89.00,15
2026-01-09T10:00:00Z,NO2,89.00,15
2026-01-09T10:00:00Z,NO3,89.13,15
2026-01-09T10:00:00Z,NO4,34.80,15
2026-01-09T10:00:00Z,NO5,89.01,15
2026-01-09T10:00:00Z,PL,170.26,15
2026-01-09T10:00:00Z,PT,50.11,15
2026-01-09T10:00:00Z,RO,137.76,15
2026-01-09T10:00:00Z,RS,110.51,15
2026-01-09T10:00:00Z,SE1,84.00,15
2026-01-09T10:00:00Z,SE2,88.91,15
2026-01-09T10:00:00Z,SE3,88.92,15
2026-01-09T10:00:00Z,SE4,88.94,15
2026-01-09T10:00:00Z,SI,144.25,15
2026-01-09T10:00:00Z,SK,156.03,15
2026-01-09T10:15:00Z,AT,149.22,15
2026-01-09T10:15:00Z,BE,90.91,15
2026-01-09T10:15:00Z,CZ,137.60,15
2026-01-09T10:15:00Z,DE-LU,87.18,15
2026-01-09T10:15:00Z,DK1,87.18,15
2026-01-09T10:15:00Z,DK2,87.18,15
2026-01-09T10:15:00Z,EE,164.43,15
2026-01-09T10:15:00Z,ES,46.15,15
2026-01-09T10:15:00Z,FI,164.26,15
2026-01-09T10:15:00Z,FR,82.80,15
2026-01-09T10:15:00Z,GR,79.85,15
2026-01-09T10:15:00Z,HR,142.05,15
2026-01-09T10:15:00Z,HU,154.45,15
2026-01-09T10:15:00Z,IT-CNorth,156.43,15
2026-01-09T10:15:00Z,IT-CSouth,133.62,15
2026-01-09T10:15:00Z,IT-North,156.43,15
2026-01-09T10:15:00Z,IT-Sardinia,133.62,15
2026-01-09T10:15:00Z,IT-Sicily,87.19,15
2026-01-09T10:15:00Z,IT-South,87.19,15
2026-01-09T10:15:00Z,LT,164.43,15
2026-01-09T10:15:00Z,LV,164.43,15
2026-01-09T10:15:00Z,NL,104.63,15
2026-01-09T10:15:00Z,NO1,87.24,15
2026-01-09T10:15:00Z,NO2,87.24,15
2026-01-09T10:15:00Z,NO3,87.38,15
2026-01-09T10:15:00Z,NO4,34.88,15
2026-01-09T10:15:00Z,NO5,87.25,15
2026-01-09T10:15:00Z,PL,164.43,15
2026-01-09T10:15:00Z,PT,46.15,15
2026-01-09T10:15:00Z,RO,130.78,15
2026-01-09T10:15:00Z,RS,110.51,15
2026-01-09T10:15:00Z,SE1,82.37,15
2026-01-09T10:15:00Z,SE2,87.14,15
2026-01-09T10:15:00Z,SE3,87.16,15
2026-01-09T10:15:00Z,SE4,87.17,15
2026-01-09T10:15:00Z,SI,144.79,15
2026-01-09T10:15:00Z,SK,154.45,15
2026-01-09T10:30:00Z,AT,150.41,15
2026-01-09T10:30:00Z,BE,85.87,15
2026-01-09T10:30:00Z,CZ,142.04,15
2026-01-09T10:30:00Z,DE-LU,85.06,15
2026-01-09T10:30:00Z,DK1,85.06,15
2026-01-09T10:30:00Z,DK2,85.06,15
2026-01-09T10:30:00Z,EE,178.94,15
2026-01-09T10:30:00Z,ES,40.00,15
2026-01-09T10:30:00Z,FI,178.76,15
2026-01-09T10:30:00Z,FR,75.34,15
2026-01-09T10:30:00Z,GR,80.00,15
2026-01-09T10:30:00Z,HR,149.27,15
2026-01-09T10:30:00Z,HU,159.17,15
2026-01-09T10:30:00Z,IT-CNorth,150.41,15
2026-01-09T10:30:00Z,IT-CSouth,110.40,15
2026-01-09T10:30:00Z,IT-North,150.41,15
2026-01-09T10:30:00Z,IT-Sardinia,110.40,15
2026-01-09T10:30:00Z,IT-Sicily,65.20,15
2026-01-09T10:30:00Z,IT-South,65.20,15
2026-01-09T10:30:00Z,LT,178.94,15
2026-01-09T10:30:00Z,LV,178.94,15
2026-01-09T10:30:00Z,NL,94.70,15
2026-01-09T10:30:00Z,NO1,86.38,15
2026-01-09T10:30:00Z,NO2,86.26,15
2026-01-09T10:30:00Z,NO3,88.38,15
2026-01-09T10:30:00Z,NO4,34.80,15
2026-01-09T10:30:00Z,NO5,86.67,15
2026-01-09T10:30:00Z,PL,178.94,15
2026-01-09T10:30:00Z,PT,40.00,15
2026-01-09T10:30:00Z,RO,147.54,15
2026-01-09T10:30:00Z,RS,110.51,15
2026-01-09T10:30:00Z,SE1,79.17,15
2026-01-09T10:30:00Z,SE2,84.41,15
2026-01-09T10:30:00Z,SE3,84.82,15
2026-01-09T10:30:00Z,SE4,85.00,15
2026-01-09T10:30:00Z,SI,149.27,15
2026-01-09T10:30:00Z,SK,160.88,15
2026-01-09T10:45:00Z,AT,143.96,15
2026-01-09T10:45:00Z,BE,83.33,15
2026-01-09T10:45:00Z,CZ,132.14,15
2026-01-09T10:45:00Z,DE-LU,82.00,15
2026-01-09T10:45:00Z,DK1,82.00,15
2026-01-09T10:45:00Z,DK2,83.73,15
2026-01-09T10:45:00Z,EE,188.06,15
2026-01-09T10:45:00Z,ES,34.01,15
2026-01-09T10:45:00Z,FI,187.86,15
2026-01-09T10:45:00Z,FR,65.85,15
2026-01-09T10:45:00Z,GR,80.00,15
2026-01-09T10:45:00Z,HR,143.27,15
2026-01-09T10:45:00Z,HU,156.06,15
2026-01-09T10:45:00Z,IT-CNorth,144.02,15
2026-01-09T10:45:00Z,IT-CSouth,110.40,15
2026-01-09T10:45:00Z,IT-North,144.02,15
2026-01-09T10:45:00Z,IT-Sardinia,110.40,15
2026-01-09T10:45:00Z,IT-Sicily,63.70,15
2026-01-09T10:45:00Z,IT-South,63.70,15
2026-01-09T10:45:00Z,LT,188.06,15
2026-01-09T10:45:00Z,LV,188.06,15
2026-01-09T10:45:00Z,NL,100.10,15
2026-01-09T10:45:00Z,NO1,84.69,15
2026-01-09T10:45:00Z,NO2,84.63,15
2026-01-09T10:45:00Z,NO3,85.70,15
2026-01-09T10:45:00Z,NO4,35.52,15
2026-01-09T10:45:00Z,NO5,84.83,15
2026-01-09T10:45:00Z,PL,188.06,15
2026-01-09T10:45:00Z,PT,34.01,15
2026-01-09T10:45:00Z,RO,137.67,15
2026-01-09T10:45:00Z,RS,110.51,15
2026-01-09T10:45:00Z,SE1,78.89,15
2026-01-09T10:45:00Z,SE2,83.72,15
2026-01-09T10:45:00Z,SE3,83.91,15
2026-01-09T10:45:00Z,SE4,84.01,15
2026-01-09T10:45:00Z,SI,144.02,15
2026-01-09T10:45:00Z,SK,158.59,15
2026-01-09T11:00:00Z,AT,153.80,15
2026-01-09T11:00:00Z,BE,87.98,15
2026-01-09T11:00:00Z,CH,124.19,60
2026-01-09T11:00:00Z,CZ,133.03,15
2026-01-09T11:00:00Z,DE-LU,83.83,15
2026-01-09T11:00:00Z,DK1,83.83,15
2026-01-09T11:00:00Z,DK2,84.25,15
2026-01-09T11:00:00Z,EE,155.45,15
2026-01-09T11:00:00Z,ES,35.00,15
2026-01-09T11:00:00Z,FI,155.30,15
2026-01-09T11:00:00Z,FR,85.38,15
2026-01-09T11:00:00Z,GR,80.00,15
2026-01-09T11:00:00Z,HR,135.35,15
2026-01-09T11:00:00Z,HU,155.05,15
2026-01-09T11:00:00Z,IT-CNorth,142.56,15
2026-01-09T11:00:00Z,IT-CSouth,112.40,15
2026-01-09T11:00:00Z,IT-North,142.56,15
2026-01-09T11:00:00Z,IT-Sardinia,112.40,15
2026-01-09T11:00:00Z,IT-Sicily,80.00,15
2026-01-09T11:00:00Z,IT-South,80.00,15
2026-01-09T11:00:00Z,LT,155.45,15
2026-01-09T11:00:00Z,LV,155.45,15
2026-01-09T11:00:00Z,NL,104.24,15
2026-01-09T11:00:00Z,NO1,86.61,15
2026-01-09T11:00:00Z,NO2,86.39,15
2026-01-09T11:00:00Z,NO3,90.01,15
2026-01-09T11:00:00Z,NO4,34.80,15
2026-01-09T11:00:00Z,NO5,87.10,15
2026-01-09T11:00:00Z,PL,155.45,15
2026-01-09T11:00:00Z,PT,35.00,15
2026-01-09T11:00:00Z,RO,104.06,15
2026-01-09T11:00:00Z,RS,132.02,15
2026-01-09T11:00:00Z,SE1,77.82,15
2026-01-09T11:00:00Z,SE2,83.22,15
2026-01-09T11:00:00Z,SE3,83.93,15
2026-01-09T11:00:00Z,SE4,84.23,15
2026-01-09T11:00:00Z,SI,142.56,15
2026-01-09T11:00:00Z,SK,152.69,15
2026-01-09T11:15:00Z,AT,143.94,15
2026-01-09T11:15:00Z,BE,83.94,15
2026-01-09T11:15:00Z,CZ,127.87,15
2026-01-09T11:15:00Z,DE-LU,82.17,15
2026-01-09T11:15:00Z,DK1,82.17,15
2026-01-09T11:15:00Z,DK2,83.90,15
2026-01-09T11:15:00Z,EE,162.52,15
2026-01-09T11:15:00Z,ES,27.01,15
2026-01-09T11:15:00Z,FI,162.35,15
2026-01-09T11:15:00Z,FR,82.17,15
2026-01-09T11:15:00Z,GR,81.17,15
2026-01-09T11:15:00Z,HR,135.56,15
2026-01-09T11:15:00Z,HU,148.47,15
2026-01-09T11:15:00Z,IT-CNorth,138.00,15
2026-01-09T11:15:00Z,IT-CSouth,112.40,15
2026-01-09T11:15:00Z,IT-North,138.00,15
2026-01-09T11:15:00Z,IT-Sardinia,112.40,15
2026-01-09T11:15:00Z,IT-Sicily,86.53,15
2026-01-09T11:15:00Z,IT-South,86.53,15
2026-01-09T11:15:00Z,LT,162.52,15
2026-01-09T11:15:00Z,LV,162.52,15
2026-01-09T11:15:00Z,NL,90.23,15
2026-01-09T11:15:00Z,NO1,84.87,15
2026-01-09T11:15:00Z,NO2,84.80,15
2026-01-09T11:15:00Z,NO3,85.87,15
2026-01-09T11:15:00Z,NO4,34.80,15
2026-01-09T11:15:00Z,NO5,85.01,15
2026-01-09T11:15:00Z,PL,162.52,15
2026-01-09T11:15:00Z,PT,27.01,15
2026-01-09T11:15:00Z,RO,123.52,15
2026-01-09T11:15:00Z,RS,132.02,15
2026-01-09T11:15:00Z,SE1,79.25,15
2026-01-09T11:15:00Z,SE2,83.89,15
2026-01-09T11:15:00Z,SE3,84.09,15
2026-01-09T11:15:00Z,SE4,84.19,15
2026-01-09T11:15:00Z,SI,138.00,15
2026-01-09T11:15:00Z,SK,148.57,15
2026-01-09T11:30:00Z,AT,143.91,15
2026-01-09T11:30:00Z,BE,86.78,15
2026-01-09T11:30:00Z,CZ,136.09,15
2026-01-09T11:30:00Z,DE-LU,83.96,15
2026-01-09T11:30:00Z,DK1,83.96,15
2026-01-09T11:30:00Z,DK2,85.71,15
2026-01-09T11:30:00Z,EE,162.55,15
2026-01-09T11:30:00Z,ES,21.55,15
2026-01-09T11:30:00Z,FI,162.39,15
2026-01-09T11:30:00Z,FR,83.96,15
2026-01-09T11:30:00Z,GR,81.76,15
2026-01-09T11:30:00Z,HR,140.82,15
2026-01-09T11:30:00Z,HU,149.74,15
2026-01-09T11:30:00Z,IT-CNorth,134.36,15
2026-01-09T11:30:00Z,IT-CSouth,113.40,15
2026-01-09T11:30:00Z,IT-North,134.36,15
2026-01-09T11:30:00Z,IT-Sardinia,113.40,15
2026-01-09T11:30:00Z,IT-Sicily,80.00,15
2026-01-09T11:30:00Z,IT-South,80.00,15
2026-01-09T11:30:00Z,LT,162.55,15
2026-01-09T11:30:00Z,LV,162.55,15
2026-01-09T11:30:00Z,NL,94.40,15
2026-01-09T11:30:00Z,NO1,86.09,15
2026-01-09T11:30:00Z,NO2,86.08,15
2026-01-09T11:30:00Z,NO3,86.23,15
2026-01-09T11:30:00Z,NO4,34.80,15
2026-01-09T11:30:00Z,NO5,86.10,15
2026-01-09T11:30:00Z,PL,162.55,15
2026-01-09T11:30:00Z,PT,21.55,15
2026-01-09T11:30:00Z,RO,138.98,15
2026-01-09T11:30:00Z,RS,132.02,15
2026-01-09T11:30:00Z,SE1,81.48,15
2026-01-09T11:30:00Z,SE2,85.99,15
2026-01-09T11:30:00Z,SE3,86.01,15
2026-01-09T11:30:00Z,SE4,86.02,15
2026-01-09T11:30:00Z,SI,140.82,15
2026-01-09T11:30:00Z,SK,150.78,15
2026-01-09T11:45:00Z,AT,143.00,15
2026-01-09T11:45:00Z,BE,85.49,15
2026-01-09T11:45:00Z,CZ,137.84,15
2026-01-09T11:45:00Z,DE-LU,82.10,15
2026-01-09T11:45:00Z,DK1,82.10,15
2026-01-09T11:45:00Z,DK2,83.54,15
2026-01-09T11:45:00Z,EE,166.08,15
2026-01-09T11:45:00Z,ES,20.79,15
2026-01-09T11:45:00Z,FI,165.91,15
2026-01-09T11:45:00Z,FR,83.49,15
2026-01-09T11:45:00Z,GR,89.22,15
2026-01-09T11:45:00Z,HR,140.89,15
2026-01-09T11:45:00Z,HU,150.88,15
2026-01-09T11:45:00Z,IT-CNorth,134.36,15
2026-01-09T11:45:00Z,IT-CSouth,113.40,15
2026-01-09T11:45:00Z,IT-North,134.36,15
2026-01-09T11:45:00Z,IT-Sardinia,113.40,15
2026-01-09T11:45:00Z,IT-Sicily,85.62,15
2026-01-09T11:45:00Z,IT-South,85.62,15
2026-01-09T11:45:00Z,LT,166.08,15
2026-01-09T11:45:00Z,LV,166.08,15
2026-01-09T11:45:00Z,NL,93.50,15
2026-01-09T11:45:00Z,NO1,84.83,15
2026-01-09T11:45:00Z,NO2,84.73,15
2026-01-09T11:45:00Z,NO3,86.39,15
2026-01-09T11:45:00Z,NO4,34.80,15
2026-01-09T11:45:00Z,NO5,85.05,15
2026-01-09T11:45:00Z,PL,166.08,15
2026-01-09T11:45:00Z,PT,20.79,15
2026-01-09T11:45:00Z,RO,138.42,15
2026-01-09T11:45:00Z,RS,132.02,15
2026-01-09T11:45:00Z,SE1,78.49,15
2026-01-09T11:45:00Z,SE2,83.30,15
2026-01-09T11:45:00Z,SE3,83.61,15
2026-01-09T11:45:00Z,SE4,83.76,15
2026-01-09T11:45:00Z,SI,140.89,15
2026-01-09T11:45:00Z,SK,152.38,15
2026-01-09T12:00:00Z,AT,143.98,15
2026-01-09T12:00:00Z,BE,89.79,15
2026-01-09T12:00:00Z,CH,124.20,60
2026-01-09T12:00:00Z,CZ,139.16,15
2026-01-09T12:00:00Z,DE-LU,84.92,15
2026-01-09T12:00:00Z,DK1,84.92,15
2026-01-09T12:00:00Z,DK2,84.92,15
2026-01-09T12:00:00Z,EE,166.09,15
2026-01-09T12:00:00Z,ES,20.68,15
2026-01-09T12:00:00Z,FI,165.92,15
2026-01-09T12:00:00Z,FR,84.92,15
2026-01-09T12:00:00Z,GR,81.93,15
2026-01-09T12:00:00Z,HR,143.02,15
2026-01-09T12:00:00Z,HU,151.69,15
2026-01-09T12:00:00Z,IT-CNorth,134.36,15
2026-01-09T12:00:00Z,IT-CSouth,101.81,15
2026-01-09T12:00:00Z,IT-North,134.36,15
2026-01-09T12:00:00Z,IT-Sardinia,101.81,15
2026-01-09T12:00:00Z,IT-Sicily,90.00,15
2026-01-09T12:00:00Z,IT-South,90.00,15
2026-01-09T12:00:00Z,LT,166.09,15
2026-01-09T12:00:00Z,LV,166.09,15
2026-01-09T12:00:00Z,NL,99.00,15
2026-01-09T12:00:00Z,NO1,84.99,15
2026-01-09T12:00:00Z,NO2,84.99,15
2026-01-09T12:00:00Z,NO3,85.14,15
2026-01-09T12:00:00Z,NO4,34.80,15
2026-01-09T12:00:00Z,NO5,85.01,15
2026-01-09T12:00:00Z,PL,166.09,15
2026-01-09T12:00:00Z,PT,20.68,15
2026-01-09T12:00:00Z,RO,137.41,15
2026-01-09T12:00:00Z,RS,115.11,15
2026-01-09T12:00:00Z,SE1,80.50,15
2026-01-09T12:00:00Z,SE2,84.89,15
2026-01-09T12:00:00Z,SE3,84.90,15
2026-01-09T12:00:00Z,SE4,84.92,15
2026-01-09T12:00:00Z,SI,143.02,15
2026-01-09T12:00:00Z,SK,152.61,15
2026-01-09T12:15:00Z,AT,143.95,15
2026-01-09T12:15:00Z,BE,85.10,15
2026-01-09T12:15:00Z,CZ,136.31,15
2026-01-09T12:15:00Z,DE-LU,82.75,15
2026-01-09T12:15:00Z,DK1,82.75,15
2026-01-09T12:15:00Z,DK2,84.47,15
2026-01-09T12:15:00Z,EE,162.56,15
2026-01-09T12:15:00Z,ES,20.33,15
2026-01-09T12:15:00Z,FI,162.40,15
2026-01-09T12:15:00Z,FR,79.03,15
2026-01-09T12:15:00Z,GR,90.00,15
2026-01-09T12:15:00Z,HR,141.96,15
2026-01-09T12:15:00Z,HU,149.95,15
2026-01-09T12:15:00Z,IT-CNorth,134.36,15
2026-01-09T12:15:00Z,IT-CSouth,101.81,15
2026-01-09T12:15:00Z,IT-North,134.36,15
2026-01-09T12:15:00Z,IT-Sardinia,101.81,15
2026-01-09T12:15:00Z,IT-Sicily,92.74,15
2026-01-09T12:15:00Z,IT-South,92.74,15
2026-01-09T12:15:00Z,LT,162.56,15
2026-01-09T12:15:00Z,LV,162.56,15
2026-01-09T12:15:00Z,NL,91.63,15
2026-01-09T12:15:00Z,NO1,84.86,15
2026-01-09T12:15:00Z,NO2,84.85,15
2026-01-09T12:15:00Z,NO3,85.00,15
2026-01-09T12:15:00Z,NO4,34.80,15
2026-01-09T12:15:00Z,NO5,84.87,15
2026-01-09T12:15:00Z,PL,162.56,15
2026-01-09T12:15:00Z,PT,20.33,15
2026-01-09T12:15:00Z,RO,137.36,15
2026-01-09T12:15:00Z,RS,115.11,15
2026-01-09T12:15:00Z,SE1,80.39,15
2026-01-09T12:15:00Z,SE2,84.76,15
2026-01-09T12:15:00Z,SE3,84.77,15
2026-01-09T12:15:00Z,SE4,84.79,15
2026-01-09T12:15:00Z,SI,141.96,15
2026-01-09T12:15:00Z,SK,150.52,15
2026-01-09T12:30:00Z,AT,143.99,15
2026-01-09T12:30:00Z,BE,82.40,15
2026-01-09T12:30:00Z,CZ,135.47,15
2026-01-09T12:30:00Z,DE-LU,82.12,15
2026-01-09T12:30:00Z,DK1,82.12,15
2026-01-09T12:30:00Z,DK2,83.83,15
2026-01-09T12:30:00Z,EE,150.15,15
2026-01-09T12:30:00Z,ES,14.00,15
2026-01-09T12:30:00Z,FI,150.00,15
2026-01-09T12:30:00Z,FR,68.15,15
2026-01-09T12:30:00Z,GR,106.00,15
2026-01-09T12:30:00Z,HR,145.76,15
2026-01-09T12:30:00Z,HU,151.54,15
2026-01-09T12:30:00Z,IT-CNorth,134.36,15
2026-01-09T12:30:00Z,IT-CSouth,106.40,15
2026-01-09T12:30:00Z,IT-North,134.36,15
2026-01-09T12:30:00Z,IT-Sardinia,106.40,15
2026-01-09T12:30:00Z,IT-Sicily,106.40,15
2026-01-09T12:30:00Z,IT-South,106.40,15
2026-01-09T12:30:00Z,LT,150.15,15
2026-01-09T12:30:00Z,LV,150.15,15
2026-01-09T12:30:00Z,NL,91.63,15
2026-01-09T12:30:00Z,NO1,84.62,15
2026-01-09T12:30:00Z,NO2,84.58,15
2026-01-09T12:30:00Z,NO3,85.33,15
2026-01-09T12:30:00Z,NO4,34.80,15
2026-01-09T12:30:00Z,NO5,84.72,15
2026-01-09T12:30:00Z,PL,173.71,15
2026-01-09T12:30:00Z,PT,14.00,15
2026-01-09T12:30:00Z,RO,151.19,15
2026-01-09T12:30:00Z,RS,115.11,15
2026-01-09T12:30:00Z,SE1,79.39,15
2026-01-09T12:30:00Z,SE2,83.92,15
2026-01-09T12:30:00Z,SE3,84.06,15
2026-01-09T12:30:00Z,SE4,84.13,15
2026-01-09T12:30:00Z,SI,143.99,15
2026-01-09T12:30:00Z,SK,153.64,15
2026-01-09T12:45:00Z,AT,155.86,15
2026-01-09T12:45:00Z,BE,81.61,15
2026-01-09T12:45:00Z,CZ,145.03,15
2026-01-09T12:45:00Z,DE-LU,81.61,15
2026-01-09T12:45:00Z,DK1,81.61,15
2026-01-09T12:45:00Z,DK2,83.32,15
2026-01-09T12:45:00Z,EE,150.15,15
2026-01-09T12:45:00Z,ES,10.01,15
2026-01-09T12:45:00Z,FI,150.00,15
2026-01-09T12:45:00Z,FR,64.48,15
2026-01-09T12:45:00Z,GR,123.61,15
2026-01-09T12:45:00Z,HR,155.40,15
2026-01-09T12:45:00Z,HU,161.20,15
2026-01-09T12:45:00Z,IT-CNorth,142.17,15
2026-01-09T12:45:00Z,IT-CSouth,112.40,15
2026-01-09T12:45:00Z,IT-North,142.17,15
2026-01-09T12:45:00Z,IT-Sardinia,112.40,15
2026-01-09T12:45:00Z,IT-Sicily,112.40,15
2026-01-09T12:45:00Z,IT-South,112.40,15
2026-01-09T12:45:00Z,LT,150.15,15
2026-01-09T12:45:00Z,LV,150.15,15
2026-01-09T12:45:00Z,NL,92.78,15
2026-01-09T12:45:00Z,NO1,84.29,15
2026-01-09T12:45:00Z,NO2,84.22,15
2026-01-09T12:45:00Z,NO3,85.27,15
2026-01-09T12:45:00Z,NO4,35.60,15
2026-01-09T12:45:00Z,NO5,84.43,15
2026-01-09T12:45:00Z,PL,176.93,15
2026-01-09T12:45:00Z,PT,10.01,15
2026-01-09T12:45:00Z,RO,160.49,15
2026-01-09T12:45:00Z,RS,115.11,15
2026-01-09T12:45:00Z,SE1,78.88,15
2026-01-09T12:45:00Z,SE2,83.32,15
2026-01-09T12:45:00Z,SE3,83.52,15
2026-01-09T12:45:00Z,SE4,83.61,15
2026-01-09T12:45:00Z,SI,153.93,15
2026-01-09T12:45:00Z,SK,162.47,15
2026-01-09T13:00:00Z,AT,146.81,15
2026-01-09T13:00:00Z,BE,79.17,15
2026-01-09T13:00:00Z,CH,127.69,60
2026-01-09T13:00:00Z,CZ,132.20,15
2026-01-09T13:00:00Z,DE-LU,81.94,15
2026-01-09T13:00:00Z,DK1,81.94,15
2026-01-09T13:00:00Z,DK2,84.02,15
2026-01-09T13:00:00Z,EE,150.15,15
2026-01-09T13:00:00Z,ES,6.00,15
2026-01-09T13:00:00Z,FI,149.99,15
2026-01-09T13:00:00Z,FR,47.12,15
2026-01-09T13:00:00Z,GR,84.27,15
2026-01-09T13:00:00Z,HR,136.34,15
2026-01-09T13:00:00Z,HU,136.33,15
2026-01-09T13:00:00Z,IT-CNorth,137.70,15
2026-01-09T13:00:00Z,IT-CSouth,110.00,15
2026-01-09T13:00:00Z,IT-North,137.70,15
2026-01-09T13:00:00Z,IT-Sardinia,110.00,15
2026-01-09T13:00:00Z,IT-Sicily,85.00,15
2026-01-09T13:00:00Z,IT-South,85.00,15
2026-01-09T13:00:00Z,LT,150.15,15
2026-01-09T13:00:00Z,LV,150.15,15
2026-01-09T13:00:00Z,NL,98.02,15
2026-01-09T13:00:00Z,NO1,84.26,15
2026-01-09T13:00:00Z,NO2,84.23,15
2026-01-09T13:00:00Z,NO3,84.41,15
2026-01-09T13:00:00Z,NO4,34.80,15
2026-01-09T13:00:00Z,NO5,84.29,15
2026-01-09T13:00:00Z,PL,109.16,15
2026-01-09T13:00:00Z,PT,6.00,15
2026-01-09T13:00:00Z,RO,134.81,15
2026-01-09T13:00:00Z,RS,165.07,15
2026-01-09T13:00:00Z,SE1,79.53,15
2026-01-09T13:00:00Z,SE2,83.91,15
2026-01-09T13:00:00Z,SE3,83.98,15
2026-01-09T13:00:00Z,SE4,84.01,15
2026-01-09T13:00:00Z,SI,137.70,15
2026-01-09T13:00:00Z,SK,132.42,15
2026-01-09T13:15:00Z,AT,150.86,15
2026-01-09T13:15:00Z,BE,79.45,15
2026-01-09T13:15:00Z,CZ,136.61,15
2026-01-09T13:15:00Z,DE-LU,82.31,15
2026-01-09T13:15:00Z,DK1,82.31,15
2026-01-09T13:15:00Z,DK2,84.41,15
2026-01-09T13:15:00Z,EE,143.28,15
2026-01-09T13:15:00Z,ES,7.00,15
2026-01-09T13:15:00Z,FI,143.14,15
2026-01-09T13:15:00Z,FR,48.88,15
2026-01-09T13:15:00Z,GR,106.44,15
2026-01-09T13:15:00Z,HR,140.22,15
2026-01-09T13:15:00Z,HU,140.52,15
2026-01-09T13:15:00Z,IT-CNorth,141.54,15
2026-01-09T13:15:00Z,IT-CSouth,112.40,15
2026-01-09T13:15:00Z,IT-North,141.54,15
2026-01-09T13:15:00Z,IT-Sardinia,112.40,15
2026-01-09T13:15:00Z,IT-Sicily,110.00,15
2026-01-09T13:15:00Z,IT-South,110.00,15
2026-01-09T13:15:00Z,LT,143.28,15
2026-01-09T13:15:00Z,LV,143.28,15
2026-01-09T13:15:00Z,NL,96.89,15
2026-01-09T13:15:00Z,NO1,84.46,15
2026-01-09T13:15:00Z,NO2,84.46,15
2026-01-09T13:15:00Z,NO3,84.57,15
2026-01-09T13:15:00Z,NO4,34.80,15
2026-01-09T13:15:00Z,NO5,84.47,15
2026-01-09T13:15:00Z,PL,112.49,15
2026-01-09T13:15:00Z,PT,7.00,15
2026-01-09T13:15:00Z,RO,138.89,15
2026-01-09T13:15:00Z,RS,165.07,15
2026-01-09T13:15:00Z,SE1,80.01,15
2026-01-09T13:15:00Z,SE2,84.39,15
2026-01-09T13:15:00Z,SE3,84.40,15
2026-01-09T13:15:00Z,SE4,84.41,15
2026-01-09T13:15:00Z,SI,141.54,15
2026-01-09T13:15:00Z,SK,136.61,15
2026-01-09T13:30:00Z,AT,160.01,15
2026-01-09T13:30:00Z,BE,80.19,15
2026-01-09T13:30:00Z,CZ,148.63,15
2026-01-09T13:30:00Z,DE-LU,82.30,15
2026-01-09T13:30:00Z,DK1,82.30,15
2026-01-09T13:30:00Z,DK2,84.41,15
2026-01-09T13:30:00Z,EE,123.39,15
2026-01-09T13:30:00Z,ES,7.00,15
2026-01-09T13:30:00Z,FI,123.27,15
2026-01-09T13:30:00Z,FR,61.47,15
2026-01-09T13:30:00Z,GR,123.52,15
2026-01-09T13:30:00Z,HR,151.56,15
2026-01-09T13:30:00Z,HU,152.40,15
2026-01-09T13:30:00Z,IT-CNorth,153.00,15
2026-01-09T13:30:00Z,IT-CSouth,117.05,15
2026-01-09T13:30:00Z,IT-North,153.00,15
2026-01-09T13:30:00Z,IT-Sardinia,117.05,15
2026-01-09T13:30:00Z,IT-Sicily,117.05,15
2026-01-09T13:30:00Z,IT-South,117.05,15
2026-01-09T13:30:00Z,LT,123.39,15
2026-01-09T13:30:00Z,LV,123.39,15
2026-01-09T13:30:00Z,NL,91.37,15
2026-01-09T13:30:00Z,NO1,84.44,15
2026-01-09T13:30:00Z,NO2,84.44,15
2026-01-09T13:30:00Z,NO3,84.52,15
2026-01-09T13:30:00Z,NO4,34.80,15
2026-01-09T13:30:00Z,NO5,84.45,15
2026-01-09T13:30:00Z,PL,123.39,15
2026-01-09T13:30:00Z,PT,7.00,15
2026-01-09T13:30:00Z,RO,150.63,15
2026-01-09T13:30:00Z,RS,165.07,15
2026-01-09T13:30:00Z,SE1,80.10,15
2026-01-09T13:30:00Z,SE2,84.39,15
2026-01-09T13:30:00Z,SE3,84.40,15
2026-01-09T13:30:00Z,SE4,84.41,15
2026-01-09T13:30:00Z,SI,153.00,15
2026-01-09T13:30:00Z,SK,148.63,15
2026-01-09T13:45:00Z,AT,193.00,15
2026-01-09T13:45:00Z,BE,83.91,15
2026-01-09T13:45:00Z,CZ,182.00,15
2026-01-09T13:45:00Z,DE-LU,84.79,15
2026-01-09T13:45:00Z,DK1,84.79,15
2026-01-09T13:45:00Z,DK2,84.79,15
2026-01-09T13:45:00Z,EE,150.15,15
2026-01-09T13:45:00Z,ES,6.00,15
2026-01-09T13:45:00Z,FI,149.99,15
2026-01-09T13:45:00Z,FR,73.55,15
2026-01-09T13:45:00Z,GR,127.32,15
2026-01-09T13:45:00Z,HR,183.62,15
2026-01-09T13:45:00Z,HU,186.21,15
2026-01-09T13:45:00Z,IT-CNorth,158.52,15
2026-01-09T13:45:00Z,IT-CSouth,129.50,15
2026-01-09T13:45:00Z,IT-North,158.52,15
2026-01-09T13:45:00Z,IT-Sardinia,129.50,15
2026-01-09T13:45:00Z,IT-Sicily,129.50,15
2026-01-09T13:45:00Z,IT-South,129.50,15
2026-01-09T13:45:00Z,LT,150.15,15
2026-01-09T13:45:00Z,LV,150.15,15
2026-01-09T13:45:00Z,NL,89.87,15
2026-01-09T13:45:00Z,NO1,84.85,15
2026-01-09T13:45:00Z,NO2,84.85,15
2026-01-09T13:45:00Z,NO3,84.97,15
2026-01-09T13:45:00Z,NO4,34.80,15
2026-01-09T13:45:00Z,NO5,84.86,15
2026-01-09T13:45:00Z,PL,150.15,15
2026-01-09T13:45:00Z,PT,6.00,15
2026-01-09T13:45:00Z,RO,183.69,15
2026-01-09T13:45:00Z,RS,165.07,15
2026-01-09T13:45:00Z,SE1,80.33,15
2026-01-09T13:45:00Z,SE2,84.77,15
2026-01-09T13:45:00Z,SE3,84.78,15
2026-01-09T13:45:00Z,SE4,84.79,15
2026-01-09T13:45:00Z,SI,185.09,15
2026-01-09T13:45:00Z,SK,182.00,15
2026-01-09T14:00:00Z,AT,146.25,15
2026-01-09T14:00:00Z,BE,81.33,15
2026-01-09T14:00:00Z,CH,127.59,60
2026-01-09T14:00:00Z,CZ,132.00,15
2026-01-09T14:00:00Z,DE-LU,82.15,15
2026-01-09T14:00:00Z,DK1,82.15,15
2026-01-09T14:00:00Z,DK2,84.25,15
2026-01-09T14:00:00Z,EE,150.15,15
2026-01-09T14:00:00Z,ES,7.96,15
2026-01-09T14:00:00Z,FI,149.99,15
2026-01-09T14:00:00Z,FR,70.40,15
2026-01-09T14:00:00Z,GR,110.00,15
2026-01-09T14:00:00Z,HR,141.60,15
2026-01-09T14:00:00Z,HU,145.12,15
2026-01-09T14:00:00Z,IT-CNorth,134.36,15
2026-01-09T14:00:00Z,IT-CSouth,119.50,15
2026-01-09T14:00:00Z,IT-North,134.36,15
2026-01-09T14:00:00Z,IT-Sardinia,119.50,15
2026-01-09T14:00:00Z,IT-Sicily,119.50,15
2026-01-09T14:00:00Z,IT-South,119.50,15
2026-01-09T14:00:00Z,LT,150.15,15
2026-01-09T14:00:00Z,LV,150.15,15
2026-01-09T14:00:00Z,NL,88.45,15
2026-01-09T14:00:00Z,NO1,84.30,15
2026-01-09T14:00:00Z,NO2,84.30,15
2026-01-09T14:00:00Z,NO3,84.42,15
2026-01-09T14:00:00Z,NO4,34.80,15
2026-01-09T14:00:00Z,NO5,84.31,15
2026-01-09T14:00:00Z,PL,142.53,15
2026-01-09T14:00:00Z,PT,7.96,15
2026-01-09T14:00:00Z,RO,144.16,15
2026-01-09T14:00:00Z,RS,150.05,15
2026-01-09T14:00:00Z,SE1,78.84,15
2026-01-09T14:00:00Z,SE2,84.22,15
2026-01-09T14:00:00Z,SE3,84.23,15
2026-01-09T14:00:00Z,SE4,84.24,15
2026-01-09T14:00:00Z,SI,141.21,15
2026-01-09T14:00:00Z,SK,144.56,15
2026-01-09T14:15:00Z,AT,148.17,15
2026-01-09T14:15:00Z,BE,84.91,15
2026-01-09T14:15:00Z,CZ,133.48,15
2026-01-09T14:15:00Z,DE-LU,84.91,15
2026-01-09T14:15:00Z,DK1,84.91,15
2026-01-09T14:15:00Z,DK2,84.91,15
2026-01-09T14:15:00Z,EE,150.15,15
2026-01-09T14:15:00Z,ES,10.01,15
2026-01-09T14:15:00Z,FI,150.00,15
2026-01-09T14:15:00Z,FR,78.97,15
2026-01-09T14:15:00Z,GR,126.85,15
2026-01-09T14:15:00Z,HR,144.31,15
2026-01-09T14:15:00Z,HU,148.43,15
2026-01-09T14:15:00Z,IT-CNorth,143.64,15
2026-01-09T14:15:00Z,IT-CSouth,133.75,15
2026-01-09T14:15:00Z,IT-North,143.64,15
2026-01-09T14:15:00Z,IT-Sardinia,133.75,15
2026-01-09T14:15:00Z,IT-Sicily,133.75,15
2026-01-09T14:15:00Z,IT-South,133.75,15
2026-01-09T14:15:00Z,LT,150.15,15
2026-01-09T14:15:00Z,LV,150.15,15
2026-01-09T14:15:00Z,NL,88.50,15
2026-01-09T14:15:00Z,NO1,84.96,15
2026-01-09T14:15:00Z,NO2,84.96,15
2026-01-09T14:15:00Z,NO3,85.08,15
2026-01-09T14:15:00Z,NO4,34.80,15
2026-01-09T14:15:00Z,NO5,84.97,15
2026-01-09T14:15:00Z,PL,150.15,15
2026-01-09T14:15:00Z,PT,10.01,15
2026-01-09T14:15:00Z,RO,147.57,15
2026-01-09T14:15:00Z,RS,150.05,15
2026-01-09T14:15:00Z,SE1,79.44,15
2026-01-09T14:15:00Z,SE2,84.88,15
2026-01-09T14:15:00Z,SE3,84.89,15
2026-01-09T14:15:00Z,SE4,84.90,15
2026-01-09T14:15:00Z,SI,143.64,15
2026-01-09T14:15:00Z,SK,148.38,15
2026-01-09T14:30:00Z,AT,155.58,15
2026-01-09T14:30:00Z,BE,83.99,15
2026-01-09T14:30:00Z,CZ,139.52,15
2026-01-09T14:30:00Z,DE-LU,84.59,15
2026-01-09T14:30:00Z,DK1,84.59,15
2026-01-09T14:30:00Z,DK2,84.59,15
2026-01-09T14:30:00Z,EE,151.21,15
2026-01-09T14:30:00Z,ES,17.00,15
2026-01-09T14:30:00Z,FI,151.06,15
2026-01-09T14:30:00Z,FR,70.28,15
2026-01-09T14:30:00Z,GR,129.29,15
2026-01-09T14:30:00Z,HR,150.39,15
2026-01-09T14:30:00Z,HU,154.17,15
2026-01-09T14:30:00Z,IT-CNorth,150.00,15
2026-01-09T14:30:00Z,IT-CSouth,150.00,15
2026-01-09T14:30:00Z,IT-North,150.00,15
2026-01-09T14:30:00Z,IT-Sardinia,150.00,15
2026-01-09T14:30:00Z,IT-Sicily,133.75,15
2026-01-09T14:30:00Z,IT-South,133.75,15
2026-01-09T14:30:00Z,LT,151.21,15
2026-01-09T14:30:00Z,LV,151.21,15
2026-01-09T14:30:00Z,NL,94.11,15
2026-01-09T14:30:00Z,NO1,84.65,15
2026-01-09T14:30:00Z,NO2,84.65,15
2026-01-09T14:30:00Z,NO3,84.77,15
2026-01-09T14:30:00Z,NO4,34.80,15
2026-01-09T14:30:00Z,NO5,84.66,15
2026-01-09T14:30:00Z,PL,151.21,15
2026-01-09T14:30:00Z,PT,17.00,15
2026-01-09T14:30:00Z,RO,153.13,15
2026-01-09T14:30:00Z,RS,150.05,15
2026-01-09T14:30:00Z,SE1,79.15,15
2026-01-09T14:30:00Z,SE2,84.57,15
2026-01-09T14:30:00Z,SE3,84.58,15
2026-01-09T14:30:00Z,SE4,84.59,15
2026-01-09T14:30:00Z,SI,150.00,15
2026-01-09T14:30:00Z,SK,153.51,15
2026-01-09T14:45:00Z,AT,157.91,15
2026-01-09T14:45:00Z,BE,89.33,15
2026-01-09T14:45:00Z,CZ,155.00,15
2026-01-09T14:45:00Z,DE-LU,89.33,15
2026-01-09T14:45:00Z,DK1,89.33,15
2026-01-09T14:45:00Z,DK2,89.33,15
2026-01-09T14:45:00Z,EE,139.20,15
2026-01-09T14:45:00Z,ES,25.00,15
2026-01-09T14:45:00Z,FI,139.06,15
2026-01-09T14:45:00Z,FR,82.70,15
2026-01-09T14:45:00Z,GR,154.61,15
2026-01-09T14:45:00Z,HR,152.83,15
2026-01-09T14:45:00Z,HU,156.27,15
2026-01-09T14:45:00Z,IT-CNorth,139.50,15
2026-01-09T14:45:00Z,IT-CSouth,139.50,15
2026-01-09T14:45:00Z,IT-North,139.50,15
2026-01-09T14:45:00Z,IT-Sardinia,139.50,15
2026-01-09T14:45:00Z,IT-Sicily,133.75,15
2026-01-09T14:45:00Z,IT-South,133.75,15
2026-01-09T14:45:00Z,LT,139.20,15
2026-01-09T14:45:00Z,LV,139.20,15
2026-01-09T14:45:00Z,NL,92.78,15
2026-01-09T14:45:00Z,NO1,89.38,15
2026-01-09T14:45:00Z,NO2,89.37,15
2026-01-09T14:45:00Z,NO3,89.47,15
2026-01-09T14:45:00Z,NO4,34.80,15
2026-01-09T14:45:00Z,NO5,89.39,15
2026-01-09T14:45:00Z,PL,139.20,15
2026-01-09T14:45:00Z,PT,25.00,15
2026-01-09T14:45:00Z,RO,154.61,15
2026-01-09T14:45:00Z,RS,150.05,15
2026-01-09T14:45:00Z,SE1,83.49,15
2026-01-09T14:45:00Z,SE2,89.31,15
2026-01-09T14:45:00Z,SE3,89.32,15
2026-01-09T14:45:00Z,SE4,89.33,15
2026-01-09T14:45:00Z,SI,152.77,15
2026-01-09T14:45:00Z,SK,155.00,15
2026-01-09T15:00:00Z,AT,143.93,15
2026-01-09T15:00:00Z,BE,80.33,15
2026-01-09T15:00:00Z,CH,128.24,60
2026-01-09T15:00:00Z,CZ,122.97,15
2026-01-09T15:00:00Z,DE-LU,82.39,15
2026-01-09T15:00:00Z,DK1,82.39,15
2026-01-09T15:00:00Z,DK2,84.42,15
2026-01-09T15:00:00Z,EE,151.97,15
2026-01-09T15:00:00Z,ES,37.50,15
2026-01-09T15:00:00Z,FI,151.82,15
2026-01-09T15:00:00Z,FR,63.19,15
2026-01-09T15:00:00Z,GR,130.65,15
2026-01-09T15:00:00Z,HR,140.20,15
2026-01-09T15:00:00Z,HU,144.04,15
2026-01-09T15:00:00Z,IT-CNorth,139.44,15
2026-01-09T15:00:00Z,IT-CSouth,139.44,15
2026-01-09T15:00:00Z,IT-North,139.44,15
2026-01-09T15:00:00Z,IT-Sardinia,139.44,15
2026-01-09T15:00:00Z,IT-Sicily,139.44,15
2026-01-09T15:00:00Z,IT-South,139.44,15
2026-01-09T15:00:00Z,LT,151.97,15
2026-01-09T15:00:00Z,LV,151.97,15
2026-01-09T15:00:00Z,NL,87.27,15
2026-01-09T15:00:00Z,NO1,84.48,15
2026-01-09T15:00:00Z,NO2,84.48,15
2026-01-09T15:00:00Z,NO3,84.60,15
2026-01-09T15:00:00Z,NO4,34.80,15
2026-01-09T15:00:00Z,NO5,84.49,15
2026-01-09T15:00:00Z,PL,151.97,15
2026-01-09T15:00:00Z,PT,37.50,15
2026-01-09T15:00:00Z,RO,143.54,15
2026-01-09T15:00:00Z,RS,222.00,15
2026-01-09T15:00:00Z,SE1,78.99,15
2026-01-09T15:00:00Z,SE2,84.40,15
2026-01-09T15:00:00Z,SE3,84.41,15
2026-01-09T15:00:00Z,SE4,84.42,15
2026-01-09T15:00:00Z,SI,139.44,15
2026-01-09T15:00:00Z,SK,144.04,15
2026-01-09T15:15:00Z,AT,153.89,15
2026-01-09T15:15:00Z,BE,85.32,15
2026-01-09T15:15:00Z,CZ,126.64,15
2026-01-09T15:15:00Z,DE-LU,86.87,15
2026-01-09T15:15:00Z,DK1,86.87,15
2026-01-09T15:15:00Z,DK2,85.67,15
2026-01-09T15:15:00Z,EE,156.06,15
2026-01-09T15:15:00Z,ES,45.00,15
2026-01-09T15:15:00Z,FI,155.90,15
2026-01-09T15:15:00Z,FR,77.73,15
2026-01-09T15:15:00Z,GR,161.99,15
2026-01-09T15:15:00Z,HR,152.29,15
2026-01-09T15:15:00Z,HU,162.74,15
2026-01-09T15:15:00Z,IT-CNorth,149.00,15
2026-01-09T15:15:00Z,IT-CSouth,149.00,15
2026-01-09T15:15:00Z,IT-North,149.00,15
2026-01-09T15:15:00Z,IT-Sardinia,149.00,15
2026-01-09T15:15:00Z,IT-Sicily,149.00,15
2026-01-09T15:15:00Z,IT-South,149.00,15
2026-01-09T15:15:00Z,LT,156.06,15
2026-01-09T15:15:00Z,LV,156.06,15
2026-01-09T15:15:00Z,NL,88.56,15
2026-01-09T15:15:00Z,NO1,85.73,15
2026-01-09T15:15:00Z,NO2,85.73,15
2026-01-09T15:15:00Z,NO3,85.86,15
2026-01-09T15:15:00Z,NO4,34.80,15
2026-01-09T15:15:00Z,NO5,85.75,15
2026-01-09T15:15:00Z,PL,156.06,15
2026-01-09T15:15:00Z,PT,45.00,15
2026-01-09T15:15:00Z,RO,161.99,15
2026-01-09T15:15:00Z,RS,222.00,15
2026-01-09T15:15:00Z,SE1,80.09,15
2026-01-09T15:15:00Z,SE2,85.65,15
2026-01-09T15:15:00Z,SE3,85.66,15
2026-01-09T15:15:00Z,SE4,85.67,15
2026-01-09T15:15:00Z,SI,149.00,15
2026-01-09T15:15:00Z,SK,155.08,15
2026-01-09T15:30:00Z,AT,157.30,15
2026-01-09T15:30:00Z,BE,87.12,15
2026-01-09T15:30:00Z,CZ,132.27,15
2026-01-09T15:30:00Z,DE-LU,91.04,15
2026-01-09T15:30:00Z,DK1,91.04,15
2026-01-09T15:30:00Z,DK2,91.04,15
2026-01-09T15:30:00Z,EE,159.44,15
2026-01-09T15:30:00Z,ES,50.50,15
2026-01-09T15:30:00Z,FI,159.27,15
2026-01-09T15:30:00Z,FR,70.12,15
2026-01-09T15:30:00Z,GR,150.71,15
2026-01-09T15:30:00Z,HR,153.59,15
2026-01-09T15:30:00Z,HU,159.51,15
2026-01-09T15:30:00Z,IT-CNorth,152.26,15
2026-01-09T15:30:00Z,IT-CSouth,152.26,15
2026-01-09T15:30:00Z,IT-North,152.26,15
2026-01-09T15:30:00Z,IT-Sardinia,152.26,15
2026-01-09T15:30:00Z,IT-Sicily,152.26,15
2026-01-09T15:30:00Z,IT-South,152.26,15
2026-01-09T15:30:00Z,LT,159.44,15
2026-01-09T15:30:00Z,LV,159.44,15
2026-01-09T15:30:00Z,NL,94.10,15
2026-01-09T15:30:00Z,NO1,91.10,15
2026-01-09T15:30:00Z,NO2,91.09,15
2026-01-09T15:30:00Z,NO3,91.22,15
2026-01-09T15:30:00Z,NO4,34.80,15
2026-01-09T15:30:00Z,NO5,91.11,15
2026-01-09T15:30:00Z,PL,159.44,15
2026-01-09T15:30:00Z,PT,50.50,15
2026-01-09T15:30:00Z,RO,158.03,15
2026-01-09T15:30:00Z,RS,222.00,15
2026-01-09T15:30:00Z,SE1,84.92,15
2026-01-09T15:30:00Z,SE2,91.01,15
2026-01-09T15:30:00Z,SE3,91.02,15
2026-01-09T15:30:00Z,SE4,91.03,15
2026-01-09T15:30:00Z,SI,152.26,15
2026-01-09T15:30:00Z,SK,152.74,15
2026-01-09T15:45:00Z,AT,234.32,15
2026-01-09T15:45:00Z,BE,86.20,15
2026-01-09T15:45:00Z,CZ,150.00,15
2026-01-09T15:45:00Z,DE-LU,89.99,15
2026-01-09T15:45:00Z,DK1,89.99,15
2026-01-09T15:45:00Z,DK2,89.99,15
2026-01-09T15:45:00Z,EE,150.15,15
2026-01-09T15:45:00Z,ES,59.33,15
2026-01-09T15:45:00Z,FI,150.00,15
2026-01-09T15:45:00Z,FR,71.11,15
2026-01-09T15:45:00Z,GR,131.10,15
2026-01-09T15:45:00Z,HR,230.74,15
2026-01-09T15:45:00Z,HU,268.09,15
2026-01-09T15:45:00Z,IT-CNorth,133.75,15
2026-01-09T15:45:00Z,IT-CSouth,133.75,15
2026-01-09T15:45:00Z,IT-North,133.75,15
2026-01-09T15:45:00Z,IT-Sardinia,133.75,15
2026-01-09T15:45:00Z,IT-Sicily,133.75,15
2026-01-09T15:45:00Z,IT-South,133.75,15
2026-01-09T15:45:00Z,LT,150.15,15
2026-01-09T15:45:00Z,LV,150.15,15
2026-01-09T15:45:00Z,NL,96.37,15
2026-01-09T15:45:00Z,NO1,90.04,15
2026-01-09T15:45:00Z,NO2,90.04,15
2026-01-09T15:45:00Z,NO3,90.15,15
2026-01-09T15:45:00Z,NO4,34.80,15
2026-01-09T15:45:00Z,NO5,90.05,15
2026-01-09T15:45:00Z,PL,161.38,15
2026-01-09T15:45:00Z,PT,59.33,15
2026-01-09T15:45:00Z,RO,252.70,15
2026-01-09T15:45:00Z,RS,222.00,15
2026-01-09T15:45:00Z,SE1,84.02,15
2026-01-09T15:45:00Z,SE2,89.97,15
2026-01-09T15:45:00Z,SE3,89.98,15
2026-01-09T15:45:00Z,SE4,89.99,15
2026-01-09T15:45:00Z,SI,220.74,15
2026-01-09T15:45:00Z,SK,167.54,15
2026-01-09T16:00:00Z,AT,143.98,15
2026-01-09T16:00:00Z,BE,92.90,15
2026-01-09T16:00:00Z,CH,129.08,60
2026-01-09T16:00:00Z,CZ,125.49,15
2026-01-09T16:00:00Z,DE-LU,92.78,15
2026-01-09T16:00:00Z,DK1,92.78,15
2026-01-09T16:00:00Z,DK2,92.78,15
2026-01-09T16:00:00Z,EE,140.12,15
2026-01-09T16:00:00Z,ES,52.16,15
2026-01-09T16:00:00Z,FI,139.97,15
2026-01-09T16:00:00Z,FR,92.78,15
2026-01-09T16:00:00Z,GR,131.74,15
2026-01-09T16:00:00Z,HR,141.55,15
2026-01-09T16:00:00Z,HU,148.98,15
2026-01-09T16:00:00Z,IT-CNorth,139.09,15
2026-01-09T16:00:00Z,IT-CSouth,139.09,15
2026-01-09T16:00:00Z,IT-North,139.09,15
2026-01-09T16:00:00Z,IT-Sardinia,139.09,15
2026-01-09T16:00:00Z,IT-Sicily,139.09,15
2026-01-09T16:00:00Z,IT-South,139.09,15
2026-01-09T16:00:00Z,LT,140.12,15
2026-01-09T16:00:00Z,LV,140.12,15
2026-01-09T16:00:00Z,NL,92.78,15
2026-01-09T16:00:00Z,NO1,92.82,15
2026-01-09T16:00:00Z,NO2,92.82,15
2026-01-09T16:00:00Z,NO3,92.91,15
2026-01-09T16:00:00Z,NO4,31.38,15
2026-01-09T16:00:00Z,NO5,92.83,15
2026-01-09T16:00:00Z,PL,140.12,15
2026-01-09T16:00:00Z,PT,52.16,15
2026-01-09T16:00:00Z,RO,148.18,15
2026-01-09T16:00:00Z,RS,209.18,15
2026-01-09T16:00:00Z,SE1,86.22,15
2026-01-09T16:00:00Z,SE2,92.76,15
2026-01-09T16:00:00Z,SE3,92.77,15
2026-01-09T16:00:00Z,SE4,92.78,15
2026-01-09T16:00:00Z,SI,139.44,15
2026-01-09T16:00:00Z,SK,143.03,15
2026-01-09T16:15:00Z,AT,143.99,15
2026-01-09T16:15:00Z,BE,92.77,15
2026-01-09T16:15:00Z,CZ,127.43,15
2026-01-09T16:15:00Z,DE-LU,92.77,15
2026-01-09T16:15:00Z,DK1,92.77,15
2026-01-09T16:15:00Z,DK2,92.77,15
2026-01-09T16:15:00Z,EE,146.47,15
2026-01-09T16:15:00Z,ES,69.00,15
2026-01-09T16:15:00Z,FI,146.32,15
2026-01-09T16:15:00Z,FR,90.24,15
2026-01-09T16:15:00Z,GR,145.45,15
2026-01-09T16:15:00Z,HR,141.08,15
2026-01-09T16:15:00Z,HU,146.10,15
2026-01-09T16:15:00Z,IT-CNorth,135.66,15
2026-01-09T16:15:00Z,IT-CSouth,135.66,15
2026-01-09T16:15:00Z,IT-North,135.66,15
2026-01-09T16:15:00Z,IT-Sardinia,135.66,15
2026-01-09T16:15:00Z,IT-Sicily,135.66,15
2026-01-09T16:15:00Z,IT-South,135.66,15
2026-01-09T16:15:00Z,LT,146.47,15
2026-01-09T16:15:00Z,LV,146.47,15
2026-01-09T16:15:00Z,NL,94.03,15
2026-01-09T16:15:00Z,NO1,92.82,15
2026-01-09T16:15:00Z,NO2,92.81,15
2026-01-09T16:15:00Z,NO3,92.92,15
2026-01-09T16:15:00Z,NO4,32.94,15
2026-01-09T16:15:00Z,NO5,92.83,15
2026-01-09T16:15:00Z,PL,146.47,15
2026-01-09T16:15:00Z,PT,69.00,15
2026-01-09T16:15:00Z,RO,145.45,15
2026-01-09T16:15:00Z,RS,209.18,15
2026-01-09T16:15:00Z,SE1,86.34,15
2026-01-09T16:15:00Z,SE2,92.75,15
2026-01-09T16:15:00Z,SE3,92.76,15
2026-01-09T16:15:00Z,SE4,92.77,15
2026-01-09T16:15:00Z,SI,139.87,15
2026-01-09T16:15:00Z,SK,144.05,15
2026-01-09T16:30:00Z,AT,181.10,15
2026-01-09T16:30:00Z,BE,90.63,15
2026-01-09T16:30:00Z,CZ,122.35,15
2026-01-09T16:30:00Z,DE-LU,91.07,15
2026-01-09T16:30:00Z,DK1,91.07,15
2026-01-09T16:30:00Z,DK2,91.07,15
2026-01-09T16:30:00Z,EE,123.39,15
2026-01-09T16:30:00Z,ES,78.01,15
2026-01-09T16:30:00Z,FI,123.26,15
2026-01-09T16:30:00Z,FR,91.07,15
2026-01-09T16:30:00Z,GR,141.15,15
2026-01-09T16:30:00Z,HR,176.65,15
2026-01-09T16:30:00Z,HU,202.79,15
2026-01-09T16:30:00Z,IT-CNorth,133.75,15
2026-01-09T16:30:00Z,IT-CSouth,133.75,15
2026-01-09T16:30:00Z,IT-North,133.75,15
2026-01-09T16:30:00Z,IT-Sardinia,133.75,15
2026-01-09T16:30:00Z,IT-Sicily,133.75,15
2026-01-09T16:30:00Z,IT-South,133.75,15
2026-01-09T16:30:00Z,LT,123.39,15
2026-01-09T16:30:00Z,LV,123.39,15
2026-01-09T16:30:00Z,NL,94.11,15
2026-01-09T16:30:00Z,NO1,91.11,15
2026-01-09T16:30:00Z,NO2,91.10,15
2026-01-09T16:30:00Z,NO3,91.17,15
2026-01-09T16:30:00Z,NO4,32.95,15
2026-01-09T16:30:00Z,NO5,91.11,15
2026-01-09T16:30:00Z,PL,123.39,15
2026-01-09T16:30:00Z,PT,78.01,15
2026-01-09T16:30:00Z,RO,195.33,15
2026-01-09T16:30:00Z,RS,209.18,15
2026-01-09T16:30:00Z,SE1,84.93,15
2026-01-09T16:30:00Z,SE2,91.06,15
2026-01-09T16:30:00Z,SE3,91.07,15
2026-01-09T16:30:00Z,SE4,91.07,15
2026-01-09T16:30:00Z,SI,169.20,15
2026-01-09T16:30:00Z,SK,144.46,15
2026-01-09T16:45:00Z,AT,245.90,15
2026-01-09T16:45:00Z,BE,93.37,15
2026-01-09T16:45:00Z,CZ,143.53,15
2026-01-09T16:45:00Z,DE-LU,93.46,15
2026-01-09T16:45:00Z,DK1,93.46,15
2026-01-09T16:45:00Z,DK2,93.46,15
2026-01-09T16:45:00Z,EE,122.91,15
2026-01-09T16:45:00Z,ES,85.95,15
2026-01-09T16:45:00Z,FI,122.78,15
2026-01-09T16:45:00Z,FR,98.75,15
2026-01-09T16:45:00Z,GR,123.91,15
2026-01-09T16:45:00Z,HR,244.97,15
2026-01-09T16:45:00Z,HU,297.82,15
2026-01-09T16:45:00Z,IT-CNorth,133.75,15
2026-01-09T16:45:00Z,IT-CSouth,133.75,15
2026-01-09T16:45:00Z,IT-North,133.75,15
2026-01-09T16:45:00Z,IT-Sardinia,133.75,15
2026-01-09T16:45:00Z,IT-Sicily,133.75,15
2026-01-09T16:45:00Z,IT-South,133.75,15
2026-01-09T16:45:00Z,LT,122.91,15
2026-01-09T16:45:00Z,LV,122.91,15
2026-01-09T16:45:00Z,NL,95.08,15
2026-01-09T16:45:00Z,NO1,93.49,15
2026-01-09T16:45:00Z,NO2,93.49,15
2026-01-09T16:45:00Z,NO3,93.55,15
2026-01-09T16:45:00Z,NO4,32.95,15
2026-01-09T16:45:00Z,NO5,93.50,15
2026-01-09T16:45:00Z,PL,137.22,15
2026-01-09T16:45:00Z,PT,85.95,15
2026-01-09T16:45:00Z,RO,275.54,15
2026-01-09T16:45:00Z,RS,209.18,15
2026-01-09T16:45:00Z,SE1,87.09,15
2026-01-09T16:45:00Z,SE2,93.45,15
2026-01-09T16:45:00Z,SE3,93.45,15
2026-01-09T16:45:00Z,SE4,93.46,15
2026-01-09T16:45:00Z,SI,230.69,15
2026-01-09T16:45:00Z,SK,150.30,15
2026-01-09T17:00:00Z,AT,143.99,15
2026-01-09T17:00:00Z,BE,90.00,15
2026-01-09T17:00:00Z,CH,129.71,60
2026-01-09T17:00:00Z,CZ,111.87,15
2026-01-09T17:00:00Z,DE-LU,89.98,15
2026-01-09T17:00:00Z,DK1,88.24,15
2026-01-09T17:00:00Z,DK2,89.37,15
2026-01-09T17:00:00Z,EE,116.30,15
2026-01-09T17:00:00Z,ES,82.00,15
2026-01-09T17:00:00Z,FI,116.18,15
2026-01-09T17:00:00Z,FR,92.88,15
2026-01-09T17:00:00Z,GR,151.51,15
2026-01-09T17:00:00Z,HR,144.23,15
2026-01-09T17:00:00Z,HU,163.41,15
2026-01-09T17:00:00Z,IT-CNorth,133.75,15
2026-01-09T17:00:00Z,IT-CSouth,133.75,15
2026-01-09T17:00:00Z,IT-North,133.75,15
2026-01-09T17:00:00Z,IT-Sardinia,133.75,15
2026-01-09T17:00:00Z,IT-Sicily,133.75,15
2026-01-09T17:00:00Z,IT-South,133.75,15
2026-01-09T17:00:00Z,LT,116.30,15
2026-01-09T17:00:00Z,LV,116.30,15
2026-01-09T17:00:00Z,NL,90.10,15
2026-01-09T17:00:00Z,NO1,89.40,15
2026-01-09T17:00:00Z,NO2,89.40,15
2026-01-09T17:00:00Z,NO3,89.45,15
2026-01-09T17:00:00Z,NO4,32.96,15
2026-01-09T17:00:00Z,NO5,89.40,15
2026-01-09T17:00:00Z,PL,116.30,15
2026-01-09T17:00:00Z,PT,82.00,15
2026-01-09T17:00:00Z,RO,162.10,15
2026-01-09T17:00:00Z,RS,180.07,15
2026-01-09T17:00:00Z,SE1,83.28,15
2026-01-09T17:00:00Z,SE2,89.36,15
2026-01-09T17:00:00Z,SE3,89.36,15
2026-01-09T17:00:00Z,SE4,89.37,15
2026-01-09T17:00:00Z,SI,137.71,15
2026-01-09T17:00:00Z,SK,140.37,15
2026-01-09T17:15:00Z,AT,164.69,15
2026-01-09T17:15:00Z,BE,93.35,15
2026-01-09T17:15:00Z,CZ,117.05,15
2026-01-09T17:15:00Z,DE-LU,93.62,15
2026-01-09T17:15:00Z,DK1,89.98,15
2026-01-09T17:15:00Z,DK2,92.34,15
2026-01-09T17:15:00Z,EE,128.16,15
2026-01-09T17:15:00Z,ES,85.00,15
2026-01-09T17:15:00Z,FI,128.02,15
2026-01-09T17:15:00Z,FR,97.02,15
2026-01-09T17:15:00Z,GR,131.74,15
2026-01-09T17:15:00Z,HR,165.07,15
2026-01-09T17:15:00Z,HU,191.78,15
2026-01-09T17:15:00Z,IT-CNorth,133.75,15
2026-01-09T17:15:00Z,IT-CSouth,133.75,15
2026-01-09T17:15:00Z,IT-North,133.75,15
2026-01-09T17:15:00Z,IT-Sardinia,133.75,15
2026-01-09T17:15:00Z,IT-Sicily,133.75,15
2026-01-09T17:15:00Z,IT-South,133.75,15
2026-01-09T17:15:00Z,LT,128.16,15
2026-01-09T17:15:00Z,LV,128.16,15
2026-01-09T17:15:00Z,NL,93.87,15
2026-01-09T17:15:00Z,NO1,91.40,15
2026-01-09T17:15:00Z,NO2,91.40,15
2026-01-09T17:15:00Z,NO3,91.47,15
2026-01-09T17:15:00Z,NO4,32.95,15
2026-01-09T17:15:00Z,NO5,91.41,15
2026-01-09T17:15:00Z,PL,128.16,15
2026-01-09T17:15:00Z,PT,85.00,15
2026-01-09T17:15:00Z,RO,190.14,15
2026-01-09T17:15:00Z,RS,180.07,15
2026-01-09T17:15:00Z,SE1,85.02,15
2026-01-09T17:15:00Z,SE2,91.35,15
2026-01-09T17:15:00Z,SE3,91.36,15
2026-01-09T17:15:00Z,SE4,91.37,15
2026-01-09T17:15:00Z,SI,155.91,15
2026-01-09T17:15:00Z,SK,159.38,15
2026-01-09T17:30:00Z,AT,159.93,15
2026-01-09T17:30:00Z,BE,93.63,15
2026-01-09T17:30:00Z,CZ,115.65,15
2026-01-09T17:30:00Z,DE-LU,93.87,15
2026-01-09T17:30:00Z,DK1,90.22,15
2026-01-09T17:30:00Z,DK2,92.59,15
2026-01-09T17:30:00Z,EE,125.98,15
2026-01-09T17:30:00Z,ES,86.22,15
2026-01-09T17:30:00Z,FI,125.84,15
2026-01-09T17:30:00Z,FR,97.04,15
2026-01-09T17:30:00Z,GR,130.11,15
2026-01-09T17:30:00Z,HR,160.29,15
2026-01-09T17:30:00Z,HU,185.12,15
2026-01-09T17:30:00Z,IT-CNorth,133.75,15
2026-01-09T17:30:00Z,IT-CSouth,133.75,15
2026-01-09T17:30:00Z,IT-North,133.75,15
2026-01-09T17:30:00Z,IT-Sardinia,133.75,15
2026-01-09T17:30:00Z,IT-Sicily,133.75,15
2026-01-09T17:30:00Z,IT-South,133.75,15
2026-01-09T17:30:00Z,LT,125.98,15
2026-01-09T17:30:00Z,LV,125.98,15
2026-01-09T17:30:00Z,NL,94.12,15
2026-01-09T17:30:00Z,NO1,91.65,15
2026-01-09T17:30:00Z,NO2,91.65,15
2026-01-09T17:30:00Z,NO3,91.72,15
2026-01-09T17:30:00Z,NO4,32.94,15
2026-01-09T17:30:00Z,NO5,91.66,15
2026-01-09T17:30:00Z,PL,125.98,15
2026-01-09T17:30:00Z,PT,86.22,15
2026-01-09T17:30:00Z,RO,183.60,15
2026-01-09T17:30:00Z,RS,180.07,15
2026-01-09T17:30:00Z,SE1,85.25,15
2026-01-09T17:30:00Z,SE2,91.60,15
2026-01-09T17:30:00Z,SE3,91.61,15
2026-01-09T17:30:00Z,SE4,91.62,15
2026-01-09T17:30:00Z,SI,151.77,15
2026-01-09T17:30:00Z,SK,155.00,15
2026-01-09T17:45:00Z,AT,171.40,15
2026-01-09T17:45:00Z,BE,88.86,15
2026-01-09T17:45:00Z,CZ,116.29,15
2026-01-09T17:45:00Z,DE-LU,89.18,15
2026-01-09T17:45:00Z,DK1,85.71,15
2026-01-09T17:45:00Z,DK2,87.96,15
2026-01-09T17:45:00Z,EE,115.40,15
2026-01-09T17:45:00Z,ES,86.94,15
2026-01-09T17:45:00Z,FI,110.00,15
2026-01-09T17:45:00Z,FR,93.11,15
2026-01-09T17:45:00Z,GR,121.64,15
2026-01-09T17:45:00Z,HR,171.83,15
2026-01-09T17:45:00Z,HU,202.72,15
2026-01-09T17:45:00Z,IT-CNorth,133.75,15
2026-01-09T17:45:00Z,IT-CSouth,133.75,15
2026-01-09T17:45:00Z,IT-North,133.75,15
2026-01-09T17:45:00Z,IT-Sardinia,133.75,15
2026-01-09T17:45:00Z,IT-Sicily,133.75,15
2026-01-09T17:45:00Z,IT-South,133.75,15
2026-01-09T17:45:00Z,LT,115.40,15
2026-01-09T17:45:00Z,LV,115.40,15
2026-01-09T17:45:00Z,NL,89.42,15
2026-01-09T17:45:00Z,NO1,87.06,15
2026-01-09T17:45:00Z,NO2,87.06,15
2026-01-09T17:45:00Z,NO3,87.11,15
2026-01-09T17:45:00Z,NO4,32.95,15
2026-01-09T17:45:00Z,NO5,87.07,15
2026-01-09T17:45:00Z,PL,129.13,15
2026-01-09T17:45:00Z,PT,86.94,15
2026-01-09T17:45:00Z,RO,200.83,15
2026-01-09T17:45:00Z,RS,180.07,15
2026-01-09T17:45:00Z,SE1,81.21,15
2026-01-09T17:45:00Z,SE2,87.03,15
2026-01-09T17:45:00Z,SE3,87.03,15
2026-01-09T17:45:00Z,SE4,87.04,15
2026-01-09T17:45:00Z,SI,161.24,15
2026-01-09T17:45:00Z,SK,165.25,15
2026-01-09T18:00:00Z,AT,153.97,15
2026-01-09T18:00:00Z,BE,89.67,15
2026-01-09T18:00:00Z,CH,131.90,60
2026-01-09T18:00:00Z,CZ,111.05,15
2026-01-09T18:00:00Z,DE-LU,89.94,15
2026-01-09T18:00:00Z,DK1,86.31,15
2026-01-09T18:00:00Z,DK2,88.67,15
2026-01-09T18:00:00Z,EE,121.40,15
2026-01-09T18:00:00Z,ES,91.13,15
2026-01-09T18:00:00Z,FI,126.55,15
2026-01-09T18:00:00Z,FR,92.96,15
2026-01-09T18:00:00Z,GR,128.58,15
2026-01-09T18:00:00Z,HR,154.29,15
2026-01-09T18:00:00Z,HU,178.50,15
2026-01-09T18:00:00Z,IT-CNorth,133.66,15
2026-01-09T18:00:00Z,IT-CSouth,133.66,15
2026-01-09T18:00:00Z,IT-North,133.66,15
2026-01-09T18:00:00Z,IT-Sardinia,133.66,15
2026-01-09T18:00:00Z,IT-Sicily,133.66,15
2026-01-09T18:00:00Z,IT-South,133.66,15
2026-01-09T18:00:00Z,LT,121.40,15
2026-01-09T18:00:00Z,LV,121.40,15
2026-01-09T18:00:00Z,NL,90.19,15
2026-01-09T18:00:00Z,NO1,87.65,15
2026-01-09T18:00:00Z,NO2,87.64,15
2026-01-09T18:00:00Z,NO3,87.72,15
2026-01-09T18:00:00Z,NO4,29.63,15
2026-01-09T18:00:00Z,NO5,87.65,15
2026-01-09T18:00:00Z,PL,121.40,15
2026-01-09T18:00:00Z,PT,91.13,15
2026-01-09T18:00:00Z,RO,177.04,15
2026-01-09T18:00:00Z,RS,144.06,15
2026-01-09T18:00:00Z,SE1,81.19,15
2026-01-09T18:00:00Z,SE2,87.59,15
2026-01-09T18:00:00Z,SE3,87.60,15
2026-01-09T18:00:00Z,SE4,87.61,15
2026-01-09T18:00:00Z,SI,146.09,15
2026-01-09T18:00:00Z,SK,148.06,15
2026-01-09T18:15:00Z,AT,143.91,15
2026-01-09T18:15:00Z,BE,88.85,15
2026-01-09T18:15:00Z,CZ,130.00,15
2026-01-09T18:15:00Z,DE-LU,86.95,15
2026-01-09T18:15:00Z,DK1,83.58,15
2026-01-09T18:15:00Z,DK2,85.77,15
2026-01-09T18:15:00Z,EE,112.49,15
2026-01-09T18:15:00Z,ES,92.53,15
2026-01-09T18:15:00Z,FI,112.37,15
2026-01-09T18:15:00Z,FR,92.53,15
2026-01-09T18:15:00Z,GR,120.07,15
2026-01-09T18:15:00Z,HR,145.05,15
2026-01-09T18:15:00Z,HU,155.00,15
2026-01-09T18:15:00Z,IT-CNorth,133.66,15
2026-01-09T18:15:00Z,IT-CSouth,133.66,15
2026-01-09T18:15:00Z,IT-North,133.66,15
2026-01-09T18:15:00Z,IT-Sardinia,133.66,15
2026-01-09T18:15:00Z,IT-Sicily,133.66,15
2026-01-09T18:15:00Z,IT-South,133.66,15
2026-01-09T18:15:00Z,LT,112.49,15
2026-01-09T18:15:00Z,LV,112.49,15
2026-01-09T18:15:00Z,NL,87.19,15
2026-01-09T18:15:00Z,NO1,84.90,15
2026-01-09T18:15:00Z,NO2,84.89,15
2026-01-09T18:15:00Z,NO3,84.95,15
2026-01-09T18:15:00Z,NO4,30.03,15
2026-01-09T18:15:00Z,NO5,84.90,15
2026-01-09T18:15:00Z,PL,112.49,15
2026-01-09T18:15:00Z,PT,92.53,15
2026-01-09T18:15:00Z,RO,152.56,15
2026-01-09T18:15:00Z,RS,144.06,15
2026-01-09T18:15:00Z,SE1,78.85,15
2026-01-09T18:15:00Z,SE2,84.86,15
2026-01-09T18:15:00Z,SE3,84.86,15
2026-01-09T18:15:00Z,SE4,84.87,15
2026-01-09T18:15:00Z,SI,142.25,15
2026-01-09T18:15:00Z,SK,155.00,15
2026-01-09T18:30:00Z,AT,170.79,15
2026-01-09T18:30:00Z,BE,86.30,15
2026-01-09T18:30:00Z,CZ,105.80,15
2026-01-09T18:30:00Z,DE-LU,85.66,15
2026-01-09T18:30:00Z,DK1,83.11,15
2026-01-09T18:30:00Z,DK2,84.77,15
2026-01-09T18:30:00Z,EE,112.48,15
2026-01-09T18:30:00Z,ES,91.05,15
2026-01-09T18:30:00Z,FI,112.36,15
2026-01-09T18:30:00Z,FR,91.05,15
2026-01-09T18:30:00Z,GR,152.82,15
2026-01-09T18:30:00Z,HR,172.46,15
2026-01-09T18:30:00Z,HU,192.99,15
2026-01-09T18:30:00Z,IT-CNorth,128.50,15
2026-01-09T18:30:00Z,IT-CSouth,128.50,15
2026-01-09T18:30:00Z,IT-North,128.50,15
2026-01-09T18:30:00Z,IT-Sardinia,128.50,15
2026-01-09T18:30:00Z,IT-Sicily,128.50,15
2026-01-09T18:30:00Z,IT-South,128.50,15
2026-01-09T18:30:00Z,LT,112.48,15
2026-01-09T18:30:00Z,LV,112.48,15
2026-01-09T18:30:00Z,NL,85.84,15
2026-01-09T18:30:00Z,NO1,84.62,15
2026-01-09T18:30:00Z,NO2,84.62,15
2026-01-09T18:30:00Z,NO3,84.67,15
2026-01-09T18:30:00Z,NO4,32.94,15
2026-01-09T18:30:00Z,NO5,84.62,15
2026-01-09T18:30:00Z,PL,112.48,15
2026-01-09T18:30:00Z,PT,91.05,15
2026-01-09T18:30:00Z,RO,189.17,15
2026-01-09T18:30:00Z,RS,144.06,15
2026-01-09T18:30:00Z,SE1,78.91,15
2026-01-09T18:30:00Z,SE2,84.58,15
2026-01-09T18:30:00Z,SE3,84.58,15
2026-01-09T18:30:00Z,SE4,84.59,15
2026-01-09T18:30:00Z,SI,165.95,15
2026-01-09T18:30:00Z,SK,192.99,15
2026-01-09T18:45:00Z,AT,143.04,15
2026-01-09T18:45:00Z,BE,87.15,15
2026-01-09T18:45:00Z,CZ,101.41,15
2026-01-09T18:45:00Z,DE-LU,86.57,15
2026-01-09T18:45:00Z,DK1,82.21,15
2026-01-09T18:45:00Z,DK2,84.49,15
2026-01-09T18:45:00Z,EE,109.16,15
2026-01-09T18:45:00Z,ES,90.29,15
2026-01-09T18:45:00Z,FI,109.05,15
2026-01-09T18:45:00Z,FR,90.29,15
2026-01-09T18:45:00Z,GR,118.72,15
2026-01-09T18:45:00Z,HR,144.14,15
2026-01-09T18:45:00Z,HU,157.37,15
2026-01-09T18:45:00Z,IT-CNorth,124.37,15
2026-01-09T18:45:00Z,IT-CSouth,124.37,15
2026-01-09T18:45:00Z,IT-North,124.37,15
2026-01-09T18:45:00Z,IT-Sardinia,124.37,15
2026-01-09T18:45:00Z,IT-Sicily,124.37,15
2026-01-09T18:45:00Z,IT-South,124.37,15
2026-01-09T18:45:00Z,LT,109.16,15
2026-01-09T18:45:00Z,LV,109.16,15
2026-01-09T18:45:00Z,NL,86.87,15
2026-01-09T18:45:00Z,NO1,84.51,15
2026-01-09T18:45:00Z,NO2,84.51,15
2026-01-09T18:45:00Z,NO3,84.56,15
2026-01-09T18:45:00Z,NO4,30.45,15
2026-01-09T18:45:00Z,NO5,84.52,15
2026-01-09T18:45:00Z,PL,109.16,15
2026-01-09T18:45:00Z,PT,90.29,15
2026-01-09T18:45:00Z,RO,155.00,15
2026-01-09T18:45:00Z,RS,144.06,15
2026-01-09T18:45:00Z,SE1,78.57,15
2026-01-09T18:45:00Z,SE2,84.48,15
2026-01-09T18:45:00Z,SE3,84.48,15
2026-01-09T18:45:00Z,SE4,84.49,15
2026-01-09T18:45:00Z,SI,139.94,15
2026-01-09T18:45:00Z,SK,157.37,15
2026-01-09T19:00:00Z,AT,184.20,15
2026-01-09T19:00:00Z,BE,85.17,15
2026-01-09T19:00:00Z,CH,125.30,60
2026-01-09T19:00:00Z,CZ,107.38,15
2026-01-09T19:00:00Z,DE-LU,83.55,15
2026-01-09T19:00:00Z,DK1,83.55,15
2026-01-09T19:00:00Z,DK2,84.10,15
2026-01-09T19:00:00Z,EE,113.42,15
2026-01-09T19:00:00Z,ES,90.38,15
2026-01-09T19:00:00Z,FI,113.31,15
2026-01-09T19:00:00Z,FR,90.38,15
2026-01-09T19:00:00Z,GR,159.86,15
2026-01-09T19:00:00Z,HR,182.67,15
2026-01-09T19:00:00Z,HU,203.77,15
2026-01-09T19:00:00Z,IT-CNorth,133.66,15
2026-01-09T19:00:00Z,IT-CSouth,133.66,15
2026-01-09T19:00:00Z,IT-North,133.66,15
2026-01-09T19:00:00Z,IT-Sardinia,133.66,15
2026-01-09T19:00:00Z,IT-Sicily,133.66,15
2026-01-09T19:00:00Z,IT-South,133.66,15
2026-01-09T19:00:00Z,LT,113.42,15
2026-01-09T19:00:00Z,LV,113.42,15
2026-01-09T19:00:00Z,NL,86.90,15
2026-01-09T19:00:00Z,NO1,84.12,15
2026-01-09T19:00:00Z,NO2,84.12,15
2026-01-09T19:00:00Z,NO3,84.18,15
2026-01-09T19:00:00Z,NO4,32.96,15
2026-01-09T19:00:00Z,NO5,84.13,15
2026-01-09T19:00:00Z,PL,113.42,15
2026-01-09T19:00:00Z,PT,90.38,15
2026-01-09T19:00:00Z,RO,199.24,15
2026-01-09T19:00:00Z,RS,135.09,15
2026-01-09T19:00:00Z,SE1,79.54,15
2026-01-09T19:00:00Z,SE2,84.08,15
2026-01-09T19:00:00Z,SE3,84.09,15
2026-01-09T19:00:00Z,SE4,84.10,15
2026-01-09T19:00:00Z,SI,176.42,15
2026-01-09T19:00:00Z,SK,203.77,15
2026-01-09T19:15:00Z,AT,143.96,15
2026-01-09T19:15:00Z,BE,84.26,15
2026-01-09T19:15:00Z,CZ,101.43,15
2026-01-09T19:15:00Z,DE-LU,82.79,15
2026-01-09T19:15:00Z,DK1,82.79,15
2026-01-09T19:15:00Z,DK2,82.79,15
2026-01-09T19:15:00Z,EE,110.10,15
2026-01-09T19:15:00Z,ES,87.40,15
2026-01-09T19:15:00Z,FI,109.99,15
2026-01-09T19:15:00Z,FR,87.40,15
2026-01-09T19:15:00Z,GR,125.26,15
2026-01-09T19:15:00Z,HR,143.17,15
2026-01-09T19:15:00Z,HU,155.24,15
2026-01-09T19:15:00Z,IT-CNorth,126.34,15
2026-01-09T19:15:00Z,IT-CSouth,126.34,15
2026-01-09T19:15:00Z,IT-North,126.34,15
2026-01-09T19:15:00Z,IT-Sardinia,126.34,15
2026-01-09T19:15:00Z,IT-Sicily,126.34,15
2026-01-09T19:15:00Z,IT-South,126.34,15
2026-01-09T19:15:00Z,LT,110.10,15
2026-01-09T19:15:00Z,LV,110.10,15
2026-01-09T19:15:00Z,NL,85.55,15
2026-01-09T19:15:00Z,NO1,82.82,15
2026-01-09T19:15:00Z,NO2,82.82,15
2026-01-09T19:15:00Z,NO3,82.87,15
2026-01-09T19:15:00Z,NO4,32.96,15
2026-01-09T19:15:00Z,NO5,82.82,15
2026-01-09T19:15:00Z,PL,110.10,15
2026-01-09T19:15:00Z,PT,87.40,15
2026-01-09T19:15:00Z,RO,152.81,15
2026-01-09T19:15:00Z,RS,135.09,15
2026-01-09T19:15:00Z,SE1,78.35,15
2026-01-09T19:15:00Z,SE2,82.78,15
2026-01-09T19:15:00Z,SE3,82.78,15
2026-01-09T19:15:00Z,SE4,82.79,15
2026-01-09T19:15:00Z,SI,139.60,15
2026-01-09T19:15:00Z,SK,155.24,15
2026-01-09T19:30:00Z,AT,142.91,15
2026-01-09T19:30:00Z,BE,83.54,15
2026-01-09T19:30:00Z,CZ,99.52,15
2026-01-09T19:30:00Z,DE-LU,82.15,15
2026-01-09T19:30:00Z,DK1,82.15,15
2026-01-09T19:30:00Z,DK2,82.15,15
2026-01-09T19:30:00Z,EE,105.00,15
2026-01-09T19:30:00Z,ES,86.64,15
2026-01-09T19:30:00Z,FI,104.90,15
2026-01-09T19:30:00Z,FR,86.64,15
2026-01-09T19:30:00Z,GR,114.54,15
2026-01-09T19:30:00Z,HR,142.11,15
2026-01-09T19:30:00Z,HU,154.33,15
2026-01-09T19:30:00Z,IT-CNorth,123.45,15
2026-01-09T19:30:00Z,IT-CSouth,123.45,15
2026-01-09T19:30:00Z,IT-North,123.45,15
2026-01-09T19:30:00Z,IT-Sardinia,123.45,15
2026-01-09T19:30:00Z,IT-Sicily,123.45,15
2026-01-09T19:30:00Z,IT-South,123.45,15
2026-01-09T19:30:00Z,LT,105.00,15
2026-01-09T19:30:00Z,LV,105.00,15
2026-01-09T19:30:00Z,NL,84.89,15
2026-01-09T19:30:00Z,NO1,82.17,15
2026-01-09T19:30:00Z,NO2,82.17,15
2026-01-09T19:30:00Z,NO3,82.22,15
2026-01-09T19:30:00Z,NO4,32.99,15
2026-01-09T19:30:00Z,NO5,82.18,15
2026-01-09T19:30:00Z,PL,106.78,15
2026-01-09T19:30:00Z,PT,86.64,15
2026-01-09T19:30:00Z,RO,151.82,15
2026-01-09T19:30:00Z,RS,135.09,15
2026-01-09T19:30:00Z,SE1,77.79,15
2026-01-09T19:30:00Z,SE2,82.14,15
2026-01-09T19:30:00Z,SE3,82.14,15
2026-01-09T19:30:00Z,SE4,82.15,15
2026-01-09T19:30:00Z,SI,138.50,15
2026-01-09T19:30:00Z,SK,154.33,15
2026-01-09T19:45:00Z,AT,129.10,15
2026-01-09T19:45:00Z,BE,83.46,15
2026-01-09T19:45:00Z,CZ,97.62,15
2026-01-09T19:45:00Z,DE-LU,82.72,15
2026-01-09T19:45:00Z,DK1,82.72,15
2026-01-09T19:45:00Z,DK2,82.72,15
2026-01-09T19:45:00Z,EE,90.63,15
2026-01-09T19:45:00Z,ES,85.98,15
2026-01-09T19:45:00Z,FI,82.63,15
2026-01-09T19:45:00Z,FR,85.98,15
2026-01-09T19:45:00Z,GR,105.99,15
2026-01-09T19:45:00Z,HR,128.34,15
2026-01-09T19:45:00Z,HU,137.23,15
2026-01-09T19:45:00Z,IT-CNorth,122.20,15
2026-01-09T19:45:00Z,IT-CSouth,122.20,15
2026-01-09T19:45:00Z,IT-North,122.20,15
2026-01-09T19:45:00Z,IT-Sardinia,122.20,15
2026-01-09T19:45:00Z,IT-Sicily,122.20,15
2026-01-09T19:45:00Z,IT-South,122.20,15
2026-01-09T19:45:00Z,LT,90.63,15
2026-01-09T19:45:00Z,LV,90.63,15
2026-01-09T19:45:00Z,NL,83.46,15
2026-01-09T19:45:00Z,NO1,82.72,15
2026-01-09T19:45:00Z,NO2,82.72,15
2026-01-09T19:45:00Z,NO3,82.73,15
2026-01-09T19:45:00Z,NO4,32.98,15
2026-01-09T19:45:00Z,NO5,82.72,15
2026-01-09T19:45:00Z,PL,104.89,15
2026-01-09T19:45:00Z,PT,85.98,15
2026-01-09T19:45:00Z,RO,135.44,15
2026-01-09T19:45:00Z,RS,135.09,15
2026-01-09T19:45:00Z,SE1,78.42,15
2026-01-09T19:45:00Z,SE2,82.72,15
2026-01-09T19:45:00Z,SE3,82.72,15
2026-01-09T19:45:00Z,SE4,82.72,15
2026-01-09T19:45:00Z,SI,125.74,15
2026-01-09T19:45:00Z,SK,137.23,15
2026-01-09T20:00:00Z,AT,140.99,15
2026-01-09T20:00:00Z,BE,86.53,15
2026-01-09T20:00:00Z,CH,121.49,60
2026-01-09T20:00:00Z,CZ,103.88,15
2026-01-09T20:00:00Z,DE-LU,84.21,15
2026-01-09T20:00:00Z,DK1,84.21,15
2026-01-09T20:00:00Z,DK2,84.21,15
2026-01-09T20:00:00Z,EE,109.16,15
2026-01-09T20:00:00Z,ES,87.53,15
2026-01-09T20:00:00Z,FI,116.96,15
2026-01-09T20:00:00Z,FR,87.53,15
2026-01-09T20:00:00Z,GR,114.95,15
2026-01-09T20:00:00Z,HR,136.22,15
2026-01-09T20:00:00Z,HU,143.11,15
2026-01-09T20:00:00Z,IT-CNorth,133.31,15
2026-01-09T20:00:00Z,IT-CSouth,133.31,15
2026-01-09T20:00:00Z,IT-North,133.31,15
2026-01-09T20:00:00Z,IT-Sardinia,133.31,15
2026-01-09T20:00:00Z,IT-Sicily,133.31,15
2026-01-09T20:00:00Z,IT-South,133.31,15
2026-01-09T20:00:00Z,LT,109.16,15
2026-01-09T20:00:00Z,LV,109.16,15
2026-01-09T20:00:00Z,NL,91.45,15
2026-01-09T20:00:00Z,NO1,84.24,15
2026-01-09T20:00:00Z,NO2,84.24,15
2026-01-09T20:00:00Z,NO3,84.30,15
2026-01-09T20:00:00Z,NO4,33.00,15
2026-01-09T20:00:00Z,NO5,84.25,15
2026-01-09T20:00:00Z,PL,109.16,15
2026-01-09T20:00:00Z,PT,87.53,15
2026-01-09T20:00:00Z,RO,140.45,15
2026-01-09T20:00:00Z,RS,70.03,15
2026-01-09T20:00:00Z,SE1,79.78,15
2026-01-09T20:00:00Z,SE2,84.19,15
2026-01-09T20:00:00Z,SE3,84.20,15
2026-01-09T20:00:00Z,SE4,84.21,15
2026-01-09T20:00:00Z,SI,134.79,15
2026-01-09T20:00:00Z,SK,143.11,15
2026-01-09T20:15:00Z,AT,135.06,15
2026-01-09T20:15:00Z,BE,83.81,15
2026-01-09T20:15:00Z,CZ,100.43,15
2026-01-09T20:15:00Z,DE-LU,82.14,15
2026-01-09T20:15:00Z,DK1,82.14,15
2026-01-09T20:15:00Z,DK2,82.14,15
2026-01-09T20:15:00Z,EE,106.86,15
2026-01-09T20:15:00Z,ES,86.30,15
2026-01-09T20:15:00Z,FI,106.76,15
2026-01-09T20:15:00Z,FR,86.30,15
2026-01-09T20:15:00Z,GR,136.34,15
2026-01-09T20:15:00Z,HR,131.68,15
2026-01-09T20:15:00Z,HU,138.98,15
2026-01-09T20:15:00Z,IT-CNorth,130.00,15
2026-01-09T20:15:00Z,IT-CSouth,130.00,15
2026-01-09T20:15:00Z,IT-North,130.00,15
2026-01-09T20:15:00Z,IT-Sardinia,130.00,15
2026-01-09T20:15:00Z,IT-Sicily,130.00,15
2026-01-09T20:15:00Z,IT-South,130.00,15
2026-01-09T20:15:00Z,LT,106.86,15
2026-01-09T20:15:00Z,LV,106.86,15
2026-01-09T20:15:00Z,NL,85.67,15
2026-01-09T20:15:00Z,NO1,83.02,15
2026-01-09T20:15:00Z,NO2,82.94,15
2026-01-09T20:15:00Z,NO3,84.34,15
2026-01-09T20:15:00Z,NO4,33.00,15
2026-01-09T20:15:00Z,NO5,83.22,15
2026-01-09T20:15:00Z,PL,106.86,15
2026-01-09T20:15:00Z,PT,86.30,15
2026-01-09T20:15:00Z,RO,136.34,15
2026-01-09T20:15:00Z,RS,70.03,15
2026-01-09T20:15:00Z,SE1,77.10,15
2026-01-09T20:15:00Z,SE2,81.71,15
2026-01-09T20:15:00Z,SE3,81.98,15
2026-01-09T20:15:00Z,SE4,82.10,15
2026-01-09T20:15:00Z,SI,130.00,15
2026-01-09T20:15:00Z,SK,138.98,15
2026-01-09T20:30:00Z,AT,128.48,15
2026-01-09T20:30:00Z,BE,81.66,15
2026-01-09T20:30:00Z,CZ,97.28,15
2026-01-09T20:30:00Z,DE-LU,79.48,15
2026-01-09T20:30:00Z,DK1,79.48,15
2026-01-09T20:30:00Z,DK2,79.47,15
2026-01-09T20:30:00Z,EE,104.58,15
2026-01-09T20:30:00Z,ES,83.78,15
2026-01-09T20:30:00Z,FI,104.48,15
2026-01-09T20:30:00Z,FR,83.78,15
2026-01-09T20:30:00Z,GR,129.98,15
2026-01-09T20:30:00Z,HR,125.58,15
2026-01-09T20:30:00Z,HU,132.34,15
2026-01-09T20:30:00Z,IT-CNorth,123.99,15
2026-01-09T20:30:00Z,IT-CSouth,123.99,15
2026-01-09T20:30:00Z,IT-North,123.99,15
2026-01-09T20:30:00Z,IT-Sardinia,123.99,15
2026-01-09T20:30:00Z,IT-Sicily,123.99,15
2026-01-09T20:30:00Z,IT-South,123.99,15
2026-01-09T20:30:00Z,LT,104.58,15
2026-01-09T20:30:00Z,LV,104.58,15
2026-01-09T20:30:00Z,NL,84.59,15
2026-01-09T20:30:00Z,NO1,82.16,15
2026-01-09T20:30:00Z,NO2,81.91,15
2026-01-09T20:30:00Z,NO3,86.12,15
2026-01-09T20:30:00Z,NO4,33.02,15
2026-01-09T20:30:00Z,NO5,82.75,15
2026-01-09T20:30:00Z,PL,104.58,15
2026-01-09T20:30:00Z,PT,83.78,15
2026-01-09T20:30:00Z,RO,129.98,15
2026-01-09T20:30:00Z,RS,70.03,15
2026-01-09T20:30:00Z,SE1,72.95,15
2026-01-09T20:30:00Z,SE2,78.17,15
2026-01-09T20:30:00Z,SE3,79.02,15
2026-01-09T20:30:00Z,SE4,79.37,15
2026-01-09T20:30:00Z,SI,123.99,15
2026-01-09T20:30:00Z,SK,132.34,15
2026-01-09T20:45:00Z,AT,123.86,15
2026-01-09T20:45:00Z,BE,77.34,15
2026-01-09T20:45:00Z,CZ,89.07,15
2026-01-09T20:45:00Z,DE-LU,75.61,15
2026-01-09T20:45:00Z,DK1,75.42,15
2026-01-09T20:45:00Z,DK2,75.60,15
2026-01-09T20:45:00Z,EE,88.13,15
2026-01-09T20:45:00Z,ES,79.41,15
2026-01-09T20:45:00Z,FI,88.06,15
2026-01-09T20:45:00Z,FR,79.41,15
2026-01-09T20:45:00Z,GR,123.45,15
2026-01-09T20:45:00Z,HR,121.50,15
2026-01-09T20:45:00Z,HU,125.61,15
2026-01-09T20:45:00Z,IT-CNorth,121.50,15
2026-01-09T20:45:00Z,IT-CSouth,117.42,15
2026-01-09T20:45:00Z,IT-North,121.50,15
2026-01-09T20:45:00Z,IT-Sardinia,117.42,15
2026-01-09T20:45:00Z,IT-Sicily,117.42,15
2026-01-09T20:45:00Z,IT-South,117.42,15
2026-01-09T20:45:00Z,LT,88.13,15
2026-01-09T20:45:00Z,LV,88.13,15
2026-01-09T20:45:00Z,NL,80.69,15
2026-01-09T20:45:00Z,NO1,80.01,15
2026-01-09T20:45:00Z,NO2,79.59,15
2026-01-09T20:45:00Z,NO3,86.49,15
2026-01-09T20:45:00Z,NO4,33.12,15
2026-01-09T20:45:00Z,NO5,80.98,15
2026-01-09T20:45:00Z,PL,88.13,15
2026-01-09T20:45:00Z,PT,79.41,15
2026-01-09T20:45:00Z,RO,123.45,15
2026-01-09T20:45:00Z,RS,70.03,15
2026-01-09T20:45:00Z,SE1,67.83,15
2026-01-09T20:45:00Z,SE2,73.47,15
2026-01-09T20:45:00Z,SE3,74.85,15
2026-01-09T20:45:00Z,SE4,75.44,15
2026-01-09T20:45:00Z,SI,121.50,15
2026-01-09T20:45:00Z,SK,125.61,15
2026-01-09T21:00:00Z,AT,136.57,15
2026-01-09T21:00:00Z,BE,85.96,15
2026-01-09T21:00:00Z,CH,120.00,60
2026-01-09T21:00:00Z,CZ,105.52,15
2026-01-09T21:00:00Z,DE-LU,84.33,15
2026-01-09T21:00:00Z,DK1,83.99,15
2026-01-09T21:00:00Z,DK2,84.14,15
2026-01-09T21:00:00Z,EE,104.51,15
2026-01-09T21:00:00Z,ES,85.98,15
2026-01-09T21:00:00Z,FI,104.41,15
2026-01-09T21:00:00Z,FR,85.98,15
2026-01-09T21:00:00Z,GR,130.71,15
2026-01-09T21:00:00Z,HR,127.70,15
2026-01-09T21:00:00Z,HU,134.11,15
2026-01-09T21:00:00Z,IT-CNorth,123.45,15
2026-01-09T21:00:00Z,IT-CSouth,115.12,15
2026-01-09T21:00:00Z,IT-North,123.45,15
2026-01-09T21:00:00Z,IT-Sardinia,115.12,15
2026-01-09T21:00:00Z,IT-Sicily,115.12,15
2026-01-09T21:00:00Z,IT-South,115.12,15
2026-01-09T21:00:00Z,LT,104.51,15
2026-01-09T21:00:00Z,LV,104.51,15
2026-01-09T21:00:00Z,NL,91.67,15
2026-01-09T21:00:00Z,NO1,84.16,15
2026-01-09T21:00:00Z,NO2,84.16,15
2026-01-09T21:00:00Z,NO3,84.20,15
2026-01-09T21:00:00Z,NO4,27.63,15
2026-01-09T21:00:00Z,NO5,84.17,15
2026-01-09T21:00:00Z,PL,104.51,15
2026-01-09T21:00:00Z,PT,85.98,15
2026-01-09T21:00:00Z,RO,130.71,15
2026-01-09T21:00:00Z,RS,90.67,15
2026-01-09T21:00:00Z,SE1,79.34,15
2026-01-09T21:00:00Z,SE2,84.13,15
2026-01-09T21:00:00Z,SE3,84.13,15
2026-01-09T21:00:00Z,SE4,84.14,15
2026-01-09T21:00:00Z,SI,126.89,15
2026-01-09T21:00:00Z,SK,113.37,15
2026-01-09T21:15:00Z,AT,131.89,15
2026-01-09T21:15:00Z,BE,81.59,15
2026-01-09T21:15:00Z,CZ,99.55,15
2026-01-09T21:15:00Z,DE-LU,80.73,15
2026-01-09T21:15:00Z,DK1,80.73,15
2026-01-09T21:15:00Z,DK2,80.73,15
2026-01-09T21:15:00Z,EE,96.64,15
2026-01-09T21:15:00Z,ES,83.91,15
2026-01-09T21:15:00Z,FI,96.55,15
2026-01-09T21:15:00Z,FR,83.91,15
2026-01-09T21:15:00Z,GR,109.62,15
2026-01-09T21:15:00Z,HR,124.18,15
2026-01-09T21:15:00Z,HU,131.89,15
2026-01-09T21:15:00Z,IT-CNorth,122.91,15
2026-01-09T21:15:00Z,IT-CSouth,117.19,15
2026-01-09T21:15:00Z,IT-North,122.91,15
2026-01-09T21:15:00Z,IT-Sardinia,117.19,15
2026-01-09T21:15:00Z,IT-Sicily,117.19,15
2026-01-09T21:15:00Z,IT-South,117.19,15
2026-01-09T21:15:00Z,LT,96.64,15
2026-01-09T21:15:00Z,LV,96.64,15
2026-01-09T21:15:00Z,NL,83.59,15
2026-01-09T21:15:00Z,NO1,80.95,15
2026-01-09T21:15:00Z,NO2,80.92,15
2026-01-09T21:15:00Z,NO3,81.01,15
2026-01-09T21:15:00Z,NO4,28.30,15
2026-01-09T21:15:00Z,NO5,80.98,15
2026-01-09T21:15:00Z,PL,104.01,15
2026-01-09T21:15:00Z,PT,83.91,15
2026-01-09T21:15:00Z,RO,128.02,15
2026-01-09T21:15:00Z,RS,90.67,15
2026-01-09T21:15:00Z,SE1,76.19,15
2026-01-09T21:15:00Z,SE2,80.63,15
2026-01-09T21:15:00Z,SE3,80.69,15
2026-01-09T21:15:00Z,SE4,80.72,15
2026-01-09T21:15:00Z,SI,122.91,15
2026-01-09T21:15:00Z,SK,109.87,15
2026-01-09T21:30:00Z,AT,127.53,15
2026-01-09T21:30:00Z,BE,81.10,15
2026-01-09T21:30:00Z,CZ,97.31,15
2026-01-09T21:30:00Z,DE-LU,80.06,15
2026-01-09T21:30:00Z,DK1,80.06,15
2026-01-09T21:30:00Z,DK2,80.06,15
2026-01-09T21:30:00Z,EE,79.98,15
2026-01-09T21:30:00Z,ES,83.18,15
2026-01-09T21:30:00Z,FI,79.91,15
2026-01-09T21:30:00Z,FR,83.18,15
2026-01-09T21:30:00Z,GR,105.99,15
2026-01-09T21:30:00Z,HR,120.48,15
2026-01-09T21:30:00Z,HU,127.53,15
2026-01-09T21:30:00Z,IT-CNorth,119.32,15
2026-01-09T21:30:00Z,IT-CSouth,117.19,15
2026-01-09T21:30:00Z,IT-North,119.32,15
2026-01-09T21:30:00Z,IT-Sardinia,117.19,15
2026-01-09T21:30:00Z,IT-Sicily,117.19,15
2026-01-09T21:30:00Z,IT-South,117.19,15
2026-01-09T21:30:00Z,LT,79.98,15
2026-01-09T21:30:00Z,LV,79.98,15
2026-01-09T21:30:00Z,NL,83.42,15
2026-01-09T21:30:00Z,NO1,80.86,15
2026-01-09T21:30:00Z,NO2,80.76,15
2026-01-09T21:30:00Z,NO3,80.98,15
2026-01-09T21:30:00Z,NO4,29.63,15
2026-01-09T21:30:00Z,NO5,80.97,15
2026-01-09T21:30:00Z,PL,104.18,15
2026-01-09T21:30:00Z,PT,83.18,15
2026-01-09T21:30:00Z,RO,124.00,15
2026-01-09T21:30:00Z,RS,90.67,15
2026-01-09T21:30:00Z,SE1,75.48,15
2026-01-09T21:30:00Z,SE2,79.70,15
2026-01-09T21:30:00Z,SE3,79.95,15
2026-01-09T21:30:00Z,SE4,80.04,15
2026-01-09T21:30:00Z,SI,119.32,15
2026-01-09T21:30:00Z,SK,108.18,15
2026-01-09T21:45:00Z,AT,111.98,15
2026-01-09T21:45:00Z,BE,77.79,15
2026-01-09T21:45:00Z,CZ,90.59,15
2026-01-09T21:45:00Z,DE-LU,76.28,15
2026-01-09T21:45:00Z,DK1,75.57,15
2026-01-09T21:45:00Z,DK2,76.03,15
2026-01-09T21:45:00Z,EE,75.71,15
2026-01-09T21:45:00Z,ES,79.12,15
2026-01-09T21:45:00Z,FI,75.65,15
2026-01-09T21:45:00Z,FR,79.12,15
2026-01-09T21:45:00Z,GR,99.18,15
2026-01-09T21:45:00Z,HR,107.57,15
2026-01-09T21:45:00Z,HU,110.99,15
2026-01-09T21:45:00Z,IT-CNorth,110.05,15
2026-01-09T21:45:00Z,IT-CSouth,110.05,15
2026-01-09T21:45:00Z,IT-North,110.05,15
2026-01-09T21:45:00Z,IT-Sardinia,110.05,15
2026-01-09T21:45:00Z,IT-Sicily,110.05,15
2026-01-09T21:45:00Z,IT-South,110.05,15
2026-01-09T21:45:00Z,LT,75.71,15
2026-01-09T21:45:00Z,LV,75.71,15
2026-01-09T21:45:00Z,NL,81.32,15
2026-01-09T21:45:00Z,NO1,79.15,15
2026-01-09T21:45:00Z,NO2,78.74,15
2026-01-09T21:45:00Z,NO3,79.59,15
2026-01-09T21:45:00Z,NO4,29.63,15
2026-01-09T21:45:00Z,NO5,79.60,15
2026-01-09T21:45:00Z,PL,95.43,15
2026-01-09T21:45:00Z,PT,79.12,15
2026-01-09T21:45:00Z,RO,108.79,15
2026-01-09T21:45:00Z,RS,90.67,15
2026-01-09T21:45:00Z,SE1,70.65,15
2026-01-09T21:45:00Z,SE2,74.59,15
2026-01-09T21:45:00Z,SE3,75.58,15
2026-01-09T21:45:00Z,SE4,75.92,15
2026-01-09T21:45:00Z,SI,107.57,15
2026-01-09T21:45:00Z,SK,96.02,15
2026-01-09T22:00:00Z,AT,131.84,15
2026-01-09T22:00:00Z,BE,78.94,15
2026-01-09T22:00:00Z,CH,113.28,60
2026-01-09T22:00:00Z,CZ,98.91,15
2026-01-09T22:00:00Z,DE-LU,77.71,15
2026-01-09T22:00:00Z,DK1,77.71,15
2026-01-09T22:00:00Z,DK2,77.71,15
2026-01-09T22:00:00Z,EE,77.59,15
2026-01-09T22:00:00Z,ES,81.21,15
2026-01-09T22:00:00Z,FI,77.53,15
2026-01-09T22:00:00Z,FR,81.21,15
2026-01-09T22:00:00Z,GR,102.11,15
2026-01-09T22:00:00Z,HR,121.76,15
2026-01-09T22:00:00Z,HU,127.92,15
2026-01-09T22:00:00Z,IT-CNorth,121.10,15
2026-01-09T22:00:00Z,IT-CSouth,115.14,15
2026-01-09T22:00:00Z,IT-North,121.10,15
2026-01-09T22:00:00Z,IT-Sardinia,115.14,15
2026-01-09T22:00:00Z,IT-Sicily,115.14,15
2026-01-09T22:00:00Z,IT-South,115.14,15
2026-01-09T22:00:00Z,LT,77.59,15
2026-01-09T22:00:00Z,LV,77.59,15
2026-01-09T22:00:00Z,NL,82.80,15
2026-01-09T22:00:00Z,NO1,78.91,15
2026-01-09T22:00:00Z,NO2,78.75,15
2026-01-09T22:00:00Z,NO3,79.05,15
2026-01-09T22:00:00Z,NO4,27.10,15
2026-01-09T22:00:00Z,NO5,79.08,15
2026-01-09T22:00:00Z,PL,113.42,15
2026-01-09T22:00:00Z,PT,81.21,15
2026-01-09T22:00:00Z,RO,124.49,15
2026-01-09T22:00:00Z,RS,100.02,15
2026-01-09T22:00:00Z,SE1,72.72,15
2026-01-09T22:00:00Z,SE2,77.17,15
2026-01-09T22:00:00Z,SE3,77.54,15
2026-01-09T22:00:00Z,SE4,77.68,15
2026-01-09T22:00:00Z,SI,121.10,15
2026-01-09T22:00:00Z,SK,106.68,15
2026-01-09T22:15:00Z,AT,124.49,15
2026-01-09T22:15:00Z,BE,74.63,15
2026-01-09T22:15:00Z,CZ,93.43,15
2026-01-09T22:15:00Z,DE-LU,73.45,15
2026-01-09T22:15:00Z,DK1,73.45,15
2026-01-09T22:15:00Z,DK2,73.45,15
2026-01-09T22:15:00Z,EE,73.00,15
2026-01-09T22:15:00Z,ES,76.76,15
2026-01-09T22:15:00Z,FI,72.95,15
2026-01-09T22:15:00Z,FR,76.76,15
2026-01-09T22:15:00Z,GR,97.40,15
2026-01-09T22:15:00Z,HR,115.00,15
2026-01-09T22:15:00Z,HU,120.82,15
2026-01-09T22:15:00Z,IT-CNorth,114.37,15
2026-01-09T22:15:00Z,IT-CSouth,111.40,15
2026-01-09T22:15:00Z,IT-North,114.37,15
2026-01-09T22:15:00Z,IT-Sardinia,111.40,15
2026-01-09T22:15:00Z,IT-Sicily,111.40,15
2026-01-09T22:15:00Z,IT-South,111.40,15
2026-01-09T22:15:00Z,LT,73.00,15
2026-01-09T22:15:00Z,LV,73.00,15
2026-01-09T22:15:00Z,NL,78.34,15
2026-01-09T22:15:00Z,NO1,77.87,15
2026-01-09T22:15:00Z,NO2,77.29,15
2026-01-09T22:15:00Z,NO3,78.37,15
2026-01-09T22:15:00Z,NO4,26.56,15
2026-01-09T22:15:00Z,NO5,78.50,15
2026-01-09T22:15:00Z,PL,110.10,15
2026-01-09T22:15:00Z,PT,76.76,15
2026-01-09T22:15:00Z,RO,117.58,15
2026-01-09T22:15:00Z,RS,100.02,15
2026-01-09T22:15:00Z,SE1,67.23,15
2026-01-09T22:15:00Z,SE2,71.42,15
2026-01-09T22:15:00Z,SE3,72.82,15
2026-01-09T22:15:00Z,SE4,73.30,15
2026-01-09T22:15:00Z,SI,114.37,15
2026-01-09T22:15:00Z,SK,100.75,15
2026-01-09T22:30:00Z,AT,110.05,15
2026-01-09T22:30:00Z,BE,75.33,15
2026-01-09T22:30:00Z,CZ,88.10,15
2026-01-09T22:30:00Z,DE-LU,74.09,15
2026-01-09T22:30:00Z,DK1,74.09,15
2026-01-09T22:30:00Z,DK2,72.54,15
2026-01-09T22:30:00Z,EE,71.98,15
2026-01-09T22:30:00Z,ES,76.69,15
2026-01-09T22:30:00Z,FI,71.93,15
2026-01-09T22:30:00Z,FR,76.69,15
2026-01-09T22:30:00Z,GR,95.10,15
2026-01-09T22:30:00Z,HR,103.56,15
2026-01-09T22:30:00Z,HU,107.89,15
2026-01-09T22:30:00Z,IT-CNorth,110.05,15
2026-01-09T22:30:00Z,IT-CSouth,96.04,15
2026-01-09T22:30:00Z,IT-North,110.05,15
2026-01-09T22:30:00Z,IT-Sardinia,96.04,15
2026-01-09T22:30:00Z,IT-Sicily,96.04,15
2026-01-09T22:30:00Z,IT-South,96.04,15
2026-01-09T22:30:00Z,LT,71.98,15
2026-01-09T22:30:00Z,LV,71.98,15
2026-01-09T22:30:00Z,NL,78.98,15
2026-01-09T22:30:00Z,NO1,77.10,15
2026-01-09T22:30:00Z,NO2,76.49,15
2026-01-09T22:30:00Z,NO3,77.63,15
2026-01-09T22:30:00Z,NO4,26.21,15
2026-01-09T22:30:00Z,NO5,77.77,15
2026-01-09T22:30:00Z,PL,104.89,15
2026-01-09T22:30:00Z,PT,76.69,15
2026-01-09T22:30:00Z,RO,105.53,15
2026-01-09T22:30:00Z,RS,100.02,15
2026-01-09T22:30:00Z,SE1,66.18,15
2026-01-09T22:30:00Z,SE2,70.31,15
2026-01-09T22:30:00Z,SE3,71.79,15
2026-01-09T22:30:00Z,SE4,72.30,15
2026-01-09T22:30:00Z,SI,103.04,15
2026-01-09T22:30:00Z,SK,93.15,15
2026-01-09T22:45:00Z,AT,103.01,15
2026-01-09T22:45:00Z,BE,72.68,15
2026-01-09T22:45:00Z,CZ,84.74,15
2026-01-09T22:45:00Z,DE-LU,72.79,15
2026-01-09T22:45:00Z,DK1,72.79,15
2026-01-09T22:45:00Z,DK2,70.62,15
2026-01-09T22:45:00Z,EE,69.96,15
2026-01-09T22:45:00Z,ES,74.21,15
2026-01-09T22:45:00Z,FI,69.91,15
2026-01-09T22:45:00Z,FR,74.21,15
2026-01-09T22:45:00Z,GR,93.39,15
2026-01-09T22:45:00Z,HR,97.00,15
2026-01-09T22:45:00Z,HU,100.01,15
2026-01-09T22:45:00Z,IT-CNorth,110.00,15
2026-01-09T22:45:00Z,IT-CSouth,95.79,15
2026-01-09T22:45:00Z,IT-North,110.00,15
2026-01-09T22:45:00Z,IT-Sardinia,95.79,15
2026-01-09T22:45:00Z,IT-Sicily,95.79,15
2026-01-09T22:45:00Z,IT-South,95.79,15
2026-01-09T22:45:00Z,LT,69.96,15
2026-01-09T22:45:00Z,LV,69.96,15
2026-01-09T22:45:00Z,NL,72.79,15
2026-01-09T22:45:00Z,NO1,75.85,15
2026-01-09T22:45:00Z,NO2,75.15,15
2026-01-09T22:45:00Z,NO3,76.46,15
2026-01-09T22:45:00Z,NO4,26.50,15
2026-01-09T22:45:00Z,NO5,76.62,15
2026-01-09T22:45:00Z,PL,92.77,15
2026-01-09T22:45:00Z,PT,74.21,15
2026-01-09T22:45:00Z,RO,98.24,15
2026-01-09T22:45:00Z,RS,100.02,15
2026-01-09T22:45:00Z,SE1,64.08,15
2026-01-09T22:45:00Z,SE2,68.04,15
2026-01-09T22:45:00Z,SE3,69.73,15
2026-01-09T22:45:00Z,SE4,70.32,15
2026-01-09T22:45:00Z,SI,96.78,15
2026-01-09T22:45:00Z,SK,89.29,15
2026-01-09T23:00:00Z,AT,126.24,15
2026-01-09T23:00:00Z,BE,80.04,15
2026-01-09T23:00:00Z,CH,114.30,60
2026-01-09T23:00:00Z,CZ,95.30,15
2026-01-09T23:00:00Z,DE-LU,78.94,15
2026-01-09T23:00:00Z,DK1,78.94,15
2026-01-09T23:00:00Z,DK2,78.93,15
2026-01-09T23:00:00Z,EE,58.84,15
2026-01-09T23:00:00Z,ES,81.83,15
2026-01-09T23:00:00Z,FI,58.81,15
2026-01-09T23:00:00Z,FR,81.83,15
2026-01-09T23:00:00Z,GR,75.01,15
2026-01-09T23:00:00Z,HR,119.84,15
2026-01-09T23:00:00Z,HU,123.04,15
2026-01-09T23:00:00Z,IT-CNorth,119.84,15
2026-01-09T23:00:00Z,IT-CSouth,119.84,15
2026-01-09T23:00:00Z,IT-North,119.84,15
2026-01-09T23:00:00Z,IT-Sardinia,119.84,15
2026-01-09T23:00:00Z,IT-Sicily,119.84,15
2026-01-09T23:00:00Z,IT-South,119.84,15
2026-01-09T23:00:00Z,LT,61.93,15
2026-01-09T23:00:00Z,LV,61.93,15
2026-01-09T23:00:00Z,NL,83.69,15
2026-01-09T23:00:00Z,NO1,75.85,15
2026-01-09T23:00:00Z,NO2,74.19,15
2026-01-09T23:00:00Z,NO3,77.76,15
2026-01-09T23:00:00Z,NO4,33.10,15
2026-01-09T23:00:00Z,NO5,77.66,15
2026-01-09T23:00:00Z,PL,143.17,15
2026-01-09T23:00:00Z,PT,81.83,15
2026-01-09T23:00:00Z,RO,121.12,15
2026-01-09T23:00:00Z,RS,100.07,15
2026-01-09T23:00:00Z,SE1,54.67,15
2026-01-09T23:00:00Z,SE2,57.38,15
2026-01-09T23:00:00Z,SE3,61.39,15
2026-01-09T23:00:00Z,SE4,62.79,15
2026-01-09T23:00:00Z,SI,119.84,15
2026-01-09T23:00:00Z,SK,123.04,15
2026-01-09T23:15:00Z,AT,122.01,15
2026-01-09T23:15:00Z,BE,74.63,15
2026-01-09T23:15:00Z,CZ,90.06,15
2026-01-09T23:15:00Z,DE-LU,73.53,15
2026-01-09T23:15:00Z,DK1,73.53,15
2026-01-09T23:15:00Z,DK2,73.53,15
2026-01-09T23:15:00Z,EE,57.44,15
2026-01-09T23:15:00Z,ES,76.48,15
2026-01-09T23:15:00Z,FI,57.41,15
2026-01-09T23:15:00Z,FR,76.48,15
2026-01-09T23:15:00Z,GR,78.48,15
2026-01-09T23:15:00Z,HR,115.36,15
2026-01-09T23:15:00Z,HU,118.98,15
2026-01-09T23:15:00Z,IT-CNorth,115.22,15
2026-01-09T23:15:00Z,IT-CSouth,115.22,15
2026-01-09T23:15:00Z,IT-North,115.22,15
2026-01-09T23:15:00Z,IT-Sardinia,115.22,15
2026-01-09T23:15:00Z,IT-Sicily,115.22,15
2026-01-09T23:15:00Z,IT-South,115.22,15
2026-01-09T23:15:00Z,LT,57.44,15
2026-01-09T23:15:00Z,LV,57.44,15
2026-01-09T23:15:00Z,NL,78.28,15
2026-01-09T23:15:00Z,NO1,75.37,15
2026-01-09T23:15:00Z,NO2,73.62,15
2026-01-09T23:15:00Z,NO3,77.38,15
2026-01-09T23:15:00Z,NO4,33.10,15
2026-01-09T23:15:00Z,NO5,77.27,15
2026-01-09T23:15:00Z,PL,145.42,15
2026-01-09T23:15:00Z,PT,76.48,15
2026-01-09T23:15:00Z,RO,116.91,15
2026-01-09T23:15:00Z,RS,100.07,15
2026-01-09T23:15:00Z,SE1,53.27,15
2026-01-09T23:15:00Z,SE2,55.91,15
2026-01-09T23:15:00Z,SE3,60.13,15
2026-01-09T23:15:00Z,SE4,61.60,15
2026-01-09T23:15:00Z,SI,115.22,15
2026-01-09T23:15:00Z,SK,118.98,15
2026-01-09T23:30:00Z,AT,121.77,15
2026-01-09T23:30:00Z,BE,69.64,15
2026-01-09T23:30:00Z,CZ,87.93,15
2026-01-09T23:30:00Z,DE-LU,70.08,15
2026-01-09T23:30:00Z,DK1,70.08,15
2026-01-09T23:30:00Z,DK2,70.07,15
2026-01-09T23:30:00Z,EE,64.90,15
2026-01-09T23:30:00Z,ES,72.13,15
2026-01-09T23:30:00Z,FI,64.86,15
2026-01-09T23:30:00Z,FR,72.13,15
2026-01-09T23:30:00Z,GR,79.91,15
2026-01-09T23:30:00Z,HR,114.69,15
2026-01-09T23:30:00Z,HU,118.23,15
2026-01-09T23:30:00Z,IT-CNorth,114.69,15
2026-01-09T23:30:00Z,IT-CSouth,114.69,15
2026-01-09T23:30:00Z,IT-North,114.69,15
2026-01-09T23:30:00Z,IT-Sardinia,114.69,15
2026-01-09T23:30:00Z,IT-Sicily,114.69,15
2026-01-09T23:30:00Z,IT-South,114.69,15
2026-01-09T23:30:00Z,LT,69.94,15
2026-01-09T23:30:00Z,LV,69.94,15
2026-01-09T23:30:00Z,NL,70.08,15
2026-01-09T23:30:00Z,NO1,74.74,15
2026-01-09T23:30:00Z,NO2,73.78,15
2026-01-09T23:30:00Z,NO3,75.84,15
2026-01-09T23:30:00Z,NO4,32.06,15
2026-01-09T23:30:00Z,NO5,75.78,15
2026-01-09T23:30:00Z,PL,132.87,15
2026-01-09T23:30:00Z,PT,72.13,15
2026-01-09T23:30:00Z,RO,116.12,15
2026-01-09T23:30:00Z,RS,100.07,15
2026-01-09T23:30:00Z,SE1,61.07,15
2026-01-09T23:30:00Z,SE2,64.06,15
2026-01-09T23:30:00Z,SE3,66.38,15
2026-01-09T23:30:00Z,SE4,67.18,15
2026-01-09T23:30:00Z,SI,114.69,15
2026-01-09T23:30:00Z,SK,118.23,15
2026-01-09T23:45:00Z,AT,110.25,15
2026-01-09T23:45:00Z,BE,68.18,15
2026-01-09T23:45:00Z,CZ,84.83,15
2026-01-09T23:45:00Z,DE-LU,68.61,15
2026-01-09T23:45:00Z,DK1,68.61,15
2026-01-09T23:45:00Z,DK2,68.61,15
2026-01-09T23:45:00Z,EE,57.51,15
2026-01-09T23:45:00Z,ES,70.22,15
2026-01-09T23:45:00Z,FI,57.48,15
2026-01-09T23:45:00Z,FR,70.22,15
2026-01-09T23:45:00Z,GR,78.98,15
2026-01-09T23:45:00Z,HR,105.53,15
2026-01-09T23:45:00Z,HU,105.58,15
2026-01-09T23:45:00Z,IT-CNorth,110.25,15
2026-01-09T23:45:00Z,IT-CSouth,110.25,15
2026-01-09T23:45:00Z,IT-North,110.25,15
2026-01-09T23:45:00Z,IT-Sardinia,110.25,15
2026-01-09T23:45:00Z,IT-Sicily,110.25,15
2026-01-09T23:45:00Z,IT-South,110.25,15
2026-01-09T23:45:00Z,LT,60.41,15
2026-01-09T23:45:00Z,LV,60.41,15
2026-01-09T23:45:00Z,NL,68.61,15
2026-01-09T23:45:00Z,NO1,73.46,15
2026-01-09T23:45:00Z,NO2,71.90,15
2026-01-09T23:45:00Z,NO3,75.25,15
2026-01-09T23:45:00Z,NO4,31.60,15
2026-01-09T23:45:00Z,NO5,75.15,15
2026-01-09T23:45:00Z,PL,122.41,15
2026-01-09T23:45:00Z,PT,70.22,15
2026-01-09T23:45:00Z,RO,104.69,15
2026-01-09T23:45:00Z,RS,100.07,15
2026-01-09T23:45:00Z,SE1,53.47,15
2026-01-09T23:45:00Z,SE2,56.15,15
2026-01-09T23:45:00Z,SE3,59.91,15
2026-01-09T23:45:00Z,SE4,61.21,15
2026-01-09T23:45:00Z,SI,106.67,15
2026-01-09T23:45:00Z,SK,105.58,15
