timestamp_utc,zone,price_eur_mwh,resolution_min
2026-09-19T00:00:00Z,AT,219.92,15
2026-09-19T00:00:00Z,BE,83.96,15
2026-09-19T00:00:00Z,CH,165.71,60
2026-09-19T00:00:00Z,CZ,116.28,15
2026-09-19T00:00:00Z,DE-LU,73.77,15
2026-09-19T00:00:00Z,DK1,25.44,15
2026-09-19T00:00:00Z,DK2,25.90,15
2026-09-19T00:00:00Z,EE,7.79,15
2026-09-19T00:00:00Z,ES,175.00,15
2026-09-19T00:00:00Z,FI,7.80,15
2026-09-19T00:00:00Z,FR,90.46,15
2026-09-19T00:00:00Z,GR,224.96,15
2026-09-19T00:00:00Z,HR,211.14,15
2026-09-19T00:00:00Z,HU,236.88,15
2026-09-19T00:00:00Z,IT-CNorth,219.92,15
2026-09-19T00:00:00Z,IT-CSouth,219.92,15
2026-09-19T00:00:00Z,IT-North,219.92,15
2026-09-19T00:00:00Z,IT-Sardinia,219.92,15
2026-09-19T00:00:00Z,IT-Sicily,225.00,15
2026-09-19T00:00:00Z,IT-South,219.92,15
2026-09-19T00:00:00Z,LT,7.79,15
2026-09-19T00:00:00Z,LV,7.79,15
2026-09-19T00:00:00Z,NL,81.17,15
2026-09-19T00:00:00Z,NO1,20.87,15
2026-09-19T00:00:00Z,NO2,19.26,15
2026-09-19T00:00:00Z,NO3,44.21,15
2026-09-19T00:00:00Z,NO4,28.53,15
2026-09-19T00:00:00Z,NO5,22.86,15
2026-09-19T00:00:00Z,PL,154.27,15
2026-09-19T00:00:00Z,PT,175.00,15
2026-09-19T00:00:00Z,RO,226.25,15
2026-09-19T00:00:00Z,RS,173.00,15
2026-09-19T00:00:00Z,SE1,8.85,15
2026-09-19T00:00:00Z,SE2,1.95,15
2026-09-19T00:00:00Z,SE3,5.07,15
2026-09-19T00:00:00Z,SE4,6.21,15
2026-09-19T00:00:00Z,SI,206.70,15
2026-09-19T00:00:00Z,SK,238.66,15
2026-09-19T00:15:00Z,AT,214.00,15
2026-09-19T00:15:00Z,BE,72.00,15
2026-09-19T00:15:00Z,CZ,103.88,15
2026-09-19T00:15:00Z,DE-LU,62.38,15
2026-09-19T00:15:00Z,DK1,16.47,15
2026-09-19T00:15:00Z,DK2,16.76,15
2026-09-19T00:15:00Z,EE,7.48,15
2026-09-19T00:15:00Z,ES,171.39,15
2026-09-19T00:15:00Z,FI,7.49,15
2026-09-19T00:15:00Z,FR,79.00,15
2026-09-19T00:15:00Z,GR,224.96,15
2026-09-19T00:15:00Z,HR,208.07,15
2026-09-19T00:15:00Z,HU,238.71,15
2026-09-19T00:15:00Z,IT-CNorth,214.00,15
2026-09-19T00:15:00Z,IT-CSouth,214.00,15
2026-09-19T00:15:00Z,IT-North,214.00,15
2026-09-19T00:15:00Z,IT-Sardinia,214.00,15
2026-09-19T00:15:00Z,IT-Sicily,221.00,15
2026-09-19T00:15:00Z,IT-South,214.00,15
2026-09-19T00:15:00Z,LT,7.48,15
2026-09-19T00:15:00Z,LV,7.48,15
2026-09-19T00:15:00Z,NL,68.90,15
2026-09-19T00:15:00Z,NO1,18.68,15
2026-09-19T00:15:00Z,NO2,17.19,15
2026-09-19T00:15:00Z,NO3,40.31,15
2026-09-19T00:15:00Z,NO4,26.20,15
2026-09-19T00:15:00Z,NO5,20.52,15
2026-09-19T00:15:00Z,PL,144.51,15
2026-09-19T00:15:00Z,PT,171.39,15
2026-09-19T00:15:00Z,RO,226.51,15
2026-09-19T00:15:00Z,RS,173.00,15
2026-09-19T00:15:00Z,SE1,8.43,15
2026-09-19T00:15:00Z,SE2,1.12,15
2026-09-19T00:15:00Z,SE3,4.02,15
2026-09-19T00:15:00Z,SE4,5.08,15
2026-09-19T00:15:00Z,SI,202.49,15
2026-09-19T00:15:00Z,SK,238.71,15
2026-09-19T00:30:00Z,AT,211.00,15
2026-09-19T00:30:00Z,BE,61.18,15
2026-09-19T00:30:00Z,CZ,101.98,15
2026-09-19T00:30:00Z,DE-LU,52.75,15
2026-09-19T00:30:00Z,DK1,16.53,15
2026-09-19T00:30:00Z,DK2,16.83,15
2026-09-19T00:30:00Z,EE,6.42,15
2026-09-19T00:30:00Z,ES,170.21,15
2026-09-19T00:30:00Z,FI,6.43,15
2026-09-19T00:30:00Z,FR,68.56,15
2026-09-19T00:30:00Z,GR,223.96,15
2026-09-19T00:30:00Z,HR,201.97,15
2026-09-19T00:30:00Z,HU,239.94,15
2026-09-19T00:30:00Z,IT-CNorth,211.00,15
2026-09-19T00:30:00Z,IT-CSouth,211.00,15
2026-09-19T00:30:00Z,IT-North,211.00,15
2026-09-19T00:30:00Z,IT-Sardinia,211.00,15
2026-09-19T00:30:00Z,IT-Sicily,221.00,15
2026-09-19T00:30:00Z,IT-South,211.00,15
2026-09-19T00:30:00Z,LT,6.42,15
2026-09-19T00:30:00Z,LV,6.42,15
2026-09-19T00:30:00Z,NL,57.86,15
2026-09-19T00:30:00Z,NO1,17.08,15
2026-09-19T00:30:00Z,NO2,15.66,15
2026-09-19T00:30:00Z,NO3,37.67,15
2026-09-19T00:30:00Z,NO4,24.24,15
2026-09-19T00:30:00Z,NO5,18.83,15
2026-09-19T00:30:00Z,PL,148.92,15
2026-09-19T00:30:00Z,PT,170.21,15
2026-09-19T00:30:00Z,RO,226.03,15
2026-09-19T00:30:00Z,RS,173.00,15
2026-09-19T00:30:00Z,SE1,7.33,15
2026-09-19T00:30:00Z,SE2,0.37,15
2026-09-19T00:30:00Z,SE3,3.12,15
2026-09-19T00:30:00Z,SE4,4.14,15
2026-09-19T00:30:00Z,SI,195.51,15
2026-09-19T00:30:00Z,SK,219.41,15
2026-09-19T00:45:00Z,AT,206.94,15
2026-09-19T00:45:00Z,BE,55.21,15
2026-09-19T00:45:00Z,CZ,110.71,15
2026-09-19T00:45:00Z,DE-LU,48.02,15
2026-09-19T00:45:00Z,DK1,12.52,15
2026-09-19T00:45:00Z,DK2,12.75,15
2026-09-19T00:45:00Z,EE,5.29,15
2026-09-19T00:45:00Z,ES,170.21,15
2026-09-19T00:45:00Z,FI,5.30,15
2026-09-19T00:45:00Z,FR,63.16,15
2026-09-19T00:45:00Z,GR,223.96,15
2026-09-19T00:45:00Z,HR,195.09,15
2026-09-19T00:45:00Z,HU,242.29,15
2026-09-19T00:45:00Z,IT-CNorth,206.94,15
2026-09-19T00:45:00Z,IT-CSouth,206.94,15
2026-09-19T00:45:00Z,IT-North,206.94,15
2026-09-19T00:45:00Z,IT-Sardinia,206.94,15
2026-09-19T00:45:00Z,IT-Sicily,220.00,15
2026-09-19T00:45:00Z,IT-South,206.94,15
2026-09-19T00:45:00Z,LT,5.29,15
2026-09-19T00:45:00Z,LV,5.29,15
2026-09-19T00:45:00Z,NL,51.35,15
2026-09-19T00:45:00Z,NO1,13.80,15
2026-09-19T00:45:00Z,NO2,12.67,15
2026-09-19T00:45:00Z,NO3,30.26,15
2026-09-19T00:45:00Z,NO4,19.52,15
2026-09-19T00:45:00Z,NO5,15.20,15
2026-09-19T00:45:00Z,PL,148.46,15
2026-09-19T00:45:00Z,PT,170.21,15
2026-09-19T00:45:00Z,RO,226.69,15
2026-09-19T00:45:00Z,RS,173.00,15
2026-09-19T00:45:00Z,SE1,6.01,15
2026-09-19T00:45:00Z,SE2,0.46,15
2026-09-19T00:45:00Z,SE3,2.66,15
2026-09-19T00:45:00Z,SE4,3.46,15
2026-09-19T00:45:00Z,SI,187.51,15
2026-09-19T00:45:00Z,SK,192.43,15
2026-09-19T01:00:00Z,AT,210.90,15
2026-09-19T01:00:00Z,BE,51.59,15
2026-09-19T01:00:00Z,CH,160.10,60
2026-09-19T01:00:00Z,CZ,99.06,15
2026-09-19T01:00:00Z,DE-LU,45.15,15
2026-09-19T01:00:00Z,DK1,6.69,15
2026-09-19T01:00:00Z,DK2,6.80,15
2026-09-19T01:00:00Z,EE,7.27,15
2026-09-19T01:00:00Z,ES,170.00,15
2026-09-19T01:00:00Z,FI,7.28,15
2026-09-19T01:00:00Z,FR,60.85,15
2026-09-19T01:00:00Z,GR,223.96,15
2026-09-19T01:00:00Z,HR,203.37,15
2026-09-19T01:00:00Z,HU,239.48,15
2026-09-19T01:00:00Z,IT-CNorth,214.00,15
2026-09-19T01:00:00Z,IT-CSouth,214.00,15
2026-09-19T01:00:00Z,IT-North,214.00,15
2026-09-19T01:00:00Z,IT-Sardinia,214.00,15
2026-09-19T01:00:00Z,IT-Sicily,344.80,15
2026-09-19T01:00:00Z,IT-South,214.00,15
2026-09-19T01:00:00Z,LT,7.27,15
2026-09-19T01:00:00Z,LV,7.27,15
2026-09-19T01:00:00Z,NL,47.25,15
2026-09-19T01:00:00Z,NO1,18.11,15
2026-09-19T01:00:00Z,NO2,16.65,15
2026-09-19T01:00:00Z,NO3,39.02,15
2026-09-19T01:00:00Z,NO4,25.37,15
2026-09-19T01:00:00Z,NO5,19.88,15
2026-09-19T01:00:00Z,PL,149.41,15
2026-09-19T01:00:00Z,PT,170.00,15
2026-09-19T01:00:00Z,RO,226.11,15
2026-09-19T01:00:00Z,RS,170.00,15
2026-09-19T01:00:00Z,SE1,8.18,15
2026-09-19T01:00:00Z,SE2,1.13,15
2026-09-19T01:00:00Z,SE3,3.92,15
2026-09-19T01:00:00Z,SE4,4.97,15
2026-09-19T01:00:00Z,SI,196.75,15
2026-09-19T01:00:00Z,SK,228.33,15
2026-09-19T01:15:00Z,AT,202.92,15
2026-09-19T01:15:00Z,BE,36.82,15
2026-09-19T01:15:00Z,CZ,99.86,15
2026-09-19T01:15:00Z,DE-LU,32.75,15
2026-09-19T01:15:00Z,DK1,6.99,15
2026-09-19T01:15:00Z,DK2,7.11,15
2026-09-19T01:15:00Z,EE,6.27,15
2026-09-19T01:15:00Z,ES,170.00,15
2026-09-19T01:15:00Z,FI,6.28,15
2026-09-19T01:15:00Z,FR,43.73,15
2026-09-19T01:15:00Z,GR,223.96,15
2026-09-19T01:15:00Z,HR,203.28,15
2026-09-19T01:15:00Z,HU,239.25,15
2026-09-19T01:15:00Z,IT-CNorth,211.81,15
2026-09-19T01:15:00Z,IT-CSouth,211.81,15
2026-09-19T01:15:00Z,IT-North,211.81,15
2026-09-19T01:15:00Z,IT-Sardinia,211.81,15
2026-09-19T01:15:00Z,IT-Sicily,350.00,15
2026-09-19T01:15:00Z,IT-South,211.81,15
2026-09-19T01:15:00Z,LT,6.27,15
2026-09-19T01:15:00Z,LV,6.27,15
2026-09-19T01:15:00Z,NL,32.75,15
2026-09-19T01:15:00Z,NO1,16.36,15
2026-09-19T01:15:00Z,NO2,15.01,15
2026-09-19T01:15:00Z,NO3,35.83,15
2026-09-19T01:15:00Z,NO4,23.12,15
2026-09-19T01:15:00Z,NO5,18.01,15
2026-09-19T01:15:00Z,PL,149.21,15
2026-09-19T01:15:00Z,PT,170.00,15
2026-09-19T01:15:00Z,RO,226.56,15
2026-09-19T01:15:00Z,RS,170.00,15
2026-09-19T01:15:00Z,SE1,7.12,15
2026-09-19T01:15:00Z,SE2,0.55,15
2026-09-19T01:15:00Z,SE3,3.15,15
2026-09-19T01:15:00Z,SE4,4.13,15
2026-09-19T01:15:00Z,SI,200.19,15
2026-09-19T01:15:00Z,SK,193.01,15
2026-09-19T01:30:00Z,AT,182.50,15
2026-09-19T01:30:00Z,BE,29.99,15
2026-09-19T01:30:00Z,CZ,77.09,15
2026-09-19T01:30:00Z,DE-LU,26.48,15
2026-09-19T01:30:00Z,DK1,7.17,15
2026-09-19T01:30:00Z,DK2,7.30,15
2026-09-19T01:30:00Z,EE,5.85,15
2026-09-19T01:30:00Z,ES,170.00,15
2026-09-19T01:30:00Z,FI,5.85,15
2026-09-19T01:30:00Z,FR,33.84,15
2026-09-19T01:30:00Z,GR,223.96,15
2026-09-19T01:30:00Z,HR,191.23,15
2026-09-19T01:30:00Z,HU,245.14,15
2026-09-19T01:30:00Z,IT-CNorth,195.00,15
2026-09-19T01:30:00Z,IT-CSouth,195.00,15
2026-09-19T01:30:00Z,IT-North,195.00,15
2026-09-19T01:30:00Z,IT-Sardinia,195.00,15
2026-09-19T01:30:00Z,IT-Sicily,326.26,15
2026-09-19T01:30:00Z,IT-South,195.00,15
2026-09-19T01:30:00Z,LT,5.85,15
2026-09-19T01:30:00Z,LV,5.85,15
2026-09-19T01:30:00Z,NL,26.56,15
2026-09-19T01:30:00Z,NO1,14.70,15
2026-09-19T01:30:00Z,NO2,13.51,15
2026-09-19T01:30:00Z,NO3,31.78,15
2026-09-19T01:30:00Z,NO4,20.63,15
2026-09-19T01:30:00Z,NO5,16.15,15
2026-09-19T01:30:00Z,PL,152.70,15
2026-09-19T01:30:00Z,PT,170.00,15
2026-09-19T01:30:00Z,RO,227.66,15
2026-09-19T01:30:00Z,RS,170.00,15
2026-09-19T01:30:00Z,SE1,6.59,15
2026-09-19T01:30:00Z,SE2,0.83,15
2026-09-19T01:30:00Z,SE3,3.11,15
2026-09-19T01:30:00Z,SE4,3.97,15
2026-09-19T01:30:00Z,SI,182.50,15
2026-09-19T01:30:00Z,SK,191.01,15
2026-09-19T01:45:00Z,AT,180.00,15
2026-09-19T01:45:00Z,BE,26.38,15
2026-09-19T01:45:00Z,CZ,73.94,15
2026-09-19T01:45:00Z,DE-LU,23.16,15
2026-09-19T01:45:00Z,DK1,5.79,15
2026-09-19T01:45:00Z,DK2,5.89,15
2026-09-19T01:45:00Z,EE,5.68,15
2026-09-19T01:45:00Z,ES,170.00,15
2026-09-19T01:45:00Z,FI,5.69,15
2026-09-19T01:45:00Z,FR,28.37,15
2026-09-19T01:45:00Z,GR,221.96,15
2026-09-19T01:45:00Z,HR,188.82,15
2026-09-19T01:45:00Z,HU,243.37,15
2026-09-19T01:45:00Z,IT-CNorth,191.50,15
2026-09-19T01:45:00Z,IT-CSouth,191.50,15
2026-09-19T01:45:00Z,IT-North,191.50,15
2026-09-19T01:45:00Z,IT-Sardinia,191.50,15
2026-09-19T01:45:00Z,IT-Sicily,326.26,15
2026-09-19T01:45:00Z,IT-South,191.50,15
2026-09-19T01:45:00Z,LT,5.68,15
2026-09-19T01:45:00Z,LV,5.68,15
2026-09-19T01:45:00Z,NL,23.16,15
2026-09-19T01:45:00Z,NO1,13.95,15
2026-09-19T01:45:00Z,NO2,12.84,15
2026-09-19T01:45:00Z,NO3,29.91,15
2026-09-19T01:45:00Z,NO4,19.50,15
2026-09-19T01:45:00Z,NO5,15.30,15
2026-09-19T01:45:00Z,PL,152.70,15
2026-09-19T01:45:00Z,PT,170.00,15
2026-09-19T01:45:00Z,RO,225.71,15
2026-09-19T01:45:00Z,RS,170.00,15
2026-09-19T01:45:00Z,SE1,6.38,15
2026-09-19T01:45:00Z,SE2,0.99,15
2026-09-19T01:45:00Z,SE3,3.12,15
2026-09-19T01:45:00Z,SE4,3.93,15
2026-09-19T01:45:00Z,SI,180.00,15
2026-09-19T01:45:00Z,SK,188.01,15
2026-09-19T02:00:00Z,AT,192.81,15
2026-09-19T02:00:00Z,BE,38.23,15
2026-09-19T02:00:00Z,CH,156.41,60
2026-09-19T02:00:00Z,CZ,69.97,15
2026-09-19T02:00:00Z,DE-LU,33.57,15
2026-09-19T02:00:00Z,DK1,5.74,15
2026-09-19T02:00:00Z,DK2,5.84,15
2026-09-19T02:00:00Z,EE,6.41,15
2026-09-19T02:00:00Z,ES,170.21,15
2026-09-19T02:00:00Z,FI,6.42,15
2026-09-19T02:00:00Z,FR,46.01,15
2026-09-19T02:00:00Z,GR,223.96,15
2026-09-19T02:00:00Z,HR,199.18,15
2026-09-19T02:00:00Z,HU,242.13,15
2026-09-19T02:00:00Z,IT-CNorth,192.81,15
2026-09-19T02:00:00Z,IT-CSouth,192.81,15
2026-09-19T02:00:00Z,IT-North,192.81,15
2026-09-19T02:00:00Z,IT-Sardinia,192.81,15
2026-09-19T02:00:00Z,IT-Sicily,326.26,15
2026-09-19T02:00:00Z,IT-South,192.81,15
2026-09-19T02:00:00Z,LT,6.41,15
2026-09-19T02:00:00Z,LV,6.41,15
2026-09-19T02:00:00Z,NL,34.20,15
2026-09-19T02:00:00Z,NO1,16.88,15
2026-09-19T02:00:00Z,NO2,15.47,15
2026-09-19T02:00:00Z,NO3,37.07,15
2026-09-19T02:00:00Z,NO4,23.89,15
2026-09-19T02:00:00Z,NO5,18.59,15
2026-09-19T02:00:00Z,PL,150.29,15
2026-09-19T02:00:00Z,PT,170.21,15
2026-09-19T02:00:00Z,RO,226.98,15
2026-09-19T02:00:00Z,RS,166.02,15
2026-09-19T02:00:00Z,SE1,7.29,15
2026-09-19T02:00:00Z,SE2,0.48,15
2026-09-19T02:00:00Z,SE3,3.18,15
2026-09-19T02:00:00Z,SE4,4.19,15
2026-09-19T02:00:00Z,SI,190.03,15
2026-09-19T02:00:00Z,SK,242.13,15
2026-09-19T02:15:00Z,AT,198.04,15
2026-09-19T02:15:00Z,BE,40.75,15
2026-09-19T02:15:00Z,CZ,77.19,15
2026-09-19T02:15:00Z,DE-LU,36.04,15
2026-09-19T02:15:00Z,DK1,5.58,15
2026-09-19T02:15:00Z,DK2,5.67,15
2026-09-19T02:15:00Z,EE,6.62,15
2026-09-19T02:15:00Z,ES,170.21,15
2026-09-19T02:15:00Z,FI,6.63,15
2026-09-19T02:15:00Z,FR,48.75,15
2026-09-19T02:15:00Z,GR,222.96,15
2026-09-19T02:15:00Z,HR,200.25,15
2026-09-19T02:15:00Z,HU,239.99,15
2026-09-19T02:15:00Z,IT-CNorth,198.04,15
2026-09-19T02:15:00Z,IT-CSouth,198.04,15
2026-09-19T02:15:00Z,IT-North,198.04,15
2026-09-19T02:15:00Z,IT-Sardinia,198.04,15
2026-09-19T02:15:00Z,IT-Sicily,326.26,15
2026-09-19T02:15:00Z,IT-South,198.04,15
2026-09-19T02:15:00Z,LT,6.62,15
2026-09-19T02:15:00Z,LV,6.62,15
2026-09-19T02:15:00Z,NL,36.68,15
2026-09-19T02:15:00Z,NO1,16.98,15
2026-09-19T02:15:00Z,NO2,15.59,15
2026-09-19T02:15:00Z,NO3,36.96,15
2026-09-19T02:15:00Z,NO4,23.92,15
2026-09-19T02:15:00Z,NO5,18.67,15
2026-09-19T02:15:00Z,PL,162.19,15
2026-09-19T02:15:00Z,PT,170.21,15
2026-09-19T02:15:00Z,RO,225.74,15
2026-09-19T02:15:00Z,RS,166.02,15
2026-09-19T02:15:00Z,SE1,7.49,15
2026-09-19T02:15:00Z,SE2,0.75,15
2026-09-19T02:15:00Z,SE3,3.42,15
2026-09-19T02:15:00Z,SE4,4.43,15
2026-09-19T02:15:00Z,SI,192.05,15
2026-09-19T02:15:00Z,SK,239.99,15
2026-09-19T02:30:00Z,AT,210.90,15
2026-09-19T02:30:00Z,BE,40.60,15
2026-09-19T02:30:00Z,CZ,88.56,15
2026-09-19T02:30:00Z,DE-LU,36.90,15
2026-09-19T02:30:00Z,DK1,5.50,15
2026-09-19T02:30:00Z,DK2,5.60,15
2026-09-19T02:30:00Z,EE,6.53,15
2026-09-19T02:30:00Z,ES,175.40,15
2026-09-19T02:30:00Z,FI,6.53,15
2026-09-19T02:30:00Z,FR,45.46,15
2026-09-19T02:30:00Z,GR,223.96,15
2026-09-19T02:30:00Z,HR,204.74,15
2026-09-19T02:30:00Z,HU,239.30,15
2026-09-19T02:30:00Z,IT-CNorth,210.90,15
2026-09-19T02:30:00Z,IT-CSouth,210.90,15
2026-09-19T02:30:00Z,IT-North,210.90,15
2026-09-19T02:30:00Z,IT-Sardinia,210.90,15
2026-09-19T02:30:00Z,IT-Sicily,343.20,15
2026-09-19T02:30:00Z,IT-South,210.90,15
2026-09-19T02:30:00Z,LT,6.53,15
2026-09-19T02:30:00Z,LV,6.53,15
2026-09-19T02:30:00Z,NL,36.90,15
2026-09-19T02:30:00Z,NO1,16.22,15
2026-09-19T02:30:00Z,NO2,14.92,15
2026-09-19T02:30:00Z,NO3,34.92,15
2026-09-19T02:30:00Z,NO4,22.71,15
2026-09-19T02:30:00Z,NO5,17.80,15
2026-09-19T02:30:00Z,PL,153.68,15
2026-09-19T02:30:00Z,PT,175.40,15
2026-09-19T02:30:00Z,RO,226.33,15
2026-09-19T02:30:00Z,RS,166.02,15
2026-09-19T02:30:00Z,SE1,7.34,15
2026-09-19T02:30:00Z,SE2,1.03,15
2026-09-19T02:30:00Z,SE3,3.53,15
2026-09-19T02:30:00Z,SE4,4.47,15
2026-09-19T02:30:00Z,SI,198.20,15
2026-09-19T02:30:00Z,SK,239.30,15
2026-09-19T02:45:00Z,AT,210.90,15
2026-09-19T02:45:00Z,BE,39.78,15
2026-09-19T02:45:00Z,CZ,101.10,15
2026-09-19T02:45:00Z,DE-LU,36.66,15
2026-09-19T02:45:00Z,DK1,5.07,15
2026-09-19T02:45:00Z,DK2,5.16,15
2026-09-19T02:45:00Z,EE,6.22,15
2026-09-19T02:45:00Z,ES,175.40,15
2026-09-19T02:45:00Z,FI,6.23,15
2026-09-19T02:45:00Z,FR,40.76,15
2026-09-19T02:45:00Z,GR,223.96,15
2026-09-19T02:45:00Z,HR,198.23,15
2026-09-19T02:45:00Z,HU,241.36,15
2026-09-19T02:45:00Z,IT-CNorth,210.90,15
2026-09-19T02:45:00Z,IT-CSouth,210.90,15
2026-09-19T02:45:00Z,IT-North,210.90,15
2026-09-19T02:45:00Z,IT-Sardinia,210.90,15
2026-09-19T02:45:00Z,IT-Sicily,341.30,15
2026-09-19T02:45:00Z,IT-South,210.90,15
2026-09-19T02:45:00Z,LT,6.22,15
2026-09-19T02:45:00Z,LV,6.22,15
2026-09-19T02:45:00Z,NL,36.66,15
2026-09-19T02:45:00Z,NO1,15.60,15
2026-09-19T02:45:00Z,NO2,14.34,15
2026-09-19T02:45:00Z,NO3,33.70,15
2026-09-19T02:45:00Z,NO4,21.89,15
2026-09-19T02:45:00Z,NO5,17.13,15
2026-09-19T02:45:00Z,PL,153.68,15
2026-09-19T02:45:00Z,PT,175.40,15
2026-09-19T02:45:00Z,RO,227.47,15
2026-09-19T02:45:00Z,RS,166.02,15
2026-09-19T02:45:00Z,SE1,7.01,15
2026-09-19T02:45:00Z,SE2,0.91,15
2026-09-19T02:45:00Z,SE3,3.32,15
2026-09-19T02:45:00Z,SE4,4.23,15
2026-09-19T02:45:00Z,SI,191.09,15
2026-09-19T02:45:00Z,SK,205.56,15
2026-09-19T03:00:00Z,AT,210.90,15
2026-09-19T03:00:00Z,BE,38.76,15
2026-09-19T03:00:00Z,CH,165.69,60
2026-09-19T03:00:00Z,CZ,92.98,15
2026-09-19T03:00:00Z,DE-LU,34.79,15
2026-09-19T03:00:00Z,DK1,5.34,15
2026-09-19T03:00:00Z,DK2,5.44,15
2026-09-19T03:00:00Z,EE,5.00,15
2026-09-19T03:00:00Z,ES,175.40,15
2026-09-19T03:00:00Z,FI,5.01,15
2026-09-19T03:00:00Z,FR,45.03,15
2026-09-19T03:00:00Z,GR,222.96,15
2026-09-19T03:00:00Z,HR,212.42,15
2026-09-19T03:00:00Z,HU,234.29,15
2026-09-19T03:00:00Z,IT-CNorth,219.25,15
2026-09-19T03:00:00Z,IT-CSouth,219.25,15
2026-09-19T03:00:00Z,IT-North,219.25,15
2026-09-19T03:00:00Z,IT-Sardinia,219.25,15
2026-09-19T03:00:00Z,IT-Sicily,350.00,15
2026-09-19T03:00:00Z,IT-South,219.25,15
2026-09-19T03:00:00Z,LT,5.00,15
2026-09-19T03:00:00Z,LV,5.00,15
2026-09-19T03:00:00Z,NL,34.79,15
2026-09-19T03:00:00Z,NO1,12.10,15
2026-09-19T03:00:00Z,NO2,11.14,15
2026-09-19T03:00:00Z,NO3,25.76,15
2026-09-19T03:00:00Z,NO4,16.84,15
2026-09-19T03:00:00Z,NO5,13.24,15
2026-09-19T03:00:00Z,PL,151.32,15
2026-09-19T03:00:00Z,PT,175.40,15
2026-09-19T03:00:00Z,RO,224.64,15
2026-09-19T03:00:00Z,RS,176.00,15
2026-09-19T03:00:00Z,SE1,5.60,15
2026-09-19T03:00:00Z,SE2,0.95,15
2026-09-19T03:00:00Z,SE3,2.80,15
2026-09-19T03:00:00Z,SE4,3.50,15
2026-09-19T03:00:00Z,SI,210.90,15
2026-09-19T03:00:00Z,SK,231.49,15
2026-09-19T03:15:00Z,AT,210.90,15
2026-09-19T03:15:00Z,BE,38.38,15
2026-09-19T03:15:00Z,CZ,89.87,15
2026-09-19T03:15:00Z,DE-LU,34.41,15
2026-09-19T03:15:00Z,DK1,4.90,15
2026-09-19T03:15:00Z,DK2,4.99,15
2026-09-19T03:15:00Z,EE,5.22,15
2026-09-19T03:15:00Z,ES,175.90,15
2026-09-19T03:15:00Z,FI,5.23,15
2026-09-19T03:15:00Z,FR,44.42,15
2026-09-19T03:15:00Z,GR,225.96,15
2026-09-19T03:15:00Z,HR,213.51,15
2026-09-19T03:15:00Z,HU,238.36,15
2026-09-19T03:15:00Z,IT-CNorth,221.45,15
2026-09-19T03:15:00Z,IT-CSouth,221.45,15
2026-09-19T03:15:00Z,IT-North,221.45,15
2026-09-19T03:15:00Z,IT-Sardinia,221.45,15
2026-09-19T03:15:00Z,IT-Sicily,350.00,15
2026-09-19T03:15:00Z,IT-South,221.45,15
2026-09-19T03:15:00Z,LT,5.22,15
2026-09-19T03:15:00Z,LV,5.22,15
2026-09-19T03:15:00Z,NL,34.41,15
2026-09-19T03:15:00Z,NO1,12.44,15
2026-09-19T03:15:00Z,NO2,11.46,15
2026-09-19T03:15:00Z,NO3,26.32,15
2026-09-19T03:15:00Z,NO4,17.25,15
2026-09-19T03:15:00Z,NO5,13.60,15
2026-09-19T03:15:00Z,PL,144.56,15
2026-09-19T03:15:00Z,PT,175.90,15
2026-09-19T03:15:00Z,RO,227.84,15
2026-09-19T03:15:00Z,RS,176.00,15
2026-09-19T03:15:00Z,SE1,5.83,15
2026-09-19T03:15:00Z,SE2,1.10,15
2026-09-19T03:15:00Z,SE3,2.98,15
2026-09-19T03:15:00Z,SE4,3.69,15
2026-09-19T03:15:00Z,SI,210.90,15
2026-09-19T03:15:00Z,SK,237.07,15
2026-09-19T03:30:00Z,AT,211.00,15
2026-09-19T03:30:00Z,BE,37.89,15
2026-09-19T03:30:00Z,CZ,90.36,15
2026-09-19T03:30:00Z,DE-LU,34.03,15
2026-09-19T03:30:00Z,DK1,4.93,15
2026-09-19T03:30:00Z,DK2,5.02,15
2026-09-19T03:30:00Z,EE,5.23,15
2026-09-19T03:30:00Z,ES,177.99,15
2026-09-19T03:30:00Z,FI,5.24,15
2026-09-19T03:30:00Z,FR,43.69,15
2026-09-19T03:30:00Z,GR,225.27,15
2026-09-19T03:30:00Z,HR,213.31,15
2026-09-19T03:30:00Z,HU,237.41,15
2026-09-19T03:30:00Z,IT-CNorth,221.45,15
2026-09-19T03:30:00Z,IT-CSouth,221.45,15
2026-09-19T03:30:00Z,IT-North,221.45,15
2026-09-19T03:30:00Z,IT-Sardinia,221.45,15
2026-09-19T03:30:00Z,IT-Sicily,350.00,15
2026-09-19T03:30:00Z,IT-South,221.45,15
2026-09-19T03:30:00Z,LT,5.23,15
2026-09-19T03:30:00Z,LV,5.23,15
2026-09-19T03:30:00Z,NL,33.96,15
2026-09-19T03:30:00Z,NO1,12.07,15
2026-09-19T03:30:00Z,NO2,11.15,15
2026-09-19T03:30:00Z,NO3,25.25,15
2026-09-19T03:30:00Z,NO4,16.64,15
2026-09-19T03:30:00Z,NO5,13.18,15
2026-09-19T03:30:00Z,PL,155.76,15
2026-09-19T03:30:00Z,PT,177.99,15
2026-09-19T03:30:00Z,RO,227.10,15
2026-09-19T03:30:00Z,RS,176.00,15
2026-09-19T03:30:00Z,SE1,5.81,15
2026-09-19T03:30:00Z,SE2,1.33,15
2026-09-19T03:30:00Z,SE3,3.10,15
2026-09-19T03:30:00Z,SE4,3.78,15
2026-09-19T03:30:00Z,SI,211.00,15
2026-09-19T03:30:00Z,SK,235.69,15
2026-09-19T03:45:00Z,AT,218.88,15
2026-09-19T03:45:00Z,BE,44.91,15
2026-09-19T03:45:00Z,CZ,106.25,15
2026-09-19T03:45:00Z,DE-LU,39.94,15
2026-09-19T03:45:00Z,DK1,4.90,15
2026-09-19T03:45:00Z,DK2,4.99,15
2026-09-19T03:45:00Z,EE,5.46,15
2026-09-19T03:45:00Z,ES,170.21,15
2026-09-19T03:45:00Z,FI,5.46,15
2026-09-19T03:45:00Z,FR,55.28,15
2026-09-19T03:45:00Z,GR,224.96,15
2026-09-19T03:45:00Z,HR,218.88,15
2026-09-19T03:45:00Z,HU,233.92,15
2026-09-19T03:45:00Z,IT-CNorth,237.00,15
2026-09-19T03:45:00Z,IT-CSouth,237.00,15
2026-09-19T03:45:00Z,IT-North,237.00,15
2026-09-19T03:45:00Z,IT-Sardinia,237.00,15
2026-09-19T03:45:00Z,IT-Sicily,350.00,15
2026-09-19T03:45:00Z,IT-South,237.00,15
2026-09-19T03:45:00Z,LT,5.46,15
2026-09-19T03:45:00Z,LV,5.46,15
2026-09-19T03:45:00Z,NL,40.30,15
2026-09-19T03:45:00Z,NO1,13.05,15
2026-09-19T03:45:00Z,NO2,12.02,15
2026-09-19T03:45:00Z,NO3,27.66,15
2026-09-19T03:45:00Z,NO4,18.11,15
2026-09-19T03:45:00Z,NO5,14.27,15
2026-09-19T03:45:00Z,PL,144.51,15
2026-09-19T03:45:00Z,PT,170.21,15
2026-09-19T03:45:00Z,RO,226.18,15
2026-09-19T03:45:00Z,RS,176.00,15
2026-09-19T03:45:00Z,SE1,6.09,15
2026-09-19T03:45:00Z,SE2,1.12,15
2026-09-19T03:45:00Z,SE3,3.10,15
2026-09-19T03:45:00Z,SE4,3.85,15
2026-09-19T03:45:00Z,SI,218.88,15
2026-09-19T03:45:00Z,SK,227.72,15
2026-09-19T04:00:00Z,AT,204.99,15
2026-09-19T04:00:00Z,BE,46.01,15
2026-09-19T04:00:00Z,CH,169.36,60
2026-09-19T04:00:00Z,CZ,115.70,15
2026-09-19T04:00:00Z,DE-LU,40.74,15
2026-09-19T04:00:00Z,DK1,5.07,15
2026-09-19T04:00:00Z,DK2,5.16,15
2026-09-19T04:00:00Z,EE,5.73,15
2026-09-19T04:00:00Z,ES,179.16,15
2026-09-19T04:00:00Z,FI,5.73,15
2026-09-19T04:00:00Z,FR,51.76,15
2026-09-19T04:00:00Z,GR,228.96,15
2026-09-19T04:00:00Z,HR,226.76,15
2026-09-19T04:00:00Z,HU,234.34,15
2026-09-19T04:00:00Z,IT-CNorth,226.76,15
2026-09-19T04:00:00Z,IT-CSouth,226.76,15
2026-09-19T04:00:00Z,IT-North,226.76,15
2026-09-19T04:00:00Z,IT-Sardinia,226.76,15
2026-09-19T04:00:00Z,IT-Sicily,326.61,15
2026-09-19T04:00:00Z,IT-South,226.76,15
2026-09-19T04:00:00Z,LT,5.73,15
2026-09-19T04:00:00Z,LV,5.73,15
2026-09-19T04:00:00Z,NL,43.77,15
2026-09-19T04:00:00Z,NO1,13.58,15
2026-09-19T04:00:00Z,NO2,12.51,15
2026-09-19T04:00:00Z,NO3,28.68,15
2026-09-19T04:00:00Z,NO4,18.81,15
2026-09-19T04:00:00Z,NO5,14.84,15
2026-09-19T04:00:00Z,PL,145.44,15
2026-09-19T04:00:00Z,PT,179.16,15
2026-09-19T04:00:00Z,RO,231.05,15
2026-09-19T04:00:00Z,RS,183.00,15
2026-09-19T04:00:00Z,SE1,6.39,15
2026-09-19T04:00:00Z,SE2,1.22,15
2026-09-19T04:00:00Z,SE3,3.28,15
2026-09-19T04:00:00Z,SE4,4.06,15
2026-09-19T04:00:00Z,SI,226.76,15
2026-09-19T04:00:00Z,SK,151.98,15
2026-09-19T04:15:00Z,AT,215.63,15
2026-09-19T04:15:00Z,BE,52.44,15
2026-09-19T04:15:00Z,CZ,123.56,15
2026-09-19T04:15:00Z,DE-LU,46.66,15
2026-09-19T04:15:00Z,DK1,5.55,15
2026-09-19T04:15:00Z,DK2,5.65,15
2026-09-19T04:15:00Z,EE,6.18,15
2026-09-19T04:15:00Z,ES,180.00,15
2026-09-19T04:15:00Z,FI,6.19,15
2026-09-19T04:15:00Z,FR,58.11,15
2026-09-19T04:15:00Z,GR,233.77,15
2026-09-19T04:15:00Z,HR,227.79,15
2026-09-19T04:15:00Z,HU,240.85,15
2026-09-19T04:15:00Z,IT-CNorth,227.79,15
2026-09-19T04:15:00Z,IT-CSouth,227.79,15
2026-09-19T04:15:00Z,IT-North,227.79,15
2026-09-19T04:15:00Z,IT-Sardinia,227.79,15
2026-09-19T04:15:00Z,IT-Sicily,326.26,15
2026-09-19T04:15:00Z,IT-South,227.79,15
2026-09-19T04:15:00Z,LT,6.18,15
2026-09-19T04:15:00Z,LV,6.18,15
2026-09-19T04:15:00Z,NL,50.24,15
2026-09-19T04:15:00Z,NO1,13.86,15
2026-09-19T04:15:00Z,NO2,12.82,15
2026-09-19T04:15:00Z,NO3,28.64,15
2026-09-19T04:15:00Z,NO4,18.98,15
2026-09-19T04:15:00Z,NO5,15.10,15
2026-09-19T04:15:00Z,PL,155.34,15
2026-09-19T04:15:00Z,PT,180.00,15
2026-09-19T04:15:00Z,RO,236.16,15
2026-09-19T04:15:00Z,RS,183.00,15
2026-09-19T04:15:00Z,SE1,6.84,15
2026-09-19T04:15:00Z,SE2,1.77,15
2026-09-19T04:15:00Z,SE3,3.79,15
2026-09-19T04:15:00Z,SE4,4.56,15
2026-09-19T04:15:00Z,SI,227.79,15
2026-09-19T04:15:00Z,SK,159.39,15
2026-09-19T04:30:00Z,AT,222.53,15
2026-09-19T04:30:00Z,BE,46.00,15
2026-09-19T04:30:00Z,CZ,130.50,15
2026-09-19T04:30:00Z,DE-LU,40.08,15
2026-09-19T04:30:00Z,DK1,5.48,15
2026-09-19T04:30:00Z,DK2,5.57,15
2026-09-19T04:30:00Z,EE,6.29,15
2026-09-19T04:30:00Z,ES,180.10,15
2026-09-19T04:30:00Z,FI,6.30,15
2026-09-19T04:30:00Z,FR,52.43,15
2026-09-19T04:30:00Z,GR,239.95,15
2026-09-19T04:30:00Z,HR,242.67,15
2026-09-19T04:30:00Z,HU,242.67,15
2026-09-19T04:30:00Z,IT-CNorth,242.67,15
2026-09-19T04:30:00Z,IT-CSouth,242.67,15
2026-09-19T04:30:00Z,IT-North,242.67,15
2026-09-19T04:30:00Z,IT-Sardinia,242.67,15
2026-09-19T04:30:00Z,IT-Sicily,288.00,15
2026-09-19T04:30:00Z,IT-South,242.67,15
2026-09-19T04:30:00Z,LT,6.29,15
2026-09-19T04:30:00Z,LV,6.29,15
2026-09-19T04:30:00Z,NL,43.46,15
2026-09-19T04:30:00Z,NO1,13.95,15
2026-09-19T04:30:00Z,NO2,12.91,15
2026-09-19T04:30:00Z,NO3,28.69,15
2026-09-19T04:30:00Z,NO4,19.06,15
2026-09-19T04:30:00Z,NO5,15.19,15
2026-09-19T04:30:00Z,PL,154.77,15
2026-09-19T04:30:00Z,PT,180.10,15
2026-09-19T04:30:00Z,RO,241.31,15
2026-09-19T04:30:00Z,RS,183.00,15
2026-09-19T04:30:00Z,SE1,6.94,15
2026-09-19T04:30:00Z,SE2,1.89,15
2026-09-19T04:30:00Z,SE3,3.90,15
2026-09-19T04:30:00Z,SE4,4.67,15
2026-09-19T04:30:00Z,SI,242.67,15
2026-09-19T04:30:00Z,SK,172.62,15
2026-09-19T04:45:00Z,AT,231.22,15
2026-09-19T04:45:00Z,BE,50.00,15
2026-09-19T04:45:00Z,CZ,139.36,15
2026-09-19T04:45:00Z,DE-LU,43.47,15
2026-09-19T04:45:00Z,DK1,5.55,15
2026-09-19T04:45:00Z,DK2,5.65,15
2026-09-19T04:45:00Z,EE,6.30,15
2026-09-19T04:45:00Z,ES,185.60,15
2026-09-19T04:45:00Z,FI,6.31,15
2026-09-19T04:45:00Z,FR,56.57,15
2026-09-19T04:45:00Z,GR,241.13,15
2026-09-19T04:45:00Z,HR,243.63,15
2026-09-19T04:45:00Z,HU,243.63,15
2026-09-19T04:45:00Z,IT-CNorth,246.59,15
2026-09-19T04:45:00Z,IT-CSouth,246.59,15
2026-09-19T04:45:00Z,IT-North,246.59,15
2026-09-19T04:45:00Z,IT-Sardinia,246.59,15
2026-09-19T04:45:00Z,IT-Sicily,265.33,15
2026-09-19T04:45:00Z,IT-South,246.59,15
2026-09-19T04:45:00Z,LT,6.30,15
2026-09-19T04:45:00Z,LV,6.30,15
2026-09-19T04:45:00Z,NL,47.39,15
2026-09-19T04:45:00Z,NO1,13.97,15
2026-09-19T04:45:00Z,NO2,12.93,15
2026-09-19T04:45:00Z,NO3,28.71,15
2026-09-19T04:45:00Z,NO4,19.08,15
2026-09-19T04:45:00Z,NO5,15.20,15
2026-09-19T04:45:00Z,PL,153.89,15
2026-09-19T04:45:00Z,PT,185.60,15
2026-09-19T04:45:00Z,RO,242.30,15
2026-09-19T04:45:00Z,RS,183.00,15
2026-09-19T04:45:00Z,SE1,6.96,15
2026-09-19T04:45:00Z,SE2,1.90,15
2026-09-19T04:45:00Z,SE3,3.92,15
2026-09-19T04:45:00Z,SE4,4.68,15
2026-09-19T04:45:00Z,SI,246.59,15
2026-09-19T04:45:00Z,SK,182.39,15
2026-09-19T05:00:00Z,AT,242.53,15
2026-09-19T05:00:00Z,BE,48.91,15
2026-09-19T05:00:00Z,CH,171.16,60
2026-09-19T05:00:00Z,CZ,129.81,15
2026-09-19T05:00:00Z,DE-LU,41.38,15
2026-09-19T05:00:00Z,DK1,7.92,15
2026-09-19T05:00:00Z,DK2,8.06,15
2026-09-19T05:00:00Z,EE,7.27,15
2026-09-19T05:00:00Z,ES,186.04,15
2026-09-19T05:00:00Z,FI,7.27,15
2026-09-19T05:00:00Z,FR,56.08,15
2026-09-19T05:00:00Z,GR,237.29,15
2026-09-19T05:00:00Z,HR,240.34,15
2026-09-19T05:00:00Z,HU,240.34,15
2026-09-19T05:00:00Z,IT-CNorth,242.53,15
2026-09-19T05:00:00Z,IT-CSouth,242.53,15
2026-09-19T05:00:00Z,IT-North,242.53,15
2026-09-19T05:00:00Z,IT-Sardinia,242.53,15
2026-09-19T05:00:00Z,IT-Sicily,398.76,15
2026-09-19T05:00:00Z,IT-South,242.53,15
2026-09-19T05:00:00Z,LT,7.27,15
2026-09-19T05:00:00Z,LV,7.27,15
2026-09-19T05:00:00Z,NL,45.96,15
2026-09-19T05:00:00Z,NO1,14.53,15
2026-09-19T05:00:00Z,NO2,13.55,15
2026-09-19T05:00:00Z,NO3,28.52,15
2026-09-19T05:00:00Z,NO4,19.39,15
2026-09-19T05:00:00Z,NO5,15.71,15
2026-09-19T05:00:00Z,PL,156.10,15
2026-09-19T05:00:00Z,PT,186.04,15
2026-09-19T05:00:00Z,RO,237.55,15
2026-09-19T05:00:00Z,RS,165.01,15
2026-09-19T05:00:00Z,SE1,7.85,15
2026-09-19T05:00:00Z,SE2,3.08,15
2026-09-19T05:00:00Z,SE3,5.00,15
2026-09-19T05:00:00Z,SE4,5.73,15
2026-09-19T05:00:00Z,SI,242.53,15
2026-09-19T05:00:00Z,SK,232.78,15
2026-09-19T05:15:00Z,AT,238.91,15
2026-09-19T05:15:00Z,BE,49.34,15
2026-09-19T05:15:00Z,CZ,128.31,15
2026-09-19T05:15:00Z,DE-LU,41.99,15
2026-09-19T05:15:00Z,DK1,6.70,15
2026-09-19T05:15:00Z,DK2,6.82,15
2026-09-19T05:15:00Z,EE,7.18,15
2026-09-19T05:15:00Z,ES,187.50,15
2026-09-19T05:15:00Z,FI,7.18,15
2026-09-19T05:15:00Z,FR,56.35,15
2026-09-19T05:15:00Z,GR,232.20,15
2026-09-19T05:15:00Z,HR,235.23,15
2026-09-19T05:15:00Z,HU,235.23,15
2026-09-19T05:15:00Z,IT-CNorth,238.91,15
2026-09-19T05:15:00Z,IT-CSouth,238.91,15
2026-09-19T05:15:00Z,IT-North,238.91,15
2026-09-19T05:15:00Z,IT-Sardinia,238.91,15
2026-09-19T05:15:00Z,IT-Sicily,398.76,15
2026-09-19T05:15:00Z,IT-South,238.91,15
2026-09-19T05:15:00Z,LT,7.18,15
2026-09-19T05:15:00Z,LV,7.18,15
2026-09-19T05:15:00Z,NL,46.46,15
2026-09-19T05:15:00Z,NO1,14.56,15
2026-09-19T05:15:00Z,NO2,13.56,15
2026-09-19T05:15:00Z,NO3,28.75,15
2026-09-19T05:15:00Z,NO4,19.48,15
2026-09-19T05:15:00Z,NO5,15.75,15
2026-09-19T05:15:00Z,PL,151.68,15
2026-09-19T05:15:00Z,PT,187.50,15
2026-09-19T05:15:00Z,RO,232.46,15
2026-09-19T05:15:00Z,RS,165.01,15
2026-09-19T05:15:00Z,SE1,7.77,15
2026-09-19T05:15:00Z,SE2,2.93,15
2026-09-19T05:15:00Z,SE3,4.88,15
2026-09-19T05:15:00Z,SE4,5.61,15
2026-09-19T05:15:00Z,SI,238.91,15
2026-09-19T05:15:00Z,SK,227.07,15
2026-09-19T05:30:00Z,AT,229.07,15
2026-09-19T05:30:00Z,BE,51.42,15
2026-09-19T05:30:00Z,CZ,112.12,15
2026-09-19T05:30:00Z,DE-LU,45.07,15
2026-09-19T05:30:00Z,DK1,5.58,15
2026-09-19T05:30:00Z,DK2,5.68,15
2026-09-19T05:30:00Z,EE,7.03,15
2026-09-19T05:30:00Z,ES,188.76,15
2026-09-19T05:30:00Z,FI,7.04,15
2026-09-19T05:30:00Z,FR,57.67,15
2026-09-19T05:30:00Z,GR,221.64,15
2026-09-19T05:30:00Z,HR,229.07,15
2026-09-19T05:30:00Z,HU,224.10,15
2026-09-19T05:30:00Z,IT-CNorth,229.07,15
2026-09-19T05:30:00Z,IT-CSouth,229.07,15
2026-09-19T05:30:00Z,IT-North,229.07,15
2026-09-19T05:30:00Z,IT-Sardinia,229.07,15
2026-09-19T05:30:00Z,IT-Sicily,398.76,15
2026-09-19T05:30:00Z,IT-South,229.07,15
2026-09-19T05:30:00Z,LT,7.03,15
2026-09-19T05:30:00Z,LV,7.03,15
2026-09-19T05:30:00Z,NL,48.90,15
2026-09-19T05:30:00Z,NO1,14.72,15
2026-09-19T05:30:00Z,NO2,13.68,15
2026-09-19T05:30:00Z,NO3,29.52,15
2026-09-19T05:30:00Z,NO4,19.85,15
2026-09-19T05:30:00Z,NO5,15.96,15
2026-09-19T05:30:00Z,PL,146.58,15
2026-09-19T05:30:00Z,PT,188.76,15
2026-09-19T05:30:00Z,RO,221.64,15
2026-09-19T05:30:00Z,RS,165.01,15
2026-09-19T05:30:00Z,SE1,7.65,15
2026-09-19T05:30:00Z,SE2,2.60,15
2026-09-19T05:30:00Z,SE3,4.64,15
2026-09-19T05:30:00Z,SE4,5.41,15
2026-09-19T05:30:00Z,SI,229.07,15
2026-09-19T05:30:00Z,SK,211.74,15
2026-09-19T05:45:00Z,AT,174.22,15
2026-09-19T05:45:00Z,BE,44.77,15
2026-09-19T05:45:00Z,CZ,96.00,15
2026-09-19T05:45:00Z,DE-LU,40.10,15
2026-09-19T05:45:00Z,DK1,5.57,15
2026-09-19T05:45:00Z,DK2,5.67,15
2026-09-19T05:45:00Z,EE,6.80,15
2026-09-19T05:45:00Z,ES,189.24,15
2026-09-19T05:45:00Z,FI,6.80,15
2026-09-19T05:45:00Z,FR,49.21,15
2026-09-19T05:45:00Z,GR,161.24,15
2026-09-19T05:45:00Z,HR,169.59,15
2026-09-19T05:45:00Z,HU,161.19,15
2026-09-19T05:45:00Z,IT-CNorth,208.89,15
2026-09-19T05:45:00Z,IT-CSouth,208.89,15
2026-09-19T05:45:00Z,IT-North,208.89,15
2026-09-19T05:45:00Z,IT-Sardinia,208.89,15
2026-09-19T05:45:00Z,IT-Sicily,398.76,15
2026-09-19T05:45:00Z,IT-South,208.89,15
2026-09-19T05:45:00Z,LT,6.80,15
2026-09-19T05:45:00Z,LV,6.80,15
2026-09-19T05:45:00Z,NL,42.99,15
2026-09-19T05:45:00Z,NO1,14.61,15
2026-09-19T05:45:00Z,NO2,13.55,15
2026-09-19T05:45:00Z,NO3,29.64,15
2026-09-19T05:45:00Z,NO4,19.82,15
2026-09-19T05:45:00Z,NO5,15.87,15
2026-09-19T05:45:00Z,PL,141.80,15
2026-09-19T05:45:00Z,PT,189.24,15
2026-09-19T05:45:00Z,RO,160.92,15
2026-09-19T05:45:00Z,RS,165.01,15
2026-09-19T05:45:00Z,SE1,7.42,15
2026-09-19T05:45:00Z,SE2,2.29,15
2026-09-19T05:45:00Z,SE3,4.36,15
2026-09-19T05:45:00Z,SE4,5.14,15
2026-09-19T05:45:00Z,SI,174.22,15
2026-09-19T05:45:00Z,SK,148.04,15
2026-09-19T06:00:00Z,AT,239.91,15
2026-09-19T06:00:00Z,BE,53.55,15
2026-09-19T06:00:00Z,CH,156.40,60
2026-09-19T06:00:00Z,CZ,134.14,15
2026-09-19T06:00:00Z,DE-LU,47.71,15
2026-09-19T06:00:00Z,DK1,6.67,15
2026-09-19T06:00:00Z,DK2,6.79,15
2026-09-19T06:00:00Z,EE,8.45,15
2026-09-19T06:00:00Z,ES,189.24,15
2026-09-19T06:00:00Z,FI,8.46,15
2026-09-19T06:00:00Z,FR,58.08,15
2026-09-19T06:00:00Z,GR,199.33,15
2026-09-19T06:00:00Z,HR,210.38,15
2026-09-19T06:00:00Z,HU,199.33,15
2026-09-19T06:00:00Z,IT-CNorth,231.92,15
2026-09-19T06:00:00Z,IT-CSouth,231.92,15
2026-09-19T06:00:00Z,IT-North,231.92,15
2026-09-19T06:00:00Z,IT-Sardinia,231.92,15
2026-09-19T06:00:00Z,IT-Sicily,398.76,15
2026-09-19T06:00:00Z,IT-South,231.92,15
2026-09-19T06:00:00Z,LT,8.45,15
2026-09-19T06:00:00Z,LV,8.45,15
2026-09-19T06:00:00Z,NL,51.53,15
2026-09-19T06:00:00Z,NO1,17.40,15
2026-09-19T06:00:00Z,NO2,16.05,15
2026-09-19T06:00:00Z,NO3,34.15,15
2026-09-19T06:00:00Z,NO4,23.10,15
2026-09-19T06:00:00Z,NO5,18.66,15
2026-09-19T06:00:00Z,PL,125.17,15
2026-09-19T06:00:00Z,PT,189.24,15
2026-09-19T06:00:00Z,RO,199.33,15
2026-09-19T06:00:00Z,RS,115.01,15
2026-09-19T06:00:00Z,SE1,9.13,15
2026-09-19T06:00:00Z,SE2,3.34,15
2026-09-19T06:00:00Z,SE3,5.72,15
2026-09-19T06:00:00Z,SE4,6.59,15
2026-09-19T06:00:00Z,SI,210.38,15
2026-09-19T06:00:00Z,SK,178.47,15
2026-09-19T06:15:00Z,AT,210.94,15
2026-09-19T06:15:00Z,BE,38.94,15
2026-09-19T06:15:00Z,CZ,118.35,15
2026-09-19T06:15:00Z,DE-LU,36.53,15
2026-09-19T06:15:00Z,DK1,5.74,15
2026-09-19T06:15:00Z,DK2,5.84,15
2026-09-19T06:15:00Z,EE,7.63,15
2026-09-19T06:15:00Z,ES,187.18,15
2026-09-19T06:15:00Z,FI,7.64,15
2026-09-19T06:15:00Z,FR,38.94,15
2026-09-19T06:15:00Z,GR,170.81,15
2026-09-19T06:15:00Z,HR,185.18,15
2026-09-19T06:15:00Z,HU,169.05,15
2026-09-19T06:15:00Z,IT-CNorth,210.94,15
2026-09-19T06:15:00Z,IT-CSouth,210.94,15
2026-09-19T06:15:00Z,IT-North,210.94,15
2026-09-19T06:15:00Z,IT-Sardinia,210.94,15
2026-09-19T06:15:00Z,IT-Sicily,398.76,15
2026-09-19T06:15:00Z,IT-South,210.94,15
2026-09-19T06:15:00Z,LT,7.63,15
2026-09-19T06:15:00Z,LV,7.63,15
2026-09-19T06:15:00Z,NL,37.83,15
2026-09-19T06:15:00Z,NO1,17.25,15
2026-09-19T06:15:00Z,NO2,15.80,15
2026-09-19T06:15:00Z,NO3,35.26,15
2026-09-19T06:15:00Z,NO4,23.39,15
2026-09-19T06:15:00Z,NO5,18.60,15
2026-09-19T06:15:00Z,PL,118.31,15
2026-09-19T06:15:00Z,PT,187.18,15
2026-09-19T06:15:00Z,RO,170.81,15
2026-09-19T06:15:00Z,RS,115.01,15
2026-09-19T06:15:00Z,SE1,8.35,15
2026-09-19T06:15:00Z,SE2,2.13,15
2026-09-19T06:15:00Z,SE3,4.69,15
2026-09-19T06:15:00Z,SE4,5.63,15
2026-09-19T06:15:00Z,SI,185.18,15
2026-09-19T06:15:00Z,SK,146.20,15
2026-09-19T06:30:00Z,AT,152.03,15
2026-09-19T06:30:00Z,BE,31.24,15
2026-09-19T06:30:00Z,CZ,79.12,15
2026-09-19T06:30:00Z,DE-LU,27.96,15
2026-09-19T06:30:00Z,DK1,5.52,15
2026-09-19T06:30:00Z,DK2,5.62,15
2026-09-19T06:30:00Z,EE,7.39,15
2026-09-19T06:30:00Z,ES,175.40,15
2026-09-19T06:30:00Z,FI,7.40,15
2026-09-19T06:30:00Z,FR,33.77,15
2026-09-19T06:30:00Z,GR,121.20,15
2026-09-19T06:30:00Z,HR,136.01,15
2026-09-19T06:30:00Z,HU,121.20,15
2026-09-19T06:30:00Z,IT-CNorth,180.64,15
2026-09-19T06:30:00Z,IT-CSouth,180.64,15
2026-09-19T06:30:00Z,IT-North,180.64,15
2026-09-19T06:30:00Z,IT-Sardinia,180.64,15
2026-09-19T06:30:00Z,IT-Sicily,398.75,15
2026-09-19T06:30:00Z,IT-South,180.64,15
2026-09-19T06:30:00Z,LT,7.39,15
2026-09-19T06:30:00Z,LV,7.39,15
2026-09-19T06:30:00Z,NL,30.32,15
2026-09-19T06:30:00Z,NO1,16.90,15
2026-09-19T06:30:00Z,NO2,15.47,15
2026-09-19T06:30:00Z,NO3,34.71,15
2026-09-19T06:30:00Z,NO4,22.97,15
2026-09-19T06:30:00Z,NO5,18.24,15
2026-09-19T06:30:00Z,PL,115.55,15
2026-09-19T06:30:00Z,PT,175.40,15
2026-09-19T06:30:00Z,RO,121.20,15
2026-09-19T06:30:00Z,RS,115.01,15
2026-09-19T06:30:00Z,SE1,8.10,15
2026-09-19T06:30:00Z,SE2,1.95,15
2026-09-19T06:30:00Z,SE3,4.48,15
2026-09-19T06:30:00Z,SE4,5.41,15
2026-09-19T06:30:00Z,SI,136.01,15
2026-09-19T06:30:00Z,SK,102.03,15
2026-09-19T06:45:00Z,AT,19.04,15
2026-09-19T06:45:00Z,BE,12.05,15
2026-09-19T06:45:00Z,CZ,15.31,15
2026-09-19T06:45:00Z,DE-LU,11.80,15
2026-09-19T06:45:00Z,DK1,10.11,15
2026-09-19T06:45:00Z,DK2,10.29,15
2026-09-19T06:45:00Z,EE,6.04,15
2026-09-19T06:45:00Z,ES,124.16,15
2026-09-19T06:45:00Z,FI,6.05,15
2026-09-19T06:45:00Z,FR,12.34,15
2026-09-19T06:45:00Z,GR,15.00,15
2026-09-19T06:45:00Z,HR,16.94,15
2026-09-19T06:45:00Z,HU,16.94,15
2026-09-19T06:45:00Z,IT-CNorth,179.64,15
2026-09-19T06:45:00Z,IT-CSouth,179.64,15
2026-09-19T06:45:00Z,IT-North,179.64,15
2026-09-19T06:45:00Z,IT-Sardinia,179.64,15
2026-09-19T06:45:00Z,IT-Sicily,398.75,15
2026-09-19T06:45:00Z,IT-South,179.64,15
2026-09-19T06:45:00Z,LT,6.04,15
2026-09-19T06:45:00Z,LV,6.04,15
2026-09-19T06:45:00Z,NL,11.92,15
2026-09-19T06:45:00Z,NO1,14.12,15
2026-09-19T06:45:00Z,NO2,12.90,15
2026-09-19T06:45:00Z,NO3,29.25,15
2026-09-19T06:45:00Z,NO4,19.28,15
2026-09-19T06:45:00Z,NO5,15.26,15
2026-09-19T06:45:00Z,PL,88.02,15
2026-09-19T06:45:00Z,PT,124.16,15
2026-09-19T06:45:00Z,RO,16.83,15
2026-09-19T06:45:00Z,RS,115.01,15
2026-09-19T06:45:00Z,SE1,6.65,15
2026-09-19T06:45:00Z,SE2,1.42,15
2026-09-19T06:45:00Z,SE3,3.57,15
2026-09-19T06:45:00Z,SE4,4.36,15
2026-09-19T06:45:00Z,SI,17.09,15
2026-09-19T06:45:00Z,SK,16.13,15
2026-09-19T07:00:00Z,AT,111.12,15
2026-09-19T07:00:00Z,BE,27.02,15
2026-09-19T07:00:00Z,CH,153.23,60
2026-09-19T07:00:00Z,CZ,63.33,15
2026-09-19T07:00:00Z,DE-LU,16.90,15
2026-09-19T07:00:00Z,DK1,15.89,15
2026-09-19T07:00:00Z,DK2,16.18,15
2026-09-19T07:00:00Z,EE,7.99,15
2026-09-19T07:00:00Z,ES,128.20,15
2026-09-19T07:00:00Z,FI,8.00,15
2026-09-19T07:00:00Z,FR,29.34,15
2026-09-19T07:00:00Z,GR,20.23,15
2026-09-19T07:00:00Z,HR,111.12,15
2026-09-19T07:00:00Z,HU,84.94,15
2026-09-19T07:00:00Z,IT-CNorth,180.02,15
2026-09-19T07:00:00Z,IT-CSouth,180.02,15
2026-09-19T07:00:00Z,IT-North,180.02,15
2026-09-19T07:00:00Z,IT-Sardinia,180.02,15
2026-09-19T07:00:00Z,IT-Sicily,288.00,15
2026-09-19T07:00:00Z,IT-South,180.02,15
2026-09-19T07:00:00Z,LT,5.24,15
2026-09-19T07:00:00Z,LV,7.99,15
2026-09-19T07:00:00Z,NL,25.00,15
2026-09-19T07:00:00Z,NO1,18.23,15
2026-09-19T07:00:00Z,NO2,16.65,15
2026-09-19T07:00:00Z,NO3,37.06,15
2026-09-19T07:00:00Z,NO4,24.58,15
2026-09-19T07:00:00Z,NO5,19.58,15
2026-09-19T07:00:00Z,PL,63.30,15
2026-09-19T07:00:00Z,PT,128.20,15
2026-09-19T07:00:00Z,RO,84.94,15
2026-09-19T07:00:00Z,RS,63.00,15
2026-09-19T07:00:00Z,SE1,8.78,15
2026-09-19T07:00:00Z,SE2,2.19,15
2026-09-19T07:00:00Z,SE3,4.94,15
2026-09-19T07:00:00Z,SE4,5.92,15
2026-09-19T07:00:00Z,SI,111.12,15
2026-09-19T07:00:00Z,SK,73.73,15
2026-09-19T07:15:00Z,AT,15.18,15
2026-09-19T07:15:00Z,BE,9.97,15
2026-09-19T07:15:00Z,CZ,10.96,15
2026-09-19T07:15:00Z,DE-LU,6.55,15
2026-09-19T07:15:00Z,DK1,5.83,15
2026-09-19T07:15:00Z,DK2,4.98,15
2026-09-19T07:15:00Z,EE,5.35,15
2026-09-19T07:15:00Z,ES,95.40,15
2026-09-19T07:15:00Z,FI,5.35,15
2026-09-19T07:15:00Z,FR,9.32,15
2026-09-19T07:15:00Z,GR,12.79,15
2026-09-19T07:15:00Z,HR,13.03,15
2026-09-19T07:15:00Z,HU,12.88,15
2026-09-19T07:15:00Z,IT-CNorth,175.27,15
2026-09-19T07:15:00Z,IT-CSouth,175.27,15
2026-09-19T07:15:00Z,IT-North,175.27,15
2026-09-19T07:15:00Z,IT-Sardinia,175.27,15
2026-09-19T07:15:00Z,IT-Sicily,255.46,15
2026-09-19T07:15:00Z,IT-South,175.27,15
2026-09-19T07:15:00Z,LT,5.00,15
2026-09-19T07:15:00Z,LV,5.35,15
2026-09-19T07:15:00Z,NL,9.97,15
2026-09-19T07:15:00Z,NO1,14.34,15
2026-09-19T07:15:00Z,NO2,13.07,15
2026-09-19T07:15:00Z,NO3,29.32,15
2026-09-19T07:15:00Z,NO4,19.37,15
2026-09-19T07:15:00Z,NO5,15.41,15
2026-09-19T07:15:00Z,PL,10.07,15
2026-09-19T07:15:00Z,PT,95.40,15
2026-09-19T07:15:00Z,RO,12.79,15
2026-09-19T07:15:00Z,RS,63.00,15
2026-09-19T07:15:00Z,SE1,6.81,15
2026-09-19T07:15:00Z,SE2,1.57,15
2026-09-19T07:15:00Z,SE3,3.76,15
2026-09-19T07:15:00Z,SE4,4.54,15
2026-09-19T07:15:00Z,SI,13.29,15
2026-09-19T07:15:00Z,SK,11.89,15
2026-09-19T07:30:00Z,AT,10.29,15
2026-09-19T07:30:00Z,BE,3.98,15
2026-09-19T07:30:00Z,CZ,6.50,15
2026-09-19T07:30:00Z,DE-LU,2.74,15
2026-09-19T07:30:00Z,DK1,2.49,15
2026-09-19T07:30:00Z,DK2,3.02,15
2026-09-19T07:30:00Z,EE,4.59,15
2026-09-19T07:30:00Z,ES,38.55,15
2026-09-19T07:30:00Z,FI,4.59,15
2026-09-19T07:30:00Z,FR,3.98,15
2026-09-19T07:30:00Z,GR,0.01,15
2026-09-19T07:30:00Z,HR,8.17,15
2026-09-19T07:30:00Z,HU,8.17,15
2026-09-19T07:30:00Z,IT-CNorth,192.81,15
2026-09-19T07:30:00Z,IT-CSouth,192.81,15
2026-09-19T07:30:00Z,IT-North,192.81,15
2026-09-19T07:30:00Z,IT-Sardinia,192.81,15
2026-09-19T07:30:00Z,IT-Sicily,350.00,15
2026-09-19T07:30:00Z,IT-South,192.81,15
2026-09-19T07:30:00Z,LT,4.59,15
2026-09-19T07:30:00Z,LV,4.59,15
2026-09-19T07:30:00Z,NL,4.42,15
2026-09-19T07:30:00Z,NO1,13.08,15
2026-09-19T07:30:00Z,NO2,11.76,15
2026-09-19T07:30:00Z,NO3,28.75,15
2026-09-19T07:30:00Z,NO4,18.36,15
2026-09-19T07:30:00Z,NO5,14.20,15
2026-09-19T07:30:00Z,PL,5.73,15
2026-09-19T07:30:00Z,PT,38.55,15
2026-09-19T07:30:00Z,RO,8.05,15
2026-09-19T07:30:00Z,RS,63.00,15
2026-09-19T07:30:00Z,SE1,5.21,15
2026-09-19T07:30:00Z,SE2,-0.27,15
2026-09-19T07:30:00Z,SE3,2.02,15
2026-09-19T07:30:00Z,SE4,2.84,15
2026-09-19T07:30:00Z,SI,8.37,15
2026-09-19T07:30:00Z,SK,7.32,15
2026-09-19T07:45:00Z,AT,9.92,15
2026-09-19T07:45:00Z,BE,0.30,15
2026-09-19T07:45:00Z,CZ,4.85,15
2026-09-19T07:45:00Z,DE-LU,0.01,15
2026-09-19T07:45:00Z,DK1,0.09,15
2026-09-19T07:45:00Z,DK2,1.28,15
2026-09-19T07:45:00Z,EE,2.84,15
2026-09-19T07:45:00Z,ES,1.08,15
2026-09-19T07:45:00Z,FI,2.85,15
2026-09-19T07:45:00Z,FR,0.72,15
2026-09-19T07:45:00Z,GR,0.00,15
2026-09-19T07:45:00Z,HR,7.02,15
2026-09-19T07:45:00Z,HU,7.07,15
2026-09-19T07:45:00Z,IT-CNorth,192.30,15
2026-09-19T07:45:00Z,IT-CSouth,192.30,15
2026-09-19T07:45:00Z,IT-North,192.30,15
2026-09-19T07:45:00Z,IT-Sardinia,192.30,15
2026-09-19T07:45:00Z,IT-Sicily,288.00,15
2026-09-19T07:45:00Z,IT-South,192.30,15
2026-09-19T07:45:00Z,LT,2.84,15
2026-09-19T07:45:00Z,LV,2.84,15
2026-09-19T07:45:00Z,NL,0.12,15
2026-09-19T07:45:00Z,NO1,11.34,15
2026-09-19T07:45:00Z,NO2,10.02,15
2026-09-19T07:45:00Z,NO3,27.00,15
2026-09-19T07:45:00Z,NO4,16.61,15
2026-09-19T07:45:00Z,NO5,12.45,15
2026-09-19T07:45:00Z,PL,3.86,15
2026-09-19T07:45:00Z,PT,1.08,15
2026-09-19T07:45:00Z,RO,6.90,15
2026-09-19T07:45:00Z,RS,63.00,15
2026-09-19T07:45:00Z,SE1,3.47,15
2026-09-19T07:45:00Z,SE2,-2.01,15
2026-09-19T07:45:00Z,SE3,0.27,15
2026-09-19T07:45:00Z,SE4,1.09,15
2026-09-19T07:45:00Z,SI,7.28,15
2026-09-19T07:45:00Z,SK,5.95,15
2026-09-19T08:00:00Z,AT,7.42,15
2026-09-19T08:00:00Z,BE,0.30,15
2026-09-19T08:00:00Z,CH,13.31,60
2026-09-19T08:00:00Z,CZ,3.51,15
2026-09-19T08:00:00Z,DE-LU,0.10,15
2026-09-19T08:00:00Z,DK1,0.24,15
2026-09-19T08:00:00Z,DK2,1.60,15
2026-09-19T08:00:00Z,EE,2.64,15
2026-09-19T08:00:00Z,ES,0.51,15
2026-09-19T08:00:00Z,FI,2.64,15
2026-09-19T08:00:00Z,FR,0.51,15
2026-09-19T08:00:00Z,GR,0.01,15
2026-09-19T08:00:00Z,HR,5.19,15
2026-09-19T08:00:00Z,HU,5.27,15
2026-09-19T08:00:00Z,IT-CNorth,240.00,15
2026-09-19T08:00:00Z,IT-CSouth,240.00,15
2026-09-19T08:00:00Z,IT-North,240.00,15
2026-09-19T08:00:00Z,IT-Sardinia,240.00,15
2026-09-19T08:00:00Z,IT-Sicily,240.00,15
2026-09-19T08:00:00Z,IT-South,240.00,15
2026-09-19T08:00:00Z,LT,1.07,15
2026-09-19T08:00:00Z,LV,2.64,15
2026-09-19T08:00:00Z,NL,0.23,15
2026-09-19T08:00:00Z,NO1,8.32,15
2026-09-19T08:00:00Z,NO2,7.40,15
2026-09-19T08:00:00Z,NO3,18.67,15
2026-09-19T08:00:00Z,NO4,11.78,15
2026-09-19T08:00:00Z,NO5,9.02,15
2026-09-19T08:00:00Z,PL,2.90,15
2026-09-19T08:00:00Z,PT,0.51,15
2026-09-19T08:00:00Z,RO,5.12,15
2026-09-19T08:00:00Z,RS,42.00,15
2026-09-19T08:00:00Z,SE1,3.04,15
2026-09-19T08:00:00Z,SE2,-0.58,15
2026-09-19T08:00:00Z,SE3,0.93,15
2026-09-19T08:00:00Z,SE4,1.47,15
2026-09-19T08:00:00Z,SI,5.40,15
2026-09-19T08:00:00Z,SK,4.38,15
2026-09-19T08:15:00Z,AT,5.71,15
2026-09-19T08:15:00Z,BE,0.13,15
2026-09-19T08:15:00Z,CZ,2.54,15
2026-09-19T08:15:00Z,DE-LU,0.00,15
2026-09-19T08:15:00Z,DK1,0.13,15
2026-09-19T08:15:00Z,DK2,1.20,15
2026-09-19T08:15:00Z,EE,1.99,15
2026-09-19T08:15:00Z,ES,0.23,15
2026-09-19T08:15:00Z,FI,2.00,15
2026-09-19T08:15:00Z,FR,0.23,15
2026-09-19T08:15:00Z,GR,0.00,15
2026-09-19T08:15:00Z,HR,3.92,15
2026-09-19T08:15:00Z,HU,3.99,15
2026-09-19T08:15:00Z,IT-CNorth,220.80,15
2026-09-19T08:15:00Z,IT-CSouth,220.80,15
2026-09-19T08:15:00Z,IT-North,220.80,15
2026-09-19T08:15:00Z,IT-Sardinia,220.80,15
2026-09-19T08:15:00Z,IT-Sicily,220.80,15
2026-09-19T08:15:00Z,IT-South,220.80,15
2026-09-19T08:15:00Z,LT,0.79,15
2026-09-19T08:15:00Z,LV,1.99,15
2026-09-19T08:15:00Z,NL,0.11,15
2026-09-19T08:15:00Z,NO1,6.34,15
2026-09-19T08:15:00Z,NO2,5.64,15
2026-09-19T08:15:00Z,NO3,14.27,15
2026-09-19T08:15:00Z,NO4,8.99,15
2026-09-19T08:15:00Z,NO5,6.88,15
2026-09-19T08:15:00Z,PL,2.13,15
2026-09-19T08:15:00Z,PT,0.23,15
2026-09-19T08:15:00Z,RO,3.88,15
2026-09-19T08:15:00Z,RS,42.00,15
2026-09-19T08:15:00Z,SE1,2.31,15
2026-09-19T08:15:00Z,SE2,-0.47,15
2026-09-19T08:15:00Z,SE3,0.69,15
2026-09-19T08:15:00Z,SE4,1.10,15
2026-09-19T08:15:00Z,SI,4.09,15
2026-09-19T08:15:00Z,SK,3.29,15
2026-09-19T08:30:00Z,AT,3.13,15
2026-09-19T08:30:00Z,BE,0.01,15
2026-09-19T08:30:00Z,CZ,1.38,15
2026-09-19T08:30:00Z,DE-LU,-0.03,15
2026-09-19T08:30:00Z,DK1,0.03,15
2026-09-19T08:30:00Z,DK2,0.14,15
2026-09-19T08:30:00Z,EE,1.99,15
2026-09-19T08:30:00Z,ES,0.00,15
2026-09-19T08:30:00Z,FI,2.00,15
2026-09-19T08:30:00Z,FR,0.00,15
2026-09-19T08:30:00Z,GR,0.00,15
2026-09-19T08:30:00Z,HR,2.15,15
2026-09-19T08:30:00Z,HU,2.18,15
2026-09-19T08:30:00Z,IT-CNorth,215.72,15
2026-09-19T08:30:00Z,IT-CSouth,215.72,15
2026-09-19T08:30:00Z,IT-North,215.72,15
2026-09-19T08:30:00Z,IT-Sardinia,215.72,15
2026-09-19T08:30:00Z,IT-Sicily,225.00,15
2026-09-19T08:30:00Z,IT-South,215.72,15
2026-09-19T08:30:00Z,LT,1.13,15
2026-09-19T08:30:00Z,LV,1.99,15
2026-09-19T08:30:00Z,NL,0.00,15
2026-09-19T08:30:00Z,NO1,14.11,15
2026-09-19T08:30:00Z,NO2,3.03,15
2026-09-19T08:30:00Z,NO3,15.06,15
2026-09-19T08:30:00Z,NO4,8.96,15
2026-09-19T08:30:00Z,NO5,6.26,15
2026-09-19T08:30:00Z,PL,1.15,15
2026-09-19T08:30:00Z,PT,0.00,15
2026-09-19T08:30:00Z,RO,2.12,15
2026-09-19T08:30:00Z,RS,42.00,15
2026-09-19T08:30:00Z,SE1,2.30,15
2026-09-19T08:30:00Z,SE2,-0.32,15
2026-09-19T08:30:00Z,SE3,0.00,15
2026-09-19T08:30:00Z,SE4,0.11,15
2026-09-19T08:30:00Z,SI,2.24,15
2026-09-19T08:30:00Z,SK,1.79,15
2026-09-19T08:45:00Z,AT,5.07,15
2026-09-19T08:45:00Z,BE,0.02,15
2026-09-19T08:45:00Z,CZ,2.80,15
2026-09-19T08:45:00Z,DE-LU,-0.09,15
2026-09-19T08:45:00Z,DK1,-0.04,15
2026-09-19T08:45:00Z,DK2,0.13,15
2026-09-19T08:45:00Z,EE,1.99,15
2026-09-19T08:45:00Z,ES,0.00,15
2026-09-19T08:45:00Z,FI,2.00,15
2026-09-19T08:45:00Z,FR,0.00,15
2026-09-19T08:45:00Z,GR,0.00,15
2026-09-19T08:45:00Z,HR,3.62,15
2026-09-19T08:45:00Z,HU,3.75,15
2026-09-19T08:45:00Z,IT-CNorth,187.67,15
2026-09-19T08:45:00Z,IT-CSouth,187.67,15
2026-09-19T08:45:00Z,IT-North,187.67,15
2026-09-19T08:45:00Z,IT-Sardinia,187.67,15
2026-09-19T08:45:00Z,IT-Sicily,187.67,15
2026-09-19T08:45:00Z,IT-South,187.67,15
2026-09-19T08:45:00Z,LT,0.62,15
2026-09-19T08:45:00Z,LV,1.99,15
2026-09-19T08:45:00Z,NL,-0.01,15
2026-09-19T08:45:00Z,NO1,14.21,15
2026-09-19T08:45:00Z,NO2,2.96,15
2026-09-19T08:45:00Z,NO3,14.99,15
2026-09-19T08:45:00Z,NO4,8.92,15
2026-09-19T08:45:00Z,NO5,6.22,15
2026-09-19T08:45:00Z,PL,0.46,15
2026-09-19T08:45:00Z,PT,0.00,15
2026-09-19T08:45:00Z,RO,3.57,15
2026-09-19T08:45:00Z,RS,42.00,15
2026-09-19T08:45:00Z,SE1,2.30,15
2026-09-19T08:45:00Z,SE2,-0.30,15
2026-09-19T08:45:00Z,SE3,0.00,15
2026-09-19T08:45:00Z,SE4,0.10,15
2026-09-19T08:45:00Z,SI,3.76,15
2026-09-19T08:45:00Z,SK,3.05,15
2026-09-19T09:00:00Z,AT,7.02,15
2026-09-19T09:00:00Z,BE,0.03,15
2026-09-19T09:00:00Z,CH,26.40,60
2026-09-19T09:00:00Z,CZ,4.18,15
2026-09-19T09:00:00Z,DE-LU,-0.13,15
2026-09-19T09:00:00Z,DK1,-0.01,15
2026-09-19T09:00:00Z,DK2,0.46,15
2026-09-19T09:00:00Z,EE,1.08,15
2026-09-19T09:00:00Z,ES,-0.01,15
2026-09-19T09:00:00Z,FI,1.08,15
2026-09-19T09:00:00Z,FR,-0.01,15
2026-09-19T09:00:00Z,GR,0.00,15
2026-09-19T09:00:00Z,HR,5.36,15
2026-09-19T09:00:00Z,HU,5.36,15
2026-09-19T09:00:00Z,IT-CNorth,191.50,15
2026-09-19T09:00:00Z,IT-CSouth,191.50,15
2026-09-19T09:00:00Z,IT-North,191.50,15
2026-09-19T09:00:00Z,IT-Sardinia,191.50,15
2026-09-19T09:00:00Z,IT-Sicily,191.50,15
2026-09-19T09:00:00Z,IT-South,191.50,15
2026-09-19T09:00:00Z,LT,0.15,15
2026-09-19T09:00:00Z,LV,1.08,15
2026-09-19T09:00:00Z,NL,-0.01,15
2026-09-19T09:00:00Z,NO1,4.47,15
2026-09-19T09:00:00Z,NO2,3.92,15
2026-09-19T09:00:00Z,NO3,10.65,15
2026-09-19T09:00:00Z,NO4,6.54,15
2026-09-19T09:00:00Z,NO5,4.89,15
2026-09-19T09:00:00Z,PL,0.10,15
2026-09-19T09:00:00Z,PT,0.00,15
2026-09-19T09:00:00Z,RO,5.13,15
2026-09-19T09:00:00Z,RS,22.00,15
2026-09-19T09:00:00Z,SE1,1.33,15
2026-09-19T09:00:00Z,SE2,-0.83,15
2026-09-19T09:00:00Z,SE3,0.07,15
2026-09-19T09:00:00Z,SE4,0.39,15
2026-09-19T09:00:00Z,SI,5.36,15
2026-09-19T09:00:00Z,SK,4.18,15
2026-09-19T09:15:00Z,AT,7.01,15
2026-09-19T09:15:00Z,BE,0.01,15
2026-09-19T09:15:00Z,CZ,4.19,15
2026-09-19T09:15:00Z,DE-LU,-0.16,15
2026-09-19T09:15:00Z,DK1,-0.04,15
2026-09-19T09:15:00Z,DK2,0.40,15
2026-09-19T09:15:00Z,EE,1.02,15
2026-09-19T09:15:00Z,ES,-0.01,15
2026-09-19T09:15:00Z,FI,1.02,15
2026-09-19T09:15:00Z,FR,-0.01,15
2026-09-19T09:15:00Z,GR,0.00,15
2026-09-19T09:15:00Z,HR,5.36,15
2026-09-19T09:15:00Z,HU,5.36,15
2026-09-19T09:15:00Z,IT-CNorth,179.38,15
2026-09-19T09:15:00Z,IT-CSouth,179.38,15
2026-09-19T09:15:00Z,IT-North,179.38,15
2026-09-19T09:15:00Z,IT-Sardinia,179.38,15
2026-09-19T09:15:00Z,IT-Sicily,179.38,15
2026-09-19T09:15:00Z,IT-South,179.38,15
2026-09-19T09:15:00Z,LT,0.08,15
2026-09-19T09:15:00Z,LV,1.02,15
2026-09-19T09:15:00Z,NL,-0.03,15
2026-09-19T09:15:00Z,NO1,4.41,15
2026-09-19T09:15:00Z,NO2,3.86,15
2026-09-19T09:15:00Z,NO3,10.60,15
2026-09-19T09:15:00Z,NO4,6.48,15
2026-09-19T09:15:00Z,NO5,4.83,15
2026-09-19T09:15:00Z,PL,0.01,15
2026-09-19T09:15:00Z,PT,0.00,15
2026-09-19T09:15:00Z,RO,5.12,15
2026-09-19T09:15:00Z,RS,22.00,15
2026-09-19T09:15:00Z,SE1,1.27,15
2026-09-19T09:15:00Z,SE2,-0.89,15
2026-09-19T09:15:00Z,SE3,0.00,15
2026-09-19T09:15:00Z,SE4,0.32,15
2026-09-19T09:15:00Z,SI,5.36,15
2026-09-19T09:15:00Z,SK,4.17,15
2026-09-19T09:30:00Z,AT,6.90,15
2026-09-19T09:30:00Z,BE,-0.02,15
2026-09-19T09:30:00Z,CZ,4.12,15
2026-09-19T09:30:00Z,DE-LU,-0.21,15
2026-09-19T09:30:00Z,DK1,-0.08,15
2026-09-19T09:30:00Z,DK2,0.38,15
2026-09-19T09:30:00Z,EE,1.00,15
2026-09-19T09:30:00Z,ES,-0.01,15
2026-09-19T09:30:00Z,FI,1.00,15
2026-09-19T09:30:00Z,FR,-0.01,15
2026-09-19T09:30:00Z,GR,0.01,15
2026-09-19T09:30:00Z,HR,5.38,15
2026-09-19T09:30:00Z,HU,5.35,15
2026-09-19T09:30:00Z,IT-CNorth,168.46,15
2026-09-19T09:30:00Z,IT-CSouth,168.46,15
2026-09-19T09:30:00Z,IT-North,168.46,15
2026-09-19T09:30:00Z,IT-Sardinia,168.46,15
2026-09-19T09:30:00Z,IT-Sicily,168.46,15
2026-09-19T09:30:00Z,IT-South,168.46,15
2026-09-19T09:30:00Z,LT,0.07,15
2026-09-19T09:30:00Z,LV,1.00,15
2026-09-19T09:30:00Z,NL,-0.07,15
2026-09-19T09:30:00Z,NO1,4.29,15
2026-09-19T09:30:00Z,NO2,3.64,15
2026-09-19T09:30:00Z,NO3,10.40,15
2026-09-19T09:30:00Z,NO4,6.33,15
2026-09-19T09:30:00Z,NO5,4.90,15
2026-09-19T09:30:00Z,PL,0.00,15
2026-09-19T09:30:00Z,PT,0.00,15
2026-09-19T09:30:00Z,RO,5.13,15
2026-09-19T09:30:00Z,RS,22.00,15
2026-09-19T09:30:00Z,SE1,1.24,15
2026-09-19T09:30:00Z,SE2,-0.86,15
2026-09-19T09:30:00Z,SE3,0.00,15
2026-09-19T09:30:00Z,SE4,0.31,15
2026-09-19T09:30:00Z,SI,5.66,15
2026-09-19T09:30:00Z,SK,4.13,15
2026-09-19T09:45:00Z,AT,6.24,15
2026-09-19T09:45:00Z,BE,-0.39,15
2026-09-19T09:45:00Z,CZ,3.82,15
2026-09-19T09:45:00Z,DE-LU,-0.74,15
2026-09-19T09:45:00Z,DK1,-0.59,15
2026-09-19T09:45:00Z,DK2,0.35,15
2026-09-19T09:45:00Z,EE,1.14,15
2026-09-19T09:45:00Z,ES,-0.02,15
2026-09-19T09:45:00Z,FI,1.14,15
2026-09-19T09:45:00Z,FR,-0.02,15
2026-09-19T09:45:00Z,GR,0.01,15
2026-09-19T09:45:00Z,HR,5.73,15
2026-09-19T09:45:00Z,HU,5.13,15
2026-09-19T09:45:00Z,IT-CNorth,163.94,15
2026-09-19T09:45:00Z,IT-CSouth,163.94,15
2026-09-19T09:45:00Z,IT-North,163.94,15
2026-09-19T09:45:00Z,IT-Sardinia,163.94,15
2026-09-19T09:45:00Z,IT-Sicily,163.94,15
2026-09-19T09:45:00Z,IT-South,163.94,15
2026-09-19T09:45:00Z,LT,0.05,15
2026-09-19T09:45:00Z,LV,1.14,15
2026-09-19T09:45:00Z,NL,-0.55,15
2026-09-19T09:45:00Z,NO1,4.42,15
2026-09-19T09:45:00Z,NO2,2.62,15
2026-09-19T09:45:00Z,NO3,11.62,15
2026-09-19T09:45:00Z,NO4,6.83,15
2026-09-19T09:45:00Z,NO5,7.08,15
2026-09-19T09:45:00Z,PL,-0.11,15
2026-09-19T09:45:00Z,PT,-0.02,15
2026-09-19T09:45:00Z,RO,5.08,15
2026-09-19T09:45:00Z,RS,22.00,15
2026-09-19T09:45:00Z,SE1,1.40,15
2026-09-19T09:45:00Z,SE2,-0.83,15
2026-09-19T09:45:00Z,SE3,-0.01,15
2026-09-19T09:45:00Z,SE4,0.28,15
2026-09-19T09:45:00Z,SI,6.24,15
2026-09-19T09:45:00Z,SK,3.82,15
2026-09-19T10:00:00Z,AT,5.67,15
2026-09-19T10:00:00Z,BE,-0.45,15
2026-09-19T10:00:00Z,CH,5.81,60
2026-09-19T10:00:00Z,CZ,3.83,15
2026-09-19T10:00:00Z,DE-LU,-0.78,15
2026-09-19T10:00:00Z,DK1,-0.10,15
2026-09-19T10:00:00Z,DK2,-0.01,15
2026-09-19T10:00:00Z,EE,1.99,15
2026-09-19T10:00:00Z,ES,-0.11,15
2026-09-19T10:00:00Z,FI,2.00,15
2026-09-19T10:00:00Z,FR,-0.11,15
2026-09-19T10:00:00Z,GR,0.01,15
2026-09-19T10:00:00Z,HR,5.63,15
2026-09-19T10:00:00Z,HU,5.06,15
2026-09-19T10:00:00Z,IT-CNorth,110.00,15
2026-09-19T10:00:00Z,IT-CSouth,110.00,15
2026-09-19T10:00:00Z,IT-North,110.00,15
2026-09-19T10:00:00Z,IT-Sardinia,110.00,15
2026-09-19T10:00:00Z,IT-Sicily,110.00,15
2026-09-19T10:00:00Z,IT-South,110.00,15
2026-09-19T10:00:00Z,LT,0.01,15
2026-09-19T10:00:00Z,LV,1.99,15
2026-09-19T10:00:00Z,NL,-0.61,15
2026-09-19T10:00:00Z,NO1,8.19,15
2026-09-19T10:00:00Z,NO2,0.65,15
2026-09-19T10:00:00Z,NO3,25.78,15
2026-09-19T10:00:00Z,NO4,14.08,15
2026-09-19T10:00:00Z,NO5,20.56,15
2026-09-19T10:00:00Z,PL,-0.25,15
2026-09-19T10:00:00Z,PT,-0.11,15
2026-09-19T10:00:00Z,RO,4.98,15
2026-09-19T10:00:00Z,RS,25.03,15
2026-09-19T10:00:00Z,SE1,2.54,15
2026-09-19T10:00:00Z,SE2,-2.01,15
2026-09-19T10:00:00Z,SE3,-0.74,15
2026-09-19T10:00:00Z,SE4,-0.24,15
2026-09-19T10:00:00Z,SI,5.63,15
2026-09-19T10:00:00Z,SK,3.83,15
2026-09-19T10:15:00Z,AT,4.46,15
2026-09-19T10:15:00Z,BE,-0.39,15
2026-09-19T10:15:00Z,CZ,3.05,15
2026-09-19T10:15:00Z,DE-LU,-0.65,15
2026-09-19T10:15:00Z,DK1,-0.19,15
2026-09-19T10:15:00Z,DK2,-0.01,15
2026-09-19T10:15:00Z,EE,1.99,15
2026-09-19T10:15:00Z,ES,-0.11,15
2026-09-19T10:15:00Z,FI,1.99,15
2026-09-19T10:15:00Z,FR,-0.11,15
2026-09-19T10:15:00Z,GR,0.01,15
2026-09-19T10:15:00Z,HR,4.46,15
2026-09-19T10:15:00Z,HU,4.01,15
2026-09-19T10:15:00Z,IT-CNorth,90.00,15
2026-09-19T10:15:00Z,IT-CSouth,90.00,15
2026-09-19T10:15:00Z,IT-North,90.00,15
2026-09-19T10:15:00Z,IT-Sardinia,90.00,15
2026-09-19T10:15:00Z,IT-Sicily,90.00,15
2026-09-19T10:15:00Z,IT-South,90.00,15
2026-09-19T10:15:00Z,LT,-0.11,15
2026-09-19T10:15:00Z,LV,1.99,15
2026-09-19T10:15:00Z,NL,-0.51,15
2026-09-19T10:15:00Z,NO1,8.15,15
2026-09-19T10:15:00Z,NO2,0.45,15
2026-09-19T10:15:00Z,NO3,25.85,15
2026-09-19T10:15:00Z,NO4,14.08,15
2026-09-19T10:15:00Z,NO5,20.82,15
2026-09-19T10:15:00Z,PL,-0.33,15
2026-09-19T10:15:00Z,PT,-0.11,15
2026-09-19T10:15:00Z,RO,3.94,15
2026-09-19T10:15:00Z,RS,25.03,15
2026-09-19T10:15:00Z,SE1,2.54,15
2026-09-19T10:15:00Z,SE2,-2.01,15
2026-09-19T10:15:00Z,SE3,-0.75,15
2026-09-19T10:15:00Z,SE4,-0.26,15
2026-09-19T10:15:00Z,SI,4.46,15
2026-09-19T10:15:00Z,SK,3.02,15
2026-09-19T10:30:00Z,AT,4.99,15
2026-09-19T10:30:00Z,BE,-0.42,15
2026-09-19T10:30:00Z,CZ,3.41,15
2026-09-19T10:30:00Z,DE-LU,-0.71,15
2026-09-19T10:30:00Z,DK1,-0.16,15
2026-09-19T10:30:00Z,DK2,-0.09,15
2026-09-19T10:30:00Z,EE,1.99,15
2026-09-19T10:30:00Z,ES,-0.11,15
2026-09-19T10:30:00Z,FI,2.00,15
2026-09-19T10:30:00Z,FR,-0.11,15
2026-09-19T10:30:00Z,GR,0.01,15
2026-09-19T10:30:00Z,HR,4.99,15
2026-09-19T10:30:00Z,HU,4.48,15
2026-09-19T10:30:00Z,IT-CNorth,66.00,15
2026-09-19T10:30:00Z,IT-CSouth,66.00,15
2026-09-19T10:30:00Z,IT-North,66.00,15
2026-09-19T10:30:00Z,IT-Sardinia,66.00,15
2026-09-19T10:30:00Z,IT-Sicily,110.00,15
2026-09-19T10:30:00Z,IT-South,66.00,15
2026-09-19T10:30:00Z,LT,-0.09,15
2026-09-19T10:30:00Z,LV,1.99,15
2026-09-19T10:30:00Z,NL,-0.56,15
2026-09-19T10:30:00Z,NO1,8.16,15
2026-09-19T10:30:00Z,NO2,0.49,15
2026-09-19T10:30:00Z,NO3,25.84,15
2026-09-19T10:30:00Z,NO4,14.08,15
2026-09-19T10:30:00Z,NO5,20.77,15
2026-09-19T10:30:00Z,PL,-0.33,15
2026-09-19T10:30:00Z,PT,0.00,15
2026-09-19T10:30:00Z,RO,4.41,15
2026-09-19T10:30:00Z,RS,25.03,15
2026-09-19T10:30:00Z,SE1,2.54,15
2026-09-19T10:30:00Z,SE2,-2.01,15
2026-09-19T10:30:00Z,SE3,-0.75,15
2026-09-19T10:30:00Z,SE4,-0.26,15
2026-09-19T10:30:00Z,SI,4.99,15
2026-09-19T10:30:00Z,SK,3.38,15
2026-09-19T10:45:00Z,AT,4.54,15
2026-09-19T10:45:00Z,BE,-0.59,15
2026-09-19T10:45:00Z,CZ,2.97,15
2026-09-19T10:45:00Z,DE-LU,-0.86,15
2026-09-19T10:45:00Z,DK1,-0.31,15
2026-09-19T10:45:00Z,DK2,-0.21,15
2026-09-19T10:45:00Z,EE,1.99,15
2026-09-19T10:45:00Z,ES,-0.30,15
2026-09-19T10:45:00Z,FI,1.99,15
2026-09-19T10:45:00Z,FR,-0.30,15
2026-09-19T10:45:00Z,GR,0.01,15
2026-09-19T10:45:00Z,HR,4.54,15
2026-09-19T10:45:00Z,HU,4.01,15
2026-09-19T10:45:00Z,IT-CNorth,110.00,15
2026-09-19T10:45:00Z,IT-CSouth,110.00,15
2026-09-19T10:45:00Z,IT-North,110.00,15
2026-09-19T10:45:00Z,IT-Sardinia,110.00,15
2026-09-19T10:45:00Z,IT-Sicily,110.00,15
2026-09-19T10:45:00Z,IT-South,110.00,15
2026-09-19T10:45:00Z,LT,-0.12,15
2026-09-19T10:45:00Z,LV,1.99,15
2026-09-19T10:45:00Z,NL,-0.72,15
2026-09-19T10:45:00Z,NO1,8.29,15
2026-09-19T10:45:00Z,NO2,0.26,15
2026-09-19T10:45:00Z,NO3,26.54,15
2026-09-19T10:45:00Z,NO4,14.41,15
2026-09-19T10:45:00Z,NO5,21.53,15
2026-09-19T10:45:00Z,PL,-0.33,15
2026-09-19T10:45:00Z,PT,0.00,15
2026-09-19T10:45:00Z,RO,4.01,15
2026-09-19T10:45:00Z,RS,25.03,15
2026-09-19T10:45:00Z,SE1,2.56,15
2026-09-19T10:45:00Z,SE2,-2.12,15
2026-09-19T10:45:00Z,SE3,-0.84,15
2026-09-19T10:45:00Z,SE4,-0.34,15
2026-09-19T10:45:00Z,SI,4.54,15
2026-09-19T10:45:00Z,SK,2.99,15
2026-09-19T11:00:00Z,AT,2.30,15
2026-09-19T11:00:00Z,BE,-0.85,15
2026-09-19T11:00:00Z,CH,1.10,60
2026-09-19T11:00:00Z,CZ,0.96,15
2026-09-19T11:00:00Z,DE-LU,-1.01,15
2026-09-19T11:00:00Z,DK1,-0.07,15
2026-09-19T11:00:00Z,DK2,-0.07,15
2026-09-19T11:00:00Z,EE,1.99,15
2026-09-19T11:00:00Z,ES,-0.70,15
2026-09-19T11:00:00Z,FI,2.00,15
2026-09-19T11:00:00Z,FR,-0.70,15
2026-09-19T11:00:00Z,GR,0.01,15
2026-09-19T11:00:00Z,HR,1.62,15
2026-09-19T11:00:00Z,HU,1.62,15
2026-09-19T11:00:00Z,IT-CNorth,88.60,15
2026-09-19T11:00:00Z,IT-CSouth,88.60,15
2026-09-19T11:00:00Z,IT-North,88.60,15
2026-09-19T11:00:00Z,IT-Sardinia,88.60,15
2026-09-19T11:00:00Z,IT-Sicily,88.60,15
2026-09-19T11:00:00Z,IT-South,88.60,15
2026-09-19T11:00:00Z,LT,0.03,15
2026-09-19T11:00:00Z,LV,1.99,15
2026-09-19T11:00:00Z,NL,-0.92,15
2026-09-19T11:00:00Z,NO1,10.69,15
2026-09-19T11:00:00Z,NO2,0.85,15
2026-09-19T11:00:00Z,NO3,34.76,15
2026-09-19T11:00:00Z,NO4,18.79,15
2026-09-19T11:00:00Z,NO5,26.91,15
2026-09-19T11:00:00Z,PL,0.00,15
2026-09-19T11:00:00Z,PT,0.00,15
2026-09-19T11:00:00Z,RO,1.55,15
2026-09-19T11:00:00Z,RS,26.00,15
2026-09-19T11:00:00Z,SE1,2.86,15
2026-09-19T11:00:00Z,SE2,-3.49,15
2026-09-19T11:00:00Z,SE3,-1.66,15
2026-09-19T11:00:00Z,SE4,-0.96,15
2026-09-19T11:00:00Z,SI,1.64,15
2026-09-19T11:00:00Z,SK,1.12,15
2026-09-19T11:15:00Z,AT,1.61,15
2026-09-19T11:15:00Z,BE,-0.94,15
2026-09-19T11:15:00Z,CZ,0.41,15
2026-09-19T11:15:00Z,DE-LU,-1.06,15
2026-09-19T11:15:00Z,DK1,-0.08,15
2026-09-19T11:15:00Z,DK2,-0.09,15
2026-09-19T11:15:00Z,EE,1.99,15
2026-09-19T11:15:00Z,ES,-0.82,15
2026-09-19T11:15:00Z,FI,2.00,15
2026-09-19T11:15:00Z,FR,-0.82,15
2026-09-19T11:15:00Z,GR,0.01,15
2026-09-19T11:15:00Z,HR,0.98,15
2026-09-19T11:15:00Z,HU,1.01,15
2026-09-19T11:15:00Z,IT-CNorth,80.00,15
2026-09-19T11:15:00Z,IT-CSouth,80.00,15
2026-09-19T11:15:00Z,IT-North,80.00,15
2026-09-19T11:15:00Z,IT-Sardinia,80.00,15
2026-09-19T11:15:00Z,IT-Sicily,80.00,15
2026-09-19T11:15:00Z,IT-South,80.00,15
2026-09-19T11:15:00Z,LT,0.00,15
2026-09-19T11:15:00Z,LV,1.99,15
2026-09-19T11:15:00Z,NL,-0.99,15
2026-09-19T11:15:00Z,NO1,10.66,15
2026-09-19T11:15:00Z,NO2,0.41,15
2026-09-19T11:15:00Z,NO3,35.07,15
2026-09-19T11:15:00Z,NO4,18.87,15
2026-09-19T11:15:00Z,NO5,27.60,15
2026-09-19T11:15:00Z,PL,0.00,15
2026-09-19T11:15:00Z,PT,0.00,15
2026-09-19T11:15:00Z,RO,0.95,15
2026-09-19T11:15:00Z,RS,26.00,15
2026-09-19T11:15:00Z,SE1,2.86,15
2026-09-19T11:15:00Z,SE2,-3.52,15
2026-09-19T11:15:00Z,SE3,-1.71,15
2026-09-19T11:15:00Z,SE4,-1.01,15
2026-09-19T11:15:00Z,SI,1.06,15
2026-09-19T11:15:00Z,SK,0.62,15
2026-09-19T11:30:00Z,AT,1.74,15
2026-09-19T11:30:00Z,BE,-1.20,15
2026-09-19T11:30:00Z,CZ,0.32,15
2026-09-19T11:30:00Z,DE-LU,-1.34,15
2026-09-19T11:30:00Z,DK1,-0.09,15
2026-09-19T11:30:00Z,DK2,-0.09,15
2026-09-19T11:30:00Z,EE,1.84,15
2026-09-19T11:30:00Z,ES,-1.00,15
2026-09-19T11:30:00Z,FI,1.85,15
2026-09-19T11:30:00Z,FR,-1.06,15
2026-09-19T11:30:00Z,GR,0.97,15
2026-09-19T11:30:00Z,HR,1.01,15
2026-09-19T11:30:00Z,HU,1.03,15
2026-09-19T11:30:00Z,IT-CNorth,89.31,15
2026-09-19T11:30:00Z,IT-CSouth,89.31,15
2026-09-19T11:30:00Z,IT-North,89.31,15
2026-09-19T11:30:00Z,IT-Sardinia,89.31,15
2026-09-19T11:30:00Z,IT-Sicily,90.00,15
2026-09-19T11:30:00Z,IT-South,89.31,15
2026-09-19T11:30:00Z,LT,-0.03,15
2026-09-19T11:30:00Z,LV,1.84,15
2026-09-19T11:30:00Z,NL,-1.26,15
2026-09-19T11:30:00Z,NO1,10.63,15
2026-09-19T11:30:00Z,NO2,0.32,15
2026-09-19T11:30:00Z,NO3,35.43,15
2026-09-19T11:30:00Z,NO4,18.98,15
2026-09-19T11:30:00Z,NO5,27.66,15
2026-09-19T11:30:00Z,PL,-0.02,15
2026-09-19T11:30:00Z,PT,0.00,15
2026-09-19T11:30:00Z,RO,0.97,15
2026-09-19T11:30:00Z,RS,26.00,15
2026-09-19T11:30:00Z,SE1,2.65,15
2026-09-19T11:30:00Z,SE2,-3.85,15
2026-09-19T11:30:00Z,SE3,-1.99,15
2026-09-19T11:30:00Z,SE4,-1.28,15
2026-09-19T11:30:00Z,SI,1.10,15
2026-09-19T11:30:00Z,SK,0.59,15
2026-09-19T11:45:00Z,AT,1.98,15
2026-09-19T11:45:00Z,BE,-1.45,15
2026-09-19T11:45:00Z,CZ,0.33,15
2026-09-19T11:45:00Z,DE-LU,-1.62,15
2026-09-19T11:45:00Z,DK1,-0.09,15
2026-09-19T11:45:00Z,DK2,-0.10,15
2026-09-19T11:45:00Z,EE,1.61,15
2026-09-19T11:45:00Z,ES,-1.00,15
2026-09-19T11:45:00Z,FI,1.61,15
2026-09-19T11:45:00Z,FR,-1.29,15
2026-09-19T11:45:00Z,GR,1.08,15
2026-09-19T11:45:00Z,HR,1.13,15
2026-09-19T11:45:00Z,HU,1.16,15
2026-09-19T11:45:00Z,IT-CNorth,78.00,15
2026-09-19T11:45:00Z,IT-CSouth,78.00,15
2026-09-19T11:45:00Z,IT-North,78.00,15
2026-09-19T11:45:00Z,IT-Sardinia,78.00,15
2026-09-19T11:45:00Z,IT-Sicily,78.00,15
2026-09-19T11:45:00Z,IT-South,78.00,15
2026-09-19T11:45:00Z,LT,-0.09,15
2026-09-19T11:45:00Z,LV,1.61,15
2026-09-19T11:45:00Z,NL,-1.52,15
2026-09-19T11:45:00Z,NO1,10.58,15
2026-09-19T11:45:00Z,NO2,0.27,15
2026-09-19T11:45:00Z,NO3,35.68,15
2026-09-19T11:45:00Z,NO4,19.03,15
2026-09-19T11:45:00Z,NO5,27.57,15
2026-09-19T11:45:00Z,PL,-0.07,15
2026-09-19T11:45:00Z,PT,0.00,15
2026-09-19T11:45:00Z,RO,1.09,15
2026-09-19T11:45:00Z,RS,26.00,15
2026-09-19T11:45:00Z,SE1,2.43,15
2026-09-19T11:45:00Z,SE2,-4.19,15
2026-09-19T11:45:00Z,SE3,-2.28,15
2026-09-19T11:45:00Z,SE4,-1.55,15
2026-09-19T11:45:00Z,SI,1.23,15
2026-09-19T11:45:00Z,SK,0.64,15
2026-09-19T12:00:00Z,AT,1.38,15
2026-09-19T12:00:00Z,BE,-1.15,15
2026-09-19T12:00:00Z,CH,0.26,60
2026-09-19T12:00:00Z,CZ,0.29,15
2026-09-19T12:00:00Z,DE-LU,-1.27,15
2026-09-19T12:00:00Z,DK1,-1.23,15
2026-09-19T12:00:00Z,DK2,-1.07,15
2026-09-19T12:00:00Z,EE,1.98,15
2026-09-19T12:00:00Z,ES,-1.00,15
2026-09-19T12:00:00Z,FI,1.99,15
2026-09-19T12:00:00Z,FR,-1.00,15
2026-09-19T12:00:00Z,GR,1.31,15
2026-09-19T12:00:00Z,HR,1.79,15
2026-09-19T12:00:00Z,HU,1.18,15
2026-09-19T12:00:00Z,IT-CNorth,106.00,15
2026-09-19T12:00:00Z,IT-CSouth,106.00,15
2026-09-19T12:00:00Z,IT-North,106.00,15
2026-09-19T12:00:00Z,IT-Sardinia,106.00,15
2026-09-19T12:00:00Z,IT-Sicily,106.00,15
2026-09-19T12:00:00Z,IT-South,106.00,15
2026-09-19T12:00:00Z,LT,-1.00,15
2026-09-19T12:00:00Z,LV,1.98,15
2026-09-19T12:00:00Z,NL,-1.22,15
2026-09-19T12:00:00Z,NO1,10.95,15
2026-09-19T12:00:00Z,NO2,0.20,15
2026-09-19T12:00:00Z,NO3,36.56,15
2026-09-19T12:00:00Z,NO4,19.58,15
2026-09-19T12:00:00Z,NO5,28.78,15
2026-09-19T12:00:00Z,PL,0.00,15
2026-09-19T12:00:00Z,PT,0.00,15
2026-09-19T12:00:00Z,RO,1.29,15
2026-09-19T12:00:00Z,RS,36.00,15
2026-09-19T12:00:00Z,SE1,2.82,15
2026-09-19T12:00:00Z,SE2,-3.83,15
2026-09-19T12:00:00Z,SE3,-1.97,15
2026-09-19T12:00:00Z,SE4,-1.25,15
2026-09-19T12:00:00Z,SI,1.79,15
2026-09-19T12:00:00Z,SK,0.64,15
2026-09-19T12:15:00Z,AT,1.38,15
2026-09-19T12:15:00Z,BE,-1.15,15
2026-09-19T12:15:00Z,CZ,0.29,15
2026-09-19T12:15:00Z,DE-LU,-1.26,15
2026-09-19T12:15:00Z,DK1,-1.22,15
2026-09-19T12:15:00Z,DK2,-1.06,15
2026-09-19T12:15:00Z,EE,1.98,15
2026-09-19T12:15:00Z,ES,-1.00,15
2026-09-19T12:15:00Z,FI,1.99,15
2026-09-19T12:15:00Z,FR,-1.00,15
2026-09-19T12:15:00Z,GR,1.29,15
2026-09-19T12:15:00Z,HR,1.77,15
2026-09-19T12:15:00Z,HU,1.17,15
2026-09-19T12:15:00Z,IT-CNorth,106.00,15
2026-09-19T12:15:00Z,IT-CSouth,106.00,15
2026-09-19T12:15:00Z,IT-North,106.00,15
2026-09-19T12:15:00Z,IT-Sardinia,106.00,15
2026-09-19T12:15:00Z,IT-Sicily,110.00,15
2026-09-19T12:15:00Z,IT-South,106.00,15
2026-09-19T12:15:00Z,LT,-0.01,15
2026-09-19T12:15:00Z,LV,1.98,15
2026-09-19T12:15:00Z,NL,-1.21,15
2026-09-19T12:15:00Z,NO1,11.35,15
2026-09-19T12:15:00Z,NO2,0.32,15
2026-09-19T12:15:00Z,NO3,37.73,15
2026-09-19T12:15:00Z,NO4,20.24,15
2026-09-19T12:15:00Z,NO5,29.64,15
2026-09-19T12:15:00Z,PL,0.00,15
2026-09-19T12:15:00Z,PT,0.00,15
2026-09-19T12:15:00Z,RO,1.27,15
2026-09-19T12:15:00Z,RS,36.00,15
2026-09-19T12:15:00Z,SE1,2.95,15
2026-09-19T12:15:00Z,SE2,-3.92,15
2026-09-19T12:15:00Z,SE3,-1.99,15
2026-09-19T12:15:00Z,SE4,-1.24,15
2026-09-19T12:15:00Z,SI,1.77,15
2026-09-19T12:15:00Z,SK,0.63,15
2026-09-19T12:30:00Z,AT,1.70,15
2026-09-19T12:30:00Z,BE,-1.08,15
2026-09-19T12:30:00Z,CZ,0.50,15
2026-09-19T12:30:00Z,DE-LU,-1.21,15
2026-09-19T12:30:00Z,DK1,-1.14,15
2026-09-19T12:30:00Z,DK2,-0.94,15
2026-09-19T12:30:00Z,EE,1.98,15
2026-09-19T12:30:00Z,ES,-0.91,15
2026-09-19T12:30:00Z,FI,2.00,15
2026-09-19T12:30:00Z,FR,-0.91,15
2026-09-19T12:30:00Z,GR,1.59,15
2026-09-19T12:30:00Z,HR,2.11,15
2026-09-19T12:30:00Z,HU,1.46,15
2026-09-19T12:30:00Z,IT-CNorth,106.00,15
2026-09-19T12:30:00Z,IT-CSouth,106.00,15
2026-09-19T12:30:00Z,IT-North,106.00,15
2026-09-19T12:30:00Z,IT-Sardinia,106.00,15
2026-09-19T12:30:00Z,IT-Sicily,106.00,15
2026-09-19T12:30:00Z,IT-South,106.00,15
2026-09-19T12:30:00Z,LT,0.03,15
2026-09-19T12:30:00Z,LV,1.98,15
2026-09-19T12:30:00Z,NL,-1.15,15
2026-09-19T12:30:00Z,NO1,11.27,15
2026-09-19T12:30:00Z,NO2,0.55,15
2026-09-19T12:30:00Z,NO3,37.11,15
2026-09-19T12:30:00Z,NO4,19.98,15
2026-09-19T12:30:00Z,NO5,29.01,15
2026-09-19T12:30:00Z,PL,0.18,15
2026-09-19T12:30:00Z,PT,0.00,15
2026-09-19T12:30:00Z,RO,1.57,15
2026-09-19T12:30:00Z,RS,36.00,15
2026-09-19T12:30:00Z,SE1,2.98,15
2026-09-19T12:30:00Z,SE2,-3.77,15
2026-09-19T12:30:00Z,SE3,-1.86,15
2026-09-19T12:30:00Z,SE4,-1.12,15
2026-09-19T12:30:00Z,SI,2.11,15
2026-09-19T12:30:00Z,SK,0.87,15
2026-09-19T12:45:00Z,AT,4.53,15
2026-09-19T12:45:00Z,BE,-1.16,15
2026-09-19T12:45:00Z,CZ,2.23,15
2026-09-19T12:45:00Z,DE-LU,-1.46,15
2026-09-19T12:45:00Z,DK1,-1.08,15
2026-09-19T12:45:00Z,DK2,-0.10,15
2026-09-19T12:45:00Z,EE,1.99,15
2026-09-19T12:45:00Z,ES,-0.78,15
2026-09-19T12:45:00Z,FI,2.00,15
2026-09-19T12:45:00Z,FR,-0.78,15
2026-09-19T12:45:00Z,GR,4.99,15
2026-09-19T12:45:00Z,HR,6.55,15
2026-09-19T12:45:00Z,HU,4.53,15
2026-09-19T12:45:00Z,IT-CNorth,103.79,15
2026-09-19T12:45:00Z,IT-CSouth,103.79,15
2026-09-19T12:45:00Z,IT-North,103.79,15
2026-09-19T12:45:00Z,IT-Sardinia,103.79,15
2026-09-19T12:45:00Z,IT-Sicily,130.20,15
2026-09-19T12:45:00Z,IT-South,103.79,15
2026-09-19T12:45:00Z,LT,0.09,15
2026-09-19T12:45:00Z,LV,1.99,15
2026-09-19T12:45:00Z,NL,-1.32,15
2026-09-19T12:45:00Z,NO1,11.66,15
2026-09-19T12:45:00Z,NO2,0.76,15
2026-09-19T12:45:00Z,NO3,38.62,15
2026-09-19T12:45:00Z,NO4,20.75,15
2026-09-19T12:45:00Z,NO5,29.66,15
2026-09-19T12:45:00Z,PL,1.58,15
2026-09-19T12:45:00Z,PT,0.00,15
2026-09-19T12:45:00Z,RO,4.92,15
2026-09-19T12:45:00Z,RS,36.00,15
2026-09-19T12:45:00Z,SE1,2.88,15
2026-09-19T12:45:00Z,SE2,-4.22,15
2026-09-19T12:45:00Z,SE3,-2.19,15
2026-09-19T12:45:00Z,SE4,-1.40,15
2026-09-19T12:45:00Z,SI,6.55,15
2026-09-19T12:45:00Z,SK,3.11,15
2026-09-19T13:00:00Z,AT,2.26,15
2026-09-19T13:00:00Z,BE,-1.16,15
2026-09-19T13:00:00Z,CH,2.00,60
2026-09-19T13:00:00Z,CZ,2.28,15
2026-09-19T13:00:00Z,DE-LU,-1.85,15
2026-09-19T13:00:00Z,DK1,-1.67,15
2026-09-19T13:00:00Z,DK2,-1.48,15
2026-09-19T13:00:00Z,EE,1.98,15
2026-09-19T13:00:00Z,ES,-0.50,15
2026-09-19T13:00:00Z,FI,1.99,15
2026-09-19T13:00:00Z,FR,-0.50,15
2026-09-19T13:00:00Z,GR,8.44,15
2026-09-19T13:00:00Z,HR,13.01,15
2026-09-19T13:00:00Z,HU,6.72,15
2026-09-19T13:00:00Z,IT-CNorth,125.18,15
2026-09-19T13:00:00Z,IT-CSouth,125.18,15
2026-09-19T13:00:00Z,IT-North,125.18,15
2026-09-19T13:00:00Z,IT-Sardinia,125.18,15
2026-09-19T13:00:00Z,IT-Sicily,133.96,15
2026-09-19T13:00:00Z,IT-South,125.18,15
2026-09-19T13:00:00Z,LT,1.01,15
2026-09-19T13:00:00Z,LV,1.98,15
2026-09-19T13:00:00Z,NL,-1.43,15
2026-09-19T13:00:00Z,NO1,12.21,15
2026-09-19T13:00:00Z,NO2,-0.04,15
2026-09-19T13:00:00Z,NO3,41.22,15
2026-09-19T13:00:00Z,NO4,21.96,15
2026-09-19T13:00:00Z,NO5,32.40,15
2026-09-19T13:00:00Z,PL,1.92,15
2026-09-19T13:00:00Z,PT,0.00,15
2026-09-19T13:00:00Z,RO,8.19,15
2026-09-19T13:00:00Z,RS,59.00,15
2026-09-19T13:00:00Z,SE1,2.93,15
2026-09-19T13:00:00Z,SE2,-4.62,15
2026-09-19T13:00:00Z,SE3,-2.50,15
2026-09-19T13:00:00Z,SE4,-1.68,15
2026-09-19T13:00:00Z,SI,15.98,15
2026-09-19T13:00:00Z,SK,3.93,15
2026-09-19T13:15:00Z,AT,2.44,15
2026-09-19T13:15:00Z,BE,-0.82,15
2026-09-19T13:15:00Z,CZ,2.48,15
2026-09-19T13:15:00Z,DE-LU,-1.50,15
2026-09-19T13:15:00Z,DK1,-1.18,15
2026-09-19T13:15:00Z,DK2,-1.12,15
2026-09-19T13:15:00Z,EE,2.36,15
2026-09-19T13:15:00Z,ES,-0.19,15
2026-09-19T13:15:00Z,FI,2.38,15
2026-09-19T13:15:00Z,FR,-0.19,15
2026-09-19T13:15:00Z,GR,8.43,15
2026-09-19T13:15:00Z,HR,12.86,15
2026-09-19T13:15:00Z,HU,6.77,15
2026-09-19T13:15:00Z,IT-CNorth,133.78,15
2026-09-19T13:15:00Z,IT-CSouth,133.78,15
2026-09-19T13:15:00Z,IT-North,133.78,15
2026-09-19T13:15:00Z,IT-Sardinia,133.78,15
2026-09-19T13:15:00Z,IT-Sicily,140.96,15
2026-09-19T13:15:00Z,IT-South,133.78,15
2026-09-19T13:15:00Z,LT,2.18,15
2026-09-19T13:15:00Z,LV,2.36,15
2026-09-19T13:15:00Z,NL,-1.09,15
2026-09-19T13:15:00Z,NO1,12.57,15
2026-09-19T13:15:00Z,NO2,0.13,15
2026-09-19T13:15:00Z,NO3,41.71,15
2026-09-19T13:15:00Z,NO4,22.36,15
2026-09-19T13:15:00Z,NO5,33.09,15
2026-09-19T13:15:00Z,PL,2.14,15
2026-09-19T13:15:00Z,PT,0.00,15
2026-09-19T13:15:00Z,RO,8.19,15
2026-09-19T13:15:00Z,RS,59.00,15
2026-09-19T13:15:00Z,SE1,3.31,15
2026-09-19T13:15:00Z,SE2,-4.25,15
2026-09-19T13:15:00Z,SE3,-2.14,15
2026-09-19T13:15:00Z,SE4,-1.32,15
2026-09-19T13:15:00Z,SI,15.73,15
2026-09-19T13:15:00Z,SK,4.08,15
2026-09-19T13:30:00Z,AT,4.50,15
2026-09-19T13:30:00Z,BE,-0.68,15
2026-09-19T13:30:00Z,CZ,3.70,15
2026-09-19T13:30:00Z,DE-LU,-1.43,15
2026-09-19T13:30:00Z,DK1,-0.98,15
2026-09-19T13:30:00Z,DK2,-0.88,15
2026-09-19T13:30:00Z,EE,2.78,15
2026-09-19T13:30:00Z,ES,-0.11,15
2026-09-19T13:30:00Z,FI,2.79,15
2026-09-19T13:30:00Z,FR,-0.11,15
2026-09-19T13:30:00Z,GR,12.00,15
2026-09-19T13:30:00Z,HR,17.70,15
2026-09-19T13:30:00Z,HU,9.89,15
2026-09-19T13:30:00Z,IT-CNorth,150.00,15
2026-09-19T13:30:00Z,IT-CSouth,150.00,15
2026-09-19T13:30:00Z,IT-North,150.00,15
2026-09-19T13:30:00Z,IT-Sardinia,150.00,15
2026-09-19T13:30:00Z,IT-Sicily,151.89,15
2026-09-19T13:30:00Z,IT-South,150.00,15
2026-09-19T13:30:00Z,LT,0.10,15
2026-09-19T13:30:00Z,LV,2.78,15
2026-09-19T13:30:00Z,NL,-0.90,15
2026-09-19T13:30:00Z,NO1,13.68,15
2026-09-19T13:30:00Z,NO2,0.82,15
2026-09-19T13:30:00Z,NO3,44.40,15
2026-09-19T13:30:00Z,NO4,24.00,15
2026-09-19T13:30:00Z,NO5,34.85,15
2026-09-19T13:30:00Z,PL,3.43,15
2026-09-19T13:30:00Z,PT,0.00,15
2026-09-19T13:30:00Z,RO,11.69,15
2026-09-19T13:30:00Z,RS,59.00,15
2026-09-19T13:30:00Z,SE1,3.78,15
2026-09-19T13:30:00Z,SE2,-4.24,15
2026-09-19T13:30:00Z,SE3,-1.97,15
2026-09-19T13:30:00Z,SE4,-1.10,15
2026-09-19T13:30:00Z,SI,21.47,15
2026-09-19T13:30:00Z,SK,6.18,15
2026-09-19T13:45:00Z,AT,32.93,15
2026-09-19T13:45:00Z,BE,0.41,15
2026-09-19T13:45:00Z,CZ,27.37,15
2026-09-19T13:45:00Z,DE-LU,-1.94,15
2026-09-19T13:45:00Z,DK1,-0.17,15
2026-09-19T13:45:00Z,DK2,0.78,15
2026-09-19T13:45:00Z,EE,3.67,15
2026-09-19T13:45:00Z,ES,-0.09,15
2026-09-19T13:45:00Z,FI,3.68,15
2026-09-19T13:45:00Z,FR,-0.09,15
2026-09-19T13:45:00Z,GR,73.18,15
2026-09-19T13:45:00Z,HR,104.42,15
2026-09-19T13:45:00Z,HU,61.68,15
2026-09-19T13:45:00Z,IT-CNorth,159.71,15
2026-09-19T13:45:00Z,IT-CSouth,159.71,15
2026-09-19T13:45:00Z,IT-North,159.71,15
2026-09-19T13:45:00Z,IT-Sardinia,159.71,15
2026-09-19T13:45:00Z,IT-Sicily,185.00,15
2026-09-19T13:45:00Z,IT-South,159.71,15
2026-09-19T13:45:00Z,LT,1.00,15
2026-09-19T13:45:00Z,LV,3.67,15
2026-09-19T13:45:00Z,NL,-0.19,15
2026-09-19T13:45:00Z,NO1,13.99,15
2026-09-19T13:45:00Z,NO2,0.77,15
2026-09-19T13:45:00Z,NO3,44.06,15
2026-09-19T13:45:00Z,NO4,24.09,15
2026-09-19T13:45:00Z,NO5,35.87,15
2026-09-19T13:45:00Z,PL,25.63,15
2026-09-19T13:45:00Z,PT,0.00,15
2026-09-19T13:45:00Z,RO,71.48,15
2026-09-19T13:45:00Z,RS,59.00,15
2026-09-19T13:45:00Z,SE1,4.64,15
2026-09-19T13:45:00Z,SE2,-3.07,15
2026-09-19T13:45:00Z,SE3,-0.97,15
2026-09-19T13:45:00Z,SE4,-0.15,15
2026-09-19T13:45:00Z,SI,124.57,15
2026-09-19T13:45:00Z,SK,41.10,15
2026-09-19T14:00:00Z,AT,16.48,15
2026-09-19T14:00:00Z,BE,0.07,15
2026-09-19T14:00:00Z,CH,143.61,60
2026-09-19T14:00:00Z,CZ,7.22,15
2026-09-19T14:00:00Z,DE-LU,-0.10,15
2026-09-19T14:00:00Z,DK1,-0.09,15
2026-09-19T14:00:00Z,DK2,1.19,15
2026-09-19T14:00:00Z,EE,3.51,15
2026-09-19T14:00:00Z,ES,-0.10,15
2026-09-19T14:00:00Z,FI,3.53,15
2026-09-19T14:00:00Z,FR,-0.10,15
2026-09-19T14:00:00Z,GR,14.49,15
2026-09-19T14:00:00Z,HR,15.64,15
2026-09-19T14:00:00Z,HU,14.47,15
2026-09-19T14:00:00Z,IT-CNorth,156.40,15
2026-09-19T14:00:00Z,IT-CSouth,156.40,15
2026-09-19T14:00:00Z,IT-North,156.40,15
2026-09-19T14:00:00Z,IT-Sardinia,156.40,15
2026-09-19T14:00:00Z,IT-Sicily,220.00,15
2026-09-19T14:00:00Z,IT-South,156.40,15
2026-09-19T14:00:00Z,LT,3.40,15
2026-09-19T14:00:00Z,LV,3.51,15
2026-09-19T14:00:00Z,NL,-0.10,15
2026-09-19T14:00:00Z,NO1,16.20,15
2026-09-19T14:00:00Z,NO2,14.19,15
2026-09-19T14:00:00Z,NO3,39.48,15
2026-09-19T14:00:00Z,NO4,24.01,15
2026-09-19T14:00:00Z,NO5,17.82,15
2026-09-19T14:00:00Z,PL,5.92,15
2026-09-19T14:00:00Z,PT,0.00,15
2026-09-19T14:00:00Z,RO,14.47,15
2026-09-19T14:00:00Z,RS,135.00,15
2026-09-19T14:00:00Z,SE1,4.47,15
2026-09-19T14:00:00Z,SE2,-3.52,15
2026-09-19T14:00:00Z,SE3,-0.29,15
2026-09-19T14:00:00Z,SE4,0.91,15
2026-09-19T14:00:00Z,SI,16.48,15
2026-09-19T14:00:00Z,SK,12.19,15
2026-09-19T14:15:00Z,AT,116.03,15
2026-09-19T14:15:00Z,BE,1.68,15
2026-09-19T14:15:00Z,CZ,30.31,15
2026-09-19T14:15:00Z,DE-LU,-0.07,15
2026-09-19T14:15:00Z,DK1,-0.02,15
2026-09-19T14:15:00Z,DK2,1.62,15
2026-09-19T14:15:00Z,EE,4.20,15
2026-09-19T14:15:00Z,ES,-0.07,15
2026-09-19T14:15:00Z,FI,4.21,15
2026-09-19T14:15:00Z,FR,-0.07,15
2026-09-19T14:15:00Z,GR,156.21,15
2026-09-19T14:15:00Z,HR,169.16,15
2026-09-19T14:15:00Z,HU,156.21,15
2026-09-19T14:15:00Z,IT-CNorth,169.16,15
2026-09-19T14:15:00Z,IT-CSouth,169.16,15
2026-09-19T14:15:00Z,IT-North,169.16,15
2026-09-19T14:15:00Z,IT-Sardinia,169.16,15
2026-09-19T14:15:00Z,IT-Sicily,221.00,15
2026-09-19T14:15:00Z,IT-South,169.16,15
2026-09-19T14:15:00Z,LT,4.20,15
2026-09-19T14:15:00Z,LV,4.20,15
2026-09-19T14:15:00Z,NL,-0.01,15
2026-09-19T14:15:00Z,NO1,18.23,15
2026-09-19T14:15:00Z,NO2,16.01,15
2026-09-19T14:15:00Z,NO3,43.97,15
2026-09-19T14:15:00Z,NO4,26.87,15
2026-09-19T14:15:00Z,NO5,20.02,15
2026-09-19T14:15:00Z,PL,51.09,15
2026-09-19T14:15:00Z,PT,0.00,15
2026-09-19T14:15:00Z,RO,156.21,15
2026-09-19T14:15:00Z,RS,135.00,15
2026-09-19T14:15:00Z,SE1,5.25,15
2026-09-19T14:15:00Z,SE2,-3.58,15
2026-09-19T14:15:00Z,SE3,0.00,15
2026-09-19T14:15:00Z,SE4,1.32,15
2026-09-19T14:15:00Z,SI,169.16,15
2026-09-19T14:15:00Z,SK,146.76,15
2026-09-19T14:30:00Z,AT,156.44,15
2026-09-19T14:30:00Z,BE,1.71,15
2026-09-19T14:30:00Z,CZ,80.03,15
2026-09-19T14:30:00Z,DE-LU,-0.01,15
2026-09-19T14:30:00Z,DK1,0.11,15
2026-09-19T14:30:00Z,DK2,2.43,15
2026-09-19T14:30:00Z,EE,4.98,15
2026-09-19T14:30:00Z,ES,-0.01,15
2026-09-19T14:30:00Z,FI,5.00,15
2026-09-19T14:30:00Z,FR,-0.01,15
2026-09-19T14:30:00Z,GR,216.96,15
2026-09-19T14:30:00Z,HR,249.15,15
2026-09-19T14:30:00Z,HU,196.04,15
2026-09-19T14:30:00Z,IT-CNorth,196.04,15
2026-09-19T14:30:00Z,IT-CSouth,196.04,15
2026-09-19T14:30:00Z,IT-North,196.04,15
2026-09-19T14:30:00Z,IT-Sardinia,196.04,15
2026-09-19T14:30:00Z,IT-Sicily,350.00,15
2026-09-19T14:30:00Z,IT-South,196.04,15
2026-09-19T14:30:00Z,LT,4.98,15
2026-09-19T14:30:00Z,LV,4.98,15
2026-09-19T14:30:00Z,NL,-0.10,15
2026-09-19T14:30:00Z,NO1,18.88,15
2026-09-19T14:30:00Z,NO2,16.68,15
2026-09-19T14:30:00Z,NO3,44.38,15
2026-09-19T14:30:00Z,NO4,27.44,15
2026-09-19T14:30:00Z,NO5,20.66,15
2026-09-19T14:30:00Z,PL,94.02,15
2026-09-19T14:30:00Z,PT,0.00,15
2026-09-19T14:30:00Z,RO,216.96,15
2026-09-19T14:30:00Z,RS,135.00,15
2026-09-19T14:30:00Z,SE1,6.02,15
2026-09-19T14:30:00Z,SE2,-2.73,15
2026-09-19T14:30:00Z,SE3,0.82,15
2026-09-19T14:30:00Z,SE4,2.13,15
2026-09-19T14:30:00Z,SI,196.04,15
2026-09-19T14:30:00Z,SK,103.67,15
2026-09-19T14:45:00Z,AT,186.31,15
2026-09-19T14:45:00Z,BE,0.00,15
2026-09-19T14:45:00Z,CZ,91.00,15
2026-09-19T14:45:00Z,DE-LU,0.00,15
2026-09-19T14:45:00Z,DK1,0.12,15
2026-09-19T14:45:00Z,DK2,3.81,15
2026-09-19T14:45:00Z,EE,6.22,15
2026-09-19T14:45:00Z,ES,-0.01,15
2026-09-19T14:45:00Z,FI,6.23,15
2026-09-19T14:45:00Z,FR,-0.01,15
2026-09-19T14:45:00Z,GR,233.53,15
2026-09-19T14:45:00Z,HR,286.08,15
2026-09-19T14:45:00Z,HU,218.80,15
2026-09-19T14:45:00Z,IT-CNorth,218.80,15
2026-09-19T14:45:00Z,IT-CSouth,218.80,15
2026-09-19T14:45:00Z,IT-North,218.80,15
2026-09-19T14:45:00Z,IT-Sardinia,218.80,15
2026-09-19T14:45:00Z,IT-Sicily,388.00,15
2026-09-19T14:45:00Z,IT-South,218.80,15
2026-09-19T14:45:00Z,LT,6.22,15
2026-09-19T14:45:00Z,LV,6.22,15
2026-09-19T14:45:00Z,NL,-0.01,15
2026-09-19T14:45:00Z,NO1,21.06,15
2026-09-19T14:45:00Z,NO2,18.71,15
2026-09-19T14:45:00Z,NO3,48.27,15
2026-09-19T14:45:00Z,NO4,30.19,15
2026-09-19T14:45:00Z,NO5,22.95,15
2026-09-19T14:45:00Z,PL,109.15,15
2026-09-19T14:45:00Z,PT,0.01,15
2026-09-19T14:45:00Z,RO,233.53,15
2026-09-19T14:45:00Z,RS,135.00,15
2026-09-19T14:45:00Z,SE1,7.33,15
2026-09-19T14:45:00Z,SE2,-2.01,15
2026-09-19T14:45:00Z,SE3,1.77,15
2026-09-19T14:45:00Z,SE4,3.17,15
2026-09-19T14:45:00Z,SI,218.80,15
2026-09-19T14:45:00Z,SK,136.19,15
2026-09-19T15:00:00Z,AT,123.62,15
2026-09-19T15:00:00Z,BE,2.04,15
2026-09-19T15:00:00Z,CH,174.80,60
2026-09-19T15:00:00Z,CZ,57.51,15
2026-09-19T15:00:00Z,DE-LU,0.00,15
2026-09-19T15:00:00Z,DK1,0.10,15
2026-09-19T15:00:00Z,DK2,3.08,15
2026-09-19T15:00:00Z,EE,5.57,15
2026-09-19T15:00:00Z,ES,-0.01,15
2026-09-19T15:00:00Z,FI,5.59,15
2026-09-19T15:00:00Z,FR,-0.01,15
2026-09-19T15:00:00Z,GR,215.96,15
2026-09-19T15:00:00Z,HR,218.71,15
2026-09-19T15:00:00Z,HU,218.71,15
2026-09-19T15:00:00Z,IT-CNorth,180.59,15
2026-09-19T15:00:00Z,IT-CSouth,180.59,15
2026-09-19T15:00:00Z,IT-North,180.59,15
2026-09-19T15:00:00Z,IT-Sardinia,180.59,15
2026-09-19T15:00:00Z,IT-Sicily,207.00,15
2026-09-19T15:00:00Z,IT-South,180.59,15
2026-09-19T15:00:00Z,LT,5.57,15
2026-09-19T15:00:00Z,LV,5.57,15
2026-09-19T15:00:00Z,NL,0.42,15
2026-09-19T15:00:00Z,NO1,19.17,15
2026-09-19T15:00:00Z,NO2,17.00,15
2026-09-19T15:00:00Z,NO3,44.05,15
2026-09-19T15:00:00Z,NO4,27.51,15
2026-09-19T15:00:00Z,NO5,20.88,15
2026-09-19T15:00:00Z,PL,136.22,15
2026-09-19T15:00:00Z,PT,0.00,15
2026-09-19T15:00:00Z,RO,218.79,15
2026-09-19T15:00:00Z,RS,199.72,15
2026-09-19T15:00:00Z,SE1,6.60,15
2026-09-19T15:00:00Z,SE2,-1.97,15
2026-09-19T15:00:00Z,SE3,1.50,15
2026-09-19T15:00:00Z,SE4,2.79,15
2026-09-19T15:00:00Z,SI,218.71,15
2026-09-19T15:00:00Z,SK,91.59,15
2026-09-19T15:15:00Z,AT,157.64,15
2026-09-19T15:15:00Z,BE,1.64,15
2026-09-19T15:15:00Z,CZ,62.14,15
2026-09-19T15:15:00Z,DE-LU,0.00,15
2026-09-19T15:15:00Z,DK1,0.72,15
2026-09-19T15:15:00Z,DK2,4.32,15
2026-09-19T15:15:00Z,EE,6.71,15
2026-09-19T15:15:00Z,ES,0.00,15
2026-09-19T15:15:00Z,FI,6.73,15
2026-09-19T15:15:00Z,FR,0.00,15
2026-09-19T15:15:00Z,GR,226.96,15
2026-09-19T15:15:00Z,HR,231.84,15
2026-09-19T15:15:00Z,HU,231.84,15
2026-09-19T15:15:00Z,IT-CNorth,177.24,15
2026-09-19T15:15:00Z,IT-CSouth,177.24,15
2026-09-19T15:15:00Z,IT-North,177.24,15
2026-09-19T15:15:00Z,IT-Sardinia,177.24,15
2026-09-19T15:15:00Z,IT-Sicily,226.00,15
2026-09-19T15:15:00Z,IT-South,177.24,15
2026-09-19T15:15:00Z,LT,6.71,15
2026-09-19T15:15:00Z,LV,6.71,15
2026-09-19T15:15:00Z,NL,0.63,15
2026-09-19T15:15:00Z,NO1,19.79,15
2026-09-19T15:15:00Z,NO2,17.70,15
2026-09-19T15:15:00Z,NO3,43.72,15
2026-09-19T15:15:00Z,NO4,27.81,15
2026-09-19T15:15:00Z,NO5,21.44,15
2026-09-19T15:15:00Z,PL,184.85,15
2026-09-19T15:15:00Z,PT,0.00,15
2026-09-19T15:15:00Z,RO,229.69,15
2026-09-19T15:15:00Z,RS,199.72,15
2026-09-19T15:15:00Z,SE1,7.70,15
2026-09-19T15:15:00Z,SE2,-0.54,15
2026-09-19T15:15:00Z,SE3,2.79,15
2026-09-19T15:15:00Z,SE4,4.03,15
2026-09-19T15:15:00Z,SI,177.24,15
2026-09-19T15:15:00Z,SK,118.52,15
2026-09-19T15:30:00Z,AT,160.39,15
2026-09-19T15:30:00Z,BE,9.02,15
2026-09-19T15:30:00Z,CZ,82.22,15
2026-09-19T15:30:00Z,DE-LU,8.20,15
2026-09-19T15:30:00Z,DK1,6.70,15
2026-09-19T15:30:00Z,DK2,6.82,15
2026-09-19T15:30:00Z,EE,8.23,15
2026-09-19T15:30:00Z,ES,0.51,15
2026-09-19T15:30:00Z,FI,8.25,15
2026-09-19T15:30:00Z,FR,0.51,15
2026-09-19T15:30:00Z,GR,239.92,15
2026-09-19T15:30:00Z,HR,243.75,15
2026-09-19T15:30:00Z,HU,243.75,15
2026-09-19T15:30:00Z,IT-CNorth,212.20,15
2026-09-19T15:30:00Z,IT-CSouth,212.20,15
2026-09-19T15:30:00Z,IT-North,212.20,15
2026-09-19T15:30:00Z,IT-Sardinia,212.20,15
2026-09-19T15:30:00Z,IT-Sicily,226.00,15
2026-09-19T15:30:00Z,IT-South,212.20,15
2026-09-19T15:30:00Z,LT,8.23,15
2026-09-19T15:30:00Z,LV,8.23,15
2026-09-19T15:30:00Z,NL,8.20,15
2026-09-19T15:30:00Z,NO1,24.00,15
2026-09-19T15:30:00Z,NO2,21.69,15
2026-09-19T15:30:00Z,NO3,50.26,15
2026-09-19T15:30:00Z,NO4,28.25,15
2026-09-19T15:30:00Z,NO5,25.82,15
2026-09-19T15:30:00Z,PL,184.85,15
2026-09-19T15:30:00Z,PT,0.51,15
2026-09-19T15:30:00Z,RO,242.85,15
2026-09-19T15:30:00Z,RS,199.72,15
2026-09-19T15:30:00Z,SE1,9.17,15
2026-09-19T15:30:00Z,SE2,1.25,15
2026-09-19T15:30:00Z,SE3,5.07,15
2026-09-19T15:30:00Z,SE4,6.50,15
2026-09-19T15:30:00Z,SI,212.20,15
2026-09-19T15:30:00Z,SK,115.14,15
2026-09-19T15:45:00Z,AT,210.90,15
2026-09-19T15:45:00Z,BE,24.00,15
2026-09-19T15:45:00Z,CZ,138.14,15
2026-09-19T15:45:00Z,DE-LU,25.00,15
2026-09-19T15:45:00Z,DK1,19.90,15
2026-09-19T15:45:00Z,DK2,20.25,15
2026-09-19T15:45:00Z,EE,10.72,15
2026-09-19T15:45:00Z,ES,2.51,15
2026-09-19T15:45:00Z,FI,10.74,15
2026-09-19T15:45:00Z,FR,2.51,15
2026-09-19T15:45:00Z,GR,257.47,15
2026-09-19T15:45:00Z,HR,259.38,15
2026-09-19T15:45:00Z,HU,259.38,15
2026-09-19T15:45:00Z,IT-CNorth,229.97,15
2026-09-19T15:45:00Z,IT-CSouth,229.97,15
2026-09-19T15:45:00Z,IT-North,229.97,15
2026-09-19T15:45:00Z,IT-Sardinia,229.97,15
2026-09-19T15:45:00Z,IT-Sicily,350.00,15
2026-09-19T15:45:00Z,IT-South,229.97,15
2026-09-19T15:45:00Z,LT,10.72,15
2026-09-19T15:45:00Z,LV,10.72,15
2026-09-19T15:45:00Z,NL,25.00,15
2026-09-19T15:45:00Z,NO1,40.08,15
2026-09-19T15:45:00Z,NO2,36.45,15
2026-09-19T15:45:00Z,NO3,80.43,15
2026-09-19T15:45:00Z,NO4,30.11,15
2026-09-19T15:45:00Z,NO5,42.94,15
2026-09-19T15:45:00Z,PL,184.85,15
2026-09-19T15:45:00Z,PT,2.51,15
2026-09-19T15:45:00Z,RO,259.23,15
2026-09-19T15:45:00Z,RS,199.72,15
2026-09-19T15:45:00Z,SE1,11.65,15
2026-09-19T15:45:00Z,SE2,3.54,15
2026-09-19T15:45:00Z,SE3,10.01,15
2026-09-19T15:45:00Z,SE4,12.44,15
2026-09-19T15:45:00Z,SI,229.97,15
2026-09-19T15:45:00Z,SK,186.53,15
2026-09-19T16:00:00Z,AT,185.22,15
2026-09-19T16:00:00Z,BE,30.92,15
2026-09-19T16:00:00Z,CH,180.49,60
2026-09-19T16:00:00Z,CZ,118.75,15
2026-09-19T16:00:00Z,DE-LU,30.00,15
2026-09-19T16:00:00Z,DK1,27.82,15
2026-09-19T16:00:00Z,DK2,28.33,15
2026-09-19T16:00:00Z,EE,10.08,15
2026-09-19T16:00:00Z,ES,15.01,15
2026-09-19T16:00:00Z,FI,11.31,15
2026-09-19T16:00:00Z,FR,19.17,15
2026-09-19T16:00:00Z,GR,238.97,15
2026-09-19T16:00:00Z,HR,233.54,15
2026-09-19T16:00:00Z,HU,243.38,15
2026-09-19T16:00:00Z,IT-CNorth,239.16,15
2026-09-19T16:00:00Z,IT-CSouth,239.16,15
2026-09-19T16:00:00Z,IT-North,237.00,15
2026-09-19T16:00:00Z,IT-Sardinia,239.16,15
2026-09-19T16:00:00Z,IT-Sicily,398.75,15
2026-09-19T16:00:00Z,IT-South,239.16,15
2026-09-19T16:00:00Z,LT,10.08,15
2026-09-19T16:00:00Z,LV,10.08,15
2026-09-19T16:00:00Z,NL,30.57,15
2026-09-19T16:00:00Z,NO1,26.09,15
2026-09-19T16:00:00Z,NO2,24.00,15
2026-09-19T16:00:00Z,NO3,49.69,15
2026-09-19T16:00:00Z,NO4,27.93,15
2026-09-19T16:00:00Z,NO5,27.73,15
2026-09-19T16:00:00Z,PL,194.91,15
2026-09-19T16:00:00Z,PT,15.01,15
2026-09-19T16:00:00Z,RO,239.86,15
2026-09-19T16:00:00Z,RS,213.26,15
2026-09-19T16:00:00Z,SE1,12.10,15
2026-09-19T16:00:00Z,SE2,5.49,15
2026-09-19T16:00:00Z,SE3,8.95,15
2026-09-19T16:00:00Z,SE4,10.25,15
2026-09-19T16:00:00Z,SI,237.00,15
2026-09-19T16:00:00Z,SK,243.38,15
2026-09-19T16:15:00Z,AT,197.20,15
2026-09-19T16:15:00Z,BE,59.50,15
2026-09-19T16:15:00Z,CZ,150.10,15
2026-09-19T16:15:00Z,DE-LU,51.74,15
2026-09-19T16:15:00Z,DK1,48.99,15
2026-09-19T16:15:00Z,DK2,49.87,15
2026-09-19T16:15:00Z,EE,13.71,15
2026-09-19T16:15:00Z,ES,64.08,15
2026-09-19T16:15:00Z,FI,12.51,15
2026-09-19T16:15:00Z,FR,64.08,15
2026-09-19T16:15:00Z,GR,256.18,15
2026-09-19T16:15:00Z,HR,240.04,15
2026-09-19T16:15:00Z,HU,263.24,15
2026-09-19T16:15:00Z,IT-CNorth,238.00,15
2026-09-19T16:15:00Z,IT-CSouth,238.00,15
2026-09-19T16:15:00Z,IT-North,238.00,15
2026-09-19T16:15:00Z,IT-Sardinia,238.00,15
2026-09-19T16:15:00Z,IT-Sicily,398.76,15
2026-09-19T16:15:00Z,IT-South,238.00,15
2026-09-19T16:15:00Z,LT,13.71,15
2026-09-19T16:15:00Z,LV,13.71,15
2026-09-19T16:15:00Z,NL,56.36,15
2026-09-19T16:15:00Z,NO1,50.47,15
2026-09-19T16:15:00Z,NO2,46.03,15
2026-09-19T16:15:00Z,NO3,99.29,15
2026-09-19T16:15:00Z,NO4,30.54,15
2026-09-19T16:15:00Z,NO5,53.94,15
2026-09-19T16:15:00Z,PL,257.69,15
2026-09-19T16:15:00Z,PT,64.08,15
2026-09-19T16:15:00Z,RO,257.89,15
2026-09-19T16:15:00Z,RS,213.26,15
2026-09-19T16:15:00Z,SE1,13.37,15
2026-09-19T16:15:00Z,SE2,5.56,15
2026-09-19T16:15:00Z,SE3,13.59,15
2026-09-19T16:15:00Z,SE4,16.62,15
2026-09-19T16:15:00Z,SI,238.00,15
2026-09-19T16:15:00Z,SK,263.24,15
2026-09-19T16:30:00Z,AT,229.48,15
2026-09-19T16:30:00Z,BE,89.19,15
2026-09-19T16:30:00Z,CZ,193.64,15
2026-09-19T16:30:00Z,DE-LU,79.66,15
2026-09-19T16:30:00Z,DK1,58.44,15
2026-09-19T16:30:00Z,DK2,59.49,15
2026-09-19T16:30:00Z,EE,14.75,15
2026-09-19T16:30:00Z,ES,94.50,15
2026-09-19T16:30:00Z,FI,14.76,15
2026-09-19T16:30:00Z,FR,94.50,15
2026-09-19T16:30:00Z,GR,246.61,15
2026-09-19T16:30:00Z,HR,237.00,15
2026-09-19T16:30:00Z,HU,249.32,15
2026-09-19T16:30:00Z,IT-CNorth,237.00,15
2026-09-19T16:30:00Z,IT-CSouth,237.00,15
2026-09-19T16:30:00Z,IT-North,237.00,15
2026-09-19T16:30:00Z,IT-Sardinia,237.00,15
2026-09-19T16:30:00Z,IT-Sicily,400.02,15
2026-09-19T16:30:00Z,IT-South,237.00,15
2026-09-19T16:30:00Z,LT,19.12,15
2026-09-19T16:30:00Z,LV,19.12,15
2026-09-19T16:30:00Z,NL,86.74,15
2026-09-19T16:30:00Z,NO1,63.62,15
2026-09-19T16:30:00Z,NO2,58.14,15
2026-09-19T16:30:00Z,NO3,123.51,15
2026-09-19T16:30:00Z,NO4,31.83,15
2026-09-19T16:30:00Z,NO5,67.90,15
2026-09-19T16:30:00Z,PL,290.79,15
2026-09-19T16:30:00Z,PT,94.50,15
2026-09-19T16:30:00Z,RO,247.37,15
2026-09-19T16:30:00Z,RS,213.26,15
2026-09-19T16:30:00Z,SE1,15.59,15
2026-09-19T16:30:00Z,SE2,7.82,15
2026-09-19T16:30:00Z,SE3,17.94,15
2026-09-19T16:30:00Z,SE4,21.76,15
2026-09-19T16:30:00Z,SI,237.00,15
2026-09-19T16:30:00Z,SK,249.32,15
2026-09-19T16:45:00Z,AT,239.94,15
2026-09-19T16:45:00Z,BE,110.84,15
2026-09-19T16:45:00Z,CZ,197.51,15
2026-09-19T16:45:00Z,DE-LU,100.43,15
2026-09-19T16:45:00Z,DK1,64.71,15
2026-09-19T16:45:00Z,DK2,65.88,15
2026-09-19T16:45:00Z,EE,15.17,15
2026-09-19T16:45:00Z,ES,115.03,15
2026-09-19T16:45:00Z,FI,15.18,15
2026-09-19T16:45:00Z,FR,115.03,15
2026-09-19T16:45:00Z,GR,243.13,15
2026-09-19T16:45:00Z,HR,238.52,15
2026-09-19T16:45:00Z,HU,244.54,15
2026-09-19T16:45:00Z,IT-CNorth,240.00,15
2026-09-19T16:45:00Z,IT-CSouth,240.00,15
2026-09-19T16:45:00Z,IT-North,240.00,15
2026-09-19T16:45:00Z,IT-Sardinia,240.00,15
2026-09-19T16:45:00Z,IT-Sicily,402.00,15
2026-09-19T16:45:00Z,IT-South,240.00,15
2026-09-19T16:45:00Z,LT,20.00,15
2026-09-19T16:45:00Z,LV,20.00,15
2026-09-19T16:45:00Z,NL,109.11,15
2026-09-19T16:45:00Z,NO1,67.94,15
2026-09-19T16:45:00Z,NO2,62.66,15
2026-09-19T16:45:00Z,NO3,124.80,15
2026-09-19T16:45:00Z,NO4,30.36,15
2026-09-19T16:45:00Z,NO5,72.21,15
2026-09-19T16:45:00Z,PL,269.67,15
2026-09-19T16:45:00Z,PT,115.03,15
2026-09-19T16:45:00Z,RO,243.44,15
2026-09-19T16:45:00Z,RS,213.26,15
2026-09-19T16:45:00Z,SE1,15.93,15
2026-09-19T16:45:00Z,SE2,8.87,15
2026-09-19T16:45:00Z,SE3,18.83,15
2026-09-19T16:45:00Z,SE4,22.59,15
2026-09-19T16:45:00Z,SI,240.00,15
2026-09-19T16:45:00Z,SK,244.54,15
2026-09-19T17:00:00Z,AT,235.66,15
2026-09-19T17:00:00Z,BE,110.36,15
2026-09-19T17:00:00Z,CH,180.49,60
2026-09-19T17:00:00Z,CZ,151.32,15
2026-09-19T17:00:00Z,DE-LU,99.98,15
2026-09-19T17:00:00Z,DK1,66.97,15
2026-09-19T17:00:00Z,DK2,68.18,15
2026-09-19T17:00:00Z,EE,15.27,15
2026-09-19T17:00:00Z,ES,115.00,15
2026-09-19T17:00:00Z,FI,15.28,15
2026-09-19T17:00:00Z,FR,115.00,15
2026-09-19T17:00:00Z,GR,258.50,15
2026-09-19T17:00:00Z,HR,237.67,15
2026-09-19T17:00:00Z,HU,261.62,15
2026-09-19T17:00:00Z,IT-CNorth,235.66,15
2026-09-19T17:00:00Z,IT-CSouth,235.66,15
2026-09-19T17:00:00Z,IT-North,235.66,15
2026-09-19T17:00:00Z,IT-Sardinia,235.66,15
2026-09-19T17:00:00Z,IT-Sicily,402.00,15
2026-09-19T17:00:00Z,IT-South,235.66,15
2026-09-19T17:00:00Z,LT,17.64,15
2026-09-19T17:00:00Z,LV,17.64,15
2026-09-19T17:00:00Z,NL,108.34,15
2026-09-19T17:00:00Z,NO1,70.58,15
2026-09-19T17:00:00Z,NO2,65.87,15
2026-09-19T17:00:00Z,NO3,120.35,15
2026-09-19T17:00:00Z,NO4,35.00,15
2026-09-19T17:00:00Z,NO5,74.69,15
2026-09-19T17:00:00Z,PL,224.48,15
2026-09-19T17:00:00Z,PT,115.00,15
2026-09-19T17:00:00Z,RO,255.04,15
2026-09-19T17:00:00Z,RS,216.00,15
2026-09-19T17:00:00Z,SE1,16.21,15
2026-09-19T17:00:00Z,SE2,7.62,15
2026-09-19T17:00:00Z,SE3,16.69,15
2026-09-19T17:00:00Z,SE4,20.01,15
2026-09-19T17:00:00Z,SI,235.66,15
2026-09-19T17:00:00Z,SK,201.70,15
2026-09-19T17:15:00Z,AT,242.95,15
2026-09-19T17:15:00Z,BE,131.87,15
2026-09-19T17:15:00Z,CZ,151.10,15
2026-09-19T17:15:00Z,DE-LU,119.52,15
2026-09-19T17:15:00Z,DK1,75.02,15
2026-09-19T17:15:00Z,DK2,76.38,15
2026-09-19T17:15:00Z,EE,12.71,15
2026-09-19T17:15:00Z,ES,140.00,15
2026-09-19T17:15:00Z,FI,12.73,15
2026-09-19T17:15:00Z,FR,136.34,15
2026-09-19T17:15:00Z,GR,233.34,15
2026-09-19T17:15:00Z,HR,239.06,15
2026-09-19T17:15:00Z,HU,237.09,15
2026-09-19T17:15:00Z,IT-CNorth,242.95,15
2026-09-19T17:15:00Z,IT-CSouth,242.95,15
2026-09-19T17:15:00Z,IT-North,242.95,15
2026-09-19T17:15:00Z,IT-Sardinia,242.95,15
2026-09-19T17:15:00Z,IT-Sicily,403.00,15
2026-09-19T17:15:00Z,IT-South,242.95,15
2026-09-19T17:15:00Z,LT,14.87,15
2026-09-19T17:15:00Z,LV,14.87,15
2026-09-19T17:15:00Z,NL,129.90,15
2026-09-19T17:15:00Z,NO1,77.71,15
2026-09-19T17:15:00Z,NO2,73.63,15
2026-09-19T17:15:00Z,NO3,119.08,15
2026-09-19T17:15:00Z,NO4,31.17,15
2026-09-19T17:15:00Z,NO5,81.81,15
2026-09-19T17:15:00Z,PL,244.12,15
2026-09-19T17:15:00Z,PT,140.00,15
2026-09-19T17:15:00Z,RO,237.07,15
2026-09-19T17:15:00Z,RS,216.00,15
2026-09-19T17:15:00Z,SE1,13.60,15
2026-09-19T17:15:00Z,SE2,5.58,15
2026-09-19T17:15:00Z,SE3,14.00,15
2026-09-19T17:15:00Z,SE4,17.07,15
2026-09-19T17:15:00Z,SI,242.95,15
2026-09-19T17:15:00Z,SK,219.00,15
2026-09-19T17:30:00Z,AT,248.00,15
2026-09-19T17:30:00Z,BE,144.24,15
2026-09-19T17:30:00Z,CZ,150.00,15
2026-09-19T17:30:00Z,DE-LU,129.37,15
2026-09-19T17:30:00Z,DK1,78.30,15
2026-09-19T17:30:00Z,DK2,79.73,15
2026-09-19T17:30:00Z,EE,11.78,15
2026-09-19T17:30:00Z,ES,177.28,15
2026-09-19T17:30:00Z,FI,11.79,15
2026-09-19T17:30:00Z,FR,149.32,15
2026-09-19T17:30:00Z,GR,249.43,15
2026-09-19T17:30:00Z,HR,246.81,15
2026-09-19T17:30:00Z,HU,249.96,15
2026-09-19T17:30:00Z,IT-CNorth,248.00,15
2026-09-19T17:30:00Z,IT-CSouth,248.00,15
2026-09-19T17:30:00Z,IT-North,248.00,15
2026-09-19T17:30:00Z,IT-Sardinia,248.00,15
2026-09-19T17:30:00Z,IT-Sicily,403.00,15
2026-09-19T17:30:00Z,IT-South,248.00,15
2026-09-19T17:30:00Z,LT,13.32,15
2026-09-19T17:30:00Z,LV,13.32,15
2026-09-19T17:30:00Z,NL,141.82,15
2026-09-19T17:30:00Z,NO1,79.85,15
2026-09-19T17:30:00Z,NO2,76.69,15
2026-09-19T17:30:00Z,NO3,109.81,15
2026-09-19T17:30:00Z,NO4,28.04,15
2026-09-19T17:30:00Z,NO5,83.58,15
2026-09-19T17:30:00Z,PL,286.00,15
2026-09-19T17:30:00Z,PT,177.28,15
2026-09-19T17:30:00Z,RO,249.50,15
2026-09-19T17:30:00Z,RS,216.00,15
2026-09-19T17:30:00Z,SE1,12.56,15
2026-09-19T17:30:00Z,SE2,5.54,15
2026-09-19T17:30:00Z,SE3,12.59,15
2026-09-19T17:30:00Z,SE4,15.17,15
2026-09-19T17:30:00Z,SI,248.00,15
2026-09-19T17:30:00Z,SK,235.78,15
2026-09-19T17:45:00Z,AT,242.99,15
2026-09-19T17:45:00Z,BE,149.46,15
2026-09-19T17:45:00Z,CZ,150.00,15
2026-09-19T17:45:00Z,DE-LU,134.25,15
2026-09-19T17:45:00Z,DK1,78.62,15
2026-09-19T17:45:00Z,DK2,80.05,15
2026-09-19T17:45:00Z,EE,11.59,15
2026-09-19T17:45:00Z,ES,189.24,15
2026-09-19T17:45:00Z,FI,11.60,15
2026-09-19T17:45:00Z,FR,154.22,15
2026-09-19T17:45:00Z,GR,235.34,15
2026-09-19T17:45:00Z,HR,245.97,15
2026-09-19T17:45:00Z,HU,246.88,15
2026-09-19T17:45:00Z,IT-CNorth,250.00,15
2026-09-19T17:45:00Z,IT-CSouth,250.00,15
2026-09-19T17:45:00Z,IT-North,248.00,15
2026-09-19T17:45:00Z,IT-Sardinia,250.00,15
2026-09-19T17:45:00Z,IT-Sicily,403.00,15
2026-09-19T17:45:00Z,IT-South,250.00,15
2026-09-19T17:45:00Z,LT,11.88,15
2026-09-19T17:45:00Z,LV,11.88,15
2026-09-19T17:45:00Z,NL,147.23,15
2026-09-19T17:45:00Z,NO1,79.47,15
2026-09-19T17:45:00Z,NO2,76.78,15
2026-09-19T17:45:00Z,NO3,103.95,15
2026-09-19T17:45:00Z,NO4,27.78,15
2026-09-19T17:45:00Z,NO5,82.98,15
2026-09-19T17:45:00Z,PL,280.86,15
2026-09-19T17:45:00Z,PT,189.24,15
2026-09-19T17:45:00Z,RO,246.97,15
2026-09-19T17:45:00Z,RS,216.00,15
2026-09-19T17:45:00Z,SE1,12.36,15
2026-09-19T17:45:00Z,SE2,5.49,15
2026-09-19T17:45:00Z,SE3,11.77,15
2026-09-19T17:45:00Z,SE4,14.06,15
2026-09-19T17:45:00Z,SI,248.00,15
2026-09-19T17:45:00Z,SK,232.51,15
2026-09-19T18:00:00Z,AT,223.36,15
2026-09-19T18:00:00Z,BE,142.85,15
2026-09-19T18:00:00Z,CH,178.09,60
2026-09-19T18:00:00Z,CZ,214.39,15
2026-09-19T18:00:00Z,DE-LU,133.07,15
2026-09-19T18:00:00Z,DK1,82.26,15
2026-09-19T18:00:00Z,DK2,83.76,15
2026-09-19T18:00:00Z,EE,11.01,15
2026-09-19T18:00:00Z,ES,190.58,15
2026-09-19T18:00:00Z,FI,11.02,15
2026-09-19T18:00:00Z,FR,147.94,15
2026-09-19T18:00:00Z,GR,234.51,15
2026-09-19T18:00:00Z,HR,225.41,15
2026-09-19T18:00:00Z,HU,236.57,15
2026-09-19T18:00:00Z,IT-CNorth,248.00,15
2026-09-19T18:00:00Z,IT-CSouth,248.00,15
2026-09-19T18:00:00Z,IT-North,248.00,15
2026-09-19T18:00:00Z,IT-Sardinia,248.00,15
2026-09-19T18:00:00Z,IT-Sicily,403.00,15
2026-09-19T18:00:00Z,IT-South,248.00,15
2026-09-19T18:00:00Z,LT,11.01,15
2026-09-19T18:00:00Z,LV,11.01,15
2026-09-19T18:00:00Z,NL,140.24,15
2026-09-19T18:00:00Z,NO1,82.21,15
2026-09-19T18:00:00Z,NO2,80.50,15
2026-09-19T18:00:00Z,NO3,95.38,15
2026-09-19T18:00:00Z,NO4,27.15,15
2026-09-19T18:00:00Z,NO5,85.43,15
2026-09-19T18:00:00Z,PL,282.73,15
2026-09-19T18:00:00Z,PT,190.58,15
2026-09-19T18:00:00Z,RO,235.05,15
2026-09-19T18:00:00Z,RS,204.00,15
2026-09-19T18:00:00Z,SE1,11.77,15
2026-09-19T18:00:00Z,SE2,5.17,15
2026-09-19T18:00:00Z,SE3,10.00,15
2026-09-19T18:00:00Z,SE4,11.78,15
2026-09-19T18:00:00Z,SI,222.78,15
2026-09-19T18:00:00Z,SK,247.01,15
2026-09-19T18:15:00Z,AT,217.57,15
2026-09-19T18:15:00Z,BE,128.42,15
2026-09-19T18:15:00Z,CZ,170.00,15
2026-09-19T18:15:00Z,DE-LU,119.19,15
2026-09-19T18:15:00Z,DK1,80.68,15
2026-09-19T18:15:00Z,DK2,82.15,15
2026-09-19T18:15:00Z,EE,9.99,15
2026-09-19T18:15:00Z,ES,196.46,15
2026-09-19T18:15:00Z,FI,10.00,15
2026-09-19T18:15:00Z,FR,134.32,15
2026-09-19T18:15:00Z,GR,251.13,15
2026-09-19T18:15:00Z,HR,234.76,15
2026-09-19T18:15:00Z,HU,260.03,15
2026-09-19T18:15:00Z,IT-CNorth,259.00,15
2026-09-19T18:15:00Z,IT-CSouth,259.00,15
2026-09-19T18:15:00Z,IT-North,240.00,15
2026-09-19T18:15:00Z,IT-Sardinia,259.00,15
2026-09-19T18:15:00Z,IT-Sicily,403.00,15
2026-09-19T18:15:00Z,IT-South,259.00,15
2026-09-19T18:15:00Z,LT,9.99,15
2026-09-19T18:15:00Z,LV,9.99,15
2026-09-19T18:15:00Z,NL,125.41,15
2026-09-19T18:15:00Z,NO1,81.68,15
2026-09-19T18:15:00Z,NO2,79.91,15
2026-09-19T18:15:00Z,NO3,95.60,15
2026-09-19T18:15:00Z,NO4,27.12,15
2026-09-19T18:15:00Z,NO5,84.93,15
2026-09-19T18:15:00Z,PL,216.13,15
2026-09-19T18:15:00Z,PT,196.46,15
2026-09-19T18:15:00Z,RO,252.63,15
2026-09-19T18:15:00Z,RS,204.00,15
2026-09-19T18:15:00Z,SE1,10.80,15
2026-09-19T18:15:00Z,SE2,4.60,15
2026-09-19T18:15:00Z,SE3,9.50,15
2026-09-19T18:15:00Z,SE4,11.30,15
2026-09-19T18:15:00Z,SI,227.76,15
2026-09-19T18:15:00Z,SK,278.33,15
2026-09-19T18:30:00Z,AT,211.00,15
2026-09-19T18:30:00Z,BE,114.36,15
2026-09-19T18:30:00Z,CZ,149.30,15
2026-09-19T18:30:00Z,DE-LU,107.00,15
2026-09-19T18:30:00Z,DK1,80.01,15
2026-09-19T18:30:00Z,DK2,81.47,15
2026-09-19T18:30:00Z,EE,7.35,15
2026-09-19T18:30:00Z,ES,201.15,15
2026-09-19T18:30:00Z,FI,7.36,15
2026-09-19T18:30:00Z,FR,120.54,15
2026-09-19T18:30:00Z,GR,244.87,15
2026-09-19T18:30:00Z,HR,226.58,15
2026-09-19T18:30:00Z,HU,256.29,15
2026-09-19T18:30:00Z,IT-CNorth,233.00,15
2026-09-19T18:30:00Z,IT-CSouth,233.00,15
2026-09-19T18:30:00Z,IT-North,233.00,15
2026-09-19T18:30:00Z,IT-Sardinia,233.00,15
2026-09-19T18:30:00Z,IT-Sicily,403.00,15
2026-09-19T18:30:00Z,IT-South,233.00,15
2026-09-19T18:30:00Z,LT,7.35,15
2026-09-19T18:30:00Z,LV,7.35,15
2026-09-19T18:30:00Z,NL,111.25,15
2026-09-19T18:30:00Z,NO1,81.75,15
2026-09-19T18:30:00Z,NO2,80.35,15
2026-09-19T18:30:00Z,NO3,91.19,15
2026-09-19T18:30:00Z,NO4,27.13,15
2026-09-19T18:30:00Z,NO5,84.90,15
2026-09-19T18:30:00Z,PL,174.60,15
2026-09-19T18:30:00Z,PT,201.15,15
2026-09-19T18:30:00Z,RO,246.82,15
2026-09-19T18:30:00Z,RS,204.00,15
2026-09-19T18:30:00Z,SE1,8.28,15
2026-09-19T18:30:00Z,SE2,2.67,15
2026-09-19T18:30:00Z,SE3,6.95,15
2026-09-19T18:30:00Z,SE4,8.52,15
2026-09-19T18:30:00Z,SI,218.97,15
2026-09-19T18:30:00Z,SK,260.53,15
2026-09-19T18:45:00Z,AT,199.94,15
2026-09-19T18:45:00Z,BE,105.00,15
2026-09-19T18:45:00Z,CZ,138.00,15
2026-09-19T18:45:00Z,DE-LU,99.94,15
2026-09-19T18:45:00Z,DK1,81.00,15
2026-09-19T18:45:00Z,DK2,82.48,15
2026-09-19T18:45:00Z,EE,5.49,15
2026-09-19T18:45:00Z,ES,201.15,15
2026-09-19T18:45:00Z,FI,5.50,15
2026-09-19T18:45:00Z,FR,110.84,15
2026-09-19T18:45:00Z,GR,238.98,15
2026-09-19T18:45:00Z,HR,212.26,15
2026-09-19T18:45:00Z,HU,255.50,15
2026-09-19T18:45:00Z,IT-CNorth,229.50,15
2026-09-19T18:45:00Z,IT-CSouth,229.50,15
2026-09-19T18:45:00Z,IT-North,229.50,15
2026-09-19T18:45:00Z,IT-Sardinia,229.50,15
2026-09-19T18:45:00Z,IT-Sicily,402.00,15
2026-09-19T18:45:00Z,IT-South,229.50,15
2026-09-19T18:45:00Z,LT,5.49,15
2026-09-19T18:45:00Z,LV,5.49,15
2026-09-19T18:45:00Z,NL,102.13,15
2026-09-19T18:45:00Z,NO1,82.76,15
2026-09-19T18:45:00Z,NO2,82.11,15
2026-09-19T18:45:00Z,NO3,83.11,15
2026-09-19T18:45:00Z,NO4,27.00,15
2026-09-19T18:45:00Z,NO5,85.60,15
2026-09-19T18:45:00Z,PL,139.57,15
2026-09-19T18:45:00Z,PT,201.15,15
2026-09-19T18:45:00Z,RO,242.36,15
2026-09-19T18:45:00Z,RS,204.00,15
2026-09-19T18:45:00Z,SE1,6.50,15
2026-09-19T18:45:00Z,SE2,2.20,15
2026-09-19T18:45:00Z,SE3,5.24,15
2026-09-19T18:45:00Z,SE4,6.36,15
2026-09-19T18:45:00Z,SI,202.84,15
2026-09-19T18:45:00Z,SK,203.01,15
2026-09-19T19:00:00Z,AT,234.65,15
2026-09-19T19:00:00Z,BE,118.02,15
2026-09-19T19:00:00Z,CH,179.83,60
2026-09-19T19:00:00Z,CZ,163.74,15
2026-09-19T19:00:00Z,DE-LU,101.57,15
2026-09-19T19:00:00Z,DK1,78.86,15
2026-09-19T19:00:00Z,DK2,80.30,15
2026-09-19T19:00:00Z,EE,5.23,15
2026-09-19T19:00:00Z,ES,201.15,15
2026-09-19T19:00:00Z,FI,5.25,15
2026-09-19T19:00:00Z,FR,121.37,15
2026-09-19T19:00:00Z,GR,228.50,15
2026-09-19T19:00:00Z,HR,223.76,15
2026-09-19T19:00:00Z,HU,234.65,15
2026-09-19T19:00:00Z,IT-CNorth,234.65,15
2026-09-19T19:00:00Z,IT-CSouth,234.65,15
2026-09-19T19:00:00Z,IT-North,234.65,15
2026-09-19T19:00:00Z,IT-Sardinia,234.65,15
2026-09-19T19:00:00Z,IT-Sicily,402.00,15
2026-09-19T19:00:00Z,IT-South,234.65,15
2026-09-19T19:00:00Z,LT,5.23,15
2026-09-19T19:00:00Z,LV,5.23,15
2026-09-19T19:00:00Z,NL,122.39,15
2026-09-19T19:00:00Z,NO1,83.53,15
2026-09-19T19:00:00Z,NO2,83.18,15
2026-09-19T19:00:00Z,NO3,82.41,15
2026-09-19T19:00:00Z,NO4,25.81,15
2026-09-19T19:00:00Z,NO5,86.52,15
2026-09-19T19:00:00Z,PL,152.70,15
2026-09-19T19:00:00Z,PT,201.15,15
2026-09-19T19:00:00Z,RO,229.25,15
2026-09-19T19:00:00Z,RS,199.76,15
2026-09-19T19:00:00Z,SE1,6.21,15
2026-09-19T19:00:00Z,SE2,2.28,15
2026-09-19T19:00:00Z,SE3,5.00,15
2026-09-19T19:00:00Z,SE4,6.06,15
2026-09-19T19:00:00Z,SI,222.92,15
2026-09-19T19:00:00Z,SK,228.91,15
2026-09-19T19:15:00Z,AT,212.47,15
2026-09-19T19:15:00Z,BE,106.06,15
2026-09-19T19:15:00Z,CZ,142.00,15
2026-09-19T19:15:00Z,DE-LU,99.95,15
2026-09-19T19:15:00Z,DK1,83.17,15
2026-09-19T19:15:00Z,DK2,84.69,15
2026-09-19T19:15:00Z,EE,5.06,15
2026-09-19T19:15:00Z,ES,201.15,15
2026-09-19T19:15:00Z,FI,5.08,15
2026-09-19T19:15:00Z,FR,111.72,15
2026-09-19T19:15:00Z,GR,225.29,15
2026-09-19T19:15:00Z,HR,213.00,15
2026-09-19T19:15:00Z,HU,235.29,15
2026-09-19T19:15:00Z,IT-CNorth,251.51,15
2026-09-19T19:15:00Z,IT-CSouth,251.51,15
2026-09-19T19:15:00Z,IT-North,242.35,15
2026-09-19T19:15:00Z,IT-Sardinia,251.51,15
2026-09-19T19:15:00Z,IT-Sicily,402.00,15
2026-09-19T19:15:00Z,IT-South,251.51,15
2026-09-19T19:15:00Z,LT,5.06,15
2026-09-19T19:15:00Z,LV,5.06,15
2026-09-19T19:15:00Z,NL,104.17,15
2026-09-19T19:15:00Z,NO1,86.20,15
2026-09-19T19:15:00Z,NO2,85.96,15
2026-09-19T19:15:00Z,NO3,83.31,15
2026-09-19T19:15:00Z,NO4,25.05,15
2026-09-19T19:15:00Z,NO5,89.20,15
2026-09-19T19:15:00Z,PL,135.01,15
2026-09-19T19:15:00Z,PT,201.15,15
2026-09-19T19:15:00Z,RO,226.85,15
2026-09-19T19:15:00Z,RS,199.76,15
2026-09-19T19:15:00Z,SE1,6.01,15
2026-09-19T19:15:00Z,SE2,2.20,15
2026-09-19T19:15:00Z,SE3,4.84,15
2026-09-19T19:15:00Z,SE4,5.87,15
2026-09-19T19:15:00Z,SI,208.44,15
2026-09-19T19:15:00Z,SK,225.03,15
2026-09-19T19:30:00Z,AT,196.16,15
2026-09-19T19:30:00Z,BE,102.84,15
2026-09-19T19:30:00Z,CZ,106.69,15
2026-09-19T19:30:00Z,DE-LU,91.05,15
2026-09-19T19:30:00Z,DK1,82.96,15
2026-09-19T19:30:00Z,DK2,84.48,15
2026-09-19T19:30:00Z,EE,5.00,15
2026-09-19T19:30:00Z,ES,196.50,15
2026-09-19T19:30:00Z,FI,5.02,15
2026-09-19T19:30:00Z,FR,107.12,15
2026-09-19T19:30:00Z,GR,242.61,15
2026-09-19T19:30:00Z,HR,220.04,15
2026-09-19T19:30:00Z,HU,258.95,15
2026-09-19T19:30:00Z,IT-CNorth,229.00,15
2026-09-19T19:30:00Z,IT-CSouth,229.00,15
2026-09-19T19:30:00Z,IT-North,229.00,15
2026-09-19T19:30:00Z,IT-Sardinia,229.00,15
2026-09-19T19:30:00Z,IT-Sicily,402.00,15
2026-09-19T19:30:00Z,IT-South,229.00,15
2026-09-19T19:30:00Z,LT,5.00,15
2026-09-19T19:30:00Z,LV,5.00,15
2026-09-19T19:30:00Z,NL,103.87,15
2026-09-19T19:30:00Z,NO1,85.94,15
2026-09-19T19:30:00Z,NO2,85.74,15
2026-09-19T19:30:00Z,NO3,82.63,15
2026-09-19T19:30:00Z,NO4,24.62,15
2026-09-19T19:30:00Z,NO5,88.92,15
2026-09-19T19:30:00Z,PL,173.31,15
2026-09-19T19:30:00Z,PT,196.50,15
2026-09-19T19:30:00Z,RO,245.23,15
2026-09-19T19:30:00Z,RS,199.76,15
2026-09-19T19:30:00Z,SE1,5.93,15
2026-09-19T19:30:00Z,SE2,2.19,15
2026-09-19T19:30:00Z,SE3,4.78,15
2026-09-19T19:30:00Z,SE4,5.80,15
2026-09-19T19:30:00Z,SI,209.78,15
2026-09-19T19:30:00Z,SK,258.95,15
2026-09-19T19:45:00Z,AT,164.06,15
2026-09-19T19:45:00Z,BE,84.21,15
2026-09-19T19:45:00Z,CZ,67.32,15
2026-09-19T19:45:00Z,DE-LU,67.32,15
2026-09-19T19:45:00Z,DK1,60.35,15
2026-09-19T19:45:00Z,DK2,61.28,15
2026-09-19T19:45:00Z,EE,4.62,15
2026-09-19T19:45:00Z,ES,196.33,15
2026-09-19T19:45:00Z,FI,4.63,15
2026-09-19T19:45:00Z,FR,87.06,15
2026-09-19T19:45:00Z,GR,232.76,15
2026-09-19T19:45:00Z,HR,202.79,15
2026-09-19T19:45:00Z,HU,253.31,15
2026-09-19T19:45:00Z,IT-CNorth,214.00,15
2026-09-19T19:45:00Z,IT-CSouth,214.00,15
2026-09-19T19:45:00Z,IT-North,214.00,15
2026-09-19T19:45:00Z,IT-Sardinia,214.00,15
2026-09-19T19:45:00Z,IT-Sicily,402.00,15
2026-09-19T19:45:00Z,IT-South,214.00,15
2026-09-19T19:45:00Z,LT,4.62,15
2026-09-19T19:45:00Z,LV,4.62,15
2026-09-19T19:45:00Z,NL,88.00,15
2026-09-19T19:45:00Z,NO1,79.07,15
2026-09-19T19:45:00Z,NO2,78.70,15
2026-09-19T19:45:00Z,NO3,78.38,15
2026-09-19T19:45:00Z,NO4,24.48,15
2026-09-19T19:45:00Z,NO5,81.92,15
2026-09-19T19:45:00Z,PL,173.31,15
2026-09-19T19:45:00Z,PT,196.33,15
2026-09-19T19:45:00Z,RO,236.18,15
2026-09-19T19:45:00Z,RS,199.76,15
2026-09-19T19:45:00Z,SE1,5.56,15
2026-09-19T19:45:00Z,SE2,1.77,15
2026-09-19T19:45:00Z,SE3,4.40,15
2026-09-19T19:45:00Z,SE4,5.42,15
2026-09-19T19:45:00Z,SI,188.77,15
2026-09-19T19:45:00Z,SK,253.31,15
2026-09-19T20:00:00Z,AT,211.00,15
2026-09-19T20:00:00Z,BE,96.28,15
2026-09-19T20:00:00Z,CH,178.09,60
2026-09-19T20:00:00Z,CZ,110.43,15
2026-09-19T20:00:00Z,DE-LU,88.87,15
2026-09-19T20:00:00Z,DK1,64.75,15
2026-09-19T20:00:00Z,DK2,65.93,15
2026-09-19T20:00:00Z,EE,4.02,15
2026-09-19T20:00:00Z,ES,193.50,15
2026-09-19T20:00:00Z,FI,4.03,15
2026-09-19T20:00:00Z,FR,103.17,15
2026-09-19T20:00:00Z,GR,251.63,15
2026-09-19T20:00:00Z,HR,231.00,15
2026-09-19T20:00:00Z,HU,267.33,15
2026-09-19T20:00:00Z,IT-CNorth,250.00,15
2026-09-19T20:00:00Z,IT-CSouth,250.00,15
2026-09-19T20:00:00Z,IT-North,250.00,15
2026-09-19T20:00:00Z,IT-Sardinia,250.00,15
2026-09-19T20:00:00Z,IT-Sicily,402.00,15
2026-09-19T20:00:00Z,IT-South,250.00,15
2026-09-19T20:00:00Z,LT,4.02,15
2026-09-19T20:00:00Z,LV,4.02,15
2026-09-19T20:00:00Z,NL,93.03,15
2026-09-19T20:00:00Z,NO1,48.94,15
2026-09-19T20:00:00Z,NO2,48.03,15
2026-09-19T20:00:00Z,NO3,58.86,15
2026-09-19T20:00:00Z,NO4,23.91,15
2026-09-19T20:00:00Z,NO5,51.25,15
2026-09-19T20:00:00Z,PL,152.24,15
2026-09-19T20:00:00Z,PT,193.50,15
2026-09-19T20:00:00Z,RO,253.97,15
2026-09-19T20:00:00Z,RS,199.73,15
2026-09-19T20:00:00Z,SE1,4.96,15
2026-09-19T20:00:00Z,SE2,1.15,15
2026-09-19T20:00:00Z,SE3,3.80,15
2026-09-19T20:00:00Z,SE4,4.82,15
2026-09-19T20:00:00Z,SI,221.70,15
2026-09-19T20:00:00Z,SK,267.33,15
2026-09-19T20:15:00Z,AT,210.90,15
2026-09-19T20:15:00Z,BE,97.25,15
2026-09-19T20:15:00Z,CZ,113.79,15
2026-09-19T20:15:00Z,DE-LU,86.21,15
2026-09-19T20:15:00Z,DK1,61.61,15
2026-09-19T20:15:00Z,DK2,62.74,15
2026-09-19T20:15:00Z,EE,3.54,15
2026-09-19T20:15:00Z,ES,190.00,15
2026-09-19T20:15:00Z,FI,3.55,15
2026-09-19T20:15:00Z,FR,102.91,15
2026-09-19T20:15:00Z,GR,243.49,15
2026-09-19T20:15:00Z,HR,225.68,15
2026-09-19T20:15:00Z,HU,257.61,15
2026-09-19T20:15:00Z,IT-CNorth,240.00,15
2026-09-19T20:15:00Z,IT-CSouth,240.00,15
2026-09-19T20:15:00Z,IT-North,240.00,15
2026-09-19T20:15:00Z,IT-Sardinia,240.00,15
2026-09-19T20:15:00Z,IT-Sicily,402.00,15
2026-09-19T20:15:00Z,IT-South,240.00,15
2026-09-19T20:15:00Z,LT,3.54,15
2026-09-19T20:15:00Z,LV,3.54,15
2026-09-19T20:15:00Z,NL,96.55,15
2026-09-19T20:15:00Z,NO1,61.65,15
2026-09-19T20:15:00Z,NO2,61.17,15
2026-09-19T20:15:00Z,NO3,65.31,15
2026-09-19T20:15:00Z,NO4,22.21,15
2026-09-19T20:15:00Z,NO5,64.19,15
2026-09-19T20:15:00Z,PL,135.39,15
2026-09-19T20:15:00Z,PT,190.00,15
2026-09-19T20:15:00Z,RO,245.56,15
2026-09-19T20:15:00Z,RS,199.73,15
2026-09-19T20:15:00Z,SE1,4.43,15
2026-09-19T20:15:00Z,SE2,0.85,15
2026-09-19T20:15:00Z,SE3,3.33,15
2026-09-19T20:15:00Z,SE4,4.30,15
2026-09-19T20:15:00Z,SI,217.75,15
2026-09-19T20:15:00Z,SK,257.61,15
2026-09-19T20:30:00Z,AT,207.63,15
2026-09-19T20:30:00Z,BE,97.61,15
2026-09-19T20:30:00Z,CZ,108.41,15
2026-09-19T20:30:00Z,DE-LU,83.64,15
2026-09-19T20:30:00Z,DK1,58.46,15
2026-09-19T20:30:00Z,DK2,59.53,15
2026-09-19T20:30:00Z,EE,3.24,15
2026-09-19T20:30:00Z,ES,188.76,15
2026-09-19T20:30:00Z,FI,3.25,15
2026-09-19T20:30:00Z,FR,102.44,15
2026-09-19T20:30:00Z,GR,242.73,15
2026-09-19T20:30:00Z,HR,224.72,15
2026-09-19T20:30:00Z,HU,257.07,15
2026-09-19T20:30:00Z,IT-CNorth,216.44,15
2026-09-19T20:30:00Z,IT-CSouth,216.44,15
2026-09-19T20:30:00Z,IT-North,216.44,15
2026-09-19T20:30:00Z,IT-Sardinia,216.44,15
2026-09-19T20:30:00Z,IT-Sicily,402.00,15
2026-09-19T20:30:00Z,IT-South,216.44,15
2026-09-19T20:30:00Z,LT,3.24,15
2026-09-19T20:30:00Z,LV,3.24,15
2026-09-19T20:30:00Z,NL,98.60,15
2026-09-19T20:30:00Z,NO1,58.50,15
2026-09-19T20:30:00Z,NO2,57.96,15
2026-09-19T20:30:00Z,NO3,63.01,15
2026-09-19T20:30:00Z,NO4,21.79,15
2026-09-19T20:30:00Z,NO5,60.97,15
2026-09-19T20:30:00Z,PL,125.59,15
2026-09-19T20:30:00Z,PT,188.76,15
2026-09-19T20:30:00Z,RO,244.79,15
2026-09-19T20:30:00Z,RS,199.73,15
2026-09-19T20:30:00Z,SE1,4.12,15
2026-09-19T20:30:00Z,SE2,0.57,15
2026-09-19T20:30:00Z,SE3,3.03,15
2026-09-19T20:30:00Z,SE4,3.99,15
2026-09-19T20:30:00Z,SI,216.44,15
2026-09-19T20:30:00Z,SK,260.89,15
2026-09-19T20:45:00Z,AT,177.08,15
2026-09-19T20:45:00Z,BE,99.58,15
2026-09-19T20:45:00Z,CZ,75.70,15
2026-09-19T20:45:00Z,DE-LU,75.70,15
2026-09-19T20:45:00Z,DK1,55.51,15
2026-09-19T20:45:00Z,DK2,56.52,15
2026-09-19T20:45:00Z,EE,2.90,15
2026-09-19T20:45:00Z,ES,186.00,15
2026-09-19T20:45:00Z,FI,2.02,15
2026-09-19T20:45:00Z,FR,100.74,15
2026-09-19T20:45:00Z,GR,241.23,15
2026-09-19T20:45:00Z,HR,214.08,15
2026-09-19T20:45:00Z,HU,260.28,15
2026-09-19T20:45:00Z,IT-CNorth,214.00,15
2026-09-19T20:45:00Z,IT-CSouth,214.00,15
2026-09-19T20:45:00Z,IT-North,214.00,15
2026-09-19T20:45:00Z,IT-Sardinia,214.00,15
2026-09-19T20:45:00Z,IT-Sicily,402.00,15
2026-09-19T20:45:00Z,IT-South,214.00,15
2026-09-19T20:45:00Z,LT,2.90,15
2026-09-19T20:45:00Z,LV,2.90,15
2026-09-19T20:45:00Z,NL,106.91,15
2026-09-19T20:45:00Z,NO1,56.50,15
2026-09-19T20:45:00Z,NO2,55.95,15
2026-09-19T20:45:00Z,NO3,61.26,15
2026-09-19T20:45:00Z,NO4,20.78,15
2026-09-19T20:45:00Z,NO5,58.91,15
2026-09-19T20:45:00Z,PL,119.69,15
2026-09-19T20:45:00Z,PT,186.00,15
2026-09-19T20:45:00Z,RO,244.25,15
2026-09-19T20:45:00Z,RS,199.73,15
2026-09-19T20:45:00Z,SE1,2.90,15
2026-09-19T20:45:00Z,SE2,0.27,15
2026-09-19T20:45:00Z,SE3,2.70,15
2026-09-19T20:45:00Z,SE4,3.64,15
2026-09-19T20:45:00Z,SI,201.23,15
2026-09-19T20:45:00Z,SK,260.28,15
2026-09-19T21:00:00Z,AT,229.21,15
2026-09-19T21:00:00Z,BE,97.61,15
2026-09-19T21:00:00Z,CH,174.79,60
2026-09-19T21:00:00Z,CZ,128.75,15
2026-09-19T21:00:00Z,DE-LU,85.00,15
2026-09-19T21:00:00Z,DK1,40.18,15
2026-09-19T21:00:00Z,DK2,40.91,15
2026-09-19T21:00:00Z,EE,2.42,15
2026-09-19T21:00:00Z,ES,188.76,15
2026-09-19T21:00:00Z,FI,1.99,15
2026-09-19T21:00:00Z,FR,103.81,15
2026-09-19T21:00:00Z,GR,247.52,15
2026-09-19T21:00:00Z,HR,233.35,15
2026-09-19T21:00:00Z,HU,259.92,15
2026-09-19T21:00:00Z,IT-CNorth,237.00,15
2026-09-19T21:00:00Z,IT-CSouth,237.00,15
2026-09-19T21:00:00Z,IT-North,237.00,15
2026-09-19T21:00:00Z,IT-Sardinia,237.00,15
2026-09-19T21:00:00Z,IT-Sicily,402.00,15
2026-09-19T21:00:00Z,IT-South,237.00,15
2026-09-19T21:00:00Z,LT,2.42,15
2026-09-19T21:00:00Z,LV,2.42,15
2026-09-19T21:00:00Z,NL,96.21,15
2026-09-19T21:00:00Z,NO1,37.07,15
2026-09-19T21:00:00Z,NO2,36.33,15
2026-09-19T21:00:00Z,NO3,46.37,15
2026-09-19T21:00:00Z,NO4,18.82,15
2026-09-19T21:00:00Z,NO5,39.01,15
2026-09-19T21:00:00Z,PL,119.69,15
2026-09-19T21:00:00Z,PT,188.76,15
2026-09-19T21:00:00Z,RO,249.13,15
2026-09-19T21:00:00Z,RS,192.00,15
2026-09-19T21:00:00Z,SE1,2.85,15
2026-09-19T21:00:00Z,SE2,-0.02,15
2026-09-19T21:00:00Z,SE3,2.24,15
2026-09-19T21:00:00Z,SE4,3.09,15
2026-09-19T21:00:00Z,SI,227.63,15
2026-09-19T21:00:00Z,SK,257.43,15
2026-09-19T21:15:00Z,AT,211.00,15
2026-09-19T21:15:00Z,BE,93.24,15
2026-09-19T21:15:00Z,CZ,115.73,15
2026-09-19T21:15:00Z,DE-LU,80.00,15
2026-09-19T21:15:00Z,DK1,42.17,15
2026-09-19T21:15:00Z,DK2,42.94,15
2026-09-19T21:15:00Z,EE,1.98,15
2026-09-19T21:15:00Z,ES,187.50,15
2026-09-19T21:15:00Z,FI,1.99,15
2026-09-19T21:15:00Z,FR,98.49,15
2026-09-19T21:15:00Z,GR,233.62,15
2026-09-19T21:15:00Z,HR,218.93,15
2026-09-19T21:15:00Z,HU,246.04,15
2026-09-19T21:15:00Z,IT-CNorth,212.74,15
2026-09-19T21:15:00Z,IT-CSouth,212.74,15
2026-09-19T21:15:00Z,IT-North,212.74,15
2026-09-19T21:15:00Z,IT-Sardinia,212.74,15
2026-09-19T21:15:00Z,IT-Sicily,400.00,15
2026-09-19T21:15:00Z,IT-South,212.74,15
2026-09-19T21:15:00Z,LT,1.98,15
2026-09-19T21:15:00Z,LV,1.98,15
2026-09-19T21:15:00Z,NL,93.00,15
2026-09-19T21:15:00Z,NO1,40.00,15
2026-09-19T21:15:00Z,NO2,39.32,15
2026-09-19T21:15:00Z,NO3,48.28,15
2026-09-19T21:15:00Z,NO4,18.74,15
2026-09-19T21:15:00Z,NO5,42.03,15
2026-09-19T21:15:00Z,PL,113.51,15
2026-09-19T21:15:00Z,PT,187.50,15
2026-09-19T21:15:00Z,RO,235.26,15
2026-09-19T21:15:00Z,RS,192.00,15
2026-09-19T21:15:00Z,SE1,2.90,15
2026-09-19T21:15:00Z,SE2,-0.48,15
2026-09-19T21:15:00Z,SE3,1.80,15
2026-09-19T21:15:00Z,SE4,2.66,15
2026-09-19T21:15:00Z,SI,212.74,15
2026-09-19T21:15:00Z,SK,245.41,15
2026-09-19T21:30:00Z,AT,208.01,15
2026-09-19T21:30:00Z,BE,93.54,15
2026-09-19T21:30:00Z,CZ,115.00,15
2026-09-19T21:30:00Z,DE-LU,77.65,15
2026-09-19T21:30:00Z,DK1,40.01,15
2026-09-19T21:30:00Z,DK2,40.74,15
2026-09-19T21:30:00Z,EE,1.50,15
2026-09-19T21:30:00Z,ES,186.50,15
2026-09-19T21:30:00Z,FI,1.51,15
2026-09-19T21:30:00Z,FR,97.84,15
2026-09-19T21:30:00Z,GR,228.10,15
2026-09-19T21:30:00Z,HR,214.33,15
2026-09-19T21:30:00Z,HU,239.93,15
2026-09-19T21:30:00Z,IT-CNorth,208.61,15
2026-09-19T21:30:00Z,IT-CSouth,208.61,15
2026-09-19T21:30:00Z,IT-North,208.61,15
2026-09-19T21:30:00Z,IT-Sardinia,208.61,15
2026-09-19T21:30:00Z,IT-Sicily,400.00,15
2026-09-19T21:30:00Z,IT-South,208.61,15
2026-09-19T21:30:00Z,LT,1.50,15
2026-09-19T21:30:00Z,LV,1.50,15
2026-09-19T21:30:00Z,NL,95.15,15
2026-09-19T21:30:00Z,NO1,37.94,15
2026-09-19T21:30:00Z,NO2,37.22,15
2026-09-19T21:30:00Z,NO3,46.77,15
2026-09-19T21:30:00Z,NO4,18.68,15
2026-09-19T21:30:00Z,NO5,39.92,15
2026-09-19T21:30:00Z,PL,109.15,15
2026-09-19T21:30:00Z,PT,186.50,15
2026-09-19T21:30:00Z,RO,229.65,15
2026-09-19T21:30:00Z,RS,192.00,15
2026-09-19T21:30:00Z,SE1,3.34,15
2026-09-19T21:30:00Z,SE2,-0.98,15
2026-09-19T21:30:00Z,SE3,1.31,15
2026-09-19T21:30:00Z,SE4,2.17,15
2026-09-19T21:30:00Z,SI,208.61,15
2026-09-19T21:30:00Z,SK,238.61,15
2026-09-19T21:45:00Z,AT,193.11,15
2026-09-19T21:45:00Z,BE,84.12,15
2026-09-19T21:45:00Z,CZ,97.52,15
2026-09-19T21:45:00Z,DE-LU,70.82,15
2026-09-19T21:45:00Z,DK1,37.31,15
2026-09-19T21:45:00Z,DK2,37.99,15
2026-09-19T21:45:00Z,EE,1.00,15
2026-09-19T21:45:00Z,ES,184.24,15
2026-09-19T21:45:00Z,FI,1.01,15
2026-09-19T21:45:00Z,FR,89.06,15
2026-09-19T21:45:00Z,GR,225.00,15
2026-09-19T21:45:00Z,HR,207.62,15
2026-09-19T21:45:00Z,HU,238.86,15
2026-09-19T21:45:00Z,IT-CNorth,200.00,15
2026-09-19T21:45:00Z,IT-CSouth,200.00,15
2026-09-19T21:45:00Z,IT-North,200.00,15
2026-09-19T21:45:00Z,IT-Sardinia,200.00,15
2026-09-19T21:45:00Z,IT-Sicily,398.76,15
2026-09-19T21:45:00Z,IT-South,200.00,15
2026-09-19T21:45:00Z,LT,1.00,15
2026-09-19T21:45:00Z,LV,1.00,15
2026-09-19T21:45:00Z,NL,84.12,15
2026-09-19T21:45:00Z,NO1,35.62,15
2026-09-19T21:45:00Z,NO2,34.88,15
2026-09-19T21:45:00Z,NO3,44.96,15
2026-09-19T21:45:00Z,NO4,18.75,15
2026-09-19T21:45:00Z,NO5,37.56,15
2026-09-19T21:45:00Z,PL,99.12,15
2026-09-19T21:45:00Z,PT,184.24,15
2026-09-19T21:45:00Z,RO,226.90,15
2026-09-19T21:45:00Z,RS,192.00,15
2026-09-19T21:45:00Z,SE1,4.32,15
2026-09-19T21:45:00Z,SE2,-1.47,15
2026-09-19T21:45:00Z,SE3,0.80,15
2026-09-19T21:45:00Z,SE4,1.67,15
2026-09-19T21:45:00Z,SI,200.00,15
2026-09-19T21:45:00Z,SK,238.86,15
