timestamp_utc,zone,price_eur_mwh,resolution_min
2026-05-28T00:00:00Z,AT,130.90,15
2026-05-28T00:00:00Z,BE,123.25,15
2026-05-28T00:00:00Z,CH,128.40,60
2026-05-28T00:00:00Z,CZ,129.72,15
2026-05-28T00:00:00Z,DE-LU,128.08,15
2026-05-28T00:00:00Z,DK1,125.48,15
2026-05-28T00:00:00Z,DK2,123.22,15
2026-05-28T00:00:00Z,EE,2.35,15
2026-05-28T00:00:00Z,ES,110.76,15
2026-05-28T00:00:00Z,FI,2.36,15
2026-05-28T00:00:00Z,FR,105.76,15
2026-05-28T00:00:00Z,GR,130.47,15
2026-05-28T00:00:00Z,HR,130.98,15
2026-05-28T00:00:00Z,HU,130.36,15
2026-05-28T00:00:00Z,IT-CNorth,131.10,15
2026-05-28T00:00:00Z,IT-CSouth,131.10,15
2026-05-28T00:00:00Z,IT-North,131.10,15
2026-05-28T00:00:00Z,IT-Sardinia,131.10,15
2026-05-28T00:00:00Z,IT-Sicily,131.10,15
2026-05-28T00:00:00Z,IT-South,131.10,15
2026-05-28T00:00:00Z,LT,115.06,15
2026-05-28T00:00:00Z,LV,115.06,15
2026-05-28T00:00:00Z,NL,125.48,15
2026-05-28T00:00:00Z,NO1,104.24,15
2026-05-28T00:00:00Z,NO2,108.65,15
2026-05-28T00:00:00Z,NO3,37.58,15
2026-05-28T00:00:00Z,NO4,10.21,15
2026-05-28T00:00:00Z,NO5,87.13,15
2026-05-28T00:00:00Z,PL,129.35,15
2026-05-28T00:00:00Z,PT,105.76,15
2026-05-28T00:00:00Z,RO,130.47,15
2026-05-28T00:00:00Z,RS,137.64,15
2026-05-28T00:00:00Z,SE1,2.25,15
2026-05-28T00:00:00Z,SE2,2.30,15
2026-05-28T00:00:00Z,SE3,61.98,15
2026-05-28T00:00:00Z,SE4,115.10,15
2026-05-28T00:00:00Z,SI,131.10,15
2026-05-28T00:00:00Z,SK,129.95,15
2026-05-28T00:15:00Z,AT,128.40,15
2026-05-28T00:15:00Z,BE,121.33,15
2026-05-28T00:15:00Z,CZ,127.31,15
2026-05-28T00:15:00Z,DE-LU,125.79,15
2026-05-28T00:15:00Z,DK1,123.39,15
2026-05-28T00:15:00Z,DK2,121.17,15
2026-05-28T00:15:00Z,EE,2.34,15
2026-05-28T00:15:00Z,ES,111.65,15
2026-05-28T00:15:00Z,FI,2.35,15
2026-05-28T00:15:00Z,FR,105.17,15
2026-05-28T00:15:00Z,GR,128.00,15
2026-05-28T00:15:00Z,HR,128.48,15
2026-05-28T00:15:00Z,HU,127.90,15
2026-05-28T00:15:00Z,IT-CNorth,128.58,15
2026-05-28T00:15:00Z,IT-CSouth,128.58,15
2026-05-28T00:15:00Z,IT-North,128.58,15
2026-05-28T00:15:00Z,IT-Sardinia,128.58,15
2026-05-28T00:15:00Z,IT-Sicily,128.58,15
2026-05-28T00:15:00Z,IT-South,128.58,15
2026-05-28T00:15:00Z,LT,114.95,15
2026-05-28T00:15:00Z,LV,114.95,15
2026-05-28T00:15:00Z,NL,123.39,15
2026-05-28T00:15:00Z,NO1,104.11,15
2026-05-28T00:15:00Z,NO2,108.55,15
2026-05-28T00:15:00Z,NO3,37.51,15
2026-05-28T00:15:00Z,NO4,10.19,15
2026-05-28T00:15:00Z,NO5,86.96,15
2026-05-28T00:15:00Z,PL,126.97,15
2026-05-28T00:15:00Z,PT,105.17,15
2026-05-28T00:15:00Z,RO,128.00,15
2026-05-28T00:15:00Z,SE1,2.23,15
2026-05-28T00:15:00Z,SE3,61.91,15
2026-05-28T00:15:00Z,SE4,114.99,15
2026-05-28T00:15:00Z,SI,128.58,15
2026-05-28T00:15:00Z,SK,127.52,15
2026-05-28T00:30:00Z,AT,131.94,15
2026-05-28T00:30:00Z,BE,120.69,15
2026-05-28T00:30:00Z,CZ,130.20,15
2026-05-28T00:30:00Z,DE-LU,127.78,15
2026-05-28T00:30:00Z,DK1,123.97,15
2026-05-28T00:30:00Z,DK2,121.74,15
2026-05-28T00:30:00Z,EE,2.36,15
2026-05-28T00:30:00Z,ES,112.84,15
2026-05-28T00:30:00Z,FI,2.37,15
2026-05-28T00:30:00Z,FR,95.00,15
2026-05-28T00:30:00Z,GR,131.30,15
2026-05-28T00:30:00Z,HR,132.06,15
2026-05-28T00:30:00Z,HU,131.14,15
2026-05-28T00:30:00Z,IT-CNorth,132.23,15
2026-05-28T00:30:00Z,IT-CSouth,132.23,15
2026-05-28T00:30:00Z,IT-North,132.23,15
2026-05-28T00:30:00Z,IT-Sardinia,132.23,15
2026-05-28T00:30:00Z,IT-Sicily,132.23,15
2026-05-28T00:30:00Z,IT-South,132.23,15
2026-05-28T00:30:00Z,LT,99.94,15
2026-05-28T00:30:00Z,LV,99.94,15
2026-05-28T00:30:00Z,NL,123.97,15
2026-05-28T00:30:00Z,NO1,103.22,15
2026-05-28T00:30:00Z,NO2,107.86,15
2026-05-28T00:30:00Z,NO3,36.81,15
2026-05-28T00:30:00Z,NO4,9.93,15
2026-05-28T00:30:00Z,NO5,85.81,15
2026-05-28T00:30:00Z,PL,129.66,15
2026-05-28T00:30:00Z,PT,104.00,15
2026-05-28T00:30:00Z,RO,131.30,15
2026-05-28T00:30:00Z,SE1,2.26,15
2026-05-28T00:30:00Z,SE2,2.00,15
2026-05-28T00:30:00Z,SE3,61.17,15
2026-05-28T00:30:00Z,SE4,113.52,15
2026-05-28T00:30:00Z,SI,132.23,15
2026-05-28T00:30:00Z,SK,130.54,15
2026-05-28T00:45:00Z,AT,133.66,15
2026-05-28T00:45:00Z,BE,116.45,15
2026-05-28T00:45:00Z,CZ,130.99,15
2026-05-28T00:45:00Z,DE-LU,127.30,15
2026-05-28T00:45:00Z,DK1,121.46,15
2026-05-28T00:45:00Z,DK2,119.28,15
2026-05-28T00:45:00Z,ES,113.85,15
2026-05-28T00:45:00Z,FI,2.36,15
2026-05-28T00:45:00Z,FR,77.16,15
2026-05-28T00:45:00Z,GR,132.68,15
2026-05-28T00:45:00Z,HR,133.84,15
2026-05-28T00:45:00Z,HU,132.43,15
2026-05-28T00:45:00Z,IT-CNorth,134.09,15
2026-05-28T00:45:00Z,IT-CSouth,134.09,15
2026-05-28T00:45:00Z,IT-North,134.09,15
2026-05-28T00:45:00Z,IT-Sardinia,134.09,15
2026-05-28T00:45:00Z,IT-Sicily,134.09,15
2026-05-28T00:45:00Z,IT-South,134.09,15
2026-05-28T00:45:00Z,LT,83.22,15
2026-05-28T00:45:00Z,LV,83.22,15
2026-05-28T00:45:00Z,NL,121.46,15
2026-05-28T00:45:00Z,NO1,103.40,15
2026-05-28T00:45:00Z,NO2,108.21,15
2026-05-28T00:45:00Z,NO3,36.80,15
2026-05-28T00:45:00Z,NO5,85.70,15
2026-05-28T00:45:00Z,PL,130.17,15
2026-05-28T00:45:00Z,PT,102.60,15
2026-05-28T00:45:00Z,RO,132.68,15
2026-05-28T00:45:00Z,SE2,2.01,15
2026-05-28T00:45:00Z,SE3,61.30,15
2026-05-28T00:45:00Z,SE4,113.77,15
2026-05-28T00:45:00Z,SI,134.09,15
2026-05-28T00:45:00Z,SK,131.51,15
2026-05-28T01:00:00Z,AT,133.01,15
2026-05-28T01:00:00Z,BE,116.63,15
2026-05-28T01:00:00Z,CH,128.32,60
2026-05-28T01:00:00Z,CZ,130.47,15
2026-05-28T01:00:00Z,DE-LU,127.04,15
2026-05-28T01:00:00Z,DK1,121.44,15
2026-05-28T01:00:00Z,DK2,119.25,15
2026-05-28T01:00:00Z,EE,2.35,15
2026-05-28T01:00:00Z,ES,115.72,15
2026-05-28T01:00:00Z,FI,2.35,15
2026-05-28T01:00:00Z,FR,79.50,15
2026-05-28T01:00:00Z,GR,132.08,15
2026-05-28T01:00:00Z,HR,133.17,15
2026-05-28T01:00:00Z,HU,131.85,15
2026-05-28T01:00:00Z,IT-CNorth,133.01,15
2026-05-28T01:00:00Z,IT-CSouth,133.01,15
2026-05-28T01:00:00Z,IT-North,133.01,15
2026-05-28T01:00:00Z,IT-Sardinia,133.01,15
2026-05-28T01:00:00Z,IT-Sicily,133.01,15
2026-05-28T01:00:00Z,IT-South,133.01,15
2026-05-28T01:00:00Z,LT,85.52,15
2026-05-28T01:00:00Z,LV,85.52,15
2026-05-28T01:00:00Z,NL,121.44,15
2026-05-28T01:00:00Z,NO1,99.14,15
2026-05-28T01:00:00Z,NO2,102.09,15
2026-05-28T01:00:00Z,NO3,36.70,15
2026-05-28T01:00:00Z,NO4,9.79,15
2026-05-28T01:00:00Z,NO5,84.65,15
2026-05-28T01:00:00Z,PL,129.70,15
2026-05-28T01:00:00Z,PT,104.18,15
2026-05-28T01:00:00Z,RO,132.08,15
2026-05-28T01:00:00Z,RS,132.00,15
2026-05-28T01:00:00Z,SE1,2.25,15
2026-05-28T01:00:00Z,SE2,2.30,15
2026-05-28T01:00:00Z,SE3,58.69,15
2026-05-28T01:00:00Z,SE4,109.26,15
2026-05-28T01:00:00Z,SI,133.42,15
2026-05-28T01:00:00Z,SK,130.97,15
2026-05-28T01:15:00Z,AT,132.71,15
2026-05-28T01:15:00Z,BE,117.81,15
2026-05-28T01:15:00Z,CZ,130.40,15
2026-05-28T01:15:00Z,DE-LU,127.27,15
2026-05-28T01:15:00Z,DK1,122.18,15
2026-05-28T01:15:00Z,DK2,119.98,15
2026-05-28T01:15:00Z,EE,2.15,15
2026-05-28T01:15:00Z,FI,2.16,15
2026-05-28T01:15:00Z,FR,84.01,15
2026-05-28T01:15:00Z,GR,131.87,15
2026-05-28T01:15:00Z,HR,132.86,15
2026-05-28T01:15:00Z,HU,131.65,15
2026-05-28T01:15:00Z,IT-CNorth,132.71,15
2026-05-28T01:15:00Z,IT-CSouth,132.71,15
2026-05-28T01:15:00Z,IT-North,132.71,15
2026-05-28T01:15:00Z,IT-Sardinia,132.71,15
2026-05-28T01:15:00Z,IT-Sicily,132.71,15
2026-05-28T01:15:00Z,IT-South,132.71,15
2026-05-28T01:15:00Z,LT,109.55,15
2026-05-28T01:15:00Z,LV,109.55,15
2026-05-28T01:15:00Z,NL,122.18,15
2026-05-28T01:15:00Z,NO1,99.19,15
2026-05-28T01:15:00Z,NO2,102.19,15
2026-05-28T01:15:00Z,NO3,36.68,15
2026-05-28T01:15:00Z,NO4,9.68,15
2026-05-28T01:15:00Z,NO5,84.60,15
2026-05-28T01:15:00Z,RO,131.87,15
2026-05-28T01:15:00Z,SE1,2.05,15
2026-05-28T01:15:00Z,SE2,2.24,15
2026-05-28T01:15:00Z,SE3,58.74,15
2026-05-28T01:15:00Z,SE4,109.55,15
2026-05-28T01:15:00Z,SI,133.09,15
2026-05-28T01:15:00Z,SK,130.86,15
2026-05-28T01:30:00Z,AT,132.29,15
2026-05-28T01:30:00Z,BE,119.40,15
2026-05-28T01:30:00Z,CZ,130.30,15
2026-05-28T01:30:00Z,DE-LU,127.60,15
2026-05-28T01:30:00Z,DK1,123.23,15
2026-05-28T01:30:00Z,DK2,121.01,15
2026-05-28T01:30:00Z,EE,2.16,15
2026-05-28T01:30:00Z,ES,108.16,15
2026-05-28T01:30:00Z,FI,2.17,15
2026-05-28T01:30:00Z,FR,90.21,15
2026-05-28T01:30:00Z,GR,131.57,15
2026-05-28T01:30:00Z,HR,132.42,15
2026-05-28T01:30:00Z,HU,131.38,15
2026-05-28T01:30:00Z,IT-CNorth,132.29,15
2026-05-28T01:30:00Z,IT-CSouth,132.29,15
2026-05-28T01:30:00Z,IT-North,132.29,15
2026-05-28T01:30:00Z,IT-Sardinia,132.29,15
2026-05-28T01:30:00Z,IT-Sicily,132.29,15
2026-05-28T01:30:00Z,IT-South,132.29,15
2026-05-28T01:30:00Z,LT,109.92,15
2026-05-28T01:30:00Z,LV,109.92,15
2026-05-28T01:30:00Z,NL,123.23,15
2026-05-28T01:30:00Z,NO1,99.49,15
2026-05-28T01:30:00Z,NO2,102.66,15
2026-05-28T01:30:00Z,NO3,36.72,15
2026-05-28T01:30:00Z,NO4,9.70,15
2026-05-28T01:30:00Z,NO5,84.62,15
2026-05-28T01:30:00Z,RO,131.57,15
2026-05-28T01:30:00Z,SE1,2.06,15
2026-05-28T01:30:00Z,SE2,2.25,15
2026-05-28T01:30:00Z,SE3,58.93,15
2026-05-28T01:30:00Z,SE4,109.92,15
2026-05-28T01:30:00Z,SI,132.62,15
2026-05-28T01:30:00Z,SK,130.69,15
2026-05-28T01:45:00Z,AT,132.38,15
2026-05-28T01:45:00Z,BE,119.09,15
2026-05-28T01:45:00Z,CZ,130.32,15
2026-05-28T01:45:00Z,DE-LU,127.54,15
2026-05-28T01:45:00Z,DK1,123.04,15
2026-05-28T01:45:00Z,DK2,120.82,15
2026-05-28T01:45:00Z,EE,2.21,15
2026-05-28T01:45:00Z,ES,104.89,15
2026-05-28T01:45:00Z,FI,2.22,15
2026-05-28T01:45:00Z,FR,89.00,15
2026-05-28T01:45:00Z,GR,131.63,15
2026-05-28T01:45:00Z,HR,132.50,15
2026-05-28T01:45:00Z,HU,131.43,15
2026-05-28T01:45:00Z,IT-CNorth,132.38,15
2026-05-28T01:45:00Z,IT-CSouth,132.38,15
2026-05-28T01:45:00Z,IT-North,132.38,15
2026-05-28T01:45:00Z,IT-Sardinia,132.38,15
2026-05-28T01:45:00Z,IT-Sicily,132.38,15
2026-05-28T01:45:00Z,IT-South,132.38,15
2026-05-28T01:45:00Z,LT,110.19,15
2026-05-28T01:45:00Z,LV,110.19,15
2026-05-28T01:45:00Z,NL,123.04,15
2026-05-28T01:45:00Z,NO1,99.72,15
2026-05-28T01:45:00Z,NO2,103.03,15
2026-05-28T01:45:00Z,NO3,36.75,15
2026-05-28T01:45:00Z,NO4,9.74,15
2026-05-28T01:45:00Z,NO5,84.60,15
2026-05-28T01:45:00Z,PT,104.89,15
2026-05-28T01:45:00Z,RO,131.63,15
2026-05-28T01:45:00Z,SE1,2.11,15
2026-05-28T01:45:00Z,SE2,2.30,15
2026-05-28T01:45:00Z,SE3,59.10,15
2026-05-28T01:45:00Z,SE4,110.19,15
2026-05-28T01:45:00Z,SI,132.71,15
2026-05-28T01:45:00Z,SK,130.73,15
2026-05-28T02:00:00Z,AT,130.46,15
2026-05-28T02:00:00Z,BE,118.45,15
2026-05-28T02:00:00Z,CH,128.40,60
2026-05-28T02:00:00Z,CZ,128.60,15
2026-05-28T02:00:00Z,DE-LU,126.09,15
2026-05-28T02:00:00Z,DK1,121.99,15
2026-05-28T02:00:00Z,DK2,119.80,15
2026-05-28T02:00:00Z,EE,2.23,15
2026-05-28T02:00:00Z,ES,111.35,15
2026-05-28T02:00:00Z,FI,2.24,15
2026-05-28T02:00:00Z,FR,91.40,15
2026-05-28T02:00:00Z,GR,129.79,15
2026-05-28T02:00:00Z,HR,130.58,15
2026-05-28T02:00:00Z,HU,129.61,15
2026-05-28T02:00:00Z,IT-CNorth,129.70,15
2026-05-28T02:00:00Z,IT-CSouth,129.70,15
2026-05-28T02:00:00Z,IT-North,129.70,15
2026-05-28T02:00:00Z,IT-Sardinia,129.70,15
2026-05-28T02:00:00Z,IT-Sicily,129.70,15
2026-05-28T02:00:00Z,IT-South,129.70,15
2026-05-28T02:00:00Z,LT,92.96,15
2026-05-28T02:00:00Z,LV,92.96,15
2026-05-28T02:00:00Z,NL,121.99,15
2026-05-28T02:00:00Z,NO1,96.58,15
2026-05-28T02:00:00Z,NO2,96.98,15
2026-05-28T02:00:00Z,NO3,37.08,15
2026-05-28T02:00:00Z,NO4,9.99,15
2026-05-28T02:00:00Z,NO5,87.04,15
2026-05-28T02:00:00Z,PL,128.04,15
2026-05-28T02:00:00Z,PT,104.18,15
2026-05-28T02:00:00Z,RO,129.79,15
2026-05-28T02:00:00Z,RS,135.00,15
2026-05-28T02:00:00Z,SE1,2.14,15
2026-05-28T02:00:00Z,SE3,57.01,15
2026-05-28T02:00:00Z,SE4,106.23,15
2026-05-28T02:00:00Z,SI,130.77,15
2026-05-28T02:00:00Z,SK,128.98,15
2026-05-28T02:15:00Z,AT,131.86,15
2026-05-28T02:15:00Z,BE,121.14,15
2026-05-28T02:15:00Z,CZ,130.20,15
2026-05-28T02:15:00Z,DE-LU,127.96,15
2026-05-28T02:15:00Z,DK1,124.30,15
2026-05-28T02:15:00Z,DK2,122.06,15
2026-05-28T02:15:00Z,ES,110.91,15
2026-05-28T02:15:00Z,FR,96.99,15
2026-05-28T02:15:00Z,GR,131.26,15
2026-05-28T02:15:00Z,HR,131.96,15
2026-05-28T02:15:00Z,HU,131.10,15
2026-05-28T02:15:00Z,IT-CNorth,128.23,15
2026-05-28T02:15:00Z,IT-CSouth,128.23,15
2026-05-28T02:15:00Z,IT-North,128.23,15
2026-05-28T02:15:00Z,IT-Sardinia,128.23,15
2026-05-28T02:15:00Z,IT-Sicily,128.23,15
2026-05-28T02:15:00Z,IT-South,128.23,15
2026-05-28T02:15:00Z,LT,106.67,15
2026-05-28T02:15:00Z,LV,106.67,15
2026-05-28T02:15:00Z,NL,124.30,15
2026-05-28T02:15:00Z,NO1,96.98,15
2026-05-28T02:15:00Z,NO2,97.38,15
2026-05-28T02:15:00Z,NO3,37.22,15
2026-05-28T02:15:00Z,NO4,10.02,15
2026-05-28T02:15:00Z,NO5,87.40,15
2026-05-28T02:15:00Z,PL,129.70,15
2026-05-28T02:15:00Z,PT,105.00,15
2026-05-28T02:15:00Z,RO,131.26,15
2026-05-28T02:15:00Z,SE3,57.25,15
2026-05-28T02:15:00Z,SE4,106.67,15
2026-05-28T02:15:00Z,SI,132.13,15
2026-05-28T02:15:00Z,SK,130.54,15
2026-05-28T02:30:00Z,AT,133.82,15
2026-05-28T02:30:00Z,BE,125.55,15
2026-05-28T02:30:00Z,CZ,132.54,15
2026-05-28T02:30:00Z,DE-LU,130.81,15
2026-05-28T02:30:00Z,DK1,127.99,15
2026-05-28T02:30:00Z,DK2,125.69,15
2026-05-28T02:30:00Z,EE,2.27,15
2026-05-28T02:30:00Z,ES,111.74,15
2026-05-28T02:30:00Z,FI,2.28,15
2026-05-28T02:30:00Z,FR,106.94,15
2026-05-28T02:30:00Z,GR,133.35,15
2026-05-28T02:30:00Z,HR,133.90,15
2026-05-28T02:30:00Z,HU,133.23,15
2026-05-28T02:30:00Z,IT-CNorth,133.82,15
2026-05-28T02:30:00Z,IT-CSouth,133.82,15
2026-05-28T02:30:00Z,IT-North,133.82,15
2026-05-28T02:30:00Z,IT-Sardinia,133.82,15
2026-05-28T02:30:00Z,IT-Sicily,133.82,15
2026-05-28T02:30:00Z,IT-South,133.82,15
2026-05-28T02:30:00Z,LT,107.08,15
2026-05-28T02:30:00Z,LV,107.08,15
2026-05-28T02:30:00Z,NL,127.99,15
2026-05-28T02:30:00Z,NO1,97.35,15
2026-05-28T02:30:00Z,NO2,97.76,15
2026-05-28T02:30:00Z,NO3,37.39,15
2026-05-28T02:30:00Z,NO4,10.09,15
2026-05-28T02:30:00Z,NO5,87.74,15
2026-05-28T02:30:00Z,PL,132.15,15
2026-05-28T02:30:00Z,PT,106.94,15
2026-05-28T02:30:00Z,RO,133.35,15
2026-05-28T02:30:00Z,SE1,2.18,15
2026-05-28T02:30:00Z,SE2,2.34,15
2026-05-28T02:30:00Z,SE3,57.48,15
2026-05-28T02:30:00Z,SE4,107.08,15
2026-05-28T02:30:00Z,SI,134.03,15
2026-05-28T02:30:00Z,SK,132.80,15
2026-05-28T02:45:00Z,AT,138.98,15
2026-05-28T02:45:00Z,BE,129.41,15
2026-05-28T02:45:00Z,CZ,137.49,15
2026-05-28T02:45:00Z,DE-LU,135.50,15
2026-05-28T02:45:00Z,DK1,132.23,15
2026-05-28T02:45:00Z,DK2,129.85,15
2026-05-28T02:45:00Z,EE,2.37,15
2026-05-28T02:45:00Z,ES,112.27,15
2026-05-28T02:45:00Z,FI,2.37,15
2026-05-28T02:45:00Z,FR,107.88,15
2026-05-28T02:45:00Z,GR,138.44,15
2026-05-28T02:45:00Z,HR,139.07,15
2026-05-28T02:45:00Z,HU,138.30,15
2026-05-28T02:45:00Z,IT-CNorth,138.77,15
2026-05-28T02:45:00Z,IT-CSouth,138.77,15
2026-05-28T02:45:00Z,IT-North,138.77,15
2026-05-28T02:45:00Z,IT-Sardinia,138.77,15
2026-05-28T02:45:00Z,IT-Sicily,138.77,15
2026-05-28T02:45:00Z,IT-South,138.77,15
2026-05-28T02:45:00Z,LT,107.68,15
2026-05-28T02:45:00Z,LV,107.68,15
2026-05-28T02:45:00Z,NL,132.23,15
2026-05-28T02:45:00Z,NO1,97.90,15
2026-05-28T02:45:00Z,NO2,98.34,15
2026-05-28T02:45:00Z,NO3,37.63,15
2026-05-28T02:45:00Z,NO4,10.22,15
2026-05-28T02:45:00Z,NO5,88.19,15
2026-05-28T02:45:00Z,PL,137.04,15
2026-05-28T02:45:00Z,PT,107.88,15
2026-05-28T02:45:00Z,RO,138.44,15
2026-05-28T02:45:00Z,SE1,2.27,15
2026-05-28T02:45:00Z,SE2,2.44,15
2026-05-28T02:45:00Z,SE3,57.84,15
2026-05-28T02:45:00Z,SE4,107.68,15
2026-05-28T02:45:00Z,SI,139.22,15
2026-05-28T02:45:00Z,SK,137.80,15
2026-05-28T03:00:00Z,AT,133.85,15
2026-05-28T03:00:00Z,BE,126.10,15
2026-05-28T03:00:00Z,CH,133.84,60
2026-05-28T03:00:00Z,CZ,132.76,15
2026-05-28T03:00:00Z,DE-LU,131.16,15
2026-05-28T03:00:00Z,DK1,128.52,15
2026-05-28T03:00:00Z,DK2,126.21,15
2026-05-28T03:00:00Z,EE,3.92,15
2026-05-28T03:00:00Z,ES,108.60,15
2026-05-28T03:00:00Z,FI,3.93,15
2026-05-28T03:00:00Z,FR,108.60,15
2026-05-28T03:00:00Z,GR,133.51,15
2026-05-28T03:00:00Z,HR,134.02,15
2026-05-28T03:00:00Z,HU,133.40,15
2026-05-28T03:00:00Z,IT-CNorth,133.85,15
2026-05-28T03:00:00Z,IT-CSouth,133.85,15
2026-05-28T03:00:00Z,IT-North,133.85,15
2026-05-28T03:00:00Z,IT-Sardinia,133.85,15
2026-05-28T03:00:00Z,IT-Sicily,133.85,15
2026-05-28T03:00:00Z,IT-South,133.85,15
2026-05-28T03:00:00Z,LT,105.00,15
2026-05-28T03:00:00Z,LV,105.00,15
2026-05-28T03:00:00Z,NL,128.52,15
2026-05-28T03:00:00Z,NO1,98.25,15
2026-05-28T03:00:00Z,NO2,98.96,15
2026-05-28T03:00:00Z,NO3,37.31,15
2026-05-28T03:00:00Z,NO4,10.61,15
2026-05-28T03:00:00Z,NO5,87.65,15
2026-05-28T03:00:00Z,PL,132.41,15
2026-05-28T03:00:00Z,PT,108.60,15
2026-05-28T03:00:00Z,RO,133.51,15
2026-05-28T03:00:00Z,RS,139.05,15
2026-05-28T03:00:00Z,SE1,3.85,15
2026-05-28T03:00:00Z,SE2,2.49,15
2026-05-28T03:00:00Z,SE3,56.74,15
2026-05-28T03:00:00Z,SE4,105.50,15
2026-05-28T03:00:00Z,SI,134.14,15
2026-05-28T03:00:00Z,SK,133.00,15
2026-05-28T03:15:00Z,AT,137.70,15
2026-05-28T03:15:00Z,BE,129.36,15
2026-05-28T03:15:00Z,CZ,136.53,15
2026-05-28T03:15:00Z,DE-LU,134.81,15
2026-05-28T03:15:00Z,DK1,131.96,15
2026-05-28T03:15:00Z,DK2,129.59,15
2026-05-28T03:15:00Z,EE,3.93,15
2026-05-28T03:15:00Z,ES,110.88,15
2026-05-28T03:15:00Z,FI,3.94,15
2026-05-28T03:15:00Z,FR,110.51,15
2026-05-28T03:15:00Z,GR,137.34,15
2026-05-28T03:15:00Z,HR,137.89,15
2026-05-28T03:15:00Z,HU,137.21,15
2026-05-28T03:15:00Z,LT,108.58,15
2026-05-28T03:15:00Z,LV,108.58,15
2026-05-28T03:15:00Z,NL,131.96,15
2026-05-28T03:15:00Z,NO1,100.69,15
2026-05-28T03:15:00Z,NO2,102.42,15
2026-05-28T03:15:00Z,NO3,38.01,15
2026-05-28T03:15:00Z,NO4,10.90,15
2026-05-28T03:15:00Z,NO5,88.28,15
2026-05-28T03:15:00Z,PL,136.15,15
2026-05-28T03:15:00Z,PT,110.51,15
2026-05-28T03:15:00Z,RO,137.34,15
2026-05-28T03:15:00Z,SE2,2.86,15
2026-05-28T03:15:00Z,SE3,58.50,15
2026-05-28T03:15:00Z,SE4,108.96,15
2026-05-28T03:15:00Z,SI,138.01,15
2026-05-28T03:15:00Z,SK,136.79,15
2026-05-28T03:30:00Z,AT,141.23,15
2026-05-28T03:30:00Z,BE,133.26,15
2026-05-28T03:30:00Z,CZ,140.11,15
2026-05-28T03:30:00Z,DE-LU,138.47,15
2026-05-28T03:30:00Z,DK1,135.75,15
2026-05-28T03:30:00Z,DK2,133.30,15
2026-05-28T03:30:00Z,ES,112.75,15
2026-05-28T03:30:00Z,FI,3.93,15
2026-05-28T03:30:00Z,FR,115.23,15
2026-05-28T03:30:00Z,GR,140.89,15
2026-05-28T03:30:00Z,HR,141.41,15
2026-05-28T03:30:00Z,HU,140.77,15
2026-05-28T03:30:00Z,LT,110.49,15
2026-05-28T03:30:00Z,LV,110.49,15
2026-05-28T03:30:00Z,NL,135.75,15
2026-05-28T03:30:00Z,NO1,101.98,15
2026-05-28T03:30:00Z,NO2,104.17,15
2026-05-28T03:30:00Z,NO3,38.42,15
2026-05-28T03:30:00Z,NO4,11.06,15
2026-05-28T03:30:00Z,NO5,88.72,15
2026-05-28T03:30:00Z,PL,139.75,15
2026-05-28T03:30:00Z,PT,115.23,15
2026-05-28T03:30:00Z,RO,140.89,15
2026-05-28T03:30:00Z,SE1,3.84,15
2026-05-28T03:30:00Z,SE2,3.06,15
2026-05-28T03:30:00Z,SE3,59.43,15
2026-05-28T03:30:00Z,SE4,110.80,15
2026-05-28T03:30:00Z,SI,141.54,15
2026-05-28T03:30:00Z,SK,140.36,15
2026-05-28T03:45:00Z,AT,139.65,15
2026-05-28T03:45:00Z,BE,133.98,15
2026-05-28T03:45:00Z,CZ,138.77,15
2026-05-28T03:45:00Z,DE-LU,137.57,15
2026-05-28T03:45:00Z,DK1,135.65,15
2026-05-28T03:45:00Z,DK2,133.21,15
2026-05-28T03:45:00Z,EE,4.28,15
2026-05-28T03:45:00Z,ES,113.85,15
2026-05-28T03:45:00Z,FI,4.29,15
2026-05-28T03:45:00Z,FR,120.67,15
2026-05-28T03:45:00Z,GR,139.33,15
2026-05-28T03:45:00Z,HR,139.71,15
2026-05-28T03:45:00Z,HU,139.25,15
2026-05-28T03:45:00Z,IT-CNorth,139.65,15
2026-05-28T03:45:00Z,IT-CSouth,139.65,15
2026-05-28T03:45:00Z,IT-North,139.65,15
2026-05-28T03:45:00Z,IT-Sardinia,139.65,15
2026-05-28T03:45:00Z,IT-Sicily,139.65,15
2026-05-28T03:45:00Z,IT-South,139.65,15
2026-05-28T03:45:00Z,LT,113.76,15
2026-05-28T03:45:00Z,LV,113.76,15
2026-05-28T03:45:00Z,NL,135.65,15
2026-05-28T03:45:00Z,NO1,103.33,15
2026-05-28T03:45:00Z,NO2,106.08,15
2026-05-28T03:45:00Z,NO3,39.09,15
2026-05-28T03:45:00Z,NO4,11.55,15
2026-05-28T03:45:00Z,NO5,89.11,15
2026-05-28T03:45:00Z,PL,138.50,15
2026-05-28T03:45:00Z,PT,120.67,15
2026-05-28T03:45:00Z,RO,139.33,15
2026-05-28T03:45:00Z,SE1,4.20,15
2026-05-28T03:45:00Z,SE2,3.40,15
2026-05-28T03:45:00Z,SE3,61.12,15
2026-05-28T03:45:00Z,SE4,113.85,15
2026-05-28T03:45:00Z,SI,139.80,15
2026-05-28T03:45:00Z,SK,138.95,15
2026-05-28T04:00:00Z,AT,149.43,15
2026-05-28T04:00:00Z,BE,141.24,15
2026-05-28T04:00:00Z,CH,146.82,60
2026-05-28T04:00:00Z,CZ,148.22,15
2026-05-28T04:00:00Z,DE-LU,146.72,15
2026-05-28T04:00:00Z,DK1,146.72,15
2026-05-28T04:00:00Z,DK2,144.09,15
2026-05-28T04:00:00Z,EE,5.05,15
2026-05-28T04:00:00Z,ES,115.77,15
2026-05-28T04:00:00Z,FI,5.05,15
2026-05-28T04:00:00Z,FR,122.67,15
2026-05-28T04:00:00Z,GR,149.00,15
2026-05-28T04:00:00Z,HR,149.52,15
2026-05-28T04:00:00Z,HU,148.89,15
2026-05-28T04:00:00Z,IT-CNorth,147.28,15
2026-05-28T04:00:00Z,IT-CSouth,147.28,15
2026-05-28T04:00:00Z,IT-North,147.28,15
2026-05-28T04:00:00Z,IT-Sardinia,147.28,15
2026-05-28T04:00:00Z,IT-Sicily,147.28,15
2026-05-28T04:00:00Z,IT-South,147.28,15
2026-05-28T04:00:00Z,LT,131.01,15
2026-05-28T04:00:00Z,LV,131.01,15
2026-05-28T04:00:00Z,NL,143.79,15
2026-05-28T04:00:00Z,NO1,112.61,15
2026-05-28T04:00:00Z,NO2,119.12,15
2026-05-28T04:00:00Z,NO3,41.23,15
2026-05-28T04:00:00Z,NO4,12.87,15
2026-05-28T04:00:00Z,NO5,91.21,15
2026-05-28T04:00:00Z,PL,147.81,15
2026-05-28T04:00:00Z,PT,122.67,15
2026-05-28T04:00:00Z,RO,149.00,15
2026-05-28T04:00:00Z,RS,148.90,15
2026-05-28T04:00:00Z,SE1,4.97,15
2026-05-28T04:00:00Z,SE2,3.47,15
2026-05-28T04:00:00Z,SE3,69.32,15
2026-05-28T04:00:00Z,SE4,130.34,15
2026-05-28T04:00:00Z,SI,149.65,15
2026-05-28T04:00:00Z,SK,148.47,15
2026-05-28T04:15:00Z,AT,154.69,15
2026-05-28T04:15:00Z,BE,146.80,15
2026-05-28T04:15:00Z,CZ,153.52,15
2026-05-28T04:15:00Z,DE-LU,152.08,15
2026-05-28T04:15:00Z,DK1,152.08,15
2026-05-28T04:15:00Z,DK2,149.35,15
2026-05-28T04:15:00Z,EE,5.19,15
2026-05-28T04:15:00Z,ES,122.02,15
2026-05-28T04:15:00Z,FI,5.19,15
2026-05-28T04:15:00Z,FR,128.92,15
2026-05-28T04:15:00Z,GR,154.28,15
2026-05-28T04:15:00Z,HR,154.77,15
2026-05-28T04:15:00Z,HU,154.17,15
2026-05-28T04:15:00Z,LT,135.94,15
2026-05-28T04:15:00Z,LV,135.94,15
2026-05-28T04:15:00Z,NL,149.26,15
2026-05-28T04:15:00Z,NO1,116.77,15
2026-05-28T04:15:00Z,NO2,124.41,15
2026-05-28T04:15:00Z,NO3,42.25,15
2026-05-28T04:15:00Z,NO4,13.20,15
2026-05-28T04:15:00Z,NO5,93.10,15
2026-05-28T04:15:00Z,PL,153.13,15
2026-05-28T04:15:00Z,PT,128.92,15
2026-05-28T04:15:00Z,RO,154.28,15
2026-05-28T04:15:00Z,SE1,5.10,15
2026-05-28T04:15:00Z,SE2,3.57,15
2026-05-28T04:15:00Z,SE3,71.91,15
2026-05-28T04:15:00Z,SE4,135.26,15
2026-05-28T04:15:00Z,SI,154.90,15
2026-05-28T04:15:00Z,SK,153.76,15
2026-05-28T04:30:00Z,AT,151.25,15
2026-05-28T04:30:00Z,BE,143.85,15
2026-05-28T04:30:00Z,CZ,150.16,15
2026-05-28T04:30:00Z,DE-LU,148.81,15
2026-05-28T04:30:00Z,DK1,148.81,15
2026-05-28T04:30:00Z,DK2,146.13,15
2026-05-28T04:30:00Z,EE,5.29,15
2026-05-28T04:30:00Z,ES,121.70,15
2026-05-28T04:30:00Z,FI,5.30,15
2026-05-28T04:30:00Z,FR,127.07,15
2026-05-28T04:30:00Z,GR,139.81,15
2026-05-28T04:30:00Z,HR,151.33,15
2026-05-28T04:30:00Z,HU,150.76,15
2026-05-28T04:30:00Z,IT-CNorth,148.80,15
2026-05-28T04:30:00Z,IT-CSouth,148.80,15
2026-05-28T04:30:00Z,IT-North,148.80,15
2026-05-28T04:30:00Z,IT-Sardinia,148.80,15
2026-05-28T04:30:00Z,IT-Sicily,148.80,15
2026-05-28T04:30:00Z,IT-South,148.80,15
2026-05-28T04:30:00Z,LT,69.87,15
2026-05-28T04:30:00Z,LV,69.87,15
2026-05-28T04:30:00Z,NL,146.15,15
2026-05-28T04:30:00Z,NO1,118.53,15
2026-05-28T04:30:00Z,NO2,126.85,15
2026-05-28T04:30:00Z,NO3,42.27,15
2026-05-28T04:30:00Z,NO4,13.19,15
2026-05-28T04:30:00Z,NO5,93.52,15
2026-05-28T04:30:00Z,PL,149.79,15
2026-05-28T04:30:00Z,PT,127.07,15
2026-05-28T04:30:00Z,RO,150.87,15
2026-05-28T04:30:00Z,SE1,5.21,15
2026-05-28T04:30:00Z,SE2,3.63,15
2026-05-28T04:30:00Z,SE3,75.86,15
2026-05-28T04:30:00Z,SE4,145.24,15
2026-05-28T04:30:00Z,SI,151.45,15
2026-05-28T04:30:00Z,SK,150.38,15
2026-05-28T04:45:00Z,AT,148.14,15
2026-05-28T04:45:00Z,BE,142.26,15
2026-05-28T04:45:00Z,CZ,147.27,15
2026-05-28T04:45:00Z,DE-LU,146.20,15
2026-05-28T04:45:00Z,DK1,146.20,15
2026-05-28T04:45:00Z,DK2,143.57,15
2026-05-28T04:45:00Z,EE,5.19,15
2026-05-28T04:45:00Z,ES,128.10,15
2026-05-28T04:45:00Z,FI,5.20,15
2026-05-28T04:45:00Z,FR,128.92,15
2026-05-28T04:45:00Z,GR,121.47,15
2026-05-28T04:45:00Z,HR,148.20,15
2026-05-28T04:45:00Z,HU,147.75,15
2026-05-28T04:45:00Z,IT-CNorth,148.14,15
2026-05-28T04:45:00Z,IT-CSouth,148.14,15
2026-05-28T04:45:00Z,IT-North,148.14,15
2026-05-28T04:45:00Z,IT-Sardinia,148.14,15
2026-05-28T04:45:00Z,IT-Sicily,148.14,15
2026-05-28T04:45:00Z,IT-South,148.14,15
2026-05-28T04:45:00Z,LT,20.00,15
2026-05-28T04:45:00Z,LV,20.00,15
2026-05-28T04:45:00Z,NL,144.09,15
2026-05-28T04:45:00Z,NO1,119.01,15
2026-05-28T04:45:00Z,NO2,127.40,15
2026-05-28T04:45:00Z,NO3,42.47,15
2026-05-28T04:45:00Z,NO5,93.83,15
2026-05-28T04:45:00Z,PL,146.98,15
2026-05-28T04:45:00Z,PT,128.92,15
2026-05-28T04:45:00Z,RO,147.83,15
2026-05-28T04:45:00Z,SE1,5.10,15
2026-05-28T04:45:00Z,SE2,3.54,15
2026-05-28T04:45:00Z,SE3,74.99,15
2026-05-28T04:45:00Z,SE4,142.71,15
2026-05-28T04:45:00Z,SI,148.30,15
2026-05-28T04:45:00Z,SK,147.45,15
2026-05-28T05:00:00Z,AT,154.68,15
2026-05-28T05:00:00Z,BE,149.93,15
2026-05-28T05:00:00Z,CH,141.10,60
2026-05-28T05:00:00Z,CZ,153.84,15
2026-05-28T05:00:00Z,DE-LU,152.69,15
2026-05-28T05:00:00Z,DK1,152.69,15
2026-05-28T05:00:00Z,DK2,149.95,15
2026-05-28T05:00:00Z,EE,6.18,15
2026-05-28T05:00:00Z,ES,123.67,15
2026-05-28T05:00:00Z,FI,6.18,15
2026-05-28T05:00:00Z,GR,122.98,15
2026-05-28T05:00:00Z,HR,154.66,15
2026-05-28T05:00:00Z,HU,154.29,15
2026-05-28T05:00:00Z,IT-CNorth,146.59,15
2026-05-28T05:00:00Z,IT-CSouth,146.59,15
2026-05-28T05:00:00Z,IT-North,146.59,15
2026-05-28T05:00:00Z,IT-Sardinia,146.59,15
2026-05-28T05:00:00Z,IT-Sicily,146.59,15
2026-05-28T05:00:00Z,IT-South,146.59,15
2026-05-28T05:00:00Z,LT,28.29,15
2026-05-28T05:00:00Z,LV,28.29,15
2026-05-28T05:00:00Z,NL,150.41,15
2026-05-28T05:00:00Z,NO1,128.33,15
2026-05-28T05:00:00Z,NO2,141.44,15
2026-05-28T05:00:00Z,NO3,43.07,15
2026-05-28T05:00:00Z,NO4,14.42,15
2026-05-28T05:00:00Z,NO5,94.58,15
2026-05-28T05:00:00Z,PL,153.59,15
2026-05-28T05:00:00Z,RO,154.36,15
2026-05-28T05:00:00Z,RS,129.83,15
2026-05-28T05:00:00Z,SE1,6.09,15
2026-05-28T05:00:00Z,SE2,4.47,15
2026-05-28T05:00:00Z,SE3,80.58,15
2026-05-28T05:00:00Z,SE4,149.06,15
2026-05-28T05:00:00Z,SI,154.74,15
2026-05-28T05:00:00Z,SK,154.01,15
2026-05-28T05:15:00Z,AT,146.79,15
2026-05-28T05:15:00Z,BE,143.49,15
2026-05-28T05:15:00Z,CZ,146.20,15
2026-05-28T05:15:00Z,DE-LU,145.41,15
2026-05-28T05:15:00Z,DK1,145.41,15
2026-05-28T05:15:00Z,DK2,142.80,15
2026-05-28T05:15:00Z,EE,6.16,15
2026-05-28T05:15:00Z,ES,124.99,15
2026-05-28T05:15:00Z,FI,6.17,15
2026-05-28T05:15:00Z,GR,120.00,15
2026-05-28T05:15:00Z,HR,146.77,15
2026-05-28T05:15:00Z,HU,146.52,15
2026-05-28T05:15:00Z,IT-CNorth,146.83,15
2026-05-28T05:15:00Z,IT-CSouth,146.83,15
2026-05-28T05:15:00Z,IT-North,146.83,15
2026-05-28T05:15:00Z,IT-Sardinia,146.83,15
2026-05-28T05:15:00Z,IT-Sicily,146.83,15
2026-05-28T05:15:00Z,IT-South,146.83,15
2026-05-28T05:15:00Z,LT,17.38,15
2026-05-28T05:15:00Z,LV,17.38,15
2026-05-28T05:15:00Z,NL,143.82,15
2026-05-28T05:15:00Z,NO1,122.53,15
2026-05-28T05:15:00Z,NO2,133.36,15
2026-05-28T05:15:00Z,NO3,42.14,15
2026-05-28T05:15:00Z,NO4,14.19,15
2026-05-28T05:15:00Z,NO5,93.18,15
2026-05-28T05:15:00Z,PL,146.03,15
2026-05-28T05:15:00Z,RO,146.57,15
2026-05-28T05:15:00Z,SE1,6.08,15
2026-05-28T05:15:00Z,SE2,4.50,15
2026-05-28T05:15:00Z,SE3,76.88,15
2026-05-28T05:15:00Z,SE4,141.94,15
2026-05-28T05:15:00Z,SI,146.83,15
2026-05-28T05:15:00Z,SK,146.33,15
2026-05-28T05:30:00Z,AT,137.95,15
2026-05-28T05:30:00Z,BE,134.95,15
2026-05-28T05:30:00Z,CZ,137.42,15
2026-05-28T05:30:00Z,DE-LU,136.70,15
2026-05-28T05:30:00Z,DK1,136.70,15
2026-05-28T05:30:00Z,DK2,134.24,15
2026-05-28T05:30:00Z,EE,6.06,15
2026-05-28T05:30:00Z,ES,118.28,15
2026-05-28T05:30:00Z,FI,6.06,15
2026-05-28T05:30:00Z,FR,121.69,15
2026-05-28T05:30:00Z,GR,117.67,15
2026-05-28T05:30:00Z,HR,137.94,15
2026-05-28T05:30:00Z,HU,137.71,15
2026-05-28T05:30:00Z,IT-CNorth,137.99,15
2026-05-28T05:30:00Z,IT-CSouth,137.99,15
2026-05-28T05:30:00Z,IT-North,137.99,15
2026-05-28T05:30:00Z,IT-Sardinia,137.99,15
2026-05-28T05:30:00Z,IT-Sicily,137.99,15
2026-05-28T05:30:00Z,IT-South,137.99,15
2026-05-28T05:30:00Z,LT,9.18,15
2026-05-28T05:30:00Z,LV,9.18,15
2026-05-28T05:30:00Z,NL,135.26,15
2026-05-28T05:30:00Z,NO1,120.12,15
2026-05-28T05:30:00Z,NO2,129.55,15
2026-05-28T05:30:00Z,NO3,41.07,15
2026-05-28T05:30:00Z,NO4,13.64,15
2026-05-28T05:30:00Z,NO5,93.26,15
2026-05-28T05:30:00Z,PL,137.26,15
2026-05-28T05:30:00Z,PT,121.69,15
2026-05-28T05:30:00Z,RO,137.76,15
2026-05-28T05:30:00Z,SE1,5.97,15
2026-05-28T05:30:00Z,SE2,4.52,15
2026-05-28T05:30:00Z,SE3,72.57,15
2026-05-28T05:30:00Z,SE4,133.41,15
2026-05-28T05:30:00Z,SI,137.99,15
2026-05-28T05:30:00Z,SK,137.53,15
2026-05-28T05:45:00Z,AT,118.39,15
2026-05-28T05:45:00Z,BE,117.03,15
2026-05-28T05:45:00Z,CZ,118.15,15
2026-05-28T05:45:00Z,DE-LU,117.82,15
2026-05-28T05:45:00Z,DK1,117.82,15
2026-05-28T05:45:00Z,DK2,117.82,15
2026-05-28T05:45:00Z,EE,6.22,15
2026-05-28T05:45:00Z,ES,107.26,15
2026-05-28T05:45:00Z,FI,6.23,15
2026-05-28T05:45:00Z,FR,111.00,15
2026-05-28T05:45:00Z,GR,110.23,15
2026-05-28T05:45:00Z,HR,118.39,15
2026-05-28T05:45:00Z,HU,118.28,15
2026-05-28T05:45:00Z,IT-CNorth,123.14,15
2026-05-28T05:45:00Z,IT-CSouth,123.14,15
2026-05-28T05:45:00Z,IT-North,123.14,15
2026-05-28T05:45:00Z,IT-Sardinia,123.14,15
2026-05-28T05:45:00Z,IT-Sicily,123.14,15
2026-05-28T05:45:00Z,IT-South,123.14,15
2026-05-28T05:45:00Z,LT,6.94,15
2026-05-28T05:45:00Z,LV,6.94,15
2026-05-28T05:45:00Z,NL,117.17,15
2026-05-28T05:45:00Z,NO1,108.93,15
2026-05-28T05:45:00Z,NO2,113.65,15
2026-05-28T05:45:00Z,NO3,39.24,15
2026-05-28T05:45:00Z,NO4,13.25,15
2026-05-28T05:45:00Z,NO5,91.07,15
2026-05-28T05:45:00Z,PL,118.08,15
2026-05-28T05:45:00Z,PT,111.00,15
2026-05-28T05:45:00Z,RO,118.30,15
2026-05-28T05:45:00Z,SE1,6.15,15
2026-05-28T05:45:00Z,SE2,4.84,15
2026-05-28T05:45:00Z,SE3,64.62,15
2026-05-28T05:45:00Z,SE4,117.56,15
2026-05-28T05:45:00Z,SI,118.41,15
2026-05-28T05:45:00Z,SK,118.20,15
2026-05-28T06:00:00Z,AT,145.25,15
2026-05-28T06:00:00Z,BE,142.03,15
2026-05-28T06:00:00Z,CH,125.32,60
2026-05-28T06:00:00Z,CZ,144.67,15
2026-05-28T06:00:00Z,DE-LU,143.89,15
2026-05-28T06:00:00Z,DK1,143.89,15
2026-05-28T06:00:00Z,DK2,141.30,15
2026-05-28T06:00:00Z,EE,6.85,15
2026-05-28T06:00:00Z,ES,121.00,15
2026-05-28T06:00:00Z,FI,6.85,15
2026-05-28T06:00:00Z,FR,126.00,15
2026-05-28T06:00:00Z,GR,112.45,15
2026-05-28T06:00:00Z,HR,145.23,15
2026-05-28T06:00:00Z,HU,144.98,15
2026-05-28T06:00:00Z,IT-CNorth,145.28,15
2026-05-28T06:00:00Z,IT-CSouth,145.28,15
2026-05-28T06:00:00Z,IT-North,145.28,15
2026-05-28T06:00:00Z,IT-Sardinia,145.28,15
2026-05-28T06:00:00Z,IT-Sicily,145.28,15
2026-05-28T06:00:00Z,IT-South,145.28,15
2026-05-28T06:00:00Z,LT,6.92,15
2026-05-28T06:00:00Z,LV,6.92,15
2026-05-28T06:00:00Z,NL,142.38,15
2026-05-28T06:00:00Z,NO1,125.47,15
2026-05-28T06:00:00Z,NO2,137.83,15
2026-05-28T06:00:00Z,NO3,41.92,15
2026-05-28T06:00:00Z,NO4,14.07,15
2026-05-28T06:00:00Z,NO5,92.98,15
2026-05-28T06:00:00Z,PL,144.52,15
2026-05-28T06:00:00Z,PT,126.00,15
2026-05-28T06:00:00Z,RO,145.02,15
2026-05-28T06:00:00Z,RS,100.01,15
2026-05-28T06:00:00Z,SE1,6.76,15
2026-05-28T06:00:00Z,SE2,5.34,15
2026-05-28T06:00:00Z,SE3,76.37,15
2026-05-28T06:00:00Z,SE4,137.84,15
2026-05-28T06:00:00Z,SI,145.28,15
2026-05-28T06:00:00Z,SK,144.79,15
2026-05-28T06:15:00Z,AT,130.54,15
2026-05-28T06:15:00Z,BE,129.56,15
2026-05-28T06:15:00Z,CZ,131.35,15
2026-05-28T06:15:00Z,DE-LU,131.71,15
2026-05-28T06:15:00Z,DK1,131.71,15
2026-05-28T06:15:00Z,DK2,129.34,15
2026-05-28T06:15:00Z,ES,116.12,15
2026-05-28T06:15:00Z,FR,109.42,15
2026-05-28T06:15:00Z,GR,110.66,15
2026-05-28T06:15:00Z,HR,130.99,15
2026-05-28T06:15:00Z,HU,130.94,15
2026-05-28T06:15:00Z,IT-CNorth,130.95,15
2026-05-28T06:15:00Z,IT-CSouth,130.95,15
2026-05-28T06:15:00Z,IT-North,130.95,15
2026-05-28T06:15:00Z,IT-Sardinia,130.95,15
2026-05-28T06:15:00Z,IT-Sicily,130.95,15
2026-05-28T06:15:00Z,IT-South,130.95,15
2026-05-28T06:15:00Z,LT,6.85,15
2026-05-28T06:15:00Z,LV,6.85,15
2026-05-28T06:15:00Z,NL,129.97,15
2026-05-28T06:15:00Z,NO1,117.99,15
2026-05-28T06:15:00Z,NO2,126.55,15
2026-05-28T06:15:00Z,NO3,41.21,15
2026-05-28T06:15:00Z,NO4,13.90,15
2026-05-28T06:15:00Z,NO5,92.81,15
2026-05-28T06:15:00Z,PL,131.26,15
2026-05-28T06:15:00Z,PT,109.42,15
2026-05-28T06:15:00Z,RO,130.97,15
2026-05-28T06:15:00Z,SE1,6.77,15
2026-05-28T06:15:00Z,SE2,5.40,15
2026-05-28T06:15:00Z,SE3,71.59,15
2026-05-28T06:15:00Z,SE4,128.53,15
2026-05-28T06:15:00Z,SI,130.95,15
2026-05-28T06:15:00Z,SK,131.08,15
2026-05-28T06:30:00Z,AT,121.99,15
2026-05-28T06:30:00Z,BE,119.01,15
2026-05-28T06:30:00Z,CZ,121.45,15
2026-05-28T06:30:00Z,DE-LU,120.74,15
2026-05-28T06:30:00Z,DK1,120.74,15
2026-05-28T06:30:00Z,DK2,118.56,15
2026-05-28T06:30:00Z,EE,6.32,15
2026-05-28T06:30:00Z,ES,106.12,15
2026-05-28T06:30:00Z,FI,6.33,15
2026-05-28T06:30:00Z,FR,104.18,15
2026-05-28T06:30:00Z,GR,110.00,15
2026-05-28T06:30:00Z,HR,121.97,15
2026-05-28T06:30:00Z,HU,121.74,15
2026-05-28T06:30:00Z,IT-CNorth,135.34,15
2026-05-28T06:30:00Z,IT-CSouth,135.34,15
2026-05-28T06:30:00Z,IT-North,135.34,15
2026-05-28T06:30:00Z,IT-Sardinia,135.34,15
2026-05-28T06:30:00Z,IT-Sicily,135.34,15
2026-05-28T06:30:00Z,IT-South,135.34,15
2026-05-28T06:30:00Z,LT,6.32,15
2026-05-28T06:30:00Z,LV,6.32,15
2026-05-28T06:30:00Z,NL,119.34,15
2026-05-28T06:30:00Z,NO1,109.02,15
2026-05-28T06:30:00Z,NO2,112.77,15
2026-05-28T06:30:00Z,NO3,40.24,15
2026-05-28T06:30:00Z,NO4,13.28,15
2026-05-28T06:30:00Z,NO5,93.03,15
2026-05-28T06:30:00Z,PL,121.32,15
2026-05-28T06:30:00Z,PT,104.18,15
2026-05-28T06:30:00Z,RO,121.78,15
2026-05-28T06:30:00Z,SE1,6.24,15
2026-05-28T06:30:00Z,SE2,4.90,15
2026-05-28T06:30:00Z,SE3,65.67,15
2026-05-28T06:30:00Z,SE4,117.82,15
2026-05-28T06:30:00Z,SI,122.02,15
2026-05-28T06:30:00Z,SK,121.56,15
2026-05-28T06:45:00Z,AT,96.64,15
2026-05-28T06:45:00Z,BE,95.52,15
2026-05-28T06:45:00Z,CZ,95.05,15
2026-05-28T06:45:00Z,DE-LU,97.27,15
2026-05-28T06:45:00Z,DK1,97.27,15
2026-05-28T06:45:00Z,DK2,95.99,15
2026-05-28T06:45:00Z,EE,5.09,15
2026-05-28T06:45:00Z,ES,82.85,15
2026-05-28T06:45:00Z,FI,5.10,15
2026-05-28T06:45:00Z,FR,77.00,15
2026-05-28T06:45:00Z,GR,17.90,15
2026-05-28T06:45:00Z,HR,96.17,15
2026-05-28T06:45:00Z,HU,95.36,15
2026-05-28T06:45:00Z,IT-CNorth,117.71,15
2026-05-28T06:45:00Z,IT-CSouth,117.71,15
2026-05-28T06:45:00Z,IT-North,117.71,15
2026-05-28T06:45:00Z,IT-Sardinia,117.71,15
2026-05-28T06:45:00Z,IT-Sicily,117.71,15
2026-05-28T06:45:00Z,IT-South,117.71,15
2026-05-28T06:45:00Z,LT,5.09,15
2026-05-28T06:45:00Z,LV,5.09,15
2026-05-28T06:45:00Z,NL,96.11,15
2026-05-28T06:45:00Z,NO1,97.75,15
2026-05-28T06:45:00Z,NO2,98.14,15
2026-05-28T06:45:00Z,NO3,35.34,15
2026-05-28T06:45:00Z,NO4,10.63,15
2026-05-28T06:45:00Z,NO5,88.31,15
2026-05-28T06:45:00Z,PL,92.38,15
2026-05-28T06:45:00Z,PT,77.00,15
2026-05-28T06:45:00Z,RO,95.43,15
2026-05-28T06:45:00Z,SE1,5.10,15
2026-05-28T06:45:00Z,SE2,4.75,15
2026-05-28T06:45:00Z,SE3,57.13,15
2026-05-28T06:45:00Z,SE4,94.85,15
2026-05-28T06:45:00Z,SI,96.38,15
2026-05-28T06:45:00Z,SK,94.46,15
2026-05-28T07:00:00Z,AT,120.75,15
2026-05-28T07:00:00Z,BE,122.15,15
2026-05-28T07:00:00Z,CH,93.82,60
2026-05-28T07:00:00Z,CZ,116.69,15
2026-05-28T07:00:00Z,DE-LU,123.88,15
2026-05-28T07:00:00Z,DK1,123.88,15
2026-05-28T07:00:00Z,DK2,121.64,15
2026-05-28T07:00:00Z,ES,105.96,15
2026-05-28T07:00:00Z,FI,5.09,15
2026-05-28T07:00:00Z,FR,88.87,15
2026-05-28T07:00:00Z,GR,0.01,15
2026-05-28T07:00:00Z,HR,119.36,15
2026-05-28T07:00:00Z,HU,117.26,15
2026-05-28T07:00:00Z,IT-CNorth,149.53,15
2026-05-28T07:00:00Z,IT-CSouth,149.53,15
2026-05-28T07:00:00Z,IT-North,149.53,15
2026-05-28T07:00:00Z,IT-Sardinia,149.53,15
2026-05-28T07:00:00Z,IT-Sicily,147.28,15
2026-05-28T07:00:00Z,IT-South,147.28,15
2026-05-28T07:00:00Z,NL,123.44,15
2026-05-28T07:00:00Z,NO1,105.59,15
2026-05-28T07:00:00Z,NO2,106.92,15
2026-05-28T07:00:00Z,NO3,39.13,15
2026-05-28T07:00:00Z,NO4,12.15,15
2026-05-28T07:00:00Z,NO5,94.06,15
2026-05-28T07:00:00Z,PL,108.81,15
2026-05-28T07:00:00Z,PT,88.87,15
2026-05-28T07:00:00Z,RO,117.37,15
2026-05-28T07:00:00Z,RS,32.00,15
2026-05-28T07:00:00Z,SE1,5.01,15
2026-05-28T07:00:00Z,SE2,3.62,15
2026-05-28T07:00:00Z,SE3,62.64,15
2026-05-28T07:00:00Z,SE4,113.67,15
2026-05-28T07:00:00Z,SI,119.89,15
2026-05-28T07:00:00Z,SK,114.86,15
2026-05-28T07:15:00Z,AT,96.73,15
2026-05-28T07:15:00Z,BE,91.13,15
2026-05-28T07:15:00Z,CZ,95.71,15
2026-05-28T07:15:00Z,DE-LU,94.45,15
2026-05-28T07:15:00Z,DK1,94.45,15
2026-05-28T07:15:00Z,DK2,92.73,15
2026-05-28T07:15:00Z,EE,4.92,15
2026-05-28T07:15:00Z,ES,67.75,15
2026-05-28T07:15:00Z,FI,4.93,15
2026-05-28T07:15:00Z,FR,62.75,15
2026-05-28T07:15:00Z,HR,96.69,15
2026-05-28T07:15:00Z,HU,96.25,15
2026-05-28T07:15:00Z,IT-CNorth,142.39,15
2026-05-28T07:15:00Z,IT-CSouth,142.39,15
2026-05-28T07:15:00Z,IT-North,142.39,15
2026-05-28T07:15:00Z,IT-Sardinia,142.39,15
2026-05-28T07:15:00Z,IT-Sicily,122.25,15
2026-05-28T07:15:00Z,IT-South,122.25,15
2026-05-28T07:15:00Z,LT,4.92,15
2026-05-28T07:15:00Z,LV,4.92,15
2026-05-28T07:15:00Z,NL,91.74,15
2026-05-28T07:15:00Z,NO1,95.76,15
2026-05-28T07:15:00Z,NO2,96.18,15
2026-05-28T07:15:00Z,NO3,34.06,15
2026-05-28T07:15:00Z,NO4,10.33,15
2026-05-28T07:15:00Z,NO5,86.49,15
2026-05-28T07:15:00Z,PL,95.47,15
2026-05-28T07:15:00Z,PT,62.75,15
2026-05-28T07:15:00Z,RO,96.32,15
2026-05-28T07:15:00Z,SE1,4.88,15
2026-05-28T07:15:00Z,SE2,5.40,15
2026-05-28T07:15:00Z,SE3,54.05,15
2026-05-28T07:15:00Z,SE4,87.49,15
2026-05-28T07:15:00Z,SI,96.78,15
2026-05-28T07:15:00Z,SK,95.93,15
2026-05-28T07:30:00Z,AT,35.37,15
2026-05-28T07:30:00Z,BE,74.83,15
2026-05-28T07:30:00Z,CZ,52.99,15
2026-05-28T07:30:00Z,DE-LU,77.76,15
2026-05-28T07:30:00Z,DK1,77.76,15
2026-05-28T07:30:00Z,DK2,76.33,15
2026-05-28T07:30:00Z,EE,3.93,15
2026-05-28T07:30:00Z,ES,50.00,15
2026-05-28T07:30:00Z,FI,3.94,15
2026-05-28T07:30:00Z,FR,35.10,15
2026-05-28T07:30:00Z,GR,0.00,15
2026-05-28T07:30:00Z,HR,40.30,15
2026-05-28T07:30:00Z,HU,36.11,15
2026-05-28T07:30:00Z,IT-CNorth,115.19,15
2026-05-28T07:30:00Z,IT-CSouth,115.19,15
2026-05-28T07:30:00Z,IT-North,115.19,15
2026-05-28T07:30:00Z,IT-Sardinia,114.66,15
2026-05-28T07:30:00Z,IT-Sicily,115.19,15
2026-05-28T07:30:00Z,IT-South,115.19,15
2026-05-28T07:30:00Z,LT,3.93,15
2026-05-28T07:30:00Z,LV,3.93,15
2026-05-28T07:30:00Z,NL,75.98,15
2026-05-28T07:30:00Z,NO1,89.53,15
2026-05-28T07:30:00Z,NO2,89.96,15
2026-05-28T07:30:00Z,NO3,28.76,15
2026-05-28T07:30:00Z,NO4,7.68,15
2026-05-28T07:30:00Z,NO5,80.40,15
2026-05-28T07:30:00Z,PL,46.38,15
2026-05-28T07:30:00Z,PT,35.10,15
2026-05-28T07:30:00Z,RO,37.90,15
2026-05-28T07:30:00Z,SE1,3.93,15
2026-05-28T07:30:00Z,SE2,6.69,15
2026-05-28T07:30:00Z,SE3,46.66,15
2026-05-28T07:30:00Z,SE4,62.15,15
2026-05-28T07:30:00Z,SI,40.41,15
2026-05-28T07:30:00Z,SK,40.33,15
2026-05-28T07:45:00Z,AT,13.87,15
2026-05-28T07:45:00Z,BE,52.35,15
2026-05-28T07:45:00Z,CZ,29.38,15
2026-05-28T07:45:00Z,DE-LU,54.08,15
2026-05-28T07:45:00Z,DK1,54.08,15
2026-05-28T07:45:00Z,DK2,53.08,15
2026-05-28T07:45:00Z,EE,4.93,15
2026-05-28T07:45:00Z,ES,26.57,15
2026-05-28T07:45:00Z,FI,4.91,15
2026-05-28T07:45:00Z,FR,24.15,15
2026-05-28T07:45:00Z,HR,14.10,15
2026-05-28T07:45:00Z,HU,11.33,15
2026-05-28T07:45:00Z,IT-CNorth,111.49,15
2026-05-28T07:45:00Z,IT-CSouth,111.49,15
2026-05-28T07:45:00Z,IT-North,111.49,15
2026-05-28T07:45:00Z,IT-Sardinia,71.19,15
2026-05-28T07:45:00Z,IT-Sicily,111.49,15
2026-05-28T07:45:00Z,IT-South,111.49,15
2026-05-28T07:45:00Z,LT,4.93,15
2026-05-28T07:45:00Z,LV,4.93,15
2026-05-28T07:45:00Z,NL,53.22,15
2026-05-28T07:45:00Z,NO1,67.04,15
2026-05-28T07:45:00Z,NO2,64.99,15
2026-05-28T07:45:00Z,NO3,26.46,15
2026-05-28T07:45:00Z,NO4,8.30,15
2026-05-28T07:45:00Z,NO5,71.39,15
2026-05-28T07:45:00Z,PL,23.10,15
2026-05-28T07:45:00Z,PT,24.15,15
2026-05-28T07:45:00Z,RO,12.77,15
2026-05-28T07:45:00Z,SE1,4.89,15
2026-05-28T07:45:00Z,SE2,6.67,15
2026-05-28T07:45:00Z,SE3,34.91,15
2026-05-28T07:45:00Z,SE4,45.82,15
2026-05-28T07:45:00Z,SI,13.87,15
2026-05-28T07:45:00Z,SK,16.39,15
2026-05-28T08:00:00Z,AT,38.39,15
2026-05-28T08:00:00Z,BE,51.08,15
2026-05-28T08:00:00Z,CH,75.01,60
2026-05-28T08:00:00Z,CZ,42.93,15
2026-05-28T08:00:00Z,DE-LU,51.39,15
2026-05-28T08:00:00Z,DK1,51.39,15
2026-05-28T08:00:00Z,DK2,51.37,15
2026-05-28T08:00:00Z,EE,4.96,15
2026-05-28T08:00:00Z,ES,50.16,15
2026-05-28T08:00:00Z,FI,4.99,15
2026-05-28T08:00:00Z,FR,44.26,15
2026-05-28T08:00:00Z,HR,43.25,15
2026-05-28T08:00:00Z,HU,35.59,15
2026-05-28T08:00:00Z,IT-CNorth,108.28,15
2026-05-28T08:00:00Z,IT-CSouth,108.28,15
2026-05-28T08:00:00Z,IT-North,108.28,15
2026-05-28T08:00:00Z,IT-Sardinia,30.00,15
2026-05-28T08:00:00Z,IT-Sicily,108.28,15
2026-05-28T08:00:00Z,IT-South,108.28,15
2026-05-28T08:00:00Z,LT,4.96,15
2026-05-28T08:00:00Z,LV,4.96,15
2026-05-28T08:00:00Z,NL,51.57,15
2026-05-28T08:00:00Z,NO1,64.17,15
2026-05-28T08:00:00Z,NO2,60.68,15
2026-05-28T08:00:00Z,NO3,27.52,15
2026-05-28T08:00:00Z,NO4,8.68,15
2026-05-28T08:00:00Z,NO5,75.31,15
2026-05-28T08:00:00Z,PL,40.15,15
2026-05-28T08:00:00Z,PT,30.00,15
2026-05-28T08:00:00Z,RO,37.66,15
2026-05-28T08:00:00Z,RS,5.00,15
2026-05-28T08:00:00Z,SE1,4.97,15
2026-05-28T08:00:00Z,SE2,6.50,15
2026-05-28T08:00:00Z,SE3,33.25,15
2026-05-28T08:00:00Z,SE4,43.59,15
2026-05-28T08:00:00Z,SI,48.38,15
2026-05-28T08:00:00Z,SK,38.06,15
2026-05-28T08:15:00Z,AT,11.74,15
2026-05-28T08:15:00Z,BE,18.07,15
2026-05-28T08:15:00Z,CZ,12.81,15
2026-05-28T08:15:00Z,DE-LU,17.01,15
2026-05-28T08:15:00Z,DK1,17.01,15
2026-05-28T08:15:00Z,DK2,17.01,15
2026-05-28T08:15:00Z,EE,4.98,15
2026-05-28T08:15:00Z,ES,36.90,15
2026-05-28T08:15:00Z,FR,17.94,15
2026-05-28T08:15:00Z,HR,11.74,15
2026-05-28T08:15:00Z,HU,11.58,15
2026-05-28T08:15:00Z,IT-CNorth,104.40,15
2026-05-28T08:15:00Z,IT-CSouth,104.40,15
2026-05-28T08:15:00Z,IT-North,104.40,15
2026-05-28T08:15:00Z,IT-Sicily,104.40,15
2026-05-28T08:15:00Z,IT-South,104.40,15
2026-05-28T08:15:00Z,LT,4.98,15
2026-05-28T08:15:00Z,LV,4.98,15
2026-05-28T08:15:00Z,NL,18.18,15
2026-05-28T08:15:00Z,NO1,43.02,15
2026-05-28T08:15:00Z,NO2,34.62,15
2026-05-28T08:15:00Z,NO3,32.96,15
2026-05-28T08:15:00Z,NO4,8.35,15
2026-05-28T08:15:00Z,NO5,80.08,15
2026-05-28T08:15:00Z,PL,10.85,15
2026-05-28T08:15:00Z,PT,17.94,15
2026-05-28T08:15:00Z,RO,11.58,15
2026-05-28T08:15:00Z,SE1,4.95,15
2026-05-28T08:15:00Z,SE2,4.82,15
2026-05-28T08:15:00Z,SE3,12.22,15
2026-05-28T08:15:00Z,SE4,14.99,15
2026-05-28T08:15:00Z,SI,11.78,15
2026-05-28T08:15:00Z,SK,11.58,15
2026-05-28T08:30:00Z,AT,6.32,15
2026-05-28T08:30:00Z,BE,6.32,15
2026-05-28T08:30:00Z,CZ,6.32,15
2026-05-28T08:30:00Z,DE-LU,6.32,15
2026-05-28T08:30:00Z,DK1,6.32,15
2026-05-28T08:30:00Z,DK2,6.25,15
2026-05-28T08:30:00Z,EE,5.00,15
2026-05-28T08:30:00Z,ES,16.33,15
2026-05-28T08:30:00Z,FI,4.91,15
2026-05-28T08:30:00Z,FR,6.32,15
2026-05-28T08:30:00Z,HR,6.32,15
2026-05-28T08:30:00Z,HU,6.32,15
2026-05-28T08:30:00Z,IT-CNorth,100.20,15
2026-05-28T08:30:00Z,IT-CSouth,100.20,15
2026-05-28T08:30:00Z,IT-North,100.20,15
2026-05-28T08:30:00Z,IT-Sicily,100.20,15
2026-05-28T08:30:00Z,IT-South,100.20,15
2026-05-28T08:30:00Z,LT,5.00,15
2026-05-28T08:30:00Z,LV,5.00,15
2026-05-28T08:30:00Z,NL,6.32,15
2026-05-28T08:30:00Z,NO1,36.33,15
2026-05-28T08:30:00Z,NO2,26.43,15
2026-05-28T08:30:00Z,NO3,34.49,15
2026-05-28T08:30:00Z,NO4,8.17,15
2026-05-28T08:30:00Z,NO5,81.27,15
2026-05-28T08:30:00Z,PL,6.32,15
2026-05-28T08:30:00Z,PT,6.32,15
2026-05-28T08:30:00Z,RO,6.32,15
2026-05-28T08:30:00Z,SE1,4.87,15
2026-05-28T08:30:00Z,SE2,4.23,15
2026-05-28T08:30:00Z,SE3,5.63,15
2026-05-28T08:30:00Z,SE4,6.06,15
2026-05-28T08:30:00Z,SI,6.32,15
2026-05-28T08:30:00Z,SK,6.32,15
2026-05-28T08:45:00Z,AT,2.51,15
2026-05-28T08:45:00Z,BE,2.51,15
2026-05-28T08:45:00Z,CZ,2.51,15
2026-05-28T08:45:00Z,DE-LU,2.51,15
2026-05-28T08:45:00Z,DK1,2.51,15
2026-05-28T08:45:00Z,DK2,2.55,15
2026-05-28T08:45:00Z,EE,2.94,15
2026-05-28T08:45:00Z,ES,11.24,15
2026-05-28T08:45:00Z,FI,3.04,15
2026-05-28T08:45:00Z,FR,2.51,15
2026-05-28T08:45:00Z,HR,2.51,15
2026-05-28T08:45:00Z,HU,2.51,15
2026-05-28T08:45:00Z,IT-CNorth,92.00,15
2026-05-28T08:45:00Z,IT-CSouth,92.00,15
2026-05-28T08:45:00Z,IT-North,92.00,15
2026-05-28T08:45:00Z,IT-Sardinia,20.00,15
2026-05-28T08:45:00Z,IT-Sicily,92.00,15
2026-05-28T08:45:00Z,IT-South,92.00,15
2026-05-28T08:45:00Z,LT,2.68,15
2026-05-28T08:45:00Z,LV,2.68,15
2026-05-28T08:45:00Z,NL,2.51,15
2026-05-28T08:45:00Z,NO1,33.77,15
2026-05-28T08:45:00Z,NO2,23.40,15
2026-05-28T08:45:00Z,NO3,34.46,15
2026-05-28T08:45:00Z,NO4,7.44,15
2026-05-28T08:45:00Z,NO5,81.19,15
2026-05-28T08:45:00Z,PL,2.51,15
2026-05-28T08:45:00Z,PT,2.51,15
2026-05-28T08:45:00Z,RO,2.51,15
2026-05-28T08:45:00Z,SE1,4.15,15
2026-05-28T08:45:00Z,SE2,3.40,15
2026-05-28T08:45:00Z,SE3,2.81,15
2026-05-28T08:45:00Z,SE4,2.60,15
2026-05-28T08:45:00Z,SI,2.51,15
2026-05-28T08:45:00Z,SK,2.51,15
2026-05-28T09:00:00Z,AT,1.56,15
2026-05-28T09:00:00Z,BE,1.56,15
2026-05-28T09:00:00Z,CH,23.78,60
2026-05-28T09:00:00Z,CZ,1.56,15
2026-05-28T09:00:00Z,DE-LU,1.56,15
2026-05-28T09:00:00Z,DK1,1.56,15
2026-05-28T09:00:00Z,DK2,1.59,15
2026-05-28T09:00:00Z,EE,2.73,15
2026-05-28T09:00:00Z,ES,11.94,15
2026-05-28T09:00:00Z,FI,2.74,15
2026-05-28T09:00:00Z,FR,1.56,15
2026-05-28T09:00:00Z,HR,1.56,15
2026-05-28T09:00:00Z,HU,1.56,15
2026-05-28T09:00:00Z,IT-CNorth,78.00,15
2026-05-28T09:00:00Z,IT-CSouth,78.00,15
2026-05-28T09:00:00Z,IT-North,78.00,15
2026-05-28T09:00:00Z,IT-Sardinia,1.00,15
2026-05-28T09:00:00Z,IT-Sicily,78.00,15
2026-05-28T09:00:00Z,IT-South,78.00,15
2026-05-28T09:00:00Z,LT,1.89,15
2026-05-28T09:00:00Z,LV,1.89,15
2026-05-28T09:00:00Z,NL,1.56,15
2026-05-28T09:00:00Z,NO1,33.09,15
2026-05-28T09:00:00Z,NO2,22.73,15
2026-05-28T09:00:00Z,NO3,35.17,15
2026-05-28T09:00:00Z,NO4,7.52,15
2026-05-28T09:00:00Z,PL,1.56,15
2026-05-28T09:00:00Z,PT,1.56,15
2026-05-28T09:00:00Z,RO,1.56,15
2026-05-28T09:00:00Z,RS,1.00,15
2026-05-28T09:00:00Z,SE1,4.29,15
2026-05-28T09:00:00Z,SE2,3.49,15
2026-05-28T09:00:00Z,SE3,2.14,15
2026-05-28T09:00:00Z,SE4,1.69,15
2026-05-28T09:00:00Z,SI,1.56,15
2026-05-28T09:00:00Z,SK,1.56,15
2026-05-28T09:15:00Z,AT,0.70,15
2026-05-28T09:15:00Z,BE,0.70,15
2026-05-28T09:15:00Z,CZ,0.70,15
2026-05-28T09:15:00Z,DE-LU,0.70,15
2026-05-28T09:15:00Z,DK1,0.70,15
2026-05-28T09:15:00Z,DK2,0.71,15
2026-05-28T09:15:00Z,EE,2.34,15
2026-05-28T09:15:00Z,ES,1.28,15
2026-05-28T09:15:00Z,FI,2.35,15
2026-05-28T09:15:00Z,FR,0.70,15
2026-05-28T09:15:00Z,HR,0.70,15
2026-05-28T09:15:00Z,HU,0.70,15
2026-05-28T09:15:00Z,IT-CNorth,83.03,15
2026-05-28T09:15:00Z,IT-CSouth,83.03,15
2026-05-28T09:15:00Z,IT-North,83.03,15
2026-05-28T09:15:00Z,IT-Sicily,83.03,15
2026-05-28T09:15:00Z,IT-South,83.03,15
2026-05-28T09:15:00Z,LT,1.14,15
2026-05-28T09:15:00Z,LV,1.14,15
2026-05-28T09:15:00Z,NL,0.70,15
2026-05-28T09:15:00Z,NO1,32.50,15
2026-05-28T09:15:00Z,NO2,22.04,15
2026-05-28T09:15:00Z,NO3,35.27,15
2026-05-28T09:15:00Z,NO4,7.44,15
2026-05-28T09:15:00Z,NO5,81.18,15
2026-05-28T09:15:00Z,PL,0.70,15
2026-05-28T09:15:00Z,PT,0.70,15
2026-05-28T09:15:00Z,RO,0.70,15
2026-05-28T09:15:00Z,SE1,4.22,15
2026-05-28T09:15:00Z,SE2,3.40,15
2026-05-28T09:15:00Z,SE3,1.49,15
2026-05-28T09:15:00Z,SE4,0.85,15
2026-05-28T09:15:00Z,SI,0.70,15
2026-05-28T09:15:00Z,SK,0.70,15
2026-05-28T09:30:00Z,AT,0.01,15
2026-05-28T09:30:00Z,BE,0.01,15
2026-05-28T09:30:00Z,CZ,0.01,15
2026-05-28T09:30:00Z,DE-LU,0.01,15
2026-05-28T09:30:00Z,DK1,0.01,15
2026-05-28T09:30:00Z,DK2,0.30,15
2026-05-28T09:30:00Z,EE,1.99,15
2026-05-28T09:30:00Z,ES,0.36,15
2026-05-28T09:30:00Z,FI,1.99,15
2026-05-28T09:30:00Z,FR,0.01,15
2026-05-28T09:30:00Z,HR,0.01,15
2026-05-28T09:30:00Z,HU,0.01,15
2026-05-28T09:30:00Z,IT-CNorth,78.00,15
2026-05-28T09:30:00Z,IT-CSouth,78.00,15
2026-05-28T09:30:00Z,IT-North,78.00,15
2026-05-28T09:30:00Z,IT-Sardinia,78.00,15
2026-05-28T09:30:00Z,IT-Sicily,78.00,15
2026-05-28T09:30:00Z,IT-South,78.00,15
2026-05-28T09:30:00Z,LT,0.74,15
2026-05-28T09:30:00Z,LV,0.74,15
2026-05-28T09:30:00Z,NL,0.01,15
2026-05-28T09:30:00Z,NO1,32.07,15
2026-05-28T09:30:00Z,NO2,21.51,15
2026-05-28T09:30:00Z,NO3,35.05,15
2026-05-28T09:30:00Z,NO4,7.16,15
2026-05-28T09:30:00Z,PL,0.01,15
2026-05-28T09:30:00Z,PT,0.01,15
2026-05-28T09:30:00Z,RO,0.01,15
2026-05-28T09:30:00Z,SE1,3.92,15
2026-05-28T09:30:00Z,SE2,3.08,15
2026-05-28T09:30:00Z,SE3,1.10,15
2026-05-28T09:30:00Z,SE4,0.44,15
2026-05-28T09:30:00Z,SI,0.01,15
2026-05-28T09:30:00Z,SK,0.01,15
2026-05-28T09:45:00Z,AT,0.00,15
2026-05-28T09:45:00Z,BE,0.00,15
2026-05-28T09:45:00Z,CZ,0.00,15
2026-05-28T09:45:00Z,DE-LU,0.00,15
2026-05-28T09:45:00Z,DK1,0.00,15
2026-05-28T09:45:00Z,ES,-0.07,15
2026-05-28T09:45:00Z,FR,0.00,15
2026-05-28T09:45:00Z,HR,0.00,15
2026-05-28T09:45:00Z,HU,0.00,15
2026-05-28T09:45:00Z,IT-CNorth,75.00,15
2026-05-28T09:45:00Z,IT-CSouth,75.00,15
2026-05-28T09:45:00Z,IT-North,75.00,15
2026-05-28T09:45:00Z,IT-Sardinia,75.00,15
2026-05-28T09:45:00Z,IT-Sicily,75.00,15
2026-05-28T09:45:00Z,IT-South,75.00,15
2026-05-28T09:45:00Z,NL,0.00,15
2026-05-28T09:45:00Z,NO1,32.06,15
2026-05-28T09:45:00Z,PL,0.00,15
2026-05-28T09:45:00Z,PT,0.00,15
2026-05-28T09:45:00Z,RO,0.00,15
2026-05-28T09:45:00Z,SI,0.00,15
2026-05-28T09:45:00Z,SK,0.00,15
2026-05-28T10:00:00Z,AT,0.03,15
2026-05-28T10:00:00Z,BE,0.06,15
2026-05-28T10:00:00Z,CH,25.58,60
2026-05-28T10:00:00Z,CZ,0.03,15
2026-05-28T10:00:00Z,DE-LU,0.03,15
2026-05-28T10:00:00Z,DK1,0.03,15
2026-05-28T10:00:00Z,DK2,0.28,15
2026-05-28T10:00:00Z,EE,1.98,15
2026-05-28T10:00:00Z,ES,-4.16,15
2026-05-28T10:00:00Z,FR,0.04,15
2026-05-28T10:00:00Z,HR,0.03,15
2026-05-28T10:00:00Z,HU,0.03,15
2026-05-28T10:00:00Z,IT-CNorth,36.31,15
2026-05-28T10:00:00Z,IT-CSouth,36.31,15
2026-05-28T10:00:00Z,IT-North,36.31,15
2026-05-28T10:00:00Z,IT-Sardinia,36.31,15
2026-05-28T10:00:00Z,IT-Sicily,36.31,15
2026-05-28T10:00:00Z,IT-South,36.31,15
2026-05-28T10:00:00Z,LT,0.73,15
2026-05-28T10:00:00Z,LV,0.73,15
2026-05-28T10:00:00Z,NO1,32.22,15
2026-05-28T10:00:00Z,NO2,21.78,15
2026-05-28T10:00:00Z,NO3,35.35,15
2026-05-28T10:00:00Z,NO4,7.15,15
2026-05-28T10:00:00Z,NO5,81.14,15
2026-05-28T10:00:00Z,PL,0.03,15
2026-05-28T10:00:00Z,PT,0.04,15
2026-05-28T10:00:00Z,RO,0.03,15
2026-05-28T10:00:00Z,RS,0.60,15
2026-05-28T10:00:00Z,SE1,3.91,15
2026-05-28T10:00:00Z,SE3,1.09,15
2026-05-28T10:00:00Z,SE4,0.43,15
2026-05-28T10:00:00Z,SI,0.03,15
2026-05-28T10:00:00Z,SK,0.03,15
2026-05-28T10:15:00Z,AT,0.01,15
2026-05-28T10:15:00Z,BE,0.01,15
2026-05-28T10:15:00Z,CZ,0.00,15
2026-05-28T10:15:00Z,DE-LU,0.00,15
2026-05-28T10:15:00Z,DK1,0.00,15
2026-05-28T10:15:00Z,DK2,0.27,15
2026-05-28T10:15:00Z,EE,1.97,15
2026-05-28T10:15:00Z,ES,-5.82,15
2026-05-28T10:15:00Z,FI,1.97,15
2026-05-28T10:15:00Z,FR,0.00,15
2026-05-28T10:15:00Z,HR,0.01,15
2026-05-28T10:15:00Z,HU,0.01,15
2026-05-28T10:15:00Z,IT-CNorth,35.00,15
2026-05-28T10:15:00Z,IT-CSouth,35.00,15
2026-05-28T10:15:00Z,IT-North,35.00,15
2026-05-28T10:15:00Z,IT-Sardinia,35.00,15
2026-05-28T10:15:00Z,IT-Sicily,35.00,15
2026-05-28T10:15:00Z,IT-South,35.00,15
2026-05-28T10:15:00Z,LT,0.71,15
2026-05-28T10:15:00Z,LV,0.71,15
2026-05-28T10:15:00Z,NL,-0.01,15
2026-05-28T10:15:00Z,NO1,32.16,15
2026-05-28T10:15:00Z,NO2,21.73,15
2026-05-28T10:15:00Z,NO3,35.30,15
2026-05-28T10:15:00Z,NO4,7.13,15
2026-05-28T10:15:00Z,NO5,81.04,15
2026-05-28T10:15:00Z,PL,0.00,15
2026-05-28T10:15:00Z,PT,0.00,15
2026-05-28T10:15:00Z,RO,0.01,15
2026-05-28T10:15:00Z,SE1,3.89,15
2026-05-28T10:15:00Z,SE2,3.06,15
2026-05-28T10:15:00Z,SE3,1.07,15
2026-05-28T10:15:00Z,SE4,0.41,15
2026-05-28T10:15:00Z,SI,0.01,15
2026-05-28T10:15:00Z,SK,0.01,15
2026-05-28T10:30:00Z,AT,0.32,15
2026-05-28T10:30:00Z,BE,0.00,15
2026-05-28T10:30:00Z,DE-LU,-0.01,15
2026-05-28T10:30:00Z,DK1,-0.01,15
2026-05-28T10:30:00Z,DK2,0.25,15
2026-05-28T10:30:00Z,EE,1.95,15
2026-05-28T10:30:00Z,ES,-5.17,15
2026-05-28T10:30:00Z,FI,1.95,15
2026-05-28T10:30:00Z,IT-CNorth,30.00,15
2026-05-28T10:30:00Z,IT-CSouth,30.00,15
2026-05-28T10:30:00Z,IT-North,30.00,15
2026-05-28T10:30:00Z,IT-Sardinia,30.00,15
2026-05-28T10:30:00Z,IT-Sicily,30.00,15
2026-05-28T10:30:00Z,IT-South,30.00,15
2026-05-28T10:30:00Z,LT,0.69,15
2026-05-28T10:30:00Z,LV,0.69,15
2026-05-28T10:30:00Z,NO1,32.12,15
2026-05-28T10:30:00Z,NO2,21.70,15
2026-05-28T10:30:00Z,NO3,35.25,15
2026-05-28T10:30:00Z,NO4,7.10,15
2026-05-28T10:30:00Z,NO5,80.94,15
2026-05-28T10:30:00Z,SE1,3.87,15
2026-05-28T10:30:00Z,SE2,3.04,15
2026-05-28T10:30:00Z,SE3,1.05,15
2026-05-28T10:30:00Z,SE4,0.40,15
2026-05-28T10:45:00Z,AT,3.01,15
2026-05-28T10:45:00Z,BE,0.01,15
2026-05-28T10:45:00Z,DE-LU,2.09,15
2026-05-28T10:45:00Z,ES,-5.82,15
2026-05-28T10:45:00Z,GR,0.01,15
2026-05-28T10:45:00Z,LT,0.70,15
2026-05-28T10:45:00Z,LV,0.70,15
2026-05-28T10:45:00Z,NL,-0.02,15
2026-05-28T10:45:00Z,NO1,32.06,15
2026-05-28T10:45:00Z,NO2,21.66,15
2026-05-28T10:45:00Z,NO3,35.19,15
2026-05-28T10:45:00Z,NO4,7.09,15
2026-05-28T10:45:00Z,NO5,80.81,15
2026-05-28T10:45:00Z,SE3,1.06,15
2026-05-28T10:45:00Z,SK,0.00,15
2026-05-28T11:00:00Z,AT,1.93,15
2026-05-28T11:00:00Z,CH,27.39,60
2026-05-28T11:00:00Z,CZ,0.01,15
2026-05-28T11:00:00Z,DE-LU,0.00,15
2026-05-28T11:00:00Z,DK1,0.00,15
2026-05-28T11:00:00Z,DK2,0.29,15
2026-05-28T11:00:00Z,EE,1.98,15
2026-05-28T11:00:00Z,ES,0.21,15
2026-05-28T11:00:00Z,FI,1.99,15
2026-05-28T11:00:00Z,FR,0.01,15
2026-05-28T11:00:00Z,GR,0.00,15
2026-05-28T11:00:00Z,HR,0.02,15
2026-05-28T11:00:00Z,HU,0.02,15
2026-05-28T11:00:00Z,IT-CNorth,50.55,15
2026-05-28T11:00:00Z,IT-CSouth,50.55,15
2026-05-28T11:00:00Z,IT-North,50.55,15
2026-05-28T11:00:00Z,IT-Sardinia,50.55,15
2026-05-28T11:00:00Z,IT-Sicily,50.55,15
2026-05-28T11:00:00Z,IT-South,50.55,15
2026-05-28T11:00:00Z,LT,0.73,15
2026-05-28T11:00:00Z,LV,0.73,15
2026-05-28T11:00:00Z,NO1,32.09,15
2026-05-28T11:00:00Z,NO2,22.56,15
2026-05-28T11:00:00Z,NO3,35.08,15
2026-05-28T11:00:00Z,NO4,7.27,15
2026-05-28T11:00:00Z,NO5,80.63,15
2026-05-28T11:00:00Z,PL,0.01,15
2026-05-28T11:00:00Z,PT,0.01,15
2026-05-28T11:00:00Z,RO,0.02,15
2026-05-28T11:00:00Z,RS,0.70,15
2026-05-28T11:00:00Z,SE1,3.91,15
2026-05-28T11:00:00Z,SE2,3.08,15
2026-05-28T11:00:00Z,SE3,1.09,15
2026-05-28T11:00:00Z,SE4,0.43,15
2026-05-28T11:00:00Z,SI,0.02,15
2026-05-28T11:00:00Z,SK,0.01,15
2026-05-28T11:15:00Z,AT,0.02,15
2026-05-28T11:15:00Z,DE-LU,-0.01,15
2026-05-28T11:15:00Z,DK1,-0.01,15
2026-05-28T11:15:00Z,DK2,0.25,15
2026-05-28T11:15:00Z,EE,1.94,15
2026-05-28T11:15:00Z,ES,-6.01,15
2026-05-28T11:15:00Z,FI,1.95,15
2026-05-28T11:15:00Z,GR,0.01,15
2026-05-28T11:15:00Z,IT-CNorth,52.78,15
2026-05-28T11:15:00Z,IT-CSouth,52.78,15
2026-05-28T11:15:00Z,IT-North,52.78,15
2026-05-28T11:15:00Z,IT-Sardinia,52.78,15
2026-05-28T11:15:00Z,IT-Sicily,52.78,15
2026-05-28T11:15:00Z,IT-South,52.78,15
2026-05-28T11:15:00Z,LT,0.69,15
2026-05-28T11:15:00Z,LV,0.69,15
2026-05-28T11:15:00Z,NO1,32.12,15
2026-05-28T11:15:00Z,NO2,22.58,15
2026-05-28T11:15:00Z,NO3,35.09,15
2026-05-28T11:15:00Z,NO4,7.23,15
2026-05-28T11:15:00Z,NO5,80.70,15
2026-05-28T11:15:00Z,SE1,3.87,15
2026-05-28T11:15:00Z,SE2,3.03,15
2026-05-28T11:15:00Z,SE3,1.05,15
2026-05-28T11:15:00Z,SE4,0.39,15
2026-05-28T11:15:00Z,SI,0.03,15
2026-05-28T11:15:00Z,SK,0.02,15
2026-05-28T11:30:00Z,AT,0.01,15
2026-05-28T11:30:00Z,BE,0.00,15
2026-05-28T11:30:00Z,CZ,0.00,15
2026-05-28T11:30:00Z,DE-LU,1.82,15
2026-05-28T11:30:00Z,DK2,0.00,15
2026-05-28T11:30:00Z,EE,1.69,15
2026-05-28T11:30:00Z,ES,-5.82,15
2026-05-28T11:30:00Z,FI,1.70,15
2026-05-28T11:30:00Z,FR,0.00,15
2026-05-28T11:30:00Z,HR,0.01,15
2026-05-28T11:30:00Z,HU,0.01,15
2026-05-28T11:30:00Z,IT-CNorth,67.92,15
2026-05-28T11:30:00Z,IT-CSouth,67.92,15
2026-05-28T11:30:00Z,IT-North,67.92,15
2026-05-28T11:30:00Z,IT-Sardinia,67.92,15
2026-05-28T11:30:00Z,IT-Sicily,67.92,15
2026-05-28T11:30:00Z,IT-South,67.92,15
2026-05-28T11:30:00Z,LT,0.44,15
2026-05-28T11:30:00Z,LV,0.44,15
2026-05-28T11:30:00Z,NO1,32.11,15
2026-05-28T11:30:00Z,NO3,34.98,15
2026-05-28T11:30:00Z,NO4,6.98,15
2026-05-28T11:30:00Z,NO5,80.69,15
2026-05-28T11:30:00Z,PL,0.00,15
2026-05-28T11:30:00Z,PT,0.00,15
2026-05-28T11:30:00Z,RO,0.01,15
2026-05-28T11:30:00Z,SE1,3.62,15
2026-05-28T11:30:00Z,SE2,2.78,15
2026-05-28T11:30:00Z,SE3,0.80,15
2026-05-28T11:30:00Z,SE4,0.14,15
2026-05-28T11:30:00Z,SI,0.01,15
2026-05-28T11:30:00Z,SK,0.01,15
2026-05-28T11:45:00Z,AT,0.00,15
2026-05-28T11:45:00Z,BE,0.01,15
2026-05-28T11:45:00Z,CZ,-0.01,15
2026-05-28T11:45:00Z,DE-LU,-0.03,15
2026-05-28T11:45:00Z,DK2,-0.35,15
2026-05-28T11:45:00Z,EE,1.98,15
2026-05-28T11:45:00Z,ES,-6.48,15
2026-05-28T11:45:00Z,FI,1.99,15
2026-05-28T11:45:00Z,IT-CNorth,68.75,15
2026-05-28T11:45:00Z,IT-CSouth,68.75,15
2026-05-28T11:45:00Z,IT-North,68.75,15
2026-05-28T11:45:00Z,IT-Sardinia,68.75,15
2026-05-28T11:45:00Z,IT-Sicily,68.75,15
2026-05-28T11:45:00Z,IT-South,68.75,15
2026-05-28T11:45:00Z,LT,0.26,15
2026-05-28T11:45:00Z,LV,0.26,15
2026-05-28T11:45:00Z,NL,-0.06,15
2026-05-28T11:45:00Z,NO1,13.97,15
2026-05-28T11:45:00Z,NO2,0.83,15
2026-05-28T11:45:00Z,NO3,30.90,15
2026-05-28T11:45:00Z,NO4,9.27,15
2026-05-28T11:45:00Z,NO5,80.89,15
2026-05-28T11:45:00Z,PL,-0.01,15
2026-05-28T11:45:00Z,SE1,4.63,15
2026-05-28T11:45:00Z,SE2,3.49,15
2026-05-28T11:45:00Z,SE3,0.75,15
2026-05-28T11:45:00Z,SE4,-0.15,15
2026-05-28T11:45:00Z,SK,0.00,15
2026-05-28T12:00:00Z,AT,1.43,15
2026-05-28T12:00:00Z,CH,2.34,60
2026-05-28T12:00:00Z,DE-LU,-0.02,15
2026-05-28T12:00:00Z,DK1,0.52,15
2026-05-28T12:00:00Z,DK2,1.96,15
2026-05-28T12:00:00Z,EE,1.99,15
2026-05-28T12:00:00Z,ES,-2.50,15
2026-05-28T12:00:00Z,IT-CNorth,97.19,15
2026-05-28T12:00:00Z,IT-CSouth,97.19,15
2026-05-28T12:00:00Z,IT-North,97.19,15
2026-05-28T12:00:00Z,IT-Sardinia,97.19,15
2026-05-28T12:00:00Z,IT-Sicily,97.19,15
2026-05-28T12:00:00Z,IT-South,97.19,15
2026-05-28T12:00:00Z,LT,1.97,15
2026-05-28T12:00:00Z,LV,1.97,15
2026-05-28T12:00:00Z,NL,-0.04,15
2026-05-28T12:00:00Z,NO1,30.84,15
2026-05-28T12:00:00Z,NO2,30.28,15
2026-05-28T12:00:00Z,NO3,18.15,15
2026-05-28T12:00:00Z,NO4,2.09,15
2026-05-28T12:00:00Z,NO5,31.46,15
2026-05-28T12:00:00Z,RS,0.11,15
2026-05-28T12:00:00Z,SE1,2.03,15
2026-05-28T12:00:00Z,SE2,2.01,15
2026-05-28T12:00:00Z,SE3,1.97,15
2026-05-28T12:00:00Z,SE4,1.96,15
2026-05-28T12:15:00Z,AT,0.01,15
2026-05-28T12:15:00Z,BE,0.00,15
2026-05-28T12:15:00Z,CZ,0.00,15
2026-05-28T12:15:00Z,DE-LU,0.00,15
2026-05-28T12:15:00Z,DK1,0.86,15
2026-05-28T12:15:00Z,DK2,1.07,15
2026-05-28T12:15:00Z,EE,1.89,15
2026-05-28T12:15:00Z,ES,-3.27,15
2026-05-28T12:15:00Z,FI,1.89,15
2026-05-28T12:15:00Z,IT-CNorth,103.72,15
2026-05-28T12:15:00Z,IT-CSouth,103.72,15
2026-05-28T12:15:00Z,IT-North,103.72,15
2026-05-28T12:15:00Z,IT-Sardinia,102.60,15
2026-05-28T12:15:00Z,IT-Sicily,103.72,15
2026-05-28T12:15:00Z,IT-South,103.72,15
2026-05-28T12:15:00Z,LT,1.29,15
2026-05-28T12:15:00Z,LV,1.29,15
2026-05-28T12:15:00Z,NL,-0.01,15
2026-05-28T12:15:00Z,NO1,15.44,15
2026-05-28T12:15:00Z,NO2,1.24,15
2026-05-28T12:15:00Z,NO3,17.03,15
2026-05-28T12:15:00Z,NO4,4.35,15
2026-05-28T12:15:00Z,PL,0.00,15
2026-05-28T12:15:00Z,SE1,2.81,15
2026-05-28T12:15:00Z,SE2,2.44,15
2026-05-28T12:15:00Z,SE3,1.46,15
2026-05-28T12:15:00Z,SE4,1.14,15
2026-05-28T12:15:00Z,SK,0.01,15
2026-05-28T12:30:00Z,AT,2.69,15
2026-05-28T12:30:00Z,BE,0.01,15
2026-05-28T12:30:00Z,CZ,0.01,15
2026-05-28T12:30:00Z,DE-LU,-0.18,15
2026-05-28T12:30:00Z,DK1,0.93,15
2026-05-28T12:30:00Z,DK2,1.14,15
2026-05-28T12:30:00Z,EE,1.95,15
2026-05-28T12:30:00Z,ES,-3.99,15
2026-05-28T12:30:00Z,FI,1.96,15
2026-05-28T12:30:00Z,FR,0.01,15
2026-05-28T12:30:00Z,IT-CNorth,105.00,15
2026-05-28T12:30:00Z,IT-CSouth,105.00,15
2026-05-28T12:30:00Z,IT-North,105.00,15
2026-05-28T12:30:00Z,IT-Sardinia,104.55,15
2026-05-28T12:30:00Z,IT-Sicily,105.00,15
2026-05-28T12:30:00Z,IT-South,105.00,15
2026-05-28T12:30:00Z,LT,1.35,15
2026-05-28T12:30:00Z,LV,1.35,15
2026-05-28T12:30:00Z,NO1,15.47,15
2026-05-28T12:30:00Z,NO2,1.11,15
2026-05-28T12:30:00Z,NO3,17.09,15
2026-05-28T12:30:00Z,NO4,4.42,15
2026-05-28T12:30:00Z,PL,0.01,15
2026-05-28T12:30:00Z,PT,0.01,15
2026-05-28T12:30:00Z,SE1,2.88,15
2026-05-28T12:30:00Z,SE2,2.51,15
2026-05-28T12:30:00Z,SE3,1.53,15
2026-05-28T12:30:00Z,SE4,1.21,15
2026-05-28T12:45:00Z,AT,0.02,15
2026-05-28T12:45:00Z,BE,0.02,15
2026-05-28T12:45:00Z,CZ,0.02,15
2026-05-28T12:45:00Z,DE-LU,0.02,15
2026-05-28T12:45:00Z,DK1,0.76,15
2026-05-28T12:45:00Z,DK2,1.34,15
2026-05-28T12:45:00Z,EE,1.99,15
2026-05-28T12:45:00Z,ES,-2.00,15
2026-05-28T12:45:00Z,FI,1.99,15
2026-05-28T12:45:00Z,FR,0.02,15
2026-05-28T12:45:00Z,GR,0.02,15
2026-05-28T12:45:00Z,HR,0.02,15
2026-05-28T12:45:00Z,HU,0.02,15
2026-05-28T12:45:00Z,IT-CNorth,106.55,15
2026-05-28T12:45:00Z,IT-CSouth,106.55,15
2026-05-28T12:45:00Z,IT-North,106.55,15
2026-05-28T12:45:00Z,IT-Sardinia,105.55,15
2026-05-28T12:45:00Z,IT-Sicily,106.55,15
2026-05-28T12:45:00Z,IT-South,106.55,15
2026-05-28T12:45:00Z,LT,1.51,15
2026-05-28T12:45:00Z,LV,1.51,15
2026-05-28T12:45:00Z,NL,0.02,15
2026-05-28T12:45:00Z,NO1,18.68,15
2026-05-28T12:45:00Z,NO2,7.20,15
2026-05-28T12:45:00Z,NO3,17.33,15
2026-05-28T12:45:00Z,NO4,3.96,15
2026-05-28T12:45:00Z,PL,0.02,15
2026-05-28T12:45:00Z,PT,0.02,15
2026-05-28T12:45:00Z,RO,0.02,15
2026-05-28T12:45:00Z,SE1,2.73,15
2026-05-28T12:45:00Z,SE2,2.43,15
2026-05-28T12:45:00Z,SE3,1.65,15
2026-05-28T12:45:00Z,SE4,1.39,15
2026-05-28T12:45:00Z,SI,0.02,15
2026-05-28T12:45:00Z,SK,0.02,15
2026-05-28T13:00:00Z,AT,0.01,15
2026-05-28T13:00:00Z,BE,0.01,15
2026-05-28T13:00:00Z,CH,4.59,60
2026-05-28T13:00:00Z,CZ,0.00,15
2026-05-28T13:00:00Z,DE-LU,0.00,15
2026-05-28T13:00:00Z,DK1,0.00,15
2026-05-28T13:00:00Z,DK2,0.12,15
2026-05-28T13:00:00Z,EE,1.95,15
2026-05-28T13:00:00Z,ES,-0.07,15
2026-05-28T13:00:00Z,FI,1.96,15
2026-05-28T13:00:00Z,FR,0.01,15
2026-05-28T13:00:00Z,GR,0.01,15
2026-05-28T13:00:00Z,HR,0.01,15
2026-05-28T13:00:00Z,HU,0.01,15
2026-05-28T13:00:00Z,IT-CNorth,131.14,15
2026-05-28T13:00:00Z,IT-CSouth,131.14,15
2026-05-28T13:00:00Z,IT-North,131.14,15
2026-05-28T13:00:00Z,IT-Sardinia,0.00,15
2026-05-28T13:00:00Z,IT-Sicily,131.14,15
2026-05-28T13:00:00Z,IT-South,131.14,15
2026-05-28T13:00:00Z,LT,0.60,15
2026-05-28T13:00:00Z,LV,0.60,15
2026-05-28T13:00:00Z,NL,0.00,15
2026-05-28T13:00:00Z,NO1,28.44,15
2026-05-28T13:00:00Z,NO2,19.43,15
2026-05-28T13:00:00Z,NO3,33.73,15
2026-05-28T13:00:00Z,NO4,7.65,15
2026-05-28T13:00:00Z,NO5,81.02,15
2026-05-28T13:00:00Z,PL,0.00,15
2026-05-28T13:00:00Z,PT,0.01,15
2026-05-28T13:00:00Z,RO,0.01,15
2026-05-28T13:00:00Z,RS,3.03,15
2026-05-28T13:00:00Z,SE1,4.04,15
2026-05-28T13:00:00Z,SE2,3.19,15
2026-05-28T13:00:00Z,SE3,1.02,15
2026-05-28T13:00:00Z,SE4,0.27,15
2026-05-28T13:00:00Z,SI,0.01,15
2026-05-28T13:00:00Z,SK,0.01,15
2026-05-28T13:15:00Z,AT,-12.91,15
2026-05-28T13:15:00Z,CZ,0.01,15
2026-05-28T13:15:00Z,DE-LU,0.01,15
2026-05-28T13:15:00Z,DK1,0.01,15
2026-05-28T13:15:00Z,DK2,0.30,15
2026-05-28T13:15:00Z,EE,1.99,15
2026-05-28T13:15:00Z,ES,-0.06,15
2026-05-28T13:15:00Z,FI,2.00,15
2026-05-28T13:15:00Z,IT-CNorth,142.87,15
2026-05-28T13:15:00Z,IT-CSouth,142.87,15
2026-05-28T13:15:00Z,IT-North,142.87,15
2026-05-28T13:15:00Z,IT-Sicily,142.87,15
2026-05-28T13:15:00Z,IT-South,142.87,15
2026-05-28T13:15:00Z,LT,0.74,15
2026-05-28T13:15:00Z,LV,0.74,15
2026-05-28T13:15:00Z,NL,0.01,15
2026-05-28T13:15:00Z,NO1,32.16,15
2026-05-28T13:15:00Z,NO2,23.82,15
2026-05-28T13:15:00Z,NO3,34.48,15
2026-05-28T13:15:00Z,NO4,7.27,15
2026-05-28T13:15:00Z,NO5,80.82,15
2026-05-28T13:15:00Z,PL,0.01,15
2026-05-28T13:15:00Z,SE1,3.93,15
2026-05-28T13:15:00Z,SE2,3.14,15
2026-05-28T13:15:00Z,SE3,1.13,15
2026-05-28T13:15:00Z,SE4,0.44,15
2026-05-28T13:30:00Z,AT,0.84,15
2026-05-28T13:30:00Z,BE,0.84,15
2026-05-28T13:30:00Z,CZ,0.84,15
2026-05-28T13:30:00Z,DE-LU,0.84,15
2026-05-28T13:30:00Z,DK1,0.84,15
2026-05-28T13:30:00Z,DK2,1.16,15
2026-05-28T13:30:00Z,EE,2.85,15
2026-05-28T13:30:00Z,ES,5.84,15
2026-05-28T13:30:00Z,FI,2.85,15
2026-05-28T13:30:00Z,FR,0.84,15
2026-05-28T13:30:00Z,GR,0.84,15
2026-05-28T13:30:00Z,HR,0.84,15
2026-05-28T13:30:00Z,HU,0.84,15
2026-05-28T13:30:00Z,IT-CNorth,149.90,15
2026-05-28T13:30:00Z,IT-CSouth,149.90,15
2026-05-28T13:30:00Z,IT-North,149.90,15
2026-05-28T13:30:00Z,IT-Sicily,147.28,15
2026-05-28T13:30:00Z,IT-South,149.90,15
2026-05-28T13:30:00Z,LT,1.60,15
2026-05-28T13:30:00Z,LV,1.60,15
2026-05-28T13:30:00Z,NL,0.84,15
2026-05-28T13:30:00Z,NO1,32.78,15
2026-05-28T13:30:00Z,NO2,24.50,15
2026-05-28T13:30:00Z,NO3,35.09,15
2026-05-28T13:30:00Z,NO4,8.09,15
2026-05-28T13:30:00Z,NO5,81.10,15
2026-05-28T13:30:00Z,PL,0.84,15
2026-05-28T13:30:00Z,PT,0.84,15
2026-05-28T13:30:00Z,RO,0.84,15
2026-05-28T13:30:00Z,SE1,4.77,15
2026-05-28T13:30:00Z,SE2,3.99,15
2026-05-28T13:30:00Z,SE3,1.99,15
2026-05-28T13:30:00Z,SE4,1.31,15
2026-05-28T13:30:00Z,SI,0.84,15
2026-05-28T13:30:00Z,SK,0.84,15
2026-05-28T13:45:00Z,AT,4.34,15
2026-05-28T13:45:00Z,BE,4.34,15
2026-05-28T13:45:00Z,CZ,4.34,15
2026-05-28T13:45:00Z,DE-LU,4.34,15
2026-05-28T13:45:00Z,DK1,4.34,15
2026-05-28T13:45:00Z,DK2,4.34,15
2026-05-28T13:45:00Z,EE,4.34,15
2026-05-28T13:45:00Z,ES,9.17,15
2026-05-28T13:45:00Z,FI,4.35,15
2026-05-28T13:45:00Z,FR,4.34,15
2026-05-28T13:45:00Z,GR,4.34,15
2026-05-28T13:45:00Z,HR,4.34,15
2026-05-28T13:45:00Z,HU,4.34,15
2026-05-28T13:45:00Z,IT-CNorth,152.19,15
2026-05-28T13:45:00Z,IT-CSouth,152.19,15
2026-05-28T13:45:00Z,IT-North,152.19,15
2026-05-28T13:45:00Z,IT-South,152.19,15
2026-05-28T13:45:00Z,LT,4.34,15
2026-05-28T13:45:00Z,LV,4.34,15
2026-05-28T13:45:00Z,NL,4.34,15
2026-05-28T13:45:00Z,NO1,29.89,15
2026-05-28T13:45:00Z,NO2,21.05,15
2026-05-28T13:45:00Z,NO3,33.67,15
2026-05-28T13:45:00Z,NO4,8.93,15
2026-05-28T13:45:00Z,NO5,81.11,15
2026-05-28T13:45:00Z,PL,4.34,15
2026-05-28T13:45:00Z,RO,4.34,15
2026-05-28T13:45:00Z,SE1,5.22,15
2026-05-28T13:45:00Z,SE2,4.45,15
2026-05-28T13:45:00Z,SE3,4.38,15
2026-05-28T13:45:00Z,SE4,4.34,15
2026-05-28T13:45:00Z,SI,4.34,15
2026-05-28T13:45:00Z,SK,4.34,15
2026-05-28T14:00:00Z,AT,2.84,15
2026-05-28T14:00:00Z,BE,2.84,15
2026-05-28T14:00:00Z,CH,27.16,60
2026-05-28T14:00:00Z,CZ,2.84,15
2026-05-28T14:00:00Z,DE-LU,2.84,15
2026-05-28T14:00:00Z,DK1,2.84,15
2026-05-28T14:00:00Z,DK2,3.06,15
2026-05-28T14:00:00Z,EE,3.06,15
2026-05-28T14:00:00Z,ES,13.60,15
2026-05-28T14:00:00Z,FI,3.06,15
2026-05-28T14:00:00Z,FR,2.84,15
2026-05-28T14:00:00Z,GR,2.84,15
2026-05-28T14:00:00Z,HR,2.84,15
2026-05-28T14:00:00Z,HU,2.84,15
2026-05-28T14:00:00Z,IT-CNorth,142.76,15
2026-05-28T14:00:00Z,IT-CSouth,142.76,15
2026-05-28T14:00:00Z,IT-North,142.76,15
2026-05-28T14:00:00Z,IT-Sicily,142.76,15
2026-05-28T14:00:00Z,IT-South,142.76,15
2026-05-28T14:00:00Z,LT,3.06,15
2026-05-28T14:00:00Z,LV,3.06,15
2026-05-28T14:00:00Z,NL,2.84,15
2026-05-28T14:00:00Z,NO1,31.47,15
2026-05-28T14:00:00Z,NO2,31.47,15
2026-05-28T14:00:00Z,NO3,19.20,15
2026-05-28T14:00:00Z,NO4,3.06,15
2026-05-28T14:00:00Z,NO5,31.47,15
2026-05-28T14:00:00Z,PL,2.84,15
2026-05-28T14:00:00Z,PT,1.01,15
2026-05-28T14:00:00Z,RO,2.84,15
2026-05-28T14:00:00Z,RS,31.05,15
2026-05-28T14:00:00Z,SE1,3.06,15
2026-05-28T14:00:00Z,SE2,3.06,15
2026-05-28T14:00:00Z,SE3,3.06,15
2026-05-28T14:00:00Z,SE4,3.06,15
2026-05-28T14:00:00Z,SI,2.84,15
2026-05-28T14:00:00Z,SK,2.84,15
2026-05-28T14:15:00Z,AT,10.00,15
2026-05-28T14:15:00Z,BE,10.00,15
2026-05-28T14:15:00Z,CZ,10.00,15
2026-05-28T14:15:00Z,DE-LU,10.00,15
2026-05-28T14:15:00Z,DK1,10.00,15
2026-05-28T14:15:00Z,DK2,9.77,15
2026-05-28T14:15:00Z,EE,6.83,15
2026-05-28T14:15:00Z,ES,18.44,15
2026-05-28T14:15:00Z,FI,6.82,15
2026-05-28T14:15:00Z,FR,10.00,15
2026-05-28T14:15:00Z,GR,10.00,15
2026-05-28T14:15:00Z,HR,10.00,15
2026-05-28T14:15:00Z,HU,10.00,15
2026-05-28T14:15:00Z,IT-CNorth,147.28,15
2026-05-28T14:15:00Z,IT-CSouth,147.28,15
2026-05-28T14:15:00Z,IT-North,147.28,15
2026-05-28T14:15:00Z,IT-Sicily,147.28,15
2026-05-28T14:15:00Z,IT-South,147.28,15
2026-05-28T14:15:00Z,LT,6.83,15
2026-05-28T14:15:00Z,LV,6.83,15
2026-05-28T14:15:00Z,NL,10.00,15
2026-05-28T14:15:00Z,NO1,37.88,15
2026-05-28T14:15:00Z,NO2,37.89,15
2026-05-28T14:15:00Z,NO3,23.37,15
2026-05-28T14:15:00Z,NO4,6.99,15
2026-05-28T14:15:00Z,NO5,37.44,15
2026-05-28T14:15:00Z,PL,10.00,15
2026-05-28T14:15:00Z,PT,1.75,15
2026-05-28T14:15:00Z,RO,10.00,15
2026-05-28T14:15:00Z,SE1,6.82,15
2026-05-28T14:15:00Z,SE2,6.82,15
2026-05-28T14:15:00Z,SE3,8.82,15
2026-05-28T14:15:00Z,SE4,9.59,15
2026-05-28T14:15:00Z,SI,10.00,15
2026-05-28T14:15:00Z,SK,10.00,15
2026-05-28T14:30:00Z,AT,55.10,15
2026-05-28T14:30:00Z,BE,45.79,15
2026-05-28T14:30:00Z,CZ,53.95,15
2026-05-28T14:30:00Z,DE-LU,52.31,15
2026-05-28T14:30:00Z,DK1,52.31,15
2026-05-28T14:30:00Z,DK2,52.29,15
2026-05-28T14:30:00Z,EE,7.19,15
2026-05-28T14:30:00Z,ES,41.99,15
2026-05-28T14:30:00Z,FI,7.19,15
2026-05-28T14:30:00Z,FR,17.00,15
2026-05-28T14:30:00Z,GR,54.83,15
2026-05-28T14:30:00Z,HR,55.32,15
2026-05-28T14:30:00Z,HU,54.71,15
2026-05-28T14:30:00Z,IT-CNorth,149.90,15
2026-05-28T14:30:00Z,IT-CSouth,149.90,15
2026-05-28T14:30:00Z,IT-North,149.90,15
2026-05-28T14:30:00Z,IT-Sicily,120.00,15
2026-05-28T14:30:00Z,IT-South,120.00,15
2026-05-28T14:30:00Z,LT,7.19,15
2026-05-28T14:30:00Z,LV,7.19,15
2026-05-28T14:30:00Z,NL,48.20,15
2026-05-28T14:30:00Z,NO1,64.76,15
2026-05-28T14:30:00Z,NO2,64.90,15
2026-05-28T14:30:00Z,NO3,25.25,15
2026-05-28T14:30:00Z,NO4,9.88,15
2026-05-28T14:30:00Z,NO5,58.76,15
2026-05-28T14:30:00Z,PL,53.61,15
2026-05-28T14:30:00Z,PT,2.09,15
2026-05-28T14:30:00Z,RO,54.83,15
2026-05-28T14:30:00Z,SE1,7.16,15
2026-05-28T14:30:00Z,SE2,6.92,15
2026-05-28T14:30:00Z,SE3,35.69,15
2026-05-28T14:30:00Z,SE4,50.25,15
2026-05-28T14:30:00Z,SI,55.46,15
2026-05-28T14:30:00Z,SK,54.24,15
2026-05-28T14:45:00Z,AT,96.64,15
2026-05-28T14:45:00Z,BE,85.93,15
2026-05-28T14:45:00Z,CZ,95.32,15
2026-05-28T14:45:00Z,DE-LU,93.43,15
2026-05-28T14:45:00Z,DK1,93.43,15
2026-05-28T14:45:00Z,DK2,91.75,15
2026-05-28T14:45:00Z,EE,9.20,15
2026-05-28T14:45:00Z,ES,43.80,15
2026-05-28T14:45:00Z,FI,9.20,15
2026-05-28T14:45:00Z,FR,52.80,15
2026-05-28T14:45:00Z,GR,96.33,15
2026-05-28T14:45:00Z,HR,96.90,15
2026-05-28T14:45:00Z,HU,96.19,15
2026-05-28T14:45:00Z,IT-Sicily,139.00,15
2026-05-28T14:45:00Z,IT-South,139.00,15
2026-05-28T14:45:00Z,LT,9.20,15
2026-05-28T14:45:00Z,LV,9.20,15
2026-05-28T14:45:00Z,NL,88.70,15
2026-05-28T14:45:00Z,NO1,85.20,15
2026-05-28T14:45:00Z,NO2,85.35,15
2026-05-28T14:45:00Z,NO3,35.63,15
2026-05-28T14:45:00Z,NO4,14.46,15
2026-05-28T14:45:00Z,NO5,77.51,15
2026-05-28T14:45:00Z,PL,94.93,15
2026-05-28T14:45:00Z,PT,3.90,15
2026-05-28T14:45:00Z,RO,96.33,15
2026-05-28T14:45:00Z,SE1,9.14,15
2026-05-28T14:45:00Z,SE2,8.04,15
2026-05-28T14:45:00Z,SE3,51.72,15
2026-05-28T14:45:00Z,SE4,91.17,15
2026-05-28T14:45:00Z,SI,97.06,15
2026-05-28T14:45:00Z,SK,95.65,15
2026-05-28T15:00:00Z,AT,68.18,15
2026-05-28T15:00:00Z,BE,61.42,15
2026-05-28T15:00:00Z,CH,99.16,60
2026-05-28T15:00:00Z,CZ,67.00,15
2026-05-28T15:00:00Z,DE-LU,65.43,15
2026-05-28T15:00:00Z,DK1,65.43,15
2026-05-28T15:00:00Z,DK2,64.23,15
2026-05-28T15:00:00Z,EE,8.77,15
2026-05-28T15:00:00Z,ES,44.15,15
2026-05-28T15:00:00Z,FI,8.77,15
2026-05-28T15:00:00Z,FR,31.65,15
2026-05-28T15:00:00Z,GR,67.72,15
2026-05-28T15:00:00Z,HR,68.15,15
2026-05-28T15:00:00Z,HU,67.63,15
2026-05-28T15:00:00Z,IT-CNorth,147.28,15
2026-05-28T15:00:00Z,IT-CSouth,147.28,15
2026-05-28T15:00:00Z,IT-North,147.28,15
2026-05-28T15:00:00Z,IT-Sardinia,45.40,15
2026-05-28T15:00:00Z,IT-Sicily,147.28,15
2026-05-28T15:00:00Z,IT-South,147.28,15
2026-05-28T15:00:00Z,LT,8.77,15
2026-05-28T15:00:00Z,LV,8.77,15
2026-05-28T15:00:00Z,NL,61.75,15
2026-05-28T15:00:00Z,NO1,78.28,15
2026-05-28T15:00:00Z,NO2,78.49,15
2026-05-28T15:00:00Z,NO3,27.48,15
2026-05-28T15:00:00Z,NO4,8.72,15
2026-05-28T15:00:00Z,NO5,70.33,15
2026-05-28T15:00:00Z,PL,66.67,15
2026-05-28T15:00:00Z,PT,7.65,15
2026-05-28T15:00:00Z,RO,67.72,15
2026-05-28T15:00:00Z,RS,120.02,15
2026-05-28T15:00:00Z,SE1,6.07,15
2026-05-28T15:00:00Z,SE2,6.67,15
2026-05-28T15:00:00Z,SE3,43.81,15
2026-05-28T15:00:00Z,SE4,62.05,15
2026-05-28T15:00:00Z,SI,68.26,15
2026-05-28T15:00:00Z,SK,67.24,15
2026-05-28T15:15:00Z,AT,97.16,15
2026-05-28T15:15:00Z,BE,85.83,15
2026-05-28T15:15:00Z,CZ,95.18,15
2026-05-28T15:15:00Z,DE-LU,92.56,15
2026-05-28T15:15:00Z,DK1,92.56,15
2026-05-28T15:15:00Z,DK2,91.43,15
2026-05-28T15:15:00Z,EE,14.79,15
2026-05-28T15:15:00Z,ES,41.52,15
2026-05-28T15:15:00Z,FI,14.78,15
2026-05-28T15:15:00Z,FR,35.90,15
2026-05-28T15:15:00Z,GR,96.39,15
2026-05-28T15:15:00Z,HR,97.12,15
2026-05-28T15:15:00Z,HU,96.24,15
2026-05-28T15:15:00Z,IT-CNorth,136.75,15
2026-05-28T15:15:00Z,IT-CSouth,130.23,15
2026-05-28T15:15:00Z,IT-North,136.75,15
2026-05-28T15:15:00Z,IT-Sardinia,75.00,15
2026-05-28T15:15:00Z,IT-Sicily,128.30,15
2026-05-28T15:15:00Z,IT-South,128.30,15
2026-05-28T15:15:00Z,LT,14.79,15
2026-05-28T15:15:00Z,LV,14.79,15
2026-05-28T15:15:00Z,NL,86.38,15
2026-05-28T15:15:00Z,NO1,93.98,15
2026-05-28T15:15:00Z,NO2,94.20,15
2026-05-28T15:15:00Z,NO3,35.77,15
2026-05-28T15:15:00Z,NO4,11.91,15
2026-05-28T15:15:00Z,NO5,84.87,15
2026-05-28T15:15:00Z,PL,94.63,15
2026-05-28T15:15:00Z,PT,10.52,15
2026-05-28T15:15:00Z,RO,96.39,15
2026-05-28T15:15:00Z,SE1,6.93,15
2026-05-28T15:15:00Z,SE2,6.42,15
2026-05-28T15:15:00Z,SE3,53.80,15
2026-05-28T15:15:00Z,SE4,90.25,15
2026-05-28T15:15:00Z,SI,97.29,15
2026-05-28T15:15:00Z,SK,95.58,15
2026-05-28T15:30:00Z,AT,115.28,15
2026-05-28T15:30:00Z,BE,104.75,15
2026-05-28T15:30:00Z,CZ,113.45,15
2026-05-28T15:30:00Z,DE-LU,111.01,15
2026-05-28T15:30:00Z,DK1,111.01,15
2026-05-28T15:30:00Z,DK2,109.02,15
2026-05-28T15:30:00Z,EE,15.52,15
2026-05-28T15:30:00Z,ES,40.60,15
2026-05-28T15:30:00Z,FI,15.52,15
2026-05-28T15:30:00Z,FR,58.31,15
2026-05-28T15:30:00Z,GR,114.58,15
2026-05-28T15:30:00Z,HR,115.25,15
2026-05-28T15:30:00Z,HU,114.43,15
2026-05-28T15:30:00Z,IT-CNorth,119.25,15
2026-05-28T15:30:00Z,IT-CSouth,119.25,15
2026-05-28T15:30:00Z,IT-North,119.25,15
2026-05-28T15:30:00Z,IT-Sardinia,119.25,15
2026-05-28T15:30:00Z,IT-Sicily,119.25,15
2026-05-28T15:30:00Z,IT-South,119.25,15
2026-05-28T15:30:00Z,LT,15.52,15
2026-05-28T15:30:00Z,LV,15.52,15
2026-05-28T15:30:00Z,NL,105.27,15
2026-05-28T15:30:00Z,NO1,105.86,15
2026-05-28T15:30:00Z,NO2,108.95,15
2026-05-28T15:30:00Z,NO3,42.30,15
2026-05-28T15:30:00Z,NO4,16.94,15
2026-05-28T15:30:00Z,NO5,91.34,15
2026-05-28T15:30:00Z,PL,112.93,15
2026-05-28T15:30:00Z,PT,16.10,15
2026-05-28T15:30:00Z,RO,114.58,15
2026-05-28T15:30:00Z,SE1,11.38,15
2026-05-28T15:30:00Z,SE2,10.42,15
2026-05-28T15:30:00Z,SE3,63.05,15
2026-05-28T15:30:00Z,SE4,108.29,15
2026-05-28T15:30:00Z,SI,115.41,15
2026-05-28T15:30:00Z,SK,113.82,15
2026-05-28T15:45:00Z,AT,139.76,15
2026-05-28T15:45:00Z,BE,130.59,15
2026-05-28T15:45:00Z,CZ,138.16,15
2026-05-28T15:45:00Z,DE-LU,136.03,15
2026-05-28T15:45:00Z,DK1,136.03,15
2026-05-28T15:45:00Z,DK2,133.59,15
2026-05-28T15:45:00Z,EE,26.01,15
2026-05-28T15:45:00Z,ES,51.09,15
2026-05-28T15:45:00Z,FI,25.99,15
2026-05-28T15:45:00Z,FR,90.18,15
2026-05-28T15:45:00Z,GR,139.14,15
2026-05-28T15:45:00Z,HR,139.73,15
2026-05-28T15:45:00Z,HU,139.01,15
2026-05-28T15:45:00Z,IT-CNorth,140.48,15
2026-05-28T15:45:00Z,IT-CSouth,140.48,15
2026-05-28T15:45:00Z,IT-North,140.48,15
2026-05-28T15:45:00Z,IT-Sardinia,140.48,15
2026-05-28T15:45:00Z,IT-Sicily,140.48,15
2026-05-28T15:45:00Z,IT-South,140.48,15
2026-05-28T15:45:00Z,LT,26.01,15
2026-05-28T15:45:00Z,LV,26.01,15
2026-05-28T15:45:00Z,NL,131.04,15
2026-05-28T15:45:00Z,NO1,113.76,15
2026-05-28T15:45:00Z,NO2,119.91,15
2026-05-28T15:45:00Z,NO3,45.88,15
2026-05-28T15:45:00Z,NO4,18.83,15
2026-05-28T15:45:00Z,NO5,93.66,15
2026-05-28T15:45:00Z,PL,137.71,15
2026-05-28T15:45:00Z,PT,24.15,15
2026-05-28T15:45:00Z,RO,139.14,15
2026-05-28T15:45:00Z,SE1,12.07,15
2026-05-28T15:45:00Z,SE2,11.65,15
2026-05-28T15:45:00Z,SE3,80.15,15
2026-05-28T15:45:00Z,SE4,132.77,15
2026-05-28T15:45:00Z,SI,139.86,15
2026-05-28T15:45:00Z,SK,138.48,15
2026-05-28T16:00:00Z,AT,113.87,15
2026-05-28T16:00:00Z,BE,105.70,15
2026-05-28T16:00:00Z,CH,135.40,60
2026-05-28T16:00:00Z,CZ,112.45,15
2026-05-28T16:00:00Z,DE-LU,110.33,15
2026-05-28T16:00:00Z,DK1,110.33,15
2026-05-28T16:00:00Z,DK2,110.32,15
2026-05-28T16:00:00Z,EE,12.00,15
2026-05-28T16:00:00Z,ES,50.00,15
2026-05-28T16:00:00Z,FI,12.00,15
2026-05-28T16:00:00Z,FR,69.74,15
2026-05-28T16:00:00Z,GR,113.30,15
2026-05-28T16:00:00Z,HR,113.82,15
2026-05-28T16:00:00Z,HU,113.20,15
2026-05-28T16:00:00Z,IT-CNorth,118.25,15
2026-05-28T16:00:00Z,IT-CSouth,118.25,15
2026-05-28T16:00:00Z,IT-North,118.25,15
2026-05-28T16:00:00Z,IT-Sardinia,118.25,15
2026-05-28T16:00:00Z,IT-Sicily,118.25,15
2026-05-28T16:00:00Z,IT-South,118.25,15
2026-05-28T16:00:00Z,LT,12.00,15
2026-05-28T16:00:00Z,LV,12.00,15
2026-05-28T16:00:00Z,NL,106.13,15
2026-05-28T16:00:00Z,NO1,106.87,15
2026-05-28T16:00:00Z,NO2,111.00,15
2026-05-28T16:00:00Z,NO3,38.79,15
2026-05-28T16:00:00Z,NO4,12.26,15
2026-05-28T16:00:00Z,NO5,89.99,15
2026-05-28T16:00:00Z,PL,112.02,15
2026-05-28T16:00:00Z,PT,30.00,15
2026-05-28T16:00:00Z,RO,113.30,15
2026-05-28T16:00:00Z,RS,165.05,15
2026-05-28T16:00:00Z,SE1,6.50,15
2026-05-28T16:00:00Z,SE2,5.59,15
2026-05-28T16:00:00Z,SE3,60.35,15
2026-05-28T16:00:00Z,SE4,109.50,15
2026-05-28T16:00:00Z,SI,113.94,15
2026-05-28T16:00:00Z,SK,112.72,15
2026-05-28T16:15:00Z,AT,133.76,15
2026-05-28T16:15:00Z,BE,125.28,15
2026-05-28T16:15:00Z,CZ,132.29,15
2026-05-28T16:15:00Z,DE-LU,130.09,15
2026-05-28T16:15:00Z,DK1,130.09,15
2026-05-28T16:15:00Z,DK2,127.74,15
2026-05-28T16:15:00Z,EE,41.88,15
2026-05-28T16:15:00Z,ES,71.63,15
2026-05-28T16:15:00Z,FI,41.83,15
2026-05-28T16:15:00Z,FR,87.92,15
2026-05-28T16:15:00Z,GR,133.17,15
2026-05-28T16:15:00Z,HR,133.71,15
2026-05-28T16:15:00Z,HU,133.06,15
2026-05-28T16:15:00Z,IT-CNorth,133.83,15
2026-05-28T16:15:00Z,IT-CSouth,133.83,15
2026-05-28T16:15:00Z,IT-North,133.83,15
2026-05-28T16:15:00Z,IT-Sardinia,133.83,15
2026-05-28T16:15:00Z,IT-Sicily,133.83,15
2026-05-28T16:15:00Z,IT-South,133.83,15
2026-05-28T16:15:00Z,LT,72.28,15
2026-05-28T16:15:00Z,LV,72.28,15
2026-05-28T16:15:00Z,NL,125.72,15
2026-05-28T16:15:00Z,NO1,113.71,15
2026-05-28T16:15:00Z,NO2,120.79,15
2026-05-28T16:15:00Z,NO3,39.78,15
2026-05-28T16:15:00Z,NO4,13.06,15
2026-05-28T16:15:00Z,NO5,91.26,15
2026-05-28T16:15:00Z,PL,131.84,15
2026-05-28T16:15:00Z,PT,40.00,15
2026-05-28T16:15:00Z,RO,133.17,15
2026-05-28T16:15:00Z,SE1,6.90,15
2026-05-28T16:15:00Z,SE2,7.66,15
2026-05-28T16:15:00Z,SE3,83.60,15
2026-05-28T16:15:00Z,SE4,127.01,15
2026-05-28T16:15:00Z,SI,133.83,15
2026-05-28T16:15:00Z,SK,132.57,15
2026-05-28T16:30:00Z,AT,147.28,15
2026-05-28T16:30:00Z,BE,147.28,15
2026-05-28T16:30:00Z,CZ,147.28,15
2026-05-28T16:30:00Z,DE-LU,147.28,15
2026-05-28T16:30:00Z,DK1,147.28,15
2026-05-28T16:30:00Z,DK2,144.63,15
2026-05-28T16:30:00Z,EE,76.33,15
2026-05-28T16:30:00Z,ES,52.82,15
2026-05-28T16:30:00Z,FI,76.23,15
2026-05-28T16:30:00Z,FR,147.28,15
2026-05-28T16:30:00Z,GR,141.20,15
2026-05-28T16:30:00Z,HR,147.28,15
2026-05-28T16:30:00Z,HU,147.28,15
2026-05-28T16:30:00Z,IT-CNorth,147.28,15
2026-05-28T16:30:00Z,IT-CSouth,147.28,15
2026-05-28T16:30:00Z,IT-North,147.28,15
2026-05-28T16:30:00Z,IT-Sardinia,147.28,15
2026-05-28T16:30:00Z,IT-Sicily,147.28,15
2026-05-28T16:30:00Z,IT-South,147.28,15
2026-05-28T16:30:00Z,LT,76.33,15
2026-05-28T16:30:00Z,LV,76.33,15
2026-05-28T16:30:00Z,NL,147.28,15
2026-05-28T16:30:00Z,NO1,117.46,15
2026-05-28T16:30:00Z,NO2,127.09,15
2026-05-28T16:30:00Z,NO3,41.58,15
2026-05-28T16:30:00Z,NO4,15.83,15
2026-05-28T16:30:00Z,NO5,90.61,15
2026-05-28T16:30:00Z,PL,147.28,15
2026-05-28T16:30:00Z,PT,54.42,15
2026-05-28T16:30:00Z,RO,147.28,15
2026-05-28T16:30:00Z,SE1,9.40,15
2026-05-28T16:30:00Z,SE2,11.99,15
2026-05-28T16:30:00Z,SE3,108.83,15
2026-05-28T16:30:00Z,SE4,144.20,15
2026-05-28T16:30:00Z,SI,147.28,15
2026-05-28T16:30:00Z,SK,147.28,15
2026-05-28T16:45:00Z,AT,165.30,15
2026-05-28T16:45:00Z,BE,165.30,15
2026-05-28T16:45:00Z,CZ,165.30,15
2026-05-28T16:45:00Z,DE-LU,165.30,15
2026-05-28T16:45:00Z,DK1,165.30,15
2026-05-28T16:45:00Z,DK2,165.31,15
2026-05-28T16:45:00Z,EE,105.10,15
2026-05-28T16:45:00Z,ES,55.62,15
2026-05-28T16:45:00Z,FI,104.96,15
2026-05-28T16:45:00Z,FR,165.30,15
2026-05-28T16:45:00Z,GR,139.62,15
2026-05-28T16:45:00Z,HR,165.30,15
2026-05-28T16:45:00Z,HU,165.30,15
2026-05-28T16:45:00Z,IT-CNorth,165.30,15
2026-05-28T16:45:00Z,IT-CSouth,165.30,15
2026-05-28T16:45:00Z,IT-North,165.30,15
2026-05-28T16:45:00Z,IT-Sardinia,165.30,15
2026-05-28T16:45:00Z,IT-Sicily,165.30,15
2026-05-28T16:45:00Z,IT-South,165.30,15
2026-05-28T16:45:00Z,LT,164.00,15
2026-05-28T16:45:00Z,LV,164.00,15
2026-05-28T16:45:00Z,NL,165.30,15
2026-05-28T16:45:00Z,NO1,119.99,15
2026-05-28T16:45:00Z,NO2,131.35,15
2026-05-28T16:45:00Z,NO3,42.87,15
2026-05-28T16:45:00Z,NO4,16.84,15
2026-05-28T16:45:00Z,NO5,90.15,15
2026-05-28T16:45:00Z,PL,165.30,15
2026-05-28T16:45:00Z,PT,63.80,15
2026-05-28T16:45:00Z,RO,165.30,15
2026-05-28T16:45:00Z,SE1,9.54,15
2026-05-28T16:45:00Z,SE2,13.55,15
2026-05-28T16:45:00Z,SE3,132.96,15
2026-05-28T16:45:00Z,SE4,165.69,15
2026-05-28T16:45:00Z,SI,165.30,15
2026-05-28T16:45:00Z,SK,165.30,15
2026-05-28T17:00:00Z,AT,148.59,15
2026-05-28T17:00:00Z,BE,131.08,15
2026-05-28T17:00:00Z,CH,194.95,60
2026-05-28T17:00:00Z,CZ,151.70,15
2026-05-28T17:00:00Z,DE-LU,154.47,15
2026-05-28T17:00:00Z,DK1,154.47,15
2026-05-28T17:00:00Z,DK2,151.70,15
2026-05-28T17:00:00Z,EE,43.27,15
2026-05-28T17:00:00Z,ES,58.01,15
2026-05-28T17:00:00Z,FI,43.22,15
2026-05-28T17:00:00Z,FR,101.33,15
2026-05-28T17:00:00Z,GR,150.29,15
2026-05-28T17:00:00Z,HR,149.78,15
2026-05-28T17:00:00Z,HU,150.31,15
2026-05-28T17:00:00Z,IT-CNorth,149.90,15
2026-05-28T17:00:00Z,IT-CSouth,149.90,15
2026-05-28T17:00:00Z,IT-North,149.90,15
2026-05-28T17:00:00Z,IT-Sardinia,148.20,15
2026-05-28T17:00:00Z,IT-Sicily,147.28,15
2026-05-28T17:00:00Z,IT-South,149.90,15
2026-05-28T17:00:00Z,LT,152.27,15
2026-05-28T17:00:00Z,LV,152.27,15
2026-05-28T17:00:00Z,NL,147.32,15
2026-05-28T17:00:00Z,NO1,118.77,15
2026-05-28T17:00:00Z,NO2,127.64,15
2026-05-28T17:00:00Z,NO3,42.14,15
2026-05-28T17:00:00Z,NO4,13.78,15
2026-05-28T17:00:00Z,NO5,93.01,15
2026-05-28T17:00:00Z,PL,152.27,15
2026-05-28T17:00:00Z,PT,63.01,15
2026-05-28T17:00:00Z,RO,150.29,15
2026-05-28T17:00:00Z,RS,213.62,15
2026-05-28T17:00:00Z,SE1,6.06,15
2026-05-28T17:00:00Z,SE2,6.61,15
2026-05-28T17:00:00Z,SE3,95.75,15
2026-05-28T17:00:00Z,SE4,151.91,15
2026-05-28T17:00:00Z,SI,149.90,15
2026-05-28T17:00:00Z,SK,151.07,15
2026-05-28T17:15:00Z,AT,167.20,15
2026-05-28T17:15:00Z,BE,168.47,15
2026-05-28T17:15:00Z,CZ,168.83,15
2026-05-28T17:15:00Z,DE-LU,170.65,15
2026-05-28T17:15:00Z,DK1,170.65,15
2026-05-28T17:15:00Z,DK2,167.58,15
2026-05-28T17:15:00Z,EE,71.79,15
2026-05-28T17:15:00Z,ES,71.59,15
2026-05-28T17:15:00Z,FI,71.68,15
2026-05-28T17:15:00Z,FR,156.20,15
2026-05-28T17:15:00Z,GR,167.77,15
2026-05-28T17:15:00Z,HR,167.12,15
2026-05-28T17:15:00Z,HU,167.90,15
2026-05-28T17:15:00Z,IT-CNorth,166.18,15
2026-05-28T17:15:00Z,IT-CSouth,166.18,15
2026-05-28T17:15:00Z,IT-North,166.18,15
2026-05-28T17:15:00Z,IT-Sardinia,164.50,15
2026-05-28T17:15:00Z,IT-Sicily,166.18,15
2026-05-28T17:15:00Z,IT-South,166.18,15
2026-05-28T17:15:00Z,LT,166.60,15
2026-05-28T17:15:00Z,LV,166.60,15
2026-05-28T17:15:00Z,NL,170.29,15
2026-05-28T17:15:00Z,NO1,121.31,15
2026-05-28T17:15:00Z,NO2,131.22,15
2026-05-28T17:15:00Z,NO3,41.99,15
2026-05-28T17:15:00Z,NO4,13.35,15
2026-05-28T17:15:00Z,NO5,93.43,15
2026-05-28T17:15:00Z,PL,169.23,15
2026-05-28T17:15:00Z,PT,82.49,15
2026-05-28T17:15:00Z,RO,167.77,15
2026-05-28T17:15:00Z,SE1,5.10,15
2026-05-28T17:15:00Z,SE2,7.44,15
2026-05-28T17:15:00Z,SE3,116.60,15
2026-05-28T17:15:00Z,SE4,166.49,15
2026-05-28T17:15:00Z,SI,166.96,15
2026-05-28T17:15:00Z,SK,168.45,15
2026-05-28T17:30:00Z,AT,197.01,15
2026-05-28T17:30:00Z,BE,191.81,15
2026-05-28T17:30:00Z,CZ,200.49,15
2026-05-28T17:30:00Z,DE-LU,204.46,15
2026-05-28T17:30:00Z,DK1,204.46,15
2026-05-28T17:30:00Z,DK2,200.79,15
2026-05-28T17:30:00Z,EE,100.00,15
2026-05-28T17:30:00Z,ES,57.70,15
2026-05-28T17:30:00Z,FI,99.85,15
2026-05-28T17:30:00Z,FR,162.74,15
2026-05-28T17:30:00Z,GR,199.16,15
2026-05-28T17:30:00Z,HR,197.09,15
2026-05-28T17:30:00Z,HU,199.37,15
2026-05-28T17:30:00Z,IT-CNorth,191.23,15
2026-05-28T17:30:00Z,IT-CSouth,191.23,15
2026-05-28T17:30:00Z,IT-North,191.23,15
2026-05-28T17:30:00Z,IT-Sardinia,183.95,15
2026-05-28T17:30:00Z,IT-Sicily,191.23,15
2026-05-28T17:30:00Z,IT-South,191.23,15
2026-05-28T17:30:00Z,LT,197.96,15
2026-05-28T17:30:00Z,LV,197.96,15
2026-05-28T17:30:00Z,NL,201.15,15
2026-05-28T17:30:00Z,NO1,122.27,15
2026-05-28T17:30:00Z,NO2,132.24,15
2026-05-28T17:30:00Z,NO3,41.62,15
2026-05-28T17:30:00Z,NO4,13.56,15
2026-05-28T17:30:00Z,NO5,94.06,15
2026-05-28T17:30:00Z,PL,201.30,15
2026-05-28T17:30:00Z,PT,102.60,15
2026-05-28T17:30:00Z,RO,199.16,15
2026-05-28T17:30:00Z,SE1,5.30,15
2026-05-28T17:30:00Z,SE2,9.29,15
2026-05-28T17:30:00Z,SE3,143.23,15
2026-05-28T17:30:00Z,SE4,199.42,15
2026-05-28T17:30:00Z,SI,196.55,15
2026-05-28T17:30:00Z,SK,199.37,15
2026-05-28T17:45:00Z,AT,300.78,15
2026-05-28T17:45:00Z,BE,307.83,15
2026-05-28T17:45:00Z,CZ,319.31,15
2026-05-28T17:45:00Z,DE-LU,340.83,15
2026-05-28T17:45:00Z,DK1,340.83,15
2026-05-28T17:45:00Z,DK2,334.66,15
2026-05-28T17:45:00Z,EE,125.47,15
2026-05-28T17:45:00Z,ES,75.00,15
2026-05-28T17:45:00Z,FI,125.28,15
2026-05-28T17:45:00Z,FR,170.99,15
2026-05-28T17:45:00Z,GR,150.00,15
2026-05-28T17:45:00Z,HR,301.69,15
2026-05-28T17:45:00Z,HU,313.55,15
2026-05-28T17:45:00Z,IT-CNorth,203.61,15
2026-05-28T17:45:00Z,IT-CSouth,203.61,15
2026-05-28T17:45:00Z,IT-North,203.61,15
2026-05-28T17:45:00Z,IT-Sicily,203.61,15
2026-05-28T17:45:00Z,IT-South,203.61,15
2026-05-28T17:45:00Z,LT,313.37,15
2026-05-28T17:45:00Z,LV,313.37,15
2026-05-28T17:45:00Z,NL,334.63,15
2026-05-28T17:45:00Z,NO1,123.06,15
2026-05-28T17:45:00Z,NO2,133.22,15
2026-05-28T17:45:00Z,NO3,39.70,15
2026-05-28T17:45:00Z,NO4,15.57,15
2026-05-28T17:45:00Z,NO5,94.23,15
2026-05-28T17:45:00Z,PL,323.88,15
2026-05-28T17:45:00Z,PT,108.36,15
2026-05-28T17:45:00Z,RO,312.49,15
2026-05-28T17:45:00Z,SE1,9.48,15
2026-05-28T17:45:00Z,SE2,14.50,15
2026-05-28T17:45:00Z,SE3,198.98,15
2026-05-28T17:45:00Z,SE4,322.21,15
2026-05-28T17:45:00Z,SI,298.83,15
2026-05-28T17:45:00Z,SK,313.55,15
2026-05-28T18:00:00Z,AT,233.09,15
2026-05-28T18:00:00Z,BE,244.67,15
2026-05-28T18:00:00Z,CH,213.81,60
2026-05-28T18:00:00Z,CZ,250.01,15
2026-05-28T18:00:00Z,DE-LU,266.94,15
2026-05-28T18:00:00Z,DK1,266.94,15
2026-05-28T18:00:00Z,DK2,262.13,15
2026-05-28T18:00:00Z,EE,70.17,15
2026-05-28T18:00:00Z,ES,83.36,15
2026-05-28T18:00:00Z,FI,70.08,15
2026-05-28T18:00:00Z,FR,127.84,15
2026-05-28T18:00:00Z,GR,183.75,15
2026-05-28T18:00:00Z,HR,227.32,15
2026-05-28T18:00:00Z,HU,247.74,15
2026-05-28T18:00:00Z,IT-CNorth,191.23,15
2026-05-28T18:00:00Z,IT-CSouth,191.23,15
2026-05-28T18:00:00Z,IT-North,191.23,15
2026-05-28T18:00:00Z,IT-Sicily,191.23,15
2026-05-28T18:00:00Z,IT-South,191.23,15
2026-05-28T18:00:00Z,LT,222.28,15
2026-05-28T18:00:00Z,LV,222.28,15
2026-05-28T18:00:00Z,NL,255.43,15
2026-05-28T18:00:00Z,NO1,119.43,15
2026-05-28T18:00:00Z,NO2,126.87,15
2026-05-28T18:00:00Z,NO3,42.57,15
2026-05-28T18:00:00Z,NO4,15.89,15
2026-05-28T18:00:00Z,NO5,95.82,15
2026-05-28T18:00:00Z,PL,253.08,15
2026-05-28T18:00:00Z,RO,183.75,15
2026-05-28T18:00:00Z,RS,255.04,15
2026-05-28T18:00:00Z,SE1,9.10,15
2026-05-28T18:00:00Z,SE2,12.78,15
2026-05-28T18:00:00Z,SE3,135.69,15
2026-05-28T18:00:00Z,SE4,226.21,15
2026-05-28T18:00:00Z,SI,227.32,15
2026-05-28T18:00:00Z,SK,247.74,15
2026-05-28T18:15:00Z,AT,312.33,15
2026-05-28T18:15:00Z,BE,344.32,15
2026-05-28T18:15:00Z,CZ,342.50,15
2026-05-28T18:15:00Z,DE-LU,373.45,15
2026-05-28T18:15:00Z,DK1,373.45,15
2026-05-28T18:15:00Z,DK2,366.70,15
2026-05-28T18:15:00Z,EE,74.32,15
2026-05-28T18:15:00Z,ES,107.67,15
2026-05-28T18:15:00Z,FI,74.22,15
2026-05-28T18:15:00Z,FR,122.67,15
2026-05-28T18:15:00Z,GR,186.54,15
2026-05-28T18:15:00Z,HR,302.97,15
2026-05-28T18:15:00Z,HU,337.83,15
2026-05-28T18:15:00Z,LT,252.89,15
2026-05-28T18:15:00Z,LV,252.89,15
2026-05-28T18:15:00Z,NL,354.57,15
2026-05-28T18:15:00Z,NO1,119.53,15
2026-05-28T18:15:00Z,NO2,126.88,15
2026-05-28T18:15:00Z,NO3,41.72,15
2026-05-28T18:15:00Z,NO4,15.90,15
2026-05-28T18:15:00Z,NO5,95.94,15
2026-05-28T18:15:00Z,PL,348.21,15
2026-05-28T18:15:00Z,PT,122.67,15
2026-05-28T18:15:00Z,RO,238.59,15
2026-05-28T18:15:00Z,SE1,9.69,15
2026-05-28T18:15:00Z,SE2,13.34,15
2026-05-28T18:15:00Z,SE3,149.11,15
2026-05-28T18:15:00Z,SE4,258.81,15
2026-05-28T18:15:00Z,SI,302.97,15
2026-05-28T18:15:00Z,SK,337.83,15
2026-05-28T18:30:00Z,AT,380.99,15
2026-05-28T18:30:00Z,BE,445.64,15
2026-05-28T18:30:00Z,CZ,406.00,15
2026-05-28T18:30:00Z,DE-LU,468.31,15
2026-05-28T18:30:00Z,DK1,468.31,15
2026-05-28T18:30:00Z,DK2,459.85,15
2026-05-28T18:30:00Z,EE,82.17,15
2026-05-28T18:30:00Z,ES,112.86,15
2026-05-28T18:30:00Z,FI,82.06,15
2026-05-28T18:30:00Z,FR,133.40,15
2026-05-28T18:30:00Z,GR,150.00,15
2026-05-28T18:30:00Z,HR,373.52,15
2026-05-28T18:30:00Z,HU,404.89,15
2026-05-28T18:30:00Z,IT-CNorth,197.96,15
2026-05-28T18:30:00Z,IT-CSouth,197.96,15
2026-05-28T18:30:00Z,IT-North,197.96,15
2026-05-28T18:30:00Z,IT-Sardinia,185.46,15
2026-05-28T18:30:00Z,IT-Sicily,197.96,15
2026-05-28T18:30:00Z,IT-South,197.96,15
2026-05-28T18:30:00Z,LT,301.91,15
2026-05-28T18:30:00Z,LV,301.91,15
2026-05-28T18:30:00Z,NL,445.64,15
2026-05-28T18:30:00Z,NO1,120.39,15
2026-05-28T18:30:00Z,NO2,127.00,15
2026-05-28T18:30:00Z,NO3,40.89,15
2026-05-28T18:30:00Z,NO4,15.95,15
2026-05-28T18:30:00Z,NO5,97.72,15
2026-05-28T18:30:00Z,PL,428.02,15
2026-05-28T18:30:00Z,PT,133.40,15
2026-05-28T18:30:00Z,RO,377.60,15
2026-05-28T18:30:00Z,SE1,10.51,15
2026-05-28T18:30:00Z,SE2,14.22,15
2026-05-28T18:30:00Z,SE3,171.33,15
2026-05-28T18:30:00Z,SE4,310.92,15
2026-05-28T18:30:00Z,SI,373.52,15
2026-05-28T18:30:00Z,SK,404.89,15
2026-05-28T18:45:00Z,AT,383.39,15
2026-05-28T18:45:00Z,BE,445.00,15
2026-05-28T18:45:00Z,CZ,407.31,15
2026-05-28T18:45:00Z,DE-LU,467.04,15
2026-05-28T18:45:00Z,DK1,467.04,15
2026-05-28T18:45:00Z,DK2,458.56,15
2026-05-28T18:45:00Z,EE,74.09,15
2026-05-28T18:45:00Z,ES,146.23,15
2026-05-28T18:45:00Z,FI,74.00,15
2026-05-28T18:45:00Z,FR,152.90,15
2026-05-28T18:45:00Z,GR,136.41,15
2026-05-28T18:45:00Z,HR,376.33,15
2026-05-28T18:45:00Z,HU,406.66,15
2026-05-28T18:45:00Z,IT-Sardinia,183.95,15
2026-05-28T18:45:00Z,LT,377.61,15
2026-05-28T18:45:00Z,LV,377.61,15
2026-05-28T18:45:00Z,NL,445.58,15
2026-05-28T18:45:00Z,NO1,120.32,15
2026-05-28T18:45:00Z,NO3,38.81,15
2026-05-28T18:45:00Z,NO4,16.56,15
2026-05-28T18:45:00Z,NO5,97.34,15
2026-05-28T18:45:00Z,PL,429.03,15
2026-05-28T18:45:00Z,PT,152.90,15
2026-05-28T18:45:00Z,RO,380.10,15
2026-05-28T18:45:00Z,SE1,13.10,15
2026-05-28T18:45:00Z,SE2,14.72,15
2026-05-28T18:45:00Z,SE3,194.70,15
2026-05-28T18:45:00Z,SE4,391.89,15
2026-05-28T18:45:00Z,SI,376.33,15
2026-05-28T18:45:00Z,SK,406.66,15
2026-05-28T19:00:00Z,AT,364.68,15
2026-05-28T19:00:00Z,BE,419.23,15
2026-05-28T19:00:00Z,CH,204.51,60
2026-05-28T19:00:00Z,CZ,392.00,15
2026-05-28T19:00:00Z,DE-LU,434.98,15
2026-05-28T19:00:00Z,DK1,434.98,15
2026-05-28T19:00:00Z,DK2,427.09,15
2026-05-28T19:00:00Z,EE,92.12,15
2026-05-28T19:00:00Z,ES,142.37,15
2026-05-28T19:00:00Z,FI,92.00,15
2026-05-28T19:00:00Z,FR,147.52,15
2026-05-28T19:00:00Z,GR,126.74,15
2026-05-28T19:00:00Z,HR,358.63,15
2026-05-28T19:00:00Z,HU,387.57,15
2026-05-28T19:00:00Z,IT-CNorth,192.21,15
2026-05-28T19:00:00Z,IT-CSouth,192.21,15
2026-05-28T19:00:00Z,IT-North,192.21,15
2026-05-28T19:00:00Z,IT-Sicily,192.21,15
2026-05-28T19:00:00Z,IT-South,192.21,15
2026-05-28T19:00:00Z,LT,387.20,15
2026-05-28T19:00:00Z,LV,387.20,15
2026-05-28T19:00:00Z,NL,419.23,15
2026-05-28T19:00:00Z,NO1,121.36,15
2026-05-28T19:00:00Z,NO2,126.87,15
2026-05-28T19:00:00Z,NO3,38.22,15
2026-05-28T19:00:00Z,NO4,15.98,15
2026-05-28T19:00:00Z,NO5,100.41,15
2026-05-28T19:00:00Z,PL,406.16,15
2026-05-28T19:00:00Z,PT,147.52,15
2026-05-28T19:00:00Z,RO,359.62,15
2026-05-28T19:00:00Z,RS,239.01,15
2026-05-28T19:00:00Z,SE1,12.03,15
2026-05-28T19:00:00Z,SE2,16.12,15
2026-05-28T19:00:00Z,SE3,208.50,15
2026-05-28T19:00:00Z,SE4,401.48,15
2026-05-28T19:00:00Z,SI,358.63,15
2026-05-28T19:00:00Z,SK,387.57,15
2026-05-28T19:15:00Z,AT,373.18,15
2026-05-28T19:15:00Z,BE,426.59,15
2026-05-28T19:15:00Z,CZ,399.93,15
2026-05-28T19:15:00Z,DE-LU,442.02,15
2026-05-28T19:15:00Z,DK1,442.02,15
2026-05-28T19:15:00Z,DK2,433.99,15
2026-05-28T19:15:00Z,EE,74.51,15
2026-05-28T19:15:00Z,ES,156.50,15
2026-05-28T19:15:00Z,FI,74.42,15
2026-05-28T19:15:00Z,FR,160.51,15
2026-05-28T19:15:00Z,GR,123.42,15
2026-05-28T19:15:00Z,HR,367.25,15
2026-05-28T19:15:00Z,HU,395.60,15
2026-05-28T19:15:00Z,IT-CNorth,191.23,15
2026-05-28T19:15:00Z,IT-CSouth,191.23,15
2026-05-28T19:15:00Z,IT-North,191.23,15
2026-05-28T19:15:00Z,IT-Sicily,191.23,15
2026-05-28T19:15:00Z,IT-South,191.23,15
2026-05-28T19:15:00Z,LT,391.21,15
2026-05-28T19:15:00Z,LV,391.21,15
2026-05-28T19:15:00Z,NL,426.59,15
2026-05-28T19:15:00Z,NO1,121.30,15
2026-05-28T19:15:00Z,NO2,126.86,15
2026-05-28T19:15:00Z,NO3,38.31,15
2026-05-28T19:15:00Z,NO4,16.51,15
2026-05-28T19:15:00Z,NO5,100.35,15
2026-05-28T19:15:00Z,PL,413.79,15
2026-05-28T19:15:00Z,PT,160.51,15
2026-05-28T19:15:00Z,RO,368.22,15
2026-05-28T19:15:00Z,SE1,13.10,15
2026-05-28T19:15:00Z,SE2,14.92,15
2026-05-28T19:15:00Z,SE3,200.37,15
2026-05-28T19:15:00Z,SE4,406.14,15
2026-05-28T19:15:00Z,SI,367.25,15
2026-05-28T19:15:00Z,SK,395.60,15
2026-05-28T19:30:00Z,AT,317.53,15
2026-05-28T19:30:00Z,BE,351.53,15
2026-05-28T19:30:00Z,CZ,340.24,15
2026-05-28T19:30:00Z,DE-LU,361.81,15
2026-05-28T19:30:00Z,DK1,361.81,15
2026-05-28T19:30:00Z,DK2,355.25,15
2026-05-28T19:30:00Z,EE,62.23,15
2026-05-28T19:30:00Z,ES,168.53,15
2026-05-28T19:30:00Z,FI,62.16,15
2026-05-28T19:30:00Z,FR,172.50,15
2026-05-28T19:30:00Z,GR,130.00,15
2026-05-28T19:30:00Z,HR,311.59,15
2026-05-28T19:30:00Z,HU,333.00,15
2026-05-28T19:30:00Z,IT-CNorth,175.36,15
2026-05-28T19:30:00Z,IT-CSouth,175.36,15
2026-05-28T19:30:00Z,IT-North,175.36,15
2026-05-28T19:30:00Z,IT-Sardinia,175.36,15
2026-05-28T19:30:00Z,IT-Sicily,175.36,15
2026-05-28T19:30:00Z,IT-South,175.36,15
2026-05-28T19:30:00Z,LT,324.75,15
2026-05-28T19:30:00Z,LV,324.75,15
2026-05-28T19:30:00Z,NL,351.53,15
2026-05-28T19:30:00Z,NO1,121.21,15
2026-05-28T19:30:00Z,NO2,126.87,15
2026-05-28T19:30:00Z,NO3,39.98,15
2026-05-28T19:30:00Z,NO4,16.09,15
2026-05-28T19:30:00Z,NO5,100.34,15
2026-05-28T19:30:00Z,PL,345.00,15
2026-05-28T19:30:00Z,PT,172.50,15
2026-05-28T19:30:00Z,RO,280.13,15
2026-05-28T19:30:00Z,SE1,11.40,15
2026-05-28T19:30:00Z,SE2,13.00,15
2026-05-28T19:30:00Z,SE3,169.44,15
2026-05-28T19:30:00Z,SE4,335.42,15
2026-05-28T19:30:00Z,SI,311.59,15
2026-05-28T19:30:00Z,SK,336.24,15
2026-05-28T19:45:00Z,AT,214.59,15
2026-05-28T19:45:00Z,BE,230.02,15
2026-05-28T19:45:00Z,CZ,222.52,15
2026-05-28T19:45:00Z,DE-LU,233.26,15
2026-05-28T19:45:00Z,DK1,233.26,15
2026-05-28T19:45:00Z,DK2,229.05,15
2026-05-28T19:45:00Z,EE,51.97,15
2026-05-28T19:45:00Z,ES,152.31,15
2026-05-28T19:45:00Z,FI,51.91,15
2026-05-28T19:45:00Z,FR,157.87,15
2026-05-28T19:45:00Z,GR,134.09,15
2026-05-28T19:45:00Z,HR,206.22,15
2026-05-28T19:45:00Z,HU,222.52,15
2026-05-28T19:45:00Z,IT-CNorth,164.40,15
2026-05-28T19:45:00Z,IT-CSouth,164.40,15
2026-05-28T19:45:00Z,IT-North,164.40,15
2026-05-28T19:45:00Z,IT-Sardinia,164.40,15
2026-05-28T19:45:00Z,IT-Sicily,164.40,15
2026-05-28T19:45:00Z,IT-South,164.40,15
2026-05-28T19:45:00Z,LT,218.94,15
2026-05-28T19:45:00Z,LV,218.94,15
2026-05-28T19:45:00Z,NL,230.02,15
2026-05-28T19:45:00Z,NO1,121.01,15
2026-05-28T19:45:00Z,NO2,126.86,15
2026-05-28T19:45:00Z,NO3,43.40,15
2026-05-28T19:45:00Z,NO4,16.52,15
2026-05-28T19:45:00Z,NO5,100.27,15
2026-05-28T19:45:00Z,PL,226.22,15
2026-05-28T19:45:00Z,PT,157.87,15
2026-05-28T19:45:00Z,RO,189.89,15
2026-05-28T19:45:00Z,SE1,9.73,15
2026-05-28T19:45:00Z,SE2,11.96,15
2026-05-28T19:45:00Z,SE3,125.16,15
2026-05-28T19:45:00Z,SE4,222.69,15
2026-05-28T19:45:00Z,SI,210.93,15
2026-05-28T19:45:00Z,SK,222.52,15
2026-05-28T20:00:00Z,AT,285.74,15
2026-05-28T20:00:00Z,BE,300.91,15
2026-05-28T20:00:00Z,CH,186.57,60
2026-05-28T20:00:00Z,CZ,303.06,15
2026-05-28T20:00:00Z,DE-LU,321.71,15
2026-05-28T20:00:00Z,DK1,321.71,15
2026-05-28T20:00:00Z,DK2,315.89,15
2026-05-28T20:00:00Z,EE,98.16,15
2026-05-28T20:00:00Z,ES,166.11,15
2026-05-28T20:00:00Z,FI,98.03,15
2026-05-28T20:00:00Z,FR,170.12,15
2026-05-28T20:00:00Z,GR,139.63,15
2026-05-28T20:00:00Z,HR,285.18,15
2026-05-28T20:00:00Z,HU,293.11,15
2026-05-28T20:00:00Z,IT-CNorth,183.95,15
2026-05-28T20:00:00Z,IT-CSouth,183.95,15
2026-05-28T20:00:00Z,IT-North,183.95,15
2026-05-28T20:00:00Z,IT-Sardinia,183.95,15
2026-05-28T20:00:00Z,IT-Sicily,183.95,15
2026-05-28T20:00:00Z,IT-South,183.95,15
2026-05-28T20:00:00Z,LT,295.91,15
2026-05-28T20:00:00Z,LV,295.91,15
2026-05-28T20:00:00Z,NL,319.03,15
2026-05-28T20:00:00Z,NO1,123.52,15
2026-05-28T20:00:00Z,NO2,130.67,15
2026-05-28T20:00:00Z,NO3,41.24,15
2026-05-28T20:00:00Z,NO4,15.87,15
2026-05-28T20:00:00Z,NO5,100.18,15
2026-05-28T20:00:00Z,PL,307.31,15
2026-05-28T20:00:00Z,PT,170.12,15
2026-05-28T20:00:00Z,RO,291.67,15
2026-05-28T20:00:00Z,RS,170.03,15
2026-05-28T20:00:00Z,SE1,9.74,15
2026-05-28T20:00:00Z,SE2,15.96,15
2026-05-28T20:00:00Z,SE3,178.69,15
2026-05-28T20:00:00Z,SE4,303.70,15
2026-05-28T20:00:00Z,SI,283.27,15
2026-05-28T20:00:00Z,SK,298.82,15
2026-05-28T20:15:00Z,AT,197.67,15
2026-05-28T20:15:00Z,BE,203.66,15
2026-05-28T20:15:00Z,CZ,204.51,15
2026-05-28T20:15:00Z,DE-LU,211.88,15
2026-05-28T20:15:00Z,DK1,211.88,15
2026-05-28T20:15:00Z,DK2,208.06,15
2026-05-28T20:15:00Z,EE,47.12,15
2026-05-28T20:15:00Z,ES,146.27,15
2026-05-28T20:15:00Z,FI,47.07,15
2026-05-28T20:15:00Z,FR,151.98,15
2026-05-28T20:15:00Z,GR,138.22,15
2026-05-28T20:15:00Z,HR,197.45,15
2026-05-28T20:15:00Z,HU,200.58,15
2026-05-28T20:15:00Z,IT-CNorth,179.86,15
2026-05-28T20:15:00Z,IT-CSouth,179.86,15
2026-05-28T20:15:00Z,IT-North,179.86,15
2026-05-28T20:15:00Z,IT-Sardinia,179.86,15
2026-05-28T20:15:00Z,IT-Sicily,179.86,15
2026-05-28T20:15:00Z,IT-South,179.86,15
2026-05-28T20:15:00Z,LT,200.91,15
2026-05-28T20:15:00Z,LV,200.91,15
2026-05-28T20:15:00Z,NL,210.82,15
2026-05-28T20:15:00Z,NO1,120.86,15
2026-05-28T20:15:00Z,NO2,130.10,15
2026-05-28T20:15:00Z,NO3,42.62,15
2026-05-28T20:15:00Z,NO4,16.84,15
2026-05-28T20:15:00Z,NO5,95.00,15
2026-05-28T20:15:00Z,PL,206.19,15
2026-05-28T20:15:00Z,PT,151.98,15
2026-05-28T20:15:00Z,RO,200.01,15
2026-05-28T20:15:00Z,SE1,10.02,15
2026-05-28T20:15:00Z,SE2,11.87,15
2026-05-28T20:15:00Z,SE3,115.96,15
2026-05-28T20:15:00Z,SE4,203.59,15
2026-05-28T20:15:00Z,SI,196.69,15
2026-05-28T20:15:00Z,SK,202.83,15
2026-05-28T20:30:00Z,AT,167.98,15
2026-05-28T20:30:00Z,BE,169.31,15
2026-05-28T20:30:00Z,CZ,169.50,15
2026-05-28T20:30:00Z,DE-LU,171.13,15
2026-05-28T20:30:00Z,DK1,171.13,15
2026-05-28T20:30:00Z,DK2,171.13,15
2026-05-28T20:30:00Z,EE,20.04,15
2026-05-28T20:30:00Z,ES,154.09,15
2026-05-28T20:30:00Z,FI,20.03,15
2026-05-28T20:30:00Z,FR,157.87,15
2026-05-28T20:30:00Z,GR,138.31,15
2026-05-28T20:30:00Z,HR,167.94,15
2026-05-28T20:30:00Z,HU,168.63,15
2026-05-28T20:30:00Z,IT-CNorth,166.18,15
2026-05-28T20:30:00Z,IT-CSouth,166.18,15
2026-05-28T20:30:00Z,IT-North,166.18,15
2026-05-28T20:30:00Z,IT-Sardinia,166.18,15
2026-05-28T20:30:00Z,IT-Sicily,166.18,15
2026-05-28T20:30:00Z,IT-South,166.18,15
2026-05-28T20:30:00Z,LT,165.20,15
2026-05-28T20:30:00Z,LV,165.20,15
2026-05-28T20:30:00Z,NL,170.90,15
2026-05-28T20:30:00Z,NO1,120.75,15
2026-05-28T20:30:00Z,NO2,130.02,15
2026-05-28T20:30:00Z,NO3,43.37,15
2026-05-28T20:30:00Z,NO4,16.71,15
2026-05-28T20:30:00Z,PL,169.87,15
2026-05-28T20:30:00Z,PT,157.87,15
2026-05-28T20:30:00Z,RO,168.50,15
2026-05-28T20:30:00Z,SE1,9.54,15
2026-05-28T20:30:00Z,SE2,8.91,15
2026-05-28T20:30:00Z,SE3,88.25,15
2026-05-28T20:30:00Z,SE4,166.01,15
2026-05-28T20:30:00Z,SI,167.77,15
2026-05-28T20:30:00Z,SK,169.13,15
2026-05-28T20:45:00Z,AT,154.15,15
2026-05-28T20:45:00Z,BE,155.89,15
2026-05-28T20:45:00Z,CZ,156.14,15
2026-05-28T20:45:00Z,DE-LU,158.28,15
2026-05-28T20:45:00Z,DK1,158.28,15
2026-05-28T20:45:00Z,DK2,155.68,15
2026-05-28T20:45:00Z,EE,8.47,15
2026-05-28T20:45:00Z,ES,135.03,15
2026-05-28T20:45:00Z,FI,8.47,15
2026-05-28T20:45:00Z,FR,140.89,15
2026-05-28T20:45:00Z,GR,130.00,15
2026-05-28T20:45:00Z,HR,154.09,15
2026-05-28T20:45:00Z,HU,155.00,15
2026-05-28T20:45:00Z,IT-CNorth,153.87,15
2026-05-28T20:45:00Z,IT-CSouth,153.87,15
2026-05-28T20:45:00Z,IT-North,153.87,15
2026-05-28T20:45:00Z,IT-Sardinia,153.87,15
2026-05-28T20:45:00Z,IT-Sicily,153.87,15
2026-05-28T20:45:00Z,IT-South,153.87,15
2026-05-28T20:45:00Z,LT,153.95,15
2026-05-28T20:45:00Z,LV,153.95,15
2026-05-28T20:45:00Z,NL,157.97,15
2026-05-28T20:45:00Z,NO1,121.33,15
2026-05-28T20:45:00Z,NO2,130.05,15
2026-05-28T20:45:00Z,NO3,43.36,15
2026-05-28T20:45:00Z,NO4,15.70,15
2026-05-28T20:45:00Z,NO5,96.31,15
2026-05-28T20:45:00Z,PL,156.63,15
2026-05-28T20:45:00Z,PT,140.89,15
2026-05-28T20:45:00Z,RO,154.83,15
2026-05-28T20:45:00Z,SE1,8.23,15
2026-05-28T20:45:00Z,SE2,6.59,15
2026-05-28T20:45:00Z,SE3,78.01,15
2026-05-28T20:45:00Z,SE4,154.14,15
2026-05-28T20:45:00Z,SI,153.87,15
2026-05-28T20:45:00Z,SK,155.65,15
2026-05-28T21:00:00Z,AT,177.57,15
2026-05-28T21:00:00Z,BE,167.68,15
2026-05-28T21:00:00Z,CH,156.00,60
2026-05-28T21:00:00Z,CZ,176.19,15
2026-05-28T21:00:00Z,DE-LU,174.39,15
2026-05-28T21:00:00Z,DK1,174.39,15
2026-05-28T21:00:00Z,DK2,174.38,15
2026-05-28T21:00:00Z,EE,23.36,15
2026-05-28T21:00:00Z,ES,143.28,15
2026-05-28T21:00:00Z,FI,23.34,15
2026-05-28T21:00:00Z,FR,143.28,15
2026-05-28T21:00:00Z,GR,126.51,15
2026-05-28T21:00:00Z,HR,177.40,15
2026-05-28T21:00:00Z,HU,176.86,15
2026-05-28T21:00:00Z,IT-CNorth,149.90,15
2026-05-28T21:00:00Z,IT-CSouth,149.90,15
2026-05-28T21:00:00Z,IT-North,149.90,15
2026-05-28T21:00:00Z,IT-Sardinia,149.90,15
2026-05-28T21:00:00Z,IT-Sicily,149.90,15
2026-05-28T21:00:00Z,IT-South,149.90,15
2026-05-28T21:00:00Z,LT,167.17,15
2026-05-28T21:00:00Z,LV,167.17,15
2026-05-28T21:00:00Z,NL,170.94,15
2026-05-28T21:00:00Z,NO1,116.22,15
2026-05-28T21:00:00Z,NO2,124.68,15
2026-05-28T21:00:00Z,NO3,43.41,15
2026-05-28T21:00:00Z,NO4,16.78,15
2026-05-28T21:00:00Z,NO5,91.87,15
2026-05-28T21:00:00Z,PL,175.76,15
2026-05-28T21:00:00Z,PT,143.28,15
2026-05-28T21:00:00Z,RO,176.95,15
2026-05-28T21:00:00Z,RS,162.00,15
2026-05-28T21:00:00Z,SE1,9.98,15
2026-05-28T21:00:00Z,SE2,9.60,15
2026-05-28T21:00:00Z,SE3,90.97,15
2026-05-28T21:00:00Z,SE4,168.44,15
2026-05-28T21:00:00Z,SI,177.53,15
2026-05-28T21:00:00Z,SK,176.44,15
2026-05-28T21:15:00Z,AT,167.99,15
2026-05-28T21:15:00Z,BE,162.20,15
2026-05-28T21:15:00Z,CZ,166.89,15
2026-05-28T21:15:00Z,DE-LU,165.50,15
2026-05-28T21:15:00Z,DK1,165.50,15
2026-05-28T21:15:00Z,DK2,163.71,15
2026-05-28T21:15:00Z,EE,9.99,15
2026-05-28T21:15:00Z,ES,129.47,15
2026-05-28T21:15:00Z,FI,9.99,15
2026-05-28T21:15:00Z,FR,134.47,15
2026-05-28T21:15:00Z,GR,126.85,15
2026-05-28T21:15:00Z,HR,167.85,15
2026-05-28T21:15:00Z,HU,167.42,15
2026-05-28T21:15:00Z,IT-CNorth,147.28,15
2026-05-28T21:15:00Z,IT-CSouth,147.28,15
2026-05-28T21:15:00Z,IT-North,147.28,15
2026-05-28T21:15:00Z,IT-Sardinia,147.28,15
2026-05-28T21:15:00Z,IT-Sicily,147.28,15
2026-05-28T21:15:00Z,IT-South,147.28,15
2026-05-28T21:15:00Z,LT,158.80,15
2026-05-28T21:15:00Z,LV,158.80,15
2026-05-28T21:15:00Z,NL,163.10,15
2026-05-28T21:15:00Z,NO1,116.17,15
2026-05-28T21:15:00Z,NO2,124.54,15
2026-05-28T21:15:00Z,NO3,43.04,15
2026-05-28T21:15:00Z,NO4,15.99,15
2026-05-28T21:15:00Z,NO5,91.92,15
2026-05-28T21:15:00Z,PL,166.56,15
2026-05-28T21:15:00Z,PT,134.47,15
2026-05-28T21:15:00Z,RO,167.50,15
2026-05-28T21:15:00Z,SE1,9.14,15
2026-05-28T21:15:00Z,SE2,7.55,15
2026-05-28T21:15:00Z,SE3,80.66,15
2026-05-28T21:15:00Z,SE4,159.75,15
2026-05-28T21:15:00Z,SI,167.95,15
2026-05-28T21:15:00Z,SK,167.09,15
2026-05-28T21:30:00Z,AT,157.20,15
2026-05-28T21:30:00Z,BE,153.06,15
2026-05-28T21:30:00Z,CZ,156.41,15
2026-05-28T21:30:00Z,DE-LU,155.42,15
2026-05-28T21:30:00Z,DK1,155.42,15
2026-05-28T21:30:00Z,DK2,152.62,15
2026-05-28T21:30:00Z,EE,8.49,15
2026-05-28T21:30:00Z,ES,123.36,15
2026-05-28T21:30:00Z,FI,8.50,15
2026-05-28T21:30:00Z,FR,133.26,15
2026-05-28T21:30:00Z,GR,132.90,15
2026-05-28T21:30:00Z,HR,157.10,15
2026-05-28T21:30:00Z,HU,156.79,15
2026-05-28T21:30:00Z,IT-CNorth,138.00,15
2026-05-28T21:30:00Z,IT-CSouth,138.00,15
2026-05-28T21:30:00Z,IT-North,138.00,15
2026-05-28T21:30:00Z,IT-Sardinia,138.00,15
2026-05-28T21:30:00Z,IT-Sicily,138.00,15
2026-05-28T21:30:00Z,IT-South,138.00,15
2026-05-28T21:30:00Z,LT,150.27,15
2026-05-28T21:30:00Z,LV,150.27,15
2026-05-28T21:30:00Z,NL,153.70,15
2026-05-28T21:30:00Z,NO1,115.03,15
2026-05-28T21:30:00Z,NO2,123.09,15
2026-05-28T21:30:00Z,NO3,42.72,15
2026-05-28T21:30:00Z,NO4,15.53,15
2026-05-28T21:30:00Z,NO5,91.38,15
2026-05-28T21:30:00Z,PL,156.17,15
2026-05-28T21:30:00Z,PT,133.26,15
2026-05-28T21:30:00Z,RO,156.84,15
2026-05-28T21:30:00Z,SE1,8.54,15
2026-05-28T21:30:00Z,SE2,6.94,15
2026-05-28T21:30:00Z,SE3,76.56,15
2026-05-28T21:30:00Z,SE4,150.76,15
2026-05-28T21:30:00Z,SI,157.17,15
2026-05-28T21:30:00Z,SK,156.55,15
2026-05-28T21:45:00Z,AT,145.11,15
2026-05-28T21:45:00Z,BE,142.18,15
2026-05-28T21:45:00Z,CZ,144.57,15
2026-05-28T21:45:00Z,DE-LU,143.88,15
2026-05-28T21:45:00Z,DK1,143.88,15
2026-05-28T21:45:00Z,DK2,141.29,15
2026-05-28T21:45:00Z,EE,7.43,15
2026-05-28T21:45:00Z,ES,121.32,15
2026-05-28T21:45:00Z,FI,7.44,15
2026-05-28T21:45:00Z,FR,128.92,15
2026-05-28T21:45:00Z,GR,127.24,15
2026-05-28T21:45:00Z,HR,145.04,15
2026-05-28T21:45:00Z,HU,144.83,15
2026-05-28T21:45:00Z,IT-CNorth,130.84,15
2026-05-28T21:45:00Z,IT-CSouth,130.84,15
2026-05-28T21:45:00Z,IT-North,130.84,15
2026-05-28T21:45:00Z,IT-Sardinia,130.84,15
2026-05-28T21:45:00Z,IT-Sicily,130.84,15
2026-05-28T21:45:00Z,IT-South,130.84,15
2026-05-28T21:45:00Z,LT,140.42,15
2026-05-28T21:45:00Z,LV,140.42,15
2026-05-28T21:45:00Z,NL,142.69,15
2026-05-28T21:45:00Z,NO1,112.68,15
2026-05-28T21:45:00Z,NO2,120.25,15
2026-05-28T21:45:00Z,NO3,41.77,15
2026-05-28T21:45:00Z,NO4,14.58,15
2026-05-28T21:45:00Z,NO5,90.00,15
2026-05-28T21:45:00Z,PL,144.40,15
2026-05-28T21:45:00Z,PT,128.92,15
2026-05-28T21:45:00Z,RO,144.86,15
2026-05-28T21:45:00Z,SE1,7.48,15
2026-05-28T21:45:00Z,SE2,5.97,15
2026-05-28T21:45:00Z,SE3,72.07,15
2026-05-28T21:45:00Z,SE4,140.42,15
2026-05-28T21:45:00Z,SI,145.09,15
2026-05-28T21:45:00Z,SK,144.67,15
2026-05-28T22:00:00Z,AT,164.06,15
2026-05-28T22:00:00Z,BE,159.32,15
2026-05-28T22:00:00Z,CH,145.94,60
2026-05-28T22:00:00Z,CZ,163.25,15
2026-05-28T22:00:00Z,DE-LU,162.14,15
2026-05-28T22:00:00Z,DK1,162.14,15
2026-05-28T22:00:00Z,DK2,159.22,15
2026-05-28T22:00:00Z,EE,13.29,15
2026-05-28T22:00:00Z,ES,138.57,15
2026-05-28T22:00:00Z,FI,13.30,15
2026-05-28T22:00:00Z,FR,140.40,15
2026-05-28T22:00:00Z,GR,125.54,15
2026-05-28T22:00:00Z,HR,164.04,15
2026-05-28T22:00:00Z,HU,163.67,15
2026-05-28T22:00:00Z,IT-CNorth,164.11,15
2026-05-28T22:00:00Z,IT-CSouth,164.11,15
2026-05-28T22:00:00Z,IT-North,164.11,15
2026-05-28T22:00:00Z,IT-Sardinia,164.11,15
2026-05-28T22:00:00Z,IT-Sicily,164.11,15
2026-05-28T22:00:00Z,IT-South,164.11,15
2026-05-28T22:00:00Z,LT,58.07,15
2026-05-28T22:00:00Z,LV,58.07,15
2026-05-28T22:00:00Z,NL,159.82,15
2026-05-28T22:00:00Z,NO1,113.09,15
2026-05-28T22:00:00Z,NO2,124.30,15
2026-05-28T22:00:00Z,NO3,43.43,15
2026-05-28T22:00:00Z,NO4,19.42,15
2026-05-28T22:00:00Z,NO5,86.31,15
2026-05-28T22:00:00Z,PL,162.99,15
2026-05-28T22:00:00Z,PT,140.40,15
2026-05-28T22:00:00Z,RO,163.74,15
2026-05-28T22:00:00Z,RS,150.00,15
2026-05-28T22:00:00Z,SE1,13.23,15
2026-05-28T22:00:00Z,SE2,11.95,15
2026-05-28T22:00:00Z,SE3,72.23,15
2026-05-28T22:00:00Z,SE4,124.84,15
2026-05-28T22:00:00Z,SI,164.11,15
2026-05-28T22:00:00Z,SK,163.42,15
2026-05-28T22:15:00Z,AT,153.09,15
2026-05-28T22:15:00Z,BE,149.75,15
2026-05-28T22:15:00Z,CZ,152.52,15
2026-05-28T22:15:00Z,DE-LU,151.73,15
2026-05-28T22:15:00Z,DK1,151.73,15
2026-05-28T22:15:00Z,DK2,149.01,15
2026-05-28T22:15:00Z,EE,11.54,15
2026-05-28T22:15:00Z,ES,131.15,15
2026-05-28T22:15:00Z,FI,11.54,15
2026-05-28T22:15:00Z,FR,136.43,15
2026-05-28T22:15:00Z,GR,125.62,15
2026-05-28T22:15:00Z,HR,153.07,15
2026-05-28T22:15:00Z,HU,152.81,15
2026-05-28T22:15:00Z,IT-CNorth,157.36,15
2026-05-28T22:15:00Z,IT-CSouth,157.36,15
2026-05-28T22:15:00Z,IT-North,157.36,15
2026-05-28T22:15:00Z,IT-Sardinia,157.36,15
2026-05-28T22:15:00Z,IT-Sicily,157.36,15
2026-05-28T22:15:00Z,IT-South,157.36,15
2026-05-28T22:15:00Z,LT,40.00,15
2026-05-28T22:15:00Z,LV,40.00,15
2026-05-28T22:15:00Z,NL,150.10,15
2026-05-28T22:15:00Z,NO1,112.76,15
2026-05-28T22:15:00Z,NO2,123.74,15
2026-05-28T22:15:00Z,NO3,43.04,15
2026-05-28T22:15:00Z,NO4,18.16,15
2026-05-28T22:15:00Z,NO5,86.28,15
2026-05-28T22:15:00Z,PL,152.34,15
2026-05-28T22:15:00Z,PT,136.43,15
2026-05-28T22:15:00Z,RO,152.86,15
2026-05-28T22:15:00Z,SE1,11.48,15
2026-05-28T22:15:00Z,SE2,10.24,15
2026-05-28T22:15:00Z,SE3,73.72,15
2026-05-28T22:15:00Z,SE4,129.53,15
2026-05-28T22:15:00Z,SI,153.12,15
2026-05-28T22:15:00Z,SK,152.64,15
2026-05-28T22:30:00Z,AT,137.87,15
2026-05-28T22:30:00Z,BE,135.74,15
2026-05-28T22:30:00Z,CZ,137.51,15
2026-05-28T22:30:00Z,DE-LU,137.00,15
2026-05-28T22:30:00Z,DK1,137.00,15
2026-05-28T22:30:00Z,DK2,134.54,15
2026-05-28T22:30:00Z,EE,11.22,15
2026-05-28T22:30:00Z,ES,118.04,15
2026-05-28T22:30:00Z,FI,11.22,15
2026-05-28T22:30:00Z,FR,127.25,15
2026-05-28T22:30:00Z,GR,125.93,15
2026-05-28T22:30:00Z,HR,137.86,15
2026-05-28T22:30:00Z,HU,137.69,15
2026-05-28T22:30:00Z,IT-CNorth,156.77,15
2026-05-28T22:30:00Z,IT-CSouth,156.77,15
2026-05-28T22:30:00Z,IT-North,156.77,15
2026-05-28T22:30:00Z,IT-Sardinia,156.77,15
2026-05-28T22:30:00Z,IT-Sicily,156.77,15
2026-05-28T22:30:00Z,IT-South,156.77,15
2026-05-28T22:30:00Z,LT,26.90,15
2026-05-28T22:30:00Z,LV,26.90,15
2026-05-28T22:30:00Z,NL,135.96,15
2026-05-28T22:30:00Z,NO1,112.27,15
2026-05-28T22:30:00Z,NO2,122.98,15
2026-05-28T22:30:00Z,NO3,42.80,15
2026-05-28T22:30:00Z,NO4,17.86,15
2026-05-28T22:30:00Z,NO5,86.21,15
2026-05-28T22:30:00Z,PL,137.39,15
2026-05-28T22:30:00Z,PT,127.25,15
2026-05-28T22:30:00Z,RO,137.72,15
2026-05-28T22:30:00Z,SE1,11.16,15
2026-05-28T22:30:00Z,SE2,9.91,15
2026-05-28T22:30:00Z,SE3,73.29,15
2026-05-28T22:30:00Z,SE4,129.00,15
2026-05-28T22:30:00Z,SI,137.89,15
2026-05-28T22:30:00Z,SK,137.58,15
2026-05-28T22:45:00Z,AT,126.94,15
2026-05-28T22:45:00Z,BE,126.83,15
2026-05-28T22:45:00Z,CZ,126.92,15
2026-05-28T22:45:00Z,DE-LU,126.90,15
2026-05-28T22:45:00Z,DK1,126.90,15
2026-05-28T22:45:00Z,DK2,126.90,15
2026-05-28T22:45:00Z,EE,11.43,15
2026-05-28T22:45:00Z,ES,108.24,15
2026-05-28T22:45:00Z,FI,11.43,15
2026-05-28T22:45:00Z,FR,126.36,15
2026-05-28T22:45:00Z,GR,126.27,15
2026-05-28T22:45:00Z,HR,126.94,15
2026-05-28T22:45:00Z,HU,126.93,15
2026-05-28T22:45:00Z,IT-CNorth,154.30,15
2026-05-28T22:45:00Z,IT-CSouth,154.30,15
2026-05-28T22:45:00Z,IT-North,154.30,15
2026-05-28T22:45:00Z,IT-Sardinia,154.30,15
2026-05-28T22:45:00Z,IT-Sicily,154.30,15
2026-05-28T22:45:00Z,IT-South,154.30,15
2026-05-28T22:45:00Z,LT,11.43,15
2026-05-28T22:45:00Z,LV,11.43,15
2026-05-28T22:45:00Z,NL,126.84,15
2026-05-28T22:45:00Z,NO1,111.65,15
2026-05-28T22:45:00Z,NO2,122.17,15
2026-05-28T22:45:00Z,NO3,42.11,15
2026-05-28T22:45:00Z,NO4,17.68,15
2026-05-28T22:45:00Z,NO5,85.87,15
2026-05-28T22:45:00Z,PL,126.92,15
2026-05-28T22:45:00Z,PT,126.36,15
2026-05-28T22:45:00Z,RO,126.93,15
2026-05-28T22:45:00Z,SE1,11.36,15
2026-05-28T22:45:00Z,SE2,10.06,15
2026-05-28T22:45:00Z,SE3,70.70,15
2026-05-28T22:45:00Z,SE4,123.62,15
2026-05-28T22:45:00Z,SI,126.94,15
2026-05-28T22:45:00Z,SK,126.93,15
2026-05-28T23:00:00Z,AT,146.65,15
2026-05-28T23:00:00Z,BE,142.56,15
2026-05-28T23:00:00Z,CH,138.22,60
2026-05-28T23:00:00Z,CZ,145.95,15
2026-05-28T23:00:00Z,DE-LU,144.99,15
2026-05-28T23:00:00Z,DK1,144.99,15
2026-05-28T23:00:00Z,DK2,144.99,15
2026-05-28T23:00:00Z,EE,11.68,15
2026-05-28T23:00:00Z,ES,121.36,15
2026-05-28T23:00:00Z,FI,11.68,15
2026-05-28T23:00:00Z,GR,127.00,15
2026-05-28T23:00:00Z,HR,146.63,15
2026-05-28T23:00:00Z,HU,146.31,15
2026-05-28T23:00:00Z,IT-CNorth,146.69,15
2026-05-28T23:00:00Z,IT-CSouth,146.69,15
2026-05-28T23:00:00Z,IT-North,146.69,15
2026-05-28T23:00:00Z,IT-Sardinia,146.69,15
2026-05-28T23:00:00Z,IT-Sicily,146.69,15
2026-05-28T23:00:00Z,IT-South,146.69,15
2026-05-28T23:00:00Z,LT,40.00,15
2026-05-28T23:00:00Z,LV,40.00,15
2026-05-28T23:00:00Z,NL,143.01,15
2026-05-28T23:00:00Z,NO1,111.73,15
2026-05-28T23:00:00Z,NO2,122.12,15
2026-05-28T23:00:00Z,NO3,42.21,15
2026-05-28T23:00:00Z,NO4,17.93,15
2026-05-28T23:00:00Z,NO5,86.09,15
2026-05-28T23:00:00Z,PL,145.73,15
2026-05-28T23:00:00Z,RO,146.36,15
2026-05-28T23:00:00Z,RS,138.20,15
2026-05-28T23:00:00Z,SE1,11.62,15
2026-05-28T23:00:00Z,SE2,10.33,15
2026-05-28T23:00:00Z,SE3,70.66,15
2026-05-28T23:00:00Z,SE4,123.36,15
2026-05-28T23:00:00Z,SI,146.69,15
2026-05-28T23:00:00Z,SK,146.10,15
2026-05-28T23:15:00Z,AT,137.96,15
2026-05-28T23:15:00Z,BE,135.62,15
2026-05-28T23:15:00Z,CZ,137.56,15
2026-05-28T23:15:00Z,DE-LU,137.01,15
2026-05-28T23:15:00Z,DK1,137.01,15
2026-05-28T23:15:00Z,DK2,137.01,15
2026-05-28T23:15:00Z,EE,11.60,15
2026-05-28T23:15:00Z,ES,110.64,15
2026-05-28T23:15:00Z,FI,11.60,15
2026-05-28T23:15:00Z,HR,137.95,15
2026-05-28T23:15:00Z,HU,137.77,15
2026-05-28T23:15:00Z,IT-CNorth,145.38,15
2026-05-28T23:15:00Z,IT-CSouth,145.38,15
2026-05-28T23:15:00Z,IT-North,145.38,15
2026-05-28T23:15:00Z,IT-Sardinia,145.38,15
2026-05-28T23:15:00Z,IT-Sicily,145.38,15
2026-05-28T23:15:00Z,IT-South,145.38,15
2026-05-28T23:15:00Z,LT,28.29,15
2026-05-28T23:15:00Z,LV,28.29,15
2026-05-28T23:15:00Z,NL,135.88,15
2026-05-28T23:15:00Z,NO1,111.75,15
2026-05-28T23:15:00Z,NO2,122.13,15
2026-05-28T23:15:00Z,NO3,42.18,15
2026-05-28T23:15:00Z,NO4,17.86,15
2026-05-28T23:15:00Z,NO5,86.12,15
2026-05-28T23:15:00Z,PL,137.43,15
2026-05-28T23:15:00Z,RO,137.80,15
2026-05-28T23:15:00Z,SE1,11.54,15
2026-05-28T23:15:00Z,SE2,10.25,15
2026-05-28T23:15:00Z,SE3,70.64,15
2026-05-28T23:15:00Z,SE4,123.39,15
2026-05-28T23:15:00Z,SI,137.98,15
2026-05-28T23:15:00Z,SK,137.64,15
2026-05-28T23:30:00Z,AT,130.07,15
2026-05-28T23:30:00Z,BE,129.32,15
2026-05-28T23:30:00Z,CZ,129.94,15
2026-05-28T23:30:00Z,DE-LU,129.76,15
2026-05-28T23:30:00Z,DK1,129.76,15
2026-05-28T23:30:00Z,DK2,129.76,15
2026-05-28T23:30:00Z,EE,11.54,15
2026-05-28T23:30:00Z,ES,112.11,15
2026-05-28T23:30:00Z,FI,11.55,15
2026-05-28T23:30:00Z,GR,126.21,15
2026-05-28T23:30:00Z,HR,130.07,15
2026-05-28T23:30:00Z,HU,130.01,15
2026-05-28T23:30:00Z,IT-CNorth,139.48,15
2026-05-28T23:30:00Z,IT-CSouth,139.48,15
2026-05-28T23:30:00Z,IT-North,139.48,15
2026-05-28T23:30:00Z,IT-Sardinia,139.48,15
2026-05-28T23:30:00Z,IT-Sicily,139.48,15
2026-05-28T23:30:00Z,IT-South,139.48,15
2026-05-28T23:30:00Z,LT,26.91,15
2026-05-28T23:30:00Z,LV,26.91,15
2026-05-28T23:30:00Z,NL,129.40,15
2026-05-28T23:30:00Z,NO1,111.71,15
2026-05-28T23:30:00Z,NO2,122.11,15
2026-05-28T23:30:00Z,NO3,42.11,15
2026-05-28T23:30:00Z,NO4,17.81,15
2026-05-28T23:30:00Z,NO5,86.04,15
2026-05-28T23:30:00Z,PL,129.90,15
2026-05-28T23:30:00Z,RO,130.02,15
2026-05-28T23:30:00Z,SE1,11.48,15
2026-05-28T23:30:00Z,SE2,10.19,15
2026-05-28T23:30:00Z,SE3,70.59,15
2026-05-28T23:30:00Z,SE4,123.35,15
2026-05-28T23:30:00Z,SI,130.08,15
2026-05-28T23:30:00Z,SK,129.97,15
2026-05-28T23:45:00Z,AT,123.95,15
2026-05-28T23:45:00Z,BE,123.93,15
2026-05-28T23:45:00Z,CZ,123.95,15
2026-05-28T23:45:00Z,DE-LU,123.95,15
2026-05-28T23:45:00Z,DK1,123.95,15
2026-05-28T23:45:00Z,DK2,121.84,15
2026-05-28T23:45:00Z,EE,11.60,15
2026-05-28T23:45:00Z,ES,111.93,15
2026-05-28T23:45:00Z,FI,11.61,15
2026-05-28T23:45:00Z,FR,123.86,15
2026-05-28T23:45:00Z,GR,123.95,15
2026-05-28T23:45:00Z,HR,123.95,15
2026-05-28T23:45:00Z,HU,123.95,15
2026-05-28T23:45:00Z,IT-CNorth,135.65,15
2026-05-28T23:45:00Z,IT-CSouth,135.65,15
2026-05-28T23:45:00Z,IT-North,135.65,15
2026-05-28T23:45:00Z,IT-Sardinia,135.65,15
2026-05-28T23:45:00Z,IT-Sicily,135.65,15
2026-05-28T23:45:00Z,IT-South,135.65,15
2026-05-28T23:45:00Z,LT,40.01,15
2026-05-28T23:45:00Z,LV,40.01,15
2026-05-28T23:45:00Z,NL,123.94,15
2026-05-28T23:45:00Z,NO1,109.69,15
2026-05-28T23:45:00Z,NO2,119.38,15
2026-05-28T23:45:00Z,NO3,41.71,15
2026-05-28T23:45:00Z,NO4,17.75,15
2026-05-28T23:45:00Z,NO5,85.27,15
2026-05-28T23:45:00Z,PL,123.95,15
2026-05-28T23:45:00Z,PT,123.86,15
2026-05-28T23:45:00Z,RO,123.95,15
2026-05-28T23:45:00Z,SE1,11.54,15
2026-05-28T23:45:00Z,SE2,10.26,15
2026-05-28T23:45:00Z,SE3,69.14,15
2026-05-28T23:45:00Z,SE4,120.52,15
2026-05-28T23:45:00Z,SI,123.95,15
2026-05-28T23:45:00Z,SK,123.95,15
