timestamp_utc,zone,price_eur_mwh,resolution_min
2026-09-21T00:00:00Z,AT,79.43,15
2026-09-21T00:00:00Z,BE,200.00,15
2026-09-21T00:00:00Z,CH,170.81,60
2026-09-21T00:00:00Z,CZ,53.70,15
2026-09-21T00:00:00Z,DE-LU,41.33,15
2026-09-21T00:00:00Z,DK1,8.30,15
2026-09-21T00:00:00Z,DK2,8.54,15
2026-09-21T00:00:00Z,EE,8.54,15
2026-09-21T00:00:00Z,ES,180.27,15
2026-09-21T00:00:00Z,FI,8.54,15
2026-09-21T00:00:00Z,FR,150.90,15
2026-09-21T00:00:00Z,GR,212.17,15
2026-09-21T00:00:00Z,HR,139.95,15
2026-09-21T00:00:00Z,HU,234.73,15
2026-09-21T00:00:00Z,IT-CNorth,209.57,15
2026-09-21T00:00:00Z,IT-CSouth,209.57,15
2026-09-21T00:00:00Z,IT-North,209.57,15
2026-09-21T00:00:00Z,IT-Sardinia,209.57,15
2026-09-21T00:00:00Z,IT-Sicily,326.30,15
2026-09-21T00:00:00Z,IT-South,209.57,15
2026-09-21T00:00:00Z,LT,8.54,15
2026-09-21T00:00:00Z,LV,8.54,15
2026-09-21T00:00:00Z,NO1,8.54,15
2026-09-21T00:00:00Z,NO2,8.54,15
2026-09-21T00:00:00Z,NO3,8.54,15
2026-09-21T00:00:00Z,NO4,8.54,15
2026-09-21T00:00:00Z,NO5,8.54,15
2026-09-21T00:00:00Z,PL,53.30,15
2026-09-21T00:00:00Z,PT,183.56,15
2026-09-21T00:00:00Z,RO,222.10,15
2026-09-21T00:00:00Z,RS,129.94,15
2026-09-21T00:00:00Z,SE1,8.54,15
2026-09-21T00:00:00Z,SE2,8.54,15
2026-09-21T00:00:00Z,SE3,8.54,15
2026-09-21T00:00:00Z,SE4,8.54,15
2026-09-21T00:00:00Z,SI,115.90,15
2026-09-21T00:00:00Z,SK,75.62,15
2026-09-21T00:15:00Z,AT,72.65,15
2026-09-21T00:15:00Z,BE,178.07,15
2026-09-21T00:15:00Z,CZ,47.03,15
2026-09-21T00:15:00Z,DE-LU,37.85,15
2026-09-21T00:15:00Z,DK1,7.51,15
2026-09-21T00:15:00Z,DK2,7.73,15
2026-09-21T00:15:00Z,EE,7.73,15
2026-09-21T00:15:00Z,ES,175.77,15
2026-09-21T00:15:00Z,FI,7.73,15
2026-09-21T00:15:00Z,FR,135.56,15
2026-09-21T00:15:00Z,HR,135.71,15
2026-09-21T00:15:00Z,HU,236.03,15
2026-09-21T00:15:00Z,IT-CNorth,217.04,15
2026-09-21T00:15:00Z,IT-CSouth,217.04,15
2026-09-21T00:15:00Z,IT-North,217.04,15
2026-09-21T00:15:00Z,IT-Sardinia,217.04,15
2026-09-21T00:15:00Z,IT-Sicily,309.20,15
2026-09-21T00:15:00Z,IT-South,217.04,15
2026-09-21T00:15:00Z,LT,7.73,15
2026-09-21T00:15:00Z,LV,7.73,15
2026-09-21T00:15:00Z,NL,163.09,15
2026-09-21T00:15:00Z,NO1,7.73,15
2026-09-21T00:15:00Z,NO2,7.73,15
2026-09-21T00:15:00Z,NO3,7.73,15
2026-09-21T00:15:00Z,NO4,7.73,15
2026-09-21T00:15:00Z,NO5,7.73,15
2026-09-21T00:15:00Z,PL,47.60,15
2026-09-21T00:15:00Z,PT,176.07,15
2026-09-21T00:15:00Z,RO,222.64,15
2026-09-21T00:15:00Z,SE1,7.73,15
2026-09-21T00:15:00Z,SE2,7.73,15
2026-09-21T00:15:00Z,SE3,7.73,15
2026-09-21T00:15:00Z,SE4,7.73,15
2026-09-21T00:15:00Z,SI,110.28,15
2026-09-21T00:15:00Z,SK,69.91,15
2026-09-21T00:30:00Z,AT,71.38,15
2026-09-21T00:30:00Z,BE,170.10,15
2026-09-21T00:30:00Z,CZ,46.10,15
2026-09-21T00:30:00Z,DE-LU,38.38,15
2026-09-21T00:30:00Z,DK1,9.70,15
2026-09-21T00:30:00Z,DK2,9.99,15
2026-09-21T00:30:00Z,EE,9.99,15
2026-09-21T00:30:00Z,ES,175.60,15
2026-09-21T00:30:00Z,FI,9.99,15
2026-09-21T00:30:00Z,FR,130.40,15
2026-09-21T00:30:00Z,HR,134.81,15
2026-09-21T00:30:00Z,HU,236.30,15
2026-09-21T00:30:00Z,IT-CNorth,211.00,15
2026-09-21T00:30:00Z,IT-CSouth,211.00,15
2026-09-21T00:30:00Z,IT-North,211.00,15
2026-09-21T00:30:00Z,IT-Sardinia,211.00,15
2026-09-21T00:30:00Z,IT-Sicily,231.00,15
2026-09-21T00:30:00Z,IT-South,211.00,15
2026-09-21T00:30:00Z,LT,9.99,15
2026-09-21T00:30:00Z,LV,9.99,15
2026-09-21T00:30:00Z,NL,157.60,15
2026-09-21T00:30:00Z,NO1,9.99,15
2026-09-21T00:30:00Z,NO2,9.99,15
2026-09-21T00:30:00Z,NO3,9.99,15
2026-09-21T00:30:00Z,NO4,9.99,15
2026-09-21T00:30:00Z,NO5,9.99,15
2026-09-21T00:30:00Z,PL,47.09,15
2026-09-21T00:30:00Z,PT,175.90,15
2026-09-21T00:30:00Z,RO,222.75,15
2026-09-21T00:30:00Z,SE1,9.99,15
2026-09-21T00:30:00Z,SE2,9.99,15
2026-09-21T00:30:00Z,SE3,9.99,15
2026-09-21T00:30:00Z,SE4,9.99,15
2026-09-21T00:30:00Z,SI,109.09,15
2026-09-21T00:30:00Z,SK,69.13,15
2026-09-21T00:45:00Z,AT,74.70,15
2026-09-21T00:45:00Z,BE,183.13,15
2026-09-21T00:45:00Z,CZ,49.52,15
2026-09-21T00:45:00Z,DE-LU,39.82,15
2026-09-21T00:45:00Z,DK1,9.82,15
2026-09-21T00:45:00Z,DK2,10.00,15
2026-09-21T00:45:00Z,EE,10.00,15
2026-09-21T00:45:00Z,ES,175.40,15
2026-09-21T00:45:00Z,FI,10.00,15
2026-09-21T00:45:00Z,FR,139.13,15
2026-09-21T00:45:00Z,GR,210.17,15
2026-09-21T00:45:00Z,HR,136.07,15
2026-09-21T00:45:00Z,HU,233.30,15
2026-09-21T00:45:00Z,IT-CNorth,209.07,15
2026-09-21T00:45:00Z,IT-CSouth,209.07,15
2026-09-21T00:45:00Z,IT-North,209.07,15
2026-09-21T00:45:00Z,IT-Sardinia,209.07,15
2026-09-21T00:45:00Z,IT-South,209.07,15
2026-09-21T00:45:00Z,LT,10.00,15
2026-09-21T00:45:00Z,LV,10.00,15
2026-09-21T00:45:00Z,NL,157.61,15
2026-09-21T00:45:00Z,NO1,10.00,15
2026-09-21T00:45:00Z,NO2,10.00,15
2026-09-21T00:45:00Z,NO3,10.00,15
2026-09-21T00:45:00Z,NO4,10.00,15
2026-09-21T00:45:00Z,NO5,10.00,15
2026-09-21T00:45:00Z,PL,49.90,15
2026-09-21T00:45:00Z,RO,220.33,15
2026-09-21T00:45:00Z,SE1,10.00,15
2026-09-21T00:45:00Z,SE2,10.00,15
2026-09-21T00:45:00Z,SE3,10.00,15
2026-09-21T00:45:00Z,SE4,10.00,15
2026-09-21T00:45:00Z,SI,111.42,15
2026-09-21T00:45:00Z,SK,71.79,15
2026-09-21T01:00:00Z,AT,75.47,15
2026-09-21T01:00:00Z,BE,182.74,15
2026-09-21T01:00:00Z,CH,160.00,60
2026-09-21T01:00:00Z,CZ,50.35,15
2026-09-21T01:00:00Z,DE-LU,40.85,15
2026-09-21T01:00:00Z,DK1,9.41,15
2026-09-21T01:00:00Z,DK2,9.79,15
2026-09-21T01:00:00Z,EE,9.79,15
2026-09-21T01:00:00Z,ES,174.99,15
2026-09-21T01:00:00Z,FI,9.79,15
2026-09-21T01:00:00Z,FR,139.24,15
2026-09-21T01:00:00Z,HR,136.63,15
2026-09-21T01:00:00Z,HU,233.22,15
2026-09-21T01:00:00Z,IT-CNorth,202.57,15
2026-09-21T01:00:00Z,IT-CSouth,202.57,15
2026-09-21T01:00:00Z,IT-North,202.57,15
2026-09-21T01:00:00Z,IT-Sardinia,202.57,15
2026-09-21T01:00:00Z,IT-Sicily,301.66,15
2026-09-21T01:00:00Z,IT-South,202.57,15
2026-09-21T01:00:00Z,LT,9.79,15
2026-09-21T01:00:00Z,LV,9.79,15
2026-09-21T01:00:00Z,NL,170.10,15
2026-09-21T01:00:00Z,NO1,9.79,15
2026-09-21T01:00:00Z,NO2,9.79,15
2026-09-21T01:00:00Z,NO3,9.79,15
2026-09-21T01:00:00Z,NO4,9.79,15
2026-09-21T01:00:00Z,NO5,9.79,15
2026-09-21T01:00:00Z,PL,50.61,15
2026-09-21T01:00:00Z,PT,175.00,15
2026-09-21T01:00:00Z,RO,220.36,15
2026-09-21T01:00:00Z,RS,105.05,15
2026-09-21T01:00:00Z,SE1,9.79,15
2026-09-21T01:00:00Z,SE2,9.79,15
2026-09-21T01:00:00Z,SE3,9.79,15
2026-09-21T01:00:00Z,SE4,9.79,15
2026-09-21T01:00:00Z,SI,112.00,15
2026-09-21T01:00:00Z,SK,72.38,15
2026-09-21T01:15:00Z,AT,76.35,15
2026-09-21T01:15:00Z,BE,189.83,15
2026-09-21T01:15:00Z,CZ,51.00,15
2026-09-21T01:15:00Z,DE-LU,41.02,15
2026-09-21T01:15:00Z,DK1,9.71,15
2026-09-21T01:15:00Z,DK2,10.00,15
2026-09-21T01:15:00Z,EE,10.00,15
2026-09-21T01:15:00Z,ES,175.01,15
2026-09-21T01:15:00Z,FI,10.00,15
2026-09-21T01:15:00Z,FR,143.39,15
2026-09-21T01:15:00Z,GR,211.17,15
2026-09-21T01:15:00Z,HR,137.68,15
2026-09-21T01:15:00Z,HU,234.21,15
2026-09-21T01:15:00Z,IT-CNorth,214.74,15
2026-09-21T01:15:00Z,IT-CSouth,214.74,15
2026-09-21T01:15:00Z,IT-North,214.74,15
2026-09-21T01:15:00Z,IT-Sardinia,214.74,15
2026-09-21T01:15:00Z,IT-Sicily,253.94,15
2026-09-21T01:15:00Z,IT-South,214.74,15
2026-09-21T01:15:00Z,LT,10.00,15
2026-09-21T01:15:00Z,LV,10.00,15
2026-09-21T01:15:00Z,NL,160.00,15
2026-09-21T01:15:00Z,NO1,10.00,15
2026-09-21T01:15:00Z,NO2,10.00,15
2026-09-21T01:15:00Z,NO3,10.00,15
2026-09-21T01:15:00Z,NO4,10.00,15
2026-09-21T01:15:00Z,NO5,10.00,15
2026-09-21T01:15:00Z,PL,51.18,15
2026-09-21T01:15:00Z,RO,221.36,15
2026-09-21T01:15:00Z,SE1,10.00,15
2026-09-21T01:15:00Z,SE2,10.00,15
2026-09-21T01:15:00Z,SE3,10.00,15
2026-09-21T01:15:00Z,SE4,10.00,15
2026-09-21T01:15:00Z,SI,113.06,15
2026-09-21T01:15:00Z,SK,73.10,15
2026-09-21T01:30:00Z,AT,73.46,15
2026-09-21T01:30:00Z,BE,178.99,15
2026-09-21T01:30:00Z,CZ,48.27,15
2026-09-21T01:30:00Z,DE-LU,39.90,15
2026-09-21T01:30:00Z,DK1,10.10,15
2026-09-21T01:30:00Z,DK2,10.40,15
2026-09-21T01:30:00Z,EE,10.40,15
2026-09-21T01:30:00Z,ES,174.17,15
2026-09-21T01:30:00Z,FI,10.40,15
2026-09-21T01:30:00Z,FR,136.01,15
2026-09-21T01:30:00Z,HR,135.85,15
2026-09-21T01:30:00Z,HU,234.77,15
2026-09-21T01:30:00Z,IT-CNorth,210.00,15
2026-09-21T01:30:00Z,IT-CSouth,210.00,15
2026-09-21T01:30:00Z,IT-North,210.00,15
2026-09-21T01:30:00Z,IT-Sardinia,210.00,15
2026-09-21T01:30:00Z,IT-Sicily,231.00,15
2026-09-21T01:30:00Z,IT-South,210.00,15
2026-09-21T01:30:00Z,LT,10.40,15
2026-09-21T01:30:00Z,LV,10.40,15
2026-09-21T01:30:00Z,NL,156.30,15
2026-09-21T01:30:00Z,NO1,10.40,15
2026-09-21T01:30:00Z,NO2,10.40,15
2026-09-21T01:30:00Z,NO3,10.40,15
2026-09-21T01:30:00Z,NO4,10.40,15
2026-09-21T01:30:00Z,NO5,10.40,15
2026-09-21T01:30:00Z,PL,48.95,15
2026-09-21T01:30:00Z,PT,174.16,15
2026-09-21T01:30:00Z,RO,221.59,15
2026-09-21T01:30:00Z,SE1,10.40,15
2026-09-21T01:30:00Z,SE2,10.40,15
2026-09-21T01:30:00Z,SE3,10.40,15
2026-09-21T01:30:00Z,SE4,10.40,15
2026-09-21T01:30:00Z,SI,110.62,15
2026-09-21T01:30:00Z,SK,70.76,15
2026-09-21T01:45:00Z,AT,68.19,15
2026-09-21T01:45:00Z,BE,155.89,15
2026-09-21T01:45:00Z,CZ,43.21,15
2026-09-21T01:45:00Z,DE-LU,37.99,15
2026-09-21T01:45:00Z,DK1,10.51,15
2026-09-21T01:45:00Z,DK2,10.82,15
2026-09-21T01:45:00Z,EE,10.82,15
2026-09-21T01:45:00Z,ES,174.15,15
2026-09-21T01:45:00Z,FI,10.82,15
2026-09-21T01:45:00Z,FR,120.87,15
2026-09-21T01:45:00Z,GR,212.17,15
2026-09-21T01:45:00Z,HR,132.87,15
2026-09-21T01:45:00Z,HU,237.00,15
2026-09-21T01:45:00Z,IT-CNorth,217.37,15
2026-09-21T01:45:00Z,IT-CSouth,217.37,15
2026-09-21T01:45:00Z,IT-North,217.37,15
2026-09-21T01:45:00Z,IT-Sardinia,217.37,15
2026-09-21T01:45:00Z,IT-South,217.37,15
2026-09-21T01:45:00Z,LT,10.82,15
2026-09-21T01:45:00Z,LV,10.82,15
2026-09-21T01:45:00Z,NL,158.50,15
2026-09-21T01:45:00Z,NO1,10.82,15
2026-09-21T01:45:00Z,NO2,10.82,15
2026-09-21T01:45:00Z,NO3,10.82,15
2026-09-21T01:45:00Z,NO4,10.82,15
2026-09-21T01:45:00Z,NO5,10.82,15
2026-09-21T01:45:00Z,PL,44.83,15
2026-09-21T01:45:00Z,RO,223.10,15
2026-09-21T01:45:00Z,SE1,10.82,15
2026-09-21T01:45:00Z,SE2,10.82,15
2026-09-21T01:45:00Z,SE3,10.82,15
2026-09-21T01:45:00Z,SE4,10.82,15
2026-09-21T01:45:00Z,SI,106.34,15
2026-09-21T01:45:00Z,SK,66.55,15
2026-09-21T02:00:00Z,AT,71.25,15
2026-09-21T02:00:00Z,BE,172.00,15
2026-09-21T02:00:00Z,CH,164.41,60
2026-09-21T02:00:00Z,CZ,45.43,15
2026-09-21T02:00:00Z,DE-LU,37.53,15
2026-09-21T02:00:00Z,DK1,7.87,15
2026-09-21T02:00:00Z,DK2,8.10,15
2026-09-21T02:00:00Z,EE,8.10,15
2026-09-21T02:00:00Z,ES,173.66,15
2026-09-21T02:00:00Z,FI,8.10,15
2026-09-21T02:00:00Z,FR,131.59,15
2026-09-21T02:00:00Z,GR,215.17,15
2026-09-21T02:00:00Z,HR,136.10,15
2026-09-21T02:00:00Z,HU,239.81,15
2026-09-21T02:00:00Z,IT-CNorth,217.01,15
2026-09-21T02:00:00Z,IT-CSouth,217.01,15
2026-09-21T02:00:00Z,IT-North,217.01,15
2026-09-21T02:00:00Z,IT-Sardinia,217.01,15
2026-09-21T02:00:00Z,IT-South,217.01,15
2026-09-21T02:00:00Z,LT,8.10,15
2026-09-21T02:00:00Z,LV,8.10,15
2026-09-21T02:00:00Z,NL,163.62,15
2026-09-21T02:00:00Z,NO1,8.10,15
2026-09-21T02:00:00Z,NO2,8.10,15
2026-09-21T02:00:00Z,NO3,8.10,15
2026-09-21T02:00:00Z,NO4,8.10,15
2026-09-21T02:00:00Z,NO5,8.10,15
2026-09-21T02:00:00Z,PL,46.93,15
2026-09-21T02:00:00Z,RO,225.92,15
2026-09-21T02:00:00Z,RS,132.44,15
2026-09-21T02:00:00Z,SE1,8.10,15
2026-09-21T02:00:00Z,SE2,8.10,15
2026-09-21T02:00:00Z,SE3,8.10,15
2026-09-21T02:00:00Z,SE4,8.10,15
2026-09-21T02:00:00Z,SI,109.81,15
2026-09-21T02:00:00Z,SK,69.08,15
2026-09-21T02:15:00Z,AT,73.04,15
2026-09-21T02:15:00Z,BE,175.46,15
2026-09-21T02:15:00Z,CZ,47.40,15
2026-09-21T02:15:00Z,DE-LU,39.24,15
2026-09-21T02:15:00Z,DK1,9.71,15
2026-09-21T02:15:00Z,DK2,10.00,15
2026-09-21T02:15:00Z,EE,10.00,15
2026-09-21T02:15:00Z,FI,10.00,15
2026-09-21T02:15:00Z,FR,134.24,15
2026-09-21T02:15:00Z,HR,137.14,15
2026-09-21T02:15:00Z,HU,239.49,15
2026-09-21T02:15:00Z,IT-CNorth,213.41,15
2026-09-21T02:15:00Z,IT-CSouth,213.41,15
2026-09-21T02:15:00Z,IT-North,213.41,15
2026-09-21T02:15:00Z,IT-Sardinia,213.41,15
2026-09-21T02:15:00Z,IT-Sicily,243.94,15
2026-09-21T02:15:00Z,IT-South,213.41,15
2026-09-21T02:15:00Z,LT,10.00,15
2026-09-21T02:15:00Z,LV,10.00,15
2026-09-21T02:15:00Z,NL,161.68,15
2026-09-21T02:15:00Z,NO1,10.00,15
2026-09-21T02:15:00Z,NO2,10.00,15
2026-09-21T02:15:00Z,NO3,10.00,15
2026-09-21T02:15:00Z,NO4,10.00,15
2026-09-21T02:15:00Z,NO5,10.00,15
2026-09-21T02:15:00Z,PL,48.80,15
2026-09-21T02:15:00Z,RO,225.78,15
2026-09-21T02:15:00Z,SE1,10.00,15
2026-09-21T02:15:00Z,SE2,10.00,15
2026-09-21T02:15:00Z,SE3,10.00,15
2026-09-21T02:15:00Z,SE4,10.00,15
2026-09-21T02:15:00Z,SI,111.20,15
2026-09-21T02:15:00Z,SK,70.78,15
2026-09-21T02:30:00Z,AT,76.86,15
2026-09-21T02:30:00Z,BE,179.60,15
2026-09-21T02:30:00Z,CZ,51.57,15
2026-09-21T02:30:00Z,DE-LU,43.76,15
2026-09-21T02:30:00Z,DK1,15.41,15
2026-09-21T02:30:00Z,DK2,16.22,15
2026-09-21T02:30:00Z,EE,16.22,15
2026-09-21T02:30:00Z,ES,173.79,15
2026-09-21T02:30:00Z,FI,16.22,15
2026-09-21T02:30:00Z,FR,137.99,15
2026-09-21T02:30:00Z,GR,217.45,15
2026-09-21T02:30:00Z,HR,140.28,15
2026-09-21T02:30:00Z,HU,241.50,15
2026-09-21T02:30:00Z,IT-CNorth,217.62,15
2026-09-21T02:30:00Z,IT-CSouth,217.62,15
2026-09-21T02:30:00Z,IT-North,217.62,15
2026-09-21T02:30:00Z,IT-Sardinia,217.62,15
2026-09-21T02:30:00Z,IT-Sicily,273.96,15
2026-09-21T02:30:00Z,IT-South,217.62,15
2026-09-21T02:30:00Z,LT,16.22,15
2026-09-21T02:30:00Z,LV,16.22,15
2026-09-21T02:30:00Z,NL,154.70,15
2026-09-21T02:30:00Z,NO1,16.22,15
2026-09-21T02:30:00Z,NO2,16.22,15
2026-09-21T02:30:00Z,NO3,16.22,15
2026-09-21T02:30:00Z,NO4,16.22,15
2026-09-21T02:30:00Z,NO5,16.22,15
2026-09-21T02:30:00Z,PL,53.06,15
2026-09-21T02:30:00Z,PT,174.29,15
2026-09-21T02:30:00Z,RO,227.95,15
2026-09-21T02:30:00Z,SE1,16.22,15
2026-09-21T02:30:00Z,SE2,16.22,15
2026-09-21T02:30:00Z,SE3,16.22,15
2026-09-21T02:30:00Z,SE4,16.22,15
2026-09-21T02:30:00Z,SI,114.61,15
2026-09-21T02:30:00Z,SK,74.72,15
2026-09-21T02:45:00Z,AT,77.18,15
2026-09-21T02:45:00Z,BE,164.48,15
2026-09-21T02:45:00Z,CZ,52.48,15
2026-09-21T02:45:00Z,DE-LU,47.20,15
2026-09-21T02:45:00Z,DK1,21.03,15
2026-09-21T02:45:00Z,DK2,21.53,15
2026-09-21T02:45:00Z,EE,52.39,15
2026-09-21T02:45:00Z,ES,172.00,15
2026-09-21T02:45:00Z,FI,52.36,15
2026-09-21T02:45:00Z,FR,129.67,15
2026-09-21T02:45:00Z,GR,220.17,15
2026-09-21T02:45:00Z,HR,141.26,15
2026-09-21T02:45:00Z,HU,244.74,15
2026-09-21T02:45:00Z,IT-CNorth,219.92,15
2026-09-21T02:45:00Z,IT-CSouth,219.92,15
2026-09-21T02:45:00Z,IT-North,219.92,15
2026-09-21T02:45:00Z,IT-Sardinia,219.92,15
2026-09-21T02:45:00Z,IT-Sicily,268.70,15
2026-09-21T02:45:00Z,IT-South,219.92,15
2026-09-21T02:45:00Z,LT,52.39,15
2026-09-21T02:45:00Z,LV,52.39,15
2026-09-21T02:45:00Z,NL,160.00,15
2026-09-21T02:45:00Z,NO1,21.56,15
2026-09-21T02:45:00Z,NO2,21.56,15
2026-09-21T02:45:00Z,NO3,21.61,15
2026-09-21T02:45:00Z,NO4,22.01,15
2026-09-21T02:45:00Z,NO5,21.56,15
2026-09-21T02:45:00Z,PL,54.65,15
2026-09-21T02:45:00Z,PT,175.00,15
2026-09-21T02:45:00Z,RO,230.87,15
2026-09-21T02:45:00Z,SE1,21.48,15
2026-09-21T02:45:00Z,SE2,21.51,15
2026-09-21T02:45:00Z,SE3,21.52,15
2026-09-21T02:45:00Z,SE4,21.53,15
2026-09-21T02:45:00Z,SI,115.05,15
2026-09-21T02:45:00Z,SK,75.88,15
2026-09-21T03:00:00Z,AT,79.69,15
2026-09-21T03:00:00Z,BE,157.95,15
2026-09-21T03:00:00Z,CH,170.59,60
2026-09-21T03:00:00Z,CZ,46.88,15
2026-09-21T03:00:00Z,DE-LU,43.27,15
2026-09-21T03:00:00Z,DK1,15.20,15
2026-09-21T03:00:00Z,DK2,15.50,15
2026-09-21T03:00:00Z,EE,51.68,15
2026-09-21T03:00:00Z,ES,159.70,15
2026-09-21T03:00:00Z,FI,51.64,15
2026-09-21T03:00:00Z,FR,124.48,15
2026-09-21T03:00:00Z,GR,226.89,15
2026-09-21T03:00:00Z,HR,141.86,15
2026-09-21T03:00:00Z,HU,251.58,15
2026-09-21T03:00:00Z,IT-Sicily,236.74,15
2026-09-21T03:00:00Z,LT,51.68,15
2026-09-21T03:00:00Z,LV,51.68,15
2026-09-21T03:00:00Z,NL,168.17,15
2026-09-21T03:00:00Z,NO1,15.53,15
2026-09-21T03:00:00Z,NO2,15.53,15
2026-09-21T03:00:00Z,NO3,15.59,15
2026-09-21T03:00:00Z,NO4,16.07,15
2026-09-21T03:00:00Z,NO5,15.54,15
2026-09-21T03:00:00Z,PL,49.18,15
2026-09-21T03:00:00Z,RO,236.17,15
2026-09-21T03:00:00Z,RS,212.38,15
2026-09-21T03:00:00Z,SE1,15.44,15
2026-09-21T03:00:00Z,SE2,15.47,15
2026-09-21T03:00:00Z,SE3,15.49,15
2026-09-21T03:00:00Z,SE4,15.50,15
2026-09-21T03:00:00Z,SI,113.45,15
2026-09-21T03:00:00Z,SK,72.03,15
2026-09-21T03:15:00Z,AT,105.25,15
2026-09-21T03:15:00Z,BE,189.40,15
2026-09-21T03:15:00Z,CZ,67.96,15
2026-09-21T03:15:00Z,DE-LU,54.93,15
2026-09-21T03:15:00Z,DK1,24.19,15
2026-09-21T03:15:00Z,DK2,24.74,15
2026-09-21T03:15:00Z,EE,69.53,15
2026-09-21T03:15:00Z,ES,156.24,15
2026-09-21T03:15:00Z,FI,69.49,15
2026-09-21T03:15:00Z,FR,149.01,15
2026-09-21T03:15:00Z,GR,235.11,15
2026-09-21T03:15:00Z,HR,158.70,15
2026-09-21T03:15:00Z,HU,257.55,15
2026-09-21T03:15:00Z,IT-CNorth,237.37,15
2026-09-21T03:15:00Z,IT-CSouth,237.37,15
2026-09-21T03:15:00Z,IT-North,237.37,15
2026-09-21T03:15:00Z,IT-Sardinia,237.37,15
2026-09-21T03:15:00Z,IT-Sicily,260.13,15
2026-09-21T03:15:00Z,IT-South,237.37,15
2026-09-21T03:15:00Z,LT,69.53,15
2026-09-21T03:15:00Z,LV,69.53,15
2026-09-21T03:15:00Z,NL,178.67,15
2026-09-21T03:15:00Z,NO1,24.79,15
2026-09-21T03:15:00Z,NO2,24.78,15
2026-09-21T03:15:00Z,NO3,24.86,15
2026-09-21T03:15:00Z,NO4,25.45,15
2026-09-21T03:15:00Z,NO5,24.79,15
2026-09-21T03:15:00Z,PL,67.36,15
2026-09-21T03:15:00Z,RO,243.51,15
2026-09-21T03:15:00Z,SE1,24.68,15
2026-09-21T03:15:00Z,SE2,24.71,15
2026-09-21T03:15:00Z,SE3,24.73,15
2026-09-21T03:15:00Z,SE4,24.74,15
2026-09-21T03:15:00Z,SI,133.31,15
2026-09-21T03:15:00Z,SK,91.75,15
2026-09-21T03:30:00Z,AT,148.05,15
2026-09-21T03:30:00Z,BE,173.11,15
2026-09-21T03:30:00Z,CZ,94.20,15
2026-09-21T03:30:00Z,DE-LU,60.38,15
2026-09-21T03:30:00Z,DK1,32.96,15
2026-09-21T03:30:00Z,DK2,33.45,15
2026-09-21T03:30:00Z,EE,90.60,15
2026-09-21T03:30:00Z,ES,156.60,15
2026-09-21T03:30:00Z,FI,90.54,15
2026-09-21T03:30:00Z,FR,141.87,15
2026-09-21T03:30:00Z,GR,248.64,15
2026-09-21T03:30:00Z,HR,182.45,15
2026-09-21T03:30:00Z,HU,269.05,15
2026-09-21T03:30:00Z,IT-CNorth,246.00,15
2026-09-21T03:30:00Z,IT-CSouth,246.00,15
2026-09-21T03:30:00Z,IT-North,246.00,15
2026-09-21T03:30:00Z,IT-Sardinia,246.00,15
2026-09-21T03:30:00Z,IT-Sicily,274.00,15
2026-09-21T03:30:00Z,IT-South,246.00,15
2026-09-21T03:30:00Z,LT,90.60,15
2026-09-21T03:30:00Z,LV,90.60,15
2026-09-21T03:30:00Z,NL,172.71,15
2026-09-21T03:30:00Z,NO1,33.95,15
2026-09-21T03:30:00Z,NO2,33.87,15
2026-09-21T03:30:00Z,NO3,32.74,15
2026-09-21T03:30:00Z,NO4,33.93,15
2026-09-21T03:30:00Z,NO5,33.90,15
2026-09-21T03:30:00Z,PL,87.21,15
2026-09-21T03:30:00Z,PT,176.60,15
2026-09-21T03:30:00Z,RO,255.99,15
2026-09-21T03:30:00Z,SE1,33.13,15
2026-09-21T03:30:00Z,SE2,33.23,15
2026-09-21T03:30:00Z,SE3,33.38,15
2026-09-21T03:30:00Z,SE4,33.44,15
2026-09-21T03:30:00Z,SI,161.23,15
2026-09-21T03:30:00Z,SK,118.13,15
2026-09-21T03:45:00Z,AT,197.18,15
2026-09-21T03:45:00Z,BE,187.73,15
2026-09-21T03:45:00Z,CZ,129.80,15
2026-09-21T03:45:00Z,DE-LU,76.69,15
2026-09-21T03:45:00Z,DK1,49.98,15
2026-09-21T03:45:00Z,DK2,50.89,15
2026-09-21T03:45:00Z,EE,132.15,15
2026-09-21T03:45:00Z,ES,165.47,15
2026-09-21T03:45:00Z,FI,132.06,15
2026-09-21T03:45:00Z,FR,158.00,15
2026-09-21T03:45:00Z,GR,259.61,15
2026-09-21T03:45:00Z,HR,213.82,15
2026-09-21T03:45:00Z,HU,285.76,15
2026-09-21T03:45:00Z,IT-CNorth,266.96,15
2026-09-21T03:45:00Z,IT-CSouth,266.96,15
2026-09-21T03:45:00Z,IT-North,266.96,15
2026-09-21T03:45:00Z,IT-Sardinia,266.96,15
2026-09-21T03:45:00Z,IT-Sicily,330.30,15
2026-09-21T03:45:00Z,IT-South,266.96,15
2026-09-21T03:45:00Z,LT,132.15,15
2026-09-21T03:45:00Z,LV,132.15,15
2026-09-21T03:45:00Z,NL,178.72,15
2026-09-21T03:45:00Z,NO1,52.15,15
2026-09-21T03:45:00Z,NO2,51.46,15
2026-09-21T03:45:00Z,NO3,40.52,15
2026-09-21T03:45:00Z,NO4,45.53,15
2026-09-21T03:45:00Z,NO5,51.67,15
2026-09-21T03:45:00Z,PL,116.89,15
2026-09-21T03:45:00Z,PT,184.67,15
2026-09-21T03:45:00Z,RO,274.19,15
2026-09-21T03:45:00Z,SE1,45.81,15
2026-09-21T03:45:00Z,SE2,46.35,15
2026-09-21T03:45:00Z,SE3,47.55,15
2026-09-21T03:45:00Z,SE4,48.01,15
2026-09-21T03:45:00Z,SI,197.18,15
2026-09-21T03:45:00Z,SK,152.99,15
2026-09-21T04:00:00Z,AT,187.10,15
2026-09-21T04:00:00Z,BE,188.00,15
2026-09-21T04:00:00Z,CH,192.60,60
2026-09-21T04:00:00Z,CZ,92.63,15
2026-09-21T04:00:00Z,DE-LU,91.43,15
2026-09-21T04:00:00Z,DK1,58.01,15
2026-09-21T04:00:00Z,DK2,63.34,15
2026-09-21T04:00:00Z,EE,108.01,15
2026-09-21T04:00:00Z,ES,180.38,15
2026-09-21T04:00:00Z,FI,107.91,15
2026-09-21T04:00:00Z,FR,163.14,15
2026-09-21T04:00:00Z,GR,249.28,15
2026-09-21T04:00:00Z,HR,228.45,15
2026-09-21T04:00:00Z,HU,263.70,15
2026-09-21T04:00:00Z,IT-CNorth,230.00,15
2026-09-21T04:00:00Z,IT-CSouth,230.00,15
2026-09-21T04:00:00Z,IT-North,230.00,15
2026-09-21T04:00:00Z,IT-Sardinia,230.00,15
2026-09-21T04:00:00Z,IT-Sicily,295.73,15
2026-09-21T04:00:00Z,IT-South,230.00,15
2026-09-21T04:00:00Z,LT,108.01,15
2026-09-21T04:00:00Z,LV,108.01,15
2026-09-21T04:00:00Z,NL,169.45,15
2026-09-21T04:00:00Z,NO1,71.58,15
2026-09-21T04:00:00Z,NO2,66.98,15
2026-09-21T04:00:00Z,NO3,5.29,15
2026-09-21T04:00:00Z,NO4,21.43,15
2026-09-21T04:00:00Z,NO5,67.99,15
2026-09-21T04:00:00Z,PL,108.11,15
2026-09-21T04:00:00Z,RO,251.63,15
2026-09-21T04:00:00Z,RS,236.00,15
2026-09-21T04:00:00Z,SE1,29.45,15
2026-09-21T04:00:00Z,SE2,32.01,15
2026-09-21T04:00:00Z,SE3,38.16,15
2026-09-21T04:00:00Z,SE4,40.50,15
2026-09-21T04:00:00Z,SI,217.70,15
2026-09-21T04:00:00Z,SK,265.25,15
2026-09-21T04:15:00Z,AT,187.71,15
2026-09-21T04:15:00Z,BE,209.47,15
2026-09-21T04:15:00Z,CZ,106.65,15
2026-09-21T04:15:00Z,DE-LU,124.61,15
2026-09-21T04:15:00Z,DK1,90.29,15
2026-09-21T04:15:00Z,DK2,101.31,15
2026-09-21T04:15:00Z,EE,135.08,15
2026-09-21T04:15:00Z,ES,181.21,15
2026-09-21T04:15:00Z,FI,134.95,15
2026-09-21T04:15:00Z,FR,186.53,15
2026-09-21T04:15:00Z,GR,260.24,15
2026-09-21T04:15:00Z,HR,237.85,15
2026-09-21T04:15:00Z,HU,274.58,15
2026-09-21T04:15:00Z,IT-CNorth,268.41,15
2026-09-21T04:15:00Z,IT-CSouth,268.41,15
2026-09-21T04:15:00Z,IT-North,268.41,15
2026-09-21T04:15:00Z,IT-Sardinia,268.41,15
2026-09-21T04:15:00Z,IT-Sicily,281.40,15
2026-09-21T04:15:00Z,IT-South,268.41,15
2026-09-21T04:15:00Z,LT,135.08,15
2026-09-21T04:15:00Z,LV,135.08,15
2026-09-21T04:15:00Z,NL,176.59,15
2026-09-21T04:15:00Z,NO1,107.04,15
2026-09-21T04:15:00Z,NO2,100.44,15
2026-09-21T04:15:00Z,NO3,5.28,15
2026-09-21T04:15:00Z,NO4,22.48,15
2026-09-21T04:15:00Z,NO5,101.94,15
2026-09-21T04:15:00Z,PL,120.80,15
2026-09-21T04:15:00Z,PT,187.13,15
2026-09-21T04:15:00Z,RO,262.67,15
2026-09-21T04:15:00Z,SE1,34.62,15
2026-09-21T04:15:00Z,SE2,38.41,15
2026-09-21T04:15:00Z,SE3,47.50,15
2026-09-21T04:15:00Z,SE4,50.96,15
2026-09-21T04:15:00Z,SI,225.92,15
2026-09-21T04:15:00Z,SK,281.27,15
2026-09-21T04:30:00Z,AT,213.03,15
2026-09-21T04:30:00Z,BE,200.00,15
2026-09-21T04:30:00Z,CZ,131.85,15
2026-09-21T04:30:00Z,DE-LU,130.50,15
2026-09-21T04:30:00Z,DK1,107.00,15
2026-09-21T04:30:00Z,DK2,112.23,15
2026-09-21T04:30:00Z,EE,150.71,15
2026-09-21T04:30:00Z,ES,191.50,15
2026-09-21T04:30:00Z,FI,150.56,15
2026-09-21T04:30:00Z,FR,182.99,15
2026-09-21T04:30:00Z,GR,265.84,15
2026-09-21T04:30:00Z,HR,247.70,15
2026-09-21T04:30:00Z,HU,278.35,15
2026-09-21T04:30:00Z,IT-CNorth,273.53,15
2026-09-21T04:30:00Z,IT-CSouth,273.53,15
2026-09-21T04:30:00Z,IT-North,273.53,15
2026-09-21T04:30:00Z,IT-Sardinia,273.53,15
2026-09-21T04:30:00Z,IT-Sicily,273.53,15
2026-09-21T04:30:00Z,IT-South,273.53,15
2026-09-21T04:30:00Z,LT,150.71,15
2026-09-21T04:30:00Z,LV,150.71,15
2026-09-21T04:30:00Z,NL,178.43,15
2026-09-21T04:30:00Z,NO1,119.94,15
2026-09-21T04:30:00Z,NO2,113.72,15
2026-09-21T04:30:00Z,NO4,25.85,15
2026-09-21T04:30:00Z,NO5,113.01,15
2026-09-21T04:30:00Z,PL,138.55,15
2026-09-21T04:30:00Z,PT,190.00,15
2026-09-21T04:30:00Z,RO,267.88,15
2026-09-21T04:30:00Z,SE1,34.17,15
2026-09-21T04:30:00Z,SE2,37.03,15
2026-09-21T04:30:00Z,SE3,58.62,15
2026-09-21T04:30:00Z,SE4,82.30,15
2026-09-21T04:30:00Z,SI,238.49,15
2026-09-21T04:30:00Z,SK,279.60,15
2026-09-21T04:45:00Z,AT,237.92,15
2026-09-21T04:45:00Z,BE,198.00,15
2026-09-21T04:45:00Z,CZ,168.27,15
2026-09-21T04:45:00Z,DE-LU,148.88,15
2026-09-21T04:45:00Z,DK1,114.30,15
2026-09-21T04:45:00Z,DK2,131.02,15
2026-09-21T04:45:00Z,EE,166.80,15
2026-09-21T04:45:00Z,ES,180.96,15
2026-09-21T04:45:00Z,FI,166.64,15
2026-09-21T04:45:00Z,FR,187.69,15
2026-09-21T04:45:00Z,GR,264.64,15
2026-09-21T04:45:00Z,HR,253.20,15
2026-09-21T04:45:00Z,HU,273.57,15
2026-09-21T04:45:00Z,IT-CNorth,268.06,15
2026-09-21T04:45:00Z,IT-CSouth,268.06,15
2026-09-21T04:45:00Z,IT-North,268.06,15
2026-09-21T04:45:00Z,IT-Sardinia,268.06,15
2026-09-21T04:45:00Z,IT-Sicily,260.06,15
2026-09-21T04:45:00Z,IT-South,268.06,15
2026-09-21T04:45:00Z,LT,166.80,15
2026-09-21T04:45:00Z,LV,166.80,15
2026-09-21T04:45:00Z,NL,191.34,15
2026-09-21T04:45:00Z,NO1,134.26,15
2026-09-21T04:45:00Z,NO2,129.92,15
2026-09-21T04:45:00Z,NO3,5.29,15
2026-09-21T04:45:00Z,NO4,25.63,15
2026-09-21T04:45:00Z,NO5,126.37,15
2026-09-21T04:45:00Z,PL,166.94,15
2026-09-21T04:45:00Z,PT,200.50,15
2026-09-21T04:45:00Z,RO,266.00,15
2026-09-21T04:45:00Z,SE1,41.69,15
2026-09-21T04:45:00Z,SE2,36.85,15
2026-09-21T04:45:00Z,SE3,95.00,15
2026-09-21T04:45:00Z,SE4,116.07,15
2026-09-21T04:45:00Z,SI,247.89,15
2026-09-21T04:45:00Z,SK,269.50,15
2026-09-21T05:00:00Z,AT,210.89,15
2026-09-21T05:00:00Z,BE,231.01,15
2026-09-21T05:00:00Z,CH,226.79,60
2026-09-21T05:00:00Z,CZ,128.09,15
2026-09-21T05:00:00Z,DE-LU,160.88,15
2026-09-21T05:00:00Z,DK1,123.50,15
2026-09-21T05:00:00Z,DK2,140.86,15
2026-09-21T05:00:00Z,EE,145.56,15
2026-09-21T05:00:00Z,ES,186.70,15
2026-09-21T05:00:00Z,FI,145.41,15
2026-09-21T05:00:00Z,FR,211.70,15
2026-09-21T05:00:00Z,GR,259.46,15
2026-09-21T05:00:00Z,HR,246.07,15
2026-09-21T05:00:00Z,HU,270.82,15
2026-09-21T05:00:00Z,IT-CNorth,239.00,15
2026-09-21T05:00:00Z,IT-CSouth,239.00,15
2026-09-21T05:00:00Z,IT-North,239.00,15
2026-09-21T05:00:00Z,IT-Sardinia,239.00,15
2026-09-21T05:00:00Z,IT-Sicily,412.00,15
2026-09-21T05:00:00Z,IT-South,239.00,15
2026-09-21T05:00:00Z,LT,145.56,15
2026-09-21T05:00:00Z,LV,145.56,15
2026-09-21T05:00:00Z,NL,163.65,15
2026-09-21T05:00:00Z,NO1,134.88,15
2026-09-21T05:00:00Z,NO2,130.90,15
2026-09-21T05:00:00Z,NO3,16.84,15
2026-09-21T05:00:00Z,NO4,25.77,15
2026-09-21T05:00:00Z,NO5,127.16,15
2026-09-21T05:00:00Z,PL,152.36,15
2026-09-21T05:00:00Z,PT,211.70,15
2026-09-21T05:00:00Z,RO,261.19,15
2026-09-21T05:00:00Z,RS,233.38,15
2026-09-21T05:00:00Z,SE1,37.37,15
2026-09-21T05:00:00Z,SE2,34.11,15
2026-09-21T05:00:00Z,SE4,120.04,15
2026-09-21T05:00:00Z,SI,239.00,15
2026-09-21T05:00:00Z,SK,264.27,15
2026-09-21T05:15:00Z,AT,222.60,15
2026-09-21T05:15:00Z,BE,237.27,15
2026-09-21T05:15:00Z,CZ,162.69,15
2026-09-21T05:15:00Z,DE-LU,187.01,15
2026-09-21T05:15:00Z,DK1,118.28,15
2026-09-21T05:15:00Z,DK2,154.70,15
2026-09-21T05:15:00Z,EE,150.09,15
2026-09-21T05:15:00Z,ES,198.47,15
2026-09-21T05:15:00Z,FI,149.93,15
2026-09-21T05:15:00Z,FR,224.00,15
2026-09-21T05:15:00Z,GR,257.63,15
2026-09-21T05:15:00Z,HR,247.81,15
2026-09-21T05:15:00Z,HU,265.68,15
2026-09-21T05:15:00Z,IT-CNorth,242.80,15
2026-09-21T05:15:00Z,IT-CSouth,242.80,15
2026-09-21T05:15:00Z,IT-North,242.80,15
2026-09-21T05:15:00Z,IT-Sardinia,242.80,15
2026-09-21T05:15:00Z,IT-South,242.80,15
2026-09-21T05:15:00Z,LT,150.09,15
2026-09-21T05:15:00Z,LV,150.09,15
2026-09-21T05:15:00Z,NL,205.75,15
2026-09-21T05:15:00Z,NO1,136.89,15
2026-09-21T05:15:00Z,NO2,133.43,15
2026-09-21T05:15:00Z,NO3,20.50,15
2026-09-21T05:15:00Z,NO4,26.53,15
2026-09-21T05:15:00Z,NO5,129.07,15
2026-09-21T05:15:00Z,PL,183.68,15
2026-09-21T05:15:00Z,PT,224.00,15
2026-09-21T05:15:00Z,RO,258.88,15
2026-09-21T05:15:00Z,SE1,34.86,15
2026-09-21T05:15:00Z,SE2,31.79,15
2026-09-21T05:15:00Z,SE3,105.32,15
2026-09-21T05:15:00Z,SE4,139.77,15
2026-09-21T05:15:00Z,SI,242.63,15
2026-09-21T05:15:00Z,SK,261.42,15
2026-09-21T05:30:00Z,AT,233.80,15
2026-09-21T05:30:00Z,BE,237.63,15
2026-09-21T05:30:00Z,CZ,165.76,15
2026-09-21T05:30:00Z,DE-LU,194.48,15
2026-09-21T05:30:00Z,DK1,118.53,15
2026-09-21T05:30:00Z,DK2,157.45,15
2026-09-21T05:30:00Z,EE,140.82,15
2026-09-21T05:30:00Z,ES,214.00,15
2026-09-21T05:30:00Z,FI,140.68,15
2026-09-21T05:30:00Z,FR,227.00,15
2026-09-21T05:30:00Z,GR,243.93,15
2026-09-21T05:30:00Z,HR,243.18,15
2026-09-21T05:30:00Z,HU,247.28,15
2026-09-21T05:30:00Z,LT,140.82,15
2026-09-21T05:30:00Z,LV,140.82,15
2026-09-21T05:30:00Z,NL,222.06,15
2026-09-21T05:30:00Z,NO1,133.69,15
2026-09-21T05:30:00Z,NO2,134.75,15
2026-09-21T05:30:00Z,NO3,40.14,15
2026-09-21T05:30:00Z,NO4,29.87,15
2026-09-21T05:30:00Z,NO5,128.33,15
2026-09-21T05:30:00Z,PL,187.92,15
2026-09-21T05:30:00Z,PT,227.00,15
2026-09-21T05:30:00Z,RO,244.30,15
2026-09-21T05:30:00Z,SE1,41.86,15
2026-09-21T05:30:00Z,SE2,32.00,15
2026-09-21T05:30:00Z,SE3,109.68,15
2026-09-21T05:30:00Z,SE4,131.76,15
2026-09-21T05:30:00Z,SI,242.80,15
2026-09-21T05:30:00Z,SK,232.72,15
2026-09-21T05:45:00Z,AT,216.30,15
2026-09-21T05:45:00Z,BE,256.22,15
2026-09-21T05:45:00Z,CZ,151.25,15
2026-09-21T05:45:00Z,DE-LU,170.08,15
2026-09-21T05:45:00Z,DK1,128.70,15
2026-09-21T05:45:00Z,DK2,144.75,15
2026-09-21T05:45:00Z,EE,131.00,15
2026-09-21T05:45:00Z,ES,223.58,15
2026-09-21T05:45:00Z,FI,130.88,15
2026-09-21T05:45:00Z,FR,230.57,15
2026-09-21T05:45:00Z,GR,206.38,15
2026-09-21T05:45:00Z,HR,213.13,15
2026-09-21T05:45:00Z,HU,205.69,15
2026-09-21T05:45:00Z,LT,131.00,15
2026-09-21T05:45:00Z,LV,131.00,15
2026-09-21T05:45:00Z,NL,250.10,15
2026-09-21T05:45:00Z,NO1,131.02,15
2026-09-21T05:45:00Z,NO2,134.81,15
2026-09-21T05:45:00Z,NO3,64.92,15
2026-09-21T05:45:00Z,NO4,34.75,15
2026-09-21T05:45:00Z,NO5,128.36,15
2026-09-21T05:45:00Z,PL,166.70,15
2026-09-21T05:45:00Z,PT,230.57,15
2026-09-21T05:45:00Z,RO,206.02,15
2026-09-21T05:45:00Z,SE1,42.72,15
2026-09-21T05:45:00Z,SE2,31.99,15
2026-09-21T05:45:00Z,SE3,109.99,15
2026-09-21T05:45:00Z,SE4,130.65,15
2026-09-21T05:45:00Z,SI,216.30,15
2026-09-21T05:45:00Z,SK,185.36,15
2026-09-21T06:00:00Z,AT,263.90,15
2026-09-21T06:00:00Z,BE,266.26,15
2026-09-21T06:00:00Z,CH,227.44,60
2026-09-21T06:00:00Z,CZ,253.66,15
2026-09-21T06:00:00Z,DE-LU,257.09,15
2026-09-21T06:00:00Z,DK1,139.31,15
2026-09-21T06:00:00Z,DK2,223.05,15
2026-09-21T06:00:00Z,EE,146.72,15
2026-09-21T06:00:00Z,ES,263.40,15
2026-09-21T06:00:00Z,FI,146.57,15
2026-09-21T06:00:00Z,FR,263.90,15
2026-09-21T06:00:00Z,GR,260.60,15
2026-09-21T06:00:00Z,HR,262.24,15
2026-09-21T06:00:00Z,HU,260.19,15
2026-09-21T06:00:00Z,IT-CNorth,263.90,15
2026-09-21T06:00:00Z,IT-CSouth,263.90,15
2026-09-21T06:00:00Z,IT-North,263.90,15
2026-09-21T06:00:00Z,IT-Sardinia,263.90,15
2026-09-21T06:00:00Z,IT-Sicily,401.76,15
2026-09-21T06:00:00Z,IT-South,263.90,15
2026-09-21T06:00:00Z,LT,146.72,15
2026-09-21T06:00:00Z,LV,146.72,15
2026-09-21T06:00:00Z,NL,266.26,15
2026-09-21T06:00:00Z,NO1,130.80,15
2026-09-21T06:00:00Z,NO2,135.45,15
2026-09-21T06:00:00Z,NO3,75.58,15
2026-09-21T06:00:00Z,NO4,33.36,15
2026-09-21T06:00:00Z,NO5,129.64,15
2026-09-21T06:00:00Z,PL,190.26,15
2026-09-21T06:00:00Z,PT,263.90,15
2026-09-21T06:00:00Z,RO,260.51,15
2026-09-21T06:00:00Z,RS,193.09,15
2026-09-21T06:00:00Z,SE1,40.02,15
2026-09-21T06:00:00Z,SE2,29.99,15
2026-09-21T06:00:00Z,SE3,104.63,15
2026-09-21T06:00:00Z,SE4,120.94,15
2026-09-21T06:00:00Z,SI,263.06,15
2026-09-21T06:00:00Z,SK,256.73,15
2026-09-21T06:15:00Z,AT,231.90,15
2026-09-21T06:15:00Z,BE,268.64,15
2026-09-21T06:15:00Z,CZ,183.00,15
2026-09-21T06:15:00Z,DE-LU,195.49,15
2026-09-21T06:15:00Z,DK1,149.41,15
2026-09-21T06:15:00Z,DK2,171.61,15
2026-09-21T06:15:00Z,EE,122.81,15
2026-09-21T06:15:00Z,ES,248.34,15
2026-09-21T06:15:00Z,FI,122.69,15
2026-09-21T06:15:00Z,FR,246.23,15
2026-09-21T06:15:00Z,GR,216.16,15
2026-09-21T06:15:00Z,HR,224.37,15
2026-09-21T06:15:00Z,HU,214.04,15
2026-09-21T06:15:00Z,IT-CNorth,246.23,15
2026-09-21T06:15:00Z,IT-CSouth,246.23,15
2026-09-21T06:15:00Z,IT-North,246.23,15
2026-09-21T06:15:00Z,IT-Sardinia,246.23,15
2026-09-21T06:15:00Z,IT-South,246.23,15
2026-09-21T06:15:00Z,LT,122.81,15
2026-09-21T06:15:00Z,LV,122.81,15
2026-09-21T06:15:00Z,NL,249.28,15
2026-09-21T06:15:00Z,NO1,130.05,15
2026-09-21T06:15:00Z,NO2,134.52,15
2026-09-21T06:15:00Z,NO3,76.24,15
2026-09-21T06:15:00Z,NO4,32.88,15
2026-09-21T06:15:00Z,NO5,129.06,15
2026-09-21T06:15:00Z,PL,181.14,15
2026-09-21T06:15:00Z,PT,246.23,15
2026-09-21T06:15:00Z,RO,215.68,15
2026-09-21T06:15:00Z,SE1,39.42,15
2026-09-21T06:15:00Z,SE2,30.00,15
2026-09-21T06:15:00Z,SE3,100.08,15
2026-09-21T06:15:00Z,SE4,115.39,15
2026-09-21T06:15:00Z,SI,228.23,15
2026-09-21T06:15:00Z,SK,197.45,15
2026-09-21T06:30:00Z,AT,195.88,15
2026-09-21T06:30:00Z,BE,259.11,15
2026-09-21T06:30:00Z,CZ,147.37,15
2026-09-21T06:30:00Z,DE-LU,154.11,15
2026-09-21T06:30:00Z,DK1,129.51,15
2026-09-21T06:30:00Z,DK2,131.91,15
2026-09-21T06:30:00Z,EE,151.34,15
2026-09-21T06:30:00Z,ES,206.94,15
2026-09-21T06:30:00Z,FI,151.19,15
2026-09-21T06:30:00Z,FR,226.00,15
2026-09-21T06:30:00Z,GR,179.76,15
2026-09-21T06:30:00Z,HR,188.49,15
2026-09-21T06:30:00Z,HU,177.46,15
2026-09-21T06:30:00Z,IT-CNorth,233.61,15
2026-09-21T06:30:00Z,IT-CSouth,233.61,15
2026-09-21T06:30:00Z,IT-North,233.61,15
2026-09-21T06:30:00Z,IT-Sardinia,233.61,15
2026-09-21T06:30:00Z,IT-Sicily,400.02,15
2026-09-21T06:30:00Z,IT-South,233.61,15
2026-09-21T06:30:00Z,LT,151.34,15
2026-09-21T06:30:00Z,LV,151.34,15
2026-09-21T06:30:00Z,NL,234.53,15
2026-09-21T06:30:00Z,NO1,128.37,15
2026-09-21T06:30:00Z,NO2,132.94,15
2026-09-21T06:30:00Z,NO3,74.66,15
2026-09-21T06:30:00Z,NO4,35.41,15
2026-09-21T06:30:00Z,NO5,127.10,15
2026-09-21T06:30:00Z,PL,156.49,15
2026-09-21T06:30:00Z,PT,226.00,15
2026-09-21T06:30:00Z,RO,179.25,15
2026-09-21T06:30:00Z,SE1,42.05,15
2026-09-21T06:30:00Z,SE2,31.99,15
2026-09-21T06:30:00Z,SE3,106.93,15
2026-09-21T06:30:00Z,SE4,123.31,15
2026-09-21T06:30:00Z,SI,192.25,15
2026-09-21T06:30:00Z,SK,160.92,15
2026-09-21T06:45:00Z,AT,137.67,15
2026-09-21T06:45:00Z,BE,237.71,15
2026-09-21T06:45:00Z,CZ,123.32,15
2026-09-21T06:45:00Z,DE-LU,108.01,15
2026-09-21T06:45:00Z,DK1,78.24,15
2026-09-21T06:45:00Z,DK2,79.69,15
2026-09-21T06:45:00Z,EE,119.04,15
2026-09-21T06:45:00Z,ES,173.24,15
2026-09-21T06:45:00Z,FI,118.93,15
2026-09-21T06:45:00Z,FR,195.00,15
2026-09-21T06:45:00Z,GR,131.30,15
2026-09-21T06:45:00Z,HR,135.69,15
2026-09-21T06:45:00Z,HU,130.03,15
2026-09-21T06:45:00Z,IT-CNorth,222.44,15
2026-09-21T06:45:00Z,IT-CSouth,222.44,15
2026-09-21T06:45:00Z,IT-North,222.44,15
2026-09-21T06:45:00Z,IT-Sardinia,222.44,15
2026-09-21T06:45:00Z,IT-Sicily,370.00,15
2026-09-21T06:45:00Z,IT-South,222.44,15
2026-09-21T06:45:00Z,LT,119.04,15
2026-09-21T06:45:00Z,LV,119.04,15
2026-09-21T06:45:00Z,NL,208.33,15
2026-09-21T06:45:00Z,NO1,126.93,15
2026-09-21T06:45:00Z,NO2,130.08,15
2026-09-21T06:45:00Z,NO3,84.32,15
2026-09-21T06:45:00Z,NO4,35.52,15
2026-09-21T06:45:00Z,NO5,127.27,15
2026-09-21T06:45:00Z,PL,119.16,15
2026-09-21T06:45:00Z,PT,195.00,15
2026-09-21T06:45:00Z,RO,131.04,15
2026-09-21T06:45:00Z,SE1,38.23,15
2026-09-21T06:45:00Z,SE2,33.41,15
2026-09-21T06:45:00Z,SE3,69.52,15
2026-09-21T06:45:00Z,SE4,77.41,15
2026-09-21T06:45:00Z,SI,136.59,15
2026-09-21T06:45:00Z,SK,124.84,15
2026-09-21T07:00:00Z,AT,205.14,15
2026-09-21T07:00:00Z,BE,253.49,15
2026-09-21T07:00:00Z,CH,192.60,60
2026-09-21T07:00:00Z,CZ,95.62,15
2026-09-21T07:00:00Z,DE-LU,121.74,15
2026-09-21T07:00:00Z,DK1,89.90,15
2026-09-21T07:00:00Z,DK2,91.56,15
2026-09-21T07:00:00Z,EE,120.15,15
2026-09-21T07:00:00Z,ES,193.24,15
2026-09-21T07:00:00Z,FI,120.04,15
2026-09-21T07:00:00Z,FR,212.25,15
2026-09-21T07:00:00Z,GR,141.43,15
2026-09-21T07:00:00Z,HR,179.22,15
2026-09-21T07:00:00Z,HU,158.64,15
2026-09-21T07:00:00Z,IT-CNorth,242.80,15
2026-09-21T07:00:00Z,IT-CSouth,242.80,15
2026-09-21T07:00:00Z,IT-North,242.80,15
2026-09-21T07:00:00Z,IT-Sardinia,242.80,15
2026-09-21T07:00:00Z,IT-Sicily,299.18,15
2026-09-21T07:00:00Z,IT-South,242.80,15
2026-09-21T07:00:00Z,LT,120.15,15
2026-09-21T07:00:00Z,LV,120.15,15
2026-09-21T07:00:00Z,NL,253.49,15
2026-09-21T07:00:00Z,NO1,124.57,15
2026-09-21T07:00:00Z,NO2,127.29,15
2026-09-21T07:00:00Z,NO3,87.05,15
2026-09-21T07:00:00Z,NO4,37.95,15
2026-09-21T07:00:00Z,NO5,124.82,15
2026-09-21T07:00:00Z,PL,119.65,15
2026-09-21T07:00:00Z,PT,212.25,15
2026-09-21T07:00:00Z,RO,162.11,15
2026-09-21T07:00:00Z,RS,139.98,15
2026-09-21T07:00:00Z,SE1,44.71,15
2026-09-21T07:00:00Z,SE2,42.60,15
2026-09-21T07:00:00Z,SE3,74.19,15
2026-09-21T07:00:00Z,SE4,81.11,15
2026-09-21T07:00:00Z,SI,187.15,15
2026-09-21T07:00:00Z,SK,125.65,15
2026-09-21T07:15:00Z,AT,154.51,15
2026-09-21T07:15:00Z,BE,226.63,15
2026-09-21T07:15:00Z,CZ,99.75,15
2026-09-21T07:15:00Z,DE-LU,103.29,15
2026-09-21T07:15:00Z,DK1,73.89,15
2026-09-21T07:15:00Z,DK2,75.25,15
2026-09-21T07:15:00Z,EE,80.06,15
2026-09-21T07:15:00Z,ES,182.43,15
2026-09-21T07:15:00Z,FI,80.00,15
2026-09-21T07:15:00Z,FR,186.25,15
2026-09-21T07:15:00Z,GR,36.05,15
2026-09-21T07:15:00Z,HR,143.61,15
2026-09-21T07:15:00Z,HU,131.46,15
2026-09-21T07:15:00Z,IT-CNorth,219.92,15
2026-09-21T07:15:00Z,IT-CSouth,219.92,15
2026-09-21T07:15:00Z,IT-North,219.92,15
2026-09-21T07:15:00Z,IT-Sardinia,219.92,15
2026-09-21T07:15:00Z,IT-Sicily,231.00,15
2026-09-21T07:15:00Z,IT-South,219.92,15
2026-09-21T07:15:00Z,LT,80.06,15
2026-09-21T07:15:00Z,LV,80.06,15
2026-09-21T07:15:00Z,NL,226.63,15
2026-09-21T07:15:00Z,NO1,123.53,15
2026-09-21T07:15:00Z,NO2,125.21,15
2026-09-21T07:15:00Z,NO3,96.37,15
2026-09-21T07:15:00Z,NO4,38.25,15
2026-09-21T07:15:00Z,NO5,124.59,15
2026-09-21T07:15:00Z,PL,108.57,15
2026-09-21T07:15:00Z,PT,186.25,15
2026-09-21T07:15:00Z,RO,133.57,15
2026-09-21T07:15:00Z,SE1,49.66,15
2026-09-21T07:15:00Z,SE2,53.23,15
2026-09-21T07:15:00Z,SE3,61.24,15
2026-09-21T07:15:00Z,SE4,63.00,15
2026-09-21T07:15:00Z,SI,147.54,15
2026-09-21T07:15:00Z,SK,114.01,15
2026-09-21T07:30:00Z,AT,99.02,15
2026-09-21T07:30:00Z,BE,223.03,15
2026-09-21T07:30:00Z,CZ,81.26,15
2026-09-21T07:30:00Z,DE-LU,63.51,15
2026-09-21T07:30:00Z,DK1,29.31,15
2026-09-21T07:30:00Z,DK2,29.84,15
2026-09-21T07:30:00Z,EE,36.67,15
2026-09-21T07:30:00Z,ES,142.72,15
2026-09-21T07:30:00Z,FI,36.66,15
2026-09-21T07:30:00Z,FR,167.52,15
2026-09-21T07:30:00Z,GR,13.00,15
2026-09-21T07:30:00Z,HR,99.69,15
2026-09-21T07:30:00Z,HU,92.02,15
2026-09-21T07:30:00Z,IT-CNorth,220.00,15
2026-09-21T07:30:00Z,IT-CSouth,220.00,15
2026-09-21T07:30:00Z,IT-North,220.00,15
2026-09-21T07:30:00Z,IT-Sardinia,220.00,15
2026-09-21T07:30:00Z,IT-Sicily,225.00,15
2026-09-21T07:30:00Z,IT-South,220.00,15
2026-09-21T07:30:00Z,LT,36.67,15
2026-09-21T07:30:00Z,LV,36.67,15
2026-09-21T07:30:00Z,NL,191.35,15
2026-09-21T07:30:00Z,NO1,121.71,15
2026-09-21T07:30:00Z,NO2,123.55,15
2026-09-21T07:30:00Z,NO3,88.95,15
2026-09-21T07:30:00Z,NO4,29.95,15
2026-09-21T07:30:00Z,NO5,123.55,15
2026-09-21T07:30:00Z,PL,77.93,15
2026-09-21T07:30:00Z,PT,167.52,15
2026-09-21T07:30:00Z,RO,93.45,15
2026-09-21T07:30:00Z,SE1,29.84,15
2026-09-21T07:30:00Z,SE2,29.84,15
2026-09-21T07:30:00Z,SE3,29.84,15
2026-09-21T07:30:00Z,SE4,29.84,15
2026-09-21T07:30:00Z,SI,100.88,15
2026-09-21T07:30:00Z,SK,84.46,15
2026-09-21T07:45:00Z,AT,64.71,15
2026-09-21T07:45:00Z,BE,144.54,15
2026-09-21T07:45:00Z,CZ,57.93,15
2026-09-21T07:45:00Z,DE-LU,43.74,15
2026-09-21T07:45:00Z,DK1,18.46,15
2026-09-21T07:45:00Z,DK2,20.08,15
2026-09-21T07:45:00Z,EE,20.08,15
2026-09-21T07:45:00Z,ES,76.60,15
2026-09-21T07:45:00Z,FI,20.08,15
2026-09-21T07:45:00Z,FR,110.77,15
2026-09-21T07:45:00Z,GR,12.77,15
2026-09-21T07:45:00Z,HR,66.46,15
2026-09-21T07:45:00Z,HU,62.12,15
2026-09-21T07:45:00Z,IT-CNorth,208.44,15
2026-09-21T07:45:00Z,IT-CSouth,208.44,15
2026-09-21T07:45:00Z,IT-North,208.44,15
2026-09-21T07:45:00Z,IT-Sardinia,208.44,15
2026-09-21T07:45:00Z,IT-Sicily,208.44,15
2026-09-21T07:45:00Z,IT-South,208.44,15
2026-09-21T07:45:00Z,LT,20.08,15
2026-09-21T07:45:00Z,LV,20.08,15
2026-09-21T07:45:00Z,NL,159.93,15
2026-09-21T07:45:00Z,NO1,121.52,15
2026-09-21T07:45:00Z,NO3,85.33,15
2026-09-21T07:45:00Z,NO4,20.08,15
2026-09-21T07:45:00Z,PL,54.03,15
2026-09-21T07:45:00Z,PT,110.77,15
2026-09-21T07:45:00Z,RO,62.94,15
2026-09-21T07:45:00Z,SE1,20.08,15
2026-09-21T07:45:00Z,SE2,20.08,15
2026-09-21T07:45:00Z,SE3,20.08,15
2026-09-21T07:45:00Z,SE4,20.08,15
2026-09-21T07:45:00Z,SI,66.89,15
2026-09-21T07:45:00Z,SK,58.48,15
2026-09-21T08:00:00Z,AT,85.46,15
2026-09-21T08:00:00Z,BE,161.79,15
2026-09-21T08:00:00Z,CH,176.80,60
2026-09-21T08:00:00Z,CZ,78.05,15
2026-09-21T08:00:00Z,DE-LU,62.15,15
2026-09-21T08:00:00Z,DK1,31.99,15
2026-09-21T08:00:00Z,DK2,42.98,15
2026-09-21T08:00:00Z,EE,73.22,15
2026-09-21T08:00:00Z,ES,120.10,15
2026-09-21T08:00:00Z,FI,73.19,15
2026-09-21T08:00:00Z,FR,131.12,15
2026-09-21T08:00:00Z,GR,83.50,15
2026-09-21T08:00:00Z,HR,87.14,15
2026-09-21T08:00:00Z,HU,82.49,15
2026-09-21T08:00:00Z,IT-CNorth,201.20,15
2026-09-21T08:00:00Z,IT-CSouth,201.20,15
2026-09-21T08:00:00Z,IT-North,201.20,15
2026-09-21T08:00:00Z,IT-Sardinia,201.20,15
2026-09-21T08:00:00Z,IT-Sicily,201.20,15
2026-09-21T08:00:00Z,IT-South,201.20,15
2026-09-21T08:00:00Z,LT,73.22,15
2026-09-21T08:00:00Z,LV,73.22,15
2026-09-21T08:00:00Z,NL,236.65,15
2026-09-21T08:00:00Z,NO1,97.84,15
2026-09-21T08:00:00Z,NO2,98.96,15
2026-09-21T08:00:00Z,NO3,78.34,15
2026-09-21T08:00:00Z,NO4,43.47,15
2026-09-21T08:00:00Z,NO5,98.96,15
2026-09-21T08:00:00Z,PL,73.56,15
2026-09-21T08:00:00Z,PT,110.10,15
2026-09-21T08:00:00Z,RO,83.36,15
2026-09-21T08:00:00Z,RS,63.07,15
2026-09-21T08:00:00Z,SE1,42.95,15
2026-09-21T08:00:00Z,SE2,42.96,15
2026-09-21T08:00:00Z,SE3,42.97,15
2026-09-21T08:00:00Z,SE4,42.98,15
2026-09-21T08:00:00Z,SI,87.64,15
2026-09-21T08:00:00Z,SK,78.61,15
2026-09-21T08:15:00Z,AT,53.07,15
2026-09-21T08:15:00Z,BE,117.49,15
2026-09-21T08:15:00Z,CZ,46.81,15
2026-09-21T08:15:00Z,DE-LU,33.39,15
2026-09-21T08:15:00Z,DK1,8.26,15
2026-09-21T08:15:00Z,DK2,27.21,15
2026-09-21T08:15:00Z,EE,37.37,15
2026-09-21T08:15:00Z,ES,143.09,15
2026-09-21T08:15:00Z,FI,37.36,15
2026-09-21T08:15:00Z,FR,91.60,15
2026-09-21T08:15:00Z,GR,51.41,15
2026-09-21T08:15:00Z,HR,54.48,15
2026-09-21T08:15:00Z,HU,50.55,15
2026-09-21T08:15:00Z,IT-CNorth,183.57,15
2026-09-21T08:15:00Z,IT-CSouth,183.57,15
2026-09-21T08:15:00Z,IT-North,183.57,15
2026-09-21T08:15:00Z,IT-Sardinia,183.57,15
2026-09-21T08:15:00Z,IT-Sicily,183.57,15
2026-09-21T08:15:00Z,IT-South,183.57,15
2026-09-21T08:15:00Z,LT,37.37,15
2026-09-21T08:15:00Z,LV,37.37,15
2026-09-21T08:15:00Z,NL,180.68,15
2026-09-21T08:15:00Z,NO1,98.59,15
2026-09-21T08:15:00Z,NO2,100.04,15
2026-09-21T08:15:00Z,NO3,73.16,15
2026-09-21T08:15:00Z,NO4,27.38,15
2026-09-21T08:15:00Z,NO5,100.04,15
2026-09-21T08:15:00Z,PL,43.01,15
2026-09-21T08:15:00Z,PT,91.60,15
2026-09-21T08:15:00Z,RO,51.29,15
2026-09-21T08:15:00Z,SE1,27.20,15
2026-09-21T08:15:00Z,SE2,27.21,15
2026-09-21T08:15:00Z,SE3,27.21,15
2026-09-21T08:15:00Z,SE4,27.21,15
2026-09-21T08:15:00Z,SI,54.90,15
2026-09-21T08:15:00Z,SK,47.28,15
2026-09-21T08:30:00Z,AT,47.08,15
2026-09-21T08:30:00Z,BE,108.13,15
2026-09-21T08:30:00Z,CZ,41.15,15
2026-09-21T08:30:00Z,DE-LU,28.43,15
2026-09-21T08:30:00Z,DK1,4.31,15
2026-09-21T08:30:00Z,DK2,12.93,15
2026-09-21T08:30:00Z,EE,17.65,15
2026-09-21T08:30:00Z,ES,130.93,15
2026-09-21T08:30:00Z,FI,17.65,15
2026-09-21T08:30:00Z,FR,83.60,15
2026-09-21T08:30:00Z,GR,45.51,15
2026-09-21T08:30:00Z,HR,48.42,15
2026-09-21T08:30:00Z,HU,44.70,15
2026-09-21T08:30:00Z,IT-CNorth,179.62,15
2026-09-21T08:30:00Z,IT-CSouth,179.62,15
2026-09-21T08:30:00Z,IT-North,179.62,15
2026-09-21T08:30:00Z,IT-Sardinia,179.62,15
2026-09-21T08:30:00Z,IT-Sicily,179.62,15
2026-09-21T08:30:00Z,IT-South,179.62,15
2026-09-21T08:30:00Z,LT,17.65,15
2026-09-21T08:30:00Z,LV,17.65,15
2026-09-21T08:30:00Z,NL,168.03,15
2026-09-21T08:30:00Z,NO1,102.31,15
2026-09-21T08:30:00Z,NO2,102.66,15
2026-09-21T08:30:00Z,NO3,88.74,15
2026-09-21T08:30:00Z,NO4,27.40,15
2026-09-21T08:30:00Z,NO5,105.01,15
2026-09-21T08:30:00Z,PL,37.55,15
2026-09-21T08:30:00Z,PT,65.00,15
2026-09-21T08:30:00Z,RO,45.40,15
2026-09-21T08:30:00Z,SE1,15.00,15
2026-09-21T08:30:00Z,SE2,10.24,15
2026-09-21T08:30:00Z,SE3,12.01,15
2026-09-21T08:30:00Z,SE4,12.76,15
2026-09-21T08:30:00Z,SI,48.82,15
2026-09-21T08:30:00Z,SK,41.59,15
2026-09-21T08:45:00Z,AT,23.94,15
2026-09-21T08:45:00Z,BE,65.00,15
2026-09-21T08:45:00Z,CZ,19.95,15
2026-09-21T08:45:00Z,DE-LU,11.39,15
2026-09-21T08:45:00Z,DK1,1.02,15
2026-09-21T08:45:00Z,DK2,8.49,15
2026-09-21T08:45:00Z,EE,12.00,15
2026-09-21T08:45:00Z,ES,78.86,15
2026-09-21T08:45:00Z,FI,11.82,15
2026-09-21T08:45:00Z,FR,48.50,15
2026-09-21T08:45:00Z,GR,22.88,15
2026-09-21T08:45:00Z,HR,24.84,15
2026-09-21T08:45:00Z,HU,22.33,15
2026-09-21T08:45:00Z,IT-CNorth,176.54,15
2026-09-21T08:45:00Z,IT-CSouth,176.54,15
2026-09-21T08:45:00Z,IT-North,176.54,15
2026-09-21T08:45:00Z,IT-Sardinia,176.54,15
2026-09-21T08:45:00Z,IT-Sicily,176.54,15
2026-09-21T08:45:00Z,IT-South,176.54,15
2026-09-21T08:45:00Z,LT,12.00,15
2026-09-21T08:45:00Z,LV,12.00,15
2026-09-21T08:45:00Z,NL,105.28,15
2026-09-21T08:45:00Z,NO1,101.68,15
2026-09-21T08:45:00Z,NO2,101.75,15
2026-09-21T08:45:00Z,NO3,90.99,15
2026-09-21T08:45:00Z,NO4,26.28,15
2026-09-21T08:45:00Z,NO5,104.65,15
2026-09-21T08:45:00Z,PL,17.53,15
2026-09-21T08:45:00Z,PT,38.73,15
2026-09-21T08:45:00Z,RO,22.81,15
2026-09-21T08:45:00Z,SE1,11.05,15
2026-09-21T08:45:00Z,SE2,5.17,15
2026-09-21T08:45:00Z,SE3,7.36,15
2026-09-21T08:45:00Z,SE4,8.28,15
2026-09-21T08:45:00Z,SI,25.11,15
2026-09-21T08:45:00Z,SK,20.25,15
2026-09-21T09:00:00Z,AT,35.27,15
2026-09-21T09:00:00Z,BE,71.40,15
2026-09-21T09:00:00Z,CH,172.84,60
2026-09-21T09:00:00Z,CZ,29.64,15
2026-09-21T09:00:00Z,DE-LU,19.82,15
2026-09-21T09:00:00Z,DK1,4.31,15
2026-09-21T09:00:00Z,DK2,9.35,15
2026-09-21T09:00:00Z,EE,25.00,15
2026-09-21T09:00:00Z,ES,38.58,15
2026-09-21T09:00:00Z,FI,25.19,15
2026-09-21T09:00:00Z,FR,55.68,15
2026-09-21T09:00:00Z,GR,33.04,15
2026-09-21T09:00:00Z,HR,34.94,15
2026-09-21T09:00:00Z,HU,32.54,15
2026-09-21T09:00:00Z,IT-CNorth,182.45,15
2026-09-21T09:00:00Z,IT-CSouth,182.45,15
2026-09-21T09:00:00Z,IT-North,182.45,15
2026-09-21T09:00:00Z,IT-Sardinia,182.45,15
2026-09-21T09:00:00Z,IT-Sicily,182.45,15
2026-09-21T09:00:00Z,IT-South,182.45,15
2026-09-21T09:00:00Z,LT,25.00,15
2026-09-21T09:00:00Z,LV,25.00,15
2026-09-21T09:00:00Z,NL,110.10,15
2026-09-21T09:00:00Z,NO1,123.94,15
2026-09-21T09:00:00Z,NO2,125.80,15
2026-09-21T09:00:00Z,NO3,90.22,15
2026-09-21T09:00:00Z,NO5,126.00,15
2026-09-21T09:00:00Z,PL,27.00,15
2026-09-21T09:00:00Z,PT,11.85,15
2026-09-21T09:00:00Z,RO,32.97,15
2026-09-21T09:00:00Z,RS,36.52,15
2026-09-21T09:00:00Z,SE1,25.23,15
2026-09-21T09:00:00Z,SE2,24.84,15
2026-09-21T09:00:00Z,SE3,24.98,15
2026-09-21T09:00:00Z,SE4,25.05,15
2026-09-21T09:00:00Z,SI,35.39,15
2026-09-21T09:00:00Z,SK,30.16,15
2026-09-21T09:15:00Z,AT,39.39,15
2026-09-21T09:15:00Z,BE,60.00,15
2026-09-21T09:15:00Z,CZ,29.50,15
2026-09-21T09:15:00Z,DE-LU,13.13,15
2026-09-21T09:15:00Z,DK1,2.01,15
2026-09-21T09:15:00Z,DK2,4.94,15
2026-09-21T09:15:00Z,EE,15.35,15
2026-09-21T09:15:00Z,ES,28.17,15
2026-09-21T09:15:00Z,FI,15.36,15
2026-09-21T09:15:00Z,FR,46.38,15
2026-09-21T09:15:00Z,GR,33.47,15
2026-09-21T09:15:00Z,HR,35.45,15
2026-09-21T09:15:00Z,HU,33.44,15
2026-09-21T09:15:00Z,IT-CNorth,181.26,15
2026-09-21T09:15:00Z,IT-CSouth,181.26,15
2026-09-21T09:15:00Z,IT-North,181.26,15
2026-09-21T09:15:00Z,IT-Sardinia,181.26,15
2026-09-21T09:15:00Z,IT-Sicily,181.26,15
2026-09-21T09:15:00Z,IT-South,181.26,15
2026-09-21T09:15:00Z,LT,13.45,15
2026-09-21T09:15:00Z,LV,15.35,15
2026-09-21T09:15:00Z,NL,94.49,15
2026-09-21T09:15:00Z,NO1,120.74,15
2026-09-21T09:15:00Z,NO2,121.63,15
2026-09-21T09:15:00Z,NO3,98.16,15
2026-09-21T09:15:00Z,NO5,123.62,15
2026-09-21T09:15:00Z,PL,19.77,15
2026-09-21T09:15:00Z,PT,2.99,15
2026-09-21T09:15:00Z,RO,33.45,15
2026-09-21T09:15:00Z,SE1,15.81,15
2026-09-21T09:15:00Z,SE2,11.83,15
2026-09-21T09:15:00Z,SE3,13.30,15
2026-09-21T09:15:00Z,SE4,13.94,15
2026-09-21T09:15:00Z,SI,36.32,15
2026-09-21T09:15:00Z,SK,29.61,15
2026-09-21T09:30:00Z,AT,25.08,15
2026-09-21T09:30:00Z,BE,50.00,15
2026-09-21T09:30:00Z,CZ,15.39,15
2026-09-21T09:30:00Z,DE-LU,2.66,15
2026-09-21T09:30:00Z,DK1,1.38,15
2026-09-21T09:30:00Z,DK2,3.91,15
2026-09-21T09:30:00Z,EE,12.67,15
2026-09-21T09:30:00Z,ES,27.04,15
2026-09-21T09:30:00Z,FI,12.68,15
2026-09-21T09:30:00Z,FR,35.94,15
2026-09-21T09:30:00Z,GR,20.01,15
2026-09-21T09:30:00Z,HR,21.94,15
2026-09-21T09:30:00Z,HU,19.63,15
2026-09-21T09:30:00Z,IT-CNorth,181.85,15
2026-09-21T09:30:00Z,IT-CSouth,181.85,15
2026-09-21T09:30:00Z,IT-North,181.85,15
2026-09-21T09:30:00Z,IT-Sardinia,181.85,15
2026-09-21T09:30:00Z,IT-Sicily,181.85,15
2026-09-21T09:30:00Z,IT-South,181.85,15
2026-09-21T09:30:00Z,LT,11.93,15
2026-09-21T09:30:00Z,LV,12.67,15
2026-09-21T09:30:00Z,NL,85.20,15
2026-09-21T09:30:00Z,NO1,112.81,15
2026-09-21T09:30:00Z,NO2,113.20,15
2026-09-21T09:30:00Z,NO3,96.83,15
2026-09-21T09:30:00Z,NO4,27.04,15
2026-09-21T09:30:00Z,NO5,115.82,15
2026-09-21T09:30:00Z,PL,12.15,15
2026-09-21T09:30:00Z,PT,2.00,15
2026-09-21T09:30:00Z,RO,19.95,15
2026-09-21T09:30:00Z,SE1,13.27,15
2026-09-21T09:30:00Z,SE2,8.05,15
2026-09-21T09:30:00Z,SE3,9.97,15
2026-09-21T09:30:00Z,SE4,10.81,15
2026-09-21T09:30:00Z,SI,22.72,15
2026-09-21T09:30:00Z,SK,16.47,15
2026-09-21T09:45:00Z,AT,24.27,15
2026-09-21T09:45:00Z,BE,47.12,15
2026-09-21T09:45:00Z,CZ,13.56,15
2026-09-21T09:45:00Z,DE-LU,0.03,15
2026-09-21T09:45:00Z,DK2,2.13,15
2026-09-21T09:45:00Z,EE,10.71,15
2026-09-21T09:45:00Z,ES,26.16,15
2026-09-21T09:45:00Z,FI,10.72,15
2026-09-21T09:45:00Z,FR,33.22,15
2026-09-21T09:45:00Z,GR,18.51,15
2026-09-21T09:45:00Z,HR,20.48,15
2026-09-21T09:45:00Z,HU,18.15,15
2026-09-21T09:45:00Z,IT-CNorth,194.84,15
2026-09-21T09:45:00Z,IT-CSouth,194.84,15
2026-09-21T09:45:00Z,IT-North,194.84,15
2026-09-21T09:45:00Z,IT-Sardinia,194.84,15
2026-09-21T09:45:00Z,IT-Sicily,194.84,15
2026-09-21T09:45:00Z,IT-South,194.84,15
2026-09-21T09:45:00Z,LT,9.92,15
2026-09-21T09:45:00Z,LV,10.71,15
2026-09-21T09:45:00Z,NL,82.06,15
2026-09-21T09:45:00Z,NO1,109.79,15
2026-09-21T09:45:00Z,NO2,109.97,15
2026-09-21T09:45:00Z,NO3,96.54,15
2026-09-21T09:45:00Z,NO4,26.79,15
2026-09-21T09:45:00Z,NO5,112.90,15
2026-09-21T09:45:00Z,PL,10.14,15
2026-09-21T09:45:00Z,PT,1.81,15
2026-09-21T09:45:00Z,RO,18.46,15
2026-09-21T09:45:00Z,SE1,11.38,15
2026-09-21T09:45:00Z,SE2,5.54,15
2026-09-21T09:45:00Z,SE3,7.69,15
2026-09-21T09:45:00Z,SE4,8.63,15
2026-09-21T09:45:00Z,SI,21.34,15
2026-09-21T09:45:00Z,SK,14.78,15
2026-09-21T10:00:00Z,AT,65.14,15
2026-09-21T10:00:00Z,BE,42.15,15
2026-09-21T10:00:00Z,CH,169.38,60
2026-09-21T10:00:00Z,CZ,38.39,15
2026-09-21T10:00:00Z,DE-LU,0.76,15
2026-09-21T10:00:00Z,DK1,2.44,15
2026-09-21T10:00:00Z,DK2,3.00,15
2026-09-21T10:00:00Z,EE,15.74,15
2026-09-21T10:00:00Z,ES,28.99,15
2026-09-21T10:00:00Z,FI,15.75,15
2026-09-21T10:00:00Z,FR,32.17,15
2026-09-21T10:00:00Z,GR,46.17,15
2026-09-21T10:00:00Z,HR,48.89,15
2026-09-21T10:00:00Z,HU,47.23,15
2026-09-21T10:00:00Z,IT-CNorth,174.30,15
2026-09-21T10:00:00Z,IT-CSouth,174.30,15
2026-09-21T10:00:00Z,IT-North,174.30,15
2026-09-21T10:00:00Z,IT-Sardinia,174.30,15
2026-09-21T10:00:00Z,IT-Sicily,174.30,15
2026-09-21T10:00:00Z,IT-South,174.30,15
2026-09-21T10:00:00Z,LT,15.74,15
2026-09-21T10:00:00Z,LV,15.74,15
2026-09-21T10:00:00Z,NL,70.66,15
2026-09-21T10:00:00Z,NO1,93.35,15
2026-09-21T10:00:00Z,NO2,93.84,15
2026-09-21T10:00:00Z,NO3,78.41,15
2026-09-21T10:00:00Z,NO4,25.03,15
2026-09-21T10:00:00Z,NO5,95.52,15
2026-09-21T10:00:00Z,PL,11.03,15
2026-09-21T10:00:00Z,PT,1.52,15
2026-09-21T10:00:00Z,RO,46.28,15
2026-09-21T10:00:00Z,RS,28.70,15
2026-09-21T10:00:00Z,SE1,16.10,15
2026-09-21T10:00:00Z,SE2,12.72,15
2026-09-21T10:00:00Z,SE3,14.00,15
2026-09-21T10:00:00Z,SE4,14.54,15
2026-09-21T10:00:00Z,SI,51.22,15
2026-09-21T10:00:00Z,SK,38.54,15
2026-09-21T10:15:00Z,AT,64.99,15
2026-09-21T10:15:00Z,BE,36.26,15
2026-09-21T10:15:00Z,CZ,40.82,15
2026-09-21T10:15:00Z,DE-LU,0.01,15
2026-09-21T10:15:00Z,DK1,2.45,15
2026-09-21T10:15:00Z,DK2,2.87,15
2026-09-21T10:15:00Z,EE,12.82,15
2026-09-21T10:15:00Z,ES,26.28,15
2026-09-21T10:15:00Z,FI,12.83,15
2026-09-21T10:15:00Z,FR,28.15,15
2026-09-21T10:15:00Z,GR,46.45,15
2026-09-21T10:15:00Z,HR,48.99,15
2026-09-21T10:15:00Z,HU,48.08,15
2026-09-21T10:15:00Z,IT-CNorth,166.95,15
2026-09-21T10:15:00Z,IT-CSouth,166.95,15
2026-09-21T10:15:00Z,IT-North,166.95,15
2026-09-21T10:15:00Z,IT-Sardinia,166.95,15
2026-09-21T10:15:00Z,IT-Sicily,166.95,15
2026-09-21T10:15:00Z,IT-South,166.95,15
2026-09-21T10:15:00Z,LT,12.82,15
2026-09-21T10:15:00Z,LV,12.82,15
2026-09-21T10:15:00Z,NL,60.47,15
2026-09-21T10:15:00Z,NO1,80.39,15
2026-09-21T10:15:00Z,NO2,80.31,15
2026-09-21T10:15:00Z,NO3,73.37,15
2026-09-21T10:15:00Z,NO4,25.27,15
2026-09-21T10:15:00Z,NO5,82.57,15
2026-09-21T10:15:00Z,PL,3.53,15
2026-09-21T10:15:00Z,PT,1.50,15
2026-09-21T10:15:00Z,RO,46.62,15
2026-09-21T10:15:00Z,SE1,13.30,15
2026-09-21T10:15:00Z,SE2,8.77,15
2026-09-21T10:15:00Z,SE3,10.48,15
2026-09-21T10:15:00Z,SE4,11.21,15
2026-09-21T10:15:00Z,SI,51.23,15
2026-09-21T10:15:00Z,SK,39.11,15
2026-09-21T10:30:00Z,AT,58.54,15
2026-09-21T10:30:00Z,BE,36.79,15
2026-09-21T10:30:00Z,CZ,34.28,15
2026-09-21T10:30:00Z,DE-LU,0.02,15
2026-09-21T10:30:00Z,DK1,2.44,15
2026-09-21T10:30:00Z,DK2,2.79,15
2026-09-21T10:30:00Z,EE,11.25,15
2026-09-21T10:30:00Z,ES,24.02,15
2026-09-21T10:30:00Z,FI,11.26,15
2026-09-21T10:30:00Z,FR,28.00,15
2026-09-21T10:30:00Z,GR,41.27,15
2026-09-21T10:30:00Z,HR,43.71,15
2026-09-21T10:30:00Z,HU,42.26,15
2026-09-21T10:30:00Z,LT,11.25,15
2026-09-21T10:30:00Z,LV,11.25,15
2026-09-21T10:30:00Z,NL,62.04,15
2026-09-21T10:30:00Z,NO1,82.80,15
2026-09-21T10:30:00Z,NO2,82.63,15
2026-09-21T10:30:00Z,NO3,76.38,15
2026-09-21T10:30:00Z,NO4,25.18,15
2026-09-21T10:30:00Z,NO5,85.16,15
2026-09-21T10:30:00Z,PL,9.11,15
2026-09-21T10:30:00Z,PT,1.49,15
2026-09-21T10:30:00Z,RO,41.37,15
2026-09-21T10:30:00Z,SE1,11.79,15
2026-09-21T10:30:00Z,SE2,6.72,15
2026-09-21T10:30:00Z,SE3,8.64,15
2026-09-21T10:30:00Z,SE4,9.45,15
2026-09-21T10:30:00Z,SI,45.83,15
2026-09-21T10:30:00Z,SK,34.36,15
2026-09-21T10:45:00Z,AT,53.28,15
2026-09-21T10:45:00Z,BE,30.15,15
2026-09-21T10:45:00Z,CZ,33.00,15
2026-09-21T10:45:00Z,DE-LU,0.01,15
2026-09-21T10:45:00Z,DK1,2.47,15
2026-09-21T10:45:00Z,DK2,2.77,15
2026-09-21T10:45:00Z,EE,10.38,15
2026-09-21T10:45:00Z,ES,6.50,15
2026-09-21T10:45:00Z,FI,10.39,15
2026-09-21T10:45:00Z,FR,23.34,15
2026-09-21T10:45:00Z,GR,37.95,15
2026-09-21T10:45:00Z,HR,40.05,15
2026-09-21T10:45:00Z,HU,39.21,15
2026-09-21T10:45:00Z,IT-CNorth,164.83,15
2026-09-21T10:45:00Z,IT-CSouth,164.83,15
2026-09-21T10:45:00Z,IT-North,164.83,15
2026-09-21T10:45:00Z,IT-Sardinia,164.83,15
2026-09-21T10:45:00Z,IT-Sicily,164.83,15
2026-09-21T10:45:00Z,IT-South,164.83,15
2026-09-21T10:45:00Z,LT,10.38,15
2026-09-21T10:45:00Z,LV,10.38,15
2026-09-21T10:45:00Z,NL,50.38,15
2026-09-21T10:45:00Z,NO1,71.93,15
2026-09-21T10:45:00Z,NO2,71.45,15
2026-09-21T10:45:00Z,NO3,70.45,15
2026-09-21T10:45:00Z,NO4,25.30,15
2026-09-21T10:45:00Z,NO5,74.16,15
2026-09-21T10:45:00Z,PL,3.96,15
2026-09-21T10:45:00Z,PT,1.50,15
2026-09-21T10:45:00Z,RO,38.09,15
2026-09-21T10:45:00Z,SE1,10.95,15
2026-09-21T10:45:00Z,SE2,5.52,15
2026-09-21T10:45:00Z,SE3,7.57,15
2026-09-21T10:45:00Z,SE4,8.45,15
2026-09-21T10:45:00Z,SI,41.91,15
2026-09-21T10:45:00Z,SK,31.89,15
2026-09-21T11:00:00Z,AT,66.83,15
2026-09-21T11:00:00Z,BE,29.15,15
2026-09-21T11:00:00Z,CH,170.59,60
2026-09-21T11:00:00Z,CZ,42.97,15
2026-09-21T11:00:00Z,DE-LU,0.00,15
2026-09-21T11:00:00Z,DK1,2.71,15
2026-09-21T11:00:00Z,DK2,3.06,15
2026-09-21T11:00:00Z,EE,11.58,15
2026-09-21T11:00:00Z,ES,9.61,15
2026-09-21T11:00:00Z,FI,11.59,15
2026-09-21T11:00:00Z,FR,23.47,15
2026-09-21T11:00:00Z,GR,47.65,15
2026-09-21T11:00:00Z,HR,49.91,15
2026-09-21T11:00:00Z,HU,49.64,15
2026-09-21T11:00:00Z,IT-CNorth,163.31,15
2026-09-21T11:00:00Z,IT-CSouth,163.31,15
2026-09-21T11:00:00Z,IT-North,163.31,15
2026-09-21T11:00:00Z,IT-Sardinia,163.31,15
2026-09-21T11:00:00Z,IT-Sicily,157.90,15
2026-09-21T11:00:00Z,IT-South,163.31,15
2026-09-21T11:00:00Z,LT,11.58,15
2026-09-21T11:00:00Z,LV,11.58,15
2026-09-21T11:00:00Z,NL,47.75,15
2026-09-21T11:00:00Z,NO1,67.86,15
2026-09-21T11:00:00Z,NO2,67.46,15
2026-09-21T11:00:00Z,NO3,67.06,15
2026-09-21T11:00:00Z,NO4,25.59,15
2026-09-21T11:00:00Z,NO5,70.00,15
2026-09-21T11:00:00Z,PL,0.00,15
2026-09-21T11:00:00Z,PT,1.82,15
2026-09-21T11:00:00Z,RO,47.86,15
2026-09-21T11:00:00Z,RS,49.99,15
2026-09-21T11:00:00Z,SE1,12.13,15
2026-09-21T11:00:00Z,SE2,7.04,15
2026-09-21T11:00:00Z,SE3,8.95,15
2026-09-21T11:00:00Z,SE4,9.76,15
2026-09-21T11:00:00Z,SI,52.28,15
2026-09-21T11:00:00Z,SK,40.06,15
2026-09-21T11:15:00Z,AT,56.84,15
2026-09-21T11:15:00Z,BE,25.14,15
2026-09-21T11:15:00Z,CZ,36.08,15
2026-09-21T11:15:00Z,DE-LU,11.70,15
2026-09-21T11:15:00Z,DK1,2.68,15
2026-09-21T11:15:00Z,DK2,2.98,15
2026-09-21T11:15:00Z,EE,10.50,15
2026-09-21T11:15:00Z,ES,13.86,15
2026-09-21T11:15:00Z,FI,10.51,15
2026-09-21T11:15:00Z,FR,20.17,15
2026-09-21T11:15:00Z,GR,40.40,15
2026-09-21T11:15:00Z,HR,42.34,15
2026-09-21T11:15:00Z,HU,42.01,15
2026-09-21T11:15:00Z,IT-Sicily,156.44,15
2026-09-21T11:15:00Z,LT,10.50,15
2026-09-21T11:15:00Z,LV,10.50,15
2026-09-21T11:15:00Z,NL,41.29,15
2026-09-21T11:15:00Z,NO1,59.07,15
2026-09-21T11:15:00Z,NO2,58.38,15
2026-09-21T11:15:00Z,NO3,62.72,15
2026-09-21T11:15:00Z,NO4,25.75,15
2026-09-21T11:15:00Z,NO5,61.15,15
2026-09-21T11:15:00Z,PL,1.04,15
2026-09-21T11:15:00Z,RO,40.58,15
2026-09-21T11:15:00Z,SE1,11.10,15
2026-09-21T11:15:00Z,SE2,5.55,15
2026-09-21T11:15:00Z,SE3,7.63,15
2026-09-21T11:15:00Z,SE4,8.52,15
2026-09-21T11:15:00Z,SI,44.38,15
2026-09-21T11:15:00Z,SK,33.90,15
2026-09-21T11:30:00Z,AT,39.24,15
2026-09-21T11:30:00Z,BE,22.11,15
2026-09-21T11:30:00Z,CZ,20.72,15
2026-09-21T11:30:00Z,DE-LU,8.61,15
2026-09-21T11:30:00Z,DK1,2.46,15
2026-09-21T11:30:00Z,DK2,2.77,15
2026-09-21T11:30:00Z,EE,10.48,15
2026-09-21T11:30:00Z,ES,8.40,15
2026-09-21T11:30:00Z,FI,10.50,15
2026-09-21T11:30:00Z,FR,16.75,15
2026-09-21T11:30:00Z,GR,26.82,15
2026-09-21T11:30:00Z,HR,28.35,15
2026-09-21T11:30:00Z,HU,27.17,15
2026-09-21T11:30:00Z,IT-CNorth,167.15,15
2026-09-21T11:30:00Z,IT-CSouth,167.15,15
2026-09-21T11:30:00Z,IT-North,167.15,15
2026-09-21T11:30:00Z,IT-Sardinia,167.15,15
2026-09-21T11:30:00Z,IT-Sicily,158.82,15
2026-09-21T11:30:00Z,IT-South,167.15,15
2026-09-21T11:30:00Z,LT,10.48,15
2026-09-21T11:30:00Z,LV,10.48,15
2026-09-21T11:30:00Z,NL,38.35,15
2026-09-21T11:30:00Z,NO1,56.13,15
2026-09-21T11:30:00Z,NO2,55.38,15
2026-09-21T11:30:00Z,NO3,60.93,15
2026-09-21T11:30:00Z,NO4,25.81,15
2026-09-21T11:30:00Z,NO5,58.16,15
2026-09-21T11:30:00Z,PL,10.31,15
2026-09-21T11:30:00Z,PT,1.75,15
2026-09-21T11:30:00Z,RO,26.86,15
2026-09-21T11:30:00Z,SE1,11.09,15
2026-09-21T11:30:00Z,SE2,5.51,15
2026-09-21T11:30:00Z,SE3,7.61,15
2026-09-21T11:30:00Z,SE4,8.50,15
2026-09-21T11:30:00Z,SI,29.92,15
2026-09-21T11:30:00Z,SK,21.96,15
2026-09-21T11:45:00Z,AT,35.38,15
2026-09-21T11:45:00Z,BE,21.74,15
2026-09-21T11:45:00Z,CZ,17.83,15
2026-09-21T11:45:00Z,DE-LU,9.94,15
2026-09-21T11:45:00Z,DK1,2.44,15
2026-09-21T11:45:00Z,EE,11.33,15
2026-09-21T11:45:00Z,ES,0.00,15
2026-09-21T11:45:00Z,FI,11.34,15
2026-09-21T11:45:00Z,FR,16.38,15
2026-09-21T11:45:00Z,GR,24.01,15
2026-09-21T11:45:00Z,HR,25.48,15
2026-09-21T11:45:00Z,HU,24.16,15
2026-09-21T11:45:00Z,IT-CNorth,165.59,15
2026-09-21T11:45:00Z,IT-CSouth,165.59,15
2026-09-21T11:45:00Z,IT-North,165.59,15
2026-09-21T11:45:00Z,IT-Sardinia,165.59,15
2026-09-21T11:45:00Z,IT-Sicily,165.59,15
2026-09-21T11:45:00Z,IT-South,165.59,15
2026-09-21T11:45:00Z,LT,11.33,15
2026-09-21T11:45:00Z,LV,11.33,15
2026-09-21T11:45:00Z,NL,36.98,15
2026-09-21T11:45:00Z,NO1,53.64,15
2026-09-21T11:45:00Z,NO2,52.79,15
2026-09-21T11:45:00Z,NO3,59.95,15
2026-09-21T11:45:00Z,NO4,26.85,15
2026-09-21T11:45:00Z,NO5,55.62,15
2026-09-21T11:45:00Z,PL,11.35,15
2026-09-21T11:45:00Z,PT,1.52,15
2026-09-21T11:45:00Z,RO,24.03,15
2026-09-21T11:45:00Z,SE1,11.90,15
2026-09-21T11:45:00Z,SE2,6.24,15
2026-09-21T11:45:00Z,SE3,8.36,15
2026-09-21T11:45:00Z,SE4,9.27,15
2026-09-21T11:45:00Z,SI,26.92,15
2026-09-21T11:45:00Z,SK,19.51,15
2026-09-21T12:00:00Z,AT,48.12,15
2026-09-21T12:00:00Z,BE,25.66,15
2026-09-21T12:00:00Z,CH,170.30,60
2026-09-21T12:00:00Z,CZ,28.43,15
2026-09-21T12:00:00Z,DE-LU,8.24,15
2026-09-21T12:00:00Z,DK1,2.47,15
2026-09-21T12:00:00Z,DK2,2.83,15
2026-09-21T12:00:00Z,EE,13.06,15
2026-09-21T12:00:00Z,ES,1.77,15
2026-09-21T12:00:00Z,FI,13.07,15
2026-09-21T12:00:00Z,FR,20.02,15
2026-09-21T12:00:00Z,GR,36.01,15
2026-09-21T12:00:00Z,HR,37.98,15
2026-09-21T12:00:00Z,HU,36.70,15
2026-09-21T12:00:00Z,IT-CNorth,176.03,15
2026-09-21T12:00:00Z,IT-CSouth,176.03,15
2026-09-21T12:00:00Z,IT-North,176.03,15
2026-09-21T12:00:00Z,IT-Sardinia,176.03,15
2026-09-21T12:00:00Z,IT-Sicily,176.03,15
2026-09-21T12:00:00Z,IT-South,176.03,15
2026-09-21T12:00:00Z,LT,13.06,15
2026-09-21T12:00:00Z,LV,13.06,15
2026-09-21T12:00:00Z,NL,42.75,15
2026-09-21T12:00:00Z,NO1,61.87,15
2026-09-21T12:00:00Z,NO2,61.19,15
2026-09-21T12:00:00Z,NO3,65.55,15
2026-09-21T12:00:00Z,NO4,27.48,15
2026-09-21T12:00:00Z,NO5,64.01,15
2026-09-21T12:00:00Z,PL,12.71,15
2026-09-21T12:00:00Z,RO,36.08,15
2026-09-21T12:00:00Z,RS,61.97,15
2026-09-21T12:00:00Z,SE1,12.47,15
2026-09-21T12:00:00Z,SE2,6.72,15
2026-09-21T12:00:00Z,SE3,8.87,15
2026-09-21T12:00:00Z,SE4,9.76,15
2026-09-21T12:00:00Z,SI,40.09,15
2026-09-21T12:00:00Z,SK,30.20,15
2026-09-21T12:15:00Z,AT,46.68,15
2026-09-21T12:15:00Z,BE,29.12,15
2026-09-21T12:15:00Z,CZ,24.50,15
2026-09-21T12:15:00Z,DE-LU,10.36,15
2026-09-21T12:15:00Z,DK1,2.48,15
2026-09-21T12:15:00Z,DK2,2.89,15
2026-09-21T12:15:00Z,EE,14.73,15
2026-09-21T12:15:00Z,ES,0.00,15
2026-09-21T12:15:00Z,FI,14.74,15
2026-09-21T12:15:00Z,FR,22.08,15
2026-09-21T12:15:00Z,GR,33.83,15
2026-09-21T12:15:00Z,HR,35.88,15
2026-09-21T12:15:00Z,HU,33.96,15
2026-09-21T12:15:00Z,IT-CNorth,178.00,15
2026-09-21T12:15:00Z,IT-CSouth,178.00,15
2026-09-21T12:15:00Z,IT-North,178.00,15
2026-09-21T12:15:00Z,IT-Sardinia,178.00,15
2026-09-21T12:15:00Z,IT-Sicily,178.00,15
2026-09-21T12:15:00Z,IT-South,178.00,15
2026-09-21T12:15:00Z,LT,14.73,15
2026-09-21T12:15:00Z,LV,14.73,15
2026-09-21T12:15:00Z,NL,49.25,15
2026-09-21T12:15:00Z,NO1,71.08,15
2026-09-21T12:15:00Z,NO2,70.74,15
2026-09-21T12:15:00Z,NO3,69.45,15
2026-09-21T12:15:00Z,NO4,26.65,15
2026-09-21T12:15:00Z,NO5,73.26,15
2026-09-21T12:15:00Z,PL,18.67,15
2026-09-21T12:15:00Z,PT,1.82,15
2026-09-21T12:15:00Z,RO,33.84,15
2026-09-21T12:15:00Z,SE1,13.24,15
2026-09-21T12:15:00Z,SE2,8.11,15
2026-09-21T12:15:00Z,SE3,10.03,15
2026-09-21T12:15:00Z,SE4,10.82,15
2026-09-21T12:15:00Z,SI,38.02,15
2026-09-21T12:15:00Z,SK,27.90,15
2026-09-21T12:30:00Z,AT,49.02,15
2026-09-21T12:30:00Z,BE,29.62,15
2026-09-21T12:30:00Z,CZ,25.71,15
2026-09-21T12:30:00Z,DE-LU,0.01,15
2026-09-21T12:30:00Z,DK1,2.64,15
2026-09-21T12:30:00Z,DK2,2.99,15
2026-09-21T12:30:00Z,EE,11.52,15
2026-09-21T12:30:00Z,ES,8.25,15
2026-09-21T12:30:00Z,FI,11.53,15
2026-09-21T12:30:00Z,FR,22.54,15
2026-09-21T12:30:00Z,GR,35.51,15
2026-09-21T12:30:00Z,HR,37.64,15
2026-09-21T12:30:00Z,HU,35.66,15
2026-09-21T12:30:00Z,IT-CNorth,176.03,15
2026-09-21T12:30:00Z,IT-CSouth,176.03,15
2026-09-21T12:30:00Z,IT-North,176.03,15
2026-09-21T12:30:00Z,IT-Sardinia,176.03,15
2026-09-21T12:30:00Z,IT-Sicily,176.03,15
2026-09-21T12:30:00Z,IT-South,176.03,15
2026-09-21T12:30:00Z,LT,11.52,15
2026-09-21T12:30:00Z,LV,11.52,15
2026-09-21T12:30:00Z,NL,50.02,15
2026-09-21T12:30:00Z,NO1,72.21,15
2026-09-21T12:30:00Z,NO2,71.83,15
2026-09-21T12:30:00Z,NO3,70.87,15
2026-09-21T12:30:00Z,NO4,26.28,15
2026-09-21T12:30:00Z,NO5,74.49,15
2026-09-21T12:30:00Z,PL,19.61,15
2026-09-21T12:30:00Z,PT,1.95,15
2026-09-21T12:30:00Z,RO,35.52,15
2026-09-21T12:30:00Z,SE1,12.15,15
2026-09-21T12:30:00Z,SE2,6.72,15
2026-09-21T12:30:00Z,SE3,8.75,15
2026-09-21T12:30:00Z,SE4,9.59,15
2026-09-21T12:30:00Z,SI,39.89,15
2026-09-21T12:30:00Z,SK,29.31,15
2026-09-21T12:45:00Z,AT,56.40,15
2026-09-21T12:45:00Z,BE,34.33,15
2026-09-21T12:45:00Z,CZ,29.60,15
2026-09-21T12:45:00Z,DE-LU,0.03,15
2026-09-21T12:45:00Z,DK1,2.50,15
2026-09-21T12:45:00Z,DK2,2.88,15
2026-09-21T12:45:00Z,EE,12.22,15
2026-09-21T12:45:00Z,ES,21.84,15
2026-09-21T12:45:00Z,FI,12.23,15
2026-09-21T12:45:00Z,FR,26.11,15
2026-09-21T12:45:00Z,GR,40.87,15
2026-09-21T12:45:00Z,HR,43.32,15
2026-09-21T12:45:00Z,HU,41.04,15
2026-09-21T12:45:00Z,IT-CNorth,172.10,15
2026-09-21T12:45:00Z,IT-CSouth,172.10,15
2026-09-21T12:45:00Z,IT-North,172.10,15
2026-09-21T12:45:00Z,IT-Sardinia,172.10,15
2026-09-21T12:45:00Z,IT-Sicily,172.10,15
2026-09-21T12:45:00Z,IT-South,172.10,15
2026-09-21T12:45:00Z,LT,12.22,15
2026-09-21T12:45:00Z,LV,12.22,15
2026-09-21T12:45:00Z,NL,57.97,15
2026-09-21T12:45:00Z,NO1,83.30,15
2026-09-21T12:45:00Z,NO2,83.23,15
2026-09-21T12:45:00Z,NO3,76.87,15
2026-09-21T12:45:00Z,NO4,25.98,15
2026-09-21T12:45:00Z,NO5,85.71,15
2026-09-21T12:45:00Z,PL,22.57,15
2026-09-21T12:45:00Z,PT,1.85,15
2026-09-21T12:45:00Z,RO,40.87,15
2026-09-21T12:45:00Z,SE1,12.80,15
2026-09-21T12:45:00Z,SE2,7.74,15
2026-09-21T12:45:00Z,SE3,9.63,15
2026-09-21T12:45:00Z,SE4,10.42,15
2026-09-21T12:45:00Z,SI,45.91,15
2026-09-21T12:45:00Z,SK,33.72,15
2026-09-21T13:00:00Z,AT,57.60,15
2026-09-21T13:00:00Z,BE,34.09,15
2026-09-21T13:00:00Z,CH,86.00,60
2026-09-21T13:00:00Z,CZ,30.13,15
2026-09-21T13:00:00Z,DE-LU,0.00,15
2026-09-21T13:00:00Z,DK1,3.40,15
2026-09-21T13:00:00Z,DK2,3.70,15
2026-09-21T13:00:00Z,EE,11.00,15
2026-09-21T13:00:00Z,ES,16.32,15
2026-09-21T13:00:00Z,FI,11.01,15
2026-09-21T13:00:00Z,FR,25.67,15
2026-09-21T13:00:00Z,GR,41.75,15
2026-09-21T13:00:00Z,HR,44.33,15
2026-09-21T13:00:00Z,HU,41.91,15
2026-09-21T13:00:00Z,IT-CNorth,193.54,15
2026-09-21T13:00:00Z,IT-CSouth,193.54,15
2026-09-21T13:00:00Z,IT-North,193.54,15
2026-09-21T13:00:00Z,IT-Sardinia,193.54,15
2026-09-21T13:00:00Z,IT-Sicily,193.54,15
2026-09-21T13:00:00Z,IT-South,193.54,15
2026-09-21T13:00:00Z,LT,11.00,15
2026-09-21T13:00:00Z,LV,11.00,15
2026-09-21T13:00:00Z,NL,57.46,15
2026-09-21T13:00:00Z,NO1,84.10,15
2026-09-21T13:00:00Z,NO2,83.58,15
2026-09-21T13:00:00Z,NO3,80.48,15
2026-09-21T13:00:00Z,NO4,27.43,15
2026-09-21T13:00:00Z,NO5,86.53,15
2026-09-21T13:00:00Z,PL,23.07,15
2026-09-21T13:00:00Z,PT,3.43,15
2026-09-21T13:00:00Z,RO,41.78,15
2026-09-21T13:00:00Z,RS,101.14,15
2026-09-21T13:00:00Z,SE1,11.75,15
2026-09-21T13:00:00Z,SE2,5.62,15
2026-09-21T13:00:00Z,SE3,7.91,15
2026-09-21T13:00:00Z,SE4,8.87,15
2026-09-21T13:00:00Z,SI,46.75,15
2026-09-21T13:00:00Z,SK,34.24,15
2026-09-21T13:15:00Z,AT,71.59,15
2026-09-21T13:15:00Z,BE,41.33,15
2026-09-21T13:15:00Z,CZ,36.34,15
2026-09-21T13:15:00Z,DE-LU,0.03,15
2026-09-21T13:15:00Z,DK1,3.35,15
2026-09-21T13:15:00Z,DK2,3.68,15
2026-09-21T13:15:00Z,EE,11.85,15
2026-09-21T13:15:00Z,ES,19.00,15
2026-09-21T13:15:00Z,FI,11.86,15
2026-09-21T13:15:00Z,FR,31.30,15
2026-09-21T13:15:00Z,GR,54.31,15
2026-09-21T13:15:00Z,HR,56.69,15
2026-09-21T13:15:00Z,HU,54.95,15
2026-09-21T13:15:00Z,LT,11.85,15
2026-09-21T13:15:00Z,LV,11.85,15
2026-09-21T13:15:00Z,NL,69.46,15
2026-09-21T13:15:00Z,NO1,94.83,15
2026-09-21T13:15:00Z,NO2,94.58,15
2026-09-21T13:15:00Z,NO3,86.63,15
2026-09-21T13:15:00Z,NO4,27.51,15
2026-09-21T13:15:00Z,NO5,97.40,15
2026-09-21T13:15:00Z,PL,28.39,15
2026-09-21T13:15:00Z,RO,54.38,15
2026-09-21T13:15:00Z,SE1,12.56,15
2026-09-21T13:15:00Z,SE2,6.72,15
2026-09-21T13:15:00Z,SE3,8.90,15
2026-09-21T13:15:00Z,SE4,9.82,15
2026-09-21T13:15:00Z,SI,59.33,15
2026-09-21T13:15:00Z,SK,46.00,15
2026-09-21T13:30:00Z,AT,122.29,15
2026-09-21T13:30:00Z,BE,43.60,15
2026-09-21T13:30:00Z,CZ,58.00,15
2026-09-21T13:30:00Z,DE-LU,0.10,15
2026-09-21T13:30:00Z,DK1,3.48,15
2026-09-21T13:30:00Z,DK2,4.10,15
2026-09-21T13:30:00Z,EE,17.76,15
2026-09-21T13:30:00Z,ES,33.73,15
2026-09-21T13:30:00Z,FI,17.77,15
2026-09-21T13:30:00Z,FR,20.24,15
2026-09-21T13:30:00Z,GR,132.95,15
2026-09-21T13:30:00Z,HR,108.93,15
2026-09-21T13:30:00Z,HU,108.93,15
2026-09-21T13:30:00Z,IT-CNorth,207.00,15
2026-09-21T13:30:00Z,IT-CSouth,207.00,15
2026-09-21T13:30:00Z,IT-North,207.00,15
2026-09-21T13:30:00Z,IT-Sardinia,207.00,15
2026-09-21T13:30:00Z,IT-Sicily,207.00,15
2026-09-21T13:30:00Z,IT-South,207.00,15
2026-09-21T13:30:00Z,LT,17.76,15
2026-09-21T13:30:00Z,LV,17.76,15
2026-09-21T13:30:00Z,NL,76.99,15
2026-09-21T13:30:00Z,NO1,105.42,15
2026-09-21T13:30:00Z,NO2,105.95,15
2026-09-21T13:30:00Z,NO3,87.44,15
2026-09-21T13:30:00Z,NO5,107.70,15
2026-09-21T13:30:00Z,PL,48.45,15
2026-09-21T13:30:00Z,PT,5.00,15
2026-09-21T13:30:00Z,RO,106.83,15
2026-09-21T13:30:00Z,SE1,18.21,15
2026-09-21T13:30:00Z,SE2,14.57,15
2026-09-21T13:30:00Z,SE3,15.93,15
2026-09-21T13:30:00Z,SE4,16.50,15
2026-09-21T13:30:00Z,SI,113.44,15
2026-09-21T13:30:00Z,SK,95.04,15
2026-09-21T13:45:00Z,AT,177.27,15
2026-09-21T13:45:00Z,BE,51.10,15
2026-09-21T13:45:00Z,CZ,80.88,15
2026-09-21T13:45:00Z,DE-LU,5.47,15
2026-09-21T13:45:00Z,DK1,5.47,15
2026-09-21T13:45:00Z,DK2,5.89,15
2026-09-21T13:45:00Z,EE,21.95,15
2026-09-21T13:45:00Z,ES,46.95,15
2026-09-21T13:45:00Z,FI,21.95,15
2026-09-21T13:45:00Z,FR,17.24,15
2026-09-21T13:45:00Z,GR,171.87,15
2026-09-21T13:45:00Z,HR,171.87,15
2026-09-21T13:45:00Z,HU,177.27,15
2026-09-21T13:45:00Z,LT,21.95,15
2026-09-21T13:45:00Z,LV,21.95,15
2026-09-21T13:45:00Z,NL,87.79,15
2026-09-21T13:45:00Z,NO1,117.84,15
2026-09-21T13:45:00Z,NO2,119.11,15
2026-09-21T13:45:00Z,NO3,90.00,15
2026-09-21T13:45:00Z,NO4,26.65,15
2026-09-21T13:45:00Z,NO5,119.96,15
2026-09-21T13:45:00Z,PL,72.55,15
2026-09-21T13:45:00Z,PT,5.88,15
2026-09-21T13:45:00Z,RO,172.46,15
2026-09-21T13:45:00Z,SE1,22.16,15
2026-09-21T13:45:00Z,SE2,20.41,15
2026-09-21T13:45:00Z,SE3,21.07,15
2026-09-21T13:45:00Z,SE4,21.34,15
2026-09-21T13:45:00Z,SI,177.27,15
2026-09-21T13:45:00Z,SK,160.27,15
2026-09-21T14:00:00Z,AT,72.70,15
2026-09-21T14:00:00Z,BE,49.94,15
2026-09-21T14:00:00Z,CH,171.58,60
2026-09-21T14:00:00Z,CZ,36.14,15
2026-09-21T14:00:00Z,DE-LU,0.08,15
2026-09-21T14:00:00Z,DK1,2.00,15
2026-09-21T14:00:00Z,DK2,3.96,15
2026-09-21T14:00:00Z,EE,10.50,15
2026-09-21T14:00:00Z,ES,35.07,15
2026-09-21T14:00:00Z,FI,10.52,15
2026-09-21T14:00:00Z,FR,37.19,15
2026-09-21T14:00:00Z,GR,156.40,15
2026-09-21T14:00:00Z,HR,63.59,15
2026-09-21T14:00:00Z,HU,61.77,15
2026-09-21T14:00:00Z,IT-CNorth,185.08,15
2026-09-21T14:00:00Z,IT-CSouth,185.08,15
2026-09-21T14:00:00Z,IT-North,185.08,15
2026-09-21T14:00:00Z,IT-Sardinia,185.08,15
2026-09-21T14:00:00Z,IT-Sicily,185.08,15
2026-09-21T14:00:00Z,IT-South,185.08,15
2026-09-21T14:00:00Z,LT,10.50,15
2026-09-21T14:00:00Z,LV,10.50,15
2026-09-21T14:00:00Z,NL,85.84,15
2026-09-21T14:00:00Z,NO1,115.82,15
2026-09-21T14:00:00Z,NO2,116.24,15
2026-09-21T14:00:00Z,NO3,98.95,15
2026-09-21T14:00:00Z,NO4,25.59,15
2026-09-21T14:00:00Z,NO5,118.95,15
2026-09-21T14:00:00Z,PL,39.50,15
2026-09-21T14:00:00Z,PT,6.07,15
2026-09-21T14:00:00Z,RO,60.93,15
2026-09-21T14:00:00Z,RS,174.99,15
2026-09-21T14:00:00Z,SE1,11.05,15
2026-09-21T14:00:00Z,SE2,5.53,15
2026-09-21T14:00:00Z,SE3,7.67,15
2026-09-21T14:00:00Z,SE4,8.55,15
2026-09-21T14:00:00Z,SI,66.59,15
2026-09-21T14:00:00Z,SK,52.11,15
2026-09-21T14:15:00Z,AT,168.84,15
2026-09-21T14:15:00Z,BE,88.58,15
2026-09-21T14:15:00Z,CZ,77.20,15
2026-09-21T14:15:00Z,DE-LU,20.95,15
2026-09-21T14:15:00Z,DK1,4.10,15
2026-09-21T14:15:00Z,DK2,4.98,15
2026-09-21T14:15:00Z,EE,14.73,15
2026-09-21T14:15:00Z,ES,46.19,15
2026-09-21T14:15:00Z,FI,14.74,15
2026-09-21T14:15:00Z,FR,76.19,15
2026-09-21T14:15:00Z,GR,203.14,15
2026-09-21T14:15:00Z,HR,185.08,15
2026-09-21T14:15:00Z,HU,189.75,15
2026-09-21T14:15:00Z,IT-CNorth,191.27,15
2026-09-21T14:15:00Z,IT-CSouth,191.27,15
2026-09-21T14:15:00Z,IT-North,191.27,15
2026-09-21T14:15:00Z,IT-Sardinia,191.27,15
2026-09-21T14:15:00Z,IT-Sicily,225.00,15
2026-09-21T14:15:00Z,IT-South,191.27,15
2026-09-21T14:15:00Z,LT,14.73,15
2026-09-21T14:15:00Z,LV,14.73,15
2026-09-21T14:15:00Z,NL,132.46,15
2026-09-21T14:15:00Z,NO1,120.71,15
2026-09-21T14:15:00Z,NO2,121.58,15
2026-09-21T14:15:00Z,NO3,97.95,15
2026-09-21T14:15:00Z,NO4,25.70,15
2026-09-21T14:15:00Z,NO5,123.55,15
2026-09-21T14:15:00Z,PL,76.48,15
2026-09-21T14:15:00Z,PT,14.80,15
2026-09-21T14:15:00Z,RO,185.12,15
2026-09-21T14:15:00Z,SE1,15.13,15
2026-09-21T14:15:00Z,SE2,11.11,15
2026-09-21T14:15:00Z,SE3,12.67,15
2026-09-21T14:15:00Z,SE4,13.31,15
2026-09-21T14:15:00Z,SI,191.27,15
2026-09-21T14:15:00Z,SK,175.78,15
2026-09-21T14:30:00Z,AT,215.73,15
2026-09-21T14:30:00Z,BE,99.02,15
2026-09-21T14:30:00Z,CZ,100.16,15
2026-09-21T14:30:00Z,DE-LU,33.95,15
2026-09-21T14:30:00Z,DK1,10.50,15
2026-09-21T14:30:00Z,DK2,26.00,15
2026-09-21T14:30:00Z,EE,26.36,15
2026-09-21T14:30:00Z,ES,57.59,15
2026-09-21T14:30:00Z,FI,26.36,15
2026-09-21T14:30:00Z,FR,54.27,15
2026-09-21T14:30:00Z,GR,221.42,15
2026-09-21T14:30:00Z,HR,213.31,15
2026-09-21T14:30:00Z,HU,231.08,15
2026-09-21T14:30:00Z,IT-CNorth,215.73,15
2026-09-21T14:30:00Z,IT-CSouth,215.73,15
2026-09-21T14:30:00Z,IT-North,215.73,15
2026-09-21T14:30:00Z,IT-Sardinia,215.73,15
2026-09-21T14:30:00Z,IT-Sicily,226.00,15
2026-09-21T14:30:00Z,IT-South,215.73,15
2026-09-21T14:30:00Z,LT,26.36,15
2026-09-21T14:30:00Z,LV,26.36,15
2026-09-21T14:30:00Z,NL,154.28,15
2026-09-21T14:30:00Z,NO1,123.41,15
2026-09-21T14:30:00Z,NO2,125.30,15
2026-09-21T14:30:00Z,NO3,88.75,15
2026-09-21T14:30:00Z,NO4,26.36,15
2026-09-21T14:30:00Z,NO5,125.30,15
2026-09-21T14:30:00Z,PL,98.83,15
2026-09-21T14:30:00Z,PT,24.01,15
2026-09-21T14:30:00Z,RO,222.60,15
2026-09-21T14:30:00Z,SE1,26.36,15
2026-09-21T14:30:00Z,SE2,26.36,15
2026-09-21T14:30:00Z,SE3,26.36,15
2026-09-21T14:30:00Z,SE4,26.36,15
2026-09-21T14:30:00Z,SI,213.31,15
2026-09-21T14:30:00Z,SK,218.45,15
2026-09-21T14:45:00Z,AT,222.72,15
2026-09-21T14:45:00Z,BE,109.20,15
2026-09-21T14:45:00Z,CZ,114.83,15
2026-09-21T14:45:00Z,DE-LU,59.32,15
2026-09-21T14:45:00Z,DK1,38.55,15
2026-09-21T14:45:00Z,DK2,56.24,15
2026-09-21T14:45:00Z,EE,70.56,15
2026-09-21T14:45:00Z,ES,54.12,15
2026-09-21T14:45:00Z,FI,56.24,15
2026-09-21T14:45:00Z,FR,52.38,15
2026-09-21T14:45:00Z,GR,233.84,15
2026-09-21T14:45:00Z,HR,224.26,15
2026-09-21T14:45:00Z,HU,243.69,15
2026-09-21T14:45:00Z,IT-CNorth,222.72,15
2026-09-21T14:45:00Z,IT-CSouth,222.72,15
2026-09-21T14:45:00Z,IT-North,222.72,15
2026-09-21T14:45:00Z,IT-Sardinia,222.72,15
2026-09-21T14:45:00Z,IT-Sicily,345.83,15
2026-09-21T14:45:00Z,IT-South,222.72,15
2026-09-21T14:45:00Z,LT,70.56,15
2026-09-21T14:45:00Z,LV,70.56,15
2026-09-21T14:45:00Z,NL,160.00,15
2026-09-21T14:45:00Z,NO1,127.68,15
2026-09-21T14:45:00Z,NO2,129.07,15
2026-09-21T14:45:00Z,NO3,102.17,15
2026-09-21T14:45:00Z,NO4,56.24,15
2026-09-21T14:45:00Z,NO5,129.07,15
2026-09-21T14:45:00Z,PL,115.95,15
2026-09-21T14:45:00Z,PT,27.00,15
2026-09-21T14:45:00Z,RO,235.08,15
2026-09-21T14:45:00Z,SE1,56.24,15
2026-09-21T14:45:00Z,SE2,56.24,15
2026-09-21T14:45:00Z,SE3,56.24,15
2026-09-21T14:45:00Z,SE4,56.24,15
2026-09-21T14:45:00Z,SI,222.72,15
2026-09-21T14:45:00Z,SK,234.38,15
2026-09-21T15:00:00Z,AT,134.95,15
2026-09-21T15:00:00Z,BE,92.48,15
2026-09-21T15:00:00Z,CH,195.77,60
2026-09-21T15:00:00Z,CZ,67.37,15
2026-09-21T15:00:00Z,DE-LU,22.71,15
2026-09-21T15:00:00Z,DK1,6.69,15
2026-09-21T15:00:00Z,DK2,11.11,15
2026-09-21T15:00:00Z,EE,69.44,15
2026-09-21T15:00:00Z,ES,86.49,15
2026-09-21T15:00:00Z,FI,12.91,15
2026-09-21T15:00:00Z,FR,75.23,15
2026-09-21T15:00:00Z,GR,243.60,15
2026-09-21T15:00:00Z,HR,169.64,15
2026-09-21T15:00:00Z,HU,266.96,15
2026-09-21T15:00:00Z,IT-CNorth,205.94,15
2026-09-21T15:00:00Z,IT-CSouth,205.94,15
2026-09-21T15:00:00Z,IT-North,205.94,15
2026-09-21T15:00:00Z,IT-Sardinia,205.94,15
2026-09-21T15:00:00Z,IT-Sicily,50.00,15
2026-09-21T15:00:00Z,IT-South,205.94,15
2026-09-21T15:00:00Z,LT,69.44,15
2026-09-21T15:00:00Z,LV,69.44,15
2026-09-21T15:00:00Z,NL,147.05,15
2026-09-21T15:00:00Z,NO1,126.11,15
2026-09-21T15:00:00Z,NO2,126.82,15
2026-09-21T15:00:00Z,NO3,106.93,15
2026-09-21T15:00:00Z,NO4,28.27,15
2026-09-21T15:00:00Z,NO5,129.59,15
2026-09-21T15:00:00Z,PL,109.48,15
2026-09-21T15:00:00Z,RO,251.72,15
2026-09-21T15:00:00Z,RS,240.06,15
2026-09-21T15:00:00Z,SE1,13.34,15
2026-09-21T15:00:00Z,SE2,7.72,15
2026-09-21T15:00:00Z,SE3,10.01,15
2026-09-21T15:00:00Z,SE4,10.91,15
2026-09-21T15:00:00Z,SI,146.89,15
2026-09-21T15:00:00Z,SK,108.20,15
2026-09-21T15:15:00Z,AT,163.36,15
2026-09-21T15:15:00Z,BE,124.95,15
2026-09-21T15:15:00Z,CZ,113.14,15
2026-09-21T15:15:00Z,DE-LU,67.08,15
2026-09-21T15:15:00Z,DK1,52.96,15
2026-09-21T15:15:00Z,DK2,57.06,15
2026-09-21T15:15:00Z,EE,130.00,15
2026-09-21T15:15:00Z,ES,92.59,15
2026-09-21T15:15:00Z,FI,47.42,15
2026-09-21T15:15:00Z,FR,111.75,15
2026-09-21T15:15:00Z,GR,264.98,15
2026-09-21T15:15:00Z,HR,198.57,15
2026-09-21T15:15:00Z,HU,285.33,15
2026-09-21T15:15:00Z,IT-CNorth,220.00,15
2026-09-21T15:15:00Z,IT-CSouth,220.00,15
2026-09-21T15:15:00Z,IT-North,220.00,15
2026-09-21T15:15:00Z,IT-Sardinia,220.00,15
2026-09-21T15:15:00Z,IT-Sicily,130.48,15
2026-09-21T15:15:00Z,IT-South,220.00,15
2026-09-21T15:15:00Z,LT,130.00,15
2026-09-21T15:15:00Z,LV,130.00,15
2026-09-21T15:15:00Z,NL,168.52,15
2026-09-21T15:15:00Z,NO1,128.95,15
2026-09-21T15:15:00Z,NO2,130.28,15
2026-09-21T15:15:00Z,NO3,103.19,15
2026-09-21T15:15:00Z,NO4,33.83,15
2026-09-21T15:15:00Z,NO5,130.75,15
2026-09-21T15:15:00Z,PL,124.15,15
2026-09-21T15:15:00Z,PT,50.00,15
2026-09-21T15:15:00Z,RO,272.13,15
2026-09-21T15:15:00Z,SE1,43.86,15
2026-09-21T15:15:00Z,SE2,47.30,15
2026-09-21T15:15:00Z,SE3,48.28,15
2026-09-21T15:15:00Z,SE4,48.66,15
2026-09-21T15:15:00Z,SI,177.95,15
2026-09-21T15:15:00Z,SK,150.88,15
2026-09-21T15:30:00Z,AT,194.99,15
2026-09-21T15:30:00Z,BE,173.37,15
2026-09-21T15:30:00Z,CZ,156.98,15
2026-09-21T15:30:00Z,DE-LU,135.63,15
2026-09-21T15:30:00Z,DK1,127.02,15
2026-09-21T15:30:00Z,DK2,132.16,15
2026-09-21T15:30:00Z,EE,156.18,15
2026-09-21T15:30:00Z,ES,105.00,15
2026-09-21T15:30:00Z,FI,62.87,15
2026-09-21T15:30:00Z,FR,163.93,15
2026-09-21T15:30:00Z,GR,271.71,15
2026-09-21T15:30:00Z,HR,215.84,15
2026-09-21T15:30:00Z,HU,272.60,15
2026-09-21T15:30:00Z,IT-CNorth,254.89,15
2026-09-21T15:30:00Z,IT-CSouth,254.89,15
2026-09-21T15:30:00Z,IT-North,254.89,15
2026-09-21T15:30:00Z,IT-Sardinia,254.89,15
2026-09-21T15:30:00Z,IT-Sicily,169.88,15
2026-09-21T15:30:00Z,IT-South,254.89,15
2026-09-21T15:30:00Z,LT,156.18,15
2026-09-21T15:30:00Z,LV,156.18,15
2026-09-21T15:30:00Z,NL,203.07,15
2026-09-21T15:30:00Z,NO1,133.65,15
2026-09-21T15:30:00Z,NO2,134.86,15
2026-09-21T15:30:00Z,NO3,113.69,15
2026-09-21T15:30:00Z,NO4,33.75,15
2026-09-21T15:30:00Z,NO5,133.08,15
2026-09-21T15:30:00Z,PL,155.06,15
2026-09-21T15:30:00Z,PT,85.00,15
2026-09-21T15:30:00Z,RO,263.75,15
2026-09-21T15:30:00Z,SE1,55.62,15
2026-09-21T15:30:00Z,SE2,63.48,15
2026-09-21T15:30:00Z,SE3,98.95,15
2026-09-21T15:30:00Z,SE4,124.28,15
2026-09-21T15:30:00Z,SI,202.43,15
2026-09-21T15:30:00Z,SK,179.71,15
2026-09-21T15:45:00Z,AT,207.19,15
2026-09-21T15:45:00Z,BE,210.31,15
2026-09-21T15:45:00Z,CZ,198.85,15
2026-09-21T15:45:00Z,DE-LU,203.34,15
2026-09-21T15:45:00Z,DK1,201.72,15
2026-09-21T15:45:00Z,DK2,202.62,15
2026-09-21T15:45:00Z,EE,202.48,15
2026-09-21T15:45:00Z,ES,97.05,15
2026-09-21T15:45:00Z,FI,36.65,15
2026-09-21T15:45:00Z,FR,208.84,15
2026-09-21T15:45:00Z,GR,275.31,15
2026-09-21T15:45:00Z,HR,229.07,15
2026-09-21T15:45:00Z,HU,267.67,15
2026-09-21T15:45:00Z,IT-CNorth,268.06,15
2026-09-21T15:45:00Z,IT-CSouth,268.06,15
2026-09-21T15:45:00Z,IT-North,268.06,15
2026-09-21T15:45:00Z,IT-Sardinia,268.06,15
2026-09-21T15:45:00Z,IT-Sicily,198.01,15
2026-09-21T15:45:00Z,IT-South,268.06,15
2026-09-21T15:45:00Z,LT,202.48,15
2026-09-21T15:45:00Z,LV,202.48,15
2026-09-21T15:45:00Z,NL,215.28,15
2026-09-21T15:45:00Z,NO1,139.29,15
2026-09-21T15:45:00Z,NO2,142.32,15
2026-09-21T15:45:00Z,NO3,98.59,15
2026-09-21T15:45:00Z,NO4,34.14,15
2026-09-21T15:45:00Z,NO5,136.23,15
2026-09-21T15:45:00Z,PL,201.33,15
2026-09-21T15:45:00Z,PT,97.00,15
2026-09-21T15:45:00Z,RO,262.24,15
2026-09-21T15:45:00Z,SE1,36.57,15
2026-09-21T15:45:00Z,SE2,37.91,15
2026-09-21T15:45:00Z,SE3,111.82,15
2026-09-21T15:45:00Z,SE4,165.46,15
2026-09-21T15:45:00Z,SI,218.83,15
2026-09-21T15:45:00Z,SK,209.82,15
2026-09-21T16:00:00Z,AT,173.51,15
2026-09-21T16:00:00Z,BE,174.76,15
2026-09-21T16:00:00Z,CH,217.10,60
2026-09-21T16:00:00Z,CZ,156.29,15
2026-09-21T16:00:00Z,DE-LU,166.62,15
2026-09-21T16:00:00Z,DK1,159.80,15
2026-09-21T16:00:00Z,DK2,162.73,15
2026-09-21T16:00:00Z,EE,157.21,15
2026-09-21T16:00:00Z,ES,48.55,15
2026-09-21T16:00:00Z,FI,52.81,15
2026-09-21T16:00:00Z,FR,174.12,15
2026-09-21T16:00:00Z,GR,283.33,15
2026-09-21T16:00:00Z,HR,221.11,15
2026-09-21T16:00:00Z,HU,305.92,15
2026-09-21T16:00:00Z,IT-CNorth,263.92,15
2026-09-21T16:00:00Z,IT-CSouth,263.92,15
2026-09-21T16:00:00Z,IT-North,263.92,15
2026-09-21T16:00:00Z,IT-Sardinia,263.92,15
2026-09-21T16:00:00Z,IT-Sicily,225.00,15
2026-09-21T16:00:00Z,IT-South,263.92,15
2026-09-21T16:00:00Z,LT,157.21,15
2026-09-21T16:00:00Z,LV,157.21,15
2026-09-21T16:00:00Z,NL,179.07,15
2026-09-21T16:00:00Z,NO1,137.42,15
2026-09-21T16:00:00Z,NO2,140.07,15
2026-09-21T16:00:00Z,NO3,104.65,15
2026-09-21T16:00:00Z,NO4,50.26,15
2026-09-21T16:00:00Z,NO5,135.14,15
2026-09-21T16:00:00Z,PL,159.38,15
2026-09-21T16:00:00Z,PT,92.55,15
2026-09-21T16:00:00Z,RO,290.69,15
2026-09-21T16:00:00Z,RS,245.08,15
2026-09-21T16:00:00Z,SE1,52.74,15
2026-09-21T16:00:00Z,SE2,54.18,15
2026-09-21T16:00:00Z,SE3,113.26,15
2026-09-21T16:00:00Z,SE4,156.87,15
2026-09-21T16:00:00Z,SI,198.69,15
2026-09-21T16:00:00Z,SK,183.26,15
2026-09-21T16:15:00Z,AT,203.77,15
2026-09-21T16:15:00Z,BE,202.17,15
2026-09-21T16:15:00Z,CZ,190.67,15
2026-09-21T16:15:00Z,DE-LU,198.79,15
2026-09-21T16:15:00Z,DK1,186.38,15
2026-09-21T16:15:00Z,DK2,190.49,15
2026-09-21T16:15:00Z,EE,186.38,15
2026-09-21T16:15:00Z,ES,86.04,15
2026-09-21T16:15:00Z,FI,32.04,15
2026-09-21T16:15:00Z,FR,202.94,15
2026-09-21T16:15:00Z,GR,288.19,15
2026-09-21T16:15:00Z,HR,240.32,15
2026-09-21T16:15:00Z,HU,305.57,15
2026-09-21T16:15:00Z,IT-CNorth,248.02,15
2026-09-21T16:15:00Z,IT-CSouth,248.02,15
2026-09-21T16:15:00Z,IT-North,248.02,15
2026-09-21T16:15:00Z,IT-Sardinia,248.02,15
2026-09-21T16:15:00Z,IT-Sicily,242.28,15
2026-09-21T16:15:00Z,IT-South,248.02,15
2026-09-21T16:15:00Z,LT,186.38,15
2026-09-21T16:15:00Z,LV,186.38,15
2026-09-21T16:15:00Z,NL,201.91,15
2026-09-21T16:15:00Z,NO1,143.27,15
2026-09-21T16:15:00Z,NO2,147.91,15
2026-09-21T16:15:00Z,NO3,87.93,15
2026-09-21T16:15:00Z,NO4,44.19,15
2026-09-21T16:15:00Z,NO5,139.29,15
2026-09-21T16:15:00Z,PL,194.77,15
2026-09-21T16:15:00Z,PT,112.00,15
2026-09-21T16:15:00Z,RO,293.85,15
2026-09-21T16:15:00Z,SE1,32.36,15
2026-09-21T16:15:00Z,SE2,26.32,15
2026-09-21T16:15:00Z,SE3,121.13,15
2026-09-21T16:15:00Z,SE4,183.95,15
2026-09-21T16:15:00Z,SI,223.08,15
2026-09-21T16:15:00Z,SK,211.34,15
2026-09-21T16:30:00Z,AT,224.56,15
2026-09-21T16:30:00Z,BE,223.93,15
2026-09-21T16:30:00Z,CZ,219.38,15
2026-09-21T16:30:00Z,DE-LU,222.59,15
2026-09-21T16:30:00Z,DK1,217.68,15
2026-09-21T16:30:00Z,DK2,221.03,15
2026-09-21T16:30:00Z,EE,190.70,15
2026-09-21T16:30:00Z,ES,51.45,15
2026-09-21T16:30:00Z,FI,28.83,15
2026-09-21T16:30:00Z,FR,224.23,15
2026-09-21T16:30:00Z,GR,257.96,15
2026-09-21T16:30:00Z,HR,239.02,15
2026-09-21T16:30:00Z,HU,264.84,15
2026-09-21T16:30:00Z,IT-CNorth,268.06,15
2026-09-21T16:30:00Z,IT-CSouth,268.06,15
2026-09-21T16:30:00Z,IT-North,268.06,15
2026-09-21T16:30:00Z,IT-Sardinia,268.06,15
2026-09-21T16:30:00Z,IT-Sicily,266.72,15
2026-09-21T16:30:00Z,IT-South,268.06,15
2026-09-21T16:30:00Z,LT,190.70,15
2026-09-21T16:30:00Z,LV,190.70,15
2026-09-21T16:30:00Z,NL,223.83,15
2026-09-21T16:30:00Z,NO1,145.49,15
2026-09-21T16:30:00Z,NO2,150.36,15
2026-09-21T16:30:00Z,NO3,87.45,15
2026-09-21T16:30:00Z,NO4,41.57,15
2026-09-21T16:30:00Z,NO5,141.32,15
2026-09-21T16:30:00Z,PL,221.00,15
2026-09-21T16:30:00Z,PT,150.00,15
2026-09-21T16:30:00Z,RO,260.20,15
2026-09-21T16:30:00Z,SE1,29.17,15
2026-09-21T16:30:00Z,SE2,22.83,15
2026-09-21T16:30:00Z,SE3,122.27,15
2026-09-21T16:30:00Z,SE4,188.16,15
2026-09-21T16:30:00Z,SI,232.20,15
2026-09-21T16:30:00Z,SK,227.56,15
2026-09-21T16:45:00Z,AT,261.75,15
2026-09-21T16:45:00Z,BE,261.78,15
2026-09-21T16:45:00Z,CZ,261.73,15
2026-09-21T16:45:00Z,DE-LU,261.72,15
2026-09-21T16:45:00Z,DK1,261.31,15
2026-09-21T16:45:00Z,DK2,261.64,15
2026-09-21T16:45:00Z,EE,194.42,15
2026-09-21T16:45:00Z,ES,121.02,15
2026-09-21T16:45:00Z,FI,26.55,15
2026-09-21T16:45:00Z,FR,261.77,15
2026-09-21T16:45:00Z,GR,261.74,15
2026-09-21T16:45:00Z,HR,261.74,15
2026-09-21T16:45:00Z,HU,261.74,15
2026-09-21T16:45:00Z,IT-CNorth,298.00,15
2026-09-21T16:45:00Z,IT-CSouth,298.00,15
2026-09-21T16:45:00Z,IT-North,280.00,15
2026-09-21T16:45:00Z,IT-Sardinia,298.00,15
2026-09-21T16:45:00Z,IT-Sicily,345.83,15
2026-09-21T16:45:00Z,IT-South,298.00,15
2026-09-21T16:45:00Z,LT,194.42,15
2026-09-21T16:45:00Z,LV,194.42,15
2026-09-21T16:45:00Z,NL,261.80,15
2026-09-21T16:45:00Z,NO1,147.51,15
2026-09-21T16:45:00Z,NO2,152.67,15
2026-09-21T16:45:00Z,NO3,87.31,15
2026-09-21T16:45:00Z,NO4,39.76,15
2026-09-21T16:45:00Z,NO5,143.14,15
2026-09-21T16:45:00Z,PL,261.72,15
2026-09-21T16:45:00Z,PT,190.01,15
2026-09-21T16:45:00Z,RO,261.74,15
2026-09-21T16:45:00Z,SE1,26.90,15
2026-09-21T16:45:00Z,SE2,20.33,15
2026-09-21T16:45:00Z,SE3,123.45,15
2026-09-21T16:45:00Z,SE4,191.78,15
2026-09-21T16:45:00Z,SI,261.74,15
2026-09-21T16:45:00Z,SK,261.73,15
2026-09-21T17:00:00Z,AT,221.97,15
2026-09-21T17:00:00Z,BE,221.46,15
2026-09-21T17:00:00Z,CH,250.00,60
2026-09-21T17:00:00Z,CZ,218.39,15
2026-09-21T17:00:00Z,DE-LU,220.80,15
2026-09-21T17:00:00Z,DK1,218.49,15
2026-09-21T17:00:00Z,DK2,219.91,15
2026-09-21T17:00:00Z,EE,185.42,15
2026-09-21T17:00:00Z,ES,138.46,15
2026-09-21T17:00:00Z,FI,36.43,15
2026-09-21T17:00:00Z,FR,221.71,15
2026-09-21T17:00:00Z,GR,286.19,15
2026-09-21T17:00:00Z,HR,232.22,15
2026-09-21T17:00:00Z,HU,251.17,15
2026-09-21T17:00:00Z,IT-CNorth,259.00,15
2026-09-21T17:00:00Z,IT-CSouth,259.00,15
2026-09-21T17:00:00Z,IT-North,259.00,15
2026-09-21T17:00:00Z,IT-Sardinia,259.00,15
2026-09-21T17:00:00Z,IT-Sicily,374.90,15
2026-09-21T17:00:00Z,IT-South,259.00,15
2026-09-21T17:00:00Z,LT,185.42,15
2026-09-21T17:00:00Z,LV,185.42,15
2026-09-21T17:00:00Z,NL,221.36,15
2026-09-21T17:00:00Z,NO1,142.81,15
2026-09-21T17:00:00Z,NO2,147.34,15
2026-09-21T17:00:00Z,NO3,89.14,15
2026-09-21T17:00:00Z,NO4,47.59,15
2026-09-21T17:00:00Z,NO5,138.98,15
2026-09-21T17:00:00Z,PL,219.55,15
2026-09-21T17:00:00Z,PT,190.00,15
2026-09-21T17:00:00Z,RO,246.94,15
2026-09-21T17:00:00Z,RS,244.00,15
2026-09-21T17:00:00Z,SE1,36.73,15
2026-09-21T17:00:00Z,SE2,30.00,15
2026-09-21T17:00:00Z,SE3,121.98,15
2026-09-21T17:00:00Z,SE4,182.93,15
2026-09-21T17:00:00Z,SI,227.37,15
2026-09-21T17:00:00Z,SK,223.86,15
2026-09-21T17:15:00Z,AT,225.04,15
2026-09-21T17:15:00Z,BE,224.74,15
2026-09-21T17:15:00Z,CZ,221.87,15
2026-09-21T17:15:00Z,DE-LU,223.97,15
2026-09-21T17:15:00Z,DK1,220.33,15
2026-09-21T17:15:00Z,DK2,222.77,15
2026-09-21T17:15:00Z,EE,186.70,15
2026-09-21T17:15:00Z,ES,224.42,15
2026-09-21T17:15:00Z,FI,34.29,15
2026-09-21T17:15:00Z,FR,224.92,15
2026-09-21T17:15:00Z,GR,284.27,15
2026-09-21T17:15:00Z,HR,233.96,15
2026-09-21T17:15:00Z,HU,250.44,15
2026-09-21T17:15:00Z,IT-CNorth,270.00,15
2026-09-21T17:15:00Z,IT-CSouth,270.00,15
2026-09-21T17:15:00Z,IT-North,270.00,15
2026-09-21T17:15:00Z,IT-Sardinia,270.00,15
2026-09-21T17:15:00Z,IT-Sicily,401.76,15
2026-09-21T17:15:00Z,IT-South,270.00,15
2026-09-21T17:15:00Z,LT,186.70,15
2026-09-21T17:15:00Z,LV,186.70,15
2026-09-21T17:15:00Z,NL,224.69,15
2026-09-21T17:15:00Z,NO1,143.39,15
2026-09-21T17:15:00Z,NO2,147.98,15
2026-09-21T17:15:00Z,NO3,89.04,15
2026-09-21T17:15:00Z,NO4,46.17,15
2026-09-21T17:15:00Z,NO5,139.51,15
2026-09-21T17:15:00Z,PL,222.85,15
2026-09-21T17:15:00Z,PT,224.92,15
2026-09-21T17:15:00Z,RO,246.76,15
2026-09-21T17:15:00Z,SE1,34.60,15
2026-09-21T17:15:00Z,SE2,27.45,15
2026-09-21T17:15:00Z,SE3,121.84,15
2026-09-21T17:15:00Z,SE4,184.16,15
2026-09-21T17:15:00Z,SI,229.73,15
2026-09-21T17:15:00Z,SK,226.64,15
2026-09-21T17:30:00Z,AT,251.55,15
2026-09-21T17:30:00Z,BE,252.01,15
2026-09-21T17:30:00Z,CZ,250.99,15
2026-09-21T17:30:00Z,DE-LU,251.23,15
2026-09-21T17:30:00Z,DK1,245.10,15
2026-09-21T17:30:00Z,DK2,249.61,15
2026-09-21T17:30:00Z,EE,189.48,15
2026-09-21T17:30:00Z,ES,263.42,15
2026-09-21T17:30:00Z,FI,29.70,15
2026-09-21T17:30:00Z,FR,251.90,15
2026-09-21T17:30:00Z,GR,284.72,15
2026-09-21T17:30:00Z,HR,252.60,15
2026-09-21T17:30:00Z,HU,254.58,15
2026-09-21T17:30:00Z,IT-CNorth,302.88,15
2026-09-21T17:30:00Z,IT-CSouth,302.88,15
2026-09-21T17:30:00Z,IT-North,284.32,15
2026-09-21T17:30:00Z,IT-Sardinia,302.88,15
2026-09-21T17:30:00Z,IT-South,302.88,15
2026-09-21T17:30:00Z,LT,189.48,15
2026-09-21T17:30:00Z,LV,189.48,15
2026-09-21T17:30:00Z,NL,252.15,15
2026-09-21T17:30:00Z,NO1,144.36,15
2026-09-21T17:30:00Z,NO2,149.12,15
2026-09-21T17:30:00Z,NO3,87.95,15
2026-09-21T17:30:00Z,NO4,42.63,15
2026-09-21T17:30:00Z,NO5,140.33,15
2026-09-21T17:30:00Z,PL,250.97,15
2026-09-21T17:30:00Z,PT,251.90,15
2026-09-21T17:30:00Z,RO,254.13,15
2026-09-21T17:30:00Z,SE1,30.04,15
2026-09-21T17:30:00Z,SE2,22.26,15
2026-09-21T17:30:00Z,SE3,121.53,15
2026-09-21T17:30:00Z,SE4,186.84,15
2026-09-21T17:30:00Z,SI,252.09,15
2026-09-21T17:30:00Z,SK,251.57,15
2026-09-21T17:45:00Z,AT,276.11,15
2026-09-21T17:45:00Z,BE,276.70,15
2026-09-21T17:45:00Z,CZ,275.91,15
2026-09-21T17:45:00Z,DE-LU,275.90,15
2026-09-21T17:45:00Z,DK1,269.21,15
2026-09-21T17:45:00Z,DK2,274.16,15
2026-09-21T17:45:00Z,EE,190.44,15
2026-09-21T17:45:00Z,ES,274.56,15
2026-09-21T17:45:00Z,FI,27.70,15
2026-09-21T17:45:00Z,FR,276.54,15
2026-09-21T17:45:00Z,GR,287.22,15
2026-09-21T17:45:00Z,HR,276.04,15
2026-09-21T17:45:00Z,HU,275.97,15
2026-09-21T17:45:00Z,IT-CNorth,310.52,15
2026-09-21T17:45:00Z,IT-CSouth,310.52,15
2026-09-21T17:45:00Z,IT-North,284.56,15
2026-09-21T17:45:00Z,IT-Sardinia,310.52,15
2026-09-21T17:45:00Z,IT-South,310.52,15
2026-09-21T17:45:00Z,LT,190.44,15
2026-09-21T17:45:00Z,LV,190.44,15
2026-09-21T17:45:00Z,NL,276.87,15
2026-09-21T17:45:00Z,NO1,144.92,15
2026-09-21T17:45:00Z,NO2,149.70,15
2026-09-21T17:45:00Z,NO3,88.32,15
2026-09-21T17:45:00Z,NO4,41.59,15
2026-09-21T17:45:00Z,NO5,140.88,15
2026-09-21T17:45:00Z,PL,275.76,15
2026-09-21T17:45:00Z,PT,276.54,15
2026-09-21T17:45:00Z,RO,275.98,15
2026-09-21T17:45:00Z,SE1,28.07,15
2026-09-21T17:45:00Z,SE2,19.72,15
2026-09-21T17:45:00Z,SE3,121.30,15
2026-09-21T17:45:00Z,SE4,187.79,15
2026-09-21T17:45:00Z,SI,276.06,15
2026-09-21T17:45:00Z,SK,275.90,15
2026-09-21T18:00:00Z,AT,251.30,15
2026-09-21T18:00:00Z,BE,251.30,15
2026-09-21T18:00:00Z,CH,241.00,60
2026-09-21T18:00:00Z,CZ,251.30,15
2026-09-21T18:00:00Z,DE-LU,251.30,15
2026-09-21T18:00:00Z,DK1,251.30,15
2026-09-21T18:00:00Z,DK2,251.32,15
2026-09-21T18:00:00Z,EE,185.97,15
2026-09-21T18:00:00Z,ES,258.04,15
2026-09-21T18:00:00Z,FI,35.78,15
2026-09-21T18:00:00Z,FR,251.30,15
2026-09-21T18:00:00Z,GR,251.74,15
2026-09-21T18:00:00Z,HR,251.30,15
2026-09-21T18:00:00Z,HU,251.30,15
2026-09-21T18:00:00Z,IT-CNorth,268.06,15
2026-09-21T18:00:00Z,IT-CSouth,268.06,15
2026-09-21T18:00:00Z,IT-North,268.06,15
2026-09-21T18:00:00Z,IT-Sardinia,268.06,15
2026-09-21T18:00:00Z,IT-Sicily,412.00,15
2026-09-21T18:00:00Z,IT-South,268.06,15
2026-09-21T18:00:00Z,LT,185.97,15
2026-09-21T18:00:00Z,LV,185.97,15
2026-09-21T18:00:00Z,NL,251.30,15
2026-09-21T18:00:00Z,NO1,143.63,15
2026-09-21T18:00:00Z,NO2,148.54,15
2026-09-21T18:00:00Z,NO3,90.16,15
2026-09-21T18:00:00Z,NO4,47.60,15
2026-09-21T18:00:00Z,NO5,140.14,15
2026-09-21T18:00:00Z,PL,251.30,15
2026-09-21T18:00:00Z,PT,251.30,15
2026-09-21T18:00:00Z,RO,251.30,15
2026-09-21T18:00:00Z,RS,190.10,15
2026-09-21T18:00:00Z,SE1,36.10,15
2026-09-21T18:00:00Z,SE2,29.99,15
2026-09-21T18:00:00Z,SE3,122.06,15
2026-09-21T18:00:00Z,SE4,183.58,15
2026-09-21T18:00:00Z,SI,251.30,15
2026-09-21T18:00:00Z,SK,251.30,15
2026-09-21T18:15:00Z,AT,250.28,15
2026-09-21T18:15:00Z,BE,250.28,15
2026-09-21T18:15:00Z,CZ,250.28,15
2026-09-21T18:15:00Z,DE-LU,250.28,15
2026-09-21T18:15:00Z,DK1,250.28,15
2026-09-21T18:15:00Z,DK2,250.30,15
2026-09-21T18:15:00Z,EE,184.22,15
2026-09-21T18:15:00Z,ES,260.00,15
2026-09-21T18:15:00Z,FI,30.59,15
2026-09-21T18:15:00Z,FR,250.28,15
2026-09-21T18:15:00Z,GR,267.75,15
2026-09-21T18:15:00Z,HR,250.28,15
2026-09-21T18:15:00Z,HU,250.28,15
2026-09-21T18:15:00Z,IT-Sicily,404.60,15
2026-09-21T18:15:00Z,LT,184.22,15
2026-09-21T18:15:00Z,LV,184.22,15
2026-09-21T18:15:00Z,NL,250.28,15
2026-09-21T18:15:00Z,NO1,143.38,15
2026-09-21T18:15:00Z,NO2,148.11,15
2026-09-21T18:15:00Z,NO3,91.56,15
2026-09-21T18:15:00Z,NO4,41.99,15
2026-09-21T18:15:00Z,NO5,140.01,15
2026-09-21T18:15:00Z,PL,250.28,15
2026-09-21T18:15:00Z,PT,250.28,15
2026-09-21T18:15:00Z,RO,250.28,15
2026-09-21T18:15:00Z,SE1,30.90,15
2026-09-21T18:15:00Z,SE2,25.00,15
2026-09-21T18:15:00Z,SE3,118.91,15
2026-09-21T18:15:00Z,SE4,181.92,15
2026-09-21T18:15:00Z,SI,250.28,15
2026-09-21T18:15:00Z,SK,250.28,15
2026-09-21T18:30:00Z,AT,243.48,15
2026-09-21T18:30:00Z,BE,243.48,15
2026-09-21T18:30:00Z,CZ,243.48,15
2026-09-21T18:30:00Z,DE-LU,243.48,15
2026-09-21T18:30:00Z,DK1,243.48,15
2026-09-21T18:30:00Z,DK2,243.49,15
2026-09-21T18:30:00Z,EE,176.17,15
2026-09-21T18:30:00Z,ES,254.04,15
2026-09-21T18:30:00Z,FI,25.00,15
2026-09-21T18:30:00Z,FR,243.48,15
2026-09-21T18:30:00Z,GR,261.67,15
2026-09-21T18:30:00Z,HR,243.48,15
2026-09-21T18:30:00Z,HU,243.48,15
2026-09-21T18:30:00Z,IT-CNorth,251.18,15
2026-09-21T18:30:00Z,IT-CSouth,251.18,15
2026-09-21T18:30:00Z,IT-North,251.18,15
2026-09-21T18:30:00Z,IT-Sardinia,251.18,15
2026-09-21T18:30:00Z,IT-Sicily,401.76,15
2026-09-21T18:30:00Z,IT-South,251.18,15
2026-09-21T18:30:00Z,LT,176.17,15
2026-09-21T18:30:00Z,LV,176.17,15
2026-09-21T18:30:00Z,NL,243.48,15
2026-09-21T18:30:00Z,NO1,143.28,15
2026-09-21T18:30:00Z,NO2,147.06,15
2026-09-21T18:30:00Z,NO3,101.16,15
2026-09-21T18:30:00Z,NO4,35.11,15
2026-09-21T18:30:00Z,NO5,140.59,15
2026-09-21T18:30:00Z,PL,243.48,15
2026-09-21T18:30:00Z,PT,250.00,15
2026-09-21T18:30:00Z,RO,243.48,15
2026-09-21T18:30:00Z,SE1,25.28,15
2026-09-21T18:30:00Z,SE2,19.99,15
2026-09-21T18:30:00Z,SE3,112.15,15
2026-09-21T18:30:00Z,SE4,174.33,15
2026-09-21T18:30:00Z,SI,243.48,15
2026-09-21T18:30:00Z,SK,243.48,15
2026-09-21T18:45:00Z,AT,219.04,15
2026-09-21T18:45:00Z,BE,219.04,15
2026-09-21T18:45:00Z,CZ,219.04,15
2026-09-21T18:45:00Z,DE-LU,219.04,15
2026-09-21T18:45:00Z,DK1,219.04,15
2026-09-21T18:45:00Z,DK2,219.05,15
2026-09-21T18:45:00Z,EE,166.81,15
2026-09-21T18:45:00Z,ES,246.78,15
2026-09-21T18:45:00Z,FI,18.46,15
2026-09-21T18:45:00Z,FR,219.04,15
2026-09-21T18:45:00Z,GR,256.52,15
2026-09-21T18:45:00Z,HR,219.04,15
2026-09-21T18:45:00Z,HU,219.04,15
2026-09-21T18:45:00Z,IT-CNorth,250.38,15
2026-09-21T18:45:00Z,IT-CSouth,250.38,15
2026-09-21T18:45:00Z,IT-North,250.38,15
2026-09-21T18:45:00Z,IT-Sardinia,250.38,15
2026-09-21T18:45:00Z,IT-South,250.38,15
2026-09-21T18:45:00Z,LT,166.81,15
2026-09-21T18:45:00Z,LV,166.81,15
2026-09-21T18:45:00Z,NL,219.04,15
2026-09-21T18:45:00Z,NO1,143.23,15
2026-09-21T18:45:00Z,NO2,145.70,15
2026-09-21T18:45:00Z,NO3,114.96,15
2026-09-21T18:45:00Z,NO4,34.23,15
2026-09-21T18:45:00Z,NO5,141.47,15
2026-09-21T18:45:00Z,PL,219.04,15
2026-09-21T18:45:00Z,PT,251.30,15
2026-09-21T18:45:00Z,RO,219.04,15
2026-09-21T18:45:00Z,SE1,18.90,15
2026-09-21T18:45:00Z,SE2,10.59,15
2026-09-21T18:45:00Z,SE3,104.73,15
2026-09-21T18:45:00Z,SE4,165.57,15
2026-09-21T18:45:00Z,SI,219.04,15
2026-09-21T18:45:00Z,SK,219.04,15
2026-09-21T19:00:00Z,AT,232.93,15
2026-09-21T19:00:00Z,BE,232.53,15
2026-09-21T19:00:00Z,CH,222.59,60
2026-09-21T19:00:00Z,CZ,230.91,15
2026-09-21T19:00:00Z,DE-LU,232.28,15
2026-09-21T19:00:00Z,DK1,232.22,15
2026-09-21T19:00:00Z,DK2,232.11,15
2026-09-21T19:00:00Z,EE,168.86,15
2026-09-21T19:00:00Z,ES,248.04,15
2026-09-21T19:00:00Z,FI,24.99,15
2026-09-21T19:00:00Z,FR,232.70,15
2026-09-21T19:00:00Z,GR,246.48,15
2026-09-21T19:00:00Z,HR,238.78,15
2026-09-21T19:00:00Z,HU,249.18,15
2026-09-21T19:00:00Z,IT-CNorth,292.13,15
2026-09-21T19:00:00Z,IT-CSouth,292.13,15
2026-09-21T19:00:00Z,IT-North,268.06,15
2026-09-21T19:00:00Z,IT-Sardinia,292.13,15
2026-09-21T19:00:00Z,IT-South,292.13,15
2026-09-21T19:00:00Z,LT,168.86,15
2026-09-21T19:00:00Z,LV,168.86,15
2026-09-21T19:00:00Z,NL,232.44,15
2026-09-21T19:00:00Z,NO1,143.87,15
2026-09-21T19:00:00Z,NO2,145.77,15
2026-09-21T19:00:00Z,NO3,116.98,15
2026-09-21T19:00:00Z,NO4,52.61,15
2026-09-21T19:00:00Z,NO5,141.70,15
2026-09-21T19:00:00Z,PL,231.60,15
2026-09-21T19:00:00Z,PT,253.01,15
2026-09-21T19:00:00Z,RO,247.41,15
2026-09-21T19:00:00Z,RS,213.03,15
2026-09-21T19:00:00Z,SE1,25.86,15
2026-09-21T19:00:00Z,SE2,11.24,15
2026-09-21T19:00:00Z,SE3,110.00,15
2026-09-21T19:00:00Z,SE4,167.63,15
2026-09-21T19:00:00Z,SI,236.04,15
2026-09-21T19:00:00Z,SK,233.95,15
2026-09-21T19:15:00Z,AT,219.81,15
2026-09-21T19:15:00Z,BE,218.78,15
2026-09-21T19:15:00Z,CZ,214.67,15
2026-09-21T19:15:00Z,DE-LU,218.15,15
2026-09-21T19:15:00Z,DK1,217.99,15
2026-09-21T19:15:00Z,DK2,217.70,15
2026-09-21T19:15:00Z,EE,157.15,15
2026-09-21T19:15:00Z,ES,234.67,15
2026-09-21T19:15:00Z,FI,28.07,15
2026-09-21T19:15:00Z,FR,219.22,15
2026-09-21T19:15:00Z,GR,254.37,15
2026-09-21T19:15:00Z,HR,234.75,15
2026-09-21T19:15:00Z,HU,261.28,15
2026-09-21T19:15:00Z,IT-CNorth,258.73,15
2026-09-21T19:15:00Z,IT-CSouth,258.73,15
2026-09-21T19:15:00Z,IT-North,258.73,15
2026-09-21T19:15:00Z,IT-Sardinia,258.73,15
2026-09-21T19:15:00Z,IT-South,258.73,15
2026-09-21T19:15:00Z,LT,157.15,15
2026-09-21T19:15:00Z,LV,157.15,15
2026-09-21T19:15:00Z,NL,218.55,15
2026-09-21T19:15:00Z,NO1,142.45,15
2026-09-21T19:15:00Z,NO2,143.57,15
2026-09-21T19:15:00Z,NO3,125.41,15
2026-09-21T19:15:00Z,NO4,44.16,15
2026-09-21T19:15:00Z,NO5,141.17,15
2026-09-21T19:15:00Z,PL,168.58,15
2026-09-21T19:15:00Z,PT,250.00,15
2026-09-21T19:15:00Z,RO,256.76,15
2026-09-21T19:15:00Z,SE1,28.58,15
2026-09-21T19:15:00Z,SE2,19.99,15
2026-09-21T19:15:00Z,SE3,104.10,15
2026-09-21T19:15:00Z,SE4,156.43,15
2026-09-21T19:15:00Z,SI,227.74,15
2026-09-21T19:15:00Z,SK,222.42,15
2026-09-21T19:30:00Z,AT,215.67,15
2026-09-21T19:30:00Z,BE,214.59,15
2026-09-21T19:30:00Z,CZ,210.27,15
2026-09-21T19:30:00Z,DE-LU,213.93,15
2026-09-21T19:30:00Z,DK1,213.76,15
2026-09-21T19:30:00Z,DK2,213.46,15
2026-09-21T19:30:00Z,EE,153.65,15
2026-09-21T19:30:00Z,ES,226.88,15
2026-09-21T19:30:00Z,FI,23.59,15
2026-09-21T19:30:00Z,FR,215.05,15
2026-09-21T19:30:00Z,GR,251.94,15
2026-09-21T19:30:00Z,HR,231.34,15
2026-09-21T19:30:00Z,HU,259.20,15
2026-09-21T19:30:00Z,IT-CNorth,230.00,15
2026-09-21T19:30:00Z,IT-CSouth,230.00,15
2026-09-21T19:30:00Z,IT-North,230.00,15
2026-09-21T19:30:00Z,IT-Sardinia,230.00,15
2026-09-21T19:30:00Z,IT-South,230.00,15
2026-09-21T19:30:00Z,LT,166.92,15
2026-09-21T19:30:00Z,LV,166.92,15
2026-09-21T19:30:00Z,NL,214.35,15
2026-09-21T19:30:00Z,NO1,143.06,15
2026-09-21T19:30:00Z,NO2,145.06,15
2026-09-21T19:30:00Z,NO3,114.19,15
2026-09-21T19:30:00Z,NO4,41.59,15
2026-09-21T19:30:00Z,NO5,140.77,15
2026-09-21T19:30:00Z,PL,123.01,15
2026-09-21T19:30:00Z,PT,240.01,15
2026-09-21T19:30:00Z,RO,254.45,15
2026-09-21T19:30:00Z,SE1,24.17,15
2026-09-21T19:30:00Z,SE2,14.61,15
2026-09-21T19:30:00Z,SE3,107.71,15
2026-09-21T19:30:00Z,SE4,165.68,15
2026-09-21T19:30:00Z,SI,224.00,15
2026-09-21T19:30:00Z,SK,218.41,15
2026-09-21T19:45:00Z,AT,208.42,15
2026-09-21T19:45:00Z,BE,207.34,15
2026-09-21T19:45:00Z,CZ,203.00,15
2026-09-21T19:45:00Z,DE-LU,206.68,15
2026-09-21T19:45:00Z,DK1,206.51,15
2026-09-21T19:45:00Z,DK2,206.20,15
2026-09-21T19:45:00Z,EE,25.00,15
2026-09-21T19:45:00Z,ES,217.75,15
2026-09-21T19:45:00Z,FI,19.37,15
2026-09-21T19:45:00Z,FR,207.80,15
2026-09-21T19:45:00Z,GR,244.86,15
2026-09-21T19:45:00Z,HR,224.17,15
2026-09-21T19:45:00Z,HU,252.15,15
2026-09-21T19:45:00Z,IT-CNorth,216.79,15
2026-09-21T19:45:00Z,IT-CSouth,216.79,15
2026-09-21T19:45:00Z,IT-North,216.79,15
2026-09-21T19:45:00Z,IT-Sardinia,216.79,15
2026-09-21T19:45:00Z,IT-Sicily,365.80,15
2026-09-21T19:45:00Z,IT-South,216.79,15
2026-09-21T19:45:00Z,LT,157.90,15
2026-09-21T19:45:00Z,LV,157.90,15
2026-09-21T19:45:00Z,NL,207.09,15
2026-09-21T19:45:00Z,NO1,142.24,15
2026-09-21T19:45:00Z,NO2,143.82,15
2026-09-21T19:45:00Z,NO3,119.30,15
2026-09-21T19:45:00Z,NO5,140.45,15
2026-09-21T19:45:00Z,PL,115.48,15
2026-09-21T19:45:00Z,PT,212.25,15
2026-09-21T19:45:00Z,RO,247.38,15
2026-09-21T19:45:00Z,SE1,19.95,15
2026-09-21T19:45:00Z,SE2,12.79,15
2026-09-21T19:45:00Z,SE3,96.30,15
2026-09-21T19:45:00Z,SE4,156.85,15
2026-09-21T19:45:00Z,SI,216.79,15
2026-09-21T19:45:00Z,SK,211.17,15
2026-09-21T20:00:00Z,AT,216.56,15
2026-09-21T20:00:00Z,BE,216.37,15
2026-09-21T20:00:00Z,CH,216.00,60
2026-09-21T20:00:00Z,CZ,213.96,15
2026-09-21T20:00:00Z,DE-LU,216.00,15
2026-09-21T20:00:00Z,DK1,215.91,15
2026-09-21T20:00:00Z,DK2,215.73,15
2026-09-21T20:00:00Z,EE,24.74,15
2026-09-21T20:00:00Z,ES,225.72,15
2026-09-21T20:00:00Z,FI,24.75,15
2026-09-21T20:00:00Z,FR,216.63,15
2026-09-21T20:00:00Z,GR,237.28,15
2026-09-21T20:00:00Z,HR,225.73,15
2026-09-21T20:00:00Z,HU,241.05,15
2026-09-21T20:00:00Z,IT-CNorth,268.06,15
2026-09-21T20:00:00Z,IT-CSouth,268.06,15
2026-09-21T20:00:00Z,IT-North,268.06,15
2026-09-21T20:00:00Z,IT-Sardinia,268.06,15
2026-09-21T20:00:00Z,IT-Sicily,385.10,15
2026-09-21T20:00:00Z,IT-South,268.06,15
2026-09-21T20:00:00Z,LT,147.90,15
2026-09-21T20:00:00Z,LV,147.90,15
2026-09-21T20:00:00Z,NL,216.23,15
2026-09-21T20:00:00Z,NO1,139.18,15
2026-09-21T20:00:00Z,NO2,140.13,15
2026-09-21T20:00:00Z,NO3,125.40,15
2026-09-21T20:00:00Z,NO4,37.75,15
2026-09-21T20:00:00Z,NO5,138.27,15
2026-09-21T20:00:00Z,PL,114.54,15
2026-09-21T20:00:00Z,PT,225.00,15
2026-09-21T20:00:00Z,RO,238.54,15
2026-09-21T20:00:00Z,RS,135.84,15
2026-09-21T20:00:00Z,SE1,25.16,15
2026-09-21T20:00:00Z,SE2,20.83,15
2026-09-21T20:00:00Z,SE3,94.69,15
2026-09-21T20:00:00Z,SE4,147.31,15
2026-09-21T20:00:00Z,SI,221.63,15
2026-09-21T20:00:00Z,SK,217.72,15
2026-09-21T20:15:00Z,AT,205.43,15
2026-09-21T20:15:00Z,BE,205.15,15
2026-09-21T20:15:00Z,CZ,201.49,15
2026-09-21T20:15:00Z,DE-LU,204.58,15
2026-09-21T20:15:00Z,DK1,204.44,15
2026-09-21T20:15:00Z,DK2,204.18,15
2026-09-21T20:15:00Z,EE,23.23,15
2026-09-21T20:15:00Z,ES,215.55,15
2026-09-21T20:15:00Z,FI,23.24,15
2026-09-21T20:15:00Z,FR,205.54,15
2026-09-21T20:15:00Z,GR,236.86,15
2026-09-21T20:15:00Z,HR,219.34,15
2026-09-21T20:15:00Z,HU,242.58,15
2026-09-21T20:15:00Z,IT-CNorth,244.90,15
2026-09-21T20:15:00Z,IT-CSouth,244.90,15
2026-09-21T20:15:00Z,IT-North,244.90,15
2026-09-21T20:15:00Z,IT-Sardinia,244.90,15
2026-09-21T20:15:00Z,IT-Sicily,350.00,15
2026-09-21T20:15:00Z,IT-South,244.90,15
2026-09-21T20:15:00Z,LT,146.38,15
2026-09-21T20:15:00Z,LV,146.38,15
2026-09-21T20:15:00Z,NL,204.94,15
2026-09-21T20:15:00Z,NO1,138.57,15
2026-09-21T20:15:00Z,NO2,139.41,15
2026-09-21T20:15:00Z,NO3,126.09,15
2026-09-21T20:15:00Z,NO4,37.00,15
2026-09-21T20:15:00Z,NO5,137.77,15
2026-09-21T20:15:00Z,PL,117.67,15
2026-09-21T20:15:00Z,PT,212.25,15
2026-09-21T20:15:00Z,RO,238.77,15
2026-09-21T20:15:00Z,SE1,23.68,15
2026-09-21T20:15:00Z,SE2,19.06,15
2026-09-21T20:15:00Z,SE3,93.13,15
2026-09-21T20:15:00Z,SE4,145.84,15
2026-09-21T20:15:00Z,SI,213.12,15
2026-09-21T20:15:00Z,SK,207.19,15
2026-09-21T20:30:00Z,AT,206.83,15
2026-09-21T20:30:00Z,BE,206.58,15
2026-09-21T20:30:00Z,CZ,203.34,15
2026-09-21T20:30:00Z,DE-LU,206.08,15
2026-09-21T20:30:00Z,DK1,205.96,15
2026-09-21T20:30:00Z,DK2,205.72,15
2026-09-21T20:30:00Z,EE,20.07,15
2026-09-21T20:30:00Z,ES,212.00,15
2026-09-21T20:30:00Z,FI,20.07,15
2026-09-21T20:30:00Z,FR,206.93,15
2026-09-21T20:30:00Z,GR,234.75,15
2026-09-21T20:30:00Z,HR,219.19,15
2026-09-21T20:30:00Z,HU,239.83,15
2026-09-21T20:30:00Z,IT-CNorth,220.00,15
2026-09-21T20:30:00Z,IT-CSouth,220.00,15
2026-09-21T20:30:00Z,IT-North,220.00,15
2026-09-21T20:30:00Z,IT-Sardinia,220.00,15
2026-09-21T20:30:00Z,IT-South,220.00,15
2026-09-21T20:30:00Z,LT,143.56,15
2026-09-21T20:30:00Z,LV,143.56,15
2026-09-21T20:30:00Z,NL,206.40,15
2026-09-21T20:30:00Z,NO1,138.28,15
2026-09-21T20:30:00Z,NO2,138.83,15
2026-09-21T20:30:00Z,NO3,129.38,15
2026-09-21T20:30:00Z,NO4,36.28,15
2026-09-21T20:30:00Z,NO5,137.75,15
2026-09-21T20:30:00Z,PL,119.48,15
2026-09-21T20:30:00Z,PT,206.93,15
2026-09-21T20:30:00Z,RO,236.45,15
2026-09-21T20:30:00Z,SE1,20.60,15
2026-09-21T20:30:00Z,SE2,15.05,15
2026-09-21T20:30:00Z,SE3,89.99,15
2026-09-21T20:30:00Z,SE4,143.17,15
2026-09-21T20:30:00Z,SI,213.66,15
2026-09-21T20:30:00Z,SK,208.40,15
2026-09-21T20:45:00Z,AT,197.15,15
2026-09-21T20:45:00Z,BE,196.84,15
2026-09-21T20:45:00Z,CZ,192.90,15
2026-09-21T20:45:00Z,DE-LU,196.23,15
2026-09-21T20:45:00Z,DK1,196.08,15
2026-09-21T20:45:00Z,DK2,195.73,15
2026-09-21T20:45:00Z,EE,18.22,15
2026-09-21T20:45:00Z,ES,198.24,15
2026-09-21T20:45:00Z,FI,18.23,15
2026-09-21T20:45:00Z,FR,197.26,15
2026-09-21T20:45:00Z,GR,231.07,15
2026-09-21T20:45:00Z,HR,212.16,15
2026-09-21T20:45:00Z,HU,237.24,15
2026-09-21T20:45:00Z,IT-CNorth,207.00,15
2026-09-21T20:45:00Z,IT-CSouth,207.00,15
2026-09-21T20:45:00Z,IT-North,207.00,15
2026-09-21T20:45:00Z,IT-Sardinia,207.00,15
2026-09-21T20:45:00Z,IT-Sicily,244.68,15
2026-09-21T20:45:00Z,IT-South,207.00,15
2026-09-21T20:45:00Z,LT,124.64,15
2026-09-21T20:45:00Z,LV,124.64,15
2026-09-21T20:45:00Z,NL,196.62,15
2026-09-21T20:45:00Z,NO1,137.88,15
2026-09-21T20:45:00Z,NO2,138.41,15
2026-09-21T20:45:00Z,NO3,129.24,15
2026-09-21T20:45:00Z,NO4,35.74,15
2026-09-21T20:45:00Z,NO5,137.36,15
2026-09-21T20:45:00Z,PL,147.00,15
2026-09-21T20:45:00Z,PT,200.00,15
2026-09-21T20:45:00Z,RO,233.14,15
2026-09-21T20:45:00Z,SE1,18.80,15
2026-09-21T20:45:00Z,SE2,12.70,15
2026-09-21T20:45:00Z,SE3,78.62,15
2026-09-21T20:45:00Z,SE4,133.61,15
2026-09-21T20:45:00Z,SI,205.45,15
2026-09-21T20:45:00Z,SK,199.05,15
2026-09-21T21:00:00Z,AT,198.89,15
2026-09-21T21:00:00Z,BE,198.59,15
2026-09-21T21:00:00Z,CH,197.44,60
2026-09-21T21:00:00Z,CZ,194.66,15
2026-09-21T21:00:00Z,DE-LU,197.98,15
2026-09-21T21:00:00Z,DK1,197.83,15
2026-09-21T21:00:00Z,DK2,197.40,15
2026-09-21T21:00:00Z,EE,25.01,15
2026-09-21T21:00:00Z,ES,201.28,15
2026-09-21T21:00:00Z,FI,24.99,15
2026-09-21T21:00:00Z,FR,199.01,15
2026-09-21T21:00:00Z,GR,232.64,15
2026-09-21T21:00:00Z,HR,213.77,15
2026-09-21T21:00:00Z,HU,238.87,15
2026-09-21T21:00:00Z,IT-CNorth,232.00,15
2026-09-21T21:00:00Z,IT-CSouth,232.00,15
2026-09-21T21:00:00Z,IT-North,232.00,15
2026-09-21T21:00:00Z,IT-Sardinia,232.00,15
2026-09-21T21:00:00Z,IT-Sicily,273.36,15
2026-09-21T21:00:00Z,IT-South,232.00,15
2026-09-21T21:00:00Z,LT,111.17,15
2026-09-21T21:00:00Z,LV,111.17,15
2026-09-21T21:00:00Z,NL,198.36,15
2026-09-21T21:00:00Z,NO1,136.23,15
2026-09-21T21:00:00Z,NO2,138.07,15
2026-09-21T21:00:00Z,NO3,117.15,15
2026-09-21T21:00:00Z,NO4,32.17,15
2026-09-21T21:00:00Z,NO5,135.08,15
2026-09-21T21:00:00Z,PL,136.05,15
2026-09-21T21:00:00Z,RO,234.71,15
2026-09-21T21:00:00Z,RS,122.05,15
2026-09-21T21:00:00Z,SE1,18.90,15
2026-09-21T21:00:00Z,SE2,14.23,15
2026-09-21T21:00:00Z,SE3,71.10,15
2026-09-21T21:00:00Z,SE4,130.39,15
2026-09-21T21:00:00Z,SI,207.15,15
2026-09-21T21:00:00Z,SK,199.98,15
2026-09-21T21:15:00Z,AT,185.27,15
2026-09-21T21:15:00Z,BE,184.90,15
2026-09-21T21:15:00Z,CZ,180.00,15
2026-09-21T21:15:00Z,DE-LU,184.14,15
2026-09-21T21:15:00Z,DK1,183.96,15
2026-09-21T21:15:00Z,DK2,183.47,15
2026-09-21T21:15:00Z,EE,25.52,15
2026-09-21T21:15:00Z,ES,192.87,15
2026-09-21T21:15:00Z,FI,25.51,15
2026-09-21T21:15:00Z,FR,185.42,15
2026-09-21T21:15:00Z,GR,227.42,15
2026-09-21T21:15:00Z,HR,203.86,15
2026-09-21T21:15:00Z,HU,235.20,15
2026-09-21T21:15:00Z,IT-CNorth,219.92,15
2026-09-21T21:15:00Z,IT-CSouth,219.92,15
2026-09-21T21:15:00Z,IT-North,219.92,15
2026-09-21T21:15:00Z,IT-Sardinia,219.92,15
2026-09-21T21:15:00Z,IT-Sicily,231.00,15
2026-09-21T21:15:00Z,IT-South,219.92,15
2026-09-21T21:15:00Z,LT,99.99,15
2026-09-21T21:15:00Z,LV,99.99,15
2026-09-21T21:15:00Z,NL,184.62,15
2026-09-21T21:15:00Z,NO1,135.33,15
2026-09-21T21:15:00Z,NO2,138.00,15
2026-09-21T21:15:00Z,NO3,105.54,15
2026-09-21T21:15:00Z,NO4,32.39,15
2026-09-21T21:15:00Z,NO5,134.20,15
2026-09-21T21:15:00Z,PL,159.48,15
2026-09-21T21:15:00Z,PT,188.19,15
2026-09-21T21:15:00Z,RO,230.01,15
2026-09-21T21:15:00Z,SE1,21.74,15
2026-09-21T21:15:00Z,SE2,18.15,15
2026-09-21T21:15:00Z,SE3,65.90,15
2026-09-21T21:15:00Z,SE4,117.97,15
2026-09-21T21:15:00Z,SI,195.59,15
2026-09-21T21:15:00Z,SK,186.64,15
2026-09-21T21:30:00Z,AT,187.17,15
2026-09-21T21:30:00Z,BE,186.98,15
2026-09-21T21:30:00Z,CZ,184.44,15
2026-09-21T21:30:00Z,DE-LU,186.58,15
2026-09-21T21:30:00Z,DK1,186.49,15
2026-09-21T21:30:00Z,DK2,186.32,15
2026-09-21T21:30:00Z,EE,20.42,15
2026-09-21T21:30:00Z,ES,190.18,15
2026-09-21T21:30:00Z,FI,20.42,15
2026-09-21T21:30:00Z,FR,187.25,15
2026-09-21T21:30:00Z,GR,209.05,15
2026-09-21T21:30:00Z,HR,196.82,15
2026-09-21T21:30:00Z,HU,213.08,15
2026-09-21T21:30:00Z,IT-CNorth,204.59,15
2026-09-21T21:30:00Z,IT-CSouth,204.59,15
2026-09-21T21:30:00Z,IT-North,204.59,15
2026-09-21T21:30:00Z,IT-Sardinia,204.59,15
2026-09-21T21:30:00Z,IT-South,204.59,15
2026-09-21T21:30:00Z,LT,166.81,15
2026-09-21T21:30:00Z,LV,166.81,15
2026-09-21T21:30:00Z,NL,186.83,15
2026-09-21T21:30:00Z,NO1,134.70,15
2026-09-21T21:30:00Z,NO2,138.90,15
2026-09-21T21:30:00Z,NO3,91.54,15
2026-09-21T21:30:00Z,NO4,31.92,15
2026-09-21T21:30:00Z,NO5,132.10,15
2026-09-21T21:30:00Z,PL,160.51,15
2026-09-21T21:30:00Z,PT,187.25,15
2026-09-21T21:30:00Z,RO,210.39,15
2026-09-21T21:30:00Z,SE1,18.59,15
2026-09-21T21:30:00Z,SE2,14.63,15
2026-09-21T21:30:00Z,SE3,101.35,15
2026-09-21T21:30:00Z,SE4,164.79,15
2026-09-21T21:30:00Z,SI,192.53,15
2026-09-21T21:30:00Z,SK,187.88,15
2026-09-21T21:45:00Z,AT,172.37,15
2026-09-21T21:45:00Z,BE,172.28,15
2026-09-21T21:45:00Z,CZ,171.19,15
2026-09-21T21:45:00Z,DE-LU,172.11,15
2026-09-21T21:45:00Z,DK1,172.07,15
2026-09-21T21:45:00Z,DK2,172.01,15
2026-09-21T21:45:00Z,EE,15.78,15
2026-09-21T21:45:00Z,ES,179.67,15
2026-09-21T21:45:00Z,FI,15.79,15
2026-09-21T21:45:00Z,FR,172.40,15
2026-09-21T21:45:00Z,GR,181.74,15
2026-09-21T21:45:00Z,HR,176.50,15
2026-09-21T21:45:00Z,HU,183.47,15
2026-09-21T21:45:00Z,IT-CNorth,191.45,15
2026-09-21T21:45:00Z,IT-CSouth,191.45,15
2026-09-21T21:45:00Z,IT-North,191.45,15
2026-09-21T21:45:00Z,IT-Sardinia,191.45,15
2026-09-21T21:45:00Z,IT-Sicily,226.00,15
2026-09-21T21:45:00Z,IT-South,191.45,15
2026-09-21T21:45:00Z,LT,166.80,15
2026-09-21T21:45:00Z,LV,166.80,15
2026-09-21T21:45:00Z,NL,172.22,15
2026-09-21T21:45:00Z,NO1,134.29,15
2026-09-21T21:45:00Z,NO2,138.56,15
2026-09-21T21:45:00Z,NO3,90.20,15
2026-09-21T21:45:00Z,NO4,33.92,15
2026-09-21T21:45:00Z,NO5,131.65,15
2026-09-21T21:45:00Z,PL,166.74,15
2026-09-21T21:45:00Z,PT,184.67,15
2026-09-21T21:45:00Z,RO,182.32,15
2026-09-21T21:45:00Z,SE1,16.44,15
2026-09-21T21:45:00Z,SE2,10.95,15
2026-09-21T21:45:00Z,SE3,99.82,15
2026-09-21T21:45:00Z,SE4,164.77,15
2026-09-21T21:45:00Z,SI,174.66,15
2026-09-21T21:45:00Z,SK,172.67,15
2026-09-21T22:00:00Z,AT,190.91,15
2026-09-21T22:00:00Z,BE,191.19,15
2026-09-21T22:00:00Z,CH,198.00,60
2026-09-21T22:00:00Z,CZ,187.35,15
2026-09-21T22:00:00Z,DE-LU,189.97,15
2026-09-21T22:00:00Z,DK1,189.79,15
2026-09-21T22:00:00Z,DK2,193.29,15
2026-09-21T22:00:00Z,EE,20.00,15
2026-09-21T22:00:00Z,ES,184.55,15
2026-09-21T22:00:00Z,FI,20.01,15
2026-09-21T22:00:00Z,FR,191.21,15
2026-09-21T22:00:00Z,GR,217.37,15
2026-09-21T22:00:00Z,HR,202.47,15
2026-09-21T22:00:00Z,HU,225.26,15
2026-09-21T22:00:00Z,IT-CNorth,210.21,15
2026-09-21T22:00:00Z,IT-CSouth,210.21,15
2026-09-21T22:00:00Z,IT-North,210.21,15
2026-09-21T22:00:00Z,IT-Sardinia,210.21,15
2026-09-21T22:00:00Z,IT-Sicily,344.36,15
2026-09-21T22:00:00Z,IT-South,210.21,15
2026-09-21T22:00:00Z,LT,187.68,15
2026-09-21T22:00:00Z,LV,187.68,15
2026-09-21T22:00:00Z,NL,189.63,15
2026-09-21T22:00:00Z,NO1,145.57,15
2026-09-21T22:00:00Z,NO2,157.12,15
2026-09-21T22:00:00Z,NO3,86.87,15
2026-09-21T22:00:00Z,NO4,36.49,15
2026-09-21T22:00:00Z,NO5,139.95,15
2026-09-21T22:00:00Z,PL,150.01,15
2026-09-21T22:00:00Z,PT,199.28,15
2026-09-21T22:00:00Z,RO,219.24,15
2026-09-21T22:00:00Z,RS,121.00,15
2026-09-21T22:00:00Z,SE1,20.50,15
2026-09-21T22:00:00Z,SE2,15.84,15
2026-09-21T22:00:00Z,SE3,114.94,15
2026-09-21T22:00:00Z,SE4,185.11,15
2026-09-21T22:00:00Z,SI,197.35,15
2026-09-21T22:00:00Z,SK,190.70,15
2026-09-21T22:15:00Z,AT,184.09,15
2026-09-21T22:15:00Z,BE,183.62,15
2026-09-21T22:15:00Z,CZ,179.78,15
2026-09-21T22:15:00Z,DE-LU,183.05,15
2026-09-21T22:15:00Z,DK1,182.89,15
2026-09-21T22:15:00Z,DK2,182.63,15
2026-09-21T22:15:00Z,EE,22.12,15
2026-09-21T22:15:00Z,ES,185.19,15
2026-09-21T22:15:00Z,FI,22.13,15
2026-09-21T22:15:00Z,FR,184.04,15
2026-09-21T22:15:00Z,GR,216.44,15
2026-09-21T22:15:00Z,HR,198.21,15
2026-09-21T22:15:00Z,HU,226.09,15
2026-09-21T22:15:00Z,LT,182.07,15
2026-09-21T22:15:00Z,LV,182.07,15
2026-09-21T22:15:00Z,NL,183.41,15
2026-09-21T22:15:00Z,NO1,145.07,15
2026-09-21T22:15:00Z,NO2,157.00,15
2026-09-21T22:15:00Z,NO3,87.90,15
2026-09-21T22:15:00Z,NO4,37.68,15
2026-09-21T22:15:00Z,NO5,139.49,15
2026-09-21T22:15:00Z,PL,145.11,15
2026-09-21T22:15:00Z,RO,218.73,15
2026-09-21T22:15:00Z,SE1,22.60,15
2026-09-21T22:15:00Z,SE2,18.20,15
2026-09-21T22:15:00Z,SE3,111.99,15
2026-09-21T22:15:00Z,SE4,178.38,15
2026-09-21T22:15:00Z,SI,191.95,15
2026-09-21T22:15:00Z,SK,183.87,15
2026-09-21T22:30:00Z,AT,177.79,15
2026-09-21T22:30:00Z,BE,177.28,15
2026-09-21T22:30:00Z,CZ,173.09,15
2026-09-21T22:30:00Z,DE-LU,176.66,15
2026-09-21T22:30:00Z,DK1,176.49,15
2026-09-21T22:30:00Z,DK2,176.20,15
2026-09-21T22:30:00Z,EE,22.91,15
2026-09-21T22:30:00Z,ES,186.02,15
2026-09-21T22:30:00Z,FI,22.91,15
2026-09-21T22:30:00Z,FR,177.73,15
2026-09-21T22:30:00Z,GR,213.03,15
2026-09-21T22:30:00Z,HR,193.17,15
2026-09-21T22:30:00Z,HU,223.54,15
2026-09-21T22:30:00Z,IT-CNorth,209.15,15
2026-09-21T22:30:00Z,IT-CSouth,209.15,15
2026-09-21T22:30:00Z,IT-North,209.15,15
2026-09-21T22:30:00Z,IT-Sardinia,209.15,15
2026-09-21T22:30:00Z,IT-Sicily,336.98,15
2026-09-21T22:30:00Z,IT-South,209.15,15
2026-09-21T22:30:00Z,LT,175.59,15
2026-09-21T22:30:00Z,LV,175.59,15
2026-09-21T22:30:00Z,NL,177.05,15
2026-09-21T22:30:00Z,NO1,145.00,15
2026-09-21T22:30:00Z,NO2,156.79,15
2026-09-21T22:30:00Z,NO3,88.69,15
2026-09-21T22:30:00Z,NO4,37.75,15
2026-09-21T22:30:00Z,NO5,139.67,15
2026-09-21T22:30:00Z,PL,149.99,15
2026-09-21T22:30:00Z,PT,197.50,15
2026-09-21T22:30:00Z,RO,215.52,15
2026-09-21T22:30:00Z,SE1,23.36,15
2026-09-21T22:30:00Z,SE2,19.17,15
2026-09-21T22:30:00Z,SE3,108.73,15
2026-09-21T22:30:00Z,SE4,172.13,15
2026-09-21T22:30:00Z,SI,186.35,15
2026-09-21T22:30:00Z,SK,177.55,15
2026-09-21T22:45:00Z,AT,176.85,15
2026-09-21T22:45:00Z,BE,176.38,15
2026-09-21T22:45:00Z,CZ,172.57,15
2026-09-21T22:45:00Z,DE-LU,175.81,15
2026-09-21T22:45:00Z,DK1,175.66,15
2026-09-21T22:45:00Z,DK2,175.40,15
2026-09-21T22:45:00Z,EE,26.35,15
2026-09-21T22:45:00Z,ES,183.08,15
2026-09-21T22:45:00Z,FI,26.35,15
2026-09-21T22:45:00Z,FR,176.79,15
2026-09-21T22:45:00Z,GR,208.92,15
2026-09-21T22:45:00Z,HR,190.84,15
2026-09-21T22:45:00Z,HU,218.49,15
2026-09-21T22:45:00Z,IT-CNorth,191.19,15
2026-09-21T22:45:00Z,IT-CSouth,191.19,15
2026-09-21T22:45:00Z,IT-North,191.19,15
2026-09-21T22:45:00Z,IT-Sardinia,191.19,15
2026-09-21T22:45:00Z,IT-Sicily,330.00,15
2026-09-21T22:45:00Z,IT-South,191.19,15
2026-09-21T22:45:00Z,LT,174.84,15
2026-09-21T22:45:00Z,LV,174.84,15
2026-09-21T22:45:00Z,NL,176.17,15
2026-09-21T22:45:00Z,NO1,142.70,15
2026-09-21T22:45:00Z,NO2,156.03,15
2026-09-21T22:45:00Z,NO3,88.47,15
2026-09-21T22:45:00Z,NO4,40.66,15
2026-09-21T22:45:00Z,NO5,136.75,15
2026-09-21T22:45:00Z,PL,155.53,15
2026-09-21T22:45:00Z,PT,198.34,15
2026-09-21T22:45:00Z,RO,211.19,15
2026-09-21T22:45:00Z,SE1,26.79,15
2026-09-21T22:45:00Z,SE2,22.74,15
2026-09-21T22:45:00Z,SE3,109.75,15
2026-09-21T22:45:00Z,SE4,171.32,15
2026-09-21T22:45:00Z,SI,184.64,15
2026-09-21T22:45:00Z,SK,176.62,15
2026-09-21T23:00:00Z,AT,178.25,15
2026-09-21T23:00:00Z,BE,177.81,15
2026-09-21T23:00:00Z,CH,191.99,60
2026-09-21T23:00:00Z,CZ,174.21,15
2026-09-21T23:00:00Z,DE-LU,177.29,15
2026-09-21T23:00:00Z,DK1,177.13,15
2026-09-21T23:00:00Z,DK2,176.89,15
2026-09-21T23:00:00Z,EE,23.04,15
2026-09-21T23:00:00Z,ES,181.99,15
2026-09-21T23:00:00Z,FI,23.05,15
2026-09-21T23:00:00Z,FR,178.20,15
2026-09-21T23:00:00Z,GR,208.63,15
2026-09-21T23:00:00Z,HR,191.41,15
2026-09-21T23:00:00Z,HU,217.73,15
2026-09-21T23:00:00Z,IT-CNorth,199.49,15
2026-09-21T23:00:00Z,IT-CSouth,199.49,15
2026-09-21T23:00:00Z,IT-North,199.49,15
2026-09-21T23:00:00Z,IT-Sardinia,199.49,15
2026-09-21T23:00:00Z,IT-Sicily,315.00,15
2026-09-21T23:00:00Z,IT-South,199.49,15
2026-09-21T23:00:00Z,LT,176.36,15
2026-09-21T23:00:00Z,LV,176.36,15
2026-09-21T23:00:00Z,NL,177.62,15
2026-09-21T23:00:00Z,NO1,143.89,15
2026-09-21T23:00:00Z,NO2,155.70,15
2026-09-21T23:00:00Z,NO3,87.71,15
2026-09-21T23:00:00Z,NO4,37.92,15
2026-09-21T23:00:00Z,NO5,138.04,15
2026-09-21T23:00:00Z,PL,162.34,15
2026-09-21T23:00:00Z,PT,196.00,15
2026-09-21T23:00:00Z,RO,210.78,15
2026-09-21T23:00:00Z,RS,106.01,15
2026-09-21T23:00:00Z,SE1,23.50,15
2026-09-21T23:00:00Z,SE2,19.33,15
2026-09-21T23:00:00Z,SE3,109.65,15
2026-09-21T23:00:00Z,SE4,172.75,15
2026-09-21T23:00:00Z,SI,185.61,15
2026-09-21T23:00:00Z,SK,177.10,15
2026-09-21T23:15:00Z,AT,175.65,15
2026-09-21T23:15:00Z,BE,175.34,15
2026-09-21T23:15:00Z,CZ,172.79,15
2026-09-21T23:15:00Z,DE-LU,174.96,15
2026-09-21T23:15:00Z,DK1,174.85,15
2026-09-21T23:15:00Z,DK2,174.69,15
2026-09-21T23:15:00Z,EE,23.63,15
2026-09-21T23:15:00Z,ES,183.35,15
2026-09-21T23:15:00Z,FI,23.64,15
2026-09-21T23:15:00Z,FR,175.61,15
2026-09-21T23:15:00Z,GR,197.15,15
2026-09-21T23:15:00Z,HR,184.96,15
2026-09-21T23:15:00Z,HU,203.59,15
2026-09-21T23:15:00Z,IT-CNorth,195.36,15
2026-09-21T23:15:00Z,IT-CSouth,195.36,15
2026-09-21T23:15:00Z,IT-North,195.36,15
2026-09-21T23:15:00Z,IT-Sardinia,195.36,15
2026-09-21T23:15:00Z,IT-Sicily,288.46,15
2026-09-21T23:15:00Z,IT-South,195.36,15
2026-09-21T23:15:00Z,LT,174.31,15
2026-09-21T23:15:00Z,LV,174.31,15
2026-09-21T23:15:00Z,NL,175.20,15
2026-09-21T23:15:00Z,NO1,143.39,15
2026-09-21T23:15:00Z,NO2,155.45,15
2026-09-21T23:15:00Z,NO3,87.77,15
2026-09-21T23:15:00Z,NO4,38.20,15
2026-09-21T23:15:00Z,NO5,137.52,15
2026-09-21T23:15:00Z,PL,159.37,15
2026-09-21T23:15:00Z,PT,195.25,15
2026-09-21T23:15:00Z,RO,198.67,15
2026-09-21T23:15:00Z,SE1,24.08,15
2026-09-21T23:15:00Z,SE2,20.00,15
2026-09-21T23:15:00Z,SE3,108.62,15
2026-09-21T23:15:00Z,SE4,170.54,15
2026-09-21T23:15:00Z,SI,180.86,15
2026-09-21T23:15:00Z,SK,174.83,15
2026-09-21T23:30:00Z,AT,177.53,15
2026-09-21T23:30:00Z,BE,177.09,15
2026-09-21T23:30:00Z,CZ,173.39,15
2026-09-21T23:30:00Z,DE-LU,176.55,15
2026-09-21T23:30:00Z,DK1,176.38,15
2026-09-21T23:30:00Z,DK2,176.14,15
2026-09-21T23:30:00Z,EE,26.88,15
2026-09-21T23:30:00Z,ES,180.53,15
2026-09-21T23:30:00Z,FI,26.89,15
2026-09-21T23:30:00Z,FR,177.48,15
2026-09-21T23:30:00Z,GR,208.63,15
2026-09-21T23:30:00Z,HR,191.00,15
2026-09-21T23:30:00Z,HU,217.94,15
2026-09-21T23:30:00Z,IT-CNorth,198.70,15
2026-09-21T23:30:00Z,IT-CSouth,198.70,15
2026-09-21T23:30:00Z,IT-North,198.70,15
2026-09-21T23:30:00Z,IT-Sardinia,198.70,15
2026-09-21T23:30:00Z,IT-Sicily,279.26,15
2026-09-21T23:30:00Z,IT-South,198.70,15
2026-09-21T23:30:00Z,LT,175.59,15
2026-09-21T23:30:00Z,LV,175.59,15
2026-09-21T23:30:00Z,NL,176.88,15
2026-09-21T23:30:00Z,NO1,142.64,15
2026-09-21T23:30:00Z,NO2,155.29,15
2026-09-21T23:30:00Z,NO3,88.78,15
2026-09-21T23:30:00Z,NO4,40.51,15
2026-09-21T23:30:00Z,NO5,136.49,15
2026-09-21T23:30:00Z,PL,152.66,15
2026-09-21T23:30:00Z,PT,190.46,15
2026-09-21T23:30:00Z,RO,210.83,15
2026-09-21T23:30:00Z,SE1,27.30,15
2026-09-21T23:30:00Z,SE2,23.51,15
2026-09-21T23:30:00Z,SE3,110.96,15
2026-09-21T23:30:00Z,SE4,172.03,15
2026-09-21T23:30:00Z,SI,185.07,15
2026-09-21T23:30:00Z,SK,176.36,15
2026-09-21T23:45:00Z,AT,176.71,15
2026-09-21T23:45:00Z,BE,176.21,15
2026-09-21T23:45:00Z,CZ,172.07,15
2026-09-21T23:45:00Z,DE-LU,175.61,15
2026-09-21T23:45:00Z,DK1,175.42,15
2026-09-21T23:45:00Z,DK2,175.14,15
2026-09-21T23:45:00Z,EE,28.28,15
2026-09-21T23:45:00Z,ES,182.80,15
2026-09-21T23:45:00Z,FI,28.28,15
2026-09-21T23:45:00Z,FR,176.66,15
2026-09-21T23:45:00Z,GR,211.63,15
2026-09-21T23:45:00Z,HR,191.84,15
2026-09-21T23:45:00Z,HU,222.09,15
2026-09-21T23:45:00Z,IT-CNorth,196.90,15
2026-09-21T23:45:00Z,IT-CSouth,196.90,15
2026-09-21T23:45:00Z,IT-North,196.90,15
2026-09-21T23:45:00Z,IT-Sardinia,196.90,15
2026-09-21T23:45:00Z,IT-Sicily,228.00,15
2026-09-21T23:45:00Z,IT-South,196.90,15
2026-09-21T23:45:00Z,LT,174.54,15
2026-09-21T23:45:00Z,LV,174.54,15
2026-09-21T23:45:00Z,NL,175.98,15
2026-09-21T23:45:00Z,NO1,141.60,15
2026-09-21T23:45:00Z,NO2,155.10,15
2026-09-21T23:45:00Z,NO3,88.66,15
2026-09-21T23:45:00Z,NO4,41.57,15
2026-09-21T23:45:00Z,NO5,135.14,15
2026-09-21T23:45:00Z,PL,153.64,15
2026-09-21T23:45:00Z,PT,189.00,15
2026-09-21T23:45:00Z,RO,214.10,15
2026-09-21T23:45:00Z,SE1,28.68,15
2026-09-21T23:45:00Z,SE2,25.00,15
2026-09-21T23:45:00Z,SE3,111.03,15
2026-09-21T23:45:00Z,SE4,171.09,15
2026-09-21T23:45:00Z,SI,185.17,15
2026-09-21T23:45:00Z,SK,175.39,15
