timestamp_utc,zone,price_eur_mwh,resolution_min
2026-05-16T00:00:00Z,AT,123.69,15
2026-05-16T00:00:00Z,BE,113.88,15
2026-05-16T00:00:00Z,CH,128.09,60
2026-05-16T00:00:00Z,CZ,122.09,15
2026-05-16T00:00:00Z,DE-LU,119.59,15
2026-05-16T00:00:00Z,DK1,119.59,15
2026-05-16T00:00:00Z,DK2,119.59,15
2026-05-16T00:00:00Z,EE,116.39,15
2026-05-16T00:00:00Z,ES,91.00,15
2026-05-16T00:00:00Z,FI,113.41,15
2026-05-16T00:00:00Z,FR,91.58,15
2026-05-16T00:00:00Z,GR,123.31,15
2026-05-16T00:00:00Z,HR,123.88,15
2026-05-16T00:00:00Z,HU,123.11,15
2026-05-16T00:00:00Z,IT-CNorth,137.91,15
2026-05-16T00:00:00Z,IT-CSouth,137.91,15
2026-05-16T00:00:00Z,IT-North,137.91,15
2026-05-16T00:00:00Z,IT-Sardinia,137.91,15
2026-05-16T00:00:00Z,IT-Sicily,137.91,15
2026-05-16T00:00:00Z,IT-South,137.91,15
2026-05-16T00:00:00Z,LT,116.39,15
2026-05-16T00:00:00Z,LV,116.39,15
2026-05-16T00:00:00Z,NL,119.59,15
2026-05-16T00:00:00Z,NO1,116.04,15
2026-05-16T00:00:00Z,NO2,116.09,15
2026-05-16T00:00:00Z,NO3,114.78,15
2026-05-16T00:00:00Z,NO4,21.12,15
2026-05-16T00:00:00Z,NO5,115.90,15
2026-05-16T00:00:00Z,PL,121.54,15
2026-05-16T00:00:00Z,PT,73.93,15
2026-05-16T00:00:00Z,RO,123.31,15
2026-05-16T00:00:00Z,RS,128.56,15
2026-05-16T00:00:00Z,SE1,92.77,15
2026-05-16T00:00:00Z,SE2,113.63,15
2026-05-16T00:00:00Z,SE3,115.05,15
2026-05-16T00:00:00Z,SE4,116.39,15
2026-05-16T00:00:00Z,SI,124.10,15
2026-05-16T00:00:00Z,SK,122.49,15
2026-05-16T00:15:00Z,AT,124.51,15
2026-05-16T00:15:00Z,BE,108.15,15
2026-05-16T00:15:00Z,CZ,121.84,15
2026-05-16T00:15:00Z,DE-LU,117.67,15
2026-05-16T00:15:00Z,DK1,117.67,15
2026-05-16T00:15:00Z,DK2,117.67,15
2026-05-16T00:15:00Z,EE,114.73,15
2026-05-16T00:15:00Z,ES,85.25,15
2026-05-16T00:15:00Z,FI,110.11,15
2026-05-16T00:15:00Z,FR,70.96,15
2026-05-16T00:15:00Z,GR,123.86,15
2026-05-16T00:15:00Z,HR,124.83,15
2026-05-16T00:15:00Z,HU,123.53,15
2026-05-16T00:15:00Z,IT-CNorth,129.55,15
2026-05-16T00:15:00Z,IT-CSouth,129.55,15
2026-05-16T00:15:00Z,IT-North,129.55,15
2026-05-16T00:15:00Z,IT-Sardinia,129.55,15
2026-05-16T00:15:00Z,IT-Sicily,129.55,15
2026-05-16T00:15:00Z,IT-South,129.55,15
2026-05-16T00:15:00Z,LT,114.73,15
2026-05-16T00:15:00Z,LV,114.73,15
2026-05-16T00:15:00Z,NL,117.67,15
2026-05-16T00:15:00Z,NO1,114.18,15
2026-05-16T00:15:00Z,NO2,114.25,15
2026-05-16T00:15:00Z,NO3,112.16,15
2026-05-16T00:15:00Z,NO4,21.26,15
2026-05-16T00:15:00Z,NO5,113.94,15
2026-05-16T00:15:00Z,PL,120.92,15
2026-05-16T00:15:00Z,PT,70.96,15
2026-05-16T00:15:00Z,RO,123.86,15
2026-05-16T00:15:00Z,SE1,90.25,15
2026-05-16T00:15:00Z,SE2,110.33,15
2026-05-16T00:15:00Z,SE3,112.60,15
2026-05-16T00:15:00Z,SE4,114.73,15
2026-05-16T00:15:00Z,SI,125.19,15
2026-05-16T00:15:00Z,SK,122.51,15
2026-05-16T00:30:00Z,AT,124.38,15
2026-05-16T00:30:00Z,BE,107.61,15
2026-05-16T00:30:00Z,CZ,121.15,15
2026-05-16T00:30:00Z,DE-LU,117.21,15
2026-05-16T00:30:00Z,DK1,117.21,15
2026-05-16T00:30:00Z,DK2,117.21,15
2026-05-16T00:30:00Z,EE,114.28,15
2026-05-16T00:30:00Z,ES,86.77,15
2026-05-16T00:30:00Z,FI,102.75,15
2026-05-16T00:30:00Z,FR,70.01,15
2026-05-16T00:30:00Z,GR,127.26,15
2026-05-16T00:30:00Z,HR,126.04,15
2026-05-16T00:30:00Z,HU,126.28,15
2026-05-16T00:30:00Z,IT-CNorth,126.47,15
2026-05-16T00:30:00Z,IT-CSouth,126.47,15
2026-05-16T00:30:00Z,IT-North,126.47,15
2026-05-16T00:30:00Z,IT-Sardinia,126.47,15
2026-05-16T00:30:00Z,IT-Sicily,126.47,15
2026-05-16T00:30:00Z,IT-South,126.47,15
2026-05-16T00:30:00Z,LT,114.28,15
2026-05-16T00:30:00Z,LV,114.28,15
2026-05-16T00:30:00Z,NL,117.21,15
2026-05-16T00:30:00Z,NO1,113.36,15
2026-05-16T00:30:00Z,NO2,113.56,15
2026-05-16T00:30:00Z,NO3,107.94,15
2026-05-16T00:30:00Z,NO4,21.43,15
2026-05-16T00:30:00Z,NO5,112.75,15
2026-05-16T00:30:00Z,PL,120.39,15
2026-05-16T00:30:00Z,PT,70.01,15
2026-05-16T00:30:00Z,RO,127.26,15
2026-05-16T00:30:00Z,SE1,84.59,15
2026-05-16T00:30:00Z,SE2,103.00,15
2026-05-16T00:30:00Z,SE3,108.80,15
2026-05-16T00:30:00Z,SE4,114.28,15
2026-05-16T00:30:00Z,SI,125.69,15
2026-05-16T00:30:00Z,SK,122.00,15
2026-05-16T00:45:00Z,AT,122.17,15
2026-05-16T00:45:00Z,BE,104.45,15
2026-05-16T00:45:00Z,CZ,118.74,15
2026-05-16T00:45:00Z,DE-LU,115.78,15
2026-05-16T00:45:00Z,DK1,115.78,15
2026-05-16T00:45:00Z,DK2,115.32,15
2026-05-16T00:45:00Z,EE,112.89,15
2026-05-16T00:45:00Z,ES,84.39,15
2026-05-16T00:45:00Z,FI,91.73,15
2026-05-16T00:45:00Z,FR,68.78,15
2026-05-16T00:45:00Z,GR,128.72,15
2026-05-16T00:45:00Z,HR,125.21,15
2026-05-16T00:45:00Z,HU,127.13,15
2026-05-16T00:45:00Z,LT,112.89,15
2026-05-16T00:45:00Z,LV,112.89,15
2026-05-16T00:45:00Z,NL,111.53,15
2026-05-16T00:45:00Z,NO1,112.16,15
2026-05-16T00:45:00Z,NO2,112.53,15
2026-05-16T00:45:00Z,NO3,101.79,15
2026-05-16T00:45:00Z,NO4,21.60,15
2026-05-16T00:45:00Z,NO5,111.05,15
2026-05-16T00:45:00Z,PL,118.31,15
2026-05-16T00:45:00Z,PT,68.78,15
2026-05-16T00:45:00Z,RO,128.72,15
2026-05-16T00:45:00Z,SE1,76.09,15
2026-05-16T00:45:00Z,SE2,92.00,15
2026-05-16T00:45:00Z,SE3,102.74,15
2026-05-16T00:45:00Z,SE4,112.89,15
2026-05-16T00:45:00Z,SI,124.09,15
2026-05-16T00:45:00Z,SK,119.71,15
2026-05-16T01:00:00Z,AT,124.82,15
2026-05-16T01:00:00Z,BE,108.21,15
2026-05-16T01:00:00Z,CH,125.67,60
2026-05-16T01:00:00Z,CZ,122.12,15
2026-05-16T01:00:00Z,DE-LU,117.85,15
2026-05-16T01:00:00Z,DK1,117.85,15
2026-05-16T01:00:00Z,DK2,115.73,15
2026-05-16T01:00:00Z,EE,115.00,15
2026-05-16T01:00:00Z,ES,84.76,15
2026-05-16T01:00:00Z,FI,111.03,15
2026-05-16T01:00:00Z,FR,70.98,15
2026-05-16T01:00:00Z,GR,124.08,15
2026-05-16T01:00:00Z,HR,125.13,15
2026-05-16T01:00:00Z,HU,123.76,15
2026-05-16T01:00:00Z,LT,115.00,15
2026-05-16T01:00:00Z,LV,115.00,15
2026-05-16T01:00:00Z,NL,117.85,15
2026-05-16T01:00:00Z,NO1,114.36,15
2026-05-16T01:00:00Z,NO2,114.42,15
2026-05-16T01:00:00Z,NO3,112.80,15
2026-05-16T01:00:00Z,NO4,22.13,15
2026-05-16T01:00:00Z,NO5,114.17,15
2026-05-16T01:00:00Z,PL,121.18,15
2026-05-16T01:00:00Z,PT,70.98,15
2026-05-16T01:00:00Z,RO,124.08,15
2026-05-16T01:00:00Z,RS,109.00,15
2026-05-16T01:00:00Z,SE1,91.39,15
2026-05-16T01:00:00Z,SE2,111.33,15
2026-05-16T01:00:00Z,SE3,113.16,15
2026-05-16T01:00:00Z,SE4,114.97,15
2026-05-16T01:00:00Z,SI,125.50,15
2026-05-16T01:00:00Z,SK,122.80,15
2026-05-16T01:15:00Z,AT,122.94,15
2026-05-16T01:15:00Z,BE,106.61,15
2026-05-16T01:15:00Z,CZ,120.29,15
2026-05-16T01:15:00Z,DE-LU,116.09,15
2026-05-16T01:15:00Z,DK1,116.09,15
2026-05-16T01:15:00Z,DK2,114.00,15
2026-05-16T01:15:00Z,EE,113.46,15
2026-05-16T01:15:00Z,ES,81.63,15
2026-05-16T01:15:00Z,FI,102.51,15
2026-05-16T01:15:00Z,FR,70.00,15
2026-05-16T01:15:00Z,GR,122.21,15
2026-05-16T01:15:00Z,HR,123.25,15
2026-05-16T01:15:00Z,HU,121.89,15
2026-05-16T01:15:00Z,LT,113.46,15
2026-05-16T01:15:00Z,LV,113.46,15
2026-05-16T01:15:00Z,NL,116.09,15
2026-05-16T01:15:00Z,NO1,112.74,15
2026-05-16T01:15:00Z,NO2,112.91,15
2026-05-16T01:15:00Z,NO3,107.76,15
2026-05-16T01:15:00Z,NO4,22.15,15
2026-05-16T01:15:00Z,NO5,112.21,15
2026-05-16T01:15:00Z,PL,119.36,15
2026-05-16T01:15:00Z,PT,70.00,15
2026-05-16T01:15:00Z,RO,122.21,15
2026-05-16T01:15:00Z,SE1,84.91,15
2026-05-16T01:15:00Z,SE2,103.00,15
2026-05-16T01:15:00Z,SE3,108.20,15
2026-05-16T01:15:00Z,SE4,113.36,15
2026-05-16T01:15:00Z,SI,123.61,15
2026-05-16T01:15:00Z,SK,120.95,15
2026-05-16T01:30:00Z,AT,120.78,15
2026-05-16T01:30:00Z,BE,109.99,15
2026-05-16T01:30:00Z,CZ,118.60,15
2026-05-16T01:30:00Z,DE-LU,115.22,15
2026-05-16T01:30:00Z,DK1,115.22,15
2026-05-16T01:30:00Z,DK2,113.14,15
2026-05-16T01:30:00Z,EE,112.73,15
2026-05-16T01:30:00Z,ES,79.53,15
2026-05-16T01:30:00Z,FI,95.99,15
2026-05-16T01:30:00Z,GR,120.21,15
2026-05-16T01:30:00Z,HR,121.07,15
2026-05-16T01:30:00Z,HU,119.94,15
2026-05-16T01:30:00Z,LT,112.73,15
2026-05-16T01:30:00Z,LV,112.73,15
2026-05-16T01:30:00Z,NL,115.22,15
2026-05-16T01:30:00Z,NO1,112.72,15
2026-05-16T01:30:00Z,NO2,112.97,15
2026-05-16T01:30:00Z,NO3,104.92,15
2026-05-16T01:30:00Z,NO4,22.18,15
2026-05-16T01:30:00Z,NO5,111.95,15
2026-05-16T01:30:00Z,PL,117.86,15
2026-05-16T01:30:00Z,RO,120.21,15
2026-05-16T01:30:00Z,SE1,79.90,15
2026-05-16T01:30:00Z,SE2,96.57,15
2026-05-16T01:30:00Z,SE3,104.63,15
2026-05-16T01:30:00Z,SE4,112.58,15
2026-05-16T01:30:00Z,SI,121.37,15
2026-05-16T01:30:00Z,SK,119.16,15
2026-05-16T01:45:00Z,AT,120.37,15
2026-05-16T01:45:00Z,BE,109.69,15
2026-05-16T01:45:00Z,CZ,118.20,15
2026-05-16T01:45:00Z,DE-LU,114.85,15
2026-05-16T01:45:00Z,DK1,114.85,15
2026-05-16T01:45:00Z,DK2,112.78,15
2026-05-16T01:45:00Z,EE,112.71,15
2026-05-16T01:45:00Z,ES,81.64,15
2026-05-16T01:45:00Z,FI,79.11,15
2026-05-16T01:45:00Z,FR,69.00,15
2026-05-16T01:45:00Z,GR,119.80,15
2026-05-16T01:45:00Z,HR,120.66,15
2026-05-16T01:45:00Z,HU,119.53,15
2026-05-16T01:45:00Z,IT-CNorth,125.39,15
2026-05-16T01:45:00Z,IT-CSouth,125.39,15
2026-05-16T01:45:00Z,IT-North,125.39,15
2026-05-16T01:45:00Z,IT-Sardinia,125.39,15
2026-05-16T01:45:00Z,IT-Sicily,125.39,15
2026-05-16T01:45:00Z,IT-South,125.39,15
2026-05-16T01:45:00Z,LT,112.71,15
2026-05-16T01:45:00Z,LV,112.71,15
2026-05-16T01:45:00Z,NL,114.85,15
2026-05-16T01:45:00Z,NO1,112.73,15
2026-05-16T01:45:00Z,NO2,113.21,15
2026-05-16T01:45:00Z,NO3,97.64,15
2026-05-16T01:45:00Z,NO4,22.20,15
2026-05-16T01:45:00Z,NO5,111.28,15
2026-05-16T01:45:00Z,PL,117.47,15
2026-05-16T01:45:00Z,PT,69.00,15
2026-05-16T01:45:00Z,RO,119.80,15
2026-05-16T01:45:00Z,SE1,66.97,15
2026-05-16T01:45:00Z,SE2,80.00,15
2026-05-16T01:45:00Z,SE3,96.38,15
2026-05-16T01:45:00Z,SE4,112.43,15
2026-05-16T01:45:00Z,SI,120.95,15
2026-05-16T01:45:00Z,SK,118.76,15
2026-05-16T02:00:00Z,AT,120.95,15
2026-05-16T02:00:00Z,BE,109.76,15
2026-05-16T02:00:00Z,CH,125.00,60
2026-05-16T02:00:00Z,CZ,117.40,15
2026-05-16T02:00:00Z,DE-LU,114.73,15
2026-05-16T02:00:00Z,DK1,114.73,15
2026-05-16T02:00:00Z,DK2,114.73,15
2026-05-16T02:00:00Z,EE,112.10,15
2026-05-16T02:00:00Z,ES,89.43,15
2026-05-16T02:00:00Z,FI,102.54,15
2026-05-16T02:00:00Z,FR,67.20,15
2026-05-16T02:00:00Z,GR,129.12,15
2026-05-16T02:00:00Z,HR,124.64,15
2026-05-16T02:00:00Z,HU,127.39,15
2026-05-16T02:00:00Z,IT-CNorth,124.00,15
2026-05-16T02:00:00Z,IT-CSouth,124.00,15
2026-05-16T02:00:00Z,IT-North,124.00,15
2026-05-16T02:00:00Z,IT-Sardinia,124.00,15
2026-05-16T02:00:00Z,IT-Sicily,124.00,15
2026-05-16T02:00:00Z,IT-South,124.00,15
2026-05-16T02:00:00Z,LT,112.10,15
2026-05-16T02:00:00Z,LV,112.10,15
2026-05-16T02:00:00Z,NL,114.73,15
2026-05-16T02:00:00Z,NO1,111.29,15
2026-05-16T02:00:00Z,NO2,111.45,15
2026-05-16T02:00:00Z,NO3,107.09,15
2026-05-16T02:00:00Z,NO4,22.78,15
2026-05-16T02:00:00Z,NO5,110.88,15
2026-05-16T02:00:00Z,PL,117.01,15
2026-05-16T02:00:00Z,PT,67.20,15
2026-05-16T02:00:00Z,RO,129.12,15
2026-05-16T02:00:00Z,RS,127.35,15
2026-05-16T02:00:00Z,SE1,86.22,15
2026-05-16T02:00:00Z,SE2,102.99,15
2026-05-16T02:00:00Z,SE3,107.56,15
2026-05-16T02:00:00Z,SE4,112.01,15
2026-05-16T02:00:00Z,SI,123.15,15
2026-05-16T02:00:00Z,SK,115.82,15
2026-05-16T02:15:00Z,AT,119.79,15
2026-05-16T02:15:00Z,BE,108.58,15
2026-05-16T02:15:00Z,CZ,116.43,15
2026-05-16T02:15:00Z,DE-LU,113.61,15
2026-05-16T02:15:00Z,DK1,113.61,15
2026-05-16T02:15:00Z,DK2,113.61,15
2026-05-16T02:15:00Z,EE,110.77,15
2026-05-16T02:15:00Z,ES,86.67,15
2026-05-16T02:15:00Z,FI,91.36,15
2026-05-16T02:15:00Z,FR,65.50,15
2026-05-16T02:15:00Z,GR,126.53,15
2026-05-16T02:15:00Z,HR,122.93,15
2026-05-16T02:15:00Z,HU,125.04,15
2026-05-16T02:15:00Z,IT-CNorth,124.88,15
2026-05-16T02:15:00Z,IT-CSouth,124.88,15
2026-05-16T02:15:00Z,IT-North,124.88,15
2026-05-16T02:15:00Z,IT-Sardinia,124.88,15
2026-05-16T02:15:00Z,IT-Sicily,124.88,15
2026-05-16T02:15:00Z,IT-South,124.88,15
2026-05-16T02:15:00Z,LT,110.77,15
2026-05-16T02:15:00Z,LV,110.77,15
2026-05-16T02:15:00Z,NL,113.61,15
2026-05-16T02:15:00Z,NO1,111.37,15
2026-05-16T02:15:00Z,NO2,111.72,15
2026-05-16T02:15:00Z,NO3,101.39,15
2026-05-16T02:15:00Z,NO4,22.79,15
2026-05-16T02:15:00Z,NO5,110.44,15
2026-05-16T02:15:00Z,PL,115.98,15
2026-05-16T02:15:00Z,PT,65.50,15
2026-05-16T02:15:00Z,RO,126.53,15
2026-05-16T02:15:00Z,SE1,77.22,15
2026-05-16T02:15:00Z,SE2,91.61,15
2026-05-16T02:15:00Z,SE3,101.59,15
2026-05-16T02:15:00Z,SE4,110.77,15
2026-05-16T02:15:00Z,SI,121.73,15
2026-05-16T02:15:00Z,SK,115.21,15
2026-05-16T02:30:00Z,AT,119.03,15
2026-05-16T02:30:00Z,BE,107.54,15
2026-05-16T02:30:00Z,CZ,115.81,15
2026-05-16T02:30:00Z,DE-LU,112.76,15
2026-05-16T02:30:00Z,DK1,112.76,15
2026-05-16T02:30:00Z,DK2,111.32,15
2026-05-16T02:30:00Z,EE,110.06,15
2026-05-16T02:30:00Z,ES,77.10,15
2026-05-16T02:30:00Z,FI,95.56,15
2026-05-16T02:30:00Z,FR,62.93,15
2026-05-16T02:30:00Z,GR,124.42,15
2026-05-16T02:30:00Z,HR,121.67,15
2026-05-16T02:30:00Z,HU,123.15,15
2026-05-16T02:30:00Z,IT-CNorth,124.02,15
2026-05-16T02:30:00Z,IT-CSouth,124.02,15
2026-05-16T02:30:00Z,IT-North,124.02,15
2026-05-16T02:30:00Z,IT-Sardinia,124.02,15
2026-05-16T02:30:00Z,IT-Sicily,124.02,15
2026-05-16T02:30:00Z,IT-South,124.02,15
2026-05-16T02:30:00Z,LT,110.06,15
2026-05-16T02:30:00Z,LV,110.06,15
2026-05-16T02:30:00Z,NL,112.76,15
2026-05-16T02:30:00Z,NO1,111.39,15
2026-05-16T02:30:00Z,NO2,111.64,15
2026-05-16T02:30:00Z,NO3,103.64,15
2026-05-16T02:30:00Z,NO4,22.83,15
2026-05-16T02:30:00Z,NO5,110.71,15
2026-05-16T02:30:00Z,PL,115.28,15
2026-05-16T02:30:00Z,PT,62.93,15
2026-05-16T02:30:00Z,RO,124.42,15
2026-05-16T02:30:00Z,SE1,80.63,15
2026-05-16T02:30:00Z,SE2,95.91,15
2026-05-16T02:30:00Z,SE3,103.19,15
2026-05-16T02:30:00Z,SE4,110.02,15
2026-05-16T02:30:00Z,SI,120.76,15
2026-05-16T02:30:00Z,SK,114.94,15
2026-05-16T02:45:00Z,AT,121.14,15
2026-05-16T02:45:00Z,BE,109.64,15
2026-05-16T02:45:00Z,CZ,118.29,15
2026-05-16T02:45:00Z,DE-LU,114.98,15
2026-05-16T02:45:00Z,DK1,114.98,15
2026-05-16T02:45:00Z,DK2,112.91,15
2026-05-16T02:45:00Z,EE,112.10,15
2026-05-16T02:45:00Z,ES,79.60,15
2026-05-16T02:45:00Z,FI,89.72,15
2026-05-16T02:45:00Z,FR,64.27,15
2026-05-16T02:45:00Z,GR,123.93,15
2026-05-16T02:45:00Z,HR,122.78,15
2026-05-16T02:45:00Z,HU,123.09,15
2026-05-16T02:45:00Z,IT-CNorth,124.73,15
2026-05-16T02:45:00Z,IT-CSouth,124.73,15
2026-05-16T02:45:00Z,IT-North,124.73,15
2026-05-16T02:45:00Z,IT-Sardinia,124.73,15
2026-05-16T02:45:00Z,IT-Sicily,124.73,15
2026-05-16T02:45:00Z,IT-South,124.73,15
2026-05-16T02:45:00Z,LT,112.10,15
2026-05-16T02:45:00Z,LV,112.10,15
2026-05-16T02:45:00Z,NL,114.98,15
2026-05-16T02:45:00Z,NO1,111.40,15
2026-05-16T02:45:00Z,NO2,111.80,15
2026-05-16T02:45:00Z,NO3,100.59,15
2026-05-16T02:45:00Z,NO4,22.85,15
2026-05-16T02:45:00Z,NO5,110.34,15
2026-05-16T02:45:00Z,PL,117.64,15
2026-05-16T02:45:00Z,PT,64.27,15
2026-05-16T02:45:00Z,RO,123.93,15
2026-05-16T02:45:00Z,SE1,75.93,15
2026-05-16T02:45:00Z,SE2,89.98,15
2026-05-16T02:45:00Z,SE3,101.51,15
2026-05-16T02:45:00Z,SE4,112.10,15
2026-05-16T02:45:00Z,SI,122.41,15
2026-05-16T02:45:00Z,SK,118.08,15
2026-05-16T03:00:00Z,AT,120.47,15
2026-05-16T03:00:00Z,CH,120.00,60
2026-05-16T03:00:00Z,CZ,118.26,15
2026-05-16T03:00:00Z,DE-LU,114.82,15
2026-05-16T03:00:00Z,DK1,114.82,15
2026-05-16T03:00:00Z,DK2,112.75,15
2026-05-16T03:00:00Z,EE,111.95,15
2026-05-16T03:00:00Z,ES,80.51,15
2026-05-16T03:00:00Z,FI,79.74,15
2026-05-16T03:00:00Z,FR,63.61,15
2026-05-16T03:00:00Z,GR,119.90,15
2026-05-16T03:00:00Z,HR,120.81,15
2026-05-16T03:00:00Z,HU,119.63,15
2026-05-16T03:00:00Z,IT-CNorth,126.47,15
2026-05-16T03:00:00Z,IT-CSouth,126.47,15
2026-05-16T03:00:00Z,IT-North,126.47,15
2026-05-16T03:00:00Z,IT-Sardinia,126.47,15
2026-05-16T03:00:00Z,IT-Sicily,126.47,15
2026-05-16T03:00:00Z,IT-South,126.47,15
2026-05-16T03:00:00Z,LT,111.95,15
2026-05-16T03:00:00Z,LV,111.95,15
2026-05-16T03:00:00Z,NL,114.82,15
2026-05-16T03:00:00Z,NO1,113.10,15
2026-05-16T03:00:00Z,NO2,113.65,15
2026-05-16T03:00:00Z,NO3,96.85,15
2026-05-16T03:00:00Z,NO4,22.55,15
2026-05-16T03:00:00Z,NO5,111.72,15
2026-05-16T03:00:00Z,PL,117.51,15
2026-05-16T03:00:00Z,PT,63.61,15
2026-05-16T03:00:00Z,RO,119.90,15
2026-05-16T03:00:00Z,RS,125.96,15
2026-05-16T03:00:00Z,SE1,67.42,15
2026-05-16T03:00:00Z,SE2,80.00,15
2026-05-16T03:00:00Z,SE3,96.28,15
2026-05-16T03:00:00Z,SE4,111.95,15
2026-05-16T03:00:00Z,SI,121.09,15
2026-05-16T03:00:00Z,SK,118.85,15
2026-05-16T03:15:00Z,AT,115.30,15
2026-05-16T03:15:00Z,BE,105.51,15
2026-05-16T03:15:00Z,CZ,113.30,15
2026-05-16T03:15:00Z,DE-LU,110.19,15
2026-05-16T03:15:00Z,DK1,110.19,15
2026-05-16T03:15:00Z,DK2,108.21,15
2026-05-16T03:15:00Z,EE,107.44,15
2026-05-16T03:15:00Z,ES,82.98,15
2026-05-16T03:15:00Z,FI,99.82,15
2026-05-16T03:15:00Z,FR,63.93,15
2026-05-16T03:15:00Z,GR,114.78,15
2026-05-16T03:15:00Z,HR,115.61,15
2026-05-16T03:15:00Z,HU,114.54,15
2026-05-16T03:15:00Z,LT,107.44,15
2026-05-16T03:15:00Z,LV,107.44,15
2026-05-16T03:15:00Z,NL,110.19,15
2026-05-16T03:15:00Z,NO1,112.86,15
2026-05-16T03:15:00Z,NO2,112.99,15
2026-05-16T03:15:00Z,NO3,106.73,15
2026-05-16T03:15:00Z,NO4,22.61,15
2026-05-16T03:15:00Z,NO5,112.52,15
2026-05-16T03:15:00Z,PL,112.63,15
2026-05-16T03:15:00Z,PT,63.93,15
2026-05-16T03:15:00Z,RO,114.78,15
2026-05-16T03:15:00Z,SE1,83.15,15
2026-05-16T03:15:00Z,SE2,100.03,15
2026-05-16T03:15:00Z,SE3,103.81,15
2026-05-16T03:15:00Z,SE4,107.44,15
2026-05-16T03:15:00Z,SI,115.86,15
2026-05-16T03:15:00Z,SK,113.84,15
2026-05-16T03:30:00Z,AT,111.37,15
2026-05-16T03:30:00Z,BE,102.62,15
2026-05-16T03:30:00Z,CZ,109.58,15
2026-05-16T03:30:00Z,DE-LU,106.80,15
2026-05-16T03:30:00Z,DK1,106.80,15
2026-05-16T03:30:00Z,DK2,104.88,15
2026-05-16T03:30:00Z,EE,104.13,15
2026-05-16T03:30:00Z,ES,86.82,15
2026-05-16T03:30:00Z,FI,102.80,15
2026-05-16T03:30:00Z,FR,65.42,15
2026-05-16T03:30:00Z,GR,110.91,15
2026-05-16T03:30:00Z,HR,111.65,15
2026-05-16T03:30:00Z,HU,110.69,15
2026-05-16T03:30:00Z,LT,104.13,15
2026-05-16T03:30:00Z,LV,104.13,15
2026-05-16T03:30:00Z,NL,106.80,15
2026-05-16T03:30:00Z,NO1,110.20,15
2026-05-16T03:30:00Z,NO2,110.22,15
2026-05-16T03:30:00Z,NO3,107.01,15
2026-05-16T03:30:00Z,NO4,22.64,15
2026-05-16T03:30:00Z,NO5,110.15,15
2026-05-16T03:30:00Z,PL,108.98,15
2026-05-16T03:30:00Z,PT,65.42,15
2026-05-16T03:30:00Z,RO,110.91,15
2026-05-16T03:30:00Z,SE1,85.47,15
2026-05-16T03:30:00Z,SE2,102.99,15
2026-05-16T03:30:00Z,SE3,103.58,15
2026-05-16T03:30:00Z,SE4,104.13,15
2026-05-16T03:30:00Z,SI,111.87,15
2026-05-16T03:30:00Z,SK,110.06,15
2026-05-16T03:45:00Z,AT,109.71,15
2026-05-16T03:45:00Z,BE,101.76,15
2026-05-16T03:45:00Z,CZ,108.09,15
2026-05-16T03:45:00Z,DE-LU,105.56,15
2026-05-16T03:45:00Z,DK1,105.56,15
2026-05-16T03:45:00Z,DK2,103.66,15
2026-05-16T03:45:00Z,EE,102.92,15
2026-05-16T03:45:00Z,ES,88.32,15
2026-05-16T03:45:00Z,FI,102.72,15
2026-05-16T03:45:00Z,FR,67.96,15
2026-05-16T03:45:00Z,GR,109.29,15
2026-05-16T03:45:00Z,HR,109.96,15
2026-05-16T03:45:00Z,HU,109.09,15
2026-05-16T03:45:00Z,IT-CNorth,125.44,15
2026-05-16T03:45:00Z,IT-CSouth,125.44,15
2026-05-16T03:45:00Z,IT-North,125.44,15
2026-05-16T03:45:00Z,IT-Sardinia,125.44,15
2026-05-16T03:45:00Z,IT-Sicily,125.44,15
2026-05-16T03:45:00Z,IT-South,125.44,15
2026-05-16T03:45:00Z,LT,102.92,15
2026-05-16T03:45:00Z,LV,102.92,15
2026-05-16T03:45:00Z,NL,105.56,15
2026-05-16T03:45:00Z,NO1,108.94,15
2026-05-16T03:45:00Z,NO2,108.94,15
2026-05-16T03:45:00Z,NO3,106.34,15
2026-05-16T03:45:00Z,NO4,22.66,15
2026-05-16T03:45:00Z,NO5,108.94,15
2026-05-16T03:45:00Z,PL,107.54,15
2026-05-16T03:45:00Z,PT,67.96,15
2026-05-16T03:45:00Z,RO,109.29,15
2026-05-16T03:45:00Z,SE1,85.41,15
2026-05-16T03:45:00Z,SE2,102.90,15
2026-05-16T03:45:00Z,SE3,102.92,15
2026-05-16T03:45:00Z,SE4,102.92,15
2026-05-16T03:45:00Z,SI,110.17,15
2026-05-16T03:45:00Z,SK,108.52,15
2026-05-16T04:00:00Z,AT,115.32,15
2026-05-16T04:00:00Z,BE,106.18,15
2026-05-16T04:00:00Z,CH,110.70,60
2026-05-16T04:00:00Z,CZ,113.37,15
2026-05-16T04:00:00Z,DE-LU,110.47,15
2026-05-16T04:00:00Z,DK1,110.47,15
2026-05-16T04:00:00Z,DK2,108.48,15
2026-05-16T04:00:00Z,EE,102.69,15
2026-05-16T04:00:00Z,ES,81.23,15
2026-05-16T04:00:00Z,FI,98.22,15
2026-05-16T04:00:00Z,FR,67.69,15
2026-05-16T04:00:00Z,GR,114.71,15
2026-05-16T04:00:00Z,HR,115.46,15
2026-05-16T04:00:00Z,HU,114.48,15
2026-05-16T04:00:00Z,IT-CNorth,126.47,15
2026-05-16T04:00:00Z,IT-CSouth,126.47,15
2026-05-16T04:00:00Z,IT-North,126.47,15
2026-05-16T04:00:00Z,IT-Sardinia,126.47,15
2026-05-16T04:00:00Z,IT-Sicily,126.47,15
2026-05-16T04:00:00Z,IT-South,126.47,15
2026-05-16T04:00:00Z,LT,107.70,15
2026-05-16T04:00:00Z,LV,107.70,15
2026-05-16T04:00:00Z,NL,110.47,15
2026-05-16T04:00:00Z,NO1,111.73,15
2026-05-16T04:00:00Z,NO2,111.90,15
2026-05-16T04:00:00Z,NO3,105.22,15
2026-05-16T04:00:00Z,NO4,22.12,15
2026-05-16T04:00:00Z,NO5,111.30,15
2026-05-16T04:00:00Z,PL,112.81,15
2026-05-16T04:00:00Z,PT,67.69,15
2026-05-16T04:00:00Z,RO,114.71,15
2026-05-16T04:00:00Z,RS,104.02,15
2026-05-16T04:00:00Z,SE1,81.04,15
2026-05-16T04:00:00Z,SE2,98.46,15
2026-05-16T04:00:00Z,SE3,103.14,15
2026-05-16T04:00:00Z,SE4,107.70,15
2026-05-16T04:00:00Z,SI,115.68,15
2026-05-16T04:00:00Z,SK,113.86,15
2026-05-16T04:15:00Z,AT,110.74,15
2026-05-16T04:15:00Z,BE,102.69,15
2026-05-16T04:15:00Z,CZ,109.03,15
2026-05-16T04:15:00Z,DE-LU,106.47,15
2026-05-16T04:15:00Z,DK1,106.47,15
2026-05-16T04:15:00Z,DK2,104.55,15
2026-05-16T04:15:00Z,EE,102.70,15
2026-05-16T04:15:00Z,ES,84.88,15
2026-05-16T04:15:00Z,FI,102.49,15
2026-05-16T04:15:00Z,FR,68.78,15
2026-05-16T04:15:00Z,GR,110.21,15
2026-05-16T04:15:00Z,HR,110.86,15
2026-05-16T04:15:00Z,HU,110.01,15
2026-05-16T04:15:00Z,IT-CNorth,130.26,15
2026-05-16T04:15:00Z,IT-CSouth,130.26,15
2026-05-16T04:15:00Z,IT-North,130.26,15
2026-05-16T04:15:00Z,IT-Sardinia,130.26,15
2026-05-16T04:15:00Z,IT-Sicily,130.26,15
2026-05-16T04:15:00Z,IT-South,130.26,15
2026-05-16T04:15:00Z,LT,103.80,15
2026-05-16T04:15:00Z,LV,103.80,15
2026-05-16T04:15:00Z,NL,106.47,15
2026-05-16T04:15:00Z,NO1,109.85,15
2026-05-16T04:15:00Z,NO2,109.87,15
2026-05-16T04:15:00Z,NO3,106.65,15
2026-05-16T04:15:00Z,NO4,22.17,15
2026-05-16T04:15:00Z,NO5,109.80,15
2026-05-16T04:15:00Z,PL,108.53,15
2026-05-16T04:15:00Z,PT,68.78,15
2026-05-16T04:15:00Z,RO,110.21,15
2026-05-16T04:15:00Z,SE1,84.34,15
2026-05-16T04:15:00Z,SE2,102.69,15
2026-05-16T04:15:00Z,SE3,103.26,15
2026-05-16T04:15:00Z,SE4,103.80,15
2026-05-16T04:15:00Z,SI,111.06,15
2026-05-16T04:15:00Z,SK,109.45,15
2026-05-16T04:30:00Z,AT,109.22,15
2026-05-16T04:30:00Z,BE,101.46,15
2026-05-16T04:30:00Z,CZ,107.57,15
2026-05-16T04:30:00Z,DE-LU,105.10,15
2026-05-16T04:30:00Z,DK1,105.10,15
2026-05-16T04:30:00Z,DK2,103.21,15
2026-05-16T04:30:00Z,EE,102.47,15
2026-05-16T04:30:00Z,ES,84.64,15
2026-05-16T04:30:00Z,FI,102.26,15
2026-05-16T04:30:00Z,GR,108.70,15
2026-05-16T04:30:00Z,HR,109.34,15
2026-05-16T04:30:00Z,HU,108.51,15
2026-05-16T04:30:00Z,IT-CNorth,135.00,15
2026-05-16T04:30:00Z,IT-CSouth,135.00,15
2026-05-16T04:30:00Z,IT-North,135.00,15
2026-05-16T04:30:00Z,IT-Sardinia,135.00,15
2026-05-16T04:30:00Z,IT-Sicily,135.00,15
2026-05-16T04:30:00Z,IT-South,135.00,15
2026-05-16T04:30:00Z,LT,102.47,15
2026-05-16T04:30:00Z,LV,102.47,15
2026-05-16T04:30:00Z,NL,105.10,15
2026-05-16T04:30:00Z,NO1,108.46,15
2026-05-16T04:30:00Z,NO2,108.46,15
2026-05-16T04:30:00Z,NO3,105.85,15
2026-05-16T04:30:00Z,NO4,22.24,15
2026-05-16T04:30:00Z,NO5,108.46,15
2026-05-16T04:30:00Z,PL,107.09,15
2026-05-16T04:30:00Z,RO,108.70,15
2026-05-16T04:30:00Z,SE1,84.18,15
2026-05-16T04:30:00Z,SE2,102.45,15
2026-05-16T04:30:00Z,SE3,102.47,15
2026-05-16T04:30:00Z,SE4,102.47,15
2026-05-16T04:30:00Z,SI,109.52,15
2026-05-16T04:30:00Z,SK,107.98,15
2026-05-16T04:45:00Z,AT,104.40,15
2026-05-16T04:45:00Z,BE,97.60,15
2026-05-16T04:45:00Z,CZ,102.95,15
2026-05-16T04:45:00Z,DE-LU,100.79,15
2026-05-16T04:45:00Z,DK1,100.79,15
2026-05-16T04:45:00Z,DK2,98.97,15
2026-05-16T04:45:00Z,EE,97.51,15
2026-05-16T04:45:00Z,ES,83.83,15
2026-05-16T04:45:00Z,FI,97.32,15
2026-05-16T04:45:00Z,FR,69.00,15
2026-05-16T04:45:00Z,GR,103.94,15
2026-05-16T04:45:00Z,HR,104.50,15
2026-05-16T04:45:00Z,HU,103.78,15
2026-05-16T04:45:00Z,IT-CNorth,126.47,15
2026-05-16T04:45:00Z,IT-CSouth,126.47,15
2026-05-16T04:45:00Z,IT-North,126.47,15
2026-05-16T04:45:00Z,IT-Sardinia,126.47,15
2026-05-16T04:45:00Z,IT-Sicily,126.47,15
2026-05-16T04:45:00Z,IT-South,126.47,15
2026-05-16T04:45:00Z,LT,97.51,15
2026-05-16T04:45:00Z,LV,97.51,15
2026-05-16T04:45:00Z,NL,100.79,15
2026-05-16T04:45:00Z,NO1,105.17,15
2026-05-16T04:45:00Z,NO2,105.17,15
2026-05-16T04:45:00Z,NO3,101.83,15
2026-05-16T04:45:00Z,NO4,22.28,15
2026-05-16T04:45:00Z,NO5,105.17,15
2026-05-16T04:45:00Z,PL,102.53,15
2026-05-16T04:45:00Z,PT,69.00,15
2026-05-16T04:45:00Z,RO,103.94,15
2026-05-16T04:45:00Z,SE1,80.36,15
2026-05-16T04:45:00Z,SE2,97.50,15
2026-05-16T04:45:00Z,SE3,97.51,15
2026-05-16T04:45:00Z,SE4,97.51,15
2026-05-16T04:45:00Z,SI,104.66,15
2026-05-16T04:45:00Z,SK,103.31,15
2026-05-16T05:00:00Z,AT,112.23,15
2026-05-16T05:00:00Z,BE,104.06,15
2026-05-16T05:00:00Z,CH,100.26,60
2026-05-16T05:00:00Z,CZ,110.54,15
2026-05-16T05:00:00Z,DE-LU,107.97,15
2026-05-16T05:00:00Z,DK1,107.97,15
2026-05-16T05:00:00Z,DK2,106.03,15
2026-05-16T05:00:00Z,EE,106.03,15
2026-05-16T05:00:00Z,ES,85.52,15
2026-05-16T05:00:00Z,FI,105.82,15
2026-05-16T05:00:00Z,FR,76.95,15
2026-05-16T05:00:00Z,GR,111.69,15
2026-05-16T05:00:00Z,HR,112.33,15
2026-05-16T05:00:00Z,HU,111.49,15
2026-05-16T05:00:00Z,IT-CNorth,151.23,15
2026-05-16T05:00:00Z,IT-CSouth,151.23,15
2026-05-16T05:00:00Z,IT-North,151.23,15
2026-05-16T05:00:00Z,IT-Sardinia,151.23,15
2026-05-16T05:00:00Z,IT-Sicily,151.23,15
2026-05-16T05:00:00Z,IT-South,151.23,15
2026-05-16T05:00:00Z,LT,106.03,15
2026-05-16T05:00:00Z,LV,106.03,15
2026-05-16T05:00:00Z,NL,107.97,15
2026-05-16T05:00:00Z,NO1,110.27,15
2026-05-16T05:00:00Z,NO2,110.27,15
2026-05-16T05:00:00Z,NO3,108.43,15
2026-05-16T05:00:00Z,NO4,21.07,15
2026-05-16T05:00:00Z,NO5,110.27,15
2026-05-16T05:00:00Z,PL,110.02,15
2026-05-16T05:00:00Z,PT,76.95,15
2026-05-16T05:00:00Z,RO,111.69,15
2026-05-16T05:00:00Z,RS,112.00,15
2026-05-16T05:00:00Z,SE1,85.96,15
2026-05-16T05:00:00Z,SE2,106.02,15
2026-05-16T05:00:00Z,SE3,106.03,15
2026-05-16T05:00:00Z,SE4,106.03,15
2026-05-16T05:00:00Z,SI,112.51,15
2026-05-16T05:00:00Z,SK,110.95,15
2026-05-16T05:15:00Z,AT,107.80,15
2026-05-16T05:15:00Z,BE,99.13,15
2026-05-16T05:15:00Z,CZ,106.00,15
2026-05-16T05:15:00Z,DE-LU,103.28,15
2026-05-16T05:15:00Z,DK1,103.28,15
2026-05-16T05:15:00Z,DK2,101.42,15
2026-05-16T05:15:00Z,EE,100.73,15
2026-05-16T05:15:00Z,ES,79.94,15
2026-05-16T05:15:00Z,FI,100.53,15
2026-05-16T05:15:00Z,FR,70.36,15
2026-05-16T05:15:00Z,GR,107.23,15
2026-05-16T05:15:00Z,HR,107.90,15
2026-05-16T05:15:00Z,HU,107.02,15
2026-05-16T05:15:00Z,LT,100.73,15
2026-05-16T05:15:00Z,LV,100.73,15
2026-05-16T05:15:00Z,NL,103.28,15
2026-05-16T05:15:00Z,NO1,107.73,15
2026-05-16T05:15:00Z,NO2,106.58,15
2026-05-16T05:15:00Z,NO3,105.14,15
2026-05-16T05:15:00Z,NO4,21.28,15
2026-05-16T05:15:00Z,NO5,108.91,15
2026-05-16T05:15:00Z,PL,105.45,15
2026-05-16T05:15:00Z,PT,70.36,15
2026-05-16T05:15:00Z,RO,107.23,15
2026-05-16T05:15:00Z,SE1,82.00,15
2026-05-16T05:15:00Z,SE2,100.77,15
2026-05-16T05:15:00Z,SE3,100.73,15
2026-05-16T05:15:00Z,SE4,100.72,15
2026-05-16T05:15:00Z,SI,108.10,15
2026-05-16T05:15:00Z,SK,106.44,15
2026-05-16T05:30:00Z,AT,102.96,15
2026-05-16T05:30:00Z,BE,94.68,15
2026-05-16T05:30:00Z,CZ,101.24,15
2026-05-16T05:30:00Z,DE-LU,98.64,15
2026-05-16T05:30:00Z,DK1,98.64,15
2026-05-16T05:30:00Z,DK2,96.87,15
2026-05-16T05:30:00Z,EE,96.26,15
2026-05-16T05:30:00Z,ES,74.97,15
2026-05-16T05:30:00Z,FI,96.04,15
2026-05-16T05:30:00Z,FR,67.20,15
2026-05-16T05:30:00Z,GR,102.41,15
2026-05-16T05:30:00Z,HR,103.05,15
2026-05-16T05:30:00Z,HU,102.21,15
2026-05-16T05:30:00Z,LT,96.26,15
2026-05-16T05:30:00Z,LV,96.26,15
2026-05-16T05:30:00Z,NL,98.64,15
2026-05-16T05:30:00Z,NO1,105.42,15
2026-05-16T05:30:00Z,NO2,101.86,15
2026-05-16T05:30:00Z,NO3,102.85,15
2026-05-16T05:30:00Z,NO4,21.54,15
2026-05-16T05:30:00Z,NO5,109.08,15
2026-05-16T05:30:00Z,PL,100.71,15
2026-05-16T05:30:00Z,PT,67.20,15
2026-05-16T05:30:00Z,RO,102.41,15
2026-05-16T05:30:00Z,SE1,78.73,15
2026-05-16T05:30:00Z,SE2,96.42,15
2026-05-16T05:30:00Z,SE3,96.28,15
2026-05-16T05:30:00Z,SE4,96.23,15
2026-05-16T05:30:00Z,SI,103.24,15
2026-05-16T05:30:00Z,SK,101.66,15
2026-05-16T05:45:00Z,AT,95.66,15
2026-05-16T05:45:00Z,BE,83.09,15
2026-05-16T05:45:00Z,CZ,93.53,15
2026-05-16T05:45:00Z,DE-LU,90.29,15
2026-05-16T05:45:00Z,DK1,90.29,15
2026-05-16T05:45:00Z,DK2,88.66,15
2026-05-16T05:45:00Z,EE,88.18,15
2026-05-16T05:45:00Z,ES,60.68,15
2026-05-16T05:45:00Z,FI,88.04,15
2026-05-16T05:45:00Z,FR,55.16,15
2026-05-16T05:45:00Z,GR,94.97,15
2026-05-16T05:45:00Z,HR,95.75,15
2026-05-16T05:45:00Z,HU,94.72,15
2026-05-16T05:45:00Z,LT,88.18,15
2026-05-16T05:45:00Z,LV,88.18,15
2026-05-16T05:45:00Z,NL,90.29,15
2026-05-16T05:45:00Z,NO1,100.03,15
2026-05-16T05:45:00Z,NO2,101.48,15
2026-05-16T05:45:00Z,NO3,97.56,15
2026-05-16T05:45:00Z,NO4,21.80,15
2026-05-16T05:45:00Z,NO5,109.15,15
2026-05-16T05:45:00Z,PL,92.87,15
2026-05-16T05:45:00Z,PT,55.16,15
2026-05-16T05:45:00Z,RO,94.97,15
2026-05-16T05:45:00Z,SE1,72.74,15
2026-05-16T05:45:00Z,SE2,88.51,15
2026-05-16T05:45:00Z,SE3,88.22,15
2026-05-16T05:45:00Z,SE4,88.12,15
2026-05-16T05:45:00Z,SI,95.99,15
2026-05-16T05:45:00Z,SK,94.04,15
2026-05-16T06:00:00Z,AT,105.03,15
2026-05-16T06:00:00Z,BE,93.11,15
2026-05-16T06:00:00Z,CH,90.00,60
2026-05-16T06:00:00Z,CZ,103.10,15
2026-05-16T06:00:00Z,DE-LU,100.31,15
2026-05-16T06:00:00Z,DK1,100.31,15
2026-05-16T06:00:00Z,DK2,99.06,15
2026-05-16T06:00:00Z,EE,99.12,15
2026-05-16T06:00:00Z,ES,82.45,15
2026-05-16T06:00:00Z,FI,98.89,15
2026-05-16T06:00:00Z,FR,67.68,15
2026-05-16T06:00:00Z,GR,104.42,15
2026-05-16T06:00:00Z,HR,105.11,15
2026-05-16T06:00:00Z,HU,104.19,15
2026-05-16T06:00:00Z,IT-CNorth,156.00,15
2026-05-16T06:00:00Z,IT-CSouth,156.00,15
2026-05-16T06:00:00Z,IT-North,156.00,15
2026-05-16T06:00:00Z,IT-Sardinia,156.00,15
2026-05-16T06:00:00Z,IT-Sicily,156.00,15
2026-05-16T06:00:00Z,IT-South,156.00,15
2026-05-16T06:00:00Z,LT,99.12,15
2026-05-16T06:00:00Z,LV,99.12,15
2026-05-16T06:00:00Z,NL,100.00,15
2026-05-16T06:00:00Z,NO1,108.42,15
2026-05-16T06:00:00Z,NO2,103.59,15
2026-05-16T06:00:00Z,NO3,106.27,15
2026-05-16T06:00:00Z,NO4,22.29,15
2026-05-16T06:00:00Z,NO5,113.21,15
2026-05-16T06:00:00Z,PL,102.53,15
2026-05-16T06:00:00Z,PT,63.88,15
2026-05-16T06:00:00Z,RO,104.42,15
2026-05-16T06:00:00Z,RS,81.24,15
2026-05-16T06:00:00Z,SE1,81.81,15
2026-05-16T06:00:00Z,SE2,99.34,15
2026-05-16T06:00:00Z,SE3,99.15,15
2026-05-16T06:00:00Z,SE4,99.08,15
2026-05-16T06:00:00Z,SI,105.35,15
2026-05-16T06:00:00Z,SK,103.57,15
2026-05-16T06:15:00Z,AT,99.81,15
2026-05-16T06:15:00Z,BE,85.19,15
2026-05-16T06:15:00Z,CZ,97.84,15
2026-05-16T06:15:00Z,DE-LU,95.23,15
2026-05-16T06:15:00Z,DK1,95.23,15
2026-05-16T06:15:00Z,DK2,92.96,15
2026-05-16T06:15:00Z,EE,93.05,15
2026-05-16T06:15:00Z,ES,74.43,15
2026-05-16T06:15:00Z,FI,92.93,15
2026-05-16T06:15:00Z,FR,57.02,15
2026-05-16T06:15:00Z,GR,99.22,15
2026-05-16T06:15:00Z,HR,99.95,15
2026-05-16T06:15:00Z,HU,98.99,15
2026-05-16T06:15:00Z,IT-CNorth,153.31,15
2026-05-16T06:15:00Z,IT-CSouth,153.31,15
2026-05-16T06:15:00Z,IT-North,153.31,15
2026-05-16T06:15:00Z,IT-Sardinia,153.31,15
2026-05-16T06:15:00Z,IT-Sicily,153.31,15
2026-05-16T06:15:00Z,IT-South,153.31,15
2026-05-16T06:15:00Z,LT,93.05,15
2026-05-16T06:15:00Z,LV,93.05,15
2026-05-16T06:15:00Z,NL,90.52,15
2026-05-16T06:15:00Z,NO1,105.85,15
2026-05-16T06:15:00Z,NO2,101.42,15
2026-05-16T06:15:00Z,NO3,103.22,15
2026-05-16T06:15:00Z,NO4,22.36,15
2026-05-16T06:15:00Z,NO5,114.19,15
2026-05-16T06:15:00Z,PL,97.31,15
2026-05-16T06:15:00Z,PT,40.00,15
2026-05-16T06:15:00Z,RO,99.22,15
2026-05-16T06:15:00Z,SE1,77.23,15
2026-05-16T06:15:00Z,SE2,93.40,15
2026-05-16T06:15:00Z,SE3,93.09,15
2026-05-16T06:15:00Z,SE4,92.98,15
2026-05-16T06:15:00Z,SI,100.19,15
2026-05-16T06:15:00Z,SK,98.35,15
2026-05-16T06:30:00Z,AT,83.40,15
2026-05-16T06:30:00Z,BE,77.97,15
2026-05-16T06:30:00Z,CZ,82.67,15
2026-05-16T06:30:00Z,DE-LU,81.70,15
2026-05-16T06:30:00Z,DK1,81.70,15
2026-05-16T06:30:00Z,DK2,79.77,15
2026-05-16T06:30:00Z,EE,79.90,15
2026-05-16T06:30:00Z,ES,25.02,15
2026-05-16T06:30:00Z,FI,79.76,15
2026-05-16T06:30:00Z,FR,67.50,15
2026-05-16T06:30:00Z,GR,80.00,15
2026-05-16T06:30:00Z,HR,83.46,15
2026-05-16T06:30:00Z,HU,83.10,15
2026-05-16T06:30:00Z,IT-CNorth,151.23,15
2026-05-16T06:30:00Z,IT-CSouth,151.23,15
2026-05-16T06:30:00Z,IT-North,151.23,15
2026-05-16T06:30:00Z,IT-Sardinia,134.05,15
2026-05-16T06:30:00Z,IT-Sicily,151.23,15
2026-05-16T06:30:00Z,IT-South,151.23,15
2026-05-16T06:30:00Z,LT,79.90,15
2026-05-16T06:30:00Z,LV,79.90,15
2026-05-16T06:30:00Z,NL,79.95,15
2026-05-16T06:30:00Z,NO1,97.26,15
2026-05-16T06:30:00Z,NO2,101.55,15
2026-05-16T06:30:00Z,NO3,95.22,15
2026-05-16T06:30:00Z,NO5,115.26,15
2026-05-16T06:30:00Z,PL,91.72,15
2026-05-16T06:30:00Z,PT,25.02,15
2026-05-16T06:30:00Z,RO,83.18,15
2026-05-16T06:30:00Z,SE1,67.15,15
2026-05-16T06:30:00Z,SE2,80.40,15
2026-05-16T06:30:00Z,SE3,79.96,15
2026-05-16T06:30:00Z,SE4,79.81,15
2026-05-16T06:30:00Z,SI,83.54,15
2026-05-16T06:30:00Z,SK,82.86,15
2026-05-16T06:45:00Z,AT,75.29,15
2026-05-16T06:45:00Z,BE,60.23,15
2026-05-16T06:45:00Z,CZ,73.26,15
2026-05-16T06:45:00Z,DE-LU,70.57,15
2026-05-16T06:45:00Z,DK1,70.57,15
2026-05-16T06:45:00Z,DK2,60.72,15
2026-05-16T06:45:00Z,EE,61.34,15
2026-05-16T06:45:00Z,ES,-0.07,15
2026-05-16T06:45:00Z,FI,61.25,15
2026-05-16T06:45:00Z,FR,31.19,15
2026-05-16T06:45:00Z,GR,5.00,15
2026-05-16T06:45:00Z,HR,75.44,15
2026-05-16T06:45:00Z,HU,74.45,15
2026-05-16T06:45:00Z,IT-Sardinia,30.00,15
2026-05-16T06:45:00Z,LT,61.34,15
2026-05-16T06:45:00Z,LV,61.34,15
2026-05-16T06:45:00Z,NL,65.72,15
2026-05-16T06:45:00Z,NO1,93.39,15
2026-05-16T06:45:00Z,NO2,100.20,15
2026-05-16T06:45:00Z,NO3,87.90,15
2026-05-16T06:45:00Z,NO4,22.46,15
2026-05-16T06:45:00Z,NO5,121.96,15
2026-05-16T06:45:00Z,PL,91.73,15
2026-05-16T06:45:00Z,PT,2.20,15
2026-05-16T06:45:00Z,RO,74.69,15
2026-05-16T06:45:00Z,SE1,52.75,15
2026-05-16T06:45:00Z,SE2,61.76,15
2026-05-16T06:45:00Z,SE3,61.03,15
2026-05-16T06:45:00Z,SE4,60.78,15
2026-05-16T06:45:00Z,SI,75.68,15
2026-05-16T06:45:00Z,SK,73.79,15
2026-05-16T07:00:00Z,AT,95.94,15
2026-05-16T07:00:00Z,BE,73.58,15
2026-05-16T07:00:00Z,CH,45.30,60
2026-05-16T07:00:00Z,CZ,92.97,15
2026-05-16T07:00:00Z,DE-LU,89.05,15
2026-05-16T07:00:00Z,DK1,89.05,15
2026-05-16T07:00:00Z,DK2,99.25,15
2026-05-16T07:00:00Z,EE,98.95,15
2026-05-16T07:00:00Z,ES,10.00,15
2026-05-16T07:00:00Z,FI,98.78,15
2026-05-16T07:00:00Z,FR,28.30,15
2026-05-16T07:00:00Z,GR,18.06,15
2026-05-16T07:00:00Z,HR,96.24,15
2026-05-16T07:00:00Z,HU,94.71,15
2026-05-16T07:00:00Z,IT-CNorth,171.27,15
2026-05-16T07:00:00Z,IT-CSouth,130.50,15
2026-05-16T07:00:00Z,IT-North,171.27,15
2026-05-16T07:00:00Z,IT-Sardinia,0.00,15
2026-05-16T07:00:00Z,IT-Sicily,130.50,15
2026-05-16T07:00:00Z,IT-South,130.50,15
2026-05-16T07:00:00Z,LT,98.95,15
2026-05-16T07:00:00Z,LV,98.95,15
2026-05-16T07:00:00Z,NL,81.79,15
2026-05-16T07:00:00Z,NO1,105.04,15
2026-05-16T07:00:00Z,NO2,101.10,15
2026-05-16T07:00:00Z,NO3,108.58,15
2026-05-16T07:00:00Z,NO4,27.16,15
2026-05-16T07:00:00Z,NO5,120.78,15
2026-05-16T07:00:00Z,PL,92.19,15
2026-05-16T07:00:00Z,PT,1.00,15
2026-05-16T07:00:00Z,RO,95.03,15
2026-05-16T07:00:00Z,RS,46.03,15
2026-05-16T07:00:00Z,SE1,83.12,15
2026-05-16T07:00:00Z,SE2,99.78,15
2026-05-16T07:00:00Z,SE3,99.41,15
2026-05-16T07:00:00Z,SE4,99.28,15
2026-05-16T07:00:00Z,SI,96.53,15
2026-05-16T07:00:00Z,SK,93.67,15
2026-05-16T07:15:00Z,AT,66.17,15
2026-05-16T07:15:00Z,BE,53.06,15
2026-05-16T07:15:00Z,CZ,64.43,15
2026-05-16T07:15:00Z,DE-LU,62.13,15
2026-05-16T07:15:00Z,DK1,62.13,15
2026-05-16T07:15:00Z,DK2,63.91,15
2026-05-16T07:15:00Z,EE,64.13,15
2026-05-16T07:15:00Z,ES,4.00,15
2026-05-16T07:15:00Z,FI,64.05,15
2026-05-16T07:15:00Z,FR,26.53,15
2026-05-16T07:15:00Z,GR,11.78,15
2026-05-16T07:15:00Z,HR,66.34,15
2026-05-16T07:15:00Z,HU,65.45,15
2026-05-16T07:15:00Z,IT-CNorth,167.21,15
2026-05-16T07:15:00Z,IT-CSouth,107.78,15
2026-05-16T07:15:00Z,IT-North,167.21,15
2026-05-16T07:15:00Z,IT-Sicily,107.78,15
2026-05-16T07:15:00Z,IT-South,107.78,15
2026-05-16T07:15:00Z,LT,64.13,15
2026-05-16T07:15:00Z,LV,64.13,15
2026-05-16T07:15:00Z,NL,57.88,15
2026-05-16T07:15:00Z,NO1,88.50,15
2026-05-16T07:15:00Z,NO2,96.34,15
2026-05-16T07:15:00Z,NO3,88.82,15
2026-05-16T07:15:00Z,NO4,29.59,15
2026-05-16T07:15:00Z,NO5,122.41,15
2026-05-16T07:15:00Z,PL,91.72,15
2026-05-16T07:15:00Z,PT,0.01,15
2026-05-16T07:15:00Z,RO,65.64,15
2026-05-16T07:15:00Z,SE1,56.78,15
2026-05-16T07:15:00Z,SE2,64.96,15
2026-05-16T07:15:00Z,SE3,64.24,15
2026-05-16T07:15:00Z,SE4,63.98,15
2026-05-16T07:15:00Z,SI,66.51,15
2026-05-16T07:15:00Z,SK,64.84,15
2026-05-16T07:30:00Z,AT,17.75,15
2026-05-16T07:30:00Z,BE,16.82,15
2026-05-16T07:30:00Z,CZ,17.63,15
2026-05-16T07:30:00Z,DE-LU,17.46,15
2026-05-16T07:30:00Z,DK1,24.53,15
2026-05-16T07:30:00Z,DK2,25.50,15
2026-05-16T07:30:00Z,EE,25.89,15
2026-05-16T07:30:00Z,ES,1.00,15
2026-05-16T07:30:00Z,FI,26.52,15
2026-05-16T07:30:00Z,FR,14.95,15
2026-05-16T07:30:00Z,GR,0.02,15
2026-05-16T07:30:00Z,HR,17.76,15
2026-05-16T07:30:00Z,HU,17.70,15
2026-05-16T07:30:00Z,IT-CSouth,86.93,15
2026-05-16T07:30:00Z,IT-Sicily,86.93,15
2026-05-16T07:30:00Z,IT-South,86.93,15
2026-05-16T07:30:00Z,LT,25.89,15
2026-05-16T07:30:00Z,LV,25.89,15
2026-05-16T07:30:00Z,NL,17.16,15
2026-05-16T07:30:00Z,NO1,63.66,15
2026-05-16T07:30:00Z,NO2,77.44,15
2026-05-16T07:30:00Z,NO3,66.18,15
2026-05-16T07:30:00Z,NO4,23.51,15
2026-05-16T07:30:00Z,NO5,123.22,15
2026-05-16T07:30:00Z,PL,92.19,15
2026-05-16T07:30:00Z,PT,0.00,15
2026-05-16T07:30:00Z,RO,17.71,15
2026-05-16T07:30:00Z,SE1,26.39,15
2026-05-16T07:30:00Z,SE2,27.44,15
2026-05-16T07:30:00Z,SE3,26.10,15
2026-05-16T07:30:00Z,SE4,25.62,15
2026-05-16T07:30:00Z,SI,17.77,15
2026-05-16T07:30:00Z,SK,17.65,15
2026-05-16T07:45:00Z,AT,7.17,15
2026-05-16T07:45:00Z,BE,7.17,15
2026-05-16T07:45:00Z,CZ,7.17,15
2026-05-16T07:45:00Z,DE-LU,7.17,15
2026-05-16T07:45:00Z,DK1,22.40,15
2026-05-16T07:45:00Z,DK2,22.83,15
2026-05-16T07:45:00Z,EE,23.76,15
2026-05-16T07:45:00Z,ES,-0.01,15
2026-05-16T07:45:00Z,FI,24.74,15
2026-05-16T07:45:00Z,FR,7.17,15
2026-05-16T07:45:00Z,HR,7.17,15
2026-05-16T07:45:00Z,HU,7.17,15
2026-05-16T07:45:00Z,IT-CNorth,154.31,15
2026-05-16T07:45:00Z,IT-CSouth,40.42,15
2026-05-16T07:45:00Z,IT-North,154.31,15
2026-05-16T07:45:00Z,IT-Sicily,40.42,15
2026-05-16T07:45:00Z,IT-South,40.42,15
2026-05-16T07:45:00Z,LT,23.76,15
2026-05-16T07:45:00Z,LV,23.76,15
2026-05-16T07:45:00Z,NL,7.17,15
2026-05-16T07:45:00Z,NO1,62.38,15
2026-05-16T07:45:00Z,NO2,76.51,15
2026-05-16T07:45:00Z,NO3,64.66,15
2026-05-16T07:45:00Z,NO4,22.68,15
2026-05-16T07:45:00Z,NO5,123.35,15
2026-05-16T07:45:00Z,PL,91.72,15
2026-05-16T07:45:00Z,PT,-0.01,15
2026-05-16T07:45:00Z,RO,7.17,15
2026-05-16T07:45:00Z,SE1,24.65,15
2026-05-16T07:45:00Z,SE2,25.43,15
2026-05-16T07:45:00Z,SE3,23.98,15
2026-05-16T07:45:00Z,SE4,23.45,15
2026-05-16T07:45:00Z,SI,7.17,15
2026-05-16T07:45:00Z,SK,7.17,15
2026-05-16T08:00:00Z,AT,14.15,15
2026-05-16T08:00:00Z,BE,12.52,15
2026-05-16T08:00:00Z,CH,18.90,60
2026-05-16T08:00:00Z,CZ,13.93,15
2026-05-16T08:00:00Z,DE-LU,13.65,15
2026-05-16T08:00:00Z,DK1,52.24,15
2026-05-16T08:00:00Z,DK2,53.83,15
2026-05-16T08:00:00Z,EE,54.12,15
2026-05-16T08:00:00Z,ES,0.84,15
2026-05-16T08:00:00Z,FI,54.62,15
2026-05-16T08:00:00Z,FR,9.29,15
2026-05-16T08:00:00Z,GR,11.26,15
2026-05-16T08:00:00Z,HR,14.17,15
2026-05-16T08:00:00Z,HU,14.06,15
2026-05-16T08:00:00Z,IT-CNorth,167.21,15
2026-05-16T08:00:00Z,IT-CSouth,94.99,15
2026-05-16T08:00:00Z,IT-North,167.21,15
2026-05-16T08:00:00Z,IT-Sardinia,13.66,15
2026-05-16T08:00:00Z,IT-Sicily,94.99,15
2026-05-16T08:00:00Z,IT-South,94.99,15
2026-05-16T08:00:00Z,LT,54.12,15
2026-05-16T08:00:00Z,LV,54.12,15
2026-05-16T08:00:00Z,NL,13.12,15
2026-05-16T08:00:00Z,NO1,80.28,15
2026-05-16T08:00:00Z,NO2,90.06,15
2026-05-16T08:00:00Z,NO3,81.12,15
2026-05-16T08:00:00Z,NO4,24.41,15
2026-05-16T08:00:00Z,NO5,122.92,15
2026-05-16T08:00:00Z,PL,91.25,15
2026-05-16T08:00:00Z,PT,0.00,15
2026-05-16T08:00:00Z,RO,14.08,15
2026-05-16T08:00:00Z,RS,34.44,15
2026-05-16T08:00:00Z,SE1,47.57,15
2026-05-16T08:00:00Z,SE2,55.25,15
2026-05-16T08:00:00Z,SE3,54.27,15
2026-05-16T08:00:00Z,SE4,53.92,15
2026-05-16T08:00:00Z,SI,14.19,15
2026-05-16T08:00:00Z,SK,13.98,15
2026-05-16T08:15:00Z,AT,8.43,15
2026-05-16T08:15:00Z,BE,2.98,15
2026-05-16T08:15:00Z,CZ,8.05,15
2026-05-16T08:15:00Z,DE-LU,3.06,15
2026-05-16T08:15:00Z,DK1,37.68,15
2026-05-16T08:15:00Z,DK2,38.92,15
2026-05-16T08:15:00Z,EE,39.23,15
2026-05-16T08:15:00Z,ES,0.00,15
2026-05-16T08:15:00Z,FI,39.79,15
2026-05-16T08:15:00Z,FR,1.99,15
2026-05-16T08:15:00Z,GR,7.66,15
2026-05-16T08:15:00Z,HR,7.67,15
2026-05-16T08:15:00Z,HU,7.75,15
2026-05-16T08:15:00Z,IT-CNorth,155.00,15
2026-05-16T08:15:00Z,IT-CSouth,44.50,15
2026-05-16T08:15:00Z,IT-North,155.00,15
2026-05-16T08:15:00Z,IT-Sicily,44.50,15
2026-05-16T08:15:00Z,IT-South,44.50,15
2026-05-16T08:15:00Z,LT,39.23,15
2026-05-16T08:15:00Z,LV,39.23,15
2026-05-16T08:15:00Z,NL,3.03,15
2026-05-16T08:15:00Z,NO1,76.52,15
2026-05-16T08:15:00Z,NO2,87.17,15
2026-05-16T08:15:00Z,NO3,73.64,15
2026-05-16T08:15:00Z,NO4,24.72,15
2026-05-16T08:15:00Z,NO5,123.00,15
2026-05-16T08:15:00Z,PL,81.60,15
2026-05-16T08:15:00Z,RO,7.66,15
2026-05-16T08:15:00Z,SE1,36.48,15
2026-05-16T08:15:00Z,SE2,40.42,15
2026-05-16T08:15:00Z,SE3,39.38,15
2026-05-16T08:15:00Z,SE4,39.01,15
2026-05-16T08:15:00Z,SI,7.73,15
2026-05-16T08:15:00Z,SK,7.19,15
2026-05-16T08:30:00Z,AT,5.46,15
2026-05-16T08:30:00Z,BE,0.44,15
2026-05-16T08:30:00Z,CZ,6.19,15
2026-05-16T08:30:00Z,DE-LU,0.10,15
2026-05-16T08:30:00Z,DK1,32.46,15
2026-05-16T08:30:00Z,DK2,33.55,15
2026-05-16T08:30:00Z,EE,33.85,15
2026-05-16T08:30:00Z,ES,-0.01,15
2026-05-16T08:30:00Z,FI,34.41,15
2026-05-16T08:30:00Z,FR,0.44,15
2026-05-16T08:30:00Z,GR,4.99,15
2026-05-16T08:30:00Z,HR,4.92,15
2026-05-16T08:30:00Z,HU,5.11,15
2026-05-16T08:30:00Z,IT-CNorth,153.31,15
2026-05-16T08:30:00Z,IT-CSouth,13.66,15
2026-05-16T08:30:00Z,IT-North,153.31,15
2026-05-16T08:30:00Z,IT-Sicily,13.66,15
2026-05-16T08:30:00Z,IT-South,13.66,15
2026-05-16T08:30:00Z,LT,33.85,15
2026-05-16T08:30:00Z,LV,33.85,15
2026-05-16T08:30:00Z,NL,0.27,15
2026-05-16T08:30:00Z,NO1,77.61,15
2026-05-16T08:30:00Z,NO2,88.01,15
2026-05-16T08:30:00Z,NO3,71.55,15
2026-05-16T08:30:00Z,NO4,25.02,15
2026-05-16T08:30:00Z,NO5,122.99,15
2026-05-16T08:30:00Z,PT,-0.01,15
2026-05-16T08:30:00Z,RO,4.99,15
2026-05-16T08:30:00Z,SE1,32.47,15
2026-05-16T08:30:00Z,SE2,35.01,15
2026-05-16T08:30:00Z,SE3,34.00,15
2026-05-16T08:30:00Z,SE4,33.64,15
2026-05-16T08:30:00Z,SI,4.95,15
2026-05-16T08:30:00Z,SK,4.61,15
2026-05-16T08:45:00Z,AT,4.99,15
2026-05-16T08:45:00Z,BE,0.21,15
2026-05-16T08:45:00Z,CZ,5.10,15
2026-05-16T08:45:00Z,DE-LU,0.00,15
2026-05-16T08:45:00Z,DK1,27.30,15
2026-05-16T08:45:00Z,DK2,27.82,15
2026-05-16T08:45:00Z,EE,28.50,15
2026-05-16T08:45:00Z,ES,-2.30,15
2026-05-16T08:45:00Z,FI,28.50,15
2026-05-16T08:45:00Z,FR,0.00,15
2026-05-16T08:45:00Z,GR,4.39,15
2026-05-16T08:45:00Z,HR,4.36,15
2026-05-16T08:45:00Z,HU,4.49,15
2026-05-16T08:45:00Z,IT-CNorth,150.00,15
2026-05-16T08:45:00Z,IT-CSouth,12.04,15
2026-05-16T08:45:00Z,IT-North,150.00,15
2026-05-16T08:45:00Z,IT-Sardinia,12.04,15
2026-05-16T08:45:00Z,IT-Sicily,12.04,15
2026-05-16T08:45:00Z,IT-South,12.04,15
2026-05-16T08:45:00Z,LT,28.50,15
2026-05-16T08:45:00Z,LV,28.50,15
2026-05-16T08:45:00Z,NL,0.11,15
2026-05-16T08:45:00Z,NO1,77.64,15
2026-05-16T08:45:00Z,NO2,87.98,15
2026-05-16T08:45:00Z,NO3,69.74,15
2026-05-16T08:45:00Z,NO4,25.05,15
2026-05-16T08:45:00Z,NO5,122.98,15
2026-05-16T08:45:00Z,RO,4.39,15
2026-05-16T08:45:00Z,SE1,28.34,15
2026-05-16T08:45:00Z,SE2,29.49,15
2026-05-16T08:45:00Z,SE3,28.63,15
2026-05-16T08:45:00Z,SE4,28.30,15
2026-05-16T08:45:00Z,SI,4.40,15
2026-05-16T08:45:00Z,SK,4.00,15
2026-05-16T09:00:00Z,AT,11.98,15
2026-05-16T09:00:00Z,BE,0.55,15
2026-05-16T09:00:00Z,CH,-0.99,60
2026-05-16T09:00:00Z,CZ,11.98,15
2026-05-16T09:00:00Z,DE-LU,19.10,15
2026-05-16T09:00:00Z,DK1,26.20,15
2026-05-16T09:00:00Z,DK2,49.15,15
2026-05-16T09:00:00Z,EE,49.77,15
2026-05-16T09:00:00Z,ES,-3.00,15
2026-05-16T09:00:00Z,FI,52.84,15
2026-05-16T09:00:00Z,GR,11.01,15
2026-05-16T09:00:00Z,HR,10.76,15
2026-05-16T09:00:00Z,HU,11.32,15
2026-05-16T09:00:00Z,IT-CNorth,153.31,15
2026-05-16T09:00:00Z,IT-CSouth,0.00,15
2026-05-16T09:00:00Z,IT-North,153.31,15
2026-05-16T09:00:00Z,IT-Sardinia,0.00,15
2026-05-16T09:00:00Z,IT-Sicily,0.00,15
2026-05-16T09:00:00Z,IT-South,0.00,15
2026-05-16T09:00:00Z,LT,49.77,15
2026-05-16T09:00:00Z,LV,49.77,15
2026-05-16T09:00:00Z,NL,0.35,15
2026-05-16T09:00:00Z,NO1,53.30,15
2026-05-16T09:00:00Z,NO2,59.53,15
2026-05-16T09:00:00Z,NO3,72.17,15
2026-05-16T09:00:00Z,NO4,22.47,15
2026-05-16T09:00:00Z,NO5,125.58,15
2026-05-16T09:00:00Z,PL,86.82,15
2026-05-16T09:00:00Z,PT,0.00,15
2026-05-16T09:00:00Z,RO,11.01,15
2026-05-16T09:00:00Z,RS,25.78,15
2026-05-16T09:00:00Z,SE1,44.43,15
2026-05-16T09:00:00Z,SE2,52.31,15
2026-05-16T09:00:00Z,SE3,50.10,15
2026-05-16T09:00:00Z,SE4,49.33,15
2026-05-16T09:00:00Z,SI,10.80,15
2026-05-16T09:00:00Z,SK,10.42,15
2026-05-16T09:15:00Z,AT,11.97,15
2026-05-16T09:15:00Z,CZ,11.97,15
2026-05-16T09:15:00Z,DE-LU,-0.01,15
2026-05-16T09:15:00Z,DK1,20.07,15
2026-05-16T09:15:00Z,DK2,40.46,15
2026-05-16T09:15:00Z,EE,41.01,15
2026-05-16T09:15:00Z,ES,-0.07,15
2026-05-16T09:15:00Z,FI,43.83,15
2026-05-16T09:15:00Z,GR,11.00,15
2026-05-16T09:15:00Z,LT,41.01,15
2026-05-16T09:15:00Z,LV,41.01,15
2026-05-16T09:15:00Z,NL,0.34,15
2026-05-16T09:15:00Z,NO1,60.48,15
2026-05-16T09:15:00Z,NO2,66.08,15
2026-05-16T09:15:00Z,NO3,70.35,15
2026-05-16T09:15:00Z,NO4,22.51,15
2026-05-16T09:15:00Z,NO5,125.51,15
2026-05-16T09:15:00Z,PL,92.19,15
2026-05-16T09:15:00Z,PT,0.01,15
2026-05-16T09:15:00Z,RO,11.00,15
2026-05-16T09:15:00Z,SE1,37.77,15
2026-05-16T09:15:00Z,SE2,43.30,15
2026-05-16T09:15:00Z,SE3,41.31,15
2026-05-16T09:15:00Z,SE4,40.62,15
2026-05-16T09:15:00Z,SK,10.41,15
2026-05-16T09:30:00Z,AT,11.12,15
2026-05-16T09:30:00Z,BE,0.50,15
2026-05-16T09:30:00Z,CZ,11.12,15
2026-05-16T09:30:00Z,DE-LU,-0.02,15
2026-05-16T09:30:00Z,DK1,17.18,15
2026-05-16T09:30:00Z,DK2,20.07,15
2026-05-16T09:30:00Z,EE,31.03,15
2026-05-16T09:30:00Z,ES,-3.89,15
2026-05-16T09:30:00Z,FI,34.01,15
2026-05-16T09:30:00Z,GR,10.23,15
2026-05-16T09:30:00Z,HR,10.00,15
2026-05-16T09:30:00Z,HU,10.52,15
2026-05-16T09:30:00Z,IT-CNorth,143.61,15
2026-05-16T09:30:00Z,IT-North,143.61,15
2026-05-16T09:30:00Z,LT,31.03,15
2026-05-16T09:30:00Z,LV,31.03,15
2026-05-16T09:30:00Z,NL,0.31,15
2026-05-16T09:30:00Z,NO1,59.96,15
2026-05-16T09:30:00Z,NO2,65.62,15
2026-05-16T09:30:00Z,NO3,65.90,15
2026-05-16T09:30:00Z,NO4,22.57,15
2026-05-16T09:30:00Z,NO5,125.64,15
2026-05-16T09:30:00Z,PL,99.23,15
2026-05-16T09:30:00Z,RO,10.23,15
2026-05-16T09:30:00Z,SE1,30.44,15
2026-05-16T09:30:00Z,SE2,33.39,15
2026-05-16T09:30:00Z,SE3,31.38,15
2026-05-16T09:30:00Z,SE4,30.43,15
2026-05-16T09:30:00Z,SI,10.03,15
2026-05-16T09:30:00Z,SK,9.68,15
2026-05-16T09:45:00Z,AT,13.19,15
2026-05-16T09:45:00Z,BE,0.64,15
2026-05-16T09:45:00Z,CZ,15.77,15
2026-05-16T09:45:00Z,DE-LU,-0.09,15
2026-05-16T09:45:00Z,DK1,17.15,15
2026-05-16T09:45:00Z,DK2,19.09,15
2026-05-16T09:45:00Z,EE,30.01,15
2026-05-16T09:45:00Z,ES,-2.50,15
2026-05-16T09:45:00Z,FI,32.99,15
2026-05-16T09:45:00Z,GR,12.26,15
2026-05-16T09:45:00Z,HR,12.05,15
2026-05-16T09:45:00Z,HU,12.58,15
2026-05-16T09:45:00Z,LT,30.01,15
2026-05-16T09:45:00Z,LV,30.01,15
2026-05-16T09:45:00Z,NL,0.36,15
2026-05-16T09:45:00Z,NO1,59.98,15
2026-05-16T09:45:00Z,NO2,65.63,15
2026-05-16T09:45:00Z,NO3,65.44,15
2026-05-16T09:45:00Z,NO4,22.65,15
2026-05-16T09:45:00Z,NO5,125.56,15
2026-05-16T09:45:00Z,PL,100.64,15
2026-05-16T09:45:00Z,PT,0.00,15
2026-05-16T09:45:00Z,RO,12.26,15
2026-05-16T09:45:00Z,SE1,29.70,15
2026-05-16T09:45:00Z,SE2,32.37,15
2026-05-16T09:45:00Z,SE3,30.36,15
2026-05-16T09:45:00Z,SE4,29.41,15
2026-05-16T09:45:00Z,SI,12.12,15
2026-05-16T09:45:00Z,SK,11.32,15
2026-05-16T10:00:00Z,AT,7.90,15
2026-05-16T10:00:00Z,BE,0.29,15
2026-05-16T10:00:00Z,CH,-1.91,60
2026-05-16T10:00:00Z,DE-LU,-1.00,15
2026-05-16T10:00:00Z,DK1,20.08,15
2026-05-16T10:00:00Z,DK2,51.88,15
2026-05-16T10:00:00Z,EE,52.41,15
2026-05-16T10:00:00Z,ES,-1.66,15
2026-05-16T10:00:00Z,FI,54.96,15
2026-05-16T10:00:00Z,FR,1.07,15
2026-05-16T10:00:00Z,GR,8.43,15
2026-05-16T10:00:00Z,HR,7.91,15
2026-05-16T10:00:00Z,HU,8.78,15
2026-05-16T10:00:00Z,IT-CNorth,117.29,15
2026-05-16T10:00:00Z,IT-North,117.29,15
2026-05-16T10:00:00Z,LT,52.41,15
2026-05-16T10:00:00Z,LV,52.41,15
2026-05-16T10:00:00Z,NL,-0.29,15
2026-05-16T10:00:00Z,NO1,56.66,15
2026-05-16T10:00:00Z,NO2,63.61,15
2026-05-16T10:00:00Z,NO3,72.21,15
2026-05-16T10:00:00Z,NO4,22.80,15
2026-05-16T10:00:00Z,NO5,123.62,15
2026-05-16T10:00:00Z,PL,99.23,15
2026-05-16T10:00:00Z,RO,8.43,15
2026-05-16T10:00:00Z,RS,24.94,15
2026-05-16T10:00:00Z,SE1,44.83,15
2026-05-16T10:00:00Z,SE2,54.56,15
2026-05-16T10:00:00Z,SE3,52.68,15
2026-05-16T10:00:00Z,SE4,52.03,15
2026-05-16T10:00:00Z,SI,7.79,15
2026-05-16T10:00:00Z,SK,8.44,15
2026-05-16T10:15:00Z,AT,7.64,15
2026-05-16T10:15:00Z,BE,0.25,15
2026-05-16T10:15:00Z,CZ,16.33,15
2026-05-16T10:15:00Z,DE-LU,-1.09,15
2026-05-16T10:15:00Z,DK1,17.30,15
2026-05-16T10:15:00Z,DK2,35.45,15
2026-05-16T10:15:00Z,EE,35.98,15
2026-05-16T10:15:00Z,ES,-2.07,15
2026-05-16T10:15:00Z,FI,38.70,15
2026-05-16T10:15:00Z,FR,1.06,15
2026-05-16T10:15:00Z,GR,8.44,15
2026-05-16T10:15:00Z,HR,7.88,15
2026-05-16T10:15:00Z,HU,8.80,15
2026-05-16T10:15:00Z,IT-CNorth,116.57,15
2026-05-16T10:15:00Z,IT-North,116.57,15
2026-05-16T10:15:00Z,LT,35.98,15
2026-05-16T10:15:00Z,LV,35.98,15
2026-05-16T10:15:00Z,NL,-0.35,15
2026-05-16T10:15:00Z,NO1,55.89,15
2026-05-16T10:15:00Z,NO2,62.93,15
2026-05-16T10:15:00Z,NO3,64.98,15
2026-05-16T10:15:00Z,NO4,22.79,15
2026-05-16T10:15:00Z,NO5,123.75,15
2026-05-16T10:15:00Z,PL,98.37,15
2026-05-16T10:15:00Z,RO,8.44,15
2026-05-16T10:15:00Z,SE1,33.30,15
2026-05-16T10:15:00Z,SE2,38.16,15
2026-05-16T10:15:00Z,SE3,36.26,15
2026-05-16T10:15:00Z,SE4,35.60,15
2026-05-16T10:15:00Z,SI,7.73,15
2026-05-16T10:15:00Z,SK,8.52,15
2026-05-16T10:30:00Z,AT,5.47,15
2026-05-16T10:30:00Z,BE,-0.17,15
2026-05-16T10:30:00Z,CZ,12.10,15
2026-05-16T10:30:00Z,DE-LU,-1.20,15
2026-05-16T10:30:00Z,DK1,17.10,15
2026-05-16T10:30:00Z,DK2,29.77,15
2026-05-16T10:30:00Z,EE,30.30,15
2026-05-16T10:30:00Z,ES,-1.75,15
2026-05-16T10:30:00Z,FI,33.05,15
2026-05-16T10:30:00Z,FR,0.44,15
2026-05-16T10:30:00Z,GR,6.08,15
2026-05-16T10:30:00Z,HR,5.65,15
2026-05-16T10:30:00Z,HU,6.35,15
2026-05-16T10:30:00Z,IT-CNorth,113.80,15
2026-05-16T10:30:00Z,IT-North,113.80,15
2026-05-16T10:30:00Z,LT,30.30,15
2026-05-16T10:30:00Z,LV,30.30,15
2026-05-16T10:30:00Z,NL,-0.63,15
2026-05-16T10:30:00Z,NO1,56.15,15
2026-05-16T10:30:00Z,NO2,63.16,15
2026-05-16T10:30:00Z,NO3,62.62,15
2026-05-16T10:30:00Z,NO4,22.86,15
2026-05-16T10:30:00Z,NO5,123.73,15
2026-05-16T10:30:00Z,PL,97.48,15
2026-05-16T10:30:00Z,RO,6.08,15
2026-05-16T10:30:00Z,SE1,29.32,15
2026-05-16T10:30:00Z,SE2,32.47,15
2026-05-16T10:30:00Z,SE3,30.57,15
2026-05-16T10:30:00Z,SE4,29.92,15
2026-05-16T10:30:00Z,SI,5.54,15
2026-05-16T10:30:00Z,SK,6.14,15
2026-05-16T10:45:00Z,AT,4.55,15
2026-05-16T10:45:00Z,BE,-0.56,15
2026-05-16T10:45:00Z,CZ,10.57,15
2026-05-16T10:45:00Z,DE-LU,-1.49,15
2026-05-16T10:45:00Z,DK1,10.97,15
2026-05-16T10:45:00Z,DK2,20.08,15
2026-05-16T10:45:00Z,EE,26.67,15
2026-05-16T10:45:00Z,ES,-4.18,15
2026-05-16T10:45:00Z,FI,26.66,15
2026-05-16T10:45:00Z,FR,0.00,15
2026-05-16T10:45:00Z,GR,5.11,15
2026-05-16T10:45:00Z,HR,4.72,15
2026-05-16T10:45:00Z,HU,5.36,15
2026-05-16T10:45:00Z,IT-CNorth,94.75,15
2026-05-16T10:45:00Z,IT-North,94.75,15
2026-05-16T10:45:00Z,LT,26.67,15
2026-05-16T10:45:00Z,LV,26.67,15
2026-05-16T10:45:00Z,NL,-0.98,15
2026-05-16T10:45:00Z,NO1,52.43,15
2026-05-16T10:45:00Z,NO2,59.83,15
2026-05-16T10:45:00Z,NO3,58.63,15
2026-05-16T10:45:00Z,NO4,22.96,15
2026-05-16T10:45:00Z,NO5,123.72,15
2026-05-16T10:45:00Z,PL,99.04,15
2026-05-16T10:45:00Z,RO,5.11,15
2026-05-16T10:45:00Z,SE1,24.78,15
2026-05-16T10:45:00Z,SE2,25.99,15
2026-05-16T10:45:00Z,SE3,23.99,15
2026-05-16T10:45:00Z,SE4,23.23,15
2026-05-16T10:45:00Z,SI,4.62,15
2026-05-16T10:45:00Z,SK,5.16,15
2026-05-16T11:00:00Z,AT,6.97,15
2026-05-16T11:00:00Z,BE,-0.87,15
2026-05-16T11:00:00Z,CH,-4.00,60
2026-05-16T11:00:00Z,CZ,15.96,15
2026-05-16T11:00:00Z,DE-LU,-2.33,15
2026-05-16T11:00:00Z,DK1,18.06,15
2026-05-16T11:00:00Z,DK2,38.65,15
2026-05-16T11:00:00Z,EE,41.88,15
2026-05-16T11:00:00Z,ES,-1.02,15
2026-05-16T11:00:00Z,FI,41.84,15
2026-05-16T11:00:00Z,FR,-0.01,15
2026-05-16T11:00:00Z,GR,8.00,15
2026-05-16T11:00:00Z,HR,7.34,15
2026-05-16T11:00:00Z,HU,8.41,15
2026-05-16T11:00:00Z,IT-CNorth,80.00,15
2026-05-16T11:00:00Z,IT-North,80.00,15
2026-05-16T11:00:00Z,LT,41.88,15
2026-05-16T11:00:00Z,LV,41.88,15
2026-05-16T11:00:00Z,NL,-1.51,15
2026-05-16T11:00:00Z,NO1,55.99,15
2026-05-16T11:00:00Z,NO2,62.49,15
2026-05-16T11:00:00Z,NO3,66.41,15
2026-05-16T11:00:00Z,NO4,22.65,15
2026-05-16T11:00:00Z,NO5,123.32,15
2026-05-16T11:00:00Z,PL,99.23,15
2026-05-16T11:00:00Z,RO,8.00,15
2026-05-16T11:00:00Z,RS,25.00,15
2026-05-16T11:00:00Z,SE1,35.47,15
2026-05-16T11:00:00Z,SE2,41.32,15
2026-05-16T11:00:00Z,SE3,39.44,15
2026-05-16T11:00:00Z,SE4,38.80,15
2026-05-16T11:00:00Z,SI,7.15,15
2026-05-16T11:00:00Z,SK,8.26,15
2026-05-16T11:15:00Z,AT,6.68,15
2026-05-16T11:15:00Z,BE,-0.83,15
2026-05-16T11:15:00Z,CZ,15.30,15
2026-05-16T11:15:00Z,DE-LU,-2.24,15
2026-05-16T11:15:00Z,DK1,11.34,15
2026-05-16T11:15:00Z,DK2,30.99,15
2026-05-16T11:15:00Z,EE,34.48,15
2026-05-16T11:15:00Z,ES,-2.00,15
2026-05-16T11:15:00Z,FI,34.46,15
2026-05-16T11:15:00Z,GR,7.67,15
2026-05-16T11:15:00Z,HR,7.04,15
2026-05-16T11:15:00Z,HU,8.06,15
2026-05-16T11:15:00Z,IT-CNorth,70.00,15
2026-05-16T11:15:00Z,IT-North,70.00,15
2026-05-16T11:15:00Z,LT,34.48,15
2026-05-16T11:15:00Z,LV,34.48,15
2026-05-16T11:15:00Z,NL,-1.45,15
2026-05-16T11:15:00Z,NO1,51.71,15
2026-05-16T11:15:00Z,NO2,58.62,15
2026-05-16T11:15:00Z,NO3,61.83,15
2026-05-16T11:15:00Z,NO4,22.78,15
2026-05-16T11:15:00Z,NO5,123.34,15
2026-05-16T11:15:00Z,PL,99.24,15
2026-05-16T11:15:00Z,RO,7.67,15
2026-05-16T11:15:00Z,SE1,30.24,15
2026-05-16T11:15:00Z,SE2,33.83,15
2026-05-16T11:15:00Z,SE3,31.84,15
2026-05-16T11:15:00Z,SE4,31.15,15
2026-05-16T11:15:00Z,SI,6.86,15
2026-05-16T11:15:00Z,SK,7.92,15
2026-05-16T11:30:00Z,AT,6.46,15
2026-05-16T11:30:00Z,BE,-0.85,15
2026-05-16T11:30:00Z,CZ,14.84,15
2026-05-16T11:30:00Z,DE-LU,-2.22,15
2026-05-16T11:30:00Z,DK1,9.50,15
2026-05-16T11:30:00Z,DK2,30.46,15
2026-05-16T11:30:00Z,EE,34.02,15
2026-05-16T11:30:00Z,ES,-3.39,15
2026-05-16T11:30:00Z,FI,33.99,15
2026-05-16T11:30:00Z,FR,-0.05,15
2026-05-16T11:30:00Z,GR,7.42,15
2026-05-16T11:30:00Z,HR,6.81,15
2026-05-16T11:30:00Z,HU,7.80,15
2026-05-16T11:30:00Z,IT-CNorth,72.33,15
2026-05-16T11:30:00Z,IT-North,72.33,15
2026-05-16T11:30:00Z,LT,34.02,15
2026-05-16T11:30:00Z,LV,34.02,15
2026-05-16T11:30:00Z,NO1,50.41,15
2026-05-16T11:30:00Z,NO2,57.45,15
2026-05-16T11:30:00Z,NO3,61.20,15
2026-05-16T11:30:00Z,NO4,22.79,15
2026-05-16T11:30:00Z,NO5,123.33,15
2026-05-16T11:30:00Z,PL,96.68,15
2026-05-16T11:30:00Z,RO,7.42,15
2026-05-16T11:30:00Z,SE1,29.90,15
2026-05-16T11:30:00Z,SE2,33.35,15
2026-05-16T11:30:00Z,SE3,31.32,15
2026-05-16T11:30:00Z,SE4,30.62,15
2026-05-16T11:30:00Z,SI,6.63,15
2026-05-16T11:30:00Z,SK,7.66,15
2026-05-16T11:45:00Z,AT,5.63,15
2026-05-16T11:45:00Z,BE,-0.81,15
2026-05-16T11:45:00Z,CZ,13.00,15
2026-05-16T11:45:00Z,DE-LU,-2.01,15
2026-05-16T11:45:00Z,DK1,9.10,15
2026-05-16T11:45:00Z,DK2,27.75,15
2026-05-16T11:45:00Z,EE,31.33,15
2026-05-16T11:45:00Z,ES,-4.76,15
2026-05-16T11:45:00Z,FI,31.31,15
2026-05-16T11:45:00Z,FR,-0.10,15
2026-05-16T11:45:00Z,GR,6.47,15
2026-05-16T11:45:00Z,HR,5.93,15
2026-05-16T11:45:00Z,HU,6.81,15
2026-05-16T11:45:00Z,IT-CNorth,62.92,15
2026-05-16T11:45:00Z,IT-North,62.92,15
2026-05-16T11:45:00Z,LT,31.33,15
2026-05-16T11:45:00Z,LV,31.33,15
2026-05-16T11:45:00Z,NL,-1.33,15
2026-05-16T11:45:00Z,NO1,50.31,15
2026-05-16T11:45:00Z,NO2,57.36,15
2026-05-16T11:45:00Z,NO3,60.02,15
2026-05-16T11:45:00Z,NO4,22.81,15
2026-05-16T11:45:00Z,NO5,123.32,15
2026-05-16T11:45:00Z,PL,97.59,15
2026-05-16T11:45:00Z,RO,6.47,15
2026-05-16T11:45:00Z,SE1,28.00,15
2026-05-16T11:45:00Z,SE2,30.64,15
2026-05-16T11:45:00Z,SE3,28.61,15
2026-05-16T11:45:00Z,SE4,27.91,15
2026-05-16T11:45:00Z,SI,5.78,15
2026-05-16T11:45:00Z,SK,6.69,15
2026-05-16T12:00:00Z,AT,5.69,15
2026-05-16T12:00:00Z,BE,-0.77,15
2026-05-16T12:00:00Z,CH,-4.99,60
2026-05-16T12:00:00Z,CZ,12.96,15
2026-05-16T12:00:00Z,DE-LU,-2.06,15
2026-05-16T12:00:00Z,DK2,20.00,15
2026-05-16T12:00:00Z,EE,34.05,15
2026-05-16T12:00:00Z,ES,-3.39,15
2026-05-16T12:00:00Z,FI,34.02,15
2026-05-16T12:00:00Z,FR,-0.09,15
2026-05-16T12:00:00Z,GR,6.64,15
2026-05-16T12:00:00Z,HR,6.07,15
2026-05-16T12:00:00Z,HU,7.01,15
2026-05-16T12:00:00Z,IT-CNorth,76.96,15
2026-05-16T12:00:00Z,IT-North,76.96,15
2026-05-16T12:00:00Z,LT,34.05,15
2026-05-16T12:00:00Z,LV,34.05,15
2026-05-16T12:00:00Z,NO1,51.51,15
2026-05-16T12:00:00Z,NO2,57.65,15
2026-05-16T12:00:00Z,NO3,61.85,15
2026-05-16T12:00:00Z,NO4,22.36,15
2026-05-16T12:00:00Z,NO5,123.37,15
2026-05-16T12:00:00Z,PL,99.24,15
2026-05-16T12:00:00Z,RO,6.64,15
2026-05-16T12:00:00Z,RS,24.96,15
2026-05-16T12:00:00Z,SE1,30.23,15
2026-05-16T12:00:00Z,SE2,33.32,15
2026-05-16T12:00:00Z,SE3,31.32,15
2026-05-16T12:00:00Z,SE4,30.38,15
2026-05-16T12:00:00Z,SI,5.89,15
2026-05-16T12:00:00Z,SK,7.01,15
2026-05-16T12:15:00Z,AT,5.50,15
2026-05-16T12:15:00Z,CZ,12.56,15
2026-05-16T12:15:00Z,DE-LU,-2.02,15
2026-05-16T12:15:00Z,DK1,7.54,15
2026-05-16T12:15:00Z,EE,34.16,15
2026-05-16T12:15:00Z,ES,-5.00,15
2026-05-16T12:15:00Z,FI,34.13,15
2026-05-16T12:15:00Z,FR,-0.11,15
2026-05-16T12:15:00Z,GR,6.43,15
2026-05-16T12:15:00Z,HR,5.87,15
2026-05-16T12:15:00Z,HU,6.78,15
2026-05-16T12:15:00Z,IT-CNorth,61.00,15
2026-05-16T12:15:00Z,IT-North,61.00,15
2026-05-16T12:15:00Z,LT,34.16,15
2026-05-16T12:15:00Z,LV,34.16,15
2026-05-16T12:15:00Z,NL,-1.31,15
2026-05-16T12:15:00Z,NO1,50.41,15
2026-05-16T12:15:00Z,NO2,56.65,15
2026-05-16T12:15:00Z,NO3,61.55,15
2026-05-16T12:15:00Z,NO4,22.37,15
2026-05-16T12:15:00Z,NO5,123.42,15
2026-05-16T12:15:00Z,PL,99.23,15
2026-05-16T12:15:00Z,PT,-0.39,15
2026-05-16T12:15:00Z,RO,6.43,15
2026-05-16T12:15:00Z,SE1,30.31,15
2026-05-16T12:15:00Z,SE2,33.42,15
2026-05-16T12:15:00Z,SE3,31.39,15
2026-05-16T12:15:00Z,SE4,30.43,15
2026-05-16T12:15:00Z,SI,5.69,15
2026-05-16T12:15:00Z,SK,6.79,15
2026-05-16T12:30:00Z,AT,5.43,15
2026-05-16T12:30:00Z,BE,-0.76,15
2026-05-16T12:30:00Z,CZ,12.39,15
2026-05-16T12:30:00Z,DE-LU,-1.99,15
2026-05-16T12:30:00Z,DK1,5.75,15
2026-05-16T12:30:00Z,DK2,15.78,15
2026-05-16T12:30:00Z,EE,38.91,15
2026-05-16T12:30:00Z,ES,-3.09,15
2026-05-16T12:30:00Z,FI,38.87,15
2026-05-16T12:30:00Z,GR,6.34,15
2026-05-16T12:30:00Z,HR,5.79,15
2026-05-16T12:30:00Z,HU,6.69,15
2026-05-16T12:30:00Z,IT-CNorth,70.00,15
2026-05-16T12:30:00Z,IT-North,70.00,15
2026-05-16T12:30:00Z,LT,38.91,15
2026-05-16T12:30:00Z,LV,38.91,15
2026-05-16T12:30:00Z,NL,-1.29,15
2026-05-16T12:30:00Z,NO1,49.45,15
2026-05-16T12:30:00Z,NO2,55.77,15
2026-05-16T12:30:00Z,NO3,63.26,15
2026-05-16T12:30:00Z,NO4,22.21,15
2026-05-16T12:30:00Z,PL,98.30,15
2026-05-16T12:30:00Z,PT,-0.59,15
2026-05-16T12:30:00Z,RO,6.34,15
2026-05-16T12:30:00Z,SE1,33.74,15
2026-05-16T12:30:00Z,SE2,38.18,15
2026-05-16T12:30:00Z,SE3,36.12,15
2026-05-16T12:30:00Z,SE4,34.94,15
2026-05-16T12:30:00Z,SI,5.62,15
2026-05-16T12:30:00Z,SK,6.70,15
2026-05-16T12:45:00Z,AT,4.44,15
2026-05-16T12:45:00Z,BE,-0.64,15
2026-05-16T12:45:00Z,CZ,10.17,15
2026-05-16T12:45:00Z,DE-LU,-1.66,15
2026-05-16T12:45:00Z,DK1,5.74,15
2026-05-16T12:45:00Z,DK2,16.05,15
2026-05-16T12:45:00Z,EE,45.83,15
2026-05-16T12:45:00Z,ES,-3.31,15
2026-05-16T12:45:00Z,FI,45.78,15
2026-05-16T12:45:00Z,GR,5.20,15
2026-05-16T12:45:00Z,HR,4.74,15
2026-05-16T12:45:00Z,HU,5.48,15
2026-05-16T12:45:00Z,IT-CNorth,61.31,15
2026-05-16T12:45:00Z,IT-North,61.31,15
2026-05-16T12:45:00Z,LT,45.83,15
2026-05-16T12:45:00Z,LV,45.83,15
2026-05-16T12:45:00Z,NL,-1.08,15
2026-05-16T12:45:00Z,NO1,49.44,15
2026-05-16T12:45:00Z,NO2,55.76,15
2026-05-16T12:45:00Z,NO3,66.22,15
2026-05-16T12:45:00Z,PL,99.23,15
2026-05-16T12:45:00Z,PT,-0.81,15
2026-05-16T12:45:00Z,RO,5.20,15
2026-05-16T12:45:00Z,SE1,38.83,15
2026-05-16T12:45:00Z,SE2,45.15,15
2026-05-16T12:45:00Z,SE3,43.09,15
2026-05-16T12:45:00Z,SE4,41.74,15
2026-05-16T12:45:00Z,SI,4.60,15
2026-05-16T12:45:00Z,SK,5.49,15
2026-05-16T13:00:00Z,AT,7.83,15
2026-05-16T13:00:00Z,BE,-0.63,15
2026-05-16T13:00:00Z,CH,-0.50,60
2026-05-16T13:00:00Z,CZ,8.94,15
2026-05-16T13:00:00Z,DE-LU,-1.60,15
2026-05-16T13:00:00Z,DK1,9.49,15
2026-05-16T13:00:00Z,DK2,11.00,15
2026-05-16T13:00:00Z,EE,34.10,15
2026-05-16T13:00:00Z,ES,-5.12,15
2026-05-16T13:00:00Z,FI,34.07,15
2026-05-16T13:00:00Z,FR,-0.01,15
2026-05-16T13:00:00Z,GR,8.43,15
2026-05-16T13:00:00Z,HR,7.82,15
2026-05-16T13:00:00Z,HU,8.87,15
2026-05-16T13:00:00Z,IT-CNorth,13.06,15
2026-05-16T13:00:00Z,IT-North,13.06,15
2026-05-16T13:00:00Z,LT,34.10,15
2026-05-16T13:00:00Z,LV,34.10,15
2026-05-16T13:00:00Z,NO1,53.78,15
2026-05-16T13:00:00Z,NO2,66.50,15
2026-05-16T13:00:00Z,NO3,63.24,15
2026-05-16T13:00:00Z,NO4,22.45,15
2026-05-16T13:00:00Z,NO5,122.90,15
2026-05-16T13:00:00Z,PL,102.53,15
2026-05-16T13:00:00Z,PT,-0.82,15
2026-05-16T13:00:00Z,RO,8.43,15
2026-05-16T13:00:00Z,RS,27.07,15
2026-05-16T13:00:00Z,SE1,30.68,15
2026-05-16T13:00:00Z,SE2,33.41,15
2026-05-16T13:00:00Z,SE3,31.31,15
2026-05-16T13:00:00Z,SE4,30.15,15
2026-05-16T13:00:00Z,SI,7.66,15
2026-05-16T13:00:00Z,SK,8.94,15
2026-05-16T13:15:00Z,AT,5.11,15
2026-05-16T13:15:00Z,BE,-0.42,15
2026-05-16T13:15:00Z,CZ,5.11,15
2026-05-16T13:15:00Z,DE-LU,-1.05,15
2026-05-16T13:15:00Z,DK1,9.10,15
2026-05-16T13:15:00Z,DK2,12.16,15
2026-05-16T13:15:00Z,EE,36.08,15
2026-05-16T13:15:00Z,ES,-0.82,15
2026-05-16T13:15:00Z,FI,36.04,15
2026-05-16T13:15:00Z,GR,6.05,15
2026-05-16T13:15:00Z,HR,5.44,15
2026-05-16T13:15:00Z,HU,6.42,15
2026-05-16T13:15:00Z,LT,36.08,15
2026-05-16T13:15:00Z,LV,36.08,15
2026-05-16T13:15:00Z,NL,-0.71,15
2026-05-16T13:15:00Z,NO1,53.44,15
2026-05-16T13:15:00Z,NO2,66.23,15
2026-05-16T13:15:00Z,NO3,64.02,15
2026-05-16T13:15:00Z,NO4,22.48,15
2026-05-16T13:15:00Z,NO5,122.92,15
2026-05-16T13:15:00Z,PL,99.76,15
2026-05-16T13:15:00Z,RO,6.05,15
2026-05-16T13:15:00Z,SE1,32.19,15
2026-05-16T13:15:00Z,SE2,35.39,15
2026-05-16T13:15:00Z,SE3,33.28,15
2026-05-16T13:15:00Z,SE4,32.09,15
2026-05-16T13:15:00Z,SI,5.24,15
2026-05-16T13:15:00Z,SK,6.94,15
2026-05-16T13:30:00Z,AT,4.32,15
2026-05-16T13:30:00Z,BE,-0.36,15
2026-05-16T13:30:00Z,CZ,4.32,15
2026-05-16T13:30:00Z,DE-LU,-0.89,15
2026-05-16T13:30:00Z,DK2,18.23,15
2026-05-16T13:30:00Z,EE,35.67,15
2026-05-16T13:30:00Z,ES,-3.85,15
2026-05-16T13:30:00Z,FI,35.64,15
2026-05-16T13:30:00Z,GR,5.11,15
2026-05-16T13:30:00Z,HR,4.60,15
2026-05-16T13:30:00Z,HU,5.43,15
2026-05-16T13:30:00Z,IT-CNorth,20.05,15
2026-05-16T13:30:00Z,IT-North,20.05,15
2026-05-16T13:30:00Z,LT,35.67,15
2026-05-16T13:30:00Z,LV,35.67,15
2026-05-16T13:30:00Z,NL,-0.60,15
2026-05-16T13:30:00Z,NO1,53.02,15
2026-05-16T13:30:00Z,NO2,65.89,15
2026-05-16T13:30:00Z,NO3,63.72,15
2026-05-16T13:30:00Z,NO4,22.45,15
2026-05-16T13:30:00Z,NO5,122.96,15
2026-05-16T13:30:00Z,PL,92.19,15
2026-05-16T13:30:00Z,RO,5.11,15
2026-05-16T13:30:00Z,SE1,31.87,15
2026-05-16T13:30:00Z,SE2,34.98,15
2026-05-16T13:30:00Z,SE3,32.86,15
2026-05-16T13:30:00Z,SE4,31.82,15
2026-05-16T13:30:00Z,SI,4.44,15
2026-05-16T13:30:00Z,SK,5.87,15
2026-05-16T13:45:00Z,AT,3.66,15
2026-05-16T13:45:00Z,BE,-0.07,15
2026-05-16T13:45:00Z,CZ,-0.37,15
2026-05-16T13:45:00Z,DE-LU,-0.45,15
2026-05-16T13:45:00Z,DK2,30.58,15
2026-05-16T13:45:00Z,EE,48.65,15
2026-05-16T13:45:00Z,ES,-5.90,15
2026-05-16T13:45:00Z,FI,48.59,15
2026-05-16T13:45:00Z,GR,8.12,15
2026-05-16T13:45:00Z,HR,6.31,15
2026-05-16T13:45:00Z,HU,9.01,15
2026-05-16T13:45:00Z,IT-CNorth,23.00,15
2026-05-16T13:45:00Z,IT-North,23.00,15
2026-05-16T13:45:00Z,LT,48.65,15
2026-05-16T13:45:00Z,LV,48.65,15
2026-05-16T13:45:00Z,NL,-0.24,15
2026-05-16T13:45:00Z,NO1,52.13,15
2026-05-16T13:45:00Z,NO2,65.15,15
2026-05-16T13:45:00Z,NO3,69.16,15
2026-05-16T13:45:00Z,NO4,22.40,15
2026-05-16T13:45:00Z,NO5,122.88,15
2026-05-16T13:45:00Z,PL,97.44,15
2026-05-16T13:45:00Z,PT,-0.90,15
2026-05-16T13:45:00Z,RO,8.12,15
2026-05-16T13:45:00Z,SE1,41.74,15
2026-05-16T13:45:00Z,SE2,48.02,15
2026-05-16T13:45:00Z,SE3,45.88,15
2026-05-16T13:45:00Z,SE4,44.82,15
2026-05-16T13:45:00Z,SI,5.57,15
2026-05-16T13:45:00Z,SK,12.53,15
2026-05-16T14:00:00Z,AT,1.38,15
2026-05-16T14:00:00Z,BE,-0.08,15
2026-05-16T14:00:00Z,CH,5.16,60
2026-05-16T14:00:00Z,CZ,0.11,15
2026-05-16T14:00:00Z,DE-LU,-0.16,15
2026-05-16T14:00:00Z,DK1,6.02,15
2026-05-16T14:00:00Z,DK2,6.70,15
2026-05-16T14:00:00Z,EE,24.25,15
2026-05-16T14:00:00Z,ES,-4.00,15
2026-05-16T14:00:00Z,FI,24.24,15
2026-05-16T14:00:00Z,GR,3.22,15
2026-05-16T14:00:00Z,HR,1.78,15
2026-05-16T14:00:00Z,HU,3.23,15
2026-05-16T14:00:00Z,IT-CNorth,20.00,15
2026-05-16T14:00:00Z,IT-North,20.00,15
2026-05-16T14:00:00Z,LT,24.25,15
2026-05-16T14:00:00Z,LV,24.25,15
2026-05-16T14:00:00Z,NL,-0.12,15
2026-05-16T14:00:00Z,NO1,51.90,15
2026-05-16T14:00:00Z,NO2,60.07,15
2026-05-16T14:00:00Z,NO3,58.54,15
2026-05-16T14:00:00Z,NO4,24.31,15
2026-05-16T14:00:00Z,PL,92.19,15
2026-05-16T14:00:00Z,PT,-1.00,15
2026-05-16T14:00:00Z,RO,3.22,15
2026-05-16T14:00:00Z,RS,43.49,15
2026-05-16T14:00:00Z,SE1,23.48,15
2026-05-16T14:00:00Z,SE2,23.47,15
2026-05-16T14:00:00Z,SE3,21.29,15
2026-05-16T14:00:00Z,SE4,20.24,15
2026-05-16T14:00:00Z,SI,1.42,15
2026-05-16T14:00:00Z,SK,0.45,15
2026-05-16T14:15:00Z,AT,2.64,15
2026-05-16T14:15:00Z,BE,0.06,15
2026-05-16T14:15:00Z,CZ,0.53,15
2026-05-16T14:15:00Z,DE-LU,-0.01,15
2026-05-16T14:15:00Z,DK1,7.14,15
2026-05-16T14:15:00Z,DK2,11.20,15
2026-05-16T14:15:00Z,EE,34.21,15
2026-05-16T14:15:00Z,ES,-3.50,15
2026-05-16T14:15:00Z,FI,34.18,15
2026-05-16T14:15:00Z,GR,5.09,15
2026-05-16T14:15:00Z,HR,3.08,15
2026-05-16T14:15:00Z,HU,5.11,15
2026-05-16T14:15:00Z,IT-CNorth,20.05,15
2026-05-16T14:15:00Z,IT-North,20.05,15
2026-05-16T14:15:00Z,LT,34.21,15
2026-05-16T14:15:00Z,LV,34.21,15
2026-05-16T14:15:00Z,NL,0.03,15
2026-05-16T14:15:00Z,NO1,52.53,15
2026-05-16T14:15:00Z,NO2,60.64,15
2026-05-16T14:15:00Z,NO3,63.08,15
2026-05-16T14:15:00Z,NO4,24.12,15
2026-05-16T14:15:00Z,NO5,122.87,15
2026-05-16T14:15:00Z,RO,5.09,15
2026-05-16T14:15:00Z,SE1,30.93,15
2026-05-16T14:15:00Z,SE2,33.50,15
2026-05-16T14:15:00Z,SE3,31.34,15
2026-05-16T14:15:00Z,SE4,30.20,15
2026-05-16T14:15:00Z,SI,2.58,15
2026-05-16T14:15:00Z,SK,1.12,15
2026-05-16T14:30:00Z,AT,5.35,15
2026-05-16T14:30:00Z,BE,0.30,15
2026-05-16T14:30:00Z,CZ,1.32,15
2026-05-16T14:30:00Z,DE-LU,0.25,15
2026-05-16T14:30:00Z,DK1,7.80,15
2026-05-16T14:30:00Z,DK2,20.00,15
2026-05-16T14:30:00Z,EE,52.18,15
2026-05-16T14:30:00Z,ES,-2.82,15
2026-05-16T14:30:00Z,FI,52.10,15
2026-05-16T14:30:00Z,GR,9.84,15
2026-05-16T14:30:00Z,HR,6.11,15
2026-05-16T14:30:00Z,HU,9.87,15
2026-05-16T14:30:00Z,IT-CNorth,23.00,15
2026-05-16T14:30:00Z,IT-North,23.00,15
2026-05-16T14:30:00Z,LT,52.18,15
2026-05-16T14:30:00Z,LV,52.18,15
2026-05-16T14:30:00Z,NL,0.29,15
2026-05-16T14:30:00Z,NO1,52.52,15
2026-05-16T14:30:00Z,NO2,60.63,15
2026-05-16T14:30:00Z,NO3,70.90,15
2026-05-16T14:30:00Z,NO4,23.92,15
2026-05-16T14:30:00Z,NO5,122.85,15
2026-05-16T14:30:00Z,PL,91.67,15
2026-05-16T14:30:00Z,PT,-0.82,15
2026-05-16T14:30:00Z,RO,9.84,15
2026-05-16T14:30:00Z,SE1,44.39,15
2026-05-16T14:30:00Z,SE2,51.57,15
2026-05-16T14:30:00Z,SE3,49.42,15
2026-05-16T14:30:00Z,SE4,48.08,15
2026-05-16T14:30:00Z,SI,5.20,15
2026-05-16T14:30:00Z,SK,2.45,15
2026-05-16T14:45:00Z,AT,53.19,15
2026-05-16T14:45:00Z,BE,16.18,15
2026-05-16T14:45:00Z,CZ,28.44,15
2026-05-16T14:45:00Z,DE-LU,19.04,15
2026-05-16T14:45:00Z,DK1,19.04,15
2026-05-16T14:45:00Z,DK2,54.70,15
2026-05-16T14:45:00Z,EE,65.60,15
2026-05-16T14:45:00Z,ES,-1.66,15
2026-05-16T14:45:00Z,FI,65.49,15
2026-05-16T14:45:00Z,GR,65.84,15
2026-05-16T14:45:00Z,HR,52.44,15
2026-05-16T14:45:00Z,HU,65.95,15
2026-05-16T14:45:00Z,IT-CNorth,44.32,15
2026-05-16T14:45:00Z,IT-North,44.32,15
2026-05-16T14:45:00Z,LT,65.60,15
2026-05-16T14:45:00Z,LV,65.60,15
2026-05-16T14:45:00Z,NL,17.29,15
2026-05-16T14:45:00Z,NO1,65.97,15
2026-05-16T14:45:00Z,NO2,72.55,15
2026-05-16T14:45:00Z,NO3,80.90,15
2026-05-16T14:45:00Z,NO4,24.03,15
2026-05-16T14:45:00Z,NO5,123.05,15
2026-05-16T14:45:00Z,PL,91.12,15
2026-05-16T14:45:00Z,RO,65.84,15
2026-05-16T14:45:00Z,SE1,54.65,15
2026-05-16T14:45:00Z,SE2,65.22,15
2026-05-16T14:45:00Z,SE3,63.48,15
2026-05-16T14:45:00Z,SE4,62.83,15
2026-05-16T14:45:00Z,SI,49.39,15
2026-05-16T14:45:00Z,SK,35.80,15
2026-05-16T15:00:00Z,AT,6.97,15
2026-05-16T15:00:00Z,BE,5.18,15
2026-05-16T15:00:00Z,CH,71.30,60
2026-05-16T15:00:00Z,CZ,6.67,15
2026-05-16T15:00:00Z,DE-LU,6.31,15
2026-05-16T15:00:00Z,DK1,6.31,15
2026-05-16T15:00:00Z,DK2,6.70,15
2026-05-16T15:00:00Z,EE,18.50,15
2026-05-16T15:00:00Z,ES,-2.04,15
2026-05-16T15:00:00Z,FI,18.50,15
2026-05-16T15:00:00Z,GR,6.88,15
2026-05-16T15:00:00Z,HR,7.00,15
2026-05-16T15:00:00Z,HU,6.85,15
2026-05-16T15:00:00Z,IT-CNorth,14.80,15
2026-05-16T15:00:00Z,IT-North,14.80,15
2026-05-16T15:00:00Z,LT,18.50,15
2026-05-16T15:00:00Z,LV,18.50,15
2026-05-16T15:00:00Z,NL,5.56,15
2026-05-16T15:00:00Z,NO1,51.77,15
2026-05-16T15:00:00Z,NO2,59.54,15
2026-05-16T15:00:00Z,NO3,55.42,15
2026-05-16T15:00:00Z,NO4,22.38,15
2026-05-16T15:00:00Z,NO5,122.14,15
2026-05-16T15:00:00Z,PL,92.19,15
2026-05-16T15:00:00Z,PT,-0.75,15
2026-05-16T15:00:00Z,RO,6.88,15
2026-05-16T15:00:00Z,RS,92.74,15
2026-05-16T15:00:00Z,SE1,18.69,15
2026-05-16T15:00:00Z,SE2,17.67,15
2026-05-16T15:00:00Z,SE3,15.54,15
2026-05-16T15:00:00Z,SE4,14.63,15
2026-05-16T15:00:00Z,SI,7.04,15
2026-05-16T15:00:00Z,SK,6.75,15
2026-05-16T15:15:00Z,AT,48.30,15
2026-05-16T15:15:00Z,BE,35.90,15
2026-05-16T15:15:00Z,CZ,46.22,15
2026-05-16T15:15:00Z,DE-LU,43.72,15
2026-05-16T15:15:00Z,DK1,43.72,15
2026-05-16T15:15:00Z,DK2,44.55,15
2026-05-16T15:15:00Z,EE,45.70,15
2026-05-16T15:15:00Z,ES,-1.66,15
2026-05-16T15:15:00Z,FI,47.53,15
2026-05-16T15:15:00Z,GR,47.69,15
2026-05-16T15:15:00Z,HR,48.50,15
2026-05-16T15:15:00Z,HU,47.44,15
2026-05-16T15:15:00Z,IT-CNorth,30.00,15
2026-05-16T15:15:00Z,IT-North,30.00,15
2026-05-16T15:15:00Z,LT,45.70,15
2026-05-16T15:15:00Z,LV,45.70,15
2026-05-16T15:15:00Z,NL,38.52,15
2026-05-16T15:15:00Z,NO1,77.09,15
2026-05-16T15:15:00Z,NO2,82.01,15
2026-05-16T15:15:00Z,NO3,75.75,15
2026-05-16T15:15:00Z,NO4,23.71,15
2026-05-16T15:15:00Z,NO5,121.61,15
2026-05-16T15:15:00Z,PL,91.21,15
2026-05-16T15:15:00Z,PT,-0.39,15
2026-05-16T15:15:00Z,RO,47.69,15
2026-05-16T15:15:00Z,SE1,41.19,15
2026-05-16T15:15:00Z,SE2,47.22,15
2026-05-16T15:15:00Z,SE3,45.88,15
2026-05-16T15:15:00Z,SE4,45.41,15
2026-05-16T15:15:00Z,SI,48.73,15
2026-05-16T15:15:00Z,SK,46.75,15
2026-05-16T15:30:00Z,AT,94.21,15
2026-05-16T15:30:00Z,BE,74.11,15
2026-05-16T15:30:00Z,CZ,90.94,15
2026-05-16T15:30:00Z,DE-LU,86.33,15
2026-05-16T15:30:00Z,DK1,86.33,15
2026-05-16T15:30:00Z,DK2,87.92,15
2026-05-16T15:30:00Z,EE,90.18,15
2026-05-16T15:30:00Z,ES,-5.66,15
2026-05-16T15:30:00Z,FI,88.12,15
2026-05-16T15:30:00Z,FR,0.00,15
2026-05-16T15:30:00Z,GR,93.61,15
2026-05-16T15:30:00Z,HR,94.83,15
2026-05-16T15:30:00Z,HU,93.20,15
2026-05-16T15:30:00Z,IT-CNorth,47.25,15
2026-05-16T15:30:00Z,IT-CSouth,0.02,15
2026-05-16T15:30:00Z,IT-North,47.25,15
2026-05-16T15:30:00Z,IT-Sicily,0.02,15
2026-05-16T15:30:00Z,IT-South,0.02,15
2026-05-16T15:30:00Z,LT,90.18,15
2026-05-16T15:30:00Z,LV,90.18,15
2026-05-16T15:30:00Z,NL,78.12,15
2026-05-16T15:30:00Z,NO1,99.26,15
2026-05-16T15:30:00Z,NO2,100.82,15
2026-05-16T15:30:00Z,NO3,98.29,15
2026-05-16T15:30:00Z,NO4,23.84,15
2026-05-16T15:30:00Z,NO5,113.41,15
2026-05-16T15:30:00Z,PL,91.23,15
2026-05-16T15:30:00Z,PT,-0.02,15
2026-05-16T15:30:00Z,RO,93.61,15
2026-05-16T15:30:00Z,SE1,72.18,15
2026-05-16T15:30:00Z,SE2,88.51,15
2026-05-16T15:30:00Z,SE3,88.10,15
2026-05-16T15:30:00Z,SE4,87.95,15
2026-05-16T15:30:00Z,SI,95.16,15
2026-05-16T15:30:00Z,SK,92.31,15
2026-05-16T15:45:00Z,AT,114.58,15
2026-05-16T15:45:00Z,BE,91.63,15
2026-05-16T15:45:00Z,CZ,109.95,15
2026-05-16T15:45:00Z,DE-LU,104.01,15
2026-05-16T15:45:00Z,DK1,104.01,15
2026-05-16T15:45:00Z,DK2,108.62,15
2026-05-16T15:45:00Z,EE,108.68,15
2026-05-16T15:45:00Z,ES,-1.90,15
2026-05-16T15:45:00Z,FI,108.46,15
2026-05-16T15:45:00Z,GR,113.19,15
2026-05-16T15:45:00Z,HR,114.99,15
2026-05-16T15:45:00Z,HU,112.63,15
2026-05-16T15:45:00Z,IT-CNorth,87.48,15
2026-05-16T15:45:00Z,IT-CSouth,87.48,15
2026-05-16T15:45:00Z,IT-North,87.48,15
2026-05-16T15:45:00Z,IT-Sicily,87.48,15
2026-05-16T15:45:00Z,IT-South,87.48,15
2026-05-16T15:45:00Z,LT,108.68,15
2026-05-16T15:45:00Z,LV,108.68,15
2026-05-16T15:45:00Z,NL,100.69,15
2026-05-16T15:45:00Z,NO1,109.02,15
2026-05-16T15:45:00Z,NO2,103.87,15
2026-05-16T15:45:00Z,NO3,110.87,15
2026-05-16T15:45:00Z,NO4,23.88,15
2026-05-16T15:45:00Z,NO5,114.68,15
2026-05-16T15:45:00Z,PL,108.68,15
2026-05-16T15:45:00Z,PT,-0.01,15
2026-05-16T15:45:00Z,RO,113.19,15
2026-05-16T15:45:00Z,SE1,87.46,15
2026-05-16T15:45:00Z,SE2,108.91,15
2026-05-16T15:45:00Z,SE3,108.71,15
2026-05-16T15:45:00Z,SE4,108.64,15
2026-05-16T15:45:00Z,SI,115.51,15
2026-05-16T15:45:00Z,SK,111.08,15
2026-05-16T16:00:00Z,AT,81.65,15
2026-05-16T16:00:00Z,BE,62.44,15
2026-05-16T16:00:00Z,CH,107.01,60
2026-05-16T16:00:00Z,CZ,79.80,15
2026-05-16T16:00:00Z,DE-LU,71.46,15
2026-05-16T16:00:00Z,DK1,71.46,15
2026-05-16T16:00:00Z,DK2,70.07,15
2026-05-16T16:00:00Z,EE,70.80,15
2026-05-16T16:00:00Z,ES,-1.16,15
2026-05-16T16:00:00Z,FI,70.67,15
2026-05-16T16:00:00Z,FR,0.24,15
2026-05-16T16:00:00Z,GR,83.75,15
2026-05-16T16:00:00Z,HR,83.70,15
2026-05-16T16:00:00Z,HU,83.53,15
2026-05-16T16:00:00Z,IT-CNorth,91.01,15
2026-05-16T16:00:00Z,IT-CSouth,91.01,15
2026-05-16T16:00:00Z,IT-North,91.01,15
2026-05-16T16:00:00Z,IT-Sardinia,91.01,15
2026-05-16T16:00:00Z,IT-Sicily,91.01,15
2026-05-16T16:00:00Z,IT-South,91.01,15
2026-05-16T16:00:00Z,LT,70.80,15
2026-05-16T16:00:00Z,LV,70.80,15
2026-05-16T16:00:00Z,NL,65.61,15
2026-05-16T16:00:00Z,NO1,100.00,15
2026-05-16T16:00:00Z,NO2,101.34,15
2026-05-16T16:00:00Z,NO3,91.95,15
2026-05-16T16:00:00Z,NO4,22.80,15
2026-05-16T16:00:00Z,NO5,118.91,15
2026-05-16T16:00:00Z,PL,88.82,15
2026-05-16T16:00:00Z,RO,83.75,15
2026-05-16T16:00:00Z,RS,127.91,15
2026-05-16T16:00:00Z,SE1,58.87,15
2026-05-16T16:00:00Z,SE2,70.87,15
2026-05-16T16:00:00Z,SE3,70.31,15
2026-05-16T16:00:00Z,SE4,70.12,15
2026-05-16T16:00:00Z,SI,83.59,15
2026-05-16T16:00:00Z,SK,84.53,15
2026-05-16T16:15:00Z,AT,103.44,15
2026-05-16T16:15:00Z,BE,86.56,15
2026-05-16T16:15:00Z,CZ,98.34,15
2026-05-16T16:15:00Z,DE-LU,95.81,15
2026-05-16T16:15:00Z,DK1,95.81,15
2026-05-16T16:15:00Z,DK2,94.17,15
2026-05-16T16:15:00Z,EE,94.21,15
2026-05-16T16:15:00Z,ES,-1.66,15
2026-05-16T16:15:00Z,FI,94.03,15
2026-05-16T16:15:00Z,FR,24.80,15
2026-05-16T16:15:00Z,GR,116.95,15
2026-05-16T16:15:00Z,HR,108.97,15
2026-05-16T16:15:00Z,HU,114.36,15
2026-05-16T16:15:00Z,IT-CNorth,108.81,15
2026-05-16T16:15:00Z,IT-CSouth,108.81,15
2026-05-16T16:15:00Z,IT-North,108.81,15
2026-05-16T16:15:00Z,IT-Sardinia,108.81,15
2026-05-16T16:15:00Z,IT-Sicily,108.81,15
2026-05-16T16:15:00Z,IT-South,108.81,15
2026-05-16T16:15:00Z,LT,94.21,15
2026-05-16T16:15:00Z,LV,94.21,15
2026-05-16T16:15:00Z,NL,89.73,15
2026-05-16T16:15:00Z,NO1,107.78,15
2026-05-16T16:15:00Z,NO2,106.61,15
2026-05-16T16:15:00Z,NO3,102.15,15
2026-05-16T16:15:00Z,NO4,22.77,15
2026-05-16T16:15:00Z,NO5,109.08,15
2026-05-16T16:15:00Z,PL,98.22,15
2026-05-16T16:15:00Z,PT,0.00,15
2026-05-16T16:15:00Z,RO,116.95,15
2026-05-16T16:15:00Z,SE1,76.45,15
2026-05-16T16:15:00Z,SE2,94.23,15
2026-05-16T16:15:00Z,SE3,94.19,15
2026-05-16T16:15:00Z,SE4,94.18,15
2026-05-16T16:15:00Z,SI,106.70,15
2026-05-16T16:15:00Z,SK,95.53,15
2026-05-16T16:30:00Z,AT,117.41,15
2026-05-16T16:30:00Z,BE,113.77,15
2026-05-16T16:30:00Z,CZ,116.07,15
2026-05-16T16:30:00Z,DE-LU,114.52,15
2026-05-16T16:30:00Z,DK1,114.52,15
2026-05-16T16:30:00Z,DK2,112.46,15
2026-05-16T16:30:00Z,EE,112.46,15
2026-05-16T16:30:00Z,ES,-0.90,15
2026-05-16T16:30:00Z,FI,112.22,15
2026-05-16T16:30:00Z,FR,34.25,15
2026-05-16T16:30:00Z,GR,117.13,15
2026-05-16T16:30:00Z,HR,117.72,15
2026-05-16T16:30:00Z,HU,116.94,15
2026-05-16T16:30:00Z,IT-CNorth,151.23,15
2026-05-16T16:30:00Z,IT-CSouth,151.23,15
2026-05-16T16:30:00Z,IT-North,151.23,15
2026-05-16T16:30:00Z,IT-Sardinia,151.23,15
2026-05-16T16:30:00Z,IT-Sicily,151.23,15
2026-05-16T16:30:00Z,IT-South,151.23,15
2026-05-16T16:30:00Z,LT,112.46,15
2026-05-16T16:30:00Z,LV,112.46,15
2026-05-16T16:30:00Z,NL,114.52,15
2026-05-16T16:30:00Z,NO1,112.46,15
2026-05-16T16:30:00Z,NO2,112.46,15
2026-05-16T16:30:00Z,NO3,112.46,15
2026-05-16T16:30:00Z,NO4,22.84,15
2026-05-16T16:30:00Z,NO5,112.46,15
2026-05-16T16:30:00Z,PL,115.82,15
2026-05-16T16:30:00Z,PT,0.01,15
2026-05-16T16:30:00Z,RO,117.13,15
2026-05-16T16:30:00Z,SE1,90.15,15
2026-05-16T16:30:00Z,SE2,112.44,15
2026-05-16T16:30:00Z,SE3,112.45,15
2026-05-16T16:30:00Z,SE4,112.46,15
2026-05-16T16:30:00Z,SI,117.86,15
2026-05-16T16:30:00Z,SK,116.51,15
2026-05-16T16:45:00Z,AT,120.09,15
2026-05-16T16:45:00Z,BE,122.22,15
2026-05-16T16:45:00Z,CZ,119.54,15
2026-05-16T16:45:00Z,DE-LU,119.10,15
2026-05-16T16:45:00Z,DK1,119.10,15
2026-05-16T16:45:00Z,DK2,117.99,15
2026-05-16T16:45:00Z,EE,117.99,15
2026-05-16T16:45:00Z,ES,0.00,15
2026-05-16T16:45:00Z,FI,117.75,15
2026-05-16T16:45:00Z,FR,44.32,15
2026-05-16T16:45:00Z,GR,120.07,15
2026-05-16T16:45:00Z,HR,120.37,15
2026-05-16T16:45:00Z,HU,119.97,15
2026-05-16T16:45:00Z,IT-CNorth,156.00,15
2026-05-16T16:45:00Z,IT-CSouth,156.00,15
2026-05-16T16:45:00Z,IT-North,156.00,15
2026-05-16T16:45:00Z,IT-Sardinia,156.00,15
2026-05-16T16:45:00Z,IT-Sicily,156.00,15
2026-05-16T16:45:00Z,IT-South,156.00,15
2026-05-16T16:45:00Z,LT,117.99,15
2026-05-16T16:45:00Z,LV,117.99,15
2026-05-16T16:45:00Z,NL,121.80,15
2026-05-16T16:45:00Z,NO1,118.00,15
2026-05-16T16:45:00Z,NO2,118.00,15
2026-05-16T16:45:00Z,NO3,118.00,15
2026-05-16T16:45:00Z,NO4,22.85,15
2026-05-16T16:45:00Z,NO5,118.00,15
2026-05-16T16:45:00Z,PL,119.50,15
2026-05-16T16:45:00Z,PT,0.84,15
2026-05-16T16:45:00Z,RO,120.07,15
2026-05-16T16:45:00Z,SE1,94.31,15
2026-05-16T16:45:00Z,SE2,117.97,15
2026-05-16T16:45:00Z,SE3,117.99,15
2026-05-16T16:45:00Z,SE4,117.99,15
2026-05-16T16:45:00Z,SI,120.44,15
2026-05-16T16:45:00Z,SK,119.78,15
2026-05-16T17:00:00Z,AT,118.23,15
2026-05-16T17:00:00Z,BE,104.10,15
2026-05-16T17:00:00Z,CH,133.16,60
2026-05-16T17:00:00Z,CZ,116.05,15
2026-05-16T17:00:00Z,DE-LU,112.90,15
2026-05-16T17:00:00Z,DK1,112.90,15
2026-05-16T17:00:00Z,DK2,110.08,15
2026-05-16T17:00:00Z,EE,110.08,15
2026-05-16T17:00:00Z,ES,0.22,15
2026-05-16T17:00:00Z,FI,109.86,15
2026-05-16T17:00:00Z,FR,48.58,15
2026-05-16T17:00:00Z,GR,109.90,15
2026-05-16T17:00:00Z,HR,116.71,15
2026-05-16T17:00:00Z,HU,118.32,15
2026-05-16T17:00:00Z,IT-CNorth,120.00,15
2026-05-16T17:00:00Z,IT-CSouth,120.00,15
2026-05-16T17:00:00Z,IT-North,120.00,15
2026-05-16T17:00:00Z,IT-Sardinia,120.00,15
2026-05-16T17:00:00Z,IT-Sicily,120.00,15
2026-05-16T17:00:00Z,IT-South,120.00,15
2026-05-16T17:00:00Z,LT,110.08,15
2026-05-16T17:00:00Z,LV,110.08,15
2026-05-16T17:00:00Z,NL,106.98,15
2026-05-16T17:00:00Z,NO1,116.01,15
2026-05-16T17:00:00Z,NO2,116.01,15
2026-05-16T17:00:00Z,NO3,113.38,15
2026-05-16T17:00:00Z,NO4,22.15,15
2026-05-16T17:00:00Z,NO5,116.01,15
2026-05-16T17:00:00Z,PL,115.51,15
2026-05-16T17:00:00Z,PT,0.10,15
2026-05-16T17:00:00Z,RO,109.90,15
2026-05-16T17:00:00Z,RS,150.08,15
2026-05-16T17:00:00Z,SE1,89.35,15
2026-05-16T17:00:00Z,SE2,110.06,15
2026-05-16T17:00:00Z,SE3,110.08,15
2026-05-16T17:00:00Z,SE4,110.08,15
2026-05-16T17:00:00Z,SI,118.21,15
2026-05-16T17:00:00Z,SK,117.06,15
2026-05-16T17:15:00Z,AT,122.93,15
2026-05-16T17:15:00Z,BE,117.25,15
2026-05-16T17:15:00Z,CZ,122.70,15
2026-05-16T17:15:00Z,DE-LU,121.00,15
2026-05-16T17:15:00Z,DK1,121.00,15
2026-05-16T17:15:00Z,DK2,118.82,15
2026-05-16T17:15:00Z,EE,118.82,15
2026-05-16T17:15:00Z,ES,0.00,15
2026-05-16T17:15:00Z,FI,118.58,15
2026-05-16T17:15:00Z,FR,94.00,15
2026-05-16T17:15:00Z,GR,100.00,15
2026-05-16T17:15:00Z,HR,117.81,15
2026-05-16T17:15:00Z,HU,125.71,15
2026-05-16T17:15:00Z,IT-CNorth,129.07,15
2026-05-16T17:15:00Z,IT-CSouth,129.07,15
2026-05-16T17:15:00Z,IT-North,129.07,15
2026-05-16T17:15:00Z,IT-Sardinia,128.51,15
2026-05-16T17:15:00Z,IT-Sicily,129.07,15
2026-05-16T17:15:00Z,IT-South,129.07,15
2026-05-16T17:15:00Z,LT,118.82,15
2026-05-16T17:15:00Z,LV,118.82,15
2026-05-16T17:15:00Z,NL,118.47,15
2026-05-16T17:15:00Z,NO1,118.83,15
2026-05-16T17:15:00Z,NO2,118.83,15
2026-05-16T17:15:00Z,NO3,118.83,15
2026-05-16T17:15:00Z,NO4,22.14,15
2026-05-16T17:15:00Z,NO5,118.83,15
2026-05-16T17:15:00Z,PL,122.64,15
2026-05-16T17:15:00Z,PT,14.35,15
2026-05-16T17:15:00Z,RO,100.00,15
2026-05-16T17:15:00Z,SE1,96.02,15
2026-05-16T17:15:00Z,SE2,118.80,15
2026-05-16T17:15:00Z,SE3,118.82,15
2026-05-16T17:15:00Z,SE4,118.82,15
2026-05-16T17:15:00Z,SI,121.47,15
2026-05-16T17:15:00Z,SK,123.95,15
2026-05-16T17:30:00Z,AT,135.19,15
2026-05-16T17:30:00Z,BE,126.89,15
2026-05-16T17:30:00Z,CZ,134.60,15
2026-05-16T17:30:00Z,DE-LU,132.00,15
2026-05-16T17:30:00Z,DK1,132.00,15
2026-05-16T17:30:00Z,DK2,122.69,15
2026-05-16T17:30:00Z,EE,122.69,15
2026-05-16T17:30:00Z,ES,14.82,15
2026-05-16T17:30:00Z,FI,122.34,15
2026-05-16T17:30:00Z,FR,76.80,15
2026-05-16T17:30:00Z,GR,104.67,15
2026-05-16T17:30:00Z,HR,128.47,15
2026-05-16T17:30:00Z,HU,138.80,15
2026-05-16T17:30:00Z,IT-CNorth,150.00,15
2026-05-16T17:30:00Z,IT-CSouth,150.00,15
2026-05-16T17:30:00Z,IT-North,150.00,15
2026-05-16T17:30:00Z,IT-Sardinia,128.79,15
2026-05-16T17:30:00Z,IT-Sicily,150.00,15
2026-05-16T17:30:00Z,IT-South,150.00,15
2026-05-16T17:30:00Z,LT,122.69,15
2026-05-16T17:30:00Z,LV,122.69,15
2026-05-16T17:30:00Z,NL,128.68,15
2026-05-16T17:30:00Z,NO1,122.69,15
2026-05-16T17:30:00Z,NO2,122.69,15
2026-05-16T17:30:00Z,NO3,122.69,15
2026-05-16T17:30:00Z,NO4,22.12,15
2026-05-16T17:30:00Z,NO5,122.69,15
2026-05-16T17:30:00Z,PL,134.46,15
2026-05-16T17:30:00Z,PT,34.88,15
2026-05-16T17:30:00Z,RO,104.67,15
2026-05-16T17:30:00Z,SE1,98.97,15
2026-05-16T17:30:00Z,SE2,122.66,15
2026-05-16T17:30:00Z,SE3,122.68,15
2026-05-16T17:30:00Z,SE4,122.69,15
2026-05-16T17:30:00Z,SI,133.38,15
2026-05-16T17:30:00Z,SK,136.36,15
2026-05-16T17:45:00Z,AT,143.30,15
2026-05-16T17:45:00Z,BE,134.00,15
2026-05-16T17:45:00Z,CZ,142.45,15
2026-05-16T17:45:00Z,DE-LU,139.98,15
2026-05-16T17:45:00Z,DK1,139.98,15
2026-05-16T17:45:00Z,DK2,130.50,15
2026-05-16T17:45:00Z,EE,130.50,15
2026-05-16T17:45:00Z,ES,40.60,15
2026-05-16T17:45:00Z,FI,105.76,15
2026-05-16T17:45:00Z,FR,96.61,15
2026-05-16T17:45:00Z,GR,120.00,15
2026-05-16T17:45:00Z,HR,138.19,15
2026-05-16T17:45:00Z,HU,145.86,15
2026-05-16T17:45:00Z,IT-CNorth,153.31,15
2026-05-16T17:45:00Z,IT-CSouth,153.31,15
2026-05-16T17:45:00Z,IT-North,153.31,15
2026-05-16T17:45:00Z,IT-Sardinia,133.34,15
2026-05-16T17:45:00Z,IT-Sicily,153.31,15
2026-05-16T17:45:00Z,IT-South,153.31,15
2026-05-16T17:45:00Z,LT,130.50,15
2026-05-16T17:45:00Z,LV,130.50,15
2026-05-16T17:45:00Z,NL,135.95,15
2026-05-16T17:45:00Z,NO1,127.39,15
2026-05-16T17:45:00Z,NO2,127.84,15
2026-05-16T17:45:00Z,NO3,116.11,15
2026-05-16T17:45:00Z,NO4,22.06,15
2026-05-16T17:45:00Z,NO5,126.17,15
2026-05-16T17:45:00Z,PL,142.24,15
2026-05-16T17:45:00Z,PT,63.93,15
2026-05-16T17:45:00Z,RO,120.00,15
2026-05-16T17:45:00Z,SE1,86.16,15
2026-05-16T17:45:00Z,SE2,105.95,15
2026-05-16T17:45:00Z,SE3,118.42,15
2026-05-16T17:45:00Z,SE4,130.50,15
2026-05-16T17:45:00Z,SI,141.97,15
2026-05-16T17:45:00Z,SK,143.89,15
2026-05-16T18:00:00Z,AT,136.45,15
2026-05-16T18:00:00Z,BE,132.99,15
2026-05-16T18:00:00Z,CH,141.09,60
2026-05-16T18:00:00Z,CZ,135.29,15
2026-05-16T18:00:00Z,DE-LU,133.98,15
2026-05-16T18:00:00Z,DK1,133.98,15
2026-05-16T18:00:00Z,DK2,131.41,15
2026-05-16T18:00:00Z,EE,115.44,15
2026-05-16T18:00:00Z,ES,33.30,15
2026-05-16T18:00:00Z,FI,115.21,15
2026-05-16T18:00:00Z,FR,63.74,15
2026-05-16T18:00:00Z,GR,129.19,15
2026-05-16T18:00:00Z,HR,136.74,15
2026-05-16T18:00:00Z,HU,136.07,15
2026-05-16T18:00:00Z,IT-CNorth,136.90,15
2026-05-16T18:00:00Z,IT-CSouth,136.90,15
2026-05-16T18:00:00Z,IT-North,136.90,15
2026-05-16T18:00:00Z,IT-Sardinia,131.65,15
2026-05-16T18:00:00Z,IT-Sicily,136.90,15
2026-05-16T18:00:00Z,IT-South,136.90,15
2026-05-16T18:00:00Z,LT,131.52,15
2026-05-16T18:00:00Z,LV,131.52,15
2026-05-16T18:00:00Z,NL,133.70,15
2026-05-16T18:00:00Z,NO1,129.12,15
2026-05-16T18:00:00Z,NO2,129.40,15
2026-05-16T18:00:00Z,NO3,122.06,15
2026-05-16T18:00:00Z,NO4,22.22,15
2026-05-16T18:00:00Z,NO5,128.32,15
2026-05-16T18:00:00Z,PL,135.04,15
2026-05-16T18:00:00Z,PT,52.00,15
2026-05-16T18:00:00Z,RO,136.24,15
2026-05-16T18:00:00Z,RS,159.99,15
2026-05-16T18:00:00Z,SE1,93.08,15
2026-05-16T18:00:00Z,SE2,115.66,15
2026-05-16T18:00:00Z,SE3,123.55,15
2026-05-16T18:00:00Z,SE4,131.44,15
2026-05-16T18:00:00Z,SI,136.90,15
2026-05-16T18:00:00Z,SK,135.68,15
2026-05-16T18:15:00Z,AT,140.43,15
2026-05-16T18:15:00Z,BE,138.00,15
2026-05-16T18:15:00Z,CZ,139.52,15
2026-05-16T18:15:00Z,DE-LU,138.50,15
2026-05-16T18:15:00Z,DK1,138.50,15
2026-05-16T18:15:00Z,DK2,135.04,15
2026-05-16T18:15:00Z,EE,112.16,15
2026-05-16T18:15:00Z,ES,69.44,15
2026-05-16T18:15:00Z,FI,111.93,15
2026-05-16T18:15:00Z,FR,80.00,15
2026-05-16T18:15:00Z,GR,122.14,15
2026-05-16T18:15:00Z,HR,140.68,15
2026-05-16T18:15:00Z,HU,140.15,15
2026-05-16T18:15:00Z,IT-CNorth,150.00,15
2026-05-16T18:15:00Z,IT-CSouth,150.00,15
2026-05-16T18:15:00Z,IT-North,150.00,15
2026-05-16T18:15:00Z,IT-Sardinia,137.92,15
2026-05-16T18:15:00Z,IT-Sicily,150.00,15
2026-05-16T18:15:00Z,IT-South,150.00,15
2026-05-16T18:15:00Z,LT,135.04,15
2026-05-16T18:15:00Z,LV,135.04,15
2026-05-16T18:15:00Z,NL,138.50,15
2026-05-16T18:15:00Z,NO1,132.15,15
2026-05-16T18:15:00Z,NO2,132.57,15
2026-05-16T18:15:00Z,NO3,121.61,15
2026-05-16T18:15:00Z,NO4,22.15,15
2026-05-16T18:15:00Z,NO5,130.96,15
2026-05-16T18:15:00Z,PL,139.33,15
2026-05-16T18:15:00Z,PT,71.94,15
2026-05-16T18:15:00Z,RO,140.27,15
2026-05-16T18:15:00Z,SE1,90.43,15
2026-05-16T18:15:00Z,SE2,112.21,15
2026-05-16T18:15:00Z,SE3,123.78,15
2026-05-16T18:15:00Z,SE4,135.04,15
2026-05-16T18:15:00Z,SI,140.80,15
2026-05-16T18:15:00Z,SK,139.84,15
2026-05-16T18:30:00Z,AT,143.32,15
2026-05-16T18:30:00Z,BE,140.95,15
2026-05-16T18:30:00Z,CZ,142.43,15
2026-05-16T18:30:00Z,DE-LU,141.44,15
2026-05-16T18:30:00Z,DK1,141.44,15
2026-05-16T18:30:00Z,DK2,137.82,15
2026-05-16T18:30:00Z,EE,103.26,15
2026-05-16T18:30:00Z,ES,88.03,15
2026-05-16T18:30:00Z,FI,103.05,15
2026-05-16T18:30:00Z,FR,84.35,15
2026-05-16T18:30:00Z,GR,120.00,15
2026-05-16T18:30:00Z,HR,143.56,15
2026-05-16T18:30:00Z,HU,143.04,15
2026-05-16T18:30:00Z,IT-CNorth,151.23,15
2026-05-16T18:30:00Z,IT-CSouth,151.23,15
2026-05-16T18:30:00Z,IT-North,151.23,15
2026-05-16T18:30:00Z,IT-Sardinia,151.23,15
2026-05-16T18:30:00Z,IT-Sicily,151.23,15
2026-05-16T18:30:00Z,IT-South,151.23,15
2026-05-16T18:30:00Z,LT,137.73,15
2026-05-16T18:30:00Z,LV,137.73,15
2026-05-16T18:30:00Z,NL,141.44,15
2026-05-16T18:30:00Z,NO1,133.66,15
2026-05-16T18:30:00Z,NO2,134.30,15
2026-05-16T18:30:00Z,NO3,117.40,15
2026-05-16T18:30:00Z,NO4,22.14,15
2026-05-16T18:30:00Z,NO5,131.83,15
2026-05-16T18:30:00Z,PL,142.25,15
2026-05-16T18:30:00Z,PT,84.35,15
2026-05-16T18:30:00Z,RO,143.17,15
2026-05-16T18:30:00Z,SE1,83.41,15
2026-05-16T18:30:00Z,SE2,103.00,15
2026-05-16T18:30:00Z,SE3,120.73,15
2026-05-16T18:30:00Z,SE4,137.79,15
2026-05-16T18:30:00Z,SI,143.68,15
2026-05-16T18:30:00Z,SK,142.74,15
2026-05-16T18:45:00Z,AT,147.72,15
2026-05-16T18:45:00Z,BE,145.65,15
2026-05-16T18:45:00Z,CZ,146.95,15
2026-05-16T18:45:00Z,DE-LU,146.07,15
2026-05-16T18:45:00Z,DK1,146.07,15
2026-05-16T18:45:00Z,DK2,142.44,15
2026-05-16T18:45:00Z,EE,88.39,15
2026-05-16T18:45:00Z,ES,101.59,15
2026-05-16T18:45:00Z,FI,88.21,15
2026-05-16T18:45:00Z,FR,96.09,15
2026-05-16T18:45:00Z,GR,117.42,15
2026-05-16T18:45:00Z,HR,147.93,15
2026-05-16T18:45:00Z,HU,147.48,15
2026-05-16T18:45:00Z,LT,142.44,15
2026-05-16T18:45:00Z,LV,142.44,15
2026-05-16T18:45:00Z,NL,146.07,15
2026-05-16T18:45:00Z,NO1,135.49,15
2026-05-16T18:45:00Z,NO2,136.49,15
2026-05-16T18:45:00Z,NO3,110.14,15
2026-05-16T18:45:00Z,NO4,22.08,15
2026-05-16T18:45:00Z,NO5,132.63,15
2026-05-16T18:45:00Z,PL,146.78,15
2026-05-16T18:45:00Z,PT,96.09,15
2026-05-16T18:45:00Z,RO,147.59,15
2026-05-16T18:45:00Z,SE1,71.67,15
2026-05-16T18:45:00Z,SE2,87.61,15
2026-05-16T18:45:00Z,SE3,115.38,15
2026-05-16T18:45:00Z,SE4,142.44,15
2026-05-16T18:45:00Z,SI,148.04,15
2026-05-16T18:45:00Z,SK,147.21,15
2026-05-16T19:00:00Z,AT,145.70,15
2026-05-16T19:00:00Z,BE,143.24,15
2026-05-16T19:00:00Z,CH,142.97,60
2026-05-16T19:00:00Z,CZ,144.97,15
2026-05-16T19:00:00Z,DE-LU,144.08,15
2026-05-16T19:00:00Z,DK1,143.76,15
2026-05-16T19:00:00Z,DK2,140.16,15
2026-05-16T19:00:00Z,EE,115.00,15
2026-05-16T19:00:00Z,ES,106.46,15
2026-05-16T19:00:00Z,FI,113.55,15
2026-05-16T19:00:00Z,FR,97.05,15
2026-05-16T19:00:00Z,GR,119.10,15
2026-05-16T19:00:00Z,HR,145.98,15
2026-05-16T19:00:00Z,HU,145.51,15
2026-05-16T19:00:00Z,IT-CNorth,149.58,15
2026-05-16T19:00:00Z,IT-CSouth,149.58,15
2026-05-16T19:00:00Z,IT-North,149.58,15
2026-05-16T19:00:00Z,IT-Sardinia,149.58,15
2026-05-16T19:00:00Z,IT-Sicily,149.58,15
2026-05-16T19:00:00Z,IT-South,149.58,15
2026-05-16T19:00:00Z,LT,140.16,15
2026-05-16T19:00:00Z,LV,140.16,15
2026-05-16T19:00:00Z,NL,143.76,15
2026-05-16T19:00:00Z,NO1,136.83,15
2026-05-16T19:00:00Z,NO2,137.30,15
2026-05-16T19:00:00Z,NO3,124.86,15
2026-05-16T19:00:00Z,NO4,22.79,15
2026-05-16T19:00:00Z,NO5,135.47,15
2026-05-16T19:00:00Z,PL,144.80,15
2026-05-16T19:00:00Z,PT,97.05,15
2026-05-16T19:00:00Z,RO,145.63,15
2026-05-16T19:00:00Z,RS,156.07,15
2026-05-16T19:00:00Z,SE1,91.14,15
2026-05-16T19:00:00Z,SE2,113.79,15
2026-05-16T19:00:00Z,SE3,127.07,15
2026-05-16T19:00:00Z,SE4,140.16,15
2026-05-16T19:00:00Z,SI,146.09,15
2026-05-16T19:00:00Z,SK,145.24,15
2026-05-16T19:15:00Z,AT,142.63,15
2026-05-16T19:15:00Z,BE,141.01,15
2026-05-16T19:15:00Z,CZ,142.05,15
2026-05-16T19:15:00Z,DE-LU,141.35,15
2026-05-16T19:15:00Z,DK1,141.35,15
2026-05-16T19:15:00Z,DK2,136.47,15
2026-05-16T19:15:00Z,EE,124.99,15
2026-05-16T19:15:00Z,ES,111.88,15
2026-05-16T19:15:00Z,FI,110.24,15
2026-05-16T19:15:00Z,FR,100.51,15
2026-05-16T19:15:00Z,GR,120.17,15
2026-05-16T19:15:00Z,HR,142.86,15
2026-05-16T19:15:00Z,HU,142.48,15
2026-05-16T19:15:00Z,IT-CNorth,142.98,15
2026-05-16T19:15:00Z,IT-CSouth,142.98,15
2026-05-16T19:15:00Z,IT-North,142.98,15
2026-05-16T19:15:00Z,IT-Sardinia,142.98,15
2026-05-16T19:15:00Z,IT-Sicily,142.98,15
2026-05-16T19:15:00Z,IT-South,142.98,15
2026-05-16T19:15:00Z,LT,136.42,15
2026-05-16T19:15:00Z,LV,136.42,15
2026-05-16T19:15:00Z,NL,141.35,15
2026-05-16T19:15:00Z,NO1,133.32,15
2026-05-16T19:15:00Z,NO2,133.79,15
2026-05-16T19:15:00Z,NO3,121.42,15
2026-05-16T19:15:00Z,NO4,22.73,15
2026-05-16T19:15:00Z,NO5,131.97,15
2026-05-16T19:15:00Z,PL,141.92,15
2026-05-16T19:15:00Z,PT,100.51,15
2026-05-16T19:15:00Z,RO,142.57,15
2026-05-16T19:15:00Z,SE1,88.63,15
2026-05-16T19:15:00Z,SE2,110.46,15
2026-05-16T19:15:00Z,SE3,123.60,15
2026-05-16T19:15:00Z,SE4,136.45,15
2026-05-16T19:15:00Z,SI,142.94,15
2026-05-16T19:15:00Z,SK,142.26,15
2026-05-16T19:30:00Z,AT,140.30,15
2026-05-16T19:30:00Z,BE,138.98,15
2026-05-16T19:30:00Z,CZ,139.83,15
2026-05-16T19:30:00Z,DE-LU,139.26,15
2026-05-16T19:30:00Z,DK1,139.26,15
2026-05-16T19:30:00Z,DK2,136.76,15
2026-05-16T19:30:00Z,EE,93.77,15
2026-05-16T19:30:00Z,ES,113.36,15
2026-05-16T19:30:00Z,FI,93.58,15
2026-05-16T19:30:00Z,FR,106.06,15
2026-05-16T19:30:00Z,GR,123.61,15
2026-05-16T19:30:00Z,HR,140.48,15
2026-05-16T19:30:00Z,HU,140.18,15
2026-05-16T19:30:00Z,IT-CNorth,140.56,15
2026-05-16T19:30:00Z,IT-CSouth,140.56,15
2026-05-16T19:30:00Z,IT-North,140.56,15
2026-05-16T19:30:00Z,IT-Sardinia,140.56,15
2026-05-16T19:30:00Z,IT-Sicily,140.56,15
2026-05-16T19:30:00Z,IT-South,140.56,15
2026-05-16T19:30:00Z,LT,136.37,15
2026-05-16T19:30:00Z,LV,136.37,15
2026-05-16T19:30:00Z,NL,139.26,15
2026-05-16T19:30:00Z,NO1,132.28,15
2026-05-16T19:30:00Z,NO2,133.10,15
2026-05-16T19:30:00Z,NO3,111.85,15
2026-05-16T19:30:00Z,NO4,22.68,15
2026-05-16T19:30:00Z,NO5,129.96,15
2026-05-16T19:30:00Z,PL,139.72,15
2026-05-16T19:30:00Z,PT,106.06,15
2026-05-16T19:30:00Z,RO,140.26,15
2026-05-16T19:30:00Z,SE1,75.64,15
2026-05-16T19:30:00Z,SE2,93.29,15
2026-05-16T19:30:00Z,SE3,115.50,15
2026-05-16T19:30:00Z,SE4,136.64,15
2026-05-16T19:30:00Z,SI,140.56,15
2026-05-16T19:30:00Z,SK,140.00,15
2026-05-16T19:45:00Z,AT,137.78,15
2026-05-16T19:45:00Z,BE,141.90,15
2026-05-16T19:45:00Z,CZ,137.86,15
2026-05-16T19:45:00Z,DE-LU,138.06,15
2026-05-16T19:45:00Z,DK1,138.06,15
2026-05-16T19:45:00Z,DK2,136.98,15
2026-05-16T19:45:00Z,EE,81.96,15
2026-05-16T19:45:00Z,ES,106.49,15
2026-05-16T19:45:00Z,FI,81.80,15
2026-05-16T19:45:00Z,FR,100.99,15
2026-05-16T19:45:00Z,GR,121.36,15
2026-05-16T19:45:00Z,HR,137.89,15
2026-05-16T19:45:00Z,HU,137.87,15
2026-05-16T19:45:00Z,IT-CNorth,138.88,15
2026-05-16T19:45:00Z,IT-CSouth,138.88,15
2026-05-16T19:45:00Z,IT-North,138.88,15
2026-05-16T19:45:00Z,IT-Sardinia,138.88,15
2026-05-16T19:45:00Z,IT-Sicily,138.88,15
2026-05-16T19:45:00Z,IT-South,138.88,15
2026-05-16T19:45:00Z,LT,136.36,15
2026-05-16T19:45:00Z,LV,136.36,15
2026-05-16T19:45:00Z,NL,141.05,15
2026-05-16T19:45:00Z,NO1,131.56,15
2026-05-16T19:45:00Z,NO2,132.62,15
2026-05-16T19:45:00Z,NO3,105.09,15
2026-05-16T19:45:00Z,NO4,22.58,15
2026-05-16T19:45:00Z,NO5,128.56,15
2026-05-16T19:45:00Z,PL,137.95,15
2026-05-16T19:45:00Z,PT,100.99,15
2026-05-16T19:45:00Z,RO,137.88,15
2026-05-16T19:45:00Z,SE1,66.44,15
2026-05-16T19:45:00Z,SE2,81.15,15
2026-05-16T19:45:00Z,SE3,109.79,15
2026-05-16T19:45:00Z,SE4,136.80,15
2026-05-16T19:45:00Z,SI,137.89,15
2026-05-16T19:45:00Z,SK,137.88,15
2026-05-16T20:00:00Z,AT,144.72,15
2026-05-16T20:00:00Z,BE,138.00,15
2026-05-16T20:00:00Z,CH,140.00,60
2026-05-16T20:00:00Z,CZ,143.69,15
2026-05-16T20:00:00Z,DE-LU,142.34,15
2026-05-16T20:00:00Z,DK1,142.34,15
2026-05-16T20:00:00Z,DK2,134.96,15
2026-05-16T20:00:00Z,EE,123.47,15
2026-05-16T20:00:00Z,ES,115.94,15
2026-05-16T20:00:00Z,FI,123.21,15
2026-05-16T20:00:00Z,FR,113.00,15
2026-05-16T20:00:00Z,GR,111.93,15
2026-05-16T20:00:00Z,HR,144.99,15
2026-05-16T20:00:00Z,HU,144.39,15
2026-05-16T20:00:00Z,IT-CNorth,151.23,15
2026-05-16T20:00:00Z,IT-CSouth,151.23,15
2026-05-16T20:00:00Z,IT-North,151.23,15
2026-05-16T20:00:00Z,IT-Sardinia,151.23,15
2026-05-16T20:00:00Z,IT-Sicily,151.23,15
2026-05-16T20:00:00Z,IT-South,151.23,15
2026-05-16T20:00:00Z,LT,135.13,15
2026-05-16T20:00:00Z,LV,135.13,15
2026-05-16T20:00:00Z,NL,139.35,15
2026-05-16T20:00:00Z,NO1,133.12,15
2026-05-16T20:00:00Z,NO2,133.31,15
2026-05-16T20:00:00Z,NO3,128.29,15
2026-05-16T20:00:00Z,NO4,22.28,15
2026-05-16T20:00:00Z,NO5,132.60,15
2026-05-16T20:00:00Z,PL,143.38,15
2026-05-16T20:00:00Z,PT,113.00,15
2026-05-16T20:00:00Z,RO,144.53,15
2026-05-16T20:00:00Z,RS,140.00,15
2026-05-16T20:00:00Z,SE1,98.07,15
2026-05-16T20:00:00Z,SE2,123.75,15
2026-05-16T20:00:00Z,SE3,129.33,15
2026-05-16T20:00:00Z,SE4,135.01,15
2026-05-16T20:00:00Z,SI,145.13,15
2026-05-16T20:00:00Z,SK,144.02,15
2026-05-16T20:15:00Z,AT,137.29,15
2026-05-16T20:15:00Z,BE,136.20,15
2026-05-16T20:15:00Z,CZ,136.91,15
2026-05-16T20:15:00Z,DE-LU,136.44,15
2026-05-16T20:15:00Z,DK1,136.44,15
2026-05-16T20:15:00Z,DK2,133.98,15
2026-05-16T20:15:00Z,EE,114.43,15
2026-05-16T20:15:00Z,ES,110.07,15
2026-05-16T20:15:00Z,FI,106.05,15
2026-05-16T20:15:00Z,FR,109.07,15
2026-05-16T20:15:00Z,GR,120.45,15
2026-05-16T20:15:00Z,HR,137.45,15
2026-05-16T20:15:00Z,HU,137.20,15
2026-05-16T20:15:00Z,IT-CNorth,148.00,15
2026-05-16T20:15:00Z,IT-CSouth,148.00,15
2026-05-16T20:15:00Z,IT-North,148.00,15
2026-05-16T20:15:00Z,IT-Sardinia,148.00,15
2026-05-16T20:15:00Z,IT-Sicily,148.00,15
2026-05-16T20:15:00Z,IT-South,148.00,15
2026-05-16T20:15:00Z,LT,133.88,15
2026-05-16T20:15:00Z,LV,133.88,15
2026-05-16T20:15:00Z,NL,136.44,15
2026-05-16T20:15:00Z,NO1,130.74,15
2026-05-16T20:15:00Z,NO2,131.23,15
2026-05-16T20:15:00Z,NO3,117.81,15
2026-05-16T20:15:00Z,NO4,22.23,15
2026-05-16T20:15:00Z,NO5,129.33,15
2026-05-16T20:15:00Z,PL,136.82,15
2026-05-16T20:15:00Z,PT,109.07,15
2026-05-16T20:15:00Z,RO,137.26,15
2026-05-16T20:15:00Z,SE1,84.87,15
2026-05-16T20:15:00Z,SE2,106.19,15
2026-05-16T20:15:00Z,SE3,120.44,15
2026-05-16T20:15:00Z,SE4,133.95,15
2026-05-16T20:15:00Z,SI,137.51,15
2026-05-16T20:15:00Z,SK,137.05,15
2026-05-16T20:30:00Z,AT,134.96,15
2026-05-16T20:30:00Z,BE,134.13,15
2026-05-16T20:30:00Z,CZ,134.66,15
2026-05-16T20:30:00Z,DE-LU,134.31,15
2026-05-16T20:30:00Z,DK1,134.31,15
2026-05-16T20:30:00Z,DK2,130.48,15
2026-05-16T20:30:00Z,EE,80.71,15
2026-05-16T20:30:00Z,ES,118.67,15
2026-05-16T20:30:00Z,FI,80.55,15
2026-05-16T20:30:00Z,FR,113.69,15
2026-05-16T20:30:00Z,GR,132.12,15
2026-05-16T20:30:00Z,HR,135.07,15
2026-05-16T20:30:00Z,HU,134.88,15
2026-05-16T20:30:00Z,IT-CNorth,143.61,15
2026-05-16T20:30:00Z,IT-CSouth,143.61,15
2026-05-16T20:30:00Z,IT-North,143.61,15
2026-05-16T20:30:00Z,IT-Sardinia,143.61,15
2026-05-16T20:30:00Z,IT-Sicily,143.61,15
2026-05-16T20:30:00Z,IT-South,143.61,15
2026-05-16T20:30:00Z,LT,129.93,15
2026-05-16T20:30:00Z,LV,129.93,15
2026-05-16T20:30:00Z,NL,134.31,15
2026-05-16T20:30:00Z,NO1,128.97,15
2026-05-16T20:30:00Z,NO2,129.90,15
2026-05-16T20:30:00Z,NO3,103.30,15
2026-05-16T20:30:00Z,NO4,22.19,15
2026-05-16T20:30:00Z,NO5,126.35,15
2026-05-16T20:30:00Z,PL,134.60,15
2026-05-16T20:30:00Z,PT,113.69,15
2026-05-16T20:30:00Z,RO,134.93,15
2026-05-16T20:30:00Z,SE1,65.21,15
2026-05-16T20:30:00Z,SE2,80.00,15
2026-05-16T20:30:00Z,SE3,106.20,15
2026-05-16T20:30:00Z,SE4,130.31,15
2026-05-16T20:30:00Z,SI,135.12,15
2026-05-16T20:30:00Z,SK,134.77,15
2026-05-16T20:45:00Z,AT,131.52,15
2026-05-16T20:45:00Z,BE,130.69,15
2026-05-16T20:45:00Z,CZ,131.22,15
2026-05-16T20:45:00Z,DE-LU,130.87,15
2026-05-16T20:45:00Z,DK1,130.87,15
2026-05-16T20:45:00Z,DK2,127.07,15
2026-05-16T20:45:00Z,EE,126.46,15
2026-05-16T20:45:00Z,ES,111.21,15
2026-05-16T20:45:00Z,FI,74.84,15
2026-05-16T20:45:00Z,FR,110.00,15
2026-05-16T20:45:00Z,GR,131.49,15
2026-05-16T20:45:00Z,HR,131.64,15
2026-05-16T20:45:00Z,HU,131.45,15
2026-05-16T20:45:00Z,IT-CNorth,137.96,15
2026-05-16T20:45:00Z,IT-CSouth,137.96,15
2026-05-16T20:45:00Z,IT-North,137.96,15
2026-05-16T20:45:00Z,IT-Sardinia,137.96,15
2026-05-16T20:45:00Z,IT-Sicily,137.96,15
2026-05-16T20:45:00Z,IT-South,137.96,15
2026-05-16T20:45:00Z,LT,126.46,15
2026-05-16T20:45:00Z,LV,126.46,15
2026-05-16T20:45:00Z,NL,130.87,15
2026-05-16T20:45:00Z,NO1,126.11,15
2026-05-16T20:45:00Z,NO2,127.09,15
2026-05-16T20:45:00Z,NO3,98.92,15
2026-05-16T20:45:00Z,NO4,22.14,15
2026-05-16T20:45:00Z,NO5,123.36,15
2026-05-16T20:45:00Z,PL,131.16,15
2026-05-16T20:45:00Z,PT,110.00,15
2026-05-16T20:45:00Z,RO,131.49,15
2026-05-16T20:45:00Z,SE1,60.84,15
2026-05-16T20:45:00Z,SE2,74.19,15
2026-05-16T20:45:00Z,SE3,101.67,15
2026-05-16T20:45:00Z,SE4,126.89,15
2026-05-16T20:45:00Z,SI,131.68,15
2026-05-16T20:45:00Z,SK,131.34,15
2026-05-16T21:00:00Z,AT,137.14,15
2026-05-16T21:00:00Z,BE,126.84,15
2026-05-16T21:00:00Z,CH,133.28,60
2026-05-16T21:00:00Z,CZ,135.89,15
2026-05-16T21:00:00Z,DE-LU,134.27,15
2026-05-16T21:00:00Z,DK1,130.41,15
2026-05-16T21:00:00Z,DK2,126.84,15
2026-05-16T21:00:00Z,EE,126.48,15
2026-05-16T21:00:00Z,ES,106.14,15
2026-05-16T21:00:00Z,FI,87.13,15
2026-05-16T21:00:00Z,FR,106.70,15
2026-05-16T21:00:00Z,GR,136.89,15
2026-05-16T21:00:00Z,HR,137.44,15
2026-05-16T21:00:00Z,HU,136.73,15
2026-05-16T21:00:00Z,IT-CNorth,151.23,15
2026-05-16T21:00:00Z,IT-CSouth,151.23,15
2026-05-16T21:00:00Z,IT-North,151.23,15
2026-05-16T21:00:00Z,IT-Sardinia,151.23,15
2026-05-16T21:00:00Z,IT-Sicily,151.23,15
2026-05-16T21:00:00Z,IT-South,151.23,15
2026-05-16T21:00:00Z,LT,126.48,15
2026-05-16T21:00:00Z,LV,126.48,15
2026-05-16T21:00:00Z,NL,130.41,15
2026-05-16T21:00:00Z,NO1,125.05,15
2026-05-16T21:00:00Z,NO2,125.78,15
2026-05-16T21:00:00Z,NO3,105.06,15
2026-05-16T21:00:00Z,NO4,21.33,15
2026-05-16T21:00:00Z,NO5,123.00,15
2026-05-16T21:00:00Z,PL,135.51,15
2026-05-16T21:00:00Z,PT,106.70,15
2026-05-16T21:00:00Z,RO,136.89,15
2026-05-16T21:00:00Z,RS,134.40,15
2026-05-16T21:00:00Z,SE1,69.05,15
2026-05-16T21:00:00Z,SE2,86.90,15
2026-05-16T21:00:00Z,SE3,107.75,15
2026-05-16T21:00:00Z,SE4,126.74,15
2026-05-16T21:00:00Z,SI,137.61,15
2026-05-16T21:00:00Z,SK,136.29,15
2026-05-16T21:15:00Z,AT,131.61,15
2026-05-16T21:15:00Z,BE,124.85,15
2026-05-16T21:15:00Z,CZ,130.55,15
2026-05-16T21:15:00Z,DE-LU,129.20,15
2026-05-16T21:15:00Z,DK1,127.98,15
2026-05-16T21:15:00Z,DK2,124.37,15
2026-05-16T21:15:00Z,EE,123.90,15
2026-05-16T21:15:00Z,ES,91.26,15
2026-05-16T21:15:00Z,FI,79.32,15
2026-05-16T21:15:00Z,FR,100.00,15
2026-05-16T21:15:00Z,GR,131.41,15
2026-05-16T21:15:00Z,HR,131.89,15
2026-05-16T21:15:00Z,HU,131.28,15
2026-05-16T21:15:00Z,IT-CNorth,150.71,15
2026-05-16T21:15:00Z,IT-CSouth,150.71,15
2026-05-16T21:15:00Z,IT-North,150.71,15
2026-05-16T21:15:00Z,IT-Sardinia,150.71,15
2026-05-16T21:15:00Z,IT-Sicily,150.71,15
2026-05-16T21:15:00Z,IT-South,150.71,15
2026-05-16T21:15:00Z,LT,123.90,15
2026-05-16T21:15:00Z,LV,123.90,15
2026-05-16T21:15:00Z,NL,126.20,15
2026-05-16T21:15:00Z,NO1,123.87,15
2026-05-16T21:15:00Z,NO2,124.70,15
2026-05-16T21:15:00Z,NO3,100.40,15
2026-05-16T21:15:00Z,NO4,21.21,15
2026-05-16T21:15:00Z,NO5,121.52,15
2026-05-16T21:15:00Z,PL,130.24,15
2026-05-16T21:15:00Z,PT,100.00,15
2026-05-16T21:15:00Z,RO,131.41,15
2026-05-16T21:15:00Z,SE1,63.15,15
2026-05-16T21:15:00Z,SE2,78.92,15
2026-05-16T21:15:00Z,SE3,102.70,15
2026-05-16T21:15:00Z,SE4,124.24,15
2026-05-16T21:15:00Z,SI,132.03,15
2026-05-16T21:15:00Z,SK,130.90,15
2026-05-16T21:30:00Z,AT,130.06,15
2026-05-16T21:30:00Z,BE,124.13,15
2026-05-16T21:30:00Z,CZ,129.13,15
2026-05-16T21:30:00Z,DE-LU,127.95,15
2026-05-16T21:30:00Z,DK1,127.75,15
2026-05-16T21:30:00Z,DK2,124.07,15
2026-05-16T21:30:00Z,EE,123.50,15
2026-05-16T21:30:00Z,ES,104.37,15
2026-05-16T21:30:00Z,FI,74.08,15
2026-05-16T21:30:00Z,FR,101.00,15
2026-05-16T21:30:00Z,GR,129.89,15
2026-05-16T21:30:00Z,HR,130.31,15
2026-05-16T21:30:00Z,HU,129.77,15
2026-05-16T21:30:00Z,IT-CNorth,137.74,15
2026-05-16T21:30:00Z,IT-CSouth,137.74,15
2026-05-16T21:30:00Z,IT-North,137.74,15
2026-05-16T21:30:00Z,IT-Sardinia,137.74,15
2026-05-16T21:30:00Z,IT-Sicily,137.74,15
2026-05-16T21:30:00Z,IT-South,137.74,15
2026-05-16T21:30:00Z,LT,123.50,15
2026-05-16T21:30:00Z,LV,123.50,15
2026-05-16T21:30:00Z,NL,125.36,15
2026-05-16T21:30:00Z,NO1,121.02,15
2026-05-16T21:30:00Z,NO2,121.94,15
2026-05-16T21:30:00Z,NO3,96.00,15
2026-05-16T21:30:00Z,NO4,20.88,15
2026-05-16T21:30:00Z,NO5,118.40,15
2026-05-16T21:30:00Z,PL,128.86,15
2026-05-16T21:30:00Z,PT,101.00,15
2026-05-16T21:30:00Z,RO,129.89,15
2026-05-16T21:30:00Z,SE1,59.10,15
2026-05-16T21:30:00Z,SE2,73.53,15
2026-05-16T21:30:00Z,SE3,100.01,15
2026-05-16T21:30:00Z,SE4,123.91,15
2026-05-16T21:30:00Z,SI,130.43,15
2026-05-16T21:30:00Z,SK,129.43,15
2026-05-16T21:45:00Z,AT,121.39,15
2026-05-16T21:45:00Z,BE,115.74,15
2026-05-16T21:45:00Z,CZ,120.51,15
2026-05-16T21:45:00Z,DE-LU,119.38,15
2026-05-16T21:45:00Z,DK1,119.38,15
2026-05-16T21:45:00Z,DK2,115.95,15
2026-05-16T21:45:00Z,EE,115.44,15
2026-05-16T21:45:00Z,ES,86.44,15
2026-05-16T21:45:00Z,FI,70.48,15
2026-05-16T21:45:00Z,FR,94.94,15
2026-05-16T21:45:00Z,GR,121.23,15
2026-05-16T21:45:00Z,HR,121.63,15
2026-05-16T21:45:00Z,HU,121.12,15
2026-05-16T21:45:00Z,IT-CNorth,130.00,15
2026-05-16T21:45:00Z,IT-CSouth,130.00,15
2026-05-16T21:45:00Z,IT-North,130.00,15
2026-05-16T21:45:00Z,IT-Sardinia,130.00,15
2026-05-16T21:45:00Z,IT-Sicily,130.00,15
2026-05-16T21:45:00Z,IT-South,130.00,15
2026-05-16T21:45:00Z,LT,115.44,15
2026-05-16T21:45:00Z,LV,115.44,15
2026-05-16T21:45:00Z,NL,116.87,15
2026-05-16T21:45:00Z,NO1,116.71,15
2026-05-16T21:45:00Z,NO2,117.55,15
2026-05-16T21:45:00Z,NO3,92.40,15
2026-05-16T21:45:00Z,NO4,20.78,15
2026-05-16T21:45:00Z,NO5,114.32,15
2026-05-16T21:45:00Z,PL,120.25,15
2026-05-16T21:45:00Z,PT,94.94,15
2026-05-16T21:45:00Z,RO,121.23,15
2026-05-16T21:45:00Z,SE1,56.51,15
2026-05-16T21:45:00Z,SE2,70.00,15
2026-05-16T21:45:00Z,SE3,94.07,15
2026-05-16T21:45:00Z,SE4,115.81,15
2026-05-16T21:45:00Z,SI,121.75,15
2026-05-16T21:45:00Z,SK,120.80,15
2026-05-16T22:00:00Z,AT,141.46,15
2026-05-16T22:00:00Z,BE,128.47,15
2026-05-16T22:00:00Z,CH,125.99,60
2026-05-16T22:00:00Z,CZ,139.79,15
2026-05-16T22:00:00Z,DE-LU,137.95,15
2026-05-16T22:00:00Z,DK1,137.95,15
2026-05-16T22:00:00Z,DK2,135.46,15
2026-05-16T22:00:00Z,EE,66.66,15
2026-05-16T22:00:00Z,ES,96.63,15
2026-05-16T22:00:00Z,FI,66.62,15
2026-05-16T22:00:00Z,FR,98.93,15
2026-05-16T22:00:00Z,GR,125.00,15
2026-05-16T22:00:00Z,HR,141.63,15
2026-05-16T22:00:00Z,HU,140.83,15
2026-05-16T22:00:00Z,IT-CNorth,141.84,15
2026-05-16T22:00:00Z,IT-CSouth,141.84,15
2026-05-16T22:00:00Z,IT-North,141.84,15
2026-05-16T22:00:00Z,IT-Sardinia,141.84,15
2026-05-16T22:00:00Z,IT-Sicily,141.84,15
2026-05-16T22:00:00Z,IT-South,141.84,15
2026-05-16T22:00:00Z,LT,118.18,15
2026-05-16T22:00:00Z,LV,118.18,15
2026-05-16T22:00:00Z,NL,132.90,15
2026-05-16T22:00:00Z,NO1,129.72,15
2026-05-16T22:00:00Z,NO2,129.62,15
2026-05-16T22:00:00Z,NO3,122.16,15
2026-05-16T22:00:00Z,NO4,21.76,15
2026-05-16T22:00:00Z,NO5,129.96,15
2026-05-16T22:00:00Z,PL,139.43,15
2026-05-16T22:00:00Z,PT,98.93,15
2026-05-16T22:00:00Z,RO,141.00,15
2026-05-16T22:00:00Z,RS,126.06,15
2026-05-16T22:00:00Z,SE1,63.92,15
2026-05-16T22:00:00Z,SE2,77.36,15
2026-05-16T22:00:00Z,SE3,100.00,15
2026-05-16T22:00:00Z,SE4,118.44,15
2026-05-16T22:00:00Z,SI,141.84,15
2026-05-16T22:00:00Z,SK,140.33,15
2026-05-16T22:15:00Z,AT,133.18,15
2026-05-16T22:15:00Z,BE,122.19,15
2026-05-16T22:15:00Z,CZ,131.77,15
2026-05-16T22:15:00Z,DE-LU,130.21,15
2026-05-16T22:15:00Z,DK1,130.21,15
2026-05-16T22:15:00Z,DK2,127.87,15
2026-05-16T22:15:00Z,EE,62.74,15
2026-05-16T22:15:00Z,ES,91.21,15
2026-05-16T22:15:00Z,FI,62.70,15
2026-05-16T22:15:00Z,FR,97.19,15
2026-05-16T22:15:00Z,HR,133.33,15
2026-05-16T22:15:00Z,HU,132.65,15
2026-05-16T22:15:00Z,IT-CNorth,133.51,15
2026-05-16T22:15:00Z,IT-CSouth,133.51,15
2026-05-16T22:15:00Z,IT-North,133.51,15
2026-05-16T22:15:00Z,IT-Sardinia,133.51,15
2026-05-16T22:15:00Z,IT-Sicily,133.51,15
2026-05-16T22:15:00Z,IT-South,133.51,15
2026-05-16T22:15:00Z,LT,112.30,15
2026-05-16T22:15:00Z,LV,112.30,15
2026-05-16T22:15:00Z,NL,125.94,15
2026-05-16T22:15:00Z,NO1,125.06,15
2026-05-16T22:15:00Z,NO2,124.99,15
2026-05-16T22:15:00Z,NO3,116.48,15
2026-05-16T22:15:00Z,NO4,20.78,15
2026-05-16T22:15:00Z,NO5,125.23,15
2026-05-16T22:15:00Z,PL,131.46,15
2026-05-16T22:15:00Z,PT,97.19,15
2026-05-16T22:15:00Z,RO,132.80,15
2026-05-16T22:15:00Z,SE1,60.18,15
2026-05-16T22:15:00Z,SE2,72.75,15
2026-05-16T22:15:00Z,SE3,94.62,15
2026-05-16T22:15:00Z,SE4,112.53,15
2026-05-16T22:15:00Z,SI,133.51,15
2026-05-16T22:15:00Z,SK,132.22,15
2026-05-16T22:30:00Z,AT,125.68,15
2026-05-16T22:30:00Z,BE,114.79,15
2026-05-16T22:30:00Z,CZ,124.28,15
2026-05-16T22:30:00Z,DE-LU,122.74,15
2026-05-16T22:30:00Z,DK1,122.74,15
2026-05-16T22:30:00Z,DK2,120.52,15
2026-05-16T22:30:00Z,EE,58.58,15
2026-05-16T22:30:00Z,ES,88.92,15
2026-05-16T22:30:00Z,FI,58.55,15
2026-05-16T22:30:00Z,FR,90.04,15
2026-05-16T22:30:00Z,HR,125.82,15
2026-05-16T22:30:00Z,HU,125.15,15
2026-05-16T22:30:00Z,IT-CNorth,126.00,15
2026-05-16T22:30:00Z,IT-CSouth,126.00,15
2026-05-16T22:30:00Z,IT-North,126.00,15
2026-05-16T22:30:00Z,IT-Sardinia,126.00,15
2026-05-16T22:30:00Z,IT-Sicily,126.00,15
2026-05-16T22:30:00Z,IT-South,126.00,15
2026-05-16T22:30:00Z,LT,99.97,15
2026-05-16T22:30:00Z,LV,99.97,15
2026-05-16T22:30:00Z,NL,118.50,15
2026-05-16T22:30:00Z,NO1,124.30,15
2026-05-16T22:30:00Z,NO2,124.16,15
2026-05-16T22:30:00Z,NO3,112.97,15
2026-05-16T22:30:00Z,NO4,19.92,15
2026-05-16T22:30:00Z,NO5,124.62,15
2026-05-16T22:30:00Z,PL,123.97,15
2026-05-16T22:30:00Z,PT,90.04,15
2026-05-16T22:30:00Z,RO,125.30,15
2026-05-16T22:30:00Z,SE1,56.23,15
2026-05-16T22:30:00Z,SE2,67.79,15
2026-05-16T22:30:00Z,SE3,85.78,15
2026-05-16T22:30:00Z,SE4,100.22,15
2026-05-16T22:30:00Z,SI,126.00,15
2026-05-16T22:30:00Z,SK,124.73,15
2026-05-16T22:45:00Z,AT,122.68,15
2026-05-16T22:45:00Z,BE,112.65,15
2026-05-16T22:45:00Z,CZ,121.39,15
2026-05-16T22:45:00Z,DE-LU,119.97,15
2026-05-16T22:45:00Z,DK1,119.97,15
2026-05-16T22:45:00Z,DK2,117.80,15
2026-05-16T22:45:00Z,EE,56.53,15
2026-05-16T22:45:00Z,ES,78.44,15
2026-05-16T22:45:00Z,FI,56.50,15
2026-05-16T22:45:00Z,FR,89.84,15
2026-05-16T22:45:00Z,GR,122.33,15
2026-05-16T22:45:00Z,HR,122.81,15
2026-05-16T22:45:00Z,HU,122.19,15
2026-05-16T22:45:00Z,IT-CNorth,122.97,15
2026-05-16T22:45:00Z,IT-CSouth,122.97,15
2026-05-16T22:45:00Z,IT-North,122.97,15
2026-05-16T22:45:00Z,IT-Sardinia,122.97,15
2026-05-16T22:45:00Z,IT-Sicily,122.97,15
2026-05-16T22:45:00Z,IT-South,122.97,15
2026-05-16T22:45:00Z,LT,89.67,15
2026-05-16T22:45:00Z,LV,89.67,15
2026-05-16T22:45:00Z,NL,116.07,15
2026-05-16T22:45:00Z,NO1,120.19,15
2026-05-16T22:45:00Z,NO2,119.91,15
2026-05-16T22:45:00Z,NO3,110.32,15
2026-05-16T22:45:00Z,NO4,17.27,15
2026-05-16T22:45:00Z,NO5,120.87,15
2026-05-16T22:45:00Z,PL,121.11,15
2026-05-16T22:45:00Z,PT,89.84,15
2026-05-16T22:45:00Z,RO,122.33,15
2026-05-16T22:45:00Z,SE1,54.14,15
2026-05-16T22:45:00Z,SE2,65.86,15
2026-05-16T22:45:00Z,SE3,79.61,15
2026-05-16T22:45:00Z,SE4,90.00,15
2026-05-16T22:45:00Z,SI,122.97,15
2026-05-16T22:45:00Z,SK,121.80,15
2026-05-16T23:00:00Z,AT,128.13,15
2026-05-16T23:00:00Z,BE,121.29,15
2026-05-16T23:00:00Z,CH,123.06,60
2026-05-16T23:00:00Z,CZ,127.00,15
2026-05-16T23:00:00Z,DE-LU,125.77,15
2026-05-16T23:00:00Z,DK1,125.77,15
2026-05-16T23:00:00Z,DK2,123.50,15
2026-05-16T23:00:00Z,EE,59.92,15
2026-05-16T23:00:00Z,ES,82.87,15
2026-05-16T23:00:00Z,FI,59.89,15
2026-05-16T23:00:00Z,FR,90.90,15
2026-05-16T23:00:00Z,GR,125.00,15
2026-05-16T23:00:00Z,HR,128.26,15
2026-05-16T23:00:00Z,HU,127.71,15
2026-05-16T23:00:00Z,IT-CNorth,128.41,15
2026-05-16T23:00:00Z,IT-CSouth,128.41,15
2026-05-16T23:00:00Z,IT-North,128.41,15
2026-05-16T23:00:00Z,IT-Sardinia,128.41,15
2026-05-16T23:00:00Z,IT-Sicily,128.41,15
2026-05-16T23:00:00Z,IT-South,128.41,15
2026-05-16T23:00:00Z,LT,100.06,15
2026-05-16T23:00:00Z,LV,100.06,15
2026-05-16T23:00:00Z,NL,122.67,15
2026-05-16T23:00:00Z,NO1,122.41,15
2026-05-16T23:00:00Z,NO2,122.15,15
2026-05-16T23:00:00Z,NO3,114.80,15
2026-05-16T23:00:00Z,NO4,16.70,15
2026-05-16T23:00:00Z,NO5,123.02,15
2026-05-16T23:00:00Z,PL,126.76,15
2026-05-16T23:00:00Z,PT,90.90,15
2026-05-16T23:00:00Z,RO,127.83,15
2026-05-16T23:00:00Z,RS,119.68,15
2026-05-16T23:00:00Z,SE1,57.23,15
2026-05-16T23:00:00Z,SE2,70.07,15
2026-05-16T23:00:00Z,SE3,87.38,15
2026-05-16T23:00:00Z,SE4,100.39,15
2026-05-16T23:00:00Z,SI,128.41,15
2026-05-16T23:00:00Z,SK,127.38,15
2026-05-16T23:15:00Z,AT,120.81,15
2026-05-16T23:15:00Z,BE,114.81,15
2026-05-16T23:15:00Z,CZ,119.82,15
2026-05-16T23:15:00Z,DE-LU,118.74,15
2026-05-16T23:15:00Z,DK1,118.74,15
2026-05-16T23:15:00Z,DK2,116.60,15
2026-05-16T23:15:00Z,EE,56.41,15
2026-05-16T23:15:00Z,ES,75.04,15
2026-05-16T23:15:00Z,FI,56.38,15
2026-05-16T23:15:00Z,FR,88.13,15
2026-05-16T23:15:00Z,GR,120.55,15
2026-05-16T23:15:00Z,HR,120.93,15
2026-05-16T23:15:00Z,HU,120.45,15
2026-05-16T23:15:00Z,IT-CNorth,121.06,15
2026-05-16T23:15:00Z,IT-CSouth,121.06,15
2026-05-16T23:15:00Z,IT-North,121.06,15
2026-05-16T23:15:00Z,IT-Sardinia,121.06,15
2026-05-16T23:15:00Z,IT-Sicily,121.06,15
2026-05-16T23:15:00Z,IT-South,121.06,15
2026-05-16T23:15:00Z,LT,90.03,15
2026-05-16T23:15:00Z,LV,90.03,15
2026-05-16T23:15:00Z,NL,116.02,15
2026-05-16T23:15:00Z,NO1,119.75,15
2026-05-16T23:15:00Z,NO2,119.45,15
2026-05-16T23:15:00Z,NO3,110.45,15
2026-05-16T23:15:00Z,NO4,16.45,15
2026-05-16T23:15:00Z,NO5,120.45,15
2026-05-16T23:15:00Z,PL,119.62,15
2026-05-16T23:15:00Z,PT,88.13,15
2026-05-16T23:15:00Z,RO,120.55,15
2026-05-16T23:15:00Z,SE1,53.91,15
2026-05-16T23:15:00Z,SE2,65.78,15
2026-05-16T23:15:00Z,SE3,79.99,15
2026-05-16T23:15:00Z,SE4,90.37,15
2026-05-16T23:15:00Z,SI,121.06,15
2026-05-16T23:15:00Z,SK,120.15,15
2026-05-16T23:30:00Z,AT,118.56,15
2026-05-16T23:30:00Z,BE,112.63,15
2026-05-16T23:30:00Z,CZ,117.58,15
2026-05-16T23:30:00Z,DE-LU,116.51,15
2026-05-16T23:30:00Z,DK1,116.51,15
2026-05-16T23:30:00Z,DK2,114.41,15
2026-05-16T23:30:00Z,EE,54.93,15
2026-05-16T23:30:00Z,ES,77.64,15
2026-05-16T23:30:00Z,FI,54.90,15
2026-05-16T23:30:00Z,FR,86.30,15
2026-05-16T23:30:00Z,GR,118.30,15
2026-05-16T23:30:00Z,HR,118.67,15
2026-05-16T23:30:00Z,HU,118.19,15
2026-05-16T23:30:00Z,IT-CNorth,118.80,15
2026-05-16T23:30:00Z,IT-CSouth,118.80,15
2026-05-16T23:30:00Z,IT-North,118.80,15
2026-05-16T23:30:00Z,IT-Sardinia,118.80,15
2026-05-16T23:30:00Z,IT-Sicily,118.80,15
2026-05-16T23:30:00Z,IT-South,118.80,15
2026-05-16T23:30:00Z,LT,88.35,15
2026-05-16T23:30:00Z,LV,88.35,15
2026-05-16T23:30:00Z,NL,113.82,15
2026-05-16T23:30:00Z,NO1,118.25,15
2026-05-16T23:30:00Z,NO2,117.98,15
2026-05-16T23:30:00Z,NO3,108.35,15
2026-05-16T23:30:00Z,NO4,16.26,15
2026-05-16T23:30:00Z,NO5,118.90,15
2026-05-16T23:30:00Z,PL,117.37,15
2026-05-16T23:30:00Z,PT,86.30,15
2026-05-16T23:30:00Z,RO,118.30,15
2026-05-16T23:30:00Z,SE1,52.52,15
2026-05-16T23:30:00Z,SE2,64.00,15
2026-05-16T23:30:00Z,SE3,78.21,15
2026-05-16T23:30:00Z,SE4,88.67,15
2026-05-16T23:30:00Z,SI,118.80,15
2026-05-16T23:30:00Z,SK,117.90,15
2026-05-16T23:45:00Z,AT,117.37,15
2026-05-16T23:45:00Z,BE,111.16,15
2026-05-16T23:45:00Z,CZ,116.35,15
2026-05-16T23:45:00Z,DE-LU,115.23,15
2026-05-16T23:45:00Z,DK1,115.23,15
2026-05-16T23:45:00Z,DK2,113.15,15
2026-05-16T23:45:00Z,EE,49.94,15
2026-05-16T23:45:00Z,ES,72.45,15
2026-05-16T23:45:00Z,FI,49.91,15
2026-05-16T23:45:00Z,FR,83.54,15
2026-05-16T23:45:00Z,GR,117.11,15
2026-05-16T23:45:00Z,HR,117.50,15
2026-05-16T23:45:00Z,HU,117.00,15
2026-05-16T23:45:00Z,IT-CNorth,117.63,15
2026-05-16T23:45:00Z,IT-CSouth,117.63,15
2026-05-16T23:45:00Z,IT-North,117.63,15
2026-05-16T23:45:00Z,IT-Sardinia,117.63,15
2026-05-16T23:45:00Z,IT-Sicily,117.63,15
2026-05-16T23:45:00Z,IT-South,117.63,15
2026-05-16T23:45:00Z,LT,62.34,15
2026-05-16T23:45:00Z,LV,62.34,15
2026-05-16T23:45:00Z,NL,112.41,15
2026-05-16T23:45:00Z,NO1,118.18,15
2026-05-16T23:45:00Z,NO2,117.66,15
2026-05-16T23:45:00Z,NO3,104.57,15
2026-05-16T23:45:00Z,NO4,16.23,15
2026-05-16T23:45:00Z,NO5,119.40,15
2026-05-16T23:45:00Z,PL,116.13,15
2026-05-16T23:45:00Z,PT,83.54,15
2026-05-16T23:45:00Z,RO,117.11,15
2026-05-16T23:45:00Z,SE1,47.84,15
2026-05-16T23:45:00Z,SE2,57.81,15
2026-05-16T23:45:00Z,SE3,61.61,15
2026-05-16T23:45:00Z,SE4,62.78,15
2026-05-16T23:45:00Z,SI,117.63,15
2026-05-16T23:45:00Z,SK,116.69,15
