timestamp_utc,zone,price_eur_mwh,resolution_min
2025-10-11T00:00:00Z,AT,95.00,15
2025-10-11T00:00:00Z,BE,87.79,15
2025-10-11T00:00:00Z,CH,96.50,60
2025-10-11T00:00:00Z,CZ,87.73,15
2025-10-11T00:00:00Z,DE-LU,87.53,15
2025-10-11T00:00:00Z,DK1,62.41,15
2025-10-11T00:00:00Z,DK2,61.92,15
2025-10-11T00:00:00Z,EE,-0.09,15
2025-10-11T00:00:00Z,ES,94.44,15
2025-10-11T00:00:00Z,FI,-0.09,15
2025-10-11T00:00:00Z,FR,84.94,15
2025-10-11T00:00:00Z,GR,88.03,15
2025-10-11T00:00:00Z,HR,88.15,15
2025-10-11T00:00:00Z,HU,87.99,15
2025-10-11T00:00:00Z,IT-CNorth,110.21,15
2025-10-11T00:00:00Z,IT-CSouth,110.21,15
2025-10-11T00:00:00Z,IT-North,110.21,15
2025-10-11T00:00:00Z,IT-Sardinia,110.21,15
2025-10-11T00:00:00Z,IT-South,110.21,15
2025-10-11T00:00:00Z,LT,87.65,15
2025-10-11T00:00:00Z,LV,87.65,15
2025-10-11T00:00:00Z,NL,90.10,15
2025-10-11T00:00:00Z,NO1,6.56,15
2025-10-11T00:00:00Z,NO2,59.80,15
2025-10-11T00:00:00Z,NO4,1.20,15
2025-10-11T00:00:00Z,NO5,16.37,15
2025-10-11T00:00:00Z,PL,87.65,15
2025-10-11T00:00:00Z,PT,105.04,15
2025-10-11T00:00:00Z,RO,88.03,15
2025-10-11T00:00:00Z,RS,86.91,15
2025-10-11T00:00:00Z,SE1,0.07,15
2025-10-11T00:00:00Z,SE2,-0.14,15
2025-10-11T00:00:00Z,SE3,-0.08,15
2025-10-11T00:00:00Z,SE4,1.40,15
2025-10-11T00:00:00Z,SI,88.19,15
2025-10-11T00:00:00Z,SK,87.83,15
2025-10-11T00:15:00Z,AT,88.40,15
2025-10-11T00:15:00Z,BE,88.63,15
2025-10-11T00:15:00Z,CZ,88.63,15
2025-10-11T00:15:00Z,DE-LU,88.63,15
2025-10-11T00:15:00Z,DK1,61.09,15
2025-10-11T00:15:00Z,DK2,60.60,15
2025-10-11T00:15:00Z,EE,-0.10,15
2025-10-11T00:15:00Z,ES,91.71,15
2025-10-11T00:15:00Z,FI,-0.10,15
2025-10-11T00:15:00Z,FR,88.63,15
2025-10-11T00:15:00Z,GR,88.63,15
2025-10-11T00:15:00Z,HR,88.63,15
2025-10-11T00:15:00Z,HU,88.63,15
2025-10-11T00:15:00Z,IT-CNorth,109.58,15
2025-10-11T00:15:00Z,IT-CSouth,109.58,15
2025-10-11T00:15:00Z,IT-North,109.58,15
2025-10-11T00:15:00Z,IT-Sardinia,109.58,15
2025-10-11T00:15:00Z,IT-Sicily,114.00,15
2025-10-11T00:15:00Z,IT-South,109.58,15
2025-10-11T00:15:00Z,LT,88.63,15
2025-10-11T00:15:00Z,LV,88.63,15
2025-10-11T00:15:00Z,NL,88.63,15
2025-10-11T00:15:00Z,NO1,6.72,15
2025-10-11T00:15:00Z,NO2,58.54,15
2025-10-11T00:15:00Z,NO4,1.17,15
2025-10-11T00:15:00Z,NO5,16.24,15
2025-10-11T00:15:00Z,PL,88.63,15
2025-10-11T00:15:00Z,PT,104.80,15
2025-10-11T00:15:00Z,RO,88.63,15
2025-10-11T00:15:00Z,SE1,0.03,15
2025-10-11T00:15:00Z,SE2,-0.18,15
2025-10-11T00:15:00Z,SE3,-0.06,15
2025-10-11T00:15:00Z,SI,88.63,15
2025-10-11T00:15:00Z,SK,88.63,15
2025-10-11T00:30:00Z,AT,87.51,15
2025-10-11T00:30:00Z,BE,85.50,15
2025-10-11T00:30:00Z,CZ,87.90,15
2025-10-11T00:30:00Z,DE-LU,87.21,15
2025-10-11T00:30:00Z,DK1,60.48,15
2025-10-11T00:30:00Z,DK2,60.00,15
2025-10-11T00:30:00Z,ES,87.62,15
2025-10-11T00:30:00Z,FR,75.01,15
2025-10-11T00:30:00Z,GR,88.75,15
2025-10-11T00:30:00Z,HR,89.21,15
2025-10-11T00:30:00Z,HU,88.62,15
2025-10-11T00:30:00Z,IT-CNorth,104.10,15
2025-10-11T00:30:00Z,IT-CSouth,104.10,15
2025-10-11T00:30:00Z,IT-North,104.10,15
2025-10-11T00:30:00Z,IT-Sardinia,104.10,15
2025-10-11T00:30:00Z,IT-Sicily,107.91,15
2025-10-11T00:30:00Z,IT-South,104.10,15
2025-10-11T00:30:00Z,LT,87.72,15
2025-10-11T00:30:00Z,LV,87.72,15
2025-10-11T00:30:00Z,NL,90.10,15
2025-10-11T00:30:00Z,NO1,6.56,15
2025-10-11T00:30:00Z,NO2,57.96,15
2025-10-11T00:30:00Z,NO4,1.25,15
2025-10-11T00:30:00Z,NO5,16.01,15
2025-10-11T00:30:00Z,PL,87.72,15
2025-10-11T00:30:00Z,PT,103.00,15
2025-10-11T00:30:00Z,RO,88.75,15
2025-10-11T00:30:00Z,SE1,0.12,15
2025-10-11T00:30:00Z,SE2,-0.09,15
2025-10-11T00:30:00Z,SE3,-0.17,15
2025-10-11T00:30:00Z,SE4,1.23,15
2025-10-11T00:30:00Z,SI,89.40,15
2025-10-11T00:30:00Z,SK,88.31,15
2025-10-11T00:45:00Z,AT,85.09,15
2025-10-11T00:45:00Z,BE,82.70,15
2025-10-11T00:45:00Z,CZ,86.88,15
2025-10-11T00:45:00Z,DE-LU,86.18,15
2025-10-11T00:45:00Z,DK1,57.10,15
2025-10-11T00:45:00Z,DK2,56.64,15
2025-10-11T00:45:00Z,ES,83.48,15
2025-10-11T00:45:00Z,FR,71.12,15
2025-10-11T00:45:00Z,GR,87.85,15
2025-10-11T00:45:00Z,HR,88.36,15
2025-10-11T00:45:00Z,HU,87.70,15
2025-10-11T00:45:00Z,IT-CNorth,96.51,15
2025-10-11T00:45:00Z,IT-CSouth,96.51,15
2025-10-11T00:45:00Z,IT-North,96.51,15
2025-10-11T00:45:00Z,IT-Sardinia,96.51,15
2025-10-11T00:45:00Z,IT-South,96.51,15
2025-10-11T00:45:00Z,LT,20.70,15
2025-10-11T00:45:00Z,LV,20.70,15
2025-10-11T00:45:00Z,NL,86.59,15
2025-10-11T00:45:00Z,NO1,6.60,15
2025-10-11T00:45:00Z,NO2,56.81,15
2025-10-11T00:45:00Z,NO4,1.27,15
2025-10-11T00:45:00Z,NO5,15.83,15
2025-10-11T00:45:00Z,PL,86.72,15
2025-10-11T00:45:00Z,PT,102.40,15
2025-10-11T00:45:00Z,RO,87.85,15
2025-10-11T00:45:00Z,SE1,0.14,15
2025-10-11T00:45:00Z,SE2,-0.07,15
2025-10-11T00:45:00Z,SE3,-0.18,15
2025-10-11T00:45:00Z,SE4,1.13,15
2025-10-11T00:45:00Z,SI,88.57,15
2025-10-11T00:45:00Z,SK,87.36,15
2025-10-11T01:00:00Z,AT,88.56,15
2025-10-11T01:00:00Z,BE,83.67,15
2025-10-11T01:00:00Z,CH,96.51,60
2025-10-11T01:00:00Z,CZ,86.57,15
2025-10-11T01:00:00Z,DE-LU,86.26,15
2025-10-11T01:00:00Z,DK1,60.48,15
2025-10-11T01:00:00Z,DK2,60.14,15
2025-10-11T01:00:00Z,ES,88.86,15
2025-10-11T01:00:00Z,FR,78.05,15
2025-10-11T01:00:00Z,GR,87.05,15
2025-10-11T01:00:00Z,HR,87.31,15
2025-10-11T01:00:00Z,HU,86.97,15
2025-10-11T01:00:00Z,IT-CNorth,106.18,15
2025-10-11T01:00:00Z,IT-CSouth,106.18,15
2025-10-11T01:00:00Z,IT-North,106.18,15
2025-10-11T01:00:00Z,IT-Sardinia,106.18,15
2025-10-11T01:00:00Z,IT-South,106.18,15
2025-10-11T01:00:00Z,LT,20.64,15
2025-10-11T01:00:00Z,LV,20.64,15
2025-10-11T01:00:00Z,NL,84.74,15
2025-10-11T01:00:00Z,NO1,6.82,15
2025-10-11T01:00:00Z,NO2,57.96,15
2025-10-11T01:00:00Z,NO3,4.29,15
2025-10-11T01:00:00Z,NO4,1.14,15
2025-10-11T01:00:00Z,NO5,16.12,15
2025-10-11T01:00:00Z,PL,86.51,15
2025-10-11T01:00:00Z,PT,101.37,15
2025-10-11T01:00:00Z,RO,87.05,15
2025-10-11T01:00:00Z,RS,86.51,15
2025-10-11T01:00:00Z,SE1,0.00,15
2025-10-11T01:00:00Z,SE2,-0.21,15
2025-10-11T01:00:00Z,SE3,-0.02,15
2025-10-11T01:00:00Z,SE4,1.44,15
2025-10-11T01:00:00Z,SI,87.41,15
2025-10-11T01:00:00Z,SK,86.81,15
2025-10-11T01:15:00Z,AT,89.28,15
2025-10-11T01:15:00Z,BE,82.48,15
2025-10-11T01:15:00Z,CZ,84.74,15
2025-10-11T01:15:00Z,DE-LU,84.50,15
2025-10-11T01:15:00Z,DK1,59.73,15
2025-10-11T01:15:00Z,DK2,59.40,15
2025-10-11T01:15:00Z,ES,86.37,15
2025-10-11T01:15:00Z,FR,78.12,15
2025-10-11T01:15:00Z,GR,85.11,15
2025-10-11T01:15:00Z,HR,85.31,15
2025-10-11T01:15:00Z,HU,85.05,15
2025-10-11T01:15:00Z,NL,83.32,15
2025-10-11T01:15:00Z,NO2,57.93,15
2025-10-11T01:15:00Z,PL,84.69,15
2025-10-11T01:15:00Z,RO,85.11,15
2025-10-11T01:15:00Z,SE3,-0.01,15
2025-10-11T01:15:00Z,SE4,1.43,15
2025-10-11T01:15:00Z,SI,85.39,15
2025-10-11T01:15:00Z,SK,84.92,15
2025-10-11T01:30:00Z,AT,87.21,15
2025-10-11T01:30:00Z,BE,77.49,15
2025-10-11T01:30:00Z,CZ,84.36,15
2025-10-11T01:30:00Z,DE-LU,83.63,15
2025-10-11T01:30:00Z,DK1,56.98,15
2025-10-11T01:30:00Z,DK2,56.66,15
2025-10-11T01:30:00Z,ES,80.00,15
2025-10-11T01:30:00Z,FR,64.17,15
2025-10-11T01:30:00Z,GR,85.50,15
2025-10-11T01:30:00Z,HR,86.11,15
2025-10-11T01:30:00Z,HU,85.32,15
2025-10-11T01:30:00Z,IT-CNorth,105.57,15
2025-10-11T01:30:00Z,IT-CSouth,105.57,15
2025-10-11T01:30:00Z,IT-North,105.57,15
2025-10-11T01:30:00Z,IT-Sardinia,105.57,15
2025-10-11T01:30:00Z,IT-South,105.57,15
2025-10-11T01:30:00Z,NL,80.03,15
2025-10-11T01:30:00Z,NO1,6.81,15
2025-10-11T01:30:00Z,NO2,57.91,15
2025-10-11T01:30:00Z,NO4,1.15,15
2025-10-11T01:30:00Z,NO5,16.10,15
2025-10-11T01:30:00Z,PL,84.23,15
2025-10-11T01:30:00Z,PT,100.00,15
2025-10-11T01:30:00Z,RO,85.50,15
2025-10-11T01:30:00Z,SE1,0.01,15
2025-10-11T01:30:00Z,SE2,-0.20,15
2025-10-11T01:30:00Z,SE3,-0.02,15
2025-10-11T01:30:00Z,SE4,1.36,15
2025-10-11T01:30:00Z,SI,86.35,15
2025-10-11T01:30:00Z,SK,84.93,15
2025-10-11T01:45:00Z,AT,83.71,15
2025-10-11T01:45:00Z,BE,78.36,15
2025-10-11T01:45:00Z,CZ,82.78,15
2025-10-11T01:45:00Z,DE-LU,82.31,15
2025-10-11T01:45:00Z,DK1,54.55,15
2025-10-11T01:45:00Z,DK2,51.99,15
2025-10-11T01:45:00Z,ES,86.37,15
2025-10-11T01:45:00Z,FR,69.79,15
2025-10-11T01:45:00Z,GR,83.51,15
2025-10-11T01:45:00Z,HR,83.91,15
2025-10-11T01:45:00Z,HU,83.40,15
2025-10-11T01:45:00Z,IT-CNorth,102.47,15
2025-10-11T01:45:00Z,IT-CSouth,102.47,15
2025-10-11T01:45:00Z,IT-North,102.47,15
2025-10-11T01:45:00Z,IT-Sardinia,102.47,15
2025-10-11T01:45:00Z,IT-South,102.47,15
2025-10-11T01:45:00Z,LT,20.63,15
2025-10-11T01:45:00Z,LV,20.63,15
2025-10-11T01:45:00Z,NL,80.00,15
2025-10-11T01:45:00Z,NO1,6.59,15
2025-10-11T01:45:00Z,NO2,56.27,15
2025-10-11T01:45:00Z,NO3,4.15,15
2025-10-11T01:45:00Z,NO4,1.10,15
2025-10-11T01:45:00Z,NO5,15.63,15
2025-10-11T01:45:00Z,PL,82.70,15
2025-10-11T01:45:00Z,PT,101.37,15
2025-10-11T01:45:00Z,RO,83.51,15
2025-10-11T01:45:00Z,SE1,0.00,15
2025-10-11T01:45:00Z,SE3,-0.01,15
2025-10-11T01:45:00Z,SE4,1.26,15
2025-10-11T01:45:00Z,SI,84.06,15
2025-10-11T01:45:00Z,SK,83.15,15
2025-10-11T02:00:00Z,AT,84.71,15
2025-10-11T02:00:00Z,BE,78.98,15
2025-10-11T02:00:00Z,CH,95.01,60
2025-10-11T02:00:00Z,CZ,83.50,15
2025-10-11T02:00:00Z,DE-LU,82.86,15
2025-10-11T02:00:00Z,DK1,58.99,15
2025-10-11T02:00:00Z,DK2,58.65,15
2025-10-11T02:00:00Z,EE,-0.17,15
2025-10-11T02:00:00Z,ES,85.77,15
2025-10-11T02:00:00Z,FI,-0.17,15
2025-10-11T02:00:00Z,FR,68.87,15
2025-10-11T02:00:00Z,GR,84.41,15
2025-10-11T02:00:00Z,HR,84.91,15
2025-10-11T02:00:00Z,HU,84.27,15
2025-10-11T02:00:00Z,IT-CNorth,101.43,15
2025-10-11T02:00:00Z,IT-CSouth,101.43,15
2025-10-11T02:00:00Z,IT-North,101.43,15
2025-10-11T02:00:00Z,IT-Sardinia,101.43,15
2025-10-11T02:00:00Z,IT-South,101.43,15
2025-10-11T02:00:00Z,LT,20.64,15
2025-10-11T02:00:00Z,LV,20.64,15
2025-10-11T02:00:00Z,NL,81.83,15
2025-10-11T02:00:00Z,NO1,4.22,15
2025-10-11T02:00:00Z,NO2,56.90,15
2025-10-11T02:00:00Z,NO3,4.25,15
2025-10-11T02:00:00Z,NO4,1.07,15
2025-10-11T02:00:00Z,NO5,13.91,15
2025-10-11T02:00:00Z,PL,83.36,15
2025-10-11T02:00:00Z,PT,100.00,15
2025-10-11T02:00:00Z,RO,84.41,15
2025-10-11T02:00:00Z,RS,89.09,15
2025-10-11T02:00:00Z,SE1,0.21,15
2025-10-11T02:00:00Z,SE2,0.03,15
2025-10-11T02:00:00Z,SE3,-0.49,15
2025-10-11T02:00:00Z,SE4,0.79,15
2025-10-11T02:00:00Z,SI,85.10,15
2025-10-11T02:00:00Z,SK,83.95,15
2025-10-11T02:15:00Z,AT,84.07,15
2025-10-11T02:15:00Z,BE,78.87,15
2025-10-11T02:15:00Z,CZ,83.12,15
2025-10-11T02:15:00Z,DE-LU,82.63,15
2025-10-11T02:15:00Z,DK1,55.80,15
2025-10-11T02:15:00Z,DK2,55.49,15
2025-10-11T02:15:00Z,EE,-0.14,15
2025-10-11T02:15:00Z,ES,78.43,15
2025-10-11T02:15:00Z,FI,-0.14,15
2025-10-11T02:15:00Z,FR,70.45,15
2025-10-11T02:15:00Z,GR,83.87,15
2025-10-11T02:15:00Z,HR,84.26,15
2025-10-11T02:15:00Z,HU,83.75,15
2025-10-11T02:15:00Z,IT-CNorth,101.51,15
2025-10-11T02:15:00Z,IT-CSouth,101.51,15
2025-10-11T02:15:00Z,IT-North,101.51,15
2025-10-11T02:15:00Z,IT-Sardinia,101.51,15
2025-10-11T02:15:00Z,IT-South,101.51,15
2025-10-11T02:15:00Z,NL,80.68,15
2025-10-11T02:15:00Z,NO1,4.35,15
2025-10-11T02:15:00Z,NO2,56.72,15
2025-10-11T02:15:00Z,NO3,4.29,15
2025-10-11T02:15:00Z,NO4,1.08,15
2025-10-11T02:15:00Z,NO5,13.97,15
2025-10-11T02:15:00Z,PL,83.03,15
2025-10-11T02:15:00Z,RO,83.87,15
2025-10-11T02:15:00Z,SE2,0.04,15
2025-10-11T02:15:00Z,SE3,-0.41,15
2025-10-11T02:15:00Z,SE4,0.80,15
2025-10-11T02:15:00Z,SI,84.42,15
2025-10-11T02:15:00Z,SK,83.49,15
2025-10-11T02:30:00Z,AT,83.13,15
2025-10-11T02:30:00Z,BE,79.00,15
2025-10-11T02:30:00Z,CZ,81.65,15
2025-10-11T02:30:00Z,DE-LU,80.79,15
2025-10-11T02:30:00Z,DK1,55.00,15
2025-10-11T02:30:00Z,DK2,52.61,15
2025-10-11T02:30:00Z,EE,-0.12,15
2025-10-11T02:30:00Z,ES,85.77,15
2025-10-11T02:30:00Z,FI,-0.12,15
2025-10-11T02:30:00Z,FR,68.52,15
2025-10-11T02:30:00Z,GR,82.67,15
2025-10-11T02:30:00Z,HR,83.23,15
2025-10-11T02:30:00Z,HU,82.51,15
2025-10-11T02:30:00Z,IT-CNorth,104.16,15
2025-10-11T02:30:00Z,IT-CSouth,104.16,15
2025-10-11T02:30:00Z,IT-North,104.16,15
2025-10-11T02:30:00Z,IT-Sardinia,104.16,15
2025-10-11T02:30:00Z,IT-South,104.16,15
2025-10-11T02:30:00Z,NL,84.30,15
2025-10-11T02:30:00Z,NO1,4.43,15
2025-10-11T02:30:00Z,NO2,56.24,15
2025-10-11T02:30:00Z,NO3,4.30,15
2025-10-11T02:30:00Z,NO4,1.06,15
2025-10-11T02:30:00Z,NO5,13.94,15
2025-10-11T02:30:00Z,PL,81.41,15
2025-10-11T02:30:00Z,RO,82.67,15
2025-10-11T02:30:00Z,SE1,0.19,15
2025-10-11T02:30:00Z,SE2,0.02,15
2025-10-11T02:30:00Z,SE3,-0.36,15
2025-10-11T02:30:00Z,SI,83.45,15
2025-10-11T02:30:00Z,SK,82.14,15
2025-10-11T02:45:00Z,AT,92.53,15
2025-10-11T02:45:00Z,BE,78.82,15
2025-10-11T02:45:00Z,CZ,82.71,15
2025-10-11T02:45:00Z,DE-LU,81.83,15
2025-10-11T02:45:00Z,DK1,53.99,15
2025-10-11T02:45:00Z,DK2,47.55,15
2025-10-11T02:45:00Z,ES,101.37,15
2025-10-11T02:45:00Z,FR,67.00,15
2025-10-11T02:45:00Z,GR,83.83,15
2025-10-11T02:45:00Z,HR,84.44,15
2025-10-11T02:45:00Z,HU,83.66,15
2025-10-11T02:45:00Z,NL,83.74,15
2025-10-11T02:45:00Z,NO1,4.50,15
2025-10-11T02:45:00Z,NO2,55.88,15
2025-10-11T02:45:00Z,NO4,1.05,15
2025-10-11T02:45:00Z,NO5,13.92,15
2025-10-11T02:45:00Z,PL,82.49,15
2025-10-11T02:45:00Z,PT,101.37,15
2025-10-11T02:45:00Z,RO,83.83,15
2025-10-11T02:45:00Z,SE1,0.18,15
2025-10-11T02:45:00Z,SE2,0.01,15
2025-10-11T02:45:00Z,SE3,-0.32,15
2025-10-11T02:45:00Z,SE4,0.73,15
2025-10-11T02:45:00Z,SI,84.68,15
2025-10-11T02:45:00Z,SK,83.26,15
2025-10-11T03:00:00Z,AT,86.20,15
2025-10-11T03:00:00Z,BE,80.51,15
2025-10-11T03:00:00Z,CH,96.04,60
2025-10-11T03:00:00Z,CZ,82.41,15
2025-10-11T03:00:00Z,DE-LU,82.21,15
2025-10-11T03:00:00Z,DK1,56.06,15
2025-10-11T03:00:00Z,DK2,55.74,15
2025-10-11T03:00:00Z,EE,-0.10,15
2025-10-11T03:00:00Z,ES,80.00,15
2025-10-11T03:00:00Z,FI,-0.10,15
2025-10-11T03:00:00Z,FR,76.77,15
2025-10-11T03:00:00Z,GR,82.73,15
2025-10-11T03:00:00Z,HR,82.90,15
2025-10-11T03:00:00Z,HU,82.68,15
2025-10-11T03:00:00Z,IT-CNorth,101.51,15
2025-10-11T03:00:00Z,IT-CSouth,101.51,15
2025-10-11T03:00:00Z,IT-North,101.51,15
2025-10-11T03:00:00Z,IT-Sardinia,101.51,15
2025-10-11T03:00:00Z,IT-South,101.51,15
2025-10-11T03:00:00Z,LT,20.70,15
2025-10-11T03:00:00Z,LV,20.70,15
2025-10-11T03:00:00Z,NL,81.21,15
2025-10-11T03:00:00Z,NO1,4.40,15
2025-10-11T03:00:00Z,NO2,56.98,15
2025-10-11T03:00:00Z,NO4,1.13,15
2025-10-11T03:00:00Z,NO5,14.00,15
2025-10-11T03:00:00Z,PL,82.38,15
2025-10-11T03:00:00Z,RO,82.73,15
2025-10-11T03:00:00Z,RS,97.01,15
2025-10-11T03:00:00Z,SE1,0.27,15
2025-10-11T03:00:00Z,SE2,0.10,15
2025-10-11T03:00:00Z,SE3,-0.40,15
2025-10-11T03:00:00Z,SE4,0.79,15
2025-10-11T03:00:00Z,SI,82.96,15
2025-10-11T03:00:00Z,SK,82.57,15
2025-10-11T03:15:00Z,AT,87.21,15
2025-10-11T03:15:00Z,BE,81.22,15
2025-10-11T03:15:00Z,CZ,84.95,15
2025-10-11T03:15:00Z,DE-LU,84.55,15
2025-10-11T03:15:00Z,DK1,56.49,15
2025-10-11T03:15:00Z,DK2,56.04,15
2025-10-11T03:15:00Z,EE,-0.02,15
2025-10-11T03:15:00Z,FI,-0.02,15
2025-10-11T03:15:00Z,FR,73.89,15
2025-10-11T03:15:00Z,GR,85.57,15
2025-10-11T03:15:00Z,HR,85.90,15
2025-10-11T03:15:00Z,HU,85.47,15
2025-10-11T03:15:00Z,IT-CNorth,96.51,15
2025-10-11T03:15:00Z,IT-CSouth,96.51,15
2025-10-11T03:15:00Z,IT-North,96.51,15
2025-10-11T03:15:00Z,IT-Sardinia,96.51,15
2025-10-11T03:15:00Z,IT-South,96.51,15
2025-10-11T03:15:00Z,LT,44.33,15
2025-10-11T03:15:00Z,LV,44.33,15
2025-10-11T03:15:00Z,NL,82.60,15
2025-10-11T03:15:00Z,NO1,5.14,15
2025-10-11T03:15:00Z,NO2,57.43,15
2025-10-11T03:15:00Z,NO3,4.56,15
2025-10-11T03:15:00Z,NO4,1.11,15
2025-10-11T03:15:00Z,NO5,14.62,15
2025-10-11T03:15:00Z,PL,84.88,15
2025-10-11T03:15:00Z,RO,85.57,15
2025-10-11T03:15:00Z,SE1,0.18,15
2025-10-11T03:15:00Z,SE2,0.00,15
2025-10-11T03:15:00Z,SE3,-0.10,15
2025-10-11T03:15:00Z,SE4,1.18,15
2025-10-11T03:15:00Z,SI,86.03,15
2025-10-11T03:15:00Z,SK,85.25,15
2025-10-11T03:30:00Z,AT,97.15,15
2025-10-11T03:30:00Z,BE,83.51,15
2025-10-11T03:30:00Z,CZ,85.32,15
2025-10-11T03:30:00Z,DE-LU,85.13,15
2025-10-11T03:30:00Z,DK1,56.97,15
2025-10-11T03:30:00Z,DK2,56.64,15
2025-10-11T03:30:00Z,EE,-0.01,15
2025-10-11T03:30:00Z,ES,89.00,15
2025-10-11T03:30:00Z,FI,-0.01,15
2025-10-11T03:30:00Z,FR,79.95,15
2025-10-11T03:30:00Z,GR,85.62,15
2025-10-11T03:30:00Z,HR,85.78,15
2025-10-11T03:30:00Z,HU,85.57,15
2025-10-11T03:30:00Z,IT-CNorth,104.22,15
2025-10-11T03:30:00Z,IT-CSouth,104.22,15
2025-10-11T03:30:00Z,IT-North,104.22,15
2025-10-11T03:30:00Z,IT-Sardinia,104.22,15
2025-10-11T03:30:00Z,IT-South,104.22,15
2025-10-11T03:30:00Z,LT,85.29,15
2025-10-11T03:30:00Z,LV,85.29,15
2025-10-11T03:30:00Z,NL,84.18,15
2025-10-11T03:30:00Z,NO1,5.25,15
2025-10-11T03:30:00Z,NO2,57.91,15
2025-10-11T03:30:00Z,NO3,4.63,15
2025-10-11T03:30:00Z,NO4,1.12,15
2025-10-11T03:30:00Z,NO5,14.80,15
2025-10-11T03:30:00Z,PL,85.29,15
2025-10-11T03:30:00Z,PT,101.80,15
2025-10-11T03:30:00Z,RO,85.62,15
2025-10-11T03:30:00Z,SE3,-0.07,15
2025-10-11T03:30:00Z,SE4,1.24,15
2025-10-11T03:30:00Z,SI,85.85,15
2025-10-11T03:30:00Z,SK,85.47,15
2025-10-11T03:45:00Z,AT,95.48,15
2025-10-11T03:45:00Z,BE,83.99,15
2025-10-11T03:45:00Z,CZ,87.51,15
2025-10-11T03:45:00Z,DE-LU,87.13,15
2025-10-11T03:45:00Z,DK1,60.45,15
2025-10-11T03:45:00Z,DK2,60.11,15
2025-10-11T03:45:00Z,EE,4.60,15
2025-10-11T03:45:00Z,ES,90.29,15
2025-10-11T03:45:00Z,FI,0.00,15
2025-10-11T03:45:00Z,FR,77.07,15
2025-10-11T03:45:00Z,GR,88.09,15
2025-10-11T03:45:00Z,HR,88.40,15
2025-10-11T03:45:00Z,HU,88.00,15
2025-10-11T03:45:00Z,IT-CNorth,113.72,15
2025-10-11T03:45:00Z,IT-CSouth,113.72,15
2025-10-11T03:45:00Z,IT-North,113.72,15
2025-10-11T03:45:00Z,IT-Sardinia,113.72,15
2025-10-11T03:45:00Z,IT-Sicily,113.72,15
2025-10-11T03:45:00Z,IT-South,113.72,15
2025-10-11T03:45:00Z,LT,87.44,15
2025-10-11T03:45:00Z,LV,87.44,15
2025-10-11T03:45:00Z,NL,85.29,15
2025-10-11T03:45:00Z,NO1,5.45,15
2025-10-11T03:45:00Z,NO2,57.94,15
2025-10-11T03:45:00Z,NO3,4.67,15
2025-10-11T03:45:00Z,NO4,1.08,15
2025-10-11T03:45:00Z,NO5,14.95,15
2025-10-11T03:45:00Z,PL,87.44,15
2025-10-11T03:45:00Z,PT,103.00,15
2025-10-11T03:45:00Z,RO,88.09,15
2025-10-11T03:45:00Z,SE1,0.12,15
2025-10-11T03:45:00Z,SE2,-0.06,15
2025-10-11T03:45:00Z,SE3,0.00,15
2025-10-11T03:45:00Z,SE4,1.41,15
2025-10-11T03:45:00Z,SI,88.52,15
2025-10-11T03:45:00Z,SK,87.79,15
2025-10-11T04:00:00Z,AT,86.20,15
2025-10-11T04:00:00Z,BE,87.87,15
2025-10-11T04:00:00Z,CH,94.91,60
2025-10-11T04:00:00Z,CZ,87.87,15
2025-10-11T04:00:00Z,DE-LU,87.87,15
2025-10-11T04:00:00Z,DK1,65.41,15
2025-10-11T04:00:00Z,DK2,63.73,15
2025-10-11T04:00:00Z,EE,-0.01,15
2025-10-11T04:00:00Z,ES,85.54,15
2025-10-11T04:00:00Z,FI,-0.01,15
2025-10-11T04:00:00Z,FR,87.87,15
2025-10-11T04:00:00Z,GR,87.87,15
2025-10-11T04:00:00Z,HR,87.87,15
2025-10-11T04:00:00Z,HU,87.87,15
2025-10-11T04:00:00Z,IT-CNorth,96.51,15
2025-10-11T04:00:00Z,IT-CSouth,96.51,15
2025-10-11T04:00:00Z,IT-North,96.51,15
2025-10-11T04:00:00Z,IT-Sardinia,96.51,15
2025-10-11T04:00:00Z,IT-Sicily,107.91,15
2025-10-11T04:00:00Z,IT-South,96.51,15
2025-10-11T04:00:00Z,LT,20.64,15
2025-10-11T04:00:00Z,LV,20.64,15
2025-10-11T04:00:00Z,NL,87.87,15
2025-10-11T04:00:00Z,NO1,6.25,15
2025-10-11T04:00:00Z,NO2,62.57,15
2025-10-11T04:00:00Z,NO3,5.13,15
2025-10-11T04:00:00Z,NO4,1.11,15
2025-10-11T04:00:00Z,NO5,16.61,15
2025-10-11T04:00:00Z,PL,87.87,15
2025-10-11T04:00:00Z,PT,100.00,15
2025-10-11T04:00:00Z,RO,87.87,15
2025-10-11T04:00:00Z,RS,110.00,15
2025-10-11T04:00:00Z,SE1,0.03,15
2025-10-11T04:00:00Z,SE2,-0.16,15
2025-10-11T04:00:00Z,SE3,0.13,15
2025-10-11T04:00:00Z,SE4,1.70,15
2025-10-11T04:00:00Z,SI,87.87,15
2025-10-11T04:00:00Z,SK,87.87,15
2025-10-11T04:15:00Z,AT,89.27,15
2025-10-11T04:15:00Z,BE,88.97,15
2025-10-11T04:15:00Z,CZ,88.97,15
2025-10-11T04:15:00Z,DE-LU,88.97,15
2025-10-11T04:15:00Z,DK1,65.94,15
2025-10-11T04:15:00Z,DK2,65.57,15
2025-10-11T04:15:00Z,EE,0.01,15
2025-10-11T04:15:00Z,ES,88.32,15
2025-10-11T04:15:00Z,FI,0.00,15
2025-10-11T04:15:00Z,FR,88.97,15
2025-10-11T04:15:00Z,GR,88.97,15
2025-10-11T04:15:00Z,HR,88.97,15
2025-10-11T04:15:00Z,HU,88.97,15
2025-10-11T04:15:00Z,IT-CNorth,109.58,15
2025-10-11T04:15:00Z,IT-CSouth,109.58,15
2025-10-11T04:15:00Z,IT-North,109.58,15
2025-10-11T04:15:00Z,IT-Sardinia,109.58,15
2025-10-11T04:15:00Z,IT-Sicily,124.03,15
2025-10-11T04:15:00Z,IT-South,109.58,15
2025-10-11T04:15:00Z,LT,20.69,15
2025-10-11T04:15:00Z,LV,20.69,15
2025-10-11T04:15:00Z,NL,88.97,15
2025-10-11T04:15:00Z,NO1,6.29,15
2025-10-11T04:15:00Z,NO2,63.08,15
2025-10-11T04:15:00Z,NO3,5.17,15
2025-10-11T04:15:00Z,NO4,1.12,15
2025-10-11T04:15:00Z,NO5,16.74,15
2025-10-11T04:15:00Z,PL,88.97,15
2025-10-11T04:15:00Z,PT,101.37,15
2025-10-11T04:15:00Z,RO,88.97,15
2025-10-11T04:15:00Z,SE4,1.74,15
2025-10-11T04:15:00Z,SI,88.97,15
2025-10-11T04:15:00Z,SK,88.97,15
2025-10-11T04:30:00Z,AT,90.01,15
2025-10-11T04:30:00Z,BE,91.20,15
2025-10-11T04:30:00Z,CZ,91.20,15
2025-10-11T04:30:00Z,DE-LU,91.20,15
2025-10-11T04:30:00Z,DK1,66.46,15
2025-10-11T04:30:00Z,DK2,66.09,15
2025-10-11T04:30:00Z,EE,0.08,15
2025-10-11T04:30:00Z,ES,90.44,15
2025-10-11T04:30:00Z,FR,91.20,15
2025-10-11T04:30:00Z,GR,91.20,15
2025-10-11T04:30:00Z,HR,91.20,15
2025-10-11T04:30:00Z,HU,91.20,15
2025-10-11T04:30:00Z,IT-CNorth,120.00,15
2025-10-11T04:30:00Z,IT-CSouth,120.00,15
2025-10-11T04:30:00Z,IT-North,120.00,15
2025-10-11T04:30:00Z,IT-Sardinia,120.00,15
2025-10-11T04:30:00Z,IT-South,120.00,15
2025-10-11T04:30:00Z,LT,36.53,15
2025-10-11T04:30:00Z,LV,36.53,15
2025-10-11T04:30:00Z,NL,91.20,15
2025-10-11T04:30:00Z,NO1,7.96,15
2025-10-11T04:30:00Z,NO2,63.59,15
2025-10-11T04:30:00Z,NO3,5.85,15
2025-10-11T04:30:00Z,NO4,1.23,15
2025-10-11T04:30:00Z,NO5,18.08,15
2025-10-11T04:30:00Z,PL,91.20,15
2025-10-11T04:30:00Z,PT,103.00,15
2025-10-11T04:30:00Z,RO,91.20,15
2025-10-11T04:30:00Z,SE1,0.02,15
2025-10-11T04:30:00Z,SE2,-0.19,15
2025-10-11T04:30:00Z,SE3,0.93,15
2025-10-11T04:30:00Z,SE4,2.73,15
2025-10-11T04:30:00Z,SI,91.20,15
2025-10-11T04:30:00Z,SK,91.20,15
2025-10-11T04:45:00Z,AT,102.11,15
2025-10-11T04:45:00Z,BE,93.02,15
2025-10-11T04:45:00Z,CZ,93.02,15
2025-10-11T04:45:00Z,DE-LU,93.02,15
2025-10-11T04:45:00Z,DK1,65.39,15
2025-10-11T04:45:00Z,DK2,65.04,15
2025-10-11T04:45:00Z,EE,0.18,15
2025-10-11T04:45:00Z,ES,92.05,15
2025-10-11T04:45:00Z,FR,93.02,15
2025-10-11T04:45:00Z,GR,93.02,15
2025-10-11T04:45:00Z,HR,93.02,15
2025-10-11T04:45:00Z,HU,93.02,15
2025-10-11T04:45:00Z,IT-CNorth,127.50,15
2025-10-11T04:45:00Z,IT-CSouth,127.50,15
2025-10-11T04:45:00Z,IT-North,127.50,15
2025-10-11T04:45:00Z,IT-Sardinia,127.50,15
2025-10-11T04:45:00Z,IT-Sicily,127.50,15
2025-10-11T04:45:00Z,IT-South,127.50,15
2025-10-11T04:45:00Z,LT,93.02,15
2025-10-11T04:45:00Z,LV,93.02,15
2025-10-11T04:45:00Z,NL,93.02,15
2025-10-11T04:45:00Z,NO1,9.33,15
2025-10-11T04:45:00Z,NO2,63.99,15
2025-10-11T04:45:00Z,NO3,6.39,15
2025-10-11T04:45:00Z,NO4,1.31,15
2025-10-11T04:45:00Z,NO5,19.18,15
2025-10-11T04:45:00Z,PL,93.02,15
2025-10-11T04:45:00Z,PT,105.04,15
2025-10-11T04:45:00Z,RO,93.02,15
2025-10-11T04:45:00Z,SE1,0.00,15
2025-10-11T04:45:00Z,SE2,-0.22,15
2025-10-11T04:45:00Z,SE3,1.57,15
2025-10-11T04:45:00Z,SE4,3.49,15
2025-10-11T04:45:00Z,SI,93.02,15
2025-10-11T04:45:00Z,SK,93.02,15
2025-10-11T05:00:00Z,AT,97.73,15
2025-10-11T05:00:00Z,BE,96.71,15
2025-10-11T05:00:00Z,CH,99.17,60
2025-10-11T05:00:00Z,CZ,96.71,15
2025-10-11T05:00:00Z,DE-LU,96.71,15
2025-10-11T05:00:00Z,DK1,70.37,15
2025-10-11T05:00:00Z,DK2,69.83,15
2025-10-11T05:00:00Z,EE,20.76,15
2025-10-11T05:00:00Z,ES,92.26,15
2025-10-11T05:00:00Z,FR,96.71,15
2025-10-11T05:00:00Z,GR,96.71,15
2025-10-11T05:00:00Z,HR,96.71,15
2025-10-11T05:00:00Z,HU,96.71,15
2025-10-11T05:00:00Z,IT-CNorth,116.08,15
2025-10-11T05:00:00Z,IT-CSouth,116.08,15
2025-10-11T05:00:00Z,IT-North,116.08,15
2025-10-11T05:00:00Z,IT-Sardinia,116.08,15
2025-10-11T05:00:00Z,IT-Sicily,117.00,15
2025-10-11T05:00:00Z,IT-South,116.08,15
2025-10-11T05:00:00Z,LT,96.71,15
2025-10-11T05:00:00Z,LV,96.71,15
2025-10-11T05:00:00Z,NL,96.71,15
2025-10-11T05:00:00Z,NO1,9.91,15
2025-10-11T05:00:00Z,NO2,65.87,15
2025-10-11T05:00:00Z,NO3,6.61,15
2025-10-11T05:00:00Z,NO4,1.14,15
2025-10-11T05:00:00Z,NO5,19.35,15
2025-10-11T05:00:00Z,PL,96.71,15
2025-10-11T05:00:00Z,PT,100.28,15
2025-10-11T05:00:00Z,RO,96.71,15
2025-10-11T05:00:00Z,RS,126.13,15
2025-10-11T05:00:00Z,SE1,-0.21,15
2025-10-11T05:00:00Z,SE2,-0.46,15
2025-10-11T05:00:00Z,SE3,1.65,15
2025-10-11T05:00:00Z,SE4,3.74,15
2025-10-11T05:00:00Z,SI,96.71,15
2025-10-11T05:00:00Z,SK,96.71,15
2025-10-11T05:15:00Z,AT,99.34,15
2025-10-11T05:15:00Z,BE,95.06,15
2025-10-11T05:15:00Z,CZ,95.06,15
2025-10-11T05:15:00Z,DE-LU,95.06,15
2025-10-11T05:15:00Z,DK1,69.53,15
2025-10-11T05:15:00Z,DK2,69.01,15
2025-10-11T05:15:00Z,ES,89.00,15
2025-10-11T05:15:00Z,FR,95.06,15
2025-10-11T05:15:00Z,GR,95.06,15
2025-10-11T05:15:00Z,HR,95.06,15
2025-10-11T05:15:00Z,HU,95.06,15
2025-10-11T05:15:00Z,IT-CNorth,121.00,15
2025-10-11T05:15:00Z,IT-CSouth,121.00,15
2025-10-11T05:15:00Z,IT-North,121.00,15
2025-10-11T05:15:00Z,IT-Sardinia,121.00,15
2025-10-11T05:15:00Z,IT-Sicily,124.03,15
2025-10-11T05:15:00Z,IT-South,121.00,15
2025-10-11T05:15:00Z,LT,95.06,15
2025-10-11T05:15:00Z,LV,95.06,15
2025-10-11T05:15:00Z,NL,95.06,15
2025-10-11T05:15:00Z,NO1,13.51,15
2025-10-11T05:15:00Z,NO2,66.51,15
2025-10-11T05:15:00Z,NO3,7.74,15
2025-10-11T05:15:00Z,NO4,1.27,15
2025-10-11T05:15:00Z,NO5,22.26,15
2025-10-11T05:15:00Z,PL,95.06,15
2025-10-11T05:15:00Z,PT,101.00,15
2025-10-11T05:15:00Z,RO,95.06,15
2025-10-11T05:15:00Z,SE1,-0.27,15
2025-10-11T05:15:00Z,SE2,-0.53,15
2025-10-11T05:15:00Z,SE3,3.34,15
2025-10-11T05:15:00Z,SE4,5.79,15
2025-10-11T05:15:00Z,SI,95.06,15
2025-10-11T05:15:00Z,SK,95.06,15
2025-10-11T05:30:00Z,AT,111.20,15
2025-10-11T05:30:00Z,BE,97.62,15
2025-10-11T05:30:00Z,CZ,97.62,15
2025-10-11T05:30:00Z,DE-LU,97.62,15
2025-10-11T05:30:00Z,DK1,69.75,15
2025-10-11T05:30:00Z,DK2,69.27,15
2025-10-11T05:30:00Z,EE,20.74,15
2025-10-11T05:30:00Z,ES,93.26,15
2025-10-11T05:30:00Z,FR,97.62,15
2025-10-11T05:30:00Z,GR,97.62,15
2025-10-11T05:30:00Z,HR,97.62,15
2025-10-11T05:30:00Z,HU,97.62,15
2025-10-11T05:30:00Z,IT-CNorth,123.39,15
2025-10-11T05:30:00Z,IT-CSouth,123.39,15
2025-10-11T05:30:00Z,IT-North,123.39,15
2025-10-11T05:30:00Z,IT-Sardinia,123.39,15
2025-10-11T05:30:00Z,IT-South,123.39,15
2025-10-11T05:30:00Z,LT,97.62,15
2025-10-11T05:30:00Z,LV,97.62,15
2025-10-11T05:30:00Z,NL,97.62,15
2025-10-11T05:30:00Z,NO1,23.57,15
2025-10-11T05:30:00Z,NO2,66.87,15
2025-10-11T05:30:00Z,NO3,9.39,15
2025-10-11T05:30:00Z,NO4,1.44,15
2025-10-11T05:30:00Z,NO5,30.57,15
2025-10-11T05:30:00Z,PL,97.62,15
2025-10-11T05:30:00Z,PT,101.37,15
2025-10-11T05:30:00Z,RO,97.62,15
2025-10-11T05:30:00Z,SE1,-0.16,15
2025-10-11T05:30:00Z,SE2,-0.38,15
2025-10-11T05:30:00Z,SE3,8.14,15
2025-10-11T05:30:00Z,SE4,11.58,15
2025-10-11T05:30:00Z,SI,97.62,15
2025-10-11T05:30:00Z,SK,97.62,15
2025-10-11T05:45:00Z,AT,97.73,15
2025-10-11T05:45:00Z,DE-LU,124.92,15
2025-10-11T05:45:00Z,DK1,70.34,15
2025-10-11T05:45:00Z,DK2,69.91,15
2025-10-11T05:45:00Z,EE,20.76,15
2025-10-11T05:45:00Z,ES,94.62,15
2025-10-11T05:45:00Z,FI,0.01,15
2025-10-11T05:45:00Z,IT-CNorth,121.00,15
2025-10-11T05:45:00Z,IT-CSouth,121.00,15
2025-10-11T05:45:00Z,IT-North,121.00,15
2025-10-11T05:45:00Z,IT-Sardinia,121.00,15
2025-10-11T05:45:00Z,IT-South,121.00,15
2025-10-11T05:45:00Z,NO1,35.64,15
2025-10-11T05:45:00Z,NO2,67.58,15
2025-10-11T05:45:00Z,NO3,12.39,15
2025-10-11T05:45:00Z,NO4,1.67,15
2025-10-11T05:45:00Z,NO5,39.18,15
2025-10-11T05:45:00Z,PT,103.00,15
2025-10-11T05:45:00Z,SE1,-0.24,15
2025-10-11T05:45:00Z,SE2,-0.46,15
2025-10-11T05:45:00Z,SE3,13.67,15
2025-10-11T05:45:00Z,SE4,18.32,15
2025-10-11T06:00:00Z,AT,114.84,15
2025-10-11T06:00:00Z,BE,103.96,15
2025-10-11T06:00:00Z,CH,106.95,60
2025-10-11T06:00:00Z,CZ,103.96,15
2025-10-11T06:00:00Z,DE-LU,103.96,15
2025-10-11T06:00:00Z,DK1,70.98,15
2025-10-11T06:00:00Z,DK2,70.56,15
2025-10-11T06:00:00Z,ES,97.77,15
2025-10-11T06:00:00Z,FI,0.32,15
2025-10-11T06:00:00Z,FR,103.96,15
2025-10-11T06:00:00Z,GR,93.39,15
2025-10-11T06:00:00Z,HR,103.96,15
2025-10-11T06:00:00Z,HU,103.96,15
2025-10-11T06:00:00Z,IT-CNorth,128.51,15
2025-10-11T06:00:00Z,IT-CSouth,128.51,15
2025-10-11T06:00:00Z,IT-North,128.51,15
2025-10-11T06:00:00Z,IT-Sardinia,128.51,15
2025-10-11T06:00:00Z,IT-Sicily,128.51,15
2025-10-11T06:00:00Z,IT-South,128.51,15
2025-10-11T06:00:00Z,LT,103.96,15
2025-10-11T06:00:00Z,LV,103.96,15
2025-10-11T06:00:00Z,NL,103.96,15
2025-10-11T06:00:00Z,NO1,40.31,15
2025-10-11T06:00:00Z,NO2,68.29,15
2025-10-11T06:00:00Z,NO3,9.83,15
2025-10-11T06:00:00Z,NO4,0.94,15
2025-10-11T06:00:00Z,NO5,42.74,15
2025-10-11T06:00:00Z,PL,103.96,15
2025-10-11T06:00:00Z,PT,103.96,15
2025-10-11T06:00:00Z,RO,103.96,15
2025-10-11T06:00:00Z,RS,118.46,15
2025-10-11T06:00:00Z,SE1,0.02,15
2025-10-11T06:00:00Z,SE2,0.01,15
2025-10-11T06:00:00Z,SE3,15.41,15
2025-10-11T06:00:00Z,SE4,20.35,15
2025-10-11T06:00:00Z,SI,103.96,15
2025-10-11T06:00:00Z,SK,103.96,15
2025-10-11T06:15:00Z,AT,105.09,15
2025-10-11T06:15:00Z,BE,103.26,15
2025-10-11T06:15:00Z,CZ,103.24,15
2025-10-11T06:15:00Z,DE-LU,103.22,15
2025-10-11T06:15:00Z,DK1,77.17,15
2025-10-11T06:15:00Z,DK2,76.71,15
2025-10-11T06:15:00Z,EE,15.31,15
2025-10-11T06:15:00Z,ES,96.59,15
2025-10-11T06:15:00Z,FI,0.34,15
2025-10-11T06:15:00Z,FR,103.00,15
2025-10-11T06:15:00Z,GR,86.57,15
2025-10-11T06:15:00Z,HR,103.28,15
2025-10-11T06:15:00Z,HU,103.26,15
2025-10-11T06:15:00Z,IT-CNorth,127.50,15
2025-10-11T06:15:00Z,IT-CSouth,127.50,15
2025-10-11T06:15:00Z,IT-North,127.50,15
2025-10-11T06:15:00Z,IT-Sardinia,127.50,15
2025-10-11T06:15:00Z,IT-Sicily,127.50,15
2025-10-11T06:15:00Z,IT-South,127.50,15
2025-10-11T06:15:00Z,LT,103.23,15
2025-10-11T06:15:00Z,LV,103.23,15
2025-10-11T06:15:00Z,NL,103.47,15
2025-10-11T06:15:00Z,NO1,40.97,15
2025-10-11T06:15:00Z,NO2,68.30,15
2025-10-11T06:15:00Z,NO3,10.25,15
2025-10-11T06:15:00Z,NO4,0.97,15
2025-10-11T06:15:00Z,NO5,43.91,15
2025-10-11T06:15:00Z,PL,103.23,15
2025-10-11T06:15:00Z,PT,103.00,15
2025-10-11T06:15:00Z,RO,103.26,15
2025-10-11T06:15:00Z,SE1,0.01,15
2025-10-11T06:15:00Z,SE3,16.38,15
2025-10-11T06:15:00Z,SE4,21.66,15
2025-10-11T06:15:00Z,SI,103.28,15
2025-10-11T06:15:00Z,SK,103.25,15
2025-10-11T06:30:00Z,AT,97.59,15
2025-10-11T06:30:00Z,BE,101.37,15
2025-10-11T06:30:00Z,CZ,101.37,15
2025-10-11T06:30:00Z,DE-LU,101.37,15
2025-10-11T06:30:00Z,DK1,72.94,15
2025-10-11T06:30:00Z,DK2,72.53,15
2025-10-11T06:30:00Z,EE,4.61,15
2025-10-11T06:30:00Z,ES,95.06,15
2025-10-11T06:30:00Z,FI,0.36,15
2025-10-11T06:30:00Z,FR,101.37,15
2025-10-11T06:30:00Z,GR,82.26,15
2025-10-11T06:30:00Z,HR,101.37,15
2025-10-11T06:30:00Z,HU,101.37,15
2025-10-11T06:30:00Z,IT-CNorth,115.00,15
2025-10-11T06:30:00Z,IT-CSouth,115.00,15
2025-10-11T06:30:00Z,IT-North,115.00,15
2025-10-11T06:30:00Z,IT-Sardinia,115.00,15
2025-10-11T06:30:00Z,IT-Sicily,124.03,15
2025-10-11T06:30:00Z,IT-South,115.00,15
2025-10-11T06:30:00Z,LT,101.37,15
2025-10-11T06:30:00Z,LV,101.37,15
2025-10-11T06:30:00Z,NL,101.37,15
2025-10-11T06:30:00Z,NO1,45.41,15
2025-10-11T06:30:00Z,NO3,10.90,15
2025-10-11T06:30:00Z,NO4,1.00,15
2025-10-11T06:30:00Z,NO5,46.80,15
2025-10-11T06:30:00Z,PL,101.37,15
2025-10-11T06:30:00Z,PT,101.37,15
2025-10-11T06:30:00Z,RO,101.37,15
2025-10-11T06:30:00Z,SE1,0.00,15
2025-10-11T06:30:00Z,SE3,17.99,15
2025-10-11T06:30:00Z,SE4,23.52,15
2025-10-11T06:30:00Z,SI,101.37,15
2025-10-11T06:30:00Z,SK,101.37,15
2025-10-11T06:45:00Z,AT,96.88,15
2025-10-11T06:45:00Z,BE,94.34,15
2025-10-11T06:45:00Z,CZ,93.25,15
2025-10-11T06:45:00Z,DE-LU,93.05,15
2025-10-11T06:45:00Z,DK1,72.36,15
2025-10-11T06:45:00Z,DK2,71.96,15
2025-10-11T06:45:00Z,EE,6.04,15
2025-10-11T06:45:00Z,ES,93.82,15
2025-10-11T06:45:00Z,FI,0.38,15
2025-10-11T06:45:00Z,FR,91.93,15
2025-10-11T06:45:00Z,GR,12.50,15
2025-10-11T06:45:00Z,HR,93.62,15
2025-10-11T06:45:00Z,HU,93.43,15
2025-10-11T06:45:00Z,IT-CNorth,108.50,15
2025-10-11T06:45:00Z,IT-CSouth,108.50,15
2025-10-11T06:45:00Z,IT-North,108.50,15
2025-10-11T06:45:00Z,IT-Sardinia,108.50,15
2025-10-11T06:45:00Z,IT-South,108.50,15
2025-10-11T06:45:00Z,LT,93.14,15
2025-10-11T06:45:00Z,LV,93.14,15
2025-10-11T06:45:00Z,NL,97.20,15
2025-10-11T06:45:00Z,NO1,46.21,15
2025-10-11T06:45:00Z,NO2,68.29,15
2025-10-11T06:45:00Z,NO3,11.12,15
2025-10-11T06:45:00Z,NO4,1.04,15
2025-10-11T06:45:00Z,NO5,47.35,15
2025-10-11T06:45:00Z,PL,97.16,15
2025-10-11T06:45:00Z,PT,100.04,15
2025-10-11T06:45:00Z,RO,93.47,15
2025-10-11T06:45:00Z,SE1,0.02,15
2025-10-11T06:45:00Z,SE2,0.02,15
2025-10-11T06:45:00Z,SE3,18.33,15
2025-10-11T06:45:00Z,SE4,23.91,15
2025-10-11T06:45:00Z,SI,93.67,15
2025-10-11T06:45:00Z,SK,93.33,15
2025-10-11T07:00:00Z,AT,124.20,15
2025-10-11T07:00:00Z,BE,126.37,15
2025-10-11T07:00:00Z,CH,99.58,60
2025-10-11T07:00:00Z,CZ,110.79,15
2025-10-11T07:00:00Z,DE-LU,108.11,15
2025-10-11T07:00:00Z,DK1,70.76,15
2025-10-11T07:00:00Z,DK2,70.38,15
2025-10-11T07:00:00Z,EE,0.52,15
2025-10-11T07:00:00Z,ES,91.74,15
2025-10-11T07:00:00Z,FI,0.52,15
2025-10-11T07:00:00Z,FR,106.00,15
2025-10-11T07:00:00Z,GR,0.01,15
2025-10-11T07:00:00Z,HR,114.51,15
2025-10-11T07:00:00Z,HU,112.67,15
2025-10-11T07:00:00Z,IT-CNorth,115.00,15
2025-10-11T07:00:00Z,IT-CSouth,115.00,15
2025-10-11T07:00:00Z,IT-North,115.00,15
2025-10-11T07:00:00Z,IT-Sardinia,115.00,15
2025-10-11T07:00:00Z,IT-Sicily,115.00,15
2025-10-11T07:00:00Z,IT-South,115.00,15
2025-10-11T07:00:00Z,LT,109.50,15
2025-10-11T07:00:00Z,LV,109.50,15
2025-10-11T07:00:00Z,NL,158.38,15
2025-10-11T07:00:00Z,NO1,48.90,15
2025-10-11T07:00:00Z,NO2,68.21,15
2025-10-11T07:00:00Z,NO4,1.07,15
2025-10-11T07:00:00Z,NO5,48.91,15
2025-10-11T07:00:00Z,PL,109.50,15
2025-10-11T07:00:00Z,PT,106.00,15
2025-10-11T07:00:00Z,RO,113.05,15
2025-10-11T07:00:00Z,RS,97.75,15
2025-10-11T07:00:00Z,SE1,0.13,15
2025-10-11T07:00:00Z,SE2,0.20,15
2025-10-11T07:00:00Z,SE3,19.34,15
2025-10-11T07:00:00Z,SE4,25.24,15
2025-10-11T07:00:00Z,SI,115.00,15
2025-10-11T07:00:00Z,SK,111.74,15
2025-10-11T07:15:00Z,AT,95.07,15
2025-10-11T07:15:00Z,BE,109.74,15
2025-10-11T07:15:00Z,CZ,101.67,15
2025-10-11T07:15:00Z,DE-LU,100.02,15
2025-10-11T07:15:00Z,DK1,70.60,15
2025-10-11T07:15:00Z,DK2,70.22,15
2025-10-11T07:15:00Z,EE,0.39,15
2025-10-11T07:15:00Z,ES,87.53,15
2025-10-11T07:15:00Z,FI,0.39,15
2025-10-11T07:15:00Z,FR,96.43,15
2025-10-11T07:15:00Z,GR,0.00,15
2025-10-11T07:15:00Z,HR,104.01,15
2025-10-11T07:15:00Z,HU,102.87,15
2025-10-11T07:15:00Z,IT-CNorth,104.31,15
2025-10-11T07:15:00Z,IT-CSouth,104.31,15
2025-10-11T07:15:00Z,IT-North,104.31,15
2025-10-11T07:15:00Z,IT-Sardinia,104.31,15
2025-10-11T07:15:00Z,IT-Sicily,107.91,15
2025-10-11T07:15:00Z,IT-South,104.31,15
2025-10-11T07:15:00Z,LT,100.92,15
2025-10-11T07:15:00Z,LV,100.92,15
2025-10-11T07:15:00Z,NL,128.25,15
2025-10-11T07:15:00Z,NO1,49.97,15
2025-10-11T07:15:00Z,NO2,68.11,15
2025-10-11T07:15:00Z,NO3,11.95,15
2025-10-11T07:15:00Z,NO4,1.17,15
2025-10-11T07:15:00Z,NO5,48.88,15
2025-10-11T07:15:00Z,PL,106.11,15
2025-10-11T07:15:00Z,PT,96.43,15
2025-10-11T07:15:00Z,RO,103.10,15
2025-10-11T07:15:00Z,SE1,0.00,15
2025-10-11T07:15:00Z,SE2,0.03,15
2025-10-11T07:15:00Z,SE3,19.94,15
2025-10-11T07:15:00Z,SE4,26.01,15
2025-10-11T07:15:00Z,SI,104.31,15
2025-10-11T07:15:00Z,SK,102.29,15
2025-10-11T07:30:00Z,AT,87.21,15
2025-10-11T07:30:00Z,BE,91.42,15
2025-10-11T07:30:00Z,CZ,90.52,15
2025-10-11T07:30:00Z,DE-LU,89.11,15
2025-10-11T07:30:00Z,DK1,69.88,15
2025-10-11T07:30:00Z,DK2,69.53,15
2025-10-11T07:30:00Z,EE,0.44,15
2025-10-11T07:30:00Z,ES,80.80,15
2025-10-11T07:30:00Z,FI,0.44,15
2025-10-11T07:30:00Z,FR,77.23,15
2025-10-11T07:30:00Z,GR,-0.10,15
2025-10-11T07:30:00Z,HR,92.64,15
2025-10-11T07:30:00Z,HU,91.67,15
2025-10-11T07:30:00Z,IT-CNorth,95.59,15
2025-10-11T07:30:00Z,IT-CSouth,95.59,15
2025-10-11T07:30:00Z,IT-North,95.59,15
2025-10-11T07:30:00Z,IT-Sardinia,95.59,15
2025-10-11T07:30:00Z,IT-South,95.59,15
2025-10-11T07:30:00Z,LT,90.07,15
2025-10-11T07:30:00Z,LV,90.07,15
2025-10-11T07:30:00Z,NL,102.17,15
2025-10-11T07:30:00Z,NO1,52.99,15
2025-10-11T07:30:00Z,NO2,67.57,15
2025-10-11T07:30:00Z,NO3,13.34,15
2025-10-11T07:30:00Z,NO4,1.48,15
2025-10-11T07:30:00Z,NO5,48.86,15
2025-10-11T07:30:00Z,PL,97.63,15
2025-10-11T07:30:00Z,PT,77.23,15
2025-10-11T07:30:00Z,RO,91.87,15
2025-10-11T07:30:00Z,SE1,0.02,15
2025-10-11T07:30:00Z,SE2,0.02,15
2025-10-11T07:30:00Z,SE3,21.71,15
2025-10-11T07:30:00Z,SE4,28.16,15
2025-10-11T07:30:00Z,SI,92.91,15
2025-10-11T07:30:00Z,SK,91.17,15
2025-10-11T07:45:00Z,AT,78.72,15
2025-10-11T07:45:00Z,BE,73.59,15
2025-10-11T07:45:00Z,CZ,75.17,15
2025-10-11T07:45:00Z,DE-LU,74.60,15
2025-10-11T07:45:00Z,DK1,69.66,15
2025-10-11T07:45:00Z,DK2,69.32,15
2025-10-11T07:45:00Z,EE,0.46,15
2025-10-11T07:45:00Z,ES,56.74,15
2025-10-11T07:45:00Z,FI,0.46,15
2025-10-11T07:45:00Z,FR,63.10,15
2025-10-11T07:45:00Z,GR,-1.00,15
2025-10-11T07:45:00Z,HR,76.23,15
2025-10-11T07:45:00Z,HU,75.74,15
2025-10-11T07:45:00Z,IT-CNorth,79.10,15
2025-10-11T07:45:00Z,IT-CSouth,79.10,15
2025-10-11T07:45:00Z,IT-North,79.10,15
2025-10-11T07:45:00Z,IT-Sardinia,79.10,15
2025-10-11T07:45:00Z,IT-South,79.10,15
2025-10-11T07:45:00Z,LT,24.11,15
2025-10-11T07:45:00Z,LV,24.11,15
2025-10-11T07:45:00Z,NL,76.40,15
2025-10-11T07:45:00Z,NO1,54.94,15
2025-10-11T07:45:00Z,NO2,67.45,15
2025-10-11T07:45:00Z,NO3,14.05,15
2025-10-11T07:45:00Z,NO4,1.62,15
2025-10-11T07:45:00Z,NO5,48.84,15
2025-10-11T07:45:00Z,PL,97.62,15
2025-10-11T07:45:00Z,PT,63.10,15
2025-10-11T07:45:00Z,RO,75.85,15
2025-10-11T07:45:00Z,SE2,0.01,15
2025-10-11T07:45:00Z,SE3,22.81,15
2025-10-11T07:45:00Z,SE4,29.50,15
2025-10-11T07:45:00Z,SI,76.36,15
2025-10-11T07:45:00Z,SK,75.51,15
2025-10-11T08:00:00Z,AT,117.51,15
2025-10-11T08:00:00Z,BE,116.30,15
2025-10-11T08:00:00Z,CH,86.00,60
2025-10-11T08:00:00Z,CZ,102.30,15
2025-10-11T08:00:00Z,DE-LU,97.36,15
2025-10-11T08:00:00Z,DK1,69.35,15
2025-10-11T08:00:00Z,DK2,69.05,15
2025-10-11T08:00:00Z,EE,0.63,15
2025-10-11T08:00:00Z,ES,72.59,15
2025-10-11T08:00:00Z,FI,0.63,15
2025-10-11T08:00:00Z,FR,73.27,15
2025-10-11T08:00:00Z,GR,0.00,15
2025-10-11T08:00:00Z,HR,107.27,15
2025-10-11T08:00:00Z,HU,104.96,15
2025-10-11T08:00:00Z,IT-CNorth,107.91,15
2025-10-11T08:00:00Z,IT-CSouth,107.91,15
2025-10-11T08:00:00Z,IT-North,107.91,15
2025-10-11T08:00:00Z,IT-Sardinia,107.91,15
2025-10-11T08:00:00Z,IT-South,107.91,15
2025-10-11T08:00:00Z,LT,100.41,15
2025-10-11T08:00:00Z,LV,100.41,15
2025-10-11T08:00:00Z,NL,167.47,15
2025-10-11T08:00:00Z,NO1,59.38,15
2025-10-11T08:00:00Z,NO2,67.58,15
2025-10-11T08:00:00Z,NO3,10.37,15
2025-10-11T08:00:00Z,NO4,1.24,15
2025-10-11T08:00:00Z,NO5,49.44,15
2025-10-11T08:00:00Z,PL,108.91,15
2025-10-11T08:00:00Z,PT,65.99,15
2025-10-11T08:00:00Z,RO,105.39,15
2025-10-11T08:00:00Z,RS,80.00,15
2025-10-11T08:00:00Z,SE1,0.09,15
2025-10-11T08:00:00Z,SE2,0.16,15
2025-10-11T08:00:00Z,SE3,25.55,15
2025-10-11T08:00:00Z,SE4,32.81,15
2025-10-11T08:00:00Z,SI,107.91,15
2025-10-11T08:00:00Z,SK,103.66,15
2025-10-11T08:15:00Z,AT,87.78,15
2025-10-11T08:15:00Z,BE,90.65,15
2025-10-11T08:15:00Z,CZ,88.60,15
2025-10-11T08:15:00Z,DE-LU,85.84,15
2025-10-11T08:15:00Z,DK1,69.14,15
2025-10-11T08:15:00Z,DK2,68.85,15
2025-10-11T08:15:00Z,EE,0.53,15
2025-10-11T08:15:00Z,ES,69.05,15
2025-10-11T08:15:00Z,FI,0.52,15
2025-10-11T08:15:00Z,FR,63.88,15
2025-10-11T08:15:00Z,HR,92.72,15
2025-10-11T08:15:00Z,HU,90.82,15
2025-10-11T08:15:00Z,IT-CNorth,97.00,15
2025-10-11T08:15:00Z,IT-CSouth,97.00,15
2025-10-11T08:15:00Z,IT-North,97.00,15
2025-10-11T08:15:00Z,IT-Sardinia,97.00,15
2025-10-11T08:15:00Z,IT-South,97.00,15
2025-10-11T08:15:00Z,LT,87.69,15
2025-10-11T08:15:00Z,LV,87.69,15
2025-10-11T08:15:00Z,NL,111.86,15
2025-10-11T08:15:00Z,NO2,67.34,15
2025-10-11T08:15:00Z,NO3,11.61,15
2025-10-11T08:15:00Z,NO4,1.49,15
2025-10-11T08:15:00Z,NO5,49.49,15
2025-10-11T08:15:00Z,PL,105.60,15
2025-10-11T08:15:00Z,PT,63.55,15
2025-10-11T08:15:00Z,RO,91.20,15
2025-10-11T08:15:00Z,SE1,0.00,15
2025-10-11T08:15:00Z,SE2,0.01,15
2025-10-11T08:15:00Z,SE3,25.60,15
2025-10-11T08:15:00Z,SE4,32.89,15
2025-10-11T08:15:00Z,SI,93.22,15
2025-10-11T08:15:00Z,SK,89.84,15
2025-10-11T08:30:00Z,AT,75.06,15
2025-10-11T08:30:00Z,BE,72.49,15
2025-10-11T08:30:00Z,CZ,74.34,15
2025-10-11T08:30:00Z,DE-LU,73.26,15
2025-10-11T08:30:00Z,DK1,68.43,15
2025-10-11T08:30:00Z,DK2,68.13,15
2025-10-11T08:30:00Z,ES,55.13,15
2025-10-11T08:30:00Z,FR,55.63,15
2025-10-11T08:30:00Z,GR,-0.01,15
2025-10-11T08:30:00Z,HR,76.21,15
2025-10-11T08:30:00Z,HU,75.35,15
2025-10-11T08:30:00Z,IT-CNorth,81.32,15
2025-10-11T08:30:00Z,IT-CSouth,81.32,15
2025-10-11T08:30:00Z,IT-North,81.32,15
2025-10-11T08:30:00Z,IT-Sardinia,35.00,15
2025-10-11T08:30:00Z,IT-South,81.32,15
2025-10-11T08:30:00Z,LT,74.05,15
2025-10-11T08:30:00Z,LV,74.05,15
2025-10-11T08:30:00Z,NL,78.70,15
2025-10-11T08:30:00Z,NO1,58.99,15
2025-10-11T08:30:00Z,NO2,66.62,15
2025-10-11T08:30:00Z,NO3,11.76,15
2025-10-11T08:30:00Z,NO4,1.54,15
2025-10-11T08:30:00Z,NO5,49.54,15
2025-10-11T08:30:00Z,PL,97.62,15
2025-10-11T08:30:00Z,PT,55.63,15
2025-10-11T08:30:00Z,RO,75.53,15
2025-10-11T08:30:00Z,SE1,0.01,15
2025-10-11T08:30:00Z,SE3,25.43,15
2025-10-11T08:30:00Z,SE4,32.67,15
2025-10-11T08:30:00Z,SI,76.44,15
2025-10-11T08:30:00Z,SK,74.92,15
2025-10-11T08:45:00Z,AT,55.07,15
2025-10-11T08:45:00Z,BE,65.96,15
2025-10-11T08:45:00Z,CZ,74.58,15
2025-10-11T08:45:00Z,DE-LU,73.27,15
2025-10-11T08:45:00Z,DK1,68.35,15
2025-10-11T08:45:00Z,DK2,68.06,15
2025-10-11T08:45:00Z,ES,41.71,15
2025-10-11T08:45:00Z,FR,30.20,15
2025-10-11T08:45:00Z,GR,-0.10,15
2025-10-11T08:45:00Z,HR,77.48,15
2025-10-11T08:45:00Z,HU,76.14,15
2025-10-11T08:45:00Z,IT-CNorth,77.81,15
2025-10-11T08:45:00Z,IT-CSouth,77.81,15
2025-10-11T08:45:00Z,IT-North,77.81,15
2025-10-11T08:45:00Z,IT-Sardinia,30.00,15
2025-10-11T08:45:00Z,IT-South,77.81,15
2025-10-11T08:45:00Z,LT,74.39,15
2025-10-11T08:45:00Z,LV,74.39,15
2025-10-11T08:45:00Z,NL,68.35,15
2025-10-11T08:45:00Z,NO1,58.61,15
2025-10-11T08:45:00Z,NO2,65.95,15
2025-10-11T08:45:00Z,NO3,11.88,15
2025-10-11T08:45:00Z,NO4,1.58,15
2025-10-11T08:45:00Z,PL,105.60,15
2025-10-11T08:45:00Z,PT,30.20,15
2025-10-11T08:45:00Z,RO,76.42,15
2025-10-11T08:45:00Z,SE2,0.00,15
2025-10-11T08:45:00Z,SE3,25.26,15
2025-10-11T08:45:00Z,SE4,32.46,15
2025-10-11T08:45:00Z,SI,77.81,15
2025-10-11T08:45:00Z,SK,75.51,15
2025-10-11T09:00:00Z,AT,95.02,15
2025-10-11T09:00:00Z,BE,97.17,15
2025-10-11T09:00:00Z,CH,73.48,60
2025-10-11T09:00:00Z,CZ,88.57,15
2025-10-11T09:00:00Z,DE-LU,87.29,15
2025-10-11T09:00:00Z,DK1,66.50,15
2025-10-11T09:00:00Z,DK2,66.22,15
2025-10-11T09:00:00Z,EE,0.35,15
2025-10-11T09:00:00Z,ES,48.50,15
2025-10-11T09:00:00Z,FI,0.35,15
2025-10-11T09:00:00Z,FR,53.12,15
2025-10-11T09:00:00Z,HR,86.23,15
2025-10-11T09:00:00Z,HU,87.23,15
2025-10-11T09:00:00Z,IT-CNorth,86.00,15
2025-10-11T09:00:00Z,IT-CSouth,86.00,15
2025-10-11T09:00:00Z,IT-North,86.00,15
2025-10-11T09:00:00Z,IT-Sardinia,11.00,15
2025-10-11T09:00:00Z,IT-South,86.00,15
2025-10-11T09:00:00Z,LT,26.56,15
2025-10-11T09:00:00Z,LV,26.56,15
2025-10-11T09:00:00Z,NL,134.00,15
2025-10-11T09:00:00Z,NO1,59.84,15
2025-10-11T09:00:00Z,NO2,65.27,15
2025-10-11T09:00:00Z,NO3,12.80,15
2025-10-11T09:00:00Z,NO4,1.06,15
2025-10-11T09:00:00Z,NO5,48.29,15
2025-10-11T09:00:00Z,PL,105.89,15
2025-10-11T09:00:00Z,PT,40.00,15
2025-10-11T09:00:00Z,RO,87.00,15
2025-10-11T09:00:00Z,RS,66.05,15
2025-10-11T09:00:00Z,SE1,-0.19,15
2025-10-11T09:00:00Z,SE2,0.05,15
2025-10-11T09:00:00Z,SE3,25.08,15
2025-10-11T09:00:00Z,SE4,33.06,15
2025-10-11T09:00:00Z,SI,86.00,15
2025-10-11T09:00:00Z,SK,87.64,15
2025-10-11T09:15:00Z,AT,80.07,15
2025-10-11T09:15:00Z,BE,76.33,15
2025-10-11T09:15:00Z,CZ,77.03,15
2025-10-11T09:15:00Z,DE-LU,76.86,15
2025-10-11T09:15:00Z,DK1,65.73,15
2025-10-11T09:15:00Z,DK2,65.45,15
2025-10-11T09:15:00Z,EE,0.32,15
2025-10-11T09:15:00Z,ES,27.74,15
2025-10-11T09:15:00Z,FI,0.31,15
2025-10-11T09:15:00Z,FR,31.91,15
2025-10-11T09:15:00Z,HR,74.53,15
2025-10-11T09:15:00Z,HU,75.62,15
2025-10-11T09:15:00Z,IT-CNorth,74.26,15
2025-10-11T09:15:00Z,IT-CSouth,74.26,15
2025-10-11T09:15:00Z,IT-North,74.26,15
2025-10-11T09:15:00Z,IT-South,74.26,15
2025-10-11T09:15:00Z,LT,26.51,15
2025-10-11T09:15:00Z,LV,26.51,15
2025-10-11T09:15:00Z,NL,89.48,15
2025-10-11T09:15:00Z,NO1,59.74,15
2025-10-11T09:15:00Z,NO2,65.11,15
2025-10-11T09:15:00Z,NO3,12.93,15
2025-10-11T09:15:00Z,NO4,1.07,15
2025-10-11T09:15:00Z,NO5,48.31,15
2025-10-11T09:15:00Z,PL,105.94,15
2025-10-11T09:15:00Z,PT,16.90,15
2025-10-11T09:15:00Z,RO,75.39,15
2025-10-11T09:15:00Z,SE1,-0.23,15
2025-10-11T09:15:00Z,SE2,0.01,15
2025-10-11T09:15:00Z,SE3,25.03,15
2025-10-11T09:15:00Z,SE4,33.00,15
2025-10-11T09:15:00Z,SI,74.26,15
2025-10-11T09:15:00Z,SK,76.15,15
2025-10-11T09:30:00Z,AT,60.09,15
2025-10-11T09:30:00Z,BE,67.77,15
2025-10-11T09:30:00Z,CZ,72.33,15
2025-10-11T09:30:00Z,DE-LU,71.39,15
2025-10-11T09:30:00Z,DK1,62.99,15
2025-10-11T09:30:00Z,DK2,62.73,15
2025-10-11T09:30:00Z,ES,12.44,15
2025-10-11T09:30:00Z,FR,24.49,15
2025-10-11T09:30:00Z,HR,53.11,15
2025-10-11T09:30:00Z,HU,68.36,15
2025-10-11T09:30:00Z,IT-CNorth,59.30,15
2025-10-11T09:30:00Z,IT-CSouth,59.30,15
2025-10-11T09:30:00Z,IT-North,59.30,15
2025-10-11T09:30:00Z,IT-South,59.30,15
2025-10-11T09:30:00Z,LT,26.46,15
2025-10-11T09:30:00Z,LV,26.46,15
2025-10-11T09:30:00Z,NL,72.87,15
2025-10-11T09:30:00Z,NO1,59.65,15
2025-10-11T09:30:00Z,NO2,64.97,15
2025-10-11T09:30:00Z,NO3,12.94,15
2025-10-11T09:30:00Z,NO4,1.08,15
2025-10-11T09:30:00Z,PL,105.60,15
2025-10-11T09:30:00Z,PT,10.10,15
2025-10-11T09:30:00Z,RO,15.09,15
2025-10-11T09:30:00Z,SE3,24.99,15
2025-10-11T09:30:00Z,SE4,32.90,15
2025-10-11T09:30:00Z,SI,59.30,15
2025-10-11T09:30:00Z,SK,73.18,15
2025-10-11T09:45:00Z,AT,50.02,15
2025-10-11T09:45:00Z,BE,55.52,15
2025-10-11T09:45:00Z,CZ,61.74,15
2025-10-11T09:45:00Z,DE-LU,60.54,15
2025-10-11T09:45:00Z,DK1,60.54,15
2025-10-11T09:45:00Z,DK2,60.30,15
2025-10-11T09:45:00Z,EE,0.31,15
2025-10-11T09:45:00Z,ES,8.34,15
2025-10-11T09:45:00Z,FR,12.55,15
2025-10-11T09:45:00Z,GR,-0.34,15
2025-10-11T09:45:00Z,HR,48.81,15
2025-10-11T09:45:00Z,HU,59.47,15
2025-10-11T09:45:00Z,IT-CNorth,53.49,15
2025-10-11T09:45:00Z,IT-CSouth,53.49,15
2025-10-11T09:45:00Z,IT-North,53.49,15
2025-10-11T09:45:00Z,IT-South,53.49,15
2025-10-11T09:45:00Z,LT,25.69,15
2025-10-11T09:45:00Z,LV,25.69,15
2025-10-11T09:45:00Z,NL,60.55,15
2025-10-11T09:45:00Z,NO1,58.10,15
2025-10-11T09:45:00Z,NO2,62.39,15
2025-10-11T09:45:00Z,NO3,12.80,15
2025-10-11T09:45:00Z,NO4,1.09,15
2025-10-11T09:45:00Z,NO5,48.32,15
2025-10-11T09:45:00Z,PT,6.00,15
2025-10-11T09:45:00Z,RO,20.45,15
2025-10-11T09:45:00Z,SE1,-0.22,15
2025-10-11T09:45:00Z,SE3,24.28,15
2025-10-11T09:45:00Z,SE4,31.94,15
2025-10-11T09:45:00Z,SI,53.49,15
2025-10-11T09:45:00Z,SK,62.75,15
2025-10-11T10:00:00Z,AT,80.02,15
2025-10-11T10:00:00Z,BE,68.79,15
2025-10-11T10:00:00Z,CH,54.10,60
2025-10-11T10:00:00Z,CZ,68.06,15
2025-10-11T10:00:00Z,DE-LU,63.44,15
2025-10-11T10:00:00Z,DK1,59.49,15
2025-10-11T10:00:00Z,DK2,59.25,15
2025-10-11T10:00:00Z,EE,0.42,15
2025-10-11T10:00:00Z,ES,7.75,15
2025-10-11T10:00:00Z,FI,0.42,15
2025-10-11T10:00:00Z,FR,33.82,15
2025-10-11T10:00:00Z,GR,-0.10,15
2025-10-11T10:00:00Z,HR,57.53,15
2025-10-11T10:00:00Z,HU,68.25,15
2025-10-11T10:00:00Z,IT-CNorth,59.17,15
2025-10-11T10:00:00Z,IT-CSouth,59.17,15
2025-10-11T10:00:00Z,IT-North,59.17,15
2025-10-11T10:00:00Z,IT-Sardinia,30.00,15
2025-10-11T10:00:00Z,IT-South,59.17,15
2025-10-11T10:00:00Z,LT,72.51,15
2025-10-11T10:00:00Z,LV,72.51,15
2025-10-11T10:00:00Z,NL,103.71,15
2025-10-11T10:00:00Z,NO1,57.27,15
2025-10-11T10:00:00Z,NO2,61.28,15
2025-10-11T10:00:00Z,NO3,13.68,15
2025-10-11T10:00:00Z,NO4,1.53,15
2025-10-11T10:00:00Z,NO5,48.29,15
2025-10-11T10:00:00Z,PT,5.20,15
2025-10-11T10:00:00Z,RO,15.10,15
2025-10-11T10:00:00Z,RS,52.00,15
2025-10-11T10:00:00Z,SE1,-0.02,15
2025-10-11T10:00:00Z,SE2,-0.12,15
2025-10-11T10:00:00Z,SE3,24.09,15
2025-10-11T10:00:00Z,SE4,31.50,15
2025-10-11T10:00:00Z,SI,64.32,15
2025-10-11T10:00:00Z,SK,71.06,15
2025-10-11T10:15:00Z,AT,60.04,15
2025-10-11T10:15:00Z,BE,60.49,15
2025-10-11T10:15:00Z,CZ,63.44,15
2025-10-11T10:15:00Z,DE-LU,60.10,15
2025-10-11T10:15:00Z,DK1,59.30,15
2025-10-11T10:15:00Z,DK2,59.05,15
2025-10-11T10:15:00Z,EE,0.17,15
2025-10-11T10:15:00Z,ES,4.01,15
2025-10-11T10:15:00Z,FI,0.17,15
2025-10-11T10:15:00Z,FR,29.95,15
2025-10-11T10:15:00Z,HR,53.01,15
2025-10-11T10:15:00Z,HU,63.10,15
2025-10-11T10:15:00Z,IT-CNorth,50.00,15
2025-10-11T10:15:00Z,IT-CSouth,50.00,15
2025-10-11T10:15:00Z,IT-North,50.00,15
2025-10-11T10:15:00Z,IT-South,50.00,15
2025-10-11T10:15:00Z,LT,67.81,15
2025-10-11T10:15:00Z,LV,67.81,15
2025-10-11T10:15:00Z,NL,80.00,15
2025-10-11T10:15:00Z,NO1,54.92,15
2025-10-11T10:15:00Z,NO2,57.48,15
2025-10-11T10:15:00Z,NO3,14.28,15
2025-10-11T10:15:00Z,NO4,1.59,15
2025-10-11T10:15:00Z,NO5,48.34,15
2025-10-11T10:15:00Z,PT,5.01,15
2025-10-11T10:15:00Z,RO,15.09,15
2025-10-11T10:15:00Z,SE1,-0.24,15
2025-10-11T10:15:00Z,SE2,-0.40,15
2025-10-11T10:15:00Z,SE3,23.00,15
2025-10-11T10:15:00Z,SE4,30.20,15
2025-10-11T10:15:00Z,SI,59.02,15
2025-10-11T10:15:00Z,SK,65.89,15
2025-10-11T10:30:00Z,AT,47.57,15
2025-10-11T10:30:00Z,BE,55.21,15
2025-10-11T10:30:00Z,CZ,54.58,15
2025-10-11T10:30:00Z,DE-LU,51.21,15
2025-10-11T10:30:00Z,DK1,51.21,15
2025-10-11T10:30:00Z,DK2,51.01,15
2025-10-11T10:30:00Z,EE,0.38,15
2025-10-11T10:30:00Z,ES,0.65,15
2025-10-11T10:30:00Z,FI,0.38,15
2025-10-11T10:30:00Z,FR,31.16,15
2025-10-11T10:30:00Z,HR,45.76,15
2025-10-11T10:30:00Z,HU,54.48,15
2025-10-11T10:30:00Z,IT-CNorth,40.00,15
2025-10-11T10:30:00Z,IT-CSouth,40.00,15
2025-10-11T10:30:00Z,IT-North,40.00,15
2025-10-11T10:30:00Z,IT-Sicily,100.37,15
2025-10-11T10:30:00Z,IT-South,40.00,15
2025-10-11T10:30:00Z,LT,58.21,15
2025-10-11T10:30:00Z,LV,58.21,15
2025-10-11T10:30:00Z,NL,80.10,15
2025-10-11T10:30:00Z,NO1,49.94,15
2025-10-11T10:30:00Z,NO2,50.18,15
2025-10-11T10:30:00Z,NO3,12.29,15
2025-10-11T10:30:00Z,NO4,1.37,15
2025-10-11T10:30:00Z,NO5,46.65,15
2025-10-11T10:30:00Z,PL,99.51,15
2025-10-11T10:30:00Z,PT,5.00,15
2025-10-11T10:30:00Z,RO,12.26,15
2025-10-11T10:30:00Z,SE1,0.00,15
2025-10-11T10:30:00Z,SE2,-0.09,15
2025-10-11T10:30:00Z,SE3,20.72,15
2025-10-11T10:30:00Z,SE4,27.10,15
2025-10-11T10:30:00Z,SI,51.10,15
2025-10-11T10:30:00Z,SK,56.82,15
2025-10-11T10:45:00Z,AT,42.55,15
2025-10-11T10:45:00Z,BE,51.40,15
2025-10-11T10:45:00Z,CZ,50.46,15
2025-10-11T10:45:00Z,DE-LU,46.92,15
2025-10-11T10:45:00Z,DK1,46.92,15
2025-10-11T10:45:00Z,DK2,46.74,15
2025-10-11T10:45:00Z,EE,0.44,15
2025-10-11T10:45:00Z,ES,3.52,15
2025-10-11T10:45:00Z,FI,0.44,15
2025-10-11T10:45:00Z,FR,26.05,15
2025-10-11T10:45:00Z,HR,41.95,15
2025-10-11T10:45:00Z,HU,50.50,15
2025-10-11T10:45:00Z,IT-CNorth,35.00,15
2025-10-11T10:45:00Z,IT-CSouth,35.00,15
2025-10-11T10:45:00Z,IT-North,35.00,15
2025-10-11T10:45:00Z,IT-Sicily,82.39,15
2025-10-11T10:45:00Z,IT-South,35.00,15
2025-10-11T10:45:00Z,LT,54.00,15
2025-10-11T10:45:00Z,LV,54.00,15
2025-10-11T10:45:00Z,NL,78.28,15
2025-10-11T10:45:00Z,NO1,47.94,15
2025-10-11T10:45:00Z,NO2,48.13,15
2025-10-11T10:45:00Z,NO3,11.55,15
2025-10-11T10:45:00Z,NO4,1.30,15
2025-10-11T10:45:00Z,NO5,44.78,15
2025-10-11T10:45:00Z,PL,97.63,15
2025-10-11T10:45:00Z,PT,4.31,15
2025-10-11T10:45:00Z,RO,8.57,15
2025-10-11T10:45:00Z,SE1,0.07,15
2025-10-11T10:45:00Z,SE2,0.00,15
2025-10-11T10:45:00Z,SE3,19.89,15
2025-10-11T10:45:00Z,SE4,25.95,15
2025-10-11T10:45:00Z,SI,47.29,15
2025-10-11T10:45:00Z,SK,52.76,15
2025-10-11T11:00:00Z,AT,57.58,15
2025-10-11T11:00:00Z,BE,78.74,15
2025-10-11T11:00:00Z,CH,44.31,60
2025-10-11T11:00:00Z,CZ,50.89,15
2025-10-11T11:00:00Z,DE-LU,51.67,15
2025-10-11T11:00:00Z,DK1,51.67,15
2025-10-11T11:00:00Z,DK2,51.51,15
2025-10-11T11:00:00Z,EE,0.02,15
2025-10-11T11:00:00Z,ES,7.46,15
2025-10-11T11:00:00Z,FI,0.02,15
2025-10-11T11:00:00Z,FR,20.77,15
2025-10-11T11:00:00Z,HR,37.28,15
2025-10-11T11:00:00Z,HU,47.68,15
2025-10-11T11:00:00Z,IT-CNorth,39.75,15
2025-10-11T11:00:00Z,IT-CSouth,39.75,15
2025-10-11T11:00:00Z,IT-North,39.75,15
2025-10-11T11:00:00Z,IT-Sardinia,20.00,15
2025-10-11T11:00:00Z,IT-Sicily,83.55,15
2025-10-11T11:00:00Z,IT-South,39.75,15
2025-10-11T11:00:00Z,LT,54.86,15
2025-10-11T11:00:00Z,LV,54.86,15
2025-10-11T11:00:00Z,NL,68.05,15
2025-10-11T11:00:00Z,NO1,49.43,15
2025-10-11T11:00:00Z,NO2,49.99,15
2025-10-11T11:00:00Z,NO3,14.17,15
2025-10-11T11:00:00Z,NO4,1.70,15
2025-10-11T11:00:00Z,NO5,46.28,15
2025-10-11T11:00:00Z,PL,105.60,15
2025-10-11T11:00:00Z,PT,5.00,15
2025-10-11T11:00:00Z,RO,12.72,15
2025-10-11T11:00:00Z,RS,43.00,15
2025-10-11T11:00:00Z,SE1,-0.28,15
2025-10-11T11:00:00Z,SE2,-0.67,15
2025-10-11T11:00:00Z,SE3,20.63,15
2025-10-11T11:00:00Z,SE4,27.16,15
2025-10-11T11:00:00Z,SI,41.11,15
2025-10-11T11:00:00Z,SK,51.11,15
2025-10-11T11:15:00Z,AT,55.53,15
2025-10-11T11:15:00Z,BE,69.52,15
2025-10-11T11:15:00Z,CZ,46.54,15
2025-10-11T11:15:00Z,DE-LU,47.13,15
2025-10-11T11:15:00Z,DK1,47.13,15
2025-10-11T11:15:00Z,DK2,46.99,15
2025-10-11T11:15:00Z,ES,4.88,15
2025-10-11T11:15:00Z,FR,21.51,15
2025-10-11T11:15:00Z,HR,34.65,15
2025-10-11T11:15:00Z,HU,43.80,15
2025-10-11T11:15:00Z,IT-CNorth,31.00,15
2025-10-11T11:15:00Z,IT-CSouth,31.00,15
2025-10-11T11:15:00Z,IT-North,31.00,15
2025-10-11T11:15:00Z,IT-Sicily,83.54,15
2025-10-11T11:15:00Z,IT-South,31.00,15
2025-10-11T11:15:00Z,LT,29.95,15
2025-10-11T11:15:00Z,LV,29.95,15
2025-10-11T11:15:00Z,NL,60.68,15
2025-10-11T11:15:00Z,NO1,47.59,15
2025-10-11T11:15:00Z,NO2,48.16,15
2025-10-11T11:15:00Z,NO3,13.85,15
2025-10-11T11:15:00Z,NO5,44.56,15
2025-10-11T11:15:00Z,PT,4.44,15
2025-10-11T11:15:00Z,RO,12.78,15
2025-10-11T11:15:00Z,SE1,-0.27,15
2025-10-11T11:15:00Z,SE2,-0.65,15
2025-10-11T11:15:00Z,SE3,19.89,15
2025-10-11T11:15:00Z,SE4,26.13,15
2025-10-11T11:15:00Z,SI,38.07,15
2025-10-11T11:15:00Z,SK,46.79,15
2025-10-11T11:30:00Z,AT,45.10,15
2025-10-11T11:30:00Z,BE,70.77,15
2025-10-11T11:30:00Z,CZ,42.07,15
2025-10-11T11:30:00Z,DE-LU,43.17,15
2025-10-11T11:30:00Z,DK1,43.17,15
2025-10-11T11:30:00Z,DK2,43.05,15
2025-10-11T11:30:00Z,EE,0.36,15
2025-10-11T11:30:00Z,ES,4.40,15
2025-10-11T11:30:00Z,FI,0.36,15
2025-10-11T11:30:00Z,FR,11.99,15
2025-10-11T11:30:00Z,GR,-0.01,15
2025-10-11T11:30:00Z,HR,31.62,15
2025-10-11T11:30:00Z,HU,39.27,15
2025-10-11T11:30:00Z,IT-CNorth,27.51,15
2025-10-11T11:30:00Z,IT-CSouth,27.51,15
2025-10-11T11:30:00Z,IT-North,27.51,15
2025-10-11T11:30:00Z,IT-Sicily,58.53,15
2025-10-11T11:30:00Z,IT-South,27.51,15
2025-10-11T11:30:00Z,LT,22.88,15
2025-10-11T11:30:00Z,LV,22.88,15
2025-10-11T11:30:00Z,NL,59.84,15
2025-10-11T11:30:00Z,NO1,43.00,15
2025-10-11T11:30:00Z,NO2,44.29,15
2025-10-11T11:30:00Z,NO3,11.63,15
2025-10-11T11:30:00Z,NO4,1.61,15
2025-10-11T11:30:00Z,NO5,42.35,15
2025-10-11T11:30:00Z,PT,4.31,15
2025-10-11T11:30:00Z,RO,15.10,15
2025-10-11T11:30:00Z,SE1,0.09,15
2025-10-11T11:30:00Z,SE2,-0.20,15
2025-10-11T11:30:00Z,SE3,18.28,15
2025-10-11T11:30:00Z,SE4,23.90,15
2025-10-11T11:30:00Z,SI,34.14,15
2025-10-11T11:30:00Z,SK,41.89,15
2025-10-11T11:45:00Z,AT,42.59,15
2025-10-11T11:45:00Z,BE,72.80,15
2025-10-11T11:45:00Z,CZ,43.86,15
2025-10-11T11:45:00Z,DE-LU,45.12,15
2025-10-11T11:45:00Z,DK1,45.12,15
2025-10-11T11:45:00Z,DK2,45.00,15
2025-10-11T11:45:00Z,EE,0.18,15
2025-10-11T11:45:00Z,ES,4.31,15
2025-10-11T11:45:00Z,FI,0.18,15
2025-10-11T11:45:00Z,FR,14.03,15
2025-10-11T11:45:00Z,GR,0.00,15
2025-10-11T11:45:00Z,HR,35.26,15
2025-10-11T11:45:00Z,HU,41.31,15
2025-10-11T11:45:00Z,IT-CNorth,25.00,15
2025-10-11T11:45:00Z,IT-CSouth,25.00,15
2025-10-11T11:45:00Z,IT-North,25.00,15
2025-10-11T11:45:00Z,IT-South,25.00,15
2025-10-11T11:45:00Z,LT,20.70,15
2025-10-11T11:45:00Z,LV,20.70,15
2025-10-11T11:45:00Z,NL,61.83,15
2025-10-11T11:45:00Z,NO1,45.29,15
2025-10-11T11:45:00Z,NO2,46.26,15
2025-10-11T11:45:00Z,NO3,13.42,15
2025-10-11T11:45:00Z,NO4,1.84,15
2025-10-11T11:45:00Z,NO5,43.36,15
2025-10-11T11:45:00Z,PL,103.09,15
2025-10-11T11:45:00Z,PT,4.01,15
2025-10-11T11:45:00Z,RO,23.38,15
2025-10-11T11:45:00Z,SE1,-0.10,15
2025-10-11T11:45:00Z,SE2,-0.47,15
2025-10-11T11:45:00Z,SE3,19.16,15
2025-10-11T11:45:00Z,SE4,25.12,15
2025-10-11T11:45:00Z,SI,37.02,15
2025-10-11T11:45:00Z,SK,43.44,15
2025-10-11T12:00:00Z,AT,30.89,15
2025-10-11T12:00:00Z,BE,65.88,15
2025-10-11T12:00:00Z,CH,45.17,60
2025-10-11T12:00:00Z,CZ,41.12,15
2025-10-11T12:00:00Z,DE-LU,41.76,15
2025-10-11T12:00:00Z,DK1,41.76,15
2025-10-11T12:00:00Z,DK2,41.59,15
2025-10-11T12:00:00Z,EE,0.50,15
2025-10-11T12:00:00Z,ES,3.02,15
2025-10-11T12:00:00Z,FI,0.50,15
2025-10-11T12:00:00Z,FR,14.12,15
2025-10-11T12:00:00Z,HR,28.34,15
2025-10-11T12:00:00Z,HU,38.20,15
2025-10-11T12:00:00Z,IT-CNorth,34.99,15
2025-10-11T12:00:00Z,IT-CSouth,34.99,15
2025-10-11T12:00:00Z,IT-North,34.99,15
2025-10-11T12:00:00Z,IT-Sardinia,28.00,15
2025-10-11T12:00:00Z,IT-Sicily,73.90,15
2025-10-11T12:00:00Z,IT-South,34.99,15
2025-10-11T12:00:00Z,NL,62.84,15
2025-10-11T12:00:00Z,NO1,41.67,15
2025-10-11T12:00:00Z,NO2,42.90,15
2025-10-11T12:00:00Z,NO3,10.20,15
2025-10-11T12:00:00Z,NO4,1.42,15
2025-10-11T12:00:00Z,NO5,41.28,15
2025-10-11T12:00:00Z,PL,105.60,15
2025-10-11T12:00:00Z,PT,3.52,15
2025-10-11T12:00:00Z,RO,5.12,15
2025-10-11T12:00:00Z,RS,48.75,15
2025-10-11T12:00:00Z,SE1,0.25,15
2025-10-11T12:00:00Z,SE2,0.00,15
2025-10-11T12:00:00Z,SE3,17.73,15
2025-10-11T12:00:00Z,SE4,23.08,15
2025-10-11T12:00:00Z,SI,32.00,15
2025-10-11T12:00:00Z,SK,41.42,15
2025-10-11T12:15:00Z,AT,52.50,15
2025-10-11T12:15:00Z,BE,75.82,15
2025-10-11T12:15:00Z,CZ,47.78,15
2025-10-11T12:15:00Z,DE-LU,48.54,15
2025-10-11T12:15:00Z,DK1,48.54,15
2025-10-11T12:15:00Z,DK2,48.34,15
2025-10-11T12:15:00Z,EE,0.37,15
2025-10-11T12:15:00Z,ES,3.81,15
2025-10-11T12:15:00Z,FI,0.37,15
2025-10-11T12:15:00Z,FR,17.33,15
2025-10-11T12:15:00Z,HR,33.73,15
2025-10-11T12:15:00Z,HU,44.53,15
2025-10-11T12:15:00Z,IT-CNorth,37.70,15
2025-10-11T12:15:00Z,IT-CSouth,37.70,15
2025-10-11T12:15:00Z,IT-North,37.70,15
2025-10-11T12:15:00Z,IT-Sicily,73.99,15
2025-10-11T12:15:00Z,IT-South,37.70,15
2025-10-11T12:15:00Z,LT,20.73,15
2025-10-11T12:15:00Z,LV,20.73,15
2025-10-11T12:15:00Z,NL,72.38,15
2025-10-11T12:15:00Z,NO1,46.50,15
2025-10-11T12:15:00Z,NO2,46.97,15
2025-10-11T12:15:00Z,NO3,12.96,15
2025-10-11T12:15:00Z,NO4,1.81,15
2025-10-11T12:15:00Z,NO5,43.53,15
2025-10-11T12:15:00Z,PT,4.31,15
2025-10-11T12:15:00Z,RO,8.44,15
2025-10-11T12:15:00Z,SE1,0.11,15
2025-10-11T12:15:00Z,SE2,-0.25,15
2025-10-11T12:15:00Z,SE3,19.60,15
2025-10-11T12:15:00Z,SE4,25.62,15
2025-10-11T12:15:00Z,SI,37.70,15
2025-10-11T12:15:00Z,SK,48.08,15
2025-10-11T12:30:00Z,AT,57.51,15
2025-10-11T12:30:00Z,BE,85.20,15
2025-10-11T12:30:00Z,CZ,51.58,15
2025-10-11T12:30:00Z,DE-LU,52.74,15
2025-10-11T12:30:00Z,DK1,52.74,15
2025-10-11T12:30:00Z,DK2,52.52,15
2025-10-11T12:30:00Z,EE,0.68,15
2025-10-11T12:30:00Z,ES,3.51,15
2025-10-11T12:30:00Z,FI,0.68,15
2025-10-11T12:30:00Z,FR,15.87,15
2025-10-11T12:30:00Z,HR,37.76,15
2025-10-11T12:30:00Z,HU,48.10,15
2025-10-11T12:30:00Z,IT-CNorth,45.53,15
2025-10-11T12:30:00Z,IT-CSouth,45.53,15
2025-10-11T12:30:00Z,IT-North,45.53,15
2025-10-11T12:30:00Z,IT-Sardinia,27.00,15
2025-10-11T12:30:00Z,IT-Sicily,99.13,15
2025-10-11T12:30:00Z,IT-South,45.53,15
2025-10-11T12:30:00Z,LT,22.77,15
2025-10-11T12:30:00Z,LV,22.77,15
2025-10-11T12:30:00Z,NL,81.09,15
2025-10-11T12:30:00Z,NO1,50.37,15
2025-10-11T12:30:00Z,NO2,51.03,15
2025-10-11T12:30:00Z,NO3,15.37,15
2025-10-11T12:30:00Z,NO4,2.56,15
2025-10-11T12:30:00Z,NO5,47.21,15
2025-10-11T12:30:00Z,PL,106.45,15
2025-10-11T12:30:00Z,PT,4.01,15
2025-10-11T12:30:00Z,RO,14.83,15
2025-10-11T12:30:00Z,SE1,0.40,15
2025-10-11T12:30:00Z,SE2,-0.04,15
2025-10-11T12:30:00Z,SE3,21.54,15
2025-10-11T12:30:00Z,SE4,28.09,15
2025-10-11T12:30:00Z,SI,41.32,15
2025-10-11T12:30:00Z,SK,51.57,15
2025-10-11T12:45:00Z,AT,61.20,15
2025-10-11T12:45:00Z,BE,97.58,15
2025-10-11T12:45:00Z,CZ,58.79,15
2025-10-11T12:45:00Z,DE-LU,61.08,15
2025-10-11T12:45:00Z,DK1,61.08,15
2025-10-11T12:45:00Z,DK2,60.82,15
2025-10-11T12:45:00Z,EE,0.95,15
2025-10-11T12:45:00Z,ES,0.65,15
2025-10-11T12:45:00Z,FI,0.95,15
2025-10-11T12:45:00Z,FR,20.67,15
2025-10-11T12:45:00Z,HR,54.38,15
2025-10-11T12:45:00Z,HU,56.38,15
2025-10-11T12:45:00Z,IT-CNorth,50.00,15
2025-10-11T12:45:00Z,IT-CSouth,50.00,15
2025-10-11T12:45:00Z,IT-North,50.00,15
2025-10-11T12:45:00Z,IT-Sardinia,28.00,15
2025-10-11T12:45:00Z,IT-Sicily,107.91,15
2025-10-11T12:45:00Z,IT-South,50.00,15
2025-10-11T12:45:00Z,LT,35.00,15
2025-10-11T12:45:00Z,LV,35.00,15
2025-10-11T12:45:00Z,NL,92.89,15
2025-10-11T12:45:00Z,NO1,55.12,15
2025-10-11T12:45:00Z,NO2,58.98,15
2025-10-11T12:45:00Z,NO3,21.40,15
2025-10-11T12:45:00Z,NO4,4.33,15
2025-10-11T12:45:00Z,NO5,48.36,15
2025-10-11T12:45:00Z,PL,111.23,15
2025-10-11T12:45:00Z,PT,3.52,15
2025-10-11T12:45:00Z,RO,55.98,15
2025-10-11T12:45:00Z,SE1,0.69,15
2025-10-11T12:45:00Z,SE2,-0.03,15
2025-10-11T12:45:00Z,SE3,24.57,15
2025-10-11T12:45:00Z,SE4,32.04,15
2025-10-11T12:45:00Z,SI,53.91,15
2025-10-11T12:45:00Z,SK,57.42,15
2025-10-11T13:00:00Z,AT,42.56,15
2025-10-11T13:00:00Z,BE,64.82,15
2025-10-11T13:00:00Z,CH,72.57,60
2025-10-11T13:00:00Z,CZ,54.44,15
2025-10-11T13:00:00Z,DE-LU,54.55,15
2025-10-11T13:00:00Z,DK1,54.55,15
2025-10-11T13:00:00Z,DK2,54.40,15
2025-10-11T13:00:00Z,EE,0.79,15
2025-10-11T13:00:00Z,ES,3.52,15
2025-10-11T13:00:00Z,FI,0.79,15
2025-10-11T13:00:00Z,FR,8.76,15
2025-10-11T13:00:00Z,HR,54.53,15
2025-10-11T13:00:00Z,HU,54.46,15
2025-10-11T13:00:00Z,IT-CNorth,53.97,15
2025-10-11T13:00:00Z,IT-CSouth,53.97,15
2025-10-11T13:00:00Z,IT-North,53.97,15
2025-10-11T13:00:00Z,IT-Sardinia,53.97,15
2025-10-11T13:00:00Z,IT-South,53.97,15
2025-10-11T13:00:00Z,LT,25.49,15
2025-10-11T13:00:00Z,LV,25.49,15
2025-10-11T13:00:00Z,NL,64.44,15
2025-10-11T13:00:00Z,NO1,56.89,15
2025-10-11T13:00:00Z,NO2,60.22,15
2025-10-11T13:00:00Z,NO3,13.26,15
2025-10-11T13:00:00Z,NO4,1.88,15
2025-10-11T13:00:00Z,NO5,48.98,15
2025-10-11T13:00:00Z,PL,105.60,15
2025-10-11T13:00:00Z,RO,54.48,15
2025-10-11T13:00:00Z,RS,68.40,15
2025-10-11T13:00:00Z,SE1,0.45,15
2025-10-11T13:00:00Z,SE2,0.00,15
2025-10-11T13:00:00Z,SE3,23.92,15
2025-10-11T13:00:00Z,SE4,31.05,15
2025-10-11T13:00:00Z,SI,54.52,15
2025-10-11T13:00:00Z,SK,54.47,15
2025-10-11T13:15:00Z,AT,57.32,15
2025-10-11T13:15:00Z,BE,74.29,15
2025-10-11T13:15:00Z,CZ,76.12,15
2025-10-11T13:15:00Z,DE-LU,75.10,15
2025-10-11T13:15:00Z,DK1,74.39,15
2025-10-11T13:15:00Z,DK2,74.15,15
2025-10-11T13:15:00Z,EE,1.01,15
2025-10-11T13:15:00Z,ES,5.52,15
2025-10-11T13:15:00Z,FI,1.01,15
2025-10-11T13:15:00Z,FR,16.12,15
2025-10-11T13:15:00Z,HR,78.61,15
2025-10-11T13:15:00Z,HU,77.44,15
2025-10-11T13:15:00Z,IT-CNorth,54.79,15
2025-10-11T13:15:00Z,IT-CSouth,54.79,15
2025-10-11T13:15:00Z,IT-North,54.79,15
2025-10-11T13:15:00Z,IT-Sardinia,54.79,15
2025-10-11T13:15:00Z,IT-South,54.79,15
2025-10-11T13:15:00Z,LT,27.52,15
2025-10-11T13:15:00Z,LV,27.52,15
2025-10-11T13:15:00Z,NL,75.12,15
2025-10-11T13:15:00Z,NO1,59.28,15
2025-10-11T13:15:00Z,NO2,64.95,15
2025-10-11T13:15:00Z,NO3,18.06,15
2025-10-11T13:15:00Z,NO4,3.36,15
2025-10-11T13:15:00Z,RO,77.69,15
2025-10-11T13:15:00Z,SE1,0.69,15
2025-10-11T13:15:00Z,SE3,25.78,15
2025-10-11T13:15:00Z,SE4,33.78,15
2025-10-11T13:15:00Z,SI,78.86,15
2025-10-11T13:15:00Z,SK,76.91,15
2025-10-11T13:30:00Z,AT,86.20,15
2025-10-11T13:30:00Z,BE,86.64,15
2025-10-11T13:30:00Z,CZ,91.05,15
2025-10-11T13:30:00Z,DE-LU,89.60,15
2025-10-11T13:30:00Z,DK1,69.05,15
2025-10-11T13:30:00Z,DK2,68.84,15
2025-10-11T13:30:00Z,EE,1.24,15
2025-10-11T13:30:00Z,ES,6.07,15
2025-10-11T13:30:00Z,FI,1.24,15
2025-10-11T13:30:00Z,FR,15.59,15
2025-10-11T13:30:00Z,GR,0.01,15
2025-10-11T13:30:00Z,HR,94.51,15
2025-10-11T13:30:00Z,HU,92.88,15
2025-10-11T13:30:00Z,IT-CNorth,60.00,15
2025-10-11T13:30:00Z,IT-CSouth,60.00,15
2025-10-11T13:30:00Z,IT-North,60.00,15
2025-10-11T13:30:00Z,IT-Sardinia,58.99,15
2025-10-11T13:30:00Z,IT-South,60.00,15
2025-10-11T13:30:00Z,LT,28.59,15
2025-10-11T13:30:00Z,LV,28.59,15
2025-10-11T13:30:00Z,NL,87.86,15
2025-10-11T13:30:00Z,NO1,60.20,15
2025-10-11T13:30:00Z,NO2,67.06,15
2025-10-11T13:30:00Z,NO3,21.50,15
2025-10-11T13:30:00Z,NO4,3.46,15
2025-10-11T13:30:00Z,RO,93.23,15
2025-10-11T13:30:00Z,SE1,0.95,15
2025-10-11T13:30:00Z,SE2,0.01,15
2025-10-11T13:30:00Z,SE3,26.83,15
2025-10-11T13:30:00Z,SE4,34.97,15
2025-10-11T13:30:00Z,SI,94.85,15
2025-10-11T13:30:00Z,SK,92.15,15
2025-10-11T13:45:00Z,AT,117.75,15
2025-10-11T13:45:00Z,BE,100.00,15
2025-10-11T13:45:00Z,CZ,88.66,15
2025-10-11T13:45:00Z,DE-LU,88.52,15
2025-10-11T13:45:00Z,DK1,69.86,15
2025-10-11T13:45:00Z,DK2,69.65,15
2025-10-11T13:45:00Z,EE,1.51,15
2025-10-11T13:45:00Z,ES,6.86,15
2025-10-11T13:45:00Z,FI,1.51,15
2025-10-11T13:45:00Z,FR,21.48,15
2025-10-11T13:45:00Z,GR,81.11,15
2025-10-11T13:45:00Z,HR,89.39,15
2025-10-11T13:45:00Z,HU,89.02,15
2025-10-11T13:45:00Z,IT-CNorth,69.99,15
2025-10-11T13:45:00Z,IT-CSouth,69.99,15
2025-10-11T13:45:00Z,IT-North,69.99,15
2025-10-11T13:45:00Z,IT-South,69.99,15
2025-10-11T13:45:00Z,LT,29.16,15
2025-10-11T13:45:00Z,LV,29.16,15
2025-10-11T13:45:00Z,NL,99.78,15
2025-10-11T13:45:00Z,NO1,60.53,15
2025-10-11T13:45:00Z,NO2,67.84,15
2025-10-11T13:45:00Z,NO3,23.24,15
2025-10-11T13:45:00Z,NO4,3.47,15
2025-10-11T13:45:00Z,NO5,49.07,15
2025-10-11T13:45:00Z,PL,106.16,15
2025-10-11T13:45:00Z,PT,4.31,15
2025-10-11T13:45:00Z,RO,89.11,15
2025-10-11T13:45:00Z,SE1,1.24,15
2025-10-11T13:45:00Z,SE2,0.16,15
2025-10-11T13:45:00Z,SE3,27.38,15
2025-10-11T13:45:00Z,SE4,35.63,15
2025-10-11T13:45:00Z,SI,89.45,15
2025-10-11T13:45:00Z,SK,88.90,15
2025-10-11T14:00:00Z,AT,61.20,15
2025-10-11T14:00:00Z,BE,54.34,15
2025-10-11T14:00:00Z,CH,93.53,60
2025-10-11T14:00:00Z,CZ,65.01,15
2025-10-11T14:00:00Z,DE-LU,62.84,15
2025-10-11T14:00:00Z,DK1,62.84,15
2025-10-11T14:00:00Z,DK2,62.67,15
2025-10-11T14:00:00Z,EE,3.00,15
2025-10-11T14:00:00Z,ES,5.11,15
2025-10-11T14:00:00Z,FI,1.99,15
2025-10-11T14:00:00Z,FR,3.52,15
2025-10-11T14:00:00Z,GR,67.85,15
2025-10-11T14:00:00Z,HR,69.68,15
2025-10-11T14:00:00Z,HU,67.39,15
2025-10-11T14:00:00Z,IT-Sardinia,69.99,15
2025-10-11T14:00:00Z,LT,29.00,15
2025-10-11T14:00:00Z,LV,29.00,15
2025-10-11T14:00:00Z,NL,62.84,15
2025-10-11T14:00:00Z,NO1,59.86,15
2025-10-11T14:00:00Z,NO2,65.79,15
2025-10-11T14:00:00Z,NO3,23.39,15
2025-10-11T14:00:00Z,NO4,2.00,15
2025-10-11T14:00:00Z,NO5,50.41,15
2025-10-11T14:00:00Z,PL,103.86,15
2025-10-11T14:00:00Z,PT,3.52,15
2025-10-11T14:00:00Z,RO,67.85,15
2025-10-11T14:00:00Z,RS,100.09,15
2025-10-11T14:00:00Z,SE1,1.76,15
2025-10-11T14:00:00Z,SE2,0.44,15
2025-10-11T14:00:00Z,SE3,27.15,15
2025-10-11T14:00:00Z,SE4,34.95,15
2025-10-11T14:00:00Z,SI,69.99,15
2025-10-11T14:00:00Z,SK,66.41,15
2025-10-11T14:15:00Z,AT,85.05,15
2025-10-11T14:15:00Z,BE,60.17,15
2025-10-11T14:15:00Z,CZ,79.38,15
2025-10-11T14:15:00Z,DE-LU,76.17,15
2025-10-11T14:15:00Z,DK1,75.71,15
2025-10-11T14:15:00Z,DK2,75.47,15
2025-10-11T14:15:00Z,EE,4.62,15
2025-10-11T14:15:00Z,ES,7.49,15
2025-10-11T14:15:00Z,FI,2.50,15
2025-10-11T14:15:00Z,FR,4.31,15
2025-10-11T14:15:00Z,GR,83.48,15
2025-10-11T14:15:00Z,HR,86.12,15
2025-10-11T14:15:00Z,HU,82.82,15
2025-10-11T14:15:00Z,IT-CNorth,86.57,15
2025-10-11T14:15:00Z,IT-CSouth,86.57,15
2025-10-11T14:15:00Z,IT-North,86.57,15
2025-10-11T14:15:00Z,IT-Sardinia,86.57,15
2025-10-11T14:15:00Z,IT-South,86.57,15
2025-10-11T14:15:00Z,LT,30.21,15
2025-10-11T14:15:00Z,LV,30.21,15
2025-10-11T14:15:00Z,NL,75.71,15
2025-10-11T14:15:00Z,NO1,61.62,15
2025-10-11T14:15:00Z,NO2,68.66,15
2025-10-11T14:15:00Z,NO3,24.01,15
2025-10-11T14:15:00Z,NO4,2.51,15
2025-10-11T14:15:00Z,NO5,50.57,15
2025-10-11T14:15:00Z,PL,114.52,15
2025-10-11T14:15:00Z,PT,4.31,15
2025-10-11T14:15:00Z,RO,83.48,15
2025-10-11T14:15:00Z,SE1,2.26,15
2025-10-11T14:15:00Z,SE2,0.93,15
2025-10-11T14:15:00Z,SE3,28.27,15
2025-10-11T14:15:00Z,SE4,36.49,15
2025-10-11T14:15:00Z,SI,86.57,15
2025-10-11T14:15:00Z,SK,81.40,15
2025-10-11T14:30:00Z,AT,106.12,15
2025-10-11T14:30:00Z,BE,85.50,15
2025-10-11T14:30:00Z,CZ,94.25,15
2025-10-11T14:30:00Z,DE-LU,89.61,15
2025-10-11T14:30:00Z,DK1,89.61,15
2025-10-11T14:30:00Z,DK2,89.34,15
2025-10-11T14:30:00Z,EE,20.75,15
2025-10-11T14:30:00Z,ES,10.55,15
2025-10-11T14:30:00Z,FI,3.52,15
2025-10-11T14:30:00Z,FR,11.85,15
2025-10-11T14:30:00Z,GR,94.61,15
2025-10-11T14:30:00Z,HR,102.74,15
2025-10-11T14:30:00Z,HU,98.59,15
2025-10-11T14:30:00Z,IT-CNorth,103.33,15
2025-10-11T14:30:00Z,IT-CSouth,103.33,15
2025-10-11T14:30:00Z,IT-North,103.33,15
2025-10-11T14:30:00Z,IT-Sardinia,103.33,15
2025-10-11T14:30:00Z,IT-South,103.33,15
2025-10-11T14:30:00Z,LT,37.48,15
2025-10-11T14:30:00Z,LV,37.48,15
2025-10-11T14:30:00Z,NL,119.69,15
2025-10-11T14:30:00Z,NO1,52.99,15
2025-10-11T14:30:00Z,NO2,69.20,15
2025-10-11T14:30:00Z,NO3,21.33,15
2025-10-11T14:30:00Z,NO4,3.34,15
2025-10-11T14:30:00Z,NO5,50.69,15
2025-10-11T14:30:00Z,PL,135.72,15
2025-10-11T14:30:00Z,PT,5.76,15
2025-10-11T14:30:00Z,RO,99.40,15
2025-10-11T14:30:00Z,SE1,2.94,15
2025-10-11T14:30:00Z,SE2,0.49,15
2025-10-11T14:30:00Z,SE3,34.38,15
2025-10-11T14:30:00Z,SE4,42.30,15
2025-10-11T14:30:00Z,SI,103.33,15
2025-10-11T14:30:00Z,SK,96.73,15
2025-10-11T14:45:00Z,AT,130.03,15
2025-10-11T14:45:00Z,BE,95.99,15
2025-10-11T14:45:00Z,CZ,110.56,15
2025-10-11T14:45:00Z,DE-LU,105.98,15
2025-10-11T14:45:00Z,DK1,103.70,15
2025-10-11T14:45:00Z,DK2,103.41,15
2025-10-11T14:45:00Z,ES,27.53,15
2025-10-11T14:45:00Z,FI,4.08,15
2025-10-11T14:45:00Z,FR,19.81,15
2025-10-11T14:45:00Z,GR,115.90,15
2025-10-11T14:45:00Z,HR,119.35,15
2025-10-11T14:45:00Z,HU,115.05,15
2025-10-11T14:45:00Z,IT-CNorth,119.50,15
2025-10-11T14:45:00Z,IT-CSouth,119.50,15
2025-10-11T14:45:00Z,IT-North,119.50,15
2025-10-11T14:45:00Z,IT-Sardinia,119.50,15
2025-10-11T14:45:00Z,IT-Sicily,119.50,15
2025-10-11T14:45:00Z,IT-South,119.50,15
2025-10-11T14:45:00Z,LT,109.48,15
2025-10-11T14:45:00Z,LV,109.48,15
2025-10-11T14:45:00Z,NL,125.77,15
2025-10-11T14:45:00Z,NO1,47.56,15
2025-10-11T14:45:00Z,NO2,69.87,15
2025-10-11T14:45:00Z,NO3,18.50,15
2025-10-11T14:45:00Z,NO4,2.79,15
2025-10-11T14:45:00Z,NO5,50.96,15
2025-10-11T14:45:00Z,PL,115.24,15
2025-10-11T14:45:00Z,PT,16.46,15
2025-10-11T14:45:00Z,RO,115.90,15
2025-10-11T14:45:00Z,SE1,3.12,15
2025-10-11T14:45:00Z,SE2,-0.68,15
2025-10-11T14:45:00Z,SE3,41.99,15
2025-10-11T14:45:00Z,SE4,49.96,15
2025-10-11T14:45:00Z,SI,119.96,15
2025-10-11T14:45:00Z,SK,113.16,15
2025-10-11T15:00:00Z,AT,86.20,15
2025-10-11T15:00:00Z,BE,72.03,15
2025-10-11T15:00:00Z,CH,114.00,60
2025-10-11T15:00:00Z,CZ,86.02,15
2025-10-11T15:00:00Z,DE-LU,83.89,15
2025-10-11T15:00:00Z,DK1,76.12,15
2025-10-11T15:00:00Z,DK2,81.81,15
2025-10-11T15:00:00Z,EE,20.76,15
2025-10-11T15:00:00Z,ES,34.72,15
2025-10-11T15:00:00Z,FI,2.85,15
2025-10-11T15:00:00Z,FR,15.88,15
2025-10-11T15:00:00Z,GR,89.04,15
2025-10-11T15:00:00Z,HR,90.96,15
2025-10-11T15:00:00Z,HU,88.52,15
2025-10-11T15:00:00Z,IT-CNorth,91.29,15
2025-10-11T15:00:00Z,IT-CSouth,91.29,15
2025-10-11T15:00:00Z,IT-North,91.29,15
2025-10-11T15:00:00Z,IT-Sardinia,91.29,15
2025-10-11T15:00:00Z,IT-Sicily,107.91,15
2025-10-11T15:00:00Z,IT-South,91.29,15
2025-10-11T15:00:00Z,LT,85.72,15
2025-10-11T15:00:00Z,LV,85.72,15
2025-10-11T15:00:00Z,NL,75.92,15
2025-10-11T15:00:00Z,NO1,56.95,15
2025-10-11T15:00:00Z,NO2,68.05,15
2025-10-11T15:00:00Z,NO3,25.75,15
2025-10-11T15:00:00Z,NO4,4.26,15
2025-10-11T15:00:00Z,NO5,48.96,15
2025-10-11T15:00:00Z,PL,104.66,15
2025-10-11T15:00:00Z,PT,15.88,15
2025-10-11T15:00:00Z,RO,89.04,15
2025-10-11T15:00:00Z,RS,138.06,15
2025-10-11T15:00:00Z,SE1,3.22,15
2025-10-11T15:00:00Z,SE2,1.55,15
2025-10-11T15:00:00Z,SE3,36.00,15
2025-10-11T15:00:00Z,SE4,72.68,15
2025-10-11T15:00:00Z,SI,91.29,15
2025-10-11T15:00:00Z,SK,87.56,15
2025-10-11T15:15:00Z,AT,100.34,15
2025-10-11T15:15:00Z,BE,87.18,15
2025-10-11T15:15:00Z,CZ,101.39,15
2025-10-11T15:15:00Z,DE-LU,99.22,15
2025-10-11T15:15:00Z,DK1,91.19,15
2025-10-11T15:15:00Z,DK2,92.63,15
2025-10-11T15:15:00Z,EE,20.77,15
2025-10-11T15:15:00Z,ES,27.72,15
2025-10-11T15:15:00Z,FI,3.04,15
2025-10-11T15:15:00Z,FR,30.20,15
2025-10-11T15:15:00Z,GR,104.45,15
2025-10-11T15:15:00Z,HR,106.40,15
2025-10-11T15:15:00Z,HU,103.92,15
2025-10-11T15:15:00Z,IT-CNorth,106.73,15
2025-10-11T15:15:00Z,IT-CSouth,106.73,15
2025-10-11T15:15:00Z,IT-North,106.73,15
2025-10-11T15:15:00Z,IT-Sardinia,106.73,15
2025-10-11T15:15:00Z,IT-South,106.73,15
2025-10-11T15:15:00Z,LT,101.08,15
2025-10-11T15:15:00Z,LV,101.08,15
2025-10-11T15:15:00Z,NL,91.14,15
2025-10-11T15:15:00Z,NO1,49.98,15
2025-10-11T15:15:00Z,NO2,68.89,15
2025-10-11T15:15:00Z,NO3,24.02,15
2025-10-11T15:15:00Z,NO5,49.68,15
2025-10-11T15:15:00Z,PL,107.88,15
2025-10-11T15:15:00Z,PT,30.20,15
2025-10-11T15:15:00Z,RO,104.45,15
2025-10-11T15:15:00Z,SE1,3.27,15
2025-10-11T15:15:00Z,SE2,1.43,15
2025-10-11T15:15:00Z,SE3,35.53,15
2025-10-11T15:15:00Z,SE4,69.33,15
2025-10-11T15:15:00Z,SI,106.73,15
2025-10-11T15:15:00Z,SK,102.95,15
2025-10-11T15:30:00Z,AT,132.50,15
2025-10-11T15:30:00Z,BE,114.15,15
2025-10-11T15:30:00Z,CZ,128.24,15
2025-10-11T15:30:00Z,DE-LU,126.09,15
2025-10-11T15:30:00Z,DK1,116.06,15
2025-10-11T15:30:00Z,DK2,115.78,15
2025-10-11T15:30:00Z,ES,45.53,15
2025-10-11T15:30:00Z,FI,3.14,15
2025-10-11T15:30:00Z,FR,57.65,15
2025-10-11T15:30:00Z,GR,131.27,15
2025-10-11T15:30:00Z,HR,133.21,15
2025-10-11T15:30:00Z,HU,130.75,15
2025-10-11T15:30:00Z,IT-CNorth,130.00,15
2025-10-11T15:30:00Z,IT-CSouth,130.00,15
2025-10-11T15:30:00Z,IT-North,130.00,15
2025-10-11T15:30:00Z,IT-Sardinia,130.00,15
2025-10-11T15:30:00Z,IT-Sicily,130.00,15
2025-10-11T15:30:00Z,IT-South,130.00,15
2025-10-11T15:30:00Z,LT,127.93,15
2025-10-11T15:30:00Z,LV,127.93,15
2025-10-11T15:30:00Z,NL,118.07,15
2025-10-11T15:30:00Z,NO1,40.56,15
2025-10-11T15:30:00Z,NO2,70.91,15
2025-10-11T15:30:00Z,NO3,21.95,15
2025-10-11T15:30:00Z,NO4,4.39,15
2025-10-11T15:30:00Z,NO5,48.26,15
2025-10-11T15:30:00Z,PL,127.93,15
2025-10-11T15:30:00Z,PT,57.65,15
2025-10-11T15:30:00Z,RO,131.27,15
2025-10-11T15:30:00Z,SE1,3.34,15
2025-10-11T15:30:00Z,SE2,1.74,15
2025-10-11T15:30:00Z,SE3,31.39,15
2025-10-11T15:30:00Z,SE4,61.57,15
2025-10-11T15:30:00Z,SI,133.53,15
2025-10-11T15:30:00Z,SK,129.78,15
2025-10-11T15:45:00Z,AT,150.08,15
2025-10-11T15:45:00Z,BE,132.81,15
2025-10-11T15:45:00Z,CZ,149.29,15
2025-10-11T15:45:00Z,DE-LU,146.82,15
2025-10-11T15:45:00Z,DK1,136.97,15
2025-10-11T15:45:00Z,DK2,136.57,15
2025-10-11T15:45:00Z,ES,65.13,15
2025-10-11T15:45:00Z,FI,3.68,15
2025-10-11T15:45:00Z,FR,66.52,15
2025-10-11T15:45:00Z,GR,153.29,15
2025-10-11T15:45:00Z,HR,155.37,15
2025-10-11T15:45:00Z,HU,152.69,15
2025-10-11T15:45:00Z,IT-CNorth,132.78,15
2025-10-11T15:45:00Z,IT-CSouth,132.78,15
2025-10-11T15:45:00Z,IT-North,132.78,15
2025-10-11T15:45:00Z,IT-Sardinia,132.78,15
2025-10-11T15:45:00Z,IT-Sicily,132.78,15
2025-10-11T15:45:00Z,IT-South,132.78,15
2025-10-11T15:45:00Z,LT,148.93,15
2025-10-11T15:45:00Z,LV,148.93,15
2025-10-11T15:45:00Z,NL,137.41,15
2025-10-11T15:45:00Z,NO1,39.42,15
2025-10-11T15:45:00Z,NO2,72.26,15
2025-10-11T15:45:00Z,NO3,21.89,15
2025-10-11T15:45:00Z,NO4,4.59,15
2025-10-11T15:45:00Z,NO5,48.06,15
2025-10-11T15:45:00Z,PL,148.93,15
2025-10-11T15:45:00Z,PT,64.20,15
2025-10-11T15:45:00Z,RO,153.29,15
2025-10-11T15:45:00Z,SE1,3.88,15
2025-10-11T15:45:00Z,SE2,2.30,15
2025-10-11T15:45:00Z,SE3,31.25,15
2025-10-11T15:45:00Z,SE4,61.21,15
2025-10-11T15:45:00Z,SI,155.69,15
2025-10-11T15:45:00Z,SK,151.00,15
2025-10-11T16:00:00Z,AT,112.33,15
2025-10-11T16:00:00Z,BE,97.61,15
2025-10-11T16:00:00Z,CH,124.22,60
2025-10-11T16:00:00Z,CZ,108.94,15
2025-10-11T16:00:00Z,DE-LU,110.81,15
2025-10-11T16:00:00Z,DK1,102.94,15
2025-10-11T16:00:00Z,DK2,102.62,15
2025-10-11T16:00:00Z,EE,20.78,15
2025-10-11T16:00:00Z,ES,73.43,15
2025-10-11T16:00:00Z,FI,3.16,15
2025-10-11T16:00:00Z,FR,63.42,15
2025-10-11T16:00:00Z,GR,145.68,15
2025-10-11T16:00:00Z,HR,132.39,15
2025-10-11T16:00:00Z,HU,145.23,15
2025-10-11T16:00:00Z,IT-CNorth,127.50,15
2025-10-11T16:00:00Z,IT-CSouth,127.50,15
2025-10-11T16:00:00Z,IT-North,127.50,15
2025-10-11T16:00:00Z,IT-Sardinia,122.00,15
2025-10-11T16:00:00Z,IT-Sicily,127.50,15
2025-10-11T16:00:00Z,IT-South,127.50,15
2025-10-11T16:00:00Z,LT,108.72,15
2025-10-11T16:00:00Z,LV,108.72,15
2025-10-11T16:00:00Z,NL,102.94,15
2025-10-11T16:00:00Z,NO1,41.98,15
2025-10-11T16:00:00Z,NO2,69.85,15
2025-10-11T16:00:00Z,NO3,23.03,15
2025-10-11T16:00:00Z,NO4,4.70,15
2025-10-11T16:00:00Z,NO5,49.28,15
2025-10-11T16:00:00Z,PL,108.72,15
2025-10-11T16:00:00Z,PT,63.42,15
2025-10-11T16:00:00Z,RO,145.68,15
2025-10-11T16:00:00Z,RS,165.90,15
2025-10-11T16:00:00Z,SE1,3.37,15
2025-10-11T16:00:00Z,SE2,1.72,15
2025-10-11T16:00:00Z,SE3,32.60,15
2025-10-11T16:00:00Z,SE4,62.59,15
2025-10-11T16:00:00Z,SI,127.50,15
2025-10-11T16:00:00Z,SK,102.35,15
2025-10-11T16:15:00Z,AT,117.23,15
2025-10-11T16:15:00Z,BE,114.58,15
2025-10-11T16:15:00Z,CZ,122.74,15
2025-10-11T16:15:00Z,DE-LU,122.14,15
2025-10-11T16:15:00Z,DK1,117.06,15
2025-10-11T16:15:00Z,DK2,116.61,15
2025-10-11T16:15:00Z,EE,20.83,15
2025-10-11T16:15:00Z,ES,83.66,15
2025-10-11T16:15:00Z,FI,3.69,15
2025-10-11T16:15:00Z,FR,77.22,15
2025-10-11T16:15:00Z,GR,131.64,15
2025-10-11T16:15:00Z,HR,129.84,15
2025-10-11T16:15:00Z,HU,131.31,15
2025-10-11T16:15:00Z,IT-CNorth,129.00,15
2025-10-11T16:15:00Z,IT-CSouth,129.00,15
2025-10-11T16:15:00Z,IT-North,129.00,15
2025-10-11T16:15:00Z,IT-Sicily,129.00,15
2025-10-11T16:15:00Z,IT-South,129.00,15
2025-10-11T16:15:00Z,LT,122.57,15
2025-10-11T16:15:00Z,LV,122.57,15
2025-10-11T16:15:00Z,NL,117.06,15
2025-10-11T16:15:00Z,NO1,39.93,15
2025-10-11T16:15:00Z,NO2,70.63,15
2025-10-11T16:15:00Z,NO3,22.56,15
2025-10-11T16:15:00Z,NO4,4.79,15
2025-10-11T16:15:00Z,NO5,48.40,15
2025-10-11T16:15:00Z,PL,122.57,15
2025-10-11T16:15:00Z,PT,77.22,15
2025-10-11T16:15:00Z,RO,131.64,15
2025-10-11T16:15:00Z,SE1,3.89,15
2025-10-11T16:15:00Z,SE2,2.30,15
2025-10-11T16:15:00Z,SE3,31.91,15
2025-10-11T16:15:00Z,SE4,61.06,15
2025-10-11T16:15:00Z,SI,129.00,15
2025-10-11T16:15:00Z,SK,122.13,15
2025-10-11T16:30:00Z,AT,126.23,15
2025-10-11T16:30:00Z,BE,123.38,15
2025-10-11T16:30:00Z,CZ,128.63,15
2025-10-11T16:30:00Z,DE-LU,129.90,15
2025-10-11T16:30:00Z,DK1,125.49,15
2025-10-11T16:30:00Z,DK2,124.94,15
2025-10-11T16:30:00Z,EE,20.78,15
2025-10-11T16:30:00Z,ES,90.61,15
2025-10-11T16:30:00Z,FI,3.59,15
2025-10-11T16:30:00Z,FR,90.61,15
2025-10-11T16:30:00Z,GR,153.29,15
2025-10-11T16:30:00Z,HR,144.38,15
2025-10-11T16:30:00Z,HU,152.99,15
2025-10-11T16:30:00Z,IT-CNorth,140.00,15
2025-10-11T16:30:00Z,IT-CSouth,140.00,15
2025-10-11T16:30:00Z,IT-North,140.00,15
2025-10-11T16:30:00Z,IT-Sicily,140.00,15
2025-10-11T16:30:00Z,IT-South,140.00,15
2025-10-11T16:30:00Z,LT,128.50,15
2025-10-11T16:30:00Z,LV,128.50,15
2025-10-11T16:30:00Z,NL,125.49,15
2025-10-11T16:30:00Z,NO1,36.66,15
2025-10-11T16:30:00Z,NO2,72.00,15
2025-10-11T16:30:00Z,NO3,21.58,15
2025-10-11T16:30:00Z,NO4,4.90,15
2025-10-11T16:30:00Z,NO5,47.00,15
2025-10-11T16:30:00Z,PL,128.50,15
2025-10-11T16:30:00Z,PT,90.61,15
2025-10-11T16:30:00Z,RO,153.29,15
2025-10-11T16:30:00Z,SE1,3.78,15
2025-10-11T16:30:00Z,SE3,30.42,15
2025-10-11T16:30:00Z,SE4,58.43,15
2025-10-11T16:30:00Z,SI,141.09,15
2025-10-11T16:30:00Z,SK,124.20,15
2025-10-11T16:45:00Z,AT,157.41,15
2025-10-11T16:45:00Z,BE,135.85,15
2025-10-11T16:45:00Z,CZ,143.28,15
2025-10-11T16:45:00Z,DE-LU,142.90,15
2025-10-11T16:45:00Z,DK1,138.17,15
2025-10-11T16:45:00Z,DK2,137.47,15
2025-10-11T16:45:00Z,ES,95.19,15
2025-10-11T16:45:00Z,FI,3.39,15
2025-10-11T16:45:00Z,FR,101.00,15
2025-10-11T16:45:00Z,GR,153.30,15
2025-10-11T16:45:00Z,HR,150.87,15
2025-10-11T16:45:00Z,IT-CNorth,149.83,15
2025-10-11T16:45:00Z,IT-CSouth,149.83,15
2025-10-11T16:45:00Z,IT-North,149.83,15
2025-10-11T16:45:00Z,IT-Sardinia,133.75,15
2025-10-11T16:45:00Z,IT-Sicily,149.83,15
2025-10-11T16:45:00Z,IT-South,149.83,15
2025-10-11T16:45:00Z,LT,143.12,15
2025-10-11T16:45:00Z,LV,143.12,15
2025-10-11T16:45:00Z,NL,138.17,15
2025-10-11T16:45:00Z,NO1,30.32,15
2025-10-11T16:45:00Z,NO2,73.20,15
2025-10-11T16:45:00Z,NO3,19.58,15
2025-10-11T16:45:00Z,NO4,5.18,15
2025-10-11T16:45:00Z,NO5,43.79,15
2025-10-11T16:45:00Z,PL,143.12,15
2025-10-11T16:45:00Z,PT,101.00,15
2025-10-11T16:45:00Z,RO,153.30,15
2025-10-11T16:45:00Z,SE1,3.55,15
2025-10-11T16:45:00Z,SE3,27.30,15
2025-10-11T16:45:00Z,SE4,52.83,15
2025-10-11T16:45:00Z,SI,149.83,15
2025-10-11T16:45:00Z,SK,142.31,15
2025-10-11T17:00:00Z,AT,132.58,15
2025-10-11T17:00:00Z,BE,125.50,15
2025-10-11T17:00:00Z,CH,127.54,60
2025-10-11T17:00:00Z,CZ,130.68,15
2025-10-11T17:00:00Z,DE-LU,130.59,15
2025-10-11T17:00:00Z,DK1,127.16,15
2025-10-11T17:00:00Z,DK2,126.63,15
2025-10-11T17:00:00Z,EE,5.10,15
2025-10-11T17:00:00Z,ES,99.63,15
2025-10-11T17:00:00Z,FI,3.59,15
2025-10-11T17:00:00Z,FR,100.52,15
2025-10-11T17:00:00Z,GR,139.39,15
2025-10-11T17:00:00Z,HR,136.97,15
2025-10-11T17:00:00Z,HU,139.20,15
2025-10-11T17:00:00Z,IT-CNorth,136.00,15
2025-10-11T17:00:00Z,IT-CSouth,136.00,15
2025-10-11T17:00:00Z,IT-North,136.00,15
2025-10-11T17:00:00Z,IT-Sicily,136.00,15
2025-10-11T17:00:00Z,IT-South,136.00,15
2025-10-11T17:00:00Z,LT,130.56,15
2025-10-11T17:00:00Z,LV,130.56,15
2025-10-11T17:00:00Z,NL,127.16,15
2025-10-11T17:00:00Z,NO1,39.62,15
2025-10-11T17:00:00Z,NO2,72.19,15
2025-10-11T17:00:00Z,NO3,21.74,15
2025-10-11T17:00:00Z,NO4,4.66,15
2025-10-11T17:00:00Z,NO5,47.66,15
2025-10-11T17:00:00Z,PL,130.56,15
2025-10-11T17:00:00Z,PT,100.52,15
2025-10-11T17:00:00Z,RO,139.39,15
2025-10-11T17:00:00Z,RS,162.00,15
2025-10-11T17:00:00Z,SE1,3.80,15
2025-10-11T17:00:00Z,SE2,2.20,15
2025-10-11T17:00:00Z,SE3,32.00,15
2025-10-11T17:00:00Z,SE4,60.87,15
2025-10-11T17:00:00Z,SI,136.00,15
2025-10-11T17:00:00Z,SK,129.62,15
2025-10-11T17:15:00Z,AT,130.07,15
2025-10-11T17:15:00Z,BE,133.41,15
2025-10-11T17:15:00Z,CZ,139.91,15
2025-10-11T17:15:00Z,DE-LU,139.21,15
2025-10-11T17:15:00Z,DK1,135.31,15
2025-10-11T17:15:00Z,DK2,134.70,15
2025-10-11T17:15:00Z,EE,5.04,15
2025-10-11T17:15:00Z,ES,105.10,15
2025-10-11T17:15:00Z,FI,2.99,15
2025-10-11T17:15:00Z,FR,105.10,15
2025-10-11T17:15:00Z,GR,144.24,15
2025-10-11T17:15:00Z,HR,143.91,15
2025-10-11T17:15:00Z,HU,144.00,15
2025-10-11T17:15:00Z,IT-CNorth,149.56,15
2025-10-11T17:15:00Z,IT-CSouth,149.56,15
2025-10-11T17:15:00Z,IT-North,149.56,15
2025-10-11T17:15:00Z,IT-Sardinia,149.56,15
2025-10-11T17:15:00Z,IT-Sicily,149.56,15
2025-10-11T17:15:00Z,IT-South,149.56,15
2025-10-11T17:15:00Z,LT,139.76,15
2025-10-11T17:15:00Z,LV,139.76,15
2025-10-11T17:15:00Z,NL,135.31,15
2025-10-11T17:15:00Z,NO1,38.70,15
2025-10-11T17:15:00Z,NO2,72.28,15
2025-10-11T17:15:00Z,NO3,21.54,15
2025-10-11T17:15:00Z,NO4,4.68,15
2025-10-11T17:15:00Z,NO5,47.14,15
2025-10-11T17:15:00Z,PL,139.76,15
2025-10-11T17:15:00Z,PT,105.10,15
2025-10-11T17:15:00Z,RO,144.24,15
2025-10-11T17:15:00Z,SE1,3.22,15
2025-10-11T17:15:00Z,SE2,2.14,15
2025-10-11T17:15:00Z,SE3,31.03,15
2025-10-11T17:15:00Z,SE4,59.77,15
2025-10-11T17:15:00Z,SI,143.63,15
2025-10-11T17:15:00Z,SK,139.98,15
2025-10-11T17:30:00Z,AT,138.82,15
2025-10-11T17:30:00Z,BE,124.26,15
2025-10-11T17:30:00Z,CZ,130.58,15
2025-10-11T17:30:00Z,DE-LU,130.31,15
2025-10-11T17:30:00Z,DK1,126.72,15
2025-10-11T17:30:00Z,DK2,126.15,15
2025-10-11T17:30:00Z,EE,5.01,15
2025-10-11T17:30:00Z,ES,105.76,15
2025-10-11T17:30:00Z,FI,2.98,15
2025-10-11T17:30:00Z,FR,109.02,15
2025-10-11T17:30:00Z,GR,136.68,15
2025-10-11T17:30:00Z,HR,135.22,15
2025-10-11T17:30:00Z,HU,136.50,15
2025-10-11T17:30:00Z,IT-CNorth,150.00,15
2025-10-11T17:30:00Z,IT-CSouth,150.00,15
2025-10-11T17:30:00Z,IT-North,150.00,15
2025-10-11T17:30:00Z,IT-Sardinia,150.00,15
2025-10-11T17:30:00Z,IT-Sicily,150.00,15
2025-10-11T17:30:00Z,IT-South,150.00,15
2025-10-11T17:30:00Z,LT,130.45,15
2025-10-11T17:30:00Z,LV,130.45,15
2025-10-11T17:30:00Z,NL,126.72,15
2025-10-11T17:30:00Z,NO1,36.03,15
2025-10-11T17:30:00Z,NO2,72.40,15
2025-10-11T17:30:00Z,NO3,20.70,15
2025-10-11T17:30:00Z,NO4,4.72,15
2025-10-11T17:30:00Z,NO5,45.54,15
2025-10-11T17:30:00Z,PL,130.45,15
2025-10-11T17:30:00Z,PT,109.02,15
2025-10-11T17:30:00Z,RO,136.68,15
2025-10-11T17:30:00Z,SE1,3.21,15
2025-10-11T17:30:00Z,SE2,2.30,15
2025-10-11T17:30:00Z,SE3,29.61,15
2025-10-11T17:30:00Z,SE4,56.84,15
2025-10-11T17:30:00Z,SI,134.60,15
2025-10-11T17:30:00Z,SK,130.00,15
2025-10-11T17:45:00Z,AT,142.54,15
2025-10-11T17:45:00Z,BE,119.08,15
2025-10-11T17:45:00Z,CZ,120.84,15
2025-10-11T17:45:00Z,DE-LU,120.58,15
2025-10-11T17:45:00Z,DK1,119.57,15
2025-10-11T17:45:00Z,DK2,119.06,15
2025-10-11T17:45:00Z,EE,5.05,15
2025-10-11T17:45:00Z,ES,110.32,15
2025-10-11T17:45:00Z,FI,2.88,15
2025-10-11T17:45:00Z,FR,111.76,15
2025-10-11T17:45:00Z,GR,121.22,15
2025-10-11T17:45:00Z,HR,121.46,15
2025-10-11T17:45:00Z,HU,121.15,15
2025-10-11T17:45:00Z,IT-CNorth,149.56,15
2025-10-11T17:45:00Z,IT-CSouth,149.56,15
2025-10-11T17:45:00Z,IT-North,149.56,15
2025-10-11T17:45:00Z,IT-Sardinia,149.56,15
2025-10-11T17:45:00Z,IT-Sicily,149.56,15
2025-10-11T17:45:00Z,IT-South,149.56,15
2025-10-11T17:45:00Z,LT,120.80,15
2025-10-11T17:45:00Z,LV,120.80,15
2025-10-11T17:45:00Z,NL,119.57,15
2025-10-11T17:45:00Z,NO1,36.29,15
2025-10-11T17:45:00Z,NO2,71.62,15
2025-10-11T17:45:00Z,NO3,20.82,15
2025-10-11T17:45:00Z,NO4,4.74,15
2025-10-11T17:45:00Z,NO5,45.47,15
2025-10-11T17:45:00Z,PL,120.80,15
2025-10-11T17:45:00Z,PT,111.76,15
2025-10-11T17:45:00Z,RO,121.22,15
2025-10-11T17:45:00Z,SE1,3.12,15
2025-10-11T17:45:00Z,SE2,2.44,15
2025-10-11T17:45:00Z,SE3,29.47,15
2025-10-11T17:45:00Z,SE4,56.51,15
2025-10-11T17:45:00Z,SI,121.50,15
2025-10-11T17:45:00Z,SK,121.04,15
2025-10-11T18:00:00Z,AT,140.03,15
2025-10-11T18:00:00Z,BE,139.41,15
2025-10-11T18:00:00Z,CH,119.97,60
2025-10-11T18:00:00Z,CZ,146.72,15
2025-10-11T18:00:00Z,DE-LU,145.64,15
2025-10-11T18:00:00Z,DK1,138.95,15
2025-10-11T18:00:00Z,DK2,138.32,15
2025-10-11T18:00:00Z,EE,4.60,15
2025-10-11T18:00:00Z,ES,109.50,15
2025-10-11T18:00:00Z,FI,1.51,15
2025-10-11T18:00:00Z,FR,109.02,15
2025-10-11T18:00:00Z,GR,148.27,15
2025-10-11T18:00:00Z,HR,149.26,15
2025-10-11T18:00:00Z,HU,148.01,15
2025-10-11T18:00:00Z,LT,146.57,15
2025-10-11T18:00:00Z,LV,146.57,15
2025-10-11T18:00:00Z,NL,141.46,15
2025-10-11T18:00:00Z,NO1,42.62,15
2025-10-11T18:00:00Z,NO2,69.99,15
2025-10-11T18:00:00Z,NO3,23.22,15
2025-10-11T18:00:00Z,NO4,4.83,15
2025-10-11T18:00:00Z,NO5,48.28,15
2025-10-11T18:00:00Z,PL,146.57,15
2025-10-11T18:00:00Z,PT,109.02,15
2025-10-11T18:00:00Z,RO,148.27,15
2025-10-11T18:00:00Z,RS,138.20,15
2025-10-11T18:00:00Z,SE2,2.52,15
2025-10-11T18:00:00Z,SE3,31.23,15
2025-10-11T18:00:00Z,SE4,61.15,15
2025-10-11T18:00:00Z,SI,149.44,15
2025-10-11T18:00:00Z,SK,147.52,15
2025-10-11T18:15:00Z,AT,117.59,15
2025-10-11T18:15:00Z,BE,125.05,15
2025-10-11T18:15:00Z,CZ,128.91,15
2025-10-11T18:15:00Z,DE-LU,128.34,15
2025-10-11T18:15:00Z,DK1,108.11,15
2025-10-11T18:15:00Z,DK2,107.69,15
2025-10-11T18:15:00Z,EE,1.51,15
2025-10-11T18:15:00Z,ES,108.76,15
2025-10-11T18:15:00Z,GR,129.72,15
2025-10-11T18:15:00Z,HR,130.24,15
2025-10-11T18:15:00Z,HU,129.59,15
2025-10-11T18:15:00Z,IT-CNorth,130.34,15
2025-10-11T18:15:00Z,IT-CSouth,130.34,15
2025-10-11T18:15:00Z,IT-North,130.34,15
2025-10-11T18:15:00Z,IT-Sardinia,130.34,15
2025-10-11T18:15:00Z,IT-Sicily,130.34,15
2025-10-11T18:15:00Z,IT-South,130.34,15
2025-10-11T18:15:00Z,LT,128.82,15
2025-10-11T18:15:00Z,LV,128.82,15
2025-10-11T18:15:00Z,NL,126.13,15
2025-10-11T18:15:00Z,NO1,39.09,15
2025-10-11T18:15:00Z,NO2,70.00,15
2025-10-11T18:15:00Z,NO3,20.04,15
2025-10-11T18:15:00Z,NO4,4.87,15
2025-10-11T18:15:00Z,NO5,46.57,15
2025-10-11T18:15:00Z,PL,128.82,15
2025-10-11T18:15:00Z,RO,129.72,15
2025-10-11T18:15:00Z,SE2,2.47,15
2025-10-11T18:15:00Z,SE3,28.84,15
2025-10-11T18:15:00Z,SE4,55.82,15
2025-10-11T18:15:00Z,SI,130.34,15
2025-10-11T18:15:00Z,SK,129.33,15
2025-10-11T18:30:00Z,AT,111.20,15
2025-10-11T18:30:00Z,BE,108.16,15
2025-10-11T18:30:00Z,CZ,108.57,15
2025-10-11T18:30:00Z,DE-LU,108.50,15
2025-10-11T18:30:00Z,DK1,108.27,15
2025-10-11T18:30:00Z,DK2,107.80,15
2025-10-11T18:30:00Z,EE,2.00,15
2025-10-11T18:30:00Z,ES,105.40,15
2025-10-11T18:30:00Z,FI,2.00,15
2025-10-11T18:30:00Z,FR,106.45,15
2025-10-11T18:30:00Z,GR,108.65,15
2025-10-11T18:30:00Z,HR,108.71,15
2025-10-11T18:30:00Z,HU,108.64,15
2025-10-11T18:30:00Z,IT-CNorth,128.51,15
2025-10-11T18:30:00Z,IT-CSouth,128.51,15
2025-10-11T18:30:00Z,IT-North,128.51,15
2025-10-11T18:30:00Z,IT-Sardinia,128.51,15
2025-10-11T18:30:00Z,IT-Sicily,128.51,15
2025-10-11T18:30:00Z,IT-South,128.51,15
2025-10-11T18:30:00Z,LT,108.56,15
2025-10-11T18:30:00Z,LV,108.56,15
2025-10-11T18:30:00Z,NL,108.27,15
2025-10-11T18:30:00Z,NO1,37.95,15
2025-10-11T18:30:00Z,NO2,69.50,15
2025-10-11T18:30:00Z,NO3,12.89,15
2025-10-11T18:30:00Z,NO4,4.83,15
2025-10-11T18:30:00Z,NO5,47.62,15
2025-10-11T18:30:00Z,PL,108.56,15
2025-10-11T18:30:00Z,PT,107.50,15
2025-10-11T18:30:00Z,RO,108.65,15
2025-10-11T18:30:00Z,SE1,3.02,15
2025-10-11T18:30:00Z,SE2,2.48,15
2025-10-11T18:30:00Z,SE3,26.63,15
2025-10-11T18:30:00Z,SE4,50.91,15
2025-10-11T18:30:00Z,SI,108.72,15
2025-10-11T18:30:00Z,SK,108.61,15
2025-10-11T18:45:00Z,AT,96.49,15
2025-10-11T18:45:00Z,BE,99.50,15
2025-10-11T18:45:00Z,CZ,99.70,15
2025-10-11T18:45:00Z,DE-LU,100.06,15
2025-10-11T18:45:00Z,DK1,99.72,15
2025-10-11T18:45:00Z,DK2,99.30,15
2025-10-11T18:45:00Z,EE,2.21,15
2025-10-11T18:45:00Z,ES,102.72,15
2025-10-11T18:45:00Z,FI,2.21,15
2025-10-11T18:45:00Z,FR,97.99,15
2025-10-11T18:45:00Z,GR,103.95,15
2025-10-11T18:45:00Z,HR,102.22,15
2025-10-11T18:45:00Z,HU,103.93,15
2025-10-11T18:45:00Z,LT,99.69,15
2025-10-11T18:45:00Z,LV,99.69,15
2025-10-11T18:45:00Z,NL,99.72,15
2025-10-11T18:45:00Z,NO1,38.58,15
2025-10-11T18:45:00Z,NO2,68.74,15
2025-10-11T18:45:00Z,NO3,10.13,15
2025-10-11T18:45:00Z,NO4,4.53,15
2025-10-11T18:45:00Z,NO5,47.94,15
2025-10-11T18:45:00Z,PL,99.69,15
2025-10-11T18:45:00Z,RO,103.95,15
2025-10-11T18:45:00Z,SE1,2.85,15
2025-10-11T18:45:00Z,SE2,2.52,15
2025-10-11T18:45:00Z,SE3,25.29,15
2025-10-11T18:45:00Z,SE4,47.89,15
2025-10-11T18:45:00Z,SI,101.60,15
2025-10-11T18:45:00Z,SK,98.81,15
2025-10-11T19:00:00Z,AT,124.89,15
2025-10-11T19:00:00Z,BE,119.81,15
2025-10-11T19:00:00Z,CH,112.89,60
2025-10-11T19:00:00Z,CZ,126.59,15
2025-10-11T19:00:00Z,DE-LU,125.80,15
2025-10-11T19:00:00Z,DK1,113.95,15
2025-10-11T19:00:00Z,DK2,113.57,15
2025-10-11T19:00:00Z,EE,1.72,15
2025-10-11T19:00:00Z,ES,111.44,15
2025-10-11T19:00:00Z,FI,1.72,15
2025-10-11T19:00:00Z,FR,104.90,15
2025-10-11T19:00:00Z,GR,127.69,15
2025-10-11T19:00:00Z,HR,128.38,15
2025-10-11T19:00:00Z,HU,127.50,15
2025-10-11T19:00:00Z,LT,47.87,15
2025-10-11T19:00:00Z,LV,47.87,15
2025-10-11T19:00:00Z,NL,122.25,15
2025-10-11T19:00:00Z,NO1,33.63,15
2025-10-11T19:00:00Z,NO2,69.47,15
2025-10-11T19:00:00Z,NO3,15.39,15
2025-10-11T19:00:00Z,NO4,5.50,15
2025-10-11T19:00:00Z,NO5,43.91,15
2025-10-11T19:00:00Z,PL,126.46,15
2025-10-11T19:00:00Z,PT,111.44,15
2025-10-11T19:00:00Z,RO,127.69,15
2025-10-11T19:00:00Z,RS,128.00,15
2025-10-11T19:00:00Z,SE1,3.02,15
2025-10-11T19:00:00Z,SE2,2.34,15
2025-10-11T19:00:00Z,SE3,25.28,15
2025-10-11T19:00:00Z,SE4,48.85,15
2025-10-11T19:00:00Z,SI,128.51,15
2025-10-11T19:00:00Z,SK,127.14,15
2025-10-11T19:15:00Z,AT,127.51,15
2025-10-11T19:15:00Z,BE,109.75,15
2025-10-11T19:15:00Z,CZ,114.61,15
2025-10-11T19:15:00Z,DE-LU,114.05,15
2025-10-11T19:15:00Z,DK1,111.50,15
2025-10-11T19:15:00Z,DK2,111.11,15
2025-10-11T19:15:00Z,EE,2.29,15
2025-10-11T19:15:00Z,ES,109.26,15
2025-10-11T19:15:00Z,FI,2.29,15
2025-10-11T19:15:00Z,FR,99.04,15
2025-10-11T19:15:00Z,GR,115.40,15
2025-10-11T19:15:00Z,HR,115.90,15
2025-10-11T19:15:00Z,HU,115.27,15
2025-10-11T19:15:00Z,IT-CNorth,127.50,15
2025-10-11T19:15:00Z,IT-CSouth,127.50,15
2025-10-11T19:15:00Z,IT-North,127.50,15
2025-10-11T19:15:00Z,IT-Sardinia,127.50,15
2025-10-11T19:15:00Z,IT-Sicily,127.50,15
2025-10-11T19:15:00Z,IT-South,127.50,15
2025-10-11T19:15:00Z,LT,43.69,15
2025-10-11T19:15:00Z,LV,43.69,15
2025-10-11T19:15:00Z,NL,111.50,15
2025-10-11T19:15:00Z,NO1,32.67,15
2025-10-11T19:15:00Z,NO2,68.76,15
2025-10-11T19:15:00Z,NO3,11.01,15
2025-10-11T19:15:00Z,NO4,4.81,15
2025-10-11T19:15:00Z,NO5,43.94,15
2025-10-11T19:15:00Z,PL,114.52,15
2025-10-11T19:15:00Z,PT,111.26,15
2025-10-11T19:15:00Z,RO,115.40,15
2025-10-11T19:15:00Z,SE1,2.94,15
2025-10-11T19:15:00Z,SE2,2.54,15
2025-10-11T19:15:00Z,SE3,23.59,15
2025-10-11T19:15:00Z,SE4,44.85,15
2025-10-11T19:15:00Z,SI,115.99,15
2025-10-11T19:15:00Z,SK,115.01,15
2025-10-11T19:30:00Z,AT,111.20,15
2025-10-11T19:30:00Z,BE,106.12,15
2025-10-11T19:30:00Z,CZ,114.68,15
2025-10-11T19:30:00Z,DE-LU,113.69,15
2025-10-11T19:30:00Z,DK1,109.20,15
2025-10-11T19:30:00Z,DK2,108.80,15
2025-10-11T19:30:00Z,EE,2.92,15
2025-10-11T19:30:00Z,ES,107.02,15
2025-10-11T19:30:00Z,FI,2.92,15
2025-10-11T19:30:00Z,FR,87.25,15
2025-10-11T19:30:00Z,GR,116.08,15
2025-10-11T19:30:00Z,HR,116.95,15
2025-10-11T19:30:00Z,HU,115.84,15
2025-10-11T19:30:00Z,IT-CNorth,124.03,15
2025-10-11T19:30:00Z,IT-CSouth,124.03,15
2025-10-11T19:30:00Z,IT-North,124.03,15
2025-10-11T19:30:00Z,IT-Sardinia,124.03,15
2025-10-11T19:30:00Z,IT-Sicily,124.03,15
2025-10-11T19:30:00Z,IT-South,124.03,15
2025-10-11T19:30:00Z,LT,38.59,15
2025-10-11T19:30:00Z,LV,38.59,15
2025-10-11T19:30:00Z,NL,109.20,15
2025-10-11T19:30:00Z,NO1,30.98,15
2025-10-11T19:30:00Z,NO2,68.91,15
2025-10-11T19:30:00Z,NO3,7.37,15
2025-10-11T19:30:00Z,NO4,3.74,15
2025-10-11T19:30:00Z,NO5,43.15,15
2025-10-11T19:30:00Z,PT,109.02,15
2025-10-11T19:30:00Z,RO,116.08,15
2025-10-11T19:30:00Z,SE1,2.95,15
2025-10-11T19:30:00Z,SE2,2.72,15
2025-10-11T19:30:00Z,SE3,21.42,15
2025-10-11T19:30:00Z,SE4,39.97,15
2025-10-11T19:30:00Z,SI,117.12,15
2025-10-11T19:30:00Z,SK,115.38,15
2025-10-11T19:45:00Z,AT,98.83,15
2025-10-11T19:45:00Z,BE,90.63,15
2025-10-11T19:45:00Z,CZ,97.42,15
2025-10-11T19:45:00Z,DE-LU,96.64,15
2025-10-11T19:45:00Z,DK1,93.07,15
2025-10-11T19:45:00Z,DK2,92.72,15
2025-10-11T19:45:00Z,EE,2.76,15
2025-10-11T19:45:00Z,ES,101.90,15
2025-10-11T19:45:00Z,FI,2.76,15
2025-10-11T19:45:00Z,FR,75.67,15
2025-10-11T19:45:00Z,GR,98.53,15
2025-10-11T19:45:00Z,HR,99.22,15
2025-10-11T19:45:00Z,HU,98.34,15
2025-10-11T19:45:00Z,IT-CNorth,121.00,15
2025-10-11T19:45:00Z,IT-CSouth,121.00,15
2025-10-11T19:45:00Z,IT-North,121.00,15
2025-10-11T19:45:00Z,IT-Sardinia,121.00,15
2025-10-11T19:45:00Z,IT-South,121.00,15
2025-10-11T19:45:00Z,LT,29.87,15
2025-10-11T19:45:00Z,LV,29.87,15
2025-10-11T19:45:00Z,NL,93.07,15
2025-10-11T19:45:00Z,NO1,34.24,15
2025-10-11T19:45:00Z,NO2,68.90,15
2025-10-11T19:45:00Z,NO3,5.13,15
2025-10-11T19:45:00Z,NO4,3.02,15
2025-10-11T19:45:00Z,NO5,42.40,15
2025-10-11T19:45:00Z,PL,103.36,15
2025-10-11T19:45:00Z,PT,107.50,15
2025-10-11T19:45:00Z,RO,98.53,15
2025-10-11T19:45:00Z,SE1,2.77,15
2025-10-11T19:45:00Z,SE2,2.71,15
2025-10-11T19:45:00Z,SE3,16.75,15
2025-10-11T19:45:00Z,SE4,31.06,15
2025-10-11T19:45:00Z,SI,99.35,15
2025-10-11T19:45:00Z,SK,97.98,15
2025-10-11T20:00:00Z,AT,116.44,15
2025-10-11T20:00:00Z,BE,110.17,15
2025-10-11T20:00:00Z,CH,111.00,60
2025-10-11T20:00:00Z,CZ,123.93,15
2025-10-11T20:00:00Z,DE-LU,122.50,15
2025-10-11T20:00:00Z,DK1,112.61,15
2025-10-11T20:00:00Z,DK2,112.01,15
2025-10-11T20:00:00Z,EE,2.78,15
2025-10-11T20:00:00Z,ES,109.02,15
2025-10-11T20:00:00Z,FI,2.78,15
2025-10-11T20:00:00Z,FR,80.18,15
2025-10-11T20:00:00Z,GR,126.16,15
2025-10-11T20:00:00Z,HR,127.51,15
2025-10-11T20:00:00Z,HU,125.79,15
2025-10-11T20:00:00Z,IT-CNorth,127.83,15
2025-10-11T20:00:00Z,IT-CSouth,127.83,15
2025-10-11T20:00:00Z,IT-North,127.83,15
2025-10-11T20:00:00Z,IT-Sardinia,127.83,15
2025-10-11T20:00:00Z,IT-Sicily,127.83,15
2025-10-11T20:00:00Z,IT-South,127.83,15
2025-10-11T20:00:00Z,LT,7.64,15
2025-10-11T20:00:00Z,LV,7.64,15
2025-10-11T20:00:00Z,NL,115.27,15
2025-10-11T20:00:00Z,NO1,27.75,15
2025-10-11T20:00:00Z,NO2,68.69,15
2025-10-11T20:00:00Z,NO3,7.59,15
2025-10-11T20:00:00Z,NO4,3.57,15
2025-10-11T20:00:00Z,NO5,39.88,15
2025-10-11T20:00:00Z,PL,123.67,15
2025-10-11T20:00:00Z,PT,109.02,15
2025-10-11T20:00:00Z,RO,126.16,15
2025-10-11T20:00:00Z,RS,116.00,15
2025-10-11T20:00:00Z,SE1,2.90,15
2025-10-11T20:00:00Z,SE2,2.75,15
2025-10-11T20:00:00Z,SE3,5.00,15
2025-10-11T20:00:00Z,SE4,9.55,15
2025-10-11T20:00:00Z,SI,127.83,15
2025-10-11T20:00:00Z,SK,125.04,15
2025-10-11T20:15:00Z,AT,119.94,15
2025-10-11T20:15:00Z,BE,102.76,15
2025-10-11T20:15:00Z,CZ,111.29,15
2025-10-11T20:15:00Z,DE-LU,110.40,15
2025-10-11T20:15:00Z,DK1,105.92,15
2025-10-11T20:15:00Z,DK2,105.34,15
2025-10-11T20:15:00Z,EE,2.44,15
2025-10-11T20:15:00Z,ES,103.43,15
2025-10-11T20:15:00Z,FI,2.44,15
2025-10-11T20:15:00Z,FR,84.16,15
2025-10-11T20:15:00Z,GR,112.67,15
2025-10-11T20:15:00Z,HR,113.51,15
2025-10-11T20:15:00Z,HU,112.44,15
2025-10-11T20:15:00Z,IT-CNorth,120.00,15
2025-10-11T20:15:00Z,IT-CSouth,120.00,15
2025-10-11T20:15:00Z,IT-North,120.00,15
2025-10-11T20:15:00Z,IT-Sardinia,120.00,15
2025-10-11T20:15:00Z,IT-Sicily,120.00,15
2025-10-11T20:15:00Z,IT-South,120.00,15
2025-10-11T20:15:00Z,LT,3.51,15
2025-10-11T20:15:00Z,LV,3.51,15
2025-10-11T20:15:00Z,NL,105.92,15
2025-10-11T20:15:00Z,NO1,33.88,15
2025-10-11T20:15:00Z,NO2,67.52,15
2025-10-11T20:15:00Z,NO3,8.53,15
2025-10-11T20:15:00Z,NO4,3.65,15
2025-10-11T20:15:00Z,NO5,42.53,15
2025-10-11T20:15:00Z,PL,111.13,15
2025-10-11T20:15:00Z,PT,107.50,15
2025-10-11T20:15:00Z,RO,112.67,15
2025-10-11T20:15:00Z,SE1,2.67,15
2025-10-11T20:15:00Z,SE2,2.45,15
2025-10-11T20:15:00Z,SE3,2.27,15
2025-10-11T20:15:00Z,SE4,4.63,15
2025-10-11T20:15:00Z,SI,113.71,15
2025-10-11T20:15:00Z,SK,111.98,15
2025-10-11T20:30:00Z,AT,111.20,15
2025-10-11T20:30:00Z,BE,101.57,15
2025-10-11T20:30:00Z,CZ,101.57,15
2025-10-11T20:30:00Z,DE-LU,101.57,15
2025-10-11T20:30:00Z,DK1,101.57,15
2025-10-11T20:30:00Z,DK2,101.01,15
2025-10-11T20:30:00Z,EE,1.99,15
2025-10-11T20:30:00Z,ES,102.15,15
2025-10-11T20:30:00Z,FI,2.00,15
2025-10-11T20:30:00Z,FR,101.57,15
2025-10-11T20:30:00Z,GR,101.57,15
2025-10-11T20:30:00Z,HR,101.57,15
2025-10-11T20:30:00Z,HU,101.57,15
2025-10-11T20:30:00Z,IT-CNorth,114.00,15
2025-10-11T20:30:00Z,IT-CSouth,114.00,15
2025-10-11T20:30:00Z,IT-North,114.00,15
2025-10-11T20:30:00Z,IT-Sardinia,114.00,15
2025-10-11T20:30:00Z,IT-Sicily,114.00,15
2025-10-11T20:30:00Z,IT-South,114.00,15
2025-10-11T20:30:00Z,NL,101.57,15
2025-10-11T20:30:00Z,NO1,34.87,15
2025-10-11T20:30:00Z,NO3,9.25,15
2025-10-11T20:30:00Z,NO5,42.25,15
2025-10-11T20:30:00Z,PL,101.57,15
2025-10-11T20:30:00Z,PT,106.34,15
2025-10-11T20:30:00Z,RO,101.57,15
2025-10-11T20:30:00Z,SE1,2.35,15
2025-10-11T20:30:00Z,SE2,2.07,15
2025-10-11T20:30:00Z,SE3,1.75,15
2025-10-11T20:30:00Z,SE4,4.00,15
2025-10-11T20:30:00Z,SI,101.57,15
2025-10-11T20:30:00Z,SK,101.57,15
2025-10-11T20:45:00Z,AT,105.05,15
2025-10-11T20:45:00Z,BE,93.16,15
2025-10-11T20:45:00Z,CZ,93.16,15
2025-10-11T20:45:00Z,DE-LU,93.16,15
2025-10-11T20:45:00Z,DK1,93.16,15
2025-10-11T20:45:00Z,DK2,92.64,15
2025-10-11T20:45:00Z,EE,1.62,15
2025-10-11T20:45:00Z,ES,98.93,15
2025-10-11T20:45:00Z,FI,1.62,15
2025-10-11T20:45:00Z,FR,93.16,15
2025-10-11T20:45:00Z,GR,93.16,15
2025-10-11T20:45:00Z,HR,93.16,15
2025-10-11T20:45:00Z,HU,93.16,15
2025-10-11T20:45:00Z,IT-CNorth,109.58,15
2025-10-11T20:45:00Z,IT-CSouth,109.58,15
2025-10-11T20:45:00Z,IT-North,109.58,15
2025-10-11T20:45:00Z,IT-Sardinia,109.58,15
2025-10-11T20:45:00Z,IT-Sicily,109.58,15
2025-10-11T20:45:00Z,IT-South,109.58,15
2025-10-11T20:45:00Z,NL,93.16,15
2025-10-11T20:45:00Z,NO1,36.94,15
2025-10-11T20:45:00Z,NO3,10.85,15
2025-10-11T20:45:00Z,NO4,4.04,15
2025-10-11T20:45:00Z,NO5,41.86,15
2025-10-11T20:45:00Z,PL,97.45,15
2025-10-11T20:45:00Z,PT,105.10,15
2025-10-11T20:45:00Z,RO,93.16,15
2025-10-11T20:45:00Z,SE1,2.20,15
2025-10-11T20:45:00Z,SE2,1.81,15
2025-10-11T20:45:00Z,SE3,1.26,15
2025-10-11T20:45:00Z,SE4,3.27,15
2025-10-11T20:45:00Z,SI,93.16,15
2025-10-11T20:45:00Z,SK,93.16,15
2025-10-11T21:00:00Z,AT,114.77,15
2025-10-11T21:00:00Z,BE,103.55,15
2025-10-11T21:00:00Z,CH,97.51,60
2025-10-11T21:00:00Z,CZ,104.84,15
2025-10-11T21:00:00Z,DE-LU,104.70,15
2025-10-11T21:00:00Z,DK1,104.03,15
2025-10-11T21:00:00Z,DK2,103.45,15
2025-10-11T21:00:00Z,EE,2.32,15
2025-10-11T21:00:00Z,ES,96.70,15
2025-10-11T21:00:00Z,FI,2.32,15
2025-10-11T21:00:00Z,FR,100.74,15
2025-10-11T21:00:00Z,GR,105.04,15
2025-10-11T21:00:00Z,HR,105.16,15
2025-10-11T21:00:00Z,HU,105.01,15
2025-10-11T21:00:00Z,IT-CNorth,115.00,15
2025-10-11T21:00:00Z,IT-CSouth,115.00,15
2025-10-11T21:00:00Z,IT-North,115.00,15
2025-10-11T21:00:00Z,IT-Sardinia,115.00,15
2025-10-11T21:00:00Z,IT-Sicily,115.00,15
2025-10-11T21:00:00Z,IT-South,115.00,15
2025-10-11T21:00:00Z,LT,3.50,15
2025-10-11T21:00:00Z,LV,3.50,15
2025-10-11T21:00:00Z,NL,104.03,15
2025-10-11T21:00:00Z,NO1,33.45,15
2025-10-11T21:00:00Z,NO2,66.33,15
2025-10-11T21:00:00Z,NO3,7.63,15
2025-10-11T21:00:00Z,NO4,3.39,15
2025-10-11T21:00:00Z,NO5,42.71,15
2025-10-11T21:00:00Z,PL,106.05,15
2025-10-11T21:00:00Z,PT,106.34,15
2025-10-11T21:00:00Z,RO,105.04,15
2025-10-11T21:00:00Z,RS,103.92,15
2025-10-11T21:00:00Z,SE1,2.50,15
2025-10-11T21:00:00Z,SE2,2.30,15
2025-10-11T21:00:00Z,SE3,2.17,15
2025-10-11T21:00:00Z,SE4,4.52,15
2025-10-11T21:00:00Z,SI,105.20,15
2025-10-11T21:00:00Z,SK,104.94,15
2025-10-11T21:15:00Z,AT,113.27,15
2025-10-11T21:15:00Z,BE,94.70,15
2025-10-11T21:15:00Z,CZ,95.49,15
2025-10-11T21:15:00Z,DE-LU,95.41,15
2025-10-11T21:15:00Z,DK1,94.99,15
2025-10-11T21:15:00Z,DK2,94.46,15
2025-10-11T21:15:00Z,EE,1.90,15
2025-10-11T21:15:00Z,ES,96.31,15
2025-10-11T21:15:00Z,FI,1.90,15
2025-10-11T21:15:00Z,FR,92.97,15
2025-10-11T21:15:00Z,GR,95.62,15
2025-10-11T21:15:00Z,HR,95.69,15
2025-10-11T21:15:00Z,HU,95.60,15
2025-10-11T21:15:00Z,IT-CNorth,109.58,15
2025-10-11T21:15:00Z,IT-CSouth,109.58,15
2025-10-11T21:15:00Z,IT-North,109.58,15
2025-10-11T21:15:00Z,IT-Sardinia,109.58,15
2025-10-11T21:15:00Z,IT-Sicily,109.58,15
2025-10-11T21:15:00Z,IT-South,109.58,15
2025-10-11T21:15:00Z,NL,94.99,15
2025-10-11T21:15:00Z,NO1,36.01,15
2025-10-11T21:15:00Z,NO2,66.30,15
2025-10-11T21:15:00Z,NO3,8.43,15
2025-10-11T21:15:00Z,NO4,3.45,15
2025-10-11T21:15:00Z,NO5,42.50,15
2025-10-11T21:15:00Z,PL,105.04,15
2025-10-11T21:15:00Z,PT,105.90,15
2025-10-11T21:15:00Z,RO,95.62,15
2025-10-11T21:15:00Z,SE1,2.22,15
2025-10-11T21:15:00Z,SE2,1.95,15
2025-10-11T21:15:00Z,SE3,1.68,15
2025-10-11T21:15:00Z,SE4,3.80,15
2025-10-11T21:15:00Z,SI,95.71,15
2025-10-11T21:15:00Z,SK,95.55,15
2025-10-11T21:30:00Z,AT,101.79,15
2025-10-11T21:30:00Z,BE,93.18,15
2025-10-11T21:30:00Z,CZ,93.18,15
2025-10-11T21:30:00Z,DE-LU,93.18,15
2025-10-11T21:30:00Z,DK1,93.18,15
2025-10-11T21:30:00Z,DK2,92.66,15
2025-10-11T21:30:00Z,EE,1.51,15
2025-10-11T21:30:00Z,ES,96.06,15
2025-10-11T21:30:00Z,FI,1.51,15
2025-10-11T21:30:00Z,FR,93.18,15
2025-10-11T21:30:00Z,GR,93.18,15
2025-10-11T21:30:00Z,HR,93.18,15
2025-10-11T21:30:00Z,HU,93.18,15
2025-10-11T21:30:00Z,IT-CNorth,103.41,15
2025-10-11T21:30:00Z,IT-CSouth,103.41,15
2025-10-11T21:30:00Z,IT-North,103.41,15
2025-10-11T21:30:00Z,IT-Sardinia,103.41,15
2025-10-11T21:30:00Z,IT-Sicily,107.91,15
2025-10-11T21:30:00Z,IT-South,103.41,15
2025-10-11T21:30:00Z,NL,93.18,15
2025-10-11T21:30:00Z,NO1,36.11,15
2025-10-11T21:30:00Z,NO2,66.33,15
2025-10-11T21:30:00Z,NO3,8.89,15
2025-10-11T21:30:00Z,NO4,3.39,15
2025-10-11T21:30:00Z,NO5,42.38,15
2025-10-11T21:30:00Z,PL,94.25,15
2025-10-11T21:30:00Z,PT,105.00,15
2025-10-11T21:30:00Z,RO,93.18,15
2025-10-11T21:30:00Z,SE1,1.92,15
2025-10-11T21:30:00Z,SE2,1.61,15
2025-10-11T21:30:00Z,SE3,1.24,15
2025-10-11T21:30:00Z,SE4,3.31,15
2025-10-11T21:30:00Z,SI,93.18,15
2025-10-11T21:30:00Z,SK,93.18,15
2025-10-11T21:45:00Z,AT,86.20,15
2025-10-11T21:45:00Z,BE,87.10,15
2025-10-11T21:45:00Z,CZ,87.10,15
2025-10-11T21:45:00Z,DE-LU,87.10,15
2025-10-11T21:45:00Z,DK1,87.10,15
2025-10-11T21:45:00Z,DK2,86.61,15
2025-10-11T21:45:00Z,EE,1.29,15
2025-10-11T21:45:00Z,ES,93.38,15
2025-10-11T21:45:00Z,FI,1.29,15
2025-10-11T21:45:00Z,FR,87.10,15
2025-10-11T21:45:00Z,GR,87.10,15
2025-10-11T21:45:00Z,HR,87.10,15
2025-10-11T21:45:00Z,HU,87.10,15
2025-10-11T21:45:00Z,IT-CNorth,97.52,15
2025-10-11T21:45:00Z,IT-CSouth,97.52,15
2025-10-11T21:45:00Z,IT-North,97.52,15
2025-10-11T21:45:00Z,IT-Sardinia,97.52,15
2025-10-11T21:45:00Z,IT-South,97.52,15
2025-10-11T21:45:00Z,NL,87.10,15
2025-10-11T21:45:00Z,NO1,36.77,15
2025-10-11T21:45:00Z,NO2,66.34,15
2025-10-11T21:45:00Z,NO3,9.10,15
2025-10-11T21:45:00Z,NO4,3.34,15
2025-10-11T21:45:00Z,NO5,42.20,15
2025-10-11T21:45:00Z,PL,88.28,15
2025-10-11T21:45:00Z,PT,101.37,15
2025-10-11T21:45:00Z,RO,87.10,15
2025-10-11T21:45:00Z,SE1,1.76,15
2025-10-11T21:45:00Z,SE2,1.42,15
2025-10-11T21:45:00Z,SE3,1.01,15
2025-10-11T21:45:00Z,SE4,2.93,15
2025-10-11T21:45:00Z,SI,87.10,15
2025-10-11T21:45:00Z,SK,87.10,15
2025-10-11T22:00:00Z,AT,107.74,15
2025-10-11T22:00:00Z,BE,108.15,15
2025-10-11T22:00:00Z,CH,99.18,60
2025-10-11T22:00:00Z,CZ,108.82,15
2025-10-11T22:00:00Z,DE-LU,108.73,15
2025-10-11T22:00:00Z,DK1,108.39,15
2025-10-11T22:00:00Z,DK2,107.84,15
2025-10-11T22:00:00Z,EE,2.67,15
2025-10-11T22:00:00Z,ES,88.71,15
2025-10-11T22:00:00Z,FI,2.67,15
2025-10-11T22:00:00Z,FR,106.80,15
2025-10-11T22:00:00Z,GR,82.29,15
2025-10-11T22:00:00Z,HR,108.99,15
2025-10-11T22:00:00Z,HU,108.91,15
2025-10-11T22:00:00Z,IT-CNorth,114.38,15
2025-10-11T22:00:00Z,IT-CSouth,114.38,15
2025-10-11T22:00:00Z,IT-North,114.38,15
2025-10-11T22:00:00Z,IT-Sardinia,114.38,15
2025-10-11T22:00:00Z,IT-Sicily,114.38,15
2025-10-11T22:00:00Z,IT-South,114.38,15
2025-10-11T22:00:00Z,LT,3.21,15
2025-10-11T22:00:00Z,LV,3.21,15
2025-10-11T22:00:00Z,NL,108.39,15
2025-10-11T22:00:00Z,NO1,29.95,15
2025-10-11T22:00:00Z,NO2,67.84,15
2025-10-11T22:00:00Z,NO3,7.30,15
2025-10-11T22:00:00Z,NO4,3.51,15
2025-10-11T22:00:00Z,NO5,38.23,15
2025-10-11T22:00:00Z,PL,108.80,15
2025-10-11T22:00:00Z,PT,106.80,15
2025-10-11T22:00:00Z,RO,108.93,15
2025-10-11T22:00:00Z,RS,99.89,15
2025-10-11T22:00:00Z,SE1,2.70,15
2025-10-11T22:00:00Z,SE2,2.44,15
2025-10-11T22:00:00Z,SE3,2.73,15
2025-10-11T22:00:00Z,SE4,5.32,15
2025-10-11T22:00:00Z,SI,109.01,15
2025-10-11T22:00:00Z,SK,108.87,15
2025-10-11T22:15:00Z,AT,95.06,15
2025-10-11T22:15:00Z,BE,105.82,15
2025-10-11T22:15:00Z,CZ,105.82,15
2025-10-11T22:15:00Z,DE-LU,105.82,15
2025-10-11T22:15:00Z,DK1,87.58,15
2025-10-11T22:15:00Z,DK2,87.13,15
2025-10-11T22:15:00Z,EE,2.35,15
2025-10-11T22:15:00Z,ES,95.00,15
2025-10-11T22:15:00Z,FI,2.35,15
2025-10-11T22:15:00Z,FR,105.82,15
2025-10-11T22:15:00Z,GR,82.65,15
2025-10-11T22:15:00Z,HR,105.82,15
2025-10-11T22:15:00Z,HU,105.82,15
2025-10-11T22:15:00Z,IT-CNorth,112.85,15
2025-10-11T22:15:00Z,IT-CSouth,112.85,15
2025-10-11T22:15:00Z,IT-North,112.85,15
2025-10-11T22:15:00Z,IT-Sardinia,112.85,15
2025-10-11T22:15:00Z,IT-Sicily,112.85,15
2025-10-11T22:15:00Z,IT-South,112.85,15
2025-10-11T22:15:00Z,LT,2.64,15
2025-10-11T22:15:00Z,LV,2.64,15
2025-10-11T22:15:00Z,NL,105.82,15
2025-10-11T22:15:00Z,NO1,25.01,15
2025-10-11T22:15:00Z,NO2,67.99,15
2025-10-11T22:15:00Z,NO3,7.08,15
2025-10-11T22:15:00Z,NO4,3.36,15
2025-10-11T22:15:00Z,NO5,33.98,15
2025-10-11T22:15:00Z,PL,105.82,15
2025-10-11T22:15:00Z,PT,105.82,15
2025-10-11T22:15:00Z,RO,105.82,15
2025-10-11T22:15:00Z,SE1,2.52,15
2025-10-11T22:15:00Z,SE2,2.30,15
2025-10-11T22:15:00Z,SE3,2.26,15
2025-10-11T22:15:00Z,SE4,4.30,15
2025-10-11T22:15:00Z,SI,105.82,15
2025-10-11T22:15:00Z,SK,105.82,15
2025-10-11T22:30:00Z,AT,91.29,15
2025-10-11T22:30:00Z,BE,84.19,15
2025-10-11T22:30:00Z,CZ,88.33,15
2025-10-11T22:30:00Z,DE-LU,87.80,15
2025-10-11T22:30:00Z,DK1,85.67,15
2025-10-11T22:30:00Z,DK2,85.24,15
2025-10-11T22:30:00Z,EE,1.99,15
2025-10-11T22:30:00Z,ES,88.26,15
2025-10-11T22:30:00Z,FI,1.99,15
2025-10-11T22:30:00Z,FR,75.85,15
2025-10-11T22:30:00Z,GR,83.07,15
2025-10-11T22:30:00Z,HR,89.38,15
2025-10-11T22:30:00Z,HU,88.89,15
2025-10-11T22:30:00Z,IT-CNorth,96.66,15
2025-10-11T22:30:00Z,IT-CSouth,96.66,15
2025-10-11T22:30:00Z,IT-North,96.66,15
2025-10-11T22:30:00Z,IT-Sardinia,96.66,15
2025-10-11T22:30:00Z,IT-Sicily,111.06,15
2025-10-11T22:30:00Z,IT-South,96.66,15
2025-10-11T22:30:00Z,LT,2.14,15
2025-10-11T22:30:00Z,LV,2.14,15
2025-10-11T22:30:00Z,NL,85.67,15
2025-10-11T22:30:00Z,NO1,24.52,15
2025-10-11T22:30:00Z,NO2,68.21,15
2025-10-11T22:30:00Z,NO3,7.69,15
2025-10-11T22:30:00Z,NO4,3.38,15
2025-10-11T22:30:00Z,NO5,35.07,15
2025-10-11T22:30:00Z,PL,88.25,15
2025-10-11T22:30:00Z,PT,103.80,15
2025-10-11T22:30:00Z,RO,89.00,15
2025-10-11T22:30:00Z,SE1,2.32,15
2025-10-11T22:30:00Z,SE2,2.07,15
2025-10-11T22:30:00Z,SE3,1.77,15
2025-10-11T22:30:00Z,SE4,3.72,15
2025-10-11T22:30:00Z,SI,89.50,15
2025-10-11T22:30:00Z,SK,88.66,15
2025-10-11T22:45:00Z,AT,82.36,15
2025-10-11T22:45:00Z,BE,82.36,15
2025-10-11T22:45:00Z,CZ,82.36,15
2025-10-11T22:45:00Z,DE-LU,82.36,15
2025-10-11T22:45:00Z,DK1,82.36,15
2025-10-11T22:45:00Z,DK2,81.94,15
2025-10-11T22:45:00Z,EE,1.75,15
2025-10-11T22:45:00Z,ES,83.03,15
2025-10-11T22:45:00Z,FI,1.75,15
2025-10-11T22:45:00Z,FR,82.36,15
2025-10-11T22:45:00Z,GR,82.36,15
2025-10-11T22:45:00Z,HR,82.36,15
2025-10-11T22:45:00Z,HU,82.36,15
2025-10-11T22:45:00Z,IT-CNorth,96.51,15
2025-10-11T22:45:00Z,IT-CSouth,96.51,15
2025-10-11T22:45:00Z,IT-North,96.51,15
2025-10-11T22:45:00Z,IT-Sardinia,96.51,15
2025-10-11T22:45:00Z,IT-South,96.51,15
2025-10-11T22:45:00Z,LT,1.78,15
2025-10-11T22:45:00Z,LV,1.78,15
2025-10-11T22:45:00Z,NL,82.36,15
2025-10-11T22:45:00Z,NO1,7.72,15
2025-10-11T22:45:00Z,NO2,68.13,15
2025-10-11T22:45:00Z,NO3,7.42,15
2025-10-11T22:45:00Z,NO4,3.32,15
2025-10-11T22:45:00Z,NO5,20.01,15
2025-10-11T22:45:00Z,PL,82.36,15
2025-10-11T22:45:00Z,RO,82.36,15
2025-10-11T22:45:00Z,SE1,2.17,15
2025-10-11T22:45:00Z,SE2,1.90,15
2025-10-11T22:45:00Z,SE3,1.47,15
2025-10-11T22:45:00Z,SE4,3.28,15
2025-10-11T22:45:00Z,SI,82.36,15
2025-10-11T22:45:00Z,SK,82.36,15
2025-10-11T23:00:00Z,AT,94.31,15
2025-10-11T23:00:00Z,BE,101.45,15
2025-10-11T23:00:00Z,CH,95.00,60
2025-10-11T23:00:00Z,CZ,102.58,15
2025-10-11T23:00:00Z,DE-LU,101.10,15
2025-10-11T23:00:00Z,DK1,87.55,15
2025-10-11T23:00:00Z,DK2,87.09,15
2025-10-11T23:00:00Z,EE,1.51,15
2025-10-11T23:00:00Z,ES,89.99,15
2025-10-11T23:00:00Z,FI,1.51,15
2025-10-11T23:00:00Z,FR,87.49,15
2025-10-11T23:00:00Z,GR,93.79,15
2025-10-11T23:00:00Z,HR,104.73,15
2025-10-11T23:00:00Z,HU,103.72,15
2025-10-11T23:00:00Z,IT-CNorth,111.06,15
2025-10-11T23:00:00Z,IT-CSouth,111.06,15
2025-10-11T23:00:00Z,IT-North,111.06,15
2025-10-11T23:00:00Z,IT-Sardinia,111.06,15
2025-10-11T23:00:00Z,IT-South,111.06,15
2025-10-11T23:00:00Z,LT,3.51,15
2025-10-11T23:00:00Z,LV,3.51,15
2025-10-11T23:00:00Z,NL,111.83,15
2025-10-11T23:00:00Z,NO1,10.05,15
2025-10-11T23:00:00Z,NO2,67.92,15
2025-10-11T23:00:00Z,NO3,8.74,15
2025-10-11T23:00:00Z,NO4,3.35,15
2025-10-11T23:00:00Z,NO5,22.19,15
2025-10-11T23:00:00Z,PL,102.19,15
2025-10-11T23:00:00Z,PT,103.42,15
2025-10-11T23:00:00Z,RO,103.92,15
2025-10-11T23:00:00Z,RS,90.50,15
2025-10-11T23:00:00Z,SE1,2.04,15
2025-10-11T23:00:00Z,SE2,1.66,15
2025-10-11T23:00:00Z,SE3,1.20,15
2025-10-11T23:00:00Z,SE4,3.14,15
2025-10-11T23:00:00Z,SI,104.96,15
2025-10-11T23:00:00Z,SK,103.21,15
2025-10-11T23:15:00Z,AT,91.29,15
2025-10-11T23:15:00Z,BE,93.56,15
2025-10-11T23:15:00Z,CZ,97.33,15
2025-10-11T23:15:00Z,DE-LU,96.85,15
2025-10-11T23:15:00Z,DK1,87.53,15
2025-10-11T23:15:00Z,DK2,87.08,15
2025-10-11T23:15:00Z,EE,1.29,15
2025-10-11T23:15:00Z,ES,86.57,15
2025-10-11T23:15:00Z,FI,1.29,15
2025-10-11T23:15:00Z,FR,85.96,15
2025-10-11T23:15:00Z,GR,92.91,15
2025-10-11T23:15:00Z,HR,98.29,15
2025-10-11T23:15:00Z,HU,97.84,15
2025-10-11T23:15:00Z,IT-CNorth,107.62,15
2025-10-11T23:15:00Z,IT-CSouth,107.62,15
2025-10-11T23:15:00Z,IT-North,107.62,15
2025-10-11T23:15:00Z,IT-Sardinia,107.62,15
2025-10-11T23:15:00Z,IT-South,107.62,15
2025-10-11T23:15:00Z,NL,94.96,15
2025-10-11T23:15:00Z,NO1,8.24,15
2025-10-11T23:15:00Z,NO2,67.91,15
2025-10-11T23:15:00Z,NO3,7.88,15
2025-10-11T23:15:00Z,NO4,3.17,15
2025-10-11T23:15:00Z,NO5,20.81,15
2025-10-11T23:15:00Z,PL,97.26,15
2025-10-11T23:15:00Z,PT,101.37,15
2025-10-11T23:15:00Z,RO,97.94,15
2025-10-11T23:15:00Z,SE1,1.79,15
2025-10-11T23:15:00Z,SE2,1.48,15
2025-10-11T23:15:00Z,SE3,0.95,15
2025-10-11T23:15:00Z,SE4,2.89,15
2025-10-11T23:15:00Z,SI,98.39,15
2025-10-11T23:15:00Z,SK,97.63,15
2025-10-11T23:30:00Z,AT,87.45,15
2025-10-11T23:30:00Z,BE,82.82,15
2025-10-11T23:30:00Z,CZ,86.69,15
2025-10-11T23:30:00Z,DE-LU,86.20,15
2025-10-11T23:30:00Z,DK1,84.26,15
2025-10-11T23:30:00Z,DK2,83.82,15
2025-10-11T23:30:00Z,EE,1.26,15
2025-10-11T23:30:00Z,ES,82.10,15
2025-10-11T23:30:00Z,FI,1.26,15
2025-10-11T23:30:00Z,FR,75.01,15
2025-10-11T23:30:00Z,GR,87.31,15
2025-10-11T23:30:00Z,HR,87.68,15
2025-10-11T23:30:00Z,HU,87.21,15
2025-10-11T23:30:00Z,IT-CNorth,96.51,15
2025-10-11T23:30:00Z,IT-CSouth,96.51,15
2025-10-11T23:30:00Z,IT-North,96.51,15
2025-10-11T23:30:00Z,IT-Sardinia,96.51,15
2025-10-11T23:30:00Z,IT-South,96.51,15
2025-10-11T23:30:00Z,NL,84.26,15
2025-10-11T23:30:00Z,NO1,6.34,15
2025-10-11T23:30:00Z,NO2,67.90,15
2025-10-11T23:30:00Z,NO3,6.80,15
2025-10-11T23:30:00Z,NO4,2.79,15
2025-10-11T23:30:00Z,NO5,19.03,15
2025-10-11T23:30:00Z,PL,86.62,15
2025-10-11T23:30:00Z,PT,101.34,15
2025-10-11T23:30:00Z,RO,87.31,15
2025-10-11T23:30:00Z,SE1,1.66,15
2025-10-11T23:30:00Z,SE2,1.41,15
2025-10-11T23:30:00Z,SE3,0.96,15
2025-10-11T23:30:00Z,SE4,2.83,15
2025-10-11T23:30:00Z,SI,87.78,15
2025-10-11T23:30:00Z,SK,87.00,15
2025-10-11T23:45:00Z,AT,87.47,15
2025-10-11T23:45:00Z,BE,77.91,15
2025-10-11T23:45:00Z,CZ,85.47,15
2025-10-11T23:45:00Z,DE-LU,84.52,15
2025-10-11T23:45:00Z,DK1,77.78,15
2025-10-11T23:45:00Z,DK2,77.37,15
2025-10-11T23:45:00Z,EE,0.91,15
2025-10-11T23:45:00Z,ES,78.46,15
2025-10-11T23:45:00Z,FI,0.91,15
2025-10-11T23:45:00Z,FR,62.66,15
2025-10-11T23:45:00Z,GR,86.69,15
2025-10-11T23:45:00Z,HR,87.41,15
2025-10-11T23:45:00Z,HU,86.50,15
2025-10-11T23:45:00Z,IT-CNorth,95.01,15
2025-10-11T23:45:00Z,IT-CSouth,95.01,15
2025-10-11T23:45:00Z,IT-North,95.01,15
2025-10-11T23:45:00Z,IT-Sardinia,95.01,15
2025-10-11T23:45:00Z,IT-South,95.01,15
2025-10-11T23:45:00Z,NL,80.72,15
2025-10-11T23:45:00Z,NO1,4.88,15
2025-10-11T23:45:00Z,NO2,67.81,15
2025-10-11T23:45:00Z,NO3,5.64,15
2025-10-11T23:45:00Z,NO4,2.17,15
2025-10-11T23:45:00Z,NO5,17.22,15
2025-10-11T23:45:00Z,PL,85.33,15
2025-10-11T23:45:00Z,RO,86.69,15
2025-10-11T23:45:00Z,SE1,1.25,15
2025-10-11T23:45:00Z,SE2,1.04,15
2025-10-11T23:45:00Z,SE3,0.65,15
2025-10-11T23:45:00Z,SE4,2.38,15
2025-10-11T23:45:00Z,SI,87.60,15
2025-10-11T23:45:00Z,SK,86.08,15
