timestamp_utc,zone,price_eur_mwh,resolution_min
2025-11-02T00:00:00Z,AT,93.06,15
2025-11-02T00:00:00Z,BE,52.86,15
2025-11-02T00:00:00Z,CH,72.03,60
2025-11-02T00:00:00Z,CZ,73.20,15
2025-11-02T00:00:00Z,DE-LU,62.34,15
2025-11-02T00:00:00Z,DK1,54.56,15
2025-11-02T00:00:00Z,DK2,54.39,15
2025-11-02T00:00:00Z,EE,6.36,15
2025-11-02T00:00:00Z,ES,60.00,15
2025-11-02T00:00:00Z,FI,6.35,15
2025-11-02T00:00:00Z,FR,29.74,15
2025-11-02T00:00:00Z,GR,82.26,15
2025-11-02T00:00:00Z,HR,84.33,15
2025-11-02T00:00:00Z,HU,82.53,15
2025-11-02T00:00:00Z,IT-CNorth,106.97,15
2025-11-02T00:00:00Z,IT-CSouth,113.75,15
2025-11-02T00:00:00Z,IT-North,106.97,15
2025-11-02T00:00:00Z,IT-Sardinia,113.75,15
2025-11-02T00:00:00Z,IT-Sicily,113.75,15
2025-11-02T00:00:00Z,IT-South,113.75,15
2025-11-02T00:00:00Z,LT,20.63,15
2025-11-02T00:00:00Z,LV,20.63,15
2025-11-02T00:00:00Z,NL,56.58,15
2025-11-02T00:00:00Z,NO1,51.38,15
2025-11-02T00:00:00Z,NO2,52.75,15
2025-11-02T00:00:00Z,NO3,23.01,15
2025-11-02T00:00:00Z,NO4,6.39,15
2025-11-02T00:00:00Z,NO5,48.56,15
2025-11-02T00:00:00Z,PL,99.70,15
2025-11-02T00:00:00Z,PT,60.00,15
2025-11-02T00:00:00Z,RO,82.26,15
2025-11-02T00:00:00Z,RS,75.90,15
2025-11-02T00:00:00Z,SE1,1.91,15
2025-11-02T00:00:00Z,SE2,-2.65,15
2025-11-02T00:00:00Z,SE3,18.68,15
2025-11-02T00:00:00Z,SE4,25.41,15
2025-11-02T00:00:00Z,SI,85.35,15
2025-11-02T00:00:00Z,SK,80.15,15
2025-11-02T00:15:00Z,AT,91.22,15
2025-11-02T00:15:00Z,BE,47.89,15
2025-11-02T00:15:00Z,CZ,68.00,15
2025-11-02T00:15:00Z,DE-LU,61.91,15
2025-11-02T00:15:00Z,DK1,53.66,15
2025-11-02T00:15:00Z,DK2,53.48,15
2025-11-02T00:15:00Z,EE,5.56,15
2025-11-02T00:15:00Z,ES,53.62,15
2025-11-02T00:15:00Z,FI,5.56,15
2025-11-02T00:15:00Z,FR,13.86,15
2025-11-02T00:15:00Z,GR,80.12,15
2025-11-02T00:15:00Z,HR,82.62,15
2025-11-02T00:15:00Z,HU,80.22,15
2025-11-02T00:15:00Z,IT-CNorth,106.11,15
2025-11-02T00:15:00Z,IT-CSouth,106.11,15
2025-11-02T00:15:00Z,IT-North,106.11,15
2025-11-02T00:15:00Z,IT-Sardinia,106.11,15
2025-11-02T00:15:00Z,IT-Sicily,106.11,15
2025-11-02T00:15:00Z,IT-South,106.11,15
2025-11-02T00:15:00Z,LT,18.73,15
2025-11-02T00:15:00Z,LV,18.73,15
2025-11-02T00:15:00Z,NL,53.66,15
2025-11-02T00:15:00Z,NO1,50.54,15
2025-11-02T00:15:00Z,NO2,51.89,15
2025-11-02T00:15:00Z,NO3,22.69,15
2025-11-02T00:15:00Z,NO4,5.93,15
2025-11-02T00:15:00Z,NO5,47.78,15
2025-11-02T00:15:00Z,PL,79.44,15
2025-11-02T00:15:00Z,PT,53.62,15
2025-11-02T00:15:00Z,RO,80.12,15
2025-11-02T00:15:00Z,RS,75.90,15
2025-11-02T00:15:00Z,SE1,1.54,15
2025-11-02T00:15:00Z,SE2,-2.74,15
2025-11-02T00:15:00Z,SE3,16.91,15
2025-11-02T00:15:00Z,SE4,23.20,15
2025-11-02T00:15:00Z,SI,83.82,15
2025-11-02T00:15:00Z,SK,77.64,15
2025-11-02T00:30:00Z,AT,84.09,15
2025-11-02T00:30:00Z,BE,50.39,15
2025-11-02T00:30:00Z,CZ,74.01,15
2025-11-02T00:30:00Z,DE-LU,57.42,15
2025-11-02T00:30:00Z,DK1,53.07,15
2025-11-02T00:30:00Z,DK2,52.88,15
2025-11-02T00:30:00Z,EE,4.50,15
2025-11-02T00:30:00Z,ES,51.93,15
2025-11-02T00:30:00Z,FI,4.50,15
2025-11-02T00:30:00Z,FR,32.55,15
2025-11-02T00:30:00Z,GR,76.41,15
2025-11-02T00:30:00Z,HR,77.84,15
2025-11-02T00:30:00Z,HU,76.78,15
2025-11-02T00:30:00Z,IT-CNorth,104.94,15
2025-11-02T00:30:00Z,IT-CSouth,104.94,15
2025-11-02T00:30:00Z,IT-North,104.94,15
2025-11-02T00:30:00Z,IT-Sardinia,104.94,15
2025-11-02T00:30:00Z,IT-Sicily,104.94,15
2025-11-02T00:30:00Z,IT-South,104.94,15
2025-11-02T00:30:00Z,LT,16.01,15
2025-11-02T00:30:00Z,LV,16.01,15
2025-11-02T00:30:00Z,NL,53.07,15
2025-11-02T00:30:00Z,NO1,49.99,15
2025-11-02T00:30:00Z,NO2,51.32,15
2025-11-02T00:30:00Z,NO3,22.57,15
2025-11-02T00:30:00Z,NO4,5.53,15
2025-11-02T00:30:00Z,NO5,47.27,15
2025-11-02T00:30:00Z,PL,71.90,15
2025-11-02T00:30:00Z,PT,51.93,15
2025-11-02T00:30:00Z,RO,76.41,15
2025-11-02T00:30:00Z,RS,75.90,15
2025-11-02T00:30:00Z,SE1,1.16,15
2025-11-02T00:30:00Z,SE2,-2.74,15
2025-11-02T00:30:00Z,SE3,14.39,15
2025-11-02T00:30:00Z,SE4,20.03,15
2025-11-02T00:30:00Z,SI,78.52,15
2025-11-02T00:30:00Z,SK,75.09,15
2025-11-02T00:45:00Z,AT,75.71,15
2025-11-02T00:45:00Z,BE,46.48,15
2025-11-02T00:45:00Z,CZ,88.00,15
2025-11-02T00:45:00Z,DE-LU,59.64,15
2025-11-02T00:45:00Z,DK1,51.98,15
2025-11-02T00:45:00Z,DK2,51.79,15
2025-11-02T00:45:00Z,EE,4.01,15
2025-11-02T00:45:00Z,ES,50.00,15
2025-11-02T00:45:00Z,FI,4.01,15
2025-11-02T00:45:00Z,FR,11.43,15
2025-11-02T00:45:00Z,GR,76.11,15
2025-11-02T00:45:00Z,HR,76.84,15
2025-11-02T00:45:00Z,HU,76.41,15
2025-11-02T00:45:00Z,IT-CNorth,102.38,15
2025-11-02T00:45:00Z,IT-CSouth,102.38,15
2025-11-02T00:45:00Z,IT-North,102.38,15
2025-11-02T00:45:00Z,IT-Sardinia,102.38,15
2025-11-02T00:45:00Z,IT-Sicily,102.38,15
2025-11-02T00:45:00Z,IT-South,102.38,15
2025-11-02T00:45:00Z,LT,14.77,15
2025-11-02T00:45:00Z,LV,14.77,15
2025-11-02T00:45:00Z,NL,51.98,15
2025-11-02T00:45:00Z,NO1,49.00,15
2025-11-02T00:45:00Z,NO2,50.27,15
2025-11-02T00:45:00Z,NO3,22.47,15
2025-11-02T00:45:00Z,NO4,4.75,15
2025-11-02T00:45:00Z,NO5,46.38,15
2025-11-02T00:45:00Z,PL,67.48,15
2025-11-02T00:45:00Z,PT,50.00,15
2025-11-02T00:45:00Z,RO,76.11,15
2025-11-02T00:45:00Z,RS,75.90,15
2025-11-02T00:45:00Z,SE1,0.85,15
2025-11-02T00:45:00Z,SE2,-2.74,15
2025-11-02T00:45:00Z,SE3,13.24,15
2025-11-02T00:45:00Z,SE4,18.57,15
2025-11-02T00:45:00Z,SI,77.01,15
2025-11-02T00:45:00Z,SK,76.10,15
2025-11-02T01:00:00Z,AT,85.33,15
2025-11-02T01:00:00Z,BE,51.90,15
2025-11-02T01:00:00Z,CH,71.69,60
2025-11-02T01:00:00Z,CZ,73.51,15
2025-11-02T01:00:00Z,DE-LU,60.82,15
2025-11-02T01:00:00Z,DK1,55.20,15
2025-11-02T01:00:00Z,DK2,55.00,15
2025-11-02T01:00:00Z,EE,5.00,15
2025-11-02T01:00:00Z,ES,40.00,15
2025-11-02T01:00:00Z,FI,5.00,15
2025-11-02T01:00:00Z,FR,30.00,15
2025-11-02T01:00:00Z,GR,77.78,15
2025-11-02T01:00:00Z,HR,79.35,15
2025-11-02T01:00:00Z,HU,78.01,15
2025-11-02T01:00:00Z,IT-CNorth,104.94,15
2025-11-02T01:00:00Z,IT-CSouth,106.16,15
2025-11-02T01:00:00Z,IT-North,104.94,15
2025-11-02T01:00:00Z,IT-Sardinia,106.16,15
2025-11-02T01:00:00Z,IT-Sicily,106.16,15
2025-11-02T01:00:00Z,IT-South,106.16,15
2025-11-02T01:00:00Z,LT,16.94,15
2025-11-02T01:00:00Z,LV,16.94,15
2025-11-02T01:00:00Z,NL,55.20,15
2025-11-02T01:00:00Z,NO1,48.42,15
2025-11-02T01:00:00Z,NO2,53.35,15
2025-11-02T01:00:00Z,NO3,23.00,15
2025-11-02T01:00:00Z,NO4,6.04,15
2025-11-02T01:00:00Z,NO5,46.40,15
2025-11-02T01:00:00Z,PL,86.01,15
2025-11-02T01:00:00Z,PT,40.00,15
2025-11-02T01:00:00Z,RO,77.78,15
2025-11-02T01:00:00Z,RS,69.22,15
2025-11-02T01:00:00Z,SE1,1.52,15
2025-11-02T01:00:00Z,SE2,-2.74,15
2025-11-02T01:00:00Z,SE3,15.26,15
2025-11-02T01:00:00Z,SE4,21.11,15
2025-11-02T01:00:00Z,SI,80.11,15
2025-11-02T01:00:00Z,SK,76.25,15
2025-11-02T01:15:00Z,AT,83.26,15
2025-11-02T01:15:00Z,BE,47.75,15
2025-11-02T01:15:00Z,CZ,73.01,15
2025-11-02T01:15:00Z,DE-LU,61.64,15
2025-11-02T01:15:00Z,DK1,53.12,15
2025-11-02T01:15:00Z,DK2,52.94,15
2025-11-02T01:15:00Z,EE,4.97,15
2025-11-02T01:15:00Z,ES,34.94,15
2025-11-02T01:15:00Z,FI,4.97,15
2025-11-02T01:15:00Z,FR,13.59,15
2025-11-02T01:15:00Z,GR,76.97,15
2025-11-02T01:15:00Z,HR,78.76,15
2025-11-02T01:15:00Z,HU,77.05,15
2025-11-02T01:15:00Z,IT-CNorth,104.94,15
2025-11-02T01:15:00Z,IT-CSouth,104.94,15
2025-11-02T01:15:00Z,IT-North,104.94,15
2025-11-02T01:15:00Z,IT-Sardinia,104.94,15
2025-11-02T01:15:00Z,IT-Sicily,104.94,15
2025-11-02T01:15:00Z,IT-South,104.94,15
2025-11-02T01:15:00Z,LT,17.61,15
2025-11-02T01:15:00Z,LV,17.61,15
2025-11-02T01:15:00Z,NL,53.12,15
2025-11-02T01:15:00Z,NO1,48.87,15
2025-11-02T01:15:00Z,NO2,51.35,15
2025-11-02T01:15:00Z,NO3,22.81,15
2025-11-02T01:15:00Z,NO4,5.90,15
2025-11-02T01:15:00Z,NO5,46.28,15
2025-11-02T01:15:00Z,PL,80.65,15
2025-11-02T01:15:00Z,PT,34.94,15
2025-11-02T01:15:00Z,RO,76.97,15
2025-11-02T01:15:00Z,RS,69.22,15
2025-11-02T01:15:00Z,SE1,1.25,15
2025-11-02T01:15:00Z,SE2,-3.23,15
2025-11-02T01:15:00Z,SE3,15.85,15
2025-11-02T01:15:00Z,SE4,21.94,15
2025-11-02T01:15:00Z,SI,79.57,15
2025-11-02T01:15:00Z,SK,75.37,15
2025-11-02T01:30:00Z,AT,80.82,15
2025-11-02T01:30:00Z,BE,49.44,15
2025-11-02T01:30:00Z,CZ,73.51,15
2025-11-02T01:30:00Z,DE-LU,60.11,15
2025-11-02T01:30:00Z,DK1,53.51,15
2025-11-02T01:30:00Z,DK2,53.32,15
2025-11-02T01:30:00Z,EE,4.61,15
2025-11-02T01:30:00Z,ES,30.05,15
2025-11-02T01:30:00Z,FI,4.60,15
2025-11-02T01:30:00Z,FR,22.96,15
2025-11-02T01:30:00Z,GR,75.27,15
2025-11-02T01:30:00Z,HR,76.71,15
2025-11-02T01:30:00Z,HU,75.44,15
2025-11-02T01:30:00Z,IT-CNorth,104.94,15
2025-11-02T01:30:00Z,IT-CSouth,104.94,15
2025-11-02T01:30:00Z,IT-North,104.94,15
2025-11-02T01:30:00Z,IT-Sardinia,104.94,15
2025-11-02T01:30:00Z,IT-Sicily,104.94,15
2025-11-02T01:30:00Z,IT-South,104.94,15
2025-11-02T01:30:00Z,LT,18.10,15
2025-11-02T01:30:00Z,LV,18.10,15
2025-11-02T01:30:00Z,NL,53.51,15
2025-11-02T01:30:00Z,NO1,48.80,15
2025-11-02T01:30:00Z,NO2,51.71,15
2025-11-02T01:30:00Z,NO3,22.23,15
2025-11-02T01:30:00Z,NO4,5.33,15
2025-11-02T01:30:00Z,NO5,46.23,15
2025-11-02T01:30:00Z,PL,81.44,15
2025-11-02T01:30:00Z,PT,30.05,15
2025-11-02T01:30:00Z,RO,75.27,15
2025-11-02T01:30:00Z,RS,69.22,15
2025-11-02T01:30:00Z,SE1,0.56,15
2025-11-02T01:30:00Z,SE2,-4.16,15
2025-11-02T01:30:00Z,SE3,16.23,15
2025-11-02T01:30:00Z,SE4,22.67,15
2025-11-02T01:30:00Z,SI,77.36,15
2025-11-02T01:30:00Z,SK,74.01,15
2025-11-02T01:45:00Z,AT,79.31,15
2025-11-02T01:45:00Z,BE,46.70,15
2025-11-02T01:45:00Z,CZ,73.81,15
2025-11-02T01:45:00Z,DE-LU,61.34,15
2025-11-02T01:45:00Z,DK1,52.42,15
2025-11-02T01:45:00Z,DK2,52.24,15
2025-11-02T01:45:00Z,EE,4.12,15
2025-11-02T01:45:00Z,ES,20.10,15
2025-11-02T01:45:00Z,FI,4.12,15
2025-11-02T01:45:00Z,FR,10.37,15
2025-11-02T01:45:00Z,GR,75.00,15
2025-11-02T01:45:00Z,HR,76.58,15
2025-11-02T01:45:00Z,HU,75.04,15
2025-11-02T01:45:00Z,IT-CNorth,103.08,15
2025-11-02T01:45:00Z,IT-CSouth,103.08,15
2025-11-02T01:45:00Z,IT-North,103.08,15
2025-11-02T01:45:00Z,IT-Sardinia,103.08,15
2025-11-02T01:45:00Z,IT-Sicily,103.08,15
2025-11-02T01:45:00Z,IT-South,103.08,15
2025-11-02T01:45:00Z,LT,16.89,15
2025-11-02T01:45:00Z,LV,16.89,15
2025-11-02T01:45:00Z,NL,52.42,15
2025-11-02T01:45:00Z,NO1,48.99,15
2025-11-02T01:45:00Z,NO2,50.68,15
2025-11-02T01:45:00Z,NO3,22.29,15
2025-11-02T01:45:00Z,NO4,5.26,15
2025-11-02T01:45:00Z,NO5,46.16,15
2025-11-02T01:45:00Z,PL,79.56,15
2025-11-02T01:45:00Z,PT,20.10,15
2025-11-02T01:45:00Z,RO,75.00,15
2025-11-02T01:45:00Z,RS,69.22,15
2025-11-02T01:45:00Z,SE1,0.40,15
2025-11-02T01:45:00Z,SE2,-4.17,15
2025-11-02T01:45:00Z,SE3,15.11,15
2025-11-02T01:45:00Z,SE4,21.25,15
2025-11-02T01:45:00Z,SI,77.26,15
2025-11-02T01:45:00Z,SK,73.73,15
2025-11-02T02:00:00Z,AT,84.05,15
2025-11-02T02:00:00Z,BE,50.60,15
2025-11-02T02:00:00Z,CH,73.94,60
2025-11-02T02:00:00Z,CZ,73.51,15
2025-11-02T02:00:00Z,DE-LU,61.98,15
2025-11-02T02:00:00Z,DK1,55.28,15
2025-11-02T02:00:00Z,DK2,55.12,15
2025-11-02T02:00:00Z,EE,7.36,15
2025-11-02T02:00:00Z,ES,23.27,15
2025-11-02T02:00:00Z,FI,7.36,15
2025-11-02T02:00:00Z,FR,23.27,15
2025-11-02T02:00:00Z,GR,77.46,15
2025-11-02T02:00:00Z,HR,79.10,15
2025-11-02T02:00:00Z,HU,77.60,15
2025-11-02T02:00:00Z,IT-CNorth,91.90,15
2025-11-02T02:00:00Z,IT-CSouth,91.90,15
2025-11-02T02:00:00Z,IT-North,91.90,15
2025-11-02T02:00:00Z,IT-Sardinia,91.90,15
2025-11-02T02:00:00Z,IT-Sicily,91.90,15
2025-11-02T02:00:00Z,IT-South,91.90,15
2025-11-02T02:00:00Z,LT,22.98,15
2025-11-02T02:00:00Z,LV,22.98,15
2025-11-02T02:00:00Z,NL,55.28,15
2025-11-02T02:00:00Z,NO1,47.51,15
2025-11-02T02:00:00Z,NO2,53.41,15
2025-11-02T02:00:00Z,NO3,22.94,15
2025-11-02T02:00:00Z,NO4,5.12,15
2025-11-02T02:00:00Z,NO5,45.88,15
2025-11-02T02:00:00Z,PL,94.12,15
2025-11-02T02:00:00Z,PT,23.27,15
2025-11-02T02:00:00Z,RO,77.46,15
2025-11-02T02:00:00Z,RS,68.01,15
2025-11-02T02:00:00Z,SE1,2.02,15
2025-11-02T02:00:00Z,SE2,-2.74,15
2025-11-02T02:00:00Z,SE3,20.86,15
2025-11-02T02:00:00Z,SE4,28.10,15
2025-11-02T02:00:00Z,SI,79.86,15
2025-11-02T02:00:00Z,SK,75.92,15
2025-11-02T02:15:00Z,AT,83.89,15
2025-11-02T02:15:00Z,BE,47.90,15
2025-11-02T02:15:00Z,CZ,67.29,15
2025-11-02T02:15:00Z,DE-LU,62.59,15
2025-11-02T02:15:00Z,DK1,54.09,15
2025-11-02T02:15:00Z,DK2,53.93,15
2025-11-02T02:15:00Z,EE,7.11,15
2025-11-02T02:15:00Z,ES,15.00,15
2025-11-02T02:15:00Z,FI,7.11,15
2025-11-02T02:15:00Z,FR,13.29,15
2025-11-02T02:15:00Z,GR,76.14,15
2025-11-02T02:15:00Z,HR,78.23,15
2025-11-02T02:15:00Z,HU,76.11,15
2025-11-02T02:15:00Z,IT-CNorth,91.90,15
2025-11-02T02:15:00Z,IT-CSouth,91.90,15
2025-11-02T02:15:00Z,IT-North,91.90,15
2025-11-02T02:15:00Z,IT-Sardinia,91.90,15
2025-11-02T02:15:00Z,IT-Sicily,91.90,15
2025-11-02T02:15:00Z,IT-South,91.90,15
2025-11-02T02:15:00Z,LT,23.03,15
2025-11-02T02:15:00Z,LV,23.03,15
2025-11-02T02:15:00Z,NL,54.09,15
2025-11-02T02:15:00Z,NO1,47.81,15
2025-11-02T02:15:00Z,NO2,52.26,15
2025-11-02T02:15:00Z,NO3,22.63,15
2025-11-02T02:15:00Z,NO4,5.12,15
2025-11-02T02:15:00Z,NO5,45.84,15
2025-11-02T02:15:00Z,PL,94.13,15
2025-11-02T02:15:00Z,PT,15.00,15
2025-11-02T02:15:00Z,RO,76.14,15
2025-11-02T02:15:00Z,RS,68.01,15
2025-11-02T02:15:00Z,SE1,1.73,15
2025-11-02T02:15:00Z,SE2,-3.20,15
2025-11-02T02:15:00Z,SE3,20.88,15
2025-11-02T02:15:00Z,SE4,28.21,15
2025-11-02T02:15:00Z,SI,79.23,15
2025-11-02T02:15:00Z,SK,74.10,15
2025-11-02T02:30:00Z,AT,80.14,15
2025-11-02T02:30:00Z,BE,50.19,15
2025-11-02T02:30:00Z,CZ,73.01,15
2025-11-02T02:30:00Z,DE-LU,64.15,15
2025-11-02T02:30:00Z,DK1,56.11,15
2025-11-02T02:30:00Z,DK2,55.94,15
2025-11-02T02:30:00Z,EE,7.01,15
2025-11-02T02:30:00Z,ES,16.62,15
2025-11-02T02:30:00Z,FI,7.01,15
2025-11-02T02:30:00Z,FR,16.62,15
2025-11-02T02:30:00Z,GR,75.80,15
2025-11-02T02:30:00Z,HR,77.35,15
2025-11-02T02:30:00Z,HU,75.79,15
2025-11-02T02:30:00Z,IT-CNorth,91.90,15
2025-11-02T02:30:00Z,IT-CSouth,91.90,15
2025-11-02T02:30:00Z,IT-North,91.90,15
2025-11-02T02:30:00Z,IT-Sardinia,91.90,15
2025-11-02T02:30:00Z,IT-Sicily,91.90,15
2025-11-02T02:30:00Z,IT-South,91.90,15
2025-11-02T02:30:00Z,LT,22.83,15
2025-11-02T02:30:00Z,LV,22.83,15
2025-11-02T02:30:00Z,NL,56.11,15
2025-11-02T02:30:00Z,NO1,47.61,15
2025-11-02T02:30:00Z,NO2,54.21,15
2025-11-02T02:30:00Z,NO3,22.42,15
2025-11-02T02:30:00Z,NO4,5.33,15
2025-11-02T02:30:00Z,NO5,46.03,15
2025-11-02T02:30:00Z,PL,94.13,15
2025-11-02T02:30:00Z,PT,16.62,15
2025-11-02T02:30:00Z,RO,75.80,15
2025-11-02T02:30:00Z,RS,68.01,15
2025-11-02T02:30:00Z,SE1,1.73,15
2025-11-02T02:30:00Z,SE2,-3.23,15
2025-11-02T02:30:00Z,SE3,20.68,15
2025-11-02T02:30:00Z,SE4,28.03,15
2025-11-02T02:30:00Z,SI,78.04,15
2025-11-02T02:30:00Z,SK,74.47,15
2025-11-02T02:45:00Z,AT,80.03,15
2025-11-02T02:45:00Z,BE,47.54,15
2025-11-02T02:45:00Z,CZ,75.01,15
2025-11-02T02:45:00Z,DE-LU,62.21,15
2025-11-02T02:45:00Z,DK1,53.73,15
2025-11-02T02:45:00Z,DK2,53.56,15
2025-11-02T02:45:00Z,EE,20.64,15
2025-11-02T02:45:00Z,ES,11.93,15
2025-11-02T02:45:00Z,FI,6.42,15
2025-11-02T02:45:00Z,FR,11.93,15
2025-11-02T02:45:00Z,GR,75.86,15
2025-11-02T02:45:00Z,HR,77.42,15
2025-11-02T02:45:00Z,HU,75.91,15
2025-11-02T02:45:00Z,IT-CNorth,91.90,15
2025-11-02T02:45:00Z,IT-CSouth,91.90,15
2025-11-02T02:45:00Z,IT-North,91.90,15
2025-11-02T02:45:00Z,IT-Sardinia,91.90,15
2025-11-02T02:45:00Z,IT-Sicily,91.90,15
2025-11-02T02:45:00Z,IT-South,91.90,15
2025-11-02T02:45:00Z,LT,20.64,15
2025-11-02T02:45:00Z,LV,20.64,15
2025-11-02T02:45:00Z,NL,53.73,15
2025-11-02T02:45:00Z,NO1,47.55,15
2025-11-02T02:45:00Z,NO2,51.92,15
2025-11-02T02:45:00Z,NO3,22.86,15
2025-11-02T02:45:00Z,NO4,5.07,15
2025-11-02T02:45:00Z,NO5,45.62,15
2025-11-02T02:45:00Z,PL,92.53,15
2025-11-02T02:45:00Z,PT,11.93,15
2025-11-02T02:45:00Z,RO,75.86,15
2025-11-02T02:45:00Z,RS,68.01,15
2025-11-02T02:45:00Z,SE1,1.73,15
2025-11-02T02:45:00Z,SE2,-2.77,15
2025-11-02T02:45:00Z,SE3,18.69,15
2025-11-02T02:45:00Z,SE4,25.36,15
2025-11-02T02:45:00Z,SI,78.09,15
2025-11-02T02:45:00Z,SK,74.61,15
2025-11-02T03:00:00Z,AT,79.64,15
2025-11-02T03:00:00Z,BE,48.49,15
2025-11-02T03:00:00Z,CH,74.81,60
2025-11-02T03:00:00Z,CZ,75.01,15
2025-11-02T03:00:00Z,DE-LU,62.64,15
2025-11-02T03:00:00Z,DK1,54.46,15
2025-11-02T03:00:00Z,DK2,54.30,15
2025-11-02T03:00:00Z,EE,4.62,15
2025-11-02T03:00:00Z,ES,16.79,15
2025-11-02T03:00:00Z,FI,4.62,15
2025-11-02T03:00:00Z,FR,14.30,15
2025-11-02T03:00:00Z,GR,75.72,15
2025-11-02T03:00:00Z,HR,77.20,15
2025-11-02T03:00:00Z,HU,75.77,15
2025-11-02T03:00:00Z,IT-CNorth,94.78,15
2025-11-02T03:00:00Z,IT-CSouth,102.18,15
2025-11-02T03:00:00Z,IT-North,94.78,15
2025-11-02T03:00:00Z,IT-Sardinia,102.18,15
2025-11-02T03:00:00Z,IT-Sicily,102.18,15
2025-11-02T03:00:00Z,IT-South,102.18,15
2025-11-02T03:00:00Z,LT,22.99,15
2025-11-02T03:00:00Z,LV,22.99,15
2025-11-02T03:00:00Z,NL,54.46,15
2025-11-02T03:00:00Z,NO1,47.74,15
2025-11-02T03:00:00Z,NO2,52.56,15
2025-11-02T03:00:00Z,NO3,21.93,15
2025-11-02T03:00:00Z,NO4,5.76,15
2025-11-02T03:00:00Z,NO5,45.79,15
2025-11-02T03:00:00Z,PL,96.54,15
2025-11-02T03:00:00Z,PT,16.79,15
2025-11-02T03:00:00Z,RO,75.72,15
2025-11-02T03:00:00Z,RS,69.46,15
2025-11-02T03:00:00Z,SE1,1.73,15
2025-11-02T03:00:00Z,SE2,-3.66,15
2025-11-02T03:00:00Z,SE3,20.79,15
2025-11-02T03:00:00Z,SE4,28.20,15
2025-11-02T03:00:00Z,SI,77.84,15
2025-11-02T03:00:00Z,SK,74.52,15
2025-11-02T03:15:00Z,AT,77.94,15
2025-11-02T03:15:00Z,BE,49.38,15
2025-11-02T03:15:00Z,CZ,80.00,15
2025-11-02T03:15:00Z,DE-LU,64.62,15
2025-11-02T03:15:00Z,DK1,55.88,15
2025-11-02T03:15:00Z,DK2,55.71,15
2025-11-02T03:15:00Z,EE,4.04,15
2025-11-02T03:15:00Z,ES,16.90,15
2025-11-02T03:15:00Z,FI,4.04,15
2025-11-02T03:15:00Z,FR,12.08,15
2025-11-02T03:15:00Z,GR,76.51,15
2025-11-02T03:15:00Z,HR,77.72,15
2025-11-02T03:15:00Z,HU,76.55,15
2025-11-02T03:15:00Z,IT-CNorth,97.97,15
2025-11-02T03:15:00Z,IT-CSouth,97.97,15
2025-11-02T03:15:00Z,IT-North,97.97,15
2025-11-02T03:15:00Z,IT-Sardinia,97.97,15
2025-11-02T03:15:00Z,IT-Sicily,97.97,15
2025-11-02T03:15:00Z,IT-South,97.97,15
2025-11-02T03:15:00Z,LT,23.04,15
2025-11-02T03:15:00Z,LV,23.04,15
2025-11-02T03:15:00Z,NL,55.88,15
2025-11-02T03:15:00Z,NO1,47.69,15
2025-11-02T03:15:00Z,NO2,53.91,15
2025-11-02T03:15:00Z,NO3,22.39,15
2025-11-02T03:15:00Z,NO4,5.30,15
2025-11-02T03:15:00Z,NO5,46.05,15
2025-11-02T03:15:00Z,PL,108.90,15
2025-11-02T03:15:00Z,PT,16.90,15
2025-11-02T03:15:00Z,RO,76.51,15
2025-11-02T03:15:00Z,RS,69.46,15
2025-11-02T03:15:00Z,SE1,1.73,15
2025-11-02T03:15:00Z,SE2,-3.49,15
2025-11-02T03:15:00Z,SE3,20.72,15
2025-11-02T03:15:00Z,SE4,28.10,15
2025-11-02T03:15:00Z,SI,78.19,15
2025-11-02T03:15:00Z,SK,75.76,15
2025-11-02T03:30:00Z,AT,80.01,15
2025-11-02T03:30:00Z,BE,49.70,15
2025-11-02T03:30:00Z,CZ,79.04,15
2025-11-02T03:30:00Z,DE-LU,66.55,15
2025-11-02T03:30:00Z,DK1,56.92,15
2025-11-02T03:30:00Z,DK2,56.75,15
2025-11-02T03:30:00Z,EE,4.00,15
2025-11-02T03:30:00Z,ES,16.79,15
2025-11-02T03:30:00Z,FI,4.00,15
2025-11-02T03:30:00Z,FR,8.82,15
2025-11-02T03:30:00Z,GR,77.89,15
2025-11-02T03:30:00Z,HR,79.32,15
2025-11-02T03:30:00Z,HU,77.85,15
2025-11-02T03:30:00Z,IT-CNorth,91.90,15
2025-11-02T03:30:00Z,IT-CSouth,91.90,15
2025-11-02T03:30:00Z,IT-North,91.90,15
2025-11-02T03:30:00Z,IT-Sardinia,91.90,15
2025-11-02T03:30:00Z,IT-Sicily,91.90,15
2025-11-02T03:30:00Z,IT-South,91.90,15
2025-11-02T03:30:00Z,LT,23.09,15
2025-11-02T03:30:00Z,LV,23.09,15
2025-11-02T03:30:00Z,NL,56.92,15
2025-11-02T03:30:00Z,NO1,47.52,15
2025-11-02T03:30:00Z,NO2,54.91,15
2025-11-02T03:30:00Z,NO3,23.01,15
2025-11-02T03:30:00Z,NO4,5.36,15
2025-11-02T03:30:00Z,NO5,46.17,15
2025-11-02T03:30:00Z,PL,108.90,15
2025-11-02T03:30:00Z,PT,16.79,15
2025-11-02T03:30:00Z,RO,77.89,15
2025-11-02T03:30:00Z,RS,69.46,15
2025-11-02T03:30:00Z,SE1,2.23,15
2025-11-02T03:30:00Z,SE2,-2.76,15
2025-11-02T03:30:00Z,SE3,20.90,15
2025-11-02T03:30:00Z,SE4,28.16,15
2025-11-02T03:30:00Z,SI,79.92,15
2025-11-02T03:30:00Z,SK,76.87,15
2025-11-02T03:45:00Z,AT,80.72,15
2025-11-02T03:45:00Z,BE,56.94,15
2025-11-02T03:45:00Z,CZ,77.03,15
2025-11-02T03:45:00Z,DE-LU,74.26,15
2025-11-02T03:45:00Z,DK1,62.90,15
2025-11-02T03:45:00Z,DK2,62.69,15
2025-11-02T03:45:00Z,EE,3.99,15
2025-11-02T03:45:00Z,ES,16.68,15
2025-11-02T03:45:00Z,FI,3.99,15
2025-11-02T03:45:00Z,FR,15.55,15
2025-11-02T03:45:00Z,GR,79.40,15
2025-11-02T03:45:00Z,HR,80.83,15
2025-11-02T03:45:00Z,HU,79.13,15
2025-11-02T03:45:00Z,IT-CNorth,99.23,15
2025-11-02T03:45:00Z,IT-CSouth,99.23,15
2025-11-02T03:45:00Z,IT-North,99.23,15
2025-11-02T03:45:00Z,IT-Sardinia,99.23,15
2025-11-02T03:45:00Z,IT-Sicily,99.23,15
2025-11-02T03:45:00Z,IT-South,99.23,15
2025-11-02T03:45:00Z,LT,42.70,15
2025-11-02T03:45:00Z,LV,42.70,15
2025-11-02T03:45:00Z,NL,64.51,15
2025-11-02T03:45:00Z,NO1,46.51,15
2025-11-02T03:45:00Z,NO2,60.61,15
2025-11-02T03:45:00Z,NO3,22.99,15
2025-11-02T03:45:00Z,NO4,5.12,15
2025-11-02T03:45:00Z,NO5,46.44,15
2025-11-02T03:45:00Z,PL,108.91,15
2025-11-02T03:45:00Z,PT,16.68,15
2025-11-02T03:45:00Z,RO,79.40,15
2025-11-02T03:45:00Z,RS,69.46,15
2025-11-02T03:45:00Z,SE1,2.24,15
2025-11-02T03:45:00Z,SE2,-2.52,15
2025-11-02T03:45:00Z,SE3,20.17,15
2025-11-02T03:45:00Z,SE4,27.31,15
2025-11-02T03:45:00Z,SI,81.45,15
2025-11-02T03:45:00Z,SK,78.32,15
2025-11-02T04:00:00Z,AT,78.62,15
2025-11-02T04:00:00Z,BE,53.10,15
2025-11-02T04:00:00Z,CH,73.82,60
2025-11-02T04:00:00Z,CZ,86.62,15
2025-11-02T04:00:00Z,DE-LU,66.09,15
2025-11-02T04:00:00Z,DK1,56.30,15
2025-11-02T04:00:00Z,DK2,56.13,15
2025-11-02T04:00:00Z,EE,2.19,15
2025-11-02T04:00:00Z,ES,20.58,15
2025-11-02T04:00:00Z,FI,2.19,15
2025-11-02T04:00:00Z,FR,20.58,15
2025-11-02T04:00:00Z,GR,78.68,15
2025-11-02T04:00:00Z,HR,79.50,15
2025-11-02T04:00:00Z,HU,78.84,15
2025-11-02T04:00:00Z,IT-CNorth,100.00,15
2025-11-02T04:00:00Z,IT-CSouth,100.00,15
2025-11-02T04:00:00Z,IT-North,100.00,15
2025-11-02T04:00:00Z,IT-Sardinia,100.00,15
2025-11-02T04:00:00Z,IT-Sicily,100.00,15
2025-11-02T04:00:00Z,IT-South,100.00,15
2025-11-02T04:00:00Z,LT,23.36,15
2025-11-02T04:00:00Z,LV,23.36,15
2025-11-02T04:00:00Z,NL,58.60,15
2025-11-02T04:00:00Z,NO1,48.02,15
2025-11-02T04:00:00Z,NO2,54.32,15
2025-11-02T04:00:00Z,NO3,23.05,15
2025-11-02T04:00:00Z,NO4,5.28,15
2025-11-02T04:00:00Z,NO5,46.51,15
2025-11-02T04:00:00Z,PL,108.90,15
2025-11-02T04:00:00Z,PT,20.58,15
2025-11-02T04:00:00Z,RO,78.68,15
2025-11-02T04:00:00Z,RS,82.03,15
2025-11-02T04:00:00Z,SE1,2.29,15
2025-11-02T04:00:00Z,SE2,-2.74,15
2025-11-02T04:00:00Z,SE3,21.06,15
2025-11-02T04:00:00Z,SE4,28.51,15
2025-11-02T04:00:00Z,SI,79.74,15
2025-11-02T04:00:00Z,SK,78.40,15
2025-11-02T04:15:00Z,AT,79.37,15
2025-11-02T04:15:00Z,BE,56.66,15
2025-11-02T04:15:00Z,CZ,76.02,15
2025-11-02T04:15:00Z,DE-LU,73.98,15
2025-11-02T04:15:00Z,DK1,56.25,15
2025-11-02T04:15:00Z,DK2,56.09,15
2025-11-02T04:15:00Z,EE,2.47,15
2025-11-02T04:15:00Z,ES,16.90,15
2025-11-02T04:15:00Z,FI,2.47,15
2025-11-02T04:15:00Z,FR,15.26,15
2025-11-02T04:15:00Z,GR,78.36,15
2025-11-02T04:15:00Z,HR,79.78,15
2025-11-02T04:15:00Z,HU,78.08,15
2025-11-02T04:15:00Z,IT-CNorth,99.41,15
2025-11-02T04:15:00Z,IT-CSouth,99.41,15
2025-11-02T04:15:00Z,IT-North,99.41,15
2025-11-02T04:15:00Z,IT-Sardinia,99.41,15
2025-11-02T04:15:00Z,IT-Sicily,99.41,15
2025-11-02T04:15:00Z,IT-South,99.41,15
2025-11-02T04:15:00Z,LT,23.67,15
2025-11-02T04:15:00Z,LV,23.67,15
2025-11-02T04:15:00Z,NL,64.24,15
2025-11-02T04:15:00Z,NO1,48.33,15
2025-11-02T04:15:00Z,NO2,54.29,15
2025-11-02T04:15:00Z,NO3,23.73,15
2025-11-02T04:15:00Z,NO4,5.12,15
2025-11-02T04:15:00Z,NO5,46.80,15
2025-11-02T04:15:00Z,PL,108.91,15
2025-11-02T04:15:00Z,PT,16.90,15
2025-11-02T04:15:00Z,RO,78.36,15
2025-11-02T04:15:00Z,RS,82.03,15
2025-11-02T04:15:00Z,SE1,2.56,15
2025-11-02T04:15:00Z,SE2,-2.32,15
2025-11-02T04:15:00Z,SE3,21.38,15
2025-11-02T04:15:00Z,SE4,28.79,15
2025-11-02T04:15:00Z,SI,80.36,15
2025-11-02T04:15:00Z,SK,77.33,15
2025-11-02T04:30:00Z,AT,84.09,15
2025-11-02T04:30:00Z,BE,49.37,15
2025-11-02T04:30:00Z,CZ,77.84,15
2025-11-02T04:30:00Z,DE-LU,64.93,15
2025-11-02T04:30:00Z,DK1,55.94,15
2025-11-02T04:30:00Z,DK2,55.77,15
2025-11-02T04:30:00Z,EE,2.66,15
2025-11-02T04:30:00Z,ES,16.79,15
2025-11-02T04:30:00Z,FI,2.66,15
2025-11-02T04:30:00Z,FR,11.87,15
2025-11-02T04:30:00Z,GR,79.39,15
2025-11-02T04:30:00Z,HR,81.08,15
2025-11-02T04:30:00Z,HU,79.45,15
2025-11-02T04:30:00Z,IT-CNorth,99.67,15
2025-11-02T04:30:00Z,IT-CSouth,99.67,15
2025-11-02T04:30:00Z,IT-North,99.67,15
2025-11-02T04:30:00Z,IT-Sardinia,99.67,15
2025-11-02T04:30:00Z,IT-Sicily,99.67,15
2025-11-02T04:30:00Z,IT-South,99.67,15
2025-11-02T04:30:00Z,LT,23.92,15
2025-11-02T04:30:00Z,LV,23.92,15
2025-11-02T04:30:00Z,NL,55.94,15
2025-11-02T04:30:00Z,NO1,48.58,15
2025-11-02T04:30:00Z,NO2,53.99,15
2025-11-02T04:30:00Z,NO3,24.08,15
2025-11-02T04:30:00Z,NO4,5.13,15
2025-11-02T04:30:00Z,NO5,46.98,15
2025-11-02T04:30:00Z,PL,109.44,15
2025-11-02T04:30:00Z,PT,16.79,15
2025-11-02T04:30:00Z,RO,79.39,15
2025-11-02T04:30:00Z,RS,82.03,15
2025-11-02T04:30:00Z,SE1,2.74,15
2025-11-02T04:30:00Z,SE2,-2.10,15
2025-11-02T04:30:00Z,SE3,21.62,15
2025-11-02T04:30:00Z,SE4,29.03,15
2025-11-02T04:30:00Z,SI,81.82,15
2025-11-02T04:30:00Z,SK,77.99,15
2025-11-02T04:45:00Z,AT,87.70,15
2025-11-02T04:45:00Z,BE,53.44,15
2025-11-02T04:45:00Z,CZ,75.01,15
2025-11-02T04:45:00Z,DE-LU,70.24,15
2025-11-02T04:45:00Z,DK1,55.97,15
2025-11-02T04:45:00Z,DK2,55.81,15
2025-11-02T04:45:00Z,EE,2.90,15
2025-11-02T04:45:00Z,ES,16.90,15
2025-11-02T04:45:00Z,FI,2.90,15
2025-11-02T04:45:00Z,FR,13.70,15
2025-11-02T04:45:00Z,GR,81.83,15
2025-11-02T04:45:00Z,HR,83.83,15
2025-11-02T04:45:00Z,HU,81.73,15
2025-11-02T04:45:00Z,IT-CNorth,103.80,15
2025-11-02T04:45:00Z,IT-CSouth,103.80,15
2025-11-02T04:45:00Z,IT-North,103.80,15
2025-11-02T04:45:00Z,IT-Sardinia,103.80,15
2025-11-02T04:45:00Z,IT-Sicily,103.80,15
2025-11-02T04:45:00Z,IT-South,103.80,15
2025-11-02T04:45:00Z,LT,24.87,15
2025-11-02T04:45:00Z,LV,24.87,15
2025-11-02T04:45:00Z,NL,60.61,15
2025-11-02T04:45:00Z,NO1,50.18,15
2025-11-02T04:45:00Z,NO2,54.04,15
2025-11-02T04:45:00Z,NO3,24.69,15
2025-11-02T04:45:00Z,NO4,5.67,15
2025-11-02T04:45:00Z,NO5,48.20,15
2025-11-02T04:45:00Z,PL,112.15,15
2025-11-02T04:45:00Z,PT,16.90,15
2025-11-02T04:45:00Z,RO,81.83,15
2025-11-02T04:45:00Z,RS,82.03,15
2025-11-02T04:45:00Z,SE1,2.99,15
2025-11-02T04:45:00Z,SE2,-2.08,15
2025-11-02T04:45:00Z,SE3,22.51,15
2025-11-02T04:45:00Z,SE4,30.13,15
2025-11-02T04:45:00Z,SI,84.75,15
2025-11-02T04:45:00Z,SK,80.01,15
2025-11-02T05:00:00Z,AT,84.06,15
2025-11-02T05:00:00Z,BE,50.38,15
2025-11-02T05:00:00Z,CH,75.36,60
2025-11-02T05:00:00Z,CZ,89.00,15
2025-11-02T05:00:00Z,DE-LU,61.28,15
2025-11-02T05:00:00Z,DK1,54.81,15
2025-11-02T05:00:00Z,DK2,54.80,15
2025-11-02T05:00:00Z,EE,2.87,15
2025-11-02T05:00:00Z,ES,27.64,15
2025-11-02T05:00:00Z,FI,2.87,15
2025-11-02T05:00:00Z,FR,22.08,15
2025-11-02T05:00:00Z,GR,82.93,15
2025-11-02T05:00:00Z,HR,82.15,15
2025-11-02T05:00:00Z,HU,81.58,15
2025-11-02T05:00:00Z,IT-CNorth,91.90,15
2025-11-02T05:00:00Z,IT-CSouth,107.21,15
2025-11-02T05:00:00Z,IT-North,91.90,15
2025-11-02T05:00:00Z,IT-Sardinia,107.21,15
2025-11-02T05:00:00Z,IT-Sicily,107.21,15
2025-11-02T05:00:00Z,IT-South,107.21,15
2025-11-02T05:00:00Z,LT,25.26,15
2025-11-02T05:00:00Z,LV,25.26,15
2025-11-02T05:00:00Z,NL,54.83,15
2025-11-02T05:00:00Z,NO1,51.68,15
2025-11-02T05:00:00Z,NO2,52.98,15
2025-11-02T05:00:00Z,NO3,24.99,15
2025-11-02T05:00:00Z,NO4,5.40,15
2025-11-02T05:00:00Z,NO5,49.15,15
2025-11-02T05:00:00Z,PL,108.90,15
2025-11-02T05:00:00Z,PT,27.64,15
2025-11-02T05:00:00Z,RO,81.13,15
2025-11-02T05:00:00Z,RS,82.72,15
2025-11-02T05:00:00Z,SE1,2.98,15
2025-11-02T05:00:00Z,SE2,-2.74,15
2025-11-02T05:00:00Z,SE3,22.91,15
2025-11-02T05:00:00Z,SE4,30.29,15
2025-11-02T05:00:00Z,SI,82.53,15
2025-11-02T05:00:00Z,SK,80.56,15
2025-11-02T05:15:00Z,AT,86.65,15
2025-11-02T05:15:00Z,BE,54.61,15
2025-11-02T05:15:00Z,CZ,91.02,15
2025-11-02T05:15:00Z,DE-LU,69.49,15
2025-11-02T05:15:00Z,DK1,59.61,15
2025-11-02T05:15:00Z,DK2,60.75,15
2025-11-02T05:15:00Z,EE,3.00,15
2025-11-02T05:15:00Z,ES,28.26,15
2025-11-02T05:15:00Z,FI,2.93,15
2025-11-02T05:15:00Z,FR,16.87,15
2025-11-02T05:15:00Z,GR,85.00,15
2025-11-02T05:15:00Z,HR,86.19,15
2025-11-02T05:15:00Z,HU,85.19,15
2025-11-02T05:15:00Z,IT-CNorth,99.30,15
2025-11-02T05:15:00Z,IT-CSouth,110.81,15
2025-11-02T05:15:00Z,IT-North,99.30,15
2025-11-02T05:15:00Z,IT-Sardinia,110.81,15
2025-11-02T05:15:00Z,IT-Sicily,110.81,15
2025-11-02T05:15:00Z,IT-South,110.81,15
2025-11-02T05:15:00Z,LT,25.55,15
2025-11-02T05:15:00Z,LV,25.55,15
2025-11-02T05:15:00Z,NL,60.95,15
2025-11-02T05:15:00Z,NO1,52.69,15
2025-11-02T05:15:00Z,NO2,57.90,15
2025-11-02T05:15:00Z,NO3,25.66,15
2025-11-02T05:15:00Z,NO4,5.48,15
2025-11-02T05:15:00Z,NO5,50.80,15
2025-11-02T05:15:00Z,PL,109.66,15
2025-11-02T05:15:00Z,PT,28.26,15
2025-11-02T05:15:00Z,RO,85.00,15
2025-11-02T05:15:00Z,RS,82.72,15
2025-11-02T05:15:00Z,SE1,3.04,15
2025-11-02T05:15:00Z,SE2,-2.74,15
2025-11-02T05:15:00Z,SE3,23.17,15
2025-11-02T05:15:00Z,SE4,30.63,15
2025-11-02T05:15:00Z,SI,86.63,15
2025-11-02T05:15:00Z,SK,84.32,15
2025-11-02T05:30:00Z,AT,90.61,15
2025-11-02T05:30:00Z,BE,57.57,15
2025-11-02T05:30:00Z,CZ,77.55,15
2025-11-02T05:30:00Z,DE-LU,73.30,15
2025-11-02T05:30:00Z,DK1,58.43,15
2025-11-02T05:30:00Z,DK2,63.61,15
2025-11-02T05:30:00Z,EE,3.01,15
2025-11-02T05:30:00Z,ES,30.05,15
2025-11-02T05:30:00Z,FI,2.99,15
2025-11-02T05:30:00Z,FR,19.53,15
2025-11-02T05:30:00Z,GR,84.67,15
2025-11-02T05:30:00Z,HR,86.61,15
2025-11-02T05:30:00Z,HU,84.58,15
2025-11-02T05:30:00Z,IT-CNorth,99.30,15
2025-11-02T05:30:00Z,IT-CSouth,99.30,15
2025-11-02T05:30:00Z,IT-North,99.30,15
2025-11-02T05:30:00Z,IT-Sardinia,99.30,15
2025-11-02T05:30:00Z,IT-Sicily,99.30,15
2025-11-02T05:30:00Z,IT-South,99.30,15
2025-11-02T05:30:00Z,LT,26.61,15
2025-11-02T05:30:00Z,LV,26.61,15
2025-11-02T05:30:00Z,NL,64.37,15
2025-11-02T05:30:00Z,NO1,54.72,15
2025-11-02T05:30:00Z,NO2,57.85,15
2025-11-02T05:30:00Z,NO3,26.16,15
2025-11-02T05:30:00Z,NO4,6.03,15
2025-11-02T05:30:00Z,NO5,52.30,15
2025-11-02T05:30:00Z,PL,104.69,15
2025-11-02T05:30:00Z,PT,30.05,15
2025-11-02T05:30:00Z,RO,84.67,15
2025-11-02T05:30:00Z,RS,82.72,15
2025-11-02T05:30:00Z,SE1,3.11,15
2025-11-02T05:30:00Z,SE2,-3.07,15
2025-11-02T05:30:00Z,SE3,24.12,15
2025-11-02T05:30:00Z,SE4,31.94,15
2025-11-02T05:30:00Z,SI,87.53,15
2025-11-02T05:30:00Z,SK,82.87,15
2025-11-02T05:45:00Z,AT,82.87,15
2025-11-02T05:45:00Z,BE,60.33,15
2025-11-02T05:45:00Z,CZ,79.55,15
2025-11-02T05:45:00Z,DE-LU,77.32,15
2025-11-02T05:45:00Z,DK1,55.24,15
2025-11-02T05:45:00Z,DK2,71.80,15
2025-11-02T05:45:00Z,EE,4.61,15
2025-11-02T05:45:00Z,ES,33.99,15
2025-11-02T05:45:00Z,FI,3.01,15
2025-11-02T05:45:00Z,FR,18.77,15
2025-11-02T05:45:00Z,GR,81.88,15
2025-11-02T05:45:00Z,HR,83.29,15
2025-11-02T05:45:00Z,HU,81.59,15
2025-11-02T05:45:00Z,IT-CNorth,103.08,15
2025-11-02T05:45:00Z,IT-CSouth,103.08,15
2025-11-02T05:45:00Z,IT-North,103.08,15
2025-11-02T05:45:00Z,IT-Sardinia,103.08,15
2025-11-02T05:45:00Z,IT-Sicily,103.08,15
2025-11-02T05:45:00Z,IT-South,103.08,15
2025-11-02T05:45:00Z,LT,27.16,15
2025-11-02T05:45:00Z,LV,27.16,15
2025-11-02T05:45:00Z,NL,67.86,15
2025-11-02T05:45:00Z,NO1,55.77,15
2025-11-02T05:45:00Z,NO2,57.99,15
2025-11-02T05:45:00Z,NO3,26.92,15
2025-11-02T05:45:00Z,NO4,5.76,15
2025-11-02T05:45:00Z,NO5,53.18,15
2025-11-02T05:45:00Z,PL,99.99,15
2025-11-02T05:45:00Z,PT,33.99,15
2025-11-02T05:45:00Z,RO,81.88,15
2025-11-02T05:45:00Z,RS,82.72,15
2025-11-02T05:45:00Z,SE1,3.12,15
2025-11-02T05:45:00Z,SE2,-3.06,15
2025-11-02T05:45:00Z,SE3,24.63,15
2025-11-02T05:45:00Z,SE4,32.59,15
2025-11-02T05:45:00Z,SI,83.85,15
2025-11-02T05:45:00Z,SK,80.84,15
2025-11-02T06:00:00Z,AT,82.48,15
2025-11-02T06:00:00Z,BE,60.90,15
2025-11-02T06:00:00Z,CH,73.06,60
2025-11-02T06:00:00Z,CZ,79.30,15
2025-11-02T06:00:00Z,DE-LU,77.17,15
2025-11-02T06:00:00Z,DK1,64.83,15
2025-11-02T06:00:00Z,DK2,77.13,15
2025-11-02T06:00:00Z,EE,20.75,15
2025-11-02T06:00:00Z,ES,33.99,15
2025-11-02T06:00:00Z,FI,3.01,15
2025-11-02T06:00:00Z,FR,20.83,15
2025-11-02T06:00:00Z,GR,81.52,15
2025-11-02T06:00:00Z,HR,82.83,15
2025-11-02T06:00:00Z,HU,81.26,15
2025-11-02T06:00:00Z,IT-CNorth,91.90,15
2025-11-02T06:00:00Z,IT-CSouth,91.90,15
2025-11-02T06:00:00Z,IT-North,91.90,15
2025-11-02T06:00:00Z,IT-Sardinia,91.90,15
2025-11-02T06:00:00Z,IT-Sicily,91.90,15
2025-11-02T06:00:00Z,IT-South,91.90,15
2025-11-02T06:00:00Z,LT,27.34,15
2025-11-02T06:00:00Z,LV,27.34,15
2025-11-02T06:00:00Z,NL,67.57,15
2025-11-02T06:00:00Z,NO1,56.36,15
2025-11-02T06:00:00Z,NO2,60.92,15
2025-11-02T06:00:00Z,NO3,26.15,15
2025-11-02T06:00:00Z,NO4,6.69,15
2025-11-02T06:00:00Z,NO5,53.98,15
2025-11-02T06:00:00Z,PL,108.90,15
2025-11-02T06:00:00Z,PT,33.99,15
2025-11-02T06:00:00Z,RO,81.52,15
2025-11-02T06:00:00Z,RS,70.05,15
2025-11-02T06:00:00Z,SE1,3.12,15
2025-11-02T06:00:00Z,SE2,-3.37,15
2025-11-02T06:00:00Z,SE3,24.72,15
2025-11-02T06:00:00Z,SE4,32.87,15
2025-11-02T06:00:00Z,SI,83.41,15
2025-11-02T06:00:00Z,SK,80.54,15
2025-11-02T06:15:00Z,AT,80.21,15
2025-11-02T06:15:00Z,BE,57.38,15
2025-11-02T06:15:00Z,CZ,76.85,15
2025-11-02T06:15:00Z,DE-LU,74.59,15
2025-11-02T06:15:00Z,DK1,63.21,15
2025-11-02T06:15:00Z,DK2,74.55,15
2025-11-02T06:15:00Z,EE,20.75,15
2025-11-02T06:15:00Z,ES,35.00,15
2025-11-02T06:15:00Z,FI,3.29,15
2025-11-02T06:15:00Z,FR,14.98,15
2025-11-02T06:15:00Z,GR,79.20,15
2025-11-02T06:15:00Z,HR,80.58,15
2025-11-02T06:15:00Z,HU,78.92,15
2025-11-02T06:15:00Z,IT-CNorth,91.90,15
2025-11-02T06:15:00Z,IT-CSouth,91.90,15
2025-11-02T06:15:00Z,IT-North,91.90,15
2025-11-02T06:15:00Z,IT-Sardinia,91.90,15
2025-11-02T06:15:00Z,IT-Sicily,91.90,15
2025-11-02T06:15:00Z,IT-South,91.90,15
2025-11-02T06:15:00Z,LT,28.22,15
2025-11-02T06:15:00Z,LV,28.22,15
2025-11-02T06:15:00Z,NL,64.43,15
2025-11-02T06:15:00Z,NO1,57.51,15
2025-11-02T06:15:00Z,NO2,61.02,15
2025-11-02T06:15:00Z,NO3,27.44,15
2025-11-02T06:15:00Z,NO4,5.72,15
2025-11-02T06:15:00Z,NO5,54.98,15
2025-11-02T06:15:00Z,PL,103.29,15
2025-11-02T06:15:00Z,PT,35.00,15
2025-11-02T06:15:00Z,RO,79.20,15
2025-11-02T06:15:00Z,RS,70.05,15
2025-11-02T06:15:00Z,SE1,3.37,15
2025-11-02T06:15:00Z,SE2,-2.74,15
2025-11-02T06:15:00Z,SE3,25.57,15
2025-11-02T06:15:00Z,SE4,33.79,15
2025-11-02T06:15:00Z,SI,81.20,15
2025-11-02T06:15:00Z,SK,78.16,15
2025-11-02T06:30:00Z,AT,80.59,15
2025-11-02T06:30:00Z,BE,57.60,15
2025-11-02T06:30:00Z,CZ,77.21,15
2025-11-02T06:30:00Z,DE-LU,74.93,15
2025-11-02T06:30:00Z,DK1,63.18,15
2025-11-02T06:30:00Z,DK2,74.89,15
2025-11-02T06:30:00Z,EE,20.74,15
2025-11-02T06:30:00Z,ES,40.00,15
2025-11-02T06:30:00Z,FI,3.50,15
2025-11-02T06:30:00Z,FR,14.91,15
2025-11-02T06:30:00Z,GR,79.57,15
2025-11-02T06:30:00Z,HR,80.97,15
2025-11-02T06:30:00Z,HU,79.29,15
2025-11-02T06:30:00Z,IT-CNorth,91.90,15
2025-11-02T06:30:00Z,IT-CSouth,91.90,15
2025-11-02T06:30:00Z,IT-North,91.90,15
2025-11-02T06:30:00Z,IT-Sardinia,91.90,15
2025-11-02T06:30:00Z,IT-Sicily,91.90,15
2025-11-02T06:30:00Z,IT-South,91.90,15
2025-11-02T06:30:00Z,LT,28.73,15
2025-11-02T06:30:00Z,LV,28.73,15
2025-11-02T06:30:00Z,NL,64.70,15
2025-11-02T06:30:00Z,NO1,58.23,15
2025-11-02T06:30:00Z,NO2,61.00,15
2025-11-02T06:30:00Z,NO3,27.98,15
2025-11-02T06:30:00Z,NO4,5.70,15
2025-11-02T06:30:00Z,NO5,55.55,15
2025-11-02T06:30:00Z,PL,100.00,15
2025-11-02T06:30:00Z,PT,40.00,15
2025-11-02T06:30:00Z,RO,79.57,15
2025-11-02T06:30:00Z,RS,70.05,15
2025-11-02T06:30:00Z,SE1,3.57,15
2025-11-02T06:30:00Z,SE2,-2.52,15
2025-11-02T06:30:00Z,SE3,26.05,15
2025-11-02T06:30:00Z,SE4,34.35,15
2025-11-02T06:30:00Z,SI,81.59,15
2025-11-02T06:30:00Z,SK,78.52,15
2025-11-02T06:45:00Z,AT,81.32,15
2025-11-02T06:45:00Z,BE,57.41,15
2025-11-02T06:45:00Z,CZ,77.80,15
2025-11-02T06:45:00Z,DE-LU,75.43,15
2025-11-02T06:45:00Z,DK1,62.41,15
2025-11-02T06:45:00Z,DK2,75.39,15
2025-11-02T06:45:00Z,EE,20.75,15
2025-11-02T06:45:00Z,ES,40.00,15
2025-11-02T06:45:00Z,FI,3.92,15
2025-11-02T06:45:00Z,FR,13.01,15
2025-11-02T06:45:00Z,GR,80.26,15
2025-11-02T06:45:00Z,HR,81.71,15
2025-11-02T06:45:00Z,HU,79.97,15
2025-11-02T06:45:00Z,IT-CNorth,91.90,15
2025-11-02T06:45:00Z,IT-CSouth,91.90,15
2025-11-02T06:45:00Z,IT-North,91.90,15
2025-11-02T06:45:00Z,IT-Sardinia,91.90,15
2025-11-02T06:45:00Z,IT-Sicily,91.90,15
2025-11-02T06:45:00Z,IT-South,91.90,15
2025-11-02T06:45:00Z,LT,29.24,15
2025-11-02T06:45:00Z,LV,29.24,15
2025-11-02T06:45:00Z,NL,64.80,15
2025-11-02T06:45:00Z,NO1,58.73,15
2025-11-02T06:45:00Z,NO2,61.02,15
2025-11-02T06:45:00Z,NO3,28.56,15
2025-11-02T06:45:00Z,NO4,5.84,15
2025-11-02T06:45:00Z,NO5,55.98,15
2025-11-02T06:45:00Z,PL,99.99,15
2025-11-02T06:45:00Z,PT,40.00,15
2025-11-02T06:45:00Z,RO,80.26,15
2025-11-02T06:45:00Z,RS,70.05,15
2025-11-02T06:45:00Z,SE1,3.99,15
2025-11-02T06:45:00Z,SE2,-2.01,15
2025-11-02T06:45:00Z,SE3,26.56,15
2025-11-02T06:45:00Z,SE4,34.86,15
2025-11-02T06:45:00Z,SI,82.36,15
2025-11-02T06:45:00Z,SK,79.17,15
2025-11-02T07:00:00Z,AT,85.60,15
2025-11-02T07:00:00Z,BE,68.84,15
2025-11-02T07:00:00Z,CH,81.10,60
2025-11-02T07:00:00Z,CZ,83.20,15
2025-11-02T07:00:00Z,DE-LU,81.48,15
2025-11-02T07:00:00Z,DK1,74.60,15
2025-11-02T07:00:00Z,DK2,81.44,15
2025-11-02T07:00:00Z,EE,20.76,15
2025-11-02T07:00:00Z,ES,38.10,15
2025-11-02T07:00:00Z,FI,3.99,15
2025-11-02T07:00:00Z,FR,38.10,15
2025-11-02T07:00:00Z,GR,84.88,15
2025-11-02T07:00:00Z,HR,85.88,15
2025-11-02T07:00:00Z,HU,84.67,15
2025-11-02T07:00:00Z,IT-CNorth,100.00,15
2025-11-02T07:00:00Z,IT-CSouth,100.00,15
2025-11-02T07:00:00Z,IT-North,100.00,15
2025-11-02T07:00:00Z,IT-Sardinia,100.00,15
2025-11-02T07:00:00Z,IT-Sicily,100.00,15
2025-11-02T07:00:00Z,IT-South,100.00,15
2025-11-02T07:00:00Z,LT,29.43,15
2025-11-02T07:00:00Z,LV,29.43,15
2025-11-02T07:00:00Z,NL,73.97,15
2025-11-02T07:00:00Z,NO1,59.16,15
2025-11-02T07:00:00Z,NO2,61.87,15
2025-11-02T07:00:00Z,NO3,28.80,15
2025-11-02T07:00:00Z,NO4,6.15,15
2025-11-02T07:00:00Z,NO5,56.42,15
2025-11-02T07:00:00Z,PL,100.00,15
2025-11-02T07:00:00Z,PT,38.10,15
2025-11-02T07:00:00Z,RO,84.88,15
2025-11-02T07:00:00Z,RS,53.73,15
2025-11-02T07:00:00Z,SE1,4.04,15
2025-11-02T07:00:00Z,SE2,-2.22,15
2025-11-02T07:00:00Z,SE3,26.72,15
2025-11-02T07:00:00Z,SE4,35.02,15
2025-11-02T07:00:00Z,SI,86.32,15
2025-11-02T07:00:00Z,SK,84.14,15
2025-11-02T07:15:00Z,AT,85.18,15
2025-11-02T07:15:00Z,BE,64.45,15
2025-11-02T07:15:00Z,CZ,82.20,15
2025-11-02T07:15:00Z,DE-LU,80.07,15
2025-11-02T07:15:00Z,DK1,71.57,15
2025-11-02T07:15:00Z,DK2,80.04,15
2025-11-02T07:15:00Z,EE,20.76,15
2025-11-02T07:15:00Z,ES,26.45,15
2025-11-02T07:15:00Z,FI,4.03,15
2025-11-02T07:15:00Z,FR,26.45,15
2025-11-02T07:15:00Z,GR,84.28,15
2025-11-02T07:15:00Z,HR,85.52,15
2025-11-02T07:15:00Z,HU,84.03,15
2025-11-02T07:15:00Z,IT-CNorth,93.80,15
2025-11-02T07:15:00Z,IT-CSouth,93.80,15
2025-11-02T07:15:00Z,IT-North,93.80,15
2025-11-02T07:15:00Z,IT-Sardinia,93.80,15
2025-11-02T07:15:00Z,IT-Sicily,93.80,15
2025-11-02T07:15:00Z,IT-South,93.80,15
2025-11-02T07:15:00Z,LT,29.65,15
2025-11-02T07:15:00Z,LV,29.65,15
2025-11-02T07:15:00Z,NL,70.79,15
2025-11-02T07:15:00Z,NO1,59.42,15
2025-11-02T07:15:00Z,NO2,61.85,15
2025-11-02T07:15:00Z,NO3,29.22,15
2025-11-02T07:15:00Z,NO4,5.63,15
2025-11-02T07:15:00Z,NO5,56.66,15
2025-11-02T07:15:00Z,PL,99.26,15
2025-11-02T07:15:00Z,PT,26.45,15
2025-11-02T07:15:00Z,RO,84.28,15
2025-11-02T07:15:00Z,RS,53.73,15
2025-11-02T07:15:00Z,SE1,4.07,15
2025-11-02T07:15:00Z,SE2,-2.01,15
2025-11-02T07:15:00Z,SE3,26.93,15
2025-11-02T07:15:00Z,SE4,35.24,15
2025-11-02T07:15:00Z,SI,86.06,15
2025-11-02T07:15:00Z,SK,83.37,15
2025-11-02T07:30:00Z,AT,79.19,15
2025-11-02T07:30:00Z,BE,57.17,15
2025-11-02T07:30:00Z,CZ,76.03,15
2025-11-02T07:30:00Z,DE-LU,73.77,15
2025-11-02T07:30:00Z,DK1,64.73,15
2025-11-02T07:30:00Z,DK2,73.73,15
2025-11-02T07:30:00Z,EE,20.77,15
2025-11-02T07:30:00Z,ES,16.79,15
2025-11-02T07:30:00Z,FI,4.16,15
2025-11-02T07:30:00Z,FR,16.79,15
2025-11-02T07:30:00Z,GR,78.24,15
2025-11-02T07:30:00Z,HR,79.56,15
2025-11-02T07:30:00Z,HU,77.97,15
2025-11-02T07:30:00Z,IT-CNorth,91.90,15
2025-11-02T07:30:00Z,IT-CSouth,91.90,15
2025-11-02T07:30:00Z,IT-North,91.90,15
2025-11-02T07:30:00Z,IT-Sardinia,91.90,15
2025-11-02T07:30:00Z,IT-Sicily,91.90,15
2025-11-02T07:30:00Z,IT-South,91.90,15
2025-11-02T07:30:00Z,LT,29.90,15
2025-11-02T07:30:00Z,LV,29.90,15
2025-11-02T07:30:00Z,NL,63.90,15
2025-11-02T07:30:00Z,NO1,59.81,15
2025-11-02T07:30:00Z,NO2,61.64,15
2025-11-02T07:30:00Z,NO3,29.31,15
2025-11-02T07:30:00Z,NO4,6.02,15
2025-11-02T07:30:00Z,NO5,56.91,15
2025-11-02T07:30:00Z,PL,94.58,15
2025-11-02T07:30:00Z,PT,16.79,15
2025-11-02T07:30:00Z,RO,78.24,15
2025-11-02T07:30:00Z,RS,53.73,15
2025-11-02T07:30:00Z,SE1,4.20,15
2025-11-02T07:30:00Z,SE2,-2.01,15
2025-11-02T07:30:00Z,SE3,27.17,15
2025-11-02T07:30:00Z,SE4,35.54,15
2025-11-02T07:30:00Z,SI,80.13,15
2025-11-02T07:30:00Z,SK,77.27,15
2025-11-02T07:45:00Z,AT,78.01,15
2025-11-02T07:45:00Z,BE,54.67,15
2025-11-02T07:45:00Z,CZ,75.27,15
2025-11-02T07:45:00Z,DE-LU,73.16,15
2025-11-02T07:45:00Z,DK1,63.88,15
2025-11-02T07:45:00Z,DK2,73.12,15
2025-11-02T07:45:00Z,EE,20.77,15
2025-11-02T07:45:00Z,ES,14.00,15
2025-11-02T07:45:00Z,FI,5.00,15
2025-11-02T07:45:00Z,FR,14.00,15
2025-11-02T07:45:00Z,GR,76.25,15
2025-11-02T07:45:00Z,HR,78.31,15
2025-11-02T07:45:00Z,HU,76.94,15
2025-11-02T07:45:00Z,IT-CNorth,91.90,15
2025-11-02T07:45:00Z,IT-CSouth,91.90,15
2025-11-02T07:45:00Z,IT-North,91.90,15
2025-11-02T07:45:00Z,IT-Sardinia,91.90,15
2025-11-02T07:45:00Z,IT-Sicily,91.90,15
2025-11-02T07:45:00Z,IT-South,91.90,15
2025-11-02T07:45:00Z,LT,30.34,15
2025-11-02T07:45:00Z,LV,30.34,15
2025-11-02T07:45:00Z,NL,63.02,15
2025-11-02T07:45:00Z,NO1,59.47,15
2025-11-02T07:45:00Z,NO2,60.87,15
2025-11-02T07:45:00Z,NO3,30.24,15
2025-11-02T07:45:00Z,NO4,5.58,15
2025-11-02T07:45:00Z,NO5,56.64,15
2025-11-02T07:45:00Z,PL,99.22,15
2025-11-02T07:45:00Z,PT,14.00,15
2025-11-02T07:45:00Z,RO,77.18,15
2025-11-02T07:45:00Z,RS,53.73,15
2025-11-02T07:45:00Z,SE1,5.01,15
2025-11-02T07:45:00Z,SE2,-0.61,15
2025-11-02T07:45:00Z,SE3,27.68,15
2025-11-02T07:45:00Z,SE4,35.81,15
2025-11-02T07:45:00Z,SI,78.81,15
2025-11-02T07:45:00Z,SK,76.33,15
2025-11-02T08:00:00Z,AT,96.37,15
2025-11-02T08:00:00Z,BE,70.27,15
2025-11-02T08:00:00Z,CH,83.98,60
2025-11-02T08:00:00Z,CZ,95.28,15
2025-11-02T08:00:00Z,DE-LU,91.61,15
2025-11-02T08:00:00Z,DK1,78.97,15
2025-11-02T08:00:00Z,DK2,91.57,15
2025-11-02T08:00:00Z,EE,20.77,15
2025-11-02T08:00:00Z,ES,17.87,15
2025-11-02T08:00:00Z,FI,4.27,15
2025-11-02T08:00:00Z,FR,17.87,15
2025-11-02T08:00:00Z,GR,63.00,15
2025-11-02T08:00:00Z,HR,89.57,15
2025-11-02T08:00:00Z,HU,95.57,15
2025-11-02T08:00:00Z,IT-CNorth,101.93,15
2025-11-02T08:00:00Z,IT-CSouth,101.93,15
2025-11-02T08:00:00Z,IT-North,101.93,15
2025-11-02T08:00:00Z,IT-Sardinia,101.93,15
2025-11-02T08:00:00Z,IT-Sicily,101.93,15
2025-11-02T08:00:00Z,IT-South,101.93,15
2025-11-02T08:00:00Z,LT,30.85,15
2025-11-02T08:00:00Z,LV,30.85,15
2025-11-02T08:00:00Z,NL,78.97,15
2025-11-02T08:00:00Z,NO1,61.46,15
2025-11-02T08:00:00Z,NO2,64.09,15
2025-11-02T08:00:00Z,NO3,30.06,15
2025-11-02T08:00:00Z,NO4,5.70,15
2025-11-02T08:00:00Z,NO5,56.73,15
2025-11-02T08:00:00Z,PL,103.44,15
2025-11-02T08:00:00Z,PT,17.87,15
2025-11-02T08:00:00Z,RO,63.00,15
2025-11-02T08:00:00Z,RS,54.00,15
2025-11-02T08:00:00Z,SE1,4.31,15
2025-11-02T08:00:00Z,SE2,-2.26,15
2025-11-02T08:00:00Z,SE3,27.90,15
2025-11-02T08:00:00Z,SE4,36.71,15
2025-11-02T08:00:00Z,SI,94.59,15
2025-11-02T08:00:00Z,SK,99.00,15
2025-11-02T08:15:00Z,AT,79.26,15
2025-11-02T08:15:00Z,BE,59.12,15
2025-11-02T08:15:00Z,CZ,81.61,15
2025-11-02T08:15:00Z,DE-LU,77.57,15
2025-11-02T08:15:00Z,DK1,66.70,15
2025-11-02T08:15:00Z,DK2,77.53,15
2025-11-02T08:15:00Z,EE,20.77,15
2025-11-02T08:15:00Z,ES,8.16,15
2025-11-02T08:15:00Z,FI,4.52,15
2025-11-02T08:15:00Z,FR,14.19,15
2025-11-02T08:15:00Z,GR,14.82,15
2025-11-02T08:15:00Z,HR,65.21,15
2025-11-02T08:15:00Z,HU,79.41,15
2025-11-02T08:15:00Z,IT-CNorth,101.93,15
2025-11-02T08:15:00Z,IT-CSouth,101.93,15
2025-11-02T08:15:00Z,IT-North,101.93,15
2025-11-02T08:15:00Z,IT-Sardinia,101.93,15
2025-11-02T08:15:00Z,IT-Sicily,101.93,15
2025-11-02T08:15:00Z,IT-South,101.93,15
2025-11-02T08:15:00Z,LT,31.02,15
2025-11-02T08:15:00Z,LV,31.02,15
2025-11-02T08:15:00Z,NL,66.70,15
2025-11-02T08:15:00Z,NO1,61.54,15
2025-11-02T08:15:00Z,NO2,64.14,15
2025-11-02T08:15:00Z,NO3,30.22,15
2025-11-02T08:15:00Z,NO4,6.01,15
2025-11-02T08:15:00Z,NO5,56.86,15
2025-11-02T08:15:00Z,PL,103.92,15
2025-11-02T08:15:00Z,PT,8.16,15
2025-11-02T08:15:00Z,RO,14.82,15
2025-11-02T08:15:00Z,RS,54.00,15
2025-11-02T08:15:00Z,SE1,4.56,15
2025-11-02T08:15:00Z,SE2,-2.01,15
2025-11-02T08:15:00Z,SE3,28.08,15
2025-11-02T08:15:00Z,SE4,36.86,15
2025-11-02T08:15:00Z,SI,74.41,15
2025-11-02T08:15:00Z,SK,87.13,15
2025-11-02T08:30:00Z,AT,76.73,15
2025-11-02T08:30:00Z,BE,58.11,15
2025-11-02T08:30:00Z,CZ,79.63,15
2025-11-02T08:30:00Z,DE-LU,75.62,15
2025-11-02T08:30:00Z,DK1,65.31,15
2025-11-02T08:30:00Z,DK2,75.58,15
2025-11-02T08:30:00Z,EE,20.77,15
2025-11-02T08:30:00Z,ES,3.52,15
2025-11-02T08:30:00Z,FI,4.66,15
2025-11-02T08:30:00Z,FR,15.57,15
2025-11-02T08:30:00Z,GR,8.43,15
2025-11-02T08:30:00Z,HR,61.75,15
2025-11-02T08:30:00Z,HU,77.04,15
2025-11-02T08:30:00Z,IT-CNorth,98.78,15
2025-11-02T08:30:00Z,IT-CSouth,98.78,15
2025-11-02T08:30:00Z,IT-North,98.78,15
2025-11-02T08:30:00Z,IT-Sardinia,98.78,15
2025-11-02T08:30:00Z,IT-Sicily,98.78,15
2025-11-02T08:30:00Z,IT-South,98.78,15
2025-11-02T08:30:00Z,LT,30.77,15
2025-11-02T08:30:00Z,LV,30.77,15
2025-11-02T08:30:00Z,NL,65.31,15
2025-11-02T08:30:00Z,NO1,61.02,15
2025-11-02T08:30:00Z,NO2,63.17,15
2025-11-02T08:30:00Z,NO3,29.95,15
2025-11-02T08:30:00Z,NO4,6.67,15
2025-11-02T08:30:00Z,NO5,57.02,15
2025-11-02T08:30:00Z,PL,104.69,15
2025-11-02T08:30:00Z,PT,3.52,15
2025-11-02T08:30:00Z,RO,8.43,15
2025-11-02T08:30:00Z,RS,54.00,15
2025-11-02T08:30:00Z,SE1,4.72,15
2025-11-02T08:30:00Z,SE2,-1.98,15
2025-11-02T08:30:00Z,SE3,27.86,15
2025-11-02T08:30:00Z,SE4,36.56,15
2025-11-02T08:30:00Z,SI,71.47,15
2025-11-02T08:30:00Z,SK,85.33,15
2025-11-02T08:45:00Z,AT,70.41,15
2025-11-02T08:45:00Z,BE,51.34,15
2025-11-02T08:45:00Z,CZ,72.99,15
2025-11-02T08:45:00Z,DE-LU,69.03,15
2025-11-02T08:45:00Z,DK1,58.61,15
2025-11-02T08:45:00Z,DK2,68.99,15
2025-11-02T08:45:00Z,EE,20.77,15
2025-11-02T08:45:00Z,ES,1.20,15
2025-11-02T08:45:00Z,FI,5.00,15
2025-11-02T08:45:00Z,FR,8.30,15
2025-11-02T08:45:00Z,GR,5.12,15
2025-11-02T08:45:00Z,HR,56.13,15
2025-11-02T08:45:00Z,HU,70.63,15
2025-11-02T08:45:00Z,IT-CNorth,99.44,15
2025-11-02T08:45:00Z,IT-CSouth,99.44,15
2025-11-02T08:45:00Z,IT-North,99.44,15
2025-11-02T08:45:00Z,IT-Sardinia,99.44,15
2025-11-02T08:45:00Z,IT-Sicily,99.44,15
2025-11-02T08:45:00Z,IT-South,99.44,15
2025-11-02T08:45:00Z,LT,30.80,15
2025-11-02T08:45:00Z,LV,30.80,15
2025-11-02T08:45:00Z,NL,58.61,15
2025-11-02T08:45:00Z,NO1,60.52,15
2025-11-02T08:45:00Z,NO2,62.25,15
2025-11-02T08:45:00Z,NO3,30.56,15
2025-11-02T08:45:00Z,NO4,6.01,15
2025-11-02T08:45:00Z,NO5,57.18,15
2025-11-02T08:45:00Z,PL,112.66,15
2025-11-02T08:45:00Z,PT,1.20,15
2025-11-02T08:45:00Z,RO,5.12,15
2025-11-02T08:45:00Z,RS,54.00,15
2025-11-02T08:45:00Z,SE1,5.03,15
2025-11-02T08:45:00Z,SE2,-1.20,15
2025-11-02T08:45:00Z,SE3,27.95,15
2025-11-02T08:45:00Z,SE4,36.46,15
2025-11-02T08:45:00Z,SI,65.43,15
2025-11-02T08:45:00Z,SK,78.51,15
2025-11-02T09:00:00Z,AT,82.12,15
2025-11-02T09:00:00Z,BE,64.59,15
2025-11-02T09:00:00Z,CH,83.91,60
2025-11-02T09:00:00Z,CZ,85.70,15
2025-11-02T09:00:00Z,DE-LU,81.60,15
2025-11-02T09:00:00Z,DK1,72.61,15
2025-11-02T09:00:00Z,DK2,81.56,15
2025-11-02T09:00:00Z,EE,20.77,15
2025-11-02T09:00:00Z,ES,0.65,15
2025-11-02T09:00:00Z,FI,4.98,15
2025-11-02T09:00:00Z,FR,23.78,15
2025-11-02T09:00:00Z,GR,8.44,15
2025-11-02T09:00:00Z,HR,66.11,15
2025-11-02T09:00:00Z,HU,82.45,15
2025-11-02T09:00:00Z,IT-CNorth,91.90,15
2025-11-02T09:00:00Z,IT-CSouth,91.90,15
2025-11-02T09:00:00Z,IT-North,91.90,15
2025-11-02T09:00:00Z,IT-Sardinia,91.90,15
2025-11-02T09:00:00Z,IT-Sicily,91.90,15
2025-11-02T09:00:00Z,IT-South,91.90,15
2025-11-02T09:00:00Z,LT,31.34,15
2025-11-02T09:00:00Z,LV,31.34,15
2025-11-02T09:00:00Z,NL,72.61,15
2025-11-02T09:00:00Z,NO1,61.58,15
2025-11-02T09:00:00Z,NO2,64.48,15
2025-11-02T09:00:00Z,NO3,30.41,15
2025-11-02T09:00:00Z,NO4,6.07,15
2025-11-02T09:00:00Z,NO5,56.19,15
2025-11-02T09:00:00Z,PL,104.69,15
2025-11-02T09:00:00Z,PT,0.65,15
2025-11-02T09:00:00Z,RO,8.44,15
2025-11-02T09:00:00Z,RS,41.74,15
2025-11-02T09:00:00Z,SE1,5.01,15
2025-11-02T09:00:00Z,SE2,-1.03,15
2025-11-02T09:00:00Z,SE3,28.36,15
2025-11-02T09:00:00Z,SE4,37.62,15
2025-11-02T09:00:00Z,SI,76.25,15
2025-11-02T09:00:00Z,SK,91.77,15
2025-11-02T09:15:00Z,AT,77.21,15
2025-11-02T09:15:00Z,BE,58.22,15
2025-11-02T09:15:00Z,CZ,80.16,15
2025-11-02T09:15:00Z,DE-LU,76.07,15
2025-11-02T09:15:00Z,DK1,66.62,15
2025-11-02T09:15:00Z,DK2,76.03,15
2025-11-02T09:15:00Z,EE,20.77,15
2025-11-02T09:15:00Z,ES,0.01,15
2025-11-02T09:15:00Z,FI,5.00,15
2025-11-02T09:15:00Z,FR,15.30,15
2025-11-02T09:15:00Z,GR,8.44,15
2025-11-02T09:15:00Z,HR,62.34,15
2025-11-02T09:15:00Z,HU,77.37,15
2025-11-02T09:15:00Z,IT-CNorth,91.90,15
2025-11-02T09:15:00Z,IT-CSouth,91.90,15
2025-11-02T09:15:00Z,IT-North,91.90,15
2025-11-02T09:15:00Z,IT-Sardinia,91.90,15
2025-11-02T09:15:00Z,IT-Sicily,91.90,15
2025-11-02T09:15:00Z,IT-South,91.90,15
2025-11-02T09:15:00Z,LT,31.14,15
2025-11-02T09:15:00Z,LV,31.14,15
2025-11-02T09:15:00Z,NL,66.62,15
2025-11-02T09:15:00Z,NO1,61.06,15
2025-11-02T09:15:00Z,NO2,63.59,15
2025-11-02T09:15:00Z,NO3,30.58,15
2025-11-02T09:15:00Z,NO4,5.59,15
2025-11-02T09:15:00Z,NO5,56.29,15
2025-11-02T09:15:00Z,PL,112.65,15
2025-11-02T09:15:00Z,PT,0.01,15
2025-11-02T09:15:00Z,RO,8.44,15
2025-11-02T09:15:00Z,RS,41.74,15
2025-11-02T09:15:00Z,SE1,5.02,15
2025-11-02T09:15:00Z,SE2,-0.77,15
2025-11-02T09:15:00Z,SE3,28.20,15
2025-11-02T09:15:00Z,SE4,37.33,15
2025-11-02T09:15:00Z,SI,71.85,15
2025-11-02T09:15:00Z,SK,85.96,15
2025-11-02T09:30:00Z,AT,73.34,15
2025-11-02T09:30:00Z,BE,54.68,15
2025-11-02T09:30:00Z,CZ,76.30,15
2025-11-02T09:30:00Z,DE-LU,72.26,15
2025-11-02T09:30:00Z,DK1,62.95,15
2025-11-02T09:30:00Z,DK2,72.22,15
2025-11-02T09:30:00Z,EE,20.77,15
2025-11-02T09:30:00Z,ES,0.00,15
2025-11-02T09:30:00Z,FI,5.56,15
2025-11-02T09:30:00Z,FR,12.43,15
2025-11-02T09:30:00Z,GR,5.12,15
2025-11-02T09:30:00Z,HR,58.59,15
2025-11-02T09:30:00Z,HU,73.51,15
2025-11-02T09:30:00Z,IT-CNorth,91.90,15
2025-11-02T09:30:00Z,IT-CSouth,91.90,15
2025-11-02T09:30:00Z,IT-North,91.90,15
2025-11-02T09:30:00Z,IT-Sardinia,91.90,15
2025-11-02T09:30:00Z,IT-Sicily,91.90,15
2025-11-02T09:30:00Z,IT-South,91.90,15
2025-11-02T09:30:00Z,LT,30.83,15
2025-11-02T09:30:00Z,LV,30.83,15
2025-11-02T09:30:00Z,NL,62.95,15
2025-11-02T09:30:00Z,NO1,59.83,15
2025-11-02T09:30:00Z,NO2,61.59,15
2025-11-02T09:30:00Z,NO3,30.64,15
2025-11-02T09:30:00Z,NO4,6.06,15
2025-11-02T09:30:00Z,NO5,56.34,15
2025-11-02T09:30:00Z,PL,112.66,15
2025-11-02T09:30:00Z,PT,0.00,15
2025-11-02T09:30:00Z,RO,5.12,15
2025-11-02T09:30:00Z,RS,41.74,15
2025-11-02T09:30:00Z,SE1,5.58,15
2025-11-02T09:30:00Z,SE2,0.00,15
2025-11-02T09:30:00Z,SE3,27.99,15
2025-11-02T09:30:00Z,SE4,36.81,15
2025-11-02T09:30:00Z,SI,68.02,15
2025-11-02T09:30:00Z,SK,82.05,15
2025-11-02T09:45:00Z,AT,71.55,15
2025-11-02T09:45:00Z,BE,51.50,15
2025-11-02T09:45:00Z,CZ,74.15,15
2025-11-02T09:45:00Z,DE-LU,70.03,15
2025-11-02T09:45:00Z,DK1,60.21,15
2025-11-02T09:45:00Z,DK2,60.18,15
2025-11-02T09:45:00Z,EE,20.77,15
2025-11-02T09:45:00Z,ES,0.00,15
2025-11-02T09:45:00Z,FI,5.77,15
2025-11-02T09:45:00Z,FR,6.92,15
2025-11-02T09:45:00Z,GR,5.12,15
2025-11-02T09:45:00Z,HR,57.24,15
2025-11-02T09:45:00Z,HU,71.62,15
2025-11-02T09:45:00Z,IT-CNorth,91.90,15
2025-11-02T09:45:00Z,IT-CSouth,91.90,15
2025-11-02T09:45:00Z,IT-North,91.90,15
2025-11-02T09:45:00Z,IT-Sardinia,91.90,15
2025-11-02T09:45:00Z,IT-Sicily,91.90,15
2025-11-02T09:45:00Z,IT-South,91.90,15
2025-11-02T09:45:00Z,LT,41.94,15
2025-11-02T09:45:00Z,LV,41.94,15
2025-11-02T09:45:00Z,NL,60.21,15
2025-11-02T09:45:00Z,NO1,59.05,15
2025-11-02T09:45:00Z,NO2,60.51,15
2025-11-02T09:45:00Z,NO3,30.24,15
2025-11-02T09:45:00Z,NO4,6.77,15
2025-11-02T09:45:00Z,NO5,56.06,15
2025-11-02T09:45:00Z,PL,114.06,15
2025-11-02T09:45:00Z,PT,0.00,15
2025-11-02T09:45:00Z,RO,5.12,15
2025-11-02T09:45:00Z,RS,41.74,15
2025-11-02T09:45:00Z,SE1,5.80,15
2025-11-02T09:45:00Z,SE2,0.14,15
2025-11-02T09:45:00Z,SE3,27.72,15
2025-11-02T09:45:00Z,SE4,36.40,15
2025-11-02T09:45:00Z,SI,66.45,15
2025-11-02T09:45:00Z,SK,79.85,15
2025-11-02T10:00:00Z,AT,76.79,15
2025-11-02T10:00:00Z,BE,57.68,15
2025-11-02T10:00:00Z,CH,89.40,60
2025-11-02T10:00:00Z,CZ,79.34,15
2025-11-02T10:00:00Z,DE-LU,75.39,15
2025-11-02T10:00:00Z,DK1,66.00,15
2025-11-02T10:00:00Z,DK2,74.15,15
2025-11-02T10:00:00Z,EE,20.71,15
2025-11-02T10:00:00Z,ES,0.00,15
2025-11-02T10:00:00Z,FI,5.65,15
2025-11-02T10:00:00Z,FR,15.41,15
2025-11-02T10:00:00Z,GR,13.09,15
2025-11-02T10:00:00Z,HR,63.19,15
2025-11-02T10:00:00Z,HU,76.88,15
2025-11-02T10:00:00Z,IT-CNorth,91.90,15
2025-11-02T10:00:00Z,IT-CSouth,91.90,15
2025-11-02T10:00:00Z,IT-North,91.90,15
2025-11-02T10:00:00Z,IT-Sardinia,91.90,15
2025-11-02T10:00:00Z,IT-Sicily,91.90,15
2025-11-02T10:00:00Z,IT-South,91.90,15
2025-11-02T10:00:00Z,LT,85.48,15
2025-11-02T10:00:00Z,LV,85.48,15
2025-11-02T10:00:00Z,NL,66.00,15
2025-11-02T10:00:00Z,NO1,60.10,15
2025-11-02T10:00:00Z,NO2,62.07,15
2025-11-02T10:00:00Z,NO3,31.13,15
2025-11-02T10:00:00Z,NO4,5.27,15
2025-11-02T10:00:00Z,NO5,56.37,15
2025-11-02T10:00:00Z,PL,105.16,15
2025-11-02T10:00:00Z,PT,0.00,15
2025-11-02T10:00:00Z,RO,13.09,15
2025-11-02T10:00:00Z,RS,34.72,15
2025-11-02T10:00:00Z,SE1,5.67,15
2025-11-02T10:00:00Z,SE2,0.00,15
2025-11-02T10:00:00Z,SE3,28.24,15
2025-11-02T10:00:00Z,SE4,37.34,15
2025-11-02T10:00:00Z,SI,71.87,15
2025-11-02T10:00:00Z,SK,84.91,15
2025-11-02T10:15:00Z,AT,77.93,15
2025-11-02T10:15:00Z,BE,55.26,15
2025-11-02T10:15:00Z,CZ,79.88,15
2025-11-02T10:15:00Z,DE-LU,75.60,15
2025-11-02T10:15:00Z,DK1,64.80,15
2025-11-02T10:15:00Z,DK2,71.10,15
2025-11-02T10:15:00Z,EE,20.77,15
2025-11-02T10:15:00Z,ES,0.00,15
2025-11-02T10:15:00Z,FI,5.84,15
2025-11-02T10:15:00Z,FR,6.60,15
2025-11-02T10:15:00Z,GR,15.09,15
2025-11-02T10:15:00Z,HR,64.64,15
2025-11-02T10:15:00Z,HU,77.81,15
2025-11-02T10:15:00Z,IT-CNorth,91.90,15
2025-11-02T10:15:00Z,IT-CSouth,91.90,15
2025-11-02T10:15:00Z,IT-North,91.90,15
2025-11-02T10:15:00Z,IT-Sardinia,91.90,15
2025-11-02T10:15:00Z,IT-Sicily,91.90,15
2025-11-02T10:15:00Z,IT-South,91.90,15
2025-11-02T10:15:00Z,LT,85.86,15
2025-11-02T10:15:00Z,LV,85.86,15
2025-11-02T10:15:00Z,NL,64.80,15
2025-11-02T10:15:00Z,NO1,60.49,15
2025-11-02T10:15:00Z,NO2,62.64,15
2025-11-02T10:15:00Z,NO3,31.11,15
2025-11-02T10:15:00Z,NO4,5.91,15
2025-11-02T10:15:00Z,NO5,56.42,15
2025-11-02T10:15:00Z,PL,107.07,15
2025-11-02T10:15:00Z,PT,0.00,15
2025-11-02T10:15:00Z,RO,15.09,15
2025-11-02T10:15:00Z,RS,34.72,15
2025-11-02T10:15:00Z,SE1,5.87,15
2025-11-02T10:15:00Z,SE2,0.01,15
2025-11-02T10:15:00Z,SE3,28.47,15
2025-11-02T10:15:00Z,SE4,37.63,15
2025-11-02T10:15:00Z,SI,73.25,15
2025-11-02T10:15:00Z,SK,85.58,15
2025-11-02T10:30:00Z,AT,77.61,15
2025-11-02T10:30:00Z,BE,54.22,15
2025-11-02T10:30:00Z,CZ,79.41,15
2025-11-02T10:30:00Z,DE-LU,75.07,15
2025-11-02T10:30:00Z,DK1,63.99,15
2025-11-02T10:30:00Z,DK2,63.96,15
2025-11-02T10:30:00Z,EE,20.77,15
2025-11-02T10:30:00Z,ES,0.00,15
2025-11-02T10:30:00Z,FI,6.15,15
2025-11-02T10:30:00Z,FR,4.31,15
2025-11-02T10:30:00Z,GR,15.33,15
2025-11-02T10:30:00Z,HR,64.47,15
2025-11-02T10:30:00Z,HU,77.43,15
2025-11-02T10:30:00Z,IT-CNorth,91.90,15
2025-11-02T10:30:00Z,IT-CSouth,91.90,15
2025-11-02T10:30:00Z,IT-North,91.90,15
2025-11-02T10:30:00Z,IT-Sardinia,91.90,15
2025-11-02T10:30:00Z,IT-Sicily,91.90,15
2025-11-02T10:30:00Z,IT-South,91.90,15
2025-11-02T10:30:00Z,LT,85.31,15
2025-11-02T10:30:00Z,LV,85.31,15
2025-11-02T10:30:00Z,NL,63.99,15
2025-11-02T10:30:00Z,NO1,60.03,15
2025-11-02T10:30:00Z,NO2,61.93,15
2025-11-02T10:30:00Z,NO3,30.93,15
2025-11-02T10:30:00Z,NO4,6.69,15
2025-11-02T10:30:00Z,NO5,56.44,15
2025-11-02T10:30:00Z,PL,109.02,15
2025-11-02T10:30:00Z,PT,0.00,15
2025-11-02T10:30:00Z,RO,15.33,15
2025-11-02T10:30:00Z,RS,34.72,15
2025-11-02T10:30:00Z,SE1,6.18,15
2025-11-02T10:30:00Z,SE2,0.23,15
2025-11-02T10:30:00Z,SE3,28.39,15
2025-11-02T10:30:00Z,SE4,37.45,15
2025-11-02T10:30:00Z,SI,73.02,15
2025-11-02T10:30:00Z,SK,85.10,15
2025-11-02T10:45:00Z,AT,76.04,15
2025-11-02T10:45:00Z,BE,54.43,15
2025-11-02T10:45:00Z,CZ,77.97,15
2025-11-02T10:45:00Z,DE-LU,73.86,15
2025-11-02T10:45:00Z,DK1,63.54,15
2025-11-02T10:45:00Z,DK2,63.51,15
2025-11-02T10:45:00Z,EE,20.77,15
2025-11-02T10:45:00Z,ES,0.00,15
2025-11-02T10:45:00Z,FI,6.55,15
2025-11-02T10:45:00Z,FR,7.95,15
2025-11-02T10:45:00Z,GR,15.33,15
2025-11-02T10:45:00Z,HR,63.19,15
2025-11-02T10:45:00Z,HU,75.93,15
2025-11-02T10:45:00Z,IT-CNorth,83.90,15
2025-11-02T10:45:00Z,IT-CSouth,83.90,15
2025-11-02T10:45:00Z,IT-North,83.90,15
2025-11-02T10:45:00Z,IT-Sardinia,83.90,15
2025-11-02T10:45:00Z,IT-Sicily,83.90,15
2025-11-02T10:45:00Z,IT-South,83.90,15
2025-11-02T10:45:00Z,LT,83.75,15
2025-11-02T10:45:00Z,LV,83.75,15
2025-11-02T10:45:00Z,NL,63.54,15
2025-11-02T10:45:00Z,NO1,59.80,15
2025-11-02T10:45:00Z,NO2,61.58,15
2025-11-02T10:45:00Z,NO3,31.07,15
2025-11-02T10:45:00Z,NO4,7.10,15
2025-11-02T10:45:00Z,NO5,56.45,15
2025-11-02T10:45:00Z,PL,127.13,15
2025-11-02T10:45:00Z,PT,0.00,15
2025-11-02T10:45:00Z,RO,15.33,15
2025-11-02T10:45:00Z,RS,34.72,15
2025-11-02T10:45:00Z,SE1,6.58,15
2025-11-02T10:45:00Z,SE2,0.69,15
2025-11-02T10:45:00Z,SE3,28.52,15
2025-11-02T10:45:00Z,SE4,37.48,15
2025-11-02T10:45:00Z,SI,71.51,15
2025-11-02T10:45:00Z,SK,83.46,15
2025-11-02T11:00:00Z,AT,75.57,15
2025-11-02T11:00:00Z,BE,55.18,15
2025-11-02T11:00:00Z,CH,84.99,60
2025-11-02T11:00:00Z,CZ,78.10,15
2025-11-02T11:00:00Z,DE-LU,73.94,15
2025-11-02T11:00:00Z,DK1,63.99,15
2025-11-02T11:00:00Z,DK2,68.48,15
2025-11-02T11:00:00Z,EE,20.83,15
2025-11-02T11:00:00Z,ES,0.00,15
2025-11-02T11:00:00Z,FI,6.51,15
2025-11-02T11:00:00Z,FR,9.69,15
2025-11-02T11:00:00Z,GR,10.24,15
2025-11-02T11:00:00Z,HR,61.12,15
2025-11-02T11:00:00Z,HU,75.61,15
2025-11-02T11:00:00Z,IT-CNorth,91.90,15
2025-11-02T11:00:00Z,IT-CSouth,91.90,15
2025-11-02T11:00:00Z,IT-North,91.90,15
2025-11-02T11:00:00Z,IT-Sardinia,91.90,15
2025-11-02T11:00:00Z,IT-Sicily,91.90,15
2025-11-02T11:00:00Z,IT-South,91.90,15
2025-11-02T11:00:00Z,LT,84.37,15
2025-11-02T11:00:00Z,LV,84.37,15
2025-11-02T11:00:00Z,NL,63.99,15
2025-11-02T11:00:00Z,NO1,59.97,15
2025-11-02T11:00:00Z,NO2,61.90,15
2025-11-02T11:00:00Z,NO3,32.63,15
2025-11-02T11:00:00Z,NO4,4.77,15
2025-11-02T11:00:00Z,NO5,56.34,15
2025-11-02T11:00:00Z,PL,154.79,15
2025-11-02T11:00:00Z,PT,0.00,15
2025-11-02T11:00:00Z,RO,10.24,15
2025-11-02T11:00:00Z,RS,33.00,15
2025-11-02T11:00:00Z,SE1,6.49,15
2025-11-02T11:00:00Z,SE2,1.36,15
2025-11-02T11:00:00Z,SE3,28.78,15
2025-11-02T11:00:00Z,SE4,37.79,15
2025-11-02T11:00:00Z,SI,70.56,15
2025-11-02T11:00:00Z,SK,83.84,15
2025-11-02T11:15:00Z,AT,75.27,15
2025-11-02T11:15:00Z,BE,55.12,15
2025-11-02T11:15:00Z,CZ,77.51,15
2025-11-02T11:15:00Z,DE-LU,73.49,15
2025-11-02T11:15:00Z,DK1,63.75,15
2025-11-02T11:15:00Z,DK2,63.72,15
2025-11-02T11:15:00Z,EE,20.83,15
2025-11-02T11:15:00Z,ES,0.00,15
2025-11-02T11:15:00Z,FI,5.80,15
2025-11-02T11:15:00Z,FR,10.54,15
2025-11-02T11:15:00Z,GR,13.80,15
2025-11-02T11:15:00Z,HR,61.70,15
2025-11-02T11:15:00Z,HU,75.25,15
2025-11-02T11:15:00Z,IT-CNorth,91.90,15
2025-11-02T11:15:00Z,IT-CSouth,91.90,15
2025-11-02T11:15:00Z,IT-North,91.90,15
2025-11-02T11:15:00Z,IT-Sardinia,91.90,15
2025-11-02T11:15:00Z,IT-Sicily,91.90,15
2025-11-02T11:15:00Z,IT-South,91.90,15
2025-11-02T11:15:00Z,LT,83.38,15
2025-11-02T11:15:00Z,LV,83.38,15
2025-11-02T11:15:00Z,NL,63.75,15
2025-11-02T11:15:00Z,NO1,59.87,15
2025-11-02T11:15:00Z,NO2,61.74,15
2025-11-02T11:15:00Z,NO3,32.59,15
2025-11-02T11:15:00Z,NO4,5.28,15
2025-11-02T11:15:00Z,NO5,56.35,15
2025-11-02T11:15:00Z,PL,116.17,15
2025-11-02T11:15:00Z,PT,0.00,15
2025-11-02T11:15:00Z,RO,13.80,15
2025-11-02T11:15:00Z,RS,33.00,15
2025-11-02T11:15:00Z,SE1,5.80,15
2025-11-02T11:15:00Z,SE2,1.74,15
2025-11-02T11:15:00Z,SE3,30.72,15
2025-11-02T11:15:00Z,SE4,45.91,15
2025-11-02T11:15:00Z,SI,70.59,15
2025-11-02T11:15:00Z,SK,82.95,15
2025-11-02T11:30:00Z,AT,75.48,15
2025-11-02T11:30:00Z,BE,58.53,15
2025-11-02T11:30:00Z,CZ,76.27,15
2025-11-02T11:30:00Z,DE-LU,73.30,15
2025-11-02T11:30:00Z,DK1,65.45,15
2025-11-02T11:30:00Z,DK2,65.43,15
2025-11-02T11:30:00Z,EE,20.83,15
2025-11-02T11:30:00Z,ES,0.00,15
2025-11-02T11:30:00Z,FI,5.07,15
2025-11-02T11:30:00Z,FR,22.55,15
2025-11-02T11:30:00Z,GR,36.71,15
2025-11-02T11:30:00Z,HR,67.05,15
2025-11-02T11:30:00Z,HU,75.23,15
2025-11-02T11:30:00Z,IT-CNorth,90.08,15
2025-11-02T11:30:00Z,IT-CSouth,90.08,15
2025-11-02T11:30:00Z,IT-North,90.08,15
2025-11-02T11:30:00Z,IT-Sardinia,90.08,15
2025-11-02T11:30:00Z,IT-Sicily,90.08,15
2025-11-02T11:30:00Z,IT-South,90.08,15
2025-11-02T11:30:00Z,LT,79.88,15
2025-11-02T11:30:00Z,LV,79.88,15
2025-11-02T11:30:00Z,NL,65.45,15
2025-11-02T11:30:00Z,NO1,60.86,15
2025-11-02T11:30:00Z,NO2,63.20,15
2025-11-02T11:30:00Z,NO3,32.58,15
2025-11-02T11:30:00Z,NO4,7.13,15
2025-11-02T11:30:00Z,NO5,56.35,15
2025-11-02T11:30:00Z,PL,105.15,15
2025-11-02T11:30:00Z,PT,0.00,15
2025-11-02T11:30:00Z,RO,36.71,15
2025-11-02T11:30:00Z,RS,33.00,15
2025-11-02T11:30:00Z,SE1,5.11,15
2025-11-02T11:30:00Z,SE2,2.24,15
2025-11-02T11:30:00Z,SE3,34.17,15
2025-11-02T11:30:00Z,SE4,58.69,15
2025-11-02T11:30:00Z,SI,72.73,15
2025-11-02T11:30:00Z,SK,79.93,15
2025-11-02T11:45:00Z,AT,84.07,15
2025-11-02T11:45:00Z,BE,60.22,15
2025-11-02T11:45:00Z,CZ,83.75,15
2025-11-02T11:45:00Z,DE-LU,80.12,15
2025-11-02T11:45:00Z,DK1,69.50,15
2025-11-02T11:45:00Z,DK2,77.05,15
2025-11-02T11:45:00Z,EE,20.83,15
2025-11-02T11:45:00Z,ES,0.00,15
2025-11-02T11:45:00Z,FI,5.00,15
2025-11-02T11:45:00Z,FR,11.57,15
2025-11-02T11:45:00Z,GR,46.42,15
2025-11-02T11:45:00Z,HR,76.11,15
2025-11-02T11:45:00Z,HU,83.42,15
2025-11-02T11:45:00Z,IT-CNorth,85.00,15
2025-11-02T11:45:00Z,IT-CSouth,85.00,15
2025-11-02T11:45:00Z,IT-North,85.00,15
2025-11-02T11:45:00Z,IT-Sardinia,85.00,15
2025-11-02T11:45:00Z,IT-Sicily,85.00,15
2025-11-02T11:45:00Z,IT-South,85.00,15
2025-11-02T11:45:00Z,LT,87.09,15
2025-11-02T11:45:00Z,LV,87.09,15
2025-11-02T11:45:00Z,NL,69.50,15
2025-11-02T11:45:00Z,NO1,61.45,15
2025-11-02T11:45:00Z,NO2,64.09,15
2025-11-02T11:45:00Z,NO3,32.52,15
2025-11-02T11:45:00Z,NO4,8.52,15
2025-11-02T11:45:00Z,NO5,56.35,15
2025-11-02T11:45:00Z,PL,104.68,15
2025-11-02T11:45:00Z,PT,0.00,15
2025-11-02T11:45:00Z,RO,46.42,15
2025-11-02T11:45:00Z,RS,33.00,15
2025-11-02T11:45:00Z,SE1,5.06,15
2025-11-02T11:45:00Z,SE2,2.51,15
2025-11-02T11:45:00Z,SE3,35.72,15
2025-11-02T11:45:00Z,SE4,64.03,15
2025-11-02T11:45:00Z,SI,81.75,15
2025-11-02T11:45:00Z,SK,87.70,15
2025-11-02T12:00:00Z,AT,77.34,15
2025-11-02T12:00:00Z,BE,59.84,15
2025-11-02T12:00:00Z,CH,83.75,60
2025-11-02T12:00:00Z,CZ,80.18,15
2025-11-02T12:00:00Z,DE-LU,76.40,15
2025-11-02T12:00:00Z,DK1,65.22,15
2025-11-02T12:00:00Z,DK2,65.21,15
2025-11-02T12:00:00Z,EE,20.83,15
2025-11-02T12:00:00Z,ES,0.00,15
2025-11-02T12:00:00Z,FI,5.00,15
2025-11-02T12:00:00Z,FR,19.62,15
2025-11-02T12:00:00Z,GR,12.90,15
2025-11-02T12:00:00Z,HR,62.62,15
2025-11-02T12:00:00Z,HU,77.52,15
2025-11-02T12:00:00Z,IT-CNorth,85.28,15
2025-11-02T12:00:00Z,IT-CSouth,85.28,15
2025-11-02T12:00:00Z,IT-North,85.28,15
2025-11-02T12:00:00Z,IT-Sardinia,85.28,15
2025-11-02T12:00:00Z,IT-Sicily,85.28,15
2025-11-02T12:00:00Z,IT-South,85.28,15
2025-11-02T12:00:00Z,LT,86.59,15
2025-11-02T12:00:00Z,LV,86.59,15
2025-11-02T12:00:00Z,NL,65.22,15
2025-11-02T12:00:00Z,NO1,60.91,15
2025-11-02T12:00:00Z,NO2,63.19,15
2025-11-02T12:00:00Z,NO3,32.99,15
2025-11-02T12:00:00Z,NO4,6.80,15
2025-11-02T12:00:00Z,NO5,56.56,15
2025-11-02T12:00:00Z,PL,105.15,15
2025-11-02T12:00:00Z,PT,0.00,15
2025-11-02T12:00:00Z,RO,12.90,15
2025-11-02T12:00:00Z,RS,60.21,15
2025-11-02T12:00:00Z,SE1,5.03,15
2025-11-02T12:00:00Z,SE2,2.58,15
2025-11-02T12:00:00Z,SE3,34.30,15
2025-11-02T12:00:00Z,SE4,59.92,15
2025-11-02T12:00:00Z,SI,72.24,15
2025-11-02T12:00:00Z,SK,86.33,15
2025-11-02T12:15:00Z,AT,84.08,15
2025-11-02T12:15:00Z,BE,59.49,15
2025-11-02T12:15:00Z,CZ,83.12,15
2025-11-02T12:15:00Z,DE-LU,79.64,15
2025-11-02T12:15:00Z,DK1,66.00,15
2025-11-02T12:15:00Z,DK2,65.99,15
2025-11-02T12:15:00Z,EE,20.83,15
2025-11-02T12:15:00Z,ES,0.00,15
2025-11-02T12:15:00Z,FI,5.40,15
2025-11-02T12:15:00Z,FR,10.00,15
2025-11-02T12:15:00Z,GR,52.50,15
2025-11-02T12:15:00Z,HR,77.35,15
2025-11-02T12:15:00Z,HU,83.28,15
2025-11-02T12:15:00Z,IT-CNorth,84.08,15
2025-11-02T12:15:00Z,IT-CSouth,84.08,15
2025-11-02T12:15:00Z,IT-North,84.08,15
2025-11-02T12:15:00Z,IT-Sardinia,84.08,15
2025-11-02T12:15:00Z,IT-Sicily,84.08,15
2025-11-02T12:15:00Z,IT-South,84.08,15
2025-11-02T12:15:00Z,LT,85.91,15
2025-11-02T12:15:00Z,LV,85.91,15
2025-11-02T12:15:00Z,NL,66.00,15
2025-11-02T12:15:00Z,NO1,61.33,15
2025-11-02T12:15:00Z,NO2,63.81,15
2025-11-02T12:15:00Z,NO3,33.13,15
2025-11-02T12:15:00Z,NO4,7.62,15
2025-11-02T12:15:00Z,NO5,56.56,15
2025-11-02T12:15:00Z,PL,104.69,15
2025-11-02T12:15:00Z,PT,0.00,15
2025-11-02T12:15:00Z,RO,52.50,15
2025-11-02T12:15:00Z,RS,60.21,15
2025-11-02T12:15:00Z,SE1,5.44,15
2025-11-02T12:15:00Z,SE2,2.92,15
2025-11-02T12:15:00Z,SE3,34.81,15
2025-11-02T12:15:00Z,SE4,60.83,15
2025-11-02T12:15:00Z,SI,82.33,15
2025-11-02T12:15:00Z,SK,86.97,15
2025-11-02T12:30:00Z,AT,91.96,15
2025-11-02T12:30:00Z,BE,62.93,15
2025-11-02T12:30:00Z,CZ,88.98,15
2025-11-02T12:30:00Z,DE-LU,85.57,15
2025-11-02T12:30:00Z,DK1,70.21,15
2025-11-02T12:30:00Z,DK2,74.09,15
2025-11-02T12:30:00Z,EE,20.83,15
2025-11-02T12:30:00Z,ES,0.00,15
2025-11-02T12:30:00Z,FI,5.35,15
2025-11-02T12:30:00Z,FR,7.09,15
2025-11-02T12:30:00Z,GR,76.49,15
2025-11-02T12:30:00Z,HR,89.17,15
2025-11-02T12:30:00Z,HU,90.63,15
2025-11-02T12:30:00Z,IT-CNorth,91.90,15
2025-11-02T12:30:00Z,IT-CSouth,91.90,15
2025-11-02T12:30:00Z,IT-North,91.90,15
2025-11-02T12:30:00Z,IT-Sardinia,91.90,15
2025-11-02T12:30:00Z,IT-Sicily,91.90,15
2025-11-02T12:30:00Z,IT-South,91.90,15
2025-11-02T12:30:00Z,LT,89.99,15
2025-11-02T12:30:00Z,LV,89.99,15
2025-11-02T12:30:00Z,NL,70.21,15
2025-11-02T12:30:00Z,NO1,61.77,15
2025-11-02T12:30:00Z,NO2,64.44,15
2025-11-02T12:30:00Z,NO3,33.33,15
2025-11-02T12:30:00Z,NO4,8.43,15
2025-11-02T12:30:00Z,NO5,56.61,15
2025-11-02T12:30:00Z,PL,104.69,15
2025-11-02T12:30:00Z,PT,0.00,15
2025-11-02T12:30:00Z,RO,76.49,15
2025-11-02T12:30:00Z,RS,60.21,15
2025-11-02T12:30:00Z,SE1,5.42,15
2025-11-02T12:30:00Z,SE2,3.39,15
2025-11-02T12:30:00Z,SE3,36.23,15
2025-11-02T12:30:00Z,SE4,65.81,15
2025-11-02T12:30:00Z,SI,91.90,15
2025-11-02T12:30:00Z,SK,91.77,15
2025-11-02T12:45:00Z,AT,98.14,15
2025-11-02T12:45:00Z,BE,66.15,15
2025-11-02T12:45:00Z,CZ,94.77,15
2025-11-02T12:45:00Z,DE-LU,91.04,15
2025-11-02T12:45:00Z,DK1,74.16,15
2025-11-02T12:45:00Z,DK2,91.03,15
2025-11-02T12:45:00Z,EE,20.84,15
2025-11-02T12:45:00Z,ES,0.00,15
2025-11-02T12:45:00Z,FI,5.53,15
2025-11-02T12:45:00Z,FR,4.78,15
2025-11-02T12:45:00Z,GR,82.15,15
2025-11-02T12:45:00Z,HR,95.31,15
2025-11-02T12:45:00Z,HU,96.65,15
2025-11-02T12:45:00Z,IT-CNorth,98.14,15
2025-11-02T12:45:00Z,IT-CSouth,98.14,15
2025-11-02T12:45:00Z,IT-North,98.14,15
2025-11-02T12:45:00Z,IT-Sardinia,98.14,15
2025-11-02T12:45:00Z,IT-Sicily,98.14,15
2025-11-02T12:45:00Z,IT-South,98.14,15
2025-11-02T12:45:00Z,LT,139.48,15
2025-11-02T12:45:00Z,LV,139.48,15
2025-11-02T12:45:00Z,NL,74.16,15
2025-11-02T12:45:00Z,NO1,61.83,15
2025-11-02T12:45:00Z,NO2,64.51,15
2025-11-02T12:45:00Z,NO3,33.47,15
2025-11-02T12:45:00Z,NO4,8.55,15
2025-11-02T12:45:00Z,NO5,56.67,15
2025-11-02T12:45:00Z,PL,104.58,15
2025-11-02T12:45:00Z,PT,0.00,15
2025-11-02T12:45:00Z,RO,82.15,15
2025-11-02T12:45:00Z,RS,60.21,15
2025-11-02T12:45:00Z,SE1,5.59,15
2025-11-02T12:45:00Z,SE2,3.59,15
2025-11-02T12:45:00Z,SE3,36.36,15
2025-11-02T12:45:00Z,SE4,65.91,15
2025-11-02T12:45:00Z,SI,98.17,15
2025-11-02T12:45:00Z,SK,97.75,15
2025-11-02T13:00:00Z,AT,89.49,15
2025-11-02T13:00:00Z,BE,60.65,15
2025-11-02T13:00:00Z,CH,88.00,60
2025-11-02T13:00:00Z,CZ,86.12,15
2025-11-02T13:00:00Z,DE-LU,82.83,15
2025-11-02T13:00:00Z,DK1,71.58,15
2025-11-02T13:00:00Z,DK2,82.82,15
2025-11-02T13:00:00Z,EE,20.84,15
2025-11-02T13:00:00Z,ES,0.00,15
2025-11-02T13:00:00Z,FI,5.10,15
2025-11-02T13:00:00Z,FR,6.46,15
2025-11-02T13:00:00Z,GR,77.37,15
2025-11-02T13:00:00Z,HR,87.51,15
2025-11-02T13:00:00Z,HU,87.97,15
2025-11-02T13:00:00Z,IT-CNorth,89.56,15
2025-11-02T13:00:00Z,IT-CSouth,89.56,15
2025-11-02T13:00:00Z,IT-North,89.56,15
2025-11-02T13:00:00Z,IT-Sardinia,89.56,15
2025-11-02T13:00:00Z,IT-Sicily,89.56,15
2025-11-02T13:00:00Z,IT-South,89.56,15
2025-11-02T13:00:00Z,LT,86.76,15
2025-11-02T13:00:00Z,LV,86.76,15
2025-11-02T13:00:00Z,NL,67.78,15
2025-11-02T13:00:00Z,NO1,62.34,15
2025-11-02T13:00:00Z,NO2,64.90,15
2025-11-02T13:00:00Z,NO3,33.55,15
2025-11-02T13:00:00Z,NO4,7.23,15
2025-11-02T13:00:00Z,NO5,57.35,15
2025-11-02T13:00:00Z,PL,104.39,15
2025-11-02T13:00:00Z,PT,0.00,15
2025-11-02T13:00:00Z,RO,77.37,15
2025-11-02T13:00:00Z,RS,83.57,15
2025-11-02T13:00:00Z,SE1,5.16,15
2025-11-02T13:00:00Z,SE2,3.62,15
2025-11-02T13:00:00Z,SE3,36.60,15
2025-11-02T13:00:00Z,SE4,67.54,15
2025-11-02T13:00:00Z,SI,89.56,15
2025-11-02T13:00:00Z,SK,88.61,15
2025-11-02T13:15:00Z,AT,97.02,15
2025-11-02T13:15:00Z,BE,64.07,15
2025-11-02T13:15:00Z,CZ,92.20,15
2025-11-02T13:15:00Z,DE-LU,88.80,15
2025-11-02T13:15:00Z,DK1,75.44,15
2025-11-02T13:15:00Z,DK2,88.80,15
2025-11-02T13:15:00Z,EE,20.90,15
2025-11-02T13:15:00Z,ES,0.00,15
2025-11-02T13:15:00Z,FI,5.00,15
2025-11-02T13:15:00Z,FR,3.52,15
2025-11-02T13:15:00Z,GR,94.63,15
2025-11-02T13:15:00Z,HR,97.31,15
2025-11-02T13:15:00Z,HU,95.06,15
2025-11-02T13:15:00Z,IT-CNorth,98.14,15
2025-11-02T13:15:00Z,IT-CSouth,98.14,15
2025-11-02T13:15:00Z,IT-North,98.14,15
2025-11-02T13:15:00Z,IT-Sardinia,98.14,15
2025-11-02T13:15:00Z,IT-Sicily,98.14,15
2025-11-02T13:15:00Z,IT-South,98.14,15
2025-11-02T13:15:00Z,LT,91.73,15
2025-11-02T13:15:00Z,LV,91.73,15
2025-11-02T13:15:00Z,NL,72.01,15
2025-11-02T13:15:00Z,NO1,62.50,15
2025-11-02T13:15:00Z,NO2,65.04,15
2025-11-02T13:15:00Z,NO3,33.92,15
2025-11-02T13:15:00Z,NO4,6.60,15
2025-11-02T13:15:00Z,NO5,57.55,15
2025-11-02T13:15:00Z,PL,100.59,15
2025-11-02T13:15:00Z,PT,0.00,15
2025-11-02T13:15:00Z,RO,94.63,15
2025-11-02T13:15:00Z,RS,83.57,15
2025-11-02T13:15:00Z,SE1,5.04,15
2025-11-02T13:15:00Z,SE2,3.80,15
2025-11-02T13:15:00Z,SE3,36.85,15
2025-11-02T13:15:00Z,SE4,68.28,15
2025-11-02T13:15:00Z,SI,98.14,15
2025-11-02T13:15:00Z,SK,94.10,15
2025-11-02T13:30:00Z,AT,104.94,15
2025-11-02T13:30:00Z,BE,70.80,15
2025-11-02T13:30:00Z,CZ,99.90,15
2025-11-02T13:30:00Z,DE-LU,96.40,15
2025-11-02T13:30:00Z,DK1,85.09,15
2025-11-02T13:30:00Z,DK2,96.39,15
2025-11-02T13:30:00Z,EE,21.07,15
2025-11-02T13:30:00Z,ES,0.00,15
2025-11-02T13:30:00Z,FI,5.29,15
2025-11-02T13:30:00Z,FR,8.13,15
2025-11-02T13:30:00Z,GR,103.05,15
2025-11-02T13:30:00Z,HR,105.38,15
2025-11-02T13:30:00Z,HU,102.90,15
2025-11-02T13:30:00Z,IT-CNorth,104.94,15
2025-11-02T13:30:00Z,IT-CSouth,104.94,15
2025-11-02T13:30:00Z,IT-North,104.94,15
2025-11-02T13:30:00Z,IT-Sardinia,104.94,15
2025-11-02T13:30:00Z,IT-Sicily,104.94,15
2025-11-02T13:30:00Z,IT-South,104.94,15
2025-11-02T13:30:00Z,LT,99.93,15
2025-11-02T13:30:00Z,LV,99.93,15
2025-11-02T13:30:00Z,NL,79.02,15
2025-11-02T13:30:00Z,NO1,62.58,15
2025-11-02T13:30:00Z,NO2,65.12,15
2025-11-02T13:30:00Z,NO3,34.19,15
2025-11-02T13:30:00Z,NO4,6.84,15
2025-11-02T13:30:00Z,NO5,57.64,15
2025-11-02T13:30:00Z,PL,100.00,15
2025-11-02T13:30:00Z,PT,0.00,15
2025-11-02T13:30:00Z,RO,103.05,15
2025-11-02T13:30:00Z,RS,83.57,15
2025-11-02T13:30:00Z,SE1,5.33,15
2025-11-02T13:30:00Z,SE2,4.20,15
2025-11-02T13:30:00Z,SE3,37.12,15
2025-11-02T13:30:00Z,SE4,68.57,15
2025-11-02T13:30:00Z,SI,106.15,15
2025-11-02T13:30:00Z,SK,101.82,15
2025-11-02T13:45:00Z,AT,110.80,15
2025-11-02T13:45:00Z,BE,76.30,15
2025-11-02T13:45:00Z,CZ,105.71,15
2025-11-02T13:45:00Z,DE-LU,102.17,15
2025-11-02T13:45:00Z,DK1,90.74,15
2025-11-02T13:45:00Z,DK2,102.16,15
2025-11-02T13:45:00Z,EE,28.13,15
2025-11-02T13:45:00Z,ES,0.00,15
2025-11-02T13:45:00Z,FI,6.06,15
2025-11-02T13:45:00Z,FR,12.96,15
2025-11-02T13:45:00Z,GR,108.89,15
2025-11-02T13:45:00Z,HR,111.24,15
2025-11-02T13:45:00Z,HU,108.74,15
2025-11-02T13:45:00Z,IT-CNorth,110.80,15
2025-11-02T13:45:00Z,IT-CSouth,110.80,15
2025-11-02T13:45:00Z,IT-North,110.80,15
2025-11-02T13:45:00Z,IT-Sardinia,110.80,15
2025-11-02T13:45:00Z,IT-Sicily,110.80,15
2025-11-02T13:45:00Z,IT-South,110.80,15
2025-11-02T13:45:00Z,LT,146.10,15
2025-11-02T13:45:00Z,LV,146.10,15
2025-11-02T13:45:00Z,NL,84.60,15
2025-11-02T13:45:00Z,NO1,62.67,15
2025-11-02T13:45:00Z,NO2,65.20,15
2025-11-02T13:45:00Z,NO3,34.34,15
2025-11-02T13:45:00Z,NO4,8.18,15
2025-11-02T13:45:00Z,NO5,57.73,15
2025-11-02T13:45:00Z,PL,105.15,15
2025-11-02T13:45:00Z,PT,0.00,15
2025-11-02T13:45:00Z,RO,108.89,15
2025-11-02T13:45:00Z,RS,83.57,15
2025-11-02T13:45:00Z,SE1,6.12,15
2025-11-02T13:45:00Z,SE2,4.87,15
2025-11-02T13:45:00Z,SE3,37.46,15
2025-11-02T13:45:00Z,SE4,68.44,15
2025-11-02T13:45:00Z,SI,112.02,15
2025-11-02T13:45:00Z,SK,107.65,15
2025-11-02T14:00:00Z,AT,104.83,15
2025-11-02T14:00:00Z,BE,69.50,15
2025-11-02T14:00:00Z,CH,105.52,60
2025-11-02T14:00:00Z,CZ,99.60,15
2025-11-02T14:00:00Z,DE-LU,95.98,15
2025-11-02T14:00:00Z,DK1,84.59,15
2025-11-02T14:00:00Z,DK2,95.98,15
2025-11-02T14:00:00Z,EE,36.92,15
2025-11-02T14:00:00Z,ES,0.00,15
2025-11-02T14:00:00Z,FI,4.99,15
2025-11-02T14:00:00Z,FR,3.84,15
2025-11-02T14:00:00Z,GR,103.14,15
2025-11-02T14:00:00Z,HR,105.29,15
2025-11-02T14:00:00Z,HU,102.72,15
2025-11-02T14:00:00Z,IT-CNorth,106.11,15
2025-11-02T14:00:00Z,IT-CSouth,106.11,15
2025-11-02T14:00:00Z,IT-North,106.11,15
2025-11-02T14:00:00Z,IT-Sardinia,106.11,15
2025-11-02T14:00:00Z,IT-Sicily,106.11,15
2025-11-02T14:00:00Z,IT-South,106.11,15
2025-11-02T14:00:00Z,LT,99.00,15
2025-11-02T14:00:00Z,LV,99.00,15
2025-11-02T14:00:00Z,NL,78.00,15
2025-11-02T14:00:00Z,NO1,62.96,15
2025-11-02T14:00:00Z,NO2,65.92,15
2025-11-02T14:00:00Z,NO3,34.10,15
2025-11-02T14:00:00Z,NO4,8.20,15
2025-11-02T14:00:00Z,NO5,57.63,15
2025-11-02T14:00:00Z,PL,99.00,15
2025-11-02T14:00:00Z,PT,0.00,15
2025-11-02T14:00:00Z,RO,103.14,15
2025-11-02T14:00:00Z,RS,100.01,15
2025-11-02T14:00:00Z,SE1,5.08,15
2025-11-02T14:00:00Z,SE2,4.07,15
2025-11-02T14:00:00Z,SE3,37.38,15
2025-11-02T14:00:00Z,SE4,69.84,15
2025-11-02T14:00:00Z,SI,106.11,15
2025-11-02T14:00:00Z,SK,101.59,15
2025-11-02T14:15:00Z,AT,115.88,15
2025-11-02T14:15:00Z,BE,78.48,15
2025-11-02T14:15:00Z,CZ,110.34,15
2025-11-02T14:15:00Z,DE-LU,106.51,15
2025-11-02T14:15:00Z,DK1,94.45,15
2025-11-02T14:15:00Z,DK2,106.51,15
2025-11-02T14:15:00Z,EE,40.00,15
2025-11-02T14:15:00Z,ES,0.00,15
2025-11-02T14:15:00Z,FI,5.00,15
2025-11-02T14:15:00Z,FR,8.99,15
2025-11-02T14:15:00Z,GR,114.08,15
2025-11-02T14:15:00Z,HR,116.36,15
2025-11-02T14:15:00Z,HU,113.64,15
2025-11-02T14:15:00Z,IT-CNorth,117.23,15
2025-11-02T14:15:00Z,IT-CSouth,117.23,15
2025-11-02T14:15:00Z,IT-North,117.23,15
2025-11-02T14:15:00Z,IT-Sardinia,117.23,15
2025-11-02T14:15:00Z,IT-Sicily,117.23,15
2025-11-02T14:15:00Z,IT-South,117.23,15
2025-11-02T14:15:00Z,LT,109.70,15
2025-11-02T14:15:00Z,LV,109.70,15
2025-11-02T14:15:00Z,NL,87.48,15
2025-11-02T14:15:00Z,NO1,63.10,15
2025-11-02T14:15:00Z,NO2,66.04,15
2025-11-02T14:15:00Z,NO3,34.47,15
2025-11-02T14:15:00Z,NO4,8.54,15
2025-11-02T14:15:00Z,NO5,57.78,15
2025-11-02T14:15:00Z,PL,109.70,15
2025-11-02T14:15:00Z,PT,0.00,15
2025-11-02T14:15:00Z,RO,114.08,15
2025-11-02T14:15:00Z,RS,100.01,15
2025-11-02T14:15:00Z,SE1,5.09,15
2025-11-02T14:15:00Z,SE2,4.82,15
2025-11-02T14:15:00Z,SE3,38.15,15
2025-11-02T14:15:00Z,SE4,71.79,15
2025-11-02T14:15:00Z,SI,117.23,15
2025-11-02T14:15:00Z,SK,112.44,15
2025-11-02T14:30:00Z,AT,122.07,15
2025-11-02T14:30:00Z,BE,83.55,15
2025-11-02T14:30:00Z,CZ,116.37,15
2025-11-02T14:30:00Z,DE-LU,112.42,15
2025-11-02T14:30:00Z,DK1,100.00,15
2025-11-02T14:30:00Z,DK2,112.42,15
2025-11-02T14:30:00Z,EE,54.09,15
2025-11-02T14:30:00Z,ES,0.00,15
2025-11-02T14:30:00Z,FI,5.18,15
2025-11-02T14:30:00Z,FR,11.97,15
2025-11-02T14:30:00Z,GR,120.22,15
2025-11-02T14:30:00Z,HR,122.57,15
2025-11-02T14:30:00Z,HU,119.76,15
2025-11-02T14:30:00Z,IT-CNorth,122.07,15
2025-11-02T14:30:00Z,IT-CSouth,122.07,15
2025-11-02T14:30:00Z,IT-North,122.07,15
2025-11-02T14:30:00Z,IT-Sardinia,122.07,15
2025-11-02T14:30:00Z,IT-Sicily,122.07,15
2025-11-02T14:30:00Z,IT-South,122.07,15
2025-11-02T14:30:00Z,LT,115.71,15
2025-11-02T14:30:00Z,LV,115.71,15
2025-11-02T14:30:00Z,NL,92.82,15
2025-11-02T14:30:00Z,NO1,63.22,15
2025-11-02T14:30:00Z,NO2,66.13,15
2025-11-02T14:30:00Z,NO3,34.68,15
2025-11-02T14:30:00Z,NO4,8.56,15
2025-11-02T14:30:00Z,NO5,57.95,15
2025-11-02T14:30:00Z,PL,115.71,15
2025-11-02T14:30:00Z,PT,0.00,15
2025-11-02T14:30:00Z,RO,120.22,15
2025-11-02T14:30:00Z,RS,100.01,15
2025-11-02T14:30:00Z,SE1,5.28,15
2025-11-02T14:30:00Z,SE2,5.00,15
2025-11-02T14:30:00Z,SE3,38.28,15
2025-11-02T14:30:00Z,SE4,71.83,15
2025-11-02T14:30:00Z,SI,123.46,15
2025-11-02T14:30:00Z,SK,118.53,15
2025-11-02T14:45:00Z,AT,137.94,15
2025-11-02T14:45:00Z,BE,97.07,15
2025-11-02T14:45:00Z,CZ,131.89,15
2025-11-02T14:45:00Z,DE-LU,127.70,15
2025-11-02T14:45:00Z,DK1,114.53,15
2025-11-02T14:45:00Z,DK2,127.71,15
2025-11-02T14:45:00Z,EE,54.10,15
2025-11-02T14:45:00Z,ES,0.00,15
2025-11-02T14:45:00Z,FI,7.01,15
2025-11-02T14:45:00Z,FR,21.14,15
2025-11-02T14:45:00Z,GR,153.29,15
2025-11-02T14:45:00Z,HR,138.47,15
2025-11-02T14:45:00Z,HU,135.49,15
2025-11-02T14:45:00Z,IT-CNorth,123.87,15
2025-11-02T14:45:00Z,IT-CSouth,123.87,15
2025-11-02T14:45:00Z,IT-North,123.87,15
2025-11-02T14:45:00Z,IT-Sardinia,123.87,15
2025-11-02T14:45:00Z,IT-Sicily,123.87,15
2025-11-02T14:45:00Z,IT-South,123.87,15
2025-11-02T14:45:00Z,LT,131.20,15
2025-11-02T14:45:00Z,LV,131.20,15
2025-11-02T14:45:00Z,NL,106.91,15
2025-11-02T14:45:00Z,NO1,63.35,15
2025-11-02T14:45:00Z,NO2,66.25,15
2025-11-02T14:45:00Z,NO3,34.71,15
2025-11-02T14:45:00Z,NO4,9.62,15
2025-11-02T14:45:00Z,NO5,58.09,15
2025-11-02T14:45:00Z,PL,131.20,15
2025-11-02T14:45:00Z,PT,0.00,15
2025-11-02T14:45:00Z,RO,135.98,15
2025-11-02T14:45:00Z,RS,100.01,15
2025-11-02T14:45:00Z,SE1,7.08,15
2025-11-02T14:45:00Z,SE2,6.09,15
2025-11-02T14:45:00Z,SE3,41.64,15
2025-11-02T14:45:00Z,SE4,77.10,15
2025-11-02T14:45:00Z,SI,139.42,15
2025-11-02T14:45:00Z,SK,134.19,15
2025-11-02T15:00:00Z,AT,111.48,15
2025-11-02T15:00:00Z,BE,73.38,15
2025-11-02T15:00:00Z,CH,117.90,60
2025-11-02T15:00:00Z,CZ,105.69,15
2025-11-02T15:00:00Z,DE-LU,101.92,15
2025-11-02T15:00:00Z,DK1,92.57,15
2025-11-02T15:00:00Z,DK2,101.93,15
2025-11-02T15:00:00Z,EE,72.40,15
2025-11-02T15:00:00Z,ES,0.01,15
2025-11-02T15:00:00Z,FI,5.27,15
2025-11-02T15:00:00Z,FR,5.59,15
2025-11-02T15:00:00Z,GR,109.61,15
2025-11-02T15:00:00Z,HR,111.99,15
2025-11-02T15:00:00Z,HU,109.11,15
2025-11-02T15:00:00Z,IT-CNorth,112.87,15
2025-11-02T15:00:00Z,IT-CSouth,112.87,15
2025-11-02T15:00:00Z,IT-North,112.87,15
2025-11-02T15:00:00Z,IT-Sardinia,112.87,15
2025-11-02T15:00:00Z,IT-Sicily,112.87,15
2025-11-02T15:00:00Z,IT-South,112.87,15
2025-11-02T15:00:00Z,LT,105.06,15
2025-11-02T15:00:00Z,LV,105.06,15
2025-11-02T15:00:00Z,NL,85.62,15
2025-11-02T15:00:00Z,NO1,64.63,15
2025-11-02T15:00:00Z,NO2,66.68,15
2025-11-02T15:00:00Z,NO3,34.77,15
2025-11-02T15:00:00Z,NO4,8.04,15
2025-11-02T15:00:00Z,NO5,60.74,15
2025-11-02T15:00:00Z,PL,105.06,15
2025-11-02T15:00:00Z,PT,0.01,15
2025-11-02T15:00:00Z,RO,109.61,15
2025-11-02T15:00:00Z,RS,119.00,15
2025-11-02T15:00:00Z,SE1,5.37,15
2025-11-02T15:00:00Z,SE2,4.30,15
2025-11-02T15:00:00Z,SE3,41.69,15
2025-11-02T15:00:00Z,SE4,79.04,15
2025-11-02T15:00:00Z,SI,112.87,15
2025-11-02T15:00:00Z,SK,107.80,15
2025-11-02T15:15:00Z,AT,121.05,15
2025-11-02T15:15:00Z,BE,80.93,15
2025-11-02T15:15:00Z,CZ,114.95,15
2025-11-02T15:15:00Z,DE-LU,110.99,15
2025-11-02T15:15:00Z,DK1,99.80,15
2025-11-02T15:15:00Z,DK2,110.99,15
2025-11-02T15:15:00Z,EE,85.03,15
2025-11-02T15:15:00Z,ES,1.20,15
2025-11-02T15:15:00Z,FI,6.28,15
2025-11-02T15:15:00Z,FR,9.54,15
2025-11-02T15:15:00Z,GR,119.08,15
2025-11-02T15:15:00Z,HR,121.59,15
2025-11-02T15:15:00Z,HU,118.56,15
2025-11-02T15:15:00Z,IT-CNorth,122.52,15
2025-11-02T15:15:00Z,IT-CSouth,122.52,15
2025-11-02T15:15:00Z,IT-North,122.52,15
2025-11-02T15:15:00Z,IT-Sardinia,122.52,15
2025-11-02T15:15:00Z,IT-Sicily,122.52,15
2025-11-02T15:15:00Z,IT-South,122.52,15
2025-11-02T15:15:00Z,LT,114.29,15
2025-11-02T15:15:00Z,LV,114.29,15
2025-11-02T15:15:00Z,NL,93.82,15
2025-11-02T15:15:00Z,NO1,64.91,15
2025-11-02T15:15:00Z,NO2,66.79,15
2025-11-02T15:15:00Z,NO3,34.42,15
2025-11-02T15:15:00Z,NO4,10.55,15
2025-11-02T15:15:00Z,NO5,61.22,15
2025-11-02T15:15:00Z,PL,114.29,15
2025-11-02T15:15:00Z,PT,1.20,15
2025-11-02T15:15:00Z,RO,119.08,15
2025-11-02T15:15:00Z,RS,119.00,15
2025-11-02T15:15:00Z,SE1,6.42,15
2025-11-02T15:15:00Z,SE2,4.72,15
2025-11-02T15:15:00Z,SE3,42.78,15
2025-11-02T15:15:00Z,SE4,80.16,15
2025-11-02T15:15:00Z,SI,122.52,15
2025-11-02T15:15:00Z,SK,117.17,15
2025-11-02T15:30:00Z,AT,129.87,15
2025-11-02T15:30:00Z,BE,86.66,15
2025-11-02T15:30:00Z,CZ,123.30,15
2025-11-02T15:30:00Z,DE-LU,119.03,15
2025-11-02T15:30:00Z,DK1,106.98,15
2025-11-02T15:30:00Z,DK2,119.04,15
2025-11-02T15:30:00Z,EE,85.07,15
2025-11-02T15:30:00Z,ES,4.31,15
2025-11-02T15:30:00Z,FI,7.29,15
2025-11-02T15:30:00Z,FR,9.76,15
2025-11-02T15:30:00Z,GR,127.75,15
2025-11-02T15:30:00Z,HR,130.45,15
2025-11-02T15:30:00Z,HU,127.19,15
2025-11-02T15:30:00Z,IT-CNorth,129.87,15
2025-11-02T15:30:00Z,IT-CSouth,129.87,15
2025-11-02T15:30:00Z,IT-North,129.87,15
2025-11-02T15:30:00Z,IT-Sardinia,129.87,15
2025-11-02T15:30:00Z,IT-Sicily,129.87,15
2025-11-02T15:30:00Z,IT-South,129.87,15
2025-11-02T15:30:00Z,LT,122.59,15
2025-11-02T15:30:00Z,LV,122.59,15
2025-11-02T15:30:00Z,NL,100.54,15
2025-11-02T15:30:00Z,NO1,65.09,15
2025-11-02T15:30:00Z,NO2,66.87,15
2025-11-02T15:30:00Z,NO3,33.70,15
2025-11-02T15:30:00Z,NO4,13.50,15
2025-11-02T15:30:00Z,NO5,61.51,15
2025-11-02T15:30:00Z,PL,122.59,15
2025-11-02T15:30:00Z,PT,4.31,15
2025-11-02T15:30:00Z,RO,127.75,15
2025-11-02T15:30:00Z,RS,119.00,15
2025-11-02T15:30:00Z,SE1,7.50,15
2025-11-02T15:30:00Z,SE2,4.99,15
2025-11-02T15:30:00Z,SE3,43.96,15
2025-11-02T15:30:00Z,SE4,81.45,15
2025-11-02T15:30:00Z,SI,131.45,15
2025-11-02T15:30:00Z,SK,125.69,15
2025-11-02T15:45:00Z,AT,145.88,15
2025-11-02T15:45:00Z,BE,98.79,15
2025-11-02T15:45:00Z,CZ,138.72,15
2025-11-02T15:45:00Z,DE-LU,134.07,15
2025-11-02T15:45:00Z,DK1,120.94,15
2025-11-02T15:45:00Z,DK2,134.08,15
2025-11-02T15:45:00Z,EE,85.09,15
2025-11-02T15:45:00Z,ES,15.00,15
2025-11-02T15:45:00Z,FI,9.42,15
2025-11-02T15:45:00Z,FR,15.00,15
2025-11-02T15:45:00Z,GR,143.57,15
2025-11-02T15:45:00Z,HR,146.51,15
2025-11-02T15:45:00Z,HU,142.95,15
2025-11-02T15:45:00Z,IT-CNorth,135.87,15
2025-11-02T15:45:00Z,IT-CSouth,135.87,15
2025-11-02T15:45:00Z,IT-North,135.87,15
2025-11-02T15:45:00Z,IT-Sardinia,135.87,15
2025-11-02T15:45:00Z,IT-Sicily,135.87,15
2025-11-02T15:45:00Z,IT-South,135.87,15
2025-11-02T15:45:00Z,LT,137.94,15
2025-11-02T15:45:00Z,LV,137.94,15
2025-11-02T15:45:00Z,NL,113.92,15
2025-11-02T15:45:00Z,NO1,65.16,15
2025-11-02T15:45:00Z,NO2,66.98,15
2025-11-02T15:45:00Z,NO3,33.78,15
2025-11-02T15:45:00Z,NO4,11.92,15
2025-11-02T15:45:00Z,NO5,61.54,15
2025-11-02T15:45:00Z,PL,137.94,15
2025-11-02T15:45:00Z,PT,15.00,15
2025-11-02T15:45:00Z,RO,143.57,15
2025-11-02T15:45:00Z,RS,119.00,15
2025-11-02T15:45:00Z,SE1,7.71,15
2025-11-02T15:45:00Z,SE2,6.49,15
2025-11-02T15:45:00Z,SE3,45.34,15
2025-11-02T15:45:00Z,SE4,81.99,15
2025-11-02T15:45:00Z,SI,147.60,15
2025-11-02T15:45:00Z,SK,141.33,15
2025-11-02T16:00:00Z,AT,115.29,15
2025-11-02T16:00:00Z,BE,65.45,15
2025-11-02T16:00:00Z,CH,120.50,60
2025-11-02T16:00:00Z,CZ,118.43,15
2025-11-02T16:00:00Z,DE-LU,118.00,15
2025-11-02T16:00:00Z,DK1,118.00,15
2025-11-02T16:00:00Z,DK2,118.01,15
2025-11-02T16:00:00Z,EE,85.16,15
2025-11-02T16:00:00Z,ES,10.38,15
2025-11-02T16:00:00Z,FI,7.88,15
2025-11-02T16:00:00Z,FR,10.38,15
2025-11-02T16:00:00Z,GR,116.03,15
2025-11-02T16:00:00Z,HR,114.63,15
2025-11-02T16:00:00Z,HU,116.33,15
2025-11-02T16:00:00Z,IT-CNorth,114.11,15
2025-11-02T16:00:00Z,IT-CSouth,114.11,15
2025-11-02T16:00:00Z,IT-North,114.11,15
2025-11-02T16:00:00Z,IT-Sardinia,114.11,15
2025-11-02T16:00:00Z,IT-Sicily,114.11,15
2025-11-02T16:00:00Z,IT-South,114.11,15
2025-11-02T16:00:00Z,LT,95.51,15
2025-11-02T16:00:00Z,LV,95.51,15
2025-11-02T16:00:00Z,NL,100.99,15
2025-11-02T16:00:00Z,NO1,65.71,15
2025-11-02T16:00:00Z,NO2,68.82,15
2025-11-02T16:00:00Z,NO3,32.87,15
2025-11-02T16:00:00Z,NO4,10.92,15
2025-11-02T16:00:00Z,NO5,60.16,15
2025-11-02T16:00:00Z,PL,118.39,15
2025-11-02T16:00:00Z,PT,10.38,15
2025-11-02T16:00:00Z,RO,116.03,15
2025-11-02T16:00:00Z,RS,118.89,15
2025-11-02T16:00:00Z,SE1,6.40,15
2025-11-02T16:00:00Z,SE2,4.99,15
2025-11-02T16:00:00Z,SE3,45.00,15
2025-11-02T16:00:00Z,SE4,83.06,15
2025-11-02T16:00:00Z,SI,114.11,15
2025-11-02T16:00:00Z,SK,117.04,15
2025-11-02T16:15:00Z,AT,128.19,15
2025-11-02T16:15:00Z,BE,76.45,15
2025-11-02T16:15:00Z,CZ,131.71,15
2025-11-02T16:15:00Z,DE-LU,131.39,15
2025-11-02T16:15:00Z,DK1,131.39,15
2025-11-02T16:15:00Z,DK2,131.40,15
2025-11-02T16:15:00Z,EE,121.91,15
2025-11-02T16:15:00Z,ES,20.24,15
2025-11-02T16:15:00Z,FI,10.39,15
2025-11-02T16:15:00Z,FR,20.24,15
2025-11-02T16:15:00Z,GR,129.03,15
2025-11-02T16:15:00Z,HR,127.45,15
2025-11-02T16:15:00Z,HU,129.37,15
2025-11-02T16:15:00Z,IT-CNorth,126.87,15
2025-11-02T16:15:00Z,IT-CSouth,126.87,15
2025-11-02T16:15:00Z,IT-North,126.87,15
2025-11-02T16:15:00Z,IT-Sardinia,126.87,15
2025-11-02T16:15:00Z,IT-Sicily,126.87,15
2025-11-02T16:15:00Z,IT-South,126.87,15
2025-11-02T16:15:00Z,LT,121.91,15
2025-11-02T16:15:00Z,LV,121.91,15
2025-11-02T16:15:00Z,NL,113.87,15
2025-11-02T16:15:00Z,NO1,65.92,15
2025-11-02T16:15:00Z,NO2,68.99,15
2025-11-02T16:15:00Z,NO3,32.10,15
2025-11-02T16:15:00Z,NO4,9.41,15
2025-11-02T16:15:00Z,NO5,60.39,15
2025-11-02T16:15:00Z,PL,131.69,15
2025-11-02T16:15:00Z,PT,20.24,15
2025-11-02T16:15:00Z,RO,129.03,15
2025-11-02T16:15:00Z,RS,118.89,15
2025-11-02T16:15:00Z,SE1,6.20,15
2025-11-02T16:15:00Z,SE2,5.18,15
2025-11-02T16:15:00Z,SE3,47.62,15
2025-11-02T16:15:00Z,SE4,85.45,15
2025-11-02T16:15:00Z,SI,126.87,15
2025-11-02T16:15:00Z,SK,130.16,15
2025-11-02T16:30:00Z,AT,132.75,15
2025-11-02T16:30:00Z,BE,90.00,15
2025-11-02T16:30:00Z,CZ,138.04,15
2025-11-02T16:30:00Z,DE-LU,138.83,15
2025-11-02T16:30:00Z,DK1,138.83,15
2025-11-02T16:30:00Z,DK2,138.84,15
2025-11-02T16:30:00Z,EE,121.95,15
2025-11-02T16:30:00Z,ES,51.93,15
2025-11-02T16:30:00Z,FI,11.66,15
2025-11-02T16:30:00Z,FR,51.93,15
2025-11-02T16:30:00Z,GR,134.10,15
2025-11-02T16:30:00Z,HR,131.75,15
2025-11-02T16:30:00Z,HU,134.59,15
2025-11-02T16:30:00Z,IT-CNorth,130.87,15
2025-11-02T16:30:00Z,IT-CSouth,130.87,15
2025-11-02T16:30:00Z,IT-North,130.87,15
2025-11-02T16:30:00Z,IT-Sardinia,130.87,15
2025-11-02T16:30:00Z,IT-Sicily,130.87,15
2025-11-02T16:30:00Z,IT-South,130.87,15
2025-11-02T16:30:00Z,LT,121.95,15
2025-11-02T16:30:00Z,LV,121.95,15
2025-11-02T16:30:00Z,NL,125.51,15
2025-11-02T16:30:00Z,NO1,65.93,15
2025-11-02T16:30:00Z,NO2,68.91,15
2025-11-02T16:30:00Z,NO3,32.26,15
2025-11-02T16:30:00Z,NO4,9.73,15
2025-11-02T16:30:00Z,NO5,60.52,15
2025-11-02T16:30:00Z,PL,138.22,15
2025-11-02T16:30:00Z,PT,51.93,15
2025-11-02T16:30:00Z,RO,134.10,15
2025-11-02T16:30:00Z,RS,118.89,15
2025-11-02T16:30:00Z,SE1,6.84,15
2025-11-02T16:30:00Z,SE2,5.87,15
2025-11-02T16:30:00Z,SE3,48.50,15
2025-11-02T16:30:00Z,SE4,85.82,15
2025-11-02T16:30:00Z,SI,130.87,15
2025-11-02T16:30:00Z,SK,135.80,15
2025-11-02T16:45:00Z,AT,134.22,15
2025-11-02T16:45:00Z,BE,99.99,15
2025-11-02T16:45:00Z,CZ,139.14,15
2025-11-02T16:45:00Z,DE-LU,140.07,15
2025-11-02T16:45:00Z,DK1,135.47,15
2025-11-02T16:45:00Z,DK2,140.08,15
2025-11-02T16:45:00Z,EE,139.34,15
2025-11-02T16:45:00Z,ES,71.92,15
2025-11-02T16:45:00Z,FI,18.48,15
2025-11-02T16:45:00Z,FR,71.92,15
2025-11-02T16:45:00Z,GR,135.49,15
2025-11-02T16:45:00Z,HR,133.30,15
2025-11-02T16:45:00Z,HU,135.94,15
2025-11-02T16:45:00Z,IT-CNorth,132.49,15
2025-11-02T16:45:00Z,IT-CSouth,132.49,15
2025-11-02T16:45:00Z,IT-North,132.49,15
2025-11-02T16:45:00Z,IT-Sardinia,132.49,15
2025-11-02T16:45:00Z,IT-Sicily,132.49,15
2025-11-02T16:45:00Z,IT-South,132.49,15
2025-11-02T16:45:00Z,LT,139.34,15
2025-11-02T16:45:00Z,LV,139.34,15
2025-11-02T16:45:00Z,NL,129.74,15
2025-11-02T16:45:00Z,NO1,65.91,15
2025-11-02T16:45:00Z,NO2,68.82,15
2025-11-02T16:45:00Z,NO3,31.81,15
2025-11-02T16:45:00Z,NO4,9.41,15
2025-11-02T16:45:00Z,NO5,60.58,15
2025-11-02T16:45:00Z,PL,139.34,15
2025-11-02T16:45:00Z,PT,71.92,15
2025-11-02T16:45:00Z,RO,135.49,15
2025-11-02T16:45:00Z,RS,118.89,15
2025-11-02T16:45:00Z,SE1,8.84,15
2025-11-02T16:45:00Z,SE2,8.33,15
2025-11-02T16:45:00Z,SE3,53.99,15
2025-11-02T16:45:00Z,SE4,89.24,15
2025-11-02T16:45:00Z,SI,132.49,15
2025-11-02T16:45:00Z,SK,137.07,15
2025-11-02T17:00:00Z,AT,130.80,15
2025-11-02T17:00:00Z,BE,97.23,15
2025-11-02T17:00:00Z,CH,119.30,60
2025-11-02T17:00:00Z,CZ,136.30,15
2025-11-02T17:00:00Z,DE-LU,137.52,15
2025-11-02T17:00:00Z,DK1,137.52,15
2025-11-02T17:00:00Z,DK2,137.53,15
2025-11-02T17:00:00Z,EE,85.09,15
2025-11-02T17:00:00Z,ES,72.40,15
2025-11-02T17:00:00Z,FI,10.40,15
2025-11-02T17:00:00Z,FR,72.40,15
2025-11-02T17:00:00Z,GR,132.23,15
2025-11-02T17:00:00Z,HR,129.75,15
2025-11-02T17:00:00Z,HU,132.74,15
2025-11-02T17:00:00Z,IT-CNorth,128.87,15
2025-11-02T17:00:00Z,IT-CSouth,128.87,15
2025-11-02T17:00:00Z,IT-North,128.87,15
2025-11-02T17:00:00Z,IT-Sardinia,128.87,15
2025-11-02T17:00:00Z,IT-Sicily,128.87,15
2025-11-02T17:00:00Z,IT-South,128.87,15
2025-11-02T17:00:00Z,LT,121.91,15
2025-11-02T17:00:00Z,LV,121.91,15
2025-11-02T17:00:00Z,NL,127.74,15
2025-11-02T17:00:00Z,NO1,65.38,15
2025-11-02T17:00:00Z,NO2,67.79,15
2025-11-02T17:00:00Z,NO3,33.64,15
2025-11-02T17:00:00Z,NO4,9.43,15
2025-11-02T17:00:00Z,NO5,60.85,15
2025-11-02T17:00:00Z,PL,136.66,15
2025-11-02T17:00:00Z,PT,72.40,15
2025-11-02T17:00:00Z,RO,132.23,15
2025-11-02T17:00:00Z,RS,120.71,15
2025-11-02T17:00:00Z,SE1,6.93,15
2025-11-02T17:00:00Z,SE2,4.99,15
2025-11-02T17:00:00Z,SE3,47.24,15
2025-11-02T17:00:00Z,SE4,84.03,15
2025-11-02T17:00:00Z,SI,128.87,15
2025-11-02T17:00:00Z,SK,133.98,15
2025-11-02T17:15:00Z,AT,129.96,15
2025-11-02T17:15:00Z,BE,101.24,15
2025-11-02T17:15:00Z,CZ,134.67,15
2025-11-02T17:15:00Z,DE-LU,135.71,15
2025-11-02T17:15:00Z,DK1,135.71,15
2025-11-02T17:15:00Z,DK2,135.72,15
2025-11-02T17:15:00Z,EE,85.13,15
2025-11-02T17:15:00Z,ES,80.00,15
2025-11-02T17:15:00Z,FI,12.83,15
2025-11-02T17:15:00Z,FR,80.00,15
2025-11-02T17:15:00Z,GR,137.50,15
2025-11-02T17:15:00Z,HR,129.07,15
2025-11-02T17:15:00Z,HU,131.62,15
2025-11-02T17:15:00Z,IT-CNorth,129.96,15
2025-11-02T17:15:00Z,IT-CSouth,129.96,15
2025-11-02T17:15:00Z,IT-North,129.96,15
2025-11-02T17:15:00Z,IT-Sardinia,129.96,15
2025-11-02T17:15:00Z,IT-Sicily,129.96,15
2025-11-02T17:15:00Z,IT-South,129.96,15
2025-11-02T17:15:00Z,LT,121.97,15
2025-11-02T17:15:00Z,LV,121.97,15
2025-11-02T17:15:00Z,NL,127.34,15
2025-11-02T17:15:00Z,NO1,65.37,15
2025-11-02T17:15:00Z,NO2,67.76,15
2025-11-02T17:15:00Z,NO3,32.59,15
2025-11-02T17:15:00Z,NO4,10.21,15
2025-11-02T17:15:00Z,NO5,60.81,15
2025-11-02T17:15:00Z,PL,134.97,15
2025-11-02T17:15:00Z,PT,80.00,15
2025-11-02T17:15:00Z,RO,131.19,15
2025-11-02T17:15:00Z,RS,120.71,15
2025-11-02T17:15:00Z,SE1,7.52,15
2025-11-02T17:15:00Z,SE2,5.00,15
2025-11-02T17:15:00Z,SE3,49.80,15
2025-11-02T17:15:00Z,SE4,86.38,15
2025-11-02T17:15:00Z,SI,128.31,15
2025-11-02T17:15:00Z,SK,132.68,15
2025-11-02T17:30:00Z,AT,128.45,15
2025-11-02T17:30:00Z,BE,100.06,15
2025-11-02T17:30:00Z,CZ,130.59,15
2025-11-02T17:30:00Z,DE-LU,130.50,15
2025-11-02T17:30:00Z,DK1,130.50,15
2025-11-02T17:30:00Z,DK2,130.51,15
2025-11-02T17:30:00Z,EE,85.15,15
2025-11-02T17:30:00Z,ES,81.55,15
2025-11-02T17:30:00Z,FI,14.14,15
2025-11-02T17:30:00Z,FR,70.21,15
2025-11-02T17:30:00Z,GR,137.50,15
2025-11-02T17:30:00Z,HR,128.00,15
2025-11-02T17:30:00Z,HU,129.17,15
2025-11-02T17:30:00Z,IT-CNorth,130.00,15
2025-11-02T17:30:00Z,IT-CSouth,130.00,15
2025-11-02T17:30:00Z,IT-North,130.00,15
2025-11-02T17:30:00Z,IT-Sardinia,130.00,15
2025-11-02T17:30:00Z,IT-Sicily,130.00,15
2025-11-02T17:30:00Z,IT-South,130.00,15
2025-11-02T17:30:00Z,LT,109.22,15
2025-11-02T17:30:00Z,LV,109.22,15
2025-11-02T17:30:00Z,NL,120.98,15
2025-11-02T17:30:00Z,NO1,65.28,15
2025-11-02T17:30:00Z,NO2,67.70,15
2025-11-02T17:30:00Z,NO3,33.18,15
2025-11-02T17:30:00Z,NO4,10.21,15
2025-11-02T17:30:00Z,NO5,60.70,15
2025-11-02T17:30:00Z,PL,130.63,15
2025-11-02T17:30:00Z,PT,81.55,15
2025-11-02T17:30:00Z,RO,128.97,15
2025-11-02T17:30:00Z,RS,120.71,15
2025-11-02T17:30:00Z,SE1,8.34,15
2025-11-02T17:30:00Z,SE2,6.03,15
2025-11-02T17:30:00Z,SE3,50.37,15
2025-11-02T17:30:00Z,SE4,86.12,15
2025-11-02T17:30:00Z,SI,127.66,15
2025-11-02T17:30:00Z,SK,129.65,15
2025-11-02T17:45:00Z,AT,115.82,15
2025-11-02T17:45:00Z,BE,100.00,15
2025-11-02T17:45:00Z,CZ,117.66,15
2025-11-02T17:45:00Z,DE-LU,117.90,15
2025-11-02T17:45:00Z,DK1,117.53,15
2025-11-02T17:45:00Z,DK2,117.91,15
2025-11-02T17:45:00Z,EE,92.10,15
2025-11-02T17:45:00Z,ES,88.01,15
2025-11-02T17:45:00Z,FI,11.67,15
2025-11-02T17:45:00Z,FR,85.64,15
2025-11-02T17:45:00Z,GR,152.50,15
2025-11-02T17:45:00Z,HR,115.46,15
2025-11-02T17:45:00Z,HU,116.46,15
2025-11-02T17:45:00Z,IT-CNorth,126.11,15
2025-11-02T17:45:00Z,IT-CSouth,126.11,15
2025-11-02T17:45:00Z,IT-North,126.11,15
2025-11-02T17:45:00Z,IT-Sardinia,126.11,15
2025-11-02T17:45:00Z,IT-Sicily,135.94,15
2025-11-02T17:45:00Z,IT-South,126.11,15
2025-11-02T17:45:00Z,LT,99.90,15
2025-11-02T17:45:00Z,LV,99.90,15
2025-11-02T17:45:00Z,NL,112.92,15
2025-11-02T17:45:00Z,NO1,65.11,15
2025-11-02T17:45:00Z,NO2,67.64,15
2025-11-02T17:45:00Z,NO3,35.55,15
2025-11-02T17:45:00Z,NO4,10.12,15
2025-11-02T17:45:00Z,NO5,60.49,15
2025-11-02T17:45:00Z,PL,117.75,15
2025-11-02T17:45:00Z,PT,88.01,15
2025-11-02T17:45:00Z,RO,116.29,15
2025-11-02T17:45:00Z,RS,120.71,15
2025-11-02T17:45:00Z,SE1,8.82,15
2025-11-02T17:45:00Z,SE2,7.55,15
2025-11-02T17:45:00Z,SE3,46.64,15
2025-11-02T17:45:00Z,SE4,81.68,15
2025-11-02T17:45:00Z,SI,115.17,15
2025-11-02T17:45:00Z,SK,116.88,15
2025-11-02T18:00:00Z,AT,131.42,15
2025-11-02T18:00:00Z,BE,113.67,15
2025-11-02T18:00:00Z,CH,118.00,60
2025-11-02T18:00:00Z,CZ,129.02,15
2025-11-02T18:00:00Z,DE-LU,127.20,15
2025-11-02T18:00:00Z,DK1,127.20,15
2025-11-02T18:00:00Z,DK2,127.20,15
2025-11-02T18:00:00Z,EE,72.40,15
2025-11-02T18:00:00Z,ES,99.00,15
2025-11-02T18:00:00Z,FI,8.81,15
2025-11-02T18:00:00Z,FR,81.02,15
2025-11-02T18:00:00Z,GR,134.31,15
2025-11-02T18:00:00Z,HR,132.06,15
2025-11-02T18:00:00Z,HU,130.66,15
2025-11-02T18:00:00Z,IT-CNorth,132.49,15
2025-11-02T18:00:00Z,IT-CSouth,132.49,15
2025-11-02T18:00:00Z,IT-North,132.49,15
2025-11-02T18:00:00Z,IT-Sardinia,132.49,15
2025-11-02T18:00:00Z,IT-Sicily,132.49,15
2025-11-02T18:00:00Z,IT-South,132.49,15
2025-11-02T18:00:00Z,LT,128.64,15
2025-11-02T18:00:00Z,LV,128.64,15
2025-11-02T18:00:00Z,NL,119.20,15
2025-11-02T18:00:00Z,NO1,65.09,15
2025-11-02T18:00:00Z,NO2,67.75,15
2025-11-02T18:00:00Z,NO3,33.75,15
2025-11-02T18:00:00Z,NO4,11.81,15
2025-11-02T18:00:00Z,NO5,60.09,15
2025-11-02T18:00:00Z,PL,128.64,15
2025-11-02T18:00:00Z,PT,99.00,15
2025-11-02T18:00:00Z,RO,130.89,15
2025-11-02T18:00:00Z,RS,119.30,15
2025-11-02T18:00:00Z,SE1,7.68,15
2025-11-02T18:00:00Z,SE2,5.71,15
2025-11-02T18:00:00Z,SE3,45.00,15
2025-11-02T18:00:00Z,SE4,81.69,15
2025-11-02T18:00:00Z,SI,132.49,15
2025-11-02T18:00:00Z,SK,130.05,15
2025-11-02T18:15:00Z,AT,130.30,15
2025-11-02T18:15:00Z,BE,108.62,15
2025-11-02T18:15:00Z,CZ,127.37,15
2025-11-02T18:15:00Z,DE-LU,125.14,15
2025-11-02T18:15:00Z,DK1,125.14,15
2025-11-02T18:15:00Z,DK2,125.15,15
2025-11-02T18:15:00Z,EE,72.40,15
2025-11-02T18:15:00Z,ES,102.18,15
2025-11-02T18:15:00Z,FI,7.67,15
2025-11-02T18:15:00Z,FR,68.74,15
2025-11-02T18:15:00Z,GR,133.90,15
2025-11-02T18:15:00Z,HR,131.08,15
2025-11-02T18:15:00Z,HU,129.38,15
2025-11-02T18:15:00Z,IT-CNorth,131.61,15
2025-11-02T18:15:00Z,IT-CSouth,131.61,15
2025-11-02T18:15:00Z,IT-North,131.61,15
2025-11-02T18:15:00Z,IT-Sardinia,131.61,15
2025-11-02T18:15:00Z,IT-Sicily,131.61,15
2025-11-02T18:15:00Z,IT-South,131.61,15
2025-11-02T18:15:00Z,LT,124.66,15
2025-11-02T18:15:00Z,LV,124.66,15
2025-11-02T18:15:00Z,NL,115.37,15
2025-11-02T18:15:00Z,NO1,65.03,15
2025-11-02T18:15:00Z,NO2,67.70,15
2025-11-02T18:15:00Z,NO3,34.23,15
2025-11-02T18:15:00Z,NO4,12.45,15
2025-11-02T18:15:00Z,NO5,60.04,15
2025-11-02T18:15:00Z,PL,126.91,15
2025-11-02T18:15:00Z,PT,102.18,15
2025-11-02T18:15:00Z,RO,129.66,15
2025-11-02T18:15:00Z,RS,119.30,15
2025-11-02T18:15:00Z,SE1,7.82,15
2025-11-02T18:15:00Z,SE2,5.99,15
2025-11-02T18:15:00Z,SE3,43.62,15
2025-11-02T18:15:00Z,SE4,80.33,15
2025-11-02T18:15:00Z,SI,131.61,15
2025-11-02T18:15:00Z,SK,128.63,15
2025-11-02T18:30:00Z,AT,112.62,15
2025-11-02T18:30:00Z,BE,95.68,15
2025-11-02T18:30:00Z,CZ,110.65,15
2025-11-02T18:30:00Z,DE-LU,108.00,15
2025-11-02T18:30:00Z,DK1,108.00,15
2025-11-02T18:30:00Z,DK2,108.01,15
2025-11-02T18:30:00Z,EE,72.40,15
2025-11-02T18:30:00Z,ES,103.23,15
2025-11-02T18:30:00Z,FI,7.05,15
2025-11-02T18:30:00Z,FR,65.76,15
2025-11-02T18:30:00Z,GR,134.49,15
2025-11-02T18:30:00Z,HR,113.66,15
2025-11-02T18:30:00Z,HU,112.64,15
2025-11-02T18:30:00Z,IT-CNorth,129.87,15
2025-11-02T18:30:00Z,IT-CSouth,129.87,15
2025-11-02T18:30:00Z,IT-North,129.87,15
2025-11-02T18:30:00Z,IT-Sardinia,129.87,15
2025-11-02T18:30:00Z,IT-Sicily,129.87,15
2025-11-02T18:30:00Z,IT-South,129.87,15
2025-11-02T18:30:00Z,LT,80.87,15
2025-11-02T18:30:00Z,LV,80.87,15
2025-11-02T18:30:00Z,NL,100.72,15
2025-11-02T18:30:00Z,NO1,64.95,15
2025-11-02T18:30:00Z,NO2,67.63,15
2025-11-02T18:30:00Z,NO3,34.40,15
2025-11-02T18:30:00Z,NO4,11.08,15
2025-11-02T18:30:00Z,NO5,59.97,15
2025-11-02T18:30:00Z,PL,112.14,15
2025-11-02T18:30:00Z,PT,103.23,15
2025-11-02T18:30:00Z,RO,112.86,15
2025-11-02T18:30:00Z,RS,119.30,15
2025-11-02T18:30:00Z,SE1,7.18,15
2025-11-02T18:30:00Z,SE2,5.64,15
2025-11-02T18:30:00Z,SE3,43.07,15
2025-11-02T18:30:00Z,SE4,79.88,15
2025-11-02T18:30:00Z,SI,113.93,15
2025-11-02T18:30:00Z,SK,112.30,15
2025-11-02T18:45:00Z,AT,101.66,15
2025-11-02T18:45:00Z,BE,82.26,15
2025-11-02T18:45:00Z,CZ,100.63,15
2025-11-02T18:45:00Z,DE-LU,94.09,15
2025-11-02T18:45:00Z,DK1,94.09,15
2025-11-02T18:45:00Z,DK2,94.09,15
2025-11-02T18:45:00Z,EE,72.40,15
2025-11-02T18:45:00Z,ES,108.40,15
2025-11-02T18:45:00Z,FI,6.98,15
2025-11-02T18:45:00Z,FR,52.77,15
2025-11-02T18:45:00Z,GR,133.41,15
2025-11-02T18:45:00Z,HR,104.51,15
2025-11-02T18:45:00Z,HU,104.53,15
2025-11-02T18:45:00Z,IT-CNorth,126.03,15
2025-11-02T18:45:00Z,IT-CSouth,126.03,15
2025-11-02T18:45:00Z,IT-North,126.03,15
2025-11-02T18:45:00Z,IT-Sardinia,126.03,15
2025-11-02T18:45:00Z,IT-Sicily,135.94,15
2025-11-02T18:45:00Z,IT-South,126.03,15
2025-11-02T18:45:00Z,LT,78.89,15
2025-11-02T18:45:00Z,LV,78.89,15
2025-11-02T18:45:00Z,NL,87.13,15
2025-11-02T18:45:00Z,NO1,64.74,15
2025-11-02T18:45:00Z,NO2,67.54,15
2025-11-02T18:45:00Z,NO3,35.83,15
2025-11-02T18:45:00Z,NO4,8.56,15
2025-11-02T18:45:00Z,NO5,59.66,15
2025-11-02T18:45:00Z,PL,109.46,15
2025-11-02T18:45:00Z,PT,108.40,15
2025-11-02T18:45:00Z,RO,104.81,15
2025-11-02T18:45:00Z,RS,119.30,15
2025-11-02T18:45:00Z,SE1,7.03,15
2025-11-02T18:45:00Z,SE2,6.48,15
2025-11-02T18:45:00Z,SE3,42.10,15
2025-11-02T18:45:00Z,SE4,78.06,15
2025-11-02T18:45:00Z,SI,104.28,15
2025-11-02T18:45:00Z,SK,105.10,15
2025-11-02T19:00:00Z,AT,124.51,15
2025-11-02T19:00:00Z,BE,89.75,15
2025-11-02T19:00:00Z,CH,108.50,60
2025-11-02T19:00:00Z,CZ,122.59,15
2025-11-02T19:00:00Z,DE-LU,110.97,15
2025-11-02T19:00:00Z,DK1,110.97,15
2025-11-02T19:00:00Z,DK2,110.98,15
2025-11-02T19:00:00Z,EE,54.10,15
2025-11-02T19:00:00Z,ES,110.00,15
2025-11-02T19:00:00Z,FI,7.86,15
2025-11-02T19:00:00Z,FR,37.12,15
2025-11-02T19:00:00Z,GR,154.89,15
2025-11-02T19:00:00Z,HR,129.51,15
2025-11-02T19:00:00Z,HU,129.56,15
2025-11-02T19:00:00Z,IT-CNorth,129.16,15
2025-11-02T19:00:00Z,IT-CSouth,129.16,15
2025-11-02T19:00:00Z,IT-North,129.16,15
2025-11-02T19:00:00Z,IT-Sardinia,129.16,15
2025-11-02T19:00:00Z,IT-Sicily,136.05,15
2025-11-02T19:00:00Z,IT-South,129.16,15
2025-11-02T19:00:00Z,LT,138.35,15
2025-11-02T19:00:00Z,LV,138.35,15
2025-11-02T19:00:00Z,NL,98.49,15
2025-11-02T19:00:00Z,NO1,64.64,15
2025-11-02T19:00:00Z,NO2,67.08,15
2025-11-02T19:00:00Z,NO3,34.22,15
2025-11-02T19:00:00Z,NO4,12.40,15
2025-11-02T19:00:00Z,NO5,60.04,15
2025-11-02T19:00:00Z,PL,138.35,15
2025-11-02T19:00:00Z,PT,110.00,15
2025-11-02T19:00:00Z,RO,130.06,15
2025-11-02T19:00:00Z,RS,118.34,15
2025-11-02T19:00:00Z,SE1,8.01,15
2025-11-02T19:00:00Z,SE2,6.27,15
2025-11-02T19:00:00Z,SE3,43.26,15
2025-11-02T19:00:00Z,SE4,79.61,15
2025-11-02T19:00:00Z,SI,129.16,15
2025-11-02T19:00:00Z,SK,130.52,15
2025-11-02T19:15:00Z,AT,117.53,15
2025-11-02T19:15:00Z,BE,98.46,15
2025-11-02T19:15:00Z,CZ,119.52,15
2025-11-02T19:15:00Z,DE-LU,104.42,15
2025-11-02T19:15:00Z,DK1,104.42,15
2025-11-02T19:15:00Z,DK2,104.43,15
2025-11-02T19:15:00Z,EE,54.10,15
2025-11-02T19:15:00Z,ES,110.57,15
2025-11-02T19:15:00Z,FI,6.81,15
2025-11-02T19:15:00Z,FR,81.39,15
2025-11-02T19:15:00Z,GR,154.89,15
2025-11-02T19:15:00Z,HR,124.47,15
2025-11-02T19:15:00Z,HU,127.42,15
2025-11-02T19:15:00Z,IT-CNorth,123.87,15
2025-11-02T19:15:00Z,IT-CSouth,123.87,15
2025-11-02T19:15:00Z,IT-North,123.87,15
2025-11-02T19:15:00Z,IT-Sardinia,123.87,15
2025-11-02T19:15:00Z,IT-Sicily,128.00,15
2025-11-02T19:15:00Z,IT-South,123.87,15
2025-11-02T19:15:00Z,LT,146.11,15
2025-11-02T19:15:00Z,LV,146.11,15
2025-11-02T19:15:00Z,NL,101.00,15
2025-11-02T19:15:00Z,NO1,64.44,15
2025-11-02T19:15:00Z,NO2,66.97,15
2025-11-02T19:15:00Z,NO3,34.86,15
2025-11-02T19:15:00Z,NO4,9.41,15
2025-11-02T19:15:00Z,NO5,59.77,15
2025-11-02T19:15:00Z,PL,146.11,15
2025-11-02T19:15:00Z,PT,110.57,15
2025-11-02T19:15:00Z,RO,127.77,15
2025-11-02T19:15:00Z,RS,118.34,15
2025-11-02T19:15:00Z,SE1,6.89,15
2025-11-02T19:15:00Z,SE2,5.93,15
2025-11-02T19:15:00Z,SE3,42.07,15
2025-11-02T19:15:00Z,SE4,78.35,15
2025-11-02T19:15:00Z,SI,122.89,15
2025-11-02T19:15:00Z,SK,130.24,15
2025-11-02T19:30:00Z,AT,108.68,15
2025-11-02T19:30:00Z,BE,80.00,15
2025-11-02T19:30:00Z,CZ,110.00,15
2025-11-02T19:30:00Z,DE-LU,92.10,15
2025-11-02T19:30:00Z,DK1,92.10,15
2025-11-02T19:30:00Z,DK2,92.10,15
2025-11-02T19:30:00Z,EE,54.09,15
2025-11-02T19:30:00Z,ES,110.96,15
2025-11-02T19:30:00Z,FI,6.47,15
2025-11-02T19:30:00Z,FR,47.81,15
2025-11-02T19:30:00Z,GR,127.08,15
2025-11-02T19:30:00Z,HR,116.80,15
2025-11-02T19:30:00Z,HU,119.63,15
2025-11-02T19:30:00Z,IT-CNorth,119.26,15
2025-11-02T19:30:00Z,IT-CSouth,119.26,15
2025-11-02T19:30:00Z,IT-North,119.26,15
2025-11-02T19:30:00Z,IT-Sardinia,119.26,15
2025-11-02T19:30:00Z,IT-Sicily,127.00,15
2025-11-02T19:30:00Z,IT-South,119.26,15
2025-11-02T19:30:00Z,LT,140.09,15
2025-11-02T19:30:00Z,LV,140.09,15
2025-11-02T19:30:00Z,NL,85.06,15
2025-11-02T19:30:00Z,NO1,64.33,15
2025-11-02T19:30:00Z,NO2,66.86,15
2025-11-02T19:30:00Z,NO3,34.98,15
2025-11-02T19:30:00Z,NO4,8.56,15
2025-11-02T19:30:00Z,NO5,59.65,15
2025-11-02T19:30:00Z,PL,140.09,15
2025-11-02T19:30:00Z,PT,110.96,15
2025-11-02T19:30:00Z,RO,120.11,15
2025-11-02T19:30:00Z,RS,118.34,15
2025-11-02T19:30:00Z,SE1,6.53,15
2025-11-02T19:30:00Z,SE2,5.78,15
2025-11-02T19:30:00Z,SE3,41.69,15
2025-11-02T19:30:00Z,SE4,77.95,15
2025-11-02T19:30:00Z,SI,115.19,15
2025-11-02T19:30:00Z,SK,122.61,15
2025-11-02T19:45:00Z,AT,96.94,15
2025-11-02T19:45:00Z,BE,69.22,15
2025-11-02T19:45:00Z,CZ,95.00,15
2025-11-02T19:45:00Z,DE-LU,86.91,15
2025-11-02T19:45:00Z,DK1,86.91,15
2025-11-02T19:45:00Z,DK2,86.92,15
2025-11-02T19:45:00Z,EE,54.09,15
2025-11-02T19:45:00Z,ES,110.96,15
2025-11-02T19:45:00Z,FI,6.36,15
2025-11-02T19:45:00Z,FR,25.65,15
2025-11-02T19:45:00Z,GR,110.36,15
2025-11-02T19:45:00Z,HR,100.37,15
2025-11-02T19:45:00Z,HU,100.01,15
2025-11-02T19:45:00Z,IT-CNorth,108.51,15
2025-11-02T19:45:00Z,IT-CSouth,108.51,15
2025-11-02T19:45:00Z,IT-North,108.51,15
2025-11-02T19:45:00Z,IT-Sardinia,108.51,15
2025-11-02T19:45:00Z,IT-Sicily,108.51,15
2025-11-02T19:45:00Z,IT-South,108.51,15
2025-11-02T19:45:00Z,LT,105.16,15
2025-11-02T19:45:00Z,LV,105.16,15
2025-11-02T19:45:00Z,NL,76.49,15
2025-11-02T19:45:00Z,NO1,64.00,15
2025-11-02T19:45:00Z,NO2,66.75,15
2025-11-02T19:45:00Z,NO3,34.64,15
2025-11-02T19:45:00Z,NO4,8.51,15
2025-11-02T19:45:00Z,NO5,59.03,15
2025-11-02T19:45:00Z,PL,105.16,15
2025-11-02T19:45:00Z,PT,110.96,15
2025-11-02T19:45:00Z,RO,100.41,15
2025-11-02T19:45:00Z,RS,118.34,15
2025-11-02T19:45:00Z,SE1,6.43,15
2025-11-02T19:45:00Z,SE2,5.65,15
2025-11-02T19:45:00Z,SE3,41.49,15
2025-11-02T19:45:00Z,SE4,77.64,15
2025-11-02T19:45:00Z,SI,100.28,15
2025-11-02T19:45:00Z,SK,100.47,15
2025-11-02T20:00:00Z,AT,108.94,15
2025-11-02T20:00:00Z,BE,83.66,15
2025-11-02T20:00:00Z,CH,97.35,60
2025-11-02T20:00:00Z,CZ,107.30,15
2025-11-02T20:00:00Z,DE-LU,100.06,15
2025-11-02T20:00:00Z,DK1,94.54,15
2025-11-02T20:00:00Z,DK2,100.05,15
2025-11-02T20:00:00Z,EE,72.40,15
2025-11-02T20:00:00Z,ES,113.50,15
2025-11-02T20:00:00Z,FI,7.01,15
2025-11-02T20:00:00Z,FR,44.78,15
2025-11-02T20:00:00Z,GR,111.73,15
2025-11-02T20:00:00Z,HR,111.76,15
2025-11-02T20:00:00Z,HU,111.32,15
2025-11-02T20:00:00Z,IT-CNorth,111.74,15
2025-11-02T20:00:00Z,IT-CSouth,111.74,15
2025-11-02T20:00:00Z,IT-North,111.74,15
2025-11-02T20:00:00Z,IT-Sardinia,111.74,15
2025-11-02T20:00:00Z,IT-Sicily,111.74,15
2025-11-02T20:00:00Z,IT-South,111.74,15
2025-11-02T20:00:00Z,LT,117.35,15
2025-11-02T20:00:00Z,LV,117.35,15
2025-11-02T20:00:00Z,NL,90.63,15
2025-11-02T20:00:00Z,NO1,64.00,15
2025-11-02T20:00:00Z,NO2,66.11,15
2025-11-02T20:00:00Z,NO3,35.37,15
2025-11-02T20:00:00Z,NO4,9.41,15
2025-11-02T20:00:00Z,NO5,60.03,15
2025-11-02T20:00:00Z,PL,117.35,15
2025-11-02T20:00:00Z,PT,113.50,15
2025-11-02T20:00:00Z,RO,111.73,15
2025-11-02T20:00:00Z,RS,104.32,15
2025-11-02T20:00:00Z,SE1,7.09,15
2025-11-02T20:00:00Z,SE2,5.39,15
2025-11-02T20:00:00Z,SE3,37.56,15
2025-11-02T20:00:00Z,SE4,68.92,15
2025-11-02T20:00:00Z,SI,111.74,15
2025-11-02T20:00:00Z,SK,111.56,15
2025-11-02T20:15:00Z,AT,103.29,15
2025-11-02T20:15:00Z,BE,75.58,15
2025-11-02T20:15:00Z,CZ,101.16,15
2025-11-02T20:15:00Z,DE-LU,94.08,15
2025-11-02T20:15:00Z,DK1,94.08,15
2025-11-02T20:15:00Z,DK2,94.07,15
2025-11-02T20:15:00Z,EE,72.39,15
2025-11-02T20:15:00Z,ES,112.44,15
2025-11-02T20:15:00Z,FI,10.36,15
2025-11-02T20:15:00Z,FR,31.73,15
2025-11-02T20:15:00Z,GR,105.68,15
2025-11-02T20:15:00Z,HR,106.00,15
2025-11-02T20:15:00Z,HU,105.25,15
2025-11-02T20:15:00Z,IT-CNorth,106.11,15
2025-11-02T20:15:00Z,IT-CSouth,106.11,15
2025-11-02T20:15:00Z,IT-North,106.11,15
2025-11-02T20:15:00Z,IT-Sardinia,106.11,15
2025-11-02T20:15:00Z,IT-Sicily,106.11,15
2025-11-02T20:15:00Z,IT-South,106.11,15
2025-11-02T20:15:00Z,LT,110.20,15
2025-11-02T20:15:00Z,LV,110.20,15
2025-11-02T20:15:00Z,NL,83.50,15
2025-11-02T20:15:00Z,NO1,63.79,15
2025-11-02T20:15:00Z,NO2,66.01,15
2025-11-02T20:15:00Z,NO3,34.77,15
2025-11-02T20:15:00Z,NO4,10.93,15
2025-11-02T20:15:00Z,NO5,59.68,15
2025-11-02T20:15:00Z,PL,110.20,15
2025-11-02T20:15:00Z,PT,112.44,15
2025-11-02T20:15:00Z,RO,105.68,15
2025-11-02T20:15:00Z,RS,104.32,15
2025-11-02T20:15:00Z,SE1,8.40,15
2025-11-02T20:15:00Z,SE2,5.00,15
2025-11-02T20:15:00Z,SE3,35.49,15
2025-11-02T20:15:00Z,SE4,59.68,15
2025-11-02T20:15:00Z,SI,106.11,15
2025-11-02T20:15:00Z,SK,105.31,15
2025-11-02T20:30:00Z,AT,103.21,15
2025-11-02T20:30:00Z,BE,74.69,15
2025-11-02T20:30:00Z,CZ,100.15,15
2025-11-02T20:30:00Z,DE-LU,95.10,15
2025-11-02T20:30:00Z,DK1,93.70,15
2025-11-02T20:30:00Z,DK2,95.08,15
2025-11-02T20:30:00Z,EE,72.39,15
2025-11-02T20:30:00Z,ES,110.57,15
2025-11-02T20:30:00Z,FI,11.66,15
2025-11-02T20:30:00Z,FR,26.34,15
2025-11-02T20:30:00Z,GR,103.95,15
2025-11-02T20:30:00Z,HR,105.04,15
2025-11-02T20:30:00Z,HU,103.56,15
2025-11-02T20:30:00Z,IT-CNorth,106.11,15
2025-11-02T20:30:00Z,IT-CSouth,106.11,15
2025-11-02T20:30:00Z,IT-North,106.11,15
2025-11-02T20:30:00Z,IT-Sardinia,106.11,15
2025-11-02T20:30:00Z,IT-Sicily,106.11,15
2025-11-02T20:30:00Z,IT-South,106.11,15
2025-11-02T20:30:00Z,LT,104.39,15
2025-11-02T20:30:00Z,LV,104.39,15
2025-11-02T20:30:00Z,NL,83.58,15
2025-11-02T20:30:00Z,NO1,63.67,15
2025-11-02T20:30:00Z,NO2,65.85,15
2025-11-02T20:30:00Z,NO3,34.92,15
2025-11-02T20:30:00Z,NO4,9.41,15
2025-11-02T20:30:00Z,NO5,59.65,15
2025-11-02T20:30:00Z,PL,104.39,15
2025-11-02T20:30:00Z,PT,110.57,15
2025-11-02T20:30:00Z,RO,103.95,15
2025-11-02T20:30:00Z,RS,104.32,15
2025-11-02T20:30:00Z,SE1,8.28,15
2025-11-02T20:30:00Z,SE2,4.59,15
2025-11-02T20:30:00Z,SE3,34.30,15
2025-11-02T20:30:00Z,SE4,55.15,15
2025-11-02T20:30:00Z,SI,105.49,15
2025-11-02T20:30:00Z,SK,103.11,15
2025-11-02T20:45:00Z,AT,98.98,15
2025-11-02T20:45:00Z,BE,74.73,15
2025-11-02T20:45:00Z,CZ,96.38,15
2025-11-02T20:45:00Z,DE-LU,92.08,15
2025-11-02T20:45:00Z,DK1,83.61,15
2025-11-02T20:45:00Z,DK2,92.06,15
2025-11-02T20:45:00Z,EE,72.39,15
2025-11-02T20:45:00Z,ES,110.00,15
2025-11-02T20:45:00Z,FI,13.04,15
2025-11-02T20:45:00Z,FR,33.62,15
2025-11-02T20:45:00Z,GR,99.62,15
2025-11-02T20:45:00Z,HR,100.54,15
2025-11-02T20:45:00Z,HU,99.29,15
2025-11-02T20:45:00Z,IT-CNorth,103.83,15
2025-11-02T20:45:00Z,IT-CSouth,103.83,15
2025-11-02T20:45:00Z,IT-North,103.83,15
2025-11-02T20:45:00Z,IT-Sardinia,103.83,15
2025-11-02T20:45:00Z,IT-Sicily,103.83,15
2025-11-02T20:45:00Z,IT-South,103.83,15
2025-11-02T20:45:00Z,LT,99.99,15
2025-11-02T20:45:00Z,LV,99.99,15
2025-11-02T20:45:00Z,NL,82.29,15
2025-11-02T20:45:00Z,NO1,63.47,15
2025-11-02T20:45:00Z,NO2,65.76,15
2025-11-02T20:45:00Z,NO3,34.66,15
2025-11-02T20:45:00Z,NO4,8.82,15
2025-11-02T20:45:00Z,NO5,59.30,15
2025-11-02T20:45:00Z,PL,99.99,15
2025-11-02T20:45:00Z,PT,110.00,15
2025-11-02T20:45:00Z,RO,99.62,15
2025-11-02T20:45:00Z,RS,104.32,15
2025-11-02T20:45:00Z,SE1,8.36,15
2025-11-02T20:45:00Z,SE2,4.07,15
2025-11-02T20:45:00Z,SE3,32.99,15
2025-11-02T20:45:00Z,SE4,50.24,15
2025-11-02T20:45:00Z,SI,100.92,15
2025-11-02T20:45:00Z,SK,98.90,15
2025-11-02T21:00:00Z,AT,108.17,15
2025-11-02T21:00:00Z,BE,76.44,15
2025-11-02T21:00:00Z,CH,94.04,60
2025-11-02T21:00:00Z,CZ,104.32,15
2025-11-02T21:00:00Z,DE-LU,97.54,15
2025-11-02T21:00:00Z,DK1,87.30,15
2025-11-02T21:00:00Z,DK2,97.52,15
2025-11-02T21:00:00Z,EE,20.89,15
2025-11-02T21:00:00Z,ES,107.90,15
2025-11-02T21:00:00Z,FI,10.39,15
2025-11-02T21:00:00Z,FR,25.23,15
2025-11-02T21:00:00Z,GR,109.35,15
2025-11-02T21:00:00Z,HR,109.95,15
2025-11-02T21:00:00Z,HU,108.93,15
2025-11-02T21:00:00Z,IT-CNorth,112.94,15
2025-11-02T21:00:00Z,IT-CSouth,112.94,15
2025-11-02T21:00:00Z,IT-North,112.94,15
2025-11-02T21:00:00Z,IT-Sardinia,112.94,15
2025-11-02T21:00:00Z,IT-Sicily,112.94,15
2025-11-02T21:00:00Z,IT-South,112.94,15
2025-11-02T21:00:00Z,LT,111.40,15
2025-11-02T21:00:00Z,LV,111.40,15
2025-11-02T21:00:00Z,NL,85.68,15
2025-11-02T21:00:00Z,NO1,61.96,15
2025-11-02T21:00:00Z,NO2,64.32,15
2025-11-02T21:00:00Z,NO3,34.15,15
2025-11-02T21:00:00Z,NO4,9.41,15
2025-11-02T21:00:00Z,NO5,57.69,15
2025-11-02T21:00:00Z,PL,111.40,15
2025-11-02T21:00:00Z,PT,107.90,15
2025-11-02T21:00:00Z,RO,109.35,15
2025-11-02T21:00:00Z,RS,97.13,15
2025-11-02T21:00:00Z,SE1,8.06,15
2025-11-02T21:00:00Z,SE2,5.04,15
2025-11-02T21:00:00Z,SE3,34.91,15
2025-11-02T21:00:00Z,SE4,57.38,15
2025-11-02T21:00:00Z,SI,110.20,15
2025-11-02T21:00:00Z,SK,108.93,15
2025-11-02T21:15:00Z,AT,104.06,15
2025-11-02T21:15:00Z,BE,78.24,15
2025-11-02T21:15:00Z,CZ,100.74,15
2025-11-02T21:15:00Z,DE-LU,95.91,15
2025-11-02T21:15:00Z,DK1,87.33,15
2025-11-02T21:15:00Z,DK2,95.89,15
2025-11-02T21:15:00Z,EE,20.78,15
2025-11-02T21:15:00Z,ES,102.88,15
2025-11-02T21:15:00Z,FI,10.43,15
2025-11-02T21:15:00Z,FR,35.53,15
2025-11-02T21:15:00Z,GR,104.52,15
2025-11-02T21:15:00Z,HR,105.24,15
2025-11-02T21:15:00Z,HU,104.18,15
2025-11-02T21:15:00Z,IT-CNorth,105.55,15
2025-11-02T21:15:00Z,IT-CSouth,105.55,15
2025-11-02T21:15:00Z,IT-North,105.55,15
2025-11-02T21:15:00Z,IT-Sardinia,105.55,15
2025-11-02T21:15:00Z,IT-Sicily,105.55,15
2025-11-02T21:15:00Z,IT-South,105.55,15
2025-11-02T21:15:00Z,LT,105.14,15
2025-11-02T21:15:00Z,LV,105.14,15
2025-11-02T21:15:00Z,NL,85.97,15
2025-11-02T21:15:00Z,NO1,61.80,15
2025-11-02T21:15:00Z,NO2,64.17,15
2025-11-02T21:15:00Z,NO3,34.07,15
2025-11-02T21:15:00Z,NO4,8.64,15
2025-11-02T21:15:00Z,NO5,57.51,15
2025-11-02T21:15:00Z,PL,105.14,15
2025-11-02T21:15:00Z,PT,102.88,15
2025-11-02T21:15:00Z,RO,104.52,15
2025-11-02T21:15:00Z,RS,97.13,15
2025-11-02T21:15:00Z,SE1,7.76,15
2025-11-02T21:15:00Z,SE2,4.76,15
2025-11-02T21:15:00Z,SE3,34.50,15
2025-11-02T21:15:00Z,SE4,56.38,15
2025-11-02T21:15:00Z,SI,105.55,15
2025-11-02T21:15:00Z,SK,104.00,15
2025-11-02T21:30:00Z,AT,101.09,15
2025-11-02T21:30:00Z,BE,82.76,15
2025-11-02T21:30:00Z,CZ,98.50,15
2025-11-02T21:30:00Z,DE-LU,95.90,15
2025-11-02T21:30:00Z,DK1,88.51,15
2025-11-02T21:30:00Z,DK2,95.88,15
2025-11-02T21:30:00Z,EE,20.76,15
2025-11-02T21:30:00Z,ES,102.18,15
2025-11-02T21:30:00Z,FI,10.40,15
2025-11-02T21:30:00Z,FR,51.20,15
2025-11-02T21:30:00Z,GR,100.80,15
2025-11-02T21:30:00Z,HR,101.61,15
2025-11-02T21:30:00Z,HU,100.57,15
2025-11-02T21:30:00Z,IT-CNorth,101.96,15
2025-11-02T21:30:00Z,IT-CSouth,101.96,15
2025-11-02T21:30:00Z,IT-North,101.96,15
2025-11-02T21:30:00Z,IT-Sardinia,101.96,15
2025-11-02T21:30:00Z,IT-Sicily,101.96,15
2025-11-02T21:30:00Z,IT-South,101.96,15
2025-11-02T21:30:00Z,LT,99.99,15
2025-11-02T21:30:00Z,LV,99.99,15
2025-11-02T21:30:00Z,NL,88.51,15
2025-11-02T21:30:00Z,NO1,61.69,15
2025-11-02T21:30:00Z,NO2,64.10,15
2025-11-02T21:30:00Z,NO3,33.63,15
2025-11-02T21:30:00Z,NO4,8.56,15
2025-11-02T21:30:00Z,NO5,57.34,15
2025-11-02T21:30:00Z,PL,99.99,15
2025-11-02T21:30:00Z,PT,102.18,15
2025-11-02T21:30:00Z,RO,100.80,15
2025-11-02T21:30:00Z,RS,97.13,15
2025-11-02T21:30:00Z,SE1,7.49,15
2025-11-02T21:30:00Z,SE2,4.17,15
2025-11-02T21:30:00Z,SE3,33.93,15
2025-11-02T21:30:00Z,SE4,54.99,15
2025-11-02T21:30:00Z,SI,101.96,15
2025-11-02T21:30:00Z,SK,100.22,15
2025-11-02T21:45:00Z,AT,90.39,15
2025-11-02T21:45:00Z,BE,73.75,15
2025-11-02T21:45:00Z,CZ,88.91,15
2025-11-02T21:45:00Z,DE-LU,83.36,15
2025-11-02T21:45:00Z,DK1,77.98,15
2025-11-02T21:45:00Z,DK2,83.33,15
2025-11-02T21:45:00Z,EE,11.67,15
2025-11-02T21:45:00Z,ES,100.00,15
2025-11-02T21:45:00Z,FI,11.67,15
2025-11-02T21:45:00Z,FR,49.94,15
2025-11-02T21:45:00Z,GR,92.48,15
2025-11-02T21:45:00Z,HR,92.09,15
2025-11-02T21:45:00Z,HU,92.23,15
2025-11-02T21:45:00Z,IT-CNorth,91.90,15
2025-11-02T21:45:00Z,IT-CSouth,91.90,15
2025-11-02T21:45:00Z,IT-North,91.90,15
2025-11-02T21:45:00Z,IT-Sardinia,91.90,15
2025-11-02T21:45:00Z,IT-Sicily,91.90,15
2025-11-02T21:45:00Z,IT-South,91.90,15
2025-11-02T21:45:00Z,LT,96.59,15
2025-11-02T21:45:00Z,LV,96.59,15
2025-11-02T21:45:00Z,NL,77.98,15
2025-11-02T21:45:00Z,NO1,61.53,15
2025-11-02T21:45:00Z,NO2,63.97,15
2025-11-02T21:45:00Z,NO3,33.27,15
2025-11-02T21:45:00Z,NO4,8.56,15
2025-11-02T21:45:00Z,NO5,57.14,15
2025-11-02T21:45:00Z,PL,96.59,15
2025-11-02T21:45:00Z,PT,100.00,15
2025-11-02T21:45:00Z,RO,92.48,15
2025-11-02T21:45:00Z,RS,97.13,15
2025-11-02T21:45:00Z,SE1,7.68,15
2025-11-02T21:45:00Z,SE2,3.63,15
2025-11-02T21:45:00Z,SE3,32.71,15
2025-11-02T21:45:00Z,SE4,50.45,15
2025-11-02T21:45:00Z,SI,91.90,15
2025-11-02T21:45:00Z,SK,92.76,15
2025-11-02T22:00:00Z,AT,102.92,15
2025-11-02T22:00:00Z,BE,87.33,15
2025-11-02T22:00:00Z,CH,84.92,60
2025-11-02T22:00:00Z,CZ,100.51,15
2025-11-02T22:00:00Z,DE-LU,99.08,15
2025-11-02T22:00:00Z,DK1,92.46,15
2025-11-02T22:00:00Z,DK2,99.04,15
2025-11-02T22:00:00Z,EE,20.75,15
2025-11-02T22:00:00Z,ES,103.23,15
2025-11-02T22:00:00Z,FI,15.44,15
2025-11-02T22:00:00Z,FR,59.44,15
2025-11-02T22:00:00Z,GR,102.13,15
2025-11-02T22:00:00Z,HR,103.08,15
2025-11-02T22:00:00Z,HU,101.92,15
2025-11-02T22:00:00Z,IT-CNorth,103.49,15
2025-11-02T22:00:00Z,IT-CSouth,103.49,15
2025-11-02T22:00:00Z,IT-North,103.49,15
2025-11-02T22:00:00Z,IT-Sardinia,103.49,15
2025-11-02T22:00:00Z,IT-Sicily,103.49,15
2025-11-02T22:00:00Z,IT-South,103.49,15
2025-11-02T22:00:00Z,LT,100.24,15
2025-11-02T22:00:00Z,LV,100.24,15
2025-11-02T22:00:00Z,NL,92.46,15
2025-11-02T22:00:00Z,NO1,60.07,15
2025-11-02T22:00:00Z,NO2,61.92,15
2025-11-02T22:00:00Z,NO3,33.13,15
2025-11-02T22:00:00Z,NO4,7.81,15
2025-11-02T22:00:00Z,NO5,56.54,15
2025-11-02T22:00:00Z,PL,100.24,15
2025-11-02T22:00:00Z,PT,103.23,15
2025-11-02T22:00:00Z,RO,102.13,15
2025-11-02T22:00:00Z,RS,88.12,15
2025-11-02T22:00:00Z,SE1,8.69,15
2025-11-02T22:00:00Z,SE2,3.39,15
2025-11-02T22:00:00Z,SE3,29.69,15
2025-11-02T22:00:00Z,SE4,38.54,15
2025-11-02T22:00:00Z,SI,103.49,15
2025-11-02T22:00:00Z,SK,101.42,15
2025-11-02T22:15:00Z,AT,91.90,15
2025-11-02T22:15:00Z,BE,70.30,15
2025-11-02T22:15:00Z,CZ,88.98,15
2025-11-02T22:15:00Z,DE-LU,85.47,15
2025-11-02T22:15:00Z,DK1,76.94,15
2025-11-02T22:15:00Z,DK2,85.43,15
2025-11-02T22:15:00Z,EE,15.09,15
2025-11-02T22:15:00Z,ES,102.18,15
2025-11-02T22:15:00Z,FI,15.08,15
2025-11-02T22:15:00Z,FR,33.97,15
2025-11-02T22:15:00Z,GR,91.90,15
2025-11-02T22:15:00Z,HR,92.70,15
2025-11-02T22:15:00Z,HU,91.62,15
2025-11-02T22:15:00Z,IT-CNorth,91.90,15
2025-11-02T22:15:00Z,IT-CSouth,91.90,15
2025-11-02T22:15:00Z,IT-North,91.90,15
2025-11-02T22:15:00Z,IT-Sardinia,91.90,15
2025-11-02T22:15:00Z,IT-Sicily,91.90,15
2025-11-02T22:15:00Z,IT-South,91.90,15
2025-11-02T22:15:00Z,LT,91.59,15
2025-11-02T22:15:00Z,LV,91.59,15
2025-11-02T22:15:00Z,NL,76.94,15
2025-11-02T22:15:00Z,NO1,59.88,15
2025-11-02T22:15:00Z,NO2,61.72,15
2025-11-02T22:15:00Z,NO3,32.82,15
2025-11-02T22:15:00Z,NO4,7.53,15
2025-11-02T22:15:00Z,NO5,56.35,15
2025-11-02T22:15:00Z,PL,91.59,15
2025-11-02T22:15:00Z,PT,102.18,15
2025-11-02T22:15:00Z,RO,91.90,15
2025-11-02T22:15:00Z,RS,88.12,15
2025-11-02T22:15:00Z,SE1,8.34,15
2025-11-02T22:15:00Z,SE2,2.99,15
2025-11-02T22:15:00Z,SE3,29.39,15
2025-11-02T22:15:00Z,SE4,38.27,15
2025-11-02T22:15:00Z,SI,93.03,15
2025-11-02T22:15:00Z,SK,91.32,15
2025-11-02T22:30:00Z,AT,85.62,15
2025-11-02T22:30:00Z,BE,75.08,15
2025-11-02T22:30:00Z,CZ,83.99,15
2025-11-02T22:30:00Z,DE-LU,83.02,15
2025-11-02T22:30:00Z,DK1,78.55,15
2025-11-02T22:30:00Z,DK2,82.98,15
2025-11-02T22:30:00Z,EE,14.69,15
2025-11-02T22:30:00Z,ES,96.00,15
2025-11-02T22:30:00Z,FI,14.68,15
2025-11-02T22:30:00Z,FR,56.23,15
2025-11-02T22:30:00Z,GR,85.08,15
2025-11-02T22:30:00Z,HR,85.72,15
2025-11-02T22:30:00Z,HU,84.94,15
2025-11-02T22:30:00Z,IT-CNorth,86.00,15
2025-11-02T22:30:00Z,IT-CSouth,86.00,15
2025-11-02T22:30:00Z,IT-North,86.00,15
2025-11-02T22:30:00Z,IT-Sardinia,86.00,15
2025-11-02T22:30:00Z,IT-Sicily,86.00,15
2025-11-02T22:30:00Z,IT-South,86.00,15
2025-11-02T22:30:00Z,LT,83.80,15
2025-11-02T22:30:00Z,LV,83.80,15
2025-11-02T22:30:00Z,NL,78.55,15
2025-11-02T22:30:00Z,NO1,59.78,15
2025-11-02T22:30:00Z,NO2,61.55,15
2025-11-02T22:30:00Z,NO3,32.55,15
2025-11-02T22:30:00Z,NO4,7.15,15
2025-11-02T22:30:00Z,NO5,56.34,15
2025-11-02T22:30:00Z,PL,83.80,15
2025-11-02T22:30:00Z,PT,96.00,15
2025-11-02T22:30:00Z,RO,85.08,15
2025-11-02T22:30:00Z,RS,88.12,15
2025-11-02T22:30:00Z,SE1,7.91,15
2025-11-02T22:30:00Z,SE2,2.51,15
2025-11-02T22:30:00Z,SE3,29.08,15
2025-11-02T22:30:00Z,SE4,38.02,15
2025-11-02T22:30:00Z,SI,86.00,15
2025-11-02T22:30:00Z,SK,84.60,15
2025-11-02T22:45:00Z,AT,77.07,15
2025-11-02T22:45:00Z,BE,58.95,15
2025-11-02T22:45:00Z,CZ,74.26,15
2025-11-02T22:45:00Z,DE-LU,72.60,15
2025-11-02T22:45:00Z,DK1,64.91,15
2025-11-02T22:45:00Z,DK2,72.56,15
2025-11-02T22:45:00Z,EE,14.49,15
2025-11-02T22:45:00Z,ES,89.11,15
2025-11-02T22:45:00Z,FI,14.48,15
2025-11-02T22:45:00Z,FR,26.54,15
2025-11-02T22:45:00Z,GR,77.25,15
2025-11-02T22:45:00Z,HR,77.25,15
2025-11-02T22:45:00Z,HU,75.90,15
2025-11-02T22:45:00Z,IT-CNorth,77.73,15
2025-11-02T22:45:00Z,IT-CSouth,77.73,15
2025-11-02T22:45:00Z,IT-North,77.73,15
2025-11-02T22:45:00Z,IT-Sardinia,77.73,15
2025-11-02T22:45:00Z,IT-Sicily,77.73,15
2025-11-02T22:45:00Z,IT-South,77.73,15
2025-11-02T22:45:00Z,LT,73.94,15
2025-11-02T22:45:00Z,LV,73.94,15
2025-11-02T22:45:00Z,NL,64.91,15
2025-11-02T22:45:00Z,NO1,59.63,15
2025-11-02T22:45:00Z,NO2,61.39,15
2025-11-02T22:45:00Z,NO3,32.41,15
2025-11-02T22:45:00Z,NO4,6.82,15
2025-11-02T22:45:00Z,NO5,56.23,15
2025-11-02T22:45:00Z,PL,86.90,15
2025-11-02T22:45:00Z,PT,89.11,15
2025-11-02T22:45:00Z,RO,76.14,15
2025-11-02T22:45:00Z,RS,88.12,15
2025-11-02T22:45:00Z,SE1,7.67,15
2025-11-02T22:45:00Z,SE2,2.30,15
2025-11-02T22:45:00Z,SE3,28.89,15
2025-11-02T22:45:00Z,SE4,37.84,15
2025-11-02T22:45:00Z,SI,77.73,15
2025-11-02T22:45:00Z,SK,75.32,15
2025-11-02T23:00:00Z,AT,85.08,15
2025-11-02T23:00:00Z,BE,75.54,15
2025-11-02T23:00:00Z,CH,81.52,60
2025-11-02T23:00:00Z,CZ,86.98,15
2025-11-02T23:00:00Z,DE-LU,85.52,15
2025-11-02T23:00:00Z,DK1,84.19,15
2025-11-02T23:00:00Z,DK2,85.33,15
2025-11-02T23:00:00Z,EE,13.08,15
2025-11-02T23:00:00Z,ES,92.10,15
2025-11-02T23:00:00Z,FI,13.07,15
2025-11-02T23:00:00Z,FR,69.32,15
2025-11-02T23:00:00Z,GR,86.89,15
2025-11-02T23:00:00Z,HR,85.75,15
2025-11-02T23:00:00Z,HU,87.00,15
2025-11-02T23:00:00Z,IT-CNorth,93.02,15
2025-11-02T23:00:00Z,IT-CSouth,93.02,15
2025-11-02T23:00:00Z,IT-North,93.02,15
2025-11-02T23:00:00Z,IT-Sardinia,93.02,15
2025-11-02T23:00:00Z,IT-Sicily,93.02,15
2025-11-02T23:00:00Z,IT-South,93.02,15
2025-11-02T23:00:00Z,LT,250.06,15
2025-11-02T23:00:00Z,LV,250.06,15
2025-11-02T23:00:00Z,NL,83.49,15
2025-11-02T23:00:00Z,NO1,58.50,15
2025-11-02T23:00:00Z,NO2,64.15,15
2025-11-02T23:00:00Z,NO3,28.39,15
2025-11-02T23:00:00Z,NO4,9.04,15
2025-11-02T23:00:00Z,NO5,52.79,15
2025-11-02T23:00:00Z,PL,90.54,15
2025-11-02T23:00:00Z,PT,92.10,15
2025-11-02T23:00:00Z,RO,86.89,15
2025-11-02T23:00:00Z,RS,83.24,15
2025-11-02T23:00:00Z,SE1,9.29,15
2025-11-02T23:00:00Z,SE2,2.50,15
2025-11-02T23:00:00Z,SE3,28.02,15
2025-11-02T23:00:00Z,SE4,35.65,15
2025-11-02T23:00:00Z,SI,85.31,15
2025-11-02T23:00:00Z,SK,87.72,15
2025-11-02T23:15:00Z,AT,85.62,15
2025-11-02T23:15:00Z,BE,78.35,15
2025-11-02T23:15:00Z,CZ,87.42,15
2025-11-02T23:15:00Z,DE-LU,82.41,15
2025-11-02T23:15:00Z,DK1,82.00,15
2025-11-02T23:15:00Z,DK2,82.31,15
2025-11-02T23:15:00Z,EE,7.49,15
2025-11-02T23:15:00Z,ES,90.10,15
2025-11-02T23:15:00Z,FI,7.49,15
2025-11-02T23:15:00Z,FR,75.80,15
2025-11-02T23:15:00Z,GR,89.55,15
2025-11-02T23:15:00Z,HR,87.81,15
2025-11-02T23:15:00Z,HU,89.57,15
2025-11-02T23:15:00Z,IT-CNorth,93.02,15
2025-11-02T23:15:00Z,IT-CSouth,93.02,15
2025-11-02T23:15:00Z,IT-North,93.02,15
2025-11-02T23:15:00Z,IT-Sardinia,93.02,15
2025-11-02T23:15:00Z,IT-Sicily,93.02,15
2025-11-02T23:15:00Z,IT-South,93.02,15
2025-11-02T23:15:00Z,LT,218.74,15
2025-11-02T23:15:00Z,LV,218.74,15
2025-11-02T23:15:00Z,NL,81.78,15
2025-11-02T23:15:00Z,NO1,58.52,15
2025-11-02T23:15:00Z,NO2,64.15,15
2025-11-02T23:15:00Z,NO3,29.16,15
2025-11-02T23:15:00Z,NO4,10.07,15
2025-11-02T23:15:00Z,NO5,52.89,15
2025-11-02T23:15:00Z,PL,97.25,15
2025-11-02T23:15:00Z,PT,90.10,15
2025-11-02T23:15:00Z,RO,89.55,15
2025-11-02T23:15:00Z,RS,83.24,15
2025-11-02T23:15:00Z,SE1,7.48,15
2025-11-02T23:15:00Z,SE2,3.20,15
2025-11-02T23:15:00Z,SE3,33.24,15
2025-11-02T23:15:00Z,SE4,54.89,15
2025-11-02T23:15:00Z,SI,87.08,15
2025-11-02T23:15:00Z,SK,90.84,15
2025-11-02T23:30:00Z,AT,83.34,15
2025-11-02T23:30:00Z,BE,51.79,15
2025-11-02T23:30:00Z,CZ,89.43,15
2025-11-02T23:30:00Z,DE-LU,86.91,15
2025-11-02T23:30:00Z,DK1,82.13,15
2025-11-02T23:30:00Z,DK2,86.78,15
2025-11-02T23:30:00Z,EE,7.68,15
2025-11-02T23:30:00Z,ES,87.50,15
2025-11-02T23:30:00Z,FI,7.68,15
2025-11-02T23:30:00Z,FR,29.89,15
2025-11-02T23:30:00Z,GR,87.81,15
2025-11-02T23:30:00Z,HR,84.58,15
2025-11-02T23:30:00Z,HU,88.22,15
2025-11-02T23:30:00Z,IT-CNorth,90.20,15
2025-11-02T23:30:00Z,IT-CSouth,90.20,15
2025-11-02T23:30:00Z,IT-North,90.20,15
2025-11-02T23:30:00Z,IT-Sardinia,90.20,15
2025-11-02T23:30:00Z,IT-Sicily,90.20,15
2025-11-02T23:30:00Z,IT-South,90.20,15
2025-11-02T23:30:00Z,LT,131.92,15
2025-11-02T23:30:00Z,LV,131.92,15
2025-11-02T23:30:00Z,NL,79.63,15
2025-11-02T23:30:00Z,NO1,58.34,15
2025-11-02T23:30:00Z,NO2,64.13,15
2025-11-02T23:30:00Z,NO3,28.71,15
2025-11-02T23:30:00Z,NO4,9.03,15
2025-11-02T23:30:00Z,NO5,52.63,15
2025-11-02T23:30:00Z,PL,98.92,15
2025-11-02T23:30:00Z,PT,87.50,15
2025-11-02T23:30:00Z,RO,87.81,15
2025-11-02T23:30:00Z,RS,83.24,15
2025-11-02T23:30:00Z,SE1,7.70,15
2025-11-02T23:30:00Z,SE2,2.99,15
2025-11-02T23:30:00Z,SE3,32.78,15
2025-11-02T23:30:00Z,SE4,53.69,15
2025-11-02T23:30:00Z,SI,83.33,15
2025-11-02T23:30:00Z,SK,90.17,15
2025-11-02T23:45:00Z,AT,74.33,15
2025-11-02T23:45:00Z,BE,38.87,15
2025-11-02T23:45:00Z,CZ,81.52,15
2025-11-02T23:45:00Z,DE-LU,74.92,15
2025-11-02T23:45:00Z,DK1,70.13,15
2025-11-02T23:45:00Z,DK2,74.83,15
2025-11-02T23:45:00Z,EE,96.89,15
2025-11-02T23:45:00Z,ES,86.14,15
2025-11-02T23:45:00Z,FI,8.08,15
2025-11-02T23:45:00Z,FR,16.37,15
2025-11-02T23:45:00Z,GR,81.83,15
2025-11-02T23:45:00Z,HR,77.35,15
2025-11-02T23:45:00Z,HU,82.23,15
2025-11-02T23:45:00Z,IT-CNorth,83.08,15
2025-11-02T23:45:00Z,IT-CSouth,83.08,15
2025-11-02T23:45:00Z,IT-North,83.08,15
2025-11-02T23:45:00Z,IT-Sardinia,83.08,15
2025-11-02T23:45:00Z,IT-Sicily,83.08,15
2025-11-02T23:45:00Z,IT-South,83.08,15
2025-11-02T23:45:00Z,LT,96.89,15
2025-11-02T23:45:00Z,LV,96.89,15
2025-11-02T23:45:00Z,NL,67.63,15
2025-11-02T23:45:00Z,NO1,58.16,15
2025-11-02T23:45:00Z,NO2,64.12,15
2025-11-02T23:45:00Z,NO3,28.36,15
2025-11-02T23:45:00Z,NO4,7.77,15
2025-11-02T23:45:00Z,NO5,52.39,15
2025-11-02T23:45:00Z,PL,99.99,15
2025-11-02T23:45:00Z,PT,86.14,15
2025-11-02T23:45:00Z,RO,81.83,15
2025-11-02T23:45:00Z,RS,83.24,15
2025-11-02T23:45:00Z,SE1,8.11,15
2025-11-02T23:45:00Z,SE2,2.99,15
2025-11-02T23:45:00Z,SE3,32.39,15
2025-11-02T23:45:00Z,SE4,52.02,15
2025-11-02T23:45:00Z,SI,75.56,15
2025-11-02T23:45:00Z,SK,85.11,15
