timestamp_utc,zone,price_eur_mwh,resolution_min
2025-11-20T00:00:00Z,AT,90.29,15
2025-11-20T00:00:00Z,BE,86.81,15
2025-11-20T00:00:00Z,CH,105.10,60
2025-11-20T00:00:00Z,CZ,89.84,15
2025-11-20T00:00:00Z,DE-LU,89.49,15
2025-11-20T00:00:00Z,DK1,89.49,15
2025-11-20T00:00:00Z,DK2,89.49,15
2025-11-20T00:00:00Z,EE,89.49,15
2025-11-20T00:00:00Z,ES,78.36,15
2025-11-20T00:00:00Z,FI,89.49,15
2025-11-20T00:00:00Z,FR,78.36,15
2025-11-20T00:00:00Z,GR,84.55,15
2025-11-20T00:00:00Z,HR,90.33,15
2025-11-20T00:00:00Z,HU,90.11,15
2025-11-20T00:00:00Z,IT-CNorth,102.51,15
2025-11-20T00:00:00Z,IT-CSouth,102.51,15
2025-11-20T00:00:00Z,IT-North,102.51,15
2025-11-20T00:00:00Z,IT-Sardinia,102.51,15
2025-11-20T00:00:00Z,IT-Sicily,102.51,15
2025-11-20T00:00:00Z,IT-South,102.51,15
2025-11-20T00:00:00Z,LT,89.49,15
2025-11-20T00:00:00Z,LV,89.49,15
2025-11-20T00:00:00Z,NL,87.82,15
2025-11-20T00:00:00Z,NO1,86.90,15
2025-11-20T00:00:00Z,NO2,86.90,15
2025-11-20T00:00:00Z,NO3,89.29,15
2025-11-20T00:00:00Z,NO4,89.49,15
2025-11-20T00:00:00Z,NO5,86.90,15
2025-11-20T00:00:00Z,PL,107.37,15
2025-11-20T00:00:00Z,PT,78.36,15
2025-11-20T00:00:00Z,RO,90.14,15
2025-11-20T00:00:00Z,RS,86.70,15
2025-11-20T00:00:00Z,SE1,89.49,15
2025-11-20T00:00:00Z,SE2,89.49,15
2025-11-20T00:00:00Z,SE3,89.49,15
2025-11-20T00:00:00Z,SE4,89.49,15
2025-11-20T00:00:00Z,SI,90.41,15
2025-11-20T00:00:00Z,SK,90.02,15
2025-11-20T00:15:00Z,AT,89.12,15
2025-11-20T00:15:00Z,BE,85.47,15
2025-11-20T00:15:00Z,CZ,88.65,15
2025-11-20T00:15:00Z,DE-LU,88.28,15
2025-11-20T00:15:00Z,DK1,88.28,15
2025-11-20T00:15:00Z,DK2,88.28,15
2025-11-20T00:15:00Z,EE,88.28,15
2025-11-20T00:15:00Z,ES,76.59,15
2025-11-20T00:15:00Z,FI,88.28,15
2025-11-20T00:15:00Z,FR,76.59,15
2025-11-20T00:15:00Z,GR,84.01,15
2025-11-20T00:15:00Z,HR,89.17,15
2025-11-20T00:15:00Z,HU,88.93,15
2025-11-20T00:15:00Z,IT-CNorth,107.63,15
2025-11-20T00:15:00Z,IT-CSouth,107.63,15
2025-11-20T00:15:00Z,IT-North,107.63,15
2025-11-20T00:15:00Z,IT-Sardinia,107.63,15
2025-11-20T00:15:00Z,IT-Sicily,107.63,15
2025-11-20T00:15:00Z,IT-South,107.63,15
2025-11-20T00:15:00Z,LT,88.28,15
2025-11-20T00:15:00Z,LV,88.28,15
2025-11-20T00:15:00Z,NL,86.53,15
2025-11-20T00:15:00Z,NO1,85.72,15
2025-11-20T00:15:00Z,NO2,85.72,15
2025-11-20T00:15:00Z,NO3,88.08,15
2025-11-20T00:15:00Z,NO4,88.28,15
2025-11-20T00:15:00Z,NO5,85.72,15
2025-11-20T00:15:00Z,PL,107.14,15
2025-11-20T00:15:00Z,PT,76.59,15
2025-11-20T00:15:00Z,RO,88.97,15
2025-11-20T00:15:00Z,RS,86.70,15
2025-11-20T00:15:00Z,SE1,88.28,15
2025-11-20T00:15:00Z,SE2,88.28,15
2025-11-20T00:15:00Z,SE3,88.28,15
2025-11-20T00:15:00Z,SE4,88.28,15
2025-11-20T00:15:00Z,SI,89.25,15
2025-11-20T00:15:00Z,SK,88.83,15
2025-11-20T00:30:00Z,AT,88.51,15
2025-11-20T00:30:00Z,BE,84.57,15
2025-11-20T00:30:00Z,CZ,88.00,15
2025-11-20T00:30:00Z,DE-LU,87.61,15
2025-11-20T00:30:00Z,DK1,87.61,15
2025-11-20T00:30:00Z,DK2,87.61,15
2025-11-20T00:30:00Z,EE,86.34,15
2025-11-20T00:30:00Z,ES,75.01,15
2025-11-20T00:30:00Z,FI,86.34,15
2025-11-20T00:30:00Z,FR,75.01,15
2025-11-20T00:30:00Z,GR,83.78,15
2025-11-20T00:30:00Z,HR,88.56,15
2025-11-20T00:30:00Z,HU,88.30,15
2025-11-20T00:30:00Z,IT-CNorth,106.14,15
2025-11-20T00:30:00Z,IT-CSouth,106.14,15
2025-11-20T00:30:00Z,IT-North,106.14,15
2025-11-20T00:30:00Z,IT-Sardinia,106.14,15
2025-11-20T00:30:00Z,IT-Sicily,106.14,15
2025-11-20T00:30:00Z,IT-South,106.14,15
2025-11-20T00:30:00Z,LT,86.34,15
2025-11-20T00:30:00Z,LV,86.34,15
2025-11-20T00:30:00Z,NL,85.72,15
2025-11-20T00:30:00Z,NO1,85.07,15
2025-11-20T00:30:00Z,NO2,85.07,15
2025-11-20T00:30:00Z,NO3,86.24,15
2025-11-20T00:30:00Z,NO4,86.34,15
2025-11-20T00:30:00Z,NO5,85.07,15
2025-11-20T00:30:00Z,PL,107.05,15
2025-11-20T00:30:00Z,PT,75.01,15
2025-11-20T00:30:00Z,RO,88.34,15
2025-11-20T00:30:00Z,RS,86.70,15
2025-11-20T00:30:00Z,SE1,86.34,15
2025-11-20T00:30:00Z,SE2,86.34,15
2025-11-20T00:30:00Z,SE3,86.34,15
2025-11-20T00:30:00Z,SE4,86.34,15
2025-11-20T00:30:00Z,SI,88.64,15
2025-11-20T00:30:00Z,SK,88.20,15
2025-11-20T00:45:00Z,AT,87.98,15
2025-11-20T00:45:00Z,BE,83.63,15
2025-11-20T00:45:00Z,CZ,87.42,15
2025-11-20T00:45:00Z,DE-LU,86.99,15
2025-11-20T00:45:00Z,DK1,86.99,15
2025-11-20T00:45:00Z,DK2,86.99,15
2025-11-20T00:45:00Z,EE,84.90,15
2025-11-20T00:45:00Z,ES,73.02,15
2025-11-20T00:45:00Z,FI,84.90,15
2025-11-20T00:45:00Z,FR,73.02,15
2025-11-20T00:45:00Z,GR,83.50,15
2025-11-20T00:45:00Z,HR,88.04,15
2025-11-20T00:45:00Z,HU,87.76,15
2025-11-20T00:45:00Z,IT-CNorth,105.80,15
2025-11-20T00:45:00Z,IT-CSouth,105.80,15
2025-11-20T00:45:00Z,IT-North,105.80,15
2025-11-20T00:45:00Z,IT-Sardinia,105.80,15
2025-11-20T00:45:00Z,IT-Sicily,105.80,15
2025-11-20T00:45:00Z,IT-South,105.80,15
2025-11-20T00:45:00Z,LT,84.90,15
2025-11-20T00:45:00Z,LV,84.90,15
2025-11-20T00:45:00Z,NL,84.89,15
2025-11-20T00:45:00Z,NO1,84.64,15
2025-11-20T00:45:00Z,NO2,84.64,15
2025-11-20T00:45:00Z,NO3,84.88,15
2025-11-20T00:45:00Z,NO4,84.90,15
2025-11-20T00:45:00Z,NO5,84.64,15
2025-11-20T00:45:00Z,PL,107.05,15
2025-11-20T00:45:00Z,PT,73.02,15
2025-11-20T00:45:00Z,RO,87.80,15
2025-11-20T00:45:00Z,RS,86.70,15
2025-11-20T00:45:00Z,SE1,84.90,15
2025-11-20T00:45:00Z,SE2,84.90,15
2025-11-20T00:45:00Z,SE3,84.90,15
2025-11-20T00:45:00Z,SE4,84.90,15
2025-11-20T00:45:00Z,SI,88.14,15
2025-11-20T00:45:00Z,SK,87.64,15
2025-11-20T01:00:00Z,AT,88.95,15
2025-11-20T01:00:00Z,BE,85.28,15
2025-11-20T01:00:00Z,CH,104.42,60
2025-11-20T01:00:00Z,CZ,88.48,15
2025-11-20T01:00:00Z,DE-LU,88.11,15
2025-11-20T01:00:00Z,DK1,88.11,15
2025-11-20T01:00:00Z,DK2,88.11,15
2025-11-20T01:00:00Z,EE,85.99,15
2025-11-20T01:00:00Z,ES,76.02,15
2025-11-20T01:00:00Z,FI,85.99,15
2025-11-20T01:00:00Z,FR,76.02,15
2025-11-20T01:00:00Z,GR,83.51,15
2025-11-20T01:00:00Z,HR,89.01,15
2025-11-20T01:00:00Z,HU,88.78,15
2025-11-20T01:00:00Z,IT-CNorth,105.68,15
2025-11-20T01:00:00Z,IT-CSouth,105.68,15
2025-11-20T01:00:00Z,IT-North,105.68,15
2025-11-20T01:00:00Z,IT-Sardinia,105.68,15
2025-11-20T01:00:00Z,IT-Sicily,105.68,15
2025-11-20T01:00:00Z,IT-South,105.68,15
2025-11-20T01:00:00Z,LT,85.99,15
2025-11-20T01:00:00Z,LV,85.99,15
2025-11-20T01:00:00Z,NL,86.41,15
2025-11-20T01:00:00Z,NO1,85.38,15
2025-11-20T01:00:00Z,NO2,85.38,15
2025-11-20T01:00:00Z,NO3,85.95,15
2025-11-20T01:00:00Z,NO4,85.99,15
2025-11-20T01:00:00Z,NO5,85.38,15
2025-11-20T01:00:00Z,PL,103.10,15
2025-11-20T01:00:00Z,PT,76.02,15
2025-11-20T01:00:00Z,RO,88.82,15
2025-11-20T01:00:00Z,RS,85.60,15
2025-11-20T01:00:00Z,SE1,85.99,15
2025-11-20T01:00:00Z,SE2,85.99,15
2025-11-20T01:00:00Z,SE3,85.99,15
2025-11-20T01:00:00Z,SE4,85.99,15
2025-11-20T01:00:00Z,SI,89.09,15
2025-11-20T01:00:00Z,SK,88.66,15
2025-11-20T01:15:00Z,AT,88.06,15
2025-11-20T01:15:00Z,BE,84.35,15
2025-11-20T01:15:00Z,CZ,87.58,15
2025-11-20T01:15:00Z,DE-LU,87.20,15
2025-11-20T01:15:00Z,DK1,87.20,15
2025-11-20T01:15:00Z,DK2,87.20,15
2025-11-20T01:15:00Z,EE,85.02,15
2025-11-20T01:15:00Z,ES,75.00,15
2025-11-20T01:15:00Z,FI,85.02,15
2025-11-20T01:15:00Z,FR,75.00,15
2025-11-20T01:15:00Z,GR,83.03,15
2025-11-20T01:15:00Z,HR,88.11,15
2025-11-20T01:15:00Z,HU,87.89,15
2025-11-20T01:15:00Z,IT-CNorth,105.80,15
2025-11-20T01:15:00Z,IT-CSouth,105.80,15
2025-11-20T01:15:00Z,IT-North,105.80,15
2025-11-20T01:15:00Z,IT-Sardinia,105.80,15
2025-11-20T01:15:00Z,IT-Sicily,105.80,15
2025-11-20T01:15:00Z,IT-South,105.80,15
2025-11-20T01:15:00Z,LT,85.02,15
2025-11-20T01:15:00Z,LV,85.02,15
2025-11-20T01:15:00Z,NL,85.49,15
2025-11-20T01:15:00Z,NO1,84.68,15
2025-11-20T01:15:00Z,NO2,84.68,15
2025-11-20T01:15:00Z,NO3,85.00,15
2025-11-20T01:15:00Z,NO4,85.02,15
2025-11-20T01:15:00Z,NO5,84.68,15
2025-11-20T01:15:00Z,PL,102.81,15
2025-11-20T01:15:00Z,PT,75.00,15
2025-11-20T01:15:00Z,RO,87.92,15
2025-11-20T01:15:00Z,RS,85.60,15
2025-11-20T01:15:00Z,SE1,85.02,15
2025-11-20T01:15:00Z,SE2,85.02,15
2025-11-20T01:15:00Z,SE3,85.02,15
2025-11-20T01:15:00Z,SE4,85.02,15
2025-11-20T01:15:00Z,SI,88.19,15
2025-11-20T01:15:00Z,SK,87.76,15
2025-11-20T01:30:00Z,AT,87.44,15
2025-11-20T01:30:00Z,BE,83.45,15
2025-11-20T01:30:00Z,CZ,86.92,15
2025-11-20T01:30:00Z,DE-LU,86.52,15
2025-11-20T01:30:00Z,DK1,86.52,15
2025-11-20T01:30:00Z,DK2,86.52,15
2025-11-20T01:30:00Z,EE,84.36,15
2025-11-20T01:30:00Z,ES,73.36,15
2025-11-20T01:30:00Z,FI,84.36,15
2025-11-20T01:30:00Z,FR,73.36,15
2025-11-20T01:30:00Z,GR,82.87,15
2025-11-20T01:30:00Z,HR,87.50,15
2025-11-20T01:30:00Z,HU,87.26,15
2025-11-20T01:30:00Z,IT-CNorth,105.68,15
2025-11-20T01:30:00Z,IT-CSouth,105.68,15
2025-11-20T01:30:00Z,IT-North,105.68,15
2025-11-20T01:30:00Z,IT-Sardinia,105.68,15
2025-11-20T01:30:00Z,IT-Sicily,105.68,15
2025-11-20T01:30:00Z,IT-South,105.68,15
2025-11-20T01:30:00Z,LT,84.36,15
2025-11-20T01:30:00Z,LV,84.36,15
2025-11-20T01:30:00Z,NL,84.67,15
2025-11-20T01:30:00Z,NO1,84.01,15
2025-11-20T01:30:00Z,NO2,84.01,15
2025-11-20T01:30:00Z,NO3,84.33,15
2025-11-20T01:30:00Z,NO4,84.36,15
2025-11-20T01:30:00Z,NO5,84.01,15
2025-11-20T01:30:00Z,PL,102.63,15
2025-11-20T01:30:00Z,PT,73.36,15
2025-11-20T01:30:00Z,RO,87.29,15
2025-11-20T01:30:00Z,RS,85.60,15
2025-11-20T01:30:00Z,SE1,84.36,15
2025-11-20T01:30:00Z,SE2,84.36,15
2025-11-20T01:30:00Z,SE3,84.36,15
2025-11-20T01:30:00Z,SE4,84.36,15
2025-11-20T01:30:00Z,SI,87.59,15
2025-11-20T01:30:00Z,SK,87.12,15
2025-11-20T01:45:00Z,AT,87.28,15
2025-11-20T01:45:00Z,BE,83.04,15
2025-11-20T01:45:00Z,CZ,86.73,15
2025-11-20T01:45:00Z,DE-LU,86.30,15
2025-11-20T01:45:00Z,DK1,86.30,15
2025-11-20T01:45:00Z,DK2,86.30,15
2025-11-20T01:45:00Z,EE,84.14,15
2025-11-20T01:45:00Z,ES,72.35,15
2025-11-20T01:45:00Z,FI,84.14,15
2025-11-20T01:45:00Z,FR,72.35,15
2025-11-20T01:45:00Z,GR,83.02,15
2025-11-20T01:45:00Z,HR,87.34,15
2025-11-20T01:45:00Z,HU,87.08,15
2025-11-20T01:45:00Z,IT-CNorth,105.68,15
2025-11-20T01:45:00Z,IT-CSouth,105.68,15
2025-11-20T01:45:00Z,IT-North,105.68,15
2025-11-20T01:45:00Z,IT-Sardinia,105.68,15
2025-11-20T01:45:00Z,IT-Sicily,105.68,15
2025-11-20T01:45:00Z,IT-South,105.68,15
2025-11-20T01:45:00Z,LT,84.14,15
2025-11-20T01:45:00Z,LV,84.14,15
2025-11-20T01:45:00Z,NL,84.34,15
2025-11-20T01:45:00Z,NO1,83.80,15
2025-11-20T01:45:00Z,NO2,83.80,15
2025-11-20T01:45:00Z,NO3,84.12,15
2025-11-20T01:45:00Z,NO4,84.14,15
2025-11-20T01:45:00Z,NO5,83.80,15
2025-11-20T01:45:00Z,PL,97.98,15
2025-11-20T01:45:00Z,PT,72.35,15
2025-11-20T01:45:00Z,RO,87.12,15
2025-11-20T01:45:00Z,RS,85.60,15
2025-11-20T01:45:00Z,SE1,84.14,15
2025-11-20T01:45:00Z,SE2,84.14,15
2025-11-20T01:45:00Z,SE3,84.14,15
2025-11-20T01:45:00Z,SE4,84.14,15
2025-11-20T01:45:00Z,SI,87.43,15
2025-11-20T01:45:00Z,SK,86.94,15
2025-11-20T02:00:00Z,AT,87.20,15
2025-11-20T02:00:00Z,BE,83.24,15
2025-11-20T02:00:00Z,CH,103.91,60
2025-11-20T02:00:00Z,CZ,86.69,15
2025-11-20T02:00:00Z,DE-LU,86.30,15
2025-11-20T02:00:00Z,DK1,86.30,15
2025-11-20T02:00:00Z,DK2,86.30,15
2025-11-20T02:00:00Z,EE,84.14,15
2025-11-20T02:00:00Z,ES,73.36,15
2025-11-20T02:00:00Z,FI,84.14,15
2025-11-20T02:00:00Z,FR,73.36,15
2025-11-20T02:00:00Z,GR,83.24,15
2025-11-20T02:00:00Z,HR,87.25,15
2025-11-20T02:00:00Z,HU,87.00,15
2025-11-20T02:00:00Z,IT-CNorth,105.81,15
2025-11-20T02:00:00Z,IT-CSouth,105.81,15
2025-11-20T02:00:00Z,IT-North,105.81,15
2025-11-20T02:00:00Z,IT-Sardinia,105.81,15
2025-11-20T02:00:00Z,IT-Sicily,105.81,15
2025-11-20T02:00:00Z,IT-South,105.81,15
2025-11-20T02:00:00Z,LT,84.14,15
2025-11-20T02:00:00Z,LV,84.14,15
2025-11-20T02:00:00Z,NL,84.51,15
2025-11-20T02:00:00Z,NO1,83.79,15
2025-11-20T02:00:00Z,NO2,83.79,15
2025-11-20T02:00:00Z,NO3,84.11,15
2025-11-20T02:00:00Z,NO4,84.14,15
2025-11-20T02:00:00Z,NO5,83.79,15
2025-11-20T02:00:00Z,PL,102.82,15
2025-11-20T02:00:00Z,PT,73.36,15
2025-11-20T02:00:00Z,RO,87.04,15
2025-11-20T02:00:00Z,RS,86.52,15
2025-11-20T02:00:00Z,SE1,84.14,15
2025-11-20T02:00:00Z,SE2,84.14,15
2025-11-20T02:00:00Z,SE3,84.14,15
2025-11-20T02:00:00Z,SE4,84.14,15
2025-11-20T02:00:00Z,SI,87.34,15
2025-11-20T02:00:00Z,SK,86.89,15
2025-11-20T02:15:00Z,AT,88.11,15
2025-11-20T02:15:00Z,BE,83.85,15
2025-11-20T02:15:00Z,CZ,87.56,15
2025-11-20T02:15:00Z,DE-LU,87.14,15
2025-11-20T02:15:00Z,DK1,87.14,15
2025-11-20T02:15:00Z,DK2,87.14,15
2025-11-20T02:15:00Z,EE,84.96,15
2025-11-20T02:15:00Z,ES,73.25,15
2025-11-20T02:15:00Z,FI,84.96,15
2025-11-20T02:15:00Z,FR,73.25,15
2025-11-20T02:15:00Z,GR,83.33,15
2025-11-20T02:15:00Z,HR,88.16,15
2025-11-20T02:15:00Z,HU,87.89,15
2025-11-20T02:15:00Z,IT-CNorth,105.68,15
2025-11-20T02:15:00Z,IT-CSouth,105.68,15
2025-11-20T02:15:00Z,IT-North,105.68,15
2025-11-20T02:15:00Z,IT-Sardinia,105.68,15
2025-11-20T02:15:00Z,IT-Sicily,105.68,15
2025-11-20T02:15:00Z,IT-South,105.68,15
2025-11-20T02:15:00Z,LT,84.96,15
2025-11-20T02:15:00Z,LV,84.96,15
2025-11-20T02:15:00Z,NL,85.21,15
2025-11-20T02:15:00Z,NO1,84.61,15
2025-11-20T02:15:00Z,NO2,84.61,15
2025-11-20T02:15:00Z,NO3,84.93,15
2025-11-20T02:15:00Z,NO4,84.96,15
2025-11-20T02:15:00Z,NO5,84.61,15
2025-11-20T02:15:00Z,PL,102.82,15
2025-11-20T02:15:00Z,PT,73.25,15
2025-11-20T02:15:00Z,RO,87.93,15
2025-11-20T02:15:00Z,RS,86.52,15
2025-11-20T02:15:00Z,SE1,84.96,15
2025-11-20T02:15:00Z,SE2,84.96,15
2025-11-20T02:15:00Z,SE3,84.96,15
2025-11-20T02:15:00Z,SE4,84.96,15
2025-11-20T02:15:00Z,SI,88.26,15
2025-11-20T02:15:00Z,SK,87.78,15
2025-11-20T02:30:00Z,AT,87.94,15
2025-11-20T02:30:00Z,BE,83.31,15
2025-11-20T02:30:00Z,CZ,87.35,15
2025-11-20T02:30:00Z,DE-LU,86.88,15
2025-11-20T02:30:00Z,DK1,86.88,15
2025-11-20T02:30:00Z,DK2,86.88,15
2025-11-20T02:30:00Z,EE,84.71,15
2025-11-20T02:30:00Z,ES,71.76,15
2025-11-20T02:30:00Z,FI,84.71,15
2025-11-20T02:30:00Z,FR,71.76,15
2025-11-20T02:30:00Z,GR,83.54,15
2025-11-20T02:30:00Z,HR,88.00,15
2025-11-20T02:30:00Z,HU,87.70,15
2025-11-20T02:30:00Z,IT-CNorth,105.68,15
2025-11-20T02:30:00Z,IT-CSouth,105.68,15
2025-11-20T02:30:00Z,IT-North,105.68,15
2025-11-20T02:30:00Z,IT-Sardinia,105.68,15
2025-11-20T02:30:00Z,IT-Sicily,105.68,15
2025-11-20T02:30:00Z,IT-South,105.68,15
2025-11-20T02:30:00Z,LT,84.71,15
2025-11-20T02:30:00Z,LV,84.71,15
2025-11-20T02:30:00Z,NL,84.79,15
2025-11-20T02:30:00Z,NO1,84.36,15
2025-11-20T02:30:00Z,NO2,84.36,15
2025-11-20T02:30:00Z,NO3,84.68,15
2025-11-20T02:30:00Z,NO4,84.71,15
2025-11-20T02:30:00Z,NO5,84.36,15
2025-11-20T02:30:00Z,PL,102.82,15
2025-11-20T02:30:00Z,PT,71.76,15
2025-11-20T02:30:00Z,RO,87.75,15
2025-11-20T02:30:00Z,RS,86.52,15
2025-11-20T02:30:00Z,SE1,84.71,15
2025-11-20T02:30:00Z,SE2,84.71,15
2025-11-20T02:30:00Z,SE3,84.71,15
2025-11-20T02:30:00Z,SE4,84.71,15
2025-11-20T02:30:00Z,SI,88.10,15
2025-11-20T02:30:00Z,SK,87.58,15
2025-11-20T02:45:00Z,AT,87.95,15
2025-11-20T02:45:00Z,BE,83.17,15
2025-11-20T02:45:00Z,CZ,87.33,15
2025-11-20T02:45:00Z,DE-LU,86.86,15
2025-11-20T02:45:00Z,DK1,86.86,15
2025-11-20T02:45:00Z,DK2,86.86,15
2025-11-20T02:45:00Z,EE,84.34,15
2025-11-20T02:45:00Z,ES,71.29,15
2025-11-20T02:45:00Z,FI,84.34,15
2025-11-20T02:45:00Z,FR,71.29,15
2025-11-20T02:45:00Z,GR,85.10,15
2025-11-20T02:45:00Z,HR,88.01,15
2025-11-20T02:45:00Z,HU,87.70,15
2025-11-20T02:45:00Z,IT-CNorth,105.22,15
2025-11-20T02:45:00Z,IT-CSouth,105.22,15
2025-11-20T02:45:00Z,IT-North,105.22,15
2025-11-20T02:45:00Z,IT-Sardinia,105.22,15
2025-11-20T02:45:00Z,IT-Sicily,105.22,15
2025-11-20T02:45:00Z,IT-South,105.22,15
2025-11-20T02:45:00Z,LT,84.34,15
2025-11-20T02:45:00Z,LV,84.34,15
2025-11-20T02:45:00Z,NL,84.70,15
2025-11-20T02:45:00Z,NO1,84.34,15
2025-11-20T02:45:00Z,NO2,84.34,15
2025-11-20T02:45:00Z,NO3,84.34,15
2025-11-20T02:45:00Z,NO4,84.34,15
2025-11-20T02:45:00Z,NO5,84.34,15
2025-11-20T02:45:00Z,PL,102.82,15
2025-11-20T02:45:00Z,PT,71.29,15
2025-11-20T02:45:00Z,RO,87.75,15
2025-11-20T02:45:00Z,RS,86.52,15
2025-11-20T02:45:00Z,SE1,84.34,15
2025-11-20T02:45:00Z,SE2,84.34,15
2025-11-20T02:45:00Z,SE3,84.34,15
2025-11-20T02:45:00Z,SE4,84.34,15
2025-11-20T02:45:00Z,SI,88.11,15
2025-11-20T02:45:00Z,SK,87.58,15
2025-11-20T03:00:00Z,AT,87.15,15
2025-11-20T03:00:00Z,BE,82.24,15
2025-11-20T03:00:00Z,CH,104.15,60
2025-11-20T03:00:00Z,CZ,86.51,15
2025-11-20T03:00:00Z,DE-LU,85.99,15
2025-11-20T03:00:00Z,DK1,85.81,15
2025-11-20T03:00:00Z,DK2,85.81,15
2025-11-20T03:00:00Z,EE,83.66,15
2025-11-20T03:00:00Z,ES,70.00,15
2025-11-20T03:00:00Z,FI,83.66,15
2025-11-20T03:00:00Z,FR,70.00,15
2025-11-20T03:00:00Z,GR,86.74,15
2025-11-20T03:00:00Z,HR,87.21,15
2025-11-20T03:00:00Z,HU,86.91,15
2025-11-20T03:00:00Z,IT-CNorth,105.68,15
2025-11-20T03:00:00Z,IT-CSouth,105.68,15
2025-11-20T03:00:00Z,IT-North,105.68,15
2025-11-20T03:00:00Z,IT-Sardinia,105.68,15
2025-11-20T03:00:00Z,IT-Sicily,105.68,15
2025-11-20T03:00:00Z,IT-South,105.68,15
2025-11-20T03:00:00Z,LT,83.66,15
2025-11-20T03:00:00Z,LV,83.66,15
2025-11-20T03:00:00Z,NL,83.85,15
2025-11-20T03:00:00Z,NO1,83.32,15
2025-11-20T03:00:00Z,NO2,83.32,15
2025-11-20T03:00:00Z,NO3,83.64,15
2025-11-20T03:00:00Z,NO4,83.66,15
2025-11-20T03:00:00Z,NO5,83.32,15
2025-11-20T03:00:00Z,PL,102.82,15
2025-11-20T03:00:00Z,PT,70.00,15
2025-11-20T03:00:00Z,RO,86.95,15
2025-11-20T03:00:00Z,RS,91.80,15
2025-11-20T03:00:00Z,SE1,83.66,15
2025-11-20T03:00:00Z,SE2,83.66,15
2025-11-20T03:00:00Z,SE3,83.66,15
2025-11-20T03:00:00Z,SE4,83.66,15
2025-11-20T03:00:00Z,SI,87.32,15
2025-11-20T03:00:00Z,SK,86.78,15
2025-11-20T03:15:00Z,AT,87.71,15
2025-11-20T03:15:00Z,BE,82.64,15
2025-11-20T03:15:00Z,CZ,87.05,15
2025-11-20T03:15:00Z,DE-LU,86.51,15
2025-11-20T03:15:00Z,DK1,86.33,15
2025-11-20T03:15:00Z,DK2,86.33,15
2025-11-20T03:15:00Z,EE,84.17,15
2025-11-20T03:15:00Z,ES,70.00,15
2025-11-20T03:15:00Z,FI,84.17,15
2025-11-20T03:15:00Z,FR,70.00,15
2025-11-20T03:15:00Z,GR,87.51,15
2025-11-20T03:15:00Z,HR,87.77,15
2025-11-20T03:15:00Z,HU,87.46,15
2025-11-20T03:15:00Z,IT-CNorth,105.68,15
2025-11-20T03:15:00Z,IT-CSouth,105.68,15
2025-11-20T03:15:00Z,IT-North,105.68,15
2025-11-20T03:15:00Z,IT-Sardinia,105.68,15
2025-11-20T03:15:00Z,IT-Sicily,105.68,15
2025-11-20T03:15:00Z,IT-South,105.68,15
2025-11-20T03:15:00Z,LT,84.17,15
2025-11-20T03:15:00Z,LV,84.17,15
2025-11-20T03:15:00Z,NL,84.30,15
2025-11-20T03:15:00Z,NO1,83.83,15
2025-11-20T03:15:00Z,NO2,83.83,15
2025-11-20T03:15:00Z,NO3,84.14,15
2025-11-20T03:15:00Z,NO4,84.17,15
2025-11-20T03:15:00Z,NO5,83.83,15
2025-11-20T03:15:00Z,PL,103.30,15
2025-11-20T03:15:00Z,PT,70.00,15
2025-11-20T03:15:00Z,RO,87.51,15
2025-11-20T03:15:00Z,RS,91.80,15
2025-11-20T03:15:00Z,SE1,84.17,15
2025-11-20T03:15:00Z,SE2,84.17,15
2025-11-20T03:15:00Z,SE3,84.17,15
2025-11-20T03:15:00Z,SE4,84.17,15
2025-11-20T03:15:00Z,SI,87.89,15
2025-11-20T03:15:00Z,SK,87.33,15
2025-11-20T03:30:00Z,AT,88.25,15
2025-11-20T03:30:00Z,BE,83.99,15
2025-11-20T03:30:00Z,CZ,87.69,15
2025-11-20T03:30:00Z,DE-LU,87.24,15
2025-11-20T03:30:00Z,DK1,87.06,15
2025-11-20T03:30:00Z,DK2,87.06,15
2025-11-20T03:30:00Z,EE,84.89,15
2025-11-20T03:30:00Z,ES,73.37,15
2025-11-20T03:30:00Z,FI,84.89,15
2025-11-20T03:30:00Z,FR,73.37,15
2025-11-20T03:30:00Z,GR,88.08,15
2025-11-20T03:30:00Z,HR,88.30,15
2025-11-20T03:30:00Z,HU,88.04,15
2025-11-20T03:30:00Z,IT-CNorth,105.22,15
2025-11-20T03:30:00Z,IT-CSouth,105.22,15
2025-11-20T03:30:00Z,IT-North,105.22,15
2025-11-20T03:30:00Z,IT-Sardinia,105.22,15
2025-11-20T03:30:00Z,IT-Sicily,105.22,15
2025-11-20T03:30:00Z,IT-South,105.22,15
2025-11-20T03:30:00Z,LT,84.89,15
2025-11-20T03:30:00Z,LV,84.89,15
2025-11-20T03:30:00Z,NL,85.39,15
2025-11-20T03:30:00Z,NO1,84.54,15
2025-11-20T03:30:00Z,NO2,84.54,15
2025-11-20T03:30:00Z,NO3,84.86,15
2025-11-20T03:30:00Z,NO4,84.89,15
2025-11-20T03:30:00Z,NO5,84.54,15
2025-11-20T03:30:00Z,PL,106.03,15
2025-11-20T03:30:00Z,PT,73.37,15
2025-11-20T03:30:00Z,RO,88.08,15
2025-11-20T03:30:00Z,RS,91.80,15
2025-11-20T03:30:00Z,SE1,84.89,15
2025-11-20T03:30:00Z,SE2,84.89,15
2025-11-20T03:30:00Z,SE3,84.89,15
2025-11-20T03:30:00Z,SE4,84.89,15
2025-11-20T03:30:00Z,SI,88.40,15
2025-11-20T03:30:00Z,SK,87.93,15
2025-11-20T03:45:00Z,AT,89.54,15
2025-11-20T03:45:00Z,BE,86.27,15
2025-11-20T03:45:00Z,CZ,89.11,15
2025-11-20T03:45:00Z,DE-LU,88.76,15
2025-11-20T03:45:00Z,DK1,88.58,15
2025-11-20T03:45:00Z,DK2,88.58,15
2025-11-20T03:45:00Z,EE,86.10,15
2025-11-20T03:45:00Z,ES,78.12,15
2025-11-20T03:45:00Z,FI,86.10,15
2025-11-20T03:45:00Z,FR,78.12,15
2025-11-20T03:45:00Z,GR,89.41,15
2025-11-20T03:45:00Z,HR,89.58,15
2025-11-20T03:45:00Z,HU,89.38,15
2025-11-20T03:45:00Z,IT-CNorth,105.68,15
2025-11-20T03:45:00Z,IT-CSouth,105.68,15
2025-11-20T03:45:00Z,IT-North,105.68,15
2025-11-20T03:45:00Z,IT-Sardinia,105.68,15
2025-11-20T03:45:00Z,IT-Sicily,105.68,15
2025-11-20T03:45:00Z,IT-South,105.68,15
2025-11-20T03:45:00Z,LT,86.10,15
2025-11-20T03:45:00Z,LV,86.10,15
2025-11-20T03:45:00Z,NL,87.34,15
2025-11-20T03:45:00Z,NO1,86.01,15
2025-11-20T03:45:00Z,NO2,86.01,15
2025-11-20T03:45:00Z,NO3,86.10,15
2025-11-20T03:45:00Z,NO4,86.10,15
2025-11-20T03:45:00Z,NO5,86.01,15
2025-11-20T03:45:00Z,PL,107.05,15
2025-11-20T03:45:00Z,PT,78.12,15
2025-11-20T03:45:00Z,RO,89.41,15
2025-11-20T03:45:00Z,RS,91.80,15
2025-11-20T03:45:00Z,SE1,86.10,15
2025-11-20T03:45:00Z,SE2,86.10,15
2025-11-20T03:45:00Z,SE3,86.10,15
2025-11-20T03:45:00Z,SE4,86.10,15
2025-11-20T03:45:00Z,SI,89.65,15
2025-11-20T03:45:00Z,SK,89.29,15
2025-11-20T04:00:00Z,AT,88.34,15
2025-11-20T04:00:00Z,BE,86.05,15
2025-11-20T04:00:00Z,CH,106.12,60
2025-11-20T04:00:00Z,CZ,88.09,15
2025-11-20T04:00:00Z,DE-LU,87.84,15
2025-11-20T04:00:00Z,DK1,87.65,15
2025-11-20T04:00:00Z,DK2,87.65,15
2025-11-20T04:00:00Z,EE,85.73,15
2025-11-20T04:00:00Z,ES,80.28,15
2025-11-20T04:00:00Z,FI,85.73,15
2025-11-20T04:00:00Z,FR,80.28,15
2025-11-20T04:00:00Z,GR,88.29,15
2025-11-20T04:00:00Z,HR,88.41,15
2025-11-20T04:00:00Z,HU,88.27,15
2025-11-20T04:00:00Z,IT-CNorth,101.75,15
2025-11-20T04:00:00Z,IT-CSouth,101.75,15
2025-11-20T04:00:00Z,IT-North,101.75,15
2025-11-20T04:00:00Z,IT-Sardinia,101.75,15
2025-11-20T04:00:00Z,IT-Sicily,101.75,15
2025-11-20T04:00:00Z,IT-South,101.75,15
2025-11-20T04:00:00Z,LT,85.73,15
2025-11-20T04:00:00Z,LV,85.73,15
2025-11-20T04:00:00Z,NL,86.81,15
2025-11-20T04:00:00Z,NO1,85.11,15
2025-11-20T04:00:00Z,NO2,85.11,15
2025-11-20T04:00:00Z,NO3,85.68,15
2025-11-20T04:00:00Z,NO4,85.73,15
2025-11-20T04:00:00Z,NO5,85.11,15
2025-11-20T04:00:00Z,PL,107.05,15
2025-11-20T04:00:00Z,PT,80.28,15
2025-11-20T04:00:00Z,RO,88.29,15
2025-11-20T04:00:00Z,RS,102.90,15
2025-11-20T04:00:00Z,SE1,85.73,15
2025-11-20T04:00:00Z,SE2,85.73,15
2025-11-20T04:00:00Z,SE3,85.73,15
2025-11-20T04:00:00Z,SE4,85.73,15
2025-11-20T04:00:00Z,SI,88.47,15
2025-11-20T04:00:00Z,SK,88.20,15
2025-11-20T04:15:00Z,AT,95.79,15
2025-11-20T04:15:00Z,BE,90.16,15
2025-11-20T04:15:00Z,CZ,91.59,15
2025-11-20T04:15:00Z,DE-LU,92.45,15
2025-11-20T04:15:00Z,DK1,91.11,15
2025-11-20T04:15:00Z,DK2,91.11,15
2025-11-20T04:15:00Z,EE,90.04,15
2025-11-20T04:15:00Z,ES,82.23,15
2025-11-20T04:15:00Z,FI,90.04,15
2025-11-20T04:15:00Z,FR,82.23,15
2025-11-20T04:15:00Z,GR,98.43,15
2025-11-20T04:15:00Z,HR,97.52,15
2025-11-20T04:15:00Z,HU,98.68,15
2025-11-20T04:15:00Z,IT-CNorth,100.93,15
2025-11-20T04:15:00Z,IT-CSouth,100.93,15
2025-11-20T04:15:00Z,IT-North,100.93,15
2025-11-20T04:15:00Z,IT-Sardinia,100.93,15
2025-11-20T04:15:00Z,IT-Sicily,100.93,15
2025-11-20T04:15:00Z,IT-South,100.93,15
2025-11-20T04:15:00Z,LT,90.04,15
2025-11-20T04:15:00Z,LV,90.04,15
2025-11-20T04:15:00Z,NL,91.11,15
2025-11-20T04:15:00Z,NO1,88.46,15
2025-11-20T04:15:00Z,NO2,88.46,15
2025-11-20T04:15:00Z,NO3,89.91,15
2025-11-20T04:15:00Z,NO4,90.04,15
2025-11-20T04:15:00Z,NO5,88.46,15
2025-11-20T04:15:00Z,PL,109.90,15
2025-11-20T04:15:00Z,PT,82.23,15
2025-11-20T04:15:00Z,RO,98.43,15
2025-11-20T04:15:00Z,RS,102.90,15
2025-11-20T04:15:00Z,SE1,90.04,15
2025-11-20T04:15:00Z,SE2,90.04,15
2025-11-20T04:15:00Z,SE3,90.04,15
2025-11-20T04:15:00Z,SE4,90.04,15
2025-11-20T04:15:00Z,SI,96.99,15
2025-11-20T04:15:00Z,SK,100.65,15
2025-11-20T04:30:00Z,AT,106.13,15
2025-11-20T04:30:00Z,BE,87.94,15
2025-11-20T04:30:00Z,CZ,92.68,15
2025-11-20T04:30:00Z,DE-LU,89.50,15
2025-11-20T04:30:00Z,DK1,89.50,15
2025-11-20T04:30:00Z,DK2,89.50,15
2025-11-20T04:30:00Z,EE,89.50,15
2025-11-20T04:30:00Z,ES,83.63,15
2025-11-20T04:30:00Z,FI,89.50,15
2025-11-20T04:30:00Z,FR,83.63,15
2025-11-20T04:30:00Z,GR,106.50,15
2025-11-20T04:30:00Z,HR,105.01,15
2025-11-20T04:30:00Z,HU,107.23,15
2025-11-20T04:30:00Z,IT-CNorth,106.13,15
2025-11-20T04:30:00Z,IT-CSouth,106.13,15
2025-11-20T04:30:00Z,IT-North,106.13,15
2025-11-20T04:30:00Z,IT-Sardinia,106.13,15
2025-11-20T04:30:00Z,IT-Sicily,106.13,15
2025-11-20T04:30:00Z,IT-South,106.13,15
2025-11-20T04:30:00Z,LT,89.50,15
2025-11-20T04:30:00Z,LV,89.50,15
2025-11-20T04:30:00Z,NL,88.21,15
2025-11-20T04:30:00Z,NO1,86.90,15
2025-11-20T04:30:00Z,NO2,86.90,15
2025-11-20T04:30:00Z,NO3,89.30,15
2025-11-20T04:30:00Z,NO4,89.50,15
2025-11-20T04:30:00Z,NO5,86.90,15
2025-11-20T04:30:00Z,PL,111.77,15
2025-11-20T04:30:00Z,PT,83.63,15
2025-11-20T04:30:00Z,RO,106.50,15
2025-11-20T04:30:00Z,RS,102.90,15
2025-11-20T04:30:00Z,SE1,89.50,15
2025-11-20T04:30:00Z,SE2,89.50,15
2025-11-20T04:30:00Z,SE3,89.50,15
2025-11-20T04:30:00Z,SE4,89.50,15
2025-11-20T04:30:00Z,SI,104.25,15
2025-11-20T04:30:00Z,SK,109.96,15
2025-11-20T04:45:00Z,AT,123.70,15
2025-11-20T04:45:00Z,BE,90.16,15
2025-11-20T04:45:00Z,CZ,105.45,15
2025-11-20T04:45:00Z,DE-LU,92.22,15
2025-11-20T04:45:00Z,DK1,92.22,15
2025-11-20T04:45:00Z,DK2,92.22,15
2025-11-20T04:45:00Z,EE,92.22,15
2025-11-20T04:45:00Z,ES,88.02,15
2025-11-20T04:45:00Z,FI,92.22,15
2025-11-20T04:45:00Z,FR,88.02,15
2025-11-20T04:45:00Z,GR,112.92,15
2025-11-20T04:45:00Z,HR,113.54,15
2025-11-20T04:45:00Z,HU,113.68,15
2025-11-20T04:45:00Z,IT-CNorth,114.11,15
2025-11-20T04:45:00Z,IT-CSouth,114.11,15
2025-11-20T04:45:00Z,IT-North,114.11,15
2025-11-20T04:45:00Z,IT-Sardinia,114.11,15
2025-11-20T04:45:00Z,IT-Sicily,114.11,15
2025-11-20T04:45:00Z,IT-South,114.11,15
2025-11-20T04:45:00Z,LT,99.99,15
2025-11-20T04:45:00Z,LV,99.99,15
2025-11-20T04:45:00Z,NL,90.10,15
2025-11-20T04:45:00Z,NO1,88.71,15
2025-11-20T04:45:00Z,NO2,88.71,15
2025-11-20T04:45:00Z,NO3,91.94,15
2025-11-20T04:45:00Z,NO4,92.22,15
2025-11-20T04:45:00Z,NO5,88.71,15
2025-11-20T04:45:00Z,PL,111.76,15
2025-11-20T04:45:00Z,PT,88.02,15
2025-11-20T04:45:00Z,RO,112.92,15
2025-11-20T04:45:00Z,RS,102.90,15
2025-11-20T04:45:00Z,SE1,92.22,15
2025-11-20T04:45:00Z,SE2,92.22,15
2025-11-20T04:45:00Z,SE3,92.22,15
2025-11-20T04:45:00Z,SE4,92.22,15
2025-11-20T04:45:00Z,SI,114.11,15
2025-11-20T04:45:00Z,SK,112.02,15
2025-11-20T05:00:00Z,AT,116.84,15
2025-11-20T05:00:00Z,BE,88.75,15
2025-11-20T05:00:00Z,CH,124.70,60
2025-11-20T05:00:00Z,CZ,102.20,15
2025-11-20T05:00:00Z,DE-LU,91.08,15
2025-11-20T05:00:00Z,DK1,90.70,15
2025-11-20T05:00:00Z,DK2,90.70,15
2025-11-20T05:00:00Z,EE,95.09,15
2025-11-20T05:00:00Z,ES,88.92,15
2025-11-20T05:00:00Z,FI,88.90,15
2025-11-20T05:00:00Z,FR,88.92,15
2025-11-20T05:00:00Z,GR,108.54,15
2025-11-20T05:00:00Z,HR,110.89,15
2025-11-20T05:00:00Z,HU,112.00,15
2025-11-20T05:00:00Z,IT-CNorth,110.89,15
2025-11-20T05:00:00Z,IT-CSouth,110.89,15
2025-11-20T05:00:00Z,IT-North,110.89,15
2025-11-20T05:00:00Z,IT-Sardinia,110.89,15
2025-11-20T05:00:00Z,IT-Sicily,110.89,15
2025-11-20T05:00:00Z,IT-South,110.89,15
2025-11-20T05:00:00Z,LT,102.34,15
2025-11-20T05:00:00Z,LV,102.34,15
2025-11-20T05:00:00Z,NL,89.47,15
2025-11-20T05:00:00Z,NO1,88.90,15
2025-11-20T05:00:00Z,NO2,88.90,15
2025-11-20T05:00:00Z,NO3,88.90,15
2025-11-20T05:00:00Z,NO4,88.90,15
2025-11-20T05:00:00Z,NO5,88.90,15
2025-11-20T05:00:00Z,PL,102.34,15
2025-11-20T05:00:00Z,PT,88.92,15
2025-11-20T05:00:00Z,RO,111.26,15
2025-11-20T05:00:00Z,RS,123.90,15
2025-11-20T05:00:00Z,SE1,88.90,15
2025-11-20T05:00:00Z,SE2,88.90,15
2025-11-20T05:00:00Z,SE3,88.90,15
2025-11-20T05:00:00Z,SE4,88.90,15
2025-11-20T05:00:00Z,SI,110.89,15
2025-11-20T05:00:00Z,SK,111.70,15
2025-11-20T05:15:00Z,AT,131.52,15
2025-11-20T05:15:00Z,BE,91.94,15
2025-11-20T05:15:00Z,CZ,114.16,15
2025-11-20T05:15:00Z,DE-LU,98.92,15
2025-11-20T05:15:00Z,DK1,98.72,15
2025-11-20T05:15:00Z,DK2,98.72,15
2025-11-20T05:15:00Z,EE,98.72,15
2025-11-20T05:15:00Z,ES,89.90,15
2025-11-20T05:15:00Z,FI,98.72,15
2025-11-20T05:15:00Z,FR,89.90,15
2025-11-20T05:15:00Z,GR,122.44,15
2025-11-20T05:15:00Z,HR,122.42,15
2025-11-20T05:15:00Z,HU,123.34,15
2025-11-20T05:15:00Z,IT-CNorth,118.25,15
2025-11-20T05:15:00Z,IT-CSouth,118.25,15
2025-11-20T05:15:00Z,IT-North,118.25,15
2025-11-20T05:15:00Z,IT-Sardinia,118.25,15
2025-11-20T05:15:00Z,IT-Sicily,118.25,15
2025-11-20T05:15:00Z,IT-South,118.25,15
2025-11-20T05:15:00Z,LT,114.36,15
2025-11-20T05:15:00Z,LV,114.36,15
2025-11-20T05:15:00Z,NL,95.52,15
2025-11-20T05:15:00Z,NO1,95.92,15
2025-11-20T05:15:00Z,NO2,95.86,15
2025-11-20T05:15:00Z,NO3,98.50,15
2025-11-20T05:15:00Z,NO4,98.72,15
2025-11-20T05:15:00Z,NO5,95.86,15
2025-11-20T05:15:00Z,PL,114.36,15
2025-11-20T05:15:00Z,PT,89.90,15
2025-11-20T05:15:00Z,RO,122.44,15
2025-11-20T05:15:00Z,RS,123.90,15
2025-11-20T05:15:00Z,SE1,98.72,15
2025-11-20T05:15:00Z,SE2,98.72,15
2025-11-20T05:15:00Z,SE3,98.72,15
2025-11-20T05:15:00Z,SE4,98.72,15
2025-11-20T05:15:00Z,SI,122.68,15
2025-11-20T05:15:00Z,SK,121.90,15
2025-11-20T05:30:00Z,AT,146.97,15
2025-11-20T05:30:00Z,BE,97.69,15
2025-11-20T05:30:00Z,CZ,122.04,15
2025-11-20T05:30:00Z,DE-LU,104.75,15
2025-11-20T05:30:00Z,DK1,104.75,15
2025-11-20T05:30:00Z,DK2,104.75,15
2025-11-20T05:30:00Z,EE,104.75,15
2025-11-20T05:30:00Z,ES,96.24,15
2025-11-20T05:30:00Z,FI,104.75,15
2025-11-20T05:30:00Z,FR,96.24,15
2025-11-20T05:30:00Z,GR,134.96,15
2025-11-20T05:30:00Z,HR,136.21,15
2025-11-20T05:30:00Z,HU,137.88,15
2025-11-20T05:30:00Z,IT-CNorth,130.28,15
2025-11-20T05:30:00Z,IT-CSouth,130.28,15
2025-11-20T05:30:00Z,IT-North,130.28,15
2025-11-20T05:30:00Z,IT-Sardinia,130.28,15
2025-11-20T05:30:00Z,IT-Sicily,130.28,15
2025-11-20T05:30:00Z,IT-South,130.28,15
2025-11-20T05:30:00Z,LT,118.41,15
2025-11-20T05:30:00Z,LV,118.41,15
2025-11-20T05:30:00Z,NL,100.96,15
2025-11-20T05:30:00Z,NO1,101.78,15
2025-11-20T05:30:00Z,NO2,101.71,15
2025-11-20T05:30:00Z,NO3,104.51,15
2025-11-20T05:30:00Z,NO4,104.75,15
2025-11-20T05:30:00Z,NO5,101.71,15
2025-11-20T05:30:00Z,PL,118.41,15
2025-11-20T05:30:00Z,PT,96.24,15
2025-11-20T05:30:00Z,RO,136.52,15
2025-11-20T05:30:00Z,RS,123.90,15
2025-11-20T05:30:00Z,SE1,104.75,15
2025-11-20T05:30:00Z,SE2,104.75,15
2025-11-20T05:30:00Z,SE3,104.75,15
2025-11-20T05:30:00Z,SE4,104.75,15
2025-11-20T05:30:00Z,SI,136.35,15
2025-11-20T05:30:00Z,SK,137.20,15
2025-11-20T05:45:00Z,AT,168.35,15
2025-11-20T05:45:00Z,BE,107.85,15
2025-11-20T05:45:00Z,CZ,138.80,15
2025-11-20T05:45:00Z,DE-LU,119.98,15
2025-11-20T05:45:00Z,DK1,118.05,15
2025-11-20T05:45:00Z,DK2,119.98,15
2025-11-20T05:45:00Z,EE,119.98,15
2025-11-20T05:45:00Z,ES,103.74,15
2025-11-20T05:45:00Z,FI,119.98,15
2025-11-20T05:45:00Z,FR,103.74,15
2025-11-20T05:45:00Z,GR,134.07,15
2025-11-20T05:45:00Z,HR,156.64,15
2025-11-20T05:45:00Z,HU,159.48,15
2025-11-20T05:45:00Z,IT-CNorth,140.58,15
2025-11-20T05:45:00Z,IT-CSouth,140.58,15
2025-11-20T05:45:00Z,IT-North,140.58,15
2025-11-20T05:45:00Z,IT-Sardinia,140.58,15
2025-11-20T05:45:00Z,IT-Sicily,140.58,15
2025-11-20T05:45:00Z,IT-South,140.58,15
2025-11-20T05:45:00Z,LT,134.00,15
2025-11-20T05:45:00Z,LV,134.00,15
2025-11-20T05:45:00Z,NL,114.44,15
2025-11-20T05:45:00Z,NO1,114.71,15
2025-11-20T05:45:00Z,NO2,114.62,15
2025-11-20T05:45:00Z,NO3,119.56,15
2025-11-20T05:45:00Z,NO4,119.98,15
2025-11-20T05:45:00Z,NO5,114.62,15
2025-11-20T05:45:00Z,PL,134.00,15
2025-11-20T05:45:00Z,PT,103.74,15
2025-11-20T05:45:00Z,RO,157.77,15
2025-11-20T05:45:00Z,RS,123.90,15
2025-11-20T05:45:00Z,SE1,119.98,15
2025-11-20T05:45:00Z,SE2,119.98,15
2025-11-20T05:45:00Z,SE3,119.98,15
2025-11-20T05:45:00Z,SE4,119.98,15
2025-11-20T05:45:00Z,SI,156.42,15
2025-11-20T05:45:00Z,SK,159.78,15
2025-11-20T06:00:00Z,AT,145.62,15
2025-11-20T06:00:00Z,BE,116.70,15
2025-11-20T06:00:00Z,CH,133.35,60
2025-11-20T06:00:00Z,CZ,139.92,15
2025-11-20T06:00:00Z,DE-LU,137.72,15
2025-11-20T06:00:00Z,DK1,137.44,15
2025-11-20T06:00:00Z,DK2,137.44,15
2025-11-20T06:00:00Z,EE,137.44,15
2025-11-20T06:00:00Z,ES,103.32,15
2025-11-20T06:00:00Z,FI,137.44,15
2025-11-20T06:00:00Z,FR,103.32,15
2025-11-20T06:00:00Z,GR,143.47,15
2025-11-20T06:00:00Z,HR,141.92,15
2025-11-20T06:00:00Z,HU,143.99,15
2025-11-20T06:00:00Z,IT-CNorth,123.08,15
2025-11-20T06:00:00Z,IT-CSouth,123.08,15
2025-11-20T06:00:00Z,IT-North,123.08,15
2025-11-20T06:00:00Z,IT-Sardinia,123.08,15
2025-11-20T06:00:00Z,IT-Sicily,123.08,15
2025-11-20T06:00:00Z,IT-South,123.08,15
2025-11-20T06:00:00Z,LT,137.44,15
2025-11-20T06:00:00Z,LV,137.44,15
2025-11-20T06:00:00Z,NL,132.54,15
2025-11-20T06:00:00Z,NO1,133.46,15
2025-11-20T06:00:00Z,NO2,133.46,15
2025-11-20T06:00:00Z,NO3,137.13,15
2025-11-20T06:00:00Z,NO4,137.44,15
2025-11-20T06:00:00Z,NO5,133.46,15
2025-11-20T06:00:00Z,PL,145.05,15
2025-11-20T06:00:00Z,PT,103.32,15
2025-11-20T06:00:00Z,RO,143.47,15
2025-11-20T06:00:00Z,RS,143.62,15
2025-11-20T06:00:00Z,SE1,137.44,15
2025-11-20T06:00:00Z,SE2,137.44,15
2025-11-20T06:00:00Z,SE3,137.44,15
2025-11-20T06:00:00Z,SE4,137.44,15
2025-11-20T06:00:00Z,SI,141.38,15
2025-11-20T06:00:00Z,SK,144.31,15
2025-11-20T06:15:00Z,AT,146.94,15
2025-11-20T06:15:00Z,BE,117.30,15
2025-11-20T06:15:00Z,CZ,140.34,15
2025-11-20T06:15:00Z,DE-LU,136.00,15
2025-11-20T06:15:00Z,DK1,135.72,15
2025-11-20T06:15:00Z,DK2,136.28,15
2025-11-20T06:15:00Z,EE,147.95,15
2025-11-20T06:15:00Z,ES,105.44,15
2025-11-20T06:15:00Z,FI,136.28,15
2025-11-20T06:15:00Z,FR,105.44,15
2025-11-20T06:15:00Z,GR,144.58,15
2025-11-20T06:15:00Z,HR,142.86,15
2025-11-20T06:15:00Z,HU,145.01,15
2025-11-20T06:15:00Z,IT-CNorth,139.49,15
2025-11-20T06:15:00Z,IT-CSouth,139.49,15
2025-11-20T06:15:00Z,IT-North,139.49,15
2025-11-20T06:15:00Z,IT-Sardinia,139.49,15
2025-11-20T06:15:00Z,IT-Sicily,139.49,15
2025-11-20T06:15:00Z,IT-South,139.49,15
2025-11-20T06:15:00Z,LT,147.95,15
2025-11-20T06:15:00Z,LV,147.95,15
2025-11-20T06:15:00Z,NL,131.44,15
2025-11-20T06:15:00Z,NO1,131.78,15
2025-11-20T06:15:00Z,NO2,131.78,15
2025-11-20T06:15:00Z,NO3,135.93,15
2025-11-20T06:15:00Z,NO4,136.28,15
2025-11-20T06:15:00Z,NO5,131.78,15
2025-11-20T06:15:00Z,PL,147.95,15
2025-11-20T06:15:00Z,PT,105.44,15
2025-11-20T06:15:00Z,RO,144.58,15
2025-11-20T06:15:00Z,RS,143.62,15
2025-11-20T06:15:00Z,SE1,136.28,15
2025-11-20T06:15:00Z,SE2,136.28,15
2025-11-20T06:15:00Z,SE3,136.28,15
2025-11-20T06:15:00Z,SE4,136.28,15
2025-11-20T06:15:00Z,SI,142.27,15
2025-11-20T06:15:00Z,SK,145.38,15
2025-11-20T06:30:00Z,AT,147.94,15
2025-11-20T06:30:00Z,BE,122.45,15
2025-11-20T06:30:00Z,CZ,150.14,15
2025-11-20T06:30:00Z,DE-LU,146.76,15
2025-11-20T06:30:00Z,DK1,146.38,15
2025-11-20T06:30:00Z,DK2,146.76,15
2025-11-20T06:30:00Z,EE,159.41,15
2025-11-20T06:30:00Z,ES,106.72,15
2025-11-20T06:30:00Z,FI,146.76,15
2025-11-20T06:30:00Z,FR,106.72,15
2025-11-20T06:30:00Z,GR,141.74,15
2025-11-20T06:30:00Z,HR,147.68,15
2025-11-20T06:30:00Z,HU,150.73,15
2025-11-20T06:30:00Z,IT-CNorth,146.55,15
2025-11-20T06:30:00Z,IT-CSouth,146.55,15
2025-11-20T06:30:00Z,IT-North,146.55,15
2025-11-20T06:30:00Z,IT-Sardinia,146.55,15
2025-11-20T06:30:00Z,IT-Sicily,146.55,15
2025-11-20T06:30:00Z,IT-South,146.55,15
2025-11-20T06:30:00Z,LT,159.41,15
2025-11-20T06:30:00Z,LV,159.41,15
2025-11-20T06:30:00Z,NL,140.94,15
2025-11-20T06:30:00Z,NO1,146.59,15
2025-11-20T06:30:00Z,NO2,142.18,15
2025-11-20T06:30:00Z,NO3,146.69,15
2025-11-20T06:30:00Z,NO4,146.76,15
2025-11-20T06:30:00Z,NO5,145.56,15
2025-11-20T06:30:00Z,PL,159.41,15
2025-11-20T06:30:00Z,PT,106.72,15
2025-11-20T06:30:00Z,RO,150.48,15
2025-11-20T06:30:00Z,RS,143.62,15
2025-11-20T06:30:00Z,SE1,146.76,15
2025-11-20T06:30:00Z,SE2,146.76,15
2025-11-20T06:30:00Z,SE3,146.76,15
2025-11-20T06:30:00Z,SE4,146.76,15
2025-11-20T06:30:00Z,SI,146.55,15
2025-11-20T06:30:00Z,SK,152.15,15
2025-11-20T06:45:00Z,AT,157.14,15
2025-11-20T06:45:00Z,BE,128.57,15
2025-11-20T06:45:00Z,CZ,156.91,15
2025-11-20T06:45:00Z,DE-LU,157.15,15
2025-11-20T06:45:00Z,DK1,156.74,15
2025-11-20T06:45:00Z,DK2,157.15,15
2025-11-20T06:45:00Z,EE,157.61,15
2025-11-20T06:45:00Z,ES,110.22,15
2025-11-20T06:45:00Z,FI,157.15,15
2025-11-20T06:45:00Z,FR,110.22,15
2025-11-20T06:45:00Z,GR,132.94,15
2025-11-20T06:45:00Z,HR,154.23,15
2025-11-20T06:45:00Z,HU,156.37,15
2025-11-20T06:45:00Z,IT-CNorth,153.62,15
2025-11-20T06:45:00Z,IT-CSouth,153.62,15
2025-11-20T06:45:00Z,IT-North,153.62,15
2025-11-20T06:45:00Z,IT-Sardinia,153.62,15
2025-11-20T06:45:00Z,IT-Sicily,153.62,15
2025-11-20T06:45:00Z,IT-South,153.62,15
2025-11-20T06:45:00Z,LT,157.61,15
2025-11-20T06:45:00Z,LV,157.61,15
2025-11-20T06:45:00Z,NL,150.01,15
2025-11-20T06:45:00Z,NO1,156.96,15
2025-11-20T06:45:00Z,NO2,152.24,15
2025-11-20T06:45:00Z,NO3,157.07,15
2025-11-20T06:45:00Z,NO4,157.15,15
2025-11-20T06:45:00Z,NO5,155.86,15
2025-11-20T06:45:00Z,PL,157.61,15
2025-11-20T06:45:00Z,PT,110.22,15
2025-11-20T06:45:00Z,RO,155.87,15
2025-11-20T06:45:00Z,RS,143.62,15
2025-11-20T06:45:00Z,SE1,157.15,15
2025-11-20T06:45:00Z,SE2,157.15,15
2025-11-20T06:45:00Z,SE3,157.15,15
2025-11-20T06:45:00Z,SE4,157.15,15
2025-11-20T06:45:00Z,SI,153.62,15
2025-11-20T06:45:00Z,SK,156.91,15
2025-11-20T07:00:00Z,AT,153.26,15
2025-11-20T07:00:00Z,BE,138.17,15
2025-11-20T07:00:00Z,CH,139.09,60
2025-11-20T07:00:00Z,CZ,155.24,15
2025-11-20T07:00:00Z,DE-LU,153.93,15
2025-11-20T07:00:00Z,DK1,153.53,15
2025-11-20T07:00:00Z,DK2,153.93,15
2025-11-20T07:00:00Z,EE,153.93,15
2025-11-20T07:00:00Z,ES,127.73,15
2025-11-20T07:00:00Z,FI,153.93,15
2025-11-20T07:00:00Z,FR,127.73,15
2025-11-20T07:00:00Z,GR,143.02,15
2025-11-20T07:00:00Z,HR,153.08,15
2025-11-20T07:00:00Z,HU,154.87,15
2025-11-20T07:00:00Z,IT-CNorth,145.00,15
2025-11-20T07:00:00Z,IT-CSouth,136.59,15
2025-11-20T07:00:00Z,IT-North,145.00,15
2025-11-20T07:00:00Z,IT-Sardinia,136.59,15
2025-11-20T07:00:00Z,IT-Sicily,136.59,15
2025-11-20T07:00:00Z,IT-South,136.59,15
2025-11-20T07:00:00Z,LT,153.93,15
2025-11-20T07:00:00Z,LV,153.93,15
2025-11-20T07:00:00Z,NL,150.29,15
2025-11-20T07:00:00Z,NO1,153.75,15
2025-11-20T07:00:00Z,NO2,149.12,15
2025-11-20T07:00:00Z,NO3,153.85,15
2025-11-20T07:00:00Z,NO4,153.93,15
2025-11-20T07:00:00Z,NO5,152.68,15
2025-11-20T07:00:00Z,PL,159.40,15
2025-11-20T07:00:00Z,PT,125.88,15
2025-11-20T07:00:00Z,RO,154.71,15
2025-11-20T07:00:00Z,RS,146.00,15
2025-11-20T07:00:00Z,SE1,153.93,15
2025-11-20T07:00:00Z,SE2,153.93,15
2025-11-20T07:00:00Z,SE3,153.93,15
2025-11-20T07:00:00Z,SE4,153.93,15
2025-11-20T07:00:00Z,SI,152.44,15
2025-11-20T07:00:00Z,SK,155.71,15
2025-11-20T07:15:00Z,AT,161.56,15
2025-11-20T07:15:00Z,BE,139.15,15
2025-11-20T07:15:00Z,CZ,161.83,15
2025-11-20T07:15:00Z,DE-LU,162.18,15
2025-11-20T07:15:00Z,DK1,161.76,15
2025-11-20T07:15:00Z,DK2,162.18,15
2025-11-20T07:15:00Z,EE,162.18,15
2025-11-20T07:15:00Z,ES,124.00,15
2025-11-20T07:15:00Z,FI,162.18,15
2025-11-20T07:15:00Z,FR,124.00,15
2025-11-20T07:15:00Z,GR,133.56,15
2025-11-20T07:15:00Z,HR,160.53,15
2025-11-20T07:15:00Z,HU,162.90,15
2025-11-20T07:15:00Z,IT-CNorth,155.00,15
2025-11-20T07:15:00Z,IT-CSouth,155.00,15
2025-11-20T07:15:00Z,IT-North,155.00,15
2025-11-20T07:15:00Z,IT-Sardinia,155.00,15
2025-11-20T07:15:00Z,IT-Sicily,155.00,15
2025-11-20T07:15:00Z,IT-South,155.00,15
2025-11-20T07:15:00Z,LT,162.18,15
2025-11-20T07:15:00Z,LV,162.18,15
2025-11-20T07:15:00Z,NL,156.74,15
2025-11-20T07:15:00Z,NO1,161.99,15
2025-11-20T07:15:00Z,NO2,157.12,15
2025-11-20T07:15:00Z,NO3,162.10,15
2025-11-20T07:15:00Z,NO4,162.18,15
2025-11-20T07:15:00Z,NO5,160.86,15
2025-11-20T07:15:00Z,PL,162.83,15
2025-11-20T07:15:00Z,PT,124.00,15
2025-11-20T07:15:00Z,RO,162.47,15
2025-11-20T07:15:00Z,RS,146.00,15
2025-11-20T07:15:00Z,SE1,162.18,15
2025-11-20T07:15:00Z,SE2,162.18,15
2025-11-20T07:15:00Z,SE3,162.18,15
2025-11-20T07:15:00Z,SE4,162.18,15
2025-11-20T07:15:00Z,SI,159.74,15
2025-11-20T07:15:00Z,SK,164.20,15
2025-11-20T07:30:00Z,AT,156.00,15
2025-11-20T07:30:00Z,BE,130.11,15
2025-11-20T07:30:00Z,CZ,156.02,15
2025-11-20T07:30:00Z,DE-LU,157.08,15
2025-11-20T07:30:00Z,DK1,156.67,15
2025-11-20T07:30:00Z,DK2,157.08,15
2025-11-20T07:30:00Z,EE,157.08,15
2025-11-20T07:30:00Z,ES,112.33,15
2025-11-20T07:30:00Z,FI,157.08,15
2025-11-20T07:30:00Z,FR,112.33,15
2025-11-20T07:30:00Z,GR,104.37,15
2025-11-20T07:30:00Z,HR,156.26,15
2025-11-20T07:30:00Z,HU,159.82,15
2025-11-20T07:30:00Z,IT-CNorth,155.00,15
2025-11-20T07:30:00Z,IT-CSouth,148.00,15
2025-11-20T07:30:00Z,IT-North,155.00,15
2025-11-20T07:30:00Z,IT-Sardinia,148.00,15
2025-11-20T07:30:00Z,IT-Sicily,148.00,15
2025-11-20T07:30:00Z,IT-South,148.00,15
2025-11-20T07:30:00Z,LT,157.08,15
2025-11-20T07:30:00Z,LV,157.08,15
2025-11-20T07:30:00Z,NL,150.75,15
2025-11-20T07:30:00Z,NO1,156.89,15
2025-11-20T07:30:00Z,NO2,152.18,15
2025-11-20T07:30:00Z,NO3,157.00,15
2025-11-20T07:30:00Z,NO4,157.08,15
2025-11-20T07:30:00Z,NO5,155.80,15
2025-11-20T07:30:00Z,PL,157.08,15
2025-11-20T07:30:00Z,PT,112.33,15
2025-11-20T07:30:00Z,RO,159.24,15
2025-11-20T07:30:00Z,RS,146.00,15
2025-11-20T07:30:00Z,SE1,157.08,15
2025-11-20T07:30:00Z,SE2,157.08,15
2025-11-20T07:30:00Z,SE3,157.08,15
2025-11-20T07:30:00Z,SE4,157.08,15
2025-11-20T07:30:00Z,SI,155.00,15
2025-11-20T07:30:00Z,SK,162.49,15
2025-11-20T07:45:00Z,AT,148.86,15
2025-11-20T07:45:00Z,BE,122.72,15
2025-11-20T07:45:00Z,CZ,147.15,15
2025-11-20T07:45:00Z,DE-LU,149.67,15
2025-11-20T07:45:00Z,DK1,149.67,15
2025-11-20T07:45:00Z,DK2,151.73,15
2025-11-20T07:45:00Z,EE,151.73,15
2025-11-20T07:45:00Z,ES,105.01,15
2025-11-20T07:45:00Z,FI,151.73,15
2025-11-20T07:45:00Z,FR,105.01,15
2025-11-20T07:45:00Z,GR,91.66,15
2025-11-20T07:45:00Z,HR,149.51,15
2025-11-20T07:45:00Z,HU,153.40,15
2025-11-20T07:45:00Z,IT-CNorth,148.13,15
2025-11-20T07:45:00Z,IT-CSouth,130.28,15
2025-11-20T07:45:00Z,IT-North,148.13,15
2025-11-20T07:45:00Z,IT-Sardinia,130.28,15
2025-11-20T07:45:00Z,IT-Sicily,120.50,15
2025-11-20T07:45:00Z,IT-South,120.50,15
2025-11-20T07:45:00Z,LT,151.73,15
2025-11-20T07:45:00Z,LV,151.73,15
2025-11-20T07:45:00Z,NL,143.32,15
2025-11-20T07:45:00Z,NO1,151.47,15
2025-11-20T07:45:00Z,NO2,144.99,15
2025-11-20T07:45:00Z,NO3,151.62,15
2025-11-20T07:45:00Z,NO4,151.73,15
2025-11-20T07:45:00Z,NO5,149.98,15
2025-11-20T07:45:00Z,PL,145.60,15
2025-11-20T07:45:00Z,PT,105.01,15
2025-11-20T07:45:00Z,RO,152.66,15
2025-11-20T07:45:00Z,RS,146.00,15
2025-11-20T07:45:00Z,SE1,151.73,15
2025-11-20T07:45:00Z,SE2,151.73,15
2025-11-20T07:45:00Z,SE3,151.73,15
2025-11-20T07:45:00Z,SE4,151.73,15
2025-11-20T07:45:00Z,SI,148.13,15
2025-11-20T07:45:00Z,SK,156.76,15
2025-11-20T08:00:00Z,AT,173.47,15
2025-11-20T08:00:00Z,BE,147.11,15
2025-11-20T08:00:00Z,CH,131.21,60
2025-11-20T08:00:00Z,CZ,172.06,15
2025-11-20T08:00:00Z,DE-LU,174.53,15
2025-11-20T08:00:00Z,DK1,173.29,15
2025-11-20T08:00:00Z,DK2,172.47,15
2025-11-20T08:00:00Z,EE,172.47,15
2025-11-20T08:00:00Z,ES,110.00,15
2025-11-20T08:00:00Z,FI,172.47,15
2025-11-20T08:00:00Z,FR,128.87,15
2025-11-20T08:00:00Z,GR,88.15,15
2025-11-20T08:00:00Z,HR,173.97,15
2025-11-20T08:00:00Z,HU,177.78,15
2025-11-20T08:00:00Z,IT-CNorth,172.62,15
2025-11-20T08:00:00Z,IT-CSouth,131.00,15
2025-11-20T08:00:00Z,IT-North,172.62,15
2025-11-20T08:00:00Z,IT-Sardinia,131.00,15
2025-11-20T08:00:00Z,IT-Sicily,131.00,15
2025-11-20T08:00:00Z,IT-South,131.00,15
2025-11-20T08:00:00Z,LT,172.47,15
2025-11-20T08:00:00Z,LV,172.47,15
2025-11-20T08:00:00Z,NL,168.05,15
2025-11-20T08:00:00Z,NO1,172.34,15
2025-11-20T08:00:00Z,NO2,169.09,15
2025-11-20T08:00:00Z,NO3,172.42,15
2025-11-20T08:00:00Z,NO4,172.47,15
2025-11-20T08:00:00Z,NO5,171.59,15
2025-11-20T08:00:00Z,PL,170.61,15
2025-11-20T08:00:00Z,PT,110.00,15
2025-11-20T08:00:00Z,RO,177.07,15
2025-11-20T08:00:00Z,RS,136.93,15
2025-11-20T08:00:00Z,SE1,172.47,15
2025-11-20T08:00:00Z,SE2,172.47,15
2025-11-20T08:00:00Z,SE3,172.47,15
2025-11-20T08:00:00Z,SE4,172.47,15
2025-11-20T08:00:00Z,SI,172.62,15
2025-11-20T08:00:00Z,SK,180.86,15
2025-11-20T08:15:00Z,AT,153.07,15
2025-11-20T08:15:00Z,BE,123.99,15
2025-11-20T08:15:00Z,CZ,153.07,15
2025-11-20T08:15:00Z,DE-LU,153.75,15
2025-11-20T08:15:00Z,DK1,153.75,15
2025-11-20T08:15:00Z,DK2,153.75,15
2025-11-20T08:15:00Z,EE,153.75,15
2025-11-20T08:15:00Z,ES,100.00,15
2025-11-20T08:15:00Z,FI,153.75,15
2025-11-20T08:15:00Z,FR,104.21,15
2025-11-20T08:15:00Z,GR,74.91,15
2025-11-20T08:15:00Z,HR,150.93,15
2025-11-20T08:15:00Z,HU,153.58,15
2025-11-20T08:15:00Z,IT-CNorth,150.11,15
2025-11-20T08:15:00Z,IT-CSouth,130.28,15
2025-11-20T08:15:00Z,IT-North,150.11,15
2025-11-20T08:15:00Z,IT-Sardinia,130.28,15
2025-11-20T08:15:00Z,IT-Sicily,130.28,15
2025-11-20T08:15:00Z,IT-South,130.28,15
2025-11-20T08:15:00Z,LT,153.75,15
2025-11-20T08:15:00Z,LV,153.75,15
2025-11-20T08:15:00Z,NL,146.66,15
2025-11-20T08:15:00Z,NO1,153.57,15
2025-11-20T08:15:00Z,NO2,148.95,15
2025-11-20T08:15:00Z,NO3,153.67,15
2025-11-20T08:15:00Z,NO4,153.75,15
2025-11-20T08:15:00Z,NO5,152.50,15
2025-11-20T08:15:00Z,PL,153.28,15
2025-11-20T08:15:00Z,PT,100.00,15
2025-11-20T08:15:00Z,RO,153.03,15
2025-11-20T08:15:00Z,RS,136.93,15
2025-11-20T08:15:00Z,SE1,153.75,15
2025-11-20T08:15:00Z,SE2,153.75,15
2025-11-20T08:15:00Z,SE3,153.75,15
2025-11-20T08:15:00Z,SE4,153.75,15
2025-11-20T08:15:00Z,SI,150.11,15
2025-11-20T08:15:00Z,SK,154.73,15
2025-11-20T08:30:00Z,AT,150.42,15
2025-11-20T08:30:00Z,BE,131.07,15
2025-11-20T08:30:00Z,CZ,150.55,15
2025-11-20T08:30:00Z,DE-LU,150.82,15
2025-11-20T08:30:00Z,DK1,150.43,15
2025-11-20T08:30:00Z,DK2,150.80,15
2025-11-20T08:30:00Z,EE,150.80,15
2025-11-20T08:30:00Z,ES,85.00,15
2025-11-20T08:30:00Z,FI,150.80,15
2025-11-20T08:30:00Z,FR,117.94,15
2025-11-20T08:30:00Z,GR,74.90,15
2025-11-20T08:30:00Z,HR,148.77,15
2025-11-20T08:30:00Z,HU,150.42,15
2025-11-20T08:30:00Z,IT-CNorth,148.28,15
2025-11-20T08:30:00Z,IT-CSouth,130.28,15
2025-11-20T08:30:00Z,IT-North,148.28,15
2025-11-20T08:30:00Z,IT-Sardinia,130.28,15
2025-11-20T08:30:00Z,IT-Sicily,118.25,15
2025-11-20T08:30:00Z,IT-South,118.25,15
2025-11-20T08:30:00Z,LT,150.80,15
2025-11-20T08:30:00Z,LV,150.80,15
2025-11-20T08:30:00Z,NL,146.11,15
2025-11-20T08:30:00Z,NO1,150.63,15
2025-11-20T08:30:00Z,NO2,146.11,15
2025-11-20T08:30:00Z,NO3,150.73,15
2025-11-20T08:30:00Z,NO4,150.80,15
2025-11-20T08:30:00Z,NO5,149.58,15
2025-11-20T08:30:00Z,PL,150.80,15
2025-11-20T08:30:00Z,PT,85.00,15
2025-11-20T08:30:00Z,RO,150.07,15
2025-11-20T08:30:00Z,RS,136.93,15
2025-11-20T08:30:00Z,SE1,150.80,15
2025-11-20T08:30:00Z,SE2,150.80,15
2025-11-20T08:30:00Z,SE3,150.80,15
2025-11-20T08:30:00Z,SE4,150.80,15
2025-11-20T08:30:00Z,SI,148.28,15
2025-11-20T08:30:00Z,SK,151.01,15
2025-11-20T08:45:00Z,AT,135.45,15
2025-11-20T08:45:00Z,BE,131.59,15
2025-11-20T08:45:00Z,CZ,135.51,15
2025-11-20T08:45:00Z,DE-LU,135.52,15
2025-11-20T08:45:00Z,DK1,135.17,15
2025-11-20T08:45:00Z,DK2,135.54,15
2025-11-20T08:45:00Z,EE,135.54,15
2025-11-20T08:45:00Z,ES,69.20,15
2025-11-20T08:45:00Z,FI,135.54,15
2025-11-20T08:45:00Z,FR,128.97,15
2025-11-20T08:45:00Z,GR,0.20,15
2025-11-20T08:45:00Z,HR,135.09,15
2025-11-20T08:45:00Z,HU,135.41,15
2025-11-20T08:45:00Z,IT-CNorth,135.00,15
2025-11-20T08:45:00Z,IT-CSouth,118.25,15
2025-11-20T08:45:00Z,IT-North,135.00,15
2025-11-20T08:45:00Z,IT-Sardinia,118.25,15
2025-11-20T08:45:00Z,IT-Sicily,118.25,15
2025-11-20T08:45:00Z,IT-South,118.25,15
2025-11-20T08:45:00Z,LT,135.54,15
2025-11-20T08:45:00Z,LV,135.54,15
2025-11-20T08:45:00Z,NL,134.58,15
2025-11-20T08:45:00Z,NO1,135.38,15
2025-11-20T08:45:00Z,NO2,131.29,15
2025-11-20T08:45:00Z,NO3,135.47,15
2025-11-20T08:45:00Z,NO4,135.54,15
2025-11-20T08:45:00Z,NO5,134.43,15
2025-11-20T08:45:00Z,PL,135.54,15
2025-11-20T08:45:00Z,PT,69.20,15
2025-11-20T08:45:00Z,RO,135.34,15
2025-11-20T08:45:00Z,RS,136.93,15
2025-11-20T08:45:00Z,SE1,135.54,15
2025-11-20T08:45:00Z,SE2,135.54,15
2025-11-20T08:45:00Z,SE3,135.54,15
2025-11-20T08:45:00Z,SE4,135.54,15
2025-11-20T08:45:00Z,SI,135.00,15
2025-11-20T08:45:00Z,SK,135.51,15
2025-11-20T09:00:00Z,AT,162.90,15
2025-11-20T09:00:00Z,BE,162.55,15
2025-11-20T09:00:00Z,CH,125.03,60
2025-11-20T09:00:00Z,CZ,162.34,15
2025-11-20T09:00:00Z,DE-LU,162.52,15
2025-11-20T09:00:00Z,DK1,162.52,15
2025-11-20T09:00:00Z,DK2,162.28,15
2025-11-20T09:00:00Z,EE,162.28,15
2025-11-20T09:00:00Z,ES,82.00,15
2025-11-20T09:00:00Z,FI,162.28,15
2025-11-20T09:00:00Z,FR,162.55,15
2025-11-20T09:00:00Z,GR,60.01,15
2025-11-20T09:00:00Z,HR,163.11,15
2025-11-20T09:00:00Z,HU,163.31,15
2025-11-20T09:00:00Z,IT-CNorth,168.48,15
2025-11-20T09:00:00Z,IT-CSouth,115.00,15
2025-11-20T09:00:00Z,IT-North,168.48,15
2025-11-20T09:00:00Z,IT-Sardinia,115.00,15
2025-11-20T09:00:00Z,IT-Sicily,115.00,15
2025-11-20T09:00:00Z,IT-South,115.00,15
2025-11-20T09:00:00Z,LT,162.28,15
2025-11-20T09:00:00Z,LV,162.28,15
2025-11-20T09:00:00Z,NL,162.53,15
2025-11-20T09:00:00Z,NO1,162.10,15
2025-11-20T09:00:00Z,NO2,157.45,15
2025-11-20T09:00:00Z,NO3,162.20,15
2025-11-20T09:00:00Z,NO4,162.28,15
2025-11-20T09:00:00Z,NO5,161.02,15
2025-11-20T09:00:00Z,PL,162.15,15
2025-11-20T09:00:00Z,PT,82.00,15
2025-11-20T09:00:00Z,RO,163.27,15
2025-11-20T09:00:00Z,RS,128.19,15
2025-11-20T09:00:00Z,SE1,162.28,15
2025-11-20T09:00:00Z,SE2,162.28,15
2025-11-20T09:00:00Z,SE3,162.28,15
2025-11-20T09:00:00Z,SE4,162.28,15
2025-11-20T09:00:00Z,SI,163.03,15
2025-11-20T09:00:00Z,SK,163.56,15
2025-11-20T09:15:00Z,AT,147.00,15
2025-11-20T09:15:00Z,BE,131.48,15
2025-11-20T09:15:00Z,CZ,142.43,15
2025-11-20T09:15:00Z,DE-LU,141.54,15
2025-11-20T09:15:00Z,DK1,140.75,15
2025-11-20T09:15:00Z,DK2,141.79,15
2025-11-20T09:15:00Z,EE,141.79,15
2025-11-20T09:15:00Z,ES,68.82,15
2025-11-20T09:15:00Z,FI,141.79,15
2025-11-20T09:15:00Z,FR,98.98,15
2025-11-20T09:15:00Z,GR,0.01,15
2025-11-20T09:15:00Z,HR,147.56,15
2025-11-20T09:15:00Z,HU,147.32,15
2025-11-20T09:15:00Z,IT-CNorth,150.00,15
2025-11-20T09:15:00Z,IT-CSouth,105.02,15
2025-11-20T09:15:00Z,IT-North,150.00,15
2025-11-20T09:15:00Z,IT-Sardinia,105.02,15
2025-11-20T09:15:00Z,IT-Sicily,105.02,15
2025-11-20T09:15:00Z,IT-South,105.02,15
2025-11-20T09:15:00Z,LT,141.79,15
2025-11-20T09:15:00Z,LV,141.79,15
2025-11-20T09:15:00Z,NL,136.00,15
2025-11-20T09:15:00Z,NO1,141.61,15
2025-11-20T09:15:00Z,NO2,137.12,15
2025-11-20T09:15:00Z,NO3,141.71,15
2025-11-20T09:15:00Z,NO4,141.79,15
2025-11-20T09:15:00Z,NO5,140.57,15
2025-11-20T09:15:00Z,PL,141.79,15
2025-11-20T09:15:00Z,PT,68.82,15
2025-11-20T09:15:00Z,RO,147.28,15
2025-11-20T09:15:00Z,RS,128.19,15
2025-11-20T09:15:00Z,SE1,141.79,15
2025-11-20T09:15:00Z,SE2,141.79,15
2025-11-20T09:15:00Z,SE3,141.79,15
2025-11-20T09:15:00Z,SE4,141.79,15
2025-11-20T09:15:00Z,SI,147.62,15
2025-11-20T09:15:00Z,SK,147.72,15
2025-11-20T09:30:00Z,AT,145.92,15
2025-11-20T09:30:00Z,BE,124.19,15
2025-11-20T09:30:00Z,CZ,138.26,15
2025-11-20T09:30:00Z,DE-LU,136.00,15
2025-11-20T09:30:00Z,DK1,135.65,15
2025-11-20T09:30:00Z,DK2,136.00,15
2025-11-20T09:30:00Z,EE,138.46,15
2025-11-20T09:30:00Z,ES,67.22,15
2025-11-20T09:30:00Z,FI,136.00,15
2025-11-20T09:30:00Z,FR,86.26,15
2025-11-20T09:30:00Z,GR,0.01,15
2025-11-20T09:30:00Z,HR,144.44,15
2025-11-20T09:30:00Z,HU,143.71,15
2025-11-20T09:30:00Z,IT-CNorth,145.92,15
2025-11-20T09:30:00Z,IT-CSouth,97.05,15
2025-11-20T09:30:00Z,IT-North,145.92,15
2025-11-20T09:30:00Z,IT-Sardinia,97.05,15
2025-11-20T09:30:00Z,IT-Sicily,97.05,15
2025-11-20T09:30:00Z,IT-South,97.05,15
2025-11-20T09:30:00Z,LT,138.46,15
2025-11-20T09:30:00Z,LV,138.46,15
2025-11-20T09:30:00Z,NL,129.47,15
2025-11-20T09:30:00Z,NO1,135.84,15
2025-11-20T09:30:00Z,NO2,131.75,15
2025-11-20T09:30:00Z,NO3,135.93,15
2025-11-20T09:30:00Z,NO4,136.00,15
2025-11-20T09:30:00Z,NO5,134.89,15
2025-11-20T09:30:00Z,PL,138.46,15
2025-11-20T09:30:00Z,PT,67.22,15
2025-11-20T09:30:00Z,RO,143.62,15
2025-11-20T09:30:00Z,RS,128.19,15
2025-11-20T09:30:00Z,SE1,136.00,15
2025-11-20T09:30:00Z,SE2,136.00,15
2025-11-20T09:30:00Z,SE3,136.00,15
2025-11-20T09:30:00Z,SE4,136.00,15
2025-11-20T09:30:00Z,SI,144.76,15
2025-11-20T09:30:00Z,SK,143.31,15
2025-11-20T09:45:00Z,AT,135.60,15
2025-11-20T09:45:00Z,BE,110.12,15
2025-11-20T09:45:00Z,CZ,128.02,15
2025-11-20T09:45:00Z,DE-LU,125.02,15
2025-11-20T09:45:00Z,DK1,124.65,15
2025-11-20T09:45:00Z,DK2,127.66,15
2025-11-20T09:45:00Z,EE,127.66,15
2025-11-20T09:45:00Z,ES,62.30,15
2025-11-20T09:45:00Z,FI,127.66,15
2025-11-20T09:45:00Z,FR,62.30,15
2025-11-20T09:45:00Z,GR,0.00,15
2025-11-20T09:45:00Z,HR,134.13,15
2025-11-20T09:45:00Z,HU,133.07,15
2025-11-20T09:45:00Z,IT-CNorth,135.60,15
2025-11-20T09:45:00Z,IT-CSouth,97.47,15
2025-11-20T09:45:00Z,IT-North,135.60,15
2025-11-20T09:45:00Z,IT-Sardinia,97.47,15
2025-11-20T09:45:00Z,IT-Sicily,97.47,15
2025-11-20T09:45:00Z,IT-South,97.47,15
2025-11-20T09:45:00Z,LT,127.66,15
2025-11-20T09:45:00Z,LV,127.66,15
2025-11-20T09:45:00Z,NL,116.80,15
2025-11-20T09:45:00Z,NO1,127.41,15
2025-11-20T09:45:00Z,NO2,121.09,15
2025-11-20T09:45:00Z,NO3,127.56,15
2025-11-20T09:45:00Z,NO4,127.66,15
2025-11-20T09:45:00Z,NO5,125.96,15
2025-11-20T09:45:00Z,PL,127.66,15
2025-11-20T09:45:00Z,PT,62.30,15
2025-11-20T09:45:00Z,RO,133.07,15
2025-11-20T09:45:00Z,RS,128.19,15
2025-11-20T09:45:00Z,SE1,127.66,15
2025-11-20T09:45:00Z,SE2,127.66,15
2025-11-20T09:45:00Z,SE3,127.66,15
2025-11-20T09:45:00Z,SE4,127.66,15
2025-11-20T09:45:00Z,SI,134.54,15
2025-11-20T09:45:00Z,SK,132.58,15
2025-11-20T10:00:00Z,AT,146.91,15
2025-11-20T10:00:00Z,BE,123.93,15
2025-11-20T10:00:00Z,CH,121.51,60
2025-11-20T10:00:00Z,CZ,137.78,15
2025-11-20T10:00:00Z,DE-LU,135.39,15
2025-11-20T10:00:00Z,DK1,134.94,15
2025-11-20T10:00:00Z,DK2,138.40,15
2025-11-20T10:00:00Z,EE,138.40,15
2025-11-20T10:00:00Z,ES,65.00,15
2025-11-20T10:00:00Z,FI,138.40,15
2025-11-20T10:00:00Z,FR,86.95,15
2025-11-20T10:00:00Z,GR,0.00,15
2025-11-20T10:00:00Z,HR,145.01,15
2025-11-20T10:00:00Z,HU,144.43,15
2025-11-20T10:00:00Z,IT-CNorth,160.00,15
2025-11-20T10:00:00Z,IT-CSouth,103.36,15
2025-11-20T10:00:00Z,IT-North,160.00,15
2025-11-20T10:00:00Z,IT-Sardinia,103.36,15
2025-11-20T10:00:00Z,IT-Sicily,103.36,15
2025-11-20T10:00:00Z,IT-South,103.36,15
2025-11-20T10:00:00Z,LT,138.40,15
2025-11-20T10:00:00Z,LV,138.40,15
2025-11-20T10:00:00Z,NL,129.02,15
2025-11-20T10:00:00Z,NO1,138.10,15
2025-11-20T10:00:00Z,NO2,131.14,15
2025-11-20T10:00:00Z,NO3,138.29,15
2025-11-20T10:00:00Z,NO4,138.40,15
2025-11-20T10:00:00Z,NO5,136.49,15
2025-11-20T10:00:00Z,PL,137.99,15
2025-11-20T10:00:00Z,PT,65.00,15
2025-11-20T10:00:00Z,RO,144.28,15
2025-11-20T10:00:00Z,RS,121.94,15
2025-11-20T10:00:00Z,SE1,138.40,15
2025-11-20T10:00:00Z,SE2,138.40,15
2025-11-20T10:00:00Z,SE3,138.40,15
2025-11-20T10:00:00Z,SE4,138.40,15
2025-11-20T10:00:00Z,SI,145.30,15
2025-11-20T10:00:00Z,SK,144.13,15
2025-11-20T10:15:00Z,AT,146.91,15
2025-11-20T10:15:00Z,BE,120.07,15
2025-11-20T10:15:00Z,CZ,133.61,15
2025-11-20T10:15:00Z,DE-LU,130.90,15
2025-11-20T10:15:00Z,DK1,130.57,15
2025-11-20T10:15:00Z,DK2,133.92,15
2025-11-20T10:15:00Z,EE,133.92,15
2025-11-20T10:15:00Z,ES,64.17,15
2025-11-20T10:15:00Z,FI,133.92,15
2025-11-20T10:15:00Z,FR,84.98,15
2025-11-20T10:15:00Z,GR,0.00,15
2025-11-20T10:15:00Z,HR,143.90,15
2025-11-20T10:15:00Z,HU,143.76,15
2025-11-20T10:15:00Z,IT-CNorth,153.00,15
2025-11-20T10:15:00Z,IT-CSouth,100.00,15
2025-11-20T10:15:00Z,IT-North,153.00,15
2025-11-20T10:15:00Z,IT-Sardinia,100.00,15
2025-11-20T10:15:00Z,IT-Sicily,100.00,15
2025-11-20T10:15:00Z,IT-South,100.00,15
2025-11-20T10:15:00Z,LT,133.92,15
2025-11-20T10:15:00Z,LV,133.92,15
2025-11-20T10:15:00Z,NL,124.84,15
2025-11-20T10:15:00Z,NO1,133.62,15
2025-11-20T10:15:00Z,NO2,126.80,15
2025-11-20T10:15:00Z,NO3,133.80,15
2025-11-20T10:15:00Z,NO4,133.92,15
2025-11-20T10:15:00Z,NO5,132.04,15
2025-11-20T10:15:00Z,PL,133.92,15
2025-11-20T10:15:00Z,PT,64.17,15
2025-11-20T10:15:00Z,RO,143.41,15
2025-11-20T10:15:00Z,RS,121.94,15
2025-11-20T10:15:00Z,SE1,133.92,15
2025-11-20T10:15:00Z,SE2,133.92,15
2025-11-20T10:15:00Z,SE3,133.92,15
2025-11-20T10:15:00Z,SE4,133.92,15
2025-11-20T10:15:00Z,SI,144.11,15
2025-11-20T10:15:00Z,SK,143.74,15
2025-11-20T10:30:00Z,AT,139.98,15
2025-11-20T10:30:00Z,BE,121.55,15
2025-11-20T10:30:00Z,CZ,130.15,15
2025-11-20T10:30:00Z,DE-LU,128.00,15
2025-11-20T10:30:00Z,DK1,127.63,15
2025-11-20T10:30:00Z,DK2,130.90,15
2025-11-20T10:30:00Z,EE,130.90,15
2025-11-20T10:30:00Z,ES,61.68,15
2025-11-20T10:30:00Z,FI,130.90,15
2025-11-20T10:30:00Z,FR,100.60,15
2025-11-20T10:30:00Z,GR,0.00,15
2025-11-20T10:30:00Z,HR,137.56,15
2025-11-20T10:30:00Z,HU,137.63,15
2025-11-20T10:30:00Z,IT-CNorth,144.00,15
2025-11-20T10:30:00Z,IT-CSouth,97.47,15
2025-11-20T10:30:00Z,IT-North,144.00,15
2025-11-20T10:30:00Z,IT-Sardinia,97.47,15
2025-11-20T10:30:00Z,IT-Sicily,97.47,15
2025-11-20T10:30:00Z,IT-South,97.47,15
2025-11-20T10:30:00Z,LT,130.90,15
2025-11-20T10:30:00Z,LV,130.90,15
2025-11-20T10:30:00Z,NL,124.36,15
2025-11-20T10:30:00Z,NO1,130.61,15
2025-11-20T10:30:00Z,NO2,123.99,15
2025-11-20T10:30:00Z,NO3,130.79,15
2025-11-20T10:30:00Z,NO4,130.90,15
2025-11-20T10:30:00Z,NO5,129.08,15
2025-11-20T10:30:00Z,PL,130.90,15
2025-11-20T10:30:00Z,PT,61.68,15
2025-11-20T10:30:00Z,RO,137.35,15
2025-11-20T10:30:00Z,RS,121.94,15
2025-11-20T10:30:00Z,SE1,130.90,15
2025-11-20T10:30:00Z,SE2,130.90,15
2025-11-20T10:30:00Z,SE3,130.90,15
2025-11-20T10:30:00Z,SE4,130.90,15
2025-11-20T10:30:00Z,SI,137.67,15
2025-11-20T10:30:00Z,SK,137.63,15
2025-11-20T10:45:00Z,AT,137.74,15
2025-11-20T10:45:00Z,BE,116.27,15
2025-11-20T10:45:00Z,CZ,126.92,15
2025-11-20T10:45:00Z,DE-LU,122.92,15
2025-11-20T10:45:00Z,DK1,122.56,15
2025-11-20T10:45:00Z,DK2,125.71,15
2025-11-20T10:45:00Z,EE,130.63,15
2025-11-20T10:45:00Z,ES,60.00,15
2025-11-20T10:45:00Z,FI,125.71,15
2025-11-20T10:45:00Z,FR,94.41,15
2025-11-20T10:45:00Z,GR,0.00,15
2025-11-20T10:45:00Z,HR,134.50,15
2025-11-20T10:45:00Z,HU,134.57,15
2025-11-20T10:45:00Z,IT-CNorth,137.74,15
2025-11-20T10:45:00Z,IT-CSouth,97.47,15
2025-11-20T10:45:00Z,IT-North,137.74,15
2025-11-20T10:45:00Z,IT-Sardinia,97.47,15
2025-11-20T10:45:00Z,IT-Sicily,97.47,15
2025-11-20T10:45:00Z,IT-South,97.47,15
2025-11-20T10:45:00Z,LT,130.63,15
2025-11-20T10:45:00Z,LV,130.63,15
2025-11-20T10:45:00Z,NL,119.20,15
2025-11-20T10:45:00Z,NO1,125.43,15
2025-11-20T10:45:00Z,NO2,119.07,15
2025-11-20T10:45:00Z,NO3,125.60,15
2025-11-20T10:45:00Z,NO4,125.71,15
2025-11-20T10:45:00Z,NO5,123.96,15
2025-11-20T10:45:00Z,PL,130.63,15
2025-11-20T10:45:00Z,PT,60.00,15
2025-11-20T10:45:00Z,RO,134.32,15
2025-11-20T10:45:00Z,RS,121.94,15
2025-11-20T10:45:00Z,SE1,125.71,15
2025-11-20T10:45:00Z,SE2,125.71,15
2025-11-20T10:45:00Z,SE3,125.71,15
2025-11-20T10:45:00Z,SE4,125.71,15
2025-11-20T10:45:00Z,SI,134.63,15
2025-11-20T10:45:00Z,SK,134.25,15
2025-11-20T11:00:00Z,AT,144.00,15
2025-11-20T11:00:00Z,BE,123.55,15
2025-11-20T11:00:00Z,CH,119.50,60
2025-11-20T11:00:00Z,CZ,130.78,15
2025-11-20T11:00:00Z,DE-LU,127.89,15
2025-11-20T11:00:00Z,DK1,127.51,15
2025-11-20T11:00:00Z,DK2,130.78,15
2025-11-20T11:00:00Z,EE,134.83,15
2025-11-20T11:00:00Z,ES,57.30,15
2025-11-20T11:00:00Z,FI,130.78,15
2025-11-20T11:00:00Z,FR,109.05,15
2025-11-20T11:00:00Z,GR,0.00,15
2025-11-20T11:00:00Z,HR,139.12,15
2025-11-20T11:00:00Z,HU,138.99,15
2025-11-20T11:00:00Z,IT-CNorth,166.47,15
2025-11-20T11:00:00Z,IT-CSouth,96.47,15
2025-11-20T11:00:00Z,IT-North,166.47,15
2025-11-20T11:00:00Z,IT-Sardinia,96.47,15
2025-11-20T11:00:00Z,IT-Sicily,96.47,15
2025-11-20T11:00:00Z,IT-South,96.47,15
2025-11-20T11:00:00Z,LT,134.83,15
2025-11-20T11:00:00Z,LV,134.83,15
2025-11-20T11:00:00Z,NL,125.38,15
2025-11-20T11:00:00Z,NO1,130.50,15
2025-11-20T11:00:00Z,NO2,123.87,15
2025-11-20T11:00:00Z,NO3,130.68,15
2025-11-20T11:00:00Z,NO4,130.78,15
2025-11-20T11:00:00Z,NO5,128.95,15
2025-11-20T11:00:00Z,PL,134.83,15
2025-11-20T11:00:00Z,PT,57.30,15
2025-11-20T11:00:00Z,RO,138.68,15
2025-11-20T11:00:00Z,RS,122.15,15
2025-11-20T11:00:00Z,SE1,130.78,15
2025-11-20T11:00:00Z,SE2,130.78,15
2025-11-20T11:00:00Z,SE3,130.78,15
2025-11-20T11:00:00Z,SE4,130.78,15
2025-11-20T11:00:00Z,SI,139.42,15
2025-11-20T11:00:00Z,SK,138.16,15
2025-11-20T11:15:00Z,AT,142.47,15
2025-11-20T11:15:00Z,BE,117.15,15
2025-11-20T11:15:00Z,CZ,128.75,15
2025-11-20T11:15:00Z,DE-LU,123.37,15
2025-11-20T11:15:00Z,DK1,123.01,15
2025-11-20T11:15:00Z,DK2,126.16,15
2025-11-20T11:15:00Z,EE,134.93,15
2025-11-20T11:15:00Z,ES,56.96,15
2025-11-20T11:15:00Z,FI,126.16,15
2025-11-20T11:15:00Z,FR,96.18,15
2025-11-20T11:15:00Z,GR,0.00,15
2025-11-20T11:15:00Z,HR,137.02,15
2025-11-20T11:15:00Z,HU,136.95,15
2025-11-20T11:15:00Z,IT-CNorth,140.00,15
2025-11-20T11:15:00Z,IT-CSouth,110.00,15
2025-11-20T11:15:00Z,IT-North,140.00,15
2025-11-20T11:15:00Z,IT-Sardinia,110.00,15
2025-11-20T11:15:00Z,IT-Sicily,110.00,15
2025-11-20T11:15:00Z,IT-South,110.00,15
2025-11-20T11:15:00Z,LT,134.93,15
2025-11-20T11:15:00Z,LV,134.93,15
2025-11-20T11:15:00Z,NL,119.83,15
2025-11-20T11:15:00Z,NO1,125.88,15
2025-11-20T11:15:00Z,NO2,119.50,15
2025-11-20T11:15:00Z,NO3,126.06,15
2025-11-20T11:15:00Z,NO4,126.16,15
2025-11-20T11:15:00Z,NO5,124.39,15
2025-11-20T11:15:00Z,PL,134.93,15
2025-11-20T11:15:00Z,PT,56.96,15
2025-11-20T11:15:00Z,RO,136.75,15
2025-11-20T11:15:00Z,RS,122.15,15
2025-11-20T11:15:00Z,SE1,126.16,15
2025-11-20T11:15:00Z,SE2,126.16,15
2025-11-20T11:15:00Z,SE3,126.16,15
2025-11-20T11:15:00Z,SE4,126.16,15
2025-11-20T11:15:00Z,SI,137.29,15
2025-11-20T11:15:00Z,SK,136.19,15
2025-11-20T11:30:00Z,AT,139.56,15
2025-11-20T11:30:00Z,BE,118.84,15
2025-11-20T11:30:00Z,CZ,134.32,15
2025-11-20T11:30:00Z,DE-LU,124.66,15
2025-11-20T11:30:00Z,DK1,124.29,15
2025-11-20T11:30:00Z,DK2,127.48,15
2025-11-20T11:30:00Z,EE,152.99,15
2025-11-20T11:30:00Z,ES,55.35,15
2025-11-20T11:30:00Z,FI,127.48,15
2025-11-20T11:30:00Z,FR,96.99,15
2025-11-20T11:30:00Z,GR,0.01,15
2025-11-20T11:30:00Z,HR,140.33,15
2025-11-20T11:30:00Z,HU,142.18,15
2025-11-20T11:30:00Z,IT-CNorth,139.56,15
2025-11-20T11:30:00Z,IT-CSouth,91.50,15
2025-11-20T11:30:00Z,IT-North,139.56,15
2025-11-20T11:30:00Z,IT-Sardinia,91.50,15
2025-11-20T11:30:00Z,IT-Sicily,91.50,15
2025-11-20T11:30:00Z,IT-South,91.50,15
2025-11-20T11:30:00Z,LT,152.99,15
2025-11-20T11:30:00Z,LV,152.99,15
2025-11-20T11:30:00Z,NL,121.52,15
2025-11-20T11:30:00Z,NO1,127.20,15
2025-11-20T11:30:00Z,NO2,120.75,15
2025-11-20T11:30:00Z,NO3,127.38,15
2025-11-20T11:30:00Z,NO4,127.48,15
2025-11-20T11:30:00Z,NO5,125.70,15
2025-11-20T11:30:00Z,PL,152.99,15
2025-11-20T11:30:00Z,PT,55.35,15
2025-11-20T11:30:00Z,RO,142.39,15
2025-11-20T11:30:00Z,RS,122.15,15
2025-11-20T11:30:00Z,SE1,127.48,15
2025-11-20T11:30:00Z,SE2,127.48,15
2025-11-20T11:30:00Z,SE3,127.48,15
2025-11-20T11:30:00Z,SE4,127.48,15
2025-11-20T11:30:00Z,SI,139.56,15
2025-11-20T11:30:00Z,SK,143.36,15
2025-11-20T11:45:00Z,AT,137.82,15
2025-11-20T11:45:00Z,BE,113.89,15
2025-11-20T11:45:00Z,CZ,136.03,15
2025-11-20T11:45:00Z,DE-LU,124.30,15
2025-11-20T11:45:00Z,DK1,123.94,15
2025-11-20T11:45:00Z,DK2,127.12,15
2025-11-20T11:45:00Z,EE,159.38,15
2025-11-20T11:45:00Z,ES,55.00,15
2025-11-20T11:45:00Z,FI,127.12,15
2025-11-20T11:45:00Z,FR,76.22,15
2025-11-20T11:45:00Z,GR,0.01,15
2025-11-20T11:45:00Z,HR,141.66,15
2025-11-20T11:45:00Z,HU,143.84,15
2025-11-20T11:45:00Z,IT-CNorth,140.58,15
2025-11-20T11:45:00Z,IT-CSouth,96.48,15
2025-11-20T11:45:00Z,IT-North,140.58,15
2025-11-20T11:45:00Z,IT-Sardinia,96.48,15
2025-11-20T11:45:00Z,IT-Sicily,96.48,15
2025-11-20T11:45:00Z,IT-South,96.48,15
2025-11-20T11:45:00Z,LT,159.38,15
2025-11-20T11:45:00Z,LV,159.38,15
2025-11-20T11:45:00Z,NL,118.67,15
2025-11-20T11:45:00Z,NO1,126.84,15
2025-11-20T11:45:00Z,NO2,120.40,15
2025-11-20T11:45:00Z,NO3,127.01,15
2025-11-20T11:45:00Z,NO4,127.12,15
2025-11-20T11:45:00Z,NO5,125.34,15
2025-11-20T11:45:00Z,PL,159.38,15
2025-11-20T11:45:00Z,PT,55.00,15
2025-11-20T11:45:00Z,RO,144.31,15
2025-11-20T11:45:00Z,RS,122.15,15
2025-11-20T11:45:00Z,SE1,127.12,15
2025-11-20T11:45:00Z,SE2,127.12,15
2025-11-20T11:45:00Z,SE3,127.12,15
2025-11-20T11:45:00Z,SE4,127.12,15
2025-11-20T11:45:00Z,SI,140.58,15
2025-11-20T11:45:00Z,SK,145.68,15
2025-11-20T12:00:00Z,AT,138.96,15
2025-11-20T12:00:00Z,BE,114.27,15
2025-11-20T12:00:00Z,CH,121.50,60
2025-11-20T12:00:00Z,CZ,133.70,15
2025-11-20T12:00:00Z,DE-LU,120.79,15
2025-11-20T12:00:00Z,DK1,120.44,15
2025-11-20T12:00:00Z,DK2,123.53,15
2025-11-20T12:00:00Z,EE,159.40,15
2025-11-20T12:00:00Z,ES,50.38,15
2025-11-20T12:00:00Z,FI,123.53,15
2025-11-20T12:00:00Z,FR,88.72,15
2025-11-20T12:00:00Z,GR,0.01,15
2025-11-20T12:00:00Z,HR,140.80,15
2025-11-20T12:00:00Z,HU,143.48,15
2025-11-20T12:00:00Z,IT-CNorth,139.62,15
2025-11-20T12:00:00Z,IT-CSouth,100.00,15
2025-11-20T12:00:00Z,IT-North,139.62,15
2025-11-20T12:00:00Z,IT-Sardinia,100.00,15
2025-11-20T12:00:00Z,IT-Sicily,100.00,15
2025-11-20T12:00:00Z,IT-South,100.00,15
2025-11-20T12:00:00Z,LT,159.40,15
2025-11-20T12:00:00Z,LV,159.40,15
2025-11-20T12:00:00Z,NL,117.28,15
2025-11-20T12:00:00Z,NO1,123.26,15
2025-11-20T12:00:00Z,NO2,117.01,15
2025-11-20T12:00:00Z,NO3,123.43,15
2025-11-20T12:00:00Z,NO4,123.53,15
2025-11-20T12:00:00Z,NO5,121.89,15
2025-11-20T12:00:00Z,PL,159.40,15
2025-11-20T12:00:00Z,PT,50.38,15
2025-11-20T12:00:00Z,RO,143.80,15
2025-11-20T12:00:00Z,RS,129.50,15
2025-11-20T12:00:00Z,SE1,123.53,15
2025-11-20T12:00:00Z,SE2,123.53,15
2025-11-20T12:00:00Z,SE3,123.53,15
2025-11-20T12:00:00Z,SE4,123.53,15
2025-11-20T12:00:00Z,SI,139.62,15
2025-11-20T12:00:00Z,SK,145.29,15
2025-11-20T12:15:00Z,AT,140.45,15
2025-11-20T12:15:00Z,BE,116.62,15
2025-11-20T12:15:00Z,CZ,138.98,15
2025-11-20T12:15:00Z,DE-LU,125.17,15
2025-11-20T12:15:00Z,DK1,122.04,15
2025-11-20T12:15:00Z,DK2,125.17,15
2025-11-20T12:15:00Z,EE,167.53,15
2025-11-20T12:15:00Z,ES,50.00,15
2025-11-20T12:15:00Z,FI,125.17,15
2025-11-20T12:15:00Z,FR,83.81,15
2025-11-20T12:15:00Z,GR,77.17,15
2025-11-20T12:15:00Z,HR,144.94,15
2025-11-20T12:15:00Z,HU,147.93,15
2025-11-20T12:15:00Z,IT-CNorth,143.50,15
2025-11-20T12:15:00Z,IT-CSouth,100.00,15
2025-11-20T12:15:00Z,IT-North,143.50,15
2025-11-20T12:15:00Z,IT-Sardinia,100.00,15
2025-11-20T12:15:00Z,IT-Sicily,100.00,15
2025-11-20T12:15:00Z,IT-South,100.00,15
2025-11-20T12:15:00Z,LT,167.53,15
2025-11-20T12:15:00Z,LV,167.53,15
2025-11-20T12:15:00Z,NL,120.57,15
2025-11-20T12:15:00Z,NO1,122.28,15
2025-11-20T12:15:00Z,NO2,118.53,15
2025-11-20T12:15:00Z,NO3,124.90,15
2025-11-20T12:15:00Z,NO4,125.17,15
2025-11-20T12:15:00Z,NO5,121.45,15
2025-11-20T12:15:00Z,PL,167.53,15
2025-11-20T12:15:00Z,PT,50.00,15
2025-11-20T12:15:00Z,RO,148.43,15
2025-11-20T12:15:00Z,RS,129.50,15
2025-11-20T12:15:00Z,SE1,125.17,15
2025-11-20T12:15:00Z,SE2,125.17,15
2025-11-20T12:15:00Z,SE3,125.17,15
2025-11-20T12:15:00Z,SE4,125.17,15
2025-11-20T12:15:00Z,SI,143.50,15
2025-11-20T12:15:00Z,SK,150.30,15
2025-11-20T12:30:00Z,AT,145.96,15
2025-11-20T12:30:00Z,BE,116.16,15
2025-11-20T12:30:00Z,CZ,143.97,15
2025-11-20T12:30:00Z,DE-LU,128.00,15
2025-11-20T12:30:00Z,DK1,124.80,15
2025-11-20T12:30:00Z,DK2,128.00,15
2025-11-20T12:30:00Z,EE,176.40,15
2025-11-20T12:30:00Z,ES,45.00,15
2025-11-20T12:30:00Z,FI,128.00,15
2025-11-20T12:30:00Z,FR,71.82,15
2025-11-20T12:30:00Z,GR,85.00,15
2025-11-20T12:30:00Z,HR,151.16,15
2025-11-20T12:30:00Z,HU,154.37,15
2025-11-20T12:30:00Z,IT-CNorth,149.58,15
2025-11-20T12:30:00Z,IT-CSouth,98.47,15
2025-11-20T12:30:00Z,IT-North,149.58,15
2025-11-20T12:30:00Z,IT-Sardinia,98.47,15
2025-11-20T12:30:00Z,IT-Sicily,98.47,15
2025-11-20T12:30:00Z,IT-South,98.47,15
2025-11-20T12:30:00Z,LT,176.40,15
2025-11-20T12:30:00Z,LV,176.40,15
2025-11-20T12:30:00Z,NL,121.58,15
2025-11-20T12:30:00Z,NO1,125.05,15
2025-11-20T12:30:00Z,NO2,121.22,15
2025-11-20T12:30:00Z,NO3,127.73,15
2025-11-20T12:30:00Z,NO4,128.00,15
2025-11-20T12:30:00Z,NO5,124.21,15
2025-11-20T12:30:00Z,PL,176.40,15
2025-11-20T12:30:00Z,PT,45.00,15
2025-11-20T12:30:00Z,RO,154.97,15
2025-11-20T12:30:00Z,RS,129.50,15
2025-11-20T12:30:00Z,SE1,128.00,15
2025-11-20T12:30:00Z,SE2,128.00,15
2025-11-20T12:30:00Z,SE3,128.00,15
2025-11-20T12:30:00Z,SE4,128.00,15
2025-11-20T12:30:00Z,SI,149.58,15
2025-11-20T12:30:00Z,SK,156.99,15
2025-11-20T12:45:00Z,AT,147.26,15
2025-11-20T12:45:00Z,BE,119.60,15
2025-11-20T12:45:00Z,CZ,145.43,15
2025-11-20T12:45:00Z,DE-LU,130.44,15
2025-11-20T12:45:00Z,DK1,127.18,15
2025-11-20T12:45:00Z,DK2,130.44,15
2025-11-20T12:45:00Z,EE,175.97,15
2025-11-20T12:45:00Z,ES,40.00,15
2025-11-20T12:45:00Z,FI,130.44,15
2025-11-20T12:45:00Z,FR,78.89,15
2025-11-20T12:45:00Z,GR,102.57,15
2025-11-20T12:45:00Z,HR,152.14,15
2025-11-20T12:45:00Z,HU,155.19,15
2025-11-20T12:45:00Z,IT-CNorth,150.64,15
2025-11-20T12:45:00Z,IT-CSouth,100.00,15
2025-11-20T12:45:00Z,IT-North,150.64,15
2025-11-20T12:45:00Z,IT-Sardinia,100.00,15
2025-11-20T12:45:00Z,IT-Sicily,100.00,15
2025-11-20T12:45:00Z,IT-South,100.00,15
2025-11-20T12:45:00Z,LT,175.97,15
2025-11-20T12:45:00Z,LV,175.97,15
2025-11-20T12:45:00Z,NL,124.56,15
2025-11-20T12:45:00Z,NO1,128.46,15
2025-11-20T12:45:00Z,NO2,124.56,15
2025-11-20T12:45:00Z,NO3,130.24,15
2025-11-20T12:45:00Z,NO4,130.44,15
2025-11-20T12:45:00Z,NO5,127.60,15
2025-11-20T12:45:00Z,PL,175.97,15
2025-11-20T12:45:00Z,PT,40.00,15
2025-11-20T12:45:00Z,RO,155.75,15
2025-11-20T12:45:00Z,RS,129.50,15
2025-11-20T12:45:00Z,SE1,130.44,15
2025-11-20T12:45:00Z,SE2,130.44,15
2025-11-20T12:45:00Z,SE3,130.44,15
2025-11-20T12:45:00Z,SE4,130.44,15
2025-11-20T12:45:00Z,SI,150.64,15
2025-11-20T12:45:00Z,SK,157.67,15
2025-11-20T13:00:00Z,AT,132.56,15
2025-11-20T13:00:00Z,BE,117.97,15
2025-11-20T13:00:00Z,CH,127.10,60
2025-11-20T13:00:00Z,CZ,131.50,15
2025-11-20T13:00:00Z,DE-LU,124.97,15
2025-11-20T13:00:00Z,DK1,121.84,15
2025-11-20T13:00:00Z,DK2,124.97,15
2025-11-20T13:00:00Z,EE,144.45,15
2025-11-20T13:00:00Z,ES,39.00,15
2025-11-20T13:00:00Z,FI,124.97,15
2025-11-20T13:00:00Z,FR,92.78,15
2025-11-20T13:00:00Z,GR,90.95,15
2025-11-20T13:00:00Z,HR,134.85,15
2025-11-20T13:00:00Z,HU,135.93,15
2025-11-20T13:00:00Z,IT-CNorth,132.10,15
2025-11-20T13:00:00Z,IT-CSouth,103.28,15
2025-11-20T13:00:00Z,IT-North,132.10,15
2025-11-20T13:00:00Z,IT-Sardinia,103.28,15
2025-11-20T13:00:00Z,IT-Sicily,103.28,15
2025-11-20T13:00:00Z,IT-South,103.28,15
2025-11-20T13:00:00Z,LT,144.45,15
2025-11-20T13:00:00Z,LV,144.45,15
2025-11-20T13:00:00Z,NL,121.20,15
2025-11-20T13:00:00Z,NO1,121.05,15
2025-11-20T13:00:00Z,NO2,117.30,15
2025-11-20T13:00:00Z,NO3,124.62,15
2025-11-20T13:00:00Z,NO4,124.97,15
2025-11-20T13:00:00Z,NO5,120.22,15
2025-11-20T13:00:00Z,PL,144.45,15
2025-11-20T13:00:00Z,PT,39.00,15
2025-11-20T13:00:00Z,RO,136.20,15
2025-11-20T13:00:00Z,RS,148.06,15
2025-11-20T13:00:00Z,SE1,124.97,15
2025-11-20T13:00:00Z,SE2,124.97,15
2025-11-20T13:00:00Z,SE3,124.97,15
2025-11-20T13:00:00Z,SE4,124.97,15
2025-11-20T13:00:00Z,SI,134.30,15
2025-11-20T13:00:00Z,SK,136.81,15
2025-11-20T13:15:00Z,AT,147.00,15
2025-11-20T13:15:00Z,BE,123.42,15
2025-11-20T13:15:00Z,CZ,145.45,15
2025-11-20T13:15:00Z,DE-LU,133.67,15
2025-11-20T13:15:00Z,DK1,130.32,15
2025-11-20T13:15:00Z,DK2,133.67,15
2025-11-20T13:15:00Z,EE,169.50,15
2025-11-20T13:15:00Z,ES,35.35,15
2025-11-20T13:15:00Z,FI,133.67,15
2025-11-20T13:15:00Z,FR,85.74,15
2025-11-20T13:15:00Z,GR,97.56,15
2025-11-20T13:15:00Z,HR,151.14,15
2025-11-20T13:15:00Z,HU,153.37,15
2025-11-20T13:15:00Z,IT-CNorth,141.57,15
2025-11-20T13:15:00Z,IT-CSouth,108.28,15
2025-11-20T13:15:00Z,IT-North,141.57,15
2025-11-20T13:15:00Z,IT-Sardinia,108.28,15
2025-11-20T13:15:00Z,IT-Sicily,108.28,15
2025-11-20T13:15:00Z,IT-South,108.28,15
2025-11-20T13:15:00Z,LT,169.50,15
2025-11-20T13:15:00Z,LV,169.50,15
2025-11-20T13:15:00Z,NL,128.20,15
2025-11-20T13:15:00Z,NO1,130.58,15
2025-11-20T13:15:00Z,NO2,126.58,15
2025-11-20T13:15:00Z,NO3,133.38,15
2025-11-20T13:15:00Z,NO4,133.67,15
2025-11-20T13:15:00Z,NO5,129.70,15
2025-11-20T13:15:00Z,PL,169.50,15
2025-11-20T13:15:00Z,PT,35.35,15
2025-11-20T13:15:00Z,RO,153.83,15
2025-11-20T13:15:00Z,RS,148.06,15
2025-11-20T13:15:00Z,SE1,133.67,15
2025-11-20T13:15:00Z,SE2,133.67,15
2025-11-20T13:15:00Z,SE3,133.67,15
2025-11-20T13:15:00Z,SE4,133.67,15
2025-11-20T13:15:00Z,SI,150.03,15
2025-11-20T13:15:00Z,SK,155.10,15
2025-11-20T13:30:00Z,AT,160.25,15
2025-11-20T13:30:00Z,BE,126.11,15
2025-11-20T13:30:00Z,CZ,158.40,15
2025-11-20T13:30:00Z,DE-LU,138.51,15
2025-11-20T13:30:00Z,DK1,135.05,15
2025-11-20T13:30:00Z,DK2,138.51,15
2025-11-20T13:30:00Z,EE,200.40,15
2025-11-20T13:30:00Z,ES,33.66,15
2025-11-20T13:30:00Z,FI,138.51,15
2025-11-20T13:30:00Z,FR,78.53,15
2025-11-20T13:30:00Z,GR,105.92,15
2025-11-20T13:30:00Z,HR,167.25,15
2025-11-20T13:30:00Z,HU,171.62,15
2025-11-20T13:30:00Z,IT-CNorth,160.25,15
2025-11-20T13:30:00Z,IT-CSouth,108.28,15
2025-11-20T13:30:00Z,IT-North,160.25,15
2025-11-20T13:30:00Z,IT-Sardinia,108.28,15
2025-11-20T13:30:00Z,IT-Sicily,108.28,15
2025-11-20T13:30:00Z,IT-South,108.28,15
2025-11-20T13:30:00Z,LT,200.40,15
2025-11-20T13:30:00Z,LV,200.40,15
2025-11-20T13:30:00Z,NL,132.00,15
2025-11-20T13:30:00Z,NO1,135.31,15
2025-11-20T13:30:00Z,NO2,131.16,15
2025-11-20T13:30:00Z,NO3,138.21,15
2025-11-20T13:30:00Z,NO4,138.51,15
2025-11-20T13:30:00Z,NO5,134.40,15
2025-11-20T13:30:00Z,PL,200.40,15
2025-11-20T13:30:00Z,PT,33.66,15
2025-11-20T13:30:00Z,RO,172.35,15
2025-11-20T13:30:00Z,RS,148.06,15
2025-11-20T13:30:00Z,SE1,138.51,15
2025-11-20T13:30:00Z,SE2,138.51,15
2025-11-20T13:30:00Z,SE3,138.51,15
2025-11-20T13:30:00Z,SE4,138.51,15
2025-11-20T13:30:00Z,SI,165.17,15
2025-11-20T13:30:00Z,SK,174.81,15
2025-11-20T13:45:00Z,AT,180.57,15
2025-11-20T13:45:00Z,BE,133.37,15
2025-11-20T13:45:00Z,CZ,156.06,15
2025-11-20T13:45:00Z,DE-LU,139.66,15
2025-11-20T13:45:00Z,DK1,139.30,15
2025-11-20T13:45:00Z,DK2,139.66,15
2025-11-20T13:45:00Z,EE,200.00,15
2025-11-20T13:45:00Z,ES,31.50,15
2025-11-20T13:45:00Z,FI,139.66,15
2025-11-20T13:45:00Z,FR,100.88,15
2025-11-20T13:45:00Z,GR,142.81,15
2025-11-20T13:45:00Z,HR,198.72,15
2025-11-20T13:45:00Z,HU,213.54,15
2025-11-20T13:45:00Z,IT-CNorth,168.00,15
2025-11-20T13:45:00Z,IT-CSouth,117.40,15
2025-11-20T13:45:00Z,IT-North,168.00,15
2025-11-20T13:45:00Z,IT-Sardinia,117.40,15
2025-11-20T13:45:00Z,IT-Sicily,117.40,15
2025-11-20T13:45:00Z,IT-South,117.40,15
2025-11-20T13:45:00Z,LT,200.00,15
2025-11-20T13:45:00Z,LV,200.00,15
2025-11-20T13:45:00Z,NL,136.44,15
2025-11-20T13:45:00Z,NO1,139.48,15
2025-11-20T13:45:00Z,NO2,135.29,15
2025-11-20T13:45:00Z,NO3,139.59,15
2025-11-20T13:45:00Z,NO4,139.66,15
2025-11-20T13:45:00Z,NO5,138.56,15
2025-11-20T13:45:00Z,PL,200.00,15
2025-11-20T13:45:00Z,PT,31.50,15
2025-11-20T13:45:00Z,RO,212.52,15
2025-11-20T13:45:00Z,RS,148.06,15
2025-11-20T13:45:00Z,SE1,139.66,15
2025-11-20T13:45:00Z,SE2,139.66,15
2025-11-20T13:45:00Z,SE3,139.66,15
2025-11-20T13:45:00Z,SE4,139.66,15
2025-11-20T13:45:00Z,SI,192.64,15
2025-11-20T13:45:00Z,SK,229.18,15
2025-11-20T14:00:00Z,AT,145.19,15
2025-11-20T14:00:00Z,BE,120.59,15
2025-11-20T14:00:00Z,CH,131.90,60
2025-11-20T14:00:00Z,CZ,143.45,15
2025-11-20T14:00:00Z,DE-LU,132.18,15
2025-11-20T14:00:00Z,DK1,131.85,15
2025-11-20T14:00:00Z,DK2,132.18,15
2025-11-20T14:00:00Z,EE,132.18,15
2025-11-20T14:00:00Z,ES,35.10,15
2025-11-20T14:00:00Z,FI,132.18,15
2025-11-20T14:00:00Z,FR,79.72,15
2025-11-20T14:00:00Z,GR,92.46,15
2025-11-20T14:00:00Z,HR,149.25,15
2025-11-20T14:00:00Z,HU,151.09,15
2025-11-20T14:00:00Z,IT-CNorth,131.90,15
2025-11-20T14:00:00Z,IT-CSouth,118.25,15
2025-11-20T14:00:00Z,IT-North,131.90,15
2025-11-20T14:00:00Z,IT-Sardinia,118.25,15
2025-11-20T14:00:00Z,IT-Sicily,118.25,15
2025-11-20T14:00:00Z,IT-South,118.25,15
2025-11-20T14:00:00Z,LT,132.18,15
2025-11-20T14:00:00Z,LV,132.18,15
2025-11-20T14:00:00Z,NL,126.01,15
2025-11-20T14:00:00Z,NO1,132.03,15
2025-11-20T14:00:00Z,NO2,128.07,15
2025-11-20T14:00:00Z,NO3,132.11,15
2025-11-20T14:00:00Z,NO4,132.18,15
2025-11-20T14:00:00Z,NO5,131.08,15
2025-11-20T14:00:00Z,PL,166.09,15
2025-11-20T14:00:00Z,PT,35.10,15
2025-11-20T14:00:00Z,RO,151.55,15
2025-11-20T14:00:00Z,RS,159.00,15
2025-11-20T14:00:00Z,SE1,132.18,15
2025-11-20T14:00:00Z,SE2,132.18,15
2025-11-20T14:00:00Z,SE3,132.18,15
2025-11-20T14:00:00Z,SE4,132.18,15
2025-11-20T14:00:00Z,SI,148.18,15
2025-11-20T14:00:00Z,SK,152.87,15
2025-11-20T14:15:00Z,AT,153.31,15
2025-11-20T14:15:00Z,BE,135.50,15
2025-11-20T14:15:00Z,CZ,151.86,15
2025-11-20T14:15:00Z,DE-LU,145.12,15
2025-11-20T14:15:00Z,DK1,144.76,15
2025-11-20T14:15:00Z,DK2,145.12,15
2025-11-20T14:15:00Z,EE,145.12,15
2025-11-20T14:15:00Z,ES,40.00,15
2025-11-20T14:15:00Z,FI,145.12,15
2025-11-20T14:15:00Z,FR,102.47,15
2025-11-20T14:15:00Z,GR,105.18,15
2025-11-20T14:15:00Z,HR,155.71,15
2025-11-20T14:15:00Z,HU,156.47,15
2025-11-20T14:15:00Z,IT-CNorth,135.99,15
2025-11-20T14:15:00Z,IT-CSouth,120.00,15
2025-11-20T14:15:00Z,IT-North,135.99,15
2025-11-20T14:15:00Z,IT-Sardinia,120.00,15
2025-11-20T14:15:00Z,IT-Sicily,120.00,15
2025-11-20T14:15:00Z,IT-South,120.00,15
2025-11-20T14:15:00Z,LT,145.12,15
2025-11-20T14:15:00Z,LV,145.12,15
2025-11-20T14:15:00Z,NL,139.95,15
2025-11-20T14:15:00Z,NO1,144.96,15
2025-11-20T14:15:00Z,NO2,140.61,15
2025-11-20T14:15:00Z,NO3,145.05,15
2025-11-20T14:15:00Z,NO4,145.12,15
2025-11-20T14:15:00Z,NO5,143.91,15
2025-11-20T14:15:00Z,PL,164.60,15
2025-11-20T14:15:00Z,PT,40.00,15
2025-11-20T14:15:00Z,RO,156.78,15
2025-11-20T14:15:00Z,RS,159.00,15
2025-11-20T14:15:00Z,SE1,145.12,15
2025-11-20T14:15:00Z,SE2,145.12,15
2025-11-20T14:15:00Z,SE3,145.12,15
2025-11-20T14:15:00Z,SE4,145.12,15
2025-11-20T14:15:00Z,SI,155.20,15
2025-11-20T14:15:00Z,SK,157.41,15
2025-11-20T14:30:00Z,AT,162.38,15
2025-11-20T14:30:00Z,BE,135.11,15
2025-11-20T14:30:00Z,CZ,160.13,15
2025-11-20T14:30:00Z,DE-LU,150.00,15
2025-11-20T14:30:00Z,DK1,150.00,15
2025-11-20T14:30:00Z,DK2,150.00,15
2025-11-20T14:30:00Z,EE,150.00,15
2025-11-20T14:30:00Z,ES,50.00,15
2025-11-20T14:30:00Z,FI,150.00,15
2025-11-20T14:30:00Z,FR,84.15,15
2025-11-20T14:30:00Z,GR,123.41,15
2025-11-20T14:30:00Z,HR,165.98,15
2025-11-20T14:30:00Z,HU,167.08,15
2025-11-20T14:30:00Z,IT-CNorth,139.56,15
2025-11-20T14:30:00Z,IT-CSouth,139.56,15
2025-11-20T14:30:00Z,IT-North,139.56,15
2025-11-20T14:30:00Z,IT-Sardinia,139.56,15
2025-11-20T14:30:00Z,IT-Sicily,139.56,15
2025-11-20T14:30:00Z,IT-South,139.56,15
2025-11-20T14:30:00Z,LT,150.00,15
2025-11-20T14:30:00Z,LV,150.00,15
2025-11-20T14:30:00Z,NL,141.99,15
2025-11-20T14:30:00Z,NO1,149.83,15
2025-11-20T14:30:00Z,NO2,145.33,15
2025-11-20T14:30:00Z,NO3,149.92,15
2025-11-20T14:30:00Z,NO4,150.00,15
2025-11-20T14:30:00Z,NO5,148.75,15
2025-11-20T14:30:00Z,PL,179.16,15
2025-11-20T14:30:00Z,PT,50.00,15
2025-11-20T14:30:00Z,RO,167.54,15
2025-11-20T14:30:00Z,RS,159.00,15
2025-11-20T14:30:00Z,SE1,150.00,15
2025-11-20T14:30:00Z,SE2,150.00,15
2025-11-20T14:30:00Z,SE3,150.00,15
2025-11-20T14:30:00Z,SE4,150.00,15
2025-11-20T14:30:00Z,SI,165.23,15
2025-11-20T14:30:00Z,SK,168.46,15
2025-11-20T14:45:00Z,AT,184.99,15
2025-11-20T14:45:00Z,BE,157.83,15
2025-11-20T14:45:00Z,CZ,182.95,15
2025-11-20T14:45:00Z,DE-LU,171.44,15
2025-11-20T14:45:00Z,DK1,170.64,15
2025-11-20T14:45:00Z,DK2,171.44,15
2025-11-20T14:45:00Z,EE,171.44,15
2025-11-20T14:45:00Z,ES,55.35,15
2025-11-20T14:45:00Z,FI,171.44,15
2025-11-20T14:45:00Z,FR,110.45,15
2025-11-20T14:45:00Z,GR,191.24,15
2025-11-20T14:45:00Z,HR,189.10,15
2025-11-20T14:45:00Z,HU,190.74,15
2025-11-20T14:45:00Z,IT-CNorth,136.90,15
2025-11-20T14:45:00Z,IT-CSouth,134.48,15
2025-11-20T14:45:00Z,IT-North,136.90,15
2025-11-20T14:45:00Z,IT-Sardinia,134.48,15
2025-11-20T14:45:00Z,IT-Sicily,134.48,15
2025-11-20T14:45:00Z,IT-South,134.48,15
2025-11-20T14:45:00Z,LT,171.44,15
2025-11-20T14:45:00Z,LV,171.44,15
2025-11-20T14:45:00Z,NL,164.17,15
2025-11-20T14:45:00Z,NO1,171.25,15
2025-11-20T14:45:00Z,NO2,166.11,15
2025-11-20T14:45:00Z,NO3,171.36,15
2025-11-20T14:45:00Z,NO4,171.44,15
2025-11-20T14:45:00Z,NO5,170.01,15
2025-11-20T14:45:00Z,PL,205.53,15
2025-11-20T14:45:00Z,PT,55.35,15
2025-11-20T14:45:00Z,RO,191.24,15
2025-11-20T14:45:00Z,RS,159.00,15
2025-11-20T14:45:00Z,SE1,171.44,15
2025-11-20T14:45:00Z,SE2,171.44,15
2025-11-20T14:45:00Z,SE3,171.44,15
2025-11-20T14:45:00Z,SE4,171.44,15
2025-11-20T14:45:00Z,SI,188.11,15
2025-11-20T14:45:00Z,SK,192.52,15
2025-11-20T15:00:00Z,AT,155.07,15
2025-11-20T15:00:00Z,BE,119.14,15
2025-11-20T15:00:00Z,CH,146.50,60
2025-11-20T15:00:00Z,CZ,159.41,15
2025-11-20T15:00:00Z,DE-LU,152.00,15
2025-11-20T15:00:00Z,DK1,151.63,15
2025-11-20T15:00:00Z,DK2,150.83,15
2025-11-20T15:00:00Z,EE,150.83,15
2025-11-20T15:00:00Z,ES,64.50,15
2025-11-20T15:00:00Z,FI,150.83,15
2025-11-20T15:00:00Z,FR,98.16,15
2025-11-20T15:00:00Z,GR,124.67,15
2025-11-20T15:00:00Z,HR,156.57,15
2025-11-20T15:00:00Z,HU,161.74,15
2025-11-20T15:00:00Z,IT-CNorth,146.50,15
2025-11-20T15:00:00Z,IT-CSouth,146.50,15
2025-11-20T15:00:00Z,IT-North,146.50,15
2025-11-20T15:00:00Z,IT-Sardinia,146.50,15
2025-11-20T15:00:00Z,IT-Sicily,146.50,15
2025-11-20T15:00:00Z,IT-South,146.50,15
2025-11-20T15:00:00Z,LT,150.83,15
2025-11-20T15:00:00Z,LV,150.83,15
2025-11-20T15:00:00Z,NL,143.51,15
2025-11-20T15:00:00Z,NO1,150.70,15
2025-11-20T15:00:00Z,NO2,147.27,15
2025-11-20T15:00:00Z,NO3,150.77,15
2025-11-20T15:00:00Z,NO4,150.83,15
2025-11-20T15:00:00Z,NO5,149.89,15
2025-11-20T15:00:00Z,PL,178.69,15
2025-11-20T15:00:00Z,PT,64.50,15
2025-11-20T15:00:00Z,RO,161.52,15
2025-11-20T15:00:00Z,RS,179.90,15
2025-11-20T15:00:00Z,SE1,150.83,15
2025-11-20T15:00:00Z,SE2,150.83,15
2025-11-20T15:00:00Z,SE3,150.83,15
2025-11-20T15:00:00Z,SE4,150.83,15
2025-11-20T15:00:00Z,SI,154.42,15
2025-11-20T15:00:00Z,SK,164.10,15
2025-11-20T15:15:00Z,AT,171.08,15
2025-11-20T15:15:00Z,BE,135.55,15
2025-11-20T15:15:00Z,CZ,175.09,15
2025-11-20T15:15:00Z,DE-LU,164.51,15
2025-11-20T15:15:00Z,DK1,164.11,15
2025-11-20T15:15:00Z,DK2,164.11,15
2025-11-20T15:15:00Z,EE,164.11,15
2025-11-20T15:15:00Z,ES,68.50,15
2025-11-20T15:15:00Z,FI,164.11,15
2025-11-20T15:15:00Z,FR,116.99,15
2025-11-20T15:15:00Z,GR,154.75,15
2025-11-20T15:15:00Z,HR,174.16,15
2025-11-20T15:15:00Z,HU,180.29,15
2025-11-20T15:15:00Z,IT-CNorth,146.50,15
2025-11-20T15:15:00Z,IT-CSouth,146.50,15
2025-11-20T15:15:00Z,IT-North,146.50,15
2025-11-20T15:15:00Z,IT-Sardinia,146.50,15
2025-11-20T15:15:00Z,IT-Sicily,146.50,15
2025-11-20T15:15:00Z,IT-South,146.50,15
2025-11-20T15:15:00Z,LT,164.11,15
2025-11-20T15:15:00Z,LV,164.11,15
2025-11-20T15:15:00Z,NL,157.26,15
2025-11-20T15:15:00Z,NO1,163.94,15
2025-11-20T15:15:00Z,NO2,159.40,15
2025-11-20T15:15:00Z,NO3,164.03,15
2025-11-20T15:15:00Z,NO4,164.11,15
2025-11-20T15:15:00Z,NO5,162.86,15
2025-11-20T15:15:00Z,PL,201.51,15
2025-11-20T15:15:00Z,PT,68.50,15
2025-11-20T15:15:00Z,RO,180.11,15
2025-11-20T15:15:00Z,RS,179.90,15
2025-11-20T15:15:00Z,SE1,164.11,15
2025-11-20T15:15:00Z,SE2,164.11,15
2025-11-20T15:15:00Z,SE3,164.11,15
2025-11-20T15:15:00Z,SE4,164.11,15
2025-11-20T15:15:00Z,SI,171.50,15
2025-11-20T15:15:00Z,SK,182.42,15
2025-11-20T15:30:00Z,AT,189.36,15
2025-11-20T15:30:00Z,BE,143.49,15
2025-11-20T15:30:00Z,CZ,195.13,15
2025-11-20T15:30:00Z,DE-LU,188.46,15
2025-11-20T15:30:00Z,DK1,183.93,15
2025-11-20T15:30:00Z,DK2,183.93,15
2025-11-20T15:30:00Z,EE,183.93,15
2025-11-20T15:30:00Z,ES,80.75,15
2025-11-20T15:30:00Z,FI,183.93,15
2025-11-20T15:30:00Z,FR,114.83,15
2025-11-20T15:30:00Z,GR,153.64,15
2025-11-20T15:30:00Z,HR,189.94,15
2025-11-20T15:30:00Z,HU,195.68,15
2025-11-20T15:30:00Z,IT-CNorth,154.00,15
2025-11-20T15:30:00Z,IT-CSouth,154.00,15
2025-11-20T15:30:00Z,IT-North,154.00,15
2025-11-20T15:30:00Z,IT-Sardinia,154.00,15
2025-11-20T15:30:00Z,IT-Sicily,154.00,15
2025-11-20T15:30:00Z,IT-South,154.00,15
2025-11-20T15:30:00Z,LT,183.93,15
2025-11-20T15:30:00Z,LV,183.93,15
2025-11-20T15:30:00Z,NL,176.64,15
2025-11-20T15:30:00Z,NO1,179.89,15
2025-11-20T15:30:00Z,NO2,178.61,15
2025-11-20T15:30:00Z,NO3,183.58,15
2025-11-20T15:30:00Z,NO4,183.93,15
2025-11-20T15:30:00Z,NO5,179.59,15
2025-11-20T15:30:00Z,PL,213.43,15
2025-11-20T15:30:00Z,PT,80.75,15
2025-11-20T15:30:00Z,RO,195.37,15
2025-11-20T15:30:00Z,RS,179.90,15
2025-11-20T15:30:00Z,SE1,183.93,15
2025-11-20T15:30:00Z,SE2,183.93,15
2025-11-20T15:30:00Z,SE3,183.93,15
2025-11-20T15:30:00Z,SE4,183.93,15
2025-11-20T15:30:00Z,SI,187.64,15
2025-11-20T15:30:00Z,SK,198.80,15
2025-11-20T15:45:00Z,AT,198.23,15
2025-11-20T15:45:00Z,BE,151.67,15
2025-11-20T15:45:00Z,CZ,204.13,15
2025-11-20T15:45:00Z,DE-LU,198.35,15
2025-11-20T15:45:00Z,DK1,193.59,15
2025-11-20T15:45:00Z,DK2,193.59,15
2025-11-20T15:45:00Z,EE,193.59,15
2025-11-20T15:45:00Z,ES,95.00,15
2025-11-20T15:45:00Z,FI,193.59,15
2025-11-20T15:45:00Z,FR,121.95,15
2025-11-20T15:45:00Z,GR,168.93,15
2025-11-20T15:45:00Z,HR,198.43,15
2025-11-20T15:45:00Z,HU,204.05,15
2025-11-20T15:45:00Z,IT-CNorth,155.00,15
2025-11-20T15:45:00Z,IT-CSouth,155.00,15
2025-11-20T15:45:00Z,IT-North,155.00,15
2025-11-20T15:45:00Z,IT-Sardinia,155.00,15
2025-11-20T15:45:00Z,IT-Sicily,155.00,15
2025-11-20T15:45:00Z,IT-South,155.00,15
2025-11-20T15:45:00Z,LT,193.59,15
2025-11-20T15:45:00Z,LV,193.59,15
2025-11-20T15:45:00Z,NL,186.02,15
2025-11-20T15:45:00Z,NO1,189.60,15
2025-11-20T15:45:00Z,NO2,188.26,15
2025-11-20T15:45:00Z,NO3,193.25,15
2025-11-20T15:45:00Z,NO4,193.59,15
2025-11-20T15:45:00Z,NO5,189.28,15
2025-11-20T15:45:00Z,PL,220.52,15
2025-11-20T15:45:00Z,PT,95.00,15
2025-11-20T15:45:00Z,RO,203.69,15
2025-11-20T15:45:00Z,RS,179.90,15
2025-11-20T15:45:00Z,SE1,193.59,15
2025-11-20T15:45:00Z,SE2,193.59,15
2025-11-20T15:45:00Z,SE3,193.59,15
2025-11-20T15:45:00Z,SE4,193.59,15
2025-11-20T15:45:00Z,SI,196.21,15
2025-11-20T15:45:00Z,SK,207.02,15
2025-11-20T16:00:00Z,AT,175.64,15
2025-11-20T16:00:00Z,BE,145.82,15
2025-11-20T16:00:00Z,CH,155.00,60
2025-11-20T16:00:00Z,CZ,176.08,15
2025-11-20T16:00:00Z,DE-LU,176.57,15
2025-11-20T16:00:00Z,DK1,176.40,15
2025-11-20T16:00:00Z,DK2,176.40,15
2025-11-20T16:00:00Z,EE,176.40,15
2025-11-20T16:00:00Z,ES,90.00,15
2025-11-20T16:00:00Z,FI,176.40,15
2025-11-20T16:00:00Z,FR,127.49,15
2025-11-20T16:00:00Z,GR,154.01,15
2025-11-20T16:00:00Z,HR,173.30,15
2025-11-20T16:00:00Z,HU,175.64,15
2025-11-20T16:00:00Z,IT-CNorth,155.00,15
2025-11-20T16:00:00Z,IT-CSouth,155.00,15
2025-11-20T16:00:00Z,IT-North,155.00,15
2025-11-20T16:00:00Z,IT-Sardinia,155.00,15
2025-11-20T16:00:00Z,IT-Sicily,155.00,15
2025-11-20T16:00:00Z,IT-South,155.00,15
2025-11-20T16:00:00Z,LT,176.40,15
2025-11-20T16:00:00Z,LV,176.40,15
2025-11-20T16:00:00Z,NL,168.59,15
2025-11-20T16:00:00Z,NO1,176.20,15
2025-11-20T16:00:00Z,NO2,171.05,15
2025-11-20T16:00:00Z,NO3,176.31,15
2025-11-20T16:00:00Z,NO4,176.40,15
2025-11-20T16:00:00Z,NO5,175.02,15
2025-11-20T16:00:00Z,PL,176.40,15
2025-11-20T16:00:00Z,PT,90.00,15
2025-11-20T16:00:00Z,RO,175.18,15
2025-11-20T16:00:00Z,RS,162.30,15
2025-11-20T16:00:00Z,SE1,176.40,15
2025-11-20T16:00:00Z,SE2,176.40,15
2025-11-20T16:00:00Z,SE3,176.40,15
2025-11-20T16:00:00Z,SE4,176.40,15
2025-11-20T16:00:00Z,SI,172.61,15
2025-11-20T16:00:00Z,SK,176.08,15
2025-11-20T16:15:00Z,AT,178.09,15
2025-11-20T16:15:00Z,BE,163.79,15
2025-11-20T16:15:00Z,CZ,178.30,15
2025-11-20T16:15:00Z,DE-LU,178.53,15
2025-11-20T16:15:00Z,DK1,178.08,15
2025-11-20T16:15:00Z,DK2,178.08,15
2025-11-20T16:15:00Z,EE,178.08,15
2025-11-20T16:15:00Z,ES,104.40,15
2025-11-20T16:15:00Z,FI,178.08,15
2025-11-20T16:15:00Z,FR,155.00,15
2025-11-20T16:15:00Z,GR,168.70,15
2025-11-20T16:15:00Z,HR,176.96,15
2025-11-20T16:15:00Z,HU,178.09,15
2025-11-20T16:15:00Z,IT-CNorth,155.00,15
2025-11-20T16:15:00Z,IT-CSouth,155.00,15
2025-11-20T16:15:00Z,IT-North,155.00,15
2025-11-20T16:15:00Z,IT-Sardinia,155.00,15
2025-11-20T16:15:00Z,IT-Sicily,155.00,15
2025-11-20T16:15:00Z,IT-South,155.00,15
2025-11-20T16:15:00Z,LT,178.08,15
2025-11-20T16:15:00Z,LV,178.08,15
2025-11-20T16:15:00Z,NL,174.71,15
2025-11-20T16:15:00Z,NO1,177.89,15
2025-11-20T16:15:00Z,NO2,172.95,15
2025-11-20T16:15:00Z,NO3,178.00,15
2025-11-20T16:15:00Z,NO4,178.08,15
2025-11-20T16:15:00Z,NO5,176.76,15
2025-11-20T16:15:00Z,PL,178.45,15
2025-11-20T16:15:00Z,PT,104.40,15
2025-11-20T16:15:00Z,RO,177.87,15
2025-11-20T16:15:00Z,RS,162.30,15
2025-11-20T16:15:00Z,SE1,178.08,15
2025-11-20T16:15:00Z,SE2,178.08,15
2025-11-20T16:15:00Z,SE3,178.08,15
2025-11-20T16:15:00Z,SE4,178.08,15
2025-11-20T16:15:00Z,SI,176.63,15
2025-11-20T16:15:00Z,SK,178.30,15
2025-11-20T16:30:00Z,AT,175.10,15
2025-11-20T16:30:00Z,BE,162.64,15
2025-11-20T16:30:00Z,CZ,175.10,15
2025-11-20T16:30:00Z,DE-LU,175.46,15
2025-11-20T16:30:00Z,DK1,175.02,15
2025-11-20T16:30:00Z,DK2,175.02,15
2025-11-20T16:30:00Z,EE,175.02,15
2025-11-20T16:30:00Z,ES,105.92,15
2025-11-20T16:30:00Z,FI,175.02,15
2025-11-20T16:30:00Z,FR,155.00,15
2025-11-20T16:30:00Z,GR,150.92,15
2025-11-20T16:30:00Z,HR,174.33,15
2025-11-20T16:30:00Z,HU,175.39,15
2025-11-20T16:30:00Z,IT-CNorth,155.00,15
2025-11-20T16:30:00Z,IT-CSouth,155.00,15
2025-11-20T16:30:00Z,IT-North,155.00,15
2025-11-20T16:30:00Z,IT-Sardinia,155.00,15
2025-11-20T16:30:00Z,IT-Sicily,155.00,15
2025-11-20T16:30:00Z,IT-South,155.00,15
2025-11-20T16:30:00Z,LT,175.02,15
2025-11-20T16:30:00Z,LV,175.02,15
2025-11-20T16:30:00Z,NL,172.14,15
2025-11-20T16:30:00Z,NO1,174.83,15
2025-11-20T16:30:00Z,NO2,169.97,15
2025-11-20T16:30:00Z,NO3,174.94,15
2025-11-20T16:30:00Z,NO4,175.02,15
2025-11-20T16:30:00Z,NO5,173.72,15
2025-11-20T16:30:00Z,PL,175.05,15
2025-11-20T16:30:00Z,PT,105.92,15
2025-11-20T16:30:00Z,RO,175.19,15
2025-11-20T16:30:00Z,RS,162.30,15
2025-11-20T16:30:00Z,SE1,175.02,15
2025-11-20T16:30:00Z,SE2,175.02,15
2025-11-20T16:30:00Z,SE3,175.02,15
2025-11-20T16:30:00Z,SE4,175.02,15
2025-11-20T16:30:00Z,SI,173.99,15
2025-11-20T16:30:00Z,SK,175.94,15
2025-11-20T16:45:00Z,AT,170.63,15
2025-11-20T16:45:00Z,BE,161.10,15
2025-11-20T16:45:00Z,CZ,170.63,15
2025-11-20T16:45:00Z,DE-LU,171.33,15
2025-11-20T16:45:00Z,DK1,170.90,15
2025-11-20T16:45:00Z,DK2,170.90,15
2025-11-20T16:45:00Z,EE,170.31,15
2025-11-20T16:45:00Z,ES,111.19,15
2025-11-20T16:45:00Z,FI,170.31,15
2025-11-20T16:45:00Z,FR,155.00,15
2025-11-20T16:45:00Z,GR,146.38,15
2025-11-20T16:45:00Z,HR,170.81,15
2025-11-20T16:45:00Z,HU,172.16,15
2025-11-20T16:45:00Z,IT-CNorth,155.00,15
2025-11-20T16:45:00Z,IT-CSouth,155.00,15
2025-11-20T16:45:00Z,IT-North,155.00,15
2025-11-20T16:45:00Z,IT-Sardinia,155.00,15
2025-11-20T16:45:00Z,IT-Sicily,155.00,15
2025-11-20T16:45:00Z,IT-South,155.00,15
2025-11-20T16:45:00Z,LT,170.31,15
2025-11-20T16:45:00Z,LV,170.31,15
2025-11-20T16:45:00Z,NL,168.69,15
2025-11-20T16:45:00Z,NO1,170.15,15
2025-11-20T16:45:00Z,NO2,165.97,15
2025-11-20T16:45:00Z,NO3,170.25,15
2025-11-20T16:45:00Z,NO4,170.31,15
2025-11-20T16:45:00Z,NO5,169.19,15
2025-11-20T16:45:00Z,PL,170.31,15
2025-11-20T16:45:00Z,PT,111.19,15
2025-11-20T16:45:00Z,RO,171.90,15
2025-11-20T16:45:00Z,RS,162.30,15
2025-11-20T16:45:00Z,SE1,170.31,15
2025-11-20T16:45:00Z,SE2,170.31,15
2025-11-20T16:45:00Z,SE3,170.31,15
2025-11-20T16:45:00Z,SE4,170.31,15
2025-11-20T16:45:00Z,SI,170.31,15
2025-11-20T16:45:00Z,SK,172.30,15
2025-11-20T17:00:00Z,AT,169.88,15
2025-11-20T17:00:00Z,BE,160.76,15
2025-11-20T17:00:00Z,CH,148.91,60
2025-11-20T17:00:00Z,CZ,169.99,15
2025-11-20T17:00:00Z,DE-LU,170.61,15
2025-11-20T17:00:00Z,DK1,170.26,15
2025-11-20T17:00:00Z,DK2,170.26,15
2025-11-20T17:00:00Z,EE,169.78,15
2025-11-20T17:00:00Z,ES,107.56,15
2025-11-20T17:00:00Z,FI,169.78,15
2025-11-20T17:00:00Z,FR,155.00,15
2025-11-20T17:00:00Z,GR,171.07,15
2025-11-20T17:00:00Z,HR,170.03,15
2025-11-20T17:00:00Z,HU,171.32,15
2025-11-20T17:00:00Z,IT-CNorth,155.00,15
2025-11-20T17:00:00Z,IT-CSouth,155.00,15
2025-11-20T17:00:00Z,IT-North,155.00,15
2025-11-20T17:00:00Z,IT-Sardinia,155.00,15
2025-11-20T17:00:00Z,IT-Sicily,155.00,15
2025-11-20T17:00:00Z,IT-South,155.00,15
2025-11-20T17:00:00Z,LT,169.78,15
2025-11-20T17:00:00Z,LV,169.78,15
2025-11-20T17:00:00Z,NL,168.06,15
2025-11-20T17:00:00Z,NO1,165.32,15
2025-11-20T17:00:00Z,NO2,165.32,15
2025-11-20T17:00:00Z,NO3,169.44,15
2025-11-20T17:00:00Z,NO4,169.78,15
2025-11-20T17:00:00Z,NO5,165.32,15
2025-11-20T17:00:00Z,PL,169.71,15
2025-11-20T17:00:00Z,PT,107.56,15
2025-11-20T17:00:00Z,RO,171.07,15
2025-11-20T17:00:00Z,RS,143.57,15
2025-11-20T17:00:00Z,SE1,169.78,15
2025-11-20T17:00:00Z,SE2,169.78,15
2025-11-20T17:00:00Z,SE3,169.78,15
2025-11-20T17:00:00Z,SE4,169.78,15
2025-11-20T17:00:00Z,SI,169.56,15
2025-11-20T17:00:00Z,SK,171.32,15
2025-11-20T17:15:00Z,AT,164.02,15
2025-11-20T17:15:00Z,BE,158.47,15
2025-11-20T17:15:00Z,CZ,164.02,15
2025-11-20T17:15:00Z,DE-LU,164.40,15
2025-11-20T17:15:00Z,DK1,163.74,15
2025-11-20T17:15:00Z,DK2,163.74,15
2025-11-20T17:15:00Z,EE,163.74,15
2025-11-20T17:15:00Z,ES,115.35,15
2025-11-20T17:15:00Z,FI,163.74,15
2025-11-20T17:15:00Z,FR,155.00,15
2025-11-20T17:15:00Z,GR,164.72,15
2025-11-20T17:15:00Z,HR,164.10,15
2025-11-20T17:15:00Z,HU,164.86,15
2025-11-20T17:15:00Z,IT-CNorth,155.00,15
2025-11-20T17:15:00Z,IT-CSouth,155.00,15
2025-11-20T17:15:00Z,IT-North,155.00,15
2025-11-20T17:15:00Z,IT-Sardinia,155.00,15
2025-11-20T17:15:00Z,IT-Sicily,155.00,15
2025-11-20T17:15:00Z,IT-South,155.00,15
2025-11-20T17:15:00Z,LT,163.81,15
2025-11-20T17:15:00Z,LV,163.81,15
2025-11-20T17:15:00Z,NL,162.87,15
2025-11-20T17:15:00Z,NO1,159.31,15
2025-11-20T17:15:00Z,NO2,159.31,15
2025-11-20T17:15:00Z,NO3,163.40,15
2025-11-20T17:15:00Z,NO4,163.74,15
2025-11-20T17:15:00Z,NO5,159.31,15
2025-11-20T17:15:00Z,PL,163.81,15
2025-11-20T17:15:00Z,PT,115.35,15
2025-11-20T17:15:00Z,RO,164.72,15
2025-11-20T17:15:00Z,RS,143.57,15
2025-11-20T17:15:00Z,SE1,163.74,15
2025-11-20T17:15:00Z,SE2,163.74,15
2025-11-20T17:15:00Z,SE3,163.74,15
2025-11-20T17:15:00Z,SE4,163.74,15
2025-11-20T17:15:00Z,SI,163.82,15
2025-11-20T17:15:00Z,SK,165.02,15
2025-11-20T17:30:00Z,AT,159.67,15
2025-11-20T17:30:00Z,BE,159.67,15
2025-11-20T17:30:00Z,CZ,159.67,15
2025-11-20T17:30:00Z,DE-LU,159.67,15
2025-11-20T17:30:00Z,DK1,159.67,15
2025-11-20T17:30:00Z,DK2,159.67,15
2025-11-20T17:30:00Z,EE,159.67,15
2025-11-20T17:30:00Z,ES,120.00,15
2025-11-20T17:30:00Z,FI,159.67,15
2025-11-20T17:30:00Z,FR,159.67,15
2025-11-20T17:30:00Z,GR,147.83,15
2025-11-20T17:30:00Z,HR,159.67,15
2025-11-20T17:30:00Z,HU,159.67,15
2025-11-20T17:30:00Z,IT-CNorth,159.67,15
2025-11-20T17:30:00Z,IT-CSouth,155.00,15
2025-11-20T17:30:00Z,IT-North,159.67,15
2025-11-20T17:30:00Z,IT-Sardinia,155.00,15
2025-11-20T17:30:00Z,IT-Sicily,155.00,15
2025-11-20T17:30:00Z,IT-South,155.00,15
2025-11-20T17:30:00Z,LT,159.67,15
2025-11-20T17:30:00Z,LV,159.67,15
2025-11-20T17:30:00Z,NL,159.67,15
2025-11-20T17:30:00Z,NO1,154.72,15
2025-11-20T17:30:00Z,NO2,154.72,15
2025-11-20T17:30:00Z,NO3,159.29,15
2025-11-20T17:30:00Z,NO4,159.67,15
2025-11-20T17:30:00Z,NO5,154.72,15
2025-11-20T17:30:00Z,PL,159.67,15
2025-11-20T17:30:00Z,PT,120.00,15
2025-11-20T17:30:00Z,RO,159.67,15
2025-11-20T17:30:00Z,RS,143.57,15
2025-11-20T17:30:00Z,SE1,159.67,15
2025-11-20T17:30:00Z,SE2,159.67,15
2025-11-20T17:30:00Z,SE3,159.67,15
2025-11-20T17:30:00Z,SE4,159.67,15
2025-11-20T17:30:00Z,SI,159.67,15
2025-11-20T17:30:00Z,SK,159.67,15
2025-11-20T17:45:00Z,AT,158.32,15
2025-11-20T17:45:00Z,BE,158.32,15
2025-11-20T17:45:00Z,CZ,158.32,15
2025-11-20T17:45:00Z,DE-LU,158.32,15
2025-11-20T17:45:00Z,DK1,158.32,15
2025-11-20T17:45:00Z,DK2,158.32,15
2025-11-20T17:45:00Z,EE,158.32,15
2025-11-20T17:45:00Z,ES,123.41,15
2025-11-20T17:45:00Z,FI,158.32,15
2025-11-20T17:45:00Z,FR,158.32,15
2025-11-20T17:45:00Z,GR,136.39,15
2025-11-20T17:45:00Z,HR,158.32,15
2025-11-20T17:45:00Z,HU,158.32,15
2025-11-20T17:45:00Z,IT-CNorth,158.32,15
2025-11-20T17:45:00Z,IT-CSouth,155.00,15
2025-11-20T17:45:00Z,IT-North,158.32,15
2025-11-20T17:45:00Z,IT-Sardinia,155.00,15
2025-11-20T17:45:00Z,IT-Sicily,155.00,15
2025-11-20T17:45:00Z,IT-South,155.00,15
2025-11-20T17:45:00Z,LT,158.32,15
2025-11-20T17:45:00Z,LV,158.32,15
2025-11-20T17:45:00Z,NL,158.32,15
2025-11-20T17:45:00Z,NO1,153.73,15
2025-11-20T17:45:00Z,NO2,153.73,15
2025-11-20T17:45:00Z,NO3,157.97,15
2025-11-20T17:45:00Z,NO4,158.32,15
2025-11-20T17:45:00Z,NO5,153.73,15
2025-11-20T17:45:00Z,PL,158.32,15
2025-11-20T17:45:00Z,PT,123.41,15
2025-11-20T17:45:00Z,RO,158.32,15
2025-11-20T17:45:00Z,RS,143.57,15
2025-11-20T17:45:00Z,SE1,158.32,15
2025-11-20T17:45:00Z,SE2,158.32,15
2025-11-20T17:45:00Z,SE3,158.32,15
2025-11-20T17:45:00Z,SE4,158.32,15
2025-11-20T17:45:00Z,SI,158.32,15
2025-11-20T17:45:00Z,SK,158.32,15
2025-11-20T18:00:00Z,AT,166.70,15
2025-11-20T18:00:00Z,BE,166.70,15
2025-11-20T18:00:00Z,CH,137.06,60
2025-11-20T18:00:00Z,CZ,166.70,15
2025-11-20T18:00:00Z,DE-LU,166.70,15
2025-11-20T18:00:00Z,DK1,166.70,15
2025-11-20T18:00:00Z,DK2,166.70,15
2025-11-20T18:00:00Z,EE,162.70,15
2025-11-20T18:00:00Z,ES,122.18,15
2025-11-20T18:00:00Z,FI,162.70,15
2025-11-20T18:00:00Z,FR,166.70,15
2025-11-20T18:00:00Z,GR,166.70,15
2025-11-20T18:00:00Z,HR,166.70,15
2025-11-20T18:00:00Z,HU,166.70,15
2025-11-20T18:00:00Z,IT-CNorth,166.70,15
2025-11-20T18:00:00Z,IT-CSouth,166.70,15
2025-11-20T18:00:00Z,IT-North,166.70,15
2025-11-20T18:00:00Z,IT-Sardinia,166.70,15
2025-11-20T18:00:00Z,IT-Sicily,166.70,15
2025-11-20T18:00:00Z,IT-South,166.70,15
2025-11-20T18:00:00Z,LT,166.70,15
2025-11-20T18:00:00Z,LV,166.70,15
2025-11-20T18:00:00Z,NL,166.70,15
2025-11-20T18:00:00Z,NO1,161.54,15
2025-11-20T18:00:00Z,NO2,161.54,15
2025-11-20T18:00:00Z,NO3,162.62,15
2025-11-20T18:00:00Z,NO4,162.70,15
2025-11-20T18:00:00Z,NO5,161.54,15
2025-11-20T18:00:00Z,PL,166.70,15
2025-11-20T18:00:00Z,PT,122.18,15
2025-11-20T18:00:00Z,RO,166.70,15
2025-11-20T18:00:00Z,RS,140.00,15
2025-11-20T18:00:00Z,SE1,162.70,15
2025-11-20T18:00:00Z,SE2,162.70,15
2025-11-20T18:00:00Z,SE3,162.70,15
2025-11-20T18:00:00Z,SE4,162.70,15
2025-11-20T18:00:00Z,SI,166.70,15
2025-11-20T18:00:00Z,SK,166.70,15
2025-11-20T18:15:00Z,AT,156.79,15
2025-11-20T18:15:00Z,BE,156.79,15
2025-11-20T18:15:00Z,CZ,156.79,15
2025-11-20T18:15:00Z,DE-LU,156.79,15
2025-11-20T18:15:00Z,DK1,156.79,15
2025-11-20T18:15:00Z,DK2,156.79,15
2025-11-20T18:15:00Z,EE,153.03,15
2025-11-20T18:15:00Z,ES,124.00,15
2025-11-20T18:15:00Z,FI,153.03,15
2025-11-20T18:15:00Z,FR,156.79,15
2025-11-20T18:15:00Z,GR,151.42,15
2025-11-20T18:15:00Z,HR,156.79,15
2025-11-20T18:15:00Z,HU,156.79,15
2025-11-20T18:15:00Z,IT-CNorth,156.79,15
2025-11-20T18:15:00Z,IT-CSouth,156.79,15
2025-11-20T18:15:00Z,IT-North,156.79,15
2025-11-20T18:15:00Z,IT-Sardinia,156.79,15
2025-11-20T18:15:00Z,IT-Sicily,156.79,15
2025-11-20T18:15:00Z,IT-South,156.79,15
2025-11-20T18:15:00Z,LT,156.79,15
2025-11-20T18:15:00Z,LV,156.79,15
2025-11-20T18:15:00Z,NL,156.79,15
2025-11-20T18:15:00Z,NO1,151.93,15
2025-11-20T18:15:00Z,NO2,151.93,15
2025-11-20T18:15:00Z,NO3,152.95,15
2025-11-20T18:15:00Z,NO4,153.03,15
2025-11-20T18:15:00Z,NO5,151.93,15
2025-11-20T18:15:00Z,PL,156.79,15
2025-11-20T18:15:00Z,PT,124.00,15
2025-11-20T18:15:00Z,RO,156.79,15
2025-11-20T18:15:00Z,RS,140.00,15
2025-11-20T18:15:00Z,SE1,153.03,15
2025-11-20T18:15:00Z,SE2,153.03,15
2025-11-20T18:15:00Z,SE3,153.03,15
2025-11-20T18:15:00Z,SE4,153.03,15
2025-11-20T18:15:00Z,SI,156.79,15
2025-11-20T18:15:00Z,SK,156.79,15
2025-11-20T18:30:00Z,AT,154.43,15
2025-11-20T18:30:00Z,BE,150.39,15
2025-11-20T18:30:00Z,CZ,154.17,15
2025-11-20T18:30:00Z,DE-LU,154.52,15
2025-11-20T18:30:00Z,DK1,153.53,15
2025-11-20T18:30:00Z,DK2,153.53,15
2025-11-20T18:30:00Z,EE,149.73,15
2025-11-20T18:30:00Z,ES,125.48,15
2025-11-20T18:30:00Z,FI,149.73,15
2025-11-20T18:30:00Z,FR,147.97,15
2025-11-20T18:30:00Z,GR,151.04,15
2025-11-20T18:30:00Z,HR,154.54,15
2025-11-20T18:30:00Z,HU,155.09,15
2025-11-20T18:30:00Z,IT-CNorth,147.97,15
2025-11-20T18:30:00Z,IT-CSouth,147.97,15
2025-11-20T18:30:00Z,IT-North,147.97,15
2025-11-20T18:30:00Z,IT-Sardinia,147.97,15
2025-11-20T18:30:00Z,IT-Sicily,147.97,15
2025-11-20T18:30:00Z,IT-South,147.97,15
2025-11-20T18:30:00Z,LT,153.91,15
2025-11-20T18:30:00Z,LV,153.91,15
2025-11-20T18:30:00Z,NL,153.41,15
2025-11-20T18:30:00Z,NO1,149.73,15
2025-11-20T18:30:00Z,NO2,149.73,15
2025-11-20T18:30:00Z,NO3,149.73,15
2025-11-20T18:30:00Z,NO4,149.73,15
2025-11-20T18:30:00Z,NO5,149.73,15
2025-11-20T18:30:00Z,PL,153.91,15
2025-11-20T18:30:00Z,PT,125.48,15
2025-11-20T18:30:00Z,RO,154.99,15
2025-11-20T18:30:00Z,RS,140.00,15
2025-11-20T18:30:00Z,SE1,149.73,15
2025-11-20T18:30:00Z,SE2,149.73,15
2025-11-20T18:30:00Z,SE3,149.73,15
2025-11-20T18:30:00Z,SE4,149.73,15
2025-11-20T18:30:00Z,SI,154.33,15
2025-11-20T18:30:00Z,SK,155.57,15
2025-11-20T18:45:00Z,AT,145.94,15
2025-11-20T18:45:00Z,BE,140.58,15
2025-11-20T18:45:00Z,CZ,145.60,15
2025-11-20T18:45:00Z,DE-LU,146.06,15
2025-11-20T18:45:00Z,DK1,146.06,15
2025-11-20T18:45:00Z,DK2,146.06,15
2025-11-20T18:45:00Z,EE,142.41,15
2025-11-20T18:45:00Z,ES,125.88,15
2025-11-20T18:45:00Z,FI,142.41,15
2025-11-20T18:45:00Z,FR,137.37,15
2025-11-20T18:45:00Z,GR,139.68,15
2025-11-20T18:45:00Z,HR,146.09,15
2025-11-20T18:45:00Z,HU,146.82,15
2025-11-20T18:45:00Z,IT-CNorth,137.37,15
2025-11-20T18:45:00Z,IT-CSouth,137.37,15
2025-11-20T18:45:00Z,IT-North,137.37,15
2025-11-20T18:45:00Z,IT-Sardinia,137.37,15
2025-11-20T18:45:00Z,IT-Sicily,137.37,15
2025-11-20T18:45:00Z,IT-South,137.37,15
2025-11-20T18:45:00Z,LT,145.26,15
2025-11-20T18:45:00Z,LV,145.26,15
2025-11-20T18:45:00Z,NL,144.59,15
2025-11-20T18:45:00Z,NO1,141.82,15
2025-11-20T18:45:00Z,NO2,141.82,15
2025-11-20T18:45:00Z,NO3,142.37,15
2025-11-20T18:45:00Z,NO4,142.41,15
2025-11-20T18:45:00Z,NO5,141.82,15
2025-11-20T18:45:00Z,PL,145.26,15
2025-11-20T18:45:00Z,PT,125.88,15
2025-11-20T18:45:00Z,RO,146.69,15
2025-11-20T18:45:00Z,RS,140.00,15
2025-11-20T18:45:00Z,SE1,142.41,15
2025-11-20T18:45:00Z,SE2,142.41,15
2025-11-20T18:45:00Z,SE3,142.41,15
2025-11-20T18:45:00Z,SE4,142.41,15
2025-11-20T18:45:00Z,SI,145.82,15
2025-11-20T18:45:00Z,SK,147.46,15
2025-11-20T19:00:00Z,AT,145.95,15
2025-11-20T19:00:00Z,BE,141.59,15
2025-11-20T19:00:00Z,CH,126.64,60
2025-11-20T19:00:00Z,CZ,145.67,15
2025-11-20T19:00:00Z,DE-LU,146.05,15
2025-11-20T19:00:00Z,DK1,144.85,15
2025-11-20T19:00:00Z,DK2,141.22,15
2025-11-20T19:00:00Z,EE,141.23,15
2025-11-20T19:00:00Z,ES,130.01,15
2025-11-20T19:00:00Z,FI,141.23,15
2025-11-20T19:00:00Z,FR,138.93,15
2025-11-20T19:00:00Z,GR,146.55,15
2025-11-20T19:00:00Z,HR,146.07,15
2025-11-20T19:00:00Z,HU,146.66,15
2025-11-20T19:00:00Z,IT-CNorth,142.47,15
2025-11-20T19:00:00Z,IT-CSouth,142.47,15
2025-11-20T19:00:00Z,IT-North,142.47,15
2025-11-20T19:00:00Z,IT-Sardinia,142.47,15
2025-11-20T19:00:00Z,IT-Sicily,142.47,15
2025-11-20T19:00:00Z,IT-South,142.47,15
2025-11-20T19:00:00Z,LT,145.40,15
2025-11-20T19:00:00Z,LV,145.40,15
2025-11-20T19:00:00Z,NL,144.85,15
2025-11-20T19:00:00Z,NO1,141.23,15
2025-11-20T19:00:00Z,NO2,141.23,15
2025-11-20T19:00:00Z,NO3,141.23,15
2025-11-20T19:00:00Z,NO4,141.23,15
2025-11-20T19:00:00Z,NO5,141.23,15
2025-11-20T19:00:00Z,PL,145.40,15
2025-11-20T19:00:00Z,PT,130.01,15
2025-11-20T19:00:00Z,RO,146.55,15
2025-11-20T19:00:00Z,RS,126.63,15
2025-11-20T19:00:00Z,SE1,141.23,15
2025-11-20T19:00:00Z,SE2,141.23,15
2025-11-20T19:00:00Z,SE3,141.23,15
2025-11-20T19:00:00Z,SE4,141.23,15
2025-11-20T19:00:00Z,SI,145.85,15
2025-11-20T19:00:00Z,SK,147.18,15
2025-11-20T19:15:00Z,AT,146.93,15
2025-11-20T19:15:00Z,BE,136.42,15
2025-11-20T19:15:00Z,CZ,146.27,15
2025-11-20T19:15:00Z,DE-LU,147.17,15
2025-11-20T19:15:00Z,DK1,146.27,15
2025-11-20T19:15:00Z,DK2,142.61,15
2025-11-20T19:15:00Z,EE,142.61,15
2025-11-20T19:15:00Z,ES,130.01,15
2025-11-20T19:15:00Z,FI,142.61,15
2025-11-20T19:15:00Z,FR,130.01,15
2025-11-20T19:15:00Z,GR,122.68,15
2025-11-20T19:15:00Z,HR,147.22,15
2025-11-20T19:15:00Z,HU,148.65,15
2025-11-20T19:15:00Z,IT-CNorth,132.20,15
2025-11-20T19:15:00Z,IT-CSouth,132.20,15
2025-11-20T19:15:00Z,IT-North,132.20,15
2025-11-20T19:15:00Z,IT-Sardinia,132.20,15
2025-11-20T19:15:00Z,IT-Sicily,132.20,15
2025-11-20T19:15:00Z,IT-South,132.20,15
2025-11-20T19:15:00Z,LT,145.62,15
2025-11-20T19:15:00Z,LV,145.62,15
2025-11-20T19:15:00Z,NL,144.28,15
2025-11-20T19:15:00Z,NO1,142.61,15
2025-11-20T19:15:00Z,NO2,142.61,15
2025-11-20T19:15:00Z,NO3,142.61,15
2025-11-20T19:15:00Z,NO4,142.61,15
2025-11-20T19:15:00Z,NO5,142.61,15
2025-11-20T19:15:00Z,PL,145.62,15
2025-11-20T19:15:00Z,PT,130.01,15
2025-11-20T19:15:00Z,RO,148.39,15
2025-11-20T19:15:00Z,RS,126.63,15
2025-11-20T19:15:00Z,SE1,142.61,15
2025-11-20T19:15:00Z,SE2,142.61,15
2025-11-20T19:15:00Z,SE3,142.61,15
2025-11-20T19:15:00Z,SE4,142.61,15
2025-11-20T19:15:00Z,SI,146.69,15
2025-11-20T19:15:00Z,SK,149.92,15
2025-11-20T19:30:00Z,AT,135.46,15
2025-11-20T19:30:00Z,BE,129.26,15
2025-11-20T19:30:00Z,CZ,135.07,15
2025-11-20T19:30:00Z,DE-LU,135.60,15
2025-11-20T19:30:00Z,DK1,133.89,15
2025-11-20T19:30:00Z,DK2,130.54,15
2025-11-20T19:30:00Z,EE,130.55,15
2025-11-20T19:30:00Z,ES,125.48,15
2025-11-20T19:30:00Z,FI,130.55,15
2025-11-20T19:30:00Z,FR,125.48,15
2025-11-20T19:30:00Z,GR,129.25,15
2025-11-20T19:30:00Z,HR,135.63,15
2025-11-20T19:30:00Z,HU,136.47,15
2025-11-20T19:30:00Z,IT-CNorth,125.48,15
2025-11-20T19:30:00Z,IT-CSouth,125.48,15
2025-11-20T19:30:00Z,IT-North,125.48,15
2025-11-20T19:30:00Z,IT-Sardinia,125.48,15
2025-11-20T19:30:00Z,IT-Sicily,125.48,15
2025-11-20T19:30:00Z,IT-South,125.48,15
2025-11-20T19:30:00Z,LT,134.68,15
2025-11-20T19:30:00Z,LV,134.68,15
2025-11-20T19:30:00Z,NL,133.89,15
2025-11-20T19:30:00Z,NO1,130.55,15
2025-11-20T19:30:00Z,NO2,130.55,15
2025-11-20T19:30:00Z,NO3,130.55,15
2025-11-20T19:30:00Z,NO4,130.55,15
2025-11-20T19:30:00Z,NO5,130.55,15
2025-11-20T19:30:00Z,PL,134.68,15
2025-11-20T19:30:00Z,PT,125.48,15
2025-11-20T19:30:00Z,RO,136.32,15
2025-11-20T19:30:00Z,RS,126.63,15
2025-11-20T19:30:00Z,SE1,130.55,15
2025-11-20T19:30:00Z,SE2,130.55,15
2025-11-20T19:30:00Z,SE3,130.55,15
2025-11-20T19:30:00Z,SE4,130.55,15
2025-11-20T19:30:00Z,SI,135.31,15
2025-11-20T19:30:00Z,SK,137.22,15
2025-11-20T19:45:00Z,AT,119.52,15
2025-11-20T19:45:00Z,BE,116.66,15
2025-11-20T19:45:00Z,CZ,119.34,15
2025-11-20T19:45:00Z,DE-LU,119.59,15
2025-11-20T19:45:00Z,DK1,118.80,15
2025-11-20T19:45:00Z,DK2,115.83,15
2025-11-20T19:45:00Z,EE,115.83,15
2025-11-20T19:45:00Z,ES,114.91,15
2025-11-20T19:45:00Z,FI,115.83,15
2025-11-20T19:45:00Z,FR,114.91,15
2025-11-20T19:45:00Z,GR,119.92,15
2025-11-20T19:45:00Z,HR,119.60,15
2025-11-20T19:45:00Z,HU,119.99,15
2025-11-20T19:45:00Z,IT-CNorth,118.25,15
2025-11-20T19:45:00Z,IT-CSouth,118.25,15
2025-11-20T19:45:00Z,IT-North,118.25,15
2025-11-20T19:45:00Z,IT-Sardinia,118.25,15
2025-11-20T19:45:00Z,IT-Sicily,118.25,15
2025-11-20T19:45:00Z,IT-South,118.25,15
2025-11-20T19:45:00Z,LT,115.83,15
2025-11-20T19:45:00Z,LV,115.83,15
2025-11-20T19:45:00Z,NL,118.80,15
2025-11-20T19:45:00Z,NO1,115.83,15
2025-11-20T19:45:00Z,NO2,115.83,15
2025-11-20T19:45:00Z,NO3,115.83,15
2025-11-20T19:45:00Z,NO4,115.83,15
2025-11-20T19:45:00Z,NO5,115.83,15
2025-11-20T19:45:00Z,PL,119.16,15
2025-11-20T19:45:00Z,PT,114.91,15
2025-11-20T19:45:00Z,RO,119.92,15
2025-11-20T19:45:00Z,RS,126.63,15
2025-11-20T19:45:00Z,SE1,115.83,15
2025-11-20T19:45:00Z,SE2,115.83,15
2025-11-20T19:45:00Z,SE3,115.83,15
2025-11-20T19:45:00Z,SE4,115.83,15
2025-11-20T19:45:00Z,SI,119.46,15
2025-11-20T19:45:00Z,SK,120.34,15
2025-11-20T20:00:00Z,AT,135.29,15
2025-11-20T20:00:00Z,BE,118.13,15
2025-11-20T20:00:00Z,CH,121.03,60
2025-11-20T20:00:00Z,CZ,134.67,15
2025-11-20T20:00:00Z,DE-LU,136.00,15
2025-11-20T20:00:00Z,DK1,131.18,15
2025-11-20T20:00:00Z,DK2,128.04,15
2025-11-20T20:00:00Z,EE,128.04,15
2025-11-20T20:00:00Z,ES,107.34,15
2025-11-20T20:00:00Z,FI,128.04,15
2025-11-20T20:00:00Z,FR,107.34,15
2025-11-20T20:00:00Z,GR,134.63,15
2025-11-20T20:00:00Z,HR,135.57,15
2025-11-20T20:00:00Z,HU,137.79,15
2025-11-20T20:00:00Z,IT-CNorth,129.81,15
2025-11-20T20:00:00Z,IT-CSouth,129.81,15
2025-11-20T20:00:00Z,IT-North,129.81,15
2025-11-20T20:00:00Z,IT-Sardinia,129.81,15
2025-11-20T20:00:00Z,IT-Sicily,129.81,15
2025-11-20T20:00:00Z,IT-South,129.81,15
2025-11-20T20:00:00Z,LT,128.04,15
2025-11-20T20:00:00Z,LV,128.04,15
2025-11-20T20:00:00Z,NL,131.21,15
2025-11-20T20:00:00Z,NO1,128.04,15
2025-11-20T20:00:00Z,NO2,128.04,15
2025-11-20T20:00:00Z,NO3,128.04,15
2025-11-20T20:00:00Z,NO4,128.04,15
2025-11-20T20:00:00Z,NO5,128.04,15
2025-11-20T20:00:00Z,PL,133.72,15
2025-11-20T20:00:00Z,PT,107.34,15
2025-11-20T20:00:00Z,RO,137.38,15
2025-11-20T20:00:00Z,RS,116.00,15
2025-11-20T20:00:00Z,SE1,128.04,15
2025-11-20T20:00:00Z,SE2,128.04,15
2025-11-20T20:00:00Z,SE3,128.04,15
2025-11-20T20:00:00Z,SE4,128.04,15
2025-11-20T20:00:00Z,SI,134.77,15
2025-11-20T20:00:00Z,SK,139.68,15
2025-11-20T20:15:00Z,AT,127.53,15
2025-11-20T20:15:00Z,BE,114.30,15
2025-11-20T20:15:00Z,CZ,127.05,15
2025-11-20T20:15:00Z,DE-LU,128.07,15
2025-11-20T20:15:00Z,DK1,124.27,15
2025-11-20T20:15:00Z,DK2,121.29,15
2025-11-20T20:15:00Z,EE,121.29,15
2025-11-20T20:15:00Z,ES,105.98,15
2025-11-20T20:15:00Z,FI,121.29,15
2025-11-20T20:15:00Z,FR,105.98,15
2025-11-20T20:15:00Z,GR,124.62,15
2025-11-20T20:15:00Z,HR,127.75,15
2025-11-20T20:15:00Z,HU,129.46,15
2025-11-20T20:15:00Z,IT-CNorth,123.08,15
2025-11-20T20:15:00Z,IT-CSouth,123.08,15
2025-11-20T20:15:00Z,IT-North,123.08,15
2025-11-20T20:15:00Z,IT-Sardinia,123.08,15
2025-11-20T20:15:00Z,IT-Sicily,123.08,15
2025-11-20T20:15:00Z,IT-South,123.08,15
2025-11-20T20:15:00Z,LT,121.29,15
2025-11-20T20:15:00Z,LV,121.29,15
2025-11-20T20:15:00Z,NL,124.39,15
2025-11-20T20:15:00Z,NO1,121.29,15
2025-11-20T20:15:00Z,NO2,121.29,15
2025-11-20T20:15:00Z,NO3,121.29,15
2025-11-20T20:15:00Z,NO4,121.29,15
2025-11-20T20:15:00Z,NO5,121.29,15
2025-11-20T20:15:00Z,PL,126.32,15
2025-11-20T20:15:00Z,PT,105.98,15
2025-11-20T20:15:00Z,RO,129.14,15
2025-11-20T20:15:00Z,RS,116.00,15
2025-11-20T20:15:00Z,SE1,121.29,15
2025-11-20T20:15:00Z,SE2,121.29,15
2025-11-20T20:15:00Z,SE3,121.29,15
2025-11-20T20:15:00Z,SE4,121.29,15
2025-11-20T20:15:00Z,SI,127.12,15
2025-11-20T20:15:00Z,SK,130.91,15
2025-11-20T20:30:00Z,AT,115.10,15
2025-11-20T20:30:00Z,BE,108.85,15
2025-11-20T20:30:00Z,CZ,114.25,15
2025-11-20T20:30:00Z,DE-LU,114.90,15
2025-11-20T20:30:00Z,DK1,114.43,15
2025-11-20T20:30:00Z,DK2,111.34,15
2025-11-20T20:30:00Z,EE,111.34,15
2025-11-20T20:30:00Z,ES,105.20,15
2025-11-20T20:30:00Z,FI,111.34,15
2025-11-20T20:30:00Z,FR,105.20,15
2025-11-20T20:30:00Z,GR,110.94,15
2025-11-20T20:30:00Z,HR,115.47,15
2025-11-20T20:30:00Z,HU,116.47,15
2025-11-20T20:30:00Z,IT-CNorth,115.10,15
2025-11-20T20:30:00Z,IT-CSouth,115.10,15
2025-11-20T20:30:00Z,IT-North,115.10,15
2025-11-20T20:30:00Z,IT-Sardinia,115.10,15
2025-11-20T20:30:00Z,IT-Sicily,115.10,15
2025-11-20T20:30:00Z,IT-South,115.10,15
2025-11-20T20:30:00Z,LT,111.34,15
2025-11-20T20:30:00Z,LV,111.34,15
2025-11-20T20:30:00Z,NL,113.29,15
2025-11-20T20:30:00Z,NO1,111.34,15
2025-11-20T20:30:00Z,NO2,111.34,15
2025-11-20T20:30:00Z,NO3,111.34,15
2025-11-20T20:30:00Z,NO4,111.34,15
2025-11-20T20:30:00Z,NO5,111.34,15
2025-11-20T20:30:00Z,PL,113.67,15
2025-11-20T20:30:00Z,PT,105.20,15
2025-11-20T20:30:00Z,RO,116.28,15
2025-11-20T20:30:00Z,RS,116.00,15
2025-11-20T20:30:00Z,SE1,111.34,15
2025-11-20T20:30:00Z,SE2,111.34,15
2025-11-20T20:30:00Z,SE3,111.34,15
2025-11-20T20:30:00Z,SE4,111.34,15
2025-11-20T20:30:00Z,SI,115.10,15
2025-11-20T20:30:00Z,SK,117.45,15
2025-11-20T20:45:00Z,AT,106.57,15
2025-11-20T20:45:00Z,BE,104.20,15
2025-11-20T20:45:00Z,CZ,102.87,15
2025-11-20T20:45:00Z,DE-LU,104.04,15
2025-11-20T20:45:00Z,DK1,103.92,15
2025-11-20T20:45:00Z,DK2,100.93,15
2025-11-20T20:45:00Z,EE,100.93,15
2025-11-20T20:45:00Z,ES,104.36,15
2025-11-20T20:45:00Z,FI,100.93,15
2025-11-20T20:45:00Z,FR,104.36,15
2025-11-20T20:45:00Z,GR,105.41,15
2025-11-20T20:45:00Z,HR,108.19,15
2025-11-20T20:45:00Z,HU,109.58,15
2025-11-20T20:45:00Z,IT-CNorth,107.61,15
2025-11-20T20:45:00Z,IT-CSouth,107.61,15
2025-11-20T20:45:00Z,IT-North,107.61,15
2025-11-20T20:45:00Z,IT-Sardinia,107.61,15
2025-11-20T20:45:00Z,IT-Sicily,107.61,15
2025-11-20T20:45:00Z,IT-South,107.61,15
2025-11-20T20:45:00Z,LT,100.93,15
2025-11-20T20:45:00Z,LV,100.93,15
2025-11-20T20:45:00Z,NL,104.13,15
2025-11-20T20:45:00Z,NO1,100.93,15
2025-11-20T20:45:00Z,NO2,100.93,15
2025-11-20T20:45:00Z,NO3,100.93,15
2025-11-20T20:45:00Z,NO4,100.93,15
2025-11-20T20:45:00Z,NO5,100.93,15
2025-11-20T20:45:00Z,PL,101.37,15
2025-11-20T20:45:00Z,PT,104.36,15
2025-11-20T20:45:00Z,RO,109.29,15
2025-11-20T20:45:00Z,RS,116.00,15
2025-11-20T20:45:00Z,SE1,100.93,15
2025-11-20T20:45:00Z,SE2,100.93,15
2025-11-20T20:45:00Z,SE3,100.93,15
2025-11-20T20:45:00Z,SE4,100.93,15
2025-11-20T20:45:00Z,SI,107.61,15
2025-11-20T20:45:00Z,SK,111.60,15
2025-11-20T21:00:00Z,AT,117.98,15
2025-11-20T21:00:00Z,BE,113.19,15
2025-11-20T21:00:00Z,CH,114.70,60
2025-11-20T21:00:00Z,CZ,115.92,15
2025-11-20T21:00:00Z,DE-LU,116.03,15
2025-11-20T21:00:00Z,DK1,114.26,15
2025-11-20T21:00:00Z,DK2,111.49,15
2025-11-20T21:00:00Z,EE,111.49,15
2025-11-20T21:00:00Z,ES,104.36,15
2025-11-20T21:00:00Z,FI,111.49,15
2025-11-20T21:00:00Z,FR,104.36,15
2025-11-20T21:00:00Z,GR,106.00,15
2025-11-20T21:00:00Z,HR,118.80,15
2025-11-20T21:00:00Z,HU,119.16,15
2025-11-20T21:00:00Z,IT-CNorth,117.98,15
2025-11-20T21:00:00Z,IT-CSouth,117.98,15
2025-11-20T21:00:00Z,IT-North,117.98,15
2025-11-20T21:00:00Z,IT-Sardinia,117.98,15
2025-11-20T21:00:00Z,IT-Sicily,117.98,15
2025-11-20T21:00:00Z,IT-South,117.98,15
2025-11-20T21:00:00Z,LT,111.49,15
2025-11-20T21:00:00Z,LV,111.49,15
2025-11-20T21:00:00Z,NL,114.37,15
2025-11-20T21:00:00Z,NO1,111.49,15
2025-11-20T21:00:00Z,NO2,111.49,15
2025-11-20T21:00:00Z,NO3,111.49,15
2025-11-20T21:00:00Z,NO4,111.49,15
2025-11-20T21:00:00Z,NO5,111.49,15
2025-11-20T21:00:00Z,PL,115.21,15
2025-11-20T21:00:00Z,PT,104.36,15
2025-11-20T21:00:00Z,RO,119.06,15
2025-11-20T21:00:00Z,RS,108.19,15
2025-11-20T21:00:00Z,SE1,111.49,15
2025-11-20T21:00:00Z,SE2,111.49,15
2025-11-20T21:00:00Z,SE3,111.49,15
2025-11-20T21:00:00Z,SE4,111.49,15
2025-11-20T21:00:00Z,SI,118.63,15
2025-11-20T21:00:00Z,SK,119.91,15
2025-11-20T21:15:00Z,AT,114.26,15
2025-11-20T21:15:00Z,BE,109.05,15
2025-11-20T21:15:00Z,CZ,110.54,15
2025-11-20T21:15:00Z,DE-LU,111.27,15
2025-11-20T21:15:00Z,DK1,109.85,15
2025-11-20T21:15:00Z,DK2,107.22,15
2025-11-20T21:15:00Z,EE,107.22,15
2025-11-20T21:15:00Z,ES,101.87,15
2025-11-20T21:15:00Z,FI,107.22,15
2025-11-20T21:15:00Z,FR,101.87,15
2025-11-20T21:15:00Z,GR,101.04,15
2025-11-20T21:15:00Z,HR,115.81,15
2025-11-20T21:15:00Z,HU,116.86,15
2025-11-20T21:15:00Z,IT-CNorth,115.36,15
2025-11-20T21:15:00Z,IT-CSouth,115.36,15
2025-11-20T21:15:00Z,IT-North,115.36,15
2025-11-20T21:15:00Z,IT-Sardinia,115.36,15
2025-11-20T21:15:00Z,IT-Sicily,115.36,15
2025-11-20T21:15:00Z,IT-South,115.36,15
2025-11-20T21:15:00Z,LT,107.22,15
2025-11-20T21:15:00Z,LV,107.22,15
2025-11-20T21:15:00Z,NL,109.96,15
2025-11-20T21:15:00Z,NO1,107.22,15
2025-11-20T21:15:00Z,NO2,107.22,15
2025-11-20T21:15:00Z,NO3,107.22,15
2025-11-20T21:15:00Z,NO4,107.22,15
2025-11-20T21:15:00Z,NO5,107.22,15
2025-11-20T21:15:00Z,PL,109.14,15
2025-11-20T21:15:00Z,PT,101.87,15
2025-11-20T21:15:00Z,RO,116.62,15
2025-11-20T21:15:00Z,RS,108.19,15
2025-11-20T21:15:00Z,SE1,107.22,15
2025-11-20T21:15:00Z,SE2,107.22,15
2025-11-20T21:15:00Z,SE3,107.22,15
2025-11-20T21:15:00Z,SE4,107.22,15
2025-11-20T21:15:00Z,SI,115.36,15
2025-11-20T21:15:00Z,SK,118.54,15
2025-11-20T21:30:00Z,AT,108.44,15
2025-11-20T21:30:00Z,BE,104.94,15
2025-11-20T21:30:00Z,CZ,104.40,15
2025-11-20T21:30:00Z,DE-LU,105.54,15
2025-11-20T21:30:00Z,DK1,105.03,15
2025-11-20T21:30:00Z,DK2,101.80,15
2025-11-20T21:30:00Z,EE,101.80,15
2025-11-20T21:30:00Z,ES,102.62,15
2025-11-20T21:30:00Z,FI,101.80,15
2025-11-20T21:30:00Z,FR,102.62,15
2025-11-20T21:30:00Z,GR,98.54,15
2025-11-20T21:30:00Z,HR,110.18,15
2025-11-20T21:30:00Z,HU,111.57,15
2025-11-20T21:30:00Z,IT-CNorth,109.60,15
2025-11-20T21:30:00Z,IT-CSouth,109.60,15
2025-11-20T21:30:00Z,IT-North,109.60,15
2025-11-20T21:30:00Z,IT-Sardinia,109.60,15
2025-11-20T21:30:00Z,IT-Sicily,109.60,15
2025-11-20T21:30:00Z,IT-South,109.60,15
2025-11-20T21:30:00Z,LT,101.80,15
2025-11-20T21:30:00Z,LV,101.80,15
2025-11-20T21:30:00Z,NL,105.16,15
2025-11-20T21:30:00Z,NO1,101.80,15
2025-11-20T21:30:00Z,NO2,101.80,15
2025-11-20T21:30:00Z,NO3,101.80,15
2025-11-20T21:30:00Z,NO4,101.80,15
2025-11-20T21:30:00Z,NO5,101.80,15
2025-11-20T21:30:00Z,PL,102.81,15
2025-11-20T21:30:00Z,PT,102.62,15
2025-11-20T21:30:00Z,RO,111.26,15
2025-11-20T21:30:00Z,RS,108.19,15
2025-11-20T21:30:00Z,SE1,101.80,15
2025-11-20T21:30:00Z,SE2,101.80,15
2025-11-20T21:30:00Z,SE3,101.80,15
2025-11-20T21:30:00Z,SE4,101.80,15
2025-11-20T21:30:00Z,SI,109.60,15
2025-11-20T21:30:00Z,SK,113.60,15
2025-11-20T21:45:00Z,AT,100.10,15
2025-11-20T21:45:00Z,BE,100.10,15
2025-11-20T21:45:00Z,CZ,100.10,15
2025-11-20T21:45:00Z,DE-LU,100.10,15
2025-11-20T21:45:00Z,DK1,99.98,15
2025-11-20T21:45:00Z,DK2,96.90,15
2025-11-20T21:45:00Z,EE,96.90,15
2025-11-20T21:45:00Z,ES,95.00,15
2025-11-20T21:45:00Z,FI,96.90,15
2025-11-20T21:45:00Z,FR,100.10,15
2025-11-20T21:45:00Z,GR,94.46,15
2025-11-20T21:45:00Z,HR,100.10,15
2025-11-20T21:45:00Z,HU,100.10,15
2025-11-20T21:45:00Z,IT-CNorth,107.59,15
2025-11-20T21:45:00Z,IT-CSouth,107.59,15
2025-11-20T21:45:00Z,IT-North,107.59,15
2025-11-20T21:45:00Z,IT-Sardinia,107.59,15
2025-11-20T21:45:00Z,IT-Sicily,107.59,15
2025-11-20T21:45:00Z,IT-South,107.59,15
2025-11-20T21:45:00Z,LT,96.90,15
2025-11-20T21:45:00Z,LV,96.90,15
2025-11-20T21:45:00Z,NL,100.10,15
2025-11-20T21:45:00Z,NO1,96.90,15
2025-11-20T21:45:00Z,NO2,96.90,15
2025-11-20T21:45:00Z,NO3,96.90,15
2025-11-20T21:45:00Z,NO4,96.90,15
2025-11-20T21:45:00Z,NO5,96.90,15
2025-11-20T21:45:00Z,PL,100.10,15
2025-11-20T21:45:00Z,PT,95.00,15
2025-11-20T21:45:00Z,RO,100.10,15
2025-11-20T21:45:00Z,RS,108.19,15
2025-11-20T21:45:00Z,SE1,96.90,15
2025-11-20T21:45:00Z,SE2,96.90,15
2025-11-20T21:45:00Z,SE3,96.90,15
2025-11-20T21:45:00Z,SE4,96.90,15
2025-11-20T21:45:00Z,SI,100.10,15
2025-11-20T21:45:00Z,SK,100.10,15
2025-11-20T22:00:00Z,AT,105.84,15
2025-11-20T22:00:00Z,BE,105.10,15
2025-11-20T22:00:00Z,CH,109.92,60
2025-11-20T22:00:00Z,CZ,105.76,15
2025-11-20T22:00:00Z,DE-LU,105.67,15
2025-11-20T22:00:00Z,DK1,105.35,15
2025-11-20T22:00:00Z,DK2,102.04,15
2025-11-20T22:00:00Z,EE,102.04,15
2025-11-20T22:00:00Z,ES,100.00,15
2025-11-20T22:00:00Z,FI,102.04,15
2025-11-20T22:00:00Z,FR,103.36,15
2025-11-20T22:00:00Z,GR,89.57,15
2025-11-20T22:00:00Z,HR,105.86,15
2025-11-20T22:00:00Z,HU,105.81,15
2025-11-20T22:00:00Z,IT-CNorth,112.11,15
2025-11-20T22:00:00Z,IT-CSouth,112.11,15
2025-11-20T22:00:00Z,IT-North,112.11,15
2025-11-20T22:00:00Z,IT-Sardinia,112.11,15
2025-11-20T22:00:00Z,IT-Sicily,112.11,15
2025-11-20T22:00:00Z,IT-South,112.11,15
2025-11-20T22:00:00Z,LT,102.04,15
2025-11-20T22:00:00Z,LV,102.04,15
2025-11-20T22:00:00Z,NL,105.35,15
2025-11-20T22:00:00Z,NO1,102.04,15
2025-11-20T22:00:00Z,NO2,102.04,15
2025-11-20T22:00:00Z,NO3,102.04,15
2025-11-20T22:00:00Z,NO4,102.04,15
2025-11-20T22:00:00Z,NO5,102.04,15
2025-11-20T22:00:00Z,PL,107.04,15
2025-11-20T22:00:00Z,PT,100.00,15
2025-11-20T22:00:00Z,RO,105.82,15
2025-11-20T22:00:00Z,RS,95.20,15
2025-11-20T22:00:00Z,SE1,102.04,15
2025-11-20T22:00:00Z,SE2,102.04,15
2025-11-20T22:00:00Z,SE3,102.04,15
2025-11-20T22:00:00Z,SE4,102.04,15
2025-11-20T22:00:00Z,SI,105.88,15
2025-11-20T22:00:00Z,SK,105.79,15
2025-11-20T22:15:00Z,AT,93.49,15
2025-11-20T22:15:00Z,BE,93.49,15
2025-11-20T22:15:00Z,CZ,93.49,15
2025-11-20T22:15:00Z,DE-LU,93.49,15
2025-11-20T22:15:00Z,DK1,93.49,15
2025-11-20T22:15:00Z,DK2,90.94,15
2025-11-20T22:15:00Z,EE,90.95,15
2025-11-20T22:15:00Z,ES,90.00,15
2025-11-20T22:15:00Z,FI,90.95,15
2025-11-20T22:15:00Z,FR,93.49,15
2025-11-20T22:15:00Z,GR,88.19,15
2025-11-20T22:15:00Z,HR,93.49,15
2025-11-20T22:15:00Z,HU,93.49,15
2025-11-20T22:15:00Z,IT-CNorth,109.42,15
2025-11-20T22:15:00Z,IT-CSouth,109.42,15
2025-11-20T22:15:00Z,IT-North,109.42,15
2025-11-20T22:15:00Z,IT-Sardinia,109.42,15
2025-11-20T22:15:00Z,IT-Sicily,109.42,15
2025-11-20T22:15:00Z,IT-South,109.42,15
2025-11-20T22:15:00Z,LT,90.95,15
2025-11-20T22:15:00Z,LV,90.95,15
2025-11-20T22:15:00Z,NL,93.49,15
2025-11-20T22:15:00Z,NO1,90.95,15
2025-11-20T22:15:00Z,NO2,90.95,15
2025-11-20T22:15:00Z,NO3,90.95,15
2025-11-20T22:15:00Z,NO4,90.95,15
2025-11-20T22:15:00Z,NO5,90.95,15
2025-11-20T22:15:00Z,PL,94.76,15
2025-11-20T22:15:00Z,PT,90.00,15
2025-11-20T22:15:00Z,RO,93.49,15
2025-11-20T22:15:00Z,RS,95.20,15
2025-11-20T22:15:00Z,SE1,90.95,15
2025-11-20T22:15:00Z,SE2,90.95,15
2025-11-20T22:15:00Z,SE3,90.95,15
2025-11-20T22:15:00Z,SE4,90.95,15
2025-11-20T22:15:00Z,SI,93.49,15
2025-11-20T22:15:00Z,SK,93.49,15
2025-11-20T22:30:00Z,AT,90.00,15
2025-11-20T22:30:00Z,BE,90.00,15
2025-11-20T22:30:00Z,CZ,90.00,15
2025-11-20T22:30:00Z,DE-LU,90.00,15
2025-11-20T22:30:00Z,DK1,90.00,15
2025-11-20T22:30:00Z,DK2,87.21,15
2025-11-20T22:30:00Z,EE,87.21,15
2025-11-20T22:30:00Z,ES,85.00,15
2025-11-20T22:30:00Z,FI,87.21,15
2025-11-20T22:30:00Z,FR,90.00,15
2025-11-20T22:30:00Z,GR,87.36,15
2025-11-20T22:30:00Z,HR,90.00,15
2025-11-20T22:30:00Z,HU,90.00,15
2025-11-20T22:30:00Z,IT-CNorth,105.00,15
2025-11-20T22:30:00Z,IT-CSouth,105.00,15
2025-11-20T22:30:00Z,IT-North,105.00,15
2025-11-20T22:30:00Z,IT-Sardinia,105.00,15
2025-11-20T22:30:00Z,IT-Sicily,105.00,15
2025-11-20T22:30:00Z,IT-South,105.00,15
2025-11-20T22:30:00Z,LT,87.21,15
2025-11-20T22:30:00Z,LV,87.21,15
2025-11-20T22:30:00Z,NL,90.00,15
2025-11-20T22:30:00Z,NO1,87.21,15
2025-11-20T22:30:00Z,NO2,87.21,15
2025-11-20T22:30:00Z,NO3,87.21,15
2025-11-20T22:30:00Z,NO4,87.21,15
2025-11-20T22:30:00Z,NO5,87.21,15
2025-11-20T22:30:00Z,PL,90.00,15
2025-11-20T22:30:00Z,PT,85.00,15
2025-11-20T22:30:00Z,RO,90.00,15
2025-11-20T22:30:00Z,RS,95.20,15
2025-11-20T22:30:00Z,SE1,87.21,15
2025-11-20T22:30:00Z,SE2,87.21,15
2025-11-20T22:30:00Z,SE3,87.21,15
2025-11-20T22:30:00Z,SE4,87.21,15
2025-11-20T22:30:00Z,SI,90.00,15
2025-11-20T22:30:00Z,SK,90.00,15
2025-11-20T22:45:00Z,AT,85.99,15
2025-11-20T22:45:00Z,BE,85.56,15
2025-11-20T22:45:00Z,CZ,85.94,15
2025-11-20T22:45:00Z,DE-LU,85.89,15
2025-11-20T22:45:00Z,DK1,85.70,15
2025-11-20T22:45:00Z,DK2,83.23,15
2025-11-20T22:45:00Z,EE,83.23,15
2025-11-20T22:45:00Z,ES,82.00,15
2025-11-20T22:45:00Z,FI,83.23,15
2025-11-20T22:45:00Z,FR,84.55,15
2025-11-20T22:45:00Z,GR,85.98,15
2025-11-20T22:45:00Z,HR,86.00,15
2025-11-20T22:45:00Z,HU,85.97,15
2025-11-20T22:45:00Z,IT-CNorth,100.63,15
2025-11-20T22:45:00Z,IT-CSouth,100.63,15
2025-11-20T22:45:00Z,IT-North,100.63,15
2025-11-20T22:45:00Z,IT-Sardinia,100.63,15
2025-11-20T22:45:00Z,IT-Sicily,100.63,15
2025-11-20T22:45:00Z,IT-South,100.63,15
2025-11-20T22:45:00Z,LT,83.23,15
2025-11-20T22:45:00Z,LV,83.23,15
2025-11-20T22:45:00Z,NL,85.70,15
2025-11-20T22:45:00Z,NO1,83.23,15
2025-11-20T22:45:00Z,NO2,83.23,15
2025-11-20T22:45:00Z,NO3,83.23,15
2025-11-20T22:45:00Z,NO4,83.23,15
2025-11-20T22:45:00Z,NO5,83.23,15
2025-11-20T22:45:00Z,PL,85.93,15
2025-11-20T22:45:00Z,PT,82.00,15
2025-11-20T22:45:00Z,RO,85.98,15
2025-11-20T22:45:00Z,RS,95.20,15
2025-11-20T22:45:00Z,SE1,83.23,15
2025-11-20T22:45:00Z,SE2,83.23,15
2025-11-20T22:45:00Z,SE3,83.23,15
2025-11-20T22:45:00Z,SE4,83.23,15
2025-11-20T22:45:00Z,SI,86.01,15
2025-11-20T22:45:00Z,SK,85.96,15
2025-11-20T23:00:00Z,AT,104.02,15
2025-11-20T23:00:00Z,BE,104.01,15
2025-11-20T23:00:00Z,CH,106.67,60
2025-11-20T23:00:00Z,CZ,104.02,15
2025-11-20T23:00:00Z,DE-LU,104.02,15
2025-11-20T23:00:00Z,DK1,104.01,15
2025-11-20T23:00:00Z,DK2,100.59,15
2025-11-20T23:00:00Z,EE,100.59,15
2025-11-20T23:00:00Z,ES,83.88,15
2025-11-20T23:00:00Z,FI,100.59,15
2025-11-20T23:00:00Z,FR,103.99,15
2025-11-20T23:00:00Z,GR,89.07,15
2025-11-20T23:00:00Z,HR,104.02,15
2025-11-20T23:00:00Z,HU,104.02,15
2025-11-20T23:00:00Z,IT-CNorth,108.11,15
2025-11-20T23:00:00Z,IT-CSouth,108.11,15
2025-11-20T23:00:00Z,IT-North,108.11,15
2025-11-20T23:00:00Z,IT-Sardinia,108.11,15
2025-11-20T23:00:00Z,IT-Sicily,108.11,15
2025-11-20T23:00:00Z,IT-South,108.11,15
2025-11-20T23:00:00Z,LT,100.59,15
2025-11-20T23:00:00Z,LV,100.59,15
2025-11-20T23:00:00Z,NL,104.01,15
2025-11-20T23:00:00Z,NO1,100.59,15
2025-11-20T23:00:00Z,NO2,100.59,15
2025-11-20T23:00:00Z,NO3,100.59,15
2025-11-20T23:00:00Z,NO4,100.59,15
2025-11-20T23:00:00Z,NO5,100.59,15
2025-11-20T23:00:00Z,PL,104.02,15
2025-11-20T23:00:00Z,PT,83.88,15
2025-11-20T23:00:00Z,RO,104.02,15
2025-11-20T23:00:00Z,RS,102.30,15
2025-11-20T23:00:00Z,SE1,100.59,15
2025-11-20T23:00:00Z,SE2,100.59,15
2025-11-20T23:00:00Z,SE3,100.59,15
2025-11-20T23:00:00Z,SE4,100.59,15
2025-11-20T23:00:00Z,SI,104.02,15
2025-11-20T23:00:00Z,SK,104.02,15
2025-11-20T23:15:00Z,AT,105.87,15
2025-11-20T23:15:00Z,BE,99.92,15
2025-11-20T23:15:00Z,CZ,105.14,15
2025-11-20T23:15:00Z,DE-LU,104.49,15
2025-11-20T23:15:00Z,DK1,101.78,15
2025-11-20T23:15:00Z,DK2,99.23,15
2025-11-20T23:15:00Z,EE,99.24,15
2025-11-20T23:15:00Z,ES,75.00,15
2025-11-20T23:15:00Z,FI,99.24,15
2025-11-20T23:15:00Z,FR,85.59,15
2025-11-20T23:15:00Z,GR,92.51,15
2025-11-20T23:15:00Z,HR,105.99,15
2025-11-20T23:15:00Z,HU,105.61,15
2025-11-20T23:15:00Z,IT-CNorth,108.11,15
2025-11-20T23:15:00Z,IT-CSouth,108.11,15
2025-11-20T23:15:00Z,IT-North,108.11,15
2025-11-20T23:15:00Z,IT-Sardinia,108.11,15
2025-11-20T23:15:00Z,IT-Sicily,108.11,15
2025-11-20T23:15:00Z,IT-South,108.11,15
2025-11-20T23:15:00Z,LT,99.24,15
2025-11-20T23:15:00Z,LV,99.24,15
2025-11-20T23:15:00Z,NL,101.78,15
2025-11-20T23:15:00Z,NO1,99.24,15
2025-11-20T23:15:00Z,NO2,99.24,15
2025-11-20T23:15:00Z,NO3,99.24,15
2025-11-20T23:15:00Z,NO4,99.24,15
2025-11-20T23:15:00Z,NO5,99.24,15
2025-11-20T23:15:00Z,PL,105.02,15
2025-11-20T23:15:00Z,PT,75.00,15
2025-11-20T23:15:00Z,RO,105.66,15
2025-11-20T23:15:00Z,RS,102.30,15
2025-11-20T23:15:00Z,SE1,99.24,15
2025-11-20T23:15:00Z,SE2,99.24,15
2025-11-20T23:15:00Z,SE3,99.24,15
2025-11-20T23:15:00Z,SE4,99.24,15
2025-11-20T23:15:00Z,SI,106.11,15
2025-11-20T23:15:00Z,SK,105.44,15
2025-11-20T23:30:00Z,AT,104.42,15
2025-11-20T23:30:00Z,BE,94.13,15
2025-11-20T23:30:00Z,CZ,103.16,15
2025-11-20T23:30:00Z,DE-LU,102.03,15
2025-11-20T23:30:00Z,DK1,97.35,15
2025-11-20T23:30:00Z,DK2,94.53,15
2025-11-20T23:30:00Z,EE,94.53,15
2025-11-20T23:30:00Z,ES,69.32,15
2025-11-20T23:30:00Z,FI,94.53,15
2025-11-20T23:30:00Z,FR,69.32,15
2025-11-20T23:30:00Z,GR,95.00,15
2025-11-20T23:30:00Z,HR,104.63,15
2025-11-20T23:30:00Z,HU,103.97,15
2025-11-20T23:30:00Z,IT-CNorth,106.62,15
2025-11-20T23:30:00Z,IT-CSouth,106.62,15
2025-11-20T23:30:00Z,IT-North,106.62,15
2025-11-20T23:30:00Z,IT-Sardinia,106.62,15
2025-11-20T23:30:00Z,IT-Sicily,106.62,15
2025-11-20T23:30:00Z,IT-South,106.62,15
2025-11-20T23:30:00Z,LT,94.53,15
2025-11-20T23:30:00Z,LV,94.53,15
2025-11-20T23:30:00Z,NL,97.35,15
2025-11-20T23:30:00Z,NO1,94.53,15
2025-11-20T23:30:00Z,NO2,94.53,15
2025-11-20T23:30:00Z,NO3,94.53,15
2025-11-20T23:30:00Z,NO4,94.53,15
2025-11-20T23:30:00Z,NO5,94.53,15
2025-11-20T23:30:00Z,PL,102.96,15
2025-11-20T23:30:00Z,PT,69.32,15
2025-11-20T23:30:00Z,RO,104.07,15
2025-11-20T23:30:00Z,RS,102.30,15
2025-11-20T23:30:00Z,SE1,94.53,15
2025-11-20T23:30:00Z,SE2,94.53,15
2025-11-20T23:30:00Z,SE3,94.53,15
2025-11-20T23:30:00Z,SE4,94.53,15
2025-11-20T23:30:00Z,SI,104.85,15
2025-11-20T23:30:00Z,SK,103.68,15
2025-11-20T23:45:00Z,AT,97.95,15
2025-11-20T23:45:00Z,BE,88.14,15
2025-11-20T23:45:00Z,CZ,96.75,15
2025-11-20T23:45:00Z,DE-LU,95.67,15
2025-11-20T23:45:00Z,DK1,91.21,15
2025-11-20T23:45:00Z,DK2,88.56,15
2025-11-20T23:45:00Z,EE,88.57,15
2025-11-20T23:45:00Z,ES,64.50,15
2025-11-20T23:45:00Z,FI,88.57,15
2025-11-20T23:45:00Z,FR,64.50,15
2025-11-20T23:45:00Z,GR,95.00,15
2025-11-20T23:45:00Z,HR,98.14,15
2025-11-20T23:45:00Z,HU,97.52,15
2025-11-20T23:45:00Z,IT-CNorth,99.60,15
2025-11-20T23:45:00Z,IT-CSouth,99.60,15
2025-11-20T23:45:00Z,IT-North,99.60,15
2025-11-20T23:45:00Z,IT-Sardinia,99.60,15
2025-11-20T23:45:00Z,IT-Sicily,99.60,15
2025-11-20T23:45:00Z,IT-South,99.60,15
2025-11-20T23:45:00Z,LT,88.57,15
2025-11-20T23:45:00Z,LV,88.57,15
2025-11-20T23:45:00Z,NL,91.21,15
2025-11-20T23:45:00Z,NO1,88.57,15
2025-11-20T23:45:00Z,NO2,88.57,15
2025-11-20T23:45:00Z,NO3,88.56,15
2025-11-20T23:45:00Z,NO4,88.56,15
2025-11-20T23:45:00Z,NO5,88.57,15
2025-11-20T23:45:00Z,PL,96.56,15
2025-11-20T23:45:00Z,PT,64.50,15
2025-11-20T23:45:00Z,RO,97.62,15
2025-11-20T23:45:00Z,RS,102.30,15
2025-11-20T23:45:00Z,SE1,88.57,15
2025-11-20T23:45:00Z,SE2,88.57,15
2025-11-20T23:45:00Z,SE3,88.57,15
2025-11-20T23:45:00Z,SE4,88.57,15
2025-11-20T23:45:00Z,SI,98.36,15
2025-11-20T23:45:00Z,SK,97.24,15
