timestamp_utc,zone,price_eur_mwh,resolution_min
2025-10-29T00:00:00Z,AT,94.90,15
2025-10-29T00:00:00Z,BE,57.36,15
2025-10-29T00:00:00Z,CH,94.74,60
2025-10-29T00:00:00Z,CZ,77.00,15
2025-10-29T00:00:00Z,DE-LU,57.96,15
2025-10-29T00:00:00Z,DK1,57.96,15
2025-10-29T00:00:00Z,DK2,57.95,15
2025-10-29T00:00:00Z,EE,57.81,15
2025-10-29T00:00:00Z,ES,95.52,15
2025-10-29T00:00:00Z,FI,57.75,15
2025-10-29T00:00:00Z,FR,57.96,15
2025-10-29T00:00:00Z,GR,86.99,15
2025-10-29T00:00:00Z,HR,87.24,15
2025-10-29T00:00:00Z,HU,86.99,15
2025-10-29T00:00:00Z,IT-CNorth,108.43,15
2025-10-29T00:00:00Z,IT-CSouth,108.43,15
2025-10-29T00:00:00Z,IT-North,108.43,15
2025-10-29T00:00:00Z,IT-Sardinia,108.43,15
2025-10-29T00:00:00Z,IT-Sicily,108.43,15
2025-10-29T00:00:00Z,IT-South,108.43,15
2025-10-29T00:00:00Z,LT,57.81,15
2025-10-29T00:00:00Z,LV,57.81,15
2025-10-29T00:00:00Z,NL,58.74,15
2025-10-29T00:00:00Z,NO1,54.79,15
2025-10-29T00:00:00Z,NO2,55.95,15
2025-10-29T00:00:00Z,NO3,38.62,15
2025-10-29T00:00:00Z,NO4,5.61,15
2025-10-29T00:00:00Z,NO5,52.47,15
2025-10-29T00:00:00Z,PL,68.62,15
2025-10-29T00:00:00Z,PT,87.51,15
2025-10-29T00:00:00Z,RO,86.99,15
2025-10-29T00:00:00Z,RS,84.24,15
2025-10-29T00:00:00Z,SE1,54.10,15
2025-10-29T00:00:00Z,SE2,53.53,15
2025-10-29T00:00:00Z,SE3,56.02,15
2025-10-29T00:00:00Z,SE4,56.58,15
2025-10-29T00:00:00Z,SI,88.14,15
2025-10-29T00:00:00Z,SK,83.64,15
2025-10-29T00:15:00Z,AT,76.86,15
2025-10-29T00:15:00Z,BE,53.66,15
2025-10-29T00:15:00Z,CZ,72.08,15
2025-10-29T00:15:00Z,DE-LU,53.66,15
2025-10-29T00:15:00Z,DK1,53.66,15
2025-10-29T00:15:00Z,DK2,53.65,15
2025-10-29T00:15:00Z,EE,54.79,15
2025-10-29T00:15:00Z,ES,93.54,15
2025-10-29T00:15:00Z,FI,54.72,15
2025-10-29T00:15:00Z,FR,53.66,15
2025-10-29T00:15:00Z,GR,83.82,15
2025-10-29T00:15:00Z,HR,82.52,15
2025-10-29T00:15:00Z,HU,81.70,15
2025-10-29T00:15:00Z,IT-CNorth,106.60,15
2025-10-29T00:15:00Z,IT-CSouth,106.60,15
2025-10-29T00:15:00Z,IT-North,106.60,15
2025-10-29T00:15:00Z,IT-Sardinia,106.60,15
2025-10-29T00:15:00Z,IT-Sicily,106.60,15
2025-10-29T00:15:00Z,IT-South,106.60,15
2025-10-29T00:15:00Z,LT,54.79,15
2025-10-29T00:15:00Z,LV,54.79,15
2025-10-29T00:15:00Z,NL,56.79,15
2025-10-29T00:15:00Z,NO1,53.86,15
2025-10-29T00:15:00Z,NO2,54.90,15
2025-10-29T00:15:00Z,NO3,39.43,15
2025-10-29T00:15:00Z,NO4,5.64,15
2025-10-29T00:15:00Z,NO5,51.75,15
2025-10-29T00:15:00Z,PL,64.54,15
2025-10-29T00:15:00Z,PT,84.50,15
2025-10-29T00:15:00Z,RO,83.82,15
2025-10-29T00:15:00Z,SE1,50.29,15
2025-10-29T00:15:00Z,SE2,47.41,15
2025-10-29T00:15:00Z,SE3,51.65,15
2025-10-29T00:15:00Z,SE4,52.73,15
2025-10-29T00:15:00Z,SI,83.27,15
2025-10-29T00:15:00Z,SK,78.57,15
2025-10-29T00:30:00Z,AT,85.26,15
2025-10-29T00:30:00Z,BE,53.67,15
2025-10-29T00:30:00Z,CZ,63.66,15
2025-10-29T00:30:00Z,DE-LU,53.02,15
2025-10-29T00:30:00Z,DK1,53.02,15
2025-10-29T00:30:00Z,DK2,53.01,15
2025-10-29T00:30:00Z,EE,52.55,15
2025-10-29T00:30:00Z,ES,92.49,15
2025-10-29T00:30:00Z,FI,52.49,15
2025-10-29T00:30:00Z,FR,54.46,15
2025-10-29T00:30:00Z,GR,81.50,15
2025-10-29T00:30:00Z,HR,72.91,15
2025-10-29T00:30:00Z,HU,70.59,15
2025-10-29T00:30:00Z,IT-CNorth,99.05,15
2025-10-29T00:30:00Z,IT-CSouth,99.05,15
2025-10-29T00:30:00Z,IT-North,99.05,15
2025-10-29T00:30:00Z,IT-Sardinia,99.05,15
2025-10-29T00:30:00Z,IT-Sicily,99.05,15
2025-10-29T00:30:00Z,IT-South,99.05,15
2025-10-29T00:30:00Z,LT,52.55,15
2025-10-29T00:30:00Z,LV,52.55,15
2025-10-29T00:30:00Z,NL,56.36,15
2025-10-29T00:30:00Z,NO1,53.38,15
2025-10-29T00:30:00Z,NO2,54.49,15
2025-10-29T00:30:00Z,NO3,38.24,15
2025-10-29T00:30:00Z,NO4,5.60,15
2025-10-29T00:30:00Z,NO5,51.17,15
2025-10-29T00:30:00Z,PL,62.00,15
2025-10-29T00:30:00Z,PT,82.76,15
2025-10-29T00:30:00Z,RO,81.50,15
2025-10-29T00:30:00Z,SE1,48.38,15
2025-10-29T00:30:00Z,SE2,45.67,15
2025-10-29T00:30:00Z,SE3,50.49,15
2025-10-29T00:30:00Z,SE4,51.75,15
2025-10-29T00:30:00Z,SI,72.45,15
2025-10-29T00:30:00Z,SK,67.60,15
2025-10-29T00:45:00Z,AT,76.86,15
2025-10-29T00:45:00Z,BE,52.17,15
2025-10-29T00:45:00Z,CZ,62.22,15
2025-10-29T00:45:00Z,DE-LU,51.50,15
2025-10-29T00:45:00Z,DK1,51.50,15
2025-10-29T00:45:00Z,DK2,51.49,15
2025-10-29T00:45:00Z,EE,52.86,15
2025-10-29T00:45:00Z,ES,92.84,15
2025-10-29T00:45:00Z,FI,52.80,15
2025-10-29T00:45:00Z,FR,52.96,15
2025-10-29T00:45:00Z,GR,80.23,15
2025-10-29T00:45:00Z,HR,71.54,15
2025-10-29T00:45:00Z,HU,69.20,15
2025-10-29T00:45:00Z,IT-CNorth,96.60,15
2025-10-29T00:45:00Z,IT-CSouth,96.60,15
2025-10-29T00:45:00Z,IT-North,96.60,15
2025-10-29T00:45:00Z,IT-Sardinia,96.60,15
2025-10-29T00:45:00Z,IT-Sicily,96.60,15
2025-10-29T00:45:00Z,IT-South,96.60,15
2025-10-29T00:45:00Z,LT,52.86,15
2025-10-29T00:45:00Z,LV,52.86,15
2025-10-29T00:45:00Z,NL,54.91,15
2025-10-29T00:45:00Z,NO1,52.12,15
2025-10-29T00:45:00Z,NO2,53.09,15
2025-10-29T00:45:00Z,NO3,38.90,15
2025-10-29T00:45:00Z,NO4,5.57,15
2025-10-29T00:45:00Z,NO5,50.19,15
2025-10-29T00:45:00Z,PL,60.55,15
2025-10-29T00:45:00Z,PT,82.51,15
2025-10-29T00:45:00Z,RO,80.23,15
2025-10-29T00:45:00Z,SE1,48.15,15
2025-10-29T00:45:00Z,SE2,44.58,15
2025-10-29T00:45:00Z,SE3,49.09,15
2025-10-29T00:45:00Z,SE4,50.26,15
2025-10-29T00:45:00Z,SI,71.07,15
2025-10-29T00:45:00Z,SK,66.19,15
2025-10-29T01:00:00Z,AT,80.74,15
2025-10-29T01:00:00Z,BE,53.53,15
2025-10-29T01:00:00Z,CH,94.15,60
2025-10-29T01:00:00Z,CZ,71.82,15
2025-10-29T01:00:00Z,DE-LU,53.21,15
2025-10-29T01:00:00Z,DK1,53.21,15
2025-10-29T01:00:00Z,DK2,53.20,15
2025-10-29T01:00:00Z,EE,51.85,15
2025-10-29T01:00:00Z,ES,90.88,15
2025-10-29T01:00:00Z,FI,51.79,15
2025-10-29T01:00:00Z,FR,54.17,15
2025-10-29T01:00:00Z,GR,79.80,15
2025-10-29T01:00:00Z,HR,80.26,15
2025-10-29T01:00:00Z,HU,79.80,15
2025-10-29T01:00:00Z,IT-CNorth,104.42,15
2025-10-29T01:00:00Z,IT-CSouth,104.42,15
2025-10-29T01:00:00Z,IT-North,104.42,15
2025-10-29T01:00:00Z,IT-Sardinia,104.42,15
2025-10-29T01:00:00Z,IT-Sicily,104.42,15
2025-10-29T01:00:00Z,IT-South,104.42,15
2025-10-29T01:00:00Z,LT,51.85,15
2025-10-29T01:00:00Z,LV,51.85,15
2025-10-29T01:00:00Z,NL,56.41,15
2025-10-29T01:00:00Z,NO1,53.37,15
2025-10-29T01:00:00Z,NO2,54.53,15
2025-10-29T01:00:00Z,NO3,37.50,15
2025-10-29T01:00:00Z,NO4,5.65,15
2025-10-29T01:00:00Z,NO5,51.04,15
2025-10-29T01:00:00Z,PL,61.46,15
2025-10-29T01:00:00Z,PT,80.07,15
2025-10-29T01:00:00Z,RO,79.80,15
2025-10-29T01:00:00Z,RS,80.00,15
2025-10-29T01:00:00Z,SE1,48.11,15
2025-10-29T01:00:00Z,SE2,45.82,15
2025-10-29T01:00:00Z,SE3,50.67,15
2025-10-29T01:00:00Z,SE4,51.94,15
2025-10-29T01:00:00Z,SI,81.13,15
2025-10-29T01:00:00Z,SK,77.27,15
2025-10-29T01:15:00Z,AT,76.86,15
2025-10-29T01:15:00Z,BE,52.79,15
2025-10-29T01:15:00Z,CZ,68.17,15
2025-10-29T01:15:00Z,DE-LU,52.59,15
2025-10-29T01:15:00Z,DK1,52.59,15
2025-10-29T01:15:00Z,DK2,52.58,15
2025-10-29T01:15:00Z,EE,52.00,15
2025-10-29T01:15:00Z,ES,89.88,15
2025-10-29T01:15:00Z,FI,51.94,15
2025-10-29T01:15:00Z,FR,52.79,15
2025-10-29T01:15:00Z,GR,78.15,15
2025-10-29T01:15:00Z,HR,76.88,15
2025-10-29T01:15:00Z,HU,76.00,15
2025-10-29T01:15:00Z,IT-CNorth,103.96,15
2025-10-29T01:15:00Z,IT-CSouth,103.96,15
2025-10-29T01:15:00Z,IT-North,103.96,15
2025-10-29T01:15:00Z,IT-Sardinia,103.96,15
2025-10-29T01:15:00Z,IT-Sicily,103.96,15
2025-10-29T01:15:00Z,IT-South,103.96,15
2025-10-29T01:15:00Z,LT,52.00,15
2025-10-29T01:15:00Z,LV,52.00,15
2025-10-29T01:15:00Z,NL,55.91,15
2025-10-29T01:15:00Z,NO1,52.95,15
2025-10-29T01:15:00Z,NO2,54.05,15
2025-10-29T01:15:00Z,NO3,37.87,15
2025-10-29T01:15:00Z,NO5,50.73,15
2025-10-29T01:15:00Z,PL,62.02,15
2025-10-29T01:15:00Z,PT,80.01,15
2025-10-29T01:15:00Z,RO,78.15,15
2025-10-29T01:15:00Z,SE1,48.02,15
2025-10-29T01:15:00Z,SE2,45.29,15
2025-10-29T01:15:00Z,SE3,50.08,15
2025-10-29T01:15:00Z,SE4,51.33,15
2025-10-29T01:15:00Z,SI,77.45,15
2025-10-29T01:15:00Z,SK,73.40,15
2025-10-29T01:30:00Z,AT,82.45,15
2025-10-29T01:30:00Z,BE,55.24,15
2025-10-29T01:30:00Z,CZ,65.78,15
2025-10-29T01:30:00Z,DE-LU,55.54,15
2025-10-29T01:30:00Z,DK1,55.54,15
2025-10-29T01:30:00Z,DK2,55.53,15
2025-10-29T01:30:00Z,EE,53.47,15
2025-10-29T01:30:00Z,ES,89.99,15
2025-10-29T01:30:00Z,FI,53.41,15
2025-10-29T01:30:00Z,FR,55.54,15
2025-10-29T01:30:00Z,GR,77.11,15
2025-10-29T01:30:00Z,HR,73.49,15
2025-10-29T01:30:00Z,HU,72.19,15
2025-10-29T01:30:00Z,IT-CNorth,101.39,15
2025-10-29T01:30:00Z,IT-CSouth,101.39,15
2025-10-29T01:30:00Z,IT-North,101.39,15
2025-10-29T01:30:00Z,IT-Sardinia,101.39,15
2025-10-29T01:30:00Z,IT-Sicily,101.39,15
2025-10-29T01:30:00Z,IT-South,101.39,15
2025-10-29T01:30:00Z,LT,53.47,15
2025-10-29T01:30:00Z,LV,53.47,15
2025-10-29T01:30:00Z,NL,56.44,15
2025-10-29T01:30:00Z,NO1,53.37,15
2025-10-29T01:30:00Z,NO2,54.56,15
2025-10-29T01:30:00Z,NO3,36.92,15
2025-10-29T01:30:00Z,NO5,50.98,15
2025-10-29T01:30:00Z,PL,64.41,15
2025-10-29T01:30:00Z,RO,77.11,15
2025-10-29T01:30:00Z,SE1,50.12,15
2025-10-29T01:30:00Z,SE2,49.14,15
2025-10-29T01:30:00Z,SE3,52.80,15
2025-10-29T01:30:00Z,SE4,53.73,15
2025-10-29T01:30:00Z,SI,73.56,15
2025-10-29T01:30:00Z,SK,69.87,15
2025-10-29T01:45:00Z,AT,79.95,15
2025-10-29T01:45:00Z,BE,53.71,15
2025-10-29T01:45:00Z,CZ,67.47,15
2025-10-29T01:45:00Z,DE-LU,55.28,15
2025-10-29T01:45:00Z,DK1,55.28,15
2025-10-29T01:45:00Z,DK2,55.27,15
2025-10-29T01:45:00Z,EE,54.13,15
2025-10-29T01:45:00Z,ES,90.88,15
2025-10-29T01:45:00Z,FI,54.08,15
2025-10-29T01:45:00Z,FR,50.66,15
2025-10-29T01:45:00Z,GR,77.68,15
2025-10-29T01:45:00Z,HR,75.84,15
2025-10-29T01:45:00Z,HU,74.77,15
2025-10-29T01:45:00Z,IT-CNorth,101.00,15
2025-10-29T01:45:00Z,IT-CSouth,101.00,15
2025-10-29T01:45:00Z,IT-North,101.00,15
2025-10-29T01:45:00Z,IT-Sardinia,101.00,15
2025-10-29T01:45:00Z,IT-Sicily,101.00,15
2025-10-29T01:45:00Z,IT-South,101.00,15
2025-10-29T01:45:00Z,LT,54.13,15
2025-10-29T01:45:00Z,LV,54.13,15
2025-10-29T01:45:00Z,NL,56.01,15
2025-10-29T01:45:00Z,NO1,53.01,15
2025-10-29T01:45:00Z,NO2,54.15,15
2025-10-29T01:45:00Z,NO3,37.26,15
2025-10-29T01:45:00Z,NO4,5.68,15
2025-10-29T01:45:00Z,NO5,50.74,15
2025-10-29T01:45:00Z,PL,65.35,15
2025-10-29T01:45:00Z,RO,77.68,15
2025-10-29T01:45:00Z,SE1,50.76,15
2025-10-29T01:45:00Z,SE2,50.06,15
2025-10-29T01:45:00Z,SE3,53.14,15
2025-10-29T01:45:00Z,SE4,53.89,15
2025-10-29T01:45:00Z,SI,76.26,15
2025-10-29T01:45:00Z,SK,72.32,15
2025-10-29T02:00:00Z,AT,79.92,15
2025-10-29T02:00:00Z,BE,57.16,15
2025-10-29T02:00:00Z,CH,94.25,60
2025-10-29T02:00:00Z,CZ,70.69,15
2025-10-29T02:00:00Z,DE-LU,57.35,15
2025-10-29T02:00:00Z,DK1,57.35,15
2025-10-29T02:00:00Z,DK2,57.32,15
2025-10-29T02:00:00Z,EE,51.79,15
2025-10-29T02:00:00Z,ES,98.86,15
2025-10-29T02:00:00Z,FI,51.73,15
2025-10-29T02:00:00Z,FR,58.35,15
2025-10-29T02:00:00Z,GR,75.00,15
2025-10-29T02:00:00Z,HR,75.96,15
2025-10-29T02:00:00Z,HU,75.88,15
2025-10-29T02:00:00Z,IT-CNorth,104.30,15
2025-10-29T02:00:00Z,IT-CSouth,104.30,15
2025-10-29T02:00:00Z,IT-North,104.30,15
2025-10-29T02:00:00Z,IT-Sardinia,104.30,15
2025-10-29T02:00:00Z,IT-Sicily,104.30,15
2025-10-29T02:00:00Z,IT-South,104.30,15
2025-10-29T02:00:00Z,LT,51.79,15
2025-10-29T02:00:00Z,LV,51.79,15
2025-10-29T02:00:00Z,NL,57.42,15
2025-10-29T02:00:00Z,NO1,54.27,15
2025-10-29T02:00:00Z,NO2,55.50,15
2025-10-29T02:00:00Z,NO3,37.43,15
2025-10-29T02:00:00Z,NO4,5.49,15
2025-10-29T02:00:00Z,NO5,51.80,15
2025-10-29T02:00:00Z,PL,60.63,15
2025-10-29T02:00:00Z,PT,78.86,15
2025-10-29T02:00:00Z,RO,75.00,15
2025-10-29T02:00:00Z,RS,80.32,15
2025-10-29T02:00:00Z,SE1,48.22,15
2025-10-29T02:00:00Z,SE2,46.09,15
2025-10-29T02:00:00Z,SE3,51.29,15
2025-10-29T02:00:00Z,SE4,52.75,15
2025-10-29T02:00:00Z,SI,76.61,15
2025-10-29T02:00:00Z,SK,74.36,15
2025-10-29T02:15:00Z,AT,79.97,15
2025-10-29T02:15:00Z,BE,57.22,15
2025-10-29T02:15:00Z,CZ,69.02,15
2025-10-29T02:15:00Z,DE-LU,57.60,15
2025-10-29T02:15:00Z,DK1,57.60,15
2025-10-29T02:15:00Z,DK2,57.58,15
2025-10-29T02:15:00Z,EE,54.11,15
2025-10-29T02:15:00Z,ES,94.95,15
2025-10-29T02:15:00Z,FI,54.06,15
2025-10-29T02:15:00Z,HR,75.74,15
2025-10-29T02:15:00Z,HU,75.51,15
2025-10-29T02:15:00Z,LT,54.11,15
2025-10-29T02:15:00Z,LV,54.11,15
2025-10-29T02:15:00Z,NL,57.67,15
2025-10-29T02:15:00Z,NO1,54.51,15
2025-10-29T02:15:00Z,NO2,55.75,15
2025-10-29T02:15:00Z,NO3,37.46,15
2025-10-29T02:15:00Z,NO4,5.47,15
2025-10-29T02:15:00Z,NO5,52.03,15
2025-10-29T02:15:00Z,PL,66.70,15
2025-10-29T02:15:00Z,PT,77.15,15
2025-10-29T02:15:00Z,SE1,50.73,15
2025-10-29T02:15:00Z,SE2,49.64,15
2025-10-29T02:15:00Z,SE3,53.61,15
2025-10-29T02:15:00Z,SE4,54.66,15
2025-10-29T02:15:00Z,SI,76.41,15
2025-10-29T02:15:00Z,SK,73.61,15
2025-10-29T02:30:00Z,AT,79.91,15
2025-10-29T02:30:00Z,BE,55.75,15
2025-10-29T02:30:00Z,CZ,68.53,15
2025-10-29T02:30:00Z,DE-LU,56.18,15
2025-10-29T02:30:00Z,DK1,56.18,15
2025-10-29T02:30:00Z,DK2,56.16,15
2025-10-29T02:30:00Z,EE,55.37,15
2025-10-29T02:30:00Z,ES,95.68,15
2025-10-29T02:30:00Z,FI,55.30,15
2025-10-29T02:30:00Z,FR,56.98,15
2025-10-29T02:30:00Z,HR,75.80,15
2025-10-29T02:30:00Z,HU,75.55,15
2025-10-29T02:30:00Z,LT,55.37,15
2025-10-29T02:30:00Z,LV,55.37,15
2025-10-29T02:30:00Z,NL,56.18,15
2025-10-29T02:30:00Z,NO1,53.31,15
2025-10-29T02:30:00Z,NO2,54.38,15
2025-10-29T02:30:00Z,NO3,38.54,15
2025-10-29T02:30:00Z,NO4,5.46,15
2025-10-29T02:30:00Z,NO5,51.16,15
2025-10-29T02:30:00Z,PL,66.06,15
2025-10-29T02:30:00Z,PT,74.99,15
2025-10-29T02:30:00Z,SE1,51.34,15
2025-10-29T02:30:00Z,SE2,49.29,15
2025-10-29T02:30:00Z,SE3,52.65,15
2025-10-29T02:30:00Z,SE4,53.51,15
2025-10-29T02:30:00Z,SI,76.52,15
2025-10-29T02:30:00Z,SK,73.50,15
2025-10-29T02:45:00Z,AT,82.43,15
2025-10-29T02:45:00Z,BE,52.17,15
2025-10-29T02:45:00Z,CZ,69.30,15
2025-10-29T02:45:00Z,DE-LU,54.26,15
2025-10-29T02:45:00Z,DK1,54.26,15
2025-10-29T02:45:00Z,DK2,54.24,15
2025-10-29T02:45:00Z,EE,57.30,15
2025-10-29T02:45:00Z,ES,87.12,15
2025-10-29T02:45:00Z,FI,57.22,15
2025-10-29T02:45:00Z,FR,51.43,15
2025-10-29T02:45:00Z,GR,77.74,15
2025-10-29T02:45:00Z,HR,78.74,15
2025-10-29T02:45:00Z,HU,78.35,15
2025-10-29T02:45:00Z,IT-CNorth,103.50,15
2025-10-29T02:45:00Z,IT-CSouth,103.50,15
2025-10-29T02:45:00Z,IT-North,103.50,15
2025-10-29T02:45:00Z,IT-Sardinia,103.50,15
2025-10-29T02:45:00Z,IT-Sicily,103.50,15
2025-10-29T02:45:00Z,IT-South,103.50,15
2025-10-29T02:45:00Z,LT,57.30,15
2025-10-29T02:45:00Z,LV,57.30,15
2025-10-29T02:45:00Z,NL,51.96,15
2025-10-29T02:45:00Z,NO1,51.83,15
2025-10-29T02:45:00Z,NO2,52.66,15
2025-10-29T02:45:00Z,NO3,40.36,15
2025-10-29T02:45:00Z,NO4,5.42,15
2025-10-29T02:45:00Z,NO5,50.16,15
2025-10-29T02:45:00Z,PL,67.74,15
2025-10-29T02:45:00Z,RO,77.74,15
2025-10-29T02:45:00Z,SE1,52.25,15
2025-10-29T02:45:00Z,SE2,48.65,15
2025-10-29T02:45:00Z,SE3,51.27,15
2025-10-29T02:45:00Z,SE4,51.91,15
2025-10-29T02:45:00Z,SI,79.67,15
2025-10-29T02:45:00Z,SK,75.70,15
2025-10-29T03:00:00Z,AT,79.95,15
2025-10-29T03:00:00Z,BE,48.31,15
2025-10-29T03:00:00Z,CH,93.51,60
2025-10-29T03:00:00Z,CZ,51.95,15
2025-10-29T03:00:00Z,DE-LU,48.64,15
2025-10-29T03:00:00Z,DK1,48.64,15
2025-10-29T03:00:00Z,DK2,48.63,15
2025-10-29T03:00:00Z,EE,50.43,15
2025-10-29T03:00:00Z,ES,95.57,15
2025-10-29T03:00:00Z,FI,50.36,15
2025-10-29T03:00:00Z,FR,48.73,15
2025-10-29T03:00:00Z,GR,78.97,15
2025-10-29T03:00:00Z,HR,59.52,15
2025-10-29T03:00:00Z,HU,54.79,15
2025-10-29T03:00:00Z,IT-CNorth,100.62,15
2025-10-29T03:00:00Z,IT-CSouth,100.62,15
2025-10-29T03:00:00Z,IT-North,100.62,15
2025-10-29T03:00:00Z,IT-Sardinia,100.62,15
2025-10-29T03:00:00Z,IT-Sicily,100.62,15
2025-10-29T03:00:00Z,IT-South,100.62,15
2025-10-29T03:00:00Z,LT,50.43,15
2025-10-29T03:00:00Z,LV,50.43,15
2025-10-29T03:00:00Z,NL,48.20,15
2025-10-29T03:00:00Z,NO1,48.88,15
2025-10-29T03:00:00Z,NO2,49.77,15
2025-10-29T03:00:00Z,NO3,37.10,15
2025-10-29T03:00:00Z,NO4,5.51,15
2025-10-29T03:00:00Z,NO5,47.09,15
2025-10-29T03:00:00Z,PL,50.43,15
2025-10-29T03:00:00Z,PT,77.27,15
2025-10-29T03:00:00Z,RO,78.97,15
2025-10-29T03:00:00Z,RS,84.07,15
2025-10-29T03:00:00Z,SE1,46.05,15
2025-10-29T03:00:00Z,SE2,42.33,15
2025-10-29T03:00:00Z,SE3,46.26,15
2025-10-29T03:00:00Z,SE4,47.30,15
2025-10-29T03:00:00Z,SI,57.12,15
2025-10-29T03:00:00Z,SK,51.98,15
2025-10-29T03:15:00Z,AT,102.43,15
2025-10-29T03:15:00Z,BE,50.57,15
2025-10-29T03:15:00Z,CZ,68.94,15
2025-10-29T03:15:00Z,DE-LU,53.06,15
2025-10-29T03:15:00Z,DK1,53.06,15
2025-10-29T03:15:00Z,DK2,53.05,15
2025-10-29T03:15:00Z,EE,58.40,15
2025-10-29T03:15:00Z,ES,93.54,15
2025-10-29T03:15:00Z,FI,58.32,15
2025-10-29T03:15:00Z,FR,49.42,15
2025-10-29T03:15:00Z,GR,82.45,15
2025-10-29T03:15:00Z,HR,79.97,15
2025-10-29T03:15:00Z,HU,78.75,15
2025-10-29T03:15:00Z,IT-CNorth,99.05,15
2025-10-29T03:15:00Z,IT-CSouth,99.05,15
2025-10-29T03:15:00Z,IT-North,99.05,15
2025-10-29T03:15:00Z,IT-Sardinia,99.05,15
2025-10-29T03:15:00Z,IT-Sicily,99.05,15
2025-10-29T03:15:00Z,IT-South,99.05,15
2025-10-29T03:15:00Z,LT,58.40,15
2025-10-29T03:15:00Z,LV,58.40,15
2025-10-29T03:15:00Z,NL,50.59,15
2025-10-29T03:15:00Z,NO1,50.91,15
2025-10-29T03:15:00Z,NO2,51.68,15
2025-10-29T03:15:00Z,NO3,40.52,15
2025-10-29T03:15:00Z,NO4,5.37,15
2025-10-29T03:15:00Z,NO5,49.36,15
2025-10-29T03:15:00Z,PL,67.12,15
2025-10-29T03:15:00Z,PT,77.00,15
2025-10-29T03:15:00Z,RO,82.45,15
2025-10-29T03:15:00Z,SE1,53.27,15
2025-10-29T03:15:00Z,SE2,49.74,15
2025-10-29T03:15:00Z,SE3,51.45,15
2025-10-29T03:15:00Z,SE4,51.81,15
2025-10-29T03:15:00Z,SI,80.47,15
2025-10-29T03:15:00Z,SK,75.53,15
2025-10-29T03:30:00Z,AT,76.86,15
2025-10-29T03:30:00Z,BE,53.92,15
2025-10-29T03:30:00Z,CZ,74.03,15
2025-10-29T03:30:00Z,DE-LU,56.34,15
2025-10-29T03:30:00Z,DK1,56.34,15
2025-10-29T03:30:00Z,DK2,56.33,15
2025-10-29T03:30:00Z,EE,62.68,15
2025-10-29T03:30:00Z,ES,95.00,15
2025-10-29T03:30:00Z,FI,62.59,15
2025-10-29T03:30:00Z,FR,53.92,15
2025-10-29T03:30:00Z,GR,88.86,15
2025-10-29T03:30:00Z,HR,87.64,15
2025-10-29T03:30:00Z,HU,87.00,15
2025-10-29T03:30:00Z,IT-CNorth,99.59,15
2025-10-29T03:30:00Z,IT-CSouth,99.59,15
2025-10-29T03:30:00Z,IT-North,99.59,15
2025-10-29T03:30:00Z,IT-Sardinia,99.59,15
2025-10-29T03:30:00Z,IT-Sicily,99.59,15
2025-10-29T03:30:00Z,IT-South,99.59,15
2025-10-29T03:30:00Z,LT,62.68,15
2025-10-29T03:30:00Z,LV,62.68,15
2025-10-29T03:30:00Z,NL,53.92,15
2025-10-29T03:30:00Z,NO1,53.53,15
2025-10-29T03:30:00Z,NO2,54.31,15
2025-10-29T03:30:00Z,NO3,42.91,15
2025-10-29T03:30:00Z,NO4,5.21,15
2025-10-29T03:30:00Z,NO5,51.95,15
2025-10-29T03:30:00Z,PL,72.12,15
2025-10-29T03:30:00Z,PT,80.00,15
2025-10-29T03:30:00Z,RO,88.86,15
2025-10-29T03:30:00Z,SE1,57.13,15
2025-10-29T03:30:00Z,SE2,53.46,15
2025-10-29T03:30:00Z,SE3,54.78,15
2025-10-29T03:30:00Z,SE4,55.01,15
2025-10-29T03:30:00Z,SI,88.30,15
2025-10-29T03:30:00Z,SK,83.98,15
2025-10-29T03:45:00Z,AT,83.35,15
2025-10-29T03:45:00Z,BE,57.49,15
2025-10-29T03:45:00Z,CZ,79.33,15
2025-10-29T03:45:00Z,DE-LU,60.86,15
2025-10-29T03:45:00Z,DK1,60.86,15
2025-10-29T03:45:00Z,DK2,60.85,15
2025-10-29T03:45:00Z,EE,70.82,15
2025-10-29T03:45:00Z,ES,94.01,15
2025-10-29T03:45:00Z,FI,70.72,15
2025-10-29T03:45:00Z,FR,54.46,15
2025-10-29T03:45:00Z,GR,94.02,15
2025-10-29T03:45:00Z,HR,92.03,15
2025-10-29T03:45:00Z,HU,90.73,15
2025-10-29T03:45:00Z,IT-CNorth,104.29,15
2025-10-29T03:45:00Z,IT-CSouth,104.29,15
2025-10-29T03:45:00Z,IT-North,104.29,15
2025-10-29T03:45:00Z,IT-Sardinia,104.29,15
2025-10-29T03:45:00Z,IT-Sicily,104.29,15
2025-10-29T03:45:00Z,IT-South,104.29,15
2025-10-29T03:45:00Z,LT,70.82,15
2025-10-29T03:45:00Z,LV,70.82,15
2025-10-29T03:45:00Z,NL,57.67,15
2025-10-29T03:45:00Z,NO1,55.30,15
2025-10-29T03:45:00Z,NO2,55.94,15
2025-10-29T03:45:00Z,NO3,46.29,15
2025-10-29T03:45:00Z,NO4,5.08,15
2025-10-29T03:45:00Z,NO5,53.98,15
2025-10-29T03:45:00Z,PL,77.26,15
2025-10-29T03:45:00Z,PT,80.01,15
2025-10-29T03:45:00Z,RO,94.02,15
2025-10-29T03:45:00Z,SE1,64.50,15
2025-10-29T03:45:00Z,SE2,61.08,15
2025-10-29T03:45:00Z,SE3,59.98,15
2025-10-29T03:45:00Z,SE4,59.47,15
2025-10-29T03:45:00Z,SI,92.75,15
2025-10-29T03:45:00Z,SK,87.06,15
2025-10-29T04:00:00Z,AT,66.95,15
2025-10-29T04:00:00Z,BE,51.55,15
2025-10-29T04:00:00Z,CH,105.04,60
2025-10-29T04:00:00Z,CZ,54.24,15
2025-10-29T04:00:00Z,DE-LU,51.67,15
2025-10-29T04:00:00Z,DK1,51.67,15
2025-10-29T04:00:00Z,DK2,51.67,15
2025-10-29T04:00:00Z,EE,53.52,15
2025-10-29T04:00:00Z,ES,93.54,15
2025-10-29T04:00:00Z,FI,53.44,15
2025-10-29T04:00:00Z,FR,53.29,15
2025-10-29T04:00:00Z,GR,88.60,15
2025-10-29T04:00:00Z,HR,79.33,15
2025-10-29T04:00:00Z,HU,80.36,15
2025-10-29T04:00:00Z,IT-CNorth,97.81,15
2025-10-29T04:00:00Z,IT-CSouth,97.81,15
2025-10-29T04:00:00Z,IT-North,97.81,15
2025-10-29T04:00:00Z,IT-Sardinia,97.81,15
2025-10-29T04:00:00Z,IT-Sicily,97.81,15
2025-10-29T04:00:00Z,IT-South,97.81,15
2025-10-29T04:00:00Z,LT,53.52,15
2025-10-29T04:00:00Z,LV,53.52,15
2025-10-29T04:00:00Z,NL,50.72,15
2025-10-29T04:00:00Z,NO1,54.07,15
2025-10-29T04:00:00Z,NO2,55.15,15
2025-10-29T04:00:00Z,NO3,40.21,15
2025-10-29T04:00:00Z,NO4,5.23,15
2025-10-29T04:00:00Z,NO5,51.95,15
2025-10-29T04:00:00Z,PL,53.52,15
2025-10-29T04:00:00Z,PT,80.07,15
2025-10-29T04:00:00Z,RO,88.60,15
2025-10-29T04:00:00Z,RS,109.82,15
2025-10-29T04:00:00Z,SE1,48.72,15
2025-10-29T04:00:00Z,SE2,44.51,15
2025-10-29T04:00:00Z,SE3,49.80,15
2025-10-29T04:00:00Z,SE4,51.25,15
2025-10-29T04:00:00Z,SI,77.45,15
2025-10-29T04:00:00Z,SK,82.80,15
2025-10-29T04:15:00Z,AT,85.04,15
2025-10-29T04:15:00Z,BE,57.27,15
2025-10-29T04:15:00Z,CZ,71.71,15
2025-10-29T04:15:00Z,DE-LU,58.77,15
2025-10-29T04:15:00Z,DK1,58.77,15
2025-10-29T04:15:00Z,DK2,58.76,15
2025-10-29T04:15:00Z,EE,70.02,15
2025-10-29T04:15:00Z,ES,90.01,15
2025-10-29T04:15:00Z,FI,65.70,15
2025-10-29T04:15:00Z,FR,58.84,15
2025-10-29T04:15:00Z,GR,98.04,15
2025-10-29T04:15:00Z,HR,90.46,15
2025-10-29T04:15:00Z,HU,89.56,15
2025-10-29T04:15:00Z,IT-CNorth,97.62,15
2025-10-29T04:15:00Z,IT-CSouth,97.62,15
2025-10-29T04:15:00Z,IT-North,97.62,15
2025-10-29T04:15:00Z,IT-Sardinia,97.62,15
2025-10-29T04:15:00Z,IT-Sicily,97.62,15
2025-10-29T04:15:00Z,IT-South,97.62,15
2025-10-29T04:15:00Z,LT,70.02,15
2025-10-29T04:15:00Z,LV,70.02,15
2025-10-29T04:15:00Z,NL,56.93,15
2025-10-29T04:15:00Z,NO1,57.95,15
2025-10-29T04:15:00Z,NO2,58.88,15
2025-10-29T04:15:00Z,NO3,45.76,15
2025-10-29T04:15:00Z,NO4,5.06,15
2025-10-29T04:15:00Z,NO5,56.12,15
2025-10-29T04:15:00Z,PL,70.02,15
2025-10-29T04:15:00Z,PT,81.01,15
2025-10-29T04:15:00Z,RO,98.04,15
2025-10-29T04:15:00Z,SE1,59.83,15
2025-10-29T04:15:00Z,SE2,55.84,15
2025-10-29T04:15:00Z,SE3,58.10,15
2025-10-29T04:15:00Z,SE4,58.60,15
2025-10-29T04:15:00Z,SI,89.79,15
2025-10-29T04:15:00Z,SK,87.95,15
2025-10-29T04:30:00Z,AT,107.51,15
2025-10-29T04:30:00Z,BE,65.92,15
2025-10-29T04:30:00Z,CZ,91.87,15
2025-10-29T04:30:00Z,DE-LU,73.29,15
2025-10-29T04:30:00Z,DK1,70.95,15
2025-10-29T04:30:00Z,DK2,69.76,15
2025-10-29T04:30:00Z,EE,89.61,15
2025-10-29T04:30:00Z,ES,89.70,15
2025-10-29T04:30:00Z,FI,83.39,15
2025-10-29T04:30:00Z,FR,52.74,15
2025-10-29T04:30:00Z,GR,113.65,15
2025-10-29T04:30:00Z,HR,107.57,15
2025-10-29T04:30:00Z,HU,105.01,15
2025-10-29T04:30:00Z,IT-CNorth,107.87,15
2025-10-29T04:30:00Z,IT-CSouth,107.87,15
2025-10-29T04:30:00Z,IT-North,107.87,15
2025-10-29T04:30:00Z,IT-Sardinia,107.87,15
2025-10-29T04:30:00Z,IT-Sicily,107.87,15
2025-10-29T04:30:00Z,IT-South,107.87,15
2025-10-29T04:30:00Z,LT,89.61,15
2025-10-29T04:30:00Z,LV,89.61,15
2025-10-29T04:30:00Z,NL,68.00,15
2025-10-29T04:30:00Z,NO1,65.02,15
2025-10-29T04:30:00Z,NO2,67.61,15
2025-10-29T04:30:00Z,NO3,54.09,15
2025-10-29T04:30:00Z,NO4,4.41,15
2025-10-29T04:30:00Z,NO5,62.98,15
2025-10-29T04:30:00Z,PL,89.61,15
2025-10-29T04:30:00Z,PT,83.27,15
2025-10-29T04:30:00Z,RO,113.65,15
2025-10-29T04:30:00Z,SE1,75.82,15
2025-10-29T04:30:00Z,SE2,71.91,15
2025-10-29T04:30:00Z,SE3,70.55,15
2025-10-29T04:30:00Z,SE4,69.89,15
2025-10-29T04:30:00Z,SI,107.77,15
2025-10-29T04:30:00Z,SK,101.02,15
2025-10-29T04:45:00Z,AT,132.51,15
2025-10-29T04:45:00Z,BE,76.23,15
2025-10-29T04:45:00Z,CZ,99.50,15
2025-10-29T04:45:00Z,DE-LU,82.74,15
2025-10-29T04:45:00Z,DK1,77.23,15
2025-10-29T04:45:00Z,DK2,73.91,15
2025-10-29T04:45:00Z,EE,99.95,15
2025-10-29T04:45:00Z,ES,90.00,15
2025-10-29T04:45:00Z,FI,99.80,15
2025-10-29T04:45:00Z,FR,64.56,15
2025-10-29T04:45:00Z,GR,153.29,15
2025-10-29T04:45:00Z,HR,120.29,15
2025-10-29T04:45:00Z,HU,111.41,15
2025-10-29T04:45:00Z,IT-CNorth,117.10,15
2025-10-29T04:45:00Z,IT-CSouth,117.10,15
2025-10-29T04:45:00Z,IT-North,117.10,15
2025-10-29T04:45:00Z,IT-Sardinia,117.10,15
2025-10-29T04:45:00Z,IT-Sicily,117.10,15
2025-10-29T04:45:00Z,IT-South,117.10,15
2025-10-29T04:45:00Z,LT,99.95,15
2025-10-29T04:45:00Z,LV,99.95,15
2025-10-29T04:45:00Z,NL,77.98,15
2025-10-29T04:45:00Z,NO1,68.39,15
2025-10-29T04:45:00Z,NO2,70.16,15
2025-10-29T04:45:00Z,NO3,55.88,15
2025-10-29T04:45:00Z,NO4,4.38,15
2025-10-29T04:45:00Z,NO5,66.34,15
2025-10-29T04:45:00Z,PL,95.76,15
2025-10-29T04:45:00Z,PT,85.01,15
2025-10-29T04:45:00Z,RO,153.29,15
2025-10-29T04:45:00Z,SE1,79.95,15
2025-10-29T04:45:00Z,SE2,76.30,15
2025-10-29T04:45:00Z,SE3,74.78,15
2025-10-29T04:45:00Z,SE4,74.06,15
2025-10-29T04:45:00Z,SI,117.10,15
2025-10-29T04:45:00Z,SK,104.42,15
2025-10-29T05:00:00Z,AT,85.71,15
2025-10-29T05:00:00Z,BE,63.15,15
2025-10-29T05:00:00Z,CH,118.51,60
2025-10-29T05:00:00Z,CZ,67.26,15
2025-10-29T05:00:00Z,DE-LU,64.35,15
2025-10-29T05:00:00Z,DK1,59.96,15
2025-10-29T05:00:00Z,DK2,62.94,15
2025-10-29T05:00:00Z,EE,70.90,15
2025-10-29T05:00:00Z,ES,87.45,15
2025-10-29T05:00:00Z,FI,70.79,15
2025-10-29T05:00:00Z,FR,64.35,15
2025-10-29T05:00:00Z,GR,136.64,15
2025-10-29T05:00:00Z,HR,102.25,15
2025-10-29T05:00:00Z,HU,100.17,15
2025-10-29T05:00:00Z,IT-CNorth,100.30,15
2025-10-29T05:00:00Z,IT-CSouth,100.30,15
2025-10-29T05:00:00Z,IT-North,100.30,15
2025-10-29T05:00:00Z,IT-Sardinia,100.30,15
2025-10-29T05:00:00Z,IT-Sicily,100.30,15
2025-10-29T05:00:00Z,IT-South,100.30,15
2025-10-29T05:00:00Z,LT,70.90,15
2025-10-29T05:00:00Z,LV,70.90,15
2025-10-29T05:00:00Z,NL,63.15,15
2025-10-29T05:00:00Z,NO1,62.39,15
2025-10-29T05:00:00Z,NO2,71.58,15
2025-10-29T05:00:00Z,NO3,49.41,15
2025-10-29T05:00:00Z,NO4,5.67,15
2025-10-29T05:00:00Z,NO5,60.08,15
2025-10-29T05:00:00Z,PL,77.81,15
2025-10-29T05:00:00Z,PT,85.00,15
2025-10-29T05:00:00Z,RO,136.64,15
2025-10-29T05:00:00Z,RS,125.07,15
2025-10-29T05:00:00Z,SE1,64.54,15
2025-10-29T05:00:00Z,SE2,60.37,15
2025-10-29T05:00:00Z,SE3,62.40,15
2025-10-29T05:00:00Z,SE4,62.80,15
2025-10-29T05:00:00Z,SI,98.48,15
2025-10-29T05:00:00Z,SK,101.99,15
2025-10-29T05:15:00Z,AT,112.20,15
2025-10-29T05:15:00Z,BE,86.66,15
2025-10-29T05:15:00Z,CZ,89.26,15
2025-10-29T05:15:00Z,DE-LU,87.11,15
2025-10-29T05:15:00Z,DK1,77.60,15
2025-10-29T05:15:00Z,DK2,80.03,15
2025-10-29T05:15:00Z,EE,88.20,15
2025-10-29T05:15:00Z,ES,90.81,15
2025-10-29T05:15:00Z,FI,88.07,15
2025-10-29T05:15:00Z,FR,87.04,15
2025-10-29T05:15:00Z,GR,118.02,15
2025-10-29T05:15:00Z,HR,111.44,15
2025-10-29T05:15:00Z,HU,114.32,15
2025-10-29T05:15:00Z,IT-CNorth,110.21,15
2025-10-29T05:15:00Z,IT-CSouth,110.21,15
2025-10-29T05:15:00Z,IT-North,110.21,15
2025-10-29T05:15:00Z,IT-Sardinia,110.21,15
2025-10-29T05:15:00Z,IT-Sicily,110.21,15
2025-10-29T05:15:00Z,IT-South,110.21,15
2025-10-29T05:15:00Z,LT,88.20,15
2025-10-29T05:15:00Z,LV,88.20,15
2025-10-29T05:15:00Z,NL,86.34,15
2025-10-29T05:15:00Z,NO1,67.44,15
2025-10-29T05:15:00Z,NO2,73.24,15
2025-10-29T05:15:00Z,NO3,52.67,15
2025-10-29T05:15:00Z,NO4,5.35,15
2025-10-29T05:15:00Z,NO5,63.97,15
2025-10-29T05:15:00Z,PL,103.36,15
2025-10-29T05:15:00Z,PT,87.04,15
2025-10-29T05:15:00Z,RO,118.02,15
2025-10-29T05:15:00Z,SE1,75.62,15
2025-10-29T05:15:00Z,SE2,71.06,15
2025-10-29T05:15:00Z,SE3,79.91,15
2025-10-29T05:15:00Z,SE4,80.51,15
2025-10-29T05:15:00Z,SI,110.21,15
2025-10-29T05:15:00Z,SK,114.32,15
2025-10-29T05:30:00Z,AT,134.06,15
2025-10-29T05:30:00Z,BE,92.48,15
2025-10-29T05:30:00Z,CZ,119.97,15
2025-10-29T05:30:00Z,DE-LU,99.76,15
2025-10-29T05:30:00Z,DK1,87.37,15
2025-10-29T05:30:00Z,DK2,96.33,15
2025-10-29T05:30:00Z,EE,109.50,15
2025-10-29T05:30:00Z,ES,92.00,15
2025-10-29T05:30:00Z,FI,109.34,15
2025-10-29T05:30:00Z,FR,89.29,15
2025-10-29T05:30:00Z,GR,121.08,15
2025-10-29T05:30:00Z,HR,120.76,15
2025-10-29T05:30:00Z,HU,122.07,15
2025-10-29T05:30:00Z,IT-CNorth,123.44,15
2025-10-29T05:30:00Z,IT-CSouth,123.44,15
2025-10-29T05:30:00Z,IT-North,123.44,15
2025-10-29T05:30:00Z,IT-Sardinia,123.44,15
2025-10-29T05:30:00Z,IT-Sicily,123.44,15
2025-10-29T05:30:00Z,IT-South,123.44,15
2025-10-29T05:30:00Z,LT,109.50,15
2025-10-29T05:30:00Z,LV,109.50,15
2025-10-29T05:30:00Z,NL,97.55,15
2025-10-29T05:30:00Z,NO1,69.92,15
2025-10-29T05:30:00Z,NO2,73.47,15
2025-10-29T05:30:00Z,NO3,49.25,15
2025-10-29T05:30:00Z,NO5,66.15,15
2025-10-29T05:30:00Z,PL,109.50,15
2025-10-29T05:30:00Z,PT,90.00,15
2025-10-29T05:30:00Z,RO,121.08,15
2025-10-29T05:30:00Z,SE1,74.49,15
2025-10-29T05:30:00Z,SE2,68.76,15
2025-10-29T05:30:00Z,SE3,94.71,15
2025-10-29T05:30:00Z,SE4,97.40,15
2025-10-29T05:30:00Z,SI,120.97,15
2025-10-29T05:30:00Z,SK,122.07,15
2025-10-29T05:45:00Z,AT,159.91,15
2025-10-29T05:45:00Z,BE,110.63,15
2025-10-29T05:45:00Z,CZ,134.31,15
2025-10-29T05:45:00Z,DE-LU,130.51,15
2025-10-29T05:45:00Z,DK1,102.75,15
2025-10-29T05:45:00Z,DK2,117.26,15
2025-10-29T05:45:00Z,EE,133.99,15
2025-10-29T05:45:00Z,ES,108.90,15
2025-10-29T05:45:00Z,FI,133.79,15
2025-10-29T05:45:00Z,FR,99.00,15
2025-10-29T05:45:00Z,GR,134.80,15
2025-10-29T05:45:00Z,HR,133.88,15
2025-10-29T05:45:00Z,HU,135.25,15
2025-10-29T05:45:00Z,IT-CNorth,137.17,15
2025-10-29T05:45:00Z,IT-CSouth,137.17,15
2025-10-29T05:45:00Z,IT-North,137.17,15
2025-10-29T05:45:00Z,IT-Sardinia,137.17,15
2025-10-29T05:45:00Z,IT-Sicily,137.17,15
2025-10-29T05:45:00Z,IT-South,137.17,15
2025-10-29T05:45:00Z,LT,133.99,15
2025-10-29T05:45:00Z,LV,133.99,15
2025-10-29T05:45:00Z,NL,125.73,15
2025-10-29T05:45:00Z,NO1,70.99,15
2025-10-29T05:45:00Z,NO2,73.16,15
2025-10-29T05:45:00Z,NO3,41.93,15
2025-10-29T05:45:00Z,NO4,5.39,15
2025-10-29T05:45:00Z,NO5,66.34,15
2025-10-29T05:45:00Z,PL,133.99,15
2025-10-29T05:45:00Z,PT,99.00,15
2025-10-29T05:45:00Z,RO,134.80,15
2025-10-29T05:45:00Z,SE1,69.68,15
2025-10-29T05:45:00Z,SE2,62.41,15
2025-10-29T05:45:00Z,SE3,113.42,15
2025-10-29T05:45:00Z,SE4,119.20,15
2025-10-29T05:45:00Z,SI,133.75,15
2025-10-29T05:45:00Z,SK,135.15,15
2025-10-29T06:00:00Z,AT,117.57,15
2025-10-29T06:00:00Z,BE,99.99,15
2025-10-29T06:00:00Z,CH,121.76,60
2025-10-29T06:00:00Z,CZ,120.90,15
2025-10-29T06:00:00Z,DE-LU,104.81,15
2025-10-29T06:00:00Z,DK1,101.49,15
2025-10-29T06:00:00Z,DK2,109.29,15
2025-10-29T06:00:00Z,EE,222.11,15
2025-10-29T06:00:00Z,ES,110.93,15
2025-10-29T06:00:00Z,FI,95.37,15
2025-10-29T06:00:00Z,FR,94.40,15
2025-10-29T06:00:00Z,GR,118.12,15
2025-10-29T06:00:00Z,HR,116.72,15
2025-10-29T06:00:00Z,HU,118.98,15
2025-10-29T06:00:00Z,IT-CNorth,116.19,15
2025-10-29T06:00:00Z,IT-CSouth,116.19,15
2025-10-29T06:00:00Z,IT-North,116.19,15
2025-10-29T06:00:00Z,IT-Sardinia,116.19,15
2025-10-29T06:00:00Z,IT-Sicily,116.19,15
2025-10-29T06:00:00Z,IT-South,116.19,15
2025-10-29T06:00:00Z,LT,222.11,15
2025-10-29T06:00:00Z,LV,222.11,15
2025-10-29T06:00:00Z,NL,103.28,15
2025-10-29T06:00:00Z,NO1,66.16,15
2025-10-29T06:00:00Z,NO2,82.27,15
2025-10-29T06:00:00Z,NO3,48.23,15
2025-10-29T06:00:00Z,NO4,5.29,15
2025-10-29T06:00:00Z,NO5,63.50,15
2025-10-29T06:00:00Z,PL,109.20,15
2025-10-29T06:00:00Z,PT,105.93,15
2025-10-29T06:00:00Z,RO,118.12,15
2025-10-29T06:00:00Z,RS,112.06,15
2025-10-29T06:00:00Z,SE1,55.42,15
2025-10-29T06:00:00Z,SE2,57.62,15
2025-10-29T06:00:00Z,SE3,105.24,15
2025-10-29T06:00:00Z,SE4,110.90,15
2025-10-29T06:00:00Z,SI,116.19,15
2025-10-29T06:00:00Z,SK,120.90,15
2025-10-29T06:15:00Z,AT,131.99,15
2025-10-29T06:15:00Z,BE,107.93,15
2025-10-29T06:15:00Z,CZ,112.27,15
2025-10-29T06:15:00Z,DE-LU,110.95,15
2025-10-29T06:15:00Z,DK1,100.18,15
2025-10-29T06:15:00Z,DK2,111.03,15
2025-10-29T06:15:00Z,EE,226.20,15
2025-10-29T06:15:00Z,ES,118.23,15
2025-10-29T06:15:00Z,FI,96.81,15
2025-10-29T06:15:00Z,FR,106.00,15
2025-10-29T06:15:00Z,GR,111.24,15
2025-10-29T06:15:00Z,HR,110.98,15
2025-10-29T06:15:00Z,HU,111.30,15
2025-10-29T06:15:00Z,IT-CNorth,124.44,15
2025-10-29T06:15:00Z,IT-CSouth,124.44,15
2025-10-29T06:15:00Z,IT-North,124.44,15
2025-10-29T06:15:00Z,IT-Sardinia,124.44,15
2025-10-29T06:15:00Z,IT-Sicily,124.44,15
2025-10-29T06:15:00Z,IT-South,124.44,15
2025-10-29T06:15:00Z,LT,226.20,15
2025-10-29T06:15:00Z,LV,226.20,15
2025-10-29T06:15:00Z,NL,110.33,15
2025-10-29T06:15:00Z,NO1,67.22,15
2025-10-29T06:15:00Z,NO2,82.24,15
2025-10-29T06:15:00Z,NO3,48.74,15
2025-10-29T06:15:00Z,NO4,5.33,15
2025-10-29T06:15:00Z,NO5,64.44,15
2025-10-29T06:15:00Z,PL,111.28,15
2025-10-29T06:15:00Z,PT,107.68,15
2025-10-29T06:15:00Z,RO,111.24,15
2025-10-29T06:15:00Z,SE1,56.06,15
2025-10-29T06:15:00Z,SE2,58.22,15
2025-10-29T06:15:00Z,SE3,106.89,15
2025-10-29T06:15:00Z,SE4,112.67,15
2025-10-29T06:15:00Z,SI,110.91,15
2025-10-29T06:15:00Z,SK,111.42,15
2025-10-29T06:30:00Z,AT,127.60,15
2025-10-29T06:30:00Z,BE,110.41,15
2025-10-29T06:30:00Z,CZ,110.41,15
2025-10-29T06:30:00Z,DE-LU,110.41,15
2025-10-29T06:30:00Z,DK1,99.98,15
2025-10-29T06:30:00Z,DK2,110.44,15
2025-10-29T06:30:00Z,EE,226.21,15
2025-10-29T06:30:00Z,ES,114.81,15
2025-10-29T06:30:00Z,FI,96.87,15
2025-10-29T06:30:00Z,FR,110.41,15
2025-10-29T06:30:00Z,GR,110.41,15
2025-10-29T06:30:00Z,HR,110.41,15
2025-10-29T06:30:00Z,HU,110.41,15
2025-10-29T06:30:00Z,IT-CNorth,128.00,15
2025-10-29T06:30:00Z,IT-CSouth,128.00,15
2025-10-29T06:30:00Z,IT-North,128.00,15
2025-10-29T06:30:00Z,IT-Sardinia,128.00,15
2025-10-29T06:30:00Z,IT-Sicily,128.00,15
2025-10-29T06:30:00Z,IT-South,128.00,15
2025-10-29T06:30:00Z,LT,226.21,15
2025-10-29T06:30:00Z,LV,226.21,15
2025-10-29T06:30:00Z,NL,110.41,15
2025-10-29T06:30:00Z,NO1,68.70,15
2025-10-29T06:30:00Z,NO2,82.89,15
2025-10-29T06:30:00Z,NO3,51.06,15
2025-10-29T06:30:00Z,NO4,5.36,15
2025-10-29T06:30:00Z,NO5,66.04,15
2025-10-29T06:30:00Z,PL,110.41,15
2025-10-29T06:30:00Z,PT,110.41,15
2025-10-29T06:30:00Z,RO,110.41,15
2025-10-29T06:30:00Z,SE1,57.30,15
2025-10-29T06:30:00Z,SE2,60.09,15
2025-10-29T06:30:00Z,SE3,106.50,15
2025-10-29T06:30:00Z,SE4,112.01,15
2025-10-29T06:30:00Z,SI,110.41,15
2025-10-29T06:30:00Z,SK,110.41,15
2025-10-29T06:45:00Z,AT,120.06,15
2025-10-29T06:45:00Z,BE,103.96,15
2025-10-29T06:45:00Z,CZ,103.96,15
2025-10-29T06:45:00Z,DE-LU,103.96,15
2025-10-29T06:45:00Z,DK1,94.11,15
2025-10-29T06:45:00Z,DK2,103.99,15
2025-10-29T06:45:00Z,EE,192.20,15
2025-10-29T06:45:00Z,ES,118.23,15
2025-10-29T06:45:00Z,FI,100.02,15
2025-10-29T06:45:00Z,FR,103.96,15
2025-10-29T06:45:00Z,GR,103.96,15
2025-10-29T06:45:00Z,HR,103.96,15
2025-10-29T06:45:00Z,HU,103.96,15
2025-10-29T06:45:00Z,IT-CNorth,126.13,15
2025-10-29T06:45:00Z,IT-CSouth,126.13,15
2025-10-29T06:45:00Z,IT-North,126.13,15
2025-10-29T06:45:00Z,IT-Sardinia,126.13,15
2025-10-29T06:45:00Z,IT-Sicily,126.13,15
2025-10-29T06:45:00Z,IT-South,126.13,15
2025-10-29T06:45:00Z,LT,192.20,15
2025-10-29T06:45:00Z,LV,192.20,15
2025-10-29T06:45:00Z,NL,103.96,15
2025-10-29T06:45:00Z,NO1,70.50,15
2025-10-29T06:45:00Z,NO2,81.36,15
2025-10-29T06:45:00Z,NO3,45.80,15
2025-10-29T06:45:00Z,NO4,5.37,15
2025-10-29T06:45:00Z,NO5,66.70,15
2025-10-29T06:45:00Z,PL,103.96,15
2025-10-29T06:45:00Z,PT,109.29,15
2025-10-29T06:45:00Z,RO,103.96,15
2025-10-29T06:45:00Z,SE1,69.25,15
2025-10-29T06:45:00Z,SE2,71.43,15
2025-10-29T06:45:00Z,SE3,103.02,15
2025-10-29T06:45:00Z,SE4,106.43,15
2025-10-29T06:45:00Z,SI,103.96,15
2025-10-29T06:45:00Z,SK,103.96,15
2025-10-29T07:00:00Z,AT,133.86,15
2025-10-29T07:00:00Z,BE,118.34,15
2025-10-29T07:00:00Z,CH,118.70,60
2025-10-29T07:00:00Z,CZ,120.29,15
2025-10-29T07:00:00Z,DE-LU,120.34,15
2025-10-29T07:00:00Z,DK1,120.34,15
2025-10-29T07:00:00Z,DK2,120.38,15
2025-10-29T07:00:00Z,ES,116.52,15
2025-10-29T07:00:00Z,FI,107.99,15
2025-10-29T07:00:00Z,FR,116.49,15
2025-10-29T07:00:00Z,GR,120.17,15
2025-10-29T07:00:00Z,HR,120.09,15
2025-10-29T07:00:00Z,HU,120.19,15
2025-10-29T07:00:00Z,IT-CNorth,122.69,15
2025-10-29T07:00:00Z,IT-CSouth,122.69,15
2025-10-29T07:00:00Z,IT-North,122.69,15
2025-10-29T07:00:00Z,IT-Sardinia,122.69,15
2025-10-29T07:00:00Z,IT-Sicily,122.69,15
2025-10-29T07:00:00Z,IT-South,122.69,15
2025-10-29T07:00:00Z,NL,119.81,15
2025-10-29T07:00:00Z,NO1,81.98,15
2025-10-29T07:00:00Z,NO2,83.45,15
2025-10-29T07:00:00Z,NO3,62.96,15
2025-10-29T07:00:00Z,NO4,5.41,15
2025-10-29T07:00:00Z,NO5,78.84,15
2025-10-29T07:00:00Z,PL,120.29,15
2025-10-29T07:00:00Z,PT,116.49,15
2025-10-29T07:00:00Z,RO,120.17,15
2025-10-29T07:00:00Z,RS,98.00,15
2025-10-29T07:00:00Z,SE1,66.66,15
2025-10-29T07:00:00Z,SE2,70.96,15
2025-10-29T07:00:00Z,SE3,117.60,15
2025-10-29T07:00:00Z,SE4,122.74,15
2025-10-29T07:00:00Z,SI,120.07,15
2025-10-29T07:00:00Z,SK,120.22,15
2025-10-29T07:15:00Z,AT,116.41,15
2025-10-29T07:15:00Z,BE,108.57,15
2025-10-29T07:15:00Z,CZ,108.57,15
2025-10-29T07:15:00Z,DE-LU,108.57,15
2025-10-29T07:15:00Z,DK1,108.57,15
2025-10-29T07:15:00Z,DK2,108.60,15
2025-10-29T07:15:00Z,EE,187.17,15
2025-10-29T07:15:00Z,ES,112.86,15
2025-10-29T07:15:00Z,FI,104.07,15
2025-10-29T07:15:00Z,FR,108.57,15
2025-10-29T07:15:00Z,GR,108.57,15
2025-10-29T07:15:00Z,HR,108.57,15
2025-10-29T07:15:00Z,HU,108.57,15
2025-10-29T07:15:00Z,IT-CNorth,123.04,15
2025-10-29T07:15:00Z,IT-CSouth,123.04,15
2025-10-29T07:15:00Z,IT-North,123.04,15
2025-10-29T07:15:00Z,IT-Sardinia,123.04,15
2025-10-29T07:15:00Z,IT-Sicily,123.04,15
2025-10-29T07:15:00Z,IT-South,123.04,15
2025-10-29T07:15:00Z,LT,187.17,15
2025-10-29T07:15:00Z,LV,187.17,15
2025-10-29T07:15:00Z,NL,108.57,15
2025-10-29T07:15:00Z,NO1,83.00,15
2025-10-29T07:15:00Z,NO2,84.06,15
2025-10-29T07:15:00Z,NO3,69.25,15
2025-10-29T07:15:00Z,NO4,5.44,15
2025-10-29T07:15:00Z,NO5,80.73,15
2025-10-29T07:15:00Z,PL,108.57,15
2025-10-29T07:15:00Z,PT,112.36,15
2025-10-29T07:15:00Z,RO,108.57,15
2025-10-29T07:15:00Z,SE1,68.26,15
2025-10-29T07:15:00Z,SE2,75.02,15
2025-10-29T07:15:00Z,SE3,108.72,15
2025-10-29T07:15:00Z,SE4,112.39,15
2025-10-29T07:15:00Z,SI,108.57,15
2025-10-29T07:15:00Z,SK,108.57,15
2025-10-29T07:30:00Z,AT,101.86,15
2025-10-29T07:30:00Z,BE,97.15,15
2025-10-29T07:30:00Z,CZ,97.15,15
2025-10-29T07:30:00Z,DE-LU,97.15,15
2025-10-29T07:30:00Z,DK1,97.15,15
2025-10-29T07:30:00Z,DK2,97.16,15
2025-10-29T07:30:00Z,EE,170.69,15
2025-10-29T07:30:00Z,ES,110.06,15
2025-10-29T07:30:00Z,FI,134.94,15
2025-10-29T07:30:00Z,FR,97.15,15
2025-10-29T07:30:00Z,GR,97.15,15
2025-10-29T07:30:00Z,HR,97.15,15
2025-10-29T07:30:00Z,HU,97.15,15
2025-10-29T07:30:00Z,IT-CNorth,111.43,15
2025-10-29T07:30:00Z,IT-CSouth,111.43,15
2025-10-29T07:30:00Z,IT-North,111.43,15
2025-10-29T07:30:00Z,IT-Sardinia,111.43,15
2025-10-29T07:30:00Z,IT-Sicily,111.43,15
2025-10-29T07:30:00Z,IT-South,111.43,15
2025-10-29T07:30:00Z,LT,170.69,15
2025-10-29T07:30:00Z,LV,170.69,15
2025-10-29T07:30:00Z,NL,97.15,15
2025-10-29T07:30:00Z,NO1,81.67,15
2025-10-29T07:30:00Z,NO2,82.27,15
2025-10-29T07:30:00Z,NO3,73.82,15
2025-10-29T07:30:00Z,NO4,5.46,15
2025-10-29T07:30:00Z,NO5,80.37,15
2025-10-29T07:30:00Z,PL,97.15,15
2025-10-29T07:30:00Z,PT,109.56,15
2025-10-29T07:30:00Z,RO,97.15,15
2025-10-29T07:30:00Z,SE1,67.86,15
2025-10-29T07:30:00Z,SE2,77.09,15
2025-10-29T07:30:00Z,SE3,96.35,15
2025-10-29T07:30:00Z,SE4,98.47,15
2025-10-29T07:30:00Z,SI,97.15,15
2025-10-29T07:30:00Z,SK,97.15,15
2025-10-29T07:45:00Z,AT,87.55,15
2025-10-29T07:45:00Z,BE,75.00,15
2025-10-29T07:45:00Z,CZ,75.00,15
2025-10-29T07:45:00Z,DE-LU,75.00,15
2025-10-29T07:45:00Z,DK1,75.00,15
2025-10-29T07:45:00Z,DK2,75.00,15
2025-10-29T07:45:00Z,EE,98.05,15
2025-10-29T07:45:00Z,ES,110.40,15
2025-10-29T07:45:00Z,FI,97.80,15
2025-10-29T07:45:00Z,FR,75.00,15
2025-10-29T07:45:00Z,GR,74.91,15
2025-10-29T07:45:00Z,HR,74.98,15
2025-10-29T07:45:00Z,HU,75.00,15
2025-10-29T07:45:00Z,IT-CNorth,109.64,15
2025-10-29T07:45:00Z,IT-CSouth,109.64,15
2025-10-29T07:45:00Z,IT-North,109.64,15
2025-10-29T07:45:00Z,IT-Sardinia,109.64,15
2025-10-29T07:45:00Z,IT-Sicily,109.64,15
2025-10-29T07:45:00Z,IT-South,109.64,15
2025-10-29T07:45:00Z,LT,98.05,15
2025-10-29T07:45:00Z,LV,98.05,15
2025-10-29T07:45:00Z,NL,75.00,15
2025-10-29T07:45:00Z,NO1,73.91,15
2025-10-29T07:45:00Z,NO2,73.94,15
2025-10-29T07:45:00Z,NO3,73.38,15
2025-10-29T07:45:00Z,NO4,5.53,15
2025-10-29T07:45:00Z,NO5,73.82,15
2025-10-29T07:45:00Z,PL,75.00,15
2025-10-29T07:45:00Z,PT,108.40,15
2025-10-29T07:45:00Z,RO,74.91,15
2025-10-29T07:45:00Z,SE1,62.50,15
2025-10-29T07:45:00Z,SE2,73.57,15
2025-10-29T07:45:00Z,SE3,74.88,15
2025-10-29T07:45:00Z,SE4,75.03,15
2025-10-29T07:45:00Z,SI,74.99,15
2025-10-29T07:45:00Z,SK,75.00,15
2025-10-29T08:00:00Z,AT,132.04,15
2025-10-29T08:00:00Z,BE,109.13,15
2025-10-29T08:00:00Z,CH,112.80,60
2025-10-29T08:00:00Z,CZ,108.25,15
2025-10-29T08:00:00Z,DE-LU,108.09,15
2025-10-29T08:00:00Z,DK1,108.09,15
2025-10-29T08:00:00Z,DK2,108.10,15
2025-10-29T08:00:00Z,EE,170.69,15
2025-10-29T08:00:00Z,ES,121.77,15
2025-10-29T08:00:00Z,FI,100.26,15
2025-10-29T08:00:00Z,FR,108.78,15
2025-10-29T08:00:00Z,GR,104.88,15
2025-10-29T08:00:00Z,HR,107.71,15
2025-10-29T08:00:00Z,HU,108.51,15
2025-10-29T08:00:00Z,IT-CNorth,119.77,15
2025-10-29T08:00:00Z,IT-CSouth,119.77,15
2025-10-29T08:00:00Z,IT-North,119.77,15
2025-10-29T08:00:00Z,IT-Sardinia,119.77,15
2025-10-29T08:00:00Z,IT-Sicily,119.77,15
2025-10-29T08:00:00Z,IT-South,119.77,15
2025-10-29T08:00:00Z,LT,170.69,15
2025-10-29T08:00:00Z,LV,170.69,15
2025-10-29T08:00:00Z,NL,111.50,15
2025-10-29T08:00:00Z,NO1,85.67,15
2025-10-29T08:00:00Z,NO2,86.50,15
2025-10-29T08:00:00Z,NO3,74.83,15
2025-10-29T08:00:00Z,NO4,5.68,15
2025-10-29T08:00:00Z,NO5,83.91,15
2025-10-29T08:00:00Z,PL,108.22,15
2025-10-29T08:00:00Z,PT,108.78,15
2025-10-29T08:00:00Z,RO,104.88,15
2025-10-29T08:00:00Z,RS,92.31,15
2025-10-29T08:00:00Z,SE1,70.34,15
2025-10-29T08:00:00Z,SE2,79.49,15
2025-10-29T08:00:00Z,SE3,105.81,15
2025-10-29T08:00:00Z,SE4,108.74,15
2025-10-29T08:00:00Z,SI,108.10,15
2025-10-29T08:00:00Z,SK,108.36,15
2025-10-29T08:15:00Z,AT,112.51,15
2025-10-29T08:15:00Z,BE,91.25,15
2025-10-29T08:15:00Z,CZ,91.25,15
2025-10-29T08:15:00Z,DE-LU,91.25,15
2025-10-29T08:15:00Z,DK1,91.25,15
2025-10-29T08:15:00Z,DK2,91.25,15
2025-10-29T08:15:00Z,EE,92.40,15
2025-10-29T08:15:00Z,ES,110.40,15
2025-10-29T08:15:00Z,FI,88.08,15
2025-10-29T08:15:00Z,FR,91.25,15
2025-10-29T08:15:00Z,GR,91.25,15
2025-10-29T08:15:00Z,HR,91.25,15
2025-10-29T08:15:00Z,HU,91.25,15
2025-10-29T08:15:00Z,IT-CNorth,110.00,15
2025-10-29T08:15:00Z,IT-CSouth,110.00,15
2025-10-29T08:15:00Z,IT-North,110.00,15
2025-10-29T08:15:00Z,IT-Sardinia,110.00,15
2025-10-29T08:15:00Z,IT-Sicily,110.00,15
2025-10-29T08:15:00Z,IT-South,110.00,15
2025-10-29T08:15:00Z,LT,92.40,15
2025-10-29T08:15:00Z,LV,92.40,15
2025-10-29T08:15:00Z,NL,91.25,15
2025-10-29T08:15:00Z,NO1,82.65,15
2025-10-29T08:15:00Z,NO2,82.97,15
2025-10-29T08:15:00Z,NO3,78.50,15
2025-10-29T08:15:00Z,NO4,5.70,15
2025-10-29T08:15:00Z,NO5,81.98,15
2025-10-29T08:15:00Z,PL,91.25,15
2025-10-29T08:15:00Z,PT,105.40,15
2025-10-29T08:15:00Z,RO,91.25,15
2025-10-29T08:15:00Z,SE1,68.78,15
2025-10-29T08:15:00Z,SE2,80.27,15
2025-10-29T08:15:00Z,SE3,90.37,15
2025-10-29T08:15:00Z,SE4,91.50,15
2025-10-29T08:15:00Z,SI,91.25,15
2025-10-29T08:15:00Z,SK,91.25,15
2025-10-29T08:30:00Z,AT,95.07,15
2025-10-29T08:30:00Z,BE,77.59,15
2025-10-29T08:30:00Z,CZ,75.48,15
2025-10-29T08:30:00Z,DE-LU,75.10,15
2025-10-29T08:30:00Z,DK1,75.10,15
2025-10-29T08:30:00Z,DK2,75.10,15
2025-10-29T08:30:00Z,EE,88.30,15
2025-10-29T08:30:00Z,ES,103.28,15
2025-10-29T08:30:00Z,FI,88.07,15
2025-10-29T08:30:00Z,FR,76.75,15
2025-10-29T08:30:00Z,GR,65.00,15
2025-10-29T08:30:00Z,HR,74.21,15
2025-10-29T08:30:00Z,HU,76.11,15
2025-10-29T08:30:00Z,IT-CNorth,108.43,15
2025-10-29T08:30:00Z,IT-CSouth,108.43,15
2025-10-29T08:30:00Z,IT-North,108.43,15
2025-10-29T08:30:00Z,IT-Sardinia,108.43,15
2025-10-29T08:30:00Z,IT-Sicily,108.43,15
2025-10-29T08:30:00Z,IT-South,108.43,15
2025-10-29T08:30:00Z,LT,88.30,15
2025-10-29T08:30:00Z,LV,88.30,15
2025-10-29T08:30:00Z,NL,83.24,15
2025-10-29T08:30:00Z,NO1,74.64,15
2025-10-29T08:30:00Z,NO2,74.65,15
2025-10-29T08:30:00Z,NO3,74.41,15
2025-10-29T08:30:00Z,NO4,5.75,15
2025-10-29T08:30:00Z,NO5,74.60,15
2025-10-29T08:30:00Z,PL,75.43,15
2025-10-29T08:30:00Z,PT,100.88,15
2025-10-29T08:30:00Z,RO,67.47,15
2025-10-29T08:30:00Z,SE1,62.65,15
2025-10-29T08:30:00Z,SE2,74.48,15
2025-10-29T08:30:00Z,SE3,75.05,15
2025-10-29T08:30:00Z,SE4,75.12,15
2025-10-29T08:30:00Z,SI,75.14,15
2025-10-29T08:30:00Z,SK,75.76,15
2025-10-29T08:45:00Z,AT,57.57,15
2025-10-29T08:45:00Z,BE,71.11,15
2025-10-29T08:45:00Z,CZ,69.81,15
2025-10-29T08:45:00Z,DE-LU,68.78,15
2025-10-29T08:45:00Z,DK1,68.78,15
2025-10-29T08:45:00Z,DK2,68.79,15
2025-10-29T08:45:00Z,EE,85.19,15
2025-10-29T08:45:00Z,ES,93.00,15
2025-10-29T08:45:00Z,FI,84.97,15
2025-10-29T08:45:00Z,FR,70.17,15
2025-10-29T08:45:00Z,GR,26.00,15
2025-10-29T08:45:00Z,HR,61.84,15
2025-10-29T08:45:00Z,HU,72.59,15
2025-10-29T08:45:00Z,IT-CNorth,105.00,15
2025-10-29T08:45:00Z,IT-CSouth,105.00,15
2025-10-29T08:45:00Z,IT-North,105.00,15
2025-10-29T08:45:00Z,IT-Sardinia,105.00,15
2025-10-29T08:45:00Z,IT-Sicily,105.00,15
2025-10-29T08:45:00Z,IT-South,105.00,15
2025-10-29T08:45:00Z,LT,85.19,15
2025-10-29T08:45:00Z,LV,85.19,15
2025-10-29T08:45:00Z,NL,76.77,15
2025-10-29T08:45:00Z,NO1,70.66,15
2025-10-29T08:45:00Z,NO2,70.66,15
2025-10-29T08:45:00Z,NO3,70.66,15
2025-10-29T08:45:00Z,NO4,5.79,15
2025-10-29T08:45:00Z,NO5,70.66,15
2025-10-29T08:45:00Z,PL,69.98,15
2025-10-29T08:45:00Z,PT,95.00,15
2025-10-29T08:45:00Z,RO,26.00,15
2025-10-29T08:45:00Z,SE1,59.39,15
2025-10-29T08:45:00Z,SE2,70.62,15
2025-10-29T08:45:00Z,SE3,70.63,15
2025-10-29T08:45:00Z,SE4,70.60,15
2025-10-29T08:45:00Z,SI,66.69,15
2025-10-29T08:45:00Z,SK,71.01,15
2025-10-29T09:00:00Z,AT,105.09,15
2025-10-29T09:00:00Z,BE,85.88,15
2025-10-29T09:00:00Z,CH,103.87,60
2025-10-29T09:00:00Z,CZ,83.35,15
2025-10-29T09:00:00Z,DE-LU,82.13,15
2025-10-29T09:00:00Z,DK1,82.13,15
2025-10-29T09:00:00Z,DK2,82.13,15
2025-10-29T09:00:00Z,EE,133.22,15
2025-10-29T09:00:00Z,ES,90.39,15
2025-10-29T09:00:00Z,FI,133.04,15
2025-10-29T09:00:00Z,FR,84.47,15
2025-10-29T09:00:00Z,GR,20.88,15
2025-10-29T09:00:00Z,HR,75.28,15
2025-10-29T09:00:00Z,HU,86.38,15
2025-10-29T09:00:00Z,IT-CNorth,108.43,15
2025-10-29T09:00:00Z,IT-CSouth,108.43,15
2025-10-29T09:00:00Z,IT-North,108.43,15
2025-10-29T09:00:00Z,IT-Sardinia,108.43,15
2025-10-29T09:00:00Z,IT-Sicily,108.43,15
2025-10-29T09:00:00Z,IT-South,108.43,15
2025-10-29T09:00:00Z,LT,133.22,15
2025-10-29T09:00:00Z,LV,133.22,15
2025-10-29T09:00:00Z,NL,95.00,15
2025-10-29T09:00:00Z,NO1,71.49,15
2025-10-29T09:00:00Z,NO2,73.37,15
2025-10-29T09:00:00Z,NO3,46.86,15
2025-10-29T09:00:00Z,NO4,8.55,15
2025-10-29T09:00:00Z,NO5,67.84,15
2025-10-29T09:00:00Z,PL,83.48,15
2025-10-29T09:00:00Z,RO,33.39,15
2025-10-29T09:00:00Z,RS,80.41,15
2025-10-29T09:00:00Z,SE1,80.81,15
2025-10-29T09:00:00Z,SE2,85.44,15
2025-10-29T09:00:00Z,SE3,83.20,15
2025-10-29T09:00:00Z,SE4,82.27,15
2025-10-29T09:00:00Z,SI,80.15,15
2025-10-29T09:00:00Z,SK,84.65,15
2025-10-29T09:15:00Z,AT,97.58,15
2025-10-29T09:15:00Z,BE,74.94,15
2025-10-29T09:15:00Z,CZ,72.99,15
2025-10-29T09:15:00Z,DE-LU,71.67,15
2025-10-29T09:15:00Z,DK1,71.67,15
2025-10-29T09:15:00Z,DK2,71.68,15
2025-10-29T09:15:00Z,EE,100.19,15
2025-10-29T09:15:00Z,ES,85.00,15
2025-10-29T09:15:00Z,FI,99.99,15
2025-10-29T09:15:00Z,FR,73.65,15
2025-10-29T09:15:00Z,GR,0.01,15
2025-10-29T09:15:00Z,HR,63.54,15
2025-10-29T09:15:00Z,HU,76.44,15
2025-10-29T09:15:00Z,IT-CNorth,106.83,15
2025-10-29T09:15:00Z,IT-CSouth,106.83,15
2025-10-29T09:15:00Z,IT-North,106.83,15
2025-10-29T09:15:00Z,IT-Sardinia,106.83,15
2025-10-29T09:15:00Z,IT-Sicily,106.83,15
2025-10-29T09:15:00Z,IT-South,106.83,15
2025-10-29T09:15:00Z,LT,100.19,15
2025-10-29T09:15:00Z,LV,100.19,15
2025-10-29T09:15:00Z,NL,83.02,15
2025-10-29T09:15:00Z,NO1,69.86,15
2025-10-29T09:15:00Z,NO2,70.48,15
2025-10-29T09:15:00Z,NO3,61.69,15
2025-10-29T09:15:00Z,NO4,8.57,15
2025-10-29T09:15:00Z,NO5,68.64,15
2025-10-29T09:15:00Z,PL,73.18,15
2025-10-29T09:15:00Z,PT,90.00,15
2025-10-29T09:15:00Z,RO,15.09,15
2025-10-29T09:15:00Z,SE1,65.54,15
2025-10-29T09:15:00Z,SE2,74.46,15
2025-10-29T09:15:00Z,SE3,73.72,15
2025-10-29T09:15:00Z,SE4,73.39,15
2025-10-29T09:15:00Z,SI,69.16,15
2025-10-29T09:15:00Z,SK,74.46,15
2025-10-29T09:30:00Z,AT,87.50,15
2025-10-29T09:30:00Z,BE,72.79,15
2025-10-29T09:30:00Z,CZ,69.92,15
2025-10-29T09:30:00Z,DE-LU,68.57,15
2025-10-29T09:30:00Z,DK1,68.57,15
2025-10-29T09:30:00Z,DK2,68.58,15
2025-10-29T09:30:00Z,EE,88.30,15
2025-10-29T09:30:00Z,ES,83.72,15
2025-10-29T09:30:00Z,FI,88.10,15
2025-10-29T09:30:00Z,FR,71.20,15
2025-10-29T09:30:00Z,HR,61.08,15
2025-10-29T09:30:00Z,HU,73.26,15
2025-10-29T09:30:00Z,IT-CNorth,105.37,15
2025-10-29T09:30:00Z,IT-CSouth,105.37,15
2025-10-29T09:30:00Z,IT-North,105.37,15
2025-10-29T09:30:00Z,IT-Sardinia,105.37,15
2025-10-29T09:30:00Z,IT-Sicily,105.37,15
2025-10-29T09:30:00Z,IT-South,105.37,15
2025-10-29T09:30:00Z,LT,88.30,15
2025-10-29T09:30:00Z,LV,88.30,15
2025-10-29T09:30:00Z,NO1,68.09,15
2025-10-29T09:30:00Z,NO2,68.39,15
2025-10-29T09:30:00Z,NO3,64.02,15
2025-10-29T09:30:00Z,NO5,67.48,15
2025-10-29T09:30:00Z,PL,70.06,15
2025-10-29T09:30:00Z,PT,86.22,15
2025-10-29T09:30:00Z,SE1,60.63,15
2025-10-29T09:30:00Z,SE2,70.37,15
2025-10-29T09:30:00Z,SE3,70.00,15
2025-10-29T09:30:00Z,SE4,69.83,15
2025-10-29T09:30:00Z,SI,66.42,15
2025-10-29T09:30:00Z,SK,71.35,15
2025-10-29T09:45:00Z,AT,68.24,15
2025-10-29T09:45:00Z,BE,69.22,15
2025-10-29T09:45:00Z,CZ,66.69,15
2025-10-29T09:45:00Z,DE-LU,65.44,15
2025-10-29T09:45:00Z,DK1,65.44,15
2025-10-29T09:45:00Z,DK2,65.44,15
2025-10-29T09:45:00Z,ES,82.95,15
2025-10-29T09:45:00Z,FI,88.08,15
2025-10-29T09:45:00Z,FR,67.78,15
2025-10-29T09:45:00Z,GR,0.00,15
2025-10-29T09:45:00Z,HR,58.35,15
2025-10-29T09:45:00Z,HU,69.82,15
2025-10-29T09:45:00Z,IT-CNorth,99.05,15
2025-10-29T09:45:00Z,IT-CSouth,97.62,15
2025-10-29T09:45:00Z,IT-North,99.05,15
2025-10-29T09:45:00Z,IT-Sardinia,97.62,15
2025-10-29T09:45:00Z,IT-Sicily,97.62,15
2025-10-29T09:45:00Z,IT-South,97.62,15
2025-10-29T09:45:00Z,NL,78.40,15
2025-10-29T09:45:00Z,NO1,67.07,15
2025-10-29T09:45:00Z,NO2,67.07,15
2025-10-29T09:45:00Z,NO3,67.07,15
2025-10-29T09:45:00Z,NO4,8.60,15
2025-10-29T09:45:00Z,NO5,67.07,15
2025-10-29T09:45:00Z,PL,66.83,15
2025-10-29T09:45:00Z,PT,85.00,15
2025-10-29T09:45:00Z,SE1,56.33,15
2025-10-29T09:45:00Z,SE2,67.04,15
2025-10-29T09:45:00Z,SE3,67.05,15
2025-10-29T09:45:00Z,SE4,67.02,15
2025-10-29T09:45:00Z,SI,63.38,15
2025-10-29T09:45:00Z,SK,68.03,15
2025-10-29T10:00:00Z,AT,102.87,15
2025-10-29T10:00:00Z,BE,79.13,15
2025-10-29T10:00:00Z,CH,98.00,60
2025-10-29T10:00:00Z,CZ,72.72,15
2025-10-29T10:00:00Z,DE-LU,70.94,15
2025-10-29T10:00:00Z,DK1,70.94,15
2025-10-29T10:00:00Z,DK2,70.95,15
2025-10-29T10:00:00Z,EE,170.69,15
2025-10-29T10:00:00Z,ES,80.23,15
2025-10-29T10:00:00Z,FI,123.25,15
2025-10-29T10:00:00Z,FR,76.26,15
2025-10-29T10:00:00Z,GR,0.01,15
2025-10-29T10:00:00Z,HR,64.05,15
2025-10-29T10:00:00Z,HU,76.44,15
2025-10-29T10:00:00Z,IT-CNorth,99.13,15
2025-10-29T10:00:00Z,IT-North,99.13,15
2025-10-29T10:00:00Z,LT,170.69,15
2025-10-29T10:00:00Z,LV,170.69,15
2025-10-29T10:00:00Z,NL,97.18,15
2025-10-29T10:00:00Z,NO1,68.26,15
2025-10-29T10:00:00Z,NO2,68.72,15
2025-10-29T10:00:00Z,NO3,62.31,15
2025-10-29T10:00:00Z,NO4,8.57,15
2025-10-29T10:00:00Z,NO5,67.38,15
2025-10-29T10:00:00Z,PL,72.71,15
2025-10-29T10:00:00Z,PT,85.01,15
2025-10-29T10:00:00Z,RO,15.07,15
2025-10-29T10:00:00Z,RS,76.96,15
2025-10-29T10:00:00Z,SE1,61.27,15
2025-10-29T10:00:00Z,SE2,70.44,15
2025-10-29T10:00:00Z,SE3,72.55,15
2025-10-29T10:00:00Z,SE4,72.62,15
2025-10-29T10:00:00Z,SI,69.42,15
2025-10-29T10:00:00Z,SK,74.34,15
2025-10-29T10:15:00Z,AT,87.52,15
2025-10-29T10:15:00Z,BE,73.00,15
2025-10-29T10:15:00Z,CZ,70.86,15
2025-10-29T10:15:00Z,DE-LU,69.51,15
2025-10-29T10:15:00Z,DK1,69.51,15
2025-10-29T10:15:00Z,DK2,69.52,15
2025-10-29T10:15:00Z,EE,106.22,15
2025-10-29T10:15:00Z,ES,77.51,15
2025-10-29T10:15:00Z,FI,106.00,15
2025-10-29T10:15:00Z,FR,71.64,15
2025-10-29T10:15:00Z,HR,61.68,15
2025-10-29T10:15:00Z,HU,74.34,15
2025-10-29T10:15:00Z,IT-CNorth,99.16,15
2025-10-29T10:15:00Z,IT-CSouth,95.00,15
2025-10-29T10:15:00Z,IT-North,99.16,15
2025-10-29T10:15:00Z,IT-Sardinia,95.00,15
2025-10-29T10:15:00Z,IT-Sicily,95.00,15
2025-10-29T10:15:00Z,IT-South,95.00,15
2025-10-29T10:15:00Z,LT,106.22,15
2025-10-29T10:15:00Z,LV,106.22,15
2025-10-29T10:15:00Z,NL,80.99,15
2025-10-29T10:15:00Z,NO1,67.30,15
2025-10-29T10:15:00Z,NO2,67.48,15
2025-10-29T10:15:00Z,NO3,64.88,15
2025-10-29T10:15:00Z,NO5,66.93,15
2025-10-29T10:15:00Z,PL,71.05,15
2025-10-29T10:15:00Z,PT,82.51,15
2025-10-29T10:15:00Z,RO,12.79,15
2025-10-29T10:15:00Z,SE1,57.34,15
2025-10-29T10:15:00Z,SE2,67.27,15
2025-10-29T10:15:00Z,SE3,70.11,15
2025-10-29T10:15:00Z,SE4,70.38,15
2025-10-29T10:15:00Z,SI,67.00,15
2025-10-29T10:15:00Z,SK,72.36,15
2025-10-29T10:30:00Z,AT,73.21,15
2025-10-29T10:30:00Z,BE,72.92,15
2025-10-29T10:30:00Z,CZ,71.30,15
2025-10-29T10:30:00Z,DE-LU,70.05,15
2025-10-29T10:30:00Z,DK1,70.05,15
2025-10-29T10:30:00Z,DK2,70.05,15
2025-10-29T10:30:00Z,EE,100.21,15
2025-10-29T10:30:00Z,ES,76.51,15
2025-10-29T10:30:00Z,FI,100.00,15
2025-10-29T10:30:00Z,FR,71.77,15
2025-10-29T10:30:00Z,GR,7.08,15
2025-10-29T10:30:00Z,HR,62.37,15
2025-10-29T10:30:00Z,HU,74.65,15
2025-10-29T10:30:00Z,IT-CNorth,98.84,15
2025-10-29T10:30:00Z,IT-CSouth,90.78,15
2025-10-29T10:30:00Z,IT-North,98.84,15
2025-10-29T10:30:00Z,IT-Sardinia,90.78,15
2025-10-29T10:30:00Z,IT-Sicily,90.78,15
2025-10-29T10:30:00Z,IT-South,90.78,15
2025-10-29T10:30:00Z,LT,100.21,15
2025-10-29T10:30:00Z,LV,100.21,15
2025-10-29T10:30:00Z,NL,79.58,15
2025-10-29T10:30:00Z,NO1,67.69,15
2025-10-29T10:30:00Z,NO2,67.99,15
2025-10-29T10:30:00Z,NO3,63.83,15
2025-10-29T10:30:00Z,NO5,67.12,15
2025-10-29T10:30:00Z,PL,71.51,15
2025-10-29T10:30:00Z,RO,15.09,15
2025-10-29T10:30:00Z,SE1,59.72,15
2025-10-29T10:30:00Z,SE2,69.40,15
2025-10-29T10:30:00Z,SE4,70.10,15
2025-10-29T10:30:00Z,SI,67.52,15
2025-10-29T10:30:00Z,SK,72.75,15
2025-10-29T10:45:00Z,AT,72.21,15
2025-10-29T10:45:00Z,BE,72.72,15
2025-10-29T10:45:00Z,CZ,71.56,15
2025-10-29T10:45:00Z,DE-LU,70.35,15
2025-10-29T10:45:00Z,DK1,70.35,15
2025-10-29T10:45:00Z,DK2,70.35,15
2025-10-29T10:45:00Z,EE,170.70,15
2025-10-29T10:45:00Z,ES,76.50,15
2025-10-29T10:45:00Z,FI,90.22,15
2025-10-29T10:45:00Z,FR,71.72,15
2025-10-29T10:45:00Z,GR,15.10,15
2025-10-29T10:45:00Z,HR,62.54,15
2025-10-29T10:45:00Z,HU,74.89,15
2025-10-29T10:45:00Z,IT-CNorth,92.87,15
2025-10-29T10:45:00Z,IT-North,92.87,15
2025-10-29T10:45:00Z,LT,170.70,15
2025-10-29T10:45:00Z,LV,170.70,15
2025-10-29T10:45:00Z,NL,78.29,15
2025-10-29T10:45:00Z,NO1,67.82,15
2025-10-29T10:45:00Z,NO2,68.15,15
2025-10-29T10:45:00Z,NO3,63.48,15
2025-10-29T10:45:00Z,NO4,9.43,15
2025-10-29T10:45:00Z,NO5,67.18,15
2025-10-29T10:45:00Z,PL,71.79,15
2025-10-29T10:45:00Z,RO,15.10,15
2025-10-29T10:45:00Z,SE1,60.44,15
2025-10-29T10:45:00Z,SE2,69.82,15
2025-10-29T10:45:00Z,SE3,70.44,15
2025-10-29T10:45:00Z,SE4,70.40,15
2025-10-29T10:45:00Z,SI,67.70,15
2025-10-29T10:45:00Z,SK,72.99,15
2025-10-29T11:00:00Z,AT,83.37,15
2025-10-29T11:00:00Z,BE,74.22,15
2025-10-29T11:00:00Z,CH,93.01,60
2025-10-29T11:00:00Z,CZ,66.48,15
2025-10-29T11:00:00Z,DE-LU,64.70,15
2025-10-29T11:00:00Z,DK1,64.70,15
2025-10-29T11:00:00Z,DK2,64.71,15
2025-10-29T11:00:00Z,EE,99.99,15
2025-10-29T11:00:00Z,ES,79.00,15
2025-10-29T11:00:00Z,FI,99.78,15
2025-10-29T11:00:00Z,FR,70.93,15
2025-10-29T11:00:00Z,HR,58.81,15
2025-10-29T11:00:00Z,HU,69.90,15
2025-10-29T11:00:00Z,IT-CNorth,106.23,15
2025-10-29T11:00:00Z,IT-CSouth,94.23,15
2025-10-29T11:00:00Z,IT-North,106.23,15
2025-10-29T11:00:00Z,IT-Sardinia,94.23,15
2025-10-29T11:00:00Z,IT-Sicily,94.23,15
2025-10-29T11:00:00Z,IT-South,94.23,15
2025-10-29T11:00:00Z,LT,99.99,15
2025-10-29T11:00:00Z,LV,99.99,15
2025-10-29T11:00:00Z,NL,92.29,15
2025-10-29T11:00:00Z,NO1,66.31,15
2025-10-29T11:00:00Z,NO2,66.31,15
2025-10-29T11:00:00Z,NO3,66.31,15
2025-10-29T11:00:00Z,NO4,8.57,15
2025-10-29T11:00:00Z,NO5,66.31,15
2025-10-29T11:00:00Z,PL,66.39,15
2025-10-29T11:00:00Z,PT,83.38,15
2025-10-29T11:00:00Z,RS,75.44,15
2025-10-29T11:00:00Z,SE1,55.70,15
2025-10-29T11:00:00Z,SE2,66.28,15
2025-10-29T11:00:00Z,SE3,66.29,15
2025-10-29T11:00:00Z,SE4,66.26,15
2025-10-29T11:00:00Z,SI,63.82,15
2025-10-29T11:00:00Z,SK,67.96,15
2025-10-29T11:15:00Z,AT,80.05,15
2025-10-29T11:15:00Z,BE,75.52,15
2025-10-29T11:15:00Z,CZ,69.84,15
2025-10-29T11:15:00Z,DE-LU,68.90,15
2025-10-29T11:15:00Z,DK1,68.90,15
2025-10-29T11:15:00Z,DK2,68.90,15
2025-10-29T11:15:00Z,EE,99.97,15
2025-10-29T11:15:00Z,ES,83.26,15
2025-10-29T11:15:00Z,FI,99.77,15
2025-10-29T11:15:00Z,FR,73.30,15
2025-10-29T11:15:00Z,GR,51.00,15
2025-10-29T11:15:00Z,HR,67.33,15
2025-10-29T11:15:00Z,HU,71.27,15
2025-10-29T11:15:00Z,IT-CNorth,102.54,15
2025-10-29T11:15:00Z,IT-CSouth,96.62,15
2025-10-29T11:15:00Z,IT-North,102.54,15
2025-10-29T11:15:00Z,IT-Sardinia,96.62,15
2025-10-29T11:15:00Z,IT-Sicily,96.62,15
2025-10-29T11:15:00Z,IT-South,96.62,15
2025-10-29T11:15:00Z,LT,99.97,15
2025-10-29T11:15:00Z,LV,99.97,15
2025-10-29T11:15:00Z,NL,87.94,15
2025-10-29T11:15:00Z,NO1,67.46,15
2025-10-29T11:15:00Z,NO2,67.71,15
2025-10-29T11:15:00Z,NO3,64.13,15
2025-10-29T11:15:00Z,NO5,66.95,15
2025-10-29T11:15:00Z,PL,69.68,15
2025-10-29T11:15:00Z,PT,82.51,15
2025-10-29T11:15:00Z,RO,51.00,15
2025-10-29T11:15:00Z,SE1,59.50,15
2025-10-29T11:15:00Z,SE2,69.33,15
2025-10-29T11:15:00Z,SE3,69.04,15
2025-10-29T11:15:00Z,SE4,68.92,15
2025-10-29T11:15:00Z,SI,69.22,15
2025-10-29T11:15:00Z,SK,70.47,15
2025-10-29T11:30:00Z,AT,80.04,15
2025-10-29T11:30:00Z,BE,78.56,15
2025-10-29T11:30:00Z,CZ,72.25,15
2025-10-29T11:30:00Z,DE-LU,71.57,15
2025-10-29T11:30:00Z,DK1,71.57,15
2025-10-29T11:30:00Z,DK2,71.57,15
2025-10-29T11:30:00Z,EE,100.18,15
2025-10-29T11:30:00Z,ES,84.71,15
2025-10-29T11:30:00Z,FI,99.99,15
2025-10-29T11:30:00Z,FR,76.02,15
2025-10-29T11:30:00Z,GR,67.61,15
2025-10-29T11:30:00Z,HR,72.04,15
2025-10-29T11:30:00Z,HU,72.85,15
2025-10-29T11:30:00Z,IT-CNorth,106.65,15
2025-10-29T11:30:00Z,IT-CSouth,106.65,15
2025-10-29T11:30:00Z,IT-North,106.65,15
2025-10-29T11:30:00Z,IT-Sardinia,106.65,15
2025-10-29T11:30:00Z,IT-Sicily,106.65,15
2025-10-29T11:30:00Z,IT-South,106.65,15
2025-10-29T11:30:00Z,LT,100.18,15
2025-10-29T11:30:00Z,LV,100.18,15
2025-10-29T11:30:00Z,NL,83.22,15
2025-10-29T11:30:00Z,NO1,69.02,15
2025-10-29T11:30:00Z,NO2,69.71,15
2025-10-29T11:30:00Z,NO3,59.99,15
2025-10-29T11:30:00Z,NO5,67.66,15
2025-10-29T11:30:00Z,PL,72.06,15
2025-10-29T11:30:00Z,RO,67.61,15
2025-10-29T11:30:00Z,SE1,65.67,15
2025-10-29T11:30:00Z,SE2,74.15,15
2025-10-29T11:30:00Z,SE3,73.35,15
2025-10-29T11:30:00Z,SE4,72.97,15
2025-10-29T11:30:00Z,SI,72.59,15
2025-10-29T11:30:00Z,SK,72.53,15
2025-10-29T11:45:00Z,AT,82.54,15
2025-10-29T11:45:00Z,BE,85.29,15
2025-10-29T11:45:00Z,CZ,78.99,15
2025-10-29T11:45:00Z,DE-LU,78.18,15
2025-10-29T11:45:00Z,DK1,78.18,15
2025-10-29T11:45:00Z,DK2,78.18,15
2025-10-29T11:45:00Z,EE,170.69,15
2025-10-29T11:45:00Z,ES,85.91,15
2025-10-29T11:45:00Z,FI,100.00,15
2025-10-29T11:45:00Z,FR,82.87,15
2025-10-29T11:45:00Z,GR,65.00,15
2025-10-29T11:45:00Z,HR,77.47,15
2025-10-29T11:45:00Z,HU,79.95,15
2025-10-29T11:45:00Z,IT-CNorth,104.98,15
2025-10-29T11:45:00Z,IT-CSouth,104.98,15
2025-10-29T11:45:00Z,IT-North,104.98,15
2025-10-29T11:45:00Z,IT-Sardinia,104.98,15
2025-10-29T11:45:00Z,IT-Sicily,104.98,15
2025-10-29T11:45:00Z,IT-South,104.98,15
2025-10-29T11:45:00Z,LT,170.69,15
2025-10-29T11:45:00Z,LV,170.69,15
2025-10-29T11:45:00Z,NL,95.96,15
2025-10-29T11:45:00Z,NO1,70.85,15
2025-10-29T11:45:00Z,NO2,72.14,15
2025-10-29T11:45:00Z,NO3,54.03,15
2025-10-29T11:45:00Z,NO5,68.31,15
2025-10-29T11:45:00Z,PL,78.76,15
2025-10-29T11:45:00Z,PT,82.87,15
2025-10-29T11:45:00Z,RO,65.00,15
2025-10-29T11:45:00Z,SE1,73.86,15
2025-10-29T11:45:00Z,SE2,80.45,15
2025-10-29T11:45:00Z,SE3,78.94,15
2025-10-29T11:45:00Z,SE4,78.28,15
2025-10-29T11:45:00Z,SI,79.20,15
2025-10-29T11:45:00Z,SK,79.40,15
2025-10-29T12:00:00Z,AT,92.41,15
2025-10-29T12:00:00Z,BE,75.25,15
2025-10-29T12:00:00Z,CH,95.33,60
2025-10-29T12:00:00Z,CZ,70.50,15
2025-10-29T12:00:00Z,DE-LU,70.07,15
2025-10-29T12:00:00Z,DK1,70.07,15
2025-10-29T12:00:00Z,DK2,70.07,15
2025-10-29T12:00:00Z,ES,86.36,15
2025-10-29T12:00:00Z,FI,96.93,15
2025-10-29T12:00:00Z,FR,73.31,15
2025-10-29T12:00:00Z,GR,70.70,15
2025-10-29T12:00:00Z,HR,70.96,15
2025-10-29T12:00:00Z,HU,70.70,15
2025-10-29T12:00:00Z,IT-CNorth,98.00,15
2025-10-29T12:00:00Z,IT-CSouth,98.00,15
2025-10-29T12:00:00Z,IT-North,98.00,15
2025-10-29T12:00:00Z,IT-Sardinia,98.00,15
2025-10-29T12:00:00Z,IT-Sicily,98.00,15
2025-10-29T12:00:00Z,IT-South,98.00,15
2025-10-29T12:00:00Z,NL,76.62,15
2025-10-29T12:00:00Z,NO1,70.09,15
2025-10-29T12:00:00Z,NO2,70.09,15
2025-10-29T12:00:00Z,NO3,70.09,15
2025-10-29T12:00:00Z,NO4,6.32,15
2025-10-29T12:00:00Z,NO5,70.09,15
2025-10-29T12:00:00Z,PL,81.60,15
2025-10-29T12:00:00Z,PT,82.59,15
2025-10-29T12:00:00Z,RO,70.70,15
2025-10-29T12:00:00Z,RS,82.02,15
2025-10-29T12:00:00Z,SE1,58.99,15
2025-10-29T12:00:00Z,SE2,70.06,15
2025-10-29T12:00:00Z,SE3,70.06,15
2025-10-29T12:00:00Z,SE4,70.07,15
2025-10-29T12:00:00Z,SI,71.05,15
2025-10-29T12:00:00Z,SK,70.60,15
2025-10-29T12:15:00Z,AT,82.57,15
2025-10-29T12:15:00Z,BE,78.90,15
2025-10-29T12:15:00Z,CZ,75.21,15
2025-10-29T12:15:00Z,DE-LU,74.88,15
2025-10-29T12:15:00Z,DK1,74.88,15
2025-10-29T12:15:00Z,DK2,74.88,15
2025-10-29T12:15:00Z,EE,190.00,15
2025-10-29T12:15:00Z,ES,86.66,15
2025-10-29T12:15:00Z,FI,90.49,15
2025-10-29T12:15:00Z,FR,77.39,15
2025-10-29T12:15:00Z,GR,75.39,15
2025-10-29T12:15:00Z,HR,75.55,15
2025-10-29T12:15:00Z,HU,75.39,15
2025-10-29T12:15:00Z,IT-CNorth,102.54,15
2025-10-29T12:15:00Z,IT-CSouth,102.54,15
2025-10-29T12:15:00Z,IT-North,102.54,15
2025-10-29T12:15:00Z,IT-Sardinia,102.54,15
2025-10-29T12:15:00Z,IT-Sicily,102.54,15
2025-10-29T12:15:00Z,IT-South,102.54,15
2025-10-29T12:15:00Z,LT,190.00,15
2025-10-29T12:15:00Z,LV,190.00,15
2025-10-29T12:15:00Z,NL,79.89,15
2025-10-29T12:15:00Z,NO1,72.46,15
2025-10-29T12:15:00Z,NO2,72.55,15
2025-10-29T12:15:00Z,NO3,71.29,15
2025-10-29T12:15:00Z,NO4,6.50,15
2025-10-29T12:15:00Z,NO5,72.27,15
2025-10-29T12:15:00Z,PL,82.97,15
2025-10-29T12:15:00Z,PT,85.01,15
2025-10-29T12:15:00Z,RO,75.39,15
2025-10-29T12:15:00Z,SE1,60.87,15
2025-10-29T12:15:00Z,SE2,71.78,15
2025-10-29T12:15:00Z,SE3,74.65,15
2025-10-29T12:15:00Z,SE4,74.95,15
2025-10-29T12:15:00Z,SI,75.59,15
2025-10-29T12:15:00Z,SK,75.30,15
2025-10-29T12:30:00Z,AT,90.05,15
2025-10-29T12:30:00Z,BE,75.64,15
2025-10-29T12:30:00Z,CZ,75.64,15
2025-10-29T12:30:00Z,DE-LU,75.64,15
2025-10-29T12:30:00Z,DK1,75.64,15
2025-10-29T12:30:00Z,DK2,75.64,15
2025-10-29T12:30:00Z,EE,205.05,15
2025-10-29T12:30:00Z,ES,87.46,15
2025-10-29T12:30:00Z,FI,99.99,15
2025-10-29T12:30:00Z,FR,75.64,15
2025-10-29T12:30:00Z,GR,75.64,15
2025-10-29T12:30:00Z,HR,75.64,15
2025-10-29T12:30:00Z,HU,75.64,15
2025-10-29T12:30:00Z,IT-CNorth,107.07,15
2025-10-29T12:30:00Z,IT-CSouth,107.07,15
2025-10-29T12:30:00Z,IT-North,107.07,15
2025-10-29T12:30:00Z,IT-Sardinia,107.07,15
2025-10-29T12:30:00Z,IT-Sicily,107.07,15
2025-10-29T12:30:00Z,IT-South,107.07,15
2025-10-29T12:30:00Z,LT,205.05,15
2025-10-29T12:30:00Z,LV,205.05,15
2025-10-29T12:30:00Z,NL,75.64,15
2025-10-29T12:30:00Z,NO1,73.19,15
2025-10-29T12:30:00Z,NO2,73.29,15
2025-10-29T12:30:00Z,NO3,72.01,15
2025-10-29T12:30:00Z,NO4,6.77,15
2025-10-29T12:30:00Z,NO5,73.00,15
2025-10-29T12:30:00Z,PL,95.83,15
2025-10-29T12:30:00Z,RO,75.64,15
2025-10-29T12:30:00Z,SE1,61.49,15
2025-10-29T12:30:00Z,SE2,72.51,15
2025-10-29T12:30:00Z,SE3,75.41,15
2025-10-29T12:30:00Z,SE4,75.71,15
2025-10-29T12:30:00Z,SI,75.64,15
2025-10-29T12:30:00Z,SK,75.64,15
2025-10-29T12:45:00Z,AT,100.33,15
2025-10-29T12:45:00Z,BE,87.86,15
2025-10-29T12:45:00Z,CZ,87.86,15
2025-10-29T12:45:00Z,DE-LU,87.86,15
2025-10-29T12:45:00Z,DK1,87.86,15
2025-10-29T12:45:00Z,DK2,86.64,15
2025-10-29T12:45:00Z,EE,240.00,15
2025-10-29T12:45:00Z,ES,81.83,15
2025-10-29T12:45:00Z,FI,89.66,15
2025-10-29T12:45:00Z,FR,87.86,15
2025-10-29T12:45:00Z,GR,87.86,15
2025-10-29T12:45:00Z,HR,87.86,15
2025-10-29T12:45:00Z,HU,87.86,15
2025-10-29T12:45:00Z,IT-CNorth,108.43,15
2025-10-29T12:45:00Z,IT-CSouth,108.43,15
2025-10-29T12:45:00Z,IT-North,108.43,15
2025-10-29T12:45:00Z,IT-Sardinia,108.43,15
2025-10-29T12:45:00Z,IT-Sicily,108.43,15
2025-10-29T12:45:00Z,IT-South,108.43,15
2025-10-29T12:45:00Z,LT,240.00,15
2025-10-29T12:45:00Z,LV,240.00,15
2025-10-29T12:45:00Z,NL,87.86,15
2025-10-29T12:45:00Z,NO1,74.19,15
2025-10-29T12:45:00Z,NO2,74.65,15
2025-10-29T12:45:00Z,NO3,68.15,15
2025-10-29T12:45:00Z,NO4,7.01,15
2025-10-29T12:45:00Z,NO5,73.20,15
2025-10-29T12:45:00Z,PL,93.39,15
2025-10-29T12:45:00Z,PT,87.86,15
2025-10-29T12:45:00Z,RO,87.86,15
2025-10-29T12:45:00Z,SE1,61.77,15
2025-10-29T12:45:00Z,SE2,70.84,15
2025-10-29T12:45:00Z,SE3,85.53,15
2025-10-29T12:45:00Z,SE4,87.00,15
2025-10-29T12:45:00Z,SI,87.86,15
2025-10-29T12:45:00Z,SK,87.86,15
2025-10-29T13:00:00Z,AT,75.04,15
2025-10-29T13:00:00Z,BE,60.03,15
2025-10-29T13:00:00Z,CH,107.99,60
2025-10-29T13:00:00Z,CZ,60.03,15
2025-10-29T13:00:00Z,DE-LU,60.03,15
2025-10-29T13:00:00Z,DK1,60.03,15
2025-10-29T13:00:00Z,DK2,61.31,15
2025-10-29T13:00:00Z,EE,291.00,15
2025-10-29T13:00:00Z,ES,87.01,15
2025-10-29T13:00:00Z,FI,78.27,15
2025-10-29T13:00:00Z,FR,60.03,15
2025-10-29T13:00:00Z,GR,60.03,15
2025-10-29T13:00:00Z,HR,60.03,15
2025-10-29T13:00:00Z,HU,60.03,15
2025-10-29T13:00:00Z,IT-CNorth,107.35,15
2025-10-29T13:00:00Z,IT-CSouth,107.35,15
2025-10-29T13:00:00Z,IT-North,107.35,15
2025-10-29T13:00:00Z,IT-Sardinia,107.35,15
2025-10-29T13:00:00Z,IT-Sicily,107.35,15
2025-10-29T13:00:00Z,IT-South,107.35,15
2025-10-29T13:00:00Z,LT,291.00,15
2025-10-29T13:00:00Z,LV,291.00,15
2025-10-29T13:00:00Z,NL,60.03,15
2025-10-29T13:00:00Z,NO1,70.91,15
2025-10-29T13:00:00Z,NO2,70.94,15
2025-10-29T13:00:00Z,NO3,69.51,15
2025-10-29T13:00:00Z,NO4,8.55,15
2025-10-29T13:00:00Z,NO5,68.21,15
2025-10-29T13:00:00Z,PL,108.41,15
2025-10-29T13:00:00Z,PT,85.01,15
2025-10-29T13:00:00Z,RO,60.03,15
2025-10-29T13:00:00Z,RS,99.00,15
2025-10-29T13:00:00Z,SE1,60.71,15
2025-10-29T13:00:00Z,SE2,70.49,15
2025-10-29T13:00:00Z,SE3,70.57,15
2025-10-29T13:00:00Z,SE4,70.40,15
2025-10-29T13:00:00Z,SI,60.03,15
2025-10-29T13:00:00Z,SK,60.03,15
2025-10-29T13:15:00Z,AT,92.43,15
2025-10-29T13:15:00Z,BE,80.00,15
2025-10-29T13:15:00Z,CZ,80.00,15
2025-10-29T13:15:00Z,DE-LU,80.00,15
2025-10-29T13:15:00Z,DK1,80.00,15
2025-10-29T13:15:00Z,DK2,80.00,15
2025-10-29T13:15:00Z,EE,290.00,15
2025-10-29T13:15:00Z,ES,87.46,15
2025-10-29T13:15:00Z,FI,77.90,15
2025-10-29T13:15:00Z,FR,80.00,15
2025-10-29T13:15:00Z,GR,80.00,15
2025-10-29T13:15:00Z,HR,80.00,15
2025-10-29T13:15:00Z,HU,80.00,15
2025-10-29T13:15:00Z,IT-CNorth,110.21,15
2025-10-29T13:15:00Z,IT-CSouth,110.21,15
2025-10-29T13:15:00Z,IT-North,110.21,15
2025-10-29T13:15:00Z,IT-Sardinia,110.21,15
2025-10-29T13:15:00Z,IT-Sicily,110.21,15
2025-10-29T13:15:00Z,IT-South,110.21,15
2025-10-29T13:15:00Z,LT,290.00,15
2025-10-29T13:15:00Z,LV,290.00,15
2025-10-29T13:15:00Z,NL,80.00,15
2025-10-29T13:15:00Z,NO1,74.96,15
2025-10-29T13:15:00Z,NO2,75.21,15
2025-10-29T13:15:00Z,NO4,8.57,15
2025-10-29T13:15:00Z,NO5,69.26,15
2025-10-29T13:15:00Z,PL,98.19,15
2025-10-29T13:15:00Z,PT,87.51,15
2025-10-29T13:15:00Z,RO,80.00,15
2025-10-29T13:15:00Z,SE1,63.48,15
2025-10-29T13:15:00Z,SE2,72.69,15
2025-10-29T13:15:00Z,SE3,79.46,15
2025-10-29T13:15:00Z,SE4,80.17,15
2025-10-29T13:15:00Z,SI,80.00,15
2025-10-29T13:15:00Z,SK,80.00,15
2025-10-29T13:30:00Z,AT,118.25,15
2025-10-29T13:30:00Z,BE,100.20,15
2025-10-29T13:30:00Z,CZ,100.20,15
2025-10-29T13:30:00Z,DE-LU,100.20,15
2025-10-29T13:30:00Z,DK1,100.20,15
2025-10-29T13:30:00Z,DK2,100.21,15
2025-10-29T13:30:00Z,EE,240.00,15
2025-10-29T13:30:00Z,ES,84.06,15
2025-10-29T13:30:00Z,FI,92.85,15
2025-10-29T13:30:00Z,FR,100.20,15
2025-10-29T13:30:00Z,GR,100.20,15
2025-10-29T13:30:00Z,HR,100.20,15
2025-10-29T13:30:00Z,HU,100.20,15
2025-10-29T13:30:00Z,IT-CNorth,118.60,15
2025-10-29T13:30:00Z,IT-CSouth,118.60,15
2025-10-29T13:30:00Z,IT-North,118.60,15
2025-10-29T13:30:00Z,IT-Sardinia,118.60,15
2025-10-29T13:30:00Z,IT-Sicily,118.60,15
2025-10-29T13:30:00Z,IT-South,118.60,15
2025-10-29T13:30:00Z,LT,240.00,15
2025-10-29T13:30:00Z,LV,240.00,15
2025-10-29T13:30:00Z,NL,100.20,15
2025-10-29T13:30:00Z,NO1,79.93,15
2025-10-29T13:30:00Z,NO2,80.78,15
2025-10-29T13:30:00Z,NO3,65.01,15
2025-10-29T13:30:00Z,NO4,9.43,15
2025-10-29T13:30:00Z,NO5,69.36,15
2025-10-29T13:30:00Z,PL,100.20,15
2025-10-29T13:30:00Z,PT,100.20,15
2025-10-29T13:30:00Z,RO,100.20,15
2025-10-29T13:30:00Z,SE1,66.30,15
2025-10-29T13:30:00Z,SE2,72.97,15
2025-10-29T13:30:00Z,SE3,98.29,15
2025-10-29T13:30:00Z,SE4,100.88,15
2025-10-29T13:30:00Z,SI,100.20,15
2025-10-29T13:30:00Z,SK,100.20,15
2025-10-29T13:45:00Z,AT,135.08,15
2025-10-29T13:45:00Z,BE,112.52,15
2025-10-29T13:45:00Z,CZ,115.64,15
2025-10-29T13:45:00Z,DE-LU,115.18,15
2025-10-29T13:45:00Z,DK1,115.18,15
2025-10-29T13:45:00Z,DK2,115.20,15
2025-10-29T13:45:00Z,EE,226.21,15
2025-10-29T13:45:00Z,ES,80.00,15
2025-10-29T13:45:00Z,FI,102.90,15
2025-10-29T13:45:00Z,FR,106.12,15
2025-10-29T13:45:00Z,GR,115.96,15
2025-10-29T13:45:00Z,HR,116.19,15
2025-10-29T13:45:00Z,HU,115.93,15
2025-10-29T13:45:00Z,IT-CNorth,120.00,15
2025-10-29T13:45:00Z,IT-CSouth,120.00,15
2025-10-29T13:45:00Z,IT-North,120.00,15
2025-10-29T13:45:00Z,IT-Sardinia,120.00,15
2025-10-29T13:45:00Z,IT-Sicily,120.00,15
2025-10-29T13:45:00Z,IT-South,120.00,15
2025-10-29T13:45:00Z,LT,226.21,15
2025-10-29T13:45:00Z,LV,226.21,15
2025-10-29T13:45:00Z,NL,113.77,15
2025-10-29T13:45:00Z,NO1,79.39,15
2025-10-29T13:45:00Z,NO2,80.79,15
2025-10-29T13:45:00Z,NO3,58.02,15
2025-10-29T13:45:00Z,NO4,9.54,15
2025-10-29T13:45:00Z,NO5,69.50,15
2025-10-29T13:45:00Z,PL,115.57,15
2025-10-29T13:45:00Z,PT,106.12,15
2025-10-29T13:45:00Z,RO,115.96,15
2025-10-29T13:45:00Z,SE1,64.98,15
2025-10-29T13:45:00Z,SE2,68.62,15
2025-10-29T13:45:00Z,SE3,112.00,15
2025-10-29T13:45:00Z,SE4,116.37,15
2025-10-29T13:45:00Z,SI,116.26,15
2025-10-29T13:45:00Z,SK,115.81,15
2025-10-29T14:00:00Z,AT,94.92,15
2025-10-29T14:00:00Z,BE,94.93,15
2025-10-29T14:00:00Z,CH,120.46,60
2025-10-29T14:00:00Z,CZ,95.96,15
2025-10-29T14:00:00Z,DE-LU,94.81,15
2025-10-29T14:00:00Z,DK1,77.98,15
2025-10-29T14:00:00Z,DK2,96.23,15
2025-10-29T14:00:00Z,EE,226.20,15
2025-10-29T14:00:00Z,ES,76.42,15
2025-10-29T14:00:00Z,FI,88.94,15
2025-10-29T14:00:00Z,FR,95.00,15
2025-10-29T14:00:00Z,GR,96.49,15
2025-10-29T14:00:00Z,HR,96.15,15
2025-10-29T14:00:00Z,HU,96.46,15
2025-10-29T14:00:00Z,IT-CNorth,123.04,15
2025-10-29T14:00:00Z,IT-CSouth,123.04,15
2025-10-29T14:00:00Z,IT-North,123.04,15
2025-10-29T14:00:00Z,IT-Sardinia,123.04,15
2025-10-29T14:00:00Z,IT-Sicily,123.04,15
2025-10-29T14:00:00Z,IT-South,123.04,15
2025-10-29T14:00:00Z,LT,226.20,15
2025-10-29T14:00:00Z,LV,226.20,15
2025-10-29T14:00:00Z,NL,94.89,15
2025-10-29T14:00:00Z,NO1,74.83,15
2025-10-29T14:00:00Z,NO2,75.64,15
2025-10-29T14:00:00Z,NO3,63.43,15
2025-10-29T14:00:00Z,NO4,9.46,15
2025-10-29T14:00:00Z,NO5,71.34,15
2025-10-29T14:00:00Z,PL,97.91,15
2025-10-29T14:00:00Z,PT,95.00,15
2025-10-29T14:00:00Z,RO,96.49,15
2025-10-29T14:00:00Z,RS,127.61,15
2025-10-29T14:00:00Z,SE1,62.44,15
2025-10-29T14:00:00Z,SE2,68.82,15
2025-10-29T14:00:00Z,SE3,94.38,15
2025-10-29T14:00:00Z,SE4,96.93,15
2025-10-29T14:00:00Z,SI,96.03,15
2025-10-29T14:00:00Z,SK,96.73,15
2025-10-29T14:15:00Z,AT,114.92,15
2025-10-29T14:15:00Z,BE,105.74,15
2025-10-29T14:15:00Z,CZ,106.69,15
2025-10-29T14:15:00Z,DE-LU,106.55,15
2025-10-29T14:15:00Z,DK1,87.35,15
2025-10-29T14:15:00Z,DK2,101.99,15
2025-10-29T14:15:00Z,EE,170.70,15
2025-10-29T14:15:00Z,ES,80.00,15
2025-10-29T14:15:00Z,FI,95.72,15
2025-10-29T14:15:00Z,FR,103.77,15
2025-10-29T14:15:00Z,GR,106.79,15
2025-10-29T14:15:00Z,HR,106.86,15
2025-10-29T14:15:00Z,HU,106.78,15
2025-10-29T14:15:00Z,IT-CNorth,125.97,15
2025-10-29T14:15:00Z,IT-CSouth,125.97,15
2025-10-29T14:15:00Z,IT-North,125.97,15
2025-10-29T14:15:00Z,IT-Sardinia,125.97,15
2025-10-29T14:15:00Z,IT-Sicily,125.97,15
2025-10-29T14:15:00Z,IT-South,125.97,15
2025-10-29T14:15:00Z,LT,170.70,15
2025-10-29T14:15:00Z,LV,170.70,15
2025-10-29T14:15:00Z,NL,106.10,15
2025-10-29T14:15:00Z,NO1,76.92,15
2025-10-29T14:15:00Z,NO2,78.00,15
2025-10-29T14:15:00Z,NO3,61.64,15
2025-10-29T14:15:00Z,NO4,9.90,15
2025-10-29T14:15:00Z,NO5,72.05,15
2025-10-29T14:15:00Z,PL,106.67,15
2025-10-29T14:15:00Z,PT,103.77,15
2025-10-29T14:15:00Z,RO,106.79,15
2025-10-29T14:15:00Z,SE1,63.69,15
2025-10-29T14:15:00Z,SE2,68.90,15
2025-10-29T14:15:00Z,SE3,102.90,15
2025-10-29T14:15:00Z,SE4,106.28,15
2025-10-29T14:15:00Z,SI,106.89,15
2025-10-29T14:15:00Z,SK,106.75,15
2025-10-29T14:30:00Z,AT,132.84,15
2025-10-29T14:30:00Z,BE,120.05,15
2025-10-29T14:30:00Z,CZ,133.70,15
2025-10-29T14:30:00Z,DE-LU,125.06,15
2025-10-29T14:30:00Z,DK1,98.57,15
2025-10-29T14:30:00Z,DK2,118.75,15
2025-10-29T14:30:00Z,EE,146.39,15
2025-10-29T14:30:00Z,ES,86.77,15
2025-10-29T14:30:00Z,FI,109.87,15
2025-10-29T14:30:00Z,FR,106.09,15
2025-10-29T14:30:00Z,GR,137.96,15
2025-10-29T14:30:00Z,HR,136.23,15
2025-10-29T14:30:00Z,HU,137.70,15
2025-10-29T14:30:00Z,IT-CNorth,140.26,15
2025-10-29T14:30:00Z,IT-CSouth,140.26,15
2025-10-29T14:30:00Z,IT-North,140.26,15
2025-10-29T14:30:00Z,IT-Sardinia,140.26,15
2025-10-29T14:30:00Z,IT-Sicily,140.26,15
2025-10-29T14:30:00Z,IT-South,140.26,15
2025-10-29T14:30:00Z,LT,146.39,15
2025-10-29T14:30:00Z,LV,146.39,15
2025-10-29T14:30:00Z,NL,122.36,15
2025-10-29T14:30:00Z,NO1,78.56,15
2025-10-29T14:30:00Z,NO2,80.31,15
2025-10-29T14:30:00Z,NO3,54.68,15
2025-10-29T14:30:00Z,NO4,11.08,15
2025-10-29T14:30:00Z,NO5,72.87,15
2025-10-29T14:30:00Z,PL,146.39,15
2025-10-29T14:30:00Z,PT,106.09,15
2025-10-29T14:30:00Z,RO,137.96,15
2025-10-29T14:30:00Z,SE1,64.08,15
2025-10-29T14:30:00Z,SE2,65.75,15
2025-10-29T14:30:00Z,SE3,121.49,15
2025-10-29T14:30:00Z,SE4,127.02,15
2025-10-29T14:30:00Z,SI,135.58,15
2025-10-29T14:30:00Z,SK,139.21,15
2025-10-29T14:45:00Z,AT,142.51,15
2025-10-29T14:45:00Z,BE,130.03,15
2025-10-29T14:45:00Z,CZ,143.22,15
2025-10-29T14:45:00Z,DE-LU,139.01,15
2025-10-29T14:45:00Z,DK1,123.69,15
2025-10-29T14:45:00Z,DK2,139.05,15
2025-10-29T14:45:00Z,EE,147.10,15
2025-10-29T14:45:00Z,ES,90.99,15
2025-10-29T14:45:00Z,FI,119.14,15
2025-10-29T14:45:00Z,FR,107.20,15
2025-10-29T14:45:00Z,GR,169.30,15
2025-10-29T14:45:00Z,HR,149.31,15
2025-10-29T14:45:00Z,HU,145.84,15
2025-10-29T14:45:00Z,IT-CNorth,147.61,15
2025-10-29T14:45:00Z,IT-CSouth,147.61,15
2025-10-29T14:45:00Z,IT-North,147.61,15
2025-10-29T14:45:00Z,IT-Sardinia,147.61,15
2025-10-29T14:45:00Z,IT-Sicily,147.61,15
2025-10-29T14:45:00Z,IT-South,147.61,15
2025-10-29T14:45:00Z,LT,147.10,15
2025-10-29T14:45:00Z,LV,147.10,15
2025-10-29T14:45:00Z,NL,134.06,15
2025-10-29T14:45:00Z,NO1,78.58,15
2025-10-29T14:45:00Z,NO2,80.80,15
2025-10-29T14:45:00Z,NO3,49.19,15
2025-10-29T14:45:00Z,NO4,11.13,15
2025-10-29T14:45:00Z,NO5,73.66,15
2025-10-29T14:45:00Z,PL,147.10,15
2025-10-29T14:45:00Z,PT,107.20,15
2025-10-29T14:45:00Z,RO,169.30,15
2025-10-29T14:45:00Z,SE1,63.39,15
2025-10-29T14:45:00Z,SE2,62.49,15
2025-10-29T14:45:00Z,SE3,133.95,15
2025-10-29T14:45:00Z,SE4,141.02,15
2025-10-29T14:45:00Z,SI,147.61,15
2025-10-29T14:45:00Z,SK,144.68,15
2025-10-29T15:00:00Z,AT,112.52,15
2025-10-29T15:00:00Z,BE,111.69,15
2025-10-29T15:00:00Z,CH,125.60,60
2025-10-29T15:00:00Z,CZ,123.39,15
2025-10-29T15:00:00Z,DE-LU,115.55,15
2025-10-29T15:00:00Z,DK1,87.32,15
2025-10-29T15:00:00Z,DK2,115.67,15
2025-10-29T15:00:00Z,EE,133.92,15
2025-10-29T15:00:00Z,ES,78.05,15
2025-10-29T15:00:00Z,FI,103.43,15
2025-10-29T15:00:00Z,FR,101.97,15
2025-10-29T15:00:00Z,GR,172.11,15
2025-10-29T15:00:00Z,HR,132.22,15
2025-10-29T15:00:00Z,HU,126.92,15
2025-10-29T15:00:00Z,IT-CNorth,127.97,15
2025-10-29T15:00:00Z,IT-CSouth,127.97,15
2025-10-29T15:00:00Z,IT-North,127.97,15
2025-10-29T15:00:00Z,IT-Sardinia,127.97,15
2025-10-29T15:00:00Z,IT-Sicily,127.97,15
2025-10-29T15:00:00Z,IT-South,127.97,15
2025-10-29T15:00:00Z,LT,133.92,15
2025-10-29T15:00:00Z,LV,133.92,15
2025-10-29T15:00:00Z,NL,112.99,15
2025-10-29T15:00:00Z,NO1,78.92,15
2025-10-29T15:00:00Z,NO2,80.36,15
2025-10-29T15:00:00Z,NO3,59.96,15
2025-10-29T15:00:00Z,NO4,24.77,15
2025-10-29T15:00:00Z,NO5,75.84,15
2025-10-29T15:00:00Z,PL,133.92,15
2025-10-29T15:00:00Z,PT,106.07,15
2025-10-29T15:00:00Z,RO,172.11,15
2025-10-29T15:00:00Z,RS,155.99,15
2025-10-29T15:00:00Z,SE1,66.24,15
2025-10-29T15:00:00Z,SE2,68.04,15
2025-10-29T15:00:00Z,SE3,112.71,15
2025-10-29T15:00:00Z,SE4,118.03,15
2025-10-29T15:00:00Z,SI,127.97,15
2025-10-29T15:00:00Z,SK,125.48,15
2025-10-29T15:15:00Z,AT,127.54,15
2025-10-29T15:15:00Z,BE,116.75,15
2025-10-29T15:15:00Z,CZ,135.52,15
2025-10-29T15:15:00Z,DE-LU,122.58,15
2025-10-29T15:15:00Z,DK1,87.39,15
2025-10-29T15:15:00Z,DK2,122.69,15
2025-10-29T15:15:00Z,EE,153.26,15
2025-10-29T15:15:00Z,ES,94.97,15
2025-10-29T15:15:00Z,FI,108.07,15
2025-10-29T15:15:00Z,FR,102.19,15
2025-10-29T15:15:00Z,GR,189.29,15
2025-10-29T15:15:00Z,HR,145.66,15
2025-10-29T15:15:00Z,HU,140.83,15
2025-10-29T15:15:00Z,IT-CNorth,134.82,15
2025-10-29T15:15:00Z,IT-CSouth,134.82,15
2025-10-29T15:15:00Z,IT-North,134.82,15
2025-10-29T15:15:00Z,IT-Sardinia,134.82,15
2025-10-29T15:15:00Z,IT-Sicily,134.82,15
2025-10-29T15:15:00Z,IT-South,134.82,15
2025-10-29T15:15:00Z,LT,153.26,15
2025-10-29T15:15:00Z,LV,153.26,15
2025-10-29T15:15:00Z,NL,118.67,15
2025-10-29T15:15:00Z,NO1,79.02,15
2025-10-29T15:15:00Z,NO2,80.73,15
2025-10-29T15:15:00Z,NO3,56.55,15
2025-10-29T15:15:00Z,NO4,31.28,15
2025-10-29T15:15:00Z,NO5,75.37,15
2025-10-29T15:15:00Z,PL,153.26,15
2025-10-29T15:15:00Z,PT,107.20,15
2025-10-29T15:15:00Z,RO,189.29,15
2025-10-29T15:15:00Z,SE1,66.83,15
2025-10-29T15:15:00Z,SE2,66.12,15
2025-10-29T15:15:00Z,SE3,119.01,15
2025-10-29T15:15:00Z,SE4,125.16,15
2025-10-29T15:15:00Z,SI,140.78,15
2025-10-29T15:15:00Z,SK,140.04,15
2025-10-29T15:30:00Z,AT,129.07,15
2025-10-29T15:30:00Z,BE,114.61,15
2025-10-29T15:30:00Z,CZ,146.55,15
2025-10-29T15:30:00Z,DE-LU,124.91,15
2025-10-29T15:30:00Z,DK1,111.94,15
2025-10-29T15:30:00Z,DK2,125.03,15
2025-10-29T15:30:00Z,EE,178.14,15
2025-10-29T15:30:00Z,ES,76.05,15
2025-10-29T15:30:00Z,FI,118.95,15
2025-10-29T15:30:00Z,FR,98.93,15
2025-10-29T15:30:00Z,GR,236.58,15
2025-10-29T15:30:00Z,HR,161.71,15
2025-10-29T15:30:00Z,HU,154.72,15
2025-10-29T15:30:00Z,IT-CNorth,140.26,15
2025-10-29T15:30:00Z,IT-CSouth,140.26,15
2025-10-29T15:30:00Z,IT-North,140.26,15
2025-10-29T15:30:00Z,IT-Sardinia,140.26,15
2025-10-29T15:30:00Z,IT-Sicily,140.26,15
2025-10-29T15:30:00Z,IT-South,140.26,15
2025-10-29T15:30:00Z,LT,178.14,15
2025-10-29T15:30:00Z,LV,178.14,15
2025-10-29T15:30:00Z,NL,120.10,15
2025-10-29T15:30:00Z,NO1,79.05,15
2025-10-29T15:30:00Z,NO2,80.84,15
2025-10-29T15:30:00Z,NO3,55.41,15
2025-10-29T15:30:00Z,NO4,11.14,15
2025-10-29T15:30:00Z,NO5,75.21,15
2025-10-29T15:30:00Z,PL,178.14,15
2025-10-29T15:30:00Z,PT,108.40,15
2025-10-29T15:30:00Z,RO,236.58,15
2025-10-29T15:30:00Z,SE1,63.10,15
2025-10-29T15:30:00Z,SE2,65.46,15
2025-10-29T15:30:00Z,SE3,121.10,15
2025-10-29T15:30:00Z,SE4,127.53,15
2025-10-29T15:30:00Z,SI,153.14,15
2025-10-29T15:30:00Z,SK,154.01,15
2025-10-29T15:45:00Z,AT,147.51,15
2025-10-29T15:45:00Z,BE,130.55,15
2025-10-29T15:45:00Z,CZ,167.45,15
2025-10-29T15:45:00Z,DE-LU,141.89,15
2025-10-29T15:45:00Z,DK1,121.09,15
2025-10-29T15:45:00Z,DK2,141.99,15
2025-10-29T15:45:00Z,EE,170.69,15
2025-10-29T15:45:00Z,ES,80.50,15
2025-10-29T15:45:00Z,FI,149.44,15
2025-10-29T15:45:00Z,FR,104.12,15
2025-10-29T15:45:00Z,GR,286.80,15
2025-10-29T15:45:00Z,HR,189.19,15
2025-10-29T15:45:00Z,HU,178.01,15
2025-10-29T15:45:00Z,LT,170.69,15
2025-10-29T15:45:00Z,LV,170.69,15
2025-10-29T15:45:00Z,NL,134.64,15
2025-10-29T15:45:00Z,NO1,79.72,15
2025-10-29T15:45:00Z,NO2,82.14,15
2025-10-29T15:45:00Z,NO3,47.83,15
2025-10-29T15:45:00Z,NO4,9.98,15
2025-10-29T15:45:00Z,NO5,74.54,15
2025-10-29T15:45:00Z,PL,202.84,15
2025-10-29T15:45:00Z,PT,112.36,15
2025-10-29T15:45:00Z,RO,286.80,15
2025-10-29T15:45:00Z,SE1,61.93,15
2025-10-29T15:45:00Z,SE2,61.36,15
2025-10-29T15:45:00Z,SE3,136.38,15
2025-10-29T15:45:00Z,SE4,144.76,15
2025-10-29T15:45:00Z,SI,178.39,15
2025-10-29T15:45:00Z,SK,175.83,15
2025-10-29T16:00:00Z,AT,124.93,15
2025-10-29T16:00:00Z,BE,100.66,15
2025-10-29T16:00:00Z,CH,134.55,60
2025-10-29T16:00:00Z,CZ,146.91,15
2025-10-29T16:00:00Z,DE-LU,128.83,15
2025-10-29T16:00:00Z,DK1,128.83,15
2025-10-29T16:00:00Z,DK2,131.69,15
2025-10-29T16:00:00Z,EE,168.76,15
2025-10-29T16:00:00Z,ES,89.69,15
2025-10-29T16:00:00Z,FI,129.00,15
2025-10-29T16:00:00Z,FR,82.76,15
2025-10-29T16:00:00Z,GR,153.73,15
2025-10-29T16:00:00Z,HR,145.75,15
2025-10-29T16:00:00Z,HU,153.34,15
2025-10-29T16:00:00Z,IT-CNorth,139.43,15
2025-10-29T16:00:00Z,IT-CSouth,139.43,15
2025-10-29T16:00:00Z,IT-North,139.43,15
2025-10-29T16:00:00Z,IT-Sardinia,139.43,15
2025-10-29T16:00:00Z,IT-Sicily,139.43,15
2025-10-29T16:00:00Z,IT-South,139.43,15
2025-10-29T16:00:00Z,LT,168.76,15
2025-10-29T16:00:00Z,LV,168.76,15
2025-10-29T16:00:00Z,NL,123.94,15
2025-10-29T16:00:00Z,NO1,80.56,15
2025-10-29T16:00:00Z,NO2,83.09,15
2025-10-29T16:00:00Z,NO3,47.25,15
2025-10-29T16:00:00Z,NO4,9.84,15
2025-10-29T16:00:00Z,NO5,75.14,15
2025-10-29T16:00:00Z,PL,180.26,15
2025-10-29T16:00:00Z,PT,113.98,15
2025-10-29T16:00:00Z,RO,153.73,15
2025-10-29T16:00:00Z,RS,169.00,15
2025-10-29T16:00:00Z,SE1,61.83,15
2025-10-29T16:00:00Z,SE2,63.68,15
2025-10-29T16:00:00Z,SE3,144.65,15
2025-10-29T16:00:00Z,SE4,170.13,15
2025-10-29T16:00:00Z,SI,143.02,15
2025-10-29T16:00:00Z,SK,159.16,15
2025-10-29T16:15:00Z,AT,140.01,15
2025-10-29T16:15:00Z,BE,107.48,15
2025-10-29T16:15:00Z,CZ,151.54,15
2025-10-29T16:15:00Z,DE-LU,121.90,15
2025-10-29T16:15:00Z,DK1,121.90,15
2025-10-29T16:15:00Z,DK2,123.47,15
2025-10-29T16:15:00Z,EE,150.28,15
2025-10-29T16:15:00Z,ES,121.49,15
2025-10-29T16:15:00Z,FI,150.01,15
2025-10-29T16:15:00Z,FR,98.00,15
2025-10-29T16:15:00Z,GR,165.24,15
2025-10-29T16:15:00Z,HR,154.57,15
2025-10-29T16:15:00Z,HU,164.36,15
2025-10-29T16:15:00Z,IT-CNorth,140.26,15
2025-10-29T16:15:00Z,IT-CSouth,140.26,15
2025-10-29T16:15:00Z,IT-North,140.26,15
2025-10-29T16:15:00Z,IT-Sardinia,140.26,15
2025-10-29T16:15:00Z,IT-Sicily,140.26,15
2025-10-29T16:15:00Z,IT-South,140.26,15
2025-10-29T16:15:00Z,LT,150.28,15
2025-10-29T16:15:00Z,LV,150.28,15
2025-10-29T16:15:00Z,NL,120.50,15
2025-10-29T16:15:00Z,NO1,83.73,15
2025-10-29T16:15:00Z,NO2,85.76,15
2025-10-29T16:15:00Z,NO3,56.32,15
2025-10-29T16:15:00Z,NO4,9.86,15
2025-10-29T16:15:00Z,NO5,77.98,15
2025-10-29T16:15:00Z,PL,204.32,15
2025-10-29T16:15:00Z,PT,116.49,15
2025-10-29T16:15:00Z,RO,165.24,15
2025-10-29T16:15:00Z,SE1,64.65,15
2025-10-29T16:15:00Z,SE2,69.44,15
2025-10-29T16:15:00Z,SE3,133.55,15
2025-10-29T16:15:00Z,SE4,149.22,15
2025-10-29T16:15:00Z,SI,150.79,15
2025-10-29T16:15:00Z,SK,172.61,15
2025-10-29T16:30:00Z,AT,142.53,15
2025-10-29T16:30:00Z,BE,130.87,15
2025-10-29T16:30:00Z,CZ,153.40,15
2025-10-29T16:30:00Z,DE-LU,128.45,15
2025-10-29T16:30:00Z,DK1,122.27,15
2025-10-29T16:30:00Z,DK2,128.52,15
2025-10-29T16:30:00Z,EE,142.70,15
2025-10-29T16:30:00Z,ES,105.00,15
2025-10-29T16:30:00Z,FI,142.45,15
2025-10-29T16:30:00Z,FR,132.00,15
2025-10-29T16:30:00Z,GR,166.08,15
2025-10-29T16:30:00Z,HR,158.21,15
2025-10-29T16:30:00Z,HU,165.24,15
2025-10-29T16:30:00Z,IT-CNorth,140.05,15
2025-10-29T16:30:00Z,IT-CSouth,140.05,15
2025-10-29T16:30:00Z,IT-North,140.05,15
2025-10-29T16:30:00Z,IT-Sardinia,140.05,15
2025-10-29T16:30:00Z,IT-Sicily,140.05,15
2025-10-29T16:30:00Z,IT-South,140.05,15
2025-10-29T16:30:00Z,LT,142.70,15
2025-10-29T16:30:00Z,LV,142.70,15
2025-10-29T16:30:00Z,NL,130.30,15
2025-10-29T16:30:00Z,NO1,83.84,15
2025-10-29T16:30:00Z,NO2,85.96,15
2025-10-29T16:30:00Z,NO3,51.92,15
2025-10-29T16:30:00Z,NO4,9.91,15
2025-10-29T16:30:00Z,NO5,70.38,15
2025-10-29T16:30:00Z,PL,196.96,15
2025-10-29T16:30:00Z,PT,132.00,15
2025-10-29T16:30:00Z,RO,166.08,15
2025-10-29T16:30:00Z,SE1,62.71,15
2025-10-29T16:30:00Z,SE2,67.08,15
2025-10-29T16:30:00Z,SE3,130.90,15
2025-10-29T16:30:00Z,SE4,137.38,15
2025-10-29T16:30:00Z,SI,155.35,15
2025-10-29T16:30:00Z,SK,171.59,15
2025-10-29T16:45:00Z,AT,142.54,15
2025-10-29T16:45:00Z,BE,130.76,15
2025-10-29T16:45:00Z,CZ,148.46,15
2025-10-29T16:45:00Z,DE-LU,128.72,15
2025-10-29T16:45:00Z,DK1,110.99,15
2025-10-29T16:45:00Z,DK2,128.78,15
2025-10-29T16:45:00Z,EE,140.67,15
2025-10-29T16:45:00Z,ES,136.73,15
2025-10-29T16:45:00Z,FI,140.43,15
2025-10-29T16:45:00Z,FR,131.73,15
2025-10-29T16:45:00Z,GR,158.72,15
2025-10-29T16:45:00Z,HR,152.41,15
2025-10-29T16:45:00Z,HU,158.08,15
2025-10-29T16:45:00Z,IT-CNorth,140.26,15
2025-10-29T16:45:00Z,IT-CSouth,140.26,15
2025-10-29T16:45:00Z,IT-North,140.26,15
2025-10-29T16:45:00Z,IT-Sardinia,140.26,15
2025-10-29T16:45:00Z,IT-Sicily,140.26,15
2025-10-29T16:45:00Z,IT-South,140.26,15
2025-10-29T16:45:00Z,LT,140.67,15
2025-10-29T16:45:00Z,LV,140.67,15
2025-10-29T16:45:00Z,NL,130.21,15
2025-10-29T16:45:00Z,NO1,84.33,15
2025-10-29T16:45:00Z,NO2,86.37,15
2025-10-29T16:45:00Z,NO3,53.15,15
2025-10-29T16:45:00Z,NO4,11.99,15
2025-10-29T16:45:00Z,NO5,70.37,15
2025-10-29T16:45:00Z,PL,182.97,15
2025-10-29T16:45:00Z,PT,131.73,15
2025-10-29T16:45:00Z,RO,158.72,15
2025-10-29T16:45:00Z,SE1,63.69,15
2025-10-29T16:45:00Z,SE2,68.10,15
2025-10-29T16:45:00Z,SE3,129.34,15
2025-10-29T16:45:00Z,SE4,135.60,15
2025-10-29T16:45:00Z,SI,150.11,15
2025-10-29T16:45:00Z,SK,162.83,15
2025-10-29T17:00:00Z,AT,149.96,15
2025-10-29T17:00:00Z,BE,123.56,15
2025-10-29T17:00:00Z,CH,134.57,60
2025-10-29T17:00:00Z,CZ,132.08,15
2025-10-29T17:00:00Z,DE-LU,122.68,15
2025-10-29T17:00:00Z,DK1,122.68,15
2025-10-29T17:00:00Z,DK2,122.71,15
2025-10-29T17:00:00Z,EE,129.49,15
2025-10-29T17:00:00Z,ES,137.95,15
2025-10-29T17:00:00Z,FI,129.31,15
2025-10-29T17:00:00Z,FR,124.02,15
2025-10-29T17:00:00Z,GR,137.37,15
2025-10-29T17:00:00Z,HR,134.18,15
2025-10-29T17:00:00Z,HU,137.30,15
2025-10-29T17:00:00Z,IT-CNorth,132.70,15
2025-10-29T17:00:00Z,IT-CSouth,132.70,15
2025-10-29T17:00:00Z,IT-North,132.70,15
2025-10-29T17:00:00Z,IT-Sardinia,132.70,15
2025-10-29T17:00:00Z,IT-Sicily,132.70,15
2025-10-29T17:00:00Z,IT-South,132.70,15
2025-10-29T17:00:00Z,LT,129.49,15
2025-10-29T17:00:00Z,LV,129.49,15
2025-10-29T17:00:00Z,NL,123.28,15
2025-10-29T17:00:00Z,NO1,80.86,15
2025-10-29T17:00:00Z,NO2,83.05,15
2025-10-29T17:00:00Z,NO3,48.21,15
2025-10-29T17:00:00Z,NO4,9.95,15
2025-10-29T17:00:00Z,NO5,68.57,15
2025-10-29T17:00:00Z,PL,148.63,15
2025-10-29T17:00:00Z,PT,129.14,15
2025-10-29T17:00:00Z,RO,137.37,15
2025-10-29T17:00:00Z,RS,156.00,15
2025-10-29T17:00:00Z,SE1,75.85,15
2025-10-29T17:00:00Z,SE2,72.90,15
2025-10-29T17:00:00Z,SE3,120.87,15
2025-10-29T17:00:00Z,SE4,125.41,15
2025-10-29T17:00:00Z,SI,132.84,15
2025-10-29T17:00:00Z,SK,139.29,15
2025-10-29T17:15:00Z,AT,137.46,15
2025-10-29T17:15:00Z,BE,125.50,15
2025-10-29T17:15:00Z,CZ,133.11,15
2025-10-29T17:15:00Z,DE-LU,124.55,15
2025-10-29T17:15:00Z,DK1,122.90,15
2025-10-29T17:15:00Z,DK2,126.27,15
2025-10-29T17:15:00Z,EE,132.21,15
2025-10-29T17:15:00Z,ES,144.20,15
2025-10-29T17:15:00Z,FI,132.03,15
2025-10-29T17:15:00Z,FR,126.00,15
2025-10-29T17:15:00Z,GR,138.03,15
2025-10-29T17:15:00Z,HR,135.10,15
2025-10-29T17:15:00Z,HU,137.99,15
2025-10-29T17:15:00Z,IT-CNorth,133.83,15
2025-10-29T17:15:00Z,IT-CSouth,133.83,15
2025-10-29T17:15:00Z,IT-North,133.83,15
2025-10-29T17:15:00Z,IT-Sardinia,133.83,15
2025-10-29T17:15:00Z,IT-Sicily,133.83,15
2025-10-29T17:15:00Z,IT-South,133.83,15
2025-10-29T17:15:00Z,LT,132.21,15
2025-10-29T17:15:00Z,LV,132.21,15
2025-10-29T17:15:00Z,NL,125.12,15
2025-10-29T17:15:00Z,NO1,81.67,15
2025-10-29T17:15:00Z,NO2,83.92,15
2025-10-29T17:15:00Z,NO3,47.83,15
2025-10-29T17:15:00Z,NO4,9.98,15
2025-10-29T17:15:00Z,NO5,68.59,15
2025-10-29T17:15:00Z,PL,148.20,15
2025-10-29T17:15:00Z,PT,135.20,15
2025-10-29T17:15:00Z,RO,138.03,15
2025-10-29T17:15:00Z,SE1,76.07,15
2025-10-29T17:15:00Z,SE2,73.03,15
2025-10-29T17:15:00Z,SE3,123.19,15
2025-10-29T17:15:00Z,SE4,127.99,15
2025-10-29T17:15:00Z,SI,133.83,15
2025-10-29T17:15:00Z,SK,139.77,15
2025-10-29T17:30:00Z,AT,138.16,15
2025-10-29T17:30:00Z,BE,133.22,15
2025-10-29T17:30:00Z,CZ,139.42,15
2025-10-29T17:30:00Z,DE-LU,132.45,15
2025-10-29T17:30:00Z,DK1,129.26,15
2025-10-29T17:30:00Z,DK2,133.57,15
2025-10-29T17:30:00Z,EE,140.34,15
2025-10-29T17:30:00Z,ES,145.01,15
2025-10-29T17:30:00Z,FI,140.14,15
2025-10-29T17:30:00Z,FR,133.63,15
2025-10-29T17:30:00Z,GR,143.42,15
2025-10-29T17:30:00Z,HR,141.03,15
2025-10-29T17:30:00Z,HU,143.38,15
2025-10-29T17:30:00Z,IT-CNorth,140.00,15
2025-10-29T17:30:00Z,IT-CSouth,140.00,15
2025-10-29T17:30:00Z,IT-North,140.00,15
2025-10-29T17:30:00Z,IT-Sardinia,140.00,15
2025-10-29T17:30:00Z,IT-Sicily,140.00,15
2025-10-29T17:30:00Z,IT-South,140.00,15
2025-10-29T17:30:00Z,LT,140.34,15
2025-10-29T17:30:00Z,LV,140.34,15
2025-10-29T17:30:00Z,NL,132.92,15
2025-10-29T17:30:00Z,NO1,81.35,15
2025-10-29T17:30:00Z,NO2,83.83,15
2025-10-29T17:30:00Z,NO3,44.93,15
2025-10-29T17:30:00Z,NO4,10.54,15
2025-10-29T17:30:00Z,NO5,68.60,15
2025-10-29T17:30:00Z,PL,151.68,15
2025-10-29T17:30:00Z,PT,136.66,15
2025-10-29T17:30:00Z,RO,143.42,15
2025-10-29T17:30:00Z,SE1,73.41,15
2025-10-29T17:30:00Z,SE2,69.98,15
2025-10-29T17:30:00Z,SE3,129.59,15
2025-10-29T17:30:00Z,SE4,135.39,15
2025-10-29T17:30:00Z,SI,140.00,15
2025-10-29T17:30:00Z,SK,144.82,15
2025-10-29T17:45:00Z,AT,120.07,15
2025-10-29T17:45:00Z,BE,135.79,15
2025-10-29T17:45:00Z,CZ,139.87,15
2025-10-29T17:45:00Z,DE-LU,135.29,15
2025-10-29T17:45:00Z,DK1,126.27,15
2025-10-29T17:45:00Z,DK2,135.33,15
2025-10-29T17:45:00Z,EE,142.55,15
2025-10-29T17:45:00Z,ES,166.34,15
2025-10-29T17:45:00Z,FI,140.07,15
2025-10-29T17:45:00Z,FR,136.06,15
2025-10-29T17:45:00Z,GR,142.51,15
2025-10-29T17:45:00Z,HR,140.94,15
2025-10-29T17:45:00Z,HU,142.49,15
2025-10-29T17:45:00Z,IT-CNorth,140.26,15
2025-10-29T17:45:00Z,IT-CSouth,140.26,15
2025-10-29T17:45:00Z,IT-North,140.26,15
2025-10-29T17:45:00Z,IT-Sardinia,140.26,15
2025-10-29T17:45:00Z,IT-Sicily,140.26,15
2025-10-29T17:45:00Z,IT-South,140.26,15
2025-10-29T17:45:00Z,LT,142.55,15
2025-10-29T17:45:00Z,LV,142.55,15
2025-10-29T17:45:00Z,NL,135.59,15
2025-10-29T17:45:00Z,NO1,79.74,15
2025-10-29T17:45:00Z,NO2,82.29,15
2025-10-29T17:45:00Z,NO3,43.12,15
2025-10-29T17:45:00Z,NO4,11.10,15
2025-10-29T17:45:00Z,NO5,68.47,15
2025-10-29T17:45:00Z,PL,147.96,15
2025-10-29T17:45:00Z,PT,148.29,15
2025-10-29T17:45:00Z,RO,142.51,15
2025-10-29T17:45:00Z,SE1,70.79,15
2025-10-29T17:45:00Z,SE2,67.19,15
2025-10-29T17:45:00Z,SE3,131.03,15
2025-10-29T17:45:00Z,SE4,137.28,15
2025-10-29T17:45:00Z,SI,140.26,15
2025-10-29T17:45:00Z,SK,143.44,15
2025-10-29T18:00:00Z,AT,128.89,15
2025-10-29T18:00:00Z,BE,129.49,15
2025-10-29T18:00:00Z,CH,126.32,60
2025-10-29T18:00:00Z,CZ,139.33,15
2025-10-29T18:00:00Z,DE-LU,128.24,15
2025-10-29T18:00:00Z,DK1,128.24,15
2025-10-29T18:00:00Z,DK2,128.27,15
2025-10-29T18:00:00Z,EE,135.04,15
2025-10-29T18:00:00Z,ES,172.01,15
2025-10-29T18:00:00Z,FI,134.86,15
2025-10-29T18:00:00Z,FR,130.16,15
2025-10-29T18:00:00Z,GR,144.99,15
2025-10-29T18:00:00Z,HR,141.57,15
2025-10-29T18:00:00Z,HU,144.69,15
2025-10-29T18:00:00Z,LT,135.04,15
2025-10-29T18:00:00Z,LV,135.04,15
2025-10-29T18:00:00Z,NL,129.00,15
2025-10-29T18:00:00Z,NO1,71.74,15
2025-10-29T18:00:00Z,NO2,93.75,15
2025-10-29T18:00:00Z,NO3,42.10,15
2025-10-29T18:00:00Z,NO4,9.96,15
2025-10-29T18:00:00Z,NO5,67.54,15
2025-10-29T18:00:00Z,PL,158.87,15
2025-10-29T18:00:00Z,PT,144.00,15
2025-10-29T18:00:00Z,RO,144.99,15
2025-10-29T18:00:00Z,RS,151.05,15
2025-10-29T18:00:00Z,SE1,68.31,15
2025-10-29T18:00:00Z,SE2,64.90,15
2025-10-29T18:00:00Z,SE3,124.16,15
2025-10-29T18:00:00Z,SE4,130.42,15
2025-10-29T18:00:00Z,SK,147.30,15
2025-10-29T18:15:00Z,AT,137.30,15
2025-10-29T18:15:00Z,BE,116.63,15
2025-10-29T18:15:00Z,CZ,132.86,15
2025-10-29T18:15:00Z,DE-LU,114.92,15
2025-10-29T18:15:00Z,DK1,114.92,15
2025-10-29T18:15:00Z,DK2,114.95,15
2025-10-29T18:15:00Z,EE,120.10,15
2025-10-29T18:15:00Z,ES,170.01,15
2025-10-29T18:15:00Z,FI,119.94,15
2025-10-29T18:15:00Z,FR,117.52,15
2025-10-29T18:15:00Z,GR,141.97,15
2025-10-29T18:15:00Z,HR,136.43,15
2025-10-29T18:15:00Z,HU,141.51,15
2025-10-29T18:15:00Z,LT,120.10,15
2025-10-29T18:15:00Z,LV,120.10,15
2025-10-29T18:15:00Z,NL,116.10,15
2025-10-29T18:15:00Z,NO1,70.67,15
2025-10-29T18:15:00Z,NO2,91.68,15
2025-10-29T18:15:00Z,NO3,46.33,15
2025-10-29T18:15:00Z,NO4,9.95,15
2025-10-29T18:15:00Z,NO5,67.31,15
2025-10-29T18:15:00Z,PL,164.47,15
2025-10-29T18:15:00Z,PT,150.01,15
2025-10-29T18:15:00Z,RO,141.97,15
2025-10-29T18:15:00Z,SE1,70.93,15
2025-10-29T18:15:00Z,SE2,68.04,15
2025-10-29T18:15:00Z,SE3,112.04,15
2025-10-29T18:15:00Z,SE4,116.58,15
2025-10-29T18:15:00Z,SI,134.30,15
2025-10-29T18:15:00Z,SK,145.74,15
2025-10-29T18:30:00Z,AT,128.89,15
2025-10-29T18:30:00Z,BE,113.21,15
2025-10-29T18:30:00Z,CZ,127.36,15
2025-10-29T18:30:00Z,DE-LU,111.55,15
2025-10-29T18:30:00Z,DK1,111.55,15
2025-10-29T18:30:00Z,DK2,111.58,15
2025-10-29T18:30:00Z,EE,116.39,15
2025-10-29T18:30:00Z,ES,178.58,15
2025-10-29T18:30:00Z,FI,101.05,15
2025-10-29T18:30:00Z,FR,114.13,15
2025-10-29T18:30:00Z,GR,168.71,15
2025-10-29T18:30:00Z,HR,136.59,15
2025-10-29T18:30:00Z,HU,136.03,15
2025-10-29T18:30:00Z,IT-CNorth,137.34,15
2025-10-29T18:30:00Z,IT-CSouth,137.34,15
2025-10-29T18:30:00Z,IT-North,137.34,15
2025-10-29T18:30:00Z,IT-Sardinia,137.34,15
2025-10-29T18:30:00Z,IT-Sicily,137.34,15
2025-10-29T18:30:00Z,IT-South,137.34,15
2025-10-29T18:30:00Z,LT,116.39,15
2025-10-29T18:30:00Z,LV,116.39,15
2025-10-29T18:30:00Z,NL,112.66,15
2025-10-29T18:30:00Z,NO1,70.22,15
2025-10-29T18:30:00Z,NO2,89.80,15
2025-10-29T18:30:00Z,NO3,47.08,15
2025-10-29T18:30:00Z,NO4,10.55,15
2025-10-29T18:30:00Z,NO5,67.03,15
2025-10-29T18:30:00Z,PL,154.81,15
2025-10-29T18:30:00Z,PT,156.58,15
2025-10-29T18:30:00Z,RO,168.71,15
2025-10-29T18:30:00Z,SE1,70.89,15
2025-10-29T18:30:00Z,SE2,68.12,15
2025-10-29T18:30:00Z,SE3,108.92,15
2025-10-29T18:30:00Z,SE4,113.10,15
2025-10-29T18:30:00Z,SI,131.68,15
2025-10-29T18:30:00Z,SK,137.28,15
2025-10-29T18:45:00Z,AT,122.57,15
2025-10-29T18:45:00Z,BE,100.77,15
2025-10-29T18:45:00Z,CZ,112.74,15
2025-10-29T18:45:00Z,DE-LU,99.46,15
2025-10-29T18:45:00Z,DK1,99.46,15
2025-10-29T18:45:00Z,DK2,100.78,15
2025-10-29T18:45:00Z,EE,104.35,15
2025-10-29T18:45:00Z,ES,180.00,15
2025-10-29T18:45:00Z,FI,93.76,15
2025-10-29T18:45:00Z,FR,101.47,15
2025-10-29T18:45:00Z,GR,129.52,15
2025-10-29T18:45:00Z,HR,117.22,15
2025-10-29T18:45:00Z,HU,119.47,15
2025-10-29T18:45:00Z,IT-CNorth,134.14,15
2025-10-29T18:45:00Z,IT-CSouth,134.14,15
2025-10-29T18:45:00Z,IT-North,134.14,15
2025-10-29T18:45:00Z,IT-Sardinia,134.14,15
2025-10-29T18:45:00Z,IT-Sicily,134.14,15
2025-10-29T18:45:00Z,IT-South,134.14,15
2025-10-29T18:45:00Z,LT,104.35,15
2025-10-29T18:45:00Z,LV,104.35,15
2025-10-29T18:45:00Z,NL,100.35,15
2025-10-29T18:45:00Z,NO1,69.92,15
2025-10-29T18:45:00Z,NO2,83.72,15
2025-10-29T18:45:00Z,NO3,50.49,15
2025-10-29T18:45:00Z,NO4,11.14,15
2025-10-29T18:45:00Z,NO5,67.22,15
2025-10-29T18:45:00Z,PL,136.04,15
2025-10-29T18:45:00Z,PT,158.93,15
2025-10-29T18:45:00Z,RO,129.52,15
2025-10-29T18:45:00Z,SE1,72.46,15
2025-10-29T18:45:00Z,SE2,70.10,15
2025-10-29T18:45:00Z,SE3,99.06,15
2025-10-29T18:45:00Z,SE4,101.91,15
2025-10-29T18:45:00Z,SI,114.73,15
2025-10-29T18:45:00Z,SK,121.86,15
2025-10-29T19:00:00Z,AT,143.92,15
2025-10-29T19:00:00Z,BE,110.36,15
2025-10-29T19:00:00Z,CH,122.09,60
2025-10-29T19:00:00Z,CZ,132.04,15
2025-10-29T19:00:00Z,DE-LU,108.09,15
2025-10-29T19:00:00Z,DK1,108.09,15
2025-10-29T19:00:00Z,DK2,106.81,15
2025-10-29T19:00:00Z,EE,111.35,15
2025-10-29T19:00:00Z,ES,177.93,15
2025-10-29T19:00:00Z,FI,97.01,15
2025-10-29T19:00:00Z,FR,111.53,15
2025-10-29T19:00:00Z,GR,144.02,15
2025-10-29T19:00:00Z,HR,136.76,15
2025-10-29T19:00:00Z,HU,143.40,15
2025-10-29T19:00:00Z,IT-CNorth,133.84,15
2025-10-29T19:00:00Z,IT-CSouth,133.84,15
2025-10-29T19:00:00Z,IT-North,133.84,15
2025-10-29T19:00:00Z,IT-Sardinia,133.84,15
2025-10-29T19:00:00Z,IT-Sicily,133.84,15
2025-10-29T19:00:00Z,IT-South,133.84,15
2025-10-29T19:00:00Z,LT,111.35,15
2025-10-29T19:00:00Z,LV,111.35,15
2025-10-29T19:00:00Z,NL,109.68,15
2025-10-29T19:00:00Z,NO1,67.60,15
2025-10-29T19:00:00Z,NO2,86.72,15
2025-10-29T19:00:00Z,NO3,45.44,15
2025-10-29T19:00:00Z,NO4,9.68,15
2025-10-29T19:00:00Z,NO5,64.53,15
2025-10-29T19:00:00Z,PL,173.72,15
2025-10-29T19:00:00Z,RO,144.02,15
2025-10-29T19:00:00Z,RS,134.44,15
2025-10-29T19:00:00Z,SE1,68.63,15
2025-10-29T19:00:00Z,SE2,65.85,15
2025-10-29T19:00:00Z,SE3,104.21,15
2025-10-29T19:00:00Z,SE4,108.24,15
2025-10-29T19:00:00Z,SI,133.84,15
2025-10-29T19:00:00Z,SK,149.15,15
2025-10-29T19:15:00Z,AT,134.42,15
2025-10-29T19:15:00Z,BE,104.22,15
2025-10-29T19:15:00Z,CZ,121.56,15
2025-10-29T19:15:00Z,DE-LU,102.57,15
2025-10-29T19:15:00Z,DK1,102.57,15
2025-10-29T19:15:00Z,DK2,102.59,15
2025-10-29T19:15:00Z,EE,106.66,15
2025-10-29T19:15:00Z,ES,179.21,15
2025-10-29T19:15:00Z,FI,94.10,15
2025-10-29T19:15:00Z,FR,103.95,15
2025-10-29T19:15:00Z,GR,177.18,15
2025-10-29T19:15:00Z,HR,133.78,15
2025-10-29T19:15:00Z,HU,132.06,15
2025-10-29T19:15:00Z,IT-CNorth,128.00,15
2025-10-29T19:15:00Z,IT-CSouth,128.00,15
2025-10-29T19:15:00Z,IT-North,128.00,15
2025-10-29T19:15:00Z,IT-Sardinia,128.00,15
2025-10-29T19:15:00Z,IT-Sicily,128.00,15
2025-10-29T19:15:00Z,IT-South,128.00,15
2025-10-29T19:15:00Z,LT,106.66,15
2025-10-29T19:15:00Z,LV,106.66,15
2025-10-29T19:15:00Z,NL,103.67,15
2025-10-29T19:15:00Z,NO1,67.38,15
2025-10-29T19:15:00Z,NO2,83.93,15
2025-10-29T19:15:00Z,NO3,46.59,15
2025-10-29T19:15:00Z,NO4,9.73,15
2025-10-29T19:15:00Z,NO5,64.49,15
2025-10-29T19:15:00Z,PL,153.88,15
2025-10-29T19:15:00Z,PT,160.21,15
2025-10-29T19:15:00Z,RO,177.18,15
2025-10-29T19:15:00Z,SE1,69.03,15
2025-10-29T19:15:00Z,SE2,66.42,15
2025-10-29T19:15:00Z,SE3,100.35,15
2025-10-29T19:15:00Z,SE4,103.87,15
2025-10-29T19:15:00Z,SI,127.33,15
2025-10-29T19:15:00Z,SK,133.13,15
2025-10-29T19:30:00Z,AT,115.09,15
2025-10-29T19:30:00Z,BE,97.86,15
2025-10-29T19:30:00Z,CZ,106.00,15
2025-10-29T19:30:00Z,DE-LU,101.00,15
2025-10-29T19:30:00Z,DK1,101.00,15
2025-10-29T19:30:00Z,DK2,101.02,15
2025-10-29T19:30:00Z,EE,104.97,15
2025-10-29T19:30:00Z,ES,169.71,15
2025-10-29T19:30:00Z,FI,92.82,15
2025-10-29T19:30:00Z,FR,87.57,15
2025-10-29T19:30:00Z,GR,157.76,15
2025-10-29T19:30:00Z,HR,116.59,15
2025-10-29T19:30:00Z,HU,110.08,15
2025-10-29T19:30:00Z,IT-CNorth,118.52,15
2025-10-29T19:30:00Z,IT-CSouth,118.52,15
2025-10-29T19:30:00Z,IT-North,118.52,15
2025-10-29T19:30:00Z,IT-Sardinia,118.52,15
2025-10-29T19:30:00Z,IT-Sicily,118.52,15
2025-10-29T19:30:00Z,IT-South,118.52,15
2025-10-29T19:30:00Z,LT,104.97,15
2025-10-29T19:30:00Z,LV,104.97,15
2025-10-29T19:30:00Z,NL,99.29,15
2025-10-29T19:30:00Z,NO1,66.81,15
2025-10-29T19:30:00Z,NO2,82.87,15
2025-10-29T19:30:00Z,NO3,46.46,15
2025-10-29T19:30:00Z,NO4,9.81,15
2025-10-29T19:30:00Z,NO5,63.97,15
2025-10-29T19:30:00Z,PL,112.99,15
2025-10-29T19:30:00Z,RO,157.76,15
2025-10-29T19:30:00Z,SE1,68.56,15
2025-10-29T19:30:00Z,SE2,66.00,15
2025-10-29T19:30:00Z,SE3,98.86,15
2025-10-29T19:30:00Z,SE4,102.26,15
2025-10-29T19:30:00Z,SI,111.72,15
2025-10-29T19:30:00Z,SK,107.32,15
2025-10-29T19:45:00Z,AT,102.57,15
2025-10-29T19:45:00Z,BE,97.67,15
2025-10-29T19:45:00Z,CZ,102.37,15
2025-10-29T19:45:00Z,DE-LU,98.94,15
2025-10-29T19:45:00Z,DK1,98.94,15
2025-10-29T19:45:00Z,DK2,98.96,15
2025-10-29T19:45:00Z,EE,102.68,15
2025-10-29T19:45:00Z,ES,170.00,15
2025-10-29T19:45:00Z,FI,91.43,15
2025-10-29T19:45:00Z,FR,93.16,15
2025-10-29T19:45:00Z,GR,123.22,15
2025-10-29T19:45:00Z,HR,106.82,15
2025-10-29T19:45:00Z,HU,104.68,15
2025-10-29T19:45:00Z,IT-CNorth,110.00,15
2025-10-29T19:45:00Z,IT-CSouth,110.00,15
2025-10-29T19:45:00Z,IT-North,110.00,15
2025-10-29T19:45:00Z,IT-Sardinia,110.00,15
2025-10-29T19:45:00Z,IT-Sicily,110.00,15
2025-10-29T19:45:00Z,IT-South,110.00,15
2025-10-29T19:45:00Z,LT,102.68,15
2025-10-29T19:45:00Z,LV,102.68,15
2025-10-29T19:45:00Z,NL,98.26,15
2025-10-29T19:45:00Z,NO1,66.71,15
2025-10-29T19:45:00Z,NO2,81.81,15
2025-10-29T19:45:00Z,NO3,47.08,15
2025-10-29T19:45:00Z,NO4,9.83,15
2025-10-29T19:45:00Z,PL,107.62,15
2025-10-29T19:45:00Z,RO,123.22,15
2025-10-29T19:45:00Z,SE1,68.84,15
2025-10-29T19:45:00Z,SE2,66.37,15
2025-10-29T19:45:00Z,SE3,96.99,15
2025-10-29T19:45:00Z,SE4,100.13,15
2025-10-29T19:45:00Z,SI,104.76,15
2025-10-29T19:45:00Z,SK,103.94,15
2025-10-29T20:00:00Z,AT,126.86,15
2025-10-29T20:00:00Z,BE,102.38,15
2025-10-29T20:00:00Z,CH,115.01,60
2025-10-29T20:00:00Z,CZ,107.37,15
2025-10-29T20:00:00Z,DE-LU,101.96,15
2025-10-29T20:00:00Z,DK1,101.96,15
2025-10-29T20:00:00Z,DK2,101.98,15
2025-10-29T20:00:00Z,EE,106.03,15
2025-10-29T20:00:00Z,ES,171.43,15
2025-10-29T20:00:00Z,FI,93.52,15
2025-10-29T20:00:00Z,FR,101.74,15
2025-10-29T20:00:00Z,GR,154.42,15
2025-10-29T20:00:00Z,HR,116.37,15
2025-10-29T20:00:00Z,HU,111.39,15
2025-10-29T20:00:00Z,IT-CNorth,123.44,15
2025-10-29T20:00:00Z,IT-CSouth,123.44,15
2025-10-29T20:00:00Z,IT-North,123.44,15
2025-10-29T20:00:00Z,IT-Sardinia,123.44,15
2025-10-29T20:00:00Z,IT-Sicily,123.44,15
2025-10-29T20:00:00Z,IT-South,123.44,15
2025-10-29T20:00:00Z,LT,106.03,15
2025-10-29T20:00:00Z,LV,106.03,15
2025-10-29T20:00:00Z,NL,102.20,15
2025-10-29T20:00:00Z,NO1,67.34,15
2025-10-29T20:00:00Z,NO2,82.28,15
2025-10-29T20:00:00Z,NO3,46.49,15
2025-10-29T20:00:00Z,NO4,9.64,15
2025-10-29T20:00:00Z,NO5,64.46,15
2025-10-29T20:00:00Z,PL,115.74,15
2025-10-29T20:00:00Z,PT,157.43,15
2025-10-29T20:00:00Z,RO,154.42,15
2025-10-29T20:00:00Z,RS,113.58,15
2025-10-29T20:00:00Z,SE1,68.79,15
2025-10-29T20:00:00Z,SE2,65.91,15
2025-10-29T20:00:00Z,SE3,99.87,15
2025-10-29T20:00:00Z,SE4,103.26,15
2025-10-29T20:00:00Z,SI,111.91,15
2025-10-29T20:00:00Z,SK,109.37,15
2025-10-29T20:15:00Z,AT,113.19,15
2025-10-29T20:15:00Z,BE,99.90,15
2025-10-29T20:15:00Z,CZ,102.44,15
2025-10-29T20:15:00Z,DE-LU,101.92,15
2025-10-29T20:15:00Z,DK1,101.92,15
2025-10-29T20:15:00Z,DK2,101.91,15
2025-10-29T20:15:00Z,EE,101.97,15
2025-10-29T20:15:00Z,ES,172.01,15
2025-10-29T20:15:00Z,FI,90.97,15
2025-10-29T20:15:00Z,FR,93.93,15
2025-10-29T20:15:00Z,GR,153.30,15
2025-10-29T20:15:00Z,HR,111.82,15
2025-10-29T20:15:00Z,HU,104.35,15
2025-10-29T20:15:00Z,IT-CNorth,113.92,15
2025-10-29T20:15:00Z,IT-CSouth,113.92,15
2025-10-29T20:15:00Z,IT-North,113.92,15
2025-10-29T20:15:00Z,IT-Sardinia,113.92,15
2025-10-29T20:15:00Z,IT-Sicily,113.92,15
2025-10-29T20:15:00Z,IT-South,113.92,15
2025-10-29T20:15:00Z,LT,101.97,15
2025-10-29T20:15:00Z,LV,101.97,15
2025-10-29T20:15:00Z,NL,100.82,15
2025-10-29T20:15:00Z,NO1,66.60,15
2025-10-29T20:15:00Z,NO2,82.27,15
2025-10-29T20:15:00Z,NO3,47.26,15
2025-10-29T20:15:00Z,NO4,9.66,15
2025-10-29T20:15:00Z,NO5,63.98,15
2025-10-29T20:15:00Z,PL,101.97,15
2025-10-29T20:15:00Z,PT,153.78,15
2025-10-29T20:15:00Z,RO,153.30,15
2025-10-29T20:15:00Z,SE1,69.10,15
2025-10-29T20:15:00Z,SE2,66.38,15
2025-10-29T20:15:00Z,SE3,96.50,15
2025-10-29T20:15:00Z,SE4,99.55,15
2025-10-29T20:15:00Z,SI,107.53,15
2025-10-29T20:15:00Z,SK,100.50,15
2025-10-29T20:30:00Z,AT,102.55,15
2025-10-29T20:30:00Z,BE,92.35,15
2025-10-29T20:30:00Z,CZ,99.11,15
2025-10-29T20:30:00Z,DE-LU,98.32,15
2025-10-29T20:30:00Z,DK1,98.32,15
2025-10-29T20:30:00Z,DK2,98.31,15
2025-10-29T20:30:00Z,EE,98.18,15
2025-10-29T20:30:00Z,ES,156.20,15
2025-10-29T20:30:00Z,FI,88.74,15
2025-10-29T20:30:00Z,FR,76.01,15
2025-10-29T20:30:00Z,GR,140.12,15
2025-10-29T20:30:00Z,HR,107.41,15
2025-10-29T20:30:00Z,HU,100.97,15
2025-10-29T20:30:00Z,IT-CNorth,108.72,15
2025-10-29T20:30:00Z,IT-CSouth,108.72,15
2025-10-29T20:30:00Z,IT-North,108.72,15
2025-10-29T20:30:00Z,IT-Sardinia,108.72,15
2025-10-29T20:30:00Z,IT-Sicily,108.72,15
2025-10-29T20:30:00Z,IT-South,108.72,15
2025-10-29T20:30:00Z,LT,98.18,15
2025-10-29T20:30:00Z,LV,98.18,15
2025-10-29T20:30:00Z,NL,95.14,15
2025-10-29T20:30:00Z,NO1,66.38,15
2025-10-29T20:30:00Z,NO2,81.72,15
2025-10-29T20:30:00Z,NO3,48.41,15
2025-10-29T20:30:00Z,NO4,9.73,15
2025-10-29T20:30:00Z,NO5,63.97,15
2025-10-29T20:30:00Z,PL,98.18,15
2025-10-29T20:30:00Z,PT,144.00,15
2025-10-29T20:30:00Z,RO,140.12,15
2025-10-29T20:30:00Z,SE1,69.80,15
2025-10-29T20:30:00Z,SE2,67.23,15
2025-10-29T20:30:00Z,SE3,93.42,15
2025-10-29T20:30:00Z,SE4,96.03,15
2025-10-29T20:30:00Z,SI,104.15,15
2025-10-29T20:30:00Z,SK,97.64,15
2025-10-29T20:45:00Z,AT,96.61,15
2025-10-29T20:45:00Z,BE,81.33,15
2025-10-29T20:45:00Z,CZ,83.17,15
2025-10-29T20:45:00Z,DE-LU,83.81,15
2025-10-29T20:45:00Z,DK1,83.81,15
2025-10-29T20:45:00Z,DK2,83.79,15
2025-10-29T20:45:00Z,EE,82.52,15
2025-10-29T20:45:00Z,ES,140.20,15
2025-10-29T20:45:00Z,FI,79.59,15
2025-10-29T20:45:00Z,FR,74.43,15
2025-10-29T20:45:00Z,GR,104.09,15
2025-10-29T20:45:00Z,HR,89.39,15
2025-10-29T20:45:00Z,HU,86.99,15
2025-10-29T20:45:00Z,IT-CNorth,106.58,15
2025-10-29T20:45:00Z,IT-CSouth,106.58,15
2025-10-29T20:45:00Z,IT-North,106.58,15
2025-10-29T20:45:00Z,IT-Sardinia,106.58,15
2025-10-29T20:45:00Z,IT-Sicily,106.58,15
2025-10-29T20:45:00Z,IT-South,106.58,15
2025-10-29T20:45:00Z,LT,82.52,15
2025-10-29T20:45:00Z,LV,82.52,15
2025-10-29T20:45:00Z,NL,82.46,15
2025-10-29T20:45:00Z,NO1,66.51,15
2025-10-29T20:45:00Z,NO2,74.55,15
2025-10-29T20:45:00Z,NO3,53.51,15
2025-10-29T20:45:00Z,NO4,9.71,15
2025-10-29T20:45:00Z,NO5,64.76,15
2025-10-29T20:45:00Z,PL,97.93,15
2025-10-29T20:45:00Z,PT,135.20,15
2025-10-29T20:45:00Z,RO,104.09,15
2025-10-29T20:45:00Z,SE1,72.80,15
2025-10-29T20:45:00Z,SE2,70.81,15
2025-10-29T20:45:00Z,SE3,80.74,15
2025-10-29T20:45:00Z,SE4,81.51,15
2025-10-29T20:45:00Z,SI,87.78,15
2025-10-29T20:45:00Z,SK,86.32,15
2025-10-29T21:00:00Z,AT,113.82,15
2025-10-29T21:00:00Z,BE,97.01,15
2025-10-29T21:00:00Z,CH,109.19,60
2025-10-29T21:00:00Z,CZ,106.04,15
2025-10-29T21:00:00Z,DE-LU,105.43,15
2025-10-29T21:00:00Z,DK1,105.43,15
2025-10-29T21:00:00Z,DK2,105.19,15
2025-10-29T21:00:00Z,EE,75.98,15
2025-10-29T21:00:00Z,ES,140.70,15
2025-10-29T21:00:00Z,FI,75.87,15
2025-10-29T21:00:00Z,FR,73.93,15
2025-10-29T21:00:00Z,GR,153.29,15
2025-10-29T21:00:00Z,HR,116.35,15
2025-10-29T21:00:00Z,HU,108.23,15
2025-10-29T21:00:00Z,IT-CNorth,112.64,15
2025-10-29T21:00:00Z,IT-CSouth,112.64,15
2025-10-29T21:00:00Z,IT-North,112.64,15
2025-10-29T21:00:00Z,IT-Sardinia,112.64,15
2025-10-29T21:00:00Z,IT-Sicily,112.64,15
2025-10-29T21:00:00Z,IT-South,112.64,15
2025-10-29T21:00:00Z,LT,75.98,15
2025-10-29T21:00:00Z,LV,75.98,15
2025-10-29T21:00:00Z,NL,100.86,15
2025-10-29T21:00:00Z,NO1,61.10,15
2025-10-29T21:00:00Z,NO2,82.23,15
2025-10-29T21:00:00Z,NO3,51.32,15
2025-10-29T21:00:00Z,NO4,9.59,15
2025-10-29T21:00:00Z,NO5,60.05,15
2025-10-29T21:00:00Z,PL,106.23,15
2025-10-29T21:00:00Z,RO,153.29,15
2025-10-29T21:00:00Z,RS,111.45,15
2025-10-29T21:00:00Z,SE1,70.11,15
2025-10-29T21:00:00Z,SE2,68.46,15
2025-10-29T21:00:00Z,SE3,74.75,15
2025-10-29T21:00:00Z,SE4,75.81,15
2025-10-29T21:00:00Z,SI,112.64,15
2025-10-29T21:00:00Z,SK,103.75,15
2025-10-29T21:15:00Z,AT,107.55,15
2025-10-29T21:15:00Z,BE,101.87,15
2025-10-29T21:15:00Z,CZ,100.03,15
2025-10-29T21:15:00Z,DE-LU,102.16,15
2025-10-29T21:15:00Z,DK1,102.16,15
2025-10-29T21:15:00Z,DK2,101.94,15
2025-10-29T21:15:00Z,EE,74.38,15
2025-10-29T21:15:00Z,ES,133.99,15
2025-10-29T21:15:00Z,FI,74.28,15
2025-10-29T21:15:00Z,FR,100.47,15
2025-10-29T21:15:00Z,GR,132.57,15
2025-10-29T21:15:00Z,HR,110.99,15
2025-10-29T21:15:00Z,HU,108.00,15
2025-10-29T21:15:00Z,IT-CNorth,108.35,15
2025-10-29T21:15:00Z,IT-CSouth,108.35,15
2025-10-29T21:15:00Z,IT-North,108.35,15
2025-10-29T21:15:00Z,IT-Sardinia,108.35,15
2025-10-29T21:15:00Z,IT-Sicily,108.35,15
2025-10-29T21:15:00Z,IT-South,108.35,15
2025-10-29T21:15:00Z,LT,74.38,15
2025-10-29T21:15:00Z,LV,74.38,15
2025-10-29T21:15:00Z,NL,101.93,15
2025-10-29T21:15:00Z,NO1,59.99,15
2025-10-29T21:15:00Z,NO2,80.19,15
2025-10-29T21:15:00Z,NO3,50.47,15
2025-10-29T21:15:00Z,NO4,9.96,15
2025-10-29T21:15:00Z,NO5,58.96,15
2025-10-29T21:15:00Z,PL,108.56,15
2025-10-29T21:15:00Z,PT,128.65,15
2025-10-29T21:15:00Z,RO,132.57,15
2025-10-29T21:15:00Z,SE1,68.68,15
2025-10-29T21:15:00Z,SE2,67.08,15
2025-10-29T21:15:00Z,SE3,73.19,15
2025-10-29T21:15:00Z,SE4,74.20,15
2025-10-29T21:15:00Z,SI,108.35,15
2025-10-29T21:15:00Z,SK,107.70,15
2025-10-29T21:30:00Z,AT,92.59,15
2025-10-29T21:30:00Z,BE,86.13,15
2025-10-29T21:30:00Z,CZ,89.17,15
2025-10-29T21:30:00Z,DE-LU,89.64,15
2025-10-29T21:30:00Z,DK1,89.64,15
2025-10-29T21:30:00Z,DK2,89.40,15
2025-10-29T21:30:00Z,EE,58.76,15
2025-10-29T21:30:00Z,ES,128.50,15
2025-10-29T21:30:00Z,FI,58.68,15
2025-10-29T21:30:00Z,FR,76.40,15
2025-10-29T21:30:00Z,GR,103.96,15
2025-10-29T21:30:00Z,HR,94.85,15
2025-10-29T21:30:00Z,HU,93.29,15
2025-10-29T21:30:00Z,IT-CNorth,105.00,15
2025-10-29T21:30:00Z,IT-CSouth,105.00,15
2025-10-29T21:30:00Z,IT-North,105.00,15
2025-10-29T21:30:00Z,IT-Sardinia,105.00,15
2025-10-29T21:30:00Z,IT-Sicily,105.00,15
2025-10-29T21:30:00Z,IT-South,105.00,15
2025-10-29T21:30:00Z,LT,58.76,15
2025-10-29T21:30:00Z,LV,58.76,15
2025-10-29T21:30:00Z,NL,87.72,15
2025-10-29T21:30:00Z,NO1,61.11,15
2025-10-29T21:30:00Z,NO2,74.13,15
2025-10-29T21:30:00Z,NO3,47.71,15
2025-10-29T21:30:00Z,NO4,12.18,15
2025-10-29T21:30:00Z,NO5,59.36,15
2025-10-29T21:30:00Z,PL,109.36,15
2025-10-29T21:30:00Z,PT,123.00,15
2025-10-29T21:30:00Z,RO,103.96,15
2025-10-29T21:30:00Z,SE1,54.53,15
2025-10-29T21:30:00Z,SE2,51.61,15
2025-10-29T21:30:00Z,SE3,58.19,15
2025-10-29T21:30:00Z,SE4,60.42,15
2025-10-29T21:30:00Z,SI,93.79,15
2025-10-29T21:30:00Z,SK,93.09,15
2025-10-29T21:45:00Z,AT,94.91,15
2025-10-29T21:45:00Z,BE,80.00,15
2025-10-29T21:45:00Z,CZ,80.21,15
2025-10-29T21:45:00Z,DE-LU,80.46,15
2025-10-29T21:45:00Z,DK1,80.46,15
2025-10-29T21:45:00Z,DK2,80.27,15
2025-10-29T21:45:00Z,EE,55.78,15
2025-10-29T21:45:00Z,ES,122.32,15
2025-10-29T21:45:00Z,FI,53.04,15
2025-10-29T21:45:00Z,FR,78.56,15
2025-10-29T21:45:00Z,GR,101.79,15
2025-10-29T21:45:00Z,HR,84.31,15
2025-10-29T21:45:00Z,HU,80.85,15
2025-10-29T21:45:00Z,IT-CNorth,104.39,15
2025-10-29T21:45:00Z,IT-CSouth,104.39,15
2025-10-29T21:45:00Z,IT-North,104.39,15
2025-10-29T21:45:00Z,IT-Sardinia,104.39,15
2025-10-29T21:45:00Z,IT-Sicily,104.39,15
2025-10-29T21:45:00Z,IT-South,104.39,15
2025-10-29T21:45:00Z,LT,55.78,15
2025-10-29T21:45:00Z,LV,55.78,15
2025-10-29T21:45:00Z,NL,80.19,15
2025-10-29T21:45:00Z,NO1,62.63,15
2025-10-29T21:45:00Z,NO2,72.45,15
2025-10-29T21:45:00Z,NO3,45.70,15
2025-10-29T21:45:00Z,NO4,9.84,15
2025-10-29T21:45:00Z,NO5,60.19,15
2025-10-29T21:45:00Z,PL,103.36,15
2025-10-29T21:45:00Z,PT,117.14,15
2025-10-29T21:45:00Z,RO,101.79,15
2025-10-29T21:45:00Z,SE1,49.14,15
2025-10-29T21:45:00Z,SE2,45.46,15
2025-10-29T21:45:00Z,SE3,55.00,15
2025-10-29T21:45:00Z,SE4,57.84,15
2025-10-29T21:45:00Z,SI,82.48,15
2025-10-29T21:45:00Z,SK,78.92,15
2025-10-29T22:00:00Z,AT,105.09,15
2025-10-29T22:00:00Z,BE,92.76,15
2025-10-29T22:00:00Z,CH,102.00,60
2025-10-29T22:00:00Z,CZ,94.36,15
2025-10-29T22:00:00Z,DE-LU,94.64,15
2025-10-29T22:00:00Z,DK1,94.64,15
2025-10-29T22:00:00Z,DK2,94.44,15
2025-10-29T22:00:00Z,EE,58.13,15
2025-10-29T22:00:00Z,ES,112.24,15
2025-10-29T22:00:00Z,FI,59.59,15
2025-10-29T22:00:00Z,FR,87.44,15
2025-10-29T22:00:00Z,GR,131.22,15
2025-10-29T22:00:00Z,HR,101.84,15
2025-10-29T22:00:00Z,HU,95.59,15
2025-10-29T22:00:00Z,IT-CNorth,108.43,15
2025-10-29T22:00:00Z,IT-CSouth,108.43,15
2025-10-29T22:00:00Z,IT-North,108.43,15
2025-10-29T22:00:00Z,IT-Sardinia,108.43,15
2025-10-29T22:00:00Z,IT-Sicily,108.43,15
2025-10-29T22:00:00Z,IT-South,108.43,15
2025-10-29T22:00:00Z,LT,58.13,15
2025-10-29T22:00:00Z,LV,58.13,15
2025-10-29T22:00:00Z,NL,93.62,15
2025-10-29T22:00:00Z,NO1,57.76,15
2025-10-29T22:00:00Z,NO2,75.00,15
2025-10-29T22:00:00Z,NO3,46.18,15
2025-10-29T22:00:00Z,NO4,9.86,15
2025-10-29T22:00:00Z,NO5,56.38,15
2025-10-29T22:00:00Z,PL,108.56,15
2025-10-29T22:00:00Z,PT,119.68,15
2025-10-29T22:00:00Z,RO,131.22,15
2025-10-29T22:00:00Z,RS,104.65,15
2025-10-29T22:00:00Z,SE1,55.21,15
2025-10-29T22:00:00Z,SE2,52.61,15
2025-10-29T22:00:00Z,SE3,57.67,15
2025-10-29T22:00:00Z,SE4,59.67,15
2025-10-29T22:00:00Z,SI,98.52,15
2025-10-29T22:00:00Z,SK,92.35,15
2025-10-29T22:15:00Z,AT,102.87,15
2025-10-29T22:15:00Z,BE,82.61,15
2025-10-29T22:15:00Z,CZ,87.84,15
2025-10-29T22:15:00Z,DE-LU,87.36,15
2025-10-29T22:15:00Z,DK1,87.36,15
2025-10-29T22:15:00Z,DK2,87.19,15
2025-10-29T22:15:00Z,EE,56.83,15
2025-10-29T22:15:00Z,ES,102.67,15
2025-10-29T22:15:00Z,FI,56.76,15
2025-10-29T22:15:00Z,FR,69.80,15
2025-10-29T22:15:00Z,GR,105.23,15
2025-10-29T22:15:00Z,HR,92.03,15
2025-10-29T22:15:00Z,HU,88.83,15
2025-10-29T22:15:00Z,LT,56.83,15
2025-10-29T22:15:00Z,LV,56.83,15
2025-10-29T22:15:00Z,NL,84.87,15
2025-10-29T22:15:00Z,NO1,59.13,15
2025-10-29T22:15:00Z,NO2,72.56,15
2025-10-29T22:15:00Z,NO3,45.71,15
2025-10-29T22:15:00Z,NO4,9.74,15
2025-10-29T22:15:00Z,NO5,57.40,15
2025-10-29T22:15:00Z,PL,108.55,15
2025-10-29T22:15:00Z,PT,117.14,15
2025-10-29T22:15:00Z,RO,105.23,15
2025-10-29T22:15:00Z,SE1,52.59,15
2025-10-29T22:15:00Z,SE2,49.60,15
2025-10-29T22:15:00Z,SE3,56.27,15
2025-10-29T22:15:00Z,SE4,58.54,15
2025-10-29T22:15:00Z,SI,90.65,15
2025-10-29T22:15:00Z,SK,87.17,15
2025-10-29T22:30:00Z,AT,92.90,15
2025-10-29T22:30:00Z,BE,84.00,15
2025-10-29T22:30:00Z,CZ,85.09,15
2025-10-29T22:30:00Z,DE-LU,85.13,15
2025-10-29T22:30:00Z,DK1,85.13,15
2025-10-29T22:30:00Z,DK2,84.96,15
2025-10-29T22:30:00Z,EE,55.66,15
2025-10-29T22:30:00Z,ES,94.00,15
2025-10-29T22:30:00Z,FI,54.37,15
2025-10-29T22:30:00Z,FR,80.86,15
2025-10-29T22:30:00Z,GR,99.07,15
2025-10-29T22:30:00Z,HR,88.00,15
2025-10-29T22:30:00Z,HU,85.60,15
2025-10-29T22:30:00Z,IT-CNorth,105.00,15
2025-10-29T22:30:00Z,IT-CSouth,105.00,15
2025-10-29T22:30:00Z,IT-North,105.00,15
2025-10-29T22:30:00Z,IT-Sardinia,105.00,15
2025-10-29T22:30:00Z,IT-Sicily,105.00,15
2025-10-29T22:30:00Z,IT-South,105.00,15
2025-10-29T22:30:00Z,LT,55.66,15
2025-10-29T22:30:00Z,LV,55.66,15
2025-10-29T22:30:00Z,NL,84.53,15
2025-10-29T22:30:00Z,NO1,59.90,15
2025-10-29T22:30:00Z,NO2,72.29,15
2025-10-29T22:30:00Z,NO3,45.15,15
2025-10-29T22:30:00Z,NO4,9.72,15
2025-10-29T22:30:00Z,NO5,57.89,15
2025-10-29T22:30:00Z,PL,99.13,15
2025-10-29T22:30:00Z,RO,99.07,15
2025-10-29T22:30:00Z,SE1,50.39,15
2025-10-29T22:30:00Z,SE2,47.11,15
2025-10-29T22:30:00Z,SE3,55.00,15
2025-10-29T22:30:00Z,SE4,57.56,15
2025-10-29T22:30:00Z,SI,86.76,15
2025-10-29T22:30:00Z,SK,84.35,15
2025-10-29T22:45:00Z,AT,76.86,15
2025-10-29T22:45:00Z,BE,77.25,15
2025-10-29T22:45:00Z,CZ,81.86,15
2025-10-29T22:45:00Z,DE-LU,81.44,15
2025-10-29T22:45:00Z,DK1,81.44,15
2025-10-29T22:45:00Z,DK2,81.29,15
2025-10-29T22:45:00Z,EE,55.10,15
2025-10-29T22:45:00Z,ES,92.60,15
2025-10-29T22:45:00Z,FI,53.81,15
2025-10-29T22:45:00Z,FR,65.94,15
2025-10-29T22:45:00Z,GR,97.15,15
2025-10-29T22:45:00Z,HR,85.55,15
2025-10-29T22:45:00Z,HU,82.73,15
2025-10-29T22:45:00Z,IT-CNorth,98.54,15
2025-10-29T22:45:00Z,IT-CSouth,98.54,15
2025-10-29T22:45:00Z,IT-North,98.54,15
2025-10-29T22:45:00Z,IT-Sardinia,98.54,15
2025-10-29T22:45:00Z,IT-Sicily,98.54,15
2025-10-29T22:45:00Z,IT-South,98.54,15
2025-10-29T22:45:00Z,LT,55.10,15
2025-10-29T22:45:00Z,LV,55.10,15
2025-10-29T22:45:00Z,NL,79.24,15
2025-10-29T22:45:00Z,NO1,60.24,15
2025-10-29T22:45:00Z,NO2,72.08,15
2025-10-29T22:45:00Z,NO3,45.03,15
2025-10-29T22:45:00Z,NO5,57.99,15
2025-10-29T22:45:00Z,PL,85.94,15
2025-10-29T22:45:00Z,PT,115.56,15
2025-10-29T22:45:00Z,RO,97.15,15
2025-10-29T22:45:00Z,SE1,49.87,15
2025-10-29T22:45:00Z,SE2,46.60,15
2025-10-29T22:45:00Z,SE3,54.45,15
2025-10-29T22:45:00Z,SE4,56.94,15
2025-10-29T22:45:00Z,SI,84.34,15
2025-10-29T22:45:00Z,SK,81.27,15
2025-10-29T23:00:00Z,AT,90.10,15
2025-10-29T23:00:00Z,BE,75.94,15
2025-10-29T23:00:00Z,CH,94.49,60
2025-10-29T23:00:00Z,CZ,92.48,15
2025-10-29T23:00:00Z,DE-LU,90.00,15
2025-10-29T23:00:00Z,DK1,90.00,15
2025-10-29T23:00:00Z,DK2,89.91,15
2025-10-29T23:00:00Z,EE,70.69,15
2025-10-29T23:00:00Z,ES,106.19,15
2025-10-29T23:00:00Z,FI,70.61,15
2025-10-29T23:00:00Z,FR,34.38,15
2025-10-29T23:00:00Z,GR,94.00,15
2025-10-29T23:00:00Z,HR,94.90,15
2025-10-29T23:00:00Z,HU,93.84,15
2025-10-29T23:00:00Z,IT-CNorth,103.77,15
2025-10-29T23:00:00Z,IT-CSouth,103.77,15
2025-10-29T23:00:00Z,IT-North,103.77,15
2025-10-29T23:00:00Z,IT-Sardinia,103.77,15
2025-10-29T23:00:00Z,IT-Sicily,103.77,15
2025-10-29T23:00:00Z,IT-South,103.77,15
2025-10-29T23:00:00Z,LT,91.96,15
2025-10-29T23:00:00Z,LV,91.96,15
2025-10-29T23:00:00Z,NL,82.46,15
2025-10-29T23:00:00Z,NO1,55.93,15
2025-10-29T23:00:00Z,NO2,68.71,15
2025-10-29T23:00:00Z,NO3,48.20,15
2025-10-29T23:00:00Z,NO4,6.79,15
2025-10-29T23:00:00Z,NO5,54.97,15
2025-10-29T23:00:00Z,PL,105.59,15
2025-10-29T23:00:00Z,PT,121.19,15
2025-10-29T23:00:00Z,RO,94.00,15
2025-10-29T23:00:00Z,RS,90.78,15
2025-10-29T23:00:00Z,SE1,63.27,15
2025-10-29T23:00:00Z,SE2,63.82,15
2025-10-29T23:00:00Z,SE3,62.76,15
2025-10-29T23:00:00Z,SE4,62.99,15
2025-10-29T23:00:00Z,SI,95.57,15
2025-10-29T23:00:00Z,SK,93.21,15
2025-10-29T23:15:00Z,AT,84.89,15
2025-10-29T23:15:00Z,BE,67.18,15
2025-10-29T23:15:00Z,CZ,76.50,15
2025-10-29T23:15:00Z,DE-LU,77.00,15
2025-10-29T23:15:00Z,DK1,77.00,15
2025-10-29T23:15:00Z,DK2,76.96,15
2025-10-29T23:15:00Z,EE,72.56,15
2025-10-29T23:15:00Z,ES,130.17,15
2025-10-29T23:15:00Z,FI,72.47,15
2025-10-29T23:15:00Z,FR,37.48,15
2025-10-29T23:15:00Z,GR,94.90,15
2025-10-29T23:15:00Z,HR,87.99,15
2025-10-29T23:15:00Z,HU,87.00,15
2025-10-29T23:15:00Z,IT-CNorth,100.30,15
2025-10-29T23:15:00Z,IT-CSouth,100.30,15
2025-10-29T23:15:00Z,IT-North,100.30,15
2025-10-29T23:15:00Z,IT-Sardinia,100.30,15
2025-10-29T23:15:00Z,IT-Sicily,100.30,15
2025-10-29T23:15:00Z,IT-South,100.30,15
2025-10-29T23:15:00Z,LT,76.12,15
2025-10-29T23:15:00Z,LV,76.12,15
2025-10-29T23:15:00Z,NL,71.65,15
2025-10-29T23:15:00Z,NO1,58.19,15
2025-10-29T23:15:00Z,NO2,66.63,15
2025-10-29T23:15:00Z,NO3,49.73,15
2025-10-29T23:15:00Z,NO4,6.82,15
2025-10-29T23:15:00Z,NO5,57.04,15
2025-10-29T23:15:00Z,PL,94.55,15
2025-10-29T23:15:00Z,PT,121.16,15
2025-10-29T23:15:00Z,RO,94.90,15
2025-10-29T23:15:00Z,SE1,64.92,15
2025-10-29T23:15:00Z,SE2,65.46,15
2025-10-29T23:15:00Z,SE3,64.33,15
2025-10-29T23:15:00Z,SE4,64.19,15
2025-10-29T23:15:00Z,SI,86.80,15
2025-10-29T23:15:00Z,SK,88.03,15
2025-10-29T23:30:00Z,AT,89.91,15
2025-10-29T23:30:00Z,BE,58.78,15
2025-10-29T23:30:00Z,CZ,77.70,15
2025-10-29T23:30:00Z,DE-LU,72.12,15
2025-10-29T23:30:00Z,DK1,72.12,15
2025-10-29T23:30:00Z,DK2,72.08,15
2025-10-29T23:30:00Z,EE,70.28,15
2025-10-29T23:30:00Z,ES,119.68,15
2025-10-29T23:30:00Z,FI,70.19,15
2025-10-29T23:30:00Z,FR,19.68,15
2025-10-29T23:30:00Z,GR,98.46,15
2025-10-29T23:30:00Z,HR,90.55,15
2025-10-29T23:30:00Z,HU,86.99,15
2025-10-29T23:30:00Z,IT-CNorth,97.83,15
2025-10-29T23:30:00Z,IT-CSouth,97.83,15
2025-10-29T23:30:00Z,IT-North,97.83,15
2025-10-29T23:30:00Z,IT-Sardinia,97.83,15
2025-10-29T23:30:00Z,IT-Sicily,97.83,15
2025-10-29T23:30:00Z,IT-South,97.83,15
2025-10-29T23:30:00Z,LT,78.31,15
2025-10-29T23:30:00Z,LV,78.31,15
2025-10-29T23:30:00Z,NL,64.73,15
2025-10-29T23:30:00Z,NO1,57.45,15
2025-10-29T23:30:00Z,NO2,66.29,15
2025-10-29T23:30:00Z,NO3,48.55,15
2025-10-29T23:30:00Z,NO4,6.86,15
2025-10-29T23:30:00Z,NO5,55.97,15
2025-10-29T23:30:00Z,PL,78.31,15
2025-10-29T23:30:00Z,PT,120.68,15
2025-10-29T23:30:00Z,RO,98.46,15
2025-10-29T23:30:00Z,SE1,62.90,15
2025-10-29T23:30:00Z,SE2,63.40,15
2025-10-29T23:30:00Z,SE3,62.27,15
2025-10-29T23:30:00Z,SE4,62.07,15
2025-10-29T23:30:00Z,SI,90.61,15
2025-10-29T23:30:00Z,SK,83.83,15
2025-10-29T23:45:00Z,AT,79.90,15
2025-10-29T23:45:00Z,BE,49.86,15
2025-10-29T23:45:00Z,CZ,64.76,15
2025-10-29T23:45:00Z,DE-LU,61.86,15
2025-10-29T23:45:00Z,DK1,61.86,15
2025-10-29T23:45:00Z,DK2,61.85,15
2025-10-29T23:45:00Z,EE,63.04,15
2025-10-29T23:45:00Z,ES,112.70,15
2025-10-29T23:45:00Z,FI,62.96,15
2025-10-29T23:45:00Z,FR,11.02,15
2025-10-29T23:45:00Z,GR,103.95,15
2025-10-29T23:45:00Z,HR,76.31,15
2025-10-29T23:45:00Z,HU,68.86,15
2025-10-29T23:45:00Z,IT-CNorth,96.62,15
2025-10-29T23:45:00Z,IT-CSouth,96.62,15
2025-10-29T23:45:00Z,IT-North,96.62,15
2025-10-29T23:45:00Z,IT-Sardinia,96.62,15
2025-10-29T23:45:00Z,IT-Sicily,96.62,15
2025-10-29T23:45:00Z,IT-South,96.62,15
2025-10-29T23:45:00Z,LT,63.04,15
2025-10-29T23:45:00Z,LV,63.04,15
2025-10-29T23:45:00Z,NL,57.87,15
2025-10-29T23:45:00Z,NO1,55.94,15
2025-10-29T23:45:00Z,NO2,64.79,15
2025-10-29T23:45:00Z,NO3,45.38,15
2025-10-29T23:45:00Z,NO4,6.89,15
2025-10-29T23:45:00Z,NO5,53.97,15
2025-10-29T23:45:00Z,PL,63.04,15
2025-10-29T23:45:00Z,PT,120.20,15
2025-10-29T23:45:00Z,RO,103.95,15
2025-10-29T23:45:00Z,SE1,56.46,15
2025-10-29T23:45:00Z,SE2,56.44,15
2025-10-29T23:45:00Z,SE3,57.21,15
2025-10-29T23:45:00Z,SE4,57.38,15
2025-10-29T23:45:00Z,SI,73.51,15
2025-10-29T23:45:00Z,SK,64.68,15
