timestamp_utc,zone,price_eur_mwh,resolution_min
2025-12-29T00:00:00Z,AT,102.16,15
2025-12-29T00:00:00Z,BE,94.21,15
2025-12-29T00:00:00Z,CH,98.10,60
2025-12-29T00:00:00Z,CZ,94.09,15
2025-12-29T00:00:00Z,DE-LU,89.99,15
2025-12-29T00:00:00Z,DK1,64.23,15
2025-12-29T00:00:00Z,DK2,13.88,15
2025-12-29T00:00:00Z,EE,13.81,15
2025-12-29T00:00:00Z,ES,87.59,15
2025-12-29T00:00:00Z,FI,1.80,15
2025-12-29T00:00:00Z,FR,93.07,15
2025-12-29T00:00:00Z,GR,92.44,15
2025-12-29T00:00:00Z,HR,92.97,15
2025-12-29T00:00:00Z,HU,93.04,15
2025-12-29T00:00:00Z,LT,13.81,15
2025-12-29T00:00:00Z,LV,13.81,15
2025-12-29T00:00:00Z,NL,101.55,15
2025-12-29T00:00:00Z,NO1,66.43,15
2025-12-29T00:00:00Z,NO2,66.13,15
2025-12-29T00:00:00Z,NO3,40.99,15
2025-12-29T00:00:00Z,NO4,2.55,15
2025-12-29T00:00:00Z,NO5,65.52,15
2025-12-29T00:00:00Z,PL,82.59,15
2025-12-29T00:00:00Z,PT,95.37,15
2025-12-29T00:00:00Z,RO,92.44,15
2025-12-29T00:00:00Z,RS,90.05,15
2025-12-29T00:00:00Z,SE1,1.75,15
2025-12-29T00:00:00Z,SE2,1.76,15
2025-12-29T00:00:00Z,SE3,8.69,15
2025-12-29T00:00:00Z,SE4,13.86,15
2025-12-29T00:00:00Z,SI,93.07,15
2025-12-29T00:00:00Z,SK,93.43,15
2025-12-29T00:15:00Z,AT,89.98,15
2025-12-29T00:15:00Z,BE,85.80,15
2025-12-29T00:15:00Z,CZ,85.62,15
2025-12-29T00:15:00Z,DE-LU,79.35,15
2025-12-29T00:15:00Z,DK1,64.10,15
2025-12-29T00:15:00Z,DK2,10.91,15
2025-12-29T00:15:00Z,EE,10.86,15
2025-12-29T00:15:00Z,ES,84.30,15
2025-12-29T00:15:00Z,FI,1.76,15
2025-12-29T00:15:00Z,FR,84.06,15
2025-12-29T00:15:00Z,GR,83.10,15
2025-12-29T00:15:00Z,HR,83.91,15
2025-12-29T00:15:00Z,HU,84.01,15
2025-12-29T00:15:00Z,IT-CNorth,95.51,15
2025-12-29T00:15:00Z,IT-CSouth,95.51,15
2025-12-29T00:15:00Z,IT-North,95.51,15
2025-12-29T00:15:00Z,IT-Sardinia,95.51,15
2025-12-29T00:15:00Z,IT-Sicily,95.51,15
2025-12-29T00:15:00Z,IT-South,95.51,15
2025-12-29T00:15:00Z,LT,10.86,15
2025-12-29T00:15:00Z,LV,10.86,15
2025-12-29T00:15:00Z,NL,97.02,15
2025-12-29T00:15:00Z,NO1,66.26,15
2025-12-29T00:15:00Z,NO2,65.99,15
2025-12-29T00:15:00Z,NO3,40.72,15
2025-12-29T00:15:00Z,NO5,65.31,15
2025-12-29T00:15:00Z,PL,68.04,15
2025-12-29T00:15:00Z,PT,91.23,15
2025-12-29T00:15:00Z,RO,83.10,15
2025-12-29T00:15:00Z,SE2,1.72,15
2025-12-29T00:15:00Z,SE3,6.95,15
2025-12-29T00:15:00Z,SE4,10.90,15
2025-12-29T00:15:00Z,SI,84.06,15
2025-12-29T00:15:00Z,SK,84.61,15
2025-12-29T00:30:00Z,AT,89.97,15
2025-12-29T00:30:00Z,BE,87.32,15
2025-12-29T00:30:00Z,CZ,87.25,15
2025-12-29T00:30:00Z,DE-LU,84.60,15
2025-12-29T00:30:00Z,DK1,63.99,15
2025-12-29T00:30:00Z,DK2,9.80,15
2025-12-29T00:30:00Z,EE,9.74,15
2025-12-29T00:30:00Z,ES,84.85,15
2025-12-29T00:30:00Z,FI,1.55,15
2025-12-29T00:30:00Z,FR,86.59,15
2025-12-29T00:30:00Z,GR,86.18,15
2025-12-29T00:30:00Z,HR,86.53,15
2025-12-29T00:30:00Z,HU,86.57,15
2025-12-29T00:30:00Z,LT,9.74,15
2025-12-29T00:30:00Z,LV,9.74,15
2025-12-29T00:30:00Z,NL,92.05,15
2025-12-29T00:30:00Z,NO1,66.15,15
2025-12-29T00:30:00Z,NO2,65.88,15
2025-12-29T00:30:00Z,NO3,40.63,15
2025-12-29T00:30:00Z,NO5,65.21,15
2025-12-29T00:30:00Z,PL,79.84,15
2025-12-29T00:30:00Z,RO,86.18,15
2025-12-29T00:30:00Z,SE1,1.52,15
2025-12-29T00:30:00Z,SE2,1.51,15
2025-12-29T00:30:00Z,SE3,6.22,15
2025-12-29T00:30:00Z,SE4,9.78,15
2025-12-29T00:30:00Z,SI,86.59,15
2025-12-29T00:30:00Z,SK,86.82,15
2025-12-29T00:45:00Z,AT,89.92,15
2025-12-29T00:45:00Z,BE,85.99,15
2025-12-29T00:45:00Z,CZ,85.99,15
2025-12-29T00:45:00Z,DE-LU,85.99,15
2025-12-29T00:45:00Z,DK1,63.95,15
2025-12-29T00:45:00Z,DK2,6.32,15
2025-12-29T00:45:00Z,EE,6.32,15
2025-12-29T00:45:00Z,ES,84.74,15
2025-12-29T00:45:00Z,FI,1.50,15
2025-12-29T00:45:00Z,FR,85.99,15
2025-12-29T00:45:00Z,GR,85.99,15
2025-12-29T00:45:00Z,HR,85.99,15
2025-12-29T00:45:00Z,HU,85.99,15
2025-12-29T00:45:00Z,LT,6.32,15
2025-12-29T00:45:00Z,LV,6.32,15
2025-12-29T00:45:00Z,NL,85.99,15
2025-12-29T00:45:00Z,NO1,65.99,15
2025-12-29T00:45:00Z,NO2,65.81,15
2025-12-29T00:45:00Z,NO3,40.32,15
2025-12-29T00:45:00Z,NO4,4.24,15
2025-12-29T00:45:00Z,NO5,64.95,15
2025-12-29T00:45:00Z,PL,85.99,15
2025-12-29T00:45:00Z,PT,87.50,15
2025-12-29T00:45:00Z,RO,85.99,15
2025-12-29T00:45:00Z,SE1,1.44,15
2025-12-29T00:45:00Z,SE2,1.53,15
2025-12-29T00:45:00Z,SE3,4.19,15
2025-12-29T00:45:00Z,SE4,6.32,15
2025-12-29T00:45:00Z,SI,85.99,15
2025-12-29T00:45:00Z,SK,85.99,15
2025-12-29T01:00:00Z,AT,87.49,15
2025-12-29T01:00:00Z,BE,89.89,15
2025-12-29T01:00:00Z,CZ,89.89,15
2025-12-29T01:00:00Z,DE-LU,89.89,15
2025-12-29T01:00:00Z,DK1,63.49,15
2025-12-29T01:00:00Z,DK2,12.15,15
2025-12-29T01:00:00Z,EE,10.90,15
2025-12-29T01:00:00Z,ES,84.38,15
2025-12-29T01:00:00Z,FR,89.89,15
2025-12-29T01:00:00Z,GR,89.89,15
2025-12-29T01:00:00Z,HR,89.89,15
2025-12-29T01:00:00Z,HU,89.89,15
2025-12-29T01:00:00Z,IT-CNorth,96.95,15
2025-12-29T01:00:00Z,IT-CSouth,96.95,15
2025-12-29T01:00:00Z,IT-North,96.95,15
2025-12-29T01:00:00Z,IT-Sardinia,96.95,15
2025-12-29T01:00:00Z,IT-Sicily,96.95,15
2025-12-29T01:00:00Z,IT-South,96.95,15
2025-12-29T01:00:00Z,LT,10.90,15
2025-12-29T01:00:00Z,LV,10.90,15
2025-12-29T01:00:00Z,NL,89.89,15
2025-12-29T01:00:00Z,NO1,65.68,15
2025-12-29T01:00:00Z,NO2,65.37,15
2025-12-29T01:00:00Z,NO3,40.17,15
2025-12-29T01:00:00Z,NO4,2.50,15
2025-12-29T01:00:00Z,NO5,64.79,15
2025-12-29T01:00:00Z,PL,89.89,15
2025-12-29T01:00:00Z,PT,91.23,15
2025-12-29T01:00:00Z,RO,89.89,15
2025-12-29T01:00:00Z,RS,85.05,15
2025-12-29T01:00:00Z,SE1,1.48,15
2025-12-29T01:00:00Z,SE2,1.56,15
2025-12-29T01:00:00Z,SE3,6.95,15
2025-12-29T01:00:00Z,SE4,10.96,15
2025-12-29T01:00:00Z,SI,89.89,15
2025-12-29T01:00:00Z,SK,89.89,15
2025-12-29T01:15:00Z,AT,84.97,15
2025-12-29T01:15:00Z,BE,85.28,15
2025-12-29T01:15:00Z,CZ,85.28,15
2025-12-29T01:15:00Z,DE-LU,85.28,15
2025-12-29T01:15:00Z,DK1,63.34,15
2025-12-29T01:15:00Z,DK2,10.05,15
2025-12-29T01:15:00Z,EE,9.91,15
2025-12-29T01:15:00Z,ES,81.03,15
2025-12-29T01:15:00Z,FI,1.40,15
2025-12-29T01:15:00Z,FR,85.28,15
2025-12-29T01:15:00Z,GR,85.28,15
2025-12-29T01:15:00Z,HR,85.28,15
2025-12-29T01:15:00Z,HU,85.28,15
2025-12-29T01:15:00Z,IT-CNorth,96.49,15
2025-12-29T01:15:00Z,IT-CSouth,96.49,15
2025-12-29T01:15:00Z,IT-North,96.49,15
2025-12-29T01:15:00Z,IT-Sardinia,96.49,15
2025-12-29T01:15:00Z,IT-Sicily,96.49,15
2025-12-29T01:15:00Z,IT-South,96.49,15
2025-12-29T01:15:00Z,LT,9.91,15
2025-12-29T01:15:00Z,LV,9.91,15
2025-12-29T01:15:00Z,NL,85.28,15
2025-12-29T01:15:00Z,NO1,65.60,15
2025-12-29T01:15:00Z,NO2,65.22,15
2025-12-29T01:15:00Z,NO3,40.32,15
2025-12-29T01:15:00Z,NO4,1.74,15
2025-12-29T01:15:00Z,PL,85.28,15
2025-12-29T01:15:00Z,RO,85.28,15
2025-12-29T01:15:00Z,SE1,1.39,15
2025-12-29T01:15:00Z,SE2,1.48,15
2025-12-29T01:15:00Z,SE3,6.40,15
2025-12-29T01:15:00Z,SE4,10.01,15
2025-12-29T01:15:00Z,SI,85.28,15
2025-12-29T01:15:00Z,SK,85.28,15
2025-12-29T01:30:00Z,AT,85.00,15
2025-12-29T01:30:00Z,BE,81.48,15
2025-12-29T01:30:00Z,CZ,81.48,15
2025-12-29T01:30:00Z,DE-LU,81.48,15
2025-12-29T01:30:00Z,DK1,63.37,15
2025-12-29T01:30:00Z,DK2,9.13,15
2025-12-29T01:30:00Z,EE,9.00,15
2025-12-29T01:30:00Z,ES,73.11,15
2025-12-29T01:30:00Z,FI,0.85,15
2025-12-29T01:30:00Z,FR,81.48,15
2025-12-29T01:30:00Z,GR,81.48,15
2025-12-29T01:30:00Z,HR,81.48,15
2025-12-29T01:30:00Z,HU,81.48,15
2025-12-29T01:30:00Z,IT-CNorth,96.95,15
2025-12-29T01:30:00Z,IT-CSouth,96.95,15
2025-12-29T01:30:00Z,IT-North,96.95,15
2025-12-29T01:30:00Z,IT-Sardinia,96.95,15
2025-12-29T01:30:00Z,IT-Sicily,96.95,15
2025-12-29T01:30:00Z,IT-South,96.95,15
2025-12-29T01:30:00Z,LT,9.00,15
2025-12-29T01:30:00Z,LV,9.00,15
2025-12-29T01:30:00Z,NL,81.48,15
2025-12-29T01:30:00Z,NO1,65.61,15
2025-12-29T01:30:00Z,NO2,65.25,15
2025-12-29T01:30:00Z,NO3,40.22,15
2025-12-29T01:30:00Z,NO4,2.52,15
2025-12-29T01:30:00Z,NO5,64.77,15
2025-12-29T01:30:00Z,PL,81.48,15
2025-12-29T01:30:00Z,PT,89.83,15
2025-12-29T01:30:00Z,RO,81.48,15
2025-12-29T01:30:00Z,SE1,0.81,15
2025-12-29T01:30:00Z,SE2,1.05,15
2025-12-29T01:30:00Z,SE3,5.68,15
2025-12-29T01:30:00Z,SE4,9.09,15
2025-12-29T01:30:00Z,SI,81.48,15
2025-12-29T01:30:00Z,SK,81.48,15
2025-12-29T01:45:00Z,AT,87.45,15
2025-12-29T01:45:00Z,BE,82.81,15
2025-12-29T01:45:00Z,CZ,84.57,15
2025-12-29T01:45:00Z,DE-LU,80.08,15
2025-12-29T01:45:00Z,DK2,6.04,15
2025-12-29T01:45:00Z,EE,5.92,15
2025-12-29T01:45:00Z,ES,76.83,15
2025-12-29T01:45:00Z,FI,0.50,15
2025-12-29T01:45:00Z,FR,82.14,15
2025-12-29T01:45:00Z,GR,82.33,15
2025-12-29T01:45:00Z,HR,82.79,15
2025-12-29T01:45:00Z,HU,82.90,15
2025-12-29T01:45:00Z,IT-CNorth,96.49,15
2025-12-29T01:45:00Z,IT-CSouth,96.49,15
2025-12-29T01:45:00Z,IT-North,96.49,15
2025-12-29T01:45:00Z,IT-Sardinia,96.49,15
2025-12-29T01:45:00Z,IT-Sicily,96.49,15
2025-12-29T01:45:00Z,IT-South,96.49,15
2025-12-29T01:45:00Z,LT,5.92,15
2025-12-29T01:45:00Z,LV,5.92,15
2025-12-29T01:45:00Z,NL,88.22,15
2025-12-29T01:45:00Z,NO1,65.59,15
2025-12-29T01:45:00Z,NO3,40.05,15
2025-12-29T01:45:00Z,NO4,2.49,15
2025-12-29T01:45:00Z,NO5,64.73,15
2025-12-29T01:45:00Z,PL,73.22,15
2025-12-29T01:45:00Z,PT,86.73,15
2025-12-29T01:45:00Z,RO,82.33,15
2025-12-29T01:45:00Z,SE1,0.45,15
2025-12-29T01:45:00Z,SE2,0.71,15
2025-12-29T01:45:00Z,SE3,3.74,15
2025-12-29T01:45:00Z,SE4,6.00,15
2025-12-29T01:45:00Z,SI,82.86,15
2025-12-29T01:45:00Z,SK,83.34,15
2025-12-29T02:00:00Z,AT,94.35,15
2025-12-29T02:00:00Z,BE,84.38,15
2025-12-29T02:00:00Z,CH,97.74,60
2025-12-29T02:00:00Z,CZ,84.38,15
2025-12-29T02:00:00Z,DE-LU,84.38,15
2025-12-29T02:00:00Z,DK1,63.04,15
2025-12-29T02:00:00Z,DK2,6.70,15
2025-12-29T02:00:00Z,EE,3.81,15
2025-12-29T02:00:00Z,ES,81.87,15
2025-12-29T02:00:00Z,FI,1.34,15
2025-12-29T02:00:00Z,FR,84.38,15
2025-12-29T02:00:00Z,GR,84.38,15
2025-12-29T02:00:00Z,HR,84.38,15
2025-12-29T02:00:00Z,HU,84.38,15
2025-12-29T02:00:00Z,IT-CNorth,97.00,15
2025-12-29T02:00:00Z,IT-CSouth,97.00,15
2025-12-29T02:00:00Z,IT-North,97.00,15
2025-12-29T02:00:00Z,IT-Sardinia,97.00,15
2025-12-29T02:00:00Z,IT-Sicily,97.00,15
2025-12-29T02:00:00Z,IT-South,97.00,15
2025-12-29T02:00:00Z,LT,3.81,15
2025-12-29T02:00:00Z,LV,3.81,15
2025-12-29T02:00:00Z,NL,84.38,15
2025-12-29T02:00:00Z,NO1,65.24,15
2025-12-29T02:00:00Z,NO2,64.91,15
2025-12-29T02:00:00Z,NO3,39.88,15
2025-12-29T02:00:00Z,NO4,2.46,15
2025-12-29T02:00:00Z,NO5,64.39,15
2025-12-29T02:00:00Z,PL,84.38,15
2025-12-29T02:00:00Z,PT,89.61,15
2025-12-29T02:00:00Z,RO,84.38,15
2025-12-29T02:00:00Z,RS,80.20,15
2025-12-29T02:00:00Z,SE1,1.31,15
2025-12-29T02:00:00Z,SE2,1.44,15
2025-12-29T02:00:00Z,SE3,2.83,15
2025-12-29T02:00:00Z,SE4,3.89,15
2025-12-29T02:00:00Z,SI,84.38,15
2025-12-29T02:00:00Z,SK,84.38,15
2025-12-29T02:15:00Z,AT,84.97,15
2025-12-29T02:15:00Z,BE,82.00,15
2025-12-29T02:15:00Z,CZ,82.00,15
2025-12-29T02:15:00Z,DE-LU,82.00,15
2025-12-29T02:15:00Z,DK1,63.07,15
2025-12-29T02:15:00Z,DK2,15.22,15
2025-12-29T02:15:00Z,ES,79.90,15
2025-12-29T02:15:00Z,FI,1.30,15
2025-12-29T02:15:00Z,FR,82.00,15
2025-12-29T02:15:00Z,GR,82.00,15
2025-12-29T02:15:00Z,HR,82.00,15
2025-12-29T02:15:00Z,HU,82.00,15
2025-12-29T02:15:00Z,IT-CNorth,96.91,15
2025-12-29T02:15:00Z,IT-CSouth,96.91,15
2025-12-29T02:15:00Z,IT-North,96.91,15
2025-12-29T02:15:00Z,IT-Sardinia,96.91,15
2025-12-29T02:15:00Z,IT-Sicily,96.91,15
2025-12-29T02:15:00Z,IT-South,96.91,15
2025-12-29T02:15:00Z,NL,82.00,15
2025-12-29T02:15:00Z,NO1,65.29,15
2025-12-29T02:15:00Z,NO2,64.94,15
2025-12-29T02:15:00Z,NO3,39.83,15
2025-12-29T02:15:00Z,NO4,1.70,15
2025-12-29T02:15:00Z,NO5,64.44,15
2025-12-29T02:15:00Z,PL,82.00,15
2025-12-29T02:15:00Z,PT,87.50,15
2025-12-29T02:15:00Z,RO,82.00,15
2025-12-29T02:15:00Z,SE1,1.28,15
2025-12-29T02:15:00Z,SE2,1.33,15
2025-12-29T02:15:00Z,SE3,2.79,15
2025-12-29T02:15:00Z,SI,82.00,15
2025-12-29T02:15:00Z,SK,82.00,15
2025-12-29T02:30:00Z,AT,88.02,15
2025-12-29T02:30:00Z,BE,81.05,15
2025-12-29T02:30:00Z,CZ,81.05,15
2025-12-29T02:30:00Z,DE-LU,81.05,15
2025-12-29T02:30:00Z,DK1,63.11,15
2025-12-29T02:30:00Z,DK2,5.90,15
2025-12-29T02:30:00Z,ES,83.99,15
2025-12-29T02:30:00Z,FI,0.99,15
2025-12-29T02:30:00Z,FR,81.05,15
2025-12-29T02:30:00Z,GR,81.05,15
2025-12-29T02:30:00Z,HR,81.05,15
2025-12-29T02:30:00Z,HU,81.05,15
2025-12-29T02:30:00Z,IT-CNorth,96.00,15
2025-12-29T02:30:00Z,IT-CSouth,96.00,15
2025-12-29T02:30:00Z,IT-North,96.00,15
2025-12-29T02:30:00Z,IT-Sardinia,96.00,15
2025-12-29T02:30:00Z,IT-Sicily,96.00,15
2025-12-29T02:30:00Z,IT-South,96.00,15
2025-12-29T02:30:00Z,NL,81.05,15
2025-12-29T02:30:00Z,NO1,65.34,15
2025-12-29T02:30:00Z,NO2,64.99,15
2025-12-29T02:30:00Z,NO3,39.86,15
2025-12-29T02:30:00Z,NO5,64.51,15
2025-12-29T02:30:00Z,PL,81.05,15
2025-12-29T02:30:00Z,RO,81.05,15
2025-12-29T02:30:00Z,SE1,0.97,15
2025-12-29T02:30:00Z,SE2,1.08,15
2025-12-29T02:30:00Z,SE3,2.68,15
2025-12-29T02:30:00Z,SE4,3.87,15
2025-12-29T02:30:00Z,SI,81.05,15
2025-12-29T02:30:00Z,SK,81.05,15
2025-12-29T02:45:00Z,AT,84.99,15
2025-12-29T02:45:00Z,BE,81.33,15
2025-12-29T02:45:00Z,CZ,81.33,15
2025-12-29T02:45:00Z,DE-LU,81.33,15
2025-12-29T02:45:00Z,DK1,63.12,15
2025-12-29T02:45:00Z,FI,1.07,15
2025-12-29T02:45:00Z,FR,81.33,15
2025-12-29T02:45:00Z,GR,81.33,15
2025-12-29T02:45:00Z,HR,81.33,15
2025-12-29T02:45:00Z,HU,81.33,15
2025-12-29T02:45:00Z,IT-CNorth,96.49,15
2025-12-29T02:45:00Z,IT-CSouth,96.49,15
2025-12-29T02:45:00Z,IT-North,96.49,15
2025-12-29T02:45:00Z,IT-Sardinia,96.49,15
2025-12-29T02:45:00Z,IT-Sicily,96.49,15
2025-12-29T02:45:00Z,IT-South,96.49,15
2025-12-29T02:45:00Z,NL,81.33,15
2025-12-29T02:45:00Z,NO2,65.00,15
2025-12-29T02:45:00Z,NO3,39.70,15
2025-12-29T02:45:00Z,NO4,1.02,15
2025-12-29T02:45:00Z,NO5,64.49,15
2025-12-29T02:45:00Z,PL,81.33,15
2025-12-29T02:45:00Z,RO,81.33,15
2025-12-29T02:45:00Z,SE1,1.07,15
2025-12-29T02:45:00Z,SE2,1.05,15
2025-12-29T02:45:00Z,SE3,2.66,15
2025-12-29T02:45:00Z,SE4,3.86,15
2025-12-29T02:45:00Z,SI,81.33,15
2025-12-29T02:45:00Z,SK,81.33,15
2025-12-29T03:00:00Z,AT,87.43,15
2025-12-29T03:00:00Z,BE,81.04,15
2025-12-29T03:00:00Z,CH,96.85,60
2025-12-29T03:00:00Z,CZ,82.56,15
2025-12-29T03:00:00Z,DE-LU,80.95,15
2025-12-29T03:00:00Z,DK1,62.89,15
2025-12-29T03:00:00Z,DK2,10.30,15
2025-12-29T03:00:00Z,ES,79.50,15
2025-12-29T03:00:00Z,FI,1.03,15
2025-12-29T03:00:00Z,FR,81.10,15
2025-12-29T03:00:00Z,GR,81.67,15
2025-12-29T03:00:00Z,HR,81.80,15
2025-12-29T03:00:00Z,HU,81.87,15
2025-12-29T03:00:00Z,IT-CNorth,96.03,15
2025-12-29T03:00:00Z,IT-CSouth,96.03,15
2025-12-29T03:00:00Z,IT-North,96.03,15
2025-12-29T03:00:00Z,IT-Sardinia,96.03,15
2025-12-29T03:00:00Z,IT-Sicily,96.03,15
2025-12-29T03:00:00Z,IT-South,96.03,15
2025-12-29T03:00:00Z,NL,80.98,15
2025-12-29T03:00:00Z,NO1,65.45,15
2025-12-29T03:00:00Z,NO2,64.81,15
2025-12-29T03:00:00Z,NO3,41.02,15
2025-12-29T03:00:00Z,NO4,0.85,15
2025-12-29T03:00:00Z,NO5,64.96,15
2025-12-29T03:00:00Z,PL,78.29,15
2025-12-29T03:00:00Z,RO,81.67,15
2025-12-29T03:00:00Z,RS,85.00,15
2025-12-29T03:00:00Z,SE1,0.98,15
2025-12-29T03:00:00Z,SE2,1.43,15
2025-12-29T03:00:00Z,SE3,2.38,15
2025-12-29T03:00:00Z,SE4,2.86,15
2025-12-29T03:00:00Z,SI,81.82,15
2025-12-29T03:00:00Z,SK,82.09,15
2025-12-29T03:15:00Z,AT,84.95,15
2025-12-29T03:15:00Z,BE,80.75,15
2025-12-29T03:15:00Z,DE-LU,80.65,15
2025-12-29T03:15:00Z,DK1,63.04,15
2025-12-29T03:15:00Z,DK2,6.09,15
2025-12-29T03:15:00Z,ES,77.46,15
2025-12-29T03:15:00Z,FI,1.32,15
2025-12-29T03:15:00Z,FR,80.83,15
2025-12-29T03:15:00Z,GR,81.50,15
2025-12-29T03:15:00Z,HR,81.66,15
2025-12-29T03:15:00Z,HU,81.74,15
2025-12-29T03:15:00Z,NL,80.68,15
2025-12-29T03:15:00Z,NO1,65.53,15
2025-12-29T03:15:00Z,NO2,64.95,15
2025-12-29T03:15:00Z,NO3,40.81,15
2025-12-29T03:15:00Z,PL,77.49,15
2025-12-29T03:15:00Z,PT,90.00,15
2025-12-29T03:15:00Z,RO,81.50,15
2025-12-29T03:15:00Z,SE1,1.30,15
2025-12-29T03:15:00Z,SE2,1.60,15
2025-12-29T03:15:00Z,SE3,2.39,15
2025-12-29T03:15:00Z,SE4,2.82,15
2025-12-29T03:15:00Z,SI,81.68,15
2025-12-29T03:15:00Z,SK,82.00,15
2025-12-29T03:30:00Z,AT,84.96,15
2025-12-29T03:30:00Z,BE,84.79,15
2025-12-29T03:30:00Z,CZ,84.79,15
2025-12-29T03:30:00Z,DE-LU,84.79,15
2025-12-29T03:30:00Z,DK1,63.08,15
2025-12-29T03:30:00Z,DK2,6.70,15
2025-12-29T03:30:00Z,ES,80.25,15
2025-12-29T03:30:00Z,FI,1.77,15
2025-12-29T03:30:00Z,FR,84.79,15
2025-12-29T03:30:00Z,GR,84.79,15
2025-12-29T03:30:00Z,HR,84.79,15
2025-12-29T03:30:00Z,HU,84.79,15
2025-12-29T03:30:00Z,IT-CNorth,98.32,15
2025-12-29T03:30:00Z,IT-CSouth,98.32,15
2025-12-29T03:30:00Z,IT-North,98.32,15
2025-12-29T03:30:00Z,IT-Sardinia,98.32,15
2025-12-29T03:30:00Z,IT-Sicily,98.32,15
2025-12-29T03:30:00Z,IT-South,98.32,15
2025-12-29T03:30:00Z,NL,84.79,15
2025-12-29T03:30:00Z,NO1,65.57,15
2025-12-29T03:30:00Z,NO2,64.99,15
2025-12-29T03:30:00Z,NO3,40.92,15
2025-12-29T03:30:00Z,NO5,65.00,15
2025-12-29T03:30:00Z,PL,84.79,15
2025-12-29T03:30:00Z,PT,91.23,15
2025-12-29T03:30:00Z,RO,84.79,15
2025-12-29T03:30:00Z,SE1,1.75,15
2025-12-29T03:30:00Z,SE2,1.99,15
2025-12-29T03:30:00Z,SE3,2.78,15
2025-12-29T03:30:00Z,SE4,3.19,15
2025-12-29T03:30:00Z,SI,84.79,15
2025-12-29T03:30:00Z,SK,84.79,15
2025-12-29T03:45:00Z,AT,87.47,15
2025-12-29T03:45:00Z,BE,88.10,15
2025-12-29T03:45:00Z,CZ,88.10,15
2025-12-29T03:45:00Z,DE-LU,88.10,15
2025-12-29T03:45:00Z,DK1,63.40,15
2025-12-29T03:45:00Z,DK2,11.34,15
2025-12-29T03:45:00Z,ES,83.23,15
2025-12-29T03:45:00Z,FR,88.10,15
2025-12-29T03:45:00Z,GR,88.10,15
2025-12-29T03:45:00Z,HR,88.10,15
2025-12-29T03:45:00Z,HU,88.10,15
2025-12-29T03:45:00Z,NL,88.10,15
2025-12-29T03:45:00Z,NO1,65.89,15
2025-12-29T03:45:00Z,NO2,65.32,15
2025-12-29T03:45:00Z,NO3,41.11,15
2025-12-29T03:45:00Z,NO5,65.32,15
2025-12-29T03:45:00Z,PL,88.10,15
2025-12-29T03:45:00Z,RO,88.10,15
2025-12-29T03:45:00Z,SE4,3.20,15
2025-12-29T03:45:00Z,SI,88.10,15
2025-12-29T03:45:00Z,SK,88.10,15
2025-12-29T04:00:00Z,AT,84.22,15
2025-12-29T04:00:00Z,BE,84.67,15
2025-12-29T04:00:00Z,CH,98.10,60
2025-12-29T04:00:00Z,CZ,84.67,15
2025-12-29T04:00:00Z,DE-LU,84.67,15
2025-12-29T04:00:00Z,DK1,64.38,15
2025-12-29T04:00:00Z,DK2,4.39,15
2025-12-29T04:00:00Z,EE,5.00,15
2025-12-29T04:00:00Z,ES,82.29,15
2025-12-29T04:00:00Z,FI,1.98,15
2025-12-29T04:00:00Z,FR,84.67,15
2025-12-29T04:00:00Z,GR,84.67,15
2025-12-29T04:00:00Z,HR,84.67,15
2025-12-29T04:00:00Z,HU,84.67,15
2025-12-29T04:00:00Z,IT-CNorth,95.51,15
2025-12-29T04:00:00Z,IT-CSouth,95.51,15
2025-12-29T04:00:00Z,IT-North,95.51,15
2025-12-29T04:00:00Z,IT-Sardinia,95.51,15
2025-12-29T04:00:00Z,IT-Sicily,95.51,15
2025-12-29T04:00:00Z,IT-South,95.51,15
2025-12-29T04:00:00Z,LT,5.00,15
2025-12-29T04:00:00Z,LV,5.00,15
2025-12-29T04:00:00Z,NL,84.67,15
2025-12-29T04:00:00Z,NO1,66.71,15
2025-12-29T04:00:00Z,NO2,66.30,15
2025-12-29T04:00:00Z,NO3,41.22,15
2025-12-29T04:00:00Z,NO4,1.70,15
2025-12-29T04:00:00Z,NO5,65.91,15
2025-12-29T04:00:00Z,PL,84.67,15
2025-12-29T04:00:00Z,PT,87.50,15
2025-12-29T04:00:00Z,RO,84.67,15
2025-12-29T04:00:00Z,RS,95.06,15
2025-12-29T04:00:00Z,SE1,1.98,15
2025-12-29T04:00:00Z,SE2,2.02,15
2025-12-29T04:00:00Z,SE3,2.43,15
2025-12-29T04:00:00Z,SE4,2.69,15
2025-12-29T04:00:00Z,SI,84.67,15
2025-12-29T04:00:00Z,SK,84.67,15
2025-12-29T04:15:00Z,AT,94.35,15
2025-12-29T04:15:00Z,BE,89.00,15
2025-12-29T04:15:00Z,CZ,89.00,15
2025-12-29T04:15:00Z,DE-LU,89.00,15
2025-12-29T04:15:00Z,DK1,66.93,15
2025-12-29T04:15:00Z,DK2,4.40,15
2025-12-29T04:15:00Z,EE,6.39,15
2025-12-29T04:15:00Z,ES,82.68,15
2025-12-29T04:15:00Z,FI,1.99,15
2025-12-29T04:15:00Z,FR,89.00,15
2025-12-29T04:15:00Z,GR,89.00,15
2025-12-29T04:15:00Z,HR,89.00,15
2025-12-29T04:15:00Z,HU,89.00,15
2025-12-29T04:15:00Z,LT,6.39,15
2025-12-29T04:15:00Z,LV,6.39,15
2025-12-29T04:15:00Z,NL,89.00,15
2025-12-29T04:15:00Z,NO1,66.86,15
2025-12-29T04:15:00Z,NO2,66.43,15
2025-12-29T04:15:00Z,NO3,41.43,15
2025-12-29T04:15:00Z,NO4,1.62,15
2025-12-29T04:15:00Z,NO5,66.09,15
2025-12-29T04:15:00Z,PL,89.00,15
2025-12-29T04:15:00Z,PT,91.23,15
2025-12-29T04:15:00Z,RO,89.00,15
2025-12-29T04:15:00Z,SE1,1.99,15
2025-12-29T04:15:00Z,SE2,2.06,15
2025-12-29T04:15:00Z,SE3,2.53,15
2025-12-29T04:15:00Z,SE4,2.81,15
2025-12-29T04:15:00Z,SI,89.00,15
2025-12-29T04:15:00Z,SK,89.00,15
2025-12-29T04:30:00Z,AT,94.91,15
2025-12-29T04:30:00Z,BE,92.00,15
2025-12-29T04:30:00Z,CZ,92.00,15
2025-12-29T04:30:00Z,DE-LU,92.00,15
2025-12-29T04:30:00Z,DK1,68.02,15
2025-12-29T04:30:00Z,DK2,25.30,15
2025-12-29T04:30:00Z,EE,11.99,15
2025-12-29T04:30:00Z,ES,86.65,15
2025-12-29T04:30:00Z,FI,2.00,15
2025-12-29T04:30:00Z,FR,92.00,15
2025-12-29T04:30:00Z,GR,92.00,15
2025-12-29T04:30:00Z,HR,92.00,15
2025-12-29T04:30:00Z,HU,92.00,15
2025-12-29T04:30:00Z,IT-CNorth,100.00,15
2025-12-29T04:30:00Z,IT-CSouth,100.00,15
2025-12-29T04:30:00Z,IT-North,100.00,15
2025-12-29T04:30:00Z,IT-Sardinia,100.00,15
2025-12-29T04:30:00Z,IT-Sicily,100.00,15
2025-12-29T04:30:00Z,IT-South,100.00,15
2025-12-29T04:30:00Z,LT,11.99,15
2025-12-29T04:30:00Z,LV,11.99,15
2025-12-29T04:30:00Z,NL,92.00,15
2025-12-29T04:30:00Z,NO1,66.84,15
2025-12-29T04:30:00Z,NO2,66.32,15
2025-12-29T04:30:00Z,NO3,41.83,15
2025-12-29T04:30:00Z,NO4,1.24,15
2025-12-29T04:30:00Z,NO5,66.19,15
2025-12-29T04:30:00Z,PL,92.00,15
2025-12-29T04:30:00Z,PT,92.00,15
2025-12-29T04:30:00Z,RO,92.00,15
2025-12-29T04:30:00Z,SE2,2.16,15
2025-12-29T04:30:00Z,SE3,2.84,15
2025-12-29T04:30:00Z,SE4,3.20,15
2025-12-29T04:30:00Z,SI,92.00,15
2025-12-29T04:30:00Z,SK,92.00,15
2025-12-29T04:45:00Z,AT,95.00,15
2025-12-29T04:45:00Z,BE,97.50,15
2025-12-29T04:45:00Z,CZ,97.50,15
2025-12-29T04:45:00Z,DE-LU,97.50,15
2025-12-29T04:45:00Z,DK1,68.40,15
2025-12-29T04:45:00Z,DK2,42.26,15
2025-12-29T04:45:00Z,EE,13.82,15
2025-12-29T04:45:00Z,ES,88.38,15
2025-12-29T04:45:00Z,FI,2.14,15
2025-12-29T04:45:00Z,FR,97.50,15
2025-12-29T04:45:00Z,GR,97.50,15
2025-12-29T04:45:00Z,HR,97.50,15
2025-12-29T04:45:00Z,HU,97.50,15
2025-12-29T04:45:00Z,IT-CNorth,105.00,15
2025-12-29T04:45:00Z,IT-CSouth,105.00,15
2025-12-29T04:45:00Z,IT-North,105.00,15
2025-12-29T04:45:00Z,IT-Sardinia,105.00,15
2025-12-29T04:45:00Z,IT-Sicily,105.00,15
2025-12-29T04:45:00Z,IT-South,105.00,15
2025-12-29T04:45:00Z,LT,13.82,15
2025-12-29T04:45:00Z,LV,13.82,15
2025-12-29T04:45:00Z,NL,97.50,15
2025-12-29T04:45:00Z,NO1,66.96,15
2025-12-29T04:45:00Z,NO2,66.43,15
2025-12-29T04:45:00Z,NO3,41.97,15
2025-12-29T04:45:00Z,NO4,1.37,15
2025-12-29T04:45:00Z,NO5,66.31,15
2025-12-29T04:45:00Z,PL,97.50,15
2025-12-29T04:45:00Z,PT,97.50,15
2025-12-29T04:45:00Z,RO,97.50,15
2025-12-29T04:45:00Z,SE1,2.13,15
2025-12-29T04:45:00Z,SE2,2.30,15
2025-12-29T04:45:00Z,SE3,3.00,15
2025-12-29T04:45:00Z,SE4,3.36,15
2025-12-29T04:45:00Z,SI,97.50,15
2025-12-29T04:45:00Z,SK,97.50,15
2025-12-29T05:00:00Z,AT,87.58,15
2025-12-29T05:00:00Z,BE,87.64,15
2025-12-29T05:00:00Z,CH,106.00,60
2025-12-29T05:00:00Z,CZ,87.64,15
2025-12-29T05:00:00Z,DE-LU,87.64,15
2025-12-29T05:00:00Z,DK1,67.07,15
2025-12-29T05:00:00Z,DK2,5.89,15
2025-12-29T05:00:00Z,EE,13.83,15
2025-12-29T05:00:00Z,ES,84.43,15
2025-12-29T05:00:00Z,FI,2.28,15
2025-12-29T05:00:00Z,FR,87.64,15
2025-12-29T05:00:00Z,GR,87.64,15
2025-12-29T05:00:00Z,HR,87.64,15
2025-12-29T05:00:00Z,HU,87.64,15
2025-12-29T05:00:00Z,IT-CNorth,95.51,15
2025-12-29T05:00:00Z,IT-CSouth,95.51,15
2025-12-29T05:00:00Z,IT-North,95.51,15
2025-12-29T05:00:00Z,IT-Sardinia,95.51,15
2025-12-29T05:00:00Z,IT-Sicily,95.51,15
2025-12-29T05:00:00Z,IT-South,95.51,15
2025-12-29T05:00:00Z,LT,13.83,15
2025-12-29T05:00:00Z,LV,13.83,15
2025-12-29T05:00:00Z,NL,87.64,15
2025-12-29T05:00:00Z,NO1,67.10,15
2025-12-29T05:00:00Z,NO2,66.75,15
2025-12-29T05:00:00Z,NO3,42.46,15
2025-12-29T05:00:00Z,NO4,2.55,15
2025-12-29T05:00:00Z,NO5,66.21,15
2025-12-29T05:00:00Z,PL,87.64,15
2025-12-29T05:00:00Z,PT,97.54,15
2025-12-29T05:00:00Z,RO,87.64,15
2025-12-29T05:00:00Z,RS,107.17,15
2025-12-29T05:00:00Z,SE1,2.28,15
2025-12-29T05:00:00Z,SE3,4.37,15
2025-12-29T05:00:00Z,SE4,5.85,15
2025-12-29T05:00:00Z,SI,87.64,15
2025-12-29T05:00:00Z,SK,87.64,15
2025-12-29T05:15:00Z,AT,109.91,15
2025-12-29T05:15:00Z,BE,95.17,15
2025-12-29T05:15:00Z,CZ,95.17,15
2025-12-29T05:15:00Z,DE-LU,95.17,15
2025-12-29T05:15:00Z,DK1,69.00,15
2025-12-29T05:15:00Z,DK2,22.38,15
2025-12-29T05:15:00Z,EE,13.86,15
2025-12-29T05:15:00Z,ES,87.58,15
2025-12-29T05:15:00Z,FI,2.44,15
2025-12-29T05:15:00Z,FR,95.17,15
2025-12-29T05:15:00Z,GR,95.17,15
2025-12-29T05:15:00Z,HR,95.17,15
2025-12-29T05:15:00Z,HU,95.17,15
2025-12-29T05:15:00Z,IT-CNorth,100.11,15
2025-12-29T05:15:00Z,IT-CSouth,100.11,15
2025-12-29T05:15:00Z,IT-North,100.11,15
2025-12-29T05:15:00Z,IT-Sardinia,100.11,15
2025-12-29T05:15:00Z,IT-Sicily,100.11,15
2025-12-29T05:15:00Z,IT-South,100.11,15
2025-12-29T05:15:00Z,LT,13.86,15
2025-12-29T05:15:00Z,LV,13.86,15
2025-12-29T05:15:00Z,NL,95.17,15
2025-12-29T05:15:00Z,NO1,67.29,15
2025-12-29T05:15:00Z,NO2,66.98,15
2025-12-29T05:15:00Z,NO3,42.38,15
2025-12-29T05:15:00Z,NO4,2.60,15
2025-12-29T05:15:00Z,NO5,66.34,15
2025-12-29T05:15:00Z,PL,95.17,15
2025-12-29T05:15:00Z,PT,100.01,15
2025-12-29T05:15:00Z,RO,95.17,15
2025-12-29T05:15:00Z,SE1,2.45,15
2025-12-29T05:15:00Z,SE2,2.39,15
2025-12-29T05:15:00Z,SE3,9.10,15
2025-12-29T05:15:00Z,SE4,13.92,15
2025-12-29T05:15:00Z,SI,95.17,15
2025-12-29T05:15:00Z,SK,95.17,15
2025-12-29T05:30:00Z,AT,110.00,15
2025-12-29T05:30:00Z,BE,97.30,15
2025-12-29T05:30:00Z,CZ,97.30,15
2025-12-29T05:30:00Z,DE-LU,97.30,15
2025-12-29T05:30:00Z,DK1,69.16,15
2025-12-29T05:30:00Z,DK2,69.16,15
2025-12-29T05:30:00Z,EE,21.98,15
2025-12-29T05:30:00Z,ES,89.29,15
2025-12-29T05:30:00Z,FI,2.51,15
2025-12-29T05:30:00Z,FR,97.30,15
2025-12-29T05:30:00Z,GR,97.30,15
2025-12-29T05:30:00Z,HR,97.30,15
2025-12-29T05:30:00Z,HU,97.30,15
2025-12-29T05:30:00Z,IT-CNorth,110.44,15
2025-12-29T05:30:00Z,IT-CSouth,110.44,15
2025-12-29T05:30:00Z,IT-North,110.44,15
2025-12-29T05:30:00Z,IT-Sardinia,110.44,15
2025-12-29T05:30:00Z,IT-Sicily,110.44,15
2025-12-29T05:30:00Z,IT-South,110.44,15
2025-12-29T05:30:00Z,LT,21.98,15
2025-12-29T05:30:00Z,LV,21.98,15
2025-12-29T05:30:00Z,NL,97.30,15
2025-12-29T05:30:00Z,NO1,67.45,15
2025-12-29T05:30:00Z,NO2,67.13,15
2025-12-29T05:30:00Z,NO3,42.54,15
2025-12-29T05:30:00Z,NO4,2.63,15
2025-12-29T05:30:00Z,NO5,66.51,15
2025-12-29T05:30:00Z,PL,104.46,15
2025-12-29T05:30:00Z,PT,102.39,15
2025-12-29T05:30:00Z,RO,97.30,15
2025-12-29T05:30:00Z,SE1,2.51,15
2025-12-29T05:30:00Z,SE2,2.46,15
2025-12-29T05:30:00Z,SE3,13.88,15
2025-12-29T05:30:00Z,SE4,22.02,15
2025-12-29T05:30:00Z,SI,97.30,15
2025-12-29T05:30:00Z,SK,97.30,15
2025-12-29T05:45:00Z,AT,120.36,15
2025-12-29T05:45:00Z,BE,105.22,15
2025-12-29T05:45:00Z,CZ,105.22,15
2025-12-29T05:45:00Z,DE-LU,105.22,15
2025-12-29T05:45:00Z,DK1,67.29,15
2025-12-29T05:45:00Z,DK2,67.29,15
2025-12-29T05:45:00Z,EE,40.00,15
2025-12-29T05:45:00Z,ES,92.93,15
2025-12-29T05:45:00Z,FI,2.30,15
2025-12-29T05:45:00Z,FR,105.22,15
2025-12-29T05:45:00Z,GR,105.22,15
2025-12-29T05:45:00Z,HR,105.22,15
2025-12-29T05:45:00Z,HU,105.22,15
2025-12-29T05:45:00Z,IT-CNorth,114.34,15
2025-12-29T05:45:00Z,IT-CSouth,114.34,15
2025-12-29T05:45:00Z,IT-North,114.34,15
2025-12-29T05:45:00Z,IT-Sardinia,114.34,15
2025-12-29T05:45:00Z,IT-Sicily,114.34,15
2025-12-29T05:45:00Z,IT-South,114.34,15
2025-12-29T05:45:00Z,LT,40.00,15
2025-12-29T05:45:00Z,LV,40.00,15
2025-12-29T05:45:00Z,NL,105.22,15
2025-12-29T05:45:00Z,NO1,67.63,15
2025-12-29T05:45:00Z,NO2,67.25,15
2025-12-29T05:45:00Z,NO3,43.19,15
2025-12-29T05:45:00Z,NO4,4.24,15
2025-12-29T05:45:00Z,NO5,66.76,15
2025-12-29T05:45:00Z,PL,127.85,15
2025-12-29T05:45:00Z,PT,105.22,15
2025-12-29T05:45:00Z,RO,105.22,15
2025-12-29T05:45:00Z,SE1,2.26,15
2025-12-29T05:45:00Z,SE2,2.55,15
2025-12-29T05:45:00Z,SE3,24.49,15
2025-12-29T05:45:00Z,SE4,40.05,15
2025-12-29T05:45:00Z,SI,105.22,15
2025-12-29T05:45:00Z,SK,105.22,15
2025-12-29T06:00:00Z,AT,119.35,15
2025-12-29T06:00:00Z,BE,96.71,15
2025-12-29T06:00:00Z,CH,114.90,60
2025-12-29T06:00:00Z,CZ,105.76,15
2025-12-29T06:00:00Z,DE-LU,96.63,15
2025-12-29T06:00:00Z,DK1,71.21,15
2025-12-29T06:00:00Z,DK2,71.21,15
2025-12-29T06:00:00Z,EE,25.05,15
2025-12-29T06:00:00Z,ES,89.58,15
2025-12-29T06:00:00Z,FI,3.15,15
2025-12-29T06:00:00Z,FR,96.63,15
2025-12-29T06:00:00Z,GR,110.85,15
2025-12-29T06:00:00Z,HR,110.86,15
2025-12-29T06:00:00Z,HU,110.85,15
2025-12-29T06:00:00Z,IT-CNorth,112.00,15
2025-12-29T06:00:00Z,IT-CSouth,112.00,15
2025-12-29T06:00:00Z,IT-North,112.00,15
2025-12-29T06:00:00Z,IT-Sardinia,112.00,15
2025-12-29T06:00:00Z,IT-Sicily,112.00,15
2025-12-29T06:00:00Z,IT-South,112.00,15
2025-12-29T06:00:00Z,LT,25.05,15
2025-12-29T06:00:00Z,LV,25.05,15
2025-12-29T06:00:00Z,NL,96.51,15
2025-12-29T06:00:00Z,NO1,67.81,15
2025-12-29T06:00:00Z,NO2,67.66,15
2025-12-29T06:00:00Z,NO3,43.14,15
2025-12-29T06:00:00Z,NO4,3.93,15
2025-12-29T06:00:00Z,NO5,66.68,15
2025-12-29T06:00:00Z,PL,103.20,15
2025-12-29T06:00:00Z,PT,110.48,15
2025-12-29T06:00:00Z,RO,110.85,15
2025-12-29T06:00:00Z,RS,127.00,15
2025-12-29T06:00:00Z,SE1,3.16,15
2025-12-29T06:00:00Z,SE2,2.94,15
2025-12-29T06:00:00Z,SE3,15.61,15
2025-12-29T06:00:00Z,SE4,25.00,15
2025-12-29T06:00:00Z,SI,111.25,15
2025-12-29T06:00:00Z,SK,108.36,15
2025-12-29T06:15:00Z,AT,119.68,15
2025-12-29T06:15:00Z,BE,105.85,15
2025-12-29T06:15:00Z,CZ,105.85,15
2025-12-29T06:15:00Z,DE-LU,105.85,15
2025-12-29T06:15:00Z,DK1,70.60,15
2025-12-29T06:15:00Z,DK2,70.60,15
2025-12-29T06:15:00Z,EE,39.10,15
2025-12-29T06:15:00Z,ES,94.40,15
2025-12-29T06:15:00Z,FI,3.03,15
2025-12-29T06:15:00Z,FR,105.85,15
2025-12-29T06:15:00Z,GR,105.85,15
2025-12-29T06:15:00Z,HR,105.85,15
2025-12-29T06:15:00Z,HU,105.85,15
2025-12-29T06:15:00Z,IT-CNorth,114.42,15
2025-12-29T06:15:00Z,IT-CSouth,114.42,15
2025-12-29T06:15:00Z,IT-North,114.42,15
2025-12-29T06:15:00Z,IT-Sardinia,114.42,15
2025-12-29T06:15:00Z,IT-Sicily,114.42,15
2025-12-29T06:15:00Z,IT-South,114.42,15
2025-12-29T06:15:00Z,LT,39.10,15
2025-12-29T06:15:00Z,LV,39.10,15
2025-12-29T06:15:00Z,NL,105.85,15
2025-12-29T06:15:00Z,NO1,68.17,15
2025-12-29T06:15:00Z,NO2,68.02,15
2025-12-29T06:15:00Z,NO3,43.76,15
2025-12-29T06:15:00Z,NO4,6.79,15
2025-12-29T06:15:00Z,NO5,67.04,15
2025-12-29T06:15:00Z,PL,105.85,15
2025-12-29T06:15:00Z,PT,114.39,15
2025-12-29T06:15:00Z,RO,105.85,15
2025-12-29T06:15:00Z,SE1,2.98,15
2025-12-29T06:15:00Z,SE2,3.15,15
2025-12-29T06:15:00Z,SE3,23.82,15
2025-12-29T06:15:00Z,SE4,39.03,15
2025-12-29T06:15:00Z,SI,105.85,15
2025-12-29T06:15:00Z,SK,105.85,15
2025-12-29T06:30:00Z,AT,122.44,15
2025-12-29T06:30:00Z,BE,106.62,15
2025-12-29T06:30:00Z,CZ,106.62,15
2025-12-29T06:30:00Z,DE-LU,106.62,15
2025-12-29T06:30:00Z,DK1,70.46,15
2025-12-29T06:30:00Z,DK2,70.46,15
2025-12-29T06:30:00Z,EE,49.79,15
2025-12-29T06:30:00Z,ES,98.29,15
2025-12-29T06:30:00Z,FI,3.00,15
2025-12-29T06:30:00Z,FR,106.62,15
2025-12-29T06:30:00Z,GR,106.62,15
2025-12-29T06:30:00Z,HR,106.62,15
2025-12-29T06:30:00Z,HU,106.62,15
2025-12-29T06:30:00Z,IT-CNorth,122.02,15
2025-12-29T06:30:00Z,IT-CSouth,122.02,15
2025-12-29T06:30:00Z,IT-North,122.02,15
2025-12-29T06:30:00Z,IT-Sardinia,122.02,15
2025-12-29T06:30:00Z,IT-Sicily,122.02,15
2025-12-29T06:30:00Z,IT-South,122.02,15
2025-12-29T06:30:00Z,LT,49.79,15
2025-12-29T06:30:00Z,LV,49.79,15
2025-12-29T06:30:00Z,NL,106.62,15
2025-12-29T06:30:00Z,NO1,68.51,15
2025-12-29T06:30:00Z,NO2,68.37,15
2025-12-29T06:30:00Z,NO3,43.99,15
2025-12-29T06:30:00Z,NO4,7.01,15
2025-12-29T06:30:00Z,NO5,67.38,15
2025-12-29T06:30:00Z,PL,106.62,15
2025-12-29T06:30:00Z,PT,116.13,15
2025-12-29T06:30:00Z,RO,106.62,15
2025-12-29T06:30:00Z,SE1,2.95,15
2025-12-29T06:30:00Z,SE3,30.00,15
2025-12-29T06:30:00Z,SE4,49.70,15
2025-12-29T06:30:00Z,SI,106.62,15
2025-12-29T06:30:00Z,SK,106.62,15
2025-12-29T06:45:00Z,AT,127.50,15
2025-12-29T06:45:00Z,BE,109.77,15
2025-12-29T06:45:00Z,CZ,109.77,15
2025-12-29T06:45:00Z,DE-LU,109.77,15
2025-12-29T06:45:00Z,DK1,68.80,15
2025-12-29T06:45:00Z,DK2,68.80,15
2025-12-29T06:45:00Z,EE,58.30,15
2025-12-29T06:45:00Z,ES,99.61,15
2025-12-29T06:45:00Z,FI,3.19,15
2025-12-29T06:45:00Z,FR,109.77,15
2025-12-29T06:45:00Z,GR,109.77,15
2025-12-29T06:45:00Z,HR,109.77,15
2025-12-29T06:45:00Z,HU,109.77,15
2025-12-29T06:45:00Z,IT-CNorth,131.56,15
2025-12-29T06:45:00Z,IT-CSouth,131.56,15
2025-12-29T06:45:00Z,IT-North,131.56,15
2025-12-29T06:45:00Z,IT-Sardinia,131.56,15
2025-12-29T06:45:00Z,IT-Sicily,131.56,15
2025-12-29T06:45:00Z,IT-South,131.56,15
2025-12-29T06:45:00Z,LT,58.30,15
2025-12-29T06:45:00Z,LV,58.30,15
2025-12-29T06:45:00Z,NL,109.77,15
2025-12-29T06:45:00Z,NO1,68.80,15
2025-12-29T06:45:00Z,NO2,68.69,15
2025-12-29T06:45:00Z,NO3,44.16,15
2025-12-29T06:45:00Z,NO4,8.05,15
2025-12-29T06:45:00Z,NO5,67.62,15
2025-12-29T06:45:00Z,PL,109.77,15
2025-12-29T06:45:00Z,PT,126.96,15
2025-12-29T06:45:00Z,RO,109.77,15
2025-12-29T06:45:00Z,SE1,3.13,15
2025-12-29T06:45:00Z,SE2,3.39,15
2025-12-29T06:45:00Z,SE3,34.99,15
2025-12-29T06:45:00Z,SE4,58.18,15
2025-12-29T06:45:00Z,SI,109.77,15
2025-12-29T06:45:00Z,SK,109.77,15
2025-12-29T07:00:00Z,AT,120.10,15
2025-12-29T07:00:00Z,BE,119.18,15
2025-12-29T07:00:00Z,CH,117.57,60
2025-12-29T07:00:00Z,CZ,119.18,15
2025-12-29T07:00:00Z,DE-LU,119.18,15
2025-12-29T07:00:00Z,DK1,73.27,15
2025-12-29T07:00:00Z,DK2,73.27,15
2025-12-29T07:00:00Z,EE,60.01,15
2025-12-29T07:00:00Z,ES,119.20,15
2025-12-29T07:00:00Z,FI,3.18,15
2025-12-29T07:00:00Z,FR,119.18,15
2025-12-29T07:00:00Z,GR,119.18,15
2025-12-29T07:00:00Z,HR,119.18,15
2025-12-29T07:00:00Z,HU,119.18,15
2025-12-29T07:00:00Z,IT-CNorth,119.18,15
2025-12-29T07:00:00Z,IT-CSouth,119.18,15
2025-12-29T07:00:00Z,IT-North,119.18,15
2025-12-29T07:00:00Z,IT-Sardinia,119.18,15
2025-12-29T07:00:00Z,IT-Sicily,119.18,15
2025-12-29T07:00:00Z,IT-South,119.18,15
2025-12-29T07:00:00Z,LT,60.01,15
2025-12-29T07:00:00Z,LV,60.01,15
2025-12-29T07:00:00Z,NL,119.18,15
2025-12-29T07:00:00Z,NO1,69.26,15
2025-12-29T07:00:00Z,NO2,69.15,15
2025-12-29T07:00:00Z,NO3,44.05,15
2025-12-29T07:00:00Z,NO4,8.12,15
2025-12-29T07:00:00Z,NO5,68.07,15
2025-12-29T07:00:00Z,PL,119.18,15
2025-12-29T07:00:00Z,PT,123.03,15
2025-12-29T07:00:00Z,RO,119.18,15
2025-12-29T07:00:00Z,RS,121.00,15
2025-12-29T07:00:00Z,SE1,3.11,15
2025-12-29T07:00:00Z,SE2,3.38,15
2025-12-29T07:00:00Z,SE3,35.85,15
2025-12-29T07:00:00Z,SE4,59.88,15
2025-12-29T07:00:00Z,SI,119.18,15
2025-12-29T07:00:00Z,SK,119.18,15
2025-12-29T07:15:00Z,AT,112.49,15
2025-12-29T07:15:00Z,BE,113.83,15
2025-12-29T07:15:00Z,CZ,113.83,15
2025-12-29T07:15:00Z,DE-LU,113.83,15
2025-12-29T07:15:00Z,DK1,71.89,15
2025-12-29T07:15:00Z,DK2,71.89,15
2025-12-29T07:15:00Z,EE,67.20,15
2025-12-29T07:15:00Z,ES,127.04,15
2025-12-29T07:15:00Z,FR,113.83,15
2025-12-29T07:15:00Z,GR,113.33,15
2025-12-29T07:15:00Z,HR,113.83,15
2025-12-29T07:15:00Z,HU,113.83,15
2025-12-29T07:15:00Z,IT-CNorth,117.58,15
2025-12-29T07:15:00Z,IT-CSouth,117.58,15
2025-12-29T07:15:00Z,IT-North,117.58,15
2025-12-29T07:15:00Z,IT-Sardinia,117.58,15
2025-12-29T07:15:00Z,IT-Sicily,117.58,15
2025-12-29T07:15:00Z,IT-South,117.58,15
2025-12-29T07:15:00Z,LT,67.20,15
2025-12-29T07:15:00Z,LV,67.20,15
2025-12-29T07:15:00Z,NL,113.83,15
2025-12-29T07:15:00Z,NO1,69.87,15
2025-12-29T07:15:00Z,NO2,69.75,15
2025-12-29T07:15:00Z,NO3,44.46,15
2025-12-29T07:15:00Z,NO4,8.16,15
2025-12-29T07:15:00Z,NO5,68.67,15
2025-12-29T07:15:00Z,PL,113.83,15
2025-12-29T07:15:00Z,PT,126.96,15
2025-12-29T07:15:00Z,RO,113.83,15
2025-12-29T07:15:00Z,SE2,3.39,15
2025-12-29T07:15:00Z,SE3,40.00,15
2025-12-29T07:15:00Z,SE4,67.07,15
2025-12-29T07:15:00Z,SI,113.83,15
2025-12-29T07:15:00Z,SK,113.83,15
2025-12-29T07:30:00Z,AT,119.35,15
2025-12-29T07:30:00Z,BE,112.50,15
2025-12-29T07:30:00Z,CZ,112.50,15
2025-12-29T07:30:00Z,DE-LU,112.50,15
2025-12-29T07:30:00Z,DK1,72.22,15
2025-12-29T07:30:00Z,DK2,72.22,15
2025-12-29T07:30:00Z,ES,128.86,15
2025-12-29T07:30:00Z,FR,112.50,15
2025-12-29T07:30:00Z,GR,91.61,15
2025-12-29T07:30:00Z,HR,112.50,15
2025-12-29T07:30:00Z,HU,112.50,15
2025-12-29T07:30:00Z,IT-CNorth,114.60,15
2025-12-29T07:30:00Z,IT-CSouth,114.60,15
2025-12-29T07:30:00Z,IT-North,114.60,15
2025-12-29T07:30:00Z,IT-Sardinia,114.60,15
2025-12-29T07:30:00Z,IT-Sicily,114.60,15
2025-12-29T07:30:00Z,IT-South,114.60,15
2025-12-29T07:30:00Z,NL,112.50,15
2025-12-29T07:30:00Z,NO1,70.19,15
2025-12-29T07:30:00Z,NO2,70.07,15
2025-12-29T07:30:00Z,NO3,44.66,15
2025-12-29T07:30:00Z,NO4,8.17,15
2025-12-29T07:30:00Z,NO5,68.99,15
2025-12-29T07:30:00Z,PL,112.50,15
2025-12-29T07:30:00Z,PT,128.86,15
2025-12-29T07:30:00Z,RO,112.50,15
2025-12-29T07:30:00Z,SE1,3.12,15
2025-12-29T07:30:00Z,SE2,3.40,15
2025-12-29T07:30:00Z,SE4,67.06,15
2025-12-29T07:30:00Z,SI,112.50,15
2025-12-29T07:30:00Z,SK,112.50,15
2025-12-29T07:45:00Z,AT,120.36,15
2025-12-29T07:45:00Z,BE,110.00,15
2025-12-29T07:45:00Z,CZ,110.00,15
2025-12-29T07:45:00Z,DE-LU,110.00,15
2025-12-29T07:45:00Z,DK1,72.41,15
2025-12-29T07:45:00Z,DK2,72.41,15
2025-12-29T07:45:00Z,EE,70.01,15
2025-12-29T07:45:00Z,ES,134.31,15
2025-12-29T07:45:00Z,FI,3.23,15
2025-12-29T07:45:00Z,FR,110.00,15
2025-12-29T07:45:00Z,GR,85.06,15
2025-12-29T07:45:00Z,HR,110.00,15
2025-12-29T07:45:00Z,HU,110.00,15
2025-12-29T07:45:00Z,LT,70.01,15
2025-12-29T07:45:00Z,LV,70.01,15
2025-12-29T07:45:00Z,NL,110.00,15
2025-12-29T07:45:00Z,NO1,70.38,15
2025-12-29T07:45:00Z,NO2,70.26,15
2025-12-29T07:45:00Z,NO3,44.81,15
2025-12-29T07:45:00Z,NO4,8.22,15
2025-12-29T07:45:00Z,NO5,69.18,15
2025-12-29T07:45:00Z,PL,110.00,15
2025-12-29T07:45:00Z,PT,129.81,15
2025-12-29T07:45:00Z,RO,110.00,15
2025-12-29T07:45:00Z,SE1,3.16,15
2025-12-29T07:45:00Z,SE2,3.45,15
2025-12-29T07:45:00Z,SE3,41.64,15
2025-12-29T07:45:00Z,SE4,69.87,15
2025-12-29T07:45:00Z,SI,110.00,15
2025-12-29T07:45:00Z,SK,110.00,15
2025-12-29T08:00:00Z,AT,137.59,15
2025-12-29T08:00:00Z,BE,120.05,15
2025-12-29T08:00:00Z,CH,114.00,60
2025-12-29T08:00:00Z,CZ,120.05,15
2025-12-29T08:00:00Z,DE-LU,120.05,15
2025-12-29T08:00:00Z,DK1,73.06,15
2025-12-29T08:00:00Z,DK2,73.07,15
2025-12-29T08:00:00Z,EE,68.49,15
2025-12-29T08:00:00Z,ES,146.60,15
2025-12-29T08:00:00Z,FI,3.00,15
2025-12-29T08:00:00Z,FR,120.05,15
2025-12-29T08:00:00Z,GR,81.14,15
2025-12-29T08:00:00Z,HR,120.05,15
2025-12-29T08:00:00Z,HU,120.05,15
2025-12-29T08:00:00Z,IT-CNorth,120.05,15
2025-12-29T08:00:00Z,IT-CSouth,120.05,15
2025-12-29T08:00:00Z,IT-North,120.05,15
2025-12-29T08:00:00Z,IT-Sardinia,120.05,15
2025-12-29T08:00:00Z,IT-Sicily,120.05,15
2025-12-29T08:00:00Z,IT-South,120.05,15
2025-12-29T08:00:00Z,LT,68.49,15
2025-12-29T08:00:00Z,LV,68.49,15
2025-12-29T08:00:00Z,NL,120.05,15
2025-12-29T08:00:00Z,NO1,70.93,15
2025-12-29T08:00:00Z,NO2,70.88,15
2025-12-29T08:00:00Z,NO3,44.73,15
2025-12-29T08:00:00Z,NO4,8.50,15
2025-12-29T08:00:00Z,NO5,69.63,15
2025-12-29T08:00:00Z,PL,120.05,15
2025-12-29T08:00:00Z,PT,126.59,15
2025-12-29T08:00:00Z,RO,120.05,15
2025-12-29T08:00:00Z,RS,100.91,15
2025-12-29T08:00:00Z,SE1,2.93,15
2025-12-29T08:00:00Z,SE2,3.16,15
2025-12-29T08:00:00Z,SE3,39.99,15
2025-12-29T08:00:00Z,SE4,68.33,15
2025-12-29T08:00:00Z,SI,120.05,15
2025-12-29T08:00:00Z,SK,120.05,15
2025-12-29T08:15:00Z,AT,105.94,15
2025-12-29T08:15:00Z,BE,112.26,15
2025-12-29T08:15:00Z,CZ,112.26,15
2025-12-29T08:15:00Z,DE-LU,112.26,15
2025-12-29T08:15:00Z,DK1,74.58,15
2025-12-29T08:15:00Z,DK2,74.58,15
2025-12-29T08:15:00Z,EE,68.58,15
2025-12-29T08:15:00Z,ES,140.35,15
2025-12-29T08:15:00Z,FI,3.57,15
2025-12-29T08:15:00Z,FR,112.26,15
2025-12-29T08:15:00Z,GR,80.10,15
2025-12-29T08:15:00Z,HR,112.26,15
2025-12-29T08:15:00Z,HU,112.26,15
2025-12-29T08:15:00Z,IT-CNorth,114.42,15
2025-12-29T08:15:00Z,IT-CSouth,114.42,15
2025-12-29T08:15:00Z,IT-North,114.42,15
2025-12-29T08:15:00Z,IT-Sardinia,114.42,15
2025-12-29T08:15:00Z,IT-Sicily,114.42,15
2025-12-29T08:15:00Z,IT-South,114.42,15
2025-12-29T08:15:00Z,LT,68.58,15
2025-12-29T08:15:00Z,LV,68.58,15
2025-12-29T08:15:00Z,NL,112.26,15
2025-12-29T08:15:00Z,NO1,71.22,15
2025-12-29T08:15:00Z,NO2,71.37,15
2025-12-29T08:15:00Z,NO3,43.92,15
2025-12-29T08:15:00Z,NO4,8.49,15
2025-12-29T08:15:00Z,NO5,69.67,15
2025-12-29T08:15:00Z,PL,112.26,15
2025-12-29T08:15:00Z,PT,115.35,15
2025-12-29T08:15:00Z,RO,112.26,15
2025-12-29T08:15:00Z,SE1,3.54,15
2025-12-29T08:15:00Z,SE2,3.39,15
2025-12-29T08:15:00Z,SE4,68.31,15
2025-12-29T08:15:00Z,SI,112.26,15
2025-12-29T08:15:00Z,SK,112.26,15
2025-12-29T08:30:00Z,AT,77.49,15
2025-12-29T08:30:00Z,BE,109.29,15
2025-12-29T08:30:00Z,CZ,109.29,15
2025-12-29T08:30:00Z,DE-LU,109.29,15
2025-12-29T08:30:00Z,DK1,73.88,15
2025-12-29T08:30:00Z,DK2,73.88,15
2025-12-29T08:30:00Z,EE,68.73,15
2025-12-29T08:30:00Z,ES,110.06,15
2025-12-29T08:30:00Z,FI,3.76,15
2025-12-29T08:30:00Z,FR,109.29,15
2025-12-29T08:30:00Z,HR,109.29,15
2025-12-29T08:30:00Z,HU,109.29,15
2025-12-29T08:30:00Z,IT-CNorth,111.97,15
2025-12-29T08:30:00Z,IT-CSouth,111.97,15
2025-12-29T08:30:00Z,IT-North,111.97,15
2025-12-29T08:30:00Z,IT-Sardinia,111.97,15
2025-12-29T08:30:00Z,IT-Sicily,111.97,15
2025-12-29T08:30:00Z,IT-South,111.97,15
2025-12-29T08:30:00Z,LT,68.73,15
2025-12-29T08:30:00Z,LV,68.73,15
2025-12-29T08:30:00Z,NL,109.29,15
2025-12-29T08:30:00Z,NO1,71.37,15
2025-12-29T08:30:00Z,NO2,71.62,15
2025-12-29T08:30:00Z,NO3,43.45,15
2025-12-29T08:30:00Z,NO4,8.45,15
2025-12-29T08:30:00Z,NO5,69.69,15
2025-12-29T08:30:00Z,PL,109.29,15
2025-12-29T08:30:00Z,PT,109.29,15
2025-12-29T08:30:00Z,RO,109.29,15
2025-12-29T08:30:00Z,SE1,3.74,15
2025-12-29T08:30:00Z,SE2,3.40,15
2025-12-29T08:30:00Z,SE4,68.40,15
2025-12-29T08:30:00Z,SI,109.29,15
2025-12-29T08:30:00Z,SK,109.29,15
2025-12-29T08:45:00Z,AT,118.47,15
2025-12-29T08:45:00Z,BE,102.34,15
2025-12-29T08:45:00Z,CZ,102.69,15
2025-12-29T08:45:00Z,DE-LU,102.44,15
2025-12-29T08:45:00Z,DK1,76.66,15
2025-12-29T08:45:00Z,DK2,76.66,15
2025-12-29T08:45:00Z,EE,68.33,15
2025-12-29T08:45:00Z,ES,105.01,15
2025-12-29T08:45:00Z,FI,3.85,15
2025-12-29T08:45:00Z,FR,102.25,15
2025-12-29T08:45:00Z,GR,78.05,15
2025-12-29T08:45:00Z,HR,99.40,15
2025-12-29T08:45:00Z,HU,101.84,15
2025-12-29T08:45:00Z,IT-CNorth,105.56,15
2025-12-29T08:45:00Z,IT-CSouth,105.56,15
2025-12-29T08:45:00Z,IT-North,105.56,15
2025-12-29T08:45:00Z,IT-Sardinia,105.56,15
2025-12-29T08:45:00Z,IT-Sicily,105.56,15
2025-12-29T08:45:00Z,IT-South,105.56,15
2025-12-29T08:45:00Z,LT,68.33,15
2025-12-29T08:45:00Z,LV,68.33,15
2025-12-29T08:45:00Z,NL,102.38,15
2025-12-29T08:45:00Z,NO1,71.38,15
2025-12-29T08:45:00Z,NO2,71.64,15
2025-12-29T08:45:00Z,NO3,43.37,15
2025-12-29T08:45:00Z,NO4,8.44,15
2025-12-29T08:45:00Z,NO5,69.68,15
2025-12-29T08:45:00Z,PL,103.82,15
2025-12-29T08:45:00Z,PT,105.01,15
2025-12-29T08:45:00Z,RO,91.49,15
2025-12-29T08:45:00Z,SE1,3.84,15
2025-12-29T08:45:00Z,SE2,3.46,15
2025-12-29T08:45:00Z,SE3,39.78,15
2025-12-29T08:45:00Z,SE4,68.00,15
2025-12-29T08:45:00Z,SI,100.70,15
2025-12-29T08:45:00Z,SK,103.52,15
2025-12-29T09:00:00Z,AT,137.63,15
2025-12-29T09:00:00Z,BE,110.54,15
2025-12-29T09:00:00Z,CH,110.71,60
2025-12-29T09:00:00Z,CZ,107.68,15
2025-12-29T09:00:00Z,DE-LU,107.33,15
2025-12-29T09:00:00Z,DK1,74.81,15
2025-12-29T09:00:00Z,DK2,74.82,15
2025-12-29T09:00:00Z,EE,68.44,15
2025-12-29T09:00:00Z,ES,101.35,15
2025-12-29T09:00:00Z,FI,3.72,15
2025-12-29T09:00:00Z,FR,109.47,15
2025-12-29T09:00:00Z,GR,75.30,15
2025-12-29T09:00:00Z,HR,107.83,15
2025-12-29T09:00:00Z,HU,107.85,15
2025-12-29T09:00:00Z,IT-CNorth,111.35,15
2025-12-29T09:00:00Z,IT-CSouth,111.35,15
2025-12-29T09:00:00Z,IT-North,111.35,15
2025-12-29T09:00:00Z,IT-Sardinia,111.35,15
2025-12-29T09:00:00Z,IT-Sicily,111.35,15
2025-12-29T09:00:00Z,IT-South,111.35,15
2025-12-29T09:00:00Z,LT,68.44,15
2025-12-29T09:00:00Z,LV,68.44,15
2025-12-29T09:00:00Z,NL,116.29,15
2025-12-29T09:00:00Z,NO1,71.52,15
2025-12-29T09:00:00Z,NO2,71.76,15
2025-12-29T09:00:00Z,NO3,43.59,15
2025-12-29T09:00:00Z,NO4,8.54,15
2025-12-29T09:00:00Z,NO5,69.85,15
2025-12-29T09:00:00Z,PL,107.52,15
2025-12-29T09:00:00Z,PT,109.47,15
2025-12-29T09:00:00Z,RO,107.09,15
2025-12-29T09:00:00Z,RS,93.30,15
2025-12-29T09:00:00Z,SE1,3.70,15
2025-12-29T09:00:00Z,SE2,3.39,15
2025-12-29T09:00:00Z,SE3,40.00,15
2025-12-29T09:00:00Z,SE4,68.12,15
2025-12-29T09:00:00Z,SI,107.94,15
2025-12-29T09:00:00Z,SK,107.76,15
2025-12-29T09:15:00Z,AT,118.60,15
2025-12-29T09:15:00Z,BE,103.95,15
2025-12-29T09:15:00Z,CZ,103.95,15
2025-12-29T09:15:00Z,DE-LU,103.95,15
2025-12-29T09:15:00Z,DK1,74.90,15
2025-12-29T09:15:00Z,DK2,74.90,15
2025-12-29T09:15:00Z,EE,68.58,15
2025-12-29T09:15:00Z,ES,98.20,15
2025-12-29T09:15:00Z,FI,3.90,15
2025-12-29T09:15:00Z,FR,103.95,15
2025-12-29T09:15:00Z,HR,103.95,15
2025-12-29T09:15:00Z,HU,103.95,15
2025-12-29T09:15:00Z,IT-CNorth,110.44,15
2025-12-29T09:15:00Z,IT-CSouth,110.44,15
2025-12-29T09:15:00Z,IT-North,110.44,15
2025-12-29T09:15:00Z,IT-Sardinia,110.44,15
2025-12-29T09:15:00Z,IT-Sicily,110.44,15
2025-12-29T09:15:00Z,IT-South,110.44,15
2025-12-29T09:15:00Z,LT,68.58,15
2025-12-29T09:15:00Z,LV,68.58,15
2025-12-29T09:15:00Z,NL,103.95,15
2025-12-29T09:15:00Z,NO1,71.72,15
2025-12-29T09:15:00Z,NO2,72.07,15
2025-12-29T09:15:00Z,NO3,43.13,15
2025-12-29T09:15:00Z,NO5,69.91,15
2025-12-29T09:15:00Z,PL,103.95,15
2025-12-29T09:15:00Z,PT,105.01,15
2025-12-29T09:15:00Z,RO,103.95,15
2025-12-29T09:15:00Z,SE1,3.90,15
2025-12-29T09:15:00Z,SE2,3.40,15
2025-12-29T09:15:00Z,SE3,39.99,15
2025-12-29T09:15:00Z,SE4,68.21,15
2025-12-29T09:15:00Z,SI,103.95,15
2025-12-29T09:15:00Z,SK,103.95,15
2025-12-29T09:30:00Z,AT,70.00,15
2025-12-29T09:30:00Z,BE,97.06,15
2025-12-29T09:30:00Z,CZ,95.14,15
2025-12-29T09:30:00Z,DE-LU,94.90,15
2025-12-29T09:30:00Z,DK1,74.46,15
2025-12-29T09:30:00Z,DK2,74.46,15
2025-12-29T09:30:00Z,EE,59.01,15
2025-12-29T09:30:00Z,ES,90.36,15
2025-12-29T09:30:00Z,FI,3.99,15
2025-12-29T09:30:00Z,FR,96.34,15
2025-12-29T09:30:00Z,GR,65.30,15
2025-12-29T09:30:00Z,HR,95.18,15
2025-12-29T09:30:00Z,HU,95.20,15
2025-12-29T09:30:00Z,IT-CNorth,101.30,15
2025-12-29T09:30:00Z,IT-CSouth,101.30,15
2025-12-29T09:30:00Z,IT-North,101.30,15
2025-12-29T09:30:00Z,IT-Sardinia,101.30,15
2025-12-29T09:30:00Z,IT-Sicily,101.30,15
2025-12-29T09:30:00Z,IT-South,101.30,15
2025-12-29T09:30:00Z,LT,59.01,15
2025-12-29T09:30:00Z,LV,59.01,15
2025-12-29T09:30:00Z,NL,100.94,15
2025-12-29T09:30:00Z,NO1,71.77,15
2025-12-29T09:30:00Z,NO2,72.16,15
2025-12-29T09:30:00Z,NO3,42.98,15
2025-12-29T09:30:00Z,NO4,8.50,15
2025-12-29T09:30:00Z,NO5,69.92,15
2025-12-29T09:30:00Z,PL,103.90,15
2025-12-29T09:30:00Z,PT,100.36,15
2025-12-29T09:30:00Z,RO,94.72,15
2025-12-29T09:30:00Z,SE1,4.00,15
2025-12-29T09:30:00Z,SE2,3.42,15
2025-12-29T09:30:00Z,SE3,35.00,15
2025-12-29T09:30:00Z,SE4,58.63,15
2025-12-29T09:30:00Z,SI,95.27,15
2025-12-29T09:30:00Z,SK,95.21,15
2025-12-29T09:45:00Z,AT,117.40,15
2025-12-29T09:45:00Z,BE,88.13,15
2025-12-29T09:45:00Z,CZ,84.81,15
2025-12-29T09:45:00Z,DE-LU,84.40,15
2025-12-29T09:45:00Z,DK1,74.30,15
2025-12-29T09:45:00Z,DK2,74.31,15
2025-12-29T09:45:00Z,EE,58.96,15
2025-12-29T09:45:00Z,ES,87.63,15
2025-12-29T09:45:00Z,FR,86.88,15
2025-12-29T09:45:00Z,HR,84.91,15
2025-12-29T09:45:00Z,HU,84.93,15
2025-12-29T09:45:00Z,IT-CNorth,96.91,15
2025-12-29T09:45:00Z,IT-CSouth,96.91,15
2025-12-29T09:45:00Z,IT-North,96.91,15
2025-12-29T09:45:00Z,IT-Sardinia,96.91,15
2025-12-29T09:45:00Z,IT-Sicily,96.91,15
2025-12-29T09:45:00Z,IT-South,96.91,15
2025-12-29T09:45:00Z,LT,58.96,15
2025-12-29T09:45:00Z,LV,58.96,15
2025-12-29T09:45:00Z,NL,94.82,15
2025-12-29T09:45:00Z,NO1,71.66,15
2025-12-29T09:45:00Z,NO2,72.01,15
2025-12-29T09:45:00Z,NO3,43.10,15
2025-12-29T09:45:00Z,NO4,8.48,15
2025-12-29T09:45:00Z,NO5,69.85,15
2025-12-29T09:45:00Z,PL,104.25,15
2025-12-29T09:45:00Z,PT,97.10,15
2025-12-29T09:45:00Z,RO,84.12,15
2025-12-29T09:45:00Z,SE1,3.99,15
2025-12-29T09:45:00Z,SE2,3.46,15
2025-12-29T09:45:00Z,SE3,34.99,15
2025-12-29T09:45:00Z,SE4,58.60,15
2025-12-29T09:45:00Z,SI,85.05,15
2025-12-29T09:45:00Z,SK,84.93,15
2025-12-29T10:00:00Z,AT,120.36,15
2025-12-29T10:00:00Z,BE,100.70,15
2025-12-29T10:00:00Z,CH,110.07,60
2025-12-29T10:00:00Z,CZ,94.76,15
2025-12-29T10:00:00Z,DE-LU,94.06,15
2025-12-29T10:00:00Z,DK1,74.29,15
2025-12-29T10:00:00Z,DK2,74.29,15
2025-12-29T10:00:00Z,EE,59.08,15
2025-12-29T10:00:00Z,ES,91.77,15
2025-12-29T10:00:00Z,FR,98.50,15
2025-12-29T10:00:00Z,GR,58.40,15
2025-12-29T10:00:00Z,HR,95.35,15
2025-12-29T10:00:00Z,HU,95.05,15
2025-12-29T10:00:00Z,IT-CNorth,103.66,15
2025-12-29T10:00:00Z,IT-CSouth,103.66,15
2025-12-29T10:00:00Z,IT-North,103.66,15
2025-12-29T10:00:00Z,IT-Sardinia,103.66,15
2025-12-29T10:00:00Z,IT-Sicily,103.66,15
2025-12-29T10:00:00Z,IT-South,103.66,15
2025-12-29T10:00:00Z,LT,59.08,15
2025-12-29T10:00:00Z,LV,59.08,15
2025-12-29T10:00:00Z,NL,112.50,15
2025-12-29T10:00:00Z,NO1,71.55,15
2025-12-29T10:00:00Z,NO2,71.98,15
2025-12-29T10:00:00Z,NO3,42.56,15
2025-12-29T10:00:00Z,NO4,8.71,15
2025-12-29T10:00:00Z,NO5,69.64,15
2025-12-29T10:00:00Z,PL,104.87,15
2025-12-29T10:00:00Z,PT,98.50,15
2025-12-29T10:00:00Z,RO,95.09,15
2025-12-29T10:00:00Z,RS,87.00,15
2025-12-29T10:00:00Z,SE1,4.00,15
2025-12-29T10:00:00Z,SE2,3.39,15
2025-12-29T10:00:00Z,SE3,35.00,15
2025-12-29T10:00:00Z,SE4,58.68,15
2025-12-29T10:00:00Z,SI,95.44,15
2025-12-29T10:00:00Z,SK,94.89,15
2025-12-29T10:15:00Z,AT,119.92,15
2025-12-29T10:15:00Z,BE,91.45,15
2025-12-29T10:15:00Z,CZ,88.81,15
2025-12-29T10:15:00Z,DE-LU,88.09,15
2025-12-29T10:15:00Z,DK1,75.71,15
2025-12-29T10:15:00Z,DK2,75.72,15
2025-12-29T10:15:00Z,EE,59.07,15
2025-12-29T10:15:00Z,ES,91.85,15
2025-12-29T10:15:00Z,FR,90.17,15
2025-12-29T10:15:00Z,HR,84.58,15
2025-12-29T10:15:00Z,HU,87.82,15
2025-12-29T10:15:00Z,IT-CNorth,102.91,15
2025-12-29T10:15:00Z,IT-CSouth,102.91,15
2025-12-29T10:15:00Z,IT-North,102.91,15
2025-12-29T10:15:00Z,IT-Sardinia,102.91,15
2025-12-29T10:15:00Z,IT-Sicily,102.91,15
2025-12-29T10:15:00Z,IT-South,102.91,15
2025-12-29T10:15:00Z,LT,59.07,15
2025-12-29T10:15:00Z,LV,59.07,15
2025-12-29T10:15:00Z,NL,97.73,15
2025-12-29T10:15:00Z,NO1,71.56,15
2025-12-29T10:15:00Z,NO2,72.00,15
2025-12-29T10:15:00Z,NO3,42.57,15
2025-12-29T10:15:00Z,NO5,69.66,15
2025-12-29T10:15:00Z,PL,105.10,15
2025-12-29T10:15:00Z,PT,95.35,15
2025-12-29T10:15:00Z,RO,73.68,15
2025-12-29T10:15:00Z,SE3,34.99,15
2025-12-29T10:15:00Z,SE4,58.67,15
2025-12-29T10:15:00Z,SI,86.45,15
2025-12-29T10:15:00Z,SK,89.97,15
2025-12-29T10:30:00Z,AT,79.99,15
2025-12-29T10:30:00Z,BE,91.23,15
2025-12-29T10:30:00Z,CZ,91.23,15
2025-12-29T10:30:00Z,DE-LU,91.23,15
2025-12-29T10:30:00Z,DK1,75.82,15
2025-12-29T10:30:00Z,DK2,75.82,15
2025-12-29T10:30:00Z,EE,53.81,15
2025-12-29T10:30:00Z,ES,90.55,15
2025-12-29T10:30:00Z,FR,91.23,15
2025-12-29T10:30:00Z,HR,91.23,15
2025-12-29T10:30:00Z,HU,91.23,15
2025-12-29T10:30:00Z,IT-CNorth,102.63,15
2025-12-29T10:30:00Z,IT-CSouth,102.63,15
2025-12-29T10:30:00Z,IT-North,102.63,15
2025-12-29T10:30:00Z,IT-Sardinia,102.63,15
2025-12-29T10:30:00Z,IT-Sicily,102.63,15
2025-12-29T10:30:00Z,IT-South,102.63,15
2025-12-29T10:30:00Z,LT,53.81,15
2025-12-29T10:30:00Z,LV,53.81,15
2025-12-29T10:30:00Z,NL,91.23,15
2025-12-29T10:30:00Z,NO1,71.54,15
2025-12-29T10:30:00Z,NO2,71.98,15
2025-12-29T10:30:00Z,NO3,42.58,15
2025-12-29T10:30:00Z,NO5,69.65,15
2025-12-29T10:30:00Z,PL,105.33,15
2025-12-29T10:30:00Z,PT,91.23,15
2025-12-29T10:30:00Z,RO,91.23,15
2025-12-29T10:30:00Z,SE3,31.99,15
2025-12-29T10:30:00Z,SE4,53.41,15
2025-12-29T10:30:00Z,SI,91.23,15
2025-12-29T10:30:00Z,SK,91.23,15
2025-12-29T10:45:00Z,AT,94.35,15
2025-12-29T10:45:00Z,BE,88.00,15
2025-12-29T10:45:00Z,CZ,88.00,15
2025-12-29T10:45:00Z,DE-LU,88.00,15
2025-12-29T10:45:00Z,DK1,76.54,15
2025-12-29T10:45:00Z,DK2,76.55,15
2025-12-29T10:45:00Z,EE,50.31,15
2025-12-29T10:45:00Z,ES,88.67,15
2025-12-29T10:45:00Z,FR,88.00,15
2025-12-29T10:45:00Z,HR,88.00,15
2025-12-29T10:45:00Z,HU,88.00,15
2025-12-29T10:45:00Z,IT-CNorth,102.50,15
2025-12-29T10:45:00Z,IT-CSouth,102.50,15
2025-12-29T10:45:00Z,IT-North,102.50,15
2025-12-29T10:45:00Z,IT-Sardinia,102.50,15
2025-12-29T10:45:00Z,IT-Sicily,102.50,15
2025-12-29T10:45:00Z,IT-South,102.50,15
2025-12-29T10:45:00Z,LT,50.31,15
2025-12-29T10:45:00Z,LV,50.31,15
2025-12-29T10:45:00Z,NL,88.00,15
2025-12-29T10:45:00Z,NO1,71.56,15
2025-12-29T10:45:00Z,NO2,72.00,15
2025-12-29T10:45:00Z,NO4,8.73,15
2025-12-29T10:45:00Z,NO5,69.66,15
2025-12-29T10:45:00Z,PL,105.37,15
2025-12-29T10:45:00Z,PT,88.00,15
2025-12-29T10:45:00Z,RO,88.00,15
2025-12-29T10:45:00Z,SE3,30.00,15
2025-12-29T10:45:00Z,SE4,49.92,15
2025-12-29T10:45:00Z,SI,88.00,15
2025-12-29T10:45:00Z,SK,88.00,15
2025-12-29T11:00:00Z,AT,103.89,15
2025-12-29T11:00:00Z,BE,94.16,15
2025-12-29T11:00:00Z,CH,106.23,60
2025-12-29T11:00:00Z,CZ,88.19,15
2025-12-29T11:00:00Z,DE-LU,87.45,15
2025-12-29T11:00:00Z,DK1,74.97,15
2025-12-29T11:00:00Z,DK2,74.98,15
2025-12-29T11:00:00Z,EE,50.20,15
2025-12-29T11:00:00Z,ES,89.57,15
2025-12-29T11:00:00Z,FR,91.92,15
2025-12-29T11:00:00Z,GR,75.10,15
2025-12-29T11:00:00Z,HR,88.39,15
2025-12-29T11:00:00Z,HU,88.38,15
2025-12-29T11:00:00Z,LT,50.20,15
2025-12-29T11:00:00Z,LV,50.20,15
2025-12-29T11:00:00Z,NL,107.00,15
2025-12-29T11:00:00Z,NO1,71.46,15
2025-12-29T11:00:00Z,NO2,71.88,15
2025-12-29T11:00:00Z,NO3,42.54,15
2025-12-29T11:00:00Z,NO4,8.49,15
2025-12-29T11:00:00Z,NO5,69.59,15
2025-12-29T11:00:00Z,PL,105.79,15
2025-12-29T11:00:00Z,PT,91.92,15
2025-12-29T11:00:00Z,RO,87.18,15
2025-12-29T11:00:00Z,RS,84.14,15
2025-12-29T11:00:00Z,SE2,3.40,15
2025-12-29T11:00:00Z,SE3,29.99,15
2025-12-29T11:00:00Z,SE4,49.82,15
2025-12-29T11:00:00Z,SI,88.63,15
2025-12-29T11:00:00Z,SK,88.42,15
2025-12-29T11:15:00Z,AT,97.45,15
2025-12-29T11:15:00Z,BE,90.00,15
2025-12-29T11:15:00Z,CZ,86.93,15
2025-12-29T11:15:00Z,DE-LU,86.55,15
2025-12-29T11:15:00Z,DK1,74.90,15
2025-12-29T11:15:00Z,DK2,74.90,15
2025-12-29T11:15:00Z,EE,50.00,15
2025-12-29T11:15:00Z,ES,87.49,15
2025-12-29T11:15:00Z,FR,88.85,15
2025-12-29T11:15:00Z,HR,87.04,15
2025-12-29T11:15:00Z,HU,87.03,15
2025-12-29T11:15:00Z,IT-CNorth,101.50,15
2025-12-29T11:15:00Z,IT-CSouth,101.50,15
2025-12-29T11:15:00Z,IT-North,101.50,15
2025-12-29T11:15:00Z,IT-Sardinia,101.50,15
2025-12-29T11:15:00Z,IT-Sicily,101.50,15
2025-12-29T11:15:00Z,IT-South,101.50,15
2025-12-29T11:15:00Z,LT,50.00,15
2025-12-29T11:15:00Z,LV,50.00,15
2025-12-29T11:15:00Z,NL,96.60,15
2025-12-29T11:15:00Z,NO1,71.45,15
2025-12-29T11:15:00Z,NO2,71.87,15
2025-12-29T11:15:00Z,NO4,8.48,15
2025-12-29T11:15:00Z,NO5,69.58,15
2025-12-29T11:15:00Z,PL,105.97,15
2025-12-29T11:15:00Z,PT,88.85,15
2025-12-29T11:15:00Z,RO,86.41,15
2025-12-29T11:15:00Z,SE3,29.88,15
2025-12-29T11:15:00Z,SE4,49.63,15
2025-12-29T11:15:00Z,SI,87.16,15
2025-12-29T11:15:00Z,SK,87.05,15
2025-12-29T11:30:00Z,AT,97.44,15
2025-12-29T11:30:00Z,BE,90.42,15
2025-12-29T11:30:00Z,CZ,88.32,15
2025-12-29T11:30:00Z,DE-LU,88.06,15
2025-12-29T11:30:00Z,DK1,75.00,15
2025-12-29T11:30:00Z,DK2,75.00,15
2025-12-29T11:30:00Z,EE,45.37,15
2025-12-29T11:30:00Z,ES,85.22,15
2025-12-29T11:30:00Z,FR,89.63,15
2025-12-29T11:30:00Z,HR,88.39,15
2025-12-29T11:30:00Z,HU,88.39,15
2025-12-29T11:30:00Z,LT,45.37,15
2025-12-29T11:30:00Z,LV,45.37,15
2025-12-29T11:30:00Z,NL,94.92,15
2025-12-29T11:30:00Z,NO1,71.42,15
2025-12-29T11:30:00Z,NO2,71.79,15
2025-12-29T11:30:00Z,NO3,42.72,15
2025-12-29T11:30:00Z,NO4,8.47,15
2025-12-29T11:30:00Z,NO5,69.59,15
2025-12-29T11:30:00Z,PL,105.36,15
2025-12-29T11:30:00Z,PT,89.63,15
2025-12-29T11:30:00Z,RO,87.97,15
2025-12-29T11:30:00Z,SE1,3.99,15
2025-12-29T11:30:00Z,SE2,3.45,15
2025-12-29T11:30:00Z,SE3,27.26,15
2025-12-29T11:30:00Z,SE4,45.02,15
2025-12-29T11:30:00Z,SI,88.48,15
2025-12-29T11:30:00Z,SK,88.40,15
2025-12-29T11:45:00Z,AT,97.45,15
2025-12-29T11:45:00Z,BE,88.57,15
2025-12-29T11:45:00Z,CZ,88.57,15
2025-12-29T11:45:00Z,DE-LU,88.57,15
2025-12-29T11:45:00Z,DK1,79.39,15
2025-12-29T11:45:00Z,DK2,79.39,15
2025-12-29T11:45:00Z,EE,40.40,15
2025-12-29T11:45:00Z,ES,87.00,15
2025-12-29T11:45:00Z,FI,3.86,15
2025-12-29T11:45:00Z,FR,88.57,15
2025-12-29T11:45:00Z,HR,88.57,15
2025-12-29T11:45:00Z,HU,88.57,15
2025-12-29T11:45:00Z,LT,40.40,15
2025-12-29T11:45:00Z,LV,40.40,15
2025-12-29T11:45:00Z,NL,88.57,15
2025-12-29T11:45:00Z,NO1,71.37,15
2025-12-29T11:45:00Z,NO2,71.69,15
2025-12-29T11:45:00Z,NO3,43.01,15
2025-12-29T11:45:00Z,NO4,8.51,15
2025-12-29T11:45:00Z,NO5,69.63,15
2025-12-29T11:45:00Z,PL,104.62,15
2025-12-29T11:45:00Z,PT,88.57,15
2025-12-29T11:45:00Z,RO,88.57,15
2025-12-29T11:45:00Z,SE1,3.85,15
2025-12-29T11:45:00Z,SE2,3.42,15
2025-12-29T11:45:00Z,SE3,24.39,15
2025-12-29T11:45:00Z,SE4,40.09,15
2025-12-29T11:45:00Z,SI,88.57,15
2025-12-29T11:45:00Z,SK,88.57,15
2025-12-29T12:00:00Z,AT,94.00,15
2025-12-29T12:00:00Z,BE,93.37,15
2025-12-29T12:00:00Z,CH,105.60,60
2025-12-29T12:00:00Z,CZ,87.60,15
2025-12-29T12:00:00Z,DE-LU,87.05,15
2025-12-29T12:00:00Z,DK1,76.58,15
2025-12-29T12:00:00Z,DK2,76.58,15
2025-12-29T12:00:00Z,EE,34.38,15
2025-12-29T12:00:00Z,ES,88.28,15
2025-12-29T12:00:00Z,FI,4.33,15
2025-12-29T12:00:00Z,FR,90.00,15
2025-12-29T12:00:00Z,GR,82.87,15
2025-12-29T12:00:00Z,HR,87.35,15
2025-12-29T12:00:00Z,HU,87.81,15
2025-12-29T12:00:00Z,IT-CNorth,102.80,15
2025-12-29T12:00:00Z,IT-CSouth,102.80,15
2025-12-29T12:00:00Z,IT-North,102.80,15
2025-12-29T12:00:00Z,IT-Sardinia,102.80,15
2025-12-29T12:00:00Z,IT-Sicily,102.80,15
2025-12-29T12:00:00Z,IT-South,102.80,15
2025-12-29T12:00:00Z,LT,34.38,15
2025-12-29T12:00:00Z,LV,34.38,15
2025-12-29T12:00:00Z,NL,103.65,15
2025-12-29T12:00:00Z,NO1,71.75,15
2025-12-29T12:00:00Z,NO2,72.60,15
2025-12-29T12:00:00Z,NO3,41.05,15
2025-12-29T12:00:00Z,NO4,9.11,15
2025-12-29T12:00:00Z,NO5,69.37,15
2025-12-29T12:00:00Z,PL,104.97,15
2025-12-29T12:00:00Z,PT,90.00,15
2025-12-29T12:00:00Z,RO,82.87,15
2025-12-29T12:00:00Z,RS,89.92,15
2025-12-29T12:00:00Z,SE1,4.36,15
2025-12-29T12:00:00Z,SE2,3.15,15
2025-12-29T12:00:00Z,SE3,20.91,15
2025-12-29T12:00:00Z,SE4,33.80,15
2025-12-29T12:00:00Z,SI,87.81,15
2025-12-29T12:00:00Z,SK,87.81,15
2025-12-29T12:15:00Z,AT,99.94,15
2025-12-29T12:15:00Z,BE,92.15,15
2025-12-29T12:15:00Z,CZ,88.30,15
2025-12-29T12:15:00Z,DE-LU,88.08,15
2025-12-29T12:15:00Z,DK1,78.00,15
2025-12-29T12:15:00Z,DK2,78.00,15
2025-12-29T12:15:00Z,EE,35.65,15
2025-12-29T12:15:00Z,ES,85.32,15
2025-12-29T12:15:00Z,FR,89.14,15
2025-12-29T12:15:00Z,GR,88.38,15
2025-12-29T12:15:00Z,HR,88.47,15
2025-12-29T12:15:00Z,HU,88.38,15
2025-12-29T12:15:00Z,LT,35.65,15
2025-12-29T12:15:00Z,LV,35.65,15
2025-12-29T12:15:00Z,NL,97.39,15
2025-12-29T12:15:00Z,NO1,71.77,15
2025-12-29T12:15:00Z,NO2,72.62,15
2025-12-29T12:15:00Z,NO4,9.12,15
2025-12-29T12:15:00Z,NO5,69.39,15
2025-12-29T12:15:00Z,PL,105.46,15
2025-12-29T12:15:00Z,PT,89.14,15
2025-12-29T12:15:00Z,RO,88.38,15
2025-12-29T12:15:00Z,SE3,21.64,15
2025-12-29T12:15:00Z,SE4,35.06,15
2025-12-29T12:15:00Z,SI,88.50,15
2025-12-29T12:15:00Z,SK,88.33,15
2025-12-29T12:30:00Z,AT,102.44,15
2025-12-29T12:30:00Z,BE,88.77,15
2025-12-29T12:30:00Z,CZ,87.78,15
2025-12-29T12:30:00Z,DE-LU,87.73,15
2025-12-29T12:30:00Z,DK1,79.92,15
2025-12-29T12:30:00Z,DK2,79.92,15
2025-12-29T12:30:00Z,EE,38.34,15
2025-12-29T12:30:00Z,ES,85.94,15
2025-12-29T12:30:00Z,FR,88.00,15
2025-12-29T12:30:00Z,GR,87.81,15
2025-12-29T12:30:00Z,HR,87.83,15
2025-12-29T12:30:00Z,HU,87.81,15
2025-12-29T12:30:00Z,IT-CNorth,102.91,15
2025-12-29T12:30:00Z,IT-CSouth,102.91,15
2025-12-29T12:30:00Z,IT-North,102.91,15
2025-12-29T12:30:00Z,IT-Sardinia,102.91,15
2025-12-29T12:30:00Z,IT-Sicily,102.91,15
2025-12-29T12:30:00Z,IT-South,102.91,15
2025-12-29T12:30:00Z,LT,38.34,15
2025-12-29T12:30:00Z,LV,38.34,15
2025-12-29T12:30:00Z,NL,90.10,15
2025-12-29T12:30:00Z,NO1,71.79,15
2025-12-29T12:30:00Z,NO2,72.65,15
2025-12-29T12:30:00Z,NO3,41.07,15
2025-12-29T12:30:00Z,NO5,69.41,15
2025-12-29T12:30:00Z,PL,112.55,15
2025-12-29T12:30:00Z,PT,88.00,15
2025-12-29T12:30:00Z,RO,87.81,15
2025-12-29T12:30:00Z,SE3,23.17,15
2025-12-29T12:30:00Z,SE4,37.75,15
2025-12-29T12:30:00Z,SI,87.84,15
2025-12-29T12:30:00Z,SK,87.79,15
2025-12-29T12:45:00Z,AT,99.95,15
2025-12-29T12:45:00Z,BE,91.23,15
2025-12-29T12:45:00Z,CZ,91.23,15
2025-12-29T12:45:00Z,DE-LU,91.23,15
2025-12-29T12:45:00Z,DK1,87.11,15
2025-12-29T12:45:00Z,DK2,87.11,15
2025-12-29T12:45:00Z,EE,41.65,15
2025-12-29T12:45:00Z,ES,83.68,15
2025-12-29T12:45:00Z,FR,91.23,15
2025-12-29T12:45:00Z,GR,91.23,15
2025-12-29T12:45:00Z,HR,91.23,15
2025-12-29T12:45:00Z,HU,91.23,15
2025-12-29T12:45:00Z,IT-CNorth,104.08,15
2025-12-29T12:45:00Z,IT-CSouth,104.08,15
2025-12-29T12:45:00Z,IT-North,104.08,15
2025-12-29T12:45:00Z,IT-Sardinia,104.08,15
2025-12-29T12:45:00Z,IT-Sicily,104.08,15
2025-12-29T12:45:00Z,IT-South,104.08,15
2025-12-29T12:45:00Z,LT,41.65,15
2025-12-29T12:45:00Z,LV,41.65,15
2025-12-29T12:45:00Z,NL,91.23,15
2025-12-29T12:45:00Z,NO1,71.82,15
2025-12-29T12:45:00Z,NO2,72.67,15
2025-12-29T12:45:00Z,NO3,41.08,15
2025-12-29T12:45:00Z,NO4,9.13,15
2025-12-29T12:45:00Z,NO5,69.43,15
2025-12-29T12:45:00Z,PL,108.59,15
2025-12-29T12:45:00Z,PT,91.23,15
2025-12-29T12:45:00Z,RO,91.23,15
2025-12-29T12:45:00Z,SE3,25.07,15
2025-12-29T12:45:00Z,SE4,41.06,15
2025-12-29T12:45:00Z,SI,91.23,15
2025-12-29T12:45:00Z,SK,91.23,15
2025-12-29T13:00:00Z,AT,99.91,15
2025-12-29T13:00:00Z,BE,90.38,15
2025-12-29T13:00:00Z,CH,108.50,60
2025-12-29T13:00:00Z,CZ,90.38,15
2025-12-29T13:00:00Z,DE-LU,90.38,15
2025-12-29T13:00:00Z,DK1,78.89,15
2025-12-29T13:00:00Z,DK2,78.89,15
2025-12-29T13:00:00Z,EE,43.03,15
2025-12-29T13:00:00Z,ES,87.47,15
2025-12-29T13:00:00Z,FI,4.52,15
2025-12-29T13:00:00Z,FR,90.38,15
2025-12-29T13:00:00Z,GR,90.38,15
2025-12-29T13:00:00Z,HR,90.38,15
2025-12-29T13:00:00Z,HU,90.38,15
2025-12-29T13:00:00Z,IT-CNorth,102.91,15
2025-12-29T13:00:00Z,IT-CSouth,102.91,15
2025-12-29T13:00:00Z,IT-North,102.91,15
2025-12-29T13:00:00Z,IT-Sardinia,102.91,15
2025-12-29T13:00:00Z,IT-Sicily,102.91,15
2025-12-29T13:00:00Z,IT-South,102.91,15
2025-12-29T13:00:00Z,LT,43.03,15
2025-12-29T13:00:00Z,LV,43.03,15
2025-12-29T13:00:00Z,NL,90.38,15
2025-12-29T13:00:00Z,NO1,71.84,15
2025-12-29T13:00:00Z,NO2,72.90,15
2025-12-29T13:00:00Z,NO3,40.03,15
2025-12-29T13:00:00Z,NO4,10.08,15
2025-12-29T13:00:00Z,NO5,69.20,15
2025-12-29T13:00:00Z,PL,104.84,15
2025-12-29T13:00:00Z,PT,90.38,15
2025-12-29T13:00:00Z,RO,90.38,15
2025-12-29T13:00:00Z,RS,98.62,15
2025-12-29T13:00:00Z,SE1,4.54,15
2025-12-29T13:00:00Z,SE3,25.90,15
2025-12-29T13:00:00Z,SE4,42.34,15
2025-12-29T13:00:00Z,SI,90.38,15
2025-12-29T13:00:00Z,SK,90.38,15
2025-12-29T13:15:00Z,AT,109.92,15
2025-12-29T13:15:00Z,BE,94.27,15
2025-12-29T13:15:00Z,CZ,94.27,15
2025-12-29T13:15:00Z,DE-LU,94.27,15
2025-12-29T13:15:00Z,DK1,81.85,15
2025-12-29T13:15:00Z,DK2,81.85,15
2025-12-29T13:15:00Z,EE,50.19,15
2025-12-29T13:15:00Z,ES,89.57,15
2025-12-29T13:15:00Z,FI,4.60,15
2025-12-29T13:15:00Z,FR,94.27,15
2025-12-29T13:15:00Z,GR,94.27,15
2025-12-29T13:15:00Z,HR,94.27,15
2025-12-29T13:15:00Z,HU,94.27,15
2025-12-29T13:15:00Z,IT-CNorth,108.33,15
2025-12-29T13:15:00Z,IT-CSouth,108.33,15
2025-12-29T13:15:00Z,IT-North,108.33,15
2025-12-29T13:15:00Z,IT-Sardinia,108.33,15
2025-12-29T13:15:00Z,IT-Sicily,108.33,15
2025-12-29T13:15:00Z,IT-South,108.33,15
2025-12-29T13:15:00Z,LT,50.19,15
2025-12-29T13:15:00Z,LV,50.19,15
2025-12-29T13:15:00Z,NL,94.27,15
2025-12-29T13:15:00Z,NO1,72.01,15
2025-12-29T13:15:00Z,NO2,73.15,15
2025-12-29T13:15:00Z,NO3,39.71,15
2025-12-29T13:15:00Z,NO4,10.51,15
2025-12-29T13:15:00Z,NO5,69.25,15
2025-12-29T13:15:00Z,PL,104.05,15
2025-12-29T13:15:00Z,PT,94.27,15
2025-12-29T13:15:00Z,RO,94.27,15
2025-12-29T13:15:00Z,SE1,4.63,15
2025-12-29T13:15:00Z,SE3,29.99,15
2025-12-29T13:15:00Z,SE4,49.44,15
2025-12-29T13:15:00Z,SI,94.27,15
2025-12-29T13:15:00Z,SK,94.27,15
2025-12-29T13:30:00Z,AT,112.45,15
2025-12-29T13:30:00Z,BE,97.65,15
2025-12-29T13:30:00Z,CZ,108.00,15
2025-12-29T13:30:00Z,DE-LU,97.34,15
2025-12-29T13:30:00Z,DK1,86.67,15
2025-12-29T13:30:00Z,DK2,86.68,15
2025-12-29T13:30:00Z,EE,53.69,15
2025-12-29T13:30:00Z,ES,87.61,15
2025-12-29T13:30:00Z,FI,4.58,15
2025-12-29T13:30:00Z,FR,97.20,15
2025-12-29T13:30:00Z,GR,104.12,15
2025-12-29T13:30:00Z,HR,103.57,15
2025-12-29T13:30:00Z,HU,104.35,15
2025-12-29T13:30:00Z,IT-CNorth,114.34,15
2025-12-29T13:30:00Z,IT-CSouth,114.34,15
2025-12-29T13:30:00Z,IT-North,114.34,15
2025-12-29T13:30:00Z,IT-Sardinia,114.34,15
2025-12-29T13:30:00Z,IT-Sicily,114.34,15
2025-12-29T13:30:00Z,IT-South,114.34,15
2025-12-29T13:30:00Z,LT,53.69,15
2025-12-29T13:30:00Z,LV,53.69,15
2025-12-29T13:30:00Z,NL,97.49,15
2025-12-29T13:30:00Z,NO1,72.03,15
2025-12-29T13:30:00Z,NO3,39.81,15
2025-12-29T13:30:00Z,NO4,10.43,15
2025-12-29T13:30:00Z,NO5,69.30,15
2025-12-29T13:30:00Z,PL,103.91,15
2025-12-29T13:30:00Z,PT,97.20,15
2025-12-29T13:30:00Z,RO,104.12,15
2025-12-29T13:30:00Z,SE1,4.61,15
2025-12-29T13:30:00Z,SE3,32.00,15
2025-12-29T13:30:00Z,SE4,52.94,15
2025-12-29T13:30:00Z,SI,103.39,15
2025-12-29T13:30:00Z,SK,104.71,15
2025-12-29T13:45:00Z,AT,120.36,15
2025-12-29T13:45:00Z,BE,102.42,15
2025-12-29T13:45:00Z,CZ,135.31,15
2025-12-29T13:45:00Z,DE-LU,102.42,15
2025-12-29T13:45:00Z,DK1,93.39,15
2025-12-29T13:45:00Z,DK2,93.40,15
2025-12-29T13:45:00Z,EE,58.93,15
2025-12-29T13:45:00Z,ES,80.00,15
2025-12-29T13:45:00Z,FI,4.61,15
2025-12-29T13:45:00Z,FR,98.78,15
2025-12-29T13:45:00Z,GR,127.70,15
2025-12-29T13:45:00Z,HR,121.29,15
2025-12-29T13:45:00Z,HU,122.02,15
2025-12-29T13:45:00Z,IT-CNorth,114.42,15
2025-12-29T13:45:00Z,IT-CSouth,114.42,15
2025-12-29T13:45:00Z,IT-North,114.42,15
2025-12-29T13:45:00Z,IT-Sardinia,114.42,15
2025-12-29T13:45:00Z,IT-Sicily,114.42,15
2025-12-29T13:45:00Z,IT-South,114.42,15
2025-12-29T13:45:00Z,LT,58.93,15
2025-12-29T13:45:00Z,LV,58.93,15
2025-12-29T13:45:00Z,NL,102.42,15
2025-12-29T13:45:00Z,NO1,72.17,15
2025-12-29T13:45:00Z,NO2,73.33,15
2025-12-29T13:45:00Z,NO3,39.71,15
2025-12-29T13:45:00Z,NO4,10.61,15
2025-12-29T13:45:00Z,NO5,69.39,15
2025-12-29T13:45:00Z,PL,112.14,15
2025-12-29T13:45:00Z,PT,98.78,15
2025-12-29T13:45:00Z,RO,127.70,15
2025-12-29T13:45:00Z,SE1,4.64,15
2025-12-29T13:45:00Z,SE3,35.00,15
2025-12-29T13:45:00Z,SE4,58.16,15
2025-12-29T13:45:00Z,SI,120.50,15
2025-12-29T13:45:00Z,SK,121.93,15
2025-12-29T14:00:00Z,AT,107.42,15
2025-12-29T14:00:00Z,BE,93.74,15
2025-12-29T14:00:00Z,CH,116.36,60
2025-12-29T14:00:00Z,CZ,96.59,15
2025-12-29T14:00:00Z,DE-LU,94.51,15
2025-12-29T14:00:00Z,DK1,79.69,15
2025-12-29T14:00:00Z,DK2,79.70,15
2025-12-29T14:00:00Z,EE,58.45,15
2025-12-29T14:00:00Z,ES,79.84,15
2025-12-29T14:00:00Z,FI,4.81,15
2025-12-29T14:00:00Z,FR,91.29,15
2025-12-29T14:00:00Z,GR,97.45,15
2025-12-29T14:00:00Z,HR,97.01,15
2025-12-29T14:00:00Z,HU,97.40,15
2025-12-29T14:00:00Z,LT,58.45,15
2025-12-29T14:00:00Z,LV,58.45,15
2025-12-29T14:00:00Z,NL,94.13,15
2025-12-29T14:00:00Z,NO1,71.85,15
2025-12-29T14:00:00Z,NO2,72.96,15
2025-12-29T14:00:00Z,NO3,39.75,15
2025-12-29T14:00:00Z,NO4,10.65,15
2025-12-29T14:00:00Z,NO5,69.14,15
2025-12-29T14:00:00Z,PL,99.82,15
2025-12-29T14:00:00Z,PT,91.29,15
2025-12-29T14:00:00Z,RO,97.45,15
2025-12-29T14:00:00Z,RS,118.54,15
2025-12-29T14:00:00Z,SE1,4.84,15
2025-12-29T14:00:00Z,SE2,3.39,15
2025-12-29T14:00:00Z,SE3,34.99,15
2025-12-29T14:00:00Z,SE4,57.70,15
2025-12-29T14:00:00Z,SI,96.86,15
2025-12-29T14:00:00Z,SK,97.73,15
2025-12-29T14:15:00Z,AT,119.97,15
2025-12-29T14:15:00Z,BE,101.34,15
2025-12-29T14:15:00Z,CZ,105.45,15
2025-12-29T14:15:00Z,DE-LU,104.31,15
2025-12-29T14:15:00Z,DK1,86.22,15
2025-12-29T14:15:00Z,DK2,86.22,15
2025-12-29T14:15:00Z,EE,58.47,15
2025-12-29T14:15:00Z,ES,84.62,15
2025-12-29T14:15:00Z,FI,4.86,15
2025-12-29T14:15:00Z,FR,93.66,15
2025-12-29T14:15:00Z,GR,105.51,15
2025-12-29T14:15:00Z,HR,105.73,15
2025-12-29T14:15:00Z,HU,105.47,15
2025-12-29T14:15:00Z,IT-CNorth,120.00,15
2025-12-29T14:15:00Z,IT-CSouth,120.00,15
2025-12-29T14:15:00Z,IT-North,120.00,15
2025-12-29T14:15:00Z,IT-Sardinia,120.00,15
2025-12-29T14:15:00Z,IT-Sicily,120.00,15
2025-12-29T14:15:00Z,IT-South,120.00,15
2025-12-29T14:15:00Z,LT,58.47,15
2025-12-29T14:15:00Z,LV,58.47,15
2025-12-29T14:15:00Z,NL,102.68,15
2025-12-29T14:15:00Z,NO1,71.97,15
2025-12-29T14:15:00Z,NO2,73.13,15
2025-12-29T14:15:00Z,NO3,39.58,15
2025-12-29T14:15:00Z,NO4,10.89,15
2025-12-29T14:15:00Z,NO5,69.20,15
2025-12-29T14:15:00Z,PL,104.91,15
2025-12-29T14:15:00Z,PT,93.66,15
2025-12-29T14:15:00Z,RO,105.51,15
2025-12-29T14:15:00Z,SE1,4.89,15
2025-12-29T14:15:00Z,SE4,57.69,15
2025-12-29T14:15:00Z,SI,105.79,15
2025-12-29T14:15:00Z,SK,105.37,15
2025-12-29T14:30:00Z,AT,122.42,15
2025-12-29T14:30:00Z,BE,105.89,15
2025-12-29T14:30:00Z,CZ,122.75,15
2025-12-29T14:30:00Z,DE-LU,108.80,15
2025-12-29T14:30:00Z,DK1,90.20,15
2025-12-29T14:30:00Z,DK2,90.20,15
2025-12-29T14:30:00Z,EE,64.51,15
2025-12-29T14:30:00Z,ES,85.96,15
2025-12-29T14:30:00Z,FI,4.88,15
2025-12-29T14:30:00Z,FR,97.12,15
2025-12-29T14:30:00Z,GR,138.37,15
2025-12-29T14:30:00Z,HR,124.50,15
2025-12-29T14:30:00Z,HU,121.90,15
2025-12-29T14:30:00Z,IT-CNorth,131.88,15
2025-12-29T14:30:00Z,IT-CSouth,131.88,15
2025-12-29T14:30:00Z,IT-North,131.88,15
2025-12-29T14:30:00Z,IT-Sardinia,131.88,15
2025-12-29T14:30:00Z,IT-Sicily,131.88,15
2025-12-29T14:30:00Z,IT-South,131.88,15
2025-12-29T14:30:00Z,LT,64.51,15
2025-12-29T14:30:00Z,LV,64.51,15
2025-12-29T14:30:00Z,NL,107.12,15
2025-12-29T14:30:00Z,NO1,72.23,15
2025-12-29T14:30:00Z,NO2,73.52,15
2025-12-29T14:30:00Z,NO3,39.07,15
2025-12-29T14:30:00Z,NO4,11.43,15
2025-12-29T14:30:00Z,NO5,69.29,15
2025-12-29T14:30:00Z,PL,114.09,15
2025-12-29T14:30:00Z,PT,97.12,15
2025-12-29T14:30:00Z,RO,138.37,15
2025-12-29T14:30:00Z,SE1,4.91,15
2025-12-29T14:30:00Z,SE2,3.29,15
2025-12-29T14:30:00Z,SE3,38.42,15
2025-12-29T14:30:00Z,SE4,63.65,15
2025-12-29T14:30:00Z,SI,123.31,15
2025-12-29T14:30:00Z,SK,119.80,15
2025-12-29T14:45:00Z,AT,120.36,15
2025-12-29T14:45:00Z,BE,105.69,15
2025-12-29T14:45:00Z,CZ,135.21,15
2025-12-29T14:45:00Z,DE-LU,106.41,15
2025-12-29T14:45:00Z,DK1,93.49,15
2025-12-29T14:45:00Z,DK2,93.50,15
2025-12-29T14:45:00Z,EE,67.30,15
2025-12-29T14:45:00Z,ES,88.00,15
2025-12-29T14:45:00Z,FI,4.71,15
2025-12-29T14:45:00Z,FR,101.00,15
2025-12-29T14:45:00Z,GR,158.67,15
2025-12-29T14:45:00Z,HR,135.07,15
2025-12-29T14:45:00Z,HU,131.42,15
2025-12-29T14:45:00Z,IT-CNorth,133.70,15
2025-12-29T14:45:00Z,IT-CSouth,133.70,15
2025-12-29T14:45:00Z,IT-North,133.70,15
2025-12-29T14:45:00Z,IT-Sardinia,133.70,15
2025-12-29T14:45:00Z,IT-Sicily,133.70,15
2025-12-29T14:45:00Z,IT-South,133.70,15
2025-12-29T14:45:00Z,LT,67.30,15
2025-12-29T14:45:00Z,LV,67.30,15
2025-12-29T14:45:00Z,NL,105.85,15
2025-12-29T14:45:00Z,NO1,72.22,15
2025-12-29T14:45:00Z,NO2,73.44,15
2025-12-29T14:45:00Z,NO3,39.41,15
2025-12-29T14:45:00Z,NO4,10.96,15
2025-12-29T14:45:00Z,NO5,69.38,15
2025-12-29T14:45:00Z,PL,116.78,15
2025-12-29T14:45:00Z,PT,101.00,15
2025-12-29T14:45:00Z,RO,158.67,15
2025-12-29T14:45:00Z,SE1,4.74,15
2025-12-29T14:45:00Z,SE2,3.19,15
2025-12-29T14:45:00Z,SE3,39.99,15
2025-12-29T14:45:00Z,SE4,66.48,15
2025-12-29T14:45:00Z,SI,132.97,15
2025-12-29T14:45:00Z,SK,128.08,15
2025-12-29T15:00:00Z,AT,119.96,15
2025-12-29T15:00:00Z,BE,103.48,15
2025-12-29T15:00:00Z,CH,117.33,60
2025-12-29T15:00:00Z,CZ,106.32,15
2025-12-29T15:00:00Z,DE-LU,105.70,15
2025-12-29T15:00:00Z,DK1,87.15,15
2025-12-29T15:00:00Z,DK2,87.15,15
2025-12-29T15:00:00Z,EE,60.29,15
2025-12-29T15:00:00Z,ES,89.90,15
2025-12-29T15:00:00Z,FI,5.00,15
2025-12-29T15:00:00Z,FR,96.73,15
2025-12-29T15:00:00Z,GR,134.87,15
2025-12-29T15:00:00Z,HR,123.21,15
2025-12-29T15:00:00Z,HU,139.10,15
2025-12-29T15:00:00Z,IT-CNorth,119.18,15
2025-12-29T15:00:00Z,IT-CSouth,119.18,15
2025-12-29T15:00:00Z,IT-North,119.18,15
2025-12-29T15:00:00Z,IT-Sardinia,119.18,15
2025-12-29T15:00:00Z,IT-Sicily,119.18,15
2025-12-29T15:00:00Z,IT-South,119.18,15
2025-12-29T15:00:00Z,LT,60.29,15
2025-12-29T15:00:00Z,LV,60.29,15
2025-12-29T15:00:00Z,NL,104.36,15
2025-12-29T15:00:00Z,NO1,72.97,15
2025-12-29T15:00:00Z,NO2,74.56,15
2025-12-29T15:00:00Z,NO3,38.06,15
2025-12-29T15:00:00Z,NO4,12.73,15
2025-12-29T15:00:00Z,NO5,69.67,15
2025-12-29T15:00:00Z,PL,105.56,15
2025-12-29T15:00:00Z,PT,96.73,15
2025-12-29T15:00:00Z,RO,134.87,15
2025-12-29T15:00:00Z,RS,131.00,15
2025-12-29T15:00:00Z,SE1,5.05,15
2025-12-29T15:00:00Z,SE2,3.11,15
2025-12-29T15:00:00Z,SE3,35.98,15
2025-12-29T15:00:00Z,SE4,59.29,15
2025-12-29T15:00:00Z,SI,118.17,15
2025-12-29T15:00:00Z,SK,98.69,15
2025-12-29T15:15:00Z,AT,120.63,15
2025-12-29T15:15:00Z,BE,106.17,15
2025-12-29T15:15:00Z,CZ,112.06,15
2025-12-29T15:15:00Z,DE-LU,109.46,15
2025-12-29T15:15:00Z,DK1,86.48,15
2025-12-29T15:15:00Z,DK2,86.49,15
2025-12-29T15:15:00Z,EE,66.84,15
2025-12-29T15:15:00Z,ES,92.09,15
2025-12-29T15:15:00Z,FR,95.94,15
2025-12-29T15:15:00Z,GR,154.87,15
2025-12-29T15:15:00Z,HR,137.03,15
2025-12-29T15:15:00Z,HU,161.36,15
2025-12-29T15:15:00Z,IT-CNorth,131.56,15
2025-12-29T15:15:00Z,IT-CSouth,131.56,15
2025-12-29T15:15:00Z,IT-North,131.56,15
2025-12-29T15:15:00Z,IT-Sardinia,131.56,15
2025-12-29T15:15:00Z,IT-Sicily,131.56,15
2025-12-29T15:15:00Z,IT-South,131.56,15
2025-12-29T15:15:00Z,LT,66.84,15
2025-12-29T15:15:00Z,LV,66.84,15
2025-12-29T15:15:00Z,NL,107.48,15
2025-12-29T15:15:00Z,NO1,72.99,15
2025-12-29T15:15:00Z,NO2,74.57,15
2025-12-29T15:15:00Z,NO3,38.07,15
2025-12-29T15:15:00Z,NO4,12.72,15
2025-12-29T15:15:00Z,NO5,69.68,15
2025-12-29T15:15:00Z,PL,109.76,15
2025-12-29T15:15:00Z,PT,100.01,15
2025-12-29T15:15:00Z,RO,154.87,15
2025-12-29T15:15:00Z,SE3,39.77,15
2025-12-29T15:15:00Z,SE4,65.83,15
2025-12-29T15:15:00Z,SI,129.32,15
2025-12-29T15:15:00Z,SK,99.78,15
2025-12-29T15:30:00Z,AT,120.97,15
2025-12-29T15:30:00Z,BE,108.38,15
2025-12-29T15:30:00Z,CZ,119.00,15
2025-12-29T15:30:00Z,DE-LU,112.48,15
2025-12-29T15:30:00Z,DK1,87.99,15
2025-12-29T15:30:00Z,DK2,88.00,15
2025-12-29T15:30:00Z,EE,67.23,15
2025-12-29T15:30:00Z,ES,90.28,15
2025-12-29T15:30:00Z,FI,4.99,15
2025-12-29T15:30:00Z,FR,95.71,15
2025-12-29T15:30:00Z,GR,158.53,15
2025-12-29T15:30:00Z,HR,141.37,15
2025-12-29T15:30:00Z,HU,164.83,15
2025-12-29T15:30:00Z,IT-CNorth,133.70,15
2025-12-29T15:30:00Z,IT-CSouth,133.70,15
2025-12-29T15:30:00Z,IT-North,133.70,15
2025-12-29T15:30:00Z,IT-Sardinia,133.70,15
2025-12-29T15:30:00Z,IT-Sicily,133.70,15
2025-12-29T15:30:00Z,IT-South,133.70,15
2025-12-29T15:30:00Z,LT,67.23,15
2025-12-29T15:30:00Z,LV,67.23,15
2025-12-29T15:30:00Z,NL,110.02,15
2025-12-29T15:30:00Z,NO1,73.01,15
2025-12-29T15:30:00Z,NO2,74.59,15
2025-12-29T15:30:00Z,NO3,38.08,15
2025-12-29T15:30:00Z,NO5,69.70,15
2025-12-29T15:30:00Z,PL,114.10,15
2025-12-29T15:30:00Z,PT,104.98,15
2025-12-29T15:30:00Z,RO,158.53,15
2025-12-29T15:30:00Z,SE3,39.99,15
2025-12-29T15:30:00Z,SE4,66.22,15
2025-12-29T15:30:00Z,SI,133.96,15
2025-12-29T15:30:00Z,SK,105.75,15
2025-12-29T15:45:00Z,AT,120.34,15
2025-12-29T15:45:00Z,BE,105.61,15
2025-12-29T15:45:00Z,CZ,119.75,15
2025-12-29T15:45:00Z,DE-LU,106.98,15
2025-12-29T15:45:00Z,DK1,93.22,15
2025-12-29T15:45:00Z,DK2,93.23,15
2025-12-29T15:45:00Z,ES,90.00,15
2025-12-29T15:45:00Z,FR,99.06,15
2025-12-29T15:45:00Z,GR,158.62,15
2025-12-29T15:45:00Z,HR,139.99,15
2025-12-29T15:45:00Z,HU,165.53,15
2025-12-29T15:45:00Z,IT-CNorth,148.17,15
2025-12-29T15:45:00Z,IT-CSouth,148.17,15
2025-12-29T15:45:00Z,IT-North,148.17,15
2025-12-29T15:45:00Z,IT-Sardinia,148.17,15
2025-12-29T15:45:00Z,IT-Sicily,148.17,15
2025-12-29T15:45:00Z,IT-South,148.17,15
2025-12-29T15:45:00Z,NL,106.13,15
2025-12-29T15:45:00Z,NO1,72.99,15
2025-12-29T15:45:00Z,NO2,74.57,15
2025-12-29T15:45:00Z,NO3,38.07,15
2025-12-29T15:45:00Z,NO5,69.69,15
2025-12-29T15:45:00Z,PL,110.23,15
2025-12-29T15:45:00Z,PT,109.68,15
2025-12-29T15:45:00Z,RO,158.62,15
2025-12-29T15:45:00Z,SE2,3.10,15
2025-12-29T15:45:00Z,SI,132.00,15
2025-12-29T15:45:00Z,SK,103.01,15
2025-12-29T16:00:00Z,AT,122.04,15
2025-12-29T16:00:00Z,BE,105.58,15
2025-12-29T16:00:00Z,CH,118.03,60
2025-12-29T16:00:00Z,CZ,116.00,15
2025-12-29T16:00:00Z,DE-LU,107.27,15
2025-12-29T16:00:00Z,DK1,91.49,15
2025-12-29T16:00:00Z,DK2,91.50,15
2025-12-29T16:00:00Z,EE,71.72,15
2025-12-29T16:00:00Z,ES,94.20,15
2025-12-29T16:00:00Z,FI,4.95,15
2025-12-29T16:00:00Z,FR,98.87,15
2025-12-29T16:00:00Z,GR,153.46,15
2025-12-29T16:00:00Z,HR,136.33,15
2025-12-29T16:00:00Z,HU,159.86,15
2025-12-29T16:00:00Z,IT-CNorth,139.82,15
2025-12-29T16:00:00Z,IT-CSouth,139.82,15
2025-12-29T16:00:00Z,IT-North,139.82,15
2025-12-29T16:00:00Z,IT-Sardinia,139.82,15
2025-12-29T16:00:00Z,IT-Sicily,139.82,15
2025-12-29T16:00:00Z,IT-South,139.82,15
2025-12-29T16:00:00Z,LT,71.72,15
2025-12-29T16:00:00Z,LV,71.72,15
2025-12-29T16:00:00Z,NL,106.24,15
2025-12-29T16:00:00Z,NO1,73.12,15
2025-12-29T16:00:00Z,NO2,74.79,15
2025-12-29T16:00:00Z,NO3,37.59,15
2025-12-29T16:00:00Z,NO4,13.10,15
2025-12-29T16:00:00Z,NO5,69.66,15
2025-12-29T16:00:00Z,PL,109.29,15
2025-12-29T16:00:00Z,PT,104.50,15
2025-12-29T16:00:00Z,RO,153.46,15
2025-12-29T16:00:00Z,SE1,5.01,15
2025-12-29T16:00:00Z,SE2,2.97,15
2025-12-29T16:00:00Z,SE3,42.01,15
2025-12-29T16:00:00Z,SE4,70.63,15
2025-12-29T16:00:00Z,SI,128.95,15
2025-12-29T16:00:00Z,SK,101.79,15
2025-12-29T16:15:00Z,AT,123.48,15
2025-12-29T16:15:00Z,BE,106.01,15
2025-12-29T16:15:00Z,CZ,117.22,15
2025-12-29T16:15:00Z,DE-LU,106.52,15
2025-12-29T16:15:00Z,DK1,98.59,15
2025-12-29T16:15:00Z,DK2,98.59,15
2025-12-29T16:15:00Z,EE,72.04,15
2025-12-29T16:15:00Z,ES,94.53,15
2025-12-29T16:15:00Z,FI,4.78,15
2025-12-29T16:15:00Z,FR,102.47,15
2025-12-29T16:15:00Z,GR,141.59,15
2025-12-29T16:15:00Z,HR,129.31,15
2025-12-29T16:15:00Z,HU,146.24,15
2025-12-29T16:15:00Z,IT-CNorth,148.17,15
2025-12-29T16:15:00Z,IT-CSouth,148.17,15
2025-12-29T16:15:00Z,IT-North,148.17,15
2025-12-29T16:15:00Z,IT-Sardinia,148.17,15
2025-12-29T16:15:00Z,IT-Sicily,148.17,15
2025-12-29T16:15:00Z,IT-South,148.17,15
2025-12-29T16:15:00Z,LT,72.04,15
2025-12-29T16:15:00Z,LV,72.04,15
2025-12-29T16:15:00Z,NL,106.19,15
2025-12-29T16:15:00Z,NO1,73.06,15
2025-12-29T16:15:00Z,NO2,74.74,15
2025-12-29T16:15:00Z,NO3,37.47,15
2025-12-29T16:15:00Z,NO4,12.95,15
2025-12-29T16:15:00Z,NO5,69.60,15
2025-12-29T16:15:00Z,PT,106.43,15
2025-12-29T16:15:00Z,RO,141.59,15
2025-12-29T16:15:00Z,SE1,4.85,15
2025-12-29T16:15:00Z,SE2,2.80,15
2025-12-29T16:15:00Z,SE3,42.12,15
2025-12-29T16:15:00Z,SE4,70.94,15
2025-12-29T16:15:00Z,SI,124.03,15
2025-12-29T16:15:00Z,SK,105.32,15
2025-12-29T16:30:00Z,AT,120.36,15
2025-12-29T16:30:00Z,BE,108.41,15
2025-12-29T16:30:00Z,CZ,105.40,15
2025-12-29T16:30:00Z,DE-LU,107.92,15
2025-12-29T16:30:00Z,DK1,92.08,15
2025-12-29T16:30:00Z,DK2,92.08,15
2025-12-29T16:30:00Z,EE,68.44,15
2025-12-29T16:30:00Z,ES,98.75,15
2025-12-29T16:30:00Z,FI,4.64,15
2025-12-29T16:30:00Z,FR,108.66,15
2025-12-29T16:30:00Z,GR,139.81,15
2025-12-29T16:30:00Z,HR,125.92,15
2025-12-29T16:30:00Z,HU,144.83,15
2025-12-29T16:30:00Z,IT-CNorth,149.14,15
2025-12-29T16:30:00Z,IT-CSouth,149.14,15
2025-12-29T16:30:00Z,IT-North,149.14,15
2025-12-29T16:30:00Z,IT-Sardinia,149.14,15
2025-12-29T16:30:00Z,IT-Sicily,149.14,15
2025-12-29T16:30:00Z,IT-South,149.14,15
2025-12-29T16:30:00Z,LT,68.44,15
2025-12-29T16:30:00Z,LV,68.44,15
2025-12-29T16:30:00Z,NL,108.19,15
2025-12-29T16:30:00Z,NO1,73.04,15
2025-12-29T16:30:00Z,NO2,74.72,15
2025-12-29T16:30:00Z,NO3,37.38,15
2025-12-29T16:30:00Z,NO4,12.81,15
2025-12-29T16:30:00Z,NO5,69.57,15
2025-12-29T16:30:00Z,PL,106.42,15
2025-12-29T16:30:00Z,PT,114.52,15
2025-12-29T16:30:00Z,RO,139.81,15
2025-12-29T16:30:00Z,SE1,4.70,15
2025-12-29T16:30:00Z,SE2,2.65,15
2025-12-29T16:30:00Z,SE3,40.00,15
2025-12-29T16:30:00Z,SE4,67.34,15
2025-12-29T16:30:00Z,SI,119.94,15
2025-12-29T16:30:00Z,SK,97.35,15
2025-12-29T16:45:00Z,AT,118.53,15
2025-12-29T16:45:00Z,BE,107.29,15
2025-12-29T16:45:00Z,CZ,107.60,15
2025-12-29T16:45:00Z,DE-LU,106.32,15
2025-12-29T16:45:00Z,DK1,90.60,15
2025-12-29T16:45:00Z,DK2,90.61,15
2025-12-29T16:45:00Z,EE,68.42,15
2025-12-29T16:45:00Z,ES,109.09,15
2025-12-29T16:45:00Z,FI,4.65,15
2025-12-29T16:45:00Z,FR,108.11,15
2025-12-29T16:45:00Z,GR,145.38,15
2025-12-29T16:45:00Z,HR,129.22,15
2025-12-29T16:45:00Z,HU,151.28,15
2025-12-29T16:45:00Z,IT-CNorth,143.11,15
2025-12-29T16:45:00Z,IT-CSouth,143.11,15
2025-12-29T16:45:00Z,IT-North,143.11,15
2025-12-29T16:45:00Z,IT-Sardinia,143.11,15
2025-12-29T16:45:00Z,IT-Sicily,143.11,15
2025-12-29T16:45:00Z,IT-South,143.11,15
2025-12-29T16:45:00Z,LT,68.42,15
2025-12-29T16:45:00Z,LV,68.42,15
2025-12-29T16:45:00Z,NL,106.86,15
2025-12-29T16:45:00Z,NO3,37.39,15
2025-12-29T16:45:00Z,NO4,12.82,15
2025-12-29T16:45:00Z,PL,105.85,15
2025-12-29T16:45:00Z,PT,126.59,15
2025-12-29T16:45:00Z,RO,145.38,15
2025-12-29T16:45:00Z,SE1,4.71,15
2025-12-29T16:45:00Z,SE2,2.66,15
2025-12-29T16:45:00Z,SE3,39.99,15
2025-12-29T16:45:00Z,SE4,67.32,15
2025-12-29T16:45:00Z,SI,122.28,15
2025-12-29T16:45:00Z,SK,96.63,15
2025-12-29T17:00:00Z,AT,132.63,15
2025-12-29T17:00:00Z,BE,108.58,15
2025-12-29T17:00:00Z,CH,117.29,60
2025-12-29T17:00:00Z,CZ,133.00,15
2025-12-29T17:00:00Z,DE-LU,106.44,15
2025-12-29T17:00:00Z,DK1,90.57,15
2025-12-29T17:00:00Z,DK2,90.57,15
2025-12-29T17:00:00Z,EE,70.75,15
2025-12-29T17:00:00Z,ES,131.88,15
2025-12-29T17:00:00Z,FI,4.56,15
2025-12-29T17:00:00Z,FR,110.25,15
2025-12-29T17:00:00Z,GR,149.13,15
2025-12-29T17:00:00Z,HR,136.39,15
2025-12-29T17:00:00Z,HU,154.00,15
2025-12-29T17:00:00Z,IT-CNorth,148.17,15
2025-12-29T17:00:00Z,IT-CSouth,148.17,15
2025-12-29T17:00:00Z,IT-North,148.17,15
2025-12-29T17:00:00Z,IT-Sardinia,148.17,15
2025-12-29T17:00:00Z,IT-Sicily,148.17,15
2025-12-29T17:00:00Z,IT-South,148.17,15
2025-12-29T17:00:00Z,LT,70.75,15
2025-12-29T17:00:00Z,LV,70.75,15
2025-12-29T17:00:00Z,NL,107.52,15
2025-12-29T17:00:00Z,NO1,72.40,15
2025-12-29T17:00:00Z,NO2,73.48,15
2025-12-29T17:00:00Z,NO3,39.72,15
2025-12-29T17:00:00Z,NO4,10.40,15
2025-12-29T17:00:00Z,NO5,69.66,15
2025-12-29T17:00:00Z,PL,113.80,15
2025-12-29T17:00:00Z,PT,116.08,15
2025-12-29T17:00:00Z,RO,149.13,15
2025-12-29T17:00:00Z,RS,128.16,15
2025-12-29T17:00:00Z,SE1,4.61,15
2025-12-29T17:00:00Z,SE2,3.15,15
2025-12-29T17:00:00Z,SE3,41.32,15
2025-12-29T17:00:00Z,SE4,69.98,15
2025-12-29T17:00:00Z,SI,131.13,15
2025-12-29T17:00:00Z,SK,114.41,15
2025-12-29T17:15:00Z,AT,120.36,15
2025-12-29T17:15:00Z,BE,107.46,15
2025-12-29T17:15:00Z,CZ,118.79,15
2025-12-29T17:15:00Z,DE-LU,106.01,15
2025-12-29T17:15:00Z,DK1,90.55,15
2025-12-29T17:15:00Z,DK2,90.55,15
2025-12-29T17:15:00Z,EE,68.40,15
2025-12-29T17:15:00Z,ES,145.15,15
2025-12-29T17:15:00Z,FI,4.51,15
2025-12-29T17:15:00Z,FR,108.64,15
2025-12-29T17:15:00Z,GR,145.33,15
2025-12-29T17:15:00Z,HR,131.23,15
2025-12-29T17:15:00Z,HU,150.48,15
2025-12-29T17:15:00Z,IT-CNorth,140.20,15
2025-12-29T17:15:00Z,IT-CSouth,140.20,15
2025-12-29T17:15:00Z,IT-North,140.20,15
2025-12-29T17:15:00Z,IT-Sardinia,140.20,15
2025-12-29T17:15:00Z,IT-Sicily,140.20,15
2025-12-29T17:15:00Z,IT-South,140.20,15
2025-12-29T17:15:00Z,LT,68.40,15
2025-12-29T17:15:00Z,LV,68.40,15
2025-12-29T17:15:00Z,NL,106.74,15
2025-12-29T17:15:00Z,NO1,72.27,15
2025-12-29T17:15:00Z,NO2,73.30,15
2025-12-29T17:15:00Z,NO3,39.92,15
2025-12-29T17:15:00Z,NO4,10.11,15
2025-12-29T17:15:00Z,NO5,69.61,15
2025-12-29T17:15:00Z,PL,109.11,15
2025-12-29T17:15:00Z,PT,126.59,15
2025-12-29T17:15:00Z,RO,145.33,15
2025-12-29T17:15:00Z,SE1,4.55,15
2025-12-29T17:15:00Z,SE3,40.00,15
2025-12-29T17:15:00Z,SE4,67.66,15
2025-12-29T17:15:00Z,SI,125.36,15
2025-12-29T17:15:00Z,SK,104.50,15
2025-12-29T17:30:00Z,AT,113.25,15
2025-12-29T17:30:00Z,BE,102.28,15
2025-12-29T17:30:00Z,CZ,119.79,15
2025-12-29T17:30:00Z,DE-LU,100.56,15
2025-12-29T17:30:00Z,DK1,90.51,15
2025-12-29T17:30:00Z,DK2,90.52,15
2025-12-29T17:30:00Z,EE,66.42,15
2025-12-29T17:30:00Z,ES,152.00,15
2025-12-29T17:30:00Z,FI,4.31,15
2025-12-29T17:30:00Z,FR,103.64,15
2025-12-29T17:30:00Z,GR,138.90,15
2025-12-29T17:30:00Z,HR,126.53,15
2025-12-29T17:30:00Z,HU,143.53,15
2025-12-29T17:30:00Z,IT-CNorth,140.80,15
2025-12-29T17:30:00Z,IT-CSouth,140.80,15
2025-12-29T17:30:00Z,IT-North,140.80,15
2025-12-29T17:30:00Z,IT-Sardinia,140.80,15
2025-12-29T17:30:00Z,IT-Sicily,140.80,15
2025-12-29T17:30:00Z,IT-South,140.80,15
2025-12-29T17:30:00Z,LT,66.42,15
2025-12-29T17:30:00Z,LV,66.42,15
2025-12-29T17:30:00Z,NL,101.43,15
2025-12-29T17:30:00Z,NO1,72.28,15
2025-12-29T17:30:00Z,NO2,73.32,15
2025-12-29T17:30:00Z,NO3,39.73,15
2025-12-29T17:30:00Z,NO4,10.01,15
2025-12-29T17:30:00Z,NO5,69.58,15
2025-12-29T17:30:00Z,PL,105.72,15
2025-12-29T17:30:00Z,PT,127.73,15
2025-12-29T17:30:00Z,RO,138.90,15
2025-12-29T17:30:00Z,SE1,4.36,15
2025-12-29T17:30:00Z,SE2,2.94,15
2025-12-29T17:30:00Z,SE3,38.78,15
2025-12-29T17:30:00Z,SE4,65.67,15
2025-12-29T17:30:00Z,SI,121.39,15
2025-12-29T17:30:00Z,SK,104.22,15
2025-12-29T17:45:00Z,AT,111.67,15
2025-12-29T17:45:00Z,BE,101.79,15
2025-12-29T17:45:00Z,CZ,113.44,15
2025-12-29T17:45:00Z,DE-LU,100.22,15
2025-12-29T17:45:00Z,DK1,86.55,15
2025-12-29T17:45:00Z,DK2,86.56,15
2025-12-29T17:45:00Z,EE,59.70,15
2025-12-29T17:45:00Z,ES,145.76,15
2025-12-29T17:45:00Z,FI,4.32,15
2025-12-29T17:45:00Z,FR,103.08,15
2025-12-29T17:45:00Z,GR,143.98,15
2025-12-29T17:45:00Z,HR,128.09,15
2025-12-29T17:45:00Z,HU,149.77,15
2025-12-29T17:45:00Z,IT-CNorth,148.17,15
2025-12-29T17:45:00Z,IT-CSouth,148.17,15
2025-12-29T17:45:00Z,IT-North,148.17,15
2025-12-29T17:45:00Z,IT-Sardinia,148.17,15
2025-12-29T17:45:00Z,IT-Sicily,148.17,15
2025-12-29T17:45:00Z,IT-South,148.17,15
2025-12-29T17:45:00Z,LT,59.70,15
2025-12-29T17:45:00Z,LV,59.70,15
2025-12-29T17:45:00Z,NL,101.01,15
2025-12-29T17:45:00Z,NO1,72.19,15
2025-12-29T17:45:00Z,NO2,73.20,15
2025-12-29T17:45:00Z,NO3,39.89,15
2025-12-29T17:45:00Z,NO4,9.84,15
2025-12-29T17:45:00Z,NO5,69.55,15
2025-12-29T17:45:00Z,PL,103.35,15
2025-12-29T17:45:00Z,PT,125.00,15
2025-12-29T17:45:00Z,RO,143.98,15
2025-12-29T17:45:00Z,SE2,2.98,15
2025-12-29T17:45:00Z,SE3,35.00,15
2025-12-29T17:45:00Z,SE4,58.99,15
2025-12-29T17:45:00Z,SI,121.46,15
2025-12-29T17:45:00Z,SK,97.78,15
2025-12-29T18:00:00Z,AT,129.49,15
2025-12-29T18:00:00Z,BE,107.03,15
2025-12-29T18:00:00Z,CH,115.12,60
2025-12-29T18:00:00Z,CZ,120.00,15
2025-12-29T18:00:00Z,DE-LU,105.12,15
2025-12-29T18:00:00Z,DK1,88.25,15
2025-12-29T18:00:00Z,DK2,88.25,15
2025-12-29T18:00:00Z,EE,59.48,15
2025-12-29T18:00:00Z,ES,127.94,15
2025-12-29T18:00:00Z,FI,4.25,15
2025-12-29T18:00:00Z,FR,108.60,15
2025-12-29T18:00:00Z,GR,160.91,15
2025-12-29T18:00:00Z,HR,140.35,15
2025-12-29T18:00:00Z,HU,168.38,15
2025-12-29T18:00:00Z,LT,59.48,15
2025-12-29T18:00:00Z,LV,59.48,15
2025-12-29T18:00:00Z,NL,106.08,15
2025-12-29T18:00:00Z,NO1,71.95,15
2025-12-29T18:00:00Z,NO2,72.67,15
2025-12-29T18:00:00Z,NO3,41.26,15
2025-12-29T18:00:00Z,NO4,8.89,15
2025-12-29T18:00:00Z,NO5,69.68,15
2025-12-29T18:00:00Z,PL,108.54,15
2025-12-29T18:00:00Z,PT,120.00,15
2025-12-29T18:00:00Z,RO,160.91,15
2025-12-29T18:00:00Z,RS,125.06,15
2025-12-29T18:00:00Z,SE1,4.28,15
2025-12-29T18:00:00Z,SE2,3.23,15
2025-12-29T18:00:00Z,SE3,34.99,15
2025-12-29T18:00:00Z,SE4,58.90,15
2025-12-29T18:00:00Z,SI,131.63,15
2025-12-29T18:00:00Z,SK,100.92,15
2025-12-29T18:15:00Z,AT,120.36,15
2025-12-29T18:15:00Z,BE,98.94,15
2025-12-29T18:15:00Z,CZ,130.33,15
2025-12-29T18:15:00Z,DE-LU,96.34,15
2025-12-29T18:15:00Z,DK1,83.63,15
2025-12-29T18:15:00Z,DK2,83.64,15
2025-12-29T18:15:00Z,EE,57.16,15
2025-12-29T18:15:00Z,ES,141.94,15
2025-12-29T18:15:00Z,FI,4.04,15
2025-12-29T18:15:00Z,FR,100.95,15
2025-12-29T18:15:00Z,GR,144.83,15
2025-12-29T18:15:00Z,HR,131.20,15
2025-12-29T18:15:00Z,HU,150.13,15
2025-12-29T18:15:00Z,IT-CNorth,149.14,15
2025-12-29T18:15:00Z,IT-CSouth,149.14,15
2025-12-29T18:15:00Z,IT-North,149.14,15
2025-12-29T18:15:00Z,IT-Sardinia,149.14,15
2025-12-29T18:15:00Z,IT-Sicily,149.14,15
2025-12-29T18:15:00Z,IT-South,149.14,15
2025-12-29T18:15:00Z,LT,57.16,15
2025-12-29T18:15:00Z,LV,57.16,15
2025-12-29T18:15:00Z,NL,97.66,15
2025-12-29T18:15:00Z,NO1,71.84,15
2025-12-29T18:15:00Z,NO2,72.48,15
2025-12-29T18:15:00Z,NO3,41.57,15
2025-12-29T18:15:00Z,NO4,8.90,15
2025-12-29T18:15:00Z,NO5,69.66,15
2025-12-29T18:15:00Z,PL,105.98,15
2025-12-29T18:15:00Z,PT,125.00,15
2025-12-29T18:15:00Z,RO,144.83,15
2025-12-29T18:15:00Z,SE1,4.06,15
2025-12-29T18:15:00Z,SE2,3.15,15
2025-12-29T18:15:00Z,SE3,33.63,15
2025-12-29T18:15:00Z,SE4,56.63,15
2025-12-29T18:15:00Z,SI,125.51,15
2025-12-29T18:15:00Z,SK,108.56,15
2025-12-29T18:30:00Z,AT,118.09,15
2025-12-29T18:30:00Z,BE,93.33,15
2025-12-29T18:30:00Z,CZ,142.49,15
2025-12-29T18:30:00Z,DE-LU,89.51,15
2025-12-29T18:30:00Z,DK1,81.26,15
2025-12-29T18:30:00Z,DK2,81.26,15
2025-12-29T18:30:00Z,EE,50.75,15
2025-12-29T18:30:00Z,ES,145.02,15
2025-12-29T18:30:00Z,FI,4.00,15
2025-12-29T18:30:00Z,FR,96.24,15
2025-12-29T18:30:00Z,GR,154.38,15
2025-12-29T18:30:00Z,HR,137.65,15
2025-12-29T18:30:00Z,HU,161.04,15
2025-12-29T18:30:00Z,IT-CNorth,148.67,15
2025-12-29T18:30:00Z,IT-CSouth,148.67,15
2025-12-29T18:30:00Z,IT-North,148.67,15
2025-12-29T18:30:00Z,IT-Sardinia,148.67,15
2025-12-29T18:30:00Z,IT-Sicily,148.67,15
2025-12-29T18:30:00Z,IT-South,148.67,15
2025-12-29T18:30:00Z,LT,50.75,15
2025-12-29T18:30:00Z,LV,50.75,15
2025-12-29T18:30:00Z,NL,91.46,15
2025-12-29T18:30:00Z,NO1,71.74,15
2025-12-29T18:30:00Z,NO2,72.37,15
2025-12-29T18:30:00Z,NO3,41.64,15
2025-12-29T18:30:00Z,NO4,8.91,15
2025-12-29T18:30:00Z,NO5,69.60,15
2025-12-29T18:30:00Z,PL,104.78,15
2025-12-29T18:30:00Z,PT,125.02,15
2025-12-29T18:30:00Z,RO,154.38,15
2025-12-29T18:30:00Z,SE1,4.02,15
2025-12-29T18:30:00Z,SE3,29.99,15
2025-12-29T18:30:00Z,SE4,50.24,15
2025-12-29T18:30:00Z,SI,130.72,15
2025-12-29T18:30:00Z,SK,111.51,15
2025-12-29T18:45:00Z,AT,107.60,15
2025-12-29T18:45:00Z,BE,91.93,15
2025-12-29T18:45:00Z,CZ,122.28,15
2025-12-29T18:45:00Z,DE-LU,89.62,15
2025-12-29T18:45:00Z,DK1,74.57,15
2025-12-29T18:45:00Z,DK2,74.57,15
2025-12-29T18:45:00Z,EE,40.01,15
2025-12-29T18:45:00Z,ES,150.00,15
2025-12-29T18:45:00Z,FI,3.99,15
2025-12-29T18:45:00Z,FR,93.69,15
2025-12-29T18:45:00Z,GR,127.84,15
2025-12-29T18:45:00Z,HR,118.27,15
2025-12-29T18:45:00Z,HU,131.68,15
2025-12-29T18:45:00Z,IT-CNorth,141.98,15
2025-12-29T18:45:00Z,IT-CSouth,141.98,15
2025-12-29T18:45:00Z,IT-North,141.98,15
2025-12-29T18:45:00Z,IT-Sardinia,141.98,15
2025-12-29T18:45:00Z,IT-Sicily,141.98,15
2025-12-29T18:45:00Z,IT-South,141.98,15
2025-12-29T18:45:00Z,LT,40.01,15
2025-12-29T18:45:00Z,LV,40.01,15
2025-12-29T18:45:00Z,NL,90.80,15
2025-12-29T18:45:00Z,NO1,71.62,15
2025-12-29T18:45:00Z,NO2,72.23,15
2025-12-29T18:45:00Z,NO3,41.65,15
2025-12-29T18:45:00Z,NO4,8.86,15
2025-12-29T18:45:00Z,NO5,69.51,15
2025-12-29T18:45:00Z,PL,99.07,15
2025-12-29T18:45:00Z,PT,130.00,15
2025-12-29T18:45:00Z,RO,127.84,15
2025-12-29T18:45:00Z,SE1,4.01,15
2025-12-29T18:45:00Z,SE2,3.16,15
2025-12-29T18:45:00Z,SE3,23.91,15
2025-12-29T18:45:00Z,SE4,39.53,15
2025-12-29T18:45:00Z,SI,114.32,15
2025-12-29T18:45:00Z,SK,103.67,15
2025-12-29T19:00:00Z,AT,127.44,15
2025-12-29T19:00:00Z,BE,100.00,15
2025-12-29T19:00:00Z,CH,111.35,60
2025-12-29T19:00:00Z,CZ,131.88,15
2025-12-29T19:00:00Z,DE-LU,97.21,15
2025-12-29T19:00:00Z,DK1,74.90,15
2025-12-29T19:00:00Z,DK2,74.90,15
2025-12-29T19:00:00Z,EE,37.69,15
2025-12-29T19:00:00Z,ES,175.00,15
2025-12-29T19:00:00Z,FI,4.00,15
2025-12-29T19:00:00Z,FR,102.14,15
2025-12-29T19:00:00Z,GR,152.06,15
2025-12-29T19:00:00Z,HR,135.83,15
2025-12-29T19:00:00Z,HU,158.46,15
2025-12-29T19:00:00Z,IT-CNorth,136.70,15
2025-12-29T19:00:00Z,IT-CSouth,136.70,15
2025-12-29T19:00:00Z,IT-North,136.70,15
2025-12-29T19:00:00Z,IT-Sardinia,136.70,15
2025-12-29T19:00:00Z,IT-Sicily,136.70,15
2025-12-29T19:00:00Z,IT-South,136.70,15
2025-12-29T19:00:00Z,LT,37.69,15
2025-12-29T19:00:00Z,LV,37.69,15
2025-12-29T19:00:00Z,NL,98.61,15
2025-12-29T19:00:00Z,NO1,71.66,15
2025-12-29T19:00:00Z,NO2,72.37,15
2025-12-29T19:00:00Z,NO3,41.35,15
2025-12-29T19:00:00Z,NO4,9.29,15
2025-12-29T19:00:00Z,NO5,69.46,15
2025-12-29T19:00:00Z,PL,106.85,15
2025-12-29T19:00:00Z,PT,155.00,15
2025-12-29T19:00:00Z,RO,152.06,15
2025-12-29T19:00:00Z,RS,139.00,15
2025-12-29T19:00:00Z,SE1,4.02,15
2025-12-29T19:00:00Z,SE2,3.15,15
2025-12-29T19:00:00Z,SE3,22.27,15
2025-12-29T19:00:00Z,SE4,37.10,15
2025-12-29T19:00:00Z,SI,129.18,15
2025-12-29T19:00:00Z,SK,108.00,15
2025-12-29T19:15:00Z,AT,120.36,15
2025-12-29T19:15:00Z,BE,94.06,15
2025-12-29T19:15:00Z,CZ,125.07,15
2025-12-29T19:15:00Z,DE-LU,91.72,15
2025-12-29T19:15:00Z,DK1,74.52,15
2025-12-29T19:15:00Z,DK2,74.52,15
2025-12-29T19:15:00Z,EE,25.08,15
2025-12-29T19:15:00Z,ES,175.94,15
2025-12-29T19:15:00Z,FI,3.99,15
2025-12-29T19:15:00Z,FR,95.81,15
2025-12-29T19:15:00Z,GR,129.39,15
2025-12-29T19:15:00Z,HR,120.17,15
2025-12-29T19:15:00Z,HU,133.22,15
2025-12-29T19:15:00Z,IT-CNorth,132.50,15
2025-12-29T19:15:00Z,IT-CSouth,132.50,15
2025-12-29T19:15:00Z,IT-North,132.50,15
2025-12-29T19:15:00Z,IT-Sardinia,132.50,15
2025-12-29T19:15:00Z,IT-Sicily,132.50,15
2025-12-29T19:15:00Z,IT-South,132.50,15
2025-12-29T19:15:00Z,LT,25.08,15
2025-12-29T19:15:00Z,LV,25.08,15
2025-12-29T19:15:00Z,NL,92.89,15
2025-12-29T19:15:00Z,NO1,71.48,15
2025-12-29T19:15:00Z,NO2,72.17,15
2025-12-29T19:15:00Z,NO3,41.32,15
2025-12-29T19:15:00Z,NO4,9.15,15
2025-12-29T19:15:00Z,NO5,69.31,15
2025-12-29T19:15:00Z,PL,101.35,15
2025-12-29T19:15:00Z,PT,158.93,15
2025-12-29T19:15:00Z,RO,129.39,15
2025-12-29T19:15:00Z,SE1,4.01,15
2025-12-29T19:15:00Z,SE3,15.12,15
2025-12-29T19:15:00Z,SE4,24.53,15
2025-12-29T19:15:00Z,SI,116.44,15
2025-12-29T19:15:00Z,SK,106.35,15
2025-12-29T19:30:00Z,AT,101.82,15
2025-12-29T19:30:00Z,BE,90.00,15
2025-12-29T19:30:00Z,CZ,113.37,15
2025-12-29T19:30:00Z,DE-LU,88.17,15
2025-12-29T19:30:00Z,DK1,74.01,15
2025-12-29T19:30:00Z,DK2,74.01,15
2025-12-29T19:30:00Z,EE,19.17,15
2025-12-29T19:30:00Z,ES,175.65,15
2025-12-29T19:30:00Z,FI,3.75,15
2025-12-29T19:30:00Z,FR,91.38,15
2025-12-29T19:30:00Z,GR,119.29,15
2025-12-29T19:30:00Z,HR,111.20,15
2025-12-29T19:30:00Z,HU,122.60,15
2025-12-29T19:30:00Z,IT-CNorth,119.18,15
2025-12-29T19:30:00Z,IT-CSouth,119.18,15
2025-12-29T19:30:00Z,IT-North,119.18,15
2025-12-29T19:30:00Z,IT-Sardinia,119.18,15
2025-12-29T19:30:00Z,IT-Sicily,119.18,15
2025-12-29T19:30:00Z,IT-South,119.18,15
2025-12-29T19:30:00Z,LT,19.17,15
2025-12-29T19:30:00Z,LV,19.17,15
2025-12-29T19:30:00Z,NL,89.09,15
2025-12-29T19:30:00Z,NO1,71.15,15
2025-12-29T19:30:00Z,NO2,71.70,15
2025-12-29T19:30:00Z,NO3,41.86,15
2025-12-29T19:30:00Z,NO4,9.42,15
2025-12-29T19:30:00Z,NO5,69.15,15
2025-12-29T19:30:00Z,PL,95.38,15
2025-12-29T19:30:00Z,PT,159.68,15
2025-12-29T19:30:00Z,RO,119.29,15
2025-12-29T19:30:00Z,SE1,3.75,15
2025-12-29T19:30:00Z,SE3,11.81,15
2025-12-29T19:30:00Z,SE4,18.72,15
2025-12-29T19:30:00Z,SI,107.91,15
2025-12-29T19:30:00Z,SK,98.48,15
2025-12-29T19:45:00Z,AT,105.06,15
2025-12-29T19:45:00Z,BE,85.02,15
2025-12-29T19:45:00Z,CZ,89.67,15
2025-12-29T19:45:00Z,DE-LU,84.39,15
2025-12-29T19:45:00Z,DK1,73.98,15
2025-12-29T19:45:00Z,DK2,73.98,15
2025-12-29T19:45:00Z,EE,17.40,15
2025-12-29T19:45:00Z,ES,169.78,15
2025-12-29T19:45:00Z,FI,3.72,15
2025-12-29T19:45:00Z,FR,85.54,15
2025-12-29T19:45:00Z,GR,102.06,15
2025-12-29T19:45:00Z,HR,95.64,15
2025-12-29T19:45:00Z,HU,104.47,15
2025-12-29T19:45:00Z,IT-CNorth,114.42,15
2025-12-29T19:45:00Z,IT-CSouth,114.42,15
2025-12-29T19:45:00Z,IT-North,114.42,15
2025-12-29T19:45:00Z,IT-Sardinia,114.42,15
2025-12-29T19:45:00Z,IT-Sicily,114.42,15
2025-12-29T19:45:00Z,IT-South,114.42,15
2025-12-29T19:45:00Z,LT,17.40,15
2025-12-29T19:45:00Z,LV,17.40,15
2025-12-29T19:45:00Z,NL,84.70,15
2025-12-29T19:45:00Z,NO1,71.13,15
2025-12-29T19:45:00Z,NO2,71.67,15
2025-12-29T19:45:00Z,NO3,41.93,15
2025-12-29T19:45:00Z,NO4,9.55,15
2025-12-29T19:45:00Z,PL,92.75,15
2025-12-29T19:45:00Z,PT,158.93,15
2025-12-29T19:45:00Z,RO,102.06,15
2025-12-29T19:45:00Z,SE1,3.71,15
2025-12-29T19:45:00Z,SE3,10.80,15
2025-12-29T19:45:00Z,SE4,16.96,15
2025-12-29T19:45:00Z,SI,92.98,15
2025-12-29T19:45:00Z,SK,83.41,15
2025-12-29T20:00:00Z,AT,114.97,15
2025-12-29T20:00:00Z,BE,88.78,15
2025-12-29T20:00:00Z,CH,114.27,60
2025-12-29T20:00:00Z,CZ,147.05,15
2025-12-29T20:00:00Z,DE-LU,84.61,15
2025-12-29T20:00:00Z,DK1,72.70,15
2025-12-29T20:00:00Z,DK2,72.70,15
2025-12-29T20:00:00Z,EE,18.83,15
2025-12-29T20:00:00Z,ES,175.00,15
2025-12-29T20:00:00Z,FI,3.09,15
2025-12-29T20:00:00Z,FR,91.69,15
2025-12-29T20:00:00Z,GR,136.61,15
2025-12-29T20:00:00Z,HR,127.28,15
2025-12-29T20:00:00Z,HU,140.99,15
2025-12-29T20:00:00Z,IT-CNorth,132.56,15
2025-12-29T20:00:00Z,IT-CSouth,132.56,15
2025-12-29T20:00:00Z,IT-North,132.56,15
2025-12-29T20:00:00Z,IT-Sardinia,132.56,15
2025-12-29T20:00:00Z,IT-Sicily,132.56,15
2025-12-29T20:00:00Z,IT-South,132.56,15
2025-12-29T20:00:00Z,LT,18.83,15
2025-12-29T20:00:00Z,LV,18.83,15
2025-12-29T20:00:00Z,NL,86.67,15
2025-12-29T20:00:00Z,NO1,70.45,15
2025-12-29T20:00:00Z,NO2,70.51,15
2025-12-29T20:00:00Z,NO3,43.67,15
2025-12-29T20:00:00Z,NO4,8.92,15
2025-12-29T20:00:00Z,NO5,69.06,15
2025-12-29T20:00:00Z,PL,102.79,15
2025-12-29T20:00:00Z,PT,165.50,15
2025-12-29T20:00:00Z,RO,136.61,15
2025-12-29T20:00:00Z,RS,135.02,15
2025-12-29T20:00:00Z,SE1,3.02,15
2025-12-29T20:00:00Z,SE3,11.64,15
2025-12-29T20:00:00Z,SE4,18.68,15
2025-12-29T20:00:00Z,SI,123.69,15
2025-12-29T20:00:00Z,SK,117.17,15
2025-12-29T20:15:00Z,AT,114.93,15
2025-12-29T20:15:00Z,BE,85.80,15
2025-12-29T20:15:00Z,CZ,110.00,15
2025-12-29T20:15:00Z,DE-LU,83.75,15
2025-12-29T20:15:00Z,DK1,72.53,15
2025-12-29T20:15:00Z,DK2,72.53,15
2025-12-29T20:15:00Z,EE,17.10,15
2025-12-29T20:15:00Z,ES,171.61,15
2025-12-29T20:15:00Z,FI,3.16,15
2025-12-29T20:15:00Z,FR,87.28,15
2025-12-29T20:15:00Z,GR,118.17,15
2025-12-29T20:15:00Z,HR,108.94,15
2025-12-29T20:15:00Z,HU,122.00,15
2025-12-29T20:15:00Z,IT-CNorth,129.00,15
2025-12-29T20:15:00Z,IT-CSouth,129.00,15
2025-12-29T20:15:00Z,IT-North,129.00,15
2025-12-29T20:15:00Z,IT-Sardinia,129.00,15
2025-12-29T20:15:00Z,IT-Sicily,129.00,15
2025-12-29T20:15:00Z,IT-South,129.00,15
2025-12-29T20:15:00Z,LT,17.10,15
2025-12-29T20:15:00Z,LV,17.10,15
2025-12-29T20:15:00Z,NL,84.76,15
2025-12-29T20:15:00Z,NO1,70.22,15
2025-12-29T20:15:00Z,NO2,70.33,15
2025-12-29T20:15:00Z,NO3,43.31,15
2025-12-29T20:15:00Z,NO4,8.91,15
2025-12-29T20:15:00Z,NO5,68.79,15
2025-12-29T20:15:00Z,PL,97.93,15
2025-12-29T20:15:00Z,PT,159.68,15
2025-12-29T20:15:00Z,RO,118.17,15
2025-12-29T20:15:00Z,SE1,3.10,15
2025-12-29T20:15:00Z,SE3,10.67,15
2025-12-29T20:15:00Z,SE4,16.93,15
2025-12-29T20:15:00Z,SI,105.22,15
2025-12-29T20:15:00Z,SK,93.85,15
2025-12-29T20:30:00Z,AT,94.35,15
2025-12-29T20:30:00Z,BE,85.69,15
2025-12-29T20:30:00Z,CZ,86.13,15
2025-12-29T20:30:00Z,DE-LU,84.60,15
2025-12-29T20:30:00Z,DK1,72.19,15
2025-12-29T20:30:00Z,DK2,72.19,15
2025-12-29T20:30:00Z,EE,13.87,15
2025-12-29T20:30:00Z,ES,152.08,15
2025-12-29T20:30:00Z,FI,3.10,15
2025-12-29T20:30:00Z,FR,86.59,15
2025-12-29T20:30:00Z,GR,127.69,15
2025-12-29T20:30:00Z,HR,109.77,15
2025-12-29T20:30:00Z,HU,134.40,15
2025-12-29T20:30:00Z,IT-CNorth,114.42,15
2025-12-29T20:30:00Z,IT-CSouth,114.42,15
2025-12-29T20:30:00Z,IT-North,114.42,15
2025-12-29T20:30:00Z,IT-Sardinia,114.42,15
2025-12-29T20:30:00Z,IT-Sicily,114.42,15
2025-12-29T20:30:00Z,IT-South,114.42,15
2025-12-29T20:30:00Z,LT,13.87,15
2025-12-29T20:30:00Z,LV,13.87,15
2025-12-29T20:30:00Z,NL,85.12,15
2025-12-29T20:30:00Z,NO1,69.95,15
2025-12-29T20:30:00Z,NO2,70.01,15
2025-12-29T20:30:00Z,NO3,43.35,15
2025-12-29T20:30:00Z,NO4,8.88,15
2025-12-29T20:30:00Z,NO5,68.57,15
2025-12-29T20:30:00Z,PL,94.45,15
2025-12-29T20:30:00Z,PT,140.00,15
2025-12-29T20:30:00Z,RO,127.69,15
2025-12-29T20:30:00Z,SE1,3.03,15
2025-12-29T20:30:00Z,SE3,8.88,15
2025-12-29T20:30:00Z,SE4,13.72,15
2025-12-29T20:30:00Z,SI,102.34,15
2025-12-29T20:30:00Z,SK,73.46,15
2025-12-29T20:45:00Z,AT,82.70,15
2025-12-29T20:45:00Z,BE,80.43,15
2025-12-29T20:45:00Z,CZ,76.79,15
2025-12-29T20:45:00Z,DE-LU,80.02,15
2025-12-29T20:45:00Z,DK1,72.10,15
2025-12-29T20:45:00Z,DK2,53.86,15
2025-12-29T20:45:00Z,EE,13.84,15
2025-12-29T20:45:00Z,ES,125.10,15
2025-12-29T20:45:00Z,FI,2.99,15
2025-12-29T20:45:00Z,FR,80.81,15
2025-12-29T20:45:00Z,GR,103.95,15
2025-12-29T20:45:00Z,HR,93.18,15
2025-12-29T20:45:00Z,HU,107.93,15
2025-12-29T20:45:00Z,IT-CNorth,110.44,15
2025-12-29T20:45:00Z,IT-CSouth,110.44,15
2025-12-29T20:45:00Z,IT-North,110.44,15
2025-12-29T20:45:00Z,IT-Sardinia,110.44,15
2025-12-29T20:45:00Z,IT-South,110.44,15
2025-12-29T20:45:00Z,LT,13.84,15
2025-12-29T20:45:00Z,LV,13.84,15
2025-12-29T20:45:00Z,NL,80.21,15
2025-12-29T20:45:00Z,NO1,69.85,15
2025-12-29T20:45:00Z,NO2,69.92,15
2025-12-29T20:45:00Z,NO3,43.23,15
2025-12-29T20:45:00Z,NO5,68.47,15
2025-12-29T20:45:00Z,PL,90.83,15
2025-12-29T20:45:00Z,PT,125.00,15
2025-12-29T20:45:00Z,RO,103.95,15
2025-12-29T20:45:00Z,SE1,2.92,15
2025-12-29T20:45:00Z,SE2,3.05,15
2025-12-29T20:45:00Z,SE3,8.81,15
2025-12-29T20:45:00Z,SE4,13.69,15
2025-12-29T20:45:00Z,SI,88.69,15
2025-12-29T20:45:00Z,SK,70.73,15
2025-12-29T21:00:00Z,AT,109.93,15
2025-12-29T21:00:00Z,BE,91.70,15
2025-12-29T21:00:00Z,CH,112.68,60
2025-12-29T21:00:00Z,CZ,99.40,15
2025-12-29T21:00:00Z,DE-LU,90.03,15
2025-12-29T21:00:00Z,DK1,72.20,15
2025-12-29T21:00:00Z,DK2,72.20,15
2025-12-29T21:00:00Z,EE,13.80,15
2025-12-29T21:00:00Z,ES,134.51,15
2025-12-29T21:00:00Z,FR,93.05,15
2025-12-29T21:00:00Z,GR,143.28,15
2025-12-29T21:00:00Z,HR,122.73,15
2025-12-29T21:00:00Z,HU,150.96,15
2025-12-29T21:00:00Z,IT-CNorth,114.42,15
2025-12-29T21:00:00Z,IT-CSouth,114.42,15
2025-12-29T21:00:00Z,IT-North,114.42,15
2025-12-29T21:00:00Z,IT-Sardinia,114.42,15
2025-12-29T21:00:00Z,IT-South,114.42,15
2025-12-29T21:00:00Z,LT,13.80,15
2025-12-29T21:00:00Z,LV,13.80,15
2025-12-29T21:00:00Z,NL,90.78,15
2025-12-29T21:00:00Z,NO1,69.62,15
2025-12-29T21:00:00Z,NO2,69.97,15
2025-12-29T21:00:00Z,NO3,41.39,15
2025-12-29T21:00:00Z,NO4,8.66,15
2025-12-29T21:00:00Z,NO5,67.88,15
2025-12-29T21:00:00Z,PL,105.98,15
2025-12-29T21:00:00Z,PT,133.51,15
2025-12-29T21:00:00Z,RO,143.28,15
2025-12-29T21:00:00Z,RS,131.00,15
2025-12-29T21:00:00Z,SE1,2.96,15
2025-12-29T21:00:00Z,SE2,2.64,15
2025-12-29T21:00:00Z,SE3,8.53,15
2025-12-29T21:00:00Z,SE4,13.48,15
2025-12-29T21:00:00Z,SI,114.09,15
2025-12-29T21:00:00Z,SK,82.17,15
2025-12-29T21:15:00Z,AT,107.48,15
2025-12-29T21:15:00Z,BE,87.13,15
2025-12-29T21:15:00Z,CZ,83.04,15
2025-12-29T21:15:00Z,DE-LU,86.66,15
2025-12-29T21:15:00Z,DK1,71.86,15
2025-12-29T21:15:00Z,DK2,61.85,15
2025-12-29T21:15:00Z,EE,11.03,15
2025-12-29T21:15:00Z,ES,108.87,15
2025-12-29T21:15:00Z,FI,2.65,15
2025-12-29T21:15:00Z,FR,87.57,15
2025-12-29T21:15:00Z,GR,113.98,15
2025-12-29T21:15:00Z,HR,101.74,15
2025-12-29T21:15:00Z,HU,118.43,15
2025-12-29T21:15:00Z,LT,11.03,15
2025-12-29T21:15:00Z,LV,11.03,15
2025-12-29T21:15:00Z,NL,86.86,15
2025-12-29T21:15:00Z,NO1,69.42,15
2025-12-29T21:15:00Z,NO2,69.66,15
2025-12-29T21:15:00Z,NO3,41.84,15
2025-12-29T21:15:00Z,NO4,8.70,15
2025-12-29T21:15:00Z,NO5,67.83,15
2025-12-29T21:15:00Z,PL,99.83,15
2025-12-29T21:15:00Z,PT,123.37,15
2025-12-29T21:15:00Z,RO,113.98,15
2025-12-29T21:15:00Z,SE1,2.60,15
2025-12-29T21:15:00Z,SE2,2.49,15
2025-12-29T21:15:00Z,SE3,6.95,15
2025-12-29T21:15:00Z,SE4,10.79,15
2025-12-29T21:15:00Z,SI,96.56,15
2025-12-29T21:15:00Z,SK,76.26,15
2025-12-29T21:30:00Z,AT,96.80,15
2025-12-29T21:30:00Z,BE,88.90,15
2025-12-29T21:30:00Z,CZ,86.61,15
2025-12-29T21:30:00Z,DE-LU,88.64,15
2025-12-29T21:30:00Z,DK1,71.60,15
2025-12-29T21:30:00Z,DK2,44.75,15
2025-12-29T21:30:00Z,EE,13.83,15
2025-12-29T21:30:00Z,ES,96.50,15
2025-12-29T21:30:00Z,FI,2.34,15
2025-12-29T21:30:00Z,FR,89.14,15
2025-12-29T21:30:00Z,GR,103.95,15
2025-12-29T21:30:00Z,HR,97.09,15
2025-12-29T21:30:00Z,HU,106.44,15
2025-12-29T21:30:00Z,LT,13.83,15
2025-12-29T21:30:00Z,LV,13.83,15
2025-12-29T21:30:00Z,NL,88.75,15
2025-12-29T21:30:00Z,NO1,69.24,15
2025-12-29T21:30:00Z,NO2,69.42,15
2025-12-29T21:30:00Z,NO3,42.00,15
2025-12-29T21:30:00Z,NO4,8.72,15
2025-12-29T21:30:00Z,NO5,67.72,15
2025-12-29T21:30:00Z,PL,91.77,15
2025-12-29T21:30:00Z,PT,116.08,15
2025-12-29T21:30:00Z,RO,103.95,15
2025-12-29T21:30:00Z,SE1,2.27,15
2025-12-29T21:30:00Z,SE2,2.42,15
2025-12-29T21:30:00Z,SE3,8.47,15
2025-12-29T21:30:00Z,SE4,13.62,15
2025-12-29T21:30:00Z,SI,94.19,15
2025-12-29T21:30:00Z,SK,82.81,15
2025-12-29T21:45:00Z,AT,109.91,15
2025-12-29T21:45:00Z,BE,86.51,15
2025-12-29T21:45:00Z,CZ,85.00,15
2025-12-29T21:45:00Z,DE-LU,86.33,15
2025-12-29T21:45:00Z,DK1,71.15,15
2025-12-29T21:45:00Z,DK2,13.40,15
2025-12-29T21:45:00Z,EE,6.45,15
2025-12-29T21:45:00Z,ES,93.26,15
2025-12-29T21:45:00Z,FI,2.29,15
2025-12-29T21:45:00Z,FR,86.67,15
2025-12-29T21:45:00Z,GR,96.39,15
2025-12-29T21:45:00Z,HR,91.88,15
2025-12-29T21:45:00Z,HU,98.02,15
2025-12-29T21:45:00Z,IT-CNorth,114.34,15
2025-12-29T21:45:00Z,IT-CSouth,114.34,15
2025-12-29T21:45:00Z,IT-North,114.34,15
2025-12-29T21:45:00Z,IT-Sardinia,114.34,15
2025-12-29T21:45:00Z,IT-Sicily,114.34,15
2025-12-29T21:45:00Z,IT-South,114.34,15
2025-12-29T21:45:00Z,LT,13.61,15
2025-12-29T21:45:00Z,LV,13.61,15
2025-12-29T21:45:00Z,NL,86.41,15
2025-12-29T21:45:00Z,NO1,68.93,15
2025-12-29T21:45:00Z,NO2,69.00,15
2025-12-29T21:45:00Z,NO3,42.38,15
2025-12-29T21:45:00Z,NO4,8.73,15
2025-12-29T21:45:00Z,NO5,67.55,15
2025-12-29T21:45:00Z,PL,85.67,15
2025-12-29T21:45:00Z,PT,110.48,15
2025-12-29T21:45:00Z,RO,96.39,15
2025-12-29T21:45:00Z,SE1,2.20,15
2025-12-29T21:45:00Z,SE2,2.41,15
2025-12-29T21:45:00Z,SE3,8.41,15
2025-12-29T21:45:00Z,SE4,13.47,15
2025-12-29T21:45:00Z,SI,89.98,15
2025-12-29T21:45:00Z,SK,82.51,15
2025-12-29T22:00:00Z,AT,104.99,15
2025-12-29T22:00:00Z,BE,90.42,15
2025-12-29T22:00:00Z,CH,108.00,60
2025-12-29T22:00:00Z,CZ,89.22,15
2025-12-29T22:00:00Z,DE-LU,90.29,15
2025-12-29T22:00:00Z,DK1,71.25,15
2025-12-29T22:00:00Z,DK2,56.64,15
2025-12-29T22:00:00Z,ES,99.20,15
2025-12-29T22:00:00Z,FI,2.11,15
2025-12-29T22:00:00Z,FR,90.55,15
2025-12-29T22:00:00Z,GR,98.30,15
2025-12-29T22:00:00Z,HR,94.66,15
2025-12-29T22:00:00Z,HU,99.53,15
2025-12-29T22:00:00Z,IT-CNorth,110.44,15
2025-12-29T22:00:00Z,IT-CSouth,110.44,15
2025-12-29T22:00:00Z,IT-North,110.44,15
2025-12-29T22:00:00Z,IT-Sardinia,110.44,15
2025-12-29T22:00:00Z,IT-Sicily,110.44,15
2025-12-29T22:00:00Z,IT-South,110.44,15
2025-12-29T22:00:00Z,LT,11.02,15
2025-12-29T22:00:00Z,LV,11.02,15
2025-12-29T22:00:00Z,NL,90.34,15
2025-12-29T22:00:00Z,NO1,69.09,15
2025-12-29T22:00:00Z,NO2,69.11,15
2025-12-29T22:00:00Z,NO3,42.43,15
2025-12-29T22:00:00Z,NO4,8.64,15
2025-12-29T22:00:00Z,NO5,67.78,15
2025-12-29T22:00:00Z,PL,89.77,15
2025-12-29T22:00:00Z,PT,105.70,15
2025-12-29T22:00:00Z,RO,98.30,15
2025-12-29T22:00:00Z,RS,135.00,15
2025-12-29T22:00:00Z,SE1,2.01,15
2025-12-29T22:00:00Z,SE2,2.30,15
2025-12-29T22:00:00Z,SE3,6.95,15
2025-12-29T22:00:00Z,SE4,10.91,15
2025-12-29T22:00:00Z,SI,93.19,15
2025-12-29T22:00:00Z,SK,87.20,15
2025-12-29T22:15:00Z,AT,102.43,15
2025-12-29T22:15:00Z,BE,85.59,15
2025-12-29T22:15:00Z,CZ,84.67,15
2025-12-29T22:15:00Z,DE-LU,85.48,15
2025-12-29T22:15:00Z,DK1,71.09,15
2025-12-29T22:15:00Z,DK2,38.85,15
2025-12-29T22:15:00Z,ES,91.50,15
2025-12-29T22:15:00Z,FR,85.68,15
2025-12-29T22:15:00Z,GR,91.57,15
2025-12-29T22:15:00Z,HR,88.80,15
2025-12-29T22:15:00Z,HU,92.51,15
2025-12-29T22:15:00Z,IT-CNorth,106.00,15
2025-12-29T22:15:00Z,IT-CSouth,106.00,15
2025-12-29T22:15:00Z,IT-North,106.00,15
2025-12-29T22:15:00Z,IT-Sardinia,106.00,15
2025-12-29T22:15:00Z,IT-Sicily,106.00,15
2025-12-29T22:15:00Z,IT-South,106.00,15
2025-12-29T22:15:00Z,LT,6.45,15
2025-12-29T22:15:00Z,LV,6.45,15
2025-12-29T22:15:00Z,NL,85.52,15
2025-12-29T22:15:00Z,NO1,68.93,15
2025-12-29T22:15:00Z,NO2,68.95,15
2025-12-29T22:15:00Z,NO3,42.32,15
2025-12-29T22:15:00Z,NO4,8.62,15
2025-12-29T22:15:00Z,NO5,67.62,15
2025-12-29T22:15:00Z,PL,85.09,15
2025-12-29T22:15:00Z,PT,105.22,15
2025-12-29T22:15:00Z,RO,91.57,15
2025-12-29T22:15:00Z,SE1,2.02,15
2025-12-29T22:15:00Z,SE3,4.38,15
2025-12-29T22:15:00Z,SE4,6.35,15
2025-12-29T22:15:00Z,SI,87.69,15
2025-12-29T22:15:00Z,SK,83.13,15
2025-12-29T22:30:00Z,AT,94.35,15
2025-12-29T22:30:00Z,BE,83.69,15
2025-12-29T22:30:00Z,CZ,83.12,15
2025-12-29T22:30:00Z,DE-LU,83.62,15
2025-12-29T22:30:00Z,DK1,70.96,15
2025-12-29T22:30:00Z,DK2,4.92,15
2025-12-29T22:30:00Z,EE,5.07,15
2025-12-29T22:30:00Z,ES,90.00,15
2025-12-29T22:30:00Z,FI,2.12,15
2025-12-29T22:30:00Z,FR,83.75,15
2025-12-29T22:30:00Z,GR,87.42,15
2025-12-29T22:30:00Z,HR,85.69,15
2025-12-29T22:30:00Z,HU,88.00,15
2025-12-29T22:30:00Z,IT-CNorth,105.55,15
2025-12-29T22:30:00Z,IT-CSouth,105.55,15
2025-12-29T22:30:00Z,IT-North,105.55,15
2025-12-29T22:30:00Z,IT-Sardinia,105.55,15
2025-12-29T22:30:00Z,IT-Sicily,105.55,15
2025-12-29T22:30:00Z,IT-South,105.55,15
2025-12-29T22:30:00Z,LT,5.07,15
2025-12-29T22:30:00Z,LV,5.07,15
2025-12-29T22:30:00Z,NL,83.65,15
2025-12-29T22:30:00Z,NO1,68.80,15
2025-12-29T22:30:00Z,NO2,68.82,15
2025-12-29T22:30:00Z,NO3,42.23,15
2025-12-29T22:30:00Z,NO4,8.61,15
2025-12-29T22:30:00Z,NO5,67.49,15
2025-12-29T22:30:00Z,PL,83.38,15
2025-12-29T22:30:00Z,PT,105.01,15
2025-12-29T22:30:00Z,RO,87.42,15
2025-12-29T22:30:00Z,SE3,3.60,15
2025-12-29T22:30:00Z,SE4,4.97,15
2025-12-29T22:30:00Z,SI,85.00,15
2025-12-29T22:30:00Z,SK,82.16,15
2025-12-29T22:45:00Z,AT,74.99,15
2025-12-29T22:45:00Z,BE,74.14,15
2025-12-29T22:45:00Z,CZ,72.80,15
2025-12-29T22:45:00Z,DE-LU,73.98,15
2025-12-29T22:45:00Z,DK1,70.70,15
2025-12-29T22:45:00Z,DK2,4.39,15
2025-12-29T22:45:00Z,EE,3.95,15
2025-12-29T22:45:00Z,ES,94.25,15
2025-12-29T22:45:00Z,FI,2.00,15
2025-12-29T22:45:00Z,FR,74.28,15
2025-12-29T22:45:00Z,GR,82.94,15
2025-12-29T22:45:00Z,HR,78.86,15
2025-12-29T22:45:00Z,HU,84.31,15
2025-12-29T22:45:00Z,IT-CNorth,99.13,15
2025-12-29T22:45:00Z,IT-CSouth,99.13,15
2025-12-29T22:45:00Z,IT-North,99.13,15
2025-12-29T22:45:00Z,IT-Sardinia,99.13,15
2025-12-29T22:45:00Z,IT-Sicily,99.13,15
2025-12-29T22:45:00Z,IT-South,99.13,15
2025-12-29T22:45:00Z,LT,3.95,15
2025-12-29T22:45:00Z,LV,3.95,15
2025-12-29T22:45:00Z,NL,74.05,15
2025-12-29T22:45:00Z,NO1,68.54,15
2025-12-29T22:45:00Z,NO2,68.57,15
2025-12-29T22:45:00Z,NO3,42.02,15
2025-12-29T22:45:00Z,NO4,8.58,15
2025-12-29T22:45:00Z,NO5,67.23,15
2025-12-29T22:45:00Z,PL,73.40,15
2025-12-29T22:45:00Z,PT,102.99,15
2025-12-29T22:45:00Z,RO,82.94,15
2025-12-29T22:45:00Z,SE1,1.90,15
2025-12-29T22:45:00Z,SE2,2.19,15
2025-12-29T22:45:00Z,SE3,2.92,15
2025-12-29T22:45:00Z,SE4,3.85,15
2025-12-29T22:45:00Z,SI,77.23,15
2025-12-29T22:45:00Z,SK,70.53,15
2025-12-29T23:00:00Z,AT,99.96,15
2025-12-29T23:00:00Z,BE,87.09,15
2025-12-29T23:00:00Z,CH,105.08,60
2025-12-29T23:00:00Z,CZ,86.73,15
2025-12-29T23:00:00Z,DE-LU,87.00,15
2025-12-29T23:00:00Z,DK1,81.99,15
2025-12-29T23:00:00Z,DK2,64.14,15
2025-12-29T23:00:00Z,EE,3.01,15
2025-12-29T23:00:00Z,ES,92.77,15
2025-12-29T23:00:00Z,FI,2.00,15
2025-12-29T23:00:00Z,FR,87.16,15
2025-12-29T23:00:00Z,GR,103.95,15
2025-12-29T23:00:00Z,HR,89.70,15
2025-12-29T23:00:00Z,HU,87.10,15
2025-12-29T23:00:00Z,IT-CNorth,109.77,15
2025-12-29T23:00:00Z,IT-CSouth,109.77,15
2025-12-29T23:00:00Z,IT-North,109.77,15
2025-12-29T23:00:00Z,IT-Sardinia,109.77,15
2025-12-29T23:00:00Z,IT-Sicily,109.77,15
2025-12-29T23:00:00Z,IT-South,109.77,15
2025-12-29T23:00:00Z,LT,3.01,15
2025-12-29T23:00:00Z,LV,3.01,15
2025-12-29T23:00:00Z,NL,87.04,15
2025-12-29T23:00:00Z,NO1,73.34,15
2025-12-29T23:00:00Z,NO2,72.80,15
2025-12-29T23:00:00Z,NO3,44.76,15
2025-12-29T23:00:00Z,NO4,8.23,15
2025-12-29T23:00:00Z,NO5,69.69,15
2025-12-29T23:00:00Z,PL,85.99,15
2025-12-29T23:00:00Z,PT,107.74,15
2025-12-29T23:00:00Z,RO,103.95,15
2025-12-29T23:00:00Z,RS,95.00,15
2025-12-29T23:00:00Z,SE1,1.90,15
2025-12-29T23:00:00Z,SE2,2.40,15
2025-12-29T23:00:00Z,SE3,2.63,15
2025-12-29T23:00:00Z,SE4,3.01,15
2025-12-29T23:00:00Z,SI,88.51,15
2025-12-29T23:00:00Z,SK,85.59,15
2025-12-29T23:15:00Z,AT,92.41,15
2025-12-29T23:15:00Z,BE,81.56,15
2025-12-29T23:15:00Z,CZ,81.32,15
2025-12-29T23:15:00Z,DE-LU,81.50,15
2025-12-29T23:15:00Z,DK1,76.29,15
2025-12-29T23:15:00Z,DK2,51.44,15
2025-12-29T23:15:00Z,EE,2.80,15
2025-12-29T23:15:00Z,ES,92.56,15
2025-12-29T23:15:00Z,FR,81.61,15
2025-12-29T23:15:00Z,GR,93.01,15
2025-12-29T23:15:00Z,HR,83.33,15
2025-12-29T23:15:00Z,HU,81.56,15
2025-12-29T23:15:00Z,IT-CNorth,106.10,15
2025-12-29T23:15:00Z,IT-CSouth,106.10,15
2025-12-29T23:15:00Z,IT-North,106.10,15
2025-12-29T23:15:00Z,IT-Sardinia,106.10,15
2025-12-29T23:15:00Z,IT-Sicily,106.10,15
2025-12-29T23:15:00Z,IT-South,106.10,15
2025-12-29T23:15:00Z,LT,2.80,15
2025-12-29T23:15:00Z,LV,2.80,15
2025-12-29T23:15:00Z,NL,81.53,15
2025-12-29T23:15:00Z,NO1,74.42,15
2025-12-29T23:15:00Z,NO2,73.96,15
2025-12-29T23:15:00Z,NO3,44.10,15
2025-12-29T23:15:00Z,NO4,8.98,15
2025-12-29T23:15:00Z,NO5,69.65,15
2025-12-29T23:15:00Z,PL,80.81,15
2025-12-29T23:15:00Z,PT,105.44,15
2025-12-29T23:15:00Z,RO,93.01,15
2025-12-29T23:15:00Z,SE1,1.91,15
2025-12-29T23:15:00Z,SE2,2.20,15
2025-12-29T23:15:00Z,SE3,2.27,15
2025-12-29T23:15:00Z,SE4,2.70,15
2025-12-29T23:15:00Z,SI,82.52,15
2025-12-29T23:15:00Z,SK,80.54,15
2025-12-29T23:30:00Z,AT,86.30,15
2025-12-29T23:30:00Z,BE,73.69,15
2025-12-29T23:30:00Z,CZ,79.70,15
2025-12-29T23:30:00Z,DE-LU,73.24,15
2025-12-29T23:30:00Z,DK1,73.24,15
2025-12-29T23:30:00Z,DK2,57.64,15
2025-12-29T23:30:00Z,EE,2.60,15
2025-12-29T23:30:00Z,ES,90.01,15
2025-12-29T23:30:00Z,FR,74.04,15
2025-12-29T23:30:00Z,GR,91.99,15
2025-12-29T23:30:00Z,HR,79.34,15
2025-12-29T23:30:00Z,HU,77.08,15
2025-12-29T23:30:00Z,IT-CNorth,104.89,15
2025-12-29T23:30:00Z,IT-CSouth,104.89,15
2025-12-29T23:30:00Z,IT-North,104.89,15
2025-12-29T23:30:00Z,IT-Sardinia,104.89,15
2025-12-29T23:30:00Z,IT-Sicily,104.89,15
2025-12-29T23:30:00Z,IT-South,104.89,15
2025-12-29T23:30:00Z,LT,2.60,15
2025-12-29T23:30:00Z,LV,2.60,15
2025-12-29T23:30:00Z,NL,73.45,15
2025-12-29T23:30:00Z,NO1,70.90,15
2025-12-29T23:30:00Z,NO2,70.95,15
2025-12-29T23:30:00Z,NO3,43.34,15
2025-12-29T23:30:00Z,NO4,9.00,15
2025-12-29T23:30:00Z,NO5,69.54,15
2025-12-29T23:30:00Z,PL,61.21,15
2025-12-29T23:30:00Z,PT,103.78,15
2025-12-29T23:30:00Z,RO,91.99,15
2025-12-29T23:30:00Z,SE1,1.90,15
2025-12-29T23:30:00Z,SE3,2.15,15
2025-12-29T23:30:00Z,SE4,2.50,15
2025-12-29T23:30:00Z,SI,78.30,15
2025-12-29T23:30:00Z,SK,76.21,15
2025-12-29T23:45:00Z,AT,78.47,15
2025-12-29T23:45:00Z,BE,70.08,15
2025-12-29T23:45:00Z,CZ,74.66,15
2025-12-29T23:45:00Z,DE-LU,69.71,15
2025-12-29T23:45:00Z,DK1,69.71,15
2025-12-29T23:45:00Z,DK2,10.31,15
2025-12-29T23:45:00Z,EE,2.55,15
2025-12-29T23:45:00Z,ES,91.12,15
2025-12-29T23:45:00Z,FR,70.38,15
2025-12-29T23:45:00Z,GR,89.86,15
2025-12-29T23:45:00Z,HR,75.35,15
2025-12-29T23:45:00Z,HU,72.73,15
2025-12-29T23:45:00Z,IT-CNorth,99.64,15
2025-12-29T23:45:00Z,IT-CSouth,99.64,15
2025-12-29T23:45:00Z,IT-North,99.64,15
2025-12-29T23:45:00Z,IT-Sardinia,99.64,15
2025-12-29T23:45:00Z,IT-Sicily,99.64,15
2025-12-29T23:45:00Z,IT-South,99.64,15
2025-12-29T23:45:00Z,LT,2.55,15
2025-12-29T23:45:00Z,LV,2.55,15
2025-12-29T23:45:00Z,NL,69.89,15
2025-12-29T23:45:00Z,NO1,69.85,15
2025-12-29T23:45:00Z,NO2,69.68,15
2025-12-29T23:45:00Z,NO3,43.15,15
2025-12-29T23:45:00Z,NO4,4.74,15
2025-12-29T23:45:00Z,NO5,68.74,15
2025-12-29T23:45:00Z,PL,60.00,15
2025-12-29T23:45:00Z,PT,102.20,15
2025-12-29T23:45:00Z,RO,89.86,15
2025-12-29T23:45:00Z,SE1,1.96,15
2025-12-29T23:45:00Z,SE2,2.03,15
2025-12-29T23:45:00Z,SE3,2.21,15
2025-12-29T23:45:00Z,SE4,2.54,15
2025-12-29T23:45:00Z,SI,74.15,15
2025-12-29T23:45:00Z,SK,71.57,15
